{
"type": "FeatureCollection",
"name": "attack_aid",
"crs": { "type": "name", "properties": { "name": "urn:ogc:def:crs:OGC:1.3:CRS84" } },
"features": [
{ "type": "Feature", "properties": { "Incident ID": "31030-89208", "Date": "10/30/2023", "Display Date": "30-Oct-23", "Town/City": "Gaza City", "Location Name": "Red Crescent Warehouse", "Location Type": "Warehouse", "Lat": 31.51562846, "Lon": 34.44111876, "Display Latitude": 31.51563, "Display Longitude": 34.44112, "Category": "Aid", "Incident Type": "aid_infrastructure", "Incident Tags": "Attack on aid", "Verification": "CONFIRMED", "Media Link": "https://www.youtube.com/watch?v=zDYdVoKaVnw", "Source Merged": "https://x.com/ytirawi/status/1718996170750435789", "Display Sources": { "url": "https://x.com/ytirawi/status/1718996170750435789", "text": "ytirawi" }, "Display Visual Evidence": "https://www.youtube.com/watch?v=zDYdVoKaVnw" }, "geometry": { "type": "Point", "coordinates": [ 34.44112, 31.51563 ] } },
{ "type": "Feature", "properties": { "Incident ID": "40109-13342", "Date": "1/9/2024", "Display Date": "9-Jan-24", "Town/City": "Gaza City", "Location Name": null, "Location Type": null, "Lat": 31.50169, "Lon": 34.46684, "Display Latitude": 31.50169, "Display Longitude": 34.46684, "Category": "Aid", "Incident Type": "aid_personnel", "Incident Tags": "Attack on aid personnel", "Verification": "CONFIRMED", "Media Link": null, "Source Merged": "https://drive.google.com/file/d/1P7yQYp7KC2eG711baOY9Ijwa5nht7a4B/view", "Display Sources": { "url": "https://drive.google.com/file/d/1P7yQYp7KC2eG711baOY9Ijwa5nht7a4B/view", "text": "drive.google.com" }, "Display Visual Evidence": null }, "geometry": { "type": "Point", "coordinates": [ 34.46684, 31.50169 ] } },
{ "type": "Feature", "properties": { "Incident ID": "40111-66760", "Date": "1/11/2024", "Display Date": "11-Jan-24", "Town/City": "Gaza City", "Location Name": "Al-Rashid Street", "Location Type": "Road", "Lat": 31.5056277, "Lon": 34.4176981, "Display Latitude": 31.50563, "Display Longitude": 34.4177, "Category": "Aid", "Incident Type": "civilians_seeking_aid", "Incident Tags": "Attack on civilians seeking aid", "Verification": "CONFIRMED", "Media Link": null, "Source Merged": "https://www.lemkininstitute.com/single-post/booby-traps-and-ambushes-how-israel-s-sadistic-hunger-games-target-starving-gazans; https://www.middleeasteye.net/news/after-100-days-war-palestinians-northern-gaza-aid-means-massacre; https://drive.google.com/file/d/1P7yQYp7KC2eG711baOY9Ijwa5nht7a4B/view", "Display Sources": { "url": "https://www.lemkininstitute.com/single-post/booby-traps-and-ambushes-how-israel-s-sadistic-hunger-games-target-starving-gazans; https://www.middleeasteye.net/news/after-100-days-war-palestinians-northern-gaza-aid-means-massacre; https://drive.google.com/file/d/1P7yQYp7KC2eG711baOY9Ijwa5nht7a4B/view", "text": "lemkininstitute.com" }, "Display Visual Evidence": null }, "geometry": { "type": "Point", "coordinates": [ 34.4177, 31.50563 ] } },
{ "type": "Feature", "properties": { "Incident ID": "40114-57983", "Date": "1/14/2024", "Display Date": "14-Jan-24", "Town/City": "Gaza City", "Location Name": null, "Location Type": null, "Lat": 31.5056277, "Lon": 34.4176981, "Display Latitude": 31.50563, "Display Longitude": 34.4177, "Category": "Aid", "Incident Type": "civilians_seeking_aid", "Incident Tags": "Attack on civilians seeking aid | Attack on evacuation route", "Verification": "CONFIRMED", "Media Link": "https://www.instagram.com/p/C2FprV3t3nO/?hl=en", "Source Merged": null, "Display Sources": null, "Display Visual Evidence": "https://www.instagram.com/p/C2FprV3t3nO/?hl=en" }, "geometry": { "type": "Point", "coordinates": [ 34.4177, 31.50563 ] } },
{ "type": "Feature", "properties": { "Incident ID": "40122-47313", "Date": "1/22/2024", "Display Date": "22-Jan-24", "Town/City": "Gaza City", "Location Name": null, "Location Type": "Road", "Lat": 31.47977, "Lon": 34.44226, "Display Latitude": 31.47977, "Display Longitude": 34.44226, "Category": "Aid", "Incident Type": "civilians_seeking_aid", "Incident Tags": "Attack on civilians seeking aid", "Verification": "CONFIRMED", "Media Link": null, "Source Merged": "https://drive.google.com/file/d/1P7yQYp7KC2eG711baOY9Ijwa5nht7a4B/view", "Display Sources": { "url": "https://drive.google.com/file/d/1P7yQYp7KC2eG711baOY9Ijwa5nht7a4B/view", "text": "drive.google.com" }, "Display Visual Evidence": null }, "geometry": { "type": "Point", "coordinates": [ 34.44226, 31.47977 ] } },
{ "type": "Feature", "properties": { "Incident ID": "40123-98588", "Date": "1/23/2024", "Display Date": "23-Jan-24", "Town/City": "Gaza City", "Location Name": "Kuwait Roundabout", "Location Type": "Road", "Lat": 31.484028, "Lon": 34.446167, "Display Latitude": 31.48403, "Display Longitude": 34.44617, "Category": "Aid", "Incident Type": "civilians_seeking_aid", "Incident Tags": "Attack on civilians seeking aid", "Verification": "CONFIRMED", "Media Link": "https://www.instagram.com/p/C2b1jMttNeS/", "Source Merged": null, "Display Sources": null, "Display Visual Evidence": "https://www.instagram.com/p/C2b1jMttNeS/" }, "geometry": { "type": "Point", "coordinates": [ 34.44617, 31.48403 ] } },
{ "type": "Feature", "properties": { "Incident ID": "40124-62670", "Date": "1/24/2024", "Display Date": "24-Jan-24", "Town/City": "Gaza City", "Location Name": "Kuwait Roundabout", "Location Type": "Road", "Lat": 31.4799912, "Lon": 34.4425298, "Display Latitude": 31.47999, "Display Longitude": 34.44253, "Category": "Aid", "Incident Type": "civilians_seeking_aid", "Incident Tags": "Attack on civilians seeking aid", "Verification": "CONFIRMED", "Media Link": "https://www.instagram.com/p/C2fTQdZt_xv/?hl=en-gb", "Source Merged": null, "Display Sources": null, "Display Visual Evidence": "https://www.instagram.com/p/C2fTQdZt_xv/?hl=en-gb" }, "geometry": { "type": "Point", "coordinates": [ 34.44253, 31.47999 ] } },
{ "type": "Feature", "properties": { "Incident ID": "40125-53785", "Date": "1/25/2024", "Display Date": "25-Jan-24", "Town/City": "Gaza City", "Location Name": "Kuwait Roundabout", "Location Type": "Road", "Lat": 31.484028, "Lon": 34.446167, "Display Latitude": 31.48403, "Display Longitude": 34.44617, "Category": "Aid", "Incident Type": "civilians_seeking_aid", "Incident Tags": "Attack on civilians seeking aid | Attack on evacuation route", "Verification": "CONFIRMED", "Media Link": "https://www.instagram.com/p/C2h1NLFtDws/", "Source Merged": "https://drive.google.com/file/d/1P7yQYp7KC2eG711baOY9Ijwa5nht7a4B/view", "Display Sources": { "url": "https://drive.google.com/file/d/1P7yQYp7KC2eG711baOY9Ijwa5nht7a4B/view", "text": "drive.google.com" }, "Display Visual Evidence": "https://www.instagram.com/p/C2h1NLFtDws/" }, "geometry": { "type": "Point", "coordinates": [ 34.44617, 31.48403 ] } },
{ "type": "Feature", "properties": { "Incident ID": "40130-30542", "Date": "1/30/2024", "Display Date": "30-Jan-24", "Town/City": "Gaza City", "Location Name": "Kuwait Roundabout", "Location Type": "Road", "Lat": 31.47977, "Lon": 34.44226, "Display Latitude": 31.47977, "Display Longitude": 34.44226, "Category": "Aid", "Incident Type": "civilians_seeking_aid", "Incident Tags": "Attack on civilians seeking aid | Attack on evacuation route", "Verification": "CONFIRMED", "Media Link": null, "Source Merged": "https://drive.google.com/file/d/1P7yQYp7KC2eG711baOY9Ijwa5nht7a4B/view", "Display Sources": { "url": "https://drive.google.com/file/d/1P7yQYp7KC2eG711baOY9Ijwa5nht7a4B/view", "text": "drive.google.com" }, "Display Visual Evidence": null }, "geometry": { "type": "Point", "coordinates": [ 34.44226, 31.47977 ] } },
{ "type": "Feature", "properties": { "Incident ID": "40204-44732", "Date": "2/4/2024", "Display Date": "4-Feb-24", "Town/City": "Gaza City", "Location Name": "Kuwait Roundabout", "Location Type": "Road", "Lat": 31.484028, "Lon": 34.446167, "Display Latitude": 31.48403, "Display Longitude": 34.44617, "Category": "Aid", "Incident Type": "civilians_seeking_aid", "Incident Tags": "Attack on civilians seeking aid | Attack on evacuation route", "Verification": "CONFIRMED", "Media Link": "https://www.instagram.com/p/C27XyCet8TQ/?hl=en-gb", "Source Merged": "https://drive.google.com/file/d/1P7yQYp7KC2eG711baOY9Ijwa5nht7a4B/view", "Display Sources": { "url": "https://drive.google.com/file/d/1P7yQYp7KC2eG711baOY9Ijwa5nht7a4B/view", "text": "drive.google.com" }, "Display Visual Evidence": "https://www.instagram.com/p/C27XyCet8TQ/?hl=en-gb" }, "geometry": { "type": "Point", "coordinates": [ 34.44617, 31.48403 ] } },
{ "type": "Feature", "properties": { "Incident ID": "40205-78151", "Date": "2/5/2024", "Display Date": "5-Feb-24", "Town/City": "Al-Zahra", "Location Name": null, "Location Type": "Vehicle", "Lat": 31.4828909, "Lon": 34.3952076, "Display Latitude": 31.48289, "Display Longitude": 34.39521, "Category": "Aid", "Incident Type": "aid_convoy", "Incident Tags": "Attack on aid", "Verification": "CONFIRMED", "Media Link": null, "Source Merged": "https://drive.google.com/file/d/1P7yQYp7KC2eG711baOY9Ijwa5nht7a4B/view ; https://edition.cnn.com/2024/02/21/middleeast/un-food-convoy-gaza-israel-strike-cmd-intl/index.html", "Display Sources": { "url": "https://drive.google.com/file/d/1P7yQYp7KC2eG711baOY9Ijwa5nht7a4B/view ; https://edition.cnn.com/2024/02/21/middleeast/un-food-convoy-gaza-israel-strike-cmd-intl/index.html", "text": "drive.google.com" }, "Display Visual Evidence": null }, "geometry": { "type": "Point", "coordinates": [ 34.39521, 31.48289 ] } },
{ "type": "Feature", "properties": { "Incident ID": "40205-93035", "Date": "2/5/2024", "Display Date": "5-Feb-24", "Town/City": "Al-Zahra", "Location Name": null, "Location Type": null, "Lat": 31.48281778, "Lon": 34.3951527, "Display Latitude": 31.48282, "Display Longitude": 34.39515, "Category": "Aid", "Incident Type": "aid_convoy", "Incident Tags": "Attack on aid | Attack on evacuation route | Attack on evacuation area | Attack on UNRWA aid distribution", "Verification": "CONFIRMED", "Media Link": null, "Source Merged": "https://palestine.un.org/en/259747-food-convoy-waiting-move-northern-gaza-was-hit-israeli-naval-gunfire, https://edition.cnn.com/2024/02/21/middleeast/un-food-convoy-gaza-israel-strike-cmd-intl/index.html", "Display Sources": { "url": "https://palestine.un.org/en/259747-food-convoy-waiting-move-northern-gaza-was-hit-israeli-naval-gunfire", "text": "palestine.un.org" }, "Display Visual Evidence": null }, "geometry": { "type": "Point", "coordinates": [ 34.39515, 31.48282 ] } },
{ "type": "Feature", "properties": { "Incident ID": "40206-84308", "Date": "2/6/2024", "Display Date": "6-Feb-24", "Town/City": "Rafah", "Location Name": null, "Location Type": null, "Lat": 31.28554, "Lon": 34.27128, "Display Latitude": 31.28554, "Display Longitude": 34.27128, "Category": "Aid", "Incident Type": "aid_personnel", "Incident Tags": "Attack on aid personnel | Attack on destination area | Attack on UNRWA aid distribution", "Verification": "CONFIRMED", "Media Link": "https://twitter.com/AJEnglish/status/1764480895916941450", "Source Merged": "https://drive.google.com/file/d/1P7yQYp7KC2eG711baOY9Ijwa5nht7a4B/view", "Display Sources": { "url": "https://drive.google.com/file/d/1P7yQYp7KC2eG711baOY9Ijwa5nht7a4B/view", "text": "drive.google.com" }, "Display Visual Evidence": "https://twitter.com/AJEnglish/status/1764480895916941450" }, "geometry": { "type": "Point", "coordinates": [ 34.27128, 31.28554 ] } },
{ "type": "Feature", "properties": { "Incident ID": "40207-63171", "Date": "2/7/2024", "Display Date": "7-Feb-24", "Town/City": "Gaza City", "Location Name": "Kuwait Roundabout", "Location Type": "Road", "Lat": 31.47977, "Lon": 34.44226, "Display Latitude": 31.47977, "Display Longitude": 34.44226, "Category": "Aid", "Incident Type": "civilians_seeking_aid", "Incident Tags": "Attack on civilians seeking aid", "Verification": "CONFIRMED", "Media Link": null, "Source Merged": "https://drive.google.com/file/d/1P7yQYp7KC2eG711baOY9Ijwa5nht7a4B/view", "Display Sources": { "url": "https://drive.google.com/file/d/1P7yQYp7KC2eG711baOY9Ijwa5nht7a4B/view", "text": "drive.google.com" }, "Display Visual Evidence": null }, "geometry": { "type": "Point", "coordinates": [ 34.44226, 31.47977 ] } },
{ "type": "Feature", "properties": { "Incident ID": "40207-99731", "Date": "2/7/2024", "Display Date": "7-Feb-24", "Town/City": "Gaza City", "Location Name": "Al-Thalathini Street", "Location Type": null, "Lat": 31.50466465, "Lon": 34.45065534, "Display Latitude": 31.50466, "Display Longitude": 34.45066, "Category": "Aid", "Incident Type": "civilians_seeking_aid", "Incident Tags": "Attack on aid", "Verification": "CONFIRMED", "Media Link": "https://x.com/OnlinePalEng/status/1755275372118028428", "Source Merged": "https://www.ochaopt.org/content/hostilities-gaza-strip-and-israel-flash-update-114?_gl=1*taiqad*_ga*ODU5NTQzNzU2LjE3MjExMjcyMTI.*_ga_E60ZNX2F68*MTcyODU3MjA5OS4xNC4wLjE3Mjg1NzIwOTkuNjAuMC4w", "Display Sources": { "url": "https://www.ochaopt.org/content/hostilities-gaza-strip-and-israel-flash-update-114?_gl=1*taiqad*_ga*ODU5NTQzNzU2LjE3MjExMjcyMTI.*_ga_E60ZNX2F68*MTcyODU3MjA5OS4xNC4wLjE3Mjg1NzIwOTkuNjAuMC4w", "text": "ochaopt.org" }, "Display Visual Evidence": "https://x.com/OnlinePalEng/status/1755275372118028428" }, "geometry": { "type": "Point", "coordinates": [ 34.45066, 31.50466 ] } },
{ "type": "Feature", "properties": { "Incident ID": "40210-41672", "Date": "2/7/2024", "Display Date": "7-Feb-24", "Town/City": "Rafah", "Location Name": null, "Location Type": null, "Lat": 31.30922065, "Lon": 34.24144254, "Display Latitude": 31.30922, "Display Longitude": 34.24144, "Category": "Aid", "Incident Type": "aid_personnel", "Incident Tags": "Attack on aid personnel", "Verification": "CONFIRMED", "Media Link": "https://twitter.com/AJEnglish/status/1764480895916941450", "Source Merged": "https://x.com/qudsn/status/1755256524899778824", "Display Sources": { "url": "https://x.com/qudsn/status/1755256524899778824", "text": "qudsn" }, "Display Visual Evidence": "https://twitter.com/AJEnglish/status/1764480895916941450" }, "geometry": { "type": "Point", "coordinates": [ 34.24144, 31.30922 ] } },
{ "type": "Feature", "properties": { "Incident ID": "40218-48954", "Date": "2/18/2024", "Display Date": "18-Feb-24", "Town/City": "Gaza City", "Location Name": "Nabulsi Roundabout", "Location Type": null, "Lat": 31.5056277, "Lon": 34.4176981, "Display Latitude": 31.50563, "Display Longitude": 34.4177, "Category": "Aid", "Incident Type": "civilians_seeking_aid", "Incident Tags": "Attack on civilians seeking aid", "Verification": "CONFIRMED", "Media Link": "https://twitter.com/muhammadshehad2/status/1763657116273762341", "Source Merged": null, "Display Sources": null, "Display Visual Evidence": "https://twitter.com/muhammadshehad2/status/1763657116273762341" }, "geometry": { "type": "Point", "coordinates": [ 34.4177, 31.50563 ] } },
{ "type": "Feature", "properties": { "Incident ID": "40219-48842", "Date": "2/19/2024", "Display Date": "19-Feb-24", "Town/City": "Gaza City", "Location Name": "Nabulsi Roundabout", "Location Type": null, "Lat": 31.5056277, "Lon": 34.4176981, "Display Latitude": 31.50563, "Display Longitude": 34.4177, "Category": "Aid", "Incident Type": "civilians_seeking_aid", "Incident Tags": "Attack on civilians seeking aid", "Verification": "CONFIRMED", "Media Link": "https://twitter.com/muhammadshehad2/status/1763656663456792797", "Source Merged": "https://drive.google.com/file/d/1P7yQYp7KC2eG711baOY9Ijwa5nht7a4B/view", "Display Sources": { "url": "https://drive.google.com/file/d/1P7yQYp7KC2eG711baOY9Ijwa5nht7a4B/view", "text": "drive.google.com" }, "Display Visual Evidence": "https://twitter.com/muhammadshehad2/status/1763656663456792797" }, "geometry": { "type": "Point", "coordinates": [ 34.4177, 31.50563 ] } },
{ "type": "Feature", "properties": { "Incident ID": "40220-95193", "Date": "2/20/2024", "Display Date": "20-Feb-24", "Town/City": "Rafah", "Location Name": null, "Location Type": "Vehicle", "Lat": 31.30231, "Lon": 34.24411, "Display Latitude": 31.30231, "Display Longitude": 34.24411, "Category": "Aid", "Incident Type": "aid_personnel", "Incident Tags": "Attack on aid personnel", "Verification": "CONFIRMED", "Media Link": null, "Source Merged": "https://drive.google.com/file/d/1P7yQYp7KC2eG711baOY9Ijwa5nht7a4B/view", "Display Sources": { "url": "https://drive.google.com/file/d/1P7yQYp7KC2eG711baOY9Ijwa5nht7a4B/view", "text": "drive.google.com" }, "Display Visual Evidence": null }, "geometry": { "type": "Point", "coordinates": [ 34.24411, 31.30231 ] } },
{ "type": "Feature", "properties": { "Incident ID": "40222-00760", "Date": "2/22/2024", "Display Date": "22-Feb-24", "Town/City": "Gaza City", "Location Name": null, "Location Type": null, "Lat": 31.5056277, "Lon": 34.4176981, "Display Latitude": 31.50563, "Display Longitude": 34.4177, "Category": "Aid", "Incident Type": "civilians_seeking_aid", "Incident Tags": "Attack on civilians seeking aid", "Verification": "CONFIRMED", "Media Link": "https://twitter.com/muhammadshehad2/status/1763654543248674997", "Source Merged": null, "Display Sources": null, "Display Visual Evidence": "https://twitter.com/muhammadshehad2/status/1763654543248674997" }, "geometry": { "type": "Point", "coordinates": [ 34.4177, 31.50563 ] } },
{ "type": "Feature", "properties": { "Incident ID": "40223-87043", "Date": "2/23/2024", "Display Date": "23-Feb-24", "Town/City": "Gaza City", "Location Name": null, "Location Type": null, "Lat": 31.5056277, "Lon": 34.4176981, "Display Latitude": 31.50563, "Display Longitude": 34.4177, "Category": "Aid", "Incident Type": "civilians_seeking_aid", "Incident Tags": "Attack on civilians seeking aid", "Verification": "CONFIRMED", "Media Link": "https://x.com/muhammadshehad2/status/1763653724990316729", "Source Merged": null, "Display Sources": null, "Display Visual Evidence": "https://x.com/muhammadshehad2/status/1763653724990316729" }, "geometry": { "type": "Point", "coordinates": [ 34.4177, 31.50563 ] } },
{ "type": "Feature", "properties": { "Incident ID": "40224-51918", "Date": "2/24/2024", "Display Date": "24-Feb-24", "Town/City": "Gaza City", "Location Name": null, "Location Type": null, "Lat": 31.5056277, "Lon": 34.4176981, "Display Latitude": 31.50563, "Display Longitude": 34.4177, "Category": "Aid", "Incident Type": "civilians_seeking_aid", "Incident Tags": "Attack on civilians seeking aid", "Verification": "CONFIRMED", "Media Link": "https://twitter.com/muhammadshehad2/status/1763653334014038076", "Source Merged": null, "Display Sources": null, "Display Visual Evidence": "https://twitter.com/muhammadshehad2/status/1763653334014038076" }, "geometry": { "type": "Point", "coordinates": [ 34.4177, 31.50563 ] } },
{ "type": "Feature", "properties": { "Incident ID": "40225-48045", "Date": "2/25/2024", "Display Date": "25-Feb-24", "Town/City": "Gaza City", "Location Name": "Al-Rashid Street", "Location Type": null, "Lat": 31.5056277, "Lon": 34.4176981, "Display Latitude": 31.50563, "Display Longitude": 34.4177, "Category": "Aid", "Incident Type": "civilians_seeking_aid", "Incident Tags": "Attack on civilians seeking aid", "Verification": "CONFIRMED", "Media Link": "https://twitter.com/muhammadshehad2/status/1763652792772694503", "Source Merged": "https://www.instagram.com/reel/C3yGwHVr09D/?hl=en ; https://drive.google.com/file/d/1P7yQYp7KC2eG711baOY9Ijwa5nht7a4B/view", "Display Sources": { "url": "https://www.instagram.com/reel/C3yGwHVr09D/?hl=en ; https://drive.google.com/file/d/1P7yQYp7KC2eG711baOY9Ijwa5nht7a4B/view", "text": "instagram.com" }, "Display Visual Evidence": "https://twitter.com/muhammadshehad2/status/1763652792772694503" }, "geometry": { "type": "Point", "coordinates": [ 34.4177, 31.50563 ] } },
{ "type": "Feature", "properties": { "Incident ID": "40226-52155", "Date": "2/26/2024", "Display Date": "26-Feb-24", "Town/City": "Gaza City", "Location Name": "Nabulsi Roundabout", "Location Type": null, "Lat": 31.50553505, "Lon": 34.41758193, "Display Latitude": 31.50554, "Display Longitude": 34.41758, "Category": "Aid", "Incident Type": "civilians_seeking_aid", "Incident Tags": "Attack on civilians seeking aid | Attack on evacuation route", "Verification": "CONFIRMED", "Media Link": "https://twitter.com/RamAbdu/status/1762093459035537612", "Source Merged": null, "Display Sources": null, "Display Visual Evidence": "https://twitter.com/RamAbdu/status/1762093459035537612" }, "geometry": { "type": "Point", "coordinates": [ 34.41758, 31.50554 ] } },
{ "type": "Feature", "properties": { "Incident ID": "40227-85262", "Date": "2/27/2024", "Display Date": "27-Feb-24", "Town/City": "Gaza City", "Location Name": "Nabulsi Roundabout", "Location Type": null, "Lat": 31.509056, "Lon": 34.420694, "Display Latitude": 31.50906, "Display Longitude": 34.42069, "Category": "Aid", "Incident Type": "civilians_seeking_aid", "Incident Tags": "Attack on civilians seeking aid | Attack on evacuation route", "Verification": "CONFIRMED", "Media Link": "https://twitter.com/RamAbdu/status/1762469599155486744", "Source Merged": null, "Display Sources": null, "Display Visual Evidence": "https://twitter.com/RamAbdu/status/1762469599155486744" }, "geometry": { "type": "Point", "coordinates": [ 34.42069, 31.50906 ] } },
{ "type": "Feature", "properties": { "Incident ID": "40228-34395", "Date": "2/28/2024", "Display Date": "28-Feb-24", "Town/City": "Gaza City", "Location Name": "Nabulsi Roundabout", "Location Type": null, "Lat": 31.5056277, "Lon": 34.4176981, "Display Latitude": 31.50563, "Display Longitude": 34.4177, "Category": "Aid", "Incident Type": "civilians_seeking_aid", "Incident Tags": "Attack on civilians seeking aid | Attack on evacuation route", "Verification": "CONFIRMED", "Media Link": "https://twitter.com/muhammadshehad2/status/1763651267237216587", "Source Merged": null, "Display Sources": null, "Display Visual Evidence": "https://twitter.com/muhammadshehad2/status/1763651267237216587" }, "geometry": { "type": "Point", "coordinates": [ 34.4177, 31.50563 ] } },
{ "type": "Feature", "properties": { "Incident ID": "40229-37742", "Date": "2/29/2024", "Display Date": "29-Feb-24", "Town/City": "Gaza City", "Location Name": "Nabulsi Roundabout", "Location Type": null, "Lat": 31.504222, "Lon": 34.415417, "Display Latitude": 31.50422, "Display Longitude": 34.41542, "Category": "Aid", "Incident Type": "civilians_seeking_aid", "Incident Tags": "Attack on civilians seeking aid", "Verification": "CONFIRMED", "Media Link": "https://twitter.com/JalalAK_jojo/status/1763195107904229557", "Source Merged": "https://drive.google.com/file/d/1P7yQYp7KC2eG711baOY9Ijwa5nht7a4B/view", "Display Sources": { "url": "https://drive.google.com/file/d/1P7yQYp7KC2eG711baOY9Ijwa5nht7a4B/view", "text": "drive.google.com" }, "Display Visual Evidence": "https://twitter.com/JalalAK_jojo/status/1763195107904229557" }, "geometry": { "type": "Point", "coordinates": [ 34.41542, 31.50422 ] } },
{ "type": "Feature", "properties": { "Incident ID": "40229-41520", "Date": "2/29/2024", "Display Date": "29-Feb-24", "Town/City": "Gaza City", "Location Name": null, "Location Type": null, "Lat": 31.5056277, "Lon": 34.4176981, "Display Latitude": 31.50563, "Display Longitude": 34.4177, "Category": "Aid", "Incident Type": "civilians_seeking_aid", "Incident Tags": "Attack on civilians seeking aid", "Verification": "CONFIRMED", "Media Link": "https://twitter.com/muhammadshehad2/status/1763241385778413591", "Source Merged": null, "Display Sources": null, "Display Visual Evidence": "https://twitter.com/muhammadshehad2/status/1763241385778413591" }, "geometry": { "type": "Point", "coordinates": [ 34.4177, 31.50563 ] } },
{ "type": "Feature", "properties": { "Incident ID": "40301-77405", "Date": "3/1/2024", "Display Date": "1-Mar-24", "Town/City": "Gaza City", "Location Name": null, "Location Type": null, "Lat": 31.5056277, "Lon": 34.4176981, "Display Latitude": 31.50563, "Display Longitude": 34.4177, "Category": "Aid", "Incident Type": "civilians_seeking_aid", "Incident Tags": "Attack on civilians seeking aid", "Verification": "MOST LIKELY", "Media Link": "https://www.instagram.com/p/C3-poleMqug/", "Source Merged": null, "Display Sources": null, "Display Visual Evidence": "https://www.instagram.com/p/C3-poleMqug/" }, "geometry": { "type": "Point", "coordinates": [ 34.4177, 31.50563 ] } },
{ "type": "Feature", "properties": { "Incident ID": "40302-66440", "Date": "3/2/2024", "Display Date": "2-Mar-24", "Town/City": "Gaza City", "Location Name": "Nabulsi Roundabout", "Location Type": null, "Lat": 31.506, "Lon": 34.417139, "Display Latitude": 31.506, "Display Longitude": 34.41714, "Category": "Aid", "Incident Type": "civilians_seeking_aid", "Incident Tags": "Attack on civilians seeking aid | Attack on evacuation route", "Verification": "CONFIRMED", "Media Link": "https://twitter.com/RamAbdu/status/1763871459892473895", "Source Merged": "https://drive.google.com/file/d/1P7yQYp7KC2eG711baOY9Ijwa5nht7a4B/view", "Display Sources": { "url": "https://drive.google.com/file/d/1P7yQYp7KC2eG711baOY9Ijwa5nht7a4B/view", "text": "drive.google.com" }, "Display Visual Evidence": "https://twitter.com/RamAbdu/status/1763871459892473895" }, "geometry": { "type": "Point", "coordinates": [ 34.41714, 31.506 ] } },
{ "type": "Feature", "properties": { "Incident ID": "40303-83872", "Date": "3/3/2024", "Display Date": "3-Mar-24", "Town/City": "Deir al-Balah", "Location Name": null, "Location Type": null, "Lat": 31.41713, "Lon": 34.35093, "Display Latitude": 31.41713, "Display Longitude": 34.35093, "Category": "Aid", "Incident Type": "aid_convoy", "Incident Tags": "Attack on aid | Attack on destination area | Attack on 'humanitarian zone'", "Verification": "CONFIRMED", "Media Link": null, "Source Merged": "https://drive.google.com/file/d/1P7yQYp7KC2eG711baOY9Ijwa5nht7a4B/view", "Display Sources": { "url": "https://drive.google.com/file/d/1P7yQYp7KC2eG711baOY9Ijwa5nht7a4B/view", "text": "drive.google.com" }, "Display Visual Evidence": null }, "geometry": { "type": "Point", "coordinates": [ 34.35093, 31.41713 ] } },
{ "type": "Feature", "properties": { "Incident ID": "40303-44729", "Date": "3/3/2024", "Display Date": "3-Mar-24", "Town/City": "Gaza City", "Location Name": null, "Location Type": null, "Lat": 31.47977, "Lon": 34.44226, "Display Latitude": 31.47977, "Display Longitude": 34.44226, "Category": "Aid", "Incident Type": "civilians_seeking_aid", "Incident Tags": "Attack on civilians seeking aid", "Verification": "CONFIRMED", "Media Link": "https://twitter.com/AJEnglish/status/1765006853040148745", "Source Merged": "https://www.unocha.org/publications/report/occupied-palestinian-territory/hostilities-gaza-strip-and-israel-flash-update-131-enarhe", "Display Sources": { "url": "https://www.unocha.org/publications/report/occupied-palestinian-territory/hostilities-gaza-strip-and-israel-flash-update-131-enarhe", "text": "unocha.org" }, "Display Visual Evidence": "https://twitter.com/AJEnglish/status/1765006853040148745" }, "geometry": { "type": "Point", "coordinates": [ 34.44226, 31.47977 ] } },
{ "type": "Feature", "properties": { "Incident ID": "40304-47580", "Date": "3/4/2024", "Display Date": "4-Mar-24", "Town/City": "Gaza City", "Location Name": null, "Location Type": null, "Lat": 31.5056277, "Lon": 34.4176981, "Display Latitude": 31.50563, "Display Longitude": 34.4177, "Category": "Aid", "Incident Type": null, "Incident Tags": "Attack on civilians seeking aid | Attack on aid personnel", "Verification": "CONFIRMED", "Media Link": "https://twitter.com/RamAbdu/status/1764767989457383827", "Source Merged": "https://twitter.com/WarWatchs/status/1764787573786808643?s=20", "Display Sources": { "url": "https://twitter.com/WarWatchs/status/1764787573786808643?s=20", "text": "WarWatchs" }, "Display Visual Evidence": "https://twitter.com/RamAbdu/status/1764767989457383827" }, "geometry": { "type": "Point", "coordinates": [ 34.4177, 31.50563 ] } },
{ "type": "Feature", "properties": { "Incident ID": "40305-20471", "Date": "3/5/2024", "Display Date": "5-Mar-24", "Town/City": "Gaza City", "Location Name": null, "Location Type": null, "Lat": 31.5056277, "Lon": 34.4176981, "Display Latitude": 31.50563, "Display Longitude": 34.4177, "Category": "Aid", "Incident Type": "civilians_seeking_aid", "Incident Tags": "Attack on civilians seeking aid", "Verification": "CONFIRMED", "Media Link": "https://twitter.com/AJEnglish/status/1765006853040148745", "Source Merged": null, "Display Sources": null, "Display Visual Evidence": "https://twitter.com/AJEnglish/status/1765006853040148745" }, "geometry": { "type": "Point", "coordinates": [ 34.4177, 31.50563 ] } },
{ "type": "Feature", "properties": { "Incident ID": "40306-90593", "Date": "3/6/2024", "Display Date": "6-Mar-24", "Town/City": "Gaza City", "Location Name": "Nabulsi Roundabout", "Location Type": null, "Lat": 31.5056277, "Lon": 34.4176981, "Display Latitude": 31.50563, "Display Longitude": 34.4177, "Category": "Aid", "Incident Type": "civilians_seeking_aid", "Incident Tags": "Attack on civilians seeking aid", "Verification": "CONFIRMED", "Media Link": null, "Source Merged": "https://twitter.com/AJENews/status/1765418556869464414?s=20", "Display Sources": { "url": "https://twitter.com/AJENews/status/1765418556869464414?s=20", "text": "AJENews" }, "Display Visual Evidence": null }, "geometry": { "type": "Point", "coordinates": [ 34.4177, 31.50563 ] } },
{ "type": "Feature", "properties": { "Incident ID": "40307-40148", "Date": "3/7/2024", "Display Date": "7-Mar-24", "Town/City": "Gaza City", "Location Name": "Kuwait Roundabout", "Location Type": null, "Lat": 31.5056277, "Lon": 34.4176981, "Display Latitude": 31.50563, "Display Longitude": 34.4177, "Category": "Aid", "Incident Type": "civilians_seeking_aid", "Incident Tags": "Attack on civilians seeking aid", "Verification": "CONFIRMED", "Media Link": null, "Source Merged": "https://x.com/AJABreaking/status/1765820616622415923; https://twitter.com/QudsNen/status/1765821235051597824; https://english.wafa.ps/Pages/Details/142302", "Display Sources": { "url": "https://x.com/AJABreaking/status/1765820616622415923; https://twitter.com/QudsNen/status/1765821235051597824; https://english.wafa.ps/Pages/Details/142302", "text": "AJABreaking" }, "Display Visual Evidence": null }, "geometry": { "type": "Point", "coordinates": [ 34.4177, 31.50563 ] } },
{ "type": "Feature", "properties": { "Incident ID": "40309-94257", "Date": "3/9/2024", "Display Date": "9-Mar-24", "Town/City": "Gaza City", "Location Name": null, "Location Type": null, "Lat": 31.5056277, "Lon": 34.4176981, "Display Latitude": 31.50563, "Display Longitude": 34.4177, "Category": "Aid", "Incident Type": "civilians_seeking_aid", "Incident Tags": "Attack on civilians seeking aid", "Verification": "CONFIRMED", "Media Link": null, "Source Merged": "https://drive.google.com/file/d/1P7yQYp7KC2eG711baOY9Ijwa5nht7a4B/view", "Display Sources": { "url": "https://drive.google.com/file/d/1P7yQYp7KC2eG711baOY9Ijwa5nht7a4B/view", "text": "drive.google.com" }, "Display Visual Evidence": null }, "geometry": { "type": "Point", "coordinates": [ 34.4177, 31.50563 ] } },
{ "type": "Feature", "properties": { "Incident ID": "40309-45555", "Date": "3/9/2024", "Display Date": "9-Mar-24", "Town/City": "Gaza City", "Location Name": null, "Location Type": null, "Lat": 31.47977, "Lon": 34.44226, "Display Latitude": 31.47977, "Display Longitude": 34.44226, "Category": "Aid", "Incident Type": "civilians_seeking_aid", "Incident Tags": "Attack on civilians seeking aid", "Verification": "CONFIRMED", "Media Link": null, "Source Merged": "https://drive.google.com/file/d/1P7yQYp7KC2eG711baOY9Ijwa5nht7a4B/view", "Display Sources": { "url": "https://drive.google.com/file/d/1P7yQYp7KC2eG711baOY9Ijwa5nht7a4B/view", "text": "drive.google.com" }, "Display Visual Evidence": null }, "geometry": { "type": "Point", "coordinates": [ 34.44226, 31.47977 ] } },
{ "type": "Feature", "properties": { "Incident ID": "40311-84194", "Date": "3/11/2024", "Display Date": "11-Mar-24", "Town/City": "Gaza City", "Location Name": "Kuwait Roundabout", "Location Type": null, "Lat": 31.47977, "Lon": 34.44226, "Display Latitude": 31.47977, "Display Longitude": 34.44226, "Category": "Aid", "Incident Type": "civilians_seeking_aid", "Incident Tags": "Attack on civilians seeking aid", "Verification": "CONFIRMED", "Media Link": null, "Source Merged": "https://drive.google.com/file/d/1P7yQYp7KC2eG711baOY9Ijwa5nht7a4B/view", "Display Sources": { "url": "https://drive.google.com/file/d/1P7yQYp7KC2eG711baOY9Ijwa5nht7a4B/view", "text": "drive.google.com" }, "Display Visual Evidence": null }, "geometry": { "type": "Point", "coordinates": [ 34.44226, 31.47977 ] } },
{ "type": "Feature", "properties": { "Incident ID": "40312-01190", "Date": "3/12/2024", "Display Date": "12-Mar-24", "Town/City": "Gaza City", "Location Name": "Kuwait Roundabout", "Location Type": null, "Lat": 31.4798, "Lon": 34.4423, "Display Latitude": 31.4798, "Display Longitude": 34.4423, "Category": "Aid", "Incident Type": "civilians_seeking_aid", "Incident Tags": "Attack on civilians seeking aid | Attack on evacuation route", "Verification": "MOST LIKELY", "Media Link": "https://twitter.com/RamAbdu/status/1767387733545148494", "Source Merged": null, "Display Sources": null, "Display Visual Evidence": "https://twitter.com/RamAbdu/status/1767387733545148494" }, "geometry": { "type": "Point", "coordinates": [ 34.4423, 31.4798 ] } },
{ "type": "Feature", "properties": { "Incident ID": "40313-42803", "Date": "3/13/2024", "Display Date": "13-Mar-24", "Town/City": "Rafah", "Location Name": null, "Location Type": "vehicle", "Lat": 31.28554, "Lon": 34.27128, "Display Latitude": 31.28554, "Display Longitude": 34.27128, "Category": "Aid", "Incident Type": "aid_personnel", "Incident Tags": "Attack on aid personnel", "Verification": "CONFIRMED", "Media Link": "https://ichef.bbci.co.uk/ace/ws/800/cpsprodpb/d91c/live/c574c5e0-e1a2-11ee-af2e-e3f5d06a1756.jpg.webp", "Source Merged": "https://www.bbc.com/arabic/articles/ce5e1zze0eeo#:~:text=Ø£Ø¹Ù„Ù†Øª%20Ø­Ø±ÙƒØ©%20Ø­Ù…Ø§Ø³%20Ø¹Ø¨Ø±%20Ø­Ø³Ø§Ø¨Ù‡Ø§,ÙÙŠ%20ØºØ§Ø±Ø§Øª%20Ø¥Ø³Ø±Ø§Ø¦ÙŠÙ„ÙŠØ©%20ÙØ¬Ø±%20Ø§Ù„Ø®Ù…ÙŠØ³. ", "Display Sources": { "url": "https://www.bbc.com/arabic/articles/ce5e1zze0eeo#:~:text=Ø£Ø¹Ù„Ù†Øª%20Ø­Ø±ÙƒØ©%20Ø­Ù…Ø§Ø³%20Ø¹Ø¨Ø±%20Ø­Ø³Ø§Ø¨Ù‡Ø§", "text": "bbc.com" }, "Display Visual Evidence": "https://ichef.bbci.co.uk/ace/ws/800/cpsprodpb/d91c/live/c574c5e0-e1a2-11ee-af2e-e3f5d06a1756.jpg.webp" }, "geometry": { "type": "Point", "coordinates": [ 34.27128, 31.28554 ] } },
{ "type": "Feature", "properties": { "Incident ID": "40313-74065", "Date": "3/13/2024", "Display Date": "13-Mar-24", "Town/City": "Rafah", "Location Name": "Rafah aid centre", "Location Type": "Warehouse", "Lat": 31.27818926, "Lon": 34.26033955, "Display Latitude": 31.27819, "Display Longitude": 34.26034, "Category": "Aid", "Incident Type": "aid_personnel", "Incident Tags": "Attack on aid personnel | Attack on destination area | Attack on UNRWA aid distribution", "Verification": "CONFIRMED", "Media Link": null, "Source Merged": "UNRWA", "Display Sources": { "url": "UNRWA" }, "Display Visual Evidence": null }, "geometry": { "type": "Point", "coordinates": [ 34.26034, 31.27819 ] } },
{ "type": "Feature", "properties": { "Incident ID": "40313-74966", "Date": "3/13/2024", "Display Date": "13-Mar-24", "Town/City": "Gaza City", "Location Name": "Kuwait Roundabout", "Location Type": null, "Lat": 31.47977, "Lon": 34.44226, "Display Latitude": 31.47977, "Display Longitude": 34.44226, "Category": "Aid", "Incident Type": "civilians_seeking_aid", "Incident Tags": "Attack on civilians seeking aid", "Verification": "CONFIRMED", "Media Link": null, "Source Merged": "https://drive.google.com/file/d/1P7yQYp7KC2eG711baOY9Ijwa5nht7a4B/view", "Display Sources": { "url": "https://drive.google.com/file/d/1P7yQYp7KC2eG711baOY9Ijwa5nht7a4B/view", "text": "drive.google.com" }, "Display Visual Evidence": null }, "geometry": { "type": "Point", "coordinates": [ 34.44226, 31.47977 ] } },
{ "type": "Feature", "properties": { "Incident ID": "40313-68743", "Date": "3/13/2024", "Display Date": "13-Mar-24", "Town/City": "Rafah", "Location Name": "Khirbat al-Adas", "Location Type": "Vehicle", "Lat": 31.2856446, "Lon": 34.2712872, "Display Latitude": 31.28564, "Display Longitude": 34.27129, "Category": "Aid", "Incident Type": "aid_personnel", "Incident Tags": "Attack on aid | Attack on aid personnel", "Verification": "CONFIRMED", "Media Link": null, "Source Merged": "https://drive.google.com/file/d/1P7yQYp7KC2eG711baOY9Ijwa5nht7a4B/view", "Display Sources": { "url": "https://drive.google.com/file/d/1P7yQYp7KC2eG711baOY9Ijwa5nht7a4B/view", "text": "drive.google.com" }, "Display Visual Evidence": null }, "geometry": { "type": "Point", "coordinates": [ 34.27129, 31.28564 ] } },
{ "type": "Feature", "properties": { "Incident ID": "40314-74600", "Date": "3/14/2024", "Display Date": "14-Mar-24", "Town/City": "Al-Nuseirat", "Location Name": "Nuseirat aid distribution centre", "Location Type": "Warehouse", "Lat": 31.4498684, "Lon": 34.39295137, "Display Latitude": 31.44987, "Display Longitude": 34.39295, "Category": "Aid", "Incident Type": "civilians_seeking_aid", "Incident Tags": "Attack on civilians seeking aid", "Verification": "CONFIRMED", "Media Link": null, "Source Merged": "https://drive.google.com/file/d/1P7yQYp7KC2eG711baOY9Ijwa5nht7a4B/view", "Display Sources": { "url": "https://drive.google.com/file/d/1P7yQYp7KC2eG711baOY9Ijwa5nht7a4B/view", "text": "drive.google.com" }, "Display Visual Evidence": null }, "geometry": { "type": "Point", "coordinates": [ 34.39295, 31.44987 ] } },
{ "type": "Feature", "properties": { "Incident ID": "40314-85098", "Date": "3/14/2024", "Display Date": "14-Mar-24", "Town/City": "Gaza City", "Location Name": null, "Location Type": null, "Lat": 31.47977, "Lon": 34.44226, "Display Latitude": 31.47977, "Display Longitude": 34.44226, "Category": "Aid", "Incident Type": "civilians_seeking_aid", "Incident Tags": "Attack on civilians seeking aid", "Verification": "CONFIRMED", "Media Link": "https://twitter.com/EyeonPalestine/status/1768404361191751963", "Source Merged": "https://twitter.com/RamAbdu/status/1768632534051516572, https://drive.google.com/file/d/1P7yQYp7KC2eG711baOY9Ijwa5nht7a4B/view", "Display Sources": { "url": "https://twitter.com/RamAbdu/status/1768632534051516572", "text": "RamAbdu" }, "Display Visual Evidence": "https://twitter.com/EyeonPalestine/status/1768404361191751963" }, "geometry": { "type": "Point", "coordinates": [ 34.44226, 31.47977 ] } },
{ "type": "Feature", "properties": { "Incident ID": "40315-98248", "Date": "3/15/2024", "Display Date": "15-Mar-24", "Town/City": "Gaza City", "Location Name": "Kuwait Roundabout", "Location Type": null, "Lat": 31.483686, "Lon": 34.445638, "Display Latitude": 31.48369, "Display Longitude": 34.44564, "Category": "Aid", "Incident Type": "civilians_seeking_aid", "Incident Tags": "Attack on civilians seeking aid | Attack on evacuation route", "Verification": "CONFIRMED", "Media Link": "https://www.instagram.com/p/C4hzac0qm3u/?hl=en", "Source Merged": "https://twitter.com/AJArabic/status/1768672253884211540, https://www.aljazeera.com/news/2024/3/15/massacre-israel-forces-attack-crowds-waiting-for-aid-in-gaza-killing-21 ", "Display Sources": { "url": "https://twitter.com/AJArabic/status/1768672253884211540", "text": "AJArabic" }, "Display Visual Evidence": "https://www.instagram.com/p/C4hzac0qm3u/?hl=en" }, "geometry": { "type": "Point", "coordinates": [ 34.44564, 31.48369 ] } },
{ "type": "Feature", "properties": { "Incident ID": "40318-40834", "Date": "3/18/2024", "Display Date": "18-Mar-24", "Town/City": "Gaza City", "Location Name": "Shifa Medical Complex", "Location Type": "hospital", "Lat": 31.52435798, "Lon": 34.44283029, "Display Latitude": 31.52436, "Display Longitude": 34.44283, "Category": "Aid", "Incident Type": "aid_personnel", "Incident Tags": "Attack on aid personnel", "Verification": "CONFIRMED", "Media Link": "https://www.instagram.com/reel/C4p0D2gIkid/?utm_source=ig_embed&ig_rid=3cc4852e-33ce-42ff-a701-17d4fae85dd8", "Source Merged": "https://www.middleeastmonitor.com/20240318-israel-storms-Shifa Medical Complex-again-forcing-patients-to-flee/ , https://www.madamasr.com/en/2024/03/19/news/u/hamas-police-official-who-secured-aid-distribution-among-50-executed-in-shifa-hospital-raid/", "Display Sources": { "url": "https://www.middleeastmonitor.com/20240318-israel-storms-Shifa Medical Complex-again-forcing-patients-to-flee/", "text": "middleeastmonitor.com" }, "Display Visual Evidence": "https://www.instagram.com/reel/C4p0D2gIkid/?utm_source=ig_embed&ig_rid=3cc4852e-33ce-42ff-a701-17d4fae85dd8" }, "geometry": { "type": "Point", "coordinates": [ 34.44283, 31.52436 ] } },
{ "type": "Feature", "properties": { "Incident ID": "40507-83805", "Date": "3/18/2024", "Display Date": "18-Mar-24", "Town/City": "Jabalia", "Location Name": "Jabalia aid storage center", "Location Type": "Warehouse", "Lat": 31.537222, "Lon": 34.496389, "Display Latitude": 31.53722, "Display Longitude": 34.49639, "Category": "Aid", "Incident Type": "aid_infrastructure", "Incident Tags": "Attack on aid", "Verification": "CONFIRMED", "Media Link": null, "Source Merged": "https://drive.google.com/file/d/1P7yQYp7KC2eG711baOY9Ijwa5nht7a4B/view", "Display Sources": { "url": "https://drive.google.com/file/d/1P7yQYp7KC2eG711baOY9Ijwa5nht7a4B/view", "text": "drive.google.com" }, "Display Visual Evidence": null }, "geometry": { "type": "Point", "coordinates": [ 34.49639, 31.53722 ] } },
{ "type": "Feature", "properties": { "Incident ID": "40318-49809", "Date": "3/18/2024", "Display Date": "18-Mar-24", "Town/City": "Jabalia", "Location Name": null, "Location Type": "residential", "Lat": 31.52932385, "Lon": 34.47973692, "Display Latitude": 31.52932, "Display Longitude": 34.47974, "Category": "Aid", "Incident Type": "aid_personnel", "Incident Tags": "Attack on aid personnel", "Verification": "CONFIRMED", "Media Link": null, "Source Merged": "https://drive.google.com/file/d/1P7yQYp7KC2eG711baOY9Ijwa5nht7a4B/view", "Display Sources": { "url": "https://drive.google.com/file/d/1P7yQYp7KC2eG711baOY9Ijwa5nht7a4B/view", "text": "drive.google.com" }, "Display Visual Evidence": null }, "geometry": { "type": "Point", "coordinates": [ 34.47974, 31.52932 ] } },
{ "type": "Feature", "properties": { "Incident ID": "40319-69896", "Date": "3/19/2024", "Display Date": "19-Mar-24", "Town/City": "Gaza City", "Location Name": null, "Location Type": null, "Lat": 31.49165485, "Lon": 34.45319486, "Display Latitude": 31.49165, "Display Longitude": 34.45319, "Category": "Aid", "Incident Type": "civilians_seeking_aid", "Incident Tags": "Attack on civilians seeking aid | Attack on evacuation route", "Verification": "CONFIRMED", "Media Link": null, "Source Merged": "https://www.aljazeera.net/news/2024/3/31/%D8%A7%D9%84%D9%84%D8%AC%D8%A7%D9%86-%D8%A7%D9%84%D8%B9%D8%B4%D8%A7%D8%A6%D8%B1%D9%8A%D8%A9-%D8%A8%D8%BA%D8%B2%D8%A9-%D8%AA%D8%B9%D9%84%D9%86-%D9%88%D9%82%D9%81-%D8%AA%D8%A3%D9%85%D9%8A%D9%86-2,  https://drive.google.com/file/d/1P7yQYp7KC2eG711baOY9Ijwa5nht7a4B/view, https://twitter.com/EyeonPalestine/status/1770174685407248533?s=20", "Display Sources": { "url": "https://www.aljazeera.net/news/2024/3/31/%D8%A7%D9%84%D9%84%D8%AC%D8%A7%D9%86-%D8%A7%D9%84%D8%B9%D8%B4%D8%A7%D8%A6%D8%B1%D9%8A%D8%A9-%D8%A8%D8%BA%D8%B2%D8%A9-%D8%AA%D8%B9%D9%84%D9%86-%D9%88%D9%82%D9%81-%D8%AA%D8%A3%D9%85%D9%8A%D9%86-2", "text": "aljazeera.net" }, "Display Visual Evidence": null }, "geometry": { "type": "Point", "coordinates": [ 34.45319, 31.49165 ] } },
{ "type": "Feature", "properties": { "Incident ID": "40319-89886", "Date": "3/19/2024", "Display Date": "19-Mar-24", "Town/City": "Al-Nuseirat", "Location Name": "UNRWA headquarters - Gaza City", "Location Type": "Vehicle", "Lat": 31.4498684, "Lon": 34.39295137, "Display Latitude": 31.44987, "Display Longitude": 34.39295, "Category": "Aid", "Incident Type": "aid_personnel", "Incident Tags": "Attack on aid personnel | Attack on UNRWA aid distribution", "Verification": "CONFIRMED", "Media Link": null, "Source Merged": "https://drive.google.com/file/d/1P7yQYp7KC2eG711baOY9Ijwa5nht7a4B/view", "Display Sources": { "url": "https://drive.google.com/file/d/1P7yQYp7KC2eG711baOY9Ijwa5nht7a4B/view", "text": "drive.google.com" }, "Display Visual Evidence": null }, "geometry": { "type": "Point", "coordinates": [ 34.39295, 31.44987 ] } },
{ "type": "Feature", "properties": { "Incident ID": "40323-83966", "Date": "3/23/2024", "Display Date": "23-Mar-24", "Town/City": "Gaza City", "Location Name": "Kuwait Roundabout", "Location Type": null, "Lat": 31.47977, "Lon": 34.44226, "Display Latitude": 31.47977, "Display Longitude": 34.44226, "Category": "Aid", "Incident Type": "civilians_seeking_aid", "Incident Tags": "Attack on civilians seeking aid", "Verification": "CONFIRMED", "Media Link": "https://twitter.com/i/status/1771620910002270360", "Source Merged": null, "Display Sources": null, "Display Visual Evidence": "https://twitter.com/i/status/1771620910002270360" }, "geometry": { "type": "Point", "coordinates": [ 34.44226, 31.47977 ] } },
{ "type": "Feature", "properties": { "Incident ID": "40324-40612", "Date": "3/24/2024", "Display Date": "24-Mar-24", "Town/City": "Gaza City", "Location Name": "Kuwait Roundabout", "Location Type": null, "Lat": 31.47977, "Lon": 34.44226, "Display Latitude": 31.47977, "Display Longitude": 34.44226, "Category": "Aid", "Incident Type": "civilians_seeking_aid", "Incident Tags": "Attack on civilians seeking aid", "Verification": "CONFIRMED", "Media Link": null, "Source Merged": "https://twitter.com/AJABreaking/status/1771948656842723594", "Display Sources": { "url": "https://twitter.com/AJABreaking/status/1771948656842723594", "text": "AJABreaking" }, "Display Visual Evidence": null }, "geometry": { "type": "Point", "coordinates": [ 34.44226, 31.47977 ] } },
{ "type": "Feature", "properties": { "Incident ID": "40326-61798", "Date": "3/26/2024", "Display Date": "26-Mar-24", "Town/City": "Gaza City", "Location Name": "Kuwait Roundabout", "Location Type": null, "Lat": 31.47977, "Lon": 34.44226, "Display Latitude": 31.47977, "Display Longitude": 34.44226, "Category": "Aid", "Incident Type": "civilians_seeking_aid", "Incident Tags": "Attack on civilians seeking aid", "Verification": "MOST LIKELY", "Media Link": "https://twitter.com/i/status/1772414660299325478", "Source Merged": "https://twitter.com/i/status/1772560882595209335", "Display Sources": { "url": "https://twitter.com/i/status/1772560882595209335", "text": "i" }, "Display Visual Evidence": "https://twitter.com/i/status/1772414660299325478" }, "geometry": { "type": "Point", "coordinates": [ 34.44226, 31.47977 ] } },
{ "type": "Feature", "properties": { "Incident ID": "40327-34054", "Date": "3/27/2024", "Display Date": "27-Mar-24", "Town/City": "Gaza City", "Location Name": null, "Location Type": null, "Lat": 31.50169, "Lon": 34.46684, "Display Latitude": 31.50169, "Display Longitude": 34.46684, "Category": "Aid", "Incident Type": "aid_personnel", "Incident Tags": "Attack on aid personnel", "Verification": "CONFIRMED", "Media Link": null, "Source Merged": "https://x.com/AJABreaking/status/1773070064310272176", "Display Sources": { "url": "https://x.com/AJABreaking/status/1773070064310272176", "text": "AJABreaking" }, "Display Visual Evidence": null }, "geometry": { "type": "Point", "coordinates": [ 34.46684, 31.50169 ] } },
{ "type": "Feature", "properties": { "Incident ID": "40329-14922", "Date": "3/29/2024", "Display Date": "29-Mar-24", "Town/City": "Gaza City", "Location Name": "Al-Shujaiya Sports Club", "Location Type": null, "Lat": 31.50055188, "Lon": 34.46696577, "Display Latitude": 31.50055, "Display Longitude": 34.46697, "Category": "Aid", "Incident Type": "aid_personnel", "Incident Tags": "Attack on aid personnel | Attack on civilians seeking aid", "Verification": "CONFIRMED", "Media Link": null, "Source Merged": "https://www.aa.com.tr/en/middle-east/17-palestinians-killed-in-israeli-attacks-on-police-says-gaza-government/3178432, https://www.middleeastmonitor.com/20240329-10-palestinians-killed-in-israeli-drone-attack-on-sports-club-in-gaza/ ", "Display Sources": { "url": "https://www.aa.com.tr/en/middle-east/17-palestinians-killed-in-israeli-attacks-on-police-says-gaza-government/3178432", "text": "aa.com.tr" }, "Display Visual Evidence": null }, "geometry": { "type": "Point", "coordinates": [ 34.46697, 31.50055 ] } },
{ "type": "Feature", "properties": { "Incident ID": "40418-04177", "Date": "4/18/2024", "Display Date": "18-Apr-24", "Town/City": "Gaza City", "Location Name": null, "Location Type": null, "Lat": 31.515886, "Lon": 34.469303, "Display Latitude": 31.51589, "Display Longitude": 34.4693, "Category": "Aid", "Incident Type": "aid_convoy", "Incident Tags": "Attack on aid", "Verification": "CONFIRMED", "Media Link": null, "Source Merged": "https://www.cbc.ca/news/canada/toronto/canadian-aid-truck-bombed-water-gaza-1.7179849", "Display Sources": { "url": "https://www.cbc.ca/news/canada/toronto/canadian-aid-truck-bombed-water-gaza-1.7179849", "text": "cbc.ca" }, "Display Visual Evidence": null }, "geometry": { "type": "Point", "coordinates": [ 34.4693, 31.51589 ] } },
{ "type": "Feature", "properties": { "Incident ID": "40401-39679", "Date": "4/1/2024", "Display Date": "1-Apr-24", "Town/City": "Deir al-Balah", "Location Name": null, "Location Type": null, "Lat": 31.411568, "Lon": 34.322921, "Display Latitude": 31.41157, "Display Longitude": 34.32292, "Category": "Aid", "Incident Type": "aid_personnel", "Incident Tags": "Attack on aid personnel | Attack on evacuation route", "Verification": "CONFIRMED", "Media Link": null, "Source Merged": "https://wck.org/news/gaza-team-update", "Display Sources": { "url": "https://wck.org/news/gaza-team-update", "text": "wck.org" }, "Display Visual Evidence": null }, "geometry": { "type": "Point", "coordinates": [ 34.32292, 31.41157 ] } },
{ "type": "Feature", "properties": { "Incident ID": "40409-94284", "Date": "4/9/2024", "Display Date": "9-Apr-24", "Town/City": "Al-Maghazi", "Location Name": null, "Location Type": "government_building", "Lat": 31.42176903, "Lon": 34.38567349, "Display Latitude": 31.42177, "Display Longitude": 34.38567, "Category": "Aid", "Incident Type": "aid_personnel", "Incident Tags": "Attack on aid personnel", "Verification": "MOST LIKELY", "Media Link": null, "Source Merged": "https://twitter.com/munigaza/status/1777630328888189414", "Display Sources": { "url": "https://twitter.com/munigaza/status/1777630328888189414", "text": "munigaza" }, "Display Visual Evidence": null }, "geometry": { "type": "Point", "coordinates": [ 34.38567, 31.42177 ] } },
{ "type": "Feature", "properties": { "Incident ID": "40411-25044", "Date": "4/11/2024", "Display Date": "11-Apr-24", "Town/City": "Gaza City", "Location Name": "Firas Market", "Location Type": "market", "Lat": 31.50711965, "Lon": 34.45816741, "Display Latitude": 31.50712, "Display Longitude": 34.45817, "Category": "Aid", "Incident Type": "aid_market", "Incident Tags": "Attack on aid", "Verification": "CONFIRMED", "Media Link": null, "Source Merged": "https://t.me/AjaNews/259422, https://www.aljazeera.com/news/liveblog/2024/4/11/israels-war-on-gaza-live-hamas-says-netanyahu-hindering-ceasefire-chances; ", "Display Sources": { "url": "https://t.me/AjaNews/259422", "text": "AjaNews" }, "Display Visual Evidence": null }, "geometry": { "type": "Point", "coordinates": [ 34.45817, 31.50712 ] } },
{ "type": "Feature", "properties": { "Incident ID": "40411-27952", "Date": "4/11/2024", "Display Date": "11-Apr-24", "Town/City": "Jabalia", "Location Name": null, "Location Type": null, "Lat": 31.52932385, "Lon": 34.47973692, "Display Latitude": 31.52932, "Display Longitude": 34.47974, "Category": "Aid", "Incident Type": "aid_personnel", "Incident Tags": "Attack on aid personnel", "Verification": "CONFIRMED", "Media Link": null, "Source Merged": "https://www.timesofisrael.com/liveblog_entry/hamass-internal-security-chief-killed-in-northern-gaza-airstrike-idf-shin-bet/, https://drive.google.com/file/d/1P7yQYp7KC2eG711baOY9Ijwa5nht7a4B/view", "Display Sources": { "url": "https://www.timesofisrael.com/liveblog_entry/hamass-internal-security-chief-killed-in-northern-gaza-airstrike-idf-shin-bet/", "text": "timesofisrael.com" }, "Display Visual Evidence": null }, "geometry": { "type": "Point", "coordinates": [ 34.47974, 31.52932 ] } },
{ "type": "Feature", "properties": { "Incident ID": "40411-65315", "Date": "4/11/2024", "Display Date": "11-Apr-24", "Town/City": "Jabalia", "Location Name": null, "Location Type": null, "Lat": 31.52932385, "Lon": 34.47973692, "Display Latitude": 31.52932, "Display Longitude": 34.47974, "Category": "Aid", "Incident Type": "aid_personnel", "Incident Tags": "Attack on aid personnel", "Verification": "MOST LIKELY", "Media Link": "https://www.instagram.com/mothersagainstgenocide/p/C5pHNr4qkuV/", "Source Merged": null, "Display Sources": null, "Display Visual Evidence": "https://www.instagram.com/mothersagainstgenocide/p/C5pHNr4qkuV/" }, "geometry": { "type": "Point", "coordinates": [ 34.47974, 31.52932 ] } },
{ "type": "Feature", "properties": { "Incident ID": "40104-75099", "Date": "1/4/2024", "Display Date": "4-Jan-24", "Town/City": "Gaza City", "Location Name": null, "Location Type": "drinking_water", "Lat": 31.506404, "Lon": 34.4733674, "Display Latitude": 31.5064, "Display Longitude": 34.47337, "Category": "Aid", "Incident Type": "aid_infrastructure", "Incident Tags": "Attack on aid", "Verification": "CONFIRMED", "Media Link": null, "Source Merged": "Planet Satellite Image of Damage", "Display Sources": { "url": "Planet Satellite Image of Damage" }, "Display Visual Evidence": null }, "geometry": { "type": "Point", "coordinates": [ 34.47337, 31.5064 ] } },
{ "type": "Feature", "properties": { "Incident ID": "31210-82293", "Date": "12/10/2023", "Display Date": "10-Dec-23", "Town/City": "Gaza City", "Location Name": null, "Location Type": "drinking_water", "Lat": 31.5038112, "Lon": 34.4662575, "Display Latitude": 31.50381, "Display Longitude": 34.46626, "Category": "Aid", "Incident Type": "aid_infrastructure", "Incident Tags": "Attack on aid", "Verification": "CONFIRMED", "Media Link": null, "Source Merged": "Planet Satellite Image of Damage", "Display Sources": { "url": "Planet Satellite Image of Damage" }, "Display Visual Evidence": null }, "geometry": { "type": "Point", "coordinates": [ 34.46626, 31.50381 ] } },
{ "type": "Feature", "properties": { "Incident ID": "40104-57844", "Date": "1/4/2024", "Display Date": "4-Jan-24", "Town/City": "Gaza City", "Location Name": null, "Location Type": "drinking_water", "Lat": 31.4952869, "Lon": 34.4674585, "Display Latitude": 31.49529, "Display Longitude": 34.46746, "Category": "Aid", "Incident Type": "aid_infrastructure", "Incident Tags": "Attack on aid", "Verification": "CONFIRMED", "Media Link": null, "Source Merged": "Planet Satellite Image of Damage", "Display Sources": { "url": "Planet Satellite Image of Damage" }, "Display Visual Evidence": null }, "geometry": { "type": "Point", "coordinates": [ 34.46746, 31.49529 ] } },
{ "type": "Feature", "properties": { "Incident ID": "31009-48673", "Date": "10/9/2023", "Display Date": "9-Oct-23", "Town/City": "Gaza City", "Location Name": null, "Location Type": "police", "Lat": 31.52216247, "Lon": 34.44130183, "Display Latitude": 31.52216, "Display Longitude": 34.4413, "Category": "Aid", "Incident Type": "aid_infrastructure", "Incident Tags": "Attack on aid", "Verification": "CONFIRMED", "Media Link": "https://t.me/ShehabTelegram/400571", "Source Merged": null, "Display Sources": null, "Display Visual Evidence": "https://t.me/ShehabTelegram/400571" }, "geometry": { "type": "Point", "coordinates": [ 34.4413, 31.52216 ] } },
{ "type": "Feature", "properties": { "Incident ID": "31015-75260", "Date": "10/15/2023", "Display Date": "15-Oct-23", "Town/City": "Beit Lahia", "Location Name": null, "Location Type": "police", "Lat": 31.54693061, "Lon": 34.50011712, "Display Latitude": 31.54693, "Display Longitude": 34.50012, "Category": "Aid", "Incident Type": "aid_infrastructure", "Incident Tags": "Attack on aid", "Verification": "CONFIRMED", "Media Link": null, "Source Merged": "https://t.me/ShehabTelegram/403322", "Display Sources": { "url": "https://t.me/ShehabTelegram/403322", "text": "ShehabTelegram" }, "Display Visual Evidence": null }, "geometry": { "type": "Point", "coordinates": [ 34.50012, 31.54693 ] } },
{ "type": "Feature", "properties": { "Incident ID": "31015-25099", "Date": "10/15/2023", "Display Date": "15-Oct-23", "Town/City": "Jabalia", "Location Name": null, "Location Type": "police", "Lat": 31.53294017, "Lon": 34.49543436, "Display Latitude": 31.53294, "Display Longitude": 34.49543, "Category": "Aid", "Incident Type": "aid_infrastructure", "Incident Tags": "Attack on aid", "Verification": "CONFIRMED", "Media Link": null, "Source Merged": "https://t.me/ShehabTelegram/403322", "Display Sources": { "url": "https://t.me/ShehabTelegram/403322", "text": "ShehabTelegram" }, "Display Visual Evidence": null }, "geometry": { "type": "Point", "coordinates": [ 34.49543, 31.53294 ] } },
{ "type": "Feature", "properties": { "Incident ID": "31210-25179", "Date": "12/10/2023", "Display Date": "10-Dec-23", "Town/City": "Gaza City", "Location Name": null, "Location Type": "police", "Lat": 31.5373837, "Lon": 34.46108, "Display Latitude": 31.53738, "Display Longitude": 34.46108, "Category": "Aid", "Incident Type": "aid_infrastructure", "Incident Tags": "Attack on aid", "Verification": "CONFIRMED", "Media Link": null, "Source Merged": "Planet Satellite Image of Damage", "Display Sources": { "url": "Planet Satellite Image of Damage" }, "Display Visual Evidence": null }, "geometry": { "type": "Point", "coordinates": [ 34.46108, 31.53738 ] } },
{ "type": "Feature", "properties": { "Incident ID": "40104-13153", "Date": "1/4/2024", "Display Date": "4-Jan-24", "Town/City": "Gaza City", "Location Name": null, "Location Type": "drinking_water", "Lat": 31.4998824, "Lon": 34.4437347, "Display Latitude": 31.49988, "Display Longitude": 34.44373, "Category": "Aid", "Incident Type": "aid_infrastructure", "Incident Tags": "Attack on aid", "Verification": "CONFIRMED", "Media Link": null, "Source Merged": "Planet Satellite Image of Damage", "Display Sources": { "url": "Planet Satellite Image of Damage" }, "Display Visual Evidence": null }, "geometry": { "type": "Point", "coordinates": [ 34.44373, 31.49988 ] } },
{ "type": "Feature", "properties": { "Incident ID": "40320-82612", "Date": "3/20/2024", "Display Date": "20-Mar-24", "Town/City": "Gaza City", "Location Name": null, "Location Type": "drinking_water", "Lat": 31.5355248, "Lon": 34.465908, "Display Latitude": 31.53552, "Display Longitude": 34.46591, "Category": "Aid", "Incident Type": "aid_infrastructure", "Incident Tags": "Attack on aid", "Verification": "CONFIRMED", "Media Link": null, "Source Merged": "Planet Satellite Image of Damage", "Display Sources": { "url": "Planet Satellite Image of Damage" }, "Display Visual Evidence": null }, "geometry": { "type": "Point", "coordinates": [ 34.46591, 31.53552 ] } },
{ "type": "Feature", "properties": { "Incident ID": "31030-50256", "Date": "10/30/2023", "Display Date": "30-Oct-23", "Town/City": "Gaza City", "Location Name": null, "Location Type": "drinking_water", "Lat": 31.5294954, "Lon": 34.4471054, "Display Latitude": 31.5295, "Display Longitude": 34.44711, "Category": "Aid", "Incident Type": "aid_infrastructure", "Incident Tags": "Attack on aid", "Verification": "CONFIRMED", "Media Link": null, "Source Merged": "Planet Satellite Image of Damage", "Display Sources": { "url": "Planet Satellite Image of Damage" }, "Display Visual Evidence": null }, "geometry": { "type": "Point", "coordinates": [ 34.44711, 31.5295 ] } },
{ "type": "Feature", "properties": { "Incident ID": "40320-08351", "Date": "3/20/2024", "Display Date": "20-Mar-24", "Town/City": "Gaza City", "Location Name": null, "Location Type": "drinking_water", "Lat": 31.5295479, "Lon": 34.4445245, "Display Latitude": 31.52955, "Display Longitude": 34.44452, "Category": "Aid", "Incident Type": "aid_infrastructure", "Incident Tags": "Attack on aid", "Verification": "CONFIRMED", "Media Link": null, "Source Merged": "Planet Satellite Image of Damage", "Display Sources": { "url": "Planet Satellite Image of Damage" }, "Display Visual Evidence": null }, "geometry": { "type": "Point", "coordinates": [ 34.44452, 31.52955 ] } },
{ "type": "Feature", "properties": { "Incident ID": "31210-22744", "Date": "12/10/2023", "Display Date": "10-Dec-23", "Town/City": "Gaza City", "Location Name": null, "Location Type": "police", "Lat": 31.4978683, "Lon": 34.4605324, "Display Latitude": 31.49787, "Display Longitude": 34.46053, "Category": "Aid", "Incident Type": "aid_infrastructure", "Incident Tags": "Attack on aid | Attack on evacuation route", "Verification": "CONFIRMED", "Media Link": null, "Source Merged": "Planet Satellite Image of Damage", "Display Sources": { "url": "Planet Satellite Image of Damage" }, "Display Visual Evidence": null }, "geometry": { "type": "Point", "coordinates": [ 34.46053, 31.49787 ] } },
{ "type": "Feature", "properties": { "Incident ID": "40320-60194", "Date": "3/20/2024", "Display Date": "20-Mar-24", "Town/City": "Rafah", "Location Name": null, "Location Type": "drinking_water", "Lat": 31.29707276, "Lon": 34.24343908, "Display Latitude": 31.29707, "Display Longitude": 34.24344, "Category": "Aid", "Incident Type": "aid_infrastructure", "Incident Tags": "Attack on aid", "Verification": "CONFIRMED", "Media Link": null, "Source Merged": "Planet Satellite Image of Damage", "Display Sources": { "url": "Planet Satellite Image of Damage" }, "Display Visual Evidence": null }, "geometry": { "type": "Point", "coordinates": [ 34.24344, 31.29707 ] } },
{ "type": "Feature", "properties": { "Incident ID": "40104-85577", "Date": "1/4/2024", "Display Date": "4-Jan-24", "Town/City": "Khan Younis", "Location Name": null, "Location Type": "drinking_water", "Lat": 31.34713466, "Lon": 34.30421318, "Display Latitude": 31.34713, "Display Longitude": 34.30421, "Category": "Aid", "Incident Type": "aid_infrastructure", "Incident Tags": "Attack on aid | Attack on evacuation route", "Verification": "CONFIRMED", "Media Link": null, "Source Merged": "Planet Satellite Image of Damage", "Display Sources": { "url": "Planet Satellite Image of Damage" }, "Display Visual Evidence": null }, "geometry": { "type": "Point", "coordinates": [ 34.30421, 31.34713 ] } },
{ "type": "Feature", "properties": { "Incident ID": "31030-49517", "Date": "10/30/2023", "Display Date": "30-Oct-23", "Town/City": "Khan Younis", "Location Name": null, "Location Type": "drinking_water", "Lat": 31.34879938, "Lon": 34.25626475, "Display Latitude": 31.3488, "Display Longitude": 34.25626, "Category": "Aid", "Incident Type": "aid_infrastructure", "Incident Tags": "Attack on aid", "Verification": "CONFIRMED", "Media Link": null, "Source Merged": "Planet Satellite Image of Damage", "Display Sources": { "url": "Planet Satellite Image of Damage" }, "Display Visual Evidence": null }, "geometry": { "type": "Point", "coordinates": [ 34.25626, 31.3488 ] } },
{ "type": "Feature", "properties": { "Incident ID": "31210-22751", "Date": "12/10/2023", "Display Date": "10-Dec-23", "Town/City": "Khan Younis", "Location Name": null, "Location Type": "police", "Lat": 31.34879938, "Lon": 34.25626475, "Display Latitude": 31.3488, "Display Longitude": 34.25626, "Category": "Aid", "Incident Type": "aid_infrastructure", "Incident Tags": "Attack on aid | Attack on 'humanitarian zone'", "Verification": "CONFIRMED", "Media Link": null, "Source Merged": "Planet Satellite Image of Damage", "Display Sources": { "url": "Planet Satellite Image of Damage" }, "Display Visual Evidence": null }, "geometry": { "type": "Point", "coordinates": [ 34.25626, 31.3488 ] } },
{ "type": "Feature", "properties": { "Incident ID": "31210-40964", "Date": "12/10/2023", "Display Date": "10-Dec-23", "Town/City": "Deir al-Balah", "Location Name": null, "Location Type": "drinking_water", "Lat": 31.41755957, "Lon": 34.35097391, "Display Latitude": 31.41756, "Display Longitude": 34.35097, "Category": "Aid", "Incident Type": "aid_infrastructure", "Incident Tags": "Attack on aid", "Verification": "CONFIRMED", "Media Link": null, "Source Merged": "Planet Satellite Image of Damage", "Display Sources": { "url": "Planet Satellite Image of Damage" }, "Display Visual Evidence": null }, "geometry": { "type": "Point", "coordinates": [ 34.35097, 31.41756 ] } },
{ "type": "Feature", "properties": { "Incident ID": "31210-56838", "Date": "12/10/2023", "Display Date": "10-Dec-23", "Town/City": "Khan Younis", "Location Name": null, "Location Type": "police", "Lat": 31.30514692, "Lon": 34.32069068, "Display Latitude": 31.30515, "Display Longitude": 34.32069, "Category": "Aid", "Incident Type": "aid_infrastructure", "Incident Tags": "Attack on aid", "Verification": "CONFIRMED", "Media Link": null, "Source Merged": "Planet Satellite Image of Damage", "Display Sources": { "url": "Planet Satellite Image of Damage" }, "Display Visual Evidence": null }, "geometry": { "type": "Point", "coordinates": [ 34.32069, 31.30515 ] } },
{ "type": "Feature", "properties": { "Incident ID": "40214-08824", "Date": "2/14/2024", "Display Date": "14-Feb-24", "Town/City": "Gaza City", "Location Name": null, "Location Type": "drinking_water", "Lat": 31.5055481, "Lon": 34.4857334, "Display Latitude": 31.50555, "Display Longitude": 34.48573, "Category": "Aid", "Incident Type": "aid_infrastructure", "Incident Tags": "Attack on aid", "Verification": "CONFIRMED", "Media Link": null, "Source Merged": "Planet Satellite Image of Damage", "Display Sources": { "url": "Planet Satellite Image of Damage" }, "Display Visual Evidence": null }, "geometry": { "type": "Point", "coordinates": [ 34.48573, 31.50555 ] } },
{ "type": "Feature", "properties": { "Incident ID": "40104-22518", "Date": "1/4/2024", "Display Date": "4-Jan-24", "Town/City": "Gaza City", "Location Name": null, "Location Type": "police", "Lat": 31.50169, "Lon": 34.46684, "Display Latitude": 31.50169, "Display Longitude": 34.46684, "Category": "Aid", "Incident Type": "aid_infrastructure", "Incident Tags": "Attack on aid", "Verification": "CONFIRMED", "Media Link": null, "Source Merged": "Planet Satellite Image of Damage", "Display Sources": { "url": "Planet Satellite Image of Damage" }, "Display Visual Evidence": null }, "geometry": { "type": "Point", "coordinates": [ 34.46684, 31.50169 ] } },
{ "type": "Feature", "properties": { "Incident ID": "31030-93848", "Date": "10/30/2023", "Display Date": "30-Oct-23", "Town/City": "Khan Younis", "Location Name": null, "Location Type": "police", "Lat": 31.3479, "Lon": 34.2933, "Display Latitude": 31.3479, "Display Longitude": 34.2933, "Category": "Aid", "Incident Type": "aid_infrastructure", "Incident Tags": "Attack on aid", "Verification": "CONFIRMED", "Media Link": null, "Source Merged": "Planet Satellite Image of Damage", "Display Sources": { "url": "Planet Satellite Image of Damage" }, "Display Visual Evidence": null }, "geometry": { "type": "Point", "coordinates": [ 34.2933, 31.3479 ] } },
{ "type": "Feature", "properties": { "Incident ID": "31210-54463", "Date": "12/10/2023", "Display Date": "10-Dec-23", "Town/City": "Khan Younis", "Location Name": null, "Location Type": "drinking_water", "Lat": 31.34671, "Lon": 34.29193, "Display Latitude": 31.34671, "Display Longitude": 34.29193, "Category": "Aid", "Incident Type": "aid_infrastructure", "Incident Tags": "Attack on aid", "Verification": "CONFIRMED", "Media Link": null, "Source Merged": "Planet Satellite Image of Damage", "Display Sources": { "url": "Planet Satellite Image of Damage" }, "Display Visual Evidence": null }, "geometry": { "type": "Point", "coordinates": [ 34.29193, 31.34671 ] } },
{ "type": "Feature", "properties": { "Incident ID": "31210-02381", "Date": "12/10/2023", "Display Date": "10-Dec-23", "Town/City": "Al-Nuseirat", "Location Name": null, "Location Type": "drinking_water", "Lat": 31.4498684, "Lon": 34.39295137, "Display Latitude": 31.44987, "Display Longitude": 34.39295, "Category": "Aid", "Incident Type": "aid_infrastructure", "Incident Tags": "Attack on aid", "Verification": "CONFIRMED", "Media Link": null, "Source Merged": "Planet Satellite Image of Damage", "Display Sources": { "url": "Planet Satellite Image of Damage" }, "Display Visual Evidence": null }, "geometry": { "type": "Point", "coordinates": [ 34.39295, 31.44987 ] } },
{ "type": "Feature", "properties": { "Incident ID": "40507-24645", "Date": "5/6/2024", "Display Date": "6-May-24", "Town/City": "Al-Zahra", "Location Name": null, "Location Type": "checkpoint", "Lat": 31.4724504, "Lon": 34.3881292, "Display Latitude": 31.47245, "Display Longitude": 34.38813, "Category": "Aid", "Incident Type": "aid_infrastructure", "Incident Tags": "Attack on aid", "Verification": "CONFIRMED", "Media Link": "https://x.com/Mhmmd_Jordan/status/1787561501928431679", "Source Merged": "Planet Satellite Image of Damage", "Display Sources": { "url": "Planet Satellite Image of Damage" }, "Display Visual Evidence": "https://x.com/Mhmmd_Jordan/status/1787561501928431679" }, "geometry": { "type": "Point", "coordinates": [ 34.38813, 31.47245 ] } },
{ "type": "Feature", "properties": { "Incident ID": "40506-20558", "Date": "5/6/2024", "Display Date": "6-May-24", "Town/City": "Rafah", "Location Name": "Aid Warehouse", "Location Type": "Warehouse", "Lat": 31.249201, "Lon": 34.2579151, "Display Latitude": 31.2492, "Display Longitude": 34.25792, "Category": "Aid", "Incident Type": "aid_infrastructure", "Incident Tags": "Attack on aid | Attack on 'humanitarian zone'", "Verification": "CONFIRMED", "Media Link": "https://x.com/Mhmmd_Jordan/status/1787561501928431679", "Source Merged": "https://www.youtube.com/watch?v=ht0SVoN-5Xw", "Display Sources": { "url": "https://www.youtube.com/watch?v=ht0SVoN-5Xw", "text": "youtube.com" }, "Display Visual Evidence": "https://x.com/Mhmmd_Jordan/status/1787561501928431679" }, "geometry": { "type": "Point", "coordinates": [ 34.25792, 31.2492 ] } },
{ "type": "Feature", "properties": { "Incident ID": "31118-46088", "Date": "11/18/2023", "Display Date": "18-Nov-23", "Town/City": "Al-Zaytoun", "Location Name": null, "Location Type": null, "Lat": 31.5203403, "Lon": 34.4483721, "Display Latitude": 31.52034, "Display Longitude": 34.44837, "Category": "Aid", "Incident Type": "aid_convoy", "Incident Tags": "Attack on aid | Attack on undefined area | Attack on aid personnel", "Verification": "CONFIRMED", "Media Link": null, "Source Merged": "https://www.msf.org/gaza-msf-condemns-deliberate-attack-convoy-transporting-staff-resulting-one-death-and-one-injury", "Display Sources": { "url": "https://www.msf.org/gaza-msf-condemns-deliberate-attack-convoy-transporting-staff-resulting-one-death-and-one-injury", "text": "msf.org" }, "Display Visual Evidence": null }, "geometry": { "type": "Point", "coordinates": [ 34.44837, 31.52034 ] } },
{ "type": "Feature", "properties": { "Incident ID": "31209-63891", "Date": "12/9/2023", "Display Date": "9-Dec-23", "Town/City": "Rafah", "Location Name": "guest house UNRWA", "Location Type": "residential", "Lat": 31.29651172, "Lon": 34.24326281, "Display Latitude": 31.29651, "Display Longitude": 34.24326, "Category": "Aid", "Incident Type": "aid_personnel", "Incident Tags": "Attack on aid personnel | Attack on undefined area | Attack on UNRWA aid distribution", "Verification": "CONFIRMED", "Media Link": null, "Source Merged": "https://www.hrw.org/news/2024/05/14/gaza-israelis-attacking-known-aid-worker-locations", "Display Sources": { "url": "https://www.hrw.org/news/2024/05/14/gaza-israelis-attacking-known-aid-worker-locations", "text": "hrw.org" }, "Display Visual Evidence": null }, "geometry": { "type": "Point", "coordinates": [ 34.24326, 31.29651 ] } },
{ "type": "Feature", "properties": { "Incident ID": "40108-70310", "Date": "1/8/2024", "Display Date": "8-Jan-24", "Town/City": "Khan Younis", "Location Name": "Khan Younis MSF shelter", "Location Type": "residential", "Lat": 31.34519598, "Lon": 34.30296457, "Display Latitude": 31.3452, "Display Longitude": 34.30296, "Category": "Aid", "Incident Type": "aid_personnel", "Incident Tags": "Attack on aid personnel", "Verification": "CONFIRMED", "Media Link": null, "Source Merged": "https://twitter.com/MSF_uk/status/1744414488223224054?ref_src=twsrc%5Etfw%7Ctwcamp%5Etweetembed%7Ctwterm%5E1744414488223224054%7Ctwgr%5E706e7e847478aab74db35493f1e87611c57a95dc%7Ctwcon%5Es1_&ref_url=https%3A%2F%2Fmsf.org.uk%2Farticle%2Fexplained-how-israeli-army-attacked-gazas-nasser-hospital", "Display Sources": { "url": "https://twitter.com/MSF_uk/status/1744414488223224054?ref_src=twsrc%5Etfw%7Ctwcamp%5Etweetembed%7Ctwterm%5E1744414488223224054%7Ctwgr%5E706e7e847478aab74db35493f1e87611c57a95dc%7Ctwcon%5Es1_&ref_url=https%3A%2F%2Fmsf.org.uk%2Farticle%2Fexplained-how-israeli-army-attacked-gazas-nasser-hospital", "text": "MSF_uk" }, "Display Visual Evidence": null }, "geometry": { "type": "Point", "coordinates": [ 34.30296, 31.3452 ] } },
{ "type": "Feature", "properties": { "Incident ID": "40118-24092", "Date": "1/18/2024", "Display Date": "18-Jan-24", "Town/City": "Al-Mawasi", "Location Name": "International Rescue Committee (IRC) and Medical Aid for Palestinians (MAP) guest house", "Location Type": "residential", "Lat": 31.3484281, "Lon": 34.25618413, "Display Latitude": 31.34843, "Display Longitude": 34.25618, "Category": "Aid", "Incident Type": "aid_personnel", "Incident Tags": "Attack on aid personnel", "Verification": "CONFIRMED", "Media Link": null, "Source Merged": "https://www.map.org.uk/news/archive/post/1561-irc-and-map-condemn-israeli-airstrike-on-gaza-compound-housing-emergency-medical-team", "Display Sources": { "url": "https://www.map.org.uk/news/archive/post/1561-irc-and-map-condemn-israeli-airstrike-on-gaza-compound-housing-emergency-medical-team", "text": "map.org.uk" }, "Display Visual Evidence": null }, "geometry": { "type": "Point", "coordinates": [ 34.25618, 31.34843 ] } },
{ "type": "Feature", "properties": { "Incident ID": "40220-13943", "Date": "2/20/2024", "Display Date": "20-Feb-24", "Town/City": "Al-Mawasi", "Location Name": "MSF guest house", "Location Type": "residential", "Lat": 31.3484281, "Lon": 34.25618413, "Display Latitude": 31.34843, "Display Longitude": 34.25618, "Category": "Aid", "Incident Type": "aid_personnel", "Incident Tags": "Attack on aid personnel", "Verification": "CONFIRMED", "Media Link": null, "Source Merged": "https://twitter.com/MSF/status/1760078092171677874", "Display Sources": { "url": "https://twitter.com/MSF/status/1760078092171677874", "text": "MSF" }, "Display Visual Evidence": null }, "geometry": { "type": "Point", "coordinates": [ 34.25618, 31.34843 ] } },
{ "type": "Feature", "properties": { "Incident ID": "40308-08256", "Date": "3/8/2024", "Display Date": "8-Mar-24", "Town/City": "Deir al-Balah", "Location Name": null, "Location Type": "residential", "Lat": 31.418995, "Lon": 34.349442, "Display Latitude": 31.41899, "Display Longitude": 34.34944, "Category": "Aid", "Incident Type": "aid_personnel", "Incident Tags": "Attack on aid personnel", "Verification": "CONFIRMED", "Media Link": null, "Source Merged": "https://www.anera.org/press/us-ngo-worker-killed-in-israeli-airstrike/", "Display Sources": { "url": "https://www.anera.org/press/us-ngo-worker-killed-in-israeli-airstrike/", "text": "anera.org" }, "Display Visual Evidence": null }, "geometry": { "type": "Point", "coordinates": [ 34.34944, 31.41899 ] } },
{ "type": "Feature", "properties": { "Incident ID": "40513-61596", "Date": "5/13/2024", "Display Date": "13-May-24", "Town/City": "Rafah", "Location Name": null, "Location Type": "vehicle", "Lat": 31.282901, "Lon": 34.272915, "Display Latitude": 31.2829, "Display Longitude": 34.27291, "Category": "Aid", "Incident Type": "aid_convoy", "Incident Tags": "Attack on aid | Attack on evacuation area | Attack on aid personnel", "Verification": "CONFIRMED", "Media Link": null, "Source Merged": "https://www.ndtv.com/india-news/who-is-col-waibhav-anil-kale-ex-indian-army-officer-killed-in-gaza-5666604", "Display Sources": { "url": "https://www.ndtv.com/india-news/who-is-col-waibhav-anil-kale-ex-indian-army-officer-killed-in-gaza-5666604", "text": "ndtv.com" }, "Display Visual Evidence": null }, "geometry": { "type": "Point", "coordinates": [ 34.27291, 31.2829 ] } },
{ "type": "Feature", "properties": { "Incident ID": "40302-59207", "Date": "3/2/2024", "Display Date": "2-Mar-24", "Town/City": "Gaza City", "Location Name": null, "Location Type": "drinking_water", "Lat": 31.50169, "Lon": 34.46684, "Display Latitude": 31.50169, "Display Longitude": 34.46684, "Category": "Aid", "Incident Type": "aid_infrastructure", "Incident Tags": "Attack on aid | Attack on evacuation route", "Verification": "MOST LIKELY", "Media Link": null, "Source Merged": null, "Display Sources": null, "Display Visual Evidence": null }, "geometry": { "type": "Point", "coordinates": [ 34.46684, 31.50169 ] } },
{ "type": "Feature", "properties": { "Incident ID": "40131-04039", "Date": "1/31/2024", "Display Date": "31-Jan-24", "Town/City": "regional zone 2", "Location Name": null, "Location Type": "drinking_water", "Lat": 31.2485, "Lon": 34.2582, "Display Latitude": 31.2485, "Display Longitude": 34.2582, "Category": "Aid", "Incident Type": "aid_infrastructure", "Incident Tags": "Attack on aid", "Verification": "MOST LIKELY", "Media Link": null, "Source Merged": null, "Display Sources": null, "Display Visual Evidence": null }, "geometry": { "type": "Point", "coordinates": [ 34.2582, 31.2485 ] } },
{ "type": "Feature", "properties": { "Incident ID": "40128-28129", "Date": "1/28/2024", "Display Date": "28-Jan-24", "Town/City": "Gaza City", "Location Name": "Nabulsi Roundabout", "Location Type": null, "Lat": 31.505083, "Lon": 34.416306, "Display Latitude": 31.50508, "Display Longitude": 34.41631, "Category": "Aid", "Incident Type": "civilians_seeking_aid", "Incident Tags": "Attack on civilians seeking aid", "Verification": "CONFIRMED", "Media Link": "https://x.com/muhammadshehad2/status/1763651267237216587", "Source Merged": null, "Display Sources": null, "Display Visual Evidence": "https://x.com/muhammadshehad2/status/1763651267237216587" }, "geometry": { "type": "Point", "coordinates": [ 34.41631, 31.50508 ] } },
{ "type": "Feature", "properties": { "Incident ID": "40409-19956", "Date": "4/9/2024", "Display Date": "9-Apr-24", "Town/City": "Gaza City", "Location Name": null, "Location Type": null, "Lat": 31.50169, "Lon": 34.46684, "Display Latitude": 31.50169, "Display Longitude": 34.46684, "Category": "Aid", "Incident Type": "aid_personnel", "Incident Tags": "Attack on aid personnel | Attack on evacuation route", "Verification": "CONFIRMED", "Media Link": null, "Source Merged": "https://x.com/AJABreaking/status/1777511895655682284", "Display Sources": { "url": "https://x.com/AJABreaking/status/1777511895655682284", "text": "AJABreaking" }, "Display Visual Evidence": null }, "geometry": { "type": "Point", "coordinates": [ 34.46684, 31.50169 ] } },
{ "type": "Feature", "properties": { "Incident ID": "40208-66298", "Date": "2/8/2024", "Display Date": "8-Feb-24", "Town/City": "Khan Younis", "Location Name": null, "Location Type": null, "Lat": 31.34718128, "Lon": 34.29265549, "Display Latitude": 31.34718, "Display Longitude": 34.29266, "Category": "Aid", "Incident Type": "civilians_seeking_aid", "Incident Tags": "Attack on civilians seeking aid", "Verification": "CONFIRMED", "Media Link": null, "Source Merged": "https://x.com/AJABreaking/status/1755562930211307729", "Display Sources": { "url": "https://x.com/AJABreaking/status/1755562930211307729", "text": "AJABreaking" }, "Display Visual Evidence": null }, "geometry": { "type": "Point", "coordinates": [ 34.29266, 31.34718 ] } },
{ "type": "Feature", "properties": { "Incident ID": "40209-47846", "Date": "2/9/2024", "Display Date": "9-Feb-24", "Town/City": "Khan Younis", "Location Name": "Nasser Hospital", "Location Type": "Hospital", "Lat": 31.34718128, "Lon": 34.29265549, "Display Latitude": 31.34718, "Display Longitude": 34.29266, "Category": "Aid", "Incident Type": "civilians_seeking_aid", "Incident Tags": "Attack on civilians seeking aid", "Verification": "CONFIRMED", "Media Link": "https://www.aljazeera.com/program/newsfeed/2024/2/9/israeli-snipers-kill-civilians-and-shoot-medics-at-gaza-hospital", "Source Merged": null, "Display Sources": null, "Display Visual Evidence": "https://www.aljazeera.com/program/newsfeed/2024/2/9/israeli-snipers-kill-civilians-and-shoot-medics-at-gaza-hospital" }, "geometry": { "type": "Point", "coordinates": [ 34.29266, 31.34718 ] } },
{ "type": "Feature", "properties": { "Incident ID": "40514-24036", "Date": "5/14/2024", "Display Date": "14-May-24", "Town/City": "Al-Nuseirat", "Location Name": "Nuseirat Warehouse", "Location Type": "Warehouse", "Lat": 31.450065, "Lon": 34.392934, "Display Latitude": 31.45006, "Display Longitude": 34.39293, "Category": "Aid", "Incident Type": "aid_infrastructure", "Incident Tags": "Attack on aid", "Verification": "CONFIRMED", "Media Link": "https://www.facebook.com/watch/?v=462901686251515", "Source Merged": "https://www.un.org/unispal/document/unrwa-situation-report-108-21may24/", "Display Sources": { "url": "https://www.un.org/unispal/document/unrwa-situation-report-108-21may24/", "text": "un.org" }, "Display Visual Evidence": "https://www.facebook.com/watch/?v=462901686251515" }, "geometry": { "type": "Point", "coordinates": [ 34.39293, 31.45006 ] } },
{ "type": "Feature", "properties": { "Incident ID": "40202-57198", "Date": "2/2/2024", "Display Date": "2-Feb-24", "Town/City": "Gaza City", "Location Name": "Central medicine warehouse of the Ministry of Health", "Location Type": "Warehouse", "Lat": 31.46955367, "Lon": 34.43149675, "Display Latitude": 31.46955, "Display Longitude": 34.4315, "Category": "Aid", "Incident Type": "aid_infrastructure", "Incident Tags": "Attack on aid", "Verification": "CONFIRMED", "Media Link": null, "Source Merged": "https://x.com/AJABreaking/status/1753399608019992607", "Display Sources": { "url": "https://x.com/AJABreaking/status/1753399608019992607", "text": "AJABreaking" }, "Display Visual Evidence": null }, "geometry": { "type": "Point", "coordinates": [ 34.4315, 31.46955 ] } },
{ "type": "Feature", "properties": { "Incident ID": "31107-19723", "Date": "11/7/2023", "Display Date": "7-Nov-23", "Town/City": "Gaza City", "Location Name": "International Committee of the Red Cross", "Location Type": "vehicle", "Lat": 31.50169, "Lon": 34.46684, "Display Latitude": 31.50169, "Display Longitude": 34.46684, "Category": "Aid", "Incident Type": "aid_convoy", "Incident Tags": "Attack on aid | Attack on evacuation route | Attack on UNRWA aid distribution", "Verification": "CONFIRMED", "Media Link": null, "Source Merged": "https://www.icrc.org/en/document/israel-and-occupied-territories-icrc-decries-shooting-its-humanitarian-convoy-gaza; https://www.unocha.org/publications/report/occupied-palestinian-territory/hostilities-gaza-strip-and-israel-flash-update-32 ", "Display Sources": { "url": "https://www.icrc.org/en/document/israel-and-occupied-territories-icrc-decries-shooting-its-humanitarian-convoy-gaza; https://www.unocha.org/publications/report/occupied-palestinian-territory/hostilities-gaza-strip-and-israel-flash-update-32", "text": "icrc.org" }, "Display Visual Evidence": null }, "geometry": { "type": "Point", "coordinates": [ 34.46684, 31.50169 ] } },
{ "type": "Feature", "properties": { "Incident ID": "40514-76301", "Date": "5/13/2024", "Display Date": "13-May-24", "Town/City": "regional zone 2", "Location Name": null, "Location Type": "Vehicle", "Lat": 31.2485, "Lon": 34.2582, "Display Latitude": 31.2485, "Display Longitude": 34.2582, "Category": "Aid", "Incident Type": "aid_personnel", "Incident Tags": "Attack on aid personnel", "Verification": "CONFIRMED", "Media Link": null, "Source Merged": "https://www.un.org/sg/en/content/sg/statement/2024-05-13/statement-attributable-the-spokesperson-for-the-secretary-general-%E2%80%93-security-incident-gaza", "Display Sources": { "url": "https://www.un.org/sg/en/content/sg/statement/2024-05-13/statement-attributable-the-spokesperson-for-the-secretary-general-%E2%80%93-security-incident-gaza", "text": "un.org" }, "Display Visual Evidence": null }, "geometry": { "type": "Point", "coordinates": [ 34.2582, 31.2485 ] } },
{ "type": "Feature", "properties": { "Incident ID": "40623-20468", "Date": "6/23/2024", "Display Date": "23-Jun-24", "Town/City": "Gaza City", "Location Name": "UNRWA college, previously HQ", "Location Type": "UNRWA_HQ", "Lat": 31.50169, "Lon": 34.46684, "Display Latitude": 31.50169, "Display Longitude": 34.46684, "Category": "Aid", "Incident Type": "attack_IDP", "Incident Tags": "Attack on displaced civilians | Attack on UNRWA aid distribution", "Verification": "CONFIRMED", "Media Link": "https://img-s-msn-com.akamaized.net/tenant/amp/entityid/BB1oJwIQ.img?w=768&h=547&m=6 ", "Source Merged": "https://www.msn.com/en-sg/news/world/at-least-four-killed-in-israeli-air-strike-on-unrwa-aid-centre-in-gaza/ar-BB1oJz9m, https://www.reuters.com/world/middle-east/israeli-tanks-edge-rafahs-mawasi-refuge-zone-residents-say-2024-06-23/", "Display Sources": { "url": "https://www.msn.com/en-sg/news/world/at-least-four-killed-in-israeli-air-strike-on-unrwa-aid-centre-in-gaza/ar-BB1oJz9m", "text": "msn.com" }, "Display Visual Evidence": "https://img-s-msn-com.akamaized.net/tenant/amp/entityid/BB1oJwIQ.img?w=768&h=547&m=6" }, "geometry": { "type": "Point", "coordinates": [ 34.46684, 31.50169 ] } },
{ "type": "Feature", "properties": { "Incident ID": "40624-31440", "Date": "6/24/2024", "Display Date": "24-Jun-24", "Town/City": "Bani Suheila", "Location Name": null, "Location Type": null, "Lat": 31.34205266, "Lon": 34.32529825, "Display Latitude": 31.34205, "Display Longitude": 34.3253, "Category": "Aid", "Incident Type": "civilians_seeking_aid", "Incident Tags": "Attack on civilians seeking aid", "Verification": "CONFIRMED", "Media Link": null, "Source Merged": "https://www.reuters.com/world/middle-east/israel-kills-senior-gaza-health-official-tanks-push-deeper-into-rafah-2024-06-24/, https://www.aljazeera.com/news/liveblog/2024/6/24/israel-war-on-gaza-live-israeli-tanks-surround-al-mawasi-safe-zone ", "Display Sources": { "url": "https://www.reuters.com/world/middle-east/israel-kills-senior-gaza-health-official-tanks-push-deeper-into-rafah-2024-06-24/", "text": "reuters.com" }, "Display Visual Evidence": null }, "geometry": { "type": "Point", "coordinates": [ 34.3253, 31.34205 ] } },
{ "type": "Feature", "properties": { "Incident ID": "40624-61627", "Date": "6/24/2024", "Display Date": "24-Jun-24", "Town/City": "Gaza City", "Location Name": "Food distribution center near Shati camp", "Location Type": null, "Lat": 31.53729081, "Lon": 34.45358252, "Display Latitude": 31.53729, "Display Longitude": 34.45358, "Category": "Aid", "Incident Type": "civilians_seeking_aid", "Incident Tags": "Attack on civilians seeking aid", "Verification": "CONFIRMED", "Media Link": null, "Source Merged": "https://www.reuters.com/world/middle-east/israel-kills-senior-gaza-health-official-tanks-push-deeper-into-rafah-2024-06-24/", "Display Sources": { "url": "https://www.reuters.com/world/middle-east/israel-kills-senior-gaza-health-official-tanks-push-deeper-into-rafah-2024-06-24/", "text": "reuters.com" }, "Display Visual Evidence": null }, "geometry": { "type": "Point", "coordinates": [ 34.45358, 31.53729 ] } },
{ "type": "Feature", "properties": { "Incident ID": "40617-75719", "Date": "6/17/2024", "Display Date": "17-Jun-24", "Town/City": "regional zone 2", "Location Name": null, "Location Type": null, "Lat": 31.2485, "Lon": 34.2582, "Display Latitude": 31.2485, "Display Longitude": 34.2582, "Category": "Aid", "Incident Type": "civilians_seeking_aid", "Incident Tags": "Attack on civilians seeking aid | Attack on aid personnel", "Verification": "CONFIRMED", "Media Link": null, "Source Merged": "https://www.cnn.com/middleeast/live-news/israel-hamas-war-gaza-news-06-17-24#h_e456aa72e98e9503572dda04be1bfee0,https://x.com/sabrifarra24/status/1802755798063300741,https://x.com/tamerqdh/status/1803408242187374711", "Display Sources": { "url": "https://www.cnn.com/middleeast/live-news/israel-hamas-war-gaza-news-06-17-24#h_e456aa72e98e9503572dda04be1bfee0", "text": "cnn.com" }, "Display Visual Evidence": null }, "geometry": { "type": "Point", "coordinates": [ 34.2582, 31.2485 ] } },
{ "type": "Feature", "properties": { "Incident ID": "40613-61575", "Date": "6/13/2024", "Display Date": "13-Jun-24", "Town/City": "regional zone 2", "Location Name": "Aid warehouse by Humanity & Inclusion UK", "Location Type": "Warehouse", "Lat": 31.2485, "Lon": 34.2582, "Display Latitude": 31.2485, "Display Longitude": 34.2582, "Category": "Aid", "Incident Type": "aid_infrastructure", "Incident Tags": "Attack on aid", "Verification": "CONFIRMED", "Media Link": null, "Source Merged": "https://www.humanity-inclusion.org.uk/en/gaza-destruction-of-hi-s-warehouse-in-rafah#:~:text=Gaza%3A%20HI%20strongly%20condemns%20the,mattresses%2C%20jerrycans%2C%20etc.)", "Display Sources": { "url": "https://www.humanity-inclusion.org.uk/en/gaza-destruction-of-hi-s-warehouse-in-rafah#:~:text=Gaza%3A%20HI%20strongly%20condemns%20the", "text": "humanity-inclusion.org.uk" }, "Display Visual Evidence": null }, "geometry": { "type": "Point", "coordinates": [ 34.2582, 31.2485 ] } },
{ "type": "Feature", "properties": { "Incident ID": "40619-04361", "Date": "6/19/2024", "Display Date": "19-Jun-24", "Town/City": "regional zone 2", "Location Name": null, "Location Type": null, "Lat": 31.224956, "Lon": 34.27092, "Display Latitude": 31.22496, "Display Longitude": 34.27092, "Category": "Aid", "Incident Type": "civilians_seeking_aid", "Incident Tags": "Attack on civilians seeking aid", "Verification": "CONFIRMED", "Media Link": "https://www.aljazeera.com/wp-content/uploads/2024/06/AFP__20240618__34XC7NT__v2__HighRes__PalestinianIsraelConflict-1718772408.jpg?resize=570%2C380&quality=80 ", "Source Merged": "https://aje.io/f5hqaa?update=2985969", "Display Sources": { "url": "https://aje.io/f5hqaa?update=2985969", "text": "aje.io" }, "Display Visual Evidence": "https://www.aljazeera.com/wp-content/uploads/2024/06/AFP__20240618__34XC7NT__v2__HighRes__PalestinianIsraelConflict-1718772408.jpg?resize=570%2C380&quality=80" }, "geometry": { "type": "Point", "coordinates": [ 34.27092, 31.22496 ] } },
{ "type": "Feature", "properties": { "Incident ID": "40703-63757", "Date": "7/2/2024", "Display Date": "2-Jul-24", "Town/City": "Gaza City", "Location Name": "Al-Zaytoun Market", "Location Type": "market", "Lat": 31.51761072, "Lon": 34.44957528, "Display Latitude": 31.51761, "Display Longitude": 34.44958, "Category": "Aid", "Incident Type": "aid_market", "Incident Tags": "Attack on aid", "Verification": "CONFIRMED", "Media Link": "https://www.aljazeera.com/program/newsfeed/2024/7/3/distressing-images-aftermath-of-a-strike-on-a-market-in-gaza-city ", "Source Merged": null, "Display Sources": null, "Display Visual Evidence": "https://www.aljazeera.com/program/newsfeed/2024/7/3/distressing-images-aftermath-of-a-strike-on-a-market-in-gaza-city" }, "geometry": { "type": "Point", "coordinates": [ 34.44958, 31.51761 ] } },
{ "type": "Feature", "properties": { "Incident ID": "40721-32028", "Date": "7/21/2024", "Display Date": "21-Jul-24", "Town/City": "Gaza City", "Location Name": "Salah al-Din road", "Location Type": "vehicle", "Lat": 31.46955367, "Lon": 34.43149675, "Display Latitude": 31.46955, "Display Longitude": 34.4315, "Category": "Aid", "Incident Type": "aid_personnel", "Incident Tags": "Attack on aid personnel | Attack on evacuation route | Attack on UNRWA aid distribution", "Verification": "CONFIRMED", "Media Link": null, "Source Merged": "https://www.unrwa.org/newsroom/official-statements/heavy-shooting-israeli-forces-un-convoy-heading-gaza-city", "Display Sources": { "url": "https://www.unrwa.org/newsroom/official-statements/heavy-shooting-israeli-forces-un-convoy-heading-gaza-city", "text": "unrwa.org" }, "Display Visual Evidence": null }, "geometry": { "type": "Point", "coordinates": [ 34.4315, 31.46955 ] } },
{ "type": "Feature", "properties": { "Incident ID": "40330-27504", "Date": "3/30/2024", "Display Date": "30-Mar-24", "Town/City": "Gaza City", "Location Name": null, "Location Type": null, "Lat": 31.47977, "Lon": 34.44226, "Display Latitude": 31.47977, "Display Longitude": 34.44226, "Category": "Aid", "Incident Type": "aid_personnel", "Incident Tags": "Attack on aid personnel | Attack on evacuation route | Attack on civilians seeking aid", "Verification": "CONFIRMED", "Media Link": null, "Source Merged": "https://www.aljazeera.net/news/2024/3/31/%D8%A7%D9%84%D9%84%D8%AC%D8%A7%D9%86-%D8%A7%D9%84%D8%B9%D8%B4%D8%A7%D8%A6%D8%B1%D9%8A%D8%A9-%D8%A8%D8%BA%D8%B2%D8%A9-%D8%AA%D8%B9%D9%84%D9%86-%D9%88%D9%82%D9%81-%D8%AA%D8%A3%D9%85%D9%8A%D9%86-2", "Display Sources": { "url": "https://www.aljazeera.net/news/2024/3/31/%D8%A7%D9%84%D9%84%D8%AC%D8%A7%D9%86-%D8%A7%D9%84%D8%B9%D8%B4%D8%A7%D8%A6%D8%B1%D9%8A%D8%A9-%D8%A8%D8%BA%D8%B2%D8%A9-%D8%AA%D8%B9%D9%84%D9%86-%D9%88%D9%82%D9%81-%D8%AA%D8%A3%D9%85%D9%8A%D9%86-2", "text": "aljazeera.net" }, "Display Visual Evidence": null }, "geometry": { "type": "Point", "coordinates": [ 34.44226, 31.47977 ] } },
{ "type": "Feature", "properties": { "Incident ID": "40612-74960", "Date": "6/12/2024", "Display Date": "12-Jun-24", "Town/City": "regional zone 2", "Location Name": "Warehouse Atlas Logistique", "Location Type": "Warehouse", "Lat": 31.2485, "Lon": 34.2582, "Display Latitude": 31.2485, "Display Longitude": 34.2582, "Category": "Aid", "Incident Type": "aid_infrastructure", "Incident Tags": "Attack on aid", "Verification": "CONFIRMED", "Media Link": null, "Source Merged": "https://www.hi-us.org/en/gaza--destruction-of-hi-s-warehouse-in-rafah", "Display Sources": { "url": "https://www.hi-us.org/en/gaza--destruction-of-hi-s-warehouse-in-rafah", "text": "hi-us.org" }, "Display Visual Evidence": null }, "geometry": { "type": "Point", "coordinates": [ 34.2582, 31.2485 ] } },
{ "type": "Feature", "properties": { "Incident ID": "40526-35114", "Date": "5/26/2024", "Display Date": "26-May-24", "Town/City": "regional zone 4", "Location Name": "Rafah Logistics Base", "Location Type": "Warehouse", "Lat": 31.3176208, "Lon": 34.24940342, "Display Latitude": 31.31762, "Display Longitude": 34.2494, "Category": "Aid", "Incident Type": "aid_infrastructure", "Incident Tags": "Attack on aid | Attack on UNRWA aid distribution", "Verification": "CONFIRMED", "Media Link": null, "Source Merged": "UNRWA", "Display Sources": { "url": "UNRWA" }, "Display Visual Evidence": null }, "geometry": { "type": "Point", "coordinates": [ 34.2494, 31.31762 ] } },
{ "type": "Feature", "properties": { "Incident ID": "40711-36052", "Date": "7/11/2024", "Display Date": "11-Jul-24", "Town/City": "Al-Nuseirat", "Location Name": "Nuseirat Warehouse", "Location Type": "Warehouse", "Lat": 31.440931, "Lon": 34.39235, "Display Latitude": 31.44093, "Display Longitude": 34.39235, "Category": "Aid", "Incident Type": "aid_infrastructure", "Incident Tags": "Attack on aid | Attack on UNRWA aid distribution", "Verification": "CONFIRMED", "Media Link": null, "Source Merged": "UNRWA", "Display Sources": { "url": "UNRWA" }, "Display Visual Evidence": null }, "geometry": { "type": "Point", "coordinates": [ 34.39235, 31.44093 ] } },
{ "type": "Feature", "properties": { "Incident ID": "40525-67957", "Date": "5/25/2024", "Display Date": "25-May-24", "Town/City": "Al-Nuseirat", "Location Name": "Nuseirat Distribution Centre", "Location Type": "Warehouse", "Lat": 31.44789771, "Lon": 34.38895502, "Display Latitude": 31.4479, "Display Longitude": 34.38896, "Category": "Aid", "Incident Type": "aid_infrastructure", "Incident Tags": "Attack on aid | Attack on UNRWA aid distribution", "Verification": "CONFIRMED", "Media Link": null, "Source Merged": "UNRWA", "Display Sources": { "url": "UNRWA" }, "Display Visual Evidence": null }, "geometry": { "type": "Point", "coordinates": [ 34.38896, 31.4479 ] } },
{ "type": "Feature", "properties": { "Incident ID": "40523-99705", "Date": "5/23/2024", "Display Date": "23-May-24", "Town/City": "Rafah", "Location Name": "Lazord Hall Warehouse", "Location Type": "Warehouse", "Lat": 31.304398, "Lon": 34.248268, "Display Latitude": 31.3044, "Display Longitude": 34.24827, "Category": "Aid", "Incident Type": "aid_infrastructure", "Incident Tags": "Attack on aid | Attack on UNRWA aid distribution", "Verification": "CONFIRMED", "Media Link": null, "Source Merged": "UNRWA", "Display Sources": { "url": "UNRWA" }, "Display Visual Evidence": null }, "geometry": { "type": "Point", "coordinates": [ 34.24827, 31.3044 ] } },
{ "type": "Feature", "properties": { "Incident ID": "40508-75305", "Date": "5/8/2024", "Display Date": "8-May-24", "Town/City": "Rafah", "Location Name": "Rafah East Distribution Centre", "Location Type": "Warehouse", "Lat": 31.27670504, "Lon": 34.25900542, "Display Latitude": 31.27671, "Display Longitude": 34.25901, "Category": "Aid", "Incident Type": "aid_infrastructure", "Incident Tags": "Attack on aid | Attack on UNRWA aid distribution", "Verification": "CONFIRMED", "Media Link": null, "Source Merged": "UNRWA", "Display Sources": { "url": "UNRWA" }, "Display Visual Evidence": null }, "geometry": { "type": "Point", "coordinates": [ 34.25901, 31.27671 ] } },
{ "type": "Feature", "properties": { "Incident ID": "40104-99234", "Date": "1/4/2024", "Display Date": "4-Jan-24", "Town/City": "Az-Zawayda", "Location Name": "Zawayda NFI store", "Location Type": "Warehouse", "Lat": 31.42501551, "Lon": 34.37509524, "Display Latitude": 31.42502, "Display Longitude": 34.3751, "Category": "Aid", "Incident Type": "aid_infrastructure", "Incident Tags": "Attack on aid | Attack on UNRWA aid distribution", "Verification": "CONFIRMED", "Media Link": null, "Source Merged": "UNRWA", "Display Sources": { "url": "UNRWA" }, "Display Visual Evidence": null }, "geometry": { "type": "Point", "coordinates": [ 34.3751, 31.42502 ] } },
{ "type": "Feature", "properties": { "Incident ID": "31016-21553", "Date": "10/16/2023", "Display Date": "16-Oct-23", "Town/City": "Gaza City", "Location Name": "Sabra Distribution Centre/South Gaza Distribution Centre", "Location Type": "Warehouse", "Lat": 31.501909, "Lon": 34.430172, "Display Latitude": 31.50191, "Display Longitude": 34.43017, "Category": "Aid", "Incident Type": "aid_infrastructure", "Incident Tags": "Attack on aid | Attack on UNRWA aid distribution", "Verification": "CONFIRMED", "Media Link": null, "Source Merged": "UNRWA", "Display Sources": { "url": "UNRWA" }, "Display Visual Evidence": null }, "geometry": { "type": "Point", "coordinates": [ 34.43017, 31.50191 ] } },
{ "type": "Feature", "properties": { "Incident ID": "40820-63679", "Date": "8/20/2024", "Display Date": "20-Aug-24", "Town/City": "Deir al-Balah", "Location Name": null, "Location Type": "market", "Lat": 31.418995, "Lon": 34.349442, "Display Latitude": 31.41899, "Display Longitude": 34.34944, "Category": "Aid", "Incident Type": "aid_market", "Incident Tags": "Attack on aid", "Verification": "CONFIRMED", "Media Link": null, "Source Merged": "https://www.aljazeera.com/news/2024/8/20/israel-strikes-market-and-school-in-gaza-killing-at-least-20-palestinians", "Display Sources": { "url": "https://www.aljazeera.com/news/2024/8/20/israel-strikes-market-and-school-in-gaza-killing-at-least-20-palestinians", "text": "aljazeera.com" }, "Display Visual Evidence": null }, "geometry": { "type": "Point", "coordinates": [ 34.34944, 31.41899 ] } },
{ "type": "Feature", "properties": { "Incident ID": "40416-32589", "Date": "4/16/2024", "Display Date": "16-Apr-24", "Town/City": "Al-Maghazi", "Location Name": null, "Location Type": "market", "Lat": 31.42197, "Lon": 34.38353, "Display Latitude": 31.42197, "Display Longitude": 34.38353, "Category": "Aid", "Incident Type": "aid_market", "Incident Tags": "Attack on aid", "Verification": "CONFIRMED", "Media Link": null, "Source Merged": "https://www.amnesty.org/en/latest/news/2024/05/israel-opt-israeli-air-strikes-that-killed-44-civilians-further-evidence-of-war-crimes-new-investigation/, https://www.aljazeera.com/news/liveblog/2024/4/17/israels-war-on-gaza-live-eleven-killed-in-israeli-strike-on-refugee-camp", "Display Sources": { "url": "https://www.amnesty.org/en/latest/news/2024/05/israel-opt-israeli-air-strikes-that-killed-44-civilians-further-evidence-of-war-crimes-new-investigation/", "text": "amnesty.org" }, "Display Visual Evidence": null }, "geometry": { "type": "Point", "coordinates": [ 34.38353, 31.42197 ] } },
{ "type": "Feature", "properties": { "Incident ID": "40531-94216", "Date": "5/31/2024", "Display Date": "31-May-24", "Town/City": "Al-Nuseirat", "Location Name": null, "Location Type": "public_kitchen", "Lat": 31.45023665, "Lon": 34.38909686, "Display Latitude": 31.45024, "Display Longitude": 34.3891, "Category": "Aid", "Incident Type": "aid_personnel", "Incident Tags": "Attack on aid personnel", "Verification": "CONFIRMED", "Media Link": "https://x.com/QudsNen/status/1796452802082005404 , https://x.com/RamAbdu/status/1796416325281370327, https://x.com/RemonJil35343/status/1796396781552734219", "Source Merged": null, "Display Sources": null, "Display Visual Evidence": "https://x.com/QudsNen/status/1796452802082005404 | https://x.com/RamAbdu/status/1796416325281370327 | https://x.com/RemonJil35343/status/1796396781552734219" }, "geometry": { "type": "Point", "coordinates": [ 34.3891, 31.45024 ] } },
{ "type": "Feature", "properties": { "Incident ID": "40716-63807", "Date": "7/16/2024", "Display Date": "16-Jul-24", "Town/City": "regional zone 2", "Location Name": null, "Location Type": null, "Lat": 31.34842383, "Lon": 34.25618215, "Display Latitude": 31.34842, "Display Longitude": 34.25618, "Category": "Aid", "Incident Type": "civilians_seeking_aid", "Incident Tags": "Attack on civilians seeking aid", "Verification": "CONFIRMED", "Media Link": null, "Source Merged": "https://www.ochaopt.org/content/humanitarian-situation-update-193-gaza-strip?_gl=1*vggrq*_ga*ODU5NTQzNzU2LjE3MjExMjcyMTI.*_ga_E60ZNX2F68*MTcyNDg0OTA2OS42LjEuMTcyNDg1MDQ4MC42MC4wLjA.", "Display Sources": { "url": "https://www.ochaopt.org/content/humanitarian-situation-update-193-gaza-strip?_gl=1*vggrq*_ga*ODU5NTQzNzU2LjE3MjExMjcyMTI.*_ga_E60ZNX2F68*MTcyNDg0OTA2OS42LjEuMTcyNDg1MDQ4MC42MC4wLjA.", "text": "ochaopt.org" }, "Display Visual Evidence": null }, "geometry": { "type": "Point", "coordinates": [ 34.25618, 31.34842 ] } },
{ "type": "Feature", "properties": { "Incident ID": "40309-73269", "Date": "3/9/2024", "Display Date": "9-Mar-24", "Town/City": "Rafah", "Location Name": "Shelter for aid workers, registered with COGAT", "Location Type": null, "Lat": 31.28554, "Lon": 34.27128, "Display Latitude": 31.28554, "Display Longitude": 34.27128, "Category": "Aid", "Incident Type": "aid_personnel", "Incident Tags": "Attack on aid personnel | Attack on destination area", "Verification": "CONFIRMED", "Media Link": null, "Source Merged": "https://www.anera.org/press/us-ngo-worker-killed-in-israeli-airstrike/", "Display Sources": { "url": "https://www.anera.org/press/us-ngo-worker-killed-in-israeli-airstrike/", "text": "anera.org" }, "Display Visual Evidence": null }, "geometry": { "type": "Point", "coordinates": [ 34.27128, 31.28554 ] } },
{ "type": "Feature", "properties": { "Incident ID": "40729-68206", "Date": "7/29/2024", "Display Date": "29-Jul-24", "Town/City": "Rafah", "Location Name": "Main water tank in Rafah", "Location Type": "Warehouse", "Lat": 31.308817, "Lon": 34.241153, "Display Latitude": 31.30882, "Display Longitude": 34.24115, "Category": "Aid", "Incident Type": "aid_infrastructure", "Incident Tags": "Attack on aid", "Verification": "CONFIRMED", "Media Link": null, "Source Merged": "https://www.alaraby.com/news/%D8%A7%D8%B3%D8%AA%D9%85%D8%B1%D8%A7%D8%B1-%D9%84%D8%B3%D9%8A%D8%A7%D8%B3%D8%A9-%D8%A7%D9%84%D8%AA%D8%B9%D8%B7%D9%8A%D8%B4-%D8%A7%D9%84%D8%AC%D9%8A%D8%B4-%D8%A7%D9%84%D8%A5%D8%B3%D8%B1%D8%A7%D8%A6%D9%8A%D9%84%D9%8A-%D9%8A%D9%81%D8%AC%D8%B1-%D8%AE%D8%B2%D8%A7%D9%86-%D9%85%D9%8A%D8%A7%D9%87-%D8%B1%D9%81%D8%AD", "Display Sources": { "url": "https://www.alaraby.com/news/%D8%A7%D8%B3%D8%AA%D9%85%D8%B1%D8%A7%D8%B1-%D9%84%D8%B3%D9%8A%D8%A7%D8%B3%D8%A9-%D8%A7%D9%84%D8%AA%D8%B9%D8%B7%D9%8A%D8%B4-%D8%A7%D9%84%D8%AC%D9%8A%D8%B4-%D8%A7%D9%84%D8%A5%D8%B3%D8%B1%D8%A7%D8%A6%D9%8A%D9%84%D9%8A-%D9%8A%D9%81%D8%AC%D8%B1-%D8%AE%D8%B2%D8%A7%D9%86-%D9%85%D9%8A%D8%A7%D9%87-%D8%B1%D9%81%D8%AD", "text": "alaraby.com" }, "Display Visual Evidence": null }, "geometry": { "type": "Point", "coordinates": [ 34.24115, 31.30882 ] } },
{ "type": "Feature", "properties": { "Incident ID": "40829-20578", "Date": "8/29/2024", "Display Date": "29-Aug-24", "Town/City": null, "Location Name": null, "Location Type": null, "Lat": 31.30688888, "Lon": 34.24605344, "Display Latitude": 31.30689, "Display Longitude": 34.24605, "Category": "Aid", "Incident Type": "aid_convoy", "Incident Tags": "Attack on aid", "Verification": "CONFIRMED", "Media Link": null, "Source Merged": "https://www.ft.com/content/63102748-a8ec-4b2a-a565-dd2ecdb793a3; https://www.aljazeera.com/news/2024/8/30/several-killed-in-israeli-attack-on-gaza-medical-convoy-aid-group-says", "Display Sources": { "url": "https://www.ft.com/content/63102748-a8ec-4b2a-a565-dd2ecdb793a3; https://www.aljazeera.com/news/2024/8/30/several-killed-in-israeli-attack-on-gaza-medical-convoy-aid-group-says", "text": "ft.com" }, "Display Visual Evidence": null }, "geometry": { "type": "Point", "coordinates": [ 34.24605, 31.30689 ] } },
{ "type": "Feature", "properties": { "Incident ID": "40827-04692", "Date": "8/27/2024", "Display Date": "27-Aug-24", "Town/City": "Al-Mughraqa", "Location Name": null, "Location Type": null, "Lat": 31.46232399, "Lon": 34.41745648, "Display Latitude": 31.46232, "Display Longitude": 34.41746, "Category": "Aid", "Incident Type": "aid_convoy", "Incident Tags": "Attack on aid", "Verification": "CONFIRMED", "Media Link": "https://www.aljazeera.com/wp-content/uploads/2024/08/2024-08-28T212506Z_1001045246_RC21P9AUYRVE_RTRMADP_3_ISRAEL-PALESTINIANS-UN-1724911083.jpg?resize=770%2C513&quality=80", "Source Merged": "https://www.aljazeera.com/news/2024/8/29/wfp-suspends-staff-movements-in-gaza-after-israeli-forces-attack-its-team", "Display Sources": { "url": "https://www.aljazeera.com/news/2024/8/29/wfp-suspends-staff-movements-in-gaza-after-israeli-forces-attack-its-team", "text": "aljazeera.com" }, "Display Visual Evidence": "https://www.aljazeera.com/wp-content/uploads/2024/08/2024-08-28T212506Z_1001045246_RC21P9AUYRVE_RTRMADP_3_ISRAEL-PALESTINIANS-UN-1724911083.jpg?resize=770%2C513&quality=80" }, "geometry": { "type": "Point", "coordinates": [ 34.41746, 31.46232 ] } },
{ "type": "Feature", "properties": { "Incident ID": "30910-00335", "Date": "10/10/2023", "Display Date": "10-Oct-23", "Town/City": "Jabalia", "Location Name": "Oasis Bakery, Jabalia Camp", "Location Type": "Bakery", "Lat": 31.53178146, "Lon": 34.49846887, "Display Latitude": 31.53178, "Display Longitude": 34.49847, "Category": "Aid, Infrastructure", "Incident Type": "aid_bakery", "Incident Tags": "Attack on aid", "Verification": "CONFIRMED", "Media Link": "https://www.facebook.com/drshadizaza/posts/pfbid02mzBFGxQt4LwiYfdBxkF7pbMRXrTeSKQYL5KNxkwdjs82X15D7fRVtkeAsmRJ3cenl", "Source Merged": "https://t.me/ShehabTelegram/408309", "Display Sources": { "url": "https://t.me/ShehabTelegram/408309", "text": "ShehabTelegram" }, "Display Visual Evidence": "https://www.facebook.com/drshadizaza/posts/pfbid02mzBFGxQt4LwiYfdBxkF7pbMRXrTeSKQYL5KNxkwdjs82X15D7fRVtkeAsmRJ3cenl" }, "geometry": { "type": "Point", "coordinates": [ 34.49847, 31.53178 ] } },
{ "type": "Feature", "properties": { "Incident ID": "31011-27222", "Date": "10/11/2023", "Display Date": "11-Oct-23", "Town/City": "Gaza City", "Location Name": "Ajour Bakery, Sidra - Shaaban Street", "Location Type": "Bakery", "Lat": 31.50682309, "Lon": 34.46906418, "Display Latitude": 31.50682, "Display Longitude": 34.46906, "Category": "Aid, Infrastructure", "Incident Type": "aid_bakery", "Incident Tags": "Attack on aid", "Verification": "CONFIRMED", "Media Link": "https://www.facebook.com/allaa789/posts/pfbid02UsgHXHaaEaE4ViFfx9DAWXEbVway3jXL5uBuvzB7qW2TYFseX9WdGfMy9hLLjrkWl", "Source Merged": "https://t.me/ShehabTelegram/408309", "Display Sources": { "url": "https://t.me/ShehabTelegram/408309", "text": "ShehabTelegram" }, "Display Visual Evidence": "https://www.facebook.com/allaa789/posts/pfbid02UsgHXHaaEaE4ViFfx9DAWXEbVway3jXL5uBuvzB7qW2TYFseX9WdGfMy9hLLjrkWl" }, "geometry": { "type": "Point", "coordinates": [ 34.46906, 31.50682 ] } },
{ "type": "Feature", "properties": { "Incident ID": "31011-52623", "Date": "10/11/2023", "Display Date": "11-Oct-23", "Town/City": "Gaza City", "Location Name": "Al-Yaziji bakery, Public Security Branch", "Location Type": "Bakery", "Lat": 31.53983373, "Lon": 34.46453137, "Display Latitude": 31.53983, "Display Longitude": 34.46453, "Category": "Aid, Infrastructure", "Incident Type": "aid_bakery", "Incident Tags": "Attack on aid", "Verification": "CONFIRMED", "Media Link": "https://www.facebook.com/YazjiBG/posts/727301379436087?ref=embed_post", "Source Merged": null, "Display Sources": null, "Display Visual Evidence": "https://www.facebook.com/YazjiBG/posts/727301379436087?ref=embed_post" }, "geometry": { "type": "Point", "coordinates": [ 34.46453, 31.53983 ] } },
{ "type": "Feature", "properties": { "Incident ID": "31016-95735", "Date": "10/16/2023", "Display Date": "16-Oct-23", "Town/City": "Gaza City", "Location Name": "Ajjour Bakery, Sheikh Radwan", "Location Type": "Bakery", "Lat": 31.53719635, "Lon": 34.46781255, "Display Latitude": 31.5372, "Display Longitude": 34.46781, "Category": "Aid, Infrastructure", "Incident Type": "aid_bakery", "Incident Tags": "Attack on aid", "Verification": "CONFIRMED", "Media Link": "https://www.facebook.com/reel/350042000889396", "Source Merged": "https://www.facebook.com/reel/350042000889396", "Display Sources": { "url": "https://www.facebook.com/reel/350042000889396", "text": "facebook.com" }, "Display Visual Evidence": "https://www.facebook.com/reel/350042000889396" }, "geometry": { "type": "Point", "coordinates": [ 34.46781, 31.5372 ] } },
{ "type": "Feature", "properties": { "Incident ID": "31018-62573", "Date": "10/18/2023", "Display Date": "18-Oct-23", "Town/City": "Al-Nuseirat", "Location Name": "Al Nuseirat Automated Bakery", "Location Type": "Bakery", "Lat": 31.45076379, "Lon": 34.38845395, "Display Latitude": 31.45076, "Display Longitude": 34.38845, "Category": "Aid, Infrastructure", "Incident Type": "aid_bakery", "Incident Tags": "Attack on aid", "Verification": "CONFIRMED", "Media Link": "https://www.youtube.com/watch?v=kuCVDGo5Rt8", "Source Merged": "https://www.tiktok.com/@palestine_2003/video/7291297337253612833?q=%D9%85%D8%AE%D8%A8%D8%B2%20%D8%BA%D8%B2%D8%A9&t=1718204590413, https://x.com/WWIIIAR/status/1714601849095885183", "Display Sources": { "url": "https://www.tiktok.com/@palestine_2003/video/7291297337253612833?q=%D9%85%D8%AE%D8%A8%D8%B2%20%D8%BA%D8%B2%D8%A9&t=1718204590413", "text": "tiktok.com" }, "Display Visual Evidence": "https://www.youtube.com/watch?v=kuCVDGo5Rt8" }, "geometry": { "type": "Point", "coordinates": [ 34.38845, 31.45076 ] } },
{ "type": "Feature", "properties": { "Incident ID": "31020-14651", "Date": "10/20/2023", "Display Date": "20-Oct-23", "Town/City": "Gaza City", "Location Name": "Abu Hussam Al-Shanti Bakery", "Location Type": "Bakery", "Lat": 31.52725529, "Lon": 34.46601012, "Display Latitude": 31.52726, "Display Longitude": 34.46601, "Category": "Aid, Infrastructure", "Incident Type": "aid_bakery", "Incident Tags": "Attack on aid", "Verification": "CONFIRMED", "Media Link": "https://x.com/L_ThinkTank/status/1715264177852264687", "Source Merged": "https://t.me/ShehabTelegram/408309, https://www.aljazeera.com/gallery/2023/10/7/photos-israel-army-launches-air-attacks-on-gaza ", "Display Sources": { "url": "https://t.me/ShehabTelegram/408309", "text": "ShehabTelegram" }, "Display Visual Evidence": "https://x.com/L_ThinkTank/status/1715264177852264687" }, "geometry": { "type": "Point", "coordinates": [ 34.46601, 31.52726 ] } },
{ "type": "Feature", "properties": { "Incident ID": "31020-52940", "Date": "10/20/2023", "Display Date": "20-Oct-23", "Town/City": "Jabalia", "Location Name": "Bakery Alhlvouh automated", "Location Type": "Bakery", "Lat": 31.53667331, "Lon": 34.48778752, "Display Latitude": 31.53667, "Display Longitude": 34.48779, "Category": "Aid, Infrastructure", "Incident Type": "aid_bakery", "Incident Tags": "Attack on aid", "Verification": "CONFIRMED", "Media Link": null, "Source Merged": "https://t.me/ShehabTelegram/408309", "Display Sources": { "url": "https://t.me/ShehabTelegram/408309", "text": "ShehabTelegram" }, "Display Visual Evidence": null }, "geometry": { "type": "Point", "coordinates": [ 34.48779, 31.53667 ] } },
{ "type": "Feature", "properties": { "Incident ID": "31021-41258", "Date": "10/21/2023", "Display Date": "21-Oct-23", "Town/City": "Al-Nuseirat", "Location Name": "Al-Sufara Bakery", "Location Type": "Bakery", "Lat": 31.45546676, "Lon": 34.39084388, "Display Latitude": 31.45547, "Display Longitude": 34.39084, "Category": "Aid, Infrastructure", "Incident Type": "aid_bakery", "Incident Tags": "Attack on aid", "Verification": "CONFIRMED", "Media Link": "https://x.com/PalinfoAr/status/1715786052399440060?s=20", "Source Merged": "https://www.tiktok.com/@chouhamlac/video/7292554288402861317?q=%D9%85%D8%AE%D8%A8%D8%B2%20%D8%BA%D8%B2%D8%A9&t=1718204590413", "Display Sources": { "url": "https://www.tiktok.com/@chouhamlac/video/7292554288402861317?q=%D9%85%D8%AE%D8%A8%D8%B2%20%D8%BA%D8%B2%D8%A9&t=1718204590413", "text": "tiktok.com" }, "Display Visual Evidence": "https://x.com/PalinfoAr/status/1715786052399440060?s=20" }, "geometry": { "type": "Point", "coordinates": [ 34.39084, 31.45547 ] } },
{ "type": "Feature", "properties": { "Incident ID": "31024-20340", "Date": "10/24/2023", "Display Date": "24-Oct-23", "Town/City": "Al-Maghazi", "Location Name": "Al-Jadeed bakery", "Location Type": "Bakery", "Lat": 31.42197, "Lon": 34.38353, "Display Latitude": 31.42197, "Display Longitude": 34.38353, "Category": "Aid, Infrastructure", "Incident Type": "aid_bakery", "Incident Tags": "Attack on aid", "Verification": "CONFIRMED", "Media Link": "https://t.me/AlrayChannel/210109", "Source Merged": "https://x.com/RamAbdu/status/1717203105102672211", "Display Sources": { "url": "https://x.com/RamAbdu/status/1717203105102672211", "text": "RamAbdu" }, "Display Visual Evidence": "https://t.me/AlrayChannel/210109" }, "geometry": { "type": "Point", "coordinates": [ 34.38353, 31.42197 ] } },
{ "type": "Feature", "properties": { "Incident ID": "31025-60983", "Date": "10/25/2023", "Display Date": "25-Oct-23", "Town/City": "Gaza City", "Location Name": "Al-Sharq Bakery, Al-Jalaa Street", "Location Type": "Bakery", "Lat": 31.5215506, "Lon": 34.4608611, "Display Latitude": 31.52155, "Display Longitude": 34.46086, "Category": "Aid, Infrastructure", "Incident Type": "aid_bakery", "Incident Tags": "Attack on aid", "Verification": "CONFIRMED", "Media Link": null, "Source Merged": "https://x.com/Almeqdad/status/1717183157689016700, https://airwars.org/civilian-casualties/ispt0587-october-25-2023/ ", "Display Sources": { "url": "https://x.com/Almeqdad/status/1717183157689016700", "text": "Almeqdad" }, "Display Visual Evidence": null }, "geometry": { "type": "Point", "coordinates": [ 34.46086, 31.52155 ] } },
{ "type": "Feature", "properties": { "Incident ID": "31025-37319", "Date": "10/25/2023", "Display Date": "25-Oct-23", "Town/City": "Gaza City", "Location Name": "Khayrat Al-Sham Bakery, Tal Al-Hawa", "Location Type": "Bakery", "Lat": 31.51505523, "Lon": 34.45245181, "Display Latitude": 31.51506, "Display Longitude": 34.45245, "Category": "Aid, Infrastructure", "Incident Type": "aid_bakery", "Incident Tags": "Attack on aid", "Verification": "CONFIRMED", "Media Link": null, "Source Merged": "https://t.me/ShehabTelegram/408309", "Display Sources": { "url": "https://t.me/ShehabTelegram/408309", "text": "ShehabTelegram" }, "Display Visual Evidence": null }, "geometry": { "type": "Point", "coordinates": [ 34.45245, 31.51506 ] } },
{ "type": "Feature", "properties": { "Incident ID": "31101-41383", "Date": "11/1/2023", "Display Date": "1-Nov-23", "Town/City": "Gaza City", "Location Name": "Al Sharq al Jadid", "Location Type": "Bakery", "Lat": 31.5295803, "Lon": 34.4542573, "Display Latitude": 31.52958, "Display Longitude": 34.45426, "Category": "Aid, Infrastructure", "Incident Type": "aid_bakery", "Incident Tags": "Attack on aid", "Verification": "CONFIRMED", "Media Link": "https://x.com/RamAbdu/status/1771968995723194819", "Source Merged": "https://www.facebook.com/AJA.Palestine/videos/2035902303433043/", "Display Sources": { "url": "https://www.facebook.com/AJA.Palestine/videos/2035902303433043/", "text": "facebook.com" }, "Display Visual Evidence": "https://x.com/RamAbdu/status/1771968995723194819" }, "geometry": { "type": "Point", "coordinates": [ 34.45426, 31.52958 ] } },
{ "type": "Feature", "properties": { "Incident ID": "31104-49709", "Date": "11/4/2023", "Display Date": "4-Nov-23", "Town/City": "Gaza City", "Location Name": "Families Bakeries.Co", "Location Type": "Bakery", "Lat": 31.52269884, "Lon": 34.44614576, "Display Latitude": 31.5227, "Display Longitude": 34.44615, "Category": "Aid, Infrastructure", "Incident Type": "aid_bakery", "Incident Tags": "Attack on aid", "Verification": "CONFIRMED", "Media Link": "https://www.facebook.com/PALMIXPS/videos/-%D8%B7%D8%A7%D8%A6%D8%B1%D8%A7%D8%AA-%D8%A7%D9%84%D8%A7%D8%AD%D8%AA%D9%84%D8%A7%D9%84-%D8%AA%D8%B3%D8%AA%D9%87%D8%AF%D9%81-%D9%85%D9%88%D9%84%D8%AF%D8%A7%D8%AA-%D9%88%D8%A7%D9%84%D9%88%D8%A7%D8%AD-%D8%A7%D9%84%D8%B7%D8%A7%D9%82%D8%A9-%D8%A7%D9%84%D8%B4%D9%85%D8%B3%D9%8A%D8%A9-%D9%84%D9%85%D8%AE%D8%A8%D8%B2-%D8%A7%D9%84%D8%B9%D8%A7%D8%A6%D9%84%D8%A7%D8%AA-%D9%81%D9%8A%D8%A9%D9%85%D8%AF%D9%8A%D9%86%D8%A9-%D8%BA%D8%B2%D8%A9/1062060518299252/", "Source Merged": null, "Display Sources": null, "Display Visual Evidence": "https://www.facebook.com/PALMIXPS/videos/-%D8%B7%D8%A7%D8%A6%D8%B1%D8%A7%D8%AA-%D8%A7%D9%84%D8%A7%D8%AD%D8%AA%D9%84%D8%A7%D9%84-%D8%AA%D8%B3%D8%AA%D9%87%D8%AF%D9%81-%D9%85%D9%88%D9%84%D8%AF%D8%A7%D8%AA-%D9%88%D8%A7%D9%84%D9%88%D8%A7%D8%AD-%D8%A7%D9%84%D8%B7%D8%A7%D9%82%D8%A9-%D8%A7%D9%84%D8%B4%D9%85%D8%B3%D9%8A%D8%A9-%D9%84%D9%85%D8%AE%D8%A8%D8%B2-%D8%A7%D9%84%D8%B9%D8%A7%D8%A6%D9%84%D8%A7%D8%AA-%D9%81%D9%8A%D8%A9%D9%85%D8%AF%D9%8A%D9%86%D8%A9-%D8%BA%D8%B2%D8%A9/1062060518299252/" }, "geometry": { "type": "Point", "coordinates": [ 34.44615, 31.5227 ] } },
{ "type": "Feature", "properties": { "Incident ID": "31104-38923", "Date": "11/4/2023", "Display Date": "4-Nov-23", "Town/City": "Jabalia", "Location Name": "Al Sharq Bakery, Al-Almey", "Location Type": "Bakery", "Lat": 31.53549092, "Lon": 34.5039148, "Display Latitude": 31.53549, "Display Longitude": 34.50391, "Category": "Aid, Infrastructure", "Incident Type": "aid_bakery", "Incident Tags": "Attack on aid", "Verification": "CONFIRMED", "Media Link": "https://x.com/FatimaEyad15/status/1720815596697231701", "Source Merged": "https://www.tiktok.com/@royanews/video/7295315193280728338?is_from_webapp=1&web_id=7379630444670912032", "Display Sources": { "url": "https://www.tiktok.com/@royanews/video/7295315193280728338?is_from_webapp=1&web_id=7379630444670912032", "text": "tiktok.com" }, "Display Visual Evidence": "https://x.com/FatimaEyad15/status/1720815596697231701" }, "geometry": { "type": "Point", "coordinates": [ 34.50391, 31.53549 ] } },
{ "type": "Feature", "properties": { "Incident ID": "31203-50827", "Date": "12/3/2023", "Display Date": "3-Dec-23", "Town/City": "Deir al-Balah", "Location Name": "Al-Baraka Bakery", "Location Type": "Bakery", "Lat": 31.41710038, "Lon": 34.34791272, "Display Latitude": 31.4171, "Display Longitude": 34.34791, "Category": "Aid, Infrastructure", "Incident Type": "aid_bakery", "Incident Tags": "Attack on aid", "Verification": "CONFIRMED", "Media Link": "https://x.com/Timesofgaza/status/1731458297515909471", "Source Merged": "https://edition.cnn.com/2023/12/05/middleeast/gaza-bakery-hunger-israel-hamas-war-intl/index.html", "Display Sources": { "url": "https://edition.cnn.com/2023/12/05/middleeast/gaza-bakery-hunger-israel-hamas-war-intl/index.html", "text": "edition.cnn.com" }, "Display Visual Evidence": "https://x.com/Timesofgaza/status/1731458297515909471" }, "geometry": { "type": "Point", "coordinates": [ 34.34791, 31.4171 ] } },
{ "type": "Feature", "properties": { "Incident ID": "31205-51692", "Date": "12/5/2023", "Display Date": "5-Dec-23", "Town/City": "Deir al-Balah", "Location Name": "Bakery increased good 3", "Location Type": "Bakery", "Lat": 31.413376, "Lon": 34.35958, "Display Latitude": 31.41338, "Display Longitude": 34.35958, "Category": "Aid, Infrastructure", "Incident Type": "aid_bakery", "Incident Tags": "Attack on aid", "Verification": "CONFIRMED", "Media Link": null, "Source Merged": "https://airwars.org/civilian-casualties/ispt1483-december-5-2023/", "Display Sources": { "url": "https://airwars.org/civilian-casualties/ispt1483-december-5-2023/", "text": "airwars.org" }, "Display Visual Evidence": null }, "geometry": { "type": "Point", "coordinates": [ 34.35958, 31.41338 ] } },
{ "type": "Feature", "properties": { "Incident ID": "40706-15754", "Date": "7/6/2024", "Display Date": "6-Jul-24", "Town/City": "Al-Nuseirat", "Location Name": "Nuseirat Elem. Girls \"A\" and Nusierat Elem. Boys \"B\"", "Location Type": "School", "Lat": 31.459748, "Lon": 34.388974, "Display Latitude": 31.45975, "Display Longitude": 34.38897, "Category": "Shelter", "Incident Type": "attack_IDP", "Incident Tags": "Attack on displaced civilians | Attack on UNRWA aid distribution", "Verification": "CONFIRMED", "Media Link": "https://media.cnn.com/api/v1/images/stellar/prod/gettyimages-2160282494.jpg?c=16x9&q=f_webp", "Source Merged": "https://edition.cnn.com/2024/07/06/middleeast/israeli-attack-unwra-school-gaza-intl-latam/index.html", "Display Sources": { "url": "https://edition.cnn.com/2024/07/06/middleeast/israeli-attack-unwra-school-gaza-intl-latam/index.html", "text": "edition.cnn.com" }, "Display Visual Evidence": "https://media.cnn.com/api/v1/images/stellar/prod/gettyimages-2160282494.jpg?c=16x9&q=f_webp" }, "geometry": { "type": "Point", "coordinates": [ 34.38897, 31.45975 ] } },
{ "type": "Feature", "properties": { "Incident ID": "40716-82048", "Date": "7/16/2024", "Display Date": "16-Jul-24", "Town/City": "Al-Nuseirat", "Location Name": "Nusierat Prep. Boys \"A\" and Nusierat Elem. Boys \"A\"", "Location Type": "School", "Lat": 31.447656, "Lon": 34.392875, "Display Latitude": 31.44766, "Display Longitude": 34.39287, "Category": "Shelter", "Incident Type": "attack_IDP", "Incident Tags": "Attack on displaced civilians | Attack on evacuation area | Attack on UNRWA aid distribution", "Verification": "CONFIRMED", "Media Link": "https://x.com/adler_zvi/status/1813191934048862390", "Source Merged": "https://www.ochaopt.org/content/humanitarian-situation-update-193-gaza-strip?_gl=1*vggrq*_ga*ODU5NTQzNzU2LjE3MjExMjcyMTI.*_ga_E60ZNX2F68*MTcyNDg0OTA2OS42LjEuMTcyNDg1MDQ4MC42MC4wLjA.", "Display Sources": { "url": "https://www.ochaopt.org/content/humanitarian-situation-update-193-gaza-strip?_gl=1*vggrq*_ga*ODU5NTQzNzU2LjE3MjExMjcyMTI.*_ga_E60ZNX2F68*MTcyNDg0OTA2OS42LjEuMTcyNDg1MDQ4MC42MC4wLjA.", "text": "ochaopt.org" }, "Display Visual Evidence": "https://x.com/adler_zvi/status/1813191934048862390" }, "geometry": { "type": "Point", "coordinates": [ 34.39287, 31.44766 ] } },
{ "type": "Feature", "properties": { "Incident ID": "41113-35482", "Date": "11/13/2024", "Display Date": "13-Nov-24", "Town/City": "Beit Hanoun", "Location Name": "Mahdea El Shawa Secondary Boys School", "Location Type": "School", "Lat": 31.53103451, "Lon": 34.52676856, "Display Latitude": 31.53103, "Display Longitude": 34.52677, "Category": "Shelter, Aid", "Incident Type": "aid_convoy", "Incident Tags": "Attack on displaced civilians | Attack on aid", "Verification": "CONFIRMED", "Media Link": "https://x.com/RamAbdu/status/1856800034786058634", "Source Merged": "https://x.com/RamAbdu/status/1856798704939761937", "Display Sources": { "url": "https://x.com/RamAbdu/status/1856798704939761937", "text": "RamAbdu" }, "Display Visual Evidence": "https://x.com/RamAbdu/status/1856800034786058634" }, "geometry": { "type": "Point", "coordinates": [ 34.52677, 31.53103 ] } },
{ "type": "Feature", "properties": { "Incident ID": "31019-24056", "Date": "10/19/2023", "Display Date": "19-Oct-23", "Town/City": "Gaza City", "Location Name": "Church of Saint Porphyrius", "Location Type": "church", "Lat": 31.5033228, "Lon": 34.459722, "Display Latitude": 31.50332, "Display Longitude": 34.45972, "Category": "Aid", "Incident Type": "aid_personnel", "Incident Tags": "Attack on aid personnel", "Verification": "CONFIRMED", "Media Link": null, "Source Merged": "https://www.aidworkersecurity.org/incidents/search?start=2023&end=2024&detail=1&country=PS&sort=asc&order=Location", "Display Sources": { "url": "https://www.aidworkersecurity.org/incidents/search?start=2023&end=2024&detail=1&country=PS&sort=asc&order=Location", "text": "aidworkersecurity.org" }, "Display Visual Evidence": null }, "geometry": { "type": "Point", "coordinates": [ 34.45972, 31.50332 ] } },
{ "type": "Feature", "properties": { "Incident ID": "31028-70013", "Date": "10/28/2023", "Display Date": "28-Oct-23", "Town/City": "Khan Younis", "Location Name": "Falafel restaurant", "Location Type": "restaurant", "Lat": 31.344444, "Lon": 34.303056, "Display Latitude": 31.34444, "Display Longitude": 34.30306, "Category": "Aid", "Incident Type": "aid_personnel", "Incident Tags": "Attack on aid personnel", "Verification": "CONFIRMED", "Media Link": null, "Source Merged": "https://www.aidworkersecurity.org/incidents/search?start=2023&end=2024&detail=1&country=PS&sort=asc&order=Location", "Display Sources": { "url": "https://www.aidworkersecurity.org/incidents/search?start=2023&end=2024&detail=1&country=PS&sort=asc&order=Location", "text": "aidworkersecurity.org" }, "Display Visual Evidence": null }, "geometry": { "type": "Point", "coordinates": [ 34.30306, 31.34444 ] } },
{ "type": "Feature", "properties": { "Incident ID": "31112-64475", "Date": "11/12/2023", "Display Date": "12-Nov-23", "Town/City": "Jabalia", "Location Name": "Jabalia refugee camp", "Location Type": "displacement camp", "Lat": 31.533522, "Lon": 34.483676, "Display Latitude": 31.53352, "Display Longitude": 34.48368, "Category": "Aid", "Incident Type": "aid_personnel", "Incident Tags": "Attack on aid personnel", "Verification": "CONFIRMED", "Media Link": null, "Source Merged": "https://www.aidworkersecurity.org/incidents/search?start=2023&end=2024&detail=1&country=PS&sort=asc&order=Location", "Display Sources": { "url": "https://www.aidworkersecurity.org/incidents/search?start=2023&end=2024&detail=1&country=PS&sort=asc&order=Location", "text": "aidworkersecurity.org" }, "Display Visual Evidence": null }, "geometry": { "type": "Point", "coordinates": [ 34.48368, 31.53352 ] } },
{ "type": "Feature", "properties": { "Incident ID": "31105-30340", "Date": "11/5/2023", "Display Date": "5-Nov-23", "Town/City": "Gaza City", "Location Name": null, "Location Type": "home", "Lat": 31.516667, "Lon": 34.45, "Display Latitude": 31.51667, "Display Longitude": 34.45, "Category": "Aid", "Incident Type": "aid_personnel", "Incident Tags": "Attack on aid personnel", "Verification": "CONFIRMED", "Media Link": null, "Source Merged": "https://www.aidworkersecurity.org/incidents/search?start=2023&end=2024&detail=1&country=PS&sort=asc&order=Location", "Display Sources": { "url": "https://www.aidworkersecurity.org/incidents/search?start=2023&end=2024&detail=1&country=PS&sort=asc&order=Location", "text": "aidworkersecurity.org" }, "Display Visual Evidence": null }, "geometry": { "type": "Point", "coordinates": [ 34.45, 31.51667 ] } },
{ "type": "Feature", "properties": { "Incident ID": "31118-53740", "Date": "11/18/2023", "Display Date": "18-Nov-23", "Town/City": "Al-Bureij", "Location Name": "Al Wahida", "Location Type": "road", "Lat": 31.4326616, "Lon": 34.4059053, "Display Latitude": 31.43266, "Display Longitude": 34.40591, "Category": "Aid", "Incident Type": "aid_convoy", "Incident Tags": "Attack on aid", "Verification": "CONFIRMED", "Media Link": null, "Source Merged": "https://www.aidworkersecurity.org/incidents/search?start=2023&end=2024&detail=1&country=PS&sort=asc&order=Location", "Display Sources": { "url": "https://www.aidworkersecurity.org/incidents/search?start=2023&end=2024&detail=1&country=PS&sort=asc&order=Location", "text": "aidworkersecurity.org" }, "Display Visual Evidence": null }, "geometry": { "type": "Point", "coordinates": [ 34.40591, 31.43266 ] } },
{ "type": "Feature", "properties": { "Incident ID": "31106-25846", "Date": "11/6/2023", "Display Date": "6-Nov-23", "Town/City": "Gaza City", "Location Name": "Al Shati refugee camp", "Location Type": "displacement camp", "Lat": 31.532197, "Lon": 34.445394, "Display Latitude": 31.5322, "Display Longitude": 34.44539, "Category": "Aid", "Incident Type": "aid_personnel", "Incident Tags": "Attack on aid personnel", "Verification": "CONFIRMED", "Media Link": null, "Source Merged": "https://www.aidworkersecurity.org/incidents/search?start=2023&end=2024&detail=1&country=PS&sort=asc&order=Location", "Display Sources": { "url": "https://www.aidworkersecurity.org/incidents/search?start=2023&end=2024&detail=1&country=PS&sort=asc&order=Location", "text": "aidworkersecurity.org" }, "Display Visual Evidence": null }, "geometry": { "type": "Point", "coordinates": [ 34.44539, 31.5322 ] } },
{ "type": "Feature", "properties": { "Incident ID": "31231-02885", "Date": "12/31/2023", "Display Date": "31-Dec-23", "Town/City": "Al-Qarara", "Location Name": null, "Location Type": "road", "Lat": 31.395793, "Lon": 34.303604, "Display Latitude": 31.39579, "Display Longitude": 34.3036, "Category": "Aid", "Incident Type": "aid_personnel", "Incident Tags": "Attack on aid | Attack on evacuation route | Attack on undefined area | Attack on aid personnel", "Verification": "CONFIRMED", "Media Link": null, "Source Merged": "https://www.aidworkersecurity.org/incidents/search?start=2023&end=2024&detail=1&country=PS&sort=asc&order=Location", "Display Sources": { "url": "https://www.aidworkersecurity.org/incidents/search?start=2023&end=2024&detail=1&country=PS&sort=asc&order=Location", "text": "aidworkersecurity.org" }, "Display Visual Evidence": null }, "geometry": { "type": "Point", "coordinates": [ 34.3036, 31.39579 ] } },
{ "type": "Feature", "properties": { "Incident ID": "31212-64248", "Date": "12/12/2023", "Display Date": "12-Dec-23", "Town/City": "Gaza City", "Location Name": null, "Location Type": "home", "Lat": 31.487254, "Lon": 34.4240813, "Display Latitude": 31.48725, "Display Longitude": 34.42408, "Category": "Aid", "Incident Type": "aid_personnel", "Incident Tags": "Attack on aid personnel", "Verification": "CONFIRMED", "Media Link": null, "Source Merged": "https://www.aidworkersecurity.org/incidents/search?start=2023&end=2024&detail=1&country=PS&sort=asc&order=Location", "Display Sources": { "url": "https://www.aidworkersecurity.org/incidents/search?start=2023&end=2024&detail=1&country=PS&sort=asc&order=Location", "text": "aidworkersecurity.org" }, "Display Visual Evidence": null }, "geometry": { "type": "Point", "coordinates": [ 34.42408, 31.48725 ] } },
{ "type": "Feature", "properties": { "Incident ID": "31222-85136", "Date": "12/22/2023", "Display Date": "22-Dec-23", "Town/City": "Gaza City", "Location Name": null, "Location Type": "home", "Lat": 31.5016942, "Lon": 34.4565447, "Display Latitude": 31.50169, "Display Longitude": 34.45654, "Category": "Aid", "Incident Type": "aid_personnel", "Incident Tags": "Attack on aid personnel", "Verification": "CONFIRMED", "Media Link": null, "Source Merged": "https://www.aidworkersecurity.org/incidents/search?start=2023&end=2024&detail=1&country=PS&sort=asc&order=Location", "Display Sources": { "url": "https://www.aidworkersecurity.org/incidents/search?start=2023&end=2024&detail=1&country=PS&sort=asc&order=Location", "text": "aidworkersecurity.org" }, "Display Visual Evidence": null }, "geometry": { "type": "Point", "coordinates": [ 34.45654, 31.50169 ] } },
{ "type": "Feature", "properties": { "Incident ID": "31216-61866", "Date": "12/16/2023", "Display Date": "16-Dec-23", "Town/City": "Al-Nuseirat", "Location Name": null, "Location Type": "home", "Lat": 31.447656, "Lon": 34.392875, "Display Latitude": 31.44766, "Display Longitude": 34.39287, "Category": "Aid", "Incident Type": "aid_personnel", "Incident Tags": "Attack on aid personnel", "Verification": "CONFIRMED", "Media Link": null, "Source Merged": "https://www.aidworkersecurity.org/incidents/search?start=2023&end=2024&detail=1&country=PS&sort=asc&order=Location", "Display Sources": { "url": "https://www.aidworkersecurity.org/incidents/search?start=2023&end=2024&detail=1&country=PS&sort=asc&order=Location", "text": "aidworkersecurity.org" }, "Display Visual Evidence": null }, "geometry": { "type": "Point", "coordinates": [ 34.39287, 31.44766 ] } },
{ "type": "Feature", "properties": { "Incident ID": "40202-09478", "Date": "2/2/2024", "Display Date": "2-Feb-24", "Town/City": "Khan Younis", "Location Name": "Al-Amal", "Location Type": "Hospital", "Lat": 31.343889, "Lon": 34.3025, "Display Latitude": 31.34389, "Display Longitude": 34.3025, "Category": "Aid", "Incident Type": "aid_personnel", "Incident Tags": "Attack on aid personnel", "Verification": "CONFIRMED", "Media Link": null, "Source Merged": "https://www.aidworkersecurity.org/incidents/search?start=2023&end=2024&detail=1&country=PS&sort=asc&order=Location, https://x.com/PalestineRCS/status/1753849364030599188, https://theintercept.com/2024/02/08/gaza-hospital-seige-red-crescent/ ", "Display Sources": { "url": "https://www.aidworkersecurity.org/incidents/search?start=2023&end=2024&detail=1&country=PS&sort=asc&order=Location", "text": "aidworkersecurity.org" }, "Display Visual Evidence": null }, "geometry": { "type": "Point", "coordinates": [ 34.3025, 31.34389 ] } },
{ "type": "Feature", "properties": { "Incident ID": "40222-75460", "Date": "2/22/2024", "Display Date": "22-Feb-24", "Town/City": "Deir al-Balah", "Location Name": null, "Location Type": "home", "Lat": 31.418889, "Lon": 34.351667, "Display Latitude": 31.41889, "Display Longitude": 34.35167, "Category": "Aid", "Incident Type": "aid_personnel", "Incident Tags": "Attack on aid personnel | Attack on destination area", "Verification": "CONFIRMED", "Media Link": null, "Source Merged": "https://www.aidworkersecurity.org/incidents/search?start=2023&end=2024&detail=1&country=PS&sort=asc&order=Location", "Display Sources": { "url": "https://www.aidworkersecurity.org/incidents/search?start=2023&end=2024&detail=1&country=PS&sort=asc&order=Location", "text": "aidworkersecurity.org" }, "Display Visual Evidence": null }, "geometry": { "type": "Point", "coordinates": [ 34.35167, 31.41889 ] } },
{ "type": "Feature", "properties": { "Incident ID": "40303-52233", "Date": "3/3/2024", "Display Date": "3-Mar-24", "Town/City": "Rafah", "Location Name": null, "Location Type": "home", "Lat": 31.285174, "Lon": 34.271157, "Display Latitude": 31.28517, "Display Longitude": 34.27116, "Category": "Aid", "Incident Type": "aid_personnel", "Incident Tags": "Attack on aid personnel", "Verification": "CONFIRMED", "Media Link": null, "Source Merged": "https://www.aidworkersecurity.org/incidents/search?start=2023&end=2024&detail=1&country=PS&sort=asc&order=Location", "Display Sources": { "url": "https://www.aidworkersecurity.org/incidents/search?start=2023&end=2024&detail=1&country=PS&sort=asc&order=Location", "text": "aidworkersecurity.org" }, "Display Visual Evidence": null }, "geometry": { "type": "Point", "coordinates": [ 34.27116, 31.28517 ] } },
{ "type": "Feature", "properties": { "Incident ID": "40313-74251", "Date": "3/13/2024", "Display Date": "13-Mar-24", "Town/City": "Rafah", "Location Name": "UN distribution centre", "Location Type": "warehouse", "Lat": 31.29837, "Lon": 34.241829, "Display Latitude": 31.29837, "Display Longitude": 34.24183, "Category": "Aid", "Incident Type": "aid_personnel", "Incident Tags": "Attack on aid personnel | Attack on destination area", "Verification": "CONFIRMED", "Media Link": "https://www.aljazeera.com/program/newsfeed/2024/3/13/un-warehouse-hit-in-deadly-israeli-attack-on-rafah ", "Source Merged": "https://www.aidworkersecurity.org/incidents/search?start=2023&end=2024&detail=1&country=PS&sort=asc&order=Location, https://www.bbc.co.uk/news/world-middle-east-68557035 ", "Display Sources": { "url": "https://www.aidworkersecurity.org/incidents/search?start=2023&end=2024&detail=1&country=PS&sort=asc&order=Location", "text": "aidworkersecurity.org" }, "Display Visual Evidence": "https://www.aljazeera.com/program/newsfeed/2024/3/13/un-warehouse-hit-in-deadly-israeli-attack-on-rafah" }, "geometry": { "type": "Point", "coordinates": [ 34.24183, 31.29837 ] } },
{ "type": "Feature", "properties": { "Incident ID": "40308-93107", "Date": "3/8/2024", "Display Date": "8-Mar-24", "Town/City": "Deir al-Balah", "Location Name": null, "Location Type": "shelter", "Lat": 31.418889, "Lon": 34.351667, "Display Latitude": 31.41889, "Display Longitude": 34.35167, "Category": "Aid", "Incident Type": "aid_personnel", "Incident Tags": "Attack on aid personnel | Attack on destination area", "Verification": "CONFIRMED", "Media Link": null, "Source Merged": "https://www.aidworkersecurity.org/incidents/search?start=2023&end=2024&detail=1&country=PS&sort=asc&order=Location, https://search.brave.com/search?q=Attack+on+a+home+sheltering+an+American+Near+East+Refugee+Aid+Organization+%28Anera%29+employee%2C+March+8%2C+2024&source=desktop&summary=1&summary_og=169bef2ca4700c30934354 ", "Display Sources": { "url": "https://www.aidworkersecurity.org/incidents/search?start=2023&end=2024&detail=1&country=PS&sort=asc&order=Location", "text": "aidworkersecurity.org" }, "Display Visual Evidence": null }, "geometry": { "type": "Point", "coordinates": [ 34.35167, 31.41889 ] } },
{ "type": "Feature", "properties": { "Incident ID": "40319-63631", "Date": "3/19/2024", "Display Date": "19-Mar-24", "Town/City": "Jabalia", "Location Name": "aid warehouse", "Location Type": "displacement camp", "Lat": 31.531724, "Lon": 34.496467, "Display Latitude": 31.53172, "Display Longitude": 34.49647, "Category": "Aid", "Incident Type": "aid_convoy", "Incident Tags": "Attack on aid", "Verification": "CONFIRMED", "Media Link": null, "Source Merged": "https://www.aidworkersecurity.org/incidents/search?start=2023&end=2024&detail=1&country=PS&sort=asc&order=Location", "Display Sources": { "url": "https://www.aidworkersecurity.org/incidents/search?start=2023&end=2024&detail=1&country=PS&sort=asc&order=Location", "text": "aidworkersecurity.org" }, "Display Visual Evidence": null }, "geometry": { "type": "Point", "coordinates": [ 34.49647, 31.53172 ] } },
{ "type": "Feature", "properties": { "Incident ID": "40324-89669", "Date": "3/24/2024", "Display Date": "24-Mar-24", "Town/City": "Khan Younis", "Location Name": "Al-Amal", "Location Type": "Hospital", "Lat": 31.344444, "Lon": 34.303056, "Display Latitude": 31.34444, "Display Longitude": 34.30306, "Category": "Aid", "Incident Type": "aid_personnel", "Incident Tags": "Attack on aid personnel", "Verification": "CONFIRMED", "Media Link": null, "Source Merged": "https://www.aidworkersecurity.org/incidents/search?start=2023&end=2024&detail=1&country=PS&sort=asc&order=Location", "Display Sources": { "url": "https://www.aidworkersecurity.org/incidents/search?start=2023&end=2024&detail=1&country=PS&sort=asc&order=Location", "text": "aidworkersecurity.org" }, "Display Visual Evidence": null }, "geometry": { "type": "Point", "coordinates": [ 34.30306, 31.34444 ] } },
{ "type": "Feature", "properties": { "Incident ID": "40411-20760", "Date": "4/11/2024", "Display Date": "11-Apr-24", "Town/City": "Khan Younis", "Location Name": null, "Location Type": null, "Lat": 31.344444, "Lon": 34.303056, "Display Latitude": 31.34444, "Display Longitude": 34.30306, "Category": "Aid", "Incident Type": "aid_personnel", "Incident Tags": "Attack on aid personnel", "Verification": "CONFIRMED", "Media Link": null, "Source Merged": "https://www.aidworkersecurity.org/incidents/search?start=2023&end=2024&detail=1&country=PS&sort=asc&order=Location", "Display Sources": { "url": "https://www.aidworkersecurity.org/incidents/search?start=2023&end=2024&detail=1&country=PS&sort=asc&order=Location", "text": "aidworkersecurity.org" }, "Display Visual Evidence": null }, "geometry": { "type": "Point", "coordinates": [ 34.30306, 31.34444 ] } },
{ "type": "Feature", "properties": { "Incident ID": "40416-59782", "Date": "4/16/2024", "Display Date": "16-Apr-24", "Town/City": "Gaza City", "Location Name": "Netzarim corridor", "Location Type": "road", "Lat": 31.4697, "Lon": 34.4316, "Display Latitude": 31.4697, "Display Longitude": 34.4316, "Category": "Aid", "Incident Type": "aid_personnel", "Incident Tags": "Attack on aid personnel | Attack on evacuation route", "Verification": "CONFIRMED", "Media Link": null, "Source Merged": "https://www.aidworkersecurity.org/incidents/search?start=2023&end=2024&detail=1&country=PS&sort=asc&order=Location", "Display Sources": { "url": "https://www.aidworkersecurity.org/incidents/search?start=2023&end=2024&detail=1&country=PS&sort=asc&order=Location", "text": "aidworkersecurity.org" }, "Display Visual Evidence": null }, "geometry": { "type": "Point", "coordinates": [ 34.4316, 31.4697 ] } },
{ "type": "Feature", "properties": { "Incident ID": "40401-53225", "Date": "4/1/2024", "Display Date": "1-Apr-24", "Town/City": "Deir al-Balah", "Location Name": null, "Location Type": "home", "Lat": 31.418889, "Lon": 34.351667, "Display Latitude": 31.41889, "Display Longitude": 34.35167, "Category": "Aid", "Incident Type": "aid_personnel", "Incident Tags": "Attack on aid personnel | Attack on 'humanitarian zone'", "Verification": "CONFIRMED", "Media Link": null, "Source Merged": "https://www.aidworkersecurity.org/incidents/search?start=2023&end=2024&detail=1&country=PS&sort=asc&order=Location", "Display Sources": { "url": "https://www.aidworkersecurity.org/incidents/search?start=2023&end=2024&detail=1&country=PS&sort=asc&order=Location", "text": "aidworkersecurity.org" }, "Display Visual Evidence": null }, "geometry": { "type": "Point", "coordinates": [ 34.35167, 31.41889 ] } },
{ "type": "Feature", "properties": { "Incident ID": "40528-01908", "Date": "5/28/2024", "Display Date": "28-May-24", "Town/City": "Rafah", "Location Name": null, "Location Type": "displacement camp", "Lat": 31.308817, "Lon": 34.241153, "Display Latitude": 31.30882, "Display Longitude": 34.24115, "Category": "Aid", "Incident Type": "aid_personnel", "Incident Tags": "Attack on aid personnel", "Verification": "CONFIRMED", "Media Link": null, "Source Merged": "https://www.aidworkersecurity.org/incidents/search?start=2023&end=2024&detail=1&country=PS&sort=asc&order=Location", "Display Sources": { "url": "https://www.aidworkersecurity.org/incidents/search?start=2023&end=2024&detail=1&country=PS&sort=asc&order=Location", "text": "aidworkersecurity.org" }, "Display Visual Evidence": null }, "geometry": { "type": "Point", "coordinates": [ 34.24115, 31.30882 ] } },
{ "type": "Feature", "properties": { "Incident ID": "40513-07004", "Date": "5/13/2024", "Display Date": "13-May-24", "Town/City": "Rafah", "Location Name": null, "Location Type": "road", "Lat": 31.2725, "Lon": 34.258611, "Display Latitude": 31.2725, "Display Longitude": 34.25861, "Category": "Aid", "Incident Type": "aid_personnel", "Incident Tags": "Attack on aid personnel", "Verification": "CONFIRMED", "Media Link": null, "Source Merged": "https://www.aidworkersecurity.org/incidents/search?start=2023&end=2024&detail=1&country=PS&sort=asc&order=Location", "Display Sources": { "url": "https://www.aidworkersecurity.org/incidents/search?start=2023&end=2024&detail=1&country=PS&sort=asc&order=Location", "text": "aidworkersecurity.org" }, "Display Visual Evidence": null }, "geometry": { "type": "Point", "coordinates": [ 34.25861, 31.2725 ] } },
{ "type": "Feature", "properties": { "Incident ID": "40608-67969", "Date": "6/8/2024", "Display Date": "8-Jun-24", "Town/City": "Deir al-Balah", "Location Name": null, "Location Type": "home", "Lat": 31.417908, "Lon": 34.35006, "Display Latitude": 31.41791, "Display Longitude": 34.35006, "Category": "Aid", "Incident Type": "aid_personnel", "Incident Tags": "Attack on aid personnel | Attack on 'humanitarian zone'", "Verification": "CONFIRMED", "Media Link": null, "Source Merged": "https://www.aidworkersecurity.org/incidents/search?start=2023&end=2024&detail=1&country=PS&sort=asc&order=Location", "Display Sources": { "url": "https://www.aidworkersecurity.org/incidents/search?start=2023&end=2024&detail=1&country=PS&sort=asc&order=Location", "text": "aidworkersecurity.org" }, "Display Visual Evidence": null }, "geometry": { "type": "Point", "coordinates": [ 34.35006, 31.41791 ] } },
{ "type": "Feature", "properties": { "Incident ID": "40712-26993", "Date": "7/12/2024", "Display Date": "12-Jul-24", "Town/City": "Gaza City", "Location Name": "aid warehouse", "Location Type": "warehouse", "Lat": 31.500487, "Lon": 34.466029, "Display Latitude": 31.50049, "Display Longitude": 34.46603, "Category": "Aid", "Incident Type": "aid_personnel", "Incident Tags": "Attack on aid personnel", "Verification": "CONFIRMED", "Media Link": "https://www.hrw.org/sites/default/files/styles/embed_xxl/public/media_2024/05/202405mena_palestine_world_central_kitchen_attack.jpg?itok=a9w3C2SQ ", "Source Merged": "https://www.aidworkersecurity.org/incidents/search?start=2023&end=2024&detail=1&country=PS&sort=asc&order=Location, https://www.hrw.org/news/2024/05/14/gaza-israelis-attacking-known-aid-worker-locations", "Display Sources": { "url": "https://www.aidworkersecurity.org/incidents/search?start=2023&end=2024&detail=1&country=PS&sort=asc&order=Location", "text": "aidworkersecurity.org" }, "Display Visual Evidence": "https://www.hrw.org/sites/default/files/styles/embed_xxl/public/media_2024/05/202405mena_palestine_world_central_kitchen_attack.jpg?itok=a9w3C2SQ" }, "geometry": { "type": "Point", "coordinates": [ 34.46603, 31.50049 ] } },
{ "type": "Feature", "properties": { "Incident ID": "40713-94541", "Date": "7/13/2024", "Display Date": "13-Jul-24", "Town/City": "Gaza City", "Location Name": null, "Location Type": "road", "Lat": 31.495181, "Lon": 34.470707, "Display Latitude": 31.49518, "Display Longitude": 34.47071, "Category": "Aid", "Incident Type": "aid_personnel", "Incident Tags": "Attack on aid personnel", "Verification": "CONFIRMED", "Media Link": null, "Source Merged": "https://www.aidworkersecurity.org/incidents/search?start=2023&end=2024&detail=1&country=PS&sort=asc&order=Location", "Display Sources": { "url": "https://www.aidworkersecurity.org/incidents/search?start=2023&end=2024&detail=1&country=PS&sort=asc&order=Location", "text": "aidworkersecurity.org" }, "Display Visual Evidence": null }, "geometry": { "type": "Point", "coordinates": [ 34.47071, 31.49518 ] } },
{ "type": "Feature", "properties": { "Incident ID": "40714-02461", "Date": "7/14/2024", "Display Date": "14-Jul-24", "Town/City": "Al-Nuseirat", "Location Name": "Nuseirat Camp", "Location Type": "displacement camp", "Lat": 31.449527, "Lon": 34.393638, "Display Latitude": 31.44953, "Display Longitude": 34.39364, "Category": "Aid", "Incident Type": "aid_personnel", "Incident Tags": "Attack on aid personnel", "Verification": "CONFIRMED", "Media Link": null, "Source Merged": "https://www.aidworkersecurity.org/incidents/search?start=2023&end=2024&detail=1&country=PS&sort=asc&order=Location", "Display Sources": { "url": "https://www.aidworkersecurity.org/incidents/search?start=2023&end=2024&detail=1&country=PS&sort=asc&order=Location", "text": "aidworkersecurity.org" }, "Display Visual Evidence": null }, "geometry": { "type": "Point", "coordinates": [ 34.39364, 31.44953 ] } },
{ "type": "Feature", "properties": { "Incident ID": "40724-37297", "Date": "7/24/2024", "Display Date": "24-Jul-24", "Town/City": "Khan Younis", "Location Name": null, "Location Type": "road", "Lat": 31.345723, "Lon": 34.303698, "Display Latitude": 31.34572, "Display Longitude": 34.3037, "Category": "Aid", "Incident Type": "aid_convoy", "Incident Tags": "Attack on aid | Attack on 'humanitarian zone'", "Verification": "CONFIRMED", "Media Link": null, "Source Merged": "https://www.aidworkersecurity.org/incidents/search?start=2023&end=2024&detail=1&country=PS&sort=asc&order=Location", "Display Sources": { "url": "https://www.aidworkersecurity.org/incidents/search?start=2023&end=2024&detail=1&country=PS&sort=asc&order=Location", "text": "aidworkersecurity.org" }, "Display Visual Evidence": null }, "geometry": { "type": "Point", "coordinates": [ 34.3037, 31.34572 ] } },
{ "type": "Feature", "properties": { "Incident ID": "40827-13548", "Date": "8/27/2024", "Display Date": "27-Aug-24", "Town/City": "Al-Nuseirat", "Location Name": "Wadi Gaza Bridge, Israeli checkpoint", "Location Type": "road", "Lat": 31.45344252, "Lon": 34.40600694, "Display Latitude": 31.45344, "Display Longitude": 34.40601, "Category": "Aid", "Incident Type": "aid_convoy", "Incident Tags": "Attack on aid", "Verification": "CONFIRMED", "Media Link": "https://global.unitednations.entermediadb.net/assets/mediadb/services/module/asset/downloads/preset/Libraries/Production%20Library/28-08-2024_UN_Car-01_2.jpg/image1170x530cropped.jpg", "Source Merged": "https://www.reuters.com/world/middle-east/wfp-suspends-gaza-movment-after-vehicle-hit-by-bullets-near-israeli-checkpoint-2024-08-28/, https://news.un.org/en/story/2024/08/1153701", "Display Sources": { "url": "https://www.reuters.com/world/middle-east/wfp-suspends-gaza-movment-after-vehicle-hit-by-bullets-near-israeli-checkpoint-2024-08-28/", "text": "reuters.com" }, "Display Visual Evidence": "https://global.unitednations.entermediadb.net/assets/mediadb/services/module/asset/downloads/preset/Libraries/Production%20Library/28-08-2024_UN_Car-01_2.jpg/image1170x530cropped.jpg" }, "geometry": { "type": "Point", "coordinates": [ 34.40601, 31.45344 ] } },
{ "type": "Feature", "properties": { "Incident ID": "40902-52515", "Date": "9/2/2024", "Display Date": "2-Sep-24", "Town/City": "Beit Lahia", "Location Name": "bread stand entrance of Al Fakhoura school UNRWA", "Location Type": "displacement camp", "Lat": 31.5423, "Lon": 34.4956, "Display Latitude": 31.5423, "Display Longitude": 34.4956, "Category": "Aid, Shelter", "Incident Type": "aid_market", "Incident Tags": "Attack on aid", "Verification": "CONFIRMED", "Media Link": "https://x.com/AJEnglish/status/1830885945417293948", "Source Merged": "https://english.ahram.org.eg/NewsContent/58/1262/531196/War-on-Gaza/War-on-Gaza/At-least-eight-Palestinians-killed-in-Israeli-stri.aspx", "Display Sources": { "url": "https://english.ahram.org.eg/NewsContent/58/1262/531196/War-on-Gaza/War-on-Gaza/At-least-eight-Palestinians-killed-in-Israeli-stri.aspx", "text": "english.ahram.org.eg" }, "Display Visual Evidence": "https://x.com/AJEnglish/status/1830885945417293948" }, "geometry": { "type": "Point", "coordinates": [ 34.4956, 31.5423 ] } },
{ "type": "Feature", "properties": { "Incident ID": "40210-68105", "Date": "2/10/2024", "Display Date": "10-Feb-24", "Town/City": "Rafah", "Location Name": null, "Location Type": null, "Lat": 31.2725, "Lon": 34.258611, "Display Latitude": 31.2725, "Display Longitude": 34.25861, "Category": "Aid", "Incident Type": "aid_personnel", "Incident Tags": "Attack on aid personnel", "Verification": "CONFIRMED", "Media Link": "https://www.washingtonpost.com/wp-apps/imrs.php?src=https://arc-anglerfish-washpost-prod-washpost.s3.amazonaws.com/public/2NIMJ37WYC4SP7FEDBFGEA3Q7Y.jpg&w=1200", "Source Merged": "https://www.ynetnews.com/article/rjk11jdbia, https://www.washingtonpost.com/world/2024/02/22/gaza-aid-deliveries-looting-police-hamas/", "Display Sources": { "url": "https://www.ynetnews.com/article/rjk11jdbia", "text": "ynetnews.com" }, "Display Visual Evidence": "https://www.washingtonpost.com/wp-apps/imrs.php?src=https://arc-anglerfish-washpost-prod-washpost.s3.amazonaws.com/public/2NIMJ37WYC4SP7FEDBFGEA3Q7Y.jpg&w=1200" }, "geometry": { "type": "Point", "coordinates": [ 34.25861, 31.2725 ] } },
{ "type": "Feature", "properties": { "Incident ID": "40411-27955", "Date": "4/11/2024", "Display Date": "11-Apr-24", "Town/City": "Al-Nuseirat", "Location Name": null, "Location Type": null, "Lat": 31.449527, "Lon": 34.393638, "Display Latitude": 31.44953, "Display Longitude": 34.39364, "Category": "Aid", "Incident Type": "aid_market", "Incident Tags": "Attack on aid", "Verification": "CONFIRMED", "Media Link": null, "Source Merged": "https://www.ochaopt.org/content/hostilities-gaza-strip-and-israel-flash-update-153, https://reliefweb.int/report/occupied-palestinian-territory/hostilities-gaza-strip-and-israel-flash-update-153-enarhe ", "Display Sources": { "url": "https://www.ochaopt.org/content/hostilities-gaza-strip-and-israel-flash-update-153", "text": "ochaopt.org" }, "Display Visual Evidence": null }, "geometry": { "type": "Point", "coordinates": [ 34.39364, 31.44953 ] } },
{ "type": "Feature", "properties": { "Incident ID": "40309-80232", "Date": "3/9/2024", "Display Date": "9-Mar-24", "Town/City": "Gaza City", "Location Name": null, "Location Type": "road", "Lat": 31.48727088, "Lon": 34.48375785, "Display Latitude": 31.48727, "Display Longitude": 34.48376, "Category": "Aid", "Incident Type": "civilians_seeking_aid", "Incident Tags": "Attack on civilians seeking aid", "Verification": "CONFIRMED", "Media Link": "https://www.aljazeera.com/program/newsfeed/2024/4/5/israeli-forces-kill-palestinian-collecting-aid", "Source Merged": "https://x.com/Kahlissee/status/1775956327954534482", "Display Sources": { "url": "https://x.com/Kahlissee/status/1775956327954534482", "text": "Kahlissee" }, "Display Visual Evidence": "https://www.aljazeera.com/program/newsfeed/2024/4/5/israeli-forces-kill-palestinian-collecting-aid" }, "geometry": { "type": "Point", "coordinates": [ 34.48376, 31.48727 ] } },
{ "type": "Feature", "properties": { "Incident ID": "40501-90684", "Date": "5/1/2024", "Display Date": "1-May-24", "Town/City": "N/A", "Location Name": "Ma'ale Adumim", "Location Type": "#REF!", "Lat": 31.77638443, "Lon": 35.29748312, "Display Latitude": 31.77638, "Display Longitude": 35.29748, "Category": "Aid", "Incident Type": "aid_vigilante", "Incident Tags": "Attack on aid", "Verification": "CONFIRMED", "Media Link": "https://www.reuters.com/resizer/v2/F3JS7XZHSNJYHKAI4IVREVMFFU.jpg?auth=63d91af7530da7bb3ca44645bb81d1becf263ac7827076699ca03535a89d80e8&width=960&quality=80", "Source Merged": "https://www.reuters.com/world/middle-east/jordan-says-israeli-settlers-attacked-jordanian-aid-convoys-way-gaza-2024-05-01/", "Display Sources": { "url": "https://www.reuters.com/world/middle-east/jordan-says-israeli-settlers-attacked-jordanian-aid-convoys-way-gaza-2024-05-01/", "text": "reuters.com" }, "Display Visual Evidence": "https://www.reuters.com/resizer/v2/F3JS7XZHSNJYHKAI4IVREVMFFU.jpg?auth=63d91af7530da7bb3ca44645bb81d1becf263ac7827076699ca03535a89d80e8&width=960&quality=80" }, "geometry": { "type": "Point", "coordinates": [ 35.29748, 31.77638 ] } },
{ "type": "Feature", "properties": { "Incident ID": "31019-79798", "Date": "10/19/2023", "Display Date": "19-Oct-23", "Town/City": "Gaza City", "Location Name": "Al-Quds", "Location Type": "shopping mall", "Lat": 31.51761072, "Lon": 34.44957528, "Display Latitude": 31.51761, "Display Longitude": 34.44958, "Category": "Aid", "Incident Type": "civilians_seeking_aid", "Incident Tags": "Attack on civilians seeking aid", "Verification": "CONFIRMED", "Media Link": null, "Source Merged": "https://www.bisan.org/2024/04/flour-ambushes-in-gaza-chaos-and-starvation-are-weapons-used-by-the-occupation-against-civilians-in-the-gaza-strip/#_ftnref6", "Display Sources": { "url": "https://www.bisan.org/2024/04/flour-ambushes-in-gaza-chaos-and-starvation-are-weapons-used-by-the-occupation-against-civilians-in-the-gaza-strip/#_ftnref6", "text": "bisan.org" }, "Display Visual Evidence": null }, "geometry": { "type": "Point", "coordinates": [ 34.44958, 31.51761 ] } },
{ "type": "Feature", "properties": { "Incident ID": "31020-67299", "Date": "10/20/2023", "Display Date": "20-Oct-23", "Town/City": "Gaza City", "Location Name": null, "Location Type": "community center", "Lat": 31.50598961, "Lon": 34.43045347, "Display Latitude": 31.50599, "Display Longitude": 34.43045, "Category": "Aid", "Incident Type": "aid_infrastructure", "Incident Tags": "Attack on aid", "Verification": "CONFIRMED", "Media Link": null, "Source Merged": "https://www.bisan.org/2024/04/flour-ambushes-in-gaza-chaos-and-starvation-are-weapons-used-by-the-occupation-against-civilians-in-the-gaza-strip/#_ftnref6", "Display Sources": { "url": "https://www.bisan.org/2024/04/flour-ambushes-in-gaza-chaos-and-starvation-are-weapons-used-by-the-occupation-against-civilians-in-the-gaza-strip/#_ftnref6", "text": "bisan.org" }, "Display Visual Evidence": null }, "geometry": { "type": "Point", "coordinates": [ 34.43045, 31.50599 ] } },
{ "type": "Feature", "properties": { "Incident ID": "31025-41597", "Date": "10/25/2023", "Display Date": "25-Oct-23", "Town/City": "Gaza City", "Location Name": null, "Location Type": "warehouse", "Lat": 31.51761072, "Lon": 34.44957528, "Display Latitude": 31.51761, "Display Longitude": 34.44958, "Category": "Aid", "Incident Type": "aid_infrastructure", "Incident Tags": "Attack on aid", "Verification": "CONFIRMED", "Media Link": null, "Source Merged": "https://www.bisan.org/2024/04/flour-ambushes-in-gaza-chaos-and-starvation-are-weapons-used-by-the-occupation-against-civilians-in-the-gaza-strip/#_ftnref6", "Display Sources": { "url": "https://www.bisan.org/2024/04/flour-ambushes-in-gaza-chaos-and-starvation-are-weapons-used-by-the-occupation-against-civilians-in-the-gaza-strip/#_ftnref6", "text": "bisan.org" }, "Display Visual Evidence": null }, "geometry": { "type": "Point", "coordinates": [ 34.44958, 31.51761 ] } },
{ "type": "Feature", "properties": { "Incident ID": "31026-09331", "Date": "10/26/2023", "Display Date": "26-Oct-23", "Town/City": "Beit Lahia", "Location Name": null, "Location Type": null, "Lat": 31.54, "Lon": 34.511389, "Display Latitude": 31.54, "Display Longitude": 34.51139, "Category": "Aid", "Incident Type": "aid_infrastructure", "Incident Tags": "Attack on aid", "Verification": "CONFIRMED", "Media Link": null, "Source Merged": "https://www.bisan.org/2024/04/flour-ambushes-in-gaza-chaos-and-starvation-are-weapons-used-by-the-occupation-against-civilians-in-the-gaza-strip/#_ftnref6", "Display Sources": { "url": "https://www.bisan.org/2024/04/flour-ambushes-in-gaza-chaos-and-starvation-are-weapons-used-by-the-occupation-against-civilians-in-the-gaza-strip/#_ftnref6", "text": "bisan.org" }, "Display Visual Evidence": null }, "geometry": { "type": "Point", "coordinates": [ 34.51139, 31.54 ] } },
{ "type": "Feature", "properties": { "Incident ID": "31104-88081", "Date": "11/4/2023", "Display Date": "4-Nov-23", "Town/City": "Gaza City", "Location Name": "Shifa Medical Complex", "Location Type": "hospital", "Lat": 31.51395, "Lon": 34.43374, "Display Latitude": 31.51395, "Display Longitude": 34.43374, "Category": "Aid", "Incident Type": "aid_infrastructure", "Incident Tags": "Attack on aid", "Verification": "CONFIRMED", "Media Link": null, "Source Merged": "https://www.bisan.org/2024/04/flour-ambushes-in-gaza-chaos-and-starvation-are-weapons-used-by-the-occupation-against-civilians-in-the-gaza-strip/#_ftnref6", "Display Sources": { "url": "https://www.bisan.org/2024/04/flour-ambushes-in-gaza-chaos-and-starvation-are-weapons-used-by-the-occupation-against-civilians-in-the-gaza-strip/#_ftnref6", "text": "bisan.org" }, "Display Visual Evidence": null }, "geometry": { "type": "Point", "coordinates": [ 34.43374, 31.51395 ] } },
{ "type": "Feature", "properties": { "Incident ID": "31111-37045", "Date": "11/11/2023", "Display Date": "11-Nov-23", "Town/City": "Deir al-Balah", "Location Name": null, "Location Type": null, "Lat": 31.417908, "Lon": 34.35006, "Display Latitude": 31.41791, "Display Longitude": 34.35006, "Category": "Aid", "Incident Type": "civilians_seeking_aid", "Incident Tags": "Attack on civilians seeking aid", "Verification": "CONFIRMED", "Media Link": null, "Source Merged": "https://www.bisan.org/2024/04/flour-ambushes-in-gaza-chaos-and-starvation-are-weapons-used-by-the-occupation-against-civilians-in-the-gaza-strip/#_ftnref6", "Display Sources": { "url": "https://www.bisan.org/2024/04/flour-ambushes-in-gaza-chaos-and-starvation-are-weapons-used-by-the-occupation-against-civilians-in-the-gaza-strip/#_ftnref6", "text": "bisan.org" }, "Display Visual Evidence": null }, "geometry": { "type": "Point", "coordinates": [ 34.35006, 31.41791 ] } },
{ "type": "Feature", "properties": { "Incident ID": "31115-55727", "Date": "11/15/2023", "Display Date": "15-Nov-23", "Town/City": "Gaza City", "Location Name": "Al-Rantisi", "Location Type": "hospital", "Lat": 31.51761072, "Lon": 34.44957528, "Display Latitude": 31.51761, "Display Longitude": 34.44958, "Category": "Aid", "Incident Type": "aid_infrastructure", "Incident Tags": "Attack on aid", "Verification": "CONFIRMED", "Media Link": null, "Source Merged": "https://www.bisan.org/2024/04/flour-ambushes-in-gaza-chaos-and-starvation-are-weapons-used-by-the-occupation-against-civilians-in-the-gaza-strip/#_ftnref6", "Display Sources": { "url": "https://www.bisan.org/2024/04/flour-ambushes-in-gaza-chaos-and-starvation-are-weapons-used-by-the-occupation-against-civilians-in-the-gaza-strip/#_ftnref6", "text": "bisan.org" }, "Display Visual Evidence": null }, "geometry": { "type": "Point", "coordinates": [ 34.44958, 31.51761 ] } },
{ "type": "Feature", "properties": { "Incident ID": "31118-02837", "Date": "11/18/2023", "Display Date": "18-Nov-23", "Town/City": "Al-Shati", "Location Name": "Al-Shati Camp", "Location Type": "warehouse", "Lat": 31.533701, "Lon": 34.448318, "Display Latitude": 31.5337, "Display Longitude": 34.44832, "Category": "Aid", "Incident Type": "aid_infrastructure", "Incident Tags": "Attack on aid", "Verification": "CONFIRMED", "Media Link": null, "Source Merged": "https://www.bisan.org/2024/04/flour-ambushes-in-gaza-chaos-and-starvation-are-weapons-used-by-the-occupation-against-civilians-in-the-gaza-strip/#_ftnref6", "Display Sources": { "url": "https://www.bisan.org/2024/04/flour-ambushes-in-gaza-chaos-and-starvation-are-weapons-used-by-the-occupation-against-civilians-in-the-gaza-strip/#_ftnref6", "text": "bisan.org" }, "Display Visual Evidence": null }, "geometry": { "type": "Point", "coordinates": [ 34.44832, 31.5337 ] } },
{ "type": "Feature", "properties": { "Incident ID": "31118-52260", "Date": "11/18/2023", "Display Date": "18-Nov-23", "Town/City": "Jabalia", "Location Name": "Jabalia refugee camp", "Location Type": "warehouse", "Lat": 31.5423, "Lon": 34.4956, "Display Latitude": 31.5423, "Display Longitude": 34.4956, "Category": "Aid", "Incident Type": "aid_infrastructure", "Incident Tags": "Attack on aid", "Verification": "CONFIRMED", "Media Link": null, "Source Merged": "https://www.bisan.org/2024/04/flour-ambushes-in-gaza-chaos-and-starvation-are-weapons-used-by-the-occupation-against-civilians-in-the-gaza-strip/#_ftnref6", "Display Sources": { "url": "https://www.bisan.org/2024/04/flour-ambushes-in-gaza-chaos-and-starvation-are-weapons-used-by-the-occupation-against-civilians-in-the-gaza-strip/#_ftnref6", "text": "bisan.org" }, "Display Visual Evidence": null }, "geometry": { "type": "Point", "coordinates": [ 34.4956, 31.5423 ] } },
{ "type": "Feature", "properties": { "Incident ID": "31123-10025", "Date": "11/23/2023", "Display Date": "23-Nov-23", "Town/City": "Beit Lahia", "Location Name": "Jabalia camp", "Location Type": "aid distribution point", "Lat": 31.5423, "Lon": 34.4956, "Display Latitude": 31.5423, "Display Longitude": 34.4956, "Category": "Aid", "Incident Type": "aid_infrastructure", "Incident Tags": "Attack on aid", "Verification": "CONFIRMED", "Media Link": null, "Source Merged": "https://www.bisan.org/2024/04/flour-ambushes-in-gaza-chaos-and-starvation-are-weapons-used-by-the-occupation-against-civilians-in-the-gaza-strip/#_ftnref6", "Display Sources": { "url": "https://www.bisan.org/2024/04/flour-ambushes-in-gaza-chaos-and-starvation-are-weapons-used-by-the-occupation-against-civilians-in-the-gaza-strip/#_ftnref6", "text": "bisan.org" }, "Display Visual Evidence": null }, "geometry": { "type": "Point", "coordinates": [ 34.4956, 31.5423 ] } },
{ "type": "Feature", "properties": { "Incident ID": "31203-05650", "Date": "12/3/2023", "Display Date": "3-Dec-23", "Town/City": "Beit Lahia", "Location Name": null, "Location Type": null, "Lat": 31.5423, "Lon": 34.4956, "Display Latitude": 31.5423, "Display Longitude": 34.4956, "Category": "Aid", "Incident Type": "aid_infrastructure", "Incident Tags": "Attack on aid", "Verification": "CONFIRMED", "Media Link": null, "Source Merged": "https://www.bisan.org/2024/04/flour-ambushes-in-gaza-chaos-and-starvation-are-weapons-used-by-the-occupation-against-civilians-in-the-gaza-strip/#_ftnref6", "Display Sources": { "url": "https://www.bisan.org/2024/04/flour-ambushes-in-gaza-chaos-and-starvation-are-weapons-used-by-the-occupation-against-civilians-in-the-gaza-strip/#_ftnref6", "text": "bisan.org" }, "Display Visual Evidence": null }, "geometry": { "type": "Point", "coordinates": [ 34.4956, 31.5423 ] } },
{ "type": "Feature", "properties": { "Incident ID": "31217-32095", "Date": "12/17/2023", "Display Date": "17-Dec-23", "Town/City": "Rafah", "Location Name": "Rafah Crossing", "Location Type": "road", "Lat": 31.248138, "Lon": 34.259796, "Display Latitude": 31.24814, "Display Longitude": 34.2598, "Category": "Aid", "Incident Type": "aid_personnel", "Incident Tags": "Attack on aid personnel", "Verification": "CONFIRMED", "Media Link": null, "Source Merged": "https://www.bisan.org/2024/04/flour-ambushes-in-gaza-chaos-and-starvation-are-weapons-used-by-the-occupation-against-civilians-in-the-gaza-strip/#_ftnref6", "Display Sources": { "url": "https://www.bisan.org/2024/04/flour-ambushes-in-gaza-chaos-and-starvation-are-weapons-used-by-the-occupation-against-civilians-in-the-gaza-strip/#_ftnref6", "text": "bisan.org" }, "Display Visual Evidence": null }, "geometry": { "type": "Point", "coordinates": [ 34.2598, 31.24814 ] } },
{ "type": "Feature", "properties": { "Incident ID": "31222-79292", "Date": "12/22/2023", "Display Date": "22-Dec-23", "Town/City": "Rafah", "Location Name": "Rafah Crossing", "Location Type": "road", "Lat": 31.248138, "Lon": 34.259796, "Display Latitude": 31.24814, "Display Longitude": 34.2598, "Category": "Aid", "Incident Type": "aid_personnel", "Incident Tags": "Attack on aid personnel", "Verification": "CONFIRMED", "Media Link": null, "Source Merged": "https://www.bisan.org/2024/04/flour-ambushes-in-gaza-chaos-and-starvation-are-weapons-used-by-the-occupation-against-civilians-in-the-gaza-strip/#_ftnref6", "Display Sources": { "url": "https://www.bisan.org/2024/04/flour-ambushes-in-gaza-chaos-and-starvation-are-weapons-used-by-the-occupation-against-civilians-in-the-gaza-strip/#_ftnref6", "text": "bisan.org" }, "Display Visual Evidence": null }, "geometry": { "type": "Point", "coordinates": [ 34.2598, 31.24814 ] } },
{ "type": "Feature", "properties": { "Incident ID": "31226-40242", "Date": "12/26/2023", "Display Date": "26-Dec-23", "Town/City": "Rafah", "Location Name": "Rafah Crossing", "Location Type": "road", "Lat": 31.248138, "Lon": 34.259796, "Display Latitude": 31.24814, "Display Longitude": 34.2598, "Category": "Aid", "Incident Type": "aid_personnel", "Incident Tags": "Attack on aid personnel", "Verification": "CONFIRMED", "Media Link": null, "Source Merged": "https://www.bisan.org/2024/04/flour-ambushes-in-gaza-chaos-and-starvation-are-weapons-used-by-the-occupation-against-civilians-in-the-gaza-strip/#_ftnref6", "Display Sources": { "url": "https://www.bisan.org/2024/04/flour-ambushes-in-gaza-chaos-and-starvation-are-weapons-used-by-the-occupation-against-civilians-in-the-gaza-strip/#_ftnref6", "text": "bisan.org" }, "Display Visual Evidence": null }, "geometry": { "type": "Point", "coordinates": [ 34.2598, 31.24814 ] } },
{ "type": "Feature", "properties": { "Incident ID": "40102-77331", "Date": "1/2/2024", "Display Date": "2-Jan-24", "Town/City": "Bani Suheila", "Location Name": "17th roundabout.", "Location Type": "road", "Lat": 31.341861, "Lon": 34.331556, "Display Latitude": 31.34186, "Display Longitude": 34.33156, "Category": "Aid", "Incident Type": "aid_personnel", "Incident Tags": "Attack on aid personnel", "Verification": "CONFIRMED", "Media Link": null, "Source Merged": "https://www.bisan.org/2024/04/flour-ambushes-in-gaza-chaos-and-starvation-are-weapons-used-by-the-occupation-against-civilians-in-the-gaza-strip/#_ftnref6", "Display Sources": { "url": "https://www.bisan.org/2024/04/flour-ambushes-in-gaza-chaos-and-starvation-are-weapons-used-by-the-occupation-against-civilians-in-the-gaza-strip/#_ftnref6", "text": "bisan.org" }, "Display Visual Evidence": null }, "geometry": { "type": "Point", "coordinates": [ 34.33156, 31.34186 ] } },
{ "type": "Feature", "properties": { "Incident ID": "40115-86760", "Date": "1/15/2024", "Display Date": "15-Jan-24", "Town/City": "Al-Nuseirat", "Location Name": "Al-Bahr Street", "Location Type": "road", "Lat": 31.449527, "Lon": 34.393638, "Display Latitude": 31.44953, "Display Longitude": 34.39364, "Category": "Aid", "Incident Type": "aid_convoy", "Incident Tags": "Attack on aid", "Verification": "CONFIRMED", "Media Link": null, "Source Merged": "https://www.bisan.org/2024/04/flour-ambushes-in-gaza-chaos-and-starvation-are-weapons-used-by-the-occupation-against-civilians-in-the-gaza-strip/#_ftnref6", "Display Sources": { "url": "https://www.bisan.org/2024/04/flour-ambushes-in-gaza-chaos-and-starvation-are-weapons-used-by-the-occupation-against-civilians-in-the-gaza-strip/#_ftnref6", "text": "bisan.org" }, "Display Visual Evidence": null }, "geometry": { "type": "Point", "coordinates": [ 34.39364, 31.44953 ] } },
{ "type": "Feature", "properties": { "Incident ID": "40122-34384", "Date": "1/22/2024", "Display Date": "22-Jan-24", "Town/City": "Rafah", "Location Name": null, "Location Type": "road", "Lat": 31.2725, "Lon": 34.258611, "Display Latitude": 31.2725, "Display Longitude": 34.25861, "Category": "Aid", "Incident Type": "aid_convoy", "Incident Tags": "Attack on aid | Attack on destination area", "Verification": "CONFIRMED", "Media Link": null, "Source Merged": "https://www.bisan.org/2024/04/flour-ambushes-in-gaza-chaos-and-starvation-are-weapons-used-by-the-occupation-against-civilians-in-the-gaza-strip/#_ftnref6", "Display Sources": { "url": "https://www.bisan.org/2024/04/flour-ambushes-in-gaza-chaos-and-starvation-are-weapons-used-by-the-occupation-against-civilians-in-the-gaza-strip/#_ftnref6", "text": "bisan.org" }, "Display Visual Evidence": null }, "geometry": { "type": "Point", "coordinates": [ 34.25861, 31.2725 ] } },
{ "type": "Feature", "properties": { "Incident ID": "31021-75748", "Date": "10/21/2023", "Display Date": "21-Oct-23", "Town/City": "Al-Nuseirat", "Location Name": "Nuseirat market ", "Location Type": "market", "Lat": 31.449527, "Lon": 34.393638, "Display Latitude": 31.44953, "Display Longitude": 34.39364, "Category": "Aid", "Incident Type": "aid_market", "Incident Tags": "Attack on aid", "Verification": "MOST LIKELY", "Media Link": null, "Source Merged": "https://x.com/M0ATH/status/1715790908661067825, https://x.com/J7Rahaf/status/1715786842333741357, https://daysofpalestine.ps/israeli-airstrike-targets-nuseirat-market-leaving-death-and-destruction-in-its-wake/", "Display Sources": { "url": "https://x.com/M0ATH/status/1715790908661067825", "text": "M0ATH" }, "Display Visual Evidence": null }, "geometry": { "type": "Point", "coordinates": [ 34.39364, 31.44953 ] } },
{ "type": "Feature", "properties": { "Incident ID": "31118-83579", "Date": "11/18/2023", "Display Date": "18-Nov-23", "Town/City": "Khan Younis", "Location Name": null, "Location Type": "market", "Lat": 31.34512048, "Lon": 34.30356584, "Display Latitude": 31.34512, "Display Longitude": 34.30357, "Category": "Aid", "Incident Type": "aid_market", "Incident Tags": "Attack on aid", "Verification": "CONFIRMED", "Media Link": "https://www.instagram.com/reel/Czyu5DbKcMu/?utm_source=ig_web_copy_link&igsh=MzRlODBiNWFlZA%3D%3D", "Source Merged": "https://x.com/k7ybnd99/status/1725949174099624252", "Display Sources": { "url": "https://x.com/k7ybnd99/status/1725949174099624252", "text": "k7ybnd99" }, "Display Visual Evidence": "https://www.instagram.com/reel/Czyu5DbKcMu/?utm_source=ig_web_copy_link&igsh=MzRlODBiNWFlZA%3D%3D" }, "geometry": { "type": "Point", "coordinates": [ 34.30357, 31.34512 ] } },
{ "type": "Feature", "properties": { "Incident ID": "40310-40019", "Date": "3/10/2024", "Display Date": "10-Mar-24", "Town/City": "Al-Nuseirat", "Location Name": "al-Nuseirat market", "Location Type": "market", "Lat": 31.449527, "Lon": 34.393638, "Display Latitude": 31.44953, "Display Longitude": 34.39364, "Category": "Aid", "Incident Type": "aid_market", "Incident Tags": "Attack on aid", "Verification": "MOST LIKELY", "Media Link": null, "Source Merged": "https://x.com/PalHighlight/status/1766624960376692869, https://english.wafa.ps/Pages/Details/142358", "Display Sources": { "url": "https://x.com/PalHighlight/status/1766624960376692869", "text": "PalHighlight" }, "Display Visual Evidence": null }, "geometry": { "type": "Point", "coordinates": [ 34.39364, 31.44953 ] } },
{ "type": "Feature", "properties": { "Incident ID": "40411-71948", "Date": "4/11/2024", "Display Date": "11-Apr-24", "Town/City": "Gaza City", "Location Name": null, "Location Type": "Market", "Lat": 31.5064446, "Lon": 34.4592047, "Display Latitude": 31.50644, "Display Longitude": 34.4592, "Category": "Aid", "Incident Type": "aid_market", "Incident Tags": "Attack on aid", "Verification": "CONFIRMED", "Media Link": null, "Source Merged": "https://x.com/ytirawi/status/1778537313347473501", "Display Sources": { "url": "https://x.com/ytirawi/status/1778537313347473501", "text": "ytirawi" }, "Display Visual Evidence": null }, "geometry": { "type": "Point", "coordinates": [ 34.4592, 31.50644 ] } },
{ "type": "Feature", "properties": { "Incident ID": "40417-21879", "Date": "4/17/2024", "Display Date": "17-Apr-24", "Town/City": "Gaza City", "Location Name": "Sheikh Radwan market", "Location Type": "Market", "Lat": 31.53719635, "Lon": 34.46781255, "Display Latitude": 31.5372, "Display Longitude": 34.46781, "Category": "Aid", "Incident Type": "aid_market", "Incident Tags": "Attack on aid", "Verification": "MOST LIKELY", "Media Link": null, "Source Merged": "https://english.wafa.ps/Pages/Details/143296", "Display Sources": { "url": "https://english.wafa.ps/Pages/Details/143296", "text": "english.wafa.ps" }, "Display Visual Evidence": null }, "geometry": { "type": "Point", "coordinates": [ 34.46781, 31.5372 ] } },
{ "type": "Feature", "properties": { "Incident ID": "40525-27435", "Date": "5/25/2024", "Display Date": "25-May-24", "Town/City": "Jabalia", "Location Name": "Jabalia Camp Local Market", "Location Type": "Market", "Lat": 31.5423, "Lon": 34.4956, "Display Latitude": 31.5423, "Display Longitude": 34.4956, "Category": "Aid", "Incident Type": "aid_market", "Incident Tags": "Attack on aid", "Verification": "MOST LIKELY", "Media Link": null, "Source Merged": "https://x.com/Abdullah_Om3r03/status/1794337220289315113", "Display Sources": { "url": "https://x.com/Abdullah_Om3r03/status/1794337220289315113", "text": "Abdullah_Om3r03" }, "Display Visual Evidence": null }, "geometry": { "type": "Point", "coordinates": [ 34.4956, 31.5423 ] } },
{ "type": "Feature", "properties": { "Incident ID": "40608-43683", "Date": "6/8/2024", "Display Date": "8-Jun-24", "Town/City": "Al-Nuseirat", "Location Name": "Al-Nuseirat Market attack ", "Location Type": "Market", "Lat": 31.449527, "Lon": 34.393638, "Display Latitude": 31.44953, "Display Longitude": 34.39364, "Category": "Aid", "Incident Type": "aid_market", "Incident Tags": "Attack on aid", "Verification": "MOST LIKELY", "Media Link": null, "Source Merged": "https://x.com/AnasAlSharif0/status/1799392206324904346 , https://x.com/EyeonPalestine/status/1800036633988792454", "Display Sources": { "url": "https://x.com/AnasAlSharif0/status/1799392206324904346", "text": "AnasAlSharif0" }, "Display Visual Evidence": null }, "geometry": { "type": "Point", "coordinates": [ 34.39364, 31.44953 ] } },
{ "type": "Feature", "properties": { "Incident ID": "40709-33190", "Date": "7/9/2024", "Display Date": "9-Jul-24", "Town/City": "Al-Nuseirat", "Location Name": "Al-Nuseirat Market", "Location Type": "Market", "Lat": 31.449527, "Lon": 34.393638, "Display Latitude": 31.44953, "Display Longitude": 34.39364, "Category": "Aid", "Incident Type": "aid_market", "Incident Tags": "Attack on aid", "Verification": "CONFIRMED", "Media Link": "https://x.com/QudsNen/status/1810662999402979566 ", "Source Merged": "https://www.reuters.com/world/middle-east/israeli-forces-step-up-military-pressure-gaza-amid-new-ceasefire-bid-2024-07-09/", "Display Sources": { "url": "https://www.reuters.com/world/middle-east/israeli-forces-step-up-military-pressure-gaza-amid-new-ceasefire-bid-2024-07-09/", "text": "reuters.com" }, "Display Visual Evidence": "https://x.com/QudsNen/status/1810662999402979566" }, "geometry": { "type": "Point", "coordinates": [ 34.39364, 31.44953 ] } },
{ "type": "Feature", "properties": { "Incident ID": "31115-07310", "Date": "11/15/2023", "Display Date": "15-Nov-23", "Town/City": "Deir al-Balah", "Location Name": null, "Location Type": "Wheat mill", "Lat": 31.4085, "Lon": 34.34257, "Display Latitude": 31.4085, "Display Longitude": 34.34257, "Category": "Aid", "Incident Type": "aid_infrastructure", "Incident Tags": "Attack on aid", "Verification": "CONFIRMED", "Media Link": null, "Source Merged": "https://www.washingtonpost.com/world/2023/11/17/israel-hamas-war-gaza-news-palestine/#link-MJLIKNR2MFGBTBRZSN27OVU7RE", "Display Sources": { "url": "https://www.washingtonpost.com/world/2023/11/17/israel-hamas-war-gaza-news-palestine/#link-MJLIKNR2MFGBTBRZSN27OVU7RE", "text": "washingtonpost.com" }, "Display Visual Evidence": null }, "geometry": { "type": "Point", "coordinates": [ 34.34257, 31.4085 ] } },
{ "type": "Feature", "properties": { "Incident ID": "31104-59127", "Date": "11/4/2023", "Display Date": "4-Nov-23", "Town/City": "Jabalia", "Location Name": "near the Indonesian Hospital in\nGaza Cit", "Location Type": null, "Lat": 31.53356699, "Lon": 34.51003486, "Display Latitude": 31.53357, "Display Longitude": 34.51003, "Category": "Aid", "Incident Type": "aid_infrastructure", "Incident Tags": "Attack on aid", "Verification": "CONFIRMED", "Media Link": null, "Source Merged": "https://paxforpeace.nl/wp-content/uploads/sites/2/2023/12/PAX_Report_Gaza_Uninhabitable_FIN.pdf", "Display Sources": { "url": "https://paxforpeace.nl/wp-content/uploads/sites/2/2023/12/PAX_Report_Gaza_Uninhabitable_FIN.pdf", "text": "paxforpeace.nl" }, "Display Visual Evidence": null }, "geometry": { "type": "Point", "coordinates": [ 34.51003, 31.53357 ] } },
{ "type": "Feature", "properties": { "Incident ID": "31116-87321", "Date": "11/16/2023", "Display Date": "16-Nov-23", "Town/City": "Gaza City", "Location Name": null, "Location Type": null, "Lat": 31.49893021, "Lon": 34.43103568, "Display Latitude": 31.49893, "Display Longitude": 34.43104, "Category": "Aid", "Incident Type": "aid_infrastructure", "Incident Tags": "Attack on aid", "Verification": "CONFIRMED", "Media Link": null, "Source Merged": "https://paxforpeace.nl/wp-content/uploads/sites/2/2023/12/PAX_Report_Gaza_Uninhabitable_FIN.pdf", "Display Sources": { "url": "https://paxforpeace.nl/wp-content/uploads/sites/2/2023/12/PAX_Report_Gaza_Uninhabitable_FIN.pdf", "text": "paxforpeace.nl" }, "Display Visual Evidence": null }, "geometry": { "type": "Point", "coordinates": [ 34.43104, 31.49893 ] } },
{ "type": "Feature", "properties": { "Incident ID": "31111-55312", "Date": "11/11/2023", "Display Date": "11-Nov-23", "Town/City": "Beit Lahia", "Location Name": null, "Location Type": null, "Lat": 31.56197058, "Lon": 34.4680695, "Display Latitude": 31.56197, "Display Longitude": 34.46807, "Category": "Aid", "Incident Type": "aid_infrastructure", "Incident Tags": "Attack on aid", "Verification": "CONFIRMED", "Media Link": null, "Source Merged": "https://paxforpeace.nl/wp-content/uploads/sites/2/2023/12/PAX_Report_Gaza_Uninhabitable_FIN.pdf", "Display Sources": { "url": "https://paxforpeace.nl/wp-content/uploads/sites/2/2023/12/PAX_Report_Gaza_Uninhabitable_FIN.pdf", "text": "paxforpeace.nl" }, "Display Visual Evidence": null }, "geometry": { "type": "Point", "coordinates": [ 34.46807, 31.56197 ] } },
{ "type": "Feature", "properties": { "Incident ID": "31206-44552", "Date": "10/9/2023", "Display Date": "9-Oct-23", "Town/City": "Gaza City", "Location Name": "Gaza Industrial Estate", "Location Type": null, "Lat": 31.47691582, "Lon": 34.47215403, "Display Latitude": 31.47692, "Display Longitude": 34.47215, "Category": "Aid", "Incident Type": "aid_infrastructure", "Incident Tags": "Attack on aid", "Verification": "CONFIRMED", "Media Link": "https://www.facebook.com/munigaza/posts/pfbid02MWekXdBFvZMMix4FhQP2BTyeHHyxQo7yQYoAdGQgeF8nJjP8fdtdSofeUhAhnar4l", "Source Merged": "https://paxforpeace.nl/wp-content/uploads/sites/2/2023/12/PAX_Report_Gaza_Uninhabitable_FIN.pdf", "Display Sources": { "url": "https://paxforpeace.nl/wp-content/uploads/sites/2/2023/12/PAX_Report_Gaza_Uninhabitable_FIN.pdf", "text": "paxforpeace.nl" }, "Display Visual Evidence": "https://www.facebook.com/munigaza/posts/pfbid02MWekXdBFvZMMix4FhQP2BTyeHHyxQo7yQYoAdGQgeF8nJjP8fdtdSofeUhAhnar4l" }, "geometry": { "type": "Point", "coordinates": [ 34.47215, 31.47692 ] } },
{ "type": "Feature", "properties": { "Incident ID": "31108-13889", "Date": "11/8/2023", "Display Date": "8-Nov-23", "Town/City": "Gaza City", "Location Name": "Gaza Industrial Estate", "Location Type": null, "Lat": 31.47691582, "Lon": 34.47215403, "Display Latitude": 31.47692, "Display Longitude": 34.47215, "Category": "Aid", "Incident Type": "aid_infrastructure", "Incident Tags": "Attack on aid", "Verification": "CONFIRMED", "Media Link": null, "Source Merged": "https://paxforpeace.nl/wp-content/uploads/sites/2/2023/12/PAX_Report_Gaza_Uninhabitable_FIN.pdf", "Display Sources": { "url": "https://paxforpeace.nl/wp-content/uploads/sites/2/2023/12/PAX_Report_Gaza_Uninhabitable_FIN.pdf", "text": "paxforpeace.nl" }, "Display Visual Evidence": null }, "geometry": { "type": "Point", "coordinates": [ 34.47215, 31.47692 ] } },
{ "type": "Feature", "properties": { "Incident ID": "40826-85383", "Date": "8/26/2024", "Display Date": "26-Aug-24", "Town/City": "Jabalia", "Location Name": "Jabalia refugee camp", "Location Type": "Market", "Lat": 31.534777, "Lon": 34.498062, "Display Latitude": 31.53478, "Display Longitude": 34.49806, "Category": "Aid", "Incident Type": null, "Incident Tags": "Attack on aid", "Verification": "CONFIRMED", "Media Link": "https://x.com/swilkinsonbc/status/1828121313267048522", "Source Merged": "https://x.com/MiddleEastEye/status/1828231298508538057", "Display Sources": { "url": "https://x.com/MiddleEastEye/status/1828231298508538057", "text": "MiddleEastEye" }, "Display Visual Evidence": "https://x.com/swilkinsonbc/status/1828121313267048522" }, "geometry": { "type": "Point", "coordinates": [ 34.49806, 31.53478 ] } },
{ "type": "Feature", "properties": { "Incident ID": "40704-57398", "Date": "7/4/2024", "Display Date": "4-Jul-24", "Town/City": "Gaza City", "Location Name": null, "Location Type": "Market", "Lat": 31.51761072, "Lon": 34.44957528, "Display Latitude": 31.51761, "Display Longitude": 34.44958, "Category": "Aid", "Incident Type": "aid_market", "Incident Tags": "Attack on aid", "Verification": "CONFIRMED", "Media Link": null, "Source Merged": "https://www.instagram.com/p/C8_6VBDqUGX/ , https://fb.watch/uxa1x3wvED/; https://www.aa.com.tr/en/pg/photo-gallery/palestinians-inspect-the-area-following-israeli-attack-on-gold-market-in-gaza/0", "Display Sources": { "url": "https://www.instagram.com/p/C8_6VBDqUGX/", "text": "instagram.com" }, "Display Visual Evidence": null }, "geometry": { "type": "Point", "coordinates": [ 34.44958, 31.51761 ] } },
{ "type": "Feature", "properties": { "Incident ID": "40304-50801", "Date": "3/4/2024", "Display Date": "4-Mar-24", "Town/City": "Beit Lahia", "Location Name": null, "Location Type": "#REF!", "Lat": 31.5423, "Lon": 34.4956, "Display Latitude": 31.5423, "Display Longitude": 34.4956, "Category": "Aid", "Incident Type": "aid_personnel", "Incident Tags": "Attack on aid personnel", "Verification": "CONFIRMED", "Media Link": null, "Source Merged": "https://www.straitstimes.com/singapore/kitchen-in-gaza-refugee-camp-run-by-singaporean-driven-charity-hit-in-airstrike", "Display Sources": { "url": "https://www.straitstimes.com/singapore/kitchen-in-gaza-refugee-camp-run-by-singaporean-driven-charity-hit-in-airstrike", "text": "straitstimes.com" }, "Display Visual Evidence": null }, "geometry": { "type": "Point", "coordinates": [ 34.4956, 31.5423 ] } },
{ "type": "Feature", "properties": { "Incident ID": "31018-74028", "Date": "10/18/2023", "Display Date": "18-Oct-23", "Town/City": "Gaza City", "Location Name": null, "Location Type": null, "Lat": 31.50969, "Lon": 34.422231, "Display Latitude": 31.50969, "Display Longitude": 34.42223, "Category": "Aid", "Incident Type": "aid_personnel", "Incident Tags": "Attack on aid personnel", "Verification": "CONFIRMED", "Media Link": "https://www.aljazeera.com/wp-content/uploads/2023/10/5Q8B0023-copy-1697733069.jpg?resize=1170%2C780&quality=80", "Source Merged": "https://www.aljazeera.com/gallery/2023/10/20/israel-bombed-a-family-home-in-gaza-generations-of-saqallahs-were-inside?ref=blog.dama.to", "Display Sources": { "url": "https://www.aljazeera.com/gallery/2023/10/20/israel-bombed-a-family-home-in-gaza-generations-of-saqallahs-were-inside?ref=blog.dama.to", "text": "aljazeera.com" }, "Display Visual Evidence": "https://www.aljazeera.com/wp-content/uploads/2023/10/5Q8B0023-copy-1697733069.jpg?resize=1170%2C780&quality=80" }, "geometry": { "type": "Point", "coordinates": [ 34.42223, 31.50969 ] } },
{ "type": "Feature", "properties": { "Incident ID": "40917-35134", "Date": "9/17/2024", "Display Date": "17-Sep-24", "Town/City": "Al-Nuseirat", "Location Name": null, "Location Type": null, "Lat": 31.44091125, "Lon": 34.39090739, "Display Latitude": 31.44091, "Display Longitude": 34.39091, "Category": "Aid", "Incident Type": "aid_convoy", "Incident Tags": "Attack on aid", "Verification": "CONFIRMED", "Media Link": null, "Source Merged": "https://www.aljazeera.com/news/liveblog/2024/9/15/israels-war-on-gaza-live-israel-kills-21-in-north-gaza-orders-evacuation", "Display Sources": { "url": "https://www.aljazeera.com/news/liveblog/2024/9/15/israels-war-on-gaza-live-israel-kills-21-in-north-gaza-orders-evacuation", "text": "aljazeera.com" }, "Display Visual Evidence": null }, "geometry": { "type": "Point", "coordinates": [ 34.39091, 31.44091 ] } },
{ "type": "Feature", "properties": { "Incident ID": "31108-42260", "Date": "11/8/2023", "Display Date": "8-Nov-23", "Town/City": "Al-Nuseirat", "Location Name": "Shalal dump site", "Location Type": null, "Lat": 31.44996934, "Lon": 34.39287683, "Display Latitude": 31.44997, "Display Longitude": 34.39288, "Category": "Aid", "Incident Type": "aid_personnel", "Incident Tags": "Attack on aid personnel | Attack on UNRWA aid distribution", "Verification": "CONFIRMED", "Media Link": null, "Source Merged": "UNWRA", "Display Sources": { "url": "UNWRA" }, "Display Visual Evidence": null }, "geometry": { "type": "Point", "coordinates": [ 34.39288, 31.44997 ] } },
{ "type": "Feature", "properties": { "Incident ID": "31109-57083", "Date": "11/9/2023", "Display Date": "9-Nov-23", "Town/City": "Gaza City", "Location Name": null, "Location Type": null, "Lat": 31.515886, "Lon": 34.469303, "Display Latitude": 31.51589, "Display Longitude": 34.4693, "Category": "Aid", "Incident Type": "aid_convoy", "Incident Tags": "Attack on aid | Attack on UNRWA aid distribution", "Verification": "CONFIRMED", "Media Link": null, "Source Merged": "UNWRA", "Display Sources": { "url": "UNWRA" }, "Display Visual Evidence": null }, "geometry": { "type": "Point", "coordinates": [ 34.4693, 31.51589 ] } },
{ "type": "Feature", "properties": { "Incident ID": "31217-19240", "Date": "12/17/2023", "Display Date": "17-Dec-23", "Town/City": "Khan Younis", "Location Name": "Khan Younis landfill", "Location Type": null, "Lat": 31.34602968, "Lon": 34.30330708, "Display Latitude": 31.34603, "Display Longitude": 34.30331, "Category": "Aid", "Incident Type": "aid_convoy", "Incident Tags": "Attack on aid | Attack on evacuation area | Attack on UNRWA aid distribution", "Verification": "CONFIRMED", "Media Link": null, "Source Merged": "UNWRA", "Display Sources": { "url": "UNWRA" }, "Display Visual Evidence": null }, "geometry": { "type": "Point", "coordinates": [ 34.30331, 31.34603 ] } },
{ "type": "Feature", "properties": { "Incident ID": "31228-72978", "Date": "12/28/2023", "Display Date": "28-Dec-23", "Town/City": "Gaza City", "Location Name": null, "Location Type": null, "Lat": 31.50823896, "Lon": 34.46191789, "Display Latitude": 31.50824, "Display Longitude": 34.46192, "Category": "Aid", "Incident Type": "aid_convoy", "Incident Tags": "Attack on aid | Attack on UNRWA aid distribution", "Verification": "CONFIRMED", "Media Link": null, "Source Merged": "UNWRA", "Display Sources": { "url": "UNWRA" }, "Display Visual Evidence": null }, "geometry": { "type": "Point", "coordinates": [ 34.46192, 31.50824 ] } },
{ "type": "Feature", "properties": { "Incident ID": "40525-39598", "Date": "6/25/2024", "Display Date": "25-Jun-24", "Town/City": "Rafah", "Location Name": "guest house UNRWA", "Location Type": null, "Lat": 31.335597, "Lon": 34.23588, "Display Latitude": 31.3356, "Display Longitude": 34.23588, "Category": "Aid, Infrastructure", "Incident Type": "aid_infrastructure", "Incident Tags": "Attack on aid | Attack on UNRWA aid distribution", "Verification": "CONFIRMED", "Media Link": null, "Source Merged": "UNWRA", "Display Sources": { "url": "UNWRA" }, "Display Visual Evidence": null }, "geometry": { "type": "Point", "coordinates": [ 34.23588, 31.3356 ] } },
{ "type": "Feature", "properties": { "Incident ID": "40608-46721", "Date": "6/8/2024", "Display Date": "8-Jun-24", "Town/City": "Rafah", "Location Name": null, "Location Type": null, "Lat": 31.335597, "Lon": 34.23588, "Display Latitude": 31.3356, "Display Longitude": 34.23588, "Category": "Infrastructure, Aid", "Incident Type": "aid_infrastructure", "Incident Tags": "Attack on aid | Attack on UNRWA aid distribution", "Verification": "CONFIRMED", "Media Link": null, "Source Merged": "UNWRA", "Display Sources": { "url": "UNWRA" }, "Display Visual Evidence": null }, "geometry": { "type": "Point", "coordinates": [ 34.23588, 31.3356 ] } },
{ "type": "Feature", "properties": { "Incident ID": "40608-20919", "Date": "6/8/2024", "Display Date": "8-Jun-24", "Town/City": "Al-Nuseirat", "Location Name": "guest house UNRWA", "Location Type": null, "Lat": 31.450369, "Lon": 34.368391, "Display Latitude": 31.45037, "Display Longitude": 34.36839, "Category": "Infrastructure, Aid", "Incident Type": "aid_infrastructure", "Incident Tags": "Attack on aid | Attack on UNRWA aid distribution", "Verification": "CONFIRMED", "Media Link": null, "Source Merged": "UNWRA", "Display Sources": { "url": "UNWRA" }, "Display Visual Evidence": null }, "geometry": { "type": "Point", "coordinates": [ 34.36839, 31.45037 ] } },
{ "type": "Feature", "properties": { "Incident ID": "40602-44540", "Date": "6/2/2024", "Display Date": "2-Jun-24", "Town/City": "Rafah", "Location Name": "guest house UNRWA", "Location Type": null, "Lat": 31.32771, "Lon": 34.226785, "Display Latitude": 31.32771, "Display Longitude": 34.22678, "Category": "Infrastructure, Aid", "Incident Type": "aid_infrastructure", "Incident Tags": "Attack on aid | Attack on UNRWA aid distribution", "Verification": "CONFIRMED", "Media Link": null, "Source Merged": "UNWRA", "Display Sources": { "url": "UNWRA" }, "Display Visual Evidence": null }, "geometry": { "type": "Point", "coordinates": [ 34.22678, 31.32771 ] } },
{ "type": "Feature", "properties": { "Incident ID": "31208-66649", "Date": "12/8/2023", "Display Date": "8-Dec-23", "Town/City": "Rafah", "Location Name": "guest house UNRWA", "Location Type": null, "Lat": 31.32771, "Lon": 34.226785, "Display Latitude": 31.32771, "Display Longitude": 34.22678, "Category": "Infrastructure, Aid", "Incident Type": "aid_infrastructure", "Incident Tags": "Attack on aid | Attack on UNRWA aid distribution", "Verification": "CONFIRMED", "Media Link": null, "Source Merged": "UNWRA", "Display Sources": { "url": "UNWRA" }, "Display Visual Evidence": null }, "geometry": { "type": "Point", "coordinates": [ 34.22678, 31.32771 ] } },
{ "type": "Feature", "properties": { "Incident ID": "31112-47368", "Date": "11/12/2023", "Display Date": "12-Nov-23", "Town/City": "Rafah", "Location Name": "guest house UNRWA", "Location Type": null, "Lat": 31.32841, "Lon": 34.227746, "Display Latitude": 31.32841, "Display Longitude": 34.22775, "Category": "Infrastructure, Aid", "Incident Type": "aid_infrastructure", "Incident Tags": "Attack on aid | Attack on UNRWA aid distribution", "Verification": "CONFIRMED", "Media Link": null, "Source Merged": "UNWRA", "Display Sources": { "url": "UNWRA" }, "Display Visual Evidence": null }, "geometry": { "type": "Point", "coordinates": [ 34.22775, 31.32841 ] } },
{ "type": "Feature", "properties": { "Incident ID": "40603-06535", "Date": "6/3/2024", "Display Date": "3-Jun-24", "Town/City": "regional zone 4", "Location Name": "Rafah Logistics Base", "Location Type": null, "Lat": 31.3176208, "Lon": 34.24940342, "Display Latitude": 31.31762, "Display Longitude": 34.2494, "Category": "Infrastructure, Aid", "Incident Type": "aid_infrastructure", "Incident Tags": "Attack on aid | Attack on UNRWA aid distribution", "Verification": "CONFIRMED", "Media Link": null, "Source Merged": "UNWRA", "Display Sources": { "url": "UNWRA" }, "Display Visual Evidence": null }, "geometry": { "type": "Point", "coordinates": [ 34.2494, 31.31762 ] } },
{ "type": "Feature", "properties": { "Incident ID": "40617-73055", "Date": "6/17/2024", "Display Date": "17-Jun-24", "Town/City": "Jabalia", "Location Name": "Jabalia Distribution Center", "Location Type": null, "Lat": 31.53265505, "Lon": 34.49503996, "Display Latitude": 31.53266, "Display Longitude": 34.49504, "Category": "Infrastructure, Aid", "Incident Type": "aid_infrastructure", "Incident Tags": "Attack on aid | Attack on UNRWA aid distribution", "Verification": "CONFIRMED", "Media Link": null, "Source Merged": "UNWRA", "Display Sources": { "url": "UNWRA" }, "Display Visual Evidence": null }, "geometry": { "type": "Point", "coordinates": [ 34.49504, 31.53266 ] } },
{ "type": "Feature", "properties": { "Incident ID": "40507-83806", "Date": "5/7/2024", "Display Date": "7-May-24", "Town/City": "Rafah", "Location Name": "East Rafah Distribution Center", "Location Type": null, "Lat": 31.27670504, "Lon": 34.25900542, "Display Latitude": 31.27671, "Display Longitude": 34.25901, "Category": "Infrastructure, Aid", "Incident Type": "aid_infrastructure", "Incident Tags": "Attack on aid | Attack on UNRWA aid distribution", "Verification": "CONFIRMED", "Media Link": null, "Source Merged": "UNWRA", "Display Sources": { "url": "UNWRA" }, "Display Visual Evidence": null }, "geometry": { "type": "Point", "coordinates": [ 34.25901, 31.27671 ] } },
{ "type": "Feature", "properties": { "Incident ID": "40122-52404", "Date": "1/22/2024", "Display Date": "22-Jan-24", "Town/City": "Khan Younis", "Location Name": "Khan Younis West Store", "Location Type": null, "Lat": 31.355514, "Lon": 34.279989, "Display Latitude": 31.35551, "Display Longitude": 34.27999, "Category": "Infrastructure, Aid", "Incident Type": "aid_infrastructure", "Incident Tags": "Attack on aid | Attack on UNRWA aid distribution", "Verification": "CONFIRMED", "Media Link": null, "Source Merged": "UNWRA", "Display Sources": { "url": "UNWRA" }, "Display Visual Evidence": null }, "geometry": { "type": "Point", "coordinates": [ 34.27999, 31.35551 ] } },
{ "type": "Feature", "properties": { "Incident ID": "40124-19041", "Date": "1/18/2024", "Display Date": "18-Jan-24", "Town/City": "Deir al-Balah", "Location Name": "Deir El-Balah Distribution Center", "Location Type": null, "Lat": 31.41599952, "Lon": 34.36680789, "Display Latitude": 31.416, "Display Longitude": 34.36681, "Category": "Infrastructure, Aid", "Incident Type": "aid_infrastructure", "Incident Tags": "Attack on aid | Attack on UNRWA aid distribution", "Verification": "CONFIRMED", "Media Link": null, "Source Merged": "UNWRA", "Display Sources": { "url": "UNWRA" }, "Display Visual Evidence": null }, "geometry": { "type": "Point", "coordinates": [ 34.36681, 31.416 ] } },
{ "type": "Feature", "properties": { "Incident ID": "40224-10223", "Date": "2/24/2024", "Display Date": "24-Feb-24", "Town/City": "Rafah", "Location Name": "Rafah West Distribution Center", "Location Type": null, "Lat": 31.28325172, "Lon": 34.25125598, "Display Latitude": 31.28325, "Display Longitude": 34.25126, "Category": "Infrastructure, Aid", "Incident Type": "aid_infrastructure", "Incident Tags": "Attack on aid | Attack on UNRWA aid distribution", "Verification": "CONFIRMED", "Media Link": null, "Source Merged": "UNWRA", "Display Sources": { "url": "UNWRA" }, "Display Visual Evidence": null }, "geometry": { "type": "Point", "coordinates": [ 34.25126, 31.28325 ] } },
{ "type": "Feature", "properties": { "Incident ID": "40113-57039", "Date": "1/13/2024", "Display Date": "13-Jan-24", "Town/City": "Al-Nuseirat", "Location Name": "Nuseirat Distribution Center", "Location Type": null, "Lat": 31.44789771, "Lon": 34.38895502, "Display Latitude": 31.4479, "Display Longitude": 34.38896, "Category": "Infrastructure, Aid", "Incident Type": "aid_infrastructure", "Incident Tags": "Attack on aid | Attack on UNRWA aid distribution", "Verification": "CONFIRMED", "Media Link": null, "Source Merged": "UNWRA", "Display Sources": { "url": "UNWRA" }, "Display Visual Evidence": null }, "geometry": { "type": "Point", "coordinates": [ 34.38896, 31.4479 ] } },
{ "type": "Feature", "properties": { "Incident ID": "31230-12414", "Date": "12/30/2023", "Display Date": "30-Dec-23", "Town/City": "Rafah", "Location Name": "Rafah Warehouse.", "Location Type": null, "Lat": 31.27821348, "Lon": 34.26045099, "Display Latitude": 31.27821, "Display Longitude": 34.26045, "Category": "Infrastructure, Aid", "Incident Type": "aid_infrastructure", "Incident Tags": "Attack on aid | Attack on destination area | Attack on UNRWA aid distribution", "Verification": "CONFIRMED", "Media Link": null, "Source Merged": "UNWRA", "Display Sources": { "url": "UNWRA" }, "Display Visual Evidence": null }, "geometry": { "type": "Point", "coordinates": [ 34.26045, 31.27821 ] } },
{ "type": "Feature", "properties": { "Incident ID": "31228-96223", "Date": "12/28/2023", "Display Date": "28-Dec-23", "Town/City": "Khan Younis", "Location Name": "Khan Younis Training College", "Location Type": null, "Lat": 31.36411708, "Lon": 34.29513955, "Display Latitude": 31.36412, "Display Longitude": 34.29514, "Category": "Infrastructure, Aid", "Incident Type": "aid_infrastructure", "Incident Tags": "Attack on aid | Attack on UNRWA aid distribution", "Verification": "CONFIRMED", "Media Link": null, "Source Merged": "UNWRA", "Display Sources": { "url": "UNWRA" }, "Display Visual Evidence": null }, "geometry": { "type": "Point", "coordinates": [ 34.29514, 31.36412 ] } },
{ "type": "Feature", "properties": { "Incident ID": "31216-41553", "Date": "12/16/2023", "Display Date": "16-Dec-23", "Town/City": "Khan Younis", "Location Name": "Khan Younis Training College", "Location Type": null, "Lat": 31.36411708, "Lon": 34.29513955, "Display Latitude": 31.36412, "Display Longitude": 34.29514, "Category": "Infrastructure, Aid", "Incident Type": "aid_infrastructure", "Incident Tags": "Attack on aid | Attack on UNRWA aid distribution", "Verification": "CONFIRMED", "Media Link": null, "Source Merged": "UNWRA", "Display Sources": { "url": "UNWRA" }, "Display Visual Evidence": null }, "geometry": { "type": "Point", "coordinates": [ 34.29514, 31.36412 ] } },
{ "type": "Feature", "properties": { "Incident ID": "40205-83647", "Date": "2/5/2024", "Display Date": "5-Feb-24", "Town/City": "Deir al-Balah", "Location Name": "Deir El-Balah Distribution Center", "Location Type": null, "Lat": 31.41599952, "Lon": 34.36680789, "Display Latitude": 31.416, "Display Longitude": 34.36681, "Category": "Infrastructure, Aid", "Incident Type": "aid_infrastructure", "Incident Tags": "Attack on aid | Attack on UNRWA aid distribution", "Verification": "CONFIRMED", "Media Link": null, "Source Merged": "UNRWA", "Display Sources": { "url": "UNRWA" }, "Display Visual Evidence": null }, "geometry": { "type": "Point", "coordinates": [ 34.36681, 31.416 ] } },
{ "type": "Feature", "properties": { "Incident ID": "40608-52658", "Date": "6/8/2024", "Display Date": "8-Jun-24", "Town/City": "Al-Nuseirat", "Location Name": null, "Location Type": null, "Lat": 31.44789771, "Lon": 34.38895502, "Display Latitude": 31.4479, "Display Longitude": 34.38896, "Category": "Infrastructure, Aid", "Incident Type": "aid_infrastructure", "Incident Tags": "Attack on aid", "Verification": "CONFIRMED", "Media Link": "https://dims.apnews.com/dims4/default/2be344b/2147483647/strip/true/crop/2859x1788+0+0/resize/1440x901!/format/webp/quality/90/?url=https%3A%2F%2Fassets.apnews.com%2F94%2F03%2F132231632d5889014c86315f9b7a%2Fddcc4908796d4c349c37dda52229392d ", "Source Merged": "https://www.timesofisrael.com/un-food-organization-halts-aid-to-gaza-via-us-pier-due-to-security-concerns/, https://apnews.com/article/pier-aid-us-gaza-israel-pause-70283c86da47591cd5bc8b9c196d6dff", "Display Sources": { "url": "https://www.timesofisrael.com/un-food-organization-halts-aid-to-gaza-via-us-pier-due-to-security-concerns/", "text": "timesofisrael.com" }, "Display Visual Evidence": "https://dims.apnews.com/dims4/default/2be344b/2147483647/strip/true/crop/2859x1788+0+0/resize/1440x901!/format/webp/quality/90/?url=https%3A%2F%2Fassets.apnews.com%2F94%2F03%2F132231632d5889014c86315f9b7a%2Fddcc4908796d4c349c37dda52229392d" }, "geometry": { "type": "Point", "coordinates": [ 34.38896, 31.4479 ] } },
{ "type": "Feature", "properties": { "Incident ID": "40829-48118", "Date": "8/29/2024", "Display Date": "29-Aug-24", "Town/City": "Rafah", "Location Name": null, "Location Type": "#REF!", "Lat": 31.27821348, "Lon": 34.26045099, "Display Latitude": 31.27821, "Display Longitude": 34.26045, "Category": "Aid", "Incident Type": "aid_convoy", "Incident Tags": "Attack on aid", "Verification": "CONFIRMED", "Media Link": null, "Source Merged": "https://www.theguardian.com/world/article/2024/aug/29/israel-airstrike-aid-convoy-gaza", "Display Sources": { "url": "https://www.theguardian.com/world/article/2024/aug/29/israel-airstrike-aid-convoy-gaza", "text": "theguardian.com" }, "Display Visual Evidence": null }, "geometry": { "type": "Point", "coordinates": [ 34.26045, 31.27821 ] } },
{ "type": "Feature", "properties": { "Incident ID": "40507-70948", "Date": "5/7/2024", "Display Date": "7-May-24", "Town/City": "regional zone 2", "Location Name": "Aid Distribution Centre", "Location Type": "warehouse", "Lat": 31.2485, "Lon": 34.2582, "Display Latitude": 31.2485, "Display Longitude": 34.2582, "Category": "Aid", "Incident Type": "aid_infrastructure", "Incident Tags": "Attack on aid", "Verification": "CONFIRMED", "Media Link": null, "Source Merged": "https://www.unrwa.org/resources/reports/unrwa-situation-report-107-situation-gaza-strip-and-west-bank-including-east-Jerusalem", "Display Sources": { "url": "https://www.unrwa.org/resources/reports/unrwa-situation-report-107-situation-gaza-strip-and-west-bank-including-east-Jerusalem", "text": "unrwa.org" }, "Display Visual Evidence": null }, "geometry": { "type": "Point", "coordinates": [ 34.2582, 31.2485 ] } },
{ "type": "Feature", "properties": { "Incident ID": "40409-66791", "Date": "4/9/2024", "Display Date": "9-Apr-24", "Town/City": "Gaza City", "Location Name": "Wadi Gaza checkpoint", "Location Type": "Road", "Lat": 31.46955367, "Lon": 34.43149675, "Display Latitude": 31.46955, "Display Longitude": 34.4315, "Category": "Aid", "Incident Type": "aid_convoy", "Incident Tags": "Attack on aid | Attack on aid personnel", "Verification": "CONFIRMED", "Media Link": null, "Source Merged": "https://www.abc.net.au/news/2024-04-12/australian-aid-workers-convoy-hit-by-bullets/103702104", "Display Sources": { "url": "https://www.abc.net.au/news/2024-04-12/australian-aid-workers-convoy-hit-by-bullets/103702104", "text": "abc.net.au" }, "Display Visual Evidence": null }, "geometry": { "type": "Point", "coordinates": [ 34.4315, 31.46955 ] } },
{ "type": "Feature", "properties": { "Incident ID": "40916-51194", "Date": "9/16/2024", "Display Date": "16-Sep-24", "Town/City": "Khan Younis", "Location Name": "Bakery", "Location Type": "Bakery", "Lat": 31.34816128, "Lon": 34.25576888, "Display Latitude": 31.34816, "Display Longitude": 34.25577, "Category": "Aid", "Incident Type": "aid_bakery", "Incident Tags": "Attack on aid", "Verification": "CONFIRMED", "Media Link": "https://english.wafa.ps/image/NewsThumbImg/Default/0b71d4ff-f813-4f0e-8095-1861a36b3efd.jpg", "Source Merged": "https://www.middleeasteye.net/live-blog/live-blog-update/five-killed-israeli-strike-bakery-gaza?nid=390521&topic=Israel%2527s%2520war%2520on%2520Gaza&fid=530641, https://english.wafa.ps/Pages/Details/149292#:~:text=GAZA%2C%20September%2C%2016%2C%202024,area%2C%20west%20of%20the%20city. ", "Display Sources": { "url": "https://www.middleeasteye.net/live-blog/live-blog-update/five-killed-israeli-strike-bakery-gaza?nid=390521&topic=Israel%2527s%2520war%2520on%2520Gaza&fid=530641", "text": "middleeasteye.net" }, "Display Visual Evidence": "https://english.wafa.ps/image/NewsThumbImg/Default/0b71d4ff-f813-4f0e-8095-1861a36b3efd.jpg" }, "geometry": { "type": "Point", "coordinates": [ 34.25577, 31.34816 ] } },
{ "type": "Feature", "properties": { "Incident ID": "40903-48386", "Date": "9/3/2024", "Display Date": "3-Sep-24", "Town/City": "Khan Younis", "Location Name": "Mini food stall", "Location Type": "Market", "Lat": 31.54228, "Lon": 34.495587, "Display Latitude": 31.54228, "Display Longitude": 34.49559, "Category": "Aid", "Incident Type": "aid_market", "Incident Tags": "Attack on aid", "Verification": "CONFIRMED", "Media Link": "https://www.aljazeera.com/program/newsfeed/2024/9/3/palestinians-killed-queuing-for-bread-outside-gaza-shelter", "Source Merged": "https://english.ahram.org.eg/News/531196.aspx", "Display Sources": { "url": "https://english.ahram.org.eg/News/531196.aspx", "text": "english.ahram.org.eg" }, "Display Visual Evidence": "https://www.aljazeera.com/program/newsfeed/2024/9/3/palestinians-killed-queuing-for-bread-outside-gaza-shelter" }, "geometry": { "type": "Point", "coordinates": [ 34.49559, 31.54228 ] } },
{ "type": "Feature", "properties": { "Incident ID": "31221-64053", "Date": "12/21/2023", "Display Date": "21-Dec-23", "Town/City": "Rafah", "Location Name": null, "Location Type": null, "Lat": 31.246861, "Lon": 34.255275, "Display Latitude": 31.24686, "Display Longitude": 34.25527, "Category": "Aid", "Incident Type": "aid_infrastructure", "Incident Tags": "Attack on aid | Attack on aid personnel", "Verification": "CONFIRMED", "Media Link": "https://t.me/AlarabyTelevision/52597", "Source Merged": "https://www.aljazeera.com/news/2023/12/21/israeli-strike-kills-palestinian-border-crossing-chief-gaza-officials", "Display Sources": { "url": "https://www.aljazeera.com/news/2023/12/21/israeli-strike-kills-palestinian-border-crossing-chief-gaza-officials", "text": "aljazeera.com" }, "Display Visual Evidence": "https://t.me/AlarabyTelevision/52597" }, "geometry": { "type": "Point", "coordinates": [ 34.25527, 31.24686 ] } },
{ "type": "Feature", "properties": { "Incident ID": "31009-21939", "Date": "10/9/2023", "Display Date": "9-Oct-23", "Town/City": "Rafah", "Location Name": "Rafah Crossing", "Location Type": "Crossing", "Lat": 31.246861, "Lon": 34.255275, "Display Latitude": 31.24686, "Display Longitude": 34.25527, "Category": "Infrastructure, Aid", "Incident Type": "aid_infrastructure", "Incident Tags": "Attack on aid | Airstrike", "Verification": "CONFIRMED", "Media Link": "https://x.com/m_osint/status/1711428379675631764", "Source Merged": null, "Display Sources": null, "Display Visual Evidence": "https://x.com/m_osint/status/1711428379675631764" }, "geometry": { "type": "Point", "coordinates": [ 34.25527, 31.24686 ] } },
{ "type": "Feature", "properties": { "Incident ID": "31010-25053", "Date": "10/10/2023", "Display Date": "10-Oct-23", "Town/City": "regional zone 2", "Location Name": "Rafah Crossing", "Location Type": "Crossing", "Lat": 31.248342, "Lon": 34.259032, "Display Latitude": 31.24834, "Display Longitude": 34.25903, "Category": "Infrastructure, Aid", "Incident Type": "aid_infrastructure", "Incident Tags": "Attack on aid | Airstrike", "Verification": "CONFIRMED", "Media Link": null, "Source Merged": "https://airwars.org/civilian-casualties/ispt0086-october-10-2023/", "Display Sources": { "url": "https://airwars.org/civilian-casualties/ispt0086-october-10-2023/", "text": "airwars.org" }, "Display Visual Evidence": null }, "geometry": { "type": "Point", "coordinates": [ 34.25903, 31.24834 ] } },
{ "type": "Feature", "properties": { "Incident ID": "00000-73965", "Date": "4/5/2024", "Display Date": "5-Apr-24", "Town/City": "Gaza City", "Location Name": "East of al-Shuja'iyya", "Location Type": "Stone crushing facility", "Lat": 31.48617907, "Lon": 34.48540237, "Display Latitude": 31.48618, "Display Longitude": 34.4854, "Category": "Spatial Control, Aid", "Incident Type": "civilians_seeking_aid", "Incident Tags": "Attack on civilians seeking aid", "Verification": "CONFIRMED", "Media Link": "https://www.youtube.com/watch?v=mXuJvR3Z0z4", "Source Merged": "https://x.com/inarobles13/status/1776236690853470435", "Display Sources": { "url": "https://x.com/inarobles13/status/1776236690853470435", "text": "inarobles13" }, "Display Visual Evidence": "https://www.youtube.com/watch?v=mXuJvR3Z0z4" }, "geometry": { "type": "Point", "coordinates": [ 34.4854, 31.48618 ] } },
{ "type": "Feature", "properties": { "Incident ID": null, "Date": "8/5/2024", "Display Date": "5-Aug-24", "Town/City": "Deir al-Balah", "Location Name": "Al-Matahin", "Location Type": "Vehicle", "Lat": 31.391182, "Lon": 34.329637, "Display Latitude": 31.39118, "Display Longitude": 34.32964, "Category": null, "Incident Type": "aid_personnel", "Incident Tags": "Attack on aid personnel", "Verification": "CONFIRMED", "Media Link": "https://t.me/QudsNen/116491", "Source Merged": "https://x.com/NemoAnno/status/1820527874262343690", "Display Sources": { "url": "https://x.com/NemoAnno/status/1820527874262343690", "text": "NemoAnno" }, "Display Visual Evidence": "https://t.me/QudsNen/116491" }, "geometry": { "type": "Point", "coordinates": [ 34.32964, 31.39118 ] } },
{ "type": "Feature", "properties": { "Incident ID": null, "Date": "8/6/2024", "Display Date": "6-Aug-24", "Town/City": "Gaza City", "Location Name": "Al-moghrabi market", "Location Type": "Market", "Lat": 31.508889, "Lon": 34.450278, "Display Latitude": 31.50889, "Display Longitude": 34.45028, "Category": null, "Incident Type": "aid_infrastructure", "Incident Tags": "Attack on aid infrastructure", "Verification": "CONFIRMED", "Media Link": "https://www.instagram.com/p/C-VOhnEt5-X/", "Source Merged": "https://x.com/ja31ck/status/1820870364076851683", "Display Sources": { "url": "https://x.com/ja31ck/status/1820870364076851683", "text": "ja31ck" }, "Display Visual Evidence": "https://www.instagram.com/p/C-VOhnEt5-X/" }, "geometry": { "type": "Point", "coordinates": [ 34.45028, 31.50889 ] } },
{ "type": "Feature", "properties": { "Incident ID": null, "Date": "8/11/2024", "Display Date": "11-Aug-24", "Town/City": "Al-Shuka", "Location Name": "Al-Shuka", "Location Type": "Road", "Lat": 31.2551553, "Lon": 34.2832986, "Display Latitude": 31.25516, "Display Longitude": 34.2833, "Category": null, "Incident Type": "civilians_seeking_aid", "Incident Tags": "Attack on civilians seeking aid", "Verification": "CONFIRMED", "Media Link": "https://twitter.com/adler_zvi/status/1822643414992609308", "Source Merged": "https://x.com/fdov21/status/1815408445899546841?t=_6xMRVFgvyIpq1R6DU1g_A&s=19, https://x.com/MOSSADil/status/1822299145832386649,", "Display Sources": { "url": "https://x.com/fdov21/status/1815408445899546841?t=_6xMRVFgvyIpq1R6DU1g_A&s=19", "text": "fdov21" }, "Display Visual Evidence": "https://twitter.com/adler_zvi/status/1822643414992609308" }, "geometry": { "type": "Point", "coordinates": [ 34.2833, 31.25516 ] } },
{ "type": "Feature", "properties": { "Incident ID": null, "Date": "8/15/2024", "Display Date": "15-Aug-24", "Town/City": "Khan Younis", "Location Name": "Salah Al Deen Street", "Location Type": "Vehicle", "Lat": 31.342506, "Lon": 34.314055, "Display Latitude": 31.34251, "Display Longitude": 34.31406, "Category": null, "Incident Type": "aid_convoy", "Incident Tags": "Attack on aid convoy", "Verification": "CONFIRMED", "Media Link": "https://twitter.com/NemoAnno/status/1824106657452081394", "Source Merged": null, "Display Sources": null, "Display Visual Evidence": "https://twitter.com/NemoAnno/status/1824106657452081394" }, "geometry": { "type": "Point", "coordinates": [ 34.31406, 31.34251 ] } },
{ "type": "Feature", "properties": { "Incident ID": null, "Date": "8/17/2024", "Display Date": "17-Aug-24", "Town/City": "Az-Zawayda", "Location Name": "Salah Al-Din Street", "Location Type": "Warehouse", "Lat": 31.421814, "Lon": 34.373525, "Display Latitude": 31.42181, "Display Longitude": 34.37353, "Category": null, "Incident Type": "aid_infrastructure", "Incident Tags": "Attack on aid infrastructure", "Verification": "CONFIRMED", "Media Link": "https://twitter.com/NemoAnno/status/1824896334119252106", "Source Merged": "https://twitter.com/NemoAnno/status/1825090073487888540, https://twitter.com/MuhammadSmiry/status/1824695252051009664 ", "Display Sources": { "url": "https://twitter.com/NemoAnno/status/1825090073487888540", "text": "NemoAnno" }, "Display Visual Evidence": "https://twitter.com/NemoAnno/status/1824896334119252106" }, "geometry": { "type": "Point", "coordinates": [ 34.37353, 31.42181 ] } },
{ "type": "Feature", "properties": { "Incident ID": null, "Date": "8/20/2024", "Display Date": "20-Aug-24", "Town/City": "Deir al-Balah", "Location Name": "Al-Baraka rounddabout", "Location Type": "Market", "Lat": 31.420925, "Lon": 34.353005, "Display Latitude": 31.42093, "Display Longitude": 34.35301, "Category": null, "Incident Type": "civilians_seeking_aid", "Incident Tags": "Attack on civilians seeking aid", "Verification": "CONFIRMED", "Media Link": "https://t.me/QudsNen/118658", "Source Merged": "https://t.me/QudsNen/118667, https://twitter.com/Timesofgaza/status/1825931562287812955, https://twitter.com/PalestineRCS/status/1825953602789322855, \nhttps://t.me/QudsNen/118694, https://twitter.com/Timesofgaza/status/1826000556483342752", "Display Sources": { "url": "https://t.me/QudsNen/118667", "text": "QudsNen" }, "Display Visual Evidence": "https://t.me/QudsNen/118658" }, "geometry": { "type": "Point", "coordinates": [ 34.35301, 31.42093 ] } },
{ "type": "Feature", "properties": { "Incident ID": null, "Date": "8/23/2024", "Display Date": "23-Aug-24", "Town/City": "Al-Maghazi", "Location Name": "Maghazi Camp", "Location Type": "Warehouse", "Lat": 31.422551, "Lon": 34.373616, "Display Latitude": 31.42255, "Display Longitude": 34.37362, "Category": null, "Incident Type": "aid_infrastructure", "Incident Tags": "Attack on aid infrastructure", "Verification": "CONFIRMED", "Media Link": "https://twitter.com/NemoAnno/status/1826985597170225521", "Source Merged": null, "Display Sources": null, "Display Visual Evidence": "https://twitter.com/NemoAnno/status/1826985597170225521" }, "geometry": { "type": "Point", "coordinates": [ 34.37362, 31.42255 ] } },
{ "type": "Feature", "properties": { "Incident ID": null, "Date": "8/23/2024", "Display Date": "23-Aug-24", "Town/City": "Deir al-Balah", "Location Name": "Az-Zawayda", "Location Type": "Warehouse", "Lat": 31.42505, "Lon": 34.37311, "Display Latitude": 31.42505, "Display Longitude": 34.37311, "Category": null, "Incident Type": "aid_infrastructure", "Incident Tags": "Attack on aid infrastructure", "Verification": "CONFIRMED", "Media Link": "https://twitter.com/NemoAnno/status/1827061280672239635", "Source Merged": null, "Display Sources": null, "Display Visual Evidence": "https://twitter.com/NemoAnno/status/1827061280672239635" }, "geometry": { "type": "Point", "coordinates": [ 34.37311, 31.42505 ] } },
{ "type": "Feature", "properties": { "Incident ID": null, "Date": "8/26/2024", "Display Date": "26-Aug-24", "Town/City": "Jabalia", "Location Name": "Jabalia refugee camp", "Location Type": "Market", "Lat": 31.535321, "Lon": 34.497384, "Display Latitude": 31.53532, "Display Longitude": 34.49738, "Category": null, "Incident Type": "civilians_seeking_aid", "Incident Tags": "Attack on civilians seeking aid", "Verification": "CONFIRMED", "Media Link": "https://t.me/QudsNen/119412", "Source Merged": "https://x.com/NemoAnno/status/1828163298375709140", "Display Sources": { "url": "https://x.com/NemoAnno/status/1828163298375709140", "text": "NemoAnno" }, "Display Visual Evidence": "https://t.me/QudsNen/119412" }, "geometry": { "type": "Point", "coordinates": [ 34.49738, 31.53532 ] } },
{ "type": "Feature", "properties": { "Incident ID": null, "Date": "8/29/2024", "Display Date": "29-Aug-24", "Town/City": null, "Location Name": "IDF checkpoint, Wadi Gaza Bridge", "Location Type": null, "Lat": 31.457481, "Lon": 34.412247, "Display Latitude": 31.45748, "Display Longitude": 34.41225, "Category": null, "Incident Type": "aid_personnel", "Incident Tags": "Attack on aid personnel", "Verification": "CONFIRMED", "Media Link": "https://t.me/QudsNen/119818", "Source Merged": "https://www.aljazeera.com/news/2024/8/29/wfp-suspends-staff-movements-in-gaza-after-israeli-forces-attack-its-team, https://www.theguardian.com/world/article/2024/aug/29/un-food-agency-suspends-operations-in-gaza-after-car-hit-by-gunfire-at-israeli-checkpoint  ", "Display Sources": { "url": "https://www.aljazeera.com/news/2024/8/29/wfp-suspends-staff-movements-in-gaza-after-israeli-forces-attack-its-team", "text": "aljazeera.com" }, "Display Visual Evidence": "https://t.me/QudsNen/119818" }, "geometry": { "type": "Point", "coordinates": [ 34.41225, 31.45748 ] } },
{ "type": "Feature", "properties": { "Incident ID": null, "Date": "9/26/2024", "Display Date": "26-Sep-24", "Town/City": "Al-Nuseirat", "Location Name": "Salah al-Din road", "Location Type": "Road", "Lat": 31.45112, "Lon": 34.40918, "Display Latitude": 31.45112, "Display Longitude": 34.40918, "Category": null, "Incident Type": "civilians_seeking_aid", "Incident Tags": "Attack on civilians seeking aid", "Verification": "CONFIRMED", "Media Link": "https://twitter.com/trackingisrael/status/1839390507526742518", "Source Merged": "https://x.com/ja31ck/status/1839457561050804360, https://t.me/baznews9/17939, https://x.com/Timesofgaza/status/1839686304776303022", "Display Sources": { "url": "https://x.com/ja31ck/status/1839457561050804360", "text": "ja31ck" }, "Display Visual Evidence": "https://twitter.com/trackingisrael/status/1839390507526742518" }, "geometry": { "type": "Point", "coordinates": [ 34.40918, 31.45112 ] } },
{ "type": "Feature", "properties": { "Incident ID": null, "Date": "10/29/2024", "Display Date": "29-Oct-24", "Town/City": "Gaza City", "Location Name": "Al Sahabah", "Location Type": "Market", "Lat": 31.536509, "Lon": 34.461722, "Display Latitude": 31.53651, "Display Longitude": 34.46172, "Category": null, "Incident Type": "Attack on civilians", "Incident Tags": "Attack on aid", "Verification": "CONFIRMED", "Media Link": "https://www.instagram.com/p/DBt9Q-yKVB6/", "Source Merged": null, "Display Sources": null, "Display Visual Evidence": "https://www.instagram.com/p/DBt9Q-yKVB6/" }, "geometry": { "type": "Point", "coordinates": [ 34.46172, 31.53651 ] } },
{ "type": "Feature", "properties": { "Incident ID": null, "Date": "10/30/2024", "Display Date": "30-Oct-24", "Town/City": "Gaza City", "Location Name": "Beit Lahia market", "Location Type": "Beit Lahia", "Lat": 31.54254477, "Lon": 34.50035879, "Display Latitude": 31.54254, "Display Longitude": 34.50036, "Category": null, "Incident Type": "Attack on civilians", "Incident Tags": "Attack on aid", "Verification": "CONFIRMED", "Media Link": "https://t.me/QudsNen/131167", "Source Merged": "https://t.me/QudsNen/131167\nhttps://t.me/QudsNen/131168\nhttps://t.me/QudsNen/131170\nhttps://www.instagram.com/p/DBv-l_xN6Gx/\nhttps://www.instagram.com/p/DBwCRJ2osbR/", "Display Sources": { "url": "https://t.me/QudsNen/131167\nhttps://t.me/QudsNen/131168\nhttps://t.me/QudsNen/131170\nhttps://www.instagram.com/p/DBv-l_xN6Gx/\nhttps://www.instagram.com/p/DBwCRJ2osbR/", "text": "QudsNen" }, "Display Visual Evidence": "https://t.me/QudsNen/131167" }, "geometry": { "type": "Point", "coordinates": [ 34.50036, 31.54254 ] } },
{ "type": "Feature", "properties": { "Incident ID": null, "Date": "11/1/2024", "Display Date": "1-Nov-24", "Town/City": "Gaza City", "Location Name": "Sheikh Radwan Market", "Location Type": "Market", "Lat": 31.533563, "Lon": 34.468698, "Display Latitude": 31.53356, "Display Longitude": 34.4687, "Category": null, "Incident Type": "aid_market", "Incident Tags": "Attack on aid", "Verification": "CONFIRMED", "Media Link": "https://www.instagram.com/p/DB0nsEPqhZZ/", "Source Merged": "https://x.com/GeoConfirmed/status/1853552288109036009", "Display Sources": { "url": "https://x.com/GeoConfirmed/status/1853552288109036009", "text": "GeoConfirmed" }, "Display Visual Evidence": "https://www.instagram.com/p/DB0nsEPqhZZ/" }, "geometry": { "type": "Point", "coordinates": [ 34.4687, 31.53356 ] } },
{ "type": "Feature", "properties": { "Incident ID": null, "Date": "11/11/2024", "Display Date": "11-Nov-24", "Town/City": "Gaza City", "Location Name": "Omar Al-Mukhtar market", "Location Type": "Market", "Lat": 31.504924, "Lon": 34.46249, "Display Latitude": 31.50492, "Display Longitude": 34.46249, "Category": null, "Incident Type": "aid_market", "Incident Tags": "Attack on aid", "Verification": "CONFIRMED", "Media Link": "https://twitter.com/RamAbdu/status/1855966939090206769", "Source Merged": "https://x.com/NemoAnno/status/1856097351624208506, https://t.me/QudsNen/133395 ", "Display Sources": { "url": "https://x.com/NemoAnno/status/1856097351624208506", "text": "NemoAnno" }, "Display Visual Evidence": "https://twitter.com/RamAbdu/status/1855966939090206769" }, "geometry": { "type": "Point", "coordinates": [ 34.46249, 31.50492 ] } },
{ "type": "Feature", "properties": { "Incident ID": null, "Date": "11/17/2024", "Display Date": "17-Nov-24", "Town/City": "Khan Younis", "Location Name": "Qizan Al-Najjar", "Location Type": null, "Lat": 31.319318, "Lon": 34.285448, "Display Latitude": 31.31932, "Display Longitude": 34.28545, "Category": null, "Incident Type": "aid_personnel", "Incident Tags": "Attack on aid personnel", "Verification": "CONFIRMED", "Media Link": "https://t.me/QudsNen/134408", "Source Merged": "https://x.com/NemoAnno/status/1858648415359435178", "Display Sources": { "url": "https://x.com/NemoAnno/status/1858648415359435178", "text": "NemoAnno" }, "Display Visual Evidence": "https://t.me/QudsNen/134408" }, "geometry": { "type": "Point", "coordinates": [ 34.28545, 31.31932 ] } },
{ "type": "Feature", "properties": { "Incident ID": null, "Date": "11/30/2024", "Display Date": "30-Nov-24", "Town/City": "Khan Younis", "Location Name": "Salah Al-Din Road", "Location Type": "Vehicle", "Lat": 31.354239, "Lon": 34.325473, "Display Latitude": 31.35424, "Display Longitude": 34.32547, "Category": null, "Incident Type": "aid_personnel", "Incident Tags": "Attack on aid personnel", "Verification": "CONFIRMED", "Media Link": "https://t.me/QudsNen/136460", "Source Merged": "https://www.aljazeera.com/news/2024/11/30/israel-kills-world-central-kitchen-aid-workers-in-gaza, https://t.me/sndnewsa/352881, https://x.com/fdov21/status/1862807726847373736 ", "Display Sources": { "url": "https://www.aljazeera.com/news/2024/11/30/israel-kills-world-central-kitchen-aid-workers-in-gaza", "text": "aljazeera.com" }, "Display Visual Evidence": "https://t.me/QudsNen/136460" }, "geometry": { "type": "Point", "coordinates": [ 34.32547, 31.35424 ] } },
{ "type": "Feature", "properties": { "Incident ID": null, "Date": "12/15/2024", "Display Date": "15-Dec-24", "Town/City": "Khan Younis", "Location Name": "Ahmed Ibn Abed Al Azeez Basic Boys School 'A' and Ahmed Ibn Abed Al Azeez Basic Boys School 'B'", "Location Type": "School", "Lat": 31.33948951, "Lon": 34.30618431, "Display Latitude": 31.33949, "Display Longitude": 34.30618, "Category": null, "Incident Type": "Attack on civilians", "Incident Tags": "Attack on aid", "Verification": "CONFIRMED", "Media Link": "https://t.me/QudsNen/138913", "Source Merged": null, "Display Sources": null, "Display Visual Evidence": "https://t.me/QudsNen/138913" }, "geometry": { "type": "Point", "coordinates": [ 34.30618, 31.33949 ] } },
{ "type": "Feature", "properties": { "Incident ID": null, "Date": "12/15/2024", "Display Date": "15-Dec-24", "Town/City": "Khan Younis", "Location Name": "Ahmed Ibn Abed Al Azeez Basic Boys School 'A' and Ahmed Ibn Abed Al Azeez Basic Boys School 'B'", "Location Type": "School", "Lat": 31.33948951, "Lon": 34.30618431, "Display Latitude": 31.33949, "Display Longitude": 34.30618, "Category": null, "Incident Type": "Attack on civilians", "Incident Tags": "Attack on aid", "Verification": "CONFIRMED", "Media Link": "https://t.me/QudsNen/138915", "Source Merged": null, "Display Sources": null, "Display Visual Evidence": "https://t.me/QudsNen/138915" }, "geometry": { "type": "Point", "coordinates": [ 34.30618, 31.33949 ] } },
{ "type": "Feature", "properties": { "Incident ID": null, "Date": "12/23/2024", "Display Date": "23-Dec-24", "Town/City": null, "Location Name": "Salah al-Din road", "Location Type": "Street", "Lat": 31.4443115, "Lon": 34.4014372, "Display Latitude": 31.44431, "Display Longitude": 34.40144, "Category": null, "Incident Type": "aid_personnel", "Incident Tags": "Attack on aid personnel", "Verification": "CONFIRMED", "Media Link": "https://t.me/QudsNen/140260", "Source Merged": "https://t.me/QudsNen/140267", "Display Sources": { "url": "https://t.me/QudsNen/140267", "text": "QudsNen" }, "Display Visual Evidence": "https://t.me/QudsNen/140260" }, "geometry": { "type": "Point", "coordinates": [ 34.40144, 31.44431 ] } },
{ "type": "Feature", "properties": { "Incident ID": "50316-59267", "Date": "3/16/2025", "Display Date": "16-Mar-25", "Town/City": "Khan Younis", "Location Name": "Salah al-Din Road", "Location Type": null, "Lat": 31.2718, "Lon": 34.2936, "Display Latitude": 31.2718, "Display Longitude": 34.2936, "Category": "Aid", "Incident Type": "Looting", "Incident Tags": "Aid diversion by gang", "Verification": "CONFIRMED", "Media Link": "https://www.tiktok.com/@iil_.6.7/video/7482304363369696530", "Source Merged": null, "Display Sources": null, "Display Visual Evidence": "https://www.tiktok.com/@iil_.6.7/video/7482304363369696530" }, "geometry": { "type": "Point", "coordinates": [ 34.2936, 31.2718 ] } },
{ "type": "Feature", "properties": { "Incident ID": "50319-76736", "Date": "3/19/2025", "Display Date": "19-Mar-25", "Town/City": "Deir al-Balah", "Location Name": null, "Location Type": "Humanitarian Offices - International", "Lat": 31.40089, "Lon": 34.33546, "Display Latitude": 31.40089, "Display Longitude": 34.33546, "Category": "Aid", "Incident Type": "Airstrike", "Incident Tags": "Airstrike on aid workers", "Verification": "CONFIRMED", "Media Link": "https://x.com/GianlucaMezzo/status/1902463630584496231", "Source Merged": "https://edition.cnn.com/2025/03/19/middleeast/israel-ground-offensive-renewed-war-gaza-intl/index.html, https://x.com/GianlucaMezzo/status/1902469332937892253", "Display Sources": { "url": "https://edition.cnn.com/2025/03/19/middleeast/israel-ground-offensive-renewed-war-gaza-intl/index.html", "text": "edition.cnn.com" }, "Display Visual Evidence": "https://x.com/GianlucaMezzo/status/1902463630584496231" }, "geometry": { "type": "Point", "coordinates": [ 34.33546, 31.40089 ] } },
{ "type": "Feature", "properties": { "Incident ID": "50405-36676", "Date": "4/5/2025", "Display Date": "5-Apr-25", "Town/City": "Khan Younis", "Location Name": "al-Khair field charity kitchen", "Location Type": "Kitchen", "Lat": 31.3555636, "Lon": 34.28214194, "Display Latitude": 31.35556, "Display Longitude": 34.28214, "Category": "Aid", "Incident Type": "Drone", "Incident Tags": "Airstrike on aid workers", "Verification": "CONFIRMED", "Media Link": "https://www.ochaopt.org/content/humanitarian-situation-update-278-gaza-strip", "Source Merged": "https://www.ochaopt.org/content/humanitarian-situation-update-278-gaza-strip, https://pchrgaza.org/israel-perpetuates-its-starvation-policy-targeting-field-kitchens-and-gatherings-of-civilians-desperately-lining-up-for-simple-meals-in-gaza/, https://x.com/QudsNen/status/1908402976319811623", "Display Sources": { "url": "https://www.ochaopt.org/content/humanitarian-situation-update-278-gaza-strip", "text": "ochaopt.org" }, "Display Visual Evidence": "https://www.ochaopt.org/content/humanitarian-situation-update-278-gaza-strip" }, "geometry": { "type": "Point", "coordinates": [ 34.28214, 31.35556 ] } },
{ "type": "Feature", "properties": { "Incident ID": "50509-37069", "Date": "5/9/2025", "Display Date": "9-May-25", "Town/City": "Gaza City", "Location Name": "Jabalia", "Location Type": "Aid warehouse", "Lat": 31.532594, "Lon": 34.494889, "Display Latitude": 31.53259, "Display Longitude": 34.49489, "Category": "Aid", "Incident Type": "Airstrike", "Incident Tags": "Airstrike on aid workers", "Verification": "CONFIRMED", "Media Link": "https://x.com/qudsn/status/1920902181999321270", "Source Merged": "https://x.com/qudsn/status/1920902181999321270, https://x.com/AbuLocation/status/1920920618410668077", "Display Sources": { "url": "https://x.com/qudsn/status/1920902181999321270", "text": "qudsn" }, "Display Visual Evidence": "https://x.com/qudsn/status/1920902181999321270" }, "geometry": { "type": "Point", "coordinates": [ 34.49489, 31.53259 ] } },
{ "type": "Feature", "properties": { "Incident ID": null, "Date": "5/13/2025", "Display Date": "13-May-25", "Town/City": "Khan Younis", "Location Name": "Salah al-Din", "Location Type": null, "Lat": 31.3014, "Lon": 34.3165, "Display Latitude": 31.3014, "Display Longitude": 34.3165, "Category": "Aid", "Incident Type": "Aid truck presence", "Incident Tags": "Trucks on route | Aid diversion by gang", "Verification": "CONFIRMED", "Media Link": "https://www.tiktok.com/@namur_2002/video/7503927279861583125", "Source Merged": null, "Display Sources": null, "Display Visual Evidence": "https://www.tiktok.com/@namur_2002/video/7503927279861583125" }, "geometry": { "type": "Point", "coordinates": [ 34.3165, 31.3014 ] } },
{ "type": "Feature", "properties": { "Incident ID": "50522-48007", "Date": "5/22/2025", "Display Date": "22-May-25", "Town/City": "Deir al-Balah", "Location Name": "Al-mawasi", "Location Type": null, "Lat": 31.409961, "Lon": 34.359747, "Display Latitude": 31.40996, "Display Longitude": 34.35975, "Category": "Aid", "Incident Type": "Airstrike | Attack on civilians", "Incident Tags": "Airstrike on civilians | Airstrike on aid workers | Airstrike on security", "Verification": "CONFIRMED", "Media Link": "https://t.me/DaerElbalah7/7122", "Source Merged": "https://t.me/DaerElbalah7/7122, https://t.me/DaerElbalah7/7129, https://x.com/KhaledSafi/status/1925676082952339595, https://x.com/Sa7atPl/status/1925808973971607646", "Display Sources": { "url": "https://t.me/DaerElbalah7/7122", "text": "DaerElbalah7" }, "Display Visual Evidence": "https://t.me/DaerElbalah7/7122" }, "geometry": { "type": "Point", "coordinates": [ 34.35975, 31.40996 ] } },
{ "type": "Feature", "properties": { "Incident ID": "50526-70982", "Date": "5/26/2025", "Display Date": "26-May-25", "Town/City": "Gaza City", "Location Name": "Al-Nafaq Street (Daraj)", "Location Type": null, "Lat": 31.519494, "Lon": 34.464117, "Display Latitude": 31.51949, "Display Longitude": 34.46412, "Category": "Aid", "Incident Type": "Airstrike | Attack on civilians", "Incident Tags": "Airstrike on civilians | Airstrike on aid workers", "Verification": "CONFIRMED", "Media Link": "https://x.com/Global_NewsWire/status/1927991039081456123", "Source Merged": "https://x.com/Global_NewsWire/status/1927991039081456123, https://x.com/IHHen/status/1927830458894582137, https://www.aa.com.tr/en/middle-east/5-aid-workers-from-intl-humanitarian-organization-killed-in-israeli-attacks-on-gaza/3582678, https://x.com/HaksozHaber/status/1927846753669140509", "Display Sources": { "url": "https://x.com/Global_NewsWire/status/1927991039081456123", "text": "Global_NewsWire" }, "Display Visual Evidence": "https://x.com/Global_NewsWire/status/1927991039081456123" }, "geometry": { "type": "Point", "coordinates": [ 34.46412, 31.51949 ] } },
{ "type": "Feature", "properties": { "Incident ID": "50526-07894", "Date": "5/26/2025", "Display Date": "26-May-25", "Town/City": "Khan Younis", "Location Name": "Salah al-Din Road", "Location Type": "Morag corridor", "Lat": 31.2735, "Lon": 34.2974, "Display Latitude": 31.2735, "Display Longitude": 34.2974, "Category": "Aid", "Incident Type": "Looting | Aid truck presence", "Incident Tags": "Aid diversion by gang", "Verification": "CONFIRMED", "Media Link": "https://www.tiktok.com/@iil_.6.7/video/7508828370721983751", "Source Merged": "https://www.tiktok.com/@iil_.6.7/video/7508828370721983751", "Display Sources": { "url": "https://www.tiktok.com/@iil_.6.7/video/7508828370721983751", "text": "tiktok.com" }, "Display Visual Evidence": "https://www.tiktok.com/@iil_.6.7/video/7508828370721983751" }, "geometry": { "type": "Point", "coordinates": [ 34.2974, 31.2735 ] } },
{ "type": "Feature", "properties": { "Incident ID": "50527-78094", "Date": "5/27/2025", "Display Date": "27-May-25", "Town/City": "Rafah", "Location Name": "Swedish Village", "Location Type": "GHF - Swedish Village", "Lat": 31.324859, "Lon": 34.228737, "Display Latitude": 31.32486, "Display Longitude": 34.22874, "Category": "Aid", "Incident Type": null, "Incident Tags": "Civilians seeking aid", "Verification": "CONFIRMED", "Media Link": "https://x.com/muhammadshehad2/status/1927433733444923856", "Source Merged": null, "Display Sources": null, "Display Visual Evidence": "https://x.com/muhammadshehad2/status/1927433733444923856" }, "geometry": { "type": "Point", "coordinates": [ 34.22874, 31.32486 ] } },
{ "type": "Feature", "properties": { "Incident ID": "50527-89225", "Date": "5/27/2025", "Display Date": "27-May-25", "Town/City": "Deir al-Balah", "Location Name": "Salah al-Din Road, Al-Maghazi", "Location Type": null, "Lat": 31.4183, "Lon": 34.3699, "Display Latitude": 31.4183, "Display Longitude": 34.3699, "Category": "Aid", "Incident Type": "Aid truck presence", "Incident Tags": "Aid diversion by gang", "Verification": "CONFIRMED", "Media Link": "https://www.tiktok.com/@user793682596342365/video/7509112918017936658", "Source Merged": null, "Display Sources": null, "Display Visual Evidence": "https://www.tiktok.com/@user793682596342365/video/7509112918017936658" }, "geometry": { "type": "Point", "coordinates": [ 34.3699, 31.4183 ] } },
{ "type": "Feature", "properties": { "Incident ID": "50527-25748", "Date": "5/27/2025", "Display Date": "27-May-25", "Town/City": "Rafah", "Location Name": "Swedish Village", "Location Type": "GHF - Swedish Village", "Lat": 31.324201, "Lon": 34.228139, "Display Latitude": 31.3242, "Display Longitude": 34.22814, "Category": "Aid", "Incident Type": null, "Incident Tags": "Civilians seeking aid", "Verification": "CONFIRMED", "Media Link": "https://www.facebook.com/ElzawaidaNow/videos/1630584224284267", "Source Merged": null, "Display Sources": null, "Display Visual Evidence": "https://www.facebook.com/ElzawaidaNow/videos/1630584224284267" }, "geometry": { "type": "Point", "coordinates": [ 34.22814, 31.3242 ] } },
{ "type": "Feature", "properties": { "Incident ID": "50528-47634", "Date": "5/28/2025", "Display Date": "28-May-25", "Town/City": "Deir al-Balah", "Location Name": "In Zawaida town", "Location Type": "Aid warehouse", "Lat": 31.4214, "Lon": 34.3719, "Display Latitude": 31.4214, "Display Longitude": 34.3719, "Category": "Aid", "Incident Type": "Desperate Food Access", "Incident Tags": "Aid diversion by civilians", "Verification": "CONFIRMED", "Media Link": "https://www.abc.net.au/news/2025-05-29/four-killed-after-gaza-aid-hub-stormed/105350662", "Source Merged": "https://www.abc.net.au/news/2025-05-29/four-killed-after-gaza-aid-hub-stormed/105350662, https://english.ahram.org.eg/NewsContentP/58/547126/War-on-Gaza/-Four-Palestinians-die-in-storming-of-UN-food-ware.aspx, https://apnews.com/article/gaza-israel-palestinians-aid-gunfire-88e825b923fe9d8420fba03739c7a5ac, https://x.com/nikolaosderes/status/1928126592351400435/video/1", "Display Sources": { "url": "https://www.abc.net.au/news/2025-05-29/four-killed-after-gaza-aid-hub-stormed/105350662", "text": "abc.net.au" }, "Display Visual Evidence": "https://www.abc.net.au/news/2025-05-29/four-killed-after-gaza-aid-hub-stormed/105350662" }, "geometry": { "type": "Point", "coordinates": [ 34.3719, 31.4214 ] } },
{ "type": "Feature", "properties": { "Incident ID": "50529-59817", "Date": "5/29/2025", "Display Date": "29-May-25", "Town/City": "Khan Younis", "Location Name": "Salah al-Din Road", "Location Type": null, "Lat": 31.2697, "Lon": 34.2881, "Display Latitude": 31.2697, "Display Longitude": 34.2881, "Category": "Aid", "Incident Type": "Looting | Aid truck presence", "Incident Tags": "Aid diversion by gang", "Verification": "CONFIRMED", "Media Link": "https://www.tiktok.com/@mh.nf2/video/7509973082560335122", "Source Merged": "https://www.tiktok.com/@mh.nf2/video/7509973082560335122", "Display Sources": { "url": "https://www.tiktok.com/@mh.nf2/video/7509973082560335122", "text": "tiktok.com" }, "Display Visual Evidence": "https://www.tiktok.com/@mh.nf2/video/7509973082560335122" }, "geometry": { "type": "Point", "coordinates": [ 34.2881, 31.2697 ] } },
{ "type": "Feature", "properties": { "Incident ID": "50530-62911", "Date": "5/30/2025", "Display Date": "30-May-25", "Town/City": "North Gaza City", "Location Name": "In Deir al Balah", "Location Type": "Aid warehouse", "Lat": 31.43612103, "Lon": 34.35727286, "Display Latitude": 31.43612, "Display Longitude": 34.35727, "Category": "Medical, Aid", "Incident Type": "Looting", "Incident Tags": "Aid diversion by gang", "Verification": "CONFIRMED", "Media Link": "https://www.unocha.org/news/todays-top-news-occupied-palestinian-territory-latin-america-and-caribbean-haiti", "Source Merged": "0701-06003, https://x.com/i24NEWS_FR/status/1928370448858791936/photo/1", "Display Sources": { "url": "0701-06003" }, "Display Visual Evidence": "https://www.unocha.org/news/todays-top-news-occupied-palestinian-territory-latin-america-and-caribbean-haiti" }, "geometry": { "type": "Point", "coordinates": [ 34.35727, 31.43612 ] } },
{ "type": "Feature", "properties": { "Incident ID": "50531-15369", "Date": "5/31/2025", "Display Date": "31-May-25", "Town/City": "Khan Younis", "Location Name": "Al-Manara neighbourhood", "Location Type": "Aid route", "Lat": 31.332006, "Lon": 34.311675, "Display Latitude": 31.33201, "Display Longitude": 34.31168, "Category": "Aid", "Incident Type": "Desperate Food Access", "Incident Tags": "Aid diversion by civilians", "Verification": "CONFIRMED", "Media Link": "https://www.facebook.com/reel/1714178222817895", "Source Merged": "https://www.facebook.com/reel/1714178222817895", "Display Sources": { "url": "https://www.facebook.com/reel/1714178222817895", "text": "facebook.com" }, "Display Visual Evidence": "https://www.facebook.com/reel/1714178222817895" }, "geometry": { "type": "Point", "coordinates": [ 34.31168, 31.33201 ] } },
{ "type": "Feature", "properties": { "Incident ID": "50531-55893", "Date": "5/31/2025", "Display Date": "31-May-25", "Town/City": "Khan Younis", "Location Name": "Tahlia Roundabout", "Location Type": null, "Lat": 31.337644, "Lon": 34.309161, "Display Latitude": 31.33764, "Display Longitude": 34.30916, "Category": "Aid", "Incident Type": "Desperate Food Access", "Incident Tags": "Aid diversion by gang", "Verification": "CONFIRMED", "Media Link": "https://t.me/hamza20300/350419", "Source Merged": "https://t.me/hamza20300/350419, https://x.com/YunusAbujarad/status/1928742017984786787", "Display Sources": { "url": "https://t.me/hamza20300/350419", "text": "hamza20300" }, "Display Visual Evidence": "https://t.me/hamza20300/350419" }, "geometry": { "type": "Point", "coordinates": [ 34.30916, 31.33764 ] } },
{ "type": "Feature", "properties": { "Incident ID": "50601-46857", "Date": "6/1/2025", "Display Date": "1-Jun-25", "Town/City": "Rafah", "Location Name": "Swedish Village", "Location Type": "GHF - Swedish Village", "Lat": 31.323667, "Lon": 34.22883, "Display Latitude": 31.32367, "Display Longitude": 34.22883, "Category": "Aid", "Incident Type": null, "Incident Tags": "Civilians seeking aid", "Verification": "CONFIRMED", "Media Link": "https://x.com/AmitSegal/status/1929107762409095439", "Source Merged": "/", "Display Sources": { "url": "/" }, "Display Visual Evidence": "https://x.com/AmitSegal/status/1929107762409095439" }, "geometry": { "type": "Point", "coordinates": [ 34.22883, 31.32367 ] } },
{ "type": "Feature", "properties": { "Incident ID": "50601-62795", "Date": "6/1/2025", "Display Date": "1-Jun-25", "Town/City": "Rafah", "Location Name": "Swedish Village", "Location Type": "GHF - Swedish Village", "Lat": 31.323667, "Lon": 34.22883, "Display Latitude": 31.32367, "Display Longitude": 34.22883, "Category": "Aid", "Incident Type": null, "Incident Tags": "Civilians seeking aid", "Verification": "CONFIRMED", "Media Link": "https://x.com/ItayBlumental/status/1929172903163027561/video/1", "Source Merged": null, "Display Sources": null, "Display Visual Evidence": "https://x.com/ItayBlumental/status/1929172903163027561/video/1" }, "geometry": { "type": "Point", "coordinates": [ 34.22883, 31.32367 ] } },
{ "type": "Feature", "properties": { "Incident ID": "50601-50271", "Date": "6/1/2025", "Display Date": "1-Jun-25", "Town/City": "Rafah", "Location Name": "Swedish Village", "Location Type": "GHF - Swedish Village", "Lat": 31.323667, "Lon": 34.22883, "Display Latitude": 31.32367, "Display Longitude": 34.22883, "Category": "Aid", "Incident Type": null, "Incident Tags": "Civilians seeking aid", "Verification": "CONFIRMED", "Media Link": "https://x.com/ItayBlumental/status/1929172903163027561/video/1", "Source Merged": null, "Display Sources": null, "Display Visual Evidence": "https://x.com/ItayBlumental/status/1929172903163027561/video/1" }, "geometry": { "type": "Point", "coordinates": [ 34.22883, 31.32367 ] } },
{ "type": "Feature", "properties": { "Incident ID": "50601-04742", "Date": "6/1/2025", "Display Date": "1-Jun-25", "Town/City": "Khan Younis", "Location Name": "Al-Manars", "Location Type": "Aid route", "Lat": 31.321858, "Lon": 34.314101, "Display Latitude": 31.32186, "Display Longitude": 34.3141, "Category": "Aid", "Incident Type": "Attack on civilians | Looting", "Incident Tags": "Aid diversion by gang | Shooting on civilians", "Verification": "CONFIRMED", "Media Link": "https://x.com/AvichayAdraee/status/1929220410471538728", "Source Merged": "https://x.com/AvichayAdraee/status/1929220410471538728, https://www.facebook.com/Hamad.Housing.compound/videos/1234714121595896/", "Display Sources": { "url": "https://x.com/AvichayAdraee/status/1929220410471538728", "text": "AvichayAdraee" }, "Display Visual Evidence": "https://x.com/AvichayAdraee/status/1929220410471538728" }, "geometry": { "type": "Point", "coordinates": [ 34.3141, 31.32186 ] } },
{ "type": "Feature", "properties": { "Incident ID": "50602-47470", "Date": "6/1/2025", "Display Date": "1-Jun-25", "Town/City": "Rafah", "Location Name": "Al-Alam Roundabout", "Location Type": "GHF - Swedish Village", "Lat": 31.331707, "Lon": 34.230026, "Display Latitude": 31.33171, "Display Longitude": 34.23003, "Category": "Aid", "Incident Type": null, "Incident Tags": "Civilians seeking aid", "Verification": "CONFIRMED", "Media Link": "https://www.instagram.com/reel/DKcarenNEzS/", "Source Merged": null, "Display Sources": null, "Display Visual Evidence": "https://www.instagram.com/reel/DKcarenNEzS/" }, "geometry": { "type": "Point", "coordinates": [ 34.23003, 31.33171 ] } },
{ "type": "Feature", "properties": { "Incident ID": "50602-86782", "Date": "6/2/2025", "Display Date": "2-Jun-25", "Town/City": "Khan Younis", "Location Name": "Al-Manara neighbourhood", "Location Type": null, "Lat": 31.323, "Lon": 34.314778, "Display Latitude": 31.323, "Display Longitude": 34.31478, "Category": "Aid", "Incident Type": "Desperate Food Access", "Incident Tags": "Aid diversion by civilians", "Verification": "CONFIRMED", "Media Link": "https://www.facebook.com/reel/1428892091863036", "Source Merged": "https://www.facebook.com/reel/1428892091863036", "Display Sources": { "url": "https://www.facebook.com/reel/1428892091863036", "text": "facebook.com" }, "Display Visual Evidence": "https://www.facebook.com/reel/1428892091863036" }, "geometry": { "type": "Point", "coordinates": [ 34.31478, 31.323 ] } },
{ "type": "Feature", "properties": { "Incident ID": "50602-29271", "Date": "6/2/2025", "Display Date": "2-Jun-25", "Town/City": "Khan Younis", "Location Name": "Al-Manara neighbourhood", "Location Type": null, "Lat": 31.329544, "Lon": 34.311822, "Display Latitude": 31.32954, "Display Longitude": 34.31182, "Category": "Aid", "Incident Type": "Desperate Food Access", "Incident Tags": "Aid diversion by civilians", "Verification": "CONFIRMED", "Media Link": "https://www.facebook.com/reel/1428892091863036", "Source Merged": null, "Display Sources": null, "Display Visual Evidence": "https://www.facebook.com/reel/1428892091863036" }, "geometry": { "type": "Point", "coordinates": [ 34.31182, 31.32954 ] } },
{ "type": "Feature", "properties": { "Incident ID": "50602-59070", "Date": "6/2/2025", "Display Date": "2-Jun-25", "Town/City": "Khan Younis", "Location Name": "Nasser Hospital", "Location Type": null, "Lat": 31.347814, "Lon": 34.293881, "Display Latitude": 31.34781, "Display Longitude": 34.29388, "Category": "Aid", "Incident Type": null, "Incident Tags": "Civilians seeking aid", "Verification": "CONFIRMED", "Media Link": "https://www.facebook.com/reel/608865351780173", "Source Merged": null, "Display Sources": null, "Display Visual Evidence": "https://www.facebook.com/reel/608865351780173" }, "geometry": { "type": "Point", "coordinates": [ 34.29388, 31.34781 ] } },
{ "type": "Feature", "properties": { "Incident ID": "50603-64505", "Date": "6/3/2025", "Display Date": "3-Jun-25", "Town/City": "Khan Younis", "Location Name": "Al-Manara neighbourhood", "Location Type": null, "Lat": 31.330947, "Lon": 34.311075, "Display Latitude": 31.33095, "Display Longitude": 34.31108, "Category": "Aid", "Incident Type": "Desperate Food Access", "Incident Tags": "Aid diversion by civilians", "Verification": "CONFIRMED", "Media Link": "https://www.facebook.com/Hamad.Housing.compound/videos/%D9%87%D9%83%D8%B0%D8%A7-%D8%AA%D9%85-%D8%B3%D8%B1%D9%82%D8%A9-%D8%B4%D8%A7%D8%AD%D9%86%D8%A7%D8%AA-%D8%B7%D8%AD%D9%8A%D9%86-%D8%A7%D9%84%D8%B7%D9%88%D8%A7%D8%B1%D9%8A%D8%A1-%D9%81%D8%AC%D8%B1-%D9%87%D8%B0%D8%A7-%D8%A7%D9%84%D9%8A%D9%88%D9%85-%D8%AA%D8%B5%D9%88%D9%8A%D8%B1-%D8%B9%D8%AF%D8%B3%D8%A9_%D8%A7%D9%84%D8%B5%D9%81%D8%AD%D8%A9/1428892091863036", "Source Merged": null, "Display Sources": null, "Display Visual Evidence": "https://www.facebook.com/Hamad.Housing.compound/videos/%D9%87%D9%83%D8%B0%D8%A7-%D8%AA%D9%85-%D8%B3%D8%B1%D9%82%D8%A9-%D8%B4%D8%A7%D8%AD%D9%86%D8%A7%D8%AA-%D8%B7%D8%AD%D9%8A%D9%86-%D8%A7%D9%84%D8%B7%D9%88%D8%A7%D8%B1%D9%8A%D8%A1-%D9%81%D8%AC%D8%B1-%D9%87%D8%B0%D8%A7-%D8%A7%D9%84%D9%8A%D9%88%D9%85-%D8%AA%D8%B5%D9%88%D9%8A%D8%B1-%D8%B9%D8%AF%D8%B3%D8%A9_%D8%A7%D9%84%D8%B5%D9%81%D8%AD%D8%A9/1428892091863036" }, "geometry": { "type": "Point", "coordinates": [ 34.31108, 31.33095 ] } },
{ "type": "Feature", "properties": { "Incident ID": "50603-81250", "Date": "6/3/2025", "Display Date": "3-Jun-25", "Town/City": "Rafah", "Location Name": "Al-Bayuk", "Location Type": null, "Lat": 31.268273, "Lon": 34.291979, "Display Latitude": 31.26827, "Display Longitude": 34.29198, "Category": "Aid", "Incident Type": null, "Incident Tags": "Aid diversion by gang", "Verification": "CONFIRMED", "Media Link": "https://x.com/tamerqdh/status/1930000476055187954", "Source Merged": "https://x.com/tamerqdh/status/1930000476055187954, https://www.facebook.com/watch/?v=745721134549648, https://x.com/SinjoroMoseo/status/1930188912984510680", "Display Sources": { "url": "https://x.com/tamerqdh/status/1930000476055187954", "text": "tamerqdh" }, "Display Visual Evidence": "https://x.com/tamerqdh/status/1930000476055187954" }, "geometry": { "type": "Point", "coordinates": [ 34.29198, 31.26827 ] } },
{ "type": "Feature", "properties": { "Incident ID": "50604-41553", "Date": "6/4/2025", "Display Date": "4-Jun-25", "Town/City": "Khan Younis", "Location Name": "Salah al-Din Road", "Location Type": null, "Lat": 31.3216, "Lon": 34.3154, "Display Latitude": 31.3216, "Display Longitude": 34.3154, "Category": "Aid", "Incident Type": "Looting | Aid truck presence | Desperate Food Access", "Incident Tags": "Aid diversion by gang", "Verification": "CONFIRMED", "Media Link": "https://www.tiktok.com/@mh.nf2/video/7511248799306747143", "Source Merged": "https://www.tiktok.com/@mh.nf2/video/7512166474501328135", "Display Sources": { "url": "https://www.tiktok.com/@mh.nf2/video/7512166474501328135", "text": "tiktok.com" }, "Display Visual Evidence": "https://www.tiktok.com/@mh.nf2/video/7511248799306747143" }, "geometry": { "type": "Point", "coordinates": [ 34.3154, 31.3216 ] } },
{ "type": "Feature", "properties": { "Incident ID": "50608-43735", "Date": "6/8/2025", "Display Date": "8-Jun-25", "Town/City": "Deir al-Balah", "Location Name": "Bureij", "Location Type": null, "Lat": 31.453034, "Lon": 34.411722, "Display Latitude": 31.45303, "Display Longitude": 34.41172, "Category": "Aid", "Incident Type": null, "Incident Tags": "Civilians seeking aid", "Verification": "CONFIRMED", "Media Link": "https://x.com/Timesofgaza/status/1931757791351324743", "Source Merged": "https://x.com/fdov21/status/1931832737734033613", "Display Sources": { "url": "https://x.com/fdov21/status/1931832737734033613", "text": "fdov21" }, "Display Visual Evidence": "https://x.com/Timesofgaza/status/1931757791351324743" }, "geometry": { "type": "Point", "coordinates": [ 34.41172, 31.45303 ] } },
{ "type": "Feature", "properties": { "Incident ID": "50608-18652", "Date": "6/8/2025", "Display Date": "8-Jun-25", "Town/City": "Deir al-Balah", "Location Name": "Bureij", "Location Type": "GHF - Gaza Valley", "Lat": 31.455797, "Lon": 34.417393, "Display Latitude": 31.4558, "Display Longitude": 34.41739, "Category": "Aid", "Incident Type": null, "Incident Tags": "Civilians seeking aid", "Verification": "CONFIRMED", "Media Link": "https://www.gettyimages.nl/detail/nieuwsfoto%27s/members-of-a-private-us-security-company-contracted-by-nieuwsfotos/2218526297?adppopup=true", "Source Merged": null, "Display Sources": null, "Display Visual Evidence": "https://www.gettyimages.nl/detail/nieuwsfoto%27s/members-of-a-private-us-security-company-contracted-by-nieuwsfotos/2218526297?adppopup=true" }, "geometry": { "type": "Point", "coordinates": [ 34.41739, 31.4558 ] } },
{ "type": "Feature", "properties": { "Incident ID": "50608-90441", "Date": "6/8/2025", "Display Date": "8-Jun-25", "Town/City": "Deir al-Balah", "Location Name": "Bureij", "Location Type": "GHF - Gaza Valley", "Lat": 31.456748, "Lon": 34.417082, "Display Latitude": 31.45675, "Display Longitude": 34.41708, "Category": "Aid", "Incident Type": null, "Incident Tags": "Civilians seeking aid", "Verification": "CONFIRMED", "Media Link": "https://www.gettyimages.nl/detail/nieuwsfoto%27s/member-of-a-private-us-security-company-contracted-by-the-nieuwsfotos/2218526316?adppopup=true", "Source Merged": null, "Display Sources": null, "Display Visual Evidence": "https://www.gettyimages.nl/detail/nieuwsfoto%27s/member-of-a-private-us-security-company-contracted-by-the-nieuwsfotos/2218526316?adppopup=true" }, "geometry": { "type": "Point", "coordinates": [ 34.41708, 31.45675 ] } },
{ "type": "Feature", "properties": { "Incident ID": "50608-48699", "Date": "6/8/2025", "Display Date": "8-Jun-25", "Town/City": "Rafah", "Location Name": "Swedish Village", "Location Type": "GHF - Swedish Village", "Lat": 31.324201, "Lon": 34.228139, "Display Latitude": 31.3242, "Display Longitude": 34.22814, "Category": "Aid", "Incident Type": "Looting | Desperate Food Access", "Incident Tags": "Civilians seeking aid", "Verification": "CONFIRMED", "Media Link": "https://x.com/muhammadshehad2/status/1931699529029501286", "Source Merged": null, "Display Sources": null, "Display Visual Evidence": "https://x.com/muhammadshehad2/status/1931699529029501286" }, "geometry": { "type": "Point", "coordinates": [ 34.22814, 31.3242 ] } },
{ "type": "Feature", "properties": { "Incident ID": "50610-90774", "Date": "6/10/2025", "Display Date": "10-Jun-25", "Town/City": "Khan Younis", "Location Name": "Salah al-Din Road", "Location Type": "Aid route", "Lat": 31.2834, "Lon": 34.3113, "Display Latitude": 31.2834, "Display Longitude": 34.3113, "Category": "Aid", "Incident Type": "Looting", "Incident Tags": "Aid diversion by gang", "Verification": "CONFIRMED", "Media Link": "https://www.tiktok.com/@iil_.6.7/video/7514365398549155090", "Source Merged": "https://www.tiktok.com/@iil_.6.7/video/7514365398549155090", "Display Sources": { "url": "https://www.tiktok.com/@iil_.6.7/video/7514365398549155090", "text": "tiktok.com" }, "Display Visual Evidence": "https://www.tiktok.com/@iil_.6.7/video/7514365398549155090" }, "geometry": { "type": "Point", "coordinates": [ 34.3113, 31.2834 ] } },
{ "type": "Feature", "properties": { "Incident ID": "50614-98323", "Date": "6/14/2025", "Display Date": "14-Jun-25", "Town/City": "Beit Lahia", "Location Name": "Beit Lahia", "Location Type": "Aid route", "Lat": 31.5642, "Lon": 34.4786, "Display Latitude": 31.5642, "Display Longitude": 34.4786, "Category": "Aid", "Incident Type": "Attack on civilians | Aid truck presence", "Incident Tags": "Aftermath of attack on civilian | Aid diversion by civilians | Airstrike on aid workers", "Verification": "CONFIRMED", "Media Link": "https://x.com/AnasAlSharif0/status/1935399714222129332", "Source Merged": "https://x.com/AnasAlSharif0/status/1935399714222129332", "Display Sources": { "url": "https://x.com/AnasAlSharif0/status/1935399714222129332", "text": "AnasAlSharif0" }, "Display Visual Evidence": "https://x.com/AnasAlSharif0/status/1935399714222129332" }, "geometry": { "type": "Point", "coordinates": [ 34.4786, 31.5642 ] } },
{ "type": "Feature", "properties": { "Incident ID": "50614-74498", "Date": "6/14/2025", "Display Date": "14-Jun-25", "Town/City": "Jabalia", "Location Name": "Al-Rashid Coastal Road", "Location Type": "Aid route", "Lat": 31.5517, "Lon": 34.4602, "Display Latitude": 31.5517, "Display Longitude": 34.4602, "Category": "Aid", "Incident Type": "Shooting | Attack on civilians", "Incident Tags": "Shooting on civilians | Aid diversion by civilians", "Verification": "CONFIRMED", "Media Link": "https://x.com/QudsNen/status/1933863561169625469", "Source Merged": "https://english.wafa.ps/Pages/Details/158363, https://x.com/trtworld/status/1933954230320042373", "Display Sources": { "url": "https://english.wafa.ps/Pages/Details/158363", "text": "english.wafa.ps" }, "Display Visual Evidence": "https://x.com/QudsNen/status/1933863561169625469" }, "geometry": { "type": "Point", "coordinates": [ 34.4602, 31.5517 ] } },
{ "type": "Feature", "properties": { "Incident ID": null, "Date": "6/16/2025", "Display Date": "16-Jun-25", "Town/City": "Khan Younis", "Location Name": "Al-Bahr Street", "Location Type": null, "Lat": 31.3473, "Lon": 34.2963, "Display Latitude": 31.3473, "Display Longitude": 34.2963, "Category": "Aid", "Incident Type": null, "Incident Tags": "Civilians seeking aid", "Verification": "CONFIRMED", "Media Link": "https://x.com/AJA_Egypt/status/1934644102898807109", "Source Merged": null, "Display Sources": null, "Display Visual Evidence": "https://x.com/AJA_Egypt/status/1934644102898807109" }, "geometry": { "type": "Point", "coordinates": [ 34.2963, 31.3473 ] } },
{ "type": "Feature", "properties": { "Incident ID": "50618-26571", "Date": "6/18/2025", "Display Date": "18-Jun-25", "Town/City": "Jabalia", "Location Name": "Al-Rashid Coastal Road", "Location Type": "Aid route", "Lat": 31.549956, "Lon": 34.458275, "Display Latitude": 31.54996, "Display Longitude": 34.45828, "Category": "Aid", "Incident Type": null, "Incident Tags": "Aid diversion by civilians", "Verification": "CONFIRMED", "Media Link": "https://x.com/nahed_hajjaj9/status/1935383341345472702", "Source Merged": null, "Display Sources": null, "Display Visual Evidence": "https://x.com/nahed_hajjaj9/status/1935383341345472702" }, "geometry": { "type": "Point", "coordinates": [ 34.45828, 31.54996 ] } },
{ "type": "Feature", "properties": { "Incident ID": "50622-77401", "Date": "6/22/2025", "Display Date": "22-Jun-25", "Town/City": "Jabalia", "Location Name": "Al-Rashid Coastal Road", "Location Type": "Aid route", "Lat": 31.549965, "Lon": 34.458362, "Display Latitude": 31.54997, "Display Longitude": 34.45836, "Category": "Aid", "Incident Type": "Military presence | Aid truck presence", "Incident Tags": "Aid diversion by civilians | Military presence", "Verification": "CONFIRMED", "Media Link": "https://x.com/gazanotice/status/1936852582326051114", "Source Merged": "https://x.com/gazanotice/status/1936852582326051114", "Display Sources": { "url": "https://x.com/gazanotice/status/1936852582326051114", "text": "gazanotice" }, "Display Visual Evidence": "https://x.com/gazanotice/status/1936852582326051114" }, "geometry": { "type": "Point", "coordinates": [ 34.45836, 31.54997 ] } },
{ "type": "Feature", "properties": { "Incident ID": "50622-21489", "Date": "6/22/2025", "Display Date": "22-Jun-25", "Town/City": "Gaza City", "Location Name": "Port", "Location Type": "IDP", "Lat": 31.51485, "Lon": 34.424503, "Display Latitude": 31.51485, "Display Longitude": 34.4245, "Category": "Aid", "Incident Type": null, "Incident Tags": "Civilians seeking aid", "Verification": "CONFIRMED", "Media Link": "https://x.com/sameerproject/status/1936601531467657464", "Source Merged": null, "Display Sources": null, "Display Visual Evidence": "https://x.com/sameerproject/status/1936601531467657464" }, "geometry": { "type": "Point", "coordinates": [ 34.4245, 31.51485 ] } },
{ "type": "Feature", "properties": { "Incident ID": "50623-05342", "Date": "6/23/2025", "Display Date": "23-Jun-25", "Town/City": "Jabalia", "Location Name": "Al-Rashid Coastal Road", "Location Type": "Aid route", "Lat": 31.553086, "Lon": 34.461889, "Display Latitude": 31.55309, "Display Longitude": 34.46189, "Category": "Aid", "Incident Type": null, "Incident Tags": "Aid diversion by civilians", "Verification": "CONFIRMED", "Media Link": "https://x.com/sarpole12/status/1937029867096121372", "Source Merged": null, "Display Sources": null, "Display Visual Evidence": "https://x.com/sarpole12/status/1937029867096121372" }, "geometry": { "type": "Point", "coordinates": [ 34.46189, 31.55309 ] } },
{ "type": "Feature", "properties": { "Incident ID": "50625-13656", "Date": "6/25/2025", "Display Date": "25-Jun-25", "Town/City": "Jabalia", "Location Name": "Al-Rashid Coastal Road", "Location Type": "Aid route", "Lat": 31.5524, "Lon": 34.4609, "Display Latitude": 31.5524, "Display Longitude": 34.4609, "Category": "Aid", "Incident Type": null, "Incident Tags": "Aid diversion by civilians", "Verification": "CONFIRMED", "Media Link": "https://x.com/sahatenglish/status/1937871669315432688", "Source Merged": "https://x.com/sahatenglish/status/1937871669315432688", "Display Sources": { "url": "https://x.com/sahatenglish/status/1937871669315432688", "text": "sahatenglish" }, "Display Visual Evidence": "https://x.com/sahatenglish/status/1937871669315432688" }, "geometry": { "type": "Point", "coordinates": [ 34.4609, 31.5524 ] } },
{ "type": "Feature", "properties": { "Incident ID": "50701-06003", "Date": "7/1/2025", "Display Date": "1-Jul-25", "Town/City": "Gaza City", "Location Name": "Sheikh Ejilin", "Location Type": "Residential", "Lat": 31.4809, "Lon": 34.4076, "Display Latitude": 31.4809, "Display Longitude": 34.4076, "Category": "Aid", "Incident Type": "Desperate Food Access | Aid truck presence", "Incident Tags": "Aid diversion by civilians", "Verification": "CONFIRMED", "Media Link": "https://x.com/IhabHassane/status/1940064626341003506", "Source Merged": null, "Display Sources": null, "Display Visual Evidence": "https://x.com/IhabHassane/status/1940064626341003506" }, "geometry": { "type": "Point", "coordinates": [ 34.4076, 31.4809 ] } },
{ "type": "Feature", "properties": { "Incident ID": "50702-29352", "Date": "7/2/2025", "Display Date": "2-Jul-25", "Town/City": "Deir al-Balah", "Location Name": "Bureij", "Location Type": "GHF - Gaza Valley", "Lat": 31.4557, "Lon": 34.4173, "Display Latitude": 31.4557, "Display Longitude": 34.4173, "Category": "Aid", "Incident Type": null, "Incident Tags": "Civilians seeking aid", "Verification": "CONFIRMED", "Media Link": "https://x.com/abu_salah9/status/1940202046193594394", "Source Merged": null, "Display Sources": null, "Display Visual Evidence": "https://x.com/abu_salah9/status/1940202046193594394" }, "geometry": { "type": "Point", "coordinates": [ 34.4173, 31.4557 ] } },
{ "type": "Feature", "properties": { "Incident ID": "50714-46515", "Date": "7/14/2025", "Display Date": "14-Jul-25", "Town/City": "Deir al-Balah", "Location Name": "Salah al-Din", "Location Type": null, "Lat": 31.4116, "Lon": 34.3626, "Display Latitude": 31.4116, "Display Longitude": 34.3626, "Category": "Aid", "Incident Type": "Looting | Aid truck presence", "Incident Tags": "Aid diversion by gang", "Verification": "CONFIRMED", "Media Link": "https://www.tiktok.com/@namur_2002/video/7527032087803596048", "Source Merged": null, "Display Sources": null, "Display Visual Evidence": "https://www.tiktok.com/@namur_2002/video/7527032087803596048" }, "geometry": { "type": "Point", "coordinates": [ 34.3626, 31.4116 ] } },
{ "type": "Feature", "properties": { "Incident ID": "50717-50618", "Date": "7/17/2025", "Display Date": "17-Jul-25", "Town/City": "Beit Lahia", "Location Name": "Al-Tawam", "Location Type": null, "Lat": 31.5477, "Lon": 34.4751, "Display Latitude": 31.5477, "Display Longitude": 34.4751, "Category": "Aid", "Incident Type": "Drone | Airstrike", "Incident Tags": "Airstrike on security | Airstrike on aid workers", "Verification": "CONFIRMED", "Media Link": "https://x.com/AnasAlSharif0/status/1945713683381788886", "Source Merged": "https://x.com/AnasAlSharif0/status/1945713683381788886, https://t.me/hamza20300/361225, https://t.me/hamza20300/361230", "Display Sources": { "url": "https://x.com/AnasAlSharif0/status/1945713683381788886", "text": "AnasAlSharif0" }, "Display Visual Evidence": "https://x.com/AnasAlSharif0/status/1945713683381788886" }, "geometry": { "type": "Point", "coordinates": [ 34.4751, 31.5477 ] } },
{ "type": "Feature", "properties": { "Incident ID": "50720-16308", "Date": "7/20/2025", "Display Date": "20-Jul-25", "Town/City": "Beit Lahia", "Location Name": "Al-Rashid Coastal Road", "Location Type": "Aid route", "Lat": 31.5669, "Lon": 34.4729, "Display Latitude": 31.5669, "Display Longitude": 34.4729, "Category": "Aid", "Incident Type": "Military presence", "Incident Tags": "Aid diversion by civilians | Military presence", "Verification": "CONFIRMED", "Media Link": "https://x.com/AvichayAdraee/status/1947023864157868520", "Source Merged": null, "Display Sources": null, "Display Visual Evidence": "https://x.com/AvichayAdraee/status/1947023864157868520" }, "geometry": { "type": "Point", "coordinates": [ 34.4729, 31.5669 ] } },
{ "type": "Feature", "properties": { "Incident ID": "50720-43495", "Date": "7/20/2025", "Display Date": "20-Jul-25", "Town/City": "Beit Lahia", "Location Name": "Al-Rashid Coastal Road", "Location Type": "Aid route", "Lat": 31.5669, "Lon": 34.4729, "Display Latitude": 31.5669, "Display Longitude": 34.4729, "Category": "Aid", "Incident Type": "Attack on civilians", "Incident Tags": "Shooting on civilians | Aid diversion by civilians", "Verification": "CONFIRMED", "Media Link": "https://x.com/SirLuka_/status/1947057058471440427", "Source Merged": "https://x.com/YinonMagal/status/1947042427816063458", "Display Sources": { "url": "https://x.com/YinonMagal/status/1947042427816063458", "text": "YinonMagal" }, "Display Visual Evidence": "https://x.com/SirLuka_/status/1947057058471440427" }, "geometry": { "type": "Point", "coordinates": [ 34.4729, 31.5669 ] } },
{ "type": "Feature", "properties": { "Incident ID": "50722-32478", "Date": "7/22/2025", "Display Date": "22-Jul-25", "Town/City": "Beit Lahia", "Location Name": "Al-Rashid Coastal Road", "Location Type": "Aid route", "Lat": 31.562, "Lon": 34.4692, "Display Latitude": 31.562, "Display Longitude": 34.4692, "Category": "Aid", "Incident Type": "Aid truck presence | Aid truck on route | Desperate Food Access", "Incident Tags": "Aid diversion by civilians", "Verification": "CONFIRMED", "Media Link": "https://www.instagram.com/ehab_nuor/reel/DMaIr3Noklu/", "Source Merged": null, "Display Sources": null, "Display Visual Evidence": "https://www.instagram.com/ehab_nuor/reel/DMaIr3Noklu/" }, "geometry": { "type": "Point", "coordinates": [ 34.4692, 31.562 ] } },
{ "type": "Feature", "properties": { "Incident ID": "50722-71016", "Date": "7/22/2025", "Display Date": "22-Jul-25", "Town/City": "Khan Younis", "Location Name": "Tahlia Roundabout", "Location Type": null, "Lat": 31.3376, "Lon": 34.3099, "Display Latitude": 31.3376, "Display Longitude": 34.3099, "Category": "Aid", "Incident Type": null, "Incident Tags": "Civilians seeking aid", "Verification": "CONFIRMED", "Media Link": "https://t.me/noursams/86902", "Source Merged": null, "Display Sources": null, "Display Visual Evidence": "https://t.me/noursams/86902" }, "geometry": { "type": "Point", "coordinates": [ 34.3099, 31.3376 ] } },
{ "type": "Feature", "properties": { "Incident ID": "50723-04425", "Date": "7/23/2025", "Display Date": "23-Jul-25", "Town/City": "Khan Younis", "Location Name": "Khan Younis refugee camp", "Location Type": "Aid route", "Lat": 31.33924, "Lon": 34.295388, "Display Latitude": 31.33924, "Display Longitude": 34.29539, "Category": "Aid", "Incident Type": "Aid truck presence | Aid truck on route | Desperate Food Access", "Incident Tags": "Aid diversion by civilians", "Verification": "CONFIRMED", "Media Link": "https://x.com/MyPalestine0/status/1947997066094952731", "Source Merged": "https://x.com/NemoAnno/status/1948134079250973068", "Display Sources": { "url": "https://x.com/NemoAnno/status/1948134079250973068", "text": "NemoAnno" }, "Display Visual Evidence": "https://x.com/MyPalestine0/status/1947997066094952731" }, "geometry": { "type": "Point", "coordinates": [ 34.29539, 31.33924 ] } },
{ "type": "Feature", "properties": { "Incident ID": "50725-79647", "Date": "7/25/2025", "Display Date": "25-Jul-25", "Town/City": "Khan Younis", "Location Name": "Omar Bin Al Khattab Street", "Location Type": "Morag Corridor", "Lat": 31.3115, "Lon": 34.2828, "Display Latitude": 31.3115, "Display Longitude": 34.2828, "Category": "Aid", "Incident Type": "Desperate Food Access", "Incident Tags": "Civilians seeking aid", "Verification": "CONFIRMED", "Media Link": "https://www.facebook.com/watch/?v=1759408798025313", "Source Merged": "https://www.facebook.com/watch/?v=1759408798025313", "Display Sources": { "url": "https://www.facebook.com/watch/?v=1759408798025313", "text": "facebook.com" }, "Display Visual Evidence": "https://www.facebook.com/watch/?v=1759408798025313" }, "geometry": { "type": "Point", "coordinates": [ 34.2828, 31.3115 ] } },
{ "type": "Feature", "properties": { "Incident ID": "50726-26796", "Date": "7/26/2025", "Display Date": "26-Jul-25", "Town/City": "Khan Younis", "Location Name": "Omar Bin Al Khattab Street", "Location Type": "Morag Corridor", "Lat": 31.30990653, "Lon": 34.28165596, "Display Latitude": 31.30991, "Display Longitude": 34.28166, "Category": "Aid", "Incident Type": null, "Incident Tags": "Aid diversion by civilians", "Verification": "CONFIRMED", "Media Link": "Figure 24", "Source Merged": null, "Display Sources": null, "Display Visual Evidence": "Figure 24" }, "geometry": { "type": "Point", "coordinates": [ 34.28166, 31.30991 ] } },
{ "type": "Feature", "properties": { "Incident ID": "50727-98533", "Date": "7/27/2025", "Display Date": "27-Jul-25", "Town/City": "Gaza City", "Location Name": "Sheikh Radwan", "Location Type": "Residential", "Lat": 31.5384, "Lon": 34.4662, "Display Latitude": 31.5384, "Display Longitude": 34.4662, "Category": "Aid", "Incident Type": "Looting", "Incident Tags": "Aid diversion by unknown", "Verification": "CONFIRMED", "Media Link": "https://t.me/hamza20300/363782", "Source Merged": null, "Display Sources": null, "Display Visual Evidence": "https://t.me/hamza20300/363782" }, "geometry": { "type": "Point", "coordinates": [ 34.4662, 31.5384 ] } },
{ "type": "Feature", "properties": { "Incident ID": "50727-51118", "Date": "7/27/2025", "Display Date": "27-Jul-25", "Town/City": "Beit Lahia", "Location Name": "Al-Rashid Coastal Road", "Location Type": "Aid route", "Lat": 31.5657, "Lon": 34.472, "Display Latitude": 31.5657, "Display Longitude": 34.472, "Category": "Aid", "Incident Type": "Desperate Food Access | Aid truck presence", "Incident Tags": "Aid diversion by civilians", "Verification": "CONFIRMED", "Media Link": "https://www.instagram.com/saber.nuraldin/reel/DMnPZqlNuAc/", "Source Merged": "https://www.instagram.com/saber.nuraldin/reel/DMnPNvHtanC/", "Display Sources": { "url": "https://www.instagram.com/saber.nuraldin/reel/DMnPNvHtanC/", "text": "instagram.com" }, "Display Visual Evidence": "https://www.instagram.com/saber.nuraldin/reel/DMnPZqlNuAc/" }, "geometry": { "type": "Point", "coordinates": [ 34.472, 31.5657 ] } },
{ "type": "Feature", "properties": { "Incident ID": "50727-49624", "Date": "7/27/2025", "Display Date": "27-Jul-25", "Town/City": "Khan Younis", "Location Name": "Omar Bin Al Khattab Street", "Location Type": "Aid route", "Lat": 31.3108, "Lon": 34.2825, "Display Latitude": 31.3108, "Display Longitude": 34.2825, "Category": "Aid", "Incident Type": "Attack on civilians | Desperate Food Access", "Incident Tags": "Aid diversion by civilians | Shooting on civilians", "Verification": "CONFIRMED", "Media Link": "https://www.instagram.com/ibrahim.st7/reel/DMm-pWSo4n-/", "Source Merged": "https://www.instagram.com/ibrahim.st7/reel/DMm-pWSo4n-/, https://www.instagram.com/reel/DMnNVvPsDod/\n", "Display Sources": { "url": "https://www.instagram.com/ibrahim.st7/reel/DMm-pWSo4n-/", "text": "instagram.com" }, "Display Visual Evidence": "https://www.instagram.com/ibrahim.st7/reel/DMm-pWSo4n-/" }, "geometry": { "type": "Point", "coordinates": [ 34.2825, 31.3108 ] } },
{ "type": "Feature", "properties": { "Incident ID": "50729-13513", "Date": "7/27/2025", "Display Date": "27-Jul-25", "Town/City": "Jabalia", "Location Name": "Kasina School", "Location Type": "Road", "Lat": 31.5506, "Lon": 34.4606, "Display Latitude": 31.5506, "Display Longitude": 34.4606, "Category": "Aid", "Incident Type": "Aid via parachuting landed", "Incident Tags": "Aid via parachuting", "Verification": "CONFIRMED", "Media Link": "https://x.com/alaraby_ar/status/1950151321635401842", "Source Merged": null, "Display Sources": null, "Display Visual Evidence": "https://x.com/alaraby_ar/status/1950151321635401842" }, "geometry": { "type": "Point", "coordinates": [ 34.4606, 31.5506 ] } },
{ "type": "Feature", "properties": { "Incident ID": "50727-61519", "Date": "7/27/2025", "Display Date": "27-Jul-25", "Town/City": "Jabalia", "Location Name": "Ibad Ar-Rahman", "Location Type": null, "Lat": 31.5423, "Lon": 34.4629, "Display Latitude": 31.5423, "Display Longitude": 34.4629, "Category": "Aid", "Incident Type": "Aid via parachuting | Aid via parachuting landed", "Incident Tags": "Aid via parachuting", "Verification": "CONFIRMED", "Media Link": "https://www.instagram.com/p/DMnLIb3NoIr/", "Source Merged": null, "Display Sources": null, "Display Visual Evidence": "https://www.instagram.com/p/DMnLIb3NoIr/" }, "geometry": { "type": "Point", "coordinates": [ 34.4629, 31.5423 ] } },
{ "type": "Feature", "properties": { "Incident ID": "50728-42007", "Date": "7/28/2025", "Display Date": "28-Jul-25", "Town/City": "Beit Lahia", "Location Name": "Al-Rashid Coastal Road", "Location Type": "Aid route", "Lat": 31.567594, "Lon": 34.473139, "Display Latitude": 31.56759, "Display Longitude": 34.47314, "Category": "Aid", "Incident Type": "Military presence", "Incident Tags": "Aid diversion by civilians | Military presence", "Verification": "CONFIRMED", "Media Link": "https://t.me/amitsegal/50466", "Source Merged": null, "Display Sources": null, "Display Visual Evidence": "https://t.me/amitsegal/50466" }, "geometry": { "type": "Point", "coordinates": [ 34.47314, 31.56759 ] } },
{ "type": "Feature", "properties": { "Incident ID": "50728-95863", "Date": "7/28/2025", "Display Date": "28-Jul-25", "Town/City": "Beit Lahia", "Location Name": "Al-Rashid Coastal Road", "Location Type": "Aid route", "Lat": 31.5619, "Lon": 34.4694, "Display Latitude": 31.5619, "Display Longitude": 34.4694, "Category": "Aid", "Incident Type": "Attack on civilians", "Incident Tags": "Aid diversion by civilians | Shooting on civilians", "Verification": "CONFIRMED", "Media Link": "https://t.me/hamza20300/364010", "Source Merged": null, "Display Sources": null, "Display Visual Evidence": "https://t.me/hamza20300/364010" }, "geometry": { "type": "Point", "coordinates": [ 34.4694, 31.5619 ] } },
{ "type": "Feature", "properties": { "Incident ID": "50728-52157", "Date": "7/28/2025", "Display Date": "28-Jul-25", "Town/City": "Gaza City", "Location Name": "Al-Nasr", "Location Type": null, "Lat": 31.542185, "Lon": 34.46364, "Display Latitude": 31.54218, "Display Longitude": 34.46364, "Category": "Aid", "Incident Type": "Aid via parachuting", "Incident Tags": "Aid via parachuting", "Verification": "CONFIRMED", "Media Link": "https://x.com/rashidalmethen/status/1949933217672548400", "Source Merged": "https://www.instagram.com/p/DMnLIb3NoIr/", "Display Sources": { "url": "https://www.instagram.com/p/DMnLIb3NoIr/", "text": "instagram.com" }, "Display Visual Evidence": "https://x.com/rashidalmethen/status/1949933217672548400" }, "geometry": { "type": "Point", "coordinates": [ 34.46364, 31.54218 ] } },
{ "type": "Feature", "properties": { "Incident ID": "50729-12796", "Date": "7/29/2025", "Display Date": "29-Jul-25", "Town/City": "Khan Younis", "Location Name": "Omar Bin Al Khattab Street", "Location Type": "Morag Corridor", "Lat": 31.3109, "Lon": 34.2822, "Display Latitude": 31.3109, "Display Longitude": 34.2822, "Category": "Aid", "Incident Type": "Desperate Food Access", "Incident Tags": "Aid diversion by civilians", "Verification": "CONFIRMED", "Media Link": "https://t.me/hamza20300/364144", "Source Merged": "https://t.me/hamza20300/364144", "Display Sources": { "url": "https://t.me/hamza20300/364144", "text": "hamza20300" }, "Display Visual Evidence": "https://t.me/hamza20300/364144" }, "geometry": { "type": "Point", "coordinates": [ 34.2822, 31.3109 ] } },
{ "type": "Feature", "properties": { "Incident ID": "50729-20255", "Date": "7/29/2025", "Display Date": "29-Jul-25", "Town/City": "Deir al-Balah", "Location Name": "Ramzon", "Location Type": "Aid route", "Lat": 31.409684, "Lon": 34.359971, "Display Latitude": 31.40968, "Display Longitude": 34.35997, "Category": "Aid", "Incident Type": "Looting | Desperate Food Access", "Incident Tags": "Aid diversion by gang", "Verification": "CONFIRMED", "Media Link": "https://t.me/Nuseirat1/126061", "Source Merged": null, "Display Sources": null, "Display Visual Evidence": "https://t.me/Nuseirat1/126061" }, "geometry": { "type": "Point", "coordinates": [ 34.35997, 31.40968 ] } },
{ "type": "Feature", "properties": { "Incident ID": "50729-82076", "Date": "7/29/2025", "Display Date": "29-Jul-25", "Town/City": "Jabalia", "Location Name": "Al-Rashid Coastal Road", "Location Type": "Aid route", "Lat": 31.5481, "Lon": 34.4567, "Display Latitude": 31.5481, "Display Longitude": 34.4567, "Category": "Aid", "Incident Type": "Attack on civilians", "Incident Tags": "Aid diversion by civilians | Aftermath of attack on civilian", "Verification": "CONFIRMED", "Media Link": "https://x.com/translatingpal/status/1950200017056137416", "Source Merged": null, "Display Sources": null, "Display Visual Evidence": "https://x.com/translatingpal/status/1950200017056137416" }, "geometry": { "type": "Point", "coordinates": [ 34.4567, 31.5481 ] } },
{ "type": "Feature", "properties": { "Incident ID": "50729-55815", "Date": "7/29/2025", "Display Date": "29-Jul-25", "Town/City": "Deir al-Balah", "Location Name": "al-Rashid Coastal Road", "Location Type": null, "Lat": 31.4442, "Lon": 34.3576, "Display Latitude": 31.4442, "Display Longitude": 34.3576, "Category": "Aid", "Incident Type": "Aid via parachuting", "Incident Tags": "Aid via parachuting", "Verification": "CONFIRMED", "Media Link": "https://x.com/Nation_Shield/status/1950047615388651901", "Source Merged": null, "Display Sources": null, "Display Visual Evidence": "https://x.com/Nation_Shield/status/1950047615388651901" }, "geometry": { "type": "Point", "coordinates": [ 34.3576, 31.4442 ] } },
{ "type": "Feature", "properties": { "Incident ID": "50729-46670", "Date": "7/29/2025", "Display Date": "29-Jul-25", "Town/City": "Jabalia", "Location Name": "Tuffah", "Location Type": null, "Lat": 31.521058, "Lon": 34.477211, "Display Latitude": 31.52106, "Display Longitude": 34.47721, "Category": null, "Incident Type": "Aid via parachuting landed", "Incident Tags": "Aid via parachuting", "Verification": "CONFIRMED", "Media Link": "https://bsky.app/profile/benedictgarman.com/post/3lv4eq6f32s2v", "Source Merged": "https://www.bbc.co.uk/news/live/cdrkj810plvt?post=asset%3A38cf4dde-967a-44e0-b98a-e21119f7dd5c#post, https://bsky.app/profile/benedictgarman.com/post/3lv4eq6f32s2v", "Display Sources": { "url": "https://www.bbc.co.uk/news/live/cdrkj810plvt?post=asset%3A38cf4dde-967a-44e0-b98a-e21119f7dd5c#post", "text": "bbc.co.uk" }, "Display Visual Evidence": "https://bsky.app/profile/benedictgarman.com/post/3lv4eq6f32s2v" }, "geometry": { "type": "Point", "coordinates": [ 34.47721, 31.52106 ] } },
{ "type": "Feature", "properties": { "Incident ID": "50729-03946", "Date": "7/29/2025", "Display Date": "29-Jul-25", "Town/City": "Jabalia", "Location Name": "Ibad Ar-Rahman", "Location Type": "Aid route", "Lat": 31.5557, "Lon": 34.4656, "Display Latitude": 31.5557, "Display Longitude": 34.4656, "Category": "Aid", "Incident Type": "Desperate Food Access", "Incident Tags": "Aid diversion by civilians", "Verification": "CONFIRMED", "Media Link": "https://x.com/AvichayAdraee/status/1950093782394753405", "Source Merged": null, "Display Sources": null, "Display Visual Evidence": "https://x.com/AvichayAdraee/status/1950093782394753405" }, "geometry": { "type": "Point", "coordinates": [ 34.4656, 31.5557 ] } },
{ "type": "Feature", "properties": { "Incident ID": "50730-87368", "Date": "7/30/2025", "Display Date": "30-Jul-25", "Town/City": "Khan Younis", "Location Name": "Khan Younis", "Location Type": "GHF - Khan Younis", "Lat": 31.3153, "Lon": 34.2688, "Display Latitude": 31.3153, "Display Longitude": 34.2688, "Category": "Aid", "Incident Type": "Desperate Food Access", "Incident Tags": "Civilians seeking aid", "Verification": "CONFIRMED", "Media Link": "https://x.com/HusseinJamal_/status/1950494275860652078", "Source Merged": null, "Display Sources": null, "Display Visual Evidence": "https://x.com/HusseinJamal_/status/1950494275860652078" }, "geometry": { "type": "Point", "coordinates": [ 34.2688, 31.3153 ] } },
{ "type": "Feature", "properties": { "Incident ID": "50730-38221", "Date": "7/30/2025", "Display Date": "30-Jul-25", "Town/City": "Beit Lahia", "Location Name": "Al-Rashid Coastal Road", "Location Type": "Aid route", "Lat": 31.5627, "Lon": 34.4697, "Display Latitude": 31.5627, "Display Longitude": 34.4697, "Category": "Aid", "Incident Type": "Desperate Food Access", "Incident Tags": "Aid diversion by civilians", "Verification": "CONFIRMED", "Media Link": "https://t.me/amitsegal/50547", "Source Merged": null, "Display Sources": null, "Display Visual Evidence": "https://t.me/amitsegal/50547" }, "geometry": { "type": "Point", "coordinates": [ 34.4697, 31.5627 ] } },
{ "type": "Feature", "properties": { "Incident ID": "50730-62066", "Date": "7/30/2025", "Display Date": "30-Jul-25", "Town/City": "Deir al-Balah", "Location Name": "Am Dhair", "Location Type": null, "Lat": 31.408714, "Lon": 34.331969, "Display Latitude": 31.40871, "Display Longitude": 34.33197, "Category": "Aid", "Incident Type": "Aid via parachuting", "Incident Tags": "Aid diversion by unknown", "Verification": "CONFIRMED", "Media Link": "https://x.com/AhmedElbaqry/status/1950640292249600355/photo/1", "Source Merged": null, "Display Sources": null, "Display Visual Evidence": "https://x.com/AhmedElbaqry/status/1950640292249600355/photo/1" }, "geometry": { "type": "Point", "coordinates": [ 34.33197, 31.40871 ] } },
{ "type": "Feature", "properties": { "Incident ID": "50730-79567", "Date": "7/30/2025", "Display Date": "30-Jul-25", "Town/City": "Deir al-Balah", "Location Name": "Deir al-Balah", "Location Type": null, "Lat": 31.412914, "Lon": 34.356819, "Display Latitude": 31.41291, "Display Longitude": 34.35682, "Category": "Aid", "Incident Type": "Aid via parachuting", "Incident Tags": "Aid via parachuting", "Verification": "CONFIRMED", "Media Link": "https://x.com/AlAinNews/status/1950626972155166797/photo/1", "Source Merged": null, "Display Sources": null, "Display Visual Evidence": "https://x.com/AlAinNews/status/1950626972155166797/photo/1" }, "geometry": { "type": "Point", "coordinates": [ 34.35682, 31.41291 ] } },
{ "type": "Feature", "properties": { "Incident ID": "50730-63474", "Date": "7/30/2025", "Display Date": "30-Jul-25", "Town/City": "Deir al-Balah", "Location Name": "Nuseirat", "Location Type": null, "Lat": 31.446902, "Lon": 34.39326, "Display Latitude": 31.4469, "Display Longitude": 34.39326, "Category": "Aid", "Incident Type": "Aid via parachuting", "Incident Tags": "Aid via parachuting", "Verification": "MOST LIKELY", "Media Link": "https://t.me/jeninnews1/156420", "Source Merged": null, "Display Sources": null, "Display Visual Evidence": "https://t.me/jeninnews1/156420" }, "geometry": { "type": "Point", "coordinates": [ 34.39326, 31.4469 ] } },
{ "type": "Feature", "properties": { "Incident ID": "50730-88132", "Date": "7/30/2025", "Display Date": "30-Jul-25", "Town/City": "Deir al-Balah", "Location Name": "Az-Zawayda", "Location Type": null, "Lat": 31.436, "Lon": 34.3574, "Display Latitude": 31.436, "Display Longitude": 34.3574, "Category": "Aid", "Incident Type": "Aid via parachuting landed", "Incident Tags": "Aid via parachuting", "Verification": "CONFIRMED", "Media Link": "https://x.com/eyeonpalestine/status/1950857811694362923?s=46", "Source Merged": "https://x.com/rhjofficial/status/1950562516993470649", "Display Sources": { "url": "https://x.com/rhjofficial/status/1950562516993470649", "text": "rhjofficial" }, "Display Visual Evidence": "https://x.com/eyeonpalestine/status/1950857811694362923?s=46" }, "geometry": { "type": "Point", "coordinates": [ 34.3574, 31.436 ] } },
{ "type": "Feature", "properties": { "Incident ID": "50731-95752", "Date": "7/31/2025", "Display Date": "31-Jul-25", "Town/City": "Gaza City", "Location Name": "Al-Rashid Coastal Road", "Location Type": "Aid route", "Lat": 31.5481, "Lon": 34.4567, "Display Latitude": 31.5481, "Display Longitude": 34.4567, "Category": "Aid", "Incident Type": "Attack on civilians", "Incident Tags": "Aid diversion by civilians | Aftermath of attack on civilian", "Verification": "CONFIRMED", "Media Link": "https://x.com/QudsNen/status/1950977295922917800", "Source Merged": null, "Display Sources": null, "Display Visual Evidence": "https://x.com/QudsNen/status/1950977295922917800" }, "geometry": { "type": "Point", "coordinates": [ 34.4567, 31.5481 ] } },
{ "type": "Feature", "properties": { "Incident ID": "50731-74208", "Date": "7/31/2025", "Display Date": "31-Jul-25", "Town/City": "Deir al-Balah", "Location Name": "Az-Zawayda", "Location Type": null, "Lat": 31.4428, "Lon": 34.3592, "Display Latitude": 31.4428, "Display Longitude": 34.3592, "Category": "Aid", "Incident Type": "Aid via parachuting", "Incident Tags": "Aid via parachuting", "Verification": "CONFIRMED", "Media Link": "https://t.me/mohnadQ/67049", "Source Merged": null, "Display Sources": null, "Display Visual Evidence": "https://t.me/mohnadQ/67049" }, "geometry": { "type": "Point", "coordinates": [ 34.3592, 31.4428 ] } },
{ "type": "Feature", "properties": { "Incident ID": "50731-01285", "Date": "7/31/2025", "Display Date": "31-Jul-25", "Town/City": "Deir al-Balah", "Location Name": "Am Dhair", "Location Type": null, "Lat": 31.395217, "Lon": 34.343933, "Display Latitude": 31.39522, "Display Longitude": 34.34393, "Category": "Aid", "Incident Type": "Aid via parachuting landed", "Incident Tags": "Aid via parachuting", "Verification": "CONFIRMED", "Media Link": "https://www.gettyimages.co.uk/detail/news-photo/jordanian-c-130-military-aircraft-performs-an-air-drop-of-news-photo/2227889392?adppopup=true", "Source Merged": "https://www.gettyimages.co.uk/detail/news-photo/jordanian-c-130-military-aircraft-performs-an-air-drop-of-news-photo/2227889324?adppopup=true", "Display Sources": { "url": "https://www.gettyimages.co.uk/detail/news-photo/jordanian-c-130-military-aircraft-performs-an-air-drop-of-news-photo/2227889324?adppopup=true", "text": "gettyimages.co.uk" }, "Display Visual Evidence": "https://www.gettyimages.co.uk/detail/news-photo/jordanian-c-130-military-aircraft-performs-an-air-drop-of-news-photo/2227889392?adppopup=true" }, "geometry": { "type": "Point", "coordinates": [ 34.34393, 31.39522 ] } },
{ "type": "Feature", "properties": { "Incident ID": "50731-14282", "Date": "7/31/2025", "Display Date": "31-Jul-25", "Town/City": "Deir al-Balah", "Location Name": "Al-Musadder", "Location Type": null, "Lat": 31.4132, "Lon": 34.367, "Display Latitude": 31.4132, "Display Longitude": 34.367, "Category": "Aid", "Incident Type": "Aid truck presence | Looting", "Incident Tags": "Aid diversion by gang", "Verification": "CONFIRMED", "Media Link": "https://www.facebook.com/Mgasseb.Family.Official/videos/1413237029966753", "Source Merged": null, "Display Sources": null, "Display Visual Evidence": "https://www.facebook.com/Mgasseb.Family.Official/videos/1413237029966753" }, "geometry": { "type": "Point", "coordinates": [ 34.367, 31.4132 ] } },
{ "type": "Feature", "properties": { "Incident ID": "50801-61057", "Date": "8/1/2025", "Display Date": "1-Aug-25", "Town/City": "Beit Lahia", "Location Name": "Oasis Roundabout", "Location Type": "Aid route", "Lat": 31.5668, "Lon": 34.4728, "Display Latitude": 31.5668, "Display Longitude": 34.4728, "Category": "Aid", "Incident Type": "Desperate Food Access", "Incident Tags": "Aid diversion by civilians", "Verification": "CONFIRMED", "Media Link": "https://x.com/abu_salah9/status/1951261694946087103", "Source Merged": "https://x.com/abu_salah9/status/1951261694946087103", "Display Sources": { "url": "https://x.com/abu_salah9/status/1951261694946087103", "text": "abu_salah9" }, "Display Visual Evidence": "https://x.com/abu_salah9/status/1951261694946087103" }, "geometry": { "type": "Point", "coordinates": [ 34.4728, 31.5668 ] } },
{ "type": "Feature", "properties": { "Incident ID": "50801-79634", "Date": "8/1/2025", "Display Date": "1-Aug-25", "Town/City": "Deir al-Balah", "Location Name": "Am Dhair", "Location Type": null, "Lat": 31.397929, "Lon": 34.327327, "Display Latitude": 31.39793, "Display Longitude": 34.32733, "Category": "Aid", "Incident Type": "Aid via parachuting", "Incident Tags": "Aid via parachuting", "Verification": "CONFIRMED", "Media Link": "https://x.com/ItayBlumental/status/1951253310297735218", "Source Merged": null, "Display Sources": null, "Display Visual Evidence": "https://x.com/ItayBlumental/status/1951253310297735218" }, "geometry": { "type": "Point", "coordinates": [ 34.32733, 31.39793 ] } },
{ "type": "Feature", "properties": { "Incident ID": "50803-52747", "Date": "8/3/2025", "Display Date": "3-Aug-25", "Town/City": "Deir al-Balah", "Location Name": "Salah al-Din Road", "Location Type": "Aid route", "Lat": 31.4098, "Lon": 34.3599, "Display Latitude": 31.4098, "Display Longitude": 34.3599, "Category": "Aid", "Incident Type": "Aid truck presence | Looting", "Incident Tags": "Aid diversion by gang", "Verification": "CONFIRMED", "Media Link": "https://www.facebook.com/reel/750272384389880", "Source Merged": null, "Display Sources": null, "Display Visual Evidence": "https://www.facebook.com/reel/750272384389880" }, "geometry": { "type": "Point", "coordinates": [ 34.3599, 31.4098 ] } },
{ "type": "Feature", "properties": { "Incident ID": "50807-39943", "Date": "8/7/2025", "Display Date": "7-Aug-25", "Town/City": "Deir al-Balah", "Location Name": "Salah al-Din Road", "Location Type": null, "Lat": 31.4095, "Lon": 34.3598, "Display Latitude": 31.4095, "Display Longitude": 34.3598, "Category": "Aid", "Incident Type": "Aid truck presence", "Incident Tags": "Aid diversion by gang", "Verification": "CONFIRMED", "Media Link": "https://t.me/Nuseirat1/127978", "Source Merged": null, "Display Sources": null, "Display Visual Evidence": "https://t.me/Nuseirat1/127978" }, "geometry": { "type": "Point", "coordinates": [ 34.3598, 31.4095 ] } },
{ "type": "Feature", "properties": { "Incident ID": "50807-05584", "Date": "8/7/2025", "Display Date": "7-Aug-25", "Town/City": "Rafah", "Location Name": "Saudi District", "Location Type": "GHF - Saudi District", "Lat": 31.32947, "Lon": 34.246383, "Display Latitude": 31.32947, "Display Longitude": 34.24638, "Category": "Aid", "Incident Type": "Desperate Food Access", "Incident Tags": "Civilians seeking aid", "Verification": "CONFIRMED", "Media Link": "https://www.tiktok.com/@antuan_desent_exupery/video/7535910891921870098?lang=en-GB", "Source Merged": "https://x.com/_BvdM/status/1954849349931823390", "Display Sources": { "url": "https://x.com/_BvdM/status/1954849349931823390", "text": "_BvdM" }, "Display Visual Evidence": "https://www.tiktok.com/@antuan_desent_exupery/video/7535910891921870098?lang=en-GB" }, "geometry": { "type": "Point", "coordinates": [ 34.24638, 31.32947 ] } },
{ "type": "Feature", "properties": { "Incident ID": "50807-67617", "Date": "8/7/2025", "Display Date": "7-Aug-25", "Town/City": "Deir al-Balah", "Location Name": "Salah al-Din Road", "Location Type": null, "Lat": 31.406828, "Lon": 34.356742, "Display Latitude": 31.40683, "Display Longitude": 34.35674, "Category": "Aid", "Incident Type": "Aid truck on route | Aid truck presence", "Incident Tags": "Trucks on route | Aid diversion by gang", "Verification": "CONFIRMED", "Media Link": "https://www.facebook.com/Mgasseb.Family.Official/videos/3244086492406738", "Source Merged": null, "Display Sources": null, "Display Visual Evidence": "https://www.facebook.com/Mgasseb.Family.Official/videos/3244086492406738" }, "geometry": { "type": "Point", "coordinates": [ 34.35674, 31.40683 ] } },
{ "type": "Feature", "properties": { "Incident ID": "50808-74284", "Date": "8/8/2025", "Display Date": "8-Aug-25", "Town/City": "Gaza City", "Location Name": "Al-Yarmouk street", "Location Type": null, "Lat": 31.5205, "Lon": 34.4603, "Display Latitude": 31.5205, "Display Longitude": 34.4603, "Category": "Aid", "Incident Type": "Aid via parachuting landed", "Incident Tags": "Aid via parachuting", "Verification": "CONFIRMED", "Media Link": "https://x.com/AnasAlSharif0/status/1953754117890846735", "Source Merged": "https://x.com/MenchOsint/status/1953756436925686064", "Display Sources": { "url": "https://x.com/MenchOsint/status/1953756436925686064", "text": "MenchOsint" }, "Display Visual Evidence": "https://x.com/AnasAlSharif0/status/1953754117890846735" }, "geometry": { "type": "Point", "coordinates": [ 34.4603, 31.5205 ] } },
{ "type": "Feature", "properties": { "Incident ID": "50808-91994", "Date": "8/8/2025", "Display Date": "8-Aug-25", "Town/City": "Khan Younis", "Location Name": "Salah al-Din Road", "Location Type": "Morag Corridor", "Lat": 31.270417, "Lon": 34.290186, "Display Latitude": 31.27042, "Display Longitude": 34.29019, "Category": "Aid", "Incident Type": "Aid truck on route | Aid truck presence", "Incident Tags": "Trucks on route | Aid diversion by gang", "Verification": "CONFIRMED", "Media Link": "https://www.facebook.com/yasershabab2024/videos/1291237885726247", "Source Merged": null, "Display Sources": null, "Display Visual Evidence": "https://www.facebook.com/yasershabab2024/videos/1291237885726247" }, "geometry": { "type": "Point", "coordinates": [ 34.29019, 31.27042 ] } },
{ "type": "Feature", "properties": { "Incident ID": "50808-64350", "Date": "8/8/2025", "Display Date": "8-Aug-25", "Town/City": "Gaza City", "Location Name": "Omar Bin Al Khattab", "Location Type": null, "Lat": 31.5407, "Lon": 34.4565, "Display Latitude": 31.5407, "Display Longitude": 34.4565, "Category": "Aid", "Incident Type": "Aid via parachuting | Aid via parachuting landed", "Incident Tags": "Aid via parachuting", "Verification": "CONFIRMED", "Media Link": "https://www.instagram.com/p/DNEIzrVqa_7/ ", "Source Merged": null, "Display Sources": null, "Display Visual Evidence": "https://www.instagram.com/p/DNEIzrVqa_7/" }, "geometry": { "type": "Point", "coordinates": [ 34.4565, 31.5407 ] } },
{ "type": "Feature", "properties": { "Incident ID": "50809-02266", "Date": "8/9/2025", "Display Date": "9-Aug-25", "Town/City": "Deir al-Balah", "Location Name": "Al-Astra Towers", "Location Type": null, "Lat": 31.4688, "Lon": 34.3838, "Display Latitude": 31.4688, "Display Longitude": 34.3838, "Category": "Aid", "Incident Type": "Aid via parachuting landed", "Incident Tags": "Aid via parachuting", "Verification": "CONFIRMED", "Media Link": "https://www.instagram.com/eye.on.palestine/reel/DNImvl4KQY-/", "Source Merged": null, "Display Sources": null, "Display Visual Evidence": "https://www.instagram.com/eye.on.palestine/reel/DNImvl4KQY-/" }, "geometry": { "type": "Point", "coordinates": [ 34.3838, 31.4688 ] } },
{ "type": "Feature", "properties": { "Incident ID": "50811-37527", "Date": "8/11/2025", "Display Date": "11-Aug-25", "Town/City": "Khan Younis", "Location Name": "Salah al-Din Road", "Location Type": "Morag Corridor", "Lat": 31.270371, "Lon": 34.290094, "Display Latitude": 31.27037, "Display Longitude": 34.29009, "Category": "Aid", "Incident Type": "Aid truck on route | Aid truck presence", "Incident Tags": "Trucks on route | Aid diversion by gang", "Verification": "CONFIRMED", "Media Link": "https://www.facebook.com/yasershabab2024/videos/774366162205215", "Source Merged": null, "Display Sources": null, "Display Visual Evidence": "https://www.facebook.com/yasershabab2024/videos/774366162205215" }, "geometry": { "type": "Point", "coordinates": [ 34.29009, 31.27037 ] } },
{ "type": "Feature", "properties": { "Incident ID": "50823-55404", "Date": "8/23/2025", "Display Date": "23-Aug-25", "Town/City": "Deir al-Balah", "Location Name": "Am Dhair", "Location Type": null, "Lat": 31.396275, "Lon": 34.324394, "Display Latitude": 31.39627, "Display Longitude": 34.32439, "Category": "Aid", "Incident Type": "Aid via parachuting | Aid via parachuting landed", "Incident Tags": "Aid via parachuting", "Verification": "CONFIRMED", "Media Link": "https://x.com/QudsNen/status/1959157684122599615", "Source Merged": "https://x.com/NemoAnno/status/1959657590331220147", "Display Sources": { "url": "https://x.com/NemoAnno/status/1959657590331220147", "text": "NemoAnno" }, "Display Visual Evidence": "https://x.com/QudsNen/status/1959157684122599615" }, "geometry": { "type": "Point", "coordinates": [ 34.32439, 31.39627 ] } },
{ "type": "Feature", "properties": { "Incident ID": null, "Date": "8/25/2025", "Display Date": "25-Aug-25", "Town/City": "Gaza City", "Location Name": "Sheikh Radwan", "Location Type": null, "Lat": 31.5373, "Lon": 34.4641, "Display Latitude": 31.5373, "Display Longitude": 34.4641, "Category": "Aid", "Incident Type": "Desperate Food Access", "Incident Tags": "Civilians seeking aid", "Verification": "CONFIRMED", "Media Link": "https://x.com/hanzpal2/status/1937880733152108572", "Source Merged": null, "Display Sources": null, "Display Visual Evidence": "https://x.com/hanzpal2/status/1937880733152108572" }, "geometry": { "type": "Point", "coordinates": [ 34.4641, 31.5373 ] } },
{ "type": "Feature", "properties": { "Incident ID": null, "Date": null, "Display Date": null, "Town/City": "Gaza City", "Location Name": "Al-Rashid Coastal Road", "Location Type": "desperate aid diversion", "Lat": 31.542782, "Lon": 34.452528, "Display Latitude": 31.54278, "Display Longitude": 34.45253, "Category": "Aid", "Incident Type": null, "Incident Tags": "Civilians seeking aid", "Verification": "CONFIRMED", "Media Link": "https://www.facebook.com/reel/1293081012248673", "Source Merged": null, "Display Sources": null, "Display Visual Evidence": "https://www.facebook.com/reel/1293081012248673" }, "geometry": { "type": "Point", "coordinates": [ 34.45253, 31.54278 ] } }
]
}
