event_id_cnty,event_date,year,time_precision,disorder_type,event_type,sub_event_type,actor1,assoc_actor_1,inter1,actor2,assoc_actor_2,inter2,interaction,civilian_targeting,iso,region,country,admin1,admin2,admin3,location,latitude,longitude,geo_precision,source,source_scale,notes,fatalities,tags,timestamp
PSE49941,4/1/2024,2024,1,Political violence,Explosions/Remote violence,Air/drone strike,Military Forces of Israel (2022-),,8,Civilians (Palestine),,7,78,Civilian targeting,275,Middle East,Palestine,Gaza Strip,Khan Yunis,,Khan Yunis - Ash Sheikh Naser,31.3398,34.3116,1,Palestine News and Information Agency,National,"On 1 April 2024, Israeli warplanes struck a group of Palestinians near the roundabout of Khan Yunis - Ash Sheikh Naser (Khan Yunis, Gaza Strip), leaving 4 fatalities.",4,,1753955113
PSE49930,4/1/2024,2024,1,Political violence,Explosions/Remote violence,Air/drone strike,Military Forces of Israel (2022-),,8,Civilians (Palestine),Refugees/IDPs (Palestine),7,78,Civilian targeting,275,Middle East,Palestine,Gaza Strip,Deir El Balah,,An Nusayrat,31.4486,34.3925,1,Arab 48; Newpress; Palestine News and Information Agency; Quds News Network; Twitter,New media-National,"On 1 April 2024, Israeli warplanes struck a passing car in An Nusayrat refugee camp (Deir El Balah, Gaza Strip), leaving 2 fatalities and a number of injuries.",2,,1753955113
PSE49935,4/1/2024,2024,1,Political violence,Explosions/Remote violence,Air/drone strike,Military Forces of Israel (2022-),,8,Civilians (Palestine),,7,78,Civilian targeting,275,Middle East,Palestine,Gaza Strip,Gaza City,,Gaza - Ad Darraj,31.5172,34.4642,1,Arab 48; Newpress; Palestinian Ministry of Health; Twitter,Other-New media,"On 1 April 2024, Israeli warplanes struck a house in Gaza - Ad Darraj (Gaza City, Gaza Strip) leading to unspecified number of fatalities. [Palestinian Ministry of Health reported 333037 fatalities upto 1 April 2024. 44 fatalities not attributed to specific events split across 2 events on 1 April. 22 fatalities coded to this event.]",22,,1759790002
PSE49926,4/1/2024,2024,1,Political violence,Explosions/Remote violence,Air/drone strike,Military Forces of Israel (2022-),,8,Civilians (Palestine),,7,78,Civilian targeting,275,Middle East,Palestine,Gaza Strip,Gaza City,,Al Mughraqa,31.4675,34.4097,1,Palestinian Ministry of Health; Quds News Network; Twitter,Other-New media,"On 1 April 2024, Israeli warplanes struck a house in Al Mughraqa (Gaza City, Gaza Strip) leading to unspecified number of fatalities. [Palestinian Ministry of Health reported 333037 fatalities upto 1 April 2024. 44 fatalities not attributed to specific events split across 2 events on 1 April. 22 fatalities coded to this event.]",22,,1753955113
PSE49953,4/1/2024,2024,1,Political violence,Explosions/Remote violence,Air/drone strike,Military Forces of Israel (2022-),,8,Civilians (Palestine),,7,78,Civilian targeting,275,Middle East,Palestine,Gaza Strip,Rafah,,Yibna,31.2842,34.2482,2,Palestine News and Information Agency; PLO Negotiations Affairs Department,Other-National,"On 1 April 2024, Israeli warplanes struck targets east of Rafah, coded to Yibna (Rafah, Gaza Strip) killing 5 persons. Meanwhile, artillery and tanks shelled targets east of the city. Fatalities were coded as at least 5.",5,,1753955113
PSE49932,4/1/2024,2024,1,Political violence,Explosions/Remote violence,Air/drone strike,Military Forces of Israel (2022-),,8,Civilians (Palestine),Refugees/IDPs (Palestine),7,78,Civilian targeting,275,Middle East,Palestine,Gaza Strip,Rafah,,Brazil Camp,31.2718,34.2532,1,Newpress; Quds News Network; Twitter,New media-National,"On 1 April 2024, Israeli warplanes struck targets in Brazil Camp refugee camp (Rafah, Gaza Strip), leaving 6 fatalities.",6,,1753955113
PSE49921,4/1/2024,2024,1,Political violence,Explosions/Remote violence,Air/drone strike,Military Forces of Israel (2022-),,8,Civilians (International),Aid Workers (International),7,78,Civilian targeting,275,Middle East,Palestine,Gaza Strip,Deir El Balah,,Al Brawk,31.4204,34.339,2,Dunia Al Watan; Ma'an News Agency; Newpress; Palestine News and Information Agency; Times of Israel; Twitter,New media-National,"On 1 April 2024, Israeli warplanes struck a convoy consisting of 3 vehicles carrying international aid workers from the World Central Kitchen while driving on the coastal road west of Deir al Balah, coded to Al Brawk (Deir El Balah, Gaza Strip). As a result, 7 international aid workers were killed. The victims had Australia, Poland, United Kingdom, Palestine and dual Canada-U.S. citizenships. IDF admitted the incident took place my mistake and promised a thorough investigation. This event involved violence over aid.",7,,1767742780
PSE49970,4/2/2024,2024,1,Political violence,Explosions/Remote violence,Air/drone strike,Military Forces of Israel (2022-),,8,Civilians (Palestine),,7,78,Civilian targeting,275,Middle East,Palestine,Gaza Strip,Khan Yunis,,Khan Yunis - City Centre,31.3419,34.3015,1,Palestine News and Information Agency,National,"On 2 April 2024, Israeli warplanes struck houses in Khan Yunis - City Centre (Khan Yunis, Gaza Strip), leaving fatalities and injuries. Unspecified number of fatalities coded as 10. Also, 3 Palestinians were killed in an airstrike that targeted the Paltel headquarters in the city centre. Total fatalities coded as 13.",13,,1753955113
PSE49977,4/2/2024,2024,1,Political violence,Explosions/Remote violence,Air/drone strike,Military Forces of Israel (2022-),,8,Civilians (Palestine),,7,78,Civilian targeting,275,Middle East,Palestine,Gaza Strip,Deir El Balah,,An Nusayrat - West,31.4525,34.3756,1,Arab 48; Ma'an News Agency; Newpress; Palestine News and Information Agency; Quds News Network; Twitter,New media-National,"On 2 April 2024, Israeli warplanes struck a house west of An Nusayrat camp (An Nusayrat - West, Deir El Balah, Gaza Strip), leaving 6 fatalities, including 2 women and a child.",6,,1753955113
PSE50017,4/2/2024,2024,1,Political violence,Explosions/Remote violence,Shelling/artillery/missile attack,Military Forces of Israel (2022-),,8,Civilians (Palestine),,7,78,Civilian targeting,275,Middle East,Palestine,Gaza Strip,Deir El Balah,,Deir al Balah Camp,31.4249,34.34,2,Arab 48; PLO Negotiations Affairs Department; Quds News Network; Twitter,Other-New media,"On 2 April 2024, Israeli artillery and tanks shelled targets east of Deir El Balah including Abu Al Ajin area, coded to Deir al Balah Camp (Deir al Balah, Gaza Strip), killing 2 Palestinians and injuring others.",2,,1765850627
PSE49969,4/2/2024,2024,1,Political violence,Explosions/Remote violence,Air/drone strike,Military Forces of Israel (2022-),,8,Civilians (Palestine),,7,78,Civilian targeting,275,Middle East,Palestine,Gaza Strip,Rafah,,Tal as Sultan,31.3098,34.2414,2,Ma'an News Agency; Newpress; Palestine News and Information Agency; Quds News Network; Twitter,New media-National,"On 2 April 2024, Israeli warplanes struck a house west of Rafah city, coded to Tal as Sultan (Rafah, Gaza Strip), leaving 10 fatalities (including children) and several injuries.",10,,1762829569
PSE49967,4/2/2024,2024,1,Political violence,Explosions/Remote violence,Air/drone strike,Military Forces of Israel (2022-),,8,Civilians (Palestine),,7,78,Civilian targeting,275,Middle East,Palestine,Gaza Strip,Khan Yunis,,Bani Suheila,31.3424,34.325,2,Palestine News and Information Agency; Palestinian Ministry of Health; PLO Negotiations Affairs Department,Other-National,"On 2 April 2024, Israeli warplanes struck houses east of Khan Yunis, coded to Bani Suheila (Khan Yunis, Gaza Strip), leaving fatalities and injuries. Meanwhile, artillery and tanks shelled targets east of the city. Casualties unknown. [Palestinian Ministry of Health reported 32975 fatalities upto 2 April 2024. 13 fatalities not attributed to specific events split across 2 events on 2 April. 7 fatalities coded to this event.]",7,,1753955113
PSE49971,4/2/2024,2024,1,Political violence,Explosions/Remote violence,Air/drone strike,Military Forces of Israel (2022-),,8,Civilians (Palestine),Muslim Group (Palestine),7,78,Civilian targeting,275,Middle East,Palestine,Gaza Strip,Deir El Balah,,Deir al Balah,31.4178,34.3503,1,Palestine News and Information Agency; Palestinian Ministry of Health; Quds News Network; Twitter,Other-New media,"On 2 April 2024, Israeli warplanes struck the Al Bashir mosque in Deir al Balah city (Deir El Balah, Gaza Strip), leaving fatalities and injuries. [Palestinian Ministry of Health reported 32975 fatalities upto 2 April 2024. 13 fatalities not attributed to specific events split across 2 events on 2 April. 6 fatalities coded to this event.]",6,,1753955113
PSE50024,4/2/2024,2024,1,Political violence,Explosions/Remote violence,Shelling/artillery/missile attack,Military Forces of Israel (2022-),,8,Civilians (Palestine),,7,78,Civilian targeting,275,Middle East,Palestine,Gaza Strip,Gaza City,,Gaza - Ash Shaykh Ijlin,31.5098,34.4274,1,Ma'an News Agency; Palestine News and Information Agency; Quds News Network; Twitter,New media-National,"On 2 April 2024, Israeli artillery struck targets and opened fire toward Palestinian houses in Gaza - Ash Shaykh Ijlin (Gaza City, Gaza Strip). Casualties unknown.",0,,1753955113
PSE49974,4/2/2024,2024,1,Political violence,Explosions/Remote violence,Air/drone strike,Military Forces of Israel (2022-),,8,Civilians (Palestine),,7,78,Civilian targeting,275,Middle East,Palestine,Gaza Strip,Gaza City,,Gaza - Az Zaytun,31.4964,34.4522,1,Palestine News and Information Agency; Quds News Network; Twitter,New media-National,"On 2 April 2024, Israeli warplanes struck 2 houses in Gaza - Az Zaytun (Gaza City, Gaza Strip), leaving 3 fatalities and 6 injuries.",3,,1759790002
PSE50027,4/3/2024,2024,1,Political violence,Explosions/Remote violence,Air/drone strike,Military Forces of Israel (2022-),,8,Civilians (Palestine),,7,78,Civilian targeting,275,Middle East,Palestine,Gaza Strip,Khan Yunis,,Khan Yunis - West (Municipal Stadium),31.3484,34.2961,2,Arab 48; Palestine News and Information Agency; Quds News Network; Twitter,New media-National,"On 3 April 2024, Israeli warplanes struck a group of Palestinians west of Khan Yunis (coded to Khan Yunis - West (Municipal Stadium), Gaza Strip), leaving one fatality and several injuries. Meanwhile, tanks and artillery struck targets and opened fire west of the city. Total fatalities coded at least 1.",1,,1753955113
PSE50047,4/3/2024,2024,1,Political violence,Explosions/Remote violence,Shelling/artillery/missile attack,Military Forces of Israel (2022-),,8,Civilians (Palestine),Refugees/IDPs (Palestine),7,78,Civilian targeting,275,Middle East,Palestine,Gaza Strip,Khan Yunis,,Al Mawasi (Khan Yunis),31.3482,34.2547,1,Palestine News and Information Agency; Quds News Network; Twitter,New media-National,"On 3 April 2024, Israeli gunboats opened fire toward Palestinian houses and displaced people tents in Al Mawasi (Khan Yunis), Gaza Strip. As a result, 4 people were injured including a child.",0,,1762829569
PSE50052,4/3/2024,2024,1,Political violence,Explosions/Remote violence,Shelling/artillery/missile attack,Military Forces of Israel (2022-),,8,Civilians (Palestine),Refugees/IDPs (Palestine),7,78,Civilian targeting,275,Middle East,Palestine,Gaza Strip,Khan Yunis,,Al Qararah,31.3739,34.3409,1,Arab 48; Palestine News and Information Agency,National,"On 3 April 2024, Israeli forces opened fire and injured displaced people in Mawasi of Al Qararah (Khan Yunis, Gaza Strip).",0,,1753955113
PSE50031,4/3/2024,2024,1,Political violence,Explosions/Remote violence,Air/drone strike,Military Forces of Israel (2022-),,8,Civilians (Palestine),,7,78,Civilian targeting,275,Middle East,Palestine,Gaza Strip,Deir El Balah,,Deir al Balah,31.4178,34.3503,1,Palestine News and Information Agency; Quds News Network; Twitter,New media-National,"On 3 April 2024, Israeli warplanes struck targets and houses in Deir al Balah city (Deir El Balah, Gaza Strip), leaving one fatality and several injuries.",1,,1753955113
PSE50032,4/3/2024,2024,1,Political violence,Explosions/Remote violence,Air/drone strike,Military Forces of Israel (2022-),,8,Civilians (Palestine),,7,78,Civilian targeting,275,Middle East,Palestine,Gaza Strip,Deir El Balah,,Az Zawayda,31.4284,34.366,1,Palestine News and Information Agency; Quds News Network; Twitter,New media-National,"On 3 April 2024, Israeli warplanes struck land and a house in Az Zawayda (Deir El Balah, Gaza Strip), leaving several injuries.",0,,1767742780
PSE50034,4/3/2024,2024,1,Political violence,Explosions/Remote violence,Air/drone strike,Military Forces of Israel (2022-),,8,Civilians (Palestine),Refugees/IDPs (Palestine),7,78,Civilian targeting,275,Middle East,Palestine,Gaza Strip,Deir El Balah,,Al Maghazi,31.4214,34.3865,1,Liveuamap; Palestine News and Information Agency; Quds News Network; Twitter,Local partner-New media,"On 3 April 2024, Israeli warplanes struck a house in Al Maghazi refugee camp (Deir El Balah, Gaza Strip), leaving at least 2 fatalities and 15 injuries.",2,,1753955113
PSE50037,4/3/2024,2024,1,Political violence,Explosions/Remote violence,Air/drone strike,Military Forces of Israel (2022-),,8,Civilians (Palestine),,7,78,Civilian targeting,275,Middle East,Palestine,Gaza Strip,Deir El Balah,,Wadi as Salqa,31.4005,34.3375,2,Palestine News and Information Agency,National,"On 3 April 2024, Israeli warplanes struck the Al Baraka area south of Deir al Balah, coded to Wadi as Salqa (Deir El Balah, Gaza Strip), leaving at least 2 fatalities and several injuries.",2,,1753955113
PSE50039,4/3/2024,2024,1,Political violence,Explosions/Remote violence,Shelling/artillery/missile attack,Military Forces of Israel (2022-),,8,Civilians (Palestine),,7,78,Civilian targeting,275,Middle East,Palestine,Gaza Strip,Deir El Balah,,Deir al Balah Camp,31.4249,34.34,2,Arab 48; Newpress; Palestine News and Information Agency; PLO Negotiations Affairs Department; Quds News Network; Twitter,Other-New media,"On 3 April 2024, Israeli artillery and tanks shelled targets east of Deir El Balah, coded to Deir al Balah Camp (Deir al Balah, Gaza Strip). Also, 3 Palestinians were killed southeast of Deir El Balah (coded to Deir al Balah Camp) in artillery fire that targeted houses.",3,,1765850627
PSE50051,4/3/2024,2024,1,Political violence,Explosions/Remote violence,Shelling/artillery/missile attack,Military Forces of Israel (2022-),,8,Civilians (Palestine),,7,78,Civilian targeting,275,Middle East,Palestine,Gaza Strip,Deir El Balah,,Al Burayj,31.4394,34.4031,2,Palestine News and Information Agency,National,"On 3 April 2024, Israeli artillery struck east of Al Burayj camp (Deir El Balah, Gaza Strip), leaving one fatality and one injury in critical condition.",1,,1753955113
PSE50056,4/3/2024,2024,1,Political violence,Explosions/Remote violence,Air/drone strike,Military Forces of Israel (2022-),,8,Civilians (Palestine),,7,78,Civilian targeting,275,Middle East,Palestine,Gaza Strip,Deir El Balah,,Al Maghazi,31.4214,34.3865,2,Quds News Network; Twitter,New media-National,"On 3 April 2024, Israeli warplanes struck a house west of Al Maghazi camp (Deir El Balah, Gaza Strip) leaving at least 2 fatalities and several injuries.",2,,1753955113
PSE50046,4/3/2024,2024,1,Political violence,Explosions/Remote violence,Shelling/artillery/missile attack,Military Forces of Israel (2022-),,8,Civilians (Palestine),Refugees/IDPs (Palestine),7,78,Civilian targeting,275,Middle East,Palestine,Gaza Strip,Rafah,,Al Mawasi (Rafah),31.3294,34.2299,1,Palestine News and Information Agency,National,"On 3 April 2024, Israeli gunboats opened fire toward Palestinian houses and displaced peoples' tents in Al Mawasi (Rafah), Gaza Strip. Casualties unknown.",0,,1762829569
PSE50021,4/3/2024,2024,1,Political violence,Explosions/Remote violence,Shelling/artillery/missile attack,Military Forces of Israel (2022-),,8,Civilians (Palestine),,7,78,Civilian targeting,275,Middle East,Palestine,Gaza Strip,Khan Yunis,,Khan Yunis,31.3502,34.3081,1,Palestine News and Information Agency,National,"On 3 April 2024, Israeli artillery shelled targets and houses in Khan Yunis city (Khan Yunis, Gaza Strip), leaving 5 fatalities and 10 injuries.",5,,1753955113
PSE50035,4/3/2024,2024,1,Political violence,Explosions/Remote violence,Air/drone strike,Military Forces of Israel (2022-),,8,Civilians (Palestine),,7,78,Civilian targeting,275,Middle East,Palestine,Gaza Strip,Rafah,,Tal as Sultan,31.3098,34.2414,1,Newpress; Palestine News and Information Agency; Palestinian Ministry of Health; Quds News Network; Twitter,Other-New media,"On 3 April 2024, Israeli warplanes struck a house in Tal as Sultan (Rafah, Gaza Strip), leaving fatalities and injuries. [Palestinian Ministry of Health reported 33037 fatalities upto 3 April. 37 fatalities not attributed to specific events added to 1 event on 3 April. 37 fatalities coded to this event.]",37,,1762829569
PSE50041,4/3/2024,2024,1,Political violence,Explosions/Remote violence,Shelling/artillery/missile attack,Military Forces of Israel (2022-),,8,Civilians (Palestine),,7,78,Civilian targeting,275,Middle East,Palestine,Gaza Strip,Gaza City,,Gaza - Ash Shaykh Ijlin,31.5098,34.4274,1,Palestine News and Information Agency,National,"On 3 April 2024, Israeli artillery shelled targets in Gaza - Ash Shaykh Ijlin (Gaza City, Gaza Strip), leaving injuries.",0,,1753955113
PSE50020,4/3/2024,2024,1,Political violence,Explosions/Remote violence,Air/drone strike,Military Forces of Israel (2022-),,8,Civilians (Palestine),,7,78,Civilian targeting,275,Middle East,Palestine,Gaza Strip,Rafah,,Yibna,31.2842,34.2482,2,Arab 48; Palestine News and Information Agency; PLO Negotiations Affairs Department; Quds News Network,Other-National,"On 3 April 2024, Israeli warplanes struck a house northeast of Rafah, coded to Yibna (Rafah, Gaza Strip), leaving at least one fatality and several injuries. Meanwhile, artillery and tanks shelled targets east of Rafah. Fatalities coded at least 1.",1,,1753955113
PSE50044,4/3/2024,2024,1,Political violence,Explosions/Remote violence,Air/drone strike,Military Forces of Israel (2022-),,8,Civilians (Palestine),,7,78,Civilian targeting,275,Middle East,Palestine,Gaza Strip,Gaza City,,Al Mughraqa,31.4675,34.4097,1,Arab 48; Quds News Network; Twitter,New media-National,"On 3 April 2024, Israeli warplanes and UAVs struck targets in Al Mughraqa (Gaza City, Gaza Strip), leaving 2 fatalities. Meanwhile, tanks and artillery shelled the same area. Fatalities coded at least 2.",2,,1753955113
PSE50042,4/3/2024,2024,1,Political violence,Explosions/Remote violence,Shelling/artillery/missile attack,Military Forces of Israel (2022-),,8,Civilians (Palestine),,7,78,Civilian targeting,275,Middle East,Palestine,Gaza Strip,Gaza City,,Gaza - Tal el Hawa,31.5041,34.435,1,Palestine News and Information Agency,National,"On 3 April 2024, Israeli artillery shelled targets in Gaza - Tal el Hawa (Gaza City, Gaza Strip), leaving injuries.",0,,1759790002
PSE50045,4/3/2024,2024,1,Political violence,Explosions/Remote violence,Shelling/artillery/missile attack,Military Forces of Israel (2022-),,8,Civilians (Palestine),,7,78,Civilian targeting,275,Middle East,Palestine,Gaza Strip,Gaza City,,Gaza - Az Zaytun,31.4964,34.4522,1,Newpress; Palestine News and Information Agency; Quds News Network; Twitter,New media-National,"On 3 April 2024, Israeli artillery shelled targets in Gaza - Az Zaytun (Gaza City, Gaza Strip), leaving injuries. Also, Israeli forces opened fire and killed a Palestinian near the Kuwait roundabout in the Az Zaytun. Fatalities coded 1.",1,,1759790002
PSE50099,4/4/2024,2024,1,Political violence,Explosions/Remote violence,Shelling/artillery/missile attack,Military Forces of Israel (2022-),,8,Civilians (Palestine),,7,78,Civilian targeting,275,Middle East,Palestine,Gaza Strip,Khan Yunis,,Khan Yunis - West (Municipal Stadium),31.3484,34.2961,2,Palestine News and Information Agency,National,"On 4 April 2024, Israeli artillery struck targets near the Nasser Hospital west of Khan Yunis (coded to Khan Yunis - West (Municipal Stadium), Gaza Strip), leaving injuries.",0,,1753955113
PSE50100,4/4/2024,2024,1,Political violence,Explosions/Remote violence,Shelling/artillery/missile attack,Military Forces of Israel (2022-),,8,Civilians (Palestine),,7,78,Civilian targeting,275,Middle East,Palestine,Gaza Strip,Khan Yunis,,Khan Yunis - Al Amal,31.3544,34.3007,1,Palestine News and Information Agency,National,"On 4 April 2024, Israeli artillery struck targets in Khan Yunis - Al Amal (Khan Yunis, Gaza Strip), leaving injuries.",0,,1753955113
PSE50090,4/4/2024,2024,1,Political violence,Explosions/Remote violence,Air/drone strike,Military Forces of Israel (2022-),,8,Civilians (Palestine),Refugees/IDPs (Palestine),7,78,Civilian targeting,275,Middle East,Palestine,Gaza Strip,Deir El Balah,,An Nusayrat,31.4486,34.3925,1,Palestine News and Information Agency; Quds News Network; Twitter,New media-National,"On 4 April 2024, Israeli warplanes struck a house in An Nusayrat refugee camp (Deir El Balah, Gaza Strip), leaving 2 fatalities and several injuries.",2,,1753955113
PSE50093,4/4/2024,2024,1,Political violence,Explosions/Remote violence,Shelling/artillery/missile attack,Military Forces of Israel (2022-),,8,Civilians (Palestine),,7,78,Civilian targeting,275,Middle East,Palestine,Gaza Strip,Deir El Balah,,Wadi as Salqa,31.4005,34.3375,2,Palestine News and Information Agency; Quds News Network; Twitter,New media-National,"On 4 April 2024, Israeli artillery struck targets in Al Matahen area south of Deir al Balah city, coded to Wadi as Salqa (Deir El Balah, Gaza Strip), leaving 2 fatalities.",2,,1753955113
PSE50096,4/4/2024,2024,1,Political violence,Explosions/Remote violence,Air/drone strike,Military Forces of Israel (2022-),,8,Civilians (Palestine),,7,78,Civilian targeting,275,Middle East,Palestine,Gaza Strip,Khan Yunis,,Al Qararah,31.3739,34.3409,1,Palestine News and Information Agency; Palestinian Ministry of Health,Other-National,"On 4 April 2024, Israeli warplanes opened fire toward Palestinian houses in Al Qararah (Khan Yunis, Gaza Strip) leading to unspecified fatalities. [Palestinian Ministry of Health reported 33091 fatalities upto 4 April 2024. 33 fatalities not attributed to specific events split across 2 events on 4 April. 16 fatalities coded to this event.]",16,,1753955113
PSE50098,4/4/2024,2024,1,Political violence,Explosions/Remote violence,Air/drone strike,Military Forces of Israel (2022-),,8,Civilians (Palestine),,7,78,Civilian targeting,275,Middle East,Palestine,Gaza Strip,Rafah,,Tal as Sultan,31.3098,34.2414,1,Arab 48; Palestinian Ministry of Health,Other-National,"On 4 April 2024, Israeli warplanes struck a house in Tal as Sultan (Rafah, Gaza Strip) leading to unspecified fatalities. [Palestinian Ministry of Health reported 33091 fatalities upto 4 April 2024. 33 fatalities not attributed to specific events split across 2 events on 4 April. 17 fatalities coded to this event.]",17,,1762829569
PSE50107,4/4/2024,2024,1,Political violence,Explosions/Remote violence,Shelling/artillery/missile attack,Military Forces of Israel (2022-),,8,Civilians (Palestine),Health Workers (Palestine),7,78,Civilian targeting,275,Middle East,Palestine,Gaza Strip,North Gaza,,Beit Hanoun,31.5405,34.5402,1,Arab 48; Newpress; Quds News Network; Twitter,New media-National,"On 4 April 2024, Israeli artillery shelled the Beit Hanoun (North Gaza, Gaza Strip), leaving 3 fatalities including a paramedic.",3,,1753955113
PSE50094,4/4/2024,2024,1,Political violence,Explosions/Remote violence,Shelling/artillery/missile attack,Military Forces of Israel (2022-),,8,Civilians (Palestine),,7,78,Civilian targeting,275,Middle East,Palestine,Gaza Strip,Gaza City,,Gaza - Az Zaytun,31.4964,34.4522,1,Palestine News and Information Agency,National,"On 4 April 2024, Israeli artillery struck houses in Gaza - Az Zaytun (Gaza City, Gaza Strip), leaving injuries.",0,,1759790002
PSE50095,4/4/2024,2024,1,Political violence,Explosions/Remote violence,Shelling/artillery/missile attack,Military Forces of Israel (2022-),,8,Civilians (Palestine),,7,78,Civilian targeting,275,Middle East,Palestine,Gaza Strip,Gaza City,,Gaza - Tal el Hawa,31.5041,34.435,1,Palestine News and Information Agency,National,"On 4 April 2024, Israeli artillery struck houses in Gaza - Tal el Hawa (Gaza City, Gaza Strip), leaving injuries.",0,,1759790002
PSE50089,4/4/2024,2024,1,Political violence,Explosions/Remote violence,Air/drone strike,Military Forces of Israel (2022-),,8,Civilians (Palestine),,7,78,Civilian targeting,275,Middle East,Palestine,Gaza Strip,Rafah,,Rafah,31.287,34.2595,1,Al-Ittihad; Liveuamap; Palestine News and Information Agency; Quds News Network; Twitter,Local partner-New media,"On 4 April 2024, Israeli warplanes struck 2 houses in Rafah city (Rafah, Gaza Strip), leaving 7 fatalities, including 3 children, and several injuries.",7,,1762829569
PSE50088,4/4/2024,2024,1,Political violence,Explosions/Remote violence,Air/drone strike,Military Forces of Israel (2022-),,8,Civilians (Palestine),,7,78,Civilian targeting,275,Middle East,Palestine,Gaza Strip,Rafah,,Al Junainah,31.2642,34.2636,1,Al-Ittihad; Palestine News and Information Agency; PLO Negotiations Affairs Department,Other-National,"On 4 April 2024, Israeli warplanes struck a house in Al Junainah (Rafah, Gaza Strip), killing one woman at least. Meanwhile, artillery and tanks shelled targets east of Rafah. Fatalities coded at least 1.",1,,1753955113
PSE50165,4/5/2024,2024,1,Political violence,Explosions/Remote violence,Air/drone strike,Military Forces of Israel (2022-),,8,Civilians (Palestine),,7,78,Civilian targeting,275,Middle East,Palestine,Gaza Strip,Deir El Balah,,An Nusayrat - North,31.4591,34.3923,1,Arab 48; Newpress; Twitter,New media-National,"On 5 April 2024, Israeli warplanes struck a house north of An Nusayrat refugee camp (An Nusayrat - North, Deir El Balah, Gaza Strip), leaving 3 fatalities.",3,,1753955113
PSE50155,4/5/2024,2024,1,Political violence,Explosions/Remote violence,Air/drone strike,Military Forces of Israel (2022-),,8,Civilians (Palestine),,7,78,Civilian targeting,275,Middle East,Palestine,Gaza Strip,North Gaza,,Jabalya,31.5272,34.4835,1,Arab 48; Newpress; Palestinian Ministry of Health; Quds News Network; Twitter,Other-New media,"On 5 April 2024, Israeli warplanes struck houses in Jabalya town while artillery targeted the eastern areas of town (North Gaza, Gaza Strip) leaving unspecified fatalities. [Palestinian Ministry of Health reported 33175 fatalities upto 5 April. 41 fatalities not attributed to specific events added to 1 event on 5 April. 41 fatalities coded to this event.]",41,,1759790002
PSE50330,4/6/2024,2024,1,Political violence,Explosions/Remote violence,Air/drone strike,Military Forces of Israel (2022-),,8,Civilians (Palestine),,7,78,Civilian targeting,275,Middle East,Palestine,Gaza Strip,Deir El Balah,,An Nusayrat - North,31.4591,34.3923,1,Arab 48; Newpress; Palestine News and Information Agency; Quds News Network; Twitter,New media-National,"On 6 April 2024, Israeli warplanes conducted airstrikes and artillery shelled houses north of An Nusayrat camp (An Nusayrat - North, Deir El Balah, Gaza Strip), leaving injuries.",0,,1753955113
PSE50325,4/6/2024,2024,1,Political violence,Explosions/Remote violence,Shelling/artillery/missile attack,Military Forces of Israel (2022-),,8,Civilians (Palestine),,7,78,Civilian targeting,275,Middle East,Palestine,Gaza Strip,Gaza City,,Gaza - Sabra,31.5086,34.4493,1,Palestine News and Information Agency,National,"On 6 April 2024, Israeli artillery shelled houses in Gaza - Sabra (Gaza City, Gaza Strip). Casualties unknown.",0,,1759790002
PSE50334,4/6/2024,2024,1,Political violence,Explosions/Remote violence,Air/drone strike,Military Forces of Israel (2022-),,8,Civilians (Palestine),,7,78,Civilian targeting,275,Middle East,Palestine,Gaza Strip,Khan Yunis,,Khan Yunis - West (Municipal Stadium),31.3484,34.2961,2,Newpress; Palestine News and Information Agency; Quds News Network; Twitter,New media-National,"On 6 April 2024, Israeli warplanes struck targets west of Khan Yunis (coded to Khan Yunis - West (Municipal Stadium), Gaza Strip), leaving dozens of fatalities and injuries, coded as 6. Meanwhile, the artillery shelled targets west of the Khan Yunis. Casualties unknown.",6,,1753955113
PSE50319,4/6/2024,2024,1,Political violence,Explosions/Remote violence,Air/drone strike,Military Forces of Israel (2022-),,8,Civilians (Palestine),,7,78,Civilian targeting,275,Middle East,Palestine,Gaza Strip,Gaza City,,Gaza - Shujaiyya,31.4988,34.4699,2,Newpress; Palestinian Ministry of Health; PLO Negotiations Affairs Department; Twitter,Other-New media,"On 6 April 2024, Israeli warplanes struck a house in Al Mansourah area east of Shujaiyya (Gaza City, Gaza Strip) leading to unspecified fatalities. Also, artillery and tanks shelled targets east of Gaza City, coded to Gaza - Shujaiyya. Casualties unknown. [Palestinian Ministry of Health reported 33175 fatalities upto 6 April 2024. 25 fatalities not attributed to specific events split across 2 events on 6 April. 12 fatalities coded to this event.]",12,,1759790002
PSE50341,4/6/2024,2024,1,Political violence,Explosions/Remote violence,Air/drone strike,Military Forces of Israel (2022-),,8,Civilians (Palestine),,7,78,Civilian targeting,275,Middle East,Palestine,Gaza Strip,Rafah,,An Nasr,31.2814,34.3025,1,Arab 48; Palestinian Ministry of Health; Quds News Network; Twitter,Other-New media,"On 6 April 2024, Israeli warplanes struck a house in An Nasr (Rafah, Gaza Strip) leading to unspecified fatalities. [Palestinian Ministry of Health reported 33175 fatalities upto 6 April 2024. 25 fatalities not attributed to specific events split across 2 events on 6 April. 13 fatalities coded to this event.]",13,,1753955113
PSE50327,4/6/2024,2024,1,Political violence,Explosions/Remote violence,Shelling/artillery/missile attack,Military Forces of Israel (2022-),,8,Civilians (Palestine),,7,78,Civilian targeting,275,Middle East,Palestine,Gaza Strip,Gaza City,,Gaza - Ash Shaykh Ijlin,31.5098,34.4274,1,Palestine News and Information Agency; Quds News Network; Twitter,New media-National,"On 6 April 2024, Israeli artillery shelled houses in Gaza - Ash Shaykh Ijlin (Gaza City, Gaza Strip). Casualties unknown.",0,,1753955113
PSE50329,4/6/2024,2024,1,Political violence,Explosions/Remote violence,Air/drone strike,Military Forces of Israel (2022-),,8,Civilians (Palestine),,7,78,Civilian targeting,275,Middle East,Palestine,Gaza Strip,Gaza City,,Al Zahra,31.4716,34.4013,1,Newpress; Palestine News and Information Agency; Twitter,New media-National,"On 6 April 2024, Israeli warplanes conducted airstrikes and artillery shelled houses in Al Zahra (Gaza City, Gaza Strip), leaving injuries.",0,,1753955113
PSE50328,4/6/2024,2024,1,Political violence,Explosions/Remote violence,Air/drone strike,Military Forces of Israel (2022-),,8,Civilians (Palestine),,7,78,Civilian targeting,275,Middle East,Palestine,Gaza Strip,Gaza City,,Al Mughraqa,31.4675,34.4097,1,Newpress; Palestine News and Information Agency; Quds News Network; Twitter,New media-National,"On 6 April 2024, Israeli warplanes conducted airstrikes and artillery shelled houses in Al Mughraqa (Gaza City, Gaza Strip), leaving injuries.",0,,1753955113
PSE50324,4/6/2024,2024,1,Political violence,Explosions/Remote violence,Shelling/artillery/missile attack,Military Forces of Israel (2022-),,8,Civilians (Palestine),,7,78,Civilian targeting,275,Middle East,Palestine,Gaza Strip,Gaza City,,Gaza - Az Zaytun,31.4964,34.4522,1,Palestine News and Information Agency,National,"On 6 April 2024, Israeli artillery shelled houses in Gaza - Az Zaytun (Gaza City, Gaza Strip), leaving 3 fatalities and several injuries.",3,,1759790002
PSE50326,4/6/2024,2024,1,Political violence,Explosions/Remote violence,Shelling/artillery/missile attack,Military Forces of Israel (2022-),,8,Civilians (Palestine),,7,78,Civilian targeting,275,Middle East,Palestine,Gaza Strip,Gaza City,,Gaza - Tal el Hawa,31.5041,34.435,1,Palestine News and Information Agency; Quds News Network; Twitter,New media-National,"On 6 April 2024, Israeli artillery shelled houses in Gaza - Tal el Hawa (Gaza City, Gaza Strip). Casualties unknown.",0,,1759790002
PSE50358,4/7/2024,2024,1,Political violence,Explosions/Remote violence,Air/drone strike,Military Forces of Israel (2022-),,8,Civilians (Palestine),,7,78,Civilian targeting,275,Middle East,Palestine,Gaza Strip,Khan Yunis,,Bani Suheila,31.3424,34.325,1,Arab 48; Newpress; Palestine News and Information Agency; Quds News Network; Twitter,New media-National,"On 7 April 2024, Israeli warplanes struck targets in Bani Suheila and in Al Zanneh area in the Bani Suheila (Khan Yunis, Gaza Strip), leaving 2 fatalities and 7 injuries.",2,,1753955113
PSE50360,4/7/2024,2024,1,Political violence,Explosions/Remote violence,Air/drone strike,Military Forces of Israel (2022-),,8,Civilians (Palestine),,7,78,Civilian targeting,275,Middle East,Palestine,Gaza Strip,Gaza City,,Gaza - Shujaiyya,31.4988,34.4699,2,Arab 48; Newpress; Palestine News and Information Agency; Quds News Network; Twitter,New media-National,"On 7 April 2024, Israeli warplanes struck a house east of Gaza - Shujaiyya (Gaza City, Gaza Strip), killing at least 6 Palestinians and injuring another 10 persons, including women and children. Also, warplanes destroyed a residential complex in the same location. Fatalities at least 6.",6,,1759790002
PSE50363,4/7/2024,2024,1,Political violence,Explosions/Remote violence,Shelling/artillery/missile attack,Military Forces of Israel (2022-),,8,Civilians (Palestine),,7,78,Civilian targeting,275,Middle East,Palestine,Gaza Strip,Gaza City,,Gaza - Northern Remal,31.524,34.4505,2,Palestine News and Information Agency,National,"On 7 April 2024, Israeli tanks opened fire toward Palestinian houses west of Gaza City, coded to Gaza - Northern Remal (Gaza City, Gaza Strip). Casualties unknown.",0,,1759790002
PSE50367,4/7/2024,2024,1,Political violence,Explosions/Remote violence,Air/drone strike,Military Forces of Israel (2022-),,8,Civilians (Palestine),,7,78,Civilian targeting,275,Middle East,Palestine,Gaza Strip,Rafah,,An Nasr,31.2814,34.3025,1,Arab 48; Palestine News and Information Agency; Quds News Network; Twitter,New media-National,"On 7 April 2024, Israeli warplanes struck a group of Palestinians in An Nasr (Rafah, Gaza Strip), leaving at least one fatality and a number of injuries.",1,,1753955113
PSE50366,4/7/2024,2024,1,Political violence,Explosions/Remote violence,Air/drone strike,Military Forces of Israel (2022-),,8,Civilians (Palestine),Labor Group (Palestine),7,78,Civilian targeting,275,Middle East,Palestine,Gaza Strip,Deir El Balah,,An Nusayrat - South,31.4389,34.3815,1,Arab 48; Palestine News and Information Agency; Quds News Network; Twitter,New media-National,"On 7 April 2024, Israeli warplanes struck a house and a commercial facility south of An Nusayrat camp (An Nusayrat - South, Deir El Balah, Gaza Strip), leaving 6 fatalities and several injuries.",6,,1753955113
PSE50372,4/7/2024,2024,1,Political violence,Explosions/Remote violence,Air/drone strike,Military Forces of Israel (2022-),,8,Civilians (Palestine),Refugees/IDPs (Palestine),7,78,Civilian targeting,275,Middle East,Palestine,Gaza Strip,Deir El Balah,,Al Burayj,31.4394,34.4031,2,Newpress; Quds News Network; Twitter,New media-National,"On 7 April 2024, Israeli warplanes struck a group of Palestinians east of Al Burayj refugee camp (Deir El Balah, Gaza Strip), leaving one fatality.",1,,1753955113
PSE50365,4/7/2024,2024,1,Political violence,Explosions/Remote violence,Air/drone strike,Military Forces of Israel (2022-),,8,Civilians (Palestine),Refugees/IDPs (Palestine),7,78,Civilian targeting,275,Middle East,Palestine,Gaza Strip,Deir El Balah,,Al Burayj,31.4394,34.4031,1,Palestine News and Information Agency; Palestinian Ministry of Health,Other-National,"On 7 April 2024, Israeli warplanes struck a house in Al Burayj refugee camp (Deir El Balah, Gaza Strip) leading to unspecified fatalities. [Palestinian Ministry of Health reported 33207 fatalities upto 7 April 2024. 9 fatalities not attributed to specific events split across 3 events on 7 April. 3 fatalities coded to this event.]",3,,1753955113
PSE50359,4/7/2024,2024,1,Political violence,Explosions/Remote violence,Air/drone strike,Military Forces of Israel (2022-),,8,Civilians (Palestine),,7,78,Civilian targeting,275,Middle East,Palestine,Gaza Strip,Gaza City,,Al Zahra,31.4716,34.4013,1,Arab 48; Newpress; Palestine News and Information Agency; Quds News Network; Twitter,New media-National,"On 7 April 2024, Israeli warplanes struck a group of Palestinians in Al Zahra (Gaza City, Gaza Strip), killing 4 persons and injuring dozens.",4,,1753955113
PSE50357,4/7/2024,2024,1,Political violence,Explosions/Remote violence,Air/drone strike,Military Forces of Israel (2022-),,8,Civilians (Palestine),,7,78,Civilian targeting,275,Middle East,Palestine,Gaza Strip,Rafah,,Yibna,31.2842,34.2482,2,Arab 48; Palestine News and Information Agency; Palestinian Ministry of Health; PLO Negotiations Affairs Department; Quds News Network; Twitter,Other-New media,"On 7 April 2024, Israeli warplanes struck targets and houses in Al Junaina area east of Rafah, coded to Yibna (Rafah, Gaza Strip) leaving 2 injuries and unspecified fatalities. Also, Israeli artillery and tanks shelled targets in the east of the city. Casualties uknown. [Palestinian Ministry of Health reported 33207 fatalities upto 7 April 2024. 9 fatalities not attributed to specific events split across 3 events on 7 April. 3 fatalities coded to this event.]",3,,1753955113
PSE50361,4/7/2024,2024,1,Political violence,Explosions/Remote violence,Shelling/artillery/missile attack,Military Forces of Israel (2022-),,8,Civilians (Palestine),,7,78,Civilian targeting,275,Middle East,Palestine,Gaza Strip,Gaza City,,Gaza - Az Zaytun,31.4964,34.4522,1,Palestine News and Information Agency,National,"On 7 April 2024, Israeli artillery shelled houses in Gaza - Az Zaytun (Gaza City, Gaza Strip), leaving a number of injuries.",0,,1759790002
PSE50362,4/7/2024,2024,1,Political violence,Explosions/Remote violence,Shelling/artillery/missile attack,Military Forces of Israel (2022-),,8,Civilians (Palestine),,7,78,Civilian targeting,275,Middle East,Palestine,Gaza Strip,Gaza City,,Gaza - Tal el Hawa,31.5041,34.435,1,Palestine News and Information Agency,National,"On 7 April 2024, Israeli artillery shelled houses in Gaza - Tal el Hawa (Gaza City, Gaza Strip), leaving a number of injuries.",0,,1759790002
PSE50364,4/7/2024,2024,1,Political violence,Explosions/Remote violence,Shelling/artillery/missile attack,Military Forces of Israel (2022-),,8,Civilians (Palestine),,7,78,Civilian targeting,275,Middle East,Palestine,Gaza Strip,North Gaza,,Sheikh Zaid,31.5392,34.5117,1,Palestine News and Information Agency,National,"On 7 April 2024, Israeli artillery shelled towers in the Sheikh Zaid city (North Gaza, Gaza Strip), leaving a number of injuries.",0,,1759790002
PSE50374,4/7/2024,2024,1,Political violence,Explosions/Remote violence,Air/drone strike,Military Forces of Israel (2022-),,8,Civilians (Palestine),,7,78,Civilian targeting,275,Middle East,Palestine,Gaza Strip,Rafah,,Rafah,31.287,34.2595,1,Palestinian Ministry of Health; Quds News Network; Twitter,Other-New media,"On 7 April 2024, Israeli warplanes struck targets (including a house) in Rafah city (Rafah, Gaza Strip) leading to unspecified fatalities. [Palestinian Ministry of Health reported 33207 fatalities upto 7 April 2024. 9 fatalities not attributed to specific events split across 3 events on 7 April. 3 fatalities coded to this event.]",3,,1762829569
PSE50388,4/8/2024,2024,1,Political violence,Explosions/Remote violence,Shelling/artillery/missile attack,Military Forces of Israel (2022-),,8,Civilians (Palestine),,7,78,Civilian targeting,275,Middle East,Palestine,Gaza Strip,Khan Yunis,,Al Qararah,31.3739,34.3409,1,Palestine News and Information Agency,National,"On 8 April 2024, Israeli artillery struck targets in Al Qararah (Khan Yunis, Gaza Strip), leaving a number of injuries.",0,,1753955113
PSE50389,4/8/2024,2024,1,Political violence,Explosions/Remote violence,Air/drone strike,Military Forces of Israel (2022-),,8,Civilians (Palestine),Health Workers (Palestine),7,78,Civilian targeting,275,Middle East,Palestine,Gaza Strip,Gaza City,,Gaza - Northern Remal,31.524,34.4505,1,Newpress; Palestine News and Information Agency; Twitter,New media-National,"On 8 April 2024, Israeli warplanes struck near the Saraya junction in Gaza - Northern Remal (Gaza City, Gaza Strip), killing a Palestinian doctor.",1,,1759790002
PSE50387,4/8/2024,2024,1,Political violence,Explosions/Remote violence,Air/drone strike,Military Forces of Israel (2022-),,8,Civilians (Palestine),Refugees/IDPs (Palestine),7,78,Civilian targeting,275,Middle East,Palestine,Gaza Strip,Deir El Balah,,Deir al Balah,31.4178,34.3503,1,Ma'an News Agency; Palestine News and Information Agency; Quds News Network; Twitter,New media-National,"On 8 April 2024, Israeli warplanes struck a house in Deir al Balah (Deir El Balah, Gaza Strip), killing a woman. Also, the Israeli artillery targeted a structure hosting displaced people, leaving 2 fatalities. Fatalities were 3.",3,,1753955113
PSE50405,4/8/2024,2024,1,Political violence,Explosions/Remote violence,Shelling/artillery/missile attack,Military Forces of Israel (2022-),,8,Civilians (Palestine),,7,78,Civilian targeting,275,Middle East,Palestine,Gaza Strip,Deir El Balah,,Az Zawayda,31.4284,34.366,1,Quds News Network; Twitter,New media-National,"On 8 April 2024, Israeli artillery struck a house in Az Zawayda (Deir El Balah, Gaza Strip). Casualties unknown.",0,,1767742780
PSE50386,4/8/2024,2024,1,Political violence,Explosions/Remote violence,Air/drone strike,Military Forces of Israel (2022-),,8,Civilians (Palestine),Government of Palestine (2007-) Hamas Government in Gaza; Refugees/IDPs (Palestine),7,78,Civilian targeting,275,Middle East,Palestine,Gaza Strip,Deir El Balah,,Al Maghazi,31.4214,34.3865,1,Arutz Sheva; Dunia Al Watan; Newpress; Palestine News and Information Agency; Twitter,New media-National,"On 8 April 2024, Israeli artillery struck houses in Al Maghazi refugee camp (Deir El Balah, Gaza strip), killing 4 Palestinians, including women and children, and injuring others. Also, 5 Palestinians were killed including the mayor of Al Maghazi Municipality, in an airstrike targeted a building in Al Maghazi. Total fatalities were 9.",9,local administrators,1753955113
PSE50321,4/8/2024,2024,1,Political violence,Explosions/Remote violence,Air/drone strike,Military Forces of Israel (2022-),,8,Civilians (Palestine),,7,78,Civilian targeting,275,Middle East,Palestine,Gaza Strip,Gaza City,,Gaza - Shujaiyya,31.4988,34.4699,2,Arab 48; Palestine News and Information Agency; Palestinian Ministry of Health; PLO Negotiations Affairs Department,Other-National,"On 8 April 2024, Israeli warplanes struck Shujaiyah neighborhood and the artillery and tanks shelled east of Gaza City, coded to Gaza - Shujaiyya (Gaza City, Gaza Strip) leaving unspecified number of fatalities. [Palestinian Ministry of Health reported 33360 fatalities upto 8 April 2024. 32 fatalities not attributed to specific events split across 4 events on 8 April. 32 fatalities coded to this event.]",32,,1759790002
PSE50401,4/8/2024,2024,1,Political violence,Explosions/Remote violence,Air/drone strike,Military Forces of Israel (2022-),,8,Civilians (Palestine),,7,78,Civilian targeting,275,Middle East,Palestine,Gaza Strip,Deir El Balah,,An Nusayrat,31.4486,34.3925,1,Arab 48; Palestinian Ministry of Health; Quds News Network; Twitter,Other-New media,"On 8 April 2024, Israeli warplanes struck targets in An Nusayrat camp (Deir El Balah, Gaza Strip) leaving unspecified fatalities. [Palestinian Ministry of Health reported 33360 fatalities upto 8 April 2024. 32 fatalities not attributed to specific events split across 4 events on 8 April. 32 fatalities coded to this event.]",32,,1753955113
PSE50651,4/8/2024,2024,1,Political violence,Explosions/Remote violence,Air/drone strike,Military Forces of Israel (2022-),,8,Civilians (Palestine),,7,78,Civilian targeting,275,Middle East,Palestine,Gaza Strip,Khan Yunis,,Khan Yunis - City Centre,31.3419,34.3015,2,Arab 48; Palestinian Ministry of Health,Other-National,"On 8 April 2024, Israeli warplanes struck Khan Yunis (coded as Khan Yunis - City Centre, Gaza Strip) leaving unspecified fatalities. [Palestinian Ministry of Health reported 33360 fatalities upto 8 April 2024. 32 fatalities not attributed to specific events split across 4 events on 8 April. 33 fatalities coded to this event.]",33,,1753955113
PSE50395,4/8/2024,2024,1,Political violence,Explosions/Remote violence,Air/drone strike,Military Forces of Israel (2022-),,8,Civilians (Palestine),,7,78,Civilian targeting,275,Middle East,Palestine,Gaza Strip,Gaza City,,Al Zahra,31.4716,34.4013,1,Arab 48,National,"On 8 April 2024, Israeli warplanes struck a group of Palestinians in Al Zahra (Gaza City, Gaza Strip), leaving injuries.",0,,1753955113
PSE50404,4/8/2024,2024,1,Political violence,Explosions/Remote violence,Shelling/artillery/missile attack,Military Forces of Israel (2022-),,8,Civilians (Palestine),,7,78,Civilian targeting,275,Middle East,Palestine,Gaza Strip,Gaza City,,Gaza - Ash Shaykh Ijlin,31.5098,34.4274,1,Quds News Network; Twitter,New media-National,"On 8 April 2024, Israeli tanks opened fire at Palestinians who were trying to return to their houses in Gaza - Ash Shaykh Ijlin (Gaza City, Gaza Strip). Casualties unknown.",0,,1753955113
PSE50397,4/8/2024,2024,1,Political violence,Explosions/Remote violence,Shelling/artillery/missile attack,Military Forces of Israel (2022-),,8,Civilians (Palestine),,7,78,Civilian targeting,275,Middle East,Palestine,Gaza Strip,Deir El Balah,,Al Maghazi,31.4214,34.3865,2,Arab 48; Quds News Network; Twitter,New media-National,"On 8 April 2024, Israeli artillery struck targets east of Al Maghazi camp (Deir El Balah, Gaza Strip), killing a Palestinian woman.",1,,1753955113
PSE50394,4/8/2024,2024,1,Political violence,Explosions/Remote violence,Air/drone strike,Military Forces of Israel (2022-),,8,Civilians (Palestine),,7,78,Civilian targeting,275,Middle East,Palestine,Gaza Strip,Rafah,,Rafah,31.287,34.2595,1,Arab 48; Newpress; Palestinian Ministry of Health; Quds News Network; Twitter,Other-New media,"On 8 April 2024, Israeli warplanes struck targets in Rafah city and near the Kuwait hospital in the city (Rafah, Gaza Strip) leaving unspecified fatalities. [Palestinian Ministry of Health reported 33360 fatalities upto 8 April 2024. 32 fatalities not attributed to specific events split across 4 events on 8 April. 32 fatalities coded to this event.]",32,,1762829569
PSE50435,4/9/2024,2024,1,Political violence,Explosions/Remote violence,Air/drone strike,Military Forces of Israel (2022-),,8,Civilians (Palestine),,7,78,Civilian targeting,275,Middle East,Palestine,Gaza Strip,Gaza City,,Gaza - Shujaiyya,31.4988,34.4699,1,Arab 48,National,"On 9 April 2024, Israeli warplanes struck a house in Gaza - Shujaiyya (Gaza City, Gaza Strip). Casualties unknown.",0,,1759790002
PSE50412,4/9/2024,2024,1,Political violence,Explosions/Remote violence,Air/drone strike,Military Forces of Israel (2022-),,8,Civilians (Palestine),Refugees/IDPs (Palestine),7,78,Civilian targeting,275,Middle East,Palestine,Gaza Strip,Deir El Balah,,Deir al Balah,31.4178,34.3503,1,Arab 48; Palestine News and Information Agency; Quds News Network; Twitter,New media-National,"On 9 April 2024, Israeli warplanes struck a house and other targets in Deir al Balah city (Deir El Balah, Gaza Strip), leaving 1 fatality and 20 injuries. Also, 2 Palestinians were killed in artillery attacks near a school hosting displaced people in the city. Total fatalities were 3.",3,,1753955113
PSE50424,4/9/2024,2024,1,Political violence,Explosions/Remote violence,Air/drone strike,Military Forces of Israel (2022-),,8,Civilians (Palestine),Refugees/IDPs (Palestine),7,78,Civilian targeting,275,Middle East,Palestine,Gaza Strip,Deir El Balah,,An Nusayrat,31.4486,34.3925,1,Ma'an News Agency; Newpress; Palestine News and Information Agency; Quds News Network; Twitter,New media-National,"On 9 April 2024, Israeli warplanes struck a house in An Nusayrat refugee camp (Deir El Balah, Gaza Strip), leaving at least 14 fatalities and several injuries, including women and children.",14,,1753955113
PSE50431,4/9/2024,2024,1,Political violence,Explosions/Remote violence,Air/drone strike,Military Forces of Israel (2022-),,8,Civilians (Palestine),,7,78,Civilian targeting,275,Middle East,Palestine,Gaza Strip,Deir El Balah,,An Nusayrat - South,31.4389,34.3815,1,Arab 48; Newpress; Quds News Network; Twitter,New media-National,"On 9 April 2024, Israeli warplanes struck targets (including a house) south of An Nusayrat camp (An Nusayrat - South, Deir El Balah, Gaza Strip). Casualties unknown.",0,,1753955113
PSE50283,4/9/2024,2024,1,Political violence,Violence against civilians,Attack,Military Forces of Israel (2022-),,8,Civilians (Palestine),,7,78,Civilian targeting,275,Middle East,Palestine,Gaza Strip,Gaza City,,Gaza - Southern Remal,31.5168,34.4355,1,Ma'an News Agency; Palestine News and Information Agency; Quds News Network; Twitter,New media-National,"On 9 April 2024, Israeli forces opened fire and killed a Palestinian at Al Shuhada junction in Gaza - Southern Remal (Gaza City, Gaza Strip).",1,,1759790002
PSE50436,4/9/2024,2024,1,Political violence,Explosions/Remote violence,Air/drone strike,Military Forces of Israel (2022-),,8,Civilians (Palestine),,7,78,Civilian targeting,275,Middle East,Palestine,Gaza Strip,North Gaza,,Jabalya Camp,31.536,34.4907,2,Arab 48; Ma'an News Agency; Newpress; Palestinian Ministry of Health; Quds News Network; Twitter,Other-New media,"On 9 April 2024, Israeli warplanes struck targets at Al Sikka street east of Mukhayyam Jabalya camp (North Gaza, Gaza Strip), leaving an unspecified number of fatalities and injuries. [Palestinian Ministry of Health reported 33482 fatalities upto 9 April. 98 fatalities not attributed to specific events added to 1 event on 9 April. 98 fatalities coded to this event.]",98,,1753955113
PSE50421,4/9/2024,2024,1,Political violence,Explosions/Remote violence,Air/drone strike,Military Forces of Israel (2022-),,8,Civilians (Palestine),,7,78,Civilian targeting,275,Middle East,Palestine,Gaza Strip,Gaza City,,Al Zahra,31.4716,34.4013,1,Arab 48; Ma'an News Agency; Palestine News and Information Agency; Quds News Network; Twitter,New media-National,"On 9 April 2024, Israeli warplanes struck a residential tower in Al Zahra city (Gaza City, Gaza Strip). Casualties unknown.",0,,1753955113
PSE50411,4/9/2024,2024,1,Political violence,Explosions/Remote violence,Shelling/artillery/missile attack,Military Forces of Israel (2022-),,8,Civilians (Palestine),,7,78,Civilian targeting,275,Middle East,Palestine,Gaza Strip,Rafah,,Yibna,31.2842,34.2482,2,Palestine News and Information Agency; PLO Negotiations Affairs Department; Quds News Network; Twitter,Other-New media,"On 9 April 2024, Israeli artillery and tanks shelled targets east of Rafah, coded to Yibna (Rafah, Gaza Strip). Casualties unknown. Also, 2 Palestinians were killed in artillery attacks targeted a house in Al Tanour area east of Rafah. Fatalities coded as at least 2.",2,,1753955113
PSE50416,4/9/2024,2024,1,Political violence,Explosions/Remote violence,Air/drone strike,Military Forces of Israel (2022-),,8,Civilians (Palestine),,7,78,Civilian targeting,275,Middle East,Palestine,Gaza Strip,Gaza City,,Gaza - Az Zaytun,31.4964,34.4522,1,Liveuamap; Ma'an News Agency; Palestine News and Information Agency; Quds News Network; Twitter,Local partner-New media,"On 9 April 2024, Israeli warplanes struck 2 houses in Gaza - Az Zaytun (Gaza City, Gaza Strip), killing 2 Palestinians and injuring dozens. Also, artillery shelled targeted in the same area. Casualties unknown. Total fatalities coded as at least 2.",2,,1759790002
PSE50423,4/9/2024,2024,1,Political violence,Explosions/Remote violence,Air/drone strike,Military Forces of Israel (2022-),,8,Civilians (Palestine),,7,78,Civilian targeting,275,Middle East,Palestine,Gaza Strip,Rafah,,Khirbet al Adas,31.2855,34.2714,2,Ma'an News Agency; Palestine News and Information Agency; Quds News Network; Twitter,New media-National,"On 9 April 2024, Israeli warplanes struck an agricultural land in Al Zuhour area north of Rafah, coded to Khirbet al Adas (Rafah, Gaza Strip), killing 1 woman and injuring 2 persons.",1,,1753955113
PSE50413,4/9/2024,2024,1,Political violence,Explosions/Remote violence,Air/drone strike,Military Forces of Israel (2022-),,8,Civilians (Palestine),Private Security Forces (Palestine),7,78,Civilian targeting,275,Middle East,Palestine,Gaza Strip,Gaza City,,Gaza - At Turukman,31.4864,34.4738,2,Arab 48; Newpress; Palestine News and Information Agency; Quds News Network; Twitter,New media-National,"On 9 April 2024, Israeli warplanes attacked a group of Palestinians who are serving within aid security committees responsible for securing aid conveys southeast of Gaza City, coded to Gaza - At Turukman (Gaza City, Gaza Strip), leaving 1 fatality and injuring others. This event involved violence over aid.",1,,1762292062
PSE50449,4/10/2024,2024,1,Political violence,Explosions/Remote violence,Air/drone strike,Military Forces of Israel (2022-),,8,Civilians (Palestine),,7,78,Civilian targeting,275,Middle East,Palestine,Gaza Strip,Khan Yunis,,Al Fukhari,31.2952,34.3332,1,Arab 48; Liveuamap; Quds News Network; Twitter,Local partner-New media,"On 10 April 2024, Israeli warplanes struck a house in the Al Fukhari (Khan Yunis, Gaza Strip). Casualties unknown.",0,,1753955113
PSE50450,4/10/2024,2024,1,Political violence,Explosions/Remote violence,Air/drone strike,Military Forces of Israel (2022-),,8,Civilians (Palestine),,7,78,Civilian targeting,275,Middle East,Palestine,Gaza Strip,Deir El Balah,,An Nusayrat - North,31.4591,34.3923,1,Arab 48; Newpress; Quds News Network; Twitter,New media-National,"On 10 April 2024, Israeli helicopters opened fire north of An Nusayrat camp (An Nusayrat - North, Deir El Balah, Gaza Strip). Also, warplanes struck targets in the Wadi Gaza area north of An Nusayrat camp. Meanwhile, the artillery struck a passing car, leaving injuries. Fatalities unknown.",0,,1753955113
PSE50455,4/10/2024,2024,1,Political violence,Explosions/Remote violence,Air/drone strike,Military Forces of Israel (2022-),,8,Civilians (Palestine),,7,78,Civilian targeting,275,Middle East,Palestine,Gaza Strip,Deir El Balah,,An Nusayrat,31.4486,34.3925,1,Arab 48; Palestinian Ministry of Health,Other-National,"On 10 April 2024, Israeli warplanes struck targets in An Nusayrat refugee camp (Deir El Balah, Gaza Strip) leaving unspecified number of fatalities. [Palestinian Ministry of Health reported 33545 fatalities upto 10 April. 56 fatalities not attributed to specific events added to 1 event on 10 April. 56 fatalities coded to this event.]",56,,1753955113
PSE50454,4/10/2024,2024,1,Political violence,Explosions/Remote violence,Air/drone strike,Military Forces of Israel (2022-),,8,Civilians (Palestine),,7,78,Civilian targeting,275,Middle East,Palestine,Gaza Strip,Gaza City,,Al Zahra,31.4716,34.4013,1,Arab 48; Quds News Network; Twitter,New media-National,"On 10 April 2024, Israeli warplanes and artillery struck targets (including residential buildings) in the Al Zahra (Gaza City, Gaza Strip). Casualties unknown.",0,,1753955113
PSE50453,4/10/2024,2024,1,Political violence,Explosions/Remote violence,Shelling/artillery/missile attack,Military Forces of Israel (2022-),,8,Civilians (Palestine),,7,78,Civilian targeting,275,Middle East,Palestine,Gaza Strip,Gaza City,,Al Mughraqa,31.4675,34.4097,1,Arab 48,National,"On 10 April 2024, Israeli artillery struck targets (including residential buildings) in Al Mughraqa (Gaza City, Gaza Strip). Casualties unknown.",0,,1753955113
PSE50461,4/10/2024,2024,1,Political violence,Explosions/Remote violence,Air/drone strike,Military Forces of Israel (2022-),,8,Civilians (Palestine),,7,78,Civilian targeting,275,Middle East,Palestine,Gaza Strip,Gaza City,,Gaza - Az Zaytun,31.4964,34.4522,1,Quds News Network; Twitter,New media-National,"On 10 April 2024, Israeli warplanes struck targets (including a house) in Gaza - Az Zaytun (Gaza City, Gaza Strip). Meanwhile, the artillery struck targets in the same area. Casualties unknown.",0,,1759790002
PSE50467,4/11/2024,2024,1,Political violence,Explosions/Remote violence,Air/drone strike,Military Forces of Israel (2022-),,8,Civilians (Palestine),,7,78,Civilian targeting,275,Middle East,Palestine,Gaza Strip,Gaza City,,Gaza,31.5045,34.4743,1,Palestine News and Information Agency,National,"On 11 April 2024, Israeli warplanes struck a house in Al Nafaq street in Gaza City (Gaza Strip), leaving injuries.",0,,1759790002
PSE50469,4/11/2024,2024,1,Political violence,Explosions/Remote violence,Air/drone strike,Military Forces of Israel (2022-),,8,Civilians (Palestine),,7,78,Civilian targeting,275,Middle East,Palestine,Gaza Strip,Khan Yunis,,Al Fukhari,31.2952,34.3332,2,Palestine News and Information Agency,National,"On 11 April 2024, Israeli warplanes struck several houses east of Al Fukhari (Khan Yunis, Gaza Strip). Casualties unknown.",0,,1753955113
PSE50475,4/11/2024,2024,1,Political violence,Explosions/Remote violence,Air/drone strike,Military Forces of Israel (2022-),,8,Civilians (Palestine),Muslim Group (Palestine),7,78,Civilian targeting,275,Middle East,Palestine,Gaza Strip,Gaza City,,Gaza - Ad Darraj,31.5172,34.4642,1,Arab 48; Newpress; Palestine News and Information Agency; Quds News Network; Twitter,New media-National,"On 11 April 2024, Israeli warplanes struck two mosques and the Firas Market in Gaza - Ad Darraj (Gaza City, Gaza Strip), leaving at least 6 fatalities and 20 injuries.",6,,1759790002
PSE50471,4/11/2024,2024,1,Political violence,Explosions/Remote violence,Air/drone strike,Military Forces of Israel (2022-),,8,Civilians (Palestine),,7,78,Civilian targeting,275,Middle East,Palestine,Gaza Strip,Deir El Balah,,An Nusayrat - North,31.4591,34.3923,1,Arab 48; Newpress; Palestine News and Information Agency; Quds News Network; Twitter,New media-National,"On 11 April 2024, Israeli warplanes stuck houses and buildings north of An Nusayrat (An Nusayrat - North, Deir El Balah, Gaza Strip), leaving at least 7 fatalities and a number of injuries. Also, airstrikes targeted 2 mosques in the same location.",7,,1753955113
PSE50480,4/11/2024,2024,1,Political violence,Explosions/Remote violence,Air/drone strike,Military Forces of Israel (2022-),,8,Civilians (Palestine),,7,78,Civilian targeting,275,Middle East,Palestine,Gaza Strip,Deir El Balah,,An Nusayrat - West,31.4525,34.3756,1,Newpress; Twitter,New media-National,"On 11 April 2024, Israeli warplanes struck an apartment west of An Nusayrat (An Nusayrat - West, Deir El Balah, Gaza Strip). Casualties unknown.",0,,1753955113
PSE50486,4/11/2024,2024,1,Political violence,Explosions/Remote violence,Air/drone strike,Military Forces of Israel (2022-),,8,Civilians (Palestine),Refugees/IDPs (Palestine),7,78,Civilian targeting,275,Middle East,Palestine,Gaza Strip,Deir El Balah,,Al Burayj,31.4394,34.4031,1,Quds News Network; Twitter,New media-National,"On 11 April 2024, Israeli warplanes struck a house in Al Burayj refugee camp (Deir El Balah, Gaza Strip). There were no casualties.",0,,1753955113
PSE50470,4/11/2024,2024,1,Political violence,Explosions/Remote violence,Shelling/artillery/missile attack,Military Forces of Israel (2022-),,8,Civilians (Palestine),Refugees/IDPs (Palestine),7,78,Civilian targeting,275,Middle East,Palestine,Gaza Strip,Gaza City,,Gaza - Ash Shati' Camp,31.5349,34.4466,1,Palestine News and Information Agency; Quds News Network; Twitter,New media-National,"On 11 April 2024, Israeli gunboats struck houses in Gaza - Ash Shati' Camp (Gaza City, Gaza Strip), leaving 2 fatalities.",2,,1759790002
PSE50474,4/11/2024,2024,1,Political violence,Explosions/Remote violence,Air/drone strike,Military Forces of Israel (2022-),,8,Civilians (Palestine),Refugees/IDPs (Palestine),7,78,Civilian targeting,275,Middle East,Palestine,Gaza Strip,North Gaza,,Jabalya Camp,31.536,34.4907,1,Palestine News and Information Agency; Quds News Network; Twitter,New media-National,"On 11 April 2024, Israeli warplanes struck a house in Mukhayyam Jabalya Camp (North Gaza, Gaza Strip), leaving at least 2 fatalities and several injuries.",2,,1753955113
PSE50468,4/11/2024,2024,1,Political violence,Explosions/Remote violence,Air/drone strike,Military Forces of Israel (2022-),,8,Civilians (Palestine),Refugees/IDPs (Palestine),7,78,Civilian targeting,275,Middle East,Palestine,Gaza Strip,Deir El Balah,,An Nusayrat,31.4486,34.3925,1,Arab 48; Palestine News and Information Agency; Palestinian Ministry of Health; Quds News Network; Twitter,Other-New media,"On 11 April 2024, Israeli warplanes struck targets in An Nusayrat refugee camp (Deir El Balah, Gaza Strip). Also, airstrikes targeted a market in An Nusayrat, leaving a number of fatalities and injuries. [Palestinian Ministry of Health reported 33634 fatalities upto 11 April 2024. 30 fatalities not attributed to specific events split across 2 events on 11 April. 15 fatalities coded to this event.]",15,,1753955113
PSE50472,4/11/2024,2024,1,Political violence,Explosions/Remote violence,Air/drone strike,Military Forces of Israel (2022-),,8,Civilians (Palestine),,7,78,Civilian targeting,275,Middle East,Palestine,Gaza Strip,Gaza City,,Al Zahra,31.4716,34.4013,1,Palestine News and Information Agency,National,"On 11 April 2024, Israeli warplanes struck and destroyed residential buildings in the Al Zahra (Gaza City, Gaza Strip). Casualties unknown.",0,,1753955113
PSE50466,4/11/2024,2024,1,Political violence,Explosions/Remote violence,Air/drone strike,Military Forces of Israel (2022-),,8,Civilians (Palestine),,7,78,Civilian targeting,275,Middle East,Palestine,Gaza Strip,Rafah,,Yibna,31.2842,34.2482,2,Arab 48; Palestine News and Information Agency; PLO Negotiations Affairs Department; Quds News Network; Twitter,Other-New media,"On 11 April 2024, Israeli warplanes struck and killed 5 Palestinians near the cemetery east of Rafah, coded to Yibna (Rafah, Gaza Strip). Also, 6 Palestinians were killed in Al Junaina area. Meanwhile, artillery and tanks shelled targets east of Rafah. Casualties unknown. Fatalities coded at least 11.",11,,1753955113
PSE50473,4/11/2024,2024,1,Political violence,Explosions/Remote violence,Air/drone strike,Military Forces of Israel (2022-),,8,Civilians (Palestine),,7,78,Civilian targeting,275,Middle East,Palestine,Gaza Strip,Gaza City,,Gaza - Tal el Hawa,31.5041,34.435,1,Palestine News and Information Agency; Quds News Network; Twitter,New media-National,"On 11 April 2024, Israeli warplanes struck a house in Gaza - Tal el Hawa (Gaza City, Gaza Strip), leaving 2 fatalities.",2,,1759790002
PSE50476,4/11/2024,2024,1,Political violence,Explosions/Remote violence,Air/drone strike,Military Forces of Israel (2022-),,8,Civilians (Palestine),,7,78,Civilian targeting,275,Middle East,Palestine,Gaza Strip,Gaza City,,Gaza - Az Zaytun,31.4964,34.4522,1,Liveuamap; Palestine News and Information Agency; Quds News Network; Twitter,Local partner-New media,"On 11 April 2024, Israeli warplanes struck targets near the al-Mamadani Hospital in Gaza - Az Zaytun (Gaza City, Gaza Strip), leaving 8 fatalities and several injuries.",8,,1759790002
PSE50482,4/11/2024,2024,1,Political violence,Explosions/Remote violence,Air/drone strike,Military Forces of Israel (2022-),,8,Police Forces of Palestine (2007-) Gaza Strip,Civilians (Palestine); Hamas Movement,1,18,,275,Middle East,Palestine,Gaza Strip,North Gaza,,Jabalya,31.5272,34.4835,2,Jerusalem Post; Joe Truzman; Newpress; Palestinian Ministry of Health; Quds News Network; Twitter,Other-New media,"On 11 April 2024, Israeli warplanes struck a house in Jabalya area (North Gaza, Gaza Strip), killing and injuring a number of Palestinians including the Jabalya police director (Hamas) who is also the head of aid security committees responsible for securing aid trucks. [Palestinian Ministry of Health reported 33634 fatalities upto 11 April 2024. 30 fatalities not attributed to specific events split across 2 events on 11 April. 15 fatalities coded to this event]. This event involved violence over aid.",15,,1759790002
PSE50489,4/12/2024,2024,1,Political violence,Explosions/Remote violence,Air/drone strike,Military Forces of Israel (2022-),,8,Civilians (Palestine),,7,78,Civilian targeting,275,Middle East,Palestine,Gaza Strip,Gaza City,,Gaza - Ad Darraj,31.5172,34.4642,1,Arab 48; Dunia Al Watan; Liveuamap; Newpress; Palestine News and Information Agency; Quds News Network; Twitter,Local partner-New media,"On 12 April 2024, Israeli warplanes struck a house in Gaza - Ad Darraj (Gaza City, Gaza Strip), leaving at least 29 fatalities and dozens of injuries. Meanwhile, several Palestinians were injured in an airstrike that targeted an apartment in same area. Total fatalities were at least 29.",29,,1759790002
PSE50491,4/12/2024,2024,1,Political violence,Explosions/Remote violence,Air/drone strike,Military Forces of Israel (2022-),,8,Civilians (Palestine),,7,78,Civilian targeting,275,Middle East,Palestine,Gaza Strip,Gaza City,,Gaza - Shujaiyya,31.4988,34.4699,1,Dunia Al Watan; Palestine News and Information Agency,National,"On 12 April 2024, Israeli warplanes struck a house in Gaza - Shujaiyya (Gaza City, Gaza Strip), leaving injuries.",0,,1759790002
PSE50494,4/12/2024,2024,1,Political violence,Explosions/Remote violence,Air/drone strike,Military Forces of Israel (2022-),,8,Civilians (Palestine),,7,78,Civilian targeting,275,Middle East,Palestine,Gaza Strip,Gaza City,,Gaza - At Tuffah,31.5134,34.4751,1,Arab 48; Palestine News and Information Agency; Quds News Network; Twitter,New media-National,"On 12 April 2024, Israeli warplanes struck a house in Al Zarqa area in Gaza - At Tuffah (Gaza City, Gaza Strip), leaving at least 5 fatalities and 30 injuries.",5,,1759790002
PSE50488,4/12/2024,2024,1,Political violence,Explosions/Remote violence,Air/drone strike,Military Forces of Israel (2022-),,8,Civilians (Palestine),Refugees/IDPs (Palestine),7,78,Civilian targeting,275,Middle East,Palestine,Gaza Strip,Deir El Balah,,An Nusayrat - North,31.4591,34.3923,1,Newpress; Palestine News and Information Agency; Quds News Network; Twitter,New media-National,"On 12 April 2024, Israeli warplanes and tanks struck targets while operating north of An Nusayrat camp (An Nusayrat - North, Deir El Balah, Gaza Strip) leaving 2 fatalities and a number of injuries including a child. Meanwhile, gunboats opened fire at a school (likely hosting displaced Palestinians) and killed 1 Palestinian. Total fatalities were 3.",3,,1753955113
PSE50493,4/12/2024,2024,1,Political violence,Explosions/Remote violence,Air/drone strike,Military Forces of Israel (2022-),,8,Civilians (Palestine),Journalists (Palestine); Refugees/IDPs (Palestine),7,78,Civilian targeting,275,Middle East,Palestine,Gaza Strip,Deir El Balah,,An Nusayrat,31.4486,34.3925,1,Arab 48; Palestine News and Information Agency; Quds News Network; Twitter,New media-National,"On 12 April 2024, Israeli warplanes struck targets the An Nusayrat refugee camp (Deir El Balah, Gaza strip), injuring a number of Palestinian journalists.",0,,1753955113
PSE50496,4/12/2024,2024,1,Political violence,Explosions/Remote violence,Air/drone strike,Military Forces of Israel (2022-),,8,Civilians (Palestine),Refugees/IDPs (Palestine),7,78,Civilian targeting,275,Middle East,Palestine,Gaza Strip,Deir El Balah,,Al Maghazi,31.4214,34.3865,1,Palestine News and Information Agency,National,"On 12 April 2024, Israeli warplanes struck a house in Al Maghazi refugee camp (Deir El Balah, Gaza Strip). Casualties unknown.",0,,1753955113
PSE50497,4/12/2024,2024,1,Political violence,Explosions/Remote violence,Air/drone strike,Military Forces of Israel (2022-),,8,Civilians (Palestine),,7,78,Civilian targeting,275,Middle East,Palestine,Gaza Strip,Deir El Balah,,Deir al Balah,31.4178,34.3503,1,Newpress; Palestine News and Information Agency; Quds News Network; Twitter,New media-National,"On 12 April 2024, Israeli warplanes struck targets (including a house) in Deir al Balah city (Deir El Balah, Gaza Strip). Casualties unknown.",0,,1753955113
PSE50506,4/12/2024,2024,1,Political violence,Explosions/Remote violence,Shelling/artillery/missile attack,Military Forces of Israel (2022-),,8,Civilians (Palestine),Refugees/IDPs (Palestine),7,78,Civilian targeting,275,Middle East,Palestine,Gaza Strip,Deir El Balah,,Al Maghazi,31.4214,34.3865,1,Quds News Network; Twitter,New media-National,"On 12 April 2024, Israeli artillery struck targets in Al Maghazi refugee camp (Deir El Balah, Gaza Strip), leaving several injuries.",0,,1753955113
PSE50492,4/12/2024,2024,1,Political violence,Explosions/Remote violence,Air/drone strike,Military Forces of Israel (2022-),,8,Civilians (Palestine),,7,78,Civilian targeting,275,Middle East,Palestine,Gaza Strip,Gaza City,,Gaza - Southern Remal,31.5168,34.4355,1,Dunia Al Watan; Palestine News and Information Agency,National,"On 12 April 2024, Israeli warplanes struck a house in Gaza - Southern Remal (Gaza City, Gaza Strip), leaving injuries.",0,,1759790002
PSE50495,4/12/2024,2024,1,Political violence,Explosions/Remote violence,Air/drone strike,Military Forces of Israel (2022-),,8,Civilians (Palestine),,7,78,Civilian targeting,275,Middle East,Palestine,Gaza Strip,North Gaza,,Beit Hanoun,31.5405,34.5402,1,Palestine News and Information Agency; Palestinian Ministry of Health; Quds News Network; Twitter,Other-New media,"On 12 April 2024, Israeli warplanes struck Beit Hanoun (North Gaza, Gaza Strip), leaving a number of fatalities and injuries. [Palestinian Ministry of Health reported 33686 fatalities upto 12 April. 14 fatalities not attributed to specific events added to 1 event on 12 April. 14 fatalities coded to this event.]",14,,1753955113
PSE50490,4/12/2024,2024,1,Political violence,Explosions/Remote violence,Air/drone strike,Military Forces of Israel (2022-),,8,Civilians (Palestine),,7,78,Civilian targeting,275,Middle East,Palestine,Gaza Strip,Gaza City,,Gaza - Az Zaytun,31.4964,34.4522,1,Dunia Al Watan; Palestine News and Information Agency,National,"On 12 April 2024, Israeli warplanes struck a house in Gaza - Az Zaytun (Gaza City, Gaza Strip), leaving injuries.",0,,1759790002
PSE50501,4/12/2024,2024,1,Political violence,Explosions/Remote violence,Air/drone strike,Military Forces of Israel (2022-),,8,Civilians (Palestine),,7,78,Civilian targeting,275,Middle East,Palestine,Gaza Strip,North Gaza,,Jabalya,31.5272,34.4835,1,Arab 48,National,"On 12 April 2024, Israeli warplanes struck a house in Jabalya town (North Gaza, Gaza Strip), leaving injuries.",0,,1759790002
PSE50502,4/12/2024,2024,1,Political violence,Explosions/Remote violence,Air/drone strike,Military Forces of Israel (2022-),,8,Civilians (Palestine),,7,78,Civilian targeting,275,Middle East,Palestine,Gaza Strip,Rafah,,Khirbet al Adas,31.2855,34.2714,1,Quds News Network; Twitter,New media-National,"On 12 April 2024, an Israeli UAV struck and killed 1 Palestinian in Khirbet al Adas (Rafah, Gaza Strip).",1,,1753955113
PSE50517,4/13/2024,2024,1,Political violence,Explosions/Remote violence,Air/drone strike,Military Forces of Israel (2022-),,8,Civilians (Palestine),,7,78,Civilian targeting,275,Middle East,Palestine,Gaza Strip,Deir El Balah,,An Nusayrat - North,31.4591,34.3923,1,Arab 48; Newpress; Palestine News and Information Agency; Quds News Network; Twitter,New media-National,"On 13 April 2024, Israeli warplanes struck targets north of An Nusayrat camp (An Nusayrat - North, Deir El Balah, Gaza Strip). Meanwhile, the artillery targeted the same area. At least one Palestinian was killed and a number of persons were injured.",1,,1753955113
PSE50521,4/13/2024,2024,1,Political violence,Explosions/Remote violence,Air/drone strike,Military Forces of Israel (2022-),,8,Civilians (Palestine),,7,78,Civilian targeting,275,Middle East,Palestine,Gaza Strip,Deir El Balah,,An Nusayrat - West,31.4525,34.3756,1,Newpress; Twitter,New media-National,"On 13 April 2024, Israeli warplanes struck targets west of An Nusayrat camp (An Nusayrat - West, Deir El Balah, Gaza Strip), leaving injuries.",0,,1753955113
PSE50553,4/13/2024,2024,1,Political violence,Explosions/Remote violence,Air/drone strike,Military Forces of Israel (2022-),,8,Civilians (Palestine),,7,78,Civilian targeting,275,Middle East,Palestine,Gaza Strip,Deir El Balah,,Deir al Balah,31.4178,34.3503,1,Arab 48; Quds News Network; Twitter,New media-National,"On 13 April 2024, Israeli warplanes struck a house in Deir al Balah city (Deir El Balah, Gaza Strip), leaving injuries. Also, airstrikes targeted a mosque, which caused the destruction of a nearby residential complex. Fatalities unknown.",0,,1753955113
PSE50518,4/13/2024,2024,1,Political violence,Explosions/Remote violence,Air/drone strike,Military Forces of Israel (2022-),,8,Civilians (Palestine),Refugees/IDPs (Palestine); UNRWA: United Nations Relief and Works Agency,7,78,Civilian targeting,275,Middle East,Palestine,Gaza Strip,Deir El Balah,,An Nusayrat,31.4486,34.3925,1,Newpress; Palestine News and Information Agency; Palestinian Ministry of Health; Quds News Network; Twitter,Other-New media,"On 13 April 2024, Israeli warplanes struck targets, including houses and a UNRWA school, in An Nusayrat refugee camp (Deir El Balah, Gaza Strip), leaving injuries. Also, warplanes struck a house and killed a number of Palestinians, including children. In addition, at least 3 persons were killed in a separate airstrike that targeted several houses in the camp and destroyed a tower. [Palestinian Ministry of Health reported 33729 fatalities upto 13 April. 37 fatalities not attributed to specific events added to 1 event on 13 April. 37 fatalities coded to this event.] Total fatalities coded as 40 (37 unknown, 3 confirmed).",40,,1753955113
PSE50685,4/13/2024,2024,1,Political violence,Explosions/Remote violence,Air/drone strike,Military Forces of Israel (2022-),,8,Civilians (Palestine),,7,78,Civilian targeting,275,Middle East,Palestine,Gaza Strip,North Gaza,,Sheikh Zaid,31.5392,34.5117,1,Newpress; Palestine News and Information Agency; Twitter,New media-National,"On 13 April 2024, Israeli warplanes struck on the outskirts of Sheikh Zaid (North Gaza, Gaza Strip), leaving 2 fatalities.",2,,1759790002
PSE50580,4/14/2024,2024,1,Political violence,Explosions/Remote violence,Air/drone strike,Military Forces of Israel (2022-),,8,Civilians (Palestine),,7,78,Civilian targeting,275,Middle East,Palestine,Gaza Strip,Gaza City,,Gaza,31.5045,34.4743,1,Palestine News and Information Agency,National,"On 14 April 2024, Israeli warplanes struck a house in Gaza City (Gaza City, Gaza Strip), leaving injuries.",0,,1759790002
PSE50630,4/14/2024,2024,1,Political violence,Explosions/Remote violence,Shelling/artillery/missile attack,Military Forces of Israel (2022-),,8,Civilians (Palestine),,7,78,Civilian targeting,275,Middle East,Palestine,Gaza Strip,Khan Yunis,,Abasan al Kabirah,31.3191,34.3401,1,Palestine News and Information Agency,National,"On 14 April 2024, Israeli artillery shelled targets in Abasan al Kabirah (Khan Yunis, Gaza Strip), leaving injuries.",0,,1753955113
PSE50636,4/14/2024,2024,1,Political violence,Explosions/Remote violence,Shelling/artillery/missile attack,Military Forces of Israel (2022-),,8,Civilians (Palestine),,7,78,Civilian targeting,275,Middle East,Palestine,Gaza Strip,Khan Yunis,,Bani Suheila,31.3424,34.325,1,Palestine News and Information Agency,National,"On 14 April 2024, Israeli artillery shelled targets in Bani Suheila (Khan Yunis, Gaza Strip), leaving injuries.",0,,1753955113
PSE50511,4/14/2024,2024,1,Political violence,Explosions/Remote violence,Shelling/artillery/missile attack,Military Forces of Israel (2022-),,8,Civilians (Palestine),,7,78,Civilian targeting,275,Middle East,Palestine,Gaza Strip,Deir El Balah,,Al Maghazi,31.4214,34.3865,2,Arab 48; Quds News Network; Twitter,New media-National,"On 14 April 2024, Israeli artillery struck targets east of Al Maghazi camp (Deir El Balah, Gaza Strip), leaving 2 injuries.",0,,1753955113
PSE50523,4/14/2024,2024,1,Political violence,Explosions/Remote violence,Air/drone strike,Military Forces of Israel (2022-),,8,Civilians (Palestine),Muslim Group (Palestine); Refugees/IDPs (Palestine),7,78,Civilian targeting,275,Middle East,Palestine,Gaza Strip,Deir El Balah,,An Nusayrat,31.4486,34.3925,1,Al-Ittihad; Palestine News and Information Agency; Quds News Network; Twitter,New media-National,"On 14 April 2024, Israeli warplanes struck houses in An Nusayrat refugee camp (Deir El Balah, Gaza Strip). As a result, 10 Palestinians were killed and 20 more were injured in An Nusayrat, Al Mughraqa, and Al Zahra (4 fatalities were coded to this location). Also, warplanes struck a mosque while artillery targeted a tower in the camp. Total fatalities coded as 4.",4,,1753955113
PSE50524,4/14/2024,2024,1,Political violence,Violence against civilians,Attack,Military Forces of Israel (2022-),,8,Civilians (Palestine),Refugees/IDPs (Palestine),7,78,Civilian targeting,275,Middle East,Palestine,Gaza Strip,Deir El Balah,,An Nusayrat - West,31.4525,34.3756,1,Arab 48; Ma'an News Agency; Newpress; Palestine News and Information Agency; Quds News Network; Twitter,New media-National,"On 14 April 2024, Israeli military forces opened fire on hundreds of displaced Palestinians who had attempted to return to Northern Gaza through the Al Rashid street near Wadi Gaza, West of An Nusayrat (An Nusayrat - West, Deir El Balah, Gaza Strip). As a result, 6 Palestinians, including a woman and a girl, were killed and at least 25 others were injured.",6,,1753955113
PSE50525,4/14/2024,2024,1,Political violence,Explosions/Remote violence,Air/drone strike,Military Forces of Israel (2022-),,8,Civilians (Palestine),,7,78,Civilian targeting,275,Middle East,Palestine,Gaza Strip,Deir El Balah,,An Nusayrat - North,31.4591,34.3923,2,Ma'an News Agency; Palestine News and Information Agency; Quds News Network; Twitter,New media-National,"On 14 April 2024, Israeli warplanes struck a house northwest of An Nusayrat camp (coded to An Nusayrat - North, Deir El Balah, Gaza Strip), leaving 5 fatalities and dozens of injuries.",5,,1753955113
PSE50554,4/14/2024,2024,1,Political violence,Explosions/Remote violence,Air/drone strike,Military Forces of Israel (2022-),,8,Civilians (Palestine),,7,78,Civilian targeting,275,Middle East,Palestine,Gaza Strip,Deir El Balah,,Deir al Balah,31.4178,34.3503,1,Newpress; Twitter,New media-National,"On 14 April 2024, Israeli warplanes carried out strikes in Deir al Balah (Deir El Balah, Gaza Strip), killing 2 children.",2,,1753955113
PSE50515,4/14/2024,2024,1,Political violence,Explosions/Remote violence,Shelling/artillery/missile attack,Military Forces of Israel (2022-),,8,Civilians (Palestine),,7,78,Civilian targeting,275,Middle East,Palestine,Gaza Strip,Deir El Balah,,Al Musaddar,31.4105,34.378,2,Palestine News and Information Agency; Palestinian Ministry of Health,Other-National,"On 14 April 2024, Israeli gunboats opened fire and shelled houses west of Deir al Balah, coded to Al Musaddar (Deir El Balah, Gaza Strip) leading to unspecified fatalities. [Palestinian Ministry of Health reported 33797 fatalities upto 14 April 2024. 19 fatalities not attributed to specific events split across 2 events on 4 April. 9 fatalities coded to this event.]",9,,1765850627
PSE50653,4/14/2024,2024,1,Political violence,Explosions/Remote violence,Shelling/artillery/missile attack,Military Forces of Israel (2022-),,8,Civilians (Palestine),,7,78,Civilian targeting,275,Middle East,Palestine,Gaza Strip,Khan Yunis,,Khan Yunis - West (Municipal Stadium),31.3484,34.2961,2,Palestine News and Information Agency; Palestinian Ministry of Health,Other-National,"On 14 April 2024, Israeli gunboats opened fire and shelled houses west of Khan Yunis, (coded to Khan Yunis - West (Municipal Stadium), Gaza Strip) leading to unspecified fatalities. [Palestinian Ministry of Health reported 33797 fatalities upto 14 April 2024. 19 fatalities not attributed to specific events split across 2 events on 4 April. 10 fatalities coded to this event.]",10,,1753955113
PSE50574,4/14/2024,2024,1,Political violence,Explosions/Remote violence,Air/drone strike,Military Forces of Israel (2022-),,8,Civilians (Palestine),,7,78,Civilian targeting,275,Middle East,Palestine,Gaza Strip,Gaza City,,Al Zahra,31.4716,34.4013,1,Al-Ittihad; Palestine News and Information Agency,National-Regional,"On 14 April 2024, Israeli warplanes struck houses in Al Zahra (Gaza City, Gaza Strip). As a result, 10 Palestinians were killed and 20 more were injured in An Nusayrat, Al Mughraqa, and Al Zahra (3 fatalities were coded to this location).",3,,1753955113
PSE50584,4/14/2024,2024,1,Political violence,Explosions/Remote violence,Air/drone strike,Military Forces of Israel (2022-),,8,Civilians (Palestine),,7,78,Civilian targeting,275,Middle East,Palestine,Gaza Strip,Gaza City,,Gaza - Ash Shaykh Ijlin,31.5098,34.4274,1,Palestine News and Information Agency,National,"On 14 April 2024, Israeli warplanes struck a house in Gaza - Ash Shaykh Ijlin (Gaza City, Gaza Strip), leaving injuries.",0,,1753955113
PSE50656,4/14/2024,2024,1,Political violence,Explosions/Remote violence,Air/drone strike,Military Forces of Israel (2022-),,8,Civilians (Palestine),,7,78,Civilian targeting,275,Middle East,Palestine,Gaza Strip,North Gaza,,Beit Hanoun,31.5405,34.5402,1,Palestine News and Information Agency,National,"On 14 April 2024, Israeli warplanes struck 3 houses in Beit Hanoun (North Gaza, Gaza Strip), leaving at least 8 injuries.",0,,1753955113
PSE50566,4/14/2024,2024,1,Political violence,Explosions/Remote violence,Air/drone strike,Military Forces of Israel (2022-),,8,Civilians (Palestine),,7,78,Civilian targeting,275,Middle East,Palestine,Gaza Strip,Gaza City,,Al Mughraqa,31.4675,34.4097,1,Al-Ittihad; Palestine News and Information Agency,National-Regional,"On 14 April 2024, Israeli warplanes struck houses in Al Mughraqa (Gaza City, Gaza Strip). As a result, 10 Palestinians were killed and 20 more were injured in An Nusayrat, Al Mughraqa, and Al Zahra (3 fatalities were coded to this location).",3,,1753955113
PSE50595,4/14/2024,2024,1,Political violence,Explosions/Remote violence,Air/drone strike,Military Forces of Israel (2022-),,8,Civilians (Palestine),,7,78,Civilian targeting,275,Middle East,Palestine,Gaza Strip,Gaza City,,Gaza - Az Zaytun,31.4964,34.4522,1,Palestine News and Information Agency,National,"On 14 April 2024, Israeli warplanes struck a house in Gaza - Az Zaytun (Gaza City, Gaza Strip), leaving injuries.",0,,1759790002
PSE50626,4/14/2024,2024,1,Political violence,Explosions/Remote violence,Air/drone strike,Military Forces of Israel (2022-),,8,Civilians (Palestine),,7,78,Civilian targeting,275,Middle East,Palestine,Gaza Strip,Gaza City,,Gaza - Tal el Hawa,31.5041,34.435,1,Palestine News and Information Agency,National,"On 14 April 2024, Israeli warplanes struck a house in Gaza - Tal el Hawa (Gaza City, Gaza Strip), leaving injuries.",0,,1759790002
PSE50575,4/14/2024,2024,1,Political violence,Violence against civilians,Attack,Military Forces of Israel (2022-),,8,Civilians (Palestine),Women (Palestine),7,78,Civilian targeting,275,Middle East,Palestine,Gaza Strip,Gaza City,,Al Zahra,31.4716,34.4013,2,Arab 48,National,"On 14 April 2024, Israeli forces opened fire at a group of Palestinians west of Al Zahra (Gaza City, Gaza Strip), killing a woman and injuring others.",1,,1753955113
PSE50633,4/15/2024,2024,1,Political violence,Explosions/Remote violence,Air/drone strike,Military Forces of Israel (2022-),,8,Civilians (Palestine),,7,78,Civilian targeting,275,Middle East,Palestine,Gaza Strip,Khan Yunis,,Al Fukhari,31.2952,34.3332,1,Arab 48; Palestine News and Information Agency; Quds News Network; Twitter,New media-National,"On 15 April 2024, Israeli warplanes struck targets (including a house) near the European Hospital in Al Fukhari (Khan Yunis, Gaza Strip), leaving injuries.",0,,1753955113
PSE50512,4/15/2024,2024,1,Political violence,Explosions/Remote violence,Air/drone strike,Military Forces of Israel (2022-),,8,Civilians (Palestine),,7,78,Civilian targeting,275,Middle East,Palestine,Gaza Strip,Deir El Balah,,Al Maghazi,31.4214,34.3865,2,Palestine News and Information Agency; Quds News Network; Twitter,New media-National,"On 15 April 2024, Israeli warplanes struck a house east of Al Maghazi camp (Deir El Balah, Gaza Strip). Casualties unknown.",0,,1753955113
PSE50529,4/15/2024,2024,1,Political violence,Explosions/Remote violence,Air/drone strike,Military Forces of Israel (2022-),,8,Civilians (Palestine),Refugees/IDPs (Palestine),7,78,Civilian targeting,275,Middle East,Palestine,Gaza Strip,Deir El Balah,,An Nusayrat,31.4486,34.3925,1,Arab 48; Palestine News and Information Agency,National,"On 15 April 2024, Israeli warplanes struck a warehouse at the western entrance of An Nusayrat refugee camp (Deir El Balah, Gaza Strip). Casualties unknown. Also, 3 Palestinians were killed and others were injured in an airstrike that targeted a house. Fatalities coded as at least 3.",3,,1753955113
PSE50530,4/15/2024,2024,1,Political violence,Violence against civilians,Attack,Military Forces of Israel (2022-),,8,Civilians (Palestine),Refugees/IDPs (Palestine),7,78,Civilian targeting,275,Middle East,Palestine,Gaza Strip,Deir El Balah,,An Nusayrat - West,31.4525,34.3756,1,Dunia Al Watan; Palestine News and Information Agency; Quds News Network; Twitter,New media-National,"On 15 April 2024, Israeli military forces opened fire on hundreds of displaced Palestinians who had attempted to return to the Northern Gaza through the Al Rashid street near Wadi Gaza, West of An Nusayrat (An Nusayrat - West, Deir El Balah, Gaza Strip). As a result, at least 2 Palestinians were injured.",0,,1753955113
PSE50531,4/15/2024,2024,1,Political violence,Explosions/Remote violence,Air/drone strike,Military Forces of Israel (2022-),,8,Civilians (Palestine),,7,78,Civilian targeting,275,Middle East,Palestine,Gaza Strip,Deir El Balah,,An Nusayrat - North,31.4591,34.3923,1,Arab 48; Palestine News and Information Agency; Quds News Network; Twitter,New media-National,"On 15 April 2024, Israeli warplanes struck a group of Palestinians in Al Mufit area north of An Nusayrat camp (An Nusayrat - North, Deir El Balah, Gaza Strip), leaving 2 fatalities and several injuries. Meanwhile, the artillery targeted the same area. Casualties unknown. Also, 2 children were killed in separate airstrikes. Total fatalities were at least 4.",4,,1753955113
PSE50532,4/15/2024,2024,1,Political violence,Explosions/Remote violence,Air/drone strike,Military Forces of Israel (2022-),,8,Civilians (Palestine),,7,78,Civilian targeting,275,Middle East,Palestine,Gaza Strip,Deir El Balah,,An Nusayrat - West,31.4525,34.3756,1,Arab 48; Palestine News and Information Agency; Quds News Network; Twitter,New media-National,"On 15 April 2024, Israeli UAVs struck a house in Al Sawarha area west of An Nusayrat camp (An Nusayrat - West, Deir El Balah, Gaza Strip), killing a woman and injuring others.",1,,1753955113
PSE50682,4/15/2024,2024,1,Political violence,Explosions/Remote violence,Air/drone strike,Military Forces of Israel (2022-),,8,Civilians (Palestine),Muslim Group (Palestine),7,78,Civilian targeting,275,Middle East,Palestine,Gaza Strip,North Gaza,,Jabalya Camp,31.536,34.4907,2,Liveuamap; Palestine News and Information Agency; Palestinian Ministry of Health,Local partner-New media,"On 15 April 2024, Israeli warplanes struck the Al Shuhdaa mosque west of Mukhayyam Jabalya Camp (North Gaza, Gaza Strip), leaving an unspecified number of fatalities and injuries. [Palestinian Ministry of Health reported 33843 fatalities upto 15 April. 35 fatalities not attributed to specific events added to 1 event on 15 April. 35 fatalities coded to this event.]",35,,1753955113
PSE50658,4/15/2024,2024,1,Political violence,Explosions/Remote violence,Air/drone strike,Military Forces of Israel (2022-),,8,Civilians (Palestine),Refugees/IDPs (Palestine),7,78,Civilian targeting,275,Middle East,Palestine,Gaza Strip,North Gaza,,Beit Hanoun,31.5405,34.5402,1,Newpress; Palestine News and Information Agency; Twitter,New media-National,"On 15 April 2024, Israeli warplanes carried out airstrikes in Beit Hanoun town and tanks opened fire toward a school hosting displaced people in the town (North Gaza, Gaza Strip). Casualties unknown.",0,,1753955113
PSE50679,4/15/2024,2024,1,Political violence,Explosions/Remote violence,Air/drone strike,Military Forces of Israel (2022-),,8,Civilians (Palestine),Muslim Group (Palestine),7,78,Civilian targeting,275,Middle East,Palestine,Gaza Strip,North Gaza,,Jabalya,31.5272,34.4835,1,Quds News Network; Twitter,New media-National,"On 15 April 2024, Israeli warplanes struck the Qiba mosque in Jabalya (North Gaza, Gaza Strip). Casualties unknown. Also, 5 Palestinians were injured in an airstrike targeted their house in the town. Fatalities unknown.",0,,1759790002
PSE50588,4/16/2024,2024,1,Political violence,Explosions/Remote violence,Air/drone strike,Military Forces of Israel (2022-),,8,Police Forces of Palestine (2007-) Gaza Strip,Hamas Movement,1,18,,275,Middle East,Palestine,Gaza Strip,Gaza City,,Gaza - At Tuffah,31.5134,34.4751,1,Al Ghad (Jordan); Ma'an News Agency; Palestine News and Information Agency; Quds News Network; Twitter,New media-National,"On 16 April 2024, An Israeli warplane struck a passing police car (Hamas's police) in Gaza - At Tuffah (Gaza City, Gaza Strip), leaving at least 8 fatalities and a number of injuries.",8,,1759790002
PSE50535,4/16/2024,2024,1,Political violence,Explosions/Remote violence,Air/drone strike,Military Forces of Israel (2022-),,8,Civilians (Palestine),Refugees/IDPs (Palestine),7,78,Civilian targeting,275,Middle East,Palestine,Gaza Strip,Deir El Balah,,An Nusayrat,31.4486,34.3925,1,Ma'an News Agency; Newpress; Palestine News and Information Agency; Quds News Network; Twitter,New media-National,"On 16 April 2024, Israeli warplanes carried out airstrikes and artillery shelled targets in An Nusayrat refugee camp (Deir El Balah, Gaza Strip), leaving at least 5 injuries. Also 2 Palestinian children were killed in a separate Israeli airstrike in the same area.",2,,1753955113
PSE50536,4/16/2024,2024,1,Political violence,Explosions/Remote violence,Air/drone strike,Military Forces of Israel (2022-),,8,Civilians (Palestine),,7,78,Civilian targeting,275,Middle East,Palestine,Gaza Strip,Deir El Balah,,An Nusayrat - North,31.4591,34.3923,1,Arab 48; Ma'an News Agency; Newpress; Palestine News and Information Agency; Quds News Network; Twitter,New media-National,"On 16 April 2024, Israeli warplanes carried out airstrikes and opened fire while artillery shelled targets north of An Nusayrat camp (An Nusayrat - North, Deir El Balah, Gaza Strip), leaving at least 3 fatalities and dozens of injuries and causing the destruction of properties. Also, warplanes targeted a residential tower and houses in the same area. Total fatalities were at least 3.",3,,1753955113
PSE50694,4/16/2024,2024,1,Political violence,Explosions/Remote violence,Air/drone strike,Military Forces of Israel (2022-),,8,Civilians (Palestine),,7,78,Civilian targeting,275,Middle East,Palestine,Gaza Strip,Rafah,,Tal as Sultan,31.3098,34.2414,1,Palestine News and Information Agency; Quds News Network; Twitter,New media-National,"On 16 April 2024, Israeli warplanes struck a house in Tal as Sultan (Rafah, Gaza Strip), leaving 4 fatalities, including a child, and several injuries.",4,,1762829569
PSE50539,4/16/2024,2024,1,Political violence,Explosions/Remote violence,Air/drone strike,Military Forces of Israel (2022-),,8,Civilians (Palestine),Refugees/IDPs (Palestine),7,78,Civilian targeting,275,Middle East,Palestine,Gaza Strip,Deir El Balah,,An Nusayrat - West,31.4525,34.3756,1,Palestinian Ministry of Health; Quds News Network; Twitter,Other-New media,"On 16 April 2024, Israeli UAVs opened fire toward displaced Palestinians near Al Mufti School west of An Nusayrat (An Nusayrat - West, Deir El Balah, Gaza Strip) leading to unspecified fatalities. [Palestinian Ministry of Health reported 33899 fatalities upto 16 April 2024. 14 fatalities not attributed to specific events split across 5 events on 16 April. 2 fatalities coded to this event.]",2,,1753955113
PSE50600,4/16/2024,2024,1,Political violence,Explosions/Remote violence,Air/drone strike,Military Forces of Israel (2022-),,8,Civilians (Palestine),Refugees/IDPs (Palestine),7,78,Civilian targeting,275,Middle East,Palestine,Gaza Strip,Gaza City,,Gaza - Ash Shati' Camp,31.5349,34.4466,1,Arab 48; Newpress; Palestinian Ministry of Health; Quds News Network; Twitter,Other-New media,"On 16 April 2024, Israeli warplanes struck a house in Gaza - Ash Shati' Camp (Gaza City, Gaza Strip) leading to unspecified fatalities. [Palestinian Ministry of Health reported 33899 fatalities upto 16 April 2024. 14 fatalities not attributed to specific events split across 5 events on 16 April. 3 fatalities coded to this event.]",3,,1759790002
PSE50610,4/16/2024,2024,1,Political violence,Explosions/Remote violence,Air/drone strike,Military Forces of Israel (2022-),,8,Civilians (Palestine),,7,78,Civilian targeting,275,Middle East,Palestine,Gaza Strip,Gaza City,,Gaza - Sheikh Radwan,31.5349,34.4667,2,Ma'an News Agency; Newpress; Palestine News and Information Agency; Palestinian Ministry of Health; Quds News Network; Twitter,Other-New media,"On 16 April 2024, Israeli warplanes struck a house at the Al Nafaq Street north of Gaza City, coded to Gaza - Sheikh Radwan (Gaza City, Gaza Strip), destroying properties and leading to unspecified fatalities. [Palestinian Ministry of Health reported 33899 fatalities upto 16 April 2024. 14 fatalities not attributed to specific events split across 5 events on 16 April. 3 fatalities coded to this event.]",3,,1759790002
PSE50660,4/16/2024,2024,1,Political violence,Explosions/Remote violence,Shelling/artillery/missile attack,Military Forces of Israel (2022-),,8,Civilians (Palestine),,7,78,Civilian targeting,275,Middle East,Palestine,Gaza Strip,North Gaza,,Beit Hanoun,31.5405,34.5402,1,Ma'an News Agency; Palestine News and Information Agency; Quds News Network; Twitter,New media-National,"On 16 April 2024, Israeli artillery shelled targets and opened fire toward houses during a military operation in Beit Hanoun (North Gaza, Gaza Strip). Casualties unknown.",0,,1753955113
PSE50513,4/16/2024,2024,1,Political violence,Explosions/Remote violence,Air/drone strike,Military Forces of Israel (2022-),,8,Civilians (Palestine),Refugees/IDPs (Palestine),7,78,Civilian targeting,275,Middle East,Palestine,Gaza Strip,Deir El Balah,,Al Maghazi,31.4214,34.3865,1,Amnesty International; Arab 48; CNN; Ma'an News Agency; Newpress; Palestine News and Information Agency; Quds News Network; Twitter,Other-New media,"On 16 April 2024, Israeli warplanes carried out strikes in Al Maghazi refugee camp (Deir El Balah, Gaza Strip), killing 15 Palestinians, including 10 children, and injuring at least 25 others.",15,,1753955113
PSE50576,4/16/2024,2024,1,Political violence,Explosions/Remote violence,Air/drone strike,Military Forces of Israel (2022-),,8,Civilians (Palestine),,7,78,Civilian targeting,275,Middle East,Palestine,Gaza Strip,Gaza City,,Al Zahra,31.4716,34.4013,1,Palestine News and Information Agency; Palestinian Ministry of Health,Other-National,"On 16 April 2024, Israeli warplanes struck houses in Al Zahra city (Gaza City, Gaza Strip) leading to unspecified fatalities. [Palestinian Ministry of Health reported 33899 fatalities up to 16 April 2024. 14 fatalities not attributed to specific events split across 5 events on 16 April. 3 fatalities coded to this event.] On 28 January 2025, 14 bodies were recovered from under the rubble in Al Zahra. These fatalities were distributed across two separate events. 7 of the recovered fatalities were coded under this event. Total fatalities coded as 10.",10,,1753955113
PSE50567,4/16/2024,2024,1,Political violence,Explosions/Remote violence,Air/drone strike,Military Forces of Israel (2022-),,8,Civilians (Palestine),,7,78,Civilian targeting,275,Middle East,Palestine,Gaza Strip,Gaza City,,Al Mughraqa,31.4675,34.4097,1,Palestine News and Information Agency; Palestinian Ministry of Health,Other-National,"On 16 April 2024, Israeli warplanes struck houses in Al Mughraqa town (Gaza City, Gaza Strip) leading to unspecified fatalities. [Palestinian Ministry of Health reported 33899 fatalities upto 16 April 2024. 14 fatalities not attributed to specific events split across 5 events on 16 April. 3 fatalities coded to this event.]",3,,1753955113
PSE50700,4/16/2024,2024,1,Political violence,Explosions/Remote violence,Air/drone strike,Military Forces of Israel (2022-),,8,Civilians (Palestine),Refugees/IDPs (Palestine),7,78,Civilian targeting,275,Middle East,Palestine,Gaza Strip,Rafah,,Yibna,31.2842,34.2482,1,Al-Ittihad; Jerusalem Post; Palestine News and Information Agency; Quds News Network; Twitter,New media-National,"On 16 April 2024, Israeli warplanes struck a house in Yibna refugee camp (Rafah, Gaza Strip), leaving 7 fatalities and several injuries.",7,,1753955113
PSE50589,4/17/2024,2024,1,Political violence,Explosions/Remote violence,Air/drone strike,Military Forces of Israel (2022-),,8,Civilians (Palestine),,7,78,Civilian targeting,275,Middle East,Palestine,Gaza Strip,Gaza City,,Gaza - At Tuffah,31.5134,34.4751,1,Newpress; Quds News Network; Twitter,New media-National,"On 17 April 2024, Israeli warplanes struck a house in Gaza - At Tuffah (Gaza City, Gaza Strip). There were no casualties.",0,,1759790002
PSE50611,4/17/2024,2024,1,Political violence,Explosions/Remote violence,Air/drone strike,Military Forces of Israel (2022-),,8,Civilians (Palestine),,7,78,Civilian targeting,275,Middle East,Palestine,Gaza Strip,Gaza City,,Gaza - Sheikh Radwan,31.5349,34.4667,1,Arab 48; Newpress; Palestine News and Information Agency; Quds News Network; Twitter,New media-National,"On 17 April 2024, Israeli warplanes struck a group of people in Gaza - Sheikh Radwan (Gaza City, Gaza Strip), leaving 13 fatalities and a number of injuries.",13,,1759790002
PSE50618,4/17/2024,2024,1,Political violence,Explosions/Remote violence,Air/drone strike,Military Forces of Israel (2022-),,8,Civilians (Palestine),,7,78,Civilian targeting,275,Middle East,Palestine,Gaza Strip,Gaza City,,Gaza - Shujaiyya,31.4988,34.4699,1,Al-Ittihad; Arab 48; Newpress; Palestine News and Information Agency; Quds News Network; Twitter,New media-National,"On 17 April 2024, Israeli warplanes struck a house in Gaza - Shujaiyya (Gaza City, Gaza Strip), leaving at least 2 fatalities.",2,,1759790002
PSE50601,4/17/2024,2024,1,Political violence,Explosions/Remote violence,Air/drone strike,Military Forces of Israel (2022-),,8,Civilians (Palestine),Refugees/IDPs (Palestine),7,78,Civilian targeting,275,Middle East,Palestine,Gaza Strip,Gaza City,,Gaza - Ash Shati' Camp,31.5349,34.4466,1,Palestine News and Information Agency; Quds News Network; Twitter,New media-National,"On 17 April 2024, Israeli warplanes struck targets (including a school hosting displaced people) in Gaza - Ash Shati' Camp (Gaza City, Gaza Strip), killing 4 persons including 2 children.",4,,1759790002
PSE50540,4/17/2024,2024,1,Political violence,Explosions/Remote violence,Air/drone strike,Military Forces of Israel (2022-),,8,Civilians (Palestine),Refugees/IDPs (Palestine),7,78,Civilian targeting,275,Middle East,Palestine,Gaza Strip,Deir El Balah,,An Nusayrat,31.4486,34.3925,1,Palestine News and Information Agency; Palestinian Ministry of Health; Quds News Network; Twitter,Other-New media,"On 17 April 2024, Israeli warplanes carried out airstrikes and artillery shelled targets in An Nusayrat refugee camp (Deir El Balah, Gaza Strip). Also, an airstrike targeted a building in the camp leading to unspecified fatalities. [Palestinian Ministry of Health reported 33970 fatalities upto 17 April 2024. 31 fatalities not attributed to specific events split across 2 events on 17 April. 16 fatalities coded to this event.]",16,,1753955113
PSE50542,4/17/2024,2024,1,Political violence,Explosions/Remote violence,Air/drone strike,Military Forces of Israel (2022-),,8,Civilians (Palestine),,7,78,Civilian targeting,275,Middle East,Palestine,Gaza Strip,Deir El Balah,,An Nusayrat - North,31.4591,34.3923,1,Arab 48; Palestine News and Information Agency; Palestinian Ministry of Health; Quds News Network; Twitter,Other-New media,"On 17 April 2024, Israeli warplanes carried out airstrikes targeting residential towers and artillery shelled targets north of An Nusayrat refugee camp (An Nusayrat - North, Deir El Balah, Gaza Strip) leading to unspecified fatalities. [Palestinian Ministry of Health reported 33970 fatalities upto 17 April 2024. 31 fatalities not attributed to specific events split across 2 events on 17 April. 15 fatalities coded to this event.]",15,,1753955113
PSE50687,4/17/2024,2024,1,Political violence,Explosions/Remote violence,Air/drone strike,Military Forces of Israel (2022-),,8,Civilians (Palestine),Refugees/IDPs (Palestine),7,78,Civilian targeting,275,Middle East,Palestine,Gaza Strip,Rafah,,As Salam,31.2678,34.2567,1,Newpress; Palestine News and Information Agency; Quds News Network; Twitter,New media-National,"On 17 April 2024, Israeli warplanes struck a room hosting displaced Palestinians in As Salam (Rafah, Gaza Strip), killing 11 persons including a woman and 3 children.",11,,1753955113
PSE50612,4/18/2024,2024,1,Political violence,Explosions/Remote violence,Air/drone strike,Military Forces of Israel (2022-),,8,Civilians (Palestine),,7,78,Civilian targeting,275,Middle East,Palestine,Gaza Strip,Gaza City,,Gaza - Sheikh Radwan,31.5349,34.4667,1,Palestine News and Information Agency,National,"On 18 April 2024, Israeli warplanes struck a house in Gaza - Sheikh Radwan (Gaza City, Gaza Strip), killing at least 3 persons and leaving several injuries.",3,,1759790002
PSE50563,4/18/2024,2024,1,Political violence,Violence against civilians,Attack,Military Forces of Israel (2022-),,8,Civilians (Palestine),,7,78,Civilian targeting,275,Middle East,Palestine,Gaza Strip,Deir El Balah,,Deir al Balah Camp,31.4249,34.34,2,Arab 48; Quds News Network; Twitter,New media-National,"On 18 April 2024, Israeli forces shot dead a Palestinian east of Deir al Balah city, coded to Deir al Balah Camp (Deir El Balah, Gaza Strip).",1,,1765850627
PSE50602,4/18/2024,2024,1,Political violence,Explosions/Remote violence,Air/drone strike,Military Forces of Israel (2022-),,8,Civilians (Palestine),Refugees/IDPs (Palestine),7,78,Civilian targeting,275,Middle East,Palestine,Gaza Strip,Gaza City,,Gaza - Ash Shati' Camp,31.5349,34.4466,1,Palestine News and Information Agency; Palestinian Ministry of Health; Quds News Network; Twitter,Other-New media,"On 18 April 2024, Israeli warplanes struck houses in Gaza - Ash Shati' Camp (Gaza City, Gaza Strip) leading to unspecified fatalities. [Palestinian Ministry of Health reported 34012 fatalities upto 18 April 2024. 26 fatalities not attributed to specific events split across 3 events on 18 April. 8 fatalities coded to this event.]",8,,1759790002
PSE50570,4/18/2024,2024,1,Political violence,Explosions/Remote violence,Air/drone strike,Military Forces of Israel (2022-),,8,Civilians (Palestine),,7,78,Civilian targeting,275,Middle East,Palestine,Gaza Strip,Gaza City,,Al Mughraqa,31.4675,34.4097,1,Arab 48; Palestine News and Information Agency; Quds News Network; Twitter,New media-National,"On 18 April 2024, Israeli warplanes carried out strikes and artillery shelled targets in the Al Mughraqa (Gaza City, Gaza Strip), leaving 3 injuries.",0,,1753955113
PSE50703,4/18/2024,2024,1,Political violence,Explosions/Remote violence,Air/drone strike,Military Forces of Israel (2022-),,8,Civilians (Palestine),Refugees/IDPs (Palestine),7,78,Civilian targeting,275,Middle East,Palestine,Gaza Strip,Rafah,,Yibna,31.2842,34.2482,1,Palestine News and Information Agency; Palestinian Ministry of Health,Other-National,"On 18 April 2024, Israeli warplanes struck a house in Yibna refugee camp (Rafah, Gaza Strip )leading to unspecified fatalities. [Palestinian Ministry of Health reported 34012 fatalities upto 18 April 2024. 26 fatalities not attributed to specific events split across 3 events on 18 April. 9 fatalities coded to this event.]",9,,1753955113
PSE50629,4/18/2024,2024,1,Political violence,Explosions/Remote violence,Air/drone strike,Military Forces of Israel (2022-),,8,Civilians (Palestine),,7,78,Civilian targeting,275,Middle East,Palestine,Gaza Strip,Gaza City,,Gaza - Tal el Hawa,31.5041,34.435,1,Palestine News and Information Agency; Palestinian Ministry of Health; Quds News Network; Twitter,Other-New media,"On 18 April 2024, Israeli warplanes struck houses in Gaza - Tal el Hawa (Gaza City, Gaza Strip) leading to unspecified fatalities. Also, Israeli artillery shelled targets in the same area. [Palestinian Ministry of Health reported 34012 fatalities upto 18 April 2024. 26 fatalities not attributed to specific events split across 3 events on 18 April. 9 fatalities coded to this event.]",9,,1759790002
PSE50550,4/19/2024,2024,1,Political violence,Explosions/Remote violence,Air/drone strike,Military Forces of Israel (2022-),,8,Civilians (Palestine),,7,78,Civilian targeting,275,Middle East,Palestine,Gaza Strip,Deir El Balah,,An Nusayrat,31.4486,34.3925,2,Liveuamap; Palestinian Ministry of Health; Quds News Network; Twitter,Local partner-New media,"On 19 April 2024, Israeli warplanes struck a residential complex in Al Dawa area east of An Nusayrat camp (Deir El Balah, Gaza Strip) leading to unspecified fatalities. [Palestinian Ministry of Health reported 34049 fatalities upto 19 April 2024. 27 fatalities not attributed to specific events split across 3 events on 19 April. 9 fatalities coded to this event.]",9,,1753955113
PSE50604,4/19/2024,2024,1,Political violence,Explosions/Remote violence,Air/drone strike,Military Forces of Israel (2022-),,8,Civilians (Palestine),Refugees/IDPs (Palestine),7,78,Civilian targeting,275,Middle East,Palestine,Gaza Strip,Gaza City,,Gaza - Ash Shati' Camp,31.5349,34.4466,1,Arab 48; Ma'an News Agency; Palestine News and Information Agency; Palestinian Ministry of Health; Quds News Network; Twitter,Other-New media,"On 19 April 2024, Israeli warplanes struck a house in Gaza - Ash Shati' Camp (Gaza City, Gaza Strip) leading to unspecified fatalities. [Palestinian Ministry of Health reported 34049 fatalities upto 19 April 2024. 27 fatalities not attributed to specific events split across 3 events on 19 April. 9 fatalities coded to this event.]",9,,1759790002
PSE50695,4/19/2024,2024,1,Political violence,Explosions/Remote violence,Air/drone strike,Military Forces of Israel (2022-),,8,Civilians (Palestine),,7,78,Civilian targeting,275,Middle East,Palestine,Gaza Strip,Rafah,,Tal as Sultan,31.3098,34.2414,1,Amnesty International; Arab 48; Dunia Al Watan; Ma'an News Agency; Newpress; Palestine News and Information Agency; Quds News Network; Twitter,Other-New media,"On 19 April 2024, Israeli warplanes struck a house in Tal as Sultan (Rafah, Gaza Strip), killing 9 people including 6 children, and causing several injuries.",9,,1762829569
PSE50681,4/19/2024,2024,1,Political violence,Explosions/Remote violence,Air/drone strike,Military Forces of Israel (2022-),,8,Civilians (Palestine),,7,78,Civilian targeting,275,Middle East,Palestine,Gaza Strip,North Gaza,,Jabalya - Tel-Zaatar,31.5367,34.5035,2,Palestine News and Information Agency,National,"On 19 April 2024, Israeli warplanes struck a house east of Jabalya - Tel-Zaatar (North Gaza, Gaza Strip), injuring one person.",0,,1759790002
PSE50691,4/19/2024,2024,1,Political violence,Explosions/Remote violence,Air/drone strike,Military Forces of Israel (2022-),,8,Civilians (Palestine),,7,78,Civilian targeting,275,Middle East,Palestine,Gaza Strip,Rafah,,Rafah,31.287,34.2595,1,Ma'an News Agency; Newpress; Palestine News and Information Agency; Palestinian Ministry of Health; Quds News Network; Twitter,Other-New media,"On 19 April 2024, Israeli warplanes struck a house in Rafah city (Rafah, Gaza Strip) leading to unspecified fatalities. [Palestinian Ministry of Health reported 34049 fatalities upto 19 April 2024. 27 fatalities not attributed to specific events split across 3 events on 19 April. 9 fatalities coded to this event.]",9,,1762829569
PSE50688,4/19/2024,2024,1,Political violence,Explosions/Remote violence,Air/drone strike,Military Forces of Israel (2022-),,8,Civilians (Palestine),,7,78,Civilian targeting,275,Middle East,Palestine,Gaza Strip,Rafah,,As Salam,31.2678,34.2567,1,Dunia Al Watan; Newpress; Palestine News and Information Agency; Twitter,New media-National,"On 19 April 2024, Israeli warplanes struck a house in As Salam (Rafah, Gaza Strip), killing a woman and injuring others.",1,,1753955113
PSE50849,4/20/2024,2024,1,Political violence,Explosions/Remote violence,Air/drone strike,Military Forces of Israel (2022-),,8,Civilians (Palestine),,7,78,Civilian targeting,275,Middle East,Palestine,Gaza Strip,Khan Yunis,,Al Mawasi (Khan Yunis),31.3482,34.2547,1,Arab 48; Ma'an News Agency; Palestine News and Information Agency; Quds News Network; Twitter,New media-National,"On 20 April 2024, Israeli warplanes struck a house located near the tent of displaced people in Al Mawasi (Khan Yunis), Gaza Strip. 2 persons were killed and another 10 injured.",2,,1762829569
PSE50841,4/20/2024,2024,1,Political violence,Explosions/Remote violence,Air/drone strike,Military Forces of Israel (2022-),,8,Civilians (Palestine),Health Workers (Palestine); Refugees/IDPs (Palestine),7,78,Civilian targeting,275,Middle East,Palestine,Gaza Strip,Deir El Balah,,Al Burayj,31.4394,34.4031,1,Newpress; Palestine News and Information Agency; Quds News Network; Twitter,New media-National,"On 20 April 2024, Israeli warplanes struck a clinic in Al Burayj refugee camp (Deir El Balah, Gaza Strip), killing a Palestinian doctor and injuring his son.",1,,1753955113
PSE50895,4/20/2024,2024,1,Political violence,Explosions/Remote violence,Air/drone strike,Military Forces of Israel (2022-),,8,Civilians (Palestine),,7,78,Civilian targeting,275,Middle East,Palestine,Gaza Strip,Deir El Balah,,An Nusayrat - North,31.4591,34.3923,1,Arab 48; Newpress; Palestine News and Information Agency; Quds News Network; Twitter,New media-National,"On 20 April 2024, Israeli warplanes struck a residential complex in Al Daawa area north of An Nusayrat camp (An Nusayrat - North, Deir El Balah, Gaza Strip), killing 3 Palestinians and injuring 30 others. Also, the artillery struck in the same area with unknown fatalities. Meanwhile, 2 Palestinians were killed in an airstrike near Wadi Gaza area north of the Nusayrat. Total fatalities coded as at least 5.",5,,1753955113
PSE50916,4/20/2024,2024,1,Political violence,Explosions/Remote violence,Air/drone strike,Military Forces of Israel (2022-),,8,Civilians (Palestine),,7,78,Civilian targeting,275,Middle East,Palestine,Gaza Strip,Gaza City,,Gaza - Southern Remal,31.5168,34.4355,1,Palestine News and Information Agency,National,"On 20 April 2024, Israeli warplanes struck a house in Gaza - Southern Remal (Gaza City, Gaza Strip). Casualties unknown.",0,,1759790002
PSE50957,4/20/2024,2024,1,Political violence,Explosions/Remote violence,Air/drone strike,Military Forces of Israel (2022-),,8,Civilians (Palestine),Refugees/IDPs (Palestine),7,78,Civilian targeting,275,Middle East,Palestine,Gaza Strip,North Gaza,,Jabalya Camp,31.536,34.4907,1,Palestine News and Information Agency; Quds News Network; Twitter,New media-National,"On 20 April 2024, an Israeli UAV struck the Al Falouja area in Mukhayyam Jabalya Camp (North Gaza, Gaza Strip), leaving 6 fatalities and a number of injuries.",6,,1753955113
PSE50909,4/20/2024,2024,1,Political violence,Explosions/Remote violence,Air/drone strike,Military Forces of Israel (2022-),,8,Civilians (Palestine),Refugees/IDPs (Palestine),7,78,Civilian targeting,275,Middle East,Palestine,Gaza Strip,Gaza City,,Gaza - Ash Shati' Camp,31.5349,34.4466,1,Arab 48; Palestinian Ministry of Health; Quds News Network; Twitter,Other-New media,"On 20 April 2024, Israeli warplanes struck a house in Gaza - Ash Shati' Camp (Gaza City, Gaza Strip) leading to unspecified fatalities. [Palestinian Ministry of Health reported 34097 fatalities upto 20 April 2024. 5 fatalities not attributed to specific events added to 1 event on 20 April. 5 fatalities coded to this event.]",5,,1759790002
PSE51075,4/20/2024,2024,1,Political violence,Explosions/Remote violence,Air/drone strike,Military Forces of Israel (2022-),,8,Civilians (Palestine),,7,78,Civilian targeting,275,Middle East,Palestine,Gaza Strip,Rafah,,Yibna,31.2842,34.2482,2,Amnesty International; Arab 48; Dunia Al Watan; Ma'an News Agency; Palestine News and Information Agency; PLO Negotiations Affairs Department; Quds News Network; Twitter,Other-New media,"On 20 April 2024, Israeli warplanes struck a house near the eastern cemetery east of Rafah City, coded to Yibna (Rafah, Gaza Strip), leaving one fatality. Also, artillery and tanks shelled targets east of Rafah. Casualties unknown. Also, 20 Palestinians (including 16 children and 4 women) were killed and 5 others were wounded in an airstrike targeted a house east of Rafah. Total fatalities coded at least 21.",21,,1753955113
PSE50946,4/20/2024,2024,1,Political violence,Explosions/Remote violence,Air/drone strike,Military Forces of Israel (2022-),,8,Civilians (Palestine),,7,78,Civilian targeting,275,Middle East,Palestine,Gaza Strip,Rafah,,Khirbet al Adas,31.2855,34.2714,1,Arab 48; Quds News Network; Twitter,New media-National,"On 20 April 2024, Israeli warplanes struck targets (including a house) in Khirbet al Adas (Rafah, Gaza Strip). Casualties unknown.",0,,1753955113
PSE50958,4/20/2024,2024,1,Political violence,Explosions/Remote violence,Air/drone strike,Military Forces of Israel (2022-),,8,Civilians (Palestine),Refugees/IDPs (Palestine),7,78,Civilian targeting,275,Middle East,Palestine,Gaza Strip,Rafah,,Rafah Camp,31.2847,34.2546,1,Al-Ittihad; Dunia Al Watan; Ma'an News Agency; Newpress; Palestine News and Information Agency; Quds News Network; Twitter,New media-National,"On 20 April 2024, Israeli warplanes struck a house in Al Shabourah refugee camp in Mukhayyam Rafah Camp (Rafah, Gaza Strip), killing 4 Palestinians (a husband, a pregnant wife and their 2 daughters), and injuring others.",4,,1753955113
PSE50963,4/20/2024,2024,1,Political violence,Explosions/Remote violence,Air/drone strike,Military Forces of Israel (2022-),,8,Civilians (Palestine),,7,78,Civilian targeting,275,Middle East,Palestine,Gaza Strip,Rafah,,Rafah,31.287,34.2595,1,Arab 48; Quds News Network; Twitter,New media-National,"On 20 April 2024, Israeli warplanes struck a house in Rafah city (Rafah, Gaza Strip). Casualties unknown.",0,,1762829569
PSE50864,4/21/2024,2024,1,Political violence,Explosions/Remote violence,Air/drone strike,Military Forces of Israel (2022-),,8,Civilians (Palestine),Refugees/IDPs (Palestine),7,78,Civilian targeting,275,Middle East,Palestine,Gaza Strip,Deir El Balah,,An Nusayrat,31.4486,34.3925,1,Quds News Network; Twitter,New media-National,"On 21 April 2024, Israeli warplanes struck targets in An Nusayrat refugee camp (Deir El Balah, Gaza Strip), leaving injuries.",0,,1753955113
PSE50996,4/21/2024,2024,1,Political violence,Explosions/Remote violence,Air/drone strike,Military Forces of Israel (2022-),,8,Civilians (Palestine),,7,78,Civilian targeting,275,Middle East,Palestine,Gaza Strip,Deir El Balah,,An Nusayrat - West,31.4525,34.3756,1,Arab 48; Liveuamap; Palestine News and Information Agency; Quds News Network; Twitter,Local partner-New media,"On 21 April 2024, Israeli warplanes struck a house west of An Nusayrat refugee camp (An Nusayrat - West, Deir El Balah, Gaza Strip), leaving 7 fatalities.",7,,1753955113
PSE50995,4/21/2024,2024,1,Political violence,Explosions/Remote violence,Air/drone strike,Military Forces of Israel (2022-),,8,Civilians (Palestine),,7,78,Civilian targeting,275,Middle East,Palestine,Gaza Strip,Deir El Balah,,An Nusayrat - North,31.4591,34.3923,1,Arab 48; Palestine News and Information Agency; Palestinian Ministry of Health; Quds News Network; Twitter,Other-New media,"On 21 April 2024, Israeli warplanes struck houses and other targets north of An Nusayrat camp (An Nusayrat - North, Deir El Balah, Gaza Strip), leaving injuries. Fatalities unknown. [Palestinian Ministry of Health reported 34654 fatalities upto 21 April. 39 fatalities not attributed to specific events added to 1 event on 21 April. 39 fatalities coded to this event.]",39,,1753955113
PSE50947,4/21/2024,2024,1,Political violence,Explosions/Remote violence,Air/drone strike,Military Forces of Israel (2022-),,8,Civilians (Palestine),Farmers (Palestine),7,78,Civilian targeting,275,Middle East,Palestine,Gaza Strip,Rafah,,Khirbet al Adas,31.2855,34.2714,1,Palestine News and Information Agency,National,"On 21 April 2024, Israeli warplanes struck agricultural areas in Khirbet al Adas (Rafah, Gaza Strip), leaving 3 injuries.",0,,1753955113
PSE50964,4/21/2024,2024,1,Political violence,Explosions/Remote violence,Air/drone strike,Military Forces of Israel (2022-),,8,Civilians (Palestine),,7,78,Civilian targeting,275,Middle East,Palestine,Gaza Strip,Rafah,,Rafah,31.287,34.2595,1,Al-Ittihad; Dunia Al Watan; Ma'an News Agency; Palestine News and Information Agency; Quds News Network; Twitter,New media-National,"On 21 April 2024, Israeli warplanes struck 2 houses in Rafah city (Rafah, Gaza Strip), leaving 8 fatalities including 5 children.",8,,1762829569
PSE50900,4/22/2024,2024,1,Political violence,Explosions/Remote violence,Air/drone strike,Military Forces of Israel (2022-),,8,Civilians (Palestine),,7,78,Civilian targeting,275,Middle East,Palestine,Gaza Strip,Gaza City,,Gaza - Ad Darraj,31.5172,34.4642,1,Arab 48; Newpress; Palestine News and Information Agency; Quds News Network; Twitter,New media-National,"On 22 April 2024, Israeli warplanes struck a house in the Al Sahabah area of Gaza - Ad Darraj (Gaza City, Gaza Strip), killing a Palestinian and injuring another 3 persons.",1,,1759790002
PSE50915,4/22/2024,2024,1,Political violence,Explosions/Remote violence,Air/drone strike,Military Forces of Israel (2022-),,8,Civilians (Palestine),Health Workers (Palestine); Refugees/IDPs (Palestine),7,78,Civilian targeting,275,Middle East,Palestine,Gaza Strip,Gaza City,,Gaza - Shujaiyya,31.4988,34.4699,1,Arab 48; Quds News Network; Twitter,New media-National,"On 22 April 2024, Israeli warplanes struck a house in Al Mansoura street in Gaza - Shujaiyya (Gaza City, Gaza Strip), killing a Palestinian. Also, Palestinians, including displaced people were injured in airstrikes targeting a clinic and schools hosting displaced people in the same location. One fatality coded.",1,,1759790002
PSE50831,4/22/2024,2024,1,Political violence,Explosions/Remote violence,Shelling/artillery/missile attack,Military Forces of Israel (2022-),,8,Civilians (Palestine),,7,78,Civilian targeting,275,Middle East,Palestine,Gaza Strip,Deir El Balah,,Al Burayj,31.4394,34.4031,2,Arab 48; Quds News Network; Twitter,New media-National,"On 22 April 2024, Israeli artillery shelled targets east of Al Burayj camp (Deir El Balah, Gaza Strip), killing one Palestinian.",1,,1753955113
PSE50840,4/22/2024,2024,1,Political violence,Explosions/Remote violence,Air/drone strike,Military Forces of Israel (2022-),,8,Civilians (Palestine),,7,78,Civilian targeting,275,Middle East,Palestine,Gaza Strip,Deir El Balah,,Al Brawk,31.4204,34.339,1,Palestine News and Information Agency,National,"On 22 April 2024, Israeli warplanes struck a house in Al Brawk (Deir El Balah, Gaza Strip), leaving a number of injuries.",0,,1767742780
PSE50892,4/22/2024,2024,1,Political violence,Explosions/Remote violence,Air/drone strike,Military Forces of Israel (2022-),,8,Civilians (Palestine),,7,78,Civilian targeting,275,Middle East,Palestine,Gaza Strip,Deir El Balah,,Deir al Balah,31.4178,34.3503,1,Newpress; Quds News Network; Twitter,New media-National,"On 22 April 2024, Israeli warplanes struck a house in Abu Areef Street of Deir al Balah city (Deir El Balah, Gaza Strip), killing a Palestinian girl. Also, an Israeli UAV targeted a house in Deir al Balah city, casualties unknown. Fatalities coded as at least 1.",1,,1753955113
PSE51205,4/22/2024,2024,1,Political violence,Explosions/Remote violence,Air/drone strike,Military Forces of Israel (2022-),,8,Civilians (Palestine),Muslim Group (Palestine); Refugees/IDPs (Palestine),7,78,Civilian targeting,275,Middle East,Palestine,Gaza Strip,Deir El Balah,,Al Burayj,31.4394,34.4031,1,Newpress; Palestine News and Information Agency; Quds News Network; Twitter,New media-National,"On 22 April 2024, Israeli warplanes struck a mosque and a building in Al Burayj refugee camp (Deir El Balah, Gaza Strip), leaving 6 fatalities and a number of injuries. Also, a warplane struck the entrance of the camp and a house in separate incidents. Fatalities coded as at least 6.",6,,1753955113
PSE50972,4/22/2024,2024,1,Political violence,Explosions/Remote violence,Air/drone strike,Military Forces of Israel (2022-),,8,Civilians (Palestine),,7,78,Civilian targeting,275,Middle East,Palestine,Gaza Strip,North Gaza,,Beit Lahiya,31.5541,34.5016,2,Newpress; Palestine News and Information Agency; Quds News Network; Twitter,New media-National,"On 22 April 2024, Israeli warplanes struck 2 houses in the Al Shaymaa Street north of Beit Lahiya (North Gaza, Gaza Strip). Also, the and artillery shelled targets in the same area. Casualties unknown.",0,,1753955113
PSE50866,4/22/2024,2024,1,Political violence,Explosions/Remote violence,Air/drone strike,Military Forces of Israel (2022-),,8,Civilians (Palestine),Refugees/IDPs (Palestine),7,78,Civilian targeting,275,Middle East,Palestine,Gaza Strip,Deir El Balah,,An Nusayrat,31.4486,34.3925,1,Arab 48; Liveuamap; Palestine News and Information Agency; Palestinian Ministry of Health; Quds News Network; Twitter,Local partner-New media,"On 22 April 2024, Israeli warplanes struck a house in Al Sawarha area of An Nusayrat refugee camp (Deir El Balah, Gaza Strip), leaving a number of injuries. Also, the artillery shelled an apartment near the mosque of An Nusayrat, leaving injuries. In addition, the artillery targeted Al Awda Hospital in the camp. Unspecified fatalities. [Palestinian Ministry of Health reported 34183 fatalities upto 22 April 2024. 21 fatalities not attributed to specific events split across 3 events on 22 April. 7 fatalities coded to this event.]",7,,1753955113
PSE50848,4/22/2024,2024,1,Political violence,Explosions/Remote violence,Air/drone strike,Military Forces of Israel (2022-),,8,Civilians (Palestine),Refugees/IDPs (Palestine),7,78,Civilian targeting,275,Middle East,Palestine,Gaza Strip,Deir El Balah,,Al Maghazi,31.4214,34.3865,1,Arab 48; Palestinian Ministry of Health; Quds News Network; Twitter,Other-New media,"On 22 April 2024, Israeli warplanes struck the Wadi Abu Rashid area in Al Maghazi refugee camp (Deir El Balah, Gaza Strip). Also, the artillery shelled targets in the same area. Unspecified casualties. [Palestinian Ministry of Health reported 34183 fatalities upto 22 April 2024. 21 fatalities not attributed to specific events split across 3 events on 22 April. 7 fatalities coded to this event.]",7,,1753955113
PSE50920,4/22/2024,2024,1,Political violence,Explosions/Remote violence,Air/drone strike,Military Forces of Israel (2022-),,8,Civilians (Palestine),,7,78,Civilian targeting,275,Middle East,Palestine,Gaza Strip,Gaza City,,Gaza - Tal el Hawa,31.5041,34.435,1,Arab 48; Newpress; Palestinian Ministry of Health; Twitter,Other-New media,"On 22 April 2024, Israeli warplanes struck a building in Gaza - Tal el Hawa (Gaza City, Gaza Strip). Unspecified casualties. [Palestinian Ministry of Health reported 34183 fatalities upto 22 April 2024. 21 fatalities not attributed to specific events split across 3 events on 22 April. 7 fatalities coded to this event.]",7,,1759790002
PSE51030,4/22/2024,2024,1,Political violence,Explosions/Remote violence,Air/drone strike,Military Forces of Israel (2022-),,8,Civilians (Palestine),,7,78,Civilian targeting,275,Middle East,Palestine,Gaza Strip,North Gaza,,Jabalya,31.5272,34.4835,2,Quds News Network; Twitter,New media-National,"On 22 April 2024, Israeli warplanes struck a house near Al Saftawi area west of Jabalya (North Gaza, Gaza Strip). Casualties unknown.",0,,1759790002
PSE51001,4/23/2024,2024,1,Political violence,Explosions/Remote violence,Air/drone strike,Military Forces of Israel (2022-),,8,Civilians (Palestine),,7,78,Civilian targeting,275,Middle East,Palestine,Gaza Strip,Gaza City,,Gaza - Shujaiyya,31.4988,34.4699,1,Palestine News and Information Agency; Quds News Network; Twitter,New media-National,"On 23 April 2024, Israeli UAVs and artillery and tanks shelled targets in Gaza - Shujaiyya (Gaza City, Gaza Strip), leaving 3 fatalities and 10 injuries in Az Zaytun, Shujaiyya, and At Tuffah. Fatalities were split across 3 locations (one fatality coded to this location).",1,,1759790002
PSE51002,4/23/2024,2024,1,Political violence,Explosions/Remote violence,Shelling/artillery/missile attack,Military Forces of Israel (2022-),,8,Civilians (Palestine),,7,78,Civilian targeting,275,Middle East,Palestine,Gaza Strip,Gaza City,,Gaza - At Tuffah,31.5134,34.4751,1,Palestine News and Information Agency; Quds News Network; Twitter,New media-National,"On 23 April 2024, Israeli artillery and tanks shelled targets in Gaza - At Tuffah (Gaza City, Gaza Strip), leaving 3 fatalities and 10 injuries in Az Zaytun, Shujaiyya, and At Tuffah. Fatalities were split across 3 locations (one fatality coded to this location).",1,,1759790002
PSE51041,4/23/2024,2024,1,Political violence,Explosions/Remote violence,Air/drone strike,Military Forces of Israel (2022-),,8,Civilians (Palestine),,7,78,Civilian targeting,275,Middle East,Palestine,Gaza Strip,Khan Yunis,,Al Mawasi (Khan Yunis),31.3482,34.2547,1,Palestine News and Information Agency,National,"On 23 April 2024, Israeli warplanes struck targets in Al Mawasi (Khan Yunis), Gaza Strip, leaving 2 fatalities.",2,,1762829569
PSE50834,4/23/2024,2024,1,Political violence,Explosions/Remote violence,Air/drone strike,Military Forces of Israel (2022-),,8,Civilians (Palestine),,7,78,Civilian targeting,275,Middle East,Palestine,Gaza Strip,Deir El Balah,,Al Burayj,31.4394,34.4031,2,Palestine News and Information Agency; Quds News Network; Twitter,New media-National,"On 23 April 2024, Israeli warplanes struck targets southeast of Al Burayj camp (Deir El Balah, Gaza Strip), leaving a number of injuries among civilians.",0,,1753955113
PSE51005,4/23/2024,2024,1,Political violence,Explosions/Remote violence,Air/drone strike,Military Forces of Israel (2022-),,8,Civilians (Palestine),Refugees/IDPs (Palestine),7,78,Civilian targeting,275,Middle East,Palestine,Gaza Strip,Deir El Balah,,An Nusayrat,31.4486,34.3925,1,Arab 48; Newpress; Palestine News and Information Agency; Quds News Network; Twitter,New media-National,"On 23 April 2024, Israeli warplanes struck targets in An Nusayrat refugee camp (Deir El Balah, Gaza Strip), leaving at least 4 fatalities. Meanwhile, the artillery shelled targets in the same area, leaving injuries. Fatalities were at least 4.",4,,1753955113
PSE51014,4/23/2024,2024,1,Political violence,Explosions/Remote violence,Shelling/artillery/missile attack,Military Forces of Israel (2022-),,8,Civilians (Palestine),,7,78,Civilian targeting,275,Middle East,Palestine,Gaza Strip,Deir El Balah,,An Nusayrat - West,31.4525,34.3756,1,Palestine News and Information Agency; Quds News Network; Twitter,New media-National,"On 23 April 2024, Israeli gunboats shelled the beach of An Nusayrat, coded west of An Nusayrat refugee camp (An Nusayrat - West, Deir El Balah, Gaza Strip). Casualties unknown. Also, one Palestinian was killed due to artillery fire in the same area. Fatalities coded at least one.",1,,1753955113
PSE51015,4/23/2024,2024,1,Political violence,Explosions/Remote violence,Air/drone strike,Military Forces of Israel (2022-),,8,Civilians (Palestine),,7,78,Civilian targeting,275,Middle East,Palestine,Gaza Strip,Deir El Balah,,Deir al Balah,31.4178,34.3503,1,Arab 48; Palestine News and Information Agency; Quds News Network; Twitter,New media-National,"On 23 April 2024, Israeli warplanes struck a passing car at Yafa street in Deir al Balah city (Deir El Balah, Gaza Strip), leaving one fatality.",1,,1753955113
PSE51016,4/23/2024,2024,1,Political violence,Explosions/Remote violence,Air/drone strike,Military Forces of Israel (2022-),,8,Civilians (Palestine),,7,78,Civilian targeting,275,Middle East,Palestine,Gaza Strip,Deir El Balah,,An Nusayrat - North,31.4591,34.3923,1,Arab 48; Newpress; Palestine News and Information Agency; Quds News Network; Twitter,New media-National,"On 23 April 2024, Israeli warplanes carried out airstrikes and artillery shelled targets and houses north of An Nusayrat refugee camp and near the Wadi Gaza and al-Dawwa area (An Nusayrat - North, Deir El Balah, Gaza Strip). Casualties unknown.",0,,1753955113
PSE51006,4/23/2024,2024,1,Political violence,Explosions/Remote violence,Air/drone strike,Military Forces of Israel (2022-),,8,Civilians (Palestine),,7,78,Civilian targeting,275,Middle East,Palestine,Gaza Strip,North Gaza,,Beit Lahiya,31.5541,34.5016,1,Arab 48; Newpress; Palestine News and Information Agency; Quds News Network; Twitter,New media-National,"On 23 April 2024, Israeli UAVs struck a stadium in Beit Lahiya town (North Gaza, Gaza Strip), leaving one fatality and a number of injuries. Also, warplanes struck a mosque and a land, while the artillery shelled targets in the same area. Total fatalities coded at least 1.",1,,1753955113
PSE50839,4/23/2024,2024,1,Political violence,Explosions/Remote violence,Air/drone strike,Military Forces of Israel (2022-),,8,Civilians (Palestine),Muslim Group (Palestine),7,78,Civilian targeting,275,Middle East,Palestine,Gaza Strip,Deir El Balah,,Al Burayj,31.4394,34.4031,2,Arab 48; Palestine News and Information Agency; Palestinian Ministry of Health; Quds News Network; Twitter,Other-New media,"On 23 April 2024, Israeli warplanes struck several targets including a mosque east of Al Burayj camp (Deir El Balah, Gaza Strip). Unspecified casualties. [Palestinian Ministry of Health reported 34262 fatalities upto 23 April 2024. 55 fatalities not attributed to specific events split across 6 events on 23 April. 9 fatalities coded to this event.]",9,,1753955113
PSE50997,4/23/2024,2024,1,Political violence,Explosions/Remote violence,Air/drone strike,Military Forces of Israel (2022-),,8,Civilians (Palestine),,7,78,Civilian targeting,275,Middle East,Palestine,Gaza Strip,Gaza City,,Gaza,31.5045,34.4743,1,Newpress; Palestine News and Information Agency; Palestinian Ministry of Health; Quds News Network; Twitter,Other-New media,"On 23 April 2024, Israeli warplanes struck targets in Al Thalathini and Al Jalaa streets in Gaza City (Gaza City, Gaza Strip). Unspecified casualties. [Palestinian Ministry of Health reported 34262 fatalities upto 23 April 2024. 55 fatalities not attributed to specific events split across 6 events on 23 April. 9 fatalities coded to this event.]",9,,1759790002
PSE50999,4/23/2024,2024,1,Political violence,Explosions/Remote violence,Air/drone strike,Military Forces of Israel (2022-),,8,Civilians (Palestine),,7,78,Civilian targeting,275,Middle East,Palestine,Gaza Strip,Khan Yunis,,Khan Yunis,31.3502,34.3081,1,Palestine News and Information Agency; Palestinian Ministry of Health,Other-National,"On 23 April 2024, Israeli warplanes struck targets in Khan Yunis city (Khan Yunis, Gaza Strip). Unspecified casualties. [Palestinian Ministry of Health reported 34262 fatalities upto 23 April 2024. 55 fatalities not attributed to specific events split across 6 events on 23 April. 9 fatalities coded to this event.]",9,,1753955113
PSE51009,4/23/2024,2024,1,Political violence,Explosions/Remote violence,Air/drone strike,Military Forces of Israel (2022-),,8,Civilians (Palestine),Refugees/IDPs (Palestine),7,78,Civilian targeting,275,Middle East,Palestine,Gaza Strip,North Gaza,,Beit Hanoun,31.5405,34.5402,1,Palestine News and Information Agency,National,"On 23 April 2024, Israeli UAVs opened fire on centers housing displaced people in Beit Hanoun (North Gaza, Gaza Strip), leaving 2 injuries.",0,,1753955113
PSE50908,4/23/2024,2024,1,Political violence,Explosions/Remote violence,Air/drone strike,Military Forces of Israel (2022-),,8,Civilians (Palestine),,7,78,Civilian targeting,275,Middle East,Palestine,Gaza Strip,Gaza City,,Gaza - Az Zaytun,31.4964,34.4522,2,Palestine News and Information Agency; Quds News Network; Twitter,New media-National,"On 23 April 2024, Israeli warplanes carried strikes and artillery shelled houses south of Gaza - Az Zaytun (Gaza City, Gaza Strip). Casualties unknown.",0,,1759790002
PSE50911,4/23/2024,2024,1,Political violence,Explosions/Remote violence,Shelling/artillery/missile attack,Military Forces of Israel (2022-),,8,Civilians (Palestine),,7,78,Civilian targeting,275,Middle East,Palestine,Gaza Strip,Gaza City,,Gaza - Az Zaytun,31.4964,34.4522,2,Palestine News and Information Agency,National,"On 23 April 2024, Israeli artillery shelled houses east of Gaza - Az Zaytun (Gaza City, Gaza Strip). Casualties unknown.",0,,1759790002
PSE51000,4/23/2024,2024,1,Political violence,Explosions/Remote violence,Air/drone strike,Military Forces of Israel (2022-),,8,Civilians (Palestine),,7,78,Civilian targeting,275,Middle East,Palestine,Gaza Strip,Gaza City,,Gaza - Az Zaytun,31.4964,34.4522,1,Newpress; Palestine News and Information Agency; Quds News Network; Twitter,New media-National,"On 23 April 2024, Israeli warplanes struck targets (including a house) in Gaza - Az Zaytun (Gaza City, Gaza Strip). Meanwhile, artillery and tanks shelled targets, leaving 3 fatalities and 10 injuries in Az Zaytun, Shujaiyya, and At Tuffah. Fatalities split across 3 locations (one fatality coded to this location).",1,,1759790002
PSE51010,4/23/2024,2024,1,Political violence,Explosions/Remote violence,Air/drone strike,Military Forces of Israel (2022-),,8,Civilians (Palestine),,7,78,Civilian targeting,275,Middle East,Palestine,Gaza Strip,Gaza City,,Gaza - Tal el Hawa,31.5041,34.435,1,Newpress; Palestine News and Information Agency; Palestinian Ministry of Health; Quds News Network; Twitter,Other-New media,"On 23 April 2024, Israeli warplanes struck a residential building in Gaza - Tal el Hawa (Gaza City, Gaza Strip). Unspecified casualties. [Palestinian Ministry of Health reported 34262 fatalities upto 23 April 2024. 55 fatalities not attributed to specific events split across 6 events on 23 April. 9 fatalities coded to this event.]",9,,1759790002
PSE51034,4/23/2024,2024,1,Political violence,Explosions/Remote violence,Air/drone strike,Military Forces of Israel (2022-),,8,Civilians (Palestine),,7,78,Civilian targeting,275,Middle East,Palestine,Gaza Strip,North Gaza,,Jabalya,31.5272,34.4835,2,Arab 48; Liveuamap; Palestinian Ministry of Health; Quds News Network; Twitter,Local partner-New media,"On 23 April 2024, Israeli warplanes struck a house in Al Salam area east of Jabalya town (North Gaza, Gaza Strip). Also, the artillery shelled targets in the same area. Unspecified casualties. [Palestinian Ministry of Health reported 34262 fatalities upto 23 April 2024. 55 fatalities not attributed to specific events split across 6 events on 23 April. 10 fatalities coded to this event.]",10,,1759790002
PSE51013,4/23/2024,2024,1,Political violence,Explosions/Remote violence,Air/drone strike,Military Forces of Israel (2022-),,8,Civilians (Palestine),,7,78,Civilian targeting,275,Middle East,Palestine,Gaza Strip,Rafah,,Rafah,31.287,34.2595,1,Arab 48; Palestinian Ministry of Health,Other-National,"On 23 April 2024, Israeli warplanes struck targets in Rafah city (Rafah, Gaza Strip). Unspecified casualties. [Palestinian Ministry of Health reported 34262 fatalities upto 23 April 2024. 55 fatalities not attributed to specific events split across 6 events on 23 April. 9 fatalities coded to this event.]",9,,1762829569
PSE51012,4/23/2024,2024,1,Political violence,Explosions/Remote violence,Air/drone strike,Military Forces of Israel (2022-),,8,Civilians (Palestine),,7,78,Civilian targeting,275,Middle East,Palestine,Gaza Strip,Rafah,,As Salam,31.2678,34.2567,1,Arab 48; Palestine News and Information Agency; Quds News Network; Twitter,New media-National,"On 23 April 2024, Israeli warplanes struck a house in As Salam (Rafah, Gaza Strip), leaving 2 fatalities and a number of injuries.",2,,1753955113
PSE50973,4/23/2024,2024,1,Political violence,Violence against civilians,Attack,Military Forces of Israel (2022-),,8,Civilians (Palestine),,7,78,Civilian targeting,275,Middle East,Palestine,Gaza Strip,North Gaza,,Beit Lahiya,31.5541,34.5016,2,Quds News Network; Twitter,New media-National,"On 23 April 2024, Israeli forces opened fire toward a group of Palestinians while waiting for aid trucks west of Beit Lahiya (North Gaza, Gaza Strip), leaving injuries. This event involved violence over aid.",0,,1754946060
PSE50945,4/24/2024,2024,1,Political violence,Explosions/Remote violence,Shelling/artillery/missile attack,Military Forces of Israel (2022-),,8,Civilians (Palestine),,7,78,Civilian targeting,275,Middle East,Palestine,Gaza Strip,Khan Yunis,,Bani Suheila,31.3424,34.325,2,Newpress; PLO Negotiations Affairs Department; Quds News Network; Twitter,Other-New media,"On 24 April 2024, Israeli artillery and tanks shelled targets east of Khan Yunis, coded to Bani Suheila (Khan Yunis, Gaza Strip), leaving one fatality and several injuries.",1,,1753955113
PSE50842,4/24/2024,2024,1,Political violence,Explosions/Remote violence,Shelling/artillery/missile attack,Military Forces of Israel (2022-),,8,Civilians (Palestine),,7,78,Civilian targeting,275,Middle East,Palestine,Gaza Strip,Deir El Balah,,Al Burayj,31.4394,34.4031,2,Palestine News and Information Agency; Quds News Network; Twitter,New media-National,"On 24 April 2024, Israeli artillery shelled targets east of Al Burayj camp (Deir El Balah, Gaza Strip), leaving one fatality and a number of injuries.",1,,1753955113
PSE51052,4/24/2024,2024,1,Political violence,Explosions/Remote violence,Air/drone strike,Military Forces of Israel (2022-),,8,Civilians (Palestine),,7,78,Civilian targeting,275,Middle East,Palestine,Gaza Strip,Deir El Balah,,Az Zawayda,31.4284,34.366,1,Palestine News and Information Agency; Quds News Network; Twitter,New media-National,"On 24 April 2024, Israeli warplanes struck an agricultural land in the Trans al-Baba area of Az Zawayda town (Deir El Balah, Gaza Strip), injuring one person.",0,,1767742780
PSE51062,4/24/2024,2024,1,Political violence,Explosions/Remote violence,Air/drone strike,Military Forces of Israel (2022-),,8,Civilians (Palestine),,7,78,Civilian targeting,275,Middle East,Palestine,Gaza Strip,Deir El Balah,,An Nusayrat - West,31.4525,34.3756,1,Liveuamap; Newpress; Quds News Network; Twitter,Local partner-New media,"On 24 April 2024, Israeli warplanes struck a house west of An Nusayrat (An Nusayrat - West, Deir El Balah, Gaza Strip). Casualties unknown. Also, the artillery fired shells in the same area, killing a Palestinian woman. Fatalities were at least one.",1,,1753955113
PSE51066,4/24/2024,2024,1,Political violence,Explosions/Remote violence,Air/drone strike,Military Forces of Israel (2022-),,8,Civilians (Palestine),Muslim Group (Palestine); Refugees/IDPs (Palestine),7,78,Civilian targeting,275,Middle East,Palestine,Gaza Strip,Deir El Balah,,An Nusayrat,31.4486,34.3925,1,Arab 48; Quds News Network; Twitter,New media-National,"On 24 April 2024, Israeli warplanes struck targets (including empty land, a mosque, and a house) in An Nusayrat refugee camp (Deir El Balah, Gaza Strip), leaving one fatality and several injuries.",1,,1753955113
PSE51067,4/24/2024,2024,1,Political violence,Explosions/Remote violence,Air/drone strike,Military Forces of Israel (2022-),,8,Police Forces of Palestine (2007-) Gaza Strip,Hamas Movement,1,18,,275,Middle East,Palestine,Gaza Strip,Deir El Balah,,Deir al Balah,31.4178,34.3503,1,Arab 48; Jerusalem Post; Newpress; Quds News Network; Twitter,New media-National,"On 24 April 2024, Israeli warplanes struck Deir al Balah city (Deir El Balah, Gaza Strip), killing a Hamas police officer.",1,,1753955113
PSE51058,4/24/2024,2024,1,Political violence,Explosions/Remote violence,Air/drone strike,Military Forces of Israel (2022-),,8,Civilians (Palestine),,7,78,Civilian targeting,275,Middle East,Palestine,Gaza Strip,Gaza City,,Gaza - Nasr,31.534,34.4574,1,Arab 48; Palestine News and Information Agency; Quds News Network; Twitter,New media-National,"On 24 April 2024, Israeli warplanes struck a house in Gaza - Nasr (Gaza City, Gaza Strip), killing at least 3 Palestinians and injuring dozens.",3,,1753955113
PSE51057,4/24/2024,2024,1,Political violence,Explosions/Remote violence,Air/drone strike,Military Forces of Israel (2022-),,8,Civilians (Palestine),Refugees/IDPs (Palestine),7,78,Civilian targeting,275,Middle East,Palestine,Gaza Strip,Gaza City,,Gaza - Ash Shati' Camp,31.5349,34.4466,1,Newpress; Palestine News and Information Agency; Quds News Network; Twitter,New media-National,"On 24 April 2024, Israeli warplanes struck a house in Gaza - Ash Shati' Camp (Gaza City, Gaza Strip), killing a mother and her 12-year-old son and injuring 6 persons.",2,,1759790002
PSE51046,4/24/2024,2024,1,Political violence,Explosions/Remote violence,Air/drone strike,Military Forces of Israel (2022-),,8,Civilians (Palestine),,7,78,Civilian targeting,275,Middle East,Palestine,Gaza Strip,Gaza City,,Gaza - Ad Darraj,31.5172,34.4642,1,Palestine News and Information Agency; Palestinian Ministry of Health; Quds News Network; Twitter,Other-New media,"On 24 April 2024, Israeli warplanes struck targets near Al Yarmouk market in Gaza - Ad Darraj (Gaza City, Gaza Strip), leaving injuries. Also, the artillery shelled targets in the same area. Unspecified fatalities. [Palestinian Ministry of Health reported 34305 fatalities upto 24 April 2024. 27 fatalities not attributed to specific events split across 4 events on 4 April. 6 fatalities coded to this event.]",6,,1759790002
PSE51049,4/24/2024,2024,1,Political violence,Explosions/Remote violence,Air/drone strike,Military Forces of Israel (2022-),,8,Civilians (Palestine),,7,78,Civilian targeting,275,Middle East,Palestine,Gaza Strip,North Gaza,,Beit Lahiya,31.5541,34.5016,1,Liveuamap; Newpress; Palestine News and Information Agency; Palestinian Ministry of Health; Quds News Network; Twitter,Local partner-New media,"On 24 April 2024, Israeli warplanes struck a house near the Indonesian Hospital in Beit Lahiya (North Gaza, Gaza Strip), casualties unknown. Also, the artillery shelled targets near Kamal Odwan Hospital in Beit Lahiya, leaving injuries. [Palestinian Ministry of Health reported 34305 fatalities upto 24 April 2024. 27 fatalities not attributed to specific events split across 4 events on 4 April. 7 fatalities coded to this event.]",7,,1753955113
PSE51053,4/24/2024,2024,1,Political violence,Explosions/Remote violence,Air/drone strike,Military Forces of Israel (2022-),,8,Civilians (Palestine),,7,78,Civilian targeting,275,Middle East,Palestine,Gaza Strip,Deir El Balah,,An Nusayrat - North,31.4591,34.3923,1,Arab 48; Newpress; Palestinian Ministry of Health; Quds News Network; Twitter,Other-New media,"On 24 April 2024, Israeli warplanes struck targets (including a house) near the Wadi Gaza area north of An Nusayrat refugee camp (An Nusayrat - North, Deir El Balah, Gaza Strip). Also, the artillery shelled north of An Nusayrat. Unspecified casualties. [Palestinian Ministry of Health reported 34305 fatalities upto 24 April 2024. 27 fatalities not attributed to specific events split across 4 events on 4 April. 7 fatalities coded to this event.]",7,,1753955113
PSE51064,4/24/2024,2024,1,Political violence,Explosions/Remote violence,Air/drone strike,Military Forces of Israel (2022-),,8,Civilians (Palestine),Refugees/IDPs (Palestine),7,78,Civilian targeting,275,Middle East,Palestine,Gaza Strip,Deir El Balah,,Al Burayj,31.4394,34.4031,1,Arab 48; Palestinian Ministry of Health; Quds News Network; Twitter,Other-New media,"On 24 April 2024, Israeli warplanes struck targets in Al Burayj refugee camp (Deir El Balah, Gaza Strip) amid artillery fire in the eastern areas of the camp. Unspecified casualties. [Palestinian Ministry of Health reported 34305 fatalities upto 24 April 2024. 27 fatalities not attributed to specific events split across 4 events on 4 April. 7 fatalities coded to this event.]",7,,1753955113
PSE51050,4/24/2024,2024,1,Political violence,Explosions/Remote violence,Shelling/artillery/missile attack,Military Forces of Israel (2022-),,8,Civilians (Palestine),,7,78,Civilian targeting,275,Middle East,Palestine,Gaza Strip,North Gaza,,Beit Hanoun,31.5405,34.5402,1,Arab 48; Palestine News and Information Agency; Quds News Network; Twitter,New media-National,"On 24 April 2024, Israeli artillery shelled targets in Beit Hanoun (North Gaza, Gaza Strip), leaving injuries.",0,,1753955113
PSE51070,4/24/2024,2024,1,Political violence,Explosions/Remote violence,Air/drone strike,Military Forces of Israel (2022-),,8,Civilians (Palestine),Refugees/IDPs (Palestine),7,78,Civilian targeting,275,Middle East,Palestine,Gaza Strip,Rafah,,Yibna,31.2842,34.2482,1,Arab 48; Newpress; Palestine News and Information Agency; Quds News Network; Twitter,New media-National,"On 24 April 2024, Israeli warplanes struck targets (including 2 houses) in Yibna refugee camp (Rafah, Gaza Strip), leaving one fatality and several injuries.",1,,1753955113
PSE51100,4/24/2024,2024,1,Political violence,Explosions/Remote violence,Air/drone strike,Military Forces of Israel (2022-),,8,Civilians (Palestine),,7,78,Civilian targeting,275,Middle East,Palestine,Gaza Strip,Rafah,,Yibna,31.2842,34.2482,2,Palestine News and Information Agency; PLO Negotiations Affairs Department; Quds News Network; Twitter,Other-New media,"On 24 April 2024, Israeli warplanes struck a house east of Rafah, coded to Yibna (Rafah, Gaza Strip), leaving at least 5 fatalities (including women and children) and several injuries. Also, the Israeli artillery and tanks shelled targets east of Rafah. Fatalities coded at least 5.",5,,1753955113
PSE51043,4/24/2024,2024,1,Political violence,Explosions/Remote violence,Air/drone strike,Military Forces of Israel (2022-),,8,Civilians (Palestine),,7,78,Civilian targeting,275,Middle East,Palestine,Gaza Strip,Gaza City,,Gaza - Az Zaytun,31.4964,34.4522,1,Arab 48; Palestine News and Information Agency; Quds News Network; Twitter,New media-National,"On 24 April 2024, Israeli warplanes struck a house in Gaza - Az Zaytun (Gaza City, Gaza Strip). Also, the artillery shelled targets in the same area. Casualties unknown.",0,,1759790002
PSE51051,4/24/2024,2024,1,Political violence,Explosions/Remote violence,Shelling/artillery/missile attack,Military Forces of Israel (2022-),,8,Civilians (Palestine),,7,78,Civilian targeting,275,Middle East,Palestine,Gaza Strip,North Gaza,,Jabalya,31.5272,34.4835,2,Palestine News and Information Agency; Quds News Network; Twitter,New media-National,"On 24 April 2024, Israeli artillery shelled targets east of Jabalya town (North Gaza, Gaza Strip), leaving injuries.",0,,1759790002
PSE51071,4/24/2024,2024,1,Political violence,Explosions/Remote violence,Air/drone strike,Military Forces of Israel (2022-),,8,Civilians (Palestine),Refugees/IDPs (Palestine),7,78,Civilian targeting,275,Middle East,Palestine,Gaza Strip,Rafah,,Rafah Camp,31.2847,34.2546,1,Arab 48; Newpress; Quds News Network; Twitter,New media-National,"On 24 April 2024, Israeli warplanes struck a land and displaced people's tents in Al Shabourah refugee camp in Mukhayyam Rafah Camp (Rafah, Gaza Strip) injuring a number of displaced people.",0,,1753955113
PSE51101,4/25/2024,2024,1,Political violence,Explosions/Remote violence,Shelling/artillery/missile attack,Military Forces of Israel (2022-),,8,Civilians (Palestine),,7,78,Civilian targeting,275,Middle East,Palestine,Gaza Strip,Khan Yunis,,Khuzaa,31.3069,34.3572,1,Quds News Network; Twitter,New media-National,"On 25 April 2024, Israeli artillery shelled a house in Khuzaa (Khan Yunis, Gaza Strip), leaving 2 fatalities and several injuries.",2,,1753955113
PSE50843,4/25/2024,2024,1,Political violence,Explosions/Remote violence,Air/drone strike,Military Forces of Israel (2022-),,8,Civilians (Palestine),,7,78,Civilian targeting,275,Middle East,Palestine,Gaza Strip,Deir El Balah,,Al Burayj,31.4394,34.4031,2,Palestine News and Information Agency,National,"On 25 April 2024, Israeli warplanes struck a house east of Al Burayj camp (Deir El Balah, Gaza Strip), killing one Palestinian and injuring several others.",1,,1753955113
PSE51065,4/25/2024,2024,1,Political violence,Explosions/Remote violence,Air/drone strike,Military Forces of Israel (2022-),,8,Civilians (Palestine),,7,78,Civilian targeting,275,Middle East,Palestine,Gaza Strip,Deir El Balah,,An Nusayrat - North,31.4591,34.3923,1,Arab 48; Newpress; Palestine News and Information Agency; Quds News Network; Twitter,New media-National,"On 25 April 2024, Israeli UAVs struck a group of Palestinians in Wadi Gaza area, north of An Nusayrat refugee camp (An Nusayrat - North, Deir El Balah, Gaza Strip), leaving 4 fatalities and several injuries. Also, one Palestinian woman was killed and several persons were injured in airstrikes that targeted houses north of An Nusayrat. Total fatalities were 5.",5,,1753955113
PSE51083,4/25/2024,2024,1,Political violence,Explosions/Remote violence,Air/drone strike,Military Forces of Israel (2022-),,8,Civilians (Palestine),Refugees/IDPs (Palestine),7,78,Civilian targeting,275,Middle East,Palestine,Gaza Strip,Deir El Balah,,An Nusayrat,31.4486,34.3925,1,Palestine News and Information Agency,National,"On 25 April 2024, Israeli warplanes struck a house in An Nusayrat refugee camp (Deir El Balah, Gaza Strip), killing a woman.",1,,1753955113
PSE51084,4/25/2024,2024,1,Political violence,Explosions/Remote violence,Air/drone strike,Military Forces of Israel (2022-),,8,Civilians (Palestine),,7,78,Civilian targeting,275,Middle East,Palestine,Gaza Strip,Deir El Balah,,Deir al Balah,31.4178,34.3503,1,Palestine News and Information Agency,National,"On 25 April 2024, Israeli warplanes struck targets in Deir al Balah city (Deir El Balah, Gaza Strip), leaving 3 injuries.",0,,1753955113
PSE50867,4/25/2024,2024,1,Political violence,Explosions/Remote violence,Air/drone strike,Military Forces of Israel (2022-),,8,Civilians (Palestine),,7,78,Civilian targeting,275,Middle East,Palestine,Gaza Strip,North Gaza,,Beit Lahiya,31.5541,34.5016,1,Newpress; Palestine News and Information Agency; Quds News Network; Twitter,New media-National,"On 25 April 2024, an Israeli UAV attacked a horse-drawn trolly near the Indonesian Hospital in Beit Lahiya (North Gaza, Gaza Strip), leaving one fatality. Also, warplanes struck several houses in Beit Lahiya. Fatalities coded at least 1.",1,,1753955113
PSE51091,4/25/2024,2024,1,Political violence,Explosions/Remote violence,Shelling/artillery/missile attack,Military Forces of Israel (2022-),,8,Civilians (Palestine),,7,78,Civilian targeting,275,Middle East,Palestine,Gaza Strip,Gaza City,,Gaza - Southern Remal,31.5168,34.4355,1,Palestine News and Information Agency,National,"On 25 April 2024, the Israeli artillery shelled targets in Gaza - Southern Remal (Gaza City, Gaza Strip), leaving injuries.",0,,1759790002
PSE50974,4/25/2024,2024,1,Political violence,Explosions/Remote violence,Air/drone strike,Military Forces of Israel (2022-),,8,Civilians (Palestine),,7,78,Civilian targeting,275,Middle East,Palestine,Gaza Strip,Rafah,,Tal as Sultan,31.3098,34.2414,2,Quds News Network; Twitter,New media-National,"On 25 April 2024, an Israeli UAV struck and killed a Palestinian west of Rafah, coded to Tal as Sultan (Rafah, Gaza Strip).",1,,1762829569
PSE51087,4/25/2024,2024,1,Political violence,Explosions/Remote violence,Air/drone strike,Military Forces of Israel (2022-),,8,Civilians (Palestine),,7,78,Civilian targeting,275,Middle East,Palestine,Gaza Strip,Khan Yunis,,Al Fukhari,31.2952,34.3332,1,Arab 48; Palestine News and Information Agency; Palestinian Ministry of Health,Other-National,"On 25 April 2024, Israeli warplanes carried out airstrikes and the artillery shelled houses in Al Fukhari (Khan Yunis, Gaza Strip). Unspecified casualties. [Palestinian Ministry of Health reported 34356 fatalities upto 25 April 2024. 31 fatalities not attributed to specific events split across 4 events on 25 April. 7 fatalities coded to this event.]",7,,1753955113
PSE51098,4/25/2024,2024,1,Political violence,Explosions/Remote violence,Air/drone strike,Military Forces of Israel (2022-),,8,Civilians (Palestine),Muslim Group (Palestine),7,78,Civilian targeting,275,Middle East,Palestine,Gaza Strip,Gaza City,,Gaza - At Tuffah,31.5134,34.4751,1,Arab 48; Palestinian Ministry of Health; Quds News Network; Twitter,Other-New media,"On 25 April 2024, Israeli warplanes struck the Al Safa mosque in Gaza - At Tuffah (Gaza City, Gaza Strip). Unspecified casualties. [Palestinian Ministry of Health reported 34356 fatalities upto 25 April 2024. 31 fatalities not attributed to specific events split across 4 events on 25 April. 8 fatalities coded to this event.]",8,,1759790002
PSE51103,4/25/2024,2024,1,Political violence,Explosions/Remote violence,Air/drone strike,Military Forces of Israel (2022-),,8,Civilians (Palestine),Refugees/IDPs (Palestine),7,78,Civilian targeting,275,Middle East,Palestine,Gaza Strip,Deir El Balah,,Al Maghazi,31.4214,34.3865,1,Palestinian Ministry of Health; Quds News Network; Twitter,Other-New media,"On 25 April 2024, Israeli warplanes struck targets in Al Maghazi refugee camp (Deir El Balah, Gaza Strip). Unspecified casualties. [Palestinian Ministry of Health reported 34356 fatalities upto 25 April 2024. 31 fatalities not attributed to specific events split across 4 events on 25 April. 8 fatalities coded to this event.]",8,,1753955113
PSE51090,4/25/2024,2024,1,Political violence,Explosions/Remote violence,Shelling/artillery/missile attack,Military Forces of Israel (2022-),,8,Civilians (Palestine),,7,78,Civilian targeting,275,Middle East,Palestine,Gaza Strip,Gaza City,,Gaza - Ash Shaykh Ijlin,31.5098,34.4274,1,Palestine News and Information Agency,National,"On 25 April 2024, the Israeli artillery shelled targets in Gaza - Ash Shaykh Ijlin (Gaza City, Gaza Strip), leaving injuries.",0,,1753955113
PSE51088,4/25/2024,2024,1,Political violence,Explosions/Remote violence,Air/drone strike,Military Forces of Israel (2022-),,8,Civilians (Palestine),,7,78,Civilian targeting,275,Middle East,Palestine,Gaza Strip,Gaza City,,Gaza - Az Zaytun,31.4964,34.4522,1,Palestine News and Information Agency; Palestinian Ministry of Health; Quds News Network; Twitter,Other-New media,"On 25 April 2024, Israeli warplanes carried out strikes in Gaza - Az Zaytun (Gaza City, Gaza Strip), casualties unknown. Also, the artillery shelled targets in the same location, leaving injuries. Unspecified fatalities. [Palestinian Ministry of Health reported 34356 fatalities upto 25 April 2024. 31 fatalities not attributed to specific events split across 4 events on 25 April. 8 fatalities coded to this event.]",8,,1759790002
PSE51040,4/25/2024,2024,1,Political violence,Explosions/Remote violence,Air/drone strike,Military Forces of Israel (2022-),,8,Civilians (Palestine),,7,78,Civilian targeting,275,Middle East,Palestine,Gaza Strip,Rafah,,Khirbet al Adas,31.2855,34.2714,2,Palestine News and Information Agency,National,"On 25 April 2024, Israeli warplanes struck a house in Mosabeh area north of Rafah, coded to Khirbet al Adas (Rafah, Gaza Strip), leaving 3 injuries.",0,,1753955113
PSE51085,4/25/2024,2024,1,Political violence,Explosions/Remote violence,Air/drone strike,Military Forces of Israel (2022-),,8,Civilians (Palestine),Farmers (Palestine),7,78,Civilian targeting,275,Middle East,Palestine,Gaza Strip,Rafah,,Khirbet al Adas,31.2855,34.2714,1,Palestine News and Information Agency,National,"On 25 April 2024, Israeli warplanes struck agricultural land in Khirbet al Adas (Rafah, Gaza Strip), leaving injuries.",1,,1753955113
PSE51086,4/25/2024,2024,1,Political violence,Explosions/Remote violence,Air/drone strike,Military Forces of Israel (2022-),,8,Civilians (Palestine),Farmers (Palestine); Refugees/IDPs (Palestine),7,78,Civilian targeting,275,Middle East,Palestine,Gaza Strip,Rafah,,Rafah Camp,31.2847,34.2546,1,Palestine News and Information Agency,National,"On 25 April 2024, Israeli warplanes struck an agricultural land in Al Shabourah refugee camp in Mukhayyam Rafah Camp (Rafah, Gaza Strip), leaving injuries.",0,,1753955113
PSE51089,4/25/2024,2024,1,Political violence,Explosions/Remote violence,Air/drone strike,Military Forces of Israel (2022-),,8,Civilians (Palestine),,7,78,Civilian targeting,275,Middle East,Palestine,Gaza Strip,Gaza City,,Gaza - Tal el Hawa,31.5041,34.435,1,Palestine News and Information Agency; Quds News Network; Twitter,New media-National,"On 25 April 2024, Israeli warplanes struck a group of Palestinians responsible for securing aid in Gaza - Tal el Hawa (Gaza City, Gaza Strip), leaving at least 8 fatalities and a number of injuries. Also, the Israeli artillery shelled targets in the same area, leaving injuries. Fatalities were at least 8. This event involved violence over aid.",8,,1759790002
PSE50836,4/26/2024,2024,1,Political violence,Explosions/Remote violence,Air/drone strike,Military Forces of Israel (2022-),,8,Civilians (Palestine),,7,78,Civilian targeting,275,Middle East,Palestine,Gaza Strip,Deir El Balah,,An Nusayrat - South,31.4389,34.3815,1,Quds News Network; Twitter,New media-National,"On 26 April 2024, Israeli warplanes struck a house south of An Nusayrat refugee camp (An Nusayrat - South, Deir El Balah, Gaza Strip), leaving injuries.",0,,1753955113
PSE50838,4/26/2024,2024,1,Political violence,Explosions/Remote violence,Air/drone strike,Military Forces of Israel (2022-),,8,Civilians (Palestine),,7,78,Civilian targeting,275,Middle East,Palestine,Gaza Strip,Deir El Balah,,An Nusayrat - West,31.4525,34.3756,1,Ma'an News Agency; Newpress; Palestine News and Information Agency; Quds News Network; Twitter,New media-National,"On 26 April 2024, Israeli warplanes struck a land in Al Sawarha area west of An Nusayrat refugee camp (An Nusayrat - West, Deir El Balah, Gaza Strip), leaving 2 fatalities and a number of injuries.",2,,1753955113
PSE50844,4/26/2024,2024,1,Political violence,Explosions/Remote violence,Air/drone strike,Military Forces of Israel (2022-),,8,Civilians (Palestine),,7,78,Civilian targeting,275,Middle East,Palestine,Gaza Strip,Deir El Balah,,Az Zawayda,31.4284,34.366,1,Palestine News and Information Agency; Quds News Network; Twitter,New media-National,"On 26 April 2024, Israeli warplanes struck a house in Az Zawayda (Deir El Balah, Gaza Strip), killing a Palestinian and injuring others.",1,,1767742780
PSE51110,4/26/2024,2024,1,Political violence,Explosions/Remote violence,Air/drone strike,Military Forces of Israel (2022-),,8,Civilians (Palestine),Refugees/IDPs (Palestine),7,78,Civilian targeting,275,Middle East,Palestine,Gaza Strip,Gaza City,,Gaza - Southern Remal,31.5168,34.4355,1,Arab 48; Newpress; Palestine News and Information Agency; Quds News Network; Twitter,New media-National,"On 26 April 2024, Israeli artillery warplanes struck a house hosting displaced people in Gaza - Southern Remal (Gaza City, Gaza Strip), leaving 3 fatalities, including a woman and a child, and injuring several persons.",3,,1759790002
PSE50948,4/26/2024,2024,1,Political violence,Explosions/Remote violence,Shelling/artillery/missile attack,Military Forces of Israel (2022-),,8,Civilians (Palestine),Fishers (Palestine),7,78,Civilian targeting,275,Middle East,Palestine,Gaza Strip,Rafah,,Coast of Rafah,31.3474,34.2226,2,Arab 48; Newpress; Palestine News and Information Agency; Quds News Network; Twitter,New media-National,"On 26 April 2024, Israeli gunboats opened fire off the Coast of Rafah (Rafah, Gaza Strip), killing a Palestinian fisher and injuring another one.",1,,1753955113
PSE51118,4/26/2024,2024,1,Political violence,Explosions/Remote violence,Shelling/artillery/missile attack,Military Forces of Israel (2022-),,8,Civilians (Palestine),,7,78,Civilian targeting,275,Middle East,Palestine,Gaza Strip,North Gaza,,Beit Lahiya,31.5541,34.5016,1,Palestine News and Information Agency; Palestinian Ministry of Health,Other-National,"On 26 April 2024, the Israeli artillery struck targets in Beit Lahiya (North Gaza, Gaza Strip). Unspecified casualties. [Palestinian Ministry of Health reported 34388 fatalities upto 26 April 2024. 22 fatalities not attributed to specific events split across 2 events on 26 April. 11 fatalities coded to this event.]",11,,1753955113
PSE51119,4/26/2024,2024,1,Political violence,Explosions/Remote violence,Air/drone strike,Military Forces of Israel (2022-),,8,Civilians (Palestine),,7,78,Civilian targeting,275,Middle East,Palestine,Gaza Strip,Gaza City,,Gaza - Shujaiyya,31.4988,34.4699,1,Palestine News and Information Agency; Palestinian Ministry of Health; Quds News Network; Twitter,Other-New media,"On 26 April 2024, Israeli warplanes struck houses in Gaza - Shujaiyya (Gaza City, Gaza Strip). Unspecified casualties. [Palestinian Ministry of Health reported 34388 fatalities upto 26 April 2024. 22 fatalities not attributed to specific events split across 2 events on 26 April. 11 fatalities coded to this event.]",11,,1759790002
PSE50853,4/26/2024,2024,1,Political violence,Explosions/Remote violence,Air/drone strike,Military Forces of Israel (2022-),,8,Civilians (Palestine),,7,78,Civilian targeting,275,Middle East,Palestine,Gaza Strip,Khan Yunis,,Khan Yunis - Al Amal,31.3544,34.3007,2,Ma'an News Agency; Palestine News and Information Agency; Quds News Network; Twitter,New media-National,"On 26 April 2024, Israeli warplanes carried out airstrikes near the Japanese neighborhood west of Khan Yunis (coded to Khan Yunis - Al Amal, Gaza Strip), leaving 3 fatalities.",3,,1753955113
PSE81918,4/26/2024,2024,1,Political violence,Explosions/Remote violence,Air/drone strike,Military Forces of Israel (2022-),,8,Civilians (Palestine),Journalists (Palestine),7,78,Civilian targeting,275,Middle East,Palestine,Gaza Strip,Khan Yunis,,Hamad,31.3749,34.3193,1,Committee to Protect Journalists; Guardian (United Kingdom); Palestine News and Information Agency,Other-National,"On 26 April 2024, Israeli drones targeted Hamad (Khan Yunis, Gaza Strip) killing a Palestinian journalist and his brother, also a journalist. They were on duty, filming with a drone.",2,,1757975700
PSE51378,4/27/2024,2024,1,Political violence,Explosions/Remote violence,Air/drone strike,Military Forces of Israel (2022-),,8,Civilians (Palestine),,7,78,Civilian targeting,275,Middle East,Palestine,Gaza Strip,Rafah,,An Nasr,31.2814,34.3025,1,Arab 48; Ma'an News Agency; Newpress; Palestine News and Information Agency; Twitter,New media-National,"On 27 April 2024, Israeli warplanes struck a house in An Nasr (Rafah, Gaza strip), leaving at least 7 fatalities and dozens of injuries.",7,,1753955132
PSE51370,4/27/2024,2024,1,Political violence,Explosions/Remote violence,Air/drone strike,Military Forces of Israel (2022-),,8,Civilians (Palestine),Refugees/IDPs (Palestine),7,78,Civilian targeting,275,Middle East,Palestine,Gaza Strip,Deir El Balah,,An Nusayrat,31.4486,34.3925,1,Ma'an News Agency; Newpress; Palestine News and Information Agency; Quds News Network; Twitter,New media-National,"On 27 April 2024, Israeli warplanes struck a house in the Al Sultan neighborhood of An Nusayrat refugee camp (Deir El Balah, Gaza Strip), leaving 6 fatalities, including a baby. Also, at least 9 Palestinians were killed and 30 more were injured in a separate airstrike targeted their houses in the camp. Meanwhile, another 2 persons were killed after a warplane targeted their house in the same area. The total fatalities were at least 17.",17,,1753955132
PSE51376,4/27/2024,2024,1,Political violence,Explosions/Remote violence,Air/drone strike,Military Forces of Israel (2022-),,8,Civilians (Palestine),,7,78,Civilian targeting,275,Middle East,Palestine,Gaza Strip,Deir El Balah,,An Nusayrat - North,31.4591,34.3923,1,Arab 48; Palestine News and Information Agency; Quds News Network; Twitter,New media-National,"On 27 April 2024, Israeli warplanes struck a group of Palestinians near the Wadi Gaza area north of An Nusayrat refugee camp (An Nusayrat - North, Deir El Balah, Gaza Strip), leaving 3 fatalities.",3,,1753955132
PSE51377,4/27/2024,2024,1,Political violence,Explosions/Remote violence,Air/drone strike,Military Forces of Israel (2022-),,8,Civilians (Palestine),,7,78,Civilian targeting,275,Middle East,Palestine,Gaza Strip,Deir El Balah,,Al Burayj,31.4394,34.4031,2,Arab 48; Ma'an News Agency; Newpress; Palestine News and Information Agency; Quds News Network; Twitter,New media-National,"On 27 April 2024, Israeli warplanes struck a house east of Al Burayj refugee camp (Deir El Balah, Gaza Strip), leaving 1 fatality and 2 injuries.",1,,1753955132
PSE51388,4/27/2024,2024,1,Political violence,Explosions/Remote violence,Air/drone strike,Military Forces of Israel (2022-),,8,Civilians (Palestine),,7,78,Civilian targeting,275,Middle East,Palestine,Gaza Strip,Rafah,,Tal as Sultan,31.3098,34.2414,2,Quds News Network; Twitter,New media-National,"On 27 April 2024, Israeli warplanes struck a house at the Saudi neighborhood west of Rafah, coded to Tal as Sultan (Rafah, Gaza Strip), leaving 4 fatalities including a child, and several injuries.",4,,1762829569
PSE51372,4/27/2024,2024,1,Political violence,Explosions/Remote violence,Air/drone strike,Military Forces of Israel (2022-),,8,Civilians (Palestine),,7,78,Civilian targeting,275,Middle East,Palestine,Gaza Strip,Gaza City,,Gaza - Shujaiyya,31.4988,34.4699,1,Palestine News and Information Agency; Palestinian Ministry of Health,Other-National,"On 27 April 2024, Israeli warplanes struck at least 3 houses in Gaza - Shujaiyya (Gaza City, Gaza Strip) leading to unspecified number of fatalities. [Palestinian Ministry of Health reported 34454 fatalities upto 27 April 2024. 28 fatalities not attributed to specific events split across 5 events on 27 April. 5 fatalities coded to this event.]",5,,1759790002
PSE51379,4/27/2024,2024,1,Political violence,Explosions/Remote violence,Air/drone strike,Military Forces of Israel (2022-),,8,Civilians (Palestine),,7,78,Civilian targeting,275,Middle East,Palestine,Gaza Strip,Khan Yunis,,Khuzaa,31.3069,34.3572,1,Arab 48; Ma'an News Agency; Palestine News and Information Agency; Palestinian Ministry of Health; Quds News Network; Twitter,Other-New media,"On 27 April 2024, Israeli warplanes struck 2 houses and the artillery struck a land in Khuzaa (Khan Yunis, Gaza Strip) leading to unspecified number of fatalities. [Palestinian Ministry of Health reported 34454 fatalities upto 27 April 2024. 28 fatalities not attributed to specific events split across 5 events on 27 April. 5 fatalities coded to this event.]",5,,1753955132
PSE51383,4/27/2024,2024,1,Political violence,Explosions/Remote violence,Air/drone strike,Military Forces of Israel (2022-),,8,Civilians (Palestine),,7,78,Civilian targeting,275,Middle East,Palestine,Gaza Strip,Gaza City,,Gaza - Southern Remal,31.5168,34.4355,2,Arab 48; Palestinian Ministry of Health,Other-National,"On 27 April 2024, Israeli warplanes struck a residential building west of Gaza City, coded to Gaza - Southern Remal (Gaza City, Gaza Strip) leading to unspecified number of fatalities. [Palestinian Ministry of Health reported 34454 fatalities upto 27 April 2024. 28 fatalities not attributed to specific events split across 5 events on 27 April. 6 fatalities coded to this event.]",6,,1759790002
PSE51386,4/27/2024,2024,1,Political violence,Explosions/Remote violence,Air/drone strike,Military Forces of Israel (2022-),,8,Civilians (Palestine),,7,78,Civilian targeting,275,Middle East,Palestine,Gaza Strip,Khan Yunis,,Al Mawasi (Khan Yunis),31.3482,34.2547,1,Arab 48; Newpress; Palestinian Ministry of Health; Quds News Network; Twitter,Other-New media,"On 27 April 2024, Israeli warplanes struck a house in Al Mawasi (Khan Yunis), Gaza Strip leading to unspecified number of fatalities. [Palestinian Ministry of Health reported 34454 fatalities upto 27 April 2024. 28 fatalities not attributed to specific events split across 5 events on 27 April. 6 fatalities coded to this event.]",6,,1762829569
PSE51387,4/27/2024,2024,1,Political violence,Explosions/Remote violence,Air/drone strike,Military Forces of Israel (2022-),,8,Civilians (Palestine),,7,78,Civilian targeting,275,Middle East,Palestine,Gaza Strip,Rafah,,Tal as Sultan,31.3098,34.2414,1,Newpress; Palestinian Ministry of Health; Twitter,Other-New media,"On 27 April 2024, Israeli warplanes struck a house in Tal as Sultan (Rafah, Gaza Strip) leading to unspecified number of fatalities. [Palestinian Ministry of Health reported 34454 fatalities upto 27 April 2024. 28 fatalities not attributed to specific events split across 5 events on 27 April. 6 fatalities coded to this event.]",6,,1762829569
PSE51373,4/27/2024,2024,1,Political violence,Explosions/Remote violence,Air/drone strike,Military Forces of Israel (2022-),,8,Civilians (Palestine),,7,78,Civilian targeting,275,Middle East,Palestine,Gaza Strip,Rafah,,Rafah,31.287,34.2595,1,Palestine News and Information Agency,National,"On 27 April 2024, Israeli warplanes struck a house in Rafah city (Rafah, Gaza Strip), leaving 6 fatalities, including children, and a number of injuries.",6,,1762829569
PSE51401,4/28/2024,2024,1,Political violence,Explosions/Remote violence,Air/drone strike,Military Forces of Israel (2022-),,8,Civilians (Palestine),,7,78,Civilian targeting,275,Middle East,Palestine,Gaza Strip,Deir El Balah,,An Nusayrat - North,31.4591,34.3923,1,Ma'an News Agency; Newpress; Palestine News and Information Agency; Quds News Network; Twitter,New media-National,"On 28 April 2024, an Israeli UAV struck a passing car in the new camp north of An Nusayrat refugee camp (An Nusayrat - North, Deir El Balah, Gaza Strip), leaving 1 fatality and one injury. Also, warplanes carried out airstrikes in the same area. Casualties unknown. Total fatalities coded as one.",1,,1753955132
PSE51407,4/28/2024,2024,1,Political violence,Explosions/Remote violence,Air/drone strike,Military Forces of Israel (2022-),,8,Civilians (Palestine),,7,78,Civilian targeting,275,Middle East,Palestine,Gaza Strip,Gaza City,,Gaza,31.5045,34.4743,1,Ma'an News Agency; Newpress; Palestinian Ministry of Health; Twitter,Other-New media,"On 28 April 2024, Israeli warplanes struck a house at Al Jalaa Street in Gaza City (Gaza city, Gaza Strip) leading to unspecified number of fatalities. [Palestinian Ministry of Health reported 34488 fatalities upto 28 April 2024. 11 fatalities not attributed to specific events split across 2 events on 28 April. 5 fatalities coded to this event.]",5,,1759790002
PSE51422,4/28/2024,2024,1,Political violence,Explosions/Remote violence,Air/drone strike,Military Forces of Israel (2022-),,8,Civilians (Palestine),,7,78,Civilian targeting,275,Middle East,Palestine,Gaza Strip,Gaza City,,Gaza - Sabra,31.5086,34.4493,1,Newpress; Palestinian Ministry of Health; Twitter,Other-New media,"On 28 April 2024, Israeli warplanes struck a house in Gaza - Sabra (Gaza City, Gaza Strip) leading to unspecified number of fatalities. [Palestinian Ministry of Health reported 34488 fatalities upto 28 April 2024. 11 fatalities not attributed to specific events split across 2 events on 28 April. 6 fatalities coded to this event.]",6,,1759790002
PSE51405,4/28/2024,2024,1,Political violence,Explosions/Remote violence,Air/drone strike,Military Forces of Israel (2022-),,8,Civilians (Palestine),Refugees/IDPs (Palestine),7,78,Civilian targeting,275,Middle East,Palestine,Gaza Strip,Rafah,,Rafah Camp,31.2847,34.2546,1,Palestine News and Information Agency,National,"On 28 April 2024, Israeli warplanes struck a house in Al Shaboura refugee camp of Mukhayyam Rafah Camp (Rafah, Gaza Strip), leaving 6 fatalities.",6,,1753955132
PSE51406,4/28/2024,2024,1,Political violence,Explosions/Remote violence,Air/drone strike,Military Forces of Israel (2022-),,8,Civilians (Palestine),,7,78,Civilian targeting,275,Middle East,Palestine,Gaza Strip,Rafah,,Rafah,31.287,34.2595,1,Palestine News and Information Agency; Quds News Network; Twitter,New media-National,"On 28 April 2024, Israeli warplanes struck a house in Rafah (Rafah, Gaza Strip), leaving 9 fatalities.",9,,1762829569
PSE51400,4/28/2024,2024,1,Political violence,Explosions/Remote violence,Air/drone strike,Military Forces of Israel (2022-),,8,Civilians (Palestine),,7,78,Civilian targeting,275,Middle East,Palestine,Gaza Strip,Rafah,,Al Junainah,31.2642,34.2636,1,Newpress; Palestine News and Information Agency; PLO Negotiations Affairs Department; Quds News Network; Twitter,Other-New media,"On 28 April 2024, Israeli warplanes struck a house in Al Junainah (Rafah, Gaza Strip), leaving 5 fatalities, including women and children, and a number of injuries. Also, the Israeli artillery and tanks shelled targets east of Rafah. Casualties unknown. Fatalities coded as 5.",5,,1753955132
PSE51403,4/28/2024,2024,1,Political violence,Explosions/Remote violence,Air/drone strike,Military Forces of Israel (2022-),,8,Civilians (Palestine),Refugees/IDPs (Palestine),7,78,Civilian targeting,275,Middle East,Palestine,Gaza Strip,Rafah,,Brazil Camp,31.2718,34.2532,1,Palestine News and Information Agency; Quds News Network; Twitter,New media-National,"On 28 April 2024, Israeli warplanes struck a target near a house in Brazil Camp (Rafah, Gaza Strip), leaving 2 injuries.",0,,1753955132
PSE51436,4/29/2024,2024,1,Political violence,Explosions/Remote violence,Air/drone strike,Military Forces of Israel (2022-),,8,Civilians (Palestine),,7,78,Civilian targeting,275,Middle East,Palestine,Gaza Strip,Gaza City,,Gaza - At Tuffah,31.5134,34.4751,1,Ma'an News Agency; Palestine News and Information Agency; Quds News Network; Twitter,New media-National,"On 29 April 2024, an Israeli UAV struck a house in Gaza - At Tuffah (Gaza City, Gaza Strip), leaving 2 fatalities and a number of injuries.",2,,1759790002
PSE51435,4/29/2024,2024,1,Political violence,Explosions/Remote violence,Air/drone strike,Military Forces of Israel (2022-),,8,Civilians (Palestine),Journalists (Palestine); Refugees/IDPs (Palestine),7,78,Civilian targeting,275,Middle East,Palestine,Gaza Strip,Deir El Balah,,An Nusayrat,31.4486,34.3925,1,Newpress; Palestine News and Information Agency; Quds News Network; Twitter,New media-National,"On 29 April 2024, Israeli warplanes struck houses in An Nusayrat refugee camp (Deir El Balah, Gaza Strip), leaving 3 fatalities (including a Palestinian journalist) and a number of injuries.",3,,1753955132
PSE51431,4/29/2024,2024,1,Political violence,Explosions/Remote violence,Air/drone strike,Military Forces of Israel (2022-),,8,Civilians (Palestine),,7,78,Civilian targeting,275,Middle East,Palestine,Gaza Strip,Gaza City,,Gaza - Sabra,31.5086,34.4493,1,Palestine News and Information Agency; Quds News Network; Twitter,New media-National,"On 29 April 2024, Israeli warplanes struck a house in Gaza - Sabra (Gaza City, Gaza Strip), killing at least 2 women and leaving a number of injuries.",2,,1759790002
PSE51430,4/29/2024,2024,1,Political violence,Explosions/Remote violence,Air/drone strike,Military Forces of Israel (2022-),,8,Civilians (Palestine),,7,78,Civilian targeting,275,Middle East,Palestine,Gaza Strip,Gaza City,,Gaza - Southern Remal,31.5168,34.4355,2,Palestine News and Information Agency,National,"On 29 April 2024, Israeli warplanes struck a house at Abu Hasira Street west of Gaza City, coded to Gaza - Southern Remal (Gaza City, Gaza Strip), leaving 5 fatalities and dozens of injuries including women and children.",5,,1759790002
PSE51432,4/29/2024,2024,1,Political violence,Explosions/Remote violence,Air/drone strike,Military Forces of Israel (2022-),,8,Civilians (Palestine),,7,78,Civilian targeting,275,Middle East,Palestine,Gaza Strip,Rafah,,Tal as Sultan,31.3098,34.2414,1,Ma'an News Agency; Newpress; Palestine News and Information Agency; Twitter,New media-National,"On 29 April 2024, Israeli warplanes struck an apartment in Tal as Sultan (Rafah, Gaza Strip), leaving 4 fatalities including 3 women.",4,,1762829569
PSE51439,4/29/2024,2024,1,Political violence,Explosions/Remote violence,Air/drone strike,Military Forces of Israel (2022-),,8,Civilians (Palestine),,7,78,Civilian targeting,275,Middle East,Palestine,Gaza Strip,Rafah,,Tal as Sultan,31.3098,34.2414,2,Palestine News and Information Agency; Quds News Network; Twitter,New media-National,"On 29 April 2024, Israeli warplanes struck targets and a house west of Rafah city, coded to Tal as Sultan (Rafah, Gaza Strip), killing 3 women.",3,,1762829569
PSE51452,4/29/2024,2024,1,Political violence,Explosions/Remote violence,Air/drone strike,Military Forces of Israel (2022-),,8,Civilians (Palestine),,7,78,Civilian targeting,275,Middle East,Palestine,Gaza Strip,North Gaza,,Jabalya Camp,31.536,34.4907,2,Newpress; Quds News Network; Twitter,New media-National,"On 29 April 2024, Israeli warplanes struck a house near al-Sikka Street east of Mukhayyam Jabalya Camp (North Gaza, Gaza Strip), leaving 2 fatalities.",2,,1753955132
PSE51434,4/29/2024,2024,1,Political violence,Explosions/Remote violence,Air/drone strike,Military Forces of Israel (2022-),,8,Civilians (Palestine),,7,78,Civilian targeting,275,Middle East,Palestine,Gaza Strip,Deir El Balah,,Az Zawayda,31.4284,34.366,2,Ma'an News Agency; Palestine News and Information Agency; Palestinian Ministry of Health; Quds News Network; Twitter,Other-New media,"On 29 April 2024, Israeli warplanes struck houses west of Az Zawayda (Deir El Balah, Gaza Strip) leading to unspecified number of fatalities. [Palestinian Ministry of Health reported 34535 fatalities upto 29 April 2024. 14 fatalities not attributed to specific events split across 5 events on 29 April. 2 fatalities coded to this event.]",2,,1767742780
PSE51444,4/29/2024,2024,1,Political violence,Explosions/Remote violence,Air/drone strike,Military Forces of Israel (2022-),,8,Civilians (Palestine),,7,78,Civilian targeting,275,Middle East,Palestine,Gaza Strip,Khan Yunis,,Khan Yunis - Maen,31.336,34.3172,1,Arab 48; Newpress; Palestinian Ministry of Health; Twitter,Other-New media,"On 29 April 2024, Israeli warplanes struck 2 houses and a mosque in Khan Yunis - Maen (Khan Yunis, Gaza Strip) leading to unspecified number of fatalities. [Palestinian Ministry of Health reported 34535 fatalities upto 29 April 2024. 14 fatalities not attributed to specific events split across 5 events on 29 April. 3 fatalities coded to this event.]",3,,1753955132
PSE51445,4/29/2024,2024,1,Political violence,Explosions/Remote violence,Air/drone strike,Military Forces of Israel (2022-),,8,Civilians (Palestine),,7,78,Civilian targeting,275,Middle East,Palestine,Gaza Strip,Deir El Balah,,Al Musaddar,31.4105,34.378,2,Arab 48; Newpress; Palestinian Ministry of Health; Twitter,Other-New media,"On 29 April 2024, Israeli warplanes struck a house in Al Musaddar (Deir El Balah, Gaza Strip) leading to unspecified number of fatalities. [Palestinian Ministry of Health reported 34535 fatalities upto 29 April 2024. 14 fatalities not attributed to specific events split across 5 events on 29 April. 3 fatalities coded to this event.]",3,,1765850627
PSE51457,4/29/2024,2024,1,Political violence,Explosions/Remote violence,Air/drone strike,Military Forces of Israel (2022-),,8,Civilians (Palestine),,7,78,Civilian targeting,275,Middle East,Palestine,Gaza Strip,Gaza City,,Gaza - Az Zaytun,31.4964,34.4522,1,Palestinian Ministry of Health; Quds News Network; Twitter,Other-New media,"On 29 April 2024, Israeli warplanes struck a house in Gaza - Az Zaytun (Gaza City, Gaza Strip) leading to unspecified number of fatalities. [Palestinian Ministry of Health reported 34535 fatalities upto 29 April 2024. 14 fatalities not attributed to specific events split across 5 events on 29 April. 3 fatalities coded to this event.]",3,,1759790002
PSE51455,4/29/2024,2024,1,Political violence,Explosions/Remote violence,Air/drone strike,Military Forces of Israel (2022-),,8,Civilians (Palestine),Refugees/IDPs (Palestine),7,78,Civilian targeting,275,Middle East,Palestine,Gaza Strip,Rafah,,Rafah Camp,31.2847,34.2546,1,Quds News Network; Twitter,New media-National,"On 29 April 2024, Israeli warplanes struck a house in Al Shaboura refugee camp of Mukhayyam Rafah Camp (Rafah, Gaza Strip), leaving 9 fatalities.",9,,1753955132
PSE51454,4/29/2024,2024,1,Political violence,Explosions/Remote violence,Air/drone strike,Military Forces of Israel (2022-),,8,Civilians (Palestine),,7,78,Civilian targeting,275,Middle East,Palestine,Gaza Strip,Rafah,,As Salam,31.2678,34.2567,1,Palestinian Ministry of Health; Quds News Network; Twitter,Other-New media,"On 29 April 2024, Israeli warplanes struck a house in As Salam (Rafah, Gaza Strip) leading to unspecified number of fatalities. [Palestinian Ministry of Health reported 34535 fatalities upto 29 April 2024. 14 fatalities not attributed to specific events split across 5 events on 29 April. 3 fatalities coded to this event.]",3,,1753955132
PSE51493,4/30/2024,2024,1,Political violence,Explosions/Remote violence,Shelling/artillery/missile attack,Military Forces of Israel (2022-),,8,Civilians (Palestine),,7,78,Civilian targeting,275,Middle East,Palestine,Gaza Strip,Gaza City,,Gaza - Shujaiyya,31.4988,34.4699,2,Palestine News and Information Agency; Quds News Network; Twitter,New media-National,"On 30 April 2024, the Israeli artillery shelled the Al Mansourah Street east Gaza - Shujaiyya (Gaza City, Gaza Strip), leaving 3 injuries.",0,,1759790002
PSE51499,4/30/2024,2024,1,Political violence,Explosions/Remote violence,Shelling/artillery/missile attack,Military Forces of Israel (2022-),,8,Civilians (Palestine),,7,78,Civilian targeting,275,Middle East,Palestine,Gaza Strip,Rafah,,An Nasr,31.2814,34.3025,1,Arab 48; Quds News Network; Twitter,New media-National,"On 30 April 2024, the Israeli artillery shelled targets in An Nasr (Rafah, Gaza Strip), injuring a Palestinian woman.",0,,1753955132
PSE51501,4/30/2024,2024,1,Political violence,Explosions/Remote violence,Shelling/artillery/missile attack,Military Forces of Israel (2022-),,8,Civilians (Palestine),,7,78,Civilian targeting,275,Middle East,Palestine,Gaza Strip,Gaza City,,Gaza - Shujaiyya,31.4988,34.4699,1,Arab 48; Ma'an News Agency; Quds News Network; Twitter,New media-National,"On 30 April 2024, Israeli artillery shelled targets in Gaza - Shujaiyya (Gaza City, Gaza Strip), leaving 2 fatalities.",2,,1759790002
PSE51478,4/30/2024,2024,1,Political violence,Explosions/Remote violence,Air/drone strike,Military Forces of Israel (2022-),,8,Civilians (Palestine),Refugees/IDPs (Palestine),7,78,Civilian targeting,275,Middle East,Palestine,Gaza Strip,Deir El Balah,,An Nusayrat,31.4486,34.3925,1,Arab 48; Ma'an News Agency; Palestine News and Information Agency; Quds News Network; Twitter,New media-National,"On 30 April 2024, Israeli warplanes struck targets in the western and northern areas of An Nusayrat refugee camp (Deir El Balah, Gaza strip) leaving 4 fatalities and at around 15 injuries. Also, 3 Palestinians including a child were killed and several were injured in an another airstrike targeting a house in the camp. Meanwhile, Israeli artillery shelled targets in the same area. Casualties unknown. Total fatalities coded as 7.",7,,1753955132
PSE51495,4/30/2024,2024,1,Political violence,Explosions/Remote violence,Air/drone strike,Military Forces of Israel (2022-),,8,Civilians (Palestine),,7,78,Civilian targeting,275,Middle East,Palestine,Gaza Strip,Deir El Balah,,Deir al Balah,31.4178,34.3503,1,Arab 48; Newpress; Palestine News and Information Agency; Quds News Network; Twitter,New media-National,"On 30 April 2024, Israeli warplanes struck 2 houses in Deir al Balah city (Deir El Balah, Gaza Strip), killing a woman.",1,,1753955132
PSE51486,4/30/2024,2024,1,Political violence,Explosions/Remote violence,Air/drone strike,Military Forces of Israel (2022-),,8,Civilians (Palestine),Refugees/IDPs (Palestine),7,78,Civilian targeting,275,Middle East,Palestine,Gaza Strip,North Gaza,,Jabalya Camp,31.536,34.4907,1,Palestine News and Information Agency,National,"On 30 April 2024, Israeli warplanes struck targets in Jabalya town and Mukhayyam Jabalya camp (North Gaza, Gaza Strip), leaving 7 injuries in Jabalya town and Mukhayyam Jabalya.",0,,1753955132
PSE51479,4/30/2024,2024,1,Political violence,Explosions/Remote violence,Shelling/artillery/missile attack,Military Forces of Israel (2022-),,8,Civilians (Palestine),,7,78,Civilian targeting,275,Middle East,Palestine,Gaza Strip,Deir El Balah,,Al Burayj,31.4394,34.4031,1,Palestine News and Information Agency; Palestinian Ministry of Health,Other-National,"On 30 April 2024, Israeli artillery shelled houses in Al Burayj refugee camp (Deir El Balah, Gaza Strip) leading to unspecified number of fatalities. [Palestinian Ministry of Health reported 34596 fatalities upto 30 April 2024. 15 fatalities not attributed to specific events split across 4 events on 30 April. 3 fatalities coded to this event.]",3,,1753955132
PSE51480,4/30/2024,2024,1,Political violence,Explosions/Remote violence,Shelling/artillery/missile attack,Military Forces of Israel (2022-),,8,Civilians (Palestine),,7,78,Civilian targeting,275,Middle East,Palestine,Gaza Strip,Deir El Balah,,Al Maghazi,31.4214,34.3865,1,Palestine News and Information Agency; Palestinian Ministry of Health,Other-National,"On 30 April 2024, Israeli artillery shelled houses in Al Maghazi refugee camp (Deir El Balah, Gaza Strip) leading to unspecified number of fatalities. [Palestinian Ministry of Health reported 34596 fatalities upto 30 April 2024. 15 fatalities not attributed to specific events split across 4 events on 30 April. 4 fatalities coded to this event.]",4,,1753955132
PSE51509,4/30/2024,2024,1,Political violence,Explosions/Remote violence,Air/drone strike,Military Forces of Israel (2022-),,8,Civilians (Palestine),,7,78,Civilian targeting,275,Middle East,Palestine,Gaza Strip,Rafah,,Tal as Sultan,31.3098,34.2414,1,Palestinian Ministry of Health; Quds News Network; Twitter,Other-New media,"On 30 April 2024, Israeli warplanes struck a house in Tal as Sultan (Rafah, Gaza Strip) leading to unspecified number of fatalities. [Palestinian Ministry of Health reported 34596 fatalities upto 30 April 2024. 15 fatalities not attributed to specific events split across 4 events on 30 April. 4 fatalities coded to this event.]",4,,1762829569
PSE51357,4/30/2024,2024,1,Political violence,Violence against civilians,Attack,Military Forces of Israel (2022-),,8,Civilians (Palestine),,7,78,Civilian targeting,275,Middle East,Palestine,Gaza Strip,Gaza City,,Gaza - Nezarim,31.484,34.4056,2,Quds News Network; Twitter,New media-National,"On 30 April 2024, Israeli forces shot and injured two Palestinian young men, stripped them of their clothes, and tortured them as they attempted to flee from Gaza city to the south, likely in Gaza - Nezarim (Gaza City, Gaza Strip).",0,,1753955132
PSE51503,4/30/2024,2024,1,Political violence,Explosions/Remote violence,Air/drone strike,Military Forces of Israel (2022-),,8,Civilians (Palestine),,7,78,Civilian targeting,275,Middle East,Palestine,Gaza Strip,Gaza City,,Al Zahra,31.4716,34.4013,1,Arab 48; Ma'an News Agency; Quds News Network; Twitter,New media-National,"On 30 April 2024, Israeli warplanes struck targets in Al Zahra (Gaza City, Gaza Strip), leaving 3 fatalities and a number of injuries. Also, the artillery struck targets in the same area. Casualties unknown. Total Fatalities coded as 3.",3,,1753955132
PSE51507,4/30/2024,2024,1,Political violence,Explosions/Remote violence,Air/drone strike,Military Forces of Israel (2022-),,8,Civilians (Palestine),,7,78,Civilian targeting,275,Middle East,Palestine,Gaza Strip,Gaza City,,Al Mughraqa,31.4675,34.4097,1,Newpress; Palestinian Ministry of Health; Quds News Network; Twitter,Other-New media,"On 30 April 2024, Israeli warplanes struck a house in Al Mughraqa (Gaza City, Gaza Strip) leading to unspecified number of fatalities. [Palestinian Ministry of Health reported 34596 fatalities upto 30 April 2024. 15 fatalities not attributed to specific events split across 4 events on 30 April. 4 fatalities coded to this event.]",4,,1753955132
PSE51481,4/30/2024,2024,1,Political violence,Explosions/Remote violence,Air/drone strike,Military Forces of Israel (2022-),,8,Civilians (Palestine),,7,78,Civilian targeting,275,Middle East,Palestine,Gaza Strip,Gaza City,,Gaza - Az Zaytun,31.4964,34.4522,1,Newpress; Palestine News and Information Agency; Quds News Network; Twitter,New media-National,"On 30 April 2024, Israeli warplanes carried out airstrikes in Gaza - Az Zaytun (Gaza City, Gaza Strip), leaving 3 fatalities and 10 injuries. Also, the artillery shelled targets in the same area. Casualties unknown. Fatalities coded as 3.",3,,1759790002
PSE51485,4/30/2024,2024,1,Political violence,Explosions/Remote violence,Air/drone strike,Military Forces of Israel (2022-),,8,Civilians (Palestine),,7,78,Civilian targeting,275,Middle East,Palestine,Gaza Strip,North Gaza,,Jabalya,31.5272,34.4835,1,Palestine News and Information Agency,National,"On 30 April 2024, Israeli warplanes struck targets in Jabalya town and Mukhayyam Jabalya camp (North Gaza, Gaza Strip), leaving 7 injuries in Jabalya town and Mukhayyam Jabalya.",0,,1759790002
PSE51489,4/30/2024,2024,1,Political violence,Explosions/Remote violence,Air/drone strike,Military Forces of Israel (2022-),,8,Civilians (Palestine),Refugees/IDPs (Palestine),7,78,Civilian targeting,275,Middle East,Palestine,Gaza Strip,Rafah,,Rafah Camp,31.2847,34.2546,1,Arab 48; Ma'an News Agency; Newpress; Palestine News and Information Agency; Quds News Network; Twitter,New media-National,"On 30 April 2024, Israeli warplanes struck a house in Al Shaboura refugee camp of Mukhayyam Rafah Camp (Rafah, Gaza Strip), killing 2 children and injuring several persons.",2,,1753955132
