Incident ID,Date,Display Date,Town/City,Location Name,Location Type,Lat,Lon,Display Latitude,Display Longitude,Category,Incident Type,Incident Tags,Verification,Media Link,Source Merged,Display Sources,Display Visual Evidence
31030-89208,10/30/2023,30-Oct-23,Gaza City,Red Crescent Warehouse,Warehouse,31.51562846,34.44111876,31.51563,34.44112,Aid,aid_infrastructure,Attack on aid,CONFIRMED,https://www.youtube.com/watch?v=zDYdVoKaVnw,https://x.com/ytirawi/status/1718996170750435789,"{'url': 'https://x.com/ytirawi/status/1718996170750435789', 'text': 'ytirawi'}",https://www.youtube.com/watch?v=zDYdVoKaVnw
40109-13342,1/9/2024,9-Jan-24,Gaza City,,,31.50169,34.46684,31.50169,34.46684,Aid,aid_personnel,Attack on aid personnel,CONFIRMED,,https://drive.google.com/file/d/1P7yQYp7KC2eG711baOY9Ijwa5nht7a4B/view,"{'url': 'https://drive.google.com/file/d/1P7yQYp7KC2eG711baOY9Ijwa5nht7a4B/view', 'text': 'drive.google.com'}",
40111-66760,1/11/2024,11-Jan-24,Gaza City,Al-Rashid Street,Road,31.5056277,34.4176981,31.50563,34.4177,Aid,civilians_seeking_aid,Attack on civilians seeking aid,CONFIRMED,,https://www.lemkininstitute.com/single-post/booby-traps-and-ambushes-how-israel-s-sadistic-hunger-games-target-starving-gazans; https://www.middleeasteye.net/news/after-100-days-war-palestinians-northern-gaza-aid-means-massacre; https://drive.google.com/file/d/1P7yQYp7KC2eG711baOY9Ijwa5nht7a4B/view,"{'url': 'https://www.lemkininstitute.com/single-post/booby-traps-and-ambushes-how-israel-s-sadistic-hunger-games-target-starving-gazans; https://www.middleeasteye.net/news/after-100-days-war-palestinians-northern-gaza-aid-means-massacre; https://drive.google.com/file/d/1P7yQYp7KC2eG711baOY9Ijwa5nht7a4B/view', 'text': 'lemkininstitute.com'}",
40114-57983,1/14/2024,14-Jan-24,Gaza City,,,31.5056277,34.4176981,31.50563,34.4177,Aid,civilians_seeking_aid,Attack on civilians seeking aid | Attack on evacuation route,CONFIRMED,https://www.instagram.com/p/C2FprV3t3nO/?hl=en,,,https://www.instagram.com/p/C2FprV3t3nO/?hl=en
40122-47313,1/22/2024,22-Jan-24,Gaza City,,Road,31.47977,34.44226,31.47977,34.44226,Aid,civilians_seeking_aid,Attack on civilians seeking aid,CONFIRMED,,https://drive.google.com/file/d/1P7yQYp7KC2eG711baOY9Ijwa5nht7a4B/view,"{'url': 'https://drive.google.com/file/d/1P7yQYp7KC2eG711baOY9Ijwa5nht7a4B/view', 'text': 'drive.google.com'}",
40123-98588,1/23/2024,23-Jan-24,Gaza City,Kuwait Roundabout,Road,31.484028,34.446167,31.48403,34.44617,Aid,civilians_seeking_aid,Attack on civilians seeking aid,CONFIRMED,https://www.instagram.com/p/C2b1jMttNeS/,,,https://www.instagram.com/p/C2b1jMttNeS/
40124-62670,1/24/2024,24-Jan-24,Gaza City,Kuwait Roundabout,Road,31.4799912,34.4425298,31.47999,34.44253,Aid,civilians_seeking_aid,Attack on civilians seeking aid,CONFIRMED,https://www.instagram.com/p/C2fTQdZt_xv/?hl=en-gb,,,https://www.instagram.com/p/C2fTQdZt_xv/?hl=en-gb
40125-53785,1/25/2024,25-Jan-24,Gaza City,Kuwait Roundabout,Road,31.484028,34.446167,31.48403,34.44617,Aid,civilians_seeking_aid,Attack on civilians seeking aid | Attack on evacuation route,CONFIRMED,https://www.instagram.com/p/C2h1NLFtDws/,https://drive.google.com/file/d/1P7yQYp7KC2eG711baOY9Ijwa5nht7a4B/view,"{'url': 'https://drive.google.com/file/d/1P7yQYp7KC2eG711baOY9Ijwa5nht7a4B/view', 'text': 'drive.google.com'}",https://www.instagram.com/p/C2h1NLFtDws/
40130-30542,1/30/2024,30-Jan-24,Gaza City,Kuwait Roundabout,Road,31.47977,34.44226,31.47977,34.44226,Aid,civilians_seeking_aid,Attack on civilians seeking aid | Attack on evacuation route,CONFIRMED,,https://drive.google.com/file/d/1P7yQYp7KC2eG711baOY9Ijwa5nht7a4B/view,"{'url': 'https://drive.google.com/file/d/1P7yQYp7KC2eG711baOY9Ijwa5nht7a4B/view', 'text': 'drive.google.com'}",
40204-44732,2/4/2024,4-Feb-24,Gaza City,Kuwait Roundabout,Road,31.484028,34.446167,31.48403,34.44617,Aid,civilians_seeking_aid,Attack on civilians seeking aid | Attack on evacuation route,CONFIRMED,https://www.instagram.com/p/C27XyCet8TQ/?hl=en-gb,https://drive.google.com/file/d/1P7yQYp7KC2eG711baOY9Ijwa5nht7a4B/view,"{'url': 'https://drive.google.com/file/d/1P7yQYp7KC2eG711baOY9Ijwa5nht7a4B/view', 'text': 'drive.google.com'}",https://www.instagram.com/p/C27XyCet8TQ/?hl=en-gb
40205-78151,2/5/2024,5-Feb-24,Al-Zahra,,Vehicle,31.4828909,34.3952076,31.48289,34.39521,Aid,aid_convoy,Attack on aid,CONFIRMED,,https://drive.google.com/file/d/1P7yQYp7KC2eG711baOY9Ijwa5nht7a4B/view ; https://edition.cnn.com/2024/02/21/middleeast/un-food-convoy-gaza-israel-strike-cmd-intl/index.html,"{'url': 'https://drive.google.com/file/d/1P7yQYp7KC2eG711baOY9Ijwa5nht7a4B/view ; https://edition.cnn.com/2024/02/21/middleeast/un-food-convoy-gaza-israel-strike-cmd-intl/index.html', 'text': 'drive.google.com'}",
40205-93035,2/5/2024,5-Feb-24,Al-Zahra,,,31.48281778,34.3951527,31.48282,34.39515,Aid,aid_convoy,Attack on aid | Attack on evacuation route | Attack on evacuation area | Attack on UNRWA aid distribution,CONFIRMED,,"https://palestine.un.org/en/259747-food-convoy-waiting-move-northern-gaza-was-hit-israeli-naval-gunfire, https://edition.cnn.com/2024/02/21/middleeast/un-food-convoy-gaza-israel-strike-cmd-intl/index.html","{'url': 'https://palestine.un.org/en/259747-food-convoy-waiting-move-northern-gaza-was-hit-israeli-naval-gunfire', 'text': 'palestine.un.org'} | {'url': 'https://edition.cnn.com/2024/02/21/middleeast/un-food-convoy-gaza-israel-strike-cmd-intl/index.html', 'text': 'edition.cnn.com'}",
40206-84308,2/6/2024,6-Feb-24,Rafah,,,31.28554,34.27128,31.28554,34.27128,Aid,aid_personnel,Attack on aid personnel | Attack on destination area | Attack on UNRWA aid distribution,CONFIRMED,https://twitter.com/AJEnglish/status/1764480895916941450,https://drive.google.com/file/d/1P7yQYp7KC2eG711baOY9Ijwa5nht7a4B/view,"{'url': 'https://drive.google.com/file/d/1P7yQYp7KC2eG711baOY9Ijwa5nht7a4B/view', 'text': 'drive.google.com'}",https://twitter.com/AJEnglish/status/1764480895916941450
40207-63171,2/7/2024,7-Feb-24,Gaza City,Kuwait Roundabout,Road,31.47977,34.44226,31.47977,34.44226,Aid,civilians_seeking_aid,Attack on civilians seeking aid,CONFIRMED,,https://drive.google.com/file/d/1P7yQYp7KC2eG711baOY9Ijwa5nht7a4B/view,"{'url': 'https://drive.google.com/file/d/1P7yQYp7KC2eG711baOY9Ijwa5nht7a4B/view', 'text': 'drive.google.com'}",
40207-99731,2/7/2024,7-Feb-24,Gaza City,Al-Thalathini Street,,31.50466465,34.45065534,31.50466,34.45066,Aid,civilians_seeking_aid,Attack on aid,CONFIRMED,https://x.com/OnlinePalEng/status/1755275372118028428,https://www.ochaopt.org/content/hostilities-gaza-strip-and-israel-flash-update-114?_gl=1*taiqad*_ga*ODU5NTQzNzU2LjE3MjExMjcyMTI.*_ga_E60ZNX2F68*MTcyODU3MjA5OS4xNC4wLjE3Mjg1NzIwOTkuNjAuMC4w,"{'url': 'https://www.ochaopt.org/content/hostilities-gaza-strip-and-israel-flash-update-114?_gl=1*taiqad*_ga*ODU5NTQzNzU2LjE3MjExMjcyMTI.*_ga_E60ZNX2F68*MTcyODU3MjA5OS4xNC4wLjE3Mjg1NzIwOTkuNjAuMC4w', 'text': 'ochaopt.org'}",https://x.com/OnlinePalEng/status/1755275372118028428
40210-41672,2/7/2024,7-Feb-24,Rafah,,,31.30922065,34.24144254,31.30922,34.24144,Aid,aid_personnel,Attack on aid personnel,CONFIRMED,https://twitter.com/AJEnglish/status/1764480895916941450,https://x.com/qudsn/status/1755256524899778824,"{'url': 'https://x.com/qudsn/status/1755256524899778824', 'text': 'qudsn'}",https://twitter.com/AJEnglish/status/1764480895916941450
40218-48954,2/18/2024,18-Feb-24,Gaza City,Nabulsi Roundabout,,31.5056277,34.4176981,31.50563,34.4177,Aid,civilians_seeking_aid,Attack on civilians seeking aid,CONFIRMED,https://twitter.com/muhammadshehad2/status/1763657116273762341,,,https://twitter.com/muhammadshehad2/status/1763657116273762341
40219-48842,2/19/2024,19-Feb-24,Gaza City,Nabulsi Roundabout,,31.5056277,34.4176981,31.50563,34.4177,Aid,civilians_seeking_aid,Attack on civilians seeking aid,CONFIRMED,https://twitter.com/muhammadshehad2/status/1763656663456792797,https://drive.google.com/file/d/1P7yQYp7KC2eG711baOY9Ijwa5nht7a4B/view,"{'url': 'https://drive.google.com/file/d/1P7yQYp7KC2eG711baOY9Ijwa5nht7a4B/view', 'text': 'drive.google.com'}",https://twitter.com/muhammadshehad2/status/1763656663456792797
40220-95193,2/20/2024,20-Feb-24,Rafah,,Vehicle,31.30231,34.24411,31.30231,34.24411,Aid,aid_personnel,Attack on aid personnel,CONFIRMED,,https://drive.google.com/file/d/1P7yQYp7KC2eG711baOY9Ijwa5nht7a4B/view,"{'url': 'https://drive.google.com/file/d/1P7yQYp7KC2eG711baOY9Ijwa5nht7a4B/view', 'text': 'drive.google.com'}",
40222-00760,2/22/2024,22-Feb-24,Gaza City,,,31.5056277,34.4176981,31.50563,34.4177,Aid,civilians_seeking_aid,Attack on civilians seeking aid,CONFIRMED,https://twitter.com/muhammadshehad2/status/1763654543248674997,,,https://twitter.com/muhammadshehad2/status/1763654543248674997
40223-87043,2/23/2024,23-Feb-24,Gaza City,,,31.5056277,34.4176981,31.50563,34.4177,Aid,civilians_seeking_aid,Attack on civilians seeking aid,CONFIRMED,https://x.com/muhammadshehad2/status/1763653724990316729,,,https://x.com/muhammadshehad2/status/1763653724990316729
40224-51918,2/24/2024,24-Feb-24,Gaza City,,,31.5056277,34.4176981,31.50563,34.4177,Aid,civilians_seeking_aid,Attack on civilians seeking aid,CONFIRMED,https://twitter.com/muhammadshehad2/status/1763653334014038076,,,https://twitter.com/muhammadshehad2/status/1763653334014038076
40225-48045,2/25/2024,25-Feb-24,Gaza City,Al-Rashid Street,,31.5056277,34.4176981,31.50563,34.4177,Aid,civilians_seeking_aid,Attack on civilians seeking aid,CONFIRMED,https://twitter.com/muhammadshehad2/status/1763652792772694503,https://www.instagram.com/reel/C3yGwHVr09D/?hl=en ; https://drive.google.com/file/d/1P7yQYp7KC2eG711baOY9Ijwa5nht7a4B/view,"{'url': 'https://www.instagram.com/reel/C3yGwHVr09D/?hl=en ; https://drive.google.com/file/d/1P7yQYp7KC2eG711baOY9Ijwa5nht7a4B/view', 'text': 'instagram.com'}",https://twitter.com/muhammadshehad2/status/1763652792772694503
40226-52155,2/26/2024,26-Feb-24,Gaza City,Nabulsi Roundabout,,31.50553505,34.41758193,31.50554,34.41758,Aid,civilians_seeking_aid,Attack on civilians seeking aid | Attack on evacuation route,CONFIRMED,https://twitter.com/RamAbdu/status/1762093459035537612,,,https://twitter.com/RamAbdu/status/1762093459035537612
40227-85262,2/27/2024,27-Feb-24,Gaza City,Nabulsi Roundabout,,31.509056,34.420694,31.50906,34.42069,Aid,civilians_seeking_aid,Attack on civilians seeking aid | Attack on evacuation route,CONFIRMED,https://twitter.com/RamAbdu/status/1762469599155486744,,,https://twitter.com/RamAbdu/status/1762469599155486744
40228-34395,2/28/2024,28-Feb-24,Gaza City,Nabulsi Roundabout,,31.5056277,34.4176981,31.50563,34.4177,Aid,civilians_seeking_aid,Attack on civilians seeking aid | Attack on evacuation route,CONFIRMED,https://twitter.com/muhammadshehad2/status/1763651267237216587,,,https://twitter.com/muhammadshehad2/status/1763651267237216587
40229-37742,2/29/2024,29-Feb-24,Gaza City,Nabulsi Roundabout,,31.504222,34.415417,31.50422,34.41542,Aid,civilians_seeking_aid,Attack on civilians seeking aid,CONFIRMED,https://twitter.com/JalalAK_jojo/status/1763195107904229557,https://drive.google.com/file/d/1P7yQYp7KC2eG711baOY9Ijwa5nht7a4B/view,"{'url': 'https://drive.google.com/file/d/1P7yQYp7KC2eG711baOY9Ijwa5nht7a4B/view', 'text': 'drive.google.com'}",https://twitter.com/JalalAK_jojo/status/1763195107904229557
40229-41520,2/29/2024,29-Feb-24,Gaza City,,,31.5056277,34.4176981,31.50563,34.4177,Aid,civilians_seeking_aid,Attack on civilians seeking aid,CONFIRMED,https://twitter.com/muhammadshehad2/status/1763241385778413591,,,https://twitter.com/muhammadshehad2/status/1763241385778413591
40301-77405,3/1/2024,1-Mar-24,Gaza City,,,31.5056277,34.4176981,31.50563,34.4177,Aid,civilians_seeking_aid,Attack on civilians seeking aid,MOST LIKELY,https://www.instagram.com/p/C3-poleMqug/,,,https://www.instagram.com/p/C3-poleMqug/
40302-66440,3/2/2024,2-Mar-24,Gaza City,Nabulsi Roundabout,,31.506,34.417139,31.506,34.41714,Aid,civilians_seeking_aid,Attack on civilians seeking aid | Attack on evacuation route,CONFIRMED,https://twitter.com/RamAbdu/status/1763871459892473895,https://drive.google.com/file/d/1P7yQYp7KC2eG711baOY9Ijwa5nht7a4B/view,"{'url': 'https://drive.google.com/file/d/1P7yQYp7KC2eG711baOY9Ijwa5nht7a4B/view', 'text': 'drive.google.com'}",https://twitter.com/RamAbdu/status/1763871459892473895
40303-83872,3/3/2024,3-Mar-24,Deir al-Balah,,,31.41713,34.35093,31.41713,34.35093,Aid,aid_convoy,Attack on aid | Attack on destination area | Attack on 'humanitarian zone',CONFIRMED,,https://drive.google.com/file/d/1P7yQYp7KC2eG711baOY9Ijwa5nht7a4B/view,"{'url': 'https://drive.google.com/file/d/1P7yQYp7KC2eG711baOY9Ijwa5nht7a4B/view', 'text': 'drive.google.com'}",
40303-44729,3/3/2024,3-Mar-24,Gaza City,,,31.47977,34.44226,31.47977,34.44226,Aid,civilians_seeking_aid,Attack on civilians seeking aid,CONFIRMED,https://twitter.com/AJEnglish/status/1765006853040148745,https://www.unocha.org/publications/report/occupied-palestinian-territory/hostilities-gaza-strip-and-israel-flash-update-131-enarhe,"{'url': 'https://www.unocha.org/publications/report/occupied-palestinian-territory/hostilities-gaza-strip-and-israel-flash-update-131-enarhe', 'text': 'unocha.org'}",https://twitter.com/AJEnglish/status/1765006853040148745
40304-47580,3/4/2024,4-Mar-24,Gaza City,,,31.5056277,34.4176981,31.50563,34.4177,Aid,,Attack on civilians seeking aid | Attack on aid personnel,CONFIRMED,https://twitter.com/RamAbdu/status/1764767989457383827,https://twitter.com/WarWatchs/status/1764787573786808643?s=20,"{'url': 'https://twitter.com/WarWatchs/status/1764787573786808643?s=20', 'text': 'WarWatchs'}",https://twitter.com/RamAbdu/status/1764767989457383827
40305-20471,3/5/2024,5-Mar-24,Gaza City,,,31.5056277,34.4176981,31.50563,34.4177,Aid,civilians_seeking_aid,Attack on civilians seeking aid,CONFIRMED,https://twitter.com/AJEnglish/status/1765006853040148745,,,https://twitter.com/AJEnglish/status/1765006853040148745
40306-90593,3/6/2024,6-Mar-24,Gaza City,Nabulsi Roundabout,,31.5056277,34.4176981,31.50563,34.4177,Aid,civilians_seeking_aid,Attack on civilians seeking aid,CONFIRMED,,https://twitter.com/AJENews/status/1765418556869464414?s=20,"{'url': 'https://twitter.com/AJENews/status/1765418556869464414?s=20', 'text': 'AJENews'}",
40307-40148,3/7/2024,7-Mar-24,Gaza City,Kuwait Roundabout,,31.5056277,34.4176981,31.50563,34.4177,Aid,civilians_seeking_aid,Attack on civilians seeking aid,CONFIRMED,,https://x.com/AJABreaking/status/1765820616622415923; https://twitter.com/QudsNen/status/1765821235051597824; https://english.wafa.ps/Pages/Details/142302,"{'url': 'https://x.com/AJABreaking/status/1765820616622415923; https://twitter.com/QudsNen/status/1765821235051597824; https://english.wafa.ps/Pages/Details/142302', 'text': 'AJABreaking'}",
40309-94257,3/9/2024,9-Mar-24,Gaza City,,,31.5056277,34.4176981,31.50563,34.4177,Aid,civilians_seeking_aid,Attack on civilians seeking aid,CONFIRMED,,https://drive.google.com/file/d/1P7yQYp7KC2eG711baOY9Ijwa5nht7a4B/view,"{'url': 'https://drive.google.com/file/d/1P7yQYp7KC2eG711baOY9Ijwa5nht7a4B/view', 'text': 'drive.google.com'}",
40309-45555,3/9/2024,9-Mar-24,Gaza City,,,31.47977,34.44226,31.47977,34.44226,Aid,civilians_seeking_aid,Attack on civilians seeking aid,CONFIRMED,,https://drive.google.com/file/d/1P7yQYp7KC2eG711baOY9Ijwa5nht7a4B/view,"{'url': 'https://drive.google.com/file/d/1P7yQYp7KC2eG711baOY9Ijwa5nht7a4B/view', 'text': 'drive.google.com'}",
40311-84194,3/11/2024,11-Mar-24,Gaza City,Kuwait Roundabout,,31.47977,34.44226,31.47977,34.44226,Aid,civilians_seeking_aid,Attack on civilians seeking aid,CONFIRMED,,https://drive.google.com/file/d/1P7yQYp7KC2eG711baOY9Ijwa5nht7a4B/view,"{'url': 'https://drive.google.com/file/d/1P7yQYp7KC2eG711baOY9Ijwa5nht7a4B/view', 'text': 'drive.google.com'}",
40312-01190,3/12/2024,12-Mar-24,Gaza City,Kuwait Roundabout,,31.4798,34.4423,31.4798,34.4423,Aid,civilians_seeking_aid,Attack on civilians seeking aid | Attack on evacuation route,MOST LIKELY,https://twitter.com/RamAbdu/status/1767387733545148494,,,https://twitter.com/RamAbdu/status/1767387733545148494
40313-42803,3/13/2024,13-Mar-24,Rafah,,vehicle,31.28554,34.27128,31.28554,34.27128,Aid,aid_personnel,Attack on aid personnel,CONFIRMED,https://ichef.bbci.co.uk/ace/ws/800/cpsprodpb/d91c/live/c574c5e0-e1a2-11ee-af2e-e3f5d06a1756.jpg.webp,"https://www.bbc.com/arabic/articles/ce5e1zze0eeo#:~:text=Ø£Ø¹Ù„Ù†Øª%20Ø­Ø±ÙƒØ©%20Ø­Ù…Ø§Ø³%20Ø¹Ø¨Ø±%20Ø­Ø³Ø§Ø¨Ù‡Ø§,ÙÙŠ%20ØºØ§Ø±Ø§Øª%20Ø¥Ø³Ø±Ø§Ø¦ÙŠÙ„ÙŠØ©%20ÙØ¬Ø±%20Ø§Ù„Ø®Ù…ÙŠØ³. ","{'url': 'https://www.bbc.com/arabic/articles/ce5e1zze0eeo#:~:text=Ø£Ø¹Ù„Ù†Øª%20Ø­Ø±ÙƒØ©%20Ø­Ù…Ø§Ø³%20Ø¹Ø¨Ø±%20Ø­Ø³Ø§Ø¨Ù‡Ø§', 'text': 'bbc.com'} | {'url': 'ÙÙŠ%20ØºØ§Ø±Ø§Øª%20Ø¥Ø³Ø±Ø§Ø¦ÙŠÙ„ÙŠØ©%20ÙØ¬Ø±%20Ø§Ù„Ø®Ù…ÙŠØ³.'}",https://ichef.bbci.co.uk/ace/ws/800/cpsprodpb/d91c/live/c574c5e0-e1a2-11ee-af2e-e3f5d06a1756.jpg.webp
40313-74065,3/13/2024,13-Mar-24,Rafah,Rafah aid centre,Warehouse,31.27818926,34.26033955,31.27819,34.26034,Aid,aid_personnel,Attack on aid personnel | Attack on destination area | Attack on UNRWA aid distribution,CONFIRMED,,UNRWA,{'url': 'UNRWA'},
40313-74966,3/13/2024,13-Mar-24,Gaza City,Kuwait Roundabout,,31.47977,34.44226,31.47977,34.44226,Aid,civilians_seeking_aid,Attack on civilians seeking aid,CONFIRMED,,https://drive.google.com/file/d/1P7yQYp7KC2eG711baOY9Ijwa5nht7a4B/view,"{'url': 'https://drive.google.com/file/d/1P7yQYp7KC2eG711baOY9Ijwa5nht7a4B/view', 'text': 'drive.google.com'}",
40313-68743,3/13/2024,13-Mar-24,Rafah,Khirbat al-Adas,Vehicle,31.2856446,34.2712872,31.28564,34.27129,Aid,aid_personnel,Attack on aid | Attack on aid personnel,CONFIRMED,,https://drive.google.com/file/d/1P7yQYp7KC2eG711baOY9Ijwa5nht7a4B/view,"{'url': 'https://drive.google.com/file/d/1P7yQYp7KC2eG711baOY9Ijwa5nht7a4B/view', 'text': 'drive.google.com'}",
40314-74600,3/14/2024,14-Mar-24,Al-Nuseirat,Nuseirat aid distribution centre,Warehouse,31.4498684,34.39295137,31.44987,34.39295,Aid,civilians_seeking_aid,Attack on civilians seeking aid,CONFIRMED,,https://drive.google.com/file/d/1P7yQYp7KC2eG711baOY9Ijwa5nht7a4B/view,"{'url': 'https://drive.google.com/file/d/1P7yQYp7KC2eG711baOY9Ijwa5nht7a4B/view', 'text': 'drive.google.com'}",
40314-85098,3/14/2024,14-Mar-24,Gaza City,,,31.47977,34.44226,31.47977,34.44226,Aid,civilians_seeking_aid,Attack on civilians seeking aid,CONFIRMED,https://twitter.com/EyeonPalestine/status/1768404361191751963,"https://twitter.com/RamAbdu/status/1768632534051516572, https://drive.google.com/file/d/1P7yQYp7KC2eG711baOY9Ijwa5nht7a4B/view","{'url': 'https://twitter.com/RamAbdu/status/1768632534051516572', 'text': 'RamAbdu'} | {'url': 'https://drive.google.com/file/d/1P7yQYp7KC2eG711baOY9Ijwa5nht7a4B/view', 'text': 'drive.google.com'}",https://twitter.com/EyeonPalestine/status/1768404361191751963
40315-98248,3/15/2024,15-Mar-24,Gaza City,Kuwait Roundabout,,31.483686,34.445638,31.48369,34.44564,Aid,civilians_seeking_aid,Attack on civilians seeking aid | Attack on evacuation route,CONFIRMED,https://www.instagram.com/p/C4hzac0qm3u/?hl=en,"https://twitter.com/AJArabic/status/1768672253884211540, https://www.aljazeera.com/news/2024/3/15/massacre-israel-forces-attack-crowds-waiting-for-aid-in-gaza-killing-21 ","{'url': 'https://twitter.com/AJArabic/status/1768672253884211540', 'text': 'AJArabic'} | {'url': 'https://www.aljazeera.com/news/2024/3/15/massacre-israel-forces-attack-crowds-waiting-for-aid-in-gaza-killing-21', 'text': 'aljazeera.com'}",https://www.instagram.com/p/C4hzac0qm3u/?hl=en
40318-40834,3/18/2024,18-Mar-24,Gaza City,Shifa Medical Complex,hospital,31.52435798,34.44283029,31.52436,34.44283,Aid,aid_personnel,Attack on aid personnel,CONFIRMED,https://www.instagram.com/reel/C4p0D2gIkid/?utm_source=ig_embed&ig_rid=3cc4852e-33ce-42ff-a701-17d4fae85dd8,"https://www.middleeastmonitor.com/20240318-israel-storms-Shifa Medical Complex-again-forcing-patients-to-flee/ , https://www.madamasr.com/en/2024/03/19/news/u/hamas-police-official-who-secured-aid-distribution-among-50-executed-in-shifa-hospital-raid/","{'url': 'https://www.middleeastmonitor.com/20240318-israel-storms-Shifa Medical Complex-again-forcing-patients-to-flee/', 'text': 'middleeastmonitor.com'} | {'url': 'https://www.madamasr.com/en/2024/03/19/news/u/hamas-police-official-who-secured-aid-distribution-among-50-executed-in-shifa-hospital-raid/', 'text': 'madamasr.com'}",https://www.instagram.com/reel/C4p0D2gIkid/?utm_source=ig_embed&ig_rid=3cc4852e-33ce-42ff-a701-17d4fae85dd8
40507-83805,3/18/2024,18-Mar-24,Jabalia,Jabalia aid storage center,Warehouse,31.537222,34.496389,31.53722,34.49639,Aid,aid_infrastructure,Attack on aid,CONFIRMED,,https://drive.google.com/file/d/1P7yQYp7KC2eG711baOY9Ijwa5nht7a4B/view,"{'url': 'https://drive.google.com/file/d/1P7yQYp7KC2eG711baOY9Ijwa5nht7a4B/view', 'text': 'drive.google.com'}",
40318-49809,3/18/2024,18-Mar-24,Jabalia,,residential,31.52932385,34.47973692,31.52932,34.47974,Aid,aid_personnel,Attack on aid personnel,CONFIRMED,,https://drive.google.com/file/d/1P7yQYp7KC2eG711baOY9Ijwa5nht7a4B/view,"{'url': 'https://drive.google.com/file/d/1P7yQYp7KC2eG711baOY9Ijwa5nht7a4B/view', 'text': 'drive.google.com'}",
40319-69896,3/19/2024,19-Mar-24,Gaza City,,,31.49165485,34.45319486,31.49165,34.45319,Aid,civilians_seeking_aid,Attack on civilians seeking aid | Attack on evacuation route,CONFIRMED,,"https://www.aljazeera.net/news/2024/3/31/%D8%A7%D9%84%D9%84%D8%AC%D8%A7%D9%86-%D8%A7%D9%84%D8%B9%D8%B4%D8%A7%D8%A6%D8%B1%D9%8A%D8%A9-%D8%A8%D8%BA%D8%B2%D8%A9-%D8%AA%D8%B9%D9%84%D9%86-%D9%88%D9%82%D9%81-%D8%AA%D8%A3%D9%85%D9%8A%D9%86-2,  https://drive.google.com/file/d/1P7yQYp7KC2eG711baOY9Ijwa5nht7a4B/view, https://twitter.com/EyeonPalestine/status/1770174685407248533?s=20","{'url': 'https://www.aljazeera.net/news/2024/3/31/%D8%A7%D9%84%D9%84%D8%AC%D8%A7%D9%86-%D8%A7%D9%84%D8%B9%D8%B4%D8%A7%D8%A6%D8%B1%D9%8A%D8%A9-%D8%A8%D8%BA%D8%B2%D8%A9-%D8%AA%D8%B9%D9%84%D9%86-%D9%88%D9%82%D9%81-%D8%AA%D8%A3%D9%85%D9%8A%D9%86-2', 'text': 'aljazeera.net'} | {'url': 'https://drive.google.com/file/d/1P7yQYp7KC2eG711baOY9Ijwa5nht7a4B/view', 'text': 'drive.google.com'} | {'url': 'https://twitter.com/EyeonPalestine/status/1770174685407248533?s=20', 'text': 'EyeonPalestine'}",
40319-89886,3/19/2024,19-Mar-24,Al-Nuseirat,UNRWA headquarters - Gaza City,Vehicle,31.4498684,34.39295137,31.44987,34.39295,Aid,aid_personnel,Attack on aid personnel | Attack on UNRWA aid distribution,CONFIRMED,,https://drive.google.com/file/d/1P7yQYp7KC2eG711baOY9Ijwa5nht7a4B/view,"{'url': 'https://drive.google.com/file/d/1P7yQYp7KC2eG711baOY9Ijwa5nht7a4B/view', 'text': 'drive.google.com'}",
40323-83966,3/23/2024,23-Mar-24,Gaza City,Kuwait Roundabout,,31.47977,34.44226,31.47977,34.44226,Aid,civilians_seeking_aid,Attack on civilians seeking aid,CONFIRMED,https://twitter.com/i/status/1771620910002270360,,,https://twitter.com/i/status/1771620910002270360
40324-40612,3/24/2024,24-Mar-24,Gaza City,Kuwait Roundabout,,31.47977,34.44226,31.47977,34.44226,Aid,civilians_seeking_aid,Attack on civilians seeking aid,CONFIRMED,,https://twitter.com/AJABreaking/status/1771948656842723594,"{'url': 'https://twitter.com/AJABreaking/status/1771948656842723594', 'text': 'AJABreaking'}",
40326-61798,3/26/2024,26-Mar-24,Gaza City,Kuwait Roundabout,,31.47977,34.44226,31.47977,34.44226,Aid,civilians_seeking_aid,Attack on civilians seeking aid,MOST LIKELY,https://twitter.com/i/status/1772414660299325478,https://twitter.com/i/status/1772560882595209335,"{'url': 'https://twitter.com/i/status/1772560882595209335', 'text': 'i'}",https://twitter.com/i/status/1772414660299325478
40327-34054,3/27/2024,27-Mar-24,Gaza City,,,31.50169,34.46684,31.50169,34.46684,Aid,aid_personnel,Attack on aid personnel,CONFIRMED,,https://x.com/AJABreaking/status/1773070064310272176,"{'url': 'https://x.com/AJABreaking/status/1773070064310272176', 'text': 'AJABreaking'}",
40329-14922,3/29/2024,29-Mar-24,Gaza City,Al-Shujaiya Sports Club,,31.50055188,34.46696577,31.50055,34.46697,Aid,aid_personnel,Attack on aid personnel | Attack on civilians seeking aid,CONFIRMED,,"https://www.aa.com.tr/en/middle-east/17-palestinians-killed-in-israeli-attacks-on-police-says-gaza-government/3178432, https://www.middleeastmonitor.com/20240329-10-palestinians-killed-in-israeli-drone-attack-on-sports-club-in-gaza/ ","{'url': 'https://www.aa.com.tr/en/middle-east/17-palestinians-killed-in-israeli-attacks-on-police-says-gaza-government/3178432', 'text': 'aa.com.tr'} | {'url': 'https://www.middleeastmonitor.com/20240329-10-palestinians-killed-in-israeli-drone-attack-on-sports-club-in-gaza/', 'text': 'middleeastmonitor.com'}",
40418-04177,4/18/2024,18-Apr-24,Gaza City,,,31.515886,34.469303,31.51589,34.4693,Aid,aid_convoy,Attack on aid,CONFIRMED,,https://www.cbc.ca/news/canada/toronto/canadian-aid-truck-bombed-water-gaza-1.7179849,"{'url': 'https://www.cbc.ca/news/canada/toronto/canadian-aid-truck-bombed-water-gaza-1.7179849', 'text': 'cbc.ca'}",
40401-39679,4/1/2024,1-Apr-24,Deir al-Balah,,,31.411568,34.322921,31.41157,34.32292,Aid,aid_personnel,Attack on aid personnel | Attack on evacuation route,CONFIRMED,,https://wck.org/news/gaza-team-update,"{'url': 'https://wck.org/news/gaza-team-update', 'text': 'wck.org'}",
40409-94284,4/9/2024,9-Apr-24,Al-Maghazi,,government_building,31.42176903,34.38567349,31.42177,34.38567,Aid,aid_personnel,Attack on aid personnel,MOST LIKELY,,https://twitter.com/munigaza/status/1777630328888189414,"{'url': 'https://twitter.com/munigaza/status/1777630328888189414', 'text': 'munigaza'}",
40411-25044,4/11/2024,11-Apr-24,Gaza City,Firas Market,market,31.50711965,34.45816741,31.50712,34.45817,Aid,aid_market,Attack on aid,CONFIRMED,,"https://t.me/AjaNews/259422, https://www.aljazeera.com/news/liveblog/2024/4/11/israels-war-on-gaza-live-hamas-says-netanyahu-hindering-ceasefire-chances; ","{'url': 'https://t.me/AjaNews/259422', 'text': 'AjaNews'} | {'url': 'https://www.aljazeera.com/news/liveblog/2024/4/11/israels-war-on-gaza-live-hamas-says-netanyahu-hindering-ceasefire-chances;', 'text': 'aljazeera.com'}",
40411-27952,4/11/2024,11-Apr-24,Jabalia,,,31.52932385,34.47973692,31.52932,34.47974,Aid,aid_personnel,Attack on aid personnel,CONFIRMED,,"https://www.timesofisrael.com/liveblog_entry/hamass-internal-security-chief-killed-in-northern-gaza-airstrike-idf-shin-bet/, https://drive.google.com/file/d/1P7yQYp7KC2eG711baOY9Ijwa5nht7a4B/view","{'url': 'https://www.timesofisrael.com/liveblog_entry/hamass-internal-security-chief-killed-in-northern-gaza-airstrike-idf-shin-bet/', 'text': 'timesofisrael.com'} | {'url': 'https://drive.google.com/file/d/1P7yQYp7KC2eG711baOY9Ijwa5nht7a4B/view', 'text': 'drive.google.com'}",
40411-65315,4/11/2024,11-Apr-24,Jabalia,,,31.52932385,34.47973692,31.52932,34.47974,Aid,aid_personnel,Attack on aid personnel,MOST LIKELY,https://www.instagram.com/mothersagainstgenocide/p/C5pHNr4qkuV/,,,https://www.instagram.com/mothersagainstgenocide/p/C5pHNr4qkuV/
40104-75099,1/4/2024,4-Jan-24,Gaza City,,drinking_water,31.506404,34.4733674,31.5064,34.47337,Aid,aid_infrastructure,Attack on aid,CONFIRMED,,Planet Satellite Image of Damage,{'url': 'Planet Satellite Image of Damage'},
31210-82293,12/10/2023,10-Dec-23,Gaza City,,drinking_water,31.5038112,34.4662575,31.50381,34.46626,Aid,aid_infrastructure,Attack on aid,CONFIRMED,,Planet Satellite Image of Damage,{'url': 'Planet Satellite Image of Damage'},
40104-57844,1/4/2024,4-Jan-24,Gaza City,,drinking_water,31.4952869,34.4674585,31.49529,34.46746,Aid,aid_infrastructure,Attack on aid,CONFIRMED,,Planet Satellite Image of Damage,{'url': 'Planet Satellite Image of Damage'},
31009-48673,10/9/2023,9-Oct-23,Gaza City,,police,31.52216247,34.44130183,31.52216,34.4413,Aid,aid_infrastructure,Attack on aid,CONFIRMED,https://t.me/ShehabTelegram/400571,,,https://t.me/ShehabTelegram/400571
31015-75260,10/15/2023,15-Oct-23,Beit Lahia,,police,31.54693061,34.50011712,31.54693,34.50012,Aid,aid_infrastructure,Attack on aid,CONFIRMED,,https://t.me/ShehabTelegram/403322,"{'url': 'https://t.me/ShehabTelegram/403322', 'text': 'ShehabTelegram'}",
31015-25099,10/15/2023,15-Oct-23,Jabalia,,police,31.53294017,34.49543436,31.53294,34.49543,Aid,aid_infrastructure,Attack on aid,CONFIRMED,,https://t.me/ShehabTelegram/403322,"{'url': 'https://t.me/ShehabTelegram/403322', 'text': 'ShehabTelegram'}",
31210-25179,12/10/2023,10-Dec-23,Gaza City,,police,31.5373837,34.46108,31.53738,34.46108,Aid,aid_infrastructure,Attack on aid,CONFIRMED,,Planet Satellite Image of Damage,{'url': 'Planet Satellite Image of Damage'},
40104-13153,1/4/2024,4-Jan-24,Gaza City,,drinking_water,31.4998824,34.4437347,31.49988,34.44373,Aid,aid_infrastructure,Attack on aid,CONFIRMED,,Planet Satellite Image of Damage,{'url': 'Planet Satellite Image of Damage'},
40320-82612,3/20/2024,20-Mar-24,Gaza City,,drinking_water,31.5355248,34.465908,31.53552,34.46591,Aid,aid_infrastructure,Attack on aid,CONFIRMED,,Planet Satellite Image of Damage,{'url': 'Planet Satellite Image of Damage'},
31030-50256,10/30/2023,30-Oct-23,Gaza City,,drinking_water,31.5294954,34.4471054,31.5295,34.44711,Aid,aid_infrastructure,Attack on aid,CONFIRMED,,Planet Satellite Image of Damage,{'url': 'Planet Satellite Image of Damage'},
40320-08351,3/20/2024,20-Mar-24,Gaza City,,drinking_water,31.5295479,34.4445245,31.52955,34.44452,Aid,aid_infrastructure,Attack on aid,CONFIRMED,,Planet Satellite Image of Damage,{'url': 'Planet Satellite Image of Damage'},
31210-22744,12/10/2023,10-Dec-23,Gaza City,,police,31.4978683,34.4605324,31.49787,34.46053,Aid,aid_infrastructure,Attack on aid | Attack on evacuation route,CONFIRMED,,Planet Satellite Image of Damage,{'url': 'Planet Satellite Image of Damage'},
40320-60194,3/20/2024,20-Mar-24,Rafah,,drinking_water,31.29707276,34.24343908,31.29707,34.24344,Aid,aid_infrastructure,Attack on aid,CONFIRMED,,Planet Satellite Image of Damage,{'url': 'Planet Satellite Image of Damage'},
40104-85577,1/4/2024,4-Jan-24,Khan Younis,,drinking_water,31.34713466,34.30421318,31.34713,34.30421,Aid,aid_infrastructure,Attack on aid | Attack on evacuation route,CONFIRMED,,Planet Satellite Image of Damage,{'url': 'Planet Satellite Image of Damage'},
31030-49517,10/30/2023,30-Oct-23,Khan Younis,,drinking_water,31.34879938,34.25626475,31.3488,34.25626,Aid,aid_infrastructure,Attack on aid,CONFIRMED,,Planet Satellite Image of Damage,{'url': 'Planet Satellite Image of Damage'},
31210-22751,12/10/2023,10-Dec-23,Khan Younis,,police,31.34879938,34.25626475,31.3488,34.25626,Aid,aid_infrastructure,Attack on aid | Attack on 'humanitarian zone',CONFIRMED,,Planet Satellite Image of Damage,{'url': 'Planet Satellite Image of Damage'},
31210-40964,12/10/2023,10-Dec-23,Deir al-Balah,,drinking_water,31.41755957,34.35097391,31.41756,34.35097,Aid,aid_infrastructure,Attack on aid,CONFIRMED,,Planet Satellite Image of Damage,{'url': 'Planet Satellite Image of Damage'},
31210-56838,12/10/2023,10-Dec-23,Khan Younis,,police,31.30514692,34.32069068,31.30515,34.32069,Aid,aid_infrastructure,Attack on aid,CONFIRMED,,Planet Satellite Image of Damage,{'url': 'Planet Satellite Image of Damage'},
40214-08824,2/14/2024,14-Feb-24,Gaza City,,drinking_water,31.5055481,34.4857334,31.50555,34.48573,Aid,aid_infrastructure,Attack on aid,CONFIRMED,,Planet Satellite Image of Damage,{'url': 'Planet Satellite Image of Damage'},
40104-22518,1/4/2024,4-Jan-24,Gaza City,,police,31.50169,34.46684,31.50169,34.46684,Aid,aid_infrastructure,Attack on aid,CONFIRMED,,Planet Satellite Image of Damage,{'url': 'Planet Satellite Image of Damage'},
31030-93848,10/30/2023,30-Oct-23,Khan Younis,,police,31.3479,34.2933,31.3479,34.2933,Aid,aid_infrastructure,Attack on aid,CONFIRMED,,Planet Satellite Image of Damage,{'url': 'Planet Satellite Image of Damage'},
31210-54463,12/10/2023,10-Dec-23,Khan Younis,,drinking_water,31.34671,34.29193,31.34671,34.29193,Aid,aid_infrastructure,Attack on aid,CONFIRMED,,Planet Satellite Image of Damage,{'url': 'Planet Satellite Image of Damage'},
31210-02381,12/10/2023,10-Dec-23,Al-Nuseirat,,drinking_water,31.4498684,34.39295137,31.44987,34.39295,Aid,aid_infrastructure,Attack on aid,CONFIRMED,,Planet Satellite Image of Damage,{'url': 'Planet Satellite Image of Damage'},
40507-24645,5/6/2024,6-May-24,Al-Zahra,,checkpoint,31.4724504,34.3881292,31.47245,34.38813,Aid,aid_infrastructure,Attack on aid,CONFIRMED,https://x.com/Mhmmd_Jordan/status/1787561501928431679,Planet Satellite Image of Damage,{'url': 'Planet Satellite Image of Damage'},https://x.com/Mhmmd_Jordan/status/1787561501928431679
40506-20558,5/6/2024,6-May-24,Rafah,Aid Warehouse,Warehouse,31.249201,34.2579151,31.2492,34.25792,Aid,aid_infrastructure,Attack on aid | Attack on 'humanitarian zone',CONFIRMED,https://x.com/Mhmmd_Jordan/status/1787561501928431679,https://www.youtube.com/watch?v=ht0SVoN-5Xw,"{'url': 'https://www.youtube.com/watch?v=ht0SVoN-5Xw', 'text': 'youtube.com'}",https://x.com/Mhmmd_Jordan/status/1787561501928431679
31118-46088,11/18/2023,18-Nov-23,Al-Zaytoun,,,31.5203403,34.4483721,31.52034,34.44837,Aid,aid_convoy,Attack on aid | Attack on undefined area | Attack on aid personnel,CONFIRMED,,https://www.msf.org/gaza-msf-condemns-deliberate-attack-convoy-transporting-staff-resulting-one-death-and-one-injury,"{'url': 'https://www.msf.org/gaza-msf-condemns-deliberate-attack-convoy-transporting-staff-resulting-one-death-and-one-injury', 'text': 'msf.org'}",
31209-63891,12/9/2023,9-Dec-23,Rafah,guest house UNRWA,residential,31.29651172,34.24326281,31.29651,34.24326,Aid,aid_personnel,Attack on aid personnel | Attack on undefined area | Attack on UNRWA aid distribution,CONFIRMED,,https://www.hrw.org/news/2024/05/14/gaza-israelis-attacking-known-aid-worker-locations,"{'url': 'https://www.hrw.org/news/2024/05/14/gaza-israelis-attacking-known-aid-worker-locations', 'text': 'hrw.org'}",
40108-70310,1/8/2024,8-Jan-24,Khan Younis,Khan Younis MSF shelter,residential,31.34519598,34.30296457,31.3452,34.30296,Aid,aid_personnel,Attack on aid personnel,CONFIRMED,,https://twitter.com/MSF_uk/status/1744414488223224054?ref_src=twsrc%5Etfw%7Ctwcamp%5Etweetembed%7Ctwterm%5E1744414488223224054%7Ctwgr%5E706e7e847478aab74db35493f1e87611c57a95dc%7Ctwcon%5Es1_&ref_url=https%3A%2F%2Fmsf.org.uk%2Farticle%2Fexplained-how-israeli-army-attacked-gazas-nasser-hospital,"{'url': 'https://twitter.com/MSF_uk/status/1744414488223224054?ref_src=twsrc%5Etfw%7Ctwcamp%5Etweetembed%7Ctwterm%5E1744414488223224054%7Ctwgr%5E706e7e847478aab74db35493f1e87611c57a95dc%7Ctwcon%5Es1_&ref_url=https%3A%2F%2Fmsf.org.uk%2Farticle%2Fexplained-how-israeli-army-attacked-gazas-nasser-hospital', 'text': 'MSF_uk'}",
40118-24092,1/18/2024,18-Jan-24,Al-Mawasi,International Rescue Committee (IRC) and Medical Aid for Palestinians (MAP) guest house,residential,31.3484281,34.25618413,31.34843,34.25618,Aid,aid_personnel,Attack on aid personnel,CONFIRMED,,https://www.map.org.uk/news/archive/post/1561-irc-and-map-condemn-israeli-airstrike-on-gaza-compound-housing-emergency-medical-team,"{'url': 'https://www.map.org.uk/news/archive/post/1561-irc-and-map-condemn-israeli-airstrike-on-gaza-compound-housing-emergency-medical-team', 'text': 'map.org.uk'}",
40220-13943,2/20/2024,20-Feb-24,Al-Mawasi,MSF guest house,residential,31.3484281,34.25618413,31.34843,34.25618,Aid,aid_personnel,Attack on aid personnel,CONFIRMED,,https://twitter.com/MSF/status/1760078092171677874,"{'url': 'https://twitter.com/MSF/status/1760078092171677874', 'text': 'MSF'}",
40308-08256,3/8/2024,8-Mar-24,Deir al-Balah,,residential,31.418995,34.349442,31.41899,34.34944,Aid,aid_personnel,Attack on aid personnel,CONFIRMED,,https://www.anera.org/press/us-ngo-worker-killed-in-israeli-airstrike/,"{'url': 'https://www.anera.org/press/us-ngo-worker-killed-in-israeli-airstrike/', 'text': 'anera.org'}",
40513-61596,5/13/2024,13-May-24,Rafah,,vehicle,31.282901,34.272915,31.2829,34.27291,Aid,aid_convoy,Attack on aid | Attack on evacuation area | Attack on aid personnel,CONFIRMED,,https://www.ndtv.com/india-news/who-is-col-waibhav-anil-kale-ex-indian-army-officer-killed-in-gaza-5666604,"{'url': 'https://www.ndtv.com/india-news/who-is-col-waibhav-anil-kale-ex-indian-army-officer-killed-in-gaza-5666604', 'text': 'ndtv.com'}",
40302-59207,3/2/2024,2-Mar-24,Gaza City,,drinking_water,31.50169,34.46684,31.50169,34.46684,Aid,aid_infrastructure,Attack on aid | Attack on evacuation route,MOST LIKELY,,,,
40131-04039,1/31/2024,31-Jan-24,regional zone 2,,drinking_water,31.2485,34.2582,31.2485,34.2582,Aid,aid_infrastructure,Attack on aid,MOST LIKELY,,,,
40128-28129,1/28/2024,28-Jan-24,Gaza City,Nabulsi Roundabout,,31.505083,34.416306,31.50508,34.41631,Aid,civilians_seeking_aid,Attack on civilians seeking aid,CONFIRMED,https://x.com/muhammadshehad2/status/1763651267237216587,,,https://x.com/muhammadshehad2/status/1763651267237216587
40409-19956,4/9/2024,9-Apr-24,Gaza City,,,31.50169,34.46684,31.50169,34.46684,Aid,aid_personnel,Attack on aid personnel | Attack on evacuation route,CONFIRMED,,https://x.com/AJABreaking/status/1777511895655682284,"{'url': 'https://x.com/AJABreaking/status/1777511895655682284', 'text': 'AJABreaking'}",
40208-66298,2/8/2024,8-Feb-24,Khan Younis,,,31.34718128,34.29265549,31.34718,34.29266,Aid,civilians_seeking_aid,Attack on civilians seeking aid,CONFIRMED,,https://x.com/AJABreaking/status/1755562930211307729,"{'url': 'https://x.com/AJABreaking/status/1755562930211307729', 'text': 'AJABreaking'}",
40209-47846,2/9/2024,9-Feb-24,Khan Younis,Nasser Hospital,Hospital,31.34718128,34.29265549,31.34718,34.29266,Aid,civilians_seeking_aid,Attack on civilians seeking aid,CONFIRMED,https://www.aljazeera.com/program/newsfeed/2024/2/9/israeli-snipers-kill-civilians-and-shoot-medics-at-gaza-hospital,,,https://www.aljazeera.com/program/newsfeed/2024/2/9/israeli-snipers-kill-civilians-and-shoot-medics-at-gaza-hospital
40514-24036,5/14/2024,14-May-24,Al-Nuseirat,Nuseirat Warehouse,Warehouse,31.450065,34.392934,31.45006,34.39293,Aid,aid_infrastructure,Attack on aid,CONFIRMED,https://www.facebook.com/watch/?v=462901686251515,https://www.un.org/unispal/document/unrwa-situation-report-108-21may24/,"{'url': 'https://www.un.org/unispal/document/unrwa-situation-report-108-21may24/', 'text': 'un.org'}",https://www.facebook.com/watch/?v=462901686251515
40202-57198,2/2/2024,2-Feb-24,Gaza City,Central medicine warehouse of the Ministry of Health,Warehouse,31.46955367,34.43149675,31.46955,34.4315,Aid,aid_infrastructure,Attack on aid,CONFIRMED,,https://x.com/AJABreaking/status/1753399608019992607,"{'url': 'https://x.com/AJABreaking/status/1753399608019992607', 'text': 'AJABreaking'}",
31107-19723,11/7/2023,7-Nov-23,Gaza City,International Committee of the Red Cross,vehicle,31.50169,34.46684,31.50169,34.46684,Aid,aid_convoy,Attack on aid | Attack on evacuation route | Attack on UNRWA aid distribution,CONFIRMED,,https://www.icrc.org/en/document/israel-and-occupied-territories-icrc-decries-shooting-its-humanitarian-convoy-gaza; https://www.unocha.org/publications/report/occupied-palestinian-territory/hostilities-gaza-strip-and-israel-flash-update-32 ,"{'url': 'https://www.icrc.org/en/document/israel-and-occupied-territories-icrc-decries-shooting-its-humanitarian-convoy-gaza; https://www.unocha.org/publications/report/occupied-palestinian-territory/hostilities-gaza-strip-and-israel-flash-update-32', 'text': 'icrc.org'}",
40514-76301,5/13/2024,13-May-24,regional zone 2,,Vehicle,31.2485,34.2582,31.2485,34.2582,Aid,aid_personnel,Attack on aid personnel,CONFIRMED,,https://www.un.org/sg/en/content/sg/statement/2024-05-13/statement-attributable-the-spokesperson-for-the-secretary-general-%E2%80%93-security-incident-gaza,"{'url': 'https://www.un.org/sg/en/content/sg/statement/2024-05-13/statement-attributable-the-spokesperson-for-the-secretary-general-%E2%80%93-security-incident-gaza', 'text': 'un.org'}",
40623-20468,6/23/2024,23-Jun-24,Gaza City,"UNRWA college, previously HQ",UNRWA_HQ,31.50169,34.46684,31.50169,34.46684,Aid,attack_IDP,Attack on displaced civilians | Attack on UNRWA aid distribution,CONFIRMED,https://img-s-msn-com.akamaized.net/tenant/amp/entityid/BB1oJwIQ.img?w=768&h=547&m=6 ,"https://www.msn.com/en-sg/news/world/at-least-four-killed-in-israeli-air-strike-on-unrwa-aid-centre-in-gaza/ar-BB1oJz9m, https://www.reuters.com/world/middle-east/israeli-tanks-edge-rafahs-mawasi-refuge-zone-residents-say-2024-06-23/","{'url': 'https://www.msn.com/en-sg/news/world/at-least-four-killed-in-israeli-air-strike-on-unrwa-aid-centre-in-gaza/ar-BB1oJz9m', 'text': 'msn.com'} | {'url': 'https://www.reuters.com/world/middle-east/israeli-tanks-edge-rafahs-mawasi-refuge-zone-residents-say-2024-06-23/', 'text': 'reuters.com'}",https://img-s-msn-com.akamaized.net/tenant/amp/entityid/BB1oJwIQ.img?w=768&h=547&m=6
40624-31440,6/24/2024,24-Jun-24,Bani Suheila,,,31.34205266,34.32529825,31.34205,34.3253,Aid,civilians_seeking_aid,Attack on civilians seeking aid,CONFIRMED,,"https://www.reuters.com/world/middle-east/israel-kills-senior-gaza-health-official-tanks-push-deeper-into-rafah-2024-06-24/, https://www.aljazeera.com/news/liveblog/2024/6/24/israel-war-on-gaza-live-israeli-tanks-surround-al-mawasi-safe-zone ","{'url': 'https://www.reuters.com/world/middle-east/israel-kills-senior-gaza-health-official-tanks-push-deeper-into-rafah-2024-06-24/', 'text': 'reuters.com'} | {'url': 'https://www.aljazeera.com/news/liveblog/2024/6/24/israel-war-on-gaza-live-israeli-tanks-surround-al-mawasi-safe-zone', 'text': 'aljazeera.com'}",
40624-61627,6/24/2024,24-Jun-24,Gaza City,Food distribution center near Shati camp,,31.53729081,34.45358252,31.53729,34.45358,Aid,civilians_seeking_aid,Attack on civilians seeking aid,CONFIRMED,,https://www.reuters.com/world/middle-east/israel-kills-senior-gaza-health-official-tanks-push-deeper-into-rafah-2024-06-24/,"{'url': 'https://www.reuters.com/world/middle-east/israel-kills-senior-gaza-health-official-tanks-push-deeper-into-rafah-2024-06-24/', 'text': 'reuters.com'}",
40617-75719,6/17/2024,17-Jun-24,regional zone 2,,,31.2485,34.2582,31.2485,34.2582,Aid,civilians_seeking_aid,Attack on civilians seeking aid | Attack on aid personnel,CONFIRMED,,"https://www.cnn.com/middleeast/live-news/israel-hamas-war-gaza-news-06-17-24#h_e456aa72e98e9503572dda04be1bfee0,https://x.com/sabrifarra24/status/1802755798063300741,https://x.com/tamerqdh/status/1803408242187374711","{'url': 'https://www.cnn.com/middleeast/live-news/israel-hamas-war-gaza-news-06-17-24#h_e456aa72e98e9503572dda04be1bfee0', 'text': 'cnn.com'} | {'url': 'https://x.com/sabrifarra24/status/1802755798063300741', 'text': 'sabrifarra24'} | {'url': 'https://x.com/tamerqdh/status/1803408242187374711', 'text': 'tamerqdh'}",
40613-61575,6/13/2024,13-Jun-24,regional zone 2,Aid warehouse by Humanity & Inclusion UK,Warehouse,31.2485,34.2582,31.2485,34.2582,Aid,aid_infrastructure,Attack on aid,CONFIRMED,,"https://www.humanity-inclusion.org.uk/en/gaza-destruction-of-hi-s-warehouse-in-rafah#:~:text=Gaza%3A%20HI%20strongly%20condemns%20the,mattresses%2C%20jerrycans%2C%20etc.)","{'url': 'https://www.humanity-inclusion.org.uk/en/gaza-destruction-of-hi-s-warehouse-in-rafah#:~:text=Gaza%3A%20HI%20strongly%20condemns%20the', 'text': 'humanity-inclusion.org.uk'} | {'url': 'mattresses%2C%20jerrycans%2C%20etc.)'}",
40619-04361,6/19/2024,19-Jun-24,regional zone 2,,,31.224956,34.27092,31.22496,34.27092,Aid,civilians_seeking_aid,Attack on civilians seeking aid,CONFIRMED,https://www.aljazeera.com/wp-content/uploads/2024/06/AFP__20240618__34XC7NT__v2__HighRes__PalestinianIsraelConflict-1718772408.jpg?resize=570%2C380&quality=80 ,https://aje.io/f5hqaa?update=2985969,"{'url': 'https://aje.io/f5hqaa?update=2985969', 'text': 'aje.io'}",https://www.aljazeera.com/wp-content/uploads/2024/06/AFP__20240618__34XC7NT__v2__HighRes__PalestinianIsraelConflict-1718772408.jpg?resize=570%2C380&quality=80
40703-63757,7/2/2024,2-Jul-24,Gaza City,Al-Zaytoun Market,market,31.51761072,34.44957528,31.51761,34.44958,Aid,aid_market,Attack on aid,CONFIRMED,https://www.aljazeera.com/program/newsfeed/2024/7/3/distressing-images-aftermath-of-a-strike-on-a-market-in-gaza-city ,,,https://www.aljazeera.com/program/newsfeed/2024/7/3/distressing-images-aftermath-of-a-strike-on-a-market-in-gaza-city
40721-32028,7/21/2024,21-Jul-24,Gaza City,Salah al-Din road,vehicle,31.46955367,34.43149675,31.46955,34.4315,Aid,aid_personnel,Attack on aid personnel | Attack on evacuation route | Attack on UNRWA aid distribution,CONFIRMED,,https://www.unrwa.org/newsroom/official-statements/heavy-shooting-israeli-forces-un-convoy-heading-gaza-city,"{'url': 'https://www.unrwa.org/newsroom/official-statements/heavy-shooting-israeli-forces-un-convoy-heading-gaza-city', 'text': 'unrwa.org'}",
40330-27504,3/30/2024,30-Mar-24,Gaza City,,,31.47977,34.44226,31.47977,34.44226,Aid,aid_personnel,Attack on aid personnel | Attack on evacuation route | Attack on civilians seeking aid,CONFIRMED,,https://www.aljazeera.net/news/2024/3/31/%D8%A7%D9%84%D9%84%D8%AC%D8%A7%D9%86-%D8%A7%D9%84%D8%B9%D8%B4%D8%A7%D8%A6%D8%B1%D9%8A%D8%A9-%D8%A8%D8%BA%D8%B2%D8%A9-%D8%AA%D8%B9%D9%84%D9%86-%D9%88%D9%82%D9%81-%D8%AA%D8%A3%D9%85%D9%8A%D9%86-2,"{'url': 'https://www.aljazeera.net/news/2024/3/31/%D8%A7%D9%84%D9%84%D8%AC%D8%A7%D9%86-%D8%A7%D9%84%D8%B9%D8%B4%D8%A7%D8%A6%D8%B1%D9%8A%D8%A9-%D8%A8%D8%BA%D8%B2%D8%A9-%D8%AA%D8%B9%D9%84%D9%86-%D9%88%D9%82%D9%81-%D8%AA%D8%A3%D9%85%D9%8A%D9%86-2', 'text': 'aljazeera.net'}",
40612-74960,6/12/2024,12-Jun-24,regional zone 2,Warehouse Atlas Logistique,Warehouse,31.2485,34.2582,31.2485,34.2582,Aid,aid_infrastructure,Attack on aid,CONFIRMED,,https://www.hi-us.org/en/gaza--destruction-of-hi-s-warehouse-in-rafah,"{'url': 'https://www.hi-us.org/en/gaza--destruction-of-hi-s-warehouse-in-rafah', 'text': 'hi-us.org'}",
40526-35114,5/26/2024,26-May-24,regional zone 4,Rafah Logistics Base,Warehouse,31.3176208,34.24940342,31.31762,34.2494,Aid,aid_infrastructure,Attack on aid | Attack on UNRWA aid distribution,CONFIRMED,,UNRWA,{'url': 'UNRWA'},
40711-36052,7/11/2024,11-Jul-24,Al-Nuseirat,Nuseirat Warehouse,Warehouse,31.440931,34.39235,31.44093,34.39235,Aid,aid_infrastructure,Attack on aid | Attack on UNRWA aid distribution,CONFIRMED,,UNRWA,{'url': 'UNRWA'},
40525-67957,5/25/2024,25-May-24,Al-Nuseirat,Nuseirat Distribution Centre,Warehouse,31.44789771,34.38895502,31.4479,34.38896,Aid,aid_infrastructure,Attack on aid | Attack on UNRWA aid distribution,CONFIRMED,,UNRWA,{'url': 'UNRWA'},
40523-99705,5/23/2024,23-May-24,Rafah,Lazord Hall Warehouse,Warehouse,31.304398,34.248268,31.3044,34.24827,Aid,aid_infrastructure,Attack on aid | Attack on UNRWA aid distribution,CONFIRMED,,UNRWA,{'url': 'UNRWA'},
40508-75305,5/8/2024,8-May-24,Rafah,Rafah East Distribution Centre,Warehouse,31.27670504,34.25900542,31.27671,34.25901,Aid,aid_infrastructure,Attack on aid | Attack on UNRWA aid distribution,CONFIRMED,,UNRWA,{'url': 'UNRWA'},
40104-99234,1/4/2024,4-Jan-24,Az-Zawayda,Zawayda NFI store,Warehouse,31.42501551,34.37509524,31.42502,34.3751,Aid,aid_infrastructure,Attack on aid | Attack on UNRWA aid distribution,CONFIRMED,,UNRWA,{'url': 'UNRWA'},
31016-21553,10/16/2023,16-Oct-23,Gaza City,Sabra Distribution Centre/South Gaza Distribution Centre,Warehouse,31.501909,34.430172,31.50191,34.43017,Aid,aid_infrastructure,Attack on aid | Attack on UNRWA aid distribution,CONFIRMED,,UNRWA,{'url': 'UNRWA'},
40820-63679,8/20/2024,20-Aug-24,Deir al-Balah,,market,31.418995,34.349442,31.41899,34.34944,Aid,aid_market,Attack on aid,CONFIRMED,,https://www.aljazeera.com/news/2024/8/20/israel-strikes-market-and-school-in-gaza-killing-at-least-20-palestinians,"{'url': 'https://www.aljazeera.com/news/2024/8/20/israel-strikes-market-and-school-in-gaza-killing-at-least-20-palestinians', 'text': 'aljazeera.com'}",
40416-32589,4/16/2024,16-Apr-24,Al-Maghazi,,market,31.42197,34.38353,31.42197,34.38353,Aid,aid_market,Attack on aid,CONFIRMED,,"https://www.amnesty.org/en/latest/news/2024/05/israel-opt-israeli-air-strikes-that-killed-44-civilians-further-evidence-of-war-crimes-new-investigation/, https://www.aljazeera.com/news/liveblog/2024/4/17/israels-war-on-gaza-live-eleven-killed-in-israeli-strike-on-refugee-camp","{'url': 'https://www.amnesty.org/en/latest/news/2024/05/israel-opt-israeli-air-strikes-that-killed-44-civilians-further-evidence-of-war-crimes-new-investigation/', 'text': 'amnesty.org'} | {'url': 'https://www.aljazeera.com/news/liveblog/2024/4/17/israels-war-on-gaza-live-eleven-killed-in-israeli-strike-on-refugee-camp', 'text': 'aljazeera.com'}",
40531-94216,5/31/2024,31-May-24,Al-Nuseirat,,public_kitchen,31.45023665,34.38909686,31.45024,34.3891,Aid,aid_personnel,Attack on aid personnel,CONFIRMED,"https://x.com/QudsNen/status/1796452802082005404 , https://x.com/RamAbdu/status/1796416325281370327, https://x.com/RemonJil35343/status/1796396781552734219",,,https://x.com/QudsNen/status/1796452802082005404 | https://x.com/RamAbdu/status/1796416325281370327 | https://x.com/RemonJil35343/status/1796396781552734219
40716-63807,7/16/2024,16-Jul-24,regional zone 2,,,31.34842383,34.25618215,31.34842,34.25618,Aid,civilians_seeking_aid,Attack on civilians seeking aid,CONFIRMED,,https://www.ochaopt.org/content/humanitarian-situation-update-193-gaza-strip?_gl=1*vggrq*_ga*ODU5NTQzNzU2LjE3MjExMjcyMTI.*_ga_E60ZNX2F68*MTcyNDg0OTA2OS42LjEuMTcyNDg1MDQ4MC42MC4wLjA.,"{'url': 'https://www.ochaopt.org/content/humanitarian-situation-update-193-gaza-strip?_gl=1*vggrq*_ga*ODU5NTQzNzU2LjE3MjExMjcyMTI.*_ga_E60ZNX2F68*MTcyNDg0OTA2OS42LjEuMTcyNDg1MDQ4MC42MC4wLjA.', 'text': 'ochaopt.org'}",
40309-73269,3/9/2024,9-Mar-24,Rafah,"Shelter for aid workers, registered with COGAT",,31.28554,34.27128,31.28554,34.27128,Aid,aid_personnel,Attack on aid personnel | Attack on destination area,CONFIRMED,,https://www.anera.org/press/us-ngo-worker-killed-in-israeli-airstrike/,"{'url': 'https://www.anera.org/press/us-ngo-worker-killed-in-israeli-airstrike/', 'text': 'anera.org'}",
40729-68206,7/29/2024,29-Jul-24,Rafah,Main water tank in Rafah,Warehouse,31.308817,34.241153,31.30882,34.24115,Aid,aid_infrastructure,Attack on aid,CONFIRMED,,https://www.alaraby.com/news/%D8%A7%D8%B3%D8%AA%D9%85%D8%B1%D8%A7%D8%B1-%D9%84%D8%B3%D9%8A%D8%A7%D8%B3%D8%A9-%D8%A7%D9%84%D8%AA%D8%B9%D8%B7%D9%8A%D8%B4-%D8%A7%D9%84%D8%AC%D9%8A%D8%B4-%D8%A7%D9%84%D8%A5%D8%B3%D8%B1%D8%A7%D8%A6%D9%8A%D9%84%D9%8A-%D9%8A%D9%81%D8%AC%D8%B1-%D8%AE%D8%B2%D8%A7%D9%86-%D9%85%D9%8A%D8%A7%D9%87-%D8%B1%D9%81%D8%AD,"{'url': 'https://www.alaraby.com/news/%D8%A7%D8%B3%D8%AA%D9%85%D8%B1%D8%A7%D8%B1-%D9%84%D8%B3%D9%8A%D8%A7%D8%B3%D8%A9-%D8%A7%D9%84%D8%AA%D8%B9%D8%B7%D9%8A%D8%B4-%D8%A7%D9%84%D8%AC%D9%8A%D8%B4-%D8%A7%D9%84%D8%A5%D8%B3%D8%B1%D8%A7%D8%A6%D9%8A%D9%84%D9%8A-%D9%8A%D9%81%D8%AC%D8%B1-%D8%AE%D8%B2%D8%A7%D9%86-%D9%85%D9%8A%D8%A7%D9%87-%D8%B1%D9%81%D8%AD', 'text': 'alaraby.com'}",
40829-20578,8/29/2024,29-Aug-24,,,,31.30688888,34.24605344,31.30689,34.24605,Aid,aid_convoy,Attack on aid,CONFIRMED,,https://www.ft.com/content/63102748-a8ec-4b2a-a565-dd2ecdb793a3; https://www.aljazeera.com/news/2024/8/30/several-killed-in-israeli-attack-on-gaza-medical-convoy-aid-group-says,"{'url': 'https://www.ft.com/content/63102748-a8ec-4b2a-a565-dd2ecdb793a3; https://www.aljazeera.com/news/2024/8/30/several-killed-in-israeli-attack-on-gaza-medical-convoy-aid-group-says', 'text': 'ft.com'}",
40827-04692,8/27/2024,27-Aug-24,Al-Mughraqa,,,31.46232399,34.41745648,31.46232,34.41746,Aid,aid_convoy,Attack on aid,CONFIRMED,https://www.aljazeera.com/wp-content/uploads/2024/08/2024-08-28T212506Z_1001045246_RC21P9AUYRVE_RTRMADP_3_ISRAEL-PALESTINIANS-UN-1724911083.jpg?resize=770%2C513&quality=80,https://www.aljazeera.com/news/2024/8/29/wfp-suspends-staff-movements-in-gaza-after-israeli-forces-attack-its-team,"{'url': 'https://www.aljazeera.com/news/2024/8/29/wfp-suspends-staff-movements-in-gaza-after-israeli-forces-attack-its-team', 'text': 'aljazeera.com'}",https://www.aljazeera.com/wp-content/uploads/2024/08/2024-08-28T212506Z_1001045246_RC21P9AUYRVE_RTRMADP_3_ISRAEL-PALESTINIANS-UN-1724911083.jpg?resize=770%2C513&quality=80
30910-00335,10/10/2023,10-Oct-23,Jabalia,"Oasis Bakery, Jabalia Camp",Bakery,31.53178146,34.49846887,31.53178,34.49847,"Aid, Infrastructure",aid_bakery,Attack on aid,CONFIRMED,https://www.facebook.com/drshadizaza/posts/pfbid02mzBFGxQt4LwiYfdBxkF7pbMRXrTeSKQYL5KNxkwdjs82X15D7fRVtkeAsmRJ3cenl,https://t.me/ShehabTelegram/408309,"{'url': 'https://t.me/ShehabTelegram/408309', 'text': 'ShehabTelegram'}",https://www.facebook.com/drshadizaza/posts/pfbid02mzBFGxQt4LwiYfdBxkF7pbMRXrTeSKQYL5KNxkwdjs82X15D7fRVtkeAsmRJ3cenl
31011-27222,10/11/2023,11-Oct-23,Gaza City,"Ajour Bakery, Sidra - Shaaban Street",Bakery,31.50682309,34.46906418,31.50682,34.46906,"Aid, Infrastructure",aid_bakery,Attack on aid,CONFIRMED,https://www.facebook.com/allaa789/posts/pfbid02UsgHXHaaEaE4ViFfx9DAWXEbVway3jXL5uBuvzB7qW2TYFseX9WdGfMy9hLLjrkWl,https://t.me/ShehabTelegram/408309,"{'url': 'https://t.me/ShehabTelegram/408309', 'text': 'ShehabTelegram'}",https://www.facebook.com/allaa789/posts/pfbid02UsgHXHaaEaE4ViFfx9DAWXEbVway3jXL5uBuvzB7qW2TYFseX9WdGfMy9hLLjrkWl
31011-52623,10/11/2023,11-Oct-23,Gaza City,"Al-Yaziji bakery, Public Security Branch",Bakery,31.53983373,34.46453137,31.53983,34.46453,"Aid, Infrastructure",aid_bakery,Attack on aid,CONFIRMED,https://www.facebook.com/YazjiBG/posts/727301379436087?ref=embed_post,,,https://www.facebook.com/YazjiBG/posts/727301379436087?ref=embed_post
31016-95735,10/16/2023,16-Oct-23,Gaza City,"Ajjour Bakery, Sheikh Radwan",Bakery,31.53719635,34.46781255,31.5372,34.46781,"Aid, Infrastructure",aid_bakery,Attack on aid,CONFIRMED,https://www.facebook.com/reel/350042000889396,https://www.facebook.com/reel/350042000889396,"{'url': 'https://www.facebook.com/reel/350042000889396', 'text': 'facebook.com'}",https://www.facebook.com/reel/350042000889396
31018-62573,10/18/2023,18-Oct-23,Al-Nuseirat,Al Nuseirat Automated Bakery,Bakery,31.45076379,34.38845395,31.45076,34.38845,"Aid, Infrastructure",aid_bakery,Attack on aid,CONFIRMED,https://www.youtube.com/watch?v=kuCVDGo5Rt8,"https://www.tiktok.com/@palestine_2003/video/7291297337253612833?q=%D9%85%D8%AE%D8%A8%D8%B2%20%D8%BA%D8%B2%D8%A9&t=1718204590413, https://x.com/WWIIIAR/status/1714601849095885183","{'url': 'https://www.tiktok.com/@palestine_2003/video/7291297337253612833?q=%D9%85%D8%AE%D8%A8%D8%B2%20%D8%BA%D8%B2%D8%A9&t=1718204590413', 'text': 'tiktok.com'} | {'url': 'https://x.com/WWIIIAR/status/1714601849095885183', 'text': 'WWIIIAR'}",https://www.youtube.com/watch?v=kuCVDGo5Rt8
31020-14651,10/20/2023,20-Oct-23,Gaza City,Abu Hussam Al-Shanti Bakery,Bakery,31.52725529,34.46601012,31.52726,34.46601,"Aid, Infrastructure",aid_bakery,Attack on aid,CONFIRMED,https://x.com/L_ThinkTank/status/1715264177852264687,"https://t.me/ShehabTelegram/408309, https://www.aljazeera.com/gallery/2023/10/7/photos-israel-army-launches-air-attacks-on-gaza ","{'url': 'https://t.me/ShehabTelegram/408309', 'text': 'ShehabTelegram'} | {'url': 'https://www.aljazeera.com/gallery/2023/10/7/photos-israel-army-launches-air-attacks-on-gaza', 'text': 'aljazeera.com'}",https://x.com/L_ThinkTank/status/1715264177852264687
31020-52940,10/20/2023,20-Oct-23,Jabalia,Bakery Alhlvouh automated,Bakery,31.53667331,34.48778752,31.53667,34.48779,"Aid, Infrastructure",aid_bakery,Attack on aid,CONFIRMED,,https://t.me/ShehabTelegram/408309,"{'url': 'https://t.me/ShehabTelegram/408309', 'text': 'ShehabTelegram'}",
31021-41258,10/21/2023,21-Oct-23,Al-Nuseirat,Al-Sufara Bakery,Bakery,31.45546676,34.39084388,31.45547,34.39084,"Aid, Infrastructure",aid_bakery,Attack on aid,CONFIRMED,https://x.com/PalinfoAr/status/1715786052399440060?s=20,https://www.tiktok.com/@chouhamlac/video/7292554288402861317?q=%D9%85%D8%AE%D8%A8%D8%B2%20%D8%BA%D8%B2%D8%A9&t=1718204590413,"{'url': 'https://www.tiktok.com/@chouhamlac/video/7292554288402861317?q=%D9%85%D8%AE%D8%A8%D8%B2%20%D8%BA%D8%B2%D8%A9&t=1718204590413', 'text': 'tiktok.com'}",https://x.com/PalinfoAr/status/1715786052399440060?s=20
31024-20340,10/24/2023,24-Oct-23,Al-Maghazi,Al-Jadeed bakery,Bakery,31.42197,34.38353,31.42197,34.38353,"Aid, Infrastructure",aid_bakery,Attack on aid,CONFIRMED,https://t.me/AlrayChannel/210109,https://x.com/RamAbdu/status/1717203105102672211,"{'url': 'https://x.com/RamAbdu/status/1717203105102672211', 'text': 'RamAbdu'}",https://t.me/AlrayChannel/210109
31025-60983,10/25/2023,25-Oct-23,Gaza City,"Al-Sharq Bakery, Al-Jalaa Street",Bakery,31.5215506,34.4608611,31.52155,34.46086,"Aid, Infrastructure",aid_bakery,Attack on aid,CONFIRMED,,"https://x.com/Almeqdad/status/1717183157689016700, https://airwars.org/civilian-casualties/ispt0587-october-25-2023/ ","{'url': 'https://x.com/Almeqdad/status/1717183157689016700', 'text': 'Almeqdad'} | {'url': 'https://airwars.org/civilian-casualties/ispt0587-october-25-2023/', 'text': 'airwars.org'}",
31025-37319,10/25/2023,25-Oct-23,Gaza City,"Khayrat Al-Sham Bakery, Tal Al-Hawa",Bakery,31.51505523,34.45245181,31.51506,34.45245,"Aid, Infrastructure",aid_bakery,Attack on aid,CONFIRMED,,https://t.me/ShehabTelegram/408309,"{'url': 'https://t.me/ShehabTelegram/408309', 'text': 'ShehabTelegram'}",
31101-41383,11/1/2023,1-Nov-23,Gaza City,Al Sharq al Jadid,Bakery,31.5295803,34.4542573,31.52958,34.45426,"Aid, Infrastructure",aid_bakery,Attack on aid,CONFIRMED,https://x.com/RamAbdu/status/1771968995723194819,https://www.facebook.com/AJA.Palestine/videos/2035902303433043/,"{'url': 'https://www.facebook.com/AJA.Palestine/videos/2035902303433043/', 'text': 'facebook.com'}",https://x.com/RamAbdu/status/1771968995723194819
31104-49709,11/4/2023,4-Nov-23,Gaza City,Families Bakeries.Co,Bakery,31.52269884,34.44614576,31.5227,34.44615,"Aid, Infrastructure",aid_bakery,Attack on aid,CONFIRMED,https://www.facebook.com/PALMIXPS/videos/-%D8%B7%D8%A7%D8%A6%D8%B1%D8%A7%D8%AA-%D8%A7%D9%84%D8%A7%D8%AD%D8%AA%D9%84%D8%A7%D9%84-%D8%AA%D8%B3%D8%AA%D9%87%D8%AF%D9%81-%D9%85%D9%88%D9%84%D8%AF%D8%A7%D8%AA-%D9%88%D8%A7%D9%84%D9%88%D8%A7%D8%AD-%D8%A7%D9%84%D8%B7%D8%A7%D9%82%D8%A9-%D8%A7%D9%84%D8%B4%D9%85%D8%B3%D9%8A%D8%A9-%D9%84%D9%85%D8%AE%D8%A8%D8%B2-%D8%A7%D9%84%D8%B9%D8%A7%D8%A6%D9%84%D8%A7%D8%AA-%D9%81%D9%8A%D8%A9%D9%85%D8%AF%D9%8A%D9%86%D8%A9-%D8%BA%D8%B2%D8%A9/1062060518299252/,,,https://www.facebook.com/PALMIXPS/videos/-%D8%B7%D8%A7%D8%A6%D8%B1%D8%A7%D8%AA-%D8%A7%D9%84%D8%A7%D8%AD%D8%AA%D9%84%D8%A7%D9%84-%D8%AA%D8%B3%D8%AA%D9%87%D8%AF%D9%81-%D9%85%D9%88%D9%84%D8%AF%D8%A7%D8%AA-%D9%88%D8%A7%D9%84%D9%88%D8%A7%D8%AD-%D8%A7%D9%84%D8%B7%D8%A7%D9%82%D8%A9-%D8%A7%D9%84%D8%B4%D9%85%D8%B3%D9%8A%D8%A9-%D9%84%D9%85%D8%AE%D8%A8%D8%B2-%D8%A7%D9%84%D8%B9%D8%A7%D8%A6%D9%84%D8%A7%D8%AA-%D9%81%D9%8A%D8%A9%D9%85%D8%AF%D9%8A%D9%86%D8%A9-%D8%BA%D8%B2%D8%A9/1062060518299252/
31104-38923,11/4/2023,4-Nov-23,Jabalia,"Al Sharq Bakery, Al-Almey",Bakery,31.53549092,34.5039148,31.53549,34.50391,"Aid, Infrastructure",aid_bakery,Attack on aid,CONFIRMED,https://x.com/FatimaEyad15/status/1720815596697231701,https://www.tiktok.com/@royanews/video/7295315193280728338?is_from_webapp=1&web_id=7379630444670912032,"{'url': 'https://www.tiktok.com/@royanews/video/7295315193280728338?is_from_webapp=1&web_id=7379630444670912032', 'text': 'tiktok.com'}",https://x.com/FatimaEyad15/status/1720815596697231701
31203-50827,12/3/2023,3-Dec-23,Deir al-Balah,Al-Baraka Bakery,Bakery,31.41710038,34.34791272,31.4171,34.34791,"Aid, Infrastructure",aid_bakery,Attack on aid,CONFIRMED,https://x.com/Timesofgaza/status/1731458297515909471,https://edition.cnn.com/2023/12/05/middleeast/gaza-bakery-hunger-israel-hamas-war-intl/index.html,"{'url': 'https://edition.cnn.com/2023/12/05/middleeast/gaza-bakery-hunger-israel-hamas-war-intl/index.html', 'text': 'edition.cnn.com'}",https://x.com/Timesofgaza/status/1731458297515909471
31205-51692,12/5/2023,5-Dec-23,Deir al-Balah,Bakery increased good 3,Bakery,31.413376,34.35958,31.41338,34.35958,"Aid, Infrastructure",aid_bakery,Attack on aid,CONFIRMED,,https://airwars.org/civilian-casualties/ispt1483-december-5-2023/,"{'url': 'https://airwars.org/civilian-casualties/ispt1483-december-5-2023/', 'text': 'airwars.org'}",
40706-15754,7/6/2024,6-Jul-24,Al-Nuseirat,"Nuseirat Elem. Girls ""A"" and Nusierat Elem. Boys ""B""",School,31.459748,34.388974,31.45975,34.38897,Shelter,attack_IDP,Attack on displaced civilians | Attack on UNRWA aid distribution,CONFIRMED,https://media.cnn.com/api/v1/images/stellar/prod/gettyimages-2160282494.jpg?c=16x9&q=f_webp,https://edition.cnn.com/2024/07/06/middleeast/israeli-attack-unwra-school-gaza-intl-latam/index.html,"{'url': 'https://edition.cnn.com/2024/07/06/middleeast/israeli-attack-unwra-school-gaza-intl-latam/index.html', 'text': 'edition.cnn.com'}",https://media.cnn.com/api/v1/images/stellar/prod/gettyimages-2160282494.jpg?c=16x9&q=f_webp
40716-82048,7/16/2024,16-Jul-24,Al-Nuseirat,"Nusierat Prep. Boys ""A"" and Nusierat Elem. Boys ""A""",School,31.447656,34.392875,31.44766,34.39287,Shelter,attack_IDP,Attack on displaced civilians | Attack on evacuation area | Attack on UNRWA aid distribution,CONFIRMED,https://x.com/adler_zvi/status/1813191934048862390,https://www.ochaopt.org/content/humanitarian-situation-update-193-gaza-strip?_gl=1*vggrq*_ga*ODU5NTQzNzU2LjE3MjExMjcyMTI.*_ga_E60ZNX2F68*MTcyNDg0OTA2OS42LjEuMTcyNDg1MDQ4MC42MC4wLjA.,"{'url': 'https://www.ochaopt.org/content/humanitarian-situation-update-193-gaza-strip?_gl=1*vggrq*_ga*ODU5NTQzNzU2LjE3MjExMjcyMTI.*_ga_E60ZNX2F68*MTcyNDg0OTA2OS42LjEuMTcyNDg1MDQ4MC42MC4wLjA.', 'text': 'ochaopt.org'}",https://x.com/adler_zvi/status/1813191934048862390
41113-35482,11/13/2024,13-Nov-24,Beit Hanoun,Mahdea El Shawa Secondary Boys School,School,31.53103451,34.52676856,31.53103,34.52677,"Shelter, Aid",aid_convoy,Attack on displaced civilians | Attack on aid,CONFIRMED,https://x.com/RamAbdu/status/1856800034786058634,https://x.com/RamAbdu/status/1856798704939761937,"{'url': 'https://x.com/RamAbdu/status/1856798704939761937', 'text': 'RamAbdu'}",https://x.com/RamAbdu/status/1856800034786058634
31019-24056,10/19/2023,19-Oct-23,Gaza City,Church of Saint Porphyrius,church,31.5033228,34.459722,31.50332,34.45972,Aid,aid_personnel,Attack on aid personnel,CONFIRMED,,https://www.aidworkersecurity.org/incidents/search?start=2023&end=2024&detail=1&country=PS&sort=asc&order=Location,"{'url': 'https://www.aidworkersecurity.org/incidents/search?start=2023&end=2024&detail=1&country=PS&sort=asc&order=Location', 'text': 'aidworkersecurity.org'}",
31028-70013,10/28/2023,28-Oct-23,Khan Younis,Falafel restaurant,restaurant,31.344444,34.303056,31.34444,34.30306,Aid,aid_personnel,Attack on aid personnel,CONFIRMED,,https://www.aidworkersecurity.org/incidents/search?start=2023&end=2024&detail=1&country=PS&sort=asc&order=Location,"{'url': 'https://www.aidworkersecurity.org/incidents/search?start=2023&end=2024&detail=1&country=PS&sort=asc&order=Location', 'text': 'aidworkersecurity.org'}",
31112-64475,11/12/2023,12-Nov-23,Jabalia,Jabalia refugee camp,displacement camp,31.533522,34.483676,31.53352,34.48368,Aid,aid_personnel,Attack on aid personnel,CONFIRMED,,https://www.aidworkersecurity.org/incidents/search?start=2023&end=2024&detail=1&country=PS&sort=asc&order=Location,"{'url': 'https://www.aidworkersecurity.org/incidents/search?start=2023&end=2024&detail=1&country=PS&sort=asc&order=Location', 'text': 'aidworkersecurity.org'}",
31105-30340,11/5/2023,5-Nov-23,Gaza City,,home,31.516667,34.45,31.51667,34.45,Aid,aid_personnel,Attack on aid personnel,CONFIRMED,,https://www.aidworkersecurity.org/incidents/search?start=2023&end=2024&detail=1&country=PS&sort=asc&order=Location,"{'url': 'https://www.aidworkersecurity.org/incidents/search?start=2023&end=2024&detail=1&country=PS&sort=asc&order=Location', 'text': 'aidworkersecurity.org'}",
31118-53740,11/18/2023,18-Nov-23,Al-Bureij,Al Wahida,road,31.4326616,34.4059053,31.43266,34.40591,Aid,aid_convoy,Attack on aid,CONFIRMED,,https://www.aidworkersecurity.org/incidents/search?start=2023&end=2024&detail=1&country=PS&sort=asc&order=Location,"{'url': 'https://www.aidworkersecurity.org/incidents/search?start=2023&end=2024&detail=1&country=PS&sort=asc&order=Location', 'text': 'aidworkersecurity.org'}",
31106-25846,11/6/2023,6-Nov-23,Gaza City,Al Shati refugee camp,displacement camp,31.532197,34.445394,31.5322,34.44539,Aid,aid_personnel,Attack on aid personnel,CONFIRMED,,https://www.aidworkersecurity.org/incidents/search?start=2023&end=2024&detail=1&country=PS&sort=asc&order=Location,"{'url': 'https://www.aidworkersecurity.org/incidents/search?start=2023&end=2024&detail=1&country=PS&sort=asc&order=Location', 'text': 'aidworkersecurity.org'}",
31231-02885,12/31/2023,31-Dec-23,Al-Qarara,,road,31.395793,34.303604,31.39579,34.3036,Aid,aid_personnel,Attack on aid | Attack on evacuation route | Attack on undefined area | Attack on aid personnel,CONFIRMED,,https://www.aidworkersecurity.org/incidents/search?start=2023&end=2024&detail=1&country=PS&sort=asc&order=Location,"{'url': 'https://www.aidworkersecurity.org/incidents/search?start=2023&end=2024&detail=1&country=PS&sort=asc&order=Location', 'text': 'aidworkersecurity.org'}",
31212-64248,12/12/2023,12-Dec-23,Gaza City,,home,31.487254,34.4240813,31.48725,34.42408,Aid,aid_personnel,Attack on aid personnel,CONFIRMED,,https://www.aidworkersecurity.org/incidents/search?start=2023&end=2024&detail=1&country=PS&sort=asc&order=Location,"{'url': 'https://www.aidworkersecurity.org/incidents/search?start=2023&end=2024&detail=1&country=PS&sort=asc&order=Location', 'text': 'aidworkersecurity.org'}",
31222-85136,12/22/2023,22-Dec-23,Gaza City,,home,31.5016942,34.4565447,31.50169,34.45654,Aid,aid_personnel,Attack on aid personnel,CONFIRMED,,https://www.aidworkersecurity.org/incidents/search?start=2023&end=2024&detail=1&country=PS&sort=asc&order=Location,"{'url': 'https://www.aidworkersecurity.org/incidents/search?start=2023&end=2024&detail=1&country=PS&sort=asc&order=Location', 'text': 'aidworkersecurity.org'}",
31216-61866,12/16/2023,16-Dec-23,Al-Nuseirat,,home,31.447656,34.392875,31.44766,34.39287,Aid,aid_personnel,Attack on aid personnel,CONFIRMED,,https://www.aidworkersecurity.org/incidents/search?start=2023&end=2024&detail=1&country=PS&sort=asc&order=Location,"{'url': 'https://www.aidworkersecurity.org/incidents/search?start=2023&end=2024&detail=1&country=PS&sort=asc&order=Location', 'text': 'aidworkersecurity.org'}",
40202-09478,2/2/2024,2-Feb-24,Khan Younis,Al-Amal,Hospital,31.343889,34.3025,31.34389,34.3025,Aid,aid_personnel,Attack on aid personnel,CONFIRMED,,"https://www.aidworkersecurity.org/incidents/search?start=2023&end=2024&detail=1&country=PS&sort=asc&order=Location, https://x.com/PalestineRCS/status/1753849364030599188, https://theintercept.com/2024/02/08/gaza-hospital-seige-red-crescent/ ","{'url': 'https://www.aidworkersecurity.org/incidents/search?start=2023&end=2024&detail=1&country=PS&sort=asc&order=Location', 'text': 'aidworkersecurity.org'} | {'url': 'https://x.com/PalestineRCS/status/1753849364030599188', 'text': 'PalestineRCS'} | {'url': 'https://theintercept.com/2024/02/08/gaza-hospital-seige-red-crescent/', 'text': 'theintercept.com'}",
40222-75460,2/22/2024,22-Feb-24,Deir al-Balah,,home,31.418889,34.351667,31.41889,34.35167,Aid,aid_personnel,Attack on aid personnel | Attack on destination area,CONFIRMED,,https://www.aidworkersecurity.org/incidents/search?start=2023&end=2024&detail=1&country=PS&sort=asc&order=Location,"{'url': 'https://www.aidworkersecurity.org/incidents/search?start=2023&end=2024&detail=1&country=PS&sort=asc&order=Location', 'text': 'aidworkersecurity.org'}",
40303-52233,3/3/2024,3-Mar-24,Rafah,,home,31.285174,34.271157,31.28517,34.27116,Aid,aid_personnel,Attack on aid personnel,CONFIRMED,,https://www.aidworkersecurity.org/incidents/search?start=2023&end=2024&detail=1&country=PS&sort=asc&order=Location,"{'url': 'https://www.aidworkersecurity.org/incidents/search?start=2023&end=2024&detail=1&country=PS&sort=asc&order=Location', 'text': 'aidworkersecurity.org'}",
40313-74251,3/13/2024,13-Mar-24,Rafah,UN distribution centre,warehouse,31.29837,34.241829,31.29837,34.24183,Aid,aid_personnel,Attack on aid personnel | Attack on destination area,CONFIRMED,https://www.aljazeera.com/program/newsfeed/2024/3/13/un-warehouse-hit-in-deadly-israeli-attack-on-rafah ,"https://www.aidworkersecurity.org/incidents/search?start=2023&end=2024&detail=1&country=PS&sort=asc&order=Location, https://www.bbc.co.uk/news/world-middle-east-68557035 ","{'url': 'https://www.aidworkersecurity.org/incidents/search?start=2023&end=2024&detail=1&country=PS&sort=asc&order=Location', 'text': 'aidworkersecurity.org'} | {'url': 'https://www.bbc.co.uk/news/world-middle-east-68557035', 'text': 'bbc.co.uk'}",https://www.aljazeera.com/program/newsfeed/2024/3/13/un-warehouse-hit-in-deadly-israeli-attack-on-rafah
40308-93107,3/8/2024,8-Mar-24,Deir al-Balah,,shelter,31.418889,34.351667,31.41889,34.35167,Aid,aid_personnel,Attack on aid personnel | Attack on destination area,CONFIRMED,,"https://www.aidworkersecurity.org/incidents/search?start=2023&end=2024&detail=1&country=PS&sort=asc&order=Location, https://search.brave.com/search?q=Attack+on+a+home+sheltering+an+American+Near+East+Refugee+Aid+Organization+%28Anera%29+employee%2C+March+8%2C+2024&source=desktop&summary=1&summary_og=169bef2ca4700c30934354 ","{'url': 'https://www.aidworkersecurity.org/incidents/search?start=2023&end=2024&detail=1&country=PS&sort=asc&order=Location', 'text': 'aidworkersecurity.org'} | {'url': 'https://search.brave.com/search?q=Attack+on+a+home+sheltering+an+American+Near+East+Refugee+Aid+Organization+%28Anera%29+employee%2C+March+8%2C+2024&source=desktop&summary=1&summary_og=169bef2ca4700c30934354', 'text': 'search.brave.com'}",
40319-63631,3/19/2024,19-Mar-24,Jabalia,aid warehouse,displacement camp,31.531724,34.496467,31.53172,34.49647,Aid,aid_convoy,Attack on aid,CONFIRMED,,https://www.aidworkersecurity.org/incidents/search?start=2023&end=2024&detail=1&country=PS&sort=asc&order=Location,"{'url': 'https://www.aidworkersecurity.org/incidents/search?start=2023&end=2024&detail=1&country=PS&sort=asc&order=Location', 'text': 'aidworkersecurity.org'}",
40324-89669,3/24/2024,24-Mar-24,Khan Younis,Al-Amal,Hospital,31.344444,34.303056,31.34444,34.30306,Aid,aid_personnel,Attack on aid personnel,CONFIRMED,,https://www.aidworkersecurity.org/incidents/search?start=2023&end=2024&detail=1&country=PS&sort=asc&order=Location,"{'url': 'https://www.aidworkersecurity.org/incidents/search?start=2023&end=2024&detail=1&country=PS&sort=asc&order=Location', 'text': 'aidworkersecurity.org'}",
40411-20760,4/11/2024,11-Apr-24,Khan Younis,,,31.344444,34.303056,31.34444,34.30306,Aid,aid_personnel,Attack on aid personnel,CONFIRMED,,https://www.aidworkersecurity.org/incidents/search?start=2023&end=2024&detail=1&country=PS&sort=asc&order=Location,"{'url': 'https://www.aidworkersecurity.org/incidents/search?start=2023&end=2024&detail=1&country=PS&sort=asc&order=Location', 'text': 'aidworkersecurity.org'}",
40416-59782,4/16/2024,16-Apr-24,Gaza City,Netzarim corridor,road,31.4697,34.4316,31.4697,34.4316,Aid,aid_personnel,Attack on aid personnel | Attack on evacuation route,CONFIRMED,,https://www.aidworkersecurity.org/incidents/search?start=2023&end=2024&detail=1&country=PS&sort=asc&order=Location,"{'url': 'https://www.aidworkersecurity.org/incidents/search?start=2023&end=2024&detail=1&country=PS&sort=asc&order=Location', 'text': 'aidworkersecurity.org'}",
40401-53225,4/1/2024,1-Apr-24,Deir al-Balah,,home,31.418889,34.351667,31.41889,34.35167,Aid,aid_personnel,Attack on aid personnel | Attack on 'humanitarian zone',CONFIRMED,,https://www.aidworkersecurity.org/incidents/search?start=2023&end=2024&detail=1&country=PS&sort=asc&order=Location,"{'url': 'https://www.aidworkersecurity.org/incidents/search?start=2023&end=2024&detail=1&country=PS&sort=asc&order=Location', 'text': 'aidworkersecurity.org'}",
40528-01908,5/28/2024,28-May-24,Rafah,,displacement camp,31.308817,34.241153,31.30882,34.24115,Aid,aid_personnel,Attack on aid personnel,CONFIRMED,,https://www.aidworkersecurity.org/incidents/search?start=2023&end=2024&detail=1&country=PS&sort=asc&order=Location,"{'url': 'https://www.aidworkersecurity.org/incidents/search?start=2023&end=2024&detail=1&country=PS&sort=asc&order=Location', 'text': 'aidworkersecurity.org'}",
40513-07004,5/13/2024,13-May-24,Rafah,,road,31.2725,34.258611,31.2725,34.25861,Aid,aid_personnel,Attack on aid personnel,CONFIRMED,,https://www.aidworkersecurity.org/incidents/search?start=2023&end=2024&detail=1&country=PS&sort=asc&order=Location,"{'url': 'https://www.aidworkersecurity.org/incidents/search?start=2023&end=2024&detail=1&country=PS&sort=asc&order=Location', 'text': 'aidworkersecurity.org'}",
40608-67969,6/8/2024,8-Jun-24,Deir al-Balah,,home,31.417908,34.35006,31.41791,34.35006,Aid,aid_personnel,Attack on aid personnel | Attack on 'humanitarian zone',CONFIRMED,,https://www.aidworkersecurity.org/incidents/search?start=2023&end=2024&detail=1&country=PS&sort=asc&order=Location,"{'url': 'https://www.aidworkersecurity.org/incidents/search?start=2023&end=2024&detail=1&country=PS&sort=asc&order=Location', 'text': 'aidworkersecurity.org'}",
40712-26993,7/12/2024,12-Jul-24,Gaza City,aid warehouse,warehouse,31.500487,34.466029,31.50049,34.46603,Aid,aid_personnel,Attack on aid personnel,CONFIRMED,https://www.hrw.org/sites/default/files/styles/embed_xxl/public/media_2024/05/202405mena_palestine_world_central_kitchen_attack.jpg?itok=a9w3C2SQ ,"https://www.aidworkersecurity.org/incidents/search?start=2023&end=2024&detail=1&country=PS&sort=asc&order=Location, https://www.hrw.org/news/2024/05/14/gaza-israelis-attacking-known-aid-worker-locations","{'url': 'https://www.aidworkersecurity.org/incidents/search?start=2023&end=2024&detail=1&country=PS&sort=asc&order=Location', 'text': 'aidworkersecurity.org'} | {'url': 'https://www.hrw.org/news/2024/05/14/gaza-israelis-attacking-known-aid-worker-locations', 'text': 'hrw.org'}",https://www.hrw.org/sites/default/files/styles/embed_xxl/public/media_2024/05/202405mena_palestine_world_central_kitchen_attack.jpg?itok=a9w3C2SQ
40713-94541,7/13/2024,13-Jul-24,Gaza City,,road,31.495181,34.470707,31.49518,34.47071,Aid,aid_personnel,Attack on aid personnel,CONFIRMED,,https://www.aidworkersecurity.org/incidents/search?start=2023&end=2024&detail=1&country=PS&sort=asc&order=Location,"{'url': 'https://www.aidworkersecurity.org/incidents/search?start=2023&end=2024&detail=1&country=PS&sort=asc&order=Location', 'text': 'aidworkersecurity.org'}",
40714-02461,7/14/2024,14-Jul-24,Al-Nuseirat,Nuseirat Camp,displacement camp,31.449527,34.393638,31.44953,34.39364,Aid,aid_personnel,Attack on aid personnel,CONFIRMED,,https://www.aidworkersecurity.org/incidents/search?start=2023&end=2024&detail=1&country=PS&sort=asc&order=Location,"{'url': 'https://www.aidworkersecurity.org/incidents/search?start=2023&end=2024&detail=1&country=PS&sort=asc&order=Location', 'text': 'aidworkersecurity.org'}",
40724-37297,7/24/2024,24-Jul-24,Khan Younis,,road,31.345723,34.303698,31.34572,34.3037,Aid,aid_convoy,Attack on aid | Attack on 'humanitarian zone',CONFIRMED,,https://www.aidworkersecurity.org/incidents/search?start=2023&end=2024&detail=1&country=PS&sort=asc&order=Location,"{'url': 'https://www.aidworkersecurity.org/incidents/search?start=2023&end=2024&detail=1&country=PS&sort=asc&order=Location', 'text': 'aidworkersecurity.org'}",
40827-13548,8/27/2024,27-Aug-24,Al-Nuseirat,"Wadi Gaza Bridge, Israeli checkpoint",road,31.45344252,34.40600694,31.45344,34.40601,Aid,aid_convoy,Attack on aid,CONFIRMED,https://global.unitednations.entermediadb.net/assets/mediadb/services/module/asset/downloads/preset/Libraries/Production%20Library/28-08-2024_UN_Car-01_2.jpg/image1170x530cropped.jpg,"https://www.reuters.com/world/middle-east/wfp-suspends-gaza-movment-after-vehicle-hit-by-bullets-near-israeli-checkpoint-2024-08-28/, https://news.un.org/en/story/2024/08/1153701","{'url': 'https://www.reuters.com/world/middle-east/wfp-suspends-gaza-movment-after-vehicle-hit-by-bullets-near-israeli-checkpoint-2024-08-28/', 'text': 'reuters.com'} | {'url': 'https://news.un.org/en/story/2024/08/1153701', 'text': 'news.un.org'}",https://global.unitednations.entermediadb.net/assets/mediadb/services/module/asset/downloads/preset/Libraries/Production%20Library/28-08-2024_UN_Car-01_2.jpg/image1170x530cropped.jpg
40902-52515,9/2/2024,2-Sep-24,Beit Lahia,bread stand entrance of Al Fakhoura school UNRWA,displacement camp,31.5423,34.4956,31.5423,34.4956,"Aid, Shelter",aid_market,Attack on aid,CONFIRMED,https://x.com/AJEnglish/status/1830885945417293948,https://english.ahram.org.eg/NewsContent/58/1262/531196/War-on-Gaza/War-on-Gaza/At-least-eight-Palestinians-killed-in-Israeli-stri.aspx,"{'url': 'https://english.ahram.org.eg/NewsContent/58/1262/531196/War-on-Gaza/War-on-Gaza/At-least-eight-Palestinians-killed-in-Israeli-stri.aspx', 'text': 'english.ahram.org.eg'}",https://x.com/AJEnglish/status/1830885945417293948
40210-68105,2/10/2024,10-Feb-24,Rafah,,,31.2725,34.258611,31.2725,34.25861,Aid,aid_personnel,Attack on aid personnel,CONFIRMED,https://www.washingtonpost.com/wp-apps/imrs.php?src=https://arc-anglerfish-washpost-prod-washpost.s3.amazonaws.com/public/2NIMJ37WYC4SP7FEDBFGEA3Q7Y.jpg&w=1200,"https://www.ynetnews.com/article/rjk11jdbia, https://www.washingtonpost.com/world/2024/02/22/gaza-aid-deliveries-looting-police-hamas/","{'url': 'https://www.ynetnews.com/article/rjk11jdbia', 'text': 'ynetnews.com'} | {'url': 'https://www.washingtonpost.com/world/2024/02/22/gaza-aid-deliveries-looting-police-hamas/', 'text': 'washingtonpost.com'}",https://www.washingtonpost.com/wp-apps/imrs.php?src=https://arc-anglerfish-washpost-prod-washpost.s3.amazonaws.com/public/2NIMJ37WYC4SP7FEDBFGEA3Q7Y.jpg&w=1200
40411-27955,4/11/2024,11-Apr-24,Al-Nuseirat,,,31.449527,34.393638,31.44953,34.39364,Aid,aid_market,Attack on aid,CONFIRMED,,"https://www.ochaopt.org/content/hostilities-gaza-strip-and-israel-flash-update-153, https://reliefweb.int/report/occupied-palestinian-territory/hostilities-gaza-strip-and-israel-flash-update-153-enarhe ","{'url': 'https://www.ochaopt.org/content/hostilities-gaza-strip-and-israel-flash-update-153', 'text': 'ochaopt.org'} | {'url': 'https://reliefweb.int/report/occupied-palestinian-territory/hostilities-gaza-strip-and-israel-flash-update-153-enarhe', 'text': 'reliefweb.int'}",
40309-80232,3/9/2024,9-Mar-24,Gaza City,,road,31.48727088,34.48375785,31.48727,34.48376,Aid,civilians_seeking_aid,Attack on civilians seeking aid,CONFIRMED,https://www.aljazeera.com/program/newsfeed/2024/4/5/israeli-forces-kill-palestinian-collecting-aid,https://x.com/Kahlissee/status/1775956327954534482,"{'url': 'https://x.com/Kahlissee/status/1775956327954534482', 'text': 'Kahlissee'}",https://www.aljazeera.com/program/newsfeed/2024/4/5/israeli-forces-kill-palestinian-collecting-aid
40501-90684,5/1/2024,1-May-24,N/A,Ma'ale Adumim,#REF!,31.77638443,35.29748312,31.77638,35.29748,Aid,aid_vigilante,Attack on aid,CONFIRMED,https://www.reuters.com/resizer/v2/F3JS7XZHSNJYHKAI4IVREVMFFU.jpg?auth=63d91af7530da7bb3ca44645bb81d1becf263ac7827076699ca03535a89d80e8&width=960&quality=80,https://www.reuters.com/world/middle-east/jordan-says-israeli-settlers-attacked-jordanian-aid-convoys-way-gaza-2024-05-01/,"{'url': 'https://www.reuters.com/world/middle-east/jordan-says-israeli-settlers-attacked-jordanian-aid-convoys-way-gaza-2024-05-01/', 'text': 'reuters.com'}",https://www.reuters.com/resizer/v2/F3JS7XZHSNJYHKAI4IVREVMFFU.jpg?auth=63d91af7530da7bb3ca44645bb81d1becf263ac7827076699ca03535a89d80e8&width=960&quality=80
31019-79798,10/19/2023,19-Oct-23,Gaza City,Al-Quds,shopping mall,31.51761072,34.44957528,31.51761,34.44958,Aid,civilians_seeking_aid,Attack on civilians seeking aid,CONFIRMED,,https://www.bisan.org/2024/04/flour-ambushes-in-gaza-chaos-and-starvation-are-weapons-used-by-the-occupation-against-civilians-in-the-gaza-strip/#_ftnref6,"{'url': 'https://www.bisan.org/2024/04/flour-ambushes-in-gaza-chaos-and-starvation-are-weapons-used-by-the-occupation-against-civilians-in-the-gaza-strip/#_ftnref6', 'text': 'bisan.org'}",
31020-67299,10/20/2023,20-Oct-23,Gaza City,,community center,31.50598961,34.43045347,31.50599,34.43045,Aid,aid_infrastructure,Attack on aid,CONFIRMED,,https://www.bisan.org/2024/04/flour-ambushes-in-gaza-chaos-and-starvation-are-weapons-used-by-the-occupation-against-civilians-in-the-gaza-strip/#_ftnref6,"{'url': 'https://www.bisan.org/2024/04/flour-ambushes-in-gaza-chaos-and-starvation-are-weapons-used-by-the-occupation-against-civilians-in-the-gaza-strip/#_ftnref6', 'text': 'bisan.org'}",
31025-41597,10/25/2023,25-Oct-23,Gaza City,,warehouse,31.51761072,34.44957528,31.51761,34.44958,Aid,aid_infrastructure,Attack on aid,CONFIRMED,,https://www.bisan.org/2024/04/flour-ambushes-in-gaza-chaos-and-starvation-are-weapons-used-by-the-occupation-against-civilians-in-the-gaza-strip/#_ftnref6,"{'url': 'https://www.bisan.org/2024/04/flour-ambushes-in-gaza-chaos-and-starvation-are-weapons-used-by-the-occupation-against-civilians-in-the-gaza-strip/#_ftnref6', 'text': 'bisan.org'}",
31026-09331,10/26/2023,26-Oct-23,Beit Lahia,,,31.54,34.511389,31.54,34.51139,Aid,aid_infrastructure,Attack on aid,CONFIRMED,,https://www.bisan.org/2024/04/flour-ambushes-in-gaza-chaos-and-starvation-are-weapons-used-by-the-occupation-against-civilians-in-the-gaza-strip/#_ftnref6,"{'url': 'https://www.bisan.org/2024/04/flour-ambushes-in-gaza-chaos-and-starvation-are-weapons-used-by-the-occupation-against-civilians-in-the-gaza-strip/#_ftnref6', 'text': 'bisan.org'}",
31104-88081,11/4/2023,4-Nov-23,Gaza City,Shifa Medical Complex,hospital,31.51395,34.43374,31.51395,34.43374,Aid,aid_infrastructure,Attack on aid,CONFIRMED,,https://www.bisan.org/2024/04/flour-ambushes-in-gaza-chaos-and-starvation-are-weapons-used-by-the-occupation-against-civilians-in-the-gaza-strip/#_ftnref6,"{'url': 'https://www.bisan.org/2024/04/flour-ambushes-in-gaza-chaos-and-starvation-are-weapons-used-by-the-occupation-against-civilians-in-the-gaza-strip/#_ftnref6', 'text': 'bisan.org'}",
31111-37045,11/11/2023,11-Nov-23,Deir al-Balah,,,31.417908,34.35006,31.41791,34.35006,Aid,civilians_seeking_aid,Attack on civilians seeking aid,CONFIRMED,,https://www.bisan.org/2024/04/flour-ambushes-in-gaza-chaos-and-starvation-are-weapons-used-by-the-occupation-against-civilians-in-the-gaza-strip/#_ftnref6,"{'url': 'https://www.bisan.org/2024/04/flour-ambushes-in-gaza-chaos-and-starvation-are-weapons-used-by-the-occupation-against-civilians-in-the-gaza-strip/#_ftnref6', 'text': 'bisan.org'}",
31115-55727,11/15/2023,15-Nov-23,Gaza City,Al-Rantisi,hospital,31.51761072,34.44957528,31.51761,34.44958,Aid,aid_infrastructure,Attack on aid,CONFIRMED,,https://www.bisan.org/2024/04/flour-ambushes-in-gaza-chaos-and-starvation-are-weapons-used-by-the-occupation-against-civilians-in-the-gaza-strip/#_ftnref6,"{'url': 'https://www.bisan.org/2024/04/flour-ambushes-in-gaza-chaos-and-starvation-are-weapons-used-by-the-occupation-against-civilians-in-the-gaza-strip/#_ftnref6', 'text': 'bisan.org'}",
31118-02837,11/18/2023,18-Nov-23,Al-Shati,Al-Shati Camp,warehouse,31.533701,34.448318,31.5337,34.44832,Aid,aid_infrastructure,Attack on aid,CONFIRMED,,https://www.bisan.org/2024/04/flour-ambushes-in-gaza-chaos-and-starvation-are-weapons-used-by-the-occupation-against-civilians-in-the-gaza-strip/#_ftnref6,"{'url': 'https://www.bisan.org/2024/04/flour-ambushes-in-gaza-chaos-and-starvation-are-weapons-used-by-the-occupation-against-civilians-in-the-gaza-strip/#_ftnref6', 'text': 'bisan.org'}",
31118-52260,11/18/2023,18-Nov-23,Jabalia,Jabalia refugee camp,warehouse,31.5423,34.4956,31.5423,34.4956,Aid,aid_infrastructure,Attack on aid,CONFIRMED,,https://www.bisan.org/2024/04/flour-ambushes-in-gaza-chaos-and-starvation-are-weapons-used-by-the-occupation-against-civilians-in-the-gaza-strip/#_ftnref6,"{'url': 'https://www.bisan.org/2024/04/flour-ambushes-in-gaza-chaos-and-starvation-are-weapons-used-by-the-occupation-against-civilians-in-the-gaza-strip/#_ftnref6', 'text': 'bisan.org'}",
31123-10025,11/23/2023,23-Nov-23,Beit Lahia,Jabalia camp,aid distribution point,31.5423,34.4956,31.5423,34.4956,Aid,aid_infrastructure,Attack on aid,CONFIRMED,,https://www.bisan.org/2024/04/flour-ambushes-in-gaza-chaos-and-starvation-are-weapons-used-by-the-occupation-against-civilians-in-the-gaza-strip/#_ftnref6,"{'url': 'https://www.bisan.org/2024/04/flour-ambushes-in-gaza-chaos-and-starvation-are-weapons-used-by-the-occupation-against-civilians-in-the-gaza-strip/#_ftnref6', 'text': 'bisan.org'}",
31203-05650,12/3/2023,3-Dec-23,Beit Lahia,,,31.5423,34.4956,31.5423,34.4956,Aid,aid_infrastructure,Attack on aid,CONFIRMED,,https://www.bisan.org/2024/04/flour-ambushes-in-gaza-chaos-and-starvation-are-weapons-used-by-the-occupation-against-civilians-in-the-gaza-strip/#_ftnref6,"{'url': 'https://www.bisan.org/2024/04/flour-ambushes-in-gaza-chaos-and-starvation-are-weapons-used-by-the-occupation-against-civilians-in-the-gaza-strip/#_ftnref6', 'text': 'bisan.org'}",
31217-32095,12/17/2023,17-Dec-23,Rafah,Rafah Crossing,road,31.248138,34.259796,31.24814,34.2598,Aid,aid_personnel,Attack on aid personnel,CONFIRMED,,https://www.bisan.org/2024/04/flour-ambushes-in-gaza-chaos-and-starvation-are-weapons-used-by-the-occupation-against-civilians-in-the-gaza-strip/#_ftnref6,"{'url': 'https://www.bisan.org/2024/04/flour-ambushes-in-gaza-chaos-and-starvation-are-weapons-used-by-the-occupation-against-civilians-in-the-gaza-strip/#_ftnref6', 'text': 'bisan.org'}",
31222-79292,12/22/2023,22-Dec-23,Rafah,Rafah Crossing,road,31.248138,34.259796,31.24814,34.2598,Aid,aid_personnel,Attack on aid personnel,CONFIRMED,,https://www.bisan.org/2024/04/flour-ambushes-in-gaza-chaos-and-starvation-are-weapons-used-by-the-occupation-against-civilians-in-the-gaza-strip/#_ftnref6,"{'url': 'https://www.bisan.org/2024/04/flour-ambushes-in-gaza-chaos-and-starvation-are-weapons-used-by-the-occupation-against-civilians-in-the-gaza-strip/#_ftnref6', 'text': 'bisan.org'}",
31226-40242,12/26/2023,26-Dec-23,Rafah,Rafah Crossing,road,31.248138,34.259796,31.24814,34.2598,Aid,aid_personnel,Attack on aid personnel,CONFIRMED,,https://www.bisan.org/2024/04/flour-ambushes-in-gaza-chaos-and-starvation-are-weapons-used-by-the-occupation-against-civilians-in-the-gaza-strip/#_ftnref6,"{'url': 'https://www.bisan.org/2024/04/flour-ambushes-in-gaza-chaos-and-starvation-are-weapons-used-by-the-occupation-against-civilians-in-the-gaza-strip/#_ftnref6', 'text': 'bisan.org'}",
40102-77331,1/2/2024,2-Jan-24,Bani Suheila,17th roundabout.,road,31.341861,34.331556,31.34186,34.33156,Aid,aid_personnel,Attack on aid personnel,CONFIRMED,,https://www.bisan.org/2024/04/flour-ambushes-in-gaza-chaos-and-starvation-are-weapons-used-by-the-occupation-against-civilians-in-the-gaza-strip/#_ftnref6,"{'url': 'https://www.bisan.org/2024/04/flour-ambushes-in-gaza-chaos-and-starvation-are-weapons-used-by-the-occupation-against-civilians-in-the-gaza-strip/#_ftnref6', 'text': 'bisan.org'}",
40115-86760,1/15/2024,15-Jan-24,Al-Nuseirat,Al-Bahr Street,road,31.449527,34.393638,31.44953,34.39364,Aid,aid_convoy,Attack on aid,CONFIRMED,,https://www.bisan.org/2024/04/flour-ambushes-in-gaza-chaos-and-starvation-are-weapons-used-by-the-occupation-against-civilians-in-the-gaza-strip/#_ftnref6,"{'url': 'https://www.bisan.org/2024/04/flour-ambushes-in-gaza-chaos-and-starvation-are-weapons-used-by-the-occupation-against-civilians-in-the-gaza-strip/#_ftnref6', 'text': 'bisan.org'}",
40122-34384,1/22/2024,22-Jan-24,Rafah,,road,31.2725,34.258611,31.2725,34.25861,Aid,aid_convoy,Attack on aid | Attack on destination area,CONFIRMED,,https://www.bisan.org/2024/04/flour-ambushes-in-gaza-chaos-and-starvation-are-weapons-used-by-the-occupation-against-civilians-in-the-gaza-strip/#_ftnref6,"{'url': 'https://www.bisan.org/2024/04/flour-ambushes-in-gaza-chaos-and-starvation-are-weapons-used-by-the-occupation-against-civilians-in-the-gaza-strip/#_ftnref6', 'text': 'bisan.org'}",
31021-75748,10/21/2023,21-Oct-23,Al-Nuseirat,Nuseirat market ,market,31.449527,34.393638,31.44953,34.39364,Aid,aid_market,Attack on aid,MOST LIKELY,,"https://x.com/M0ATH/status/1715790908661067825, https://x.com/J7Rahaf/status/1715786842333741357, https://daysofpalestine.ps/israeli-airstrike-targets-nuseirat-market-leaving-death-and-destruction-in-its-wake/","{'url': 'https://x.com/M0ATH/status/1715790908661067825', 'text': 'M0ATH'} | {'url': 'https://x.com/J7Rahaf/status/1715786842333741357', 'text': 'J7Rahaf'} | {'url': 'https://daysofpalestine.ps/israeli-airstrike-targets-nuseirat-market-leaving-death-and-destruction-in-its-wake/', 'text': 'daysofpalestine.ps'}",
31118-83579,11/18/2023,18-Nov-23,Khan Younis,,market,31.34512048,34.30356584,31.34512,34.30357,Aid,aid_market,Attack on aid,CONFIRMED,https://www.instagram.com/reel/Czyu5DbKcMu/?utm_source=ig_web_copy_link&igsh=MzRlODBiNWFlZA%3D%3D,https://x.com/k7ybnd99/status/1725949174099624252,"{'url': 'https://x.com/k7ybnd99/status/1725949174099624252', 'text': 'k7ybnd99'}",https://www.instagram.com/reel/Czyu5DbKcMu/?utm_source=ig_web_copy_link&igsh=MzRlODBiNWFlZA%3D%3D
40310-40019,3/10/2024,10-Mar-24,Al-Nuseirat,al-Nuseirat market,market,31.449527,34.393638,31.44953,34.39364,Aid,aid_market,Attack on aid,MOST LIKELY,,"https://x.com/PalHighlight/status/1766624960376692869, https://english.wafa.ps/Pages/Details/142358","{'url': 'https://x.com/PalHighlight/status/1766624960376692869', 'text': 'PalHighlight'} | {'url': 'https://english.wafa.ps/Pages/Details/142358', 'text': 'english.wafa.ps'}",
40411-71948,4/11/2024,11-Apr-24,Gaza City,,Market,31.5064446,34.4592047,31.50644,34.4592,Aid,aid_market,Attack on aid,CONFIRMED,,https://x.com/ytirawi/status/1778537313347473501,"{'url': 'https://x.com/ytirawi/status/1778537313347473501', 'text': 'ytirawi'}",
40417-21879,4/17/2024,17-Apr-24,Gaza City,Sheikh Radwan market,Market,31.53719635,34.46781255,31.5372,34.46781,Aid,aid_market,Attack on aid,MOST LIKELY,,https://english.wafa.ps/Pages/Details/143296,"{'url': 'https://english.wafa.ps/Pages/Details/143296', 'text': 'english.wafa.ps'}",
40525-27435,5/25/2024,25-May-24,Jabalia,Jabalia Camp Local Market,Market,31.5423,34.4956,31.5423,34.4956,Aid,aid_market,Attack on aid,MOST LIKELY,,https://x.com/Abdullah_Om3r03/status/1794337220289315113,"{'url': 'https://x.com/Abdullah_Om3r03/status/1794337220289315113', 'text': 'Abdullah_Om3r03'}",
40608-43683,6/8/2024,8-Jun-24,Al-Nuseirat,Al-Nuseirat Market attack ,Market,31.449527,34.393638,31.44953,34.39364,Aid,aid_market,Attack on aid,MOST LIKELY,,"https://x.com/AnasAlSharif0/status/1799392206324904346 , https://x.com/EyeonPalestine/status/1800036633988792454","{'url': 'https://x.com/AnasAlSharif0/status/1799392206324904346', 'text': 'AnasAlSharif0'} | {'url': 'https://x.com/EyeonPalestine/status/1800036633988792454', 'text': 'EyeonPalestine'}",
40709-33190,7/9/2024,9-Jul-24,Al-Nuseirat,Al-Nuseirat Market,Market,31.449527,34.393638,31.44953,34.39364,Aid,aid_market,Attack on aid,CONFIRMED,https://x.com/QudsNen/status/1810662999402979566 ,https://www.reuters.com/world/middle-east/israeli-forces-step-up-military-pressure-gaza-amid-new-ceasefire-bid-2024-07-09/,"{'url': 'https://www.reuters.com/world/middle-east/israeli-forces-step-up-military-pressure-gaza-amid-new-ceasefire-bid-2024-07-09/', 'text': 'reuters.com'}",https://x.com/QudsNen/status/1810662999402979566
31115-07310,11/15/2023,15-Nov-23,Deir al-Balah,,Wheat mill,31.4085,34.34257,31.4085,34.34257,Aid,aid_infrastructure,Attack on aid,CONFIRMED,,https://www.washingtonpost.com/world/2023/11/17/israel-hamas-war-gaza-news-palestine/#link-MJLIKNR2MFGBTBRZSN27OVU7RE,"{'url': 'https://www.washingtonpost.com/world/2023/11/17/israel-hamas-war-gaza-news-palestine/#link-MJLIKNR2MFGBTBRZSN27OVU7RE', 'text': 'washingtonpost.com'}",
31104-59127,11/4/2023,4-Nov-23,Jabalia,"near the Indonesian Hospital in
Gaza Cit",,31.53356699,34.51003486,31.53357,34.51003,Aid,aid_infrastructure,Attack on aid,CONFIRMED,,https://paxforpeace.nl/wp-content/uploads/sites/2/2023/12/PAX_Report_Gaza_Uninhabitable_FIN.pdf,"{'url': 'https://paxforpeace.nl/wp-content/uploads/sites/2/2023/12/PAX_Report_Gaza_Uninhabitable_FIN.pdf', 'text': 'paxforpeace.nl'}",
31116-87321,11/16/2023,16-Nov-23,Gaza City,,,31.49893021,34.43103568,31.49893,34.43104,Aid,aid_infrastructure,Attack on aid,CONFIRMED,,https://paxforpeace.nl/wp-content/uploads/sites/2/2023/12/PAX_Report_Gaza_Uninhabitable_FIN.pdf,"{'url': 'https://paxforpeace.nl/wp-content/uploads/sites/2/2023/12/PAX_Report_Gaza_Uninhabitable_FIN.pdf', 'text': 'paxforpeace.nl'}",
31111-55312,11/11/2023,11-Nov-23,Beit Lahia,,,31.56197058,34.4680695,31.56197,34.46807,Aid,aid_infrastructure,Attack on aid,CONFIRMED,,https://paxforpeace.nl/wp-content/uploads/sites/2/2023/12/PAX_Report_Gaza_Uninhabitable_FIN.pdf,"{'url': 'https://paxforpeace.nl/wp-content/uploads/sites/2/2023/12/PAX_Report_Gaza_Uninhabitable_FIN.pdf', 'text': 'paxforpeace.nl'}",
31206-44552,10/9/2023,9-Oct-23,Gaza City,Gaza Industrial Estate,,31.47691582,34.47215403,31.47692,34.47215,Aid,aid_infrastructure,Attack on aid,CONFIRMED,https://www.facebook.com/munigaza/posts/pfbid02MWekXdBFvZMMix4FhQP2BTyeHHyxQo7yQYoAdGQgeF8nJjP8fdtdSofeUhAhnar4l,https://paxforpeace.nl/wp-content/uploads/sites/2/2023/12/PAX_Report_Gaza_Uninhabitable_FIN.pdf,"{'url': 'https://paxforpeace.nl/wp-content/uploads/sites/2/2023/12/PAX_Report_Gaza_Uninhabitable_FIN.pdf', 'text': 'paxforpeace.nl'}",https://www.facebook.com/munigaza/posts/pfbid02MWekXdBFvZMMix4FhQP2BTyeHHyxQo7yQYoAdGQgeF8nJjP8fdtdSofeUhAhnar4l
31108-13889,11/8/2023,8-Nov-23,Gaza City,Gaza Industrial Estate,,31.47691582,34.47215403,31.47692,34.47215,Aid,aid_infrastructure,Attack on aid,CONFIRMED,,https://paxforpeace.nl/wp-content/uploads/sites/2/2023/12/PAX_Report_Gaza_Uninhabitable_FIN.pdf,"{'url': 'https://paxforpeace.nl/wp-content/uploads/sites/2/2023/12/PAX_Report_Gaza_Uninhabitable_FIN.pdf', 'text': 'paxforpeace.nl'}",
40826-85383,8/26/2024,26-Aug-24,Jabalia,Jabalia refugee camp,Market,31.534777,34.498062,31.53478,34.49806,Aid,,Attack on aid,CONFIRMED,https://x.com/swilkinsonbc/status/1828121313267048522,https://x.com/MiddleEastEye/status/1828231298508538057,"{'url': 'https://x.com/MiddleEastEye/status/1828231298508538057', 'text': 'MiddleEastEye'}",https://x.com/swilkinsonbc/status/1828121313267048522
40704-57398,7/4/2024,4-Jul-24,Gaza City,,Market,31.51761072,34.44957528,31.51761,34.44958,Aid,aid_market,Attack on aid,CONFIRMED,,"https://www.instagram.com/p/C8_6VBDqUGX/ , https://fb.watch/uxa1x3wvED/; https://www.aa.com.tr/en/pg/photo-gallery/palestinians-inspect-the-area-following-israeli-attack-on-gold-market-in-gaza/0","{'url': 'https://www.instagram.com/p/C8_6VBDqUGX/', 'text': 'instagram.com'} | {'url': 'https://fb.watch/uxa1x3wvED/; https://www.aa.com.tr/en/pg/photo-gallery/palestinians-inspect-the-area-following-israeli-attack-on-gold-market-in-gaza/0', 'text': 'fb.watch'}",
40304-50801,3/4/2024,4-Mar-24,Beit Lahia,,#REF!,31.5423,34.4956,31.5423,34.4956,Aid,aid_personnel,Attack on aid personnel,CONFIRMED,,https://www.straitstimes.com/singapore/kitchen-in-gaza-refugee-camp-run-by-singaporean-driven-charity-hit-in-airstrike,"{'url': 'https://www.straitstimes.com/singapore/kitchen-in-gaza-refugee-camp-run-by-singaporean-driven-charity-hit-in-airstrike', 'text': 'straitstimes.com'}",
31018-74028,10/18/2023,18-Oct-23,Gaza City,,,31.50969,34.422231,31.50969,34.42223,Aid,aid_personnel,Attack on aid personnel,CONFIRMED,https://www.aljazeera.com/wp-content/uploads/2023/10/5Q8B0023-copy-1697733069.jpg?resize=1170%2C780&quality=80,https://www.aljazeera.com/gallery/2023/10/20/israel-bombed-a-family-home-in-gaza-generations-of-saqallahs-were-inside?ref=blog.dama.to,"{'url': 'https://www.aljazeera.com/gallery/2023/10/20/israel-bombed-a-family-home-in-gaza-generations-of-saqallahs-were-inside?ref=blog.dama.to', 'text': 'aljazeera.com'}",https://www.aljazeera.com/wp-content/uploads/2023/10/5Q8B0023-copy-1697733069.jpg?resize=1170%2C780&quality=80
40917-35134,9/17/2024,17-Sep-24,Al-Nuseirat,,,31.44091125,34.39090739,31.44091,34.39091,Aid,aid_convoy,Attack on aid,CONFIRMED,,https://www.aljazeera.com/news/liveblog/2024/9/15/israels-war-on-gaza-live-israel-kills-21-in-north-gaza-orders-evacuation,"{'url': 'https://www.aljazeera.com/news/liveblog/2024/9/15/israels-war-on-gaza-live-israel-kills-21-in-north-gaza-orders-evacuation', 'text': 'aljazeera.com'}",
31108-42260,11/8/2023,8-Nov-23,Al-Nuseirat,Shalal dump site,,31.44996934,34.39287683,31.44997,34.39288,Aid,aid_personnel,Attack on aid personnel | Attack on UNRWA aid distribution,CONFIRMED,,UNWRA,{'url': 'UNWRA'},
31109-57083,11/9/2023,9-Nov-23,Gaza City,,,31.515886,34.469303,31.51589,34.4693,Aid,aid_convoy,Attack on aid | Attack on UNRWA aid distribution,CONFIRMED,,UNWRA,{'url': 'UNWRA'},
31217-19240,12/17/2023,17-Dec-23,Khan Younis,Khan Younis landfill,,31.34602968,34.30330708,31.34603,34.30331,Aid,aid_convoy,Attack on aid | Attack on evacuation area | Attack on UNRWA aid distribution,CONFIRMED,,UNWRA,{'url': 'UNWRA'},
31228-72978,12/28/2023,28-Dec-23,Gaza City,,,31.50823896,34.46191789,31.50824,34.46192,Aid,aid_convoy,Attack on aid | Attack on UNRWA aid distribution,CONFIRMED,,UNWRA,{'url': 'UNWRA'},
40525-39598,6/25/2024,25-Jun-24,Rafah,guest house UNRWA,,31.335597,34.23588,31.3356,34.23588,"Aid, Infrastructure",aid_infrastructure,Attack on aid | Attack on UNRWA aid distribution,CONFIRMED,,UNWRA,{'url': 'UNWRA'},
40608-46721,6/8/2024,8-Jun-24,Rafah,,,31.335597,34.23588,31.3356,34.23588,"Infrastructure, Aid",aid_infrastructure,Attack on aid | Attack on UNRWA aid distribution,CONFIRMED,,UNWRA,{'url': 'UNWRA'},
40608-20919,6/8/2024,8-Jun-24,Al-Nuseirat,guest house UNRWA,,31.450369,34.368391,31.45037,34.36839,"Infrastructure, Aid",aid_infrastructure,Attack on aid | Attack on UNRWA aid distribution,CONFIRMED,,UNWRA,{'url': 'UNWRA'},
40602-44540,6/2/2024,2-Jun-24,Rafah,guest house UNRWA,,31.32771,34.226785,31.32771,34.22678,"Infrastructure, Aid",aid_infrastructure,Attack on aid | Attack on UNRWA aid distribution,CONFIRMED,,UNWRA,{'url': 'UNWRA'},
31208-66649,12/8/2023,8-Dec-23,Rafah,guest house UNRWA,,31.32771,34.226785,31.32771,34.22678,"Infrastructure, Aid",aid_infrastructure,Attack on aid | Attack on UNRWA aid distribution,CONFIRMED,,UNWRA,{'url': 'UNWRA'},
31112-47368,11/12/2023,12-Nov-23,Rafah,guest house UNRWA,,31.32841,34.227746,31.32841,34.22775,"Infrastructure, Aid",aid_infrastructure,Attack on aid | Attack on UNRWA aid distribution,CONFIRMED,,UNWRA,{'url': 'UNWRA'},
40603-06535,6/3/2024,3-Jun-24,regional zone 4,Rafah Logistics Base,,31.3176208,34.24940342,31.31762,34.2494,"Infrastructure, Aid",aid_infrastructure,Attack on aid | Attack on UNRWA aid distribution,CONFIRMED,,UNWRA,{'url': 'UNWRA'},
40617-73055,6/17/2024,17-Jun-24,Jabalia,Jabalia Distribution Center,,31.53265505,34.49503996,31.53266,34.49504,"Infrastructure, Aid",aid_infrastructure,Attack on aid | Attack on UNRWA aid distribution,CONFIRMED,,UNWRA,{'url': 'UNWRA'},
40507-83806,5/7/2024,7-May-24,Rafah,East Rafah Distribution Center,,31.27670504,34.25900542,31.27671,34.25901,"Infrastructure, Aid",aid_infrastructure,Attack on aid | Attack on UNRWA aid distribution,CONFIRMED,,UNWRA,{'url': 'UNWRA'},
40122-52404,1/22/2024,22-Jan-24,Khan Younis,Khan Younis West Store,,31.355514,34.279989,31.35551,34.27999,"Infrastructure, Aid",aid_infrastructure,Attack on aid | Attack on UNRWA aid distribution,CONFIRMED,,UNWRA,{'url': 'UNWRA'},
40124-19041,1/18/2024,18-Jan-24,Deir al-Balah,Deir El-Balah Distribution Center,,31.41599952,34.36680789,31.416,34.36681,"Infrastructure, Aid",aid_infrastructure,Attack on aid | Attack on UNRWA aid distribution,CONFIRMED,,UNWRA,{'url': 'UNWRA'},
40224-10223,2/24/2024,24-Feb-24,Rafah,Rafah West Distribution Center,,31.28325172,34.25125598,31.28325,34.25126,"Infrastructure, Aid",aid_infrastructure,Attack on aid | Attack on UNRWA aid distribution,CONFIRMED,,UNWRA,{'url': 'UNWRA'},
40113-57039,1/13/2024,13-Jan-24,Al-Nuseirat,Nuseirat Distribution Center,,31.44789771,34.38895502,31.4479,34.38896,"Infrastructure, Aid",aid_infrastructure,Attack on aid | Attack on UNRWA aid distribution,CONFIRMED,,UNWRA,{'url': 'UNWRA'},
31230-12414,12/30/2023,30-Dec-23,Rafah,Rafah Warehouse.,,31.27821348,34.26045099,31.27821,34.26045,"Infrastructure, Aid",aid_infrastructure,Attack on aid | Attack on destination area | Attack on UNRWA aid distribution,CONFIRMED,,UNWRA,{'url': 'UNWRA'},
31228-96223,12/28/2023,28-Dec-23,Khan Younis,Khan Younis Training College,,31.36411708,34.29513955,31.36412,34.29514,"Infrastructure, Aid",aid_infrastructure,Attack on aid | Attack on UNRWA aid distribution,CONFIRMED,,UNWRA,{'url': 'UNWRA'},
31216-41553,12/16/2023,16-Dec-23,Khan Younis,Khan Younis Training College,,31.36411708,34.29513955,31.36412,34.29514,"Infrastructure, Aid",aid_infrastructure,Attack on aid | Attack on UNRWA aid distribution,CONFIRMED,,UNWRA,{'url': 'UNWRA'},
40205-83647,2/5/2024,5-Feb-24,Deir al-Balah,Deir El-Balah Distribution Center,,31.41599952,34.36680789,31.416,34.36681,"Infrastructure, Aid",aid_infrastructure,Attack on aid | Attack on UNRWA aid distribution,CONFIRMED,,UNRWA,{'url': 'UNRWA'},
40608-52658,6/8/2024,8-Jun-24,Al-Nuseirat,,,31.44789771,34.38895502,31.4479,34.38896,"Infrastructure, Aid",aid_infrastructure,Attack on aid,CONFIRMED,https://dims.apnews.com/dims4/default/2be344b/2147483647/strip/true/crop/2859x1788+0+0/resize/1440x901!/format/webp/quality/90/?url=https%3A%2F%2Fassets.apnews.com%2F94%2F03%2F132231632d5889014c86315f9b7a%2Fddcc4908796d4c349c37dda52229392d ,"https://www.timesofisrael.com/un-food-organization-halts-aid-to-gaza-via-us-pier-due-to-security-concerns/, https://apnews.com/article/pier-aid-us-gaza-israel-pause-70283c86da47591cd5bc8b9c196d6dff","{'url': 'https://www.timesofisrael.com/un-food-organization-halts-aid-to-gaza-via-us-pier-due-to-security-concerns/', 'text': 'timesofisrael.com'} | {'url': 'https://apnews.com/article/pier-aid-us-gaza-israel-pause-70283c86da47591cd5bc8b9c196d6dff', 'text': 'apnews.com'}",https://dims.apnews.com/dims4/default/2be344b/2147483647/strip/true/crop/2859x1788+0+0/resize/1440x901!/format/webp/quality/90/?url=https%3A%2F%2Fassets.apnews.com%2F94%2F03%2F132231632d5889014c86315f9b7a%2Fddcc4908796d4c349c37dda52229392d
40829-48118,8/29/2024,29-Aug-24,Rafah,,#REF!,31.27821348,34.26045099,31.27821,34.26045,Aid,aid_convoy,Attack on aid,CONFIRMED,,https://www.theguardian.com/world/article/2024/aug/29/israel-airstrike-aid-convoy-gaza,"{'url': 'https://www.theguardian.com/world/article/2024/aug/29/israel-airstrike-aid-convoy-gaza', 'text': 'theguardian.com'}",
40507-70948,5/7/2024,7-May-24,regional zone 2,Aid Distribution Centre,warehouse,31.2485,34.2582,31.2485,34.2582,Aid,aid_infrastructure,Attack on aid,CONFIRMED,,https://www.unrwa.org/resources/reports/unrwa-situation-report-107-situation-gaza-strip-and-west-bank-including-east-Jerusalem,"{'url': 'https://www.unrwa.org/resources/reports/unrwa-situation-report-107-situation-gaza-strip-and-west-bank-including-east-Jerusalem', 'text': 'unrwa.org'}",
40409-66791,4/9/2024,9-Apr-24,Gaza City,Wadi Gaza checkpoint,Road,31.46955367,34.43149675,31.46955,34.4315,Aid,aid_convoy,Attack on aid | Attack on aid personnel,CONFIRMED,,https://www.abc.net.au/news/2024-04-12/australian-aid-workers-convoy-hit-by-bullets/103702104,"{'url': 'https://www.abc.net.au/news/2024-04-12/australian-aid-workers-convoy-hit-by-bullets/103702104', 'text': 'abc.net.au'}",
40916-51194,9/16/2024,16-Sep-24,Khan Younis,Bakery,Bakery,31.34816128,34.25576888,31.34816,34.25577,Aid,aid_bakery,Attack on aid,CONFIRMED,https://english.wafa.ps/image/NewsThumbImg/Default/0b71d4ff-f813-4f0e-8095-1861a36b3efd.jpg,"https://www.middleeasteye.net/live-blog/live-blog-update/five-killed-israeli-strike-bakery-gaza?nid=390521&topic=Israel%2527s%2520war%2520on%2520Gaza&fid=530641, https://english.wafa.ps/Pages/Details/149292#:~:text=GAZA%2C%20September%2C%2016%2C%202024,area%2C%20west%20of%20the%20city. ","{'url': 'https://www.middleeasteye.net/live-blog/live-blog-update/five-killed-israeli-strike-bakery-gaza?nid=390521&topic=Israel%2527s%2520war%2520on%2520Gaza&fid=530641', 'text': 'middleeasteye.net'} | {'url': 'https://english.wafa.ps/Pages/Details/149292#:~:text=GAZA%2C%20September%2C%2016%2C%202024', 'text': 'english.wafa.ps'} | {'url': 'area%2C%20west%20of%20the%20city.'}",https://english.wafa.ps/image/NewsThumbImg/Default/0b71d4ff-f813-4f0e-8095-1861a36b3efd.jpg
40903-48386,9/3/2024,3-Sep-24,Khan Younis,Mini food stall,Market,31.54228,34.495587,31.54228,34.49559,Aid,aid_market,Attack on aid,CONFIRMED,https://www.aljazeera.com/program/newsfeed/2024/9/3/palestinians-killed-queuing-for-bread-outside-gaza-shelter,https://english.ahram.org.eg/News/531196.aspx,"{'url': 'https://english.ahram.org.eg/News/531196.aspx', 'text': 'english.ahram.org.eg'}",https://www.aljazeera.com/program/newsfeed/2024/9/3/palestinians-killed-queuing-for-bread-outside-gaza-shelter
31221-64053,12/21/2023,21-Dec-23,Rafah,,,31.246861,34.255275,31.24686,34.25527,Aid,aid_infrastructure,Attack on aid | Attack on aid personnel,CONFIRMED,https://t.me/AlarabyTelevision/52597,https://www.aljazeera.com/news/2023/12/21/israeli-strike-kills-palestinian-border-crossing-chief-gaza-officials,"{'url': 'https://www.aljazeera.com/news/2023/12/21/israeli-strike-kills-palestinian-border-crossing-chief-gaza-officials', 'text': 'aljazeera.com'}",https://t.me/AlarabyTelevision/52597
31009-21939,10/9/2023,9-Oct-23,Rafah,Rafah Crossing,Crossing,31.246861,34.255275,31.24686,34.25527,"Infrastructure, Aid",aid_infrastructure,Attack on aid | Airstrike,CONFIRMED,https://x.com/m_osint/status/1711428379675631764,,,https://x.com/m_osint/status/1711428379675631764
31010-25053,10/10/2023,10-Oct-23,regional zone 2,Rafah Crossing,Crossing,31.248342,34.259032,31.24834,34.25903,"Infrastructure, Aid",aid_infrastructure,Attack on aid | Airstrike,CONFIRMED,,https://airwars.org/civilian-casualties/ispt0086-october-10-2023/,"{'url': 'https://airwars.org/civilian-casualties/ispt0086-october-10-2023/', 'text': 'airwars.org'}",
00000-73965,4/5/2024,5-Apr-24,Gaza City,East of al-Shuja'iyya,Stone crushing facility,31.48617907,34.48540237,31.48618,34.4854,"Spatial Control, Aid",civilians_seeking_aid,Attack on civilians seeking aid,CONFIRMED,https://www.youtube.com/watch?v=mXuJvR3Z0z4,https://x.com/inarobles13/status/1776236690853470435,"{'url': 'https://x.com/inarobles13/status/1776236690853470435', 'text': 'inarobles13'}",https://www.youtube.com/watch?v=mXuJvR3Z0z4
,8/5/2024,5-Aug-24,Deir al-Balah,Al-Matahin,Vehicle,31.391182,34.329637,31.39118,34.32964,,aid_personnel,Attack on aid personnel,CONFIRMED,https://t.me/QudsNen/116491,https://x.com/NemoAnno/status/1820527874262343690,"{'url': 'https://x.com/NemoAnno/status/1820527874262343690', 'text': 'NemoAnno'}",https://t.me/QudsNen/116491
,8/6/2024,6-Aug-24,Gaza City,Al-moghrabi market,Market,31.508889,34.450278,31.50889,34.45028,,aid_infrastructure,Attack on aid infrastructure,CONFIRMED,https://www.instagram.com/p/C-VOhnEt5-X/,https://x.com/ja31ck/status/1820870364076851683,"{'url': 'https://x.com/ja31ck/status/1820870364076851683', 'text': 'ja31ck'}",https://www.instagram.com/p/C-VOhnEt5-X/
,8/11/2024,11-Aug-24,Al-Shuka,Al-Shuka,Road,31.2551553,34.2832986,31.25516,34.2833,,civilians_seeking_aid,Attack on civilians seeking aid,CONFIRMED,https://twitter.com/adler_zvi/status/1822643414992609308,"https://x.com/fdov21/status/1815408445899546841?t=_6xMRVFgvyIpq1R6DU1g_A&s=19, https://x.com/MOSSADil/status/1822299145832386649,","{'url': 'https://x.com/fdov21/status/1815408445899546841?t=_6xMRVFgvyIpq1R6DU1g_A&s=19', 'text': 'fdov21'} | {'url': 'https://x.com/MOSSADil/status/1822299145832386649', 'text': 'MOSSADil'} | {'url': ''}",https://twitter.com/adler_zvi/status/1822643414992609308
,8/15/2024,15-Aug-24,Khan Younis,Salah Al Deen Street,Vehicle,31.342506,34.314055,31.34251,34.31406,,aid_convoy,Attack on aid convoy,CONFIRMED,https://twitter.com/NemoAnno/status/1824106657452081394,,,https://twitter.com/NemoAnno/status/1824106657452081394
,8/17/2024,17-Aug-24,Az-Zawayda,Salah Al-Din Street,Warehouse,31.421814,34.373525,31.42181,34.37353,,aid_infrastructure,Attack on aid infrastructure,CONFIRMED,https://twitter.com/NemoAnno/status/1824896334119252106,"https://twitter.com/NemoAnno/status/1825090073487888540, https://twitter.com/MuhammadSmiry/status/1824695252051009664 ","{'url': 'https://twitter.com/NemoAnno/status/1825090073487888540', 'text': 'NemoAnno'} | {'url': 'https://twitter.com/MuhammadSmiry/status/1824695252051009664', 'text': 'MuhammadSmiry'}",https://twitter.com/NemoAnno/status/1824896334119252106
,8/20/2024,20-Aug-24,Deir al-Balah,Al-Baraka rounddabout,Market,31.420925,34.353005,31.42093,34.35301,,civilians_seeking_aid,Attack on civilians seeking aid,CONFIRMED,https://t.me/QudsNen/118658,"https://t.me/QudsNen/118667, https://twitter.com/Timesofgaza/status/1825931562287812955, https://twitter.com/PalestineRCS/status/1825953602789322855, 
https://t.me/QudsNen/118694, https://twitter.com/Timesofgaza/status/1826000556483342752","{'url': 'https://t.me/QudsNen/118667', 'text': 'QudsNen'} | {'url': 'https://twitter.com/Timesofgaza/status/1825931562287812955', 'text': 'Timesofgaza'} | {'url': 'https://twitter.com/PalestineRCS/status/1825953602789322855', 'text': 'PalestineRCS'} | {'url': 'https://t.me/QudsNen/118694', 'text': 'QudsNen'} | {'url': 'https://twitter.com/Timesofgaza/status/1826000556483342752', 'text': 'Timesofgaza'}",https://t.me/QudsNen/118658
,8/23/2024,23-Aug-24,Al-Maghazi,Maghazi Camp,Warehouse,31.422551,34.373616,31.42255,34.37362,,aid_infrastructure,Attack on aid infrastructure,CONFIRMED,https://twitter.com/NemoAnno/status/1826985597170225521,,,https://twitter.com/NemoAnno/status/1826985597170225521
,8/23/2024,23-Aug-24,Deir al-Balah,Az-Zawayda,Warehouse,31.42505,34.37311,31.42505,34.37311,,aid_infrastructure,Attack on aid infrastructure,CONFIRMED,https://twitter.com/NemoAnno/status/1827061280672239635,,,https://twitter.com/NemoAnno/status/1827061280672239635
,8/26/2024,26-Aug-24,Jabalia,Jabalia refugee camp,Market,31.535321,34.497384,31.53532,34.49738,,civilians_seeking_aid,Attack on civilians seeking aid,CONFIRMED,https://t.me/QudsNen/119412,https://x.com/NemoAnno/status/1828163298375709140,"{'url': 'https://x.com/NemoAnno/status/1828163298375709140', 'text': 'NemoAnno'}",https://t.me/QudsNen/119412
,8/29/2024,29-Aug-24,,"IDF checkpoint, Wadi Gaza Bridge",,31.457481,34.412247,31.45748,34.41225,,aid_personnel,Attack on aid personnel,CONFIRMED,https://t.me/QudsNen/119818,"https://www.aljazeera.com/news/2024/8/29/wfp-suspends-staff-movements-in-gaza-after-israeli-forces-attack-its-team, https://www.theguardian.com/world/article/2024/aug/29/un-food-agency-suspends-operations-in-gaza-after-car-hit-by-gunfire-at-israeli-checkpoint  ","{'url': 'https://www.aljazeera.com/news/2024/8/29/wfp-suspends-staff-movements-in-gaza-after-israeli-forces-attack-its-team', 'text': 'aljazeera.com'} | {'url': 'https://www.theguardian.com/world/article/2024/aug/29/un-food-agency-suspends-operations-in-gaza-after-car-hit-by-gunfire-at-israeli-checkpoint', 'text': 'theguardian.com'}",https://t.me/QudsNen/119818
,9/26/2024,26-Sep-24,Al-Nuseirat,Salah al-Din road,Road,31.45112,34.40918,31.45112,34.40918,,civilians_seeking_aid,Attack on civilians seeking aid,CONFIRMED,https://twitter.com/trackingisrael/status/1839390507526742518,"https://x.com/ja31ck/status/1839457561050804360, https://t.me/baznews9/17939, https://x.com/Timesofgaza/status/1839686304776303022","{'url': 'https://x.com/ja31ck/status/1839457561050804360', 'text': 'ja31ck'} | {'url': 'https://t.me/baznews9/17939', 'text': 'baznews9'} | {'url': 'https://x.com/Timesofgaza/status/1839686304776303022', 'text': 'Timesofgaza'}",https://twitter.com/trackingisrael/status/1839390507526742518
,10/29/2024,29-Oct-24,Gaza City,Al Sahabah,Market,31.536509,34.461722,31.53651,34.46172,,Attack on civilians,Attack on aid,CONFIRMED,https://www.instagram.com/p/DBt9Q-yKVB6/,,,https://www.instagram.com/p/DBt9Q-yKVB6/
,10/30/2024,30-Oct-24,Gaza City,Beit Lahia market,Beit Lahia,31.54254477,34.50035879,31.54254,34.50036,,Attack on civilians,Attack on aid,CONFIRMED,https://t.me/QudsNen/131167,"https://t.me/QudsNen/131167
https://t.me/QudsNen/131168
https://t.me/QudsNen/131170
https://www.instagram.com/p/DBv-l_xN6Gx/
https://www.instagram.com/p/DBwCRJ2osbR/","{'url': 'https://t.me/QudsNen/131167\nhttps://t.me/QudsNen/131168\nhttps://t.me/QudsNen/131170\nhttps://www.instagram.com/p/DBv-l_xN6Gx/\nhttps://www.instagram.com/p/DBwCRJ2osbR/', 'text': 'QudsNen'}",https://t.me/QudsNen/131167
,11/1/2024,1-Nov-24,Gaza City,Sheikh Radwan Market,Market,31.533563,34.468698,31.53356,34.4687,,aid_market,Attack on aid,CONFIRMED,https://www.instagram.com/p/DB0nsEPqhZZ/,https://x.com/GeoConfirmed/status/1853552288109036009,"{'url': 'https://x.com/GeoConfirmed/status/1853552288109036009', 'text': 'GeoConfirmed'}",https://www.instagram.com/p/DB0nsEPqhZZ/
,11/11/2024,11-Nov-24,Gaza City,Omar Al-Mukhtar market,Market,31.504924,34.46249,31.50492,34.46249,,aid_market,Attack on aid,CONFIRMED,https://twitter.com/RamAbdu/status/1855966939090206769,"https://x.com/NemoAnno/status/1856097351624208506, https://t.me/QudsNen/133395 ","{'url': 'https://x.com/NemoAnno/status/1856097351624208506', 'text': 'NemoAnno'} | {'url': 'https://t.me/QudsNen/133395', 'text': 'QudsNen'}",https://twitter.com/RamAbdu/status/1855966939090206769
,11/17/2024,17-Nov-24,Khan Younis,Qizan Al-Najjar,,31.319318,34.285448,31.31932,34.28545,,aid_personnel,Attack on aid personnel,CONFIRMED,https://t.me/QudsNen/134408,https://x.com/NemoAnno/status/1858648415359435178,"{'url': 'https://x.com/NemoAnno/status/1858648415359435178', 'text': 'NemoAnno'}",https://t.me/QudsNen/134408
,11/30/2024,30-Nov-24,Khan Younis,Salah Al-Din Road,Vehicle,31.354239,34.325473,31.35424,34.32547,,aid_personnel,Attack on aid personnel,CONFIRMED,https://t.me/QudsNen/136460,"https://www.aljazeera.com/news/2024/11/30/israel-kills-world-central-kitchen-aid-workers-in-gaza, https://t.me/sndnewsa/352881, https://x.com/fdov21/status/1862807726847373736 ","{'url': 'https://www.aljazeera.com/news/2024/11/30/israel-kills-world-central-kitchen-aid-workers-in-gaza', 'text': 'aljazeera.com'} | {'url': 'https://t.me/sndnewsa/352881', 'text': 'sndnewsa'} | {'url': 'https://x.com/fdov21/status/1862807726847373736', 'text': 'fdov21'}",https://t.me/QudsNen/136460
,12/15/2024,15-Dec-24,Khan Younis,Ahmed Ibn Abed Al Azeez Basic Boys School 'A' and Ahmed Ibn Abed Al Azeez Basic Boys School 'B',School,31.33948951,34.30618431,31.33949,34.30618,,Attack on civilians,Attack on aid,CONFIRMED,https://t.me/QudsNen/138913,,,https://t.me/QudsNen/138913
,12/15/2024,15-Dec-24,Khan Younis,Ahmed Ibn Abed Al Azeez Basic Boys School 'A' and Ahmed Ibn Abed Al Azeez Basic Boys School 'B',School,31.33948951,34.30618431,31.33949,34.30618,,Attack on civilians,Attack on aid,CONFIRMED,https://t.me/QudsNen/138915,,,https://t.me/QudsNen/138915
,12/23/2024,23-Dec-24,,Salah al-Din road,Street,31.4443115,34.4014372,31.44431,34.40144,,aid_personnel,Attack on aid personnel,CONFIRMED,https://t.me/QudsNen/140260,https://t.me/QudsNen/140267,"{'url': 'https://t.me/QudsNen/140267', 'text': 'QudsNen'}",https://t.me/QudsNen/140260
50316-59267,3/16/2025,16-Mar-25,Khan Younis,Salah al-Din Road,,31.2718,34.2936,31.2718,34.2936,Aid,Looting,Aid diversion by gang,CONFIRMED,https://www.tiktok.com/@iil_.6.7/video/7482304363369696530,,,https://www.tiktok.com/@iil_.6.7/video/7482304363369696530
50319-76736,3/19/2025,19-Mar-25,Deir al-Balah,,Humanitarian Offices - International,31.40089,34.33546,31.40089,34.33546,Aid,Airstrike,Airstrike on aid workers,CONFIRMED,https://x.com/GianlucaMezzo/status/1902463630584496231,"https://edition.cnn.com/2025/03/19/middleeast/israel-ground-offensive-renewed-war-gaza-intl/index.html, https://x.com/GianlucaMezzo/status/1902469332937892253","{'url': 'https://edition.cnn.com/2025/03/19/middleeast/israel-ground-offensive-renewed-war-gaza-intl/index.html', 'text': 'edition.cnn.com'} | {'url': 'https://x.com/GianlucaMezzo/status/1902469332937892253', 'text': 'GianlucaMezzo'}",https://x.com/GianlucaMezzo/status/1902463630584496231
50405-36676,4/5/2025,5-Apr-25,Khan Younis,al-Khair field charity kitchen,Kitchen,31.3555636,34.28214194,31.35556,34.28214,Aid,Drone,Airstrike on aid workers,CONFIRMED,https://www.ochaopt.org/content/humanitarian-situation-update-278-gaza-strip,"https://www.ochaopt.org/content/humanitarian-situation-update-278-gaza-strip, https://pchrgaza.org/israel-perpetuates-its-starvation-policy-targeting-field-kitchens-and-gatherings-of-civilians-desperately-lining-up-for-simple-meals-in-gaza/, https://x.com/QudsNen/status/1908402976319811623","{'url': 'https://www.ochaopt.org/content/humanitarian-situation-update-278-gaza-strip', 'text': 'ochaopt.org'} | {'url': 'https://pchrgaza.org/israel-perpetuates-its-starvation-policy-targeting-field-kitchens-and-gatherings-of-civilians-desperately-lining-up-for-simple-meals-in-gaza/', 'text': 'pchrgaza.org'} | {'url': 'https://x.com/QudsNen/status/1908402976319811623', 'text': 'QudsNen'}",https://www.ochaopt.org/content/humanitarian-situation-update-278-gaza-strip
50509-37069,5/9/2025,9-May-25,Gaza City,Jabalia,Aid warehouse,31.532594,34.494889,31.53259,34.49489,Aid,Airstrike,Airstrike on aid workers,CONFIRMED,https://x.com/qudsn/status/1920902181999321270,"https://x.com/qudsn/status/1920902181999321270, https://x.com/AbuLocation/status/1920920618410668077","{'url': 'https://x.com/qudsn/status/1920902181999321270', 'text': 'qudsn'} | {'url': 'https://x.com/AbuLocation/status/1920920618410668077', 'text': 'AbuLocation'}",https://x.com/qudsn/status/1920902181999321270
,5/13/2025,13-May-25,Khan Younis,Salah al-Din,,31.3014,34.3165,31.3014,34.3165,Aid,Aid truck presence,Trucks on route | Aid diversion by gang,CONFIRMED,https://www.tiktok.com/@namur_2002/video/7503927279861583125,,,https://www.tiktok.com/@namur_2002/video/7503927279861583125
50522-48007,5/22/2025,22-May-25,Deir al-Balah,Al-mawasi,,31.409961,34.359747,31.40996,34.35975,Aid,Airstrike | Attack on civilians,Airstrike on civilians | Airstrike on aid workers | Airstrike on security,CONFIRMED,https://t.me/DaerElbalah7/7122,"https://t.me/DaerElbalah7/7122, https://t.me/DaerElbalah7/7129, https://x.com/KhaledSafi/status/1925676082952339595, https://x.com/Sa7atPl/status/1925808973971607646","{'url': 'https://t.me/DaerElbalah7/7122', 'text': 'DaerElbalah7'} | {'url': 'https://t.me/DaerElbalah7/7129', 'text': 'DaerElbalah7'} | {'url': 'https://x.com/KhaledSafi/status/1925676082952339595', 'text': 'KhaledSafi'} | {'url': 'https://x.com/Sa7atPl/status/1925808973971607646', 'text': 'Sa7atPl'}",https://t.me/DaerElbalah7/7122
50526-70982,5/26/2025,26-May-25,Gaza City,Al-Nafaq Street (Daraj),,31.519494,34.464117,31.51949,34.46412,Aid,Airstrike | Attack on civilians,Airstrike on civilians | Airstrike on aid workers,CONFIRMED,https://x.com/Global_NewsWire/status/1927991039081456123,"https://x.com/Global_NewsWire/status/1927991039081456123, https://x.com/IHHen/status/1927830458894582137, https://www.aa.com.tr/en/middle-east/5-aid-workers-from-intl-humanitarian-organization-killed-in-israeli-attacks-on-gaza/3582678, https://x.com/HaksozHaber/status/1927846753669140509","{'url': 'https://x.com/Global_NewsWire/status/1927991039081456123', 'text': 'Global_NewsWire'} | {'url': 'https://x.com/IHHen/status/1927830458894582137', 'text': 'IHHen'} | {'url': 'https://www.aa.com.tr/en/middle-east/5-aid-workers-from-intl-humanitarian-organization-killed-in-israeli-attacks-on-gaza/3582678', 'text': 'aa.com.tr'} | {'url': 'https://x.com/HaksozHaber/status/1927846753669140509', 'text': 'HaksozHaber'}",https://x.com/Global_NewsWire/status/1927991039081456123
50526-07894,5/26/2025,26-May-25,Khan Younis,Salah al-Din Road,Morag corridor,31.2735,34.2974,31.2735,34.2974,Aid,Looting | Aid truck presence,Aid diversion by gang,CONFIRMED,https://www.tiktok.com/@iil_.6.7/video/7508828370721983751,https://www.tiktok.com/@iil_.6.7/video/7508828370721983751,"{'url': 'https://www.tiktok.com/@iil_.6.7/video/7508828370721983751', 'text': 'tiktok.com'}",https://www.tiktok.com/@iil_.6.7/video/7508828370721983751
50527-78094,5/27/2025,27-May-25,Rafah,Swedish Village,GHF - Swedish Village,31.324859,34.228737,31.32486,34.22874,Aid,,Civilians seeking aid,CONFIRMED,https://x.com/muhammadshehad2/status/1927433733444923856,,,https://x.com/muhammadshehad2/status/1927433733444923856
50527-89225,5/27/2025,27-May-25,Deir al-Balah,"Salah al-Din Road, Al-Maghazi",,31.4183,34.3699,31.4183,34.3699,Aid,Aid truck presence,Aid diversion by gang,CONFIRMED,https://www.tiktok.com/@user793682596342365/video/7509112918017936658,,,https://www.tiktok.com/@user793682596342365/video/7509112918017936658
50527-25748,5/27/2025,27-May-25,Rafah,Swedish Village,GHF - Swedish Village,31.324201,34.228139,31.3242,34.22814,Aid,,Civilians seeking aid,CONFIRMED,https://www.facebook.com/ElzawaidaNow/videos/1630584224284267,,,https://www.facebook.com/ElzawaidaNow/videos/1630584224284267
50528-47634,5/28/2025,28-May-25,Deir al-Balah,In Zawaida town,Aid warehouse,31.4214,34.3719,31.4214,34.3719,Aid,Desperate Food Access,Aid diversion by civilians,CONFIRMED,https://www.abc.net.au/news/2025-05-29/four-killed-after-gaza-aid-hub-stormed/105350662,"https://www.abc.net.au/news/2025-05-29/four-killed-after-gaza-aid-hub-stormed/105350662, https://english.ahram.org.eg/NewsContentP/58/547126/War-on-Gaza/-Four-Palestinians-die-in-storming-of-UN-food-ware.aspx, https://apnews.com/article/gaza-israel-palestinians-aid-gunfire-88e825b923fe9d8420fba03739c7a5ac, https://x.com/nikolaosderes/status/1928126592351400435/video/1","{'url': 'https://www.abc.net.au/news/2025-05-29/four-killed-after-gaza-aid-hub-stormed/105350662', 'text': 'abc.net.au'} | {'url': 'https://english.ahram.org.eg/NewsContentP/58/547126/War-on-Gaza/-Four-Palestinians-die-in-storming-of-UN-food-ware.aspx', 'text': 'english.ahram.org.eg'} | {'url': 'https://apnews.com/article/gaza-israel-palestinians-aid-gunfire-88e825b923fe9d8420fba03739c7a5ac', 'text': 'apnews.com'} | {'url': 'https://x.com/nikolaosderes/status/1928126592351400435/video/1', 'text': 'nikolaosderes'}",https://www.abc.net.au/news/2025-05-29/four-killed-after-gaza-aid-hub-stormed/105350662
50529-59817,5/29/2025,29-May-25,Khan Younis,Salah al-Din Road,,31.2697,34.2881,31.2697,34.2881,Aid,Looting | Aid truck presence,Aid diversion by gang,CONFIRMED,https://www.tiktok.com/@mh.nf2/video/7509973082560335122,https://www.tiktok.com/@mh.nf2/video/7509973082560335122,"{'url': 'https://www.tiktok.com/@mh.nf2/video/7509973082560335122', 'text': 'tiktok.com'}",https://www.tiktok.com/@mh.nf2/video/7509973082560335122
50530-62911,5/30/2025,30-May-25,North Gaza City,In Deir al Balah,Aid warehouse,31.43612103,34.35727286,31.43612,34.35727,"Medical, Aid",Looting,Aid diversion by gang,CONFIRMED,https://www.unocha.org/news/todays-top-news-occupied-palestinian-territory-latin-america-and-caribbean-haiti,"0701-06003, https://x.com/i24NEWS_FR/status/1928370448858791936/photo/1","{'url': '0701-06003'} | {'url': 'https://x.com/i24NEWS_FR/status/1928370448858791936/photo/1', 'text': 'i24NEWS_FR'}",https://www.unocha.org/news/todays-top-news-occupied-palestinian-territory-latin-america-and-caribbean-haiti
50531-15369,5/31/2025,31-May-25,Khan Younis,Al-Manara neighbourhood,Aid route,31.332006,34.311675,31.33201,34.31168,Aid,Desperate Food Access,Aid diversion by civilians,CONFIRMED,https://www.facebook.com/reel/1714178222817895,https://www.facebook.com/reel/1714178222817895,"{'url': 'https://www.facebook.com/reel/1714178222817895', 'text': 'facebook.com'}",https://www.facebook.com/reel/1714178222817895
50531-55893,5/31/2025,31-May-25,Khan Younis,Tahlia Roundabout,,31.337644,34.309161,31.33764,34.30916,Aid,Desperate Food Access,Aid diversion by gang,CONFIRMED,https://t.me/hamza20300/350419,"https://t.me/hamza20300/350419, https://x.com/YunusAbujarad/status/1928742017984786787","{'url': 'https://t.me/hamza20300/350419', 'text': 'hamza20300'} | {'url': 'https://x.com/YunusAbujarad/status/1928742017984786787', 'text': 'YunusAbujarad'}",https://t.me/hamza20300/350419
50601-46857,6/1/2025,1-Jun-25,Rafah,Swedish Village,GHF - Swedish Village,31.323667,34.22883,31.32367,34.22883,Aid,,Civilians seeking aid,CONFIRMED,https://x.com/AmitSegal/status/1929107762409095439,/,{'url': '/'},https://x.com/AmitSegal/status/1929107762409095439
50601-62795,6/1/2025,1-Jun-25,Rafah,Swedish Village,GHF - Swedish Village,31.323667,34.22883,31.32367,34.22883,Aid,,Civilians seeking aid,CONFIRMED,https://x.com/ItayBlumental/status/1929172903163027561/video/1,,,https://x.com/ItayBlumental/status/1929172903163027561/video/1
50601-50271,6/1/2025,1-Jun-25,Rafah,Swedish Village,GHF - Swedish Village,31.323667,34.22883,31.32367,34.22883,Aid,,Civilians seeking aid,CONFIRMED,https://x.com/ItayBlumental/status/1929172903163027561/video/1,,,https://x.com/ItayBlumental/status/1929172903163027561/video/1
50601-04742,6/1/2025,1-Jun-25,Khan Younis,Al-Manars,Aid route,31.321858,34.314101,31.32186,34.3141,Aid,Attack on civilians | Looting,Aid diversion by gang | Shooting on civilians,CONFIRMED,https://x.com/AvichayAdraee/status/1929220410471538728,"https://x.com/AvichayAdraee/status/1929220410471538728, https://www.facebook.com/Hamad.Housing.compound/videos/1234714121595896/","{'url': 'https://x.com/AvichayAdraee/status/1929220410471538728', 'text': 'AvichayAdraee'} | {'url': 'https://www.facebook.com/Hamad.Housing.compound/videos/1234714121595896/', 'text': 'facebook.com'}",https://x.com/AvichayAdraee/status/1929220410471538728
50602-47470,6/1/2025,1-Jun-25,Rafah,Al-Alam Roundabout,GHF - Swedish Village,31.331707,34.230026,31.33171,34.23003,Aid,,Civilians seeking aid,CONFIRMED,https://www.instagram.com/reel/DKcarenNEzS/,,,https://www.instagram.com/reel/DKcarenNEzS/
50602-86782,6/2/2025,2-Jun-25,Khan Younis,Al-Manara neighbourhood,,31.323,34.314778,31.323,34.31478,Aid,Desperate Food Access,Aid diversion by civilians,CONFIRMED,https://www.facebook.com/reel/1428892091863036,https://www.facebook.com/reel/1428892091863036,"{'url': 'https://www.facebook.com/reel/1428892091863036', 'text': 'facebook.com'}",https://www.facebook.com/reel/1428892091863036
50602-29271,6/2/2025,2-Jun-25,Khan Younis,Al-Manara neighbourhood,,31.329544,34.311822,31.32954,34.31182,Aid,Desperate Food Access,Aid diversion by civilians,CONFIRMED,https://www.facebook.com/reel/1428892091863036,,,https://www.facebook.com/reel/1428892091863036
50602-59070,6/2/2025,2-Jun-25,Khan Younis,Nasser Hospital,,31.347814,34.293881,31.34781,34.29388,Aid,,Civilians seeking aid,CONFIRMED,https://www.facebook.com/reel/608865351780173,,,https://www.facebook.com/reel/608865351780173
50603-64505,6/3/2025,3-Jun-25,Khan Younis,Al-Manara neighbourhood,,31.330947,34.311075,31.33095,34.31108,Aid,Desperate Food Access,Aid diversion by civilians,CONFIRMED,https://www.facebook.com/Hamad.Housing.compound/videos/%D9%87%D9%83%D8%B0%D8%A7-%D8%AA%D9%85-%D8%B3%D8%B1%D9%82%D8%A9-%D8%B4%D8%A7%D8%AD%D9%86%D8%A7%D8%AA-%D8%B7%D8%AD%D9%8A%D9%86-%D8%A7%D9%84%D8%B7%D9%88%D8%A7%D8%B1%D9%8A%D8%A1-%D9%81%D8%AC%D8%B1-%D9%87%D8%B0%D8%A7-%D8%A7%D9%84%D9%8A%D9%88%D9%85-%D8%AA%D8%B5%D9%88%D9%8A%D8%B1-%D8%B9%D8%AF%D8%B3%D8%A9_%D8%A7%D9%84%D8%B5%D9%81%D8%AD%D8%A9/1428892091863036,,,https://www.facebook.com/Hamad.Housing.compound/videos/%D9%87%D9%83%D8%B0%D8%A7-%D8%AA%D9%85-%D8%B3%D8%B1%D9%82%D8%A9-%D8%B4%D8%A7%D8%AD%D9%86%D8%A7%D8%AA-%D8%B7%D8%AD%D9%8A%D9%86-%D8%A7%D9%84%D8%B7%D9%88%D8%A7%D8%B1%D9%8A%D8%A1-%D9%81%D8%AC%D8%B1-%D9%87%D8%B0%D8%A7-%D8%A7%D9%84%D9%8A%D9%88%D9%85-%D8%AA%D8%B5%D9%88%D9%8A%D8%B1-%D8%B9%D8%AF%D8%B3%D8%A9_%D8%A7%D9%84%D8%B5%D9%81%D8%AD%D8%A9/1428892091863036
50603-81250,6/3/2025,3-Jun-25,Rafah,Al-Bayuk,,31.268273,34.291979,31.26827,34.29198,Aid,,Aid diversion by gang,CONFIRMED,https://x.com/tamerqdh/status/1930000476055187954,"https://x.com/tamerqdh/status/1930000476055187954, https://www.facebook.com/watch/?v=745721134549648, https://x.com/SinjoroMoseo/status/1930188912984510680","{'url': 'https://x.com/tamerqdh/status/1930000476055187954', 'text': 'tamerqdh'} | {'url': 'https://www.facebook.com/watch/?v=745721134549648', 'text': 'facebook.com'} | {'url': 'https://x.com/SinjoroMoseo/status/1930188912984510680', 'text': 'SinjoroMoseo'}",https://x.com/tamerqdh/status/1930000476055187954
50604-41553,6/4/2025,4-Jun-25,Khan Younis,Salah al-Din Road,,31.3216,34.3154,31.3216,34.3154,Aid,Looting | Aid truck presence | Desperate Food Access,Aid diversion by gang,CONFIRMED,https://www.tiktok.com/@mh.nf2/video/7511248799306747143,https://www.tiktok.com/@mh.nf2/video/7512166474501328135,"{'url': 'https://www.tiktok.com/@mh.nf2/video/7512166474501328135', 'text': 'tiktok.com'}",https://www.tiktok.com/@mh.nf2/video/7511248799306747143
50608-43735,6/8/2025,8-Jun-25,Deir al-Balah,Bureij,,31.453034,34.411722,31.45303,34.41172,Aid,,Civilians seeking aid,CONFIRMED,https://x.com/Timesofgaza/status/1931757791351324743,https://x.com/fdov21/status/1931832737734033613,"{'url': 'https://x.com/fdov21/status/1931832737734033613', 'text': 'fdov21'}",https://x.com/Timesofgaza/status/1931757791351324743
50608-18652,6/8/2025,8-Jun-25,Deir al-Balah,Bureij,GHF - Gaza Valley,31.455797,34.417393,31.4558,34.41739,Aid,,Civilians seeking aid,CONFIRMED,https://www.gettyimages.nl/detail/nieuwsfoto%27s/members-of-a-private-us-security-company-contracted-by-nieuwsfotos/2218526297?adppopup=true,,,https://www.gettyimages.nl/detail/nieuwsfoto%27s/members-of-a-private-us-security-company-contracted-by-nieuwsfotos/2218526297?adppopup=true
50608-90441,6/8/2025,8-Jun-25,Deir al-Balah,Bureij,GHF - Gaza Valley,31.456748,34.417082,31.45675,34.41708,Aid,,Civilians seeking aid,CONFIRMED,https://www.gettyimages.nl/detail/nieuwsfoto%27s/member-of-a-private-us-security-company-contracted-by-the-nieuwsfotos/2218526316?adppopup=true,,,https://www.gettyimages.nl/detail/nieuwsfoto%27s/member-of-a-private-us-security-company-contracted-by-the-nieuwsfotos/2218526316?adppopup=true
50608-48699,6/8/2025,8-Jun-25,Rafah,Swedish Village,GHF - Swedish Village,31.324201,34.228139,31.3242,34.22814,Aid,Looting | Desperate Food Access,Civilians seeking aid,CONFIRMED,https://x.com/muhammadshehad2/status/1931699529029501286,,,https://x.com/muhammadshehad2/status/1931699529029501286
50610-90774,6/10/2025,10-Jun-25,Khan Younis,Salah al-Din Road,Aid route,31.2834,34.3113,31.2834,34.3113,Aid,Looting,Aid diversion by gang,CONFIRMED,https://www.tiktok.com/@iil_.6.7/video/7514365398549155090,https://www.tiktok.com/@iil_.6.7/video/7514365398549155090,"{'url': 'https://www.tiktok.com/@iil_.6.7/video/7514365398549155090', 'text': 'tiktok.com'}",https://www.tiktok.com/@iil_.6.7/video/7514365398549155090
50614-98323,6/14/2025,14-Jun-25,Beit Lahia,Beit Lahia,Aid route,31.5642,34.4786,31.5642,34.4786,Aid,Attack on civilians | Aid truck presence,Aftermath of attack on civilian | Aid diversion by civilians | Airstrike on aid workers,CONFIRMED,https://x.com/AnasAlSharif0/status/1935399714222129332,https://x.com/AnasAlSharif0/status/1935399714222129332,"{'url': 'https://x.com/AnasAlSharif0/status/1935399714222129332', 'text': 'AnasAlSharif0'}",https://x.com/AnasAlSharif0/status/1935399714222129332
50614-74498,6/14/2025,14-Jun-25,Jabalia,Al-Rashid Coastal Road,Aid route,31.5517,34.4602,31.5517,34.4602,Aid,Shooting | Attack on civilians,Shooting on civilians | Aid diversion by civilians,CONFIRMED,https://x.com/QudsNen/status/1933863561169625469,"https://english.wafa.ps/Pages/Details/158363, https://x.com/trtworld/status/1933954230320042373","{'url': 'https://english.wafa.ps/Pages/Details/158363', 'text': 'english.wafa.ps'} | {'url': 'https://x.com/trtworld/status/1933954230320042373', 'text': 'trtworld'}",https://x.com/QudsNen/status/1933863561169625469
,6/16/2025,16-Jun-25,Khan Younis,Al-Bahr Street,,31.3473,34.2963,31.3473,34.2963,Aid,,Civilians seeking aid,CONFIRMED,https://x.com/AJA_Egypt/status/1934644102898807109,,,https://x.com/AJA_Egypt/status/1934644102898807109
50618-26571,6/18/2025,18-Jun-25,Jabalia,Al-Rashid Coastal Road,Aid route,31.549956,34.458275,31.54996,34.45828,Aid,,Aid diversion by civilians,CONFIRMED,https://x.com/nahed_hajjaj9/status/1935383341345472702,,,https://x.com/nahed_hajjaj9/status/1935383341345472702
50622-77401,6/22/2025,22-Jun-25,Jabalia,Al-Rashid Coastal Road,Aid route,31.549965,34.458362,31.54997,34.45836,Aid,Military presence | Aid truck presence,Aid diversion by civilians | Military presence,CONFIRMED,https://x.com/gazanotice/status/1936852582326051114,https://x.com/gazanotice/status/1936852582326051114,"{'url': 'https://x.com/gazanotice/status/1936852582326051114', 'text': 'gazanotice'}",https://x.com/gazanotice/status/1936852582326051114
50622-21489,6/22/2025,22-Jun-25,Gaza City,Port,IDP,31.51485,34.424503,31.51485,34.4245,Aid,,Civilians seeking aid,CONFIRMED,https://x.com/sameerproject/status/1936601531467657464,,,https://x.com/sameerproject/status/1936601531467657464
50623-05342,6/23/2025,23-Jun-25,Jabalia,Al-Rashid Coastal Road,Aid route,31.553086,34.461889,31.55309,34.46189,Aid,,Aid diversion by civilians,CONFIRMED,https://x.com/sarpole12/status/1937029867096121372,,,https://x.com/sarpole12/status/1937029867096121372
50625-13656,6/25/2025,25-Jun-25,Jabalia,Al-Rashid Coastal Road,Aid route,31.5524,34.4609,31.5524,34.4609,Aid,,Aid diversion by civilians,CONFIRMED,https://x.com/sahatenglish/status/1937871669315432688,https://x.com/sahatenglish/status/1937871669315432688,"{'url': 'https://x.com/sahatenglish/status/1937871669315432688', 'text': 'sahatenglish'}",https://x.com/sahatenglish/status/1937871669315432688
50701-06003,7/1/2025,1-Jul-25,Gaza City,Sheikh Ejilin,Residential,31.4809,34.4076,31.4809,34.4076,Aid,Desperate Food Access | Aid truck presence,Aid diversion by civilians,CONFIRMED,https://x.com/IhabHassane/status/1940064626341003506,,,https://x.com/IhabHassane/status/1940064626341003506
50702-29352,7/2/2025,2-Jul-25,Deir al-Balah,Bureij,GHF - Gaza Valley,31.4557,34.4173,31.4557,34.4173,Aid,,Civilians seeking aid,CONFIRMED,https://x.com/abu_salah9/status/1940202046193594394,,,https://x.com/abu_salah9/status/1940202046193594394
50714-46515,7/14/2025,14-Jul-25,Deir al-Balah,Salah al-Din,,31.4116,34.3626,31.4116,34.3626,Aid,Looting | Aid truck presence,Aid diversion by gang,CONFIRMED,https://www.tiktok.com/@namur_2002/video/7527032087803596048,,,https://www.tiktok.com/@namur_2002/video/7527032087803596048
50717-50618,7/17/2025,17-Jul-25,Beit Lahia,Al-Tawam,,31.5477,34.4751,31.5477,34.4751,Aid,Drone | Airstrike,Airstrike on security | Airstrike on aid workers,CONFIRMED,https://x.com/AnasAlSharif0/status/1945713683381788886,"https://x.com/AnasAlSharif0/status/1945713683381788886, https://t.me/hamza20300/361225, https://t.me/hamza20300/361230","{'url': 'https://x.com/AnasAlSharif0/status/1945713683381788886', 'text': 'AnasAlSharif0'} | {'url': 'https://t.me/hamza20300/361225', 'text': 'hamza20300'} | {'url': 'https://t.me/hamza20300/361230', 'text': 'hamza20300'}",https://x.com/AnasAlSharif0/status/1945713683381788886
50720-16308,7/20/2025,20-Jul-25,Beit Lahia,Al-Rashid Coastal Road,Aid route,31.5669,34.4729,31.5669,34.4729,Aid,Military presence,Aid diversion by civilians | Military presence,CONFIRMED,https://x.com/AvichayAdraee/status/1947023864157868520,,,https://x.com/AvichayAdraee/status/1947023864157868520
50720-43495,7/20/2025,20-Jul-25,Beit Lahia,Al-Rashid Coastal Road,Aid route,31.5669,34.4729,31.5669,34.4729,Aid,Attack on civilians,Shooting on civilians | Aid diversion by civilians,CONFIRMED,https://x.com/SirLuka_/status/1947057058471440427,https://x.com/YinonMagal/status/1947042427816063458,"{'url': 'https://x.com/YinonMagal/status/1947042427816063458', 'text': 'YinonMagal'}",https://x.com/SirLuka_/status/1947057058471440427
50722-32478,7/22/2025,22-Jul-25,Beit Lahia,Al-Rashid Coastal Road,Aid route,31.562,34.4692,31.562,34.4692,Aid,Aid truck presence | Aid truck on route | Desperate Food Access,Aid diversion by civilians,CONFIRMED,https://www.instagram.com/ehab_nuor/reel/DMaIr3Noklu/,,,https://www.instagram.com/ehab_nuor/reel/DMaIr3Noklu/
50722-71016,7/22/2025,22-Jul-25,Khan Younis,Tahlia Roundabout,,31.3376,34.3099,31.3376,34.3099,Aid,,Civilians seeking aid,CONFIRMED,https://t.me/noursams/86902,,,https://t.me/noursams/86902
50723-04425,7/23/2025,23-Jul-25,Khan Younis,Khan Younis refugee camp,Aid route,31.33924,34.295388,31.33924,34.29539,Aid,Aid truck presence | Aid truck on route | Desperate Food Access,Aid diversion by civilians,CONFIRMED,https://x.com/MyPalestine0/status/1947997066094952731,https://x.com/NemoAnno/status/1948134079250973068,"{'url': 'https://x.com/NemoAnno/status/1948134079250973068', 'text': 'NemoAnno'}",https://x.com/MyPalestine0/status/1947997066094952731
50725-79647,7/25/2025,25-Jul-25,Khan Younis,Omar Bin Al Khattab Street,Morag Corridor,31.3115,34.2828,31.3115,34.2828,Aid,Desperate Food Access,Civilians seeking aid,CONFIRMED,https://www.facebook.com/watch/?v=1759408798025313,https://www.facebook.com/watch/?v=1759408798025313,"{'url': 'https://www.facebook.com/watch/?v=1759408798025313', 'text': 'facebook.com'}",https://www.facebook.com/watch/?v=1759408798025313
50726-26796,7/26/2025,26-Jul-25,Khan Younis,Omar Bin Al Khattab Street,Morag Corridor,31.30990653,34.28165596,31.30991,34.28166,Aid,,Aid diversion by civilians,CONFIRMED,Figure 24,,,Figure 24
50727-98533,7/27/2025,27-Jul-25,Gaza City,Sheikh Radwan,Residential,31.5384,34.4662,31.5384,34.4662,Aid,Looting,Aid diversion by unknown,CONFIRMED,https://t.me/hamza20300/363782,,,https://t.me/hamza20300/363782
50727-51118,7/27/2025,27-Jul-25,Beit Lahia,Al-Rashid Coastal Road,Aid route,31.5657,34.472,31.5657,34.472,Aid,Desperate Food Access | Aid truck presence,Aid diversion by civilians,CONFIRMED,https://www.instagram.com/saber.nuraldin/reel/DMnPZqlNuAc/,https://www.instagram.com/saber.nuraldin/reel/DMnPNvHtanC/,"{'url': 'https://www.instagram.com/saber.nuraldin/reel/DMnPNvHtanC/', 'text': 'instagram.com'}",https://www.instagram.com/saber.nuraldin/reel/DMnPZqlNuAc/
50727-49624,7/27/2025,27-Jul-25,Khan Younis,Omar Bin Al Khattab Street,Aid route,31.3108,34.2825,31.3108,34.2825,Aid,Attack on civilians | Desperate Food Access,Aid diversion by civilians | Shooting on civilians,CONFIRMED,https://www.instagram.com/ibrahim.st7/reel/DMm-pWSo4n-/,"https://www.instagram.com/ibrahim.st7/reel/DMm-pWSo4n-/, https://www.instagram.com/reel/DMnNVvPsDod/
","{'url': 'https://www.instagram.com/ibrahim.st7/reel/DMm-pWSo4n-/', 'text': 'instagram.com'} | {'url': 'https://www.instagram.com/reel/DMnNVvPsDod/', 'text': 'instagram.com'}",https://www.instagram.com/ibrahim.st7/reel/DMm-pWSo4n-/
50729-13513,7/27/2025,27-Jul-25,Jabalia,Kasina School,Road,31.5506,34.4606,31.5506,34.4606,Aid,Aid via parachuting landed,Aid via parachuting,CONFIRMED,https://x.com/alaraby_ar/status/1950151321635401842,,,https://x.com/alaraby_ar/status/1950151321635401842
50727-61519,7/27/2025,27-Jul-25,Jabalia,Ibad Ar-Rahman,,31.5423,34.4629,31.5423,34.4629,Aid,Aid via parachuting | Aid via parachuting landed,Aid via parachuting,CONFIRMED,https://www.instagram.com/p/DMnLIb3NoIr/,,,https://www.instagram.com/p/DMnLIb3NoIr/
50728-42007,7/28/2025,28-Jul-25,Beit Lahia,Al-Rashid Coastal Road,Aid route,31.567594,34.473139,31.56759,34.47314,Aid,Military presence,Aid diversion by civilians | Military presence,CONFIRMED,https://t.me/amitsegal/50466,,,https://t.me/amitsegal/50466
50728-95863,7/28/2025,28-Jul-25,Beit Lahia,Al-Rashid Coastal Road,Aid route,31.5619,34.4694,31.5619,34.4694,Aid,Attack on civilians,Aid diversion by civilians | Shooting on civilians,CONFIRMED,https://t.me/hamza20300/364010,,,https://t.me/hamza20300/364010
50728-52157,7/28/2025,28-Jul-25,Gaza City,Al-Nasr,,31.542185,34.46364,31.54218,34.46364,Aid,Aid via parachuting,Aid via parachuting,CONFIRMED,https://x.com/rashidalmethen/status/1949933217672548400,https://www.instagram.com/p/DMnLIb3NoIr/,"{'url': 'https://www.instagram.com/p/DMnLIb3NoIr/', 'text': 'instagram.com'}",https://x.com/rashidalmethen/status/1949933217672548400
50729-12796,7/29/2025,29-Jul-25,Khan Younis,Omar Bin Al Khattab Street,Morag Corridor,31.3109,34.2822,31.3109,34.2822,Aid,Desperate Food Access,Aid diversion by civilians,CONFIRMED,https://t.me/hamza20300/364144,https://t.me/hamza20300/364144,"{'url': 'https://t.me/hamza20300/364144', 'text': 'hamza20300'}",https://t.me/hamza20300/364144
50729-20255,7/29/2025,29-Jul-25,Deir al-Balah,Ramzon,Aid route,31.409684,34.359971,31.40968,34.35997,Aid,Looting | Desperate Food Access,Aid diversion by gang,CONFIRMED,https://t.me/Nuseirat1/126061,,,https://t.me/Nuseirat1/126061
50729-82076,7/29/2025,29-Jul-25,Jabalia,Al-Rashid Coastal Road,Aid route,31.5481,34.4567,31.5481,34.4567,Aid,Attack on civilians,Aid diversion by civilians | Aftermath of attack on civilian,CONFIRMED,https://x.com/translatingpal/status/1950200017056137416,,,https://x.com/translatingpal/status/1950200017056137416
50729-55815,7/29/2025,29-Jul-25,Deir al-Balah,al-Rashid Coastal Road,,31.4442,34.3576,31.4442,34.3576,Aid,Aid via parachuting,Aid via parachuting,CONFIRMED,https://x.com/Nation_Shield/status/1950047615388651901,,,https://x.com/Nation_Shield/status/1950047615388651901
50729-46670,7/29/2025,29-Jul-25,Jabalia,Tuffah,,31.521058,34.477211,31.52106,34.47721,,Aid via parachuting landed,Aid via parachuting,CONFIRMED,https://bsky.app/profile/benedictgarman.com/post/3lv4eq6f32s2v,"https://www.bbc.co.uk/news/live/cdrkj810plvt?post=asset%3A38cf4dde-967a-44e0-b98a-e21119f7dd5c#post, https://bsky.app/profile/benedictgarman.com/post/3lv4eq6f32s2v","{'url': 'https://www.bbc.co.uk/news/live/cdrkj810plvt?post=asset%3A38cf4dde-967a-44e0-b98a-e21119f7dd5c#post', 'text': 'bbc.co.uk'} | {'url': 'https://bsky.app/profile/benedictgarman.com/post/3lv4eq6f32s2v', 'text': 'bsky.app'}",https://bsky.app/profile/benedictgarman.com/post/3lv4eq6f32s2v
50729-03946,7/29/2025,29-Jul-25,Jabalia,Ibad Ar-Rahman,Aid route,31.5557,34.4656,31.5557,34.4656,Aid,Desperate Food Access,Aid diversion by civilians,CONFIRMED,https://x.com/AvichayAdraee/status/1950093782394753405,,,https://x.com/AvichayAdraee/status/1950093782394753405
50730-87368,7/30/2025,30-Jul-25,Khan Younis,Khan Younis,GHF - Khan Younis,31.3153,34.2688,31.3153,34.2688,Aid,Desperate Food Access,Civilians seeking aid,CONFIRMED,https://x.com/HusseinJamal_/status/1950494275860652078,,,https://x.com/HusseinJamal_/status/1950494275860652078
50730-38221,7/30/2025,30-Jul-25,Beit Lahia,Al-Rashid Coastal Road,Aid route,31.5627,34.4697,31.5627,34.4697,Aid,Desperate Food Access,Aid diversion by civilians,CONFIRMED,https://t.me/amitsegal/50547,,,https://t.me/amitsegal/50547
50730-62066,7/30/2025,30-Jul-25,Deir al-Balah,Am Dhair,,31.408714,34.331969,31.40871,34.33197,Aid,Aid via parachuting,Aid diversion by unknown,CONFIRMED,https://x.com/AhmedElbaqry/status/1950640292249600355/photo/1,,,https://x.com/AhmedElbaqry/status/1950640292249600355/photo/1
50730-79567,7/30/2025,30-Jul-25,Deir al-Balah,Deir al-Balah,,31.412914,34.356819,31.41291,34.35682,Aid,Aid via parachuting,Aid via parachuting,CONFIRMED,https://x.com/AlAinNews/status/1950626972155166797/photo/1,,,https://x.com/AlAinNews/status/1950626972155166797/photo/1
50730-63474,7/30/2025,30-Jul-25,Deir al-Balah,Nuseirat,,31.446902,34.39326,31.4469,34.39326,Aid,Aid via parachuting,Aid via parachuting,MOST LIKELY,https://t.me/jeninnews1/156420,,,https://t.me/jeninnews1/156420
50730-88132,7/30/2025,30-Jul-25,Deir al-Balah,Az-Zawayda,,31.436,34.3574,31.436,34.3574,Aid,Aid via parachuting landed,Aid via parachuting,CONFIRMED,https://x.com/eyeonpalestine/status/1950857811694362923?s=46,https://x.com/rhjofficial/status/1950562516993470649,"{'url': 'https://x.com/rhjofficial/status/1950562516993470649', 'text': 'rhjofficial'}",https://x.com/eyeonpalestine/status/1950857811694362923?s=46
50731-95752,7/31/2025,31-Jul-25,Gaza City,Al-Rashid Coastal Road,Aid route,31.5481,34.4567,31.5481,34.4567,Aid,Attack on civilians,Aid diversion by civilians | Aftermath of attack on civilian,CONFIRMED,https://x.com/QudsNen/status/1950977295922917800,,,https://x.com/QudsNen/status/1950977295922917800
50731-74208,7/31/2025,31-Jul-25,Deir al-Balah,Az-Zawayda,,31.4428,34.3592,31.4428,34.3592,Aid,Aid via parachuting,Aid via parachuting,CONFIRMED,https://t.me/mohnadQ/67049,,,https://t.me/mohnadQ/67049
50731-01285,7/31/2025,31-Jul-25,Deir al-Balah,Am Dhair,,31.395217,34.343933,31.39522,34.34393,Aid,Aid via parachuting landed,Aid via parachuting,CONFIRMED,https://www.gettyimages.co.uk/detail/news-photo/jordanian-c-130-military-aircraft-performs-an-air-drop-of-news-photo/2227889392?adppopup=true,https://www.gettyimages.co.uk/detail/news-photo/jordanian-c-130-military-aircraft-performs-an-air-drop-of-news-photo/2227889324?adppopup=true,"{'url': 'https://www.gettyimages.co.uk/detail/news-photo/jordanian-c-130-military-aircraft-performs-an-air-drop-of-news-photo/2227889324?adppopup=true', 'text': 'gettyimages.co.uk'}",https://www.gettyimages.co.uk/detail/news-photo/jordanian-c-130-military-aircraft-performs-an-air-drop-of-news-photo/2227889392?adppopup=true
50731-14282,7/31/2025,31-Jul-25,Deir al-Balah,Al-Musadder,,31.4132,34.367,31.4132,34.367,Aid,Aid truck presence | Looting,Aid diversion by gang,CONFIRMED,https://www.facebook.com/Mgasseb.Family.Official/videos/1413237029966753,,,https://www.facebook.com/Mgasseb.Family.Official/videos/1413237029966753
50801-61057,8/1/2025,1-Aug-25,Beit Lahia,Oasis Roundabout,Aid route,31.5668,34.4728,31.5668,34.4728,Aid,Desperate Food Access,Aid diversion by civilians,CONFIRMED,https://x.com/abu_salah9/status/1951261694946087103,https://x.com/abu_salah9/status/1951261694946087103,"{'url': 'https://x.com/abu_salah9/status/1951261694946087103', 'text': 'abu_salah9'}",https://x.com/abu_salah9/status/1951261694946087103
50801-79634,8/1/2025,1-Aug-25,Deir al-Balah,Am Dhair,,31.397929,34.327327,31.39793,34.32733,Aid,Aid via parachuting,Aid via parachuting,CONFIRMED,https://x.com/ItayBlumental/status/1951253310297735218,,,https://x.com/ItayBlumental/status/1951253310297735218
50803-52747,8/3/2025,3-Aug-25,Deir al-Balah,Salah al-Din Road,Aid route,31.4098,34.3599,31.4098,34.3599,Aid,Aid truck presence | Looting,Aid diversion by gang,CONFIRMED,https://www.facebook.com/reel/750272384389880,,,https://www.facebook.com/reel/750272384389880
50807-39943,8/7/2025,7-Aug-25,Deir al-Balah,Salah al-Din Road,,31.4095,34.3598,31.4095,34.3598,Aid,Aid truck presence,Aid diversion by gang,CONFIRMED,https://t.me/Nuseirat1/127978,,,https://t.me/Nuseirat1/127978
50807-05584,8/7/2025,7-Aug-25,Rafah,Saudi District,GHF - Saudi District,31.32947,34.246383,31.32947,34.24638,Aid,Desperate Food Access,Civilians seeking aid,CONFIRMED,https://www.tiktok.com/@antuan_desent_exupery/video/7535910891921870098?lang=en-GB,https://x.com/_BvdM/status/1954849349931823390,"{'url': 'https://x.com/_BvdM/status/1954849349931823390', 'text': '_BvdM'}",https://www.tiktok.com/@antuan_desent_exupery/video/7535910891921870098?lang=en-GB
50807-67617,8/7/2025,7-Aug-25,Deir al-Balah,Salah al-Din Road,,31.406828,34.356742,31.40683,34.35674,Aid,Aid truck on route | Aid truck presence,Trucks on route | Aid diversion by gang,CONFIRMED,https://www.facebook.com/Mgasseb.Family.Official/videos/3244086492406738,,,https://www.facebook.com/Mgasseb.Family.Official/videos/3244086492406738
50808-74284,8/8/2025,8-Aug-25,Gaza City,Al-Yarmouk street,,31.5205,34.4603,31.5205,34.4603,Aid,Aid via parachuting landed,Aid via parachuting,CONFIRMED,https://x.com/AnasAlSharif0/status/1953754117890846735,https://x.com/MenchOsint/status/1953756436925686064,"{'url': 'https://x.com/MenchOsint/status/1953756436925686064', 'text': 'MenchOsint'}",https://x.com/AnasAlSharif0/status/1953754117890846735
50808-91994,8/8/2025,8-Aug-25,Khan Younis,Salah al-Din Road,Morag Corridor,31.270417,34.290186,31.27042,34.29019,Aid,Aid truck on route | Aid truck presence,Trucks on route | Aid diversion by gang,CONFIRMED,https://www.facebook.com/yasershabab2024/videos/1291237885726247,,,https://www.facebook.com/yasershabab2024/videos/1291237885726247
50808-64350,8/8/2025,8-Aug-25,Gaza City,Omar Bin Al Khattab,,31.5407,34.4565,31.5407,34.4565,Aid,Aid via parachuting | Aid via parachuting landed,Aid via parachuting,CONFIRMED,https://www.instagram.com/p/DNEIzrVqa_7/ ,,,https://www.instagram.com/p/DNEIzrVqa_7/
50809-02266,8/9/2025,9-Aug-25,Deir al-Balah,Al-Astra Towers,,31.4688,34.3838,31.4688,34.3838,Aid,Aid via parachuting landed,Aid via parachuting,CONFIRMED,https://www.instagram.com/eye.on.palestine/reel/DNImvl4KQY-/,,,https://www.instagram.com/eye.on.palestine/reel/DNImvl4KQY-/
50811-37527,8/11/2025,11-Aug-25,Khan Younis,Salah al-Din Road,Morag Corridor,31.270371,34.290094,31.27037,34.29009,Aid,Aid truck on route | Aid truck presence,Trucks on route | Aid diversion by gang,CONFIRMED,https://www.facebook.com/yasershabab2024/videos/774366162205215,,,https://www.facebook.com/yasershabab2024/videos/774366162205215
50823-55404,8/23/2025,23-Aug-25,Deir al-Balah,Am Dhair,,31.396275,34.324394,31.39627,34.32439,Aid,Aid via parachuting | Aid via parachuting landed,Aid via parachuting,CONFIRMED,https://x.com/QudsNen/status/1959157684122599615,https://x.com/NemoAnno/status/1959657590331220147,"{'url': 'https://x.com/NemoAnno/status/1959657590331220147', 'text': 'NemoAnno'}",https://x.com/QudsNen/status/1959157684122599615
,8/25/2025,25-Aug-25,Gaza City,Sheikh Radwan,,31.5373,34.4641,31.5373,34.4641,Aid,Desperate Food Access,Civilians seeking aid,CONFIRMED,https://x.com/hanzpal2/status/1937880733152108572,,,https://x.com/hanzpal2/status/1937880733152108572
,,,Gaza City,Al-Rashid Coastal Road,desperate aid diversion,31.542782,34.452528,31.54278,34.45253,Aid,,Civilians seeking aid,CONFIRMED,https://www.facebook.com/reel/1293081012248673,,,https://www.facebook.com/reel/1293081012248673
