event_id_cnty,event_date,year,time_precision,disorder_type,event_type,sub_event_type,actor1,assoc_actor_1,inter1,actor2,assoc_actor_2,inter2,interaction,civilian_targeting,iso,region,country,admin1,admin2,admin3,location,latitude,longitude,geo_precision,source,source_scale,notes,fatalities,tags,timestamp
PSE56699,8/1/2024,2024,1,Political violence,Explosions/Remote violence,Shelling/artillery/missile attack,Military Forces of Israel (2022-),,8,Civilians (Palestine),,7,78,Civilian targeting,275,Middle East,Palestine,Gaza Strip,Gaza City,,Gaza - Shujaiyya,31.4988,34.4699,2,PLO Negotiations Affairs Department; Quds News Network; Twitter,Other-New media,"On 1 August 2024, Israeli artillery and tanks shelled targets east of Gaza City, coded to Gaza - Shujaiyya (Gaza City, Gaza Strip). 3 Palestinians were killed at the junction of Al Shujaiyya east of Gaza city.",3,,1759790002
PSE56708,8/1/2024,2024,1,Political violence,Explosions/Remote violence,Air/drone strike,Military Forces of Israel (2022-),,8,Civilians (Palestine),Refugees/IDPs (Palestine),7,78,Civilian targeting,275,Middle East,Palestine,Gaza Strip,Deir El Balah,,An Nusayrat,31.4486,34.3925,1,Arab 48; Newpress; Palestine News and Information Agency; Quds News Network; Twitter,New media-National,"On 1 August 2024, Israeli warplanes struck a target at al-Ishrin street in An Nusayrat Camp (Deir El Balah, Gaza Strip), leaving 5 fatalities and a number of injuries. Also, 3 Palestinians were killed in a airstrike that targeted a gathering in the camp. Total fatalities were 8.",8,,1753955132
PSE56715,8/1/2024,2024,1,Political violence,Explosions/Remote violence,Air/drone strike,Military Forces of Israel (2022-),,8,Civilians (Palestine),,7,78,Civilian targeting,275,Middle East,Palestine,Gaza Strip,Khan Yunis,,Khan Yunis - Maen,31.336,34.3172,1,Newpress; Palestine News and Information Agency; Quds News Network; Twitter,New media-National,"On 1 August 2024, Israeli warplanes struck a house in Khan Yunis - Maen (Khan Yunis, Gaza Strip), leaving injuries.",0,,1753955132
PSE56734,8/1/2024,2024,1,Political violence,Explosions/Remote violence,Air/drone strike,Military Forces of Israel (2022-),,8,Civilians (Palestine),,7,78,Civilian targeting,275,Middle East,Palestine,Gaza Strip,North Gaza,,Beit Lahiya - Al Salateen,31.5558,34.4814,1,Newpress; Palestine News and Information Agency; Quds News Network; Twitter,New media-National,"On 1 August 2024, Israeli warplanes struck a house in Beit Lahiya - Al Salateen (North Gaza, Gaza Strip), leaving one fatality and a number of injuries.",1,,1753955132
PSE56735,8/1/2024,2024,1,Political violence,Explosions/Remote violence,Air/drone strike,Military Forces of Israel (2022-),,8,Civilians (Palestine),,7,78,Civilian targeting,275,Middle East,Palestine,Gaza Strip,North Gaza,,Beit Lahiya - Atatra,31.5594,34.4875,1,Newpress; Twitter,New media-National,"On 1 August 2024, Israeli warplanes struck a house in Beit Lahiya - Atatra (North Gaza, Gaza Strip), leaving one fatality and a number of injuries.",1,,1753955132
PSE56736,8/1/2024,2024,1,Political violence,Explosions/Remote violence,Air/drone strike,Military Forces of Israel (2022-),,8,Civilians (Palestine),,7,78,Civilian targeting,275,Middle East,Palestine,Gaza Strip,Khan Yunis,,Khan Yunis - As Sater,31.3637,34.3228,1,Arab 48; Quds News Network; Twitter,New media-National,"On 1 August 2024, an Israeli UAV struck a target in Khan Yunis - As Sater (Khan Yunis, Gaza Strip), killing a Palestinian woman.",1,,1753955132
PSE56737,8/1/2024,2024,1,Political violence,Explosions/Remote violence,Air/drone strike,Military Forces of Israel (2022-),,8,Civilians (Palestine),,7,78,Civilian targeting,275,Middle East,Palestine,Gaza Strip,Deir El Balah,,An Nusayrat,31.4486,34.3925,2,Arab 48; Quds News Network; Twitter,New media-National,"On 1 August 2024, Israeli warplanes struck a house east of An Nusayrat Camp (Deir El Balah, Gaza Strip), killing one Palestinian and injuring 3 more.",1,,1753955132
PSE56747,8/1/2024,2024,1,Political violence,Explosions/Remote violence,Air/drone strike,Military Forces of Israel (2022-),,8,Civilians (Palestine),,7,78,Civilian targeting,275,Middle East,Palestine,Gaza Strip,Gaza City,,Gaza - Sheikh Radwan,31.5349,34.4667,1,Arab 48; Newpress; Palestine News and Information Agency; Quds News Network; Twitter,New media-National,"On 1 August 2024, Israeli warplanes struck a house in Gaza - Sheikh Radwan (Gaza City, Gaza Strip), leaving at least 2 fatalities and a number of injuries.",2,,1759790002
PSE56759,8/1/2024,2024,1,Political violence,Explosions/Remote violence,Air/drone strike,Military Forces of Israel (2022-),,8,Civilians (Palestine),,7,78,Civilian targeting,275,Middle East,Palestine,Gaza Strip,Deir El Balah,,An Nusayrat - North,31.4591,34.3923,1,Quds News Network; Twitter,New media-National,"On 1 August 2024, Israeli warplanes struck a house in Al Mufti land in An Nusayrat - North (Deir El Balah, Gaza Strip), leaving a number of fatalities. Unspecified fatalities coded as 3.",3,,1753955132
PSE56768,8/1/2024,2024,1,Political violence,Explosions/Remote violence,Air/drone strike,Military Forces of Israel (2022-),,8,Civilians (Palestine),,7,78,Civilian targeting,275,Middle East,Palestine,Gaza Strip,Rafah,,Tal as Sultan,31.3098,34.2414,1,Palestine News and Information Agency; Quds News Network; Twitter,New media-National,"On 1 August 2024, an Israeli UAV struck a target near Bir Kenda in Tal as Sultan (Rafah, Gaza Strip), leaving 2 fatalities. Also, 3 Palestinians were killed in a separate airstrike in Tal as Sultan. Total fatalities were 5.",5,,1762829569
PSE56701,8/1/2024,2024,1,Political violence,Explosions/Remote violence,Air/drone strike,Military Forces of Israel (2022-),,8,Civilians (Palestine),Refugees/IDPs (Palestine),7,78,Civilian targeting,275,Middle East,Palestine,Gaza Strip,Deir El Balah,,Al Burayj,31.4394,34.4031,1,Quds News Network; Twitter,New media-National,"On 1 August 2024, Israeli UAVs opened fire in Al Burayj Camp (Deir El Balah, Gaza Strip), leaving injuries. Also, the artillery shelled targets in the camp [casualties unknown].",0,,1753955132
PSE56745,8/1/2024,2024,1,Political violence,Explosions/Remote violence,Air/drone strike,Military Forces of Israel (2022-),,8,Civilians (Palestine),,7,78,Civilian targeting,275,Middle East,Palestine,Gaza Strip,Gaza City,,Gaza - Az Zaytun,31.4964,34.4522,1,Arab 48; Newpress; Palestine News and Information Agency; Quds News Network; Twitter,New media-National,"On 1 August 2024, Israeli warplanes struck targets near the Kuwait roundabout in Gaza - Az Zaytun (Gaza City, Gaza Strip), killing 2 Palestinians and injuring a number of others. Also, the artillery shelled targets in the same area [casualties unknown]. Fatalities coded at least 2.",2,,1759790002
PSE56703,8/2/2024,2024,1,Political violence,Explosions/Remote violence,Air/drone strike,Military Forces of Israel (2022-),,8,Civilians (Palestine),Refugees/IDPs (Palestine),7,78,Civilian targeting,275,Middle East,Palestine,Gaza Strip,Deir El Balah,,Al Burayj,31.4394,34.4031,1,Palestine News and Information Agency; Quds News Network; Twitter,New media-National,"On 2 August 2024, Israeli warplanes struck a house in Al Burayj Camp (Deir El Balah, Gaza Strip), killing 2 Palestinians and injuring a number of others.",2,,1753955132
PSE56728,8/2/2024,2024,1,Political violence,Explosions/Remote violence,Air/drone strike,Military Forces of Israel (2022-),,8,Civilians (Palestine),,7,78,Civilian targeting,275,Middle East,Palestine,Gaza Strip,Deir El Balah,,An Nusayrat - North,31.4591,34.3923,1,Newpress; Palestine News and Information Agency; Twitter,New media-National,"On 2 August 2024, Israeli warplanes struck a house in Al Mufti land in An Nusayrat - North (Deir El Balah, Gaza Strip). Casualties unknown. Also, the artillery shelled targets in the same area. Casualties unknown.",0,,1753955132
PSE56739,8/2/2024,2024,1,Political violence,Explosions/Remote violence,Air/drone strike,Military Forces of Israel (2022-),,8,Civilians (Palestine),,7,78,Civilian targeting,275,Middle East,Palestine,Gaza Strip,Khan Yunis,,Bani Suheila,31.3424,34.325,1,Palestine News and Information Agency; Quds News Network; Twitter,New media-National,"On 2 August 2024, Israeli warplanes struck a house in Bani Suheila (Khan Yunis, Gaza Strip), killing a Palestinian and injuring 2 more.",1,,1753955132
PSE56740,8/2/2024,2024,1,Political violence,Explosions/Remote violence,Air/drone strike,Military Forces of Israel (2022-),,8,Civilians (Palestine),,7,78,Civilian targeting,275,Middle East,Palestine,Gaza Strip,Gaza City,,Gaza - Southern Remal,31.5168,34.4355,2,Newpress; Quds News Network; Twitter,New media-National,"On 2 August 2024, Israeli warplanes struck a target near Al Amal hotel west of Gaza City, coded to Gaza - Southern Remal (Gaza City, Gaza Strip), leaving one fatality and a number of injuries.",1,,1759790002
PSE56746,8/2/2024,2024,1,Political violence,Explosions/Remote violence,Air/drone strike,Military Forces of Israel (2022-),,8,Civilians (Palestine),,7,78,Civilian targeting,275,Middle East,Palestine,Gaza Strip,Deir El Balah,,Al Maghazi,31.4214,34.3865,2,Ma'an News Agency; Palestine News and Information Agency; Quds News Network; Twitter,New media-National,"On 2 August 2024, Israeli warplanes struck a gathering east of Al Maghazi Camp (Deir El Balah, Gaza Strip), leaving 2 fatalities and a number of injuries.",2,,1753955132
PSE56760,8/2/2024,2024,1,Political violence,Explosions/Remote violence,Air/drone strike,Military Forces of Israel (2022-),,8,Civilians (Palestine),,7,78,Civilian targeting,275,Middle East,Palestine,Gaza Strip,Gaza City,,Gaza - Sheikh Radwan,31.5349,34.4667,1,Liveuamap; Quds News Network; Twitter,Local partner-New media,"On 2 August 2024, Israeli warplanes struck a house in Gaza - Sheikh Radwan (Gaza City, Gaza Strip), leaving fatalities and injuries. Unspecified number of fatalities coded as 3.",3,,1759790002
PSE56763,8/2/2024,2024,1,Political violence,Explosions/Remote violence,Air/drone strike,Military Forces of Israel (2022-),,8,Civilians (Palestine),,7,78,Civilian targeting,275,Middle East,Palestine,Gaza Strip,Gaza City,,Gaza - Sheikh Radwan,31.5349,34.4667,2,Al Ghad (Jordan); Arab 48; Ma'an News Agency; Palestine News and Information Agency,National-Regional,"On 2 August 2024, Israeli warplanes struck the Abu Hashem building in al Jalaa street north Gaza City, coded to Gaza - Sheikh Radwan (Gaza City, Gaza Strip), leaving 4 Palestinian fatalities and injuring 12 persons.",4,,1759790002
PSE56764,8/2/2024,2024,1,Political violence,Explosions/Remote violence,Air/drone strike,Military Forces of Israel (2022-),,8,Civilians (Palestine),,7,78,Civilian targeting,275,Middle East,Palestine,Gaza Strip,Khan Yunis,,Khan Yunis - City Centre,31.3419,34.3015,1,Ma'an News Agency; Palestine News and Information Agency; Quds News Network; Twitter,New media-National,"On 2 August 2024, Israeli warplanes struck an apartment in Khan Yunis - City Centre (Khan Yunis, Gaza Strip), killing 4 Palestinians and injuring a number of others.",4,,1753955132
PSE56770,8/2/2024,2024,1,Political violence,Explosions/Remote violence,Air/drone strike,Military Forces of Israel (2022-),,8,Civilians (Palestine),,7,78,Civilian targeting,275,Middle East,Palestine,Gaza Strip,Gaza City,,Gaza - Sabra,31.5086,34.4493,1,Arab 48; Ma'an News Agency; Palestine News and Information Agency; Quds News Network; Twitter,New media-National,"On 2 August 2024, Israeli warplanes struck targets (including a house) in Gaza - Sabra, including street 8 (Gaza City, Gaza Strip), leaving 5 fatalities, including 3 children and a woman. Also the artillery shelled targets in the same area [casualties unknown]. Fatalities coded at least 5.",5,,1759790002
PSE56756,8/2/2024,2024,1,Political violence,Explosions/Remote violence,Air/drone strike,Military Forces of Israel (2022-),,8,Civilians (Palestine),,7,78,Civilian targeting,275,Middle East,Palestine,Gaza Strip,Rafah,,Tal as Sultan,31.3098,34.2414,1,Arab 48,National,"On 2 August 2024, an Israeli UAV struck and killed 3 Palestinians in Tal as Sultan (Rafah, Gaza Strip).",3,,1762829569
PSE56738,8/2/2024,2024,1,Political violence,Explosions/Remote violence,Air/drone strike,Military Forces of Israel (2022-),,8,Civilians (Palestine),,7,78,Civilian targeting,275,Middle East,Palestine,Gaza Strip,Gaza City,,Gaza - Az Zaytun,31.4964,34.4522,1,Palestine News and Information Agency; Quds News Network; Twitter,New media-National,"On 2 August 2024, Israeli warplanes struck a house in Gaza - Az Zaytun (Gaza City, Gaza Strip), killing a girl and injuring 4 Palestinians.",1,,1759790002
PSE56755,8/2/2024,2024,1,Political violence,Explosions/Remote violence,Air/drone strike,Military Forces of Israel (2022-),,8,Civilians (Palestine),,7,78,Civilian targeting,275,Middle East,Palestine,Gaza Strip,Gaza City,,Gaza - Tal el Hawa,31.5041,34.435,1,Palestine News and Information Agency; Quds News Network; Twitter,New media-National,"On 2 August 2024, Israeli warplanes struck a target in Gaza - Tal el Hawa (Gaza City, Gaza Strip), leaving 3 fatalities and a number of injuries.",3,,1759790002
PSE57174,8/3/2024,2024,1,Political violence,Explosions/Remote violence,Air/drone strike,Military Forces of Israel (2022-),,8,Civilians (Palestine),Refugees/IDPs (Palestine),7,78,Civilian targeting,275,Middle East,Palestine,Gaza Strip,Deir El Balah,,Al Burayj,31.4394,34.4031,1,Newpress; Quds News Network; Twitter,New media-National,"On 3 August 2024, Israeli warplanes struck a house near Al Safa mosque in Al Burayj Camp (Deir El Balah, Gaza Strip), killing a woman and a child and injuring a number of Palestinians.",2,,1753955132
PSE57235,8/3/2024,2024,1,Political violence,Explosions/Remote violence,Air/drone strike,Military Forces of Israel (2022-),,8,Civilians (Palestine),,7,78,Civilian targeting,275,Middle East,Palestine,Gaza Strip,Deir El Balah,,An Nusayrat - North,31.4591,34.3923,1,Arab 48; Newpress; Quds News Network; Twitter,New media-National,"On 3 August 2024, an Israeli UAV opened fire at a group of Palestinians in An Nusayrat - North (Deir El Balah, Gaza Strip). Casualties unknown. Also, the artillery shelled targets near the power station in An Nusayrat - North. Casualties unknown.",0,,1753955132
PSE57274,8/3/2024,2024,1,Political violence,Explosions/Remote violence,Shelling/artillery/missile attack,Military Forces of Israel (2022-),,8,Civilians (Palestine),,7,78,Civilian targeting,275,Middle East,Palestine,Gaza Strip,Khan Yunis,,Bani Suheila,31.3424,34.325,2,Arab 48; PLO Negotiations Affairs Department; Quds News Network,Other-National,"On 3 August 2024, Israeli artillery and tanks shelled targets east of Khan Yunis, coded to Bani Suheila (Khan Yunis, Gaza Strip). Casualties unknown. Also, the artillery shelled targets in Al Qarin area east of Khan Yunis, leaving unspecified number of fatalities [coded as 3].",3,,1753956638
PSE57353,8/3/2024,2024,1,Political violence,Explosions/Remote violence,Shelling/artillery/missile attack,Military Forces of Israel (2022-),,8,Civilians (Palestine),,7,78,Civilian targeting,275,Middle East,Palestine,Gaza Strip,Gaza City,,Gaza - Az Zaytun,31.4964,34.4522,2,Newpress; Twitter,New media-National,"On 3 August 2024, Israeli artillery shelled a group of people east of Gaza - Az Zaytun (Gaza City, Gaza Strip), leaving 2 fatalities.",2,,1759790002
PSE57515,8/3/2024,2024,1,Political violence,Explosions/Remote violence,Air/drone strike,Military Forces of Israel (2022-),,8,Civilians (Palestine),,7,78,Civilian targeting,275,Middle East,Palestine,Gaza Strip,North Gaza,,Sheikh Zaid,31.5392,34.5117,1,Newpress; Quds News Network; Twitter,New media-National,"On 3 August 2024, Israeli forces (likely warplanes) struck targets in Sheikh Zaid (North Gaza, Gaza Strip), leaving unspecified number of fatalities [coded as 3].",3,,1759790002
PSE57457,8/3/2024,2024,1,Political violence,Explosions/Remote violence,Air/drone strike,Military Forces of Israel (2022-),,8,Civilians (Palestine),,7,78,Civilian targeting,275,Middle East,Palestine,Gaza Strip,Rafah,,Khirbet al Adas,31.2855,34.2714,2,Arab 48; Dunia Al Watan; Newpress; Palestine News and Information Agency; Quds News Network; Twitter,New media-National,"On 3 August 2024, Israeli warplanes struck a house in Miraj area north of Rafah, coded to Khirbet al Adas (Rafah, Gaza Strip), killing 5 Palestinians, including a girl and 3 women.",5,,1753956638
PSE76021,8/3/2024,2024,1,Political violence,Violence against civilians,Attack,Unidentified Armed Group (Palestine),,3,Civilians (Palestine),,7,37,Civilian targeting,275,Middle East,Palestine,Gaza Strip,Khan Yunis,,Khan Yunis,31.3502,34.3081,1,The Independent Commission For Human Rights,National,"On 3 August 2024, a group of 70 masked armed men surrounded the area of Sheikh Nasser area in Khan Yunis (Khan Yunis, Gaza Strip) and opened fire. A man was shot in the chest and died as he succumbed to his wounds on 21 May 2025.",1,,1750113820
PSE57231,8/4/2024,2024,1,Political violence,Explosions/Remote violence,Air/drone strike,Military Forces of Israel (2022-),,8,Civilians (Palestine),,7,78,Civilian targeting,275,Middle East,Palestine,Gaza Strip,Deir El Balah,,An Nusayrat,31.4486,34.3925,1,Quds News Network; Twitter,New media-National,"On 4 August 2024, Israeli warplanes struck a house at the entrance of An Nusayrat Camp (Deir El Balah, Gaza Strip). Casualties unknown.",0,,1753955132
PSE57330,8/4/2024,2024,1,Political violence,Explosions/Remote violence,Air/drone strike,Military Forces of Israel (2022-),,8,Civilians (Palestine),Government of Palestine (2007-) Hamas Government in Gaza; Refugees/IDPs (Palestine),7,78,Civilian targeting,275,Middle East,Palestine,Gaza Strip,Deir El Balah,,Deir al Balah,31.4178,34.3503,1,Arab 48; Arutz Sheva; Ma'an News Agency; Newpress; Palestine News and Information Agency; Quds News Network; Times of Israel; Twitter,New media-National,"On 4 August 2024, Israeli UAVs struck the tents of displaced people at Shuhada al-Aqsa hospital in Deir al Balah city Deir El Balah, Gaza Strip), causing fire to the tents and leaving 5 fatalities and 16 injuries. Also, a Hamas member who also served as the Deputy Minister of finance in Hamas government and his mother were killed in an airstrike that targeted their house in the city. Total fatalities were 7.",7,,1753956638
PSE57338,8/4/2024,2024,1,Political violence,Explosions/Remote violence,Air/drone strike,Military Forces of Israel (2022-),,8,Civilians (Palestine),Refugees/IDPs (Palestine),7,78,Civilian targeting,275,Middle East,Palestine,Gaza Strip,Deir El Balah,,Deir al Balah Camp,31.4249,34.34,1,Palestine News and Information Agency; Quds News Network; Twitter,New media-National,"On 4 August 2024, Israeli warplanes struck a house in Deir al Balah Camp (Deir El Balah, Gaza Strip), leaving 3 fatalities and a number of injuries.",3,,1765850627
PSE57373,8/4/2024,2024,1,Political violence,Explosions/Remote violence,Air/drone strike,Military Forces of Israel (2022-),,8,Civilians (Palestine),,7,78,Civilian targeting,275,Middle East,Palestine,Gaza Strip,Gaza City,,Gaza - Sabra,31.5086,34.4493,1,Newpress; Palestine News and Information Agency; Quds News Network; Twitter,New media-National,"On 4 August 2024, Israeli warplanes struck targets and a house in Gaza - Sabra (Gaza City, Gaza Strip) artillery fire, leaving one fatality. Also, the artillery shelled targets in the same area [casualties unknown]. Total fatalities coded at least 1.",1,,1759790002
PSE57385,8/4/2024,2024,1,Political violence,Explosions/Remote violence,Air/drone strike,Military Forces of Israel (2022-),,8,Civilians (Palestine),,7,78,Civilian targeting,275,Middle East,Palestine,Gaza Strip,Gaza City,,Gaza - Shujaiyya,31.4988,34.4699,2,Dunia Al Watan; Palestine News and Information Agency; PLO Negotiations Affairs Department,Other-National,"On 4 August 2024, Israeli artillery and tanks shelled targets east of Gaza City, coded to Gaza - Shujaiyya (Gaza City, Gaza Strip). Casualties unknown. Also, 3 Palestinians were killed in a UAV attack targeted a group of people in Al Shaaf area east of Gaza city. Total fatalities coded at least 3.",3,,1759790002
PSE57386,8/4/2024,2024,1,Political violence,Explosions/Remote violence,Air/drone strike,Military Forces of Israel (2022-),,8,Civilians (Palestine),,7,78,Civilian targeting,275,Middle East,Palestine,Gaza Strip,Gaza City,,Gaza - Shujaiyya,31.4988,34.4699,1,Palestine News and Information Agency; Quds News Network; Twitter,New media-National,"On 4 August 2024, Israeli warplanes struck a group of people in al-Bazaz street in Gaza - Shujaiyya (Gaza City, Gaza Strip), leaving 2 fatalities and a number of injuries.",2,,1759790002
PSE57407,8/4/2024,2024,1,Political violence,Explosions/Remote violence,Shelling/artillery/missile attack,Military Forces of Israel (2022-),,8,Civilians (Palestine),,7,78,Civilian targeting,275,Middle East,Palestine,Gaza Strip,Gaza City,,Gaza Port,31.5245,34.4326,2,Palestine News and Information Agency,National,"On 4 August 2024, Israeli gunboats fired shells toward houses at the beach of Gaza city, coded to Gaza Port (Gaza City, Gaza Strip). Casualties unknown.",0,,1753956638
PSE57425,8/4/2024,2024,1,Political violence,Explosions/Remote violence,Air/drone strike,Military Forces of Israel (2022-),,8,Civilians (Palestine),,7,78,Civilian targeting,275,Middle East,Palestine,Gaza Strip,North Gaza,,Jabalya Camp,31.536,34.4907,2,Newpress; Palestine News and Information Agency; Quds News Network; Twitter,New media-National,"On 4 August 2024, Israeli warplanes struck a house in Al Fakhoura area northwest of Jabalya camp (North Gaza, Gaza Strip), leaving 8 fatalities and a number of injuries.",8,,1753956638
PSE57355,8/4/2024,2024,1,Political violence,Explosions/Remote violence,Air/drone strike,Military Forces of Israel (2022-),,8,Civilians (Palestine),,7,78,Civilian targeting,275,Middle East,Palestine,Gaza Strip,Gaza City,,Gaza - Az Zaytun,31.4964,34.4522,1,Newpress; Palestine News and Information Agency; Quds News Network; Twitter,New media-National,"On 4 August 2024, Israeli warplanes and UAVs struck targets in Gaza - Az Zaytun (Gaza City, Gaza Strip). Casualties unknown. Also, warplanes struck a passing car in the Kuwait roundabout in Az Zaytun, leaving 3 fatalities. Meanwhile, 2 Palestinians were killed after targeting a gathering at Dawla junction. Total fatalities coded at least 5.",5,,1759790002
PSE57458,8/4/2024,2024,1,Political violence,Explosions/Remote violence,Air/drone strike,Military Forces of Israel (2022-),,8,Civilians (Palestine),,7,78,Civilian targeting,275,Middle East,Palestine,Gaza Strip,Rafah,,Khirbet al Adas,31.2855,34.2714,2,Arab 48; Quds News Network; Twitter,New media-National,"On 4 August 2024, Israeli warplanes struck a house in Miraj area north of Rafah, coded to Khirbet al Adas (Rafah, Gaza Strip). Casualties unknown.",0,,1753956638
PSE57177,8/5/2024,2024,1,Political violence,Explosions/Remote violence,Shelling/artillery/missile attack,Military Forces of Israel (2022-),,8,Civilians (Palestine),,7,78,Civilian targeting,275,Middle East,Palestine,Gaza Strip,Deir El Balah,,Al Burayj,31.4394,34.4031,2,Newpress; Quds News Network; Twitter,New media-National,"On 5 August 2024, Israeli artillery shelled north of Al Burayj camp (Deir El Balah, Gaza Strip). Casualties unknown. Also, 2 Palestinians were killed in artillery shelling east of the camp. Fatalities coded at least 2.",2,,1753955132
PSE57178,8/5/2024,2024,1,Political violence,Explosions/Remote violence,Air/drone strike,Military Forces of Israel (2022-),,8,Civilians (Palestine),Refugees/IDPs (Palestine),7,78,Civilian targeting,275,Middle East,Palestine,Gaza Strip,Deir El Balah,,Al Burayj,31.4394,34.4031,1,Quds News Network; Twitter,New media-National,"On 5 August 2024, Israeli warplanes struck a house in Al Burayj camp (Deir El Balah, Gaza Strip), killing a woman.",1,,1753955132
PSE57264,8/5/2024,2024,1,Political violence,Explosions/Remote violence,Air/drone strike,Military Forces of Israel (2022-),,8,Civilians (Palestine),,7,78,Civilian targeting,275,Middle East,Palestine,Gaza Strip,Deir El Balah,,Az Zawayda,31.4284,34.366,2,Palestine News and Information Agency; Quds News Network; Twitter,New media-National,"On 5 August 2024, Israeli forces (likely warplanes) struck and killed 2 Palestinians who were riding a motorcycle near Az Zawayda (Deir El Balah, Gaza Strip).",2,,1767742780
PSE57331,8/5/2024,2024,1,Political violence,Explosions/Remote violence,Air/drone strike,Military Forces of Israel (2022-),,8,Civilians (Palestine),,7,78,Civilian targeting,275,Middle East,Palestine,Gaza Strip,Deir El Balah,,Deir al Balah,31.4178,34.3503,1,Quds News Network; Twitter,New media-National,"On 5 August 2024, Israeli warplanes carried out strikes in Deir al Balah city (Deir El Balah, Gaza Strip), killing one Palestinian.",1,,1753956638
PSE57339,8/5/2024,2024,1,Political violence,Explosions/Remote violence,Air/drone strike,Military Forces of Israel (2022-),,8,Civilians (Palestine),,7,78,Civilian targeting,275,Middle East,Palestine,Gaza Strip,Deir El Balah,,Deir al Balah Camp,31.4249,34.34,2,Palestine News and Information Agency; PLO Negotiations Affairs Department; Quds News Network; Twitter,Other-New media,"On 5 August 2024, Israeli warplanes struck targets southeast of Deir al Balah and the artillery shelled targets and houses east and southeast of Deir al Balah, coded to Deir al Balah Camp (Deir El Balah, Gaza Strip). Casualties unknown.",0,,1765850627
PSE57374,8/5/2024,2024,1,Political violence,Explosions/Remote violence,Air/drone strike,Military Forces of Israel (2022-),,8,Civilians (Palestine),,7,78,Civilian targeting,275,Middle East,Palestine,Gaza Strip,Gaza City,,Gaza - Sabra,31.5086,34.4493,1,Newpress; Palestine News and Information Agency; Quds News Network; Twitter,New media-National,"On 5 August 2024, Israeli UAVs struck and killed 3 Palestinians in Gaza - Sabra (Gaza City, Gaza Strip). Also, the artillery shelled targets in Gaza - Sabra [casualties unknown]. Fatalities coded at least 3.",3,,1759790002
PSE57451,8/5/2024,2024,1,Political violence,Explosions/Remote violence,Air/drone strike,Military Forces of Israel (2022-),,8,Civilians (Palestine),,7,78,Civilian targeting,275,Middle East,Palestine,Gaza Strip,Khan Yunis,,Khan Yunis - Maen,31.336,34.3172,2,Palestine News and Information Agency; Quds News Network; Twitter,New media-National,"On 5 August 2024, Israeli warplanes struck a group of people in Al Dabtiya area southeast of Khan Yunis, coded to Khan Yunis - Maen (Khan Yunis, Gaza Strip), leaving 2 fatalities. Also, the artillery shelled targets in the same area [casualties unknown]. Fatalities coded at least 2.",2,,1753956638
PSE57560,8/5/2024,2024,1,Political violence,Explosions/Remote violence,Air/drone strike,Military Forces of Israel (2022-),,8,Civilians (Palestine),,7,78,Civilian targeting,275,Middle East,Palestine,Gaza Strip,Deir El Balah,,Wadi as Salqa,31.4005,34.3375,2,Dunia Al Watan; Palestine News and Information Agency,National,"On 5 August 2024, Israeli warplanes struck a passing car in Al Matahen area south of Deir al Balah, coded to Wadi as Salqa (Deir El Balah, Gaza Strip), killing 8 Palestinians and injuring others.",8,,1753956638
PSE57245,8/5/2024,2024,1,Political violence,Explosions/Remote violence,Shelling/artillery/missile attack,Military Forces of Israel (2022-),,8,Civilians (Palestine),Fishers (Palestine),7,78,Civilian targeting,275,Middle East,Palestine,Gaza Strip,Deir El Balah,,An Nusayrat - West,31.4525,34.3756,1,Palestine News and Information Agency,National,"On 5 August 2024, Israeli gunboats opened fire toward the beach of An Nusayrat, coded to An Nusayrat - West (Deir El Balah, Gaza Strip), killing a Palestinian fisher.",1,,1753955132
PSE57357,8/5/2024,2024,1,Political violence,Explosions/Remote violence,Shelling/artillery/missile attack,Military Forces of Israel (2022-),,8,Civilians (Palestine),,7,78,Civilian targeting,275,Middle East,Palestine,Gaza Strip,Gaza City,,Gaza - Az Zaytun,31.4964,34.4522,1,Palestine News and Information Agency; Quds News Network; Twitter,New media-National,"On 5 August 2024, Israeli artillery shelled targets in Gaza - Az Zaytun (Gaza City, Gaza Strip). 2 Palestinians were killed near Kuwait roundabout in Az Zaytun.",2,,1759790002
PSE57402,8/5/2024,2024,1,Political violence,Explosions/Remote violence,Shelling/artillery/missile attack,Military Forces of Israel (2022-),,8,Civilians (Palestine),,7,78,Civilian targeting,275,Middle East,Palestine,Gaza Strip,Gaza City,,Gaza - Tal el Hawa,31.5041,34.435,1,Palestine News and Information Agency,National,"On 5 August 2024, Israeli artillery shelled targets in Gaza - Tal el Hawa (Gaza City, Gaza Strip). 4 Palestinians were killed at Al Abraj street in the same area.",4,,1759790002
PSE57450,8/5/2024,2024,1,Political violence,Explosions/Remote violence,Air/drone strike,Military Forces of Israel (2022-),,8,Civilians (Palestine),,7,78,Civilian targeting,275,Middle East,Palestine,Gaza Strip,Khan Yunis,,Khan Yunis - Jourat Al-Loot,31.3314,34.3004,1,Newpress; Quds News Network; Twitter,New media-National,"On 5 August 2024, Israeli warplanes struck a house in Khan Yunis - Jourat Al-Loot (Khan Yunis, Gaza Strip), leaving 2 fatalities.",2,,1753956638
PSE57166,8/6/2024,2024,1,Political violence,Explosions/Remote violence,Air/drone strike,Military Forces of Israel (2022-),,8,Civilians (Palestine),,7,78,Civilian targeting,275,Middle East,Palestine,Gaza Strip,Khan Yunis,,Abasan al Kabirah,31.3191,34.3401,1,Quds News Network,National,"On 6 August 2024, Israeli warplanes struck a house in Al Sedrah area of Abasan al Kabirah (Khan Yunis, Gaza Strip). Casualties unknown.",0,,1753955132
PSE57179,8/6/2024,2024,1,Political violence,Explosions/Remote violence,Air/drone strike,Military Forces of Israel (2022-),,8,Civilians (Palestine),,7,78,Civilian targeting,275,Middle East,Palestine,Gaza Strip,Deir El Balah,,Al Burayj,31.4394,34.4031,2,Ma'an News Agency; Quds News Network,National,"On 6 August 2024, Israeli forces killed 5 Palestinians [likely by airstrikes] east of Al Burayj Camp (Deir El Balah, Gaza Strip).",5,,1753955132
PSE57193,8/6/2024,2024,1,Political violence,Explosions/Remote violence,Air/drone strike,Military Forces of Israel (2022-),,8,Civilians (Palestine),Refugees/IDPs (Palestine),7,78,Civilian targeting,275,Middle East,Palestine,Gaza Strip,Khan Yunis,,Al Mawasi (Khan Yunis),31.3482,34.2547,1,Arab 48; Newpress; Quds News Network; Twitter,New media-National,"On 6 August 2024, Israeli warplanes struck a tent belonging to displaced people in Al Attar area of (Al Mawasi (Khan Yunis), Gaza Strip), killing a woman and leaving a number of injuries.",1,,1762829569
PSE57278,8/6/2024,2024,1,Political violence,Explosions/Remote violence,Air/drone strike,Military Forces of Israel (2022-),,8,Civilians (Palestine),Journalists (Palestine),7,78,Civilian targeting,275,Middle East,Palestine,Gaza Strip,Khan Yunis,,Bani Suheila,31.3424,34.325,1,Arab 48; Ma'an News Agency; Quds News Network; Twitter,New media-National,"On 6 August 2024, Israeli warplanes struck a house in Al Zanneh area of Bani Suheila (Khan Yunis, Gaza Strip), leaving at least 3 fatalities (including a journalist) and a number of injuries.",3,,1753956638
PSE57317,8/6/2024,2024,1,Political violence,Explosions/Remote violence,Shelling/artillery/missile attack,Military Forces of Israel (2022-),,8,Civilians (Palestine),,7,78,Civilian targeting,275,Middle East,Palestine,Gaza Strip,North Gaza,,Beit Lahiya - Atatra,31.5594,34.4875,1,Arab 48,National,"On 6 August 2024, Israeli artillery shelled targets in Beit Lahiya - Atatra (North Gaza, Gaza Strip), killing a Palestinian.",1,,1753956638
PSE57332,8/6/2024,2024,1,Political violence,Explosions/Remote violence,Air/drone strike,Military Forces of Israel (2022-),,8,Civilians (Palestine),,7,78,Civilian targeting,275,Middle East,Palestine,Gaza Strip,Deir El Balah,,Deir al Balah,31.4178,34.3503,1,Arab 48; Ma'an News Agency; Quds News Network; Twitter,New media-National,"On 6 August 2024, Israeli warplanes struck several sites (including a house) in Deir al Balah (Deir El Balah, Gaza Strip), leaving at least 3 fatalities and a number of injuries.",3,,1753956638
PSE57375,8/6/2024,2024,1,Political violence,Explosions/Remote violence,Air/drone strike,Military Forces of Israel (2022-),,8,Civilians (Palestine),,7,78,Civilian targeting,275,Middle East,Palestine,Gaza Strip,Gaza City,,Gaza - Sabra,31.5086,34.4493,1,Arab 48; Ma'an News Agency; Palestine News and Information Agency; Quds News Network; Twitter,New media-National,"On 6 August 2024, Israeli warplanes struck a house at Al Mughrabi junction of Thalthini street in Gaza - Sabra (Gaza City, Gaza Strip), leaving 2 fatalities and injuring 18 more, including children. Also, the artillery shelled targets in the same area [casualties unknown]. Total fatalities coded at least 2.",2,,1759790002
PSE57536,8/6/2024,2024,1,Political violence,Explosions/Remote violence,Air/drone strike,Military Forces of Israel (2022-),,8,Civilians (Palestine),,7,78,Civilian targeting,275,Middle East,Palestine,Gaza Strip,Rafah,,Tal as Sultan,31.3098,34.2414,1,Arab 48; Ma'an News Agency; Palestine News and Information Agency; Quds News Network; Twitter,New media-National,"On 6 August 2024, an Israeli UAV struck a group of people near Khaled mosque in Tal as Sultan (Rafah, Gaza Strip), killing one Palestinian and injuring another one.",1,,1762829569
PSE57359,8/6/2024,2024,1,Political violence,Explosions/Remote violence,Shelling/artillery/missile attack,Military Forces of Israel (2022-),,8,Civilians (Palestine),,7,78,Civilian targeting,275,Middle East,Palestine,Gaza Strip,Gaza City,,Gaza - Az Zaytun,31.4964,34.4522,1,Quds News Network; Twitter,New media-National,"On 6 August 2024, Israeli artillery shelled the eastern areas of Gaza - Az Zaytun (Gaza City, Gaza Strip), leaving 2 fatalities and injuring 2 more.",2,,1759790002
PSE57360,8/6/2024,2024,1,Political violence,Explosions/Remote violence,Air/drone strike,Military Forces of Israel (2022-),,8,Civilians (Palestine),,7,78,Civilian targeting,275,Middle East,Palestine,Gaza Strip,Gaza City,,Gaza - Az Zaytun,31.4964,34.4522,2,Arab 48; Quds News Network; Twitter,New media-National,"On 6 August 2024, an Israeli UAV opened fire toward Palestinian houses south of Gaza - Az Zaytun (Gaza City, Gaza Strip). Casualties unknown.",0,,1759790002
PSE57443,8/6/2024,2024,1,Political violence,Explosions/Remote violence,Air/drone strike,Military Forces of Israel (2022-),,8,Police Forces of Palestine (2007-) Gaza Strip,Hamas Movement,1,18,,275,Middle East,Palestine,Gaza Strip,Khan Yunis,,Khan Yunis,31.3502,34.3081,1,Ma'an News Agency,National,"On 6 August 2024, Israeli forces [likely UAVs] opened fire and killed 5 members of the Hamas Ministry of Interior who were securing aid trucks in Khan Yunis City (Khan Yunis, Gaza Strip). This event involved violence over aid.",5,,1753956638
PSE57167,8/7/2024,2024,1,Political violence,Explosions/Remote violence,Air/drone strike,Military Forces of Israel (2022-),,8,Civilians (Palestine),Refugees/IDPs (Palestine),7,78,Civilian targeting,275,Middle East,Palestine,Gaza Strip,Khan Yunis,,Abasan al Kabirah,31.3191,34.3401,1,Ma'an News Agency; Newpress; Palestine News and Information Agency; Quds News Network; Twitter,New media-National,"On 7 August 2024, Israeli warplanes struck a tent belonging to displaced people in Abasan al Kabirah (Khan Yunis, Gaza Strip), leaving 7 fatalities.",7,,1753955132
PSE57180,8/7/2024,2024,1,Political violence,Explosions/Remote violence,Shelling/artillery/missile attack,Military Forces of Israel (2022-),,8,Civilians (Palestine),,7,78,Civilian targeting,275,Middle East,Palestine,Gaza Strip,Deir El Balah,,Al Burayj,31.4394,34.4031,2,Arab 48; Ma'an News Agency; Palestine News and Information Agency; Quds News Network; Twitter,New media-National,"On 7 August 2024, Israeli artillery and tanks opened fire toward Palestinian houses east of Al Burayj camp (Deir El Balah, Gaza Strip), leaving injuries and 2 fatalities.",2,,1753955132
PSE57205,8/7/2024,2024,1,Political violence,Explosions/Remote violence,Air/drone strike,Military Forces of Israel (2022-),,8,Civilians (Palestine),,7,78,Civilian targeting,275,Middle East,Palestine,Gaza Strip,Khan Yunis,,Al Qararah,31.3739,34.3409,1,Arab 48; Newpress; Palestine News and Information Agency; Quds News Network; Twitter,New media-National,"On 7 August 2024, Israeli warplanes struck a house in Al Qararah (Khan Yunis, Gaza Strip), leaving one fatality.",1,,1753955132
PSE57234,8/7/2024,2024,1,Political violence,Explosions/Remote violence,Air/drone strike,Military Forces of Israel (2022-),,8,Civilians (Palestine),,7,78,Civilian targeting,275,Middle East,Palestine,Gaza Strip,Deir El Balah,,An Nusayrat,31.4486,34.3925,1,Palestine News and Information Agency,National,"On 7 August 2024, Israeli warplanes struck a house at the entrance of An Nusayrat camp (Deir El Balah, Gaza Strip). Casualties unknown.",0,,1753955132
PSE57240,8/7/2024,2024,1,Political violence,Explosions/Remote violence,Air/drone strike,Military Forces of Israel (2022-),,8,Civilians (Palestine),,7,78,Civilian targeting,275,Middle East,Palestine,Gaza Strip,Deir El Balah,,An Nusayrat - North,31.4591,34.3923,2,Arab 48; Ma'an News Agency; Newpress; Palestine News and Information Agency; Quds News Network; Twitter,New media-National,"On 7 August 2024, Israeli UAVs and artillery opened fire northwest of An Nusayrat, coded to An Nusayrat - North (Deir El Balah, Gaza Strip). Casualties unknown. Also, gunboats shelled the area of Wadi Gaza northwest of An Nusayrat, leaving injuries.",0,,1753955132
PSE57279,8/7/2024,2024,1,Political violence,Explosions/Remote violence,Air/drone strike,Military Forces of Israel (2022-),,8,Civilians (Palestine),,7,78,Civilian targeting,275,Middle East,Palestine,Gaza Strip,Khan Yunis,,Bani Suheila,31.3424,34.325,2,Arab 48; Newpress; Palestine News and Information Agency; PLO Negotiations Affairs Department; Quds News Network; Twitter,Other-New media,"On 7 August 2024, Israeli warplanes struck targets and the artillery shelled targets east of Khan Yunis, coded to Bani Suheila (Khan Yunis, Gaza Strip). Casualties unknown. Also, 3 Palestinians were killed in an airstrike targeted house east of Khan Yunis. Total fatalities coded at least 3.",3,,1753956638
PSE57280,8/7/2024,2024,1,Political violence,Explosions/Remote violence,Air/drone strike,Military Forces of Israel (2022-),,8,Civilians (Palestine),Refugees/IDPs (Palestine),7,78,Civilian targeting,275,Middle East,Palestine,Gaza Strip,Khan Yunis,,Bani Suheila,31.3424,34.325,1,Arab 48; Newpress; Palestine News and Information Agency; Quds News Network; Twitter,New media-National,"On 7 August 2024, Israeli warplanes struck a tent belonging to displaced people in Bani Suheila (Khan Yunis, Gaza Strip), leaving 3 fatalities. Also, warplanes struck a target in Al Zanneh area of Bani Suheila [casualties unknown]. Total fatalities coded at least 3.",3,,1753956638
PSE57350,8/7/2024,2024,1,Political violence,Explosions/Remote violence,Air/drone strike,Military Forces of Israel (2022-),,8,Civilians (Palestine),,7,78,Civilian targeting,275,Middle East,Palestine,Gaza Strip,Gaza City,,Gaza - Ad Darraj,31.5172,34.4642,1,Arab 48; Quds News Network; Twitter,New media-National,"On 7 August 2024, Israeli warplanes struck a house in Gaza - Ad Darraj (Gaza City, Gaza Strip), leaving injuries and one fatality.",1,,1759790002
PSE57352,8/7/2024,2024,1,Political violence,Explosions/Remote violence,Air/drone strike,Military Forces of Israel (2022-),,8,Civilians (Palestine),,7,78,Civilian targeting,275,Middle East,Palestine,Gaza Strip,Gaza City,,Gaza - At Tuffah,31.5134,34.4751,1,Arab 48; Ma'an News Agency; Palestine News and Information Agency; Quds News Network; Twitter,New media-National,"On 7 August 2024, Israeli warplanes struck a house near Yafa school in Gaza - At Tuffah (Gaza City, Gaza Strip), leaving 3 fatalities, a man and his wife and their son.",3,,1759790002
PSE57391,8/7/2024,2024,1,Political violence,Explosions/Remote violence,Air/drone strike,Military Forces of Israel (2022-),,8,Civilians (Palestine),,7,78,Civilian targeting,275,Middle East,Palestine,Gaza Strip,Gaza City,,Gaza - Shujaiyya,31.4988,34.4699,1,Ma'an News Agency,National,"On 7 August 2024, Israeli warplanes struck a target at Mushtaha street in Gaza - Shujaiyya (Gaza City, Gaza Strip), leaving one fatality.",1,,1759790002
PSE57447,8/7/2024,2024,1,Political violence,Explosions/Remote violence,Air/drone strike,Military Forces of Israel (2022-),,8,Civilians (Palestine),,7,78,Civilian targeting,275,Middle East,Palestine,Gaza Strip,Khan Yunis,,Khan Yunis - As Sater,31.3637,34.3228,1,Quds News Network; Twitter,New media-National,"On 7 August 2024, Israeli warplanes struck a house in Khan Yunis - As Sater (Khan Yunis, Gaza Strip), injuring 4 Palestinians.",0,,1753956638
PSE57452,8/7/2024,2024,1,Political violence,Explosions/Remote violence,Air/drone strike,Military Forces of Israel (2022-),,8,Civilians (Palestine),Refugees/IDPs (Palestine),7,78,Civilian targeting,275,Middle East,Palestine,Gaza Strip,Khan Yunis,,Khan Yunis - West (Municipal Stadium),31.3484,34.2961,2,Arab 48; Ma'an News Agency; Quds News Network; Twitter,New media-National,"On 7 August 2024, Israeli warplanes struck passing motorcycle near Al Shafei mosque in Khan Yunis Camp west of Khan Yunis, coded to (Khan Yunis - West (Municipal Stadium), Gaza Strip), leaving 4 fatalities.",4,,1753956638
PSE57462,8/7/2024,2024,1,Political violence,Explosions/Remote violence,Air/drone strike,Military Forces of Israel (2022-),,8,Civilians (Palestine),,7,78,Civilian targeting,275,Middle East,Palestine,Gaza Strip,Khan Yunis,,Khuzaa,31.3069,34.3572,1,Arab 48; Ma'an News Agency; Quds News Network; Twitter,New media-National,"On 7 August 2024, Israeli warplanes struck targets in Khuzaa (Khan Yunis, Gaza Strip), leaving 2 fatalities including a woman.",2,,1753956638
PSE57561,8/7/2024,2024,1,Political violence,Explosions/Remote violence,Air/drone strike,Military Forces of Israel (2022-),,8,Civilians (Palestine),,7,78,Civilian targeting,275,Middle East,Palestine,Gaza Strip,Deir El Balah,,Wadi as Salqa,31.4005,34.3375,2,Quds News Network; Twitter,New media-National,"On 7 August 2024, Israeli warplanes struck a gathering near Al Matahen area south of Khan Yunis, coded to Wadi as Salqa (Deir El Balah, Gaza Strip), leaving injuries.",0,,1753956638
PSE57333,8/7/2024,2024,1,Political violence,Explosions/Remote violence,Air/drone strike,Military Forces of Israel (2022-),,8,Civilians (Palestine),Aid Workers (Palestine),7,78,Civilian targeting,275,Middle East,Palestine,Gaza Strip,Deir El Balah,,Deir al Balah,31.4178,34.3503,1,Dunia Al Watan; Palestine News and Information Agency,National,"On 7 August 2024, Israeli warplanes struck targets in Deir al Balah city (Deir El Balah, Gaza Strip), killing a Palestinian who is an aid worker with the WCK. This event involved violence over aid.",1,,1753956638
PSE57168,8/8/2024,2024,1,Political violence,Explosions/Remote violence,Air/drone strike,Military Forces of Israel (2022-),,8,Civilians (Palestine),,7,78,Civilian targeting,275,Middle East,Palestine,Gaza Strip,Khan Yunis,,Abasan al Kabirah,31.3191,34.3401,1,Arab 48; Palestine News and Information Agency; Quds News Network; Twitter,New media-National,"On 8 August 2024, Israeli warplanes struck a house in Abasan al Kabirah (Khan Yunis, Gaza Strip), leaving one fatality and a number of injuries.",1,,1753955132
PSE57181,8/8/2024,2024,1,Political violence,Explosions/Remote violence,Air/drone strike,Military Forces of Israel (2022-),,8,Civilians (Palestine),Refugees/IDPs (Palestine),7,78,Civilian targeting,275,Middle East,Palestine,Gaza Strip,Deir El Balah,,Al Burayj,31.4394,34.4031,1,Al-Ittihad; Dunia Al Watan; Ma'an News Agency; Newpress; Palestine News and Information Agency; Quds News Network; Twitter,New media-National,"On 8 August 2024, Israeli warplanes struck a house in Al Burayj Camp (Deir El Balah, Gaza Strip), leaving 15 fatalities and injuring others.",15,,1753955132
PSE57206,8/8/2024,2024,1,Political violence,Explosions/Remote violence,Air/drone strike,Military Forces of Israel (2022-),,8,Civilians (Palestine),,7,78,Civilian targeting,275,Middle East,Palestine,Gaza Strip,Khan Yunis,,Al Qararah,31.3739,34.3409,2,Arab 48; Palestine News and Information Agency; Quds News Network; Twitter,New media-National,"On 8 August 2024, Israeli warplanes struck a house east of Al Qararah (Khan Yunis, Gaza Strip), leaving 6 fatalities.",6,,1753955132
PSE57242,8/8/2024,2024,1,Political violence,Explosions/Remote violence,Air/drone strike,Military Forces of Israel (2022-),,8,Civilians (Palestine),,7,78,Civilian targeting,275,Middle East,Palestine,Gaza Strip,Deir El Balah,,An Nusayrat - North,31.4591,34.3923,1,Palestine News and Information Agency; Quds News Network; Twitter,New media-National,"On 8 August 2024, Israeli warplanes struck a target near the power station in An Nusayrat - North (Deir El Balah, Gaza Strip), leaving 4 fatalities. Also, the artillery shelled targets in An Nusayrat - North [casualties unknown]. Fatalities coded at least 4.",4,,1753955132
PSE57282,8/8/2024,2024,1,Political violence,Explosions/Remote violence,Air/drone strike,Military Forces of Israel (2022-),,8,Civilians (Palestine),,7,78,Civilian targeting,275,Middle East,Palestine,Gaza Strip,Khan Yunis,,Bani Suheila,31.3424,34.325,1,Palestine News and Information Agency; Quds News Network; Twitter,New media-National,"On 8 August 2024, Israeli warplanes struck a target in Bani Suheila (Khan Yunis, Gaza Strip), killing a woman.",1,,1753956638
PSE57335,8/8/2024,2024,1,Political violence,Explosions/Remote violence,Air/drone strike,Military Forces of Israel (2022-),,8,Civilians (Palestine),,7,78,Civilian targeting,275,Middle East,Palestine,Gaza Strip,Deir El Balah,,Deir al Balah,31.4178,34.3503,1,Palestine News and Information Agency,National,"On 8 August 2024, Israeli warplanes struck a tower in Deir al Balah city (Deir El Balah, Gaza Strip). Casualties unknown.",0,,1753956638
PSE57349,8/8/2024,2024,1,Political violence,Explosions/Remote violence,Air/drone strike,Military Forces of Israel (2022-),,8,Civilians (Palestine),,7,78,Civilian targeting,275,Middle East,Palestine,Gaza Strip,Gaza City,,Gaza,31.5045,34.4743,1,Arab 48; Palestine News and Information Agency; Quds News Network; Twitter,New media-National,"On 8 August 2024, Israeli warplanes struck a house at al-Sahaba Street in Gaza City (Gaza City, Gaza Strip), leaving 5 fatalities and a number of injuries.",5,,1759790002
PSE57377,8/8/2024,2024,1,Political violence,Explosions/Remote violence,Air/drone strike,Military Forces of Israel (2022-),,8,Civilians (Palestine),,7,78,Civilian targeting,275,Middle East,Palestine,Gaza Strip,Gaza City,,Gaza - Sabra,31.5086,34.4493,2,Palestine News and Information Agency,National,"On 8 August 2024, Israeli warplanes struck houses south of Gaza - Sabra (Gaza City, Gaza Strip). Casualties unknown.",0,,1759790002
PSE57383,8/8/2024,2024,1,Political violence,Explosions/Remote violence,Air/drone strike,Military Forces of Israel (2022-),,8,Civilians (Palestine),,7,78,Civilian targeting,275,Middle East,Palestine,Gaza Strip,Gaza City,,Gaza - Sheikh Radwan,31.5349,34.4667,1,Arab 48; Quds News Network; Twitter,New media-National,"On 8 August 2024, Israeli warplanes struck a house in Gaza - Sheikh Radwan (Gaza City, Gaza Strip). Casualties unknown.",0,,1759790002
PSE57426,8/8/2024,2024,1,Political violence,Explosions/Remote violence,Air/drone strike,Military Forces of Israel (2022-),,8,Civilians (Palestine),Refugees/IDPs (Palestine),7,78,Civilian targeting,275,Middle East,Palestine,Gaza Strip,North Gaza,,Jabalya Camp,31.536,34.4907,1,Arab 48; Palestine News and Information Agency; Quds News Network; Twitter,New media-National,"On 8 August 2024, Israeli warplanes struck a house in block 4 of Jabalya Camp (North Gaza, Gaza Strip), leaving one fatality.",1,,1753956638
PSE57448,8/8/2024,2024,1,Political violence,Explosions/Remote violence,Air/drone strike,Military Forces of Israel (2022-),,8,Civilians (Palestine),,7,78,Civilian targeting,275,Middle East,Palestine,Gaza Strip,Khan Yunis,,Khan Yunis - Ash Sheikh Naser,31.3398,34.3116,1,Quds News Network; Twitter,New media-National,"On 8 August 2024, Israeli warplanes struck a house in Khan Yunis - Ash Sheikh Naser (Khan Yunis, Gaza Strip). Casualties unknown.",0,,1753956638
PSE57362,8/8/2024,2024,1,Political violence,Explosions/Remote violence,Air/drone strike,Military Forces of Israel (2022-),,8,Civilians (Palestine),,7,78,Civilian targeting,275,Middle East,Palestine,Gaza Strip,Gaza City,,Gaza - Az Zaytun,31.4964,34.4522,1,Palestine News and Information Agency; Quds News Network; Twitter,New media-National,"On 8 August 2024, Israeli warplanes struck a gathering in Gaza - Az Zaytun (Gaza City, Gaza Strip), leaving 3 fatalities. Also, the artillery shelled Az Zaytun [casualties unknown]. Fatalities coded at least 3.",3,,1759790002
PSE57518,8/8/2024,2024,1,Political violence,Explosions/Remote violence,Air/drone strike,Military Forces of Israel (2022-),,8,Civilians (Palestine),,7,78,Civilian targeting,275,Middle East,Palestine,Gaza Strip,North Gaza,,Sheikh Zaid,31.5392,34.5117,1,Quds News Network; Twitter,New media-National,"On 8 August 2024, Israeli warplanes struck a target near the junction of Sheikh Zaid (North Gaza, Gaza Strip), leaving injuries.",0,,1759790002
PSE57500,8/8/2024,2024,1,Political violence,Explosions/Remote violence,Air/drone strike,Military Forces of Israel (2022-),,8,Civilians (Palestine),,7,78,Civilian targeting,275,Middle East,Palestine,Gaza Strip,Rafah,,Rafah,31.287,34.2595,1,Quds News Network; Twitter,New media-National,"On 8 August 2024, Israeli warplanes struck a target in Rafah city (Rafah, Gaza Strip), leaving 2 fatalities.",2,,1762829569
PSE57162,8/9/2024,2024,1,Political violence,Explosions/Remote violence,Shelling/artillery/missile attack,Military Forces of Israel (2022-),,8,Civilians (Palestine),,7,78,Civilian targeting,275,Middle East,Palestine,Gaza Strip,Khan Yunis,,Abasan al Jadidah,31.3416,34.3459,1,Newpress; Palestine News and Information Agency; Twitter,New media-National,"On 9 August 2024, Israeli artillery shelled targets in Al Shahaydeh area of Abasan al Jadidah (Khan Yunis, Gaza Strip), leaving a number of injuries.",0,,1753955132
PSE57184,8/9/2024,2024,1,Political violence,Explosions/Remote violence,Air/drone strike,Military Forces of Israel (2022-),,8,Civilians (Palestine),,7,78,Civilian targeting,275,Middle East,Palestine,Gaza Strip,Khan Yunis,,Al Fukhari,31.2952,34.3332,1,Palestine News and Information Agency,National,"On 9 August 2024, Israeli warplanes struck a target in Al Oumor area of Al Fukhari (Khan Yunis, Gaza Strip), leaving 2 fatalities and a number of injuries.",2,,1753955132
PSE57192,8/9/2024,2024,1,Political violence,Explosions/Remote violence,Air/drone strike,Military Forces of Israel (2022-),,8,Civilians (Palestine),Refugees/IDPs (Palestine),7,78,Civilian targeting,275,Middle East,Palestine,Gaza Strip,Deir El Balah,,Al Maghazi,31.4214,34.3865,1,Ma'an News Agency; Palestine News and Information Agency; Quds News Network; Twitter,New media-National,"On 9 August 2024, Israeli warplanes struck houses in Al Maghazi Camp (Deir El Balah, Gaza Strip), leaving 2 fatalities.",2,,1753955132
PSE57194,8/9/2024,2024,1,Political violence,Explosions/Remote violence,Air/drone strike,Military Forces of Israel (2022-),,8,Civilians (Palestine),,7,78,Civilian targeting,275,Middle East,Palestine,Gaza Strip,Khan Yunis,,Al Mawasi (Khan Yunis),31.3482,34.2547,1,Palestine News and Information Agency; Quds News Network; Twitter,New media-National,"On 9 August 2024, Israeli warplanes struck a target in (Al Mawasi (Khan Yunis), Gaza Strip), leaving 5 fatalities including children, and injuring others.",5,,1762829569
PSE57208,8/9/2024,2024,1,Political violence,Violence against civilians,Attack,Military Forces of Israel (2022-),,8,Civilians (Palestine),,7,78,Civilian targeting,275,Middle East,Palestine,Gaza Strip,Khan Yunis,,Al Qararah,31.3739,34.3409,1,Arab 48; Palestine News and Information Agency,National,"On 9 August 2024, Israeli snipers shot dead a Palestinian near Aylaboun school in Al Qararah (Khan Yunis, Gaza Strip).",1,,1753955132
PSE57247,8/9/2024,2024,1,Political violence,Explosions/Remote violence,Air/drone strike,Military Forces of Israel (2022-),,8,Civilians (Palestine),,7,78,Civilian targeting,275,Middle East,Palestine,Gaza Strip,Deir El Balah,,An Nusayrat - West,31.4525,34.3756,1,Ma'an News Agency; Newpress; Palestine News and Information Agency; Quds News Network; Twitter,New media-National,"On 9 August 2024, Israeli warplanes struck a house in An Nusayrat - West (Deir El Balah, Gaza Strip), leaving 4 fatalities and a number of injuries.",4,,1753955132
PSE57343,8/9/2024,2024,1,Political violence,Explosions/Remote violence,Shelling/artillery/missile attack,Military Forces of Israel (2022-),,8,Civilians (Palestine),,7,78,Civilian targeting,275,Middle East,Palestine,Gaza Strip,Deir El Balah,,Deir al Balah Camp,31.4249,34.34,2,Arab 48; PLO Negotiations Affairs Department,Other-National,"On 9 August 2024, Israeli artillery and tanks shelled targets east of Deir al Balah, coded to Deir al Balah Camp (Deir El Balah, Gaza Strip), leaving one fatality.",1,,1765850627
PSE57427,8/9/2024,2024,1,Political violence,Explosions/Remote violence,Air/drone strike,Military Forces of Israel (2022-),,8,Civilians (Palestine),Refugees/IDPs (Palestine),7,78,Civilian targeting,275,Middle East,Palestine,Gaza Strip,North Gaza,,Jabalya Camp,31.536,34.4907,1,Ma'an News Agency; Palestine News and Information Agency; Quds News Network; Twitter,New media-National,"On 9 August 2024, Israeli warplanes struck a house in Jabalya camp (North Gaza, Gaza Strip), leaving 3 fatalities.",3,,1753956638
PSE57428,8/9/2024,2024,1,Political violence,Explosions/Remote violence,Air/drone strike,Military Forces of Israel (2022-),,8,Civilians (Palestine),,7,78,Civilian targeting,275,Middle East,Palestine,Gaza Strip,North Gaza,,Jabalya Camp,31.536,34.4907,2,Palestine News and Information Agency; Quds News Network; Twitter,New media-National,"On 9 August 2024, Israeli warplanes struck a house east of Jabalya camp (North Gaza, Gaza Strip), injuring 18 persons.",0,,1753956638
PSE57445,8/9/2024,2024,1,Political violence,Explosions/Remote violence,Air/drone strike,Military Forces of Israel (2022-),,8,Civilians (Palestine),Journalists (Palestine),7,78,Civilian targeting,275,Middle East,Palestine,Gaza Strip,Khan Yunis,,Khan Yunis,31.3502,34.3081,1,Newpress; Palestine News and Information Agency; Quds News Network; Twitter,New media-National,"On 9 August 2024, Israeli warplanes struck a target in Khan Yunis (Gaza Strip), killing a Palestinian journalist.",1,,1753956638
PSE57449,8/9/2024,2024,1,Political violence,Explosions/Remote violence,Air/drone strike,Military Forces of Israel (2022-),,8,Civilians (Palestine),Journalists (Palestine),7,78,Civilian targeting,275,Middle East,Palestine,Gaza Strip,Khan Yunis,,Khan Yunis - City Centre,31.3419,34.3015,1,Newpress; Palestine News and Information Agency; Quds News Network; Twitter,New media-National,"On 9 August 2024, Israeli warplanes struck a house in Khan Yunis - City Centre (Khan Yunis, Gaza Strip), leaving 7 fatalities including a journalist and injuring other people.",7,,1755550811
PSE57169,8/9/2024,2024,1,Political violence,Explosions/Remote violence,Air/drone strike,Military Forces of Israel (2022-),,8,Civilians (Palestine),Refugees/IDPs (Palestine),7,78,Civilian targeting,275,Middle East,Palestine,Gaza Strip,Khan Yunis,,Abasan al Kabirah,31.3191,34.3401,1,Newpress; Palestine News and Information Agency; Quds News Network; Twitter,New media-National,"On 9 August 2024, Israeli warplanes struck a tent belonging to displaced people in al-Shawafin area in Abasan al Kabirah (Khan Yunis, Gaza Strip), leaving 2 fatalities.",2,,1753955132
PSE60058,8/9/2024,2024,1,Political violence,Violence against civilians,Attack,Military Forces of Israel (2022-),,8,Civilians (Palestine),,7,78,Civilian targeting,275,Middle East,Palestine,Gaza Strip,Khan Yunis,,Abasan al Kabirah,31.3191,34.3401,1,Newpress; Palestine News and Information Agency; Quds News Network; Twitter,New media-National,"On 9 August 2024, an Israeli sniper shot and killed a Palestinian in Abasan al Kabirah (Khan Yunis, Gaza Strip).",1,,1753956638
PSE57461,8/9/2024,2024,1,Political violence,Explosions/Remote violence,Shelling/artillery/missile attack,Military Forces of Israel (2022-),,8,Civilians (Palestine),,7,78,Civilian targeting,275,Middle East,Palestine,Gaza Strip,Rafah,,Khirbet al Adas,31.2855,34.2714,2,Newpress; Quds News Network; Twitter,New media-National,"On 9 August 2024, Israeli artillery shelled targets and opened fire in Al Baraksat area north of Rafah, coded to Khirbet al Adas (Rafah, Gaza Strip), leaving 2 fatalities.",2,,1753956638
PSE57599,8/10/2024,2024,1,Political violence,Explosions/Remote violence,Air/drone strike,Military Forces of Israel (2022-),,8,Civilians (Palestine),Refugees/IDPs (Palestine),7,78,Civilian targeting,275,Middle East,Palestine,Gaza Strip,Deir El Balah,,Al Burayj,31.4394,34.4031,1,Quds News Network,National,"On 10 August 2024, Israeli warplanes struck a house in Al Burayj camp (Deir El Balah, Gaza Strip). Casualties unknown.",0,,1753956638
PSE57616,8/10/2024,2024,1,Political violence,Explosions/Remote violence,Air/drone strike,Military Forces of Israel (2022-),,8,Civilians (Palestine),,7,78,Civilian targeting,275,Middle East,Palestine,Gaza Strip,Rafah,,Al Mawasi (Rafah),31.3294,34.2299,2,Newpress; Palestine News and Information Agency; Quds News Network; Twitter,New media-National,"On 10 August 2024, Israeli warplanes struck a house near al-Fardaws school west of Rafah, near Al Mawasi (coded to Al Mawasi (Rafah), Gaza Strip), leaving 3 fatalities and a number of injuries.",3,,1762829569
PSE57639,8/10/2024,2024,1,Political violence,Explosions/Remote violence,Air/drone strike,Military Forces of Israel (2022-),,8,Civilians (Palestine),Refugees/IDPs (Palestine),7,78,Civilian targeting,275,Middle East,Palestine,Gaza Strip,Deir El Balah,,An Nusayrat,31.4486,34.3925,1,Newpress; Palestine News and Information Agency; Quds News Network; Twitter,New media-National,"On 10 August 2024, an Israeli UAV struck a group of Palestinians near the Sunna mosque in An Nusayrat Camp (Deir El Balah, Gaza Strip), leaving 3 fatalities and a number of injuries. Also, airstrikes targeted a house [casualties unknown]. Total fatalities coded at least 3.",3,,1753956638
PSE57640,8/10/2024,2024,1,Political violence,Explosions/Remote violence,Air/drone strike,Military Forces of Israel (2022-),,8,Civilians (Palestine),,7,78,Civilian targeting,275,Middle East,Palestine,Gaza Strip,Deir El Balah,,An Nusayrat,31.4486,34.3925,2,Quds News Network,National,"On 10 August 2024, an Israeli UAV struck a gathering in Al Masri land east of An Nusayrat camp (Deir El Balah, Gaza Strip), injuring a Palestinian.",0,,1753956638
PSE57647,8/10/2024,2024,1,Political violence,Explosions/Remote violence,Air/drone strike,Military Forces of Israel (2022-),,8,Civilians (Palestine),,7,78,Civilian targeting,275,Middle East,Palestine,Gaza Strip,Deir El Balah,,An Nusayrat - North,31.4591,34.3923,1,Arab 48; Quds News Network,National,"On 10 August 2024, Israeli warplanes struck the al-Sharif tower in An Nusayrat - North (Deir El Balah, Gaza Strip). Casualties unknown.",0,,1753956638
PSE57653,8/10/2024,2024,1,Political violence,Explosions/Remote violence,Air/drone strike,Military Forces of Israel (2022-),,8,Civilians (Palestine),,7,78,Civilian targeting,275,Middle East,Palestine,Gaza Strip,Deir El Balah,,An Nusayrat - South,31.4389,34.3815,1,Palestine News and Information Agency; Quds News Network,National,"On 10 August 2024, Israeli warplanes struck a house in An Nusayrat - South (Deir El Balah, Gaza Strip), leaving 4 injuries.",0,,1753956638
PSE57654,8/10/2024,2024,1,Political violence,Explosions/Remote violence,Air/drone strike,Military Forces of Israel (2022-),,8,Civilians (Palestine),,7,78,Civilian targeting,275,Middle East,Palestine,Gaza Strip,Deir El Balah,,An Nusayrat - West,31.4525,34.3756,1,Al Ghad (Jordan); Newpress; Palestine News and Information Agency; Quds News Network; Twitter,New media-National,"On 10 August 2024, Israeli warplanes struck a house in An Nusayrat - West (Deir El Balah, Gaza Strip), leaving 4 fatalities and a number of injuries. Also, the artillery shelled a target west of An Nusayrat, killing one person. Total fatalities coded 5.",5,,1753956638
PSE57680,8/10/2024,2024,1,Political violence,Explosions/Remote violence,Air/drone strike,Military Forces of Israel (2022-),,8,Civilians (Palestine),,7,78,Civilian targeting,275,Middle East,Palestine,Gaza Strip,Deir El Balah,,Deir al Balah Camp,31.4249,34.34,2,Palestine News and Information Agency; PLO Negotiations Affairs Department,Other-National,"On 10 August 2024, Israeli warplanes struck a tent in site 14 east of Deir al Balah, coded to Deir al Balah Camp (Deir El Balah, Gaza Strip) leaving 4 fatalities. Also, the artillery shelled targets east of the city [casualties unknown]. Total fatalities coded as least 4.",4,,1765850627
PSE57704,8/10/2024,2024,1,Political violence,Explosions/Remote violence,Air/drone strike,Military Forces of Israel (2022-),,8,Civilians (Palestine),,7,78,Civilian targeting,275,Middle East,Palestine,Gaza Strip,Gaza City,,Gaza - Sabra,31.5086,34.4493,1,Quds News Network,National,"On 10 August 2024, Israeli warplanes struck a house in Gaza - Sabra (Gaza City, Gaza Strip). Also, the artillery shelled targets in the same area. Casualties unknown.",0,,1759790002
PSE57720,8/10/2024,2024,1,Political violence,Explosions/Remote violence,Air/drone strike,Military Forces of Israel (2022-),,8,Civilians (Palestine),Refugees/IDPs (Palestine),7,78,Civilian targeting,275,Middle East,Palestine,Gaza Strip,North Gaza,,Jabalya Camp,31.536,34.4907,1,Al Ghad (Jordan); Palestine News and Information Agency; Quds News Network,National-Regional,"On 10 August 2024, Israeli warplanes struck a house in Jabalya Camp (North Gaza, Gaza Strip), leaving 6 fatalities and 15 injuries.",6,,1753956638
PSE57741,8/10/2024,2024,1,Political violence,Explosions/Remote violence,Shelling/artillery/missile attack,Military Forces of Israel (2022-),,8,Civilians (Palestine),,7,78,Civilian targeting,275,Middle East,Palestine,Gaza Strip,Khan Yunis,,Abasan al Kabirah,31.3191,34.3401,2,Arab 48; Quds News Network,National,"On 10 August 2024, Israeli artillery shelled targets west of Abasan al Kabirah (Khan Yunis, Gaza Strip), leaving 4 injuries.",0,,1753956638
PSE57747,8/10/2024,2024,1,Political violence,Explosions/Remote violence,Air/drone strike,Military Forces of Israel (2022-),,8,Civilians (Palestine),,7,78,Civilian targeting,275,Middle East,Palestine,Gaza Strip,Khan Yunis,,Khan Yunis - Maen,31.336,34.3172,1,Arab 48; Newpress; Palestine News and Information Agency; Quds News Network; Twitter,New media-National,"On 10 August 2024, Israeli warplanes struck a group of Palestinians in Khan Yunis - Maen (Khan Yunis, Gaza Strip), leaving 7 fatalities.",7,,1753956638
PSE57792,8/10/2024,2024,1,Political violence,Explosions/Remote violence,Air/drone strike,Military Forces of Israel (2022-),,8,Civilians (Palestine),,7,78,Civilian targeting,275,Middle East,Palestine,Gaza Strip,Deir El Balah,,Wadi as Salqa,31.4005,34.3375,2,Palestine News and Information Agency,National,"On 10 August 2024, an Israeli UAV struck a house in Al Barakeh area south of Deir al Balah, coded to Wadi as Salqa (Deir El Balah, Gaza Strip), killing one Palestinian and injuring others.",1,,1753956638
PSE57809,8/10/2024,2024,1,Political violence,Explosions/Remote violence,Shelling/artillery/missile attack,Military Forces of Israel (2022-),,8,Civilians (Palestine),,7,78,Civilian targeting,275,Middle East,Palestine,Gaza Strip,North Gaza,,Beit Lahiya,31.5541,34.5016,2,Quds News Network,National,"On 10 August 2024, Israeli artillery shelled a house north of Beit Lahiya (North Gaza, Gaza strip), leaving critical injuries.",0,,1753956638
PSE57673,8/10/2024,2024,1,Political violence,Explosions/Remote violence,Air/drone strike,Military Forces of Israel (2022-),,8,Civilians (Palestine),,7,78,Civilian targeting,275,Middle East,Palestine,Gaza Strip,North Gaza,,Beit Hanoun,31.5405,34.5402,1,Arab 48,National,"On 10 August 2024, Israeli warplanes struck a target in Beit Hanoun (North Gaza, Gaza Strip), leaving one fatality.",1,,1753956638
PSE57641,8/11/2024,2024,1,Political violence,Explosions/Remote violence,Air/drone strike,Military Forces of Israel (2022-),,8,Civilians (Palestine),Refugees/IDPs (Palestine),7,78,Civilian targeting,275,Middle East,Palestine,Gaza Strip,Deir El Balah,,An Nusayrat,31.4486,34.3925,1,Quds News Network; Twitter,New media-National,"On 11 August 2024, Israeli warplanes struck a house near al-Hasant mosque in An Nusayrat Camp (Deir El Balah, Gaza strip), leaving 2 fatalities. Also, an airstrike targeted another house in the camp [casualties unknown]. Fatalities coded at least 2.",2,,1753956638
PSE57655,8/11/2024,2024,1,Political violence,Explosions/Remote violence,Air/drone strike,Military Forces of Israel (2022-),,8,Civilians (Palestine),,7,78,Civilian targeting,275,Middle East,Palestine,Gaza Strip,Deir El Balah,,An Nusayrat - West,31.4525,34.3756,1,Dunia Al Watan; Newpress; Palestine News and Information Agency; Quds News Network; Twitter,New media-National,"On 11 August 2024, Israeli warplanes struck a house in An Nusayrat - West (Deir El Balah, Gaza Strip), killing 2 persons including a woman and injuring a number of others.",2,,1753956638
PSE57657,8/11/2024,2024,1,Political violence,Explosions/Remote violence,Air/drone strike,Military Forces of Israel (2022-),,8,Civilians (Palestine),,7,78,Civilian targeting,275,Middle East,Palestine,Gaza Strip,Deir El Balah,,Az Zawayda,31.4284,34.366,1,Quds News Network; Twitter,New media-National,"On 11 August 2024, Israeli warplanes struck a house in Az Zawayda (Deir El Balah, Gaza Strip), leaving 2 fatalities.",2,,1767742780
PSE57661,8/11/2024,2024,1,Political violence,Explosions/Remote violence,Air/drone strike,Military Forces of Israel (2022-),,8,Civilians (Palestine),Health Workers (Palestine),7,78,Civilian targeting,275,Middle East,Palestine,Gaza Strip,Khan Yunis,,Bani Suheila,31.3424,34.325,1,Newpress; Palestine News and Information Agency; Quds News Network; Twitter,New media-National,"On 11 August 2024, Israeli warplanes carried out strikes in Bani Suheila and Al Zannah of Bani Suheila (Khan Yunis, Gaza Strip) amid artillery fire. 3 Palestinians were killed, including a paramedic and his wife and his sister.",3,,1753956638
PSE57681,8/11/2024,2024,1,Political violence,Explosions/Remote violence,Air/drone strike,Military Forces of Israel (2022-),,8,Civilians (Palestine),,7,78,Civilian targeting,275,Middle East,Palestine,Gaza Strip,Deir El Balah,,Deir al Balah Camp,31.4249,34.34,2,PLO Negotiations Affairs Department; Quds News Network; Twitter,Other-New media,"On 11 August 2024, an Israeli UAV opened fire and injured a woman in Al Mahata area east of Deir al Balah. Also, artillery and tanks shelled targets east of Deir al Balah, coded to Deir al Balah Camp (Deir El Balah, Gaza Strip). Casualties unknown.",0,,1765850627
PSE57708,8/11/2024,2024,1,Political violence,Explosions/Remote violence,Air/drone strike,Military Forces of Israel (2022-),,8,Civilians (Palestine),,7,78,Civilian targeting,275,Middle East,Palestine,Gaza Strip,Gaza City,,Gaza - Sheikh Radwan,31.5349,34.4667,1,Palestine News and Information Agency; Quds News Network; Twitter,New media-National,"On 11 August 2024, Israeli warplanes struck a building in Gaza - Sheikh Radwan (Gaza City, Gaza Strip), leaving 2 fatalities and a number of injuries.",2,,1759790002
PSE57717,8/11/2024,2024,1,Political violence,Explosions/Remote violence,Air/drone strike,Military Forces of Israel (2022-),,8,Civilians (Palestine),,7,78,Civilian targeting,275,Middle East,Palestine,Gaza Strip,Khan Yunis,,Hamad,31.3749,34.3193,1,Arab 48; Newpress; Palestine News and Information Agency; Quds News Network; Twitter,New media-National,"On 11 August 2024, Israeli warplanes struck 2 towers in Hamad city (Khan Yunis, Gaza Strip), leaving 5 injuries.",0,,1753956638
PSE57744,8/11/2024,2024,1,Political violence,Explosions/Remote violence,Air/drone strike,Military Forces of Israel (2022-),,8,Civilians (Palestine),,7,78,Civilian targeting,275,Middle East,Palestine,Gaza Strip,Khan Yunis,,Khan Yunis - City Centre,31.3419,34.3015,1,Dunia Al Watan; Palestine News and Information Agency,National,"On 11 August 2024, Israeli warplanes struck a targets in Al Sekka in Khan Yunis - City Centre (Khan Yunis, Gaza Strip), killing 4 Palestinians and injuring a number of others.",4,,1753956638
PSE57772,8/11/2024,2024,1,Political violence,Explosions/Remote violence,Air/drone strike,Military Forces of Israel (2022-),,8,Civilians (Palestine),,7,78,Civilian targeting,275,Middle East,Palestine,Gaza Strip,Rafah,,Tal as Sultan,31.3098,34.2414,1,Palestine News and Information Agency,National,"On 11 August 2024, Israeli warplanes struck a group of people in Tal as Sultan (Rafah, Gaza Strip), leaving 2 fatalities.",2,,1762829569
PSE57798,8/11/2024,2024,1,Political violence,Explosions/Remote violence,Air/drone strike,Military Forces of Israel (2022-),,8,Civilians (Palestine),,7,78,Civilian targeting,275,Middle East,Palestine,Gaza Strip,Rafah,,Yasser Arafat International Airport,31.2431,34.2759,2,Newpress; Quds News Network; Twitter,New media-National,"On 11 August 2024, Israeli forces [likely warplanes] killed 5 Palestinians near Yasser Arafat International Airport (Rafah, Gaza Strip).",5,,1753956638
PSE57715,8/11/2024,2024,1,Political violence,Explosions/Remote violence,Air/drone strike,Military Forces of Israel (2022-),,8,Civilians (Palestine),,7,78,Civilian targeting,275,Middle East,Palestine,Gaza Strip,Gaza City,,Gaza - Tal el Hawa,31.5041,34.435,2,Quds News Network; Twitter,New media-National,"On 11 August 2024, Israeli forces [likely warplanes] killed a Palestinian southwest of Gaza City, coded to Gaza - Tal el Hawa (Gaza City, Gaza Strip).",1,,1759790002
PSE57595,8/12/2024,2024,1,Political violence,Explosions/Remote violence,Air/drone strike,Military Forces of Israel (2022-),,8,Civilians (Palestine),,7,78,Civilian targeting,275,Middle East,Palestine,Gaza Strip,Khan Yunis,,Abasan al Kabirah,31.3191,34.3401,1,Ma'an News Agency; Newpress; Palestine News and Information Agency; Quds News Network; Twitter,New media-National,"On 12 August 2024, Israeli warplanes struck a house in Abasan al Kabirah (Khan Yunis, Gaza Strip), leaving at least 11 fatalities and a number of injuries. Also, the artillery shelled targets in the same area [casualties unknown]. In addition, one Palestinian was killed in an airstrike near the roundabout of Abasan. Total fatalities coded at least 12.",12,,1753956638
PSE57602,8/12/2024,2024,1,Political violence,Explosions/Remote violence,Air/drone strike,Military Forces of Israel (2022-),,8,Civilians (Palestine),Refugees/IDPs (Palestine),7,78,Civilian targeting,275,Middle East,Palestine,Gaza Strip,Deir El Balah,,Al Burayj,31.4394,34.4031,1,Palestine News and Information Agency; Quds News Network; Twitter,New media-National,"On 12 August 2024, Israeli warplanes struck houses in Al Burayj Camp (Deir El Balah, Gaza Strip), killing 2 Palestinians (a father and his son) and a injuring a number of other persons.",2,,1753956638
PSE57626,8/12/2024,2024,1,Political violence,Explosions/Remote violence,Air/drone strike,Military Forces of Israel (2022-),,8,Civilians (Palestine),,7,78,Civilian targeting,275,Middle East,Palestine,Gaza Strip,Khan Yunis,,Al Qararah,31.3739,34.3409,1,Newpress; Palestine News and Information Agency; Twitter,New media-National,"On 12 August 2024, an Israeli UAV struck and killed 2 Palestinians in Al Qararah (Khan Yunis, Gaza Strip).",2,,1753956638
PSE57642,8/12/2024,2024,1,Political violence,Explosions/Remote violence,Air/drone strike,Military Forces of Israel (2022-),,8,Civilians (Palestine),Refugees/IDPs (Palestine),7,78,Civilian targeting,275,Middle East,Palestine,Gaza Strip,Deir El Balah,,An Nusayrat,31.4486,34.3925,1,Arab 48; Quds News Network; Twitter,New media-National,"On 12 August 2024, Israeli warplanes struck a target in near the market of An Nusayrat Camp (Deir El Balah, Gaza Strip). Casualties unknown. Also, 2 Palestinians were killed in artillery fire at the entrance of An Nusayrat camp. Total fatalities coded at least 2.",2,,1753956638
PSE57664,8/12/2024,2024,1,Political violence,Explosions/Remote violence,Air/drone strike,Military Forces of Israel (2022-),,8,Civilians (Palestine),,7,78,Civilian targeting,275,Middle East,Palestine,Gaza Strip,Khan Yunis,,Bani Suheila,31.3424,34.325,1,Newpress; Quds News Network; Twitter,New media-National,"On 12 August 2024, Israeli warplanes carried out strikes in Bani Suheila (Khan Yunis, Gaza Strip). Casualties unknown. Also, 2 Palestinians were killed in artillery fire. Total fatalities coded at least 2.",2,,1753956638
PSE57709,8/12/2024,2024,1,Political violence,Explosions/Remote violence,Air/drone strike,Military Forces of Israel (2022-),,8,Civilians (Palestine),,7,78,Civilian targeting,275,Middle East,Palestine,Gaza Strip,Gaza City,,Gaza - Sheikh Radwan,31.5349,34.4667,1,Newpress; Palestine News and Information Agency; Quds News Network; Twitter,New media-National,"On 12 August 2024, Israeli warplanes struck a house in Gaza - Sheikh Radwan (Gaza City, Gaza Strip), leaving 2 fatalities.",2,,1759790002
PSE57713,8/12/2024,2024,1,Political violence,Explosions/Remote violence,Air/drone strike,Military Forces of Israel (2022-),,8,Civilians (Palestine),,7,78,Civilian targeting,275,Middle East,Palestine,Gaza Strip,Gaza City,,Gaza - Southern Remal,31.5168,34.4355,2,Newpress; Palestine News and Information Agency; Quds News Network; Twitter,New media-National,"On 12 August 2024, Israeli warplanes struck a house west of Gaza City, coded to Gaza - Southern Remal (Gaza City, Gaza Strip), leaving 2 fatalities and a number of injuries.",2,,1759790002
PSE57748,8/12/2024,2024,1,Political violence,Explosions/Remote violence,Air/drone strike,Military Forces of Israel (2022-),,8,Civilians (Palestine),,7,78,Civilian targeting,275,Middle East,Palestine,Gaza Strip,Khan Yunis,,Khan Yunis - Maen,31.336,34.3172,1,Ma'an News Agency; Palestine News and Information Agency; Quds News Network; Twitter,New media-National,"On 12 August 2024, Israeli warplanes struck a house in Khan Yunis - Maen (Khan Yunis, Gaza Strip), leaving fatalities and injuries. Unspecified number of fatalities coded as 3.",3,,1753956638
PSE57760,8/12/2024,2024,1,Political violence,Violence against civilians,Attack,Hamas Movement,,3,Civilians (Israel),Prisoners (Israel),7,37,Civilian targeting,275,Middle East,Palestine,Gaza Strip,Gaza City,,Gaza,31.5045,34.4743,3,Arutz Sheva; Joe Truzman; Newpress; Twitter,New media-National,"On 12 August 2024, the Hamas military wing claimed that 2 fighters guarding Israeli prisoners opened fire at prisoners in the Gaza Strip (Gaza City), killing an Israeli and injuring 2 prisoners. Hamas said it opened an investigation into the incident. The IDF has not confirmed the Hamas claim.",1,,1759790002
PSE57774,8/12/2024,2024,1,Political violence,Explosions/Remote violence,Air/drone strike,Military Forces of Israel (2022-),,8,Civilians (Palestine),,7,78,Civilian targeting,275,Middle East,Palestine,Gaza Strip,Rafah,,Tal as Sultan,31.3098,34.2414,2,Arab 48; Palestine News and Information Agency; Quds News Network; Twitter,New media-National,"On 12 August 2024, Israeli forces [likely warplanes] struck a killed 2 Palestinians west of Rafah, coded to Tal as Sultan (Rafah, Gaza Strip).",2,,1762829569
PSE57780,8/12/2024,2024,1,Political violence,Explosions/Remote violence,Shelling/artillery/missile attack,Military Forces of Israel (2022-),,8,Civilians (Palestine),,7,78,Civilian targeting,275,Middle East,Palestine,Gaza Strip,Deir El Balah,,An Nusayrat - West,31.4525,34.3756,1,Quds News Network; Twitter,New media-National,"On 12 August 2024, Israeli artillery targeted a house in An Nusayrat - West (Deir El Balah, Gaza Strip), leaving injuries.",0,,1753956638
PSE57692,8/12/2024,2024,1,Political violence,Explosions/Remote violence,Air/drone strike,Military Forces of Israel (2022-),,8,Civilians (Palestine),,7,78,Civilian targeting,275,Middle East,Palestine,Gaza Strip,Gaza City,,Gaza - Az Zaytun,31.4964,34.4522,1,Palestine News and Information Agency; Quds News Network; Twitter,New media-National,"On 12 August 2024, Israeli warplanes struck a group of Palestinians near Bader mosque in Gaza - Az Zaytun (Gaza City, Gaza Strip), leaving 3 fatalities and a number of injuries.",3,,1759790002
PSE57755,8/12/2024,2024,1,Political violence,Explosions/Remote violence,Air/drone strike,Military Forces of Israel (2022-),,8,Civilians (Palestine),,7,78,Civilian targeting,275,Middle East,Palestine,Gaza Strip,Khan Yunis,,Qizan an Najjar,31.323,34.2761,2,Newpress; Palestine News and Information Agency; Quds News Network; Twitter,New media-National,"On 12 August 2024, Israeli warplanes struck a passing car at Salah al-Din Street near the Fares gas station north of Qizan an Najjar (Khan Yunis, Gaza Strip), leaving 3 fatalities and a number of injuries.",3,,1753956638
PSE57603,8/13/2024,2024,1,Political violence,Explosions/Remote violence,Air/drone strike,Military Forces of Israel (2022-),,8,Civilians (Palestine),Refugees/IDPs (Palestine),7,78,Civilian targeting,275,Middle East,Palestine,Gaza Strip,Deir El Balah,,Al Burayj,31.4394,34.4031,1,Arab 48; Ma'an News Agency; Newpress; Palestine News and Information Agency; Quds News Network; Twitter,New media-National,"On 13 August 2024, Israeli warplanes struck a house in Al Burayj camp (Deir El Balah, Gaza Strip), killing 7 Palestinians and injuring others. Also, one Palestinian was killed in Al Burayj camp [likely in airstrikes]. Total fatalities were 8.",8,,1753956638
PSE57604,8/13/2024,2024,1,Political violence,Explosions/Remote violence,Air/drone strike,Military Forces of Israel (2022-),,8,Civilians (Palestine),,7,78,Civilian targeting,275,Middle East,Palestine,Gaza Strip,Deir El Balah,,Al Burayj,31.4394,34.4031,2,Arab 48; Quds News Network; Twitter,New media-National,"On 13 August 2024, Israeli UAVs opened fire northeast of Al Burayj and Israeli tanks opened fire east of Al Burayj camp (Deir El Balah, Gaza Strip), injuring a Palestinian.",0,,1753956638
PSE57613,8/13/2024,2024,1,Political violence,Explosions/Remote violence,Air/drone strike,Military Forces of Israel (2022-),,8,Civilians (Palestine),Refugees/IDPs (Palestine),7,78,Civilian targeting,275,Middle East,Palestine,Gaza Strip,Deir El Balah,,Al Maghazi,31.4214,34.3865,1,Ma'an News Agency; Palestine News and Information Agency; Quds News Network; Twitter,New media-National,"On 13 August 2024, Israeli warplanes struck a house in Al Maghazi camp (Deir El Balah, Gaza Strip), killing 2 Palestinians and leaving a number of casualties.",2,,1753956638
PSE57643,8/13/2024,2024,1,Political violence,Explosions/Remote violence,Air/drone strike,Military Forces of Israel (2022-),,8,Civilians (Palestine),Refugees/IDPs (Palestine),7,78,Civilian targeting,275,Middle East,Palestine,Gaza Strip,Deir El Balah,,An Nusayrat,31.4486,34.3925,1,Arab 48; Ma'an News Agency; Newpress; Palestine News and Information Agency; Quds News Network; Twitter,New media-National,"On 13 August 2024, Israeli warplanes struck a house in al-Hawouz area in An Nusayrat Camp (Deir El Balah, Gaza Strip), leaving 7 fatalities and a number of injuries.",7,,1753956638
PSE57658,8/13/2024,2024,1,Political violence,Explosions/Remote violence,Air/drone strike,Military Forces of Israel (2022-),,8,Civilians (Palestine),,7,78,Civilian targeting,275,Middle East,Palestine,Gaza Strip,Deir El Balah,,Az Zawayda,31.4284,34.366,1,Newpress; Quds News Network; Twitter,New media-National,"On 13 August 2024, Israeli warplanes struck a house in Az Zawayda (Deir El Balah, Gaza Strip). Casualties unknown.",0,,1767742780
PSE57677,8/13/2024,2024,1,Political violence,Explosions/Remote violence,Air/drone strike,Military Forces of Israel (2022-),,8,Civilians (Palestine),,7,78,Civilian targeting,275,Middle East,Palestine,Gaza Strip,Deir El Balah,,Deir al Balah,31.4178,34.3503,1,Dunia Al Watan; Ma'an News Agency; Palestine News and Information Agency; Quds News Network; Twitter,New media-National,"On 13 August 2024, Israeli warplanes struck targets in Deir al Balah city (Deir El Balah, Gaza Strip), leaving 4 fatalities, including 2 children. Also, a Palestinian was killed [likely by artillery or tanks] at Salah ad-Din road in Deir al Balah. Total fatalities were 5.",5,,1753956638
PSE57683,8/13/2024,2024,1,Political violence,Explosions/Remote violence,Air/drone strike,Military Forces of Israel (2022-),,8,Civilians (Palestine),,7,78,Civilian targeting,275,Middle East,Palestine,Gaza Strip,Deir El Balah,,Deir al Balah Camp,31.4249,34.34,2,Arab 48; Ma'an News Agency; Newpress; Palestine News and Information Agency; PLO Negotiations Affairs Department; Twitter,Other-New media,"On 13 August 2024, Israeli warplanes struck the al-Qastal towers east of Deir al Balah, coded to Deir al Balah Camp (Deir El Balah, Gaza Strip), leaving 5 fatalities and a number of injuries. Also, the artillery shelled targets east of Deir al Balah [casualties unknown]. Total fatalities coded at least 5.",5,,1765850627
PSE57781,8/13/2024,2024,1,Political violence,Explosions/Remote violence,Shelling/artillery/missile attack,Military Forces of Israel (2022-),,8,Civilians (Palestine),,7,78,Civilian targeting,275,Middle East,Palestine,Gaza Strip,Deir El Balah,,An Nusayrat - West,31.4525,34.3756,1,Ma'an News Agency; Newpress; Quds News Network; Twitter,New media-National,"On 13 August 2024, Israeli artillery shelled targets in An Nusayrat - West (Deir El Balah, Gaza Strip), injuring a child.",0,,1753956638
PSE57794,8/13/2024,2024,1,Political violence,Explosions/Remote violence,Air/drone strike,Military Forces of Israel (2022-),,8,Civilians (Palestine),,7,78,Civilian targeting,275,Middle East,Palestine,Gaza Strip,Deir El Balah,,Wadi as Salqa,31.4005,34.3375,1,Arab 48,National,"On 13 August 2024, Israeli warplanes struck a group of Palestinians in Wadi as Salqa (Deir El Balah, Gaza Strip), killing one person and leaving a number of injuries.",1,,1753956638
PSE57753,8/13/2024,2024,1,Political violence,Explosions/Remote violence,Air/drone strike,Military Forces of Israel (2022-),,8,Civilians (Palestine),,7,78,Civilian targeting,275,Middle East,Palestine,Gaza Strip,Rafah,,Khirbet al Adas,31.2855,34.2714,2,Arab 48; Ma'an News Agency; Newpress; Quds News Network; Twitter,New media-National,"On 13 August 2024, 2 Palestinian bodies were recovered from al-Aribah area north of Rafah, coded to Khirbet al Adas (Rafah, Gaza Strip), likely killed by airstrikes.",2,,1753956638
PSE57759,8/13/2024,2024,2,Political violence,Explosions/Remote violence,Air/drone strike,Military Forces of Israel (2022-),,8,Civilians (Palestine),,7,78,Civilian targeting,275,Middle East,Palestine,Gaza Strip,Rafah,,Rafah,31.287,34.2595,1,Ma'an News Agency,National,"Around 13 August 2024, 3 Palestinian bodies were recovered in Rafah city, likely killed by Israeli airstrike (Rafah, Gaza Strip).",3,,1762829569
PSE57590,8/14/2024,2024,1,Political violence,Explosions/Remote violence,Air/drone strike,Military Forces of Israel (2022-),,8,Civilians (Palestine),,7,78,Civilian targeting,275,Middle East,Palestine,Gaza Strip,Khan Yunis,,Abasan al Jadidah,31.3416,34.3459,1,Newpress; Twitter,New media-National,"On 14 August 2024, an Israeli UAV targeted a group of Palestinians in Abasan al Jadidah (Khan Yunis, Gaza Strip). Casualties unknown.",0,,1753956638
PSE57614,8/14/2024,2024,1,Political violence,Explosions/Remote violence,Air/drone strike,Military Forces of Israel (2022-),,8,Civilians (Palestine),Refugees/IDPs (Palestine),7,78,Civilian targeting,275,Middle East,Palestine,Gaza Strip,Deir El Balah,,Al Maghazi,31.4214,34.3865,1,Ma'an News Agency; Newpress; Palestine News and Information Agency; Quds News Network; Twitter,New media-National,"On 14 August 2024, Israeli warplanes struck a house in Al Maghazi Camp (Deir El Balah, Gaza Strip), killing 4 Palestinians and leaving a number of injuries.",4,,1753956638
PSE57676,8/14/2024,2024,1,Political violence,Explosions/Remote violence,Air/drone strike,Military Forces of Israel (2022-),,8,Civilians (Palestine),,7,78,Civilian targeting,275,Middle East,Palestine,Gaza Strip,North Gaza,,Beit Lahiya - Al Mashroo,31.5433,34.4998,1,Ma'an News Agency; Palestine News and Information Agency; Quds News Network; Twitter,New media-National,"On 14 August 2024, Israeli warplanes struck an apartment in Beit Lahiya - Al Mashroo (North Gaza, Gaza Strip), leaving 2 fatalities.",2,,1753956638
PSE57688,8/14/2024,2024,1,Political violence,Explosions/Remote violence,Air/drone strike,Military Forces of Israel (2022-),,8,Civilians (Palestine),,7,78,Civilian targeting,275,Middle East,Palestine,Gaza Strip,Gaza City,,Gaza - Ad Darraj,31.5172,34.4642,1,Ma'an News Agency; Quds News Network; Twitter,New media-National,"On 14 August 2024, Israeli warplanes struck and killed a Palestinian near Gaza municipality headquarter in Gaza - Ad Darraj (Gaza City, Gaza Strip).",1,,1759790002
PSE57718,8/14/2024,2024,1,Political violence,Explosions/Remote violence,Air/drone strike,Military Forces of Israel (2022-),,8,Civilians (Palestine),,7,78,Civilian targeting,275,Middle East,Palestine,Gaza Strip,Khan Yunis,,Hamad,31.3749,34.3193,1,Ma'an News Agency; Palestine News and Information Agency; Quds News Network; Twitter,New media-National,"On 14 August 2024, Israeli warplanes struck residential towers and apartments in Hamad city (Khan Yunis, Gaza Strip), leaving 4 fatalities.",4,,1753956638
PSE57742,8/14/2024,2024,1,Political violence,Explosions/Remote violence,Air/drone strike,Military Forces of Israel (2022-),,8,Civilians (Palestine),,7,78,Civilian targeting,275,Middle East,Palestine,Gaza Strip,Khan Yunis,,Khan Yunis - Ash Sheikh Naser,31.3398,34.3116,2,Arab 48; Ma'an News Agency; Newpress; Quds News Network; Twitter,New media-National,"On 14 August 2024, Israeli warplanes struck houses between Khan Yunis - Ash Sheikh Naser and Khan Yunis - Maen (Khan Yunis, Gaza Strip), leaving 15 fatalities and injuring 40 more.",15,,1753956638
PSE57782,8/14/2024,2024,1,Political violence,Explosions/Remote violence,Air/drone strike,Military Forces of Israel (2022-),,8,Civilians (Palestine),,7,78,Civilian targeting,275,Middle East,Palestine,Gaza Strip,Rafah,,Tal as Sultan,31.3098,34.2414,1,Arab 48; Newpress; Palestine News and Information Agency; Quds News Network; Twitter,New media-National,"On 14 August 2024, Israeli warplanes struck targets in Tal as Sultan (Rafah, Gaza Strip), leaving 3 fatalities.",3,,1762829569
PSE57799,8/14/2024,2024,1,Political violence,Explosions/Remote violence,Shelling/artillery/missile attack,Military Forces of Israel (2022-),,8,Civilians (Palestine),,7,78,Civilian targeting,275,Middle East,Palestine,Gaza Strip,Khan Yunis,,Bani Suheila,31.3424,34.325,1,Newpress; Palestine News and Information Agency; Quds News Network; Twitter,New media-National,"On 14 August 2024, Israeli tanks fired shells at a residential apartment in Hamad Towers in Bani Suheila (Khan Yunis, Gaza Strip), killing 4 Palestinians.",4,,1753956638
PSE60059,8/14/2024,2024,1,Political violence,Violence against civilians,Attack,Military Forces of Israel (2022-),,8,Civilians (Palestine),,7,78,Civilian targeting,275,Middle East,Palestine,Gaza Strip,Khan Yunis,,Bani Suheila,31.3424,34.325,1,Newpress; Palestine News and Information Agency; Quds News Network; Twitter,New media-National,"On 14 August 2024, Israeli snipers opened fire at Palestinians in Bani Suheila town (Khan Yunis, Gaza Strip), killing 2 Palestinians and injuring others.",2,,1753956638
PSE57674,8/14/2024,2024,1,Political violence,Explosions/Remote violence,Air/drone strike,Military Forces of Israel (2022-),,8,Civilians (Palestine),,7,78,Civilian targeting,275,Middle East,Palestine,Gaza Strip,North Gaza,,Beit Hanoun,31.5405,34.5402,1,Arab 48; Palestine News and Information Agency,National,"On 14 August 2024, Israeli warplanes carried out strikes in Beit Hanoun (North Gaza, Gaza Strip), leaving one fatality.",1,,1753956638
PSE57691,8/14/2024,2024,1,Political violence,Explosions/Remote violence,Air/drone strike,Military Forces of Israel (2022-),,8,Civilians (Palestine),,7,78,Civilian targeting,275,Middle East,Palestine,Gaza Strip,Gaza City,,Gaza - At Turukman,31.4864,34.4738,2,Arab 48; Ma'an News Agency; Newpress; Palestine News and Information Agency; Quds News Network; Twitter,New media-National,"On 14 August 2024, Israeli warplanes struck a house near Al Zaytun center southeast of Gaza city, coded to Gaza - At Turukman (Gaza City, Gaza Strip), leaving 3 fatalities and a number of injuries.",3,,1762292062
PSE57697,8/14/2024,2024,1,Political violence,Explosions/Remote violence,Air/drone strike,Military Forces of Israel (2022-),,8,Civilians (Palestine),,7,78,Civilian targeting,275,Middle East,Palestine,Gaza Strip,Gaza City,,Gaza - Az Zaytun,31.4964,34.4522,2,Newpress; Twitter,New media-National,"On 14 August 2024, Israeli warplanes struck a house east of Gaza - Az Zaytun (Gaza City, Gaza Strip). Casualties unknown.",0,,1759790002
PSE57743,8/14/2024,2024,1,Political violence,Explosions/Remote violence,Air/drone strike,Military Forces of Israel (2022-),,8,Civilians (Palestine),,7,78,Civilian targeting,275,Middle East,Palestine,Gaza Strip,Khan Yunis,,Khan Yunis - As-Sameen,31.3369,34.2925,1,Arab 48; Ma'an News Agency; Palestine News and Information Agency; Quds News Network; Twitter,New media-National,"On 14 August 2024, Israeli warplanes struck a house in Khan Yunis - As-Sameen (Khan Yunis, Gaza Strip), leaving 5 fatalities including 3 children.",5,,1753956638
PSE57756,8/14/2024,2024,1,Political violence,Explosions/Remote violence,Air/drone strike,Military Forces of Israel (2022-),,8,Civilians (Palestine),,7,78,Civilian targeting,275,Middle East,Palestine,Gaza Strip,Khan Yunis,,Qizan an Najjar,31.323,34.2761,1,Arab 48; Quds News Network; Twitter,New media-National,"On 14 August 2024, Israeli warplanes struck a group of people in Qizan an Najjar (Khan Yunis, Gaza Strip), leaving a number of injuries.",0,,1753956638
PSE57846,8/14/2024,2024,1,Political violence,Explosions/Remote violence,Shelling/artillery/missile attack,Military Forces of Israel (2022-),,8,Civilians (Palestine),,7,78,Civilian targeting,275,Middle East,Palestine,Gaza Strip,Rafah,,Khirbet al Adas,31.2855,34.2714,2,Palestine News and Information Agency,National,"On 14 August 2024, Israeli artillery shelled targets north of Rafah and Uraiba area, coded to Khirbet al Adas (Rafah, Gaza Strip), leaving 2 fatalities.",2,,1753956638
PSE57894,8/14/2024,2024,1,Political violence,Violence against civilians,Attack,Military Forces of Israel (2022-),,8,Civilians (Palestine),Labor Group (Palestine),7,78,Civilian targeting,275,Middle East,Palestine,Gaza Strip,Rafah,,Rafah,31.287,34.2595,1,Ma'an News Agency; Newpress; Palestine News and Information Agency; Quds News Network; Twitter,New media-National,"On 14 August 2024, 2 Palestinians of civil defense were killed by Israeli fire in Rafah city (Rafah, Gaza Strip).",2,,1762829569
PSE57606,8/15/2024,2024,1,Political violence,Explosions/Remote violence,Air/drone strike,Military Forces of Israel (2022-),,8,Civilians (Palestine),Refugees/IDPs (Palestine); UNRWA: United Nations Relief and Works Agency,7,78,Civilian targeting,275,Middle East,Palestine,Gaza Strip,Deir El Balah,,Al Burayj,31.4394,34.4031,1,Palestine News and Information Agency; Quds News Network; Twitter,New media-National,"On 15 August 2024, Israeli warplanes struck targets in Al Burayj camp (Deir El Balah, Gaza Strip), killing a Palestinian UNRWA employee.",1,,1753956638
PSE57637,8/15/2024,2024,1,Political violence,Explosions/Remote violence,Air/drone strike,Military Forces of Israel (2022-),,8,Civilians (Palestine),,7,78,Civilian targeting,275,Middle East,Palestine,Gaza Strip,Khan Yunis,,Al Qurein,31.3085,34.314,1,Ma'an News Agency; Palestine News and Information Agency; Quds News Network; Twitter,New media-National,"On 15 August 2024, Israeli UAVs struck a group of Palestinians in Al Qurein (Khan Yunis, Gaza Strip), killing 3 persons and leaving a number of injuries.",3,,1753956638
PSE57645,8/15/2024,2024,1,Political violence,Explosions/Remote violence,Air/drone strike,Military Forces of Israel (2022-),,8,Civilians (Palestine),,7,78,Civilian targeting,275,Middle East,Palestine,Gaza Strip,Deir El Balah,,An Nusayrat,31.4486,34.3925,2,Quds News Network; Twitter,New media-National,"On 15 August 2024, Israeli UAVs struck a killed a Palestinian near al-Dawa mosque east of An Nusayrat (Deir El Balah, Gaza Strip).",1,,1753956638
PSE57669,8/15/2024,2024,1,Political violence,Explosions/Remote violence,Air/drone strike,Military Forces of Israel (2022-),,8,Civilians (Palestine),,7,78,Civilian targeting,275,Middle East,Palestine,Gaza Strip,Khan Yunis,,Bani Suheila,31.3424,34.325,1,Ma'an News Agency; Palestine News and Information Agency; Quds News Network; Twitter,New media-National,"On 15 August 2024, Israeli warplanes carried out airstrike in Bani Suheila (Khan Yunis, Gaza Strip), leaving 2 fatalities.",2,,1753956638
PSE57679,8/15/2024,2024,1,Political violence,Explosions/Remote violence,Air/drone strike,Military Forces of Israel (2022-),,8,Civilians (Palestine),,7,78,Civilian targeting,275,Middle East,Palestine,Gaza Strip,Deir El Balah,,Deir al Balah,31.4178,34.3503,1,Arab 48; Palestine News and Information Agency; Quds News Network; Twitter,New media-National,"On 15 August 2024, Israeli warplanes struck Al Qasatal tower in Deir al Balah city (Deir El Balah, Gaza Strip), killing a woman.",1,,1753956638
PSE57690,8/15/2024,2024,1,Political violence,Explosions/Remote violence,Air/drone strike,Military Forces of Israel (2022-),,8,Civilians (Palestine),Refugees/IDPs (Palestine),7,78,Civilian targeting,275,Middle East,Palestine,Gaza Strip,Gaza City,,Gaza - Ash Shati' Camp,31.5349,34.4466,1,Newpress; Palestine News and Information Agency; Quds News Network; Twitter,New media-National,"On 15 August 2024, Israeli warplanes struck a house in Gaza - Ash Shati' Camp (Gaza City, Gaza Strip). Casualties unknown.",0,,1759790002
PSE57706,8/15/2024,2024,1,Political violence,Explosions/Remote violence,Air/drone strike,Military Forces of Israel (2022-),,8,Civilians (Palestine),,7,78,Civilian targeting,275,Middle East,Palestine,Gaza Strip,Gaza City,,Gaza - Sabra,31.5086,34.4493,1,Arab 48; Ma'an News Agency; Palestine News and Information Agency; Quds News Network; Twitter,New media-National,"On 15 August 2024, Israeli warplanes struck a house in Gaza - Sabra (Gaza City, Gaza Strip), leaving 5 fatalities. Also, the artillery shelled the Islamic Complex in the same area [casualties unknown]. Fatalities coded at least 5.",5,,1759790002
PSE57722,8/15/2024,2024,1,Political violence,Explosions/Remote violence,Air/drone strike,Military Forces of Israel (2022-),,8,Civilians (Palestine),Refugees/IDPs (Palestine),7,78,Civilian targeting,275,Middle East,Palestine,Gaza Strip,North Gaza,,Jabalya Camp,31.536,34.4907,1,Liveuamap; Newpress; Palestine News and Information Agency; Quds News Network; Twitter,Local partner-New media,"On 15 August 2024, Israeli warplanes struck an apartment in Jabalya Camp (North Gaza, Gaza Strip), leaving 7 fatalities and a number of injuries.",7,,1753956638
PSE57739,8/15/2024,2024,1,Political violence,Explosions/Remote violence,Air/drone strike,Military Forces of Israel (2022-),,8,Civilians (Palestine),,7,78,Civilian targeting,275,Middle East,Palestine,Gaza Strip,Khan Yunis,,Khan Yunis - As Sater,31.3637,34.3228,1,Quds News Network; Twitter,New media-National,"On 15 August 2024, Israeli warplanes struck a target amid artillery shelling in Khan Yunis - As Sater (Khan Yunis, Gaza Strip), leaving 3 fatalities.",3,,1753956638
PSE57750,8/15/2024,2024,1,Political violence,Explosions/Remote violence,Air/drone strike,Military Forces of Israel (2022-),,8,Civilians (Palestine),,7,78,Civilian targeting,275,Middle East,Palestine,Gaza Strip,Khan Yunis,,Khan Yunis - Maen,31.336,34.3172,1,Palestine News and Information Agency; Quds News Network; Twitter,New media-National,"On 15 August 2024, Israeli warplanes struck a house in Khan Yunis - Maen (Khan Yunis, Gaza Strip). Casualties unknown.",0,,1753956638
PSE57751,8/15/2024,2024,1,Political violence,Explosions/Remote violence,Shelling/artillery/missile attack,Military Forces of Israel (2022-),,8,Civilians (Palestine),,7,78,Civilian targeting,275,Middle East,Palestine,Gaza Strip,Khan Yunis,,Abasan al Kabirah,31.3191,34.3401,1,Arab 48; Ma'an News Agency; Newpress; Twitter,New media-National,"On 15 August 2024, Israeli artillery shelled a target in Abasan al Kabirah (Khan Yunis, Gaza Strip), leaving 3 fatalities, including 2 women.",3,,1753956638
PSE57698,8/15/2024,2024,1,Political violence,Explosions/Remote violence,Air/drone strike,Military Forces of Israel (2022-),,8,Civilians (Palestine),,7,78,Civilian targeting,275,Middle East,Palestine,Gaza Strip,Gaza City,,Gaza - Az Zaytun,31.4964,34.4522,2,Palestine News and Information Agency,National,"On 15 August 2024, Israeli warplanes carried out airstrike and the artillery struck targets at Al Seka street south of Gaza - Az Zaytun (Gaza City, Gaza Strip) amid tanks movements in the area. 6 Palestinians were killed.",6,,1759790002
PSE71591,8/15/2024,2024,1,Political violence,Violence against civilians,Attack,Hamas Movement,,3,Civilians (Palestine),,7,37,Civilian targeting,275,Middle East,Palestine,Gaza Strip,Gaza City,,Gaza,31.5045,34.4743,3,Al Jazeera; Times of Israel,Regional,"On 15 August 2024, Hamas operatives killed 3 Palestinians in the Strip, coded to generic location Gaza (Gaza City, Gaza Strip) suspected of collaborating with Israel after Israel killed three Hamas Senior commanders in an airstrike in southern Gaza Strip.",3,,1759790002
PSE71405,8/15/2024,2024,3,Political violence,Violence against civilians,Attack,Police Forces of Palestine (2007-) Gaza Strip,Hamas Movement,1,Civilians (Palestine),,7,17,Civilian targeting,275,Middle East,Palestine,Gaza Strip,Gaza City,,Gaza,31.5045,34.4743,3,The Independent Commission For Human Rights,National,"Around 15 August 2024 (month of), gunmen [likely security personnel affiliated with Hamas] shot and injured six individuals in the Gaza Strip (coded to Gaza City), claiming that they had been looting homes abandoned by residents who fled the ongoing war. This event involved violence over aid.",0,,1759790002
PSE57607,8/16/2024,2024,1,Political violence,Explosions/Remote violence,Air/drone strike,Military Forces of Israel (2022-),,8,Civilians (Palestine),Refugees/IDPs (Palestine),7,78,Civilian targeting,275,Middle East,Palestine,Gaza Strip,Deir El Balah,,Al Burayj,31.4394,34.4031,1,Palestine News and Information Agency,National,"On 16 August 2024, Israeli warplanes struck a house in block 9 of Al Burayj Camp (Deir El Balah, Gaza Strip). Casualties unknown.",0,,1753956638
PSE57611,8/16/2024,2024,1,Political violence,Explosions/Remote violence,Air/drone strike,Military Forces of Israel (2022-),,8,Civilians (Palestine),,7,78,Civilian targeting,275,Middle East,Palestine,Gaza Strip,Khan Yunis,,Al Fukhari,31.2952,34.3332,1,Arab 48,National,"On 16 August 2024, Israeli warplanes struck a house in Al Fukhari (Khan Yunis, Gaza Strip), leaving injuries.",0,,1753956638
PSE57615,8/16/2024,2024,1,Political violence,Explosions/Remote violence,Air/drone strike,Military Forces of Israel (2022-),,8,Civilians (Palestine),Refugees/IDPs (Palestine),7,78,Civilian targeting,275,Middle East,Palestine,Gaza Strip,Khan Yunis,,Al Mawasi (Khan Yunis),31.3482,34.2547,1,Ma'an News Agency; Newpress; Palestine News and Information Agency; Quds News Network; Twitter,New media-National,"On 16 August 2024, Israeli warplanes struck a tent belonging to displaced people in (Al Mawasi (Khan Yunis), Gaza Strip), leaving 6 fatalities, including a woman and her 3 children.",6,,1762829569
PSE57638,8/16/2024,2024,1,Political violence,Explosions/Remote violence,Air/drone strike,Military Forces of Israel (2022-),,8,Civilians (Palestine),,7,78,Civilian targeting,275,Middle East,Palestine,Gaza Strip,Khan Yunis,,Al Qurein,31.3085,34.314,1,Liveuamap; Newpress; Quds News Network; Twitter,Local partner-New media,"On 16 August 2024, Israeli warplanes struck a target in Al Qurein (Khan Yunis, Gaza Strip), leaving fatalities and injuries. Unspecified number of fatalities coded as 3.",3,,1753956638
PSE57652,8/16/2024,2024,1,Political violence,Explosions/Remote violence,Air/drone strike,Military Forces of Israel (2022-),,8,Civilians (Palestine),,7,78,Civilian targeting,275,Middle East,Palestine,Gaza Strip,Deir El Balah,,An Nusayrat - North,31.4591,34.3923,1,Palestine News and Information Agency,National,"On 16 August 2024, Israeli warplanes struck a house in Al Mufit land in An Nusayrat - North (Deir El Balah, Gaza Strip), leaving one fatality.",1,,1753956638
PSE57656,8/16/2024,2024,1,Political violence,Explosions/Remote violence,Air/drone strike,Military Forces of Israel (2022-),,8,Civilians (Palestine),,7,78,Civilian targeting,275,Middle East,Palestine,Gaza Strip,Deir El Balah,,An Nusayrat - West,31.4525,34.3756,1,Quds News Network; Twitter,New media-National,"On 16 August 2024, an Israeli UAV dropped a bomb at Palestinians near the beach of An Nusayrat in An Nusayrat - West (Deir El Balah, Gaza Strip), leaving injuries.",0,,1753956638
PSE57659,8/16/2024,2024,1,Political violence,Explosions/Remote violence,Air/drone strike,Military Forces of Israel (2022-),,8,Civilians (Palestine),,7,78,Civilian targeting,275,Middle East,Palestine,Gaza Strip,Deir El Balah,,Az Zawayda,31.4284,34.366,1,Palestine News and Information Agency; Quds News Network; Twitter,New media-National,"On 16 August 2024, an Israeli UAV struck a target at the entrance of Az Zawayda (Deir El Balah, Gaza strip), killing a Palestinian and injuring others.",1,,1767742780
PSE57671,8/16/2024,2024,1,Political violence,Explosions/Remote violence,Air/drone strike,Military Forces of Israel (2022-),,8,Civilians (Palestine),,7,78,Civilian targeting,275,Middle East,Palestine,Gaza Strip,Khan Yunis,,Bani Suheila,31.3424,34.325,2,Palestine News and Information Agency; PLO Negotiations Affairs Department; Quds News Network; Twitter,Other-New media,"On 16 August 2024, Israeli warplanes carried out 2 airstrikes (including a house) east of Khan Yunis, coded to Bani Suheila (Khan Yunis, Gaza Strip). Casualties unknown. Also, the artillery shelled targets east of Khan Yunis [casualties unknown].",0,,1753956638
PSE57689,8/16/2024,2024,1,Political violence,Explosions/Remote violence,Air/drone strike,Military Forces of Israel (2022-),,8,Civilians (Palestine),,7,78,Civilian targeting,275,Middle East,Palestine,Gaza Strip,Gaza City,,Gaza - Ad Darraj,31.5172,34.4642,1,Ma'an News Agency; Newpress; Palestine News and Information Agency; Quds News Network; Twitter,New media-National,"On 16 August 2024, Israeli warplanes struck an apartment in Gaza - Ad Darraj (Gaza City, Gaza Strip), killing 6 Palestinians including children and women.",6,,1759790002
PSE57707,8/16/2024,2024,1,Political violence,Explosions/Remote violence,Air/drone strike,Military Forces of Israel (2022-),,8,Civilians (Palestine),,7,78,Civilian targeting,275,Middle East,Palestine,Gaza Strip,Gaza City,,Gaza - Sabra,31.5086,34.4493,1,Arab 48,National,"On 16 August 2024, Israeli warplanes struck targets in Gaza - Sabra (Gaza City, Gaza Strip), leaving 3 fatalities.",3,,1759790002
PSE57710,8/16/2024,2024,1,Political violence,Explosions/Remote violence,Air/drone strike,Military Forces of Israel (2022-),,8,Civilians (Palestine),,7,78,Civilian targeting,275,Middle East,Palestine,Gaza Strip,Gaza City,,Gaza - Sheikh Radwan,31.5349,34.4667,1,Newpress; Quds News Network; Twitter,New media-National,"On 16 August 2024, Israeli warplanes struck a house in Gaza - Sheikh Radwan (Gaza City, Gaza Strip), leaving 2 fatalities and a number of injuries.",2,,1759790002
PSE57714,8/16/2024,2024,1,Political violence,Explosions/Remote violence,Air/drone strike,Military Forces of Israel (2022-),,8,Civilians (Palestine),,7,78,Civilian targeting,275,Middle East,Palestine,Gaza Strip,Gaza City,,Gaza - Southern Remal,31.5168,34.4355,2,Palestine News and Information Agency; Quds News Network; Twitter,New media-National,"On 16 August 2024, Israeli warplanes and UAVs struck a target in Al Saraya area west of Gaza City, coded to Gaza - Southern Remal (Gaza City, Gaza Strip), killing a Palestinian and injuring others.",1,,1759790002
PSE57719,8/16/2024,2024,1,Political violence,Explosions/Remote violence,Air/drone strike,Military Forces of Israel (2022-),,8,Civilians (Palestine),,7,78,Civilian targeting,275,Middle East,Palestine,Gaza Strip,Khan Yunis,,Hamad,31.3749,34.3193,1,Newpress; Quds News Network; Twitter,New media-National,"On 16 August 2024, Israeli warplanes struck residential towers in Hamad City (Khan Yunis, Gaza Strip). Casualties unknown.",0,,1753956638
PSE57740,8/16/2024,2024,1,Political violence,Explosions/Remote violence,Shelling/artillery/missile attack,Military Forces of Israel (2022-),,8,Civilians (Palestine),,7,78,Civilian targeting,275,Middle East,Palestine,Gaza Strip,Khan Yunis,,Abasan al Jadidah,31.3416,34.3459,1,Quds News Network; Twitter,New media-National,"On 16 August 2024, Israeli artillery shelled Abasan al Jadidah (Khan Yunis, Gaza Strip), leaving injuries.",0,,1753956638
PSE57766,8/16/2024,2024,1,Political violence,Explosions/Remote violence,Shelling/artillery/missile attack,Military Forces of Israel (2022-),,8,Civilians (Palestine),Refugees/IDPs (Palestine),7,78,Civilian targeting,275,Middle East,Palestine,Gaza Strip,Deir El Balah,,An Nusayrat,31.4486,34.3925,1,Quds News Network; Twitter,New media-National,"On 16 August 2024, Israeli artillery shelled targets (including a house) in An Nusayrat Camp (Deir El Balah, Gaza Strip), leaving 2 fatalities.",2,,1753956638
PSE57790,8/16/2024,2024,1,Political violence,Explosions/Remote violence,Air/drone strike,Military Forces of Israel (2022-),,8,Civilians (Palestine),,7,78,Civilian targeting,275,Middle East,Palestine,Gaza Strip,Rafah,,Tal as Sultan,31.3098,34.2414,2,Palestine News and Information Agency; Quds News Network; Twitter,New media-National,"On 16 August 2024, Israeli warplanes carried out strikes and the artillery shelled west of Rafah, coded to Tal as Sultan (Rafah, Gaza Strip), killing a Palestinian and injuring a number of others.",1,,1762829569
PSE57716,8/16/2024,2024,1,Political violence,Explosions/Remote violence,Air/drone strike,Military Forces of Israel (2022-),,8,Civilians (Palestine),,7,78,Civilian targeting,275,Middle East,Palestine,Gaza Strip,Gaza City,,Gaza - Tal el Hawa,31.5041,34.435,1,Arab 48; Quds News Network; Twitter,New media-National,"On 16 August 2024, Israeli warplanes struck targets in Gaza - Tal el Hawa (Gaza City, Gaza Strip), leaving 3 fatalities.",3,,1759790002
PSE57829,8/16/2024,2024,1,Political violence,Explosions/Remote violence,Shelling/artillery/missile attack,Military Forces of Israel (2022-),,8,Civilians (Palestine),,7,78,Civilian targeting,275,Middle East,Palestine,Gaza Strip,Gaza City,,Gaza - Az Zaytun,31.4964,34.4522,1,Palestine News and Information Agency; Quds News Network; Twitter,New media-National,"On 16 August 2024, Israeli tanks opened fire at Palestinian houses in Gaza - Az Zaytun (Gaza City, Gaza Strip) amid artillery shelling, leaving 2 fatalities.",2,,1759790002
PSE71592,8/16/2024,2024,1,Political violence,Violence against civilians,Attack,Hamas Movement,,3,Civilians (Palestine),,7,37,Civilian targeting,275,Middle East,Palestine,Gaza Strip,Gaza City,,Gaza,31.5045,34.4743,1,Al Jazeera; Times of Israel,Regional,"On 16 August 2024, Hamas operatives killed 17 people in Gaza (Gaza City, Gaza Strip) suspected of collaborating with Israel after Israel killed three Hamas Senior commanders in an airstrike in southern Gaza Strip.",17,,1759790002
PSE58059,8/17/2024,2024,1,Political violence,Explosions/Remote violence,Air/drone strike,Military Forces of Israel (2022-),,8,Civilians (Palestine),Refugees/IDPs (Palestine),7,78,Civilian targeting,275,Middle East,Palestine,Gaza Strip,Deir El Balah,,An Nusayrat,31.4486,34.3925,1,Ma'an News Agency; Palestine News and Information Agency; Quds News Network; Twitter,New media-National,"On 17 August 2024, Israeli warplanes struck a land and a residential tower in An Nusayrat Camp (Deir El Balah, Gaza Strip). Casualties unknown.",0,,1753956638
PSE58067,8/17/2024,2024,1,Political violence,Explosions/Remote violence,Air/drone strike,Military Forces of Israel (2022-),,8,Civilians (Palestine),,7,78,Civilian targeting,275,Middle East,Palestine,Gaza Strip,Deir El Balah,,An Nusayrat - North,31.4591,34.3923,1,Arab 48; Newpress; Palestine News and Information Agency; Quds News Network; Twitter,New media-National,"On 17 August 2024, Israeli warplanes struck the al-Naser building and an-Nouri building in An Nusayrat - North (Deir El Balah, Gaza Strip), killing a woman.",1,,1753956638
PSE58077,8/17/2024,2024,1,Political violence,Explosions/Remote violence,Air/drone strike,Military Forces of Israel (2022-),,8,Civilians (Palestine),,7,78,Civilian targeting,275,Middle East,Palestine,Gaza Strip,Deir El Balah,,An Nusayrat - West,31.4525,34.3756,1,Arab 48; Ma'an News Agency; Palestine News and Information Agency; Quds News Network; Twitter,New media-National,"On 17 August 2024, Israeli warplanes struck a house in An Nusayrat - West (Deir El Balah, Gaza Strip), killing 6 Palestinians (including 2 children) and injuring others.",6,,1753956638
PSE58081,8/17/2024,2024,1,Political violence,Explosions/Remote violence,Air/drone strike,Military Forces of Israel (2022-),,8,Civilians (Palestine),Refugees/IDPs (Palestine),7,78,Civilian targeting,275,Middle East,Palestine,Gaza Strip,Deir El Balah,,Az Zawayda,31.4284,34.366,1,Al-Ittihad; Ma'an News Agency; Palestine News and Information Agency; Quds News Network; Times of Israel; Twitter,New media-National,"On 17 August 2024, Israeli warplanes struck a house, a mobile room, and tents belonging to displaced Palestinians at the entrance of Az Zawayda town (Deir El Balahm, Gaza Strip), killing 16 persons [14 persons from same family including 9 children and 3 women] and injuring a number of others.",16,,1767742780
PSE58104,8/17/2024,2024,1,Political violence,Explosions/Remote violence,Air/drone strike,Military Forces of Israel (2022-),,8,Civilians (Palestine),,7,78,Civilian targeting,275,Middle East,Palestine,Gaza Strip,Deir El Balah,,Wadi as Salqa,31.4005,34.3375,2,Arab 48; Ma'an News Agency; Palestine News and Information Agency; Quds News Network; Twitter,New media-National,"On 17 August 2024, Israeli warplanes struck a house in Al Heker area south of Deir al Balah, coded to Wadi as Salqa (Deir El Balah, Gaza Strip), leaving 4 fatalities and a number of injuries. Also, warplanes targeted Al Matahen area south of the city [casualties unknown]. Fatalities coded at least 4",4,,1753956638
PSE58172,8/17/2024,2024,1,Political violence,Explosions/Remote violence,Air/drone strike,Military Forces of Israel (2022-),,8,Civilians (Palestine),,7,78,Civilian targeting,275,Middle East,Palestine,Gaza Strip,Khan Yunis,,Abasan al Kabirah,31.3191,34.3401,1,Newpress; Palestine News and Information Agency; Quds News Network; Twitter,New media-National,"On 17 August 2024, Israeli warplanes struck a house in Abasan al Kabirah (Khan Yunis, Gaza Strip), killing 4 persons (a child and a woman) and leaving a number of injuries.",4,,1753956638
PSE58176,8/17/2024,2024,1,Political violence,Explosions/Remote violence,Air/drone strike,Military Forces of Israel (2022-),,8,Civilians (Palestine),,7,78,Civilian targeting,275,Middle East,Palestine,Gaza Strip,Khan Yunis,,Al Fukhari,31.2952,34.3332,1,Ma'an News Agency; Palestine News and Information Agency; Quds News Network; Twitter,New media-National,"On 17 August 2024, Israeli warplanes struck a house near the European hospital in Al Fukhari (Khan Yunis, Gaza Strip), injuring a number of Palestinians.",0,,1753956638
PSE58209,8/17/2024,2024,1,Political violence,Explosions/Remote violence,Air/drone strike,Military Forces of Israel (2022-),,8,Civilians (Palestine),Refugees/IDPs (Palestine),7,78,Civilian targeting,275,Middle East,Palestine,Gaza Strip,Khan Yunis,,Hamad,31.3749,34.3193,1,Al-Ittihad; Ma'an News Agency; Palestine News and Information Agency; Quds News Network; Twitter,New media-National,"On 17 August 2024, Israeli warplanes including UAVs struck targets (including tents belonging to displaced people) in Hamad city (Khan Yunis, Gaza Strip), injuring a child and killing 2 persons. Also, the artillery shelled the Hamad city [casualties unknown]. Fatalities coded at least 2.",2,,1753956638
PSE58286,8/17/2024,2024,1,Political violence,Explosions/Remote violence,Air/drone strike,Military Forces of Israel (2022-),,8,Civilians (Palestine),Refugees/IDPs (Palestine),7,78,Civilian targeting,275,Middle East,Palestine,Gaza Strip,North Gaza,,Jabalya Camp,31.536,34.4907,1,Ma'an News Agency; Newpress; Palestine News and Information Agency; Quds News Network; Twitter,New media-National,"On 17 August 2024, Israeli warplanes struck 2 apartments in Al Houja in Jabalya Camp (North Gaza, Gaza Strip), leaving 4 fatalities including woman and children.",4,,1753956638
PSE58309,8/17/2024,2024,1,Political violence,Violence against civilians,Attack,Military Forces of Israel (2022-),,8,Civilians (Palestine),Refugees/IDPs (Palestine),7,78,Civilian targeting,275,Middle East,Palestine,Gaza Strip,Rafah,,Rafah Camp,31.2847,34.2546,1,Quds News Network; Twitter,New media-National,"On 17 August 2024, Israeli forces (likely from tanks) sniped and killed a Palestinian in Al shaboura Camp in Rafah Camp (Rafah, Gaza Strip).",1,,1753956638
PSE58060,8/18/2024,2024,1,Political violence,Explosions/Remote violence,Air/drone strike,Military Forces of Israel (2022-),,8,Civilians (Palestine),Refugees/IDPs (Palestine),7,78,Civilian targeting,275,Middle East,Palestine,Gaza Strip,Deir El Balah,,An Nusayrat,31.4486,34.3925,1,Newpress; Palestine News and Information Agency; Quds News Network; Twitter,New media-National,"On 18 August 2024, Israeli warplanes struck a house in An Nusayrat Camp (Deir El Balah, Gaza Strip), leaving at least 4 fatalities and injuring dozens. Also, 5 Palestinians were killed and 15 more were injured in an airstrike targeted a house in the camp. Total fatalities coded 9.",9,,1753956638
PSE58068,8/18/2024,2024,1,Political violence,Explosions/Remote violence,Air/drone strike,Military Forces of Israel (2022-),,8,Civilians (Palestine),,7,78,Civilian targeting,275,Middle East,Palestine,Gaza Strip,Deir El Balah,,An Nusayrat - North,31.4591,34.3923,1,Newpress; Quds News Network; Twitter,New media-National,"On 18 August 2024, Israeli warplanes struck the al-Nouri tower in Al Mufti land in An Nusayrat - North (Deir El Balah, Gaza Strip). Casualties unknown. Also, the artillery shelled targets in the same area [casualties unknown].",0,,1753956638
PSE58096,8/18/2024,2024,1,Political violence,Explosions/Remote violence,Shelling/artillery/missile attack,Military Forces of Israel (2022-),,8,Civilians (Palestine),,7,78,Civilian targeting,275,Middle East,Palestine,Gaza Strip,Deir El Balah,,Deir al Balah Camp,31.4249,34.34,2,PLO Negotiations Affairs Department; Quds News Network; Twitter,Other-New media,"On 18 August 2024, Israeli artillery and tanks shelled targets east of Deir al Balah, coded to Deir al Balah Camp (Deir El Balah, Gaza Strip), leaving 2 fatalities.",2,,1765850627
PSE58140,8/18/2024,2024,1,Political violence,Explosions/Remote violence,Air/drone strike,Military Forces of Israel (2022-),,8,Civilians (Palestine),,7,78,Civilian targeting,275,Middle East,Palestine,Gaza Strip,Gaza City,,Gaza - Sabra,31.5086,34.4493,1,Ma'an News Agency; Palestine News and Information Agency; Quds News Network; Twitter,New media-National,"On 18 August 2024, Israeli warplanes struck a house in Gaza - Sabra (Gaza City, Gaza Strip), killing a woman and leaving a number of injuries. Also, a UAV dropped a bomb in Sabra while artillery and tanks opened fire toward houses [casualties unknown]. Fatalities coded at least 1.",1,,1759790002
PSE58184,8/18/2024,2024,1,Political violence,Explosions/Remote violence,Shelling/artillery/missile attack,Military Forces of Israel (2022-),,8,Civilians (Palestine),,7,78,Civilian targeting,275,Middle East,Palestine,Gaza Strip,Khan Yunis,,Al Qararah,31.3739,34.3409,1,Quds News Network; Twitter,New media-National,"On 18 August 2024, Israeli artillery and tanks opened fire in Al Qararah (Khan Yunis, Gaza Strip), injuring a woman and a man.",0,,1753956638
PSE58196,8/18/2024,2024,1,Political violence,Explosions/Remote violence,Shelling/artillery/missile attack,Military Forces of Israel (2022-),,8,Civilians (Palestine),,7,78,Civilian targeting,275,Middle East,Palestine,Gaza Strip,Khan Yunis,,Al Qurein,31.3085,34.314,1,Quds News Network; Twitter,New media-National,"On 18 August 2024, Israeli artillery shelled a land in Al Qurein (Khan Yunis, Gaza Strip), leaving injuries.",0,,1753956638
PSE58210,8/18/2024,2024,1,Political violence,Explosions/Remote violence,Shelling/artillery/missile attack,Military Forces of Israel (2022-),,8,Civilians (Palestine),,7,78,Civilian targeting,275,Middle East,Palestine,Gaza Strip,Khan Yunis,,Hamad,31.3749,34.3193,2,Palestine News and Information Agency,National,"On 18 August 2024, Israeli tanks opened fire near Hamad city (Khan Yunis, Gaza strip), killing a woman and leaving a number of injuries.",1,,1753956638
PSE58211,8/18/2024,2024,1,Political violence,Explosions/Remote violence,Air/drone strike,Military Forces of Israel (2022-),,8,Civilians (Palestine),,7,78,Civilian targeting,275,Middle East,Palestine,Gaza Strip,Khan Yunis,,Hamad,31.3749,34.3193,1,Newpress; Quds News Network; Twitter,New media-National,"On 18 August 2024, Israeli warplanes carried out strikes in Hamad city (Khan Yunis, Gaza Strip), leaving 6 injuries.",0,,1753956638
PSE58214,8/18/2024,2024,1,Political violence,Violence against civilians,Attack,Military Forces of Israel (2022-),,8,Civilians (Palestine),Journalists (Palestine),7,78,Civilian targeting,275,Middle East,Palestine,Gaza Strip,Khan Yunis,,Hamad,31.3749,34.3193,2,Palestine News and Information Agency; Quds News Network; Twitter,New media-National,"On 18 August 2024, Israeli forces opened fire toward a group of Palestinian journalists near Hamad (Khan Yunis, Gaza strip), killing a journalist and injuring another female journalist.",1,,1753956638
PSE58247,8/18/2024,2024,1,Political violence,Explosions/Remote violence,Shelling/artillery/missile attack,Military Forces of Israel (2022-),,8,Civilians (Palestine),,7,78,Civilian targeting,275,Middle East,Palestine,Gaza Strip,Khan Yunis,,Khan Yunis - As Sater,31.3637,34.3228,1,Quds News Network; Twitter,New media-National,"On 18 August 2024, Israeli artillery shelled targets in Khan Yunis - As Sater (Khan Yunis, Gaza strip), leaving one fatality and a number of injuries.",1,,1753956638
PSE58260,8/18/2024,2024,1,Political violence,Explosions/Remote violence,Shelling/artillery/missile attack,Military Forces of Israel (2022-),,8,Civilians (Palestine),Refugees/IDPs (Palestine),7,78,Civilian targeting,275,Middle East,Palestine,Gaza Strip,Khan Yunis,,Khan Yunis - West (Municipal Stadium),31.3484,34.2961,2,Newpress; Quds News Network; Twitter,New media-National,"On 18 August 2024, Israeli tanks opened fire toward the tents of displaced people west of Khan Yunis, coded to (Khan Yunis - West (Municipal Stadium), Gaza Strip). A girl was killed in Asada area west of the city.",1,,1753956638
PSE58275,8/18/2024,2024,1,Political violence,Explosions/Remote violence,Air/drone strike,Military Forces of Israel (2022-),,8,Civilians (Palestine),,7,78,Civilian targeting,275,Middle East,Palestine,Gaza Strip,North Gaza,,Beit Lahiya,31.5541,34.5016,1,Quds News Network; Twitter,New media-National,"On 18 August 2024, an Israeli UAV struck an apartment in Beit Lahiya (North Gaza, Gaza Strip). Casualties unknown.",0,,1753956638
PSE58287,8/18/2024,2024,1,Political violence,Explosions/Remote violence,Air/drone strike,Military Forces of Israel (2022-),,8,Civilians (Palestine),Refugees/IDPs (Palestine),7,78,Civilian targeting,275,Middle East,Palestine,Gaza Strip,North Gaza,,Jabalya Camp,31.536,34.4907,1,Newpress; Quds News Network; Twitter,New media-National,"On 18 August 2024, Israeli warplanes struck a target in Jabalya Camp (North Gaza, Gaza Strip), leaving one fatality.",1,,1753956638
PSE58316,8/18/2024,2024,1,Political violence,Explosions/Remote violence,Air/drone strike,Military Forces of Israel (2022-),,8,Civilians (Palestine),,7,78,Civilian targeting,275,Middle East,Palestine,Gaza Strip,Rafah,,Tal as Sultan,31.3098,34.2414,2,Arab 48; Palestine News and Information Agency,National,"On 18 August 2024, Israeli UAVs opened fire in Al Shakoush area northwest of Rafah, coded to Tal as sultan (Rafah, Gaza Strip), killing 2 persons and injuring a number of others. Also, the artillery shelled targets west of Rafah city, coded to Tal as Sultan [casualties unknown]. Total fatalities coded at least 2.",2,,1762829569
PSE58113,8/18/2024,2024,1,Political violence,Explosions/Remote violence,Air/drone strike,Military Forces of Israel (2022-),,8,Civilians (Palestine),,7,78,Civilian targeting,275,Middle East,Palestine,Gaza Strip,Gaza City,,Gaza - Az Zaytun,31.4964,34.4522,1,Palestine News and Information Agency; Quds News Network; Twitter,New media-National,"On 18 August 2024, Israeli warplanes carried out strikes in Gaza - Az Zaytun (Gaza City, Gaza Strip), amid artillery and tank fire that targeted houses. Casualties unknown.",0,,1759790002
PSE58114,8/18/2024,2024,1,Political violence,Explosions/Remote violence,Air/drone strike,Military Forces of Israel (2022-),,8,Civilians (Palestine),,7,78,Civilian targeting,275,Middle East,Palestine,Gaza Strip,Gaza City,,Gaza - Az Zaytun,31.4964,34.4522,2,Quds News Network; Twitter,New media-National,"On 18 August 2024, Israeli warplanes struck a land in Al Sekka street east of Gaza - Az Zaytun (Gaza City, Gaza Strip). Casualties unknown.",0,,1759790002
PSE58075,8/19/2024,2024,1,Political violence,Explosions/Remote violence,Air/drone strike,Military Forces of Israel (2022-),,8,Civilians (Palestine),,7,78,Civilian targeting,275,Middle East,Palestine,Gaza Strip,Deir El Balah,,An Nusayrat - South,31.4389,34.3815,1,Arab 48; Palestine News and Information Agency,National,"On 19 August 2024, Israeli warplanes struck a house in An Nusayrat - South (Deir El Balah, Gaza Strip), leaving 4 fatalities and a number of injuries.",4,,1753956638
PSE58078,8/19/2024,2024,1,Political violence,Explosions/Remote violence,Shelling/artillery/missile attack,Military Forces of Israel (2022-),,8,Civilians (Palestine),Refugees/IDPs (Palestine),7,78,Civilian targeting,275,Middle East,Palestine,Gaza Strip,Deir El Balah,,An Nusayrat - West,31.4525,34.3756,1,Quds News Network; Twitter,New media-National,"On 19 August 2024, Israeli artillery shelled a house near the Radi station in An Nusayrat - West (Deir El Balah, Gaza Strip), injuring a number of displaced people.",0,,1753956638
PSE58087,8/19/2024,2024,1,Political violence,Explosions/Remote violence,Air/drone strike,Military Forces of Israel (2022-),,8,Civilians (Palestine),,7,78,Civilian targeting,275,Middle East,Palestine,Gaza Strip,Deir El Balah,,Deir al Balah,31.4178,34.3503,1,Palestine News and Information Agency,National,"On 19 August 2024, Israeli warplanes struck a target in Deir al Balah (Deir El Balah, Gaza Strip), leaving 3 fatalities and a number of injuries.",3,,1753956638
PSE58105,8/19/2024,2024,1,Political violence,Explosions/Remote violence,Air/drone strike,Military Forces of Israel (2022-),,8,Civilians (Palestine),,7,78,Civilian targeting,275,Middle East,Palestine,Gaza Strip,Deir El Balah,,Wadi as Salqa,31.4005,34.3375,2,Quds News Network; Twitter,New media-National,"On 19 August 2024, Israeli warplanes struck a house south of Deir al Balah, coded to Wadi as Salqa (Deir El Balah, Gaza Strip), leaving injuries.",0,,1753956638
PSE58111,8/19/2024,2024,1,Political violence,Explosions/Remote violence,Air/drone strike,Military Forces of Israel (2022-),,8,Civilians (Palestine),,7,78,Civilian targeting,275,Middle East,Palestine,Gaza Strip,Gaza City,,Gaza - At Tuffah,31.5134,34.4751,1,Ma'an News Agency; Newpress; Palestine News and Information Agency; Quds News Network; Twitter,New media-National,"On 19 August 2024, Israeli warplanes struck a passing car in al-Zarqa area in Gaza - At Tuffah (Gaza City, Gaza Strip), leaving 4 fatalities and a number of injuries.",4,,1759790002
PSE58141,8/19/2024,2024,1,Political violence,Explosions/Remote violence,Air/drone strike,Military Forces of Israel (2022-),,8,Civilians (Palestine),,7,78,Civilian targeting,275,Middle East,Palestine,Gaza Strip,Gaza City,,Gaza - Sabra,31.5086,34.4493,1,Arab 48; Ma'an News Agency; Newpress; Palestine News and Information Agency; Quds News Network; Twitter,New media-National,"On 19 August 2024, Israeli warplanes struck a house and the artillery targeted the Gaza - Sabra (Gaza City, Gaza Strip). Casualties unknown. Also, the artillery shelled the same area. Casualties unknown.",0,,1759790002
PSE58149,8/19/2024,2024,1,Political violence,Explosions/Remote violence,Air/drone strike,Military Forces of Israel (2022-),,8,Civilians (Palestine),,7,78,Civilian targeting,275,Middle East,Palestine,Gaza Strip,Gaza City,,Gaza - Sheikh Radwan,31.5349,34.4667,1,Quds News Network; Twitter,New media-National,"On 19 August 2024, Israeli warplanes struck an apartment in the al-Khalil tower in Gaza - Sheikh Radwan (Gaza City, Gaza Strip). Casualties unknown.",0,,1759790002
PSE58173,8/19/2024,2024,1,Political violence,Explosions/Remote violence,Air/drone strike,Military Forces of Israel (2022-),,8,Civilians (Palestine),,7,78,Civilian targeting,275,Middle East,Palestine,Gaza Strip,Khan Yunis,,Abasan al Kabirah,31.3191,34.3401,1,Arab 48; Palestine News and Information Agency; Quds News Network; Twitter,New media-National,"On 19 August 2024, Israeli warplanes struck an apartment in Abasan al Kabirah (Khan Yunis, Gaza Strip), leaving 4 fatalities including a woman and a child.",4,,1753956638
PSE58186,8/19/2024,2024,1,Political violence,Explosions/Remote violence,Shelling/artillery/missile attack,Military Forces of Israel (2022-),,8,Civilians (Palestine),Refugees/IDPs (Palestine),7,78,Civilian targeting,275,Middle East,Palestine,Gaza Strip,Khan Yunis,,Al Qararah,31.3739,34.3409,1,Quds News Network; Twitter,New media-National,"On 19 August 2024, Israeli tanks opened fire at the Tina street in Al Qararah (Khan Yunis, Gaza Strip), causing fire to the tents of displaced people. Casualties unknown.",0,,1753956638
PSE58216,8/19/2024,2024,1,Political violence,Explosions/Remote violence,Air/drone strike,Military Forces of Israel (2022-),,8,Civilians (Palestine),,7,78,Civilian targeting,275,Middle East,Palestine,Gaza Strip,Khan Yunis,,Hamad,31.3749,34.3193,1,Arab 48; Newpress; Quds News Network; Twitter,New media-National,"On 19 August 2024, Israeli warplanes (including UAVs) struck a residential tower in Hamad city (Khan Yunis, Gaza Strip) amid artillery fire on the outskirts of Hamad. Casualties unknown.",0,,1753956638
PSE58254,8/19/2024,2024,1,Political violence,Explosions/Remote violence,Air/drone strike,Military Forces of Israel (2022-),,8,Civilians (Palestine),,7,78,Civilian targeting,275,Middle East,Palestine,Gaza Strip,Khan Yunis,,Khan Yunis - City Centre,31.3419,34.3015,1,Quds News Network; Twitter,New media-National,"On 19 August 2024, Israeli warplanes struck a target in Al-Taalim area in the center of Khan Yunis, coded to Khan Yunis - City Centre (Khan Yunis, Gaza Strip), injuring 2 children.",0,,1753956638
PSE58256,8/19/2024,2024,1,Political violence,Explosions/Remote violence,Air/drone strike,Military Forces of Israel (2022-),,8,Civilians (Palestine),Refugees/IDPs (Palestine),7,78,Civilian targeting,275,Middle East,Palestine,Gaza Strip,Khan Yunis,,Khan Yunis - Emirati,31.3624,34.2949,2,Ma'an News Agency; Palestine News and Information Agency; Quds News Network; Twitter,New media-National,"On 19 August 2024, Israeli warplanes (including UAVs) struck targets in Asdaa city northwest of Khan Yunis, coded to Khan Yunis - Emirati (Khan Yunis, Gaza Strip), killing a baby and injuring a number of displaced women.",1,,1753956638
PSE58261,8/19/2024,2024,1,Political violence,Explosions/Remote violence,Air/drone strike,Military Forces of Israel (2022-),,8,Civilians (Palestine),,7,78,Civilian targeting,275,Middle East,Palestine,Gaza Strip,Khan Yunis,,Khan Yunis - West (Municipal Stadium),31.3484,34.2961,2,Ma'an News Agency; Palestine News and Information Agency; Quds News Network; Twitter,New media-National,"On 19 August 2024, Israeli warplanes struck a group of people who gathered at an Internet point in al-Namsawi area west of Khan Yunis (coded to Khan Yunis - West (Municipal Stadium), Gaza Strip), killing 6 Palestinians and leaving 16 more injuries.",6,,1753956638
PSE58319,8/19/2024,2024,1,Political violence,Explosions/Remote violence,Air/drone strike,Military Forces of Israel (2022-),,8,Civilians (Palestine),,7,78,Civilian targeting,275,Middle East,Palestine,Gaza Strip,Rafah,,Tal as Sultan,31.3098,34.2414,2,Newpress; Quds News Network; Twitter,New media-National,"On 19 August 2024, Israeli warplanes carried out strikes and the artillery shelled targets west of Rafah, coded to Tal as Sultan (Rafah, Gaza Strip). Casualties unknown. Also, 3 Palestinians were killed in Al Shakoush area northwest of Rafah, coded to Tal as Sultan. Fatalities coded at least 3.",3,,1762829569
PSE58265,8/19/2024,2024,1,Political violence,Explosions/Remote violence,Air/drone strike,Military Forces of Israel (2022-),,8,Civilians (Palestine),,7,78,Civilian targeting,275,Middle East,Palestine,Gaza Strip,Khan Yunis,,Qizan an Najjar,31.323,34.2761,2,Palestine News and Information Agency; Quds News Network; Twitter,New media-National,"On 19 August 2024, Israeli warplanes struck a passing car in Al Hashashin area between Rafah and Khan Yunis, coded to south of Qizan an Najjar (Khan Yunis, Gaza Strip), killing 4 Palestinians.",4,,1753956638
PSE58051,8/20/2024,2024,1,Political violence,Explosions/Remote violence,Air/drone strike,Military Forces of Israel (2022-),,8,Civilians (Palestine),Refugees/IDPs (Palestine),7,78,Civilian targeting,275,Middle East,Palestine,Gaza Strip,Deir El Balah,,Al Burayj,31.4394,34.4031,1,Arab 48; Newpress; Palestine News and Information Agency; Quds News Network; Twitter,New media-National,"On 20 August 2024, Israeli warplanes struck a house in block 9 in Al Burayj Camp (Deir El Balah, Gaza Strip), leaving 6 fatalities and a number of injuries. Also, several persons were injured in artillery shelling in Al Burayj. Total fatalities coded 6.",6,,1753956638
PSE58062,8/20/2024,2024,1,Political violence,Explosions/Remote violence,Air/drone strike,Military Forces of Israel (2022-),,8,Civilians (Palestine),Refugees/IDPs (Palestine),7,78,Civilian targeting,275,Middle East,Palestine,Gaza Strip,Deir El Balah,,An Nusayrat,31.4486,34.3925,1,Newpress; Quds News Network; Twitter,New media-National,"On 20 August 2024, Israeli warplanes struck targets near Ein Jalout towers in An Nusayrat Camp (Deir El Balah, Gaza Strip) injuring 2 persons.",0,,1753956638
PSE58088,8/20/2024,2024,1,Political violence,Explosions/Remote violence,Air/drone strike,Military Forces of Israel (2022-),,8,Civilians (Palestine),,7,78,Civilian targeting,275,Middle East,Palestine,Gaza Strip,Deir El Balah,,Deir al Balah,31.4178,34.3503,1,Arab 48; Ma'an News Agency; Newpress; Palestine News and Information Agency; Quds News Network; Twitter,New media-National,"On 20 August 2024, Israeli warplanes struck a market in Deir al Balah city (Deir El Balah, Gaza Strip), leaving 9 fatalities, including women and children.",9,,1753956638
PSE58098,8/20/2024,2024,1,Political violence,Explosions/Remote violence,Air/drone strike,Military Forces of Israel (2022-),,8,Civilians (Palestine),,7,78,Civilian targeting,275,Middle East,Palestine,Gaza Strip,Deir El Balah,,Deir al Balah Camp,31.4249,34.34,2,Ma'an News Agency; Newpress; Palestine News and Information Agency; PLO Negotiations Affairs Department; Quds News Network; Twitter,Other-New media,"On 20 August 2024, at least 4 Palestinians were killed in UAVs and artillery attacks targeted a building east of Deir al Balah. Meanwhile, Israeli artillery and tanks shelled targets east of Deir al Balah, coded to Deir al Balah Camp (Deir El Balah, Gaza Strip). Casualties unknown. Fatalities coded at least 4.",4,,1765850627
PSE58158,8/20/2024,2024,1,Political violence,Explosions/Remote violence,Air/drone strike,Military Forces of Israel (2022-),,8,Civilians (Palestine),Hamas Movement; Journalists (Palestine); Refugees/IDPs (Palestine),7,78,Civilian targeting,275,Middle East,Palestine,Gaza Strip,Gaza City,,Gaza - Southern Remal,31.5168,34.4355,1,Arab 48; Arutz Sheva; Dunia Al Watan; Israeli Defense Forces; Ma'an News Agency; Newpress; Palestine News and Information Agency; Quds News Network; Twitter,Other-New media,"On 20 August 2024, Israeli warplanes struck the Mustaf al-Hafez School hosting displaced people in Gaza - Southern Remal (Gaza City, Gaza Strip), killing at least 13 Palestinians (including women, children and a journalist) and causing dozens of injuries. The IDF said they targeted Hamas gunmen who were using the school as a hideout and command center, taking several steps not to harm civilians.",13,,1759790002
PSE58187,8/20/2024,2024,1,Political violence,Explosions/Remote violence,Shelling/artillery/missile attack,Military Forces of Israel (2022-),,8,Civilians (Palestine),Refugees/IDPs (Palestine),7,78,Civilian targeting,275,Middle East,Palestine,Gaza Strip,Khan Yunis,,Al Qararah,31.3739,34.3409,2,Palestine News and Information Agency; Quds News Network; Twitter,New media-National,"On 20 August 2024, Israeli tanks opened fire toward the Al Mawasi of Al Qararah, west of Al Qararah (Khan Yunis, Gaza Strip), injuring 5 displaced Palestinians.",0,,1753956638
PSE58203,8/20/2024,2024,1,Political violence,Explosions/Remote violence,Air/drone strike,Military Forces of Israel (2022-),,8,Civilians (Palestine),,7,78,Civilian targeting,275,Middle East,Palestine,Gaza Strip,Khan Yunis,,Bani Suheila,31.3424,34.325,1,Arab 48; Ma'an News Agency; Newpress; Palestine News and Information Agency; Quds News Network; Twitter,New media-National,"On 20 August 2024, an Israeli UAV struck a group of Palestinians who were inside an Internet charging point in Bani Suheila (Khan Yunis, Gaza Strip), killing 7 Palestinians (including a woman and injuring 10 more).",7,,1753956638
PSE58249,8/20/2024,2024,1,Political violence,Explosions/Remote violence,Shelling/artillery/missile attack,Military Forces of Israel (2022-),,8,Civilians (Palestine),,7,78,Civilian targeting,275,Middle East,Palestine,Gaza Strip,Khan Yunis,,Khan Yunis - As Sater,31.3637,34.3228,1,Ma'an News Agency; Newpress; Quds News Network; Twitter,New media-National,"On 20 August 2024, 2 Palestinians were killed in Khan Yunis - As Sater (Khan Yunis, Gaza Strip), likely by Israeli artillery fire.",2,,1753956638
PSE58257,8/20/2024,2024,1,Political violence,Explosions/Remote violence,Air/drone strike,Military Forces of Israel (2022-),,8,Civilians (Palestine),,7,78,Civilian targeting,275,Middle East,Palestine,Gaza Strip,Khan Yunis,,Khan Yunis - Emirati,31.3624,34.2949,2,Quds News Network; Twitter,New media-National,"On 20 August 2024, Israeli warplanes struck a passing car east of Asdaa city northwest of Khan Yunis, coded to Khan Yunis - Emirati (Khan Yunis, Gaza Strip). Casualties unknown.",0,,1753956638
PSE58262,8/20/2024,2024,1,Political violence,Explosions/Remote violence,Shelling/artillery/missile attack,Military Forces of Israel (2022-),,8,Civilians (Palestine),,7,78,Civilian targeting,275,Middle East,Palestine,Gaza Strip,Khan Yunis,,Khan Yunis - West (Municipal Stadium),31.3484,34.2961,2,Newpress; Twitter,New media-National,"On 20 August 2024, Israeli artillery shelled the Jourat al-Aqqad west of Khan Yunis, coded to (Khan Yunis - West (Municipal Stadium), Gaza Strip), killing 2 Palestinians and leaving a number of injuries.",2,,1753956638
PSE58279,8/20/2024,2024,1,Political violence,Explosions/Remote violence,Air/drone strike,Military Forces of Israel (2022-),,8,Civilians (Palestine),,7,78,Civilian targeting,275,Middle East,Palestine,Gaza Strip,North Gaza,,Beit Lahiya - Al Mashroo,31.5433,34.4998,1,Ma'an News Agency; Quds News Network; Twitter,New media-National,"On 20 August 2024, Israeli warplanes struck a target in Beit Lahiya - Al Mashroo (North Gaza, Gaza Strip), leaving 2 injuries.",0,,1753956638
PSE58295,8/20/2024,2024,1,Political violence,Explosions/Remote violence,Shelling/artillery/missile attack,Military Forces of Israel (2022-),,8,Civilians (Palestine),Refugees/IDPs (Palestine),7,78,Civilian targeting,275,Middle East,Palestine,Gaza Strip,Rafah,,Al Mawasi (Rafah),31.3294,34.2299,1,Newpress; Palestine News and Information Agency; Quds News Network; Twitter,New media-National,"On 20 August 2024, Israeli tanks opened fire toward the tents of displaced people and advanced toward Al Shakoush area in (Al Mawasi (Rafah), Gaza Strip), killing 2 Palestinians and injuring 17 more.",2,,1762829569
PSE58284,8/20/2024,2024,1,Political violence,Explosions/Remote violence,Air/drone strike,Military Forces of Israel (2022-),,8,Civilians (Palestine),,7,78,Civilian targeting,275,Middle East,Palestine,Gaza Strip,North Gaza,,Jabalya - Tel-Zaatar,31.5367,34.5035,1,Arab 48; Newpress; Palestine News and Information Agency; Quds News Network; Twitter,New media-National,"On 20 August 2024, Israeli warplanes struck a house in Jabalya - Tel-Zaatar (North Gaza, Gaza Strip), killing a child and causing a number of injuries.",1,,1759790002
PSE58253,8/20/2024,2024,1,Political violence,Explosions/Remote violence,Air/drone strike,Military Forces of Israel (2022-),,8,Civilians (Palestine),,7,78,Civilian targeting,275,Middle East,Palestine,Gaza Strip,Khan Yunis,,Khan Yunis - As-Sameen,31.3369,34.2925,1,Ma'an News Agency; Newpress; Quds News Network; Twitter,New media-National,"On 20 August 2024, Israeli warplanes struck a house in Khan Yunis - As-Sameen (Khan Yunis, Gaza Strip), killing at least 2 Palestinians.",2,,1753956638
PSE58063,8/21/2024,2024,1,Political violence,Explosions/Remote violence,Air/drone strike,Military Forces of Israel (2022-),,8,Civilians (Palestine),Refugees/IDPs (Palestine),7,78,Civilian targeting,275,Middle East,Palestine,Gaza Strip,Deir El Balah,,An Nusayrat,31.4486,34.3925,1,Arab 48; Palestine News and Information Agency; Quds News Network; Twitter,New media-National,"On 21 August 2024, Israeli warplanes struck targets including a house in An Nusayrat Camp (Deir El Balah, Gaza Strip), injuring dozens of Palestinians. Also, 4 Palestinians were killed in an airstrike targeted a house in the market of An Nusayrat. Fatalities were 4.",4,,1753956638
PSE58064,8/21/2024,2024,1,Political violence,Explosions/Remote violence,Air/drone strike,Military Forces of Israel (2022-),,8,Civilians (Palestine),,7,78,Civilian targeting,275,Middle East,Palestine,Gaza Strip,Deir El Balah,,An Nusayrat,31.4486,34.3925,2,Quds News Network; Twitter,New media-National,"On 21 August 2024, Israeli warplanes struck a target a house east of An Nusayrat camp (Deir El Balah, Gaza Strip), causing injuries.",0,,1753956638
PSE58099,8/21/2024,2024,1,Political violence,Explosions/Remote violence,Air/drone strike,Military Forces of Israel (2022-),,8,Civilians (Palestine),,7,78,Civilian targeting,275,Middle East,Palestine,Gaza Strip,Deir El Balah,,Deir al Balah Camp,31.4249,34.34,2,Ma'an News Agency; Newpress; Palestine News and Information Agency; PLO Negotiations Affairs Department; Quds News Network; Twitter,Other-New media,"On 21 August 2024, Israeli warplanes struck the al-Qastal tower and the artillery shelled targets east of Deir al Balah, coded to Deir al Balah Camp (Deir El Balah, Gaza Strip). At least one Palestinian was killed in artillery fire that targeted Abu Arif area southeast of Deir al Balah.",1,,1765850627
PSE58106,8/21/2024,2024,1,Political violence,Explosions/Remote violence,Air/drone strike,Military Forces of Israel (2022-),,8,Civilians (Palestine),,7,78,Civilian targeting,275,Middle East,Palestine,Gaza Strip,Deir El Balah,,Wadi as Salqa,31.4005,34.3375,2,Arab 48; Quds News Network; Twitter,New media-National,"On 21 August 2024, Israeli warplanes struck a target near the Mujahdeen mosque south of Deir al Balah, coded to Wadi as Salqa (Deir El Balah, Gaza Strip), killing a Palestinian.",1,,1753956638
PSE58174,8/21/2024,2024,1,Political violence,Explosions/Remote violence,Air/drone strike,Military Forces of Israel (2022-),,8,Civilians (Palestine),,7,78,Civilian targeting,275,Middle East,Palestine,Gaza Strip,Khan Yunis,,Abasan al Kabirah,31.3191,34.3401,1,Arab 48; Newpress; Palestine News and Information Agency; Quds News Network; Twitter,New media-National,"On 21 August 2024, Israeli warplanes struck targets (including a house) in Abasan al Kabirah (Khan Yunis, Gaza Strip) amid artillery fire. 21 Palestinians were killed east of Khan Yunis areas [fatalities split across 3 locations, 5 fatalities coded to this location].",5,,1753956638
PSE58192,8/21/2024,2024,1,Political violence,Explosions/Remote violence,Shelling/artillery/missile attack,Military Forces of Israel (2022-),,8,Civilians (Palestine),Refugees/IDPs (Palestine),7,78,Civilian targeting,275,Middle East,Palestine,Gaza Strip,Khan Yunis,,Al Qararah,31.3739,34.3409,1,Arab 48; Newpress; Palestine News and Information Agency; Quds News Network; Twitter,New media-National,"On 21 August 2024, Israeli tanks opened fire toward Palestinian houses and the tents of displaced people in Al Qararah (Khan Yunis, Gaza Strip) amid artillery shelling. 4 Palestinians were killed.",4,,1753956638
PSE58204,8/21/2024,2024,1,Political violence,Explosions/Remote violence,Air/drone strike,Military Forces of Israel (2022-),,8,Civilians (Palestine),,7,78,Civilian targeting,275,Middle East,Palestine,Gaza Strip,Khan Yunis,,Bani Suheila,31.3424,34.325,2,Palestine News and Information Agency; PLO Negotiations Affairs Department; Quds News Network; Twitter,Other-New media,"On 21 August 2024, Israeli warplanes carried out strikes and the artillery shelled targets east of Khan Yunis, coded to Bani Suheila (Khan Yunis, Gaza Strip). 21 Palestinians were killed east of Khan Yunis areas [fatalities split across 3 locations, 6 fatalities coded to this location].",6,,1753956638
PSE58205,8/21/2024,2024,1,Political violence,Explosions/Remote violence,Air/drone strike,Military Forces of Israel (2022-),,8,Civilians (Palestine),Refugees/IDPs (Palestine),7,78,Civilian targeting,275,Middle East,Palestine,Gaza Strip,Khan Yunis,,Bani Suheila,31.3424,34.325,1,Arab 48; Ma'an News Agency; Palestine News and Information Agency; Quds News Network; Twitter,New media-National,"On 21 August 2024, Israeli warplanes carried out strikes, targeting the tents of displaced people in Bani Suheil (Khan Yunis, Gaza Strip), leaving 7 fatalities [2 women and 5 children]. Also, a number of Palestinians were killed in an airstrike targeted a tent in Al Zanneh area in Bani Suheila. Total fatalities coded as 10. (7 confirmed, 3 unspecified).",10,,1753956638
PSE58223,8/21/2024,2024,1,Political violence,Explosions/Remote violence,Air/drone strike,Military Forces of Israel (2022-),,8,Civilians (Palestine),,7,78,Civilian targeting,275,Middle East,Palestine,Gaza Strip,Khan Yunis,,Hamad,31.3749,34.3193,1,Quds News Network; Twitter,New media-National,"On 21 August 2024, Israeli warplanes struck targets (including buildings) in Hamad and on the outskirts of Hamad (Khan Yunis, Gaza Strip). Casualties unknown.",0,,1753956638
PSE58250,8/21/2024,2024,1,Political violence,Explosions/Remote violence,Air/drone strike,Military Forces of Israel (2022-),,8,Civilians (Palestine),,7,78,Civilian targeting,275,Middle East,Palestine,Gaza Strip,Khan Yunis,,Khan Yunis - As Sater,31.3637,34.3228,1,Newpress; Palestine News and Information Agency; Twitter,New media-National,"On 21 August 2024, Israeli warplanes struck a land in Khan Yunis - As Sater (Khan Yunis, Gaza Strip), leaving injuries.",0,,1753956638
PSE58276,8/21/2024,2024,1,Political violence,Explosions/Remote violence,Air/drone strike,Military Forces of Israel (2022-),,8,Civilians (Palestine),Farmers (Palestine),7,78,Civilian targeting,275,Middle East,Palestine,Gaza Strip,North Gaza,,Beit Lahiya,31.5541,34.5016,1,Newpress; Palestine News and Information Agency; Quds News Network; Twitter,New media-National,"On 21 August 2024, Israeli warplanes struck a house in Beit Lahiya (North Gaza, Gaza Strip), killing at least 11 Palestinians and injuring others [including women and children]. Also, the Israeli artillery shelled farmers in Beit Lahiya leaving fatalities and injuries. An unspecified number of fatalities coded as 3. Total fatalities coded as 14 [11 confirmed, 3 unspecified].",14,,1753956638
PSE58296,8/21/2024,2024,1,Political violence,Explosions/Remote violence,Shelling/artillery/missile attack,Military Forces of Israel (2022-),,8,Civilians (Palestine),Refugees/IDPs (Palestine),7,78,Civilian targeting,275,Middle East,Palestine,Gaza Strip,Rafah,,Al Mawasi (Rafah),31.3294,34.2299,1,Palestine News and Information Agency; Quds News Network; Twitter,New media-National,"On 21 August 2024, Israeli tanks opened fire at the tents of displaced people in (Al Mawasi (Rafah), Gaza Strip), injuring dozens of Palestinians.",0,,1762829569
PSE58328,8/21/2024,2024,1,Political violence,Explosions/Remote violence,Air/drone strike,Military Forces of Israel (2022-),,8,Civilians (Palestine),,7,78,Civilian targeting,275,Middle East,Palestine,Gaza Strip,Rafah,,Tal as Sultan,31.3098,34.2414,2,Palestine News and Information Agency,National,"On 21 August 2024, Israeli warplanes struck houses and targets west and northwest of Rafah, coded to Tal as Sultan (Rafah, Gaza Strip), killing 4 Palestinians.",4,,1762829569
PSE58241,8/21/2024,2024,1,Political violence,Violence against civilians,Attack,Military Forces of Israel (2022-),,8,Civilians (Palestine),,7,78,Civilian targeting,275,Middle East,Palestine,Gaza Strip,Khan Yunis,,Khan Yunis - Al Kateebeh,31.3642,34.3085,2,Ma'an News Agency; Newpress; Quds News Network; Twitter,New media-National,"On 21 August 2024, 2 Palestinians were killed by Israeli snipers in Asdaa city north of Khan Yunis, coded to Khan Yunis - Al Kateebeh (Khan Yunis, Gaza Strip).",2,,1767742780
PSE58083,8/21/2024,2024,1,Political violence,Explosions/Remote violence,Shelling/artillery/missile attack,Military Forces of Israel (2022-),,8,Civilians (Palestine),Fishers (Palestine),7,78,Civilian targeting,275,Middle East,Palestine,Gaza Strip,Deir El Balah,,Coast of Deir al Balah,31.4323,34.3283,2,Quds News Network; Twitter,New media-National,"On 21 August 2024, Israeli gunboats opened fire off the Coast of Deir al Balah (Deir El Balah, Gaza Strip), killing a fisher and injuring another person.",1,,1764045690
PSE58117,8/21/2024,2024,1,Political violence,Explosions/Remote violence,Air/drone strike,Military Forces of Israel (2022-),,8,Civilians (Palestine),,7,78,Civilian targeting,275,Middle East,Palestine,Gaza Strip,Gaza City,,Gaza - Az Zaytun,31.4964,34.4522,1,Ma'an News Agency; Newpress; Palestine News and Information Agency; Quds News Network; Twitter,New media-National,"On 21 August 2024, Israeli warplanes and UAVs struck targets Gaza - Az Zaytun (Gaza City, Gaza Strip). Casualties unknown. Also, the artillery targeted Az Zaytun. Casualties unknown. Also, 3 Palestinians were killed in an airstrike that targeted a house. In addition, 8 Palestinians were killed in 2 other airstrikes. Fatalities coded at least 11.",11,,1759790002
PSE58054,8/22/2024,2024,1,Political violence,Explosions/Remote violence,Air/drone strike,Military Forces of Israel (2022-),,8,Civilians (Palestine),Journalists (Palestine); Refugees/IDPs (Palestine),7,78,Civilian targeting,275,Middle East,Palestine,Gaza Strip,Deir El Balah,,Al Maghazi,31.4214,34.3865,1,Arab 48; Palestine News and Information Agency; Quds News Network; Twitter,New media-National,"On 22 August 2024, Israeli warplanes struck a house in Al Maghazi Camp (Deir El Balah, Gaza Strip), killing 6 Palestinians [including a journalist] and injuring 4 more.",6,,1753956638
PSE58065,8/22/2024,2024,1,Political violence,Explosions/Remote violence,Air/drone strike,Military Forces of Israel (2022-),,8,Civilians (Palestine),Refugees/IDPs (Palestine),7,78,Civilian targeting,275,Middle East,Palestine,Gaza Strip,Deir El Balah,,An Nusayrat,31.4486,34.3925,1,Arab 48; Palestine News and Information Agency; Quds News Network; Twitter,New media-National,"On 22 August 2024, Israeli warplanes struck a house in An Nusayrat Camp (Deir El Balah, Gaza Strip), injuring a number of Palestinians. Also, several persons were injured in an airstrike that targeted a mobile room belonging to displaced people.",0,,1753956638
PSE58066,8/22/2024,2024,1,Political violence,Explosions/Remote violence,Air/drone strike,Military Forces of Israel (2022-),,8,Civilians (Palestine),Refugees/IDPs (Palestine),7,78,Civilian targeting,275,Middle East,Palestine,Gaza Strip,Deir El Balah,,An Nusayrat,31.4486,34.3925,2,Newpress; Quds News Network; Twitter,New media-National,"On 22 August 2024, Israeli artillery shelled a tent belonging to displaced family at Salah al-Din Road east of An Nusayrat camp (Deir El Balah, Gaza Strip), leaving 3 injuries. Also, Israeli warplanes struck and destroyed the Zaqout tower east of An Nusayrat [casualties unknown].",0,,1753956638
PSE58073,8/22/2024,2024,1,Political violence,Explosions/Remote violence,Shelling/artillery/missile attack,Military Forces of Israel (2022-),,8,Civilians (Palestine),,7,78,Civilian targeting,275,Middle East,Palestine,Gaza Strip,Deir El Balah,,An Nusayrat - North,31.4591,34.3923,1,Arab 48; Newpress; Palestine News and Information Agency; Quds News Network; Twitter,New media-National,"On 22 August 2024, Israeli artillery targeted a house near Al Mufti area in An Nusayrat - North (Deir El Balah, Gaza Strip), killing a Palestinian.",1,,1753956638
PSE58076,8/22/2024,2024,1,Political violence,Explosions/Remote violence,Air/drone strike,Military Forces of Israel (2022-),,8,Civilians (Palestine),,7,78,Civilian targeting,275,Middle East,Palestine,Gaza Strip,Deir El Balah,,An Nusayrat - South,31.4389,34.3815,1,Quds News Network; Twitter,New media-National,"On 22 August 2024, Israeli warplanes struck a house in An Nusayrat - South (Deir El Balah, Gaza Strip). Casualties unknown.",0,,1753956638
PSE58079,8/22/2024,2024,1,Political violence,Explosions/Remote violence,Air/drone strike,Military Forces of Israel (2022-),,8,Civilians (Palestine),,7,78,Civilian targeting,275,Middle East,Palestine,Gaza Strip,Deir El Balah,,An Nusayrat - West,31.4525,34.3756,1,Palestine News and Information Agency,National,"On 22 August 2024, Israeli warplanes struck a house in An Nusayrat - West (Deir El Balah, Gaza Strip), injuring a number of Palestinians, including women and children.",0,,1753956638
PSE58093,8/22/2024,2024,1,Political violence,Explosions/Remote violence,Air/drone strike,Military Forces of Israel (2022-),,8,Civilians (Palestine),Refugees/IDPs (Palestine),7,78,Civilian targeting,275,Middle East,Palestine,Gaza Strip,Deir El Balah,,Deir al Balah,31.4178,34.3503,1,Arab 48; Palestine News and Information Agency; Quds News Network; Twitter,New media-National,"On 22 August 2024, Israeli warplanes targeted a house at Abu Husni street in Deir al Balah city (Deir El Balah, Gaza Strip). Casualties unknown. Also, an Israeli UAV struck a school hosting displaced people in Deir al Balah city, killing 2 Palestinians. Fatalities coded at least 2.",2,,1753956638
PSE58101,8/22/2024,2024,1,Political violence,Explosions/Remote violence,Air/drone strike,Military Forces of Israel (2022-),,8,Civilians (Palestine),,7,78,Civilian targeting,275,Middle East,Palestine,Gaza Strip,Deir El Balah,,Deir al Balah Camp,31.4249,34.34,2,Newpress; Palestine News and Information Agency; PLO Negotiations Affairs Department; Quds News Network; Twitter,Other-New media,"On 22 August 2024, Israeli warplanes and UAVs carried out strikes east of Deir al Balah and the artillery shelled targets east of the city, coded to Deir al Balah Camp (Deir El Balah, Gaza Strip). Casualties unknown. At least one Palestinian was killed by UAVs fire. Fatalities coded at least 1.",1,,1765850627
PSE58146,8/22/2024,2024,1,Political violence,Explosions/Remote violence,Shelling/artillery/missile attack,Military Forces of Israel (2022-),,8,Civilians (Palestine),,7,78,Civilian targeting,275,Middle East,Palestine,Gaza Strip,Gaza City,,Gaza - Sabra,31.5086,34.4493,2,Palestine News and Information Agency,National,"On 22 August 2024, Israeli artillery shelled south of Gaza - Sabra (Gaza City, Gaza Strip), injuring a number of Palestinians.",0,,1759790002
PSE58175,8/22/2024,2024,1,Political violence,Explosions/Remote violence,Air/drone strike,Military Forces of Israel (2022-),,8,Civilians (Palestine),,7,78,Civilian targeting,275,Middle East,Palestine,Gaza Strip,Khan Yunis,,Abasan al Kabirah,31.3191,34.3401,1,Arab 48; Palestine News and Information Agency; Quds News Network; Twitter,New media-National,"On 22 August 2024, Israeli warplanes struck a gathering in Abasan al Kabirah (Khan Yunis, Gaza Strip), killing 3 Palestinians including a child.",3,,1753956638
PSE58177,8/22/2024,2024,1,Political violence,Explosions/Remote violence,Air/drone strike,Military Forces of Israel (2022-),,8,Civilians (Palestine),,7,78,Civilian targeting,275,Middle East,Palestine,Gaza Strip,Khan Yunis,,Al Fukhari,31.2952,34.3332,1,Newpress; Palestine News and Information Agency; Quds News Network; Twitter,New media-National,"On 22 August 2024, Israeli warplanes struck a house in Al Fukhari (Khan Yunis, Gaza Strip), killing 2 persons [a woman and her child].",2,,1753956638
PSE58194,8/22/2024,2024,1,Political violence,Explosions/Remote violence,Shelling/artillery/missile attack,Military Forces of Israel (2022-),,8,Civilians (Palestine),Refugees/IDPs (Palestine),7,78,Civilian targeting,275,Middle East,Palestine,Gaza Strip,Khan Yunis,,Al Qararah,31.3739,34.3409,2,Newpress; Palestine News and Information Agency; Quds News Network; Twitter,New media-National,"On 22 August 2024, Israeli tanks opened fire towards the tents of displaced people in Mawasi Al Qararah, west of Al Qararah (Khan Yunis, Gaza Strip). Casualties unknown.",0,,1753956638
PSE58224,8/22/2024,2024,1,Political violence,Explosions/Remote violence,Shelling/artillery/missile attack,Military Forces of Israel (2022-),,8,Civilians (Palestine),,7,78,Civilian targeting,275,Middle East,Palestine,Gaza Strip,Khan Yunis,,Hamad,31.3749,34.3193,1,Newpress; Quds News Network; Twitter,New media-National,"On 22 August 2024, Israeli artillery carried out intense shelling on the outskirts of Hamad (Khan Yunis, Gaza Strip), killing at least one Palestinian.",1,,1753956638
PSE58278,8/22/2024,2024,1,Political violence,Explosions/Remote violence,Air/drone strike,Military Forces of Israel (2022-),,8,Civilians (Palestine),,7,78,Civilian targeting,275,Middle East,Palestine,Gaza Strip,North Gaza,,Beit Lahiya,31.5541,34.5016,1,Arab 48; Palestine News and Information Agency; Quds News Network; Twitter,New media-National,"On 22 August 2024, Israeli warplanes struck a house in the al-Shaymaa area of Beit Lahiya (North Gaza, Gaza Strip), injuring a number of Palestinians.",0,,1753956638
PSE58297,8/22/2024,2024,1,Political violence,Explosions/Remote violence,Shelling/artillery/missile attack,Military Forces of Israel (2022-),,8,Civilians (Palestine),Refugees/IDPs (Palestine),7,78,Civilian targeting,275,Middle East,Palestine,Gaza Strip,Rafah,,Al Mawasi (Rafah),31.3294,34.2299,1,Quds News Network; Twitter,New media-National,"On 22 August 2024, Israeli tanks opened fire at the tents of displaced people in Al Mawasi (Rafah), Gaza Strip. Casualties unknown.",0,,1762829569
PSE58119,8/22/2024,2024,1,Political violence,Explosions/Remote violence,Air/drone strike,Military Forces of Israel (2022-),,8,Civilians (Palestine),,7,78,Civilian targeting,275,Middle East,Palestine,Gaza Strip,Gaza City,,Gaza - Az Zaytun,31.4964,34.4522,2,Arab 48; Palestine News and Information Agency; Quds News Network; Twitter,New media-National,"On 22 August 2024, Israeli warplanes struck a gathering east of Gaza - Az Zaytun (Gaza City, Gaza Strip), killing a Palestinian and injuring a number of others.",1,,1759790002
PSE58283,8/22/2024,2024,1,Political violence,Explosions/Remote violence,Shelling/artillery/missile attack,Military Forces of Israel (2022-),,8,Civilians (Palestine),,7,78,Civilian targeting,275,Middle East,Palestine,Gaza Strip,North Gaza,,Jabalya,31.5272,34.4835,2,Arab 48; Newpress; Quds News Network; Twitter,New media-National,"On 22 August 2024, Israeli artillery shelled targets east of Jabalya (North Gaza, Gaza Strip), killing a Palestinian.",1,,1759790002
PSE58285,8/22/2024,2024,1,Political violence,Explosions/Remote violence,Air/drone strike,Military Forces of Israel (2022-),,8,Civilians (Palestine),,7,78,Civilian targeting,275,Middle East,Palestine,Gaza Strip,North Gaza,,Jabalya - Tel-Zaatar,31.5367,34.5035,1,Newpress; Palestine News and Information Agency; Quds News Network; Twitter,New media-National,"On 22 August 2024, Israeli warplanes struck a house in Jabalya - Tel-Zaatar (North Gaza, Gaza Strip), killing 3 Palestinians and injuring a number of others, including women and children.",3,,1759790002
PSE71486,8/22/2024,2024,1,Political violence,Violence against civilians,Attack,Unidentified Armed Group (Palestine),,3,Civilians (Palestine),,7,37,Civilian targeting,275,Middle East,Palestine,Gaza Strip,Khan Yunis,,Khan Yunis,31.3502,34.3081,1,The Independent Commission For Human Rights,National,"On 22 August 2024, unidentified individuals opened fire and killed a Palestinian in Khan Yunis city (Khan Yunis, Gaza Strip).",1,,1744085448
PSE58057,8/23/2024,2024,1,Political violence,Explosions/Remote violence,Air/drone strike,Military Forces of Israel (2022-),,8,Civilians (Palestine),,7,78,Civilian targeting,275,Middle East,Palestine,Gaza Strip,Deir El Balah,,Al Musaddar,31.4105,34.378,1,Arab 48,National,"On 23 August 2024, Israeli UAV struck a target in Al Musaddar (Deir El Balah, Gaza Strip), killing one Palestinian.",1,,1765850627
PSE58074,8/23/2024,2024,1,Political violence,Explosions/Remote violence,Air/drone strike,Military Forces of Israel (2022-),,8,Civilians (Palestine),,7,78,Civilian targeting,275,Middle East,Palestine,Gaza Strip,Deir El Balah,,An Nusayrat - North,31.4591,34.3923,1,Ma'an News Agency; Newpress; Quds News Network; Twitter,New media-National,"On 23 August 2024, Israeli warplanes struck targets in An Nusayrat - North (Deir El Balah, Gaza Strip), leaving 4 fatalities and a number of injuries. Also, the artillery shelled targets in the same location [casualties unknown]. Fatalities coded at least 4.",4,,1753956638
PSE58080,8/23/2024,2024,1,Political violence,Explosions/Remote violence,Air/drone strike,Military Forces of Israel (2022-),,8,Civilians (Palestine),,7,78,Civilian targeting,275,Middle East,Palestine,Gaza Strip,Deir El Balah,,An Nusayrat - West,31.4525,34.3756,1,Arab 48; Newpress; Quds News Network; Twitter,New media-National,"On 23 August 2024, Israeli warplanes struck a house in An Nusayrat - West (Deir El Balah, Gaza Strip), leaving 4 fatalities. Also, the artillery shelled Tabet al-Nwairi in in the same location [casualties unknown]. Fatalities coded at least 4.",4,,1753956638
PSE58208,8/23/2024,2024,1,Political violence,Explosions/Remote violence,Air/drone strike,Military Forces of Israel (2022-),,8,Civilians (Palestine),Refugees/IDPs (Palestine),7,78,Civilian targeting,275,Middle East,Palestine,Gaza Strip,Khan Yunis,,Bani Suheila,31.3424,34.325,1,Palestine News and Information Agency; Quds News Network; Twitter,New media-National,"On 23 August 2024, Israeli UAVs struck a tent belonging to displaced people in Bani Suheila [casualties unknown]. Also, artillery shelled the north of Bani Suheila junction in Bani Suheila (Khan Yunis, Gaza Strip), leaving injuries.",0,,1753956638
PSE58259,8/23/2024,2024,1,Political violence,Explosions/Remote violence,Air/drone strike,Military Forces of Israel (2022-),,8,Civilians (Palestine),,7,78,Civilian targeting,275,Middle East,Palestine,Gaza Strip,Khan Yunis,,Khan Yunis - Maen,31.336,34.3172,2,Ma'an News Agency; Newpress; Quds News Network; Twitter,New media-National,"On 23 August 2024, an Israeli UAV struck a passing car southeast of Khan Yunis, coded to Khan Yunis - Maen (Khan Yunis, Gaza Strip), killing 4 Palestinians.",4,,1753956638
PSE58263,8/23/2024,2024,1,Political violence,Explosions/Remote violence,Air/drone strike,Military Forces of Israel (2022-),,8,Civilians (Palestine),,7,78,Civilian targeting,275,Middle East,Palestine,Gaza Strip,Khan Yunis,,Khan Yunis - West (Municipal Stadium),31.3484,34.2961,2,Ma'an News Agency; Palestine News and Information Agency; Quds News Network; Twitter,New media-National,"On 23 August 2024, Israeli warplanes struck a house in Al Hawouz area in Khan Yunis Camp (coded to Khan Yunis - West (Municipal Stadium), Gaza Strip), killing one Palestinian and injuring others. Also, UAVS struck a target in al-Namsawi area west of the city [casualties unknown]. Fatalities coded at least 1.",1,,1753956638
PSE58280,8/23/2024,2024,1,Political violence,Explosions/Remote violence,Air/drone strike,Military Forces of Israel (2022-),,8,Civilians (Palestine),,7,78,Civilian targeting,275,Middle East,Palestine,Gaza Strip,North Gaza,,Beit Lahiya - Al Salateen,31.5558,34.4814,1,Newpress; Palestine News and Information Agency; Twitter,New media-National,"On 23 August 2024, Israeli warplanes struck targets in Beit Lahiya - Al Salateen (North Gaza, Gaza Strip), killing one Palestinian.",1,,1753956638
PSE58282,8/23/2024,2024,1,Political violence,Explosions/Remote violence,Air/drone strike,Military Forces of Israel (2022-),,8,Civilians (Palestine),,7,78,Civilian targeting,275,Middle East,Palestine,Gaza Strip,North Gaza,,Beit Lahiya - Ezbet Beit Hanoun,31.5472,34.5225,1,Palestine News and Information Agency; Quds News Network; Twitter,New media-National,"On 23 August 2024, Israeli warplanes struck targets in Beit Lahiya - Ezbet Beit Hanoun (North Gaza, Gaza Strip), killing 4 Palestinians.",4,,1753956638
PSE58266,8/23/2024,2024,1,Political violence,Explosions/Remote violence,Shelling/artillery/missile attack,Military Forces of Israel (2022-),,8,Civilians (Palestine),,7,78,Civilian targeting,275,Middle East,Palestine,Gaza Strip,Khan Yunis,,Qizan an Najjar,31.323,34.2761,2,Ma'an News Agency; Palestine News and Information Agency; Quds News Network; Twitter,New media-National,"On 23 August 2024, Israeli artillery shelled the Qizan Rashawan west of Qizan an Najjar (Khan Yunis, Gaza Strip), killing 2 Palestinians and injuring others.",2,,1753956638
PSE58307,8/23/2024,2024,1,Political violence,Explosions/Remote violence,Shelling/artillery/missile attack,Military Forces of Israel (2022-),,8,Civilians (Palestine),,7,78,Civilian targeting,275,Middle East,Palestine,Gaza Strip,Rafah,,Rafah,31.287,34.2595,1,Ma'an News Agency; Newpress; Palestine News and Information Agency; Quds News Network; Twitter,New media-National,"On 23 August 2024, Israeli artillery shelled targets in Rafah city (Rafah, Gaza Strip), killing 2 Palestinians.",2,,1762829569
PSE58476,8/24/2024,2024,1,Political violence,Explosions/Remote violence,Air/drone strike,Military Forces of Israel (2022-),,8,Civilians (Palestine),Refugees/IDPs (Palestine),7,78,Civilian targeting,275,Middle East,Palestine,Gaza Strip,Deir El Balah,,Al Burayj,31.4394,34.4031,1,Arab 48; Ma'an News Agency; Palestine News and Information Agency; Quds News Network; Twitter,New media-National,"On 24 August 2024, Israeli warplanes carried out a strike in Al Burayj and artillery shelled a house in Al Burayj camp (Deir El Balah, Gaza Strip), killing a woman along with her baby girl.",2,,1753956638
PSE58478,8/24/2024,2024,1,Political violence,Explosions/Remote violence,Air/drone strike,Military Forces of Israel (2022-),,8,Civilians (Palestine),Refugees/IDPs (Palestine),7,78,Civilian targeting,275,Middle East,Palestine,Gaza Strip,Deir El Balah,,An Nusayrat,31.4486,34.3925,1,Palestine News and Information Agency; Quds News Network; Twitter,New media-National,"On 24 August 2024, Israeli warplanes struck an apartment at Ein Jalout towers in An Nusayrat camp (Deir El Balah, Gaza Strip), killing 3 Palestinians and injuring others.",3,,1753956638
PSE58479,8/24/2024,2024,1,Political violence,Explosions/Remote violence,Air/drone strike,Military Forces of Israel (2022-),,8,Civilians (Palestine),Refugees/IDPs (Palestine),7,78,Civilian targeting,275,Middle East,Palestine,Gaza Strip,Deir El Balah,,An Nusayrat - North,31.4591,34.3923,1,Ma'an News Agency; Palestine News and Information Agency,National,"On 24 August 2024, an Israeli UAV struck a school hosting displaced people in An Nusayrat - North (Deir El Balah, Gaza Strip), injuring 3 Palestinians. Also, the artillery shelled the Al Mufti land in the same location [casualties unknown].",0,,1753956638
PSE58481,8/24/2024,2024,1,Political violence,Explosions/Remote violence,Air/drone strike,Military Forces of Israel (2022-),,8,Civilians (Palestine),,7,78,Civilian targeting,275,Middle East,Palestine,Gaza Strip,Deir El Balah,,Deir al Balah,31.4178,34.3503,1,Arab 48; Newpress; Palestine News and Information Agency; Quds News Network; Twitter,New media-National,"On 24 August 2024, Israeli warplanes struck a target the al-Haker area in Deir al Balah city (Deir El Balah, Gaza Strip), killing 6 Palestinians and injuring others. Also, the artillery targeted the same area, leaving a number of injuries. Meanwhile, warplanes carried out intense strikes east of Deir al Balah [casualties unknown]. Fatalities were at least 6.",6,,1753956638
PSE58482,8/24/2024,2024,1,Political violence,Violence against civilians,Attack,Military Forces of Israel (2022-),,8,Civilians (Palestine),Refugees/IDPs (Palestine); Women (Palestine),7,78,Civilian targeting,275,Middle East,Palestine,Gaza Strip,Deir El Balah,,Deir al Balah,31.4178,34.3503,1,Quds News Network; Twitter,New media-National,"On 24 August 2024, an Israeli sniper shot and killed a Palestinian woman while she was inside a school hosting displaced people in Deir al Balah city (Deir El Balah, Gaza Strip).",1,,1753956638
PSE58484,8/24/2024,2024,1,Political violence,Explosions/Remote violence,Air/drone strike,Military Forces of Israel (2022-),,8,Civilians (Palestine),Refugees/IDPs (Palestine),7,78,Civilian targeting,275,Middle East,Palestine,Gaza Strip,Deir El Balah,,Deir al Balah Camp,31.4249,34.34,2,Palestine News and Information Agency; PLO Negotiations Affairs Department; Quds News Network; Twitter,Other-New media,"On 24 August 2024, Israeli warplanes struck targets including a house and group of Palestinians in Abu Arif area east of Deir al Balah, coded to Deir al Balah Camp (Deir El Balah, Gaza Strip), killing at least one person and injuring others. Meanwhile, UAVs opened fire at the tents of displaced people east of Deir al Balah, leaving one fatality and a number of injuries including women. Also, the Israeli artillery shelled targets east of Deir al Balah. Casualties unknown. Total fatalities coded at least 2.",2,,1765850627
PSE58495,8/24/2024,2024,1,Political violence,Explosions/Remote violence,Shelling/artillery/missile attack,Military Forces of Israel (2022-),,8,Civilians (Palestine),,7,78,Civilian targeting,275,Middle East,Palestine,Gaza Strip,Khan Yunis,,Khan Yunis,31.3502,34.3081,1,Palestine News and Information Agency,National,"On 24 August 2024, Israeli tanks opened fire in Khan Yunis city (Khan Yunis, Gaza Strip), killing a Palestinian and injuring 3 more.",1,,1753956638
PSE58496,8/24/2024,2024,1,Political violence,Explosions/Remote violence,Air/drone strike,Military Forces of Israel (2022-),,8,Civilians (Palestine),,7,78,Civilian targeting,275,Middle East,Palestine,Gaza Strip,Khan Yunis,,Khan Yunis - Al Amal,31.3544,34.3007,1,Ma'an News Agency; Palestine News and Information Agency; Quds News Network; Twitter,New media-National,"On 24 August 2024, Israeli warplanes struck a house in Khan Yunis - Al Amal (Khan Yunis, Gaza Strip), killing 11 Palestinians including 4 women and 4 children, and injuring 15 more.",11,,1753956638
PSE58497,8/24/2024,2024,1,Political violence,Explosions/Remote violence,Air/drone strike,Military Forces of Israel (2022-),,8,Civilians (Palestine),,7,78,Civilian targeting,275,Middle East,Palestine,Gaza Strip,Khan Yunis,,Khan Yunis - Al Kateebeh,31.3642,34.3085,1,Arab 48; Jerusalem Post; Newpress; Palestine News and Information Agency; Quds News Network; Twitter,New media-National,"On 24 August 2024, Israeli UAVs struck a Tuk Tuk vehicle in Khan Yunis - Al Kateebeh (Khan Yunis, Gaza Strip), leaving 11 fatalities.",11,,1767742780
PSE58498,8/24/2024,2024,1,Political violence,Explosions/Remote violence,Air/drone strike,Military Forces of Israel (2022-),,8,Civilians (Palestine),,7,78,Civilian targeting,275,Middle East,Palestine,Gaza Strip,Khan Yunis,,Khan Yunis - Al Kateebeh,31.3642,34.3085,2,Quds News Network; Twitter,New media-National,"On 24 August 2024, Israeli UAVs opened fire in Asdaa city north of Khan Yunis, coded to Khan Yunis - Al Kateebeh (Khan Yunis, Gaza Strip), leaving injuries. A Palestinian woman succumbed to her wounds.",1,,1767742780
PSE58499,8/24/2024,2024,1,Political violence,Explosions/Remote violence,Air/drone strike,Military Forces of Israel (2022-),,8,Civilians (Palestine),,7,78,Civilian targeting,275,Middle East,Palestine,Gaza Strip,Khan Yunis,,Khan Yunis - As Sater,31.3637,34.3228,1,Arab 48,National,"On 24 August 2024, Israeli forces [likely warplanes] struck and killed 2 Palestinians in Khan Yunis - As sater (Khan Yunis, Gaza Strip).",2,,1753956638
PSE58501,8/24/2024,2024,1,Political violence,Explosions/Remote violence,Shelling/artillery/missile attack,Military Forces of Israel (2022-),,8,Civilians (Palestine),,7,78,Civilian targeting,275,Middle East,Palestine,Gaza Strip,Khan Yunis,,Khan Yunis - Maen,31.336,34.3172,2,Ma'an News Agency; Palestine News and Information Agency; Quds News Network; Twitter,New media-National,"On 24 August 2024, Israeli artillery shelled targets including in al-Tahliah area southeast of Khan Yunis, coded to Khan Yunis - Maen (Khan Yunis, Gaza Strip), leaving 4 fatalities and a number of injuries.",4,,1753956638
PSE58502,8/24/2024,2024,1,Political violence,Explosions/Remote violence,Shelling/artillery/missile attack,Military Forces of Israel (2022-),,8,Civilians (Palestine),Refugees/IDPs (Palestine),7,78,Civilian targeting,275,Middle East,Palestine,Gaza Strip,Khan Yunis,,Khan Yunis - West (Municipal Stadium),31.3484,34.2961,2,Newpress; Twitter,New media-National,"On 24 August 2024, Israeli tanks opened fire at the tents of displaced people at street 5 west of Khan Yunis, (coded to Khan Yunis - West (Municipal Stadium), Gaza Strip) killing a Palestinian and injuring 3 more.",1,,1753956638
PSE58488,8/24/2024,2024,1,Political violence,Explosions/Remote violence,Air/drone strike,Military Forces of Israel (2022-),,8,Civilians (Palestine),,7,78,Civilian targeting,275,Middle East,Palestine,Gaza Strip,Gaza City,,Gaza - Az Zaytun,31.4964,34.4522,1,Quds News Network; Twitter,New media-National,"On 24 August 2024, Israeli warplanes struck 2 houses and shelled artillery in Gaza - Az Zaytun (Gaza City, Gaza Strip). Casualties unknown.",0,,1759790002
PSE58500,8/24/2024,2024,1,Political violence,Explosions/Remote violence,Shelling/artillery/missile attack,Military Forces of Israel (2022-),,8,Civilians (Palestine),,7,78,Civilian targeting,275,Middle East,Palestine,Gaza Strip,Khan Yunis,,Khan Yunis - Jourat Al-Loot,31.3314,34.3004,1,Ma'an News Agency; Palestine News and Information Agency,National,"On 24 August 2024, Israeli artillery shelled targets near al-Salam street in Khan Yunis - Jourat Al-Loot (Khan Yunis, Gaza Strip), leaving injuries.",0,,1753956638
PSE58505,8/24/2024,2024,1,Political violence,Explosions/Remote violence,Air/drone strike,Military Forces of Israel (2022-),,8,Civilians (Palestine),,7,78,Civilian targeting,275,Middle East,Palestine,Gaza Strip,Rafah,,Rafah,31.287,34.2595,1,Palestine News and Information Agency,National,"On 24 August 2024, at least 3 Palestinians were killed in Rafah city (Rafah, Gaza Strip) likely by airstrikes.",3,,1762829569
PSE58528,8/25/2024,2024,1,Political violence,Explosions/Remote violence,Shelling/artillery/missile attack,Military Forces of Israel (2022-),,8,Civilians (Palestine),,7,78,Civilian targeting,275,Middle East,Palestine,Gaza Strip,Deir El Balah,,Al Burayj,31.4394,34.4031,1,Palestine News and Information Agency; Quds News Network; Twitter,New media-National,"On 25 August 2024, Israeli artillery targeted the junction of Al Burayj Camp (Deir El Balah, Gaza Strip), killing a Palestinian and injuring 4 more.",1,,1753956638
PSE58530,8/25/2024,2024,1,Political violence,Explosions/Remote violence,Air/drone strike,Military Forces of Israel (2022-),,8,Civilians (Palestine),,7,78,Civilian targeting,275,Middle East,Palestine,Gaza Strip,Deir El Balah,,Al Maghazi,31.4214,34.3865,2,Quds News Network; Twitter,New media-National,"On 25 August 2024, Israeli UAVs struck a house east of Al Maghazi camp (Deir El Balah, Gaza Strip). Casualties unknown.",0,,1753956638
PSE58532,8/25/2024,2024,1,Political violence,Explosions/Remote violence,Air/drone strike,Military Forces of Israel (2022-),,8,Civilians (Palestine),,7,78,Civilian targeting,275,Middle East,Palestine,Gaza Strip,Deir El Balah,,An Nusayrat,31.4486,34.3925,1,Quds News Network; Twitter,New media-National,"On 25 August 2024, Israeli warplanes struck a house in An Nusayrat Camp (Deir El Balah, Gaza strip), injuring one person.",0,,1753956638
PSE58533,8/25/2024,2024,1,Political violence,Explosions/Remote violence,Air/drone strike,Military Forces of Israel (2022-),,8,Civilians (Palestine),,7,78,Civilian targeting,275,Middle East,Palestine,Gaza Strip,Deir El Balah,,An Nusayrat - North,31.4591,34.3923,1,Quds News Network; Twitter,New media-National,"On 25 August 2024, an Israeli UAV struck and killed a Palestinian in Al Mufti area in An Nusayrat - North (Deir El Balah, Gaza Strip).",1,,1753956638
PSE58535,8/25/2024,2024,1,Political violence,Explosions/Remote violence,Air/drone strike,Military Forces of Israel (2022-),,8,Civilians (Palestine),,7,78,Civilian targeting,275,Middle East,Palestine,Gaza Strip,Deir El Balah,,Deir al Balah,31.4178,34.3503,1,Palestine News and Information Agency; Quds News Network; Twitter,New media-National,"On 25 August 2024, Israeli UAVs opened fire near al-Anan stadium in Deir al Balah city (Deir El Balah, Gaza Strip), killing 3 Palestinians and injuring dozens. Also, the artillery shelled targets in Deir al Balah city [casualties unknown]. Also, Palestinian was killed in Al Haker area. Fatalities coded at least 4.",4,,1753956638
PSE58543,8/25/2024,2024,1,Political violence,Explosions/Remote violence,Air/drone strike,Military Forces of Israel (2022-),,8,Civilians (Palestine),,7,78,Civilian targeting,275,Middle East,Palestine,Gaza Strip,Gaza City,,Gaza - Nasr,31.534,34.4574,1,Newpress; Palestine News and Information Agency; Quds News Network; Twitter,New media-National,"On 25 August 2024, Israeli warplanes struck an apartment near al-Eyoun junction in Gaza - Nasr (Gaza City, Gaza Strip), leaving 4 fatalities.",4,,1753956638
PSE58546,8/25/2024,2024,1,Political violence,Explosions/Remote violence,Air/drone strike,Military Forces of Israel (2022-),,8,Civilians (Palestine),,7,78,Civilian targeting,275,Middle East,Palestine,Gaza Strip,Gaza City,,Gaza - Shujaiyya,31.4988,34.4699,2,PLO Negotiations Affairs Department; Quds News Network; Twitter,Other-New media,"On 25 August 2024, Israeli warplanes carried out a strike and artillery and tanks shelled targets east of Gaza City, coded to Gaza - Shujaiyya (Gaza City, Gaza Strip). Casualties unknown. Al least 3 Palestinians were killed in an airstrike that targeted a house in al Mashahrah area east of Gaza city. Fatalities coded at least 3.",3,,1759790002
PSE58547,8/25/2024,2024,1,Political violence,Explosions/Remote violence,Air/drone strike,Military Forces of Israel (2022-),,8,Civilians (Palestine),,7,78,Civilian targeting,275,Middle East,Palestine,Gaza Strip,Gaza City,,Gaza - Southern Remal,31.5168,34.4355,2,Palestine News and Information Agency; Quds News Network; Twitter,New media-National,"On 25 August 2024, Israeli warplanes struck a house in Shuhdaa Street west of Gaza City, coded to Gaza - Southern Remal (Gaza City, Gaza Strip), leaving 5 fatalities.",5,,1759790002
PSE58550,8/25/2024,2024,1,Political violence,Explosions/Remote violence,Air/drone strike,Military Forces of Israel (2022-),,8,Civilians (Palestine),,7,78,Civilian targeting,275,Middle East,Palestine,Gaza Strip,Khan Yunis,,Abasan al Jadidah,31.3416,34.3459,1,Quds News Network; Twitter,New media-National,"On 25 August 2024, Israeli warplanes struck a house in Abasan al Jadidah (Khan Yunis, Gaza Strip). Casualties unknown.",0,,1753956638
PSE58551,8/25/2024,2024,1,Political violence,Explosions/Remote violence,Air/drone strike,Military Forces of Israel (2022-),,8,Civilians (Palestine),,7,78,Civilian targeting,275,Middle East,Palestine,Gaza Strip,Khan Yunis,,Abasan al Kabirah,31.3191,34.3401,1,Quds News Network; Twitter,New media-National,"On 25 August 2024, Israeli warplanes carried out strikes and artillery shelled a target in Abasan al Kabirah (Khan Yunis, Gaza Strip), injuring one person.",0,,1753956638
PSE58552,8/25/2024,2024,1,Political violence,Explosions/Remote violence,Shelling/artillery/missile attack,Military Forces of Israel (2022-),,8,Civilians (Palestine),,7,78,Civilian targeting,275,Middle East,Palestine,Gaza Strip,Khan Yunis,,Al Qararah,31.3739,34.3409,1,Newpress; Palestine News and Information Agency; Twitter,New media-National,"On 25 August 2024, Israeli artillery shelled targets in Al Qararah (Khan Yunis, Gaza Strip), killing 3 Palestinians.",3,,1753956638
PSE58559,8/25/2024,2024,1,Political violence,Explosions/Remote violence,Air/drone strike,Military Forces of Israel (2022-),,8,Civilians (Palestine),,7,78,Civilian targeting,275,Middle East,Palestine,Gaza Strip,Khan Yunis,,Khan Yunis - Ash Sheikh Naser,31.3398,34.3116,1,Palestine News and Information Agency,National,"On 25 August 2024, Israeli warplanes struck a group of Palestinians in Khan Yunis - Ash Sheikh Naser (Khan Yunis, Gaza Strip), killing 2 persons and injuring others.",2,,1753956638
PSE58561,8/25/2024,2024,1,Political violence,Explosions/Remote violence,Air/drone strike,Military Forces of Israel (2022-),,8,Civilians (Palestine),,7,78,Civilian targeting,275,Middle East,Palestine,Gaza Strip,Khan Yunis,,Khan Yunis - City Centre,31.3419,34.3015,1,Palestine News and Information Agency; Quds News Network; Twitter,New media-National,"On 25 August 2024, Israeli warplanes struck several targets including the Al Bayouk area in Khan Yunis - City Centre (Khan Yunis, Gaza Strip), killing 2 persons.",2,,1753956638
PSE58564,8/25/2024,2024,1,Political violence,Explosions/Remote violence,Air/drone strike,Military Forces of Israel (2022-),,8,Civilians (Palestine),,7,78,Civilian targeting,275,Middle East,Palestine,Gaza Strip,North Gaza,,Jabalya Camp,31.536,34.4907,2,Quds News Network; Twitter,New media-National,"On 25 August 2024, Israeli warplanes struck a house east of Jabalya Camp (North Gaza, Gaza Strip), leaving injuries.",0,,1753956638
PSE58540,8/25/2024,2024,1,Political violence,Explosions/Remote violence,Air/drone strike,Military Forces of Israel (2022-),,8,Civilians (Palestine),,7,78,Civilian targeting,275,Middle East,Palestine,Gaza Strip,Gaza City,,Gaza - Az Zaytun,31.4964,34.4522,1,Newpress; Palestine News and Information Agency; Quds News Network; Twitter,New media-National,"On 25 August 2024, Israeli warplanes struck a house in Al Seka in Gaza - Az Zaytun (Gaza City, Gaza Strip), leaving 2 fatalities. Meanwhile, artillery shelled targets and houses and tanks opened fire amid ground operation in the same area [casualties unknown]. Also, a number of Palestinian were killed in near Salah al-Din mosque [unspecified number of fatalities coded as 3]. The fatalities coded at least 5 [2 confirmed, 3 unspecified].",5,,1759790002
PSE58560,8/25/2024,2024,1,Political violence,Explosions/Remote violence,Air/drone strike,Military Forces of Israel (2022-),,8,Civilians (Palestine),,7,78,Civilian targeting,275,Middle East,Palestine,Gaza Strip,Khan Yunis,,Khan Yunis - As-Sameen,31.3369,34.2925,1,Palestine News and Information Agency,National,"On 25 August 2024, Israeli forces targeted Palestinians [likely by airstrikes] in Khan Yunis - As-Sameen (Khan Yunis, Gaza Strip), killing a child.",1,,1753956638
PSE58565,8/25/2024,2024,1,Political violence,Explosions/Remote violence,Air/drone strike,Military Forces of Israel (2022-),,8,Civilians (Palestine),,7,78,Civilian targeting,275,Middle East,Palestine,Gaza Strip,Rafah,,Khirbet al Adas,31.2855,34.2714,2,Newpress; Palestine News and Information Agency; Quds News Network; Twitter,New media-National,"On 25 August 2024, Israeli warplanes struck a passing car in Miraj north of Rafah, coded to Khirbet al Adas (Khan Yunis, Gaza Strip), killing 4 Palestinians. Also, warplanes struck a house in the Musabbah area north of the city [causalities unknown]. Fatalities coded at least 4.",4,,1753956638
PSE58596,8/26/2024,2024,1,Political violence,Explosions/Remote violence,Shelling/artillery/missile attack,Military Forces of Israel (2022-),,8,Civilians (Palestine),Refugees/IDPs (Palestine),7,78,Civilian targeting,275,Middle East,Palestine,Gaza Strip,Deir El Balah,,Al Burayj,31.4394,34.4031,1,Newpress; Quds News Network; Twitter,New media-National,"On 26 August 2024, Israeli artillery shelled 2 houses in Al Burayj Camp (Deir El Balah, Gaza Strip), killing 2 persons and injuring 5 more.",2,,1753956638
PSE58598,8/26/2024,2024,1,Political violence,Explosions/Remote violence,Air/drone strike,Military Forces of Israel (2022-),,8,Civilians (Palestine),Refugees/IDPs (Palestine),7,78,Civilian targeting,275,Middle East,Palestine,Gaza Strip,Deir El Balah,,Al Maghazi,31.4214,34.3865,1,Palestine News and Information Agency; Quds News Network; Twitter,New media-National,"On 26 August 2024, Israeli warplanes struck an apartment in Al Maghazi Camp (Deir El Balah, Gaza strip), leaving 7 fatalities, including a child.",7,,1753956638
PSE58601,8/26/2024,2024,1,Political violence,Explosions/Remote violence,Air/drone strike,Military Forces of Israel (2022-),,8,Civilians (Palestine),,7,78,Civilian targeting,275,Middle East,Palestine,Gaza Strip,Deir El Balah,,An Nusayrat,31.4486,34.3925,2,Quds News Network; Twitter,New media-National,"On 26 August 2024, an Israeli UAV struck a target in block C east of An Nusayrat (Deir El Balah, Gaza Strip), injuring a child.",0,,1753956638
PSE58602,8/26/2024,2024,1,Political violence,Explosions/Remote violence,Air/drone strike,Military Forces of Israel (2022-),,8,Civilians (Palestine),Refugees/IDPs (Palestine),7,78,Civilian targeting,275,Middle East,Palestine,Gaza Strip,Deir El Balah,,An Nusayrat - North,31.4591,34.3923,1,Ma'an News Agency; Palestine News and Information Agency; Quds News Network; Twitter,New media-National,"On 26 August 2024, Israeli warplanes struck the Al Iz Ibn Abdel-Salam School hosting displaced people in An Nusayrat - North (Deir El Balah, Gaza Strip), leaving at least 2 fatalities (women) and injuries. Also, the artillery shelled a house in the same location [casualties unknown]. Fatalities coded at least 2.",2,,1753956638
PSE58605,8/26/2024,2024,1,Political violence,Explosions/Remote violence,Air/drone strike,Military Forces of Israel (2022-),,8,Civilians (Palestine),,7,78,Civilian targeting,275,Middle East,Palestine,Gaza Strip,Deir El Balah,,Deir al Balah Camp,31.4249,34.34,2,Palestine News and Information Agency; PLO Negotiations Affairs Department; Quds News Network; Twitter,Other-New media,"On 26 August 2024, Israeli helicopters opened fire east of Deir al Balah, and artillery shelled targets east of Deir al Balah, coded to Deir al Balah Camp (Deir El Balah, Gaza Strip). Casualties unknown. Also, warplanes struck a group of Palestinians in Al Jafarawi southeast of Deir al Balah, killing 2 persons. Fatalities coded at least 2.",2,,1765850627
PSE58609,8/26/2024,2024,1,Political violence,Explosions/Remote violence,Air/drone strike,Military Forces of Israel (2022-),,8,Civilians (Palestine),,7,78,Civilian targeting,275,Middle East,Palestine,Gaza Strip,Gaza City,,Gaza,31.5045,34.4743,1,Newpress; Palestine News and Information Agency; Quds News Network; Twitter,New media-National,"On 26 August 2024, Israeli warplanes struck an apartment in Al Yarmouk Street in Gaza City (Gaza Strip), killing 6 Palestinians and leaving a number of injuries.",6,,1759790002
PSE58610,8/26/2024,2024,1,Political violence,Explosions/Remote violence,Air/drone strike,Military Forces of Israel (2022-),,8,Civilians (Palestine),Refugees/IDPs (Palestine),7,78,Civilian targeting,275,Middle East,Palestine,Gaza Strip,Gaza City,,Gaza - Ash Shati' Camp,31.5349,34.4466,1,Quds News Network; Twitter,New media-National,"On 26 August 2024, Israeli warplanes struck an apartment at the Danaf building in Gaza - Ash Shati' Camp (Gaza City, Gaza Strip), killing one Palestinian and injuring 2 more.",1,,1759790002
PSE58611,8/26/2024,2024,1,Political violence,Explosions/Remote violence,Air/drone strike,Military Forces of Israel (2022-),,8,Civilians (Palestine),,7,78,Civilian targeting,275,Middle East,Palestine,Gaza Strip,Gaza City,,Gaza - At Tuffah,31.5134,34.4751,1,Palestine News and Information Agency; Quds News Network; Twitter,New media-National,"On 26 August 2024, Israeli warplanes struck a house in Gaza - At Tuffah (Gaza City, Gaza Strip), killing a Palestinian. Also, 7 Palestinian were killed in an airstrike that targeted another house in At Tuffah. Total fatalities coded 8.",8,,1759790002
PSE58617,8/26/2024,2024,1,Political violence,Explosions/Remote violence,Air/drone strike,Military Forces of Israel (2022-),,8,Civilians (Palestine),,7,78,Civilian targeting,275,Middle East,Palestine,Gaza Strip,Khan Yunis,,Abasan al Kabirah,31.3191,34.3401,1,Palestine News and Information Agency,National,"On 26 August 2024, Israeli warplanes carried out strikes in Abasan al Kabirah (Khan Yunis, Gaza Strip). Casualties unknown.",0,,1753956638
PSE58618,8/26/2024,2024,1,Political violence,Explosions/Remote violence,Air/drone strike,Military Forces of Israel (2022-),,8,Civilians (Palestine),Journalists (Palestine),7,78,Civilian targeting,275,Middle East,Palestine,Gaza Strip,Khan Yunis,,Al Mawasi (Khan Yunis),31.3482,34.2547,1,Ma'an News Agency; Palestine News and Information Agency; Quds News Network; Twitter,New media-National,"On 26 August 2024, Israeli warplanes struck a passing car in (Al Mawasi (Khan Yunis), Gaza Strip), killing a Palestinian journalist.",1,,1762829569
PSE58619,8/26/2024,2024,1,Political violence,Explosions/Remote violence,Air/drone strike,Military Forces of Israel (2022-),,8,Civilians (Palestine),,7,78,Civilian targeting,275,Middle East,Palestine,Gaza Strip,Khan Yunis,,Al Qararah,31.3739,34.3409,1,Palestine News and Information Agency,National,"On 26 August 2024, Israeli warplanes struck an agricultural land in Al Qararah (Khan Yunis, Gaza Strip), leaving 2 fatalities.",2,,1753956638
PSE58623,8/26/2024,2024,1,Political violence,Explosions/Remote violence,Air/drone strike,Military Forces of Israel (2022-),,8,Civilians (Palestine),,7,78,Civilian targeting,275,Middle East,Palestine,Gaza Strip,Khan Yunis,,Khan Yunis,31.3502,34.3081,1,Palestine News and Information Agency; Quds News Network; Twitter,New media-National,"On 26 August 2024, Israeli warplanes struck targets near Aby Hamid junction in Khan Yunis city (Gaza Strip), leaving 2 injuries. Also, Israeli artillery shelled the center of Khan Yunis city. Casualties unknown.",0,,1753956638
PSE58624,8/26/2024,2024,1,Political violence,Explosions/Remote violence,Air/drone strike,Military Forces of Israel (2022-),,8,Civilians (Palestine),,7,78,Civilian targeting,275,Middle East,Palestine,Gaza Strip,Khan Yunis,,Khan Yunis - Al Kateebeh,31.3642,34.3085,1,Quds News Network; Twitter,New media-National,"On 26 August 2024, Israeli warplanes struck a house in Khan Yunis - Al Kateebeh (Khan Yunis, Gaza Strip). Casualties unknown.",0,,1767742780
PSE58626,8/26/2024,2024,1,Political violence,Explosions/Remote violence,Air/drone strike,Military Forces of Israel (2022-),,8,Civilians (Palestine),,7,78,Civilian targeting,275,Middle East,Palestine,Gaza Strip,Khan Yunis,,Khan Yunis - City Centre,31.3419,34.3015,1,Quds News Network; Twitter,New media-National,"On 26 August 2024, Israeli warplanes struck near Hamis roundabout in Khan Yunis - City Centre (Khan Yunis, Gaza Strip), injuring 2 persons.",0,,1753956638
PSE58628,8/26/2024,2024,1,Political violence,Explosions/Remote violence,Air/drone strike,Military Forces of Israel (2022-),,8,Civilians (Palestine),Journalists (Palestine),7,78,Civilian targeting,275,Middle East,Palestine,Gaza Strip,Khan Yunis,,Khan Yunis - West (Municipal Stadium),31.3484,34.2961,2,Palestine News and Information Agency; Quds News Network; Twitter,New media-National,"On 26 August 2024, Israeli warplanes struck a passing car west of Khan Yunis (coded to Khan Yunis - West (Municipal Stadium), Gaza Strip), killing 4 Palestinians. Also, Israeli forces struck near the Nasser Hospital west of the city, injuring Palestinians including 2 journalists.",4,,1753956638
PSE58630,8/26/2024,2024,1,Political violence,Explosions/Remote violence,Air/drone strike,Military Forces of Israel (2022-),,8,Civilians (Palestine),Refugees/IDPs (Palestine),7,78,Civilian targeting,275,Middle East,Palestine,Gaza Strip,North Gaza,,Jabalya Camp,31.536,34.4907,1,Newpress; Palestine News and Information Agency; Quds News Network; Twitter,New media-National,"On 26 August 2024, Israeli warplanes struck a target in al-Houja of Jabalya Camp (North Gaza, Gaza Strip), killing 3 Palestinians.",3,,1753956638
PSE58631,8/26/2024,2024,1,Political violence,Explosions/Remote violence,Air/drone strike,Military Forces of Israel (2022-),,8,Civilians (Palestine),,7,78,Civilian targeting,275,Middle East,Palestine,Gaza Strip,Rafah,,Al Mawasi (Rafah),31.3294,34.2299,1,Arab 48; Palestine News and Information Agency,National,"On 26 August 2024, Israeli warplanes struck targets in al-Naser Street in Al Mawasi (Rafah), Gaza Strip), leaving 4 fatalities and a number of injuries.",4,,1762829569
PSE58632,8/26/2024,2024,1,Political violence,Explosions/Remote violence,Air/drone strike,Military Forces of Israel (2022-),,8,Civilians (Palestine),,7,78,Civilian targeting,275,Middle East,Palestine,Gaza Strip,Rafah,,Shokat as Sufi,31.2586,34.2824,1,Arab 48; Palestine News and Information Agency; Quds News Network; Twitter,New media-National,"On 26 August 2024, rescue teams recovered 3 Palestinian bodies killed in Shokat as Sufi (Rafah, Gaza Strip). Likely, they were killed by airstrikes.",3,,1753956638
PSE58608,8/26/2024,2024,1,Political violence,Explosions/Remote violence,Shelling/artillery/missile attack,Military Forces of Israel (2022-),,8,Civilians (Palestine),Fishers (Palestine),7,78,Civilian targeting,275,Middle East,Palestine,Gaza Strip,Gaza City,,Coast of Gaza City,31.5304,34.4215,2,Al-Ittihad; Arab 48; Newpress; Palestine News and Information Agency; Quds News Network; Twitter,New media-National,"On 26 August 2024, Israeli gunboats shelled a group of Palestinians off the Coast of Gaza City (Gaza City, Gaza Strip), leaving 7 fatalities and a number of injuries, including fishers.",7,,1753956638
PSE58612,8/26/2024,2024,1,Political violence,Explosions/Remote violence,Air/drone strike,Military Forces of Israel (2022-),,8,Civilians (Palestine),,7,78,Civilian targeting,275,Middle East,Palestine,Gaza Strip,Gaza City,,Gaza - Az Zaytun,31.4964,34.4522,1,Arab 48; Palestine News and Information Agency; Quds News Network; Twitter,New media-National,"On 26 August 2024, 3 Palestinians were killed and others injured in an airstrike targeted Palestinians near Al Shafei school in Az Zayutn. Also, helicopters opened fire, artillery shelled targets, tanks opened fire in Gaza - Az Zaytun (Gaza City, Gaza Strip) amid the ground operation [casualties unknown]. Fatalities coded at least 3.",3,,1759790002
PSE58627,8/26/2024,2024,1,Political violence,Explosions/Remote violence,Shelling/artillery/missile attack,Military Forces of Israel (2022-),,8,Civilians (Palestine),Refugees/IDPs (Palestine),7,78,Civilian targeting,275,Middle East,Palestine,Gaza Strip,Khan Yunis,,Khan Yunis - Jourat Al-Loot,31.3314,34.3004,2,Quds News Network; Twitter,New media-National,"On 26 August 2024, Israeli forces [likely tanks] opened fire in al-Eqlimi area south of Khan Yunis, coded to Khan Yunis - Jourat Al-Loot (Khan Yunis, Gaza Strip), killing a displaced woman and injuring others.",1,,1753956638
PSE58654,8/27/2024,2024,1,Political violence,Explosions/Remote violence,Air/drone strike,Military Forces of Israel (2022-),,8,Civilians (Palestine),Refugees/IDPs (Palestine),7,78,Civilian targeting,275,Middle East,Palestine,Gaza Strip,Deir El Balah,,Al Burayj,31.4394,34.4031,1,Palestine News and Information Agency; Quds News Network,National,"On 27 August 2024, Israeli warplanes struck a house in Al Burayj Camp (Deir El Balah, Gaza Strip), killing 2 persons (a man and his son).",2,,1753956638
PSE58655,8/27/2024,2024,1,Political violence,Explosions/Remote violence,Air/drone strike,Military Forces of Israel (2022-),,8,Civilians (Palestine),Refugees/IDPs (Palestine),7,78,Civilian targeting,275,Middle East,Palestine,Gaza Strip,Deir El Balah,,Al Maghazi,31.4214,34.3865,1,Quds News Network,National,"On 27 August 2024, Israeli warplanes struck the al-Mokhtar building in Al Maghazi Camp (Deir El Balah, Gaza Strip). Casualties unknown.",0,,1753956638
PSE58656,8/27/2024,2024,1,Political violence,Explosions/Remote violence,Shelling/artillery/missile attack,Military Forces of Israel (2022-),,8,Civilians (Palestine),,7,78,Civilian targeting,275,Middle East,Palestine,Gaza Strip,Deir El Balah,,Al Maghazi,31.4214,34.3865,2,Quds News Network,National,"On 27 August 2024, Israeli artillery shelled north of Al Maghazi Camp (Deir El Balah, Gaza Strip), leaving fatalities [unspecified fatalities coded as 3].",3,,1753956638
PSE58657,8/27/2024,2024,1,Political violence,Explosions/Remote violence,Shelling/artillery/missile attack,Military Forces of Israel (2022-),,8,Civilians (Palestine),,7,78,Civilian targeting,275,Middle East,Palestine,Gaza Strip,Deir El Balah,,Al Musaddar,31.4105,34.378,1,Arab 48; Ma'an News Agency; Quds News Network,National,"On 27 August 2024, Israeli artillery shelled the Al Musaddar (Deir El Balah, Gaza Strip), killing a Palestinian girl.",1,,1765850627
PSE58658,8/27/2024,2024,1,Political violence,Explosions/Remote violence,Air/drone strike,Military Forces of Israel (2022-),,8,Civilians (Palestine),Journalists (Palestine); Refugees/IDPs (Palestine),7,78,Civilian targeting,275,Middle East,Palestine,Gaza Strip,Deir El Balah,,An Nusayrat,31.4486,34.3925,1,Arab 48; Palestine News and Information Agency; Quds News Network,National,"On 27 August 2024, Israeli warplanes struck 2 houses in An Nusayrat Camp (Deir El Balah, Gaza Strip). Casualties unknown. Also, UAVs struck a house in the same area, leaving 2 fatalities (a journalist and his sister). The total fatalities coded at least 2.",2,,1753956638
PSE58661,8/27/2024,2024,1,Political violence,Explosions/Remote violence,Air/drone strike,Military Forces of Israel (2022-),,8,Civilians (Palestine),Refugees/IDPs (Palestine),7,78,Civilian targeting,275,Middle East,Palestine,Gaza Strip,Deir El Balah,,An Nusayrat - West,31.4525,34.3756,1,Quds News Network,National,"On 27 August 2024, Israeli UAVs opened fire in An Nusayrat - West (Deir El Balah, Gaza Strip). A displaced girl was killed.",1,,1753956638
PSE58662,8/27/2024,2024,1,Political violence,Explosions/Remote violence,Air/drone strike,Military Forces of Israel (2022-),,8,Civilians (Palestine),,7,78,Civilian targeting,275,Middle East,Palestine,Gaza Strip,Deir El Balah,,Deir al Balah,31.4178,34.3503,1,Arab 48; Ma'an News Agency; Palestine News and Information Agency; Quds News Network,National,"On 27 August 2024, Israeli warplanes struck a house in Abu Arif area in Deir al Balah city (Deir El Balah, Gaza Strip), leaving 4 fatalities and injuring others.",4,,1753956638
PSE58666,8/27/2024,2024,1,Political violence,Explosions/Remote violence,Shelling/artillery/missile attack,Military Forces of Israel (2022-),,8,Civilians (Palestine),,7,78,Civilian targeting,275,Middle East,Palestine,Gaza Strip,Deir El Balah,,Wadi as Salqa,31.4005,34.3375,1,Ma'an News Agency,National,"On 27 August 2024, Israeli artillery shelled the Al Bashir area south of Deir al Balah, coded to Wadi as Salqa (Deir El Balah, Gaza Strip), killing 3 Palestinians.",3,,1753956638
PSE58684,8/27/2024,2024,1,Political violence,Explosions/Remote violence,Air/drone strike,Military Forces of Israel (2022-),,8,Civilians (Palestine),,7,78,Civilian targeting,275,Middle East,Palestine,Gaza Strip,Khan Yunis,,Khan Yunis - City Centre,31.3419,34.3015,1,Ma'an News Agency; Quds News Network,National,"On 27 August 2024, Israeli warplanes struck a house in Khan Yunis - City Centre (Khan Yunis, Gaza Strip), killing 4 Palestinians and injuring others.",4,,1753956638
PSE58686,8/27/2024,2024,1,Political violence,Explosions/Remote violence,Air/drone strike,Military Forces of Israel (2022-),,8,Civilians (Palestine),Refugees/IDPs (Palestine),7,78,Civilian targeting,275,Middle East,Palestine,Gaza Strip,Khan Yunis,,Khan Yunis - West (Municipal Stadium),31.3484,34.2961,2,Arab 48; Newpress; Palestine News and Information Agency; Quds News Network; Twitter,New media-National,"On 27 August 2024, Israeli warplanes struck a house in Khan Yunis Camp (coded to Khan Yunis - West (Municipal Stadium), Gaza Strip), killing 4 Palestinians and injuring others. Also, a displaced Palestinian was killed by Israeli fire in Asada area west of Khan Yunis. The total fatalities were 5.",5,,1753956638
PSE58689,8/27/2024,2024,1,Political violence,Explosions/Remote violence,Shelling/artillery/missile attack,Military Forces of Israel (2022-),,8,Civilians (Palestine),Refugees/IDPs (Palestine),7,78,Civilian targeting,275,Middle East,Palestine,Gaza Strip,Rafah,,Al Mawasi (Rafah),31.3294,34.2299,2,Newpress; Palestine News and Information Agency; Quds News Network; Twitter,New media-National,"On 27 August 2024, Israeli tanks opened fire in Al Shakoush area and toward the tents of displaced people in Al Mawasi (Rafah) in Gaza Strip. A Palestinian was killed near al-Alam roundabout.",1,,1762829569
PSE58696,8/27/2024,2024,1,Political violence,Explosions/Remote violence,Shelling/artillery/missile attack,Military Forces of Israel (2022-),,8,Civilians (Palestine),,7,78,Civilian targeting,275,Middle East,Palestine,Gaza Strip,Rafah,,Yibna,31.2842,34.2482,2,PLO Negotiations Affairs Department,Other,"On 27 August 2024, Israeli artillery and tanks shelled targets east of Rafah, coded to Yibna (Rafah, Gaza Strip). Casualties unknown. Also, one Palestinian was killed east of Rafah by Israeli fire. Fatalities coded at least 1.",1,,1753956638
PSE58667,8/27/2024,2024,1,Political violence,Explosions/Remote violence,Air/drone strike,Military Forces of Israel (2022-),,8,Civilians (Palestine),,7,78,Civilian targeting,275,Middle East,Palestine,Gaza Strip,Gaza City,,Gaza - Az Zaytun,31.4964,34.4522,2,Palestine News and Information Agency,National,"On 27 August 2024, Israeli warplanes struck targets east of Gaza - Az Zaytun (Gaza City, Gaza Strip), killing one Palestinian and injuring one more.",1,,1759790002
PSE58668,8/27/2024,2024,1,Political violence,Explosions/Remote violence,Air/drone strike,Military Forces of Israel (2022-),,8,Civilians (Palestine),,7,78,Civilian targeting,275,Middle East,Palestine,Gaza Strip,Gaza City,,Gaza - Az Zaytun,31.4964,34.4522,1,Arab 48; Ma'an News Agency; Newpress; Quds News Network; Twitter,New media-National,"On 27 August 2024, Israeli warplanes carried out intense strike on the Dawlah junction and Daloul station in Gaza - Az Zaytun (Gaza City, Gaza Strip), killing 14 Palestinians (including 2 fatalities in a strike near Daloul station and 3 fatalities in a strike at the Dawla intersection).",14,,1759790002
PSE58672,8/27/2024,2024,1,Political violence,Explosions/Remote violence,Air/drone strike,Military Forces of Israel (2022-),,8,Civilians (Palestine),,7,78,Civilian targeting,275,Middle East,Palestine,Gaza Strip,Gaza City,,Gaza - Tal el Hawa,31.5041,34.435,1,Arab 48; Newpress; Quds News Network; Twitter,New media-National,"On 27 August 2024, Israeli warplanes struck targets (including a house) near the Jordanian Hospital in Gaza - Tal el Hawa (Gaza City, Gaza Strip), killing 4 Palestinians (a woman and 3 children).",4,,1759790002
PSE58683,8/27/2024,2024,1,Political violence,Explosions/Remote violence,Air/drone strike,Military Forces of Israel (2022-),,8,Civilians (Palestine),,7,78,Civilian targeting,275,Middle East,Palestine,Gaza Strip,Khan Yunis,,Khan Yunis - As-Sameen,31.3369,34.2925,1,Palestine News and Information Agency; Quds News Network,National,"On 27 August 2024, Israeli warplanes struck a house in Khan Yunis - As-Sameen (Khan Yunis, Gaza Strip), killing 5 persons including a woman and injuring other 4 persons.",5,,1753956638
PSE58687,8/27/2024,2024,1,Political violence,Explosions/Remote violence,Air/drone strike,Military Forces of Israel (2022-),,8,Civilians (Palestine),,7,78,Civilian targeting,275,Middle East,Palestine,Gaza Strip,Khan Yunis,,Qizan an Najjar,31.323,34.2761,1,Ma'an News Agency; Quds News Network,National,"On 27 August 2024, Israeli warplanes struck a house in Qizan an Najjar (Khan Yunis, Gaza Strip), leaving at least 4 fatalities and a number of missing people.",4,,1753956638
PSE58690,8/27/2024,2024,2,Political violence,Explosions/Remote violence,Air/drone strike,Military Forces of Israel (2022-),,8,Civilians (Palestine),,7,78,Civilian targeting,275,Middle East,Palestine,Gaza Strip,Rafah,,Khirbet al Adas,31.2855,34.2714,2,Ma'an News Agency,National,"Around 27 August 2024, (Between 26 - 27 August), rescue teams recovered 5 bodies belonging to Palestinians who were likely killed by airstrike north of Rafah, coded to Khirbet al Adas (Rafah, Gaza Strip).",5,,1753956638
PSE58691,8/27/2024,2024,1,Political violence,Explosions/Remote violence,Air/drone strike,Military Forces of Israel (2022-),,8,Civilians (Palestine),,7,78,Civilian targeting,275,Middle East,Palestine,Gaza Strip,Rafah,,Khirbet al Adas,31.2855,34.2714,1,Quds News Network,National,"On 27 August 2024, Israeli UAVs struck a passing car north of Rafah, coded to Khirbet al Adas (Rafah, Gaza Strip), killing one Palestinian.",1,,1753956638
PSE58721,8/28/2024,2024,1,Political violence,Explosions/Remote violence,Air/drone strike,Military Forces of Israel (2022-),,8,Civilians (Palestine),Muslim Group (Palestine),7,78,Civilian targeting,275,Middle East,Palestine,Gaza Strip,Deir El Balah,,Al Maghazi,31.4214,34.3865,1,Arab 48,National,"On 28 August 2024, Israeli warplanes struck the Abu Baker al-Seddik mosque in Al Maghazi Camp (Deir El Balah, Gaza Strip), leaving injuries.",0,,1753956638
PSE58722,8/28/2024,2024,1,Political violence,Explosions/Remote violence,Shelling/artillery/missile attack,Military Forces of Israel (2022-),,8,Civilians (Palestine),,7,78,Civilian targeting,275,Middle East,Palestine,Gaza Strip,Deir El Balah,,Al Maghazi,31.4214,34.3865,2,Newpress; Palestine News and Information Agency; Twitter,New media-National,"On 28 August 2024, Israeli artillery shelled east of Al Maghazi Camp (Deir El Balah, Gaza Strip). Casualties unknown.",0,,1753956638
PSE58723,8/28/2024,2024,1,Political violence,Explosions/Remote violence,Air/drone strike,Military Forces of Israel (2022-),,8,Civilians (Palestine),,7,78,Civilian targeting,275,Middle East,Palestine,Gaza Strip,Deir El Balah,,Al Musaddar,31.4105,34.378,1,Ma'an News Agency,National,"On 28 August 2024, Israeli warplanes struck a group of Palestinians at the entrance of Al Musaddar (Deir El Balah, Gaza Strip), killing one Palestinian and injuring 3 more.",1,,1765850627
PSE58724,8/28/2024,2024,1,Political violence,Explosions/Remote violence,Air/drone strike,Military Forces of Israel (2022-),,8,Civilians (Palestine),Refugees/IDPs (Palestine),7,78,Civilian targeting,275,Middle East,Palestine,Gaza Strip,Deir El Balah,,An Nusayrat,31.4486,34.3925,1,Newpress; Quds News Network; Twitter,New media-National,"On 28 August 2024, Israeli warplanes struck a house in An Nusayrat Camp (Deir El Balah, Gaza Strip). Casualties unknown.",0,,1753956638
PSE58727,8/28/2024,2024,1,Political violence,Explosions/Remote violence,Air/drone strike,Military Forces of Israel (2022-),,8,Civilians (Palestine),,7,78,Civilian targeting,275,Middle East,Palestine,Gaza Strip,Deir El Balah,,An Nusayrat - West,31.4525,34.3756,1,Arab 48; Newpress; Quds News Network; Twitter,New media-National,"On 28 August 2024, Israeli warplanes struck a house in Al Karibah site in An Nusayrat - West (Deir El Balah, Gaza Strip), killing 2 children, including a girl.",2,,1753956638
PSE58728,8/28/2024,2024,1,Political violence,Explosions/Remote violence,Air/drone strike,Military Forces of Israel (2022-),,8,Civilians (Palestine),,7,78,Civilian targeting,275,Middle East,Palestine,Gaza Strip,Deir El Balah,,Az Zawayda,31.4284,34.366,1,Ma'an News Agency; Newpress; Palestine News and Information Agency; Quds News Network; Twitter,New media-National,"On 28 August 2024, Israeli warplanes struck a passing car in Az Zawayda (Deir El Balah, Gaza Strip), killing 3 Palestinians and leaving injuries.",3,,1767742780
PSE58730,8/28/2024,2024,1,Political violence,Explosions/Remote violence,Air/drone strike,Military Forces of Israel (2022-),,8,Civilians (Palestine),Refugees/IDPs (Palestine),7,78,Civilian targeting,275,Middle East,Palestine,Gaza Strip,Deir El Balah,,Deir al Balah,31.4178,34.3503,1,Quds News Network; Twitter,New media-National,"On 28 August 2024, Israeli warplanes struck a tent belonging to displaced people Abu Arif street in Deir al Balah city (Deir El Balah, Gaza Strip), killing a woman.",1,,1753956638
PSE58731,8/28/2024,2024,1,Political violence,Explosions/Remote violence,Air/drone strike,Military Forces of Israel (2022-),,8,Civilians (Palestine),Refugees/IDPs (Palestine),7,78,Civilian targeting,275,Middle East,Palestine,Gaza Strip,Deir El Balah,,Deir al Balah Camp,31.4249,34.34,2,Arab 48; Newpress; Palestine News and Information Agency; PLO Negotiations Affairs Department; Quds News Network; Twitter,Other-New media,"On 28 August 2024, Israeli warplanes struck a group of Palestinians in Manfalouti School that hosting displaced people east if Deir al Balah, killing 8 Palestinians and injuring others. Also, the artillery shelled targets east of Deir al Balah, coded to Deir al Balah Camp (Deir El Balah, Gaza Strip). Casualties unknown. The total fatalities coded at least 8.",8,,1765850627
PSE58745,8/28/2024,2024,1,Political violence,Explosions/Remote violence,Air/drone strike,Military Forces of Israel (2022-),,8,Civilians (Palestine),,7,78,Civilian targeting,275,Middle East,Palestine,Gaza Strip,Gaza City,,Gaza - Southern Remal,31.5168,34.4355,1,Palestine News and Information Agency,National,"On 28 August 2024, Israeli warplanes struck a house in Gaza - Southern Remal (Gaza City, Gaza Strip), killing 2 Palestinians and injuring 7 more.",2,,1759790002
PSE58747,8/28/2024,2024,1,Political violence,Explosions/Remote violence,Shelling/artillery/missile attack,Military Forces of Israel (2022-),,8,Civilians (Palestine),,7,78,Civilian targeting,275,Middle East,Palestine,Gaza Strip,Khan Yunis,,Abasan al Kabirah,31.3191,34.3401,1,Quds News Network; Twitter,New media-National,"On 28 August 2024, Israeli artillery shelled houses in Abasan al Kabirah (Khan Yunis, Gaza Strip), leaving injuries.",0,,1753956638
PSE58748,8/28/2024,2024,1,Political violence,Explosions/Remote violence,Air/drone strike,Military Forces of Israel (2022-),,8,Civilians (Palestine),,7,78,Civilian targeting,275,Middle East,Palestine,Gaza Strip,Khan Yunis,,Al Fukhari,31.2952,34.3332,1,Quds News Network; Twitter,New media-National,"On 28 August 2024, Israeli warplanes struck a house in Al Fukhari (Khan Yunis, Gaza Strip), killing 2 Palestinians and leaving injuries.",2,,1753956638
PSE58749,8/28/2024,2024,1,Political violence,Explosions/Remote violence,Shelling/artillery/missile attack,Military Forces of Israel (2022-),,8,Civilians (Palestine),,7,78,Civilian targeting,275,Middle East,Palestine,Gaza Strip,Khan Yunis,,Bani Suheila,31.3424,34.325,1,Newpress; Quds News Network; Twitter,New media-National,"On 28 August 2024, Israeli artillery shelled targets (including a house) near the Bani Suheila junction in Bani Suheila (Khan Yunis, Gaza Strip), killing a Palestinian and leaving a number of injuries.",1,,1753956638
PSE58757,8/28/2024,2024,1,Political violence,Explosions/Remote violence,Air/drone strike,Military Forces of Israel (2022-),,8,Civilians (Palestine),,7,78,Civilian targeting,275,Middle East,Palestine,Gaza Strip,Khan Yunis,,Khan Yunis - West (Municipal Stadium),31.3484,34.2961,2,Quds News Network; Twitter,New media-National,"On 28 August 2024, Israeli warplanes struck a house near the PRCS office west of Khan Yunis, (coded to Khan Yunis - West (Municipal Stadium), Gaza Strip), leaving 2 fatalities.",2,,1753956638
PSE58760,8/28/2024,2024,1,Political violence,Explosions/Remote violence,Air/drone strike,Military Forces of Israel (2022-),,8,Civilians (Palestine),Refugees/IDPs (Palestine),7,78,Civilian targeting,275,Middle East,Palestine,Gaza Strip,North Gaza,,Jabalya Camp,31.536,34.4907,1,Newpress; Palestine News and Information Agency; Quds News Network; Twitter,New media-National,"On 28 August 2024, Israeli warplanes struck a house in al-Trans street in Jabalya Camp (North Gaza, Gaza Strip), killing 5 Palestinians and leaving a number of injuries.",5,,1753956638
PSE58733,8/28/2024,2024,1,Political violence,Explosions/Remote violence,Shelling/artillery/missile attack,Military Forces of Israel (2022-),,8,Civilians (Palestine),Fishers (Palestine),7,78,Civilian targeting,275,Middle East,Palestine,Gaza Strip,Gaza City,,Gaza - Ash Shati' Camp,31.5349,34.4466,2,Newpress; Twitter,New media-National,"On 28 August 2024, Israeli gunboats opened fire at Palestinian fishers west of Gaza - Ash Shati' Camp (Gaza City, Gaza Strip). Casualties unknown.",0,,1759790002
PSE58737,8/28/2024,2024,1,Political violence,Explosions/Remote violence,Air/drone strike,Military Forces of Israel (2022-),,8,Civilians (Palestine),,7,78,Civilian targeting,275,Middle East,Palestine,Gaza Strip,Gaza City,,Gaza - Az Zaytun,31.4964,34.4522,2,Quds News Network; Twitter,New media-National,"On 28 August 2024, Israeli warplanes struck at Kisko street east of Gaza - Az Zaytun (Gaza City, Gaza Strip), killing 2 Palestinians.",2,,1759790002
PSE58756,8/28/2024,2024,1,Political violence,Explosions/Remote violence,Air/drone strike,Military Forces of Israel (2022-),,8,Civilians (Palestine),,7,78,Civilian targeting,275,Middle East,Palestine,Gaza Strip,Khan Yunis,,Khan Yunis - As-Sameen,31.3369,34.2925,1,Newpress; Quds News Network; Twitter,New media-National,"On 28 August 2024, Israeli warplanes struck a house in Khan Yunis - As-Sameen (Khan Yunis, Gaza Strip). Casualties unknown.",0,,1753956638
PSE58732,8/28/2024,2024,1,Political violence,Violence against civilians,Attack,Military Forces of Israel (2022-),,8,Civilians (International),Aid Workers (International); WFP: World Food Programme,7,78,Civilian targeting,275,Middle East,Palestine,Gaza Strip,Gaza City,,Al Mughraqa,31.4675,34.4097,2,Times of Israel; Twitter,New media-Regional,"On 28 August 2024, 2 armored vehicles belonging to the WFP came under fire near an IDF checkpoint in Wadi Gaza, coded to Al Mughraqa (Gaza City, Gaza Strip). The WFP cars were escorting a convoy of humanitarian aid trucks to central Gaza. There were no casualties among the WFP staff. This event involved violence over aid.",0,,1753956638
PSE58799,8/29/2024,2024,1,Political violence,Explosions/Remote violence,Air/drone strike,Military Forces of Israel (2022-),,8,Civilians (Palestine),Refugees/IDPs (Palestine),7,78,Civilian targeting,275,Middle East,Palestine,Gaza Strip,Deir El Balah,,An Nusayrat,31.4486,34.3925,1,Palestine News and Information Agency; Quds News Network; Twitter,New media-National,"On 29 August 2024, Israeli warplanes struck 2 houses in An Nusayrat Camp (Deir El Balah, Gaza Strip), killing 2 Palestinian girls and injuring others.",2,,1753956638
PSE58800,8/29/2024,2024,1,Political violence,Explosions/Remote violence,Air/drone strike,Military Forces of Israel (2022-),,8,Civilians (Palestine),,7,78,Civilian targeting,275,Middle East,Palestine,Gaza Strip,Deir El Balah,,An Nusayrat,31.4486,34.3925,2,Palestine News and Information Agency,National,"On 29 August 2024, Israeli warplanes struck a house east of An Nusayrat Camp (Deir El Balah, Gaza Strip), leaving 5 injuries.",0,,1753956638
PSE58802,8/29/2024,2024,1,Political violence,Explosions/Remote violence,Air/drone strike,Military Forces of Israel (2022-),,8,Civilians (Palestine),,7,78,Civilian targeting,275,Middle East,Palestine,Gaza Strip,Deir El Balah,,An Nusayrat - West,31.4525,34.3756,1,Quds News Network; Twitter,New media-National,"On 29 August 2024, Israeli warplanes struck an apartment in al-Salhi tower in An Nusayrat - West (Deir El Balah, Gaza Strip), leaving 9 fatalities and injuring others.",9,,1753956638
PSE58803,8/29/2024,2024,1,Political violence,Explosions/Remote violence,Air/drone strike,Military Forces of Israel (2022-),,8,Civilians (Palestine),,7,78,Civilian targeting,275,Middle East,Palestine,Gaza Strip,Deir El Balah,,Deir al Balah,31.4178,34.3503,1,Quds News Network; Twitter,New media-National,"On 29 August 2024, Israeli warplanes struck a gathering west of Al Barakeh area of Deir al Balah city (Deir El Balah, Gaza Strip), leaving 5 fatalities.",5,,1753956638
PSE58804,8/29/2024,2024,1,Political violence,Explosions/Remote violence,Shelling/artillery/missile attack,Military Forces of Israel (2022-),,8,Civilians (Palestine),,7,78,Civilian targeting,275,Middle East,Palestine,Gaza Strip,Deir El Balah,,Deir al Balah Camp,31.4249,34.34,2,Palestine News and Information Agency; PLO Negotiations Affairs Department; Quds News Network; Twitter,Other-New media,"On 29 August 2024, Israeli artillery and tanks shelled targets east of Deir al Balah, coded to Deir al Balah Camp (Deir El Balah, Gaza Strip). Casualties unknown. Also, 2 Palestinian bodies were recovered from Matahen al-Salam east of Deir al Balah. Fatalities coded at least 2.",2,,1765850627
PSE58806,8/29/2024,2024,1,Political violence,Explosions/Remote violence,Air/drone strike,Military Forces of Israel (2022-),,8,Civilians (Palestine),Refugees/IDPs (Palestine),7,78,Civilian targeting,275,Middle East,Palestine,Gaza Strip,Gaza City,,Gaza - Ash Shati' Camp,31.5349,34.4466,1,Palestine News and Information Agency; Quds News Network; Twitter,New media-National,"On 29 August 2024, Israeli warplanes struck a house in Gaza - Ash Shati' Camp (Gaza City, Gaza Strip), killing one Palestinian.",1,,1759790002
PSE58812,8/29/2024,2024,1,Political violence,Explosions/Remote violence,Air/drone strike,Military Forces of Israel (2022-),,8,Civilians (Palestine),,7,78,Civilian targeting,275,Middle East,Palestine,Gaza Strip,Gaza City,,Gaza - Southern Remal,31.5168,34.4355,2,Newpress; Palestine News and Information Agency; Quds News Network; Twitter,New media-National,"On 29 August 2024, Israeli warplanes struck a residential building near Al Amal Hotel west of Gaza City, coded to Gaza - Southern Remal (Gaza City, Gaza Strip), killing 8 Palestinians including a child and injuring 3 more.",8,,1759790002
PSE58814,8/29/2024,2024,1,Political violence,Explosions/Remote violence,Air/drone strike,Military Forces of Israel (2022-),,8,Civilians (Palestine),Refugees/IDPs (Palestine),7,78,Civilian targeting,275,Middle East,Palestine,Gaza Strip,Khan Yunis,,Abasan al Kabirah,31.3191,34.3401,2,Ma'an News Agency; Newpress; Palestine News and Information Agency; Quds News Network; Twitter,New media-National,"On 29 August 2024, Israeli warplanes struck tents belonging to displaced people in Wadi Saber east of Abasan al Kabirah (Khan Yunis, Gaza Strip), leaving 5 fatalities.",5,,1753956638
PSE58815,8/29/2024,2024,1,Political violence,Explosions/Remote violence,Shelling/artillery/missile attack,Military Forces of Israel (2022-),,8,Civilians (Palestine),,7,78,Civilian targeting,275,Middle East,Palestine,Gaza Strip,Khan Yunis,,Abasan al Kabirah,31.3191,34.3401,1,Palestine News and Information Agency,National,"On 29 August 2024, Israeli artillery shelled the Abasan al Kabirah (Khan Yunis, Gaza Strip), leaving injuries.",0,,1753956638
PSE58818,8/29/2024,2024,1,Political violence,Explosions/Remote violence,Air/drone strike,Military Forces of Israel (2022-),,8,Civilians (Palestine),,7,78,Civilian targeting,275,Middle East,Palestine,Gaza Strip,Khan Yunis,,Bani Suheila,31.3424,34.325,1,Palestine News and Information Agency; Quds News Network; Twitter,New media-National,"On 29 August 2024, Israeli warplanes struck a target in Bani Suheila (Khan Yunis, Gaza Strip), killing a Palestinian. Also, the artillery shelled the same area [casualties unknown]. Fatalities coded at least 1.",1,,1753956638
PSE58820,8/29/2024,2024,1,Political violence,Explosions/Remote violence,Air/drone strike,Military Forces of Israel (2022-),,8,Civilians (Palestine),Refugees/IDPs (Palestine),7,78,Civilian targeting,275,Middle East,Palestine,Gaza Strip,Khan Yunis,,Khan Yunis - Al Kateebeh,31.3642,34.3085,2,Ma'an News Agency; Palestine News and Information Agency,National,"On 29 August 2024, Israeli warplanes struck tents belonging to displaced people in Asdaa north of Khan Yunis, coded to Khan Yunis - Al Kateebeh (Khan Yunis, Gaza Strip), killing 2 persons and injuring at least 20.",2,,1767742780
PSE58825,8/29/2024,2024,1,Political violence,Explosions/Remote violence,Shelling/artillery/missile attack,Military Forces of Israel (2022-),,8,Civilians (Palestine),,7,78,Civilian targeting,275,Middle East,Palestine,Gaza Strip,Khan Yunis,,Khuzaa,31.3069,34.3572,1,Palestine News and Information Agency,National,"On 29 August 2024, Israeli artillery shelled the entrance of Khuzaa (Khan Yunis, Gaza Strip), killing one Palestinian and injuring others.",1,,1753956638
PSE58827,8/29/2024,2024,1,Political violence,Explosions/Remote violence,Air/drone strike,Military Forces of Israel (2022-),,8,Civilians (Palestine),,7,78,Civilian targeting,275,Middle East,Palestine,Gaza Strip,North Gaza,,Beit Lahiya - Al Mashroo,31.5433,34.4998,1,Quds News Network; Twitter,New media-National,"On 29 August 2024, Israeli warplanes struck a house in Beit Lahiya - Al Mashroo (North Gaza, Gaza Strip), killing a Palestinian.",1,,1753956638
PSE58828,8/29/2024,2024,1,Political violence,Explosions/Remote violence,Air/drone strike,Military Forces of Israel (2022-),,8,Civilians (Palestine),,7,78,Civilian targeting,275,Middle East,Palestine,Gaza Strip,North Gaza,,Jabalya Camp,31.536,34.4907,2,Quds News Network; Twitter,New media-National,"On 29 August 2024, Israeli warplanes struck a house in Asaleyah street east of Jabalya Camp (North Gaza, Gaza Strip). There were no casualties as the missile did not explode.",0,,1753956638
PSE58807,8/29/2024,2024,1,Political violence,Explosions/Remote violence,Air/drone strike,Military Forces of Israel (2022-),,8,Civilians (Palestine),,7,78,Civilian targeting,275,Middle East,Palestine,Gaza Strip,Gaza City,,Gaza - Az Zaytun,31.4964,34.4522,1,Newpress; Palestine News and Information Agency; Quds News Network; Twitter,New media-National,"On 29 August 2024, Israeli warplanes and UAVs carried out strikes in Gaza - Az Zaytun (Gaza City, Gaza Strip), leaving fatalities and injuries [unspecified fatalities coded as 3]. Also, 3 Palestinians were killed in an airstrike that targeted a gathering in Az Zaytun. Total fatalities coded as 6 [3 confirmed and 3 unspecified].",6,,1759790002
PSE58829,8/29/2024,2024,1,Political violence,Explosions/Remote violence,Air/drone strike,Military Forces of Israel (2022-),,8,Civilians (Palestine),,7,78,Civilian targeting,275,Middle East,Palestine,Gaza Strip,Rafah,,Khirbet al Adas,31.2855,34.2714,2,Palestine News and Information Agency; Quds News Network; Twitter,New media-National,"On 29 August 2024, rescue teams recovered 5 bodies belonging to Palestinians killed by Israeli forces, likely by airstrikes north of Rafah in Oriabah area, coded to Khirbet al Adas (Rafah, Gaza Strip).",5,,1753956638
PSE58858,8/30/2024,2024,1,Political violence,Explosions/Remote violence,Air/drone strike,Military Forces of Israel (2022-),,8,Civilians (Palestine),Refugees/IDPs (Palestine),7,78,Civilian targeting,275,Middle East,Palestine,Gaza Strip,Deir El Balah,,Al Maghazi,31.4214,34.3865,1,Ma'an News Agency; Newpress; Palestine News and Information Agency; Twitter,New media-National,"On 30 August 2024, Israeli warplanes struck a house in Al Maghazi Camp (Deir El Balah, Gaza Strip), killing a child and injuring others.",1,,1753956638
PSE58859,8/30/2024,2024,1,Political violence,Explosions/Remote violence,Air/drone strike,Military Forces of Israel (2022-),,8,Civilians (Palestine),,7,78,Civilian targeting,275,Middle East,Palestine,Gaza Strip,Deir El Balah,,Al Musaddar,31.4105,34.378,1,Quds News Network; Twitter,New media-National,"On 30 August 2024, Israeli warplanes targeted the Al Musaddar (Deir El Balah, Gaza Strip), killing a Palestinian and injuring others.",1,,1765850627
PSE58860,8/30/2024,2024,1,Political violence,Explosions/Remote violence,Air/drone strike,Military Forces of Israel (2022-),,8,Civilians (Palestine),,7,78,Civilian targeting,275,Middle East,Palestine,Gaza Strip,Deir El Balah,,An Nusayrat - North,31.4591,34.3923,2,Palestine News and Information Agency; Quds News Network; Twitter,New media-National,"On 30 August 2024, Israeli warplanes struck a house northeast and northwest of An Nusayrat, coded to An Nusayrat - North (Deir El Balah, Gaza strip), leaving injuries.",0,,1753956638
PSE58862,8/30/2024,2024,1,Political violence,Explosions/Remote violence,Air/drone strike,Military Forces of Israel (2022-),,8,Civilians (Palestine),,7,78,Civilian targeting,275,Middle East,Palestine,Gaza Strip,Deir El Balah,,An Nusayrat - West,31.4525,34.3756,1,Quds News Network; Twitter,New media-National,"On 30 August 2024, Israeli warplanes struck a house in An Nusayrat - West (Deir El Balah, Gaza Strip), killing 4 Palestinians and leaving injuries.",4,,1753956638
PSE58869,8/30/2024,2024,1,Political violence,Explosions/Remote violence,Shelling/artillery/missile attack,Military Forces of Israel (2022-),,8,Civilians (Palestine),,7,78,Civilian targeting,275,Middle East,Palestine,Gaza Strip,Gaza City,,Gaza - Sabra,31.5086,34.4493,1,Newpress; Palestine News and Information Agency; Twitter,New media-National,"On 30 August 2024, Israeli artillery shelled the Gaza - Sabra (Gaza City, Gaza Strip). 3 Palestinians were killed and others were injured.",3,,1759790002
PSE58870,8/30/2024,2024,1,Political violence,Explosions/Remote violence,Air/drone strike,Military Forces of Israel (2022-),,8,Civilians (Palestine),,7,78,Civilian targeting,275,Middle East,Palestine,Gaza Strip,Gaza City,,Gaza - Sheikh Radwan,31.5349,34.4667,2,Quds News Network; Twitter,New media-National,"On 30 August 2024, Israeli warplanes struck a target north of Gaza city, coded to Gaza - Sheikh Radwan (Gaza City, Gaza Strip), killing one Palestinian and injuring others.",1,,1759790002
PSE58876,8/30/2024,2024,1,Political violence,Explosions/Remote violence,Air/drone strike,Military Forces of Israel (2022-),,8,Civilians (Palestine),,7,78,Civilian targeting,275,Middle East,Palestine,Gaza Strip,Khan Yunis,,Abasan al Kabirah,31.3191,34.3401,1,Ma'an News Agency; Palestine News and Information Agency; Quds News Network; Twitter,New media-National,"On 30 August 2024, Israeli warplanes struck a house in Abasan al Kabirah (Khan Yunis, Gaza Strip), killing 3 Palestinians and injuring others. Also, Israeli artillery shelled targets in Abasan al Kabirah, killing a woman and injuring her husband along with her 3 children.",4,,1753956638
PSE58877,8/30/2024,2024,1,Political violence,Explosions/Remote violence,Air/drone strike,Military Forces of Israel (2022-),,8,Civilians (Palestine),,7,78,Civilian targeting,275,Middle East,Palestine,Gaza Strip,Khan Yunis,,Al Fukhari,31.2952,34.3332,1,Palestine News and Information Agency; Quds News Network; Twitter,New media-National,"On 30 August 2024, Israeli warplanes house a target in Al Fukhari (Khan Yunis, Gaza Strip), leaving 7 injuries.",0,,1753956638
PSE58884,8/30/2024,2024,1,Political violence,Explosions/Remote violence,Air/drone strike,Military Forces of Israel (2022-),,8,Civilians (Palestine),Refugees/IDPs (Palestine),7,78,Civilian targeting,275,Middle East,Palestine,Gaza Strip,North Gaza,,Jabalya Camp,31.536,34.4907,1,Arab 48; Ma'an News Agency; Newpress; Palestine News and Information Agency; Quds News Network; Twitter,New media-National,"On 30 August 2024, Israeli warplanes struck an apartment in al Hoja area of Jabalya Camp (North Gaza, Gaza strip)m killing 2 Palestinian including a child. Also, at least 4 Palestinians were killed in an airstrike targeted a gathering in al-Ajarmeh street in the camp. Total fatalities coded at least 6.",6,,1753956638
PSE58866,8/30/2024,2024,1,Political violence,Explosions/Remote violence,Air/drone strike,Military Forces of Israel (2022-),,8,Civilians (Palestine),,7,78,Civilian targeting,275,Middle East,Palestine,Gaza Strip,Gaza City,,Gaza - Az Zaytun,31.4964,34.4522,1,Newpress; Palestine News and Information Agency; Quds News Network; Twitter,New media-National,"On 30 August 2024, Israeli warplanes (including UAVs and Helicopters) carried out strikes in Az Zaytun and the artillery shelled the eastern and southern areas of Gaza - Az Zaytun (Gaza City, Gaza Strip). Casualties unknown.",0,,1759790002
PSE58920,8/31/2024,2024,1,Political violence,Explosions/Remote violence,Air/drone strike,Military Forces of Israel (2022-),,8,Civilians (Palestine),,7,78,Civilian targeting,275,Middle East,Palestine,Gaza Strip,Gaza City,,Gaza - Sabra,31.5086,34.4493,1,Newpress; Palestine News and Information Agency; Twitter,New media-National,"On 31 August 2024, Israeli warplanes struck a house in Gaza - Sabra (Gaza City, Gaza Strip), leaving 6 fatalities and a number of injuries.",6,,1759790002
PSE58922,8/31/2024,2024,1,Political violence,Explosions/Remote violence,Air/drone strike,Military Forces of Israel (2022-),,8,Civilians (Palestine),Refugees/IDPs (Palestine),7,78,Civilian targeting,275,Middle East,Palestine,Gaza Strip,North Gaza,,Jabalya Camp,31.536,34.4907,1,Newpress; Palestine News and Information Agency; Quds News Network; Twitter,New media-National,"On 31 August 2024, Israeli warplanes struck an apartment in Jabalya Camp (North Gaza, Gaza strip), killing one Palestinian and injuring others. Also, 3 Palestinians were killed in an airstrike that targeted a house in Al Tawabah area of the camp. Total fatalities coded as 4.",4,,1753956638
PSE58923,8/31/2024,2024,1,Political violence,Explosions/Remote violence,Air/drone strike,Military Forces of Israel (2022-),,8,Civilians (Palestine),,7,78,Civilian targeting,275,Middle East,Palestine,Gaza Strip,Deir El Balah,,An Nusayrat - West,31.4525,34.3756,1,Arab 48; Palestine News and Information Agency; Quds News Network; Twitter,New media-National,"On 31 August 2024, Israeli warplanes struck a house in An Nusayrat - West (Deir El Balah, Gaza Strip), leaving 4 fatalities. Also, the artillery shelled a building, killing 9 Palestinians. Total fatalities were 13.",13,,1753956638
PSE58924,8/31/2024,2024,1,Political violence,Explosions/Remote violence,Air/drone strike,Military Forces of Israel (2022-),,8,Civilians (Palestine),Refugees/IDPs (Palestine),7,78,Civilian targeting,275,Middle East,Palestine,Gaza Strip,Deir El Balah,,An Nusayrat,31.4486,34.3925,1,Newpress; Palestine News and Information Agency; Quds News Network; Twitter,New media-National,"On 31 August 2024, Israeli warplanes struck a building in An Nusayrat Camp (Deir El Balah, Gaza strip), killing 4 Palestinians and injuring others.",4,,1753956638
PSE58926,8/31/2024,2024,1,Political violence,Explosions/Remote violence,Air/drone strike,Military Forces of Israel (2022-),,8,Civilians (Palestine),,7,78,Civilian targeting,275,Middle East,Palestine,Gaza Strip,Rafah,,Tal as Sultan,31.3098,34.2414,1,Palestine News and Information Agency; Quds News Network,National,"On 31 August 2024, Israeli UAVs struck a group of Palestinians in al Shakoush northwest of Rafah, coded to Tal as Sultan (Rafah, Gaza Strip), killing 2 Palestinians and injuring others. Also, the artillery shelled west of Rafah [coded to the same location]. Casualties unknown. Fatalities were at least 2.",2,,1762829569
PSE58927,8/31/2024,2024,1,Political violence,Explosions/Remote violence,Air/drone strike,Military Forces of Israel (2022-),,8,Civilians (Palestine),,7,78,Civilian targeting,275,Middle East,Palestine,Gaza Strip,Gaza City,,Gaza - At Tuffah,31.5134,34.4751,1,Ma'an News Agency; Palestine News and Information Agency; Quds News Network; Twitter,New media-National,"On 31 August 2024, Israeli warplanes struck a house in Gaza - At Tuffah (Gaza City, Gaza Strip), leaving fatalities and injuries [unspecified fatalities coded as 3].",3,,1759790002
PSE58928,8/31/2024,2024,1,Political violence,Explosions/Remote violence,Air/drone strike,Military Forces of Israel (2022-),,8,Civilians (Palestine),,7,78,Civilian targeting,275,Middle East,Palestine,Gaza Strip,Gaza City,,Gaza - Ad Darraj,31.5172,34.4642,1,Ma'an News Agency; Palestine News and Information Agency,National,"On 31 August 2024, Israeli warplanes struck a residential complex in Gaza - Ad Darraj (Gaza City, Gaza Strip). Casualties unknown.",0,,1759790002
PSE58931,8/31/2024,2024,1,Political violence,Explosions/Remote violence,Air/drone strike,Military Forces of Israel (2022-),,8,Civilians (Palestine),,7,78,Civilian targeting,275,Middle East,Palestine,Gaza Strip,Deir El Balah,,An Nusayrat - North,31.4591,34.3923,2,Newpress; Twitter,New media-National,"On 31 August 2024, Israeli warplanes struck a house northeast of An Nusayrat, coded to An Nusayrat - North (Deir El Balah, Gaza Strip). Casualties unknown.",0,,1753956638
PSE58940,8/31/2024,2024,1,Political violence,Explosions/Remote violence,Air/drone strike,Military Forces of Israel (2022-),,8,Civilians (Palestine),,7,78,Civilian targeting,275,Middle East,Palestine,Gaza Strip,Deir El Balah,,An Nusayrat - North,31.4591,34.3923,1,Quds News Network; Twitter,New media-National,"On 31 August 2024, Israeli warplanes struck a house in An Nusayrat - North (Deir El Balah, Gaza Strip), injuring a Palestinian.",0,,1753956638
PSE58921,8/31/2024,2024,1,Political violence,Explosions/Remote violence,Air/drone strike,Military Forces of Israel (2022-),,8,Civilians (Palestine),,7,78,Civilian targeting,275,Middle East,Palestine,Gaza Strip,Gaza City,,Gaza - Az Zaytun,31.4964,34.4522,1,Ma'an News Agency; Newpress; Palestine News and Information Agency; Quds News Network; Twitter,New media-National,"On 31 August 2024, Israeli warplanes struck a building at Abu Habib junction in Gaza - Az Zaytun (Gaza City, Gaza Strip). Casualties unknown. Also, warplanes struck a house near the Maamadani Hospital in Az Zaytun, killing 3 Palestinians. Meanwhile, the artillery shelled targets in the same area [casualties unknown]. Total fatalities coded at least 3.",3,,1759790002
PSE58930,8/31/2024,2024,1,Political violence,Explosions/Remote violence,Air/drone strike,Military Forces of Israel (2022-),,8,Civilians (Palestine),,7,78,Civilian targeting,275,Middle East,Palestine,Gaza Strip,North Gaza,,Jabalya - Tel-Zaatar,31.5367,34.5035,1,Newpress; Twitter,New media-National,"On 31 August 2024, Israeli warplanes struck an apartment in Jabalya - Tel-Zaatar (North Gaza, Gaza Strip). Casualties unknown.",0,,1759790002
PSE58934,8/31/2024,2024,1,Political violence,Explosions/Remote violence,Air/drone strike,Military Forces of Israel (2022-),,8,Civilians (Palestine),,7,78,Civilian targeting,275,Middle East,Palestine,Gaza Strip,North Gaza,,Jabalya,31.5272,34.4835,2,Newpress; Twitter,New media-National,"On 31 August 2024, Israeli helicopters opened fire at Palestinian houses and lands in Qlibo area north Gaza Strip, coded to Jabalya (North Gaza, Gaza Strip). Casualties unknown.",0,,1759790002
PSE58919,8/31/2024,2024,1,Political violence,Explosions/Remote violence,Air/drone strike,Military Forces of Israel (2022-),,8,Civilians (Palestine),,7,78,Civilian targeting,275,Middle East,Palestine,Gaza Strip,Khan Yunis,,Khan Yunis - Jourat Al-Loot,31.3314,34.3004,1,Palestine News and Information Agency; Quds News Network; Twitter,New media-National,"On 31 August 2024, Israeli warplanes carried out airstrikes (including targeting a house) in Khan Yunis - Jourat Al-Loot (Khan Yunis, Gaza strip), killing 5 Palestinians and injuring 15 more.",5,,1753956638
PSE58944,8/31/2024,2024,1,Political violence,Explosions/Remote violence,Air/drone strike,Military Forces of Israel (2022-),,8,Civilians (Palestine),,7,78,Civilian targeting,275,Middle East,Palestine,Gaza Strip,Rafah,,Rafah,31.287,34.2595,2,Quds News Network; Twitter,New media-National,"On 31 August 2024, 3 Palestinians were killed in Rafah area (Rafah, Gaza Strip) likely by Israeli airstrikes.",3,,1762829569
PSE58974,8/31/2024,2024,2,Political violence,Violence against civilians,Attack,Hamas Movement,,3,Civilians (Israel),Prisoners (Israel),7,37,Civilian targeting,275,Middle East,Palestine,Gaza Strip,Rafah,,Rafah,31.287,34.2595,2,Arutz Sheva; Haaretz; Israeli Defense Forces; Joe Truzman; Times of Israel; Twitter,Other-New media,"Around 31 August 2024, Hamas killed 6 Israeli abductees who were captured on October 7. The IDF found the 6 bodies in a tunnel in Rafah (Gaza Strip) and confirmed that they were killed between 30 - 31 August. Hamas claimed the hostages were killed in Israeli airstrikes.",6,,1762829569
