event_id_cnty,event_date,year,time_precision,disorder_type,event_type,sub_event_type,actor1,assoc_actor_1,inter1,actor2,assoc_actor_2,inter2,interaction,civilian_targeting,iso,region,country,admin1,admin2,admin3,location,latitude,longitude,geo_precision,source,source_scale,notes,fatalities,tags,timestamp
PSE42742,1/1/2024,2024,1,Political violence,Explosions/Remote violence,Air/drone strike,Military Forces of Israel (2022-),,8,Civilians (Palestine),,7,78,Civilian targeting,275,Middle East,Palestine,Gaza Strip,Gaza City,,Gaza - Sheikh Radwan,31.5349,34.4667,2,Newpress; Palestine News and Information Agency; Quds News Network; Twitter,New media-National,"On 1 January 2024, Israeli warplanes carried out airstrikes north of Gaza city and in Al Yarmouk street, Gaza - Sheikh Radwan (Gaza City, Gaza Strip) killing a Palestinian. Meanwhile, the artillery struck targets in the area.",1,,1759789988
PSE42744,1/1/2024,2024,1,Political violence,Explosions/Remote violence,Air/drone strike,Military Forces of Israel (2022-),,8,Civilians (Palestine),,7,78,Civilian targeting,275,Middle East,Palestine,Gaza Strip,Khan Yunis,,Khan Yunis - City Centre,31.3419,34.3015,1,Newpress; Palestine News and Information Agency; Quds News Network; Twitter,New media-National,"On 1 January 2024, Israeli warplanes carried out airstrikes in Khan Yunis - City Centre (Khan Yunis, Gaza Strip), leaving a number of injuries. Meanwhile, artillery struck targets in the area. Casualties unknown.",0,,1753954979
PSE42745,1/1/2024,2024,1,Political violence,Explosions/Remote violence,Air/drone strike,Military Forces of Israel (2022-),,8,Civilians (Palestine),,7,78,Civilian targeting,275,Middle East,Palestine,Gaza Strip,Khan Yunis,,Khan Yunis,31.3502,34.3081,1,Ma'an News Agency; Palestine News and Information Agency; Quds News Network; Twitter,New media-National,"On 1 January 2024, Israeli warplanes struck houses in Khan Yunis city (Khan Yunis, Gaza Strip), leaving 9 Palestinian fatalities and dozens of injuries.",9,,1753954979
PSE42765,1/1/2024,2024,1,Political violence,Explosions/Remote violence,Air/drone strike,Military Forces of Israel (2022-),,8,Civilians (Palestine),,7,78,Civilian targeting,275,Middle East,Palestine,Gaza Strip,Khan Yunis,,Khan Yunis - Maen,31.336,34.3172,1,Quds News Network; Twitter,New media-National,"On 1 January 2024, Israeli warplanes carried out airstrikes in the vicinity of Maen School in Khan Yunis - Maen (Khan Yunis, Gaza Strip), injuring 2 Palestinians.",0,,1753954979
PSE42813,1/1/2024,2024,1,Political violence,Explosions/Remote violence,Shelling/artillery/missile attack,Military Forces of Israel (2022-),,8,Civilians (Palestine),,7,78,Civilian targeting,275,Middle East,Palestine,Gaza Strip,Khan Yunis,,Khan Yunis - West (Municipal Stadium),31.3484,34.2961,2,Palestine News and Information Agency,National,"On 1 January 2024, Israeli artillery shelled a house near Belal Mosque west of Khan Yunis, Khan Yunis - West (Municipal Stadium) - Gaza Strip, killing a Palestinian and injuring several others.",1,,1753954979
PSE42737,1/1/2024,2024,1,Political violence,Explosions/Remote violence,Air/drone strike,Military Forces of Israel (2022-),,8,Civilians (Palestine),Refugees/IDPs (Palestine),7,78,Civilian targeting,275,Middle East,Palestine,Gaza Strip,Deir El Balah,,Al Maghazi,31.4214,34.3865,1,Liveuamap; Ma'an News Agency; Newpress; Palestine News and Information Agency; Quds News Network; Twitter,Local partner-New media,"On 1 January 2024, Israeli warplanes struck a house in Al Maghazi refugee camp (Deir El Balah, Gaza Strip), leaving a number of injuries among children. Also, 18 persons were killed and several others were injured in separate airstrikes targeting houses. Meanwhile, artillery shelled the area and killed 10 persons. Total confirmed fatalities were 28.",28,,1753954979
PSE42743,1/1/2024,2024,1,Political violence,Explosions/Remote violence,Air/drone strike,Military Forces of Israel (2022-),,8,Civilians (Palestine),,7,78,Civilian targeting,275,Middle East,Palestine,Gaza Strip,Deir El Balah,,Deir al Balah,31.4178,34.3503,1,Al Ghad (Jordan); Ma'an News Agency; Palestine News and Information Agency; Quds News Network; Twitter,New media-National,"On 1 January 2024, Israeli warplanes struck a house in Deir al Balah city (Deir El Balah, Gaza Strip), leaving 15 fatalities and a number of injuries. Meanwhile, artillery shelled targets in the area.",15,,1753954979
PSE42757,1/1/2024,2024,1,Political violence,Explosions/Remote violence,Shelling/artillery/missile attack,Military Forces of Israel (2022-),,8,Civilians (Palestine),,7,78,Civilian targeting,275,Middle East,Palestine,Gaza Strip,Deir El Balah,,An Nusayrat - West,31.4525,34.3756,1,Quds News Network; Twitter,New media-National,"On 1 January 2024, Israeli gunboats struck targets west of An Nusayrat (An Nusayrat - West, Deir El Balah, Gaza Strip), injuring a Palestinian fisher while driving a car.",0,,1753954979
PSE42762,1/1/2024,2024,1,Political violence,Explosions/Remote violence,Air/drone strike,Military Forces of Israel (2022-),,8,Civilians (Palestine),,7,78,Civilian targeting,275,Middle East,Palestine,Gaza Strip,Deir El Balah,,An Nusayrat,31.4486,34.3925,2,Quds News Network; Twitter,New media-National,"On 1 January 2024, Israeli warplanes struck 2 houses in block C east of An Nusayrat refugee camp (Deir El Balah, Gaza Strip). Casualties unknown.",0,,1753954979
PSE42763,1/1/2024,2024,1,Political violence,Explosions/Remote violence,Air/drone strike,Military Forces of Israel (2022-),,8,Civilians (Palestine),Refugees/IDPs (Palestine),7,78,Civilian targeting,275,Middle East,Palestine,Gaza Strip,Deir El Balah,,Al Burayj,31.4394,34.4031,1,Liveuamap; Quds News Network; Twitter,Local partner-New media,"On 1 January 2024, Israeli warplanes struck a group of Palestinians near Abu Hmaiseh school in Al Burayj refugee camp (Deir El Balah, Gaza Strip), killing a Palestinian and injuring another one.",1,,1753954979
PSE42814,1/1/2024,2024,1,Political violence,Explosions/Remote violence,Shelling/artillery/missile attack,Military Forces of Israel (2022-),,8,Civilians (Palestine),,7,78,Civilian targeting,275,Middle East,Palestine,Gaza Strip,Deir El Balah,,Az Zawayda,31.4284,34.366,1,Palestine News and Information Agency,National,"On 1 January 2024, Israeli artillery shelled targets in Az Zawayda town (Deir El Balah, Gaza Strip), injuring a number of Palestinians.",0,,1767742780
PSE42730,1/1/2024,2024,1,Political violence,Explosions/Remote violence,Air/drone strike,Military Forces of Israel (2022-),,8,Civilians (Palestine),Refugees/IDPs (Palestine),7,78,Civilian targeting,275,Middle East,Palestine,Gaza Strip,Deir El Balah,,An Nusayrat,31.4486,34.3925,1,Al Ghad (Jordan); Liveuamap; Ma'an News Agency; Newpress; Palestine News and Information Agency; Palestinian Ministry of Health; Quds News Network; Twitter,Local partner-New media,"On 1 January 2024, Israeli warplanes struck targets and houses in An Nusayrat refugee camp (Deir El Balah, Gaza Strip), leaving an unspecified number of fatalities and injuries. [Palestinian Ministry of Health reported 22815 fatalities between 7 October - 1 January 2024. 90 fatalities not attributed to specific events split across 2 events on 1 January. 45 fatalities coded to this event.]",45,,1753954979
PSE42750,1/1/2024,2024,1,Political violence,Explosions/Remote violence,Shelling/artillery/missile attack,Military Forces of Israel (2022-),,8,Civilians (Palestine),,7,78,Civilian targeting,275,Middle East,Palestine,Gaza Strip,Gaza City,,Gaza - Nasr,31.534,34.4574,1,Ma'an News Agency; Palestinian Ministry of Health,Other-National,"On 1 January 2024, Israeli artillery struck a group of Palestinians in Al Moqawasi area in Gaza - Nasr (Gaza City, Gaza Strip), leaving an unspecified number of fatalities and injuries. [Palestinian Ministry of Health reported 22815 fatalities between 7 October - 1 January 2024. 90 fatalities not attributed to specific events split across 2 events on 1 January. 45 fatalities coded to this event.]",45,,1753954979
PSE42738,1/1/2024,2024,1,Political violence,Explosions/Remote violence,Air/drone strike,Military Forces of Israel (2022-),,8,Civilians (Palestine),,7,78,Civilian targeting,275,Middle East,Palestine,Gaza Strip,North Gaza,,Jabalya,31.5272,34.4835,2,Ma'an News Agency; Newpress; Palestine News and Information Agency; Quds News Network; Twitter,New media-National,"On 1 January 2024, Israeli warplanes carried out airstrikes in Bir al-Naja area, west of Jabalya town (North Gaza, Gaza Strip), leaving 6 Palestinian fatalities. Meanwhile, artillery shelled targets in the area.",6,,1759789988
PSE42777,1/2/2024,2024,1,Political violence,Explosions/Remote violence,Air/drone strike,Military Forces of Israel (2022-),,8,Civilians (Palestine),,7,78,Civilian targeting,275,Middle East,Palestine,Gaza Strip,Khan Yunis,,Khan Yunis - City Centre,31.3419,34.3015,1,Ma'an News Agency; Palestine News and Information Agency; Quds News Network; Twitter,New media-National,"On 2 January 2024, Israeli warplanes carried out airstrikes in Khan Yunis - City Centre (Khan Yunis, Gaza Strip), killing 2 Palestinians.",2,,1753954979
PSE42788,1/2/2024,2024,1,Political violence,Explosions/Remote violence,Air/drone strike,Military Forces of Israel (2022-),,8,Civilians (Palestine),Refugees/IDPs (Palestine),7,78,Civilian targeting,275,Middle East,Palestine,Gaza Strip,Gaza City,,Gaza - Shujaiyya,31.4988,34.4699,1,Ma'an News Agency; Palestine News and Information Agency; Quds News Network; Twitter,New media-National,"On 2 January 2024, Israeli warplanes struck the Lulwa school hosting displaced people near Ansar Junction in Gaza - Shujaiyya (Gaza City, Gaza Strip), leaving at least 16 fatalities among Palestinians.",16,,1759789988
PSE42789,1/2/2024,2024,1,Political violence,Explosions/Remote violence,Air/drone strike,Military Forces of Israel (2022-),,8,Civilians (Palestine),,7,78,Civilian targeting,275,Middle East,Palestine,Gaza Strip,Khan Yunis,,Khan Yunis - Maen,31.336,34.3172,1,Palestine News and Information Agency; Quds News Network; Twitter,New media-National,"On 2 January 2024, Israeli warplanes struck houses in Khan Yunis - Maen (Khan Yunis, Gaza Strip). Casualties unknown.",0,,1753954979
PSE42784,1/2/2024,2024,1,Political violence,Explosions/Remote violence,Air/drone strike,Military Forces of Israel (2022-),,8,Civilians (Palestine),,7,78,Civilian targeting,275,Middle East,Palestine,Gaza Strip,Deir El Balah,,Deir al Balah,31.4178,34.3503,1,Liveuamap; Ma'an News Agency; Palestine News and Information Agency; Quds News Network; Twitter,Local partner-New media,"On 2 January 2024, Israeli warplanes struck targets while artillery shelled houses including Ein Jalout residential towers in Deir al Balah (Deir El Balah, Gaza Strip), leaving at least 5 fatalities.",5,,1753954979
PSE42857,1/2/2024,2024,1,Political violence,Explosions/Remote violence,Shelling/artillery/missile attack,Military Forces of Israel (2022-),,8,Civilians (Palestine),,7,78,Civilian targeting,275,Middle East,Palestine,Gaza Strip,Deir El Balah,,Al Maghazi,31.4214,34.3865,2,Palestine News and Information Agency; Quds News Network; Twitter,New media-National,"On 2 January 2024, Israeli artillery shelled targets including Qandil residential building north of Al Maghazi refugee camp (Deir El Balah, Gaza Strip). Casualties unknown.",0,,1753954979
PSE42861,1/2/2024,2024,1,Political violence,Explosions/Remote violence,Shelling/artillery/missile attack,Military Forces of Israel (2022-),,8,Civilians (Palestine),Refugees/IDPs (Palestine),7,78,Civilian targeting,275,Middle East,Palestine,Gaza Strip,Deir El Balah,,Al Burayj,31.4394,34.4031,1,Liveuamap; Ma'an News Agency; Palestine News and Information Agency; Quds News Network; Twitter,Local partner-New media,"On 2 January 2024, Israeli artillery shelled targets and houses in Al Burayj refugee camp (Deir El Balah, Gaza Strip). At least one Palestinian was killed.",1,,1753954979
PSE42787,1/2/2024,2024,1,Political violence,Explosions/Remote violence,Air/drone strike,Military Forces of Israel (2022-),,8,Civilians (Palestine),Refugees/IDPs (Palestine),7,78,Civilian targeting,275,Middle East,Palestine,Gaza Strip,Deir El Balah,,An Nusayrat,31.4486,34.3925,1,Liveuamap; Ma'an News Agency; Palestine News and Information Agency; Palestinian Ministry of Health; Quds News Network; Twitter,Local partner-New media,"On 2 January 2024, Israeli warplanes struck targets and houses in An Nusayrat refugee camp (Deir El Balah, Gaza Strip), leaving an unspecified number of fatalities and injuries among Palestinians. Also warplanes fired white phosphorus bombs in the area. Also, 9 other Palestinian civilians were killed in an airstrike that targeted a house. [Palestinian Ministry of Health reported 22313 fatalities upto 2 January 2024. 44 fatalities not attributed to specific events split across 4 events on 2 January. 11 fatalities coded to this event.] Total fatalities coded as 20 (9 known + 11 presumed). HRW and other international organizations have accused Israel of using white phosphorous bombs.",20,,1753954979
PSE42785,1/2/2024,2024,1,Political violence,Explosions/Remote violence,Air/drone strike,Military Forces of Israel (2022-),,8,Civilians (Palestine),Aid Workers (Palestine); Journalists (Palestine); Palestinian Red Crescent Society,7,78,Civilian targeting,275,Middle East,Palestine,Gaza Strip,Khan Yunis,,Khan Yunis - Al Amal,31.3544,34.3007,1,Ma'an News Agency; Newpress; Palestine News and Information Agency; Palestinian Ministry of Health; Quds News Network; Twitter,Other-New media,"On 2 January 2024, Israeli warplanes struck the PRCS building in Khan Yunis - Al Amal (Khan Yunis, Gaza Strip), leaving 5 fatalities and a number of injuries among Palestinians (including 2 injured journalists). Also, a number of Palestinians were killed and injured in an airstrike that targeted a house. [Palestinian Ministry of Health reported 22313 fatalities upto 2 January 2024. 44 fatalities not attributed to specific events split across 4 events on 2 January. 11 fatalities coded to this event.] Total fatalities coded as 16 (5 known + 11 presumed).",16,,1753954979
PSE42858,1/2/2024,2024,1,Political violence,Explosions/Remote violence,Shelling/artillery/missile attack,Military Forces of Israel (2022-),,8,Civilians (Palestine),,7,78,Civilian targeting,275,Middle East,Palestine,Gaza Strip,Khan Yunis,,Bani Suheila,31.3424,34.325,2,Palestine News and Information Agency; Palestinian Ministry of Health,Other-National,"On 2 January 2024, Israeli artillery struck east of Khan Yunis city, (coded to Bani Suheila, Gaza Strip), leaving an unspecified number of fatalities and injuries among Palestinians. [Palestinian Ministry of Health reported 22313 fatalities upto 2 January 2024. 44 fatalities not attributed to specific events split across 4 events on 2 January. 11 fatalities coded to this event.]",11,,1753954979
PSE42862,1/2/2024,2024,1,Political violence,Explosions/Remote violence,Shelling/artillery/missile attack,Military Forces of Israel (2022-),,8,Civilians (Palestine),,7,78,Civilian targeting,275,Middle East,Palestine,Gaza Strip,Deir El Balah,,An Nusayrat - North,31.4591,34.3923,1,Ma'an News Agency; Palestine News and Information Agency; Palestinian Ministry of Health,Other-National,"On 2 January 2024, Israeli artillery shelled houses north of An Nusayrat (An Nusayrat - North, Deir El Balah, Gaza Strip), leaving an unspecified number of fatalities and injuries among Palestinians. [Palestinian Ministry of Health reported 22313 fatalities upto 2 January 2024. 44 fatalities not attributed to specific events split across 4 events on 2 January. 11 fatalities coded to this event.]",11,,1753954979
PSE42825,1/3/2024,2024,1,Political violence,Explosions/Remote violence,Air/drone strike,Military Forces of Israel (2022-),,8,Civilians (Palestine),,7,78,Civilian targeting,275,Middle East,Palestine,Gaza Strip,Khan Yunis,,Khan Yunis - Maen,31.336,34.3172,1,Palestine News and Information Agency; Quds News Network; Twitter,New media-National,"On 3 January 2024, Israeli warplanes carried out airstrikes and opened fire in Khan Yunis - Maen (Khan Yunis, Gaza Strip). A Palestinian was killed.",1,,1753954979
PSE42826,1/3/2024,2024,1,Political violence,Explosions/Remote violence,Air/drone strike,Military Forces of Israel (2022-),,8,Civilians (Palestine),Aid Workers (Palestine); Palestinian Red Crescent Society,7,78,Civilian targeting,275,Middle East,Palestine,Gaza Strip,Khan Yunis,,Khan Yunis - Al Amal,31.3544,34.3007,1,Palestine News and Information Agency,National,"On 3 January 2024, Israeli warplanes struck the PRCS building in Khan Yunis - Al Amal (Khan Yunis, Gaza Strip). There were no casualties.",0,,1753954979
PSE42830,1/3/2024,2024,1,Political violence,Explosions/Remote violence,Air/drone strike,Military Forces of Israel (2022-),,8,Civilians (Palestine),,7,78,Civilian targeting,275,Middle East,Palestine,Gaza Strip,Khan Yunis,,Al Qararah,31.3739,34.3409,2,Palestine News and Information Agency,National,"On 3 January 2024, Israeli warplanes carried out airstrikes west of Al Qararah (Khan Yunis, Gaza Strip), leaving 7 fatalities.",7,,1753954979
PSE42831,1/3/2024,2024,1,Political violence,Explosions/Remote violence,Air/drone strike,Military Forces of Israel (2022-),,8,Civilians (Palestine),Muslim Group (Palestine); Refugees/IDPs (Palestine),7,78,Civilian targeting,275,Middle East,Palestine,Gaza Strip,Khan Yunis,,Khan Yunis - West (Municipal Stadium),31.3484,34.2961,2,Newpress; Palestine News and Information Agency; Quds News Network; Twitter,New media-National,"On 3 January 2024, Israeli warplanes struck houses, the Al Khulafa Mosque, and in the vicinity of Naser Hospital, west of Khan Yunis, Khan Yunis - West (Municipal Stadium) - Gaza Strip, where at least 20 Palestinians were killed, including displaced people, and dozens of others were injured. Also, 14 Palestinians were killed in a separate airstrike that targeted a house. Total fatalities coded as at least 34 persons.",34,,1753954979
PSE42818,1/3/2024,2024,1,Political violence,Explosions/Remote violence,Air/drone strike,Military Forces of Israel (2022-),,8,Civilians (Palestine),Refugees/IDPs (Palestine),7,78,Civilian targeting,275,Middle East,Palestine,Gaza Strip,Deir El Balah,,An Nusayrat,31.4486,34.3925,1,Liveuamap; Newpress; Palestine News and Information Agency; Quds News Network; Twitter,Local partner-New media,"On 3 January 2024, Israeli warplanes struck the Ein Jalout residential towers in An Nusayrat refugee camp (Deir El Balah, Gaza Strip). Casualties unknown.",0,,1753954979
PSE42821,1/3/2024,2024,1,Political violence,Explosions/Remote violence,Air/drone strike,Military Forces of Israel (2022-),,8,Civilians (Palestine),,7,78,Civilian targeting,275,Middle East,Palestine,Gaza Strip,Khan Yunis,,Hamad,31.3749,34.3193,1,Palestine News and Information Agency,National,"On 3 January 2024, Israeli warplanes carried out airstrikes in Hamad city (Khan Yunis, Gaza Strip), leaving 4 fatalities.",4,,1753954979
PSE42822,1/3/2024,2024,1,Political violence,Explosions/Remote violence,Air/drone strike,Military Forces of Israel (2022-),,8,Civilians (Palestine),Refugees/IDPs (Palestine),7,78,Civilian targeting,275,Middle East,Palestine,Gaza Strip,Deir El Balah,,Al Burayj,31.4394,34.4031,1,Liveuamap; Newpress; Palestine News and Information Agency; Quds News Network; Twitter,Local partner-New media,"On 3 January 2024, Israeli warplanes struck the Abu Helo school in Al Burayj refugee camp (Deir El Balah, Gaza Strip), injuring dozens of displaced Palestinians. Casualties unknown.",0,,1753954979
PSE42823,1/3/2024,2024,1,Political violence,Explosions/Remote violence,Air/drone strike,Military Forces of Israel (2022-),,8,Civilians (Palestine),Refugees/IDPs (Palestine),7,78,Civilian targeting,275,Middle East,Palestine,Gaza Strip,Deir El Balah,,Al Maghazi,31.4214,34.3865,1,Palestine News and Information Agency; Quds News Network; Twitter,New media-National,"On 3 January 2024, Israeli warplanes carried out airstrikes in Al Maghazi refugee camp (Deir El Balah, Gaza Strip). Meanwhile, the artillery struck targets in the area, leaving 4 fatalities.",4,,1753954979
PSE42827,1/3/2024,2024,1,Political violence,Explosions/Remote violence,Air/drone strike,Military Forces of Israel (2022-),,8,Civilians (Palestine),,7,78,Civilian targeting,275,Middle East,Palestine,Gaza Strip,Deir El Balah,,Deir al Balah,31.4178,34.3503,1,Palestine News and Information Agency; Quds News Network; Twitter,New media-National,"On 3 January 2024, Israeli warplanes struck a house in Deir al Balah city (Deir El Balah, Gaza Strip). There were no casualties.",0,,1753954979
PSE42832,1/3/2024,2024,1,Political violence,Explosions/Remote violence,Air/drone strike,Military Forces of Israel (2022-),,8,Civilians (Palestine),Refugees/IDPs (Palestine),7,78,Civilian targeting,275,Middle East,Palestine,Gaza Strip,Deir El Balah,,Deir al Balah Camp,31.4249,34.34,1,Newpress; Palestine News and Information Agency; Quds News Network; Twitter,New media-National,"On 3 January 2024, Israeli warplanes struck a house in the refugee camp of Deir al Balah Camp (Deir El Balah, Gaza Strip), leaving at least 4 fatalities.",4,,1765850627
PSE42833,1/3/2024,2024,1,Political violence,Explosions/Remote violence,Air/drone strike,Military Forces of Israel (2022-),,8,Civilians (Palestine),,7,78,Civilian targeting,275,Middle East,Palestine,Gaza Strip,Deir El Balah,,Al Musaddar,31.4105,34.378,2,Palestine News and Information Agency,National,"On 3 January 2024, Israeli warplanes struck a house west of Deir al Balah (coded to Al Musaddar, Gaza Strip), leaving 7 fatalities and a number of injuries.",7,,1765850627
PSE42835,1/3/2024,2024,1,Political violence,Explosions/Remote violence,Air/drone strike,Military Forces of Israel (2022-),,8,Civilians (Palestine),,7,78,Civilian targeting,275,Middle East,Palestine,Gaza Strip,Deir El Balah,,An Nusayrat - West,31.4525,34.3756,1,Palestine News and Information Agency; Quds News Network; Twitter,New media-National,"On 3 January 2024, Israeli warplanes struck in al-Sawarha area west of An Nusayrat (An Nusayrat - West, Deir El Balah, Gaza Strip), leaving 2 fatalities and injuring a number of Palestinians.",2,,1753954979
PSE42816,1/3/2024,2024,1,Political violence,Explosions/Remote violence,Air/drone strike,Military Forces of Israel (2022-),,8,Civilians (Palestine),,7,78,Civilian targeting,275,Middle East,Palestine,Gaza Strip,Deir El Balah,,Al Maghazi,31.4214,34.3865,2,Palestine News and Information Agency; Palestinian Ministry of Health,Other-National,"On 3 January 2024, Israeli warplanes struck a house east of Al Maghazi refugee camp (Deir El Balah, Gaza Strip), leaving an unspecified number of fatalities and dozens of injuries among Palestinians. [Palestinian Ministry of Health reported 22438 fatalities upto 3 January 2024. 17 fatalities not attributed to specific events split across 2 events on 3 January. 17 fatalities coded to this event.]",17,,1753954979
PSE42829,1/3/2024,2024,1,Political violence,Explosions/Remote violence,Air/drone strike,Military Forces of Israel (2022-),,8,Civilians (Palestine),Refugees/IDPs (Palestine),7,78,Civilian targeting,275,Middle East,Palestine,Gaza Strip,North Gaza,,Jabalya Camp,31.536,34.4907,1,Newpress; Palestine News and Information Agency; Palestinian Ministry of Health; Quds News Network; Twitter,Other-New media,"On 3 January 2024, Israeli warplanes struck a house in Mukhayyam Jabalya Camp (North Gaza, Gaza Strip), leaving an unspecified number of fatalities. [Palestinian Ministry of Health reported 22438 fatalities upto 3 January 2024. 17 fatalities not attributed to specific events split across 2 events on 3 January. 18 fatalities coded to this event.]",18,,1753954979
PSE42817,1/3/2024,2024,1,Political violence,Explosions/Remote violence,Air/drone strike,Military Forces of Israel (2022-),,8,Civilians (Palestine),,7,78,Civilian targeting,275,Middle East,Palestine,Gaza Strip,North Gaza,,Jabalya,31.5272,34.4835,1,Palestine News and Information Agency,National,"On 3 January 2024, Israeli warplanes struck the entrance of a school in Jabalya town (North Gaza, Gaza Strip), killing a child.",1,,1759789988
PSE42846,1/3/2024,2024,1,Political violence,Explosions/Remote violence,Air/drone strike,Military Forces of Israel (2022-),,8,Civilians (Palestine),,7,78,Civilian targeting,275,Middle East,Palestine,Gaza Strip,North Gaza,,Jabalya - Tel-Zaatar,31.5367,34.5035,1,Newpress; Twitter,New media-National,"On 3 January 2024, Israeli warplanes struck a house in Jabalya - Tel-Zaatar (North Gaza, Gaza Strip). Casualties unknown.",0,,1759789988
PSE42815,1/3/2024,2024,1,Political violence,Explosions/Remote violence,Air/drone strike,Military Forces of Israel (2022-),,8,Civilians (Palestine),,7,78,Civilian targeting,275,Middle East,Palestine,Gaza Strip,Rafah,,Khirbet al Adas,31.2855,34.2714,1,Newpress; Palestine News and Information Agency; Quds News Network; Twitter,New media-National,"On 3 January 2024, Israeli warplanes struck a house in Khirbet al Adas (Rafah, Gaza Strip), leaving 3 fatalities and several injuries among Palestinians.",3,,1753954979
PSE42824,1/3/2024,2024,1,Political violence,Explosions/Remote violence,Air/drone strike,Military Forces of Israel (2022-),,8,Civilians (Palestine),,7,78,Civilian targeting,275,Middle East,Palestine,Gaza Strip,Khan Yunis,,Qizan an Najjar,31.323,34.2761,1,Palestine News and Information Agency; Quds News Network; Twitter,New media-National,"On 3 January 2024, Israeli warplanes carried out airstrikes in Qizan an Najjar (Khan Yunis, Gaza Strip), injuring a Palestinian.",0,,1753954979
PSE42828,1/3/2024,2024,1,Political violence,Explosions/Remote violence,Air/drone strike,Military Forces of Israel (2022-),,8,Civilians (Palestine),,7,78,Civilian targeting,275,Middle East,Palestine,Gaza Strip,Khan Yunis,,Khan Yunis - Jourat Al-Loot,31.3314,34.3004,2,Palestine News and Information Agency,National,"On 3 January 2024, Israeli warplanes struck a house south of Khan Yunis city, Khan Yunis - Jourat Al-Loot (Khan Yunis, Gaza Strip), killing a woman and injuring a number of Palestinians.",1,,1753954979
PSE42834,1/3/2024,2024,1,Political violence,Explosions/Remote violence,Air/drone strike,Military Forces of Israel (2022-),,8,Civilians (Palestine),,7,78,Civilian targeting,275,Middle East,Palestine,Gaza Strip,Rafah,,As Salam,31.2678,34.2567,1,Newpress; Palestine News and Information Agency; Quds News Network; Twitter,New media-National,"On 3 January 2024, Israeli warplanes struck a group of people in As Salam (Rafah, Gaza Strip), leaving 7 fatalities and injuring a number of Palestinians.",7,,1753954979
PSE42863,1/4/2024,2024,1,Political violence,Explosions/Remote violence,Air/drone strike,Military Forces of Israel (2022-),,8,Civilians (Palestine),Refugees/IDPs (Palestine),7,78,Civilian targeting,275,Middle East,Palestine,Gaza Strip,Khan Yunis,,Khan Yunis - West (Municipal Stadium),31.3484,34.2961,2,Palestine News and Information Agency; Quds News Network; Twitter,New media-National,"On 4 January 2024, Israeli warplanes struck agricultural land west of Khan Yunis, Khan Yunis - West (Municipal Stadium) - Gaza Strip. As a result, 6 displaced Palestinians were killed. Also, the artillery targeted a group of Palestinians and killed 2 women. Total fatalities coded as 8.",8,,1753954979
PSE42864,1/4/2024,2024,1,Political violence,Explosions/Remote violence,Air/drone strike,Military Forces of Israel (2022-),,8,Civilians (Palestine),Aid Workers (Palestine); Palestinian Red Crescent Society,7,78,Civilian targeting,275,Middle East,Palestine,Gaza Strip,Khan Yunis,,Khan Yunis - Al Amal,31.3544,34.3007,1,Liveuamap; Palestine News and Information Agency; Quds News Network; Twitter,Local partner-New media,"On 4 January 2024, Israeli warplanes struck the PRCS building in Khan Yunis - Al Amal (Khan Yunis, Gaza Strip), killing a Palestinian and injuring several of others.",1,,1753954979
PSE42868,1/4/2024,2024,1,Political violence,Explosions/Remote violence,Air/drone strike,Military Forces of Israel (2022-),,8,Civilians (Palestine),,7,78,Civilian targeting,275,Middle East,Palestine,Gaza Strip,Khan Yunis,,Al Fukhari,31.2952,34.3332,1,Liveuamap; Palestine News and Information Agency; Quds News Network; Twitter,Local partner-New media,"On 4 January 2024, Israeli warplanes struck targets in the vicinity of the European Hospital in Al Fukhari (Khan Yunis, Gaza Strip), killing 3 Palestinians and injuring several of others. Also, 2 Palestinians were killed in a separate airstrike attack. The total confirmed fatalities were 5.",5,,1753954979
PSE42872,1/4/2024,2024,1,Political violence,Explosions/Remote violence,Air/drone strike,Military Forces of Israel (2022-),,8,Civilians (Palestine),,7,78,Civilian targeting,275,Middle East,Palestine,Gaza Strip,Khan Yunis,,Al Qararah,31.3739,34.3409,1,Palestine News and Information Agency,National,"On 4 January 2024, Israeli warplanes struck a house in Al Qararah (Khan Yunis, Gaza Strip), killing a Palestinian woman and injuring several others.",1,,1753954979
PSE42873,1/4/2024,2024,1,Political violence,Explosions/Remote violence,Air/drone strike,Military Forces of Israel (2022-),,8,Civilians (Palestine),Refugees/IDPs (Palestine),7,78,Civilian targeting,275,Middle East,Palestine,Gaza Strip,Khan Yunis,,Al Mawasi (Khan Yunis),31.3482,34.2547,1,Al Ghad (Jordan); Palestine News and Information Agency; Quds News Network; Twitter,New media-National,"On 4 January 2024, Israeli warplanes struck tents of displaced people in Al Mawasi (Khan Yunis) (Gaza Strip), killing 14 Palestinians, including children.",14,,1762829569
PSE42879,1/4/2024,2024,1,Political violence,Explosions/Remote violence,Air/drone strike,Military Forces of Israel (2022-),,8,Civilians (Palestine),PIJ: Palestinian Islamic Jihad,7,78,Civilian targeting,275,Middle East,Palestine,Gaza Strip,Gaza City,,Gaza,31.5045,34.4743,1,Arab 48; Israeli Defense Forces; Joe Truzman; Ma'an News Agency; Newpress; Palestine News and Information Agency; Quds News Network; Twitter,Other-New media,"On 4 January 2024, Israeli warplanes carried out airstrikes in Gaza City (Gaza City, Gaza Strip), killing at least 39 Palestinians in several locations. The IDF said that a Palestinian commander who was in charge of PIJ's military operations in northern Gaza was killed, coded to this location.",39,,1759789988
PSE42890,1/4/2024,2024,1,Political violence,Explosions/Remote violence,Air/drone strike,Military Forces of Israel (2022-),,8,Civilians (Palestine),,7,78,Civilian targeting,275,Middle East,Palestine,Gaza Strip,Khan Yunis,,Khan Yunis,31.3502,34.3081,1,Newpress; Quds News Network; Twitter,New media-National,"On 4 January 2024, Israeli warplanes struck 3 houses in Khan Yunis City (Khan Yunis, Gaza Strip), killing 7 Palestinians.",7,,1753954979
PSE42865,1/4/2024,2024,1,Political violence,Explosions/Remote violence,Air/drone strike,Military Forces of Israel (2022-),,8,Civilians (Palestine),Refugees/IDPs (Palestine),7,78,Civilian targeting,275,Middle East,Palestine,Gaza Strip,Deir El Balah,,Al Maghazi,31.4214,34.3865,1,Liveuamap; Newpress; Palestine News and Information Agency; Quds News Network; Twitter,Local partner-New media,"On 4 January 2024, Israeli warplanes and artillery struck houses in Al Maghazi refugee camp (Deir El Balah, Gaza Strip), killing 22 Palestinians and injuring several others.",22,,1753954979
PSE42870,1/4/2024,2024,1,Political violence,Explosions/Remote violence,Air/drone strike,Military Forces of Israel (2022-),,8,Civilians (Palestine),Refugees/IDPs (Palestine),7,78,Civilian targeting,275,Middle East,Palestine,Gaza Strip,Deir El Balah,,An Nusayrat,31.4486,34.3925,1,Palestine News and Information Agency; Quds News Network; Twitter,New media-National,"On 4 January 2024, Israeli warplanes struck a passing civilian car in An Nusayrat refugee camp (Deir El Balah, Gaza Strip), killing 5 Palestinians and injuring several others. Meanwhile, the artillery shelled targets in the area.",5,,1753954979
PSE42889,1/4/2024,2024,1,Political violence,Explosions/Remote violence,Air/drone strike,Military Forces of Israel (2022-),,8,Civilians (Palestine),,7,78,Civilian targeting,275,Middle East,Palestine,Gaza Strip,Deir El Balah,,Deir al Balah,31.4178,34.3503,1,Newpress; Quds News Network; Twitter,New media-National,"On 4 January 2024, Israeli warplanes struck a house in Al Hadaba area of Deir al Balah city (Deir El Balah, Gaza Strip), killing 3 Palestinians and injuring several of others.",3,,1753954979
PSE42866,1/4/2024,2024,1,Political violence,Explosions/Remote violence,Air/drone strike,Military Forces of Israel (2022-),,8,Civilians (Palestine),Refugees/IDPs (Palestine),7,78,Civilian targeting,275,Middle East,Palestine,Gaza Strip,Deir El Balah,,Al Musaddar,31.4105,34.378,1,Palestine News and Information Agency,National,"On 4 January 2024, Israeli warplanes opened fire toward displaced Palestinians while artillery struck houses in Al Musaddar (Deir El Balah, Gaza Strip), killing dozens of Palestinians and injuring others. Fatalities coded as 12.",12,,1765850627
PSE42876,1/4/2024,2024,1,Political violence,Explosions/Remote violence,Air/drone strike,Military Forces of Israel (2022-),,8,Civilians (Palestine),,7,78,Civilian targeting,275,Middle East,Palestine,Gaza Strip,Gaza City,,Al Mughraqa,31.4675,34.4097,2,Newpress; Palestine News and Information Agency; Twitter,New media-National,"On 4 January 2024, Israeli warplanes struck a house near Wadi Gaza, Al Mughraqa area (Gaza City, Gaza Strip). Casualties unknown.",0,,1753954979
PSE42874,1/4/2024,2024,1,Political violence,Explosions/Remote violence,Air/drone strike,Military Forces of Israel (2022-),,8,Civilians (Palestine),,7,78,Civilian targeting,275,Middle East,Palestine,Gaza Strip,Rafah,,Rafah,31.287,34.2595,1,Newpress; Palestine News and Information Agency; Twitter,New media-National,"On 4 January 2024, Israeli warplanes struck a house in Rafah (Rafah, Gaza Strip), killing 5 Palestinians and injuring several others.",5,,1762829569
PSE42899,1/4/2024,2024,1,Political violence,Explosions/Remote violence,Air/drone strike,Military Forces of Israel (2022-),,8,Civilians (Palestine),,7,78,Civilian targeting,275,Middle East,Palestine,Gaza Strip,Rafah,,As Salam,31.2678,34.2567,1,Quds News Network,National,"On 4 January 2024, Israeli warplanes struck a house in As Salam (Rafah, Gaza Strip), killing a Palestinian.",1,,1753954979
PSE42912,1/5/2024,2024,1,Political violence,Explosions/Remote violence,Air/drone strike,Military Forces of Israel (2022-),,8,Civilians (Palestine),,7,78,Civilian targeting,275,Middle East,Palestine,Gaza Strip,Khan Yunis,,Al Mawasi (Khan Yunis),31.3482,34.2547,1,Palestine News and Information Agency,National,"On 5 January 2024, Israeli warplanes struck targets in Al Mawasi (Khan Yunis) - Gaza Strip, killing 3 Palestinians and injuring another 5.",3,,1762829569
PSE42913,1/5/2024,2024,1,Political violence,Explosions/Remote violence,Air/drone strike,Military Forces of Israel (2022-),,8,Civilians (Palestine),,7,78,Civilian targeting,275,Middle East,Palestine,Gaza Strip,Khan Yunis,,Al Fukhari,31.2952,34.3332,1,Palestine News and Information Agency; Quds News Network; Twitter,New media-National,"On 5 January 2024, Israeli warplanes carried out airstrikes in the vicinity of the European hospital in Al Fukhari area (Khan Yunis, Gaza Strip), killing a Palestinian child.",1,,1753954979
PSE42919,1/5/2024,2024,1,Political violence,Explosions/Remote violence,Air/drone strike,Military Forces of Israel (2022-),,8,Civilians (Palestine),,7,78,Civilian targeting,275,Middle East,Palestine,Gaza Strip,Khan Yunis,,Khan Yunis,31.3502,34.3081,1,Ma'an News Agency; Newpress; Palestine News and Information Agency; Quds News Network; Twitter,New media-National,"On 5 January 2024, Israeli warplanes struck houses and tents of displaced people in Khan Yunis City (Khan Yunis, Gaza Strip), killing 12 Palestinians and injuring several of others. Meanwhile, the artillery struck targets.",12,,1753954979
PSE42927,1/5/2024,2024,1,Political violence,Explosions/Remote violence,Air/drone strike,Military Forces of Israel (2022-),,8,Civilians (Palestine),,7,78,Civilian targeting,275,Middle East,Palestine,Gaza Strip,Khan Yunis,,Khan Yunis - City Centre,31.3419,34.3015,1,Newpress; Twitter,New media-National,"On 5 January 2024, Israeli warplanes struck a house at the Sea Street in Khan Yunis - City Centre (Khan Yunis, Gaza Strip), injuring a number of Palestinians.",0,,1753954979
PSE42932,1/5/2024,2024,1,Political violence,Explosions/Remote violence,Air/drone strike,Military Forces of Israel (2022-),,8,Civilians (Palestine),,7,78,Civilian targeting,275,Middle East,Palestine,Gaza Strip,Khan Yunis,,Khan Yunis - Maen,31.336,34.3172,1,Quds News Network; Twitter,New media-National,"On 5 January 2024, Israeli warplanes struck targets in Khan Yunis - Maen (Khan Yunis, Gaza Strip), killing 3 Palestinians.",3,,1753954979
PSE42952,1/5/2024,2024,1,Political violence,Explosions/Remote violence,Shelling/artillery/missile attack,Military Forces of Israel (2022-),,8,Civilians (Palestine),Aid Workers (Palestine); Palestinian Red Crescent Society,7,78,Civilian targeting,275,Middle East,Palestine,Gaza Strip,Khan Yunis,,Khan Yunis - Al Amal,31.3544,34.3007,1,Palestine News and Information Agency; Quds News Network; Twitter,New media-National,"On 5 January 2024, Israeli artillery struck the PRCS building in Khan Yunis - Al Amal (Khan Yunis, Gaza Strip). There were no casualties.",0,,1753954979
PSE42931,1/5/2024,2024,1,Political violence,Explosions/Remote violence,Air/drone strike,Military Forces of Israel (2022-),,8,Civilians (Palestine),Refugees/IDPs (Palestine),7,78,Civilian targeting,275,Middle East,Palestine,Gaza Strip,Deir El Balah,,An Nusayrat,31.4486,34.3925,1,Quds News Network; Twitter,New media-National,"On 5 January 2024, Israeli warplanes struck targets in An Nusayrat refugee camp (Deir El Balah, Gaza Strip), killing 4 Palestinians.",4,,1753954979
PSE42934,1/5/2024,2024,1,Political violence,Explosions/Remote violence,Air/drone strike,Military Forces of Israel (2022-),,8,Civilians (Palestine),,7,78,Civilian targeting,275,Middle East,Palestine,Gaza Strip,Deir El Balah,,Az Zawayda,31.4284,34.366,1,Quds News Network; Twitter,New media-National,"On 5 January 2024, Israeli warplanes struck a house in Az Zawayda (Deir El Balah, Gaza Strip). Casualties unknown.",0,,1767742780
PSE42948,1/5/2024,2024,1,Political violence,Explosions/Remote violence,Shelling/artillery/missile attack,Military Forces of Israel (2022-),,8,Civilians (Palestine),Refugees/IDPs (Palestine),7,78,Civilian targeting,275,Middle East,Palestine,Gaza Strip,Deir El Balah,,Al Maghazi,31.4214,34.3865,1,Palestine News and Information Agency,National,"On 5 January 2024, Israeli artillery shelled targets in Al Maghazi refugee camp (Deir El Balah, Gaza Strip), injuring a number of Palestinians.",0,,1753954979
PSE42918,1/5/2024,2024,1,Political violence,Explosions/Remote violence,Air/drone strike,Military Forces of Israel (2022-),,8,Civilians (Palestine),,7,78,Civilian targeting,275,Middle East,Palestine,Gaza Strip,North Gaza,,Jabalya Camp,31.536,34.4907,2,Ma'an News Agency; Palestine News and Information Agency; Quds News Network; Twitter,New media-National,"On 5 January 2024, an Israeli drone carried out an airstrike in Al Falouja area, west of Mukhayyam Jabalya Camp (North Gaza, Gaza Strip), killing 5 Palestinians.",5,,1753954979
PSE42916,1/5/2024,2024,1,Political violence,Explosions/Remote violence,Air/drone strike,Military Forces of Israel (2022-),,8,Civilians (Palestine),,7,78,Civilian targeting,275,Middle East,Palestine,Gaza Strip,Deir El Balah,,Deir al Balah,31.4178,34.3503,1,Palestine News and Information Agency; Palestinian Ministry of Health; Quds News Network; Twitter,Other-New media,"On 5 January 2024, Israeli warplanes and artillery struck targets and houses in Deir al Balah city (Deir El Balah, Gaza Strip), leaving an unspecified number of fatalities. [Palestinian Ministry of Health reported 22722 fatalities upto 5 January 2024. 104 fatalities not attributed to specific events added to 1 event on 5 January. 104 fatalities coded to this event.]",104,,1753954979
PSE44811,1/6/2024,2024,1,Political violence,Explosions/Remote violence,Air/drone strike,Military Forces of Israel (2022-),,8,Civilians (Palestine),,7,78,Civilian targeting,275,Middle East,Palestine,Gaza Strip,Khan Yunis,,Al Mawasi (Khan Yunis),31.3482,34.2547,1,Palestine News and Information Agency; Quds News Network; Twitter,New media-National,"On 6 January 2024, Israeli warplanes carried out airstrikes in Asdaa area in Al Mawasi (Khan Yunis) - Gaza Strip, killing 2 Palestinians and injuring a number of others.",2,,1762829569
PSE44814,1/6/2024,2024,1,Political violence,Explosions/Remote violence,Air/drone strike,Military Forces of Israel (2022-),,8,Civilians (Palestine),,7,78,Civilian targeting,275,Middle East,Palestine,Gaza Strip,Khan Yunis,,Khan Yunis - Maen,31.336,34.3172,1,Newpress; Palestine News and Information Agency; Quds News Network; Twitter,New media-National,"On 6 January 2024, Israeli warplanes carried out airstrikes in Khan Yunis - Maen (Khan Yunis, Gaza Strip), killing 2 Palestinians and injuring a number of others.",2,,1753954979
PSE44816,1/6/2024,2024,1,Political violence,Explosions/Remote violence,Air/drone strike,Military Forces of Israel (2022-),,8,Civilians (Palestine),Refugees/IDPs (Palestine),7,78,Civilian targeting,275,Middle East,Palestine,Gaza Strip,Khan Yunis,,Khan Yunis - Al Amal,31.3544,34.3007,1,Newpress; Palestine News and Information Agency; Quds News Network; Twitter,New media-National,"On 6 January 2024, Israeli UAVs opened fire toward displaced Palestinians while the artillery struck targets on the outskirts of Al Amal Hospital in Khan Yunis - Al Amal (Khan Yunis, Gaza Strip), injuring a displaced Palestinian with a bullet in the chest near the Hospital's gate.",0,,1753954979
PSE44820,1/6/2024,2024,1,Political violence,Explosions/Remote violence,Air/drone strike,Military Forces of Israel (2022-),,8,Civilians (Palestine),,7,78,Civilian targeting,275,Middle East,Palestine,Gaza Strip,Gaza City,,Gaza,31.5045,34.4743,1,Palestine News and Information Agency,National,"On 6 January 2024, Israeli warplanes carried out airstrikes in Gaza City (Gaza Strip), killing a Palestinian who was a football coach.",1,,1759789988
PSE44821,1/6/2024,2024,1,Political violence,Explosions/Remote violence,Air/drone strike,Military Forces of Israel (2022-),,8,Civilians (Palestine),,7,78,Civilian targeting,275,Middle East,Palestine,Gaza Strip,Gaza City,,Gaza - Shujaiyya,31.4988,34.4699,1,Liveuamap; Palestine News and Information Agency; Quds News Network; Twitter,Local partner-New media,"On 6 January 2024, Israeli warplanes struck a house in Gaza - Shujaiyya (Gaza City, Gaza Strip). Casualties unknown.",0,,1759789988
PSE44822,1/6/2024,2024,1,Political violence,Explosions/Remote violence,Air/drone strike,Military Forces of Israel (2022-),,8,Civilians (Palestine),,7,78,Civilian targeting,275,Middle East,Palestine,Gaza Strip,Khan Yunis,,Khan Yunis - City Centre,31.3419,34.3015,1,Arab 48; Newpress; Palestine News and Information Agency; Twitter,New media-National,"On 6 January 2024, Israeli warplanes struck houses in Khan Yunis - City Centre (Khan Yunis, Gaza Strip). Meanwhile, the artillery struck targets in the area, killing 71 civilians, including children.",71,,1753954979
PSE44823,1/6/2024,2024,1,Political violence,Explosions/Remote violence,Air/drone strike,Military Forces of Israel (2022-),,8,Civilians (Palestine),,7,78,Civilian targeting,275,Middle East,Palestine,Gaza Strip,Khan Yunis,,Al Fukhari,31.2952,34.3332,1,Arab 48; Palestine News and Information Agency; Quds News Network; Twitter,New media-National,"On 6 January 2024, Israeli warplanes carried out airstrikes in Al Fukhari (Khan Yunis, Gaza Strip), killing a Palestinian.",1,,1753954979
PSE44824,1/6/2024,2024,1,Political violence,Explosions/Remote violence,Air/drone strike,Military Forces of Israel (2022-),,8,Civilians (Palestine),Refugees/IDPs (Palestine),7,78,Civilian targeting,275,Middle East,Palestine,Gaza Strip,Khan Yunis,,Khan Yunis - West (Municipal Stadium),31.3484,34.2961,1,Liveuamap; Newpress; Palestine News and Information Agency; Quds News Network; Twitter,Local partner-New media,"On 6 January 2024, Israeli warplanes struck a house near Al Shafi mosque in Khan Yunis refugee camp, Khan Yunis - West (Municipal Stadium) - Gaza Strip, killing 7 Palestinians, including children. Also, the artillery shelled targets west of Khan Yunis.",7,,1753954979
PSE44825,1/6/2024,2024,1,Political violence,Explosions/Remote violence,Air/drone strike,Military Forces of Israel (2022-),,8,Civilians (Palestine),,7,78,Civilian targeting,275,Middle East,Palestine,Gaza Strip,Rafah,,An Nasr,31.2814,34.3025,1,Arab 48; Palestine News and Information Agency,National,"On 6 January 2024, Israeli warplanes carried out airstrikes in An Nasr (Rafah, Gaza Strip), killing a Palestinian.",1,,1753954979
PSE44778,1/6/2024,2024,1,Political violence,Explosions/Remote violence,Air/drone strike,Military Forces of Israel (2022-),,8,Civilians (Palestine),,7,78,Civilian targeting,275,Middle East,Palestine,Gaza Strip,Deir El Balah,,Deir al Balah,31.4178,34.3503,1,Ma'an News Agency; Newpress; Palestine News and Information Agency; Quds News Network; Twitter,New media-National,"On 6 January 2024, Israeli warplanes struck a house in Al Heker area of Deir al Balah city (Deir El Balah, Gaza Strip), killing at least 4 Palestinians and injuring others.",4,,1753954979
PSE44810,1/6/2024,2024,1,Political violence,Explosions/Remote violence,Air/drone strike,Military Forces of Israel (2022-),,8,Civilians (Palestine),,7,78,Civilian targeting,275,Middle East,Palestine,Gaza Strip,Deir El Balah,,Az Zawayda,31.4284,34.366,1,Arab 48; Newpress; Palestine News and Information Agency; Quds News Network; Twitter,New media-National,"On 6 January 2024, Israeli warplanes struck a house in Az Zawayda (Deir El Balah, Gaza Strip), killing at least 4 Palestinians, including 3 children.",4,,1767742780
PSE44813,1/6/2024,2024,1,Political violence,Explosions/Remote violence,Air/drone strike,Military Forces of Israel (2022-),,8,Civilians (Palestine),Refugees/IDPs (Palestine),7,78,Civilian targeting,275,Middle East,Palestine,Gaza Strip,Deir El Balah,,An Nusayrat,31.4486,34.3925,1,Ma'an News Agency; Newpress; Palestine News and Information Agency; Quds News Network; Twitter,New media-National,"On 6 January 2024, Israeli warplanes fired white phosphorus bombs on the tents of displaced people while artillery shelled targets in An Nusayrat refugee camp (Deir El Balah, Gaza Strip). Also, warplanes struck houses and killed 16 people from al-Shebrawi family. HRW and other international organizations have accused Israel of using white phosphorous bombs.",16,,1753954979
PSE44819,1/6/2024,2024,1,Political violence,Explosions/Remote violence,Air/drone strike,Military Forces of Israel (2022-),,8,Civilians (Palestine),,7,78,Civilian targeting,275,Middle East,Palestine,Gaza Strip,Deir El Balah,,Az Zawayda,31.4284,34.366,2,Liveuamap; Palestine News and Information Agency,Local partner-New media,"On 6 January 2024, Israeli warplanes struck a group of Palestinians at Street 2 between Az Zawayda and An Nusayrat (Deir El Balah, Gaza Strip), killing a Palestinian child.",1,,1767742780
PSE44818,1/6/2024,2024,1,Political violence,Explosions/Remote violence,Air/drone strike,Military Forces of Israel (2022-),,8,Civilians (Palestine),,7,78,Civilian targeting,275,Middle East,Palestine,Gaza Strip,Deir El Balah,,An Nusayrat - West,31.4525,34.3756,1,Palestine News and Information Agency,National,"On 6 January 2024, Israeli warplanes struck a house west of An Nusayrat refugee camp (An Nusayrat - West, Deir El Balah, Gaza Strip), killing 3 Palestinians.",3,,1753954979
PSE44812,1/6/2024,2024,1,Political violence,Explosions/Remote violence,Air/drone strike,Military Forces of Israel (2022-),,8,Civilians (Palestine),,7,78,Civilian targeting,275,Middle East,Palestine,Gaza Strip,North Gaza,,Beit Lahiya - Al Mashroo,31.5433,34.4998,1,Palestine News and Information Agency; Quds News Network; Twitter,New media-National,"On 6 January 2024, Israeli warplanes struck houses in Beit Lahiya - Al Mashroo (North Gaza, Gaza Strip), killing a girl and injuring another Palestinian.",1,,1753954979
PSE44815,1/6/2024,2024,1,Political violence,Explosions/Remote violence,Air/drone strike,Military Forces of Israel (2022-),,8,Civilians (Palestine),Health Workers (Palestine); Refugees/IDPs (Palestine),7,78,Civilian targeting,275,Middle East,Palestine,Gaza Strip,Deir El Balah,,Al Maghazi,31.4214,34.3865,1,Ma'an News Agency; Newpress; Palestine News and Information Agency; Quds News Network; Twitter,New media-National,"On 6 January 2024, IDF troops opened fire at Palestinian ambulances, warplanes carried out airstrikes, and artillery shelled targets including a site hosting displaced people in Al Maghazi refugee camp (Deir El Balah, Gaza Strip), killing 4 persons including women.",4,,1753954979
PSE44915,1/6/2024,2024,1,Political violence,Explosions/Remote violence,Shelling/artillery/missile attack,Military Forces of Israel (2022-),,8,Civilians (Palestine),,7,78,Civilian targeting,275,Middle East,Palestine,Gaza Strip,Rafah,,Yibna,31.2842,34.2482,2,Palestine News and Information Agency; PLO Negotiations Affairs Department,Other-National,"On 6 January 2024, Israeli artillery and tanks shelled targets east and northeast (near the Sofa/Salah al-Din Street junction in the Nasr neighborhood) of Rafah (coded to Yibna, Gaza Strip). At least one confirmed fatality.",1,,1753954979
PSE44817,1/6/2024,2024,1,Political violence,Explosions/Remote violence,Air/drone strike,Military Forces of Israel (2022-),,8,Civilians (Palestine),,7,78,Civilian targeting,275,Middle East,Palestine,Gaza Strip,Gaza City,,Gaza - Az Zaytun,31.4964,34.4522,1,Palestine News and Information Agency; Quds News Network; Twitter,New media-National,"On 6 January 2024, Israeli warplanes struck a group of Palestinians near al-Saraya junction in Gaza - Az Zaytun (Gaza Strip, Gaza City), killing 10 persons and injuring dozens.",10,,1759789988
PSE44809,1/6/2024,2024,1,Political violence,Explosions/Remote violence,Air/drone strike,Military Forces of Israel (2022-),,8,Civilians (Palestine),,7,78,Civilian targeting,275,Middle East,Palestine,Gaza Strip,Khan Yunis,,Qizan an Najjar,31.323,34.2761,2,Arab 48; Ma'an News Agency; Newpress; Palestine News and Information Agency; Quds News Network; Twitter,New media-National,"On 6 January 2024, Israeli warplanes struck a house in Al Manarah area, east of Qizan an Najjar (Khan Yunis, Gaza Strip), killing 18 Palestinians and injuring dozens, including children and women.",18,,1753954979
PSE44826,1/6/2024,2024,1,Political violence,Explosions/Remote violence,Air/drone strike,Military Forces of Israel (2022-),,8,Civilians (Palestine),,7,78,Civilian targeting,275,Middle East,Palestine,Gaza Strip,Rafah,,Khirbet al Adas,31.2855,34.2714,1,Newpress; Twitter,New media-National,"On 6 January 2024, Israeli warplanes struck a house in Khirbet al Adas (Rafah, Gaza Strip). Casualties unknown.",0,,1753954979
PSE44840,1/7/2024,2024,1,Political violence,Explosions/Remote violence,Air/drone strike,Military Forces of Israel (2022-),,8,Civilians (Palestine),,7,78,Civilian targeting,275,Middle East,Palestine,Gaza Strip,Khan Yunis,,Khan Yunis - Al Amal,31.3544,34.3007,1,Palestine News and Information Agency; Quds News Network; Twitter,New media-National,"On 7 January 2024, Israeli warplanes struck an apartment in Khan Yunis - Al Amal (Khan Yunis, Gaza Strip). Casualties unknown.",0,,1753954979
PSE44853,1/7/2024,2024,1,Political violence,Explosions/Remote violence,Air/drone strike,Military Forces of Israel (2022-),,8,Civilians (Palestine),Journalists (Palestine); Refugees/IDPs (Palestine),7,78,Civilian targeting,275,Middle East,Palestine,Gaza Strip,Khan Yunis,,Khan Yunis - West (Municipal Stadium),31.3484,34.2961,2,Arab 48; Ma'an News Agency; Newpress; Palestine News and Information Agency; Quds News Network; Twitter,New media-National,"On 7 January 2024, Israeli warplanes struck a group of Palestinians in Al Araysheh area west of Khan Yunis, Khan Yunis - West (Municipal Stadium) - Gaza Strip, killing 3 Palestinians (including a woman) and injuring 5. Also, 27 Palestinians were killed, including children and a journalist, and another 65 were injured in airstrikes targeted houses hosting displaced people west of Khan Yunis. Total confirmed fatalities were 30.",30,,1753954979
PSE44861,1/7/2024,2024,1,Political violence,Explosions/Remote violence,Air/drone strike,Military Forces of Israel (2022-),,8,Civilians (Palestine),,7,78,Civilian targeting,275,Middle East,Palestine,Gaza Strip,Khan Yunis,,Bani Suheila,31.3424,34.325,2,Palestine News and Information Agency; Quds News Network; Twitter,New media-National,"On 7 January 2024, Israeli warplanes carried out airstrikes in al-Dabeta al-Jourokeya area east of Khan Yunis city, Bani Suheila (Khan Yunis, Gaza Strip), killing 6 Palestinians including 2 girls.",6,,1753954979
PSE44862,1/7/2024,2024,1,Political violence,Explosions/Remote violence,Air/drone strike,Military Forces of Israel (2022-),,8,Civilians (Palestine),Journalists (Palestine),7,78,Civilian targeting,275,Middle East,Palestine,Gaza Strip,Gaza City,,Gaza,31.5045,34.4743,1,Jerusalem Post; Palestine News and Information Agency; Quds News Network; Twitter,New media-National,"On 7 January 2024, Israeli warplanes struck targets and al-Ghafri tower in Gaza City (Gaza Strip), killing a Palestinian journalist, who was the grandson of a Hamas founder.",1,,1759789988
PSE45263,1/7/2024,2024,2,Political violence,Explosions/Remote violence,Air/drone strike,Military Forces of Israel (2022-),,8,Civilians (Palestine),,7,78,Civilian targeting,275,Middle East,Palestine,Gaza Strip,Khan Yunis,,Khan Yunis - Maen,31.336,34.3172,1,Palestine News and Information Agency,National,"Around 7 January 2024 (as reported), an Israeli airstrike targeted Al-Manara neighborhood, southeast of Khan Yunis (Khan Yunis - Maen, Gaza Strip), resulting in the killing of at least 8 citizens.",8,,1753954979
PSE44831,1/7/2024,2024,1,Political violence,Explosions/Remote violence,Shelling/artillery/missile attack,Military Forces of Israel (2022-),,8,Civilians (Palestine),,7,78,Civilian targeting,275,Middle East,Palestine,Gaza Strip,Deir El Balah,,Az Zawayda,31.4284,34.366,1,Palestine News and Information Agency,National,"On 7 January 2024, Israeli artillery struck a house in Az Zawayda (Deir El Balah, Gaza Strip), killing a Palestinian woman.",1,,1767742780
PSE44850,1/7/2024,2024,1,Political violence,Explosions/Remote violence,Air/drone strike,Military Forces of Israel (2022-),,8,Civilians (Palestine),,7,78,Civilian targeting,275,Middle East,Palestine,Gaza Strip,Deir El Balah,,Deir al Balah,31.4178,34.3503,1,Arab 48; Newpress; Palestine News and Information Agency; Quds News Network; Twitter,New media-National,"On 7 January 2024, Israeli warplanes carried out airstrikes and opened fire on the outskirts of Al Aqsa Hospital in Deir al Balah city (Deir El Balah, Gaza Strip), killing and injuring an unspecified number of Palestinians. Fatalities coded as 10. Also, warplanes killed 2 Palestinians in Abdel-Karim Akkouk street in the city, and another 13 persons were killed in an airstrike that targeted a house. Total fatalities 25 (10 unknown, 15 confirmed).",25,,1753954979
PSE44869,1/7/2024,2024,1,Political violence,Explosions/Remote violence,Air/drone strike,Military Forces of Israel (2022-),,8,Civilians (Palestine),,7,78,Civilian targeting,275,Middle East,Palestine,Gaza Strip,Deir El Balah,,Al Musaddar,31.4105,34.378,2,Quds News Network; Twitter,New media-National,"On 7 January 2024, Israeli warplanes struck a house west of Deir al Balah city (coded to Al Musaddar, Gaza Strip). Casualties unknown.",0,,1765850627
PSE44866,1/7/2024,2024,1,Political violence,Explosions/Remote violence,Air/drone strike,Military Forces of Israel (2022-),,8,Civilians (Palestine),,7,78,Civilian targeting,275,Middle East,Palestine,Gaza Strip,North Gaza,,Beit Lahiya,31.5541,34.5016,1,Quds News Network; Twitter,New media-National,"On 7 January 2024, an Israeli UAV struck an unidentified target in Beit Lahiya (North Gaza, Gaza Strip), killing 3 Palestinians.",3,,1753954979
PSE44827,1/7/2024,2024,1,Political violence,Explosions/Remote violence,Air/drone strike,Military Forces of Israel (2022-),,8,Civilians (Palestine),,7,78,Civilian targeting,275,Middle East,Palestine,Gaza Strip,North Gaza,,Jabalya Camp,31.536,34.4907,2,Arab 48; Newpress; Palestine News and Information Agency; Quds News Network; Twitter,New media-National,"On 7 January 2024, Israeli warplanes struck the house of Abu Elba family in al-Falouja area west of Mukhayyam Jabalya Camp (North Gaza, Gaza Strip), killing at least 20 Palestinians and injuring dozens.",20,,1753954979
PSE44830,1/7/2024,2024,1,Political violence,Explosions/Remote violence,Air/drone strike,Military Forces of Israel (2022-),,8,Civilians (Palestine),Refugees/IDPs (Palestine),7,78,Civilian targeting,275,Middle East,Palestine,Gaza Strip,North Gaza,,Jabalya Camp,31.536,34.4907,1,Palestine News and Information Agency,National,"On 7 January 2024, Israeli warplanes struck houses in Mukhayyam Jabalya Camp (North Gaza, Gaza Strip). Casualties unknown.",0,,1753954979
PSE44865,1/7/2024,2024,1,Political violence,Explosions/Remote violence,Air/drone strike,Military Forces of Israel (2022-),,8,Civilians (Palestine),Refugees/IDPs (Palestine),7,78,Civilian targeting,275,Middle East,Palestine,Gaza Strip,Deir El Balah,,Al Maghazi,31.4214,34.3865,1,Arab 48; Palestinian Ministry of Health,Other-National,"On 7 January 2024, Israeli warplanes struck a school hosting displaced people in Al Maghazi refugee camp (Deir El Balah, Gaza Strip) leading to unspecified number of fatalities. [Palestinian Ministry of Health reported 23084 fatalities upto 7 January 2024. 61 fatalities not attributed to specific events split across 2 events on 7 January. 30 fatalities coded to this event.]",30,,1753954979
PSE44864,1/7/2024,2024,1,Political violence,Explosions/Remote violence,Air/drone strike,Military Forces of Israel (2022-),,8,Civilians (Palestine),Refugees/IDPs (Palestine),7,78,Civilian targeting,275,Middle East,Palestine,Gaza Strip,Rafah,,Yibna,31.2842,34.2482,1,Ma'an News Agency,National,"On 7 January 2024, Israeli warplanes struck a house in Yibna refugee camp (Rafah, Gaza Strip). Casualties unknown.",0,,1753954979
PSE45043,1/7/2024,2024,1,Political violence,Explosions/Remote violence,Air/drone strike,Military Forces of Israel (2022-),,8,Civilians (Palestine),,7,78,Civilian targeting,275,Middle East,Palestine,Gaza Strip,Gaza City,,Gaza - Az Zaytun,31.4964,34.4522,2,Liveuamap; Palestinian Ministry of Health,Local partner-New media,"On 7 January 2024, Israeli warplanes struck targets east of Gaza - Az Zaytun (Gaza City, Gaza Strip) leading to unspecified fatalities. [Palestinian Ministry of Health reported 23084 fatalities upto 7 January 2024. 61 fatalities not attributed to specific events split across 2 events on 7 January. 31 fatalities coded to this event.]",31,,1759789988
PSE44841,1/7/2024,2024,1,Political violence,Explosions/Remote violence,Air/drone strike,Military Forces of Israel (2022-),,8,Civilians (Palestine),Journalists (Palestine),7,78,Civilian targeting,275,Middle East,Palestine,Gaza Strip,Rafah,,Khirbet al Adas,31.2855,34.2714,2,Al-Ittihad; Arab 48; Ma'an News Agency; Newpress; Palestine News and Information Agency; Quds News Network; Times of Israel; Twitter,New media-National,"On 7 January 2024, Israeli warplanes struck a house in the Al-Zohour area north of Rafah city (coded to Khirbet al Adas, Gaza Strip), injuring a number of Palestinians, including children. Also, an Israeli UAV struck a car belonging to Palestinian journalists, killing 2 journalists and wounding 2 north of Rafah. The IDF said that the 2 journalist working for Al Jazeera were members of Hamas and PIJ and traveling with a militant. Additionally, 11 Palestinians were killed in an airstrike that targeted Miraj area, north of Rafah. Total confirmed fatalities were 13.",13,,1753954979
PSE44845,1/7/2024,2024,1,Political violence,Explosions/Remote violence,Air/drone strike,Military Forces of Israel (2022-),,8,Civilians (Palestine),Refugees/IDPs (Palestine),7,78,Civilian targeting,275,Middle East,Palestine,Gaza Strip,Rafah,,Rafah,31.287,34.2595,1,Palestine News and Information Agency,National,"On 7 January 2024, Israeli warplanes struck a building hosting displaced people in Rafah city (Rafah, Gaza Strip), killing 7 Palestinians.",7,,1762829569
PSE44863,1/7/2024,2024,1,Political violence,Explosions/Remote violence,Air/drone strike,Military Forces of Israel (2022-),,8,Civilians (Palestine),,7,78,Civilian targeting,275,Middle East,Palestine,Gaza Strip,Rafah,,Khirbet al Adas,31.2855,34.2714,1,Ma'an News Agency; Newpress; Twitter,New media-National,"On 7 January 2024, Israeli warplanes struck a house near Hamza Mosque in Khirbet al Adas (Rafah, Gaza Strip). Casualties unknown.",0,,1753954979
PSE44837,1/8/2024,2024,1,Political violence,Explosions/Remote violence,Shelling/artillery/missile attack,Military Forces of Israel (2022-),,8,Civilians (Palestine),,7,78,Civilian targeting,275,Middle East,Palestine,Gaza Strip,Khan Yunis,,Bani Suheila,31.3424,34.325,2,Palestine News and Information Agency; Quds News Network; Twitter,New media-National,"On 8 January 2024, Israeli artillery struck houses east of Khan Yunis, Bani Suheila (Khan Yunis, Gaza Strip), killing 2 Palestinians and injuring several of others. On 9 January 2024, a Palestinian girl who was one of the injured succumbed to her wounds. Total fatalities were 3.",3,,1753954979
PSE44871,1/8/2024,2024,1,Political violence,Explosions/Remote violence,Air/drone strike,Military Forces of Israel (2022-),,8,Civilians (Palestine),,7,78,Civilian targeting,275,Middle East,Palestine,Gaza Strip,Khan Yunis,,Al Fukhari,31.2952,34.3332,1,Arab 48; Palestine News and Information Agency; Quds News Network; Twitter,New media-National,"On 8 January 2024, an Israeli UAV opened fire toward the yard of the European Hospital in Al Fukhari (Khan Yunis, Gaza Strip). Casualties unknown.",0,,1753954979
PSE44890,1/8/2024,2024,1,Political violence,Explosions/Remote violence,Air/drone strike,Military Forces of Israel (2022-),,8,Civilians (Palestine),Health Workers (Palestine),7,78,Civilian targeting,275,Middle East,Palestine,Gaza Strip,Gaza City,,Gaza - Northern Remal,31.524,34.4505,1,Newpress; Quds News Network; Twitter,New media-National,"On 8 January 2024, Israeli helicopters opened fire on the outskirts of Al Shifa Hospital in Gaza - Northern Remal (Gaza City, Gaza Strip), in which a bullet hit the hospital building. Casualties unknown.",0,,1759789988
PSE44901,1/8/2024,2024,1,Political violence,Explosions/Remote violence,Air/drone strike,Military Forces of Israel (2022-),,8,Civilians (Palestine),,7,78,Civilian targeting,275,Middle East,Palestine,Gaza Strip,Gaza City,,Gaza,31.5045,34.4743,1,Newpress; Twitter,New media-National,"On 8 January 2024, Israeli warplanes carried out airstrikes in Gaza City (Gaza Strip), killing 9 Palestinians.",9,,1759789988
PSE44902,1/8/2024,2024,1,Political violence,Explosions/Remote violence,Air/drone strike,Military Forces of Israel (2022-),,8,Civilians (Palestine),,7,78,Civilian targeting,275,Middle East,Palestine,Gaza Strip,Khan Yunis,,Khan Yunis,31.3502,34.3081,1,Newpress; Quds News Network; Twitter,New media-National,"On 8 January 2024, Israeli warplanes carried out airstrikes in Khan Yunis city (Khan Yunis, Gaza Strip). Meanwhile, the artillery shelled targets, killing 8 Palestinians and injuring one person.",8,,1753954979
PSE44903,1/8/2024,2024,1,Political violence,Explosions/Remote violence,Air/drone strike,Military Forces of Israel (2022-),,8,Civilians (Palestine),,7,78,Civilian targeting,275,Middle East,Palestine,Gaza Strip,Khan Yunis,,Khan Yunis - As Sater,31.3637,34.3228,1,Quds News Network; Twitter,New media-National,"On 8 January 2024, Israeli warplanes carried out airstrikes in Khan Yunis - As Sater (Khan Yunis, Gaza Strip), killing 4 Palestinians.",4,,1753954979
PSE44905,1/8/2024,2024,1,Political violence,Explosions/Remote violence,Air/drone strike,Military Forces of Israel (2022-),,8,Civilians (Palestine),,7,78,Civilian targeting,275,Middle East,Palestine,Gaza Strip,Rafah,,An Nasr,31.2814,34.3025,1,Quds News Network; Twitter,New media-National,"On 8 January 2024, Israeli warplanes struck a house in An Nasr (Rafah, Gaza Strip), killing a Palestinian.",1,,1753954979
PSE44774,1/8/2024,2024,1,Political violence,Explosions/Remote violence,Air/drone strike,Military Forces of Israel (2022-),,8,Civilians (Palestine),,7,78,Civilian targeting,275,Middle East,Palestine,Gaza Strip,Deir El Balah,,Al Musaddar,31.4105,34.378,2,Palestine News and Information Agency; Quds News Network; Twitter,New media-National,"On 8 January 2024, Israeli warplanes struck a house west of Deir al Balah city (coded to Al Musaddar, Gaza Strip), killing 8 Palestinians and injuring dozens.",8,,1765850627
PSE44873,1/8/2024,2024,1,Political violence,Explosions/Remote violence,Air/drone strike,Military Forces of Israel (2022-),,8,Civilians (Palestine),,7,78,Civilian targeting,275,Middle East,Palestine,Gaza Strip,Deir El Balah,,Deir al Balah,31.4178,34.3503,1,Arab 48; Newpress; Palestine News and Information Agency; Quds News Network; Twitter,New media-National,"On 8 January 2024, Israeli warplanes struck houses in Deir al Balah city (Deir El Balah, Gaza Strip), killing 18 Palestinians and injuring dozens, including children.",18,,1753954979
PSE44874,1/8/2024,2024,1,Political violence,Explosions/Remote violence,Air/drone strike,Military Forces of Israel (2022-),,8,Civilians (Palestine),,7,78,Civilian targeting,275,Middle East,Palestine,Gaza Strip,Deir El Balah,,Az Zawayda,31.4284,34.366,1,Palestine News and Information Agency; Quds News Network; Twitter,New media-National,"On 8 January 2024, Israeli warplanes carried out airstrikes in Az Zawayda (Deir El Balah, Gaza Strip), killing 5 Palestinians and injuring several of others.",5,,1767742780
PSE44884,1/8/2024,2024,1,Political violence,Explosions/Remote violence,Air/drone strike,Military Forces of Israel (2022-),,8,Civilians (Palestine),Refugees/IDPs (Palestine),7,78,Civilian targeting,275,Middle East,Palestine,Gaza Strip,Deir El Balah,,An Nusayrat,31.4486,34.3925,1,Newpress; Palestine News and Information Agency; Quds News Network; Twitter,New media-National,"On 8 January 2024, Israeli warplanes opened fire and struck houses in An Nusayrat refugee camp (Deir El Balah, Gaza Strip), killing 12 Palestinians and injuring dozens.",12,,1753954979
PSE44885,1/8/2024,2024,1,Political violence,Explosions/Remote violence,Air/drone strike,Military Forces of Israel (2022-),,8,Civilians (Palestine),,7,78,Civilian targeting,275,Middle East,Palestine,Gaza Strip,Rafah,,Tal as Sultan,31.3098,34.2414,2,Newpress; Palestine News and Information Agency; Quds News Network; Twitter,New media-National,"On 8 January 2024, Israeli warplanes struck a civilian passing car west of Rafah City (coded to Tal as Sultan, Gaza Strip), killing 3 Palestinians.",3,,1762829569
PSE44904,1/8/2024,2024,1,Political violence,Explosions/Remote violence,Air/drone strike,Military Forces of Israel (2022-),,8,Civilians (Palestine),Journalists (Palestine); Refugees/IDPs (Palestine),7,78,Civilian targeting,275,Middle East,Palestine,Gaza Strip,North Gaza,,Jabalya Camp,31.536,34.4907,1,Liveuamap; Quds News Network; Twitter,Local partner-New media,"On 8 January 2024, Israeli warplanes struck a house in Al Fakhoura of Mukhayyam Jabalya Camp (North Gaza, Gaza Strip), killing a journalist.",1,,1753954979
PSE44877,1/8/2024,2024,1,Political violence,Explosions/Remote violence,Air/drone strike,Military Forces of Israel (2022-),,8,Civilians (Palestine),,7,78,Civilian targeting,275,Middle East,Palestine,Gaza Strip,Rafah,,Shokat as Sufi,31.2586,34.2824,2,Palestine News and Information Agency; Palestinian Ministry of Health,Other-National,"On 8 January 2024, Israeli warplanes carried out airstrikes south of Rafah city (coded to Shokat as Sufi, Gaza Strip), killing and injuring an unspecified number of fatalities among Palestinians. [Palestinian Ministry of Health reported 23210 fatalities upto 8 January 2024. 15 fatalities not attributed to specific events added to 1 event on 8 January. 15 fatalities coded to this event.]",15,,1753954979
PSE44832,1/8/2024,2024,1,Political violence,Explosions/Remote violence,Shelling/artillery/missile attack,Military Forces of Israel (2022-),,8,Civilians (Palestine),,7,78,Civilian targeting,275,Middle East,Palestine,Gaza Strip,North Gaza,,Beit Hanoun,31.5405,34.5402,1,Liveuamap; Quds News Network; Twitter,Local partner-New media,"On 8 January 2024, Israeli artillery struck a house in Beit Hanoun (North Gaza, Gaza Strip), killing a Palestinian.",1,,1753954979
PSE44891,1/8/2024,2024,1,Political violence,Explosions/Remote violence,Air/drone strike,Military Forces of Israel (2022-),,8,Civilians (Palestine),,7,78,Civilian targeting,275,Middle East,Palestine,Gaza Strip,North Gaza,,Jabalya - Tel-Zaatar,31.5367,34.5035,1,Newpress; Twitter,New media-National,"On 8 January 2024, Israeli warplanes carried out airstrikes in Jabalya - Tel-Zaatar (North Gaza, Gaza Strip), injuring a number of Palestinians.",0,,1759789988
PSE44838,1/8/2024,2024,1,Political violence,Explosions/Remote violence,Shelling/artillery/missile attack,Military Forces of Israel (2022-),,8,Civilians (Palestine),,7,78,Civilian targeting,275,Middle East,Palestine,Gaza Strip,Khan Yunis,,Qizan an Najjar,31.323,34.2761,2,Arab 48; Newpress; Palestine News and Information Agency; Quds News Network; Twitter,New media-National,"On 8 January 2024, Israeli artillery struck houses near al-Fara tower and in Al Manarah east of Qizan an Najjar (Khan Yunis, Gaza Strip), killing 14 Palestinians.",14,,1753954979
PSE44872,1/8/2024,2024,1,Political violence,Explosions/Remote violence,Air/drone strike,Military Forces of Israel (2022-),,8,Civilians (Palestine),,7,78,Civilian targeting,275,Middle East,Palestine,Gaza Strip,Khan Yunis,,Qizan an Najjar,31.323,34.2761,1,Newpress; Palestine News and Information Agency; Quds News Network; Twitter,New media-National,"On 8 January 2024, Israeli warplanes struck the University College of Science and Technology's buildings in Qizan an Najjar (Khan Yunis, Gaza Strip). Meanwhile, the artillery shelled targets in the area, killing 5 Palestinians.",5,,1753954979
PSE44844,1/9/2024,2024,1,Political violence,Explosions/Remote violence,Shelling/artillery/missile attack,Military Forces of Israel (2022-),,8,Civilians (Palestine),,7,78,Civilian targeting,275,Middle East,Palestine,Gaza Strip,Khan Yunis,,Al Fukhari,31.2952,34.3332,1,Palestine News and Information Agency; Quds News Network,National,"On 9 January 2024, Israeli artillery shelled targets in Al Fukhari (Khan Yunis, Gaza Strip), killing 2 Palestinian women.",2,,1753954979
PSE44911,1/9/2024,2024,1,Political violence,Explosions/Remote violence,Air/drone strike,Military Forces of Israel (2022-),,8,Civilians (Palestine),Refugees/IDPs (Palestine); UNRWA: United Nations Relief and Works Agency,7,78,Civilian targeting,275,Middle East,Palestine,Gaza Strip,Khan Yunis,,Khan Yunis - West (Municipal Stadium),31.3484,34.2961,2,Arab 48; Palestine News and Information Agency; Quds News Network,National,"On 9 January 2024, Israeli warplanes carried out airstrikes on the outskirts of Naser Hospital, west of Khan Yunis (coded to Khan Yunis - West (Municipal Stadium)) (Gaza Strip). Also, warplanes opened fire toward displaced people who reside in UNRWA schools in the same area. Casualties unknown.",0,,1753954979
PSE44921,1/9/2024,2024,1,Political violence,Explosions/Remote violence,Air/drone strike,Military Forces of Israel (2022-),,8,Civilians (Palestine),Aid Workers (International); Journalists (Palestine); MSF: Doctors Without Borders,7,78,Civilian targeting,275,Middle East,Palestine,Gaza Strip,Khan Yunis,,Khan Yunis,31.3502,34.3081,1,Ma'an News Agency; Newpress; Palestine News and Information Agency; Quds News Network; Twitter,New media-National,"On 9 January 2024, Israeli artillery struck Khan Yunis city (Khan Yunis, Gaza Strip). In one incident, an Israeli shell struck the MSF office in the city, and 4 persons were injured including a 5-year-old girl. Also, a Palestinian female journalist and her daughter were killed in an airstrike in the same area.",2,,1753954979
PSE44923,1/9/2024,2024,1,Political violence,Explosions/Remote violence,Air/drone strike,Military Forces of Israel (2022-),,8,Civilians (Palestine),Refugees/IDPs (Palestine),7,78,Civilian targeting,275,Middle East,Palestine,Gaza Strip,Deir El Balah,,Al Maghazi,31.4214,34.3865,1,Arab 48; Palestine News and Information Agency; Quds News Network,National,"On 9 January 2024, Israeli warplanes struck a house in Al Maghazi refugee camp (Deir El Balah, Gaza Strip), leaving an unspecified number of fatalities and injuries among Palestinians, fatalities coded as 10. Also, 4 Palestinians were killed in a separate incident. The total fatalities were coded as 14 (10 unknown, 4 confirmed).",14,,1753954979
PSE44927,1/9/2024,2024,1,Political violence,Explosions/Remote violence,Air/drone strike,Military Forces of Israel (2022-),,8,Civilians (Palestine),,7,78,Civilian targeting,275,Middle East,Palestine,Gaza Strip,Deir El Balah,,An Nusayrat,31.4486,34.3925,2,Palestine News and Information Agency,National,"On 9 January 2024, Israeli warplanes opened fire toward Palestinians east of An Nusayrat refugee camp (Deir El Balah, Gaza Strip), leaving a number of injuries.",0,,1753954979
PSE44934,1/9/2024,2024,1,Political violence,Explosions/Remote violence,Air/drone strike,Military Forces of Israel (2022-),,8,Civilians (Palestine),,7,78,Civilian targeting,275,Middle East,Palestine,Gaza Strip,Deir El Balah,,An Nusayrat - West,31.4525,34.3756,1,Newpress; Quds News Network; Twitter,New media-National,"On 9 January 2024, Israeli warplanes struck a residential building west of An Nusayrat refugee camp (An Nusayrat - West, Deir El Balah, Gaza Strip), killing a Palestinian and injuring a number of others.",1,,1753954979
PSE44975,1/9/2024,2024,1,Political violence,Violence against civilians,Attack,Military Forces of Israel (2022-),,8,Civilians (Palestine),Refugees/IDPs (Palestine),7,78,Civilian targeting,275,Middle East,Palestine,Gaza Strip,Deir El Balah,,An Nusayrat,31.4486,34.3925,1,Quds News Network,National,"On 9 January 2024, Israeli soldiers sniped and killed a Palestinian in An Nusayrat refugee camp (Deir El Balah, Gaza Strip).",1,,1753954979
PSE44909,1/9/2024,2024,1,Political violence,Explosions/Remote violence,Air/drone strike,Military Forces of Israel (2022-),,8,Civilians (Palestine),,7,78,Civilian targeting,275,Middle East,Palestine,Gaza Strip,Khan Yunis,,Khan Yunis - City Centre,31.3419,34.3015,1,Newpress; Palestine News and Information Agency; Palestinian Ministry of Health; Quds News Network; Twitter,Other-New media,"On 9 January 2024, Israeli warplanes and artillery struck targets in Khan Yunis - City Centre (Khan Yunis, Gaza Strip) and destroyed the al-Fara residential tower, killing and injuring an unspecified number of Palestinians. [Palestinian Ministry of Health reported 23357 fatalities upto 9 January 2024. 61 fatalities not attributed to specific events split across 6 events on 9 January. 10 fatalities coded to this event.]",10,,1753954979
PSE44920,1/9/2024,2024,1,Political violence,Explosions/Remote violence,Air/drone strike,Military Forces of Israel (2022-),,8,Civilians (Palestine),,7,78,Civilian targeting,275,Middle East,Palestine,Gaza Strip,Deir El Balah,,Az Zawayda,31.4284,34.366,1,Arab 48; Liveuamap; Palestine News and Information Agency; Palestinian Ministry of Health; Quds News Network,Local partner-New media,"On 9 January 2024, Israeli warplanes carried out heavy airstrikes in Az Zawayda (Deir El Balah, Gaza Strip), killing and injuring an unspecified number of Palestinians.. Meanwhile, the artillery struck targets in the same area. Casualties unknown. [Palestinian Ministry of Health reported 23357 fatalities upto 9 January 2024. 61 fatalities not attributed to specific events split across 6 events on 9 January. 10 fatalities coded to this event.]",10,,1767742780
PSE44922,1/9/2024,2024,1,Political violence,Explosions/Remote violence,Air/drone strike,Military Forces of Israel (2022-),,8,Civilians (Palestine),Refugees/IDPs (Palestine),7,78,Civilian targeting,275,Middle East,Palestine,Gaza Strip,Deir El Balah,,An Nusayrat,31.4486,34.3925,1,Palestine News and Information Agency; Palestinian Ministry of Health; Quds News Network,Other-National,"On 9 January 2024, Israeli warplanes struck a car and houses in An Nusayrat refugee camp (Deir El Balah, Gaza Strip), leaving an unspecified number of fatalities and injuries among Palestinians. [Palestinian Ministry of Health reported 23357 fatalities upto 9 January 2024. 61 fatalities not attributed to specific events split across 6 events on 9 January. 10 fatalities coded to this event.]",10,,1753954979
PSE44925,1/9/2024,2024,1,Political violence,Explosions/Remote violence,Air/drone strike,Military Forces of Israel (2022-),,8,Civilians (Palestine),,7,78,Civilian targeting,275,Middle East,Palestine,Gaza Strip,Deir El Balah,,Deir al Balah,31.4178,34.3503,1,Arab 48; Palestine News and Information Agency; Palestinian Ministry of Health; Quds News Network,Other-National,"On 9 January 2024, Israeli warplanes carried out strikes near Al Aqsa Hospital and struck a house in Deir al Balah city (Deir El Balah, Gaza Strip), leaving an unspecified number of fatalities and injuries among Palestinians. [Palestinian Ministry of Health reported 23357 fatalities upto 9 January 2024. 61 fatalities not attributed to specific events split across 6 events on 9 January. 10 fatalities coded to this event.]",10,,1753954979
PSE44931,1/9/2024,2024,1,Political violence,Explosions/Remote violence,Air/drone strike,Military Forces of Israel (2022-),,8,Civilians (Palestine),,7,78,Civilian targeting,275,Middle East,Palestine,Gaza Strip,Gaza City,,Gaza - Southern Remal,31.5168,34.4355,2,Palestine News and Information Agency; Palestinian Ministry of Health; Quds News Network,Other-National,"On 9 January 2024, Israeli warplanes carried out airstrikes west of Gaza City (coded to Gaza - Southern Remal) (Gaza City, Gaza Strip), leaving an unspecified number of fatalities and injuries among Palestinians. [Palestinian Ministry of Health reported 23357 fatalities upto 9 January 2024. 61 fatalities not attributed to specific events split across 6 events on 9 January. 11 fatalities coded to this event.]",11,,1759789988
PSE44942,1/9/2024,2024,1,Political violence,Explosions/Remote violence,Air/drone strike,Military Forces of Israel (2022-),,8,Civilians (Palestine),,7,78,Civilian targeting,275,Middle East,Palestine,Gaza Strip,Rafah,,Tal as Sultan,31.3098,34.2414,1,Al-Ittihad; Amnesty International; Newpress; Palestine News and Information Agency; Quds News Network; Twitter,Other-New media,"On 9 January 2024, Israeli warplanes struck the house and 2 apartments in Tal as Sultan (Rafah, Gaza Strip), killing 18 Palestinians inluding 10 children and injuring dozens.",18,,1762829569
PSE44906,1/9/2024,2024,1,Political violence,Explosions/Remote violence,Air/drone strike,Military Forces of Israel (2022-),,8,Civilians (Palestine),,7,78,Civilian targeting,275,Middle East,Palestine,Gaza Strip,Rafah,,Yibna,31.2842,34.2482,2,PLO Negotiations Affairs Department; Quds News Network,Other-National,"On 9 January 2024, Israeli warplanes struck a house east of Rafah (coded to Yibna, Gaza Strip), leaving several injuries. Meanwhile, tanks and artillery shelled targets in the same area.",0,,1753954979
PSE44929,1/9/2024,2024,1,Political violence,Explosions/Remote violence,Air/drone strike,Military Forces of Israel (2022-),,8,Civilians (Palestine),,7,78,Civilian targeting,275,Middle East,Palestine,Gaza Strip,North Gaza,,Jabalya,31.5272,34.4835,1,Palestine News and Information Agency; Quds News Network,National,"On 9 January 2024, Israeli warplanes struck a house in Jabalya town (North Gaza, Gaza Strip), killing 2 Palestinians and injuring a number of others.",2,,1759789988
PSE44910,1/9/2024,2024,1,Political violence,Explosions/Remote violence,Air/drone strike,Military Forces of Israel (2022-),,8,Civilians (Palestine),Muslim Group (Palestine),7,78,Civilian targeting,275,Middle East,Palestine,Gaza Strip,Khan Yunis,,Qizan an Najjar,31.323,34.2761,1,Arab 48; Palestine News and Information Agency; Palestinian Ministry of Health; Quds News Network,Other-National,"On 9 January 2024, Israeli warplanes and artillery struck targets including houses and a mosque in Qizan an Najjar (Khan Yunis, Gaza Strip), killing and injuring an unspecified number of Palestinians. [Palestinian Ministry of Health reported 23357 fatalities upto 9 January 2024. 61 fatalities not attributed to specific events split across 6 events on 9 January. 10 fatalities coded to this event.]",10,,1753954979
PSE44936,1/9/2024,2024,1,Political violence,Explosions/Remote violence,Air/drone strike,Military Forces of Israel (2022-),,8,Civilians (Palestine),,7,78,Civilian targeting,275,Middle East,Palestine,Gaza Strip,Rafah,,Rafah,31.287,34.2595,1,Newpress; Twitter,New media-National,"On 9 January 2024, Israeli warplanes struck an apartment in Rafah City (Rafah, Gaza Strip), killing 4 Palestinians",4,,1762829569
PSE44941,1/9/2024,2024,1,Political violence,Explosions/Remote violence,Air/drone strike,Military Forces of Israel (2022-),,8,Civilians (Palestine),,7,78,Civilian targeting,275,Middle East,Palestine,Gaza Strip,Rafah,,Khirbet al Adas,31.2855,34.2714,2,Liveuamap; Quds News Network,Local partner-New media,"On 9 January 2024, Israeli warplanes struck a house and agricultural land north of Rafah city (coded to Khirbet al Adas, Gaza Strip), killing a woman.",1,,1753954979
PSE44854,1/10/2024,2024,1,Political violence,Explosions/Remote violence,Shelling/artillery/missile attack,Military Forces of Israel (2022-),,8,Civilians (Palestine),,7,78,Civilian targeting,275,Middle East,Palestine,Gaza Strip,Khan Yunis,,Khan Yunis Port,31.3691,34.2734,2,Palestine News and Information Agency; PLO Negotiations Affairs Department,Other-National,"On 10 January 2024, Israeli gunboats shelled targets along the Coast of Khan Yunis (coded to Khan Yunis Port, Gaza Strip), leaving dozens of injuries.",0,,1753954979
PSE44855,1/10/2024,2024,1,Political violence,Explosions/Remote violence,Shelling/artillery/missile attack,Military Forces of Israel (2022-),,8,Civilians (Palestine),,7,78,Civilian targeting,275,Middle East,Palestine,Gaza Strip,North Gaza,,Beit Lahiya - As Siafa,31.5887,34.4959,2,Palestine News and Information Agency; PLO Negotiations Affairs Department,Other-National,"On 10 January 2024, Israeli gunboats shelled targets along the Coast of North Gaza (coded to Beit Lahiya - As Siafa, Gaza Strip), injuring a number of Palestinians in Al Waha and Al Sudania areas.",0,,1762292062
PSE44856,1/10/2024,2024,1,Political violence,Explosions/Remote violence,Shelling/artillery/missile attack,Military Forces of Israel (2022-),,8,Civilians (Palestine),,7,78,Civilian targeting,275,Middle East,Palestine,Gaza Strip,Rafah,,Coast of Rafah,31.3474,34.2226,2,Palestine News and Information Agency; PLO Negotiations Affairs Department,Other-National,"On 10 January 2024, Israeli gunboats shelled targets along the Coast of Rafah (Rafah, Gaza Strip), leaving dozens of injuries.",0,,1753954979
PSE44858,1/10/2024,2024,1,Political violence,Explosions/Remote violence,Shelling/artillery/missile attack,Military Forces of Israel (2022-),,8,Civilians (Palestine),,7,78,Civilian targeting,275,Middle East,Palestine,Gaza Strip,Khan Yunis,,Khan Yunis,31.3502,34.3081,1,Quds News Network; Twitter,New media-National,"On 10 January 2024, Israeli artillery shelled several locations in Khan Yunis city (Khan Yunis, Gaza Strip), injuring 3 Palestinians.",0,,1753954979
PSE44859,1/10/2024,2024,1,Political violence,Explosions/Remote violence,Shelling/artillery/missile attack,Military Forces of Israel (2022-),,8,Civilians (Palestine),Refugees/IDPs (Palestine),7,78,Civilian targeting,275,Middle East,Palestine,Gaza Strip,Khan Yunis,,Bani Suheila,31.3424,34.325,2,Newpress; Palestine News and Information Agency; Quds News Network; Twitter,New media-National,"On 10 January 2024, Israeli artillery struck targets east of Khan Yunis city (coded to Bani Suheila) (Khan Yunis, Gaza Strip), leaving dozens of fatalities and injuries among Palestinians including displaced people. Fatalities coded as 12.",12,,1753954979
PSE44948,1/10/2024,2024,1,Political violence,Explosions/Remote violence,Air/drone strike,Military Forces of Israel (2022-),,8,Civilians (Palestine),,7,78,Civilian targeting,275,Middle East,Palestine,Gaza Strip,Khan Yunis,,Al Fukhari,31.2952,34.3332,1,Newpress; Quds News Network; Twitter,New media-National,"On 10 January 2024, Israeli warplanes struck a house near al-Daqqat junction in Al Fukhari (Khan Yunis, Gaza Strip), killing 2 Palestinians. Meanwhile, the artillery struck targets in the same area.",2,,1753954979
PSE44949,1/10/2024,2024,1,Political violence,Explosions/Remote violence,Air/drone strike,Military Forces of Israel (2022-),,8,Civilians (Palestine),Refugees/IDPs (Palestine),7,78,Civilian targeting,275,Middle East,Palestine,Gaza Strip,Khan Yunis,,Khan Yunis - West (Municipal Stadium),31.3484,34.2961,2,Al Ghad (Jordan); Newpress; Palestine News and Information Agency; Quds News Network; Twitter,New media-National,"On 10 January 2024, Israeli warplanes struck a house in Khan Yunis refugee camp, west of Khan Yunis (coded to Khan Yunis - West (Municipal Stadium)) (Gaza Strip). As a result, 7 Palestinians were killed and 25 more persons were injured.",7,,1753954979
PSE44757,1/10/2024,2024,1,Political violence,Explosions/Remote violence,Shelling/artillery/missile attack,Military Forces of Israel (2022-),,8,Civilians (Palestine),Refugees/IDPs (Palestine),7,78,Civilian targeting,275,Middle East,Palestine,Gaza Strip,Deir El Balah,,Al Burayj,31.4394,34.4031,1,Palestine News and Information Agency; Quds News Network; Twitter,New media-National,"On 10 January 2024, Israeli artillery struck targets in Al Burayj and Al Maghazi refugee camps (Deir El Balah, Gaza Strip), killing 20 Palestinians in Al Burayj and Al Maghazi, with at least 4 in confirmed in Al Maghazi. Fatalities were split across 2 events, 10 fatalities coded to this location.",10,,1753954979
PSE44851,1/10/2024,2024,1,Political violence,Explosions/Remote violence,Shelling/artillery/missile attack,Military Forces of Israel (2022-),,8,Civilians (Palestine),Refugees/IDPs (Palestine),7,78,Civilian targeting,275,Middle East,Palestine,Gaza Strip,Deir El Balah,,Al Maghazi,31.4214,34.3865,1,Newpress; Palestine News and Information Agency; Quds News Network; Twitter,New media-National,"On 10 January 2024, Israeli artillery struck targets in Al Burayj and Al Maghazi refugee camps (Deir El Balah, Gaza Strip), killing 20 Palestinians in Al Burayj and Al Maghazi, with at least 4 in Al Maghazi. Fatalities were split across 2 events, 10 fatalities coded to this location.",10,,1753954979
PSE44852,1/10/2024,2024,1,Political violence,Explosions/Remote violence,Shelling/artillery/missile attack,Military Forces of Israel (2022-),,8,Civilians (Palestine),,7,78,Civilian targeting,275,Middle East,Palestine,Gaza Strip,Deir El Balah,,Al Brawk,31.4204,34.339,2,Palestine News and Information Agency; PLO Negotiations Affairs Department,Other-National,"On 10 January 2024, Israeli gunboats shelled targets along the Coast of Deir al Balah (coded to Al Brawk, Gaza Strip), leaving dozens of injuries.",0,,1767742780
PSE44953,1/10/2024,2024,1,Political violence,Explosions/Remote violence,Air/drone strike,Military Forces of Israel (2022-),,8,Civilians (Palestine),,7,78,Civilian targeting,275,Middle East,Palestine,Gaza Strip,Deir El Balah,,An Nusayrat,31.4486,34.3925,2,Quds News Network; Twitter,New media-National,"On 10 January 2024, Israeli warplanes struck a house east of An Nusayrat refugee camp (Deir El Balah, Gaza strip). Casualties unknown.",0,,1753954979
PSE44950,1/10/2024,2024,1,Political violence,Explosions/Remote violence,Air/drone strike,Military Forces of Israel (2022-),,8,Civilians (Palestine),,7,78,Civilian targeting,275,Middle East,Palestine,Gaza Strip,Gaza City,,Gaza - Southern Remal,31.5168,34.4355,1,Liveuamap; Quds News Network; Twitter,Local partner-New media,"On 10 January 2024, Israeli warplanes struck a passing car in Gaza - Southern Remal (Gaza City, Gaza Strip), killing one Palestinian and injuring another 5 persons.",1,,1759789988
PSE44947,1/10/2024,2024,1,Political violence,Explosions/Remote violence,Air/drone strike,Military Forces of Israel (2022-),,8,Civilians (Palestine),Refugees/IDPs (Palestine),7,78,Civilian targeting,275,Middle East,Palestine,Gaza Strip,Rafah,,Tal as Sultan,31.3098,34.2414,2,Arab 48; Liveuamap; Palestine News and Information Agency; Quds News Network; Twitter; Xinhua,Local partner-New media,"On 10 January 2024, Israeli warplanes struck a house and agricultural land northwest of Rafah city (coded to Tal as Sultan, Gaza Strip). Rescue workers pulled out 15 bodies from the rubble of a house, including 4 children.",15,,1762829569
PSE44857,1/10/2024,2024,1,Political violence,Explosions/Remote violence,Shelling/artillery/missile attack,Military Forces of Israel (2022-),,8,Civilians (Palestine),,7,78,Civilian targeting,275,Middle East,Palestine,Gaza Strip,Gaza City,,Gaza - Ash Shati' Camp,31.5349,34.4466,1,Palestine News and Information Agency,National,"On 10 January 2024, Israeli gunboats struck targets in the outskirts of Gaza - Ash Shati' Camp (Gaza City, Gaza Strip), leaving dozens of injuries.",0,,1759789988
PSE45069,1/10/2024,2024,1,Political violence,Explosions/Remote violence,Air/drone strike,Military Forces of Israel (2022-),,8,Civilians (Palestine),,7,78,Civilian targeting,275,Middle East,Palestine,Gaza Strip,Deir El Balah,,An Nusayrat,31.4486,34.3925,1,Palestine News and Information Agency; Palestinian Ministry of Health,Other-National,"On 10 January 2024, Israeli warplanes carried out airstrikes in An Nusayrat refugee camp (Deir El Balah, Gaza strip) leading to unspecified fatalities. [Palestinian Ministry of Health reported 23489 fatalities upto 10 January 2024. 26 fatalities not attributed to specific events split across 3 events on 10 January. 8 fatalities coded to this event.]",8,,1753954979
PSE45070,1/10/2024,2024,1,Political violence,Explosions/Remote violence,Air/drone strike,Military Forces of Israel (2022-),,8,Civilians (Palestine),,7,78,Civilian targeting,275,Middle East,Palestine,Gaza Strip,Deir El Balah,,An Nusayrat - North,31.4591,34.3923,1,Newpress; Palestinian Ministry of Health; Quds News Network; Twitter,Other-New media,"On 10 January 2024, Israeli warplanes carried out strikes north of An Nusayrat refugee camp (An Nusayrat - North, Deir El Balah, Gaza strip) leading to unspecified fatalities. [Palestinian Ministry of Health reported 23489 fatalities upto 10 January 2024. 26 fatalities not attributed to specific events split across 3 events on 10 January. 9 fatalities coded to this event.]",9,,1753954979
PSE51788,1/10/2024,2024,1,Political violence,Explosions/Remote violence,Air/drone strike,Military Forces of Israel (2022-),,8,Civilians (Palestine),,7,78,Civilian targeting,275,Middle East,Palestine,Gaza Strip,Deir El Balah,,An Nusayrat - West,31.4525,34.3756,1,Newpress; Palestinian Ministry of Health; Quds News Network; Twitter,Other-New media,"On 10 January 2024, Israeli warplanes carried out strikes west of An Nusayrat refugee camp (An Nusayrat - West, Deir El Balah, Gaza strip) leading to unspecified fatalities. [Palestinian Ministry of Health reported 23489 fatalities upto 10 January 2024. 26 fatalities not attributed to specific events split across 3 events on 10 January. 9 fatalities coded to this event.]",9,,1753955132
PSE44943,1/10/2024,2024,1,Political violence,Explosions/Remote violence,Air/drone strike,Military Forces of Israel (2022-),,8,Civilians (Palestine),Aid Workers (Palestine); Journalists (Palestine); Palestinian Red Crescent Society,7,78,Civilian targeting,275,Middle East,Palestine,Gaza Strip,Deir El Balah,,Deir al Balah,31.4178,34.3503,1,Arab 48; Jerusalem Post; Ma'an News Agency; Newpress; Palestine News and Information Agency; Quds News Network; Twitter; Xinhua,New media-National,"On 10 January 2024, Israeli warplanes struck a house and an ambulance belonging to the PRCS in Deir al Balah city (Deir El Balah, Gaza Strip), at least 40 Palestinians were wounded or killed, including 2 journalists and 4 paramedics who were killed.",20,,1755550811
PSE44985,1/10/2024,2024,1,Political violence,Violence against civilians,Attack,Military Forces of Israel (2022-),,8,Civilians (Palestine),,7,78,Civilian targeting,275,Middle East,Palestine,Gaza Strip,Gaza City,,Gaza - Ash Shaykh Ijlin,31.5098,34.4274,1,Palestine News and Information Agency,National,"On 10 January 2024, Israeli soldiers positioned in Gaza - Ash Shaykh Ijlin (Gaza City, Gaza Strip) opened fire and killed 6 Palestinians, and injured a number of others.",6,,1753954979
PSE44867,1/10/2024,2024,1,Political violence,Explosions/Remote violence,Shelling/artillery/missile attack,Military Forces of Israel (2022-),,8,Civilians (Palestine),Farmers (Palestine),7,78,Civilian targeting,275,Middle East,Palestine,Gaza Strip,Rafah,,Yibna,31.2842,34.2482,2,Liveuamap; Newpress; PLO Negotiations Affairs Department; Quds News Network; Twitter,Local partner-New media,"On 10 January 2024, Israeli artillery and tanks shelled targets east of Rafah (coded to Yibna, Gaza Strip), killing 3 Palestinian farmers.",3,,1753954979
PSE44868,1/10/2024,2024,1,Political violence,Explosions/Remote violence,Shelling/artillery/missile attack,Military Forces of Israel (2022-),,8,Civilians (Palestine),,7,78,Civilian targeting,275,Middle East,Palestine,Gaza Strip,Rafah,,Yibna,31.2842,34.2482,2,Palestine News and Information Agency; Quds News Network; Twitter,New media-National,"On 10 January 2024, Israeli artillery shelled targets northeast of Rafah city (coded to Yibna, Gaza Strip), leaving a number of injuries.",0,,1753954979
PSE44946,1/10/2024,2024,1,Political violence,Explosions/Remote violence,Air/drone strike,Military Forces of Israel (2022-),,8,Civilians (Palestine),,7,78,Civilian targeting,275,Middle East,Palestine,Gaza Strip,North Gaza,,Jabalya,31.5272,34.4835,1,Liveuamap; Palestine News and Information Agency; Quds News Network; Twitter; Xinhua,Local partner-New media,"On 10 January 2024, Israeli warplanes struck a house in Jabalya town (North Gaza, Gaza Strip), killing 5 Palestinians and injuring dozens.",5,,1759789988
PSE44860,1/10/2024,2024,1,Political violence,Explosions/Remote violence,Shelling/artillery/missile attack,Military Forces of Israel (2022-),,8,Civilians (Palestine),,7,78,Civilian targeting,275,Middle East,Palestine,Gaza Strip,Khan Yunis,,Qizan an Najjar,31.323,34.2761,2,Quds News Network; Twitter,New media-National,"On 10 January 2024, Israeli artillery struck targets in Al Manarah east of Qizan an Najjar (Khan Yunis, Gaza Strip), leaving a number of injuries among Palestinians. Also, 2 Palestinians were killed in the same area.",2,,1753954979
PSE44954,1/11/2024,2024,1,Political violence,Explosions/Remote violence,Air/drone strike,Military Forces of Israel (2022-),,8,Civilians (Palestine),,7,78,Civilian targeting,275,Middle East,Palestine,Gaza Strip,Khan Yunis,,Al Fukhari,31.2952,34.3332,1,Palestine News and Information Agency,National,"On 11 January 2024, Israeli warplanes carried out airstrikes in Al Fukhari (Khan Yunis, Gaza Strip), killing 6 persons.",6,,1753954979
PSE44955,1/11/2024,2024,1,Political violence,Explosions/Remote violence,Air/drone strike,Military Forces of Israel (2022-),,8,Civilians (Palestine),,7,78,Civilian targeting,275,Middle East,Palestine,Gaza Strip,Khan Yunis,,Bani Suheila,31.3424,34.325,1,Palestine News and Information Agency; Quds News Network; Twitter,New media-National,"On 11 January 2024, Israeli warplanes struck a group of Palestinians in Irmitah area of Bani Suheila (Khan Yunis, Gaza Strip), killing 2 of persons.",2,,1753954979
PSE44965,1/11/2024,2024,1,Political violence,Explosions/Remote violence,Air/drone strike,Military Forces of Israel (2022-),,8,Civilians (Palestine),Journalists (Palestine),7,78,Civilian targeting,275,Middle East,Palestine,Gaza Strip,Gaza City,,Gaza,31.5045,34.4743,1,Newpress; Palestine News and Information Agency; Quds News Network; Twitter,New media-National,"On 11 January 2024, Israeli warplanes struck a house in Gaza City (Gaza City, Gaza Strip), killing a Palestinian journalist.",1,,1759789988
PSE44968,1/11/2024,2024,1,Political violence,Explosions/Remote violence,Air/drone strike,Military Forces of Israel (2022-),,8,Civilians (Palestine),,7,78,Civilian targeting,275,Middle East,Palestine,Gaza Strip,Khan Yunis,,Khan Yunis,31.3502,34.3081,1,Newpress; Palestine News and Information Agency; Quds News Network; Twitter,New media-National,"On 11 January 2024, Israeli warplanes struck the Al Hasan commercial building at Jalal Street in Khan Yunis city (Khan Yunis, Gaza Strip), injuring a number of Palestinians. Also, the artillery struck targets in the city.",0,,1753954979
PSE44986,1/11/2024,2024,1,Political violence,Explosions/Remote violence,Air/drone strike,Military Forces of Israel (2022-),,8,Civilians (Palestine),Labor Group (Palestine),7,78,Civilian targeting,275,Middle East,Palestine,Gaza Strip,Khan Yunis,,Khan Yunis - West (Municipal Stadium),31.3484,34.2961,2,Arab 48; Quds News Network; Twitter,New media-National,"On 11 January 2024, Israeli warplanes struck the Palestinian civil defence team while working west of Khan Yunis (coded to Khan Yunis - West (Municipal Stadium)) (Gaza Strip), injuring one person. Also, a number of Palestinians were injured in airstrikes near Naser Hospital west of Khan Yunis.",0,,1753954979
PSE44988,1/11/2024,2024,1,Political violence,Explosions/Remote violence,Air/drone strike,Military Forces of Israel (2022-),,8,Civilians (Palestine),,7,78,Civilian targeting,275,Middle East,Palestine,Gaza Strip,Khan Yunis,,Abasan al Kabirah,31.3191,34.3401,1,Arab 48; Quds News Network; Twitter,New media-National,"On 11 January 2024, Israeli warplanes struck targets in Abasan al Kabirah (Khan Yunis, Gaza Strip), killing 4 persons.",4,,1753954979
PSE44991,1/11/2024,2024,1,Political violence,Explosions/Remote violence,Air/drone strike,Military Forces of Israel (2022-),,8,Civilians (Palestine),,7,78,Civilian targeting,275,Middle East,Palestine,Gaza Strip,Deir El Balah,,Deir al Balah,31.4178,34.3503,1,Arab 48; Liveuamap; Quds News Network; Twitter,Local partner-New media,"On 11 January 2024, Israeli warplanes struck targets in Deir al Balah city (Deir El Balah, Gaza Strip), killing a woman and injuring a number of Palestinians.",1,,1753954979
PSE44974,1/11/2024,2024,1,Political violence,Explosions/Remote violence,Air/drone strike,Military Forces of Israel (2022-),,8,Civilians (Palestine),,7,78,Civilian targeting,275,Middle East,Palestine,Gaza Strip,Rafah,,Shokat as Sufi,31.2586,34.2824,1,Arab 48; Liveuamap; Newpress; Palestine News and Information Agency; Quds News Network; Twitter,Local partner-New media,"On 11 January 2024, Israeli warplanes struck a house in Shokat as Sufi (Rafah, Gaza Strip), killing 9 persons from Abu Snimah family.",9,,1753954979
PSE44966,1/11/2024,2024,1,Political violence,Explosions/Remote violence,Air/drone strike,Military Forces of Israel (2022-),,8,Civilians (Palestine),,7,78,Civilian targeting,275,Middle East,Palestine,Gaza Strip,Gaza City,,Gaza - Southern Remal,31.5168,34.4355,2,Palestine News and Information Agency,National,"On 11 January 2024, Israeli warplanes struck targets west of Gaza City (coded to Gaza - Southern Remal) (Gaza City, Gaza Strip), injuring a number of Palestinians.",0,,1759789988
PSE44875,1/11/2024,2024,1,Political violence,Explosions/Remote violence,Shelling/artillery/missile attack,Military Forces of Israel (2022-),,8,Civilians (Palestine),Refugees/IDPs (Palestine),7,78,Civilian targeting,275,Middle East,Palestine,Gaza Strip,Deir El Balah,,An Nusayrat,31.4486,34.3925,1,Palestine News and Information Agency; Palestinian Ministry of Health,Other-National,"On 11 January 2024, Israeli artillery shelled targets and a house in An Nusayrat refugee camp (Deir El Balah, Gaza Strip) leaving unspecified fatalities. [Palestinian Ministry of Health reported 23708 fatalities between 7 October - 11 January. 158 fatalities not attributed to specific events added to 2 events on 11 January 2024. 79 fatalities coded to this event.]",79,,1753954979
PSE44972,1/11/2024,2024,1,Political violence,Explosions/Remote violence,Air/drone strike,Military Forces of Israel (2022-),,8,Civilians (Palestine),,7,78,Civilian targeting,275,Middle East,Palestine,Gaza Strip,Gaza City,,Gaza - Sabra,31.5086,34.4493,1,Liveuamap; Palestine News and Information Agency; Palestinian Ministry of Health; Quds News Network; Twitter,Local partner-New media,"On 11 January 2024, Israeli warplanes struck residential buildings in Gaza - Sabra (Gaza City, Gaza Strip), leaving an unspecified number of fatalities, including women and children. [Palestinian Ministry of Health reported 23708 fatalities between 7 October - 11 January. 158 fatalities not attributed to specific events added to 2 events on 11 January 2024. 79 fatalities coded to this event.]",79,,1759789988
PSE44967,1/11/2024,2024,1,Political violence,Explosions/Remote violence,Air/drone strike,Military Forces of Israel (2022-),,8,Civilians (Palestine),,7,78,Civilian targeting,275,Middle East,Palestine,Gaza Strip,Khan Yunis,,Qizan an Najjar,31.323,34.2761,2,Arab 48; Liveuamap; Ma'an News Agency; Palestine News and Information Agency; Quds News Network; Twitter,Local partner-New media,"On 11 January 2024, Israeli warplanes struck a passing car and a group of people in Al Manarah area, east of Qizan an Najjar (Khan Yunis, Gaza Strip), leaving at least 8 fatalities and a number of injuries.",8,,1753954979
PSE44876,1/11/2024,2024,1,Political violence,Explosions/Remote violence,Shelling/artillery/missile attack,Military Forces of Israel (2022-),,8,Civilians (Palestine),,7,78,Civilian targeting,275,Middle East,Palestine,Gaza Strip,Gaza City,,Gaza - Tal el Hawa,31.5041,34.435,2,Arab 48; Palestine News and Information Agency,National,"On 11 January 2024, Israeli tanks struck a group of Palestinians who were waiting for the aid trucks at the sea road southwest of Gaza City (coded to Gaza - Tal el Hawa) (Gaza City, Gaza Strip), leaving dozens of fatalities and several of injuries. Unknown fatalities coded as 12. This event involved violence over aid.",12,,1759789988
PSE45003,1/12/2024,2024,1,Political violence,Explosions/Remote violence,Air/drone strike,Military Forces of Israel (2022-),,8,Civilians (Palestine),Refugees/IDPs (Palestine),7,78,Civilian targeting,275,Middle East,Palestine,Gaza Strip,Khan Yunis,,Khan Yunis - West (Municipal Stadium),31.3484,34.2961,2,Ma'an News Agency; Newpress; Palestine News and Information Agency; Quds News Network; Twitter,New media-National,"On 12 January 2024, Israeli warplanes struck a house in Khan Yunis Camp west of Khan Yunis (coded to Khan Yunis - West (Municipal Stadium)) (Gaza Strip). As a result, an unspecified number of fatalities were killed and more than 30 Palestinians were injured. Fatalities coded as 3. Also, the Israeli artillery struck targets west of Khan Yunis city.",3,,1753954979
PSE45004,1/12/2024,2024,1,Political violence,Explosions/Remote violence,Air/drone strike,Military Forces of Israel (2022-),,8,Civilians (Palestine),,7,78,Civilian targeting,275,Middle East,Palestine,Gaza Strip,Khan Yunis,,Khan Yunis,31.3502,34.3081,1,Palestine News and Information Agency; Quds News Network; Twitter,New media-National,"On 12 January 2024, Israeli warplanes carried out airstrikes in Al Qudra street in Khan Yunis city (Khan Yunis, Gaza Strip), leaving 2 fatalities.",2,,1753954979
PSE44995,1/12/2024,2024,1,Political violence,Explosions/Remote violence,Air/drone strike,Military Forces of Israel (2022-),,8,Civilians (Palestine),,7,78,Civilian targeting,275,Middle East,Palestine,Gaza Strip,Deir El Balah,,Deir al Balah,31.4178,34.3503,1,Newpress; Palestine News and Information Agency; Quds News Network; Twitter,New media-National,"On 12 January 2024, Israeli warplanes struck a house in Al Mashala area of Deir al Balah city (Deir El Balah, Gaza Strip), killed 6 Palestinians and injuring a number of others.",6,,1753954979
PSE45010,1/12/2024,2024,1,Political violence,Explosions/Remote violence,Air/drone strike,Military Forces of Israel (2022-),,8,Civilians (Palestine),,7,78,Civilian targeting,275,Middle East,Palestine,Gaza Strip,Deir El Balah,,Wadi as Salqa,31.4005,34.3375,1,Quds News Network; Twitter,New media-National,"On 12 January 2024, Israeli warplanes struck a group of Palestinians in Salah al-Din street south of Deir al Balah city (coded as Wadi as Salqa, Gaza Strip), killing a Palestinian.",1,,1753954979
PSE45000,1/12/2024,2024,1,Political violence,Explosions/Remote violence,Air/drone strike,Military Forces of Israel (2022-),,8,Civilians (Palestine),,7,78,Civilian targeting,275,Middle East,Palestine,Gaza Strip,Gaza City,,Gaza - Sabra,31.5086,34.4493,1,Newpress; Palestine News and Information Agency; Quds News Network; Twitter,New media-National,"On 12 January 2024, Israeli artillery struck a house near the Islamic Charity in Gaza - Sabra (Gaza City, Gaza Strip), leaving 3 fatalities. Also, warplanes carried out airstrikes in the same area.",3,,1759789988
PSE45006,1/12/2024,2024,1,Political violence,Explosions/Remote violence,Shelling/artillery/missile attack,Military Forces of Israel (2022-),,8,Civilians (Palestine),,7,78,Civilian targeting,275,Middle East,Palestine,Gaza Strip,Khan Yunis,,Al Qararah,31.3739,34.3409,1,Quds News Network; Twitter,New media-National,"On 12 January 2024, Israeli artillery shelled targets in Al Qararah (Khan Yunis, Gaza Strip), killing 2 Palestinians.",2,,1753954979
PSE44887,1/12/2024,2024,1,Political violence,Explosions/Remote violence,Shelling/artillery/missile attack,Military Forces of Israel (2022-),,8,Civilians (Palestine),,7,78,Civilian targeting,275,Middle East,Palestine,Gaza Strip,Deir El Balah,,Az Zawayda,31.4284,34.366,1,Palestine News and Information Agency; Palestinian Ministry of Health; Quds News Network; Twitter,Other-New media,"On 12 January 2024, Israeli artillery and gunboats shelled targets, including a residential tower in Az Zawayda (Deir El Balah, Gaza Strip), leaving an unspecified number of fatalities and injuries. [Palestinian Ministry of Health reported 23843 fatalities between 7 October - 12 January. 107 fatalities not attributed to specific events split across 3 events on 12 January 2024. 26 fatalities coded to this event.]",26,,1767742780
PSE44880,1/12/2024,2024,1,Political violence,Explosions/Remote violence,Shelling/artillery/missile attack,Military Forces of Israel (2022-),,8,Civilians (Palestine),Refugees/IDPs (Palestine),7,78,Civilian targeting,275,Middle East,Palestine,Gaza Strip,Deir El Balah,,Al Burayj,31.4394,34.4031,1,Palestine News and Information Agency; Palestinian Ministry of Health,Other-National,"On 12 January 2024, Israeli artillery shelled targets in Al Burayj refugee camp (Deir El Balah, Gaza Strip), leaving an unspecified number of fatalities and injuries. [Palestinian Ministry of Health reported 23843 fatalities between 7 October - 12 January. 70 fatalities not attributed to specific events split across 3 events on 12 January 2024. 26 fatalities coded to this event.]",26,,1753954979
PSE44881,1/12/2024,2024,1,Political violence,Explosions/Remote violence,Shelling/artillery/missile attack,Military Forces of Israel (2022-),,8,Civilians (Palestine),Refugees/IDPs (Palestine),7,78,Civilian targeting,275,Middle East,Palestine,Gaza Strip,Deir El Balah,,An Nusayrat,31.4486,34.3925,1,Palestine News and Information Agency; Palestinian Ministry of Health,Other-National,"On 12 January 2024, Israeli artillery shelled targets in An Nusayrat refugee camp (Deir El Balah, Gaza Strip), leaving an unspecified number of fatalities and injuries. [Palestinian Ministry of Health reported 23843 fatalities between 7 October - 12 January. 107 fatalities not attributed to specific events split across 3 events on 12 January 2024. 27 fatalities coded to this event.]",27,,1753954979
PSE44993,1/12/2024,2024,1,Political violence,Explosions/Remote violence,Air/drone strike,Military Forces of Israel (2022-),,8,Civilians (Palestine),,7,78,Civilian targeting,275,Middle East,Palestine,Gaza Strip,Rafah,,Yibna,31.2842,34.2482,2,PLO Negotiations Affairs Department; Quds News Network; Twitter,Other-New media,"On 12 January 2024, Israeli warplanes struck a house and artillery and tanks shelled targets east of Rafah (coded to Yibna, Gaza Strip). Casualties unknown.",0,,1753954979
PSE45013,1/12/2024,2024,1,Political violence,Explosions/Remote violence,Air/drone strike,Military Forces of Israel (2022-),,8,Civilians (Palestine),Refugees/IDPs (Palestine),7,78,Civilian targeting,275,Middle East,Palestine,Gaza Strip,Rafah,,Yibna,31.2842,34.2482,2,Quds News Network; Twitter,New media-National,"On 12 January 2024, Israeli warplanes struck a house near Rafah Crossing southeast of Rafah (coded to Yibna, Gaza Strip), leaving 10 fatalities and a number of injuries.",10,,1753954979
PSE45292,1/13/2024,2024,1,Political violence,Explosions/Remote violence,Air/drone strike,Military Forces of Israel (2022-),,8,Civilians (Palestine),,7,78,Civilian targeting,275,Middle East,Palestine,Gaza Strip,Gaza City,,Gaza - Ad Darraj,31.5172,34.4642,1,Arab 48; Newpress; Palestine News and Information Agency; Twitter,New media-National,"On 13 January 2024, Israeli warplanes struck a house in Gaza - Ad Darraj (Gaza City, Gaza Strip), leaving 20 Palestinian fatalities, including women and children.",20,,1759789988
PSE45295,1/13/2024,2024,1,Political violence,Explosions/Remote violence,Air/drone strike,Military Forces of Israel (2022-),,8,Civilians (Palestine),,7,78,Civilian targeting,275,Middle East,Palestine,Gaza Strip,Gaza City,,Gaza - Shujaiyya,31.4988,34.4699,1,Al-Ittihad; Arab 48; Ma'an News Agency; Newpress; Palestine News and Information Agency; Quds News Network; Twitter,New media-National,"On 13 January 2024, Israeli warplanes struck a house in al-Nafaq street of Gaza - Shujaiyya (Gaza City, Gaza Strip), leaving 4 fatalities and 20 missing persons. At least 4 fatalities.",4,,1759789988
PSE45299,1/13/2024,2024,1,Political violence,Explosions/Remote violence,Air/drone strike,Military Forces of Israel (2022-),,8,Civilians (Palestine),,7,78,Civilian targeting,275,Middle East,Palestine,Gaza Strip,Khan Yunis,,Khan Yunis,31.3502,34.3081,1,Al-Ittihad; Ma'an News Agency; Palestine News and Information Agency,National-Regional,"On 13 January 2024, Israeli warplanes and artillery struck targets and houses in Khan Yunis city (Khan Yunis, Gaza Strip), leaving 20 fatalities.",20,,1753954979
PSE45304,1/13/2024,2024,1,Political violence,Explosions/Remote violence,Air/drone strike,Military Forces of Israel (2022-),,8,Civilians (Palestine),Labor Group (Palestine),7,78,Civilian targeting,275,Middle East,Palestine,Gaza Strip,Khan Yunis,,Khan Yunis - City Centre,31.3419,34.3015,1,Arab 48; Newpress; Palestine News and Information Agency; Quds News Network; Twitter,New media-National,"On 13 January 2024, Israeli artillery struck targets in Khan Yunis - City Centre (Khan Yunis, Gaza Strip), leaving a number of injuries. Also, warplanes struck a car belongs to the Paltel telecommunication company, killing 2 workers.",2,,1753954979
PSE45307,1/13/2024,2024,1,Political violence,Explosions/Remote violence,Air/drone strike,Military Forces of Israel (2022-),,8,Civilians (Palestine),,7,78,Civilian targeting,275,Middle East,Palestine,Gaza Strip,Khan Yunis,,Khan Yunis - Maen,31.336,34.3172,1,Al-Ittihad; Ma'an News Agency; Newpress; Palestine News and Information Agency; Twitter,New media-National,"On 13 January 2024, Israeli warplanes struck houses in Khan Yunis - Maen (Khan Yunis, Gaza Strip). Casualties unknown.",0,,1753954979
PSE45273,1/13/2024,2024,1,Political violence,Explosions/Remote violence,Air/drone strike,Military Forces of Israel (2022-),,8,Civilians (Palestine),,7,78,Civilian targeting,275,Middle East,Palestine,Gaza Strip,Deir El Balah,,An Nusayrat - North,31.4591,34.3923,1,Arab 48; Newpress; Palestine News and Information Agency; Quds News Network; Twitter,New media-National,"On 13 January 2024, Israeli warplanes struck houses in Al Dawa area north of An Nusayrat Camp (An Nusayrat - North, Deir El Balah, Gaza Strip), leaving dozens of fatalities and a number of injuries among Palestinians. Also, the artillery shelled targets in the same area. Fatalities coded as 12.",12,,1753954979
PSE45275,1/13/2024,2024,1,Political violence,Explosions/Remote violence,Air/drone strike,Military Forces of Israel (2022-),,8,Civilians (Palestine),,7,78,Civilian targeting,275,Middle East,Palestine,Gaza Strip,Deir El Balah,,An Nusayrat - West,31.4525,34.3756,1,Newpress; Palestine News and Information Agency; Twitter,New media-National,"On 13 January 2024, Israeli warplanes struck houses in Al Sawarha area west of An Nusayrat Camp (An Nusayrat - West, Deir El Balah, Gaza Strip), leaving 3 fatalities and a number of injuries.",3,,1753954979
PSE45358,1/13/2024,2024,1,Political violence,Explosions/Remote violence,Shelling/artillery/missile attack,Military Forces of Israel (2022-),,8,Civilians (Palestine),,7,78,Civilian targeting,275,Middle East,Palestine,Gaza Strip,Deir El Balah,,Az Zawayda,31.4284,34.366,2,Palestine News and Information Agency,National,"On 13 January 2024, Israeli artillery struck targets east of Az Zawayda (Deir El Balah, Gaza Strip), leaving a number of injuries.",0,,1767742780
PSE45278,1/13/2024,2024,1,Political violence,Explosions/Remote violence,Air/drone strike,Military Forces of Israel (2022-),,8,Civilians (Palestine),,7,78,Civilian targeting,275,Middle East,Palestine,Gaza Strip,North Gaza,,Beit Lahiya,31.5541,34.5016,1,Ma'an News Agency; Newpress; Palestine News and Information Agency; Quds News Network; Twitter,New media-National,"On 13 January 2024, Israeli warplanes carried out airstrikes in Beit Lahiya (North Gaza, Gaza Strip), leaving 3 Palestinian fatalities and an unspecified number of injuries.",3,,1753954979
PSE45276,1/13/2024,2024,1,Political violence,Explosions/Remote violence,Air/drone strike,Military Forces of Israel (2022-),,8,Civilians (Palestine),,7,78,Civilian targeting,275,Middle East,Palestine,Gaza Strip,Deir El Balah,,Az Zawayda,31.4284,34.366,1,Arab 48; Palestine News and Information Agency; Palestinian Ministry of Health,Other-National,"On 13 January 2024, Israeli warplanes carried out airstrikes in Az Zawayda (Deir El Balah, Gaza Strip). Meanwhile, the artillery shelled targets in the same area. As a result, an unspecified number of Palestinians were killed. [Palestinian Ministry of Health reported 23968 fatalities between 7 October - 13 January. 48 fatalities not attributed to specific events split across 4 events on 13 January 2024. 12 fatalities coded to this event.]",12,,1767742780
PSE45264,1/13/2024,2024,1,Political violence,Explosions/Remote violence,Air/drone strike,Military Forces of Israel (2022-),,8,Civilians (Palestine),,7,78,Civilian targeting,275,Middle East,Palestine,Gaza Strip,Khan Yunis,,Abasan al Kabirah,31.3191,34.3401,1,Palestine News and Information Agency; Palestinian Ministry of Health; Quds News Network; Twitter,Other-New media,"On 13 January 2024, Israeli warplanes struck 2 passing Palestinian vehicles in Abasan al Kabirah (Khan Yunis, Gaza Strip), leaving an unspecified number of Palestinian fatalities and injuries. [Palestinian Ministry of Health reported 23968 fatalities between 7 October - 13 January. 48 fatalities not attributed to specific events split across 4 events on 13 January 2024. 12 fatalities coded to this event.]",12,,1753954979
PSE45375,1/13/2024,2024,1,Political violence,Explosions/Remote violence,Shelling/artillery/missile attack,Military Forces of Israel (2022-),,8,Civilians (Palestine),,7,78,Civilian targeting,275,Middle East,Palestine,Gaza Strip,Gaza City,,Gaza - Az Zaytun,31.4964,34.4522,1,Palestine News and Information Agency; Palestinian Ministry of Health,Other-National,"On 13 January 2024, Israeli artillery struck houses in street 10 of Gaza - Az Zaytun (Gaza City, Gaza Strip), leaving an unspecified number of Palestinian fatalities and injuries. [Palestinian Ministry of Health reported 23968 fatalities between 7 October - 13 January. 48 fatalities not attributed to specific events split across 4 events on 13 January 2024. 12 fatalities coded to this event.]",12,,1759789988
PSE45380,1/13/2024,2024,1,Political violence,Explosions/Remote violence,Shelling/artillery/missile attack,Military Forces of Israel (2022-),,8,Civilians (Palestine),,7,78,Civilian targeting,275,Middle East,Palestine,Gaza Strip,Gaza City,,Gaza - Tal el Hawa,31.5041,34.435,1,Palestine News and Information Agency; Palestinian Ministry of Health,Other-National,"On 13 January 2024, Israeli artillery struck houses in Gaza - Tal el Hawa (Gaza City, Gaza Strip), leaving an unspecified number of Palestinian fatalities and injuries. [Palestinian Ministry of Health reported 23968 fatalities between 7 October - 13 January. 48 fatalities not attributed to specific events split across 4 events on 13 January 2024. 12 fatalities coded to this event.]",12,,1759789988
PSE45313,1/13/2024,2024,1,Political violence,Explosions/Remote violence,Air/drone strike,Military Forces of Israel (2022-),,8,Civilians (Palestine),,7,78,Civilian targeting,275,Middle East,Palestine,Gaza Strip,Khan Yunis,,Qizan an Najjar,31.323,34.2761,1,Palestine News and Information Agency; Quds News Network; Twitter,New media-National,"On 13 January 2024, Israeli warplanes carried out heavy airstrikes in Qizan an Najjar (Khan Yunis, Gaza Strip). Also, 2 Palestinians were killed in an airstrike that targeted their car in the same area.",2,,1753954979
PSE45386,1/13/2024,2024,1,Political violence,Explosions/Remote violence,Shelling/artillery/missile attack,Military Forces of Israel (2022-),,8,Civilians (Palestine),,7,78,Civilian targeting,275,Middle East,Palestine,Gaza Strip,Khan Yunis,,Khan Yunis - Jourat Al-Loot,31.3314,34.3004,2,Palestine News and Information Agency,National,"On 13 January 2024, Israeli artillery struck targets south of Khan Yunis city, Khan Yunis - Jourat Al-Loot (Khan Yunis, Gaza Strip), leaving a number of injuries.",0,,1753954979
PSE45341,1/14/2024,2024,1,Political violence,Explosions/Remote violence,Air/drone strike,Military Forces of Israel (2022-),,8,Civilians (Palestine),Labor Group (Palestine),7,78,Civilian targeting,275,Middle East,Palestine,Gaza Strip,Khan Yunis,,Abasan al Kabirah,31.3191,34.3401,1,Palestine News and Information Agency; Quds News Network; Twitter,New media-National,"On 14 January 2024, Israeli warplanes struck and killed 2 Palestinian workers while fixing water pipes in Abasan al Kabirah (Khan Yunis, Gaza Strip).",2,,1753954979
PSE45362,1/14/2024,2024,1,Political violence,Explosions/Remote violence,Air/drone strike,Military Forces of Israel (2022-),,8,Civilians (Palestine),,7,78,Civilian targeting,275,Middle East,Palestine,Gaza Strip,Gaza City,,Gaza - Ad Darraj,31.5172,34.4642,1,Palestine News and Information Agency,National,"On 14 January 2024, Israeli warplanes struck houses in Gaza - Ad Darraj (Gaza City, Gaza Strip), leaving 50 Palestinian fatalities.",50,,1759789988
PSE45342,1/14/2024,2024,1,Political violence,Explosions/Remote violence,Air/drone strike,Military Forces of Israel (2022-),,8,Civilians (Palestine),Refugees/IDPs (Palestine),7,78,Civilian targeting,275,Middle East,Palestine,Gaza Strip,Deir El Balah,,Al Burayj,31.4394,34.4031,1,Palestine News and Information Agency,National,"On 14 January 2024, Israeli warplanes struck houses in Al Burayj Camp (Deir El Balah, Gaza Strip). Total 6 fatalities reported in Al Maghazi and Al Burayj refugee camp split across 2 events, and 3 fatalities coded to this location.",3,,1753954979
PSE45345,1/14/2024,2024,1,Political violence,Explosions/Remote violence,Air/drone strike,Military Forces of Israel (2022-),,8,Civilians (Palestine),Refugees/IDPs (Palestine),7,78,Civilian targeting,275,Middle East,Palestine,Gaza Strip,Deir El Balah,,Al Maghazi,31.4214,34.3865,1,Palestine News and Information Agency; Quds News Network; Twitter,New media-National,"On 14 January 2024, Israeli warplanes struck houses in Al Maghazi Camp (Deir El Balah, Gaza Strip). Total 6 fatalities reported in Al Maghazi and Al Burayj refugee camp split across 2 events, and 3 fatalities coded to this location. Also, 10 bodies were recovered from the same area. Total fatalities coded as 13.",13,,1753954979
PSE45348,1/14/2024,2024,1,Political violence,Explosions/Remote violence,Air/drone strike,Military Forces of Israel (2022-),,8,Civilians (Palestine),,7,78,Civilian targeting,275,Middle East,Palestine,Gaza Strip,Deir El Balah,,An Nusayrat - West,31.4525,34.3756,1,Palestine News and Information Agency; Quds News Network; Twitter,New media-National,"On 14 January 2024, Israeli warplanes struck houses in Al Sawarha area west of An Nusayrat Camp (An Nusayrat - West, Deir El Balah, Gaza Strip), leaving 3 of fatalities and a number of injuries. Also, at least one Palestinian was killed in an airstrike that targeted a passing car. Total fatalities coded as 4.",4,,1753954979
PSE45349,1/14/2024,2024,1,Political violence,Explosions/Remote violence,Air/drone strike,Military Forces of Israel (2022-),,8,Civilians (Palestine),Refugees/IDPs (Palestine),7,78,Civilian targeting,275,Middle East,Palestine,Gaza Strip,Deir El Balah,,An Nusayrat,31.4486,34.3925,1,Quds News Network; Twitter,New media-National,"On 14 January 2024, Israeli warplanes carried out airstrikes in An Nusayrat refugee camp (Deir El Balah, Gaza Strip), killing a Palestinian and injuring a number of others.",1,,1753954979
PSE45359,1/14/2024,2024,1,Political violence,Explosions/Remote violence,Air/drone strike,Military Forces of Israel (2022-),,8,Civilians (Palestine),,7,78,Civilian targeting,275,Middle East,Palestine,Gaza Strip,Deir El Balah,,Deir al Balah,31.4178,34.3503,1,Palestine News and Information Agency; Quds News Network; Twitter,New media-National,"On 14 January 2024, Israeli warplanes struck the Al Bassa area in Deir al Balah city (Deir El Balah, Gaza Strip), leaving a number of injuries among Palestinians.",0,,1753954979
PSE45388,1/14/2024,2024,1,Political violence,Explosions/Remote violence,Shelling/artillery/missile attack,Military Forces of Israel (2022-),,8,Civilians (Palestine),,7,78,Civilian targeting,275,Middle East,Palestine,Gaza Strip,Deir El Balah,,Az Zawayda,31.4284,34.366,1,Newpress; Palestine News and Information Agency; Quds News Network; Twitter,New media-National,"On 14 January 2024, Israeli artillery struck the Az Zawayda (Deir El Balah, Gaza Strip), killing 3 Palestinian children.",3,,1767742780
PSE45416,1/14/2024,2024,1,Political violence,Explosions/Remote violence,Shelling/artillery/missile attack,Military Forces of Israel (2022-),,8,Civilians (Palestine),,7,78,Civilian targeting,275,Middle East,Palestine,Gaza Strip,Gaza City,,Gaza - Sabra,31.5086,34.4493,1,Palestine News and Information Agency,National,"On 14 January 2024, Israeli artillery struck targets in Gaza - Sabra (Gaza City, Gaza Strip), leaving 5 Palestinian fatalities and 10 injuries.",5,,1759789988
PSE45382,1/14/2024,2024,1,Political violence,Explosions/Remote violence,Air/drone strike,Military Forces of Israel (2022-),,8,Civilians (Palestine),,7,78,Civilian targeting,275,Middle East,Palestine,Gaza Strip,Rafah,,Tal as Sultan,31.3098,34.2414,2,Palestine News and Information Agency,National,"On 14 January 2024, Israeli warplanes struck a Palestinian passing car west of Rafah city (coded to Tal as Sultan, Gaza Strip). Casualties unknown.",0,,1762829569
PSE45347,1/14/2024,2024,1,Political violence,Explosions/Remote violence,Air/drone strike,Military Forces of Israel (2022-),,8,Civilians (Palestine),Refugees/IDPs (Palestine),7,78,Civilian targeting,275,Middle East,Palestine,Gaza Strip,Khan Yunis,,Al Mawasi (Khan Yunis),31.3482,34.2547,1,Newpress; Palestinian Ministry of Health; Quds News Network; Twitter,Other-New media,"On 14 January 2024, Israeli warplanes struck a tent belonging to displaced people in Al Mawasi (Khan Yunis) - Gaza Strip, leaving an unspecified number of fatalities. [Palestinian Ministry of Health reported 24100 fatalities between 7 October - 14 January. 9 fatalities not attributed to specific events split across 2 events on 14 January 2024. 4 fatalities coded to this event.]",4,,1762829569
PSE45414,1/14/2024,2024,1,Political violence,Explosions/Remote violence,Shelling/artillery/missile attack,Military Forces of Israel (2022-),,8,Civilians (Palestine),,7,78,Civilian targeting,275,Middle East,Palestine,Gaza Strip,Gaza City,,Gaza - Ash Shaykh Ijlin,31.5098,34.4274,1,Palestine News and Information Agency,National,"On 14 January 2024, Israeli artillery and gunboats struck houses in Gaza - Ash Shaykh Ijlin (Gaza City, Gaza Strip). Casualties unknown.",0,,1753954979
PSE45351,1/14/2024,2024,1,Political violence,Explosions/Remote violence,Air/drone strike,Military Forces of Israel (2022-),,8,Civilians (Palestine),Journalists (Palestine),7,78,Civilian targeting,275,Middle East,Palestine,Gaza Strip,North Gaza,,Beit Hanoun,31.5405,34.5402,1,Newpress; Quds News Network; Twitter,New media-National,"On 14 January 2024, Israeli warplanes carried out airstrikes in Beit Hanoun (North Gaza, Gaza Strip), killing 4 Palestinians, including a journalist.",4,,1753954979
PSE45415,1/14/2024,2024,1,Political violence,Explosions/Remote violence,Shelling/artillery/missile attack,Military Forces of Israel (2022-),,8,Civilians (Palestine),,7,78,Civilian targeting,275,Middle East,Palestine,Gaza Strip,Gaza City,,Gaza - Az Zaytun,31.4964,34.4522,1,Newpress; Palestine News and Information Agency; Palestinian Ministry of Health; Twitter,Other-New media,"On 14 January 2024, Israeli artillery struck a house in Gaza - Az Zaytun (Gaza City, Gaza Strip), leaving an unspecified number of fatalities. [Palestinian Ministry of Health reported 24100 fatalities between 7 October - 14 January. 9 fatalities not attributed to specific events split across 2 events on 14 January 2024. 5 fatalities coded to this event.]",5,,1759789988
PSE45417,1/14/2024,2024,1,Political violence,Explosions/Remote violence,Shelling/artillery/missile attack,Military Forces of Israel (2022-),,8,Civilians (Palestine),,7,78,Civilian targeting,275,Middle East,Palestine,Gaza Strip,Gaza City,,Gaza - Tal el Hawa,31.5041,34.435,1,Palestine News and Information Agency,National,"On 14 January 2024, Israeli artillery and gunboats struck houses in Gaza - Tal el Hawa (Gaza City, Gaza Strip). Casualties unknown.",0,,1759789988
PSE45379,1/14/2024,2024,1,Political violence,Explosions/Remote violence,Air/drone strike,Military Forces of Israel (2022-),,8,Civilians (Palestine),,7,78,Civilian targeting,275,Middle East,Palestine,Gaza Strip,Khan Yunis,,Qizan an Najjar,31.323,34.2761,1,Quds News Network; Twitter,New media-National,"On 14 January 2024, Israeli warplanes carried out airstrikes in Qizan an Najjar (Khan Yunis, Gaza Strip), killing 2 Palestinian brothers and injuring their father.",2,,1753954979
PSE45381,1/14/2024,2024,1,Political violence,Explosions/Remote violence,Air/drone strike,Military Forces of Israel (2022-),,8,Civilians (Palestine),Refugees/IDPs (Palestine),7,78,Civilian targeting,275,Middle East,Palestine,Gaza Strip,Rafah,,Rafah,31.287,34.2595,1,Newpress; Palestine News and Information Agency; Quds News Network; Twitter,New media-National,"On 14 January 2024, Israeli warplanes struck 2 houses in Rafah city (Rafah, Gaza Strip), inflicting 23 fatalities, the majority of them being displaced people.",23,,1762829569
PSE45398,1/14/2024,2024,1,Political violence,Violence against civilians,Attack,Military Forces of Israel (2022-),,8,Civilians (Palestine),,7,78,Civilian targeting,275,Middle East,Palestine,Gaza Strip,Gaza City,,Gaza,31.5045,34.4743,2,Quds News Network; Twitter,New media-National,"On 14 January 2024, IDF troops opened fire toward Palestinians who were waiting for aid trucks in Al Rasheed Street of the Gaza area (Gaza City, Gaza Strip). Casualties unknown. This event involved violence over aid.",0,,1759789988
PSE45476,1/15/2024,2024,1,Political violence,Explosions/Remote violence,Shelling/artillery/missile attack,Military Forces of Israel (2022-),,8,Civilians (Palestine),,7,78,Civilian targeting,275,Middle East,Palestine,Gaza Strip,Khan Yunis,,Khan Yunis - West (Municipal Stadium),31.3484,34.2961,2,Newpress; Twitter,New media-National,"On 15 January 2024, Israeli artillery struck a group of Palestinians west of Khan Yunis city, Khan Yunis - West (Municipal Stadium) (Khan Yunis, Gaza Strip), leaving 8 fatalities and 15 injuries.",8,,1753954979
PSE45405,1/15/2024,2024,1,Political violence,Explosions/Remote violence,Air/drone strike,Military Forces of Israel (2022-),,8,Civilians (Palestine),Refugees/IDPs (Palestine),7,78,Civilian targeting,275,Middle East,Palestine,Gaza Strip,Deir El Balah,,Al Burayj,31.4394,34.4031,1,Arab 48; Palestine News and Information Agency; Quds News Network; Twitter,New media-National,"On 15 January 2024, Israeli carried out airstrikes and artillery shelled targets in Al Burayj refugee camp (Deir El Balah, Gaza Strip), causing 4 fatalities.",4,,1753954979
PSE45422,1/15/2024,2024,1,Political violence,Explosions/Remote violence,Air/drone strike,Military Forces of Israel (2022-),,8,Civilians (Palestine),,7,78,Civilian targeting,275,Middle East,Palestine,Gaza Strip,Gaza City,,Gaza - Sabra,31.5086,34.4493,1,Newpress; Palestine News and Information Agency; Quds News Network; Twitter,New media-National,"On 15 January 2024, Israeli warplanes struck targets in Gaza - Sabra (Gaza City, Gaza Strip), leaving at least 20 Palestinian fatalities and dozens of injuries.",20,,1759789988
PSE45468,1/15/2024,2024,1,Political violence,Explosions/Remote violence,Air/drone strike,Military Forces of Israel (2022-),,8,Civilians (Palestine),,7,78,Civilian targeting,275,Middle East,Palestine,Gaza Strip,Khan Yunis,,Khan Yunis,31.3502,34.3081,1,Palestine News and Information Agency,National,"On 15 January 2024, Israeli warplanes carried out airstrikes while artillery shelled targets in Khan Yunis city (Khan Yunis, Gaza Strip), killing 16 Palestinians including 6 children.",16,,1753954979
PSE45407,1/15/2024,2024,1,Political violence,Explosions/Remote violence,Air/drone strike,Military Forces of Israel (2022-),,8,Civilians (Palestine),,7,78,Civilian targeting,275,Middle East,Palestine,Gaza Strip,Khan Yunis,,Al Fukhari,31.2952,34.3332,1,Palestinian Ministry of Health; Quds News Network; Twitter,Other-New media,"On 15 January 2024, Israeli warplanes carried out airstrikes near the European hospital in Al Fukhari (Khan Yunis, Gaza Strip), causing an unspecified number of fatalities and injuries. [Palestinian Ministry of Health reported 24448 fatalities upto 15 January. 107 fatalities not attributed to specific events split across 4 events on 15 January 2024. 26 fatalities coded to this event.]",26,,1753954979
PSE45409,1/15/2024,2024,1,Political violence,Explosions/Remote violence,Air/drone strike,Military Forces of Israel (2022-),,8,Civilians (Palestine),,7,78,Civilian targeting,275,Middle East,Palestine,Gaza Strip,Deir El Balah,,Al Maghazi,31.4214,34.3865,2,Newpress; Palestinian Ministry of Health; Quds News Network; Twitter,Other-New media,"On 15 January 2024, Israeli warplanes opened fire east of Al Maghazi refugee camp (Deir El Balah, Gaza Strip), causing an unspecified number of fatalities and injuries. [Palestinian Ministry of Health reported 24448 fatalities upto 15 January. 107 fatalities not attributed to specific events split across 4 events on 15 January 2024. 27 fatalities coded to this event.]",27,,1753954979
PSE45408,1/15/2024,2024,1,Political violence,Explosions/Remote violence,Air/drone strike,Military Forces of Israel (2022-),,8,Civilians (Palestine),Refugees/IDPs (Palestine),7,78,Civilian targeting,275,Middle East,Palestine,Gaza Strip,Deir El Balah,,Al Maghazi,31.4214,34.3865,1,Arab 48; Palestine News and Information Agency; Palestinian Ministry of Health; Quds News Network,Other-National,"On 15 January 2024, Israeli warplanes carried out airstrikes and the artillery shelled targets in Al Maghazi refugee camp (Deir El Balah, Gaza Strip), causing an unspecified number of fatalities and injuries. [Palestinian Ministry of Health reported 24448 fatalities upto 15 January. 107 fatalities not attributed to specific events split across 4 events on 15 January 2024. 27 fatalities coded to this event.]",27,,1753954979
PSE45419,1/15/2024,2024,1,Political violence,Explosions/Remote violence,Shelling/artillery/missile attack,Military Forces of Israel (2022-),,8,Civilians (Palestine),,7,78,Civilian targeting,275,Middle East,Palestine,Gaza Strip,Gaza City,,Gaza - Az Zaytun,31.4964,34.4522,1,Palestine News and Information Agency; Quds News Network; Twitter,New media-National,"On 15 January 2024, Israeli artillery struck a house in Gaza - Az Zaytun (Gaza City, Gaza Strip), killing 12 Palestinians and injuring another 15 persons.",12,,1759789988
PSE45425,1/15/2024,2024,1,Political violence,Explosions/Remote violence,Air/drone strike,Military Forces of Israel (2022-),,8,Civilians (Palestine),,7,78,Civilian targeting,275,Middle East,Palestine,Gaza Strip,Gaza City,,Gaza - Tal el Hawa,31.5041,34.435,1,Palestine News and Information Agency; Quds News Network; Twitter,New media-National,"On 15 January 2024, Israeli warplanes struck targets in Gaza - Tal el Hawa (Gaza City, Gaza Strip), killing 2 Palestinians and injuring several of others. Meanwhile, gunboats struck the same area.",2,,1759789988
PSE45437,1/15/2024,2024,1,Political violence,Explosions/Remote violence,Air/drone strike,Military Forces of Israel (2022-),,8,Civilians (Palestine),,7,78,Civilian targeting,275,Middle East,Palestine,Gaza Strip,Khan Yunis,,Qizan an Najjar,31.323,34.2761,1,Newpress; Palestinian Ministry of Health; Quds News Network; Twitter,Other-New media,"On 15 January 2024, Israeli warplanes struck houses on the outskirts of Qizan an Najjar (Khan Yunis, Gaza Strip), causing an unspecified number of fatalities and injuries. [Palestinian Ministry of Health reported 24448 fatalities upto 15 January. 107 fatalities not attributed to specific events split across 4 events on 15 January 2024. 27 fatalities coded to this event.]",27,,1753954979
PSE45439,1/15/2024,2024,1,Political violence,Explosions/Remote violence,Shelling/artillery/missile attack,Military Forces of Israel (2022-),,8,Civilians (Palestine),,7,78,Civilian targeting,275,Middle East,Palestine,Gaza Strip,Rafah,,Khirbet al Adas,31.2855,34.2714,2,Newpress; Palestine News and Information Agency; Quds News Network; Twitter,New media-National,"On 15 January 2024, Israeli artillery struck a house in Miraj area north of Rafah city (coded to Khirbet al Adas, Gaza Strip), killing 11 Palestinians and injuring several of others, including children and women.",11,,1753954979
PSE45104,1/16/2024,2024,1,Political violence,Explosions/Remote violence,Air/drone strike,Military Forces of Israel (2022-),,8,Civilians (Palestine),,7,78,Civilian targeting,275,Middle East,Palestine,Gaza Strip,Khan Yunis,,Khan Yunis - West (Municipal Stadium),31.3484,34.2961,2,Newpress; Palestine News and Information Agency; Quds News Network; Twitter,New media-National,"On 16 January 2024, Israeli warplanes carried out airstrikes on the outskirts of Naser Hospital and west of Khan Yunis, Khan Yunis - West (Municipal Stadium) - Gaza Strip, killing 7 Palestinians.",7,,1753954979
PSE45107,1/16/2024,2024,1,Political violence,Explosions/Remote violence,Air/drone strike,Military Forces of Israel (2022-),,8,Civilians (Palestine),,7,78,Civilian targeting,275,Middle East,Palestine,Gaza Strip,Gaza City,,Gaza - Sheikh Radwan,31.5349,34.4667,2,Palestine News and Information Agency,National,"On 16 January 2024, Israeli warplanes struck a house in Al Saftawi area north of Gaza City, Gaza - Sheikh Radwan (Gaza City, Gaza Strip), killing a Palestinian and injuring a number of others.",1,,1759789988
PSE45108,1/16/2024,2024,1,Political violence,Explosions/Remote violence,Air/drone strike,Military Forces of Israel (2022-),,8,Civilians (Palestine),,7,78,Civilian targeting,275,Middle East,Palestine,Gaza Strip,Gaza City,,Gaza - Shujaiyya,31.4988,34.4699,1,Palestine News and Information Agency; Quds News Network,National,"On 16 January 2024, Israeli warplanes struck houses in Al Nafaq street in Gaza - Shujaiyya (Gaza City, Gaza Strip), killing 20 Palestinians.",20,,1759789988
PSE45109,1/16/2024,2024,1,Political violence,Explosions/Remote violence,Air/drone strike,Military Forces of Israel (2022-),,8,Civilians (Palestine),Refugees/IDPs (Palestine),7,78,Civilian targeting,275,Middle East,Palestine,Gaza Strip,Gaza City,,Gaza - Ad Darraj,31.5172,34.4642,1,Arab 48; Palestine News and Information Agency; Quds News Network,National,"On 16 January 2024, Israeli warplanes struck a school hosting displaced people in Gaza - Ad Darraj (Gaza City, Gaza Strip), killing 3 Palestinians and injuring dozens.",3,,1759789988
PSE45113,1/16/2024,2024,1,Political violence,Explosions/Remote violence,Air/drone strike,Military Forces of Israel (2022-),,8,Civilians (Palestine),,7,78,Civilian targeting,275,Middle East,Palestine,Gaza Strip,Khan Yunis,,Khan Yunis,31.3502,34.3081,1,Palestine News and Information Agency; Quds News Network,National,"On 16 January 2024, Israeli warplanes carried out airstrikes in Khan Yunis city (Khan Yunis, Gaza Strip), and the artillery struck targets in the same area. As a result, at least 13 Palestinians were killed and several others were injured.",13,,1753954979
PSE45136,1/16/2024,2024,1,Political violence,Explosions/Remote violence,Air/drone strike,Military Forces of Israel (2022-),,8,Civilians (Palestine),Fishers (Palestine),7,78,Civilian targeting,275,Middle East,Palestine,Gaza Strip,Gaza City,,Gaza Port,31.5245,34.4326,1,Quds News Network,National,"On 16 January 2024, Israeli warplanes struck a group of Palestinians and fishers in Gaza Port (Gaza City, Gaza Strip), killing 2 persons and injuring several others.",2,,1753954979
PSE45177,1/16/2024,2024,1,Political violence,Explosions/Remote violence,Shelling/artillery/missile attack,Military Forces of Israel (2022-),,8,Civilians (Palestine),,7,78,Civilian targeting,275,Middle East,Palestine,Gaza Strip,Rafah,,Coast of Rafah,31.3474,34.2226,2,Palestine News and Information Agency; PLO Negotiations Affairs Department; Quds News Network,Other-National,"On 16 January 2024, Israeli gunboats shelled several targets including chalets along the Coast of Rafah (Rafah, Gaza Strip), injuring 7 Palestinians including women and children.",0,,1753954979
PSE45105,1/16/2024,2024,1,Political violence,Explosions/Remote violence,Air/drone strike,Military Forces of Israel (2022-),,8,Civilians (Palestine),Refugees/IDPs (Palestine),7,78,Civilian targeting,275,Middle East,Palestine,Gaza Strip,Deir El Balah,,Al Maghazi,31.4214,34.3865,1,Newpress; Palestine News and Information Agency; Twitter,New media-National,"On 16 January 2024, Israeli warplanes struck targets and opened fire toward houses in Al Maghazi Camp (Deir El Balah, Gaza Strip), leaving 7 fatalities in Al Maghazi and Al Burayj refugee camp. Fatalities split across 2 events, and 4 of 7 fatalities coded to this location. Also, another 13 Palestinian bodies were recovered from under the rubble. Total fatalities coded to this location 17.",17,,1753954979
PSE45106,1/16/2024,2024,1,Political violence,Explosions/Remote violence,Air/drone strike,Military Forces of Israel (2022-),,8,Civilians (Palestine),Mujahideen Brigades; Refugees/IDPs (Palestine),7,78,Civilian targeting,275,Middle East,Palestine,Gaza Strip,Deir El Balah,,Al Burayj,31.4394,34.4031,1,Newpress; Palestine News and Information Agency; Quds News Network; Twitter,New media-National,"On 16 January 2024, Israeli warplanes struck targets and opened fire toward houses in Al Burayj Camp (Deir El Balah, Gaza Strip), leaving 7 fatalities in Al Maghazi and Al Burayj refugee camp. Fatalities split across 2 events, and 3 of 7 fatalities coded to this location. Also, a commander of Mujahideen Brigades was killed in an Israeli airstrike. Total fatalities were coded as 4.",4,,1753954979
PSE45101,1/16/2024,2024,1,Political violence,Explosions/Remote violence,Air/drone strike,Military Forces of Israel (2022-),,8,Civilians (Palestine),,7,78,Civilian targeting,275,Middle East,Palestine,Gaza Strip,Gaza City,,Gaza - Sabra,31.5086,34.4493,1,Palestine News and Information Agency,National,"On 16 January 2024, Israeli warplanes struck a house in Gaza - Sabra (Gaza City, Gaza Strip), killing 20 Palestinians and injuring a number of others.",20,,1759789988
PSE45120,1/16/2024,2024,1,Political violence,Explosions/Remote violence,Air/drone strike,Military Forces of Israel (2022-),,8,Civilians (Palestine),,7,78,Civilian targeting,275,Middle East,Palestine,Gaza Strip,Rafah,,Tal as Sultan,31.3098,34.2414,2,Palestine News and Information Agency,National,"On 16 January 2024, Israeli warplanes struck a group of people in Al Hashashin area, west of Rafah (coded to Tal as Sultan, Gaza Strip), killing 2 persons, a woman and her daughter.",2,,1762829569
PSE45102,1/16/2024,2024,1,Political violence,Explosions/Remote violence,Air/drone strike,Military Forces of Israel (2022-),,8,Civilians (Palestine),,7,78,Civilian targeting,275,Middle East,Palestine,Gaza Strip,Gaza City,,Gaza - Az Zaytun,31.4964,34.4522,1,Palestine News and Information Agency,National,"On 16 January 2024, Israeli warplanes struck a house in Gaza - Az Zaytun (Gaza City, Gaza Strip), killing 11 Palestinians and injuring a woman.",11,,1759789988
PSE45115,1/16/2024,2024,1,Political violence,Explosions/Remote violence,Air/drone strike,Military Forces of Israel (2022-),,8,Civilians (Palestine),,7,78,Civilian targeting,275,Middle East,Palestine,Gaza Strip,North Gaza,,Jabalya,31.5272,34.4835,1,Arab 48; Ma'an News Agency; Palestine News and Information Agency; Quds News Network,National,"On 16 January 2024, Israeli warplanes carried out airstrikes while artillery struck targets in Jabalya town (North Gaza, Gaza Strip), killing 4 Palestinians including a woman and a child.",4,,1759789988
PSE45103,1/16/2024,2024,1,Political violence,Explosions/Remote violence,Air/drone strike,Military Forces of Israel (2022-),,8,Civilians (Palestine),,7,78,Civilian targeting,275,Middle East,Palestine,Gaza Strip,Khan Yunis,,Khan Yunis - Jourat Al-Loot,31.3314,34.3004,2,Palestine News and Information Agency,National,"On 16 January 2024, Israeli warplanes struck a house south of Khan Yunis city, Khan Yunis - Jourat Al-Loot (Khan Yunis, Gaza Strip), killing more than 11 Palestinians and injuring a number of others.",11,,1753954979
PSE45114,1/16/2024,2024,1,Political violence,Explosions/Remote violence,Air/drone strike,Military Forces of Israel (2022-),,8,Civilians (Palestine),,7,78,Civilian targeting,275,Middle East,Palestine,Gaza Strip,Rafah,,Khirbet al Adas,31.2855,34.2714,1,Liveuamap; Palestine News and Information Agency; Palestinian Ministry of Health; Quds News Network,Local partner-New media,"On 16 January 2024, Israeli warplanes struck groups of people in Khirbet al Adas (Rafah, Gaza Strip), killing and injuring an unspecified number of Palestinians. [Palestinian Ministry of Health reported 24448 fatalities upto 16 January 2024. 14 fatalities not attributed to specific events added to 1 event on 16 January. 14 fatalities coded to this event.]",14,,1753954979
PSE45135,1/16/2024,2024,1,Political violence,Explosions/Remote violence,Air/drone strike,Military Forces of Israel (2022-),,8,Civilians (Palestine),,7,78,Civilian targeting,275,Middle East,Palestine,Gaza Strip,Rafah,,Khirbet al Adas,31.2855,34.2714,2,Quds News Network,National,"On 16 January 2024, Israeli warplanes struck north of Rafah city (coded to Khirbet al Adas, Gaza Strip), injuring a number of Palestinian women and children.",0,,1753954979
PSE45141,1/17/2024,2024,1,Political violence,Explosions/Remote violence,Air/drone strike,Military Forces of Israel (2022-),,8,Civilians (Palestine),,7,78,Civilian targeting,275,Middle East,Palestine,Gaza Strip,Gaza City,,Gaza - Ad Darraj,31.5172,34.4642,1,Newpress; Palestine News and Information Agency; Quds News Network; Twitter,New media-National,"On 17 January 2024, Israeli warplanes struck houses in Gaza - Ad Darraj (Gaza City, Gaza Strip), killing 25 Palestinians and injuring dozens.",25,,1759789988
PSE45142,1/17/2024,2024,1,Political violence,Explosions/Remote violence,Air/drone strike,Military Forces of Israel (2022-),,8,Civilians (Palestine),,7,78,Civilian targeting,275,Middle East,Palestine,Gaza Strip,Khan Yunis,,Khan Yunis - West (Municipal Stadium),31.3484,34.2961,2,Palestine News and Information Agency; Quds News Network; Twitter,New media-National,"On 17 January 2024, Israeli warplanes struck houses west of Khan Yunis, Khan Yunis - West (Municipal Stadium) - Gaza Strip, leaving 7 Palestinian fatalities.",7,,1753954979
PSE45153,1/17/2024,2024,1,Political violence,Explosions/Remote violence,Air/drone strike,Military Forces of Israel (2022-),,8,Civilians (Palestine),,7,78,Civilian targeting,275,Middle East,Palestine,Gaza Strip,Deir El Balah,,Deir al Balah,31.4178,34.3503,1,Newpress; Palestine News and Information Agency; Quds News Network; Twitter,New media-National,"On 17 January 2024, Israeli warplanes struck a group of people in Abu Husni street of Deir al Balah city (Deir El Balah, Gaza Strip), killing at least 3 Palestinians and injuring a number of others.",3,,1753954979
PSE45151,1/17/2024,2024,1,Political violence,Explosions/Remote violence,Air/drone strike,Military Forces of Israel (2022-),,8,Civilians (Palestine),Refugees/IDPs (Palestine),7,78,Civilian targeting,275,Middle East,Palestine,Gaza Strip,Deir El Balah,,Al Maghazi,31.4214,34.3865,1,Palestine News and Information Agency; Palestinian Ministry of Health,Other-National,"On 17 January 2024, Israeli warplanes struck the Al Maghazi refugee camp (Deir El Balah, Gaza Strip), causing an unspecified number of fatalities and injuries. Meanwhile, artillery struck targets in the same area. Casualties unkown. [Palestinian Ministry of Health reported 24620 fatalities upto 17 January 2024. 65 fatalities not attributed to specific events split across 3 events on 17 January. 21 fatalities coded to this event.]",21,,1753954979
PSE45152,1/17/2024,2024,1,Political violence,Explosions/Remote violence,Air/drone strike,Military Forces of Israel (2022-),,8,Civilians (Palestine),Refugees/IDPs (Palestine),7,78,Civilian targeting,275,Middle East,Palestine,Gaza Strip,Deir El Balah,,Al Burayj,31.4394,34.4031,1,Palestine News and Information Agency; Palestinian Ministry of Health; Quds News Network; Twitter,Other-New media,"On 17 January 2024, Israeli warplanes struck the Al Burayj refugee camp (Deir El Balah, Gaza Strip), causing an unknown number of fatalities and injuries. Meanwhile, artillery struck targets in the same area. Casualties unknown. [Palestinian Ministry of Health reported 24620 fatalities upto 17 January 2024. 65 fatalities not attributed to specific events split across 3 events on 17 January. 22 fatalities coded to this event.]",22,,1753954979
PSE45155,1/17/2024,2024,1,Political violence,Explosions/Remote violence,Air/drone strike,Military Forces of Israel (2022-),,8,Civilians (Palestine),Refugees/IDPs (Palestine),7,78,Civilian targeting,275,Middle East,Palestine,Gaza Strip,North Gaza,,Jabalya Camp,31.536,34.4907,1,Palestine News and Information Agency; Palestinian Ministry of Health,Other-National,"On 17 January 2024, Israeli warplanes carried out airstrikes in Mukhayyam Jabalya Camp (North Gaza, Gaza Strip), causing an unknown number of fatalities and injuries. [Palestinian Ministry of Health reported 24620 fatalities upto 17 January 2024. 65 fatalities not attributed to specific events split across 3 events on 17 January. 22 fatalities coded to this event.]",22,,1753954979
PSE45140,1/17/2024,2024,1,Political violence,Explosions/Remote violence,Air/drone strike,Military Forces of Israel (2022-),,8,Civilians (Palestine),,7,78,Civilian targeting,275,Middle East,Palestine,Gaza Strip,Rafah,,Yibna,31.2842,34.2482,2,Al-Ittihad; Al Ghad (Jordan); Palestine News and Information Agency; PLO Negotiations Affairs Department; Quds News Network; Twitter,Other-New media,"On 17 January 2024, Israeli warplanes struck a house and killed 19 Palestinians including children and women, east of Rafah (coded to Yibna, Gaza Strip). Meanwhile, artillery shelled targets in the same area. Total fatalities were 19.",19,,1753954979
PSE45143,1/17/2024,2024,1,Political violence,Explosions/Remote violence,Air/drone strike,Military Forces of Israel (2022-),,8,Civilians (Palestine),,7,78,Civilian targeting,275,Middle East,Palestine,Gaza Strip,Khan Yunis,,Khan Yunis - As-Sameen,31.3369,34.2925,1,Palestine News and Information Agency,National,"On 17 January 2024, Israeli warplanes and artillery struck targets in Khan Yunis - As-Sameen (Khan Yunis, Gaza Strip), killing 2 Palestinians.",2,,1753954979
PSE45149,1/17/2024,2024,1,Political violence,Explosions/Remote violence,Air/drone strike,Military Forces of Israel (2022-),,8,Civilians (Palestine),,7,78,Civilian targeting,275,Middle East,Palestine,Gaza Strip,Rafah,,Rafah,31.287,34.2595,1,Palestine News and Information Agency,National,"On 17 January 2024, Israeli warplanes struck a group of people in Rafah City (Rafah, Gaza Strip), killing 2 Palestinians and injuring a number of others.",2,,1762829569
PSE45150,1/17/2024,2024,1,Political violence,Explosions/Remote violence,Air/drone strike,Military Forces of Israel (2022-),,8,Civilians (Palestine),Refugees/IDPs (Palestine),7,78,Civilian targeting,275,Middle East,Palestine,Gaza Strip,Rafah,,Rafah Camp,31.2847,34.2546,1,Palestine News and Information Agency; Quds News Network; Twitter,New media-National,"On 17 January 2024, Israeli warplanes struck a house in Al Shabourah refugee camp / Mukhayyam Rafah (Rafah Camp, Gaza Strip), killing 4 persons including 2 girls and injuring a number of Palestinians.",4,,1753954979
PSE45178,1/18/2024,2024,1,Political violence,Explosions/Remote violence,Air/drone strike,Military Forces of Israel (2022-),,8,Civilians (Palestine),Journalists (Palestine),7,78,Civilian targeting,275,Middle East,Palestine,Gaza Strip,Khan Yunis,,Abasan al Kabirah,31.3191,34.3401,1,Palestine News and Information Agency; Quds News Network; Twitter,New media-National,"On 18 January 2024, Israeli warplanes struck targets in Abasan al Kabirah (Khan Yunis, Gaza Strip), killing at least 3 persons, including a journalist, and injuring a number of other Palestinians.",3,,1753954979
PSE45179,1/18/2024,2024,1,Political violence,Explosions/Remote violence,Air/drone strike,Military Forces of Israel (2022-),,8,Civilians (Palestine),Journalists (Palestine),7,78,Civilian targeting,275,Middle East,Palestine,Gaza Strip,Gaza City,,Gaza,31.5045,34.4743,1,Arutz Sheva; Joe Truzman; Palestine News and Information Agency; Quds News Network; Twitter,New media-National,"On 18 January 2024, Israeli warplanes struck targets in Gaza City (Gaza City, Gaza Strip), killing a Palestinian journalist who was the director of Al Quds TV. The IDF put out a statement claiming that the journalist killed was a PIJ commander responsible for producing documentaries and videos attacking Israel.",1,,1759789988
PSE45188,1/18/2024,2024,1,Political violence,Explosions/Remote violence,Air/drone strike,Military Forces of Israel (2022-),,8,Civilians (Palestine),,7,78,Civilian targeting,275,Middle East,Palestine,Gaza Strip,Khan Yunis,,Khan Yunis,31.3502,34.3081,1,Palestine News and Information Agency,National,"On 18 January 2024, Israeli warplanes carried out airstrikes in Khan Yunis city (Gaza Strip), killing 4 persons.",4,,1753954979
PSE45211,1/18/2024,2024,1,Political violence,Explosions/Remote violence,Air/drone strike,Military Forces of Israel (2022-),,8,Civilians (Palestine),,7,78,Civilian targeting,275,Middle East,Palestine,Gaza Strip,Gaza City,,Gaza - Sheikh Radwan,31.5349,34.4667,1,Quds News Network; Twitter,New media-National,"On 18 January 2024, Israeli warplanes struck a house in Gaza - Sheikh Radwan (Gaza City, Gaza Strip), killing 3 persons.",3,,1759789988
PSE45187,1/18/2024,2024,1,Political violence,Explosions/Remote violence,Air/drone strike,Military Forces of Israel (2022-),,8,Civilians (Palestine),,7,78,Civilian targeting,275,Middle East,Palestine,Gaza Strip,Gaza City,,Gaza - Southern Remal,31.5168,34.4355,2,Palestine News and Information Agency; Quds News Network; Twitter,New media-National,"On 18 January 2024, Israeli warplanes struck a residential building west of Gaza City, Gaza - Southern Remal (Gaza City, Gaza Strip), killing at least 2 persons and injuring a number of others.",2,,1759789988
PSE45181,1/18/2024,2024,1,Political violence,Explosions/Remote violence,Air/drone strike,Military Forces of Israel (2022-),,8,Civilians (Palestine),Refugees/IDPs (Palestine),7,78,Civilian targeting,275,Middle East,Palestine,Gaza Strip,Deir El Balah,,An Nusayrat,31.4486,34.3925,1,Palestine News and Information Agency; Palestinian Ministry of Health,Other-National,"On 18 January 2024, Israeli warplanes carried out airstrikes in An Nusayrat refugee camp (Deir El Balah, Gaza Strip), causing fatalities and injuries. [Palestinian Ministry of Health reported 24762 fatalities upto 18 January 2024. 28 fatalities not attributed to specific events split across 4 events on 18 January. 28 fatalities coded to this event.]",28,,1753954979
PSE45183,1/18/2024,2024,1,Political violence,Explosions/Remote violence,Air/drone strike,Military Forces of Israel (2022-),,8,Civilians (Palestine),Refugees/IDPs (Palestine),7,78,Civilian targeting,275,Middle East,Palestine,Gaza Strip,Deir El Balah,,Al Maghazi,31.4214,34.3865,1,Palestine News and Information Agency; Palestinian Ministry of Health; Quds News Network; Twitter,Other-New media,"On 18 January 2024, Israeli warplanes carried out airstrikes in Al Maghazi refugee camp (Deir El Balah, Gaza Strip), causing fatalities and injuries. [Palestinian Ministry of Health reported 24762 fatalities upto 18 January 2024. 28 fatalities not attributed to specific events split across 4 events on 18 January. 28 fatalities coded to this event.]",28,,1753954979
PSE45184,1/18/2024,2024,1,Political violence,Explosions/Remote violence,Air/drone strike,Military Forces of Israel (2022-),,8,Civilians (Palestine),Refugees/IDPs (Palestine),7,78,Civilian targeting,275,Middle East,Palestine,Gaza Strip,Deir El Balah,,Al Burayj,31.4394,34.4031,1,Palestine News and Information Agency; Palestinian Ministry of Health; Quds News Network; Twitter,Other-New media,"On 18 January 2024, Israeli warplanes carried out airstrikes in Al Burayj refugee camp (Deir El Balah, Gaza Strip), causing fatalities and injuries. [Palestinian Ministry of Health reported 24762 fatalities upto 18 January 2024. 28 fatalities not attributed to specific events split across 4 events on 18 January. 28 fatalities coded to this event.]",28,,1753954979
PSE45212,1/18/2024,2024,1,Political violence,Explosions/Remote violence,Air/drone strike,Military Forces of Israel (2022-),,8,Civilians (Palestine),Refugees/IDPs (Palestine),7,78,Civilian targeting,275,Middle East,Palestine,Gaza Strip,North Gaza,,Jabalya Camp,31.536,34.4907,1,Palestinian Ministry of Health; Quds News Network; Twitter,Other-New media,"On 18 January 2024, Israeli warplanes and artillery struck targets in Mukhayyam Jabalya Camp (North Gaza, Gaza Strip), causing fatalities and injuries. [Palestinian Ministry of Health reported 24762 fatalities upto 18 January 2024. 28 fatalities not attributed to specific events split across 4 events on 18 January. 28 fatalities coded to this event.]",28,,1753954979
PSE45282,1/18/2024,2024,1,Political violence,Explosions/Remote violence,Shelling/artillery/missile attack,Military Forces of Israel (2022-),,8,Civilians (Palestine),,7,78,Civilian targeting,275,Middle East,Palestine,Gaza Strip,North Gaza,,Jabalya - Tel-Zaatar,31.5367,34.5035,1,Arab 48; Quds News Network; Twitter,New media-National,"On 18 January 2024, Israeli artillery struck targets in Jabalya - Tel-Zaatar (North Gaza, Gaza Strip), injuring a number of Palestinians.",0,,1759789988
PSE45185,1/18/2024,2024,1,Political violence,Explosions/Remote violence,Air/drone strike,Military Forces of Israel (2022-),,8,Civilians (Palestine),,7,78,Civilian targeting,275,Middle East,Palestine,Gaza Strip,Rafah,,Rafah,31.287,34.2595,1,Palestine News and Information Agency,National,"On 18 January 2024, Israeli warplanes carried out airstrikes in Rafah City (Rafah, Gaza Strip), killing a Palestinian woman.",1,,1762829569
PSE45223,1/19/2024,2024,1,Political violence,Explosions/Remote violence,Air/drone strike,Military Forces of Israel (2022-),,8,Civilians (Palestine),,7,78,Civilian targeting,275,Middle East,Palestine,Gaza Strip,Khan Yunis,,Khan Yunis - West (Municipal Stadium),31.3484,34.2961,2,Palestine News and Information Agency; Quds News Network; Twitter,New media-National,"On 19 January 2024, Israeli warplanes struck a house west of Khan Yunis, Khan Yunis - West (Municipal Stadium) - Gaza Strip, leaving 8 Palestinian fatalities. Also, 29 Palestinian bodies were recovered from under the rubble west of Khan Yunis. Total fatalities coded as 37.",37,,1753954979
PSE45224,1/19/2024,2024,1,Political violence,Explosions/Remote violence,Air/drone strike,Military Forces of Israel (2022-),,8,Civilians (Palestine),Refugees/IDPs (Palestine),7,78,Civilian targeting,275,Middle East,Palestine,Gaza Strip,Khan Yunis,,Khan Yunis - Al Amal,31.3544,34.3007,1,Palestine News and Information Agency; Quds News Network; Twitter,New media-National,"On 19 January 2024, Israeli warplanes struck targets and opened fire near the Al Amal Hospital, Khan Yunis - Al Amal (Khan Yunis, Gaza Strip) killing 2 persons and injuring a number of displaced people. Meanwhile artillery shelled targets in the same area.",2,,1753954979
PSE45226,1/19/2024,2024,1,Political violence,Explosions/Remote violence,Air/drone strike,Military Forces of Israel (2022-),,8,Civilians (Palestine),,7,78,Civilian targeting,275,Middle East,Palestine,Gaza Strip,Gaza City,,Gaza - Northern Remal,31.524,34.4505,1,Palestine News and Information Agency; Quds News Network; Twitter,New media-National,"On 19 January 2024, Israeli warplanes struck an apartment near Al Shifa hospital in Gaza - Northern Remal (Gaza City, Gaza Strip), killing 15 Palestinians and injuring a number of others.",15,,1759789988
PSE45228,1/19/2024,2024,1,Political violence,Explosions/Remote violence,Air/drone strike,Military Forces of Israel (2022-),,8,Civilians (Palestine),,7,78,Civilian targeting,275,Middle East,Palestine,Gaza Strip,Gaza City,,Gaza - Ad Darraj,31.5172,34.4642,1,Palestine News and Information Agency,National,"On 19 January 2024, Israeli warplanes struck houses in Gaza - Ad Darraj (Gaza City, Gaza Strip). Casualties unknown.",0,,1759789988
PSE45229,1/19/2024,2024,1,Political violence,Explosions/Remote violence,Air/drone strike,Military Forces of Israel (2022-),,8,Civilians (Palestine),,7,78,Civilian targeting,275,Middle East,Palestine,Gaza Strip,Gaza City,,Gaza - At Tuffah,31.5134,34.4751,1,Palestine News and Information Agency,National,"On 19 January 2024, Israeli warplanes struck houses in Gaza - At Tuffah (Gaza City, Gaza Strip). Casualties unknown.",0,,1759789988
PSE45244,1/19/2024,2024,1,Political violence,Explosions/Remote violence,Air/drone strike,Military Forces of Israel (2022-),,8,Civilians (Palestine),,7,78,Civilian targeting,275,Middle East,Palestine,Gaza Strip,Khan Yunis,,Abasan al Kabirah,31.3191,34.3401,1,Ma'an News Agency; Quds News Network; Twitter,New media-National,"On 19 January 2024, Israeli warplanes struck a house in Abasan al Kabirah (Khan Yunis, Gaza Strip), killing 2 brothers.",2,,1753954979
PSE45241,1/19/2024,2024,1,Political violence,Explosions/Remote violence,Air/drone strike,Military Forces of Israel (2022-),,8,Civilians (Palestine),Refugees/IDPs (Palestine),7,78,Civilian targeting,275,Middle East,Palestine,Gaza Strip,Deir El Balah,,An Nusayrat,31.4486,34.3925,1,Newpress; Palestine News and Information Agency; Quds News Network; Twitter,New media-National,"On 19 January 2024, Israeli warplanes struck a house in An Nusayrat refugee camp (Deir El Balah, Gaza Strip), killing 5 Palestinians. Meanwhile, Israeli artillery and tanks shelled targets in the camp. Confirmed fatalities were 5.",5,,1753954979
PSE45350,1/19/2024,2024,1,Political violence,Explosions/Remote violence,Shelling/artillery/missile attack,Military Forces of Israel (2022-),,8,Civilians (Palestine),Refugees/IDPs (Palestine),7,78,Civilian targeting,275,Middle East,Palestine,Gaza Strip,Deir El Balah,,Al Maghazi,31.4214,34.3865,2,Palestine News and Information Agency; Quds News Network; Twitter,New media-National,"On 19 January 2024, Israeli artillery struck targets east of Al Maghazi Camp (Deir El Balah, Gaza Strip), killing 7 Palestinians.",7,,1753954979
PSE45227,1/19/2024,2024,1,Political violence,Explosions/Remote violence,Air/drone strike,Military Forces of Israel (2022-),,8,Civilians (Palestine),Muslim Group (Palestine),7,78,Civilian targeting,275,Middle East,Palestine,Gaza Strip,Gaza City,,Gaza - Sabra,31.5086,34.4493,1,Palestine News and Information Agency; Quds News Network; Twitter,New media-National,"On 19 January 2024, Israeli warplanes struck a house and Al Nour Mosque in Gaza - Sabra (Gaza City, Gaza Strip), killing at least one person and injuring a number of others.",1,,1759789988
PSE45232,1/19/2024,2024,1,Political violence,Explosions/Remote violence,Air/drone strike,Military Forces of Israel (2022-),,8,Civilians (Palestine),Refugees/IDPs (Palestine),7,78,Civilian targeting,275,Middle East,Palestine,Gaza Strip,Gaza City,,Gaza - Ash Shati' Camp,31.5349,34.4466,1,Palestine News and Information Agency,National,"On 19 January 2024, Israeli warplanes struck a house in Gaza - Ash Shati' Camp (Gaza City, Gaza Strip). Meanwhile, gunboats struck the same area. Casualties unknown.",0,,1759789988
PSE45231,1/19/2024,2024,1,Political violence,Explosions/Remote violence,Air/drone strike,Military Forces of Israel (2022-),,8,Civilians (Palestine),,7,78,Civilian targeting,275,Middle East,Palestine,Gaza Strip,Gaza City,,Gaza - Ash Shaykh Ijlin,31.5098,34.4274,1,Palestine News and Information Agency; Palestinian Ministry of Health,Other-National,"On 19 January 2024, Israeli warplanes struck targets in Gaza - Ash Shaykh Ijlin (Gaza City, Gaza Strip), leaving a number of fatalities and injuries among Palestinians. [Palestinian Ministry of Health reported 24927 fatalities upto 19 January 2024. 86 fatalities not attributed to specific events split across 2 events on 19 January. 43 fatalities coded to this event.]",43,,1753954979
PSE45233,1/19/2024,2024,1,Political violence,Explosions/Remote violence,Air/drone strike,Military Forces of Israel (2022-),,8,Civilians (Palestine),,7,78,Civilian targeting,275,Middle East,Palestine,Gaza Strip,North Gaza,,Beit Hanoun,31.5405,34.5402,1,Palestine News and Information Agency,National,"On 19 January 2024, Israeli warplanes struck a group of people in Beit Hanoun (North Gaza, Gaza Strip), killing 5 Palestinians.",5,,1753954979
PSE45230,1/19/2024,2024,1,Political violence,Explosions/Remote violence,Air/drone strike,Military Forces of Israel (2022-),,8,Civilians (Palestine),,7,78,Civilian targeting,275,Middle East,Palestine,Gaza Strip,Gaza City,,Gaza - Tal el Hawa,31.5041,34.435,1,Palestine News and Information Agency; Palestinian Ministry of Health,Other-National,"On 19 January 2024, Israeli warplanes struck targets in Gaza - Tal el Hawa (Gaza City, Gaza Strip), leaving a number of fatalities and injuries among Palestinians. [Palestinian Ministry of Health reported 24927 fatalities upto 19 January 2024. 86 fatalities not attributed to specific events split across 2 events on 19 January. 43 fatalities coded to this event.]",43,,1759789988
PSE45234,1/19/2024,2024,1,Political violence,Explosions/Remote violence,Air/drone strike,Military Forces of Israel (2022-),,8,Civilians (Palestine),,7,78,Civilian targeting,275,Middle East,Palestine,Gaza Strip,North Gaza,,Jabalya,31.5272,34.4835,1,Palestine News and Information Agency; Quds News Network; Twitter,New media-National,"On 19 January 2024, Israeli warplanes and artillery struck several targets and a house in Jabalya town (North Gaza, Gaza Strip). Casualties unknown.",0,,1759789988
PSE45245,1/19/2024,2024,1,Political violence,Explosions/Remote violence,Air/drone strike,Military Forces of Israel (2022-),,8,Civilians (Palestine),,7,78,Civilian targeting,275,Middle East,Palestine,Gaza Strip,Khan Yunis,,Qizan an Najjar,31.323,34.2761,1,Ma'an News Agency; Quds News Network; Twitter,New media-National,"On 19 January 2024, Israeli warplanes struck targets in Qizan an Najjar (Khan Yunis, Gaza Strip), killing 3 Palestinians, 2 of them from the Lahham family.",3,,1753954979
PSE45250,1/19/2024,2024,1,Political violence,Explosions/Remote violence,Air/drone strike,Military Forces of Israel (2022-),,8,Civilians (Palestine),,7,78,Civilian targeting,275,Middle East,Palestine,Gaza Strip,Khan Yunis,,Khan Yunis - As-Sameen,31.3369,34.2925,1,Newpress; Twitter,New media-National,"On 19 January 2024, Israeli warplanes struck targets in Khan Yunis - As-Sameen (Khan Yunis, Gaza Strip), killing 2 Palestinians.",2,,1753954979
PSE45778,1/20/2024,2024,1,Political violence,Explosions/Remote violence,Air/drone strike,Military Forces of Israel (2022-),,8,Civilians (Palestine),,7,78,Civilian targeting,275,Middle East,Palestine,Gaza Strip,Khan Yunis,,Abasan al Kabirah,31.3191,34.3401,1,Palestine News and Information Agency; Quds News Network,National,"On 20 January 2024, Israeli warplanes and artillery struck targets in Abasan al Kabirah (Khan Yunis, Gaza Strip), killing 3 Palestinians.",3,,1753955113
PSE45884,1/20/2024,2024,1,Political violence,Explosions/Remote violence,Air/drone strike,Military Forces of Israel (2022-),,8,Civilians (Palestine),,7,78,Civilian targeting,275,Middle East,Palestine,Gaza Strip,Khan Yunis,,Khan Yunis - Al Amal,31.3544,34.3007,1,Palestine News and Information Agency,National,"On 20 January 2024, Israeli warplanes and artillery struck targets in the vicinity of Al Amal Hospital in Khan Yunis - Al Amal (Khan Yunis, Gaza Strip). Casualties unknown.",0,,1753955113
PSE45978,1/20/2024,2024,1,Political violence,Explosions/Remote violence,Air/drone strike,Military Forces of Israel (2022-),,8,Civilians (Palestine),,7,78,Civilian targeting,275,Middle East,Palestine,Gaza Strip,Khan Yunis,,Khan Yunis,31.3502,34.3081,1,Ma'an News Agency; Newpress; Palestine News and Information Agency; Quds News Network; Twitter,New media-National,"On 20 January 2024, an Israeli UAV struck and killed a Palestinian in Khan Yunis city (Khan Yunis, Gaza Strip). Also, 11 Palestinians were killed and other people were injured in airstrikes and artillery shelling in Khan Yunis city. Total fatalities were 12.",12,,1753955113
PSE45880,1/20/2024,2024,1,Political violence,Explosions/Remote violence,Air/drone strike,Military Forces of Israel (2022-),,8,Civilians (Palestine),Refugees/IDPs (Palestine),7,78,Civilian targeting,275,Middle East,Palestine,Gaza Strip,Deir El Balah,,Al Burayj,31.4394,34.4031,1,Newpress; Palestine News and Information Agency; Twitter,New media-National,"On 20 January 2024, Israeli warplanes and artillery struck targets in Al Burayj refugee camp (Deir El Balah, Gaza Strip), killing 20 Palestinians in Al Burayj, Al Maghazi, and Al Musaddar. Fatalities split across 3 events, 7 were coded to this location. Also, a Palestinian was killed by an airstrike while attempting to recover a body from under the rubble. Total fatalities coded as 8.",8,,1753955113
PSE45881,1/20/2024,2024,1,Political violence,Explosions/Remote violence,Air/drone strike,Military Forces of Israel (2022-),,8,Civilians (Palestine),Refugees/IDPs (Palestine),7,78,Civilian targeting,275,Middle East,Palestine,Gaza Strip,Deir El Balah,,Al Maghazi,31.4214,34.3865,1,Palestine News and Information Agency,National,"On 20 January 2024, Israeli warplanes and artillery struck targets in Al Maghazi refugee camp (Deir El Balah, Gaza Strip), killing 20 Palestinians in Al Burayj, Al Maghazi, and Al Musaddar. Fatalities split across 3 events, 7 were coded to this location.",7,,1753955113
PSE45882,1/20/2024,2024,1,Political violence,Explosions/Remote violence,Air/drone strike,Military Forces of Israel (2022-),,8,Civilians (Palestine),,7,78,Civilian targeting,275,Middle East,Palestine,Gaza Strip,Deir El Balah,,Al Musaddar,31.4105,34.378,1,Palestine News and Information Agency,National,"On 20 January 2024, Israeli warplanes and artillery struck targets in Al Musaddar (Deir El Balah, Gaza Strip), killing 20 Palestinians in Al Burayj, Al Maghazi, and Al Musaddar. Fatalities split across 3 events, 6 were coded to this location.",6,,1765850627
PSE45780,1/20/2024,2024,1,Political violence,Explosions/Remote violence,Air/drone strike,Military Forces of Israel (2022-),,8,Civilians (Palestine),,7,78,Civilian targeting,275,Middle East,Palestine,Gaza Strip,North Gaza,,Beit Lahiya - Al Salateen,31.5558,34.4814,1,Newpress; Palestine News and Information Agency; Twitter,New media-National,"On 20 January 2024, Israeli warplanes struck a target in Beit Lahiya - Al Salateen (North Gaza, Gaza Strip), killing 3 Palestinians.",3,,1753955113
PSE45673,1/20/2024,2024,1,Political violence,Explosions/Remote violence,Air/drone strike,Military Forces of Israel (2022-),,8,Civilians (Palestine),,7,78,Civilian targeting,275,Middle East,Palestine,Gaza Strip,Gaza City,,Gaza - Southern Remal,31.5168,34.4355,1,Ma'an News Agency,National,"On 20 January 2024, Israeli warplanes struck a house near the Roundabout of Haydar in Gaza - Southern Remal (Gaza City, Gaza Strip), killing a woman and injuring other 5 persons.",1,,1759789988
PSE45875,1/20/2024,2024,1,Political violence,Explosions/Remote violence,Air/drone strike,Military Forces of Israel (2022-),,8,Civilians (Palestine),Refugees/IDPs (Palestine),7,78,Civilian targeting,275,Middle East,Palestine,Gaza Strip,Deir El Balah,,An Nusayrat,31.4486,34.3925,1,Palestine News and Information Agency; Palestinian Ministry of Health,Other-National,"On 20 January 2024, Israeli warplanes struck targets in An Nusayrat refugee camp (Deir El Balah, Gaza Strip), leaving an unspecified number of Palestinian fatalities, injuries, and missing people. Also, 4 Palestinians were killed in an airstrike that targeted an apartment. [Palestinian Ministry of Health reported 25105 fatalities upto 20 January 2024. 106 fatalities not attributed to specific events split across 2 events on 20 January. 53 fatalities coded to this event.] Total fatalities were 57 (4 known + 53 presumed).",57,,1753955113
PSE45722,1/20/2024,2024,1,Political violence,Explosions/Remote violence,Shelling/artillery/missile attack,Military Forces of Israel (2022-),,8,Civilians (Palestine),,7,78,Civilian targeting,275,Middle East,Palestine,Gaza Strip,Gaza City,,Gaza - Az Zaytun,31.4964,34.4522,1,Ma'an News Agency; Palestine News and Information Agency; Quds News Network,National,"On 20 January 2024, Israeli artillery struck targets in Gaza - Az Zaytun (Gaza City, Gaza Strip), killing 2 Palestinians.",2,,1759789988
PSE45965,1/20/2024,2024,1,Political violence,Explosions/Remote violence,Air/drone strike,Military Forces of Israel (2022-),,8,Civilians (Palestine),,7,78,Civilian targeting,275,Middle East,Palestine,Gaza Strip,North Gaza,,Jabalya,31.5272,34.4835,1,Ma'an News Agency; Palestine News and Information Agency; Quds News Network,National,"On 20 January 2024, Israeli warplanes struck a house in Jabalya town (North Gaza, Gaza Strip), leaving 10 fatalities and 21 injuries.",10,,1759789988
PSE45879,1/20/2024,2024,1,Political violence,Explosions/Remote violence,Air/drone strike,Military Forces of Israel (2022-),,8,Civilians (Palestine),,7,78,Civilian targeting,275,Middle East,Palestine,Gaza Strip,Khan Yunis,,Khan Yunis - As-Sameen,31.3369,34.2925,1,Newpress; Palestine News and Information Agency; Twitter,New media-National,"On 20 January 2024, Israeli warplanes and artillery struck targets in Khan Yunis - As-Sameen (Khan Yunis, Gaza Strip). Casualties unknown. [Palestinian Ministry of Health reported 25105 fatalities up to 20 January 2024. 106 fatalities not attributed to specific events split across 2 events on 20 January. 53 fatalities coded to this event.]",53,,1753955113
PSE45907,1/20/2024,2024,1,Political violence,Explosions/Remote violence,Air/drone strike,Military Forces of Israel (2022-),,8,Civilians (Palestine),,7,78,Civilian targeting,275,Middle East,Palestine,Gaza Strip,Rafah,,Khirbet al Adas,31.2855,34.2714,2,Arab 48; Ma'an News Agency; Palestine News and Information Agency; Quds News Network,National,"On 20 January 2024, an Israeli UAV struck a passing civilian car near the junction of Khirbet al Adas (Rafah, Gaza Strip), killing 4 Palestinians.",4,,1753955113
PSE45674,1/21/2024,2024,1,Political violence,Explosions/Remote violence,Air/drone strike,Military Forces of Israel (2022-),,8,Civilians (Palestine),Journalists (Palestine),7,78,Civilian targeting,275,Middle East,Palestine,Gaza Strip,Khan Yunis,,Abasan al Kabirah,31.3191,34.3401,1,Palestine News and Information Agency; Quds News Network; Twitter,New media-National,"On 21 January 2024, Israeli warplanes struck a house in Abasan al Kabirah (Khan Yunis, Gaza Strip), killing a Palestinian journalist.",1,,1753955113
PSE45724,1/21/2024,2024,1,Political violence,Violence against civilians,Attack,Military Forces of Israel (2022-),,8,Civilians (Palestine),,7,78,Civilian targeting,275,Middle East,Palestine,Gaza Strip,Khan Yunis,,Khan Yunis - City Centre,31.3419,34.3015,1,Quds News Network; Twitter,New media-National,"On 21 January 2024, Israeli snipers killed 2 Palestinians in Khan Yunis - City Centre (Khan Yunis, Gaza Strip).",2,,1753955113
PSE45788,1/21/2024,2024,1,Political violence,Explosions/Remote violence,Air/drone strike,Military Forces of Israel (2022-),,8,Civilians (Palestine),,7,78,Civilian targeting,275,Middle East,Palestine,Gaza Strip,Gaza City,,Gaza - Ad Darraj,31.5172,34.4642,1,Palestine News and Information Agency; Quds News Network; Twitter,New media-National,"On 21 January 2024, Israeli warplanes struck a passing car at Al Yarmouk Market in Gaza - Ad Darraj (Gaza City, Gaza Strip), killing 3 Palestinians.",3,,1759789988
PSE45795,1/21/2024,2024,1,Political violence,Explosions/Remote violence,Air/drone strike,Military Forces of Israel (2022-),,8,Civilians (Palestine),,7,78,Civilian targeting,275,Middle East,Palestine,Gaza Strip,Khan Yunis,,Al Mawasi (Khan Yunis),31.3482,34.2547,1,Palestine News and Information Agency; Quds News Network; Twitter,New media-National,"On 21 January 2024, Israeli warplanes struck a house in Al Mawasi (Khan Yunis) - Gaza Strip, injuring a number of Palestinians and killing 3 people.",3,,1762829569
PSE45924,1/21/2024,2024,1,Political violence,Explosions/Remote violence,Air/drone strike,Military Forces of Israel (2022-),,8,Civilians (Palestine),,7,78,Civilian targeting,275,Middle East,Palestine,Gaza Strip,Khan Yunis,,Khan Yunis - West (Municipal Stadium),31.3484,34.2961,1,Newpress; Palestine News and Information Agency; Quds News Network; Twitter,New media-National,"On 21 January 2024, Israeli artillery struck targets in the vicinity of Naser Hospital, west of Khan Yunis, Khan Yunis - West (Municipal Stadium) - Gaza Strip. Also, warplanes struck a mosque in al-Namsawi area and a residential building west of the city. Casualties unknown.",0,,1753955113
PSE45937,1/21/2024,2024,1,Political violence,Explosions/Remote violence,Air/drone strike,Military Forces of Israel (2022-),,8,Civilians (Palestine),,7,78,Civilian targeting,275,Middle East,Palestine,Gaza Strip,Khan Yunis,,Khan Yunis,31.3502,34.3081,1,Palestine News and Information Agency,National,"On 21 January 2024, Israeli warplanes struck houses in Khan Yunis city (Khan Yunis, Gaza Strip). Casualties unknown.",0,,1753955113
PSE45676,1/21/2024,2024,1,Political violence,Explosions/Remote violence,Air/drone strike,Military Forces of Israel (2022-),,8,Civilians (Palestine),Refugees/IDPs (Palestine),7,78,Civilian targeting,275,Middle East,Palestine,Gaza Strip,Deir El Balah,,Al Burayj,31.4394,34.4031,1,Quds News Network; Twitter,New media-National,"On 21 January 2024, Israeli warplanes carried out airstrikes in Al Burayj refugee camp (Deir El Balah, Gaza Strip), killing a Palestinian.",1,,1753955113
PSE45938,1/21/2024,2024,1,Political violence,Explosions/Remote violence,Air/drone strike,Military Forces of Israel (2022-),,8,Civilians (Palestine),,7,78,Civilian targeting,275,Middle East,Palestine,Gaza Strip,Deir El Balah,,Deir al Balah,31.4178,34.3503,1,Palestine News and Information Agency; Quds News Network; Twitter,New media-National,"On 21 January 2024, Israeli warplanes struck targets including houses in Al Heker area of Deir al Balah city (Deir El Balah, Gaza Strip), killing 2 Palestinians. Also, 4 Palestinians were killed in an airstrike that targeted a house in Al Sawarha area in in the city. Total fatalities were 6.",6,,1753955113
PSE45789,1/21/2024,2024,1,Political violence,Explosions/Remote violence,Shelling/artillery/missile attack,Military Forces of Israel (2022-),,8,Civilians (Palestine),,7,78,Civilian targeting,275,Middle East,Palestine,Gaza Strip,Gaza City,,Gaza - Southern Remal,31.5168,34.4355,1,Arab 48; Palestine News and Information Agency; Quds News Network; Twitter,New media-National,"On 21 January 2024, Israeli artillery struck an apartment in Gaza - Southern Remal (Gaza City, Gaza Strip), killing 3 Palestinians.",3,,1759789988
PSE45926,1/21/2024,2024,1,Political violence,Explosions/Remote violence,Air/drone strike,Military Forces of Israel (2022-),,8,Civilians (Palestine),Refugees/IDPs (Palestine),7,78,Civilian targeting,275,Middle East,Palestine,Gaza Strip,Gaza City,,Gaza - Ash Shati' Camp,31.5349,34.4466,1,Palestine News and Information Agency; Quds News Network; Twitter,New media-National,"On 21 January 2024, Israeli warplanes struck a house in Gaza - Ash Shati' Camp (Gaza City, Gaza Strip). Casualties unknown.",0,,1759789988
PSE45797,1/21/2024,2024,1,Political violence,Explosions/Remote violence,Air/drone strike,Military Forces of Israel (2022-),,8,Civilians (Palestine),Refugees/IDPs (Palestine),7,78,Civilian targeting,275,Middle East,Palestine,Gaza Strip,North Gaza,,Jabalya Camp,31.536,34.4907,1,Palestine News and Information Agency; Quds News Network; Twitter,New media-National,"On 21 January 2024, Israeli warplanes carried out airstrikes in Mukhayyam Jabalya Camp (North Gaza, Gaza Strip), causing fire to a house and a factory. Also, warplanes fired phosphorus bombs in the same area. Meanwhile, the artillery shelled targets in the same area. Casualties unknown.",0,,1753955113
PSE45923,1/21/2024,2024,1,Political violence,Explosions/Remote violence,Air/drone strike,Military Forces of Israel (2022-),,8,Civilians (Palestine),,7,78,Civilian targeting,275,Middle East,Palestine,Gaza Strip,Khan Yunis,,Khan Yunis - Al Amal,31.3544,34.3007,1,Palestine News and Information Agency; Palestinian Ministry of Health; Quds News Network; Twitter,Other-New media,"On 21 January 2024, Israeli warplanes struck targets in the vicinity of Al Amal Hospital and in Khan Yunis - Al Amal (Khan Yunis, Gaza Strip), leaving an unspecified number of fatalities and dozens of injuries among Palestinians. Also, 7 persons were injured in an airstrike that targeted a house. [Palestinian Ministry of Health reported 25295 fatalities upto 21 January 2024. 140 fatalities not attributed to specific events split across 4 events on 21 January. 34 fatalities coded to this event.]",34,,1753955113
PSE45964,1/21/2024,2024,1,Political violence,Explosions/Remote violence,Air/drone strike,Military Forces of Israel (2022-),,8,Civilians (Palestine),,7,78,Civilian targeting,275,Middle East,Palestine,Gaza Strip,Deir El Balah,,An Nusayrat - West,31.4525,34.3756,1,Palestinian Ministry of Health; Quds News Network; Twitter,Other-New media,"On 21 January 2024, Israeli warplanes struck a house west of An Nusayrat (An Nusayrat - West, Deir El Balah, Gaza Strip), leaving an unspecified number of fatalities and injuries. [Palestinian Ministry of Health reported 25295 fatalities upto 21 January 2024. 140 fatalities not attributed to specific events split across 4 events on 21 January. 34 fatalities coded to this event.]",35,,1753955113
PSE45927,1/21/2024,2024,1,Political violence,Explosions/Remote violence,Shelling/artillery/missile attack,Military Forces of Israel (2022-),,8,Civilians (Palestine),,7,78,Civilian targeting,275,Middle East,Palestine,Gaza Strip,North Gaza,,Jabalya,31.5272,34.4835,2,Palestine News and Information Agency; PLO Negotiations Affairs Department,Other-National,"On 21 January 2024, Israeli artillery and tanks shelled targets east of North Gaza and east of Jabalya town (Jabalya, Gaza Strip), killing 5 Palestinians and injuring dozens.",5,,1759789988
PSE45928,1/21/2024,2024,1,Political violence,Explosions/Remote violence,Air/drone strike,Military Forces of Israel (2022-),,8,Civilians (Palestine),,7,78,Civilian targeting,275,Middle East,Palestine,Gaza Strip,Gaza City,,Gaza - Az Zaytun,31.4964,34.4522,1,Palestine News and Information Agency; Palestinian Ministry of Health; Quds News Network; Twitter,Other-New media,"On 21 January 2024, Israeli warplanes struck a house in Gaza - Az Zaytun (Gaza City, Gaza Strip), leaving an unspecified number of fatalities. [Palestinian Ministry of Health reported 25295 fatalities upto 21 January 2024. 140 fatalities not attributed to specific events split across 4 events on 21 January. 34 fatalities coded to this event.]",34,,1759789988
PSE45929,1/21/2024,2024,1,Political violence,Violence against civilians,Attack,Military Forces of Israel (2022-),,8,Civilians (Palestine),,7,78,Civilian targeting,275,Middle East,Palestine,Gaza Strip,Gaza City,,Gaza - Tal el Hawa,31.5041,34.435,1,Palestine News and Information Agency; Palestinian Ministry of Health; Quds News Network; Twitter,Other-New media,"On 21 January 2024, Israeli snipers killed a number of Palestinians and injured others in Al Katiba area of Gaza - Tal el Hawa (Gaza City, Gaza Strip). [Palestinian Ministry of Health reported 25295 fatalities upto 21 January 2024. 140 fatalities not attributed to specific events split across 4 events on 21 January. 34 fatalities coded to this event.]",34,,1759789988
PSE45727,1/22/2024,2024,1,Political violence,Violence against civilians,Attack,Military Forces of Israel (2022-),,8,Civilians (Palestine),,7,78,Civilian targeting,275,Middle East,Palestine,Gaza Strip,Khan Yunis,,Khan Yunis,31.3502,34.3081,1,Palestine News and Information Agency,National,"On 22 January 2024, a Palestinian man and his daughter were killed when an Israeli tank rammed over their mobile room in Khan Yunis city (Gaza Strip).",2,,1753955113
PSE45933,1/22/2024,2024,1,Political violence,Explosions/Remote violence,Air/drone strike,Military Forces of Israel (2022-),,8,Civilians (Palestine),,7,78,Civilian targeting,275,Middle East,Palestine,Gaza Strip,Khan Yunis,,Khan Yunis,31.3502,34.3081,1,Palestine News and Information Agency,National,"On 22 January 2024, Israeli warplanes struck targets in Khan Yunis city (Gaza Strip), killing 5 Palestinians.",5,,1753955113
PSE46003,1/22/2024,2024,1,Political violence,Explosions/Remote violence,Shelling/artillery/missile attack,Military Forces of Israel (2022-),,8,Civilians (Palestine),Refugees/IDPs (Palestine),7,78,Civilian targeting,275,Middle East,Palestine,Gaza Strip,Khan Yunis,,Al Mawasi (Khan Yunis),31.3482,34.2547,1,Newpress; Palestine News and Information Agency; Palestinian Ministry of Health; Quds News Network; Twitter,Other-New media,"On 22 January 2024, Israeli artillery struck several targets including a school hosting displaced people in Al Mawasi (Khan Yunis) - Gaza Strip, killing 40 Palestinians and injuring dozens. Also, the artillery and tanks struck targets in the vicinity of Al Aqsa University and Al Khair Hospital in Al Mawasi leaving unspecified fatalities. [Palestinian Ministry of Health reported 25490 fatalities upto 22 January 2024. 111 fatalities not attributed to specific events split across 4 events on 22 January. 27 fatalities coded to this event.] Total fatalities coded as 67 (40 known + 27 presumed).",67,,1762829569
PSE45979,1/22/2024,2024,1,Political violence,Explosions/Remote violence,Air/drone strike,Military Forces of Israel (2022-),,8,Civilians (Palestine),Refugees/IDPs (Palestine),7,78,Civilian targeting,275,Middle East,Palestine,Gaza Strip,Khan Yunis,,Khan Yunis - West (Municipal Stadium),31.3484,34.2961,2,Arab 48; Newpress; Palestine News and Information Agency; Palestinian Ministry of Health; Quds News Network; Twitter,Other-New media,"On 22 January 2024, Israeli warplanes struck a house and other targets in the vicinity of Naser Hospital, west of Khan Yunis, Khan Yunis - West (Municipal Stadium) - Gaza Strip, causing a number of fatalities and injuries. And 12 Palestinians were killed, including a woman and 3 children. Also, warplanes struck a house in Khan Yunis Camp, west of the city. [Palestinian Ministry of Health reported 25490 fatalities upto 22 January 2024. 111 fatalities not attributed to specific events split across 4 events on 22 January. 28 fatalities coded to this event.] Total fatalities coded as 40 (12 known + 28 presumed).",40,,1753955113
PSE45747,1/22/2024,2024,1,Political violence,Explosions/Remote violence,Air/drone strike,Military Forces of Israel (2022-),,8,Civilians (Palestine),,7,78,Civilian targeting,275,Middle East,Palestine,Gaza Strip,North Gaza,,Beit Lahiya,31.5541,34.5016,1,Newpress; Palestinian Ministry of Health; Quds News Network; Twitter,Other-New media,"On 22 January 2024, Israeli warplanes struck a house in Beit Lahiya (North Gaza, Gaza Strip), killing and injuring a number of Palestinians, including 2 confirmed deaths. [Palestinian Ministry of Health reported 25490 fatalities upto 22 January 2024. 111 fatalities not attributed to specific events split across 4 events on 22 January. 28 fatalities coded to this event.] Total fatalities coded as 30 (2 known + 28 presumed).",30,,1753955113
PSE45743,1/22/2024,2024,1,Political violence,Explosions/Remote violence,Shelling/artillery/missile attack,Military Forces of Israel (2022-),,8,Civilians (Palestine),,7,78,Civilian targeting,275,Middle East,Palestine,Gaza Strip,Gaza City,,Gaza - Az Zaytun,31.4964,34.4522,1,Palestine News and Information Agency; Palestinian Ministry of Health; Quds News Network; Twitter,Other-New media,"On 22 January 2024, Israeli artillery struck a group of people in Gaza - Az Zaytun (Gaza City, Gaza Strip), killing and injuring a number of Palestinians, including 2 confirmed deaths. [Palestinian Ministry of Health reported 25490 fatalities upto 22 January 2024. 111 fatalities not attributed to specific events split across 4 events on 22 January. 28 fatalities coded to this event.] Total fatalities coded as 30 (2 known + 28 presumed).",30,,1759789988
PSE45887,1/22/2024,2024,1,Political violence,Explosions/Remote violence,Air/drone strike,Military Forces of Israel (2022-),,8,Civilians (Palestine),Journalists (Palestine),7,78,Civilian targeting,275,Middle East,Palestine,Gaza Strip,North Gaza,,Jabalya - Tel-Zaatar,31.5367,34.5035,1,Newpress; Palestine News and Information Agency; Quds News Network; Twitter,New media-National,"On 22 January 2024, Israeli warplanes struck a group of people in Jabalya - Tel-Zaatar (North Gaza, Gaza Strip), killing at least one Palestinian and injuring another 3, including a journalist.",1,,1759789988
PSE45625,1/23/2024,2024,1,Political violence,Explosions/Remote violence,Air/drone strike,Military Forces of Israel (2022-),,8,Civilians (Palestine),,7,78,Civilian targeting,275,Middle East,Palestine,Gaza Strip,Khan Yunis,,Khan Yunis - Al Amal,31.3544,34.3007,1,Newpress; Palestine News and Information Agency; Quds News Network; Twitter,New media-National,"On 23 January 2024, Israeli warplanes and UAVs opened fire near the entrance of Al Amal Hospital in Khan Yunis - Al Amal (Khan Yunis, Gaza Strip), killing a Palestinian. Meanwhile, artillery and tanks struck targets in the same area. Casualties unknown. Total fatalities coded as 1.",1,,1753955113
PSE45630,1/23/2024,2024,1,Political violence,Violence against civilians,Attack,Military Forces of Israel (2022-),,8,Civilians (Palestine),,7,78,Civilian targeting,275,Middle East,Palestine,Gaza Strip,Khan Yunis,,Khan Yunis - Al Amal,31.3544,34.3007,2,Palestine News and Information Agency; Quds News Network; Twitter,New media-National,"On 23 January 2024, Israeli military forces shot and killed a Palestinian in the area of the UNRWA vocational college northwest of Khan Yunis - Al Amal (Khan Yunis, Gaza Strip).",1,,1753955113
PSE45666,1/23/2024,2024,1,Political violence,Explosions/Remote violence,Air/drone strike,Military Forces of Israel (2022-),,8,Civilians (Palestine),Refugees/IDPs (Palestine),7,78,Civilian targeting,275,Middle East,Palestine,Gaza Strip,Khan Yunis,,Al Mawasi (Khan Yunis),31.3482,34.2547,1,Newpress; Palestine News and Information Agency; Quds News Network; Twitter,New media-National,"On 23 January 2024, Israeli warplanes struck tents belonging to displaced Palestinians in Al Mawasi (Khan Yunis) - Gaza Strip, leaving at least 7 fatalities and dozens of injuries, including women and children.",7,,1762829569
PSE45883,1/23/2024,2024,1,Political violence,Explosions/Remote violence,Shelling/artillery/missile attack,Military Forces of Israel (2022-),,8,Civilians (Palestine),Refugees/IDPs (Palestine),7,78,Civilian targeting,275,Middle East,Palestine,Gaza Strip,Khan Yunis,,Al Mawasi (Khan Yunis),31.3482,34.2547,2,Palestine News and Information Agency,National,"On 23 January 2024, Israeli artillery struck areas hosting displaced people on the coastal road west of Al Mawasi (Khan Yunis) - Gaza Strip, killing 4 Palestinians, including a girl.",4,,1762829569
PSE45691,1/23/2024,2024,1,Political violence,Explosions/Remote violence,Shelling/artillery/missile attack,Military Forces of Israel (2022-),,8,Civilians (Palestine),,7,78,Civilian targeting,275,Middle East,Palestine,Gaza Strip,Deir El Balah,,Az Zawayda,31.4284,34.366,1,Quds News Network; Twitter,New media-National,"On 23 January 2024, Israeli artillery struck a group of Palestinians, likely civilians, in Az Zawayda (Deir El Balah, Gaza Strip). Casualties unknown.",0,,1767742780
PSE45748,1/23/2024,2024,1,Political violence,Explosions/Remote violence,Air/drone strike,Military Forces of Israel (2022-),,8,Civilians (Palestine),,7,78,Civilian targeting,275,Middle East,Palestine,Gaza Strip,Deir El Balah,,An Nusayrat - West,31.4525,34.3756,1,Arab 48; Newpress; Palestine News and Information Agency; Quds News Network; Twitter,New media-National,"On 23 January 2024, Israeli warplanes struck a house in Al Hasayneh and Al Sawarha area west of An Nusayrat (An Nusayrat - West, Deir El Balah, Gaza Strip), killing 3 persons and injuring a number of Palestinians, including women and children.",3,,1753955113
PSE45983,1/23/2024,2024,1,Political violence,Explosions/Remote violence,Air/drone strike,Military Forces of Israel (2022-),,8,Civilians (Palestine),,7,78,Civilian targeting,275,Middle East,Palestine,Gaza Strip,Gaza City,,Gaza - Southern Remal,31.5168,34.4355,2,Palestine News and Information Agency,National,"On 23 January 2024, Israeli warplanes and artillery struck houses and targets west of Gaza City (coded to Gaza - Southern Remal) (Gaza City, Gaza Strip), killing 20 Palestinians.",20,,1759789988
PSE45679,1/23/2024,2024,1,Political violence,Explosions/Remote violence,Air/drone strike,Military Forces of Israel (2022-),,8,Civilians (Palestine),,7,78,Civilian targeting,275,Middle East,Palestine,Gaza Strip,Rafah,,Tal as Sultan,31.3098,34.2414,2,Palestine News and Information Agency; Quds News Network; Twitter,New media-National,"On 23 January 2024, Israeli warplanes struck a passing car west of Rafah City (coded to Tal as Sultan, Gaza Strip), injuring a number of Palestinians.",0,,1762829569
PSE46000,1/23/2024,2024,1,Political violence,Explosions/Remote violence,Air/drone strike,Military Forces of Israel (2022-),,8,Civilians (Palestine),Aid Workers (Palestine); Palestinian Red Crescent Society; Refugees/IDPs (Palestine),7,78,Civilian targeting,275,Middle East,Palestine,Gaza Strip,Khan Yunis,,Khan Yunis - West (Municipal Stadium),31.3484,34.2961,2,Arab 48; Palestine News and Information Agency; Quds News Network,National,"On 23 January 2024, Israeli warplanes struck the PRCS office west of Khan Yunis (coded to Khan Yunis - West (Municipal Stadium), Gaza Strip), injuring a number of Palestinians, including displaced people. Also, the artillery shelled targets in the vicinity of Naser Hospital and Al Aqsa University west of the city. Meanwhile, warplanes struck targets in Khan Yunis refugee camp west of the city, killing 8 Palestinians. Confirmed fatalities were 8.",8,,1753955113
PSE45665,1/23/2024,2024,1,Political violence,Explosions/Remote violence,Air/drone strike,Military Forces of Israel (2022-),,8,Civilians (Palestine),,7,78,Civilian targeting,275,Middle East,Palestine,Gaza Strip,Khan Yunis,,Khan Yunis Port,31.3691,34.2734,2,Palestine News and Information Agency; Palestinian Ministry of Health; PLO Negotiations Affairs Department; Quds News Network; Twitter,Other-New media,"On 23 January 2024, Israeli warplanes struck Palestinians on the coast of Khan Yunis, coded to Khan Yunis Port (Khan Yunis, Gaza Strip), killing an unspecified number of Palestinians and injuring dozens. Also, Israeli gunboats shelled targets along the coast of Khan Yunis. Casualties unknown. [Palestinian Ministry of Health reported 25700 fatalities upto 23 January 2024. 55 fatalities not attributed to specific events split across 2 events on 22 January. 27 fatalities coded to this event.]",27,,1753955113
PSE45667,1/23/2024,2024,1,Political violence,Explosions/Remote violence,Air/drone strike,Military Forces of Israel (2022-),,8,Civilians (Palestine),Refugees/IDPs (Palestine),7,78,Civilian targeting,275,Middle East,Palestine,Gaza Strip,Khan Yunis,,Al Mawasi (Khan Yunis),31.3482,34.2547,2,Palestine News and Information Agency; Palestinian Ministry of Health,Other-National,"On 23 January 2024, Israeli warplanes struck a passing vehicle carrying displaced Palestinians on the coastal road between Khan Yunis and Deir El Balah, northwest of Al Mawasi (Khan Yunis) - Gaza Strip, leaving an unspecified number of fatalities and injuries. [Palestinian Ministry of Health reported 25700 fatalities upto 23 January 2024. 55 fatalities not attributed to specific events split across 2 events on 22 January. 28 fatalities coded to this event.]",28,,1762829569
PSE67131,1/23/2024,2024,1,Political violence,Violence against civilians,Attack,Hamas Movement,,3,Civilians (Palestine),,7,37,Civilian targeting,275,Middle East,Palestine,Gaza Strip,Deir El Balah,,Deir al Balah,31.4178,34.3503,1,The Independent Commission For Human Rights,National,"On 23 January 2024, armed men affiliated with the the Al-Qassam Brigades (Hamas) opened fire on several civilians at the Abu Samra junction in Deir al Balah City (Deir El Balah Gaza Strip), resulting in the injury of four people.",0,,1738629554
PSE45943,1/23/2024,2024,1,Political violence,Explosions/Remote violence,Air/drone strike,Military Forces of Israel (2022-),,8,Civilians (Palestine),,7,78,Civilian targeting,275,Middle East,Palestine,Gaza Strip,North Gaza,,Jabalya,31.5272,34.4835,1,Arab 48; Liveuamap; Palestine News and Information Agency; Quds News Network; Twitter,Local partner-New media,"On 23 January 2024, Israeli warplanes struck a house in Jabalya town (North Gaza, Gaza Strip), killing 7 Palestinians, including women and injuring others.",7,,1759789988
PSE45878,1/23/2024,2024,1,Political violence,Explosions/Remote violence,Shelling/artillery/missile attack,Military Forces of Israel (2022-),,8,Civilians (Palestine),,7,78,Civilian targeting,275,Middle East,Palestine,Gaza Strip,Rafah,,Rafah,31.287,34.2595,1,Palestine News and Information Agency,National,"On 23 January 2024, an Israeli tank shelled a passing car in Rafah city (Rafah, Gaza Strip), killing 4 Palestinians.",4,,1762829569
PSE45710,1/24/2024,2024,1,Political violence,Explosions/Remote violence,Air/drone strike,Military Forces of Israel (2022-),,8,Civilians (Palestine),Refugees/IDPs (Palestine); UNRWA: United Nations Relief and Works Agency,7,78,Civilian targeting,275,Middle East,Palestine,Gaza Strip,Khan Yunis,,Khan Yunis - Al Amal,31.3544,34.3007,2,Ma'an News Agency; Newpress; Palestine News and Information Agency; Quds News Network; Times of Israel; Twitter,New media-National,"On 24 January 2024, Israeli warplanes and tanks struck the UNRWA vocational college northwest of Khan Yunis - Al Amal (Khan Yunis, Gaza Strip), killing at least 14 displaced people, including women and children, and injuring dozens of Palestinians. The IDF denied responsibility for the attack saying that there is a possibility that Hamas shells caused this incident.",14,,1753955113
PSE45723,1/24/2024,2024,1,Political violence,Explosions/Remote violence,Air/drone strike,Military Forces of Israel (2022-),,8,Civilians (Palestine),,7,78,Civilian targeting,275,Middle East,Palestine,Gaza Strip,Rafah,,Yasser Arafat International Airport,31.2431,34.2759,1,Quds News Network; Twitter,New media-National,"On 24 January 2024, Israeli warplanes struck targets in the Yasser Arafat International Airport (Rafah, Gaza Strip), injuring a number of Palestinians.",0,,1753955113
PSE45885,1/24/2024,2024,1,Political violence,Explosions/Remote violence,Air/drone strike,Military Forces of Israel (2022-),,8,Civilians (Palestine),Refugees/IDPs (Palestine),7,78,Civilian targeting,275,Middle East,Palestine,Gaza Strip,Deir El Balah,,Al Maghazi,31.4214,34.3865,1,Palestine News and Information Agency; Quds News Network; Twitter,New media-National,"On 24 January 2024, Israeli warplanes and artillery struck targets in Al Maghazi refugee camp (Deir El Balah, Gaza Strip), killing 4 Palestinians.",4,,1753955113
PSE45889,1/24/2024,2024,1,Political violence,Explosions/Remote violence,Air/drone strike,Military Forces of Israel (2022-),,8,Civilians (Palestine),Refugees/IDPs (Palestine),7,78,Civilian targeting,275,Middle East,Palestine,Gaza Strip,Deir El Balah,,An Nusayrat,31.4486,34.3925,1,Liveuamap; Newpress; Palestine News and Information Agency; Quds News Network; Twitter,Local partner-New media,"On 24 January 2024, Israeli warplanes struck targets in An Nusayrat refugee camp (Deir El Balah, Gaza Strip). Also, warplanes targeted a house and a residential area, killing 4 children.",4,,1753955113
PSE45713,1/24/2024,2024,1,Political violence,Explosions/Remote violence,Shelling/artillery/missile attack,Military Forces of Israel (2022-),,8,Civilians (Palestine),Refugees/IDPs (Palestine),7,78,Civilian targeting,275,Middle East,Palestine,Gaza Strip,Gaza City,,Gaza - Ash Shati' Camp,31.5349,34.4466,1,Ma'an News Agency,National,"On 24 January 2024, Israeli artillery struck targets in Gaza - Ash Shati' Camp (Gaza City, Gaza Strip), killing 12 Palestinians in Gaza - Ash Shati' Camp, Gaza - Tal el Hawa, and Gaza - Az Zaytun. Fatalities split across 3 events, 4 were coded to this location.",4,,1759789988
PSE45995,1/24/2024,2024,1,Political violence,Explosions/Remote violence,Shelling/artillery/missile attack,Military Forces of Israel (2022-),,8,Civilians (Palestine),Aid Workers (Palestine); Palestinian Red Crescent Society; Refugees/IDPs (Palestine),7,78,Civilian targeting,275,Middle East,Palestine,Gaza Strip,Khan Yunis,,Khan Yunis - West (Municipal Stadium),31.3484,34.2961,2,Israeli Defense Forces; Ma'an News Agency; Newpress; Palestine News and Information Agency; Quds News Network; Twitter,Other-New media,"On 24 January 2024, Israeli artillery and tanks struck the PRCS building west of Khan Yunis (coded to Khan Yunis - West (Municipal Stadium), Gaza Strip), killing 3 displaced people and injuring another 2. Also, the artillery shelled targets in the vicinity of Naser Hospital west of the city. Casualties unknown. Total fatalities were at least 3.",3,,1753955113
PSE45706,1/24/2024,2024,1,Political violence,Explosions/Remote violence,Air/drone strike,Military Forces of Israel (2022-),,8,Civilians (Palestine),,7,78,Civilian targeting,275,Middle East,Palestine,Gaza Strip,Deir El Balah,,Al Burayj,31.4394,34.4031,1,Palestine News and Information Agency; Palestinian Ministry of Health,Other-National,"On 24 January 2024, Israeli warplanes and artillery struck targets in Al Burayj refugee camp (Deir El Balah, Gaza Strip) leading to fatalities. [Palestinian Ministry of Health reported 25900 fatalities upto 24 January 2024. 121 fatalities not attributed to specific events split across 2 events on 24 January. 60 fatalities coded to this event.]",60,,1753955113
PSE45729,1/24/2024,2024,1,Political violence,Explosions/Remote violence,Air/drone strike,Military Forces of Israel (2022-),,8,Civilians (Palestine),,7,78,Civilian targeting,275,Middle East,Palestine,Gaza Strip,Gaza City,,Gaza,31.5045,34.4743,1,Palestinian Ministry of Health; Quds News Network; Twitter,Other-New media,"On 24 January 2024, Israeli warplanes struck targets in Gaza City (Gaza City, Gaza Strip) leading to fatalities. [Palestinian Ministry of Health reported 25900 fatalities upto 24 January 2024. 121 fatalities not attributed to specific events split across 2 events on 24 January. 61 fatalities coded to this event.]",61,,1759789988
PSE45678,1/24/2024,2024,1,Political violence,Explosions/Remote violence,Air/drone strike,Military Forces of Israel (2022-),,8,Civilians (Palestine),,7,78,Civilian targeting,275,Middle East,Palestine,Gaza Strip,Gaza City,,Al Zahra,31.4716,34.4013,2,Quds News Network; Twitter,New media-National,"On 24 January 2024, Israeli warplanes struck a house in Al Zahra (Gaza City, Gaza Strip), killing 2 Palestinians.",2,,1753955113
PSE45697,1/24/2024,2024,1,Political violence,Explosions/Remote violence,Shelling/artillery/missile attack,Military Forces of Israel (2022-),,8,Civilians (Palestine),,7,78,Civilian targeting,275,Middle East,Palestine,Gaza Strip,Rafah,,Yibna,31.2842,34.2482,2,Ma'an News Agency; PLO Negotiations Affairs Department; Quds News Network; Twitter,Other-New media,"On 24 January 2024, Israeli artillery and tanks shelled targets including a house east of Rafah (coded to Yibna, Gaza Strip), injuring a number of Palestinians.",0,,1753955113
PSE45714,1/24/2024,2024,1,Political violence,Explosions/Remote violence,Shelling/artillery/missile attack,Military Forces of Israel (2022-),,8,Civilians (Palestine),,7,78,Civilian targeting,275,Middle East,Palestine,Gaza Strip,Gaza City,,Gaza - Tal el Hawa,31.5041,34.435,1,Ma'an News Agency; Newpress; Quds News Network; Twitter,New media-National,"On 24 January 2024, Israeli artillery struck targets in Gaza - Tal el Hawa (Gaza City, Gaza Strip), killing 12 Palestinians in Gaza - Mukhayyam ash Shati, Gaza - Tal el Hawa, and Gaza - Az Zaytun. Fatalities split across 3 events, 4 were coded to this location.",4,,1759789988
PSE45715,1/24/2024,2024,1,Political violence,Explosions/Remote violence,Shelling/artillery/missile attack,Military Forces of Israel (2022-),,8,Civilians (Palestine),,7,78,Civilian targeting,275,Middle East,Palestine,Gaza Strip,Gaza City,,Gaza - Az Zaytun,31.4964,34.4522,1,Ma'an News Agency,National,"On 24 January 2024, Israeli artillery struck targets in Gaza - Az Zaytun (Gaza City, Gaza Strip), killing 12 Palestinians in Gaza - Mukhayyam ash Shati, Gaza - Tal el Hawa, and Gaza - Az Zaytun. Fatalities split across 3 events, 4 were coded to this location.",4,,1759789988
PSE45982,1/24/2024,2024,1,Political violence,Explosions/Remote violence,Air/drone strike,Military Forces of Israel (2022-),,8,Civilians (Palestine),,7,78,Civilian targeting,275,Middle East,Palestine,Gaza Strip,North Gaza,,Jabalya,31.5272,34.4835,1,Liveuamap; Newpress; Palestine News and Information Agency; Quds News Network; Twitter,Local partner-New media,"On 24 January 2024, Israeli warplanes struck a house in Jabalya town (North Gaza, Gaza Strip), killing 14 Palestinians and injuring more than 20 other persons.",14,,1759789988
PSE45925,1/24/2024,2024,1,Political violence,Explosions/Remote violence,Air/drone strike,Military Forces of Israel (2022-),,8,Civilians (Palestine),Muslim Group (Palestine),7,78,Civilian targeting,275,Middle East,Palestine,Gaza Strip,Rafah,,Rafah,31.287,34.2595,1,Arab 48; Liveuamap; Newpress; Palestine News and Information Agency; Quds News Network; Twitter,Local partner-New media,"On 24 January 2024, Israeli warplanes struck the Omar Ibn Abdel-Aziz Mosque in al-Tannour of Rafah City (Rafah, Gaza Strip), killing 5 Palestinians.",5,,1762829569
PSE45750,1/25/2024,2024,1,Political violence,Explosions/Remote violence,Air/drone strike,Military Forces of Israel (2022-),,8,Civilians (Palestine),,7,78,Civilian targeting,275,Middle East,Palestine,Gaza Strip,Khan Yunis,,Khan Yunis - As Sater,31.3637,34.3228,1,Palestine News and Information Agency; Quds News Network; Twitter,New media-National,"On 25 January 2024, Israeli warplanes struck targets in Khan Yunis - As Sater (Khan Yunis, Gaza Strip), killing 3 Palestinians, including 2 children.",3,,1753955113
PSE45890,1/25/2024,2024,1,Political violence,Explosions/Remote violence,Air/drone strike,Military Forces of Israel (2022-),,8,Civilians (Palestine),Refugees/IDPs (Palestine),7,78,Civilian targeting,275,Middle East,Palestine,Gaza Strip,Khan Yunis,,Khan Yunis - Emirati,31.3624,34.2949,1,Ma'an News Agency; Palestine News and Information Agency,National,"On 25 January 2024, Israeli warplanes struck a school hosting displaced people in Khan Yunis - Emirati (Khan Yunis, Gaza Strip), killing 4 Palestinians and injuring another 20 persons.",4,,1753955113
PSE45705,1/25/2024,2024,1,Political violence,Explosions/Remote violence,Shelling/artillery/missile attack,Military Forces of Israel (2022-),,8,Civilians (Palestine),Refugees/IDPs (Palestine),7,78,Civilian targeting,275,Middle East,Palestine,Gaza Strip,Deir El Balah,,Al Burayj,31.4394,34.4031,1,Liveuamap; Ma'an News Agency; Palestine News and Information Agency,Local partner-New media,"On 25 January 2024, Israeli tanks and artillery shelled a residential area in the Al Burayj refugee camp (Deir El Balah, Gaza Strip), killing 2 Palestinians and injuring a number of others.",2,,1753955113
PSE45760,1/25/2024,2024,1,Political violence,Explosions/Remote violence,Shelling/artillery/missile attack,Military Forces of Israel (2022-),,8,Civilians (Palestine),,7,78,Civilian targeting,275,Middle East,Palestine,Gaza Strip,Deir El Balah,,Az Zawayda,31.4284,34.366,1,Liveuamap; Palestine News and Information Agency,Local partner-New media,"On 25 January 2024, Israeli artillery struck a house in Az Zawayda (Deir El Balah, Gaza Strip), killing 3 Palestinians, including a girl.",3,,1767742780
PSE45977,1/25/2024,2024,1,Political violence,Explosions/Remote violence,Air/drone strike,Military Forces of Israel (2022-),,8,Civilians (Palestine),Journalists (Palestine),7,78,Civilian targeting,275,Middle East,Palestine,Gaza Strip,Deir El Balah,,An Nusayrat - West,31.4525,34.3756,1,Ma'an News Agency; Newpress; Palestine News and Information Agency; Quds News Network; Twitter,New media-National,"On 25 January 2024, Israeli warplanes struck houses in Al Hasayna and west of An Nusayrat (An Nusayrat - West, Deir El Balah, Gaza Strip), killing 11 Palestinians, including a journalist, and injuring a number of others.",11,,1753955113
PSE45981,1/25/2024,2024,1,Political violence,Explosions/Remote violence,Air/drone strike,Military Forces of Israel (2022-),,8,Civilians (Palestine),Refugees/IDPs (Palestine),7,78,Civilian targeting,275,Middle East,Palestine,Gaza Strip,Deir El Balah,,Al Maghazi,31.4214,34.3865,1,Quds News Network; Twitter,New media-National,"On 25 January 2024, Israeli warplanes struck a house in Al Maghazi refugee camp (Deir El Balah, Gaza Strip), killing 13 Palestinians.",13,,1753955113
PSE45703,1/25/2024,2024,1,Political violence,Explosions/Remote violence,Air/drone strike,Military Forces of Israel (2022-),,8,Civilians (Palestine),,7,78,Civilian targeting,275,Middle East,Palestine,Gaza Strip,Rafah,,Tal as Sultan,31.3098,34.2414,1,Arab 48; Ma'an News Agency; Palestine News and Information Agency; Quds News Network; Twitter,New media-National,"On 25 January 2024, Israeli warplanes struck an apartment in Tal as Sultan (Rafah, Gaza Strip), killing 2 Palestinians and injuring a number of others.",2,,1762829569
PSE45716,1/25/2024,2024,1,Political violence,Explosions/Remote violence,Air/drone strike,Military Forces of Israel (2022-),,8,Civilians (Palestine),,7,78,Civilian targeting,275,Middle East,Palestine,Gaza Strip,Khan Yunis,,Khan Yunis - West (Municipal Stadium),31.3484,34.2961,2,Liveuamap; Newpress; Palestine News and Information Agency; Palestinian Ministry of Health; Quds News Network; Twitter,Local partner-New media,"On 25 January 2024, Israeli warplanes struck targets and houses in the vicinity of the PRCS office and Naser Hospital west of Khan Yunis, meanwhile artillery and tanks shelled the area of the Naser Hospital west of Khan Yunis (coded to Khan Yunis - West (Municipal Stadium), Gaza Strip). Also, Israeli UAVs opened fire and struck targets in the same area. Meanwhile, tanks shelled targets in Al Dahra junction, killing and injuring an unspecified number of Palestinians. [Palestinian Ministry of Health reported 26083 fatalities upto 25 January 2024. 103 fatalities not attributed to specific events added to 1 event on 25 January. 103 fatalities coded to this event.]",103,,1753955113
PSE45745,1/25/2024,2024,1,Political violence,Explosions/Remote violence,Air/drone strike,Military Forces of Israel (2022-),,8,Civilians (Palestine),,7,78,Civilian targeting,275,Middle East,Palestine,Gaza Strip,North Gaza,,Jabalya,31.5272,34.4835,1,Ma'an News Agency; Quds News Network; Twitter,New media-National,"On 25 January 2024, Israeli warplanes struck a house and people in Jabalya town (North Gaza, Gaza Strip), killing 2 Palestinians and injuring a number of others.",2,,1759789988
PSE45746,1/25/2024,2024,1,Political violence,Explosions/Remote violence,Shelling/artillery/missile attack,Military Forces of Israel (2022-),,8,Civilians (Palestine),,7,78,Civilian targeting,275,Middle East,Palestine,Gaza Strip,Gaza City,,Gaza - Az Zaytun,31.4964,34.4522,1,Al-Ittihad; Al Ghad (Jordan); Arab 48; Ma'an News Agency; Newpress; Palestine News and Information Agency; Quds News Network; Twitter,New media-National,"On 25 January 2024, Israeli tanks opened fire and fired shells toward Palestinians who were waiting for aid trucks in Gaza - Az Zaytun (Gaza City, Gaza Strip). As a result, at least 20 Palestinians were killed and another 150 were injured. This event involved violence over aid.",20,,1759789988
PSE45670,1/26/2024,2024,1,Political violence,Explosions/Remote violence,Shelling/artillery/missile attack,Military Forces of Israel (2022-),,8,Civilians (Palestine),,7,78,Civilian targeting,275,Middle East,Palestine,Gaza Strip,Khan Yunis,,Khan Yunis - City Centre,31.3419,34.3015,1,Arab 48,National,"On 26 January 2024, Israeli forces killed a Palestinian in Khan Yunis - City Centre (Khan Yunis, Gaza Strip), likely by artillery fire.",1,,1753955113
PSE45764,1/26/2024,2024,1,Political violence,Explosions/Remote violence,Shelling/artillery/missile attack,Military Forces of Israel (2022-),,8,Civilians (Palestine),,7,78,Civilian targeting,275,Middle East,Palestine,Gaza Strip,Khan Yunis,,Abasan al Kabirah,31.3191,34.3401,1,Arab 48,National,"On 26 January 2024, Israeli forces killed 3 Palestinians in Abasan al Kabirah (Khan Yunis, Gaza Strip), likely by artillery fire.",3,,1753955113
PSE45777,1/26/2024,2024,1,Political violence,Explosions/Remote violence,Shelling/artillery/missile attack,Military Forces of Israel (2022-),,8,Civilians (Palestine),,7,78,Civilian targeting,275,Middle East,Palestine,Gaza Strip,Khan Yunis,,Khan Yunis - Al Amal,31.3544,34.3007,1,Arab 48; Palestine News and Information Agency; Quds News Network; Twitter,New media-National,"On 26 January 2024, Israeli artillery shelled targets in the vicinity of Al Amal Hospital in Khan Yunis - Al Amal (Khan Yunis, Gaza Strip), injuring a number of Palestinians.",0,,1753955113
PSE45711,1/26/2024,2024,1,Political violence,Explosions/Remote violence,Shelling/artillery/missile attack,Military Forces of Israel (2022-),,8,Civilians (Palestine),,7,78,Civilian targeting,275,Middle East,Palestine,Gaza Strip,Deir El Balah,,Az Zawayda,31.4284,34.366,2,Quds News Network; Twitter,New media-National,"On 26 January 2024, Israeli artillery struck a house near Az Zawayda (Deir El Balah, Gaza Strip), killing 2 Palestinians and injuring a number of others.",2,,1767742780
PSE45936,1/26/2024,2024,1,Political violence,Explosions/Remote violence,Air/drone strike,Military Forces of Israel (2022-),,8,Civilians (Palestine),,7,78,Civilian targeting,275,Middle East,Palestine,Gaza Strip,Deir El Balah,,Deir al Balah,31.4178,34.3503,1,Ma'an News Agency; Newpress; Palestine News and Information Agency; Quds News Network; Twitter,New media-National,"On 26 January 2024, Israeli warplanes struck a house in Al Haker area of Deir al Balah city (Deir El Balah, Gaza Strip), killing 6 Palestinians and injuring a number of others.",6,,1753955113
PSE45645,1/26/2024,2024,1,Political violence,Explosions/Remote violence,Shelling/artillery/missile attack,Military Forces of Israel (2022-),,8,Civilians (Palestine),Refugees/IDPs (Palestine),7,78,Civilian targeting,275,Middle East,Palestine,Gaza Strip,Rafah,,Tal as Sultan,31.3098,34.2414,2,Palestine News and Information Agency; Quds News Network; Twitter,New media-National,"On 26 January 2024, Israeli artillery struck the tents of displaced people west of Rafah (coded to Tal as Sultan, Gaza Strip), killing a Palestinian and injuring a number of others.",1,,1762829569
PSE45782,1/26/2024,2024,1,Political violence,Explosions/Remote violence,Shelling/artillery/missile attack,Military Forces of Israel (2022-),,8,Civilians (Palestine),,7,78,Civilian targeting,275,Middle East,Palestine,Gaza Strip,North Gaza,,Beit Lahiya,31.5541,34.5016,1,Palestine News and Information Agency; Palestinian Ministry of Health; Quds News Network; Twitter,Other-New media,"On 26 January 2024, Israeli artillery struck targets in Beit Lahiya (North Gaza, Gaza Strip). Unspecified casualties. [Palestinian Ministry of Health reported 26257 fatalities between 7 October - 26 January. 138 fatalities not attributed to specific events split across 3 events on 26 January 2024. 46 fatalities coded to this event.]",46,,1753955113
PSE45779,1/26/2024,2024,1,Political violence,Explosions/Remote violence,Air/drone strike,Military Forces of Israel (2022-),,8,Civilians (Palestine),,7,78,Civilian targeting,275,Middle East,Palestine,Gaza Strip,Khan Yunis,,Khan Yunis - West (Municipal Stadium),31.3484,34.2961,2,Arab 48; Newpress; Palestine News and Information Agency; Palestinian Ministry of Health; Quds News Network; Twitter,Other-New media,"On 26 January 2024, Israeli warplanes struck targets in the vicinity of the Naser Hospital west of Khan Yunis, meanwhile artillery and tanks opened fire and shelled the same area (coded to Khan Yunis - West (Municipal Stadium)) (Gaza Strip). Unspecified number of casualties. [Palestinian Ministry of Health reported 26257 fatalities between 7 October - 26 January. 138 fatalities not attributed to specific events split across 3 events on 26 January 2024. 46 fatalities coded to this event.]",46,,1753955113
PSE45793,1/26/2024,2024,1,Political violence,Explosions/Remote violence,Shelling/artillery/missile attack,Military Forces of Israel (2022-),,8,Civilians (Palestine),,7,78,Civilian targeting,275,Middle East,Palestine,Gaza Strip,Deir El Balah,,Al Burayj,31.4394,34.4031,2,Palestine News and Information Agency; Quds News Network; Twitter,New media-National,"On 26 January 2024, Israeli artillery shelled targets north of Al Burayj Camp (Deir El Balah, Gaza Strip). Casualties unknown. [On 1 February 2024, 6 bodies were recovered from under the rubble in north of Al Burayj, these fatalities were coded to this event].",6,,1753955113
PSE45987,1/26/2024,2024,1,Political violence,Explosions/Remote violence,Shelling/artillery/missile attack,Military Forces of Israel (2022-),,8,Civilians (Palestine),,7,78,Civilian targeting,275,Middle East,Palestine,Gaza Strip,North Gaza,,Jabalya,31.5272,34.4835,1,Palestine News and Information Agency; Palestinian Ministry of Health; Quds News Network; Twitter,Other-New media,"On 26 January 2024, Israeli artillery struck targets in Jabalya town (North Gaza, Gaza Strip). Unspecified casualties. [Palestinian Ministry of Health reported 26257 fatalities between 7 October - 26 January. 138 fatalities not attributed to specific events split across 3 events on 26 January 2024. 46 fatalities coded to this event.]",46,,1759789988
PSE46064,1/27/2024,2024,1,Political violence,Explosions/Remote violence,Air/drone strike,Military Forces of Israel (2022-),,8,Civilians (Palestine),,7,78,Civilian targeting,275,Middle East,Palestine,Gaza Strip,Khan Yunis,,Khan Yunis,31.3502,34.3081,1,Palestine News and Information Agency,National,"On 27 January 2024, Israeli warplanes struck a number of houses in Khan Yunis city (Khan Yunis, Gaza Strip), killing 9 Palestinians, including women.",9,,1753955113
PSE46065,1/27/2024,2024,1,Political violence,Explosions/Remote violence,Air/drone strike,Military Forces of Israel (2022-),,8,Civilians (Palestine),,7,78,Civilian targeting,275,Middle East,Palestine,Gaza Strip,Khan Yunis,,Khan Yunis - West (Municipal Stadium),31.3484,34.2961,2,Ma'an News Agency; Palestine News and Information Agency; Quds News Network; Twitter,New media-National,"On 27 January 2024, Israeli artillery and tanks struck targets near the industrial zone and the PRCS office west of Khan Yunis, (coded to Khan Yunis - West (Municipal Stadium), Gaza Strip), injuring 5 Palestinians. Also, Israeli tanks and artillery shelled targets in the vicinity of Naser Hospital, killing 28 Palestinians and wounding a number of others. Also, 4 Palestinians were killed and dozens were injured in an airstrike that targeted Al Malalha area, meanwhile other airstrikes targeted a house in Jourat al-Aqqad west of the city. Additionally, tanks opened fire in the vicinity of Khan Yunis Camp. The total fatalities were 32.",32,,1753955113
PSE46070,1/27/2024,2024,1,Political violence,Violence against civilians,Attack,Military Forces of Israel (2022-),,8,Civilians (Palestine),Labor Group (Palestine),7,78,Civilian targeting,275,Middle East,Palestine,Gaza Strip,Gaza City,,Gaza - Sheikh Radwan,31.5349,34.4667,1,Palestine News and Information Agency,National,"On 27 January 2024, Israeli military forces opened fire toward Palestinian civilians in Gaza - Sheikh Radwan (Gaza City, Gaza Strip), injuring 2 Palestinian workers working for Paltel company.",0,,1759789988
PSE46072,1/27/2024,2024,1,Political violence,Explosions/Remote violence,Shelling/artillery/missile attack,Military Forces of Israel (2022-),,8,Civilians (Palestine),,7,78,Civilian targeting,275,Middle East,Palestine,Gaza Strip,Khan Yunis,,Bani Suheila,31.3424,34.325,1,Newpress; Palestine News and Information Agency; Quds News Network; Twitter,New media-National,"On 27 January 2024, Israeli artillery and tanks shelled Bani Suheila (Khan Yunis, Gaza Strip), killing 2 Palestinians.",2,,1753955113
PSE46073,1/27/2024,2024,1,Political violence,Violence against civilians,Attack,Military Forces of Israel (2022-),,8,Civilians (Palestine),Refugees/IDPs (Palestine),7,78,Civilian targeting,275,Middle East,Palestine,Gaza Strip,Khan Yunis,,Khan Yunis - Al Amal,31.3544,34.3007,1,Newpress; Palestine News and Information Agency; Quds News Network; Twitter,New media-National,"On 27 January 2024, Israeli military forces opened fire toward the yard of Al Amal Hospital hosting displaced people in Khan Yunis - Al Amal (Khan Yunis, Gaza Strip), killing a displaced Palestinian.",1,,1753955113
PSE46075,1/27/2024,2024,1,Political violence,Explosions/Remote violence,Air/drone strike,Military Forces of Israel (2022-),,8,Civilians (Palestine),,7,78,Civilian targeting,275,Middle East,Palestine,Gaza Strip,Khan Yunis,,Khan Yunis - Al Amal,31.3544,34.3007,1,Palestine News and Information Agency; Quds News Network; Twitter,New media-National,"On 27 January 2024, Israeli warplanes carried out strikes and opened fire toward houses in the vicinity of Al Amal Hospital in Khan Yunis - Al Amal (Khan Yunis, Gaza Strip), killing 3 Palestinians and injuring another 12.",3,,1753955113
PSE46063,1/27/2024,2024,1,Political violence,Explosions/Remote violence,Air/drone strike,Military Forces of Israel (2022-),,8,Civilians (Palestine),,7,78,Civilian targeting,275,Middle East,Palestine,Gaza Strip,Deir El Balah,,Deir al Balah,31.4178,34.3503,1,Palestine News and Information Agency,National,"On 27 January 2024, Israeli warplanes struck a number of houses in Deir al Balah city (Deir El Balah, Gaza Strip), killing 7 Palestinians.",7,,1753955113
PSE46067,1/27/2024,2024,1,Political violence,Explosions/Remote violence,Shelling/artillery/missile attack,Military Forces of Israel (2022-),,8,Civilians (Palestine),,7,78,Civilian targeting,275,Middle East,Palestine,Gaza Strip,Gaza City,,Gaza - Sabra,31.5086,34.4493,1,Palestine News and Information Agency; Palestinian Ministry of Health,Other-National,"On 27 January 2024, Israeli artillery and tanks fired shells in Gaza - Sabra (Gaza City, Gaza Strip), leaving an unspecified number of fatalities and injuries among Palestinians. U[Palestinian Ministry of Health reported 26422 fatalities upto 27 January 2024. 93 fatalities not attributed to specific events added to 1 event on 27 January. 93 fatalities coded to this event.]",93,,1759789988
PSE46076,1/27/2024,2024,1,Political violence,Explosions/Remote violence,Air/drone strike,Military Forces of Israel (2022-),,8,Civilians (Palestine),,7,78,Civilian targeting,275,Middle East,Palestine,Gaza Strip,Khan Yunis,,Khan Yunis - City Centre,31.3419,34.3015,1,Palestine News and Information Agency; Quds News Network; Twitter,New media-National,"On 27 January 2024, Israeli warplanes carried out strikes in Khan Yunis - City Centre (Khan Yunis, Gaza Strip). Meanwhile, artillery and tanks shelled targets in the same area. Casualties unknown. [On 2 February 2024, 12 bodies were recovered from under the rubble in Khan Yunis - City Centre, these fatalities were coded to this event].",12,,1753955113
PSE46057,1/27/2024,2024,1,Political violence,Explosions/Remote violence,Air/drone strike,Military Forces of Israel (2022-),,8,Civilians (Palestine),,7,78,Civilian targeting,275,Middle East,Palestine,Gaza Strip,Rafah,,Yibna,31.2842,34.2482,2,Ma'an News Agency; Palestine News and Information Agency; PLO Negotiations Affairs Department; Quds News Network; Twitter,Other-New media,"On 27 January 2024, Israeli warplanes struck a house in Al Junaineh area east of Rafah (coded to Yibna, Gaza Strip), killing 3 Palestinians, including a woman and injuring another 2. Meanwhile, artillery and tanks shelled targets in the same area. The total confirmed fatalities were 3.",3,,1753955113
PSE46066,1/27/2024,2024,1,Political violence,Explosions/Remote violence,Air/drone strike,Military Forces of Israel (2022-),,8,Civilians (Palestine),,7,78,Civilian targeting,275,Middle East,Palestine,Gaza Strip,Gaza City,,Gaza - Az Zaytun,31.4964,34.4522,1,Newpress; Palestine News and Information Agency; Quds News Network; Twitter,New media-National,"On 27 January 2024, Israeli warplanes struck 2 houses in Gaza - Az Zaytun (Gaza City, Gaza Strip). Also, warplanes struck a group of Palestinians at the Kuwait roundabout in the same area, killing 3 persons.",3,,1759789988
PSE46068,1/27/2024,2024,1,Political violence,Violence against civilians,Attack,Military Forces of Israel (2022-),,8,Civilians (Palestine),,7,78,Civilian targeting,275,Middle East,Palestine,Gaza Strip,Gaza City,,Gaza - Tal el Hawa,31.5041,34.435,1,Palestine News and Information Agency,National,"On 27 January 2024, Israeli military forces opened fire toward a group of Palestinians while they were moving in Gaza - Tal el Hawa (Gaza City, Gaza Strip), injuring several persons.",0,,1759789988
PSE46090,1/27/2024,2024,1,Political violence,Explosions/Remote violence,Air/drone strike,Military Forces of Israel (2022-),,8,Civilians (Palestine),,7,78,Civilian targeting,275,Middle East,Palestine,Gaza Strip,North Gaza,,Jabalya,31.5272,34.4835,1,Newpress; Quds News Network; Twitter,New media-National,"On 27 January 2024, Israeli warplanes carried out airstrikes in Al Fakhoura area of Jabalya town (North Gaza, Gaza Strip), killing a Palestinian.",1,,1759789988
PSE46078,1/27/2024,2024,1,Political violence,Explosions/Remote violence,Air/drone strike,Military Forces of Israel (2022-),,8,Civilians (Palestine),Refugees/IDPs (Palestine),7,78,Civilian targeting,275,Middle East,Palestine,Gaza Strip,Rafah,,Khirbet al Adas,31.2855,34.2714,2,Ma'an News Agency,National,"On 27 January 2024, Israeli warplanes struck a residential tent belonging to displaced people north of Rafah (coded to Khirbet al Adas, Gaza Strip). Casualties unknown.",0,,1753955113
PSE46106,1/28/2024,2024,1,Political violence,Explosions/Remote violence,Shelling/artillery/missile attack,Military Forces of Israel (2022-),,8,Civilians (Palestine),,7,78,Civilian targeting,275,Middle East,Palestine,Gaza Strip,Khan Yunis,,Khan Yunis - West (Municipal Stadium),31.3484,34.2961,2,Palestine News and Information Agency; Quds News Network; Twitter,New media-National,"On 28 January 2024, Israeli artillery struck targets and a house in Jouret Al Aqqad and near the Naser Hospital west of Khan Yunis, (coded to Khan Yunis - West (Municipal Stadium)) (Gaza Strip), killing a Palestinian and injuring another 4 persons. Also, 2 Palestinians were killed in a separate shelling attack that targeted a group of Palestinians near Qandileh school west of Khan Yunis. The total confirmed fatalities were 3.",3,,1753955113
PSE46117,1/28/2024,2024,1,Political violence,Violence against civilians,Attack,Military Forces of Israel (2022-),,8,Civilians (Palestine),Health Workers (Palestine),7,78,Civilian targeting,275,Middle East,Palestine,Gaza Strip,Khan Yunis,,Khan Yunis - Al Amal,31.3544,34.3007,1,Palestine News and Information Agency,National,"On 28 January 2024, Israeli military forces opened live fire directly at a Palestinian ambulance in the yard of Al Amal Hospital in Khan Yunis - Al Amal (Khan Yunis, Gaza Strip). Casualties unknown.",0,,1753955113
PSE46129,1/28/2024,2024,1,Political violence,Explosions/Remote violence,Shelling/artillery/missile attack,Military Forces of Israel (2022-),,8,Civilians (Palestine),,7,78,Civilian targeting,275,Middle East,Palestine,Gaza Strip,Khan Yunis,,Bani Suheila,31.3424,34.325,1,Quds News Network; Twitter,New media-National,"On 28 January 2024, Israeli artillery and tanks shelled a house in Bani Suheila (Khan Yunis, Gaza Strip), causing fire. Casualties unknown.",0,,1753955113
PSE46108,1/28/2024,2024,1,Political violence,Explosions/Remote violence,Air/drone strike,Military Forces of Israel (2022-),,8,Civilians (Palestine),Refugees/IDPs (Palestine),7,78,Civilian targeting,275,Middle East,Palestine,Gaza Strip,Deir El Balah,,An Nusayrat,31.4486,34.3925,1,Palestine News and Information Agency; Quds News Network; Twitter,New media-National,"On 28 January 2024, Israeli warplanes struck a house in An Nusayrat refugee camp (Deir El Balah, Gaza Strip), injuring a number of Palestinians.",0,,1753955113
PSE46112,1/28/2024,2024,1,Political violence,Explosions/Remote violence,Air/drone strike,Military Forces of Israel (2022-),,8,Civilians (Palestine),,7,78,Civilian targeting,275,Middle East,Palestine,Gaza Strip,Deir El Balah,,An Nusayrat - West,31.4525,34.3756,1,Newpress; Palestine News and Information Agency; Quds News Network; Twitter,New media-National,"On 28 January 2024, Israeli warplanes struck a house west of An Nusayrat refugee camp (An Nusayrat - West, Deir El Balah, Gaza Strip), killing at least 23 Palestinians and injuring a number of others. Also, warplanes struck another house in Al Sawarha area west of the camp, killing 4 Palestinians. The total confirmed fatalities were at least 27.",27,,1753955113
PSE46130,1/28/2024,2024,1,Political violence,Explosions/Remote violence,Air/drone strike,Military Forces of Israel (2022-),,8,Civilians (Palestine),,7,78,Civilian targeting,275,Middle East,Palestine,Gaza Strip,Deir El Balah,,An Nusayrat,31.4486,34.3925,2,Quds News Network; Twitter,New media-National,"On 28 January 2024, Israeli warplanes struck an apartment east of An Nusayrat camp (Deir El Balah, Gaza Strip), killing 2 Palestinians and injuring a number of others.",2,,1753955113
PSE46144,1/28/2024,2024,1,Political violence,Explosions/Remote violence,Shelling/artillery/missile attack,Military Forces of Israel (2022-),,8,Civilians (Palestine),Refugees/IDPs (Palestine),7,78,Civilian targeting,275,Middle East,Palestine,Gaza Strip,Rafah,,Al Mawasi (Rafah),31.3294,34.2299,2,Palestine News and Information Agency; PLO Negotiations Affairs Department,Other-National,"On 28 January 2024, Israeli gunboats shelled targets along the Coast of Rafah (coded to Al Mawasi (Rafah)) (Gaza Strip) including the tents of displaced people. Casualties unknown.",0,,1762829569
PSE46111,1/28/2024,2024,1,Political violence,Explosions/Remote violence,Air/drone strike,Military Forces of Israel (2022-),,8,Civilians (Palestine),Journalists (Palestine); Refugees/IDPs (Palestine),7,78,Civilian targeting,275,Middle East,Palestine,Gaza Strip,Gaza City,,Gaza - Ash Shati' Camp,31.5349,34.4466,1,Newpress; Palestine News and Information Agency; Quds News Network; Twitter,New media-National,"On 28 January 2024, Israeli warplanes struck a house in Gaza - Ash Shati' Camp (Gaza City, Gaza Strip), killing 10 Palestinians including a journalist and injuring a number of others.",10,,1759789988
PSE46107,1/28/2024,2024,1,Political violence,Explosions/Remote violence,Shelling/artillery/missile attack,Military Forces of Israel (2022-),,8,Civilians (Palestine),Refugees/IDPs (Palestine),7,78,Civilian targeting,275,Middle East,Palestine,Gaza Strip,Khan Yunis,,Khan Yunis - Al Amal,31.3544,34.3007,1,Palestine News and Information Agency; Palestinian Ministry of Health; Quds News Network; Twitter,Other-New media,"On 28 January 2024, Israeli artillery struck targets and opened fire in the vicinity of Al Amal Hospital in Khan Yunis - Al Amal (Khan Yunis, Gaza Strip). Also, at least one Palestinian was killed and 10 others were injured in an artillery shelling that targeted a school hosting displaced people in Al Amal. Fatalities coded as at least 1. Meanwhile, Israeli artillery shelled other targets, including a house in Khan Yunis - Al Amal, killing an unspecified number of Palestinians and injuring others. [Palestinian Ministry of Health reported 26637 fatalities upto 28 January 2024. 142 fatalities not attributed to specific events split across 3 events on 28 January. 47 fatalities coded to this event.] Total fatalities coded as 48 (at least 1 known + 47 presumed).",48,,1753955113
PSE46101,1/28/2024,2024,1,Political violence,Explosions/Remote violence,Shelling/artillery/missile attack,Military Forces of Israel (2022-),,8,Civilians (Palestine),,7,78,Civilian targeting,275,Middle East,Palestine,Gaza Strip,Khan Yunis,,Khan Yunis Port,31.3691,34.2734,2,Palestinian Ministry of Health; PLO Negotiations Affairs Department; Quds News Network; Twitter,Other-New media,"On 28 January 2024, Israeli gunboats shelled targets along the coast of Khan Yunis (coded to Khan Yunis Port) (Gaza Strip), leaving an unspecified number of fatalities and injuries. [Palestinian Ministry of Health reported 26637 fatalities upto 28 January 2024. 142 fatalities not attributed to specific events split across 3 events on 28 January. 47 fatalities coded to this event.]",47,,1753955113
PSE46104,1/28/2024,2024,1,Political violence,Explosions/Remote violence,Air/drone strike,Military Forces of Israel (2022-),,8,Civilians (Palestine),,7,78,Civilian targeting,275,Middle East,Palestine,Gaza Strip,Gaza City,,Gaza - Tal el Hawa,31.5041,34.435,1,Liveuamap; Newpress; Palestine News and Information Agency; Palestinian Ministry of Health; Quds News Network; Twitter,Local partner-New media,"On 28 January 2024, Israeli warplanes struck targets in Gaza - Tal el Hawa (Gaza City, Gaza Strip), killing and injuring an unspecified number of Palestinians, including women and children. Meanwhile, gunboats and artillery struck targets and opened fire at in same area. [Palestinian Ministry of Health reported 26637 fatalities upto 28 January 2024. 142 fatalities not attributed to specific events split across 3 events on 28 January. 47 fatalities coded to this event.]",47,,1759789988
PSE46105,1/28/2024,2024,1,Political violence,Explosions/Remote violence,Air/drone strike,Military Forces of Israel (2022-),,8,Civilians (Palestine),,7,78,Civilian targeting,275,Middle East,Palestine,Gaza Strip,Gaza City,,Gaza - Az Zaytun,31.4964,34.4522,1,Newpress; Palestine News and Information Agency; Quds News Network; Twitter,New media-National,"On 28 January 2024, Israeli warplanes struck a house in Gaza - Az Zaytun (Gaza City, Gaza Strip), killing at least 8 Palestinians and injuring dozens. Meanwhile, IDF tanks targeted a group of Palestinians who were waiting aid trucks in same area, injuring a number of them. The total confirmed fatalities were at least 8. This event involved violence over aid.",8,,1759789988
PSE46151,1/29/2024,2024,1,Political violence,Explosions/Remote violence,Air/drone strike,Military Forces of Israel (2022-),,8,Civilians (Palestine),Health Workers (Palestine),7,78,Civilian targeting,275,Middle East,Palestine,Gaza Strip,Gaza City,,Gaza,31.5045,34.4743,1,Palestine News and Information Agency; Quds News Network; Twitter,New media-National,"On 29 January 2024, Israeli UAVs struck 2 Palestinian ambulances in Gaza City (Gaza Strip), leaving an unspecified number of fatalities and injuries. Unknown fatalities coded as 3. Also, warplanes targeted a passing car in Gaza City and killed 5 civilians from the same family. Meanwhile, the artillery struck several locations and targets in the city. Total fatalities coded as 8 (5 confirmed and 3 unknown).",8,,1759789988
PSE46152,1/29/2024,2024,1,Political violence,Explosions/Remote violence,Air/drone strike,Military Forces of Israel (2022-),,8,Civilians (Palestine),,7,78,Civilian targeting,275,Middle East,Palestine,Gaza Strip,Gaza City,,Gaza - Ad Darraj,31.5172,34.4642,1,Palestine News and Information Agency,National,"On 29 January 2024, Israeli warplanes struck a group of Palestinians and a cemetery in Gaza - Ad Darraj (Gaza City, Gaza Strip), killing 2 Palestinians",2,,1759789988
PSE46158,1/29/2024,2024,1,Political violence,Violence against civilians,Attack,Military Forces of Israel (2022-),,8,Civilians (Palestine),,7,78,Civilian targeting,275,Middle East,Palestine,Gaza Strip,Khan Yunis,,Khan Yunis - Al Amal,31.3544,34.3007,1,Palestine News and Information Agency; Quds News Network; Twitter,New media-National,"On 29 January 2024, Israeli military forces opened fire and killed 3 Palestinians while they transporting a body in front of Al Amal Hospital in Khan Yunis - Al Amal (Khan Yunis, Gaza Strip). The total fatalities were 3.",3,,1753955113
PSE46164,1/29/2024,2024,1,Political violence,Explosions/Remote violence,Air/drone strike,Military Forces of Israel (2022-),,8,Civilians (Palestine),,7,78,Civilian targeting,275,Middle East,Palestine,Gaza Strip,Gaza City,,Gaza - At Tuffah,31.5134,34.4751,1,Al-Ittihad; Arab 48; Liveuamap; Palestine News and Information Agency; Quds News Network; Twitter,Local partner-New media,"On 29 January 2024, Israeli warplanes struck a house in Gaza - At Tuffah (Gaza City, Gaza Strip), killing 25 Palestinians and injuring a number of others.",25,,1759789988
PSE46146,1/29/2024,2024,1,Political violence,Explosions/Remote violence,Air/drone strike,Military Forces of Israel (2022-),,8,Civilians (Palestine),Journalists (Palestine),7,78,Civilian targeting,275,Middle East,Palestine,Gaza Strip,Deir El Balah,,Az Zawayda,31.4284,34.366,1,Palestine News and Information Agency,National,"On 29 January 2024, Israeli warplanes struck a house in Az Zawayda (Deir El Balah, Gaza Strip), killing a Palestinian journalist and 3 members of his family.",4,,1767742780
PSE46149,1/29/2024,2024,1,Political violence,Explosions/Remote violence,Air/drone strike,Military Forces of Israel (2022-),,8,Civilians (Palestine),,7,78,Civilian targeting,275,Middle East,Palestine,Gaza Strip,Deir El Balah,,Az Zawayda,31.4284,34.366,2,Palestine News and Information Agency,National,"On 29 January 2024, Israeli warplanes struck a house west of Az Zawayda (Deir El Balah, Gaza Strip), killing 14 Palestinians.",14,,1767742780
PSE46159,1/29/2024,2024,1,Political violence,Explosions/Remote violence,Air/drone strike,Military Forces of Israel (2022-),,8,Civilians (Palestine),Refugees/IDPs (Palestine),7,78,Civilian targeting,275,Middle East,Palestine,Gaza Strip,Deir El Balah,,An Nusayrat,31.4486,34.3925,1,Palestine News and Information Agency; Quds News Network; Twitter,New media-National,"On 29 January 2024, Israeli UAVs struck a house in An Nusayrat refugee camp (Deir El Balah, Gaza Strip), killing 2 Palestinians and injuring a number of others. Meanwhile, the artillery shelled targets in the camp.",2,,1753955113
PSE46172,1/29/2024,2024,1,Political violence,Explosions/Remote violence,Air/drone strike,Military Forces of Israel (2022-),,8,Civilians (Palestine),,7,78,Civilian targeting,275,Middle East,Palestine,Gaza Strip,Deir El Balah,,An Nusayrat - West,31.4525,34.3756,1,Quds News Network; Twitter,New media-National,"On 29 January 2024, Israeli warplanes struck an apartment in Al Sawarha area west of An Nusayrat camp (An Nusayrat - West, Deir El Balah, Gaza Strip). Casualties unknown.",0,,1753955113
PSE46156,1/29/2024,2024,1,Political violence,Explosions/Remote violence,Shelling/artillery/missile attack,Military Forces of Israel (2022-),,8,Civilians (Palestine),,7,78,Civilian targeting,275,Middle East,Palestine,Gaza Strip,North Gaza,,Beit Lahiya,31.5541,34.5016,1,Palestine News and Information Agency,National,"On 29 January 2024, Israeli artillery shelled targets in Beit Lahiya (North Gaza, Gaza Strip), injuring dozens of Palestinians.",0,,1753955113
PSE46153,1/29/2024,2024,1,Political violence,Explosions/Remote violence,Air/drone strike,Military Forces of Israel (2022-),,8,Civilians (Palestine),,7,78,Civilian targeting,275,Middle East,Palestine,Gaza Strip,Gaza City,,Gaza - Sabra,31.5086,34.4493,1,Liveuamap; Newpress; Palestine News and Information Agency; Quds News Network; Twitter,Local partner-New media,"On 29 January 2024, Israeli warplanes struck houses in Gaza - Sabra (Gaza City, Gaza Strip), killing at least 20 Palestinians and injuring a number of others.",20,,1759789988
PSE46150,1/29/2024,2024,1,Political violence,Explosions/Remote violence,Air/drone strike,Military Forces of Israel (2022-),,8,Civilians (Palestine),Refugees/IDPs (Palestine); UNRWA: United Nations Relief and Works Agency,7,78,Civilian targeting,275,Middle East,Palestine,Gaza Strip,Gaza City,,Gaza - Southern Remal,31.5168,34.4355,1,Palestine News and Information Agency; Quds News Network; Twitter,New media-National,"On 29 January 2024, Israeli warplanes struck houses in Gaza - Southern Remal (Gaza City, Gaza Strip), killing and injuring dozens of Palestinians. Unknown fatalities coded as 12. Also, Israeli artillery shelled an UNRWA school hosting displaced people, killing at least 10 Palestinians. Total fatalities coded as 22 (10 confirmed, 12 unknown).",22,,1759789988
PSE46165,1/29/2024,2024,1,Political violence,Violence against civilians,Abduction/forced disappearance,Military Forces of Israel (2022-),,8,Civilians (Palestine),Refugees/IDPs (Palestine),7,78,Civilian targeting,275,Middle East,Palestine,Gaza Strip,Gaza City,,Gaza - Southern Remal,31.5168,34.4355,1,Palestine News and Information Agency,National,"On 29 January 2024, Israeli forces arrested dozens of displaced Palestinians who were at a UNRWA center for displaced people in Gaza - Southern Remal (Gaza City, Gaza Strip).",0,,1772581279
PSE46155,1/29/2024,2024,1,Political violence,Explosions/Remote violence,Air/drone strike,Military Forces of Israel (2022-),,8,Civilians (Palestine),Health Workers (Palestine); Refugees/IDPs (Palestine),7,78,Civilian targeting,275,Middle East,Palestine,Gaza Strip,North Gaza,,Jabalya Camp,31.536,34.4907,1,Palestine News and Information Agency; Quds News Network; Twitter,New media-National,"On 29 January 2024, Israeli warplanes struck 2 houses in Mukhayyam Jabalya Camp (North Gaza, Gaza Strip). Casualties unknown. Also, 5 Palestinians were injured in an airstrike targeted the Al Awda Hospital in the camp.",0,,1753955113
PSE46175,1/29/2024,2024,1,Political violence,Explosions/Remote violence,Shelling/artillery/missile attack,Military Forces of Israel (2022-),,8,Civilians (Palestine),Aid Workers (Palestine); Palestinian Red Crescent Society,7,78,Civilian targeting,275,Middle East,Palestine,Gaza Strip,Khan Yunis,,Al Mawasi (Khan Yunis),31.3482,34.2547,1,Quds News Network; Twitter,New media-National,"On 29 January 2024, Israeli tanks opened fire toward a clinic belonging to the PRCS in Al Mawasi (Khan Yunis) (Gaza Strip). Casualties unknown.",0,,1762829569
PSE46154,1/29/2024,2024,1,Political violence,Explosions/Remote violence,Air/drone strike,Military Forces of Israel (2022-),,8,Civilians (Palestine),,7,78,Civilian targeting,275,Middle East,Palestine,Gaza Strip,Gaza City,,Gaza - Az Zaytun,31.4964,34.4522,1,Palestine News and Information Agency; Quds News Network; Twitter,New media-National,"On 29 January 2024, Israeli warplanes struck houses in Gaza - Az Zaytun (Gaza City, Gaza Strip). Meanwhile, the artillery shelled targets in the same area, injuring a number of Palestinians. Casualties unknown.",0,,1759789988
PSE46198,1/30/2024,2024,1,Political violence,Explosions/Remote violence,Air/drone strike,Military Forces of Israel (2022-),,8,Civilians (Palestine),Refugees/IDPs (Palestine),7,78,Civilian targeting,275,Middle East,Palestine,Gaza Strip,Khan Yunis,,Khan Yunis - Al Amal,31.3544,34.3007,1,Arab 48; Ma'an News Agency; Palestine News and Information Agency; Quds News Network; Twitter,New media-National,"On 30 January 2024, Israeli UAVs struck targets and houses in the vicinity of Al Amal Hospital in Khan Yunis - Al Amal (Khan Yunis, Gaza Strip). Also, artillery shelled targets and opened fire at displaced people in the vicinity of the hospital, killing a Palestinian woman and injuring another 9 people.",1,,1753955113
PSE46213,1/30/2024,2024,1,Political violence,Explosions/Remote violence,Shelling/artillery/missile attack,Military Forces of Israel (2022-),,8,Civilians (Palestine),,7,78,Civilian targeting,275,Middle East,Palestine,Gaza Strip,Khan Yunis,,Khan Yunis - City Centre,31.3419,34.3015,1,Arab 48,National,"On 30 January 2024, Israeli artillery shelled a residential area in Khan Yunis - City Centre (Khan Yunis, Gaza Strip). Casualties unknown.",0,,1753955113
PSE46220,1/30/2024,2024,1,Political violence,Violence against civilians,Attack,Military Forces of Israel (2022-),,8,Civilians (Palestine),,7,78,Civilian targeting,275,Middle East,Palestine,Gaza Strip,Gaza City,,Gaza - Sheikh Radwan,31.5349,34.4667,2,Quds News Network; Twitter,New media-National,"On 30 January 2024, Israeli soldiers sniped and killed a Palestinian near the Ahmad Shukairi school north of Gaza, coded to Gaza - Sheikh Radwan (Gaza City, Gaza Strip).",1,,1759789988
PSE46221,1/30/2024,2024,1,Political violence,Explosions/Remote violence,Air/drone strike,Military Forces of Israel (2022-),,8,Civilians (Palestine),,7,78,Civilian targeting,275,Middle East,Palestine,Gaza Strip,Khan Yunis,,Khan Yunis - As Sater,31.3637,34.3228,1,Quds News Network; Twitter,New media-National,"On 30 January 2024, 3 Palestinians were killed by IDF troops in Khan Yunis - As Sater (Khan Yunis, Gaza Strip), likely by airstrikes.",3,,1753955113
PSE46190,1/30/2024,2024,1,Political violence,Explosions/Remote violence,Air/drone strike,Military Forces of Israel (2022-),,8,Civilians (Palestine),Refugees/IDPs (Palestine),7,78,Civilian targeting,275,Middle East,Palestine,Gaza Strip,Deir El Balah,,An Nusayrat,31.4486,34.3925,1,Arab 48; Palestine News and Information Agency; Quds News Network; Twitter,New media-National,"On 30 January 2024, Israeli warplanes struck targets and houses in An Nusayrat refugee camp (Deir El Balah, Gaza Strip), killing 3 Palestinians and injuring a number of others.",3,,1753955113
PSE46200,1/30/2024,2024,1,Political violence,Explosions/Remote violence,Air/drone strike,Military Forces of Israel (2022-),,8,Civilians (Palestine),,7,78,Civilian targeting,275,Middle East,Palestine,Gaza Strip,Deir El Balah,,Deir al Balah,31.4178,34.3503,1,Arab 48; Liveuamap; Newpress; Palestine News and Information Agency; Quds News Network; Twitter,Local partner-New media,"On 30 January 2024, Israeli warplanes struck a house in Al Hadaba area of Deir al Balah city (Deir El Balah, Gaza Strip), killing 11 Palestinians and injuring a number of others.",11,,1753955113
PSE46201,1/30/2024,2024,1,Political violence,Explosions/Remote violence,Air/drone strike,Military Forces of Israel (2022-),,8,Civilians (Palestine),Refugees/IDPs (Palestine),7,78,Civilian targeting,275,Middle East,Palestine,Gaza Strip,Deir El Balah,,Al Burayj,31.4394,34.4031,1,Palestine News and Information Agency,National,"On 30 January 2024, Israeli warplanes struck a house in Al Burayj refugee camp (Deir El Balah, Gaza Strip), injuring a number of Palestinians.",0,,1753955113
PSE46202,1/30/2024,2024,1,Political violence,Explosions/Remote violence,Air/drone strike,Military Forces of Israel (2022-),,8,Civilians (Palestine),,7,78,Civilian targeting,275,Middle East,Palestine,Gaza Strip,Deir El Balah,,Al Burayj,31.4394,34.4031,2,Palestine News and Information Agency; Quds News Network; Twitter,New media-National,"On 30 January 2024, Israeli warplanes struck a group of people east of Al Burayj camp (Deir El Balah, Gaza Strip), injuring a number of Palestinians.",0,,1753955113
PSE46226,1/30/2024,2024,1,Political violence,Explosions/Remote violence,Air/drone strike,Military Forces of Israel (2022-),,8,Civilians (Palestine),,7,78,Civilian targeting,275,Middle East,Palestine,Gaza Strip,Deir El Balah,,An Nusayrat - North,31.4591,34.3923,2,Quds News Network; Twitter,New media-National,"On 30 January 2024, Israeli warplanes struck the Al Urubah school northwest of An Nusayrat refugee camp (coded to An Nusayrat - North, Deir El Balah, Gaza Strip), injuring a number of Palestinians.",0,,1753955113
PSE46195,1/30/2024,2024,1,Political violence,Explosions/Remote violence,Air/drone strike,Military Forces of Israel (2022-),,8,Civilians (Palestine),,7,78,Civilian targeting,275,Middle East,Palestine,Gaza Strip,North Gaza,,Beit Lahiya,31.5541,34.5016,1,Palestine News and Information Agency; Quds News Network; Twitter,New media-National,"On 30 January 2024, Israeli warplanes struck houses in Beit Lahiya (North Gaza, Gaza Strip), injuring a number of Palestinians.",0,,1753955113
PSE46194,1/30/2024,2024,1,Political violence,Explosions/Remote violence,Air/drone strike,Military Forces of Israel (2022-),,8,Civilians (Palestine),Refugees/IDPs (Palestine),7,78,Civilian targeting,275,Middle East,Palestine,Gaza Strip,Khan Yunis,,Khan Yunis - West (Municipal Stadium),31.3484,34.2961,2,Ma'an News Agency; Palestine News and Information Agency; Palestinian Ministry of Health; Quds News Network; Twitter,Other-New media,"On 30 January 2024, Israeli warplanes struck targets and houses west of Khan Yunis and in the area of the industrial zone and Khan Yunis camp (coded to Khan Yunis - West (Municipal Stadium), Gaza Strip). Meanwhile, artillery shelled targets in the vicinity of Naser Hospital west of the city, in which the hospital was placed under siege. Also, warplanes struck a house near Naser Hospital, leaving an unspecified number of fatalities. Additionally, a Palestinian woman was killed, and several persons were injured in an airstrike targeting a house in Khan Yunis camp, west of the city. [Palestinian Ministry of Health reported 26900 fatalities upto 30 January 2024. 74 fatalities not attributed to specific events split across 2 events on 30 January. 37 fatalities coded to this event.] Total fatalities coded as 38 (1 known + 37 unspecified).",38,,1753955113
PSE46199,1/30/2024,2024,1,Political violence,Explosions/Remote violence,Air/drone strike,Military Forces of Israel (2022-),,8,Civilians (Palestine),,7,78,Civilian targeting,275,Middle East,Palestine,Gaza Strip,Gaza City,,Gaza - Northern Remal,31.524,34.4505,1,Arab 48; Palestine News and Information Agency; Palestinian Ministry of Health; Quds News Network; Twitter,Other-New media,"On 30 January 2024, Israeli warplanes struck houses in Gaza - Northern Remal (Gaza City, Gaza Strip), leaving an unspecified number of fatalities and injuries including a girl. Also, artillery targeted the vicinity of Al Shifa Hospital and Al Shuhadaa Street in the same area. Casualties unknown. [Palestinian Ministry of Health reported 26900 fatalities upto 30 January 2024. 74 fatalities not attributed to specific events split across 2 events on 30 January. 37 fatalities coded to this event.]",37,,1759789988
PSE46219,1/30/2024,2024,1,Political violence,Explosions/Remote violence,Air/drone strike,Military Forces of Israel (2022-),,8,Civilians (Palestine),,7,78,Civilian targeting,275,Middle East,Palestine,Gaza Strip,Gaza City,,Gaza - Az Zaytun,31.4964,34.4522,1,Quds News Network; Twitter,New media-National,"On 30 January 2024, Israeli warplanes struck a house near Asqoula junction in Gaza - Az Zaytun (Gaza City, Gaza Strip). Casualties unknown.",0,,1759789988
PSE46185,1/30/2024,2024,1,Political violence,Explosions/Remote violence,Air/drone strike,Military Forces of Israel (2022-),,8,Civilians (Palestine),,7,78,Civilian targeting,275,Middle East,Palestine,Gaza Strip,Rafah,,Al Junainah,31.2642,34.2636,1,Arab 48; Palestine News and Information Agency; PLO Negotiations Affairs Department; Quds News Network; Twitter,Other-New media,"On 30 January 2024, Israeli warplanes struck a house in Al Junainah area (Rafah, Gaza Strip). Meanwhile, artillery shelled targets in the same area. Casualties unknown.",0,,1753955113
PSE46224,1/30/2024,2024,1,Political violence,Explosions/Remote violence,Air/drone strike,Military Forces of Israel (2022-),,8,Civilians (Palestine),Refugees/IDPs (Palestine),7,78,Civilian targeting,275,Middle East,Palestine,Gaza Strip,Rafah,,Brazil Camp,31.2718,34.2532,1,Quds News Network; Twitter,New media-National,"On 30 January 2024, Israeli warplanes carried out airstrikes in Brazil Camp for refugees (Rafah, Gaza Strip). Casualties unknown.",0,,1753955113
PSE46223,1/30/2024,2024,1,Political violence,Violence against civilians,Attack,Military Forces of Israel (2022-),,8,Civilians (Palestine),,7,78,Civilian targeting,275,Middle East,Palestine,Gaza Strip,Gaza City,,Gaza - Az Zaytun,31.4964,34.4522,1,Quds News Network; Twitter,New media-National,"On 30 January 2024, Israeli forces opened fire at Palestinians at the Kuwait roundabout in Gaza - Az Zaytun (Gaza City, Gaza Strip) while waiting for the aid trucks, injuring several persons. This event involved violence over aid.",0,,1759789988
PSE46228,1/30/2024,2024,1,Political violence,Violence against civilians,Attack,Police Forces of Palestine (2007-) Gaza Strip,Hamas Movement,1,Civilians (Palestine),,7,17,Civilian targeting,275,Middle East,Palestine,Gaza Strip,Rafah,,Rafah,31.287,34.2595,1,Joe Truzman; Twitter,New media-National,"On 30 January 2024, a Palestinian teen was killed in Rafah city (Rafah, Gaza Strip). His family, in a video circulated on social media, accused the Hamas police of being responsible for his death as he attempted to take aid, likely a theft incident. This event involved violence over aid.",1,,1762829569
PSE46240,1/31/2024,2024,1,Political violence,Explosions/Remote violence,Air/drone strike,Military Forces of Israel (2022-),,8,Civilians (Palestine),,7,78,Civilian targeting,275,Middle East,Palestine,Gaza Strip,Khan Yunis,,Khan Yunis - City Centre,31.3419,34.3015,1,Palestine News and Information Agency; Quds News Network; Twitter,New media-National,"On 31 January 2024, Israeli warplanes and artillery struck targets and opened fire in Khan Yunis - City Centre (Khan Yunis, Gaza Strip), killing 6 Palestinians in Khan Yunis (coded to this location).",6,,1753955113
PSE46241,1/31/2024,2024,1,Political violence,Explosions/Remote violence,Air/drone strike,Military Forces of Israel (2022-),,8,Civilians (Palestine),,7,78,Civilian targeting,275,Middle East,Palestine,Gaza Strip,Khan Yunis,,Khan Yunis - West (Municipal Stadium),31.3484,34.2961,2,Arab 48; Palestine News and Information Agency; Quds News Network; Twitter,New media-National,"On 31 January 2024, Israeli warplanes and artillery struck houses west of Khan Yunis, (coded to Khan Yunis - West (Municipal Stadium), Gaza Strip). Also, artillery shelled targets and opened fire in the vicinity of the Nasser hospital and in Al Namsawi area west of the city. At least 5 Palestinians were killed.",5,,1753955113
PSE46242,1/31/2024,2024,1,Political violence,Explosions/Remote violence,Air/drone strike,Military Forces of Israel (2022-),,8,Civilians (Palestine),,7,78,Civilian targeting,275,Middle East,Palestine,Gaza Strip,Gaza City,,Gaza - Ad Darraj,31.5172,34.4642,1,Newpress; Palestine News and Information Agency; Quds News Network; Twitter,New media-National,"On 31 January 2024, Israeli warplanes struck a house in Gaza - Ad Darraj (Gaza City, Gaza Strip), injuring dozens of Palestinians.",0,,1759789988
PSE46250,1/31/2024,2024,1,Political violence,Explosions/Remote violence,Shelling/artillery/missile attack,Military Forces of Israel (2022-),,8,Civilians (Palestine),Aid Workers (Palestine); Palestinian Red Crescent Society,7,78,Civilian targeting,275,Middle East,Palestine,Gaza Strip,Khan Yunis,,Khan Yunis - Al Amal,31.3544,34.3007,1,Ma'an News Agency; Newpress; Palestine News and Information Agency; Quds News Network; Twitter,New media-National,"On 31 January 2024, Israeli artillery and tanks struck targets and opened fire in the vicinity of Al Amal hospital in Khan Yunis - Al Amal (Khan Yunis, Gaza Strip). As a result, 2 PRCS workers were killed.",2,,1753955113
PSE46256,1/31/2024,2024,1,Political violence,Explosions/Remote violence,Shelling/artillery/missile attack,Military Forces of Israel (2022-),,8,Civilians (Palestine),,7,78,Civilian targeting,275,Middle East,Palestine,Gaza Strip,Gaza City,,Gaza - Sheikh Radwan,31.5349,34.4667,1,Ma'an News Agency; Palestine News and Information Agency; Quds News Network; Twitter,New media-National,"On 31 January 2024, Israeli artillery struck a group of people who were trying to catch an internet signal from inside the Al Yarmouk stadium in Gaza - Sheikh Radwan (Gaza City, Gaza Strip), killing 2 Palestinians and injuring dozens.",2,,1759789988
PSE46276,1/31/2024,2024,1,Political violence,Explosions/Remote violence,Air/drone strike,Military Forces of Israel (2022-),,8,Civilians (Palestine),,7,78,Civilian targeting,275,Middle East,Palestine,Gaza Strip,Khan Yunis,,Khan Yunis - As Sater,31.3637,34.3228,1,Quds News Network; Twitter,New media-National,"On 31 January 2024, Israeli warplanes struck a house in Khan Yunis - As Sater (Khan Yunis, Gaza Strip), killing one Palestinian.",1,,1753955113
PSE46247,1/31/2024,2024,1,Political violence,Explosions/Remote violence,Air/drone strike,Military Forces of Israel (2022-),,8,Civilians (Palestine),,7,78,Civilian targeting,275,Middle East,Palestine,Gaza Strip,Deir El Balah,,An Nusayrat - North,31.4591,34.3923,1,Arab 48; Newpress; Palestine News and Information Agency; Quds News Network; Twitter,New media-National,"On 31 January 2024, Israeli artillery shelled targets in the vicinity of Al Dawa mosque north of An Nusayrat camp (An Nusayrat - North, Deir El Balah, Gaza Strip). Also, 3 Palestinians were killed in airstrikes carried out by UAVs.",3,,1753955113
PSE46251,1/31/2024,2024,1,Political violence,Explosions/Remote violence,Air/drone strike,Military Forces of Israel (2022-),,8,Civilians (Palestine),,7,78,Civilian targeting,275,Middle East,Palestine,Gaza Strip,Khan Yunis,,Hamad,31.3749,34.3193,1,Palestine News and Information Agency; Quds News Network; Twitter,New media-National,"On 31 January 2024, Israeli warplanes struck targets in Hamad city (Khan Yunis, Gaza Strip), killing 4 Palestinians and injuring a number of others.",4,,1753955113
PSE46258,1/31/2024,2024,1,Political violence,Explosions/Remote violence,Air/drone strike,Military Forces of Israel (2022-),,8,Civilians (Palestine),,7,78,Civilian targeting,275,Middle East,Palestine,Gaza Strip,Deir El Balah,,Deir al Balah,31.4178,34.3503,1,Palestine News and Information Agency; Quds News Network; Twitter,New media-National,"On 31 January 2024, Israeli warplanes struck a house and the Al Nakhil center in Deir al Balah (Deir El Balah, Gaza Strip), killing 2 Palestinians and injuring others.",2,,1753955113
PSE46272,1/31/2024,2024,1,Political violence,Explosions/Remote violence,Air/drone strike,Military Forces of Israel (2022-),,8,Civilians (Palestine),,7,78,Civilian targeting,275,Middle East,Palestine,Gaza Strip,Deir El Balah,,Al Musaddar,31.4105,34.378,1,Newpress; Quds News Network; Twitter,New media-National,"On 31 January 2024, Israeli warplanes struck a house and agricultural land in Al Musaddar (Deir El Balah, Gaza Strip), killing a Palestinian and injuring a number of others.",1,,1765850627
PSE46417,1/31/2024,2024,1,Political violence,Violence against civilians,Attack,Military Forces of Israel (2022-),,8,Civilians (Palestine),,7,78,Civilian targeting,275,Middle East,Palestine,Gaza Strip,North Gaza,,Beit Lahiya,31.5541,34.5016,1,Palestine News and Information Agency; Quds News Network; Twitter,New media-National,"On 31 January 2024, Israeli military forces (likely) detained and killed 30 Palestinians whose bodies were later discovered decomposed at a school in Beit Lahiya (North Gaza, Gaza Strip), where they were found with their hands tied and eyes covered.",30,,1753955113
PSE46274,1/31/2024,2024,1,Political violence,Explosions/Remote violence,Air/drone strike,Military Forces of Israel (2022-),,8,Civilians (Palestine),,7,78,Civilian targeting,275,Middle East,Palestine,Gaza Strip,Gaza City,,Gaza - Sabra,31.5086,34.4493,1,Quds News Network; Twitter,New media-National,"On 31 January 2024, Israeli warplanes struck houses in Gaza - Sabra (Gaza City, Gaza Strip). Casualties unknown.",0,,1759789988
PSE46243,1/31/2024,2024,1,Political violence,Explosions/Remote violence,Air/drone strike,Military Forces of Israel (2022-),,8,Civilians (Palestine),,7,78,Civilian targeting,275,Middle East,Palestine,Gaza Strip,Gaza City,,Gaza - Ash Shati' Camp,31.5349,34.4466,2,Palestine News and Information Agency; Palestinian Ministry of Health; Quds News Network; Twitter,Other-New media,"On 31 January 2024, Israeli warplanes and artillery struck targets and opened fire northwest of Gaza city, coded to Gaza - Ash Shati' Camp (Gaza City, Gaza Strip), killing and injuring an unspecified number of Palestinians. [Palestinian Ministry of Health reported 27019 fatalities upto 31 January 2024. 10 fatalities not attributed to specific events split across 2 events on 31 January. 5 fatalities coded to this event.]",5,,1759789988
PSE46254,1/31/2024,2024,1,Political violence,Explosions/Remote violence,Air/drone strike,Military Forces of Israel (2022-),,8,Civilians (Palestine),,7,78,Civilian targeting,275,Middle East,Palestine,Gaza Strip,North Gaza,,Beit Hanoun,31.5405,34.5402,1,Ma'an News Agency; Palestine News and Information Agency; Quds News Network; Twitter,New media-National,"On 31 January 2024, a Palestinian woman was killed in a airstrike that targeted a group in Beit Hanoun (North Gaza, Gaza Strip) and Israeli artillery also struck targets killing 3 Palestinians and injuring dozens. Total fatalities coded as 4.",4,,1753955113
PSE46245,1/31/2024,2024,1,Political violence,Explosions/Remote violence,Air/drone strike,Military Forces of Israel (2022-),,8,Civilians (Palestine),,7,78,Civilian targeting,275,Middle East,Palestine,Gaza Strip,Gaza City,,Gaza - Southern Remal,31.5168,34.4355,1,Palestine Information Center; Palestine News and Information Agency; Quds News Network,Other-National,"On 31 January 2024, Israeli warplanes struck houses in Gaza - Southern Remal (Gaza City, Gaza Strip). Meanwhile, artillery shelled and opened fire in the same area. Casualties unknown. [On 11 February 2024, 100 bodies were recovered from under the rubble in Remal and Tal el Hawa, these fatalities split across 4 events, 25 fatalities were coded to this event].",25,,1759789988
PSE46253,1/31/2024,2024,1,Political violence,Explosions/Remote violence,Air/drone strike,Military Forces of Israel (2022-),,8,Civilians (Palestine),,7,78,Civilian targeting,275,Middle East,Palestine,Gaza Strip,Gaza City,,Gaza - At Turukman,31.4864,34.4738,1,Arab 48; Ma'an News Agency; Palestine News and Information Agency; Quds News Network; Twitter,New media-National,"On 31 January 2024, Israeli warplanes struck a house in Al Maghrbi area southeast of Gaza city, coded to Gaza - At Turukman (Gaza City, Gaza Strip), killing 2 Palestinians and injuring a number of others.",2,,1762292062
PSE46257,1/31/2024,2024,1,Political violence,Explosions/Remote violence,Air/drone strike,Military Forces of Israel (2022-),,8,Civilians (Palestine),,7,78,Civilian targeting,275,Middle East,Palestine,Gaza Strip,Rafah,,Yibna,31.2842,34.2482,2,Palestine News and Information Agency; Quds News Network; Twitter,New media-National,"On 31 January 2024, Israeli warplanes struck targets in the vicinity of Rafah crossing southeast of Rafah (coded to Yibna, Gaza Strip), killing a Palestinian mother and her daughter.",2,,1753955113
PSE46261,1/31/2024,2024,1,Political violence,Explosions/Remote violence,Shelling/artillery/missile attack,Military Forces of Israel (2022-),,8,Civilians (Palestine),,7,78,Civilian targeting,275,Middle East,Palestine,Gaza Strip,Gaza City,,Al Mughraqa,31.4675,34.4097,2,Palestine News and Information Agency; Quds News Network; Twitter,New media-National,"On 31 January 2024, Israeli artillery shelled targets in the Wadi Gaza, coded to Al Mughraqa area (Gaza City, Gaza Strip), killing 3 Palestinians",3,,1753955113
PSE46244,1/31/2024,2024,1,Political violence,Explosions/Remote violence,Air/drone strike,Military Forces of Israel (2022-),,8,Civilians (Palestine),,7,78,Civilian targeting,275,Middle East,Palestine,Gaza Strip,Gaza City,,Gaza - Az Zaytun,31.4964,34.4522,1,Palestine News and Information Agency; Quds News Network; Twitter,New media-National,"On 31 January 2024, Israeli warplanes struck houses in Gaza - Az Zaytun (Gaza City, Gaza Strip) and Al Jalas street in the same area, killing 7 Palestinians. Meanwhile, artillery struck targets in the same area. Casualties unknown.",7,,1759789988
PSE46267,1/31/2024,2024,1,Political violence,Explosions/Remote violence,Air/drone strike,Military Forces of Israel (2022-),,8,Civilians (Palestine),,7,78,Civilian targeting,275,Middle East,Palestine,Gaza Strip,North Gaza,,Jabalya,31.5272,34.4835,1,Arab 48; Palestinian Ministry of Health; Quds News Network; Twitter,Other-New media,"On 31 January 2024, Israeli warplanes struck houses in Jabalya town (North Gaza, Gaza Strip), killing and injuring an unspecified number of Palestinians. [Palestinian Ministry of Health reported 27019 fatalities upto 31 January 2024. 10 fatalities not attributed to specific events split across 2 events on 31 January. 5 fatalities coded to this event.]",5,,1759789988
PSE46279,1/31/2024,2024,1,Political violence,Explosions/Remote violence,Air/drone strike,Military Forces of Israel (2022-),,8,Civilians (Palestine),,7,78,Civilian targeting,275,Middle East,Palestine,Gaza Strip,North Gaza,,Jabalya,31.5272,34.4835,2,Palestine News and Information Agency; Quds News Network; Twitter,New media-National,"On 31 January 2024, Israeli warplanes struck a house east of Jabalya town (North Gaza, Gaza Strip). Casualties unknown. [On 4 February 2024, dozens of bodies were recovered from under the rubble in the area of Jabalya (North Gaza), these fatalities were coded to this event as 12].",12,,1759789988
PSE46255,1/31/2024,2024,1,Political violence,Explosions/Remote violence,Air/drone strike,Military Forces of Israel (2022-),,8,Civilians (Palestine),,7,78,Civilian targeting,275,Middle East,Palestine,Gaza Strip,Rafah,,Khirbet al Adas,31.2855,34.2714,2,Arab 48; Ma'an News Agency; Palestine News and Information Agency; Quds News Network; Twitter,New media-National,"On 31 January 2024, Israeli warplanes struck a passing car in Miraj area north of Rafah city (coded to Khirbet al Adas, Gaza Strip), killing 4 Palestinians including a child and injuring a number of others.",4,,1753955113
