event_id_cnty,event_date,year,time_precision,disorder_type,event_type,sub_event_type,actor1,assoc_actor_1,inter1,actor2,assoc_actor_2,inter2,interaction,civilian_targeting,iso,region,country,admin1,admin2,admin3,location,latitude,longitude,geo_precision,source,source_scale,notes,fatalities,tags,timestamp
PSE47705,3/1/2024,2024,1,Political violence,Explosions/Remote violence,Air/drone strike,Military Forces of Israel (2022-),,8,Civilians (Palestine),Refugees/IDPs (Palestine),7,78,Civilian targeting,275,Middle East,Palestine,Gaza Strip,Deir El Balah,,Al Burayj,31.4394,34.4031,1,Al Ghad (Jordan); Ma'an News Agency; Palestine News and Information Agency; Quds News Network; Twitter,New media-National,"On 1 March 2024, Israeli warplanes struck a house in Al Burayj refugee camp (Deir El Balah, Gaza Strip), killing 10 Palestinians and injuring a number of others.",10,,1753955113
PSE47760,3/1/2024,2024,1,Political violence,Explosions/Remote violence,Air/drone strike,Military Forces of Israel (2022-),,8,Civilians (Palestine),Refugees/IDPs (Palestine),7,78,Civilian targeting,275,Middle East,Palestine,Gaza Strip,Deir El Balah,,An Nusayrat,31.4486,34.3925,1,Ma'an News Agency,National,"On 1 March 2024, Israeli warplanes struck a house in An Nusayrat refugee camp (Deir El Balah, Gaza Strip). Casualties unknown.",0,,1753955113
PSE47839,3/1/2024,2024,1,Political violence,Explosions/Remote violence,Air/drone strike,Military Forces of Israel (2022-),,8,Civilians (Palestine),,7,78,Civilian targeting,275,Middle East,Palestine,Gaza Strip,Deir El Balah,,Deir al Balah,31.4178,34.3503,1,Arab 48; Newpress; Quds News Network; Twitter,New media-National,"On 1 March 2024, Israeli warplanes struck targets in Abu Arif street in Deir al Balah city (Deir El Balah, Gaza Strip), leaving 11 fatalities.",11,,1753955113
PSE47847,3/1/2024,2024,1,Political violence,Explosions/Remote violence,Air/drone strike,Military Forces of Israel (2022-),,8,Civilians (Palestine),,7,78,Civilian targeting,275,Middle East,Palestine,Gaza Strip,Deir El Balah,,Deir al Balah Camp,31.4249,34.34,2,Ma'an News Agency; PLO Negotiations Affairs Department; Quds News Network; Twitter,Other-New media,"On 1 March 2024, Israeli warplanes struck targets and a house east of Deir El Balah, coded to Deir al Balah Camp (Deir al Balah, Gaza Strip), leaving 3 fatalities and a number of injuries. Meanwhile, artillery and tanks shelled targets in the same area.",3,,1765850627
PSE47918,3/1/2024,2024,1,Political violence,Explosions/Remote violence,Air/drone strike,Military Forces of Israel (2022-),,8,Civilians (Palestine),Refugees/IDPs (Palestine),7,78,Civilian targeting,275,Middle East,Palestine,Gaza Strip,Khan Yunis,,Hamad,31.3749,34.3193,1,Ma'an News Agency; Newpress; Palestine News and Information Agency; Quds News Network; Twitter,New media-National,"On 1 March 2024, Israeli warplanes struck targets including a passing car, gathering, and a school hosting displaced people in Hamad city (Khan Yunis, Gaza Strip), leaving 6 fatalities.",6,,1753955113
PSE48018,3/1/2024,2024,1,Political violence,Explosions/Remote violence,Air/drone strike,Military Forces of Israel (2022-),,8,Civilians (Palestine),,7,78,Civilian targeting,275,Middle East,Palestine,Gaza Strip,North Gaza,,Jabalya Camp,31.536,34.4907,2,Quds News Network; Twitter,New media-National,"On 1 March 2024, Israeli warplanes struck targets west of Mukhayyam Jabalya camp (North Gaza, Gaza Strip), killing a Palestinian and injuring a number of other persons.",1,,1753955113
PSE48054,3/1/2024,2024,1,Political violence,Explosions/Remote violence,Air/drone strike,Military Forces of Israel (2022-),,8,Civilians (Palestine),,7,78,Civilian targeting,275,Middle East,Palestine,Gaza Strip,Rafah,,Shokat as Sufi,31.2586,34.2824,1,Newpress; Quds News Network; Twitter,New media-National,"On 1 March 2024, Israeli warplanes struck houses south of Rafah in Shokat as Sufi (Rafah, Gaza Strip), causing fatalities and injuries. Unspecified number of fatalities coded as 3.",3,,1753955113
PSE47796,3/1/2024,2024,1,Political violence,Explosions/Remote violence,Air/drone strike,Military Forces of Israel (2022-),,8,Civilians (Palestine),,7,78,Civilian targeting,275,Middle East,Palestine,Gaza Strip,North Gaza,,Beit Hanoun,31.5405,34.5402,1,Arab 48; Ma'an News Agency; Newpress; Palestine News and Information Agency; Quds News Network; Twitter,New media-National,"On 1 March 2024, Israeli warplanes struck a house in Beit Hanoun (North Gaza, Gaza Strip), leaving an unspecified number of fatalities and injuries. Fatalities coded as 3.",3,,1753955113
PSE47732,3/1/2024,2024,1,Political violence,Explosions/Remote violence,Air/drone strike,Military Forces of Israel (2022-),,8,Civilians (Palestine),,7,78,Civilian targeting,275,Middle East,Palestine,Gaza Strip,Gaza City,,Al Mughraqa,31.4675,34.4097,1,Ma'an News Agency; Palestine News and Information Agency,National,"On 1 March 2024, Israeli UAVs opened fire in Al Mughraqa (Gaza City, Gaza Strip), killing a Palestinian.",1,,1753955113
PSE48084,3/1/2024,2024,1,Political violence,Explosions/Remote violence,Air/drone strike,Military Forces of Israel (2022-),,8,Civilians (Palestine),Refugees/IDPs (Palestine),7,78,Civilian targeting,275,Middle East,Palestine,Gaza Strip,Rafah,,Yibna,31.2842,34.2482,1,Ma'an News Agency; Palestine News and Information Agency; Quds News Network; Twitter,New media-National,"On 1 March 2024, Israeli warplanes struck a house in Yibna refugee camp (Rafah, Gaza Strip), killing a child and injuring several persons.",1,,1753955113
PSE47882,3/1/2024,2024,1,Political violence,Explosions/Remote violence,Shelling/artillery/missile attack,Military Forces of Israel (2022-),,8,Civilians (Palestine),,7,78,Civilian targeting,275,Middle East,Palestine,Gaza Strip,Gaza City,,Gaza - Az Zaytun,31.4964,34.4522,1,Arab 48; Newpress; Quds News Network; Twitter,New media-National,"On 1 March 2024, Israeli tanks fired shells and killed 7 Palestinians in Gaza - Az Zaytun (Gaza City, Gaza Strip).",7,,1759789988
PSE48102,3/2/2024,2024,1,Political violence,Explosions/Remote violence,Air/drone strike,Military Forces of Israel (2022-),,8,Civilians (Palestine),,7,78,Civilian targeting,275,Middle East,Palestine,Gaza Strip,Khan Yunis,,Al Qararah,31.3739,34.3409,1,Liveuamap; Newpress; Quds News Network; Twitter,Local partner-New media,"On 2 March 2024, Israeli warplanes carried out airstrikes in Al Qararah (Khan Yunis, Gaza Strip), leaving 4 fatalities and a number of injuries.",4,,1753955113
PSE48112,3/2/2024,2024,1,Political violence,Explosions/Remote violence,Air/drone strike,Military Forces of Israel (2022-),,8,Civilians (Palestine),,7,78,Civilian targeting,275,Middle East,Palestine,Gaza Strip,Khan Yunis,,Bani Suheila,31.3424,34.325,1,Quds News Network; Twitter,New media-National,"On 2 March 2024, Israeli warplanes carried out airstrikes in Bani Suheila (Khan Yunis, Gaza Strip), injuring a number of Palestinians.",0,,1753955113
PSE48133,3/2/2024,2024,1,Political violence,Explosions/Remote violence,Air/drone strike,Military Forces of Israel (2022-),,8,Civilians (Palestine),,7,78,Civilian targeting,275,Middle East,Palestine,Gaza Strip,Gaza City,,Gaza - Ad Darraj,31.5172,34.4642,1,Palestine News and Information Agency,National,"On 2 March 2024, Israeli warplanes struck houses in Gaza - Ad Darraj (Gaza City, Gaza Strip). Casualties unknown.",0,,1759790002
PSE48181,3/2/2024,2024,1,Political violence,Explosions/Remote violence,Shelling/artillery/missile attack,Military Forces of Israel (2022-),,8,Civilians (Palestine),,7,78,Civilian targeting,275,Middle East,Palestine,Gaza Strip,Khan Yunis,,Khan Yunis - City Centre,31.3419,34.3015,1,Palestine News and Information Agency,National,"On 2 March 2024, Israeli artillery shelled central Khan Yunis, coded to Khan Yunis - City Centre (Khan Yunis, Gaza Strip), killing 2 persons and injuring another 15, including children.",2,,1753955113
PSE48096,3/2/2024,2024,1,Political violence,Explosions/Remote violence,Air/drone strike,Military Forces of Israel (2022-),,8,Civilians (Palestine),Refugees/IDPs (Palestine),7,78,Civilian targeting,275,Middle East,Palestine,Gaza Strip,Deir El Balah,,Al Maghazi,31.4214,34.3865,1,Quds News Network; Twitter,New media-National,"On 2 March 2024, Israeli warplanes struck a house in Al Maghazi refugee camp (Deir El Balah, Gaza Strip), injuring 3 Palestinians.",0,,1753955113
PSE48107,3/2/2024,2024,1,Political violence,Explosions/Remote violence,Air/drone strike,Military Forces of Israel (2022-),,8,Civilians (Palestine),,7,78,Civilian targeting,275,Middle East,Palestine,Gaza Strip,Deir El Balah,,An Nusayrat - West,31.4525,34.3756,1,Quds News Network; Twitter,New media-National,"On 2 March 2024, Israeli warplanes struck a group of Palestinians west of An Nusayrat camp (An Nusayrat - West, Deir El Balah, Gaza Strip), leaving a number of injuries.",0,,1753955113
PSE48132,3/2/2024,2024,1,Political violence,Explosions/Remote violence,Air/drone strike,Military Forces of Israel (2022-),,8,Civilians (Palestine),,7,78,Civilian targeting,275,Middle East,Palestine,Gaza Strip,Deir El Balah,,Deir al Balah Camp,31.4249,34.34,2,Al-Ittihad; Palestine News and Information Agency; PLO Negotiations Affairs Department; Quds News Network; Twitter,Other-New media,"On 2 March 2024, Israeli warplanes struck 2 houses east of Deir El Balah, coded to Deir al Balah Camp (Deir al Balah, Gaza Strip), killing 15 Palestinians and injuring dozens. Also, artillery and tanks shelled targets in the same area. The total fatalities were 15.",15,,1765850627
PSE48182,3/2/2024,2024,1,Political violence,Explosions/Remote violence,Air/drone strike,Military Forces of Israel (2022-),,8,Civilians (Palestine),,7,78,Civilian targeting,275,Middle East,Palestine,Gaza Strip,Deir El Balah,,Wadi as Salqa,31.4005,34.3375,2,Newpress; Quds News Network; Twitter,New media-National,"On 2 March 2024, Israeli warplanes struck a house in Al Heker area south of Deir al Balah city, coded to Wadi as Salqa (Deir El Balah, Gaza Strip), leaving 2 fatalities and a number of injuries.",2,,1753955113
PSE48339,3/2/2024,2024,1,Political violence,Explosions/Remote violence,Air/drone strike,Military Forces of Israel (2022-),,8,Civilians (Palestine),Refugees/IDPs (Palestine),7,78,Civilian targeting,275,Middle East,Palestine,Gaza Strip,Deir El Balah,,An Nusayrat,31.4486,34.3925,1,Arab 48; Newpress; Quds News Network; Twitter,New media-National,"On 2 March 2024, Israeli warplanes struck a house in An Nusayrat camp (Deir El Balah, Gaza Strip), injuring a number of Palestinians.",0,,1753955113
PSE48340,3/2/2024,2024,1,Political violence,Explosions/Remote violence,Air/drone strike,Military Forces of Israel (2022-),,8,Civilians (Palestine),,7,78,Civilian targeting,275,Middle East,Palestine,Gaza Strip,Deir El Balah,,Deir al Balah,31.4178,34.3503,1,Arab 48,National,"On 2 March 2024, Israeli warplanes struck near Al Bukhari mosque in Deir al Balah city (Deir El Balah, Gaza Strip), killing 3 persons.",3,,1753955113
PSE48137,3/2/2024,2024,1,Political violence,Explosions/Remote violence,Air/drone strike,Military Forces of Israel (2022-),,8,Civilians (Palestine),,7,78,Civilian targeting,275,Middle East,Palestine,Gaza Strip,Gaza City,,Gaza - Sabra,31.5086,34.4493,1,Palestine News and Information Agency,National,"On 2 March 2024, Israeli warplanes struck houses in Gaza - Sabra (Gaza City, Gaza Strip). Casualties unknown.",0,,1759790002
PSE48174,3/2/2024,2024,1,Political violence,Explosions/Remote violence,Air/drone strike,Military Forces of Israel (2022-),,8,Civilians (Palestine),Health Workers (Palestine); Refugees/IDPs (Palestine),7,78,Civilian targeting,275,Middle East,Palestine,Gaza Strip,Rafah,,Tal as Sultan,31.3098,34.2414,1,Al Ghad (Jordan); Newpress; Palestine News and Information Agency; Quds News Network; Twitter,New media-National,"On 2 March 2024, Israeli warplanes struck tents hosting displaced Palestinians in Al Emirati Hospital in Tal as Sultan (Rafah, Gaza Strip). As a result, 11 Palestinians were killed, including a paramedic and 50 persons were injured.",11,,1762829569
PSE48157,3/2/2024,2024,1,Political violence,Explosions/Remote violence,Air/drone strike,Military Forces of Israel (2022-),,8,Civilians (Palestine),Refugees/IDPs (Palestine),7,78,Civilian targeting,275,Middle East,Palestine,Gaza Strip,North Gaza,,Jabalya Camp,31.536,34.4907,1,Al-Ittihad; Liveuamap; Palestine News and Information Agency; Quds News Network; Twitter,Local partner-New media,"On 2 March 2024, Israeli warplanes struck a house hosting 70 persons in Mukhayyam Jabalya Camp (North Gaza, Gaza Strip), killing more than 20 Palestinians.",20,,1753955113
PSE48247,3/2/2024,2024,1,Political violence,Explosions/Remote violence,Air/drone strike,Military Forces of Israel (2022-),,8,Civilians (Palestine),,7,78,Civilian targeting,275,Middle East,Palestine,Gaza Strip,Khan Yunis,,Khan Yunis - Al Amal,31.3544,34.3007,2,Palestine News and Information Agency; Quds News Network; Twitter,New media-National,"On 2 March 2024, Israeli warplanes struck a group of Palestinians in the Japanese neighborhood and targeted west of Khan Yunis (coded to Khan Yunis - Al Amal, Gaza Strip), killing one Palestinian and injuring another 4.",1,,1753955113
PSE48103,3/2/2024,2024,1,Political violence,Explosions/Remote violence,Air/drone strike,Military Forces of Israel (2022-),,8,Civilians (Palestine),Refugees/IDPs (Palestine),7,78,Civilian targeting,275,Middle East,Palestine,Gaza Strip,Gaza City,,Al Zahra,31.4716,34.4013,2,Quds News Network; Twitter,New media-National,"On 2 March 2024, Israeli warplanes struck displaced people west of Al Zahra (Gaza City, Gaza Strip), leaving a number of fatalities and injuries (fatalities coded as 3).",3,,1753955113
PSE48106,3/2/2024,2024,1,Political violence,Explosions/Remote violence,Air/drone strike,Military Forces of Israel (2022-),,8,Civilians (Palestine),,7,78,Civilian targeting,275,Middle East,Palestine,Gaza Strip,Gaza City,,Al Zahra,31.4716,34.4013,2,Quds News Network; Twitter,New media-National,"On 2 March 2024, Israeli warplanes struck Palestinians south of Al Zahra (Gaza City, Gaza Strip), leaving a number of injuries.",0,,1753955113
PSE48120,3/2/2024,2024,1,Political violence,Explosions/Remote violence,Shelling/artillery/missile attack,Military Forces of Israel (2022-),,8,Civilians (Palestine),Farmers (Palestine),7,78,Civilian targeting,275,Middle East,Palestine,Gaza Strip,North Gaza,,Beit Hanoun,31.5405,34.5402,1,Newpress; Palestine News and Information Agency; Quds News Network; Twitter,New media-National,"On 2 March 2024, Israeli artillery shelled a group of Palestinians while picking plants in Beit Hanoun (North Gaza, Gaza Strip), killing 3 persons and injuring another 7.",3,,1753955113
PSE48135,3/2/2024,2024,1,Political violence,Explosions/Remote violence,Air/drone strike,Military Forces of Israel (2022-),,8,Civilians (Palestine),,7,78,Civilian targeting,275,Middle East,Palestine,Gaza Strip,Gaza City,,Gaza - Az Zaytun,31.4964,34.4522,1,Arab 48; Palestine News and Information Agency; Quds News Network; Twitter,New media-National,"On 2 March 2024, Israeli warplanes struck houses in Gaza - Az Zaytun (Gaza City, Gaza Strip), killing at least 10 Palestinians and injuring dozens in several locations within Gaza City, coded to Gaza - Az Zaytun. Also, 2 persons were killed in an airstrike that targeted the central of Az Zaytun. Meanwhile, the artillery struck targets in the same area. Total fatalities were at least 12.",12,,1759790002
PSE48138,3/2/2024,2024,1,Political violence,Explosions/Remote violence,Air/drone strike,Military Forces of Israel (2022-),,8,Civilians (Palestine),,7,78,Civilian targeting,275,Middle East,Palestine,Gaza Strip,Gaza City,,Gaza - Tal el Hawa,31.5041,34.435,1,Palestine News and Information Agency; Quds News Network; Twitter,New media-National,"On 2 March 2024, Israeli warplanes struck houses in Gaza - Tal el Hawa (Gaza City, Gaza Strip), killing a Palestinian.",1,,1759790002
PSE48167,3/2/2024,2024,1,Political violence,Explosions/Remote violence,Air/drone strike,Military Forces of Israel (2022-),,8,Civilians (Palestine),Refugees/IDPs (Palestine),7,78,Civilian targeting,275,Middle East,Palestine,Gaza Strip,Rafah,,Rafah Camp,31.2847,34.2546,1,Palestine News and Information Agency; Quds News Network; Twitter,New media-National,"On 2 March 2024, Israeli warplanes struck a passing car in Al Shaboura refugee camp in Mukhayyam Rafah Camp (Rafah, Gaza Strip), killing 2 persons and injuring another one.",2,,1753955113
PSE48111,3/2/2024,2024,1,Political violence,Explosions/Remote violence,Air/drone strike,Military Forces of Israel (2022-),,8,Civilians (Palestine),,7,78,Civilian targeting,275,Middle East,Palestine,Gaza Strip,Rafah,,As Salam,31.2678,34.2567,1,Liveuamap; Ma'an News Agency; Palestine News and Information Agency; Quds News Network; Twitter,Local partner-New media,"On 2 March 2024, Israeli warplanes struck a house in As Salam (Rafah, Gaza Strip), leaving 19 fatalities and a number of injuries, including children.",19,,1753955113
PSE48191,3/2/2024,2024,1,Political violence,Violence against civilians,Attack,Military Forces of Israel (2022-),,8,Civilians (Palestine),,7,78,Civilian targeting,275,Middle East,Palestine,Gaza Strip,Gaza City,,Gaza - Ash Shaykh Ijlin,31.5098,34.4274,1,Newpress; Palestine News and Information Agency; Quds News Network; Twitter,New media-National,"On 2 March 2024, Israeli military forces opened fire on Palestinians who were waiting for aid trucks at Al Nabulsi roundabout in Al Rasheed Street in Gaza - Ash Shaykh Ijlin (Gaza City, Gaza Strip), killing one person and injuring 26 more. This event involved violence over aid.",1,,1754946060
PSE48108,3/3/2024,2024,1,Political violence,Explosions/Remote violence,Air/drone strike,Military Forces of Israel (2022-),,8,Civilians (Palestine),Refugees/IDPs (Palestine),7,78,Civilian targeting,275,Middle East,Palestine,Gaza Strip,Deir El Balah,,An Nusayrat,31.4486,34.3925,1,Ma'an News Agency; Palestine News and Information Agency; Quds News Network; Twitter,New media-National,"On 3 March 2024, Israeli warplanes struck a house hosting displaced people in An Nusayrat refugee camp (Deir El Balah, Gaza Strip), killing at least 12 Palestinians and injuring a number of others.",12,,1753955113
PSE48114,3/3/2024,2024,1,Political violence,Explosions/Remote violence,Air/drone strike,Military Forces of Israel (2022-),,8,Civilians (Palestine),,7,78,Civilian targeting,275,Middle East,Palestine,Gaza Strip,North Gaza,,Beit Lahiya,31.5541,34.5016,1,Quds News Network; Twitter,New media-National,"On 3 March 2024, Israeli warplanes struck targets and a land in Qlibo area of Beit Lahiya (North Gaza, Gaza Strip), injuring a Palestinian.",0,,1753955113
PSE48163,3/3/2024,2024,1,Political violence,Explosions/Remote violence,Air/drone strike,Military Forces of Israel (2022-),,8,Civilians (Palestine),Refugees/IDPs (Palestine),7,78,Civilian targeting,275,Middle East,Palestine,Gaza Strip,North Gaza,,Jabalya Camp,31.536,34.4907,1,Al Ghad (Jordan); Arab 48,National-Regional,"On 3 March 2024, Israeli warplanes struck a house in Mukhayyam Jabalya camp (North Gaza, Gaza Strip), killing 10 persons and injuring a number of Palestinians.",10,,1753955113
PSE48139,3/3/2024,2024,1,Political violence,Explosions/Remote violence,Air/drone strike,Military Forces of Israel (2022-),,8,Civilians (Palestine),,7,78,Civilian targeting,275,Middle East,Palestine,Gaza Strip,Khan Yunis,,Hamad,31.3749,34.3193,1,Al Ghad (Jordan); Palestine News and Information Agency; Palestinian Ministry of Health; Quds News Network; Twitter,Other-New media,"On 3 March 2024, Israeli warplanes and artillery struck the Hamad city including towers and apartments (Khan Yunis, Gaza Strip) leading to unspecified number of fatalities. [Palestinian Ministry of Health reported 30534 fatalities upto 3 March 2024. 46 fatalities not attributed to specific events split across 2 events on 3 March. 23 fatalities coded to this event.]",23,,1753955113
PSE48142,3/3/2024,2024,1,Political violence,Explosions/Remote violence,Air/drone strike,Military Forces of Israel (2022-),,8,Civilians (Palestine),,7,78,Civilian targeting,275,Middle East,Palestine,Gaza Strip,Khan Yunis,,Hamad,31.3749,34.3193,2,Palestine News and Information Agency; Palestinian Ministry of Health,Other-National,"On 3 March 2024, Israeli warplanes struck a house west of Hamad city (Khan Yunis, Gaza Strip) leading to unspecified number of fatalities. [Palestinian Ministry of Health reported 30534 fatalities upto 3 March 2024. 46 fatalities not attributed to specific events split across 2 events on 3 March. 23 fatalities coded to this event.]",23,,1753955113
PSE48146,3/3/2024,2024,1,Political violence,Explosions/Remote violence,Air/drone strike,Military Forces of Israel (2022-),,8,Civilians (Palestine),,7,78,Civilian targeting,275,Middle East,Palestine,Gaza Strip,North Gaza,,Jabalya,31.5272,34.4835,1,Palestine News and Information Agency; Quds News Network; Twitter,New media-National,"On 3 March 2024, Israeli warplanes struck a house in Al Saftawi area of Jabalya town (North Gaza, Gaza Strip), killing at least 4 Palestinians and injuring a number of others.",4,,1759790002
PSE48156,3/3/2024,2024,1,Political violence,Explosions/Remote violence,Air/drone strike,Military Forces of Israel (2022-),,8,Civilians (Palestine),,7,78,Civilian targeting,275,Middle East,Palestine,Gaza Strip,Rafah,,Khirbet al Adas,31.2855,34.2714,1,Liveuamap; Palestine News and Information Agency; Quds News Network; Twitter,Local partner-New media,"On 3 March 2024, Israeli warplanes struck a house in Khirbet al Adas (Rafah, Gaza Strip), leaving 7 fatalities and a number of injuries.",7,,1753955113
PSE48172,3/3/2024,2024,1,Political violence,Explosions/Remote violence,Air/drone strike,Military Forces of Israel (2022-),,8,Civilians (Palestine),,7,78,Civilian targeting,275,Middle East,Palestine,Gaza Strip,Rafah,,Rafah,31.287,34.2595,1,Al Ghad (Jordan); Quds News Network; Twitter,New media-National,"On 3 March 2024, Israeli warplanes carried out airstrikes and struck houses in Rafah city (Rafah, Gaza Strip), leaving a number of injuries.",0,,1762829569
PSE48206,3/3/2024,2024,1,Political violence,Violence against civilians,Attack,Military Forces of Israel (2022-),,8,Civilians (Palestine),,7,78,Civilian targeting,275,Middle East,Palestine,Gaza Strip,Gaza City,,Gaza - Az Zaytun,31.4964,34.4522,1,Palestine News and Information Agency; Quds News Network; Twitter,New media-National,"On 3 March 2024, Israeli military forces opened fire on Palestinians who were waiting for aid trucks at the Kuwait junction in Gaza - Az Zaytun (Gaza City, Gaza Strip), killing a Palestinian and injuring another 10. This event involved violence over aid.",1,,1759790002
PSE48128,3/3/2024,2024,1,Political violence,Explosions/Remote violence,Air/drone strike,Military Forces of Israel (2022-),,8,Civilians (Palestine),,7,78,Civilian targeting,275,Middle East,Palestine,Gaza Strip,Deir El Balah,,Deir al Balah,31.4178,34.3503,1,Dunia Al Watan; Newpress; Palestine News and Information Agency; Quds News Network; Twitter,New media-National,"On 3 March 2024, Israeli warplanes struck a truck delivering aid to Palestinians gathered in Deir al Balah city (Deir El Balah, Gaza Strip), killing at least 8 Palestinians and injuring a number of others. This event involved violence over aid.",8,,1754946060
PSE48095,3/4/2024,2024,1,Political violence,Explosions/Remote violence,Air/drone strike,Military Forces of Israel (2022-),,8,Civilians (Palestine),,7,78,Civilian targeting,275,Middle East,Palestine,Gaza Strip,Khan Yunis,,Al Fukhari,31.2952,34.3332,1,Arab 48; Palestine News and Information Agency; Quds News Network; Twitter,New media-National,"On 4 March 2024, Israeli warplanes struck a house near the European hospital in Al Fukhari (Khan Yunis, Gaza Strip), leaving 10 fatalities and a number of injuries.",10,,1753955113
PSE48104,3/4/2024,2024,1,Political violence,Explosions/Remote violence,Shelling/artillery/missile attack,Military Forces of Israel (2022-),,8,Civilians (Palestine),,7,78,Civilian targeting,275,Middle East,Palestine,Gaza Strip,Khan Yunis,,Al Qararah,31.3739,34.3409,1,Quds News Network; Twitter,New media-National,"On 4 March 2024, Israeli artillery shelled Al Qararah (Khan Yunis, Gaza Strip), killing a Palestinian.",1,,1753955113
PSE48154,3/4/2024,2024,1,Political violence,Explosions/Remote violence,Air/drone strike,Military Forces of Israel (2022-),,8,Civilians (Palestine),,7,78,Civilian targeting,275,Middle East,Palestine,Gaza Strip,Khan Yunis,,Khan Yunis,31.3502,34.3081,1,Arab 48; Palestine News and Information Agency,National,"On 4 March 2024, 30 Palestinians were killed since the morning in several locations of Khan Younis city (coded to Khan Yunis), likely by Israeli airstrikes and artillery fire. 20 fatalities were coded to this location.",20,,1753955113
PSE48094,3/4/2024,2024,1,Political violence,Explosions/Remote violence,Air/drone strike,Military Forces of Israel (2022-),,8,Civilians (Palestine),Refugees/IDPs (Palestine),7,78,Civilian targeting,275,Middle East,Palestine,Gaza Strip,Deir El Balah,,Al Burayj,31.4394,34.4031,1,Palestine News and Information Agency,National,"On 4 March 2024, Israeli warplanes struck a house in Al Burayj refugee camp (Deir El Balah, Gaza Strip), leaving several injuries.",0,,1753955113
PSE48109,3/4/2024,2024,1,Political violence,Explosions/Remote violence,Air/drone strike,Military Forces of Israel (2022-),,8,Civilians (Palestine),Refugees/IDPs (Palestine),7,78,Civilian targeting,275,Middle East,Palestine,Gaza Strip,Deir El Balah,,An Nusayrat,31.4486,34.3925,1,Liveuamap; Palestine News and Information Agency; Quds News Network; Twitter,Local partner-New media,"On 4 March 2024, Israeli warplanes struck a house in An Nusayrat refugee camp (Deir El Balah, Gaza Strip), leaving 2 fatalities.",2,,1753955113
PSE48169,3/4/2024,2024,1,Political violence,Violence against civilians,Abduction/forced disappearance,Military Forces of Israel (2022-),,8,Civilians (Palestine),,7,78,Civilian targeting,275,Middle East,Palestine,Gaza Strip,Khan Yunis,,Hamad,31.3749,34.3193,1,Arab 48; Quds News Network; Twitter,New media-National,"On 4 March 2024, Israeli forces arrested dozens of Palestinians in Hamad city (Khan Yunis, Gaza Strip).",0,,1772581279
PSE48127,3/4/2024,2024,1,Political violence,Explosions/Remote violence,Shelling/artillery/missile attack,Military Forces of Israel (2022-),,8,Civilians (Palestine),,7,78,Civilian targeting,275,Middle East,Palestine,Gaza Strip,North Gaza,,Beit Lahiya,31.5541,34.5016,1,Palestine News and Information Agency,National,"On 4 March 2024, Israeli artillery shelled 2 houses in Beit Lahiya (North Gaza, Gaza Strip), leaving a number of injuries.",0,,1753955113
PSE48158,3/4/2024,2024,1,Political violence,Explosions/Remote violence,Shelling/artillery/missile attack,Military Forces of Israel (2022-),,8,Civilians (Palestine),,7,78,Civilian targeting,275,Middle East,Palestine,Gaza Strip,Gaza City,,Gaza - Sabra,31.5086,34.4493,1,Palestine News and Information Agency,National,"On 4 March 2024, Israeli artillery shelled houses in Gaza - Sabra (Gaza City, Gaza Strip), leaving several injuries.",0,,1759790002
PSE48161,3/4/2024,2024,1,Political violence,Explosions/Remote violence,Shelling/artillery/missile attack,Military Forces of Israel (2022-),,8,Civilians (Palestine),,7,78,Civilian targeting,275,Middle East,Palestine,Gaza Strip,Gaza City,,Gaza - Southern Remal,31.5168,34.4355,1,Palestine News and Information Agency,National,"On 4 March 2024, Israeli artillery shelled houses in Gaza - Southern Remal (Gaza City, Gaza Strip), leaving several injuries.",0,,1759790002
PSE48129,3/4/2024,2024,1,Political violence,Explosions/Remote violence,Air/drone strike,Military Forces of Israel (2022-),,8,Civilians (Palestine),,7,78,Civilian targeting,275,Middle East,Palestine,Gaza Strip,Deir El Balah,,Deir al Balah,31.4178,34.3503,1,Palestine News and Information Agency; Palestinian Ministry of Health,Other-National,"On 4 March 2024, Israeli warplanes struck a house in Deir al Balah city (Deir El Balah, Gaza Strip) leading to unspecified fatalities. [Palestinian Ministry of Health reported 30631 fatalities upto 4 March 2024. 18 fatalities not attributed to specific events split across 3 events on 4 March. 6 fatalities coded to this event.]",6,,1753955113
PSE48166,3/4/2024,2024,1,Political violence,Explosions/Remote violence,Air/drone strike,Military Forces of Israel (2022-),,8,Civilians (Palestine),Refugees/IDPs (Palestine),7,78,Civilian targeting,275,Middle East,Palestine,Gaza Strip,North Gaza,,Jabalya Camp,31.536,34.4907,1,Newpress; Palestine News and Information Agency; Palestinian Ministry of Health; Twitter,Other-New media,"On 4 March 2024, Israeli warplanes struck a house in Mukhayyam Jabalya camp (North Gaza, Gaza Strip). Meanwhile, Israeli artillery shelled houses in the camp leading to unspecified fatalities. [Palestinian Ministry of Health reported 30631 fatalities upto 4 March 2024. 18 fatalities not attributed to specific events split across 3 events on 4 March. 6 fatalities coded to this event.]",6,,1753955113
PSE48170,3/4/2024,2024,1,Political violence,Explosions/Remote violence,Shelling/artillery/missile attack,Military Forces of Israel (2022-),,8,Civilians (Palestine),,7,78,Civilian targeting,275,Middle East,Palestine,Gaza Strip,Khan Yunis,,Hamad,31.3749,34.3193,1,Palestinian Ministry of Health; Quds News Network; Twitter,Other-New media,"On 4 March 2024, Israeli artillery struck an apartment in Hamad city (Khan Yunis, Gaza Strip) leading to unspecified fatalities. [Palestinian Ministry of Health reported 30631 fatalities upto 4 March 2024. 18 fatalities not attributed to specific events split across 3 events on 4 March. 6 fatalities coded to this event.]",6,,1753955113
PSE48136,3/4/2024,2024,1,Political violence,Explosions/Remote violence,Air/drone strike,Military Forces of Israel (2022-),,8,Civilians (Palestine),,7,78,Civilian targeting,275,Middle East,Palestine,Gaza Strip,Gaza City,,Gaza - Az Zaytun,31.4964,34.4522,1,Arab 48; Palestine News and Information Agency; Quds News Network; Twitter,New media-National,"On 4 March 2024, Israeli warplanes struck houses in Gaza - Az Zaytun (Gaza City, Gaza Strip), leaving 4 fatalities and a number of injuries.",4,,1759790002
PSE48173,3/4/2024,2024,1,Political violence,Explosions/Remote violence,Air/drone strike,Military Forces of Israel (2022-),,8,Civilians (Palestine),,7,78,Civilian targeting,275,Middle East,Palestine,Gaza Strip,Rafah,,Rafah,31.287,34.2595,1,Palestine News and Information Agency,National,"On 4 March 2024, Israeli warplanes struck 2 houses in Rafah city (Rafah, Gaza Strip), leaving 19 fatalities.",19,,1762829569
PSE48226,3/5/2024,2024,1,Political violence,Explosions/Remote violence,Air/drone strike,Military Forces of Israel (2022-),,8,Civilians (Palestine),,7,78,Civilian targeting,275,Middle East,Palestine,Gaza Strip,Khan Yunis,,Khan Yunis,31.3502,34.3081,1,Newpress; Palestine News and Information Agency; Quds News Network; Twitter,New media-National,"On 5 March 2024, Israeli warplanes and artillery struck targets in Khan Yunis city (Khan Yunis, Gaza Strip). 23 bodies were recovered on the same day in several locations of Khan Younis city (21 fatalities coded to this location).",21,,1753955113
PSE48241,3/5/2024,2024,1,Political violence,Explosions/Remote violence,Air/drone strike,Military Forces of Israel (2022-),,8,Civilians (Palestine),,7,78,Civilian targeting,275,Middle East,Palestine,Gaza Strip,Khan Yunis,,Al Fukhari,31.2952,34.3332,1,Quds News Network; Twitter,New media-National,"On 5 March 2024, Israeli warplanes struck a house in Al Fukhari (Khan Yunis, Gaza Strip), leaving 2 fatalities and a number of injuries.",2,,1753955113
PSE48227,3/5/2024,2024,1,Political violence,Explosions/Remote violence,Air/drone strike,Military Forces of Israel (2022-),,8,Civilians (Palestine),Refugees/IDPs (Palestine),7,78,Civilian targeting,275,Middle East,Palestine,Gaza Strip,Deir El Balah,,An Nusayrat,31.4486,34.3925,1,Dunia Al Watan; Palestine News and Information Agency; Quds News Network; Twitter,New media-National,"On 5 March 2024, Israeli warplanes struck a house in An Nusayrat refugee camp (Deir El Balah, Gaza Strip), leaving a number of fatalities and injuries. Unknown fatalities coded as 3.",3,,1753955113
PSE48228,3/5/2024,2024,1,Political violence,Explosions/Remote violence,Air/drone strike,Military Forces of Israel (2022-),,8,Civilians (Palestine),Journalists (Palestine),7,78,Civilian targeting,275,Middle East,Palestine,Gaza Strip,Deir El Balah,,Deir al Balah,31.4178,34.3503,1,Newpress; Quds News Network; Twitter,New media-National,"On 5 March 2024, Israeli warplanes struck a house in Al Mahaleh area of Deir al Balah city (Deir El Balah, Gaza Strip), killing 7 Palestinians, including a journalist.",7,,1753955113
PSE48242,3/5/2024,2024,1,Political violence,Explosions/Remote violence,Air/drone strike,Military Forces of Israel (2022-),,8,Civilians (Palestine),,7,78,Civilian targeting,275,Middle East,Palestine,Gaza Strip,Deir El Balah,,An Nusayrat - South,31.4389,34.3815,1,Quds News Network; Twitter,New media-National,"On 5 March 2024, Israeli warplanes struck a house south of An Nusayrat camp (An Nusayrat - South, Deir El Balah, Gaza Strip), leaving a number of injuries.",0,,1753955113
PSE48225,3/5/2024,2024,1,Political violence,Explosions/Remote violence,Air/drone strike,Military Forces of Israel (2022-),,8,Civilians (Palestine),,7,78,Civilian targeting,275,Middle East,Palestine,Gaza Strip,North Gaza,,Beit Lahiya,31.5541,34.5016,2,Palestine News and Information Agency; Quds News Network; Twitter,New media-National,"On 5 March 2024, Israeli warplanes struck a house north of Beit Lahiya (North Gaza, Gaza Strip), leaving a number of injuries.",0,,1753955113
PSE48224,3/5/2024,2024,1,Political violence,Explosions/Remote violence,Air/drone strike,Military Forces of Israel (2022-),,8,Civilians (Palestine),Refugees/IDPs (Palestine),7,78,Civilian targeting,275,Middle East,Palestine,Gaza Strip,North Gaza,,Jabalya Camp,31.536,34.4907,1,Arab 48; Newpress; Palestine News and Information Agency; Quds News Network; Twitter,New media-National,"On 5 March 2024, Israeli warplanes struck a residential complex in al-Huja area of Mukhayyam Jabalya Camp (North Gaza, Gaza Strip), leaving at least 7 fatalities and injuring dozens.",7,,1753955113
PSE48378,3/5/2024,2024,1,Political violence,Violence against civilians,Attack,Military Forces of Israel (2022-),,8,Civilians (Palestine),,7,78,Civilian targeting,275,Middle East,Palestine,Gaza Strip,Gaza City,,Gaza - Ash Shaykh Ijlin,31.5098,34.4274,2,Dunia Al Watan; Newpress; Palestine News and Information Agency; Quds News Network; Twitter,New media-National,"On 5 March 2024, Israeli military forces opened fire on Palestinians who were waiting for aid trucks in Al Rasheed Street, coded to Gaza - Ash Shaykh Ijlin (Gaza City, Gaza Strip), killing 1 child and leaving a number of injuries. This event involved violence over aid.",1,,1754946060
PSE48253,3/6/2024,2024,1,Political violence,Explosions/Remote violence,Air/drone strike,Military Forces of Israel (2022-),,8,Civilians (Palestine),,7,78,Civilian targeting,275,Middle East,Palestine,Gaza Strip,Khan Yunis,,Khan Yunis,31.3502,34.3081,1,Ma'an News Agency; Palestine News and Information Agency,National,"On 6 March 2024, Israeli warplanes struck targets in the Khan Yunis city (Khan Yunis, Gaza Strip). 29 bodies were recovered on the same day in several locations of Khan Younis city (24 fatalities coded to this location).",24,,1753955113
PSE48243,3/6/2024,2024,1,Political violence,Explosions/Remote violence,Air/drone strike,Military Forces of Israel (2022-),,8,Civilians (Palestine),,7,78,Civilian targeting,275,Middle East,Palestine,Gaza Strip,Deir El Balah,,Deir al Balah,31.4178,34.3503,1,Arab 48; Palestine News and Information Agency; Quds News Network; Twitter,New media-National,"On 6 March 2024, Israeli warplanes struck a house in Deir al Balah city (Deir El Balah, Gaza Strip), leaving a number of fatalities and several injuries. 17 Palestinians were killed in an evening airstrike in Deir al Balah and An Nusayrat camp (8 fatalities coded to Deir al Balah).",8,,1753955113
PSE48249,3/6/2024,2024,1,Political violence,Explosions/Remote violence,Air/drone strike,Military Forces of Israel (2022-),,8,Civilians (Palestine),Refugees/IDPs (Palestine),7,78,Civilian targeting,275,Middle East,Palestine,Gaza Strip,Deir El Balah,,An Nusayrat,31.4486,34.3925,1,Liveuamap; Palestine News and Information Agency; Quds News Network; Twitter,Local partner-New media,"On 6 March 2024, Israeli warplanes struck houses in An Nusayrat refugee camp (Deir El Balah, Gaza Strip), leaving a number of injuries. Meanwhile, artillery shelled targets in the same area. 17 Palestinians were killed in an evening airstrike in Deir al Balah and An Nusayrat camp (9 fatalities coded to An Nusayrat).",9,,1753955113
PSE48368,3/6/2024,2024,1,Political violence,Explosions/Remote violence,Air/drone strike,Military Forces of Israel (2022-),,8,Civilians (Palestine),Refugees/IDPs (Palestine),7,78,Civilian targeting,275,Middle East,Palestine,Gaza Strip,Deir El Balah,,An Nusayrat - West,31.4525,34.3756,1,Palestine News and Information Agency; Quds News Network; Twitter,New media-National,"On 6 March 2024, Israeli warplanes struck a house hosting displaced people west of An Nusayrat refugee camp (An Nusayrat - West, Deir El Balah, Gaza Strip), leaving 5 fatalities and a number of injuries.",5,,1753955113
PSE48377,3/6/2024,2024,1,Political violence,Explosions/Remote violence,Air/drone strike,Military Forces of Israel (2022-),,8,Civilians (Palestine),Refugees/IDPs (Palestine),7,78,Civilian targeting,275,Middle East,Palestine,Gaza Strip,Deir El Balah,,Al Burayj,31.4394,34.4031,1,Newpress; Quds News Network; Twitter,New media-National,"On 6 March 2024, Israeli warplanes struck a house in Al Burayj refugee camp (Deir El Balah, Gaza Strip), leaving 3 fatalities.",3,,1753955113
PSE48419,3/6/2024,2024,1,Political violence,Explosions/Remote violence,Shelling/artillery/missile attack,Military Forces of Israel (2022-),,8,Civilians (Palestine),,7,78,Civilian targeting,275,Middle East,Palestine,Gaza Strip,Rafah,,Yasser Arafat International Airport,31.2431,34.2759,1,Al Ghad (Jordan); Newpress; Quds News Network; Twitter,New media-National,"On 6 March 2024, Israeli artillery struck targets in Yasser Arafat International Airport (Rafah, Gaza Strip), killing 1 Palestinian child.",1,,1753955113
PSE48381,3/6/2024,2024,1,Political violence,Explosions/Remote violence,Air/drone strike,Military Forces of Israel (2022-),,8,Civilians (Palestine),Refugees/IDPs (Palestine),7,78,Civilian targeting,275,Middle East,Palestine,Gaza Strip,North Gaza,,Jabalya Camp,31.536,34.4907,1,Quds News Network; Twitter,New media-National,"On 6 March 2024, Israeli warplanes struck a house in Mukhayyam Jabalya camp (North Gaza, Gaza Strip), leaving a number of fatalities and injuries, including children. Unknown fatalities coded as 3.",3,,1753955113
PSE48411,3/6/2024,2024,1,Political violence,Explosions/Remote violence,Shelling/artillery/missile attack,Military Forces of Israel (2022-),,8,Civilians (Palestine),,7,78,Civilian targeting,275,Middle East,Palestine,Gaza Strip,Rafah,,Shokat as Sufi,31.2586,34.2824,1,Arab 48; Palestine News and Information Agency; Quds News Network; Twitter,New media-National,"On 6 March 2024, Israeli artillery shelled struck targets in Shokat as Sufi (Rafah, Gaza Strip), leaving 1 fatality and a number of injuries.",1,,1753955113
PSE48444,3/6/2024,2024,1,Political violence,Explosions/Remote violence,Air/drone strike,Military Forces of Israel (2022-),,8,Civilians (Palestine),,7,78,Civilian targeting,275,Middle East,Palestine,Gaza Strip,Khan Yunis,,Bani Suheila,31.3424,34.325,1,Arab 48; Palestine News and Information Agency; Quds News Network; Twitter,New media-National,"On 6 March 2024, Israeli warplanes and tanks struck targets in Bani Suheila (Khan Yunis, Gaza Strip), leaving a number of fatalities. Unspecified fatalities coded as 3.",3,,1753955113
PSE48376,3/6/2024,2024,1,Political violence,Explosions/Remote violence,Air/drone strike,Military Forces of Israel (2022-),,8,Civilians (Palestine),,7,78,Civilian targeting,275,Middle East,Palestine,Gaza Strip,Deir El Balah,,Wadi as Salqa,31.4005,34.3375,2,Arab 48; Quds News Network; Twitter,New media-National,"On 6 March 2024, Israeli warplanes struck a house in Al Matahen area south of Deir al Balah, coded to Wadi as Salqa (Deir El Balah, Gaza Strip), leaving a number of injuries. Also, the artillery struck targets east of Deir al Balah. Unspecified fatalities coded as 3.",3,,1753955113
PSE48415,3/6/2024,2024,1,Political violence,Explosions/Remote violence,Shelling/artillery/missile attack,Military Forces of Israel (2022-),,8,Civilians (Palestine),,7,78,Civilian targeting,275,Middle East,Palestine,Gaza Strip,Gaza City,,Gaza - Ash Shaykh Ijlin,31.5098,34.4274,1,Al-Ittihad; Arab 48; Ma'an News Agency; Palestine News and Information Agency; Quds News Network; Twitter,New media-National,"On 6 March 2024, Israeli artillery struck Palestinian houses in Gaza - Ash Shaykh Ijlin (Gaza City, Gaza Strip), leaving a number of injuries. Also, 4 persons were killed and 20 more were injured in artillery fire at the Nabulsi roundabout.",4,,1753955113
PSE48400,3/6/2024,2024,1,Political violence,Explosions/Remote violence,Shelling/artillery/missile attack,Military Forces of Israel (2022-),,8,Civilians (Palestine),,7,78,Civilian targeting,275,Middle East,Palestine,Gaza Strip,Rafah,,Yibna,31.2842,34.2482,2,PLO Negotiations Affairs Department; Quds News Network; Twitter,Other-New media,"On 6 March 2024, Israeli artillery and tanks shelled targets east of Rafah, coded to Yibna (Rafah, Gaza Strip), leaving a number of injuries.",0,,1753955113
PSE48412,3/6/2024,2024,1,Political violence,Violence against civilians,Attack,Military Forces of Israel (2022-),,8,Civilians (Palestine),,7,78,Civilian targeting,275,Middle East,Palestine,Gaza Strip,Gaza City,,Al Mughraqa,31.4675,34.4097,2,Al-Ittihad; Ma'an News Agency; Palestine News and Information Agency; Quds News Network; Twitter,New media-National,"On 6 March 2024, Israeli forces opened fire toward Palestinians in Wadi Gaza south of Al Mughraqa (Gaza City, Gaza Strip), leaving 7 fatalities and a number of injuries.",7,,1753955113
PSE48374,3/6/2024,2024,1,Political violence,Explosions/Remote violence,Air/drone strike,Military Forces of Israel (2022-),,8,Civilians (Palestine),Muslim Group (Palestine),7,78,Civilian targeting,275,Middle East,Palestine,Gaza Strip,North Gaza,,Jabalya,31.5272,34.4835,1,Liveuamap; Ma'an News Agency; Quds News Network; Twitter,Local partner-New media,"On 6 March 2024, Israeli warplanes struck the al-Salah mosque in Jabalya town (North Gaza, Gaza Strip), leaving 5 fatalities including 2 children and a woman, and injuring a number of Palestinians.",5,,1759790002
PSE48380,3/6/2024,2024,1,Political violence,Explosions/Remote violence,Air/drone strike,Military Forces of Israel (2022-),,8,Civilians (Palestine),,7,78,Civilian targeting,275,Middle East,Palestine,Gaza Strip,North Gaza,,Jabalya - Tel-Zaatar,31.5367,34.5035,1,Quds News Network; Twitter,New media-National,"On 6 March 2024, Israeli warplanes struck 2 houses in Jabalya - Tel-Zaatar (North Gaza, Gaza Strip). There were no casualties.",0,,1759790002
PSE48416,3/6/2024,2024,1,Political violence,Explosions/Remote violence,Shelling/artillery/missile attack,Military Forces of Israel (2022-),,8,Civilians (Palestine),,7,78,Civilian targeting,275,Middle East,Palestine,Gaza Strip,Gaza City,,Gaza - Tal el Hawa,31.5041,34.435,1,Al-Ittihad; Ma'an News Agency; Palestine News and Information Agency,National-Regional,"On 6 March 2024, Israeli artillery struck Palestinian houses in Gaza - Tal el Hawa (Gaza City, Gaza Strip), leaving a number of injuries.",0,,1759790002
PSE48263,3/6/2024,2024,1,Political violence,Explosions/Remote violence,Air/drone strike,Military Forces of Israel (2022-),,8,Civilians (Palestine),,7,78,Civilian targeting,275,Middle East,Palestine,Gaza Strip,Gaza City,,Gaza - Az Zaytun,31.4964,34.4522,1,Al-Ittihad; Ma'an News Agency; Newpress; Palestine News and Information Agency; Quds News Network; Twitter,New media-National,"On 6 March 2024, Israeli warplanes struck a passing car and killed a number of Palestinians while artillery struck houses in Gaza - Az Zaytun (Gaza City, Gaza Strip). Also, a Palestinian was killed and 9 more were injured in artillery fire at people waiting for aid trucks at the Kuwaiti roundabout in Az Zaytun. Total fatalities coded as 4 (3 unknown, 1 confirmed). This event involved violence over aid.",4,,1759790002
PSE48391,3/7/2024,2024,1,Political violence,Explosions/Remote violence,Air/drone strike,Military Forces of Israel (2022-),,8,Civilians (Palestine),,7,78,Civilian targeting,275,Middle East,Palestine,Gaza Strip,Khan Yunis,,Al Fukhari,31.2952,34.3332,1,Palestine News and Information Agency; Quds News Network; Twitter,New media-National,"On 7 March 2024, Israeli warplanes struck a house in Al Fukhari (Khan Yunis, Gaza Strip), leaving 5 injuries.",0,,1753955113
PSE48392,3/7/2024,2024,1,Political violence,Explosions/Remote violence,Air/drone strike,Military Forces of Israel (2022-),,8,Civilians (Palestine),,7,78,Civilian targeting,275,Middle East,Palestine,Gaza Strip,Khan Yunis,,Khan Yunis - City Centre,31.3419,34.3015,1,Arab 48; Quds News Network; Twitter,New media-National,"On 7 March 2024, 4 Palestinians were killed in Khan Yunis - City Centre (Khan Yunis, Gaza Strip), likely by Israeli airstrikes or artillery fire.",4,,1753955113
PSE48394,3/7/2024,2024,1,Political violence,Explosions/Remote violence,Air/drone strike,Military Forces of Israel (2022-),,8,Civilians (Palestine),,7,78,Civilian targeting,275,Middle East,Palestine,Gaza Strip,Khan Yunis,,Al Mawasi (Khan Yunis),31.3482,34.2547,1,Arab 48,National,"On 7 March 2024, an Israeli attack, likely an airstrike, killed 1 Palestinian Al Mawasi (Khan Yunis) (Gaza Strip).",1,,1762829569
PSE48387,3/7/2024,2024,1,Political violence,Explosions/Remote violence,Air/drone strike,Military Forces of Israel (2022-),,8,Civilians (Palestine),,7,78,Civilian targeting,275,Middle East,Palestine,Gaza Strip,Deir El Balah,,An Nusayrat - West,31.4525,34.3756,1,PLO Negotiations Affairs Department,Other,"On 7 March 2024, Israeli warplanes struck houses in Al Hasyaneh area west of An Nusayrat camp (An Nusayrat - West, Deir El Balah, Gaza Strip). Israeli airstrikes killed 35 Palestinians in west of An Nusayrat and in Deir al Balah city on this day. 20 Fatalities were coded to this location.",20,,1753955113
PSE48441,3/7/2024,2024,1,Political violence,Explosions/Remote violence,Shelling/artillery/missile attack,Military Forces of Israel (2022-),,8,Civilians (Palestine),,7,78,Civilian targeting,275,Middle East,Palestine,Gaza Strip,Gaza City,,Gaza - Southern Remal,31.5168,34.4355,1,Palestine News and Information Agency,National,"On 7 March 2024, Israeli artillery struck houses in Gaza - Southern Remal (Gaza City, Gaza Strip), leaving a number of injuries.",0,,1759790002
PSE48389,3/7/2024,2024,1,Political violence,Explosions/Remote violence,Air/drone strike,Military Forces of Israel (2022-),,8,Civilians (Palestine),,7,78,Civilian targeting,275,Middle East,Palestine,Gaza Strip,Deir El Balah,,Deir al Balah,31.4178,34.3503,1,Newpress; Palestine News and Information Agency; Quds News Network; Twitter,New media-National,"On 7 March 2024, Israeli warplanes struck houses in Al Barakeh area of Deir al Balah city (Deir El Balah, Gaza Strip), leaving 35 fatalities in west of An Nusayrat and in Deir al Balah city. 15 fatalities were coded to this location. Also, 9 Palestinians were killed and several of others were injured in airstrikes targeting houses in Deir al Balah. Total fatalities coded as 24 (9 confirmed, 15 unknown).",24,,1753955113
PSE48383,3/7/2024,2024,1,Political violence,Explosions/Remote violence,Air/drone strike,Military Forces of Israel (2022-),,8,Civilians (Palestine),,7,78,Civilian targeting,275,Middle East,Palestine,Gaza Strip,Rafah,,Yibna,31.2842,34.2482,2,Palestine News and Information Agency; PLO Negotiations Affairs Department; Quds News Network; Twitter,Other-New media,"On 7 March 2024, Israeli warplanes struck a house in Al Junaina area east of Rafah, coded to Yibna (Rafah, Gaza Strip). Meanwhile, artillery and tanks shelled targets in the same area. Casualties unknown.",0,,1753955113
PSE48390,3/7/2024,2024,1,Political violence,Explosions/Remote violence,Air/drone strike,Military Forces of Israel (2022-),,8,Civilians (Palestine),,7,78,Civilian targeting,275,Middle East,Palestine,Gaza Strip,North Gaza,,Jabalya,31.5272,34.4835,1,Liveuamap; Newpress; Palestine News and Information Agency; Quds News Network; Twitter,Local partner-New media,"On 7 March 2024, Israeli warplanes struck a house in Jabalya town (North Gaza, Gaza Strip), leaving at least 1 fatality and a number of injuries.",1,,1759790002
PSE48455,3/7/2024,2024,1,Political violence,Violence against civilians,Attack,Military Forces of Israel (2022-),,8,Civilians (Palestine),,7,78,Civilian targeting,275,Middle East,Palestine,Gaza Strip,Gaza City,,Gaza - Ash Shaykh Ijlin,31.5098,34.4274,1,Quds News Network; Twitter,New media-National,"On 7 March 2024, Israeli military forces opened fire on Palestinians who were waiting for aid trucks at Al Nabulsi roundabout in Al Rasheed Street in Gaza - Ash Shaykh Ijlin (Gaza City, Gaza Strip), killing 1 person and injuring 12 more. This event involved violence over aid.",1,,1754946060
PSE48440,3/7/2024,2024,1,Political violence,Explosions/Remote violence,Shelling/artillery/missile attack,Military Forces of Israel (2022-),,8,Civilians (Palestine),,7,78,Civilian targeting,275,Middle East,Palestine,Gaza Strip,Gaza City,,Gaza - Az Zaytun,31.4964,34.4522,1,Newpress; Palestine News and Information Agency; Quds News Network; Twitter,New media-National,"On 7 March 2024, Israeli tanks opened fire at Palestinians who were waiting for aid trucks at the Kuwait roundabout in Gaza - Az Zaytun (Gaza City, Gaza Strip), leaving 3 fatalities and 15 injuries. Separately, Israeli artillery struck houses in Gaza - Az Zaytun (Gaza City, Gaza Strip), leaving a number of injuries. This event involved violence over aid.",3,,1759790002
PSE48382,3/8/2024,2024,1,Political violence,Explosions/Remote violence,Air/drone strike,Military Forces of Israel (2022-),,8,Civilians (Palestine),,7,78,Civilian targeting,275,Middle East,Palestine,Gaza Strip,Khan Yunis,,Khan Yunis,31.3502,34.3081,1,Arab 48; Quds News Network; Twitter,New media-National,"On 8 March 2024, Israeli warplanes and artillery struck targets in several locations of Khan Yunis city (Gaza Strip), leaving 24 fatalities in Khan Yunis city (9 fatalities coded to this location).",9,,1753955113
PSE48395,3/8/2024,2024,1,Political violence,Explosions/Remote violence,Air/drone strike,Military Forces of Israel (2022-),,8,Civilians (Palestine),,7,78,Civilian targeting,275,Middle East,Palestine,Gaza Strip,Khan Yunis,,Khan Yunis - West (Municipal Stadium),31.3484,34.2961,2,Palestine News and Information Agency,National,"On 8 March 2024, Israeli warplanes fired white phosphorus bombs in Al Mashroua and struck a house wet of Khan Yunis city (coded to Khan Yunis - West (Municipal Stadium)) (Gaza Strip). Casualties unknown. HRW and other international organizations have accused Israel of using white phosphorous bombs.",0,,1753955113
PSE48420,3/8/2024,2024,1,Political violence,Explosions/Remote violence,Air/drone strike,Military Forces of Israel (2022-),,8,Civilians (Palestine),,7,78,Civilian targeting,275,Middle East,Palestine,Gaza Strip,Rafah,,An Nasr,31.2814,34.3025,1,Arab 48; Newpress; Twitter,New media-National,"On 8 March 2024, Israeli warplanes struck targets in An Nasr (Rafah, Gaza Strip), leaving one fatality (a child) and a number of injuries.",1,,1753955113
PSE48487,3/8/2024,2024,1,Political violence,Violence against civilians,Attack,Military Forces of Israel (2022-),,8,Civilians (Palestine),,7,78,Civilian targeting,275,Middle East,Palestine,Gaza Strip,Khan Yunis,,Abasan al Jadidah,31.3416,34.3459,1,Arab 48; Quds News Network; Twitter,New media-National,"On 8 March 2024, Israeli soldiers sniped and injured a number of Palestinians in Abasan al Jadidah (Khan Yunis, Gaza Strip).",0,,1753955113
PSE48401,3/8/2024,2024,1,Political violence,Explosions/Remote violence,Air/drone strike,Military Forces of Israel (2022-),,8,Civilians (Palestine),,7,78,Civilian targeting,275,Middle East,Palestine,Gaza Strip,Deir El Balah,,Deir al Balah,31.4178,34.3503,1,Palestine News and Information Agency; Quds News Network; Twitter,New media-National,"On 8 March 2024, 9 Palestinians were killed by an airstrike in Al Heker area of Deir al Balah, and Israeli tanks struck targets in the vicinity of Al Aqsa Hospital in Deir al Balah (Deir El Balah, Gaza Strip), leaving 7 injuries.",9,,1753955113
PSE48409,3/8/2024,2024,1,Political violence,Explosions/Remote violence,Air/drone strike,Military Forces of Israel (2022-),,8,Civilians (Palestine),,7,78,Civilian targeting,275,Middle East,Palestine,Gaza Strip,Deir El Balah,,Az Zawayda,31.4284,34.366,1,Palestine News and Information Agency,National,"On 8 March 2024, Israeli warplanes struck targets in Az Zawayda (Deir El Balah, Gaza Strip), leaving 8 fatalities and a number of injuries, including children.",8,,1767742780
PSE48423,3/8/2024,2024,1,Political violence,Explosions/Remote violence,Air/drone strike,Military Forces of Israel (2022-),,8,Civilians (Palestine),,7,78,Civilian targeting,275,Middle East,Palestine,Gaza Strip,Deir El Balah,,An Nusayrat - West,31.4525,34.3756,1,Quds News Network; Twitter,New media-National,"On 8 March 2024, an Israeli UAV struck a group of Palestinians west of An Nusayrat camp (An Nusayrat - West, Deir El Balah, Gaza Strip), killing 1 person.",1,,1753955113
PSE48407,3/8/2024,2024,1,Political violence,Explosions/Remote violence,Air/drone strike,Military Forces of Israel (2022-),,8,Civilians (Palestine),,7,78,Civilian targeting,275,Middle East,Palestine,Gaza Strip,Gaza City,,Gaza - Sabra,31.5086,34.4493,1,Palestine News and Information Agency,National,"On 8 March 2024, Israeli warplanes struck a house in Gaza - Sabra (Gaza City, Gaza Strip), leaving a number of injuries.",0,,1759790002
PSE48469,3/8/2024,2024,1,Political violence,Explosions/Remote violence,Shelling/artillery/missile attack,Military Forces of Israel (2022-),,8,Civilians (Palestine),Refugees/IDPs (Palestine),7,78,Civilian targeting,275,Middle East,Palestine,Gaza Strip,Rafah,,Al Mawasi (Rafah),31.3294,34.2299,1,Palestine News and Information Agency,National,"On 8 March 2024, Israeli artillery struck tents belong to displaced people in Al Mawasi (Rafah) (Gaza Strip). As a result, 9 Palestinians were injured.",0,,1762829569
PSE48408,3/8/2024,2024,1,Political violence,Explosions/Remote violence,Air/drone strike,Military Forces of Israel (2022-),,8,Civilians (Palestine),Refugees/IDPs (Palestine),7,78,Civilian targeting,275,Middle East,Palestine,Gaza Strip,North Gaza,,Jabalya Camp,31.536,34.4907,1,Palestine News and Information Agency,National,"On 8 March 2024, Israeli warplanes struck 2 houses in Mukhayyam Jabalya Camp (North Gaza, Gaza Strip), leaving 1 fatality and a number of injuries.",1,,1753955113
PSE48418,3/8/2024,2024,1,Political violence,Explosions/Remote violence,Air/drone strike,Military Forces of Israel (2022-),,8,Civilians (Palestine),Refugees/IDPs (Palestine),7,78,Civilian targeting,275,Middle East,Palestine,Gaza Strip,Gaza City,,Gaza - Ash Shati' Camp,31.5349,34.4466,1,Arab 48,National,"On 8 March 2024, Israeli warplanes struck a house in Gaza - Ash Shati' Camp (Gaza City, Gaza Strip). Casualties unknown.",0,,1759790002
PSE48413,3/8/2024,2024,1,Political violence,Explosions/Remote violence,Air/drone strike,Military Forces of Israel (2022-),,8,Civilians (Palestine),,7,78,Civilian targeting,275,Middle East,Palestine,Gaza Strip,Gaza City,,Gaza - At Tuffah,31.5134,34.4751,1,Palestine News and Information Agency; Palestinian Ministry of Health; Quds News Network; Twitter,Other-New media,"On 8 March 2024, Israeli warplanes struck a house in Gaza - At Tuffah (Gaza City, Gaza Strip), leaving a number of fatalities and injuries. [Palestinian Ministry of Health reported 30960 fatalities upto 8 March 2024. 11 fatalities not attributed to specific events split across 2 events on 8 March. 6 fatalities coded to this event.]",6,,1759790002
PSE48417,3/8/2024,2024,1,Political violence,Explosions/Remote violence,Air/drone strike,Military Forces of Israel (2022-),,8,Civilians (Palestine),,7,78,Civilian targeting,275,Middle East,Palestine,Gaza Strip,Khan Yunis,,Bani Suheila,31.3424,34.325,1,Palestine News and Information Agency; Palestinian Ministry of Health,Other-National,"On 8 March 2024, Israeli warplanes struck a group of Palestinians in Bani Suheila (Khan Yunis, Gaza Strip), leaving a number of fatalities and injuries. [Palestinian Ministry of Health reported 30960 fatalities upto 8 March 2024. 11 fatalities not attributed to specific events split across 2 events on 8 March. 5 fatalities coded to this event.]",5,,1753955113
PSE48404,3/8/2024,2024,1,Political violence,Explosions/Remote violence,Air/drone strike,Military Forces of Israel (2022-),,8,Civilians (Palestine),,7,78,Civilian targeting,275,Middle East,Palestine,Gaza Strip,Gaza City,,Gaza - Az Zaytun,31.4964,34.4522,1,Palestine News and Information Agency; Quds News Network; Twitter,New media-National,"On 8 March 2024, Israeli warplanes struck 2 houses in Gaza - Az Zaytun (Gaza City, Gaza Strip), leaving 4 fatalities and a number of injuries.",4,,1759790002
PSE48406,3/8/2024,2024,1,Political violence,Explosions/Remote violence,Air/drone strike,Military Forces of Israel (2022-),,8,Civilians (Palestine),,7,78,Civilian targeting,275,Middle East,Palestine,Gaza Strip,Gaza City,,Gaza - Tal el Hawa,31.5041,34.435,1,Palestine News and Information Agency,National,"On 8 March 2024, Israeli warplanes struck a house in Gaza - Tal el Hawa (Gaza City, Gaza Strip), leaving a number of injuries.",0,,1759790002
PSE48384,3/8/2024,2024,1,Political violence,Explosions/Remote violence,Air/drone strike,Military Forces of Israel (2022-),,8,Civilians (Palestine),,7,78,Civilian targeting,275,Middle East,Palestine,Gaza Strip,Khan Yunis,,Khan Yunis - Jourat Al-Loot,31.3314,34.3004,2,Arab 48; Newpress; Twitter,New media-National,"On 8 March 2024, Israeli warplanes struck a passing car south of Khan Yunis, coded to Khan Yunis - Jourat Al-Loot (Khan Yunis, Gaza Strip), leaving 1 fatality and a number of injuries.",1,,1753955113
PSE48399,3/8/2024,2024,1,Political violence,Explosions/Remote violence,Air/drone strike,Military Forces of Israel (2022-),,8,Civilians (Palestine),,7,78,Civilian targeting,275,Middle East,Palestine,Gaza Strip,Rafah,,Rafah,31.287,34.2595,1,Newpress; Palestine News and Information Agency; Twitter,New media-National,"On 8 March 2024, Israeli warplanes struck 2 houses in Rafah city (Rafah, Gaza Strip), leaving at least 5 fatalities (including 2 children) and 22 injuries.",5,,1762829569
PSE48421,3/8/2024,2024,1,Political violence,Explosions/Remote violence,Air/drone strike,Military Forces of Israel (2022-),,8,Civilians (Palestine),Refugees/IDPs (Palestine),7,78,Civilian targeting,275,Middle East,Palestine,Gaza Strip,Rafah,,Brazil Camp,31.2718,34.2532,1,Quds News Network; Twitter,New media-National,"On 8 March 2024, Israeli warplanes struck an apartment in Brazil Camp (Rafah, Gaza Strip), leaving 2 fatalities and a number of injuries.",2,,1753955113
PSE48494,3/8/2024,2024,1,Political violence,Violence against civilians,Attack,Military Forces of Israel (2022-),,8,Civilians (Palestine),,7,78,Civilian targeting,275,Middle East,Palestine,Gaza Strip,Gaza City,,Gaza - Az Zaytun,31.4964,34.4522,1,Newpress; Quds News Network; Twitter,New media-National,"On 8 March 2024, Israeli forces opened fire at Palestinians who were waiting for aid trucks at the Kuwait roundabout in Gaza - Az Zaytun (Gaza City, Gaza Strip), leaving 2 fatalities and a number of injuries. This event involved violence over aid.",2,,1759790002
PSE48519,3/9/2024,2024,1,Political violence,Explosions/Remote violence,Shelling/artillery/missile attack,Military Forces of Israel (2022-),,8,Civilians (Palestine),,7,78,Civilian targeting,275,Middle East,Palestine,Gaza Strip,Khan Yunis,,Khan Yunis - West (Municipal Stadium),31.3484,34.2961,2,Arab 48; Ma'an News Agency; Palestine News and Information Agency,National,"On 9 March 2024, Israeli artillery shelled the western areas of Khan Yunis city (coded to Khan Yunis - West (Municipal Stadium), Gaza Strip). 11 Palestinian bodies were recovered from the western areas of the city.",11,,1753955113
PSE48520,3/9/2024,2024,1,Political violence,Explosions/Remote violence,Air/drone strike,Military Forces of Israel (2022-),,8,Civilians (Palestine),,7,78,Civilian targeting,275,Middle East,Palestine,Gaza Strip,Khan Yunis,,Abasan al Kabirah,31.3191,34.3401,1,Arab 48; Quds News Network; Twitter,New media-National,"On 9 March 2024, Israeli warplanes struck a gathering in Abasan al Kabirah (Khan Yunis, Gaza Strip), leaving 2 fatalities.",2,,1753955113
PSE48528,3/9/2024,2024,1,Political violence,Explosions/Remote violence,Air/drone strike,Military Forces of Israel (2022-),,8,Civilians (Palestine),,7,78,Civilian targeting,275,Middle East,Palestine,Gaza Strip,Khan Yunis,,Khan Yunis - Al Kateebeh,31.3642,34.3085,2,Ma'an News Agency,National,"On 9 March 2024, Israeli warplanes carried out strikes at the Street 5 north of Khan Yunis city, coded to Khan Yunis - Al Kateebeh (Khan Yunis, Gaza Strip), leaving 3 fatalities.",3,,1767742780
PSE48537,3/9/2024,2024,1,Political violence,Explosions/Remote violence,Air/drone strike,Military Forces of Israel (2022-),,8,Civilians (Palestine),,7,78,Civilian targeting,275,Middle East,Palestine,Gaza Strip,Gaza City,,Gaza - Sheikh Radwan,31.5349,34.4667,1,Liveuamap; Quds News Network; Twitter,Local partner-New media,"On 9 March 2024, Israeli warplanes carried out strikes in Gaza - Sheikh Radwan (Gaza City, Gaza Strip), leaving 4 fatalities.",4,,1759790002
PSE48586,3/9/2024,2024,1,Political violence,Explosions/Remote violence,Air/drone strike,Military Forces of Israel (2022-),,8,Civilians (Palestine),,7,78,Civilian targeting,275,Middle East,Palestine,Gaza Strip,Khan Yunis,,Al Qararah,31.3739,34.3409,1,Ma'an News Agency; Newpress; Palestine News and Information Agency; Quds News Network; Twitter,New media-National,"On 9 March 2024, Israeli warplanes struck a house in Al Qararah (Khan Yunis, Gaza Strip), leaving 4 fatalities and a number of injuries.",4,,1753955113
PSE48869,3/9/2024,2024,1,Political violence,Explosions/Remote violence,Air/drone strike,Military Forces of Israel (2022-),,8,Civilians (Palestine),,7,78,Civilian targeting,275,Middle East,Palestine,Gaza Strip,Khan Yunis,,Al Fukhari,31.2952,34.3332,1,Arab 48; Newpress; Quds News Network; Twitter,New media-National,"On 9 March 2024, Israeli warplanes struck targets (including a mosque and 3 houses) near the European hospital in Al Fukhari (Khan Yunis, Gaza Strip). Casualties unknown.",0,,1753955113
PSE48516,3/9/2024,2024,1,Political violence,Explosions/Remote violence,Air/drone strike,Military Forces of Israel (2022-),,8,Civilians (Palestine),,7,78,Civilian targeting,275,Middle East,Palestine,Gaza Strip,Deir El Balah,,Al Musaddar,31.4105,34.378,2,Quds News Network; Twitter,New media-National,"On 9 March 2024, Israeli warplanes carried out strikes west of Deir al Balah city, coded to Al Musaddar (Deir El Balah, Gaza Strip), leaving one fatality",1,,1765850627
PSE48530,3/9/2024,2024,1,Political violence,Explosions/Remote violence,Air/drone strike,Military Forces of Israel (2022-),,8,Civilians (Palestine),,7,78,Civilian targeting,275,Middle East,Palestine,Gaza Strip,Deir El Balah,,Deir al Balah,31.4178,34.3503,1,Ma'an News Agency; Palestine News and Information Agency; Quds News Network; Twitter,New media-National,"On 9 March 2024, at least 5 Palestinians were killed in airstrikes targeted 2 houses in Deir al Balah city (Deir El Balah, Gaza Strip). Meanwhile, Israeli artillery shelled targets in Deir al Balah city, leaving 5 fatalities in Deir al Balah city and An Nusayrat.5 fatalities of the shelling were split across 2 events (2 fatalities were coded to Deir al Balah). Total fatalities were coded as at least 7.",7,,1753955113
PSE48564,3/9/2024,2024,1,Political violence,Explosions/Remote violence,Air/drone strike,Military Forces of Israel (2022-),,8,Civilians (Palestine),,7,78,Civilian targeting,275,Middle East,Palestine,Gaza Strip,Deir El Balah,,Az Zawayda,31.4284,34.366,1,Ma'an News Agency; Palestine News and Information Agency,National,"On 9 March 2024, Israeli warplanes carried out strikes in Al Quran area of Az Zawayda (Deir El Balah, Gaza Strip), leaving 8 fatalities and a number of injuries, including children.",8,,1767742780
PSE48574,3/9/2024,2024,1,Political violence,Explosions/Remote violence,Air/drone strike,Military Forces of Israel (2022-),,8,Civilians (Palestine),Refugees/IDPs (Palestine),7,78,Civilian targeting,275,Middle East,Palestine,Gaza Strip,Deir El Balah,,An Nusayrat,31.4486,34.3925,1,Ma'an News Agency; Palestine News and Information Agency; Quds News Network; Twitter,New media-National,"On 9 March 2024, Israeli warplanes struck a house while artillery shelled targets on the outskirts of An Nusayrat refugee camp (Deir El Balah, Gaza Strip), leaving 5 fatalities in Deir al Balah city and An Nusayrat. Fatalities were split across 2 events (3 fatalities were coded to An Nusayrat).",3,,1753955113
PSE48592,3/9/2024,2024,1,Political violence,Explosions/Remote violence,Air/drone strike,Military Forces of Israel (2022-),,8,Civilians (Palestine),,7,78,Civilian targeting,275,Middle East,Palestine,Gaza Strip,Deir El Balah,,An Nusayrat - West,31.4525,34.3756,1,Liveuamap; Ma'an News Agency; Newpress; Palestine News and Information Agency; Quds News Network; Twitter,Local partner-New media,"On 9 March 2024, Israeli warplanes struck a house west of An Nusayrat camp (An Nusayrat - West, Deir El Balah, Gaza Strip), leaving 10 fatalities and dozens of injuries, including children.",10,,1753955113
PSE48570,3/9/2024,2024,1,Political violence,Explosions/Remote violence,Air/drone strike,Military Forces of Israel (2022-),,8,Civilians (Palestine),Refugees/IDPs (Palestine),7,78,Civilian targeting,275,Middle East,Palestine,Gaza Strip,Gaza City,,Gaza - Ash Shati' Camp,31.5349,34.4466,1,Arab 48; Liveuamap; Ma'an News Agency; Palestine News and Information Agency; Quds News Network; Twitter,Local partner-New media,"On 9 March 2024, Israeli warplanes struck a house in Gaza - Ash Shati' Camp (Gaza City, Gaza Strip), leaving 2 fatalities and 7 injuries.",2,,1759790002
PSE48515,3/9/2024,2024,1,Political violence,Explosions/Remote violence,Shelling/artillery/missile attack,Military Forces of Israel (2022-),,8,Civilians (Palestine),Fishers (Palestine),7,78,Civilian targeting,275,Middle East,Palestine,Gaza Strip,North Gaza,,Coast of North Gaza,31.5839,34.4659,2,Palestine News and Information Agency; Quds News Network; Twitter,New media-National,"On 9 March 2024, Israeli gunboats opened fire toward a Palestinian fishing boat off the Coast of North Gaza (North Gaza, Gaza Strip), killing a fisher.",1,,1753955113
PSE48538,3/9/2024,2024,1,Political violence,Explosions/Remote violence,Shelling/artillery/missile attack,Military Forces of Israel (2022-),,8,Civilians (Palestine),Fishers (Palestine),7,78,Civilian targeting,275,Middle East,Palestine,Gaza Strip,Rafah,,Coast of Rafah,31.3474,34.2226,2,Quds News Network; Twitter,New media-National,"On 9 March 2024, Israeli gunboats opened fire toward Palestinian fishing boats off the Coast of Rafah (North Gaza, Gaza Strip). Casualties unknown.",0,,1753955113
PSE48511,3/9/2024,2024,1,Political violence,Explosions/Remote violence,Shelling/artillery/missile attack,Military Forces of Israel (2022-),,8,Civilians (Palestine),,7,78,Civilian targeting,275,Middle East,Palestine,Gaza Strip,Gaza City,,Gaza - Nezarim,31.484,34.4056,2,Quds News Network; Twitter,New media-National,"On 9 March 2024, Israeli artillery shelled a group of people near the Gaza - Nezarim (Gaza City, Gaza Strip), leaving 2 fatalities.",2,,1753955113
PSE48508,3/9/2024,2024,1,Political violence,Explosions/Remote violence,Air/drone strike,Military Forces of Israel (2022-),,8,Civilians (Palestine),,7,78,Civilian targeting,275,Middle East,Palestine,Gaza Strip,Gaza City,,Gaza - Az Zaytun,31.4964,34.4522,1,Arab 48; Ma'an News Agency; Palestine News and Information Agency; Quds News Network; Twitter,New media-National,"On 9 March 2024, Israeli warplanes carried out airstrikes in Gaza - Az Zaytun (Gaza City, Gaza Strip). Casualties unknown. Meanwhile, the artillery struck houses and displaced people in the same area, leaving 6 fatalities. Total fatalities at least 6.",6,,1759790002
PSE48523,3/9/2024,2024,1,Political violence,Explosions/Remote violence,Shelling/artillery/missile attack,Military Forces of Israel (2022-),,8,Civilians (Palestine),,7,78,Civilian targeting,275,Middle East,Palestine,Gaza Strip,North Gaza,,Jabalya,31.5272,34.4835,1,Palestine News and Information Agency,National,"On 9 March 2024, Israeli artillery struck Palestinian houses in Jabalya town (North Gaza, Gaza Strip), leaving 9 fatalities, including children.",9,,1759790002
PSE48524,3/9/2024,2024,1,Political violence,Explosions/Remote violence,Air/drone strike,Military Forces of Israel (2022-),,8,Civilians (Palestine),,7,78,Civilian targeting,275,Middle East,Palestine,Gaza Strip,Rafah,,Rafah,31.287,34.2595,1,Arab 48; Ma'an News Agency; Newpress; Palestine News and Information Agency; Quds News Network; Twitter,New media-National,"On 9 March 2024, Israeli warplanes struck the al-Masri residential tower in Rafah city (Rafah, Gaza Strip), causing a number of injuries.",0,,1762829569
PSE48514,3/9/2024,2024,1,Political violence,Violence against civilians,Attack,Military Forces of Israel (2022-),,8,Civilians (Palestine),,7,78,Civilian targeting,275,Middle East,Palestine,Gaza Strip,Gaza City,,Gaza - Az Zaytun,31.4964,34.4522,1,Palestine News and Information Agency; Quds News Network; Twitter,New media-National,"On 9 March 2024, Israeli forces opened fire at Palestinians who were waiting for aid trucks at the Kuwait roundabout in Gaza - Az Zaytun (Gaza City, Gaza Strip), leaving one fatality and at least 20 injuries. This event involved violence over aid.",1,,1759790002
PSE48512,3/10/2024,2024,1,Political violence,Explosions/Remote violence,Shelling/artillery/missile attack,Military Forces of Israel (2022-),,8,Civilians (Palestine),,7,78,Civilian targeting,275,Middle East,Palestine,Gaza Strip,Khan Yunis,,Khan Yunis Port,31.3691,34.2734,2,PLO Negotiations Affairs Department; Quds News Network; Twitter,Other-New media,"On 10 March 2024, Israeli gunboats shelled targets along the coast of Khan Yunis, coded to Khan Yunis Port (Khan Yunis, Gaza Strip). A number of Palestinians were injured near the port.",0,,1753955113
PSE48522,3/10/2024,2024,1,Political violence,Explosions/Remote violence,Shelling/artillery/missile attack,Military Forces of Israel (2022-),,8,Civilians (Palestine),,7,78,Civilian targeting,275,Middle East,Palestine,Gaza Strip,Khan Yunis,,Al Fukhari,31.2952,34.3332,1,Palestine News and Information Agency,National,"On 10 March 2024, Israeli artillery struck targets in the eastern areas of Al Fukhari (Khan Yunis, Gaza Strip), leaving an unspecified number of fatalities and injuries. Unknown fatalities coded as 3.",3,,1753955113
PSE48590,3/10/2024,2024,1,Political violence,Explosions/Remote violence,Air/drone strike,Military Forces of Israel (2022-),,8,Civilians (Palestine),Refugees/IDPs (Palestine),7,78,Civilian targeting,275,Middle East,Palestine,Gaza Strip,Khan Yunis,,Al Mawasi (Khan Yunis),31.3482,34.2547,1,Arab 48; Ma'an News Agency; Palestine News and Information Agency; Quds News Network; Twitter,New media-National,"On 10 March 2024, Israeli warplanes struck tents belong to displaced people in Al Mawasi (Khan Yunis), Gaza Strip. As a result, 15 Palestinians were killed and dozens were injured.",15,,1762829569
PSE48513,3/10/2024,2024,1,Political violence,Explosions/Remote violence,Shelling/artillery/missile attack,Military Forces of Israel (2022-),,8,Civilians (Palestine),Farmers (Palestine),7,78,Civilian targeting,275,Middle East,Palestine,Gaza Strip,Deir El Balah,,Deir al Balah Camp,31.4249,34.34,2,Liveuamap; PLO Negotiations Affairs Department; Quds News Network; Twitter,Local partner-New media,"On 10 March 2024, Israeli artillery and tanks shelled targets east of Deir El Balah, coded to Deir al Balah Camp (Deir al Balah, Gaza Strip). A number of farmers were injured.",0,,1765850627
PSE48569,3/10/2024,2024,1,Political violence,Explosions/Remote violence,Air/drone strike,Military Forces of Israel (2022-),,8,Civilians (Palestine),,7,78,Civilian targeting,275,Middle East,Palestine,Gaza Strip,North Gaza,,Beit Lahiya - Al Mashroo,31.5433,34.4998,1,Arab 48; Ma'an News Agency; Palestine News and Information Agency; Quds News Network; Twitter,New media-National,"On 10 March 2024, Israeli warplanes struck a house in Beit Lahiya - Al Mashroo (North Gaza, Gaza Strip), killing at least one woman and injuring a number of Palestinians.",1,,1753955113
PSE48593,3/10/2024,2024,1,Political violence,Explosions/Remote violence,Air/drone strike,Military Forces of Israel (2022-),,8,Civilians (Palestine),,7,78,Civilian targeting,275,Middle East,Palestine,Gaza Strip,Gaza City,,Gaza - Tal el Hawa,31.5041,34.435,1,Palestine News and Information Agency,National,"On 10 March 2024, Israeli warplanes struck a house in Gaza - Tal el Hawa (Gaza Strip, Gaza City), leaving 10 fatalities including women and children.",10,,1759790002
PSE48518,3/10/2024,2024,1,Political violence,Explosions/Remote violence,Air/drone strike,Military Forces of Israel (2022-),,8,Civilians (Palestine),,7,78,Civilian targeting,275,Middle East,Palestine,Gaza Strip,Rafah,,Rafah,31.287,34.2595,1,Palestine News and Information Agency; Quds News Network; Twitter,New media-National,"On 10 March 2024, Israeli warplanes struck a passing car in Rafah city (Rafah, Gaza Strip), leaving one fatality and 3 injuries.",1,,1762829569
PSE48544,3/10/2024,2024,1,Political violence,Violence against civilians,Attack,Military Forces of Israel (2022-),,8,Civilians (Palestine),,7,78,Civilian targeting,275,Middle East,Palestine,Gaza Strip,Gaza City,,Gaza - Az Zaytun,31.4964,34.4522,1,Palestine News and Information Agency,National,"On 10 March 2024, Israeli forces opened fire at Palestinians who were waiting for aid trucks at the Kuwait roundabout in Gaza - Az Zaytun (Gaza City, Gaza Strip), leaving 5 fatalities and dozens of injuries. This event involved violence over aid.",5,,1759790002
PSE48525,3/11/2024,2024,1,Political violence,Explosions/Remote violence,Air/drone strike,Military Forces of Israel (2022-),,8,Civilians (Palestine),,7,78,Civilian targeting,275,Middle East,Palestine,Gaza Strip,Khan Yunis,,Al Qararah,31.3739,34.3409,1,Liveuamap; Palestine News and Information Agency; Quds News Network; Twitter,Local partner-New media,"On 11 March 2024, Israeli warplanes struck residential areas in Al Qararah (Khan Yunis, Gaza Strip), killing 2 Palestinians and injuring others.",2,,1753955113
PSE48532,3/11/2024,2024,1,Political violence,Explosions/Remote violence,Air/drone strike,Military Forces of Israel (2022-),,8,Civilians (Palestine),,7,78,Civilian targeting,275,Middle East,Palestine,Gaza Strip,Gaza City,,Gaza - Sabra,31.5086,34.4493,1,Arab 48; Palestine News and Information Agency,National,"On 11 March 2024, Israeli warplanes struck houses in Gaza - Sabra (Gaza City, Gaza Strip), leaving a number of injuries.",0,,1759790002
PSE48517,3/11/2024,2024,1,Political violence,Explosions/Remote violence,Air/drone strike,Military Forces of Israel (2022-),,8,Civilians (Palestine),,7,78,Civilian targeting,275,Middle East,Palestine,Gaza Strip,Rafah,,Tal as Sultan,31.3098,34.2414,2,Newpress; Twitter,New media-National,"On 11 March 2024, Israeli warplanes struck a house in the Saudi neighborhood west of Rafah, coded to Tal as Sultan (Rafah, Gaza Strip), leaving injuries.",0,,1762829569
PSE48553,3/11/2024,2024,1,Political violence,Explosions/Remote violence,Air/drone strike,Military Forces of Israel (2022-),,8,Civilians (Palestine),,7,78,Civilian targeting,275,Middle East,Palestine,Gaza Strip,Khan Yunis,,Khan Yunis,31.3502,34.3081,1,Palestine News and Information Agency,National,"On 11 March 2024, Israeli warplanes struck residential areas in Khan Yunis city (Khan Yunis, Gaza Strip), causing unspecified number of fatalities and injuries, coded as 3.",3,,1753955113
PSE48551,3/11/2024,2024,1,Political violence,Explosions/Remote violence,Air/drone strike,Military Forces of Israel (2022-),,8,Civilians (Palestine),,7,78,Civilian targeting,275,Middle East,Palestine,Gaza Strip,Deir El Balah,,Deir al Balah,31.4178,34.3503,1,Palestine News and Information Agency,National,"On 11 March 2024, Israeli warplanes struck residential areas in Deir al Balah city (Deir El Balah, Gaza Strip), causing unspecified number of fatalities and injuries, coded as 3.",3,,1753955113
PSE48871,3/11/2024,2024,1,Political violence,Explosions/Remote violence,Air/drone strike,Military Forces of Israel (2022-),,8,Civilians (Palestine),,7,78,Civilian targeting,275,Middle East,Palestine,Gaza Strip,North Gaza,,Beit Lahiya,31.5541,34.5016,1,Arab 48; Newpress; Twitter,New media-National,"On 11 March 2024, Israeli warplanes struck houses in Beit Lahiya (North Gaza, Gaza Strip), causing unspecified number of fatalities and injuries, coded as 3.",3,,1753955113
PSE48870,3/11/2024,2024,1,Political violence,Explosions/Remote violence,Shelling/artillery/missile attack,Military Forces of Israel (2022-),,8,Civilians (Palestine),,7,78,Civilian targeting,275,Middle East,Palestine,Gaza Strip,Deir El Balah,,Deir al Balah Camp,31.4249,34.34,2,Palestine News and Information Agency; PLO Negotiations Affairs Department,Other-National,"On 11 March 2024, Israeli artillery and tanks shelled targets east of Deir El Balah, coded to Deir al Balah Camp (Deir al Balah, Gaza Strip), causing unspecified number of fatalities and injuries, coded as 3. Also, artillery struck houses southeast of Deir al Balah city, coded to the same location. Casualties unknown.",3,,1765850627
PSE48868,3/11/2024,2024,1,Political violence,Explosions/Remote violence,Air/drone strike,Military Forces of Israel (2022-),,8,Civilians (Palestine),Refugees/IDPs (Palestine),7,78,Civilian targeting,275,Middle East,Palestine,Gaza Strip,Gaza City,,Gaza - Ash Shati' Camp,31.5349,34.4466,1,Palestine News and Information Agency,National,"On 11 March 2024, Israeli warplanes struck houses in Gaza - Ash Shati' Camp (Gaza City, Gaza Strip), causing unspecified number of fatalities and injuries, coded as 3.",3,,1759790002
PSE48891,3/11/2024,2024,1,Political violence,Explosions/Remote violence,Air/drone strike,Military Forces of Israel (2022-),,8,Civilians (Palestine),Refugees/IDPs (Palestine),7,78,Civilian targeting,275,Middle East,Palestine,Gaza Strip,Deir El Balah,,An Nusayrat,31.4486,34.3925,1,Palestine News and Information Agency,National,"On 11 March 2024, Israeli warplanes struck a house in An Nusayrat refugee camp (Deir El Balah, Gaza Strip), causing unspecified number of fatalities and injuries, coded as 3.",3,,1753955113
PSE48579,3/11/2024,2024,1,Political violence,Explosions/Remote violence,Air/drone strike,Military Forces of Israel (2022-),,8,Civilians (Palestine),,7,78,Civilian targeting,275,Middle East,Palestine,Gaza Strip,Rafah,,Yibna,31.2842,34.2482,2,Arab 48; Liveuamap; Newpress; Palestine News and Information Agency; PLO Negotiations Affairs Department; Quds News Network; Twitter,Local partner-New media,"On 11 March 2024, 3 Palestinians were killed and others were injured in an airstrike targeted a house east of Rafah, meanwhile Israeli artillery and tanks shelled targets east of Rafah, coded to Yibna (Rafah, Gaza Strip). Fatalities were 3.",3,,1753955113
PSE48599,3/11/2024,2024,1,Political violence,Explosions/Remote violence,Air/drone strike,Military Forces of Israel (2022-),,8,Civilians (Palestine),,7,78,Civilian targeting,275,Middle East,Palestine,Gaza Strip,Gaza City,,Gaza - Az Zaytun,31.4964,34.4522,1,Arab 48; Newpress; Palestine News and Information Agency; Twitter,New media-National,"On 11 March 2024, Israeli warplanes struck a house in Gaza - Az Zaytun (Gaza City, Gaza Strip), leaving 21 fatalities and dozens of injures, including women and children.",21,,1759790002
PSE48571,3/11/2024,2024,1,Political violence,Violence against civilians,Attack,Military Forces of Israel (2022-),,8,Civilians (Palestine),,7,78,Civilian targeting,275,Middle East,Palestine,Gaza Strip,Gaza City,,Gaza - Az Zaytun,31.4964,34.4522,1,Quds News Network; Twitter,New media-National,"On 11 March 2024, Israeli forces opened fire at Palestinians who were waiting for aid trucks at the Kuwait roundabout in Gaza - Az Zaytun (Gaza City, Gaza Strip), leaving 7 fatalities and at least 38 injuries. This event involved violence over aid.",7,,1759790002
PSE48757,3/12/2024,2024,1,Political violence,Explosions/Remote violence,Air/drone strike,Military Forces of Israel (2022-),,8,Civilians (Palestine),,7,78,Civilian targeting,275,Middle East,Palestine,Gaza Strip,Khan Yunis,,Al Qararah,31.3739,34.3409,1,Newpress; Palestine News and Information Agency; Quds News Network; Twitter,New media-National,"On 12 March 2024, Israeli warplanes struck a residential area in Al Qararah (Khan Yunis, Gaza Strip), leaving 11 fatalities.",11,,1753955113
PSE48879,3/12/2024,2024,1,Political violence,Explosions/Remote violence,Air/drone strike,Military Forces of Israel (2022-),,8,Civilians (Palestine),,7,78,Civilian targeting,275,Middle East,Palestine,Gaza Strip,Khan Yunis,,Al Fukhari,31.2952,34.3332,1,Quds News Network; Twitter,New media-National,"On 12 March 2024, Israeli warplanes struck targets in Al Fukhari (Khan Yunis, Gaza Strip), leaving 2 injuries.",0,,1753955113
PSE48892,3/12/2024,2024,1,Political violence,Explosions/Remote violence,Air/drone strike,Military Forces of Israel (2022-),,8,Civilians (Palestine),,7,78,Civilian targeting,275,Middle East,Palestine,Gaza Strip,Khan Yunis,,Bani Suheila,31.3424,34.325,1,Palestine News and Information Agency,National,"On 12 March 2024, Israeli warplanes struck a house in Bani Suheila (Khan Yunis, Gaza Strip). Casualties unknown.",0,,1753955113
PSE48894,3/12/2024,2024,1,Political violence,Explosions/Remote violence,Air/drone strike,Military Forces of Israel (2022-),,8,Civilians (Palestine),,7,78,Civilian targeting,275,Middle East,Palestine,Gaza Strip,Khan Yunis,,Khan Yunis - Maen,31.336,34.3172,1,Quds News Network; Twitter,New media-National,"On 12 March 2024, Israeli warplanes struck a house in Khan Yunis - Maen (Khan Yunis, Gaza Strip). Casualties unknown.",0,,1753955113
PSE48708,3/12/2024,2024,1,Political violence,Explosions/Remote violence,Air/drone strike,Military Forces of Israel (2022-),,8,Civilians (Palestine),Refugees/IDPs (Palestine),7,78,Civilian targeting,275,Middle East,Palestine,Gaza Strip,Deir El Balah,,Al Burayj,31.4394,34.4031,1,Liveuamap; Palestine News and Information Agency; Quds News Network; Twitter,Local partner-New media,"On 12 March 2024, Israeli warplanes struck targets in Al Burayj refugee camp (Deir El Balah, Gaza Strip), leaving 1 fatality and 2 injuries.",1,,1753955113
PSE48794,3/12/2024,2024,1,Political violence,Explosions/Remote violence,Air/drone strike,Military Forces of Israel (2022-),,8,Civilians (Palestine),Refugees/IDPs (Palestine),7,78,Civilian targeting,275,Middle East,Palestine,Gaza Strip,Deir El Balah,,Al Maghazi,31.4214,34.3865,1,Palestine News and Information Agency,National,"On 12 March 2024, Israeli warplanes struck targets in Al Maghazi refugee camp (Deir El Balah, Gaza Strip), leaving a number of fatalities and injuries. Unknown fatalities coded as 3.",3,,1753955113
PSE48805,3/12/2024,2024,1,Political violence,Explosions/Remote violence,Air/drone strike,Military Forces of Israel (2022-),,8,Civilians (Palestine),,7,78,Civilian targeting,275,Middle East,Palestine,Gaza Strip,Deir El Balah,,Deir al Balah,31.4178,34.3503,1,Ma'an News Agency; Newpress; Palestine News and Information Agency; Quds News Network; Twitter,New media-National,"On 12 March 2024, Israeli warplanes struck targets including a house in Deir al Balah city (Deir El Balah, Gaza Strip), leaving at least 8 fatalities. Also, 10 Palestinians were killed and others were injured in an airstrike targeted a house in Al Mahata area of Deir al Balah city. Total confirmed fatalities were at least 18.",18,,1753955113
PSE48713,3/12/2024,2024,1,Political violence,Explosions/Remote violence,Shelling/artillery/missile attack,Military Forces of Israel (2022-),,8,Civilians (Palestine),,7,78,Civilian targeting,275,Middle East,Palestine,Gaza Strip,Gaza City,,Gaza - Sabra,31.5086,34.4493,1,Palestine News and Information Agency,National,"On 12 March 2024, Israeli artillery shelled targets in Gaza - Sabra (Gaza City, Gaza Strip), leaving 3 fatalities in 3 locations (Sabra, Ash Shaykh Ijlin, Tal el Hawa). Fatalities split across 3 locations (1 fatality coded to this location).",1,,1759790002
PSE48707,3/12/2024,2024,1,Political violence,Explosions/Remote violence,Shelling/artillery/missile attack,Military Forces of Israel (2022-),,8,Civilians (Palestine),,7,78,Civilian targeting,275,Middle East,Palestine,Gaza Strip,Gaza City,,Gaza - Southern Remal,31.5168,34.4355,2,Quds News Network; Twitter,New media-National,"On 12 March 2024, Israeli gunboats targeted residential areas west of Gaza City, coded to Gaza - Southern Remal (Gaza City, Gaza Strip). Casualties unknown.",0,,1759790002
PSE48640,3/12/2024,2024,1,Political violence,Explosions/Remote violence,Air/drone strike,Military Forces of Israel (2022-),,8,Civilians (Palestine),Refugees/IDPs (Palestine),7,78,Civilian targeting,275,Middle East,Palestine,Gaza Strip,North Gaza,,Jabalya Camp,31.536,34.4907,1,Palestine News and Information Agency,National,"On 12 March 2024, Israeli warplanes struck 2 houses in Mukhayyam Jabalya Camp (North Gaza, Gaza Strip), leaving 4 fatalities. Meanwhile, the artillery shelled targets in the camp.",4,,1753955113
PSE48796,3/12/2024,2024,1,Political violence,Explosions/Remote violence,Air/drone strike,Military Forces of Israel (2022-),,8,Civilians (Palestine),,7,78,Civilian targeting,275,Middle East,Palestine,Gaza Strip,Khan Yunis,,Khan Yunis - City Centre,31.3419,34.3015,1,Palestine News and Information Agency,National,"On 12 March 2024, Israeli warplanes struck targets in Khan Yunis - City Centre (Khan Yunis, Gaza Strip), leaving a number of fatalities and injuries. Unknown fatalities coded as 3.",3,,1753955113
PSE48719,3/12/2024,2024,1,Political violence,Explosions/Remote violence,Shelling/artillery/missile attack,Military Forces of Israel (2022-),,8,Civilians (Palestine),Fishers (Palestine),7,78,Civilian targeting,275,Middle East,Palestine,Gaza Strip,Deir El Balah,,Coast of An Nusayrat,31.4646,34.3592,2,Arab 48; Palestine News and Information Agency; Quds News Network; Twitter,New media-National,"On 12 March 2024, Israeli gunboats opened fire toward Palestinian fishing boats off the Coast of An Nusayrat (Deir El Balah, Gaza Strip), killing 2 fishers who were brothers.",2,,1753955113
PSE48714,3/12/2024,2024,1,Political violence,Explosions/Remote violence,Shelling/artillery/missile attack,Military Forces of Israel (2022-),,8,Civilians (Palestine),,7,78,Civilian targeting,275,Middle East,Palestine,Gaza Strip,Gaza City,,Gaza - Ash Shaykh Ijlin,31.5098,34.4274,1,Palestine News and Information Agency,National,"On 12 March 2024, Israeli artillery shelled targets in Gaza - Ash Shaykh Ijlin (Gaza City, Gaza Strip), leaving 3 fatalities in 3 locations (Sabra, Ash Shaykh Ijlin, Tal el Hawa). Fatalities split across 3 locations (1 fatality coded to this location).",1,,1753955113
PSE48612,3/12/2024,2024,1,Political violence,Explosions/Remote violence,Shelling/artillery/missile attack,Military Forces of Israel (2022-),,8,Civilians (Palestine),,7,78,Civilian targeting,275,Middle East,Palestine,Gaza Strip,Khan Yunis,,Khuzaa,31.3069,34.3572,1,Arab 48; Palestine News and Information Agency,National,"On 12 March 2024, Israeli artillery struck the Khuzaa town (Khan Yunis, Gaza Strip), leaving a number of fatalities and injuries. [On 23 January 2025, 9 bodies were recovered from under the rubble in Khuzaa. These fatalities were coded to this event].",9,,1753955113
PSE48610,3/12/2024,2024,1,Political violence,Explosions/Remote violence,Shelling/artillery/missile attack,Military Forces of Israel (2022-),,8,Civilians (Palestine),,7,78,Civilian targeting,275,Middle East,Palestine,Gaza Strip,Gaza City,,Gaza - Tal el Hawa,31.5041,34.435,1,Palestine News and Information Agency,National,"On 12 March 2024, Israeli artillery shelled targets in Gaza - Tal el Hawa (Gaza City, Gaza Strip), leaving 3 fatalities in Sabra, Ash Shaykh Ijlin, and Tal el Hawa. Fatalities split across 3 locations (1 fatality coded to this location).",1,,1759790002
PSE48902,3/12/2024,2024,1,Political violence,Explosions/Remote violence,Air/drone strike,Military Forces of Israel (2022-),,8,Civilians (Palestine),,7,78,Civilian targeting,275,Middle East,Palestine,Gaza Strip,Gaza City,,Gaza - Az Zaytun,31.4964,34.4522,1,Liveuamap; Newpress; Palestine News and Information Agency; Quds News Network; Twitter,Local partner-New media,"On 12 March 2024, Israeli warplanes struck Palestinian houses in Gaza - Az Zaytun (Gaza City, Gaza Strip), leaving 10 fatalities and around 20 injuries. Also, 7 Palestinians, including 5 children, were killed while 6 more persons were injured in a separate airstrike targeted a house in the same location. Total fatalities were 17.",17,,1759790002
PSE48893,3/12/2024,2024,1,Political violence,Explosions/Remote violence,Air/drone strike,Military Forces of Israel (2022-),,8,Civilians (Palestine),,7,78,Civilian targeting,275,Middle East,Palestine,Gaza Strip,Rafah,,Rafah,31.287,34.2595,1,Quds News Network; Twitter,New media-National,"On 12 March 2024, Israeli warplanes struck a house in Rafah city (Rafah, Gaza Strip). Casualties unknown.",0,,1762829569
PSE48866,3/12/2024,2024,1,Political violence,Explosions/Remote violence,Air/drone strike,Military Forces of Israel (2022-),,8,Civilians (Palestine),,7,78,Civilian targeting,275,Middle East,Palestine,Gaza Strip,Rafah,,Al Junainah,31.2642,34.2636,2,Palestine News and Information Agency; PLO Negotiations Affairs Department,Other-National,"On 12 March 2024, Israeli warplanes struck a house in Al Junainah area (Rafah, Gaza Strip). Meanwhile, artillery and tanks shelled targets east of city. Casualties unknown.",0,,1753955113
PSE48783,3/13/2024,2024,1,Political violence,Explosions/Remote violence,Air/drone strike,Military Forces of Israel (2022-),,8,Civilians (Palestine),,7,78,Civilian targeting,275,Middle East,Palestine,Gaza Strip,Gaza City,,Gaza - Ad Darraj,31.5172,34.4642,1,Al-Ittihad; Arab 48; Palestine News and Information Agency; Quds News Network; Twitter,New media-National,"On 13 March 2024, Israeli warplanes struck a house in Gaza - Ad Darraj (Gaza City, Gaza Strip), leaving 7 fatalities and 4 injuries, including children. Meanwhile, a number of Palestinians were injured in an airstrike targeted a house in Al Sahaba Street area of Ad Darraj. Total fatalities were 7.",7,,1759790002
PSE48782,3/13/2024,2024,1,Political violence,Explosions/Remote violence,Air/drone strike,Military Forces of Israel (2022-),,8,Civilians (Palestine),Refugees/IDPs (Palestine),7,78,Civilian targeting,275,Middle East,Palestine,Gaza Strip,Deir El Balah,,Al Burayj,31.4394,34.4031,1,Arab 48; Quds News Network; Twitter,New media-National,"On 13 March 2024, Israeli warplanes struck a house in Al Burayj refugee camp (Deir El Balah, Gaza Strip), leaving 6 fatalities and a number of injuries.",6,,1753955113
PSE48752,3/13/2024,2024,1,Political violence,Explosions/Remote violence,Air/drone strike,Military Forces of Israel (2022-),,8,Civilians (Palestine),Refugees/IDPs (Palestine),7,78,Civilian targeting,275,Middle East,Palestine,Gaza Strip,North Gaza,,Jabalya Camp,31.536,34.4907,1,Arab 48; Newpress; Palestine News and Information Agency; Quds News Network; Twitter,New media-National,"On 13 March 2024, Israeli warplanes struck a house in Mukhayyam Jabalya Camp (North Gaza, Gaza Strip), killing at least 1 Palestinian and injuring others.",1,,1753955113
PSE48895,3/13/2024,2024,1,Political violence,Explosions/Remote violence,Air/drone strike,Military Forces of Israel (2022-),,8,Civilians (Palestine),Refugees/IDPs (Palestine),7,78,Civilian targeting,275,Middle East,Palestine,Gaza Strip,Gaza City,,Gaza - Ash Shati' Camp,31.5349,34.4466,1,Arab 48; Quds News Network; Twitter,New media-National,"On 13 March 2024, Israeli warplanes struck a house in Gaza - Ash Shati' Camp (Gaza City, Gaza Strip). Casualties unknown.",0,,1759790002
PSE48611,3/13/2024,2024,1,Political violence,Explosions/Remote violence,Shelling/artillery/missile attack,Military Forces of Israel (2022-),,8,Civilians (Palestine),,7,78,Civilian targeting,275,Middle East,Palestine,Gaza Strip,Gaza City,,Gaza - Tal el Hawa,31.5041,34.435,1,Arab 48; Palestine News and Information Agency,National,"On 13 March 2024, Israeli artillery fired 4 shelled on the outskirts of Al Quds Hospital in Gaza - Tal el Hawa (Gaza City, Gaza Strip), killing 5 Palestinians, including children, and injuring several of others.",5,,1759790002
PSE48784,3/13/2024,2024,1,Political violence,Explosions/Remote violence,Air/drone strike,Military Forces of Israel (2022-),,8,Civilians (Palestine),,7,78,Civilian targeting,275,Middle East,Palestine,Gaza Strip,Gaza City,,Gaza - Az Zaytun,31.4964,34.4522,1,Al-Ittihad; Arab 48; Newpress; Palestine News and Information Agency; Quds News Network; Twitter,New media-National,"On 13 March 2024, Israeli warplanes struck a house in Gaza - Az Zaytun (Gaza City, Gaza Strip), leaving 8 fatalities, including 4 children and 2 women.",8,,1759790002
PSE48789,3/13/2024,2024,1,Political violence,Explosions/Remote violence,Air/drone strike,Military Forces of Israel (2022-),,8,Civilians (Palestine),,7,78,Civilian targeting,275,Middle East,Palestine,Gaza Strip,Gaza City,,Gaza - Az Zaytun,31.4964,34.4522,2,Palestine News and Information Agency,National,"On 13 March 2024, Israeli warplanes struck a house east of Gaza - Az Zaytun (Gaza City, Gaza Strip), leaving a number of fatalities and injuries. Unspecified number of fatalities coded as 3.",3,,1759790002
PSE48709,3/13/2024,2024,1,Political violence,Explosions/Remote violence,Air/drone strike,Military Forces of Israel (2022-),,8,Civilians (Palestine),,7,78,Civilian targeting,275,Middle East,Palestine,Gaza Strip,Khan Yunis,,Khan Yunis - Jourat Al-Loot,31.3314,34.3004,2,Arab 48; Quds News Network; Twitter,New media-National,"On 13 March 2024, Israeli warplanes struck a passing car in Miraj area south of Khan Yunis, coded to Khan Yunis - Jourat Al-Loot (Khan Yunis, Gaza Strip), killing 1 Palestinian and injuring another person.",1,,1753955113
PSE48741,3/13/2024,2024,1,Political violence,Violence against civilians,Attack,Military Forces of Israel (2022-),,8,Civilians (Palestine),,7,78,Civilian targeting,275,Middle East,Palestine,Gaza Strip,Gaza City,,Gaza - Az Zaytun,31.4964,34.4522,1,Newpress; Palestine News and Information Agency; Quds News Network; Twitter,New media-National,"On 13 March 2024, Israeli forces opened fire at Palestinians who were waiting for aid trucks at the Kuwait roundabout in Gaza - Az Zaytun (Gaza City, Gaza Strip), leaving 6 fatalities and at least 83 injuries. This event involved violence over aid.",6,,1759790002
PSE48813,3/13/2024,2024,1,Political violence,Explosions/Remote violence,Air/drone strike,Military Forces of Israel (2022-),,8,Police Forces of Palestine (2007-) Gaza Strip,Hamas Movement,1,18,,275,Middle East,Palestine,Gaza Strip,Rafah,,Khirbet al Adas,31.2855,34.2714,1,Arab 48; Israeli Defense Forces; Joe Truzman; Newpress; Palestine News and Information Agency; Quds News Network; Twitter,Other-New media,"On 13 March 2024, Israeli warplanes struck a passing car in Khirbet al Adas (Rafah, Gaza Strip), leaving 2 fatalities and a number of injuries. The 2 slain were police officers affiliated with the Hamas and responsible for distributing humanitarian aid. This event involved violence over aid.",2,,1753955113
PSE48785,3/14/2024,2024,1,Political violence,Explosions/Remote violence,Air/drone strike,Military Forces of Israel (2022-),,8,Civilians (Palestine),Journalists (Palestine); Refugees/IDPs (Palestine),7,78,Civilian targeting,275,Middle East,Palestine,Gaza Strip,Deir El Balah,,Al Burayj,31.4394,34.4031,1,Arab 48; Committee to Protect Journalists; Guardian (United Kingdom); Palestine News and Information Agency; Quds News Network,Other-National,"On 14 March 2024, Israeli warplanes struck a house and other targets in Al Burayj refugee camp (Deir El Balah, Gaza Strip), leaving 9 fatalities, including a journalist, and 15 injuries.",9,,1757975700
PSE48716,3/14/2024,2024,1,Political violence,Explosions/Remote violence,Shelling/artillery/missile attack,Military Forces of Israel (2022-),,8,Civilians (Palestine),,7,78,Civilian targeting,275,Middle East,Palestine,Gaza Strip,Khan Yunis,,Bani Suheila,31.3424,34.325,2,Palestine News and Information Agency; PLO Negotiations Affairs Department,Other-National,"On 14 March 2024, Israeli artillery and tanks shelled targets east of Khan Yunis, coded to Bani Suheila (Khan Yunis, Gaza Strip). Also, a number of Palestinians were killed in artillery fire targeted houses east of Khan Yunis. Unspecified number of fatalities coded as 3.",3,,1753955113
PSE48510,3/14/2024,2024,1,Political violence,Explosions/Remote violence,Air/drone strike,Military Forces of Israel (2022-),,8,Civilians (Palestine),Refugees/IDPs (Palestine),7,78,Civilian targeting,275,Middle East,Palestine,Gaza Strip,North Gaza,,Jabalya Camp,31.536,34.4907,1,Arab 48; Quds News Network; Twitter,New media-National,"On 14 March 2024,Israeli warplanes struck a house in al-Sekka Street in Mukhayyam Jabalya Camp (North Gaza, Gaza Strip), leaving a number of injuries.",0,,1753955113
PSE48898,3/14/2024,2024,1,Political violence,Explosions/Remote violence,Air/drone strike,Military Forces of Israel (2022-),,8,Civilians (Palestine),,7,78,Civilian targeting,275,Middle East,Palestine,Gaza Strip,Gaza City,,Gaza - Ash Shati' Camp,31.5349,34.4466,2,Al Ghad (Jordan); Palestine News and Information Agency,National-Regional,"On 14 March 2024, Israeli warplanes struck a house west of Gaza - Ash Shati' Camp (Gaza City, Gaza Strip). Casualties unknown.",0,,1759790002
PSE48900,3/14/2024,2024,1,Political violence,Explosions/Remote violence,Air/drone strike,Military Forces of Israel (2022-),,8,Civilians (Palestine),Refugees/IDPs (Palestine),7,78,Civilian targeting,275,Middle East,Palestine,Gaza Strip,Gaza City,,Gaza - Ash Shati' Camp,31.5349,34.4466,1,Arab 48; Liveuamap; Quds News Network; Twitter,Local partner-New media,"On 14 March 2024, Israeli warplanes struck a house in Gaza - Ash Shati' Camp (Gaza City, Gaza Strip). Casualties unknown.",0,,1759790002
PSE48897,3/14/2024,2024,1,Political violence,Explosions/Remote violence,Air/drone strike,Military Forces of Israel (2022-),,8,Civilians (Palestine),,7,78,Civilian targeting,275,Middle East,Palestine,Gaza Strip,Gaza City,,Al Zahra,31.4716,34.4013,1,Palestine News and Information Agency,National,"On 14 March 2024, Israeli warplanes struck a house in Al Zahra city (Gaza City, Gaza Strip). Casualties unknown.",0,,1753955113
PSE48899,3/14/2024,2024,1,Political violence,Explosions/Remote violence,Air/drone strike,Military Forces of Israel (2022-),,8,Civilians (Palestine),,7,78,Civilian targeting,275,Middle East,Palestine,Gaza Strip,North Gaza,,Beit Hanoun - Al-Sekka,31.5463,34.5332,1,Arab 48,National,"On 14 March 2024,Israeli warplanes struck a house in Beit Hanoun - Al-Sekka (North Gaza, Gaza Strip). Casualties unknown.",0,,1753955113
PSE48896,3/14/2024,2024,1,Political violence,Explosions/Remote violence,Air/drone strike,Military Forces of Israel (2022-),,8,Civilians (Palestine),,7,78,Civilian targeting,275,Middle East,Palestine,Gaza Strip,Gaza City,,Al Mughraqa,31.4675,34.4097,1,Palestine News and Information Agency,National,"On 14 March 2024, Israeli warplanes struck a house in Al Mughraqa (Gaza City, Gaza Strip). Casualties unknown.",0,,1753955113
PSE48872,3/14/2024,2024,1,Political violence,Explosions/Remote violence,Air/drone strike,Military Forces of Israel (2022-),,8,Civilians (Palestine),,7,78,Civilian targeting,275,Middle East,Palestine,Gaza Strip,North Gaza,,Jabalya,31.5272,34.4835,1,Arab 48; Newpress; Quds News Network; Twitter,New media-National,"On 14 March 2024, Israeli warplanes struck a house in Al Qasasib area of Jabalya (North Gaza, Gaza Strip), and other airstrikes targeted the Jabalya town. Casualties unknown.",0,,1759790002
PSE48753,3/14/2024,2024,1,Political violence,Explosions/Remote violence,Air/drone strike,Military Forces of Israel (2022-),,8,Civilians (Palestine),,7,78,Civilian targeting,275,Middle East,Palestine,Gaza Strip,Rafah,,Khirbet al Adas,31.2855,34.2714,2,Liveuamap; Newpress; Quds News Network; Twitter,Local partner-New media,"On 14 March 2024, Israeli warplanes struck a house in al-Zuhour area, north of Rafah (coded to Khirbet al Adas, Gaza Strip), leaving at least 1 fatality and a number of injuries.",1,,1753955113
PSE48867,3/14/2024,2024,1,Political violence,Explosions/Remote violence,Air/drone strike,Military Forces of Israel (2022-),,8,Civilians (Palestine),,7,78,Civilian targeting,275,Middle East,Palestine,Gaza Strip,Rafah,,Al Junainah,31.2642,34.2636,1,Palestine News and Information Agency; PLO Negotiations Affairs Department,Other-National,"On 14 March 2024, Israeli warplanes struck a house in Al Junainah area (Rafah, Gaza Strip), injuring a number of Palestinians. Meanwhile, artillery and tanks shelled targets in the same area. Fatalities unknown.",0,,1753955113
PSE48852,3/14/2024,2024,1,Political violence,Explosions/Remote violence,Air/drone strike,Military Forces of Israel (2022-),,8,Civilians (Palestine),Journalists (Palestine),7,78,Civilian targeting,275,Middle East,Palestine,Gaza Strip,Gaza City,,Gaza - Az Zaytun,31.4964,34.4522,1,Arab 48; Arutz Sheva; Committee to Protect Journalists; Dunia Al Watan; Guardian (United Kingdom); Haaretz; Israeli Defense Forces; Joe Truzman; Newpress; Palestine News and Information Agency; Quds News Network; Times of Israel; Twitter,Other-New media,"On 14 March 2024, at least 21 Palestinians were killed, and 150 more were injured while they were waiting for aid trucks at the Kuwait roundabout in Gaza - Az Zaytun (Gaza City, Gaza Strip). A journalist succumbed to his wounds the next day. Palestinian sources accused Israeli forces of firing from tanks and helicopters toward the gatherings. The IDF denied that its troops opened fire, claiming that Palestinian gunmen opened fire on crowds of civilians. This event involved violence over aid.",21,,1759790002
PSE48509,3/14/2024,2024,1,Political violence,Explosions/Remote violence,Air/drone strike,Military Forces of Israel (2022-),,8,Civilians (Palestine),,7,78,Civilian targeting,275,Middle East,Palestine,Gaza Strip,Gaza City,,Gaza - Sheikh Radwan,31.5349,34.4667,1,Arab 48; Newpress; Palestine News and Information Agency; Quds News Network; Twitter,New media-National,"On 14 March 2024, Israeli warplanes struck a passing car in Gaza - Sheikh Radwan (Gaza City, Gaza Strip) leaving at least 2 fatalities and dozens of injuries. Meanwhile, 8 Palestinians were killed dozens were injured in an airstrike targeted a warehouse for distributing aid in the same area. Also, a child was killed in UAV fire. Total fatalities were at least 11. This event involved violence over aid.",11,,1759790002
PSE48738,3/14/2024,2024,1,Political violence,Explosions/Remote violence,Air/drone strike,Military Forces of Israel (2022-),,8,Civilians (Palestine),Refugees/IDPs (Palestine),7,78,Civilian targeting,275,Middle East,Palestine,Gaza Strip,Deir El Balah,,An Nusayrat,31.4486,34.3925,1,Al Ghad (Jordan); Arab 48; Newpress; Palestine News and Information Agency; Quds News Network; Twitter,New media-National,"On 14 March 2024, Israeli warplanes struck houses in An Nusayrat refugee camp (Deir El Balah, Gaza Strip), leaving 5 fatalities and a number of injuries. Meanwhile, at least 10 Palestinians were killed in an airstrike targeted a warehouse for distributing aid. Total fatalities were at least 15. This event involved violence over aid.",15,,1754946060
PSE48729,3/14/2024,2024,2,Political violence,Violence against civilians,Attack,Hamas Movement,,3,Civilians (Palestine),Doghmush Clan Group (Palestine),7,37,Civilian targeting,275,Middle East,Palestine,Gaza Strip,Gaza City,,Gaza - Sabra,31.5086,34.4493,1,Arutz Sheva; Joe Truzman; Ma'an News Agency; Times of Israel; Twitter,New media-National,"Around 14 March 2024 (as reported), Hamas militants executed the leader of the Doghmush clan along with 2 persons from the same clan in Gaza - Sabra (Gaza City, Gaza Strip) for collaborating with Israeli authorities over aid distribution and for the resale of free aid. Hamas issued a statement denying the incident. Earlier, Hamas warned Palestinians from collaborating with Israel regarding aid distribution. This event involved violence over aid.",3,,1759790002
PSE48781,3/15/2024,2024,1,Political violence,Explosions/Remote violence,Air/drone strike,Military Forces of Israel (2022-),,8,Civilians (Palestine),,7,78,Civilian targeting,275,Middle East,Palestine,Gaza Strip,Gaza City,,Gaza - At Tuffah,31.5134,34.4751,1,Palestine News and Information Agency; Quds News Network; Twitter,New media-National,"On 15 March 2024, Israeli warplanes struck a house in Gaza - At Tuffah (Gaza City, Gaza Strip), leaving 5 fatalities (including children) and dozens of injuries.",5,,1759790002
PSE48500,3/15/2024,2024,1,Political violence,Explosions/Remote violence,Air/drone strike,Military Forces of Israel (2022-),,8,Civilians (Palestine),,7,78,Civilian targeting,275,Middle East,Palestine,Gaza Strip,Deir El Balah,,Al Maghazi,31.4214,34.3865,1,Quds News Network,National,"On 15 March 2024, Israeli warplanes struck a house and the surrounding land in Al Maghazi refugee camp (Deir El Balah, Gaza Strip). Casualties unknown.",0,,1753955113
PSE48739,3/15/2024,2024,1,Political violence,Explosions/Remote violence,Air/drone strike,Military Forces of Israel (2022-),,8,Civilians (Palestine),Refugees/IDPs (Palestine),7,78,Civilian targeting,275,Middle East,Palestine,Gaza Strip,Deir El Balah,,An Nusayrat,31.4486,34.3925,1,Palestine News and Information Agency; Quds News Network; Twitter,New media-National,"On 15 March 2024, Israeli warplanes struck 2 houses in An Nusayrat refugee camp (Deir El Balah, Gaza Strip), leaving at least 36 fatalities and dozens of injuries.",36,,1753955113
PSE48754,3/15/2024,2024,1,Political violence,Explosions/Remote violence,Air/drone strike,Military Forces of Israel (2022-),,8,Civilians (Palestine),,7,78,Civilian targeting,275,Middle East,Palestine,Gaza Strip,Deir El Balah,,Al Musaddar,31.4105,34.378,1,Arab 48; Newpress; Palestine News and Information Agency; Quds News Network; Twitter,New media-National,"On 15 March 2024, Israeli warplanes struck a house in Al Musaddar (Deir El Balah, Gaza Strip), leaving one fatality and a number of injuries.",1,,1765850627
PSE48901,3/15/2024,2024,1,Political violence,Explosions/Remote violence,Air/drone strike,Military Forces of Israel (2022-),,8,Civilians (Palestine),Refugees/IDPs (Palestine),7,78,Civilian targeting,275,Middle East,Palestine,Gaza Strip,Deir El Balah,,Al Maghazi,31.4214,34.3865,2,Arab 48; Newpress; Quds News Network; Twitter,New media-National,"On 15 March 2024, Israeli warplanes struck a house west of Al Maghazi refugee camp (Deir El Balah, Gaza Strip). Casualties unknown.",0,,1753955113
PSE48506,3/15/2024,2024,1,Political violence,Explosions/Remote violence,Air/drone strike,Military Forces of Israel (2022-),,8,Civilians (Palestine),,7,78,Civilian targeting,275,Middle East,Palestine,Gaza Strip,Gaza City,,Gaza - Southern Remal,31.5168,34.4355,1,Newpress; Palestine News and Information Agency; Quds News Network; Twitter,New media-National,"On 15 March 2024, Israeli warplanes struck a building near Al Shefa Hospital in Gaza - Southern Remal (Gaza City, Gaza Strip), leaving dozens of fatalities and injuries. Fatalities coded as 12.",12,,1759790002
PSE48797,3/15/2024,2024,1,Political violence,Explosions/Remote violence,Air/drone strike,Military Forces of Israel (2022-),,8,Civilians (Palestine),,7,78,Civilian targeting,275,Middle East,Palestine,Gaza Strip,Gaza City,,Gaza - Nasr,31.534,34.4574,1,Arab 48; Newpress; Palestine News and Information Agency; Twitter,New media-National,"On 15 March 2024, Israeli warplanes struck a house in Gaza - Nasr (Gaza City, Gaza Strip), leaving a number of fatalities and injuries. Unspecified number of fatalities coded as 3.",3,,1753955113
PSE48728,3/15/2024,2024,1,Political violence,Explosions/Remote violence,Air/drone strike,Military Forces of Israel (2022-),,8,Civilians (Palestine),,7,78,Civilian targeting,275,Middle East,Palestine,Gaza Strip,Gaza City,,Gaza - Ash Shati' Camp,31.5349,34.4466,2,Ma'an News Agency; Newpress; Palestine News and Information Agency; Twitter,New media-National,"On 15 March 2024, Israeli warplanes struck targets in the area of Al Mukhabara tower northwest of Gaza City, coded to Gaza - Ash Shati' Camp (Gaza City, Gaza Strip), leaving 3 fatalities and a number of injuries.",3,,1759790002
PSE48798,3/15/2024,2024,1,Political violence,Explosions/Remote violence,Air/drone strike,Military Forces of Israel (2022-),,8,Civilians (Palestine),,7,78,Civilian targeting,275,Middle East,Palestine,Gaza Strip,North Gaza,,Jabalya,31.5272,34.4835,1,Arab 48; Newpress; Quds News Network; Twitter,New media-National,"On 15 March 2024, Israeli warplanes struck a house in Jabalya town (North Gaza, Gaza Strip), leaving a number of fatalities and injuries. Unspecified number of fatalities coded as 3.",3,,1759790002
PSE48878,3/15/2024,2024,1,Political violence,Explosions/Remote violence,Air/drone strike,Military Forces of Israel (2022-),,8,Civilians (Palestine),,7,78,Civilian targeting,275,Middle East,Palestine,Gaza Strip,Gaza City,,Gaza - Az Zaytun,31.4964,34.4522,2,Liveuamap; Newpress; Palestine News and Information Agency; Twitter,Local partner-New media,"On 15 March 2024, Israeli warplanes struck targets (including a house) south of Gaza City and in Al Jalaa street, coded to Gaza - Az Zaytun (Gaza City, Gaza Strip). Also, the artillery struck south of Az Zaytun. Casualties unknown.",0,,1759790002
PSE48743,3/15/2024,2024,1,Political violence,Explosions/Remote violence,Air/drone strike,Military Forces of Israel (2022-),,8,Civilians (Palestine),,7,78,Civilian targeting,275,Middle East,Palestine,Gaza Strip,Rafah,,Rafah,31.287,34.2595,1,Newpress; Palestine News and Information Agency; Twitter,New media-National,"On 15 March 2024, Israeli warplanes struck a house in Musabbah area of Rafah city (Rafah, Gaza Strip), leaving a number of injuries.",0,,1762829569
PSE48710,3/15/2024,2024,1,Political violence,Violence against civilians,Attack,Military Forces of Israel (2022-),,8,Civilians (Palestine),,7,78,Civilian targeting,275,Middle East,Palestine,Gaza Strip,Gaza City,,Gaza - Az Zaytun,31.4964,34.4522,1,Ma'an News Agency; Palestine News and Information Agency; Quds News Network; Twitter,New media-National,"On 15 March 2024, Israeli forces opened fire at Palestinians who were waiting for aid trucks at the Kuwait roundabout in Gaza - Az Zaytun (Gaza City, Gaza Strip), leaving 1 fatality and a number of injuries. This event involved violence over aid.",1,,1759790002
PSE49112,3/16/2024,2024,1,Political violence,Explosions/Remote violence,Air/drone strike,Military Forces of Israel (2022-),,8,Civilians (Palestine),,7,78,Civilian targeting,275,Middle East,Palestine,Gaza Strip,Gaza City,,Gaza - Sheikh Radwan,31.5349,34.4667,2,Quds News Network; Twitter,New media-National,"On 16 March 2024, Israeli warplanes struck a house in Al Jala Street, coded to the Gaza - Sheikh Radwan area (Gaza City, Gaza Strip), leaving at least one woman dead.",1,,1759790002
PSE49116,3/16/2024,2024,1,Political violence,Explosions/Remote violence,Air/drone strike,Military Forces of Israel (2022-),,8,Civilians (Palestine),,7,78,Civilian targeting,275,Middle East,Palestine,Gaza Strip,Gaza City,,Gaza - Shujaiyya,31.4988,34.4699,1,Palestine News and Information Agency; Quds News Network; Twitter,New media-National,"On 16 March 2024, Israeli warplanes struck a house in Al Mansoura Street of Gaza - Shujaiyya (Gaza City, Gaza Strip). Casualties unknown.",0,,1759790002
PSE49061,3/16/2024,2024,1,Political violence,Explosions/Remote violence,Air/drone strike,Military Forces of Israel (2022-),,8,Civilians (Palestine),Refugees/IDPs (Palestine),7,78,Civilian targeting,275,Middle East,Palestine,Gaza Strip,Deir El Balah,,An Nusayrat,31.4486,34.3925,1,Ma'an News Agency; Newpress; Palestine News and Information Agency; Quds News Network; Twitter,New media-National,"On 16 March 2024, Israeli warplanes struck a house in An Nusayrat refugee camp (Deir El Balah, Gaza Strip), leaving 7 fatalities and 10 more injuries.",7,,1753955113
PSE49135,3/16/2024,2024,1,Political violence,Explosions/Remote violence,Air/drone strike,Military Forces of Israel (2022-),,8,Civilians (Palestine),,7,78,Civilian targeting,275,Middle East,Palestine,Gaza Strip,Khan Yunis,,Hamad,31.3749,34.3193,1,Arab 48; Quds News Network; Twitter,New media-National,"On 16 March 2024, 3 Palestinians were killed by Israeli fire in Hamad city (Khan Yunis, Gaza Strip), likely by airstrikes and artillery fire.",3,,1753955113
PSE49052,3/16/2024,2024,1,Political violence,Explosions/Remote violence,Shelling/artillery/missile attack,Military Forces of Israel (2022-),,8,Civilians (Palestine),Refugees/IDPs (Palestine),7,78,Civilian targeting,275,Middle East,Palestine,Gaza Strip,Rafah,,Al Mawasi (Rafah),31.3294,34.2299,1,Quds News Network; Twitter,New media-National,"On 16 March 2024, Israeli gunboats opened fire toward displaced people's tents in Al Mawasi (Rafah) - Gaza Strip, killing a Palestinian woman.",1,,1762829569
PSE49120,3/16/2024,2024,1,Political violence,Explosions/Remote violence,Air/drone strike,Military Forces of Israel (2022-),,8,Civilians (Palestine),,7,78,Civilian targeting,275,Middle East,Palestine,Gaza Strip,Gaza City,,Gaza - Southern Remal,31.5168,34.4355,1,Quds News Network; Twitter,New media-National,"On 16 March 2024, Israeli warplanes struck a building in Gaza - Southern Remal (Gaza City, Gaza Strip). Casualties unknown.",0,,1759790002
PSE49106,3/16/2024,2024,1,Political violence,Explosions/Remote violence,Air/drone strike,Military Forces of Israel (2022-),,8,Civilians (Palestine),,7,78,Civilian targeting,275,Middle East,Palestine,Gaza Strip,Gaza City,,Gaza - Ash Shati' Camp,31.5349,34.4466,1,Arab 48; Newpress; Quds News Network; Twitter,New media-National,"On 16 March 2024, Israeli warplanes struck targets including a residential building in Gaza - Ash Shati' Camp (Gaza City, Gaza Strip). Casualties unknown.",0,,1759790002
PSE49057,3/16/2024,2024,1,Political violence,Explosions/Remote violence,Air/drone strike,Military Forces of Israel (2022-),,8,Civilians (Palestine),,7,78,Civilian targeting,275,Middle East,Palestine,Gaza Strip,Gaza City,,Al Zahra,31.4716,34.4013,1,Arab 48; Quds News Network; Twitter,New media-National,"On 16 March 2024, Israeli warplanes struck a passing car in Al Zahra (Gaza City, Gaza Strip), leaving 2 fatalities. Meanwhile, artillery and tanks shelled targets and opened fire. Casualties unknown. Fatalities coded as at least 2.",2,,1753955113
PSE49167,3/16/2024,2024,1,Political violence,Explosions/Remote violence,Air/drone strike,Military Forces of Israel (2022-),,8,Civilians (Palestine),,7,78,Civilian targeting,275,Middle East,Palestine,Gaza Strip,Rafah,,Khirbet al Adas,31.2855,34.2714,1,Arab 48; Newpress; Palestine News and Information Agency; Quds News Network; Twitter,New media-National,"On 16 March 2024, Israeli warplanes struck a house in Khirbet al Adas (Rafah, Gaza Strip), leaving 3 fatalities.",3,,1753955113
PSE49187,3/16/2024,2024,1,Political violence,Explosions/Remote violence,Air/drone strike,Military Forces of Israel (2022-),,8,Civilians (Palestine),,7,78,Civilian targeting,275,Middle East,Palestine,Gaza Strip,Rafah,,Rafah,31.287,34.2595,1,Ma'an News Agency; Palestine News and Information Agency,National,"On 16 March 2024, Israeli warplanes struck a house in Rafah (Rafah, Gaza Strip), leaving a number of injuries.",0,,1762829569
PSE49049,3/17/2024,2024,1,Political violence,Explosions/Remote violence,Shelling/artillery/missile attack,Military Forces of Israel (2022-),,8,Civilians (Palestine),Refugees/IDPs (Palestine),7,78,Civilian targeting,275,Middle East,Palestine,Gaza Strip,Khan Yunis,,Al Mawasi (Khan Yunis),31.3482,34.2547,1,Arab 48; Palestine News and Information Agency; Quds News Network; Twitter,New media-National,"On 17 March 2024, Israeli artillery opened fire toward Palestinian lands and displaced people's tents in Al Mawasi (Khan Yunis), Gaza Strip. Casualties unknown.",0,,1762829569
PSE49118,3/17/2024,2024,1,Political violence,Explosions/Remote violence,Air/drone strike,Military Forces of Israel (2022-),,8,Civilians (Palestine),,7,78,Civilian targeting,275,Middle East,Palestine,Gaza Strip,Gaza City,,Gaza - Shujaiyya,31.4988,34.4699,1,Liveuamap; Palestine News and Information Agency; Quds News Network; Twitter,Local partner-New media,"On 17 March 2024, Israeli warplanes carried out airstrikes in Gaza - Shujaiyya (Gaza City, Gaza Strip) and targeted a house, leaving 2 fatalities and a number of injuries.",2,,1759790002
PSE49046,3/17/2024,2024,1,Political violence,Explosions/Remote violence,Shelling/artillery/missile attack,Military Forces of Israel (2022-),,8,Civilians (Palestine),,7,78,Civilian targeting,275,Middle East,Palestine,Gaza Strip,Deir El Balah,,Al Burayj,31.4394,34.4031,2,Palestine News and Information Agency; Quds News Network; Twitter,New media-National,"On 17 March 2024, Israeli artillery shelled targets east of Al Burayj refugee camp (Deir El Balah, Gaza Strip), killing a Palestinian.",1,,1753955113
PSE49047,3/17/2024,2024,1,Political violence,Explosions/Remote violence,Shelling/artillery/missile attack,Military Forces of Israel (2022-),,8,Civilians (Palestine),Refugees/IDPs (Palestine),7,78,Civilian targeting,275,Middle East,Palestine,Gaza Strip,Deir El Balah,,Al Burayj,31.4394,34.4031,1,Palestine News and Information Agency,National,"On 17 March 2024, Israeli artillery struck houses in Al Burayj refugee camp (Deir El Balah, Gaza Strip), leaving injuries.",0,,1753955113
PSE49064,3/17/2024,2024,1,Political violence,Explosions/Remote violence,Air/drone strike,Military Forces of Israel (2022-),,8,Civilians (Palestine),Refugees/IDPs (Palestine),7,78,Civilian targeting,275,Middle East,Palestine,Gaza Strip,Deir El Balah,,An Nusayrat,31.4486,34.3925,1,Liveuamap; Palestine News and Information Agency; Quds News Network; Twitter,Local partner-New media,"On 17 March 2024, Israeli warplanes struck houses in An Nusayrat refugee camp (Deir El Balah, Gaza Strip), leaving at least 3 fatalities and a number of injuries.",3,,1753955113
PSE49091,3/17/2024,2024,1,Political violence,Explosions/Remote violence,Air/drone strike,Military Forces of Israel (2022-),,8,Civilians (Palestine),,7,78,Civilian targeting,275,Middle East,Palestine,Gaza Strip,Deir El Balah,,Deir al Balah,31.4178,34.3503,1,Al-Ittihad; Ma'an News Agency; Palestine News and Information Agency; Quds News Network; Times of Israel; Twitter,New media-National,"On 17 March 2024, Israeli warplanes struck a house in the Beshara neighborhood of Deir al Balah city (Deir El Balah, Gaza Strip), leaving at least 11 fatalities, including 3 children and women.",11,,1753955113
PSE49168,3/17/2024,2024,1,Political violence,Explosions/Remote violence,Air/drone strike,Military Forces of Israel (2022-),,8,Civilians (Palestine),Refugees/IDPs (Palestine),7,78,Civilian targeting,275,Middle East,Palestine,Gaza Strip,Rafah,,Tal as Sultan,31.3098,34.2414,2,Newpress; Quds News Network; Twitter,New media-National,"On 17 March 2024, an Israeli UAV opened fire at a tent belongs to displaced people near the Amwaj hall west of Rafah city, coded to Tal as Sultan (Rafah, Gaza Strip). Casualties unknown.",0,,1762829569
PSE49107,3/17/2024,2024,1,Political violence,Explosions/Remote violence,Air/drone strike,Military Forces of Israel (2022-),,8,Civilians (Palestine),Refugees/IDPs (Palestine),7,78,Civilian targeting,275,Middle East,Palestine,Gaza Strip,Gaza City,,Gaza - Ash Shati' Camp,31.5349,34.4466,1,Arab 48; Palestine News and Information Agency; Palestinian Ministry of Health; Quds News Network; Twitter,Other-New media,"On 17 March 2024, Israeli warplanes struck houses in Gaza - Ash Shati' Camp (Gaza City, Gaza Strip), leaving an unspecified number of fatalities and injuries. [Palestinian Ministry of Health reported 31726 fatalities upto 17 March 2024. 64 fatalities not attributed to specific events split across 3 events on 17 March. 6 fatalities coded to this event.]",6,,1759790002
PSE49110,3/17/2024,2024,1,Political violence,Explosions/Remote violence,Air/drone strike,Military Forces of Israel (2022-),,8,Civilians (Palestine),,7,78,Civilian targeting,275,Middle East,Palestine,Gaza Strip,Gaza City,,Gaza - Nasr,31.534,34.4574,1,Arab 48; Palestine News and Information Agency; Palestinian Ministry of Health; Quds News Network; Twitter,Other-New media,"On 17 March 2024, Israeli warplanes struck a house in Gaza - Nasr (Gaza City, Gaza Strip), leaving a number of fatalities and injuries. [Palestinian Ministry of Health reported 31726 fatalities upto 17 March 2024. 64 fatalities not attributed to specific events split across 3 events on 17 March. 6 fatalities coded to this event.]",6,,1753955113
PSE49113,3/17/2024,2024,1,Political violence,Explosions/Remote violence,Air/drone strike,Military Forces of Israel (2022-),,8,Civilians (Palestine),,7,78,Civilian targeting,275,Middle East,Palestine,Gaza Strip,Gaza City,,Gaza - Sheikh Radwan,31.5349,34.4667,1,Arab 48; Palestine News and Information Agency; Palestinian Ministry of Health; Quds News Network; Twitter,Other-New media,"On 17 March 2024, Israeli warplanes struck a house in Gaza - Sheikh Radwan (Gaza City, Gaza Strip), leaving a number of fatalities and injuries. [Palestinian Ministry of Health reported 31726 fatalities upto 17 March 2024. 64 fatalities not attributed to specific events split across 3 events on 17 March. 6 fatalities coded to this event.]",6,,1759790002
PSE49059,3/17/2024,2024,1,Political violence,Explosions/Remote violence,Shelling/artillery/missile attack,Military Forces of Israel (2022-),,8,Civilians (Palestine),,7,78,Civilian targeting,275,Middle East,Palestine,Gaza Strip,Gaza City,,Al Mughraqa,31.4675,34.4097,1,Palestine News and Information Agency; Quds News Network; Twitter,New media-National,"On 17 March 2024, Israeli artillery struck houses in Al Mughraqa (Gaza City, Gaza Strip), leaving injuries.",0,,1753955113
PSE49099,3/18/2024,2024,1,Political violence,Explosions/Remote violence,Air/drone strike,Military Forces of Israel (2022-),,8,Civilians (Palestine),,7,78,Civilian targeting,275,Middle East,Palestine,Gaza Strip,Gaza City,,Gaza,31.5045,34.4743,1,Newpress; Quds News Network; Twitter,New media-National,"On 18 March 2024, Israeli warplanes opened fire and struck houses in streets of Al Jalaa, Al Wihda, and Al Nasr, Gaza City (Gaza City, Gaza Strip). At least 9 Palestinians were killed.",9,,1759790002
PSE49114,3/18/2024,2024,1,Political violence,Explosions/Remote violence,Air/drone strike,Military Forces of Israel (2022-),,8,Civilians (Palestine),,7,78,Civilian targeting,275,Middle East,Palestine,Gaza Strip,Gaza City,,Gaza - Sheikh Radwan,31.5349,34.4667,1,Newpress; Twitter,New media-National,"On 18 March 2024, Israeli warplanes struck a house in Gaza - Sheikh Radwan (Gaza City, Gaza Strip), leaving 5 fatalities and a number of injuries.",5,,1759790002
PSE49124,3/18/2024,2024,1,Political violence,Explosions/Remote violence,Air/drone strike,Military Forces of Israel (2022-),,8,Civilians (Palestine),,7,78,Civilian targeting,275,Middle East,Palestine,Gaza Strip,Gaza City,,Gaza - Northern Remal,31.524,34.4505,1,Newpress; Quds News Network; Twitter,New media-National,"On 18 March 2024, Israeli warplanes struck targets (including houses) in the vicinity of Al Shifa Hospital and in Gaza - Northern Remal (Gaza City, Gaza Strip). Also, tanks struck targets in the same area. Casualties unknown.",0,,1759790002
PSE49154,3/18/2024,2024,1,Political violence,Explosions/Remote violence,Air/drone strike,Military Forces of Israel (2022-),,8,Civilians (Palestine),,7,78,Civilian targeting,275,Middle East,Palestine,Gaza Strip,Khan Yunis,,Khan Yunis,31.3502,34.3081,1,Palestine News and Information Agency,National,"On 18 March 2024, Israeli warplanes struck a house in Khan Yunis city (Khan Yunis, Gaza Strip), killing 2 children.",2,,1753955113
PSE49165,3/18/2024,2024,1,Political violence,Explosions/Remote violence,Shelling/artillery/missile attack,Military Forces of Israel (2022-),,8,Civilians (Palestine),,7,78,Civilian targeting,275,Middle East,Palestine,Gaza Strip,Khan Yunis,,Khan Yunis - West (Municipal Stadium),31.3484,34.2961,2,Palestine News and Information Agency; Quds News Network; Twitter,New media-National,"On 18 March 2024, Israeli artillery shelled west of Khan Yunis city (coded to Khan Yunis - West (Municipal Stadium), Gaza Strip). Casualties unknown. 2 Palestinians were killed in Khan Yunis camp, west of the city, which is coded as fatalities to this event. At least 2 fatalities coded.",2,,1753955113
PSE49065,3/18/2024,2024,1,Political violence,Explosions/Remote violence,Air/drone strike,Military Forces of Israel (2022-),,8,Civilians (Palestine),Refugees/IDPs (Palestine),7,78,Civilian targeting,275,Middle East,Palestine,Gaza Strip,Deir El Balah,,An Nusayrat,31.4486,34.3925,1,Newpress; Palestine News and Information Agency; Twitter,New media-National,"On 18 March 2024, Israeli warplanes struck a house in An Nusayrat refugee camp (Deir El Balah, Gaza Strip), leaving 9 fatalities and a number of injuries.",9,,1753955113
PSE49066,3/18/2024,2024,1,Political violence,Explosions/Remote violence,Air/drone strike,Military Forces of Israel (2022-),,8,Civilians (Palestine),,7,78,Civilian targeting,275,Middle East,Palestine,Gaza Strip,Deir El Balah,,An Nusayrat - West,31.4525,34.3756,1,Arab 48; Quds News Network; Twitter,New media-National,"On 18 March 2024, Israeli warplanes struck a house west of An Nusayrat camp (An Nusayrat - West, Deir El Balah, Gaza Strip), leaving 4 fatalities.",4,,1753955113
PSE49096,3/18/2024,2024,1,Political violence,Explosions/Remote violence,Air/drone strike,Military Forces of Israel (2022-),,8,Civilians (Palestine),,7,78,Civilian targeting,275,Middle East,Palestine,Gaza Strip,Deir El Balah,,Deir al Balah Camp,31.4249,34.34,2,Newpress; Palestine News and Information Agency; PLO Negotiations Affairs Department; Twitter,Other-New media,"On 18 March 2024, Israeli warplanes struck houses in Al Junaina area east of Deir El Balah, coded to Deir al Balah Camp (Deir al Balah, Gaza Strip). Also, artillery and tanks shelled targets east of Deir al Balah city. Total 14 fatalities reported in Al Junaina area and Khirbet al Adas were split across 2 events, 7 fatalities coded.",7,,1765850627
PSE49111,3/18/2024,2024,1,Political violence,Explosions/Remote violence,Air/drone strike,Military Forces of Israel (2022-),,8,Civilians (Palestine),,7,78,Civilian targeting,275,Middle East,Palestine,Gaza Strip,Gaza City,,Gaza - Nasr,31.534,34.4574,1,Quds News Network,National,"On 18 March 2024, Israeli warplanes struck houses in Gaza - Nasr (Gaza City, Gaza Strip). Casualties unknown.",0,,1753955113
PSE49140,3/18/2024,2024,1,Political violence,Explosions/Remote violence,Shelling/artillery/missile attack,Military Forces of Israel (2022-),,8,Civilians (Palestine),Fishers (Palestine),7,78,Civilian targeting,275,Middle East,Palestine,Gaza Strip,Gaza City,,Coast of Gaza City,31.5304,34.4215,2,Newpress; Quds News Network; Twitter,New media-National,"On 18 March 2024, Israeli gunboats opened fire toward Palestinian fishing boats off the Coast of Gaza City (Gaza City, Gaza Strip). Casualties unknown.",0,,1753955113
PSE49076,3/18/2024,2024,1,Political violence,Explosions/Remote violence,Shelling/artillery/missile attack,Military Forces of Israel (2022-),,8,Civilians (Palestine),,7,78,Civilian targeting,275,Middle East,Palestine,Gaza Strip,Gaza City,,Al Zahra,31.4716,34.4013,1,Arab 48; Newpress; Palestine News and Information Agency; Quds News Network; Twitter,New media-National,"On 18 March 2024, Israeli tanks opened fire at Palestinians in Al Rasheed Street of Al Zahra (Gaza City, Gaza Strip), leaving 2 fatalities and injuring 4 persons.",2,,1753955113
PSE49128,3/18/2024,2024,1,Political violence,Explosions/Remote violence,Air/drone strike,Military Forces of Israel (2022-),,8,Civilians (Palestine),,7,78,Civilian targeting,275,Middle East,Palestine,Gaza Strip,Gaza City,,Gaza - Tal el Hawa,31.5041,34.435,1,Palestine News and Information Agency,National,"On 18 March 2024, Israeli warplanes struck a house in Gaza - Tal el Hawa (Gaza City, Gaza Strip). Casualties unknown.",0,,1759790002
PSE49129,3/18/2024,2024,1,Political violence,Explosions/Remote violence,Air/drone strike,Military Forces of Israel (2022-),,8,Civilians (Palestine),Refugees/IDPs (Palestine),7,78,Civilian targeting,275,Middle East,Palestine,Gaza Strip,Gaza City,,Gaza - Tal el Hawa,31.5041,34.435,2,Quds News Network,National,"On 18 March 2024, Israeli warplanes struck displaced people in Al Baydar area and houses southwest of Gaza City, coded to Gaza - Tal el Hawa (Gaza City, Gaza Strip). Casualties unknown.",0,,1759790002
PSE49145,3/18/2024,2024,1,Political violence,Explosions/Remote violence,Air/drone strike,Military Forces of Israel (2022-),,8,Civilians (Palestine),,7,78,Civilian targeting,275,Middle East,Palestine,Gaza Strip,North Gaza,,Jabalya,31.5272,34.4835,1,Palestine News and Information Agency,National,"On 18 March 2024, Israeli warplanes struck a house in Jabalya town (North Gaza, Gaza Strip), leaving at least 8 fatalities and a number of injuries.",8,,1759790002
PSE49161,3/18/2024,2024,1,Political violence,Explosions/Remote violence,Air/drone strike,Military Forces of Israel (2022-),,8,Civilians (Palestine),,7,78,Civilian targeting,275,Middle East,Palestine,Gaza Strip,Khan Yunis,,Khan Yunis - Jourat Al-Loot,31.3314,34.3004,2,Quds News Network,National,"On 18 March 2024, Israeli warplanes struck near Miraj area south of Khan Yunis city, coded to Khan Yunis - Jourat Al-Loot (Khan Yunis, Gaza Strip), leaving injuries.",0,,1753955113
PSE49169,3/18/2024,2024,1,Political violence,Explosions/Remote violence,Air/drone strike,Military Forces of Israel (2022-),,8,Civilians (Palestine),,7,78,Civilian targeting,275,Middle East,Palestine,Gaza Strip,Rafah,,Khirbet al Adas,31.2855,34.2714,2,Palestine News and Information Agency,National,"On 18 March 2024, Israeli warplanes struck houses in Musabbah area and Khirbet al Adas (Rafah, Gaza Strip). Total 14 fatalities reported in Al Junaina area and Khirbet al Adas were split across 2 events, 7 fatalities coded.",7,,1753955113
PSE48909,3/19/2024,2024,1,Political violence,Explosions/Remote violence,Air/drone strike,Military Forces of Israel (2022-),,8,Civilians (Palestine),,7,78,Civilian targeting,275,Middle East,Palestine,Gaza Strip,Khan Yunis,,Khan Yunis - Al Kateebeh,31.3642,34.3085,2,Palestine News and Information Agency,National,"On 19 March 2024, Israeli warplanes struck a house near Al Matahen junction north of Khan Yunis, coded to Khan Yunis - Al Kateebeh (Khan Yunis, Gaza Strip). Casualties unknown.",0,,1767742780
PSE48911,3/19/2024,2024,1,Political violence,Explosions/Remote violence,Air/drone strike,Military Forces of Israel (2022-),,8,Civilians (Palestine),,7,78,Civilian targeting,275,Middle East,Palestine,Gaza Strip,Gaza City,,Gaza - Ad Darraj,31.5172,34.4642,1,Newpress; Palestine News and Information Agency; Quds News Network; Twitter,New media-National,"On 19 March 2024, Israeli warplanes carried out airstrikes in Gaza - Ad Darraj (Gaza City, Gaza Strip). Also, a woman was killed in an airstrike that targeted a building at Al Samer area in the same location. Fatalities coded at least 1.",1,,1759790002
PSE48912,3/19/2024,2024,1,Political violence,Explosions/Remote violence,Air/drone strike,Military Forces of Israel (2022-),,8,Civilians (Palestine),,7,78,Civilian targeting,275,Middle East,Palestine,Gaza Strip,Gaza City,,Gaza - Sheikh Radwan,31.5349,34.4667,1,Palestine News and Information Agency,National,"On 19 March 2024, Israeli warplanes struck targets in Gaza - Sheikh Radwan (Gaza City, Gaza Strip). Meanwhile, warplanes struck a house in the same area, killing 6 Palestinians. Fatalities coded as 6.",6,,1759790002
PSE48926,3/19/2024,2024,1,Political violence,Explosions/Remote violence,Shelling/artillery/missile attack,Military Forces of Israel (2022-),,8,Civilians (Palestine),,7,78,Civilian targeting,275,Middle East,Palestine,Gaza Strip,Deir El Balah,,Al Brawk,31.4204,34.339,2,Palestine News and Information Agency; PLO Negotiations Affairs Department,Other-National,"On 19 March 2024, Israeli gunboats shelled targets along the coast of Deir al Balah, coded to Al Brawk (Deir El Balah, Gaza Strip). One Palestinian was killed.",1,,1767742780
PSE48921,3/19/2024,2024,1,Political violence,Explosions/Remote violence,Air/drone strike,Military Forces of Israel (2022-),,8,Civilians (Palestine),,7,78,Civilian targeting,275,Middle East,Palestine,Gaza Strip,Deir El Balah,,An Nusayrat - West,31.4525,34.3756,1,Palestine News and Information Agency,National,"On 19 March 2024, Israeli warplanes struck a group of Palestinians at Al Rashid street west of An Nusayrat camp (An Nusayrat - West, Deir El Balah, Gaza Strip), leaving at least one fatality and a number of injuries.",1,,1753955113
PSE48923,3/19/2024,2024,1,Political violence,Explosions/Remote violence,Air/drone strike,Military Forces of Israel (2022-),,8,Civilians (Palestine),,7,78,Civilian targeting,275,Middle East,Palestine,Gaza Strip,Gaza City,,Gaza - Southern Remal,31.5168,34.4355,2,Newpress; Palestine News and Information Agency; Quds News Network; Twitter,New media-National,"On 19 March 2024, Israeli warplanes struck houses in Al Wehda, Al Thwara, Al Mashahreh and Al Thalathini streets west of Gaza City, coded to Gaza - Southern Remal (Gaza, City, Gaza Strip), leaving a number of fatalities and injuries. Also, artillery struck houses west of the city. Unspecified number of fatalities coded as 3.",3,,1759790002
PSE48910,3/19/2024,2024,1,Political violence,Explosions/Remote violence,Air/drone strike,Military Forces of Israel (2022-),,8,Civilians (Palestine),,7,78,Civilian targeting,275,Middle East,Palestine,Gaza Strip,Gaza City,,Gaza - Southern Remal,31.5168,34.4355,1,Newpress; Palestine News and Information Agency; Quds News Network; Twitter,New media-National,"On 19 March 2024, Israeli warplanes carried out airstrikes and struck 2 houses near Abdel-Shafi junction and Al-Mishal institution in Gaza - Southern Remal (Gaza City, Gaza Strip), leaving an unspecified number of fatalities and injuries. Unspecified number of fatalities coded as 3. Also, 15 Palestinians were killed in an airstrike that targeted a house in the same area. Total fatalities were at least 18 (15 confirmed, 3 unspecified).",18,,1759790002
PSE48920,3/19/2024,2024,1,Political violence,Explosions/Remote violence,Air/drone strike,Military Forces of Israel (2022-),,8,Police Forces of Palestine (2007-) Gaza Strip,Civilians (Palestine); Hamas Movement; Refugees/IDPs (Palestine),1,18,,275,Middle East,Palestine,Gaza Strip,Deir El Balah,,An Nusayrat,31.4486,34.3925,1,Arab 48; Ma'an News Agency; Newpress; Palestine News and Information Agency; Quds News Network; Twitter,New media-National,"On 19 March 2024, Israeli warplanes struck 2 houses in An Nusayrat refugee camp (Deir El Balah, Gaza Strip), leaving a number of fatalities and injuries. Fatalities coded as 3. Also, 5 Palestinians were killed in an airstrike targeting a car (likely passing) near the UNRWA office; among those killed were the chief of central Gaza police (Hamas) and a police officer. Total fatalities coded as 8 (3 unspecified, 5 confirmed).",8,,1753955113
PSE48945,3/19/2024,2024,1,Political violence,Explosions/Remote violence,Shelling/artillery/missile attack,Military Forces of Israel (2022-),,8,Civilians (Palestine),,7,78,Civilian targeting,275,Middle East,Palestine,Gaza Strip,Gaza City,,Gaza - Ash Shaykh Ijlin,31.5098,34.4274,1,Palestine News and Information Agency,National,"On 19 March 2024, Israeli artillery struck houses in Gaza - Ash Shaykh Ijlin (Gaza City, Gaza Strip). Casualties unknown.",0,,1753955113
PSE48944,3/19/2024,2024,1,Political violence,Explosions/Remote violence,Shelling/artillery/missile attack,Military Forces of Israel (2022-),,8,Civilians (Palestine),,7,78,Civilian targeting,275,Middle East,Palestine,Gaza Strip,Gaza City,,Gaza - Tal el Hawa,31.5041,34.435,1,Palestine News and Information Agency,National,"On 19 March 2024, Israeli artillery struck houses in Gaza - Tal el Hawa (Gaza City, Gaza Strip). Casualties unknown.",0,,1759790002
PSE48924,3/19/2024,2024,1,Political violence,Violence against civilians,Attack,Military Forces of Israel (2022-),,8,Civilians (Palestine),,7,78,Civilian targeting,275,Middle East,Palestine,Gaza Strip,Gaza City,,Gaza - Az Zaytun,31.4964,34.4522,1,Arab 48; Dunia Al Watan; Ma'an News Agency; Newpress; Palestine News and Information Agency; Quds News Network; Twitter,New media-National,"On 19 March 2024, Israeli forces opened fire on a gathering for aid security committees (established by Gazan clans and likely supported by Hamas) at the Kuwait roundabout in Gaza - Az Zaytun (Gaza City, Gaza Strip), leaving at least 23 fatalities and injuring others, among those killed was the head of the committee. This event involved violence over aid.",23,,1759790002
PSE48915,3/19/2024,2024,1,Political violence,Explosions/Remote violence,Air/drone strike,Military Forces of Israel (2022-),,8,Civilians (Palestine),Refugees/IDPs (Palestine),7,78,Civilian targeting,275,Middle East,Palestine,Gaza Strip,North Gaza,,Jabalya Camp,31.536,34.4907,1,Arab 48; Palestine News and Information Agency; Quds News Network; Twitter,New media-National,"On 19 March 2024, Israeli warplanes struck an aid warehouse in Mukhayyam Jabalya Camp (North Gaza, Gaza Strip), killing 2 aid workers (likely aid security committees). This event involved violence over aid.",2,,1756156113
PSE48952,3/20/2024,2024,1,Political violence,Explosions/Remote violence,Air/drone strike,Military Forces of Israel (2022-),,8,Civilians (Palestine),,7,78,Civilian targeting,275,Middle East,Palestine,Gaza Strip,Gaza City,,Gaza - Ad Darraj,31.5172,34.4642,1,Palestine News and Information Agency; Quds News Network; Twitter,New media-National,"On 20 March 2024, Israeli warplanes carried out airstrikes in Gaza - Ad Darraj (Gaza City, Gaza Strip), leaving a number of fatalities. Unspecified fatalities coded as 3.",3,,1759790002
PSE48957,3/20/2024,2024,1,Political violence,Explosions/Remote violence,Air/drone strike,Military Forces of Israel (2022-),,8,Civilians (Palestine),,7,78,Civilian targeting,275,Middle East,Palestine,Gaza Strip,Gaza City,,Gaza - Northern Remal,31.524,34.4505,1,Ma'an News Agency; Newpress; Palestine News and Information Agency; Quds News Network; Twitter,New media-National,"On 20 March 2024, Israeli warplanes struck houses and apartments near Al Shawwa tower and Al Shifa hospital and on the outskirts of Al Kenz mosque in Gaza - Northern Remal (Gaza City, Gaza Strip), leaving dozens of fatalities and a number of injuries. Also, artillery struck houses and apartments in the same area. Fatalities coded as 12.",12,,1759790002
PSE48968,3/20/2024,2024,1,Political violence,Explosions/Remote violence,Air/drone strike,Military Forces of Israel (2022-),,8,Civilians (Palestine),,7,78,Civilian targeting,275,Middle East,Palestine,Gaza Strip,Khan Yunis,,Bani Suheila,31.3424,34.325,2,Quds News Network; Twitter,New media-National,"On 20 March 2024, two bodies of Palestinians were recovered from the area of Al Salam Hospital north of Bani Suheila (Khan Yunis, Gaza Strip), they were likely killed by an Israeli airstrike or artillery fire at some point in the recent past.",2,,1753955113
PSE48951,3/20/2024,2024,1,Political violence,Explosions/Remote violence,Air/drone strike,Military Forces of Israel (2022-),,8,Civilians (Palestine),Refugees/IDPs (Palestine),7,78,Civilian targeting,275,Middle East,Palestine,Gaza Strip,Deir El Balah,,An Nusayrat,31.4486,34.3925,1,Newpress; Palestine News and Information Agency; Quds News Network; Twitter,New media-National,"On 20 March 2024, Israeli warplanes struck targets including a house in An Nusayrat refugee camp (Deir El Balah, Gaza Strip), leaving at least 27 fatalities, majority were displaced people. Meanwhile, artillery shelled targets in the same area.",27,,1753955113
PSE48954,3/20/2024,2024,1,Political violence,Explosions/Remote violence,Shelling/artillery/missile attack,Military Forces of Israel (2022-),,8,Civilians (Palestine),,7,78,Civilian targeting,275,Middle East,Palestine,Gaza Strip,Deir El Balah,,Deir al Balah Camp,31.4249,34.34,2,PLO Negotiations Affairs Department,Other,"On 20 March 2024, Israeli artillery and tanks shelled targets east of Deir El Balah, coded to Deir al Balah Camp (Deir al Balah, Gaza Strip). Meanwhile, tanks opened fire west of Deir El Balah, leaving a number of fatalities and injuries. Unspecified number of fatalities coded as 3.",3,,1765850627
PSE48958,3/20/2024,2024,1,Political violence,Explosions/Remote violence,Air/drone strike,Military Forces of Israel (2022-),,8,Civilians (Palestine),Refugees/IDPs (Palestine),7,78,Civilian targeting,275,Middle East,Palestine,Gaza Strip,Deir El Balah,,Al Burayj,31.4394,34.4031,1,Liveuamap; Palestine News and Information Agency,Local partner-New media,"On 20 March 2024, Israeli warplanes struck a house in Al Burayj refugee camp (Deir El Balah, Gaza Strip), leaving 6 fatalities.",6,,1753955113
PSE48971,3/20/2024,2024,1,Political violence,Explosions/Remote violence,Air/drone strike,Military Forces of Israel (2022-),,8,Civilians (Palestine),,7,78,Civilian targeting,275,Middle East,Palestine,Gaza Strip,Deir El Balah,,Deir al Balah,31.4178,34.3503,1,Quds News Network; Twitter,New media-National,"On 20 March 2024, Israeli warplanes struck a house near Yafa mosque in Deir al Balah city (Deir El Balah, Gaza Strip). Casualties unknown.",0,,1753955113
PSE48972,3/20/2024,2024,1,Political violence,Explosions/Remote violence,Air/drone strike,Military Forces of Israel (2022-),,8,Civilians (Palestine),,7,78,Civilian targeting,275,Middle East,Palestine,Gaza Strip,Deir El Balah,,Al Maghazi,31.4214,34.3865,2,Quds News Network; Twitter,New media-National,"On 20 March 2024, Israeli warplanes struck a house west of Al Maghazi camp (Deir El Balah, Gaza Strip). Casualties unknown.",0,,1753955113
PSE48964,3/20/2024,2024,1,Political violence,Explosions/Remote violence,Air/drone strike,Military Forces of Israel (2022-),,8,Police Forces of Palestine (2007-) Gaza Strip,Hamas Movement,1,18,,275,Middle East,Palestine,Gaza Strip,North Gaza,,Jabalya Camp,31.536,34.4907,1,Arab 48; Quds News Network; Twitter,New media-National,"On 20 March 2024, Israeli warplanes struck a Hamas police checkpoint in Mukhayyam Jabalya camp (North Gaza, Gaza Strip), leaving one fatality and a number of injuries.",1,,1753955113
PSE48956,3/20/2024,2024,1,Political violence,Explosions/Remote violence,Air/drone strike,Military Forces of Israel (2022-),,8,Civilians (Palestine),,7,78,Civilian targeting,275,Middle East,Palestine,Gaza Strip,Gaza City,,Gaza - Southern Remal,31.5168,34.4355,2,Ma'an News Agency; Palestine News and Information Agency; Quds News Network; Twitter,New media-National,"On 20 March 2024, 20 Palestinians were killed in an Israeli airstrike that targeted a building west of Gaza city, coded to Gaza - Southern Remal (Gaza City, Gaza Strip). Also, warplanes struck another house west of Gaza, leaving 2 fatalities, including a woman. Total fatalities were 22.",22,,1759790002
PSE48959,3/20/2024,2024,1,Political violence,Explosions/Remote violence,Air/drone strike,Military Forces of Israel (2022-),,8,Civilians (Palestine),Refugees/IDPs (Palestine),7,78,Civilian targeting,275,Middle East,Palestine,Gaza Strip,Gaza City,,Gaza - Ash Shati' Camp,31.5349,34.4466,1,Newpress; Palestine News and Information Agency; Quds News Network; Twitter,New media-National,"On 20 March 2024, Israeli warplanes struck a house in the southern areas of Gaza - Ash Shati' Camp (Gaza City, Gaza Strip), leaving a number of fatalities and injuries. Unspecified number of fatalities coded as 3.",3,,1759790002
PSE48967,3/20/2024,2024,1,Political violence,Explosions/Remote violence,Air/drone strike,Military Forces of Israel (2022-),,8,Civilians (Palestine),,7,78,Civilian targeting,275,Middle East,Palestine,Gaza Strip,Gaza City,,Gaza - Ash Shati' Camp,31.5349,34.4466,2,Quds News Network; Twitter,New media-National,"On 20 March 2024, Israeli warplanes struck a residential building northwest of Gaza City and in the area of Al Jawazat, coded to Gaza - Ash Shati' Camp (Gaza City, Gaza Strip). Casualties unknown.",0,,1759790002
PSE48942,3/20/2024,2024,1,Political violence,Explosions/Remote violence,Air/drone strike,Military Forces of Israel (2022-),,8,Civilians (Palestine),,7,78,Civilian targeting,275,Middle East,Palestine,Gaza Strip,Rafah,,Yibna,31.2842,34.2482,2,Ma'an News Agency; Palestine News and Information Agency; PLO Negotiations Affairs Department; Quds News Network; Twitter,Other-New media,"On 20 March 2024, Israeli warplanes struck a house in Al Tabeh area east of Rafah, coded to Yibna (Rafah, Gaza Strip), leaving at least 6 fatalities. Meanwhile, artillery and tanks shelled targets east of Rafah. Casualties unknown. Total fatalities were at least 6.",6,,1753955113
PSE48960,3/20/2024,2024,1,Political violence,Explosions/Remote violence,Air/drone strike,Military Forces of Israel (2022-),,8,Civilians (Palestine),,7,78,Civilian targeting,275,Middle East,Palestine,Gaza Strip,North Gaza,,Jabalya,31.5272,34.4835,2,Ma'an News Agency; Palestine News and Information Agency,National,"On 20 March 2024, an Israeli UAV struck a target east of Jabalya (North Gaza, Gaza Strip), leaving 3 fatalities and 10 injuries.",3,,1759790002
PSE48986,3/21/2024,2024,1,Political violence,Explosions/Remote violence,Air/drone strike,Military Forces of Israel (2022-),,8,Civilians (Palestine),,7,78,Civilian targeting,275,Middle East,Palestine,Gaza Strip,Khan Yunis,,Bani Suheila,31.3424,34.325,1,Arab 48; Jerusalem Post; Newpress; Palestine News and Information Agency; Quds News Network; Twitter,New media-National,"On 21 March 2024, Israeli warplanes struck targets, including a passing car in Bani Suheila (Khan Yunis, Gaza strip), leaving 4 fatalities and a number of injuries.",4,,1753955113
PSE48992,3/21/2024,2024,1,Political violence,Explosions/Remote violence,Air/drone strike,Military Forces of Israel (2022-),,8,Civilians (Palestine),,7,78,Civilian targeting,275,Middle East,Palestine,Gaza Strip,Khan Yunis,,Khan Yunis - West (Municipal Stadium),31.3484,34.2961,2,Arab 48,National,"On 21 March 2024, 5 Palestinians were killed in Al Mashroa area west of Khan Yunis, (coded Khan Yunis - West (Municipal Stadium), Gaza Strip. Likely there were killed by Israeli airstrikes.",5,,1753955113
PSE48993,3/21/2024,2024,1,Political violence,Explosions/Remote violence,Shelling/artillery/missile attack,Military Forces of Israel (2022-),,8,Civilians (Palestine),,7,78,Civilian targeting,275,Middle East,Palestine,Gaza Strip,Gaza City,,Gaza Port,31.5245,34.4326,2,PLO Negotiations Affairs Department; Quds News Network; Twitter,Other-New media,"On 21 March 2024, Israeli gunboats shelled targets (including houses) along the coast of Gaza City, coded to Gaza port (Gaza City, Gaza Strip). Casualties unknown.",0,,1753955113
PSE49000,3/21/2024,2024,1,Political violence,Explosions/Remote violence,Air/drone strike,Military Forces of Israel (2022-),,8,Civilians (Palestine),,7,78,Civilian targeting,275,Middle East,Palestine,Gaza Strip,Deir El Balah,,Deir al Balah,31.4178,34.3503,1,Palestine News and Information Agency; Quds News Network; Twitter,New media-National,"On 21 March 2024, Israeli warplanes struck an agricultural land near Al Awda factory and a house in Deir al Balah city (Deir El Balah, Gaza Strip), leaving 10 injuries.",0,,1753955113
PSE48997,3/21/2024,2024,1,Political violence,Explosions/Remote violence,Air/drone strike,Military Forces of Israel (2022-),,8,Civilians (Palestine),,7,78,Civilian targeting,275,Middle East,Palestine,Gaza Strip,Gaza City,,Gaza - Southern Remal,31.5168,34.4355,2,Quds News Network; Twitter,New media-National,"On 21 March 2024, Israeli warplanes struck houses west of Gaza City, coded to Gaza - Southern Remal (Gaza City, Gaza Strip). Casualties unknown.",0,,1759790002
PSE48990,3/21/2024,2024,1,Political violence,Explosions/Remote violence,Air/drone strike,Military Forces of Israel (2022-),,8,Civilians (Palestine),,7,78,Civilian targeting,275,Middle East,Palestine,Gaza Strip,Rafah,,Tal as Sultan,31.3098,34.2414,1,Arab 48; Quds News Network; Twitter,New media-National,"On 21 March 2024, Israeli warplanes struck a house in Tal as Sultan (Rafah, Gaza Strip). Casualties unknown.",0,,1762829569
PSE48994,3/21/2024,2024,1,Political violence,Explosions/Remote violence,Air/drone strike,Military Forces of Israel (2022-),,8,Civilians (Palestine),Refugees/IDPs (Palestine),7,78,Civilian targeting,275,Middle East,Palestine,Gaza Strip,Gaza City,,Gaza - Ash Shati' Camp,31.5349,34.4466,1,Newpress; Quds News Network; Twitter,New media-National,"On 21 March 2024, Israeli warplanes struck houses in Gaza - Ash Shati' Camp (Gaza City, Gaza Strip). Also, artillery struck houses in the same area. Casualties unknown.",0,,1759790002
PSE48999,3/21/2024,2024,1,Political violence,Explosions/Remote violence,Air/drone strike,Military Forces of Israel (2022-),,8,Civilians (Palestine),,7,78,Civilian targeting,275,Middle East,Palestine,Gaza Strip,Deir El Balah,,An Nusayrat - West,31.4525,34.3756,1,Quds News Network; Twitter,New media-National,"On 21 March 2024, Israeli warplanes struck a house west of An Nusayrat camp (An Nusayrat - West, Deir El Balah, Gaza Strip), leaving fatalities and injuries. [On 27 January 2025, 10 bodies were recovered from under the rubble in An Nusayrat - West. These fatalities were distributed across two separate events. Five of the recovered fatalities were coded to this event].",5,,1753955113
PSE49022,3/21/2024,2024,1,Political violence,Explosions/Remote violence,Shelling/artillery/missile attack,Military Forces of Israel (2022-),,8,Civilians (Palestine),,7,78,Civilian targeting,275,Middle East,Palestine,Gaza Strip,Gaza City,,Gaza - Az Zaytun,31.4964,34.4522,1,Palestine News and Information Agency; Quds News Network; Twitter,New media-National,"On 21 March 2024, Israeli tanks opened fire on gathering by civilians near the Kuwait roundabout in Gaza - Az Zaytun (Gaza City, Gaza Strip), likely they were civilians waiting for aid trucks. Casualties unknown. This event involved violence over aid.",0,,1759790002
PSE49012,3/22/2024,2024,1,Political violence,Explosions/Remote violence,Air/drone strike,Military Forces of Israel (2022-),,8,Civilians (Palestine),,7,78,Civilian targeting,275,Middle East,Palestine,Gaza Strip,Rafah,,An Nasr,31.2814,34.3025,1,Palestine News and Information Agency; Quds News Network; Twitter,New media-National,"On 22 March 2024, Israeli warplanes struck a house in An Nasr (Rafah, Gaza Strip), leaving 8 fatalities and number of injuries.",8,,1753955113
PSE49016,3/22/2024,2024,1,Political violence,Explosions/Remote violence,Air/drone strike,Military Forces of Israel (2022-),,8,Civilians (Palestine),,7,78,Civilian targeting,275,Middle East,Palestine,Gaza Strip,Khan Yunis,,Bani Suheila,31.3424,34.325,1,Palestine News and Information Agency,National,"On 22 March 2024, Israeli UAVs struck and killed at least 3 Palestinians in Al Zanneh area of Bani Suheila (Khan Yunis, Gaza Strip).",3,,1753955113
PSE49013,3/22/2024,2024,1,Political violence,Explosions/Remote violence,Air/drone strike,Military Forces of Israel (2022-),,8,Civilians (Palestine),,7,78,Civilian targeting,275,Middle East,Palestine,Gaza Strip,Deir El Balah,,Deir al Balah,31.4178,34.3503,1,Palestine News and Information Agency; Quds News Network; Twitter,New media-National,"On 22 March 2024, Israeli warplanes struck a house in al-Trazi Street in Deir al Balah city (Deir El Balah, Gaza Strip). Casualties unknown.",0,,1753955113
PSE49033,3/22/2024,2024,1,Political violence,Explosions/Remote violence,Air/drone strike,Military Forces of Israel (2022-),,8,Civilians (Palestine),,7,78,Civilian targeting,275,Middle East,Palestine,Gaza Strip,Gaza City,,Gaza - Sabra,31.5086,34.4493,1,Quds News Network; Twitter,New media-National,"On 22 March 2024, Israeli warplanes struck a house in Gaza - Sabra (Gaza City, Gaza Strip). Casualties unknown.",0,,1759790002
PSE49021,3/22/2024,2024,1,Political violence,Explosions/Remote violence,Air/drone strike,Military Forces of Israel (2022-),,8,Civilians (Palestine),,7,78,Civilian targeting,275,Middle East,Palestine,Gaza Strip,Rafah,,Al Mawasi (Rafah),31.3294,34.2299,1,Palestine News and Information Agency; Quds News Network; Twitter,New media-National,"On 22 March 2024, Israeli warplanes struck targets in Al Mawasi (Rafah) (Gaza Strip), leaving one fatality.",1,,1762829569
PSE49028,3/22/2024,2024,1,Political violence,Explosions/Remote violence,Air/drone strike,Military Forces of Israel (2022-),,8,Civilians (Palestine),,7,78,Civilian targeting,275,Middle East,Palestine,Gaza Strip,Gaza City,,Gaza - Southern Remal,31.5168,34.4355,2,Arab 48; Quds News Network; Twitter,New media-National,"On 22 March 2024, Israeli warplanes struck targets and houses west of Gaza City, coded to Gaza - Southern Remal (Gaza City, Gaza Strip). Meanwhile, the artillery struck the same area. Casualties unknown.",0,,1759790002
PSE49020,3/22/2024,2024,1,Political violence,Explosions/Remote violence,Air/drone strike,Military Forces of Israel (2022-),,8,Civilians (Palestine),,7,78,Civilian targeting,275,Middle East,Palestine,Gaza Strip,Rafah,,Tal as Sultan,31.3098,34.2414,2,Newpress; Palestine News and Information Agency; Twitter,New media-National,"On 22 March 2024, Israeli warplanes struck a gathering west of Rafah, coded to Tal as Sultan (Rafah, Gaza Strip), leaving at least one fatality.",1,,1762829569
PSE49015,3/22/2024,2024,1,Political violence,Explosions/Remote violence,Air/drone strike,Military Forces of Israel (2022-),,8,Civilians (Palestine),,7,78,Civilian targeting,275,Middle East,Palestine,Gaza Strip,Gaza City,,Gaza - Ash Shati' Camp,31.5349,34.4466,2,Newpress; Palestine News and Information Agency; Twitter,New media-National,"On 22 March 2024, Israeli warplanes struck houses northwest of Gaza City, coded to Gaza - Ash Shati' Camp (Gaza City, Gaza Strip), leaving 10 fatalities.",10,,1759790002
PSE49023,3/22/2024,2024,1,Political violence,Explosions/Remote violence,Air/drone strike,Military Forces of Israel (2022-),,8,Civilians (Palestine),Refugees/IDPs (Palestine),7,78,Civilian targeting,275,Middle East,Palestine,Gaza Strip,Gaza City,,Gaza - Ash Shati' Camp,31.5349,34.4466,1,Liveuamap; Newpress; Palestine News and Information Agency; Quds News Network; Twitter,Local partner-New media,"On 22 March 2024, Israeli warplanes struck a house in Gaza - Ash Shati' Camp (Gaza City, Gaza Strip), leaving 2 fatalities and a number of injuries.",2,,1759790002
PSE49088,3/22/2024,2024,1,Political violence,Violence against civilians,Attack,Military Forces of Israel (2022-),,8,Civilians (Palestine),,7,78,Civilian targeting,275,Middle East,Palestine,Gaza Strip,Gaza City,,Al Mughraqa,31.4675,34.4097,1,Palestine News and Information Agency; Quds News Network; Twitter,New media-National,"On 22 March 2024, Israeli soldiers sniped and injured a Palestinian in Al Mughraqa (Gaza City, Gaza Strip).",0,,1753955113
PSE49634,3/23/2024,2024,1,Political violence,Violence against civilians,Attack,Military Forces of Israel (2022-),,8,Civilians (Palestine),Refugees/IDPs (Palestine),7,78,Civilian targeting,275,Middle East,Palestine,Gaza Strip,Khan Yunis,,Al Mawasi (Khan Yunis),31.3482,34.2547,1,Palestine News and Information Agency; Quds News Network; Twitter,New media-National,"On 23 March 2024, Israeli forces opened fire in Al Mawasi (Khan Yunis), Gaza Strip, injuring a number of displaced Palestinians.",0,,1762829569
PSE49664,3/23/2024,2024,1,Political violence,Explosions/Remote violence,Shelling/artillery/missile attack,Military Forces of Israel (2022-),,8,Civilians (Palestine),,7,78,Civilian targeting,275,Middle East,Palestine,Gaza Strip,Deir El Balah,,Al Burayj,31.4394,34.4031,2,Palestine News and Information Agency; Quds News Network; Twitter,New media-National,"On 23 March 2024, Israeli artillery shelled targets east of Al Burayj refugee camp (Deir El Balah, Gaza Strip), leaving one fatality and a number of injuries.",1,,1753955113
PSE49684,3/23/2024,2024,1,Political violence,Explosions/Remote violence,Air/drone strike,Military Forces of Israel (2022-),,8,Civilians (Palestine),,7,78,Civilian targeting,275,Middle East,Palestine,Gaza Strip,Deir El Balah,,Deir al Balah,31.4178,34.3503,1,Arab 48; Dunia Al Watan; Palestine News and Information Agency; Quds News Network; Twitter,New media-National,"On 23 March 2024, Israeli warplanes struck the Al Haker area in Deir al Balah city (Deir El Balah, Gaza Strip), leaving 8 fatalities and several injuries.",8,,1753955113
PSE49715,3/23/2024,2024,1,Political violence,Explosions/Remote violence,Shelling/artillery/missile attack,Military Forces of Israel (2022-),,8,Civilians (Palestine),,7,78,Civilian targeting,275,Middle East,Palestine,Gaza Strip,Deir El Balah,,Deir al Balah Camp,31.4249,34.34,2,Palestine News and Information Agency; PLO Negotiations Affairs Department,Other-National,"On 23 March 2024, Israeli artillery and tanks shelled targets east of Deir El Balah, coded to Deir al Balah Camp (Deir al Balah, Gaza Strip. Also, artillery struck a house, causing one injury. Fatalities unknown.",0,,1765850627
PSE49786,3/23/2024,2024,1,Political violence,Explosions/Remote violence,Air/drone strike,Military Forces of Israel (2022-),,8,Civilians (Palestine),,7,78,Civilian targeting,275,Middle East,Palestine,Gaza Strip,Deir El Balah,,Wadi as Salqa,31.4005,34.3375,2,Palestine News and Information Agency; Quds News Network; Twitter,New media-National,"On 23 March 2024, Israeli warplanes struck targets in Al Barakeh area south of Deir al Balah city, coded to Wadi as Salqa (Deir El Balah, Gaza Strip), leaving 2 fatalities and a number of injuries.",2,,1753955113
PSE49708,3/23/2024,2024,1,Political violence,Explosions/Remote violence,Air/drone strike,Military Forces of Israel (2022-),,8,Civilians (Palestine),,7,78,Civilian targeting,275,Middle East,Palestine,Gaza Strip,Gaza City,,Gaza - Northern Remal,31.524,34.4505,1,Arab 48; Quds News Network; Twitter,New media-National,"On 23 March 2024, Israeli warplanes struck houses and building near Haydar roundabout and Al Shifa Hospital in Gaza - Northern Remal (Gaza City, Gaza Strip). Casualties unknown.",0,,1759790002
PSE49700,3/23/2024,2024,1,Political violence,Explosions/Remote violence,Air/drone strike,Military Forces of Israel (2022-),,8,Civilians (Palestine),Refugees/IDPs (Palestine),7,78,Civilian targeting,275,Middle East,Palestine,Gaza Strip,Gaza City,,Gaza - Ash Shati' Camp,31.5349,34.4466,1,Newpress; Twitter,New media-National,"On 23 March 2024, Israeli warplanes struck a house in Gaza - Ash Shati' Camp (Gaza City, Gaza Strip). Casualties unknown.",0,,1759790002
PSE49702,3/23/2024,2024,1,Political violence,Explosions/Remote violence,Air/drone strike,Military Forces of Israel (2022-),,8,Civilians (Palestine),,7,78,Civilian targeting,275,Middle East,Palestine,Gaza Strip,Gaza City,,Gaza - Sabra,31.5086,34.4493,1,Arab 48,National,"On 23 March 2024, Israeli warplanes struck a house in Gaza - Sabra (Gaza City, Gaza Strip). Casualties unknown.",0,,1759790002
PSE49709,3/23/2024,2024,1,Political violence,Explosions/Remote violence,Air/drone strike,Military Forces of Israel (2022-),,8,Civilians (Palestine),,7,78,Civilian targeting,275,Middle East,Palestine,Gaza Strip,Gaza City,,Gaza - Southern Remal,31.5168,34.4355,2,Quds News Network; Twitter,New media-National,"On 23 March 2024, Israeli warplanes struck houses west of Gaza City, coded to Gaza - Southern Remal (Gaza City, Gaza Strip). Casualties unknown.",0,,1759790002
PSE49688,3/23/2024,2024,1,Political violence,Explosions/Remote violence,Shelling/artillery/missile attack,Military Forces of Israel (2022-),,8,Civilians (Palestine),,7,78,Civilian targeting,275,Middle East,Palestine,Gaza Strip,North Gaza,,Beit Hanoun,31.5405,34.5402,2,Ma'an News Agency; Newpress; Palestine News and Information Agency; Quds News Network; Twitter,New media-National,"On 23 March 2024, Israeli artillery shelled northwest of Beit Hanoun city (North Gaza, Gaza Strip), leaving 2 fatalities.",2,,1753955113
PSE49784,3/23/2024,2024,1,Political violence,Explosions/Remote violence,Air/drone strike,Military Forces of Israel (2022-),,8,Civilians (Palestine),,7,78,Civilian targeting,275,Middle East,Palestine,Gaza Strip,Rafah,,Khirbet al Adas,31.2855,34.2714,2,Ma'an News Agency; Newpress; Palestine News and Information Agency; Quds News Network; Twitter,New media-National,"On 23 March 2024, Israeli warplanes struck a house in Miraj area north of Rafah, coded to Khirbet al Adas (Rafah, Gaza Strip), leaving at least 5 fatalities including children, and number of injuries.",5,,1753955113
PSE49654,3/23/2024,2024,1,Political violence,Explosions/Remote violence,Air/drone strike,Military Forces of Israel (2022-),,8,Civilians (Palestine),,7,78,Civilian targeting,275,Middle East,Palestine,Gaza Strip,Rafah,,As Salam,31.2678,34.2567,1,Newpress; Twitter,New media-National,"On 23 March 2024, Israeli warplanes struck a house in As Salam (Rafah, Gaza Strip), leaving several injuries, while a number of missing people still under rubbles. Fatalities unknown.",0,,1753955113
PSE49645,3/23/2024,2024,1,Political violence,Violence against civilians,Attack,Military Forces of Israel (2022-),,8,Civilians (Palestine),,7,78,Civilian targeting,275,Middle East,Palestine,Gaza Strip,Gaza City,,Gaza - Az Zaytun,31.4964,34.4522,1,Al Ghad (Jordan); Ma'an News Agency; Newpress; Palestine News and Information Agency; Quds News Network; Twitter,New media-National,"On 23 March 2024, Israeli forces opened fire on Palestinians waiting for aid trucks near the Kuwait roundabout in Gaza - Az Zaytun (Gaza City, Gaza Strip), leaving 19 fatalities and 23 injuries. The IDF denied its involvement in the incident. This event involved violence over aid.",19,,1759790002
PSE49705,3/24/2024,2024,1,Political violence,Explosions/Remote violence,Air/drone strike,Military Forces of Israel (2022-),,8,Civilians (Palestine),,7,78,Civilian targeting,275,Middle East,Palestine,Gaza Strip,Gaza City,,Gaza - Shujaiyya,31.4988,34.4699,2,Arab 48; Newpress; Quds News Network; Twitter,New media-National,"On 24 March 2024, Israeli warplanes struck a gathering east of Gaza - Shujaiyya (Gaza City, Gaza Strip), inflicting injuries.",0,,1759790002
PSE49711,3/24/2024,2024,1,Political violence,Explosions/Remote violence,Air/drone strike,Military Forces of Israel (2022-),,8,Civilians (Palestine),,7,78,Civilian targeting,275,Middle East,Palestine,Gaza Strip,Gaza City,,Gaza - Northern Remal,31.524,34.4505,1,Quds News Network; Twitter,New media-National,"On 24 March 2024, Israeli warplanes struck houses near Al Shifa Hospital in Gaza - Northern Remal (Gaza City, Gaza Strip). Casualties unknown.",0,,1759790002
PSE49685,3/24/2024,2024,1,Political violence,Explosions/Remote violence,Air/drone strike,Military Forces of Israel (2022-),,8,Civilians (Palestine),,7,78,Civilian targeting,275,Middle East,Palestine,Gaza Strip,Deir El Balah,,Deir al Balah,31.4178,34.3503,1,Arab 48; Newpress; Palestine News and Information Agency; Quds News Network; Twitter,New media-National,"On 24 March 2024, Israeli warplanes struck a house in Deir al Balah city (Deir El Balah, Gaza Strip), leaving at least 22 fatalities, mostly women and children.",22,,1753955113
PSE49778,3/24/2024,2024,1,Political violence,Explosions/Remote violence,Air/drone strike,Military Forces of Israel (2022-),,8,Civilians (Palestine),,7,78,Civilian targeting,275,Middle East,Palestine,Gaza Strip,Rafah,,Shokat as Sufi,31.2586,34.2824,2,Palestine News and Information Agency; Quds News Network; Twitter,New media-National,"On 24 March 2024, Israeli warplanes struck a house and a land near the Rabaa School south of Rafah, coded to Shokat as Sufi (Rafah, Gaza Strip), leaving 2 fatalities.",2,,1753955113
PSE49712,3/24/2024,2024,1,Political violence,Explosions/Remote violence,Air/drone strike,Military Forces of Israel (2022-),,8,Civilians (Palestine),,7,78,Civilian targeting,275,Middle East,Palestine,Gaza Strip,Gaza City,,Gaza - Southern Remal,31.5168,34.4355,2,Quds News Network; Twitter,New media-National,"On 24 March 2024, Israeli warplanes struck targets and houses west of Gaza City, coded to Gaza - Southern Remal (Gaza City, Gaza Strip). Casualties unknown.",0,,1759790002
PSE49751,3/24/2024,2024,1,Political violence,Explosions/Remote violence,Air/drone strike,Military Forces of Israel (2022-),,8,Civilians (Palestine),,7,78,Civilian targeting,275,Middle East,Palestine,Gaza Strip,Rafah,,Tal as Sultan,31.3098,34.2414,2,Palestine News and Information Agency,National,"On 24 March 2024, Israeli warplanes struck a house in Al Barahmeh area west of Rafah, coded to Tal as Sultan (Rafah, Gaza Strip), leaving 8 fatalities and a number of injuries.",8,,1762829569
PSE49701,3/24/2024,2024,1,Political violence,Explosions/Remote violence,Air/drone strike,Military Forces of Israel (2022-),,8,Civilians (Palestine),Refugees/IDPs (Palestine),7,78,Civilian targeting,275,Middle East,Palestine,Gaza Strip,Gaza City,,Gaza - Ash Shati' Camp,31.5349,34.4466,1,Arab 48; Ma'an News Agency; Palestine News and Information Agency; Palestinian Ministry of Health; Quds News Network; Twitter,Other-New media,"On 24 March 2024, Israeli warplanes struck a house in Gaza - Ash Shati' Camp (Gaza City, Gaza Strip), leaving fatalities and injuries. [Palestinian Ministry of Health reported 32333 fatalities upto 24 March 2024. 8 fatalities not attributed to specific events split across 2 events on 24 March. 4 fatalities coded to this event.]",4,,1759790002
PSE49789,3/24/2024,2024,1,Political violence,Explosions/Remote violence,Air/drone strike,Military Forces of Israel (2022-),,8,Civilians (Palestine),,7,78,Civilian targeting,275,Middle East,Palestine,Gaza Strip,Rafah,,Yibna,31.2842,34.2482,2,Arab 48; Ma'an News Agency; Newpress; Palestine News and Information Agency; PLO Negotiations Affairs Department; Quds News Network; Twitter,Other-New media,"On 24 March 2024, Israeli warplanes struck a house in Al Junaina area east of Rafah, coded to Yibna (Rafah, Gaza Strip), leaving at least 8 fatalities. Meanwhile, artillery and tanks shelled targets in the same area. Also, 5 Palestinians were killed in an airstrike targeted a house in Al Junaina. Total fatalities were at least 13.",13,,1753955113
PSE49790,3/24/2024,2024,1,Political violence,Explosions/Remote violence,Air/drone strike,Military Forces of Israel (2022-),,8,Civilians (Palestine),Refugees/IDPs (Palestine),7,78,Civilian targeting,275,Middle East,Palestine,Gaza Strip,Rafah,,Yibna,31.2842,34.2482,1,Palestine News and Information Agency; Palestinian Ministry of Health; Quds News Network; Twitter,Other-New media,"On 24 March 2024, Israeli warplanes struck a house in Yibna refugee camp (Rafah, Gaza Strip), leaving fatalities and injuries. [Palestinian Ministry of Health reported 32333 fatalities upto 24 March 2024. 8 fatalities not attributed to specific events split across 2 events on 24 March. 4 fatalities coded to this event.]",4,,1753955113
PSE49698,3/24/2024,2024,1,Political violence,Explosions/Remote violence,Air/drone strike,Military Forces of Israel (2022-),,8,Civilians (Palestine),,7,78,Civilian targeting,275,Middle East,Palestine,Gaza Strip,Gaza City,,Gaza - Az Zaytun,31.4964,34.4522,2,Ma'an News Agency; Palestine News and Information Agency; Quds News Network; Twitter,New media-National,"On 24 March 2024, Israeli warplanes struck and injured 3 Palestinians at the Duwwar Dawleh area, southeast of Gaza - Az Zaytun (Gaza City, Gaza Strip).",0,,1759790002
PSE49655,3/24/2024,2024,1,Political violence,Explosions/Remote violence,Air/drone strike,Military Forces of Israel (2022-),,8,Civilians (Palestine),,7,78,Civilian targeting,275,Middle East,Palestine,Gaza Strip,Rafah,,As Salam,31.2678,34.2567,1,Newpress; Palestine News and Information Agency; Quds News Network; Twitter,New media-National,"On 24 March 2024, Israeli warplanes struck a house in As Salam (Rafah, Gaza Strip), leaving 5 injuries, including children.",0,,1753955113
PSE49695,3/24/2024,2024,1,Political violence,Violence against civilians,Attack,Military Forces of Israel (2022-),,8,Civilians (Palestine),,7,78,Civilian targeting,275,Middle East,Palestine,Gaza Strip,Gaza City,,Gaza - Az Zaytun,31.4964,34.4522,1,Ma'an News Agency; Palestine News and Information Agency; Quds News Network; Twitter,New media-National,"On 24 March 2024, Israeli forces opened fire on Palestinians (likely waiting for aid trucks) near the Kuwait roundabout in Gaza - Az Zaytun (Gaza City, Gaza Strip), leaving one fatality and 2 injuries. This event involved violence over aid.",1,,1759790002
PSE49626,3/25/2024,2024,1,Political violence,Explosions/Remote violence,Air/drone strike,Military Forces of Israel (2022-),,8,Civilians (Palestine),,7,78,Civilian targeting,275,Middle East,Palestine,Gaza Strip,Khan Yunis,,Abasan al Kabirah,31.3191,34.3401,1,Palestine News and Information Agency; Quds News Network; Twitter,New media-National,"On 25 March 2024, Israeli warplanes struck the Abasan al Kabirah (Khan Yunis, Gaza Strip), leaving a number of injuries.",0,,1753955113
PSE49643,3/25/2024,2024,1,Political violence,Explosions/Remote violence,Air/drone strike,Military Forces of Israel (2022-),,8,Civilians (Palestine),,7,78,Civilian targeting,275,Middle East,Palestine,Gaza Strip,Khan Yunis,,Al Qararah,31.3739,34.3409,1,Arab 48; Palestine News and Information Agency; Quds News Network; Twitter,New media-National,"On 25 March 2024, Israeli warplanes and artillery struck targets in Al Qararah (Khan Yunis, Gaza Strip), leaving 5 fatalities.",5,,1753955113
PSE49650,3/25/2024,2024,1,Political violence,Explosions/Remote violence,Air/drone strike,Military Forces of Israel (2022-),,8,Civilians (Palestine),,7,78,Civilian targeting,275,Middle East,Palestine,Gaza Strip,Rafah,,An Nasr,31.2814,34.3025,1,Palestine News and Information Agency; Quds News Network; Twitter,New media-National,"On 25 March 2024, Israeli warplanes struck a passing car in the An Nasr (Rafah, Gaza Strip), leaving one fatality.",1,,1753955113
PSE49658,3/25/2024,2024,1,Political violence,Explosions/Remote violence,Air/drone strike,Military Forces of Israel (2022-),,8,Civilians (Palestine),,7,78,Civilian targeting,275,Middle East,Palestine,Gaza Strip,Deir El Balah,,Az Zawayda,31.4284,34.366,2,Arab 48; Quds News Network; Twitter,New media-National,"On 25 March 2024, Israeli warplanes struck targets west of Az Zawayda (Deir El Balah, Gaza Strip), inflicting injuries.",0,,1767742780
PSE49659,3/25/2024,2024,1,Political violence,Explosions/Remote violence,Air/drone strike,Military Forces of Israel (2022-),,8,Civilians (Palestine),,7,78,Civilian targeting,275,Middle East,Palestine,Gaza Strip,Deir El Balah,,Az Zawayda,31.4284,34.366,1,Quds News Network; Twitter,New media-National,"On 25 March 2024, Israeli warplanes struck a house in Az Zawayda (Deir El Balah, Gaza Strip), killing 2 Palestinians.",2,,1767742780
PSE49686,3/25/2024,2024,1,Political violence,Explosions/Remote violence,Air/drone strike,Military Forces of Israel (2022-),,8,Civilians (Palestine),,7,78,Civilian targeting,275,Middle East,Palestine,Gaza Strip,Deir El Balah,,Deir al Balah,31.4178,34.3503,1,Palestine News and Information Agency; Quds News Network; Twitter,New media-National,"On 25 March 2024, Israeli warplanes struck a house in the Al Haker area of Deir al Balah city (Deir El Balah, Gaza Strip), leaving several injuries.",0,,1753955113
PSE49679,3/25/2024,2024,1,Political violence,Explosions/Remote violence,Air/drone strike,Military Forces of Israel (2022-),,8,Civilians (Palestine),,7,78,Civilian targeting,275,Middle East,Palestine,Gaza Strip,North Gaza,,Beit Lahiya,31.5541,34.5016,2,Arab 48; Palestine News and Information Agency; Quds News Network; Twitter,New media-National,"On 25 March 2024, Israeli warplanes opened fire toward Palestinians west of Beit Lahiya (North Gaza, Gaza Strip). Casualties unknown.",0,,1753955113
PSE49769,3/25/2024,2024,1,Political violence,Explosions/Remote violence,Air/drone strike,Military Forces of Israel (2022-),,8,Civilians (Palestine),Refugees/IDPs (Palestine),7,78,Civilian targeting,275,Middle East,Palestine,Gaza Strip,North Gaza,,Jabalya Camp,31.536,34.4907,1,Palestine News and Information Agency,National,"On 25 March 2024, Israeli warplanes opened fire toward Palestinians in Mukhayyam Jabalya Camp (North Gaza, Gaza Strip). Casualties unknown.",0,,1753955113
PSE49752,3/25/2024,2024,1,Political violence,Explosions/Remote violence,Air/drone strike,Military Forces of Israel (2022-),,8,Civilians (Palestine),,7,78,Civilian targeting,275,Middle East,Palestine,Gaza Strip,Rafah,,Tal as Sultan,31.3098,34.2414,2,Palestinian Ministry of Health; Quds News Network; Twitter,Other-New media,"On 25 March 2024, Israeli warplanes struck a house in the Saudi neighborhood in western Rafah, coded to Tal as Sultan (Rafah, Gaza Strip), leaving fatalities and injuries. [Palestinian Ministry of Health reported 32414 fatalities upto 25 March 2024. 29 fatalities not attributed to specific events split across 2 events on 25 March. 15 fatalities coded to this event.]",15,,1762829569
PSE49680,3/25/2024,2024,1,Political violence,Explosions/Remote violence,Shelling/artillery/missile attack,Military Forces of Israel (2022-),,8,Civilians (Palestine),,7,78,Civilian targeting,275,Middle East,Palestine,Gaza Strip,Gaza City,,Al Zahra,31.4716,34.4013,1,Arab 48; Liveuamap; Quds News Network; Twitter,Local partner-New media,"On 25 March 2024, Israeli artillery struck a residential building in Al Zahra city (Gaza City, Gaza Strip), causing its destruction. Casualties unknown.",0,,1753955113
PSE49676,3/25/2024,2024,1,Political violence,Explosions/Remote violence,Shelling/artillery/missile attack,Military Forces of Israel (2022-),,8,Civilians (Palestine),,7,78,Civilian targeting,275,Middle East,Palestine,Gaza Strip,Gaza City,,Al Mughraqa,31.4675,34.4097,1,Arab 48; Newpress; Palestine News and Information Agency; Quds News Network; Twitter,New media-National,"On 25 March 2024, Israeli artillery struck a group of Palestinians in the Al Mughraqa (Gaza City, Gaza Strip), leaving 6 fatalities.",6,,1753955113
PSE49656,3/25/2024,2024,1,Political violence,Explosions/Remote violence,Air/drone strike,Military Forces of Israel (2022-),,8,Civilians (Palestine),,7,78,Civilian targeting,275,Middle East,Palestine,Gaza Strip,Rafah,,As Salam,31.2678,34.2567,1,Quds News Network; Twitter,New media-National,"On 25 March 2024, Israeli warplanes struck a house in As Salam (Rafah, Gaza Strip), killing 2 Palestinian women.",2,,1753955113
PSE49699,3/25/2024,2024,1,Political violence,Violence against civilians,Attack,Military Forces of Israel (2022-),,8,Civilians (Palestine),,7,78,Civilian targeting,275,Middle East,Palestine,Gaza Strip,Gaza City,,Gaza - Az Zaytun,31.4964,34.4522,1,Palestine News and Information Agency; Quds News Network; Twitter,New media-National,"On 25 March 2024, Israeli forces opened fire on Palestinian aid security committees (likely civilians) organizing aid distribution near the Kuwait roundabout in Gaza - Az Zaytun (Gaza City, Gaza Strip). Casualties unknown. This event involved violence over aid.",0,,1759790002
PSE49745,3/25/2024,2024,1,Political violence,Explosions/Remote violence,Shelling/artillery/missile attack,Military Forces of Israel (2022-),,8,Civilians (Palestine),,7,78,Civilian targeting,275,Middle East,Palestine,Gaza Strip,Gaza City,,Gaza - Shujaiyya,31.4988,34.4699,1,Palestine News and Information Agency; Palestinian Ministry of Health; Quds News Network; Twitter,Other-New media,"On 25 March 2024, Israeli artillery fired shells toward Palestinians waiting for aid in Gaza - Shujaiyya (Gaza City, Gaza Strip) leaving fatalities and injuries. [Palestinian Ministry of Health reported 32414 fatalities upto 25 March 2024. 29 fatalities not attributed to specific events split across 2 events on 25 March. 14 fatalities coded to this event]. This event involved violence over aid.",14,,1759790002
PSE81916,3/25/2024,2024,1,Political violence,Explosions/Remote violence,Air/drone strike,Military Forces of Israel (2022-),,8,Civilians (Palestine),Journalists (Palestine),7,78,Civilian targeting,275,Middle East,Palestine,Gaza Strip,Gaza City,,Gaza - Southern Remal,31.5168,34.4355,2,Committee to Protect Journalists; Guardian (United Kingdom); Palestine News and Information Agency,Other-National,"On 25 March 2024, Israeli warplanes launched an airstrike west of Gaza city, coded to Gaza - Southern Remal (Gaza City, Gaza Strip) killing a journalist and his son as they tried to rescue their neighbours.",2,,1759790065
PSE49411,3/26/2024,2024,1,Political violence,Explosions/Remote violence,Air/drone strike,Military Forces of Israel (2022-),,8,Civilians (Palestine),,7,78,Civilian targeting,275,Middle East,Palestine,Gaza Strip,Gaza City,,Gaza - Northern Remal,31.524,34.4505,1,Arab 48; Ma'an News Agency; Newpress; Palestine News and Information Agency; Quds News Network; Twitter,New media-National,"On 26 March 2024, Israeli warplanes and artillery struck houses near Al Shifa Hospital in Gaza - Northern Remal (Gaza City, Gaza Strip), leaving 30 fatalities. Also, Israeli UAVs opened fire on Palestinians in the vicinity of Al Mamadani (Al Ahli) Hospital in the same location. Fatalities coded at least 30.",30,,1759790002
PSE49412,3/26/2024,2024,1,Political violence,Explosions/Remote violence,Air/drone strike,Military Forces of Israel (2022-),,8,Civilians (Palestine),Refugees/IDPs (Palestine),7,78,Civilian targeting,275,Middle East,Palestine,Gaza Strip,Khan Yunis,,Al Mawasi (Khan Yunis),31.3482,34.2547,1,Ma'an News Agency; Newpress; Palestine News and Information Agency; Quds News Network; Twitter,New media-National,"On 26 March 2024, Israeli warplanes struck tents belonging to displaced Palestinians in Al Mawasi (Khan Yunis), Gaza Strip. 12 Palestinians including children were killed, and others were injured.",12,,1762829569
PSE49433,3/26/2024,2024,1,Political violence,Explosions/Remote violence,Air/drone strike,Military Forces of Israel (2022-),,8,Civilians (Palestine),,7,78,Civilian targeting,275,Middle East,Palestine,Gaza Strip,Khan Yunis,,Al Qararah,31.3739,34.3409,1,Quds News Network,National,"On 26 March 2024, Israeli warplanes struck targets in Al Qararah (Khan Yunis, Gaza Strip), leaving 2 fatalities.",2,,1753955113
PSE49447,3/26/2024,2024,1,Political violence,Explosions/Remote violence,Shelling/artillery/missile attack,Military Forces of Israel (2022-),,8,Civilians (Palestine),,7,78,Civilian targeting,275,Middle East,Palestine,Gaza Strip,Rafah,,An Nasr,31.2814,34.3025,1,Palestine News and Information Agency; Quds News Network,National,"On 26 March 2024, Israeli artillery shelled houses in An Nasr (Rafah, North Gaza), leaving injuries.",0,,1753955113
PSE49413,3/26/2024,2024,1,Political violence,Explosions/Remote violence,Air/drone strike,Military Forces of Israel (2022-),,8,Civilians (Palestine),,7,78,Civilian targeting,275,Middle East,Palestine,Gaza Strip,Deir El Balah,,Al Maghazi,31.4214,34.3865,2,Newpress; Palestine News and Information Agency; Quds News Network; Twitter,New media-National,"On 26 March 2024, Israeli warplanes struck a group of Palestinians east of Al Maghazi camp (Deir El Balah, Gaza Strip), leaving 2 fatalities.",2,,1753955113
PSE49414,3/26/2024,2024,1,Political violence,Explosions/Remote violence,Air/drone strike,Military Forces of Israel (2022-),,8,Civilians (Palestine),Refugees/IDPs (Palestine),7,78,Civilian targeting,275,Middle East,Palestine,Gaza Strip,Deir El Balah,,An Nusayrat,31.4486,34.3925,1,Ma'an News Agency; Palestine News and Information Agency; Quds News Network,National,"On 26 March 2024, Israeli warplanes struck a group of Palestinians while recovering bodies from under the rubble in An Nusayrat refugee camp (Deir El Balah, Gaza Strip), leaving 2 fatalities and a number of injuries.",2,,1753955113
PSE49429,3/26/2024,2024,1,Political violence,Explosions/Remote violence,Air/drone strike,Military Forces of Israel (2022-),,8,Civilians (Palestine),Refugees/IDPs (Palestine),7,78,Civilian targeting,275,Middle East,Palestine,Gaza Strip,Deir El Balah,,Al Maghazi,31.4214,34.3865,1,Quds News Network,National,"On 26 March 2024, Israeli warplanes struck a house in Bekat al-Louz area in Al Maghazi refugee camp (Deir El Balah, Gaza Strip). Casualties unknown.",0,,1753955113
PSE49417,3/26/2024,2024,1,Political violence,Explosions/Remote violence,Air/drone strike,Military Forces of Israel (2022-),,8,Civilians (Palestine),Farmers (Palestine),7,78,Civilian targeting,275,Middle East,Palestine,Gaza Strip,Rafah,,Shokat as Sufi,31.2586,34.2824,1,Arab 48; Quds News Network; Twitter,New media-National,"On 26 March 2024, Israeli warplanes struck a poultry farm in the Shokat as Sufi village (Rafah, Gaza Strip), leaving injuries.",0,,1753955113
PSE49416,3/26/2024,2024,1,Political violence,Explosions/Remote violence,Air/drone strike,Military Forces of Israel (2022-),,8,Civilians (Palestine),Refugees/IDPs (Palestine),7,78,Civilian targeting,275,Middle East,Palestine,Gaza Strip,North Gaza,,Jabalya Camp,31.536,34.4907,1,Arab 48; Ma'an News Agency; Palestine News and Information Agency; Quds News Network; Twitter,New media-National,"On 26 March 2024, Israeli warplanes struck targets including a house in Mukhayyam Jabalya Camp (North Gaza, Gaza Strip), leaving a number of fatalities. Unspecified number of fatalities coded as 3.",3,,1753955113
PSE49418,3/26/2024,2024,1,Political violence,Explosions/Remote violence,Air/drone strike,Military Forces of Israel (2022-),,8,Civilians (Palestine),Refugees/IDPs (Palestine),7,78,Civilian targeting,275,Middle East,Palestine,Gaza Strip,Rafah,,Yibna,31.2842,34.2482,1,Arab 48; Liveuamap; Quds News Network; Twitter,Local partner-New media,"On 26 March 2024, Israeli warplanes carried out airstrikes and targeted a house in Yibna refugee camp (Rafah, Gaza Strip). Casualties unknown.",0,,1753955113
PSE49407,3/26/2024,2024,1,Political violence,Explosions/Remote violence,Air/drone strike,Military Forces of Israel (2022-),,8,Civilians (Palestine),,7,78,Civilian targeting,275,Middle East,Palestine,Gaza Strip,Rafah,,Yibna,31.2842,34.2482,2,Ma'an News Agency; Palestine News and Information Agency; PLO Negotiations Affairs Department; Quds News Network; Twitter,Other-New media,"On 26 March 2024, Israeli warplanes struck a house in Al Junaina area and other targets in Abu Halawah east of Rafah, coded to Yibna (Rafah, Gaza Strip), killing a girl. Also, artillery and tanks shelled targets east of Rafah. Fatalities coded at least 1.",1,,1753955113
PSE49409,3/26/2024,2024,1,Political violence,Explosions/Remote violence,Air/drone strike,Military Forces of Israel (2022-),,8,Civilians (Palestine),Refugees/IDPs (Palestine),7,78,Civilian targeting,275,Middle East,Palestine,Gaza Strip,Rafah,,Khirbet al Adas,31.2855,34.2714,2,Arab 48; Ma'an News Agency; Newpress; Palestine News and Information Agency; Quds News Network; Twitter,New media-National,"On 26 March 2024, Israeli warplanes struck a house hosting displaced people north of Rafah, coded to Khirbet al Adas (Rafah, Gaza Strip), leaving 19 fatalities, including 9 children, and dozens of injuries.",19,,1753955113
PSE49419,3/26/2024,2024,1,Political violence,Explosions/Remote violence,Air/drone strike,Military Forces of Israel (2022-),,8,Civilians (Palestine),,7,78,Civilian targeting,275,Middle East,Palestine,Gaza Strip,Rafah,,Rafah,31.287,34.2595,1,Arab 48; Newpress; Quds News Network; Twitter,New media-National,"On 26 March 2024, Israeli warplanes struck a house in Rafah city (Rafah, Gaza Strip). Casualties unknown.",0,,1762829569
PSE49454,3/27/2024,2024,1,Political violence,Explosions/Remote violence,Air/drone strike,Military Forces of Israel (2022-),,8,Civilians (Palestine),,7,78,Civilian targeting,275,Middle East,Palestine,Gaza Strip,Gaza City,,Gaza - Ad Darraj,31.5172,34.4642,1,Arab 48; Palestine News and Information Agency; Quds News Network; Twitter,New media-National,"On 27 March 2024, Israeli warplanes struck a house in Gaza - Ad Darraj (Gaza City, Gaza Strip), leaving 2 fatalities and a number of injuries.",2,,1759790002
PSE49459,3/27/2024,2024,1,Political violence,Explosions/Remote violence,Air/drone strike,Military Forces of Israel (2022-),,8,Civilians (Palestine),,7,78,Civilian targeting,275,Middle East,Palestine,Gaza Strip,Gaza City,,Gaza - Shujaiyya,31.4988,34.4699,1,Arab 48; Palestine News and Information Agency; Quds News Network; Twitter,New media-National,"On 27 March 2024, Israeli warplanes struck the Gaza - Shujaiyya junction (Gaza City, Gaza Strip), leaving one fatality and a number of injuries.",1,,1759790002
PSE49473,3/27/2024,2024,1,Political violence,Explosions/Remote violence,Shelling/artillery/missile attack,Military Forces of Israel (2022-),,8,Civilians (Palestine),,7,78,Civilian targeting,275,Middle East,Palestine,Gaza Strip,Gaza City,,Gaza - Shujaiyya,31.4988,34.4699,2,Arab 48; Palestine News and Information Agency; PLO Negotiations Affairs Department; Quds News Network; Twitter,Other-New media,"On 27 March 2024, Israeli artillery and tanks shelled targets east of Gaza City, coded to Gaza - Shujaiyya (Gaza City, Gaza Strip). Also, Israeli artillery struck a group of Palestinians near the Karni crossing (Al Mintar) east of Gaza City, leaving at least 8 fatalities and a number of injuries.",8,,1759790002
PSE49480,3/27/2024,2024,1,Political violence,Explosions/Remote violence,Air/drone strike,Military Forces of Israel (2022-),,8,Civilians (Palestine),,7,78,Civilian targeting,275,Middle East,Palestine,Gaza Strip,Khan Yunis,,Abasan al Kabirah,31.3191,34.3401,1,Quds News Network; Twitter,New media-National,"On 27 March 2024, Israeli warplanes struck a house in Abasan al Kabirah (Khan Yunis, Gaza Strip). Casualties unknown.",0,,1753955113
PSE49493,3/27/2024,2024,1,Political violence,Violence against civilians,Attack,Military Forces of Israel (2022-),,8,Civilians (Palestine),Refugees/IDPs (Palestine),7,78,Civilian targeting,275,Middle East,Palestine,Gaza Strip,Khan Yunis,,Khan Yunis - West (Municipal Stadium),31.3484,34.2961,1,Ma'an News Agency; Palestine News and Information Agency; Quds News Network; Twitter,New media-National,"On 27 March 2024, Israeli forces opened fire at displaced young people after asking them to leave the Nasser Hospital complex in western Rafah (coded to Khan Yunis - West (Municipal Stadium), Gaza Strip). Casualties unknown.",0,,1753955113
PSE49470,3/27/2024,2024,1,Political violence,Explosions/Remote violence,Air/drone strike,Military Forces of Israel (2022-),,8,Civilians (Palestine),,7,78,Civilian targeting,275,Middle East,Palestine,Gaza Strip,Deir El Balah,,Wadi as Salqa,31.4005,34.3375,2,Newpress; Quds News Network; Twitter,New media-National,"On 27 March 2024, Israeli warplanes struck targets south of Deir al Balah city, coded to Wadi as Salqa (Deir El Balah, Gaza Strip), leaving 3 fatalities.",3,,1753955113
PSE49478,3/27/2024,2024,1,Political violence,Explosions/Remote violence,Air/drone strike,Military Forces of Israel (2022-),,8,Civilians (Palestine),Refugees/IDPs (Palestine),7,78,Civilian targeting,275,Middle East,Palestine,Gaza Strip,Deir El Balah,,Al Burayj,31.4394,34.4031,1,Liveuamap; Quds News Network; Twitter,Local partner-New media,"On 27 March 2024, Israeli warplanes struck targets in Al Burayj refugee camp (Deir El Balah, Gaza Strip), leaving 5 fatalities. Also, a woman was killed in a separate airstrike in the camp. Total fatalities were 6.",6,,1753955113
PSE49519,3/27/2024,2024,1,Political violence,Explosions/Remote violence,Shelling/artillery/missile attack,Military Forces of Israel (2022-),,8,Civilians (Palestine),,7,78,Civilian targeting,275,Middle East,Palestine,Gaza Strip,Deir El Balah,,An Nusayrat - West,31.4525,34.3756,1,Arab 48; Newpress; Palestine News and Information Agency; Quds News Network; Twitter,New media-National,"On 27 March 2024, Israeli gunboats opened fire toward An Nusayrat beach, west of An Nusayrat (An Nusayrat - West, Deir El Balah, Gaza Strip). Also, the artillery struck targets in the Al Amal city of prisoners, leaving one fatality. Fatalities coded at least 1.",1,,1753955113
PSE49458,3/27/2024,2024,1,Political violence,Explosions/Remote violence,Air/drone strike,Military Forces of Israel (2022-),,8,Civilians (Palestine),,7,78,Civilian targeting,275,Middle East,Palestine,Gaza Strip,Gaza City,,Gaza - Southern Remal,31.5168,34.4355,2,Arab 48; Newpress; Palestine News and Information Agency; Quds News Network; Twitter,New media-National,"On 27 March 2024, Israeli warplanes struck a house and other targets west of Gaza City, coded to Gaza - Southern Remal (Gaza City, Gaza Strip), leaving 8 fatalities and a number of injuries, including children and women.",8,,1759790002
PSE49469,3/27/2024,2024,1,Political violence,Explosions/Remote violence,Air/drone strike,Military Forces of Israel (2022-),,8,Civilians (Palestine),,7,78,Civilian targeting,275,Middle East,Palestine,Gaza Strip,Gaza City,,Gaza - Southern Remal,31.5168,34.4355,1,Newpress; Quds News Network; Twitter,New media-National,"On 27 March 2024, Israeli warplanes struck and destroyed 3 residential buildings consisting of 100 apartments in the vicinity of the Nasser Hospital in Gaza - Southern Remal (Gaza City, Gaza Strip). Casualties unknown.",0,,1759790002
PSE49467,3/27/2024,2024,1,Political violence,Explosions/Remote violence,Air/drone strike,Military Forces of Israel (2022-),,8,Civilians (Palestine),Refugees/IDPs (Palestine),7,78,Civilian targeting,275,Middle East,Palestine,Gaza Strip,North Gaza,,Jabalya Camp,31.536,34.4907,1,Newpress; Quds News Network; Twitter,New media-National,"On 27 March 2024, Israeli warplanes struck targets and houses in Mukhayyam Jabalya Camp (North Gaza, Gaza Strip), leaving fatalities and injuries. Unspecified number of fatalities coded as 3.",3,,1753955113
PSE49455,3/27/2024,2024,1,Political violence,Explosions/Remote violence,Air/drone strike,Military Forces of Israel (2022-),,8,Civilians (Palestine),Refugees/IDPs (Palestine),7,78,Civilian targeting,275,Middle East,Palestine,Gaza Strip,Gaza City,,Gaza - Ash Shati' Camp,31.5349,34.4466,1,Newpress; Palestine News and Information Agency; Quds News Network; Twitter,New media-National,"On 27 March 2024, Israeli warplanes struck 2 houses near Al Susu mosque in Gaza - Ash Shati' Camp (Gaza City, Gaza Strip), leaving injuries.",0,,1759790002
PSE49479,3/27/2024,2024,1,Political violence,Explosions/Remote violence,Air/drone strike,Military Forces of Israel (2022-),,8,Civilians (Palestine),,7,78,Civilian targeting,275,Middle East,Palestine,Gaza Strip,Gaza City,,Al Zahra,31.4716,34.4013,1,Quds News Network; Twitter,New media-National,"On 27 March 2024, Israeli UAVs struck targets in Al Zahra (Gaza City, Gaza Strip), leaving one fatality.",1,,1753955113
PSE49460,3/27/2024,2024,1,Political violence,Explosions/Remote violence,Air/drone strike,Military Forces of Israel (2022-),,8,Civilians (Palestine),,7,78,Civilian targeting,275,Middle East,Palestine,Gaza Strip,Gaza City,,Gaza - Az Zaytun,31.4964,34.4522,2,Palestine News and Information Agency,National,"On 27 March 2024, Israeli warplanes struck targets near Gaza - Az Zaytun (Gaza City, Gaza Strip), leaving a number of injuries.",0,,1759790002
PSE49448,3/27/2024,2024,1,Political violence,Explosions/Remote violence,Air/drone strike,Military Forces of Israel (2022-),,8,Civilians (Palestine),,7,78,Civilian targeting,275,Middle East,Palestine,Gaza Strip,Rafah,,Khirbet al Adas,31.2855,34.2714,1,Newpress; Palestine News and Information Agency; Quds News Network; Twitter,New media-National,"On 27 March 2024, Israeli warplanes struck a house in Khirbet al Adas (Rafah, Gaza Strip), leaving 11 fatalities (including woman and children) and a number of injuries.",11,,1753955113
PSE49449,3/27/2024,2024,1,Political violence,Explosions/Remote violence,Air/drone strike,Military Forces of Israel (2022-),,8,Civilians (Palestine),,7,78,Civilian targeting,275,Middle East,Palestine,Gaza Strip,Rafah,,Rafah,31.287,34.2595,1,Palestine News and Information Agency; Quds News Network; Twitter,New media-National,"On 27 March 2024, Israeli warplanes struck 2 houses in Al Shaout of Rafah city (Rafah, Gaza Strip), leaving a number of injuries.",0,,1762829569
PSE49472,3/27/2024,2024,1,Political violence,Explosions/Remote violence,Air/drone strike,Military Forces of Israel (2022-),,8,Civilians (Palestine),Refugees/IDPs (Palestine),7,78,Civilian targeting,275,Middle East,Palestine,Gaza Strip,Rafah,,Rafah Camp,31.2847,34.2546,1,Quds News Network; Twitter,New media-National,"On 27 March 2024, Israeli warplanes struck a house and a greenhouse in Al Shaboura refugee camp located in Mukhayyam Rafah Camp (Rafah, Gaza Strip), leaving 4 fatalities including a woman and 10 injuries.",4,,1753955113
PSE49565,3/27/2024,2024,1,Political violence,Violence against civilians,Attack,Military Forces of Israel (2022-),,8,Civilians (Palestine),,7,78,Civilian targeting,275,Middle East,Palestine,Gaza Strip,Gaza City,,Gaza - Az Zaytun,31.4964,34.4522,1,Al Ghad (Jordan); Newpress; Palestine News and Information Agency; Quds News Network; Twitter,New media-National,"On 27 March 2024, Israeli snipers opened fire on Palestinians while waiting for an aid convoy near the Kuwait roundabout in Gaza - Az Zaytun (Gaza City, Gaza Strip). 4 Palestinians of the clans' aid security committees who are responsible for securing and distributing aid, were killed. This event involved violence over aid.",4,,1759790002
PSE49564,3/27/2024,2024,1,Political violence,Explosions/Remote violence,Shelling/artillery/missile attack,Military Forces of Israel (2022-),,8,Civilians (Palestine),,7,78,Civilian targeting,275,Middle East,Palestine,Gaza Strip,North Gaza,,Beit Hanoun,31.5405,34.5402,2,Palestine News and Information Agency; Quds News Network; Twitter,New media-National,"On 27 March 2024, Israeli tanks opened fire toward Palestinians while waiting for an aid convoy east of Beit Hanoun (North Gaza, Gaza Strip), leaving one fatality and a number of injuries. This event involved violence over aid.",1,,1754946060
PSE49486,3/28/2024,2024,1,Political violence,Explosions/Remote violence,Air/drone strike,Military Forces of Israel (2022-),,8,Civilians (Palestine),,7,78,Civilian targeting,275,Middle East,Palestine,Gaza Strip,Gaza City,,Gaza - Shujaiyya,31.4988,34.4699,1,Arab 48; Newpress; Palestine News and Information Agency; Twitter,New media-National,"On 28 March 2024, Israeli warplanes struck houses in Gaza - Shujaiyya (Gaza City, Gaza Strip), leaving 3 fatalities and 20 injuries.",3,,1759790002
PSE49501,3/28/2024,2024,1,Political violence,Explosions/Remote violence,Air/drone strike,Military Forces of Israel (2022-),,8,Civilians (Palestine),,7,78,Civilian targeting,275,Middle East,Palestine,Gaza Strip,Rafah,,An Nasr,31.2814,34.3025,1,Arab 48,National,"On 28 March 2024, Israeli warplanes struck a house in An Nasr (Rafah, Gaza Strip). Casualties unknown.",0,,1753955113
PSE49514,3/28/2024,2024,1,Political violence,Explosions/Remote violence,Air/drone strike,Military Forces of Israel (2022-),,8,Civilians (Palestine),Refugees/IDPs (Palestine),7,78,Civilian targeting,275,Middle East,Palestine,Gaza Strip,Deir El Balah,,Al Maghazi,31.4214,34.3865,1,Newpress; Twitter,New media-National,"On 28 March 2024, Israeli warplanes struck a house in Al Maghazi refugee camp (Deir El Balah, Gaza Strip). Casualties unknown.",0,,1753955113
PSE49575,3/28/2024,2024,1,Political violence,Violence against civilians,Attack,Military Forces of Israel (2022-),,8,Civilians (Palestine),,7,78,Civilian targeting,275,Middle East,Palestine,Gaza Strip,Khan Yunis,,Hamad,31.3749,34.3193,1,Palestine News and Information Agency,National,"On 28 March 2024, Israeli forces opened fire and killed a Palestinian in Hamad city (Khan Yunis, Gaza Strip).",1,,1753955113
PSE49491,3/28/2024,2024,1,Political violence,Explosions/Remote violence,Air/drone strike,Military Forces of Israel (2022-),,8,Civilians (Palestine),,7,78,Civilian targeting,275,Middle East,Palestine,Gaza Strip,North Gaza,,Beit Lahiya - Al Mashroo,31.5433,34.4998,1,Palestine News and Information Agency,National,"On 28 March 2024, Israeli warplanes struck targets in Beit Lahiya - Al Mashroo (North Gaza, Gaza Strip), leaving injuries.",0,,1753955113
PSE49487,3/28/2024,2024,1,Political violence,Explosions/Remote violence,Air/drone strike,Military Forces of Israel (2022-),,8,Civilians (Palestine),,7,78,Civilian targeting,275,Middle East,Palestine,Gaza Strip,Gaza City,,Gaza - Southern Remal,31.5168,34.4355,1,Palestine News and Information Agency; Quds News Network; Twitter,New media-National,"On 28 March 2024, Israeli warplanes struck houses and buildings in Gaza - Southern Remal (Gaza City, Gaza Strip). Meanwhile, the artillery opened fire and shelled the same area. Dozens of Palestinians were killed and others injured. Fatalities coded as 12.",12,,1759790002
PSE49494,3/28/2024,2024,1,Political violence,Explosions/Remote violence,Air/drone strike,Military Forces of Israel (2022-),,8,Civilians (Palestine),,7,78,Civilian targeting,275,Middle East,Palestine,Gaza Strip,Gaza City,,Gaza - Nasr,31.534,34.4574,1,Palestine News and Information Agency,National,"On 28 March 2024, Israeli warplanes struck 2 houses in Gaza - Nasr (Gaza City, Gaza Strip). Casualties unknown.",0,,1753955113
PSE49488,3/28/2024,2024,1,Political violence,Explosions/Remote violence,Air/drone strike,Military Forces of Israel (2022-),,8,Civilians (Palestine),Refugees/IDPs (Palestine),7,78,Civilian targeting,275,Middle East,Palestine,Gaza Strip,Gaza City,,Gaza - Ash Shati' Camp,31.5349,34.4466,1,Newpress; Palestine News and Information Agency; Quds News Network; Twitter,New media-National,"On 28 March 2024, Israeli warplanes struck a building and 4 houses at Hamid Street in Gaza - Ash Shati' Camp (Gaza City, Gaza Strip), leaving fatalities and injuries. Unspecified number of fatalities coded as 3.",3,,1759790002
PSE49516,3/28/2024,2024,1,Political violence,Explosions/Remote violence,Air/drone strike,Military Forces of Israel (2022-),,8,Civilians (Palestine),,7,78,Civilian targeting,275,Middle East,Palestine,Gaza Strip,Gaza City,,Gaza - Ash Shati' Camp,31.5349,34.4466,2,Palestine News and Information Agency; Quds News Network; Twitter,New media-National,"On 28 March 2024, Israeli warplanes struck a gathering south of Gaza - Ash Shati' Camp (Gaza City, Gaza Strip), leaving injuries.",0,,1759790002
PSE49485,3/28/2024,2024,1,Political violence,Explosions/Remote violence,Air/drone strike,Military Forces of Israel (2022-),,8,Civilians (Palestine),,7,78,Civilian targeting,275,Middle East,Palestine,Gaza Strip,Rafah,,Yibna,31.2842,34.2482,2,Palestine News and Information Agency; PLO Negotiations Affairs Department; Quds News Network; Twitter,Other-New media,"On 28 March 2024, 12 Palestinians were killed in an Israeli airstrike that targeted a house northeast of Rafah, coded to Yibna (Rafah, Gaza Strip). Also, Israeli artillery and tanks shelled targets east of Rafah. Fatalities coded as 12.",12,,1753955113
PSE49495,3/28/2024,2024,1,Political violence,Explosions/Remote violence,Air/drone strike,Military Forces of Israel (2022-),,8,Civilians (Palestine),,7,78,Civilian targeting,275,Middle East,Palestine,Gaza Strip,Gaza City,,Gaza - Az Zaytun,31.4964,34.4522,1,Arab 48; Newpress; Palestine News and Information Agency; Quds News Network; Twitter,New media-National,"On 28 March 2024, Israeli warplanes struck 2 houses in Gaza - Az Zaytun (Gaza City, Gaza Strip). Casualties unknown.",0,,1759790002
PSE49504,3/28/2024,2024,1,Political violence,Explosions/Remote violence,Air/drone strike,Military Forces of Israel (2022-),,8,Civilians (Palestine),,7,78,Civilian targeting,275,Middle East,Palestine,Gaza Strip,Gaza City,,Gaza - Tal el Hawa,31.5041,34.435,1,Arab 48,National,"On 28 March 2024, Israeli warplanes struck a residential building in Gaza - Tal el Hawa (Gaza City, Gaza Strip), leaving an unspecified number of fatalities. Unspecified number of fatalities coded as 3.",3,,1759790002
PSE49607,3/28/2024,2024,1,Political violence,Violence against civilians,Attack,Military Forces of Israel (2022-),,8,Civilians (Palestine),,7,78,Civilian targeting,275,Middle East,Palestine,Gaza Strip,Gaza City,,Gaza - Shujaiyya,31.4988,34.4699,2,Palestine News and Information Agency,National,"On 28 March 2024, Israeli forces opened fire on Palestinians while waiting for an aid convoy east of Gaza City, coded to Gaza - Shujaiyya (Gaza City, Gaza Strip), leaving 6 fatalities. This event involved violence over aid.",6,,1759790002
PSE49528,3/29/2024,2024,1,Political violence,Explosions/Remote violence,Air/drone strike,Military Forces of Israel (2022-),,8,Police Forces of Palestine (2007-) Gaza Strip,Civilians (Palestine); Hamas Movement,1,18,,275,Middle East,Palestine,Gaza Strip,Gaza City,,Gaza - Shujaiyya,31.4988,34.4699,1,Dunia Al Watan; Newpress; Palestine News and Information Agency; Quds News Network; Twitter,New media-National,"On 29 March 2024, Israeli warplanes struck the a group of police officers (Hamas) stationed in the Gaza - Shujaiyya club (Gaza City, Gaza Strip), killing at least 15 police officers and civilians and injuring 30 others. Also, at least 8 Palestinians were killed in an airstrike that targeted a passing car in Shujaiyya, killing a Hamas police officer along with his family and other civilians and children. Total fatalities at least 23.",23,,1759790002
PSE49530,3/29/2024,2024,1,Political violence,Explosions/Remote violence,Air/drone strike,Military Forces of Israel (2022-),,8,Civilians (Palestine),,7,78,Civilian targeting,275,Middle East,Palestine,Gaza Strip,Gaza City,,Gaza - Northern Remal,31.524,34.4505,1,Palestine News and Information Agency; Quds News Network; Twitter,New media-National,"On 29 March 2024, Israeli warplanes struck houses near Al Shifa Hospital in Gaza - Northern Remal (Gaza City, Gaza Strip), leaving 10 fatalities, including a woman and her 6 children.",10,,1759790002
PSE49531,3/29/2024,2024,1,Political violence,Explosions/Remote violence,Air/drone strike,Military Forces of Israel (2022-),,8,Civilians (Palestine),,7,78,Civilian targeting,275,Middle East,Palestine,Gaza Strip,Khan Yunis,,Abasan al Kabirah,31.3191,34.3401,1,Newpress; Palestine News and Information Agency; Quds News Network; Twitter,New media-National,"On 29 March 2024, Israeli warplanes struck Palestinians in Abasan al Kabirah (Khan Yunis, Gaza Strip), killing 2 brothers.",2,,1753955113
PSE49537,3/29/2024,2024,1,Political violence,Explosions/Remote violence,Air/drone strike,Military Forces of Israel (2022-),,8,Civilians (Palestine),Refugees/IDPs (Palestine),7,78,Civilian targeting,275,Middle East,Palestine,Gaza Strip,Khan Yunis,,Al Mawasi (Khan Yunis),31.3482,34.2547,1,Arab 48,National,"On 29 March 2024, Israeli warplanes struck the tents of displaced people in Al Mawasi (Khan Yunis) - Gaza Strip, leaving injuries.",0,,1762829569
PSE49546,3/29/2024,2024,1,Political violence,Explosions/Remote violence,Shelling/artillery/missile attack,Military Forces of Israel (2022-),,8,Civilians (Palestine),,7,78,Civilian targeting,275,Middle East,Palestine,Gaza Strip,Gaza City,,Gaza - Shujaiyya,31.4988,34.4699,2,Palestine News and Information Agency; PLO Negotiations Affairs Department; Quds News Network; Twitter,Other-New media,"On 29 March 2024, Israeli artillery and tanks shelled targets east of Gaza City, coded to Gaza - Shujaiyya (Gaza City, Gaza Strip). Also, 5 Palestinians were killed and 20 others injured in artillery fire that targeted a house in the industrial zone east of Gaza city. Fatalities coded at least 5.",5,,1759790002
PSE49527,3/29/2024,2024,1,Political violence,Explosions/Remote violence,Air/drone strike,Military Forces of Israel (2022-),,8,Civilians (Palestine),Refugees/IDPs (Palestine),7,78,Civilian targeting,275,Middle East,Palestine,Gaza Strip,Deir El Balah,,An Nusayrat,31.4486,34.3925,1,Arab 48; Palestine News and Information Agency,National,"On 29 March 2024, Israeli warplanes struck targets and houses in An Nusayrat refugee camp (Deir El Balah, Gaza Strip), leaving injuries. Fatalities unknown.",0,,1753955113
PSE49534,3/29/2024,2024,1,Political violence,Explosions/Remote violence,Air/drone strike,Military Forces of Israel (2022-),,8,Civilians (Palestine),Refugees/IDPs (Palestine),7,78,Civilian targeting,275,Middle East,Palestine,Gaza Strip,Deir El Balah,,Al Maghazi,31.4214,34.3865,1,Arab 48; Quds News Network; Twitter,New media-National,"On 29 March 2024, Israeli warplanes struck a house and other targets in Al Maghazi refugee camp (Deir El Balah, Gaza Strip), leaving at least 6 fatalities and a number of injuries.",6,,1753955113
PSE49543,3/29/2024,2024,1,Political violence,Explosions/Remote violence,Air/drone strike,Military Forces of Israel (2022-),,8,Civilians (Palestine),,7,78,Civilian targeting,275,Middle East,Palestine,Gaza Strip,Deir El Balah,,An Nusayrat - West,31.4525,34.3756,1,Arab 48; Quds News Network; Twitter,New media-National,"On 29 March 2024, Israeli warplanes struck houses west of An Nusayrat (An Nusayrat - West, Deir El Balah, Gaza Strip), leaving 5 fatalities.",5,,1753955113
PSE49525,3/29/2024,2024,1,Political violence,Explosions/Remote violence,Air/drone strike,Military Forces of Israel (2022-),,8,Civilians (Palestine),,7,78,Civilian targeting,275,Middle East,Palestine,Gaza Strip,Gaza City,,Gaza - Nasr,31.534,34.4574,1,Palestine News and Information Agency; Palestinian Ministry of Health,Other-National,"On 29 March 2024, Israeli warplanes struck houses in Gaza - Nasr (Gaza City, Gaza Strip), leaving an unspecified number of fatalities. [Palestinian Ministry of Health reported 32705 fatalities upto 29 March 2024. 22 fatalities not attributed to specific events split across 3 events on 29 March. 7 fatalities coded to this event.]",7,,1753955113
PSE49639,3/29/2024,2024,1,Political violence,Explosions/Remote violence,Shelling/artillery/missile attack,Military Forces of Israel (2022-),,8,Civilians (Palestine),,7,78,Civilian targeting,275,Middle East,Palestine,Gaza Strip,Gaza City,,Al Zahra,31.4716,34.4013,1,Arab 48; Quds News Network; Twitter,New media-National,"On 29 March 2024, Israeli artillery shelled the Al Zahra (Gaza City, Gaza Strip), leaving 5 fatalities.",5,,1753955113
PSE49526,3/29/2024,2024,1,Political violence,Explosions/Remote violence,Air/drone strike,Military Forces of Israel (2022-),,8,Civilians (Palestine),,7,78,Civilian targeting,275,Middle East,Palestine,Gaza Strip,Gaza City,,Gaza - Tal el Hawa,31.5041,34.435,1,Palestine News and Information Agency; Palestinian Ministry of Health,Other-National,"On 29 March 2024, Israeli warplanes struck houses in Gaza - Tal el Hawa (Gaza City, Gaza Strip), leaving an unspecified number of fatalities. [Palestinian Ministry of Health reported 32705 fatalities upto 29 March 2024. 22 fatalities not attributed to specific events split across 3 events on 29 March. 7 fatalities coded to this event.]",7,,1759790002
PSE49552,3/29/2024,2024,1,Political violence,Explosions/Remote violence,Air/drone strike,Military Forces of Israel (2022-),,8,Civilians (Palestine),,7,78,Civilian targeting,275,Middle East,Palestine,Gaza Strip,Gaza City,,Gaza - Az Zaytun,31.4964,34.4522,1,Palestinian Ministry of Health; Quds News Network; Twitter,Other-New media,"On 29 March 2024, Israeli warplanes struck the Gaza - Az Zaytun (Gaza City, Gaza Strip), leaving fatalities and injuries including children. [Palestinian Ministry of Health reported 32705 fatalities upto 29 March 2024. 22 fatalities not attributed to specific events split across 3 events on 29 March. 8 fatalities coded to this event.]",8,,1759790002
PSE49524,3/29/2024,2024,1,Political violence,Explosions/Remote violence,Air/drone strike,Military Forces of Israel (2022-),,8,Civilians (Palestine),Muslim Group (Palestine),7,78,Civilian targeting,275,Middle East,Palestine,Gaza Strip,North Gaza,,Jabalya,31.5272,34.4835,1,Palestine News and Information Agency,National,"On 29 March 2024, Israeli warplanes struck a mosque in Jabalya town (North Gaza, Gaza Strip), killing a woman and injuring others.",1,,1759790002
PSE49794,3/30/2024,2024,1,Political violence,Explosions/Remote violence,Air/drone strike,Military Forces of Israel (2022-),,8,Civilians (Palestine),,7,78,Civilian targeting,275,Middle East,Palestine,Gaza Strip,Khan Yunis,,Abasan al Kabirah,31.3191,34.3401,1,Palestine News and Information Agency; Quds News Network; Twitter,New media-National,"On 30 March 2024, Israeli warplanes struck a group of Palestinians in Abasan al Kabirah (Khan Yunis, Gaza Strip), leaving at least 3 fatalities.",3,,1753955113
PSE49802,3/30/2024,2024,1,Political violence,Explosions/Remote violence,Air/drone strike,Military Forces of Israel (2022-),,8,Civilians (Palestine),Refugees/IDPs (Palestine),7,78,Civilian targeting,275,Middle East,Palestine,Gaza Strip,Khan Yunis,,Al Mawasi (Khan Yunis),31.3482,34.2547,1,Arab 48; Quds News Network; Twitter,New media-National,"On 30 March 2024, Israeli warplanes struck tents belong to displaced people in (Al Mawasi (Khan Yunis), Gaza Strip), leaving injuries.",0,,1762829569
PSE49830,3/30/2024,2024,1,Political violence,Explosions/Remote violence,Air/drone strike,Military Forces of Israel (2022-),,8,Civilians (Palestine),Refugees/IDPs (Palestine),7,78,Civilian targeting,275,Middle East,Palestine,Gaza Strip,Khan Yunis,,Khan Yunis - West (Municipal Stadium),31.3484,34.2961,2,Palestine News and Information Agency; Quds News Network; Twitter,New media-National,"On 30 March 2024, Israeli warplanes and artillery struck targets and houses in the vicinity of the Nasser Hospital and in Khan Yunis refugee camp west of Khan Yunis city (coded to Khan Yunis - West (Municipal Stadium), Gaza Strip). Meanwhile, Israeli tanks opened fire in Khan Yunis camp and near the hospital. In addition, 20 Palestinians were injured (likely by tank fire) while attempting to reach their houses near Al Aqsa University, west of Khan Yunis. In total at least 5 Palestinians were killed.",5,,1753955113
PSE49800,3/30/2024,2024,1,Political violence,Explosions/Remote violence,Air/drone strike,Military Forces of Israel (2022-),,8,Civilians (Palestine),Refugees/IDPs (Palestine),7,78,Civilian targeting,275,Middle East,Palestine,Gaza Strip,Deir El Balah,,Al Maghazi,31.4214,34.3865,1,Palestine News and Information Agency,National,"On 30 March 2024, Israeli warplanes struck a house and targets in Al Maghazi refugee camp (Deir El Balah, Gaza Strip), leaving dozens of fatalities and injuries. Fatalities coded as 12.",12,,1753955113
PSE49807,3/30/2024,2024,1,Political violence,Explosions/Remote violence,Air/drone strike,Military Forces of Israel (2022-),,8,Civilians (Palestine),Refugees/IDPs (Palestine),7,78,Civilian targeting,275,Middle East,Palestine,Gaza Strip,Deir El Balah,,An Nusayrat,31.4486,34.3925,1,Arab 48; Newpress; Quds News Network; Twitter,New media-National,"On 30 March 2024, Israeli warplanes struck a house in An Nusayrat refugee camp (Deir El Balah, Gaza Strip), leaving injuries.",0,,1753955113
PSE49801,3/30/2024,2024,1,Political violence,Explosions/Remote violence,Air/drone strike,Military Forces of Israel (2022-),,8,Civilians (Palestine),,7,78,Civilian targeting,275,Middle East,Palestine,Gaza Strip,Deir El Balah,,Al Maghazi,31.4214,34.3865,2,Palestinian Ministry of Health; Quds News Network; Twitter,Other-New media,"On 30 March 2024, Israeli warplanes struck a house northwest of Al Maghazi camp (Deir El Balah, Gaza Strip) leaving fatalities and injuries. [Palestinian Ministry of Health reported 32782 fatalities upto 30 March 2024. 41 fatalities not attributed to specific events split across 2 events on 30 March. 20 fatalities coded to this event.]",20,,1753955113
PSE49806,3/30/2024,2024,1,Political violence,Explosions/Remote violence,Air/drone strike,Military Forces of Israel (2022-),,8,Civilians (Palestine),,7,78,Civilian targeting,275,Middle East,Palestine,Gaza Strip,Gaza City,,Al Mughraqa,31.4675,34.4097,2,Arab 48; Palestine News and Information Agency; Quds News Network; Twitter,New media-National,"On 30 March 2024, Israeli warplanes struck in the vicinity of Wadi Gaza area, coded to Al Mughraqa (Gaza City, Gaza Strip), leaving one fatality.",1,,1753955113
PSE49817,3/30/2024,2024,1,Political violence,Explosions/Remote violence,Air/drone strike,Military Forces of Israel (2022-),,8,Civilians (Palestine),,7,78,Civilian targeting,275,Middle East,Palestine,Gaza Strip,Gaza City,,Gaza - Az Zaytun,31.4964,34.4522,2,Arab 48; Newpress; Quds News Network; Twitter,New media-National,"On 30 March 2024, Israeli warplanes struck a group of Palestinians at the Doulah junction south of Gaza - Az Zaytun (Gaza City, Gaza Strip), leaving injuries. Meanwhile, the artillery struck south of Gaza city. Fatalities unknown.",0,,1759790002
PSE49825,3/30/2024,2024,1,Political violence,Explosions/Remote violence,Air/drone strike,Military Forces of Israel (2022-),,8,Civilians (Palestine),Farmers (Palestine),7,78,Civilian targeting,275,Middle East,Palestine,Gaza Strip,North Gaza,,Jabalya,31.5272,34.4835,2,Palestinian Ministry of Health; Quds News Network; Twitter,Other-New media,"On 30 March 2024, Israeli warplanes struck Palestinian farmers while collecting potatoes in North Gaza, coded to Jabalya (North Gaza, Gaza Strip). Unspecified number of fatalities. [Palestinian Ministry of Health reported 32782 fatalities upto 30 March 2024. 41 fatalities not attributed to specific events split across 2 events on 30 March. 21 fatalities coded to this event.]",21,,1759790002
PSE49859,3/30/2024,2024,1,Political violence,Explosions/Remote violence,Air/drone strike,Military Forces of Israel (2022-),,8,Civilians (Palestine),,7,78,Civilian targeting,275,Middle East,Palestine,Gaza Strip,Rafah,,Al Junainah,31.2642,34.2636,1,Palestine News and Information Agency; PLO Negotiations Affairs Department; Quds News Network; Twitter,Other-New media,"On 30 March 2024, Israeli UAVs struck targets in Al Junainah area (Rafah, Gaza Strip), leaving injuries. Meanwhile, the artillery shelled targets east of Rafah. Fatalities unknown.",0,,1753955113
PSE49814,3/30/2024,2024,1,Political violence,Explosions/Remote violence,Shelling/artillery/missile attack,Military Forces of Israel (2022-),,8,Civilians (Palestine),,7,78,Civilian targeting,275,Middle East,Palestine,Gaza Strip,Gaza City,,Gaza - Az Zaytun,31.4964,34.4522,1,Arab 48; Newpress; Palestine News and Information Agency; Quds News Network; Twitter,New media-National,"On 30 March 2024, Israeli tanks opened fire on Palestinians clans' aid security committees for securing aid trucks near the Kuwait roundabout in Gaza - Az Zaytun (Gaza City, Gaza Strip), leaving at least 12 fatalities and 30 injuries. This event involved violence over aid.",12,,1759790002
PSE49861,3/31/2024,2024,1,Political violence,Explosions/Remote violence,Air/drone strike,Military Forces of Israel (2022-),,8,Civilians (Palestine),,7,78,Civilian targeting,275,Middle East,Palestine,Gaza Strip,Khan Yunis,,Al Qararah,31.3739,34.3409,1,Newpress; Twitter,New media-National,"On 31 March 2024, Israeli warplanes struck targets in Al Qararah (Khan Yunis, Gaza Strip), leaving one fatality.",1,,1753955113
PSE49871,3/31/2024,2024,1,Political violence,Explosions/Remote violence,Air/drone strike,Military Forces of Israel (2022-),,8,Civilians (Palestine),,7,78,Civilian targeting,275,Middle East,Palestine,Gaza Strip,Khan Yunis,,Bani Suheila,31.3424,34.325,1,Newpress; Palestine News and Information Agency; Quds News Network; Twitter,New media-National,"On 31 March 2024, Israeli warplanes struck a group of Palestinians in Bani Suheila (Khan Yunis, Gaza Strip), leaving 11 fatalities and dozens of injuries.",11,,1753955113
PSE49885,3/31/2024,2024,1,Political violence,Explosions/Remote violence,Air/drone strike,Military Forces of Israel (2022-),,8,Civilians (Palestine),,7,78,Civilian targeting,275,Middle East,Palestine,Gaza Strip,Gaza City,,Gaza - Shujaiyya,31.4988,34.4699,2,Ma'an News Agency; Palestine News and Information Agency; PLO Negotiations Affairs Department; Quds News Network; Twitter,Other-New media,"On 31 March 2024, Israeli warplanes opened fire toward Palestinian houses east of Gaza City, coded to Gaza - Shujaiyya (Gaza City, Gaza Strip). Meanwhile, artillery and tanks shelled targets east of the city. Casualties unknown.",0,,1759790002
PSE49929,3/31/2024,2024,1,Political violence,Explosions/Remote violence,Shelling/artillery/missile attack,Military Forces of Israel (2022-),,8,Civilians (Palestine),,7,78,Civilian targeting,275,Middle East,Palestine,Gaza Strip,Khan Yunis,,Al Mawasi (Khan Yunis),31.3482,34.2547,1,Newpress; Palestine News and Information Agency; Twitter,New media-National,"On 31 March 2024, Israeli artillery struck a house in (Al Mawasi (Khan Yunis), Gaza Strip), killing 2 persons (a woman and her daughter).",2,,1762829569
PSE49860,3/31/2024,2024,1,Political violence,Explosions/Remote violence,Air/drone strike,Military Forces of Israel (2022-),,8,Civilians (Palestine),Refugees/IDPs (Palestine),7,78,Civilian targeting,275,Middle East,Palestine,Gaza Strip,Deir El Balah,,Al Maghazi,31.4214,34.3865,1,Al-Ittihad; Ma'an News Agency; Newpress; Palestine News and Information Agency; Twitter,New media-National,"On 31 March 2024, Israeli warplanes struck a house in Al Maghazi refugee camp (Deir El Balah, Gaza Strip), leaving at least 3 fatalities and several injuries.",3,,1753955113
PSE49862,3/31/2024,2024,1,Political violence,Explosions/Remote violence,Air/drone strike,Military Forces of Israel (2022-),,8,Civilians (Palestine),,7,78,Civilian targeting,275,Middle East,Palestine,Gaza Strip,Deir El Balah,,An Nusayrat - North,31.4591,34.3923,2,Palestine News and Information Agency; Quds News Network; Twitter,New media-National,"On 31 March 2024, Israeli warplanes struck a residential tower in the prisoners' city northwest of An Nusayrat camp (coded to An Nusayrat - North, Deir El Balah, Gaza Strip). Casualties unknown.",0,,1753955113
PSE49875,3/31/2024,2024,1,Political violence,Explosions/Remote violence,Air/drone strike,Military Forces of Israel (2022-),,8,Civilians (Palestine),,7,78,Civilian targeting,275,Middle East,Palestine,Gaza Strip,North Gaza,,Beit Lahiya,31.5541,34.5016,1,Quds News Network; Twitter,New media-National,"On 31 March 2024, Israeli warplanes struck targets at the roundabout of Beit Lahiya and a house in Beit Lahiya (North Gaza, Gaza Strip). Casualties unknown.",0,,1753955113
PSE49891,3/31/2024,2024,1,Political violence,Explosions/Remote violence,Air/drone strike,Military Forces of Israel (2022-),,8,Civilians (Palestine),,7,78,Civilian targeting,275,Middle East,Palestine,Gaza Strip,Gaza City,,Gaza - Southern Remal,31.5168,34.4355,2,Arab 48; Ma'an News Agency; Newpress; Palestine News and Information Agency; Quds News Network; Twitter,New media-National,"On 31 March 2024, Israeli warplanes struck an apartments and buildings in Al Naser Street west of Gaza City, coded to Gaza - Southern Remal (Gaza City, Gaza Strip). Meanwhile, artillery shelled west of Gaza City (coded to the same location). Casualties unknown.",0,,1759790002
PSE49976,3/31/2024,2024,1,Political violence,Explosions/Remote violence,Shelling/artillery/missile attack,Military Forces of Israel (2022-),,8,Civilians (Palestine),,7,78,Civilian targeting,275,Middle East,Palestine,Gaza Strip,Khan Yunis,,Khan Yunis Port,31.3691,34.2734,2,Arab 48,National,"On 31 March 2024, Israeli gunboats opened fire in the vicinity of Khan Yunis Port (Khan Yunis, Gaza strip), leaving fatalities and injuries. Unspecified number of fatalities coded as 3.",3,,1753955113
PSE49882,3/31/2024,2024,1,Political violence,Explosions/Remote violence,Air/drone strike,Military Forces of Israel (2022-),,8,Civilians (Palestine),Refugees/IDPs (Palestine),7,78,Civilian targeting,275,Middle East,Palestine,Gaza Strip,Gaza City,,Gaza - Ash Shati' Camp,31.5349,34.4466,1,Ma'an News Agency; Palestine News and Information Agency; Quds News Network; Twitter,New media-National,"On 31 March 2024, Israeli warplanes struck a group of Palestinians in Gaza - Ash Shati' Camp (Gaza City, Gaza Strip), leaving 2 fatalities and 10 injuries.",2,,1759790002
PSE49936,3/31/2024,2024,1,Political violence,Explosions/Remote violence,Shelling/artillery/missile attack,Military Forces of Israel (2022-),,8,Civilians (Palestine),,7,78,Civilian targeting,275,Middle East,Palestine,Gaza Strip,Gaza City,,Al Mughraqa,31.4675,34.4097,2,Ma'an News Agency; Palestine News and Information Agency; Quds News Network; Twitter,New media-National,"On 31 March 2024, Israeli artillery struck targets north of Wad Gaza, coded to Al Mughraqa (Gaza City, Gaza Strip), leaving one fatality.",1,,1753955113
PSE81917,3/31/2024,2024,1,Political violence,Explosions/Remote violence,Air/drone strike,Military Forces of Israel (2022-),,8,Civilians (Palestine),Journalists (Palestine),7,78,Civilian targeting,275,Middle East,Palestine,Gaza Strip,Gaza City,,Gaza - Az Zaytun,31.4964,34.4522,2,Committee to Protect Journalists; Guardian (United Kingdom); Palestine News and Information Agency,Other-National,"On 31 March 2024, an Israeli airstrike near Kuwait roundabout south of Gaza city, coded to Gaza - Az Zaytun (Gaza City, Gaza Strip) killed a journalist.",1,,1759790065
