event_id_cnty,event_date,year,time_precision,disorder_type,event_type,sub_event_type,actor1,assoc_actor_1,inter1,actor2,assoc_actor_2,inter2,interaction,civilian_targeting,iso,region,country,admin1,admin2,admin3,location,latitude,longitude,geo_precision,source,source_scale,notes,fatalities,tags,timestamp
PSE51518,5/1/2024,2024,1,Political violence,Explosions/Remote violence,Air/drone strike,Military Forces of Israel (2022-),,8,Civilians (Palestine),,7,78,Civilian targeting,275,Middle East,Palestine,Gaza Strip,Gaza City,,Gaza,31.5045,34.4743,1,Arab 48; Palestine News and Information Agency; Quds News Network; Twitter,New media-National,"On 1 May 2024, Israeli warplanes struck a residential building at Al Jalaa Street in Gaza City (Gaza City, Gaza Strip), causing fatalities and injuries, with at least 3 bodies being later recovered from under the rubble. Fatalities coded as at least 3.",3,,1759790002
PSE51523,5/1/2024,2024,1,Political violence,Explosions/Remote violence,Shelling/artillery/missile attack,Military Forces of Israel (2022-),,8,Civilians (Palestine),,7,78,Civilian targeting,275,Middle East,Palestine,Gaza Strip,Khan Yunis,,Al Fukhari,31.2952,34.3332,2,Al-Ittihad; Arab 48; Ma'an News Agency; Newpress; Palestine News and Information Agency; Quds News Network; Twitter,New media-National,"On 1 May 2024, Israeli artillery shelled east of Al Fukhari (Khan Yunis, Gaza Strip), killing a woman and injuring several persons including a child.",1,,1753955132
PSE51522,5/1/2024,2024,1,Political violence,Explosions/Remote violence,Air/drone strike,Military Forces of Israel (2022-),,8,Civilians (Palestine),Refugees/IDPs (Palestine),7,78,Civilian targeting,275,Middle East,Palestine,Gaza Strip,Deir El Balah,,An Nusayrat,31.4486,34.3925,1,Al-Ittihad; Ma'an News Agency; Palestine News and Information Agency,National-Regional,"On 1 May 2024, Israeli warplanes struck a house in An Nusayrat refugee camp (Deir El Balah, Gaza Strip), killing 1 Palestinian and injuring another 5",1,,1753955132
PSE51524,5/1/2024,2024,1,Political violence,Explosions/Remote violence,Air/drone strike,Military Forces of Israel (2022-),,8,Civilians (Palestine),Refugees/IDPs (Palestine),7,78,Civilian targeting,275,Middle East,Palestine,Gaza Strip,North Gaza,,Jabalya Camp,31.536,34.4907,1,Al-Ittihad; Arab 48; Liveuamap; Palestine News and Information Agency; Quds News Network; Twitter,Local partner-New media,"On 1 May 2024, Israeli warplanes struck a house in al-Shuhdaa area of Mukhayyam Jabalya Camp (North Gaza, Gaza Strip). Casualties unknown.",0,,1753955132
PSE51535,5/1/2024,2024,1,Political violence,Explosions/Remote violence,Air/drone strike,Military Forces of Israel (2022-),,8,Civilians (Palestine),,7,78,Civilian targeting,275,Middle East,Palestine,Gaza Strip,Deir El Balah,,An Nusayrat - North,31.4591,34.3923,1,Quds News Network; Twitter,New media-National,"On 1 May 2024, Israeli warplanes carried out strikes north of An Nusayrat camp (An Nusayrat - North, Deir El Balah, Gaza Strip). Casualties unknown. Also, the artillery shelled the al-Mufti area north of the camp, leaving 9 injuries. Fatalities unknown. Unspecified fatalities coded as 3.",3,,1753955132
PSE51529,5/1/2024,2024,1,Political violence,Explosions/Remote violence,Air/drone strike,Military Forces of Israel (2022-),,8,Civilians (Palestine),,7,78,Civilian targeting,275,Middle East,Palestine,Gaza Strip,Gaza City,,Al Zahra,31.4716,34.4013,1,Arab 48; Liveuamap; Newpress; Palestine News and Information Agency; Quds News Network; Twitter,Local partner-New media,"On 1 May 2024, Israeli warplanes struck targets in Al Zahra (Gaza City, Gaza Strip), leaving 6 fatalities.",6,,1753955132
PSE51360,5/1/2024,2024,1,Political violence,Violence against civilians,Attack,Military Forces of Israel (2022-),,8,Civilians (Palestine),,7,78,Civilian targeting,275,Middle East,Palestine,Gaza Strip,Gaza City,,Al Mughraqa,31.4675,34.4097,2,Arab 48; Quds News Network; Twitter,New media-National,"On 1 May 2024, Israeli forces shot and killed a Palestinian while passing from Al Rasheed street near wadi Gaza, coded to Al Mughraqa (Gaza City, Gaza Strip).",1,,1753955132
PSE51517,5/1/2024,2024,1,Political violence,Explosions/Remote violence,Air/drone strike,Military Forces of Israel (2022-),,8,Civilians (Palestine),,7,78,Civilian targeting,275,Middle East,Palestine,Gaza Strip,Rafah,,Yibna,31.2842,34.2482,2,Arab 48; Ma'an News Agency; Palestine News and Information Agency; PLO Negotiations Affairs Department; Quds News Network; Twitter,Other-New media,"On 1 May 2024, Israeli warplanes carried out strikes east of Rafah, coded to Yibna (Rafah, Gaza Strip). Casualties unknown. Also, Israeli artillery and tanks shelled targets east of the city and killed a Palestinian woman. Fatalities coded as 1.",1,,1753955132
PSE51525,5/1/2024,2024,1,Political violence,Explosions/Remote violence,Air/drone strike,Military Forces of Israel (2022-),,8,Civilians (Palestine),,7,78,Civilian targeting,275,Middle East,Palestine,Gaza Strip,Gaza City,,Al Mughraqa,31.4675,34.4097,1,Arab 48; Newpress; Palestine News and Information Agency; Quds News Network; Twitter,New media-National,"On 1 May 2024, Israeli warplanes struck a house in Al Mughraqa (Gaza City, Gaza Strip). Casualties unknown.",0,,1753955132
PSE51519,5/1/2024,2024,1,Political violence,Explosions/Remote violence,Air/drone strike,Military Forces of Israel (2022-),,8,Civilians (Palestine),,7,78,Civilian targeting,275,Middle East,Palestine,Gaza Strip,Gaza City,,Gaza - Az Zaytun,31.4964,34.4522,1,Arab 48; Newpress; Palestine News and Information Agency; Quds News Network; Twitter,New media-National,"On 1 May 2024, Israeli warplanes carried out strikes in Gaza - Az Zaytun (Gaza City, Gaza Strip). Casualties unknown. Also, the Israeli artillery shelled a house in the same area, leaving 2 fatalities. Fatalities coded as 2.",2,,1759790002
PSE51546,5/2/2024,2024,1,Political violence,Explosions/Remote violence,Air/drone strike,Military Forces of Israel (2022-),,8,Civilians (Palestine),,7,78,Civilian targeting,275,Middle East,Palestine,Gaza Strip,Gaza City,,Gaza,31.5045,34.4743,1,Palestine News and Information Agency; Quds News Network; Twitter,New media-National,"On 2 May 2024, Israeli warplanes struck a group of Palestinians in Al Nafaq Street in Gaza City (Gaza City, Gaza Strip), killing 3 Palestinians and injuring others.",3,,1759790002
PSE51545,5/2/2024,2024,1,Political violence,Explosions/Remote violence,Air/drone strike,Military Forces of Israel (2022-),,8,Civilians (Palestine),Refugees/IDPs (Palestine),7,78,Civilian targeting,275,Middle East,Palestine,Gaza Strip,Deir El Balah,,Al Burayj,31.4394,34.4031,1,Newpress; Palestine News and Information Agency; Quds News Network; Twitter,New media-National,"On 2 May 2024, Israeli warplanes carried out airstrikes in Al Burayj refugee camp (Deir El Balah, Gaza Strip), killing 5 Palestinians, including a child.",5,,1753955132
PSE51548,5/2/2024,2024,1,Political violence,Explosions/Remote violence,Air/drone strike,Military Forces of Israel (2022-),,8,Civilians (Palestine),Refugees/IDPs (Palestine),7,78,Civilian targeting,275,Middle East,Palestine,Gaza Strip,Deir El Balah,,An Nusayrat,31.4486,34.3925,1,Palestine News and Information Agency,National,"On 2 May 2024, Israeli warplanes struck the northern and western areas of An Nusayrat refugee camp (Deir El Balah, Gaza Strip), killing 3 Palestinians.",3,,1753955132
PSE51565,5/2/2024,2024,1,Political violence,Explosions/Remote violence,Air/drone strike,Military Forces of Israel (2022-),,8,Civilians (Palestine),,7,78,Civilian targeting,275,Middle East,Palestine,Gaza Strip,Deir El Balah,,Al Burayj,31.4394,34.4031,2,Quds News Network; Twitter,New media-National,"On 2 May 2024, Israeli warplanes carried out airstrikes east of Al Burayj camp (Deir El Balah, Gaza Strip), killing 2 Palestinian brothers.",2,,1753955132
PSE51566,5/2/2024,2024,1,Political violence,Explosions/Remote violence,Shelling/artillery/missile attack,Military Forces of Israel (2022-),,8,Civilians (Palestine),Fishers (Palestine),7,78,Civilian targeting,275,Middle East,Palestine,Gaza Strip,Deir El Balah,,Coast of Deir al Balah,31.4323,34.3283,2,Quds News Network; Twitter,New media-National,"On 2 May 2024, Israeli gunboats opened fire toward Palestinian fishing boats off the Coast of Deir al Balah (Deir El Balah, Gaza Strip). Casualties unknown.",0,,1764045690
PSE51551,5/2/2024,2024,1,Political violence,Explosions/Remote violence,Air/drone strike,Military Forces of Israel (2022-),,8,Civilians (Palestine),,7,78,Civilian targeting,275,Middle East,Palestine,Gaza Strip,Gaza City,,Gaza - Shujaiyya,31.4988,34.4699,1,Palestine News and Information Agency; Palestinian Ministry of Health,Other-National,"On 2 May 2024, Israeli warplanes struck a house in Gaza - Shujaiyya (Gaza City, Gaza Strip) leading to unspecified number of fatalities. [Palestinian Ministry of Health reported 344654 fatalities upto 3 May 2024. 26 fatalities not attributed to specific events split across 8 events on 30 May. 3 fatalities coded to this event.]",3,,1759790002
PSE51552,5/2/2024,2024,1,Political violence,Explosions/Remote violence,Shelling/artillery/missile attack,Military Forces of Israel (2022-),,8,Civilians (Palestine),,7,78,Civilian targeting,275,Middle East,Palestine,Gaza Strip,Gaza City,,Gaza - Ash Shaykh Ijlin,31.5098,34.4274,1,Liveuamap; Palestine News and Information Agency,Local partner-New media,"On 2 May 2024, the Israeli artillery shelled houses and lands in Gaza - Ash Shaykh Ijlin (Gaza City, Gaza Strip). Casualties unknown.",0,,1753955132
PSE51542,5/2/2024,2024,1,Political violence,Explosions/Remote violence,Shelling/artillery/missile attack,Military Forces of Israel (2022-),,8,Civilians (Palestine),Refugees/IDPs (Palestine),7,78,Civilian targeting,275,Middle East,Palestine,Gaza Strip,Rafah,,Yibna,31.2842,34.2482,2,Palestine News and Information Agency; PLO Negotiations Affairs Department,Other-National,"On 2 May 2024, Israeli artillery and tanks shelled targets (including tents for displaced people and lands) east of Rafah, coded to Yibna (Rafah, Gaza Strip). Casualties unknown.",0,,1753955132
PSE51544,5/2/2024,2024,1,Political violence,Explosions/Remote violence,Air/drone strike,Military Forces of Israel (2022-),,8,Civilians (Palestine),,7,78,Civilian targeting,275,Middle East,Palestine,Gaza Strip,Gaza City,,Gaza - Az Zaytun,31.4964,34.4522,1,Newpress; Palestine News and Information Agency; Palestinian Ministry of Health; Quds News Network; Twitter,Other-New media,"On 2 May 2024, Israeli warplanes struck houses in Gaza - Az Zaytun (Gaza City, Gaza Strip), injuring 6 Palestinians in Hasan Al Banna area. Also, the artillery struck targets and houses in the same area leading to unspecified number of fatalities. [Palestinian Ministry of Health reported 344654 fatalities upto 3 May 2024. 26 fatalities not attributed to specific events split across 8 events on 30 May. 3 fatalities coded to this event.]",3,,1759790002
PSE51553,5/2/2024,2024,1,Political violence,Explosions/Remote violence,Shelling/artillery/missile attack,Military Forces of Israel (2022-),,8,Civilians (Palestine),,7,78,Civilian targeting,275,Middle East,Palestine,Gaza Strip,Gaza City,,Gaza - Tal el Hawa,31.5041,34.435,1,Palestine News and Information Agency,National,"On 2 May 2024, the Israeli artillery shelled houses and lands in Gaza - Tal el Hawa (Gaza City, Gaza Strip). Casualties unknown.",0,,1759790002
PSE51557,5/2/2024,2024,1,Political violence,Explosions/Remote violence,Shelling/artillery/missile attack,Military Forces of Israel (2022-),,8,Civilians (Palestine),,7,78,Civilian targeting,275,Middle East,Palestine,Gaza Strip,North Gaza,,Jabalya,31.5272,34.4835,2,Arab 48; Quds News Network; Twitter,New media-National,"On 2 May 2024, the Israeli artillery shelled the Al Salam neighborhood east of Jabalya town (North Gaza, Gaza Strip), killing 2 Palestinians.",2,,1759790002
PSE51547,5/2/2024,2024,1,Political violence,Explosions/Remote violence,Air/drone strike,Military Forces of Israel (2022-),,8,Civilians (Palestine),,7,78,Civilian targeting,275,Middle East,Palestine,Gaza Strip,Rafah,,As Salam,31.2678,34.2567,1,Arab 48; Liveuamap; Palestine News and Information Agency; Quds News Network; Twitter,Local partner-New media,"On 2 May 2024, Israeli warplanes struck 2 houses in As Salam (Rafah, Gaza Strip), killing 2 Palestinians.",2,,1753955132
PSE51463,5/2/2024,2024,1,Political violence,Violence against civilians,Attack,Military Forces of Israel (2022-),,8,Civilians (Palestine),Labor Group (Palestine),7,78,Civilian targeting,275,Middle East,Palestine,Gaza Strip,Gaza City,,Gaza - Az Zaytun,31.4964,34.4522,1,Arab 48; Newpress; Palestine News and Information Agency; Quds News Network; Twitter,New media-National,"On 2 May 2024, Israeli military forces opened fire toward an aid truck near the Kuwait roundabout in Gaza - Az Zaytun (Gaza City, Gaza Strip), killing 1 Palestinian driver and injuring a number of other Palestinians. This event involved violence over aid.",1,,1759790002
PSE51579,5/3/2024,2024,1,Political violence,Explosions/Remote violence,Air/drone strike,Military Forces of Israel (2022-),,8,Civilians (Palestine),Refugees/IDPs (Palestine),7,78,Civilian targeting,275,Middle East,Palestine,Gaza Strip,Deir El Balah,,Al Burayj,31.4394,34.4031,1,Liveuamap; Palestine News and Information Agency,Local partner-New media,"On 3 May 2024, Israeli warplanes struck targets in Al Burayj refugee camp (Deir El Balah, Gaza Strip), injuring 9 Palestinians.",0,,1753955132
PSE51590,5/3/2024,2024,1,Political violence,Explosions/Remote violence,Air/drone strike,Military Forces of Israel (2022-),,8,Civilians (Palestine),,7,78,Civilian targeting,275,Middle East,Palestine,Gaza Strip,Deir El Balah,,Al Musaddar,31.4105,34.378,2,Arab 48; Quds News Network; Twitter,New media-National,"On 3 May 2024, Israeli warplanes struck targets west of Deir al Balah, coded to Al Musaddar (Deir El Balah, Gaza Strip), leaving 1 fatality and several injuries.",1,,1765850627
PSE51593,5/3/2024,2024,1,Political violence,Explosions/Remote violence,Air/drone strike,Military Forces of Israel (2022-),,8,Civilians (Palestine),,7,78,Civilian targeting,275,Middle East,Palestine,Gaza Strip,Deir El Balah,,Deir al Balah,31.4178,34.3503,1,Arab 48,National,"On 3 May 2024, an Israeli UAV struck a group of Palestinians in Deir al Balah city (Deir El Balah, Gaza Strip), injuring one person.",0,,1753955132
PSE51578,5/3/2024,2024,1,Political violence,Explosions/Remote violence,Air/drone strike,Military Forces of Israel (2022-),,8,Civilians (Palestine),,7,78,Civilian targeting,275,Middle East,Palestine,Gaza Strip,Rafah,,Tal as Sultan,31.3098,34.2414,1,Palestine News and Information Agency; Quds News Network; Twitter,New media-National,"On 3 May 2024, Israeli warplanes struck a house in Tal as Sultan (Rafah, Gaza Strip), leaving a number of injuries.",0,,1762829569
PSE51585,5/3/2024,2024,1,Political violence,Explosions/Remote violence,Air/drone strike,Military Forces of Israel (2022-),,8,Civilians (Palestine),Refugees/IDPs (Palestine),7,78,Civilian targeting,275,Middle East,Palestine,Gaza Strip,Deir El Balah,,Al Maghazi,31.4214,34.3865,1,Arab 48; Newpress; Palestinian Ministry of Health; Twitter,Other-New media,"On 3 May 2024, Israeli warplanes struck a house in Al Maghazi refugee camp (Deir El Balah, Gaza Strip) leading to unspecified number of fatalities. [Palestinian Ministry of Health reported 344654 fatalities upto 3 May 2024. 26 fatalities not attributed to specific events split across 8 events on 30 May. 3 fatalities coded to this event.]",3,,1753955132
PSE51589,5/3/2024,2024,1,Political violence,Explosions/Remote violence,Air/drone strike,Military Forces of Israel (2022-),,8,Civilians (Palestine),,7,78,Civilian targeting,275,Middle East,Palestine,Gaza Strip,Rafah,,An Nasr,31.2814,34.3025,1,Arab 48; Palestinian Ministry of Health,Other-National,"On 3 May 2024, Israeli warplanes struck a house in An Nasr (Rafah, Gaza Strip) leading to unspecified number of fatalities. [Palestinian Ministry of Health reported 344654 fatalities upto 3 May 2024. 26 fatalities not attributed to specific events split across 8 events on 30 May. 3 fatalities coded to this event.]",3,,1753955132
PSE51603,5/3/2024,2024,1,Political violence,Explosions/Remote violence,Air/drone strike,Military Forces of Israel (2022-),,8,Civilians (Palestine),,7,78,Civilian targeting,275,Middle East,Palestine,Gaza Strip,North Gaza,,Jabalya Camp,31.536,34.4907,2,Palestinian Ministry of Health; Quds News Network; Twitter,Other-New media,"On 3 May 2024, Israeli warplanes struck a house north of Mukhayyam Jabalya Camp (North Gaza, Gaza Strip) leading to unspecified number of fatalities. [Palestinian Ministry of Health reported 344654 fatalities upto 3 May 2024. 26 fatalities not attributed to specific events split across 8 events on 30 May. 4 fatalities coded to this event.]",4,,1753955132
PSE51604,5/3/2024,2024,1,Political violence,Explosions/Remote violence,Air/drone strike,Military Forces of Israel (2022-),,8,Civilians (Palestine),Refugees/IDPs (Palestine),7,78,Civilian targeting,275,Middle East,Palestine,Gaza Strip,Gaza City,,Gaza - Ash Shati' Camp,31.5349,34.4466,1,Palestinian Ministry of Health; Quds News Network; Twitter,Other-New media,"On 3 May 2024, Israeli warplanes struck a house in Gaza - Ash Shati' Camp (Gaza city, Gaza Strip) leading to unspecified number of fatalities. [Palestinian Ministry of Health reported 344654 fatalities upto 3 May 2024. 26 fatalities not attributed to specific events split across 8 events on 30 May. 4 fatalities coded to this event.]",4,,1759790002
PSE51591,5/3/2024,2024,1,Political violence,Explosions/Remote violence,Air/drone strike,Military Forces of Israel (2022-),,8,Civilians (Palestine),,7,78,Civilian targeting,275,Middle East,Palestine,Gaza Strip,Gaza City,,Al Zahra,31.4716,34.4013,1,Arab 48; Palestinian Ministry of Health; Quds News Network; Twitter,Other-New media,"On 3 May 2024, Israeli warplanes struck a house in Al Zahra (Gaza City, Gaza Strip) leading to unspecified number of fatalities. [Palestinian Ministry of Health reported 344654 fatalities up to 3 May 2024. 26 fatalities not attributed to specific events split across 8 events on 30 May. 3 fatalities coded to this event.] On 28 January 2025, 14 bodies were recovered from under the rubble in Al Zahra. These fatalities were distributed across two separate events. 7 of the recovered fatalities were coded under this event. Total fatalities coded as 10.",10,,1753955132
PSE51586,5/3/2024,2024,1,Political violence,Explosions/Remote violence,Air/drone strike,Military Forces of Israel (2022-),,8,Civilians (Palestine),,7,78,Civilian targeting,275,Middle East,Palestine,Gaza Strip,North Gaza,,Jabalya,31.5272,34.4835,1,Arab 48,National,"On 3 May 2024, Israeli warplanes struck targets in Jabalya town (North Gaza, Gaza Strip), injuring 2 children.",0,,1759790002
PSE51588,5/3/2024,2024,1,Political violence,Explosions/Remote violence,Air/drone strike,Military Forces of Israel (2022-),,8,Civilians (Palestine),,7,78,Civilian targeting,275,Middle East,Palestine,Gaza Strip,Gaza City,,Gaza - Az Zaytun,31.4964,34.4522,1,Arab 48; Quds News Network; Twitter,New media-National,"On 3 May 2024, Israeli warplanes struck a group of Palestinians in Gaza - Az Zaytun (Gaza City, Gaza Strip), leaving injuries.",0,,1759790002
PSE51577,5/3/2024,2024,1,Political violence,Explosions/Remote violence,Air/drone strike,Military Forces of Israel (2022-),,8,Civilians (Palestine),,7,78,Civilian targeting,275,Middle East,Palestine,Gaza Strip,Rafah,,Rafah,31.287,34.2595,1,Ma'an News Agency; Palestine News and Information Agency; Quds News Network; Twitter,New media-National,"On 3 May 2024, Israeli warplanes struck a house in Al Zuhour neighborhood of Rafah city (Rafah, Gaza Strip), killing 7 Palestinians, including women and children, and injuring others.",7,,1762829569
PSE51601,5/3/2024,2024,1,Political violence,Explosions/Remote violence,Air/drone strike,Military Forces of Israel (2022-),,8,Civilians (Palestine),,7,78,Civilian targeting,275,Middle East,Palestine,Gaza Strip,Rafah,,Khirbet al Adas,31.2855,34.2714,2,Palestinian Ministry of Health; Quds News Network; Twitter,Other-New media,"On 3 May 2024, Israeli warplanes struck a house north of Rafah city, coded to Khirbet al Adas (Rafah, Gaza Strip) leading to unspecified number of fatalities. [Palestinian Ministry of Health reported 344654 fatalities upto 3 May 2024. 26 fatalities not attributed to specific events split across 8 events on 30 May. 3 fatalities coded to this event.]",3,,1753955132
PSE51616,5/4/2024,2024,1,Political violence,Explosions/Remote violence,Air/drone strike,Military Forces of Israel (2022-),,8,Civilians (Palestine),,7,78,Civilian targeting,275,Middle East,Palestine,Gaza Strip,Khan Yunis,,Al Farahin,31.3319,34.3602,1,Al-Ittihad; Palestine News and Information Agency; Quds News Network; Twitter,New media-National,"On 4 May 2024, Israeli warplanes struck a group of Palestinians in Al Farahin (Khan Yunis, Gaza Strip), leaving injuries.",0,,1753955132
PSE51617,5/4/2024,2024,1,Political violence,Explosions/Remote violence,Air/drone strike,Military Forces of Israel (2022-),,8,Civilians (Palestine),Muslim Group (Palestine),7,78,Civilian targeting,275,Middle East,Palestine,Gaza Strip,Khan Yunis,,Al Fukhari,31.2952,34.3332,1,Arab 48; Palestine News and Information Agency; Quds News Network; Twitter,New media-National,"On 4 May 2024, Israeli warplanes struck a mosque in Al Fukhari (Khan Yunis, Gaza Strip), leaving injuries.",0,,1753955132
PSE51618,5/4/2024,2024,1,Political violence,Explosions/Remote violence,Shelling/artillery/missile attack,Military Forces of Israel (2022-),,8,Civilians (Palestine),,7,78,Civilian targeting,275,Middle East,Palestine,Gaza Strip,Deir El Balah,,Al Maghazi,31.4214,34.3865,2,Newpress; Palestine News and Information Agency; Quds News Network; Twitter,New media-National,"On 4 May 2024, the Israeli artillery shelled east of Al Maghazi camp (Deir El Balah, Gaza Strip), injuring a Palestinian.",0,,1753955132
PSE51628,5/4/2024,2024,1,Political violence,Explosions/Remote violence,Air/drone strike,Military Forces of Israel (2022-),,8,Civilians (Palestine),,7,78,Civilian targeting,275,Middle East,Palestine,Gaza Strip,Gaza City,,Gaza - Sheikh Radwan,31.5349,34.4667,2,Palestine News and Information Agency; Quds News Network; Twitter,New media-National,"On 4 May 2024, Israeli warplanes struck a house in Al Saftawi area north of Gaza City, coded to Gaza - Sheikh Radwan (Gaza City, Gaza Strip), leaving at least 3 fatalities.",3,,1759790002
PSE51622,5/4/2024,2024,1,Political violence,Explosions/Remote violence,Air/drone strike,Military Forces of Israel (2022-),,8,Civilians (Palestine),,7,78,Civilian targeting,275,Middle East,Palestine,Gaza Strip,Deir El Balah,,An Nusayrat - North,31.4591,34.3923,1,Palestine News and Information Agency; Quds News Network; Twitter,New media-National,"On 4 May 2024, Israeli warplanes struck a house in Al Mufti area north of An Nusayrat camp (An Nusayrat - North, Deir El Balah, Gaza Strip), leaving a number of injuries. Also, the artillery struck targets in the same location (casualties unknown).",0,,1753955132
PSE51811,5/4/2024,2024,1,Political violence,Explosions/Remote violence,Air/drone strike,Military Forces of Israel (2022-),,8,Civilians (Palestine),,7,78,Civilian targeting,275,Middle East,Palestine,Gaza Strip,Gaza City,,Gaza - Sheikh Radwan,31.5349,34.4667,1,Palestine News and Information Agency,National,"On 4 May 2024, Israeli warplanes struck a house in Al Shanti area of Gaza - Sheikh Radwan (Gaza City, Gaza Strip). Casualties unknown.",0,,1759790002
PSE51632,5/4/2024,2024,1,Political violence,Explosions/Remote violence,Air/drone strike,Military Forces of Israel (2022-),,8,Civilians (Palestine),,7,78,Civilian targeting,275,Middle East,Palestine,Gaza Strip,Rafah,,Shokat as Sufi,31.2586,34.2824,1,Al-Ittihad; Newpress; Palestine News and Information Agency; Quds News Network; Twitter,New media-National,"On 4 May 2024, Israeli warplanes struck a house in Abu Halawah area of Shokat as Sufi (Rafah, Gaza Strip), killing 3 Palestinians including 2 children, and injuring a number of others.",3,,1753955132
PSE51627,5/4/2024,2024,1,Political violence,Explosions/Remote violence,Air/drone strike,Military Forces of Israel (2022-),,8,Civilians (Palestine),,7,78,Civilian targeting,275,Middle East,Palestine,Gaza Strip,Gaza City,,Gaza - Sabra,31.5086,34.4493,1,Quds News Network; Twitter,New media-National,"On 4 May 2024, an Israeli UAV struck a target in Gaza - Sabra (Gaza City, Gaza Strip), killing 2 Palestinian children.",2,,1759790002
PSE51623,5/4/2024,2024,1,Political violence,Explosions/Remote violence,Air/drone strike,Military Forces of Israel (2022-),,8,Civilians (Palestine),,7,78,Civilian targeting,275,Middle East,Palestine,Gaza Strip,Deir El Balah,,An Nusayrat - West,31.4525,34.3756,1,Newpress; Twitter,New media-National,"On 4 May 2024, Israeli warplanes struck a house west of An Nusayrat camp (An Nusayrat - West, Deir El Balah, Gaza Strip). Casualties unknown.",0,,1753955132
PSE51621,5/4/2024,2024,1,Political violence,Explosions/Remote violence,Air/drone strike,Military Forces of Israel (2022-),,8,Civilians (Palestine),,7,78,Civilian targeting,275,Middle East,Palestine,Gaza Strip,Deir El Balah,,An Nusayrat,31.4486,34.3925,2,Arab 48; Newpress; Palestine News and Information Agency; Quds News Network; Twitter,New media-National,"On 4 May 2024, Israeli warplanes struck a house east of An Nusayrat camp (Deir El Balah, Gaza Strip), leaving 2 fatalities and 5 injuries.",2,,1753955132
PSE51808,5/4/2024,2024,1,Political violence,Explosions/Remote violence,Air/drone strike,Military Forces of Israel (2022-),,8,Civilians (Palestine),,7,78,Civilian targeting,275,Middle East,Palestine,Gaza Strip,Gaza City,,Gaza - Ash Shaykh Ijlin,31.5098,34.4274,1,Palestine News and Information Agency,National,"On 4 May 2024, Israeli warplanes struck at least 2 houses in Gaza - Ash Shaykh Ijlin (Gaza City, Gaza Strip). Casualties unknown.",0,,1753955132
PSE51626,5/4/2024,2024,1,Political violence,Explosions/Remote violence,Shelling/artillery/missile attack,Military Forces of Israel (2022-),,8,Civilians (Palestine),,7,78,Civilian targeting,275,Middle East,Palestine,Gaza Strip,Gaza City,,Gaza - Az Zaytun,31.4964,34.4522,2,Arab 48; Palestine News and Information Agency; Quds News Network; Twitter,New media-National,"On 4 May 2024, Israeli artillery shelled the area of Wadi Al Arayes east of Gaza - Az Zaytun (Gaza City, Gaza Strip), killing a mother and her 2 kids and injuring the father.",3,,1759790002
PSE51809,5/4/2024,2024,1,Political violence,Explosions/Remote violence,Shelling/artillery/missile attack,Military Forces of Israel (2022-),,8,Civilians (Palestine),,7,78,Civilian targeting,275,Middle East,Palestine,Gaza Strip,Gaza City,,Gaza - Az Zaytun,31.4964,34.4522,1,Palestine News and Information Agency,National,"On 4 May 2024, Israeli artillery fired dozens of shells toward Gaza - Az Zaytun (Gaza City, Gaza Strip), injuring a number of Palestinians.",0,,1759790002
PSE51812,5/4/2024,2024,1,Political violence,Explosions/Remote violence,Air/drone strike,Military Forces of Israel (2022-),,8,Civilians (Palestine),,7,78,Civilian targeting,275,Middle East,Palestine,Gaza Strip,Gaza City,,Gaza - Tal el Hawa,31.5041,34.435,1,Palestine News and Information Agency,National,"On 4 May 2024, Israeli warplanes struck at least 2 houses in Gaza - Tal el Hawa (Gaza City, Gaza Strip). Casualties unknown.",0,,1759790002
PSE51630,5/4/2024,2024,1,Political violence,Explosions/Remote violence,Air/drone strike,Military Forces of Israel (2022-),,8,Civilians (Palestine),,7,78,Civilian targeting,275,Middle East,Palestine,Gaza Strip,Khan Yunis,,Qizan an Najjar,31.323,34.2761,2,Newpress; Palestine News and Information Agency; Quds News Network; Twitter,New media-National,"On 4 May 2024, Israeli warplanes struck and destroyed a residential building belonging to a Gaza-based journalist in Al Manarah area east of Qizan an Najjar (Khan Yunis, Gaza Strip). Casualties unknown.",0,,1753955132
PSE51624,5/4/2024,2024,1,Political violence,Explosions/Remote violence,Air/drone strike,Military Forces of Israel (2022-),,8,Civilians (Palestine),,7,78,Civilian targeting,275,Middle East,Palestine,Gaza Strip,Rafah,,As Salam,31.2678,34.2567,1,Palestine News and Information Agency; Quds News Network; Twitter,New media-National,"On 4 May 2024, Israeli warplanes struck 2 houses in As Salam (Rafah, Gaza Strip), leaving 3 injuries.",0,,1753955132
PSE51633,5/4/2024,2024,1,Political violence,Explosions/Remote violence,Air/drone strike,Military Forces of Israel (2022-),,8,Civilians (Palestine),,7,78,Civilian targeting,275,Middle East,Palestine,Gaza Strip,Rafah,,Al Junainah,31.2642,34.2636,1,Arab 48; Newpress; Palestine News and Information Agency; PLO Negotiations Affairs Department; Quds News Network; Twitter,Other-New media,"On 4 May 2024, Israeli warplanes struck a house in Al Junainah (Rafah, Gaza Strip), killing 3 Palestinians, including a child, and injuring others. Also, the artillery shelled targets east of the city. Casualties unknown. Fatalities coded at least 3.",3,,1753955132
PSE51635,5/5/2024,2024,1,Political violence,Explosions/Remote violence,Air/drone strike,Military Forces of Israel (2022-),,8,Civilians (Palestine),,7,78,Civilian targeting,275,Middle East,Palestine,Gaza Strip,Deir El Balah,,Al Maghazi,31.4214,34.3865,2,Ma'an News Agency; Palestine News and Information Agency; Quds News Network; Twitter,New media-National,"On 5 May 2024, Israeli warplanes opened fire east of Al Maghazi camp (Deir El Balah, Gaza Strip), leaving one fatality and a number of injuries.",1,,1753955132
PSE51638,5/5/2024,2024,1,Political violence,Explosions/Remote violence,Air/drone strike,Military Forces of Israel (2022-),,8,Police Forces of Palestine (2007-) Gaza Strip,Civilians (Palestine); Hamas Movement; Refugees/IDPs (Palestine); UNRWA: United Nations Relief and Works Agency,1,18,,275,Middle East,Palestine,Gaza Strip,Deir El Balah,,An Nusayrat,31.4486,34.3925,1,Al Ghad (Jordan); Arutz Sheva; Israeli Defense Forces; Newpress; Palestine News and Information Agency; Quds News Network; Twitter,Other-New media,"On 5 May 2024, Israeli warplanes struck a mobile room inside a UNRWA school in An Nusayrat refugee camp (Deir El Balah, Gaza Strip), leaving 6 fatalities and a number of injuries. The mobile room is used by Hamas police. And the IDF said that they targeted a Hamas command center inside the UNRWA site.",6,,1753955132
PSE51842,5/5/2024,2024,1,Political violence,Explosions/Remote violence,Air/drone strike,Military Forces of Israel (2022-),,8,Civilians (Palestine),,7,78,Civilian targeting,275,Middle East,Palestine,Gaza Strip,Deir El Balah,,An Nusayrat,31.4486,34.3925,2,Palestine News and Information Agency,National,"On 5 May 2024, Israeli warplanes struck targets and agricultural lands north of An Nusayrat camp (Deir El Balah, Gaza Strip), leaving one fatality and a number of injuries.",1,,1753955132
PSE51653,5/5/2024,2024,1,Political violence,Explosions/Remote violence,Air/drone strike,Military Forces of Israel (2022-),,8,Civilians (Palestine),,7,78,Civilian targeting,275,Middle East,Palestine,Gaza Strip,Rafah,,Tal as Sultan,31.3098,34.2414,2,Arab 48; Quds News Network; Twitter,New media-National,"On 5 May 2024, Israeli warplanes struck targets including a house west of Rafah, coded to Tal as Sultan (Rafah, Gaza Strip). Casualties unknown.",0,,1762829569
PSE51655,5/5/2024,2024,1,Political violence,Explosions/Remote violence,Air/drone strike,Military Forces of Israel (2022-),,8,Civilians (Palestine),Refugees/IDPs (Palestine),7,78,Civilian targeting,275,Middle East,Palestine,Gaza Strip,Rafah,,Yibna,31.2842,34.2482,1,Newpress; Palestine News and Information Agency; Quds News Network; Twitter,New media-National,"On 5 May 2024, Israeli warplanes struck a house in Yibna refugee camp (Rafah, Gaza Strip), leaving 6 fatalities (including 3 children and 3 women) and several injuries.",6,,1753955132
PSE51650,5/5/2024,2024,1,Political violence,Explosions/Remote violence,Air/drone strike,Military Forces of Israel (2022-),,8,Civilians (Palestine),,7,78,Civilian targeting,275,Middle East,Palestine,Gaza Strip,Gaza City,,Gaza - Tal el Hawa,31.5041,34.435,1,Ma'an News Agency; Newpress; Palestine News and Information Agency; Quds News Network; Twitter,New media-National,"On 5 May 2024, Israeli warplanes struck targets in Gaza - Tal el Hawa (Gaza City, Gaza Strip), leaving 5 fatalities and a number of injuries. Also, the artillery shelled targets in the same location. Casualties unknown. Fatalities coded at least 5.",5,,1759790002
PSE51849,5/5/2024,2024,1,Political violence,Explosions/Remote violence,Shelling/artillery/missile attack,Military Forces of Israel (2022-),,8,Civilians (Palestine),,7,78,Civilian targeting,275,Middle East,Palestine,Gaza Strip,Gaza City,,Gaza - Az Zaytun,31.4964,34.4522,1,Palestine News and Information Agency,National,"On 5 May 2024, the Israeli artillery shelled targets in Gaza - Az Zaytun (Gaza City, Gaza Strip), leaving one fatality and a number of injuries.",1,,1759790002
PSE51654,5/5/2024,2024,1,Political violence,Explosions/Remote violence,Air/drone strike,Military Forces of Israel (2022-),,8,Civilians (Palestine),,7,78,Civilian targeting,275,Middle East,Palestine,Gaza Strip,Rafah,,Al Junainah,31.2642,34.2636,1,Al Ghad (Jordan); Arab 48; Ma'an News Agency; Newpress; Palestine News and Information Agency; PLO Negotiations Affairs Department; Twitter,Other-New media,"On 5 May 2024, Israeli warplanes struck targets in Al Junainah (Rafah, Gaza Strip). Casualties unknown. Also, the artillery shelled targets east of the city. Casualties unknown. Meanwhile at least 6 Palestinians were killed in an airstrike that targeted a house at the George Street east of Rafah (coded to Yibna). Fatalities coded at least 6.",6,,1753955132
PSE51844,5/5/2024,2024,1,Political violence,Explosions/Remote violence,Air/drone strike,Military Forces of Israel (2022-),,8,Civilians (Palestine),Refugees/IDPs (Palestine),7,78,Civilian targeting,275,Middle East,Palestine,Gaza Strip,Rafah,,As Salam,31.2678,34.2567,1,Arab 48; Palestine News and Information Agency,National,"On 5 May 2024, Israeli warplanes struck a house in As Salam (Rafah, Gaza Strip), leaving 5 injuries. Also, 9 Palestinians were killed in an airstrike that targeted a house in the camp. Fatalities coded 9.",9,,1753955132
PSE51656,5/6/2024,2024,1,Political violence,Explosions/Remote violence,Air/drone strike,Military Forces of Israel (2022-),,8,Civilians (Palestine),Refugees/IDPs (Palestine),7,78,Civilian targeting,275,Middle East,Palestine,Gaza Strip,Deir El Balah,,Al Burayj,31.4394,34.4031,1,Newpress; Palestine News and Information Agency; Quds News Network; Twitter,New media-National,"On 6 May 2024, Israeli warplanes struck targets in Al Burayj refugee camp (Deir El Balah, Gaza Strip). Casualties unknown. Also, the Israeli artillery shelled targeted in the camp, killing 2 persons. Fatalities coded at least 2.",2,,1753955132
PSE51885,5/6/2024,2024,1,Political violence,Explosions/Remote violence,Shelling/artillery/missile attack,Military Forces of Israel (2022-),,8,Civilians (Palestine),,7,78,Civilian targeting,275,Middle East,Palestine,Gaza Strip,North Gaza,,Beit Lahiya,31.5541,34.5016,1,Palestine News and Information Agency,National,"On 6 May 2024, the Israeli artillery shelled houses in Beit Lahiya (North Gaza, Gaza Strip). Casualties unknown.",0,,1753955132
PSE51663,5/6/2024,2024,1,Political violence,Explosions/Remote violence,Air/drone strike,Military Forces of Israel (2022-),,8,Civilians (Palestine),,7,78,Civilian targeting,275,Middle East,Palestine,Gaza Strip,Deir El Balah,,An Nusayrat - North,31.4591,34.3923,1,Newpress; Palestine News and Information Agency; Quds News Network; Twitter,New media-National,"On 6 May 2024, Israeli warplanes carried out strikes and artillery shelled houses north of An Nusayrat (An Nusayrat - North, Deir El Balah, Gaza Strip). Also, the artillery struck targets in the same area. Casualties unknown.",0,,1753955132
PSE51672,5/6/2024,2024,1,Political violence,Explosions/Remote violence,Air/drone strike,Military Forces of Israel (2022-),,8,Civilians (Palestine),,7,78,Civilian targeting,275,Middle East,Palestine,Gaza Strip,Rafah,,Tal as Sultan,31.3098,34.2414,1,Newpress; Twitter,New media-National,"On 6 May 2024, Israeli warplanes struck a house in Tal as Sultan (Rafah, Gaza Strip). Casualties unknown.",0,,1762829569
PSE51666,5/6/2024,2024,1,Political violence,Explosions/Remote violence,Shelling/artillery/missile attack,Military Forces of Israel (2022-),,8,Civilians (Palestine),,7,78,Civilian targeting,275,Middle East,Palestine,Gaza Strip,Gaza City,,Gaza - Ash Shaykh Ijlin,31.5098,34.4274,1,Palestine News and Information Agency; Quds News Network; Twitter,New media-National,"On 6 May 2024, Israeli tanks opened fire toward houses in Gaza - Ash Shaykh Ijlin (Gaza City, Gaza Strip). Casualties unknown.",0,,1753955132
PSE51665,5/6/2024,2024,1,Political violence,Explosions/Remote violence,Shelling/artillery/missile attack,Military Forces of Israel (2022-),,8,Civilians (Palestine),,7,78,Civilian targeting,275,Middle East,Palestine,Gaza Strip,North Gaza,,Beit Hanoun,31.5405,34.5402,1,Palestine News and Information Agency; Quds News Network; Twitter,New media-National,"On 6 May 2024, the Israeli artillery shelled houses in Beit Hanoun (North Gaza, Gaza Strip), leaving injuries.",0,,1753955132
PSE51667,5/6/2024,2024,1,Political violence,Explosions/Remote violence,Air/drone strike,Military Forces of Israel (2022-),,8,Civilians (Palestine),Journalists (Palestine),7,78,Civilian targeting,275,Middle East,Palestine,Gaza Strip,Gaza City,,Gaza - Az Zaytun,31.4964,34.4522,1,Arab 48; Palestine News and Information Agency; Quds News Network; Twitter,New media-National,"On 6 May 2024, an Israeli UAV targeted and killed a Palestinian journalist in Gaza - Az Zaytun (Gaza City, Gaza Strip). Also, the artillery shelled targets in the same area. Casualties unknown. Fatalities coded at least 1.",1,,1759790002
PSE51674,5/6/2024,2024,1,Political violence,Explosions/Remote violence,Air/drone strike,Military Forces of Israel (2022-),,8,Civilians (Palestine),,7,78,Civilian targeting,275,Middle East,Palestine,Gaza Strip,Rafah,,Al Junainah,31.2642,34.2636,1,Al-Ittihad; Newpress; Palestine News and Information Agency; PLO Negotiations Affairs Department; Quds News Network; Twitter,Other-New media,"On 6 May 2024, Israeli warplanes struck targets (including houses) east of Rafah and in Al Junainh area (Rafah, Gaza Strip) leaving 4 fatalities from Al Junainah area, and several injuries. Also, the Israeli artillery shelled east of the city. Casualties unknown. Fatalities coded at least 4.",4,,1753955132
PSE51687,5/7/2024,2024,1,Political violence,Explosions/Remote violence,Air/drone strike,Military Forces of Israel (2022-),,8,Civilians (Palestine),,7,78,Civilian targeting,275,Middle East,Palestine,Gaza Strip,Deir El Balah,,Deir al Balah Camp,31.4249,34.34,2,Palestine News and Information Agency; PLO Negotiations Affairs Department; Quds News Network; Twitter,Other-New media,"On 7 May 2024, Israeli warplanes and UAVs struck east of Deir El Balah, coded to Deir al Balah Camp (Deir al Balah, Gaza Strip), injuring 2 Palestinians. Also, artillery and tanks shelled targets in the same area. Casualties unknown.",0,,1765850627
PSE51702,5/7/2024,2024,1,Political violence,Explosions/Remote violence,Air/drone strike,Military Forces of Israel (2022-),,8,Civilians (Palestine),,7,78,Civilian targeting,275,Middle East,Palestine,Gaza Strip,Rafah,,Shokat as Sufi,31.2586,34.2824,2,Arab 48; Newpress; Palestine News and Information Agency; Quds News Network; Twitter,New media-National,"On 7 May 2024, Israeli warplanes struck a house south of Rafah city, leaving a number of injuries. Also, warplanes opened fire and tanks shelled targets and buildings inside the Rafah Crossing and its nearby areas south of Shokat as Sufi (Rafah, Gaza Strip), injuring 10 Palestinians. One Palestinian was killed near Rafah Crossing (coded as Shokat as Sufi). Fatalities coded as 1.",1,,1753955132
PSE51693,5/7/2024,2024,1,Political violence,Explosions/Remote violence,Air/drone strike,Military Forces of Israel (2022-),,8,Civilians (Palestine),,7,78,Civilian targeting,275,Middle East,Palestine,Gaza Strip,Gaza City,,Gaza - Sabra,31.5086,34.4493,1,Palestine News and Information Agency; Quds News Network; Twitter,New media-National,"On 7 May 2024, Israeli warplanes struck a house in Gaza - Sabra (Gaza City, Gaza Strip), leaving 3 fatalities and a number of injuries. Also, the artillery shelled targets in the area. Casualties unknown. Fatalities coded at least 3.",3,,1759790002
PSE51705,5/7/2024,2024,1,Political violence,Explosions/Remote violence,Air/drone strike,Military Forces of Israel (2022-),,8,Civilians (Palestine),,7,78,Civilian targeting,275,Middle East,Palestine,Gaza Strip,Rafah,,Tal as Sultan,31.3098,34.2414,1,Newpress; Palestine News and Information Agency; Quds News Network; Twitter,New media-National,"On 7 May 2024, Israeli warplanes struck 2 houses in Tal as Sultan (Rafah, Gaza Strip), killing at least 4 Palestinians (including 2 women) and injuring at least 18 persons. Also, another 5 Palestinians including a child were killed in an airstrike that targeted a house in Tal as Sultan. Total fatalities coded at least 9.",9,,1762829569
PSE51695,5/7/2024,2024,1,Political violence,Explosions/Remote violence,Air/drone strike,Military Forces of Israel (2022-),,8,Civilians (Palestine),,7,78,Civilian targeting,275,Middle East,Palestine,Gaza Strip,Rafah,,Tal as Sultan,31.3098,34.2414,2,Palestine News and Information Agency; Quds News Network; Twitter,New media-National,"On 7 May 2024, Israeli warplanes struck a house west of Rafah city, coded to Tal as Sultan (Rafah, Gaza Strip), leaving 3 fatalities, including a child.",3,,1762829569
PSE51690,5/7/2024,2024,1,Political violence,Explosions/Remote violence,Air/drone strike,Military Forces of Israel (2022-),,8,Civilians (Palestine),Refugees/IDPs (Palestine),7,78,Civilian targeting,275,Middle East,Palestine,Gaza Strip,Gaza City,,Gaza - Ash Shati' Camp,31.5349,34.4466,1,Newpress; Palestine News and Information Agency; Quds News Network; Twitter,New media-National,"On 7 May 2024, Israeli warplanes struck a center hosting displaced people in Gaza - Ash Shati' Camp (Gaza City, Gaza Strip), leaving one fatality and a number of injuries.",1,,1759790002
PSE51680,5/7/2024,2024,1,Political violence,Explosions/Remote violence,Air/drone strike,Military Forces of Israel (2022-),,8,Civilians (Palestine),,7,78,Civilian targeting,275,Middle East,Palestine,Gaza Strip,Deir El Balah,,An Nusayrat - North,31.4591,34.3923,1,Palestine News and Information Agency; Quds News Network; Twitter,New media-National,"On 7 May 2024, Israeli warplanes struck targets north of An Nusayrat camp (An Nusayrat - North, Deir El Balah, Gaza Strip). Also, the Israeli artillery fired dozens of shells toward Palestinian houses north of the camp. Casualties unknown.",0,,1753955132
PSE51681,5/7/2024,2024,1,Political violence,Explosions/Remote violence,Air/drone strike,Military Forces of Israel (2022-),,8,Civilians (Palestine),Refugees/IDPs (Palestine),7,78,Civilian targeting,275,Middle East,Palestine,Gaza Strip,Deir El Balah,,An Nusayrat,31.4486,34.3925,1,Palestine News and Information Agency; Quds News Network; Twitter,New media-National,"On 7 May 2024, Israeli warplanes struck 2 houses in An Nusayrat refugee camp (Deir El Balah, Gaza Strip). Casualties unknown.",0,,1753955132
PSE51685,5/7/2024,2024,1,Political violence,Explosions/Remote violence,Air/drone strike,Military Forces of Israel (2022-),,8,Civilians (Palestine),,7,78,Civilian targeting,275,Middle East,Palestine,Gaza Strip,North Gaza,,Beit Lahiya,31.5541,34.5016,1,Palestine News and Information Agency; Quds News Network; Twitter,New media-National,"On 7 May 2024, Israeli warplanes struck targets including a house in Beit Lahiya (North Gaza, Gaza Strip). Casualties unknown.",0,,1753955132
PSE51706,5/7/2024,2024,1,Political violence,Explosions/Remote violence,Air/drone strike,Military Forces of Israel (2022-),,8,Civilians (Palestine),,7,78,Civilian targeting,275,Middle East,Palestine,Gaza Strip,Rafah,,Yibna,31.2842,34.2482,2,Arab 48; Newpress; Palestine News and Information Agency; PLO Negotiations Affairs Department; Quds News Network; Twitter,Other-New media,"On 7 May 2024, Israeli warplanes struck several targets including houses in the Al Tannour and Al Junainah neighborhoods east of Rafah, coded to Yibna (Rafah, Gaza Strip) killing 4 Palestinians. Also, the artillery shelled several locations and targets east of Rafah including Al Junainah neighborhood. Casualties unknown. Fatalities coded as at least 4.",4,,1753955132
PSE51689,5/7/2024,2024,1,Political violence,Explosions/Remote violence,Air/drone strike,Military Forces of Israel (2022-),,8,Civilians (Palestine),,7,78,Civilian targeting,275,Middle East,Palestine,Gaza Strip,Gaza City,,Gaza - Az Zaytun,31.4964,34.4522,1,Ma'an News Agency; Newpress; Palestine News and Information Agency; Quds News Network; Twitter,New media-National,"On 7 May 2024, an Israeli UAV struck a group of Palestinians near Street 8 in Gaza - Az Zaytun (Gaza City, Gaza Strip), killing one person and injuring others. Also, the artillery shelled targets and several houses in Gaza - Az Zaytun. Casualties unknown. Also, 7 Palestinians from the same family were killed and another 14 persons were injured in an airstrikes that targeted an apartment. Fatalities coded as at least 8.",8,,1759790002
PSE51694,5/7/2024,2024,1,Political violence,Explosions/Remote violence,Air/drone strike,Military Forces of Israel (2022-),,8,Civilians (Palestine),,7,78,Civilian targeting,275,Middle East,Palestine,Gaza Strip,Gaza City,,Gaza - Tal el Hawa,31.5041,34.435,1,Palestine News and Information Agency; Quds News Network; Twitter,New media-National,"On 7 May 2024, Israeli combat helicopters opened fire and warplanes struck a building in Gaza - Tal el Hawa (Gaza City, Gaza Strip). Also, the Israeli artillery shelled targets in the same location. Casualties unknown.",0,,1759790002
PSE51697,5/7/2024,2024,1,Political violence,Explosions/Remote violence,Air/drone strike,Military Forces of Israel (2022-),,8,Civilians (Palestine),Refugees/IDPs (Palestine),7,78,Civilian targeting,275,Middle East,Palestine,Gaza Strip,Rafah,,Rafah Camp,31.2847,34.2546,1,Palestine News and Information Agency; Quds News Network; Twitter,New media-National,"On 7 May 2024, an Israeli UAV struck a house in Al Shaboura camp of Mukhayyam Rafah Camp (Rafah, Gaza Strip. Casualties unknown.",0,,1753955132
PSE51698,5/7/2024,2024,1,Political violence,Explosions/Remote violence,Air/drone strike,Military Forces of Israel (2022-),,8,Civilians (Palestine),,7,78,Civilian targeting,275,Middle East,Palestine,Gaza Strip,Rafah,,Rafah Camp,31.2847,34.2546,2,Palestine News and Information Agency; Quds News Network; Twitter,New media-National,"On 7 May 2024, Israeli warplanes struck a passing motorcycle near Salah al-Din gate southeast of Mukhayyam Rafah Camp (Rafah, Gaza Strip), leaving 2 fatalities and a number of injuries.",2,,1753955132
PSE51699,5/7/2024,2024,1,Political violence,Explosions/Remote violence,Air/drone strike,Military Forces of Israel (2022-),,8,Civilians (Palestine),Refugees/IDPs (Palestine),7,78,Civilian targeting,275,Middle East,Palestine,Gaza Strip,Rafah,,Rafah,31.287,34.2595,1,Arab 48; Newpress; Palestine News and Information Agency; Quds News Network; Twitter,New media-National,"On 7 May 2024, Israeli warplanes struck several targets including Al Masri tower and Rafah Municipality in Rafah city (Rafah, Gaza Strip). Casualties unknown. Also, at least 9 Palestinians were killed and several others were injured in an airstrike that targeted a house and other targets in the city center. In addition, warplanes targeted the tents of displaced people in the city (casualties unknown). Fatalities coded at least 9.",9,,1762829569
PSE51683,5/7/2024,2024,1,Political violence,Explosions/Remote violence,Air/drone strike,Military Forces of Israel (2022-),,8,Civilians (Palestine),,7,78,Civilian targeting,275,Middle East,Palestine,Gaza Strip,Rafah,,As Salam,31.2678,34.2567,1,Arab 48; Newpress; Palestine News and Information Agency; Quds News Network; Twitter,New media-National,"On 7 May 2024, Israeli warplanes struck several targets including a house in As Salam neighborhood (Rafah, Gaza Strip), killing 4 children. Also, the Israeli artillery shelled targets in the same area. Casualties unknown. Fatalities coded as at least 4.",4,,1753955132
PSE51686,5/7/2024,2024,1,Political violence,Explosions/Remote violence,Air/drone strike,Military Forces of Israel (2022-),,8,Civilians (Palestine),Refugees/IDPs (Palestine),7,78,Civilian targeting,275,Middle East,Palestine,Gaza Strip,Rafah,,Brazil Camp,31.2718,34.2532,1,Arab 48; Ma'an News Agency; Newpress; Quds News Network; Twitter,New media-National,"On 7 May 2024, Israeli warplanes struck a house in Brazil Camp (Rafah, Gaza Strip), killing 2 Palestinians.",2,,1753955132
PSE51707,5/8/2024,2024,1,Political violence,Explosions/Remote violence,Air/drone strike,Military Forces of Israel (2022-),,8,Civilians (Palestine),,7,78,Civilian targeting,275,Middle East,Palestine,Gaza Strip,Khan Yunis,,Al Fukhari,31.2952,34.3332,1,Palestine News and Information Agency; Quds News Network; Twitter,New media-National,"On 8 May 2024, Israeli warplanes struck a house in Al Fukhari (Khan Yunis, Gaza Strip), injuring a number of Palestinians.",0,,1753955132
PSE51709,5/8/2024,2024,1,Political violence,Explosions/Remote violence,Air/drone strike,Military Forces of Israel (2022-),,8,Civilians (Palestine),Refugees/IDPs (Palestine),7,78,Civilian targeting,275,Middle East,Palestine,Gaza Strip,Deir El Balah,,An Nusayrat,31.4486,34.3925,1,Ma'an News Agency; Palestine News and Information Agency; Quds News Network; Twitter,New media-National,"On 8 May 2024, Israeli warplanes struck a house in An Nusayrat refugee camp (Deir El Balah, Gaza Strip), leaving at least one fatality.",1,,1753955132
PSE51716,5/8/2024,2024,1,Political violence,Explosions/Remote violence,Air/drone strike,Military Forces of Israel (2022-),,8,Civilians (Palestine),,7,78,Civilian targeting,275,Middle East,Palestine,Gaza Strip,Gaza City,,Gaza - Ad Darraj,31.5172,34.4642,1,Newpress; Quds News Network; Twitter,New media-National,"On 8 May 2024, Israeli warplanes struck a house in Gaza - Ad Darraj (Gaza City, Gaza Strip). Casualties unknown.",0,,1759790002
PSE51717,5/8/2024,2024,1,Political violence,Explosions/Remote violence,Air/drone strike,Military Forces of Israel (2022-),,8,Civilians (Palestine),,7,78,Civilian targeting,275,Middle East,Palestine,Gaza Strip,Gaza City,,Gaza - At Tuffah,31.5134,34.4751,1,Ma'an News Agency; Newpress; Palestine News and Information Agency; Quds News Network; Twitter,New media-National,"On 8 May 2024, Israeli warplanes struck a group of Palestinians near the Aybaki mosque in Gaza - At Tuffah (Gaza City, Gaza Strip), killing 13 persons and injuring others. Also, 10 Palestinians were killed in airstrike that targeted a dental clinic at Al Shawwa square in At Tuffah. Total fatalities coded 23.",23,,1759790002
PSE51722,5/8/2024,2024,1,Political violence,Explosions/Remote violence,Air/drone strike,Military Forces of Israel (2022-),,8,Civilians (Palestine),,7,78,Civilian targeting,275,Middle East,Palestine,Gaza Strip,Gaza City,,Gaza - Shujaiyya,31.4988,34.4699,1,Quds News Network; Twitter,New media-National,"On 8 May 2024, Israeli UAVs struck a target in Gaza - Shujaiyya (Gaza City, Gaza Strip), leaving a number of injuries.",0,,1759790002
PSE51727,5/8/2024,2024,1,Political violence,Explosions/Remote violence,Shelling/artillery/missile attack,Military Forces of Israel (2022-),,8,Civilians (Palestine),,7,78,Civilian targeting,275,Middle East,Palestine,Gaza Strip,Khan Yunis,,Khuzaa,31.3069,34.3572,1,Arab 48; Palestine News and Information Agency; Quds News Network; Twitter,New media-National,"On 8 May 2024, the Israeli artillery shelled Khuzaa town (Khan Yunis, Gaza Strip), killing 2 women.",2,,1753955132
PSE51947,5/8/2024,2024,1,Political violence,Explosions/Remote violence,Shelling/artillery/missile attack,Military Forces of Israel (2022-),,8,Civilians (Palestine),,7,78,Civilian targeting,275,Middle East,Palestine,Gaza Strip,Gaza City,,Gaza - Shujaiyya,31.4988,34.4699,2,Palestine News and Information Agency; PLO Negotiations Affairs Department,Other-National,"On 8 May 2024, Israeli artillery and tanks shelled targets east of Gaza City, coded to Gaza - Shujaiyya (Gaza City, Gaza Strip), leaving a number of injuries.",0,,1759790002
PSE51730,5/8/2024,2024,1,Political violence,Explosions/Remote violence,Air/drone strike,Military Forces of Israel (2022-),,8,Civilians (Palestine),,7,78,Civilian targeting,275,Middle East,Palestine,Gaza Strip,Rafah,,Shokat as Sufi,31.2586,34.2824,2,Palestine News and Information Agency; Quds News Network; Twitter,New media-National,"On 8 May 2024, Israeli warplanes struck several targets and sites near the eastern cemetery, on the outskirts of Rafah Crossing, and near Shokat as Sufi (Rafah, Gaza Strip). Casualties unknown. One Palestinian was killed on the outskirts of Shokat as Sufi. Fatalities coded at least 1.",1,,1753955132
PSE51949,5/8/2024,2024,1,Political violence,Explosions/Remote violence,Air/drone strike,Military Forces of Israel (2022-),,8,Civilians (Palestine),,7,78,Civilian targeting,275,Middle East,Palestine,Gaza Strip,Rafah,,Shokat as Sufi,31.2586,34.2824,1,Ma'an News Agency,National,"On 8 May 2024, Israeli warplanes carried out airstrikes while they shelled targets in Shokat as Sufi (Rafah, Gaza Strip). Casualties unknown.",0,,1753955132
PSE51721,5/8/2024,2024,1,Political violence,Explosions/Remote violence,Air/drone strike,Military Forces of Israel (2022-),,8,Civilians (Palestine),,7,78,Civilian targeting,275,Middle East,Palestine,Gaza Strip,Gaza City,,Gaza - Sabra,31.5086,34.4493,1,Newpress; Quds News Network; Twitter,New media-National,"On 8 May 2024, Israeli warplanes struck a house in Gaza - Sabra (Gaza City, Gaza Strip). Casualties unknown.",0,,1759790002
PSE51732,5/8/2024,2024,1,Political violence,Explosions/Remote violence,Air/drone strike,Military Forces of Israel (2022-),,8,Civilians (Palestine),,7,78,Civilian targeting,275,Middle East,Palestine,Gaza Strip,Rafah,,Tal as Sultan,31.3098,34.2414,1,Arab 48; Newpress; Quds News Network; Twitter,New media-National,"On 8 May 2024, Israeli warplanes struck a house in Tal as Sultan (Rafah, Gaza Strip), leaving at least 8 fatalities, including 3 children, and 16 injuries. Also, the artillery struck targets in the same area. Casualties unknown. Fatalities coded at least 8.",8,,1762829569
PSE51726,5/8/2024,2024,1,Political violence,Explosions/Remote violence,Air/drone strike,Military Forces of Israel (2022-),,8,Civilians (Palestine),,7,78,Civilian targeting,275,Middle East,Palestine,Gaza Strip,Rafah,,Tal as Sultan,31.3098,34.2414,2,Palestine News and Information Agency; Quds News Network; Twitter,New media-National,"On 8 May 2024, Israeli UAVs struck a group of Palestinians west of Rafah city, coded to Tal as Sultan (Rafah, Gaza Strip), killing one person and injuring others.",1,,1762829569
PSE51733,5/8/2024,2024,1,Political violence,Explosions/Remote violence,Air/drone strike,Military Forces of Israel (2022-),,8,Civilians (Palestine),,7,78,Civilian targeting,275,Middle East,Palestine,Gaza Strip,Rafah,,Yibna,31.2842,34.2482,2,Arab 48; Ma'an News Agency; Newpress; Palestine News and Information Agency; PLO Negotiations Affairs Department; Quds News Network; Twitter,Other-New media,"On 8 May 2024, Israeli warplanes carried out airstrikes east of Rafah and struck houses in Al Junainah, Tabbet Zarei and Al Tannour neighborhoods east of Rafah, coded to Yibna (Rafah, Gaza Strip). Casualties unknown. Also, the artillery shelled several locations and targets east of Rafah, leaving one fatality. Fatalities coded as at least one.",1,,1753955132
PSE51729,5/8/2024,2024,1,Political violence,Explosions/Remote violence,Shelling/artillery/missile attack,Military Forces of Israel (2022-),,8,Civilians (Palestine),,7,78,Civilian targeting,275,Middle East,Palestine,Gaza Strip,Rafah,,Rafah,31.287,34.2595,1,Arab 48; Ma'an News Agency; Palestine News and Information Agency; Quds News Network; Twitter,New media-National,"On 8 May 2024, Israeli artillery shelled residential towers and buildings in Rafah City (Rafah, Gaza Strip), killing a Palestinian and injuring 25 persons.",1,,1762829569
PSE51711,5/8/2024,2024,1,Political violence,Explosions/Remote violence,Air/drone strike,Military Forces of Israel (2022-),,8,Civilians (Palestine),,7,78,Civilian targeting,275,Middle East,Palestine,Gaza Strip,Rafah,,As Salam,31.2678,34.2567,2,Palestine News and Information Agency; Quds News Network; Twitter,New media-National,"On 8 May 2024, Israeli warplanes struck a group of Palestinians west of Rafah Crossing, coded to As Salam (Rafah, Gaza Strip), leaving 2 injuries. Also, the artillery shelled targets on the outskirts of Rafah Crossing and As Salam (casualties unknown). Casualties unknown.",0,,1753955132
PSE51714,5/8/2024,2024,1,Political violence,Explosions/Remote violence,Air/drone strike,Military Forces of Israel (2022-),,8,Civilians (Palestine),Refugees/IDPs (Palestine),7,78,Civilian targeting,275,Middle East,Palestine,Gaza Strip,Rafah,,Brazil Camp,31.2718,34.2532,1,Ma'an News Agency; Quds News Network; Twitter,New media-National,"On 8 May 2024, Israeli warplanes struck a house in Brazil Camp (Rafah, Gaza Strip). Casualties unknown. Also, the artillery shelled targets in the same area, killing one Palestinian. Fatalities coded as at least one.",1,,1753955132
PSE51734,5/9/2024,2024,1,Political violence,Explosions/Remote violence,Air/drone strike,Military Forces of Israel (2022-),,8,Civilians (Palestine),Refugees/IDPs (Palestine),7,78,Civilian targeting,275,Middle East,Palestine,Gaza Strip,Deir El Balah,,Al Burayj,31.4394,34.4031,1,Arab 48; Newpress; Twitter,New media-National,"On 9 May 2024, Israeli warplanes struck a house in Al Burayj refugee camp (Deir El Balah, Gaza Strip), leaving 3 fatalities and several injuries.",3,,1753955132
PSE51741,5/9/2024,2024,1,Political violence,Explosions/Remote violence,Air/drone strike,Military Forces of Israel (2022-),,8,Civilians (Palestine),,7,78,Civilian targeting,275,Middle East,Palestine,Gaza Strip,Deir El Balah,,Deir al Balah,31.4178,34.3503,1,Palestine News and Information Agency; Quds News Network; Twitter,New media-National,"On 9 May 2024, Israeli warplanes struck a house in Deir al Balah city (Deir El Balah, Gaza Strip), killing 2 Palestinians, a woman and her son.",2,,1753955132
PSE51749,5/9/2024,2024,1,Political violence,Explosions/Remote violence,Air/drone strike,Military Forces of Israel (2022-),,8,Civilians (Palestine),Labor Group (Palestine),7,78,Civilian targeting,275,Middle East,Palestine,Gaza Strip,Gaza City,,Gaza - Northern Remal,31.524,34.4505,1,Newpress; Palestine News and Information Agency; Twitter,New media-National,"On 9 May 2024, an Israeli UAV struck and killed a member of the Palestinian civil defense near the Palestine Stadium in Gaza - Northern Remal (Gaza City, Gaza Strip).",1,,1759790002
PSE51753,5/9/2024,2024,1,Political violence,Explosions/Remote violence,Shelling/artillery/missile attack,Military Forces of Israel (2022-),,8,Civilians (Palestine),Fishers (Palestine),7,78,Civilian targeting,275,Middle East,Palestine,Gaza Strip,Khan Yunis,,Khan Yunis Port,31.3691,34.2734,2,Palestine News and Information Agency; Quds News Network; Twitter,New media-National,"On 9 May 2024, Israeli gunboats opened fire toward the beach of Khan Yunis, coded to Khan Yunis Port (Khan Yunis, Gaza Strip), killing a Palestinian fisher.",1,,1753955132
PSE51750,5/9/2024,2024,1,Political violence,Explosions/Remote violence,Air/drone strike,Military Forces of Israel (2022-),,8,Civilians (Palestine),,7,78,Civilian targeting,275,Middle East,Palestine,Gaza Strip,Gaza City,,Gaza - Sabra,31.5086,34.4493,1,Palestine News and Information Agency; Quds News Network; Twitter,New media-National,"On 9 May 2024, Israeli warplanes opened fire and struck targets in Gaza - Sabra (Gaza City, Gaza Strip) leaving fatalities and injuries (unspecified number of fatalities). Also, the artillery struck targets in the same area. Casualties unknown. An unspecified number of fatalities coded as 3.",3,,1759790002
PSE51747,5/9/2024,2024,1,Political violence,Explosions/Remote violence,Air/drone strike,Military Forces of Israel (2022-),,8,Civilians (Palestine),,7,78,Civilian targeting,275,Middle East,Palestine,Gaza Strip,Gaza City,,Gaza - Nasr,31.534,34.4574,1,Arab 48; Newpress; Twitter,New media-National,"On 9 May 2024, Israeli warplanes struck a house in Gaza - Nasr (Gaza City, Gaza Strip). Casualties unknown.",0,,1753955132
PSE51746,5/9/2024,2024,1,Political violence,Explosions/Remote violence,Air/drone strike,Military Forces of Israel (2022-),,8,Civilians (Palestine),Refugees/IDPs (Palestine),7,78,Civilian targeting,275,Middle East,Palestine,Gaza Strip,Gaza City,,Gaza - Ash Shati' Camp,31.5349,34.4466,1,Arab 48; Quds News Network; Twitter,New media-National,"On 9 May 2024, Israeli warplanes struck a house near at Hamid Street in Gaza - Ash Shati' Camp (Gaza City, Gaza Strip), leaving a number of fatalities and injuries, including children. An unspecified number of fatalities coded as 3.",3,,1759790002
PSE51755,5/9/2024,2024,1,Political violence,Explosions/Remote violence,Air/drone strike,Military Forces of Israel (2022-),,8,Civilians (Palestine),Refugees/IDPs (Palestine),7,78,Civilian targeting,275,Middle East,Palestine,Gaza Strip,North Gaza,,Jabalya Camp,31.536,34.4907,1,Arab 48; Newpress; Palestine News and Information Agency; Quds News Network; Twitter,New media-National,"On 9 May 2024, Israeli warplanes carried out airstrikes and targeted a house in Mukhayyam Jabalya Camp (North Gaza, Gaza Strip), leaving 4 fatalities (including 3 children) and a number of injuries.",4,,1753955132
PSE51980,5/9/2024,2024,1,Political violence,Explosions/Remote violence,Air/drone strike,Military Forces of Israel (2022-),,8,Civilians (Palestine),,7,78,Civilian targeting,275,Middle East,Palestine,Gaza Strip,Gaza City,,Gaza - Ash Shaykh Ijlin,31.5098,34.4274,1,Palestine News and Information Agency,National,"On 9 May 2024, Israeli warplanes opened fire and struck targets in Gaza - Ash Shaykh Ijlin (Gaza City, Gaza Strip) leaving fatalities and injuries (unspecified number of fatalities coded as 3).",3,,1753955132
PSE51737,5/9/2024,2024,1,Political violence,Explosions/Remote violence,Shelling/artillery/missile attack,Military Forces of Israel (2022-),,8,Civilians (Palestine),,7,78,Civilian targeting,275,Middle East,Palestine,Gaza Strip,Gaza City,,Al Mughraqa,31.4675,34.4097,1,Newpress; Palestine News and Information Agency; Quds News Network; Twitter,New media-National,"On 9 May 2024, the Israeli artillery shelled a house in Al Mughraqa (Gaza City, Gaza Strip). Casualties unknown.",0,,1753955132
PSE51758,5/9/2024,2024,1,Political violence,Explosions/Remote violence,Air/drone strike,Military Forces of Israel (2022-),,8,Civilians (Palestine),,7,78,Civilian targeting,275,Middle East,Palestine,Gaza Strip,Rafah,,Yibna,31.2842,34.2482,2,Al Ghad (Jordan); Newpress; Palestine News and Information Agency; PLO Negotiations Affairs Department; Quds News Network; Twitter,Other-New media,"On 9 May 2024, Israeli warplanes struck targets east of Rafah including a house in Al Junainah area east of Rafah, coded to Yibna (Rafah, Gaza Strip), leaving at least 2 fatalities and 2 injuries. Also, the artillery and tanks shelled targets shelled east of the city. Casualties unknown. Also, an Israeli UAV struck a passing motorcycle at Salah al Din Road east of Rafah city, leaving at least one fatality and several injuries. Total fatalities coded as at least 3.",3,,1753955132
PSE51742,5/9/2024,2024,1,Political violence,Explosions/Remote violence,Air/drone strike,Military Forces of Israel (2022-),,8,Civilians (Palestine),,7,78,Civilian targeting,275,Middle East,Palestine,Gaza Strip,Gaza City,,Gaza - Az Zaytun,31.4964,34.4522,1,Palestine News and Information Agency; Quds News Network; Twitter,New media-National,"On 9 May 2024, Israeli warplanes and artillery struck targets and at least 10 houses in Gaza - Az Zaytun (Gaza City, Gaza Strip), killing dozens of Palestinians and leaving dozens of injuries and missing people (fatalities coded as 12).",12,,1759790002
PSE51743,5/9/2024,2024,1,Political violence,Explosions/Remote violence,Air/drone strike,Military Forces of Israel (2022-),,8,Civilians (Palestine),,7,78,Civilian targeting,275,Middle East,Palestine,Gaza Strip,Gaza City,,Gaza - Az Zaytun,31.4964,34.4522,2,Arab 48; Newpress; Palestine News and Information Agency; Quds News Network; Twitter,New media-National,"On 9 May 2024, Israeli warplanes struck a house and other targets south of Gaza City, coded to Gaza - Az Zaytun (Gaza City, Gaza Strip), killing at least 5 Palestinians, and leaving a number of injuries and 10 missing people.",5,,1759790002
PSE51983,5/9/2024,2024,1,Political violence,Explosions/Remote violence,Air/drone strike,Military Forces of Israel (2022-),,8,Civilians (Palestine),,7,78,Civilian targeting,275,Middle East,Palestine,Gaza Strip,Gaza City,,Gaza - Tal el Hawa,31.5041,34.435,1,Arab 48; Palestine News and Information Agency,National,"On 9 May 2024, Israeli warplanes opened fire and struck targets in Gaza - Tal el Hawa (Gaza City, Gaza Strip) leaving fatalities and injuries (unspecified number of fatalities coded as 3).",3,,1759790002
PSE51754,5/9/2024,2024,1,Political violence,Explosions/Remote violence,Air/drone strike,Military Forces of Israel (2022-),,8,Civilians (Palestine),,7,78,Civilian targeting,275,Middle East,Palestine,Gaza Strip,Rafah,,Khirbet al Adas,31.2855,34.2714,1,Palestine News and Information Agency; Quds News Network; Twitter,New media-National,"On 9 May 2024, Israeli warplanes struck a house in Khirbet al Adas (Rafah, Gaza Strip), leaving fatalities. An unspecified number of fatalities coded as 3.",3,,1753955132
PSE51756,5/9/2024,2024,1,Political violence,Explosions/Remote violence,Air/drone strike,Military Forces of Israel (2022-),,8,Civilians (Palestine),,7,78,Civilian targeting,275,Middle East,Palestine,Gaza Strip,Rafah,,Rafah,31.287,34.2595,1,Arab 48; Newpress; Palestine News and Information Agency; Twitter,New media-National,"On 9 May 2024, warplanes carried out airstrikes in Rafah city and the Israeli artillery shelled and destroyed the headquarters of Rafah municipality (Rafah, Gaza Strip), leaving 3 injuries.",0,local administrators,1762829569
PSE51740,5/9/2024,2024,1,Political violence,Explosions/Remote violence,Air/drone strike,Military Forces of Israel (2022-),,8,Civilians (Palestine),Muslim Group (Palestine); Refugees/IDPs (Palestine),7,78,Civilian targeting,275,Middle East,Palestine,Gaza Strip,Rafah,,Brazil Camp,31.2718,34.2532,1,Al Ghad (Jordan); Newpress; Palestine News and Information Agency; Quds News Network; Twitter,New media-National,"On 9 May 2024, Israeli warplanes struck a mosque in Brazil Camp (Rafah, Gaza Strip), killing 3 Palestinians and injuring others.",3,,1753955132
PSE51759,5/10/2024,2024,1,Political violence,Explosions/Remote violence,Air/drone strike,Military Forces of Israel (2022-),,8,Civilians (Palestine),,7,78,Civilian targeting,275,Middle East,Palestine,Gaza Strip,Khan Yunis,,Abasan al Kabirah,31.3191,34.3401,1,Al Ghad (Jordan); Quds News Network; Twitter,New media-National,"On 10 May 2024, Israeli warplanes struck a house in Abasan al Kabirah (Khan Yunis, Gaza Strip), leaving 8 fatalities.",8,,1753955132
PSE51762,5/10/2024,2024,1,Political violence,Explosions/Remote violence,Air/drone strike,Military Forces of Israel (2022-),,8,Civilians (Palestine),Refugees/IDPs (Palestine),7,78,Civilian targeting,275,Middle East,Palestine,Gaza Strip,Deir El Balah,,An Nusayrat,31.4486,34.3925,1,Palestine News and Information Agency; Quds News Network; Twitter,New media-National,"On 10 May 2024, Israeli warplanes struck warehouses and agricultural lands near Al Dawa Street in An Nusayrat refugee camp (Deir El Balah, Gaza Strip). Casualties unknown. Also, 8 Palestinians were killed in an airstrike that targeted a house in the new camp. Fatalities coded as at least 8.",8,,1753955132
PSE51765,5/10/2024,2024,1,Political violence,Explosions/Remote violence,Air/drone strike,Military Forces of Israel (2022-),,8,Civilians (Palestine),,7,78,Civilian targeting,275,Middle East,Palestine,Gaza Strip,Gaza City,,Gaza,31.5045,34.4743,1,Palestine News and Information Agency; Quds News Network; Twitter,New media-National,"On 10 May 2024, Israeli warplanes struck a house at Al Yarmouk Street in Gaza City (Gaza Strip), leaving at least 3 fatalities and 5 injuries. Also, 6 Palestinians were injured in an airstrike that targeted a house in Al Nafaq Street in the city. Fatalities coded at least 3.",3,,1759790002
PSE51771,5/10/2024,2024,1,Political violence,Explosions/Remote violence,Air/drone strike,Military Forces of Israel (2022-),,8,Civilians (Palestine),,7,78,Civilian targeting,275,Middle East,Palestine,Gaza Strip,Gaza City,,Gaza - Sabra,31.5086,34.4493,1,Ma'an News Agency; Newpress; Palestine News and Information Agency; Quds News Network; Twitter,New media-National,"On 10 May 2024, Israeli warplanes carried out airstrikes and targeted a house in Gaza - Sabra (Gaza City, Gaza Strip), leaving at least 2 fatalities.",2,,1759790002
PSE51766,5/10/2024,2024,1,Political violence,Explosions/Remote violence,Air/drone strike,Military Forces of Israel (2022-),,8,Civilians (Palestine),Health Workers (Palestine),7,78,Civilian targeting,275,Middle East,Palestine,Gaza Strip,Gaza City,,Gaza - Az Zaytun,31.4964,34.4522,1,Arab 48; Newpress; Palestine News and Information Agency; Twitter,New media-National,"On 10 May 2024, Israeli warplanes carried out airstrikes in Gaza - Az Zaytun (Gaza City, Gaza Strip). Casualties unknown. Also, the artillery shelled the Al Zaytun Medical Center, which belongs to the Palestinian Ministry of Health, causing a fire. At least 2 Palestinians were killed.",2,,1759790002
PSE51781,5/10/2024,2024,1,Political violence,Explosions/Remote violence,Air/drone strike,Military Forces of Israel (2022-),,8,Civilians (Palestine),,7,78,Civilian targeting,275,Middle East,Palestine,Gaza Strip,Rafah,,Khirbet al Adas,31.2855,34.2714,1,Newpress; Twitter,New media-National,"On 10 May 2024, Israeli warplanes struck a house in Khirbet al Adas (Rafah, Gaza Strip). Casualties unknown.",0,,1753955132
PSE51782,5/10/2024,2024,1,Political violence,Explosions/Remote violence,Air/drone strike,Military Forces of Israel (2022-),,8,Civilians (Palestine),,7,78,Civilian targeting,275,Middle East,Palestine,Gaza Strip,Khan Yunis,,Qizan an Najjar,31.323,34.2761,1,Arab 48; Quds News Network; Twitter,New media-National,"On 10 May 2024, Israeli warplanes struck a house in Qizan an Najjar (Khan Yunis, Gaza Strip). Casualties unknown.",0,,1753955132
PSE52213,5/11/2024,2024,1,Political violence,Explosions/Remote violence,Air/drone strike,Military Forces of Israel (2022-),,8,Civilians (Palestine),Refugees/IDPs (Palestine),7,78,Civilian targeting,275,Middle East,Palestine,Gaza Strip,Deir El Balah,,Al Maghazi,31.4214,34.3865,1,Quds News Network; Twitter,New media-National,"On 11 May 2024, Israeli warplanes struck a house in Al Maghazi refugee camp (Deir El Balah, Gaza Strip). Casualties unknown.",0,,1753955132
PSE52214,5/11/2024,2024,1,Political violence,Explosions/Remote violence,Air/drone strike,Military Forces of Israel (2022-),,8,Civilians (Palestine),Refugees/IDPs (Palestine),7,78,Civilian targeting,275,Middle East,Palestine,Gaza Strip,Deir El Balah,,Deir al Balah Camp,31.4249,34.34,1,Quds News Network; Twitter,New media-National,"On 11 May 2024, Israeli warplanes struck a house in Deir al Balah Camp (Deir El Balah, Gaza Strip), leaving 9 fatalities and a number of injuries, including a girl.",9,,1765850627
PSE52240,5/11/2024,2024,1,Political violence,Explosions/Remote violence,Air/drone strike,Military Forces of Israel (2022-),,8,Civilians (Palestine),,7,78,Civilian targeting,275,Middle East,Palestine,Gaza Strip,Deir El Balah,,Az Zawayda,31.4284,34.366,1,Ma'an News Agency; Newpress; Palestine News and Information Agency; Quds News Network; Twitter,New media-National,"On 11 May 2024, Israeli warplanes struck house in Az Zawayda (Deir El Balah, Gaza Strip), killing at least 26 Palestinians, including children, and injuring a number of others. Also, 3 Palestinians were killed in an airstrike that targeted a tent. Total fatalities coded at least 29.",29,,1767742780
PSE52260,5/11/2024,2024,1,Political violence,Explosions/Remote violence,Air/drone strike,Military Forces of Israel (2022-),,8,Civilians (Palestine),Refugees/IDPs (Palestine),7,78,Civilian targeting,275,Middle East,Palestine,Gaza Strip,Deir El Balah,,An Nusayrat,31.4486,34.3925,1,Arab 48,National,"On 11 May 2024, Israeli warplanes struck 2 houses in An Nusayrat refugee camp (Deir El Balah, Gaza Strip), leaving 4 fatalities and 3 injuries.",4,,1753955132
PSE52252,5/11/2024,2024,1,Political violence,Explosions/Remote violence,Air/drone strike,Military Forces of Israel (2022-),,8,Civilians (Palestine),,7,78,Civilian targeting,275,Middle East,Palestine,Gaza Strip,North Gaza,,Beit Lahiya,31.5541,34.5016,1,Newpress; Palestine News and Information Agency; Twitter,New media-National,"On 11 May 2024, Israeli warplanes struck houses and carried out belt of fire airstrikes in Beit Lahiya (North Gaza, Gaza Strip), injuring 4 Palestinians. Fatalities unknown.",0,,1753955132
PSE52239,5/11/2024,2024,1,Political violence,Explosions/Remote violence,Air/drone strike,Military Forces of Israel (2022-),,8,Civilians (Palestine),,7,78,Civilian targeting,275,Middle East,Palestine,Gaza Strip,Gaza City,,Gaza - Ad Darraj,31.5172,34.4642,2,Palestine News and Information Agency,National,"On 11 May 2024, Israeli warplanes struck a house in Gaza city center, coded to Gaza - Ad Darraj (Gaza City, Gaza Strip), leaving fatalities and injuries [unspecified number of fatalities coded as 3].",3,,1759790002
PSE52243,5/11/2024,2024,1,Political violence,Explosions/Remote violence,Air/drone strike,Military Forces of Israel (2022-),,8,Civilians (Palestine),,7,78,Civilian targeting,275,Middle East,Palestine,Gaza Strip,Gaza City,,Gaza - Sabra,31.5086,34.4493,1,Ma'an News Agency; Newpress; Palestine News and Information Agency; Quds News Network; Twitter,New media-National,"On 11 May 2024, Israeli airstrike targeted a house in Gaza - Sabra (Gaza City, Gaza Strip) left 10 Palestinians killed. Also, the Israeli artillery shelled targets and houses causing damage to houses [fatalities unknown]. Fatalities coded at least 10.",10,,1759790002
PSE52429,5/11/2024,2024,1,Political violence,Explosions/Remote violence,Shelling/artillery/missile attack,Military Forces of Israel (2022-),,8,Civilians (Palestine),Refugees/IDPs (Palestine),7,78,Civilian targeting,275,Middle East,Palestine,Gaza Strip,Rafah,,Al Mawasi (Rafah),31.3294,34.2299,1,Quds News Network; Twitter,New media-National,"On 11 May 2024, Israeli gunboats opened fire toward the tents of displaced people in (Al Mawasi (Rafah), Gaza Strip). Casualties unknown.",0,,1762829569
PSE52256,5/11/2024,2024,1,Political violence,Explosions/Remote violence,Air/drone strike,Military Forces of Israel (2022-),,8,Civilians (Palestine),,7,78,Civilian targeting,275,Middle East,Palestine,Gaza Strip,Rafah,,Tal as Sultan,31.3098,34.2414,2,Ma'an News Agency; Newpress; Palestine News and Information Agency; Twitter,New media-National,"On 11 May 2024, Israeli warplanes struck a house in Eribah area northwest of Rafah, coded to Tal as Sultan (Rafah, Gaza Strip), leaving at least 9 fatalities and a number of injuries.",9,,1762829569
PSE52212,5/11/2024,2024,1,Political violence,Explosions/Remote violence,Air/drone strike,Military Forces of Israel (2022-),,8,Civilians (Palestine),Health Workers (Palestine); Journalists (Palestine); Refugees/IDPs (Palestine),7,78,Civilian targeting,275,Middle East,Palestine,Gaza Strip,North Gaza,,Jabalya Camp,31.536,34.4907,1,Arab 48; Ma'an News Agency; Newpress; Palestine News and Information Agency; Quds News Network; Twitter,New media-National,"On 11 May 2024, Israeli warplanes struck a house in Mukhayyam Jabalya Camp (North Gaza, Gaza Strip), killing a Palestinian journalist along with his son and his wife. Also, more than 70 airstrikes targeted several sites and houses in the camp, leaving fatalities and injuries [unspecified number of fatalities coded as 10]. Also, the artillery shelled the same area [fatalities unknown]. Also a UAV opened fire toward ambulances. Total fatalities coded as 13 (unspecified 10, confirmed at least 3).",13,,1753955132
PSE52259,5/11/2024,2024,1,Political violence,Explosions/Remote violence,Air/drone strike,Military Forces of Israel (2022-),,8,Civilians (Palestine),,7,78,Civilian targeting,275,Middle East,Palestine,Gaza Strip,North Gaza,,Jabalya Camp,31.536,34.4907,2,Arab 48; Newpress; Palestine News and Information Agency; Twitter,New media-National,"On 11 May 2024, Israeli warplanes struck targets and houses east of Mukhayyam Jabalya Camp (North Gaza, Gaza Strip), leaving fatalities and injuries. Also, artillery shelled the same area [fatalities unknown]. Unspecified number of fatalities coded as 3.",3,,1753955132
PSE52250,5/11/2024,2024,1,Political violence,Explosions/Remote violence,Air/drone strike,Military Forces of Israel (2022-),,8,Civilians (Palestine),,7,78,Civilian targeting,275,Middle East,Palestine,Gaza Strip,North Gaza,,Beit Hanoun - Al-Sekka,31.5463,34.5332,2,Palestine News and Information Agency,National,"On 11 May 2024, Israeli warplanes struck a house and the Israeli artillery shelled targets in Al Sekka Street, coded to Beit Hanoun - Al-Sekka (North Gaza, Gaza Strip). Casualties unknown.",0,,1753955132
PSE52258,5/11/2024,2024,1,Political violence,Explosions/Remote violence,Air/drone strike,Military Forces of Israel (2022-),,8,Civilians (Palestine),,7,78,Civilian targeting,275,Middle East,Palestine,Gaza Strip,North Gaza,,Beit Hanoun,31.5405,34.5402,2,Arab 48; Ma'an News Agency; Newpress; Palestine News and Information Agency; Quds News Network; Twitter,New media-National,"On 11 May 2024, Israeli warplanes struck a group of people in Izbet Abd Rabou, coded to Beit Hanoun (North Gaza, Gaza Strip), leaving fatalities and injuries. At least 2 Palestinians were killed.",2,,1753955132
PSE52241,5/11/2024,2024,1,Political violence,Explosions/Remote violence,Air/drone strike,Military Forces of Israel (2022-),,8,Civilians (Palestine),,7,78,Civilian targeting,275,Middle East,Palestine,Gaza Strip,Gaza City,,Gaza - Az Zaytun,31.4964,34.4522,1,Newpress; Palestine News and Information Agency; Quds News Network; Twitter,New media-National,"On 11 May 2024, Israeli warplanes carried out airstrikes and helicopters opened fire in Gaza - Az Zaytun (Gaza City, Gaza Strip). Casualties unknown. Also, the Israeli artillery shelled targets in the same area, leaving at least 8 fatalities. Fatalities coded at least 8.",8,,1759790002
PSE52244,5/11/2024,2024,1,Political violence,Explosions/Remote violence,Air/drone strike,Military Forces of Israel (2022-),,8,Civilians (Palestine),,7,78,Civilian targeting,275,Middle East,Palestine,Gaza Strip,North Gaza,,Jabalya,31.5272,34.4835,1,Palestine News and Information Agency,National,"On 11 May 2024, Israeli warplanes struck dozens of houses in Jabalya town (North Gaza, Gaza Strip), leaving at least 7 fatalities and a number of injuries.",7,,1759790002
PSE52261,5/11/2024,2024,1,Political violence,Explosions/Remote violence,Air/drone strike,Military Forces of Israel (2022-),,8,Civilians (Palestine),,7,78,Civilian targeting,275,Middle East,Palestine,Gaza Strip,North Gaza,,Jabalya,31.5272,34.4835,2,Newpress; Twitter,New media-National,"On 11 May 2024, Israeli warplanes struck a number of houses and a tower east of Jabalya (North Gaza, Gaza Strip). Casualties unknown.",0,,1759790002
PSE52255,5/11/2024,2024,1,Political violence,Explosions/Remote violence,Air/drone strike,Military Forces of Israel (2022-),,8,Civilians (Palestine),,7,78,Civilian targeting,275,Middle East,Palestine,Gaza Strip,Rafah,,As Salam,31.2678,34.2567,1,Newpress; Palestine News and Information Agency; Quds News Network; Twitter,New media-National,"On 11 May 2024, Israeli warplanes struck a group of Palestinians in As Salam (Rafah, Gaza Strip), leaving 3 fatalities and a number of injuries.",3,,1753955132
PSE52257,5/11/2024,2024,1,Political violence,Explosions/Remote violence,Air/drone strike,Military Forces of Israel (2022-),,8,Civilians (Palestine),Refugees/IDPs (Palestine),7,78,Civilian targeting,275,Middle East,Palestine,Gaza Strip,Rafah,,Brazil Camp,31.2718,34.2532,1,Ma'an News Agency; Newpress; Palestine News and Information Agency; Quds News Network; Twitter,New media-National,"On 11 May 2024, Israeli warplanes struck targets, a passing car and a motorcycle in Brazil Camp (Rafah, Gaza Strip), leaving 3 fatalities.",3,,1753955132
PSE52126,5/12/2024,2024,1,Political violence,Explosions/Remote violence,Air/drone strike,Military Forces of Israel (2022-),,8,Civilians (Palestine),Health Workers (Palestine),7,78,Civilian targeting,275,Middle East,Palestine,Gaza Strip,Deir El Balah,,Deir al Balah,31.4178,34.3503,1,Palestine News and Information Agency,National,"On 12 May 2024, Israeli warplanes struck targets in Deir al Balah city (Deir El Balah, Gaza Strip), killing a doctor along with his son. Fatalities were 2.",2,,1753955132
PSE52207,5/12/2024,2024,1,Political violence,Explosions/Remote violence,Air/drone strike,Military Forces of Israel (2022-),,8,Civilians (Palestine),Health Workers (Palestine); Refugees/IDPs (Palestine),7,78,Civilian targeting,275,Middle East,Palestine,Gaza Strip,Deir El Balah,,Al Burayj,31.4394,34.4031,1,Palestine News and Information Agency,National,"On 12 May 2024, Israeli warplanes struck a clinic in Al Burayj refugee camp (Deir El Balah, Gaza Strip), injuring a number of Palestinians.",0,,1753955132
PSE52265,5/12/2024,2024,1,Political violence,Explosions/Remote violence,Air/drone strike,Military Forces of Israel (2022-),,8,Civilians (Palestine),,7,78,Civilian targeting,275,Middle East,Palestine,Gaza Strip,North Gaza,,Beit Lahiya,31.5541,34.5016,1,Palestine News and Information Agency; Quds News Network; Twitter,New media-National,"On 12 May 2024, Israeli warplanes carried out airstrikes in Beit Lahiya (North Gaza, Gaza Strip), leaving at least 12 fatalities and dozens of missing people under the rubble.",12,,1753955132
PSE52266,5/12/2024,2024,1,Political violence,Explosions/Remote violence,Air/drone strike,Military Forces of Israel (2022-),,8,Civilians (Palestine),,7,78,Civilian targeting,275,Middle East,Palestine,Gaza Strip,Rafah,,Shokat as Sufi,31.2586,34.2824,2,Palestine News and Information Agency,National,"On 12 May 2024, Israeli warplanes struck a group of people south of Rafah, coded to Shokat as Sufi (Rafah, Gaza Strip), leaving one fatality and 3 injuries.",1,,1753955132
PSE52215,5/12/2024,2024,1,Political violence,Explosions/Remote violence,Air/drone strike,Military Forces of Israel (2022-),,8,Civilians (Palestine),Health Workers (Palestine); Refugees/IDPs (Palestine),7,78,Civilian targeting,275,Middle East,Palestine,Gaza Strip,North Gaza,,Jabalya Camp,31.536,34.4907,1,Newpress; Palestine News and Information Agency; Quds News Network; Twitter,New media-National,"On 12 May 2024, Israeli warplanes carried out intense airstrikes in Mukhayyam Jabalya Camp (North Gaza, Gaza Strip). Also, UAVs opened fire towards areas of congregation of displaced people and ambulances. Fatalities unknown. Also, artillery shelled residential buildings. At least 2 Palestinians were killed.",2,,1753955132
PSE52262,5/12/2024,2024,1,Political violence,Explosions/Remote violence,Air/drone strike,Military Forces of Israel (2022-),,8,Civilians (Palestine),,7,78,Civilian targeting,275,Middle East,Palestine,Gaza Strip,Rafah,,Yibna,31.2842,34.2482,2,PLO Negotiations Affairs Department; Quds News Network; Twitter,Other-New media,"On 12 May 2024, Israeli warplanes struck targets east of Rafah, coded to Yibna (Rafah, Gaza Strip). Casualties unknown. Also, Israeli artillery and tanks shelled targets east of Rafah.",0,,1753955132
PSE52263,5/12/2024,2024,1,Political violence,Explosions/Remote violence,Air/drone strike,Military Forces of Israel (2022-),,8,Civilians (Palestine),,7,78,Civilian targeting,275,Middle East,Palestine,Gaza Strip,Gaza City,,Gaza - Az Zaytun,31.4964,34.4522,1,Newpress; Palestine News and Information Agency; Quds News Network; Twitter,New media-National,"On 12 May 2024, Israeli warplanes struck targets and houses and the helicopters opened fire in Gaza - Az Zaytun (Gaza City, Gaza Strip), leaving at least 1 fatality and a number of injuries. Also, 2 Palestinians were killed, and others were injured in a separate incident in the same area. Total fatalities were at least 3.",3,,1759790002
PSE52267,5/12/2024,2024,1,Political violence,Explosions/Remote violence,Air/drone strike,Military Forces of Israel (2022-),,8,Civilians (Palestine),,7,78,Civilian targeting,275,Middle East,Palestine,Gaza Strip,North Gaza,,Jabalya,31.5272,34.4835,1,Newpress; Quds News Network; Twitter,New media-National,"On 12 May 2024, Israeli warplanes struck targets and opened fire toward houses in Jabalya town (North Gaza, Gaza Strip), leaving at least 2 fatalities.",2,,1759790002
PSE52268,5/12/2024,2024,1,Political violence,Explosions/Remote violence,Air/drone strike,Military Forces of Israel (2022-),,8,Civilians (Palestine),Health Workers (Palestine); Refugees/IDPs (Palestine),7,78,Civilian targeting,275,Middle East,Palestine,Gaza Strip,Rafah,,Brazil Camp,31.2718,34.2532,1,Newpress; Twitter,New media-National,"On 12 May 2024, Israeli warplanes struck a house in Brazil Camp (Rafah, Gaza Strip) and UAVs opened fire on ambulances that arrived at the scene. Casualties unknown.",0,,1753955132
PSE52269,5/12/2024,2024,1,Political violence,Explosions/Remote violence,Air/drone strike,Military Forces of Israel (2022-),,8,Civilians (Palestine),,7,78,Civilian targeting,275,Middle East,Palestine,Gaza Strip,Rafah,,As Salam,31.2678,34.2567,1,Quds News Network; Twitter,New media-National,"On 12 May 2024, Israeli warplanes struck and killed 3 Palestinians in As Salam (Rafah, Gaza Strip).",3,,1753955132
PSE52497,5/12/2024,2024,1,Political violence,Explosions/Remote violence,Shelling/artillery/missile attack,Military Forces of Israel (2022-),,8,Civilians (Palestine),,7,78,Civilian targeting,275,Middle East,Palestine,Gaza Strip,Rafah,,Al Junainah,31.2642,34.2636,1,PLO Negotiations Affairs Department; Quds News Network; Twitter,Other-New media,"On 12 May 2024, Israeli artillery fire injured 2 Palestinians in Al Junainah east of Rafah (Rafah, Gaza Strip).",0,,1753955132
PSE52230,5/13/2024,2024,1,Political violence,Explosions/Remote violence,Air/drone strike,Military Forces of Israel (2022-),,8,Civilians (Palestine),UN: United Nations,7,78,Civilian targeting,275,Middle East,Palestine,Gaza Strip,Khan Yunis,,Al Fukhari,31.2952,34.3332,1,Ma'an News Agency; Twitter,New media-National,"On 13 May 2024, a UN staff member was killed near the European Hospital in Al Fukhari (Khan Yunis, Gaza Strip), likely by an Israeli airstrike. The IDF did not confirm firing at the car, stating it was hit in an 'active combat zone' and its route was unknown to them.",1,,1753955132
PSE52277,5/13/2024,2024,1,Political violence,Explosions/Remote violence,Air/drone strike,Military Forces of Israel (2022-),,8,Civilians (Palestine),,7,78,Civilian targeting,275,Middle East,Palestine,Gaza Strip,Gaza City,,Gaza - Shujaiyya,31.4988,34.4699,1,Palestine News and Information Agency; Quds News Network; Twitter,New media-National,"On 13 May 2024, Israeli warplanes struck a house in Gaza - Shujaiyya (Gaza City, Gaza Strip), killing a woman and injuring 10 persons.",1,,1759790002
PSE52278,5/13/2024,2024,1,Political violence,Explosions/Remote violence,Air/drone strike,Military Forces of Israel (2022-),,8,Civilians (Palestine),,7,78,Civilian targeting,275,Middle East,Palestine,Gaza Strip,Gaza City,,Gaza - Ad Darraj,31.5172,34.4642,1,Arab 48; Quds News Network; Twitter,New media-National,"On 13 May 2024, Israeli warplanes struck a house in Gaza - Ad Darraj (Gaza City, Gaza Strip), leaving 3 fatalities.",3,,1759790002
PSE52279,5/13/2024,2024,1,Political violence,Explosions/Remote violence,Air/drone strike,Military Forces of Israel (2022-),,8,Civilians (Palestine),,7,78,Civilian targeting,275,Middle East,Palestine,Gaza Strip,Gaza City,,Gaza - At Tuffah,31.5134,34.4751,1,Arab 48,National,"On 13 May 2024, Israeli warplanes struck 2 houses in Gaza - At Tuffah (Gaza City, Gaza Strip). Casualties unknown.",0,,1759790002
PSE52275,5/13/2024,2024,1,Political violence,Explosions/Remote violence,Air/drone strike,Military Forces of Israel (2022-),,8,Civilians (Palestine),,7,78,Civilian targeting,275,Middle East,Palestine,Gaza Strip,North Gaza,,Beit Lahiya,31.5541,34.5016,1,Palestine News and Information Agency; Quds News Network; Twitter,New media-National,"On 13 May 2024, Israeli warplanes struck a house in Beit Lahiya (North Gaza, Gaza Strip), leaving injuries and 2 fatalities.",2,,1753955132
PSE52276,5/13/2024,2024,1,Political violence,Explosions/Remote violence,Air/drone strike,Military Forces of Israel (2022-),,8,Civilians (Palestine),,7,78,Civilian targeting,275,Middle East,Palestine,Gaza Strip,Gaza City,,Gaza - Sabra,31.5086,34.4493,1,Palestine News and Information Agency,National,"On 13 May 2024, Israeli warplanes and artillery struck targets and houses in Gaza - Sabra (Gaza City, Gaza Strip), killing and injuring a number of Palestinians. Unspecified number of fatalities coded as 3.",3,,1759790002
PSE52216,5/13/2024,2024,1,Political violence,Explosions/Remote violence,Air/drone strike,Military Forces of Israel (2022-),,8,Civilians (Palestine),Refugees/IDPs (Palestine),7,78,Civilian targeting,275,Middle East,Palestine,Gaza Strip,North Gaza,,Jabalya Camp,31.536,34.4907,1,Newpress; Palestine News and Information Agency; Quds News Network; Twitter,New media-National,"On 13 May 2024, Israeli warplanes carried out intense airstrikes and targeted houses in Mukhayyam Jabalya Camp (North Gaza, Gaza Strip) and tanks opened fire on the camp, causing injuries and dozens of fatalities. At least 25 bodies were recovered from the camp. Fatalities coded as at least 25.",25,,1753955132
PSE52280,5/13/2024,2024,1,Political violence,Explosions/Remote violence,Air/drone strike,Military Forces of Israel (2022-),,8,Civilians (Palestine),,7,78,Civilian targeting,275,Middle East,Palestine,Gaza Strip,Gaza City,,Al Mughraqa,31.4675,34.4097,1,Arab 48; Quds News Network; Twitter,New media-National,"On 13 May 2024, Israeli warplanes struck targets in Al Mughraqa (Gaza City, Gaza Strip), leaving 2 fatalities.",2,,1753955132
PSE52273,5/13/2024,2024,1,Political violence,Explosions/Remote violence,Air/drone strike,Military Forces of Israel (2022-),,8,Civilians (Palestine),,7,78,Civilian targeting,275,Middle East,Palestine,Gaza Strip,Gaza City,,Gaza - Az Zaytun,31.4964,34.4522,1,Newpress; Palestine News and Information Agency; Quds News Network; Twitter,New media-National,"On 13 May 2024, Israeli warplanes struck targets and a house in Gaza - Az Zaytun (Gaza City, Gaza Strip), killing at least a woman and injuring 10 Palestinians. Also, tanks and artillery struck targets and houses, leaving fatalities and injures [unspecified number of fatalities coded as 3]. The total fatalities coded as 4 (1 confirmed, 3 unspecified).",4,,1759790002
PSE52274,5/13/2024,2024,1,Political violence,Explosions/Remote violence,Air/drone strike,Military Forces of Israel (2022-),,8,Civilians (Palestine),,7,78,Civilian targeting,275,Middle East,Palestine,Gaza Strip,North Gaza,,Jabalya,31.5272,34.4835,1,Newpress; Palestine News and Information Agency; Quds News Network; Twitter,New media-National,"On 13 May 2024, Israeli warplanes and artillery struck targets and houses in Jabalya town (North Gaza, Gaza Strip), leaving at least 20 fatalities.",20,,1759790002
PSE52238,5/13/2024,2024,1,Political violence,Explosions/Remote violence,Air/drone strike,Military Forces of Israel (2022-),,8,Civilians (Palestine),Civilians (International); WHO: World Health Organization,7,78,Civilian targeting,275,Middle East,Palestine,Gaza Strip,Rafah,,Al Junainah,31.2642,34.2636,2,Arab 48; Newpress; Palestine News and Information Agency; PLO Negotiations Affairs Department; Quds News Network; Twitter,Other-New media,"On 13 May 2024, Israeli warplanes struck targets and opened fire east of Rafah in Al Junainah and Al Tannour (Rafah, Gaza Strip). Casualties unknown. Also, the artillery and tanks shelled targets in the same area. Also, a Palestinian driver was killed and a WHO staff member was injured by an airstrike that targeted a passing car. Fatalities coded at least 1.",1,,1753955132
PSE52271,5/13/2024,2024,1,Political violence,Explosions/Remote violence,Air/drone strike,Military Forces of Israel (2022-),,8,Civilians (Palestine),Refugees/IDPs (Palestine),7,78,Civilian targeting,275,Middle East,Palestine,Gaza Strip,Rafah,,Brazil Camp,31.2718,34.2532,1,Palestine News and Information Agency; Quds News Network; Twitter,New media-National,"On 13 May 2024, Israeli warplanes struck a house in Brazil Camp (Rafah, Gaza Strip), leaving 4 fatalities and a number of injuries.",4,,1753955132
PSE52272,5/13/2024,2024,1,Political violence,Explosions/Remote violence,Air/drone strike,Military Forces of Israel (2022-),,8,Civilians (Palestine),,7,78,Civilian targeting,275,Middle East,Palestine,Gaza Strip,Rafah,,As Salam,31.2678,34.2567,1,Palestine News and Information Agency; Quds News Network; Twitter,New media-National,"On 13 May 2024, Israeli warplanes struck targets in As Salam (Rafah, Gaza Strip), leaving at least 10 fatalities. Also, the artillery shelled targets in the same area [casualties unknown.]. Fatalities coded at least 10.",10,,1753955132
PSE52218,5/14/2024,2024,1,Political violence,Explosions/Remote violence,Air/drone strike,Military Forces of Israel (2022-),,8,Civilians (Palestine),Refugees/IDPs (Palestine),7,78,Civilian targeting,275,Middle East,Palestine,Gaza Strip,Deir El Balah,,An Nusayrat,31.4486,34.3925,1,Palestine News and Information Agency; Quds News Network; Twitter,New media-National,"On 14 May 2024, Israeli warplanes struck a house in An Nusayrat refugee camp (Deir El Balah, Gaza Strip), leaving 2 fatalities and a number of injuries.",2,,1753955132
PSE52219,5/14/2024,2024,1,Political violence,Explosions/Remote violence,Air/drone strike,Military Forces of Israel (2022-),,8,Civilians (Palestine),Refugees/IDPs (Palestine),7,78,Civilian targeting,275,Middle East,Palestine,Gaza Strip,Deir El Balah,,Al Burayj,31.4394,34.4031,1,Palestine News and Information Agency,National,"On 14 May 2024, Israeli warplanes struck houses in Al Burayj refugee camp (Deir El Balah, Gaza Strip), leaving a number of injuries.",0,,1753955132
PSE52290,5/14/2024,2024,1,Political violence,Explosions/Remote violence,Air/drone strike,Military Forces of Israel (2022-),,8,Civilians (Palestine),,7,78,Civilian targeting,275,Middle East,Palestine,Gaza Strip,Gaza City,,Gaza - Sheikh Radwan,31.5349,34.4667,1,Arab 48; Quds News Network; Twitter,New media-National,"On 14 May 2024, Israeli warplanes struck a residential apartment in Gaza - Sheikh Radwan (Gaza City, Gaza Strip), leaving 4 fatalities and 9 injuries.",4,,1759790002
PSE52291,5/14/2024,2024,1,Political violence,Explosions/Remote violence,Air/drone strike,Military Forces of Israel (2022-),,8,Civilians (Palestine),,7,78,Civilian targeting,275,Middle East,Palestine,Gaza Strip,Gaza City,,Gaza - Sheikh Radwan,31.5349,34.4667,2,Arab 48,National,"On 14 May 2024, Israeli warplanes struck a target near Abu Iskander area north of Gaza City, coded to Gaza - Sheikh Radwan (Gaza City, Gaza Strip), leaving injuries.",0,,1759790002
PSE52297,5/14/2024,2024,1,Political violence,Explosions/Remote violence,Air/drone strike,Military Forces of Israel (2022-),,8,Civilians (Palestine),,7,78,Civilian targeting,275,Middle East,Palestine,Gaza Strip,Khan Yunis,,Khan Yunis,31.3502,34.3081,1,Quds News Network; Twitter,New media-National,"On 14 May 2024, Israeli warplanes struck a house in Khan Yunis (Khan Yunis, Gaza Strip). Casualties unknown.",0,,1753955132
PSE52299,5/14/2024,2024,1,Political violence,Explosions/Remote violence,Air/drone strike,Military Forces of Israel (2022-),,8,Civilians (Palestine),,7,78,Civilian targeting,275,Middle East,Palestine,Gaza Strip,Gaza City,,Gaza,31.5045,34.4743,1,Quds News Network; Twitter,New media-National,"On 14 May 2024, Israeli warplanes struck a house in Gaza City (Gaza City, Gaza Strip). Casualties unknown.",0,,1759790002
PSE52296,5/14/2024,2024,1,Political violence,Explosions/Remote violence,Air/drone strike,Military Forces of Israel (2022-),,8,Civilians (Palestine),,7,78,Civilian targeting,275,Middle East,Palestine,Gaza Strip,North Gaza,,Beit Lahiya - Al Mashroo,31.5433,34.4998,1,Newpress; Quds News Network; Twitter,New media-National,"On 14 May 2024, Israeli warplanes struck a residential building in Beit Lahiya - Al Mashroo (North Gaza, Gaza Strip), leaving fatalities [unspecified fatalities coded as 3].",3,,1753955132
PSE52281,5/14/2024,2024,1,Political violence,Explosions/Remote violence,Air/drone strike,Military Forces of Israel (2022-),,8,Civilians (Palestine),,7,78,Civilian targeting,275,Middle East,Palestine,Gaza Strip,Gaza City,,Gaza - Southern Remal,31.5168,34.4355,2,Palestine News and Information Agency,National,"On 14 May 2024, Israeli warplanes struck a house west of Gaza City, coded to Gaza - Southern Remal (Gaza City, Gaza Strip). Casualties unknown.",0,,1759790002
PSE52293,5/14/2024,2024,1,Political violence,Explosions/Remote violence,Air/drone strike,Military Forces of Israel (2022-),,8,Civilians (Palestine),,7,78,Civilian targeting,275,Middle East,Palestine,Gaza Strip,Gaza City,,Gaza - Southern Remal,31.5168,34.4355,1,Arab 48,National,"On 14 May 2024, Israeli warplanes struck a residential apartment in Gaza - Southern Remal (Gaza City, Gaza Strip). Casualties unknown.",0,,1759790002
PSE52217,5/14/2024,2024,1,Political violence,Explosions/Remote violence,Air/drone strike,Military Forces of Israel (2022-),,8,Civilians (Palestine),Refugees/IDPs (Palestine),7,78,Civilian targeting,275,Middle East,Palestine,Gaza Strip,North Gaza,,Jabalya Camp,31.536,34.4907,1,Liveuamap; Newpress; Palestine News and Information Agency; Quds News Network; Twitter,Local partner-New media,"On 14 May 2024, Israeli warplanes struck targets (including houses and buildings) during a ground operation in Mukhayyam Jabalya camp (North Gaza, Gaza Strip) amid artillery and tanks fire. An unspecified number of Palestinians was killed (coded as 3).",3,,1753955132
PSE52285,5/14/2024,2024,1,Political violence,Explosions/Remote violence,Air/drone strike,Military Forces of Israel (2022-),,8,Civilians (Palestine),Refugees/IDPs (Palestine),7,78,Civilian targeting,275,Middle East,Palestine,Gaza Strip,Rafah,,Yibna,31.2842,34.2482,1,Ma'an News Agency; Newpress; Twitter,New media-National,"On 14 May 2024, Israeli warplanes struck targets in Yibna camp (Rafah, Gaza Strip) amid tanks and artillery fire, killing a Palestinian and injuring another 3 persons.",1,,1753955132
PSE52282,5/14/2024,2024,1,Political violence,Explosions/Remote violence,Air/drone strike,Military Forces of Israel (2022-),,8,Civilians (Palestine),,7,78,Civilian targeting,275,Middle East,Palestine,Gaza Strip,North Gaza,,Jabalya - Tel-Zaatar,31.5367,34.5035,1,Palestine News and Information Agency,National,"On 14 May 2024, Israeli warplanes struck targets in Jabalya - Tel-Zaatar (North Gaza, Gaza Strip), killing an unspecified number of Palestinians (fatalities coded as 3).",3,,1759790002
PSE52283,5/14/2024,2024,1,Political violence,Explosions/Remote violence,Air/drone strike,Military Forces of Israel (2022-),,8,Civilians (Palestine),,7,78,Civilian targeting,275,Middle East,Palestine,Gaza Strip,Gaza City,,Gaza - Az Zaytun,31.4964,34.4522,1,Liveuamap; Ma'an News Agency; Palestine News and Information Agency; Quds News Network; Twitter,Local partner-New media,"On 14 May 2024, Israeli UAVs and artillery struck several targets in Gaza - Az Zaytun (Gaza City, Gaza Strip), leaving 3 fatalities and 9 injuries. Also, the artillery shelled several targets in the same area [casualties unknown]. Fatalities coded at least 3.",3,,1759790002
PSE52298,5/14/2024,2024,1,Political violence,Explosions/Remote violence,Air/drone strike,Military Forces of Israel (2022-),,8,Civilians (Palestine),,7,78,Civilian targeting,275,Middle East,Palestine,Gaza Strip,North Gaza,,Jabalya,31.5272,34.4835,1,Quds News Network; Twitter,New media-National,"On 14 May 2024, Israeli warplanes struck a house in Jabalya town (North Gaza, Gaza Strip). Casualties unknown.",0,,1759790002
PSE52294,5/14/2024,2024,1,Political violence,Explosions/Remote violence,Air/drone strike,Military Forces of Israel (2022-),,8,Civilians (Palestine),,7,78,Civilian targeting,275,Middle East,Palestine,Gaza Strip,Rafah,,Rafah,31.287,34.2595,1,Newpress; Twitter,New media-National,"On 14 May 2024, Israeli warplanes struck a group of people in central Rafah city (Rafah, Gaza Strip), leaving injuries.",0,,1762829569
PSE52284,5/14/2024,2024,1,Political violence,Explosions/Remote violence,Air/drone strike,Military Forces of Israel (2022-),,8,Civilians (Palestine),,7,78,Civilian targeting,275,Middle East,Palestine,Gaza Strip,Rafah,,Brazil Camp,31.2718,34.2532,2,Newpress; Palestine News and Information Agency; Quds News Network; Twitter,New media-National,"On 14 May 2024, Israeli warplanes struck a group of Palestinians at Salah al-Din gate southwest of Brazil camp (Rafah, Gaza Strip), leaving at least 2 fatalities and a number of injuries.",2,,1753955132
PSE52220,5/15/2024,2024,1,Political violence,Explosions/Remote violence,Air/drone strike,Military Forces of Israel (2022-),,8,Civilians (Palestine),Refugees/IDPs (Palestine),7,78,Civilian targeting,275,Middle East,Palestine,Gaza Strip,Deir El Balah,,Al Burayj,31.4394,34.4031,1,Al Ghad (Jordan); Newpress; Palestine News and Information Agency; Quds News Network; Twitter,New media-National,"On 15 May 2024, Israeli warplanes struck a house in Al Burayj camp (Deir El Balah, Gaza Strip), killing 5 Palestinians including a girl.",5,,1753955132
PSE52300,5/15/2024,2024,1,Political violence,Explosions/Remote violence,Air/drone strike,Military Forces of Israel (2022-),,8,Civilians (Palestine),,7,78,Civilian targeting,275,Middle East,Palestine,Gaza Strip,Gaza City,,Gaza,31.5045,34.4743,1,Palestine News and Information Agency,National,"On 15 May 2024, Israeli warplanes struck an apartment in Gaza City (Gaza City, Gaza Strip), killing a woman and her daughter. Also, Israeli forces targeted Palestinians gathered for internet access at Al-Jalaa and Al-Oyoun Streets in Gaza City. Several were killed, 3 bodies were taken to Hospital, and dozens were injured, including critical cases [Fatalities were at least 3]. Total fatalities were at least 5.",5,,1759790002
PSE52303,5/15/2024,2024,1,Political violence,Explosions/Remote violence,Air/drone strike,Military Forces of Israel (2022-),,8,Civilians (Palestine),,7,78,Civilian targeting,275,Middle East,Palestine,Gaza Strip,Deir El Balah,,An Nusayrat,31.4486,34.3925,2,Palestine News and Information Agency,National,"On 15 May 2024, Israeli warplanes struck a group of Palestinians northeast of An Nusayrat camp (Deir El Balah, Gaza Strip), leaving 2 fatalities and several injuries.",2,,1753955132
PSE52472,5/15/2024,2024,1,Political violence,Explosions/Remote violence,Shelling/artillery/missile attack,Military Forces of Israel (2022-),,8,Civilians (Palestine),Refugees/IDPs (Palestine),7,78,Civilian targeting,275,Middle East,Palestine,Gaza Strip,Deir El Balah,,An Nusayrat,31.4486,34.3925,1,Newpress; Palestine News and Information Agency; Quds News Network; Twitter,New media-National,"On 15 May 2024, Israeli artillery shelled An Nusayrat refugee camp (Deir El Balah, Gaza Strip), killing a woman and leaving 2 injuries.",1,,1753955132
PSE52305,5/15/2024,2024,1,Political violence,Explosions/Remote violence,Air/drone strike,Military Forces of Israel (2022-),,8,Civilians (Palestine),,7,78,Civilian targeting,275,Middle East,Palestine,Gaza Strip,North Gaza,,Beit Lahiya,31.5541,34.5016,1,Palestine News and Information Agency; Quds News Network; Twitter,New media-National,"On 15 May 2024, Israeli warplanes struck a residential complex in Beit Lahiya (North Gaza, Gaza Strip), leaving fatalities and injuries. Unspecified number of fatalities coded as 3. Also, the artillery struck targets in the same area [casualties unknown]. Fatalities coded as 3.",3,,1753955132
PSE52231,5/15/2024,2024,1,Political violence,Explosions/Remote violence,Air/drone strike,Military Forces of Israel (2022-),,8,Civilians (Palestine),Health Workers (Palestine); UNRWA: United Nations Relief and Works Agency,7,78,Civilian targeting,275,Middle East,Palestine,Gaza Strip,Gaza City,,Gaza - Sabra,31.5086,34.4493,1,Arab 48; Quds News Network; Twitter,New media-National,"On 15 May 2024, Israeli warplanes struck a UNRWA clinic in Gaza - Sabra (Gaza City, Gaza Strip), leaving 14 fatalities. Also, the artillery shelled the same area [casualties unknown]. Fatalities coded at least 14.",14,,1759790002
PSE52229,5/15/2024,2024,1,Political violence,Explosions/Remote violence,Air/drone strike,Military Forces of Israel (2022-),,8,Civilians (Palestine),Health Workers (Palestine); Journalists (Palestine); Refugees/IDPs (Palestine),7,78,Civilian targeting,275,Middle East,Palestine,Gaza Strip,North Gaza,,Jabalya Camp,31.536,34.4907,1,Newpress; Palestine News and Information Agency; Quds News Network; Twitter,New media-National,"On 15 May 2024, Israeli warplanes struck targets (including houses) during a ground operation in Mukhayyam Jabalya Camp (North Gaza, Gaza Strip) amid artillery and tanks fire. A number of displaced Palestinians and journalists were injured. Also, an Israeli UAV struck an ambulance in the camp, leaving fatalities [unspecified number of fatalities coded 3).",3,,1753955132
PSE52304,5/15/2024,2024,1,Political violence,Explosions/Remote violence,Air/drone strike,Military Forces of Israel (2022-),,8,Civilians (Palestine),,7,78,Civilian targeting,275,Middle East,Palestine,Gaza Strip,North Gaza,,Jabalya Camp,31.536,34.4907,2,Newpress; Palestine News and Information Agency; Quds News Network; Twitter,New media-National,"On 15 May 2024, Israeli warplanes struck a passing car in Al Falouja area west of Mukhayyam Jabalya Camp (North Gaza, Gaza Strip), leaving 3 fatalities.",3,,1753955132
PSE52465,5/15/2024,2024,1,Political violence,Explosions/Remote violence,Shelling/artillery/missile attack,Military Forces of Israel (2022-),,8,Civilians (Palestine),,7,78,Civilian targeting,275,Middle East,Palestine,Gaza Strip,Gaza City,,Al Zahra,31.4716,34.4013,2,Quds News Network; Twitter,New media-National,"On 15 May 2024, Israeli tanks opened fire west of Al Zahra (Gaza City, Gaza Strip), killing a Palestinian and injuring others.",1,,1753955132
PSE52302,5/15/2024,2024,1,Political violence,Explosions/Remote violence,Air/drone strike,Military Forces of Israel (2022-),,8,Civilians (Palestine),,7,78,Civilian targeting,275,Middle East,Palestine,Gaza Strip,Rafah,,Yibna,31.2842,34.2482,1,Palestine News and Information Agency; Quds News Network; Twitter,New media-National,"On 15 May 2024, Israeli warplanes struck targets (including a house) in Yibna (Rafah, Gaza Strip). Casualties unknown.",0,,1753955132
PSE52211,5/15/2024,2024,1,Political violence,Explosions/Remote violence,Air/drone strike,Military Forces of Israel (2022-),,8,Civilians (Palestine),Journalists (Palestine),7,78,Civilian targeting,275,Middle East,Palestine,Gaza Strip,North Gaza,,Jabalya,31.5272,34.4835,1,Al Ghad (Jordan); Newpress; Palestine News and Information Agency; Quds News Network; Twitter,New media-National,"On 15 May 2024, Israeli warplanes struck a group of Palestinians in Jabalya town (North Gaza, Gaza Strip), killing 4 Palestinians including children and a Palestinian journalist.",4,,1759790002
PSE52301,5/15/2024,2024,1,Political violence,Explosions/Remote violence,Air/drone strike,Military Forces of Israel (2022-),,8,Civilians (Palestine),,7,78,Civilian targeting,275,Middle East,Palestine,Gaza Strip,Gaza City,,Gaza - Az Zaytun,31.4964,34.4522,1,Liveuamap; Newpress; Palestine News and Information Agency; Quds News Network; Twitter,Local partner-New media,"On 15 May 2024, Israeli warplanes carried out airstrikes in Gaza - Az Zaytun (Gaza City, Gaza Strip). Casualties unknown. Also, the artillery shelled targets, killing a Palestinian and injuring his brother. Fatalities coded at least 1.",1,,1759790002
PSE52474,5/15/2024,2024,1,Political violence,Explosions/Remote violence,Shelling/artillery/missile attack,Military Forces of Israel (2022-),,8,Civilians (Palestine),,7,78,Civilian targeting,275,Middle East,Palestine,Gaza Strip,Gaza City,,Juhr ad Dik,31.4557,34.4372,1,Palestine News and Information Agency,National,"On 15 May 2024, the Israeli artillery shelled a group of Palestinians in Juhr ad Dik (Gaza City, Gaza Strip), leaving 3 fatalities.",3,,1753955132
PSE52309,5/15/2024,2024,1,Political violence,Explosions/Remote violence,Air/drone strike,Military Forces of Israel (2022-),,8,Civilians (Palestine),,7,78,Civilian targeting,275,Middle East,Palestine,Gaza Strip,Rafah,,Rafah,31.287,34.2595,1,Palestine News and Information Agency,National,"On 15 May 2024, Israeli warplanes struck and killed a Palestinian at al-Bshiti Street in Rafah city (Rafah, Gaza Strip).",1,,1762829569
PSE52310,5/15/2024,2024,1,Political violence,Explosions/Remote violence,Air/drone strike,Military Forces of Israel (2022-),,8,Civilians (Palestine),Refugees/IDPs (Palestine),7,78,Civilian targeting,275,Middle East,Palestine,Gaza Strip,Rafah,,Rafah Camp,31.2847,34.2546,1,Arab 48; Quds News Network; Twitter,New media-National,"On 15 May 2024, Israeli warplanes struck a house and the artillery shelled targets in Al Shaboura camp of Mukhayyam Rafah Camp (Rafah, Gaza Strip). Casualties unknown.",0,,1753955132
PSE52222,5/16/2024,2024,1,Political violence,Explosions/Remote violence,Air/drone strike,Military Forces of Israel (2022-),,8,Civilians (Palestine),Refugees/IDPs (Palestine),7,78,Civilian targeting,275,Middle East,Palestine,Gaza Strip,Deir El Balah,,An Nusayrat,31.4486,34.3925,1,Arab 48; Newpress; Quds News Network; Twitter,New media-National,"On 16 May 2024, Israeli warplanes struck a school in An Nusayrat refugee camp (Deir El Balah, Gaza Strip), leaving 4 fatalities.",4,,1753955132
PSE52312,5/16/2024,2024,1,Political violence,Explosions/Remote violence,Air/drone strike,Military Forces of Israel (2022-),,8,Civilians (Palestine),,7,78,Civilian targeting,275,Middle East,Palestine,Gaza Strip,Gaza City,,Gaza,31.5045,34.4743,1,Arab 48; Palestine News and Information Agency; Quds News Network; Twitter,New media-National,"On 16 May 2024, Israeli warplanes (including UAVs) struck targets and houses and opened fire in Abu Iskandar and al-Sahaba street of Gaza City (Gaza City, Gaza Strip), leaving at least 30 fatalities.",30,,1759790002
PSE52315,5/16/2024,2024,1,Political violence,Explosions/Remote violence,Air/drone strike,Military Forces of Israel (2022-),,8,Civilians (Palestine),,7,78,Civilian targeting,275,Middle East,Palestine,Gaza Strip,Rafah,,An Nasr,31.2814,34.3025,1,Palestine News and Information Agency; Quds News Network; Twitter,New media-National,"On 16 May 2024, Israeli warplanes struck houses in An Nasr town (Rafah, Gaza Strip). Casualties unknown.",0,,1753955132
PSE52320,5/16/2024,2024,1,Political violence,Explosions/Remote violence,Air/drone strike,Military Forces of Israel (2022-),,8,Civilians (Palestine),,7,78,Civilian targeting,275,Middle East,Palestine,Gaza Strip,Gaza City,,Gaza - Ad Darraj,31.5172,34.4642,1,Arab 48; Quds News Network; Twitter,New media-National,"On 16 May 2024, Israeli warplanes struck a building in Gaza - Ad Darraj (Gaza City, Gaza Strip), leaving at least 3 fatalities.",3,,1759790002
PSE52323,5/16/2024,2024,1,Political violence,Explosions/Remote violence,Air/drone strike,Military Forces of Israel (2022-),,8,Civilians (Palestine),,7,78,Civilian targeting,275,Middle East,Palestine,Gaza Strip,Deir El Balah,,An Nusayrat - North,31.4591,34.3923,1,Arab 48; Quds News Network; Twitter,New media-National,"On 16 May 2024, Israeli warplanes struck a house in An Nusayrat - North (Deir El Balah, Gaza Strip). Casualties unknown. Also, the artillery shelled the same area. Casualties unknown.",0,,1753955132
PSE52325,5/16/2024,2024,1,Political violence,Explosions/Remote violence,Air/drone strike,Military Forces of Israel (2022-),,8,Civilians (Palestine),,7,78,Civilian targeting,275,Middle East,Palestine,Gaza Strip,Khan Yunis,,Al Fukhari,31.2952,34.3332,1,Palestine News and Information Agency; Quds News Network; Twitter,New media-National,"On 16 May 2024, Israeli warplanes struck a house near the European hospital in Al Fukhari (Khan Yunis, Gaza Strip), leaving 9 fatalities.",9,,1753955132
PSE52221,5/16/2024,2024,1,Political violence,Explosions/Remote violence,Air/drone strike,Military Forces of Israel (2022-),,8,Civilians (Palestine),Refugees/IDPs (Palestine),7,78,Civilian targeting,275,Middle East,Palestine,Gaza Strip,North Gaza,,Jabalya Camp,31.536,34.4907,1,Newpress; Palestine News and Information Agency; Quds News Network; Twitter,New media-National,"On 16 May 2024, Israeli warplanes and tanks struck targets (including houses) during their ground operation in Mukhayyam Jabalya camp (North Gaza, Gaza Strip), leaving fatalities [unspecified number of fatalities coded 10). Also, a UAV struck a kindergarten, causing injuries. In addition, 4 Palestinians (including a woman) were killed and several persons were injured in an airstrike targeted a house in Al Falouja area of the camp. Total fatalities coded as 14 (10 unspecified, 4 confirmed).",14,,1753955132
PSE52313,5/16/2024,2024,1,Political violence,Explosions/Remote violence,Air/drone strike,Military Forces of Israel (2022-),,8,Civilians (Palestine),,7,78,Civilian targeting,275,Middle East,Palestine,Gaza Strip,Rafah,,Shokat as Sufi,31.2586,34.2824,2,Palestine News and Information Agency,National,"On 16 May 2024, Israeli warplanes struck a house south of Rafah city, coded to Shokat as Sufi (Rafah, Gaza Strip), leaving 4 fatalities and a number of injuries.",4,,1753955132
PSE52223,5/16/2024,2024,1,Political violence,Explosions/Remote violence,Air/drone strike,Military Forces of Israel (2022-),,8,Civilians (Palestine),Refugees/IDPs (Palestine),7,78,Civilian targeting,275,Middle East,Palestine,Gaza Strip,Gaza City,,Gaza - Ash Shati' Camp,31.5349,34.4466,1,Newpress; Palestine News and Information Agency; Quds News Network; Twitter,New media-National,"On 16 May 2024, Israeli warplanes struck a house in Gaza - Ash Shati' Camp (Gaza City, Gaza Strip), leaving 3 fatalities.",3,,1759790002
PSE52374,5/16/2024,2024,1,Political violence,Violence against civilians,Attack,Military Forces of Israel (2022-),,8,Civilians (Palestine),,7,78,Civilian targeting,275,Middle East,Palestine,Gaza Strip,Gaza City,,Gaza - Nezarim,31.484,34.4056,2,Arab 48; Quds News Network; Twitter,New media-National,"On 16 May 2024, Israeli forces opened fire and killed a Palestinian near the checkpoint of Gaza - Nezarim (Gaza City, Gaza Strip).",1,,1753955132
PSE52324,5/16/2024,2024,1,Political violence,Explosions/Remote violence,Air/drone strike,Military Forces of Israel (2022-),,8,Civilians (Palestine),,7,78,Civilian targeting,275,Middle East,Palestine,Gaza Strip,North Gaza,,Jabalya - Tel-Zaatar,31.5367,34.5035,1,Newpress; Twitter,New media-National,"On 16 May 2024, Israeli warplanes struck a house in Jabalya - Tel-Zaatar (North Gaza, Gaza Strip). Casualties unknown.",0,,1759790002
PSE52475,5/16/2024,2024,1,Political violence,Explosions/Remote violence,Shelling/artillery/missile attack,Military Forces of Israel (2022-),,8,Civilians (Palestine),,7,78,Civilian targeting,275,Middle East,Palestine,Gaza Strip,North Gaza,,Jabalya,31.5272,34.4835,2,Quds News Network; Twitter,New media-National,"On 16 May 2024, Israeli artillery shelled a house near Al Qerm roundabout east of Jabalya town (North Gaza, Gaza Strip), leaving 3 fatalities.",3,,1759790002
PSE52314,5/16/2024,2024,1,Political violence,Explosions/Remote violence,Air/drone strike,Military Forces of Israel (2022-),,8,Civilians (Palestine),,7,78,Civilian targeting,275,Middle East,Palestine,Gaza Strip,Rafah,,Rafah,31.287,34.2595,1,Palestine News and Information Agency; Quds News Network; Twitter,New media-National,"On 16 May 2024, Israeli warplanes struck a target near Al Awda roundabout in Rafah city (Rafah, Gaza Strip), leaving 1 fatality and a number of injuries.",1,,1762829569
PSE52319,5/16/2024,2024,1,Political violence,Explosions/Remote violence,Air/drone strike,Military Forces of Israel (2022-),,8,Civilians (Palestine),Refugees/IDPs (Palestine),7,78,Civilian targeting,275,Middle East,Palestine,Gaza Strip,Rafah,,Brazil Camp,31.2718,34.2532,1,Palestine News and Information Agency; Quds News Network; Twitter,New media-National,"On 16 May 2024, Israeli warplanes struck houses in Brazil Camp (Rafah, Gaza Strip). Casualties unknown. Also, the artillery shelled targets in the same area. Casualties unknown.",0,,1753955132
PSE52226,5/17/2024,2024,1,Political violence,Explosions/Remote violence,Air/drone strike,Military Forces of Israel (2022-),,8,Civilians (Palestine),Refugees/IDPs (Palestine),7,78,Civilian targeting,275,Middle East,Palestine,Gaza Strip,Deir El Balah,,Al Burayj,31.4394,34.4031,1,Palestine News and Information Agency; Quds News Network; Twitter,New media-National,"On 17 May 2024, Israeli warplanes struck a target in Al Burayj refugee camp (Deir El Balah, Gaza Strip), leaving one fatality and a number of injuries.",1,,1753955132
PSE52228,5/17/2024,2024,1,Political violence,Explosions/Remote violence,Air/drone strike,Military Forces of Israel (2022-),,8,Civilians (Palestine),Refugees/IDPs (Palestine),7,78,Civilian targeting,275,Middle East,Palestine,Gaza Strip,North Gaza,,Beit Lahiya,31.5541,34.5016,1,Quds News Network; Twitter,New media-National,"On 17 May 2024, Israeli UAVs opened fire toward a school hosting displaced people in Beit Lahiya (North Gaza, Gaza Strip), injuring a girl.",0,,1753955132
PSE52227,5/17/2024,2024,1,Political violence,Explosions/Remote violence,Air/drone strike,Military Forces of Israel (2022-),,8,Civilians (Palestine),Refugees/IDPs (Palestine),7,78,Civilian targeting,275,Middle East,Palestine,Gaza Strip,North Gaza,,Jabalya Camp,31.536,34.4907,1,Dunia Al Watan; Newpress; Palestine News and Information Agency; Quds News Network; Twitter,New media-National,"On 17 May 2024, Israeli warplanes carried out airstrikes while artillery and tanks opened fire on targets (including houses) during their ground operation in Mukhayyam Jabalya camp (North Gaza, Gaza Strip). An unspecified number of Palestinians was killed and injured (fatalities coded as 3). Also, 4 Palestinians were killed in a UAV attack in the camp. Total fatalities coded as 7 (4 confirmed, 3 unspecified).",7,,1753955132
PSE52329,5/17/2024,2024,1,Political violence,Explosions/Remote violence,Air/drone strike,Military Forces of Israel (2022-),,8,Civilians (Palestine),,7,78,Civilian targeting,275,Middle East,Palestine,Gaza Strip,Gaza City,,Al Zahra,31.4716,34.4013,1,Arab 48; Quds News Network; Twitter,New media-National,"On 17 May 2024, an Israeli UAV struck a school in Al Zahra (Gaza City, Gaza Strip), leaving one fatality and several injuries. Also, the artillery struck targets in the same area [casualties unknown]. Fatalities were at least 1.",1,,1753955132
PSE52328,5/17/2024,2024,1,Political violence,Explosions/Remote violence,Air/drone strike,Military Forces of Israel (2022-),,8,Civilians (Palestine),,7,78,Civilian targeting,275,Middle East,Palestine,Gaza Strip,North Gaza,,Jabalya,31.5272,34.4835,1,Palestine News and Information Agency; Quds News Network; Twitter,New media-National,"On 17 May 2024, Israeli warplanes struck a house in Jabalya town (North Gaza, Gaza Strip), leaving at least 6 fatalities and several injuries. Also, 3 Palestinians were killed in an airstrike that targeted a group of people. Total fatalities were at least 9.",9,,1759790002
PSE52331,5/17/2024,2024,1,Political violence,Explosions/Remote violence,Air/drone strike,Military Forces of Israel (2022-),,8,Civilians (Palestine),,7,78,Civilian targeting,275,Middle East,Palestine,Gaza Strip,Gaza City,,Gaza - Az Zaytun,31.4964,34.4522,1,Arab 48; Quds News Network; Twitter,New media-National,"On 17 May 2024, Israeli warplanes struck in Gaza - Az Zaytun (Gaza City, Gaza Strip), leaving injuries. Also, the artillery shelled the eastern and southern areas of Az Zaytun. Fatalities unknown.",0,,1759790002
PSE52327,5/17/2024,2024,1,Political violence,Explosions/Remote violence,Air/drone strike,Military Forces of Israel (2022-),,8,Civilians (Palestine),Refugees/IDPs (Palestine),7,78,Civilian targeting,275,Middle East,Palestine,Gaza Strip,Rafah,,Rafah,31.287,34.2595,1,Palestine News and Information Agency,National,"On 17 May 2024, Israeli warplanes struck a target in Al Shaout camp in Rafah city (Rafah, Gaza Strip), leaving 2 fatalities and a number of injuries.",2,,1762829569
PSE52330,5/17/2024,2024,1,Political violence,Explosions/Remote violence,Air/drone strike,Military Forces of Israel (2022-),,8,Civilians (Palestine),,7,78,Civilian targeting,275,Middle East,Palestine,Gaza Strip,Rafah,,Khirbet al Adas,31.2855,34.2714,2,Arab 48; Quds News Network; Twitter,New media-National,"On 17 May 2024, Israeli warplanes struck a house north of Rafah, coded to Khirbet al Adas (Rafah, Gaza Strip), leaving 2 fatalities and several injuries.",2,,1753955132
PSE52515,5/18/2024,2024,1,Political violence,Explosions/Remote violence,Air/drone strike,Military Forces of Israel (2022-),,8,Civilians (Palestine),,7,78,Civilian targeting,275,Middle East,Palestine,Gaza Strip,North Gaza,,Jabalya Camp,31.536,34.4907,2,Palestine News and Information Agency,National,"On 18 May 2024, Israeli warplanes struck a school west of Jabalya Camp (North Gaza, Gaza Strip), leaving one fatality and several injuries.",1,,1753955132
PSE52518,5/18/2024,2024,1,Political violence,Explosions/Remote violence,Air/drone strike,Military Forces of Israel (2022-),,8,Civilians (Palestine),,7,78,Civilian targeting,275,Middle East,Palestine,Gaza Strip,Khan Yunis,,Khan Yunis - Emirati,31.3624,34.2949,1,Palestine News and Information Agency; Quds News Network,National,"On 18 May 2024, Israeli warplanes struck a target near the Emirati Hospital in Khan Yunis - Emirati (Khan Yunis, Gaza Strip), leaving 3 injuries.",0,,1753955132
PSE52519,5/18/2024,2024,1,Political violence,Explosions/Remote violence,Air/drone strike,Military Forces of Israel (2022-),,8,Civilians (Palestine),,7,78,Civilian targeting,275,Middle East,Palestine,Gaza Strip,North Gaza,,Beit Lahiya,31.5541,34.5016,1,Palestine News and Information Agency,National,"On 18 May 2024, Israeli warplanes opened fire on the outskirts of Kamal Odwan hospital in Beit Lahiya (North Gaza, Gaza Strip), leaving several injuries.",0,,1753955132
PSE52522,5/18/2024,2024,1,Political violence,Explosions/Remote violence,Air/drone strike,Military Forces of Israel (2022-),,8,Civilians (Palestine),,7,78,Civilian targeting,275,Middle East,Palestine,Gaza Strip,Deir El Balah,,Al Maghazi,31.4214,34.3865,2,Ma'an News Agency; Newpress; Palestine News and Information Agency; Quds News Network; Twitter,New media-National,"On 18 May 2024, Israeli warplanes struck a group of Palestinians east of Al Maghazi camp (Deir El Balah, Gaza Strip), leaving 3 fatalities and dozens of injuries including children and women. Also, the artillery shelled targets and tanks opened fire east of the camp. Casualties unknown. Total fatalities coded as at least 3.",3,,1753955132
PSE52523,5/18/2024,2024,1,Political violence,Explosions/Remote violence,Air/drone strike,Military Forces of Israel (2022-),,8,Civilians (Palestine),,7,78,Civilian targeting,275,Middle East,Palestine,Gaza Strip,Khan Yunis,,Khan Yunis - Maen,31.336,34.3172,1,Palestine News and Information Agency,National,"On 18 May 2024, Israeli warplanes struck a house in Khan Yunis - Maen (Khan Yunis, Gaza Strip), leaving 3 fatalities and a number of injuries.",3,,1753955132
PSE52525,5/18/2024,2024,1,Political violence,Explosions/Remote violence,Air/drone strike,Military Forces of Israel (2022-),,8,Civilians (Palestine),Refugees/IDPs (Palestine),7,78,Civilian targeting,275,Middle East,Palestine,Gaza Strip,North Gaza,,Jabalya Camp,31.536,34.4907,1,Ma'an News Agency; Newpress; Palestine News and Information Agency; Quds News Network; Twitter,New media-National,"On 18 May 2024, Israeli warplanes struck the gate of a school hosting displaced people, a group of people, a residential complex and other targets in Jabalya Camp (North Gaza, Gaza Strip), leaving at least 60 fatalities (including 10 children and 10 women) and dozens injuries. Also, the Israeli artillery shelled several targets in the camp. Casualties unknown. Fatalities coded at least 60.",60,,1753955132
PSE52526,5/18/2024,2024,1,Political violence,Violence against civilians,Attack,Military Forces of Israel (2022-),,8,Civilians (Palestine),,7,78,Civilian targeting,275,Middle East,Palestine,Gaza Strip,Deir El Balah,,An Nusayrat - West,31.4525,34.3756,1,Palestine News and Information Agency,National,"On 18 May 2024, Israeli forces opened fire in An Nusayrat - West (Deir El Balah, Gaza Strip), leaving 2 fatalities.",2,,1753955132
PSE52529,5/18/2024,2024,1,Political violence,Explosions/Remote violence,Air/drone strike,Military Forces of Israel (2022-),,8,Civilians (Palestine),,7,78,Civilian targeting,275,Middle East,Palestine,Gaza Strip,Khan Yunis,,Khuzaa,31.3069,34.3572,1,Liveuamap; Palestine News and Information Agency; Quds News Network,Local partner-New media,"On 18 May 2024, Israeli warplanes struck a group of people in Khuzaa town (Khan Yunis, Gaza Strip), leaving 4 fatalities.",4,,1753955132
PSE52530,5/18/2024,2024,1,Political violence,Explosions/Remote violence,Air/drone strike,Military Forces of Israel (2022-),,8,Civilians (Palestine),Refugees/IDPs (Palestine),7,78,Civilian targeting,275,Middle East,Palestine,Gaza Strip,Deir El Balah,,An Nusayrat,31.4486,34.3925,1,Newpress; Palestine News and Information Agency; Quds News Network; Twitter,New media-National,"On 18 May 2024, Israeli warplanes struck a group of people in An Nusayrat Camp (Deir El Balah, Gaza Strip), leaving 5 fatalities and several injuries.",5,,1753955132
PSE52536,5/18/2024,2024,1,Political violence,Explosions/Remote violence,Air/drone strike,Military Forces of Israel (2022-),,8,Civilians (Palestine),,7,78,Civilian targeting,275,Middle East,Palestine,Gaza Strip,Deir El Balah,,An Nusayrat - North,31.4591,34.3923,1,Arab 48; Newpress; Twitter,New media-National,"On 18 May 2024, Israeli UAV struck and killed a Palestinian in An Nusayrat - North (Deir El Balah, Gaza Strip). Separately, Israeli artillery shelled the same area. Casualties unknown. Total fatalities coded as at least 1.",1,,1753955132
PSE52547,5/18/2024,2024,1,Political violence,Explosions/Remote violence,Air/drone strike,Military Forces of Israel (2022-),,8,Civilians (Palestine),Labor Group (Palestine),7,78,Civilian targeting,275,Middle East,Palestine,Gaza Strip,Khan Yunis,,Abasan al Kabirah,31.3191,34.3401,2,Quds News Network,National,"On 18 May 2024, Israeli warplanes struck houses and a fuel station east of Abasan al Kabirah (Khan Yunis, Gaza Strip), leaving 3 fatalities.",3,,1753955132
PSE52528,5/18/2024,2024,1,Political violence,Explosions/Remote violence,Air/drone strike,Military Forces of Israel (2022-),,8,Civilians (Palestine),,7,78,Civilian targeting,275,Middle East,Palestine,Gaza Strip,Rafah,,Tal as Sultan,31.3098,34.2414,2,Newpress; Palestine News and Information Agency; Quds News Network; Twitter,New media-National,"On 18 May 2024, Israeli warplanes struck a passing civilian car west of Rafah city, coded to Tal as Sultan (Rafah, Gaza Strip), leaving one fatality.",1,,1762829569
PSE52527,5/18/2024,2024,1,Political violence,Violence against civilians,Attack,Military Forces of Israel (2022-),,8,Civilians (Palestine),,7,78,Civilian targeting,275,Middle East,Palestine,Gaza Strip,Gaza City,,Al Mughraqa,31.4675,34.4097,2,Palestine News and Information Agency,National,"On 18 May 2024, Israeli forces opened fire at Palestinians in Wadi Gaza, coded to Al Mughraqa (Gaza City, Gaza Strip), leaving 2 fatalities.",2,,1753955132
PSE52524,5/18/2024,2024,1,Political violence,Explosions/Remote violence,Air/drone strike,Military Forces of Israel (2022-),,8,Civilians (Palestine),,7,78,Civilian targeting,275,Middle East,Palestine,Gaza Strip,Gaza City,,Gaza - Az Zaytun,31.4964,34.4522,1,Liveuamap; Palestine News and Information Agency; Quds News Network,Local partner-New media,"On 18 May 2024, Israeli helicopters opened fire amid artillery shelling in Gaza - Az Zaytun (Gaza City, Gaza Strip), leaving injuries.",0,,1759790002
PSE52538,5/18/2024,2024,1,Political violence,Explosions/Remote violence,Air/drone strike,Military Forces of Israel (2022-),,8,Civilians (Palestine),,7,78,Civilian targeting,275,Middle East,Palestine,Gaza Strip,Gaza City,,Gaza - Tal el Hawa,31.5041,34.435,1,Arab 48; Newpress; Quds News Network; Twitter,New media-National,"On 18 May 2024, an Israeli UAV struck in Gaza - Tal el Hawa (Gaza City, Gaza Strip), killing a child and injuring another 2.",1,,1759790002
PSE52545,5/18/2024,2024,1,Political violence,Explosions/Remote violence,Air/drone strike,Military Forces of Israel (2022-),,8,Civilians (Palestine),,7,78,Civilian targeting,275,Middle East,Palestine,Gaza Strip,North Gaza,,Jabalya,31.5272,34.4835,1,Quds News Network,National,"On 18 May 2024, Israeli warplanes struck a house in Jabalya town (North Gaza, Gaza Strip), leaving an unspecified number of fatalities. Unspecified fatalities coded as 3.",3,,1759790002
PSE52516,5/18/2024,2024,1,Political violence,Explosions/Remote violence,Air/drone strike,Military Forces of Israel (2022-),,8,Civilians (Palestine),,7,78,Civilian targeting,275,Middle East,Palestine,Gaza Strip,Rafah,,Rafah,31.287,34.2595,1,Newpress; Palestine News and Information Agency; Quds News Network; Twitter,New media-National,"On 18 May 2024, Israeli warplanes struck a house in Rafah city (Rafah, Gaza Strip), leaving 2 fatalities. Also, the artillery shelled targets in the city center of Rafah. Casualties unknown. In addition, 3 Palestinians were killed in an airstrike that targeted a building in Rafah. Total fatalities coded at least 5.",5,,1762829569
PSE52555,5/19/2024,2024,1,Political violence,Explosions/Remote violence,Air/drone strike,Military Forces of Israel (2022-),,8,Civilians (Palestine),,7,78,Civilian targeting,275,Middle East,Palestine,Gaza Strip,Deir El Balah,,An Nusayrat - North,31.4591,34.3923,1,Arab 48; Palestine News and Information Agency; Quds News Network; Twitter,New media-National,"On 19 May 2024, Israeli warplanes struck a house and a building in An Nusayrat - North (Deir El Balah, Gaza Strip), leaving 3 fatalities and several injuries.",3,,1753955132
PSE52557,5/19/2024,2024,1,Political violence,Explosions/Remote violence,Air/drone strike,Military Forces of Israel (2022-),,8,Civilians (Palestine),,7,78,Civilian targeting,275,Middle East,Palestine,Gaza Strip,Gaza City,,Gaza - At Tuffah,31.5134,34.4751,1,Palestine News and Information Agency; Quds News Network; Twitter,New media-National,"On 19 May 2024, Israeli warplanes struck a house in Gaza - At Tuffah (Gaza City, Gaza Strip), leaving 3 fatalities and 7 injuries.",3,,1759790002
PSE52559,5/19/2024,2024,1,Political violence,Explosions/Remote violence,Air/drone strike,Military Forces of Israel (2022-),,8,Civilians (Palestine),Refugees/IDPs (Palestine),7,78,Civilian targeting,275,Middle East,Palestine,Gaza Strip,Deir El Balah,,Al Burayj,31.4394,34.4031,1,Palestine News and Information Agency,National,"On 19 May 2024, Israeli warplanes struck a house in Al Burayj refugee camp (Deir El Balah, Gaza Strip), leaving injuries.",0,,1753955132
PSE52560,5/19/2024,2024,1,Political violence,Explosions/Remote violence,Air/drone strike,Military Forces of Israel (2022-),,8,Civilians (Palestine),Refugees/IDPs (Palestine),7,78,Civilian targeting,275,Middle East,Palestine,Gaza Strip,Deir El Balah,,An Nusayrat,31.4486,34.3925,1,Al-Ittihad; Arab 48; Newpress; Palestine News and Information Agency; Quds News Network; Twitter,New media-National,"On 19 May 2024, Israeli warplanes struck a house in An Nusayrat refugee camp (Deir El Balah, Gaza Strip), leaving at least 31 fatalities and dozens of injuries, including children and women.",31,,1753955132
PSE52562,5/19/2024,2024,1,Political violence,Explosions/Remote violence,Air/drone strike,Military Forces of Israel (2022-),,8,Police Forces of Palestine (2007-) Gaza Strip,Civilians (Palestine); Hamas Movement,1,18,,275,Middle East,Palestine,Gaza Strip,Deir El Balah,,Deir al Balah,31.4178,34.3503,1,Palestine News and Information Agency; Quds News Network; Twitter,New media-National,"On 19 May 2024, Israeli warplanes struck a group of Palestinians in Deir al Balah city (Deir El Balah, Gaza Strip), leaving one fatality and several injuries. Also, a Hamas police officer were killed in an airstrike. Fatalities coded 2.",2,,1753955132
PSE52563,5/19/2024,2024,1,Political violence,Explosions/Remote violence,Air/drone strike,Military Forces of Israel (2022-),,8,Civilians (Palestine),Refugees/IDPs (Palestine),7,78,Civilian targeting,275,Middle East,Palestine,Gaza Strip,Gaza City,,Gaza - Ad Darraj,31.5172,34.4642,1,Newpress; Palestine News and Information Agency; Quds News Network; Twitter,New media-National,"On 19 May 2024, Israeli warplanes struck a school hosting displaced people in Gaza - Ad Darraj (Gaza City, Gaza Strip), leaving 13 fatalities and several injuries.",13,,1759790002
PSE52565,5/19/2024,2024,1,Political violence,Explosions/Remote violence,Air/drone strike,Military Forces of Israel (2022-),,8,Civilians (Palestine),,7,78,Civilian targeting,275,Middle East,Palestine,Gaza Strip,Khan Yunis,,Khuzaa,31.3069,34.3572,1,Arab 48; Palestine News and Information Agency; Quds News Network; Twitter,New media-National,"On 19 May 2024, Israeli warplanes struck houses in Khuzaa town (Khan Yunis, Gaza Strip), leaving 2 fatalities.",2,,1753955132
PSE52568,5/19/2024,2024,1,Political violence,Explosions/Remote violence,Air/drone strike,Military Forces of Israel (2022-),,8,Civilians (Palestine),Refugees/IDPs (Palestine),7,78,Civilian targeting,275,Middle East,Palestine,Gaza Strip,North Gaza,,Jabalya Camp,31.536,34.4907,1,Newpress; Palestine News and Information Agency; Quds News Network; Twitter,New media-National,"On 19 May 2024, Israeli warplanes and UAVs opened fire and struck several targets in Jabalya Camp (North Gaza, Gaza Strip), leaving at least 2 fatalities. Meanwhile, the artillery shelled targets and tanks opened fire in the camp. Casualties unknown. Fatalities coded as at least 2.",2,,1753955132
PSE52580,5/19/2024,2024,1,Political violence,Explosions/Remote violence,Air/drone strike,Military Forces of Israel (2022-),,8,Civilians (Palestine),,7,78,Civilian targeting,275,Middle East,Palestine,Gaza Strip,Deir El Balah,,Al Maghazi,31.4214,34.3865,2,Quds News Network; Twitter,New media-National,"On 19 May 2024, Israeli warplanes opened fire at a group of Palestinians east of Al Maghazi camp (Deir El Balah, Gaza Strip), leaving a number of injuries.",0,,1753955132
PSE52582,5/19/2024,2024,1,Political violence,Explosions/Remote violence,Air/drone strike,Military Forces of Israel (2022-),,8,Civilians (Palestine),,7,78,Civilian targeting,275,Middle East,Palestine,Gaza Strip,Gaza City,,Gaza - Sheikh Radwan,31.5349,34.4667,1,Palestine News and Information Agency; Quds News Network; Twitter,New media-National,"On 19 May 2024, Israeli warplanes struck a house in Abu Iskander area in Gaza - Sheikh Radwan (Gaza City, Gaza Strip), leaving 3 fatalities and several injuries.",3,,1759790002
PSE52558,5/19/2024,2024,1,Political violence,Explosions/Remote violence,Air/drone strike,Military Forces of Israel (2022-),,8,Civilians (Palestine),,7,78,Civilian targeting,275,Middle East,Palestine,Gaza Strip,North Gaza,,Beit Lahiya,31.5541,34.5016,1,Palestine News and Information Agency; Quds News Network; Twitter,New media-National,"On 19 May 2024, Israeli warplanes carried out strikes and artillery shelled Beit Lahiya and struck targets near the Odwan Hospital in the town (North Gaza, Gaza Strip), leaving an unspecified number of fatalities and injuries. Unspecified fatalities coded as 3.",3,,1753955132
PSE52567,5/19/2024,2024,1,Political violence,Explosions/Remote violence,Air/drone strike,Military Forces of Israel (2022-),,8,Civilians (Palestine),,7,78,Civilian targeting,275,Middle East,Palestine,Gaza Strip,Gaza City,,Gaza - Sabra,31.5086,34.4493,1,Newpress; Palestine News and Information Agency; Quds News Network; Twitter,New media-National,"On 19 May 2024, an Israeli UAV struck 2 Palestinians in Gaza - Sabra (Gaza City, Gaza Strip) leaving 1 fatality.",1,,1759790002
PSE52581,5/19/2024,2024,1,Political violence,Explosions/Remote violence,Air/drone strike,Military Forces of Israel (2022-),,8,Civilians (Palestine),,7,78,Civilian targeting,275,Middle East,Palestine,Gaza Strip,Rafah,,Tal as Sultan,31.3098,34.2414,1,Palestine News and Information Agency; Quds News Network; Twitter,New media-National,"On 19 May 2024, Israeli warplanes struck a house in Tal as Sultan (Rafah, Gaza Strip), leaving 3 fatalities and several injuries.",3,,1762829569
PSE52556,5/19/2024,2024,1,Political violence,Explosions/Remote violence,Air/drone strike,Military Forces of Israel (2022-),,8,Civilians (Palestine),Journalists (Palestine),7,78,Civilian targeting,275,Middle East,Palestine,Gaza Strip,North Gaza,,Jabalya,31.5272,34.4835,1,Palestine News and Information Agency; Quds News Network; Twitter,New media-National,"On 19 May 2024, Israeli warplanes targets in Jabalya town (North Gaza, Gaza Strip), killing a Palestinian journalist. Also, 2 Palestinian children were killed (likely by airstrikes). Total fatalities were 3.",3,,1759790002
PSE52566,5/19/2024,2024,1,Political violence,Explosions/Remote violence,Shelling/artillery/missile attack,Military Forces of Israel (2022-),,8,Civilians (Palestine),,7,78,Civilian targeting,275,Middle East,Palestine,Gaza Strip,North Gaza,,Jabalya - Tel-Zaatar,31.5367,34.5035,1,Palestine News and Information Agency; Quds News Network; Twitter,New media-National,"On 19 May 2024, Israeli artillery struck the Al Awada Hospital in Jabalya - Tel-Zaatar and tanks opened fire in the same area (North Gaza, Gaza Strip). Casualties unknown.",0,,1759790002
PSE52589,5/20/2024,2024,1,Political violence,Explosions/Remote violence,Air/drone strike,Military Forces of Israel (2022-),,8,Civilians (Palestine),,7,78,Civilian targeting,275,Middle East,Palestine,Gaza Strip,Gaza City,,Gaza - Ad Darraj,31.5172,34.4642,1,Palestine News and Information Agency; Quds News Network; Twitter,New media-National,"On 20 May 2024, Israeli warplanes carried out airstrikes in Gaza - Ad Darraj (Gaza City, Gaza Strip), leaving 3 fatalities and several injuries.",3,,1759790002
PSE52591,5/20/2024,2024,1,Political violence,Explosions/Remote violence,Air/drone strike,Military Forces of Israel (2022-),,8,Civilians (Palestine),,7,78,Civilian targeting,275,Middle East,Palestine,Gaza Strip,Khan Yunis,,Khan Yunis,31.3502,34.3081,1,Palestine News and Information Agency,National,"On 20 May 2024, Israeli warplanes carried out strikes in Khan Yunis city (Khan Yunis, Gaza Strip), leaving injuries.",0,,1753955132
PSE52592,5/20/2024,2024,1,Political violence,Explosions/Remote violence,Air/drone strike,Military Forces of Israel (2022-),,8,Civilians (Palestine),Refugees/IDPs (Palestine),7,78,Civilian targeting,275,Middle East,Palestine,Gaza Strip,North Gaza,,Jabalya Camp,31.536,34.4907,1,Arab 48; Palestine News and Information Agency; Quds News Network; Twitter,New media-National,"On 20 May 2024, Israeli warplanes carried out strikes in Jabalya Camp (North Gaza, Gaza Strip), leaving injuries. Also, 14 Palestinians were killed in an airstrike targeting a house in Jabalya Camp. Total fatalities were 14.",14,,1753955132
PSE52593,5/20/2024,2024,1,Political violence,Explosions/Remote violence,Air/drone strike,Military Forces of Israel (2022-),,8,Civilians (Palestine),Refugees/IDPs (Palestine),7,78,Civilian targeting,275,Middle East,Palestine,Gaza Strip,Deir El Balah,,Al Burayj,31.4394,34.4031,1,Palestine News and Information Agency; Quds News Network; Twitter,New media-National,"On 20 May 2024, Israeli warplanes carried out strikes in Al Burayj Camp (Deir El Balah, Gaza Strip), leaving injuries.",0,,1753955132
PSE52595,5/20/2024,2024,1,Political violence,Explosions/Remote violence,Air/drone strike,Military Forces of Israel (2022-),,8,Civilians (Palestine),,7,78,Civilian targeting,275,Middle East,Palestine,Gaza Strip,North Gaza,,Beit Lahiya,31.5541,34.5016,1,Palestine News and Information Agency; Quds News Network; Twitter,New media-National,"On 20 May 2024, Israeli warplanes struck a house in Beit Lahiya (North Gaza, Gaza Strip), leaving 6 fatalities. Also, 5 Palestinians were killed in an airstrike that targeted a house in Beit Lahiya. Total fatalities were 11.",11,,1753955132
PSE52596,5/20/2024,2024,1,Political violence,Explosions/Remote violence,Air/drone strike,Military Forces of Israel (2022-),,8,Civilians (Palestine),,7,78,Civilian targeting,275,Middle East,Palestine,Gaza Strip,Deir El Balah,,Al Burayj,31.4394,34.4031,2,Palestine News and Information Agency,National,"On 20 May 2024, Israeli warplanes struck a house east of Al Burayj Camp (Deir El Balah, Gaza Strip). Casualties unknown.",0,,1753955132
PSE52602,5/20/2024,2024,1,Political violence,Explosions/Remote violence,Air/drone strike,Military Forces of Israel (2022-),,8,Civilians (Palestine),,7,78,Civilian targeting,275,Middle East,Palestine,Gaza Strip,Gaza City,,Gaza - At Tuffah,31.5134,34.4751,1,Ma'an News Agency; Palestine News and Information Agency; Quds News Network; Twitter,New media-National,"On 20 May 2024, Israeli warplanes struck a house in Gaza - At Tuffah (Gaza City, Gaza Strip), leaving 3 fatalities.",3,,1759790002
PSE52594,5/20/2024,2024,1,Political violence,Explosions/Remote violence,Air/drone strike,Military Forces of Israel (2022-),,8,Civilians (Palestine),,7,78,Civilian targeting,275,Middle East,Palestine,Gaza Strip,Gaza City,,Gaza - Sabra,31.5086,34.4493,1,Palestine News and Information Agency; Quds News Network; Twitter,New media-National,"On 20 May 2024, Israeli warplanes struck a house in Gaza - Sabra (Gaza City, Gaza Strip), leaving 4 fatalities.",4,,1759790002
PSE52611,5/20/2024,2024,1,Political violence,Explosions/Remote violence,Air/drone strike,Military Forces of Israel (2022-),,8,Civilians (Palestine),Refugees/IDPs (Palestine),7,78,Civilian targeting,275,Middle East,Palestine,Gaza Strip,Rafah,,Shokat as Sufi,31.2586,34.2824,2,Arab 48; Quds News Network; Twitter,New media-National,"On 20 May 2024, Israeli warplanes struck a house in Al Sahout refugee camp south of Rafah, coded to Shokat as Sufi (Rafah, Gaza Strip), leaving injuries.",0,,1753955132
PSE52618,5/20/2024,2024,1,Political violence,Violence against civilians,Attack,Military Forces of Israel (2022-),,8,Civilians (Palestine),,7,78,Civilian targeting,275,Middle East,Palestine,Gaza Strip,Gaza City,,Gaza - Nezarim,31.484,34.4056,2,Quds News Network; Twitter,New media-National,"On 20 May 2024, Israeli forces opened fire and killed 2 Palestinians near Gaza - Nezarim (Gaza City, Gaza Strip).",2,,1753955132
PSE52608,5/20/2024,2024,1,Political violence,Explosions/Remote violence,Air/drone strike,Military Forces of Israel (2022-),,8,Civilians (Palestine),,7,78,Civilian targeting,275,Middle East,Palestine,Gaza Strip,North Gaza,,Beit Hanoun,31.5405,34.5402,1,Arab 48; Quds News Network; Twitter,New media-National,"On 20 May 2024, Israeli warplanes struck a house in Beit Hanoun (North Gaza, Gaza Strip), leaving 1 fatality.",1,,1753955132
PSE52610,5/20/2024,2024,1,Political violence,Explosions/Remote violence,Air/drone strike,Military Forces of Israel (2022-),,8,Civilians (Palestine),Refugees/IDPs (Palestine),7,78,Civilian targeting,275,Middle East,Palestine,Gaza Strip,Rafah,,Yibna,31.2842,34.2482,1,Arab 48,National,"On 20 May 2024, Israeli warplanes carried out strikes in Yibna camp (Rafah, Gaza Strip), leaving injuries.",0,,1753955132
PSE52590,5/20/2024,2024,1,Political violence,Explosions/Remote violence,Air/drone strike,Military Forces of Israel (2022-),,8,Civilians (Palestine),,7,78,Civilian targeting,275,Middle East,Palestine,Gaza Strip,Gaza City,,Gaza - Az Zaytun,31.4964,34.4522,1,Arab 48; Palestine News and Information Agency; Quds News Network; Twitter,New media-National,"On 20 May 2024, Israeli warplanes carried out strikes in Az Zaytun and the artillery shelled the eastern areas of Gaza - Az Zaytun (Gaza City, Gaza Strip), killing 2 women.",2,,1759790002
PSE52601,5/20/2024,2024,1,Political violence,Explosions/Remote violence,Air/drone strike,Military Forces of Israel (2022-),,8,Civilians (Palestine),,7,78,Civilian targeting,275,Middle East,Palestine,Gaza Strip,North Gaza,,Jabalya,31.5272,34.4835,1,Ma'an News Agency; Newpress; Palestine News and Information Agency; Quds News Network; Twitter,New media-National,"On 20 May 2024, Israeli warplanes struck a group of Palestinians in Jabalya town (North Gaza, Gaza Strip), leaving 13 fatalities, including a child.",13,,1759790002
PSE52617,5/20/2024,2024,1,Political violence,Explosions/Remote violence,Air/drone strike,Military Forces of Israel (2022-),,8,Civilians (Palestine),,7,78,Civilian targeting,275,Middle East,Palestine,Gaza Strip,Gaza City,,Gaza - Tal el Hawa,31.5041,34.435,1,Quds News Network; Twitter,New media-National,"On 20 May 2024, Israeli warplanes struck houses in Gaza - Tal el Hawa (Gaza City, Gaza Strip). Casualties unknown.",0,,1759790002
PSE52599,5/20/2024,2024,1,Political violence,Explosions/Remote violence,Air/drone strike,Military Forces of Israel (2022-),,8,Civilians (Palestine),,7,78,Civilian targeting,275,Middle East,Palestine,Gaza Strip,Rafah,,Rafah,31.287,34.2595,1,Palestine News and Information Agency; Quds News Network; Twitter,New media-National,"On 20 May 2024, Israeli warplanes struck a house in Rafah city (Rafah, Gaza Strip), leaving 3 fatalities. Also, the artillery shelled targets in Rafah. Casualties unknown. Fatalities coded at least 3.",3,,1762829569
PSE52600,5/20/2024,2024,1,Political violence,Explosions/Remote violence,Air/drone strike,Military Forces of Israel (2022-),,8,Civilians (Palestine),,7,78,Civilian targeting,275,Middle East,Palestine,Gaza Strip,Rafah,,Khirbet al Adas,31.2855,34.2714,2,Palestine News and Information Agency,National,"On 20 May 2024, Israeli warplanes struck a house north of Rafah, coded to Khirbet al Adas (Rafah, Gaza Strip), leaving injuries.",0,,1753955132
PSE52734,5/21/2024,2024,1,Political violence,Explosions/Remote violence,Air/drone strike,Military Forces of Israel (2022-),,8,Civilians (Palestine),,7,78,Civilian targeting,275,Middle East,Palestine,Gaza Strip,Khan Yunis,,Bani Suheila,31.3424,34.325,2,Palestine News and Information Agency; PLO Negotiations Affairs Department,Other-National,"On 21 May 2024, Israeli warplanes struck a house east of Khan Yunis, coded to Bani Suheila (Khan Yunis, Gaza Strip), leaving several injuries. Also, Israeli artillery and tanks shelled targets east of Khan Yunis, coded to Bani Suheila (Khan Yunis, Gaza Strip). Casualties unknown.",0,,1753955132
PSE52736,5/21/2024,2024,1,Political violence,Explosions/Remote violence,Air/drone strike,Military Forces of Israel (2022-),,8,Civilians (Palestine),,7,78,Civilian targeting,275,Middle East,Palestine,Gaza Strip,North Gaza,,Beit Lahiya - Al Mashroo,31.5433,34.4998,1,Palestine News and Information Agency; Quds News Network; Twitter,New media-National,"On 21 May 2024, Israeli warplanes struck a house in Beit Lahiya - Al Mashroo (North Gaza, Gaza Strip), leaving 3 fatalities and a several injuries.",3,,1753955132
PSE52739,5/21/2024,2024,1,Political violence,Explosions/Remote violence,Air/drone strike,Military Forces of Israel (2022-),,8,Civilians (Palestine),Refugees/IDPs (Palestine),7,78,Civilian targeting,275,Middle East,Palestine,Gaza Strip,Deir El Balah,,Al Burayj,31.4394,34.4031,1,Palestine News and Information Agency,National,"On 21 May 2024, Israeli warplanes carried out strikes in Al Burayj refugee camp (Deir El Balah, Gaza Strip). Casualties unknown.",0,,1753955132
PSE52740,5/21/2024,2024,1,Political violence,Explosions/Remote violence,Air/drone strike,Military Forces of Israel (2022-),,8,Civilians (Palestine),Refugees/IDPs (Palestine),7,78,Civilian targeting,275,Middle East,Palestine,Gaza Strip,North Gaza,,Jabalya Camp,31.536,34.4907,1,Newpress; Palestine News and Information Agency; Quds News Network; Twitter,New media-National,"On 21 May 2024, Israeli warplanes struck targets (including near Yemen Hospital) and the artillery shelled areas in Jabalya Camp (North Gaza, Gaza Strip). Casualties unknown.",0,,1753955132
PSE52744,5/21/2024,2024,1,Political violence,Explosions/Remote violence,Air/drone strike,Military Forces of Israel (2022-),,8,Civilians (Palestine),,7,78,Civilian targeting,275,Middle East,Palestine,Gaza Strip,Gaza City,,Gaza - Ad Darraj,31.5172,34.4642,1,Ma'an News Agency; Palestine News and Information Agency; Quds News Network; Twitter,New media-National,"On 21 May 2024, Israeli warplanes struck a house in Al Sahaba area of Gaza - Ad Darraj (Gaza City, Gaza Strip), leaving 6 fatalities, including a girl.",6,,1759790002
PSE52768,5/21/2024,2024,1,Political violence,Explosions/Remote violence,Air/drone strike,Military Forces of Israel (2022-),,8,Civilians (Palestine),,7,78,Civilian targeting,275,Middle East,Palestine,Gaza Strip,Khan Yunis,,Abasan al Kabirah,31.3191,34.3401,1,Quds News Network; Twitter,New media-National,"On 21 May 2024, Israeli warplanes struck a house in Abasan al Kabirah (Khan Yunis, Gaza Strip), leaving 1 fatality.",1,,1753955132
PSE52769,5/21/2024,2024,1,Political violence,Explosions/Remote violence,Air/drone strike,Military Forces of Israel (2022-),,8,Civilians (Palestine),,7,78,Civilian targeting,275,Middle East,Palestine,Gaza Strip,Deir El Balah,,An Nusayrat - West,31.4525,34.3756,1,Quds News Network; Twitter,New media-National,"On 21 May 2024, Israeli warplanes struck targets in Tabet Nwairi in An Nusayrat - West (Deir El Balah, Gaza Strip), leaving injuries.",0,,1753955132
PSE52775,5/21/2024,2024,1,Political violence,Explosions/Remote violence,Air/drone strike,Military Forces of Israel (2022-),,8,Civilians (Palestine),,7,78,Civilian targeting,275,Middle East,Palestine,Gaza Strip,North Gaza,,Jabalya Camp,31.536,34.4907,2,Quds News Network; Twitter,New media-National,"On 21 May 2024, Israeli warplanes carried out strikes targeting a house in Bir an-Naaja area west of Jabalya Camp (North Gaza, Gaza Strip), leaving 6 fatalities and a number of injuries.",6,,1753955132
PSE52738,5/21/2024,2024,1,Political violence,Explosions/Remote violence,Air/drone strike,Military Forces of Israel (2022-),,8,Civilians (Palestine),,7,78,Civilian targeting,275,Middle East,Palestine,Gaza Strip,Rafah,,Yibna,31.2842,34.2482,2,Newpress; Palestine News and Information Agency; Twitter,New media-National,"On 21 May 2024, an Israeli helicopter opened fire toward a group of Palestinians near the border with Egypt (near Salah al-Deen Gate) south of Rafah, coded to south of Yibna (Rafah, Gaza Strip), leaving injuries.",0,,1753955132
PSE52741,5/21/2024,2024,1,Political violence,Explosions/Remote violence,Air/drone strike,Military Forces of Israel (2022-),,8,Civilians (Palestine),Refugees/IDPs (Palestine),7,78,Civilian targeting,275,Middle East,Palestine,Gaza Strip,Rafah,,Yibna,31.2842,34.2482,1,Newpress; Palestine News and Information Agency; Quds News Network; Twitter,New media-National,"On 21 May 2024, 5 Palestinians were killed near Awad junction in Yibna's refugee camp (Rafah, Gaza Strip), likely by Israeli airstrikes or artillery fire.",5,,1753955132
PSE52763,5/21/2024,2024,1,Political violence,Explosions/Remote violence,Air/drone strike,Military Forces of Israel (2022-),,8,Civilians (Palestine),,7,78,Civilian targeting,275,Middle East,Palestine,Gaza Strip,North Gaza,,Jabalya - Tel-Zaatar,31.5367,34.5035,1,Arab 48; Quds News Network; Twitter,New media-National,"On 21 May 2024, Israeli warplanes struck several houses in Jabalya - Tel-Zaatar (North Gaza, Gaza Strip) and the artillery shelled targets in the area. Casualties unknown.",0,,1759790002
PSE52754,5/21/2024,2024,1,Political violence,Explosions/Remote violence,Air/drone strike,Military Forces of Israel (2022-),,8,Civilians (Palestine),,7,78,Civilian targeting,275,Middle East,Palestine,Gaza Strip,Rafah,,Rafah,31.287,34.2595,1,Arab 48; Newpress; Quds News Network; Twitter,New media-National,"On 21 May 2024, Israeli warplanes carried out strikes and the artillery shelled targets in Rafah city (Rafah, Gaza Strip), leaving 7 fatalities.",7,,1762829569
PSE52756,5/21/2024,2024,1,Political violence,Explosions/Remote violence,Air/drone strike,Military Forces of Israel (2022-),,8,Civilians (Palestine),,7,78,Civilian targeting,275,Middle East,Palestine,Gaza Strip,Rafah,,Khirbet al Adas,31.2855,34.2714,2,Arab 48; Newpress; Twitter,New media-National,"On 21 May 2024, an Israeli UAV struck a group of Palestinians in Musabbah area north of Rafah, coded to Khirbet al Adas (Rafah, Gaza Strip), leaving injuries.",0,,1753955132
PSE52784,5/22/2024,2024,1,Political violence,Explosions/Remote violence,Air/drone strike,Military Forces of Israel (2022-),,8,Civilians (Palestine),Refugees/IDPs (Palestine),7,78,Civilian targeting,275,Middle East,Palestine,Gaza Strip,North Gaza,,Jabalya Camp,31.536,34.4907,1,Arab 48; Ma'an News Agency; Newpress; Palestine News and Information Agency; Twitter,New media-National,"On 22 May 2024, 4 displaced persons were killed in an Israeli airstrikes that targeted a center hosting displaced people in the Jabalya Camp (North Gaza, Gaza Strip). In addition, airstrikes targeted houses and the artillery struck several locations. Casualties unknown. Total fatalities were at least 4.",4,,1753955132
PSE52791,5/22/2024,2024,1,Political violence,Explosions/Remote violence,Air/drone strike,Military Forces of Israel (2022-),,8,Civilians (Palestine),,7,78,Civilian targeting,275,Middle East,Palestine,Gaza Strip,Deir El Balah,,An Nusayrat - North,31.4591,34.3923,1,Palestine News and Information Agency; Quds News Network; Twitter,New media-National,"On 22 May 2024, Israeli warplanes struck a house near Al Uruba school in An Nusayrat - North (Deir El Balah, Gaza Strip), killing 7 Palestinians.",7,,1753955132
PSE52800,5/22/2024,2024,1,Political violence,Explosions/Remote violence,Shelling/artillery/missile attack,Military Forces of Israel (2022-),,8,Civilians (Palestine),Refugees/IDPs (Palestine),7,78,Civilian targeting,275,Middle East,Palestine,Gaza Strip,Deir El Balah,,Al Burayj,31.4394,34.4031,1,Ma'an News Agency; Quds News Network; Twitter,New media-National,"On 22 May 2024, Israeli artillery shelled targets in Al Burayj refugee camp (Deir El Balah, Gaza Strip), leaving injuries.",0,,1753955132
PSE52806,5/22/2024,2024,1,Political violence,Explosions/Remote violence,Air/drone strike,Military Forces of Israel (2022-),,8,Civilians (Palestine),,7,78,Civilian targeting,275,Middle East,Palestine,Gaza Strip,Gaza City,,Gaza - Sabra,31.5086,34.4493,1,Arab 48; Quds News Network; Twitter,New media-National,"On 22 May 2024, 2 Palestinians were killed in Gaza - Sabra (Gaza City, Gaza Strip) likely by Israeli airstrikes.",2,,1759790002
PSE52789,5/22/2024,2024,1,Political violence,Explosions/Remote violence,Air/drone strike,Military Forces of Israel (2022-),,8,Civilians (Palestine),,7,78,Civilian targeting,275,Middle East,Palestine,Gaza Strip,Rafah,,Tal as Sultan,31.3098,34.2414,1,Palestine News and Information Agency,National,"On 22 May 2024, Israeli warplanes struck a house in Tal as Sultan (Rafah, Gaza Strip) leaving injuries. Also, Israeli UAVs opened fire in the same area. Casualties unknown.",0,,1762829569
PSE52805,5/22/2024,2024,1,Political violence,Explosions/Remote violence,Shelling/artillery/missile attack,Military Forces of Israel (2022-),,8,Civilians (Palestine),,7,78,Civilian targeting,275,Middle East,Palestine,Gaza Strip,Gaza City,,Al Mughraqa,31.4675,34.4097,1,Arab 48; Quds News Network; Twitter,New media-National,"On 22 May 2024, Israeli forces shelled areas in Al Mughraqa (Gaza City, Gaza Strip) killing 1 Palestinian woman .",1,,1753955132
PSE52783,5/22/2024,2024,1,Political violence,Explosions/Remote violence,Shelling/artillery/missile attack,Military Forces of Israel (2022-),,8,Civilians (Palestine),,7,78,Civilian targeting,275,Middle East,Palestine,Gaza Strip,Gaza City,,Gaza - Tal el Hawa,31.5041,34.435,1,Arab 48; Newpress; Palestine News and Information Agency; Twitter,New media-National,"On 22 May 2024, Israeli artillery shelled houses in Gaza - Tal el Hawa (Gaza City, Gaza Strip) leaving 1 fatality and a number of injuries.",1,,1759790002
PSE52785,5/22/2024,2024,1,Political violence,Explosions/Remote violence,Air/drone strike,Military Forces of Israel (2022-),,8,Civilians (Palestine),,7,78,Civilian targeting,275,Middle East,Palestine,Gaza Strip,Gaza City,,Gaza - Az Zaytun,31.4964,34.4522,1,Newpress; Palestine News and Information Agency; Quds News Network; Twitter,New media-National,"On 22 May 2024, Israeli warplanes carried out airstrikes in Gaza - Az Zaytun (Gaza City, Gaza Strip) leaving at least 2 fatalities and several injuries. Also, Israeli UAVs separately opened fire at a groups of Palestinians in Az Zaytun, killing at least 10 persons and injuring 20, including children. Fatalities coded at least 12.",12,,1759790002
PSE52794,5/22/2024,2024,1,Political violence,Explosions/Remote violence,Air/drone strike,Military Forces of Israel (2022-),,8,Civilians (Palestine),,7,78,Civilian targeting,275,Middle East,Palestine,Gaza Strip,North Gaza,,Jabalya,31.5272,34.4835,1,Arab 48; Newpress; Palestine News and Information Agency; Quds News Network; Twitter,New media-National,"On 22 May 2024, Israeli warplanes struck a house in Al Jurn roundabout in Jabalya town (North Gaza, Gaza Strip), leaving 6 fatalities. Also, the artillery shelled several targets in Jabalya town. Casualties unknown. Fatalities coded at least 6.",6,,1759790002
PSE52790,5/22/2024,2024,1,Political violence,Explosions/Remote violence,Air/drone strike,Military Forces of Israel (2022-),,8,Civilians (Palestine),,7,78,Civilian targeting,275,Middle East,Palestine,Gaza Strip,Rafah,,Rafah,31.287,34.2595,1,Palestine News and Information Agency; Quds News Network; Twitter,New media-National,"On 22 May 2024, Israeli warplanes carried out strikes in Rafah city (Rafah, Gaza Strip). Casualties unknown. Also, the artillery shelled targets and a house east of Rafah, killing a Palestinian. Fatalities coded at least 1.",1,,1762829569
PSE52823,5/23/2024,2024,1,Political violence,Explosions/Remote violence,Air/drone strike,Military Forces of Israel (2022-),,8,Civilians (Palestine),Muslim Group (Palestine),7,78,Civilian targeting,275,Middle East,Palestine,Gaza Strip,Gaza City,,Gaza - Ad Darraj,31.5172,34.4642,1,Al-Ittihad; Arab 48; Palestine News and Information Agency; Quds News Network; Twitter,New media-National,"On 23 May 2024, Israeli warplanes struck a mosque in Gaza - Ad Darraj (Gaza City, Gaza Strip), leaving 16 fatalities (including 10 children) and injuring a number of Palestinians.",16,,1759790002
PSE52825,5/23/2024,2024,1,Political violence,Explosions/Remote violence,Air/drone strike,Military Forces of Israel (2022-),,8,Civilians (Palestine),Refugees/IDPs (Palestine),7,78,Civilian targeting,275,Middle East,Palestine,Gaza Strip,Deir El Balah,,An Nusayrat,31.4486,34.3925,1,Al-Ittihad; Palestine News and Information Agency,National-Regional,"On 23 May 2024, Israeli warplanes struck a house in An Nusayrat refugee camp (Deir El Balah, Gaza Strip), killing at least 8 Palestinians.",8,,1753955132
PSE52827,5/23/2024,2024,1,Political violence,Explosions/Remote violence,Air/drone strike,Military Forces of Israel (2022-),,8,Civilians (Palestine),,7,78,Civilian targeting,275,Middle East,Palestine,Gaza Strip,Gaza City,,Gaza - Sheikh Radwan,31.5349,34.4667,1,Newpress; Palestine News and Information Agency; Quds News Network; Twitter,New media-National,"On 23 May 2024, Israeli warplanes struck a house in Gaza - Sheikh Radwan (Gaza City, Gaza Strip), leaving at least 2 fatalities and a number of injuries.",2,,1759790002
PSE52847,5/23/2024,2024,1,Political violence,Explosions/Remote violence,Air/drone strike,Military Forces of Israel (2022-),,8,Civilians (Palestine),,7,78,Civilian targeting,275,Middle East,Palestine,Gaza Strip,Rafah,,Tal as Sultan,31.3098,34.2414,1,Quds News Network; Twitter,New media-National,"On 23 May 2024, Israeli warplanes struck an apartment in Tal as Sultan (Rafah, Gaza Strip), killing a Palestinian.",1,,1762829569
PSE52852,5/23/2024,2024,1,Political violence,Explosions/Remote violence,Air/drone strike,Military Forces of Israel (2022-),,8,Civilians (Palestine),Refugees/IDPs (Palestine),7,78,Civilian targeting,275,Middle East,Palestine,Gaza Strip,Deir El Balah,,Al Burayj,31.4394,34.4031,1,Quds News Network; Twitter,New media-National,"On 23 May 2024, Israeli warplanes struck a house in Al Burayj camp (Deir El Balah, Gaza Strip). Casualties unknown. Meanwhile, Israeli artillery shelled the eastern areas of Al Burayj camp. Casualties unknown.",0,,1753955132
PSE52849,5/23/2024,2024,1,Political violence,Explosions/Remote violence,Shelling/artillery/missile attack,Military Forces of Israel (2022-),,8,Civilians (Palestine),Fishers (Palestine),7,78,Civilian targeting,275,Middle East,Palestine,Gaza Strip,Khan Yunis,,Coast of Khan Yunis,31.3822,34.271,2,Quds News Network; Twitter,New media-National,"On 23 May 2024, Israeli gunboats opened fire toward Palestinian fishing boats near Al Qarara, off the Coast of Khan Yunis (Khan Yunis, Gaza Strip), leaving 2 injuries.",0,,1753955132
PSE52851,5/23/2024,2024,1,Political violence,Explosions/Remote violence,Air/drone strike,Military Forces of Israel (2022-),,8,Civilians (Palestine),Refugees/IDPs (Palestine),7,78,Civilian targeting,275,Middle East,Palestine,Gaza Strip,North Gaza,,Beit Hanoun,31.5405,34.5402,1,Quds News Network; Twitter,New media-National,"On 23 May 2024, Israeli warplanes struck a house in Beit Hanoun (North Gaza, Gaza Strip) amid intense artillery shelling. Casualties unknown. Several displaced Palestinians were injured after a separate attack targeted a refugee site in Al Shawa school in the same area.",0,,1753955132
PSE52824,5/23/2024,2024,1,Political violence,Explosions/Remote violence,Air/drone strike,Military Forces of Israel (2022-),,8,Civilians (Palestine),,7,78,Civilian targeting,275,Middle East,Palestine,Gaza Strip,Rafah,,Rafah,31.287,34.2595,1,Al-Ittihad; Palestine News and Information Agency; Quds News Network; Twitter,New media-National,"On 23 May 2024, Israeli warplanes and UAVs struck a house and opened fire in Rafah City (Rafah, Gaza Strip), leaving injuries.",0,,1762829569
PSE52826,5/23/2024,2024,1,Political violence,Explosions/Remote violence,Air/drone strike,Military Forces of Israel (2022-),,8,Civilians (Palestine),,7,78,Civilian targeting,275,Middle East,Palestine,Gaza Strip,Deir El Balah,,Deir al Balah,31.4178,34.3503,1,Arab 48; Newpress; Palestine News and Information Agency; Quds News Network; Twitter,New media-National,"On 23 May 2024, Israeli warplanes struck an aid warehouse in Deir al Balah (Deir El Balah, Gaza Strip), killing 15 Palestinians, including women and children. This event involved violence over aid.",15,,1754946060
PSE52861,5/24/2024,2024,1,Political violence,Explosions/Remote violence,Air/drone strike,Military Forces of Israel (2022-),,8,Civilians (Palestine),,7,78,Civilian targeting,275,Middle East,Palestine,Gaza Strip,Gaza City,,Gaza - Ad Darraj,31.5172,34.4642,1,Arab 48; Newpress; Palestine News and Information Agency; Quds News Network; Twitter,New media-National,"On 24 May 2024, Israeli warplanes struck a house in Al Shabyia area in Gaza - Ad Darraj (Gaza City, Gaza Strip), leaving 10 fatalities, including women and children.",10,,1759790002
PSE52862,5/24/2024,2024,1,Political violence,Explosions/Remote violence,Air/drone strike,Military Forces of Israel (2022-),,8,Civilians (Palestine),,7,78,Civilian targeting,275,Middle East,Palestine,Gaza Strip,North Gaza,,Jabalya Camp,31.536,34.4907,2,Palestine News and Information Agency; Quds News Network; Twitter,New media-National,"On 24 May 2024, Israeli warplanes struck a house in Al Fakhoura area west of Jabalya Camp (North Gaza, Gaza Strip), leaving 5 fatalities and several injuries. Also, the artillery struck several targets in Al Fakhoura west of the camp. Casualties unknown. Fatalities coded at least 5.",5,,1753955132
PSE52873,5/24/2024,2024,1,Political violence,Explosions/Remote violence,Shelling/artillery/missile attack,Military Forces of Israel (2022-),,8,Civilians (Palestine),,7,78,Civilian targeting,275,Middle East,Palestine,Gaza Strip,Deir El Balah,,Az Zawayda,31.4284,34.366,1,Palestine News and Information Agency,National,"On 24 May 2024, Israeli gunboats shelled the coast of Az Zawayda (Deir El Balah, Gaza Strip), leaving 2 fatalities.",2,,1767742780
PSE52877,5/24/2024,2024,1,Political violence,Explosions/Remote violence,Shelling/artillery/missile attack,Military Forces of Israel (2022-),,8,Civilians (Palestine),Refugees/IDPs (Palestine),7,78,Civilian targeting,275,Middle East,Palestine,Gaza Strip,Deir El Balah,,Al Burayj,31.4394,34.4031,1,Palestine News and Information Agency,National,"On 24 May 2024, Israeli artillery shelled the eastern areas of Al Burayj camp (Deir El Balah, Gaza Strip), leaving injuries.",0,,1753955132
PSE52879,5/24/2024,2024,1,Political violence,Explosions/Remote violence,Air/drone strike,Military Forces of Israel (2022-),,8,Civilians (Palestine),,7,78,Civilian targeting,275,Middle East,Palestine,Gaza Strip,Khan Yunis,,Khan Yunis - West (Municipal Stadium),31.3484,34.2961,2,Arab 48,National,"On 24 May 2024, Israeli warplanes struck targets west of Khan Yunis (coded to Khan Yunis - West (Municipal Stadium), Gaza Strip), leaving injuries.",0,,1753955132
PSE52882,5/24/2024,2024,1,Political violence,Explosions/Remote violence,Air/drone strike,Military Forces of Israel (2022-),,8,Civilians (Palestine),,7,78,Civilian targeting,275,Middle East,Palestine,Gaza Strip,Gaza City,,Gaza - At Tuffah,31.5134,34.4751,1,Arab 48; Newpress; Quds News Network; Twitter,New media-National,"On 24 May 2024, Israeli warplanes struck a house in near Hamza mosque in Gaza - At Tuffah (Gaza City, Gaza Strip), leaving at least 8 fatalities, including women and children.",8,,1759790002
PSE52894,5/24/2024,2024,1,Political violence,Explosions/Remote violence,Air/drone strike,Military Forces of Israel (2022-),,8,Civilians (Palestine),Refugees/IDPs (Palestine),7,78,Civilian targeting,275,Middle East,Palestine,Gaza Strip,Khan Yunis,,Al Mawasi (Khan Yunis),31.3482,34.2547,1,Quds News Network; Twitter,New media-National,"On 24 May 2024, Israeli warplanes struck tents of displaced people in (Al Mawasi (Khan Yunis), Gaza Strip), leaving 5 injuries.",0,,1762829569
PSE52867,5/24/2024,2024,1,Political violence,Explosions/Remote violence,Air/drone strike,Military Forces of Israel (2022-),,8,Civilians (Palestine),,7,78,Civilian targeting,275,Middle East,Palestine,Gaza Strip,Gaza City,,Gaza - Sabra,31.5086,34.4493,1,Palestine News and Information Agency,National,"On 24 May 2024, Israeli warplanes struck a house in Gaza - Sabra (Gaza City, Gaza Strip), killing a woman and leaving a number of injuries. Also, artillery shelled targets in the same area. Casualties unknown. Total fatalities coded at least 1.",1,,1759790002
PSE52863,5/24/2024,2024,1,Political violence,Explosions/Remote violence,Air/drone strike,Military Forces of Israel (2022-),,8,Civilians (Palestine),,7,78,Civilian targeting,275,Middle East,Palestine,Gaza Strip,Gaza City,,Gaza - Sheikh Radwan,31.5349,34.4667,1,Palestine News and Information Agency,National,"On 24 May 2024, Israeli warplanes conducted an airstrike targeting a house in Gaza - Sheikh Radwan (Gaza City, Gaza Strip), leaving 2 fatalities.",2,,1759790002
PSE52870,5/24/2024,2024,1,Political violence,Explosions/Remote violence,Air/drone strike,Military Forces of Israel (2022-),,8,Civilians (Palestine),,7,78,Civilian targeting,275,Middle East,Palestine,Gaza Strip,Gaza City,,Gaza - Sheikh Radwan,31.5349,34.4667,2,Palestine News and Information Agency,National,"On 24 May 2024, Israeli warplanes struck a house in Al Nafaq street north of Gaza City, coded to Gaza - Sheikh Radwan (Gaza City, Gaza Strip). Casualties unknown.",0,,1759790002
PSE52891,5/24/2024,2024,1,Political violence,Explosions/Remote violence,Air/drone strike,Military Forces of Israel (2022-),,8,Civilians (Palestine),,7,78,Civilian targeting,275,Middle East,Palestine,Gaza Strip,Gaza City,,Gaza - Shujaiyya,31.4988,34.4699,1,Newpress; Twitter,New media-National,"On 24 May 2024, Israeli warplanes struck a house in Gaza - Shujaiyya (Gaza City, Gaza Strip). Casualties unknown.",0,,1759790002
PSE52885,5/24/2024,2024,1,Political violence,Explosions/Remote violence,Air/drone strike,Military Forces of Israel (2022-),,8,Civilians (Palestine),,7,78,Civilian targeting,275,Middle East,Palestine,Gaza Strip,Rafah,,Rafah,31.287,34.2595,1,Arab 48; Quds News Network; Twitter,New media-National,"On 24 May 2024, Israeli warplanes carried out strikes in Rafah city (Rafah, Gaza Strip). Casualties unknown. [On 2 February 2025, 4 bodies were recovered from under the rubble in Rafah City. These fatalities were coded to this event].",4,,1762829569
PSE53367,5/25/2024,2024,1,Political violence,Explosions/Remote violence,Air/drone strike,Military Forces of Israel (2022-),,8,Civilians (Palestine),,7,78,Civilian targeting,275,Middle East,Palestine,Gaza Strip,Gaza City,,Gaza - Ad Darraj,31.5172,34.4642,1,Palestine News and Information Agency,National,"On 25 May 2024, Israeli warplanes struck a house in Gaza - Ad Darraj (Gaza City, Gaza strip), leaving fatalities and injuries. Unspecified number of fatalities coded as 3. Also, Israeli tanks and artillery opened fire toward Al Nafaq street in Ad Darraj, causing injuries.",3,,1759790002
PSE53368,5/25/2024,2024,1,Political violence,Explosions/Remote violence,Air/drone strike,Military Forces of Israel (2022-),,8,Civilians (Palestine),,7,78,Civilian targeting,275,Middle East,Palestine,Gaza Strip,Deir El Balah,,An Nusayrat - North,31.4591,34.3923,1,Palestine News and Information Agency; Quds News Network,National,"On 25 May 2024, Israeli warplanes struck a house and apartment in An Nusayrat - North (Deir El Balah, Gaza Strip), leaving 4 fatalities. Also the artillery shelled in the vicinity of the electricity station. Casualties unknown. Fatalities coded as at least 4.",4,,1753955132
PSE53376,5/25/2024,2024,1,Political violence,Explosions/Remote violence,Air/drone strike,Military Forces of Israel (2022-),,8,Civilians (Palestine),,7,78,Civilian targeting,275,Middle East,Palestine,Gaza Strip,Gaza City,,Gaza - Sabra,31.5086,34.4493,1,Newpress; Palestine News and Information Agency; Quds News Network; Twitter,New media-National,"On 25 May 2024, Israeli warplanes struck a house in Gaza - Sabra (Gaza City, Gaza Strip), killing 1 Palestinian woman and injuring others.",1,,1759790002
PSE53379,5/25/2024,2024,1,Political violence,Explosions/Remote violence,Air/drone strike,Military Forces of Israel (2022-),,8,Civilians (Palestine),Refugees/IDPs (Palestine),7,78,Civilian targeting,275,Middle East,Palestine,Gaza Strip,Deir El Balah,,An Nusayrat,31.4486,34.3925,1,Arab 48; Newpress; Palestine News and Information Agency; Quds News Network; Twitter,New media-National,"On 25 May 2024, Israeli warplanes struck a center hosting displaced people in An Nusayrat Camp (Deir El Balah, Gaza Strip), leaving 6 fatalities and dozens of injuries, including children.",6,,1753955132
PSE53381,5/25/2024,2024,1,Political violence,Explosions/Remote violence,Air/drone strike,Military Forces of Israel (2022-),,8,Civilians (Palestine),Refugees/IDPs (Palestine),7,78,Civilian targeting,275,Middle East,Palestine,Gaza Strip,North Gaza,,Jabalya Camp,31.536,34.4907,1,Arab 48; Palestine News and Information Agency; Quds News Network,National,"On 25 May 2024, Israeli warplanes carried out airstrikes and opened fire in Jabalya Camp (North Gaza, Gaza Strip). An unspecified number of Palestinians were killed in Al Falouja of Jabalya camp. Also, the artillery shelled al-Qasasib the western areas of the camp. Casualties unknown. Unspecified fatalities coded as 3.",3,,1753955132
PSE53389,5/25/2024,2024,1,Political violence,Explosions/Remote violence,Air/drone strike,Military Forces of Israel (2022-),,8,Civilians (Palestine),,7,78,Civilian targeting,275,Middle East,Palestine,Gaza Strip,Rafah,,Tal as Sultan,31.3098,34.2414,1,Arab 48,National,"On 25 May 2024, Israeli warplanes struck an apartment in al-Fayruz tower in Tal as Sultan (Rafah, Gaza Strip), injuring 2 persons.",0,,1762829569
PSE53370,5/25/2024,2024,1,Political violence,Explosions/Remote violence,Shelling/artillery/missile attack,Military Forces of Israel (2022-),,8,Civilians (Palestine),,7,78,Civilian targeting,275,Middle East,Palestine,Gaza Strip,Gaza City,,Gaza - Ash Shaykh Ijlin,31.5098,34.4274,1,Palestine News and Information Agency,National,"On 25 May 2024, Israeli tanks and artillery opened fire toward Gaza - Ash Shaykh Ijlin (Gaza City, Gaza Strip), causing injuries.",0,,1753955132
PSE53377,5/25/2024,2024,1,Political violence,Explosions/Remote violence,Air/drone strike,Military Forces of Israel (2022-),,8,Civilians (Palestine),Refugees/IDPs (Palestine),7,78,Civilian targeting,275,Middle East,Palestine,Gaza Strip,North Gaza,,Beit Hanoun,31.5405,34.5402,1,Liveuamap; Newpress; Palestine News and Information Agency; Quds News Network; Twitter,Local partner-New media,"On 25 May 2024, Israeli warplanes struck a house near an area hosting displaced people in Beit Hanoun (North Gaza, Gaza Strip), leaving 10 fatalities and a number of injuries.",10,,1753955132
PSE53369,5/25/2024,2024,1,Political violence,Explosions/Remote violence,Air/drone strike,Military Forces of Israel (2022-),,8,Civilians (Palestine),,7,78,Civilian targeting,275,Middle East,Palestine,Gaza Strip,Gaza City,,Al Mughraqa,31.4675,34.4097,2,Palestine News and Information Agency; Quds News Network,National,"On 25 May 2024, Israeli warplanes struck targets in Wadi Gaza, coded to Al Mughraqa (Gaza City, Gaza Strip), leaving 3 fatalities.",3,,1753955132
PSE53371,5/25/2024,2024,1,Political violence,Explosions/Remote violence,Air/drone strike,Military Forces of Israel (2022-),,8,Civilians (Palestine),,7,78,Civilian targeting,275,Middle East,Palestine,Gaza Strip,Gaza City,,Gaza - Tal el Hawa,31.5041,34.435,1,Palestine News and Information Agency; Quds News Network,National,"On 25 May 2024, Israeli helicopters, tanks, and artillery opened fire in Gaza - Tal el Hawa (Gaza City, Gaza Strip), causing injuries.",0,,1759790002
PSE53372,5/25/2024,2024,1,Political violence,Explosions/Remote violence,Shelling/artillery/missile attack,Military Forces of Israel (2022-),,8,Civilians (Palestine),,7,78,Civilian targeting,275,Middle East,Palestine,Gaza Strip,Gaza City,,Gaza - Az Zaytun,31.4964,34.4522,1,Palestine News and Information Agency,National,"On 25 May 2024, Israeli tanks and artillery opened fire toward Gaza - Az Zaytun (Gaza City, Gaza Strip), causing injuries.",0,,1759790002
PSE53373,5/25/2024,2024,1,Political violence,Explosions/Remote violence,Air/drone strike,Military Forces of Israel (2022-),,8,Civilians (Palestine),,7,78,Civilian targeting,275,Middle East,Palestine,Gaza Strip,North Gaza,,Jabalya,31.5272,34.4835,1,Dunia Al Watan; Newpress; Palestine News and Information Agency; Twitter,New media-National,"On 25 May 2024, Israeli warplanes struck several targets in Jabalya town (North Gaza, Gaza Strip). Casualties unknown. Also, 10 Palestinians were killed and 17 others were injured in an airstrike targeted a school in Al Saftawi area of Jabalya on the same day. Fatalities coded as at least 10.",10,,1759790002
PSE53375,5/25/2024,2024,1,Political violence,Explosions/Remote violence,Air/drone strike,Military Forces of Israel (2022-),,8,Civilians (Palestine),,7,78,Civilian targeting,275,Middle East,Palestine,Gaza Strip,Rafah,,Rafah,31.287,34.2595,1,Palestine News and Information Agency; Quds News Network,National,"On 25 May 2024, a Palestinian was killed in Rafah city (Rafah, Gaza Strip), likely by airstrikes.",1,,1762829569
PSE53378,5/25/2024,2024,1,Political violence,Explosions/Remote violence,Air/drone strike,Military Forces of Israel (2022-),,8,Civilians (Palestine),Refugees/IDPs (Palestine),7,78,Civilian targeting,275,Middle East,Palestine,Gaza Strip,Rafah,,Rafah Camp,31.2847,34.2546,1,Arab 48; Ma'an News Agency; Newpress; Palestine News and Information Agency; Quds News Network; Twitter,New media-National,"On 25 May 2024, Israeli warplanes struck a target at the al-Nejmah roundabout in Al Shaboura camp in Rafah Camp (Rafah, Gaza Strip), leaving 3 fatalities and a number of injuries. Also, helicopters opened fire in Al Shaboura. Casualties unknown. Fatalities coded as at least 3.",3,,1753955132
PSE53380,5/25/2024,2024,1,Political violence,Explosions/Remote violence,Air/drone strike,Military Forces of Israel (2022-),,8,Civilians (Palestine),,7,78,Civilian targeting,275,Middle East,Palestine,Gaza Strip,Rafah,,Khirbet al Adas,31.2855,34.2714,1,Arab 48; Ma'an News Agency; Palestine News and Information Agency; Quds News Network,National,"On 25 May 2024, Israeli warplanes struck a house in Khirbet al Adas (Rafah, Gaza Strip), leaving 6 fatalities, including 2 girls. Also, the artillery shelled the area. Casualties unknown. Fatalities coded as at least 6.",6,,1753955132
PSE53409,5/26/2024,2024,1,Political violence,Explosions/Remote violence,Air/drone strike,Military Forces of Israel (2022-),,8,Civilians (Palestine),Refugees/IDPs (Palestine),7,78,Civilian targeting,275,Middle East,Palestine,Gaza Strip,Deir El Balah,,An Nusayrat,31.4486,34.3925,1,Arab 48; Ma'an News Agency; Newpress; Palestine News and Information Agency; Quds News Network; Twitter,New media-National,"On 26 May 2024, the Israeli warplanes struck targets (including an apartment) in An Nusayrat camp (Deir El Balah, Gaza Strip), leaving at least 9 fatalities.",9,,1753955132
PSE53411,5/26/2024,2024,1,Political violence,Explosions/Remote violence,Air/drone strike,Military Forces of Israel (2022-),,8,Civilians (Palestine),,7,78,Civilian targeting,275,Middle East,Palestine,Gaza Strip,North Gaza,,Beit Lahiya - Al Mashroo,31.5433,34.4998,1,Palestine News and Information Agency,National,"On 26 May 2024, Israeli warplanes struck a house in Beit Lahiya - Al Mashroo (North Gaza, Gaza Strip). Casualties unknown.",0,,1753955132
PSE53412,5/26/2024,2024,1,Political violence,Explosions/Remote violence,Shelling/artillery/missile attack,Military Forces of Israel (2022-),,8,Civilians (Palestine),,7,78,Civilian targeting,275,Middle East,Palestine,Gaza Strip,Khan Yunis,,Abasan al Kabirah,31.3191,34.3401,1,Palestine News and Information Agency; Quds News Network; Twitter,New media-National,"On 26 May 2024, the Israeli artillery shelled a group of Palestinians in Abasan al Kabirah (Khan Yunis, Gaza Strip), killing 1 woman and injuring a number of others.",1,,1753955132
PSE53426,5/26/2024,2024,1,Political violence,Explosions/Remote violence,Shelling/artillery/missile attack,Military Forces of Israel (2022-),,8,Civilians (Palestine),,7,78,Civilian targeting,275,Middle East,Palestine,Gaza Strip,Deir El Balah,,Al Burayj,31.4394,34.4031,2,Quds News Network; Twitter,New media-National,"On 26 May 2024, Israeli artillery shelled east of Al Burayj camp (Deir El Balah, Gaza Strip), leaving 2 fatalities.",2,,1753955132
PSE53427,5/26/2024,2024,1,Political violence,Explosions/Remote violence,Air/drone strike,Military Forces of Israel (2022-),,8,Civilians (Palestine),,7,78,Civilian targeting,275,Middle East,Palestine,Gaza Strip,Deir El Balah,,An Nusayrat - North,31.4591,34.3923,2,Quds News Network; Twitter,New media-National,"On 26 May 2024, Israeli warplanes struck an apartment in Al Nuri tower in An Nusayrat - North (Deir El Balah, Gaza Strip), killing a woman. Also, 2 Palestinians were injured near the electricity station in the same area.",1,,1753955132
PSE53429,5/26/2024,2024,1,Political violence,Explosions/Remote violence,Air/drone strike,Military Forces of Israel (2022-),,8,Civilians (Palestine),,7,78,Civilian targeting,275,Middle East,Palestine,Gaza Strip,North Gaza,,Beit Hanoun,31.5405,34.5402,1,Quds News Network; Twitter,New media-National,"On 26 May 2024, Israeli warplanes struck a house in Beit Hanoun (North Gaza, Gaza Strip), leaving injuries.",0,,1753955132
PSE53408,5/26/2024,2024,1,Political violence,Explosions/Remote violence,Air/drone strike,Military Forces of Israel (2022-),,8,Civilians (Palestine),Refugees/IDPs (Palestine),7,78,Civilian targeting,275,Middle East,Palestine,Gaza Strip,Rafah,,Yibna,31.2842,34.2482,1,Arab 48; Ma'an News Agency; Newpress; Palestine News and Information Agency; Quds News Network; Twitter,New media-National,"On 26 May 2024, Israeli warplanes carried out strikes in Yibna Camp (Rafah, Gaza Strip). Casualties unknown. Also, the artillery shelled targets in the same area, causing injuries.",0,,1753955132
PSE53414,5/26/2024,2024,1,Political violence,Explosions/Remote violence,Air/drone strike,Military Forces of Israel (2022-),,8,Civilians (Palestine),,7,78,Civilian targeting,275,Middle East,Palestine,Gaza Strip,North Gaza,,Jabalya,31.5272,34.4835,1,Newpress; Palestine News and Information Agency; Quds News Network; Twitter,New media-National,"On 26 May 2024, Israeli warplanes struck a house in Al Nuzlah area of Jabalya town (North Gaza, Gaza Strip), leaving at least 13 fatalities and dozens of injuries including a women and children.",13,,1759790002
PSE53413,5/26/2024,2024,1,Political violence,Explosions/Remote violence,Air/drone strike,Military Forces of Israel (2022-),,8,Civilians (Palestine),,7,78,Civilian targeting,275,Middle East,Palestine,Gaza Strip,Rafah,,Rafah,31.287,34.2595,1,Arab 48; Palestine News and Information Agency; Quds News Network; Twitter,New media-National,"On 26 May 2024, Israeli warplanes struck a house in Rafah city (Rafah, Gaza Strip), leaving one fatality and a number of injuries. Also, the artillery shelled targets in the same area. Casualties unknown. Fatalities coded as at least 1.",1,,1762829569
PSE53438,5/27/2024,2024,1,Political violence,Explosions/Remote violence,Air/drone strike,Military Forces of Israel (2022-),,8,Civilians (Palestine),,7,78,Civilian targeting,275,Middle East,Palestine,Gaza Strip,Gaza City,,Gaza - Sheikh Radwan,31.5349,34.4667,2,Palestine News and Information Agency; Quds News Network; Twitter,New media-National,"On 27 May 2024, Israeli warplanes struck a house north of Gaza city, coded to Gaza - Sheikh Radwan (Gaza City, Gaza Strip), leaving 5 fatalities, including women and children.",5,,1759790002
PSE53452,5/27/2024,2024,1,Political violence,Explosions/Remote violence,Air/drone strike,Military Forces of Israel (2022-),,8,Police Forces of Palestine (2007-) Gaza Strip,Hamas Movement,1,18,,275,Middle East,Palestine,Gaza Strip,Deir El Balah,,An Nusayrat,31.4486,34.3925,1,Palestine News and Information Agency; Quds News Network; Twitter,New media-National,"On 27 May 2024, Israeli warplanes struck a group of Hamas police officers in An Nusayrat camp (Deir El Balah, Gaza Strip), leaving 3 fatalities.",3,,1753955132
PSE53453,5/27/2024,2024,1,Political violence,Explosions/Remote violence,Air/drone strike,Military Forces of Israel (2022-),,8,Civilians (Palestine),,7,78,Civilian targeting,275,Middle East,Palestine,Gaza Strip,Deir El Balah,,An Nusayrat - South,31.4389,34.3815,1,Palestine News and Information Agency,National,"On 27 May 2024, Israeli warplanes struck targets in An Nusayrat - South (Deir El Balah, Gaza Strip), leaving at least 2 fatalities.",2,,1753955132
PSE53455,5/27/2024,2024,1,Political violence,Explosions/Remote violence,Shelling/artillery/missile attack,Military Forces of Israel (2022-),,8,Civilians (Palestine),,7,78,Civilian targeting,275,Middle East,Palestine,Gaza Strip,North Gaza,,Beit Lahiya,31.5541,34.5016,1,Arab 48; Newpress; Twitter,New media-National,"On 27 May 2024, Israeli artillery shelled several locations in Beit Lahiya (North Gaza, Gaza Strip). Casualties unknown. Also, 6 Palestinians were killed by Israeli fire near Kamal Odwan Hospital. Fatalities coded as at least 6.",6,,1753955132
PSE53464,5/27/2024,2024,1,Political violence,Explosions/Remote violence,Air/drone strike,Military Forces of Israel (2022-),,8,Civilians (Palestine),Refugees/IDPs (Palestine),7,78,Civilian targeting,275,Middle East,Palestine,Gaza Strip,Deir El Balah,,Al Burayj,31.4394,34.4031,1,Palestine News and Information Agency; Quds News Network; Twitter,New media-National,"On 27 May 2024, Israeli warplanes struck a house in Al Burayj camp (Deir El Balah, Gaza Strip), killing 1 child and injuring a number of people.",1,,1753955132
PSE53472,5/27/2024,2024,1,Political violence,Explosions/Remote violence,Air/drone strike,Military Forces of Israel (2022-),,8,Civilians (Palestine),,7,78,Civilian targeting,275,Middle East,Palestine,Gaza Strip,Gaza City,,Gaza - Ad Darraj,31.5172,34.4642,1,Quds News Network; Twitter,New media-National,"On 27 May 2024, Israeli warplanes struck a house in Bani Amer area of Gaza - Ad Darraj (Gaza City, Gaza Strip), killing 2 Palestinians and injuring others.",2,,1759790002
PSE53437,5/27/2024,2024,1,Political violence,Explosions/Remote violence,Air/drone strike,Military Forces of Israel (2022-),,8,Civilians (Palestine),,7,78,Civilian targeting,275,Middle East,Palestine,Gaza Strip,Rafah,,Tal as Sultan,31.3098,34.2414,2,Palestine News and Information Agency,National,"On 27 May 2024, Israeli warplanes struck a house near Bader junction west of Rafah, coded to Tal as Sultan (Rafah, West Bank), leaving 4 fatalities.",4,,1762829569
PSE53449,5/27/2024,2024,1,Political violence,Explosions/Remote violence,Shelling/artillery/missile attack,Military Forces of Israel (2022-),,8,Civilians (Palestine),Fishers (Palestine),7,78,Civilian targeting,275,Middle East,Palestine,Gaza Strip,Khan Yunis,,Coast of Khan Yunis,31.3822,34.271,2,Palestine News and Information Agency; Quds News Network; Twitter,New media-National,"On 27 May 2024, Israeli gunboats opened fire toward Palestinian fishing boats near Al Qarara, off the Coast of Khan Yunis (Khan Yunis, Gaza Strip). Casualties unknown.",0,,1753955132
PSE53458,5/27/2024,2024,1,Political violence,Explosions/Remote violence,Air/drone strike,Military Forces of Israel (2022-),,8,Civilians (Palestine),,7,78,Civilian targeting,275,Middle East,Palestine,Gaza Strip,North Gaza,,Jabalya,31.5272,34.4835,2,Arab 48,National,"On 27 May 2024, 1 Palestinian was killed near al Qerm roundabout east of Jabalya (North Gaza, Gaza Strip), likely by Israeli airstrikes or artillery fire.",1,,1759790002
PSE53450,5/27/2024,2024,1,Political violence,Explosions/Remote violence,Air/drone strike,Military Forces of Israel (2022-),,8,Civilians (Palestine),Health Workers (Palestine),7,78,Civilian targeting,275,Middle East,Palestine,Gaza Strip,Rafah,,Rafah,31.287,34.2595,1,Newpress; Palestine News and Information Agency; Twitter,New media-National,"On 27 May 2024, Israeli warplanes struck the gate of Kuwait Hospital in Rafah (Rafah, Gaza Strip) killing 2 health workers and injuring 5. Also, the artillery shelled targets in Rafah city. Casualties unknown. Fatalities coded as at least 2.",2,,1762829569
PSE53454,5/27/2024,2024,1,Political violence,Explosions/Remote violence,Air/drone strike,Military Forces of Israel (2022-),,8,Civilians (Palestine),,7,78,Civilian targeting,275,Middle East,Palestine,Gaza Strip,Rafah,,Khirbet al Adas,31.2855,34.2714,2,Palestine News and Information Agency; Quds News Network; Twitter,New media-National,"On 27 May 2024, Israeli warplanes struck a house in Arabiya area north of Rafah, coded to Khirbet al Adas (Rafah, Gaza Strip), leaving at least 7 fatalities.",7,,1753955132
PSE53479,5/28/2024,2024,1,Political violence,Explosions/Remote violence,Air/drone strike,Military Forces of Israel (2022-),,8,Civilians (Palestine),Health Workers (Palestine); Refugees/IDPs (Palestine),7,78,Civilian targeting,275,Middle East,Palestine,Gaza Strip,Deir El Balah,,Al Burayj,31.4394,34.4031,1,Palestine News and Information Agency; Quds News Network,National,"On 28 May 2024, Israeli warplanes struck a house in Al Burayj refugee camp (Deir El Balah, Gaza Strip), killing at least 2 Palestinians (a doctor and his child), and leaving a number of injuries.",2,,1753955132
PSE53480,5/28/2024,2024,1,Political violence,Explosions/Remote violence,Air/drone strike,Military Forces of Israel (2022-),,8,Civilians (Palestine),,7,78,Civilian targeting,275,Middle East,Palestine,Gaza Strip,Gaza City,,Gaza - Ad Darraj,31.5172,34.4642,1,Palestine News and Information Agency; Quds News Network,National,"On 28 May 2024, Israeli warplanes struck a house in Gaza - Ad Darraj (Gaza City, Gaza Strip), leaving 3 fatalities and a number of injuries.",3,,1759790002
PSE53486,5/28/2024,2024,1,Political violence,Explosions/Remote violence,Air/drone strike,Military Forces of Israel (2022-),,8,Civilians (Palestine),Refugees/IDPs (Palestine),7,78,Civilian targeting,275,Middle East,Palestine,Gaza Strip,North Gaza,,Jabalya Camp,31.536,34.4907,1,Arab 48; Palestine News and Information Agency; Quds News Network,National,"On 28 May 2024, Israeli warplanes struck a group of displaced people while attempting to return to the Al Falouja area in Jabalya Camp (North Gaza, Gaza Strip), leaving serious injuries. Also, the artillery shelled targets in the same area. Casualties unknown.",0,,1753955132
PSE53490,5/28/2024,2024,1,Political violence,Explosions/Remote violence,Air/drone strike,Military Forces of Israel (2022-),,8,Civilians (Palestine),,7,78,Civilian targeting,275,Middle East,Palestine,Gaza Strip,Gaza City,,Gaza - Sabra,31.5086,34.4493,1,Arab 48; Palestine News and Information Agency; Quds News Network,National,"On 28 May 2024, Israeli warplanes struck a house near Abdallah Azzam mosque in Gaza - Sabra (Gaza City, Gaza Strip), leaving injuries. Meanwhile, the artillery positioned at the Nezarim shelled targets in the same area. Casualties unknown.",0,,1759790002
PSE53492,5/28/2024,2024,1,Political violence,Explosions/Remote violence,Shelling/artillery/missile attack,Military Forces of Israel (2022-),,8,Civilians (Palestine),Health Workers (Palestine),7,78,Civilian targeting,275,Middle East,Palestine,Gaza Strip,North Gaza,,Beit Lahiya,31.5541,34.5016,1,Arab 48; Newpress; Palestine News and Information Agency; Twitter,New media-National,"On 28 May 2024, Israeli forces (likely tanks) opened fire in the vicinity of Kamal Odwan hospital in Beit Lahiya (North Gaza, Gaza Strip), killing 6 persons (including a doctor) and injuring other. Also, the artillery shelled targets in the same area. Casualties unknown. Fatalities coded as at least 6.",6,,1753955132
PSE53493,5/28/2024,2024,1,Political violence,Explosions/Remote violence,Air/drone strike,Military Forces of Israel (2022-),,8,Civilians (Palestine),Refugees/IDPs (Palestine),7,78,Civilian targeting,275,Middle East,Palestine,Gaza Strip,Rafah,,Al Mawasi (Rafah),31.3294,34.2299,1,Al-Ittihad; Arab 48; Arutz Sheva; Joe Truzman; Newpress; Palestine News and Information Agency; Quds News Network; Twitter,New media-National,"On 28 May 2024, Israeli warplanes struck tents of displaced Palestinians in Al Mawasi (Rafah) (Gaza Strip), leaving at least 21 fatalities. The IDF denied involvement in any attack in the Humanitarian Area of Mawasi.",21,,1762829569
PSE53494,5/28/2024,2024,1,Political violence,Explosions/Remote violence,Air/drone strike,Military Forces of Israel (2022-),,8,Civilians (Palestine),,7,78,Civilian targeting,275,Middle East,Palestine,Gaza Strip,Deir El Balah,,An Nusayrat - North,31.4591,34.3923,1,Al-Ittihad; Palestine News and Information Agency; Quds News Network,National-Regional,"On 28 May 2024, Israeli warplanes struck targets in An Nusayrat - North (Deir El Balah, Gaza Strip), leaving 4 fatalities. Also, the artillery shelled targets in An Nusayrat - North. Casualties unknown. Fatalities coded as at least 4.",4,,1753955132
PSE53509,5/28/2024,2024,1,Political violence,Explosions/Remote violence,Air/drone strike,Military Forces of Israel (2022-),,8,Civilians (Palestine),,7,78,Civilian targeting,275,Middle East,Palestine,Gaza Strip,Deir El Balah,,An Nusayrat - West,31.4525,34.3756,1,Arab 48,National,"On 28 May 2024, Israeli warplanes struck a passing Palestinian car in An Nusayrat - West (Deir El Balah, Gaza Strip), leaving 2 injuries.",0,,1753955132
PSE53517,5/28/2024,2024,1,Political violence,Explosions/Remote violence,Air/drone strike,Military Forces of Israel (2022-),,8,Civilians (Palestine),,7,78,Civilian targeting,275,Middle East,Palestine,Gaza Strip,Gaza City,,Gaza - At Tuffah,31.5134,34.4751,1,Quds News Network,National,"On 28 May 2024, Israeli warplanes struck a house in Gaza - At Tuffah (Gaza City, Gaza Strip). Casualties unknown.",0,,1759790002
PSE53484,5/28/2024,2024,1,Political violence,Explosions/Remote violence,Air/drone strike,Military Forces of Israel (2022-),,8,Civilians (Palestine),Aid Workers (Palestine); Health Workers (Palestine); Palestinian Red Crescent Society,7,78,Civilian targeting,275,Middle East,Palestine,Gaza Strip,Rafah,,Tal as Sultan,31.3098,34.2414,2,Palestine News and Information Agency; Quds News Network,National,"On 28 May 2024, warplanes struck a target in Al Emarti area and al-Eskan al-Abyad west of Rafah, coded to Tal as Sultan (Rafah, Gaza Strip), killing 3 PRCS health workers. Also, the Israeli tanks shelled targets and opened fire in the vicinity of Zurob roundabout west of Rafah, coded to Tal as Sultan. Casualties unknown. Fatalities coded as at least 3.",3,,1762829569
PSE53481,5/28/2024,2024,1,Political violence,Explosions/Remote violence,Air/drone strike,Military Forces of Israel (2022-),,8,Civilians (Palestine),Refugees/IDPs (Palestine),7,78,Civilian targeting,275,Middle East,Palestine,Gaza Strip,Rafah,,Tal as Sultan,31.3098,34.2414,1,Newpress; Palestine News and Information Agency; Quds News Network; Twitter,New media-National,"On 28 May 2024, Israeli warplanes struck a tent belonging to displaced people at the UNRWA gate in Tal as Sultan (Rafah, Gaza Strip), leaving at least 7 fatalities and a number of injuries. Also, the artillery shelled targets and the UAVs opened fire in the Tal as Sultan and targeted a building of the Indonesian hospital. Casualties unknown. Also, Israel warplanes struck several targets, including houses, killing 1 woman and injuring a number of Palestinians. Total fatalities coded as at least 8.",8,,1762829569
PSE53500,5/28/2024,2024,1,Political violence,Explosions/Remote violence,Air/drone strike,Military Forces of Israel (2022-),,8,Civilians (Palestine),,7,78,Civilian targeting,275,Middle East,Palestine,Gaza Strip,North Gaza,,Beit Hanoun,31.5405,34.5402,1,Arab 48; Newpress; Quds News Network; Twitter,New media-National,"On 28 May 2024, Israeli warplanes struck targets (including houses) in Beit Hanoun (North Gaza, Gaza Strip), killing at least 1 girl.",1,,1753955132
PSE53478,5/28/2024,2024,1,Political violence,Explosions/Remote violence,Air/drone strike,Military Forces of Israel (2022-),,8,Civilians (Palestine),,7,78,Civilian targeting,275,Middle East,Palestine,Gaza Strip,Rafah,,Yibna,31.2842,34.2482,2,PLO Negotiations Affairs Department; Quds News Network,Other-National,"On 28 May 2024, Israeli warplanes struck targets east of Rafah, coded to Yibna (Rafah, Gaza Strip), killing 2 Palestinians. Also, the artillery shelled targets east of Rafah. Casualties unknown. Fatalities coded as at least 2.",2,,1753955132
PSE53503,5/28/2024,2024,1,Political violence,Explosions/Remote violence,Air/drone strike,Military Forces of Israel (2022-),,8,Civilians (Palestine),,7,78,Civilian targeting,275,Middle East,Palestine,Gaza Strip,Gaza City,,Al Mughraqa,31.4675,34.4097,2,Arab 48; Newpress; Twitter,New media-National,"On 28 May 2024, Israeli warplanes struck 2 houses near Wadi Gaza, coded to Al Mughraqa (Gaza City, Gaza Strip). Casualties unknown.",0,,1753955132
PSE53514,5/28/2024,2024,1,Political violence,Explosions/Remote violence,Shelling/artillery/missile attack,Military Forces of Israel (2022-),,8,Civilians (Palestine),,7,78,Civilian targeting,275,Middle East,Palestine,Gaza Strip,Gaza City,,Al Mughraqa,31.4675,34.4097,1,Quds News Network,National,"On 28 May 2024, Israeli artillery shelled Al Mughraqa (Gaza City, Gaza Strip), leaving 2 fatalities.",2,,1753955132
PSE53516,5/28/2024,2024,1,Political violence,Explosions/Remote violence,Air/drone strike,Military Forces of Israel (2022-),,8,Civilians (Palestine),,7,78,Civilian targeting,275,Middle East,Palestine,Gaza Strip,North Gaza,,Jabalya,31.5272,34.4835,1,Quds News Network,National,"On 28 May 2024, Israeli warplanes struck the entrance of Najm al-Deen Arbkan school in Jabalya town (North Gaza, Gaza Strip), leaving 2 fatalities.",2,,1759790002
PSE53482,5/28/2024,2024,1,Political violence,Explosions/Remote violence,Air/drone strike,Military Forces of Israel (2022-),,8,Civilians (Palestine),,7,78,Civilian targeting,275,Middle East,Palestine,Gaza Strip,Rafah,,Rafah,31.287,34.2595,1,Newpress; Palestine News and Information Agency; Twitter,New media-National,"On 28 May 2024, a Palestinian was killed in Rafah city (Rafah, Gaza Strip), likely by airstrikes or artillery fire.",1,,1762829569
PSE53518,5/29/2024,2024,1,Political violence,Explosions/Remote violence,Air/drone strike,Military Forces of Israel (2022-),,8,Civilians (Palestine),,7,78,Civilian targeting,275,Middle East,Palestine,Gaza Strip,Gaza City,,Gaza - Shujaiyya,31.4988,34.4699,2,Arab 48; Ma'an News Agency; Newpress; Palestine News and Information Agency; PLO Negotiations Affairs Department; Twitter,Other-New media,"On 29 May 2024, Israeli warplanes struck a house near Al Zahra school east of Gaza city, coded to Gaza - Shujaiyya (Gaza City, Gaza Strip) leaving at least 5 fatalities and a number of injuries. Also, the Israeli artillery and tanks shelled targets east of Gaza City. Casualties unknown. Fatalities coded as at least 5.",5,,1759790002
PSE53524,5/29/2024,2024,1,Political violence,Explosions/Remote violence,Air/drone strike,Military Forces of Israel (2022-),,8,Civilians (Palestine),,7,78,Civilian targeting,275,Middle East,Palestine,Gaza Strip,Gaza City,,Gaza - Sheikh Radwan,31.5349,34.4667,1,Palestine News and Information Agency; Quds News Network,National,"On 29 May 2024, Israeli warplanes struck a house in Gaza - Sheikh Radwan (Gaza City, Gaza Strip), leaving a number of fatalities. Unspecified number of fatalities coded as 3.",3,,1759790002
PSE53525,5/29/2024,2024,1,Political violence,Explosions/Remote violence,Air/drone strike,Military Forces of Israel (2022-),,8,Civilians (Palestine),,7,78,Civilian targeting,275,Middle East,Palestine,Gaza Strip,Deir El Balah,,An Nusayrat - North,31.4591,34.3923,1,Palestine News and Information Agency; Quds News Network,National,"On 29 May 2024, Israeli warplanes struck a house Al Mufti area of An Nusayrat - North (Deir El Balah, Gaza Strip). Casualties unknown. Also, the artillery shelled the same area. Casualties unknown.",0,,1753955132
PSE53529,5/29/2024,2024,1,Political violence,Explosions/Remote violence,Air/drone strike,Military Forces of Israel (2022-),,8,Civilians (Palestine),Refugees/IDPs (Palestine),7,78,Civilian targeting,275,Middle East,Palestine,Gaza Strip,Deir El Balah,,An Nusayrat,31.4486,34.3925,1,Palestine News and Information Agency,National,"On 29 May 2024, Israeli warplanes struck a house in the new camp of An Nusayrat camp (Deir El Balah, Gaza Strip), leaving 3 injuries.",0,,1753955132
PSE53523,5/29/2024,2024,1,Political violence,Explosions/Remote violence,Air/drone strike,Military Forces of Israel (2022-),,8,Police Forces of Palestine (2007-) Gaza Strip,Civilians (Palestine); Hamas Movement,1,18,,275,Middle East,Palestine,Gaza Strip,Khan Yunis,,Khan Yunis - Maen,31.336,34.3172,1,Arab 48; Israeli Defense Forces; Jerusalem Post; Joe Truzman; Palestine News and Information Agency; Quds News Network; Twitter,Other-New media,"On 29 May 2024, Israeli warplanes struck a house in Khan Yunis - Maen (Khan Yunis, Gaza Strip), killing an unspecified number of Palestinians including children and at least 3 Hamas police officers including the Hamas Police logistics chief. Unspecified Palestinian civilian fatalities coded as 3. Total fatalities coded as at least 6.",6,,1753955132
PSE53528,5/29/2024,2024,1,Political violence,Explosions/Remote violence,Air/drone strike,Military Forces of Israel (2022-),,8,Civilians (Palestine),,7,78,Civilian targeting,275,Middle East,Palestine,Gaza Strip,Rafah,,Tal as Sultan,31.3098,34.2414,2,Palestine News and Information Agency,National,"On 29 May 2024, Israeli warplanes carried out airstrikes and the tanks shelled targets, including houses in Tal Zurob and west of Rafah, coded to Tal as Sultan (Rafah, Gaza Strip). Casualties unknown. Also, a warplane targeted a passing Palestinian car near Al Alam roundabout west of Rafah, causing injuries.",0,,1762829569
PSE53532,5/29/2024,2024,1,Political violence,Explosions/Remote violence,Air/drone strike,Military Forces of Israel (2022-),,8,Civilians (Palestine),,7,78,Civilian targeting,275,Middle East,Palestine,Gaza Strip,Rafah,,Tal as Sultan,31.3098,34.2414,1,Arab 48; Ma'an News Agency; Newpress; Palestine News and Information Agency; Quds News Network; Twitter,New media-National,"On 29 May 2024, Israeli warplanes struck targets and a house in Tal as Sultan (Rafah, Gaza Strip), leaving 3 fatalities. Also, 2 PRCS paramedics were killed after a warplane struck their ambulance near Abu as Said roundabout in Tal as Sultan. Total fatalities were coded 5.",5,,1762829569
PSE53552,5/29/2024,2024,1,Political violence,Explosions/Remote violence,Air/drone strike,Military Forces of Israel (2022-),,8,Civilians (Palestine),,7,78,Civilian targeting,275,Middle East,Palestine,Gaza Strip,Gaza City,,Gaza - Southern Remal,31.5168,34.4355,1,Newpress; Quds News Network; Twitter,New media-National,"On 29 May 2024, Israeli warplanes struck a house in Gaza - Southern Remal (Gaza City, Gaza Strip). Casualties unknown.",0,,1759790002
PSE53522,5/29/2024,2024,1,Political violence,Explosions/Remote violence,Air/drone strike,Military Forces of Israel (2022-),,8,Civilians (Palestine),,7,78,Civilian targeting,275,Middle East,Palestine,Gaza Strip,Rafah,,Yibna,31.2842,34.2482,2,Newpress; Palestine News and Information Agency; PLO Negotiations Affairs Department; Quds News Network; Twitter,Other-New media,"On 29 May 2024, Israeli warplanes struck a group of Palestinians in Kas al-Mashroua area east of Rafah, coded to Yibna (Rafah, Gaza Strip), killing 1 Palestinian and injuring 20. Also, the artillery shelled east of Rafah and tanks opened fire in the same area. Casualties unknown. In addition, Israeli helicopters opened fire east of Rafah. Casualties unknown. Fatalities coded as at least 1.",1,,1753955132
PSE53526,5/29/2024,2024,1,Political violence,Explosions/Remote violence,Air/drone strike,Military Forces of Israel (2022-),,8,Civilians (Palestine),Refugees/IDPs (Palestine),7,78,Civilian targeting,275,Middle East,Palestine,Gaza Strip,Rafah,,Yibna,31.2842,34.2482,1,Palestine News and Information Agency; Quds News Network,National,"On 29 May 2024, Israeli warplanes carried out airstrikes and tanks opened fire and shelled targets (including houses) in Yibna camp (Rafah, Gaza Strip). Casualties unknown.",0,,1753955132
PSE53527,5/29/2024,2024,1,Political violence,Explosions/Remote violence,Air/drone strike,Military Forces of Israel (2022-),,8,Civilians (Palestine),Refugees/IDPs (Palestine),7,78,Civilian targeting,275,Middle East,Palestine,Gaza Strip,Rafah,,Rafah Camp,31.2847,34.2546,2,Palestine News and Information Agency; Quds News Network,National,"On 29 May 2024, Israeli warplanes carried out airstrikes and tanks shelled targets, including houses in center of Rafah and in Al Shaboura Camp, coded to Rafah camp (Rafah, Gaza Strip). 21 Palestinians were killed in Rafah area during the day [7 fatalities were coded to this location].",7,,1753955132
PSE53538,5/29/2024,2024,1,Political violence,Explosions/Remote violence,Air/drone strike,Military Forces of Israel (2022-),,8,Civilians (Palestine),,7,78,Civilian targeting,275,Middle East,Palestine,Gaza Strip,Rafah,,Khirbet al Adas,31.2855,34.2714,2,Arab 48; Newpress; Quds News Network; Twitter,New media-National,"On 29 May 2024, Israeli warplanes struck a house north of Rafah, coded to Khirbet al Adas (Rafah, Gaza Strip), killing a woman and 3 children. Also, warplanes struck a house in Musabbah area north of Rafah. Casualties unknown. Fatalities coded as at least 4.",4,,1753955132
PSE71323,5/29/2024,2024,1,Political violence,Battles,Armed clash,Police Forces of Palestine (2007-) Gaza Strip,Hamas Movement,1,Abu Samra Clan Militia (Palestine),,4,14,,275,Middle East,Palestine,Gaza Strip,Deir El Balah,,Deir al Balah,31.4178,34.3503,1,The Independent Commission For Human Rights,National,"On 29 May 2024, Palestinian police and members of the Abu Samra local clan exchanged of fire in Al Barakeh area in Deir al Balah city (Deir El Balah, Gaza Strip), killing three persons including a police officer. The incident began as a verbal dispute before escalating into an armed clash involving pistols and a Kalashnikov.",3,,1744085448
PSE71325,5/29/2024,2024,1,Political violence,Violence against civilians,Attack,Unidentified Armed Group (Palestine),,3,Civilians (Palestine),Fatah Movement,7,37,Civilian targeting,275,Middle East,Palestine,Gaza Strip,Deir El Balah,,Deir al Balah,31.4178,34.3503,1,The Independent Commission For Human Rights,National,"On 29 May 2024, unidentified assailants shot dead a 55-year-old Palestinian resident of Al Burayj, who was a former leader in the Jenin Martyrs Brigades and a former prisoner and a Fatah activist, while present near Al-Baraka intersection in Deir al Balah city (Deir El Balah, Gaza Strip).",1,,1744085448
PSE53539,5/29/2024,2024,1,Political violence,Explosions/Remote violence,Air/drone strike,Military Forces of Israel (2022-),,8,Civilians (Palestine),Refugees/IDPs (Palestine),7,78,Civilian targeting,275,Middle East,Palestine,Gaza Strip,Rafah,,As Salam,31.2678,34.2567,1,Arab 48; Quds News Network,National,"On 29 May 2024, Israeli warplanes struck a house hosting displaced people in As Salam (Rafah, Gaza Strip), leaving 4 fatalities.",4,,1753955132
PSE53567,5/30/2024,2024,1,Political violence,Explosions/Remote violence,Air/drone strike,Military Forces of Israel (2022-),,8,Civilians (Palestine),Refugees/IDPs (Palestine),7,78,Civilian targeting,275,Middle East,Palestine,Gaza Strip,Deir El Balah,,An Nusayrat,31.4486,34.3925,1,Palestine News and Information Agency; Quds News Network; Twitter,New media-National,"On 30 May 2024, Israeli warplanes struck a house in An Nusayrat refugee camp (Deir El Balah, Gaza Strip), killing 4 Palestinians and injuring 15.",4,,1753955132
PSE53573,5/30/2024,2024,1,Political violence,Explosions/Remote violence,Air/drone strike,Military Forces of Israel (2022-),,8,Civilians (Palestine),Refugees/IDPs (Palestine),7,78,Civilian targeting,275,Middle East,Palestine,Gaza Strip,Gaza City,,Gaza - Ash Shati' Camp,31.5349,34.4466,1,Arab 48; Palestine News and Information Agency; Quds News Network; Twitter,New media-National,"On 30 May 2024, Israeli warplanes struck a house in Gaza - Ash Shati' Camp (Gaza City, Gaza Strip), leaving 1 fatality and 6 injuries.",1,,1759790002
PSE53574,5/30/2024,2024,1,Political violence,Explosions/Remote violence,Air/drone strike,Military Forces of Israel (2022-),,8,Civilians (Palestine),,7,78,Civilian targeting,275,Middle East,Palestine,Gaza Strip,North Gaza,,Beit Lahiya - Al Mashroo,31.5433,34.4998,1,Palestine News and Information Agency,National,"On 30 May 2024, Israeli warplanes struck an apartment in Beit Lahiya - Al Mashroo (North Gaza, Gaza Strip), leaving injuries.",0,,1753955132
PSE53575,5/30/2024,2024,1,Political violence,Explosions/Remote violence,Air/drone strike,Military Forces of Israel (2022-),,8,Civilians (Palestine),Refugees/IDPs (Palestine),7,78,Civilian targeting,275,Middle East,Palestine,Gaza Strip,Deir El Balah,,Al Maghazi,31.4214,34.3865,1,Palestine News and Information Agency; Quds News Network; Twitter,New media-National,"On 30 May 2024, Israeli warplanes struck an apartment in Al Maghazi camp (Deir El Balah, Gaza Strip). Casualties unknown. Also, the Israeli artillery shelled a UNRWA clinic in the camp. Casualties unknown.",0,,1753955132
PSE53579,5/30/2024,2024,1,Political violence,Explosions/Remote violence,Air/drone strike,Military Forces of Israel (2022-),,8,Civilians (Palestine),,7,78,Civilian targeting,275,Middle East,Palestine,Gaza Strip,Gaza City,,Gaza - Ad Darraj,31.5172,34.4642,1,Arab 48,National,"On 30 May 2024, Israeli warplanes struck a residential building in Gaza - Ad Darraj (Gaza City, Gaza Strip), leaving fatalities and injuries. Unspecified number of fatalities coded as 3.",3,,1759790002
PSE53585,5/30/2024,2024,1,Political violence,Explosions/Remote violence,Air/drone strike,Military Forces of Israel (2022-),,8,Civilians (Palestine),,7,78,Civilian targeting,275,Middle East,Palestine,Gaza Strip,Gaza City,,Gaza - Sabra,31.5086,34.4493,1,Arab 48; Quds News Network; Twitter,New media-National,"On 30 May 2024, Israeli warplanes struck targets in Gaza - Sabra (Gaza City, Gaza Strip). Casualties unknown. Also, a Palestinian was killed in an Israeli artillery shelling. Fatalities coded as at least 1.",1,,1759790002
PSE53586,5/30/2024,2024,1,Political violence,Explosions/Remote violence,Air/drone strike,Military Forces of Israel (2022-),,8,Civilians (Palestine),,7,78,Civilian targeting,275,Middle East,Palestine,Gaza Strip,North Gaza,,Beit Lahiya,31.5541,34.5016,1,Arab 48; Quds News Network; Twitter,New media-National,"On 30 May 2024, Israeli UAVs opened fire in Beit Lahiya (North Gaza, Gaza Strip) amid artillery shelling. 3 bodies were recovered from under the rubble. Fatalities coded as at least 3.",3,,1753955132
PSE53594,5/30/2024,2024,1,Political violence,Explosions/Remote violence,Air/drone strike,Military Forces of Israel (2022-),,8,Civilians (Palestine),,7,78,Civilian targeting,275,Middle East,Palestine,Gaza Strip,Deir El Balah,,Al Burayj,31.4394,34.4031,1,Arab 48; Quds News Network; Twitter,New media-National,"On 30 May 2024, Israeli warplanes struck a civilian passing car at Salah al-Deen street near the entrance of Al Burayj camp (Deir El Balah, Gaza Strip), leaving fatalities and injuries. Unspecified number of fatalities coded as 3.",3,,1753955132
PSE53589,5/30/2024,2024,1,Political violence,Explosions/Remote violence,Air/drone strike,Military Forces of Israel (2022-),,8,Civilians (Palestine),Refugees/IDPs (Palestine),7,78,Civilian targeting,275,Middle East,Palestine,Gaza Strip,North Gaza,,Jabalya Camp,31.536,34.4907,1,Arab 48; Quds News Network; Twitter,New media-National,"On 30 May 2024, Israeli helicopters opened fire toward Jabalya Camp (North Gaza, Gaza Strip), leaving injuries.",0,,1753955132
PSE53595,5/30/2024,2024,1,Political violence,Explosions/Remote violence,Air/drone strike,Military Forces of Israel (2022-),,8,Civilians (Palestine),,7,78,Civilian targeting,275,Middle East,Palestine,Gaza Strip,Rafah,,Tal as Sultan,31.3098,34.2414,2,Arab 48; Quds News Network; Twitter,New media-National,"On 30 May 2024, Israeli warplanes struck targets west of Rafah, coded to Tal as Sultan (Rafah, Gaza Strip), leaving 2 fatalities.",2,,1762829569
PSE53580,5/30/2024,2024,1,Political violence,Explosions/Remote violence,Air/drone strike,Military Forces of Israel (2022-),,8,Civilians (Palestine),,7,78,Civilian targeting,275,Middle East,Palestine,Gaza Strip,North Gaza,,Beit Hanoun,31.5405,34.5402,1,Arab 48; Newpress; Quds News Network; Twitter,New media-National,"On 30 May 2024, Israeli warplanes struck a house at Zamo street in Beit Hanoun (North Gaza, Gaza Strip), leaving 9 fatalities.",9,,1753955132
PSE53568,5/30/2024,2024,1,Political violence,Explosions/Remote violence,Shelling/artillery/missile attack,Military Forces of Israel (2022-),,8,Civilians (Palestine),,7,78,Civilian targeting,275,Middle East,Palestine,Gaza Strip,Gaza City,,Gaza - Tal el Hawa,31.5041,34.435,1,Palestine News and Information Agency,National,"On 30 May 2024, Israeli artillery shelled targets in Gaza - Tal el Hawa (Gaza City, Gaza Strip). Casualties unknown.",0,,1759790002
PSE53581,5/30/2024,2024,1,Political violence,Explosions/Remote violence,Air/drone strike,Military Forces of Israel (2022-),,8,Civilians (Palestine),,7,78,Civilian targeting,275,Middle East,Palestine,Gaza Strip,North Gaza,,Jabalya,31.5272,34.4835,1,Arab 48,National,"On 30 May 2024, Israeli warplanes struck a house in Jabalya town (North Gaza, Gaza Strip), leaving 2 fatalities. Also, the Israeli artillery shelled Qlibo area in Jabalya. Casualties unknown. Fatalities coded as at least 2.",2,,1759790002
PSE53606,5/30/2024,2024,1,Political violence,Explosions/Remote violence,Air/drone strike,Military Forces of Israel (2022-),,8,Civilians (Palestine),Refugees/IDPs (Palestine),7,78,Civilian targeting,275,Middle East,Palestine,Gaza Strip,North Gaza,,Jabalya,31.5272,34.4835,2,Quds News Network; Twitter,New media-National,"On 30 May 2024, Israeli UAV struck a center for displaced people in North Gaza, coded to Jabalya (Gaza Strip), killing 7 Palestinians.",7,,1759790002
PSE60066,5/30/2024,2024,1,Political violence,Violence against civilians,Attack,Military Forces of Israel (2022-),,8,Civilians (Palestine),,7,78,Civilian targeting,275,Middle East,Palestine,Gaza Strip,Gaza City,,Gaza - Tal el Hawa,31.5041,34.435,1,Palestine News and Information Agency,National,"On 30 May 2024, Israeli soldiers sniped and killed 3 Palestinians at Street 8 in Gaza - Tal el Hawa (Gaza City, Gaza Strip).",3,,1759790002
PSE53572,5/30/2024,2024,1,Political violence,Explosions/Remote violence,Air/drone strike,Military Forces of Israel (2022-),,8,Civilians (Palestine),Refugees/IDPs (Palestine),7,78,Civilian targeting,275,Middle East,Palestine,Gaza Strip,Rafah,,Rafah Camp,31.2847,34.2546,1,Palestine News and Information Agency,National,"On 30 May 2024, Israeli warplanes struck a group of people who were trying to recover a body in central Rafah, coded to Rafah Camp (Rafah, Gaza strip), killing a number of Palestinians. Unspecified number of fatalities coded as 3.",3,,1753955132
PSE53597,5/30/2024,2024,1,Political violence,Explosions/Remote violence,Air/drone strike,Military Forces of Israel (2022-),,8,Civilians (Palestine),,7,78,Civilian targeting,275,Middle East,Palestine,Gaza Strip,Rafah,,Rafah,31.287,34.2595,1,Arab 48,National,"On 30 May 2024, Israeli warplanes carried out airstrikes and the artillery shelled targets in Rafah city (Rafah, Gaza Strip). 19 Palestinians were killed in Rafah during 24 hours [6 fatalities coded to this location].",6,,1762829569
PSE53614,5/31/2024,2024,1,Political violence,Explosions/Remote violence,Air/drone strike,Military Forces of Israel (2022-),,8,Civilians (Palestine),Refugees/IDPs (Palestine),7,78,Civilian targeting,275,Middle East,Palestine,Gaza Strip,Deir El Balah,,Al Burayj,31.4394,34.4031,1,Al Ghad (Jordan); Ma'an News Agency; Palestine News and Information Agency; Quds News Network; Twitter,New media-National,"On 31 May 2024, Israeli warplanes struck 2 houses in Al Burayj refugee camp (Deir El Balah, Gaza Strip), killing 12 Palestinians, including 3 women and 2 children and injuring a dozens.",12,,1753955132
PSE53615,5/31/2024,2024,1,Political violence,Explosions/Remote violence,Air/drone strike,Military Forces of Israel (2022-),,8,Civilians (Palestine),Refugees/IDPs (Palestine),7,78,Civilian targeting,275,Middle East,Palestine,Gaza Strip,Deir El Balah,,An Nusayrat - North,31.4591,34.3923,2,Al Ghad (Jordan); Palestine News and Information Agency; Quds News Network; Twitter,New media-National,"On 31 May 2024, Israeli warplanes struck an apartment in the new camp northwest of An Nusayrat, coded to An Nusayrat - North (Deir El Balah, Gaza Strip), leaving fatalities and injures. Unspecified number of fatalities coded as 3. Also, the artillery shelled targets in the same area. Casualties unknown. Total number of fatalities coded as 3.",3,,1753955132
PSE53616,5/31/2024,2024,1,Political violence,Explosions/Remote violence,Air/drone strike,Military Forces of Israel (2022-),,8,Civilians (Palestine),Refugees/IDPs (Palestine),7,78,Civilian targeting,275,Middle East,Palestine,Gaza Strip,Deir El Balah,,An Nusayrat,31.4486,34.3925,1,Arab 48; Ma'an News Agency; Newpress; Palestine News and Information Agency; Quds News Network; Twitter,New media-National,"On 31 May 2024, Israeli warplanes struck a passing Palestinian car in An Nusayrat camp (Deir El Balah, Gaza Strip), leaving 3 fatalities.",3,,1753955132
PSE53621,5/31/2024,2024,1,Political violence,Explosions/Remote violence,Shelling/artillery/missile attack,Military Forces of Israel (2022-),,8,Civilians (Palestine),,7,78,Civilian targeting,275,Middle East,Palestine,Gaza Strip,Gaza City,,Gaza - Sabra,31.5086,34.4493,1,Palestine News and Information Agency,National,"On 31 May 2024, Israeli artillery shelled targets and tanks opened fire toward houses in Gaza - Sabra (Gaza City, Gaza Strip). Casualties unknown.",0,,1759790002
PSE53622,5/31/2024,2024,1,Political violence,Explosions/Remote violence,Air/drone strike,Military Forces of Israel (2022-),,8,Civilians (Palestine),,7,78,Civilian targeting,275,Middle East,Palestine,Gaza Strip,Gaza City,,Gaza - At Tuffah,31.5134,34.4751,1,Arab 48; Ma'an News Agency; Newpress; Palestine News and Information Agency; Quds News Network; Twitter,New media-National,"On 31 May 2024, Israeli warplanes struck an apartment in Gaza - At Tuffah (Gaza City, Gaza Strip), leaving and 3 injuries.",0,,1759790002
PSE53625,5/31/2024,2024,1,Political violence,Explosions/Remote violence,Air/drone strike,Military Forces of Israel (2022-),,8,Civilians (Palestine),Journalists (Palestine),7,78,Civilian targeting,275,Middle East,Palestine,Gaza Strip,Gaza City,,Gaza,31.5045,34.4743,1,Arab 48; Newpress; Palestine News and Information Agency; Quds News Network; Twitter,New media-National,"On 31 May 2024, Israeli warplanes struck a house near Al Ghafri junction at the Al Jalaa street in Gaza City (Gaza City, Gaza Strip), leaving fatalities and injuries, including a woman journalist. Unspecified number of fatalities coded as 3.",3,,1759790002
PSE53623,5/31/2024,2024,1,Political violence,Explosions/Remote violence,Air/drone strike,Military Forces of Israel (2022-),,8,Civilians (Palestine),,7,78,Civilian targeting,275,Middle East,Palestine,Gaza Strip,Rafah,,Tal as Sultan,31.3098,34.2414,1,Newpress; Palestine News and Information Agency; Twitter,New media-National,"On 31 May 2024, Israeli warplanes struck a house in Tal as Sultan (Rafah, Gaza Strip), leaving fatalities and injuries. Unspecified number of fatalities coded as 3.",3,,1762829569
PSE53627,5/31/2024,2024,1,Political violence,Explosions/Remote violence,Air/drone strike,Military Forces of Israel (2022-),,8,Civilians (Palestine),,7,78,Civilian targeting,275,Middle East,Palestine,Gaza Strip,Rafah,,Tal as Sultan,31.3098,34.2414,2,Arab 48; Quds News Network; Twitter,New media-National,"On 31 May 2024, Israeli warplanes struck a house in Bader camp west of Rafah, coded to Tal as Sultan (Rafah, Gaza Strip). Casualties unknown. Also, the Israeli artillery shelled targets west of Rafah. Casualties unknown.",0,,1762829569
PSE53619,5/31/2024,2024,1,Political violence,Explosions/Remote violence,Shelling/artillery/missile attack,Military Forces of Israel (2022-),,8,Civilians (Palestine),,7,78,Civilian targeting,275,Middle East,Palestine,Gaza Strip,Gaza City,,Gaza - Ash Shaykh Ijlin,31.5098,34.4274,1,Palestine News and Information Agency,National,"On 31 May 2024, Israeli artillery shelled targets and tanks opened fire toward houses in Gaza - Ash Shaykh Ijlin (Gaza City, Gaza Strip). Casualties unknown.",0,,1753955132
PSE53613,5/31/2024,2024,1,Political violence,Explosions/Remote violence,Air/drone strike,Military Forces of Israel (2022-),,8,Civilians (Palestine),,7,78,Civilian targeting,275,Middle East,Palestine,Gaza Strip,Rafah,,Yibna,31.2842,34.2482,2,Newpress; PLO Negotiations Affairs Department; Quds News Network; Twitter,Other-New media,"On 31 May 2024, Israeli warplanes struck houses and apartments east of Rafah, coded to Yibna (Rafah, Gaza Strip) and helicopters opened fire in the same area. Casualties unknown. Also, Israeli artillery and tanks shelled targets east of Rafah. Casualties unknown.",0,,1753955132
PSE53618,5/31/2024,2024,1,Political violence,Explosions/Remote violence,Air/drone strike,Military Forces of Israel (2022-),,8,Civilians (Palestine),,7,78,Civilian targeting,275,Middle East,Palestine,Gaza Strip,Gaza City,,Gaza - Tal el Hawa,31.5041,34.435,1,Arab 48; Newpress; Palestine News and Information Agency; Quds News Network; Twitter,New media-National,"On 31 May 2024, Israeli warplanes struck a house in Gaza - Tal el Hawa (Gaza City, Gaza Strip), leaving fatalities and injuries. Unspecified number of fatalities coded as 3. Also, Israeli artillery shelled targets and tanks opened fire toward houses. Casualties unknown. Total fatalities coded as 3.",3,,1759790002
PSE53620,5/31/2024,2024,1,Political violence,Explosions/Remote violence,Air/drone strike,Military Forces of Israel (2022-),,8,Civilians (Palestine),,7,78,Civilian targeting,275,Middle East,Palestine,Gaza Strip,Gaza City,,Gaza - Az Zaytun,31.4964,34.4522,1,Arab 48; Newpress; Palestine News and Information Agency; Quds News Network; Twitter,New media-National,"On 31 May 2024, Israeli warplanes struck targets and the artillery shelled and tanks opened fire toward houses in Gaza - Az Zaytun (Gaza City, Gaza Strip). Casualties unknown. Also, 3 Palestinians were killed in artillery shelling near the Mamadani hospital in the same area. Fatalities coded as at least 3.",3,,1759790002
