event_id_cnty,event_date,year,time_precision,disorder_type,event_type,sub_event_type,actor1,assoc_actor_1,inter1,actor2,assoc_actor_2,inter2,interaction,civilian_targeting,iso,region,country,admin1,admin2,admin3,location,latitude,longitude,geo_precision,source,source_scale,notes,fatalities,tags,timestamp
PSE62306,11/1/2024,2024,1,Political violence,Explosions/Remote violence,Air/drone strike,Military Forces of Israel (2022-),,8,Civilians (Palestine),Refugees/IDPs (Palestine),7,78,Civilian targeting,275,Middle East,Palestine,Gaza Strip,Khan Yunis,,Abasan al Kabirah,31.3191,34.3401,1,Quds News Network,National,"On 1 November 2024, Israeli warplanes struck a land hosting tents of displaced people in Abasan al Kabirah (Khan Yunis, Gaza Strip), causing injuries.",0,,1753956638
PSE62316,11/1/2024,2024,1,Political violence,Explosions/Remote violence,Air/drone strike,Military Forces of Israel (2022-),,8,Civilians (Palestine),,7,78,Civilian targeting,275,Middle East,Palestine,Gaza Strip,Deir El Balah,,Al Burayj,31.4394,34.4031,2,Palestine News and Information Agency; Quds News Network,National,"On 1 November 2024, Israeli UAVs struck near the entrances of An Nusayrat and Al Burayj (Deir El Balah, Gaza Strip), causing injuries.",0,,1753956638
PSE62335,11/1/2024,2024,1,Political violence,Explosions/Remote violence,Shelling/artillery/missile attack,Military Forces of Israel (2022-),,8,Civilians (Palestine),,7,78,Civilian targeting,275,Middle East,Palestine,Gaza Strip,Deir El Balah,,Al Maghazi,31.4214,34.3865,2,Quds News Network,National,"On 1 November 2024, Israeli artillery shelled a house south of Al Maghazi Camp (Deir El Balah, Gaza Strip). Casualties unknown.",0,,1753956638
PSE62353,11/1/2024,2024,1,Political violence,Explosions/Remote violence,Air/drone strike,Military Forces of Israel (2022-),,8,Civilians (Palestine),,7,78,Civilian targeting,275,Middle East,Palestine,Gaza Strip,Khan Yunis,,Al Qararah,31.3739,34.3409,2,Ma'an News Agency; Newpress; Palestine News and Information Agency; Quds News Network; Twitter,New media-National,"On 1 November 2024, Israeli warplanes struck 2 passing cars west of Al Qararah (Khan Yunis, Gaza Strip), killing 3 Palestinians. Also, the artillery shelled east of Al Qararah [casualties unknown]. Fatalities coded at least 3.",3,,1753956638
PSE62369,11/1/2024,2024,1,Political violence,Explosions/Remote violence,Air/drone strike,Military Forces of Israel (2022-),,8,Civilians (Palestine),Refugees/IDPs (Palestine),7,78,Civilian targeting,275,Middle East,Palestine,Gaza Strip,Deir El Balah,,An Nusayrat,31.4486,34.3925,1,Palestine News and Information Agency; Quds News Network; UNSC,Other-National,"On 1 November 2024, Israeli warplanes struck the An Nusayrat Camp (Deir El Balah, Gaza Strip), killing 3 Palestinians including a child and injuring others. Also, 12 Palestinians were killed and dozens were injured in an airstrike that targeted a school hosting displaced people in the camp. In addition, another 3 persons [including 2 children] were killed in an airstrike that targeted a house. Total fatalities were 18.",18,,1757377137
PSE62377,11/1/2024,2024,1,Political violence,Explosions/Remote violence,Air/drone strike,Military Forces of Israel (2022-),,8,Civilians (Palestine),,7,78,Civilian targeting,275,Middle East,Palestine,Gaza Strip,Deir El Balah,,An Nusayrat - North,31.4591,34.3923,1,Al Ghad (Jordan); Palestine News and Information Agency; Quds News Network,National-Regional,"On 1 November 2024, Israeli airstrikes and shelling continued on An Nusayrat - North (Deir El Balah, Gaza Strip), killing at least 14 persons and injuring at least 69 more. Also, 3 persons were killed in an airstrike that targeted a house. Total fatalities coded as at least 17.",17,,1753956638
PSE62387,11/1/2024,2024,1,Political violence,Explosions/Remote violence,Shelling/artillery/missile attack,Military Forces of Israel (2022-),,8,Civilians (Palestine),,7,78,Civilian targeting,275,Middle East,Palestine,Gaza Strip,Deir El Balah,,An Nusayrat - West,31.4525,34.3756,1,Quds News Network,National,"On 1 November 2024, Israeli gunboats opened fire toward the An Nusayrat - West (Deir El Balah, Gaza Strip). Casualties unknown. Also, artillery shelled a house, causing injuries.",0,,1753956638
PSE62443,11/1/2024,2024,1,Political violence,Explosions/Remote violence,Air/drone strike,Military Forces of Israel (2022-),,8,Civilians (Palestine),,7,78,Civilian targeting,275,Middle East,Palestine,Gaza Strip,North Gaza,,Beit Lahiya,31.5541,34.5016,2,Quds News Network,National,"On 1 November 2024, Israeli UAVs opened fire at houses west of Beit Lahiya town (North Gaza, Gaza Strip). Casualties unknown.",0,,1753956638
PSE62452,11/1/2024,2024,1,Political violence,Explosions/Remote violence,Air/drone strike,Military Forces of Israel (2022-),,8,Civilians (Palestine),,7,78,Civilian targeting,275,Middle East,Palestine,Gaza Strip,North Gaza,,Beit Lahiya - Al Mashroo,31.5433,34.4998,1,Ma'an News Agency; Palestine News and Information Agency; Quds News Network,National,"On 1 November 2024, Israeli warplanes struck several targets in Beit Lahiya - Al Mashroo (North Gaza, Gaza Strip), killing 5 Palestinians and injuring others.",5,,1753956638
PSE62453,11/1/2024,2024,1,Political violence,Explosions/Remote violence,Air/drone strike,Military Forces of Israel (2022-),,8,Civilians (Palestine),Refugees/IDPs (Palestine),7,78,Civilian targeting,275,Middle East,Palestine,Gaza Strip,North Gaza,,Beit Lahiya - Al Mashroo,31.5433,34.4998,2,Quds News Network,National,"On 1 November 2024, Israeli tanks opened fire toward houses west of Beit Lahiya - Al Mashroo (North Gaza, Gaza Strip). Casualties unknown. Also, UAVs opened fire at displaced people who were trying to go to their houses south of Beit Lahiya - Al Mashroo, leaving several injures.",0,,1753956638
PSE62490,11/1/2024,2024,1,Political violence,Explosions/Remote violence,Air/drone strike,Military Forces of Israel (2022-),,8,Civilians (Palestine),Journalists (Palestine),7,78,Civilian targeting,275,Middle East,Palestine,Gaza Strip,Gaza City,,Gaza,31.5045,34.4743,1,Guardian (United Kingdom); International Federation of Journalists; Palestine News and Information Agency; Quds News Network,Other-National,"On 1 November 2024, Israeli warplanes struck a gathering near the Firas Market in Gaza City (Gaza Strip), killing 4 Palestinians, among them a journalist.",4,,1759790002
PSE62523,11/1/2024,2024,1,Political violence,Explosions/Remote violence,Air/drone strike,Military Forces of Israel (2022-),,8,Civilians (Palestine),,7,78,Civilian targeting,275,Middle East,Palestine,Gaza Strip,Gaza City,,Gaza - Sheikh Radwan,31.5349,34.4667,1,Newpress; Quds News Network; Twitter,New media-National,"On 1 November 2024, Israeli UAVs opened fire and dropped bombs on the Market of Gaza - Sheikh Radwan (Gaza City, Gaza Strip), killing a Palestinian and causing injuries.",1,,1759790002
PSE62528,11/1/2024,2024,1,Political violence,Explosions/Remote violence,Air/drone strike,Military Forces of Israel (2022-),,8,Civilians (Palestine),,7,78,Civilian targeting,275,Middle East,Palestine,Gaza Strip,Gaza City,,Gaza - Shujaiyya,31.4988,34.4699,1,Palestine News and Information Agency; Quds News Network,National,"On 1 November 2024, Israeli warplanes struck a gathering in Baghdad Street in Gaza - Shujaiyya (Gaza City, Gaza Strip), killing 2 Palestinians and injuring others.",2,,1759790002
PSE62566,11/1/2024,2024,1,Political violence,Explosions/Remote violence,Air/drone strike,Military Forces of Israel (2022-),,8,Civilians (Palestine),Refugees/IDPs (Palestine),7,78,Civilian targeting,275,Middle East,Palestine,Gaza Strip,North Gaza,,Jabalya,31.5272,34.4835,1,Palestine News and Information Agency; Quds News Network,National,"On 1 November 2024, Israeli warplanes struck the Rafei School hosting displaced people in Jabalya town (North Gaza, Gaza Strip), leaving fatalities and injuries. Also, warplanes struck a house, killing a number of Palestinians. Unspecified number of fatalities coded as 3.",3,,1759790002
PSE62567,11/1/2024,2024,1,Political violence,Explosions/Remote violence,Air/drone strike,Military Forces of Israel (2022-),,8,Civilians (Palestine),,7,78,Civilian targeting,275,Middle East,Palestine,Gaza Strip,North Gaza,,Jabalya,31.5272,34.4835,2,Arab 48; Quds News Network,National,"On 1 November 2024, Israeli warplanes struck 2 buildings in North Gaza (coded to Jabalya, Gaza Strip), killing at least 84 Palestinians [including more than 50 children] and causing dozens of injuries and missing people.",84,,1759790002
PSE62572,11/1/2024,2024,1,Political violence,Explosions/Remote violence,Shelling/artillery/missile attack,Military Forces of Israel (2022-),,8,Civilians (Palestine),,7,78,Civilian targeting,275,Middle East,Palestine,Gaza Strip,North Gaza,,Jabalya - Tel-Zaatar,31.5367,34.5035,1,Quds News Network,National,"On 1 November 2024, Israeli artillery shelled a house in Jabalya - Tel-Zaatar (North Gaza, Gaza Strip). Casualties unknown.",0,,1759790002
PSE62631,11/1/2024,2024,1,Political violence,Explosions/Remote violence,Air/drone strike,Military Forces of Israel (2022-),,8,Civilians (Palestine),,7,78,Civilian targeting,275,Middle East,Palestine,Gaza Strip,Rafah,,Khirbet al Adas,31.2855,34.2714,1,Palestine News and Information Agency; Quds News Network,National,"On 1 November 2024, Israeli warplanes struck the Khirbet al Adas (Rafah, Gaza Strip), causing a number of injuries.",0,,1753956638
PSE76506,11/1/2024,2024,1,Political violence,Explosions/Remote violence,Shelling/artillery/missile attack,Military Forces of Israel (2022-),,8,Civilians (Palestine),,7,78,Civilian targeting,275,Middle East,Palestine,Gaza Strip,Deir El Balah,,An Nusayrat,31.4486,34.3925,1,Aid Worker Security Database,Local partner-Other,"On 1 November 2024, 2 aid workers (likely aid security committees) were injured during an IDF shelling attack on An Nusayrat Refugee Camp, Gaza Strip. This event involved violence over aid.",0,,1756156113
PSE89636,11/1/2024,2024,3,Political violence,Violence against civilians,Sexual violence,Military Forces of Israel (2022-),,8,Civilians (Palestine),Women (Palestine),7,78,Civilian targeting,275,Middle East,Palestine,Gaza Strip,North Gaza,,Jabalya Camp,31.536,34.4907,2,Dunia Al Watan; Ma'an News Agency; PCHR: Palestinian Centre for Human Rights; Sahm Unit,Other-New media,"Around 1 November 2024 (month of), Israeli forces arrested a 42-year-old Palestinian woman and subjected her to acts of sexual violence after she crossed an Israeli checkpoint in northern Gaza Strip, coded to Jabalya Camp (North Gaza, Gaza Strip). She testified that she was subjected to multiple forms of sexual violence by different Israeli soldiers, including being raped four times, insulted, forcibly stripped, electroshocked, and beaten across her entire body.",0,sexual violence,1763426485
PSE62750,11/2/2024,2024,1,Political violence,Explosions/Remote violence,Air/drone strike,Military Forces of Israel (2022-),,8,Civilians (Palestine),Health Workers (Palestine),7,78,Civilian targeting,275,Middle East,Palestine,Gaza Strip,Deir El Balah,,An Nusayrat - North,31.4591,34.3923,1,Quds News Network,National,"On 2 November 2024, Israeli UAVs opened fire in An Nusayrat - North (Deir El Balah, Gaza Strip) and targeted ambulances in this area. Casualties unknown, Also, artillery fired shells at targets in the same area. Casualties unknown.",0,,1753956638
PSE62751,11/2/2024,2024,1,Political violence,Explosions/Remote violence,Air/drone strike,Military Forces of Israel (2022-),,8,Civilians (Palestine),,7,78,Civilian targeting,275,Middle East,Palestine,Gaza Strip,Deir El Balah,,An Nusayrat,31.4486,34.3925,2,Quds News Network,National,"On 2 November 2024, Israeli UAVs dropped a bomb near Street 18 east of An Nusayrat (Deir El Balah, Gaza Strip), injuring a Palestinian.",0,,1753956638
PSE62781,11/2/2024,2024,1,Political violence,Explosions/Remote violence,Shelling/artillery/missile attack,Military Forces of Israel (2022-),,8,Civilians (Palestine),,7,78,Civilian targeting,275,Middle East,Palestine,Gaza Strip,Deir El Balah,,An Nusayrat - West,31.4525,34.3756,1,Ma'an News Agency; Quds News Network,National,"On 2 November 2024, Israeli artillery shelled the western areas of An Nusayrat, coded in An Nusayrat - West (Deir El Balah, Gaza Strip). One Palestinian was killed in An Nusarayt - West.",1,,1753956638
PSE62789,11/2/2024,2024,1,Political violence,Explosions/Remote violence,Air/drone strike,Military Forces of Israel (2022-),,8,Civilians (Palestine),,7,78,Civilian targeting,275,Middle East,Palestine,Gaza Strip,Gaza City,,Gaza - Sabra,31.5086,34.4493,1,Ma'an News Agency; Palestine News and Information Agency,National,"On 2 November 2024, Israeli helicopters opened fire at Gaza - Sabra (Gaza City, Gaza Strip). Casualties unknown. Meanwhile, warplanes struck a target and killed one Palestinian. Fatalities coded at least 1 (1 confirmed).",1,,1759790002
PSE62815,11/2/2024,2024,1,Political violence,Explosions/Remote violence,Air/drone strike,Military Forces of Israel (2022-),,8,Civilians (Palestine),,7,78,Civilian targeting,275,Middle East,Palestine,Gaza Strip,North Gaza,,Beit Lahiya,31.5541,34.5016,1,Palestine News and Information Agency,National,"On 2 November 2024, Israeli warplanes struck a house in Beit Lahiya (North Gaza, Gaza Strip), killing 2 Palestinians.",2,,1753956638
PSE62939,11/2/2024,2024,1,Political violence,Explosions/Remote violence,Air/drone strike,Military Forces of Israel (2022-),,8,Civilians (Palestine),,7,78,Civilian targeting,275,Middle East,Palestine,Gaza Strip,Gaza City,,Gaza - Ash Shati' Camp,31.5349,34.4466,2,Newpress; Palestine News and Information Agency; Quds News Network; Twitter,New media-National,"On 2 November 2024, Israeli forces [likely warplanes] struck the area of Al Saftawi northwest of Gaza City, coded to Gaza - Ash Shati' Camp (Gaza City, Gaza Strip), killing 3 Palestinians. Also, warplanes targeted Al Karam and Al Mukhabarat areas northwest of Gaza City [casualties unknown]. Fatalities coded at least 3.",3,,1759790002
PSE62941,11/2/2024,2024,1,Political violence,Explosions/Remote violence,Air/drone strike,Military Forces of Israel (2022-),,8,Civilians (Palestine),Health Workers (Palestine),7,78,Civilian targeting,275,Middle East,Palestine,Gaza Strip,Gaza City,,Gaza - Sheikh Radwan,31.5349,34.4667,1,Arab 48; Newpress; Palestine News and Information Agency; Quds News Network; Twitter,New media-National,"On 2 November 2024, Israeli warplanes struck a house near Abu Al Amin Junction in Gaza - Sheikh Radwan (Gaza City, Gaza Strip). Casualties unknown. Also, UAVs targeted inside the Sheikh Radwan clinic complex, killing 3 children. Also, warplanes struck an ambulance in the area [casualties unknown]. Total fatalities coded at least 3.",3,,1759790002
PSE63020,11/2/2024,2024,1,Political violence,Explosions/Remote violence,Air/drone strike,Military Forces of Israel (2022-),,8,Civilians (Palestine),,7,78,Civilian targeting,275,Middle East,Palestine,Gaza Strip,Deir El Balah,,Al Burayj,31.4394,34.4031,1,Ma'an News Agency; Palestine News and Information Agency; Quds News Network,National,"On 2 November 2024, an Israeli UAV struck a gathering at the entrance of Al Burayj Camp (Deir El Balah, Gaza Strip), killing 6 Palestinians and injuring others.",6,,1753956638
PSE63032,11/2/2024,2024,1,Political violence,Explosions/Remote violence,Air/drone strike,Military Forces of Israel (2022-),,8,Civilians (Palestine),Refugees/IDPs (Palestine),7,78,Civilian targeting,275,Middle East,Palestine,Gaza Strip,Deir El Balah,,An Nusayrat,31.4486,34.3925,1,Palestine News and Information Agency; Quds News Network,National,"On 2 November 2024, Israeli warplanes struck a house in An Nusayrat Camp (Deir El Balah, Gaza Strip), killing 5 Palestinians and injuring others. In addition, an Israeli UAV targeted tents belonging to displaced people in the camp, killing 3 persons. Total confirmed fatalities coded 8.",8,,1753956638
PSE62814,11/2/2024,2024,1,Political violence,Explosions/Remote violence,Air/drone strike,Military Forces of Israel (2022-),,8,Civilians (Palestine),,7,78,Civilian targeting,275,Middle East,Palestine,Gaza Strip,Rafah,,Yibna,31.2842,34.2482,2,Newpress; Palestine News and Information Agency; PLO Negotiations Affairs Department; Quds News Network; Twitter,Other-New media,"On 2 November 2024, Israeli UAVs opened fire northeast of Rafah, killing 2 persons and injuring others [coded to Yibna]. Also, Israeli artillery and tanks shelled targets east and northeast of Rafah, coded to Yibna (Rafah, Gaza Strip). Casualties unknown. Total fatalities coded at least 2.",2,,1753956638
PSE62790,11/2/2024,2024,1,Political violence,Explosions/Remote violence,Air/drone strike,Military Forces of Israel (2022-),,8,Civilians (Palestine),,7,78,Civilian targeting,275,Middle East,Palestine,Gaza Strip,North Gaza,,Jabalya,31.5272,34.4835,1,Palestine News and Information Agency,National,"On 2 November 2024, an Israeli UAV opened fire at a group of Palestinians in Jabalya Nazlah (North Gaza, Gaza Strip), killing one person and injuring others.",1,,1759790002
PSE62752,11/2/2024,2024,1,Political violence,Explosions/Remote violence,Air/drone strike,Military Forces of Israel (2022-),,8,Civilians (Palestine),Refugees/IDPs (Palestine),7,78,Civilian targeting,275,Middle East,Palestine,Gaza Strip,Rafah,,Rafah Camp,31.2847,34.2546,1,Newpress; Quds News Network; Twitter,New media-National,"On 2 November 2024, Israeli warplanes struck targets in Al Shaboura in Rafah Camp (Rafah, Gaza Strip). Casualties unknown.",0,,1753956638
PSE76507,11/2/2024,2024,1,Political violence,Explosions/Remote violence,Air/drone strike,Military Forces of Israel (2022-),,8,Civilians (Palestine),,7,78,Civilian targeting,275,Middle East,Palestine,Gaza Strip,Deir El Balah,,Deir al Balah,31.4178,34.3503,1,Aid Worker Security Database,Local partner-Other,"On 2 November 2024, one national aid worker (likely aid security committees) was killed during an Israeli army airstrike in Deir al Balah, Gaza Strip. This event involved violence over aid.",1,,1756156113
PSE71490,11/2/2024,2024,1,Political violence,Violence against civilians,Attack,Sahm Unit,,3,Civilians (Palestine),,7,37,Civilian targeting,275,Middle East,Palestine,Gaza Strip,Khan Yunis,,Khan Yunis,31.3502,34.3081,2,The Independent Commission For Human Rights,National,"On 2 November 2024, the Sahm Force (security units affiliated with the Hamas Ministry of Interior) opened fire at three individuals accused of stealing flour trucks in the area of Khan Yunis and Rafah (Gaza Strip). The three persons were injured in legs and foot and admitted to Nasser Hospital. This event involved violence over aid.",0,,1754354914
PSE62753,11/3/2024,2024,1,Political violence,Explosions/Remote violence,Air/drone strike,Military Forces of Israel (2022-),,8,Civilians (Palestine),,7,78,Civilian targeting,275,Middle East,Palestine,Gaza Strip,Gaza City,,Gaza,31.5045,34.4743,1,Newpress; Quds News Network; Twitter,New media-National,"On 3 November 2024, Israeli warplanes struck in Al Nafaq Street in Gaza City (Gaza Strip), leaving injuries.",0,,1759790002
PSE62804,11/3/2024,2024,1,Political violence,Explosions/Remote violence,Shelling/artillery/missile attack,Military Forces of Israel (2022-),,8,Civilians (Palestine),,7,78,Civilian targeting,275,Middle East,Palestine,Gaza Strip,Deir El Balah,,An Nusayrat - West,31.4525,34.3756,1,Quds News Network,National,"On 3 November 2024, Israeli tanks opened fire at Tabet Al Nwairi in An Nusayrat - West (Deir El Balah, Gaza Strip), leaving injuries.",0,,1753956638
PSE62818,11/3/2024,2024,1,Political violence,Explosions/Remote violence,Air/drone strike,Military Forces of Israel (2022-),,8,Civilians (Palestine),,7,78,Civilian targeting,275,Middle East,Palestine,Gaza Strip,Gaza City,,Gaza - Ash Shati' Camp,31.5349,34.4466,2,Palestine News and Information Agency; Quds News Network,National,"On 3 November 2024, Israeli warplanes struck the Al Sudaniya area northwest of Gaza City, coded to Gaza - Ash Shati' Camp (North Gaza, Gaza Strip), killing 2 Palestinians.",2,,1759790002
PSE62945,11/3/2024,2024,1,Political violence,Explosions/Remote violence,Air/drone strike,Military Forces of Israel (2022-),,8,Civilians (Palestine),,7,78,Civilian targeting,275,Middle East,Palestine,Gaza Strip,Gaza City,,Gaza - At Tuffah,31.5134,34.4751,1,Arab 48; Palestine News and Information Agency; Quds News Network,National,"On 3 November 2024, Israeli warplanes struck a house in Gaza - At Tuffah (Gaza City, Gaza Strip), leaving fatalities. Unspecified number of fatalities coded as 3.",3,,1759790002
PSE62977,11/3/2024,2024,1,Political violence,Explosions/Remote violence,Air/drone strike,Military Forces of Israel (2022-),,8,Civilians (Palestine),,7,78,Civilian targeting,275,Middle East,Palestine,Gaza Strip,North Gaza,,Jabalya Camp,31.536,34.4907,2,Palestine News and Information Agency; Quds News Network,National,"On 3 November 2024, Israeli warplanes struck a house in Al Tawabah area west of Jabalya Camp (North Gaza, Gaza Strip), killing at least 4 Palestinians and injuring dozens. Also, warplanes carried out strikes east of Jabalya camp [casualties unknown]. Fatalities coded at least 4.",4,,1753956638
PSE63021,11/3/2024,2024,1,Political violence,Explosions/Remote violence,Air/drone strike,Military Forces of Israel (2022-),,8,Civilians (Palestine),Health Workers (Palestine),7,78,Civilian targeting,275,Middle East,Palestine,Gaza Strip,North Gaza,,Beit Lahiya,31.5541,34.5016,1,Al-Ittihad; Newpress; Palestine News and Information Agency; Quds News Network; Twitter,New media-National,"On 3 November 2024, Israeli warplanes struck a house in Beit Lahiya (North Gaza, Gaza strip), killing 6 Palestinians and injuring others. Also, Israeli artillery shelled the Kamal Odwan Hospital, injuring a child and a UAV opened fire at the Indonesian hospital.",6,,1753956638
PSE63035,11/3/2024,2024,1,Political violence,Explosions/Remote violence,Air/drone strike,Military Forces of Israel (2022-),,8,Civilians (Palestine),,7,78,Civilian targeting,275,Middle East,Palestine,Gaza Strip,Khan Yunis,,Khan Yunis - Ash Sheikh Naser,31.3398,34.3116,1,Newpress; Palestine News and Information Agency; Quds News Network; Twitter,New media-National,"On 3 November 2024, Israeli warplanes struck a gathering in Khan Yunis - Ash Sheikh Naser (Khan Yunis, Gaza Strip), killing 9 Palestinians.",9,,1753956638
PSE62793,11/3/2024,2024,1,Political violence,Explosions/Remote violence,Air/drone strike,Military Forces of Israel (2022-),,8,Civilians (Palestine),,7,78,Civilian targeting,275,Middle East,Palestine,Gaza Strip,Rafah,,Yibna,31.2842,34.2482,2,Dunia Al Watan; Palestine News and Information Agency; PLO Negotiations Affairs Department; Quds News Network,Other-National,"On 3 November 2024, Israeli UAV struck and killed a Palestinian northeast of Rafah [coded to Yibna]. Also, artillery and tanks shelled targets east and northeast of Rafah, coded to Yibna (Rafah, Gaza Strip). Casualties unknown. Fatalities coded at least 1.",1,,1753956638
PSE62943,11/3/2024,2024,1,Political violence,Explosions/Remote violence,Air/drone strike,Military Forces of Israel (2022-),,8,Civilians (Palestine),,7,78,Civilian targeting,275,Middle East,Palestine,Gaza Strip,Gaza City,,Gaza - Tal el Hawa,31.5041,34.435,1,Newpress; Palestine News and Information Agency; Twitter,New media-National,"On 3 November 2024, Israeli warplanes struck a house in Gaza - Tal el Hawa (Gaza City, Gaza Strip), leaving fatalities and injures. Unspecified number of fatalities coded as 3. Also, artillery shelled the same area.",3,,1759790002
PSE62944,11/3/2024,2024,1,Political violence,Explosions/Remote violence,Air/drone strike,Military Forces of Israel (2022-),,8,Civilians (Palestine),,7,78,Civilian targeting,275,Middle East,Palestine,Gaza Strip,North Gaza,,Jabalya,31.5272,34.4835,1,Al-Ittihad; Palestine News and Information Agency; Quds News Network,National-Regional,"On 3 November 2024, Israeli warplanes struck a house in Jabalya (North Gaza, Gaza strip), killing 3 Palestinians and injuring others (a woman and her 2 children).",3,,1759790002
PSE62817,11/3/2024,2024,1,Political violence,Explosions/Remote violence,Air/drone strike,Military Forces of Israel (2022-),,8,Civilians (Palestine),,7,78,Civilian targeting,275,Middle East,Palestine,Gaza Strip,Rafah,,Khirbet al Adas,31.2855,34.2714,1,Palestine News and Information Agency,National,"On 3 November 2024, Israeli UAVs struck in Khirbet al Adas (Rafah, Gaza Strip), killing a woman and her child.",2,,1753956638
PSE62756,11/4/2024,2024,1,Political violence,Explosions/Remote violence,Air/drone strike,Military Forces of Israel (2022-),,8,Civilians (Palestine),,7,78,Civilian targeting,275,Middle East,Palestine,Gaza Strip,Gaza City,,Gaza - Sheikh Radwan,31.5349,34.4667,1,Palestine News and Information Agency,National,"On 4 November 2024, Israeli UAVs opened fire at a school and a clinic in Gaza - Sheikh Radwan (Gaza City, Gaza Strip), leaving a number of injuries.",0,,1759790002
PSE62758,11/4/2024,2024,1,Political violence,Explosions/Remote violence,Air/drone strike,Military Forces of Israel (2022-),,8,Civilians (Palestine),,7,78,Civilian targeting,275,Middle East,Palestine,Gaza Strip,Khan Yunis,,Abasan al Kabirah,31.3191,34.3401,1,Palestine News and Information Agency,National,"On 4 November 2024, Israeli warplanes struck a house in Abasan al Kabirah (Khan Yunis, Gaza Strip), leaving a number of injuries.",0,,1753956638
PSE62759,11/4/2024,2024,1,Political violence,Explosions/Remote violence,Air/drone strike,Military Forces of Israel (2022-),,8,Civilians (Palestine),Refugees/IDPs (Palestine),7,78,Civilian targeting,275,Middle East,Palestine,Gaza Strip,Deir El Balah,,Al Burayj,31.4394,34.4031,1,Quds News Network,National,"On 4 November 2024, Israeli warplanes carried out a strike in Al Burayj Camp (Deir El Balah, Gaza Strip). Casualties unknown. Also, artillery shelled targets in the camp, injuring 3 persons. Fatalities unknown.",0,,1753956638
PSE62764,11/4/2024,2024,1,Political violence,Explosions/Remote violence,Air/drone strike,Military Forces of Israel (2022-),,8,Civilians (Palestine),,7,78,Civilian targeting,275,Middle East,Palestine,Gaza Strip,Deir El Balah,,Al Burayj,31.4394,34.4031,2,Quds News Network,National,"On 4 November 2024, Israeli UAVs carried out a strike east of Al Burayj Camp (Deir El Balah, Gaza Strip), injuring a Palestinian.",0,,1753956638
PSE62800,11/4/2024,2024,1,Political violence,Explosions/Remote violence,Air/drone strike,Military Forces of Israel (2022-),,8,Civilians (Palestine),Refugees/IDPs (Palestine),7,78,Civilian targeting,275,Middle East,Palestine,Gaza Strip,Deir El Balah,,An Nusayrat,31.4486,34.3925,1,Palestine News and Information Agency,National,"On 4 November 2024, Israeli warplanes struck 2 houses in An Nusayrat (Deir El Balah, Gaza Strip), killing one Palestinian and injuring others in block C and camp 2.",1,,1753956638
PSE62809,11/4/2024,2024,1,Political violence,Explosions/Remote violence,Air/drone strike,Military Forces of Israel (2022-),,8,Civilians (Palestine),,7,78,Civilian targeting,275,Middle East,Palestine,Gaza Strip,Deir El Balah,,An Nusayrat,31.4486,34.3925,2,Quds News Network,National,"On 4 November 2024, Israeli warplanes struck a house east of An Nusayrat Camp (Deir El Balah, Gaza Strip), killing a Palestinian.",1,,1753956638
PSE62820,11/4/2024,2024,1,Political violence,Explosions/Remote violence,Air/drone strike,Military Forces of Israel (2022-),,8,Civilians (Palestine),Refugees/IDPs (Palestine),7,78,Civilian targeting,275,Middle East,Palestine,Gaza Strip,Deir El Balah,,Deir al Balah,31.4178,34.3503,1,Palestine News and Information Agency,National,"On 4 November 2024, Israeli warplanes struck a tent belonging to displaced people in Deir al Balah city (Deir El Balah, Gaza Strip), killing 2 Palestinians.",2,,1753956638
PSE62821,11/4/2024,2024,1,Political violence,Explosions/Remote violence,Air/drone strike,Military Forces of Israel (2022-),,8,Civilians (Palestine),Refugees/IDPs (Palestine),7,78,Civilian targeting,275,Middle East,Palestine,Gaza Strip,Gaza City,,Gaza - Ash Shati' Camp,31.5349,34.4466,1,Quds News Network,National,"On 4 November 2024, Israeli forces [likely UAVs] opened fire in Gaza - Ash Shati' Camp (Gaza City, Gaza Strip), killing 2 Palestinians.",2,,1759790002
PSE62827,11/4/2024,2024,1,Political violence,Explosions/Remote violence,Shelling/artillery/missile attack,Military Forces of Israel (2022-),,8,Civilians (Palestine),,7,78,Civilian targeting,275,Middle East,Palestine,Gaza Strip,Deir El Balah,,An Nusayrat - West,31.4525,34.3756,1,Palestine News and Information Agency,National,"On 4 November 2024, Israeli gunboats opened fire at the beach of An Nusayrat in An Nusayrat - West (Deir El Balah, Gaza Strip). Casualties unknown. Also, tanks opened fire at Tabbet Nwairi area in An Nusayrat - West, causing injuries.",0,,1753956638
PSE62828,11/4/2024,2024,1,Political violence,Explosions/Remote violence,Shelling/artillery/missile attack,Military Forces of Israel (2022-),,8,Civilians (Palestine),,7,78,Civilian targeting,275,Middle East,Palestine,Gaza Strip,Gaza City,,Gaza - Sheikh Radwan,31.5349,34.4667,2,Palestine News and Information Agency,National,"On 4 November 2024, Israeli forces [likely artillery] opened fire north of Gaza City, coded to Gaza - Sheikh Radwan (Gaza City, Gaza Strip), killing a child and injuring others.",1,,1759790002
PSE62946,11/4/2024,2024,1,Political violence,Explosions/Remote violence,Air/drone strike,Military Forces of Israel (2022-),,8,Civilians (Palestine),,7,78,Civilian targeting,275,Middle East,Palestine,Gaza Strip,Gaza City,,Gaza - Ash Shati' Camp,31.5349,34.4466,2,Palestine News and Information Agency,National,"On 4 November 2024, Israeli warplanes struck in Al Saftawi area northwest Gaza City, coded to Gaza - Ash Shati' Camp (Gaza City, Gaza Strip), killing a Palestinian. Also, 2 persons were killed by a UAV strike near the camp. Total fatalities were 3.",3,,1759790002
PSE62947,11/4/2024,2024,1,Political violence,Explosions/Remote violence,Air/drone strike,Military Forces of Israel (2022-),,8,Civilians (Palestine),,7,78,Civilian targeting,275,Middle East,Palestine,Gaza Strip,Deir El Balah,,An Nusayrat - North,31.4591,34.3923,1,Palestine News and Information Agency,National,"On 4 November 2024, Israeli UAVs struck 2 houses and other targets in An Nusayrat - North (Deir El Balah, Gaza Strip), killing 3 Palestinians and injuring others.",3,,1753956638
PSE62948,11/4/2024,2024,1,Political violence,Explosions/Remote violence,Air/drone strike,Military Forces of Israel (2022-),,8,Civilians (Palestine),Refugees/IDPs (Palestine),7,78,Civilian targeting,275,Middle East,Palestine,Gaza Strip,Khan Yunis,,Khan Yunis - Maen,31.336,34.3172,1,Palestine News and Information Agency,National,"On 4 November 2024, Israeli warplanes struck a tent belonging to displaced people in Khan Yunis - Maen (Khan Yunis, Gaza Strip), killing 3 Palestinians.",3,,1753956638
PSE62978,11/4/2024,2024,1,Political violence,Explosions/Remote violence,Air/drone strike,Military Forces of Israel (2022-),,8,Civilians (Palestine),Refugees/IDPs (Palestine),7,78,Civilian targeting,275,Middle East,Palestine,Gaza Strip,Deir El Balah,,Az Zawayda,31.4284,34.366,1,Palestine News and Information Agency,National,"On 4 November 2024, Israeli warplanes struck a tent belonging to displaced people in Az Zawayda (Deir El Balah, Gaza Strip), killing 4 Palestinians.",4,,1767742780
PSE63046,11/4/2024,2024,1,Political violence,Explosions/Remote violence,Air/drone strike,Military Forces of Israel (2022-),,8,Civilians (Palestine),,7,78,Civilian targeting,275,Middle East,Palestine,Gaza Strip,North Gaza,,Beit Lahiya - Al Mashroo,31.5433,34.4998,1,Palestine News and Information Agency,National,"On 4 November 2024, Israeli warplanes struck 2 houses in Beit Lahiya - Al Mashroo (North Gaza, Gaza Strip), killing at least 15 persons and injuring others.",15,,1753956638
PSE63054,11/4/2024,2024,1,Political violence,Explosions/Remote violence,Air/drone strike,Military Forces of Israel (2022-),,8,Civilians (Palestine),Health Workers (Palestine); Refugees/IDPs (Palestine); Unidentified Armed Group (Palestine),7,78,Civilian targeting,275,Middle East,Palestine,Gaza Strip,North Gaza,,Beit Lahiya,31.5541,34.5016,1,Arutz Sheva; Israeli Defense Forces; Ma'an News Agency; Newpress; Palestine News and Information Agency; Twitter,Other-New media,"On 4 November 2024, Israeli tanks and artillery opened fire at Kamal Odwan Hospital in Beit Lahiya (North Gaza, Gaza Strip), causing injuries, including health staff. Meanwhile, the IDF said that a Palestinian group detonated an IED on a humanitarian convoy, injuring 6 persons and causing damage to Kamal Odwan Hospital. Also, 25 Palestinians were killed in an airstrike that targeted house hosting displaced people in the town.",25,,1753956638
PSE62755,11/4/2024,2024,1,Political violence,Explosions/Remote violence,Air/drone strike,Military Forces of Israel (2022-),,8,Civilians (Palestine),,7,78,Civilian targeting,275,Middle East,Palestine,Gaza Strip,Khan Yunis,,Qizan an Najjar,31.323,34.2761,2,Palestine News and Information Agency,National,"On 4 November 2024, Israeli warplanes struck a house in Qizan Rashwan west of Qizan an Najjar (Khan Yunis, Gaza Strip). Casualties unknown.",0,,1753956638
PSE62819,11/4/2024,2024,1,Political violence,Explosions/Remote violence,Air/drone strike,Military Forces of Israel (2022-),,8,Civilians (Palestine),,7,78,Civilian targeting,275,Middle East,Palestine,Gaza Strip,Rafah,,Rafah,31.287,34.2595,1,Palestine News and Information Agency,National,"On 4 November 2024, Israeli warplanes carried out strikes in Rafah City (Gaza Strip), killing 2 persons and injuring 5 more.",2,,1762829569
PSE62830,11/5/2024,2024,1,Political violence,Explosions/Remote violence,Air/drone strike,Military Forces of Israel (2022-),,8,Civilians (Palestine),Refugees/IDPs (Palestine),7,78,Civilian targeting,275,Middle East,Palestine,Gaza Strip,Deir El Balah,,Deir al Balah,31.4178,34.3503,1,Quds News Network,National,"On 5 November 2024, at around 00:02, Israeli warplanes struck a second tent belonging to displaced people east of Al Bannah bakery in Deir al Balah City (Deir El Balah, Gaza Strip), killing 2 persons.",2,,1753956638
PSE62921,11/5/2024,2024,1,Political violence,Explosions/Remote violence,Air/drone strike,Military Forces of Israel (2022-),,8,Civilians (Palestine),Refugees/IDPs (Palestine),7,78,Civilian targeting,275,Middle East,Palestine,Gaza Strip,Khan Yunis,,Abasan al Kabirah,31.3191,34.3401,2,Newpress; Quds News Network; Twitter,New media-National,"On 5 November 2024, at around 00:43, Israeli warplanes struck a house and a tent belonging to displaced people in Abasan al Kabirah area and Irmeedah area (Khan Yunis, Gaza Strip), leaving injuries and 2 fatalities.",2,,1753956638
PSE62950,11/5/2024,2024,1,Political violence,Explosions/Remote violence,Air/drone strike,Military Forces of Israel (2022-),,8,Civilians (Palestine),,7,78,Civilian targeting,275,Middle East,Palestine,Gaza Strip,Gaza City,,Gaza Port,31.5245,34.4326,1,Newpress; Quds News Network; Twitter,New media-National,"On 5 November 2024, an Israeli UAV opened struck the Gaza Port (Gaza City, Gaza Strip), killing 3 Palestinians.",3,,1753956638
PSE62953,11/5/2024,2024,1,Political violence,Explosions/Remote violence,Air/drone strike,Military Forces of Israel (2022-),,8,Civilians (Palestine),,7,78,Civilian targeting,275,Middle East,Palestine,Gaza Strip,Khan Yunis,,Al Fukhari,31.2952,34.3332,1,Arab 48; Palestine News and Information Agency; Quds News Network,National,"On 5 November 2024, Israeli warplanes struck a house in Al Fukhari (Khan Yunis, Gaza Strip), killing 3 persons including 2 women.",3,,1753956638
PSE62955,11/5/2024,2024,1,Political violence,Explosions/Remote violence,Shelling/artillery/missile attack,Military Forces of Israel (2022-),,8,Civilians (Palestine),,7,78,Civilian targeting,275,Middle East,Palestine,Gaza Strip,Deir El Balah,,An Nusayrat - West,31.4525,34.3756,1,Ma'an News Agency; Palestine News and Information Agency; Quds News Network,National,"On 5 November 2024, Israeli tanks opened fire toward a gathering in Tabbet Nwairi in An Nusayrat - West (Deir El Balah, Gaza Strip), killing 2 Palestinians and injuring 2 more. Also, tanks opened fire at houses in Abu Moalla land in the An Nusayrat - West [casualties unknown]. Fatalities coded at least 2.",2,,1753956638
PSE63005,11/5/2024,2024,1,Political violence,Explosions/Remote violence,Air/drone strike,Military Forces of Israel (2022-),,8,Civilians (Palestine),,7,78,Civilian targeting,275,Middle East,Palestine,Gaza Strip,Gaza City,,Gaza - At Tuffah,31.5134,34.4751,1,Newpress; Palestine News and Information Agency; Quds News Network; Twitter,New media-National,"On 5 November 2024, Israeli warplanes struck a house in the Old Street of Gaza - At Tuffah (Gaza City, Gaza Strip), killing 5 Palestinians from the same family (including a woman and her daughters) and injuring others.",5,,1759790002
PSE63006,11/5/2024,2024,1,Political violence,Explosions/Remote violence,Air/drone strike,Military Forces of Israel (2022-),,8,Civilians (Palestine),,7,78,Civilian targeting,275,Middle East,Palestine,Gaza Strip,Gaza City,,Gaza - Sheikh Radwan,31.5349,34.4667,2,Palestine News and Information Agency; Quds News Network,National,"On 5 November 2024, Israeli forces [likely warplanes] struck a gathering in Al Zarqa area north of Gaza City, coded to Gaza - Sheikh Radwan (Gaza City, Gaza Strip), killing 5 Palestinians and injuring others.",5,,1759790002
PSE63033,11/5/2024,2024,1,Political violence,Explosions/Remote violence,Air/drone strike,Military Forces of Israel (2022-),,8,Civilians (Palestine),Refugees/IDPs (Palestine),7,78,Civilian targeting,275,Middle East,Palestine,Gaza Strip,North Gaza,,Jabalya Camp,31.536,34.4907,1,Arab 48; Palestine News and Information Agency,National,"On 5 November 2024, Israeli warplanes struck a house in Al Alami area in Jabalya Camp (North Gaza, Gaza Strip), killing 8 Palestinians and injuring others.",8,,1753956638
PSE63036,11/5/2024,2024,1,Political violence,Explosions/Remote violence,Air/drone strike,Military Forces of Israel (2022-),,8,Civilians (Palestine),Health Workers (Palestine),7,78,Civilian targeting,275,Middle East,Palestine,Gaza Strip,North Gaza,,Beit Lahiya,31.5541,34.5016,1,Palestine News and Information Agency; Quds News Network,National,"On 5 November 2024, Israeli forces [likely tanks] shelled the third floor of Kamal Odwan Hospital in Beit Lahiya (North Gaza, Gaza Strip), injuring 6 children and causing damage to water tanks. Also, at least 9 Palestinians from same family were killed in an airstrike in the town. Total fatalities coded at least 9.",9,,1753956638
PSE62952,11/5/2024,2024,1,Political violence,Explosions/Remote violence,Remote explosive/landmine/IED,Military Forces of Israel (2022-),,8,Civilians (Palestine),Refugees/IDPs (Palestine),7,78,Civilian targeting,275,Middle East,Palestine,Gaza Strip,North Gaza,,Jabalya Camp,31.536,34.4907,1,Quds News Network,National,"On 5 November 2024, Israeli forces demolished residential complexes in the Jabalya camp using explosive-laden remotely operated vehicles (robots) (North Gaza, Gaza Strip).",0,,1759192033
PSE62772,11/5/2024,2024,1,Political violence,Explosions/Remote violence,Air/drone strike,Military Forces of Israel (2022-),,8,Civilians (Palestine),,7,78,Civilian targeting,275,Middle East,Palestine,Gaza Strip,Gaza City,,Gaza - Az Zaytun,31.4964,34.4522,1,Newpress; Quds News Network; Twitter,New media-National,"On 5 November 2024, at around 15:22, Israeli warplanes struck a house near Ein Jalout School in Az Zaytun. Casualties unknown. Also, at around 00:06, Israeli tanks shelled and fired illumination flares in Gaza - Az Zaytun (Gaza City, Gaza Strip). Casualties unknown.",0,,1759790002
PSE62979,11/5/2024,2024,1,Political violence,Explosions/Remote violence,Air/drone strike,Military Forces of Israel (2022-),,8,Civilians (Palestine),,7,78,Civilian targeting,275,Middle East,Palestine,Gaza Strip,North Gaza,,Jabalya,31.5272,34.4835,1,Arab 48; Ma'an News Agency; Palestine News and Information Agency,National,"On 5 November 2024, Israeli warplanes struck a house in Jabalya Nazlah in Jabalya (North Gaza, Gaza Strip), causing injuries and killing a woman. Also, 3 Palestinians were killed in Jabalya in an airstrike that targeted a house. Total fatalities 4.",4,,1759790002
PSE62773,11/5/2024,2024,1,Political violence,Explosions/Remote violence,Air/drone strike,Military Forces of Israel (2022-),,8,Civilians (Palestine),,7,78,Civilian targeting,275,Middle East,Palestine,Gaza Strip,Rafah,,Rafah,31.287,34.2595,1,Quds News Network,National,"On 5 November 2024, at around 6:00, Israeli warplanes struck a house in the center of Rafah city (Gaza Strip). Casualties unknown.",0,,1762829569
PSE62783,11/5/2024,2024,1,Political violence,Explosions/Remote violence,Air/drone strike,Military Forces of Israel (2022-),,8,Civilians (Palestine),,7,78,Civilian targeting,275,Middle East,Palestine,Gaza Strip,Rafah,,Khirbet al Adas,31.2855,34.2714,1,Quds News Network,National,"On 5 November 2024, Israeli warplanes carried out strikes in Khirbet al Adas (Rafah, Gaza Strip), causing injuries.",0,,1753956638
PSE62784,11/6/2024,2024,1,Political violence,Explosions/Remote violence,Air/drone strike,Military Forces of Israel (2022-),,8,Civilians (Palestine),Refugees/IDPs (Palestine),7,78,Civilian targeting,275,Middle East,Palestine,Gaza Strip,Deir El Balah,,An Nusayrat,31.4486,34.3925,1,Palestine News and Information Agency; Quds News Network,National,"On 6 November 2024, Israeli warplanes struck a house in block C of An Nusayrat Camp (Deir El Balah, Gaza Strip), injuring 8 persons including 2 women and 5 children.",0,,1753956638
PSE62785,11/6/2024,2024,1,Political violence,Explosions/Remote violence,Air/drone strike,Military Forces of Israel (2022-),,8,Civilians (Palestine),Refugees/IDPs (Palestine),7,78,Civilian targeting,275,Middle East,Palestine,Gaza Strip,Gaza City,,Gaza,31.5045,34.4743,1,Quds News Network,National,"On 6 November 2024, Israeli warplanes struck a tent belonging to displaced people in Gaza City (Gaza City, Gaza Strip). Casualties unknown.",0,,1759790002
PSE62981,11/6/2024,2024,1,Political violence,Explosions/Remote violence,Air/drone strike,Military Forces of Israel (2022-),,8,Civilians (Palestine),,7,78,Civilian targeting,275,Middle East,Palestine,Gaza Strip,North Gaza,,Beit Lahiya,31.5541,34.5016,1,Palestine News and Information Agency; Quds News Network,National,"On 6 November 2024, Israeli warplanes struck a house in Beit Lahiya (North Gaza, Gaza Strip), killing 4 persons (a mother and her 3 children). Also an airstrike struck near the western junction of Beit Lahiya [casualties unknown]. Fatalities coded at least 4.",4,,1753956638
PSE62982,11/6/2024,2024,1,Political violence,Explosions/Remote violence,Air/drone strike,Military Forces of Israel (2022-),,8,Civilians (Palestine),,7,78,Civilian targeting,275,Middle East,Palestine,Gaza Strip,Gaza City,,Gaza - Southern Remal,31.5168,34.4355,1,Ma'an News Agency; Newpress; Palestine News and Information Agency; Quds News Network; Twitter,New media-National,"On 6 November 2024, an Israeli UAV struck a gathering in Gaza - Southern Remal (Gaza City, Gaza Strip), killing 4 Palestinians and injuring others.",4,,1759790002
PSE62993,11/6/2024,2024,1,Political violence,Explosions/Remote violence,Air/drone strike,Military Forces of Israel (2022-),,8,Civilians (Palestine),Refugees/IDPs (Palestine),7,78,Civilian targeting,275,Middle East,Palestine,Gaza Strip,Deir El Balah,,An Nusayrat - North,31.4591,34.3923,1,Palestine News and Information Agency; Quds News Network,National,"On 6 November 2024, Israeli warplanes struck a house in the new camp in An Nusayrat - North (Deir El Balah, Gaza Strip), killing at least 4 persons, including a man and his son, and injuring 17 more.",4,,1753956638
PSE63052,11/6/2024,2024,1,Political violence,Explosions/Remote violence,Air/drone strike,Military Forces of Israel (2022-),,8,Civilians (Palestine),,7,78,Civilian targeting,275,Middle East,Palestine,Gaza Strip,North Gaza,,Beit Lahiya,31.5541,34.5016,2,Ma'an News Agency; Quds News Network,National,"On 6 November 2024, Israeli warplanes struck a house south of Beit Lahiya (North Gaza, Gaza Strip), killing 15 persons from the same family. Also, artillery and tanks shelled west of Beit Lahiya and in Al Shaymaa area [casualties unknown]. Fatalities coded at least 15.",15,,1753956638
PSE62810,11/6/2024,2024,1,Political violence,Explosions/Remote violence,Air/drone strike,Military Forces of Israel (2022-),,8,Civilians (Palestine),,7,78,Civilian targeting,275,Middle East,Palestine,Gaza Strip,Rafah,,Yibna,31.2842,34.2482,2,Palestine News and Information Agency; PLO Negotiations Affairs Department,Other-National,"On 6 November 2024, Israeli UAVs struck and killed a Palestinian east of Rafah, coded to Yibna. Also, artillery and tanks shelled targets east and northeast of Rafah, coded to Yibna (Rafah, Gaza Strip). Casualties unknown. Fatalities coded at least 1.",1,,1753956638
PSE62956,11/6/2024,2024,1,Political violence,Explosions/Remote violence,Air/drone strike,Military Forces of Israel (2022-),,8,Civilians (Palestine),,7,78,Civilian targeting,275,Middle East,Palestine,Gaza Strip,North Gaza,,Jabalya,31.5272,34.4835,1,Ma'an News Agency; Palestine News and Information Agency; Quds News Network,National,"On 6 November 2024, Israeli artillery shelled the Jabalya town (North Gaza, Gaza Strip). Casualties unknown. Also, warplanes struck the Halima Al Saadeya School in Jabalya Nazalah in the town, killing 3 persons. Total fatalities coded at least 3.",3,,1759790002
PSE63007,11/6/2024,2024,1,Political violence,Explosions/Remote violence,Air/drone strike,Military Forces of Israel (2022-),,8,Civilians (Palestine),,7,78,Civilian targeting,275,Middle East,Palestine,Gaza Strip,North Gaza,,Jabalya - Tel-Zaatar,31.5367,34.5035,1,Palestine News and Information Agency; Quds News Network,National,"On 6 November 2024, an Israeli UAV struck a gathering in Jabalya - Tel-Zaatar (North Gaza, Gaza Strip), killing 5 Palestinians and injuring others.",5,,1759790002
PSE62960,11/6/2024,2024,1,Political violence,Explosions/Remote violence,Air/drone strike,Military Forces of Israel (2022-),,8,Civilians (Palestine),,7,78,Civilian targeting,275,Middle East,Palestine,Gaza Strip,Rafah,,Khirbet al Adas,31.2855,34.2714,1,Ma'an News Agency; Quds News Network,National,"On 6 November 2024, Israeli warplanes struck a group of Palestinians in Khirbet al Adas (Rafah, Gaza Strip), killing 3 persons.",3,,1753956638
PSE62812,11/7/2024,2024,1,Political violence,Explosions/Remote violence,Air/drone strike,Military Forces of Israel (2022-),,8,Civilians (Palestine),,7,78,Civilian targeting,275,Middle East,Palestine,Gaza Strip,North Gaza,,Beit Lahiya,31.5541,34.5016,1,Palestine News and Information Agency; Quds News Network,National,"On 7 November 2024, Israeli warplanes targeted the Al Manshiya street in Beit Lahiya (North Gaza, Gaza Strip), killing a woman and injuring others. Also, artillery heavily shelled the same location [casualties unknown]. Fatalities coded as at least 1.",1,,1753956638
PSE62925,11/7/2024,2024,1,Political violence,Explosions/Remote violence,Air/drone strike,Military Forces of Israel (2022-),,8,Civilians (Palestine),Refugees/IDPs (Palestine),7,78,Civilian targeting,275,Middle East,Palestine,Gaza Strip,Khan Yunis,,Bani Suheila,31.3424,34.325,1,Palestine News and Information Agency; Quds News Network,National,"On 7 November 2024, Israeli warplanes struck a tent belonging to displaced people in Al Tahliya area in Bani Suheila (Khan Yunis, Gaza Strip), killing 2 persons.",2,,1753956638
PSE62972,11/7/2024,2024,1,Political violence,Explosions/Remote violence,Air/drone strike,Military Forces of Israel (2022-),,8,Civilians (Palestine),,7,78,Civilian targeting,275,Middle East,Palestine,Gaza Strip,Deir El Balah,,An Nusayrat - West,31.4525,34.3756,1,Dunia Al Watan; Newpress; Palestine News and Information Agency; Quds News Network; Twitter,New media-National,"On 7 November 2024, Israeli warplanes struck a target in Al Nwairi area in An Nusayrat - West (Deir El Balah, Gaza Strip), killing 3 persons and injuring others. Also, at around 22:38, Israeli warplanes struck a house near Abu Maala land in the same location, causing injuries.",3,,1753956638
PSE63000,11/7/2024,2024,1,Political violence,Explosions/Remote violence,Air/drone strike,Military Forces of Israel (2022-),,8,Civilians (Palestine),,7,78,Civilian targeting,275,Middle East,Palestine,Gaza Strip,Gaza City,,Gaza - Nasr,31.534,34.4574,1,Newpress; Palestine News and Information Agency; Quds News Network; Twitter,New media-National,"On 7 November 2024, Israeli warplanes targeted the Remal School in Gaza - Nasr (Gaza City, Gaza Strip), killing 4 persons.",4,,1753956638
PSE63003,11/7/2024,2024,1,Political violence,Explosions/Remote violence,Shelling/artillery/missile attack,Military Forces of Israel (2022-),,8,Civilians (Palestine),Refugees/IDPs (Palestine),7,78,Civilian targeting,275,Middle East,Palestine,Gaza Strip,North Gaza,,Jabalya Camp,31.536,34.4907,2,Palestine News and Information Agency; Quds News Network,National,"On 7 November 2024, Israeli artillery shelled a target near the Abu Sharkh Roundabout west of Jabalya Camp (North Gaza, Gaza Strip), killing 6 persons.",6,,1753956638
PSE63013,11/7/2024,2024,1,Political violence,Explosions/Remote violence,Shelling/artillery/missile attack,Military Forces of Israel (2022-),,8,Civilians (Palestine),Refugees/IDPs (Palestine),7,78,Civilian targeting,275,Middle East,Palestine,Gaza Strip,Deir El Balah,,An Nusayrat,31.4486,34.3925,1,Quds News Network,National,"On 7 November 2024, Israeli artillery targeted a house with a shell in block C of An Nusayrat Camp (Deir El Balah, Gaza Strip). Casualties unknown.",0,,1753956638
PSE63034,11/7/2024,2024,1,Political violence,Explosions/Remote violence,Air/drone strike,Military Forces of Israel (2022-),,8,Civilians (Palestine),,7,78,Civilian targeting,275,Middle East,Palestine,Gaza Strip,North Gaza,,Beit Lahiya - Al Mashroo,31.5433,34.4998,1,Newpress; Palestine News and Information Agency; Quds News Network; Twitter,New media-National,"On 7 November 2024, Israeli warplanes struck a house in Beit Lahiya - Al Mashroo (North Gaza, Gaza Strip), killing 5 Palestinians and injuring others. Also, an Israeli UAV struck in Al Souk Street in the same location, killing 3 persons and injuring others. Total fatalities were 8.",8,,1753956638
PSE63038,11/7/2024,2024,1,Political violence,Explosions/Remote violence,Air/drone strike,Military Forces of Israel (2022-),,8,Civilians (Palestine),,7,78,Civilian targeting,275,Middle East,Palestine,Gaza Strip,Gaza City,,Gaza - Ad Darraj,31.5172,34.4642,1,Palestine News and Information Agency; Quds News Network,National,"On 7 November 2024, Israeli warplanes struck a house near the Darraj Clinic in Gaza - Ad Darraj (Gaza City, Gaza Strip), killing 9 Palestinians.",9,,1759790002
PSE63065,11/7/2024,2024,1,Political violence,Explosions/Remote violence,Air/drone strike,Military Forces of Israel (2022-),,8,Civilians (Palestine),Refugees/IDPs (Palestine),7,78,Civilian targeting,275,Middle East,Palestine,Gaza Strip,North Gaza,,Jabalya Camp,31.536,34.4907,1,Newpress; Palestine News and Information Agency; Quds News Network; Twitter; UNSC,Other-New media,"On 7 November 2024, Israeli warplanes struck a house near the Abu Hussain Schools in Jabalya Camp, killing at least 27 persons and injuring many others. Also, tanks and artillery shelled houses in Jabalya Camp (North Gaza, Gaza Strip). Casualties unknown. Fatalities coded at least 27.",27,,1760989820
PSE62971,11/7/2024,2024,1,Political violence,Explosions/Remote violence,Air/drone strike,Military Forces of Israel (2022-),,8,Civilians (Palestine),,7,78,Civilian targeting,275,Middle East,Palestine,Gaza Strip,Rafah,,Yibna,31.2842,34.2482,2,Ma'an News Agency; Newpress; Palestine News and Information Agency; PLO Negotiations Affairs Department; Quds News Network; Twitter,Other-New media,"On 7 November 2024, Israeli warplanes struck the Mashroo area east of Rafah, killing 3 children. Also, artillery and tanks shelled targets east of Rafah, coded to Yibna (Rafah, Gaza Strip). Casualties unknown. Total fatalities coded at least 3.",3,,1753956638
PSE63037,11/7/2024,2024,1,Political violence,Explosions/Remote violence,Air/drone strike,Military Forces of Israel (2022-),,8,Civilians (Palestine),Health Workers (Palestine),7,78,Civilian targeting,275,Middle East,Palestine,Gaza Strip,North Gaza,,Jabalya,31.5272,34.4835,1,Newpress; Palestine News and Information Agency; Quds News Network; Twitter,New media-National,"On 7 November 2024, Israeli warplanes struck a house near the Omari mosque in Jabalya town (North Gaza, Gaza Strip), killing 5 persons and injuring others. Also, 4 persons were killed in an airstrike that targeted 2 houses in Jabalya Nazlah. In addition, Israeli UAVs opened fire and injured health workers in Jabalya. Total fatalities were 9.",9,,1759790002
PSE63031,11/7/2024,2024,1,Political violence,Explosions/Remote violence,Air/drone strike,Military Forces of Israel (2022-),,8,Civilians (Palestine),,7,78,Civilian targeting,275,Middle East,Palestine,Gaza Strip,Rafah,,Al Junainah,31.2642,34.2636,2,Dunia Al Watan; Ma'an News Agency; Palestine News and Information Agency; Quds News Network,National,"On 7 November 2024, Israeli UAVs struck the Tabbet Zarea area, coded to Al Junainah (Rafah, Gaza Strip), killing 6 Palestinians.",6,,1753956638
PSE62787,11/8/2024,2024,1,Political violence,Explosions/Remote violence,Air/drone strike,Military Forces of Israel (2022-),,8,Civilians (Palestine),,7,78,Civilian targeting,275,Middle East,Palestine,Gaza Strip,Deir El Balah,,An Nusayrat - North,31.4591,34.3923,2,Quds News Network,National,"On 8 November 2024, Israeli warplanes struck a house northwest of An Nusayrat, coded to An Nusayrat - North (Deir El Balah, Gaza Strip), causing injuries.",0,,1753956638
PSE62788,11/8/2024,2024,1,Political violence,Explosions/Remote violence,Air/drone strike,Military Forces of Israel (2022-),,8,Civilians (Palestine),,7,78,Civilian targeting,275,Middle East,Palestine,Gaza Strip,Gaza City,,Gaza - Sheikh Radwan,31.5349,34.4667,1,Arab 48; Quds News Network,National,"On 8 November 2024, Israeli UAVs dropped bombs at houses in Gaza - Sheikh Radwan (Gaza City, Gaza Strip). Casualties unknown.",0,,1759790002
PSE62813,11/8/2024,2024,1,Political violence,Explosions/Remote violence,Air/drone strike,Military Forces of Israel (2022-),,8,Civilians (Palestine),,7,78,Civilian targeting,275,Middle East,Palestine,Gaza Strip,Khan Yunis,,Abasan al Kabirah,31.3191,34.3401,1,Palestine News and Information Agency; Quds News Network,National,"On 8 November 2024, Israeli warplanes struck a house in Abasan al Kabirah (Khan Yunis, Gaza Strip), killing a child.",1,,1753956638
PSE62926,11/8/2024,2024,1,Political violence,Explosions/Remote violence,Air/drone strike,Military Forces of Israel (2022-),,8,Civilians (Palestine),,7,78,Civilian targeting,275,Middle East,Palestine,Gaza Strip,Deir El Balah,,An Nusayrat - West,31.4525,34.3756,1,Palestine News and Information Agency,National,"On 8 November 2024, 2 Palestinians were killed in An Nusayrat - West (Deir El Balah, Gaza Strip), likely by Israeli airstrikes.",2,,1753956638
PSE62973,11/8/2024,2024,1,Political violence,Explosions/Remote violence,Air/drone strike,Military Forces of Israel (2022-),,8,Civilians (Palestine),Refugees/IDPs (Palestine),7,78,Civilian targeting,275,Middle East,Palestine,Gaza Strip,Khan Yunis,,Al Mawasi (Khan Yunis),31.3482,34.2547,1,Ma'an News Agency; Palestine News and Information Agency; Quds News Network,National,"On 8 November 2024, Israeli warplanes struck a tent belonging to displaced people near Zannoun station in (Al Mawasi (Khan Yunis), Gaza Strip), killing 3 persons and injuring 7 more.",3,,1762829569
PSE63001,11/8/2024,2024,1,Political violence,Explosions/Remote violence,Air/drone strike,Military Forces of Israel (2022-),,8,Civilians (Palestine),,7,78,Civilian targeting,275,Middle East,Palestine,Gaza Strip,North Gaza,,Beit Lahiya,31.5541,34.5016,1,Palestine News and Information Agency; Quds News Network,National,"On 8 November 2024, Israeli warplanes struck a house in Al Mansheya area of Beit Lahiya (North Gaza, Gaza Strip), killing 4 Palestinians and injuring others. Also, artillery shelled on the outskirts of Kamal Odwan Hospital [casualties unknown]. Fatalities coded as at least 4.",4,,1753956638
PSE63002,11/8/2024,2024,1,Political violence,Explosions/Remote violence,Air/drone strike,Military Forces of Israel (2022-),,8,Civilians (Palestine),,7,78,Civilian targeting,275,Middle East,Palestine,Gaza Strip,Gaza City,,Gaza - Ash Shati' Camp,31.5349,34.4466,2,Ma'an News Agency; Palestine News and Information Agency,National,"On 8 November 2024, Israeli warplanes struck a house near Al Mashatal area northwest of Gaza City, coded to Gaza - Ash Shati' Camp (Gaza City, Gaza Strip), killing 4 persons and injuring others.",4,,1759790002
PSE63009,11/8/2024,2024,1,Political violence,Explosions/Remote violence,Air/drone strike,Military Forces of Israel (2022-),,8,Civilians (Palestine),,7,78,Civilian targeting,275,Middle East,Palestine,Gaza Strip,North Gaza,,Beit Lahiya - Al Mashroo,31.5433,34.4998,1,Palestine News and Information Agency; Quds News Network,National,"On 8 November 2024, Israeli warplanes struck a gathering in Beit Lahiya - Al Mashroo (North Gaza, Gaza Strip), killing 4 Palestinians and injuring a number of others. Another person was killed by Israeli fire in Beit Lahiya. Total fatalities were 5.",5,,1753956638
PSE63028,11/8/2024,2024,1,Political violence,Explosions/Remote violence,Shelling/artillery/missile attack,Military Forces of Israel (2022-),,8,Civilians (Palestine),Fishers (Palestine),7,78,Civilian targeting,275,Middle East,Palestine,Gaza Strip,Rafah,,Al Mawasi (Rafah),31.3294,34.2299,2,Palestine News and Information Agency; Quds News Network,National,"On 8 November 2024, Israeli gunboats opened fire at a group of fishers at the beach of Rafah, coded to Al Mawasi (Rafah), Gaza Strip. One Palestinian was killed and 3 others were injured.",1,,1762829569
PSE63030,11/8/2024,2024,1,Political violence,Explosions/Remote violence,Shelling/artillery/missile attack,Military Forces of Israel (2022-),,8,Civilians (Palestine),,7,78,Civilian targeting,275,Middle East,Palestine,Gaza Strip,Deir El Balah,,An Nusayrat - North,31.4591,34.3923,1,Quds News Network,National,"On 8 November 2024, Israeli tanks opened fired toward houses and lands near the Wadi Gaza in An Nusayrat - North (Deir El Balah, Gaza Strip). Casualties unknown.",0,,1753956638
PSE63039,11/8/2024,2024,1,Political violence,Explosions/Remote violence,Shelling/artillery/missile attack,Military Forces of Israel (2022-),,8,Civilians (Palestine),,7,78,Civilian targeting,275,Middle East,Palestine,Gaza Strip,Rafah,,Tal as Sultan,31.3098,34.2414,2,Quds News Network,National,"On 8 November 2024, Israeli tanks opened fire west of Rafah, coded to Tal as Sultan (Gaza Strip), injuring 2 persons.",0,,1762829569
PSE62786,11/8/2024,2024,1,Political violence,Explosions/Remote violence,Air/drone strike,Military Forces of Israel (2022-),,8,Civilians (Palestine),,7,78,Civilian targeting,275,Middle East,Palestine,Gaza Strip,North Gaza,,Jabalya,31.5272,34.4835,1,Ma'an News Agency; Palestine News and Information Agency; Quds News Network,National,"On 8 November 2024, Israeli warplanes struck the Halima Al Saadeya School in Jabalya (North Gaza, Gaza Strip), causing injuries.",0,,1759790002
PSE62974,11/8/2024,2024,1,Political violence,Explosions/Remote violence,Air/drone strike,Military Forces of Israel (2022-),,8,Civilians (Palestine),,7,78,Civilian targeting,275,Middle East,Palestine,Gaza Strip,Rafah,,Al Junainah,31.2642,34.2636,1,Palestine News and Information Agency; Quds News Network,National,"On 8 November 2024, Israeli warplanes struck houses in near Hamdan hall in Al Junainah (Rafah, Gaza Strip), leaving fatalities and injuries. Unspecified number of fatalities coded as 3.",3,,1753956638
PSE63164,11/9/2024,2024,1,Political violence,Violence against civilians,Attack,Military Forces of Israel (2022-),,8,Civilians (Palestine),,7,78,Civilian targeting,275,Middle East,Palestine,Gaza Strip,North Gaza,,Beit Lahiya - Al Salateen,31.5558,34.4814,2,Dunia Al Watan; Ma'an News Agency; Quds News Network,National,"On 9 November 2024, Israeli forces opened fire and killed 3 Palestinians in al Sudaniya northwest of North Gaza, coded to Beit Lahiya - Al Salateen (North Gaza, Gaza Strip). The three individuals were killed shortly after being released from Israeli prison and entering Gaza through the Zikim gate.",3,,1753956638
PSE63194,11/9/2024,2024,1,Political violence,Explosions/Remote violence,Air/drone strike,Military Forces of Israel (2022-),,8,Civilians (Palestine),Refugees/IDPs (Palestine),7,78,Civilian targeting,275,Middle East,Palestine,Gaza Strip,Khan Yunis,,Khan Yunis,31.3502,34.3081,1,Ma'an News Agency; Palestine News and Information Agency; Quds News Network,National,"On 9 November 2024, Israeli warplanes struck tents belonging to displaced people in Khan Yunis city (Khan Yunis, Gaza Strip), killing 9 Palestinians and injuring others.",9,,1753956638
PSE63195,11/9/2024,2024,1,Political violence,Explosions/Remote violence,Air/drone strike,Military Forces of Israel (2022-),,8,Civilians (Palestine),,7,78,Civilian targeting,275,Middle East,Palestine,Gaza Strip,North Gaza,,Beit Lahiya,31.5541,34.5016,1,Arab 48; Ma'an News Agency; Newpress; Palestine News and Information Agency; Quds News Network; Twitter,New media-National,"On 9 November 2024, Israeli warplanes struck a building in Beit Lahiya (North Gaza, Gaza Strip), killing 4 persons including 3 women and injuring other Palestinians. Also, artillery shelled the western areas of Beit Lahiya and helicopters and UAVs opened fire toward houses and near Kamal Odwan Hospital in the town [casualties unknown]. Total fatalities coded at least 4.",4,,1753956638
PSE63200,11/9/2024,2024,1,Political violence,Explosions/Remote violence,Air/drone strike,Military Forces of Israel (2022-),,8,Civilians (Palestine),Journalists (Palestine); Refugees/IDPs (Palestine),7,78,Civilian targeting,275,Middle East,Palestine,Gaza Strip,Deir El Balah,,Deir al Balah,31.4178,34.3503,1,Arab 48; Dunia Al Watan; Ma'an News Agency; Newpress; Palestine News and Information Agency; Quds News Network; Twitter,New media-National,"On 9 November 2024, an Israeli UAV opened fire at Palestinians in Al Basah area in Deir al Balah City (Deir El Balah, Gaza Strip), killing one persons and injuring others. Also, Israeli forces [likely UAVs] opened fire on the outskirts of Shuhadaa Al Aqsa Hospital in Deir al Balah city, killing 2 Palestinians. 3 journalists were also injured. Total confirmed fatalities 3.",3,,1755550811
PSE63202,11/9/2024,2024,1,Political violence,Explosions/Remote violence,Air/drone strike,Military Forces of Israel (2022-),,8,Civilians (Palestine),Refugees/IDPs (Palestine),7,78,Civilian targeting,275,Middle East,Palestine,Gaza Strip,North Gaza,,Jabalya Camp,31.536,34.4907,1,Arab 48; Ma'an News Agency; Newpress; Palestine News and Information Agency; Quds News Network; Twitter,New media-National,"On 9 November 2024, Israeli warplanes struck a house near the Al Tawba mosque in Jabalya Camp (North Gaza, Gaza Strip), killing 5 Palestinians and injuring others. Also, artillery shelled the Al Alami area and Abu Qamar in the camp [casualties unknown]. Fatalities coded as at least 5.",5,,1753956638
PSE63203,11/9/2024,2024,1,Political violence,Explosions/Remote violence,Air/drone strike,Military Forces of Israel (2022-),,8,Civilians (Palestine),Refugees/IDPs (Palestine),7,78,Civilian targeting,275,Middle East,Palestine,Gaza Strip,Khan Yunis,,Abasan al Kabirah,31.3191,34.3401,1,Ma'an News Agency; Palestine News and Information Agency,National,"On 9 November 2024, Israeli warplanes struck a tent belonging to displaced people in Abasan al Kabirah (Khan Yunis, Gaza Strip), killing 5 Palestinians and injuring others.",5,,1753956638
PSE63204,11/9/2024,2024,1,Political violence,Explosions/Remote violence,Air/drone strike,Military Forces of Israel (2022-),,8,Civilians (Palestine),,7,78,Civilian targeting,275,Middle East,Palestine,Gaza Strip,Khan Yunis,,Abasan al Kabirah,31.3191,34.3401,2,Arab 48; Ma'an News Agency; Palestine News and Information Agency; Quds News Network,National,"On 9 November 2024, Israeli warplanes struck a house in Wad Saber area east of Abasan al Kabirah (Khan Yunis, Gaza Strip), killing 4 persons and injuring a number of others.",4,,1753956638
PSE63215,11/9/2024,2024,1,Political violence,Explosions/Remote violence,Air/drone strike,Military Forces of Israel (2022-),,8,Civilians (Palestine),Refugees/IDPs (Palestine),7,78,Civilian targeting,275,Middle East,Palestine,Gaza Strip,Khan Yunis,,Al Qararah,31.3739,34.3409,1,Newpress; Quds News Network; Twitter,New media-National,"On 9 November 2024, Israeli warplanes struck a tent belonging to displaced people in Al Qararah (Khan Yunis, Gaza Strip). Casualties unknown.",0,,1753956638
PSE63216,11/9/2024,2024,1,Political violence,Explosions/Remote violence,Air/drone strike,Military Forces of Israel (2022-),,8,Civilians (Palestine),,7,78,Civilian targeting,275,Middle East,Palestine,Gaza Strip,Gaza City,,Gaza - Southern Remal,31.5168,34.4355,2,Newpress; Quds News Network; Twitter,New media-National,"On 9 November 2024, Israeli warplanes a house near Salah al- Din School west of Gaza city, coded to Gaza - Southern Remal (Gaza City, Gaza Strip). Casualties unknown.",0,,1759790002
PSE63234,11/9/2024,2024,1,Political violence,Explosions/Remote violence,Shelling/artillery/missile attack,Military Forces of Israel (2022-),,8,Civilians (Palestine),,7,78,Civilian targeting,275,Middle East,Palestine,Gaza Strip,Deir El Balah,,An Nusayrat - West,31.4525,34.3756,1,Ma'an News Agency,National,"On 9 November 2024, Israeli forces [likely artillery] targeted the Tabbet Al Nwairi in An Nusayrat - West (Deir El Balah, Gaza Strip), injuring 2 persons.",0,,1753956656
PSE63230,11/9/2024,2024,1,Political violence,Explosions/Remote violence,Shelling/artillery/missile attack,Military Forces of Israel (2022-),,8,Civilians (Palestine),,7,78,Civilian targeting,275,Middle East,Palestine,Gaza Strip,North Gaza,,Beit Hanoun,31.5405,34.5402,1,Palestine News and Information Agency,National,"On 9 November 2024, Israeli artillery shelled the Beit Hanoun (North Gaza, Gaza Strip), killing 6 Palestinians.",6,,1753956656
PSE63223,11/9/2024,2024,1,Political violence,Violence against civilians,Attack,Military Forces of Israel (2022-),,8,Civilians (Palestine),,7,78,Civilian targeting,275,Middle East,Palestine,Gaza Strip,Gaza City,,Gaza - Az Zaytun,31.4964,34.4522,1,Ma'an News Agency; Palestine News and Information Agency,National,"On 9 November 2024, an Israeli sniper shot dead a Palestinian in Gaza - Az Zaytun (Gaza City, Gaza Strip)",1,,1759790002
PSE63231,11/9/2024,2024,1,Political violence,Explosions/Remote violence,Shelling/artillery/missile attack,Military Forces of Israel (2022-),,8,Civilians (Palestine),,7,78,Civilian targeting,275,Middle East,Palestine,Gaza Strip,North Gaza,,Jabalya - Tel-Zaatar,31.5367,34.5035,1,Arab 48; Ma'an News Agency; Palestine News and Information Agency; Quds News Network,National,"On 9 November 2024, Israeli forces [likely tanks] targeted a group of Palestinians, mostly children, as they were filling water containers in Jabalya - Tel-Zaatar (North Gaza, Gaza Strip), killing 2 girls and injuring several others.",2,,1759790002
PSE63199,11/9/2024,2024,1,Political violence,Explosions/Remote violence,Air/drone strike,Military Forces of Israel (2022-),,8,Civilians (Palestine),Refugees/IDPs (Palestine),7,78,Civilian targeting,275,Middle East,Palestine,Gaza Strip,Rafah,,Rafah Camp,31.2847,34.2546,1,Arab 48; Dunia Al Watan; Palestine News and Information Agency; Quds News Network,National,"On 9 November 2024, an Israeli warplane struck a structure in Al Shaboura Camp of Rafah Camp (Rafah, Gaza Strip), killing a Palestinian.",1,,1753956638
PSE63224,11/9/2024,2024,1,Political violence,Explosions/Remote violence,Shelling/artillery/missile attack,Military Forces of Israel (2022-),,8,Civilians (Palestine),,7,78,Civilian targeting,275,Middle East,Palestine,Gaza Strip,Gaza City,,Gaza - Shujaiyya,31.4988,34.4699,1,Arab 48; Dunia Al Watan; Ma'an News Agency; Newpress; Palestine News and Information Agency; Quds News Network; Twitter,New media-National,"On 9 November 2024, Israeli forces [likely tanks] opened fire near an aid distribution center in Gaza - Shujaiyya (Gaza City, Gaza Strip), killing 5 Palestinians. This event involved violence over aid.",5,,1759790002
PSE63225,11/10/2024,2024,1,Political violence,Explosions/Remote violence,Air/drone strike,Military Forces of Israel (2022-),,8,Civilians (Palestine),,7,78,Civilian targeting,275,Middle East,Palestine,Gaza Strip,Gaza City,,Gaza - Sabra,31.5086,34.4493,1,Al-Ittihad; Ma'an News Agency; Palestine News and Information Agency; Quds News Network,National-Regional,"On 10 November 2024, Israeli warplanes struck a house near Al Salam mosque in Gaza - Sabra (Gaza City, Gaza Strip), killing at least 5 Palestinians and injuring others.",5,,1759790002
PSE63227,11/10/2024,2024,1,Political violence,Explosions/Remote violence,Air/drone strike,Military Forces of Israel (2022-),,8,Civilians (Palestine),Refugees/IDPs (Palestine),7,78,Civilian targeting,275,Middle East,Palestine,Gaza Strip,Deir El Balah,,An Nusayrat,31.4486,34.3925,1,Palestine News and Information Agency; Quds News Network,National,"On 10 November 2024, Israeli warplanes struck a house in An Nusayrat Camp (Deir El Balah, Gaza Strip), killing 3 Palestinians. Also, Israeli warplanes struck a tent belonging to displaced people in An Nusayrat Camp, killing 2 women. Total confirmed fatalities were 5.",5,,1753956656
PSE63228,11/10/2024,2024,1,Political violence,Explosions/Remote violence,Air/drone strike,Military Forces of Israel (2022-),,8,Civilians (Palestine),Journalists (Palestine),7,78,Civilian targeting,275,Middle East,Palestine,Gaza Strip,Deir El Balah,,An Nusayrat - West,31.4525,34.3756,1,Newpress; Palestine News and Information Agency; Quds News Network; Twitter,New media-National,"On 10 November 2024, Israeli warplanes struck the Turkman tower in An Nusayrat - West (Deir El Balah, Gaza Strip). Casualties unknown. Also, gunboats opened fire in An Nusayrat - West. Casualties unknown. Also, at around 21:19, 2 Palestinians [including a journalist] were killed n Al Sawarah area, coded to the same location. Fatalities coded at least 2.",2,,1753956656
PSE63229,11/10/2024,2024,1,Political violence,Explosions/Remote violence,Air/drone strike,Military Forces of Israel (2022-),,8,Civilians (Palestine),,7,78,Civilian targeting,275,Middle East,Palestine,Gaza Strip,Gaza City,,Gaza - Sheikh Radwan,31.5349,34.4667,1,Palestine News and Information Agency; Quds News Network,National,"On 10 November 2024, an Israeli UAV dropped bombs in Gaza - Sheikh Radwan (Gaza City, Gaza Strip), killing a 3-yearl-old child and injuring his mother.",1,,1759790002
PSE63236,11/10/2024,2024,1,Political violence,Explosions/Remote violence,Air/drone strike,Military Forces of Israel (2022-),,8,Civilians (Palestine),,7,78,Civilian targeting,275,Middle East,Palestine,Gaza Strip,Gaza City,,Gaza - Shujaiyya,31.4988,34.4699,1,Ma'an News Agency,National,"On 10 November 2024, Israeli UAV opened fire in Al Mintar area in Gaza - Shujaiyya (Gaza City, Gaza Strip), killing one Palestinian.",1,,1759790002
PSE63244,11/10/2024,2024,1,Political violence,Explosions/Remote violence,Air/drone strike,Military Forces of Israel (2022-),,8,Civilians (Palestine),,7,78,Civilian targeting,275,Middle East,Palestine,Gaza Strip,Gaza City,,Gaza,31.5045,34.4743,1,Quds News Network,National,"On 10 November 2024, Israeli warplanes targeted a gathering near the al-Saraya Junction in Gaza City (Gaza City, Gaza Strip), leaving injuries.",0,,1759790002
PSE63245,11/10/2024,2024,1,Political violence,Explosions/Remote violence,Air/drone strike,Military Forces of Israel (2022-),,8,Civilians (Palestine),,7,78,Civilian targeting,275,Middle East,Palestine,Gaza Strip,North Gaza,,Beit Lahiya,31.5541,34.5016,2,Quds News Network,National,"On 10 November 2024, Israeli warplanes targeted the Abu Tammam School east of Beit Lahiya (North Gaza, Gaza Strip), leaving injuries.",0,,1753956656
PSE63247,11/10/2024,2024,1,Political violence,Explosions/Remote violence,Air/drone strike,Military Forces of Israel (2022-),,8,Civilians (Palestine),,7,78,Civilian targeting,275,Middle East,Palestine,Gaza Strip,Deir El Balah,,An Nusayrat - South,31.4389,34.3815,1,Quds News Network,National,"On 10 November 2024, Israeli warplanes struck the An Nusayrat - South (Deir El Balah, Gaza Strip), killing 3 persons and injuring a number of others.",3,,1753956656
PSE63255,11/10/2024,2024,1,Political violence,Explosions/Remote violence,Shelling/artillery/missile attack,Military Forces of Israel (2022-),,8,Civilians (Palestine),,7,78,Civilian targeting,275,Middle East,Palestine,Gaza Strip,North Gaza,,Beit Lahiya,31.5541,34.5016,1,Ma'an News Agency,National,"On 10 November 2024, Israeli artillery shelled the Beit Lahiya town (North Gaza, Gaza Strip), killing a woman.",1,,1753956656
PSE63256,11/10/2024,2024,1,Political violence,Explosions/Remote violence,Shelling/artillery/missile attack,Military Forces of Israel (2022-),,8,Civilians (Palestine),,7,78,Civilian targeting,275,Middle East,Palestine,Gaza Strip,Deir El Balah,,An Nusayrat - North,31.4591,34.3923,1,Quds News Network,National,"On 10 November 2024, Israeli artillery and tanks shelled the al-Mufti Land area in An Nusayrat - North (Deir El Balah, Gaza Strip). Casualties unknown.",0,,1753956656
PSE63257,11/10/2024,2024,1,Political violence,Explosions/Remote violence,Shelling/artillery/missile attack,Military Forces of Israel (2022-),,8,Civilians (Palestine),,7,78,Civilian targeting,275,Middle East,Palestine,Gaza Strip,North Gaza,,Beit Lahiya - Al Mashroo,31.5433,34.4998,2,Quds News Network,National,"On 10 November 2024, Israeli artillery shelled south of Beit Lahiya - Al Mashroo (North Gaza, Gaza Strip), leaving injuries.",0,,1753956656
PSE63251,11/10/2024,2024,1,Political violence,Explosions/Remote violence,Shelling/artillery/missile attack,Military Forces of Israel (2022-),,8,Civilians (Palestine),,7,78,Civilian targeting,275,Middle East,Palestine,Gaza Strip,Rafah,,Yibna,31.2842,34.2482,2,Ma'an News Agency; PLO Negotiations Affairs Department,Other-National,"On 10 November 2024, Israeli artillery and tanks shelled targets east of Rafah, coded to Yibna (Rafah, Gaza Strip). 2 Palestinians were injured in east of Rafah.",0,,1753956656
PSE63226,11/10/2024,2024,1,Political violence,Explosions/Remote violence,Air/drone strike,Military Forces of Israel (2022-),,8,Civilians (Palestine),Refugees/IDPs (Palestine),7,78,Civilian targeting,275,Middle East,Palestine,Gaza Strip,North Gaza,,Jabalya,31.5272,34.4835,1,Dunia Al Watan; Newpress; Palestine News and Information Agency; Quds News Network; Twitter; UNSC,Other-New media,"On 10 November 2024, Israeli warplanes struck a house hosting displaced people in Jabalya town (North Gaza, Gaza Strip), killing at least 36 Palestinians including 15 children, and leaving many injuries.",36,,1760989820
PSE63237,11/10/2024,2024,2,Political violence,Explosions/Remote violence,Air/drone strike,Military Forces of Israel (2022-),,8,Civilians (Palestine),,7,78,Civilian targeting,275,Middle East,Palestine,Gaza Strip,Rafah,,Khirbet al Adas,31.2855,34.2714,2,Ma'an News Agency,National,"Around 10 November 2024, (as reported), Israeli forces killed a Palestinian [likely with warplanes] in Ararabiyah area north of Rafah, coded to Khirbet al Adas (North Gaza, Gaza Strip). His body was recovered on 10 November 2024.",1,,1753956656
PSE63240,11/10/2024,2024,1,Political violence,Explosions/Remote violence,Air/drone strike,Military Forces of Israel (2022-),,8,Civilians (Palestine),,7,78,Civilian targeting,275,Middle East,Palestine,Gaza Strip,Rafah,,Rafah,31.287,34.2595,1,Quds News Network,National,"On 10 November 2024, Israeli warplanes struck the Rafah city (Gaza Strip), killing a Palestinian.",1,,1762829569
PSE71406,11/10/2024,2024,1,Political violence,Battles,Armed clash,Unidentified Armed Group (Palestine),,3,Police Forces of Palestine (2007-) Gaza Strip,,1,13,,275,Middle East,Palestine,Gaza Strip,Gaza City,,Gaza,31.5045,34.4743,1,The Independent Commission For Human Rights,National,"On 10 November 2024, an unidentified armed person opened fire toward Palestinians in Gaza city (Gaza Strip). A military intelligence officer was killed (presumably he was the target).",1,,1759790002
PSE63261,11/11/2024,2024,1,Political violence,Explosions/Remote violence,Air/drone strike,Military Forces of Israel (2022-),,8,Civilians (Palestine),,7,78,Civilian targeting,275,Middle East,Palestine,Gaza Strip,Deir El Balah,,An Nusayrat - North,31.4591,34.3923,1,Palestine News and Information Agency,National,"On 11 November 2024, Israeli UAVs opened fire at houses in Al Mufti land in An Nusayrat - North (Deir El Balah, Gaza Strip). Casualties unknown.",0,,1753956656
PSE63265,11/11/2024,2024,1,Political violence,Explosions/Remote violence,Air/drone strike,Military Forces of Israel (2022-),,8,Civilians (Palestine),Health Workers (Palestine); Refugees/IDPs (Palestine),7,78,Civilian targeting,275,Middle East,Palestine,Gaza Strip,Deir El Balah,,An Nusayrat,31.4486,34.3925,1,Palestine News and Information Agency; Quds News Network,National,"On 11 November 2024, Israeli warplanes and UAVs carried out strikes and artillery shelled the An Nusayrat Camp (Deir El Balah, Gaza Strip) Also, Israeli forces targeted the Al Awda Hospital. In total, 8 persons were killed in An Nusaurat Camp.",8,,1753956656
PSE63267,11/11/2024,2024,1,Political violence,Explosions/Remote violence,Air/drone strike,Military Forces of Israel (2022-),,8,Civilians (Palestine),,7,78,Civilian targeting,275,Middle East,Palestine,Gaza Strip,Gaza City,,Gaza,31.5045,34.4743,1,Palestine News and Information Agency,National,"On 11 November 2024, Israeli warplanes struck a shop in Al Moukhtar Street in Gaza City (Gaza Strip), killing and injuring a number of Palestinians [unspecified fatalities coded as 3].",3,,1759790002
PSE63268,11/11/2024,2024,1,Political violence,Explosions/Remote violence,Air/drone strike,Military Forces of Israel (2022-),,8,Civilians (Palestine),Refugees/IDPs (Palestine),7,78,Civilian targeting,275,Middle East,Palestine,Gaza Strip,Khan Yunis,,Khan Yunis - West (Municipal Stadium),31.3484,34.2961,2,Palestine News and Information Agency,National,"On 11 November 2024, Israeli warplanes struck a tent belonging to displaced people near Asdaa Gate west of Khan Yunis (coded to Khan Yunis - West (Municipal Stadium), Gaza Strip), killing 10 persons and injuring others.",10,,1753956656
PSE63273,11/11/2024,2024,1,Political violence,Explosions/Remote violence,Air/drone strike,Military Forces of Israel (2022-),,8,Civilians (Palestine),Journalists (Palestine),7,78,Civilian targeting,275,Middle East,Palestine,Gaza Strip,Gaza City,,Gaza - Northern Remal,31.524,34.4505,1,Committee to Protect Journalists; Guardian (United Kingdom); Quds News Network,Other-National,"On 11 November 2024, Israeli warplanes carried out a strike near Al Shifa Hospital in Gaza - Northern Remal (Gaza City, Gaza Strip) killing a journalist on duty and leaving injuries.",1,,1759790002
PSE63298,11/11/2024,2024,1,Political violence,Explosions/Remote violence,Air/drone strike,Military Forces of Israel (2022-),,8,Civilians (Palestine),Refugees/IDPs (Palestine),7,78,Civilian targeting,275,Middle East,Palestine,Gaza Strip,Khan Yunis,,Al Mawasi (Khan Yunis),31.3482,34.2547,2,Arab 48; Newpress; Quds News Network; Twitter,New media-National,"On 11 November 2024, Israeli warplanes struck a cafe hosting displaced people north of (Al Mawasi (Khan Yunis), Gaza Strip), killing 10 Palestinians, including 2 children.",10,,1762829569
PSE63317,11/11/2024,2024,1,Political violence,Explosions/Remote violence,Shelling/artillery/missile attack,Military Forces of Israel (2022-),,8,Civilians (Palestine),,7,78,Civilian targeting,275,Middle East,Palestine,Gaza Strip,Deir El Balah,,An Nusayrat - West,31.4525,34.3756,1,Palestine News and Information Agency; Quds News Network,National,"On 11 November 2024, Israeli artillery shelled the An Nusayrat - West (Deir El Balah, Gaza Strip), killing a woman. Also, 2 persons were killed in another shelling incident. Total fatalities were 3.",3,,1753956656
PSE63318,11/11/2024,2024,1,Political violence,Explosions/Remote violence,Shelling/artillery/missile attack,Military Forces of Israel (2022-),,8,Civilians (Palestine),Health Workers (Palestine),7,78,Civilian targeting,275,Middle East,Palestine,Gaza Strip,North Gaza,,Beit Lahiya,31.5541,34.5016,1,Palestine News and Information Agency; Quds News Network,National,"On 11 November 2024, Israeli artillery shelled the Kamal Odwan Hospital in Beit Lahiya (North Gaza, Gaza Strip), injuring 3 health workers.",0,,1753956656
PSE63263,11/11/2024,2024,1,Political violence,Explosions/Remote violence,Air/drone strike,Military Forces of Israel (2022-),,8,Civilians (Palestine),,7,78,Civilian targeting,275,Middle East,Palestine,Gaza Strip,Gaza City,,Gaza - Az Zaytun,31.4964,34.4522,1,Palestine News and Information Agency; Quds News Network,National,"On 11 November 2024, Israeli artillery shelled the Gaza - Az Zaytun (Gaza City, Gaza Strip). Casualties unknown. At least one Palestinian was killed by UAVs fire in Az Zaytun.",1,,1759790002
PSE63319,11/11/2024,2024,1,Political violence,Explosions/Remote violence,Shelling/artillery/missile attack,Military Forces of Israel (2022-),,8,Civilians (Palestine),,7,78,Civilian targeting,275,Middle East,Palestine,Gaza Strip,North Gaza,,Jabalya,31.5272,34.4835,1,Palestine News and Information Agency; Quds News Network,National,"On 11 November 2024, Israeli artillery shelled the Jabalya Nazlah (North Gaza, Gaza Strip), killing a woman and injuring 5 more.",1,,1759790002
PSE63303,11/12/2024,2024,1,Political violence,Explosions/Remote violence,Air/drone strike,Military Forces of Israel (2022-),,8,Civilians (Palestine),Refugees/IDPs (Palestine),7,78,Civilian targeting,275,Middle East,Palestine,Gaza Strip,Deir El Balah,,Al Musaddar,31.4105,34.378,2,Ma'an News Agency; Palestine News and Information Agency,National,"On 12 November 2024, Israeli warplanes struck tents belonging to displaced people in Al Bassah west of Deir al Balah city, coded to Al Musaddar (Deir El Balah, Gaza Strip), killing 2 Palestinians and injuring others, including children and women.",2,,1765850627
PSE63314,11/12/2024,2024,1,Political violence,Explosions/Remote violence,Air/drone strike,Military Forces of Israel (2022-),,8,Civilians (Palestine),Refugees/IDPs (Palestine),7,78,Civilian targeting,275,Middle East,Palestine,Gaza Strip,Deir El Balah,,An Nusayrat,31.4486,34.3925,1,Ma'an News Agency; Palestine News and Information Agency; Quds News Network,National,"On 12 November 2024, Israeli warplanes struck a house in block C in An Nusayrat Camp (Deir El Balah, Gaza Strip), killing 5 Palestinians and injuring 10 more, most were children. Also, warplanes carried out several airstrikes in the camp [casualties unknown]. Total confirmed fatalities coded at least 5.",5,,1753956656
PSE63316,11/12/2024,2024,1,Political violence,Explosions/Remote violence,Air/drone strike,Military Forces of Israel (2022-),,8,Civilians (Palestine),,7,78,Civilian targeting,275,Middle East,Palestine,Gaza Strip,Deir El Balah,,An Nusayrat - North,31.4591,34.3923,2,Palestine News and Information Agency,National,"On 12 November 2024, Israeli warplanes struck a house northwest of An Nusayrat, coded to An Nusayrat - North (Deir El Balah, Gaza Strip), leaving injuries.",0,,1753956656
PSE63320,11/12/2024,2024,1,Political violence,Explosions/Remote violence,Air/drone strike,Military Forces of Israel (2022-),,8,Civilians (Palestine),Refugees/IDPs (Palestine),7,78,Civilian targeting,275,Middle East,Palestine,Gaza Strip,Deir El Balah,,An Nusayrat - West,31.4525,34.3756,1,Palestine News and Information Agency; Quds News Network,National,"On 12 November 2024, Israeli warplanes targeted a house in Al Rahmah area of the new camp in An Nusayrat - West (Deir El Balah, Gaza Strip), killing 3 Palestinians and injuring 11 more. Also, artillery shelled the An Nusayrat - West [casualties unknown]. Total confirmed fatalities coded at least 3.",3,,1753956656
PSE63350,11/12/2024,2024,1,Political violence,Explosions/Remote violence,Shelling/artillery/missile attack,Military Forces of Israel (2022-),,8,Civilians (Palestine),,7,78,Civilian targeting,275,Middle East,Palestine,Gaza Strip,Khan Yunis,,Bani Suheila,31.3424,34.325,1,Quds News Network,National,"On 12 November 2024, Israeli artillery struck and killed a Palestinian in Al Zanneh of Bani Suheila (Khan Yunis, Gaza Strip).",1,,1753956656
PSE63372,11/12/2024,2024,1,Political violence,Explosions/Remote violence,Air/drone strike,Military Forces of Israel (2022-),,8,Civilians (Palestine),,7,78,Civilian targeting,275,Middle East,Palestine,Gaza Strip,North Gaza,,Beit Lahiya - Fados,31.5658,34.5074,1,Arab 48; Palestine News and Information Agency; Quds News Network,National,"On 12 November 2024, Israeli warplanes struck a house in the Beit Lahiya - Fados (North Gaza, Gaza Strip), killing 4 Palestinians and injuring others.",4,,1753956656
PSE63383,11/12/2024,2024,1,Political violence,Explosions/Remote violence,Shelling/artillery/missile attack,Military Forces of Israel (2022-),,8,Civilians (Palestine),,7,78,Civilian targeting,275,Middle East,Palestine,Gaza Strip,North Gaza,,Beit Lahiya - Al Mashroo,31.5433,34.4998,1,Palestine News and Information Agency; Quds News Network,National,"On 12 November 2024, Israeli artillery shelled the Abu Al Jidyan area in Beit Lahiya - Al Mashroo (North Gaza, Gaza Strip). Casualties unknown.",0,,1753956656
PSE63384,11/12/2024,2024,1,Political violence,Explosions/Remote violence,Air/drone strike,Military Forces of Israel (2022-),,8,Civilians (Palestine),Refugees/IDPs (Palestine),7,78,Civilian targeting,275,Middle East,Palestine,Gaza Strip,Deir El Balah,,Deir al Balah Camp,31.4249,34.34,1,Newpress; Palestine News and Information Agency; Quds News Network; Twitter,New media-National,"On 12 November 2024, an Israeli UAV struck a gathering near Al Wakalah clinic at the Sea Street in Deir al Balah Camp (Deir El Balah, Gaza Strip), killing 6 Palestinians and causing many injuries.",6,,1765850627
PSE63396,11/12/2024,2024,1,Political violence,Explosions/Remote violence,Air/drone strike,Military Forces of Israel (2022-),,8,Civilians (Palestine),,7,78,Civilian targeting,275,Middle East,Palestine,Gaza Strip,Gaza City,,Gaza - Ash Shati' Camp,31.5349,34.4466,2,Al-Ittihad; Ma'an News Agency; Palestine News and Information Agency; Quds News Network,National-Regional,"On 12 November 2024, Israeli warplanes struck a house in Al Karamah area northwest of Gaza City, coded to Gaza - Ash Shati' Camp (Gaza City, Gaza Strip), leaving fatalities and injuries. Unspecified number of fatalities coded as 3.",3,,1759790002
PSE63412,11/12/2024,2024,1,Political violence,Explosions/Remote violence,Air/drone strike,Military Forces of Israel (2022-),,8,Civilians (Palestine),,7,78,Civilian targeting,275,Middle East,Palestine,Gaza Strip,Gaza City,,Gaza - Sabra,31.5086,34.4493,1,Arab 48; Palestine News and Information Agency; Quds News Network,National,"On 12 November 2024, an Israeli UAV struck a house in Gaza - Sabra (Gaza City, Gaza Strip), killing 4 Palestinians and injuring others.",4,,1759790002
PSE63414,11/12/2024,2024,1,Political violence,Explosions/Remote violence,Air/drone strike,Military Forces of Israel (2022-),,8,Civilians (Palestine),,7,78,Civilian targeting,275,Middle East,Palestine,Gaza Strip,Gaza City,,Gaza - Sheikh Radwan,31.5349,34.4667,2,Palestine News and Information Agency; Quds News Network,National,"On 12 November 2024, Israeli warplanes struck a house in Al Jalaa Street north of Gaza City, coded to Gaza - Sheikh Radwan (Gaza City, Gaza Strip), killing 3 Palestinians.",3,,1759790002
PSE63416,11/12/2024,2024,1,Political violence,Explosions/Remote violence,Air/drone strike,Military Forces of Israel (2022-),,8,Civilians (Palestine),,7,78,Civilian targeting,275,Middle East,Palestine,Gaza Strip,Gaza City,,Gaza - Sheikh Radwan,31.5349,34.4667,1,Newpress; Palestine News and Information Agency; Quds News Network; Twitter,New media-National,"On 12 November 2024, an Israeli UAV struck the Abu Iskandar area in Gaza - Sheikh Radwan (Gaza City, Gaza Strip), killing 2 Palestinians and injuring 25 more.",2,,1759790002
PSE63425,11/12/2024,2024,1,Political violence,Explosions/Remote violence,Shelling/artillery/missile attack,Military Forces of Israel (2022-),,8,Civilians (Palestine),,7,78,Civilian targeting,275,Middle East,Palestine,Gaza Strip,North Gaza,,Jabalya Camp,31.536,34.4907,2,Palestine News and Information Agency; Quds News Network,National,"On 12 November 2024, Israeli artillery shelled west of Jabalya Camp (North Gaza, Gaza Strip), killing a Palestinian. Also, 10 Palestinians were killed at Abu Sharkh Junction west of Jabalya Camp in an airstrike that targeted a house, they were bodies were found on 13 November. Total confirmed fatalities 11.",11,,1753956656
PSE63345,11/12/2024,2024,1,Political violence,Explosions/Remote violence,Air/drone strike,Military Forces of Israel (2022-),,8,Civilians (Palestine),Refugees/IDPs (Palestine),7,78,Civilian targeting,275,Middle East,Palestine,Gaza Strip,North Gaza,,Beit Hanoun,31.5405,34.5402,1,Arab 48; Newpress; Palestine News and Information Agency; Quds News Network; Twitter,New media-National,"On 12 November 2024, Israeli tanks and artillery opened fire in Beit Hanoun (North Gaza, Gaza Strip), and targeted 3 houses in the town, where 3 Palestinian were killed. Also, forces surrounded 130 displaced Palestinian families who were sheltering in a center in the town and forced them to leave amidst gunfire. In total, at least 15 Palestinians were killed in Beit Hanoun, including women and children, and 10 of whom were killed in an airstrike targeted one family.",15,,1753956656
PSE63424,11/12/2024,2024,1,Political violence,Explosions/Remote violence,Shelling/artillery/missile attack,Military Forces of Israel (2022-),,8,Civilians (Palestine),,7,78,Civilian targeting,275,Middle East,Palestine,Gaza Strip,North Gaza,,Jabalya,31.5272,34.4835,1,Palestine News and Information Agency,National,"On 12 November 2024, Israeli artillery shelled the Jabalya al Nazlah (North Gaza, Gaza Strip), causing a number of injuries.",0,,1759790002
PSE63480,11/12/2024,2024,1,Political violence,Explosions/Remote violence,Air/drone strike,Military Forces of Israel (2022-),,8,Civilians (Palestine),,7,78,Civilian targeting,275,Middle East,Palestine,Gaza Strip,Khan Yunis,,Qizan an Najjar,31.323,34.2761,2,Al-Ittihad; Arab 48; Ma'an News Agency; Palestine News and Information Agency; Quds News Network,National-Regional,"On 12 November 2024, Israeli warplanes struck a gathering in Gizan Rashwan, west of Qizan an Najjar (Khan Yunis, Gaza Strip), killing 2 Palestinians and injuring a number of others.",2,,1753956656
PSE63469,11/12/2024,2024,1,Political violence,Explosions/Remote violence,Air/drone strike,Military Forces of Israel (2022-),,8,Civilians (Palestine),,7,78,Civilian targeting,275,Middle East,Palestine,Gaza Strip,Rafah,,Khirbet al Adas,31.2855,34.2714,2,Newpress; Palestine News and Information Agency; Quds News Network; Twitter,New media-National,"On 12 November 2024, an Israeli UAV struck a gathering (members of aid security committees) in the Mosabbah area north of Rafah, coded to Khirbet al Adas (Rafah, Gaza Strip), killing 11 Palestinians and injuring others. This event involved violence over aid.",11,,1756156113
PSE63282,11/13/2024,2024,1,Political violence,Explosions/Remote violence,Air/drone strike,Military Forces of Israel (2022-),,8,Civilians (Palestine),Refugees/IDPs (Palestine),7,78,Civilian targeting,275,Middle East,Palestine,Gaza Strip,Deir El Balah,,Al Burayj,31.4394,34.4031,1,Quds News Network,National,"On 13 November 2024, Israeli warplanes carried out at least 4 strikes targeting lands and houses in Al Burayj Camp (Deir El Balah, Gaza Strip). Casualties unknown.",0,,1753956656
PSE63296,11/13/2024,2024,1,Political violence,Explosions/Remote violence,Air/drone strike,Military Forces of Israel (2022-),,8,Civilians (Palestine),Refugees/IDPs (Palestine),7,78,Civilian targeting,275,Middle East,Palestine,Gaza Strip,Deir El Balah,,Al Maghazi,31.4214,34.3865,1,Newpress; Palestine News and Information Agency; Quds News Network; Twitter,New media-National,"On 13 November 2024, Israeli warplanes struck near the Ebad Al Rahman Supermarket in Al Maghazi Camp (Deir El Balah, Gaza Strip), killing 5 Palestinians.",5,,1753956656
PSE63333,11/13/2024,2024,1,Political violence,Explosions/Remote violence,Shelling/artillery/missile attack,Military Forces of Israel (2022-),,8,Civilians (Palestine),,7,78,Civilian targeting,275,Middle East,Palestine,Gaza Strip,Deir El Balah,,An Nusayrat - West,31.4525,34.3756,1,Ma'an News Agency; Newpress; Palestine News and Information Agency; Quds News Network; Twitter,New media-National,"On 13 November 2024, Israeli gunboats opened fire toward the beach of An Nusayrat in An Nusayrat - West (Deir El Balah, Gaza Strip), killing 2 Palestinians.",2,,1753956656
PSE63356,11/13/2024,2024,1,Political violence,Explosions/Remote violence,Air/drone strike,Military Forces of Israel (2022-),,8,Civilians (Palestine),,7,78,Civilian targeting,275,Middle East,Palestine,Gaza Strip,North Gaza,,Beit Lahiya,31.5541,34.5016,1,Newpress; Palestine News and Information Agency; Quds News Network; Twitter,New media-National,"On 13 November 2024, Israeli warplanes several targets including a house in Beit Lahiya and in Al Manshiya on Beit Lahiya (North Gaza, Gaza Strip), killing at least one Palestinian and injuring others.",1,,1753956656
PSE63357,11/13/2024,2024,1,Political violence,Explosions/Remote violence,Air/drone strike,Military Forces of Israel (2022-),,8,Civilians (Palestine),,7,78,Civilian targeting,275,Middle East,Palestine,Gaza Strip,North Gaza,,Beit Lahiya,31.5541,34.5016,2,Quds News Network,National,"On 13 November 2024, Israeli helicopters opened fire at houses west of Beit Lahiya (North Gaza, Gaza Strip). Casualties unknown.",0,,1753956656
PSE63366,11/13/2024,2024,1,Political violence,Explosions/Remote violence,Air/drone strike,Military Forces of Israel (2022-),,8,Civilians (Palestine),,7,78,Civilian targeting,275,Middle East,Palestine,Gaza Strip,North Gaza,,Beit Lahiya - Al Mashroo,31.5433,34.4998,1,Ma'an News Agency; Newpress; Palestine News and Information Agency; Quds News Network; Twitter,New media-National,"On 13 November 2024, Israeli UAVs struck a gathering near the gate of Kamal Odwan Hospital in Beit Lahiya - Al Mashroo (North Gaza, Gaza Strip), killing 6 Palestinians and injuring 4 more.",6,,1753956656
PSE63418,11/13/2024,2024,1,Political violence,Explosions/Remote violence,Air/drone strike,Military Forces of Israel (2022-),,8,Civilians (Palestine),,7,78,Civilian targeting,275,Middle East,Palestine,Gaza Strip,Gaza City,,Gaza - Sheikh Radwan,31.5349,34.4667,1,Quds News Network,National,"On 13 November 2024, Israeli UAVs dropped bombs at the Al Mawhoobin School in Gaza - Sheikh Radwan (Gaza City, Gaza Strip), causing injuries.",0,,1759790002
PSE63470,11/13/2024,2024,1,Political violence,Explosions/Remote violence,Air/drone strike,Military Forces of Israel (2022-),,8,Civilians (Palestine),,7,78,Civilian targeting,275,Middle East,Palestine,Gaza Strip,Rafah,,Khirbet al Adas,31.2855,34.2714,2,Ma'an News Agency; Quds News Network,National,"On 13 November 2024, Israeli warplanes struck the Mosabbah area, north of Rafah, coded to Khirbet al Adas (Rafah, Gaza Strip) killing one Palestinian and injuring others.",1,,1753956656
PSE63484,11/13/2024,2024,1,Political violence,Explosions/Remote violence,Air/drone strike,Military Forces of Israel (2022-),,8,Civilians (Palestine),,7,78,Civilian targeting,275,Middle East,Palestine,Gaza Strip,Rafah,,Rafah,31.287,34.2595,1,Palestine News and Information Agency,National,"On 13 November 2024, an Israeli UAV struck and killed a Palestinian in Rafah (Gaza Strip).",1,,1762829569
PSE77407,11/13/2024,2024,1,Political violence,Violence against civilians,Attack,Unidentified Communal Militia (Palestine),,4,Civilians (Palestine),Labor Group (Palestine),7,47,Civilian targeting,275,Middle East,Palestine,Gaza Strip,Deir El Balah,,Deir al Balah,31.4178,34.3503,2,Guardian (United Kingdom),International,"On 13 November 2024, Palestinian gangs attacked aid trucks and looted 14 out of 20 trucks that entered Deir El Balah area (Deir al Balah, Gaza Strip). As a result, 4 drivers were injured and taken to the hospital. This event involved violence over aid.",0,,1752550308
PSE63284,11/14/2024,2024,1,Political violence,Explosions/Remote violence,Air/drone strike,Military Forces of Israel (2022-),,8,Civilians (Palestine),Refugees/IDPs (Palestine),7,78,Civilian targeting,275,Middle East,Palestine,Gaza Strip,Deir El Balah,,Al Burayj,31.4394,34.4031,1,Arab 48; Quds News Network,National,"On 14 November 2024, Israeli warplanes carried out several strikes in Al Burayj Camp (Deir El Balah, Gaza Strip) killing a Palestinian and injuring 2 more. Also, 4 Palestinians were killed in an airstrike targeted a tent of displaced people in the camp. Total confirmed fatalities 5.",5,,1753956656
PSE63313,11/14/2024,2024,1,Political violence,Explosions/Remote violence,Air/drone strike,Military Forces of Israel (2022-),,8,Civilians (Palestine),,7,78,Civilian targeting,275,Middle East,Palestine,Gaza Strip,Rafah,,An Nasr,31.2814,34.3025,1,Palestine News and Information Agency; Quds News Network,National,"On 14 November 2024, Israeli warplanes struck 3 houses and lands in An Nasr (Rafah, Gaza Strip), killing 2 Palestinians (a man and his son) and causing a number of injuries.",2,,1753956656
PSE63329,11/14/2024,2024,1,Political violence,Explosions/Remote violence,Shelling/artillery/missile attack,Military Forces of Israel (2022-),,8,Civilians (Palestine),Refugees/IDPs (Palestine),7,78,Civilian targeting,275,Middle East,Palestine,Gaza Strip,Deir El Balah,,Al Maghazi,31.4214,34.3865,1,Quds News Network,National,"On 14 November 2024, Israeli artillery shelled a house in Al Maghazi Camp (Deir El Balah, Gaza Strip). Casualties unknown.",0,,1753956656
PSE63369,11/14/2024,2024,1,Political violence,Explosions/Remote violence,Shelling/artillery/missile attack,Military Forces of Israel (2022-),,8,Civilians (Palestine),,7,78,Civilian targeting,275,Middle East,Palestine,Gaza Strip,North Gaza,,Beit Lahiya,31.5541,34.5016,1,Quds News Network,National,"On 14 November 2024, Israeli artillery shelled the Al Radeea Street in Beit Lahiya (North Gaza, Gaza Strip), killing one Palestinians and injuring 10 more.",1,,1753956656
PSE63385,11/14/2024,2024,1,Political violence,Explosions/Remote violence,Shelling/artillery/missile attack,Military Forces of Israel (2022-),,8,Civilians (Palestine),,7,78,Civilian targeting,275,Middle East,Palestine,Gaza Strip,North Gaza,,Beit Lahiya - Al Mashroo,31.5433,34.4998,1,Arab 48; Newpress; Quds News Network; Twitter,New media-National,"On 14 November 2024, Israeli artillery shelled a gathering at Al Qassam Street and near Kamal Odwan Hospital in Beit Lahiya - Al Mashroo (North Gaza, Gaza Strip), killing 2 Palestinians. Also, 2 Palestinians were killed in artillery fire that targeted a house. Total confirmed fatalities 4.",4,,1753956656
PSE63393,11/14/2024,2024,1,Political violence,Explosions/Remote violence,Air/drone strike,Military Forces of Israel (2022-),,8,Civilians (Palestine),,7,78,Civilian targeting,275,Middle East,Palestine,Gaza Strip,Gaza City,,Gaza,31.5045,34.4743,1,Palestine News and Information Agency; Quds News Network,National,"On 14 November 2024, Israeli warplanes struck an apartment in Al Nafaq Street in Gaza City (Gaza Strip) injuring 5 persons including 2 girls.",0,,1759790002
PSE63405,11/14/2024,2024,1,Political violence,Explosions/Remote violence,Air/drone strike,Military Forces of Israel (2022-),,8,Civilians (Palestine),Refugees/IDPs (Palestine),7,78,Civilian targeting,275,Middle East,Palestine,Gaza Strip,Gaza City,,Gaza - Nasr,31.534,34.4574,1,Newpress; Palestine News and Information Agency; Quds News Network; Twitter,New media-National,"On 14 November 2024, Israeli warplanes struck the Salah Al Din School that hosts displaced people in Gaza - Nasr (Gaza City, Gaza Strip), killing 4 Palestinians, including women and children, and causing many injuries.",4,,1753956656
PSE63420,11/14/2024,2024,1,Political violence,Explosions/Remote violence,Air/drone strike,Military Forces of Israel (2022-),,8,Civilians (Palestine),,7,78,Civilian targeting,275,Middle East,Palestine,Gaza Strip,Gaza City,,Gaza - Sheikh Radwan,31.5349,34.4667,1,Newpress; Palestine News and Information Agency; Quds News Network; Twitter,New media-National,"On 14 November 2024, Israeli warplanes struck a gathering near Hamamah School in Gaza - Sheikh Radwan (Gaza City, Gaza Strip), killing 4 Palestinians and injuring 13 more.",4,,1759790002
PSE63445,11/14/2024,2024,1,Political violence,Explosions/Remote violence,Air/drone strike,Military Forces of Israel (2022-),,8,Civilians (Palestine),,7,78,Civilian targeting,275,Middle East,Palestine,Gaza Strip,North Gaza,,Jabalya,31.5272,34.4835,1,Newpress; Palestine News and Information Agency; Quds News Network; Twitter,New media-National,"On 14 November 2024, an Israeli UAV struck a group of Palestinians in Jabalya al Nazlah (North Gaza, Gaza Strip), killing one person and causing injuries to a number of others. Also, 5 Palestinians were injured near Al Omari Mosque in Jablaya. Total confirmed fatalities 1.",1,,1759790002
PSE63285,11/15/2024,2024,1,Political violence,Explosions/Remote violence,Air/drone strike,Military Forces of Israel (2022-),,8,Civilians (Palestine),Refugees/IDPs (Palestine),7,78,Civilian targeting,275,Middle East,Palestine,Gaza Strip,Deir El Balah,,Al Burayj,31.4394,34.4031,1,Quds News Network,National,"On 15 November 2024, Israeli warplanes struck a house in block 12 in Al Burayj Camp (Deir El Balah, Gaza Strip). Casualties unknown.",0,,1753956656
PSE63300,11/15/2024,2024,1,Political violence,Explosions/Remote violence,Air/drone strike,Military Forces of Israel (2022-),,8,Civilians (Palestine),Refugees/IDPs (Palestine),7,78,Civilian targeting,275,Middle East,Palestine,Gaza Strip,Khan Yunis,,Al Mawasi (Khan Yunis),31.3482,34.2547,2,Newpress; Palestine News and Information Agency; Quds News Network; Twitter,New media-National,"On 15 November 2024, Israeli warplanes struck a tent belonging to displaced people near Othman Ibn Affan Mosque south of south of (Al Mawasi (Khan Yunis), Gaza Strip), killing 7 Palestinians and injuring others.",7,,1762829569
PSE63315,11/15/2024,2024,1,Political violence,Explosions/Remote violence,Air/drone strike,Military Forces of Israel (2022-),,8,Civilians (Palestine),Refugees/IDPs (Palestine),7,78,Civilian targeting,275,Middle East,Palestine,Gaza Strip,Deir El Balah,,An Nusayrat,31.4486,34.3925,1,Quds News Network,National,"On 15 November 2024, Israeli warplanes struck the Al Badraswi tower in An Nusayrat Camp (Deir El Balah, Gaza Strip). Casualties unknown.",0,,1753956656
PSE63326,11/15/2024,2024,1,Political violence,Explosions/Remote violence,Air/drone strike,Military Forces of Israel (2022-),,8,Civilians (Palestine),Refugees/IDPs (Palestine),7,78,Civilian targeting,275,Middle East,Palestine,Gaza Strip,Deir El Balah,,Az Zawayda,31.4284,34.366,1,Al Ghad (Jordan); Quds News Network,National-Regional,"On 15 November 2024, Israeli warplanes struck a tent belonging to displaced people in Az Zawayda (Deir El Balah, Gaza Strip), killing one Palestinian.",1,,1767742780
PSE63334,11/15/2024,2024,1,Political violence,Explosions/Remote violence,Shelling/artillery/missile attack,Military Forces of Israel (2022-),,8,Civilians (Palestine),,7,78,Civilian targeting,275,Middle East,Palestine,Gaza Strip,Deir El Balah,,An Nusayrat - West,31.4525,34.3756,1,Quds News Network,National,"On 15 November 2024, Israeli artillery shelled the Abu Mhadi land in An Nusayrat - West (Deir El Balah, Gaza Strip), causing injuries.",0,,1753956656
PSE63360,11/15/2024,2024,1,Political violence,Explosions/Remote violence,Air/drone strike,Military Forces of Israel (2022-),,8,Civilians (Palestine),,7,78,Civilian targeting,275,Middle East,Palestine,Gaza Strip,North Gaza,,Beit Lahiya,31.5541,34.5016,1,Ma'an News Agency; Palestine News and Information Agency; Quds News Network,National,"On 15 November 2024, Israeli warplanes and UAVs carried out strikes and artillery shelled targets in Beit Lahiya [casualties unknown]. Also, artillery shelled the Al Duwwar Al Gharbi area in Beit Lahiya (North Gaza, Gaza Strip), killing 2 Palestinians. Total confirmed fatalities coded at least 2.",2,,1753956656
PSE63382,11/15/2024,2024,1,Political violence,Explosions/Remote violence,Air/drone strike,Military Forces of Israel (2022-),,8,Civilians (Palestine),,7,78,Civilian targeting,275,Middle East,Palestine,Gaza Strip,Deir El Balah,,Deir al Balah,31.4178,34.3503,1,Ma'an News Agency; Palestine News and Information Agency,National,"On 15 November 2024, Israeli warplanes struck an apartment in Deir al Balah City (Deir El Balah, Gaza Strip), killing 2 Palestinians and injuring others.",2,,1753956656
PSE63399,11/15/2024,2024,1,Political violence,Explosions/Remote violence,Air/drone strike,Military Forces of Israel (2022-),,8,Civilians (Palestine),,7,78,Civilian targeting,275,Middle East,Palestine,Gaza Strip,Gaza City,,Gaza - Ash Shati' Camp,31.5349,34.4466,2,Palestine News and Information Agency; Quds News Network,National,"On 15 November 2024, Israeli warplanes struck the Al Karama area in northwest of Gaza City, coded to Gaza - Ash Shati' Camp (North Gaza, Gaza Strip), killing 4 Palestinians and injuring others. Also, helicopters opened fire in Al Saftawi area [casualties unknown]. Total confirmed fatalities coded at least 4.",4,,1759790002
PSE63400,11/15/2024,2024,1,Political violence,Explosions/Remote violence,Air/drone strike,Military Forces of Israel (2022-),,8,Civilians (Palestine),,7,78,Civilian targeting,275,Middle East,Palestine,Gaza Strip,Gaza City,,Gaza - At Tuffah,31.5134,34.4751,1,Palestine News and Information Agency,National,"On 15 November 2024, Israeli warplanes struck a gathering in Gaza - At Tuffah (Gaza City, Gaza Strip), causing injuries.",0,,1759790002
PSE63422,11/15/2024,2024,1,Political violence,Explosions/Remote violence,Air/drone strike,Military Forces of Israel (2022-),,8,Civilians (Palestine),,7,78,Civilian targeting,275,Middle East,Palestine,Gaza Strip,Gaza City,,Gaza - Sheikh Radwan,31.5349,34.4667,1,Newpress; Quds News Network; Twitter,New media-National,"On 15 November 2024, Israeli warplanes struck the Gaza - Sheikh Radwan (Gaza City, Gaza Strip), killing 6 Palestinians, including a child.",6,,1759790002
PSE63430,11/15/2024,2024,1,Political violence,Explosions/Remote violence,Air/drone strike,Military Forces of Israel (2022-),,8,Civilians (Palestine),,7,78,Civilian targeting,275,Middle East,Palestine,Gaza Strip,Gaza City,,Gaza - Southern Remal,31.5168,34.4355,2,Ma'an News Agency; Palestine News and Information Agency; Quds News Network,National,"On 15 November 2024, Israeli warplanes targeted the Al Aman Al-Aam Junction west of Gaza City, coded to Gaza - Southern Remal (Gaza City, Gaza Strip), killing 3 Palestinians.",3,,1759790002
PSE63375,11/15/2024,2024,1,Political violence,Violence against civilians,Attack,Military Forces of Israel (2022-),,8,Civilians (Palestine),Refugees/IDPs (Palestine),7,78,Civilian targeting,275,Middle East,Palestine,Gaza Strip,Gaza City,,Gaza - Nezarim,31.484,34.4056,2,Palestine News and Information Agency; Quds News Network,National,"On 15 November 2024, Israeli forces opened fire and killed a displaced Palestinian who was attempting to move from North Gaza to Central Gaza, coded to Gaza - Nezarim (Gaza City, Gaza Strip). The soldiers prevented ambulance crews from approaching him, leaving him to bleed until he passed away and his body was transferred to the Al-Aqsa Martyrs Hospital in Deir al-Balah.",1,,1753956656
PSE63529,11/15/2024,2024,1,Political violence,Explosions/Remote violence,Air/drone strike,Military Forces of Israel (2022-),,8,Civilians (Palestine),,7,78,Civilian targeting,275,Middle East,Palestine,Gaza Strip,Rafah,,Yibna,31.2842,34.2482,2,Palestine News and Information Agency; PLO Negotiations Affairs Department; Quds News Network,Other-National,"On 15 November 2024, Israeli warplanes struck several locations east of Rafah, killing 4 Palestinians. Also, artillery and tanks shelled targets east of Rafah, coded to Yibna (Rafah, Gaza Strip). Casualties unknown. In addition, a woman was killed in northeast of Rafah [coded to same location]. Total fatalities coded at least 5.",5,,1753956656
PSE63404,11/15/2024,2024,1,Political violence,Explosions/Remote violence,Air/drone strike,Military Forces of Israel (2022-),,8,Civilians (Palestine),,7,78,Civilian targeting,275,Middle East,Palestine,Gaza Strip,Gaza City,,Gaza - Az Zaytun,31.4964,34.4522,1,Newpress; Palestine News and Information Agency; Quds News Network; Twitter,New media-National,"On 15 November 2024, Israeli warplanes struck a house in Gaza - Az Zaytun (Gaza City, Gaza Strip) killing 2 persons and injuring 2 more. Also, UAVs opened fire and killed 3 Palestinians in Az Zaytun. Total confirmed fatalities 5.",5,,1759790002
PSE63446,11/15/2024,2024,1,Political violence,Explosions/Remote violence,Air/drone strike,Military Forces of Israel (2022-),,8,Civilians (Palestine),,7,78,Civilian targeting,275,Middle East,Palestine,Gaza Strip,North Gaza,,Jabalya,31.5272,34.4835,1,Newpress; Palestine News and Information Agency; Quds News Network; Twitter,New media-National,"On 15 November 2024, Israeli warplanes carried out a strike in Jabalya town (North Gaza, Gaza Strip). Casualties unknown. Also, warplanes struck a house and killed a Palestinian in Jabalya Al Nazlah. Total fatalities coded at least 1.",1,,1759790002
PSE63473,11/15/2024,2024,1,Political violence,Explosions/Remote violence,Air/drone strike,Military Forces of Israel (2022-),,8,Civilians (Palestine),,7,78,Civilian targeting,275,Middle East,Palestine,Gaza Strip,Rafah,,Khirbet al Adas,31.2855,34.2714,1,Palestine News and Information Agency; Quds News Network,National,"On 15 November 2024, Israeli warplanes struck a gathering in Khirbet al Adas (Rafah, Gaza Strip) killing one person and injuring one more.",1,,1753956656
PSE63543,11/16/2024,2024,1,Political violence,Explosions/Remote violence,Air/drone strike,Military Forces of Israel (2022-),,8,Civilians (Palestine),,7,78,Civilian targeting,275,Middle East,Palestine,Gaza Strip,Gaza City,,Gaza - Shujaiyya,31.4988,34.4699,1,Palestine News and Information Agency; Quds News Network,National,"On 16 November 2024, Israeli warplanes struck a house in Gaza - Shujaiyya (Gaza City, Gaza Strip), killing 3 Palestinians and injuring others.",3,,1759790002
PSE63544,11/16/2024,2024,1,Political violence,Explosions/Remote violence,Air/drone strike,Military Forces of Israel (2022-),,8,Civilians (Palestine),Refugees/IDPs (Palestine),7,78,Civilian targeting,275,Middle East,Palestine,Gaza Strip,Khan Yunis,,Al Mawasi (Khan Yunis),31.3482,34.2547,1,Palestine News and Information Agency; Quds News Network,National,"On 16 November 2024, Israeli warplanes struck a tent belonging to displaced people in (Al Mawasi (Khan Yunis), Gaza Strip), killing a child.",1,,1762829569
PSE63546,11/16/2024,2024,1,Political violence,Explosions/Remote violence,Air/drone strike,Military Forces of Israel (2022-),,8,Civilians (Palestine),,7,78,Civilian targeting,275,Middle East,Palestine,Gaza Strip,Deir El Balah,,Deir al Balah,31.4178,34.3503,1,Newpress; Palestine News and Information Agency; Quds News Network; Twitter,New media-National,"On 16 November 2024, an Israeli UAV struck a group of Palestinians in Deir al Balah city (Deir El Balah, Gaza Strip), causing a number of injuries, including a woman.",0,,1753956656
PSE63548,11/16/2024,2024,1,Political violence,Explosions/Remote violence,Air/drone strike,Military Forces of Israel (2022-),,8,Civilians (Palestine),,7,78,Civilian targeting,275,Middle East,Palestine,Gaza Strip,Deir El Balah,,An Nusayrat - West,31.4525,34.3756,1,Arab 48; Ma'an News Agency; Newpress; Palestine News and Information Agency; Quds News Network; Twitter,New media-National,"On 16 November 2024, Israeli warplanes struck a group of Palestinians in Tabbet Al Nwairi in An Nusayrat - West (Deir El Balah, Gaza Strip), killing one person and injuring another. Also, 4 Palestinians (3 women and 1 child) were killed in an airstrike targeted a house in Al Sawarha School in An Nusayrat - West. Total confirmed fatalities 5.",5,,1753956656
PSE63550,11/16/2024,2024,1,Political violence,Explosions/Remote violence,Air/drone strike,Military Forces of Israel (2022-),,8,Civilians (Palestine),Labor Group (Palestine),7,78,Civilian targeting,275,Middle East,Palestine,Gaza Strip,Gaza City,,Gaza - Ad Darraj,31.5172,34.4642,1,Arab 48; Palestine News and Information Agency; Quds News Network,National,"On 16 November 2024, Israeli warplanes struck a barbershop at Al Shaibi in Gaza - Ad Darraj (Gaza City, Gaza Strip), killing 5 Palestinians.",5,,1759790002
PSE63553,11/16/2024,2024,1,Political violence,Explosions/Remote violence,Air/drone strike,Military Forces of Israel (2022-),,8,Civilians (Palestine),,7,78,Civilian targeting,275,Middle East,Palestine,Gaza Strip,North Gaza,,Beit Lahiya - Al Mashroo,31.5433,34.4998,1,Arab 48; Palestine News and Information Agency; Quds News Network,National,"On 16 November 2024, Israeli UAVs opened fire toward houses near the Kamal Odwan Hospital [casualties unknown]. Also, artillery shelled the Beit Lahiya - Al Mashroo (North Gaza, Gaza Strip). Casualties unknown.",0,,1753956656
PSE63560,11/16/2024,2024,1,Political violence,Explosions/Remote violence,Air/drone strike,Military Forces of Israel (2022-),,8,Civilians (Palestine),,7,78,Civilian targeting,275,Middle East,Palestine,Gaza Strip,Rafah,,Yasser Arafat International Airport,31.2431,34.2759,2,Quds News Network,National,"On 16 November 2024, an Israeli UAV struck and killed 5 Palestinians in the airport area east of Rafah, coded to Yasser Arafat International Airport (Rafah, Gaza Strip).",5,,1753956656
PSE63564,11/16/2024,2024,1,Political violence,Explosions/Remote violence,Air/drone strike,Military Forces of Israel (2022-),,8,Civilians (Palestine),Refugees/IDPs (Palestine),7,78,Civilian targeting,275,Middle East,Palestine,Gaza Strip,Deir El Balah,,Al Burayj,31.4394,34.4031,1,Arab 48; Palestine News and Information Agency; Quds News Network,National,"On 16 November 2024, Israeli warplanes struck the Sukkar building at the entrance of Al Burayj Camp (Deir El Balah, Gaza Strip), killing 10 Palestinians, including children.",10,,1753956656
PSE63583,11/16/2024,2024,1,Political violence,Explosions/Remote violence,Air/drone strike,Military Forces of Israel (2022-),,8,Civilians (Palestine),,7,78,Civilian targeting,275,Middle East,Palestine,Gaza Strip,North Gaza,,Beit Lahiya,31.5541,34.5016,1,Ma'an News Agency; Newpress; Palestine News and Information Agency; Quds News Network; Twitter,New media-National,"On 16 November 2024, Israeli warplanes struck houses near Mosaab Ibn Omayar mosque in Beit Lahiya (North Gaza, Gaza Strip), killing 3 Palestinians and injuring others. Also, helicopters and tanks opened fire in the western areas of Beit Lahiya [casualties unknown]. Total confirmed fatalities coded at least 3.",3,,1753956656
PSE63594,11/16/2024,2024,1,Political violence,Explosions/Remote violence,Shelling/artillery/missile attack,Military Forces of Israel (2022-),,8,Civilians (Palestine),,7,78,Civilian targeting,275,Middle East,Palestine,Gaza Strip,Gaza City,,Gaza - Sabra,31.5086,34.4493,1,Palestine News and Information Agency; Quds News Network,National,"On 16 November 2024, Israeli artillery shelled a group of Palestinians near the Islamic Complex Mosque in the Gaza - Sabra neighborhood (Gaza City, Gaza Strip), killing one Palestinian.",1,,1759790002
PSE63600,11/16/2024,2024,1,Political violence,Explosions/Remote violence,Shelling/artillery/missile attack,Military Forces of Israel (2022-),,8,Civilians (Palestine),,7,78,Civilian targeting,275,Middle East,Palestine,Gaza Strip,Deir El Balah,,Al Musaddar,31.4105,34.378,1,Arab 48; Quds News Network,National,"On 16 November 2024, Israeli artillery shelled the Al Musaddar (Deir El Balah, Gaza Strip), causing 2 injuries.",0,,1765850627
PSE63565,11/16/2024,2024,1,Political violence,Explosions/Remote violence,Air/drone strike,Military Forces of Israel (2022-),,8,Civilians (Palestine),,7,78,Civilian targeting,275,Middle East,Palestine,Gaza Strip,Rafah,,Tal as Sultan,31.3098,34.2414,2,Newpress; Twitter,New media-National,"On 16 November 2024, an Israeli UAV struck and killed a Palestinian northwest of Rafah, coded to Tal as Sultan (Rafah, Gaza Strip).",1,,1762829569
PSE63552,11/16/2024,2024,1,Political violence,Explosions/Remote violence,Air/drone strike,Military Forces of Israel (2022-),,8,Civilians (Palestine),Journalists (Palestine),7,78,Civilian targeting,275,Middle East,Palestine,Gaza Strip,North Gaza,,Jabalya - Tel-Zaatar,31.5367,34.5035,1,Palestine News and Information Agency; Quds News Network,National,"On 16 November 2024, an Israeli UAV opened fire and killed a Palestinian journalist in Jabalya - Tel-Zaatar (North Gaza, Gaza Strip).",1,,1759790002
PSE63542,11/16/2024,2024,1,Political violence,Explosions/Remote violence,Air/drone strike,Military Forces of Israel (2022-),,8,Civilians (Palestine),,7,78,Civilian targeting,275,Middle East,Palestine,Gaza Strip,Rafah,,Khirbet al Adas,31.2855,34.2714,1,Al-Ittihad; Arab 48; Palestine News and Information Agency,National-Regional,"On 16 November 2024, Israeli warplanes struck a target in Khirbet al Adas (Rafah, Gaza Strip), killing 2 Palestinians.",2,,1753956656
PSE63547,11/16/2024,2024,1,Political violence,Explosions/Remote violence,Air/drone strike,Military Forces of Israel (2022-),,8,Civilians (Palestine),,7,78,Civilian targeting,275,Middle East,Palestine,Gaza Strip,Khan Yunis,,Qizan an Najjar,31.323,34.2761,2,Palestine News and Information Agency; Quds News Network,National,"On 16 November 2024, Israeli warplanes struck a house in Qizan Rashwan west of Qizan an Najjar (Khan Yunis, Gaza Strip), killing 4 Palestinians and injuring others.",4,,1753956656
PSE63541,11/16/2024,2024,1,Political violence,Explosions/Remote violence,Air/drone strike,Military Forces of Israel (2022-),,8,Civilians (Palestine),,7,78,Civilian targeting,275,Middle East,Palestine,Gaza Strip,Rafah,,Al Junainah,31.2642,34.2636,1,Al-Ittihad; Arab 48; Newpress; Palestine News and Information Agency; Quds News Network; Twitter,New media-National,"On 16 November 2024, an Israeli UAV struck a gathering in Al Junainah (Rafah, Gaza Strip), killing 3 Palestinians and injuring a number of others.",3,,1753956656
PSE63658,11/16/2024,2024,1,Political violence,Violence against civilians,Attack,Unidentified Communal Militia (Palestine),,4,Civilians (Palestine),Labor Group (Palestine),7,47,Civilian targeting,275,Middle East,Palestine,Gaza Strip,Rafah,,Rafah,31.287,34.2595,2,Joe Truzman; Times of Israel; Twitter; UNSC,Other-New media,"On 16 November 2024, an unidentified group of armed and masked Palestinian gang members (coded as Unidentified Communal Militia) attacked an aid convoy of trucks. The attackers injured several drivers and transport personnel and looted 109 trucks carrying food supplies. 98 trucks went missing. These trucks had entered southern Gaza through the Israeli Kerem Shalom Crossing (coded to Rafah, Gaza Strip). This event involved violence over aid.",0,,1762829569
PSE63571,11/17/2024,2024,1,Political violence,Explosions/Remote violence,Air/drone strike,Military Forces of Israel (2022-),,8,Civilians (Palestine),,7,78,Civilian targeting,275,Middle East,Palestine,Gaza Strip,Deir El Balah,,Deir al Balah Camp,31.4249,34.34,2,Palestine News and Information Agency; PLO Negotiations Affairs Department; Quds News Network,Other-National,"On 17 November 2024, Israeli forces [likely warplanes] struck east of Deir al Balah and killed 2 Palestinians. Also, artillery and tanks shelled targets east of Deir al Balah, coded to Deir al Balah Camp (Deir El Balah, Gaza Strip). Casualties unknown. Total confirmed fatalities coded at least 2.",2,,1765850627
PSE63573,11/17/2024,2024,1,Political violence,Explosions/Remote violence,Air/drone strike,Military Forces of Israel (2022-),,8,Civilians (Palestine),Refugees/IDPs (Palestine),7,78,Civilian targeting,275,Middle East,Palestine,Gaza Strip,Deir El Balah,,Al Burayj,31.4394,34.4031,1,Palestine News and Information Agency; Quds News Network,National,"On 17 November 2024, Israeli warplanes struck a house in Al Burayj Camp (Deir El Balah, Gaza Strip), killing a woman and injuring 9 others. Also, Israeli warplanes struck a house and killed at least 6 persons in the camp. Total confirmed fatalities coded at least 7.",7,,1753956656
PSE63575,11/17/2024,2024,1,Political violence,Explosions/Remote violence,Air/drone strike,Military Forces of Israel (2022-),,8,Civilians (Palestine),Refugees/IDPs (Palestine),7,78,Civilian targeting,275,Middle East,Palestine,Gaza Strip,North Gaza,,Beit Lahiya - Al Mashroo,31.5433,34.4998,1,Arab 48; Dunia Al Watan; Ma'an News Agency; Newpress; Palestine News and Information Agency; Quds News Network; Twitter,New media-National,"On 17 November 2024, Israeli warplanes targeted a five-story residential building that was sheltering displaced people in Beit Lahiya - Al Mashroo (North Gaza, Gaza Strip), killing at least 50 Palestinians and injuring dozens.",50,,1753956656
PSE63576,11/17/2024,2024,1,Political violence,Explosions/Remote violence,Air/drone strike,Military Forces of Israel (2022-),,8,Civilians (Palestine),Refugees/IDPs (Palestine),7,78,Civilian targeting,275,Middle East,Palestine,Gaza Strip,Deir El Balah,,An Nusayrat,31.4486,34.3925,1,Palestine News and Information Agency,National,"On 17 November 2024, Israeli warplanes struck a house in An Nusayrat Camp (Deir El Balah, Gaza Strip), killing 4 Palestinians and injuring others.",4,,1753956656
PSE63578,11/17/2024,2024,1,Political violence,Explosions/Remote violence,Air/drone strike,Military Forces of Israel (2022-),,8,Civilians (Palestine),,7,78,Civilian targeting,275,Middle East,Palestine,Gaza Strip,Gaza City,,Gaza - Southern Remal,31.5168,34.4355,2,Palestine News and Information Agency; Quds News Network,National,"On 17 November 2024, Israeli forces [likely warplanes] struck a gathering near the Al Sinaa area west of Gaza City, coded to Gaza - Southern Remal (Gaza Strip), killing 2 Palestinians.",2,,1759790002
PSE63585,11/17/2024,2024,1,Political violence,Explosions/Remote violence,Air/drone strike,Military Forces of Israel (2022-),,8,Civilians (Palestine),,7,78,Civilian targeting,275,Middle East,Palestine,Gaza Strip,Gaza City,,Gaza - Sheikh Radwan,31.5349,34.4667,1,Quds News Network,National,"On 17 November 2024, Israeli warplanes struck a house in Gaza - Sheikh Radwan (Gaza City, Gaza Strip). Casualties unknown.",0,,1759790002
PSE63586,11/17/2024,2024,1,Political violence,Explosions/Remote violence,Air/drone strike,Military Forces of Israel (2022-),,8,Civilians (Palestine),,7,78,Civilian targeting,275,Middle East,Palestine,Gaza Strip,Gaza City,,Gaza - At Tuffah,31.5134,34.4751,1,Quds News Network,National,"On 17 November 2024, Israeli warplanes struck a house near the Hamza Mosque in Gaza - At Tuffah (Gaza City, Gaza Strip), causing injuries.",0,,1759790002
PSE63588,11/17/2024,2024,1,Political violence,Explosions/Remote violence,Air/drone strike,Military Forces of Israel (2022-),,8,Civilians (Palestine),Refugees/IDPs (Palestine),7,78,Civilian targeting,275,Middle East,Palestine,Gaza Strip,Khan Yunis,,Al Mawasi (Khan Yunis),31.3482,34.2547,1,Newpress; Palestine News and Information Agency; Quds News Network; Twitter,New media-National,"On 17 November 2024, Israeli warplanes struck a tent belonging to displaced people in Al Attar area in (Al Mawasi (Khan Yunis), Gaza Strip), killing 4 Palestinians (a man, his wife, and their two children), in addition to causing severe injuries to their daughter.",4,,1762829569
PSE63615,11/17/2024,2024,1,Political violence,Explosions/Remote violence,Shelling/artillery/missile attack,Military Forces of Israel (2022-),,8,Civilians (Palestine),,7,78,Civilian targeting,275,Middle East,Palestine,Gaza Strip,Deir El Balah,,Al Maghazi,31.4214,34.3865,2,Quds News Network,National,"On 17 November 2024, Israeli tanks and artillery opened fire between the Al Burayj and Al Maghazi (Deir El Balah, Gaza Strip), killing a child.",1,,1753956656
PSE63616,11/17/2024,2024,1,Political violence,Explosions/Remote violence,Shelling/artillery/missile attack,Military Forces of Israel (2022-),,8,Civilians (Palestine),,7,78,Civilian targeting,275,Middle East,Palestine,Gaza Strip,Deir El Balah,,Al Burayj,31.4394,34.4031,2,Quds News Network,National,"On 17 November 2024, Israeli artillery targeted houses near the Al Shaheed mosque east of Al Burayj Camp (Deir El Balah, Gaza Strip), causing injuries.",0,,1753956656
PSE63617,11/17/2024,2024,1,Political violence,Explosions/Remote violence,Shelling/artillery/missile attack,Military Forces of Israel (2022-),,8,Civilians (Palestine),,7,78,Civilian targeting,275,Middle East,Palestine,Gaza Strip,Rafah,,An Nasr,31.2814,34.3025,1,Quds News Network,National,"On 17 November 2024, Israeli artillery targeted the An Nasr (Rafah, Gaza Strip), injuring 2 women.",0,,1753956656
PSE63619,11/17/2024,2024,1,Political violence,Explosions/Remote violence,Shelling/artillery/missile attack,Military Forces of Israel (2022-),,8,Civilians (Palestine),Refugees/IDPs (Palestine),7,78,Civilian targeting,275,Middle East,Palestine,Gaza Strip,North Gaza,,Jabalya Camp,31.536,34.4907,1,Newpress; Twitter,New media-National,"On 17 November 2024, Israeli tanks opened fire at houses in Jabalya Camp (North Gaza, Gaza Strip). Casualties unknown.",0,,1753956656
PSE63622,11/17/2024,2024,1,Political violence,Explosions/Remote violence,Shelling/artillery/missile attack,Military Forces of Israel (2022-),,8,Civilians (Palestine),,7,78,Civilian targeting,275,Middle East,Palestine,Gaza Strip,Rafah,,Al Mawasi (Rafah),31.3294,34.2299,1,Arab 48,National,"On 17 November 2024, Israeli artillery shelled near the Al Fardaws School in (Al Mawasi (Rafah), Gaza Strip), killing a Palestinian.",1,,1762829569
PSE63572,11/17/2024,2024,1,Political violence,Explosions/Remote violence,Air/drone strike,Military Forces of Israel (2022-),,8,Civilians (Palestine),,7,78,Civilian targeting,275,Middle East,Palestine,Gaza Strip,Rafah,,Yibna,31.2842,34.2482,2,Newpress; Palestine News and Information Agency; PLO Negotiations Affairs Department; Quds News Network; Twitter,Other-New media,"On 17 November 2024, an Israeli UAV targeted a gathering east of Rafah, causing a number of injuries. Also, artillery and tanks shelled targets east of Rafah, coded to Yibna (Rafah, Gaza Strip). At least 5 persons killed by Israeli forces east of Rafah.",5,,1753956656
PSE63579,11/17/2024,2024,1,Political violence,Explosions/Remote violence,Air/drone strike,Military Forces of Israel (2022-),,8,Civilians (Palestine),,7,78,Civilian targeting,275,Middle East,Palestine,Gaza Strip,Gaza City,,Gaza - Tal el Hawa,31.5041,34.435,1,Palestine News and Information Agency,National,"On 17 November 2024, Israeli forces [likely warplanes] struck near the Al Maliya roundabout in Gaza - Tal el Hawa (Gaza City, Gaza Strip), killing 2 Palestinians.",2,,1759790002
PSE63577,11/17/2024,2024,1,Political violence,Explosions/Remote violence,Air/drone strike,Military Forces of Israel (2022-),,8,Civilians (Palestine),,7,78,Civilian targeting,275,Middle East,Palestine,Gaza Strip,Khan Yunis,,Qizan an Najjar,31.323,34.2761,1,Aid Worker Security Database; Arab 48; Palestine News and Information Agency; Quds News Network,Local partner-Other,"On 17 November 2024, Israeli forces [likely UAVs] opened fire in the Qizan an Najjar (Khan Yunis, Gaza Strip), killing 6 Palestinians and injuring others, who were members of aid security committees. This event involved violence over aid.",6,,1756156113
PSE78856,11/17/2024,2024,1,Political violence,Violence against civilians,Attack,Unidentified Armed Group (Palestine),,3,Civilians (Palestine),,7,37,Civilian targeting,275,Middle East,Palestine,Gaza Strip,Khan Yunis,,Khan Yunis - Maen,31.336,34.3172,2,Telegram,New media,"On 17 November 2024, an unidentified Palestinian opened fire toward Palestinians [likely desperate civilians] attempted to loot aid trucks near Khan Yunis - Maen (Khan Yunis, Gaza Strip). Casualties unknown. This event involved violence over aid.",0,,1754354914
PSE63597,11/18/2024,2024,1,Political violence,Explosions/Remote violence,Air/drone strike,Military Forces of Israel (2022-),,8,Civilians (Palestine),Refugees/IDPs (Palestine),7,78,Civilian targeting,275,Middle East,Palestine,Gaza Strip,North Gaza,,Beit Lahiya - Al Mashroo,31.5433,34.4998,1,Dunia Al Watan; Palestine News and Information Agency; Quds News Network,National,"On 18 November 2024, Israeli warplanes struck a house and killed at least 2 Palestinians in Beit Lahiya - Al Mashroo. Also, artillery targeted the Al Maydan area in Beit Lahiya - Al Mashroo (North Gaza, Gaza Strip). Casualties unknown. Also, warplanes struck a house near Kamal Odwan Hospital, killing 17 persons and injuring others. In addition, Israeli forces opened fire at displaced people while leaving the area and killed 3 persons. Total confirmed fatalities coded at least 22.",22,,1753956656
PSE63599,11/18/2024,2024,1,Political violence,Explosions/Remote violence,Air/drone strike,Military Forces of Israel (2022-),,8,Civilians (Palestine),,7,78,Civilian targeting,275,Middle East,Palestine,Gaza Strip,Gaza City,,Gaza - Southern Remal,31.5168,34.4355,2,Palestine News and Information Agency; Quds News Network,National,"On 18 November 2024, Israeli artillery targeted west of Gaza City, coded to Gaza - Southern Remal (Gaza City, Gaza Strip). Casualties unknown. Also, 7 persons were killed in an airstrike targeted a house in Al Jalaa Street west of Gaza City. Fatalities coded at least 7.",7,,1759790002
PSE63605,11/18/2024,2024,1,Political violence,Explosions/Remote violence,Air/drone strike,Military Forces of Israel (2022-),,8,Civilians (Palestine),,7,78,Civilian targeting,275,Middle East,Palestine,Gaza Strip,Deir El Balah,,An Nusayrat,31.4486,34.3925,1,Palestine News and Information Agency; Quds News Network,National,"On 18 November 2024, Israeli warplanes struck a house in An Nusayrat Camp (Deir El Balah, Gaza Strip), killing 4 Palestinians and injuring others.",4,,1753956656
PSE63606,11/18/2024,2024,1,Political violence,Explosions/Remote violence,Air/drone strike,Military Forces of Israel (2022-),,8,Civilians (Palestine),,7,78,Civilian targeting,275,Middle East,Palestine,Gaza Strip,Deir El Balah,,Az Zawayda,31.4284,34.366,1,Palestine News and Information Agency,National,"On 18 November 2024, an Israeli UAV struck a passing car in Az Zawayda (Deir El Balah, Gaza Strip), causing a number of injuries.",0,,1767742780
PSE63652,11/18/2024,2024,1,Political violence,Explosions/Remote violence,Shelling/artillery/missile attack,Military Forces of Israel (2022-),,8,Civilians (Palestine),,7,78,Civilian targeting,275,Middle East,Palestine,Gaza Strip,Rafah,,Al Mawasi (Rafah),31.3294,34.2299,1,Quds News Network,National,"On 18 November 2024, Israeli forces opened fire in (Al Mawasi (Rafah), Gaza Strip), killing a woman.",1,,1762829569
PSE63654,11/18/2024,2024,1,Political violence,Explosions/Remote violence,Shelling/artillery/missile attack,Military Forces of Israel (2022-),,8,Civilians (Palestine),Refugees/IDPs (Palestine),7,78,Civilian targeting,275,Middle East,Palestine,Gaza Strip,Deir El Balah,,Al Burayj,31.4394,34.4031,1,Quds News Network,National,"On 18 November 2024, Israeli artillery shelled the Al Burayj Camp (Deir El Balah, Gaza Strip), leaving injuries.",0,,1753956656
PSE63602,11/18/2024,2024,1,Political violence,Explosions/Remote violence,Air/drone strike,Military Forces of Israel (2022-),,8,Civilians (Palestine),,7,78,Civilian targeting,275,Middle East,Palestine,Gaza Strip,North Gaza,,Jabalya,31.5272,34.4835,1,Palestine News and Information Agency,National,"On 18 November 2024, an Israeli UAV struck a house in Jabalya Al Nazalah (North Gaza, Gaza Strip), killing a woman and injuring others.",1,,1759790002
PSE63603,11/18/2024,2024,1,Political violence,Explosions/Remote violence,Air/drone strike,Military Forces of Israel (2022-),,8,Civilians (Palestine),,7,78,Civilian targeting,275,Middle East,Palestine,Gaza Strip,Rafah,,Khirbet al Adas,31.2855,34.2714,1,Palestine News and Information Agency; Quds News Network,National,"On 18 November 2024, an Israeli UAV struck a gathering in Khirbet al Adas (Rafah, Gaza Strip), killing a Palestinian and injuring others.",1,,1753956656
PSE63661,11/18/2024,2024,1,Political violence,Explosions/Remote violence,Shelling/artillery/missile attack,Military Forces of Israel (2022-),,8,Civilians (Palestine),,7,78,Civilian targeting,275,Middle East,Palestine,Gaza Strip,Rafah,,Al Junainah,31.2642,34.2636,1,Arab 48,National,"On 18 November 2024, Israeli artillery shelled the Al Junainah (Rafah, Gaza Strip), killing 2 Palestinians.",2,,1753956656
PSE63582,11/18/2024,2024,1,Political violence,Battles,Armed clash,Police Forces of Palestine (2007-) Gaza Strip,Hamas Movement; Unidentified Clan Militia (Palestine),1,Popular Forces - Yasser Abu Shabab Militia (Palestine),,3,13,,275,Middle East,Palestine,Gaza Strip,Rafah,,Rafah,31.287,34.2595,2,Ma'an News Agency; New Arab; Quds News Network; The Independent Commission For Human Rights,National-International,"On 18 November 2024, Hamas police forces and Sahim, supported by Palestinian clan forces, conducted an operation against gangs and militants including Yasser Abu Shabab Militia who had engaged in looting of humanitarian aid convoys between Khan Yunis and Rafah area (Gaza Strip). During the exchange of fire, at least 20 gang members were killed. Hamas announced that the operation is the start of a planned security campaign to target those involved in truck thefts that have harmed citizens and sparked famine in southern Gaza. This event was linked to violence over aid looting. One of those killed was a civilian who had been standing in front of his house. This event involved violence over aid.",20,,1764637279
PSE77548,11/18/2024,2024,1,Political violence,Violence against civilians,Attack,Hamas Movement,,3,Civilians (Palestine),,7,37,Civilian targeting,275,Middle East,Palestine,Gaza Strip,Khan Yunis,,Khan Yunis,31.3502,34.3081,2,Financial Times,International,"On 18 November 2024, Hamas carried out a security campaign against Palestinian thieves in Khan Yunis area (Gaza Strip). Hamas shot the legs of around 100 thieves and profiteers. Also, Hamas executed more than a dozen. Fatalities coded as 12. This event involved intra-Palestinian violence.",12,,1754411177
PSE63633,11/19/2024,2024,1,Political violence,Explosions/Remote violence,Air/drone strike,Military Forces of Israel (2022-),,8,Civilians (Palestine),,7,78,Civilian targeting,275,Middle East,Palestine,Gaza Strip,Deir El Balah,,An Nusayrat - West,31.4525,34.3756,1,Al-Ittihad; Ma'an News Agency; Newpress; Palestine News and Information Agency; Quds News Network; Twitter,New media-National,"On 19 November 2024, Israeli warplanes struck a group of Palestinians in An Nusayrat - West (Deir El Balah, Gaza Strip), killing one person. Also, Israeli artillery targeted the same location [casualties unknown]. Fatalities coded at least 1.",1,,1753956656
PSE63634,11/19/2024,2024,1,Political violence,Explosions/Remote violence,Air/drone strike,Military Forces of Israel (2022-),,8,Civilians (Palestine),Refugees/IDPs (Palestine),7,78,Civilian targeting,275,Middle East,Palestine,Gaza Strip,North Gaza,,Jabalya Camp,31.536,34.4907,1,Al-Ittihad; Newpress; Palestine News and Information Agency; Quds News Network; Twitter,New media-National,"On 19 November 2024, Israeli warplanes carried out strikes on the outskirts of Al Tawabah area and helicopters opened fire toward houses in Jabalya Camp (North Gaza, Gaza Strip). Casualties unknown. Also, artillery shelled the Jabalya Camp. At least one Palestinian was killed.",1,,1753956656
PSE63637,11/19/2024,2024,1,Political violence,Explosions/Remote violence,Air/drone strike,Military Forces of Israel (2022-),,8,Civilians (Palestine),Journalists (Palestine); Labor Group (Palestine),7,78,Civilian targeting,275,Middle East,Palestine,Gaza Strip,Gaza City,,Gaza - Sabra,31.5086,34.4493,1,Arab 48; Dunia Al Watan; Palestine News and Information Agency; Quds News Network,National,"On 19 November 2024, Israeli warplanes and helicopters struck near the Al-Iman Mosque in the Gaza - Sabra (Gaza City, Gaza Strip), killing 2 Palestinians, one of them was a photographer journalist, and injuring others. Also, artillery targeted the Sabra [casualties unknown]. In addition, a civil defense team member was killed, and others were injured after being targeted by Israeli forces while rescuing Palestinians. Total fatalities coded at least 3.",3,,1759790002
PSE63639,11/19/2024,2024,1,Political violence,Explosions/Remote violence,Air/drone strike,Military Forces of Israel (2022-),,8,Civilians (Palestine),Refugees/IDPs (Palestine),7,78,Civilian targeting,275,Middle East,Palestine,Gaza Strip,Deir El Balah,,Al Burayj,31.4394,34.4031,1,Arab 48; Ma'an News Agency; Palestine News and Information Agency; Quds News Network,National,"On 19 November 2024, Israeli warplanes struck residential complex in Al Burayj Camp (Deir El Balah, Gaza Strip), killing 3 Palestinians.",3,,1753956656
PSE63640,11/19/2024,2024,1,Political violence,Explosions/Remote violence,Air/drone strike,Military Forces of Israel (2022-),,8,Civilians (Palestine),Refugees/IDPs (Palestine),7,78,Civilian targeting,275,Middle East,Palestine,Gaza Strip,Deir El Balah,,An Nusayrat,31.4486,34.3925,1,Ma'an News Agency; Palestine News and Information Agency,National,"On 19 November 2024, Israeli warplanes struck a house in An Nusayrat Camp (Deir El Balah, Gaza Strip), killing one Palestinian and injuring others.",1,,1753956656
PSE63641,11/19/2024,2024,1,Political violence,Explosions/Remote violence,Air/drone strike,Military Forces of Israel (2022-),,8,Civilians (Palestine),Refugees/IDPs (Palestine),7,78,Civilian targeting,275,Middle East,Palestine,Gaza Strip,North Gaza,,Beit Lahiya - Al Mashroo,31.5433,34.4998,1,Newpress; Palestine News and Information Agency; Quds News Network; Twitter,New media-National,"On 19 November 2024, Israeli warplanes struck a house, sheltering both residents and displaced individuals, in Beit Lahiya - Al Mashroo (North Gaza, Gaza Strip), killing at least 8 Palestinians and injuring others. Also, artillery shelled the courtyard of Kamal Adwan Hospital [casualties unknown]. Total fatalities coded at least 8.",8,,1753956656
PSE63642,11/19/2024,2024,1,Political violence,Explosions/Remote violence,Air/drone strike,Military Forces of Israel (2022-),,8,Civilians (Palestine),,7,78,Civilian targeting,275,Middle East,Palestine,Gaza Strip,Deir El Balah,,An Nusayrat - South,31.4389,34.3815,1,Ma'an News Agency,National,"On 19 November 2024, Israeli warplanes struck a market stall in An Nusayrat - South (Deir El Balah, Gaza Strip), killing 4 Palestinians.",4,,1753956656
PSE63680,11/19/2024,2024,1,Political violence,Explosions/Remote violence,Shelling/artillery/missile attack,Military Forces of Israel (2022-),,8,Civilians (Palestine),Refugees/IDPs (Palestine),7,78,Civilian targeting,275,Middle East,Palestine,Gaza Strip,Deir El Balah,,An Nusayrat - North,31.4591,34.3923,2,Dunia Al Watan; Palestine News and Information Agency,National,"On 19 November 2024, Israeli artillery shelled a house in the new camp northwest of An Nusayrat, coded to An Nusayrat - North (Deir El Balah, Gaza Strip), killing a baby.",1,,1753956656
PSE63681,11/19/2024,2024,1,Political violence,Explosions/Remote violence,Shelling/artillery/missile attack,Military Forces of Israel (2022-),,8,Civilians (Palestine),,7,78,Civilian targeting,275,Middle East,Palestine,Gaza Strip,Deir El Balah,,Al Burayj,31.4394,34.4031,2,Ma'an News Agency,National,"On 19 November 2024, Israeli artillery targeted east of Al Burayj Camp (Deir El Balah, Gaza Strip), injuring a Palestinian.",0,,1753956656
PSE63691,11/19/2024,2024,1,Political violence,Explosions/Remote violence,Air/drone strike,Military Forces of Israel (2022-),,8,Civilians (Palestine),Refugees/IDPs (Palestine),7,78,Civilian targeting,275,Middle East,Palestine,Gaza Strip,North Gaza,,Beit Lahiya,31.5541,34.5016,1,Al-Ittihad; Arab 48; Ma'an News Agency; Newpress; Palestine News and Information Agency; Quds News Network; Twitter,New media-National,"On 19 November 2024, Israeli quadcopter UAVs struck in Beit Lahiya and killed one Palestinian and injuring a girl. Also, artillery shelled houses in Beit Lahiya (North Gaza, Gaza Strip). Casualties unknown. Also, a Palestinian was killed and 15 were injured in an airstrike targeted the Abu Tammam School that hosts displaced people in Beit Lahiya. Total fatalities coded at least 2.",2,,1753956656
PSE63648,11/19/2024,2024,1,Political violence,Explosions/Remote violence,Air/drone strike,Military Forces of Israel (2022-),,8,Civilians (Palestine),,7,78,Civilian targeting,275,Middle East,Palestine,Gaza Strip,Gaza City,,Gaza - Az Zaytun,31.4964,34.4522,1,Quds News Network,National,"On 19 November 2024, Israeli warplanes struck a house near the al-Sedikin mosque in Gaza - Az Zaytun (Gaza City, Gaza Strip). Casualties unknown.",0,,1759790002
PSE63646,11/19/2024,2024,1,Political violence,Explosions/Remote violence,Air/drone strike,Military Forces of Israel (2022-),,8,Civilians (Palestine),,7,78,Civilian targeting,275,Middle East,Palestine,Gaza Strip,Rafah,,Rafah,31.287,34.2595,1,Quds News Network,National,"On 19 November 2024, Israeli warplanes struck a house the center of Rafah City (Rafah, Gaza Strip). Casualties unknown.",0,,1762829569
PSE63667,11/20/2024,2024,1,Political violence,Explosions/Remote violence,Air/drone strike,Military Forces of Israel (2022-),,8,Civilians (Palestine),Refugees/IDPs (Palestine),7,78,Civilian targeting,275,Middle East,Palestine,Gaza Strip,Deir El Balah,,An Nusayrat,31.4486,34.3925,1,Palestine News and Information Agency; Quds News Network,National,"On 20 November 2024, an Israeli UAV dropped a bomb near the entrance of An Nusayrat Camp (Deir El Balah, Gaza Strip). Several individuals were injured by shrapnel. Also, warplanes targeted the Khaled Ibn Al Waleed School that sheltered displaced people in An Nusayrat Camp (Deir El Balah, Gaza Strip), killing 6 persons. Total fatalities were 6.",6,,1753956656
PSE63669,11/20/2024,2024,1,Political violence,Explosions/Remote violence,Air/drone strike,Military Forces of Israel (2022-),,8,Civilians (Palestine),,7,78,Civilian targeting,275,Middle East,Palestine,Gaza Strip,North Gaza,,Beit Lahiya - Al Mashroo,31.5433,34.4998,1,Newpress; Palestine News and Information Agency; Quds News Network; Twitter,New media-National,"On 20 November 2024, Israeli warplanes carried out airstrikes in Beit Lahiya - Al Mashroo (North Gaza, Gaza Strip), killing 5 Palestinians. Also, one Palestinian was killed in an airstrike that targeted a gathering in the town. Total fatalities were 6.",6,,1753956656
PSE63670,11/20/2024,2024,1,Political violence,Explosions/Remote violence,Air/drone strike,Military Forces of Israel (2022-),,8,Civilians (Palestine),Refugees/IDPs (Palestine),7,78,Civilian targeting,275,Middle East,Palestine,Gaza Strip,Khan Yunis,,Al Mawasi (Khan Yunis),31.3482,34.2547,1,Arab 48; Ma'an News Agency; Newpress; Palestine News and Information Agency; Quds News Network; Twitter,New media-National,"On 20 November 2024, at around 19:00, Israeli warplane struck a land hosting displaced people in Al Attar in (Al Mawasi (Khan Yunis), Gaza Strip), killing 11 Palestinians, including 5 children.",11,,1762829569
PSE63673,11/20/2024,2024,1,Political violence,Explosions/Remote violence,Air/drone strike,Military Forces of Israel (2022-),,8,Civilians (Palestine),,7,78,Civilian targeting,275,Middle East,Palestine,Gaza Strip,Gaza City,,Gaza - Sheikh Radwan,31.5349,34.4667,1,Arab 48; Newpress; Palestine News and Information Agency; Quds News Network; Twitter,New media-National,"On 20 November 2024, Israeli warplanes struck a six-story building in the Abu Iskandar area in Gaza - Sheikh Radwan (Gaza City, Gaza Strip), killing 22 Palestinians and injuring others.",22,,1759790002
PSE63684,11/20/2024,2024,1,Political violence,Explosions/Remote violence,Air/drone strike,Military Forces of Israel (2022-),,8,Civilians (Palestine),Journalists (Palestine),7,78,Civilian targeting,275,Middle East,Palestine,Gaza Strip,Gaza City,,Gaza - Northern Remal,31.524,34.4505,2,Newpress; Quds News Network; Twitter,New media-National,"On 20 November 2024, Israeli warplanes struck a house near the Al Qahira School in Al Remal, coded to Gaza - Northern Remal (Gaza City, Gaza Strip), killing 4 Palestinians including 2 journalists.",4,,1759790002
PSE63686,11/20/2024,2024,1,Political violence,Explosions/Remote violence,Air/drone strike,Military Forces of Israel (2022-),,8,Civilians (Palestine),,7,78,Civilian targeting,275,Middle East,Palestine,Gaza Strip,Deir El Balah,,An Nusayrat,31.4486,34.3925,1,Newpress; Twitter,New media-National,"On 20 November 2024, Israeli warplanes struck a house in Al Dawa Street east of An Nusayrat Camp (Deir El Balah, Gaza Strip). There were no casualties.",0,,1753956656
PSE63675,11/20/2024,2024,1,Political violence,Explosions/Remote violence,Air/drone strike,Military Forces of Israel (2022-),,8,Civilians (Palestine),Journalists (Palestine),7,78,Civilian targeting,275,Middle East,Palestine,Gaza Strip,Gaza City,,Gaza,31.5045,34.4743,1,Quds News Network,National,"On 20 November 2024, Israeli warplanes targeted the Gaza City (Gaza Strip), injuring a Palestinian journalist.",0,,1759790002
PSE63698,11/20/2024,2024,1,Political violence,Explosions/Remote violence,Air/drone strike,Military Forces of Israel (2022-),,8,Civilians (Palestine),Journalists (Palestine); Refugees/IDPs (Palestine),7,78,Civilian targeting,275,Middle East,Palestine,Gaza Strip,North Gaza,,Beit Lahiya - Al Mashroo,31.5433,34.4998,2,Ma'an News Agency; Palestine News and Information Agency; Quds News Network,National,"On 20 November 2024, a Palestinian journalist succumbed to wounds sustained in an airstrike that targeted the Harthani school in Beit Lahiya - Al Mashroo (North Gaza, Gaza Strip) [coded to this event]. As a result, the total fatalities increased to 4.",4,,1753956656
PSE63663,11/20/2024,2024,1,Political violence,Explosions/Remote violence,Air/drone strike,Military Forces of Israel (2022-),,8,Civilians (Palestine),,7,78,Civilian targeting,275,Middle East,Palestine,Gaza Strip,Gaza City,,Gaza - Sabra,31.5086,34.4493,1,Al Ghad (Jordan); Palestine News and Information Agency,National-Regional,"On 20 November 2024, Israeli warplanes struck a house near Al Sultan bakery in Gaza - Sabra (Gaza City, Gaza Strip), killing and injuring a number of Palestinians. Unspecified number of fatalities coded as 3. Also, Israeli artillery targeted the Sabra [casualties unknown]. [On 22 November 2024, several bodies were recovered from under the rubble in Sabra. These fatalities were coded to this event as three fatalities].",3,,1759790002
PSE63696,11/20/2024,2024,1,Political violence,Explosions/Remote violence,Shelling/artillery/missile attack,Military Forces of Israel (2022-),,8,Civilians (Palestine),,7,78,Civilian targeting,275,Middle East,Palestine,Gaza Strip,Rafah,,Yibna,31.2842,34.2482,2,Newpress; PLO Negotiations Affairs Department; Quds News Network; Twitter,Other-New media,"On 20 November 2024, Israeli artillery and tanks shelled targets east of Rafah, coded to Yibna (Rafah, Gaza Strip). 2 Palestinians were killed by Israeli forces near Al Madakha School east of Rafah (coded to Yibna).",2,,1753956656
PSE63665,11/20/2024,2024,1,Political violence,Explosions/Remote violence,Air/drone strike,Military Forces of Israel (2022-),,8,Civilians (Palestine),,7,78,Civilian targeting,275,Middle East,Palestine,Gaza Strip,North Gaza,,Jabalya,31.5272,34.4835,1,Ma'an News Agency; Newpress; Palestine News and Information Agency; Quds News Network; Twitter,New media-National,"On 20 November 2024, Israeli artillery shelled the Jabalya Al Nazlah in Jabalya (North Gaza, Gaza Strip), killing one Palestinian. Also, 12 Palestinians from the same family were killed in an airstrike that targeted a house on Old Gaza Street in Jabalya town. Total confirmed fatalities were 13.",13,,1759790002
PSE63672,11/20/2024,2024,1,Political violence,Explosions/Remote violence,Air/drone strike,Military Forces of Israel (2022-),,8,Civilians (Palestine),,7,78,Civilian targeting,275,Middle East,Palestine,Gaza Strip,North Gaza,,Jabalya - Tel-Zaatar,31.5367,34.5035,1,Ma'an News Agency; Palestine News and Information Agency; Quds News Network,National,"On 20 November 2024, an Israeli UAV dropped a bomb at houses in Jabalya - Tel-Zaatar (North Gaza, Gaza Strip), injuring 3 Palestinians. Also, artillery targeted the same location [casualties unknown].",0,,1759790002
PSE63674,11/20/2024,2024,1,Political violence,Explosions/Remote violence,Air/drone strike,Military Forces of Israel (2022-),,8,Civilians (Palestine),,7,78,Civilian targeting,275,Middle East,Palestine,Gaza Strip,Gaza City,,Gaza - Az Zaytun,31.4964,34.4522,1,Arab 48; Ma'an News Agency,National,"On 20 November 2024, Israeli warplanes struck a house near the police station of Gaza - Az Zaytun (Gaza City, Gaza Strip), killing 2 Palestinians and injuring others.",2,,1759790002
PSE63666,11/20/2024,2024,1,Political violence,Explosions/Remote violence,Air/drone strike,Military Forces of Israel (2022-),,8,Civilians (Palestine),,7,78,Civilian targeting,275,Middle East,Palestine,Gaza Strip,Rafah,,Khirbet al Adas,31.2855,34.2714,1,Ma'an News Agency; Palestine News and Information Agency; Quds News Network,National,"On 20 November 2024, Israeli warplanes struck a gathering in Khirbet al Adas (Rafah, Gaza Strip), killing 3 Palestinians.",3,,1753956656
PSE63687,11/20/2024,2024,1,Political violence,Explosions/Remote violence,Air/drone strike,Military Forces of Israel (2022-),,8,Civilians (Palestine),,7,78,Civilian targeting,275,Middle East,Palestine,Gaza Strip,Rafah,,Al Junainah,31.2642,34.2636,1,Arab 48; Newpress; Twitter,New media-National,"On 20 November 2024, Israeli forces [likely warplanes] struck near the Al Khayyat Junction in Al Junainah (Rafah, Gaza Strip), killing 2 Palestinian and injuring another one.",2,,1753956656
PSE63702,11/21/2024,2024,1,Political violence,Explosions/Remote violence,Air/drone strike,Military Forces of Israel (2022-),,8,Civilians (Palestine),Health Workers (Palestine),7,78,Civilian targeting,275,Middle East,Palestine,Gaza Strip,North Gaza,,Beit Lahiya - Al Mashroo,31.5433,34.4998,1,Newpress; Quds News Network; Twitter,New media-National,"On 21 November 2024, Israeli warplanes launched airstrikes on a residential neighborhood in the vicinity of Kamal Adwan Hospital in Beit Lahiya - Al Mashroo (North Gaza, Gaza Strip) killing at least 66 people and injuring dozens. On the same day, an Israeli drone targeted the emergency entrance of Kamal Adwan Hospital injuring 7 people from the medical staff and causing a power outage. Israeli artillery also shelled the same location on the same day. Casualties unknown. Total confirmed fatalities is 66.",66,,1753956656
PSE63703,11/21/2024,2024,1,Political violence,Explosions/Remote violence,Air/drone strike,Military Forces of Israel (2022-),,8,Civilians (Palestine),Refugees/IDPs (Palestine),7,78,Civilian targeting,275,Middle East,Palestine,Gaza Strip,Deir El Balah,,An Nusayrat,31.4486,34.3925,1,Palestine News and Information Agency; Quds News Network,National,"On 21 November 2024, Israeli warplanes targeted the vicinity of Al Awda Hospital in An Nusayrat camp (Deir El Balah, Gaza Strip) killing 3 women and injuring others. Israeli warplanes launched another airstrike on the camp later that day. Casualties unknown. Total fatalities coded at least 3.",3,,1753956656
PSE63705,11/21/2024,2024,1,Political violence,Explosions/Remote violence,Air/drone strike,Military Forces of Israel (2022-),,8,Civilians (Palestine),,7,78,Civilian targeting,275,Middle East,Palestine,Gaza Strip,Deir El Balah,,An Nusayrat - North,31.4591,34.3923,1,Newpress; Quds News Network; Twitter,New media-National,"On 21 November 2024, Israeli warplanes launched an airstrike in An Nusayrat - North (Deir El Balah, Gaza Strip). Casualties unknown. Israeli warplanes launched another airstrike later that day in the same location killing 5 and injuring others. Total confirmed fatalities is at least 5.",5,,1753956656
PSE63706,11/21/2024,2024,1,Political violence,Explosions/Remote violence,Air/drone strike,Military Forces of Israel (2022-),,8,Civilians (Palestine),Refugees/IDPs (Palestine),7,78,Civilian targeting,275,Middle East,Palestine,Gaza Strip,Deir El Balah,,Al Burayj,31.4394,34.4031,1,Quds News Network,National,"On 21 November 2024, Israeli military, likely warplanes, targeted the entrance of Al Burayj camp (Deir El Balah, Gaza Strip) injuring 4 people.",0,,1753956656
PSE63708,11/21/2024,2024,1,Political violence,Explosions/Remote violence,Air/drone strike,Military Forces of Israel (2022-),,8,Civilians (Palestine),,7,78,Civilian targeting,275,Middle East,Palestine,Gaza Strip,Gaza City,,Gaza,31.5045,34.4743,1,Liveuamap; Quds News Network,Local partner-New media,"On 21 November 2024, Israeli warplanes launched an airstrike on Gaza (Gaza City, Gaza Strip). Casualties unknown. Israeli drones also fired at Al Jalaa Street in the same location killing and injuring civilians. Unconfirmed fatalities coded to 3.",3,,1759790002
PSE63709,11/21/2024,2024,1,Political violence,Explosions/Remote violence,Air/drone strike,Military Forces of Israel (2022-),,8,Civilians (Palestine),Refugees/IDPs (Palestine),7,78,Civilian targeting,275,Middle East,Palestine,Gaza Strip,Deir El Balah,,Deir al Balah,31.4178,34.3503,1,Quds News Network,National,"On 21 November 2024, Israeli warplanes targeted an IDPs tent in Deir al Balah town (Deir El Balah, Gaza Strip) injuring 5 people.",0,,1753956656
PSE63710,11/21/2024,2024,1,Political violence,Explosions/Remote violence,Air/drone strike,Military Forces of Israel (2022-),,8,Civilians (Palestine),,7,78,Civilian targeting,275,Middle East,Palestine,Gaza Strip,Gaza City,,Gaza - Sheikh Radwan,31.5349,34.4667,1,Quds News Network,National,"On 21 November 2024, Israeli military, likely warplanes, targeted Gaza - Sheikh Radwan neighborhood (Gaza City, Gaza Strip) killing 1 person and injuring others.",1,,1759790002
PSE63716,11/21/2024,2024,1,Political violence,Explosions/Remote violence,Air/drone strike,Military Forces of Israel (2022-),,8,Civilians (Palestine),Refugees/IDPs (Palestine),7,78,Civilian targeting,275,Middle East,Palestine,Gaza Strip,Khan Yunis,,Al Mawasi (Khan Yunis),31.3482,34.2547,1,Palestine News and Information Agency; Quds News Network,National,"On 21 November 2024, Israeli military, likely warplanes, targeted Al Mawasi (Khan Yunis) (Khan Yunis, Gaza Strip) killing and injuring people. Unspecified number of fatalities coded as 3.",3,,1762829569
PSE63719,11/21/2024,2024,1,Political violence,Explosions/Remote violence,Air/drone strike,Military Forces of Israel (2022-),,8,Civilians (Palestine),,7,78,Civilian targeting,275,Middle East,Palestine,Gaza Strip,North Gaza,,Jabalya Camp,31.536,34.4907,1,Quds News Network,National,"On 21 November 2024, Israeli helicopters fired at houses in Jabalya Camp (North Gaza, Gaza Strip). Casualties unknown. Israeli artillery also shelled the same location. Casualties unknown.",0,,1753956656
PSE63720,11/21/2024,2024,1,Political violence,Explosions/Remote violence,Air/drone strike,Military Forces of Israel (2022-),,8,Civilians (Palestine),,7,78,Civilian targeting,275,Middle East,Palestine,Gaza Strip,Deir El Balah,,An Nusayrat - West,31.4525,34.3756,1,Newpress; Twitter,New media-National,"On 21 November 2024, Israeli military, likely warplanes, targeted a house in An Nusayrat - West (Deir El Balah, Gaza Strip) killing 2 women and injuring others.",2,,1753956656
PSE63724,11/21/2024,2024,1,Political violence,Explosions/Remote violence,Air/drone strike,Military Forces of Israel (2022-),,8,Civilians (Palestine),,7,78,Civilian targeting,275,Middle East,Palestine,Gaza Strip,Khan Yunis,,Al Qurein,31.3085,34.314,1,Palestine News and Information Agency,National,"On 21 November 2024, Israeli warplanes targeted Al Qurein (Khan Yunis, Gaza Strip) killing 4 people and injuring others.",4,,1753956656
PSE63712,11/21/2024,2024,1,Political violence,Explosions/Remote violence,Air/drone strike,Military Forces of Israel (2022-),,8,Civilians (Palestine),,7,78,Civilian targeting,275,Middle East,Palestine,Gaza Strip,North Gaza,,Jabalya,31.5272,34.4835,1,Quds News Network,National,"On 21 November 2024, Israeli military, likely warplanes, targeted Gaza Street in Jabalya town (North Gaza, Gaza Strip) killing 2 people and injuring others.",2,,1759790002
PSE63717,11/21/2024,2024,1,Political violence,Explosions/Remote violence,Air/drone strike,Military Forces of Israel (2022-),,8,Civilians (Palestine),,7,78,Civilian targeting,275,Middle East,Palestine,Gaza Strip,Gaza City,,Gaza - Az Zaytun,31.4964,34.4522,2,Quds News Network,National,"On 21 November 2024, Israeli military, likely warplanes, targeted a house in Thalatini Street in south of Gaza city, coded here to Gaza - Az Zaytun (Gaza City, Gaza Strip) killing and injuring people. Unspecified number of fatalities coded as 3.",3,,1759790002
PSE63723,11/21/2024,2024,1,Political violence,Explosions/Remote violence,Air/drone strike,Military Forces of Israel (2022-),,8,Civilians (Palestine),,7,78,Civilian targeting,275,Middle East,Palestine,Gaza Strip,Rafah,,Khirbet al Adas,31.2855,34.2714,2,Liveuamap; Palestine News and Information Agency,Local partner-New media,"On 21 November 2024, Israeli military, likely warplanes, targeted north of Rafah, coded to Khirbet al Adas (Rafah, Gaza Strip) killing 3 people and injuring others.",3,,1753956656
PSE63741,11/22/2024,2024,1,Political violence,Explosions/Remote violence,Air/drone strike,Military Forces of Israel (2022-),,8,Civilians (Palestine),Fishers (Palestine),7,78,Civilian targeting,275,Middle East,Palestine,Gaza Strip,Gaza City,,Coast of Gaza City,31.5304,34.4215,3,Palestine News and Information Agency; Quds News Network,National,"On 22 November 2024, Israeli military, likely warplanes, targeted a fishermen's boat in Gaza sea, coded here to Coast of Gaza City (Gaza City, Gaza Strip) killing one person and injuring another.",1,,1753956656
PSE63726,11/22/2024,2024,1,Political violence,Explosions/Remote violence,Air/drone strike,Military Forces of Israel (2022-),,8,Civilians (Palestine),,7,78,Civilian targeting,275,Middle East,Palestine,Gaza Strip,Gaza City,,Gaza - Shujaiyya,31.4988,34.4699,1,Palestine News and Information Agency; Quds News Network,National,"On 22 November 2024, Israeli warplanes targeted a house in Gaza - Shujaiyya (Gaza City, Gaza Strip) killing 8 people and injuring others.",8,,1759790002
PSE63727,11/22/2024,2024,1,Political violence,Explosions/Remote violence,Air/drone strike,Military Forces of Israel (2022-),,8,Civilians (Palestine),Refugees/IDPs (Palestine),7,78,Civilian targeting,275,Middle East,Palestine,Gaza Strip,Khan Yunis,,Al Mawasi (Khan Yunis),31.3482,34.2547,1,Palestine News and Information Agency; Quds News Network,National,"On 22 November 2024, Israeli heliocopters targeted an IDPs tent in Al Mawasi (Khan Yunis) (Khan Yunis, Gaza Strip) killing a Palestinian woman and her daughter, and injuring her husband.",2,,1762829569
PSE63729,11/22/2024,2024,1,Political violence,Explosions/Remote violence,Air/drone strike,Military Forces of Israel (2022-),,8,Civilians (Palestine),,7,78,Civilian targeting,275,Middle East,Palestine,Gaza Strip,Gaza City,,Gaza - Nasr,31.534,34.4574,1,Newpress; Twitter,New media-National,"On 22 November 2024, Israeli warplanes targeted a gathering of people in Gaza - Nasr (Gaza City, Gaza Strip) killing 4 people.",4,,1753956656
PSE63736,11/22/2024,2024,1,Political violence,Explosions/Remote violence,Shelling/artillery/missile attack,Military Forces of Israel (2022-),,8,Civilians (Palestine),,7,78,Civilian targeting,275,Middle East,Palestine,Gaza Strip,Deir El Balah,,Al Burayj,31.4394,34.4031,2,Quds News Network,National,"On 22 November 2024, Israeli artillery targeted north of Al Burayj camp (Deir El Balah, Gaza Strip). Casualties unknown. On the same day, Israeli artillery also targeted east of Al Burayj camp killing 3 people and injuring others. Total confirmed fatalities is 3.",3,,1753956656
PSE63737,11/22/2024,2024,1,Political violence,Explosions/Remote violence,Shelling/artillery/missile attack,Military Forces of Israel (2022-),,8,Civilians (Palestine),,7,78,Civilian targeting,275,Middle East,Palestine,Gaza Strip,Khan Yunis,,Abasan al Kabirah,31.3191,34.3401,1,Quds News Network,National,"On 22 November 2024, Israeli artillery shelled Abasan al Kabirah (Khan Yunis, Gaza Strip) injuring several people.",0,,1753956656
PSE63740,11/22/2024,2024,1,Political violence,Explosions/Remote violence,Air/drone strike,Military Forces of Israel (2022-),,8,Civilians (Palestine),,7,78,Civilian targeting,275,Middle East,Palestine,Gaza Strip,Gaza City,,Gaza - Southern Remal,31.5168,34.4355,2,Quds News Network,National,"On 22 November 2024, Israeli military, likely warplanes, targeted al Shifa Street in west of Gaza city, coded here to Gaza - Southern Remal (Gaza City, Gaza Strip) killing 3 people and injuring others.",3,,1759790002
PSE63746,11/22/2024,2024,1,Political violence,Explosions/Remote violence,Air/drone strike,Military Forces of Israel (2022-),,8,Civilians (Palestine),,7,78,Civilian targeting,275,Middle East,Palestine,Gaza Strip,North Gaza,,Beit Lahiya - Al Mashroo,31.5433,34.4998,1,Al Ghad (Jordan); Quds News Network,National-Regional,"On 22 November 2024, Israeli artillery also shelled the vicinity of the Kamal Odwan hospital in Beit Lahiya - Al Mashroo (North Gaza, Gaza Strip). Casualties unknown. Israeli warplanes also targeted residential houses in other areas of Beit Lahiya - Al Mashroo. Casualties unknown.",0,,1753956656
PSE63749,11/22/2024,2024,1,Political violence,Explosions/Remote violence,Air/drone strike,Military Forces of Israel (2022-),,8,Civilians (Palestine),,7,78,Civilian targeting,275,Middle East,Palestine,Gaza Strip,Gaza City,,Gaza - Shujaiyya,31.4988,34.4699,2,Palestine News and Information Agency; Quds News Network,National,"On 22 November 2024, Israeli warplanes targeted east of Gaza city, coded here to Gaza - Shujaiyya (Gaza City, Gaza Strip) killing 3 people and injuring others.",3,,1759790002
PSE63752,11/22/2024,2024,1,Political violence,Explosions/Remote violence,Air/drone strike,Military Forces of Israel (2022-),,8,Civilians (Palestine),Refugees/IDPs (Palestine),7,78,Civilian targeting,275,Middle East,Palestine,Gaza Strip,Deir El Balah,,An Nusayrat,31.4486,34.3925,1,Palestine News and Information Agency; Quds News Network,National,"On 22 November 2024, Israeli warplanes targeted a house in An Nusayrat (Deir El Balah, Gaza Strip) killing 2 people and injuring 8 others. Another Israeli airstrike on An Nusayrat camp on the same day targeted a residential building. Casualties unknown. Total confirmed fatalities is 2.",2,,1753956656
PSE63754,11/22/2024,2024,1,Political violence,Explosions/Remote violence,Air/drone strike,Military Forces of Israel (2022-),,8,Civilians (Palestine),Refugees/IDPs (Palestine),7,78,Civilian targeting,275,Middle East,Palestine,Gaza Strip,Khan Yunis,,Khan Yunis,31.3502,34.3081,1,Quds News Network,National,"On 22 November 2024, Israeli warplanes targeted a house near tents of displaced people in Khan Yunis (Khan Yunis, Gaza Strip) killing 7 people and injuring more than 25 others.",7,,1753956656
PSE63755,11/22/2024,2024,1,Political violence,Explosions/Remote violence,Air/drone strike,Military Forces of Israel (2022-),,8,Civilians (Palestine),,7,78,Civilian targeting,275,Middle East,Palestine,Gaza Strip,Deir El Balah,,Al Musaddar,31.4105,34.378,2,Palestine News and Information Agency; Quds News Network,National,"On 22 November 2024, Israeli helicopters targeted a house in west of Deir al Balah town, coded to Al Musaddar (Deir El Balah, Gaza Strip) killing 2 people and injuring others.",2,,1765850627
PSE63756,11/22/2024,2024,1,Political violence,Explosions/Remote violence,Air/drone strike,Military Forces of Israel (2022-),,8,Civilians (Palestine),,7,78,Civilian targeting,275,Middle East,Palestine,Gaza Strip,Rafah,,Tal as Sultan,31.3098,34.2414,2,Palestine News and Information Agency,National,"On 22 November 2024, Israeli warplanes targeted west of Rafah city, coded to Tal as Sultan (Rafah, Gaza Strip) killing 2 people and injuring others.",2,,1762829569
PSE63744,11/22/2024,2024,1,Political violence,Explosions/Remote violence,Air/drone strike,Military Forces of Israel (2022-),,8,Civilians (Palestine),,7,78,Civilian targeting,275,Middle East,Palestine,Gaza Strip,North Gaza,,Jabalya,31.5272,34.4835,1,Palestine News and Information Agency; Quds News Network,National,"On 22 November 2024, Israeli military, likely warplanes targeted Jabalya town (North Gaza, Gaza Strip) killing 1 person and injuring others. On the same day, an Israeli drone also targeted the same location injuring several people. Israeli military, likely shelling, targeted al Saftawi area in Jabalya town on the same day, killing 2 people and injuring others. Total confirmed fatalities is 3.",3,,1759790002
PSE63753,11/22/2024,2024,1,Political violence,Explosions/Remote violence,Air/drone strike,Military Forces of Israel (2022-),,8,Civilians (Palestine),,7,78,Civilian targeting,275,Middle East,Palestine,Gaza Strip,Gaza City,,Gaza - Az Zaytun,31.4964,34.4522,1,Quds News Network,National,"On 22 November 2024, Israeli warplanes targeted a house in Gaza - Az Zaytun (Gaza City, Gaza Strip) killing 6 people and injuring others.",6,,1759790002
PSE63748,11/22/2024,2024,1,Political violence,Explosions/Remote violence,Air/drone strike,Military Forces of Israel (2022-),,8,Civilians (Palestine),,7,78,Civilian targeting,275,Middle East,Palestine,Gaza Strip,Rafah,,Khirbet al Adas,31.2855,34.2714,1,Palestine News and Information Agency; Quds News Network,National,"On 22 November 2024, Israeli drones targeted a gathering in Khirbet al Adas (Rafah, Gaza Strip) killing 1 person and injuring others.",1,,1753956656
PSE63994,11/23/2024,2024,1,Political violence,Explosions/Remote violence,Shelling/artillery/missile attack,Military Forces of Israel (2022-),,8,Civilians (Palestine),,7,78,Civilian targeting,275,Middle East,Palestine,Gaza Strip,Deir El Balah,,Al Burayj,31.4394,34.4031,2,Palestine News and Information Agency; Quds News Network,National,"On 23 November 2024, Israeli artillery shelled east of Al Burayj Camp (Deir El Balah, Gaza Strip), killing 3 Palestinians from the same family (man, his wife and their son).",3,,1753956656
PSE63998,11/23/2024,2024,1,Political violence,Explosions/Remote violence,Air/drone strike,Military Forces of Israel (2022-),,8,Civilians (Palestine),,7,78,Civilian targeting,275,Middle East,Palestine,Gaza Strip,Deir El Balah,,Al Musaddar,31.4105,34.378,1,Quds News Network,National,"On 23 November 2024, Israeli warplanes struck a group of Palestinians near the entrance of Al Musaddar (Deir El Balah, Gaza Strip), killing and injuring Palestinians [unspecified number of fatalities coded as 3].",3,,1765850627
PSE64004,11/23/2024,2024,1,Political violence,Explosions/Remote violence,Air/drone strike,Military Forces of Israel (2022-),,8,Civilians (Palestine),Refugees/IDPs (Palestine),7,78,Civilian targeting,275,Middle East,Palestine,Gaza Strip,Deir El Balah,,An Nusayrat,31.4486,34.3925,1,Newpress; Palestine News and Information Agency; Quds News Network; Twitter,New media-National,"On 23 November 2024, Israeli warplanes struck an apartment in Eliaa Building in An Nusayrat Camp (Deir El Balah, Gaza Strip), killing a woman. Also, warplanes targeted and destroyed the Al Farouq mosque in An Nusayrat [casualties unknown]. Total confirmed fatalities coded at least 1.",1,,1753956656
PSE64010,11/23/2024,2024,1,Political violence,Explosions/Remote violence,Air/drone strike,Military Forces of Israel (2022-),,8,Civilians (Palestine),Refugees/IDPs (Palestine),7,78,Civilian targeting,275,Middle East,Palestine,Gaza Strip,Deir El Balah,,An Nusayrat - North,31.4591,34.3923,1,Ma'an News Agency; Palestine News and Information Agency; Quds News Network,National,"On 23 November 2024, Israeli warplanes struck a house in Camp 5 in An Nusayrat - North (Deir El Balah, Gaza Strip), killing 6 Palestinians and causing 3 injuries.",6,,1753956656
PSE64047,11/23/2024,2024,1,Political violence,Explosions/Remote violence,Air/drone strike,Military Forces of Israel (2022-),,8,Civilians (Palestine),Health Workers (Palestine),7,78,Civilian targeting,275,Middle East,Palestine,Gaza Strip,North Gaza,,Beit Lahiya - Al Mashroo,31.5433,34.4998,1,Ma'an News Agency; Newpress; Palestine News and Information Agency; Quds News Network; Twitter,New media-National,"On 23 November 2024, Israeli UAVs and tanks targeted the Kamal Odwan hospital's emergency entrance, courtyards, generators, and gates in Beit Lahiya - Al Mashroo (North Gaza, Gaza Strip), injuring 12 staff members (including doctors, nurses, and administrative staff, and the manager). Also, Israeli forces opened fire at a gathering at the northern gate of the Kamal Odwan Hospital while filling water, killing 2 persons and injuring others. Total fatalities were 2 (confirmed).",2,,1753956656
PSE64079,11/23/2024,2024,1,Political violence,Explosions/Remote violence,Shelling/artillery/missile attack,Military Forces of Israel (2022-),,8,Civilians (Palestine),,7,78,Civilian targeting,275,Middle East,Palestine,Gaza Strip,North Gaza,,Beit Lahiya,31.5541,34.5016,1,Palestine News and Information Agency; Quds News Network,National,"On 23 November 2024, Israeli artillery shelled the Al Manshiyah area of Beit Lahiya (North Gaza, Gaza Strip), killing 2 Palestinians.",2,,1753956656
PSE64082,11/23/2024,2024,1,Political violence,Explosions/Remote violence,Air/drone strike,Military Forces of Israel (2022-),,8,Civilians (Palestine),,7,78,Civilian targeting,275,Middle East,Palestine,Gaza Strip,Gaza City,,Gaza - Northern Remal,31.524,34.4505,2,Palestine News and Information Agency,National,"On 23 November 2024, Israeli warplanes struck a gathering in Al Remal, coded to Gaza - Northern Remal (Gaza City, Gaza Strip), killing 3 Palestinians and injuring others.",3,,1759790002
PSE64151,11/23/2024,2024,1,Political violence,Explosions/Remote violence,Air/drone strike,Military Forces of Israel (2022-),,8,Civilians (Palestine),,7,78,Civilian targeting,275,Middle East,Palestine,Gaza Strip,Khan Yunis,,Khan Yunis - Al Amal,31.3544,34.3007,1,Palestine News and Information Agency; Quds News Network,National,"On 23 November 2024, Israeli warplanes struck a gathering in Khan Yunis - Al Amal (Khan Yunis, Gaza Strip), killing 2 Palestinians and injuring others.",2,,1753956656
PSE64152,11/23/2024,2024,1,Political violence,Explosions/Remote violence,Air/drone strike,Military Forces of Israel (2022-),,8,Civilians (Palestine),,7,78,Civilian targeting,275,Middle East,Palestine,Gaza Strip,Khan Yunis,,Khan Yunis - Ash Sheikh Naser,31.3398,34.3116,1,Palestine News and Information Agency; Quds News Network,National,"On 23 November 2024, Israeli warplanes struck a house in Khan Yunis - Ash Sheikh Naser (Khan Yunis, Gaza Strip), killing a Palestinian.",1,,1753956656
PSE64156,11/23/2024,2024,1,Political violence,Explosions/Remote violence,Air/drone strike,Military Forces of Israel (2022-),,8,Civilians (Palestine),,7,78,Civilian targeting,275,Middle East,Palestine,Gaza Strip,Khan Yunis,,Khan Yunis - West (Municipal Stadium),31.3484,34.2961,2,Palestine News and Information Agency,National,"On 23 November 2024, Israeli warplanes struck a house west of Khan Yunis (coded to Khan Yunis - West (Municipal Stadium), Gaza Strip), killing 9 Palestinians, including children.",9,,1753956656
PSE64157,11/23/2024,2024,1,Political violence,Explosions/Remote violence,Air/drone strike,Military Forces of Israel (2022-),,8,Civilians (Palestine),Refugees/IDPs (Palestine),7,78,Civilian targeting,275,Middle East,Palestine,Gaza Strip,Khan Yunis,,Khan Yunis - West (Municipal Stadium),31.3484,34.2961,1,Palestine News and Information Agency; Quds News Network,National,"On 23 November 2024, Israeli warplanes struck near the tents of displaced people in Khan Yunis camp (coded in Khan Yunis - West (Municipal Stadium), Gaza Strip), killing one Palestinian.",1,,1753956656
PSE71395,11/23/2024,2024,1,Political violence,Violence against civilians,Attack,Unidentified Clan Militia (Palestine),,4,Civilians (Palestine),,7,47,Civilian targeting,275,Middle East,Palestine,Gaza Strip,Deir El Balah,,Deir al Balah,31.4178,34.3503,1,The Independent Commission For Human Rights,National,"On 23 November 2024, a four-man armed group traveling in a jeep and using a Kalashnikov rifle (coded as unidentified clan militia), opened fire and killed a 46-year-old man in Deir al Balah city (Deir El Balah, Gaza Strip). At the same time, another individual sitting next to the victim near their home was also shot. The second man sustained gunshot wounds and remains under medical care.",1,,1744085448
PSE63971,11/24/2024,2024,1,Political violence,Explosions/Remote violence,Air/drone strike,Military Forces of Israel (2022-),,8,Civilians (Palestine),Refugees/IDPs (Palestine),7,78,Civilian targeting,275,Middle East,Palestine,Gaza Strip,Deir El Balah,,Al Burayj,31.4394,34.4031,1,Palestine News and Information Agency; Quds News Network,National,"On 24 November 2024, Israeli warplanes struck a house in Al Burayj Camp (Deir El Balah, Gaza Strip), killing 4 Palestinians, including 2 girls and injuring a mother along with 2 other children.",4,,1753956656
PSE63988,11/24/2024,2024,1,Political violence,Explosions/Remote violence,Air/drone strike,Military Forces of Israel (2022-),,8,Civilians (Palestine),Refugees/IDPs (Palestine),7,78,Civilian targeting,275,Middle East,Palestine,Gaza Strip,Deir El Balah,,Al Maghazi,31.4214,34.3865,1,Palestine News and Information Agency; Quds News Network,National,"On 24 November 2024, Israeli warplanes struck a house in Al Maghazi Camp (Deir El Balah, Gaza Strip), killing 2 children. Also, a Palestinian was killed and 3 more were injured in a UAV strike in the camp targeted a tent belonging to displaced people. Total confirmed fatalities 3.",3,,1753956656
PSE64005,11/24/2024,2024,1,Political violence,Explosions/Remote violence,Air/drone strike,Military Forces of Israel (2022-),,8,Civilians (Palestine),Refugees/IDPs (Palestine),7,78,Civilian targeting,275,Middle East,Palestine,Gaza Strip,Deir El Balah,,An Nusayrat,31.4486,34.3925,1,Palestine News and Information Agency; Quds News Network,National,"On 24 November 2024, Israeli warplanes struck a tent belonging to displaced people in An Nusayrat Camp (Deir El Balah, Gaza Strip), killing 5 persons. Also, warplanes targeted a house in the Camp, killing a Palestinian. Total fatalities were 6.",6,,1753956656
PSE64018,11/24/2024,2024,1,Political violence,Explosions/Remote violence,Air/drone strike,Military Forces of Israel (2022-),,8,Civilians (Palestine),,7,78,Civilian targeting,275,Middle East,Palestine,Gaza Strip,Deir El Balah,,An Nusayrat - West,31.4525,34.3756,1,Palestine News and Information Agency,National,"On 24 November 2024, Israeli warplanes targeted a house in the Al Rahma area in An Nusayrat - West (Deir El Balah, Gaza Strip), causing a number of fatalities and injuries [unspecified number of fatalities coded as 3].",3,,1753956656
PSE64069,11/24/2024,2024,1,Political violence,Explosions/Remote violence,Air/drone strike,Military Forces of Israel (2022-),,8,Civilians (Palestine),,7,78,Civilian targeting,275,Middle East,Palestine,Gaza Strip,Gaza City,,Gaza - Ash Shati' Camp,31.5349,34.4466,2,Palestine News and Information Agency; Quds News Network,National,"On 24 November 2024, Israeli forces (likely warplanes) carried out a strike and killed 2 Palestinians in Al Saftawi area northwest of Gaza City, coded to Gaza - Ash Shati' Camp (Gaza City, Gaza Strip).",2,,1759790002
PSE64090,11/24/2024,2024,1,Political violence,Explosions/Remote violence,Air/drone strike,Military Forces of Israel (2022-),,8,Civilians (Palestine),,7,78,Civilian targeting,275,Middle East,Palestine,Gaza Strip,Gaza City,,Gaza - Sheikh Radwan,31.5349,34.4667,2,Quds News Network,National,"On 24 November 2024, Israeli helicopters opened fire at houses in north of Gaza City, coded to Gaza - Sheikh Radwan (Gaza City, Gaza Strip). Casualties unknown.",0,,1759790002
PSE64106,11/24/2024,2024,1,Political violence,Explosions/Remote violence,Air/drone strike,Military Forces of Israel (2022-),,8,Civilians (Palestine),,7,78,Civilian targeting,275,Middle East,Palestine,Gaza Strip,Gaza City,,Gaza - Shujaiyya,31.4988,34.4699,1,Quds News Network,National,"On 24 November 2024, Israeli helicopters opened fire at houses in Gaza - Shujaiyya (Gaza City, Gaza Strip). Casualties unknown.",0,,1759790002
PSE64141,11/24/2024,2024,1,Political violence,Explosions/Remote violence,Shelling/artillery/missile attack,Military Forces of Israel (2022-),,8,Civilians (Palestine),Refugees/IDPs (Palestine),7,78,Civilian targeting,275,Middle East,Palestine,Gaza Strip,North Gaza,,Jabalya Camp,31.536,34.4907,1,Palestine News and Information Agency,National,"On 24 November 2024, Israeli artillery shelled at displaced people trying to leave the Jabalya Camp (North Gaza, Gaza Strip), causing a number of fatalities and injuries [unspecified number of fatalities coded as 3].",3,,1753956656
PSE64158,11/24/2024,2024,1,Political violence,Explosions/Remote violence,Air/drone strike,Military Forces of Israel (2022-),,8,Civilians (Palestine),,7,78,Civilian targeting,275,Middle East,Palestine,Gaza Strip,Rafah,,Khirbet al Adas,31.2855,34.2714,1,Palestine News and Information Agency; Quds News Network,National,"On 24 November 2024, Israeli warplanes struck a gathering near Al Aqqad School in Khirbet al Adas (Rafah, Gaza Strip), killing a Palestinian and leaving a number of injuries.",1,,1753956656
PSE63972,11/25/2024,2024,1,Political violence,Explosions/Remote violence,Air/drone strike,Military Forces of Israel (2022-),,8,Civilians (Palestine),,7,78,Civilian targeting,275,Middle East,Palestine,Gaza Strip,Deir El Balah,,Al Burayj,31.4394,34.4031,2,Palestine News and Information Agency,National,"On 25 November 2024, Israeli UAV struck and killed one Palestinian north of Al Burayj Camp (Deir El Balah, Gaza Strip).",1,,1753956656
PSE64011,11/25/2024,2024,1,Political violence,Explosions/Remote violence,Air/drone strike,Military Forces of Israel (2022-),,8,Civilians (Palestine),,7,78,Civilian targeting,275,Middle East,Palestine,Gaza Strip,Deir El Balah,,An Nusayrat - North,31.4591,34.3923,1,Palestine News and Information Agency; Quds News Network,National,"On 25 November 2024, Israeli artillery shelled the An Nusayrat - North (Deir El Balah, Gaza Strip), leaving injuries. Also, warplanes carried out strikes in the same location [casualties unknown].",0,,1753956656
PSE64025,11/25/2024,2024,1,Political violence,Explosions/Remote violence,Shelling/artillery/missile attack,Military Forces of Israel (2022-),,8,Civilians (Palestine),Refugees/IDPs (Palestine),7,78,Civilian targeting,275,Middle East,Palestine,Gaza Strip,Rafah,,Al Mawasi (Rafah),31.3294,34.2299,2,Quds News Network,National,"On 25 November 2024, Israeli tanks opened fire at tents belonging to displaced people south of (Al Mawasi (Rafah), Gaza Strip). Casualties unknown.",0,,1762829569
PSE64049,11/25/2024,2024,1,Political violence,Explosions/Remote violence,Air/drone strike,Military Forces of Israel (2022-),,8,Civilians (Palestine),,7,78,Civilian targeting,275,Middle East,Palestine,Gaza Strip,North Gaza,,Beit Lahiya - Al Mashroo,31.5433,34.4998,1,Quds News Network,National,"On 25 November 2024, an Israeli UAV opened fire and killed a Palestinian in Beit Lahiya - Al Mashroo in Beit Lahiya (North Gaza, Gaza Strip).",1,,1753956656
PSE64070,11/25/2024,2024,1,Political violence,Explosions/Remote violence,Air/drone strike,Military Forces of Israel (2022-),,8,Civilians (Palestine),Refugees/IDPs (Palestine),7,78,Civilian targeting,275,Middle East,Palestine,Gaza Strip,Gaza City,,Gaza - Ash Shati' Camp,31.5349,34.4466,1,Palestine News and Information Agency,National,"On 25 November 2024, Israeli warplanes struck a gathering in Gaza - Ash Shati' Camp (Gaza City, Gaza Strip), killing 3 people.",3,,1759790002
PSE64073,11/25/2024,2024,1,Political violence,Explosions/Remote violence,Air/drone strike,Military Forces of Israel (2022-),,8,Civilians (Palestine),,7,78,Civilian targeting,275,Middle East,Palestine,Gaza Strip,Gaza City,,Gaza - At Tuffah,31.5134,34.4751,1,Palestine News and Information Agency,National,"On 25 November 2024, Israeli warplanes struck a house in Gaza - At Tuffah (Gaza City, Gaza Strip), killing 6 Palestinians and injuring others.",6,,1759790002
PSE64081,11/25/2024,2024,1,Political violence,Explosions/Remote violence,Shelling/artillery/missile attack,Military Forces of Israel (2022-),,8,Civilians (Palestine),Refugees/IDPs (Palestine),7,78,Civilian targeting,275,Middle East,Palestine,Gaza Strip,North Gaza,,Beit Lahiya,31.5541,34.5016,1,Palestine News and Information Agency,National,"On 25 November 2024, Israeli artillery shelled near the Indonesian Hospital in Beit Lahiya (North Gaza, Gaza Strip), killing 2 persons. Also, artillery targeted a center of displaced people in Al Manshiya area of Beit Lahiya, causing injuries. Total fatalities were 2.",2,,1753956656
PSE64091,11/25/2024,2024,1,Political violence,Explosions/Remote violence,Air/drone strike,Military Forces of Israel (2022-),,8,Civilians (Palestine),,7,78,Civilian targeting,275,Middle East,Palestine,Gaza Strip,Gaza City,,Gaza - Sheikh Radwan,31.5349,34.4667,2,Quds News Network,National,"On 25 November 2024, Israeli warplanes struck a house near the Bekat of Gaza - Sheikh Radwan area (Gaza City, Gaza Strip), killing 4 Palestinians.",4,,1759790002
PSE64108,11/25/2024,2024,1,Political violence,Explosions/Remote violence,Air/drone strike,Military Forces of Israel (2022-),,8,Civilians (Palestine),,7,78,Civilian targeting,275,Middle East,Palestine,Gaza Strip,Gaza City,,Gaza - Shujaiyya,31.4988,34.4699,1,Arab 48,National,"On 25 November 2024, Israeli warplanes struck a house in Gaza - Shujaiyya (Gaza City, Gaza Strip), causing injuries.",0,,1759790002
PSE64105,11/25/2024,2024,1,Political violence,Explosions/Remote violence,Shelling/artillery/missile attack,Military Forces of Israel (2022-),,8,Civilians (Palestine),,7,78,Civilian targeting,275,Middle East,Palestine,Gaza Strip,Gaza City,,Gaza - Az Zaytun,31.4964,34.4522,2,Palestine News and Information Agency,National,"On 25 November 2024, Israeli artillery shelled east of Gaza - Az Zaytun (Gaza City, Gaza Strip), killing 2 persons and injuring others.",2,,1759790002
PSE64121,11/25/2024,2024,1,Political violence,Explosions/Remote violence,Air/drone strike,Military Forces of Israel (2022-),,8,Civilians (Palestine),,7,78,Civilian targeting,275,Middle East,Palestine,Gaza Strip,North Gaza,,Jabalya,31.5272,34.4835,1,Palestine News and Information Agency,National,"On 25 November 2024, Israeli warplanes struck a gathering in Jabalya Nazlah (North Gaza, Gaza Strip), killing 5 Palestinians.",5,,1759790002
PSE64159,11/25/2024,2024,1,Political violence,Explosions/Remote violence,Air/drone strike,Military Forces of Israel (2022-),,8,Civilians (Palestine),,7,78,Civilian targeting,275,Middle East,Palestine,Gaza Strip,Rafah,,Khirbet al Adas,31.2855,34.2714,2,Palestine News and Information Agency,National,"On 25 November 2024, Israeli warplanes struck a house in Musabbah area, north of Rafah, coed to Khirbet al Adas (Rafah, Gaza Strip), killing 4 Palestinians.",4,,1753956656
PSE77354,11/25/2024,2024,2,Political violence,Violence against civilians,Attack,Unidentified Armed Group (Palestine),,3,Civilians (Palestine),,7,37,Civilian targeting,275,Middle East,Palestine,Gaza Strip,Deir El Balah,,Deir al Balah,31.4178,34.3503,1,New York Times,International,"Around 25 November 2024, unidentified militants opened fire toward people who were waiting at Zanda bakery in Deir al Balah (Deir El Balah, Gaza Strip) to buy bread, killing three persons including two women and injuring others. The incident occurred during chaos as some, armed with knives, tried to break through to the front. This event involved violence over aid.",3,,1754946060
PSE64006,11/26/2024,2024,1,Political violence,Explosions/Remote violence,Air/drone strike,Military Forces of Israel (2022-),,8,Civilians (Palestine),Refugees/IDPs (Palestine),7,78,Civilian targeting,275,Middle East,Palestine,Gaza Strip,Deir El Balah,,An Nusayrat,31.4486,34.3925,1,Arab 48; Newpress; Quds News Network,National,"On 26 November 2024, Israeli warplanes struck near the al-Qassam Mosque in An Nusayrat Camp (Deir El Balah, Gaza Strip). Casualties unknown. Also, warplanes struck the Al Jaouni School that hosts displaced people in the camp. Casualties unknown.",0,,1753956656
PSE64092,11/26/2024,2024,1,Political violence,Explosions/Remote violence,Air/drone strike,Military Forces of Israel (2022-),,8,Civilians (Palestine),,7,78,Civilian targeting,275,Middle East,Palestine,Gaza Strip,Gaza City,,Gaza - Sheikh Radwan,31.5349,34.4667,2,Palestine News and Information Agency,National,"On 26 November 2024, Israeli warplanes struck a gathering near Abu Iskandar bakery in north of Gaza City, coded to Gaza - Sheikh Radwan (Gaza City, Gaza Strip), killing and injuring dozens of Palestinians [fatalities coded as 6].",6,,1759790002
PSE64093,11/26/2024,2024,1,Political violence,Explosions/Remote violence,Air/drone strike,Military Forces of Israel (2022-),,8,Civilians (Palestine),,7,78,Civilian targeting,275,Middle East,Palestine,Gaza Strip,Gaza City,,Gaza - Sheikh Radwan,31.5349,34.4667,1,Quds News Network,National,"On 26 November 2024, Israeli warplanes struck a house in Gaza - Sheikh Radwan (Gaza City, Gaza Strip), leaving fatalities and injuries. Unspecified number of fatalities coded as 3.",3,,1759790002
PSE64110,11/26/2024,2024,1,Political violence,Explosions/Remote violence,Air/drone strike,Military Forces of Israel (2022-),,8,Civilians (Palestine),,7,78,Civilian targeting,275,Middle East,Palestine,Gaza Strip,Gaza City,,Gaza - Shujaiyya,31.4988,34.4699,1,Arab 48,National,"On 26 November 2024, Israeli warplanes carried out a strike in Gaza - Shujaiyya (Gaza City, Gaza Strip), leaving fatalities and injuries. Unspecified number of fatalities coded as 3.",3,,1759790002
PSE64029,11/26/2024,2024,1,Political violence,Explosions/Remote violence,Air/drone strike,Military Forces of Israel (2022-),,8,Civilians (Palestine),,7,78,Civilian targeting,275,Middle East,Palestine,Gaza Strip,North Gaza,,Beit Hanoun,31.5405,34.5402,1,Palestine News and Information Agency,National,"On 26 November 2024, an Israeli UAV struck and killed a Palestinian man in Beit Hanoun (North Gaza, Gaza Strip).",1,,1753956656
PSE64075,11/26/2024,2024,1,Political violence,Explosions/Remote violence,Air/drone strike,Military Forces of Israel (2022-),,8,Civilians (Palestine),Refugees/IDPs (Palestine),7,78,Civilian targeting,275,Middle East,Palestine,Gaza Strip,Gaza City,,Gaza - Az Zaytun,31.4964,34.4522,1,Newpress; Palestine News and Information Agency; Quds News Network,National,"On 26 November 2024, Israeli warplanes struck the Al Huriya School that hosts displaced people in Gaza - Az Zaytun (Gaza City, Gaza Strip), killing 15 Palestinians and injuring more than 30 persons. Also, artillery targeted the Al Maslaba area in the Az Zaytun, causing several injuries. Also, at least 5 Palestinians (including children) were killed in an airstrike targeted a house in Az Zaytun. Total fatalities coded at least 20.",20,,1759790002
PSE64123,11/26/2024,2024,1,Political violence,Explosions/Remote violence,Air/drone strike,Military Forces of Israel (2022-),,8,Civilians (Palestine),,7,78,Civilian targeting,275,Middle East,Palestine,Gaza Strip,North Gaza,,Jabalya,31.5272,34.4835,1,Newpress; Palestine News and Information Agency; Quds News Network,National,"On 26 November 2024, Israeli warplanes struck a house in Jabalya Nazlah (North Gaza, Gaza Strip), killing and injuring dozens of Palestinians [fatalities coded as 6]. Israeli warplanes carried out a strike near the Omari Mosque in Jabalya town (North Gaza, Gaza Strip). Casualties unknown. Meanwhile, a child was injured as an Israeli UAV targeted Jabalya town. Total fatalities coded as 6.",6,,1759790002
PSE64149,11/26/2024,2024,1,Political violence,Explosions/Remote violence,Shelling/artillery/missile attack,Military Forces of Israel (2022-),,8,Civilians (Palestine),,7,78,Civilian targeting,275,Middle East,Palestine,Gaza Strip,Rafah,,Khirbet al Adas,31.2855,34.2714,1,Arab 48,National,"On 26 November 2024, Israeli artillery shelled the Khirbet al Adas (Rafah, Gaza Strip), killing a Palestinian.",1,,1753956656
PSE64166,11/26/2024,2024,1,Political violence,Explosions/Remote violence,Air/drone strike,Military Forces of Israel (2022-),,8,Civilians (Palestine),,7,78,Civilian targeting,275,Middle East,Palestine,Gaza Strip,Rafah,,Rafah,31.287,34.2595,2,Quds News Network,National,"On 26 November 2024, Israeli forces (likely warplanes/ UAVs) struck and killed a Palestinian man who went out to get flour in the area of Rafah (Gaza Strip).",1,,1762829569
PSE63973,11/27/2024,2024,1,Political violence,Explosions/Remote violence,Air/drone strike,Military Forces of Israel (2022-),,8,Civilians (Palestine),Refugees/IDPs (Palestine),7,78,Civilian targeting,275,Middle East,Palestine,Gaza Strip,Deir El Balah,,Al Burayj,31.4394,34.4031,1,Quds News Network,National,"On 27 November 2024, an Israeli drone targeted a roof of a house in Block 3 of Al Burayj camp (Deir El Balah, Gaza Strip) injuring 1 person.",0,,1753956656
PSE64000,11/27/2024,2024,1,Political violence,Explosions/Remote violence,Air/drone strike,Military Forces of Israel (2022-),,8,Civilians (Palestine),,7,78,Civilian targeting,275,Middle East,Palestine,Gaza Strip,Khan Yunis,,Al Qararah,31.3739,34.3409,1,Palestine News and Information Agency,National,"On 27 November 2024, an Israeli drone targeted a group of people in Al Qararah (Khan Yunis, Gaza Strip) killing 2 people and injuring 3 others.",2,,1753956656
PSE64051,11/27/2024,2024,1,Political violence,Explosions/Remote violence,Air/drone strike,Military Forces of Israel (2022-),,8,Civilians (Palestine),,7,78,Civilian targeting,275,Middle East,Palestine,Gaza Strip,North Gaza,,Beit Lahiya - Al Mashroo,31.5433,34.4998,1,Ma'an News Agency; Palestine News and Information Agency; Quds News Network,National,"On 27 November 2024, Israeli warplanes targeted the entrance of Kamal Adwan Hospital in Beit Lahiya - Al Mashroo (North Gaza, Gaza Strip) killing 5 and injuring others. Israeli warplanes also targeted Tal Az Zaatar neighborhood in Beit Lahiya - Mashroo, killing a pregnant woman and injuring 5 others. Israeli forces launched a series of airstrikes and artillery shelling throughout the day in the same location. Casualties unknown. Total confirmed fatalities is at least 6.",6,,1753956656
PSE64067,11/27/2024,2024,1,Political violence,Explosions/Remote violence,Air/drone strike,Military Forces of Israel (2022-),,8,Civilians (Palestine),Hamas Movement; Journalists (Palestine),7,78,Civilian targeting,275,Middle East,Palestine,Gaza Strip,Gaza City,,Gaza - Ad Darraj,31.5172,34.4642,1,Arutz Sheva; Palestine News and Information Agency; Quds News Network,National-Regional,"On 27 November 2024, Israeli warplanes targeted Al Tabaeen School in Gaza - Ad Darraj (Gaza City, Gaza Strip) killing 12 individuals including a journalist and a Hamas fighter (according to the IDF), and injuring others.",12,,1759790002
PSE64111,11/27/2024,2024,1,Political violence,Explosions/Remote violence,Air/drone strike,Military Forces of Israel (2022-),,8,Civilians (Palestine),,7,78,Civilian targeting,275,Middle East,Palestine,Gaza Strip,Gaza City,,Gaza - Shujaiyya,31.4988,34.4699,1,Palestine News and Information Agency,National,"On 27 November 2024, Israeli forces launched an airstrike on a house in Baghdad Street in Gaza - Shujaiyya (Gaza City, Gaza Strip) killing 4 people and injuring others.",4,,1759790002
PSE63981,11/27/2024,2024,1,Political violence,Explosions/Remote violence,Air/drone strike,Military Forces of Israel (2022-),,8,Civilians (Palestine),,7,78,Civilian targeting,275,Middle East,Palestine,Gaza Strip,Rafah,,Al Junainah,31.2642,34.2636,1,Ma'an News Agency,National,"On 27 November 2024, Israeli warplanes targeted a house in Al Junainah (Rafah, Gaza Strip). Casualties unknown.",0,,1753956656
PSE63968,11/28/2024,2024,1,Political violence,Explosions/Remote violence,Air/drone strike,Military Forces of Israel (2022-),,8,Civilians (Palestine),,7,78,Civilian targeting,275,Middle East,Palestine,Gaza Strip,Khan Yunis,,Abasan al Kabirah,31.3191,34.3401,1,Palestine News and Information Agency; Quds News Network,National,"On 28 November 2024, an Israeli drone targeted a bike in Abasan al Kabirah (Khan Yunis, Gaza Strip) killing 4 people and injuring others.",4,,1753956656
PSE63974,11/28/2024,2024,1,Political violence,Explosions/Remote violence,Air/drone strike,Military Forces of Israel (2022-),,8,Civilians (Palestine),Refugees/IDPs (Palestine),7,78,Civilian targeting,275,Middle East,Palestine,Gaza Strip,Deir El Balah,,Al Burayj,31.4394,34.4031,1,Quds News Network,National,"On 28 November 2024, Israeli forces launched a heavy airstrike on a residential house on Block 7 in Al Burayj camp (Deir El Balah, Gaza Strip). Casualties unknown.",0,,1753956656
PSE63992,11/28/2024,2024,1,Political violence,Explosions/Remote violence,Air/drone strike,Military Forces of Israel (2022-),,8,Civilians (Palestine),Refugees/IDPs (Palestine),7,78,Civilian targeting,275,Middle East,Palestine,Gaza Strip,Khan Yunis,,Al Mawasi (Khan Yunis),31.3482,34.2547,1,Newpress; Quds News Network; Twitter,New media-National,"On 28 November 2024, Israeli military, likely warplanes, targeted an IDP tent in Al Mawasi (Khan Yunis) (Khan Yunis, Gaza Strip) killing 5 people.",5,,1762829569
PSE64002,11/28/2024,2024,1,Political violence,Explosions/Remote violence,Air/drone strike,Military Forces of Israel (2022-),,8,Civilians (Palestine),,7,78,Civilian targeting,275,Middle East,Palestine,Gaza Strip,Khan Yunis,,Al Qurein,31.3085,34.314,1,Palestine News and Information Agency,National,"On 28 November 2024, an Israeli drone targeted a group of people in Al Qurein (Khan Yunis, Gaza Strip) killing 3.",3,,1753956656
PSE64007,11/28/2024,2024,1,Political violence,Explosions/Remote violence,Air/drone strike,Military Forces of Israel (2022-),,8,Civilians (Palestine),Journalists (Palestine); Refugees/IDPs (Palestine),7,78,Civilian targeting,275,Middle East,Palestine,Gaza Strip,Deir El Balah,,An Nusayrat,31.4486,34.3925,1,Quds News Network,National,"On 28 November 2024, Israeli artillery and warplanes targeted several areas of An Nusayrat (Deir El Balah, Gaza Strip) killing and injuring people. Unspecified number of fatalities coded to 3. An Israeli drone also fired at journalists in the same location. Casualties unknown.",3,,1753956656
PSE64026,11/28/2024,2024,1,Political violence,Explosions/Remote violence,Shelling/artillery/missile attack,Military Forces of Israel (2022-),,8,Civilians (Palestine),Refugees/IDPs (Palestine),7,78,Civilian targeting,275,Middle East,Palestine,Gaza Strip,Rafah,,Al Mawasi (Rafah),31.3294,34.2299,1,Quds News Network,National,"On 28 November 2024, Israeli military, likely via shelling, targeted IDP tents in Al Mawasi (Rafah) (Rafah, Gaza Strip). Casualties unknown.",0,,1762829569
PSE64027,11/28/2024,2024,1,Political violence,Explosions/Remote violence,Air/drone strike,Military Forces of Israel (2022-),,8,Civilians (Palestine),,7,78,Civilian targeting,275,Middle East,Palestine,Gaza Strip,Khan Yunis,,Bani Suheila,31.3424,34.325,2,Quds News Network,National,"On 28 November 2024, Israeli forces, likely warplanes, targeted east of Khan Yunis, coded to Bani Suheila (Khan Yunis, Gaza Strip) killing and injuring people. Unspecified number of fatalities coded to 3.",3,,1753956656
PSE64032,11/28/2024,2024,1,Political violence,Explosions/Remote violence,Shelling/artillery/missile attack,Military Forces of Israel (2022-),,8,Civilians (Palestine),Health Workers (Palestine); Journalists (Palestine); Refugees/IDPs (Palestine),7,78,Civilian targeting,275,Middle East,Palestine,Gaza Strip,Deir El Balah,,An Nusayrat - North,31.4591,34.3923,1,Ma'an News Agency; Newpress; Quds News Network; Twitter,New media-National,"On 28 November 2024, Israeli artillery fired heavily at the new camp in An Nusayrat - North (Deir El Balah) killing at least 18 people and injuring others, as they also fired at medical teams trying to reach targeted areas, and injured 1 Al Jazeera journalist. Israeli artillery also shelled northwest of An Nusayrat injuring several people. Israeli military also fired with an IED towards the entrance of the new camp in the same location injuring several people. Total confirmed fatalities is at least 18.",18,,1753956656
PSE64042,11/28/2024,2024,1,Political violence,Explosions/Remote violence,Air/drone strike,Military Forces of Israel (2022-),,8,Civilians (Palestine),,7,78,Civilian targeting,275,Middle East,Palestine,Gaza Strip,North Gaza,,Beit Lahiya,31.5541,34.5016,1,Quds News Network,National,"On 28 November 2024, Israeli military, likely warplanes, targeted Beit Lahiya town (North Gaza, Gaza Strip) killing at least 50 people and injuring others. Also, an Israeli drone dropped fire bombs on the shelter Awni Al Harathani in the same location causing fires in the shelter. Casualties unknown. On the same day, Israeli artillery heavily shelled Beit Lahiya town. Casualties unknown.",50,,1753956656
PSE64053,11/28/2024,2024,1,Political violence,Explosions/Remote violence,Air/drone strike,Military Forces of Israel (2022-),,8,Civilians (Palestine),,7,78,Civilian targeting,275,Middle East,Palestine,Gaza Strip,North Gaza,,Beit Lahiya - Al Mashroo,31.5433,34.4998,1,Palestine News and Information Agency; Quds News Network,National,"On 28 November 2024, Israeli warplanes targeted two houses in Beit Lahiya - Al Mashroo (North Gaza, Gaza Strip) killing 4 people. On the same day, Israeli artillery shelled a house in the same location, injuring one person.",4,,1753956656
PSE64065,11/28/2024,2024,1,Political violence,Explosions/Remote violence,Air/drone strike,Military Forces of Israel (2022-),,8,Civilians (Palestine),,7,78,Civilian targeting,275,Middle East,Palestine,Gaza Strip,Gaza City,,Gaza,31.5045,34.4743,1,Quds News Network,National,"On 28 November 2024, Israeli warplanes targeted a house near Palmyra restaurant in Gaza (Gaza City, Gaza Strip) killing 3 people and injuring 5 others.",3,,1759790002
PSE64094,11/28/2024,2024,1,Political violence,Explosions/Remote violence,Air/drone strike,Military Forces of Israel (2022-),,8,Civilians (Palestine),,7,78,Civilian targeting,275,Middle East,Palestine,Gaza Strip,Gaza City,,Gaza - Sheikh Radwan,31.5349,34.4667,1,Quds News Network,National,"On 28 November 2024, an Israeli drone targeted a street in Gaza - Sheikh Radwan (Gaza City, Gaza Strip) killing 1 person and injuring another.",1,,1759790002
PSE64076,11/28/2024,2024,1,Political violence,Explosions/Remote violence,Air/drone strike,Military Forces of Israel (2022-),,8,Civilians (Palestine),Health Workers (Palestine),7,78,Civilian targeting,275,Middle East,Palestine,Gaza Strip,Gaza City,,Gaza - Az Zaytun,31.4964,34.4522,1,Palestine News and Information Agency,National,"On 28 November 2024, Israeli military, likely warplanes, targeted a house in Gaza - Az Zaytun (Gaza City, Gaza Strip) killing 1 child. On the same day, Israeli military, likely warplanes, also targeted a five-floors residential building in the same location, killing 1 person and injuring others. Israeli drones also targeted medical teams who tried to reach the building, with no reported casualties. Total 2 confirmed fatalities coded.",2,,1759790002
PSE64126,11/28/2024,2024,1,Political violence,Explosions/Remote violence,Air/drone strike,Military Forces of Israel (2022-),,8,Civilians (Palestine),,7,78,Civilian targeting,275,Middle East,Palestine,Gaza Strip,North Gaza,,Jabalya,31.5272,34.4835,1,Ma'an News Agency; Quds News Network,National,"On 28 November 2024, Israeli military, likely warplanes, targeted Jabalya town (North Gaza, Gaza Strip) killing 1 and injuring others. On the same day, an Israeli quadcopter drone targeted al Nazla neighborhood in the same location and injured 1 person. Israeli warplanes also targeted Biqr al Naaja area in the same location. Casualties unknown. At least one confirmed fatalities coded.",1,,1759790002
PSE64153,11/28/2024,2024,1,Political violence,Explosions/Remote violence,Air/drone strike,Military Forces of Israel (2022-),,8,Civilians (Palestine),Refugees/IDPs (Palestine),7,78,Civilian targeting,275,Middle East,Palestine,Gaza Strip,Khan Yunis,,Khan Yunis - As-Sameen,31.3369,34.2925,2,Newpress; Twitter,New media-National,"On 28 November 2024, Israeli warplanes targeted an IDPs tent in southwest of Khan Yunis, coded to Khan Yunis - As-Sameen (Khan Yunis, Gaza Strip) killing 2 people and injuring 5 others.",2,,1753956656
PSE64161,11/28/2024,2024,1,Political violence,Explosions/Remote violence,Air/drone strike,Military Forces of Israel (2022-),,8,Civilians (Palestine),,7,78,Civilian targeting,275,Middle East,Palestine,Gaza Strip,Rafah,,Khirbet al Adas,31.2855,34.2714,1,Palestine News and Information Agency; Quds News Network,National,"On 28 November 2024, an Israeli drone targeted Khirbet al Adas (Rafah, Gaza Strip) killing and injuring people. Unspecified number of fatalities coded to 3.",3,,1753956656
PSE63990,11/29/2024,2024,1,Political violence,Explosions/Remote violence,Air/drone strike,Military Forces of Israel (2022-),,8,Civilians (Palestine),Refugees/IDPs (Palestine),7,78,Civilian targeting,275,Middle East,Palestine,Gaza Strip,Deir El Balah,,Al Maghazi,31.4214,34.3865,1,Quds News Network,National,"On 29 November 2024, Israeli military, likely warplanes, targeted Al Maghazi camp (Deir El Balah, Gaza Strip) injuring several people.",0,,1753956656
PSE63997,11/29/2024,2024,1,Political violence,Explosions/Remote violence,Air/drone strike,Military Forces of Israel (2022-),,8,Civilians (Palestine),,7,78,Civilian targeting,275,Middle East,Palestine,Gaza Strip,Rafah,,Al Mawasi (Rafah),31.3294,34.2299,1,Quds News Network,National,"On 29 November 2024, an Israeli drone targeted Al Mawasi (Rafah) (Rafah, Gaza Strip) injuring several people.",0,,1762829569
PSE63999,11/29/2024,2024,1,Political violence,Explosions/Remote violence,Air/drone strike,Military Forces of Israel (2022-),,8,Civilians (Palestine),,7,78,Civilian targeting,275,Middle East,Palestine,Gaza Strip,Deir El Balah,,Al Musaddar,31.4105,34.378,2,Palestine News and Information Agency,National,"On 29 November 2024, Israeli helicopters fired at a seaside recrational area in west of Deir El Balah, coded to Al Musaddar (Deir El Balah, Gaza Strip), injuring 8 people.",0,,1765850627
PSE64008,11/29/2024,2024,1,Political violence,Explosions/Remote violence,Air/drone strike,Military Forces of Israel (2022-),,8,Civilians (Palestine),Refugees/IDPs (Palestine),7,78,Civilian targeting,275,Middle East,Palestine,Gaza Strip,Deir El Balah,,An Nusayrat,31.4486,34.3925,1,Quds News Network,National,"On 29 November 2024, Israeli warplanes targeted a house in An Nusayrat camp (Deir El Balah, Gaza Strip) killing 5 people and injuring others.",5,,1753956656
PSE64021,11/29/2024,2024,1,Political violence,Explosions/Remote violence,Air/drone strike,Military Forces of Israel (2022-),,8,Civilians (Palestine),Refugees/IDPs (Palestine),7,78,Civilian targeting,275,Middle East,Palestine,Gaza Strip,Deir El Balah,,An Nusayrat - West,31.4525,34.3756,1,Palestine News and Information Agency; Quds News Network,National,"On 29 November 2024, an Israeli airstrike targeted a house in An Nusayrat - West (Deir El Balah, Gaza Strip) killing 5 people and injuring others. On the same day, Israeli artillery targeted a wood storage in Camp 5 in An Nusayrat - West (Deir El Balah, Gaza Strip) causing a fire inside. Casualties unknown.",5,,1753956656
PSE64033,11/29/2024,2024,1,Political violence,Explosions/Remote violence,Shelling/artillery/missile attack,Military Forces of Israel (2022-),,8,Civilians (Palestine),Refugees/IDPs (Palestine),7,78,Civilian targeting,275,Middle East,Palestine,Gaza Strip,Deir El Balah,,An Nusayrat,31.4486,34.3925,1,Quds News Network,National,"On 29 November 2024, Israeli artillery targeted Tower 5 in the area of Ain Jalout towers in the southern part of the An Nusayrat camp(Deir El Balah, Gaza Strip). Casualties unknown.",0,,1753956656
PSE64044,11/29/2024,2024,1,Political violence,Explosions/Remote violence,Air/drone strike,Military Forces of Israel (2022-),,8,Civilians (Palestine),Refugees/IDPs (Palestine),7,78,Civilian targeting,275,Middle East,Palestine,Gaza Strip,North Gaza,,Beit Lahiya,31.5541,34.5016,1,Palestine News and Information Agency,National,"On 29 November 2024, Israeli warplanes targeted a house sheltering IDPs in Beit Lahiya town (North Gaza, Gaza Strip) killing at least 18 people and injuring others. Israeli airstrikes and shelling continued throughout the day on the same location.",18,,1753956656
PSE64046,11/29/2024,2024,1,Political violence,Explosions/Remote violence,Air/drone strike,Military Forces of Israel (2022-),,8,Civilians (Palestine),,7,78,Civilian targeting,275,Middle East,Palestine,Gaza Strip,North Gaza,,Beit Lahiya,31.5541,34.5016,2,Quds News Network,National,"On 29 November 2024, Israeli helicopters fired at residential houses in west of Beit Lahiya town (North Gaza, Gaza Strip). Casualties unknown.",0,,1753956656
PSE64055,11/29/2024,2024,1,Political violence,Explosions/Remote violence,Air/drone strike,Military Forces of Israel (2022-),,8,Civilians (Palestine),Health Workers (Palestine),7,78,Civilian targeting,275,Middle East,Palestine,Gaza Strip,North Gaza,,Beit Lahiya - Al Mashroo,31.5433,34.4998,1,Palestine News and Information Agency; Quds News Network,National,"On 29 November 2024, an Israeli drone strike in the vicinity of Kamal Adwan Hospital in Beit Lahiya - Al Mashroo (North Gaza, Gaza Strip) killed the hospital's head of the intensive care unit. Israeli forces also exploded IED devices in houses in the same location (casualties unknown). At least one confirmed fatality coded.",1,,1753956656
PSE64066,11/29/2024,2024,1,Political violence,Explosions/Remote violence,Air/drone strike,Military Forces of Israel (2022-),,8,Civilians (Palestine),,7,78,Civilian targeting,275,Middle East,Palestine,Gaza Strip,Gaza City,,Gaza,31.5045,34.4743,1,Palestine News and Information Agency,National,"On 29 November 2024, Israeli warplanes targeted al Wahda Street in Gaza (Gaza City, Gaza Strip) killing 3 and injuring 5 others.",3,,1759790002
PSE64086,11/29/2024,2024,1,Political violence,Explosions/Remote violence,Air/drone strike,Military Forces of Israel (2022-),,8,Civilians (Palestine),,7,78,Civilian targeting,275,Middle East,Palestine,Gaza Strip,Gaza City,,Gaza - Sabra,31.5086,34.4493,1,Ma'an News Agency; Quds News Network,National,"On 29 November 2024, Israeli warplanes targeted a house in Gaza - Sabra (Gaza City, Gaza Strip). Casualties unknown.",0,,1759790002
PSE64095,11/29/2024,2024,1,Political violence,Explosions/Remote violence,Air/drone strike,Military Forces of Israel (2022-),,8,Civilians (Palestine),Refugees/IDPs (Palestine),7,78,Civilian targeting,275,Middle East,Palestine,Gaza Strip,Gaza City,,Gaza - Sheikh Radwan,31.5349,34.4667,1,Quds News Network,National,"On 29 November 2024, Israeli warplanes targeted a house sheltering IDPs in Gaza - Sheikh Radwan (Gaza City, Gaza Strip) killing 9 people and injuring others.",9,,1759790002
PSE64116,11/29/2024,2024,1,Political violence,Explosions/Remote violence,Air/drone strike,Military Forces of Israel (2022-),,8,Civilians (Palestine),,7,78,Civilian targeting,275,Middle East,Palestine,Gaza Strip,Gaza City,,Gaza - Tal el Hawa,31.5041,34.435,1,Ma'an News Agency; Palestine News and Information Agency,National,"On 29 November 2024, Israeli warplanes targeted a group of people in Gaza - Tal el Hawa (Gaza City, Gaza Strip) killing 4 and injuring others. On the same day, Israeli military, likely warplanes, targeted a group of people in the same location killing 2 and injuring many others. Total confirmed fatalities is 6.",6,,1759790002
PSE64164,11/29/2024,2024,1,Political violence,Explosions/Remote violence,Shelling/artillery/missile attack,Military Forces of Israel (2022-),,8,Civilians (Palestine),,7,78,Civilian targeting,275,Middle East,Palestine,Gaza Strip,North Gaza,,Sheikh Zaid,31.5392,34.5117,1,Liveuamap; Quds News Network,Local partner-New media,"On 29 November 2024, Israeli artillery targeted Sheikh Zaid (North Gaza, Gaza Strip) killing 3 and injuring others.",3,,1759790002
PSE64175,11/29/2024,2024,1,Political violence,Explosions/Remote violence,Air/drone strike,Military Forces of Israel (2022-),,8,Civilians (Palestine),,7,78,Civilian targeting,275,Middle East,Palestine,Gaza Strip,Rafah,,Rafah,31.287,34.2595,1,Newpress; Twitter,New media-National,"On 29 November 2024, Israeli warplanes targeted a house in Rafah city (Rafah, Gaza Strip) near a UNRWA distribution centre. Casualties unknown.",0,,1762829569
PSE64583,11/30/2024,2024,1,Political violence,Explosions/Remote violence,Air/drone strike,Military Forces of Israel (2022-),,8,Civilians (Palestine),,7,78,Civilian targeting,275,Middle East,Palestine,Gaza Strip,Gaza City,,Gaza - Northern Remal,31.524,34.4505,2,Palestine News and Information Agency; Quds News Network,National,"On 30 November 2024, Israeli warplanes struck a house in Al Remal, coded to Gaza - Northern Remal (Gaza City, Gaza Strip), killing 7 Palestinians and leaving missing people. Fatalities coded at least 7.",7,,1759790002
PSE64585,11/30/2024,2024,1,Political violence,Explosions/Remote violence,Air/drone strike,Military Forces of Israel (2022-),,8,Civilians (Palestine),Aid Workers (International); Aid Workers (Palestine); Hamas Movement; Save the Children,7,78,Civilian targeting,275,Middle East,Palestine,Gaza Strip,Khan Yunis,,Khan Yunis - As Sater,31.3637,34.3228,1,Israeli Defense Forces; Joe Truzman; Palestine News and Information Agency; Quds News Network; Twitter; UNSC,Other-New media,"On 30 November 2024, Israeli warplanes struck a passing car belonging to the World Central Kitchen (WCK) and conducted airstrikes in the vicinity of a food distribution point on Salah al-Din Street in Khan Yunis - As Sater (Khan Yunis, Gaza Strip). At least 12 Palestinians, including a Save the Children employee were killed. 3 WCK staff members were also killed. The IDF announced that they targeted and killed a Hamas operative who participated in the October 7 attack and also worked for WCK.",15,,1761001384
PSE64587,11/30/2024,2024,1,Political violence,Explosions/Remote violence,Air/drone strike,Military Forces of Israel (2022-),,8,Civilians (Palestine),,7,78,Civilian targeting,275,Middle East,Palestine,Gaza Strip,North Gaza,,Beit Lahiya,31.5541,34.5016,1,Newpress; Palestine News and Information Agency; Quds News Network,National,"On 30 November 2024, Israeli warplanes targeted a house in the Kanan Tourist village in Beit Lahiya (North Gaza, Gaza Strip), killing at least 3 persons (a woman and her 2 daughters).",3,,1753956656
PSE64591,11/30/2024,2024,1,Political violence,Explosions/Remote violence,Air/drone strike,Military Forces of Israel (2022-),,8,Civilians (Palestine),,7,78,Civilian targeting,275,Middle East,Palestine,Gaza Strip,Gaza City,,Gaza - Nasr,31.534,34.4574,1,Palestine News and Information Agency,National,"On 30 November 2024, Israeli warplanes struck a house near the Italian complex in Gaza - Nasr (Gaza City, Gaza Strip), killing 3 Palestinians.",3,,1753956656
PSE64592,11/30/2024,2024,1,Political violence,Explosions/Remote violence,Air/drone strike,Military Forces of Israel (2022-),,8,Civilians (Palestine),Refugees/IDPs (Palestine),7,78,Civilian targeting,275,Middle East,Palestine,Gaza Strip,Deir El Balah,,An Nusayrat,31.4486,34.3925,1,Newpress; Palestine News and Information Agency; Quds News Network,National,"On 30 November 2024, Israeli warplanes struck a house in An Nusayrat Camp (Deir El Balah, Gaza Strip), killing 6 Palestinians.",6,,1753956656
PSE64595,11/30/2024,2024,1,Political violence,Explosions/Remote violence,Air/drone strike,Military Forces of Israel (2022-),,8,Civilians (Palestine),Labor Group (Palestine); Refugees/IDPs (Palestine),7,78,Civilian targeting,275,Middle East,Palestine,Gaza Strip,North Gaza,,Jabalya Camp,31.536,34.4907,1,Quds News Network,National,"On 30 November 2024, Israeli warplanes carried out a strike near Khadamat Jabalya in Jabalya Camp (North Gaza, Gaza Strip) and a Civil Defense officer was killed in Jabalya Camp. Total fatalities coded at least 1.",1,,1753956656
PSE64600,11/30/2024,2024,1,Political violence,Explosions/Remote violence,Air/drone strike,Military Forces of Israel (2022-),,8,Civilians (Palestine),,7,78,Civilian targeting,275,Middle East,Palestine,Gaza Strip,Deir El Balah,,Al Musaddar,31.4105,34.378,1,Arab 48; Quds News Network,National,"On 30 November 2024, Israeli warplanes targeted 2 houses in Al Musaddar (Deir El Balah, Gaza Strip). Casualties unknown.",0,,1765850627
PSE64602,11/30/2024,2024,1,Political violence,Explosions/Remote violence,Shelling/artillery/missile attack,Military Forces of Israel (2022-),,8,Civilians (Palestine),,7,78,Civilian targeting,275,Middle East,Palestine,Gaza Strip,Deir El Balah,,An Nusayrat - North,31.4591,34.3923,1,Quds News Network,National,"On 30 November 2024, Israeli artillery shelled the Al Mufti area in An Nusayrat - North (Deir El Balah, Gaza Strip), leaving injuries.",0,,1753956656
PSE64604,11/30/2024,2024,1,Political violence,Explosions/Remote violence,Air/drone strike,Military Forces of Israel (2022-),,8,Civilians (Palestine),,7,78,Civilian targeting,275,Middle East,Palestine,Gaza Strip,Gaza City,,Gaza - Shujaiyya,31.4988,34.4699,1,Newpress; Quds News Network,National,"On 30 November 2024, Israeli warplanes struck a house at Baghdad Street in Gaza - Shujaiyya (Gaza City, Gaza Strip), killing a girl and injuring a number of Palestinians including women and children.",1,,1759790002
PSE64605,11/30/2024,2024,1,Political violence,Explosions/Remote violence,Shelling/artillery/missile attack,Military Forces of Israel (2022-),,8,Civilians (Palestine),Refugees/IDPs (Palestine),7,78,Civilian targeting,275,Middle East,Palestine,Gaza Strip,Deir El Balah,,Al Burayj,31.4394,34.4031,1,Quds News Network,National,"On 30 November 2024, Israeli artillery targeted a house with a shell in Al Burayj Camp (Deir El Balah, Gaza Strip), leaving fatalities [unspecified number of fatalities coded as 3].",3,,1753956656
PSE64608,11/30/2024,2024,1,Political violence,Explosions/Remote violence,Air/drone strike,Military Forces of Israel (2022-),,8,Civilians (Palestine),,7,78,Civilian targeting,275,Middle East,Palestine,Gaza Strip,Gaza City,,Gaza - Sheikh Radwan,31.5349,34.4667,2,Quds News Network,National,"On 30 November 2024, Israeli forces (likely warplanes) targeted land in Al Zarqa area north of Gaza City, coded to Gaza - Sheikh Radwan (Gaza City, Gaza Strip), killing a Palestinian.",1,,1759790002
PSE64584,11/30/2024,2024,1,Political violence,Explosions/Remote violence,Air/drone strike,Military Forces of Israel (2022-),,8,Civilians (Palestine),,7,78,Civilian targeting,275,Middle East,Palestine,Gaza Strip,North Gaza,,Jabalya,31.5272,34.4835,1,Ma'an News Agency; Palestine News and Information Agency,National,"On 30 November 2024, an Israeli UAV struck and killed a Palestinian in Jabalya Al Nazlah in Jabalya town (North Gaza, Gaza Strip). Also, 3 Palestinians were killed in an airstrike that targeted a gathering in Jabalya town. Total confirmed fatalities were 4.",4,,1759790002
PSE64588,11/30/2024,2024,1,Political violence,Explosions/Remote violence,Air/drone strike,Military Forces of Israel (2022-),,8,Civilians (Palestine),Journalists (Palestine),7,78,Civilian targeting,275,Middle East,Palestine,Gaza Strip,Gaza City,,Gaza - Az Zaytun,31.4964,34.4522,1,Palestine News and Information Agency,National,"On 30 November 2024, an Israeli quad-copter drone opened fire on Palestinians present in the courtyard of Al Maamadani Hospital in Gaza - Az Zaytun (Gaza City, Gaza Strip), killing a Palestinian journalist.",1,,1759790002
PSE64589,11/30/2024,2024,1,Political violence,Explosions/Remote violence,Air/drone strike,Military Forces of Israel (2022-),,8,Civilians (Palestine),,7,78,Civilian targeting,275,Middle East,Palestine,Gaza Strip,North Gaza,,Jabalya - Tel-Zaatar,31.5367,34.5035,1,Palestine News and Information Agency; Quds News Network,National,"On 30 November 2024, Israeli warplanes struck a residential building sheltering displaced people in Jabalya - Tel-Zaatar (North Gaza, Gaza Strip), killing at least 40 Palestinians including women and children.",40,,1759790002
PSE64586,11/30/2024,2024,1,Political violence,Explosions/Remote violence,Air/drone strike,Military Forces of Israel (2022-),,8,Civilians (Palestine),Aid Workers (International); Save the Children,7,78,Civilian targeting,275,Middle East,Palestine,Gaza Strip,Khan Yunis,,Qizan an Najjar,31.323,34.2761,1,Palestine News and Information Agency; Quds News Network; UNSC,Other-National,"On 30 November 2024, Israeli warplanes targeted a vehicle and a gathering while they were receiving flour in Qizan an Najjar (Khan Yunis, Gaza Strip), killing 12 Palestinians including a Save the Children employee and injuring others. This event involved violence over aid.",12,,1757377137
PSE76508,11/30/2024,2024,1,Political violence,Explosions/Remote violence,Air/drone strike,Unidentified Armed Group (Palestine),,3,Civilians (Palestine),,7,37,Civilian targeting,275,Middle East,Palestine,Gaza Strip,North Gaza,,Beit Lahiya,31.5541,34.5016,1,Aid Worker Security Database,Local partner-Other,"On 30 November 2024, one aid worker (likely aid security committees) was killed during an IDF airstrike in Beit Lahiyaa (North Gaza, Gaza Strip). This event involved violence over aid.",1,,1756156113
