event_id_cnty,event_date,year,time_precision,disorder_type,event_type,sub_event_type,actor1,assoc_actor_1,inter1,actor2,assoc_actor_2,inter2,interaction,civilian_targeting,iso,region,country,admin1,admin2,admin3,location,latitude,longitude,geo_precision,source,source_scale,notes,fatalities,tags,timestamp
PSE41817,12/1/2023,2023,1,Political violence,Explosions/Remote violence,Shelling/artillery/missile attack,Military Forces of Israel (2022-),,8,Civilians (Palestine),Health Workers (Palestine),7,78,Civilian targeting,275,Middle East,Palestine,Gaza Strip,Gaza City,,Gaza - Northern Remal,31.524,34.4505,2,Palestine News and Information Agency; Quds News Network; Twitter,New media-National,"On 1 December 2023, Israeli artillery struck houses west of Gaza City (coded to Gaza - Northern Remal) (Gaza City, Gaza Strip). Also, 2 Palestinian paramedic were killed on the outskirts of al-Shifa Hospital after targeting ambulances.",2,,1759789988
PSE41818,12/1/2023,2023,1,Political violence,Explosions/Remote violence,Air/drone strike,Military Forces of Israel (2022-),,8,Civilians (Palestine),,7,78,Civilian targeting,275,Middle East,Palestine,Gaza Strip,Khan Yunis,,Abasan al Kabirah,31.3191,34.3401,1,Palestine News and Information Agency; Quds News Network; Twitter,New media-National,"On 1 December 2023, Israeli warplanes struck targets and houses in Abasan al Kabirah (Khan Yunis, Gaza Strip). Several persons were injured.",0,,1753954979
PSE41821,12/1/2023,2023,1,Political violence,Explosions/Remote violence,Air/drone strike,Military Forces of Israel (2022-),,8,Civilians (Palestine),Journalists (Palestine),7,78,Civilian targeting,275,Middle East,Palestine,Gaza Strip,Gaza City,,Gaza - Ad Darraj,31.5172,34.4642,1,Al Jazeera; Guardian (United Kingdom); International Federation of Journalists; Newpress; Palestine News and Information Agency; Twitter,Other-New media,"On 1 December 2023, Israeli warplanes struck al-Shawwa Square in Gaza - Ad Darraj (Gaza City, Gaza Strip), leaving an unspecified number of fatalities and injuries and killing 2 Palestinian journalists (siblings). Fatalities coded as 10.",10,,1759789988
PSE41826,12/1/2023,2023,1,Political violence,Explosions/Remote violence,Air/drone strike,Military Forces of Israel (2022-),,8,Civilians (Palestine),,7,78,Civilian targeting,275,Middle East,Palestine,Gaza Strip,Khan Yunis,,Bani Suheila,31.3424,34.325,1,Palestine News and Information Agency; Quds News Network; Twitter,New media-National,"On 1 December 2023, Israeli warplanes struck a house in Bani Suheila (Khan Yunis, Gaza Strip), killing a Palestinian and injuring several of others.",1,,1753954979
PSE41842,12/1/2023,2023,1,Political violence,Explosions/Remote violence,Air/drone strike,Military Forces of Israel (2022-),,8,Civilians (Palestine),,7,78,Civilian targeting,275,Middle East,Palestine,Gaza Strip,Khan Yunis,,Khan Yunis - Al Amal,31.3544,34.3007,1,Newpress; Palestine News and Information Agency; Quds News Network; Twitter,New media-National,"On 1 December 2023, Israeli warplanes struck targets and a house in Khan Yunis - Al Amal (Khan Yunis, Gaza Strip). Several persons were injured.",0,,1753954979
PSE41843,12/1/2023,2023,1,Political violence,Explosions/Remote violence,Air/drone strike,Military Forces of Israel (2022-),,8,Civilians (Palestine),Muslim Group (Palestine),7,78,Civilian targeting,275,Middle East,Palestine,Gaza Strip,Khan Yunis,,Khan Yunis - City Centre,31.3419,34.3015,1,Newpress; Palestine News and Information Agency; Quds News Network; Twitter,New media-National,"On 1 December 2023, Israeli warplanes struck and destroyed a mosque in Khan Yunis - City Centre (Khan Yunis, Gaza Strip). 9 persons were injured.",0,,1753954979
PSE41847,12/1/2023,2023,1,Political violence,Explosions/Remote violence,Air/drone strike,Military Forces of Israel (2022-),,8,Civilians (Palestine),Refugees/IDPs (Palestine),7,78,Civilian targeting,275,Middle East,Palestine,Gaza Strip,Khan Yunis,,Khan Yunis - West (Municipal Stadium),31.3484,34.2961,2,Newpress; Twitter,New media-National,"On 1 December 2023, Israeli warplanes struck houses in Khan Yunis refugee camp, west of Khan Yunis in the area of Khan Yunis - West (Municipal Stadium) (Gaza Strip). Casualties unknown.",0,,1753954979
PSE41849,12/1/2023,2023,1,Political violence,Explosions/Remote violence,Air/drone strike,Military Forces of Israel (2022-),,8,Civilians (Palestine),,7,78,Civilian targeting,275,Middle East,Palestine,Gaza Strip,Gaza City,,Gaza - Sheikh Radwan,31.5349,34.4667,1,Newpress; Palestine News and Information Agency; Quds News Network; Twitter,New media-National,"On 1 December 2023, Israeli warplanes struck targets near a school hosting displaced people in Gaza - Sheikh Radwan area (Gaza City, Gaza Strip). Meanwhile, the tanks struck targets and houses in the area, leaving an unspecified number of fatalities, coded as 10.",10,,1759789988
PSE41851,12/1/2023,2023,1,Political violence,Explosions/Remote violence,Air/drone strike,Military Forces of Israel (2022-),,8,Civilians (Palestine),Journalists (Palestine),7,78,Civilian targeting,275,Middle East,Palestine,Gaza Strip,Gaza City,,Gaza - Shujaiyya,31.4988,34.4699,1,Guardian (United Kingdom); International Federation of Journalists; Newpress; Palestine News and Information Agency; Quds News Network; Twitter,Other-New media,"On 1 December 2023, Israeli warplanes struck houses and targets in Gaza - Shujaiyya (Gaza City, Gaza Strip), killing 15 persons, including children and women and a journalist.",15,,1759789988
PSE42078,12/1/2023,2023,1,Political violence,Violence against civilians,Attack,Military Forces of Israel (2022-),,8,Civilians (Palestine),,7,78,Civilian targeting,275,Middle East,Palestine,Gaza Strip,Gaza City,,Gaza - Northern Remal,31.524,34.4505,2,Palestine News and Information Agency,National,"On 1 December 2023, Israeli troops opened fire and killed 2 Palestinian brothers near the Msallam pharmacy at al-Jalaa street east of Gaza - Northern Remal (Gaza City, Gaza Strip).",2,,1759789988
PSE41814,12/1/2023,2023,1,Political violence,Explosions/Remote violence,Air/drone strike,Military Forces of Israel (2022-),,8,Civilians (Palestine),Refugees/IDPs (Palestine),7,78,Civilian targeting,275,Middle East,Palestine,Gaza Strip,Deir El Balah,,Al Maghazi,31.4214,34.3865,1,Newpress; Palestine News and Information Agency; Quds News Network; Twitter,New media-National,"On 1 December 2023, Israeli warplanes struck targets in Al Maghazi refugee camp (Deir El Balah, Gaza Strip), killing 10 Palestinians and injuring several of others. Also, 3 Palestinians were killed in a separate airstrike on the same area, raising total fatalities to 13.",13,,1753954979
PSE41815,12/1/2023,2023,1,Political violence,Explosions/Remote violence,Air/drone strike,Military Forces of Israel (2022-),,8,Civilians (Palestine),Refugees/IDPs (Palestine),7,78,Civilian targeting,275,Middle East,Palestine,Gaza Strip,Deir El Balah,,An Nusayrat,31.4486,34.3925,1,Newpress; Palestine News and Information Agency; Twitter,New media-National,"On 1 December 2023, Israeli warplanes struck targets and houses in An Nusayrat refugee camp (Deir El Balah, Gaza Strip), leaving an unspecified number of fatalities and injuries, likely civilians. Also, the artillery struck targets in the area. Fatalities coded as 10.",10,,1753954979
PSE41816,12/1/2023,2023,1,Political violence,Explosions/Remote violence,Air/drone strike,Military Forces of Israel (2022-),,8,Civilians (Palestine),Refugees/IDPs (Palestine),7,78,Civilian targeting,275,Middle East,Palestine,Gaza Strip,Deir El Balah,,Al Burayj,31.4394,34.4031,1,Palestine News and Information Agency,National,"On 1 December 2023, Israeli warplanes struck targets and houses in Al Burayj refugee camp (Deir El Balah, Gaza Strip), leaving an unspecified number of fatalities and injuries, likely civilians. Also, the artillery struck targets in the area. Fatalities coded as 10.",10,,1753954979
PSE41829,12/1/2023,2023,1,Political violence,Explosions/Remote violence,Air/drone strike,Military Forces of Israel (2022-),,8,Civilians (Palestine),,7,78,Civilian targeting,275,Middle East,Palestine,Gaza Strip,Khan Yunis,,Hamad,31.3749,34.3193,1,Palestine News and Information Agency; Quds News Network; Twitter,New media-National,"On 1 December 2023, Israeli warplanes struck apartments in Hamad city (Khan Yunis, Gaza Strip), killing 2 Palestinians and injuring several of others.",2,,1753954979
PSE41855,12/1/2023,2023,1,Political violence,Explosions/Remote violence,Air/drone strike,Military Forces of Israel (2022-),,8,Civilians (Palestine),,7,78,Civilian targeting,275,Middle East,Palestine,Gaza Strip,Deir El Balah,,Deir al Balah,31.4178,34.3503,1,Quds News Network; Twitter,New media-National,"On 1 December 2023, Israeli warplanes struck a house and an apartment in al-Qastal towers in Deir al Balah (Deir El Balah, Gaza Strip). 6 persons were killed.",6,,1753954979
PSE41858,12/1/2023,2023,1,Political violence,Explosions/Remote violence,Air/drone strike,Military Forces of Israel (2022-),,8,Civilians (Palestine),,7,78,Civilian targeting,275,Middle East,Palestine,Gaza Strip,Deir El Balah,,Al Burayj,31.4394,34.4031,2,Quds News Network; Twitter,New media-National,"On 1 December 2023, Israeli warplanes struck 2 houses east of Al Burayj (Deir El Balah, Gaza Strip). Casualties unknown.",0,,1753954979
PSE41833,12/1/2023,2023,1,Political violence,Explosions/Remote violence,Air/drone strike,Military Forces of Israel (2022-),,8,Civilians (Palestine),,7,78,Civilian targeting,275,Middle East,Palestine,Gaza Strip,North Gaza,,Beit Lahiya,31.5541,34.5016,1,Newpress; Palestine News and Information Agency; Quds News Network; Twitter,New media-National,"On 1 December 2023, Israeli warplanes struck a house on the outskirts of Kamal Odwan Hospital in Beit Lahiya (North Gaza, Gaza Strip), leaving an unspecified number of fatalities and injuries. Meanwhile, the tanks struck several targets in the area, leaving a number of injuries. Fatalities coded as 10.",10,,1753954979
PSE41860,12/1/2023,2023,1,Political violence,Explosions/Remote violence,Air/drone strike,Military Forces of Israel (2022-),,8,Civilians (Palestine),,7,78,Civilian targeting,275,Middle East,Palestine,Gaza Strip,North Gaza,,Beit Lahiya - Al Mashroo,31.5433,34.4998,1,Quds News Network; Twitter,New media-National,"On 1 December 2023, Israeli warplanes struck a residential area in Beit Lahiya - Al Mashroo (North Gaza, Gaza Strip). Casualties unknown.",0,,1753954979
PSE41813,12/1/2023,2023,1,Political violence,Explosions/Remote violence,Air/drone strike,Military Forces of Israel (2022-),,8,Civilians (Palestine),,7,78,Civilian targeting,275,Middle East,Palestine,Gaza Strip,Rafah,,Tal as Sultan,31.3098,34.2414,2,Palestine News and Information Agency,National,"On 1 December 2023, Israeli warplanes struck a house west of Rafah, in Tal as Sultan (Rafah, Gaza Strip), killing a Palestinian and injuring several of others.",1,,1762829569
PSE41836,12/1/2023,2023,1,Political violence,Explosions/Remote violence,Air/drone strike,Military Forces of Israel (2022-),,8,Civilians (Palestine),Refugees/IDPs (Palestine); UNRWA: United Nations Relief and Works Agency,7,78,Civilian targeting,275,Middle East,Palestine,Gaza Strip,North Gaza,,Jabalya Camp,31.536,34.4907,1,Liveuamap; Newpress; Palestine News and Information Agency; Twitter,Local partner-New media,"On 1 December 2023, Israeli warplanes struck targets and houses in Mukhayyam Jabalya camp (North Gaza, Gaza Strip), killing 5 persons and injuring dozens. Also a number of Palestinians were injured after targeting an UNRWA school hosting refugees.",5,,1753954979
PSE41831,12/1/2023,2023,1,Political violence,Explosions/Remote violence,Air/drone strike,Military Forces of Israel (2022-),,8,Civilians (Palestine),,7,78,Civilian targeting,275,Middle East,Palestine,Gaza Strip,Gaza City,,Gaza - Ash Shati' Camp,31.5349,34.4466,2,Newpress; Palestine News and Information Agency; Twitter,New media-National,"On 1 December 2023, Israeli warplanes struck a house northwest of Gaza City (coded to Gaza - Ash Shati' Camp) (Gaza City, Gaza Strip). Meanwhile tanks and artillery struck targets in the area. Casualties unknown.",0,,1759789988
PSE42108,12/1/2023,2023,1,Political violence,Explosions/Remote violence,Air/drone strike,Military Forces of Israel (2022-),,8,Civilians (Palestine),Journalists (Palestine),7,78,Civilian targeting,275,Middle East,Palestine,Gaza Strip,Gaza City,,Gaza,31.5045,34.4743,1,Guardian (United Kingdom); International Federation of Journalists; Palestine News and Information Agency; Quds News Network; Twitter,Other-New media,"On 1 December 2023, Israeli military forces opened fire at Palestinian residential areas in Gaza City (Gaza City, Gaza Strip). Meanwhile, warplanes and tanks struck several locations, leaving an unspecified number of fatalities and injuries. A Palestinian journalist was killed. Fatalities coded as 10.",10,,1759789988
PSE41838,12/1/2023,2023,1,Political violence,Explosions/Remote violence,Air/drone strike,Military Forces of Israel (2022-),,8,Civilians (Palestine),Refugees/IDPs (Palestine),7,78,Civilian targeting,275,Middle East,Palestine,Gaza Strip,Gaza City,,Gaza - Nezarim,31.484,34.4056,2,Palestine Information Center; Palestine News and Information Agency,Other-National,"On 1 December 2023, Israeli warplanes struck a group of displaced people who were raising white flags and fleeing toward the Salah al-Din street, presumably the Gaza - Nezarim area (Gaza City, Gaza Strip), killing 5 of them.",5,,1753954979
PSE41810,12/1/2023,2023,1,Political violence,Explosions/Remote violence,Air/drone strike,Military Forces of Israel (2022-),,8,Civilians (Palestine),,7,78,Civilian targeting,275,Middle East,Palestine,Gaza Strip,Gaza City,,Al Mughraqa,31.4675,34.4097,1,Ma'an News Agency; Palestine News and Information Agency,National,"On 1 December 2023, Israeli warplanes struck targets and a house in Al Mughraqa (Gaza City, Gaza Strip). A 16-year-old Palestinian was killed.",1,,1753954979
PSE41822,12/1/2023,2023,1,Political violence,Explosions/Remote violence,Air/drone strike,Military Forces of Israel (2022-),,8,Civilians (Palestine),Refugees/IDPs (Palestine),7,78,Civilian targeting,275,Middle East,Palestine,Gaza Strip,Rafah,,Yibna,31.2842,34.2482,1,Palestine News and Information Agency; Quds News Network; Twitter,New media-National,"On 1 December 2023, Israeli warplanes struck houses in Yibna refugee camp (Rafah, Gaza Strip). 9 Palestinians were killed.",9,,1753954979
PSE41830,12/1/2023,2023,1,Political violence,Explosions/Remote violence,Air/drone strike,Military Forces of Israel (2022-),,8,Civilians (Palestine),,7,78,Civilian targeting,275,Middle East,Palestine,Gaza Strip,Rafah,,Yibna,31.2842,34.2482,2,Newpress; Palestine News and Information Agency; PLO Negotiations Affairs Department; Quds News Network; Twitter,Other-New media,"On 1 December 2023, Israeli warplanes struck a house at George street east of Rafah (coded to Yibna, Gaza Strip), killing 10 persons including 5 children. Meanwhile, Israeli artillery struck targets in the area.",10,,1753954979
PSE41823,12/1/2023,2023,1,Political violence,Explosions/Remote violence,Air/drone strike,Military Forces of Israel (2022-),,8,Civilians (Palestine),,7,78,Civilian targeting,275,Middle East,Palestine,Gaza Strip,Gaza City,,Gaza - Az Zaytun,31.4964,34.4522,1,Palestine News and Information Agency; Quds News Network; Twitter,New media-National,"On 1 December 2023, Israeli warplanes struck houses and targets near al-Mamadani Hospital and in Gaza - Az Zaytun (Gaza City, Gaza Strip), killing 15 persons, including children and women.",15,,1759789988
PSE41853,12/1/2023,2023,1,Political violence,Explosions/Remote violence,Air/drone strike,Military Forces of Israel (2022-),,8,Civilians (Palestine),,7,78,Civilian targeting,275,Middle East,Palestine,Gaza Strip,Gaza City,,Gaza - Tal el Hawa,31.5041,34.435,1,Palestine News and Information Agency; Quds News Network; Twitter,New media-National,"On 1 December 2023, Israeli warplanes struck houses in Gaza - Tal el Hawa (Gaza City, Gaza Strip), leaving an unspecified number of fatalities and injuries. Fatalities coded as 10.",10,,1759789988
PSE41854,12/1/2023,2023,1,Political violence,Explosions/Remote violence,Air/drone strike,Military Forces of Israel (2022-),,8,Civilians (Palestine),,7,78,Civilian targeting,275,Middle East,Palestine,Gaza Strip,North Gaza,,Jabalya,31.5272,34.4835,1,Joe Truzman; Quds News Network; Twitter,New media-National,"On 1 December 2023, Israeli warplanes struck a house in Jabalya town (North Gaza, Gaza Strip). Also, warplanes struck a passing car in Al Saftawi area of Jabalya, leaving an unspecified number of fatalities, coded as 10.",10,,1759789988
PSE41812,12/1/2023,2023,1,Political violence,Explosions/Remote violence,Air/drone strike,Military Forces of Israel (2022-),,8,Civilians (Palestine),Refugees/IDPs (Palestine),7,78,Civilian targeting,275,Middle East,Palestine,Gaza Strip,Rafah,,Rafah,31.287,34.2595,1,Ma'an News Agency; Newpress; Palestine News and Information Agency; Quds News Network; Twitter,New media-National,"On 1 December 2023, Israeli warplanes struck houses in Rafah city and al-Shaboura refugee camp in the city (Rafah, Gaza Strip), killing 9 Palestinians and injuring several of others.",9,,1762829569
PSE41835,12/1/2023,2023,1,Political violence,Explosions/Remote violence,Air/drone strike,Military Forces of Israel (2022-),,8,Civilians (Palestine),Muslim Group (Palestine),7,78,Civilian targeting,275,Middle East,Palestine,Gaza Strip,Rafah,,Khirbet al Adas,31.2855,34.2714,1,Palestine News and Information Agency,National,"On 1 December 2023, Israeli warplanes struck al-Amin Mohammad mosque in Khirbet al Adas (Rafah, Gaza Strip). Casualties unknown.",0,,1753954979
PSE41863,12/1/2023,2023,1,Political violence,Explosions/Remote violence,Air/drone strike,Military Forces of Israel (2022-),,8,Civilians (Palestine),,7,78,Civilian targeting,275,Middle East,Palestine,Gaza Strip,Rafah,,As Salam,31.2678,34.2567,1,Al Ghad (Jordan),Regional,"On 1 December 2023, Israeli warplanes struck a house in As Salam (Rafah, Gaza Strip), killing a women and injuring a number of Palestinians.",1,,1753954979
PSE42225,12/2/2023,2023,1,Political violence,Explosions/Remote violence,Air/drone strike,Military Forces of Israel (2022-),,8,Civilians (Palestine),,7,78,Civilian targeting,275,Middle East,Palestine,Gaza Strip,Khan Yunis,,Al Qararah,31.3739,34.3409,1,Ma'an News Agency; Newpress; Palestine News and Information Agency; Quds News Network; Twitter,New media-National,"On 2 December 2023, Israeli warplanes struck 4 houses in Al Qararah (Khan Yunis, Gaza Strip), killing 10 Palestinians women and children. Also, dozens of Palestinians were killed and injured in an Israeli airstrike on the al-Abadleh house. Total fatalities coded as 16.",16,,1753954979
PSE42226,12/2/2023,2023,1,Political violence,Explosions/Remote violence,Air/drone strike,Military Forces of Israel (2022-),,8,Civilians (Palestine),Muslim Group (Palestine),7,78,Civilian targeting,275,Middle East,Palestine,Gaza Strip,Khan Yunis,,Al Qararah,31.3739,34.3409,2,Al-Ittihad; Al Ghad (Jordan); Ma'an News Agency; Palestine News and Information Agency,National-Regional,"On 2 December 2023, Israeli warplanes struck 3 mosques north of Al Qararah (Khan Yunis, Gaza Strip). Casualties unknown.",0,,1753954979
PSE42229,12/2/2023,2023,1,Political violence,Explosions/Remote violence,Air/drone strike,Military Forces of Israel (2022-),,8,Civilians (Palestine),,7,78,Civilian targeting,275,Middle East,Palestine,Gaza Strip,Khan Yunis,,Bani Suheila,31.3424,34.325,1,Palestine News and Information Agency,National,"On 2 December 2023, Israeli warplanes struck Palestinian houses in Bani Suheila (Khan Yunis, Gaza Strip), killing 4 Palestinians.",4,,1753954979
PSE42233,12/2/2023,2023,1,Political violence,Explosions/Remote violence,Air/drone strike,Military Forces of Israel (2022-),,8,Civilians (Palestine),,7,78,Civilian targeting,275,Middle East,Palestine,Gaza Strip,Gaza City,,Gaza,31.5045,34.4743,1,Newpress; Palestine News and Information Agency; Quds News Network; Twitter,New media-National,"On 2 December 2023, Israeli warplanes struck houses in al-Yarmouk neighborhood in Gaza City (Gaza city, Gaza Strip), leaving dozens of fatalities and injuries among Palestinians. Fatalities coded as 6.",6,,1759789988
PSE42234,12/2/2023,2023,1,Political violence,Explosions/Remote violence,Air/drone strike,Military Forces of Israel (2022-),,8,Civilians (Palestine),,7,78,Civilian targeting,275,Middle East,Palestine,Gaza Strip,Gaza City,,Gaza - At Tuffah,31.5134,34.4751,1,Palestine News and Information Agency,National,"On 2 December 2023, Israeli warplanes and artillery struck houses and targets in Gaza - At Tuffah (Gaza city, Gaza Strip), leaving dozens of fatalities and injuries among Palestinians. Fatalities coded as 6.",6,,1759789988
PSE42239,12/2/2023,2023,1,Political violence,Explosions/Remote violence,Air/drone strike,Military Forces of Israel (2022-),,8,Civilians (Palestine),,7,78,Civilian targeting,275,Middle East,Palestine,Gaza Strip,Gaza City,,Gaza - Sheikh Radwan,31.5349,34.4667,1,Palestine News and Information Agency,National,"On 2 December 2023, Israeli warplanes and artillery struck houses in Gaza - Sheikh Radwan (Gaza City, Gaza Strip), leaving dozens of fatalities and injuries among Palestinians. Fatalities coded as 6.",6,,1759789988
PSE42240,12/2/2023,2023,1,Political violence,Explosions/Remote violence,Air/drone strike,Military Forces of Israel (2022-),,8,Civilians (Palestine),,7,78,Civilian targeting,275,Middle East,Palestine,Gaza Strip,Gaza City,,Gaza - Sheikh Radwan,31.5349,34.4667,2,Newpress; Palestine News and Information Agency; Quds News Network; Twitter,New media-National,"On 2 December 2023, Israeli warplanes struck a residential building in al-Saftawi and al-Jala street, north of Gaza city, Gaza - Sheikh Radwan (Gaza City, Gaza Strip), leaving dozens of fatalities and injuries among Palestinians. Meanwhile, the artillery targeted houses in the area. Fatalities coded as 6.",6,,1759789988
PSE42247,12/2/2023,2023,1,Political violence,Explosions/Remote violence,Air/drone strike,Military Forces of Israel (2022-),,8,Civilians (Palestine),,7,78,Civilian targeting,275,Middle East,Palestine,Gaza Strip,Khan Yunis,,Khan Yunis,31.3502,34.3081,1,Ma'an News Agency; Newpress; Palestine News and Information Agency; Twitter,New media-National,"On 2 December 2023, Israeli warplanes carried airstrikes in Khan Yunis city (Khan Yunis, Gaza Strip), leaving dozens of fatalities and injuries, including women and children. Fatalities coded as 6. Also, 3 children were killed and 12 persons were injured. Total fatalities coded as 9.",9,,1753954979
PSE42248,12/2/2023,2023,1,Political violence,Explosions/Remote violence,Air/drone strike,Military Forces of Israel (2022-),,8,Civilians (Palestine),Muslim Group (Palestine),7,78,Civilian targeting,275,Middle East,Palestine,Gaza Strip,Khan Yunis,,Khan Yunis - As Sater,31.3637,34.3228,1,Ma'an News Agency; Newpress; Palestine News and Information Agency; Quds News Network; Twitter,New media-National,"On 2 December 2023, Israeli warplanes struck Abdallah Azzam and al-Nour mosques, a house and a kindergarten in Khan Yunis - As Sater (Khan Yunis, Gaza Strip). Casualties unknown.",0,,1753954979
PSE42222,12/2/2023,2023,1,Political violence,Explosions/Remote violence,Air/drone strike,Military Forces of Israel (2022-),,8,Civilians (Palestine),Refugees/IDPs (Palestine),7,78,Civilian targeting,275,Middle East,Palestine,Gaza Strip,Deir El Balah,,Al Burayj,31.4394,34.4031,1,Arab 48,National,"On 2 December 2023, Israeli warplanes struck a house in Al Burayj refugee camp (Deir El Balah, Gaza Strip), killing 7 Palestinians, including children and women.",7,,1753954979
PSE42223,12/2/2023,2023,1,Political violence,Explosions/Remote violence,Air/drone strike,Military Forces of Israel (2022-),,8,Civilians (Palestine),Labor Group (Palestine); Refugees/IDPs (Palestine),7,78,Civilian targeting,275,Middle East,Palestine,Gaza Strip,Deir El Balah,,Al Maghazi,31.4214,34.3865,1,Newpress; Palestine News and Information Agency; Quds News Network; Twitter,New media-National,"On 2 December 2023, Israeli warplanes struck houses and civil defense staff in Al Maghazi refugee camp (Deir El Balah, Gaza Strip) injuring a number of Palestinians.",0,,1753954979
PSE42227,12/2/2023,2023,1,Political violence,Explosions/Remote violence,Air/drone strike,Military Forces of Israel (2022-),,8,Civilians (Palestine),Refugees/IDPs (Palestine),7,78,Civilian targeting,275,Middle East,Palestine,Gaza Strip,Deir El Balah,,An Nusayrat,31.4486,34.3925,1,Arab 48; Liveuamap; Newpress; Palestine News and Information Agency; Quds News Network; Twitter,Local partner-New media,"On 2 December 2023, Israeli warplanes struck houses in An Nusayrat refugee camp (Deir El Balah, Gaza Strip), killing at least 13 Palestinians and injuring dozens of others. Other reports suggest at least 15 Palestinians were killed. Fatalities coded as 13.",13,,1753954979
PSE42232,12/2/2023,2023,1,Political violence,Explosions/Remote violence,Air/drone strike,Military Forces of Israel (2022-),,8,Civilians (Palestine),Muslim Group (Palestine); Refugees/IDPs (Palestine),7,78,Civilian targeting,275,Middle East,Palestine,Gaza Strip,Deir El Balah,,Deir al Balah,31.4178,34.3503,1,Newpress; Palestine News and Information Agency; Quds News Network; Twitter,New media-National,"On 2 December 2023, Israeli warplanes struck a Hikmah mosque and houses in Deir al Balah city (Deir El Balah, Gaza Strip), killing 9 persons and injuring several of others. Meanwhile, the artillery targeted displaced people in a school, injuring them.",9,,1753954979
PSE42244,12/2/2023,2023,1,Political violence,Explosions/Remote violence,Air/drone strike,Military Forces of Israel (2022-),,8,Civilians (Palestine),,7,78,Civilian targeting,275,Middle East,Palestine,Gaza Strip,Khan Yunis,,Hamad,31.3749,34.3193,1,Liveuamap; Palestine News and Information Agency; Quds News Network; Twitter,Local partner-New media,"On 2 December 2023, Israeli warplanes struck residential buildings in Hamad city (Khan Yunis, Gaza Strip), killing dozens of Palestinians and injuring several of others. Fatalities coded as 12.",12,,1753954979
PSE42230,12/2/2023,2023,1,Political violence,Explosions/Remote violence,Air/drone strike,Military Forces of Israel (2022-),,8,Civilians (Palestine),,7,78,Civilian targeting,275,Middle East,Palestine,Gaza Strip,North Gaza,,Beit Lahiya,31.5541,34.5016,1,Newpress; Palestine News and Information Agency; Quds News Network; Twitter,New media-National,"On 2 December 2023, Israeli warplanes carried out airstrikes on the outskirts of Kamal Odwan Hospital and struck houses in Beit Lahiya (North Gaza, Gaza Strip), leaving dozens of fatalities and injuries among Palestinians. Fatalities coded as 6.",6,,1753954979
PSE42231,12/2/2023,2023,1,Political violence,Explosions/Remote violence,Air/drone strike,Military Forces of Israel (2022-),,8,Civilians (Palestine),,7,78,Civilian targeting,275,Middle East,Palestine,Gaza Strip,North Gaza,,Beit Lahiya - Al Mashroo,31.5433,34.4998,1,Palestine News and Information Agency; Quds News Network; Twitter,New media-National,"On 2 December 2023, Israeli warplanes struck a residential building in Beit Lahiya - Al Mashroo (North Gaza, Gaza Strip), leaving dozens of fatalities and injuries among Palestinians. Fatalities coded as 6.",6,,1753954979
PSE42238,12/2/2023,2023,1,Political violence,Violence against civilians,Attack,Military Forces of Israel (2022-),,8,Civilians (Palestine),Health Workers (Palestine),7,78,Civilian targeting,275,Middle East,Palestine,Gaza Strip,Gaza City,,Gaza - Sabra,31.5086,34.4493,1,Arab 48; Quds News Network; Twitter,New media-National,"On 2 December 2023, Israeli military forces opened fire at Palestinian ambulances in Gaza - Sabra (Gaza City, Gaza Strip). Casualties unknown.",0,,1759789988
PSE42237,12/2/2023,2023,1,Political violence,Explosions/Remote violence,Air/drone strike,Military Forces of Israel (2022-),,8,Civilians (Palestine),,7,78,Civilian targeting,275,Middle East,Palestine,Gaza Strip,Gaza City,,Gaza - Sabra,31.5086,34.4493,1,Arab 48; Palestine News and Information Agency; Quds News Network; Twitter,New media-National,"On 2 December 2023, Israeli warplanes and artillery struck houses and targets in Gaza - Sabra (Gaza city, Gaza Strip), leaving dozens of fatalities and injuries among Palestinians. Fatalities coded as 6.",6,,1759789988
PSE42249,12/2/2023,2023,1,Political violence,Explosions/Remote violence,Air/drone strike,Military Forces of Israel (2022-),,8,Civilians (Palestine),,7,78,Civilian targeting,275,Middle East,Palestine,Gaza Strip,Khan Yunis,,Khan Yunis - Ash Sheikh Naser,31.3398,34.3116,1,Liveuamap; Palestine News and Information Agency,Local partner-New media,"On 2 December 2023, Israeli warplanes struck Palestinian houses in Khan Yunis - Ash Sheikh Naser (Khan Yunis, Gaza Strip). Casualties unknown.",0,,1753954979
PSE42250,12/2/2023,2023,1,Political violence,Explosions/Remote violence,Air/drone strike,Military Forces of Israel (2022-),,8,Civilians (Palestine),Refugees/IDPs (Palestine),7,78,Civilian targeting,275,Middle East,Palestine,Gaza Strip,North Gaza,,Jabalya Camp,31.536,34.4907,1,Al Ghad (Jordan); Liveuamap; Ma'an News Agency; Newpress; Palestine Information Center; Palestine News and Information Agency; Quds News Network; Twitter,Local partner-New media,"On 2 December 2023, Israeli warplanes struck a residential building and houses in Mukhayyam Jabalya camp (North Gaza, Gaza Strip), killing at least 100 persons and injuring several of Palestinians. Also, 6 persons were killed, and another 20 were injured in a separate airstrike near Temraz station, raising total fatalities to at least 106 persons.",106,,1753954979
PSE42236,12/2/2023,2023,1,Political violence,Explosions/Remote violence,Air/drone strike,Military Forces of Israel (2022-),,8,Civilians (Palestine),,7,78,Civilian targeting,275,Middle East,Palestine,Gaza Strip,Gaza City,,Gaza - Ash Shati' Camp,31.5349,34.4466,2,Palestine News and Information Agency,National,"On 2 December 2023, Israeli warplanes struck houses in Al Tuam area northwest of Gaza City, Gaza - Ash Shati' Camp area (Gaza City, Gaza Strip). Casualties unknown.",0,,1759789988
PSE42224,12/2/2023,2023,1,Political violence,Explosions/Remote violence,Air/drone strike,Military Forces of Israel (2022-),,8,Civilians (Palestine),,7,78,Civilian targeting,275,Middle East,Palestine,Gaza Strip,Gaza City,,Al Mughraqa,31.4675,34.4097,1,Newpress; Twitter,New media-National,"On 2 December 2023, Israeli warplanes carried out airstrikes in Al Mughraqa (Gaza City, Gaza Strip), killing 2 civilians.",2,,1753954979
PSE42251,12/2/2023,2023,1,Political violence,Explosions/Remote violence,Air/drone strike,Military Forces of Israel (2022-),,8,Civilians (Palestine),,7,78,Civilian targeting,275,Middle East,Palestine,Gaza Strip,Rafah,,Yibna,31.2842,34.2482,2,Newpress; Palestine News and Information Agency; Quds News Network; Twitter,New media-National,"On 2 December 2023, Israeli artillery shelled targets east of Rafah (coded to Yibna, Gaza Strip). Also, warplanes struck a house in Al Junianah area east of Rafah, killing 7 persons.",7,,1753954979
PSE42235,12/2/2023,2023,1,Political violence,Explosions/Remote violence,Air/drone strike,Military Forces of Israel (2022-),,8,Civilians (Palestine),Muslim Group (Palestine),7,78,Civilian targeting,275,Middle East,Palestine,Gaza Strip,Gaza City,,Gaza - Az Zaytun,31.4964,34.4522,2,Newpress; Palestine News and Information Agency; Quds News Network; Twitter,New media-National,"On 2 December 2023, Israeli warplanes and artillery struck houses and the al-Shama Mosque in Gaza - Az Zaytun area (Gaza city, Gaza Strip), killing more than 20 persons and injuring several of others.",20,,1759789988
PSE42242,12/2/2023,2023,1,Political violence,Explosions/Remote violence,Air/drone strike,Military Forces of Israel (2022-),,8,Civilians (Palestine),,7,78,Civilian targeting,275,Middle East,Palestine,Gaza Strip,Gaza City,,Gaza - Tal el Hawa,31.5041,34.435,1,Palestine News and Information Agency,National,"On 2 December 2023, Israeli warplanes and artillery struck houses and targets in Gaza - Tal el Hawa (Gaza city, Gaza Strip), leaving dozens of fatalities and injuries among Palestinians. Fatalities coded as 6.",6,,1759789988
PSE42246,12/2/2023,2023,1,Political violence,Explosions/Remote violence,Air/drone strike,Military Forces of Israel (2022-),,8,Civilians (Palestine),,7,78,Civilian targeting,275,Middle East,Palestine,Gaza Strip,North Gaza,,Jabalya,31.5272,34.4835,1,Palestine News and Information Agency; Quds News Network; Twitter,New media-National,"On 2 December 2023, Israeli warplanes struck houses and al-Rawda mosque in Jabalya (North Gaza, Gaza Strip). Casualties unknown.",0,,1759789988
PSE42258,12/3/2023,2023,1,Political violence,Explosions/Remote violence,Air/drone strike,Military Forces of Israel (2022-),,8,Civilians (Palestine),,7,78,Civilian targeting,275,Middle East,Palestine,Gaza Strip,Khan Yunis,,Bani Suheila,31.3424,34.325,1,Liveuamap; Quds News Network; Twitter,Local partner-New media,"On 3 December 2023, Israeli warplanes struck a house in Bani Suheila (Khan Yunis, Gaza Strip), killing 5 persons.",5,,1753954979
PSE42273,12/3/2023,2023,1,Political violence,Explosions/Remote violence,Air/drone strike,Military Forces of Israel (2022-),,8,Civilians (Palestine),Journalists (Palestine),7,78,Civilian targeting,275,Middle East,Palestine,Gaza Strip,Gaza City,,Gaza - Sheikh Radwan,31.5349,34.4667,1,Guardian (United Kingdom); International Federation of Journalists; Palestine News and Information Agency,Other-National,"On 3 December 2023, Israeli warplanes and artillery struck houses in Gaza - Sheikh Radwan (Gaza City, Gaza Strip), leaving dozens of fatalities and injuries among Palestinians. Fatalities coded as 12.",12,,1759789988
PSE42274,12/3/2023,2023,1,Political violence,Explosions/Remote violence,Air/drone strike,Military Forces of Israel (2022-),,8,Civilians (Palestine),,7,78,Civilian targeting,275,Middle East,Palestine,Gaza Strip,Gaza City,,Gaza - Shujaiyya,31.4988,34.4699,1,Liveuamap; Palestine News and Information Agency; Quds News Network; Twitter,Local partner-New media,"On 3 December 2023, Israeli warplanes struck houses and targets in Gaza - Shujaiyya (Gaza city, Gaza Strip), leaving dozens of fatalities and injuries among Palestinians. Fatalities coded as 12.",12,,1759789988
PSE42275,12/3/2023,2023,1,Political violence,Explosions/Remote violence,Air/drone strike,Military Forces of Israel (2022-),,8,Civilians (Palestine),,7,78,Civilian targeting,275,Middle East,Palestine,Gaza Strip,Gaza City,,Gaza - Shujaiyya,31.4988,34.4699,2,Liveuamap; Newpress; Palestine News and Information Agency; Twitter,Local partner-New media,"On 3 December 2023, Israeli warplanes struck a house in al-Nafaq street, west of Gaza City, Gaza - Shujaiyya area (Gaza city, Gaza Strip), killing at least 7 Palestinians.",7,,1759789988
PSE42281,12/3/2023,2023,1,Political violence,Explosions/Remote violence,Air/drone strike,Military Forces of Israel (2022-),,8,Civilians (Palestine),,7,78,Civilian targeting,275,Middle East,Palestine,Gaza Strip,Khan Yunis,,Khan Yunis,31.3502,34.3081,1,Palestine News and Information Agency; Quds News Network; Twitter,New media-National,"On 3 December 2023, Israeli warplanes and artillery struck targets and houses in Khan Yunis city (Khan Yunis, Gaza Strip), killing at least 33 persons.",33,,1753954979
PSE42284,12/3/2023,2023,1,Political violence,Explosions/Remote violence,Air/drone strike,Military Forces of Israel (2022-),,8,Civilians (Palestine),,7,78,Civilian targeting,275,Middle East,Palestine,Gaza Strip,Khan Yunis,,Khan Yunis - Emirati,31.3624,34.2949,1,Quds News Network; Twitter,New media-National,"On 3 December 2023, Israeli warplanes carried out airstrikes and struck a house in the Emirati district, west of Khan Yunis, coded to Khan Yunis - Emirati (Khan Yunis, Gaza Strip), injuring a number of Palestinians and killing 2.",2,,1753954979
PSE42285,12/3/2023,2023,1,Political violence,Explosions/Remote violence,Air/drone strike,Military Forces of Israel (2022-),,8,Civilians (Palestine),,7,78,Civilian targeting,275,Middle East,Palestine,Gaza Strip,Khan Yunis,,Khan Yunis - Maen,31.336,34.3172,1,Liveuamap; Quds News Network; Twitter,Local partner-New media,"On 3 December 2023, Israeli warplanes struck a house in Khan Yunis - Maen (Khan Yunis, Gaza Strip), killing 2 persons and injuring another 12.",2,,1753954979
PSE42256,12/3/2023,2023,1,Political violence,Explosions/Remote violence,Air/drone strike,Military Forces of Israel (2022-),,8,Civilians (Palestine),Refugees/IDPs (Palestine),7,78,Civilian targeting,275,Middle East,Palestine,Gaza Strip,Deir El Balah,,An Nusayrat,31.4486,34.3925,1,Newpress; Quds News Network; Twitter,New media-National,"On 3 December 2023, Israeli warplanes struck a house in An Nusayrat refugee camp (Deir El Balah, Gaza Strip), killing 13 persons.",13,,1753954979
PSE42268,12/3/2023,2023,1,Political violence,Violence against civilians,Attack,Military Forces of Israel (2022-),,8,Civilians (Palestine),,7,78,Civilian targeting,275,Middle East,Palestine,Gaza Strip,Deir El Balah,,Deir al Balah,31.4178,34.3503,1,Palestine News and Information Agency,National,"On 3 December 2023, Israeli troops opened fire at al-Mazraa school in Deir al Balah (Deir El Balah, Gaza Strip), injuring a number of Palestinians including children.",0,,1753954979
PSE42259,12/3/2023,2023,1,Political violence,Explosions/Remote violence,Air/drone strike,Military Forces of Israel (2022-),,8,Civilians (Palestine),,7,78,Civilian targeting,275,Middle East,Palestine,Gaza Strip,North Gaza,,Beit Lahiya,31.5541,34.5016,1,Liveuamap; Newpress; Palestine News and Information Agency; Quds News Network; Twitter,Local partner-New media,"On 3 December 2023, Israeli warplanes carried out airstrikes on the outskirts of Kamal Odwan Hospital in Beit Lahiya (North Gaza, Gaza Strip). Also, airstrikes were carried out on houses in Beit Lahiya, leaving dozens of fatalities and injuries among Palestinians. Fatalities coded as 12.",12,,1753954979
PSE42287,12/3/2023,2023,1,Political violence,Explosions/Remote violence,Air/drone strike,Military Forces of Israel (2022-),,8,Civilians (Palestine),Journalists (Palestine); Refugees/IDPs (Palestine),7,78,Civilian targeting,275,Middle East,Palestine,Gaza Strip,North Gaza,,Jabalya Camp,31.536,34.4907,1,Guardian (United Kingdom); Ma'an News Agency; Newpress; Palestine News and Information Agency; Quds News Network; Twitter,New media-National,"On 3 December 2023, Israeli warplanes struck houses and fired white phosphorus bombs in Mukhayyam Jabalya camp (North Gaza, Gaza Strip), leaving an unspecified number of fatalities and injuries. Fatalities coded as 10. Additionally, airplanes and artillery struck houses and residential areas and destroyed the gate of al-Fakhourah school, hosting displaced people leaving dozens of fatalities and injuries. Fatalities coded as 12. Total fatalities coded as 22. A Palestinian journalist was killed in one of the strikes on that location that day. HRW and other international organizations have accused Israel of using white phosphorous bombs.",22,,1757975700
PSE42253,12/3/2023,2023,1,Political violence,Explosions/Remote violence,Air/drone strike,Military Forces of Israel (2022-),,8,Civilians (Palestine),Refugees/IDPs (Palestine),7,78,Civilian targeting,275,Middle East,Palestine,Gaza Strip,Deir El Balah,,Al Burayj,31.4394,34.4031,1,Liveuamap; Ma'an News Agency; Newpress; Palestine News and Information Agency; Palestinian Ministry of Health; Twitter,Local partner-New media,"On 3 December 2023, Israeli warplanes struck houses in Al Burayj refugee camp (Deir El Balah, Gaza Strip), leaving an unspecified number of fatalities and injuries. [Palestinian Ministry of Health reported 15889 fatalities between 7 October - 3 December. 189 fatalities not attributed to specific events split across 8 events on 3 December. 23 fatalities coded to this event.]",23,,1753954979
PSE42255,12/3/2023,2023,1,Political violence,Explosions/Remote violence,Air/drone strike,Military Forces of Israel (2022-),,8,Civilians (Palestine),,7,78,Civilian targeting,275,Middle East,Palestine,Gaza Strip,Khan Yunis,,Al Qararah,31.3739,34.3409,1,Liveuamap; Palestine News and Information Agency; Palestinian Ministry of Health; Quds News Network; Twitter,Local partner-New media,"On 3 December 2023, Israeli warplanes struck houses in Al Qararah (Khan Yunis, Gaza Strip), leaving an unspecified number of fatalities and injuries. [Palestinian Ministry of Health reported 15889 fatalities between 7 October - 3 December. 189 fatalities not attributed to specific events split across 8 events on 3 December. 23 fatalities coded to this event.]",23,,1753954979
PSE42260,12/3/2023,2023,1,Political violence,Explosions/Remote violence,Air/drone strike,Military Forces of Israel (2022-),,8,Civilians (Palestine),,7,78,Civilian targeting,275,Middle East,Palestine,Gaza Strip,North Gaza,,Beit Lahiya - Al Mashroo,31.5433,34.4998,1,Palestinian Ministry of Health; Quds News Network; Twitter,Other-New media,"On 3 December 2023, Israeli warplanes struck houses in Beit Lahiya - Al Mashroo (North Gaza, Gaza Strip), leaving an unspecified number of fatalities and injuries. [Palestinian Ministry of Health reported 15889 fatalities between 7 October - 3 December. 189 fatalities not attributed to specific events split across 8 events on 3 December. 23 fatalities coded to this event.]",23,,1753954979
PSE42267,12/3/2023,2023,1,Political violence,Explosions/Remote violence,Air/drone strike,Military Forces of Israel (2022-),,8,Civilians (Palestine),,7,78,Civilian targeting,275,Middle East,Palestine,Gaza Strip,Deir El Balah,,Deir al Balah,31.4178,34.3503,1,Palestine News and Information Agency; Palestinian Ministry of Health; Quds News Network; Twitter,Other-New media,"On 3 December 2023, Israeli artillery shelled houses and warplanes carried out airstrikes in Deir al Balah (Deir El Balah, Gaza Strip), leaving an unspecified number of fatalities and injuries.. Also, airplanes struck 2 passing cars at Salah al-Din street in Deir al Balah, causing unspecified number of fatalities and injuries. [Palestinian Ministry of Health reported 15889 fatalities between 7 October - 3 December. 189 fatalities not attributed to specific events split across 8 events on 3 December. 24 fatalities coded to this event.]",24,,1753954979
PSE42270,12/3/2023,2023,1,Political violence,Explosions/Remote violence,Air/drone strike,Military Forces of Israel (2022-),,8,Civilians (Palestine),,7,78,Civilian targeting,275,Middle East,Palestine,Gaza Strip,Gaza City,,Gaza - Ad Darraj,31.5172,34.4642,1,Palestine News and Information Agency; Palestinian Ministry of Health; Quds News Network; Twitter,Other-New media,"On 3 December 2023, Israeli warplanes struck houses in Gaza - Ad Darraj (Gaza City, Gaza Strip), leaving an unspecified number of fatalities and injuries. [Palestinian Ministry of Health reported 15889 fatalities between 7 October - 3 December. 189 fatalities not attributed to specific events split across 8 events on 3 December. 24 fatalities coded to this event.]",24,,1759789988
PSE42271,12/3/2023,2023,1,Political violence,Explosions/Remote violence,Air/drone strike,Military Forces of Israel (2022-),,8,Civilians (Palestine),Muslim Group (Palestine),7,78,Civilian targeting,275,Middle East,Palestine,Gaza Strip,Gaza City,,Gaza - At Tuffah,31.5134,34.4751,1,Newpress; Palestinian Ministry of Health; PLO Negotiations Affairs Department; Quds News Network; Twitter,Other-New media,"On 3 December 2023, Israeli warplanes struck the al-Salam mosque in Gaza - At Tuffah (Gaza city, Gaza Strip) leaving an unspecified number of fatalities and injuries. [Palestinian Ministry of Health reported 15889 fatalities between 7 October - 3 December. 189 fatalities not attributed to specific events split across 8 events on 3 December. 24 fatalities coded to this event.]",24,,1759789988
PSE42276,12/3/2023,2023,1,Political violence,Explosions/Remote violence,Air/drone strike,Military Forces of Israel (2022-),,8,Civilians (Palestine),Refugees/IDPs (Palestine),7,78,Civilian targeting,275,Middle East,Palestine,Gaza Strip,Gaza City,,Gaza - Southern Remal,31.5168,34.4355,1,Palestine News and Information Agency; Palestinian Ministry of Health; PLO Negotiations Affairs Department; Quds News Network; Twitter,Other-New media,"On 3 December 2023, Israeli warplanes struck the Holy Family School hosting displaced people in Gaza - Southern Remal (Gaza city, Gaza Strip) leaving an unspecified number of fatalities and injuries. [Palestinian Ministry of Health reported 15889 fatalities between 7 October - 3 December. 189 fatalities not attributed to specific events split across 8 events on 3 December. 24 fatalities coded to this event.]",24,,1759789988
PSE42282,12/3/2023,2023,1,Political violence,Explosions/Remote violence,Shelling/artillery/missile attack,Military Forces of Israel (2022-),,8,Civilians (Palestine),Refugees/IDPs (Palestine),7,78,Civilian targeting,275,Middle East,Palestine,Gaza Strip,Khan Yunis,,Khan Yunis,31.3502,34.3081,2,Palestine News and Information Agency; Palestinian Ministry of Health; PLO Negotiations Affairs Department,Other-National,"On 3 December 2023, Israeli artillery struck displaced Palestinians moving from Deir al Balah toward Khan Yunis, north of Khan Yunis (Khan Yunis, Gaza Strip) leaving an unspecified number of fatalities and injuries. [Palestinian Ministry of Health reported 15889 fatalities between 7 October - 3 December. 189 fatalities not attributed to specific events split across 8 events on 3 December. 24 fatalities coded to this event.]",24,,1753954979
PSE42288,12/3/2023,2023,1,Political violence,Explosions/Remote violence,Air/drone strike,Military Forces of Israel (2022-),,8,Civilians (Palestine),,7,78,Civilian targeting,275,Middle East,Palestine,Gaza Strip,Rafah,,Yibna,31.2842,34.2482,2,Liveuamap; Ma'an News Agency; Palestine News and Information Agency; PLO Negotiations Affairs Department; Quds News Network,Local partner-New media,"On 3 December 2023, Israeli warplanes and artillery struck houses in Al Junianah area east of Rafah (coded to Yibna, Gaza Strip), killing at least 9 persons. Also, 15 persons were killed in airstrikes on al-Bawwab family, killing 15 persons and injuring 100 of Palestinians. Total fatalities as 24.",24,,1753954979
PSE42289,12/3/2023,2023,1,Political violence,Explosions/Remote violence,Air/drone strike,Military Forces of Israel (2022-),,8,Civilians (Palestine),Refugees/IDPs (Palestine),7,78,Civilian targeting,275,Middle East,Palestine,Gaza Strip,Rafah,,Yibna,31.2842,34.2482,1,Liveuamap; Ma'an News Agency; Newpress; Palestine News and Information Agency; Quds News Network; Twitter,Local partner-New media,"On 3 December 2023, Israeli warplanes struck houses in Yibna refugee camp (Rafah, Gaza Strip). 11 persons were killed Al Junianah.",11,,1753954979
PSE42272,12/3/2023,2023,1,Political violence,Explosions/Remote violence,Air/drone strike,Military Forces of Israel (2022-),,8,Civilians (Palestine),,7,78,Civilian targeting,275,Middle East,Palestine,Gaza Strip,Gaza City,,Gaza - Az Zaytun,31.4964,34.4522,1,Liveuamap; Newpress; Palestine News and Information Agency; Quds News Network; Twitter,Local partner-New media,"On 3 December 2023, Israeli warplanes and artillery struck houses and targets in Gaza - Az Zaytun (Gaza city, Gaza Strip), leaving dozens of fatalities and injuries among Palestinians. Fatalities coded as 12.",12,,1759789988
PSE42278,12/3/2023,2023,1,Political violence,Explosions/Remote violence,Air/drone strike,Military Forces of Israel (2022-),,8,Civilians (Palestine),Health Workers (Palestine),7,78,Civilian targeting,275,Middle East,Palestine,Gaza Strip,North Gaza,,Jabalya,31.5272,34.4835,1,Palestine News and Information Agency; Quds News Network; Twitter,New media-National,"On 3 December 2023, Israeli warplanes struck health workers of Al Awdah Hospital in Jabalya town (North Gaza, Gaza Strip), killing 3 doctors and 2 paramedics.",5,,1759789988
PSE42290,12/4/2023,2023,1,Political violence,Explosions/Remote violence,Air/drone strike,Military Forces of Israel (2022-),,8,Civilians (Palestine),,7,78,Civilian targeting,275,Middle East,Palestine,Gaza Strip,Khan Yunis,,Abasan al Kabirah,31.3191,34.3401,1,PLO Negotiations Affairs Department; Quds News Network; Twitter,Other-New media,"On 4 December 2023, Israeli warplanes struck a house in Abasan al Kabirah (Khan Yunis, Gaza Strip). Casualties unknown.",0,,1753954979
PSE42293,12/4/2023,2023,1,Political violence,Explosions/Remote violence,Air/drone strike,Military Forces of Israel (2022-),,8,Civilians (Palestine),,7,78,Civilian targeting,275,Middle East,Palestine,Gaza Strip,Khan Yunis,,Al Qararah,31.3739,34.3409,1,Newpress; Palestine News and Information Agency; Quds News Network; Twitter,New media-National,"On 4 December 2023, Israeli warplanes struck houses in Al Qararah (Khan Yunis, Gaza Strip), killing 2 persons.",2,,1753954979
PSE42296,12/4/2023,2023,1,Political violence,Explosions/Remote violence,Air/drone strike,Military Forces of Israel (2022-),,8,Civilians (Palestine),,7,78,Civilian targeting,275,Middle East,Palestine,Gaza Strip,Khan Yunis,,Bani Suheila,31.3424,34.325,1,Newpress; PLO Negotiations Affairs Department; Quds News Network; Twitter,Other-New media,"On 4 December 2023, Israeli warplanes struck targets and a house in Bani Suheila (Khan Yunis, Gaza Strip). Casualties unknown.",0,,1753954979
PSE42308,12/4/2023,2023,1,Political violence,Explosions/Remote violence,Air/drone strike,Military Forces of Israel (2022-),,8,Civilians (Palestine),Refugees/IDPs (Palestine); UNRWA: United Nations Relief and Works Agency,7,78,Civilian targeting,275,Middle East,Palestine,Gaza Strip,Gaza City,,Gaza - Ad Darraj,31.5172,34.4642,1,Al-Ittihad; Ma'an News Agency; Palestine News and Information Agency; Quds News Network,National-Regional,"On 4 December 2023, Israeli warplanes and artillery struck UNRWA schools hosting displaced people in Gaza - Ad Darraj (Gaza City, Gaza Strip), killing at least 50 persons and injuring hundreds of others.",50,,1759789988
PSE42317,12/4/2023,2023,1,Political violence,Explosions/Remote violence,Air/drone strike,Military Forces of Israel (2022-),,8,Civilians (Palestine),,7,78,Civilian targeting,275,Middle East,Palestine,Gaza Strip,Khan Yunis,,Khan Yunis,31.3502,34.3081,1,Dunia Al Watan; Ma'an News Agency; Newpress; Palestine News and Information Agency; Twitter,New media-National,"On 4 December 2023, Israeli warplanes struck a house in Khan Yunis city (Khan Yunis, Gaza Strip), leaving an unspecified number of fatalities and injuries. Fatalities coded as 10. In addition, 5 Palestinians were killed in an airstrike near Halimah mosque. Total fatalities coded as 15.",15,,1753954979
PSE42318,12/4/2023,2023,1,Political violence,Explosions/Remote violence,Air/drone strike,Military Forces of Israel (2022-),,8,Civilians (Palestine),,7,78,Civilian targeting,275,Middle East,Palestine,Gaza Strip,Khan Yunis,,Khan Yunis - As Sater,31.3637,34.3228,1,PLO Negotiations Affairs Department; Quds News Network; Twitter,Other-New media,"On 4 December 2023, Israeli warplanes struck target and houses in Khan Yunis - As Sater (Khan Yunis, Gaza Strip). Casualties unknown.",0,,1753954979
PSE42320,12/4/2023,2023,1,Political violence,Explosions/Remote violence,Air/drone strike,Military Forces of Israel (2022-),,8,Civilians (Palestine),,7,78,Civilian targeting,275,Middle East,Palestine,Gaza Strip,Khan Yunis,,Khan Yunis - City Centre,31.3419,34.3015,1,Newpress; Palestine News and Information Agency; Quds News Network; Twitter,New media-National,"On 4 December 2023, Israeli warplanes struck houses in Khan Yunis - City Centre (Khan Yunis, Gaza Strip), killing at least a woman and injuring another 8 Palestinians.",1,,1753954979
PSE42321,12/4/2023,2023,1,Political violence,Explosions/Remote violence,Air/drone strike,Military Forces of Israel (2022-),,8,Civilians (Palestine),,7,78,Civilian targeting,275,Middle East,Palestine,Gaza Strip,Khan Yunis,,Khan Yunis - Maen,31.336,34.3172,1,PLO Negotiations Affairs Department; Quds News Network; Twitter,Other-New media,"On 4 December 2023, Israeli warplanes struck a house in Khan Yunis - Maen (Khan Yunis, Gaza Strip). Casualties unknown.",0,,1753954979
PSE42291,12/4/2023,2023,1,Political violence,Explosions/Remote violence,Air/drone strike,Military Forces of Israel (2022-),,8,Civilians (Palestine),Refugees/IDPs (Palestine),7,78,Civilian targeting,275,Middle East,Palestine,Gaza Strip,Deir El Balah,,Al Burayj,31.4394,34.4031,1,PLO Negotiations Affairs Department; Quds News Network; Twitter,Other-New media,"On 4 December 2023, Israeli warplanes struck houses in Al Burayj refugee camp (Deir El Balah, Gaza Strip). Casualties unknown.",0,,1753954979
PSE42292,12/4/2023,2023,1,Political violence,Explosions/Remote violence,Air/drone strike,Military Forces of Israel (2022-),,8,Civilians (Palestine),Muslim Group (Palestine); Refugees/IDPs (Palestine),7,78,Civilian targeting,275,Middle East,Palestine,Gaza Strip,Deir El Balah,,Al Maghazi,31.4214,34.3865,1,Newpress; PLO Negotiations Affairs Department; Twitter,Other-New media,"On 4 December 2023, Israeli warplanes struck the al-Mohajerin mosque in Al Maghazi refugee camp (Deir El Balah, Gaza Strip). Casualties unknown.",0,,1753954979
PSE42295,12/4/2023,2023,1,Political violence,Explosions/Remote violence,Air/drone strike,Military Forces of Israel (2022-),,8,Civilians (Palestine),Refugees/IDPs (Palestine),7,78,Civilian targeting,275,Middle East,Palestine,Gaza Strip,Deir El Balah,,An Nusayrat,31.4486,34.3925,1,Newpress; Palestine News and Information Agency; Quds News Network; Twitter,New media-National,"On 4 December 2023, Israeli warplanes struck houses in An Nusayrat refugee camp (Deir El Balah, Gaza Strip), killing at least a child. Meanwhile artillery struck targets in the refugee camp.",1,,1753954979
PSE42306,12/4/2023,2023,1,Political violence,Explosions/Remote violence,Air/drone strike,Military Forces of Israel (2022-),,8,Civilians (Palestine),,7,78,Civilian targeting,275,Middle East,Palestine,Gaza Strip,Deir El Balah,,Deir al Balah,31.4178,34.3503,1,Ma'an News Agency; Newpress; Palestine News and Information Agency; Quds News Network; Twitter,New media-National,"On 4 December 2023, Israeli warplanes struck a house in al-Barakeh area of Deir al Balah city (Deir El Balah, Gaza Strip), leaving an unspecified number of fatalities and injuries. Fatalities coded as 10. Meanwhile, the artillery attacked targets in the city. Also, 7 persons from Khattab family were killed in an airstrike. Total fatalities coded as 17.",17,,1753954979
PSE42298,12/4/2023,2023,1,Political violence,Explosions/Remote violence,Air/drone strike,Military Forces of Israel (2022-),,8,Civilians (Palestine),Health Workers (Palestine),7,78,Civilian targeting,275,Middle East,Palestine,Gaza Strip,North Gaza,,Beit Lahiya,31.5541,34.5016,1,Newpress; Palestine News and Information Agency; Twitter,New media-National,"On 4 December 2023, Israeli warplanes struck houses in Beit Lahiya (North Gaza, Gaza Strip). Also, 6 persons were killed and dozens were injured, presumably including health workers, in an airstrike on the Kamal Odwan Hospital.",6,,1753954979
PSE42299,12/4/2023,2023,1,Political violence,Explosions/Remote violence,Air/drone strike,Military Forces of Israel (2022-),,8,Civilians (Palestine),Refugees/IDPs (Palestine),7,78,Civilian targeting,275,Middle East,Palestine,Gaza Strip,North Gaza,,Beit Lahiya - Al Mashroo,31.5433,34.4998,1,Newpress; PLO Negotiations Affairs Department; Quds News Network; Twitter,Other-New media,"On 4 December 2023, Israeli warplanes struck a school hosting displaced people in Beit Lahiya - Al Mashroo (North Gaza, Gaza Strip). Casualties unknown.",0,,1753954979
PSE42322,12/4/2023,2023,1,Political violence,Explosions/Remote violence,Air/drone strike,Military Forces of Israel (2022-),,8,Civilians (Palestine),Refugees/IDPs (Palestine),7,78,Civilian targeting,275,Middle East,Palestine,Gaza Strip,North Gaza,,Jabalya Camp,31.536,34.4907,1,Palestine News and Information Agency; Quds News Network; Twitter,New media-National,"On 4 December 2023, Israeli warplanes struck houses in Mukhayyam Jabalya camp (North Gaza, Gaza Strip), leaving dozens of fatalities and injuries among Palestinians. Fatalities coded as 12.",12,,1753954979
PSE42297,12/4/2023,2023,1,Political violence,Explosions/Remote violence,Air/drone strike,Military Forces of Israel (2022-),,8,Civilians (Palestine),,7,78,Civilian targeting,275,Middle East,Palestine,Gaza Strip,North Gaza,,Beit Hanoun,31.5405,34.5402,1,Palestine News and Information Agency; PLO Negotiations Affairs Department,Other-National,"On 4 December 2023, Israeli warplanes struck houses in Beit Hanoun (North Gaza, Gaza Strip). Casualties unknown.",0,,1753954979
PSE42324,12/4/2023,2023,1,Political violence,Explosions/Remote violence,Air/drone strike,Military Forces of Israel (2022-),,8,Civilians (Palestine),,7,78,Civilian targeting,275,Middle East,Palestine,Gaza Strip,Rafah,,Yibna,31.2842,34.2482,2,Newpress; Palestine News and Information Agency; PLO Negotiations Affairs Department; Quds News Network; Twitter,Other-New media,"On 4 December 2023, Israeli artillery and tanks shelled targets east of Rafah (coded to Yibna, Gaza Strip). Meanwhile, warplanes struck al-Tannour area east of Rafah, killing 9 persons and injuring dozens.",9,,1753954979
PSE42310,12/4/2023,2023,1,Political violence,Explosions/Remote violence,Air/drone strike,Military Forces of Israel (2022-),,8,Civilians (Palestine),Muslim Group (Palestine),7,78,Civilian targeting,275,Middle East,Palestine,Gaza Strip,Gaza City,,Gaza - Az Zaytun,31.4964,34.4522,1,Newpress; Palestine News and Information Agency; Quds News Network; Twitter,New media-National,"On 4 December 2023, Israeli warplanes opened fire and struck targets and houses on the outskirts of Al Mamadani Hospital in Gaza - Az Zaytun (Gaza City, Gaza Strip). Also, 5 persons were killed in an airstrike on a mosque, and dozens were killed and injured in a separate airstrike in the al-Nafaq area. Total fatalities coded as 17 (12 unspecified and 5 confirmed).",17,,1759789988
PSE42315,12/4/2023,2023,1,Political violence,Explosions/Remote violence,Air/drone strike,Military Forces of Israel (2022-),,8,Civilians (Palestine),Health Workers (Palestine),7,78,Civilian targeting,275,Middle East,Palestine,Gaza Strip,North Gaza,,Jabalya,31.5272,34.4835,1,Palestine News and Information Agency,National,"On 4 December 2023, Israeli warplanes carried out airstrikes in Al Falouja and Jabalya (North Gaza, Gaza Strip), killing a Palestinian paramedic.",1,,1759789988
PSE42325,12/4/2023,2023,1,Political violence,Explosions/Remote violence,Air/drone strike,Military Forces of Israel (2022-),,8,Civilians (Palestine),Journalists (Palestine),7,78,Civilian targeting,275,Middle East,Palestine,Gaza Strip,Rafah,,Rafah,31.287,34.2595,1,Palestine News and Information Agency; Quds News Network; Twitter,New media-National,"On 4 December 2023, Israeli warplanes struck houses in Rafah city (Rafah, Gaza Strip), killing 4 Palestinian including a journalist.",4,,1762829569
PSE42330,12/5/2023,2023,1,Political violence,Explosions/Remote violence,Air/drone strike,Military Forces of Israel (2022-),,8,Civilians (Palestine),,7,78,Civilian targeting,275,Middle East,Palestine,Gaza Strip,Khan Yunis,,Al Mawasi (Khan Yunis),31.3482,34.2547,1,Palestine News and Information Agency; PLO Negotiations Affairs Department,Other-National,"On 5 December 2023, Israeli warplanes struck a house in Al Mawasi (Khan Yunis) - Gaza Strip. Casualties unknown.",0,,1762829569
PSE42335,12/5/2023,2023,1,Political violence,Explosions/Remote violence,Air/drone strike,Military Forces of Israel (2022-),,8,Civilians (Palestine),,7,78,Civilian targeting,275,Middle East,Palestine,Gaza Strip,Khan Yunis,,Bani Suheila,31.3424,34.325,1,Ma'an News Agency; Quds News Network; Twitter,New media-National,"On 5 December 2023, Israeli warplanes carried out airstrikes in Bani Suheila (Khan Yunis, Gaza Strip), killing 8 Palestinians.",8,,1753954979
PSE42347,12/5/2023,2023,1,Political violence,Explosions/Remote violence,Air/drone strike,Military Forces of Israel (2022-),,8,Civilians (Palestine),,7,78,Civilian targeting,275,Middle East,Palestine,Gaza Strip,Gaza City,,Gaza - Ad Darraj,31.5172,34.4642,1,PLO Negotiations Affairs Department; Quds News Network,Other-National,"On 5 December 2023, Israeli warplanes struck houses in Gaza - Ad Darraj (Gaza City, Gaza Strip). Casualties unknown.",0,,1759789988
PSE42348,12/5/2023,2023,1,Political violence,Explosions/Remote violence,Air/drone strike,Military Forces of Israel (2022-),,8,Civilians (Palestine),,7,78,Civilian targeting,275,Middle East,Palestine,Gaza Strip,Gaza City,,Gaza - At Tuffah,31.5134,34.4751,1,PLO Negotiations Affairs Department; Quds News Network,Other-National,"On 5 December 2023, Israeli warplanes struck houses in Gaza - At Tuffah (Gaza City, Gaza Strip). Casualties unknown.",0,,1759789988
PSE42351,12/5/2023,2023,1,Political violence,Explosions/Remote violence,Air/drone strike,Military Forces of Israel (2022-),,8,Civilians (Palestine),,7,78,Civilian targeting,275,Middle East,Palestine,Gaza Strip,Gaza City,,Gaza - Sheikh Radwan,31.5349,34.4667,2,Arab 48; Ma'an News Agency; Palestine News and Information Agency; Quds News Network; Twitter,New media-National,"On 5 December 2023, Israeli warplanes struck a residential building south of Gaza - Sheikh Radwan (Gaza City, Gaza Strip), leaving dozens of Palestinian fatalities and injuries. Fatalities coded as 12. Additionally, artillery shelled a target and a house at Al Jalaa street in the area, killing 3 Palestinians. Total fatalities coded as 15.",15,,1759789988
PSE42358,12/5/2023,2023,1,Political violence,Explosions/Remote violence,Air/drone strike,Military Forces of Israel (2022-),,8,Civilians (Palestine),,7,78,Civilian targeting,275,Middle East,Palestine,Gaza Strip,Khan Yunis,,Khan Yunis,31.3502,34.3081,1,Al-Ittihad; Arab 48; Newpress; Palestine News and Information Agency; Quds News Network; Twitter,New media-National,"On 5 December 2023, Israeli warplanes carried out airstrikes and tanks shelled targets in Khan Yunis city and on the outskirts of Naser Hospital in the city (Khan Yunis, Gaza Strip), killing at least 40 Palestinians.",40,,1753954979
PSE42359,12/5/2023,2023,1,Political violence,Explosions/Remote violence,Air/drone strike,Military Forces of Israel (2022-),,8,Civilians (Palestine),,7,78,Civilian targeting,275,Middle East,Palestine,Gaza Strip,Khan Yunis,,Khan Yunis - Al Amal,31.3544,34.3007,1,Palestine News and Information Agency; PLO Negotiations Affairs Department; Quds News Network; Twitter,Other-New media,"On 5 December 2023, Israeli warplanes struck houses in Khan Yunis - Al Amal (Khan Yunis, Gaza Strip). Casualties unknown.",0,,1753954979
PSE42362,12/5/2023,2023,1,Political violence,Explosions/Remote violence,Air/drone strike,Military Forces of Israel (2022-),,8,Civilians (Palestine),Refugees/IDPs (Palestine),7,78,Civilian targeting,275,Middle East,Palestine,Gaza Strip,Khan Yunis,,Khan Yunis - West (Municipal Stadium),31.3484,34.2961,2,Liveuamap; Palestine News and Information Agency; Quds News Network; Twitter,Local partner-New media,"On 5 December 2023, Israeli warplanes struck a house in Khan Yunis refugee camp west of Khan Yunis city, Khan Yunis - West (Municipal Stadium) in Gaza Strip, leaving an unspecified number fatalities and injuries. Fatalities coded as 10. Also, another 3 Palestinians were killed by airstrikes. Total fatalities coded as 13.",13,,1753954979
PSE42334,12/5/2023,2023,1,Political violence,Explosions/Remote violence,Air/drone strike,Military Forces of Israel (2022-),,8,Civilians (Palestine),Muslim Group (Palestine); Refugees/IDPs (Palestine),7,78,Civilian targeting,275,Middle East,Palestine,Gaza Strip,Deir El Balah,,An Nusayrat,31.4486,34.3925,1,Al-Ittihad; Ma'an News Agency; Newpress; Palestine News and Information Agency; Quds News Network; Twitter,New media-National,"On 5 December 2023, Israeli warplanes struck houses and the Al Jamiya Al Islamiya mosque in An Nusayrat refugee camp (Deir El Balah, Gaza Strip), killing 10 Palestinians and injuring several of others. Also another 10 persons were killed in an airstrike on the house of Abu Hasnah family. Total fatalities coded as 20.",20,,1753954979
PSE42344,12/5/2023,2023,1,Political violence,Explosions/Remote violence,Air/drone strike,Military Forces of Israel (2022-),,8,Civilians (Palestine),Refugees/IDPs (Palestine),7,78,Civilian targeting,275,Middle East,Palestine,Gaza Strip,Deir El Balah,,Deir al Balah,31.4178,34.3503,1,Liveuamap; Ma'an News Agency; Newpress; Palestine News and Information Agency; Quds News Network; Twitter,Local partner-New media,"On 5 December 2023, Israeli warplanes struck the Abu Mesbih house hosting displaced people in Deir al Balah city (Deir El Balah, Gaza Strip), killing at least 45 Palestinians and injuring dozens of others. Also, tanks and artillery shelled targets in the area.",45,,1753954979
PSE42350,12/5/2023,2023,1,Political violence,Explosions/Remote violence,Air/drone strike,Military Forces of Israel (2022-),,8,Civilians (Palestine),,7,78,Civilian targeting,275,Middle East,Palestine,Gaza Strip,Gaza City,,Gaza - Sabra,31.5086,34.4493,1,Newpress; PLO Negotiations Affairs Department; Quds News Network; Twitter,Other-New media,"On 5 December 2023, Israeli warplanes struck a house in Gaza - Sabra (Gaza City, Gaza Strip), causing a number of injuries.",0,,1759789988
PSE42363,12/5/2023,2023,1,Political violence,Explosions/Remote violence,Air/drone strike,Military Forces of Israel (2022-),,8,Civilians (Palestine),,7,78,Civilian targeting,275,Middle East,Palestine,Gaza Strip,Rafah,,Tal as Sultan,31.3098,34.2414,2,Palestine News and Information Agency; PLO Negotiations Affairs Department,Other-National,"On 5 December 2023, Israeli warplanes struck a house west of Rafah, coded to Tal as Sultan (Rafah, Gaza Strip). Casualties unknown.",0,,1762829569
PSE42364,12/5/2023,2023,1,Political violence,Explosions/Remote violence,Shelling/artillery/missile attack,Military Forces of Israel (2022-),,8,Civilians (Palestine),Refugees/IDPs (Palestine),7,78,Civilian targeting,275,Middle East,Palestine,Gaza Strip,North Gaza,,Jabalya Camp,31.536,34.4907,1,Palestine News and Information Agency; PLO Negotiations Affairs Department,Other-National,"On 5 December 2023, Israeli artillery struck houses and targets in Mukhayyam Jabalya camp (North Gaza, Gaza Strip). Casualties unknown.",0,,1753954979
PSE42352,12/5/2023,2023,1,Political violence,Explosions/Remote violence,Air/drone strike,Military Forces of Israel (2022-),,8,Civilians (Palestine),,7,78,Civilian targeting,275,Middle East,Palestine,Gaza Strip,Gaza City,,Gaza - Shujaiyya,31.4988,34.4699,1,Ma'an News Agency; Palestine News and Information Agency; Palestinian Ministry of Health; Quds News Network,Other-National,"On 5 December 2023, Israeli warplanes struck houses in Gaza - Shujaiyya (Gaza City, Gaza Strip), leaving an unspecified number of fatalities and injuries among Palestinians. Also, in another airstrike an unspecified number of fatalities among Palestinians was reported. [Palestinian Ministry of Health reported 17177 fatalities between 7 October - 6 December 2023. 596 fatalities not attributed to specific events split across 6 events between 4-6 December. 99 fatalities coded to this event.]",99,,1759789988
PSE42448,12/5/2023,2023,1,Political violence,Explosions/Remote violence,Air/drone strike,Military Forces of Israel (2022-),,8,Civilians (Palestine),Refugees/IDPs (Palestine),7,78,Civilian targeting,275,Middle East,Palestine,Gaza Strip,Khan Yunis,,Khan Yunis - Maen,31.336,34.3172,1,Ma'an News Agency; Palestine News and Information Agency; Palestinian Ministry of Health,Other-National,"On 5 December 2023, Israeli warplanes struck houses and a school hosting displaced people in Khan Yunis - Maen (Khan Yunis, Gaza Strip), leaving an unspecified number fatalities and injuries among Palestinians. [Palestinian Ministry of Health reported 17177 fatalities between 7 October - 6 December 2023. 596 fatalities not attributed to specific events split across 6 events between 4-6 December. 99 fatalities coded to this event.]",99,,1753954979
PSE42456,12/5/2023,2023,1,Political violence,Explosions/Remote violence,Air/drone strike,Military Forces of Israel (2022-),,8,Civilians (Palestine),Refugees/IDPs (Palestine),7,78,Civilian targeting,275,Middle East,Palestine,Gaza Strip,Deir El Balah,,Al Maghazi,31.4214,34.3865,1,Ma'an News Agency; Palestinian Ministry of Health,Other-National,"On 5 December 2023, Israeli warplanes carried out airstrikes in Al Maghazi refugee camp (Deir El Balah, Gaza Strip), leaving an unspecified number of fatalities. [Palestinian Ministry of Health reported 17177 fatalities between 7 October - 6 December 2023. 596 fatalities not attributed to specific events split across 6 events between 4-6 December. 99 fatalities coded to this event.]",99,,1753954979
PSE42457,12/5/2023,2023,1,Political violence,Explosions/Remote violence,Air/drone strike,Military Forces of Israel (2022-),,8,Civilians (Palestine),Refugees/IDPs (Palestine),7,78,Civilian targeting,275,Middle East,Palestine,Gaza Strip,Deir El Balah,,Al Burayj,31.4394,34.4031,1,Ma'an News Agency; Palestinian Ministry of Health,Other-National,"On 5 December 2023, Israeli warplanes carried out airstrikes in Al Burayj refugee camp (Deir El Balah, Gaza Strip), leaving an unspecified number of fatalities. [Palestinian Ministry of Health reported 17177 fatalities between 7 October - 6 December 2023. 596 fatalities not attributed to specific events split across 6 events between 4-6 December. 99 fatalities coded to this event.]",99,,1753954979
PSE42467,12/5/2023,2023,1,Political violence,Explosions/Remote violence,Air/drone strike,Military Forces of Israel (2022-),,8,Civilians (Palestine),,7,78,Civilian targeting,275,Middle East,Palestine,Gaza Strip,Khan Yunis,,Khan Yunis - As Sater,31.3637,34.3228,1,Palestinian Ministry of Health; Quds News Network,Other-National,"On 5 December 2023, Israeli warplanes struck houses in Khan Yunis - As Sater (Khan Yunis, Gaza Strip), leaving an unspecified number of fatalities. [Palestinian Ministry of Health reported 17177 fatalities between 7 October - 6 December 2023. 596 fatalities not attributed to specific events split across 6 events between 4-6 December. 100 fatalities coded to this event.]",100,,1753954979
PSE42331,12/5/2023,2023,1,Political violence,Explosions/Remote violence,Air/drone strike,Military Forces of Israel (2022-),,8,Civilians (Palestine),,7,78,Civilian targeting,275,Middle East,Palestine,Gaza Strip,Gaza City,,Al Mughraqa,31.4675,34.4097,1,Palestine News and Information Agency; PLO Negotiations Affairs Department,Other-National,"On 5 December 2023, Israeli warplanes struck houses in Al Mughraqa (Gaza City, Gaza Strip). Casualties unknown.",0,,1753954979
PSE42349,12/5/2023,2023,1,Political violence,Explosions/Remote violence,Air/drone strike,Military Forces of Israel (2022-),,8,Civilians (Palestine),,7,78,Civilian targeting,275,Middle East,Palestine,Gaza Strip,Gaza City,,Gaza - Az Zaytun,31.4964,34.4522,1,Quds News Network,National,"On 5 December 2023, Israeli artillery and warplanes struck a house in Gaza - Az Zaytun (Gaza City, Gaza Strip), leaving dozens of fatalities and injuries among Palestinians. Fatalities coded as 12.",12,,1759789988
PSE42355,12/5/2023,2023,1,Political violence,Explosions/Remote violence,Air/drone strike,Military Forces of Israel (2022-),,8,Civilians (Palestine),Refugees/IDPs (Palestine),7,78,Civilian targeting,275,Middle East,Palestine,Gaza Strip,North Gaza,,Jabalya,31.5272,34.4835,1,Liveuamap; Ma'an News Agency; Newpress; Palestine News and Information Agency; Quds News Network; Twitter,Local partner-New media,"On 5 December 2023, Israeli warplanes struck the Hafsa school hosting displaced people in Jabalya refugee camp (North Gaza, Gaza Strip), injuring several Palestinians. In addition, airplanes struck houses and fired white phosphorus bombs in Jabalya, killing at least 15 persons. HRW and Amnesty International have accused Israel of using white phosphorous bombs.",15,,1759789988
PSE42361,12/5/2023,2023,1,Political violence,Explosions/Remote violence,Air/drone strike,Military Forces of Israel (2022-),,8,Civilians (Palestine),Muslim Group (Palestine),7,78,Civilian targeting,275,Middle East,Palestine,Gaza Strip,Khan Yunis,,Khan Yunis - As-Sameen,31.3369,34.2925,1,Palestine News and Information Agency; PLO Negotiations Affairs Department,Other-National,"On 5 December 2023, Israeli warplanes struck a mosque in Khan Yunis - As-Sameen (Khan Yunis, Gaza Strip). Casualties unknown.",0,,1753954979
PSE42368,12/5/2023,2023,1,Political violence,Explosions/Remote violence,Air/drone strike,Military Forces of Israel (2022-),,8,Civilians (Palestine),,7,78,Civilian targeting,275,Middle East,Palestine,Gaza Strip,Rafah,,Rafah,31.287,34.2595,1,Ma'an News Agency; Palestine News and Information Agency,National,"On 5 December 2023, Israeli warplanes struck a house in Rafah city (Rafah, Gaza Strip), killing 2 children. Also, other airstrikes killed an unspecified number of fatalities. Total fatalities coded as 12 (10 presumed and 2 confirmed).",12,,1762829569
PSE42371,12/6/2023,2023,1,Political violence,Explosions/Remote violence,Air/drone strike,Military Forces of Israel (2022-),,8,Civilians (Palestine),,7,78,Civilian targeting,275,Middle East,Palestine,Gaza Strip,Khan Yunis,,Al Fukhari,31.2952,34.3332,1,Al-Ittihad; Newpress; Palestine News and Information Agency; Quds News Network; Twitter,New media-National,"On 6 December 2023, Israeli warplanes struck houses and artillery shelled targets in Al Fukhari and near the European Hospital (Khan Yunis, Gaza Strip). Casualties unknown.",0,,1753954979
PSE42387,12/6/2023,2023,1,Political violence,Explosions/Remote violence,Air/drone strike,Military Forces of Israel (2022-),,8,Civilians (Palestine),,7,78,Civilian targeting,275,Middle East,Palestine,Gaza Strip,Gaza City,,Gaza - Ad Darraj,31.5172,34.4642,1,Al-Ittihad; Newpress; Palestine News and Information Agency; Quds News Network; Twitter,New media-National,"On 6 December 2023, Israeli warplanes carried out airstrikes and artillery shelled targets in al-Shabiya junction of Gaza - Ad Darraj (Gaza City, Gaza Strip), leaving dozens of fatalities and injuries. Fatalities coded as 12.",12,,1759789988
PSE42399,12/6/2023,2023,1,Political violence,Explosions/Remote violence,Air/drone strike,Military Forces of Israel (2022-),,8,Civilians (Palestine),,7,78,Civilian targeting,275,Middle East,Palestine,Gaza Strip,Khan Yunis,,Khan Yunis - Emirati,31.3624,34.2949,2,Quds News Network; Twitter,New media-National,"On 6 December 2023, Israeli warplanes struck a house in Asdaa area northwest of Khan Yunis (coded to Khan Yunis - Emirati, Gaza Strip), injuring 10 Palestinians.",0,,1753954979
PSE42400,12/6/2023,2023,1,Political violence,Explosions/Remote violence,Air/drone strike,Military Forces of Israel (2022-),,8,Civilians (Palestine),,7,78,Civilian targeting,275,Middle East,Palestine,Gaza Strip,Khan Yunis,,Khan Yunis - City Centre,31.3419,34.3015,1,Ma'an News Agency; Newpress; Palestine News and Information Agency; Twitter,New media-National,"On 6 December 2023, Israeli warplanes struck houses in Khan Yunis - City Centre (Khan Yunis, Gaza Strip), leaving dozens of fatalities and injuries among Palestinians. Fatalities coded as 12.",12,,1753954979
PSE42402,12/6/2023,2023,1,Political violence,Explosions/Remote violence,Air/drone strike,Military Forces of Israel (2022-),,8,Civilians (Palestine),Refugees/IDPs (Palestine),7,78,Civilian targeting,275,Middle East,Palestine,Gaza Strip,Khan Yunis,,Khan Yunis - West (Municipal Stadium),31.3484,34.2961,1,Al-Ittihad; Newpress; Palestine News and Information Agency; Quds News Network; Twitter,New media-National,"On 6 December 2023, Israeli warplanes struck a house in Khan Yunis refugee camp west of Khan Yunis city, Khan Yunis - West (Municipal Stadium) in Gaza Strip, killing 3 Palestinians and injuring several of others.",3,,1753954979
PSE42516,12/6/2023,2023,1,Political violence,Explosions/Remote violence,Air/drone strike,Military Forces of Israel (2022-),,8,Civilians (Palestine),Refugees/IDPs (Palestine),7,78,Civilian targeting,275,Middle East,Palestine,Gaza Strip,Khan Yunis,,Bani Suheila,31.3424,34.325,1,Quds News Network; Twitter,New media-National,"On 6 December 2023, Israeli artillery struck the Malak school hosting displaced people in Bani Suheila (Khan Yunis, Gaza Strip), injuring 3 Palestinians and killing a child. Also, an unspecified number of Palestinians were killed by Israeli airstrikes. Total fatalities coded as 11.",11,,1753954979
PSE42519,12/6/2023,2023,1,Political violence,Explosions/Remote violence,Air/drone strike,Military Forces of Israel (2022-),,8,Civilians (Palestine),Refugees/IDPs (Palestine),7,78,Civilian targeting,275,Middle East,Palestine,Gaza Strip,Gaza City,,Gaza - Northern Remal,31.524,34.4505,1,Quds News Network; Twitter,New media-National,"On 6 December 2023, Israeli drones opened fire at displaced Palestinians in Gaza - Northern Remal (Gaza City, Gaza Strip), causing injuries to unknown number of people.",0,,1759789988
PSE42370,12/6/2023,2023,1,Political violence,Explosions/Remote violence,Air/drone strike,Military Forces of Israel (2022-),,8,Civilians (Palestine),Refugees/IDPs (Palestine),7,78,Civilian targeting,275,Middle East,Palestine,Gaza Strip,Deir El Balah,,Al Burayj,31.4394,34.4031,1,Quds News Network; Twitter,New media-National,"On 6 December 2023, Israeli warplanes struck a house in Al Burayj refugee camp (Deir El Balah, Gaza Strip). Casualties unknown.",0,,1753954979
PSE42375,12/6/2023,2023,1,Political violence,Explosions/Remote violence,Air/drone strike,Military Forces of Israel (2022-),,8,Civilians (Palestine),Refugees/IDPs (Palestine),7,78,Civilian targeting,275,Middle East,Palestine,Gaza Strip,Deir El Balah,,Al Maghazi,31.4214,34.3865,1,Al Ghad (Jordan); Quds News Network; Twitter,New media-National,"On 6 December 2023, Israeli warplanes struck a house in Al Maghazi refugee camp (Deir El Balah, Gaza Strip), killing 17 Palestinians and injuring several of others.",17,,1753954979
PSE42376,12/6/2023,2023,1,Political violence,Explosions/Remote violence,Air/drone strike,Military Forces of Israel (2022-),,8,Civilians (Palestine),Refugees/IDPs (Palestine),7,78,Civilian targeting,275,Middle East,Palestine,Gaza Strip,Deir El Balah,,An Nusayrat,31.4486,34.3925,1,Al-Ittihad; Liveuamap; Palestine News and Information Agency; Quds News Network; Twitter,Local partner-New media,"On 6 December 2023, Israeli warplanes struck houses in An Nusayrat refugee camp (Deir El Balah, Gaza Strip), killing 6 Palestinians and injuring several of others. Meanwhile artillery shelled 2 buildings in the area. Also, an unspecified number of Palestinians were killed and injured in an airstrike on Abu Khubizah house. Total fatalities coded as 16.",16,,1753954979
PSE42385,12/6/2023,2023,1,Political violence,Explosions/Remote violence,Air/drone strike,Military Forces of Israel (2022-),,8,Civilians (Palestine),,7,78,Civilian targeting,275,Middle East,Palestine,Gaza Strip,Deir El Balah,,Wadi as Salqa,31.4005,34.3375,2,Quds News Network; Twitter,New media-National,"On 6 December 2023, Israeli warplanes targeted a house in al-Barak street south of Deir al Balah (coded as Wadi as Salqa, Gaza Strip). Casualties unknown.",0,,1753954979
PSE42377,12/6/2023,2023,1,Political violence,Explosions/Remote violence,Air/drone strike,Military Forces of Israel (2022-),,8,Civilians (Palestine),Refugees/IDPs (Palestine),7,78,Civilian targeting,275,Middle East,Palestine,Gaza Strip,North Gaza,,Beit Lahiya,31.5541,34.5016,1,Ma'an News Agency; Newpress; Palestine News and Information Agency; Quds News Network; Twitter,New media-National,"On 6 December 2023, Israeli warplanes carried out airstrikes on the outskirts of Kamal Odwan Hospital. Israeli artillery also struck houses near the Awni al-Harthi School hosting displaced people in Beit Lahiya (North Gaza, Gaza Strip). Casualties unknown.",0,,1753954979
PSE42390,12/6/2023,2023,1,Political violence,Explosions/Remote violence,Shelling/artillery/missile attack,Military Forces of Israel (2022-),,8,Civilians (Palestine),,7,78,Civilian targeting,275,Middle East,Palestine,Gaza Strip,Gaza City,,Gaza - Sabra,31.5086,34.4493,1,Quds News Network; Twitter,New media-National,"On 6 December 2023, Israeli artillery shelled targets and a house in Gaza - Sabra (Gaza City, Gaza Strip). At least 11 Palestinians were killed.",11,,1759789988
PSE42405,12/6/2023,2023,1,Political violence,Explosions/Remote violence,Air/drone strike,Military Forces of Israel (2022-),,8,Civilians (Palestine),Refugees/IDPs (Palestine),7,78,Civilian targeting,275,Middle East,Palestine,Gaza Strip,North Gaza,,Jabalya Camp,31.536,34.4907,1,Arab 48; Ma'an News Agency; Newpress; Palestine News and Information Agency; Quds News Network; Twitter,New media-National,"On 6 December 2023, Israeli warplanes struck houses and residential areas and fired white phosphorus bombs in Mukhayyam Jabalya camp (North Gaza, Gaza Strip), leaving dozens of fatalities and injuries among Palestinians. Fatalities coded as 12. Also, 22 persons were killed from al-Shrafi family. Total fatalities coded as 34. HRW and other international organizations have accused Israel of using white phosphorous in this attack.",34,,1753954979
PSE42517,12/6/2023,2023,1,Political violence,Explosions/Remote violence,Air/drone strike,Military Forces of Israel (2022-),,8,Civilians (Palestine),,7,78,Civilian targeting,275,Middle East,Palestine,Gaza Strip,Khan Yunis,,Khan Yunis - Maen,31.336,34.3172,1,Palestinian Ministry of Health; Quds News Network; Twitter,Other-New media,"On 6 December 2023, Israeli drones struck 2 houses, opened fire, and killed an unspecified number of Palestinians in Khan Yunis - Maen (Khan Yunis, Gaza Strip). [Palestinian Ministry of Health reported 17177 fatalities between 7 October - 6 December 2023. 596 fatalities not attributed to specific events split across 6 events between 4-6 December. 100 fatalities coded to this event.]",100,,1753954979
PSE42389,12/6/2023,2023,1,Political violence,Explosions/Remote violence,Air/drone strike,Military Forces of Israel (2022-),,8,Civilians (Palestine),Refugees/IDPs (Palestine),7,78,Civilian targeting,275,Middle East,Palestine,Gaza Strip,Gaza City,,Gaza - Az Zaytun,31.4964,34.4522,1,Newpress; Palestine News and Information Agency; Quds News Network; Twitter,New media-National,"On 6 December 2023, Israeli warplanes struck a house and displaced people in al-Nafaq street in Gaza - Az Zaytun (Gaza City, Gaza Strip), killing 10 persons and injuring several of others. Also dozens of Palestinians were killed and injured in airstrikes in al-Yarmouq and al-Sahaba areas. Total fatalities coded as 22.",22,,1759789988
PSE42395,12/6/2023,2023,1,Political violence,Explosions/Remote violence,Air/drone strike,Military Forces of Israel (2022-),,8,Civilians (Palestine),Refugees/IDPs (Palestine),7,78,Civilian targeting,275,Middle East,Palestine,Gaza Strip,North Gaza,,Jabalya,31.5272,34.4835,1,Newpress; Palestine News and Information Agency; Quds News Network; Twitter,New media-National,"On 6 December 2023, Israeli warplanes struck a school hosting displaced people and the artillery shelled targets in Jabalya town (North Gaza, Gaza Strip), leaving dozens of fatalities and injuries among Palestinians. Fatalities coded as 12.",12,,1759789988
PSE42407,12/6/2023,2023,1,Political violence,Explosions/Remote violence,Air/drone strike,Military Forces of Israel (2022-),,8,Civilians (Palestine),Refugees/IDPs (Palestine),7,78,Civilian targeting,275,Middle East,Palestine,Gaza Strip,Rafah,,Rafah Camp,31.2847,34.2546,2,Liveuamap; Quds News Network; Twitter,Local partner-New media,"On 6 December 2023, Israeli warplanes struck a house in al-Shaboura refugee camp near Mukhayyam Rafah camp (Rafah, Gaza Strip), killing 18 Palestinians and injuring several of others.",18,,1753954979
PSE42413,12/7/2023,2023,1,Political violence,Explosions/Remote violence,Air/drone strike,Military Forces of Israel (2022-),,8,Civilians (Palestine),,7,78,Civilian targeting,275,Middle East,Palestine,Gaza Strip,Khan Yunis,,Bani Suheila,31.3424,34.325,1,Liveuamap; Quds News Network; Twitter,Local partner-New media,"On 7 December 2023, Israeli warplanes struck Palestinian houses in Bani Suheila (Khan Yunis, Gaza Strip), injuring a number of Palestinians.",0,,1753954979
PSE42423,12/7/2023,2023,1,Political violence,Explosions/Remote violence,Air/drone strike,Military Forces of Israel (2022-),,8,Civilians (Palestine),Muslim Group (Palestine),7,78,Civilian targeting,275,Middle East,Palestine,Gaza Strip,Gaza City,,Gaza - Ad Darraj,31.5172,34.4642,1,Newpress; Palestine News and Information Agency; Quds News Network; Twitter,New media-National,"On 7 December 2023, Israeli warplanes struck targets and houses in Gaza - Ad Darraj (Gaza City, Gaza Strip), killing at least 12 Palestinians and injuring several of others. Also dozens of Palestinians were killed and injured in Al Hamam area, Palestine square, and Az Zawya market in the area. In addition, airplanes targeted Othman Ibn Affan mosque. Total fatalities coded as 24.",24,,1759789988
PSE42424,12/7/2023,2023,1,Political violence,Explosions/Remote violence,Shelling/artillery/missile attack,Military Forces of Israel (2022-),,8,Civilians (Palestine),,7,78,Civilian targeting,275,Middle East,Palestine,Gaza Strip,Gaza City,,Gaza - At Tuffah,31.5134,34.4751,1,Newpress; Twitter,New media-National,"On 7 December 2023, Israeli artillery struck houses in Gaza - At Tuffah (Gaza City, Gaza Strip). Casualties unknown.",0,,1759789988
PSE42427,12/7/2023,2023,1,Political violence,Explosions/Remote violence,Air/drone strike,Military Forces of Israel (2022-),,8,Civilians (Palestine),,7,78,Civilian targeting,275,Middle East,Palestine,Gaza Strip,Gaza City,,Gaza - Sheikh Radwan,31.5349,34.4667,2,Newpress; Twitter,New media-National,"On 7 December 2023, Israeli warplanes struck houses in Gaza - Sheikh Radwan (Gaza City, Gaza Strip). Casualties unknown.",0,,1759789988
PSE42428,12/7/2023,2023,1,Political violence,Explosions/Remote violence,Air/drone strike,Military Forces of Israel (2022-),,8,Civilians (Palestine),,7,78,Civilian targeting,275,Middle East,Palestine,Gaza Strip,Gaza City,,Gaza - Shujaiyya,31.4988,34.4699,1,Ma'an News Agency; Newpress; Palestine News and Information Agency; Quds News Network; Twitter,New media-National,"On 7 December 2023, Israeli warplanes and artillery struck targets and houses in Gaza - Shujaiyya (Gaza City, Gaza Strip), killing 40 persons and injuring several of others.",40,,1759789988
PSE42434,12/7/2023,2023,1,Political violence,Explosions/Remote violence,Air/drone strike,Military Forces of Israel (2022-),,8,Civilians (Palestine),,7,78,Civilian targeting,275,Middle East,Palestine,Gaza Strip,Khan Yunis,,Khan Yunis,31.3502,34.3081,1,Quds News Network; Twitter,New media-National,"On 7 December 2023, Israeli warplanes struck a house near al-Saadah hall in Khan Yunis (Khan Yunis, Gaza Strip), killing 5 persons from al-Najjar family.",5,,1753954979
PSE42435,12/7/2023,2023,1,Political violence,Explosions/Remote violence,Air/drone strike,Military Forces of Israel (2022-),,8,Civilians (Palestine),,7,78,Civilian targeting,275,Middle East,Palestine,Gaza Strip,Khan Yunis,,Khan Yunis - Al Amal,31.3544,34.3007,1,Quds News Network; Twitter,New media-National,"On 7 December 2023, Israeli warplanes struck a house in Khan Yunis - Al Amal (Khan Yunis, Gaza Strip), killing 5 persons from al-Haj family and injuring another 10.",5,,1753954979
PSE42550,12/7/2023,2023,1,Political violence,Explosions/Remote violence,Air/drone strike,Military Forces of Israel (2022-),,8,Civilians (Palestine),,7,78,Civilian targeting,275,Middle East,Palestine,Gaza Strip,Khan Yunis,,Khan Yunis - City Centre,31.3419,34.3015,1,Palestine News and Information Agency,National,"On 7 December 2023, Israeli warplanes targeted Omran area in Khan Yunis - City Centre (Khan Yunis, Gaza Strip), killing and injuring dozens of Palestinians. Fatalities coded as 12.",12,,1753954979
PSE42411,12/7/2023,2023,1,Political violence,Explosions/Remote violence,Air/drone strike,Military Forces of Israel (2022-),,8,Civilians (Palestine),Refugees/IDPs (Palestine),7,78,Civilian targeting,275,Middle East,Palestine,Gaza Strip,Deir El Balah,,Al Maghazi,31.4214,34.3865,1,Quds News Network; Twitter,New media-National,"On 7 December 2023, Israeli warplanes struck houses in Al Maghazi refugee camp (Deir El Balah, Gaza Strip), killing 4 Palestinian children.",4,,1753954979
PSE42412,12/7/2023,2023,1,Political violence,Explosions/Remote violence,Air/drone strike,Military Forces of Israel (2022-),,8,Civilians (Palestine),Refugees/IDPs (Palestine),7,78,Civilian targeting,275,Middle East,Palestine,Gaza Strip,Deir El Balah,,An Nusayrat,31.4486,34.3925,1,Liveuamap; Newpress; Quds News Network; Twitter,Local partner-New media,"On 7 December 2023, Israeli warplanes struck 2 houses in An Nusayrat refugee camp (Deir El Balah, Gaza Strip), killing 4 Palestinians.",4,,1753954979
PSE42544,12/7/2023,2023,1,Political violence,Explosions/Remote violence,Air/drone strike,Military Forces of Israel (2022-),,8,Civilians (Palestine),,7,78,Civilian targeting,275,Middle East,Palestine,Gaza Strip,Deir El Balah,,Deir al Balah,31.4178,34.3503,1,Newpress; Palestine News and Information Agency; Twitter,New media-National,"On 7 December 2023, Israeli warplanes and artillery struck houses in Deir al Balah city (Deir El Balah, Gaza Strip), killing and injuring dozens of Palestinians. Fatalities coded as 12.",12,,1753954979
PSE42414,12/7/2023,2023,1,Political violence,Explosions/Remote violence,Air/drone strike,Military Forces of Israel (2022-),,8,Civilians (Palestine),,7,78,Civilian targeting,275,Middle East,Palestine,Gaza Strip,North Gaza,,Beit Lahiya - Al Mashroo,31.5433,34.4998,1,Newpress; Palestine News and Information Agency; Quds News Network; Twitter,New media-National,"On 7 December 2023, Israeli drones struck a house in Beit Lahiya - Al Mashroo (North Gaza, Gaza Strip), killing 9 Palestinians.",9,,1753954979
PSE42552,12/7/2023,2023,1,Political violence,Violence against civilians,Attack,Military Forces of Israel (2022-),,8,Civilians (Palestine),Refugees/IDPs (Palestine),7,78,Civilian targeting,275,Middle East,Palestine,Gaza Strip,North Gaza,,Beit Lahiya - Al Mashroo,31.5433,34.4998,1,Newpress; Palestine News and Information Agency; Quds News Network; Twitter,New media-National,"On 7 December 2023, Israeli snipers opened fire and drones struck the Khalifa Ibn Zayed school hosting thousands of displaced people in Beit Lahiya - Al Mashroo (North Gaza, Gaza Strip), injuring a number of Palestinians, and killing 2 persons.",2,,1753954979
PSE42437,12/7/2023,2023,1,Political violence,Explosions/Remote violence,Shelling/artillery/missile attack,Military Forces of Israel (2022-),,8,Civilians (Palestine),Refugees/IDPs (Palestine),7,78,Civilian targeting,275,Middle East,Palestine,Gaza Strip,North Gaza,,Jabalya Camp,31.536,34.4907,1,Quds News Network; Twitter,New media-National,"On 7 December 2023, Israeli artillery struck houses in Mukhayyam Jabalya camp (North Gaza, Gaza Strip). Casualties unknown.",0,,1753954979
PSE42426,12/7/2023,2023,1,Political violence,Explosions/Remote violence,Air/drone strike,Military Forces of Israel (2022-),,8,Civilians (Palestine),,7,78,Civilian targeting,275,Middle East,Palestine,Gaza Strip,Gaza City,,Gaza - Sabra,31.5086,34.4493,1,Newpress; Palestine News and Information Agency; Palestinian Ministry of Health; Quds News Network; Twitter,Other-New media,"On 7 December 2023, Israeli warplanes and artillery struck targets and houses in Gaza - Sabra (Gaza City, Gaza Strip), killing and injuring an unspecified number of Palestinians. Also, an unspecified number of Palestinians were killed in an airstrike on al-Mashharawi house. [Palestinian Ministry of Health reported 17700 fatalities between 7 October - 8 December 2023. 111 fatalities not attributed to specific events split across 13 events between 7 - 8 December. 8 fatalities coded to this event.]",8,,1759789988
PSE42429,12/7/2023,2023,1,Political violence,Explosions/Remote violence,Air/drone strike,Military Forces of Israel (2022-),,8,Civilians (Palestine),,7,78,Civilian targeting,275,Middle East,Palestine,Gaza Strip,Gaza City,,Gaza - Southern Remal,31.5168,34.4355,1,Palestine News and Information Agency; Palestinian Ministry of Health,Other-National,"On 7 December 2023, Israeli warplanes and artillery struck targets and houses in Gaza - Southern Remal (Gaza City, Gaza Strip), killing and injuring an unspecified number of Palestinians. [Palestinian Ministry of Health reported 17700 fatalities between 7 October - 8 December 2023. 111 fatalities not attributed to specific events split across 13 events between 7 - 8 December. 8 fatalities coded to this event.]",8,,1759789988
PSE42545,12/7/2023,2023,1,Political violence,Explosions/Remote violence,Air/drone strike,Military Forces of Israel (2022-),,8,Civilians (Palestine),,7,78,Civilian targeting,275,Middle East,Palestine,Gaza Strip,Khan Yunis,,Al Qararah,31.3739,34.3409,1,Palestine News and Information Agency; Palestinian Ministry of Health,Other-National,"On 7 December 2023, Israeli warplanes and artillery struck targets and houses in Al Qararah (Khan Yunis, Gaza Strip), killing and injuring an unspecified number of Palestinians. [Palestinian Ministry of Health reported 17700 fatalities between 7 October - 8 December 2023. 111 fatalities not attributed to specific events split across 13 events between 7 - 8 December. 8 fatalities coded to this event.]",8,,1753954979
PSE42546,12/7/2023,2023,1,Political violence,Explosions/Remote violence,Air/drone strike,Military Forces of Israel (2022-),,8,Civilians (Palestine),,7,78,Civilian targeting,275,Middle East,Palestine,Gaza Strip,Khan Yunis,,Khuzaa,31.3069,34.3572,1,Palestine News and Information Agency; Palestinian Ministry of Health,Other-National,"On 7 December 2023, Israeli warplanes and artillery struck targets and houses in Khuzaa (Khan Yunis, Gaza Strip), killing and injuring an unspecified number of Palestinians. [Palestinian Ministry of Health reported 17700 fatalities between 7 October - 8 December 2023. 111 fatalities not attributed to specific events split across 13 events between 7 - 8 December. 9 fatalities coded to this event.]",8,,1753954979
PSE42547,12/7/2023,2023,1,Political violence,Explosions/Remote violence,Air/drone strike,Military Forces of Israel (2022-),,8,Civilians (Palestine),,7,78,Civilian targeting,275,Middle East,Palestine,Gaza Strip,Khan Yunis,,Abasan al Kabirah,31.3191,34.3401,1,Palestine News and Information Agency; Palestinian Ministry of Health,Other-National,"On 7 December 2023, Israeli warplanes and artillery struck targets and houses in Abasan al Kabirah (Khan Yunis, Gaza Strip), killing and injuring an unspecified number of Palestinians. [Palestinian Ministry of Health reported 17700 fatalities between 7 October - 8 December 2023. 111 fatalities not attributed to specific events split across 13 events between 7 - 8 December. 9 fatalities coded to this event.]",9,,1753954979
PSE42548,12/7/2023,2023,1,Political violence,Explosions/Remote violence,Air/drone strike,Military Forces of Israel (2022-),,8,Civilians (Palestine),,7,78,Civilian targeting,275,Middle East,Palestine,Gaza Strip,Khan Yunis,,Khan Yunis - Ash Sheikh Naser,31.3398,34.3116,1,Palestine News and Information Agency; Palestinian Ministry of Health; Quds News Network; Twitter,Other-New media,"On 7 December 2023, Israeli warplanes and artillery struck targets and houses in Khan Yunis - Ash Sheikh Naser (Khan Yunis, Gaza Strip), killing and injuring an unspecified number of Palestinians. [Palestinian Ministry of Health reported 17700 fatalities between 7 October - 8 December 2023. 111 fatalities not attributed to specific events split across 13 events between 7 - 8 December. 9 fatalities coded to this event.]",9,,1753954979
PSE42440,12/7/2023,2023,1,Political violence,Explosions/Remote violence,Air/drone strike,Military Forces of Israel (2022-),,8,Civilians (Palestine),,7,78,Civilian targeting,275,Middle East,Palestine,Gaza Strip,Rafah,,Yibna,31.2842,34.2482,2,Newpress; Quds News Network; Twitter,New media-National,"On 7 December 2023, Israeli warplanes struck a motorcycle near Rafah crossing, southeast of Rafah (coded to Yibna, Gaza city), killing 4 Palestinians, including 3 brothers.",4,,1753954979
PSE42425,12/7/2023,2023,1,Political violence,Explosions/Remote violence,Air/drone strike,Military Forces of Israel (2022-),,8,Civilians (Palestine),,7,78,Civilian targeting,275,Middle East,Palestine,Gaza Strip,Gaza City,,Gaza - Az Zaytun,31.4964,34.4522,1,Newpress; Palestine News and Information Agency; Twitter,New media-National,"On 7 December 2023, Israeli warplanes and artillery struck targets and houses in Gaza - Az Zaytun (Gaza City, Gaza Strip), killing and injuring an unspecified number of Palestinians. Fatalities coded as 10. Also, warplanes struck two houses in separate attacks, killing dozens of Palestinians from the Abu Haroun family and several others from the Abu Asi family. Total fatalities coded as 22.",22,,1759789988
PSE42432,12/7/2023,2023,1,Political violence,Violence against civilians,Abduction/forced disappearance,Military Forces of Israel (2022-),,8,Civilians (Palestine),,7,78,Civilian targeting,275,Middle East,Palestine,Gaza Strip,North Gaza,,Jabalya,31.5272,34.4835,2,Joe Truzman; Ma'an News Agency; Twitter,New media-National,"On 7 December 2023, Israeli military forces arrested dozens of Palestinians in North Gaza (Jabalya, Gaza Strip) under suspicion of being militants. It is unclear whether they were militants.",0,,1772581279
PSE42549,12/7/2023,2023,1,Political violence,Explosions/Remote violence,Air/drone strike,Military Forces of Israel (2022-),,8,Civilians (Palestine),,7,78,Civilian targeting,275,Middle East,Palestine,Gaza Strip,North Gaza,,Jabalya,31.5272,34.4835,1,Palestine News and Information Agency; Quds News Network; Twitter,New media-National,"On 7 December 2023, Israeli warplanes targeted a residential area in Jabalya town (North Gaza, Gaza Strip), killing and injuring dozens of Palestinians. Fatalities coded as 12.",12,,1759789988
PSE42438,12/7/2023,2023,1,Political violence,Explosions/Remote violence,Air/drone strike,Military Forces of Israel (2022-),,8,Civilians (Palestine),Refugees/IDPs (Palestine),7,78,Civilian targeting,275,Middle East,Palestine,Gaza Strip,Rafah,,Rafah Camp,31.2847,34.2546,2,Liveuamap; Ma'an News Agency; Newpress; Twitter,Local partner-New media,"On 7 December 2023, Israeli warplanes struck houses in al-Shaboura refugee camp near Mukhayyam Rafah camp (Rafah, Gaza Strip), killing 20 Palestinians and injuring several of others.",20,,1753954979
PSE42551,12/7/2023,2023,1,Political violence,Explosions/Remote violence,Air/drone strike,Military Forces of Israel (2022-),,8,Civilians (Palestine),,7,78,Civilian targeting,275,Middle East,Palestine,Gaza Strip,Khan Yunis,,Khan Yunis - As-Sameen,31.3369,34.2925,1,Newpress; Palestine News and Information Agency; Quds News Network; Twitter,New media-National,"On 7 December 2023, Israeli warplanes targeted a house in Khan Yunis - As-Sameen (Khan Yunis, Gaza Strip), killing and injuring dozens of Palestinians. Fatalities coded as 12.",12,,1753954979
PSE42442,12/8/2023,2023,1,Political violence,Explosions/Remote violence,Air/drone strike,Military Forces of Israel (2022-),,8,Civilians (Palestine),Muslim Group (Palestine),7,78,Civilian targeting,275,Middle East,Palestine,Gaza Strip,Khan Yunis,,Abasan al Kabirah,31.3191,34.3401,1,Ma'an News Agency; PLO Negotiations Affairs Department; Quds News Network; Twitter,Other-New media,"On 8 December 2023, Israeli warplanes struck houses and a mosque in Abasan al Kabirah (Khan Yunis, Gaza Strip). Casualties unknown.",0,,1753954979
PSE42444,12/8/2023,2023,1,Political violence,Explosions/Remote violence,Air/drone strike,Military Forces of Israel (2022-),,8,Civilians (Palestine),,7,78,Civilian targeting,275,Middle East,Palestine,Gaza Strip,Khan Yunis,,Al Qararah,31.3739,34.3409,1,Ma'an News Agency; PLO Negotiations Affairs Department,Other-National,"On 8 December 2023, Israeli warplanes struck houses in Al Qararah (Khan Yunis, Gaza Strip). Casualties unknown.",0,,1753954979
PSE42447,12/8/2023,2023,1,Political violence,Explosions/Remote violence,Air/drone strike,Military Forces of Israel (2022-),,8,Civilians (Palestine),,7,78,Civilian targeting,275,Middle East,Palestine,Gaza Strip,Khan Yunis,,Bani Suheila,31.3424,34.325,1,Ma'an News Agency; PLO Negotiations Affairs Department,Other-National,"On 8 December 2023, Israeli warplanes struck houses in Bani Suheila (Khan Yunis, Gaza Strip). Casualties unknown.",0,,1753954979
PSE42458,12/8/2023,2023,1,Political violence,Explosions/Remote violence,Air/drone strike,Military Forces of Israel (2022-),,8,Civilians (Palestine),Refugees/IDPs (Palestine),7,78,Civilian targeting,275,Middle East,Palestine,Gaza Strip,Gaza City,,Gaza - Sheikh Radwan,31.5349,34.4667,1,Newpress; Palestine News and Information Agency; PLO Negotiations Affairs Department; Quds News Network; Twitter,Other-New media,"On 8 December 2023, Israeli warplanes and artillery struck targets and houses in Gaza - Sheikh Radwan (Gaza City, Gaza Strip). One of the targets was a center hosting displaced people. Casualties unknown.",0,,1759789988
PSE42459,12/8/2023,2023,1,Political violence,Explosions/Remote violence,Air/drone strike,Military Forces of Israel (2022-),,8,Civilians (Palestine),,7,78,Civilian targeting,275,Middle East,Palestine,Gaza Strip,Gaza City,,Gaza - Shujaiyya,31.4988,34.4699,1,Palestine News and Information Agency; Quds News Network; Twitter,New media-National,"On 8 December 2023, Israeli warplanes struck targets and houses in Gaza - Shujaiyya (Gaza City, Gaza Strip), leaving an unspecified number of fatalities and injuries. Fatalities coded as 10. Also, another 11 civilians were killed in a separate attack in the same area. Total fatalities coded as 21.",21,,1759789988
PSE42461,12/8/2023,2023,1,Political violence,Explosions/Remote violence,Air/drone strike,Military Forces of Israel (2022-),,8,Civilians (Palestine),,7,78,Civilian targeting,275,Middle East,Palestine,Gaza Strip,Khan Yunis,,Khan Yunis - As Sater,31.3637,34.3228,1,PLO Negotiations Affairs Department; Quds News Network; Twitter,Other-New media,"On 8 December 2023, Israeli warplanes struck houses in Khan Yunis - As Sater (Khan Yunis, Gaza Strip). Casualties unknown.",0,,1753954979
PSE42464,12/8/2023,2023,1,Political violence,Explosions/Remote violence,Air/drone strike,Military Forces of Israel (2022-),,8,Civilians (Palestine),Refugees/IDPs (Palestine),7,78,Civilian targeting,275,Middle East,Palestine,Gaza Strip,Khan Yunis,,Khan Yunis - West (Municipal Stadium),31.3484,34.2961,1,Newpress; Quds News Network; Twitter,New media-National,"On 8 December 2023, Israeli warplanes struck a house in Khan Yunis refugee camp west of Khan Yunis city, Khan Yunis - West (Municipal Stadium) in Gaza Strip, killing 13 Palestinians and injuring several of others.",13,,1753954979
PSE42465,12/8/2023,2023,1,Political violence,Explosions/Remote violence,Air/drone strike,Military Forces of Israel (2022-),,8,Civilians (Palestine),,7,78,Civilian targeting,275,Middle East,Palestine,Gaza Strip,Khan Yunis,,Khuzaa,31.3069,34.3572,1,PLO Negotiations Affairs Department; Quds News Network; Twitter,Other-New media,"On 8 December 2023, Israeli warplanes struck houses in Khuzaa (Khan Yunis, Gaza Strip). Casualties unknown.",0,,1753954979
PSE42445,12/8/2023,2023,1,Political violence,Explosions/Remote violence,Air/drone strike,Military Forces of Israel (2022-),,8,Civilians (Palestine),,7,78,Civilian targeting,275,Middle East,Palestine,Gaza Strip,Deir El Balah,,An Nusayrat - North,31.4591,34.3923,1,Ma'an News Agency; Palestine News and Information Agency; Quds News Network; Twitter,New media-National,"On 8 December 2023, Israeli warplanes struck houses north of An Nusayrat refugee camp (An Nusayrat - North, Deir El Balah, Gaza Strip), killing at least 10 Palestinians.",10,,1753954979
PSE42446,12/8/2023,2023,1,Political violence,Explosions/Remote violence,Air/drone strike,Military Forces of Israel (2022-),,8,Civilians (Palestine),Refugees/IDPs (Palestine),7,78,Civilian targeting,275,Middle East,Palestine,Gaza Strip,Deir El Balah,,An Nusayrat,31.4486,34.3925,1,Newpress; Quds News Network; Twitter,New media-National,"On 8 December 2023, Israeli warplanes struck a houses hosting displaced people in An Nusayrat refugee camp (Deir El Balah, Gaza Strip), killing 22 civilians.",22,,1753954979
PSE42450,12/8/2023,2023,1,Political violence,Violence against civilians,Abduction/forced disappearance,Military Forces of Israel (2022-),,8,Civilians (Palestine),,7,78,Civilian targeting,275,Middle East,Palestine,Gaza Strip,North Gaza,,Beit Lahiya,31.5541,34.5016,1,Ma'an News Agency,National,"On 8 December 2023, Israeli military forces arrested hundreds of Palestinians in Beit Lahiya (North Gaza, Gaza Strip).",0,,1772581279
PSE42451,12/8/2023,2023,1,Political violence,Explosions/Remote violence,Air/drone strike,Military Forces of Israel (2022-),,8,Civilians (Palestine),Refugees/IDPs (Palestine),7,78,Civilian targeting,275,Middle East,Palestine,Gaza Strip,North Gaza,,Beit Lahiya - Al Mashroo,31.5433,34.4998,1,Ma'an News Agency; Newpress; Twitter,New media-National,"On 8 December 2023, Israeli warplanes struck a house in Beit Lahiya - Al Mashroo (North Gaza, Gaza Strip), killing 7 persons. Also, there were an unspecified number of fatalities in an airstrike on the Khalifa school hosting displaced people. Total fatalities coded as 17.",17,,1753954979
PSE42462,12/8/2023,2023,1,Political violence,Explosions/Remote violence,Air/drone strike,Military Forces of Israel (2022-),,8,Civilians (Palestine),,7,78,Civilian targeting,275,Middle East,Palestine,Gaza Strip,Khan Yunis,,Khan Yunis - Ash Sheikh Naser,31.3398,34.3116,1,Ma'an News Agency; PLO Negotiations Affairs Department,Other-National,"On 8 December 2023, Israeli warplanes struck houses in Khan Yunis - Ash Sheikh Naser (Khan Yunis, Gaza Strip). Casualties unknown.",0,,1753954979
PSE42454,12/8/2023,2023,1,Political violence,Explosions/Remote violence,Air/drone strike,Military Forces of Israel (2022-),,8,Civilians (Palestine),Muslim Group (Palestine),7,78,Civilian targeting,275,Middle East,Palestine,Gaza Strip,Gaza City,,Gaza - At Tuffah,31.5134,34.4751,1,Newpress; Palestine News and Information Agency; Palestinian Ministry of Health; Quds News Network; Twitter,Other-New media,"On 8 December 2023, Israeli warplanes and artillery struck targets and houses in Gaza - At Tuffah (Gaza City, Gaza Strip), leaving an unspecified number of fatalities and injuries. Also, several Palestinians were killed in an airstrike on a mosque. [Palestinian Ministry of Health reported 17700 fatalities between 7 October - 8 December 2023. 111 fatalities not attributed to specific events split across 13 events between 7 - 8 December. 8 fatalities coded to this event.]",8,,1759789988
PSE42466,12/8/2023,2023,1,Political violence,Explosions/Remote violence,Air/drone strike,Military Forces of Israel (2022-),,8,Civilians (Palestine),Health Workers (Palestine); Refugees/IDPs (Palestine),7,78,Civilian targeting,275,Middle East,Palestine,Gaza Strip,North Gaza,,Jabalya Camp,31.536,34.4907,1,Palestine News and Information Agency; Palestinian Ministry of Health,Other-National,"On 8 December 2023, Israeli drones opened fire and artillery struck targets, including a center hosting displaced people and al-Yaman al-Said Hospital in Mukhayyam Jabalya camp (North Gaza, Gaza Strip). In both attacks there were an unspecified number of fatalities. [Palestinian Ministry of Health reported 17700 fatalities between 7 October - 8 December 2023. 111 fatalities not attributed to specific events split across 13 events between 7 - 8 December. 8 fatalities coded to this event.]",8,,1753954979
PSE42592,12/8/2023,2023,1,Political violence,Explosions/Remote violence,Air/drone strike,Military Forces of Israel (2022-),,8,Civilians (Palestine),Refugees/IDPs (Palestine),7,78,Civilian targeting,275,Middle East,Palestine,Gaza Strip,North Gaza,,Beit Lahiya,31.5541,34.5016,1,Palestine News and Information Agency; Palestinian Ministry of Health,Other-National,"On 8 December 2023, Israeli warplanes carried out airstrikes in Beit Lahiya and struck a center for hosting displaced people on the outskirts of the Indonesian Hospital (North Gaza, Gaza Strip), leaving an unspecified number of fatalities. [Palestinian Ministry of Health reported 17700 fatalities between 7 October - 8 December 2023. 111 fatalities not attributed to specific events split across 13 events between 7 - 8 December. 9 fatalities coded to this event.]",9,,1753954979
PSE42597,12/8/2023,2023,1,Political violence,Explosions/Remote violence,Air/drone strike,Military Forces of Israel (2022-),,8,Civilians (Palestine),Muslim Group (Palestine),7,78,Civilian targeting,275,Middle East,Palestine,Gaza Strip,Deir El Balah,,Deir al Balah,31.4178,34.3503,1,Palestine News and Information Agency; Palestinian Ministry of Health; Quds News Network; Twitter,Other-New media,"On 8 December 2023, Israeli warplanes struck the Yafa mosque and a house in Deir al Balah (Deir El Balah, Gaza Strip), leaving an unspecified number of fatalities. [Palestinian Ministry of Health reported 17700 fatalities between 7 October - 8 December 2023. 111 fatalities not attributed to specific events split across 13 events between 7 - 8 December. 9 fatalities coded to this event.]",9,,1753954979
PSE42599,12/8/2023,2023,1,Political violence,Explosions/Remote violence,Air/drone strike,Military Forces of Israel (2022-),,8,Civilians (Palestine),,7,78,Civilian targeting,275,Middle East,Palestine,Gaza Strip,Gaza City,,Gaza - Southern Remal,31.5168,34.4355,1,Palestine News and Information Agency; Palestinian Ministry of Health,Other-National,"On 8 December 2023, Israeli warplanes struck houses in Gaza - Southern Remal (Gaza City, Gaza Strip), leaving an unspecified number of fatalities and injuries. [Palestinian Ministry of Health reported 17700 fatalities between 7 October - 8 December 2023. 111 fatalities not attributed to specific events split across 13 events between 7 - 8 December. 9 fatalities coded to this event.]",9,,1759789988
PSE42443,12/8/2023,2023,1,Political violence,Violence against civilians,Abduction/forced disappearance,Military Forces of Israel (2022-),,8,Civilians (Palestine),,7,78,Civilian targeting,275,Middle East,Palestine,Gaza Strip,Gaza City,,Al Mughraqa,31.4675,34.4097,1,Ma'an News Agency,National,"On 8 December 2023, Israeli military forces arrested hundreds of Palestinians at the Kuwait crossing in Al Mughraqa (Gaza City, Gaza Strip).",0,,1772581279
PSE42455,12/8/2023,2023,1,Political violence,Explosions/Remote violence,Air/drone strike,Military Forces of Israel (2022-),,8,Civilians (Palestine),,7,78,Civilian targeting,275,Middle East,Palestine,Gaza Strip,Gaza City,,Gaza - Az Zaytun,31.4964,34.4522,1,Ma'an News Agency,National,"On 8 December 2023, Israeli warplanes struck a building and a house in Gaza - Az Zaytun (Gaza City, Gaza Strip). In both attacks there were dozens killed. Fatalities coded as 12.",12,,1759789988
PSE42460,12/8/2023,2023,1,Political violence,Violence against civilians,Attack,Military Forces of Israel (2022-),,8,Civilians (Palestine),Health Workers (Palestine),7,78,Civilian targeting,275,Middle East,Palestine,Gaza Strip,North Gaza,,Jabalya,31.5272,34.4835,1,Palestine News and Information Agency; Quds News Network; Twitter,New media-National,"On 8 December 2023, Israeli snipers targeted Al Awda Hospital in Jabalya (North Gaza, Gaza Strip), killing a doctor.",1,,1759789988
PSE42626,12/8/2023,2023,1,Political violence,Explosions/Remote violence,Air/drone strike,Military Forces of Israel (2022-),,8,Civilians (Palestine),,7,78,Civilian targeting,275,Middle East,Palestine,Gaza Strip,Khan Yunis,,Qizan an Najjar,31.323,34.2761,1,Palestinian Ministry of Health; Quds News Network; Twitter,Other-New media,"On 8 December 2023, Israeli warplanes struck a house in Qizan an Najjar (Khan Yunis, Gaza Strip), leaving an unspecified number of fatalities and injuries. [Palestinian Ministry of Health reported 17700 fatalities between 7 October - 8 December 2023. 111 fatalities not attributed to specific events split across 13 events between 7 - 8 December. 9 fatalities coded to this event.]",9,,1753954979
PSE42627,12/8/2023,2023,1,Political violence,Explosions/Remote violence,Air/drone strike,Military Forces of Israel (2022-),,8,Civilians (Palestine),Muslim Group (Palestine),7,78,Civilian targeting,275,Middle East,Palestine,Gaza Strip,Khan Yunis,,Khan Yunis - As-Sameen,31.3369,34.2925,1,Palestinian Ministry of Health; Quds News Network; Twitter,Other-New media,"On 8 December 2023, Israeli warplanes struck a mosque in Khan Yunis - As-Sameen (Khan Yunis, Gaza Strip), leaving an unspecified number of fatalities and injuries. [Palestinian Ministry of Health reported 17700 fatalities between 7 October - 8 December 2023. 111 fatalities not attributed to specific events split across 13 events between 7 - 8 December. 9 fatalities coded to this event.]",9,,1753954979
PSE43141,12/9/2023,2023,1,Political violence,Explosions/Remote violence,Air/drone strike,Military Forces of Israel (2022-),,8,Civilians (Palestine),,7,78,Civilian targeting,275,Middle East,Palestine,Gaza Strip,Khan Yunis,,Bani Suheila,31.3424,34.325,2,PLO Negotiations Affairs Department; Quds News Network; Twitter,Other-New media,"On 9 December 2023, Israeli warplanes, artillery, and tanks shelled targets east of Khan Yunis (coded to Bani Suheila, Gaza Strip). Casualties unknown.",0,,1753954979
PSE43151,12/9/2023,2023,1,Political violence,Explosions/Remote violence,Air/drone strike,Military Forces of Israel (2022-),,8,Civilians (Palestine),,7,78,Civilian targeting,275,Middle East,Palestine,Gaza Strip,Gaza City,,Gaza - Ad Darraj,31.5172,34.4642,1,Ma'an News Agency; Palestine News and Information Agency; Quds News Network,National,"On 9 December 2023, Israeli warplanes carried out airstrikes in Al Sahabah in Gaza - Ad Darraj (Gaza City, Gaza Strip), killing 20 Palestinians and injuring dozens.",20,,1759789988
PSE43154,12/9/2023,2023,1,Political violence,Explosions/Remote violence,Air/drone strike,Military Forces of Israel (2022-),,8,Civilians (Palestine),,7,78,Civilian targeting,275,Middle East,Palestine,Gaza Strip,Gaza City,,Gaza - Shujaiyya,31.4988,34.4699,1,Palestine News and Information Agency; Quds News Network,National,"On 9 December 2023, Israeli warplanes struck 3 houses in Al Mansourah street and Al Tawaheen area in Gaza - Shujaiyya (Gaza City, Gaza Strip), killing 12 Palestinians and injuring dozens others. Meanwhile, artillery shelled targets in the area.",12,,1759789988
PSE43158,12/9/2023,2023,1,Political violence,Explosions/Remote violence,Air/drone strike,Military Forces of Israel (2022-),,8,Civilians (Palestine),Health Workers (Palestine),7,78,Civilian targeting,275,Middle East,Palestine,Gaza Strip,Khan Yunis,,Al Fukhari,31.2952,34.3332,1,Palestine News and Information Agency; Quds News Network,National,"On 9 December 2023, Israeli warplanes struck a Palestinian ambulance near the European Hospital in Al Fukhari (Khan Yunis, Gaza Strip), injuring 2 Palestinians.",0,,1753954979
PSE43159,12/9/2023,2023,1,Political violence,Violence against civilians,Abduction/forced disappearance,Military Forces of Israel (2022-),,8,Civilians (Palestine),Health Workers (Palestine),7,78,Civilian targeting,275,Middle East,Palestine,Gaza Strip,Gaza City,,Gaza,31.5045,34.4743,1,Palestine News and Information Agency,National,"On 9 December 2023, Israeli military forces arrested dozens of Palestinians in Gaza (Gaza City, Gaza Strip), including a doctor.",0,,1772581279
PSE43162,12/9/2023,2023,1,Political violence,Explosions/Remote violence,Air/drone strike,Military Forces of Israel (2022-),,8,Civilians (Palestine),,7,78,Civilian targeting,275,Middle East,Palestine,Gaza Strip,Khan Yunis,,Khan Yunis,31.3502,34.3081,1,Dunia Al Watan; Ma'an News Agency; Newpress; Palestine News and Information Agency; Quds News Network; Twitter,New media-National,"On 9 December 2023, Israeli warplanes struck houses in Khan Yunis city (Khan Yunis, Gaza Strip), killing at least one Palestinian and injuring dozens others. Meanwhile, artillery shelled targets in the city, including the Jordanian field hospital, with no casualties in the hospital.",1,,1753954979
PSE43166,12/9/2023,2023,1,Political violence,Explosions/Remote violence,Air/drone strike,Military Forces of Israel (2022-),,8,Civilians (Palestine),,7,78,Civilian targeting,275,Middle East,Palestine,Gaza Strip,Khan Yunis,,Bani Suheila,31.3424,34.325,1,Newpress; Palestine News and Information Agency; PLO Negotiations Affairs Department; Quds News Network; Twitter,Other-New media,"On 9 December 2023, Israeli warplanes struck houses and artillery shelled targets in Bani Suheila (Khan Yunis, Gaza Strip). Casualties unknown.",0,,1753954979
PSE43178,12/9/2023,2023,1,Political violence,Explosions/Remote violence,Air/drone strike,Military Forces of Israel (2022-),,8,Civilians (Palestine),Refugees/IDPs (Palestine),7,78,Civilian targeting,275,Middle East,Palestine,Gaza Strip,Khan Yunis,,Khan Yunis - West (Municipal Stadium),31.3484,34.2961,1,Ma'an News Agency; PLO Negotiations Affairs Department,Other-National,"On 9 December 2023, Israeli warplanes struck houses in Khan Yunis refugee camp west of Khan Yunis city, Khan Yunis - West (Municipal Stadium) in Gaza Strip. Casualties unknown.",0,,1753954979
PSE43183,12/9/2023,2023,1,Political violence,Explosions/Remote violence,Air/drone strike,Military Forces of Israel (2022-),,8,Civilians (Palestine),,7,78,Civilian targeting,275,Middle East,Palestine,Gaza Strip,Gaza City,,Gaza - Sheikh Radwan,31.5349,34.4667,1,PLO Negotiations Affairs Department; Quds News Network,Other-National,"On 9 December 2023, Israeli warplanes carried out airstrikes in Gaza - Sheikh Radwan (Gaza City, Gaza Strip). Casualties unknown.",0,,1759789988
PSE43656,12/9/2023,2023,1,Political violence,Explosions/Remote violence,Shelling/artillery/missile attack,Military Forces of Israel (2022-),,8,Civilians (Palestine),,7,78,Civilian targeting,275,Middle East,Palestine,Gaza Strip,Gaza City,,Gaza - Shujaiyya,31.4988,34.4699,2,PLO Negotiations Affairs Department; Quds News Network,Other-National,"On 9 December 2023, Israeli artillery and tanks shelled targets east of Gaza City (coded to Gaza - Shujaiyya, Gaza Strip). Casualties unknown.",0,,1759789988
PSE43663,12/9/2023,2023,1,Political violence,Explosions/Remote violence,Shelling/artillery/missile attack,Military Forces of Israel (2022-),,8,Civilians (Palestine),,7,78,Civilian targeting,275,Middle East,Palestine,Gaza Strip,Gaza City,,Gaza Port,31.5245,34.4326,2,PLO Negotiations Affairs Department,Other,"On 9 December 2023, Israeli gunboats shelled targets along the Coast of Gaza City (coded to Gaza Port, Gaza Strip). Casualties unknown.",0,,1753954979
PSE43664,12/9/2023,2023,1,Political violence,Explosions/Remote violence,Shelling/artillery/missile attack,Military Forces of Israel (2022-),,8,Civilians (Palestine),,7,78,Civilian targeting,275,Middle East,Palestine,Gaza Strip,North Gaza,,Beit Lahiya - As Siafa,31.5887,34.4959,2,PLO Negotiations Affairs Department,Other,"On 9 December 2023, Israeli gunboats shelled targets along the Coast of North Gaza (coded to Beit Lahiya - As Siafa, Gaza Strip). Casualties unknown.",0,,1762292062
PSE43665,12/9/2023,2023,1,Political violence,Explosions/Remote violence,Shelling/artillery/missile attack,Military Forces of Israel (2022-),,8,Civilians (Palestine),,7,78,Civilian targeting,275,Middle East,Palestine,Gaza Strip,Rafah,,Coast of Rafah,31.3474,34.2226,2,Palestine News and Information Agency; PLO Negotiations Affairs Department,Other-National,"On 9 December 2023, Israeli gunboats shelled targets along the Coast of Rafah (Rafah, Gaza Strip). Casualties unknown.",0,,1753954979
PSE43667,12/9/2023,2023,1,Political violence,Explosions/Remote violence,Shelling/artillery/missile attack,Military Forces of Israel (2022-),,8,Civilians (Palestine),,7,78,Civilian targeting,275,Middle East,Palestine,Gaza Strip,Khan Yunis,,Khan Yunis Port,31.3691,34.2734,2,PLO Negotiations Affairs Department,Other,"On 9 December 2023, Israeli gunboats shelled targets along the coast of Khan Yunis (coded to Khan Yunis Port, Gaza Strip). Casualties unknown.",0,,1753954979
PSE43668,12/9/2023,2023,1,Political violence,Explosions/Remote violence,Shelling/artillery/missile attack,Military Forces of Israel (2022-),,8,Civilians (Palestine),,7,78,Civilian targeting,275,Middle East,Palestine,Gaza Strip,Gaza City,,Gaza - Northern Remal,31.524,34.4505,1,Palestine News and Information Agency,National,"On 9 December 2023, Israeli artillery shelled houses in Gaza - Northern Remal (Gaza City, Gaza Strip), killing at least 9 Palestinians, a woman and her 8 children, and injuring dozens of others.",9,,1759789988
PSE43669,12/9/2023,2023,1,Political violence,Explosions/Remote violence,Shelling/artillery/missile attack,Military Forces of Israel (2022-),,8,Civilians (Palestine),,7,78,Civilian targeting,275,Middle East,Palestine,Gaza Strip,Khan Yunis,,Abasan al Kabirah,31.3191,34.3401,1,Palestine News and Information Agency; PLO Negotiations Affairs Department; Quds News Network,Other-National,"On 9 December 2023, Israeli artillery shelled targets in Abasan al Kabirah (Khan Yunis, Gaza Strip). Casualties unknown.",0,,1753954979
PSE43670,12/9/2023,2023,1,Political violence,Explosions/Remote violence,Shelling/artillery/missile attack,Military Forces of Israel (2022-),,8,Civilians (Palestine),,7,78,Civilian targeting,275,Middle East,Palestine,Gaza Strip,Khan Yunis,,Khan Yunis - Maen,31.336,34.3172,1,Palestine News and Information Agency; PLO Negotiations Affairs Department,Other-National,"On 9 December 2023, Israeli artillery shelled targets in Khan Yunis - Maen (Khan Yunis, Gaza Strip). Casualties unknown.",0,,1753954979
PSE43672,12/9/2023,2023,1,Political violence,Explosions/Remote violence,Shelling/artillery/missile attack,Military Forces of Israel (2022-),,8,Civilians (Palestine),,7,78,Civilian targeting,275,Middle East,Palestine,Gaza Strip,Khan Yunis,,Al Qararah,31.3739,34.3409,1,PLO Negotiations Affairs Department; Quds News Network,Other-National,"On 9 December 2023, Israeli artillery shelled targets in Al Qararah (Khan Yunis, Gaza Strip). Casualties unknown.",0,,1753954979
PSE43675,12/9/2023,2023,1,Political violence,Explosions/Remote violence,Shelling/artillery/missile attack,Military Forces of Israel (2022-),,8,Civilians (Palestine),,7,78,Civilian targeting,275,Middle East,Palestine,Gaza Strip,Khan Yunis,,Khan Yunis - As Sater,31.3637,34.3228,1,PLO Negotiations Affairs Department; Quds News Network,Other-National,"On 9 December 2023, Israeli artillery shelled targets in Khan Yunis - As Sater (Khan Yunis, Gaza Strip). Casualties unknown.",0,,1753954979
PSE43152,12/9/2023,2023,1,Political violence,Explosions/Remote violence,Air/drone strike,Military Forces of Israel (2022-),,8,Civilians (Palestine),Refugees/IDPs (Palestine),7,78,Civilian targeting,275,Middle East,Palestine,Gaza Strip,Deir El Balah,,Al Burayj,31.4394,34.4031,1,Palestine News and Information Agency; Quds News Network; Twitter,New media-National,"On 9 December 2023, Israeli warplanes struck houses in Al Burayj refugee camp (Deir El Balah, Gaza Strip), killing at least 7 Palestinians and injuring dozens of others.",7,,1753954979
PSE43153,12/9/2023,2023,1,Political violence,Explosions/Remote violence,Air/drone strike,Military Forces of Israel (2022-),,8,Civilians (Palestine),,7,78,Civilian targeting,275,Middle East,Palestine,Gaza Strip,Deir El Balah,,An Nusayrat - North,31.4591,34.3923,1,Newpress; Palestine News and Information Agency; Quds News Network; Twitter,New media-National,"On 9 December 2023, Israeli warplanes struck the Abu Mhadi land north of An Nusayrat (An Nusayrat - North, Deir El Balah, Gaza Strip), killing 6 persons.",6,,1753954979
PSE43161,12/9/2023,2023,1,Political violence,Explosions/Remote violence,Air/drone strike,Military Forces of Israel (2022-),,8,Civilians (Palestine),,7,78,Civilian targeting,275,Middle East,Palestine,Gaza Strip,Deir El Balah,,Deir al Balah,31.4178,34.3503,1,Liveuamap; Newpress; Palestine News and Information Agency; Quds News Network; Twitter,Local partner-New media,"On 9 December 2023, Israeli warplanes struck 3 houses in Deir al Balah (Deir El Balah, Gaza Strip), killing 6 Palestinians and injuring dozens of others. Also, 4 Palestinians were killed and dozens of others were injured in a separate airstrike. Total fatalities coded 10.",10,,1753954979
PSE43163,12/9/2023,2023,1,Political violence,Explosions/Remote violence,Air/drone strike,Military Forces of Israel (2022-),,8,Civilians (Palestine),Refugees/IDPs (Palestine),7,78,Civilian targeting,275,Middle East,Palestine,Gaza Strip,Deir El Balah,,Al Maghazi,31.4214,34.3865,1,Palestine News and Information Agency; Quds News Network,National,"On 9 December 2023, Israeli warplanes struck a house in Al Maghazi refugee camp (Deir El Balah, Gaza Strip), killing 9 Palestinians and injuring dozens.",9,,1753954979
PSE43168,12/9/2023,2023,1,Political violence,Explosions/Remote violence,Air/drone strike,Military Forces of Israel (2022-),,8,Civilians (Palestine),,7,78,Civilian targeting,275,Middle East,Palestine,Gaza Strip,Deir El Balah,,An Nusayrat,31.4486,34.3925,1,Liveuamap; Ma'an News Agency; Newpress; Palestine News and Information Agency; Quds News Network; Twitter,Local partner-New media,"On 9 December 2023, Israeli warplanes struck houses in An Nusayrat (Deir El Balah, Gaza Strip), killing 9 persons and injuring several of others.",9,,1753954979
PSE43659,12/9/2023,2023,1,Political violence,Explosions/Remote violence,Shelling/artillery/missile attack,Military Forces of Israel (2022-),,8,Civilians (Palestine),,7,78,Civilian targeting,275,Middle East,Palestine,Gaza Strip,Deir El Balah,,Deir al Balah Camp,31.4249,34.34,2,PLO Negotiations Affairs Department,Other,"On 9 December 2023, Israeli artillery and tanks shelled targets east of Deir El Balah (coded to Deir al Balah Camp, Gaza Strip). Casualties unknown.",0,,1765850627
PSE43666,12/9/2023,2023,1,Political violence,Explosions/Remote violence,Shelling/artillery/missile attack,Military Forces of Israel (2022-),,8,Civilians (Palestine),,7,78,Civilian targeting,275,Middle East,Palestine,Gaza Strip,Deir El Balah,,Al Brawk,31.4204,34.339,2,PLO Negotiations Affairs Department,Other,"On 9 December 2023, Israeli gunboats shelled targets along the coast of Deir al Balah (coded to Al Brawk, Gaza Strip). Casualties unknown.",0,,1767742780
PSE43150,12/9/2023,2023,1,Political violence,Explosions/Remote violence,Air/drone strike,Military Forces of Israel (2022-),,8,Civilians (Palestine),,7,78,Civilian targeting,275,Middle East,Palestine,Gaza Strip,Rafah,,Shokat as Sufi,31.2586,34.2824,2,Ma'an News Agency; Newpress; Palestine News and Information Agency; Quds News Network; Twitter,New media-National,"On 9 December 2023, Israeli warplanes struck a house near Rafah Crossing south of Shokat as Sufi (Rafah, Gaza Strip), killing 5 Palestinians and injuring an unspecified number of others.",5,,1753954979
PSE43361,12/9/2023,2023,1,Political violence,Violence against civilians,Attack,Military Forces of Israel (2022-),,8,Civilians (Palestine),Health Workers (Palestine); Women (Palestine),7,78,Civilian targeting,275,Middle East,Palestine,Gaza Strip,North Gaza,,Beit Lahiya,31.5541,34.5016,1,Quds News Network,National,"On 9 December 2023, Israeli troops opened fire at health workers and pregnant women at Kamal Odwan Hospital in Beit Lahiya (North Gaza, Gaza Strip), killing 3 health staff and several women. Total fatalities coded as 5.",5,,1753954979
PSE43156,12/9/2023,2023,1,Political violence,Explosions/Remote violence,Air/drone strike,Military Forces of Israel (2022-),,8,Civilians (Palestine),,7,78,Civilian targeting,275,Middle East,Palestine,Gaza Strip,Gaza City,,Gaza - Sabra,31.5086,34.4493,1,Palestine News and Information Agency,National,"On 9 December 2023, Israeli warplanes struck houses in Gaza - Sabra (Gaza City, Gaza Strip), killing 4 Palestinians and injuring several of others.",4,,1759789988
PSE43181,12/9/2023,2023,1,Political violence,Explosions/Remote violence,Air/drone strike,Military Forces of Israel (2022-),,8,Civilians (Palestine),Refugees/IDPs (Palestine),7,78,Civilian targeting,275,Middle East,Palestine,Gaza Strip,Rafah,,Tal as Sultan,31.3098,34.2414,2,Newpress; PLO Negotiations Affairs Department; Quds News Network; Twitter,Other-New media,"On 9 December 2023, Israeli warplanes struck targets in al-Shaout refugee camp west of Rafah (coded to Tal as Sultan, Gaza Strip). Casualties unknown.",0,,1762829569
PSE43160,12/9/2023,2023,1,Political violence,Explosions/Remote violence,Air/drone strike,Military Forces of Israel (2022-),,8,Civilians (Palestine),Refugees/IDPs (Palestine),7,78,Civilian targeting,275,Middle East,Palestine,Gaza Strip,North Gaza,,Jabalya Camp,31.536,34.4907,1,Ma'an News Agency; Newpress; Palestine News and Information Agency; Quds News Network; Twitter,New media-National,"On 9 December 2023, Israeli forces opened fire and the artillery shelled targets in Mukhayyam Jabalya camp (North Gaza, Gaza Strip), leaving dozens of fatalities among Palestinians, coded as 12. Also, warplanes targeted houses hosting displaced people, and killed at least 2 Palestinians and injured dozens of others. Fatalities coded as 14.",14,,1753954979
PSE43171,12/9/2023,2023,1,Political violence,Explosions/Remote violence,Air/drone strike,Military Forces of Israel (2022-),,8,Civilians (Palestine),Muslim Group (Palestine),7,78,Civilian targeting,275,Middle East,Palestine,Gaza Strip,Gaza City,,Gaza - At Tuffah,31.5134,34.4751,1,Ma'an News Agency; Palestinian Ministry of Health; Quds News Network,Other-National,"On 9 December 2023, Israeli warplanes struck targets and the al-Mashahra mosque in Gaza - At Tuffah (Gaza City, Gaza Strip), leaving an unspecified number of fatalities and injuries. Also 3 Palestinians were killed in Yafa street in the area. [Palestinian Ministry of Health reported 17997 fatalities between 7 October - 9 December 2023. 92 fatalities not attributed to specific events split across 3 events on 9 December. 30 fatalities coded to this event.] Total fatalities coded as 33 (30 presumed + 3 known).",33,,1759789988
PSE43169,12/9/2023,2023,1,Political violence,Explosions/Remote violence,Air/drone strike,Military Forces of Israel (2022-),,8,Civilians (Palestine),Journalists (Palestine),7,78,Civilian targeting,275,Middle East,Palestine,Gaza Strip,Khan Yunis,,Khan Yunis - City Centre,31.3419,34.3015,1,Guardian (United Kingdom); Ma'an News Agency; Newpress; Palestinian Ministry of Health; Twitter,Other-New media,"On 9 December 2023, Israeli warplanes struck a house in Khan Yunis - City Centre (Khan Yunis, Gaza Strip), leaving an unspecified number of fatalities. A Palestinian journalist was killed in a strike. [Palestinian Ministry of Health reported 17997 fatalities between 7 October - 9 December 2023. 92 fatalities not attributed to specific events split across 3 events on 9 December. 31 fatalities coded to this event.]",31,,1757975700
PSE43170,12/9/2023,2023,1,Political violence,Explosions/Remote violence,Air/drone strike,Military Forces of Israel (2022-),,8,Civilians (Palestine),,7,78,Civilian targeting,275,Middle East,Palestine,Gaza Strip,Deir El Balah,,Az Zawayda,31.4284,34.366,1,Ma'an News Agency; Newpress; Palestinian Ministry of Health; Twitter,Other-New media,"On 9 December 2023, Israeli warplanes struck a house in Az Zawayda (Deir El Balah, Gaza Strip), leaving an unspecified number of fatalities and injuring several others. [Palestinian Ministry of Health reported 17997 fatalities between 7 October - 9 December 2023. 92 fatalities not attributed to specific events split across 3 events on 9 December. 31 fatalities coded to this event.]",31,,1767742780
PSE43657,12/9/2023,2023,1,Political violence,Explosions/Remote violence,Shelling/artillery/missile attack,Military Forces of Israel (2022-),,8,Civilians (Palestine),,7,78,Civilian targeting,275,Middle East,Palestine,Gaza Strip,North Gaza,,Beit Hanoun - Al-Sekka,31.5463,34.5332,2,PLO Negotiations Affairs Department,Other,"On 9 December 2023, Israeli artillery and tanks shelled targets east of North Gaza (coded as Beit Hanoun - Al-Sekka, Gaza Strip). Casualties unknown.",0,,1753954979
PSE43660,12/9/2023,2023,1,Political violence,Explosions/Remote violence,Shelling/artillery/missile attack,Military Forces of Israel (2022-),,8,Civilians (Palestine),,7,78,Civilian targeting,275,Middle East,Palestine,Gaza Strip,Rafah,,Yibna,31.2842,34.2482,2,PLO Negotiations Affairs Department,Other,"On 9 December 2023, Israeli artillery and tanks shelled targets east of Rafah (coded to Yibna, Gaza Strip). Casualties unknown.",0,,1753954979
PSE43155,12/9/2023,2023,1,Political violence,Explosions/Remote violence,Air/drone strike,Military Forces of Israel (2022-),,8,Civilians (Palestine),,7,78,Civilian targeting,275,Middle East,Palestine,Gaza Strip,Gaza City,,Gaza - Az Zaytun,31.4964,34.4522,1,Palestine News and Information Agency,National,"On 9 December 2023, Israeli warplanes struck 4 houses in Gaza - Az Zaytun (Gaza City, Gaza Strip), killing 15 Palestinians and injuring dozens of others, including women and children.",15,,1759789988
PSE43172,12/9/2023,2023,1,Political violence,Explosions/Remote violence,Air/drone strike,Military Forces of Israel (2022-),,8,Civilians (Palestine),,7,78,Civilian targeting,275,Middle East,Palestine,Gaza Strip,North Gaza,,Jabalya,31.5272,34.4835,1,Ma'an News Agency; PLO Negotiations Affairs Department; Quds News Network,Other-National,"On 9 December 2023, Israeli warplanes and artillery struck targets in Jabalya town (North Gaza, Gaza Strip). Casualties unknown.",0,,1759789988
PSE43148,12/9/2023,2023,1,Political violence,Explosions/Remote violence,Air/drone strike,Military Forces of Israel (2022-),,8,Civilians (Palestine),,7,78,Civilian targeting,275,Middle East,Palestine,Gaza Strip,Khan Yunis,,Khan Yunis - Jourat Al-Loot,31.3314,34.3004,2,Ma'an News Agency; Newpress; Palestine News and Information Agency; Quds News Network; Twitter,New media-National,"On 9 December 2023, Israeli warplanes struck houses south of Khan Yunis, Khan Yunis - Jourat Al-Loot (Khan Yunis, Gaza Strip), killing 6 Palestinian civilians.",6,,1753954979
PSE43149,12/9/2023,2023,1,Political violence,Explosions/Remote violence,Air/drone strike,Military Forces of Israel (2022-),,8,Civilians (Palestine),,7,78,Civilian targeting,275,Middle East,Palestine,Gaza Strip,Rafah,,Rafah,31.287,34.2595,1,Ma'an News Agency; Palestine News and Information Agency; Quds News Network; Twitter,New media-National,"On 9 December 2023, Israeli warplanes struck a house in Rafah city (Rafah, Gaza Strip), killing 10 Palestinians and injuring an unspecified number of others.",10,,1762829569
PSE43671,12/9/2023,2023,1,Political violence,Explosions/Remote violence,Shelling/artillery/missile attack,Military Forces of Israel (2022-),,8,Civilians (Palestine),,7,78,Civilian targeting,275,Middle East,Palestine,Gaza Strip,Rafah,,Rafah,31.287,34.2595,1,Palestine News and Information Agency; PLO Negotiations Affairs Department,Other-National,"On 9 December 2023, Israeli artillery shelled targets in Rafah City (Rafah, Gaza Strip). Casualties unknown.",0,,1762829569
PSE43199,12/10/2023,2023,1,Political violence,Explosions/Remote violence,Air/drone strike,Military Forces of Israel (2022-),,8,Civilians (Palestine),,7,78,Civilian targeting,275,Middle East,Palestine,Gaza Strip,Khan Yunis,,Khan Yunis - West (Municipal Stadium),31.3484,34.2961,2,Newpress; Palestine News and Information Agency; Quds News Network; Twitter,New media-National,"On 10 December 2023, Israeli warplanes struck a house west of Khan Yunis city, Khan Yunis - West (Municipal Stadium) in Gaza Strip, killing 10 Palestinians and injuring dozens others.",10,,1753954979
PSE43205,12/10/2023,2023,1,Political violence,Explosions/Remote violence,Air/drone strike,Military Forces of Israel (2022-),,8,Civilians (Palestine),,7,78,Civilian targeting,275,Middle East,Palestine,Gaza Strip,Gaza City,,Gaza - At Tuffah,31.5134,34.4751,1,Palestine News and Information Agency; PLO Negotiations Affairs Department; Quds News Network; Twitter,Other-New media,"On 10 December 2023, Israeli warplanes struck targets and fired white phosphorus bombs in Gaza - At Tuffah (Gaza City, Gaza Strip). Casualties unknown. HRW and other international organizations have accused Israel of using white phosphorous bombs.",0,,1759789988
PSE43206,12/10/2023,2023,1,Political violence,Explosions/Remote violence,Air/drone strike,Military Forces of Israel (2022-),,8,Civilians (Palestine),,7,78,Civilian targeting,275,Middle East,Palestine,Gaza Strip,Gaza City,,Gaza - Shujaiyya,31.4988,34.4699,1,Palestine News and Information Agency; PLO Negotiations Affairs Department,Other-National,"On 10 December 2023, Israeli warplanes struck targets in Gaza - Shujaiyya (Gaza City, Gaza Strip). Casualties unknown.",0,,1759789988
PSE43210,12/10/2023,2023,1,Political violence,Explosions/Remote violence,Air/drone strike,Military Forces of Israel (2022-),,8,Civilians (Palestine),,7,78,Civilian targeting,275,Middle East,Palestine,Gaza Strip,Khan Yunis,,Khan Yunis - Al Kateebeh,31.3642,34.3085,2,Palestine News and Information Agency,National,"On 10 December 2023, Israeli warplanes and artillery struck houses north of Khan Yunis city, Khan Yunis - Al Kateebeh (Khan Yunis, Gaza Strip), leaving dozens of fatalities (coded as 12) and injuries among Palestinians. Fatalities coded as 6.",12,,1767742780
PSE43211,12/10/2023,2023,1,Political violence,Explosions/Remote violence,Air/drone strike,Military Forces of Israel (2022-),,8,Civilians (Palestine),,7,78,Civilian targeting,275,Middle East,Palestine,Gaza Strip,Khan Yunis,,Bani Suheila,31.3424,34.325,2,Palestine News and Information Agency,National,"On 10 December 2023, Israeli warplanes and artillery struck houses east of Khan Yunis city, Bani Suheila (Khan Yunis, Gaza Strip), leaving dozens of fatalities (coded as 12) and injuries among Palestinians.",12,,1753954979
PSE43212,12/10/2023,2023,1,Political violence,Explosions/Remote violence,Air/drone strike,Military Forces of Israel (2022-),,8,Civilians (Palestine),,7,78,Civilian targeting,275,Middle East,Palestine,Gaza Strip,Khan Yunis,,Bani Suheila,31.3424,34.325,1,Palestine News and Information Agency; Quds News Network; Twitter,New media-National,"On 10 December 2023, Israeli warplanes and artillery struck houses in Bani Suheila (Khan Yunis, Gaza Strip), leaving dozens of fatalities (coded as 12) and injuries among Palestinians.",12,,1753954979
PSE43213,12/10/2023,2023,1,Political violence,Explosions/Remote violence,Air/drone strike,Military Forces of Israel (2022-),,8,Civilians (Palestine),,7,78,Civilian targeting,275,Middle East,Palestine,Gaza Strip,Khan Yunis,,Abasan al Kabirah,31.3191,34.3401,1,Palestine News and Information Agency,National,"On 10 December 2023, Israeli warplanes and artillery struck houses in Abasan al Kabirah (Khan Yunis, Gaza Strip), leaving dozens of fatalities (coded as 12) and injuries among Palestinians.",12,,1753954979
PSE43214,12/10/2023,2023,1,Political violence,Explosions/Remote violence,Air/drone strike,Military Forces of Israel (2022-),,8,Civilians (Palestine),Muslim Group (Palestine),7,78,Civilian targeting,275,Middle East,Palestine,Gaza Strip,Khan Yunis,,Khuzaa,31.3069,34.3572,1,Newpress; Palestine News and Information Agency; Quds News Network; Twitter,New media-National,"On 10 December 2023, Israeli warplanes and artillery struck houses and the Hamza mosque in Khuzaa (Khan Yunis, Gaza Strip), leaving dozens of fatalities (coded as 12) and injuries among Palestinians.",12,,1753954979
PSE43215,12/10/2023,2023,1,Political violence,Explosions/Remote violence,Air/drone strike,Military Forces of Israel (2022-),,8,Civilians (Palestine),,7,78,Civilian targeting,275,Middle East,Palestine,Gaza Strip,Khan Yunis,,Al Qararah,31.3739,34.3409,1,Palestine News and Information Agency,National,"On 10 December 2023, Israeli warplanes and artillery struck houses in Al Qararah (Khan Yunis, Gaza Strip), leaving dozens of fatalities (coded as 12) and injuries among Palestinians.",12,,1753954979
PSE43230,12/10/2023,2023,1,Political violence,Explosions/Remote violence,Air/drone strike,Military Forces of Israel (2022-),,8,Civilians (Palestine),,7,78,Civilian targeting,275,Middle East,Palestine,Gaza Strip,Khan Yunis,,Khan Yunis - Al Amal,31.3544,34.3007,1,Newpress; Quds News Network; Twitter,New media-National,"On 10 December 2023, Israeli warplanes struck 2 houses in Khan Yunis - Al Amal (Khan Yunis, Gaza Strip), killing 2 Palestinians and injuring several others.",2,,1753954979
PSE43710,12/10/2023,2023,1,Political violence,Explosions/Remote violence,Shelling/artillery/missile attack,Military Forces of Israel (2022-),,8,Civilians (Palestine),Muslim Group (Palestine),7,78,Civilian targeting,275,Middle East,Palestine,Gaza Strip,Khan Yunis,,Khan Yunis - City Centre,31.3419,34.3015,1,Ma'an News Agency; Newpress; Palestine News and Information Agency; Quds News Network; Twitter,New media-National,"On 10 December 2023, Israeli artillery struck houses and a mosque in Khan Yunis - City Centre (Khan Yunis, Gaza Strip), leaving 4 fatalities and dozens of injuries among Palestinians.",4,,1753954979
PSE43202,12/10/2023,2023,1,Political violence,Explosions/Remote violence,Air/drone strike,Military Forces of Israel (2022-),,8,Civilians (Palestine),Refugees/IDPs (Palestine),7,78,Civilian targeting,275,Middle East,Palestine,Gaza Strip,Deir El Balah,,An Nusayrat,31.4486,34.3925,1,Ma'an News Agency; Palestine News and Information Agency,National,"On 10 December 2023, Israeli warplanes struck targets in An Nusayrat refugee camp (Deir El Balah, Gaza Strip), killing 3 Palestinians.",3,,1753954979
PSE43203,12/10/2023,2023,1,Political violence,Explosions/Remote violence,Air/drone strike,Military Forces of Israel (2022-),,8,Civilians (Palestine),Refugees/IDPs (Palestine),7,78,Civilian targeting,275,Middle East,Palestine,Gaza Strip,Deir El Balah,,Al Maghazi,31.4214,34.3865,1,Al-Ittihad; Liveuamap; Ma'an News Agency; Newpress; Palestine News and Information Agency; Quds News Network; Twitter,Local partner-New media,"On 10 December 2023, Israeli warplanes and artillery struck targets in Al Maghazi refugee camp (Deir El Balah, Gaza Strip), killing 2 Palestinians. Also 22 Palestinians were killed in airstrikes on houses in the area. Total fatalities coded 24.",24,,1753954979
PSE43204,12/10/2023,2023,1,Political violence,Explosions/Remote violence,Air/drone strike,Military Forces of Israel (2022-),,8,Civilians (Palestine),,7,78,Civilian targeting,275,Middle East,Palestine,Gaza Strip,Deir El Balah,,Az Zawayda,31.4284,34.366,1,Palestine News and Information Agency; Quds News Network; Twitter,New media-National,"On 10 December 2023, Israeli warplanes struck a house in the Trans al-Baba area of Az Zawayda (Deir El Balah, Gaza Strip), killing 4 Palestinians and injuring dozens of others.",4,,1767742780
PSE43208,12/10/2023,2023,1,Political violence,Explosions/Remote violence,Air/drone strike,Military Forces of Israel (2022-),,8,Civilians (Palestine),Refugees/IDPs (Palestine),7,78,Civilian targeting,275,Middle East,Palestine,Gaza Strip,Deir El Balah,,Al Burayj,31.4394,34.4031,1,Ma'an News Agency; Palestine News and Information Agency,National,"On 10 December 2023, Israeli warplanes struck a house in Al Burayj refugee camp (Deir El Balah, Gaza Strip), killing 7 persons.",7,,1753954979
PSE43233,12/10/2023,2023,1,Political violence,Explosions/Remote violence,Air/drone strike,Military Forces of Israel (2022-),,8,Civilians (Palestine),,7,78,Civilian targeting,275,Middle East,Palestine,Gaza Strip,Deir El Balah,,An Nusayrat - South,31.4389,34.3815,2,Liveuamap; Quds News Network; Twitter,Local partner-New media,"On 10 December 2023, Israeli warplanes struck a house in al-Sawarha area, southwest of An Nusayrat (coded to An Nusayrat - South, Deir El Balah, Gaza Strip), killing 5 Palestinians.",5,,1753954979
PSE43201,12/10/2023,2023,1,Political violence,Explosions/Remote violence,Air/drone strike,Military Forces of Israel (2022-),,8,Civilians (Palestine),,7,78,Civilian targeting,275,Middle East,Palestine,Gaza Strip,Deir El Balah,,Deir al Balah,31.4178,34.3503,1,Ma'an News Agency; Newpress; Palestine News and Information Agency; Quds News Network; Twitter,New media-National,"On 10 December 2023, Israeli warplanes struck a house in al-Basah area of Deir al Balah city (Deir El Balah, Gaza Strip) leaving an unspecified number fatalities and injuries. Unspecified number of fatalities coded as 3.",3,,1753954979
PSE43207,12/10/2023,2023,1,Political violence,Explosions/Remote violence,Air/drone strike,Military Forces of Israel (2022-),,8,Civilians (Palestine),Refugees/IDPs (Palestine),7,78,Civilian targeting,275,Middle East,Palestine,Gaza Strip,North Gaza,,Jabalya Camp,31.536,34.4907,1,Liveuamap; Ma'an News Agency; Palestine News and Information Agency; Quds News Network; Twitter,Local partner-New media,"On 10 December 2023, Israeli warplanes and artillery struck houses and centers that host displaced people in Mukhayyam Jabalya camp (North Gaza, Gaza Strip), killing at least 45 Palestinians and injuring dozens of others.",45,,1753954979
PSE43234,12/10/2023,2023,1,Political violence,Explosions/Remote violence,Air/drone strike,Military Forces of Israel (2022-),,8,Civilians (Palestine),,7,78,Civilian targeting,275,Middle East,Palestine,Gaza Strip,North Gaza,,Beit Lahiya,31.5541,34.5016,1,Liveuamap; Palestine News and Information Agency; PLO Negotiations Affairs Department,Local partner-New media,"On 10 December 2023, Israeli warplanes carried out airstrikes in Beit Lahiya (North Gaza, Gaza Strip). Casualties unknown. [On 23 December 2023, dozens of bodies were recovered from under the rubble in Beit Lahiya. These fatalities were coded to this event as 12].",12,,1753954979
PSE43209,12/10/2023,2023,1,Political violence,Explosions/Remote violence,Air/drone strike,Military Forces of Israel (2022-),,8,Civilians (Palestine),,7,78,Civilian targeting,275,Middle East,Palestine,Gaza Strip,North Gaza,,Jabalya,31.5272,34.4835,1,Ma'an News Agency; Newpress; Palestine News and Information Agency; Quds News Network; Twitter,New media-National,"On 10 December 2023, Israeli warplanes struck houses in Jabalya town (North Gaza, Gaza Strip), killing 9 persons.",9,,1759789988
PSE43217,12/10/2023,2023,1,Political violence,Explosions/Remote violence,Air/drone strike,Military Forces of Israel (2022-),,8,Civilians (Palestine),,7,78,Civilian targeting,275,Middle East,Palestine,Gaza Strip,Rafah,,Rafah,31.287,34.2595,1,Ma'an News Agency; Palestine News and Information Agency; PLO Negotiations Affairs Department; Quds News Network; Twitter,Other-New media,"On 10 December 2023, Israeli warplanes carried out airstrikes in Rafah city (Rafah, Gaza Strip). Casualties unknown.",0,,1762829569
PSE43224,12/10/2023,2023,1,Political violence,Explosions/Remote violence,Air/drone strike,Military Forces of Israel (2022-),,8,Civilians (Palestine),,7,78,Civilian targeting,275,Middle East,Palestine,Gaza Strip,Rafah,,Khirbet al Adas,31.2855,34.2714,2,Newpress; PLO Negotiations Affairs Department; Twitter,Other-New media,"On 10 December 2023, Israeli warplanes carried out airstrikes (belt of fire) north of Rafah city (coded to Khirbet al Adas, Gaza Strip). Casualties unknown.",0,,1753954979
PSE43232,12/10/2023,2023,1,Political violence,Explosions/Remote violence,Air/drone strike,Military Forces of Israel (2022-),,8,Civilians (Palestine),,7,78,Civilian targeting,275,Middle East,Palestine,Gaza Strip,Rafah,,Khirbet al Adas,31.2855,34.2714,1,PLO Negotiations Affairs Department; Quds News Network; Twitter,Other-New media,"On 10 December 2023, Israeli warplanes carried out airstrikes in Khirbet al Adas (Rafah, Gaza Strip). Casualties unknown.",0,,1753954979
PSE43252,12/11/2023,2023,1,Political violence,Explosions/Remote violence,Air/drone strike,Military Forces of Israel (2022-),,8,Civilians (Palestine),,7,78,Civilian targeting,275,Middle East,Palestine,Gaza Strip,Khan Yunis,,Khan Yunis - City Centre,31.3419,34.3015,2,Palestine News and Information Agency; Quds News Network; Twitter,New media-National,"On 11 December 2023, Israeli warplanes carried out airstrikes in central Khan Yunis area, Khan Yunis - City Centre (Khan Yunis, Gaza Strip), injuring a number of Palestinians.",0,,1753954979
PSE43254,12/11/2023,2023,1,Political violence,Explosions/Remote violence,Air/drone strike,Military Forces of Israel (2022-),,8,Civilians (Palestine),,7,78,Civilian targeting,275,Middle East,Palestine,Gaza Strip,Gaza City,,Gaza - Sheikh Radwan,31.5349,34.4667,1,Arab News; Palestine News and Information Agency,National-Regional,"On 11 December 2023, Israeli warplanes struck a residential area in Gaza - Sheikh Radwan (Gaza City, Gaza Strip), leading to the death of at least 21 Palestinians and injuring dozens.",21,,1759789988
PSE43265,12/11/2023,2023,1,Political violence,Explosions/Remote violence,Air/drone strike,Military Forces of Israel (2022-),,8,Civilians (Palestine),,7,78,Civilian targeting,275,Middle East,Palestine,Gaza Strip,Khan Yunis,,Khan Yunis,31.3502,34.3081,1,Quds News Network; Twitter,New media-National,"On 11 December 2023, Israeli warplanes struck targets in Jalal Street, in Khan Yunis (Khan Yunis, Gaza Strip), killing 2 girls.",2,,1753954979
PSE43268,12/11/2023,2023,1,Political violence,Explosions/Remote violence,Air/drone strike,Military Forces of Israel (2022-),,8,Civilians (Palestine),,7,78,Civilian targeting,275,Middle East,Palestine,Gaza Strip,Khan Yunis,,Khan Yunis - Al Amal,31.3544,34.3007,1,Liveuamap; Quds News Network; Twitter,Local partner-New media,"On 11 December 2023, Israeli warplanes and artillery struck targets in Khan Yunis - Al Amal (Khan Yunis, Gaza Strip), killing a woman.",1,,1753954979
PSE43393,12/11/2023,2023,1,Political violence,Violence against civilians,Attack,Military Forces of Israel (2022-),,8,Civilians (Palestine),,7,78,Civilian targeting,275,Middle East,Palestine,Gaza Strip,Khan Yunis,,Khan Yunis,31.3502,34.3081,1,Palestine News and Information Agency,National,"On 11 December 2023, Israeli snipers shot and killed several Palestinians in Khan Yunis (Khan Yunis, Gaza Strip). Unspecified fatalities coded as 3.",3,,1753954979
PSE43403,12/11/2023,2023,1,Political violence,Violence against civilians,Attack,Military Forces of Israel (2022-),,8,Civilians (Palestine),Refugees/IDPs (Palestine),7,78,Civilian targeting,275,Middle East,Palestine,Gaza Strip,Khan Yunis,,Abasan al Kabirah,31.3191,34.3401,1,Quds News Network; Twitter,New media-National,"On 11 December 2023, an Israeli sniper shot and injured a displaced Palestinian in Abasan al Kabirah (Khan Yunis, Gaza Strip).",0,,1753954979
PSE43246,12/11/2023,2023,1,Political violence,Explosions/Remote violence,Air/drone strike,Military Forces of Israel (2022-),,8,Civilians (Palestine),Refugees/IDPs (Palestine),7,78,Civilian targeting,275,Middle East,Palestine,Gaza Strip,Deir El Balah,,An Nusayrat,31.4486,34.3925,1,Al-Ittihad; Newpress; Palestine News and Information Agency; Quds News Network; Twitter,New media-National,"On 11 December 2023, Israeli warplanes struck a house in An Nusayrat refugee camp (Deir El Balah, Gaza Strip), killing 6 persons and injuring several of others.",6,,1753954979
PSE43248,12/11/2023,2023,1,Political violence,Explosions/Remote violence,Air/drone strike,Military Forces of Israel (2022-),,8,Civilians (Palestine),Refugees/IDPs (Palestine),7,78,Civilian targeting,275,Middle East,Palestine,Gaza Strip,Deir El Balah,,Al Maghazi,31.4214,34.3865,1,Liveuamap; Palestine News and Information Agency; Quds News Network; Twitter,Local partner-New media,"On 11 December 2023, Israeli warplanes struck houses in Al Maghazi refugee camp (Deir El Balah, Gaza Strip), killing 15 Palestinians and injuring dozens of others.",15,,1753954979
PSE43251,12/11/2023,2023,1,Political violence,Explosions/Remote violence,Air/drone strike,Military Forces of Israel (2022-),,8,Civilians (Palestine),,7,78,Civilian targeting,275,Middle East,Palestine,Gaza Strip,Deir El Balah,,Deir al Balah,31.4178,34.3503,1,Newpress; Palestine News and Information Agency; Quds News Network; Twitter,New media-National,"On 11 December 2023, Israeli warplanes struck a house in Deir al Balah (Deir El Balah, Gaza Strip), killing a woman and a child. Also, 10 Palestinians were killed in an airstrike in al-Biaa street. Total fatalities coded 12.",12,,1753954979
PSE44624,12/11/2023,2023,1,Political violence,Explosions/Remote violence,Shelling/artillery/missile attack,Military Forces of Israel (2022-),,8,Civilians (Palestine),,7,78,Civilian targeting,275,Middle East,Palestine,Gaza Strip,North Gaza,,Beit Lahiya,31.5541,34.5016,1,Arab News,Regional,"On 11 December 2023, Israeli artillery shelled Kamal Odwan Hospital in Beit Lahiya (North Gaza, Gaza Strip) killing 2 Palestinian patients and injuring a dozen others.",2,,1753954979
PSE43245,12/11/2023,2023,1,Political violence,Explosions/Remote violence,Air/drone strike,Military Forces of Israel (2022-),,8,Civilians (Palestine),,7,78,Civilian targeting,275,Middle East,Palestine,Gaza Strip,Rafah,,Tal as Sultan,31.3098,34.2414,1,Al-Ittihad; Liveuamap; Newpress; Palestine News and Information Agency; Quds News Network; Twitter,Local partner-New media,"On 11 December 2023, Israeli warplanes struck a house in Tal as Sultan (Rafah, Gaza Strip), killing 6 persons and injuring several of others.",6,,1762829569
PSE43247,12/11/2023,2023,1,Political violence,Explosions/Remote violence,Air/drone strike,Military Forces of Israel (2022-),,8,Civilians (Palestine),,7,78,Civilian targeting,275,Middle East,Palestine,Gaza Strip,Gaza City,,Gaza - Shujaiyya,31.4988,34.4699,2,Newpress; Palestine News and Information Agency; Quds News Network; Twitter,New media-National,"On 11 December 2023, Israeli warplanes carried out airstrikes east of Gaza City, Gaza - Shujaiyya (Gaza City, Gaza Strip). Casualties unknown.",0,,1759789988
PSE43249,12/11/2023,2023,1,Political violence,Explosions/Remote violence,Air/drone strike,Military Forces of Israel (2022-),,8,Civilians (Palestine),,7,78,Civilian targeting,275,Middle East,Palestine,Gaza Strip,Gaza City,,Gaza - Shujaiyya,31.4988,34.4699,1,Palestine News and Information Agency,National,"On 11 December 2023, Israeli warplanes carried out airstrikes in Gaza - Shujaiyya (Gaza City, Gaza Strip). Casualties unknown.",0,,1759789988
PSE43253,12/11/2023,2023,1,Political violence,Explosions/Remote violence,Air/drone strike,Military Forces of Israel (2022-),,8,Civilians (Palestine),,7,78,Civilian targeting,275,Middle East,Palestine,Gaza Strip,Khan Yunis,,Khan Yunis - Al Kateebeh,31.3642,34.3085,2,Palestine News and Information Agency,National,"On 11 December 2023, Israeli warplanes carried out airstrikes north of Khan Yunis, Khan Yunis - Al Kateebeh (Khan Yunis, Gaza Strip). Casualties unknown.",0,,1767742780
PSE43269,12/11/2023,2023,1,Political violence,Explosions/Remote violence,Air/drone strike,Military Forces of Israel (2022-),,8,Civilians (Palestine),,7,78,Civilian targeting,275,Middle East,Palestine,Gaza Strip,Deir El Balah,,Al Musaddar,31.4105,34.378,1,Quds News Network; Twitter,New media-National,"On 11 December 2023, Israeli warplanes struck a house west of Deir al Balah city (coded to Al Musaddar, Gaza Strip). Casualties unknown.",0,,1765850627
PSE43271,12/11/2023,2023,1,Political violence,Explosions/Remote violence,Air/drone strike,Military Forces of Israel (2022-),,8,Civilians (Palestine),,7,78,Civilian targeting,275,Middle East,Palestine,Gaza Strip,Gaza City,,Gaza - Ad Darraj,31.5172,34.4642,1,Quds News Network; Twitter,New media-National,"On 11 December 2023, Israeli warplanes carried out airstrikes in Gaza - Ad Darraj (Gaza City, Gaza Strip).Casualties unknown.",0,,1759789988
PSE43273,12/11/2023,2023,1,Political violence,Explosions/Remote violence,Air/drone strike,Military Forces of Israel (2022-),,8,Civilians (Palestine),,7,78,Civilian targeting,275,Middle East,Palestine,Gaza Strip,Khan Yunis,,Khan Yunis - Maen,31.336,34.3172,1,Liveuamap; Quds News Network; Twitter,Local partner-New media,"On 11 December 2023, Israeli warplanes carried out airstrikes in Khan Yunis - Maen (Khan Yunis, Gaza Strip). Casualties unknown.",0,,1753954979
PSE43274,12/11/2023,2023,1,Political violence,Explosions/Remote violence,Air/drone strike,Military Forces of Israel (2022-),,8,Civilians (Palestine),,7,78,Civilian targeting,275,Middle East,Palestine,Gaza Strip,Khan Yunis,,Bani Suheila,31.3424,34.325,1,Quds News Network; Twitter,New media-National,"On 11 December 2023, Israeli warplanes carried out airstrikes in Bani Suheila (Khan Yunis, Gaza Strip). Casualties unknown.",0,,1753954979
PSE43276,12/11/2023,2023,1,Political violence,Explosions/Remote violence,Air/drone strike,Military Forces of Israel (2022-),,8,Civilians (Palestine),,7,78,Civilian targeting,275,Middle East,Palestine,Gaza Strip,Gaza City,,Gaza - Northern Remal,31.524,34.4505,1,Quds News Network; Twitter,New media-National,"On 11 December 2023, Israeli warplanes carried out airstrikes in Gaza - Northern Remal (Gaza City, Gaza Strip). Casualties unknown.",0,,1759789988
PSE43250,12/11/2023,2023,1,Political violence,Explosions/Remote violence,Air/drone strike,Military Forces of Israel (2022-),,8,Civilians (Palestine),Refugees/IDPs (Palestine),7,78,Civilian targeting,275,Middle East,Palestine,Gaza Strip,North Gaza,,Jabalya Camp,31.536,34.4907,1,Newpress; Palestine News and Information Agency; Twitter,New media-National,"On 11 December 2023, Israeli warplanes carried out airstrikes and targeted a house in Mukhayyam Jabalya camp (North Gaza, Gaza Strip), killing a Palestinian.",1,,1753954979
PSE43275,12/11/2023,2023,1,Political violence,Explosions/Remote violence,Air/drone strike,Military Forces of Israel (2022-),,8,Civilians (Palestine),,7,78,Civilian targeting,275,Middle East,Palestine,Gaza Strip,Gaza City,,Gaza - Sabra,31.5086,34.4493,1,Newpress; Quds News Network; Twitter,New media-National,"On 11 December 2023, Israeli warplanes carried out airstrikes in Gaza - Sabra (Gaza City, Gaza Strip). Casualties unknown. [On 20 December 2023, 70 bodies were recovered from under the rubble in Sabra. These fatalities were split across 3 events, 24 fatalities were coded to this event].",24,,1759789988
PSE43255,12/11/2023,2023,1,Political violence,Explosions/Remote violence,Air/drone strike,Military Forces of Israel (2022-),,8,Civilians (Palestine),,7,78,Civilian targeting,275,Middle East,Palestine,Gaza Strip,North Gaza,,Jabalya,31.5272,34.4835,1,Palestine News and Information Agency; Quds News Network; Twitter,New media-National,"On 11 December 2023, Israeli warplanes and artillery struck a target in al-Nuzlah of Jabalya (North Gaza, Gaza Strip), killing 23 Palestinians.",23,,1759789988
PSE43256,12/11/2023,2023,1,Political violence,Explosions/Remote violence,Air/drone strike,Military Forces of Israel (2022-),,8,Civilians (Palestine),Refugees/IDPs (Palestine),7,78,Civilian targeting,275,Middle East,Palestine,Gaza Strip,Rafah,,Rafah Camp,31.2847,34.2546,2,Palestine News and Information Agency,National,"On 11 December 2023, Israeli warplanes struck a house in Al Shabourah refugee camp near Mukhayyam Rafah camp (Rafah, Gaza Strip), injuring an number of Palestinians.",0,,1753954979
PSE43257,12/11/2023,2023,1,Political violence,Explosions/Remote violence,Air/drone strike,Military Forces of Israel (2022-),,8,Civilians (Palestine),,7,78,Civilian targeting,275,Middle East,Palestine,Gaza Strip,Rafah,,Khirbet al Adas,31.2855,34.2714,1,Newpress; Palestine News and Information Agency; Quds News Network; Twitter,New media-National,"On 11 December 2023, Israeli warplanes carried out airstrikes in Khirbet al Adas (Rafah, Gaza Strip). Casualties unknown.",0,,1753954979
PSE43278,12/11/2023,2023,1,Political violence,Explosions/Remote violence,Air/drone strike,Military Forces of Israel (2022-),,8,Civilians (Palestine),,7,78,Civilian targeting,275,Middle East,Palestine,Gaza Strip,Rafah,,As Salam,31.2678,34.2567,1,Quds News Network; Twitter,New media-National,"On 11 December 2023, Israeli warplanes struck a land in As Salam (Rafah, Gaza Strip), killing 2 women.",2,,1753954979
PSE43716,12/11/2023,2023,1,Political violence,Explosions/Remote violence,Air/drone strike,Military Forces of Israel (2022-),,8,Civilians (Palestine),,7,78,Civilian targeting,275,Middle East,Palestine,Gaza Strip,Rafah,,Yibna,31.2842,34.2482,2,AP; PLO Negotiations Affairs Department; Quds News Network; Twitter,Other-New media,"On 11 December 2023, Israeli artillery and tanks shelled targets east of Rafah (coded to Yibna, Gaza Strip). Meanwhile warplanes struck a house and a residential building, killing at least 9 people.",9,,1753954979
PSE43294,12/12/2023,2023,1,Political violence,Explosions/Remote violence,Air/drone strike,Military Forces of Israel (2022-),,8,Civilians (Palestine),,7,78,Civilian targeting,275,Middle East,Palestine,Gaza Strip,Gaza City,,Gaza - Sheikh Radwan,31.5349,34.4667,1,Palestine News and Information Agency,National,"On 12 December 2023, Israeli warplanes struck houses in Gaza - Sheikh Radwan (Gaza City, Gaza Strip), killing 15 Palestinians, including women and children.",15,,1759789988
PSE43295,12/12/2023,2023,1,Political violence,Explosions/Remote violence,Air/drone strike,Military Forces of Israel (2022-),,8,Civilians (Palestine),,7,78,Civilian targeting,275,Middle East,Palestine,Gaza Strip,Gaza City,,Gaza - Ad Darraj,31.5172,34.4642,1,Liveuamap; Ma'an News Agency; Palestine News and Information Agency; Quds News Network; Twitter,Local partner-New media,"On 12 December 2023, Israeli UAVs opened fire randomly toward residentials areas and warplanes struck and destroyed 10 houses in al-Sahaba area of Gaza - Ad Darraj (Gaza City, Gaza Strip), killing at least 25 of Palestinians.",25,,1759789988
PSE43296,12/12/2023,2023,1,Political violence,Explosions/Remote violence,Air/drone strike,Military Forces of Israel (2022-),,8,Civilians (Palestine),,7,78,Civilian targeting,275,Middle East,Palestine,Gaza Strip,Gaza City,,Gaza - Shujaiyya,31.4988,34.4699,1,Palestine News and Information Agency,National,"On 12 December 2023, Israeli warplanes struck houses in Gaza - Shujaiyya (Gaza City, Gaza Strip), killing dozens of Palestinians and injuring several of others. Fatalities coded as 12.",12,,1759789988
PSE43301,12/12/2023,2023,1,Political violence,Explosions/Remote violence,Air/drone strike,Military Forces of Israel (2022-),,8,Civilians (Palestine),,7,78,Civilian targeting,275,Middle East,Palestine,Gaza Strip,Khan Yunis,,Khan Yunis - West (Municipal Stadium),31.3484,34.2961,2,Palestine News and Information Agency; Quds News Network; Twitter,New media-National,"On 12 December 2023, Israeli warplanes carried out airstrikes (belt of fire) on the outskirts of Naser Hospital west of Khan Yunis, Khan Yunis - West (Municipal Stadium) - Gaza Strip. Also, warplanes struck a house in al-Mashroua area, west of Khan Yunis, killing at least 9 persons.",9,,1753954979
PSE43306,12/12/2023,2023,1,Political violence,Explosions/Remote violence,Air/drone strike,Military Forces of Israel (2022-),,8,Civilians (Palestine),,7,78,Civilian targeting,275,Middle East,Palestine,Gaza Strip,Khan Yunis,,Khan Yunis - Al Amal,31.3544,34.3007,1,Liveuamap; Ma'an News Agency; Palestine News and Information Agency; Quds News Network; Twitter,Local partner-New media,"On 12 December 2023, Israeli warplanes struck a house in Khan Yunis - Al Amal (Khan Yunis, Gaza Strip), killing 11 Palestinians.",11,,1753954979
PSE43759,12/12/2023,2023,1,Political violence,Explosions/Remote violence,Shelling/artillery/missile attack,Military Forces of Israel (2022-),,8,Civilians (Palestine),,7,78,Civilian targeting,275,Middle East,Palestine,Gaza Strip,Khan Yunis,,Khan Yunis,31.3502,34.3081,1,Dunia Al Watan; Palestine News and Information Agency; Quds News Network; Twitter,New media-National,"On 12 December 2023, Israeli artillery shelled targets in Khan Yunis city (Khan Yunis, Gaza Strip), killing 2 Palestinians and injuring several of others.",2,,1753954979
PSE43299,12/12/2023,2023,1,Political violence,Explosions/Remote violence,Air/drone strike,Military Forces of Israel (2022-),,8,Civilians (Palestine),Refugees/IDPs (Palestine),7,78,Civilian targeting,275,Middle East,Palestine,Gaza Strip,Deir El Balah,,Al Burayj,31.4394,34.4031,1,Palestine News and Information Agency; Quds News Network; Twitter,New media-National,"On 12 December 2023, Israeli warplanes struck houses in Al Burayj refugee camp (Deir El Balah, Gaza Strip), killing 9 Palestinians in Al Burayj and Deir al Balah city. Fatalities split across two events, fatalities coded as 4.",5,,1753954979
PSE43300,12/12/2023,2023,1,Political violence,Explosions/Remote violence,Air/drone strike,Military Forces of Israel (2022-),,8,Civilians (Palestine),,7,78,Civilian targeting,275,Middle East,Palestine,Gaza Strip,Deir El Balah,,Deir al Balah,31.4178,34.3503,1,Palestine News and Information Agency,National,"On 12 December 2023, Israeli warplanes struck houses in Deir al Balah city (Deir El Balah, Gaza Strip), killing 9 Palestinians in Al Burayj and Deir al Balah city. Fatalities split across two events, fatalities coded as 4.",4,,1753954979
PSE43314,12/12/2023,2023,1,Political violence,Explosions/Remote violence,Air/drone strike,Military Forces of Israel (2022-),,8,Civilians (Palestine),Refugees/IDPs (Palestine),7,78,Civilian targeting,275,Middle East,Palestine,Gaza Strip,Deir El Balah,,An Nusayrat,31.4486,34.3925,1,Arab 48; Quds News Network; Twitter,New media-National,"On 12 December 2023, Israeli warplanes struck houses in An Nusayrat refugee camp (Deir El Balah, Gaza Strip), killing 17 Palestinians.",17,,1753954979
PSE43323,12/12/2023,2023,1,Political violence,Explosions/Remote violence,Air/drone strike,Military Forces of Israel (2022-),,8,Civilians (Palestine),,7,78,Civilian targeting,275,Middle East,Palestine,Gaza Strip,Deir El Balah,,Az Zawayda,31.4284,34.366,1,Quds News Network; Twitter,New media-National,"On 12 December 2023, Israeli warplanes struck a house in Az Zawayda (Deir El Balah, Gaza Strip). Casualties unknown.",0,,1767742780
PSE43303,12/12/2023,2023,1,Political violence,Explosions/Remote violence,Air/drone strike,Military Forces of Israel (2022-),,8,Civilians (Palestine),,7,78,Civilian targeting,275,Middle East,Palestine,Gaza Strip,Rafah,,Tal as Sultan,31.3098,34.2414,1,Arab 48; Palestine News and Information Agency,National,"On 12 December 2023, Israeli warplanes struck houses in Tal as Sultan (Rafah, Gaza Strip), killing at least 9 Palestinians and injuring another 70.",9,,1762829569
PSE43302,12/12/2023,2023,1,Political violence,Explosions/Remote violence,Air/drone strike,Military Forces of Israel (2022-),,8,Civilians (Palestine),,7,78,Civilian targeting,275,Middle East,Palestine,Gaza Strip,Khan Yunis,,Khan Yunis - City Centre,31.3419,34.3015,1,Palestine News and Information Agency; Quds News Network; Twitter,New media-National,"On 12 December 2023, Israeli warplanes struck a civilian car in Khan Yunis - City Centre (Khan Yunis, Gaza City), killing several Palestinians.Unspecified number of fatalities coded as 3.",3,,1753954979
PSE43409,12/12/2023,2023,1,Political violence,Explosions/Remote violence,Air/drone strike,Military Forces of Israel (2022-),,8,Civilians (Palestine),Refugees/IDPs (Palestine); UNRWA: United Nations Relief and Works Agency,7,78,Civilian targeting,275,Middle East,Palestine,Gaza Strip,North Gaza,,Jabalya Camp,31.536,34.4907,1,Ma'an News Agency; Palestine News and Information Agency; Quds News Network; Twitter,New media-National,"On 12 December 2023, Israeli military forces opened fire at a UNRWA school hosting displaced people while artillery struck targets in Mukhayyam Jabalya camp (North Gaza, Gaza Strip). Also, the warplanes struck the gate of a medical clinic and a house, killing at least 5 Palestinians and injuring several others who were present in the area. Also, another 2 elderly persons were killed by IDF fire targeting displaced people. Total fatalities coded at least 7.",7,,1753954979
PSE43284,12/12/2023,2023,1,Political violence,Explosions/Remote violence,Air/drone strike,Military Forces of Israel (2022-),,8,Civilians (Palestine),,7,78,Civilian targeting,275,Middle East,Palestine,Gaza Strip,Rafah,,Yibna,31.2842,34.2482,2,Ma'an News Agency; PLO Negotiations Affairs Department,Other-National,"On 12 December 2023, Israeli warplanes struck a house in Al Junian area and another one east of Rafah (coded to Yibna, Gaza Strip), injuring a number of Palestinians. Meanwhile, the artillery and tanks shelled targets east of Rafah. Fatalities unknown.",0,,1753954979
PSE43297,12/12/2023,2023,1,Political violence,Explosions/Remote violence,Air/drone strike,Military Forces of Israel (2022-),,8,Civilians (Palestine),,7,78,Civilian targeting,275,Middle East,Palestine,Gaza Strip,Gaza City,,Gaza - Az Zaytun,31.4964,34.4522,1,Palestine News and Information Agency; Quds News Network; Twitter,New media-National,"On 12 December 2023, Israeli warplanes struck houses in Gaza - Az Zaytun (Gaza City, Gaza Strip), killing dozens of Palestinians and injuring several others. Fatalities coded as 12. Meanwhile, artillery shelled targets in the area.",12,,1759789988
PSE43290,12/12/2023,2023,1,Political violence,Explosions/Remote violence,Air/drone strike,Military Forces of Israel (2022-),,8,Civilians (Palestine),,7,78,Civilian targeting,275,Middle East,Palestine,Gaza Strip,Rafah,,Khirbet al Adas,31.2855,34.2714,2,Al-Ittihad; Amnesty International; Dunia Al Watan; Ma'an News Agency; Newpress; Palestine News and Information Agency; Quds News Network; Twitter,Other-New media,"On 12 December 2023, Israeli warplanes struck a house in al-Zuhor area, north of Rafah city (coded to Khirbet al Adas, Gaza Strip), killing 25 Palestinians, including 10 children, and injuring dozens.",25,,1753954979
PSE43293,12/12/2023,2023,1,Political violence,Explosions/Remote violence,Air/drone strike,Military Forces of Israel (2022-),,8,Civilians (Palestine),,7,78,Civilian targeting,275,Middle East,Palestine,Gaza Strip,Rafah,,Rafah,31.287,34.2595,1,Arab 48; Palestine News and Information Agency; Quds News Network; Twitter,New media-National,"On 12 December 2023, Israeli warplanes struck houses in Rafah city (Rafah, Gaza Strip), killing at least 20 Palestinians and injuring dozens.",20,,1762829569
PSE43305,12/12/2023,2023,1,Political violence,Explosions/Remote violence,Air/drone strike,Military Forces of Israel (2022-),,8,Civilians (Palestine),,7,78,Civilian targeting,275,Middle East,Palestine,Gaza Strip,Khan Yunis,,Khan Yunis - Jourat Al-Loot,31.3314,34.3004,2,Arab 48; Ma'an News Agency; Quds News Network; Twitter,New media-National,"On 12 December 2023, Israeli warplanes struck houses near the University College of Science and Technology south of Khan Yunis, Khan Yunis - Jourat Al-Loot (Khan Yunis, Gaza Strip), killing a Palestinian and injuring another 6.",1,,1753954979
PSE43315,12/12/2023,2023,1,Political violence,Explosions/Remote violence,Air/drone strike,Military Forces of Israel (2022-),,8,Civilians (Palestine),,7,78,Civilian targeting,275,Middle East,Palestine,Gaza Strip,Rafah,,Rafah Camp,31.2847,34.2546,2,Newpress; Quds News Network; Twitter,New media-National,"On 12 December 2023, Israeli warplanes struck targets near Al Shabourah refugee camp near Mukhayyam Rafah camp (Rafah, Gaza Strip), injuring a number of Palestinians.",0,,1753954979
PSE43304,12/12/2023,2023,1,Political violence,Explosions/Remote violence,Air/drone strike,Military Forces of Israel (2022-),,8,Civilians (Palestine),Refugees/IDPs (Palestine),7,78,Civilian targeting,275,Middle East,Palestine,Gaza Strip,Rafah,,As Salam,31.2678,34.2567,1,Ma'an News Agency,National,"On 12 December 2023, Israeli warplanes struck a house hosting displaced people in As Salam (Rafah, Gaza Strip), killing 2 women.",2,,1753954979
PSE43357,12/12/2023,2023,1,Political violence,Violence against civilians,Attack,Hamas Movement,,3,Civilians (Palestine),,7,37,Civilian targeting,275,Middle East,Palestine,Gaza Strip,Rafah,,Rafah,31.287,34.2595,2,Joe Truzman; Twitter,New media-National,"On 12 December 2023, Hamas militants, who were guarding aid trucks, opened fire at Palestinian civilians, presumably in the Rafah area (Gaza Strip). Casualties unknown. This event involved violence over aid.",0,,1762829569
PSE43331,12/13/2023,2023,1,Political violence,Explosions/Remote violence,Air/drone strike,Military Forces of Israel (2022-),,8,Civilians (Palestine),Refugees/IDPs (Palestine),7,78,Civilian targeting,275,Middle East,Palestine,Gaza Strip,Khan Yunis,,Khan Yunis - West (Municipal Stadium),31.3484,34.2961,2,Al-Ittihad; Palestine News and Information Agency; Quds News Network; Twitter,New media-National,"On 13 December 2023, Israeli warplanes struck a house in Khan Yunis refugee camp, west of Khan Yunis, Khan Yunis - West (Municipal Stadium) - Gaza Strip, killing 2 children and injuring another 7 persons. Additionally, 2 people belonging to Amer family were also killed. Total fatalities 4.",4,,1753954979
PSE43332,12/13/2023,2023,1,Political violence,Explosions/Remote violence,Air/drone strike,Military Forces of Israel (2022-),,8,Civilians (Palestine),,7,78,Civilian targeting,275,Middle East,Palestine,Gaza Strip,Khan Yunis,,Bani Suheila,31.3424,34.325,2,Palestine News and Information Agency; Quds News Network; Twitter,New media-National,"On 13 December 2023, Israeli warplanes carried out airstrikes east of Khan Yunis, Bani Suheila (Khan Yunis, Gaza Strip). Meanwhile artillery struck targets in the area. Casualties unknown. Also, a child was killed and a number of Palestinians were injured in a separate airstrike on a house in the European area of east Khan Yunis. Fatalities coded as 1.",1,,1753954979
PSE43335,12/13/2023,2023,1,Political violence,Explosions/Remote violence,Air/drone strike,Military Forces of Israel (2022-),,8,Civilians (Palestine),,7,78,Civilian targeting,275,Middle East,Palestine,Gaza Strip,Gaza City,,Gaza - Ad Darraj,31.5172,34.4642,1,Al-Ittihad; Arab 48; Liveuamap; Newpress; Palestine News and Information Agency; Quds News Network; Twitter,Local partner-New media,"On 13 December 2023, Israeli warplanes struck a house in Gaza - Ad Darraj (Gaza City, Gaza Strip). Meanwhile, the artillery struck targets in the area. 26 Palestinians were killed in airstrikes on houses.",26,,1759789988
PSE43338,12/13/2023,2023,1,Political violence,Explosions/Remote violence,Air/drone strike,Military Forces of Israel (2022-),,8,Civilians (Palestine),Journalists (Palestine),7,78,Civilian targeting,275,Middle East,Palestine,Gaza Strip,Gaza City,,Gaza,31.5045,34.4743,1,Palestine News and Information Agency,National,"On 13 December 2023, Israeli warplanes carried out airstrikes in Gaza City (Gaza Strip), killing a Palestinian journalist.",1,,1759789988
PSE43343,12/13/2023,2023,1,Political violence,Explosions/Remote violence,Air/drone strike,Military Forces of Israel (2022-),,8,Civilians (Palestine),Refugees/IDPs (Palestine); UNRWA: United Nations Relief and Works Agency,7,78,Civilian targeting,275,Middle East,Palestine,Gaza Strip,Gaza City,,Gaza - Sheikh Radwan,31.5349,34.4667,1,Palestine News and Information Agency; Quds News Network; Twitter,New media-National,"On 13 December 2023, Israeli warplanes struck a UNRWA school hosting displaced people in Gaza - Sheikh Radwan (Gaza City, Gaza Strip), killing 6 Palestinians and injuring dozens.",6,,1759789988
PSE44247,12/13/2023,2023,1,Political violence,Explosions/Remote violence,Shelling/artillery/missile attack,Military Forces of Israel (2022-) Special Forces,,8,Civilians (Palestine),,7,78,Civilian targeting,275,Middle East,Palestine,Gaza Strip,Gaza City,,Gaza Port,31.5245,34.4326,2,PLO Negotiations Affairs Department,Other,"On 13 December 2023, Israeli gunboats shelled targets along the Coast of Gaza City (coded to Gaza Port, Gaza Strip). Casualties unknown. Additionally, two Palestinians were killed in a bombing near the Al-Susi Mosque in the Beach Camp.",2,,1753954979
PSE44625,12/13/2023,2023,1,Political violence,Explosions/Remote violence,Air/drone strike,Military Forces of Israel (2022-),,8,Civilians (Palestine),,7,78,Civilian targeting,275,Middle East,Palestine,Gaza Strip,Khan Yunis,,Khan Yunis - Al Amal,31.3544,34.3007,1,Palestine News and Information Agency,National,"On 13 December 2023, Israel warplanes carried out airstrikes in the Al-Amal neighborhood (Khan Yunis - Al Amal, Gaza Strip), killing 9 Palestinians belonging to the Miqdad family.",9,,1753954979
PSE43334,12/13/2023,2023,1,Political violence,Explosions/Remote violence,Air/drone strike,Military Forces of Israel (2022-),,8,Civilians (Palestine),,7,78,Civilian targeting,275,Middle East,Palestine,Gaza Strip,Deir El Balah,,Deir al Balah,31.4178,34.3503,1,Al-Ittihad; Newpress; Palestine News and Information Agency; Quds News Network; Twitter; Xinhua,New media-National,"On 13 December 2023, Israeli warplanes struck a house in Deir al Balah city (Deir El Balah, Gaza Strip), killing around 20 Palestinians, including 2 children and injuring many Palestinians.",20,,1753954979
PSE43340,12/13/2023,2023,1,Political violence,Explosions/Remote violence,Air/drone strike,Military Forces of Israel (2022-),,8,Civilians (Palestine),,7,78,Civilian targeting,275,Middle East,Palestine,Gaza Strip,Deir El Balah,,Wadi as Salqa,31.4005,34.3375,2,Liveuamap; Palestine News and Information Agency; Quds News Network; Twitter,Local partner-New media,"On 13 December 2023, Israeli warplanes struck houses south of Deir al Balah (coded as Wadi as Salqa, Gaza Strip), killing 3 Palestinians and injuring several others.",3,,1753954979
PSE43341,12/13/2023,2023,1,Political violence,Explosions/Remote violence,Air/drone strike,Military Forces of Israel (2022-),,8,Civilians (Palestine),Refugees/IDPs (Palestine),7,78,Civilian targeting,275,Middle East,Palestine,Gaza Strip,Deir El Balah,,An Nusayrat - West,31.4525,34.3756,1,Liveuamap; Palestine News and Information Agency; Quds News Network; Twitter,Local partner-New media,"On 13 December 2023, Israeli warplanes struck a house hosting displaced people west of An Nusayrat refugee camp (An Nusayrat - West, Deir El Balah, Gaza Strip), killing 2 Palestinians and injuring several others.",2,,1753954979
PSE43342,12/13/2023,2023,1,Political violence,Explosions/Remote violence,Air/drone strike,Military Forces of Israel (2022-),,8,Civilians (Palestine),Refugees/IDPs (Palestine),7,78,Civilian targeting,275,Middle East,Palestine,Gaza Strip,Deir El Balah,,An Nusayrat,31.4486,34.3925,1,Arab News; Palestine News and Information Agency; Quds News Network; Twitter,New media-National,"On 13 December 2023, Israeli warplanes struck an apartment in An Nusayrat refugee camp (Deir El Balah, Gaza Strip), killing 6 Palestinians and injuring a number of others.",6,,1753954979
PSE43337,12/13/2023,2023,1,Political violence,Explosions/Remote violence,Shelling/artillery/missile attack,Military Forces of Israel (2022-),,8,Civilians (Palestine),Health Workers (Palestine),7,78,Civilian targeting,275,Middle East,Palestine,Gaza Strip,North Gaza,,Beit Lahiya,31.5541,34.5016,1,Palestine News and Information Agency,National,"On 13 December 2023, Israeli military forces opened fire at Palestinians and health workers who were besieged in Kamal Odwan Hospital in Beit Lahiya (North Gaza, Gaza Strip). Meanwhile, artillery fired shells at the hospital. 5 Palestinians were injured.",0,,1753954979
PSE43349,12/13/2023,2023,1,Political violence,Explosions/Remote violence,Air/drone strike,Military Forces of Israel (2022-),,8,Civilians (Palestine),Refugees/IDPs (Palestine),7,78,Civilian targeting,275,Middle East,Palestine,Gaza Strip,Khan Yunis,,Khan Yunis,31.3502,34.3081,1,Arab News; Newpress; Quds News Network; Twitter,New media-National,"On 13 December 2023, an Israeli UAV opened fire at a site hosting displaced people in Khan Yuni (Khan Yunis, Gaza Strip), killing a girl. Additionally, they also destroyed homes belonging to the Al-Shaer family in Khan Yunis, causing an unspecified number of deaths and injuries. Unspecified number of fatalities coded as 3. Total fatalities coded as 4.",4,,1753954979
PSE43336,12/13/2023,2023,1,Political violence,Explosions/Remote violence,Air/drone strike,Military Forces of Israel (2022-),,8,Civilians (Palestine),Journalists (Palestine); Refugees/IDPs (Palestine); UNRWA: United Nations Relief and Works Agency,7,78,Civilian targeting,275,Middle East,Palestine,Gaza Strip,North Gaza,,Jabalya Camp,31.536,34.4907,1,Liveuamap; Palestine News and Information Agency; Quds News Network; Twitter,Local partner-New media,"On 13 December 2023, Israeli warplanes struck the UNRWA school of Abu Hussian, hosting displaced people in Mukhayyam Jabalya camp (North Gaza, Gaza Strip), killing 25 Palestinians. Also, 3 Palestinian journalists were killed in an Israeli airstrike on a medical center in the refugee camp. Total fatalities were 28.",28,,1753954979
PSE43345,12/13/2023,2023,1,Political violence,Explosions/Remote violence,Air/drone strike,Military Forces of Israel (2022-),,8,Civilians (Palestine),Refugees/IDPs (Palestine),7,78,Civilian targeting,275,Middle East,Palestine,Gaza Strip,Gaza City,,Gaza - Ash Shati' Camp,31.5349,34.4466,1,Palestine News and Information Agency,National,"On 13 December 2023, Israeli warplanes struck a target near al-Susi mosque in Gaza - Ash Shati' Camp refugee camp (Gaza City, Gaza Strip), killing a Palestinian.",1,,1759789988
PSE44243,12/13/2023,2023,1,Political violence,Explosions/Remote violence,Shelling/artillery/missile attack,Military Forces of Israel (2022-) Special Forces,,8,Civilians (Palestine),,7,78,Civilian targeting,275,Middle East,Palestine,Gaza Strip,North Gaza,,Beit Hanoun - Al-Sekka,31.5463,34.5332,2,Arab News; PLO Negotiations Affairs Department,Other-Regional,"On 13 December 2023, Israeli artillery and tanks shelled targets east of North Gaza (coded as Beit Hanoun - Al-Sekka, Gaza Strip) causing an unspecified number of fatalities. Unspecified number of fatalities coded as 3.",3,,1753954979
PSE43344,12/13/2023,2023,1,Political violence,Explosions/Remote violence,Air/drone strike,Military Forces of Israel (2022-),,8,Civilians (Palestine),,7,78,Civilian targeting,275,Middle East,Palestine,Gaza Strip,Gaza City,,Gaza - Az Zaytun,31.4964,34.4522,1,Palestine News and Information Agency,National,"On 13 December 2023, Israeli warplanes struck a house near the al-Mamadani Hospital in Gaza - Az Zaytun (Gaza City, Gaza Strip), injuring a number of Palestinians.",0,,1759789988
PSE43351,12/13/2023,2023,1,Political violence,Explosions/Remote violence,Air/drone strike,Military Forces of Israel (2022-),,8,Civilians (Palestine),Muslim Group (Palestine),7,78,Civilian targeting,275,Middle East,Palestine,Gaza Strip,North Gaza,,Jabalya,31.5272,34.4835,1,Newpress; Quds News Network; Twitter,New media-National,"On 13 December 2023, Israeli artillery shelled houses in Jabalya town (North Gaza, Gaza Strip). Also, warplanes struck the al-Misbah al-Munir mosque, injuring a number of Palestinians.",0,,1759789988
PSE43330,12/13/2023,2023,1,Political violence,Explosions/Remote violence,Air/drone strike,Military Forces of Israel (2022-),,8,Civilians (Palestine),,7,78,Civilian targeting,275,Middle East,Palestine,Gaza Strip,Khan Yunis,,Qizan an Najjar,31.323,34.2761,1,Al-Ittihad; Palestine News and Information Agency,National-Regional,"On 13 December 2023, Israeli warplanes struck a house in Qizan an Najjar (Khan Yunis, Gaza Strip), killing 4 Palestinians and injuring others, including 2 babies.",4,,1753954979
PSE43339,12/13/2023,2023,1,Political violence,Explosions/Remote violence,Air/drone strike,Military Forces of Israel (2022-),,8,Civilians (Palestine),,7,78,Civilian targeting,275,Middle East,Palestine,Gaza Strip,Rafah,,Rafah,31.287,34.2595,1,Al-Ittihad; Newpress; Palestine News and Information Agency; Quds News Network; Twitter,New media-National,"On 13 December 2023, Israeli warplanes struck houses in Rafah city (Rafah, Gaza Strip), killing 27 Palestinians and injuring several others.",27,,1762829569
PSE43353,12/13/2023,2023,1,Political violence,Explosions/Remote violence,Air/drone strike,Military Forces of Israel (2022-),,8,Civilians (Palestine),Refugees/IDPs (Palestine),7,78,Civilian targeting,275,Middle East,Palestine,Gaza Strip,Rafah,,Rafah Camp,31.2847,34.2546,2,Quds News Network; Twitter,New media-National,"On 13 December 2023, Israeli warplanes a house in Al Shabourah refugee camp near Mukhayyam Rafah camp (Rafah, Gaza Strip), killing 4 Palestinians. And injuring several of others.",4,,1753954979
PSE43356,12/14/2023,2023,1,Political violence,Explosions/Remote violence,Air/drone strike,Military Forces of Israel (2022-),,8,Civilians (Palestine),Health Workers (Palestine),7,78,Civilian targeting,275,Middle East,Palestine,Gaza Strip,Khan Yunis,,Khan Yunis,31.3502,34.3081,1,Newpress; Palestine News and Information Agency; Quds News Network; Twitter,New media-National,"On 14 December 2023, Israeli warplanes struck targets in Khan Yunis city (Khan Yunis, Gaza Strip), injuring a number of Palestinians, including a paramedic. Also, 3 Palestinians were killed, and several others were injured due to Israeli artillery shelling on Khan Yunis. Total fatalities coded as 3.",3,,1753954979
PSE43358,12/14/2023,2023,1,Political violence,Explosions/Remote violence,Air/drone strike,Military Forces of Israel (2022-),,8,Civilians (Palestine),,7,78,Civilian targeting,275,Middle East,Palestine,Gaza Strip,Gaza City,,Gaza - Shujaiyya,31.4988,34.4699,1,Palestine News and Information Agency; Quds News Network; Twitter,New media-National,"On 14 December 2023, Israeli warplanes struck houses in Gaza - Shujaiyya (Gaza City, Gaza Strip), killing at least 25 Palestinians and injuring dozens. Also, 6 Palestinians were killed in an airstrike on a group of youth. Total confirmed fatalities coded as 31.",31,,1759789988
PSE43360,12/14/2023,2023,1,Political violence,Explosions/Remote violence,Air/drone strike,Military Forces of Israel (2022-),,8,Civilians (Palestine),,7,78,Civilian targeting,275,Middle East,Palestine,Gaza Strip,Gaza City,,Gaza - Northern Remal,31.524,34.4505,1,Palestine News and Information Agency,National,"On 14 December 2023, Israeli warplanes struck houses in Gaza - Northern Remal (Gaza City, Gaza Strip), killing at least 10 Palestinians and injuring dozens.",10,,1759789988
PSE43375,12/14/2023,2023,1,Political violence,Explosions/Remote violence,Air/drone strike,Military Forces of Israel (2022-),,8,Civilians (Palestine),,7,78,Civilian targeting,275,Middle East,Palestine,Gaza Strip,Khan Yunis,,Khan Yunis - West (Municipal Stadium),31.3484,34.2961,2,Quds News Network; Twitter,New media-National,"On 14 December 2023, Israeli warplanes struck a house near Al-Shafai mosque west of Khan Yunis, Khan Yunis - West (Municipal Stadium) - Gaza Strip. Casualties unknown.",0,,1753954979
PSE43803,12/14/2023,2023,1,Political violence,Explosions/Remote violence,Shelling/artillery/missile attack,Military Forces of Israel (2022-),,8,Civilians (Palestine),Refugees/IDPs (Palestine),7,78,Civilian targeting,275,Middle East,Palestine,Gaza Strip,Gaza City,,Gaza - Ad Darraj,31.5172,34.4642,1,Al-Ittihad; Newpress; Palestine News and Information Agency; Quds News Network; Twitter,New media-National,"On 14 December 2023, Israeli artillery shelled targets in Gaza - Ad Darraj (Gaza City, Gaza Strip). Also, artillery struck the Fahmi Jerjawi school hosting displaced people, killing 4 persons and injuring several of others.",4,,1759789988
PSE43807,12/14/2023,2023,1,Political violence,Explosions/Remote violence,Shelling/artillery/missile attack,Military Forces of Israel (2022-),,8,Civilians (Palestine),,7,78,Civilian targeting,275,Middle East,Palestine,Gaza Strip,Khan Yunis,,Khan Yunis - As Sater,31.3637,34.3228,1,Palestine News and Information Agency,National,"On 14 December 2023, Israeli artillery shelled 10 houses in 5 locations, including Khan Yunis - As Sater (Khan Yunis, Gaza Strip), killing 40 Palestinians and injuring dozens. 8 fatalities of 40 were coded to Khan Yunis - As Sater",8,,1753954979
PSE43823,12/14/2023,2023,1,Political violence,Explosions/Remote violence,Shelling/artillery/missile attack,Military Forces of Israel (2022-),,8,Civilians (Palestine),,7,78,Civilian targeting,275,Middle East,Palestine,Gaza Strip,Khan Yunis,,Khuzaa,31.3069,34.3572,1,Palestine News and Information Agency,National,"On 14 December 2023, Israeli artillery shelled 10 houses in 5 locations, including Khuzaa (Khan Yunis, Gaza Strip), killing 40 Palestinians and injuring dozens. 8 fatalities of 40 were coded to Khuzaa.",8,,1753954979
PSE43824,12/14/2023,2023,1,Political violence,Explosions/Remote violence,Shelling/artillery/missile attack,Military Forces of Israel (2022-),,8,Civilians (Palestine),,7,78,Civilian targeting,275,Middle East,Palestine,Gaza Strip,Khan Yunis,,Abasan al Kabirah,31.3191,34.3401,1,Palestine News and Information Agency,National,"On 14 December 2023, Israeli artillery shelled 10 houses in 5 locations, including Abasan al Kabirah (Khan Yunis, Gaza Strip), killing 40 Palestinians and injuring dozens. 8 fatalities of 40 were coded to Abasan al Kabirah.",8,,1753954979
PSE43829,12/14/2023,2023,1,Political violence,Explosions/Remote violence,Shelling/artillery/missile attack,Military Forces of Israel (2022-),,8,Civilians (Palestine),,7,78,Civilian targeting,275,Middle East,Palestine,Gaza Strip,Khan Yunis,,Al Qararah,31.3739,34.3409,1,Palestine News and Information Agency,National,"On 14 December 2023, Israeli artillery shelled 10 houses in 5 locations, including Al Qararah (Khan Yunis, Gaza Strip), killing 40 Palestinians and injuring dozens. 8 fatalities of 40 were coded to Al Qararah.",8,,1753954979
PSE43362,12/14/2023,2023,1,Political violence,Explosions/Remote violence,Air/drone strike,Military Forces of Israel (2022-),,8,Civilians (Palestine),Refugees/IDPs (Palestine),7,78,Civilian targeting,275,Middle East,Palestine,Gaza Strip,Deir El Balah,,Deir al Balah,31.4178,34.3503,1,Palestine News and Information Agency; Quds News Network; Twitter,New media-National,"On 14 December 2023, Israeli warplanes struck 2 houses hosting displaced people in Deir al Balah city (Deir El Balah, Gaza Strip), killing at least 10 Palestinians and injuring several others. Meanwhile, the artillery struck targets in the area.",10,,1753954979
PSE43367,12/14/2023,2023,1,Political violence,Explosions/Remote violence,Air/drone strike,Military Forces of Israel (2022-),,8,Civilians (Palestine),Refugees/IDPs (Palestine),7,78,Civilian targeting,275,Middle East,Palestine,Gaza Strip,Rafah,,Shokat as Sufi,31.2586,34.2824,2,Palestine News and Information Agency,National,"On 14 December 2023, Israeli warplanes carried out airstrikes on the Gaza-Egypt border, south of Rafah (coded to Shokat as Sufi, Gaza Strip), causing damage to several houses. Casualties unknown.",0,,1753954979
PSE43364,12/14/2023,2023,1,Political violence,Explosions/Remote violence,Air/drone strike,Military Forces of Israel (2022-),,8,Civilians (Palestine),,7,78,Civilian targeting,275,Middle East,Palestine,Gaza Strip,Rafah,,Tal as Sultan,31.3098,34.2414,1,Palestine News and Information Agency,National,"On 14 December 2023, Israeli warplanes struck 2 houses in Tal as Sultan (Rafah, Gaza Strip). As a result, at least 15 Palestinians were killed in Tal as Sultan and al-Shabourh refugee camp, and 8 fatalities of 15 were coded to Tal as Sultan.",8,,1762829569
PSE43425,12/14/2023,2023,1,Political violence,Violence against civilians,Attack,Military Forces of Israel (2022-),,8,Civilians (Palestine),Refugees/IDPs (Palestine),7,78,Civilian targeting,275,Middle East,Palestine,Gaza Strip,North Gaza,,Jabalya Camp,31.536,34.4907,1,Palestine News and Information Agency,National,"On 14 December 2023, Israeli military forces shot and killed members of 2 Palestinian families who were hiding inside a UNRWA school in Mukhayyam Jabalya camp (North Gaza, Gaza Strip), leaving an unspecified number of fatalities, including women and children. Unspecified number of fatalities coded as 3.",3,,1753954979
PSE43445,12/14/2023,2023,1,Political violence,Violence against civilians,Attack,Military Forces of Israel (2022-),,8,Civilians (Palestine),,7,78,Civilian targeting,275,Middle East,Palestine,Gaza Strip,North Gaza,,Beit Lahiya,31.5541,34.5016,1,Palestine News and Information Agency,National,"On 14 December 2023, Israeli military forces shot and killed an unspecified number of Palestinians who were inside their houses on the outskirts of Kamal Odwan Hospital in Beit Lahiya (North Gaza, Gaza Strip). Unspecified number of fatalities coded as 3.",3,,1753954979
PSE43813,12/14/2023,2023,1,Political violence,Explosions/Remote violence,Shelling/artillery/missile attack,Military Forces of Israel (2022-),,8,Civilians (Palestine),,7,78,Civilian targeting,275,Middle East,Palestine,Gaza Strip,Khan Yunis,,Khan Yunis - Ash Sheikh Naser,31.3398,34.3116,1,Palestine News and Information Agency,National,"On 14 December 2023, Israeli artillery shelled 10 houses in 5 locations, including Khan Yunis - Ash Sheikh Naser (Khan Yunis, Gaza Strip), killing 40 Palestinians and injuring dozens. 8 fatalities of 40 were coded to Khan Yunis - Ash Sheikh Naser.",8,,1753954979
PSE43366,12/14/2023,2023,1,Political violence,Explosions/Remote violence,Air/drone strike,Military Forces of Israel (2022-),,8,Civilians (Palestine),Refugees/IDPs (Palestine),7,78,Civilian targeting,275,Middle East,Palestine,Gaza Strip,Rafah,,Yibna,31.2842,34.2482,1,Liveuamap; Palestine News and Information Agency; Quds News Network; Twitter,Local partner-New media,"On 14 December 2023, Israeli warplanes struck houses in Yibna refugee camp (Rafah, Gaza Strip), killing 10 persons.",10,,1753954979
PSE43805,12/14/2023,2023,1,Political violence,Explosions/Remote violence,Air/drone strike,Military Forces of Israel (2022-),,8,Civilians (Palestine),,7,78,Civilian targeting,275,Middle East,Palestine,Gaza Strip,North Gaza,,Jabalya,31.5272,34.4835,1,Al-Ittihad; Liveuamap; Newpress; Palestine News and Information Agency; Quds News Network; Twitter,Local partner-New media,"On 14 December 2023, Israeli artillery shelled targets in Jabalya (North Gaza, Gaza Strip). Casualties unknown. Meanwhile, warplanes carried out airstrikes on a residential area. As a result, several Palestinians were injured.",0,,1759789988
PSE43365,12/14/2023,2023,1,Political violence,Explosions/Remote violence,Air/drone strike,Military Forces of Israel (2022-),,8,Civilians (Palestine),Refugees/IDPs (Palestine),7,78,Civilian targeting,275,Middle East,Palestine,Gaza Strip,Rafah,,Rafah Camp,31.2847,34.2546,1,Palestine News and Information Agency; Quds News Network; Twitter,New media-National,"On 14 December 2023, Israeli warplanes struck houses in al-Shabourah refugee camp near Mukhayyam Rafah camp (Rafah, Gaza Strip). As a result, at least 15 Palestinians were killed in Tal as Sultan and al-Shabourh refugee camp, and 7 fatalities of 15 were coded to al-Shabourah refugee camp.",7,,1753954979
PSE43374,12/14/2023,2023,1,Political violence,Explosions/Remote violence,Air/drone strike,Military Forces of Israel (2022-),,8,Civilians (Palestine),,7,78,Civilian targeting,275,Middle East,Palestine,Gaza Strip,Rafah,,Khirbet al Adas,31.2855,34.2714,1,Liveuamap; Quds News Network; Twitter,Local partner-New media,"On 14 December 2023, Israeli warplanes struck a passing motorcycle and a vehicle in Khirbet al Adas (Rafah, Gaza Strip), killing 2 Palestinians and injuring several others.",2,,1753954979
PSE43373,12/14/2023,2023,1,Political violence,Explosions/Remote violence,Air/drone strike,Military Forces of Israel (2022-),,8,Civilians (Palestine),Health Workers (Palestine); Refugees/IDPs (Palestine),7,78,Civilian targeting,275,Middle East,Palestine,Gaza Strip,Rafah,,Brazil Camp,31.2718,34.2532,1,Amnesty International; Liveuamap; Quds News Network; Twitter,Local partner-New media,"On 14 December 2023, Israeli warplanes struck a house belonging to Shehada family in Brazil camp (Rafah, Gaza Strip), killing 31 Palestinians including 11 children and 11 women, and injuring at least 10 others. Among the killed were 20 members of the Nasman family who were displaced from Gaza City and sought safety at their relative's house.",31,,1753954979
PSE43381,12/15/2023,2023,1,Political violence,Explosions/Remote violence,Air/drone strike,Military Forces of Israel (2022-),,8,Civilians (Palestine),,7,78,Civilian targeting,275,Middle East,Palestine,Gaza Strip,Khan Yunis,,Khan Yunis - West (Municipal Stadium),31.3484,34.2961,2,Newpress; Palestine News and Information Agency; Quds News Network; Twitter,New media-National,"On 15 December 2023, Israeli warplanes struck a house west of Khan Yunis, Khan Yunis - West (Municipal Stadium) - Gaza Strip, killing at least 4 persons, including children, and injuring several others.",4,,1753954979
PSE43382,12/15/2023,2023,1,Political violence,Explosions/Remote violence,Air/drone strike,Military Forces of Israel (2022-),,8,Civilians (Palestine),Health Workers (Palestine); Journalists (Palestine); Labor Group (Palestine); Refugees/IDPs (Palestine),7,78,Civilian targeting,275,Middle East,Palestine,Gaza Strip,Khan Yunis,,Khan Yunis,31.3502,34.3081,1,Arab 48; Ma'an News Agency; Newpress; Palestine News and Information Agency; Quds News Network; Twitter,New media-National,"On 15 December 2023, Israeli warplanes and artillery struck targets, including a school hosting displaced people in Khan Yunis city (Khan Yunis, Gaza Strip), killing 12 Palestinians and injuring dozens. Also, warplanes struck and killed 4 Palestinians (Al Jazeera TV journalist and 3 members of civil defence), and a number of Palestinians were injured during the attack, including health workers. Total confirmed fatalities coded as 16.",16,,1753954979
PSE43385,12/15/2023,2023,1,Political violence,Explosions/Remote violence,Air/drone strike,Military Forces of Israel (2022-),,8,Civilians (Palestine),,7,78,Civilian targeting,275,Middle East,Palestine,Gaza Strip,Gaza City,,Gaza,31.5045,34.4743,1,Palestine News and Information Agency,National,"On 15 December 2023, Israeli warplanes carried out airstrikes in Gaza City (Gaza Strip), leaving an unspecified number of injuries among Palestinians. Also, Israeli forces shot dead at least 5 Palestinians, including an elderly man, and arrested another 15.",5,,1759789988
PSE43389,12/15/2023,2023,1,Political violence,Explosions/Remote violence,Air/drone strike,Military Forces of Israel (2022-),,8,Civilians (Palestine),,7,78,Civilian targeting,275,Middle East,Palestine,Gaza Strip,Gaza City,,Gaza - Shujaiyya,31.4988,34.4699,1,Newpress; Palestine News and Information Agency; Quds News Network; Twitter,New media-National,"On 15 December 2023, Israeli warplanes struck 10 houses and the market of Gaza - Shujaiyya (Gaza City, Gaza Strip), killing 9 Palestinians and injuring another 25. Also, artillery struck targets in the area.",9,,1759789988
PSE43390,12/15/2023,2023,1,Political violence,Explosions/Remote violence,Air/drone strike,Military Forces of Israel (2022-),,8,Civilians (Palestine),,7,78,Civilian targeting,275,Middle East,Palestine,Gaza Strip,Gaza City,,Gaza - Ad Darraj,31.5172,34.4642,1,Newpress; Palestine News and Information Agency; Twitter,New media-National,"On 15 December 2023, Israeli warplanes struck targets in Al Sahaba area of Gaza - Ad Darraj (Gaza City, Gaza Strip), killing at least 20 Palestinians and injuring dozens. Also, artillery struck targets in the area.",20,,1759789988
PSE43384,12/15/2023,2023,1,Political violence,Explosions/Remote violence,Air/drone strike,Military Forces of Israel (2022-),,8,Civilians (Palestine),,7,78,Civilian targeting,275,Middle East,Palestine,Gaza Strip,Deir El Balah,,Deir al Balah,31.4178,34.3503,1,Liveuamap; Palestine News and Information Agency,Local partner-New media,"On 15 December 2023, Israeli warplanes carried out airstrikes in Deir al Balah (Deir El Balah, Gaza Strip), leaving an unspecified number of injuries among Palestinians.",0,,1753954979
PSE43386,12/15/2023,2023,1,Political violence,Explosions/Remote violence,Air/drone strike,Military Forces of Israel (2022-),,8,Civilians (Palestine),Refugees/IDPs (Palestine),7,78,Civilian targeting,275,Middle East,Palestine,Gaza Strip,Deir El Balah,,An Nusayrat,31.4486,34.3925,1,Newpress; Palestine News and Information Agency; Quds News Network; Twitter,New media-National,"On 15 December 2023, Israeli warplanes carried out airstrikes in An Nusayrat refugee camp (Deir El Balah, Gaza Strip), leaving an unspecified number of injuries among Palestinians.",0,,1753954979
PSE43401,12/15/2023,2023,1,Political violence,Explosions/Remote violence,Air/drone strike,Military Forces of Israel (2022-),,8,Civilians (Palestine),Refugees/IDPs (Palestine),7,78,Civilian targeting,275,Middle East,Palestine,Gaza Strip,Deir El Balah,,Al Burayj,31.4394,34.4031,1,Liveuamap; Newpress; Quds News Network; Twitter,Local partner-New media,"On 15 December 2023, Israeli warplanes struck a house in Al Burayj refugee camp (Deir El Balah, Gaza Strip), injuring a number of Palestinians.",0,,1753954979
PSE43396,12/15/2023,2023,1,Political violence,Explosions/Remote violence,Air/drone strike,Military Forces of Israel (2022-),,8,Civilians (Palestine),,7,78,Civilian targeting,275,Middle East,Palestine,Gaza Strip,Rafah,,Tal as Sultan,31.3098,34.2414,1,Newpress; Twitter,New media-National,"On 15 December 2023, Israeli warplanes struck a house in Tal as Sultan (Rafah, Gaza Strip). Casualties unknown.",0,,1762829569
PSE43391,12/15/2023,2023,1,Political violence,Explosions/Remote violence,Air/drone strike,Military Forces of Israel (2022-),,8,Civilians (Palestine),,7,78,Civilian targeting,275,Middle East,Palestine,Gaza Strip,Gaza City,,Gaza - Nasr,31.534,34.4574,1,Palestine News and Information Agency,National,"On 15 December 2023, Israeli UAVs opened fire at Palestinian while airplanes and artillery struck targets in Gaza - Nasr (Gaza City, Gaza Strip), leaving an unspecified number of fatalities among Palestinians. Unspecified number of fatalities coded as 3.",3,,1753954979
PSE43392,12/15/2023,2023,1,Political violence,Explosions/Remote violence,Air/drone strike,Military Forces of Israel (2022-),,8,Civilians (Palestine),,7,78,Civilian targeting,275,Middle East,Palestine,Gaza Strip,Gaza City,,Gaza - Sheikh Radwan,31.5349,34.4667,1,Palestine News and Information Agency,National,"On 15 December 2023, Israeli UAVs opened fire at Palestinian while airplanes and artillery struck targets in Gaza - Sheikh Radwan (Gaza City, Gaza Strip), leaving an unspecified number of fatalities, coded as 3.",3,,1759789988
PSE43394,12/15/2023,2023,1,Political violence,Violence against civilians,Abduction/forced disappearance,Military Forces of Israel (2022-),,8,Civilians (Palestine),Refugees/IDPs (Palestine),7,78,Civilian targeting,275,Middle East,Palestine,Gaza Strip,North Gaza,,Jabalya Camp,31.536,34.4907,1,Palestine News and Information Agency,National,"On 15 December 2023, Israeli military forces arrested dozens of Palestinians in Mukhayyam Jabalya camp (North Gaza, Gaza Strip).",0,,1772581279
PSE43448,12/15/2023,2023,1,Political violence,Explosions/Remote violence,Air/drone strike,Military Forces of Israel (2022-),,8,Civilians (Palestine),Refugees/IDPs (Palestine),7,78,Civilian targeting,275,Middle East,Palestine,Gaza Strip,North Gaza,,Jabalya Camp,31.536,34.4907,1,Palestine News and Information Agency,National,"On 15 December 2023, Israeli military forces opened fire at Palestinian civilians in Mukhayyam Jabalya camp (North Gaza, Gaza Strip), injuring dozens of them. Also, warplanes struck several houses in the area, leaving an unspecified number of fatalities and dozens of injuries. Unspecified number of fatalities coded as 3.",3,,1753954979
PSE43463,12/15/2023,2023,1,Political violence,Explosions/Remote violence,Air/drone strike,Military Forces of Israel (2022-),,8,Civilians (Palestine),,7,78,Civilian targeting,275,Middle East,Palestine,Gaza Strip,Khan Yunis,,Al Qararah,31.3739,34.3409,2,Quds News Network; Twitter,New media-National,"On 15 December 2023, Israeli helicopters opened fire at Palestinians east of Al Qararah (Khan Yunis, Gaza Strip). Casualties unknown.",0,,1753954979
PSE43387,12/15/2023,2023,1,Political violence,Explosions/Remote violence,Air/drone strike,Military Forces of Israel (2022-),,8,Civilians (Palestine),,7,78,Civilian targeting,275,Middle East,Palestine,Gaza Strip,North Gaza,,Jabalya,31.5272,34.4835,1,Newpress; Palestine News and Information Agency; Twitter,New media-National,"On 15 December 2023, Israeli warplanes carried out airstrikes in Jabalya (North Gaza, Gaza Strip), leaving an unspecified number of injuries among Palestinians. Also artillery struck targets in the area.",0,,1759789988
PSE43388,12/15/2023,2023,1,Political violence,Explosions/Remote violence,Air/drone strike,Military Forces of Israel (2022-),,8,Civilians (Palestine),,7,78,Civilian targeting,275,Middle East,Palestine,Gaza Strip,Gaza City,,Gaza - Az Zaytun,31.4964,34.4522,1,Newpress; Palestine News and Information Agency; Quds News Network; Twitter,New media-National,"On 15 December 2023, Israeli UAVs opened fire at Palestinian civilians in Gaza - Az Zaytun (Gaza City, Gaza Strip), killing at least 15 persons and injuring dozens. Also, artillery shelled 6 houses in the area, leaving an unspecified number of fatalities and dozens of injuries. Total fatalities coded as 18 (15 confirmed and 3 unknown).",18,,1759789988
PSE43848,12/15/2023,2023,1,Political violence,Explosions/Remote violence,Shelling/artillery/missile attack,Military Forces of Israel (2022-),,8,Civilians (Palestine),,7,78,Civilian targeting,275,Middle East,Palestine,Gaza Strip,North Gaza,,Sheikh Zaid,31.5392,34.5117,1,Palestine News and Information Agency,National,"On 15 December 2023, Israeli artillery struck toward several buildings in Sheikh Zaid (North Gaza, Gaza Strip), leaving an unspecified number of fatalities and dozens of injuries among Palestinians. Unspecified number of fatalities coded as 3.",3,,1759789988
PSE43383,12/15/2023,2023,1,Political violence,Explosions/Remote violence,Air/drone strike,Military Forces of Israel (2022-),,8,Civilians (Palestine),,7,78,Civilian targeting,275,Middle East,Palestine,Gaza Strip,Rafah,,Rafah,31.287,34.2595,1,Newpress; Palestine News and Information Agency; Twitter,New media-National,"On 15 December 2023, Israeli warplanes struck a residential area and houses in Rafah city (Rafah, Gaza Strip), leaving dozens of fatalities and injuries. Fatalities coded as 12.",12,,1762829569
PSE43602,12/16/2023,2023,1,Political violence,Explosions/Remote violence,Air/drone strike,Military Forces of Israel (2022-),,8,Civilians (Palestine),,7,78,Civilian targeting,275,Middle East,Palestine,Gaza Strip,Khan Yunis,,Khan Yunis,31.3502,34.3081,1,Ma'an News Agency; Newpress; Palestine News and Information Agency; Quds News Network; Twitter,New media-National,"On 16 December 2023, Israeli airplanes carried out airstrikes in al Manarah neighborhood of Khan Yunis city (Khan Yunis, Gaza Strip), killing 2 persons.",2,,1753954979
PSE43606,12/16/2023,2023,1,Political violence,Explosions/Remote violence,Air/drone strike,Military Forces of Israel (2022-),,8,Civilians (Palestine),,7,78,Civilian targeting,275,Middle East,Palestine,Gaza Strip,Khan Yunis,,Khan Yunis - Al Amal,31.3544,34.3007,1,Palestine News and Information Agency; Quds News Network,National,"On 16 December 2023, Israeli airplanes struck houses in Khan Yunis - Al Amal (Khan Yunis, Gaza Strip), injuring a number of Palestinians.",0,,1753954979
PSE43607,12/16/2023,2023,1,Political violence,Explosions/Remote violence,Air/drone strike,Military Forces of Israel (2022-),,8,Civilians (Palestine),Journalists (Palestine),7,78,Civilian targeting,275,Middle East,Palestine,Gaza Strip,Khan Yunis,,Khan Yunis - City Centre,31.3419,34.3015,1,Newpress; Palestine News and Information Agency; Quds News Network; Twitter,New media-National,"On 16 December 2023, Israeli airplanes struck targets at the junction of Hamid in Khan Yunis - City Centre (Khan Yunis, Gaza Strip), killing at least 3 persons including a Palestinian journalist. Meanwhile, artillery struck targets in the area.",3,,1753954979
PSE43613,12/16/2023,2023,1,Political violence,Explosions/Remote violence,Air/drone strike,Military Forces of Israel (2022-),,8,Civilians (Palestine),,7,78,Civilian targeting,275,Middle East,Palestine,Gaza Strip,Khan Yunis,,Khan Yunis - Maen,31.336,34.3172,1,Liveuamap; Palestine News and Information Agency; Quds News Network,Local partner-New media,"On 16 December 2023, Israeli airplanes struck a house east of the Islamic University in Khan Yunis - Maen (Khan Yunis, Gaza Strip), killing 5 Palestinians and injuring dozens. Meanwhile, the artillery shelled targets in the area. Total confirmed fatalities were 5.",5,,1753954979
PSE43611,12/16/2023,2023,1,Political violence,Explosions/Remote violence,Air/drone strike,Military Forces of Israel (2022-),,8,Civilians (Palestine),Refugees/IDPs (Palestine),7,78,Civilian targeting,275,Middle East,Palestine,Gaza Strip,Deir El Balah,,An Nusayrat,31.4486,34.3925,1,Newpress; Palestine News and Information Agency; Quds News Network; Twitter,New media-National,"On 16 December 2023, Israeli airplanes struck a residential area on the outskirts of al-Dawa mosque in An Nusayrat refugee camp (Deir El Balah, Gaza Strip), killing and injuring dozens of Palestinians. Fatalities coded as 12.",12,,1753954979
PSE43588,12/16/2023,2023,1,Political violence,Violence against civilians,Attack,Military Forces of Israel (2022-),,8,Civilians (Palestine),Health Workers (Palestine); Refugees/IDPs (Palestine),7,78,Civilian targeting,275,Middle East,Palestine,Gaza Strip,North Gaza,,Beit Lahiya,31.5541,34.5016,1,Newpress; Palestine Information Center; Palestine News and Information Agency; Quds News Network; Twitter,Other-New media,"On 16 December 2023, Israeli military forces destroyed the southern part of Kamal Odwan Hospital in Beit Lahiya (North Gaza, Gaza Strip). And according to the Ministry of Health in Gaza, Israeli forces bulldozed the tents of displaced individuals, burying dozens of patients and displaced people alive. A Palestinian journalist confirmed that at least 20 persons were killed. Fatalities coded as 20.",20,,1753954979
PSE43596,12/16/2023,2023,1,Political violence,Explosions/Remote violence,Air/drone strike,Military Forces of Israel (2022-),,8,Civilians (Palestine),,7,78,Civilian targeting,275,Middle East,Palestine,Gaza Strip,Deir El Balah,,Deir al Balah,31.4178,34.3503,1,Newpress; Palestine News and Information Agency; Quds News Network; Twitter,New media-National,"On 16 December 2023, Israeli airplanes struck targets on the outskirts of a UNRWA school hosting displaced people in Deir al Balah city (Deir El Balah, Gaza Strip), leaving an unspecified number of fatalities among Palestinians. Unspecified number of fatalities coded as 3.",3,,1753954979
PSE43597,12/16/2023,2023,1,Political violence,Explosions/Remote violence,Air/drone strike,Military Forces of Israel (2022-),,8,Civilians (Palestine),Refugees/IDPs (Palestine),7,78,Civilian targeting,275,Middle East,Palestine,Gaza Strip,Deir El Balah,,Al Burayj,31.4394,34.4031,1,Palestine News and Information Agency,National,"On 16 December 2023, Israeli airplanes struck a house in Al Burayj refugee camp (Deir El Balah, Gaza Strip), leaving an unspecified number of fatalities among Palestinians, including women and children. Unspecified number of fatalities coded as 3.",3,,1753954979
PSE43581,12/16/2023,2023,1,Political violence,Explosions/Remote violence,Shelling/artillery/missile attack,Military Forces of Israel (2022-),,8,Civilians (Palestine),Fishers (Palestine),7,78,Civilian targeting,275,Middle East,Palestine,Gaza Strip,Rafah,,Coast of Rafah,31.3474,34.2226,2,Al-Ittihad; Palestine News and Information Agency; PLO Negotiations Affairs Department,Other-National,"On 16 December 2023, Israeli gunboats opened fire at sea off the Coast of Rafah (Rafah, Gaza Strip), presumably toward fishing boats. Casualties unknown. Also, Israeli gunboats shelled targets along the Coast of Rafah (Rafah, Gaza Strip). Casualties unknown.",0,,1753954979
PSE43591,12/16/2023,2023,1,Political violence,Explosions/Remote violence,Shelling/artillery/missile attack,Military Forces of Israel (2022-),,8,Civilians (Palestine),Fishers (Palestine),7,78,Civilian targeting,275,Middle East,Palestine,Gaza Strip,Khan Yunis,,Coast of Khan Yunis,31.3822,34.271,2,Palestine News and Information Agency,National,"On 16 December 2023, Israeli gunboats opened fire at sea off the Coast of Khan Yunis (Rafah, Gaza Strip), presumably toward fishing boats. Casualties unknown.",0,,1753954979
PSE43615,12/16/2023,2023,1,Political violence,Explosions/Remote violence,Air/drone strike,Military Forces of Israel (2022-),,8,Civilians (Palestine),,7,78,Civilian targeting,275,Middle East,Palestine,Gaza Strip,Rafah,,Yibna,31.2842,34.2482,2,Newpress; Palestine News and Information Agency; Quds News Network; Twitter,New media-National,"On 16 December 2023, Israeli airplanes struck a house in Al Juniana and Al Tannour neighborhoods east of Rafah city (coded to Yibna, Gaza Strip), killing 2 persons in Al Juniana and injuring dozens. Meanwhile, Israeli airplanes struck a house in Block 0 south of Rafah, where several bodies were recovered from the rubble. Unknown fatalities coded as 3. Total fatalities coded as 5 (2 confirmed + 3 unknown).",5,,1753954979
PSE43619,12/16/2023,2023,1,Political violence,Explosions/Remote violence,Air/drone strike,Military Forces of Israel (2022-),,8,Civilians (Palestine),Refugees/IDPs (Palestine),7,78,Civilian targeting,275,Middle East,Palestine,Gaza Strip,Rafah,,Yibna,31.2842,34.2482,1,Newpress; Twitter,New media-National,"On 16 December 2023, Israeli airplanes carried out airstrikes on the Yibna refugee camp (Rafah, Gaza Strip). Casualties unknown.",0,,1753954979
PSE43562,12/16/2023,2023,1,Political violence,Violence against civilians,Attack,Military Forces of Israel (2022-),,8,Civilians (Palestine),,7,78,Civilian targeting,275,Middle East,Palestine,Gaza Strip,North Gaza,,Jabalya - Tel-Zaatar,31.5367,34.5035,1,Al-Ittihad; Palestine News and Information Agency; Quds News Network,National-Regional,"On 16 December 2023, an Israeli sniper shot and killed a Palestinian who was in his house in Jabalya - Tel-Zaatar (North Gaza, Gaza Strip).",1,,1759789988
PSE43589,12/16/2023,2023,1,Political violence,Violence against civilians,Attack,Military Forces of Israel (2022-),,8,Civilians (Palestine),Christian Group (Palestine); Refugees/IDPs (Palestine); Women (Palestine),7,78,Civilian targeting,275,Middle East,Palestine,Gaza Strip,Gaza City,,Gaza - Az Zaytun,31.4964,34.4522,1,Joe Truzman; Liveuamap; Ma'an News Agency; Palestine News and Information Agency; Times of Israel,Local partner-New media,"On 16 December 2023, Israeli snipers shot and killed 2 displaced women who were inside the Holy Family Church in Gaza - Az Zaytun (Gaza City, Gaza Strip). IDF denied his responsibility for the killing of a woman and her daughter in the Holy Family Church, saying that troops fired shots and hit Hamas operatives who fired RPG from the vicinity of the church.",2,,1759789988
PSE43603,12/16/2023,2023,1,Political violence,Explosions/Remote violence,Air/drone strike,Military Forces of Israel (2022-),,8,Civilians (Palestine),,7,78,Civilian targeting,275,Middle East,Palestine,Gaza Strip,North Gaza,,Jabalya,31.5272,34.4835,1,Al-Ittihad; Palestine News and Information Agency; Quds News Network; Twitter,New media-National,"On 16 December 2023, Israeli airplanes struck 2 houses in the Gaza Old street of Jabalya town (North Gaza, Gaza Strip) killing 14 Palestinians including and injuring others. Also, warplanes struck a house in the town killing dozens of Palestinians, including women and children, and injuring dozens more, fatalities coded as 12. Total fatalities coded as 26 (14 confirmed and 12 unknown). IDF said airstrikes targeted a number of Hamas militants who opened fire at troops from the roof of buildings.",26,,1759789988
PSE60060,12/16/2023,2023,1,Political violence,Explosions/Remote violence,Shelling/artillery/missile attack,Military Forces of Israel (2022-),,8,Civilians (Palestine),,7,78,Civilian targeting,275,Middle East,Palestine,Gaza Strip,Gaza City,,Gaza - Az Zaytun,31.4964,34.4522,1,Joe Truzman; Liveuamap; Ma'an News Agency; Palestine News and Information Agency; Times of Israel,Local partner-New media,"On 16 December 2023, Israeli artillery struck a site in Gaza - Az Zaytun (Gaza City, Gaza Strip), causing material damage and leaving 3 Palestinians injured.",0,,1759790002
PSE43598,12/16/2023,2023,1,Political violence,Explosions/Remote violence,Air/drone strike,Military Forces of Israel (2022-),,8,Civilians (Palestine),,7,78,Civilian targeting,275,Middle East,Palestine,Gaza Strip,Rafah,,Rafah,31.287,34.2595,1,Newpress; Palestine News and Information Agency; Twitter,New media-National,"On 16 December 2023, Israeli airplanes struck a house in Al Barahma area of Rafah city (Rafah, Gaza Strip). Casualties unknown.",0,,1762829569
PSE43628,12/17/2023,2023,1,Political violence,Explosions/Remote violence,Air/drone strike,Military Forces of Israel (2022-),,8,Civilians (Palestine),,7,78,Civilian targeting,275,Middle East,Palestine,Gaza Strip,Gaza City,,Gaza - Ad Darraj,31.5172,34.4642,1,Liveuamap; Palestine News and Information Agency; Quds News Network,Local partner-New media,"On 17 December 2023, Israeli warplanes struck houses in Gaza - Ad Darraj (Gaza City, Gaza Strip), killing at least 20 Palestinians. Meanwhile artillery struck targets in al-Sahaba area of Ad Darraj.",20,,1759789988
PSE43630,12/17/2023,2023,1,Political violence,Explosions/Remote violence,Air/drone strike,Military Forces of Israel (2022-),,8,Civilians (Palestine),,7,78,Civilian targeting,275,Middle East,Palestine,Gaza Strip,Gaza City,,Gaza - Shujaiyya,31.4988,34.4699,1,Newpress; Palestine News and Information Agency; Quds News Network; Twitter,New media-National,"On 17 December 2023, Israeli warplanes struck a house near Diwan Mushtaha in Gaza - Shujaiyya (Gaza City, Gaza Strip), killing 6 Palestinians. Also, the artillery struck targets in the area.",6,,1759789988
PSE43632,12/17/2023,2023,1,Political violence,Explosions/Remote violence,Air/drone strike,Military Forces of Israel (2022-),,8,Civilians (Palestine),,7,78,Civilian targeting,275,Middle East,Palestine,Gaza Strip,Gaza City,,Gaza - Sheikh Radwan,31.5349,34.4667,1,Palestine News and Information Agency,National,"On 17 December 2023, Israeli warplanes opened fire and launched missiles in Gaza - Sheikh Radwan (Gaza City, Gaza Strip) amid artillery shelling. Dozens of Palestinians were killed and injured. Fatalities coded as 12.",12,,1759789988
PSE43637,12/17/2023,2023,1,Political violence,Explosions/Remote violence,Air/drone strike,Military Forces of Israel (2022-),,8,Civilians (Palestine),,7,78,Civilian targeting,275,Middle East,Palestine,Gaza Strip,Gaza City,,Gaza - At Tuffah,31.5134,34.4751,1,Al Ghad (Jordan); Newpress; Palestine News and Information Agency; Twitter,New media-National,"On 17 December 2023, Israeli warplanes struck a house in Gaza - At Tuffah (Gaza City, Gaza Strip), killing about 40 persons and injuring several of Palestinians. Also, artillery struck targets in the area.",40,,1759789988
PSE43639,12/17/2023,2023,1,Political violence,Explosions/Remote violence,Air/drone strike,Military Forces of Israel (2022-),,8,Civilians (Palestine),,7,78,Civilian targeting,275,Middle East,Palestine,Gaza Strip,Khan Yunis,,Bani Suheila,31.3424,34.325,2,Ma'an News Agency; Palestine News and Information Agency; Quds News Network,National,"On 17 December 2023, Israeli warplanes struck targets east of Khan Yunis city (coded to Bani Suheila) (Khan Yunis, Gaza Strip). Casualties unknown.",0,,1753954979
PSE43648,12/17/2023,2023,1,Political violence,Explosions/Remote violence,Air/drone strike,Military Forces of Israel (2022-),,8,Civilians (Palestine),,7,78,Civilian targeting,275,Middle East,Palestine,Gaza Strip,Khan Yunis,,Al Qararah,31.3739,34.3409,2,Arab 48; Quds News Network,National,"On 17 December 2023, Israeli warplanes struck targets west of Al Qararah (Khan Yunis, Gaza Strip). Casualties unknown.",0,,1753954979
PSE43627,12/17/2023,2023,1,Political violence,Explosions/Remote violence,Air/drone strike,Military Forces of Israel (2022-),,8,Civilians (Palestine),Refugees/IDPs (Palestine),7,78,Civilian targeting,275,Middle East,Palestine,Gaza Strip,Deir El Balah,,Deir al Balah,31.4178,34.3503,1,Newpress; Palestine News and Information Agency; Quds News Network; Twitter,New media-National,"On 17 December 2023, Israeli warplanes struck a house in Deir al Balah refugee camp (Deir El Balah, Gaza Strip), killing about 12 Palestinians and injuring dozens, majority of them were displaced people. Also, the artillery shelled al-Baraka area in the city. Total fatalities coded as 12.",12,,1753954979
PSE43640,12/17/2023,2023,1,Political violence,Explosions/Remote violence,Air/drone strike,Military Forces of Israel (2022-),,8,Civilians (Palestine),Journalists (Palestine); Refugees/IDPs (Palestine),7,78,Civilian targeting,275,Middle East,Palestine,Gaza Strip,Deir El Balah,,An Nusayrat,31.4486,34.3925,1,Liveuamap; Newpress; Palestine News and Information Agency; Quds News Network; Twitter,Local partner-New media,"On 17 December 2023, Israeli warplanes struck a house on the outskirts of al-Nour mosque in An Nusayrat refugee camp (Deir El Balah, Gaza Strip), killing 15 persons, including, a female journalist and a child, and injuring dozens.",15,,1753954979
PSE43604,12/17/2023,2023,1,Political violence,Violence against civilians,Attack,Military Forces of Israel (2022-),,8,Civilians (Palestine),Health Workers (Palestine),7,78,Civilian targeting,275,Middle East,Palestine,Gaza Strip,North Gaza,,Beit Lahiya,31.5541,34.5016,1,Newpress; Palestine News and Information Agency; Quds News Network; Twitter,New media-National,"On 17 December 2023, Israeli military forces opened fire at Kamal Odwan Hospital during a press conference in Beit Lahiya (North Gaza, Gaza Strip) while civilians were inside. Casualties unknown.",0,,1753954979
PSE43634,12/17/2023,2023,1,Political violence,Explosions/Remote violence,Air/drone strike,Military Forces of Israel (2022-),,8,Civilians (Palestine),,7,78,Civilian targeting,275,Middle East,Palestine,Gaza Strip,North Gaza,,Beit Lahiya,31.5541,34.5016,1,Newpress; Palestine News and Information Agency; Twitter,New media-National,"On 17 December 2023, Israeli warplanes struck a house in Beit Lahiya (North Gaza, Gaza Strip), killing 2 Palestinians and injuring a number of others.",2,,1753954979
PSE43631,12/17/2023,2023,1,Political violence,Explosions/Remote violence,Air/drone strike,Military Forces of Israel (2022-),,8,Civilians (Palestine),,7,78,Civilian targeting,275,Middle East,Palestine,Gaza Strip,Gaza City,,Gaza - Nasr,31.534,34.4574,1,Palestine News and Information Agency,National,"On 17 December 2023, Israeli warplanes opened fire and launched missiles in Gaza - Nasr (Gaza City, Gaza Strip) amid artillery shelling. Dozens of Palestinians were killed and injured. Fatalities coded as 12.",12,,1753954979
PSE43635,12/17/2023,2023,1,Political violence,Explosions/Remote violence,Air/drone strike,Military Forces of Israel (2022-),,8,Civilians (Palestine),,7,78,Civilian targeting,275,Middle East,Palestine,Gaza Strip,Khan Yunis,,Khan Yunis - Al Amal,31.3544,34.3007,1,Palestine News and Information Agency,National,"On 17 December 2023, Israeli warplanes struck 3 houses in Khan Yunis - Al Amal (Khan Yunis, Gaza Strip), killing and injuring an unspecified number of Palestinians, coded as 3.",3,,1753954979
PSE43605,12/17/2023,2023,1,Political violence,Violence against civilians,Attack,Military Forces of Israel (2022-),,8,Civilians (Palestine),,7,78,Civilian targeting,275,Middle East,Palestine,Gaza Strip,Gaza City,,Gaza - Northern Remal,31.524,34.4505,1,Quds News Network,National,"On 17 December 2023, Israeli snipers shot and injured 6 Palestinians while filling water in Al Shifa Hospital in Gaza - Northern Remal (Gaza City, Gaza Strip).",0,,1759789988
PSE43929,12/17/2023,2023,1,Political violence,Explosions/Remote violence,Air/drone strike,Military Forces of Israel (2022-),,8,Civilians (Palestine),Health Workers (Palestine),7,78,Civilian targeting,275,Middle East,Palestine,Gaza Strip,Khan Yunis,,Khan Yunis - West (Municipal Stadium),31.3484,34.2961,2,Newpress; Palestine News and Information Agency; Quds News Network; Twitter,New media-National,"On 17 December 2023, Israeli artillery fired a shell at Naser Hospital west of Khan Yunis (coded to Khan Yunis - West (Municipal Stadium)) (Gaza Strip). A Palestinian woman was killed and several wounded, including women and children. Also, warplanes struck targets in the area. 1 fatality.",1,,1753954979
PSE60055,12/17/2023,2023,1,Political violence,Explosions/Remote violence,Air/drone strike,Military Forces of Israel (2022-),,8,Civilians (Palestine),,7,78,Civilian targeting,275,Middle East,Palestine,Gaza Strip,Gaza City,,Gaza - Northern Remal,31.524,34.4505,1,Quds News Network,National,"On 17 December 2023, Israeli warplanes struck the Muhandisn building in Gaza - Northern Remal (Gaza City, Gaza Strip), killing 7 Palestinians.",7,,1759790002
PSE43641,12/17/2023,2023,1,Political violence,Explosions/Remote violence,Air/drone strike,Military Forces of Israel (2022-),,8,Civilians (Palestine),,7,78,Civilian targeting,275,Middle East,Palestine,Gaza Strip,Deir El Balah,,An Nusayrat - West,31.4525,34.3756,1,Newpress; Palestine News and Information Agency; Quds News Network; Twitter,New media-National,"On 17 December 2023, Israeli warplanes struck a house west of An Nusayrat refugee camp (An Nusayrat - West, Deir El Balah, Gaza Strip), killing and injuring an unspecified number of Palestinians. [On 27 January 2025, 10 bodies were recovered from under the rubble in An Nusayrat - West. These fatalities were distributed across two separate events. Five of these fatalities were coded to this event].",5,,1753954979
PSE43932,12/17/2023,2023,1,Political violence,Explosions/Remote violence,Shelling/artillery/missile attack,Military Forces of Israel (2022-),,8,Civilians (Palestine),,7,78,Civilian targeting,275,Middle East,Palestine,Gaza Strip,Gaza City,,Gaza - Sabra,31.5086,34.4493,1,Liveuamap; Palestine News and Information Agency,Local partner-New media,"On 17 December 2023, Israeli artillery shelled targets in Gaza - Sabra (Gaza City, Gaza Strip), leaving an unspecified number of fatalities. [On 20 December 2023, 70 bodies were recovered from under the rubble in Sabra. These fatalities were split across 3 events, 23 fatalities were coded to this event].",23,,1759789988
PSE43626,12/17/2023,2023,1,Political violence,Explosions/Remote violence,Air/drone strike,Military Forces of Israel (2022-),,8,Civilians (Palestine),Muslim Group (Palestine),7,78,Civilian targeting,275,Middle East,Palestine,Gaza Strip,North Gaza,,Jabalya,31.5272,34.4835,1,Arab 48; Liveuamap; Ma'an News Agency; Newpress; Palestine News and Information Agency; Quds News Network; Twitter,Local partner-New media,"On 17 December 2023, Israeli warplanes struck 3 houses in Jabalya town (North Gaza, Gaza Strip), killing at least 35 Palestinians and injuring dozens, including 11 persons were killed from the same family. Also, 30 Palestinians were killed and dozens were injured in separate airstrikes on a mosque and houses in Jabalya, including 16 Palestinians from the same family. Total fatalities were 65.",65,,1759789988
PSE43629,12/17/2023,2023,1,Political violence,Explosions/Remote violence,Air/drone strike,Military Forces of Israel (2022-),,8,Civilians (Palestine),,7,78,Civilian targeting,275,Middle East,Palestine,Gaza Strip,Gaza City,,Gaza - Az Zaytun,31.4964,34.4522,1,Palestine News and Information Agency; Quds News Network,National,"On 17 December 2023, Israeli warplanes opened fire and artillery struck targets in Gaza - Az Zaytun (Gaza City, Gaza Strip), killing 9 Palestinians. Also, warplanes struck a house hosting 50 persons. Casualties unknown. Total fatalities coded as 9.",9,,1759789988
PSE43633,12/17/2023,2023,1,Political violence,Explosions/Remote violence,Air/drone strike,Military Forces of Israel (2022-),,8,Civilians (Palestine),,7,78,Civilian targeting,275,Middle East,Palestine,Gaza Strip,Gaza City,,Gaza - Tal el Hawa,31.5041,34.435,1,Palestine News and Information Agency,National,"On 17 December 2023, Israeli warplanes struck targets on the outskirts of Gaza - Tal el Hawa (Gaza City, Gaza Strip), injuring a number of Palestinians.",0,,1759789988
PSE43650,12/17/2023,2023,1,Political violence,Explosions/Remote violence,Air/drone strike,Military Forces of Israel (2022-),,8,Civilians (Palestine),,7,78,Civilian targeting,275,Middle East,Palestine,Gaza Strip,Rafah,,Rafah,31.287,34.2595,1,Arab 48; Newpress; Quds News Network; Twitter,New media-National,"On 17 December 2023, Israeli warplanes struck houses in Rafah city (Rafah, Gaza Strip), killing a Palestinian and injuring several of others.",1,,1762829569
PSE43674,12/18/2023,2023,1,Political violence,Explosions/Remote violence,Air/drone strike,Military Forces of Israel (2022-),,8,Civilians (Palestine),,7,78,Civilian targeting,275,Middle East,Palestine,Gaza Strip,Khan Yunis,,Khan Yunis - Al Kateebeh,31.3642,34.3085,2,Palestine News and Information Agency,National,"On 18 December 2023, Israeli warplanes struck targets amid of artillery shelling north of Khan Yunis (coded to Khan Yunis - Al Kateebeh) (Khan Yunis, Gaza Strip), leaving dozens of fatalities and injuries among Palestinians. Fatalities coded as 12.",12,,1767742780
PSE43676,12/18/2023,2023,1,Political violence,Explosions/Remote violence,Air/drone strike,Military Forces of Israel (2022-),,8,Civilians (Palestine),Health Workers (Palestine); Refugees/IDPs (Palestine),7,78,Civilian targeting,275,Middle East,Palestine,Gaza Strip,Gaza City,,Gaza - Northern Remal,31.524,34.4505,1,Newpress; Palestine News and Information Agency; Quds News Network; Twitter,New media-National,"On 18 December 2023, Israeli warplanes struck a building in Al Shifa Hospital in Gaza - Northern Remal (Gaza City, Gaza Strip), killing 26 displaced Palestinians. Also, the artillery shelled a car inside Al Shifa Hospital, killing 2 persons. Total fatalities were 28.",28,,1759789988
PSE43679,12/18/2023,2023,1,Political violence,Explosions/Remote violence,Air/drone strike,Military Forces of Israel (2022-),,8,Civilians (Palestine),,7,78,Civilian targeting,275,Middle East,Palestine,Gaza Strip,Gaza City,,Gaza - Sheikh Radwan,31.5349,34.4667,1,Newpress; Palestine News and Information Agency; Quds News Network; Twitter,New media-National,"On 18 December 2023, Israeli artillery shelled the Gaza - Sheikh Radwan (Gaza City, Gaza Strip). Casualties unknown. Also, warplanes struck the house, injuring several Palestinians.",0,,1759789988
PSE43682,12/18/2023,2023,1,Political violence,Explosions/Remote violence,Air/drone strike,Military Forces of Israel (2022-),,8,Civilians (Palestine),,7,78,Civilian targeting,275,Middle East,Palestine,Gaza Strip,Khan Yunis,,Bani Suheila,31.3424,34.325,2,Liveuamap; Palestine News and Information Agency; Quds News Network,Local partner-New media,"On 18 December 2023, Israeli warplanes struck targets amid of artillery shelling east of Khan Yunis (coded to Bani Suheila) (Khan Yunis, Gaza Strip). Casualties unknown.",0,,1753954979
PSE43683,12/18/2023,2023,1,Political violence,Explosions/Remote violence,Air/drone strike,Military Forces of Israel (2022-),,8,Civilians (Palestine),,7,78,Civilian targeting,275,Middle East,Palestine,Gaza Strip,Khan Yunis,,Abasan al Kabirah,31.3191,34.3401,1,Palestine News and Information Agency,National,"On 18 December 2023, an Israeli UAV struck a target in Abasan al Kabirah (Khan Yunis, Gaza Strip) and killed a Palestinian.",1,,1753954979
PSE43975,12/18/2023,2023,1,Political violence,Explosions/Remote violence,Shelling/artillery/missile attack,Military Forces of Israel (2022-),,8,Civilians (Palestine),,7,78,Civilian targeting,275,Middle East,Palestine,Gaza Strip,Khan Yunis,,Khan Yunis,31.3502,34.3081,1,Newpress; Palestine News and Information Agency; Twitter,New media-National,"On 18 December 2023, Israeli artillery shelled Palestinian houses in the city of Khan Yunis (Khan Yunis, Gaza Strip), leaving dozens of fatalities and injuries among Palestinians. Fatalities coded as 12.",12,,1753954979
PSE43681,12/18/2023,2023,1,Political violence,Explosions/Remote violence,Air/drone strike,Military Forces of Israel (2022-),,8,Civilians (Palestine),,7,78,Civilian targeting,275,Middle East,Palestine,Gaza Strip,Deir El Balah,,Deir al Balah,31.4178,34.3503,1,Newpress; Palestine News and Information Agency; Quds News Network; Twitter,New media-National,"On 18 December 2023, Israeli warplanes struck a house on the outskirts of Al Aqsa Hospital in Deir al Balah (Deir El Balah, Gaza strip), killing 4 Palestinians.",4,,1753954979
PSE43686,12/18/2023,2023,1,Political violence,Explosions/Remote violence,Air/drone strike,Military Forces of Israel (2022-),,8,Civilians (Palestine),Refugees/IDPs (Palestine),7,78,Civilian targeting,275,Middle East,Palestine,Gaza Strip,Deir El Balah,,An Nusayrat,31.4486,34.3925,1,Palestine News and Information Agency; Quds News Network,National,"On 18 December 2023, Israeli warplanes struck 2 houses in An Nusayrat refugee camp (Deir El Balah, Gaza Strip), killing 5 Palestinians, including children.",5,,1753954979
PSE43707,12/18/2023,2023,1,Political violence,Explosions/Remote violence,Air/drone strike,Military Forces of Israel (2022-),,8,Civilians (Palestine),,7,78,Civilian targeting,275,Middle East,Palestine,Gaza Strip,Deir El Balah,,An Nusayrat - West,31.4525,34.3756,1,Palestine News and Information Agency; Quds News Network,National,"On 18 December 2023, Israeli warplanes struck a house in Al Hasayneh area west of An Nusayrat refugee camp (An Nusayrat - West, Deir El Balah, Gaza Strip), killing 5 children.",5,,1753954979
PSE43680,12/18/2023,2023,1,Political violence,Explosions/Remote violence,Air/drone strike,Military Forces of Israel (2022-),,8,Civilians (Palestine),,7,78,Civilian targeting,275,Middle East,Palestine,Gaza Strip,North Gaza,,Beit Lahiya,31.5541,34.5016,1,Palestine News and Information Agency; Quds News Network,National,"On 18 December 2023, Israeli warplanes struck targets on the outskirts of Abu Tammam School in Beit Lahiya (North Gaza, Gaza Strip), leaving an unspecified number of fatalities and injuries among Palestinians, coded as 3.. Also, the artillery shelled targets in the area.",3,,1753954979
PSE43684,12/18/2023,2023,1,Political violence,Explosions/Remote violence,Air/drone strike,Military Forces of Israel (2022-),,8,Civilians (Palestine),,7,78,Civilian targeting,275,Middle East,Palestine,Gaza Strip,Khan Yunis,,Khan Yunis - Al Amal,31.3544,34.3007,1,Newpress; Palestine News and Information Agency; Quds News Network; Twitter,New media-National,"On 18 December 2023, Israeli warplanes struck a house in Khan Yunis - Al Amal (Khan Yunis, Gaza Strip), leaving an unspecified number of fatalities and injuries among Palestinians, coded as 3.",3,,1753954979
PSE43701,12/18/2023,2023,1,Political violence,Explosions/Remote violence,Air/drone strike,Military Forces of Israel (2022-),,8,Civilians (Palestine),Refugees/IDPs (Palestine),7,78,Civilian targeting,275,Middle East,Palestine,Gaza Strip,Deir El Balah,,Al Burayj,31.4394,34.4031,1,Palestine News and Information Agency; Quds News Network,National,"On 18 December 2023, Israeli airplanes struck a house in Al Burayj refugee camp (Deir El Balah, Gaza Strip), leaving an unspecified number of fatalities, coded as 3.",3,,1753954979
PSE43978,12/18/2023,2023,1,Political violence,Explosions/Remote violence,Shelling/artillery/missile attack,Military Forces of Israel (2022-),,8,Civilians (Palestine),,7,78,Civilian targeting,275,Middle East,Palestine,Gaza Strip,Gaza City,,Gaza - Ad Darraj,31.5172,34.4642,1,Liveuamap; Newpress; Palestine News and Information Agency; Quds News Network; Twitter,Local partner-New media,"On 18 December 2023, Israeli artillery shelled Al Sahabah area of Gaza - Ad Darraj (Gaza City, Gaza Strip), leaving an unspecified number of fatalities and dozens of injuries among Palestinians, coded as 3.",3,,1759789988
PSE43698,12/18/2023,2023,1,Political violence,Explosions/Remote violence,Air/drone strike,Military Forces of Israel (2022-),,8,Civilians (Palestine),Labor Group (Palestine); Refugees/IDPs (Palestine),7,78,Civilian targeting,275,Middle East,Palestine,Gaza Strip,North Gaza,,Jabalya Camp,31.536,34.4907,1,Newpress; Twitter,New media-National,"On 18 December 2023, Israeli warplanes struck targets near the Yemen Said Hospital in Mukhayyam Jabalya camp (North Gaza, Gaza Strip), injuring 3 members of the civil defence.",0,,1753954979
PSE43979,12/18/2023,2023,1,Political violence,Explosions/Remote violence,Air/drone strike,Military Forces of Israel (2022-),,8,Civilians (Palestine),,7,78,Civilian targeting,275,Middle East,Palestine,Gaza Strip,Gaza City,,Gaza - Shujaiyya,31.4988,34.4699,1,Palestine News and Information Agency; Quds News Network,National,"On 18 December 2023, Israeli warplanes and artillery struck targets in Gaza - Shujaiyya (Gaza City, Gaza Strip). Casualties unknown.",0,,1759789988
PSE43708,12/18/2023,2023,1,Political violence,Explosions/Remote violence,Air/drone strike,Military Forces of Israel (2022-),,8,Civilians (Palestine),Refugees/IDPs (Palestine),7,78,Civilian targeting,275,Middle East,Palestine,Gaza Strip,Rafah,,Yibna,31.2842,34.2482,1,Quds News Network,National,"On 18 December 2023, Israeli airplanes struck a house in Yibna refugee camp (Rafah, Gaza Strip), leaving an unspecified number of fatalities among Palestinians, coded as 3.",3,,1753954979
PSE43673,12/18/2023,2023,1,Political violence,Explosions/Remote violence,Air/drone strike,Military Forces of Israel (2022-),,8,Civilians (Palestine),,7,78,Civilian targeting,275,Middle East,Palestine,Gaza Strip,North Gaza,,Jabalya,31.5272,34.4835,1,Liveuamap; Newpress; Palestine News and Information Agency; Quds News Network; Twitter,Local partner-New media,"On 18 December 2023, the IDF killed at least 100 Palestinians, presumably by airstrikes and artillery shelling, in Jabalya town (North Gaza, Gaza Strip).",100,,1759789988
PSE43687,12/18/2023,2023,1,Political violence,Explosions/Remote violence,Air/drone strike,Military Forces of Israel (2022-),,8,Civilians (Palestine),,7,78,Civilian targeting,275,Middle East,Palestine,Gaza Strip,Rafah,,Rafah,31.287,34.2595,1,Al Ghad (Jordan); Newpress; Palestine News and Information Agency; Quds News Network; Twitter,New media-National,"On 18 December 2023, Israeli warplanes struck a house in Rafah city (Rafah, Gaza Strip), killing 4 Palestinians, including 3 children. Also, 8 Palestinians were killed in a separate airstrike on another house. Total fatalities were 12.",12,,1762829569
PSE43723,12/19/2023,2023,1,Political violence,Explosions/Remote violence,Air/drone strike,Military Forces of Israel (2022-),,8,Civilians (Palestine),,7,78,Civilian targeting,275,Middle East,Palestine,Gaza Strip,Gaza City,,Gaza - Shujaiyya,31.4988,34.4699,1,Palestine News and Information Agency; Quds News Network; Twitter,New media-National,"On 19 December 2023, Israeli warplanes struck targets in Gaza - Shujaiyya (Gaza City, Gaza Strip). Meanwhile, the artillery struck targets in the area. Casualties unknown.",0,,1759789988
PSE43728,12/19/2023,2023,1,Political violence,Explosions/Remote violence,Air/drone strike,Military Forces of Israel (2022-),,8,Civilians (Palestine),,7,78,Civilian targeting,275,Middle East,Palestine,Gaza Strip,Khan Yunis,,Bani Suheila,31.3424,34.325,1,Palestine News and Information Agency; Quds News Network; Twitter,New media-National,"On 19 December 2023, Israeli warplanes and artillery struck Bani Suheila (Khan Yunis, Gaza Strip). Casualties unknown.",0,,1753954979
PSE44004,12/19/2023,2023,1,Political violence,Explosions/Remote violence,Shelling/artillery/missile attack,Military Forces of Israel (2022-),,8,Civilians (Palestine),,7,78,Civilian targeting,275,Middle East,Palestine,Gaza Strip,Gaza City,,Gaza - Sheikh Radwan,31.5349,34.4667,1,Palestine News and Information Agency; Quds News Network; Twitter,New media-National,"On 19 December 2023, Israeli artillery shelled a house near Birket al-Shaikh in Gaza - Sheikh Radwan (Gaza City, Gaza Strip). Casualties unknown.",0,,1759789988
PSE43729,12/19/2023,2023,1,Political violence,Explosions/Remote violence,Air/drone strike,Military Forces of Israel (2022-),,8,Civilians (Palestine),Refugees/IDPs (Palestine),7,78,Civilian targeting,275,Middle East,Palestine,Gaza Strip,Deir El Balah,,An Nusayrat,31.4486,34.3925,1,Newpress; Palestine News and Information Agency; Quds News Network; Twitter,New media-National,"On 19 December 2023, Israeli warplanes struck houses in An Nusayrat refugee camp (Deir El Balah, Gaza Strip), killing a Palestinian woman.",1,,1753954979
PSE43730,12/19/2023,2023,1,Political violence,Explosions/Remote violence,Air/drone strike,Military Forces of Israel (2022-),,8,Civilians (Palestine),,7,78,Civilian targeting,275,Middle East,Palestine,Gaza Strip,Deir El Balah,,Deir al Balah,31.4178,34.3503,1,Liveuamap; Newpress; Palestine News and Information Agency; Quds News Network; Twitter,Local partner-New media,"On 19 December 2023, Israeli warplanes struck a house in Deir al Balah (Deir El Balah, Gaza Strip), killing 13 Palestinian and injuring several persons.",13,,1753954979
PSE43740,12/19/2023,2023,1,Political violence,Explosions/Remote violence,Air/drone strike,Military Forces of Israel (2022-),,8,Civilians (Palestine),Refugees/IDPs (Palestine),7,78,Civilian targeting,275,Middle East,Palestine,Gaza Strip,Deir El Balah,,Al Burayj,31.4394,34.4031,1,Newpress; Twitter,New media-National,"On 19 December 2023, Israeli warplanes struck a house in Al Burayj refugee camp (Deir El Balah, Gaza Strip), killing 2 Palestinian and injuring another 3.",2,,1753954979
PSE44005,12/19/2023,2023,1,Political violence,Explosions/Remote violence,Shelling/artillery/missile attack,Military Forces of Israel (2022-),,8,Civilians (Palestine),Refugees/IDPs (Palestine),7,78,Civilian targeting,275,Middle East,Palestine,Gaza Strip,Deir El Balah,,Al Maghazi,31.4214,34.3865,1,Quds News Network; Twitter,New media-National,"On 19 December 2023, Israeli artillery shelled the eastern part of Al Maghazi refugee camp (Deir El Balah, Gaza Strip). 2 Palestinians were killed.",2,,1753954979
PSE43720,12/19/2023,2023,1,Political violence,Explosions/Remote violence,Air/drone strike,Military Forces of Israel (2022-),,8,Civilians (Palestine),,7,78,Civilian targeting,275,Middle East,Palestine,Gaza Strip,Khan Yunis,,Bani Suheila,31.3424,34.325,2,Palestine News and Information Agency,National,"On 19 December 2023, Israeli warplanes struck targets east of Khan Yunis (coded to Bani Suheila) (Khan Yunis, Gaza Strip), leaving an unspecified number of fatalities and injuries among Palestinians, coded as 3.",3,,1753954979
PSE43721,12/19/2023,2023,1,Political violence,Explosions/Remote violence,Air/drone strike,Military Forces of Israel (2022-),,8,Civilians (Palestine),,7,78,Civilian targeting,275,Middle East,Palestine,Gaza Strip,Khan Yunis,,Khan Yunis - Al Kateebeh,31.3642,34.3085,2,Palestine News and Information Agency,National,"On 19 December 2023, Israeli warplanes struck targets north of Khan Yunis (coded to Khan Yunis - Al Kateebeh) (Khan Yunis, Gaza Strip), leaving an unspecified number of fatalities and injuries among Palestinians, coded as 3.",3,,1767742780
PSE43727,12/19/2023,2023,1,Political violence,Explosions/Remote violence,Air/drone strike,Military Forces of Israel (2022-),,8,Civilians (Palestine),Refugees/IDPs (Palestine),7,78,Civilian targeting,275,Middle East,Palestine,Gaza Strip,Khan Yunis,,Khan Yunis - West (Municipal Stadium),31.3484,34.2961,2,Newpress; Palestine News and Information Agency; Quds News Network; Twitter,New media-National,"On 19 December 2023, Israeli warplanes and UAVs opened fire and struck a school hosting displaced people in Khan Yunis refugee camp, west of Khan Yunis (coded to Khan Yunis - West (Municipal Stadium)) (Gaza Strip), leaving an unspecified number of fatalities, coded as 3. Also, 15 Palestinians were killed and dozens injured in an airstrike on the Hamdan house west of Khan Yunis. Total fatalities coded as 18.",3,,1753954979
PSE43726,12/19/2023,2023,1,Political violence,Explosions/Remote violence,Air/drone strike,Military Forces of Israel (2022-),,8,Civilians (Palestine),Refugees/IDPs (Palestine),7,78,Civilian targeting,275,Middle East,Palestine,Gaza Strip,North Gaza,,Jabalya Camp,31.536,34.4907,1,Liveuamap; Newpress; Palestine News and Information Agency; Quds News Network; Twitter,Local partner-New media,"On 19 December 2023,Israeli warplanes struck targets in Jabalya town and Mukhayyam Jabalya camp (North Gaza, Gaza Strip), injuring a number of Palestinians and killing 27 persons in Jabalya and its refugee camp. Fatalities split across 2 events. Also, the artillery shelled targets in the camp's area.",13,,1753954979
PSE43724,12/19/2023,2023,1,Political violence,Explosions/Remote violence,Air/drone strike,Military Forces of Israel (2022-),,8,Civilians (Palestine),,7,78,Civilian targeting,275,Middle East,Palestine,Gaza Strip,Gaza City,,Gaza - Sabra,31.5086,34.4493,1,Newpress; Palestine News and Information Agency; Quds News Network,National,"On 19 December 2023, Israeli warplanes struck targets in Al Mughrabi street in Gaza - Sabra (Gaza City, Gaza Strip), leaving an unspecified number of fatalities and injuries among Palestinians. [On 20 December 2023, 70 bodies were recovered from under the rubble in Sabra. These fatalities were split across 3 events, 23 fatalities were coded to this event].",23,,1759789988
PSE43722,12/19/2023,2023,1,Political violence,Explosions/Remote violence,Air/drone strike,Military Forces of Israel (2022-),,8,Civilians (Palestine),,7,78,Civilian targeting,275,Middle East,Palestine,Gaza Strip,Gaza City,,Gaza - Southern Remal,31.5168,34.4355,1,Palestine News and Information Agency; Quds News Network; Twitter,New media-National,"On 19 December 2023, Israeli warplanes struck 2 residential towers in Gaza - Southern Remal (Gaza City, Gaza Strip) killing at least 50 Palestinians and injuring another 12, meanwhile, rescue teams are attempting to recover the bodies from rubble.",50,,1759789988
PSE43713,12/19/2023,2023,1,Political violence,Explosions/Remote violence,Air/drone strike,Military Forces of Israel (2022-),,8,Civilians (Palestine),,7,78,Civilian targeting,275,Middle East,Palestine,Gaza Strip,Rafah,,Yibna,31.2842,34.2482,2,Newpress; PLO Negotiations Affairs Department; Twitter,Other-New media,"On 19 December 2023, Israeli warplanes struck houses and killed an unspecified number of Palestinians east of Rafah (coded to Yibna, Gaza Strip). Meanwhile artillery and tanks shelled targets in the area. Unspecified number of fatalities coded as 3.",3,,1753954979
PSE43725,12/19/2023,2023,1,Political violence,Explosions/Remote violence,Air/drone strike,Military Forces of Israel (2022-),,8,Civilians (Palestine),,7,78,Civilian targeting,275,Middle East,Palestine,Gaza Strip,North Gaza,,Jabalya,31.5272,34.4835,1,Newpress; Palestine News and Information Agency; Twitter,New media-National,"On 19 December 2023, Israeli warplanes struck targets in Jabalya town (North Gaza, Gaza Strip), injuring a number of Palestinians and killing 27 persons in Jabalya and its refugee camp. Fatalities split across 2 events.",14,,1759789988
PSE67503,12/19/2023,2023,1,Political violence,Violence against civilians,Attack,Military Forces of Israel (2022-),,8,Civilians (Palestine),,7,78,Civilian targeting,275,Middle East,Palestine,Gaza Strip,Gaza City,,Gaza - Southern Remal,31.5168,34.4355,1,Palestine News and Information Agency; Quds News Network; Twitter; UN HRC,Other-New media,"On 19 December 2023, Israeli soldiers summarily executed at least 11 Palestinians via firearms near Al Jalaa Street in Gaza - Southern Remal (Gaza City, Gaza Strip). Some other sources reported fatalities as 13.",11,,1759790002
PSE43719,12/19/2023,2023,1,Political violence,Explosions/Remote violence,Air/drone strike,Military Forces of Israel (2022-),,8,Civilians (Palestine),Journalists (Palestine),7,78,Civilian targeting,275,Middle East,Palestine,Gaza Strip,Rafah,,Rafah,31.287,34.2595,1,Amnesty International; Newpress; Palestine News and Information Agency; Quds News Network; Twitter,Other-New media,"On 19 December 2023, Israeli warplanes struck a house in Rafah (Rafah, Gaza Strip), killing 22 people, including 11 children and a journalist.",22,,1762829569
PSE43762,12/20/2023,2023,1,Political violence,Explosions/Remote violence,Air/drone strike,Military Forces of Israel (2022-),,8,Civilians (Palestine),Refugees/IDPs (Palestine),7,78,Civilian targeting,275,Middle East,Palestine,Gaza Strip,Khan Yunis,,Khan Yunis - Al Amal,31.3544,34.3007,2,Liveuamap; Newpress; Palestine News and Information Agency; Quds News Network; Twitter,Local partner-New media,"On 20 December 2023, Israeli warplanes struck house in the Japanese neighborhood, west of Khan Yunis - Al Amal (Khan Yunis, Gaza Strip), killing a child and injuring several Palestinians. Also, warplanes struck the headquarters of the PRCS, injuring 12 of displaced people.",1,,1753954979
PSE43764,12/20/2023,2023,1,Political violence,Explosions/Remote violence,Air/drone strike,Military Forces of Israel (2022-),,8,Civilians (Palestine),Refugees/IDPs (Palestine),7,78,Civilian targeting,275,Middle East,Palestine,Gaza Strip,Khan Yunis,,Khan Yunis - West (Municipal Stadium),31.3484,34.2961,2,Liveuamap; Palestine News and Information Agency; Quds News Network; Twitter,Local partner-New media,"On 20 December 2023, Israeli warplanes carried out airstrikes in the vicinity of the Jordanian field hospital west of Khan Yunis city (coded to Khan Yunis - West (Municipal Stadium)) (Gaza Strip). As a result, 4 Palestinians were killed, including children. Additionally, 2 Palestinians were killed in airstrikes on a house in Khan Yunis refugee camp, west of Khan Yunis. Total confirmed fatalities were 6.",6,,1753954979
PSE43767,12/20/2023,2023,1,Political violence,Explosions/Remote violence,Air/drone strike,Military Forces of Israel (2022-),,8,Civilians (Palestine),,7,78,Civilian targeting,275,Middle East,Palestine,Gaza Strip,Khan Yunis,,Khan Yunis,31.3502,34.3081,1,Ma'an News Agency; Palestine News and Information Agency,National,"On 20 December 2023, Israeli warplanes carried out airstrikes in Khan Yunis city (Khan Yunis, Gaza Strip). Casualties unknown.",0,,1753954979
PSE43769,12/20/2023,2023,1,Political violence,Explosions/Remote violence,Air/drone strike,Military Forces of Israel (2022-),,8,Civilians (Palestine),Refugees/IDPs (Palestine),7,78,Civilian targeting,275,Middle East,Palestine,Gaza Strip,Khan Yunis,,Al Fukhari,31.2952,34.3332,1,Newpress; Palestine News and Information Agency; Quds News Network; Twitter,New media-National,"On 20 December 2023, Israeli warplanes struck several houses and farmlands near the European hospital in Al Fukhari (Khan Yunis, Gaza Strip), killing at least 24 Palestinians, including displaced people, and several of others were injured.",24,,1753954979
PSE43781,12/20/2023,2023,1,Political violence,Explosions/Remote violence,Air/drone strike,Military Forces of Israel (2022-),,8,Civilians (Palestine),,7,78,Civilian targeting,275,Middle East,Palestine,Gaza Strip,Deir El Balah,,Al Maghazi,31.4214,34.3865,2,Newpress; Quds News Network; Twitter,New media-National,"On 20 December 2023, Israeli warplanes struck a house and an agricultural land north of Al Maghazi refugee camp (Deir El Balah, Gaza Strip). Casualties unknown.",0,,1753954979
PSE43765,12/20/2023,2023,1,Political violence,Explosions/Remote violence,Air/drone strike,Military Forces of Israel (2022-),,8,Civilians (Palestine),Refugees/IDPs (Palestine),7,78,Civilian targeting,275,Middle East,Palestine,Gaza Strip,Gaza City,,Gaza - Sabra,31.5086,34.4493,1,Newpress; Palestine News and Information Agency; Quds News Network; Twitter,New media-National,"On 20 December 2023, Israeli warplanes struck the Al Mustaqbal School hosting displaced people in Gaza - Sabra (Gaza City, Gaza Strip), leaving an unspecified number of fatalities and dozens of injuries among Palestinians, coded as 3.",3,,1759789988
PSE43766,12/20/2023,2023,1,Political violence,Explosions/Remote violence,Air/drone strike,Military Forces of Israel (2022-),,8,Civilians (Palestine),,7,78,Civilian targeting,275,Middle East,Palestine,Gaza Strip,Deir El Balah,,Deir al Balah,31.4178,34.3503,1,Palestine News and Information Agency; Quds News Network; Twitter,New media-National,"On 20 December 2023, Israeli warplanes struck a house in the vicinity of Al Aqsa Hospital in Deir al Balah (Deir El Balah, Gaza Strip), leaving an unspecified number of fatalities., coded as 3.",3,,1753954979
PSE43609,12/20/2023,2023,1,Political violence,Violence against civilians,Attack,Military Forces of Israel (2022-),,8,Civilians (Palestine),,7,78,Civilian targeting,275,Middle East,Palestine,Gaza Strip,Gaza City,,Al Mughraqa,31.4675,34.4097,1,Quds News Network; Twitter,New media-National,"On 20 December 2023, Israeli military forces shot dead 2 Palestinians in Al Mughraqa (Gaza City, Gaza Strip).",2,,1753954979
PSE43761,12/20/2023,2023,1,Political violence,Explosions/Remote violence,Air/drone strike,Military Forces of Israel (2022-),,8,Civilians (Palestine),,7,78,Civilian targeting,275,Middle East,Palestine,Gaza Strip,North Gaza,,Jabalya,31.5272,34.4835,1,Liveuamap; Newpress; Palestine News and Information Agency; Quds News Network; Twitter,Local partner-New media,"On 20 December 2023, Israeli warplanes carried out airstrikes and fired white phosphorus bombs in Jabalya town (North Gaza, Gaza Strip), killing and injuring dozens of Palestinians, coded as 3. Also, the artillery struck targets in the area.",3,,1759789988
PSE43763,12/20/2023,2023,1,Political violence,Explosions/Remote violence,Air/drone strike,Military Forces of Israel (2022-),,8,Civilians (Palestine),Refugees/IDPs (Palestine),7,78,Civilian targeting,275,Middle East,Palestine,Gaza Strip,Rafah,,Rafah Camp,31.2847,34.2546,1,Liveuamap; Palestine News and Information Agency,Local partner-New media,"On 20 December 2023, Israeli warplanes struck a house in Al Shaboura refugee camp in Mukhayyam Rafah camp (Rafah, Gaza Strip), leaving an unspecified number of fatalities and injuries among Palestinians, coded as 3.",3,,1753954979
PSE43768,12/20/2023,2023,1,Political violence,Explosions/Remote violence,Air/drone strike,Military Forces of Israel (2022-),,8,Civilians (Palestine),Journalists (Palestine); Muslim Group (Palestine),7,78,Civilian targeting,275,Middle East,Palestine,Gaza Strip,Rafah,,Rafah,31.287,34.2595,1,Ma'an News Agency; Newpress; Palestine News and Information Agency; Quds News Network; Twitter,New media-National,"On 20 December 2023, Israeli warplanes struck the Ali Bin Ali-Taleb mosque in Rafah city (Rafah, Gaza Strip), killing at least 10 persons. Also a number of journalists were injured in an airstrike near Al Kuwaiti Hospital. Total confirmed fatalities were at least 10.",10,,1762829569
PSE43833,12/21/2023,2023,1,Political violence,Explosions/Remote violence,Air/drone strike,Military Forces of Israel (2022-),,8,Civilians (Palestine),,7,78,Civilian targeting,275,Middle East,Palestine,Gaza Strip,Gaza City,,Gaza - Sheikh Radwan,31.5349,34.4667,1,Quds News Network; Twitter,New media-National,"On 21 December 2023, Israeli warplanes struck several targets and a house near Berkat Sheikh Radwan in Gaza - Sheikh Radwan (Gaza City, Gaza Strip). Casualties unknown.",0,,1759789988
PSE44057,12/21/2023,2023,1,Political violence,Explosions/Remote violence,Shelling/artillery/missile attack,Military Forces of Israel (2022-),,8,Civilians (Palestine),,7,78,Civilian targeting,275,Middle East,Palestine,Gaza Strip,Khan Yunis,,Khan Yunis - City Centre,31.3419,34.3015,1,Quds News Network; Twitter,New media-National,"On 21 December 2023, Israeli artillery shelled the Khan Yunis - City Centre (Khan Yunis, Gaza Strip). As a result, a Palestinian was killed and another one was injured.",1,,1753954979
PSE43811,12/21/2023,2023,1,Political violence,Explosions/Remote violence,Air/drone strike,Military Forces of Israel (2022-),,8,Civilians (Palestine),,7,78,Civilian targeting,275,Middle East,Palestine,Gaza Strip,Rafah,,Tal as Sultan,31.3098,34.2414,2,Arab 48; Liveuamap; Newpress; Palestine News and Information Agency; Quds News Network; Twitter,Local partner-New media,"On 21 December 2023, Israeli warplanes struck targets near the Rafah Crossing on the border with Egypt south of Rafah (coded to Tal as Sultan, Gaza Strip). As a result, 2 Palestinians were killed. Meanwhile, Israeli warplanes also struck houses west of Rafah, killing 8 Palestinians and injuring several of others. Also, Israeli warplanes carried out airstrikes on the outskirts of Amna mosque northeast of Rafah, injuring an number of Palestinians. Total fatalities coded as 10.",10,,1762829569
PSE43812,12/21/2023,2023,1,Political violence,Explosions/Remote violence,Air/drone strike,Military Forces of Israel (2022-),,8,Civilians (Palestine),Police Forces of Palestine (2007-) Gaza Strip,7,78,Civilian targeting,275,Middle East,Palestine,Gaza Strip,Khan Yunis,,Bani Suheila,31.3424,34.325,2,Newpress; Palestine News and Information Agency; Quds News Network; Twitter,New media-National,"On 21 December 2023, Israeli warplanes struck a house east of Khan Yunis (coded to Bani Suheila) (Khan Yunis, Gaza Strip), killing 6 Palestinians, including the Hamas government's Police Director of Khan Yunis. Also, Israeli artillery struck targets, leaving an unspecified number of fatalities, coded as 3. Total fatalities coded as 9.",9,,1753954979
PSE43830,12/21/2023,2023,1,Political violence,Explosions/Remote violence,Air/drone strike,Military Forces of Israel (2022-),,8,Civilians (Palestine),,7,78,Civilian targeting,275,Middle East,Palestine,Gaza Strip,Deir El Balah,,An Nusayrat - North,31.4591,34.3923,1,Newpress; Twitter,New media-National,"On 21 December 2023, Israeli warplanes carried out airstrikes on the central area of Wadi Gaza, north of An Nusayrat (An Nusayrat - North, Deir El Balah, Gaza Strip), killing and injuring an unspecified number of Palestinians, coded as 3.",3,,1753954979
PSE44056,12/21/2023,2023,1,Political violence,Explosions/Remote violence,Shelling/artillery/missile attack,Military Forces of Israel (2022-),,8,Civilians (Palestine),,7,78,Civilian targeting,275,Middle East,Palestine,Gaza Strip,Khan Yunis,,Khan Yunis - Al Kateebeh,31.3642,34.3085,2,Palestine News and Information Agency,National,"On 21 December 2023, Israeli artillery shelled targets north of Khan Yunis (coded to Khan Yunis - Al Kateebeh) (Khan Yunis, Gaza Strip), leaving an unspecified number of fatalities among Palestinians, coded as 3.",3,,1767742780
PSE43814,12/21/2023,2023,1,Political violence,Explosions/Remote violence,Shelling/artillery/missile attack,Military Forces of Israel (2022-),,8,Civilians (Palestine),Refugees/IDPs (Palestine),7,78,Civilian targeting,275,Middle East,Palestine,Gaza Strip,Deir El Balah,,An Nusayrat,31.4486,34.3925,1,Liveuamap; Newpress; Palestine News and Information Agency; Quds News Network; Twitter,Local partner-New media,"On 21 December 2023, Israeli artillery struck houses in An Nusayrat refugee camp (Deir El Balah, Gaza Strip), killing 7 persons and injuring several of Palestinians.",7,,1753954979
PSE43815,12/21/2023,2023,1,Political violence,Explosions/Remote violence,Shelling/artillery/missile attack,Military Forces of Israel (2022-),,8,Civilians (Palestine),Refugees/IDPs (Palestine),7,78,Civilian targeting,275,Middle East,Palestine,Gaza Strip,North Gaza,,Jabalya Camp,31.536,34.4907,1,Newpress; Palestine News and Information Agency; Quds News Network; Twitter,New media-National,"On 21 December 2023, Israeli artillery struck a house hosting displaced people in Mukhayyam Jabalya camp (North Gaza, Gaza Strip), killing a child and injuring several Palestinians.",1,,1753954979
PSE43810,12/21/2023,2023,1,Political violence,Explosions/Remote violence,Air/drone strike,Military Forces of Israel (2022-),,8,Civilians (Palestine),Government of Palestine (2007-) Hamas Government in Gaza,7,78,Civilian targeting,275,Middle East,Palestine,Gaza Strip,Rafah,,Yibna,31.2842,34.2482,2,Arab 48; Newpress; Palestine News and Information Agency; Quds News Network; Twitter,New media-National,"On 21 December 2023, Israeli warplanes struck the Kerem Shalom border crossing southeast of Rafah (coded to Yibna, Gaza Strip). As a result, 4 Palestinians were killed, including the chief of the Kerem Shalom border crossing assigned by the Hamas Government.",4,,1753954979
PSE43806,12/21/2023,2023,1,Political violence,Explosions/Remote violence,Air/drone strike,Military Forces of Israel (2022-),,8,Civilians (Palestine),,7,78,Civilian targeting,275,Middle East,Palestine,Gaza Strip,North Gaza,,Jabalya,31.5272,34.4835,1,Ma'an News Agency; Newpress; Palestine News and Information Agency; Quds News Network; Twitter,New media-National,"On 21 December 2023, Israeli warplanes struck houses in Jabalya refugee camp (North Gaza, Gaza Strip), killing 9 Palestinians, including a women and her 5 daughters, and injuring dozens. Also, 18 Palestinians were killed and 50 were injured in Al Nazlah area of Jabalya in separate airstrikes. Total fatalities were 27.",27,,1759789988
PSE67504,12/21/2023,2023,1,Political violence,Violence against civilians,Attack,Military Forces of Israel (2022-),,8,Civilians (Palestine),Health Workers (Palestine),7,78,Civilian targeting,275,Middle East,Palestine,Gaza Strip,North Gaza,,Jabalya,31.5272,34.4835,1,UN HRC,Other,"On 21 December 2023, Israeli soldiers shot and killed at least 3 health workers at Al Awda Hospital, in Jabalya, North Gaza.",3,,1759790002
PSE43837,12/21/2023,2023,1,Political violence,Explosions/Remote violence,Air/drone strike,Military Forces of Israel (2022-),,8,Civilians (Palestine),,7,78,Civilian targeting,275,Middle East,Palestine,Gaza Strip,Khan Yunis,,Qizan an Najjar,31.323,34.2761,1,Quds News Network; Twitter,New media-National,"On 21 December 2023, Israeli warplanes carried out airstrikes in Qizan an Najjar (Khan Yunis, Gaza Strip), causing injuries among Palestinians.",0,,1753954979
PSE44055,12/21/2023,2023,1,Political violence,Explosions/Remote violence,Shelling/artillery/missile attack,Military Forces of Israel (2022-),,8,Civilians (Palestine),,7,78,Civilian targeting,275,Middle East,Palestine,Gaza Strip,Rafah,,Rafah,31.287,34.2595,1,Palestine News and Information Agency,National,"On 21 December 2023, Israeli gunboats shelled the city of Rafah (Rafah, Gaza Strip), leaving dozens of fatalities and several injuries among Palestinians. Fatalities coded as 12.",12,,1762829569
PSE43849,12/22/2023,2023,1,Political violence,Explosions/Remote violence,Air/drone strike,Military Forces of Israel (2022-),,8,Civilians (Palestine),,7,78,Civilian targeting,275,Middle East,Palestine,Gaza Strip,Khan Yunis,,Khan Yunis,31.3502,34.3081,1,Newpress; Palestine News and Information Agency; Twitter,New media-National,"On 22 December 2023, Israeli warplanes struck and killed a Palestinian while riding a bicycle in Khan Yunis city (Khan Yunis, Gaza Strip).",1,,1753954979
PSE43853,12/22/2023,2023,1,Political violence,Explosions/Remote violence,Air/drone strike,Military Forces of Israel (2022-),,8,Civilians (Palestine),,7,78,Civilian targeting,275,Middle East,Palestine,Gaza Strip,Khan Yunis,,Khan Yunis - West (Municipal Stadium),31.3484,34.2961,2,Palestine News and Information Agency; Quds News Network,National,"On 22 December 2023, Israeli warplanes struck a group of Palestinians near the Naser Hospital west of Khan Yunis (coded to Khan Yunis - West (Municipal Stadium)) (Gaza Strip), killing 28 persons and injuring several others.",28,,1753954979
PSE43854,12/22/2023,2023,1,Political violence,Explosions/Remote violence,Air/drone strike,Military Forces of Israel (2022-),,8,Civilians (Palestine),,7,78,Civilian targeting,275,Middle East,Palestine,Gaza Strip,Khan Yunis,,Khan Yunis - City Centre,31.3419,34.3015,1,Palestine News and Information Agency; Quds News Network,National,"On 22 December 2023, Israeli warplanes struck and killed 5 Palestinians in Khan Yunis - City Centre (Khan Yunis, Gaza Strip).",5,,1753954979
PSE43855,12/22/2023,2023,1,Political violence,Explosions/Remote violence,Air/drone strike,Military Forces of Israel (2022-),,8,Civilians (Palestine),,7,78,Civilian targeting,275,Middle East,Palestine,Gaza Strip,Khan Yunis,,Abasan al Kabirah,31.3191,34.3401,1,Palestine News and Information Agency; Quds News Network,National,"On 22 December 2023, Israeli warplanes struck and killed 2 Palestinians in Abasan al Kabirah (Khan Yunis, Gaza Strip).",2,,1753954979
PSE44094,12/22/2023,2023,1,Political violence,Explosions/Remote violence,Shelling/artillery/missile attack,Military Forces of Israel (2022-),,8,Civilians (Palestine),,7,78,Civilian targeting,275,Middle East,Palestine,Gaza Strip,Khan Yunis,,Khan Yunis - Al Amal,31.3544,34.3007,1,Ma'an News Agency; Newpress; Palestine News and Information Agency; Quds News Network; Twitter,New media-National,"On 22 December 2023, Israeli artillery struck an apartment near Al Amal Hospital in Khan Yunis - Al Amal (Khan Yunis, Gaza Strip), killing 4 Palestinians and injuring several of others.",4,,1753954979
PSE43856,12/22/2023,2023,1,Political violence,Explosions/Remote violence,Air/drone strike,Military Forces of Israel (2022-),,8,Civilians (Palestine),Journalists (Palestine); Refugees/IDPs (Palestine),7,78,Civilian targeting,275,Middle East,Palestine,Gaza Strip,Deir El Balah,,An Nusayrat,31.4486,34.3925,1,Al Jazeera; Guardian (United Kingdom); Ma'an News Agency; Newpress; Palestine News and Information Agency; Quds News Network; Twitter,New media-National,"On 22 December 2023, Israeli artillery struck a house in the area of Ein Jalout towers in An Nusayrat refugee camp (Deir El Balah, Gaza Strip), injuring a number of Palestinians. Also, warplanes struck a house in Al Ishrin street in the camp, killing 18 persons, including a journalist, and injuring dozens.",18,,1757975700
PSE43871,12/22/2023,2023,1,Political violence,Explosions/Remote violence,Air/drone strike,Military Forces of Israel (2022-),,8,Civilians (Palestine),Refugees/IDPs (Palestine),7,78,Civilian targeting,275,Middle East,Palestine,Gaza Strip,Deir El Balah,,Al Burayj,31.4394,34.4031,1,Quds News Network,National,"On 22 December 2023, Israeli warplanes struck a house in Al Burayj refugee camp (Deir El Balah, Gaza Strip), killing 2 persons and injuring a number of Palestinians. Also, 3 Palestinians were killed, and several others were injured in separate airstrikes. Total fatalities were 5.",5,,1753954979
PSE43881,12/22/2023,2023,1,Political violence,Explosions/Remote violence,Air/drone strike,Military Forces of Israel (2022-),,8,Civilians (Palestine),,7,78,Civilian targeting,275,Middle East,Palestine,Gaza Strip,Deir El Balah,,Al Maghazi,31.4214,34.3865,2,Quds News Network; Times of Israel,National-Regional,"On 22 December 2023, Israeli airplanes struck an apartment in Al Muhandsin tower north of Al Maghazi refugee camp (Deir El Balah, Gaza Strip), injuring a number of Palestinians.",0,,1753954979
PSE44093,12/22/2023,2023,1,Political violence,Explosions/Remote violence,Shelling/artillery/missile attack,Military Forces of Israel (2022-),,8,Civilians (Palestine),,7,78,Civilian targeting,275,Middle East,Palestine,Gaza Strip,Deir El Balah,,Al Burayj,31.4394,34.4031,2,Newpress; Palestine News and Information Agency; Twitter,New media-National,"On 22 December 2023, Israeli artillery shelled areas east of Al Burayj refugee camp (Deir El Balah, Gaza Strip). Casualties unknown.",0,,1753954979
PSE43851,12/22/2023,2023,1,Political violence,Explosions/Remote violence,Air/drone strike,Military Forces of Israel (2022-),,8,Civilians (Palestine),Refugees/IDPs (Palestine),7,78,Civilian targeting,275,Middle East,Palestine,Gaza Strip,North Gaza,,Jabalya Camp,31.536,34.4907,1,Ma'an News Agency; Palestine News and Information Agency; Quds News Network,National,"On 22 December 2023, Israeli warplanes struck a house in Mukhayyam Jabalya camp (North Gaza, Gaza Strip), killing 4 Palestinians and injuring a number of others. Also, the artillery shells the area.",4,,1753954979
PSE43870,12/22/2023,2023,1,Political violence,Explosions/Remote violence,Air/drone strike,Military Forces of Israel (2022-),,8,Civilians (Palestine),,7,78,Civilian targeting,275,Middle East,Palestine,Gaza Strip,Rafah,,Yibna,31.2842,34.2482,1,Quds News Network,National,"On 22 December 2023, Israeli warplanes struck a house near Al Huda mosque in Yibna (Rafah, Gaza Strip), injuring a number of Palestinians.",0,,1753954979
PSE44092,12/22/2023,2023,1,Political violence,Explosions/Remote violence,Air/drone strike,Military Forces of Israel (2022-),,8,Civilians (Palestine),,7,78,Civilian targeting,275,Middle East,Palestine,Gaza Strip,North Gaza,,Jabalya,31.5272,34.4835,1,Liveuamap; Ma'an News Agency; Newpress; Palestine News and Information Agency; Palestinian Ministry of Health; Quds News Network; Twitter,Local partner-New media,"On 22 December 2023, Israeli artillery shelled Jabalya town (North Gaza, Gaza Strip), killing an unspecified number of Palestinians and injuring several others. Also warplanes struck a house and killed 6 persons, and destroyed a water desalination plant. [Palestinian Ministry of Health reported 20258 fatalities between 7 October - 22 December. 38 fatalities not attributed to specific events split across 2 events on 22 December. 19 fatalities coded to this event.] Total fatalities coded as 25 (19 presumed + 6 known).",25,,1759789988
PSE43901,12/23/2023,2023,1,Political violence,Explosions/Remote violence,Air/drone strike,Military Forces of Israel (2022-),,8,Civilians (Palestine),,7,78,Civilian targeting,275,Middle East,Palestine,Gaza Strip,Gaza City,,Gaza - Sheikh Radwan,31.5349,34.4667,1,Ma'an News Agency; Palestine News and Information Agency; Quds News Network,National,"On 23 December 2023, Israeli warplanes struck houses in Gaza - Sheikh Radwan (Gaza City, Gaza Strip). Casualties unknown.",0,,1759789988
PSE43904,12/23/2023,2023,1,Political violence,Explosions/Remote violence,Air/drone strike,Military Forces of Israel (2022-),,8,Civilians (Palestine),Journalists (Palestine),7,78,Civilian targeting,275,Middle East,Palestine,Gaza Strip,Gaza City,,Gaza - Shujaiyya,31.4988,34.4699,1,Ma'an News Agency; Palestine News and Information Agency; Quds News Network,National,"On 23 December 2023, Israeli warplanes struck houses in Gaza - Shujaiyya (Gaza City, Gaza Strip), killing a Palestinian journalist.",1,,1759789988
PSE43909,12/23/2023,2023,1,Political violence,Explosions/Remote violence,Air/drone strike,Military Forces of Israel (2022-),,8,Civilians (Palestine),,7,78,Civilian targeting,275,Middle East,Palestine,Gaza Strip,Khan Yunis,,Khan Yunis - Al Amal,31.3544,34.3007,2,Palestine News and Information Agency,National,"On 23 December 2023, Israeli warplanes struck a house in the Japanese neighborhood, west of Khan Yunis - Al Amal (Khan Yunis, Gaza Strip), killing 3 Palestinians and injuring several of others.",3,,1753954979
PSE43912,12/23/2023,2023,1,Political violence,Explosions/Remote violence,Air/drone strike,Military Forces of Israel (2022-),,8,Civilians (Palestine),Labor Group (Palestine),7,78,Civilian targeting,275,Middle East,Palestine,Gaza Strip,Khan Yunis,,Khan Yunis - City Centre,31.3419,34.3015,1,Arab 48; Ma'an News Agency; Newpress; Twitter,New media-National,"On 23 December 2023, Israeli warplanes struck the maintenance team of Paltel while they were fixing a communication tower in Khan Yunis - City Centre (Khan Yunis, Gaza Strip), injuring a number of workers. Meanwhile, the artillery shelled the area. Also, a Palestinian was killed and 2 persons were injured in an airstrike on al-Hawouz street in central Khan Yunis. 1 Fatality.",1,,1753954979
PSE43926,12/23/2023,2023,1,Political violence,Explosions/Remote violence,Air/drone strike,Military Forces of Israel (2022-),,8,Civilians (Palestine),,7,78,Civilian targeting,275,Middle East,Palestine,Gaza Strip,Khan Yunis,,Khan Yunis - West (Municipal Stadium),31.3484,34.2961,2,Newpress; Palestine News and Information Agency; Twitter,New media-National,"On 23 December 2023, Israeli warplanes carried out airstrikes west of Khan Yunis (coded to Khan Yunis - West (Municipal Stadium)) (Gaza Strip). A Palestinian was killed and another 4 were injured, including 2 children. Casualties unknown.",1,,1753954979
PSE44114,12/23/2023,2023,1,Political violence,Explosions/Remote violence,Shelling/artillery/missile attack,Military Forces of Israel (2022-),,8,Civilians (Palestine),,7,78,Civilian targeting,275,Middle East,Palestine,Gaza Strip,Khan Yunis,,Khan Yunis,31.3502,34.3081,1,Palestine News and Information Agency,National,"On 23 December 2023, Israeli artillery shelled several targets in Khan Yunis city (Khan Yunis, Gaza Strip), killing and injuring dozens of Palestinians. Fatalities coded as 12.",12,,1753954979
PSE43895,12/23/2023,2023,1,Political violence,Explosions/Remote violence,Air/drone strike,Military Forces of Israel (2022-),,8,Civilians (Palestine),,7,78,Civilian targeting,275,Middle East,Palestine,Gaza Strip,Deir El Balah,,Deir al Balah,31.4178,34.3503,1,Al Ghad (Jordan); Arab 48; Jerusalem Post; Ma'an News Agency; Newpress; Palestine News and Information Agency; Quds News Network; Twitter,New media-National,"On 23 December 2023, Israeli warplanes struck 2 houses in Deir al Balah city (Deir El Balah, Gaza Strip), killing 2 Palestinians and injuring dozens. Also, 6 Palestinians were killed, and dozens were injured in separate airstrikes targeting a residential area in Deir al Balah. Total fatalities coded as 8.",8,,1753954979
PSE43896,12/23/2023,2023,1,Political violence,Explosions/Remote violence,Air/drone strike,Military Forces of Israel (2022-),,8,Civilians (Palestine),Refugees/IDPs (Palestine),7,78,Civilian targeting,275,Middle East,Palestine,Gaza Strip,Deir El Balah,,An Nusayrat,31.4486,34.3925,1,Al Ghad (Jordan); Arab 48; Ma'an News Agency; Newpress; Palestine News and Information Agency; Times of Israel; Twitter,New media-National,"On 23 December 2023, Israeli warplanes struck an apartment near Al Ehsan Mosque in An Nusayrat refugee camp (Deir El Balah, Gaza Strip) killing 18 displaced Palestinians, including women and children. Also, several Palestinians were injured in a separate airstrike on a house and Al Thalathini street, including a pregnant woman. In addition, Israeli artillery fired white phosphorus bombs near the entrance of An Nusayrat camp. Total fatalities 18. HRW and other international organizations have accused Israel of using white phosphorous bombs.",18,,1753954979
PSE43903,12/23/2023,2023,1,Political violence,Explosions/Remote violence,Air/drone strike,Military Forces of Israel (2022-),,8,Civilians (Palestine),Refugees/IDPs (Palestine),7,78,Civilian targeting,275,Middle East,Palestine,Gaza Strip,Deir El Balah,,Al Burayj,31.4394,34.4031,1,Ma'an News Agency; Newpress; Palestine News and Information Agency; Quds News Network; Twitter,New media-National,"On 23 December 2023, Israeli warplanes struck a house in Al Burayj refugee camp (Deir El Balah, Gaza Strip), killing 5 Palestinians, including a girl and injuring dozens.",5,,1753954979
PSE43908,12/23/2023,2023,1,Political violence,Explosions/Remote violence,Air/drone strike,Military Forces of Israel (2022-),,8,Civilians (Palestine),Refugees/IDPs (Palestine),7,78,Civilian targeting,275,Middle East,Palestine,Gaza Strip,Deir El Balah,,Al Maghazi,31.4214,34.3865,1,Palestine News and Information Agency; Quds News Network,National,"On 23 December 2023, Israeli warplanes struck a house in Al Maghazi refugee camp (Deir El Balah, Gaza Strip), killing 2 girls and injuring a number of other Palestinians.",2,,1753954979
PSE43910,12/23/2023,2023,1,Political violence,Explosions/Remote violence,Air/drone strike,Military Forces of Israel (2022-),,8,Civilians (Palestine),,7,78,Civilian targeting,275,Middle East,Palestine,Gaza Strip,Deir El Balah,,Az Zawayda,31.4284,34.366,1,Ma'an News Agency; Palestine News and Information Agency; Quds News Network,National,"On 23 December 2023, Israeli warplanes struck a house in Az Zawayda (Deir El Balah, Gaza Strip), killing and injuring dozens of Palestinians. Fatalities coded as 12.",12,,1767742780
PSE43905,12/23/2023,2023,1,Political violence,Explosions/Remote violence,Air/drone strike,Military Forces of Israel (2022-),,8,Civilians (Palestine),,7,78,Civilian targeting,275,Middle East,Palestine,Gaza Strip,Khan Yunis,,Bani Suheila,31.3424,34.325,1,Ma'an News Agency; Palestine News and Information Agency; Palestinian Ministry of Health,Other-National,"On 23 December 2023, Israeli warplanes carried out airstrikes east of Khan Yunis (coded to Bani Suheila) (Khan Yunis, Gaza Strip), leaving an unspecified number of fatalities and injuries among Palestinians, where IDF ground forces prevented ambulances from reaching the area. [Palestinian Ministry of Health reported 20424 fatalities between 7 October - 23 December 2023. 47 fatalities not attributed to specific events split across 2 events on 23 December. 23 fatalities coded to this event.]",23,,1753954979
PSE43902,12/23/2023,2023,1,Political violence,Explosions/Remote violence,Air/drone strike,Military Forces of Israel (2022-),,8,Civilians (Palestine),,7,78,Civilian targeting,275,Middle East,Palestine,Gaza Strip,North Gaza,,Jabalya,31.5272,34.4835,1,Arab 48; Ma'an News Agency; Newpress; Palestine News and Information Agency; Quds News Network; Twitter,New media-National,"On 23 December 2023, Israeli warplanes carried out airstrikes Al Jurn area of Jabalya (North Gaza, Gaza Strip), killing dozens of Palestinians and injuring several of others. Fatalities coded as 12. Also, 12 Palestinians from al-Bursh family were killed and dozens others were injured in airstrikes targeted their house in Jabalya town. Additionally, a child was killed in an artillery shelling in Al Nuzlah of Jabalya. Total fatalities coded as 25 (12 unknown, 13 confirmed).",25,,1759789988
PSE43948,12/24/2023,2023,1,Political violence,Explosions/Remote violence,Air/drone strike,Military Forces of Israel (2022-),,8,Civilians (Palestine),Refugees/IDPs (Palestine),7,78,Civilian targeting,275,Middle East,Palestine,Gaza Strip,Khan Yunis,,Khan Yunis - Al Amal,31.3544,34.3007,1,Palestine News and Information Agency; Quds News Network; Twitter,New media-National,"On 24 December 2023, an Israeli UAV opened fire toward the Al Amal Hospital in Khan Yunis - Al Amal (Khan Yunis, Gaza Strip), killing 2 brothers including a 13-year-old child, who were displaced to the hospital.",2,,1753954979
PSE43950,12/24/2023,2023,1,Political violence,Explosions/Remote violence,Air/drone strike,Military Forces of Israel (2022-),,8,Civilians (Palestine),,7,78,Civilian targeting,275,Middle East,Palestine,Gaza Strip,Khan Yunis,,Khan Yunis - Maen,31.336,34.3172,1,Newpress; Palestine News and Information Agency; Quds News Network; Twitter,New media-National,"On 24 December 2023, Israeli warplanes carried out airstrikes in Khan Yunis - Maen (Khan Yunis, Gaza Strip), killing 2 Palestinians and injuring several of others who were filling water in the area. Also, 21 Palestinians were killed in a separate airstrike on a house near Murtaja junction in Maen. Total fatalities were 23.",23,,1753954979
PSE43954,12/24/2023,2023,1,Political violence,Explosions/Remote violence,Air/drone strike,Military Forces of Israel (2022-),,8,Civilians (Palestine),,7,78,Civilian targeting,275,Middle East,Palestine,Gaza Strip,Gaza City,,Gaza - At Tuffah,31.5134,34.4751,1,Palestine News and Information Agency; Quds News Network,National,"On 24 December 2023, Israeli warplanes carried out airstrikes in Gaza - At Tuffah (Gaza City, Gaza Strip). Casualties unknown.",0,,1759789988
PSE43959,12/24/2023,2023,1,Political violence,Explosions/Remote violence,Air/drone strike,Military Forces of Israel (2022-),,8,Civilians (Palestine),Journalists (Palestine),7,78,Civilian targeting,275,Middle East,Palestine,Gaza Strip,Gaza City,,Gaza,31.5045,34.4743,1,Guardian (United Kingdom); Palestine News and Information Agency; Quds News Network; Twitter,New media-National,"On 24 December 2023, Israeli warplanes struck a house in Gaza City (Gaza Strip), killing 2 Palestinian journalists.",2,,1759789988
PSE43964,12/24/2023,2023,1,Political violence,Explosions/Remote violence,Air/drone strike,Military Forces of Israel (2022-),,8,Civilians (Palestine),,7,78,Civilian targeting,275,Middle East,Palestine,Gaza Strip,Khan Yunis,,Bani Suheila,31.3424,34.325,2,Newpress; Palestine News and Information Agency; Quds News Network; Twitter,New media-National,"On 24 December 2023, Israeli warplanes carried out airstrikes on the outskirts of Al Awda Schools east of Khan Yunis (coded to Bani Suheila) (Khan Yunis, Gaza Strip), killing at least 3 Palestinians.",3,,1753954979
PSE43965,12/24/2023,2023,1,Political violence,Explosions/Remote violence,Air/drone strike,Military Forces of Israel (2022-),,8,Civilians (Palestine),,7,78,Civilian targeting,275,Middle East,Palestine,Gaza Strip,Khan Yunis,,Khan Yunis - West (Municipal Stadium),31.3484,34.2961,2,Palestine News and Information Agency; Quds News Network; Twitter,New media-National,"On 24 December 2023, Israeli warplanes carried out airstrikes in Al Hilal street west of Khan Yunis (coded to Khan Yunis - West (Municipal Stadium)) (Gaza Strip), killing 2 Palestinians and injuring several of others.",2,,1753954979
PSE43938,12/24/2023,2023,1,Political violence,Explosions/Remote violence,Air/drone strike,Military Forces of Israel (2022-),,8,Civilians (Palestine),,7,78,Civilian targeting,275,Middle East,Palestine,Gaza Strip,Deir El Balah,,Deir al Balah Camp,31.4249,34.34,2,Newpress; Palestine News and Information Agency; PLO Negotiations Affairs Department; Twitter,Other-New media,"On 24 December 2023, Israeli artillery and tanks shelled targets and houses east of Deir El Balah (coded to Deir al Balah Camp, Gaza Strip) while warplanes opened fire in the area. Casualties unknown.",0,,1765850627
PSE43957,12/24/2023,2023,1,Political violence,Explosions/Remote violence,Air/drone strike,Military Forces of Israel (2022-),,8,Civilians (Palestine),Refugees/IDPs (Palestine),7,78,Civilian targeting,275,Middle East,Palestine,Gaza Strip,Deir El Balah,,Al Burayj,31.4394,34.4031,1,Newpress; Palestine News and Information Agency; Quds News Network; Twitter,New media-National,"On 24 December 2023, Israeli warplanes struck a house in Al Burayj refugee camp (Deir El Balah, Gaza Strip), killing 3 Palestinians, including a woman. Meanwhile, the artillery shelled several houses in the area, including Al Shuhada junction, injuring a number of Palestinians.",3,,1753954979
PSE43963,12/24/2023,2023,1,Political violence,Explosions/Remote violence,Air/drone strike,Military Forces of Israel (2022-),,8,Civilians (Palestine),Refugees/IDPs (Palestine),7,78,Civilian targeting,275,Middle East,Palestine,Gaza Strip,Deir El Balah,,An Nusayrat,31.4486,34.3925,1,Newpress; Palestine News and Information Agency; Quds News Network; Twitter,New media-National,"On 24 December 2023, Israeli warplanes carried out airstrikes and Israeli artillery shelled an agricultural land in An Nusayrat refugee camp (Deir El Balah, Gaza Strip), injuring a number of Palestinians.",0,,1753954979
PSE43966,12/24/2023,2023,1,Political violence,Explosions/Remote violence,Air/drone strike,Military Forces of Israel (2022-),,8,Civilians (Palestine),Refugees/IDPs (Palestine),7,78,Civilian targeting,275,Middle East,Palestine,Gaza Strip,Deir El Balah,,Al Maghazi,31.4214,34.3865,1,Al-Ittihad; Ma'an News Agency; Newpress; Palestine News and Information Agency; Quds News Network; Times of Israel; Twitter,New media-National,"On 24 December 2023, Israeli warplanes and artillery struck houses in Al Maghazi refugee camp (Deir El Balah, Gaza Strip), killing 70 Palestinians and injuring dozens.",70,,1753954979
PSE43956,12/24/2023,2023,1,Political violence,Explosions/Remote violence,Air/drone strike,Military Forces of Israel (2022-),,8,Civilians (Palestine),,7,78,Civilian targeting,275,Middle East,Palestine,Gaza Strip,Gaza City,,Gaza - Southern Remal,31.5168,34.4355,2,Palestine News and Information Agency; Quds News Network; Twitter,New media-National,"On 24 December 2023, Israeli warplanes carried out airstrikes in Gaza - Southern Remal area (Gaza City, Gaza Strip). Casualties unknown.",0,,1759789988
PSE43947,12/24/2023,2023,1,Political violence,Explosions/Remote violence,Air/drone strike,Military Forces of Israel (2022-),,8,Civilians (Palestine),Refugees/IDPs (Palestine),7,78,Civilian targeting,275,Middle East,Palestine,Gaza Strip,Rafah,,Tal as Sultan,31.3098,34.2414,1,Newpress; Palestine News and Information Agency; Twitter,New media-National,"On 24 December 2023, Israeli warplanes struck a house in Kenda Camp, west of Rafah in Tal as Sultan (Rafah, Gaza Strip), leaving 2 fatalities and dozens of injuries among Palestinians.",2,,1762829569
PSE43953,12/24/2023,2023,1,Political violence,Explosions/Remote violence,Air/drone strike,Military Forces of Israel (2022-),,8,Civilians (Palestine),Refugees/IDPs (Palestine),7,78,Civilian targeting,275,Middle East,Palestine,Gaza Strip,North Gaza,,Jabalya Camp,31.536,34.4907,1,Palestine News and Information Agency,National,"On 24 December 2023, Israeli warplanes carried out airstrikes in Mukhayyam Jabalya camp (North Gaza, Gaza Strip). Casualties unknown.",0,,1753954979
PSE43949,12/24/2023,2023,1,Political violence,Explosions/Remote violence,Air/drone strike,Military Forces of Israel (2022-),,8,Civilians (Palestine),,7,78,Civilian targeting,275,Middle East,Palestine,Gaza Strip,Khan Yunis,,Khan Yunis - City Centre,31.3419,34.3015,1,Newpress; Palestine News and Information Agency; Palestinian Ministry of Health; Quds News Network; Twitter,Other-New media,"On 24 December 2023, Israeli warplanes carried out air strikes in the Hamid junction in Khan Yunis - City Centre (Khan Yunis, Gaza Strip), killing 3 Palestinians, including a woman. Additionally, unspecified number of civilians were killed and inured in an airstrike on the Old Crescent Street in Khan Yunis city. [Palestinian Ministry of Health reported 20674 fatalities between 7 October - 24 December. 116 fatalities not attributed to specific events split across 3 events on 24 December. 38 fatalities coded to this event.] Total fatalities coded as 41 (38 presumed + 3 known).",41,,1753954979
PSE43958,12/24/2023,2023,1,Political violence,Explosions/Remote violence,Air/drone strike,Military Forces of Israel (2022-),,8,Civilians (Palestine),,7,78,Civilian targeting,275,Middle East,Palestine,Gaza Strip,Rafah,,Yibna,31.2842,34.2482,2,Palestine News and Information Agency,National,"On 24 December 2023, Israeli warplanes carried out airstrikes near the Kerem Shalom Crossing southeast of Rafah (coded to Yibna, Gaza Strip), killing a Palestinian and injuring another one.",1,,1753954979
PSE43610,12/24/2023,2023,1,Political violence,Violence against civilians,Attack,Military Forces of Israel (2022-),,8,Civilians (Palestine),Refugees/IDPs (Palestine),7,78,Civilian targeting,275,Middle East,Palestine,Gaza Strip,Gaza City,,Gaza - Az Zaytun,31.4964,34.4522,2,Palestine News and Information Agency,National,"On 24 December 2023, Israeli military forces opened fire at displaced Palestinians who attempted to return to their homes south of Gaza City (coded to Gaza - Az Zaytun) (Gaza City, Gaza Strip), injuring a number of them.",0,,1759789988
PSE43946,12/24/2023,2023,1,Political violence,Explosions/Remote violence,Air/drone strike,Military Forces of Israel (2022-),,8,Civilians (Palestine),,7,78,Civilian targeting,275,Middle East,Palestine,Gaza Strip,North Gaza,,Jabalya,31.5272,34.4835,1,Newpress; Palestine News and Information Agency; Palestinian Ministry of Health; Quds News Network; Twitter,Other-New media,"On 24 December 2023, Israeli military forces opened fire while arresting civilians in Jabalya town (North Gaza, Gaza Strip). Meanwhile, warplanes and artillery struck houses and fired phosphorous bombs in Jabalya and Al Junrn area, leaving an unspecified number of fatalities and injuries among Palestinians. [Palestinian Ministry of Health reported 20674 fatalities between 7 October - 24 December. 116 fatalities not attributed to specific events split across 3 events on 24 December. 39 fatalities coded to this event.]",39,,1759789988
PSE44626,12/24/2023,2023,1,Political violence,Explosions/Remote violence,Air/drone strike,Military Forces of Israel (2022-),,8,Civilians (Palestine),,7,78,Civilian targeting,275,Middle East,Palestine,Gaza Strip,Gaza City,,Gaza - Az Zaytun,31.4964,34.4522,2,Ma'an News Agency; Palestinian Ministry of Health,Other-National,"On 24 December 2023, Israeli warplanes struck areas near the Palace of Justice in south of Gaza City (coded as Gaza - Az Zaytun, Gaza Strip) leading to an unspecified number of fatalities. [Palestinian Ministry of Health reported 20674 fatalities between 7 October - 24 December. 116 fatalities not attributed to specific events split across 3 events on 24 December. 39 fatalities coded to this event.]",39,,1759789988
PSE43974,12/24/2023,2023,1,Political violence,Violence against civilians,Attack,Police Forces of Palestine (2007-) Gaza Strip,Hamas Movement,1,Civilians (Palestine),,7,17,Civilian targeting,275,Middle East,Palestine,Gaza Strip,Rafah,,Rafah,31.287,34.2595,1,Joe Truzman; Twitter,New media-National,"On 24 December 2023, Hamas police officers shot and dispersed Palestinians who were attempting to seize aid and materials in Rafah city (Rafah, Gaza Strip). Casualties unknown. This event involved violence over aid.",0,,1762829569
PSE43996,12/25/2023,2023,1,Political violence,Explosions/Remote violence,Air/drone strike,Military Forces of Israel (2022-),,8,Civilians (Palestine),,7,78,Civilian targeting,275,Middle East,Palestine,Gaza Strip,Khan Yunis,,Khan Yunis - Al Amal,31.3544,34.3007,1,Liveuamap; Palestine News and Information Agency,Local partner-New media,"On 25 December 2023, Israeli warplanes struck a house in Khan Yunis - Al Amal (Khan Yunis, Gaza Strip), killing 5 Palestinians and injuring several of others.",5,,1753954979
PSE44009,12/25/2023,2023,1,Political violence,Explosions/Remote violence,Air/drone strike,Military Forces of Israel (2022-),,8,Civilians (Palestine),,7,78,Civilian targeting,275,Middle East,Palestine,Gaza Strip,Khan Yunis,,Khan Yunis - City Centre,31.3419,34.3015,1,Quds News Network; Twitter,New media-National,"On 25 December 2023, Israeli warplanes carried out airstrikes in Khan Yunis - City Centre (Rafah, Gaza Strip), killing a Palestinian and injuring others.",1,,1753954979
PSE43986,12/25/2023,2023,1,Political violence,Explosions/Remote violence,Air/drone strike,Military Forces of Israel (2022-),,8,Civilians (Palestine),,7,78,Civilian targeting,275,Middle East,Palestine,Gaza Strip,Deir El Balah,,Al Burayj,31.4394,34.4031,1,Palestine News and Information Agency; Quds News Network; Twitter,New media-National,"On 25 December 2023, Israeli warplanes carried out airstrikes and the artillery struck the vicinity of Abu Hilou schools in Al Burayj refugee camp (Deir El Balah, Gaza Strip) leading to the death of at least 25 Palestinians.",25,,1753954979
PSE43987,12/25/2023,2023,1,Political violence,Explosions/Remote violence,Air/drone strike,Military Forces of Israel (2022-),,8,Civilians (Palestine),Refugees/IDPs (Palestine),7,78,Civilian targeting,275,Middle East,Palestine,Gaza Strip,Deir El Balah,,An Nusayrat,31.4486,34.3925,1,Newpress; Palestine News and Information Agency; Quds News Network; Twitter,New media-National,"On 25 December 2023, Israeli warplanes struck an agricultural land and a house in An Nusayrat refugee camp (Deir El Balah, Gaza Strip), causing fire in the area. As a result, 2 Palestinians were killed and others were injured.",2,,1753954979
PSE43614,12/25/2023,2023,1,Political violence,Explosions/Remote violence,Air/drone strike,Military Forces of Israel (2022-),,8,Civilians (Palestine),PFLP: Popular Front for the Liberation of Palestine,7,78,Civilian targeting,275,Middle East,Palestine,Gaza Strip,Gaza City,,Gaza - Sheikh Radwan,31.5349,34.4667,1,Joe Truzman; Ma'an News Agency; Palestine News and Information Agency; Palestinian Ministry of Health; Twitter,Other-New media,"On 25 December 2023, Israeli military forces shot and executed an unspecified number of Palestinians and left their bodies in the streets in Gaza - Sheikh Radwan (Gaza City, Gaza Strip). Also, warplanes struck houses in the area, killing the PFLP's Central Committee member, Ayman al-Madhoun. [Palestinian Ministry of Health reported 20915 fatalities between 7 October - 25 December. 189 fatalities not attributed to specific events split across 2 events on 25 December. 94 fatalities coded to this event.]",94,,1759789988
PSE43990,12/25/2023,2023,1,Political violence,Explosions/Remote violence,Air/drone strike,Military Forces of Israel (2022-),,8,Civilians (Palestine),,7,78,Civilian targeting,275,Middle East,Palestine,Gaza Strip,Khan Yunis,,Al Fukhari,31.2952,34.3332,1,Newpress; Palestine News and Information Agency; Palestinian Ministry of Health; Quds News Network; Twitter,Other-New media,"On 25 December 2023, Israeli warplanes struck the vicinity of the European hospital in Al Fukhari (Khan Yunis, Gaza Strip), leaving an unspecified number of fatalities and injuries. [Palestinian Ministry of Health reported 20915 fatalities between 7 October - 25 December. 189 fatalities not attributed to specific events split across 2 events on 25 December. 95 fatalities coded to this event.]",95,,1753954979
PSE43991,12/25/2023,2023,1,Political violence,Explosions/Remote violence,Air/drone strike,Military Forces of Israel (2022-),,8,Civilians (Palestine),,7,78,Civilian targeting,275,Middle East,Palestine,Gaza Strip,Deir El Balah,,Al Maghazi,31.4214,34.3865,1,Palestine News and Information Agency; Quds News Network; Twitter,New media-National,"On 25 December 2023, Israeli warplanes carried out airstrikes in Al Maghazi refugee camp (Deir El Balah, Gaza Strip). Casualties unknown. Meanwhile, the artillery shelled targets in the area. Also, 3 Palestinians were killed in airstrikes that targeted them while attempting to bury bodies.",3,,1753954979
PSE44143,12/25/2023,2023,1,Political violence,Explosions/Remote violence,Shelling/artillery/missile attack,Military Forces of Israel (2022-),,8,Civilians (Palestine),,7,78,Civilian targeting,275,Middle East,Palestine,Gaza Strip,Rafah,,Yibna,31.2842,34.2482,2,PLO Negotiations Affairs Department; Quds News Network; Twitter,Other-New media,"On 25 December 2023, Israeli artillery shelled targets east of Rafah (coded to Yibna, Gaza Strip), including the area of Sufa crossing and killed a Palestinian.",1,,1753954979
PSE43997,12/25/2023,2023,1,Political violence,Explosions/Remote violence,Air/drone strike,Military Forces of Israel (2022-),,8,Civilians (Palestine),,7,78,Civilian targeting,275,Middle East,Palestine,Gaza Strip,Gaza City,,Juhr ad Dik,31.4557,34.4372,1,Palestine News and Information Agency; Quds News Network; Twitter,New media-National,"On 25 December 2023, Israeli warplanes carried out airstrikes in Juhr ad Dik (Gaza City, Gaza Strip), killing 3 Palestinians.",3,,1753954979
PSE44023,12/26/2023,2023,1,Political violence,Explosions/Remote violence,Air/drone strike,Military Forces of Israel (2022-),,8,Civilians (Palestine),Labor Group (Palestine),7,78,Civilian targeting,275,Middle East,Palestine,Gaza Strip,Khan Yunis,,Khan Yunis - West (Municipal Stadium),31.3484,34.2961,2,Arab 48; Dunia Al Watan; Palestine News and Information Agency; Quds News Network; Twitter,New media-National,"On 26 December 2023, Israeli warplanes struck a house in the Holland neighborhood west of Khan Yunis (coded to Khan Yunis - West (Municipal Stadium)) (Gaza Strip). In addition, warplanes carried out airstrikes in the vicinity of Naser Hospital west of the city, killing a woman. Also 3 Palestinians were killed in an airstrike on a car belonging to the Gazan Water Authority. Total fatalities were 4.",4,,1753954979
PSE44028,12/26/2023,2023,1,Political violence,Explosions/Remote violence,Air/drone strike,Military Forces of Israel (2022-),,8,Civilians (Palestine),Refugees/IDPs (Palestine),7,78,Civilian targeting,275,Middle East,Palestine,Gaza Strip,Khan Yunis,,Khan Yunis,31.3502,34.3081,1,Al Ghad (Jordan); Newpress; Palestine News and Information Agency; Quds News Network; Twitter,New media-National,"On 26 December 2023, Israeli warplanes carried out airstrikes in Khan Yunis city (Khan Yunis, Gaza Strip), killing 10 Palestinians. Also, the artillery shelled the Palestinian Red Crescent office in Khan Yunis, injuring a number of displaced Palestinians. Total fatalities were 10.",10,,1753954979
PSE44036,12/26/2023,2023,1,Political violence,Explosions/Remote violence,Air/drone strike,Military Forces of Israel (2022-),,8,Civilians (Palestine),,7,78,Civilian targeting,275,Middle East,Palestine,Gaza Strip,Khan Yunis,,Bani Suheila,31.3424,34.325,2,Palestine News and Information Agency; Quds News Network; Twitter,New media-National,"On 26 December 2023, Israeli warplanes carried out airstrikes and destroyed a house east of Khan Yunis (coded to Bani Suheila) (Khan Yunis, Gaza Strip). Casualties unknown.",0,,1753954979
PSE44050,12/26/2023,2023,1,Political violence,Explosions/Remote violence,Air/drone strike,Military Forces of Israel (2022-),,8,Civilians (Palestine),,7,78,Civilian targeting,275,Middle East,Palestine,Gaza Strip,Khan Yunis,,Al Mawasi (Khan Yunis),31.3482,34.2547,1,Quds News Network; Twitter,New media-National,"On 26 December 2023, Israeli warplanes struck a house in Al Mawasi (Khan Yunis) (Gaza Strip), killing a woman and injuring another 8 Palestinians.",1,,1762829569
PSE44034,12/26/2023,2023,1,Political violence,Explosions/Remote violence,Air/drone strike,Military Forces of Israel (2022-),,8,Civilians (Palestine),Refugees/IDPs (Palestine),7,78,Civilian targeting,275,Middle East,Palestine,Gaza Strip,Deir El Balah,,Al Burayj,31.4394,34.4031,1,Newpress; Palestine News and Information Agency; Quds News Network; Twitter,New media-National,"On 26 December 2023, Israeli warplanes carried out airstrikes in Al Burayj refugee camp (Deir El Balah, Gaza Strip). As a result, 2 Palestinians, including a woman, were killed, and several others were injured in Al Burayj and Al Maghazi, with fatalities split across 2 events, and 1 fatalities coded to Al Burayj. Also, 3 persons were killed and number of Palestinians were injured in an airstrike on a house. Total fatalities coded to this location were 4.",4,,1753954979
PSE44035,12/26/2023,2023,1,Political violence,Explosions/Remote violence,Air/drone strike,Military Forces of Israel (2022-),,8,Civilians (Palestine),Refugees/IDPs (Palestine),7,78,Civilian targeting,275,Middle East,Palestine,Gaza Strip,Deir El Balah,,Al Maghazi,31.4214,34.3865,1,Palestine News and Information Agency; Quds News Network; Twitter,New media-National,"On 26 December 2023, Israeli warplanes carried out airstrikes in Al Maghazi refugee camp (Deir El Balah, Gaza Strip). As a result, 2 Palestinians, including a woman, were killed, and several others were injured in Al Burayj and Al Maghazi, with fatalities split across 2 events, and 1 fatalities coded to Al Maghazi. Also, the artillery shelled targets in the area.",1,,1753954979
PSE44052,12/26/2023,2023,1,Political violence,Explosions/Remote violence,Air/drone strike,Military Forces of Israel (2022-),,8,Civilians (Palestine),Refugees/IDPs (Palestine),7,78,Civilian targeting,275,Middle East,Palestine,Gaza Strip,Deir El Balah,,An Nusayrat,31.4486,34.3925,1,Quds News Network; Twitter,New media-National,"On 26 December 2023, Israeli warplanes struck a house in An Nusayrat refugee camp (Deir El Balah, Gaza Strip), leaving at least 8 fatalities among Palestinians.",8,,1753954979
PSE43638,12/26/2023,2023,1,Political violence,Violence against civilians,Attack,Military Forces of Israel (2022-),,8,Civilians (Palestine),Journalists (Palestine),7,78,Civilian targeting,275,Middle East,Palestine,Gaza Strip,North Gaza,,Beit Hanoun,31.5405,34.5402,1,Quds News Network; Twitter,New media-National,"On 26 December 2023, Israeli military forces opened fire at Palestinian civilians and journalists in Beit Hanoun (North Gaza, Gaza Strip). Casualties unknown.",0,,1753954979
PSE44016,12/26/2023,2023,1,Political violence,Explosions/Remote violence,Air/drone strike,Military Forces of Israel (2022-),,8,Civilians (Palestine),,7,78,Civilian targeting,275,Middle East,Palestine,Gaza Strip,Rafah,,Yibna,31.2842,34.2482,2,PLO Negotiations Affairs Department; Quds News Network; Twitter,Other-New media,"On 26 December 2023, Israeli warplanes struck a house while artillery and tanks shelled targets east of Rafah (coded to Yibna, Gaza Strip). Casualties unknown.",0,,1753954979
PSE44041,12/26/2023,2023,1,Political violence,Explosions/Remote violence,Air/drone strike,Military Forces of Israel (2022-),,8,Civilians (Palestine),,7,78,Civilian targeting,275,Middle East,Palestine,Gaza Strip,North Gaza,,Jabalya,31.5272,34.4835,1,Newpress; Palestinian Ministry of Health; Quds News Network; Twitter,Other-New media,"On 26 December 2023, Israeli warplanes carried out airstrikes in Jabalya town (North Gaza, Gaza Strip). Also, the artillery shelled the vicinity of Said Ibn-Abu Waqqas Mosque, leaving an unspecified number of fatalities among Palestinians. [Palestinian Ministry of Health reported 21110 fatalities between 7 October - 26 December. 162 fatalities not attributed to specific events added to 1 event on 26 December. 162 fatalities coded to this event.]",162,,1759789988
PSE44025,12/26/2023,2023,1,Political violence,Explosions/Remote violence,Air/drone strike,Military Forces of Israel (2022-),,8,Civilians (Palestine),,7,78,Civilian targeting,275,Middle East,Palestine,Gaza Strip,Rafah,,Rafah,31.287,34.2595,1,Palestine News and Information Agency,National,"On 26 December 2023, Israeli warplanes struck a house near al-Nejma square in Rafah city (Rafah, Gaza Strip), causing a number of injuries among Palestinians.",0,,1762829569
PSE44026,12/26/2023,2023,1,Political violence,Explosions/Remote violence,Air/drone strike,Military Forces of Israel (2022-),,8,Civilians (Palestine),Refugees/IDPs (Palestine),7,78,Civilian targeting,275,Middle East,Palestine,Gaza Strip,Rafah,,Rafah Camp,31.2847,34.2546,1,Palestine News and Information Agency; Quds News Network; Twitter,New media-National,"On 26 December 2023, Israeli warplanes struck a house in Al Shaboura refugee camp in Mukhayyam Rafah camp (Rafah, Gaza Strip). Casualties unknown.",0,,1753954979
PSE44048,12/26/2023,2023,1,Political violence,Explosions/Remote violence,Air/drone strike,Military Forces of Israel (2022-),,8,Civilians (Palestine),,7,78,Civilian targeting,275,Middle East,Palestine,Gaza Strip,Khan Yunis,,Khan Yunis - Jourat Al-Loot,31.3314,34.3004,1,Quds News Network; Twitter,New media-National,"On 26 December 2023, Israeli warplanes struck a house in Khan Yunis - Jourat Al-Loot (Khan Yunis, Gaza Strip), killing 2 Palestinians.",2,,1753954979
PSE43662,12/27/2023,2023,1,Political violence,Violence against civilians,Attack,Military Forces of Israel (2022-),,8,Civilians (Palestine),,7,78,Civilian targeting,275,Middle East,Palestine,Gaza Strip,Gaza City,,Gaza - Sheikh Radwan,31.5349,34.4667,2,Ma'an News Agency; Newpress; Palestine News and Information Agency; Quds News Network; Twitter,New media-National,"On 27 December 2023, Israeli snipers shot and killed 6 Palestinians while they were crossing the Al Saftawi area, north of Gaza - Sheikh Radwan (Gaza City, Gaza Strip).",6,,1759789988
PSE44075,12/27/2023,2023,1,Political violence,Explosions/Remote violence,Air/drone strike,Military Forces of Israel (2022-),,8,Civilians (Palestine),,7,78,Civilian targeting,275,Middle East,Palestine,Gaza Strip,Khan Yunis,,Khan Yunis - Al Amal,31.3544,34.3007,1,Ma'an News Agency; Newpress; Palestine News and Information Agency; Quds News Network; Twitter,New media-National,"On 27 December 2023, Israeli warplanes carried out airstrikes in the vicinity of Al Amal Hospital in Khan Yunis - Al Amal (Khan Yunis, Gaza Strip), killing 20 Palestinians and injuring dozens.",20,,1753954979
PSE44077,12/27/2023,2023,1,Political violence,Explosions/Remote violence,Air/drone strike,Military Forces of Israel (2022-),,8,Civilians (Palestine),,7,78,Civilian targeting,275,Middle East,Palestine,Gaza Strip,Khan Yunis,,Khan Yunis - City Centre,31.3419,34.3015,1,Palestine News and Information Agency; Quds News Network; Twitter,New media-National,"On 27 December 2023, Israeli warplanes carried out airstrikes in Khan Yunis - City Centre (Khan Yunis, Gaza Strip) and the artillery shelled the area. As a result, 2 Palestinians were killed in Karaj Rafah in central Khan Yunis by airstrikes.",2,,1753954979
PSE44197,12/27/2023,2023,1,Political violence,Explosions/Remote violence,Shelling/artillery/missile attack,Military Forces of Israel (2022-),,8,Civilians (Palestine),,7,78,Civilian targeting,275,Middle East,Palestine,Gaza Strip,Khan Yunis,,Bani Suheila,31.3424,34.325,2,Newpress; Palestine News and Information Agency; Quds News Network; Twitter,New media-National,"On 27 December 2023, Israeli artillery shelled targets east of Khan Yunis city (coded to Bani Suheila) (Khan Yunis, Gaza Strip). As a result, 4 Palestinians were killed in Maen and Abasan. Fatalities split across 2 events.",2,,1753954979
PSE44198,12/27/2023,2023,1,Political violence,Explosions/Remote violence,Shelling/artillery/missile attack,Military Forces of Israel (2022-),,8,Civilians (Palestine),,7,78,Civilian targeting,275,Middle East,Palestine,Gaza Strip,Khan Yunis,,Abasan al Kabirah,31.3191,34.3401,1,Newpress; Quds News Network; Twitter,New media-National,"On 27 December 2023, Israeli artillery shelled targets in Abasan al Kabirah (Khan Yunis, Gaza Strip). As a result, 4 Palestinians were killed in Maen and Abasan. As a result, 4 Palestinians were killed in Maen and Abasan. Fatalities split across 2 events.",2,,1753954979
PSE44063,12/27/2023,2023,1,Political violence,Explosions/Remote violence,Air/drone strike,Military Forces of Israel (2022-),,8,Civilians (Palestine),Refugees/IDPs (Palestine),7,78,Civilian targeting,275,Middle East,Palestine,Gaza Strip,Deir El Balah,,Al Maghazi,31.4214,34.3865,1,Ma'an News Agency; Palestine News and Information Agency; Quds News Network,National,"On 27 December 2023, Israeli warplanes carried out airstrikes in Al Maghazi refugee camp (Deir El Balah, Gaza Strip). As a result, 5 displaced Palestinians were killed in an airstrike targeted a school.",5,,1753954979
PSE44076,12/27/2023,2023,1,Political violence,Explosions/Remote violence,Air/drone strike,Military Forces of Israel (2022-),,8,Civilians (Palestine),,7,78,Civilian targeting,275,Middle East,Palestine,Gaza Strip,Deir El Balah,,Az Zawayda,31.4284,34.366,1,Liveuamap; Palestine News and Information Agency; Quds News Network; Twitter,Local partner-New media,"On 27 December 2023, Israeli warplanes carried out airstrikes in Az Zawayda (Deir El Balah, Gaza Strip). As a result, a number of Palestinians were injured.",0,,1767742780
PSE44084,12/27/2023,2023,1,Political violence,Explosions/Remote violence,Air/drone strike,Military Forces of Israel (2022-),,8,Civilians (Palestine),,7,78,Civilian targeting,275,Middle East,Palestine,Gaza Strip,Deir El Balah,,Deir al Balah,31.4178,34.3503,1,Newpress; Quds News Network; Twitter,New media-National,"On 27 December 2023, Israeli warplanes carried out airstrikes in Deir al Balah City (Deir El Balah, Gaza Strip), killing a woman and injuring several Palestinians. Also, a Palestinian was killed, and several others were injured in a separate airstrike on a car. The total confirmed fatalities were 2.",2,,1753954979
PSE44088,12/27/2023,2023,2,Political violence,Explosions/Remote violence,Air/drone strike,Military Forces of Israel (2022-),,8,Civilians (Palestine),,7,78,Civilian targeting,275,Middle East,Palestine,Gaza Strip,North Gaza,,Jabalya Camp,31.536,34.4907,2,Quds News Network; Twitter,New media-National,"Around 27 December 2023 (as reported), an Israeli airstrike hit the home of a Palestinian family east of Mukhayyam Jabalya camp (North Gaza, Gaza Strip), killing 20 people from the same family. The Palestinian civil defense recovered their bodies on 27 December.",20,,1753954979
PSE44064,12/27/2023,2023,1,Political violence,Explosions/Remote violence,Air/drone strike,Military Forces of Israel (2022-),,8,Civilians (Palestine),Refugees/IDPs (Palestine),7,78,Civilian targeting,275,Middle East,Palestine,Gaza Strip,Deir El Balah,,An Nusayrat,31.4486,34.3925,1,Liveuamap; Palestine News and Information Agency; Palestinian Ministry of Health; Quds News Network; Twitter,Local partner-New media,"On 27 December 2023, Israeli warplanes and artillery struck houses in An Nusayrat refugee camp (Deir El Balah, Gaza Strip), leaving an unspecified number of fatalities and dozens of injuries among Palestinians. Also, 7 Palestinians were killed and several others sustained injuries in an airstrike that targeted a house. [Palestinian Ministry of Health reported 21320 fatalities between 7 October - 27 December. 117 fatalities not attributed to specific events split across 4 events on 27 December. 29 fatalities coded to this event.] Total fatalities coded as 36 (29 presumed, 7 confirmed).",36,,1753954979
PSE44062,12/27/2023,2023,1,Political violence,Explosions/Remote violence,Air/drone strike,Military Forces of Israel (2022-),,8,Civilians (Palestine),Refugees/IDPs (Palestine),7,78,Civilian targeting,275,Middle East,Palestine,Gaza Strip,Deir El Balah,,Al Burayj,31.4394,34.4031,1,Ma'an News Agency; Palestine News and Information Agency; Palestinian Ministry of Health; Quds News Network; Twitter,Other-New media,"On 27 December 2023, Israeli warplanes carried out airstrikes in Al Burayj refugee camp (Deir El Balah, Gaza Strip), and the artillery shelled targets in the area. As a result, an unspecified number of Palestinians were killed and injured. Unspecified number of fatalities coded as 3. Also, 2 Palestinians were killed after a UAV targeted them in the camp. [Palestinian Ministry of Health reported 21320 fatalities between 7 October - 27 December. 117 fatalities not attributed to specific events split across 4 events on 27 December. 29 fatalities coded to this event.] Total fatalities were coded as 31 (2 confirmed, 29 presumed).",31,,1753954979
PSE44070,12/27/2023,2023,1,Political violence,Explosions/Remote violence,Air/drone strike,Military Forces of Israel (2022-),,8,Civilians (Palestine),,7,78,Civilian targeting,275,Middle East,Palestine,Gaza Strip,Gaza City,,Gaza - Southern Remal,31.5168,34.4355,1,Ma'an News Agency; Palestine News and Information Agency; Palestinian Ministry of Health,Other-National,"On 27 December 2023, Israeli warplanes struck a residential building near Al Azhar University in Gaza - Southern Remal (Gaza City, Gaza Strip), with more than 60 civilians are missing leaving an unspecified number of fatalities. [Palestinian Ministry of Health reported 21320 fatalities between 7 October - 27 December. 117 fatalities not attributed to specific events split across 4 events on 27 December. 29 fatalities coded to this event.]",29,,1759789988
PSE44089,12/27/2023,2023,1,Political violence,Explosions/Remote violence,Air/drone strike,Military Forces of Israel (2022-),,8,Civilians (Palestine),,7,78,Civilian targeting,275,Middle East,Palestine,Gaza Strip,North Gaza,,Beit Lahiya - Al Mashroo,31.5433,34.4998,1,Palestinian Ministry of Health; Quds News Network; Twitter,Other-New media,"On 27 December 2023, Israeli warplanes struck a house in Beit Lahiya - Al Mashroo (North Gaza, Gaza Strip), leaving an unspecified number of fatalities and several injuries among Palestinians. [Palestinian Ministry of Health reported 21320 fatalities between 7 October - 27 December. 117 fatalities not attributed to specific events split across 4 events on 27 December. 30 fatalities coded to this event.]",30,,1753954979
PSE44072,12/27/2023,2023,1,Political violence,Explosions/Remote violence,Air/drone strike,Military Forces of Israel (2022-),,8,Civilians (Palestine),,7,78,Civilian targeting,275,Middle East,Palestine,Gaza Strip,North Gaza,,Jabalya,31.5272,34.4835,1,Newpress; Palestine News and Information Agency; Quds News Network; Twitter,New media-National,"On 27 December 2023, Israeli warplanes carried out airstrikes in Jabalya (North Gaza, Gaza Strip) and the artillery shelled targets in the area. As a results, 9 bodies were recovered from the rubble in Jabalya - Nazleh, while others are still missing. Fatalities were at least 9.",9,,1759789988
PSE44102,12/28/2023,2023,1,Political violence,Explosions/Remote violence,Air/drone strike,Military Forces of Israel (2022-),,8,Civilians (Palestine),,7,78,Civilian targeting,275,Middle East,Palestine,Gaza Strip,Khan Yunis,,Khan Yunis - Al Amal,31.3544,34.3007,1,Arab 48; Palestine News and Information Agency; Quds News Network; Twitter,New media-National,"On 28 December 2023, Israeli warplanes struck a house near Al Amal Hospital in Khan Yunis - Al Amal (Khan Yunis, Gaza Strip), leaving at least 17 fatalities and dozens of injuries, including women and children.",17,,1753954979
PSE44109,12/28/2023,2023,1,Political violence,Explosions/Remote violence,Air/drone strike,Military Forces of Israel (2022-),,8,Civilians (Palestine),,7,78,Civilian targeting,275,Middle East,Palestine,Gaza Strip,Khan Yunis,,Al Fukhari,31.2952,34.3332,1,Newpress; Palestine News and Information Agency; Quds News Network; Twitter,New media-National,"On 28 December 2023, Israeli warplanes struck a house in Al Fukhari (Khan Yunis, Gaza Strip), killing 11 Palestinians.",11,,1753954979
PSE44134,12/28/2023,2023,1,Political violence,Explosions/Remote violence,Air/drone strike,Military Forces of Israel (2022-),,8,Civilians (Palestine),,7,78,Civilian targeting,275,Middle East,Palestine,Gaza Strip,Khan Yunis,,Khan Yunis - West (Municipal Stadium),31.3484,34.2961,2,Quds News Network; Twitter,New media-National,"On 28 December 2023, Israeli warplanes struck a house west of Khan Yunis (coded to Khan Yunis - West (Municipal Stadium)) (Gaza Strip). Casualties unknown.",0,,1753954979
PSE44104,12/28/2023,2023,1,Political violence,Explosions/Remote violence,Air/drone strike,Military Forces of Israel (2022-),,8,Civilians (Palestine),,7,78,Civilian targeting,275,Middle East,Palestine,Gaza Strip,Deir El Balah,,Al Maghazi,31.4214,34.3865,2,Palestine News and Information Agency; Quds News Network; Twitter,New media-National,"On 28 December 2023, Israeli warplanes struck houses east of Al Maghazi refugee camp (Deir El Balah, Gaza Strip), leaving 7 fatalities and dozens of injuries.",7,,1753954979
PSE44119,12/28/2023,2023,1,Political violence,Explosions/Remote violence,Air/drone strike,Military Forces of Israel (2022-),,8,Civilians (Palestine),,7,78,Civilian targeting,275,Middle East,Palestine,Gaza Strip,Deir El Balah,,Az Zawayda,31.4284,34.366,1,Arab 48,National,"On 28 December 2023, Israeli warplanes struck residential buildings in Az Zawayda (Deir El Balah, Gaza Strip), killing 7 Palestinians and injuring several of others.",7,,1767742780
PSE44121,12/28/2023,2023,1,Political violence,Explosions/Remote violence,Air/drone strike,Military Forces of Israel (2022-),,8,Civilians (Palestine),Refugees/IDPs (Palestine),7,78,Civilian targeting,275,Middle East,Palestine,Gaza Strip,Deir El Balah,,An Nusayrat,31.4486,34.3925,1,Al Ghad (Jordan),Regional,"On 28 December 2023, Israeli warplanes struck a house in An Nusayrat refugee camp (Deir El Balah, Gaza Strip). As a result, 7 Palestinians were killed.",7,,1753954979
PSE44103,12/28/2023,2023,1,Political violence,Explosions/Remote violence,Air/drone strike,Military Forces of Israel (2022-),,8,Civilians (Palestine),Journalists (Palestine),7,78,Civilian targeting,275,Middle East,Palestine,Gaza Strip,North Gaza,,Beit Lahiya - Al Mashroo,31.5433,34.4998,1,Arab 48; Palestine News and Information Agency; Quds News Network; Twitter,New media-National,"On 28 December 2023, Israeli warplanes struck houses and a residential area in Beit Lahiya - Al Mashroo (North Gaza, Gaza Strip), leaving at least 50 fatalities, including 2 journalists and injuring dozens of Palestinians.",50,,1755550811
PSE44120,12/28/2023,2023,1,Political violence,Explosions/Remote violence,Air/drone strike,Military Forces of Israel (2022-),,8,Civilians (Palestine),,7,78,Civilian targeting,275,Middle East,Palestine,Gaza Strip,Deir El Balah,,Deir al Balah,31.4178,34.3503,1,Al Ghad (Jordan); Newpress; Palestinian Ministry of Health; Twitter,Other-New media,"On 28 December 2023, Israeli warplanes carried out airstrikes in Deir al Balah city (Deir El Balah, Gaza Strip) including an airstrike that targeted a passing civilian car. As a result, an unspecified number of Palestinians were killed and injured. [Palestinian Ministry of Health reported 21507 fatalities between 7 October - 28 December. 27 fatalities not attributed to specific events split across 2 events on 28 December. 13 fatalities coded to this event.]",13,,1753954979
PSE44122,12/28/2023,2023,1,Political violence,Explosions/Remote violence,Air/drone strike,Military Forces of Israel (2022-),,8,Civilians (Palestine),Refugees/IDPs (Palestine),7,78,Civilian targeting,275,Middle East,Palestine,Gaza Strip,Deir El Balah,,Al Maghazi,31.4214,34.3865,1,Al Ghad (Jordan); Palestinian Ministry of Health,Other-Regional,"On 28 December 2023, Israeli warplanes carried out airstrikes in Al Maghazi refugee camp (Deir El Balah, Gaza Strip). As a result, an unspecified number of Palestinians were killed and injured. [Palestinian Ministry of Health reported 21507 fatalities between 7 October - 28 December. 27 fatalities not attributed to specific events split across 2 events on 28 December. 14 fatalities coded to this event.]",14,,1753954979
PSE44105,12/28/2023,2023,1,Political violence,Explosions/Remote violence,Air/drone strike,Military Forces of Israel (2022-),,8,Civilians (Palestine),,7,78,Civilian targeting,275,Middle East,Palestine,Gaza Strip,North Gaza,,Beit Hanoun,31.5405,34.5402,1,Newpress; Palestine News and Information Agency; Twitter,New media-National,"On 28 December 2023, Israeli warplanes struck a group of Palestinians in Beit Hanoun (North Gaza, Gaza Strip), killing 5 of them and injuring several others.",5,,1753954979
PSE44106,12/28/2023,2023,1,Political violence,Explosions/Remote violence,Air/drone strike,Military Forces of Israel (2022-),,8,Civilians (Palestine),,7,78,Civilian targeting,275,Middle East,Palestine,Gaza Strip,Rafah,,Rafah,31.287,34.2595,1,Newpress; Palestine News and Information Agency; Twitter,New media-National,"On 28 December 2023, Israeli warplanes struck a house in Rafah city (Rafah, Gaza Strip), killing at least 20 Palestinians and injuring dozens.",20,,1762829569
PSE44107,12/28/2023,2023,1,Political violence,Explosions/Remote violence,Air/drone strike,Military Forces of Israel (2022-),,8,Civilians (Palestine),Refugees/IDPs (Palestine),7,78,Civilian targeting,275,Middle East,Palestine,Gaza Strip,Rafah,,Rafah Camp,31.2847,34.2546,1,Liveuamap; Newpress; Palestine News and Information Agency; Twitter,Local partner-New media,"On 28 December 2023, Israeli warplanes struck a house in Al Shaboura refugee camp in Mukhayyam Rafah camp (Rafah, Gaza Strip), killing 21 Palestinians.",21,,1753954979
PSE44127,12/28/2023,2023,1,Political violence,Explosions/Remote violence,Air/drone strike,Military Forces of Israel (2022-),,8,Civilians (Palestine),,7,78,Civilian targeting,275,Middle East,Palestine,Gaza Strip,Rafah,,Khirbet al Adas,31.2855,34.2714,2,Newpress; Quds News Network; Twitter,New media-National,"On 28 December 2023, Israeli warplanes struck a tent belongs to displaced people in Al Zhour area north of Rafah (coded to Khirbet al Adas, Gaza Strip), leaving a number of injuries among Palestinians.",0,,1753954979
PSE44162,12/29/2023,2023,1,Political violence,Explosions/Remote violence,Air/drone strike,Military Forces of Israel (2022-),,8,Civilians (Palestine),Refugees/IDPs (Palestine),7,78,Civilian targeting,275,Middle East,Palestine,Gaza Strip,Khan Yunis,,Khan Yunis - West (Municipal Stadium),31.3484,34.2961,2,Quds News Network; Twitter,New media-National,"On 29 December 2023, Israeli warplanes struck a house in the Khan Yunis refugee camp west of Khan Yunis (coded to Khan Yunis - West (Municipal Stadium)) (Gaza Strip). Casualties unknown. Also, a Palestinian was killed in airstrikes targeting a house near the Jordanian field hospital west of Khan Yunis. Confirmed fatalities were 1.",1,,1753954979
PSE44146,12/29/2023,2023,1,Political violence,Explosions/Remote violence,Air/drone strike,Military Forces of Israel (2022-),,8,Civilians (Palestine),Refugees/IDPs (Palestine),7,78,Civilian targeting,275,Middle East,Palestine,Gaza Strip,Deir El Balah,,Al Maghazi,31.4214,34.3865,1,Ma'an News Agency; Newpress; Palestine News and Information Agency; Quds News Network; Twitter,New media-National,"On 29 December 2023, Israeli warplanes struck 2 houses in Al Maghazi refugee camp (Deir El Balah, Gaza Strip), leaving at least 14 fatalities among Palestinians. Also, an airstrike targeted Al Zafaran Mosque.",14,,1753954979
PSE44147,12/29/2023,2023,1,Political violence,Explosions/Remote violence,Air/drone strike,Military Forces of Israel (2022-),,8,Civilians (Palestine),Refugees/IDPs (Palestine),7,78,Civilian targeting,275,Middle East,Palestine,Gaza Strip,Deir El Balah,,Al Burayj,31.4394,34.4031,1,Ma'an News Agency; Newpress; Palestine News and Information Agency; Quds News Network; Twitter,New media-National,"On 29 December 2023, Israeli warplanes struck Palestinian houses in Al Burayj refugee camp (Deir El Balah, Gaza Strip), killing a Palestinian and injuring several of others. Also, 4 more Palestinians were killed in a separate airstrike in the same area. Total fatalities were 5.",5,,1753954979
PSE44155,12/29/2023,2023,1,Political violence,Explosions/Remote violence,Air/drone strike,Military Forces of Israel (2022-),,8,Civilians (Palestine),Refugees/IDPs (Palestine),7,78,Civilian targeting,275,Middle East,Palestine,Gaza Strip,North Gaza,,Jabalya Camp,31.536,34.4907,1,Newpress; Twitter,New media-National,"On 29 December 2023, Israeli warplanes struck a house in Mukhayyam Jabalya camp (North Gaza, Gaza Strip), killing a Palestinian.",1,,1753954979
PSE44148,12/29/2023,2023,1,Political violence,Explosions/Remote violence,Air/drone strike,Military Forces of Israel (2022-),,8,Civilians (Palestine),Journalists (Palestine); Refugees/IDPs (Palestine),7,78,Civilian targeting,275,Middle East,Palestine,Gaza Strip,Deir El Balah,,An Nusayrat,31.4486,34.3925,1,Arab News; Liveuamap; Ma'an News Agency; Newpress; Palestine News and Information Agency; Palestinian Ministry of Health; Quds News Network; Twitter,Local partner-New media,"On 29 December 2023, an Israeli UAV struck the vicinity of Al Shuhada Mosque in An Nusayrat refugee camp (Deir El Balah, Gaza Strip) leading to an unspecified number of fatalities and a number of injuries. Also, warplanes and artillery struck several houses, leaving 20 fatalities among Palestinians, including a journalist. [Palestinian Ministry of Health reported 21672 fatalities between 7 October - 29 December. 112 fatalities not attributed to specific events split across 4 events on 29 December. 28 fatalities coded to this event.] Total fatalities coded as 23 (20 known + 28 presumed).",48,,1753954979
PSE44627,12/29/2023,2023,1,Political violence,Explosions/Remote violence,Air/drone strike,Military Forces of Israel (2022-),,8,Civilians (Palestine),,7,78,Civilian targeting,275,Middle East,Palestine,Gaza Strip,Gaza City,,Gaza - Ad Darraj,31.5172,34.4642,1,Arab News; Palestinian Ministry of Health,Other-Regional,"On 29 December 2023, Israeli warplanes carried out a series of airstikes in the neigbourhoods of Gaza - Ad Darraj (Gaza City, Gaza Strip), leaving an unspecified number of fatalities among Palestinians. [Palestinian Ministry of Health reported 21672 fatalities between 7 October - 29 December. 112 fatalities not attributed to specific events split across 4 events on 29 December. 28 fatalities coded to this event.]",28,,1759789988
PSE44628,12/29/2023,2023,1,Political violence,Explosions/Remote violence,Air/drone strike,Military Forces of Israel (2022-),,8,Civilians (Palestine),,7,78,Civilian targeting,275,Middle East,Palestine,Gaza Strip,Gaza City,,Gaza - At Tuffah,31.5134,34.4751,1,Arab News; Palestinian Ministry of Health,Other-Regional,"On 29 December 2023, Israeli warplanes carried out a series of airstikes in the neigbourhoods of Gaza - At Tuffah (Gaza City, Gaza Strip), leaving an unspecified number of fatalities among Palestinians. [Palestinian Ministry of Health reported 21672 fatalities between 7 October - 29 December. 112 fatalities not attributed to specific events split across 4 events on 29 December. 28 fatalities coded to this event.]",28,,1759789988
PSE44629,12/29/2023,2023,1,Political violence,Explosions/Remote violence,Air/drone strike,Military Forces of Israel (2022-),,8,Civilians (Palestine),,7,78,Civilian targeting,275,Middle East,Palestine,Gaza Strip,Gaza City,,Gaza - Shujaiyya,31.4988,34.4699,1,Arab News; Palestinian Ministry of Health,Other-Regional,"On 29 December 2023, Israeli warplanes carried out a series of airstikes in the neigbourhoods of Gaza - Shujaiyya (Gaza City, Gaza Strip), leaving an unspecified number of fatalities among Palestinians. [Palestinian Ministry of Health reported 21672 fatalities between 7 October - 29 December. 112 fatalities not attributed to specific events split across 4 events on 29 December. 28 fatalities coded to this event.]",28,,1759789988
PSE42664,12/30/2023,2023,1,Political violence,Explosions/Remote violence,Air/drone strike,Military Forces of Israel (2022-),,8,Civilians (Palestine),,7,78,Civilian targeting,275,Middle East,Palestine,Gaza Strip,Khan Yunis,,Al Fukhari,31.2952,34.3332,1,Al-Ittihad; Newpress; Palestine News and Information Agency; Quds News Network; Twitter,New media-National,"On 30 December 2023, Israeli warplanes struck targets in the vicinity of the European Hospital in Al Fukhari (Khan Yunis, Gaza Strip), killing 4 Palestinians and injuring several of others.",4,,1753954979
PSE42748,12/30/2023,2023,1,Political violence,Explosions/Remote violence,Shelling/artillery/missile attack,Military Forces of Israel (2022-),,8,Civilians (Palestine),,7,78,Civilian targeting,275,Middle East,Palestine,Gaza Strip,Gaza City,,Gaza - At Tuffah,31.5134,34.4751,1,Palestine News and Information Agency,National,"On 30 December 2023, Israeli artillery struck a group of Palestinians in Gaza - At Tuffah (Gaza City, Gaza Strip), leaving dozens of fatalities among Palestinians. Fatalities coded as 12.",12,,1759789988
PSE42670,12/30/2023,2023,1,Political violence,Explosions/Remote violence,Air/drone strike,Military Forces of Israel (2022-),,8,Civilians (Palestine),,7,78,Civilian targeting,275,Middle East,Palestine,Gaza Strip,Deir El Balah,,An Nusayrat - West,31.4525,34.3756,1,Palestine News and Information Agency; Quds News Network; Twitter,New media-National,"On 30 December 2023, Israeli warplanes struck a house west of An Nusayrat (An Nusayrat - West, Deir El Balah, Gaza Strip). Also, the artillery struck a target at Sedqi junction. Casualties unknown.",0,,1753954979
PSE42671,12/30/2023,2023,1,Political violence,Explosions/Remote violence,Air/drone strike,Military Forces of Israel (2022-),,8,Civilians (Palestine),,7,78,Civilian targeting,275,Middle East,Palestine,Gaza Strip,Deir El Balah,,Az Zawayda,31.4284,34.366,1,Newpress; Palestine News and Information Agency; Quds News Network; Twitter,New media-National,"On 30 December 2023, Israeli warplanes struck a house in Az Zawayda (Deir El Balah, Gaza Strip), killing 12 Palestinians, including women and children, and injuring several of others.",12,,1767742780
PSE42749,12/30/2023,2023,1,Political violence,Explosions/Remote violence,Shelling/artillery/missile attack,Military Forces of Israel (2022-),,8,Civilians (Palestine),,7,78,Civilian targeting,275,Middle East,Palestine,Gaza Strip,Deir El Balah,,Al Burayj,31.4394,34.4031,2,Palestine News and Information Agency,National,"On 30 December 2023, Israeli artillery struck targets east of Al Burayj refugee camp (Deir El Balah, Gaza Strip), leaving dozens of fatalities and injuries among Palestinians. Fatalities coded as 12.",12,,1753954979
PSE42673,12/30/2023,2023,1,Political violence,Explosions/Remote violence,Air/drone strike,Military Forces of Israel (2022-),,8,Civilians (Palestine),,7,78,Civilian targeting,275,Middle East,Palestine,Gaza Strip,Rafah,,Tal as Sultan,31.3098,34.2414,1,Palestine News and Information Agency,National,"On 30 December 2023, Israeli warplanes struck the roof of a house in Tal as Sultan (Rafah, Gaza Strip). Casualties unknown.",0,,1762829569
PSE42674,12/30/2023,2023,1,Political violence,Explosions/Remote violence,Air/drone strike,Military Forces of Israel (2022-),,8,Civilians (Palestine),,7,78,Civilian targeting,275,Middle East,Palestine,Gaza Strip,Rafah,,Tal as Sultan,31.3098,34.2414,2,Palestine News and Information Agency,National,"On 30 December 2023, Israeli warplanes struck a house west of Rafah (coded to Tal as Sultan, Gaza Strip). Casualties unknown.",0,,1762829569
PSE42756,12/30/2023,2023,1,Political violence,Explosions/Remote violence,Air/drone strike,Military Forces of Israel (2022-),,8,Civilians (Palestine),Refugees/IDPs (Palestine),7,78,Civilian targeting,275,Middle East,Palestine,Gaza Strip,Deir El Balah,,Al Maghazi,31.4214,34.3865,1,Al-Ittihad; Liveuamap; Palestine News and Information Agency; Quds News Network; Twitter,Local partner-New media,"On 30 December 2023, Israeli artillery shelled a house in Al Maghazi refugee camp (Deir El Balah, Gaza Strip), killing 2 Palestinians and injuring another 2 persons. Also, 6 Palestinians were killed in airstrikes that targeted 2 houses. Total confirmed fatalities were 8.",8,,1753954979
PSE42659,12/30/2023,2023,1,Political violence,Explosions/Remote violence,Air/drone strike,Military Forces of Israel (2022-),,8,Civilians (Palestine),Journalists (Palestine); Refugees/IDPs (Palestine),7,78,Civilian targeting,275,Middle East,Palestine,Gaza Strip,Deir El Balah,,An Nusayrat,31.4486,34.3925,1,Al Ghad (Jordan); Liveuamap; Newpress; Palestine News and Information Agency; Palestinian Ministry of Health; Quds News Network; Twitter,Local partner-New media,"On 30 December 2023, Israeli warplanes struck a house in An Nusayrat refugee camp (Deir El Balah, Gaza Strip), leaving an unspecified number of fatalities and injuries among Palestinians, including a journalist. Meanwhile, Israeli artillery shelled targets in the area. Also, 3 Palestinians were killed and several persons were injured in an airstrike that targeted a family. [Palestinian Ministry of Health reported 21822 fatalities between 7 October - 30 December. 62 fatalities not attributed to specific events split across 2 events on 30 December. 31 fatalities coded to this event.] Total fatalities coded as 34 (3 known + 31 presumed).",34,,1753954979
PSE42729,12/30/2023,2023,1,Political violence,Explosions/Remote violence,Shelling/artillery/missile attack,Military Forces of Israel (2022-),,8,Civilians (Palestine),,7,78,Civilian targeting,275,Middle East,Palestine,Gaza Strip,Rafah,,Yibna,31.2842,34.2482,2,Palestine News and Information Agency; Palestinian Ministry of Health; PLO Negotiations Affairs Department; Quds News Network; Twitter,Other-New media,"On 30 December 2023, Israeli artillery and tanks shelled targets east of Rafah (coded to Yibna, Gaza Strip), killing an unspecified number of Palestinians and injuring several others including children. [Palestinian Ministry of Health reported 21822 fatalities between 7 October - 30 December. 62 fatalities not attributed to specific events split across 2 events on 30 December. 31 fatalities coded to this event.]",31,,1753954979
PSE42691,12/30/2023,2023,1,Political violence,Explosions/Remote violence,Air/drone strike,Military Forces of Israel (2022-),,8,Civilians (Palestine),,7,78,Civilian targeting,275,Middle East,Palestine,Gaza Strip,Gaza City,,Gaza - Az Zaytun,31.4964,34.4522,2,Jerusalem Post; Joe Truzman; Quds News Network; Twitter,New media-National,"On 30 December 2023, Israeli warplanes struck a passing car south of Gaza City, Gaza - Az Zaytun (Gaza City, Gaza Strip), killing 6 Palestinians.",6,,1759789988
PSE42663,12/30/2023,2023,1,Political violence,Explosions/Remote violence,Air/drone strike,Military Forces of Israel (2022-),,8,Civilians (Palestine),,7,78,Civilian targeting,275,Middle East,Palestine,Gaza Strip,Khan Yunis,,Qizan an Najjar,31.323,34.2761,2,Palestine News and Information Agency,National,"On 30 December 2023, Israeli warplanes struck a house southeast of Khan Yunis city, Qizan an Najjar (Khan Yunis, Gaza Strip), killing a Palestinian and injuring another person.",1,,1753954979
PSE42672,12/30/2023,2023,1,Political violence,Explosions/Remote violence,Air/drone strike,Military Forces of Israel (2022-),,8,Civilians (Palestine),,7,78,Civilian targeting,275,Middle East,Palestine,Gaza Strip,Rafah,,As Salam,31.2678,34.2567,1,Palestine News and Information Agency,National,"On 30 December 2023, Israeli warplanes struck a house in As Salam (Rafah, Gaza Strip), killing a Palestinian.",1,,1753954979
PSE42709,12/31/2023,2023,1,Political violence,Explosions/Remote violence,Air/drone strike,Military Forces of Israel (2022-),,8,Civilians (Palestine),,7,78,Civilian targeting,275,Middle East,Palestine,Gaza Strip,Khan Yunis,,Abasan al Kabirah,31.3191,34.3401,1,Palestine News and Information Agency; Quds News Network; Twitter,New media-National,"On 31 December 2023, Israeli warplanes carried out airstrikes in Abasan al Kabirah (Khan Yunis, Gaza Strip), leaving 4 fatalities.",4,,1753954979
PSE42711,12/31/2023,2023,1,Political violence,Explosions/Remote violence,Air/drone strike,Military Forces of Israel (2022-),,8,Civilians (Palestine),,7,78,Civilian targeting,275,Middle East,Palestine,Gaza Strip,Gaza City,,Gaza - Shujaiyya,31.4988,34.4699,1,Palestine News and Information Agency; Quds News Network; Twitter,New media-National,"On 31 December 2023, Israeli warplanes carried out airstrikes in the vicinity of Al Aqsa University in Gaza - Shujaiyya (Gaza City, Gaza Strip), leaving 20 fatalities and dozens of injuries among Palestinians. Also, artillery shelled targets in the area.",20,,1759789988
PSE42716,12/31/2023,2023,1,Political violence,Explosions/Remote violence,Air/drone strike,Military Forces of Israel (2022-),,8,Civilians (Palestine),,7,78,Civilian targeting,275,Middle East,Palestine,Gaza Strip,Khan Yunis,,Khan Yunis,31.3502,34.3081,1,Newpress; Quds News Network; Twitter,New media-National,"On 31 December 2023, Israeli warplanes carried out airstrikes in al Namsawi area of Khan Yunis city (Khan Yunis, Gaza Strip), leaving 13 Palestinian fatalities and dozens of injuries.",13,,1753954979
PSE42722,12/31/2023,2023,1,Political violence,Explosions/Remote violence,Air/drone strike,Military Forces of Israel (2022-),,8,Civilians (Palestine),,7,78,Civilian targeting,275,Middle East,Palestine,Gaza Strip,Khan Yunis,,Al Fukhari,31.2952,34.3332,1,Quds News Network; Twitter,New media-National,"On 31 December 2023, Israeli warplanes struck targets in the vicinity of the European Hospital in Al Fukhari (Khan Yunis, Gaza Strip), killing 2 Palestinian girls.",2,,1753954979
PSE42773,12/31/2023,2023,1,Political violence,Explosions/Remote violence,Shelling/artillery/missile attack,Military Forces of Israel (2022-),,8,Civilians (Palestine),,7,78,Civilian targeting,275,Middle East,Palestine,Gaza Strip,Rafah,,Coast of Rafah,31.3474,34.2226,2,Newpress; Palestine News and Information Agency; PLO Negotiations Affairs Department; Quds News Network; Twitter,Other-New media,"On 31 December 2023, Israeli gunboats shelled targets along the Coast of Rafah (Rafah, Gaza Strip), killing a Palestinian.",1,,1753954979
PSE42802,12/31/2023,2023,1,Political violence,Violence against civilians,Attack,Military Forces of Israel (2022-),,8,Civilians (Palestine),Prisoners (Palestine),7,78,Civilian targeting,275,Middle East,Palestine,Gaza Strip,Gaza City,,Gaza,31.5045,34.4743,1,Palestine Information Center; Times of Israel,Other-Regional,"On 31 December 2023, an Israeli soldier shot and killed a Palestinian prisoner while guarding him in Gaza City (Gaza Strip). Israeli sources reported that the soldier opened fire after he had felt in danger.",1,,1759789988
PSE42702,12/31/2023,2023,1,Political violence,Explosions/Remote violence,Air/drone strike,Military Forces of Israel (2022-),,8,Civilians (Palestine),Government of Palestine (2007-) Hamas Government in Gaza,7,78,Civilian targeting,275,Middle East,Palestine,Gaza Strip,Deir El Balah,,Al Maghazi,31.4214,34.3865,1,Newpress; Palestine News and Information Agency; Quds News Network; Times of Israel; Twitter,New media-National,"On 31 December 2023, Israeli warplanes struck 3 mosques and houses in Al Maghazi refugee camp (Deir El Balah, Gaza Strip). Meanwhile, Israeli artillery shelled targets in the area. Former minister of Awqaf and Religious Affairs (PA) was killed along with his family members and other people in an airstrike as well as another 8 Palestinians. Total fatalities coded as 11 (8 confirmed and unspecified coded as 3).",11,,1753954979
PSE42703,12/31/2023,2023,1,Political violence,Explosions/Remote violence,Air/drone strike,Military Forces of Israel (2022-),,8,Civilians (Palestine),,7,78,Civilian targeting,275,Middle East,Palestine,Gaza Strip,Deir El Balah,,Deir al Balah,31.4178,34.3503,1,Liveuamap; Newpress; Palestine News and Information Agency; Quds News Network; Twitter,Local partner-New media,"On 31 December 2023, Israeli warplanes struck the Al Furqan mosque in al-Haker area of Deir al Balah city (Deir El Balah, Gaza Strip). Also, artillery struck targets in an apartment, killing 3 Palestinians.",3,,1753954979
PSE42781,12/31/2023,2023,1,Political violence,Explosions/Remote violence,Shelling/artillery/missile attack,Military Forces of Israel (2022-),,8,Civilians (Palestine),Health Workers (Palestine); Refugees/IDPs (Palestine),7,78,Civilian targeting,275,Middle East,Palestine,Gaza Strip,Deir El Balah,,An Nusayrat,31.4486,34.3925,1,Palestine News and Information Agency,National,"On 31 December 2023, Israeli artillery shelled targets in An Nusayrat refugee camp (Deir El Balah, Gaza Strip), leaving an unspecified number of fatalities among Palestinians, including a paramedic. Fatalities coded as 3.",3,,1753954979
PSE42708,12/31/2023,2023,1,Political violence,Explosions/Remote violence,Air/drone strike,Military Forces of Israel (2022-),,8,Civilians (Palestine),,7,78,Civilian targeting,275,Middle East,Palestine,Gaza Strip,Gaza City,,Gaza - Sabra,31.5086,34.4493,1,Newpress; Palestine News and Information Agency; Quds News Network; Twitter,New media-National,"On 31 December 2023, Israeli warplanes carried out airstrikes in Gaza - Sabra (Gaza City, Gaza Strip), leaving at least 40 fatalities.",40,,1759789988
PSE42705,12/31/2023,2023,1,Political violence,Explosions/Remote violence,Air/drone strike,Military Forces of Israel (2022-),,8,Civilians (Palestine),,7,78,Civilian targeting,275,Middle East,Palestine,Gaza Strip,Rafah,,Tal as Sultan,31.3098,34.2414,2,Palestine News and Information Agency; Quds News Network; Twitter,New media-National,"On 31 December 2023, Israeli warplanes struck a house west of Rafah (coded to Tal as Sultan, Gaza Strip). Casualties unknown.",0,,1762829569
PSE42704,12/31/2023,2023,1,Political violence,Explosions/Remote violence,Air/drone strike,Military Forces of Israel (2022-),,8,Civilians (Palestine),,7,78,Civilian targeting,275,Middle East,Palestine,Gaza Strip,Khan Yunis,,Bani Suheila,31.3424,34.325,2,Palestine News and Information Agency,National,"On 31 December 2023, soldiers inside an Israeli helicopter opened fire toward Palestinians east of Khan Yunis, Bani Suheila (Khan Yunis, Gaza Strip). Casualties unknown.",0,,1753954979
PSE42717,12/31/2023,2023,1,Political violence,Explosions/Remote violence,Air/drone strike,Military Forces of Israel (2022-),,8,Civilians (Palestine),,7,78,Civilian targeting,275,Middle East,Palestine,Gaza Strip,Gaza City,,Al Mughraqa,31.4675,34.4097,1,Newpress; Quds News Network; Twitter,New media-National,"On 31 December 2023, Israeli warplanes carried out airstrikes in Al Mughraqa (Gaza City, Gaza Strip), leaving 6 Palestinian fatalities.",6,,1753954979
PSE42710,12/31/2023,2023,1,Political violence,Explosions/Remote violence,Air/drone strike,Military Forces of Israel (2022-),,8,Civilians (Palestine),,7,78,Civilian targeting,275,Middle East,Palestine,Gaza Strip,Gaza City,,Gaza - Az Zaytun,31.4964,34.4522,1,Newpress; Palestine News and Information Agency; Quds News Network; Twitter,New media-National,"On 31 December 2023, Israeli warplanes carried out airstrikes in Gaza - Az Zaytun (Gaza City, Gaza Strip), leaving 48 fatalities and dozens of injuries among Palestinians.",48,,1759789988
PSE42721,12/31/2023,2023,1,Political violence,Explosions/Remote violence,Air/drone strike,Military Forces of Israel (2022-),,8,Civilians (Palestine),,7,78,Civilian targeting,275,Middle East,Palestine,Gaza Strip,Khan Yunis,,Qizan an Najjar,31.323,34.2761,1,Quds News Network; Twitter,New media-National,"On 31 December 2023, Israeli warplanes struck a residential area in Qizan an Najjar (Khan Yunis, Gaza Strip), leaving 23 Palestinian fatalities.",23,,1753954979
