event_id_cnty,event_date,year,time_precision,disorder_type,event_type,sub_event_type,actor1,assoc_actor_1,inter1,actor2,assoc_actor_2,inter2,interaction,civilian_targeting,iso,region,country,admin1,admin2,admin3,location,latitude,longitude,geo_precision,source,source_scale,notes,fatalities,tags,timestamp
PSE64617,12/1/2024,2024,1,Political violence,Explosions/Remote violence,Air/drone strike,Military Forces of Israel (2022-),,8,Civilians (Palestine),Refugees/IDPs (Palestine),7,78,Civilian targeting,275,Middle East,Palestine,Gaza Strip,Khan Yunis,,Al Mawasi (Khan Yunis),31.3482,34.2547,2,Palestine News and Information Agency; Quds News Network,National,"On 1 December 2024, Israeli warplanes struck a tent belonging to displaced people near Bir 19 southwest of (Al Mawasi (Khan Yunis), Gaza Strip), killing 2 children and injuring others.",2,,1762829569
PSE64619,12/1/2024,2024,1,Political violence,Explosions/Remote violence,Air/drone strike,Military Forces of Israel (2022-),,8,Civilians (Palestine),,7,78,Civilian targeting,275,Middle East,Palestine,Gaza Strip,Deir El Balah,,An Nusayrat - North,31.4591,34.3923,1,Palestine News and Information Agency; Quds News Network,National,"On 1 December 2024, Israeli warplanes struck a house in the Al Mufti area in An Nusayrat - North (Deir El Balah, Gaza Strip), killing one Palestinian.",1,,1753956656
PSE64621,12/1/2024,2024,1,Political violence,Explosions/Remote violence,Air/drone strike,Military Forces of Israel (2022-),,8,Civilians (Palestine),,7,78,Civilian targeting,275,Middle East,Palestine,Gaza Strip,Khan Yunis,,Khan Yunis - Ash Sheikh Naser,31.3398,34.3116,2,Palestine News and Information Agency; Quds News Network,National,"On 1 December 2024, Israeli UAV struck a passing motorcycle at Salah al-Din street near Khan Yunis - Ash Sheikh Naser (Khan Yunis, Gaza Strip), killing 2 persons.",2,,1753956656
PSE64622,12/1/2024,2024,1,Political violence,Explosions/Remote violence,Air/drone strike,Military Forces of Israel (2022-),,8,Civilians (Palestine),,7,78,Civilian targeting,275,Middle East,Palestine,Gaza Strip,Gaza City,,Gaza - Nasr,31.534,34.4574,1,Palestine News and Information Agency,National,"On 1 December 2024, Israeli warplanes struck a gathering near the Lababidi junction in Gaza - Nasr (Gaza City, Gaza Strip), causing injuries.",0,,1753956656
PSE64623,12/1/2024,2024,1,Political violence,Explosions/Remote violence,Air/drone strike,Military Forces of Israel (2022-),,8,Civilians (Palestine),,7,78,Civilian targeting,275,Middle East,Palestine,Gaza Strip,Gaza City,,Gaza - Southern Remal,31.5168,34.4355,2,Palestine News and Information Agency,National,"On 1 December 2024, an Israeli UAV hit Al-Wahda Street near the Thai Restaurant west of Gaza City, coded to Gaza - Southern Remal (Gaza City, Gaza Strip), killing 3 Palestinians. Also, 5 persons were killed in an airstrike that targeted the Al Thawra street west of Gaza City (coded to this location). Total fatalities were 8.",8,,1759790002
PSE64624,12/1/2024,2024,1,Political violence,Explosions/Remote violence,Air/drone strike,Military Forces of Israel (2022-),,8,Civilians (Palestine),Refugees/IDPs (Palestine),7,78,Civilian targeting,275,Middle East,Palestine,Gaza Strip,Gaza City,,Gaza - Ash Shati' Camp,31.5349,34.4466,1,Palestine News and Information Agency,National,"On 1 December 2024, an Israeli UAV struck near the Al Wehda street in Gaza - Ash Shati' Camp (Gaza City, Gaza Strip), killing a Palestinian.",1,,1759790002
PSE64626,12/1/2024,2024,1,Political violence,Explosions/Remote violence,Air/drone strike,Military Forces of Israel (2022-),,8,Civilians (Palestine),,7,78,Civilian targeting,275,Middle East,Palestine,Gaza Strip,North Gaza,,Beit Lahiya - Al Mashroo,31.5433,34.4998,1,Palestine News and Information Agency,National,"On 1 December 2024, Israeli warplanes struck a house in Beit Lahiya - Al Mashroo (North Gaza, Gaza Strip), killing 10 Palestinians.",10,,1753956656
PSE64625,12/1/2024,2024,1,Political violence,Explosions/Remote violence,Air/drone strike,Military Forces of Israel (2022-),,8,Civilians (Palestine),,7,78,Civilian targeting,275,Middle East,Palestine,Gaza Strip,North Gaza,,Jabalya,31.5272,34.4835,1,Palestine News and Information Agency,National,"On 1 December 2024, Israeli warplanes struck a house in Jabalya Nazalah in the town of Jabalya (North Gaza, Gaza Strip), causing a number of injuries.",0,,1759790002
PSE64636,12/1/2024,2024,1,Political violence,Explosions/Remote violence,Air/drone strike,Military Forces of Israel (2022-),,8,Civilians (Palestine),,7,78,Civilian targeting,275,Middle East,Palestine,Gaza Strip,Gaza City,,Gaza - Az Zaytun,31.4964,34.4522,1,Quds News Network,National,"On 1 December 2024, Israeli warplanes struck in Gaza - Az Zaytun (Gaza City, Gaza Strip), killing 2 persons.",2,,1759790002
PSE64637,12/1/2024,2024,1,Political violence,Explosions/Remote violence,Shelling/artillery/missile attack,Military Forces of Israel (2022-),,8,Civilians (Palestine),,7,78,Civilian targeting,275,Middle East,Palestine,Gaza Strip,North Gaza,,Sheikh Zaid,31.5392,34.5117,1,Quds News Network,National,"On 1 December 2024, Israeli tanks opened fire at houses in Sheikh Zaid (North Gaza, Gaza Strip). Casualties unknown.",0,,1759790002
PSE64618,12/1/2024,2024,1,Political violence,Explosions/Remote violence,Shelling/artillery/missile attack,Military Forces of Israel (2022-),,8,Civilians (Palestine),Refugees/IDPs (Palestine),7,78,Civilian targeting,275,Middle East,Palestine,Gaza Strip,Rafah,,Rafah Camp,31.2847,34.2546,1,Palestine News and Information Agency; Quds News Network,National,"On 1 December 2024, Israeli forces (likely tanks) opened fire and killed 4 Palestinians in Al Shabourah Camp in Rafah Camp (Rafah, Gaza Strip) as some displaced residents returned to search the ruins for essentials.",4,,1753956656
PSE64620,12/1/2024,2024,1,Political violence,Explosions/Remote violence,Air/drone strike,Military Forces of Israel (2022-),,8,Civilians (Palestine),,7,78,Civilian targeting,275,Middle East,Palestine,Gaza Strip,Khan Yunis,,Khan Yunis - Jourat Al-Loot,31.3314,34.3004,1,Palestine News and Information Agency,National,"On 1 December 2024, Israeli warplanes struck a gathering in Khan Yunis - Jourat Al-Loot (Khan Yunis, Gaza Strip), killing 4 Palestinians.",4,,1753956656
PSE64401,12/2/2024,2024,1,Political violence,Explosions/Remote violence,Shelling/artillery/missile attack,Military Forces of Israel (2022-),,8,Civilians (Palestine),,7,78,Civilian targeting,275,Middle East,Palestine,Gaza Strip,Deir El Balah,,Al Musaddar,31.4105,34.378,2,Palestine News and Information Agency; Quds News Network,National,"On 2 December 2024, Israeli artillery fired heavily on east of Al Musaddar (Deir El Balah, Gaza Strip) killing one man.",1,,1765850627
PSE64403,12/2/2024,2024,1,Political violence,Explosions/Remote violence,Air/drone strike,Military Forces of Israel (2022-),,8,Civilians (Palestine),,7,78,Civilian targeting,275,Middle East,Palestine,Gaza Strip,Gaza City,,Gaza,31.5045,34.4743,1,Palestine News and Information Agency; Quds News Network,National,"On 2 December 2024, an Israeli drone targeted al Jalaa Street in Gaza (Gaza City, Gaza Strip) killing 2 people and injuring others. On the same day, Israeli warplanes targeted a store in Omar al Mokhtar Street in Gaza, also killing 2 people and injuring others. Israeli warplanes launched another airstrike on the city during the day. Casualties unknown. Total confirmed fatalities is at least 4.",4,,1759790002
PSE64405,12/2/2024,2024,1,Political violence,Explosions/Remote violence,Air/drone strike,Military Forces of Israel (2022-),,8,Civilians (Palestine),,7,78,Civilian targeting,275,Middle East,Palestine,Gaza Strip,Gaza City,,Gaza - Sabra,31.5086,34.4493,1,Palestine News and Information Agency,National,"On 2 December 2024, Israeli forces, likely warplanes, targeted a group of Palestinians in Gaza - Sabra (Gaza City, Gaza Strip) killing 2 and injuring others.",2,,1759790002
PSE64406,12/2/2024,2024,1,Political violence,Explosions/Remote violence,Air/drone strike,Military Forces of Israel (2022-),,8,Civilians (Palestine),,7,78,Civilian targeting,275,Middle East,Palestine,Gaza Strip,Gaza City,,Gaza - Southern Remal,31.5168,34.4355,2,Palestine News and Information Agency; Quds News Network,National,"On 2 December 2024, Israeli artillery and warplanes targeted a house in Industrial junction, west of Gaza city, coded to Gaza - Southern Remal (Gaza City, Gaza Strip) injuring several people and causing a fire on a targeted house.",0,,1759790002
PSE64414,12/2/2024,2024,1,Political violence,Explosions/Remote violence,Shelling/artillery/missile attack,Military Forces of Israel (2022-),,8,Civilians (Palestine),,7,78,Civilian targeting,275,Middle East,Palestine,Gaza Strip,North Gaza,,Beit Lahiya - Al Mashroo,31.5433,34.4998,1,Quds News Network,National,"On 2 December 2024, Israeli military, likely shelling, targeted a residential building in Beit Lahiya - Al Mashroo (North Gaza, Gaza Strip). Casualties unknown. On the same day, an Israeli sniper killed a man in the same location. Total confirmed fatalities is at least 1.",1,,1753956656
PSE64416,12/2/2024,2024,1,Political violence,Explosions/Remote violence,Air/drone strike,Military Forces of Israel (2022-),,8,Civilians (Palestine),Refugees/IDPs (Palestine),7,78,Civilian targeting,275,Middle East,Palestine,Gaza Strip,Deir El Balah,,Al Burayj,31.4394,34.4031,1,Newpress; Quds News Network; Twitter,New media-National,"On 2 December 2024, Israeli warplanes targeted a house in Block 9 of Al Burayj camp (Deir El Balah, Gaza Strip) injuring several people.",0,,1753956656
PSE64419,12/2/2024,2024,1,Political violence,Explosions/Remote violence,Shelling/artillery/missile attack,Military Forces of Israel (2022-),,8,Civilians (Palestine),,7,78,Civilian targeting,275,Middle East,Palestine,Gaza Strip,Deir El Balah,,Al Maghazi,31.4214,34.3865,2,Quds News Network,National,"On 2 December 2024, Israeli artillery targeted a house in south of Al Maghazi camp (Deir El Balah, Gaza Strip) injuring several people.",0,,1753956656
PSE64420,12/2/2024,2024,1,Political violence,Explosions/Remote violence,Air/drone strike,Military Forces of Israel (2022-),,8,Civilians (Palestine),Refugees/IDPs (Palestine),7,78,Civilian targeting,275,Middle East,Palestine,Gaza Strip,Deir El Balah,,An Nusayrat,31.4486,34.3925,1,Quds News Network,National,"On 2 December 2024, an Israeli drone targeted a house in the southern part of An Nusayrat camp (Deir El Balah, Gaza Strip) killing 1 woman and injuring others.",1,,1753956656
PSE64423,12/2/2024,2024,1,Political violence,Explosions/Remote violence,Air/drone strike,Military Forces of Israel (2022-),,8,Civilians (Palestine),,7,78,Civilian targeting,275,Middle East,Palestine,Gaza Strip,Gaza City,,Gaza - Sheikh Radwan,31.5349,34.4667,1,Liveuamap,Local partner-New media,"On 2 December 2024, an Israeli drone targeted Abu Iskandar area in Gaza - Sheikh Radwan (Gaza City, Gaza Strip) injuring people. shortly after, Israeli forces, likely warplanes, also targeted Sheikh Radwan clinic in the same location killing 1 and injuring several people.",1,,1759790002
PSE64426,12/2/2024,2024,1,Political violence,Explosions/Remote violence,Air/drone strike,Military Forces of Israel (2022-),,8,Civilians (Palestine),,7,78,Civilian targeting,275,Middle East,Palestine,Gaza Strip,Gaza City,,Gaza - Ash Shati' Camp,31.5349,34.4466,2,Palestine News and Information Agency; Quds News Network,National,"On 2 December 2024, Israeli warplanes targeted al Karamah neighborhood northwest of Gaza city, coded to Gaza - Ash Shati' Camp (Gaza City, Gaza Strip) and targeted a group of people in the vicinity of Khalidi mosque, killing 2 and injuring others.",2,,1759790002
PSE64402,12/2/2024,2024,1,Political violence,Explosions/Remote violence,Air/drone strike,Military Forces of Israel (2022-),,8,Civilians (Palestine),Refugees/IDPs (Palestine),7,78,Civilian targeting,275,Middle East,Palestine,Gaza Strip,North Gaza,,Jabalya,31.5272,34.4835,1,Newpress; Palestine News and Information Agency; Quds News Network; Twitter,New media-National,"On 2 December 2024, Israeli warplanes targeted a house near Amri mosque in Jabalya town (North Gaza, Gaza Strip) killing 2 people and injuring others. On the same day, an Israeli drone also targeted Halima Saadiyah school sheltering IDPs in the same location injuring 8 people. Israeli artillery also shelled the school, killing 1 woman with tank fire. Additionally, Israeli artillery fired at Halabi intersection in Jabalya town. Casualties unknown. Total confirmed fatalities coded at least 3.",3,,1759790002
PSE64418,12/2/2024,2024,1,Political violence,Explosions/Remote violence,Shelling/artillery/missile attack,Military Forces of Israel (2022-),,8,Civilians (Palestine),Refugees/IDPs (Palestine),7,78,Civilian targeting,275,Middle East,Palestine,Gaza Strip,Rafah,,Al Junainah,31.2642,34.2636,1,Liveuamap; Palestine News and Information Agency; Quds News Network,Local partner-New media,"On 2 December 2024, Israeli forces, likely artillery, fired at a group of IDPs in Al Junainah (Rafah, Gaza Strip) killing 2 people and injuring others.",2,,1753956656
PSE64280,12/3/2024,2024,1,Political violence,Explosions/Remote violence,Air/drone strike,Military Forces of Israel (2022-),,8,Civilians (Palestine),Refugees/IDPs (Palestine),7,78,Civilian targeting,275,Middle East,Palestine,Gaza Strip,North Gaza,,Beit Lahiya,31.5541,34.5016,1,Quds News Network,National,"On 3 December 2024, Israeli warplanes and artillery targeted Beit Lahiya (North Gaza, Gaza Strip) throughout the day, including IDP shelters, and killing 8 people and injuring others. Israeli forces also used explosive IED devices in the same location.",8,,1753956656
PSE64281,12/3/2024,2024,1,Political violence,Explosions/Remote violence,Air/drone strike,Military Forces of Israel (2022-),,8,Civilians (Palestine),,7,78,Civilian targeting,275,Middle East,Palestine,Gaza Strip,Gaza City,,Gaza - Southern Remal,31.5168,34.4355,2,Palestine News and Information Agency; Quds News Network,National,"On 3 December 2024, an Israeli drone strike west of Gaza city in the Jawazat area (coded to Gaza - Southern Remal) left civilians injured.",0,,1759790002
PSE64282,12/3/2024,2024,1,Political violence,Explosions/Remote violence,Air/drone strike,Military Forces of Israel (2022-),,8,Civilians (Palestine),,7,78,Civilian targeting,275,Middle East,Palestine,Gaza Strip,Rafah,,An Nasr,31.2814,34.3025,1,Palestine News and Information Agency; Quds News Network,National,"On 3 December 2024, Israeli airstrikes targeted An Nasr (Rafah, Gaza Strip) killing 1 person and injuring others.",1,,1753956656
PSE64283,12/3/2024,2024,1,Political violence,Explosions/Remote violence,Air/drone strike,Military Forces of Israel (2022-),,8,Civilians (Palestine),,7,78,Civilian targeting,275,Middle East,Palestine,Gaza Strip,Gaza City,,Gaza,31.5045,34.4743,1,Palestine News and Information Agency; Quds News Network,National,"On 3 December 2024, Israeli warplanes launched a series of airstrikes on Gaza city (Gaza City, Gaza Strip) killing and injuring several people. Israeli airstrikes killed 2 people in Jalaa Street, 1 person in the vicinity of Majida School, and a child was killed in an airstrike on a house. Total confirmed fatalities is 4.",4,,1759790002
PSE64287,12/3/2024,2024,1,Political violence,Explosions/Remote violence,Air/drone strike,Military Forces of Israel (2022-),,8,Civilians (Palestine),,7,78,Civilian targeting,275,Middle East,Palestine,Gaza Strip,Gaza City,,Gaza - Sabra,31.5086,34.4493,1,Palestine News and Information Agency,National,"On 3 December 2024, Israeli warplanes targeted a house in Gaza - Sabra (Gaza City, Gaza Strip) killing 5 Palestinians and injuring others.",5,,1759790002
PSE64288,12/3/2024,2024,1,Political violence,Explosions/Remote violence,Air/drone strike,Military Forces of Israel (2022-),,8,Civilians (Palestine),Refugees/IDPs (Palestine),7,78,Civilian targeting,275,Middle East,Palestine,Gaza Strip,Gaza City,,Gaza - Ash Shati' Camp,31.5349,34.4466,1,Palestine News and Information Agency; Quds News Network,National,"On 3 December 2024, Israeli warplanes targeted a house in Gaza - Ash Shati' Camp (Gaza City, Gaza Strip) killing and injuring people. Unspecified number of fatalities coded to 3. Israeli forces, likely warplanes, also targeted a house near Burj al Sousi in the same location, killing 2 and injuring others. Total fatalities coded to 5.",5,,1759790002
PSE64290,12/3/2024,2024,1,Political violence,Explosions/Remote violence,Air/drone strike,Military Forces of Israel (2022-),,8,Civilians (Palestine),Health Workers (Palestine),7,78,Civilian targeting,275,Middle East,Palestine,Gaza Strip,North Gaza,,Beit Lahiya - Al Mashroo,31.5433,34.4998,1,Arab 48; Quds News Network,National,"On 3 December 2024, Israeli quadcopter warplanes and drones targeted Kamal Adwan Hospital in Beit Lahiya - Al Mashroo (North Gaza, Gaza Strip) several times, injuring 3 health workers. On the same day, Israeli drones and helicopters targeted houses in the same location. Casualties unknown.",0,,1753956656
PSE64295,12/3/2024,2024,1,Political violence,Explosions/Remote violence,Air/drone strike,Military Forces of Israel (2022-),,8,Civilians (Palestine),,7,78,Civilian targeting,275,Middle East,Palestine,Gaza Strip,Deir El Balah,,Deir al Balah,31.4178,34.3503,1,Quds News Network,National,"On 3 December 2024, Israeli helicopters targeted a house in Deir al Balah (Deir El Balah, Gaza Strip) injuring several people.",0,,1753956656
PSE64302,12/3/2024,2024,1,Political violence,Explosions/Remote violence,Air/drone strike,Military Forces of Israel (2022-),,8,Civilians (Palestine),Health Workers (Palestine); Refugees/IDPs (Palestine),7,78,Civilian targeting,275,Middle East,Palestine,Gaza Strip,North Gaza,,Jabalya Camp,31.536,34.4907,1,Quds News Network,National,"On 3 December 2024, Israeli artillery targeted the 5th floor of Al Awda Hospital in Jabalya Camp (North Gaza, Gaza Strip) and Israeli drones also targeted the vicinity of the hospital. Casualties unknown.",0,,1753956656
PSE64303,12/3/2024,2024,1,Political violence,Explosions/Remote violence,Shelling/artillery/missile attack,Military Forces of Israel (2022-),,8,Civilians (Palestine),,7,78,Civilian targeting,275,Middle East,Palestine,Gaza Strip,Gaza City,,Gaza - At Tuffah,31.5134,34.4751,1,Quds News Network,National,"On 3 December 2024, Israeli artillery targeted Gaza - At Tuffah (Gaza City, Gaza Strip) injuring several people.",0,,1759790002
PSE64304,12/3/2024,2024,1,Political violence,Explosions/Remote violence,Air/drone strike,Military Forces of Israel (2022-),,8,Civilians (Palestine),,7,78,Civilian targeting,275,Middle East,Palestine,Gaza Strip,Gaza City,,Gaza - At Tuffah,31.5134,34.4751,2,Quds News Network,National,"On 3 December 2024, an Israeli drone targeted east of Gaza - At Tuffah (Gaza City, Gaza Strip) injuring 1 person.",0,,1759790002
PSE64339,12/3/2024,2024,1,Political violence,Explosions/Remote violence,Air/drone strike,Military Forces of Israel (2022-),,8,Civilians (Palestine),,7,78,Civilian targeting,275,Middle East,Palestine,Gaza Strip,Gaza City,,Gaza - Southern Remal,31.5168,34.4355,1,Palestine News and Information Agency; Quds News Network,National,"On 3 December 2024, Israeli warplanes targeted the Al Jazeera sporting club which is hosting displaced people in Remal area in Gaza (coded to Gaza - Southern Remal) killing 2 Palestinians and leaving injuries.",2,,1759790002
PSE64289,12/3/2024,2024,1,Political violence,Explosions/Remote violence,Air/drone strike,Military Forces of Israel (2022-),,8,Civilians (Palestine),,7,78,Civilian targeting,275,Middle East,Palestine,Gaza Strip,Rafah,,Yibna,31.2842,34.2482,2,Ma'an News Agency; Palestine News and Information Agency,National,"On 3 December 2024, Israeli airstrikes targeted east of Rafah, coded to Yibna (Rafah, Gaza Strip) killing 11 people and injuring others.",11,,1753956656
PSE64285,12/3/2024,2024,1,Political violence,Explosions/Remote violence,Air/drone strike,Military Forces of Israel (2022-),,8,Civilians (Palestine),,7,78,Civilian targeting,275,Middle East,Palestine,Gaza Strip,North Gaza,,Jabalya,31.5272,34.4835,1,Palestine News and Information Agency,National,"On 3 December 2024, an Israeli drone targeted a group of people in Jabalya town (North Gaza, Gaza Strip) killing 2 people and injuring others.",2,,1759790002
PSE64286,12/3/2024,2024,1,Political violence,Explosions/Remote violence,Air/drone strike,Military Forces of Israel (2022-),,8,Civilians (Palestine),Refugees/IDPs (Palestine),7,78,Civilian targeting,275,Middle East,Palestine,Gaza Strip,Gaza City,,Gaza - Az Zaytun,31.4964,34.4522,1,Palestine News and Information Agency; Quds News Network,National,"On 3 December 2024, Israeli warplanes targeted al Falah school sheltering IDPs in Gaza - Az Zaytun (Gaza City, Gaza Strip) killing 6 people and injuring others. Another Israeli airstrike on a group of people in the same location killed 2 people and injured many. Israeli artillery also shelled houses in the same location [casualties unknown]. Total confirmed fatalities is 8.",8,,1759790002
PSE64299,12/3/2024,2024,1,Political violence,Explosions/Remote violence,Air/drone strike,Military Forces of Israel (2022-),,8,Civilians (Palestine),,7,78,Civilian targeting,275,Middle East,Palestine,Gaza Strip,Gaza City,,Gaza - Tal el Hawa,31.5041,34.435,1,Quds News Network,National,"On 3 December 2024, Israeli warplanes targeted a house in Gaza - Tal el Hawa (Gaza City, Gaza Strip) killing and injuring people. Unspecified number of fatalities coded to 3.",3,,1759790002
PSE64284,12/3/2024,2024,1,Political violence,Explosions/Remote violence,Air/drone strike,Military Forces of Israel (2022-),,8,Civilians (Palestine),,7,78,Civilian targeting,275,Middle East,Palestine,Gaza Strip,Rafah,,Khirbet al Adas,31.2855,34.2714,2,Palestine News and Information Agency,National,"On 3 December 2024, Israeli warplanes targeted north of Rafah, coded to Khirbet al Adas (Rafah, Gaza Strip) killing 3 people and injuring others.",3,,1753956656
PSE64297,12/3/2024,2024,1,Political violence,Explosions/Remote violence,Air/drone strike,Military Forces of Israel (2022-),,8,Civilians (Palestine),,7,78,Civilian targeting,275,Middle East,Palestine,Gaza Strip,Rafah,,Khirbet al Adas,31.2855,34.2714,1,Quds News Network,National,"On 3 December 2024, Israeli military, likely warplanes, targeted a group of people in Khirbet al Adas (Rafah, Gaza Strip) injuring 4 people.",0,,1753956656
PSE64301,12/3/2024,2024,1,Political violence,Explosions/Remote violence,Air/drone strike,Military Forces of Israel (2022-),,8,Civilians (Palestine),,7,78,Civilian targeting,275,Middle East,Palestine,Gaza Strip,Rafah,,Rafah,31.287,34.2595,1,Quds News Network,National,"On 3 December 2024, Israeli military, likely warplanes, targeted al Mashroo neighborhood In Rafah (Rafah, Gaza Strip) injuring people.",0,,1762829569
PSE64311,12/4/2024,2024,1,Political violence,Explosions/Remote violence,Air/drone strike,Military Forces of Israel (2022-),,8,Civilians (Palestine),,7,78,Civilian targeting,275,Middle East,Palestine,Gaza Strip,Deir El Balah,,Deir al Balah Camp,31.4249,34.34,2,Quds News Network,National,"On 4 December 2024, Israeli warplanes targeted east of Deir al Balah, coded to Deir al Balah Camp (Deir El Balah, Gaza Strip) killing 1 person and injuring others. On the same day, Israeli warplanes and artillery targeted Qarara area in southeast of Deir al Balah, coded to the same location. Casualties unknown.",1,,1765850627
PSE64312,12/4/2024,2024,1,Political violence,Explosions/Remote violence,Air/drone strike,Military Forces of Israel (2022-),,8,Civilians (Palestine),Health Workers (Palestine); Refugees/IDPs (Palestine),7,78,Civilian targeting,275,Middle East,Palestine,Gaza Strip,Deir El Balah,,Al Burayj,31.4394,34.4031,1,Quds News Network,National,"On 4 December 2024, Israeli drones launched multiple airstrikes on Al Burayj camp (Deir El Balah, Gaza Strip) including one on Abu Hamisa school where 15 IDP tents caught fire, and 2 people were killed, including a doctor. A drone strike on the same location as well as an airstrike on Shuhada Square injured many people.",2,,1753956656
PSE64314,12/4/2024,2024,1,Political violence,Explosions/Remote violence,Shelling/artillery/missile attack,Military Forces of Israel (2022-),,8,Civilians (Palestine),,7,78,Civilian targeting,275,Middle East,Palestine,Gaza Strip,Gaza City,,Gaza - Sabra,31.5086,34.4493,1,Quds News Network,National,"On 4 December 2024, Israeli artillery shelled Gaza - Sabra neighborhood (Gaza City, Gaza Strip) killing and injuring people. Unspecified number of fatalities coded to 3.",3,,1759790002
PSE64316,12/4/2024,2024,1,Political violence,Explosions/Remote violence,Air/drone strike,Military Forces of Israel (2022-),,8,Civilians (Palestine),Health Workers (Palestine),7,78,Civilian targeting,275,Middle East,Palestine,Gaza Strip,North Gaza,,Beit Lahiya - Al Mashroo,31.5433,34.4998,1,Quds News Network,National,"On 4 December 2024, Israeli quadcopter warplanes and drones heavily targeted several times the Kamal Adwan hospital in Beit Lahiya - Al Mashroo (North Gaza, Gaza Strip). Casualties unknown.",0,,1753956656
PSE64317,12/4/2024,2024,1,Political violence,Explosions/Remote violence,Air/drone strike,Military Forces of Israel (2022-),,8,Civilians (Palestine),Refugees/IDPs (Palestine),7,78,Civilian targeting,275,Middle East,Palestine,Gaza Strip,Deir El Balah,,An Nusayrat,31.4486,34.3925,1,Palestine News and Information Agency; Quds News Network,National,"On 4 December 2024, Israeli warplanes targeted a group of Palestinians in An Nusayrat camp (Deir El Balah, Gaza Strip) killing 5 people and injuring more than 15 others. On the same day, Israeli warplanes also targeted a house in Camp 5 in the same location, killing 3 people. Total confirmed fatalities is 8.",8,,1753956656
PSE64318,12/4/2024,2024,1,Political violence,Explosions/Remote violence,Air/drone strike,Military Forces of Israel (2022-),,8,Civilians (Palestine),,7,78,Civilian targeting,275,Middle East,Palestine,Gaza Strip,Gaza City,,Gaza - Southern Remal,31.5168,34.4355,2,Palestine News and Information Agency,National,"On 4 December 2024, an Israeli drone targeted a group of people near Shifa tower, west of Gaza city (coded to Gaza - Southern Remal) killing 2 people and injuring others.",2,,1759790002
PSE64319,12/4/2024,2024,1,Political violence,Explosions/Remote violence,Air/drone strike,Military Forces of Israel (2022-),,8,Civilians (Palestine),,7,78,Civilian targeting,275,Middle East,Palestine,Gaza Strip,Deir El Balah,,Al Maghazi,31.4214,34.3865,2,Palestine News and Information Agency,National,"On 4 December 2024, Israeli drones fired east of Al Maghazi camp (Deir El Balah, Gaza Strip) killing 1 Palestinian.",1,,1753956656
PSE64320,12/4/2024,2024,1,Political violence,Explosions/Remote violence,Shelling/artillery/missile attack,Military Forces of Israel (2022-),,8,Civilians (Palestine),,7,78,Civilian targeting,275,Middle East,Palestine,Gaza Strip,Deir El Balah,,An Nusayrat - West,31.4525,34.3756,1,Palestine News and Information Agency,National,"On 4 December 2024, Israeli forces fired artillery at a house in An Nusayrat - West (Deir El Balah, Gaza Strip). Casualties unknown.",0,,1753956656
PSE64322,12/4/2024,2024,1,Political violence,Explosions/Remote violence,Shelling/artillery/missile attack,Military Forces of Israel (2022-),,8,Civilians (Palestine),,7,78,Civilian targeting,275,Middle East,Palestine,Gaza Strip,Rafah,,Tal as Sultan,31.3098,34.2414,2,Palestine News and Information Agency,National,"On 4 December 2024, Israeli artillery fired its machine guns on northwest of Rafah, coded to Tal as Sultan (Rafah, Gaza Strip) killing 1 person.",1,,1762829569
PSE64325,12/4/2024,2024,1,Political violence,Explosions/Remote violence,Air/drone strike,Military Forces of Israel (2022-),,8,Civilians (Palestine),,7,78,Civilian targeting,275,Middle East,Palestine,Gaza Strip,Gaza City,,Gaza,31.5045,34.4743,1,Quds News Network,National,"On 4 December 2024, Israeli warplanes targeted residential houses in al Yarmouk area in Gaza (Gaza City, Gaza Strip) killing at least 25 people and injuring dozens.",25,,1759790002
PSE64326,12/4/2024,2024,1,Political violence,Violence against civilians,Attack,Military Forces of Israel (2022-),,8,Civilians (Palestine),Aid Workers (Palestine); Health Workers (Palestine); Palestinian Red Crescent Society,7,78,Civilian targeting,275,Middle East,Palestine,Gaza Strip,Khan Yunis,,Khan Yunis,31.3502,34.3081,1,Ma'an News Agency,National,"On 4 December 2024, Israeli forced shot and killed a medic from the Palestinian Red Crescent in Khan Yunis (Gaza Strip).",1,,1753956656
PSE64336,12/4/2024,2024,1,Political violence,Explosions/Remote violence,Air/drone strike,Military Forces of Israel (2022-),,8,Civilians (Palestine),,7,78,Civilian targeting,275,Middle East,Palestine,Gaza Strip,Deir El Balah,,Deir al Balah,31.4178,34.3503,2,Liveuamap,Local partner-New media,"On 4 December 2024, Israeli forces, likely warplanes, targeted south of Deir al Balah city (Deir El Balah, Gaza Strip) killing 2 and injuring others.",2,,1753956656
PSE64340,12/4/2024,2024,1,Political violence,Explosions/Remote violence,Air/drone strike,Military Forces of Israel (2022-),,8,Civilians (Palestine),Refugees/IDPs (Palestine),7,78,Civilian targeting,275,Middle East,Palestine,Gaza Strip,Gaza City,,Gaza - Shujaiyya,31.4988,34.4699,2,Palestine News and Information Agency; Quds News Network,National,"On 4 December 2024, Israeli drones fired at IDPs on Salah al Deen Street, east of Gaza (coded to Gaza - Shujaiyya, Gaza Strip) injuring some of them.",0,,1759790002
PSE64342,12/4/2024,2024,1,Political violence,Violence against civilians,Attack,Military Forces of Israel (2022-),,8,Civilians (Palestine),,7,78,Civilian targeting,275,Middle East,Palestine,Gaza Strip,Rafah,,Al Mawasi (Rafah),31.3294,34.2299,2,Quds News Network,National,"On 4 December 2024, Israeli forces targeted a gathering of Palestinians with gunfire at the beach in Rafah (coded to Al Mawasi (Rafah) leaving several injuries, including one critical injury.",0,,1762829569
PSE64343,12/4/2024,2024,1,Political violence,Violence against civilians,Attack,Military Forces of Israel (2022-),,8,Civilians (Palestine),Fishers (Palestine),7,78,Civilian targeting,275,Middle East,Palestine,Gaza Strip,Rafah,,Coast of Rafah,31.3474,34.2226,2,Quds News Network,National,"On 4 December 2024, Israeli forces targeted and killed a Palestinian fisher with gunfire in the sea in Rafah (coded to Coast of Rafah).",1,,1753956656
PSE64321,12/4/2024,2024,1,Political violence,Explosions/Remote violence,Air/drone strike,Military Forces of Israel (2022-),,8,Civilians (Palestine),Journalists (Palestine),7,78,Civilian targeting,275,Middle East,Palestine,Gaza Strip,North Gaza,,Jabalya,31.5272,34.4835,1,Palestine News and Information Agency,National,"On 4 December 2024, Israeli forces targeted the house of a journalist (likely by an airstrike) in Jabalya (North Gaza), injuring the journalist.",0,,1759790002
PSE64341,12/4/2024,2024,1,Political violence,Violence against civilians,Attack,Military Forces of Israel (2022-),,8,Civilians (Palestine),,7,78,Civilian targeting,275,Middle East,Palestine,Gaza Strip,North Gaza,,Jabalya,31.5272,34.4835,1,Palestine News and Information Agency,National,"On 4 December 2024, an Israeli sniper killed a man in Halabi Square in Jabalya (North Gaza, Gaza Strip).",1,,1759790002
PSE64335,12/4/2024,2024,1,Political violence,Explosions/Remote violence,Shelling/artillery/missile attack,Military Forces of Israel (2022-),,8,Civilians (Palestine),,7,78,Civilian targeting,275,Middle East,Palestine,Gaza Strip,Rafah,,Khirbet al Adas,31.2855,34.2714,1,Liveuamap,Local partner-New media,"On 4 December 2024, Israeli artillery shelled Khirbet al Adas (Rafah, Gaza Strip) injuring two people.",0,,1753956656
PSE64344,12/5/2024,2024,1,Political violence,Explosions/Remote violence,Air/drone strike,Military Forces of Israel (2022-),,8,Civilians (Palestine),,7,78,Civilian targeting,275,Middle East,Palestine,Gaza Strip,Deir El Balah,,An Nusayrat,31.4486,34.3925,1,Palestine News and Information Agency,National,"On 5 December 2024, Israeli airstrikes struck a residential home in An Nusayrat camp (Deir El Balah, Gaza Strip), resulting in 3 dead and others injured.",3,,1753956656
PSE64354,12/5/2024,2024,1,Political violence,Explosions/Remote violence,Air/drone strike,Military Forces of Israel (2022-),,8,Civilians (Palestine),Labor Group (Palestine),7,78,Civilian targeting,275,Middle East,Palestine,Gaza Strip,North Gaza,,Beit Lahiya,31.5541,34.5016,1,Palestine News and Information Agency; Quds News Network,National,"On 5 December 2024, Israeli drones targeted water tanks at the Indonesian Hospital in Beit Lahiya (North Gaza, Gaza Strip), resulting in three injuries among the technician staff. Also, Israeli warplanes struck a home in in the same area, resulting in several deaths and injuries. Unspecified number of fatalities coded as 3.",3,,1753956656
PSE64355,12/5/2024,2024,1,Political violence,Explosions/Remote violence,Air/drone strike,Military Forces of Israel (2022-),,8,Civilians (Palestine),Refugees/IDPs (Palestine),7,78,Civilian targeting,275,Middle East,Palestine,Gaza Strip,North Gaza,,Beit Lahiya - Al Mashroo,31.5433,34.4998,1,Palestine News and Information Agency,National,"On 5 December 2024, Israeli warplanes struck a home where IDPs were sheltering behind Kamal Odwan Hospital in Beit Lahiya - Al Mashroo (North Gaza, Gaza Strip), resulting in at least seven deaths and others being injured. Additionally, Israeli airstrikes targeted another home where IDPs were sheltering in Al Madaras Street in the same area, leading to several deaths and injuries. Total fatalities coded as 10 (at least 7 confirmed fatalities, 3 unspecified).",10,,1753956656
PSE64356,12/5/2024,2024,1,Political violence,Explosions/Remote violence,Air/drone strike,Military Forces of Israel (2022-),,8,Civilians (Palestine),,7,78,Civilian targeting,275,Middle East,Palestine,Gaza Strip,Gaza City,,Gaza - Shujaiyya,31.4988,34.4699,1,Palestine News and Information Agency,National,"On 5 December 2024, an Israeli drone (Quadcopter) struck a group of people in Gaza - Shujaiyya cemetery in (Gaza City, Gaza Strip), resulting in 3 deaths and a number of injuries. Also, Israeli warplanes struck a raid at Al Hussian street in the same area. Total fatalities coded as 3.",3,,1759790002
PSE64360,12/5/2024,2024,1,Political violence,Explosions/Remote violence,Shelling/artillery/missile attack,Military Forces of Israel (2022-),,8,Civilians (Palestine),,7,78,Civilian targeting,275,Middle East,Palestine,Gaza Strip,Deir El Balah,,An Nusayrat - West,31.4525,34.3756,1,Quds News Network,National,"On 5 December 2024, Israeli [likely] artillery fired heavily at An Nusayrat - West (Deir El Balah, Gaza Strip). Also, Israeli artillery struck residential homes in the same location. Casualties unknown.",0,,1753956656
PSE64367,12/5/2024,2024,1,Political violence,Explosions/Remote violence,Air/drone strike,Military Forces of Israel (2022-),,8,Civilians (Palestine),,7,78,Civilian targeting,275,Middle East,Palestine,Gaza Strip,Deir El Balah,,Al Burayj,31.4394,34.4031,1,Quds News Network,National,"On 5 December 2024, Israeli forces shot fire [likely drone] at the entrance of Al burayj camp (Deir El Balah), resulting in one injury.",0,,1753956656
PSE64368,12/5/2024,2024,1,Political violence,Explosions/Remote violence,Air/drone strike,Military Forces of Israel (2022-),,8,Civilians (Palestine),,7,78,Civilian targeting,275,Middle East,Palestine,Gaza Strip,Gaza City,,Gaza - Southern Remal,31.5168,34.4355,2,Quds News Network,National,"On 5 December 2024, Israeli warplanes struck a residential building near Al Hidar Al Abed Roundabout west of Gaza City, coded to Gaza - Southern Remal (Gaza City, Gaza Strip). Casualties unknown.",0,,1759790002
PSE64357,12/5/2024,2024,1,Political violence,Explosions/Remote violence,Air/drone strike,Military Forces of Israel (2022-),,8,Civilians (Palestine),,7,78,Civilian targeting,275,Middle East,Palestine,Gaza Strip,Rafah,,Khirbet al Adas,31.2855,34.2714,1,Palestine News and Information Agency,National,"On 5 December 2024, an Israeli drone struck a group of people in Khirbet al Adas ( Rafah, Gaza Strip), resulting in 2 dead.",2,,1753956656
PSE64345,12/5/2024,2024,1,Political violence,Explosions/Remote violence,Air/drone strike,Military Forces of Israel (2022-),,8,Civilians (Palestine),,7,78,Civilian targeting,275,Middle East,Palestine,Gaza Strip,Rafah,,Al Junainah,31.2642,34.2636,1,Palestine News and Information Agency,National,"On 5 December 2024, Israeli airstrikes struck Al Junainah neighborhood (Rafah, Gaza Strip), rescue operations pulled 3 bodies from under the rubble.",3,,1753956656
PSE64372,12/6/2024,2024,1,Political violence,Explosions/Remote violence,Air/drone strike,Military Forces of Israel (2022-),,8,Civilians (Palestine),,7,78,Civilian targeting,275,Middle East,Palestine,Gaza Strip,North Gaza,,Beit Lahiya - Al Mashroo,31.5433,34.4998,1,Palestine News and Information Agency; Quds News Network,National,"On 6 December 2024, Israeli warplanes struck a residential block and homes in the vicinity of Kamal Odwan Hospital in Beit Lahiya - Al Mashroo (North Gaza, Gaza Strip), resulting more than 30 deaths and many other injuries. Also, Israeli artillery struck Kamal Odwan Hospital. Total fatalities coded as at least 30.",30,,1753956656
PSE64385,12/6/2024,2024,1,Political violence,Explosions/Remote violence,Air/drone strike,Military Forces of Israel (2022-),,8,Civilians (Palestine),,7,78,Civilian targeting,275,Middle East,Palestine,Gaza Strip,Gaza City,,Gaza - Sabra,31.5086,34.4493,1,Quds News Network,National,"On 6 December 2024, Israeli airstrikes struck Gaza - Sabra area in (Gaza City, Gaza Strip), which led to injuries.",0,,1759790002
PSE64391,12/6/2024,2024,1,Political violence,Explosions/Remote violence,Air/drone strike,Military Forces of Israel (2022-),,8,Civilians (Palestine),,7,78,Civilian targeting,275,Middle East,Palestine,Gaza Strip,Rafah,,Tal as Sultan,31.3098,34.2414,1,Palestine News and Information Agency; Quds News Network,National,"On 6 December 2024, an Israeli drone struck a group of people in Al Shakshouk area northwest of Rafah coded to Tal as Sultan (Rafah, Gaza Strip), resulting in two dead and other injuries.",2,,1762829569
PSE64396,12/6/2024,2024,1,Political violence,Explosions/Remote violence,Air/drone strike,Military Forces of Israel (2022-),,8,Civilians (Palestine),,7,78,Civilian targeting,275,Middle East,Palestine,Gaza Strip,Deir El Balah,,Deir al Balah,31.4178,34.3503,1,Quds News Network,National,"On 6 December 2024, Israeli airstrikes struck a home in Al Barakeh street in Deir al Balah (Deir El Balah, Gaza Strip). Casualties unknown.",0,,1753956656
PSE64397,12/6/2024,2024,1,Political violence,Explosions/Remote violence,Air/drone strike,Military Forces of Israel (2022-),,8,Civilians (Palestine),,7,78,Civilian targeting,275,Middle East,Palestine,Gaza Strip,Deir El Balah,,An Nusayrat - West,31.4525,34.3756,1,Quds News Network,National,"On 6 December 2024, Israeli artillery struck An Nusayrat - West (Deir El Balah, Gaza Strip). Also, Israeli airstrikes struck a home where IDPs sheltering in Abu Zakaria's land coded to the same location, resulted in one dead and other injuries.",1,,1753956656
PSE64398,12/6/2024,2024,1,Political violence,Explosions/Remote violence,Air/drone strike,Military Forces of Israel (2022-),,8,Civilians (Palestine),,7,78,Civilian targeting,275,Middle East,Palestine,Gaza Strip,Deir El Balah,,Al Burayj,31.4394,34.4031,1,Quds News Network,National,"On 6 December 2024, Israeli warplanes heavily struck Al Burayj (Deir El Balah, Gaza Strip). Also, Israeli airstrikes struck Al Nour Mosque in block 9 in the same area, which led to injuries.",0,,1753956656
PSE64399,12/6/2024,2024,1,Political violence,Violence against civilians,Abduction/forced disappearance,Military Forces of Israel (2022-),,8,Civilians (Palestine),Health Workers (Palestine),7,78,Civilian targeting,275,Middle East,Palestine,Gaza Strip,North Gaza,,Beit Lahiya - Al Mashroo,31.5433,34.4998,1,Palestine News and Information Agency,National,"On 6 December 2024, Israeli forces raided Kamal Odwan Hospital, forced out, and arrested many medical staff members and patients in Beit Lahiya - Al Mashroo (North Gaza, Gaza Strip), [likely over 25 people were arrested].",0,,1772581279
PSE64378,12/6/2024,2024,1,Political violence,Explosions/Remote violence,Air/drone strike,Military Forces of Israel (2022-),,8,Civilians (Palestine),Refugees/IDPs (Palestine),7,78,Civilian targeting,275,Middle East,Palestine,Gaza Strip,Deir El Balah,,An Nusayrat,31.4486,34.3925,1,Ma'an News Agency; Palestine News and Information Agency,National,"On 6 December 2024, Israeli warplanes struck An Nusayrat Camp (Deir El Balah, Gaza Strip). Also, Israeli warplanes struck a home close to a cemetery in An Nusayrat (Deir El Balah, Gaza Strip), resulting in at least 22 dead, including 6 children and 5 women, and others injured. Total fatalities updated later to 25.",25,,1753956656
PSE64373,12/6/2024,2024,1,Political violence,Explosions/Remote violence,Air/drone strike,Military Forces of Israel (2022-),,8,Civilians (Palestine),Refugees/IDPs (Palestine),7,78,Civilian targeting,275,Middle East,Palestine,Gaza Strip,North Gaza,,Jabalya,31.5272,34.4835,1,Palestine News and Information Agency,National,"On 6 December 2024, Israeli warplanes struck a school sheltering IDPs in Jabalya (North Gaza, Gaza Strip), resulting in 2 dead.",2,,1759790002
PSE64389,12/6/2024,2024,1,Political violence,Explosions/Remote violence,Air/drone strike,Military Forces of Israel (2022-),,8,Civilians (Palestine),,7,78,Civilian targeting,275,Middle East,Palestine,Gaza Strip,Gaza City,,Gaza - Az Zaytun,31.4964,34.4522,1,Quds News Network,National,"On 6 December 2024, Israeli warplanes struck a home in Al Shahir street in Gaza - Az Zaytun (Gaza City, Gaza Strip). Also, Israeli warplanes struck a group of people in Keshko street in the same area, resulting in 4 dead and others injured.",4,,1759790002
PSE64374,12/6/2024,2024,1,Political violence,Explosions/Remote violence,Air/drone strike,Military Forces of Israel (2022-),,8,Civilians (Palestine),,7,78,Civilian targeting,275,Middle East,Palestine,Gaza Strip,Rafah,,Khirbet al Adas,31.2855,34.2714,1,Palestine News and Information Agency; Quds News Network,National,"On 6 December 2024, Israeli warplanes struck Khirbet al Adas (Rafah, Gaza Strip), resulting in 3 dead.",3,,1753956656
PSE64392,12/6/2024,2024,1,Political violence,Explosions/Remote violence,Air/drone strike,Military Forces of Israel (2022-),,8,Civilians (Palestine),,7,78,Civilian targeting,275,Middle East,Palestine,Gaza Strip,Rafah,,Rafah,31.287,34.2595,1,Quds News Network,National,"On 6 December 2024,Israeli warplanes struck Rafah (Rafah, Gaza Strip), resulting in one dead.",1,,1762829569
PSE64660,12/7/2024,2024,1,Political violence,Explosions/Remote violence,Air/drone strike,Military Forces of Israel (2022-),,8,Civilians (Palestine),Refugees/IDPs (Palestine),7,78,Civilian targeting,275,Middle East,Palestine,Gaza Strip,Deir El Balah,,Al Maghazi,31.4214,34.3865,1,Palestine News and Information Agency; Quds News Network,National,"On 7 December 2024, Israeli forces launched an airstrike on a land in Al Maghazi Camp (Deir El Balah, Gaza Strip) killing a woman and injuring several others.",1,,1753956656
PSE64663,12/7/2024,2024,1,Political violence,Explosions/Remote violence,Air/drone strike,Military Forces of Israel (2022-),,8,Civilians (Palestine),,7,78,Civilian targeting,275,Middle East,Palestine,Gaza Strip,Deir El Balah,,Deir al Balah,31.4178,34.3503,1,Quds News Network,National,"On 7 December 2024, Israeli forces, likely warplanes, targeted a house in Deir al Balah (Deir El Balah, Gaza Strip) killing 2 people.",2,,1753956656
PSE64664,12/7/2024,2024,1,Political violence,Explosions/Remote violence,Air/drone strike,Military Forces of Israel (2022-),,8,Civilians (Palestine),,7,78,Civilian targeting,275,Middle East,Palestine,Gaza Strip,Gaza City,,Gaza - Ash Shati' Camp,31.5349,34.4466,2,Palestine News and Information Agency; Quds News Network,National,"On 7 December 2024, Israeli warplanes targeted a house in al Karama neighborhood northwest of Gaza city, coded to Gaza - Ash Shati' Camp (Gaza City, Gaza Strip), killing 8 persons.",8,,1759790002
PSE64665,12/7/2024,2024,1,Political violence,Explosions/Remote violence,Air/drone strike,Military Forces of Israel (2022-),,8,Civilians (Palestine),,7,78,Civilian targeting,275,Middle East,Palestine,Gaza Strip,Gaza City,,Gaza - At Tuffah,31.5134,34.4751,1,Quds News Network,National,"On 7 December 2024, Israeli warplanes targeted a house in Gaza - At Tuffah (Gaza City, Gaza Strip) killing at least 3 people and injuring others.",3,,1759790002
PSE64666,12/7/2024,2024,1,Political violence,Explosions/Remote violence,Air/drone strike,Military Forces of Israel (2022-),,8,Civilians (Palestine),,7,78,Civilian targeting,275,Middle East,Palestine,Gaza Strip,Gaza City,,Gaza - Sabra,31.5086,34.4493,1,Quds News Network,National,"On 7 December 2024, Israeli warplanes targeted a house near Istajaba mosque in Gaza - Sabra (Gaza City, Gaza Strip) injuring one person.",0,,1759790002
PSE64667,12/7/2024,2024,1,Political violence,Explosions/Remote violence,Air/drone strike,Military Forces of Israel (2022-),,8,Civilians (Palestine),,7,78,Civilian targeting,275,Middle East,Palestine,Gaza Strip,Gaza City,,Gaza - Sheikh Radwan,31.5349,34.4667,1,Palestine News and Information Agency,National,"On 7 December 2024, Israeli warplanes targeted Gaza - Sheikh Radwan (Gaza City, Gaza Strip) killing 1 person and injuring others.",1,,1759790002
PSE64668,12/7/2024,2024,1,Political violence,Explosions/Remote violence,Air/drone strike,Military Forces of Israel (2022-),,8,Civilians (Palestine),Refugees/IDPs (Palestine),7,78,Civilian targeting,275,Middle East,Palestine,Gaza Strip,Gaza City,,Gaza - Sheikh Radwan,31.5349,34.4667,2,Palestine News and Information Agency,National,"On 7 December 2024, Israeli warplanes targeted a house sheltering IDPs in north of Gaza City, coded to Gaza - Sheikh Radwan (Gaza City, Gaza Strip) killing 4 people. On the same day, Israeli warplanes also targeted a house on Ahmad Yassin street in north Gaza city, coded to the same location. Casualties unknown. Total confirmed fatalities is at least 4.",4,,1759790002
PSE64669,12/7/2024,2024,1,Political violence,Explosions/Remote violence,Air/drone strike,Military Forces of Israel (2022-),,8,Civilians (Palestine),,7,78,Civilian targeting,275,Middle East,Palestine,Gaza Strip,Gaza City,,Gaza - Southern Remal,31.5168,34.4355,1,Palestine News and Information Agency; Quds News Network,National,"On 7 December 2024, Israeli forces launched an airstrike on the Industrial junction in Gaza - Southern Remal (Gaza City, Gaza Strip) killing 3 people and injuring others.",3,,1759790002
PSE64670,12/7/2024,2024,1,Political violence,Explosions/Remote violence,Air/drone strike,Military Forces of Israel (2022-),,8,Civilians (Palestine),,7,78,Civilian targeting,275,Middle East,Palestine,Gaza Strip,Khan Yunis,,Bani Suheila,31.3424,34.325,2,Quds News Network,National,"On 7 December 2024, an Israeli drone targeted east of Khan Yunis city, coded to Bani Suheila (Khan Yunis, Gaza Strip) injuring several people.",0,,1753956656
PSE64671,12/7/2024,2024,1,Political violence,Explosions/Remote violence,Air/drone strike,Military Forces of Israel (2022-),,8,Civilians (Palestine),Refugees/IDPs (Palestine),7,78,Civilian targeting,275,Middle East,Palestine,Gaza Strip,Khan Yunis,,Khan Yunis,31.3502,34.3081,1,Quds News Network,National,"On 7 December 2024, Israeli forces, likely warplanes, targeted a tent belonging to displaced people in Al Namsawi of Khan Yunis (Khan Yunis, Gaza Strip) killing 1 person and injuring others.",1,,1753956656
PSE64674,12/7/2024,2024,1,Political violence,Explosions/Remote violence,Air/drone strike,Military Forces of Israel (2022-),,8,Civilians (Palestine),Health Workers (Palestine),7,78,Civilian targeting,275,Middle East,Palestine,Gaza Strip,North Gaza,,Beit Lahiya - Al Mashroo,31.5433,34.4998,1,Dunia Al Watan; Palestine News and Information Agency; Quds News Network,National,"On 7 December 2024, Israeli warplanes targeted a house near Kamal Adwan Hospital in Beit Lahiya - Al Mashroo (North Gaza, Gaza Strip), killing at least 4 persons (a Palestinian doctor, his wife and their kids). Also, Israeli artillery targeted an ambulance, killing a paramedic and injuring 2 medical staff. Total confirmed fatalities is at least 5.",5,,1753956656
PSE64677,12/7/2024,2024,1,Political violence,Explosions/Remote violence,Air/drone strike,Military Forces of Israel (2022-),,8,Civilians (Palestine),,7,78,Civilian targeting,275,Middle East,Palestine,Gaza Strip,North Gaza,,Jabalya Camp,31.536,34.4907,2,Newpress; Twitter,New media-National,"On 7 December 2024, an Israeli drone fires at houses in Seftawi area, west of Jabalya Camp (North Gaza, Gaza Strip). Casualties unknown.",0,,1753956656
PSE64680,12/7/2024,2024,1,Political violence,Explosions/Remote violence,Air/drone strike,Military Forces of Israel (2022-),,8,Civilians (Palestine),,7,78,Civilian targeting,275,Middle East,Palestine,Gaza Strip,Rafah,,Al Mawasi (Rafah),31.3294,34.2299,2,Palestine News and Information Agency,National,"On 7 December 2024, Israeli warplanes targeted a group of people on the beach of Rafah city (coded to Al Mawasi (Rafah), Gaza Strip) killing 1 person and injuring others.",1,,1762829569
PSE64681,12/7/2024,2024,1,Political violence,Explosions/Remote violence,Shelling/artillery/missile attack,Military Forces of Israel (2022-),,8,Civilians (Palestine),,7,78,Civilian targeting,275,Middle East,Palestine,Gaza Strip,Rafah,,Al Mawasi (Rafah),31.3294,34.2299,1,Palestine News and Information Agency; Quds News Network,National,"On 7 December 2024, Israeli forces [likely artillery] opened fired at Al Mawasi (Rafah) (Rafah, Gaza Strip) killing one person.",1,,1762829569
PSE64683,12/7/2024,2024,1,Political violence,Explosions/Remote violence,Air/drone strike,Military Forces of Israel (2022-),,8,Civilians (Palestine),,7,78,Civilian targeting,275,Middle East,Palestine,Gaza Strip,Rafah,,Yibna,31.2842,34.2482,2,Palestine News and Information Agency,National,"On 7 December 2024, Israeli warplanes targeted east of Rafah city, coded to Yibna (Rafah, Gaza Strip) killing 2 people on a motorcycle, they also targeted a group of people in the same location killing 3. Total confirmed fatalities is 5.",5,,1753956656
PSE64675,12/7/2024,2024,1,Political violence,Explosions/Remote violence,Air/drone strike,Military Forces of Israel (2022-),,8,Civilians (Palestine),,7,78,Civilian targeting,275,Middle East,Palestine,Gaza Strip,North Gaza,,Jabalya,31.5272,34.4835,1,Ma'an News Agency,National,"On 7 December 2024, an Israeli drone targeted Jabalya town (North Gaza, Gaza Strip) killing two people. On the same day, Israeli artillery also targeted Jabalya town. Casualties unknown. Total confirmed casualties is at least 2.",2,,1759790002
PSE64682,12/7/2024,2024,1,Political violence,Explosions/Remote violence,Air/drone strike,Military Forces of Israel (2022-),,8,Civilians (Palestine),,7,78,Civilian targeting,275,Middle East,Palestine,Gaza Strip,Rafah,,Khirbet al Adas,31.2855,34.2714,1,Quds News Network,National,"On 7 December 2024, an Israeli drone targeted Khirbet al Adas (Rafah, Gaza Strip) killing 1 person.",1,,1753956656
PSE64654,12/8/2024,2024,1,Political violence,Explosions/Remote violence,Air/drone strike,Military Forces of Israel (2022-),,8,Civilians (Palestine),Health Workers (Palestine),7,78,Civilian targeting,275,Middle East,Palestine,Gaza Strip,North Gaza,,Beit Lahiya - Al Mashroo,31.5433,34.4998,1,Quds News Network,National,"On 8 December 2024, Israeli vehicles targeted Kamal Adwan Hospital in Beit Lahiya - Al Mashroo (North Gaza, Gaza Strip) with explosive bullets injuring 2 people. Israeli warplanes and drones also targeted houses in the vicinity of the hospital. Casualties unknown.",0,,1753956656
PSE64684,12/8/2024,2024,1,Political violence,Explosions/Remote violence,Air/drone strike,Military Forces of Israel (2022-),,8,Civilians (Palestine),Refugees/IDPs (Palestine),7,78,Civilian targeting,275,Middle East,Palestine,Gaza Strip,Deir El Balah,,Al Burayj,31.4394,34.4031,1,Palestine News and Information Agency,National,"On 8 December 2024, Israeli warplanes targeted a house near the old cemetery in Al Burayj camp (Deir El Balah, Gaza Strip) killing 15 people (including women and children) and injuring others.",15,,1753956656
PSE64686,12/8/2024,2024,1,Political violence,Explosions/Remote violence,Air/drone strike,Military Forces of Israel (2022-),,8,Civilians (Palestine),Refugees/IDPs (Palestine),7,78,Civilian targeting,275,Middle East,Palestine,Gaza Strip,Deir El Balah,,Al Musaddar,31.4105,34.378,2,Palestine News and Information Agency,National,"On 8 December 2024, Israeli forces, likely warplanes, targeted an IDP tent in Mashaaleh area, southwest of Deir el Balah, coded to Al Musaddar (Deir El Balah, Gaza Strip) and killed 5 people and injured others.",5,,1765850627
PSE64687,12/8/2024,2024,1,Political violence,Explosions/Remote violence,Air/drone strike,Military Forces of Israel (2022-),,8,Civilians (Palestine),Refugees/IDPs (Palestine),7,78,Civilian targeting,275,Middle East,Palestine,Gaza Strip,Deir El Balah,,An Nusayrat,31.4486,34.3925,1,Palestine News and Information Agency; Quds News Network,National,"On 8 December 2024, an Israeli drone targeted a vehicle on Street 18 of Block C in An Nusayrat camp (Deir El Balah, Gaza Strip) killing 2 people and injuring others. Israeli warplanes also targeted a house in Yafa tower in the same location injuring several people.",2,,1753956656
PSE64690,12/8/2024,2024,1,Political violence,Explosions/Remote violence,Air/drone strike,Military Forces of Israel (2022-),,8,Civilians (Palestine),,7,78,Civilian targeting,275,Middle East,Palestine,Gaza Strip,Deir El Balah,,An Nusayrat - West,31.4525,34.3756,1,Quds News Network,National,"On 8 December 2024, Israeli forces, likely warplanes, targeted the An Nusayrat - West (Deir El Balah, Gaza Strip) killing 2 people and injuring others.",2,,1753956656
PSE64691,12/8/2024,2024,1,Political violence,Explosions/Remote violence,Air/drone strike,Military Forces of Israel (2022-),,8,Civilians (Palestine),Refugees/IDPs (Palestine),7,78,Civilian targeting,275,Middle East,Palestine,Gaza Strip,Deir El Balah,,Az Zawayda,31.4284,34.366,1,Palestine News and Information Agency,National,"On 8 December 2024, Israeli forces, likely warplanes, targeted an IDP tent in Az Zawayda (Deir El Balah, Gaza Strip) killing a man and his wife, and injuring their child.",2,,1767742780
PSE64693,12/8/2024,2024,1,Political violence,Explosions/Remote violence,Air/drone strike,Military Forces of Israel (2022-),,8,Civilians (Palestine),,7,78,Civilian targeting,275,Middle East,Palestine,Gaza Strip,Gaza City,,Gaza,31.5045,34.4743,1,Palestine News and Information Agency,National,"On 8 December 2024, Israeli forces, likely warplanes, targeted a group of people in Omar Al Mukhtar Street in Gaza (Gaza City, Gaza Strip) killing 10 and injuring others. Israeli forces, likely warplanes, also targeted a house in the Al Yarmouk Street killing a woman. Total confirmed fatalities is 11.",11,,1759790002
PSE64694,12/8/2024,2024,1,Political violence,Explosions/Remote violence,Air/drone strike,Military Forces of Israel (2022-),,8,Civilians (Palestine),,7,78,Civilian targeting,275,Middle East,Palestine,Gaza Strip,Gaza City,,Gaza - At Tuffah,31.5134,34.4751,1,Quds News Network,National,"On 8 December 2024, an Israeli drone targeted Zarqa area in Gaza - At Tuffah (Gaza City, Gaza Strip) killing 1 person and injuring others.",1,,1759790002
PSE64698,12/8/2024,2024,1,Political violence,Explosions/Remote violence,Air/drone strike,Military Forces of Israel (2022-),,8,Civilians (Palestine),,7,78,Civilian targeting,275,Middle East,Palestine,Gaza Strip,Gaza City,,Gaza - Sheikh Radwan,31.5349,34.4667,1,Quds News Network,National,"On 8 December 2024, Israeli warplanes targeted a house in Gaza - Sheikh Radwan (Gaza City, Gaza Strip). Casualties unknown.",0,,1759790002
PSE64701,12/8/2024,2024,1,Political violence,Explosions/Remote violence,Air/drone strike,Military Forces of Israel (2022-),,8,Civilians (Palestine),Health Workers (Palestine),7,78,Civilian targeting,275,Middle East,Palestine,Gaza Strip,North Gaza,,Beit Lahiya,31.5541,34.5016,1,Palestine News and Information Agency; Quds News Network,National,"On 8 December 2024, Israeli warplanes and artillery targeted several times Beit Lahiya (North Gaza, Gaza Strip). An Israeli drone killed one man in that location, and 6 health workers were injured as Israeli forces targeted (likely airstrikes) the Indonesian Hospital in the city.",1,,1753956656
PSE64708,12/8/2024,2024,1,Political violence,Explosions/Remote violence,Air/drone strike,Military Forces of Israel (2022-),,8,Civilians (Palestine),,7,78,Civilian targeting,275,Middle East,Palestine,Gaza Strip,North Gaza,,Jabalya Camp,31.536,34.4907,1,Quds News Network,National,"On 8 December 2024, Israeli warplanes targeted a house in Jabalya Camp while artillery shelled the western areas of the camp (North Gaza, Gaza Strip). Casualties unknown.",0,,1753956656
PSE64712,12/8/2024,2024,1,Political violence,Explosions/Remote violence,Air/drone strike,Military Forces of Israel (2022-),,8,Civilians (Palestine),,7,78,Civilian targeting,275,Middle East,Palestine,Gaza Strip,Rafah,,An Nasr,31.2814,34.3025,1,Quds News Network,National,"On 8 December 2024, Israeli warplanes targeted a house in An Nasr (Rafah, Gaza Strip). Casualties unknown.",0,,1753956656
PSE64700,12/8/2024,2024,1,Political violence,Explosions/Remote violence,Air/drone strike,Military Forces of Israel (2022-),,8,Civilians (Palestine),,7,78,Civilian targeting,275,Middle East,Palestine,Gaza Strip,Gaza City,,Gaza - Tal el Hawa,31.5041,34.435,1,Quds News Network,National,"On 8 December 2024, Israeli forces, likely warplanes, targeted Gaza - Tal el Hawa (Gaza City, Gaza Strip) killing 1 man.",1,,1759790002
PSE64704,12/8/2024,2024,1,Political violence,Explosions/Remote violence,Air/drone strike,Military Forces of Israel (2022-),,8,Civilians (Palestine),Health Workers (Palestine),7,78,Civilian targeting,275,Middle East,Palestine,Gaza Strip,North Gaza,,Jabalya,31.5272,34.4835,1,Newpress; Twitter,New media-National,"On 8 December 2024, Israeli forces targeted (likely shelling) and killed a health worker near the Awada Hospital in Jabalya town (North Gaza, Gaza Strip). Also, warplanes targeted a group of people in Jabalya, injuring several of them.",1,,1759790002
PSE64713,12/8/2024,2024,1,Political violence,Explosions/Remote violence,Air/drone strike,Military Forces of Israel (2022-),,8,Civilians (Palestine),,7,78,Civilian targeting,275,Middle East,Palestine,Gaza Strip,Rafah,,Khirbet al Adas,31.2855,34.2714,1,Newpress; Palestine News and Information Agency; Quds News Network; Twitter,New media-National,"On 8 December 2024, Israeli drones targeted a group of people in Khirbet al Adas (Rafah, Gaza Strip) killing 5 and injuring others.",5,,1753956656
PSE64715,12/8/2024,2024,1,Political violence,Explosions/Remote violence,Air/drone strike,Military Forces of Israel (2022-),,8,Civilians (Palestine),,7,78,Civilian targeting,275,Middle East,Palestine,Gaza Strip,Rafah,,Rafah,31.287,34.2595,1,Quds News Network,National,"On 8 December 2024, Israeli warplanes targeted a house in Rafah city (Rafah, Gaza Strip). Casualties unknown. Israeli artillery also targeted the city on the same day. Casualties unknown.",0,,1762829569
PSE64639,12/9/2024,2024,1,Political violence,Explosions/Remote violence,Air/drone strike,Military Forces of Israel (2022-),,8,Civilians (Palestine),Refugees/IDPs (Palestine),7,78,Civilian targeting,275,Middle East,Palestine,Gaza Strip,Deir El Balah,,An Nusayrat,31.4486,34.3925,1,Ma'an News Agency; Palestine News and Information Agency; Quds News Network,National,"On 9 December 2024, Israeli warplanes targeted a house in An Nusayrat Camp (Deir El Balah, Gaza Strip) killing at least one person. Israeli artillery also targeted the same location injuring individuals.",1,,1753956656
PSE64718,12/9/2024,2024,1,Political violence,Explosions/Remote violence,Air/drone strike,Military Forces of Israel (2022-),,8,Civilians (Palestine),Refugees/IDPs (Palestine),7,78,Civilian targeting,275,Middle East,Palestine,Gaza Strip,Deir El Balah,,Al Maghazi,31.4214,34.3865,1,Ma'an News Agency; Quds News Network,National,"On 9 December 2024, Israeli warplanes targeted Al Maghazi camp (Deir El Balah, Gaza Strip) killing 5 people and injuring others. Israeli artillery targeted a house in Al Maghazi camp injuring people. Total fatalities is 5.",5,,1753956656
PSE64720,12/9/2024,2024,1,Political violence,Explosions/Remote violence,Air/drone strike,Military Forces of Israel (2022-),,8,Civilians (Palestine),,7,78,Civilian targeting,275,Middle East,Palestine,Gaza Strip,Deir El Balah,,Al Musaddar,31.4105,34.378,2,Quds News Network,National,"On 9 December 2024, Israeli warplanes targeted a house east of Al Musaddar (Deir El Balah, Gaza Strip). Casualties unknown.",0,,1765850627
PSE64726,12/9/2024,2024,1,Political violence,Explosions/Remote violence,Air/drone strike,Military Forces of Israel (2022-),,8,Civilians (Palestine),,7,78,Civilian targeting,275,Middle East,Palestine,Gaza Strip,Gaza City,,Gaza - Sheikh Radwan,31.5349,34.4667,1,Quds News Network,National,"On 9 December 2024, Israeli forces, likely warplanes, targeted a house in Gaza - Sheikh Radwan (Gaza City, Gaza Strip) killing 1 person and injuring others.",1,,1759790002
PSE64727,12/9/2024,2024,1,Political violence,Explosions/Remote violence,Air/drone strike,Military Forces of Israel (2022-),,8,Civilians (Palestine),,7,78,Civilian targeting,275,Middle East,Palestine,Gaza Strip,Khan Yunis,,Bani Suheila,31.3424,34.325,2,Quds News Network,National,"On 9 December 2024, an Israeli drone targeted east of Khan Yunis, coded to Bani Suheila (Khan Yunis, Gaza Strip) killing 1 person.",1,,1753956656
PSE64731,12/9/2024,2024,1,Political violence,Explosions/Remote violence,Air/drone strike,Military Forces of Israel (2022-),,8,Civilians (Palestine),,7,78,Civilian targeting,275,Middle East,Palestine,Gaza Strip,North Gaza,,Beit Lahiya - Al Mashroo,31.5433,34.4998,1,Palestine News and Information Agency; Quds News Network,National,"On 9 December 2024, Israeli warplanes targeted residential buildings near Kamal Adwan Hospital in Beit Lahiya - al Mashroo (North Gaza, Gaza Strip) killing and injuring people [unspecified number of fatalities coded to 3]. Israeli artillery also shelled Rabet area in the same location. Casualties unknown.",3,,1753956656
PSE64732,12/9/2024,2024,1,Political violence,Explosions/Remote violence,Air/drone strike,Military Forces of Israel (2022-),,8,Civilians (Palestine),,7,78,Civilian targeting,275,Middle East,Palestine,Gaza Strip,North Gaza,,Beit Lahiya - Ezbet Beit Hanoun,31.5472,34.5225,1,Palestine News and Information Agency; Quds News Network,National,"On 9 December 2024, an Israeli airstrike on houses in Beit Lahiya - Ezbet Beit Hanoun (North Gaza, Gaza Strip) killed 25 people and injured others.",25,,1753956656
PSE64734,12/9/2024,2024,1,Political violence,Explosions/Remote violence,Shelling/artillery/missile attack,Military Forces of Israel (2022-),,8,Civilians (Palestine),Refugees/IDPs (Palestine),7,78,Civilian targeting,275,Middle East,Palestine,Gaza Strip,North Gaza,,Jabalya Camp,31.536,34.4907,1,Palestine News and Information Agency,National,"On 9 December 2024, Israeli forces, likely artillery, targeted Jabalya Camp (North Gaza, Gaza Strip) killing and injuring people [unspecified number of fatalities coded to 3].",3,,1753956656
PSE64738,12/9/2024,2024,1,Political violence,Explosions/Remote violence,Shelling/artillery/missile attack,Military Forces of Israel (2022-),,8,Civilians (Palestine),Refugees/IDPs (Palestine),7,78,Civilian targeting,275,Middle East,Palestine,Gaza Strip,Rafah,,Al Mawasi (Rafah),31.3294,34.2299,1,Quds News Network,National,"On 9 December 2024, Israeli artillery targeted IDP tents in Al Mawasi (Rafah) (Rafah, Gaza Strip). Casualties unknown.",0,,1762829569
PSE64741,12/9/2024,2024,1,Political violence,Explosions/Remote violence,Shelling/artillery/missile attack,Military Forces of Israel (2022-),,8,Civilians (Palestine),,7,78,Civilian targeting,275,Middle East,Palestine,Gaza Strip,Rafah,,Yibna,31.2842,34.2482,2,Palestine News and Information Agency,National,"On 9 December 2024, Israeli forces, likely artillery, targeted east of Rafah city, coded to Yibna (Rafah, Gaza Strip) killing 2 individuals.",2,,1753956656
PSE64739,12/9/2024,2024,1,Political violence,Explosions/Remote violence,Shelling/artillery/missile attack,Military Forces of Israel (2022-),,8,Civilians (Palestine),,7,78,Civilian targeting,275,Middle East,Palestine,Gaza Strip,Rafah,,Khirbet al Adas,31.2855,34.2714,2,Palestine News and Information Agency,National,"On 9 December 2024, Israeli forces, likely artillery, targeted north of Rafah city, coded to Khirbet al Adas (Rafah, Gaza Strip), killing 1 person.",1,,1753956656
PSE64640,12/10/2024,2024,1,Political violence,Explosions/Remote violence,Air/drone strike,Military Forces of Israel (2022-),,8,Civilians (Palestine),Refugees/IDPs (Palestine),7,78,Civilian targeting,275,Middle East,Palestine,Gaza Strip,Deir El Balah,,An Nusayrat,31.4486,34.3925,1,Newpress; Palestine News and Information Agency; Twitter,New media-National,"On 10 December 2024, Israeli warplanes targeted a house in An Nusayrat (Deir El Balah, Gaza Strip) killing 7 people and injuring others. Total confirmed fatalities is at least 7. On the same day, Israeli warships targeted western parts of the camp. Casualties unknown.",7,,1753956656
PSE64646,12/10/2024,2024,1,Political violence,Explosions/Remote violence,Air/drone strike,Military Forces of Israel (2022-),,8,Civilians (Palestine),Refugees/IDPs (Palestine),7,78,Civilian targeting,275,Middle East,Palestine,Gaza Strip,North Gaza,,Beit Lahiya - Al Mashroo,31.5433,34.4998,1,Newpress; Quds News Network; Twitter,New media-National,"On 10 December 2024, Israeli warplanes, quadcopter drones and artillery targeted houses in the vicinity of Kamal Adwan Hospital in Beit Lahiya - Al Mashroo (North Gaza, Gaza Strip). One of the houses sheltering IDPs was targeted killing a big number of people. Searches are ongoing by medical teams. Unspecified number of fatalities coded to 3.",3,,1753956656
PSE64652,12/10/2024,2024,1,Political violence,Explosions/Remote violence,Shelling/artillery/missile attack,Military Forces of Israel (2022-),,8,Civilians (Palestine),Fishers (Palestine),7,78,Civilian targeting,275,Middle East,Palestine,Gaza Strip,Deir El Balah,,An Nusayrat - West,31.4525,34.3756,1,Quds News Network,National,"On 10 December 2024, Israeli forces, likely warships, targeted An Nusayrat - West (Deir El Balah, Gaza Strip) killing a Palestinian fisherman. On the same day, Israeli forces, likely warplanes, targeted west of the camp, killing and injuring people. Unspecified fatalities coded to 3.",4,,1753956656
PSE64742,12/10/2024,2024,1,Political violence,Explosions/Remote violence,Air/drone strike,Military Forces of Israel (2022-),,8,Civilians (Palestine),Refugees/IDPs (Palestine),7,78,Civilian targeting,275,Middle East,Palestine,Gaza Strip,Deir El Balah,,Al Burayj,31.4394,34.4031,1,Palestine News and Information Agency,National,"On 10 December 2024, Israeli warplanes targeted Block 9 in Al Burayj camp (Deir El Balah, Gaza Strip) injuring several people.",0,,1753956656
PSE64746,12/10/2024,2024,1,Political violence,Explosions/Remote violence,Air/drone strike,Military Forces of Israel (2022-),,8,Civilians (Palestine),,7,78,Civilian targeting,275,Middle East,Palestine,Gaza Strip,Gaza City,,Gaza,31.5045,34.4743,1,Quds News Network,National,"On 10 December 2024, Israeli warplanes targeted a house in Gaza (Gaza City, Gaza Strip). Casualties unknown.",0,,1759790002
PSE64747,12/10/2024,2024,1,Political violence,Explosions/Remote violence,Shelling/artillery/missile attack,Military Forces of Israel (2022-),,8,Civilians (Palestine),,7,78,Civilian targeting,275,Middle East,Palestine,Gaza Strip,Gaza City,,Gaza - Ash Shati' Camp,31.5349,34.4466,2,Quds News Network,National,"On 10 December 2024, Israeli tanks fired at houses in Mashroo Amer area in northwest of Gaza City, coded to Gaza - Ash Shati' Camp (Gaza City, Gaza Strip). Casualties unknown.",0,,1759790002
PSE64751,12/10/2024,2024,1,Political violence,Explosions/Remote violence,Air/drone strike,Military Forces of Israel (2022-),,8,Civilians (Palestine),,7,78,Civilian targeting,275,Middle East,Palestine,Gaza Strip,Gaza City,,Gaza - Sheikh Radwan,31.5349,34.4667,2,Palestine News and Information Agency,National,"On 10 December 2024, Israeli warplanes targeted a six-floored house in north of Gaza - Sheikh Radwan (Gaza City, Gaza Strip) killing and injuring people with searches ongoing under the rubble. Unspecified fatalities coded to 3.",3,,1759790002
PSE64748,12/10/2024,2024,1,Political violence,Explosions/Remote violence,Air/drone strike,Military Forces of Israel (2022-),,8,Civilians (Palestine),,7,78,Civilian targeting,275,Middle East,Palestine,Gaza Strip,Gaza City,,Gaza - Az Zaytun,31.4964,34.4522,2,Quds News Network,National,"On 10 December 2024, an Israeli drone targeted a group of people in Sekka street, east of Gaza - Az Zaytun (Gaza City, Gaza Strip) injuring some of them.",0,,1759790002
PSE64762,12/10/2024,2024,1,Political violence,Explosions/Remote violence,Air/drone strike,Military Forces of Israel (2022-),,8,Civilians (Palestine),,7,78,Civilian targeting,275,Middle East,Palestine,Gaza Strip,Rafah,,Khirbet al Adas,31.2855,34.2714,2,Palestine News and Information Agency,National,"On 10 December 2024, an Israeli drone targeted a group of people north of Rafah city, coded to Khirbet al Adas (Rafah, Gaza Strip) killing 3 and injuring others. Another Israeli drone targeted Shakoush area in northwest of the city, killing 2 people.",5,,1753956656
PSE64763,12/10/2024,2024,1,Political violence,Explosions/Remote violence,Air/drone strike,Military Forces of Israel (2022-),,8,Civilians (Palestine),,7,78,Civilian targeting,275,Middle East,Palestine,Gaza Strip,Rafah,,Khirbet al Adas,31.2855,34.2714,1,Quds News Network,National,"On 10 December 2024, an Israeli drone targeted Khirbet al Adas (Rafah, Gaza Strip) killing 1 person.",1,,1753956656
PSE64645,12/11/2024,2024,1,Political violence,Explosions/Remote violence,Air/drone strike,Military Forces of Israel (2022-),,8,Civilians (Palestine),Refugees/IDPs (Palestine),7,78,Civilian targeting,275,Middle East,Palestine,Gaza Strip,Deir El Balah,,Al Burayj,31.4394,34.4031,1,Quds News Network,National,"On 11 December 2024, Israeli artillery struck heavily the vicinity of Al Nuzair roundabout in block 12 in Al Burayj Camp (Deir El Balah, Gaza Strip). Israeli warplanes struck a home in block 12 in the same location. Casualties unknown.",0,,1753956656
PSE64647,12/11/2024,2024,1,Political violence,Explosions/Remote violence,Air/drone strike,Military Forces of Israel (2022-),,8,Civilians (Palestine),Journalists (Palestine),7,78,Civilian targeting,275,Middle East,Palestine,Gaza Strip,Gaza City,,Gaza - Sheikh Radwan,31.5349,34.4667,1,Dunia Al Watan; Ma'an News Agency; Palestine News and Information Agency,National,"On 11 December 2024, Israeli warplanes struck a residential building in Gaza - Sheikh Radwan (Gaza City, Gaza Strip), resulting in 5 dead, including a female journalist and her family members.",5,,1759790002
PSE64655,12/11/2024,2024,1,Political violence,Explosions/Remote violence,Air/drone strike,Military Forces of Israel (2022-),,8,Civilians (Palestine),,7,78,Civilian targeting,275,Middle East,Palestine,Gaza Strip,North Gaza,,Beit Lahiya - Al Mashroo,31.5433,34.4998,1,Palestine News and Information Agency,National,"On 11 December 2024, Israeli warplanes struck a home and a group of people in the vicinity and at the entrance of Kamal Odwan Hospital in Beit Lahiya - Al Mashroo (North Gaza, Gaza Strip), with 22 dead pulled from under the rubble and others injured or missing. Additionally, Israeli warplanes and artillery struck the vicinity of Kamal Odwan Hospital. Israeli forces also used explosive-laden remotely operated vehicles (robots) in the vicinity of the hospital, causing damage to its structure. Israeli artillery shelling also targeted residential homes in Abou Jidyan roundabout. Total fatalities coded as 22.",22,,1759179058
PSE64766,12/11/2024,2024,1,Political violence,Explosions/Remote violence,Air/drone strike,Military Forces of Israel (2022-),,8,Civilians (Palestine),,7,78,Civilian targeting,275,Middle East,Palestine,Gaza Strip,Deir El Balah,,Al Maghazi,31.4214,34.3865,2,Palestine News and Information Agency; Quds News Network,National,"On 11 December 2024, An Israeli drone 'Quadcopter' fired live shots east of Al Maghazi (Deir El Balah, Gaza Strip), resulting in one dead.",1,,1753956656
PSE64767,12/11/2024,2024,1,Political violence,Explosions/Remote violence,Air/drone strike,Military Forces of Israel (2022-),,8,Civilians (Palestine),Refugees/IDPs (Palestine),7,78,Civilian targeting,275,Middle East,Palestine,Gaza Strip,Deir El Balah,,An Nusayrat,31.4486,34.3925,2,Palestine News and Information Agency,National,"On 11 December 2024, Israeli warplanes struck block C in east of An Nusayrat Camp coded to An Nusayrat (Deir El Balah, Gaza Strip), resulting in 16 injuries and four dead.",4,,1753956656
PSE64769,12/11/2024,2024,1,Political violence,Explosions/Remote violence,Air/drone strike,Military Forces of Israel (2022-),,8,Civilians (Palestine),,7,78,Civilian targeting,275,Middle East,Palestine,Gaza Strip,Deir El Balah,,An Nusayrat - South,31.4389,34.3815,2,Newpress,National,"On 11 December 2024, Israeli warplanes struck a home in Al Saffeen area southwest of An Nusayrat coded to An Nusayrat - South (Deir El Balah, Gaza Strip), resulting in 7 dead and 6 injured.",7,,1753956656
PSE64770,12/11/2024,2024,1,Political violence,Explosions/Remote violence,Air/drone strike,Military Forces of Israel (2022-),,8,Civilians (Palestine),,7,78,Civilian targeting,275,Middle East,Palestine,Gaza Strip,Deir El Balah,,An Nusayrat - West,31.4525,34.3756,1,Palestine News and Information Agency,National,"On 11 December 2024, Israeli warplanes struck a home in An Nusayrat - West (Deir El Balah, Gaza Strip), resulting in 8 dead and others injured.",8,,1753956656
PSE64771,12/11/2024,2024,1,Political violence,Explosions/Remote violence,Air/drone strike,Military Forces of Israel (2022-),,8,Civilians (Palestine),,7,78,Civilian targeting,275,Middle East,Palestine,Gaza Strip,Deir El Balah,,Az Zawayda,31.4284,34.366,2,Palestine News and Information Agency; Quds News Network,National,"On 11 December 2024, Israeli warplanes struck a home in Abou Jabara area east of Az Zawayda (Deir El Balah, Gaza Strip), resulting in one dead [child] and a number of injuries.",1,,1767742780
PSE64772,12/11/2024,2024,1,Political violence,Explosions/Remote violence,Shelling/artillery/missile attack,Military Forces of Israel (2022-),,8,Civilians (Palestine),Fishers (Palestine),7,78,Civilian targeting,275,Middle East,Palestine,Gaza Strip,Deir El Balah,,Coast of Deir al Balah,31.4323,34.3283,2,Quds News Network,National,"On 11 December 2024, Israeli naval boats fired at a fisherman [likely targeting his boat] in the sea near Deir El Balah, coded to off the Coast of Deir al Balah (Deir El Balah, Gaza Strip), leaving him seriously injured.",0,,1764045690
PSE64773,12/11/2024,2024,1,Political violence,Explosions/Remote violence,Air/drone strike,Military Forces of Israel (2022-),,8,Civilians (Palestine),Refugees/IDPs (Palestine),7,78,Civilian targeting,275,Middle East,Palestine,Gaza Strip,Deir El Balah,,Deir al Balah,31.4178,34.3503,1,Palestine News and Information Agency,National,"On 11 December 2024, Israeli drones struck a group of people near Deir El Balah school where IDPs are sheltering in Deir al Balah (Deir El Balah, Gaza Strip), resulting in one dead and others injured.",1,,1753956656
PSE64774,12/11/2024,2024,1,Political violence,Explosions/Remote violence,Air/drone strike,Military Forces of Israel (2022-),,8,Civilians (Palestine),,7,78,Civilian targeting,275,Middle East,Palestine,Gaza Strip,Deir El Balah,,Deir al Balah Camp,31.4249,34.34,2,Palestine News and Information Agency,National,"On 11 December 2024, Israeli warplanes struck a phone charging station east of Deir El Balah coded to Deir al Balah Camp (Deir El Balah, Gaza Strip), resulting in one dead.",1,,1765850627
PSE64777,12/11/2024,2024,1,Political violence,Explosions/Remote violence,Air/drone strike,Military Forces of Israel (2022-),,8,Civilians (Palestine),,7,78,Civilian targeting,275,Middle East,Palestine,Gaza Strip,Gaza City,,Gaza - At Tuffah,31.5134,34.4751,1,Palestine News and Information Agency,National,"On 11 December 2024, Israeli warplanes struck a group of people in the vicinity of Al Mahatta Mosque east of Yaffa Street in Gaza City in Gaza - At Tuffah (Gaza City, Gaza Strip), resulting in three dead.",3,,1759790002
PSE64780,12/11/2024,2024,1,Political violence,Explosions/Remote violence,Air/drone strike,Military Forces of Israel (2022-),,8,Civilians (Palestine),,7,78,Civilian targeting,275,Middle East,Palestine,Gaza Strip,Gaza City,,Gaza - Sabra,31.5086,34.4493,1,Quds News Network,National,"On 11 December 2024, Israeli warplanes struck a home in Gaza - Sabra (Gaza City, Gaza Strip). Casualties unknown.",0,,1759790002
PSE64790,12/11/2024,2024,1,Political violence,Explosions/Remote violence,Air/drone strike,Military Forces of Israel (2022-),,8,Civilians (Palestine),,7,78,Civilian targeting,275,Middle East,Palestine,Gaza Strip,Rafah,,Al Mawasi (Rafah),31.3294,34.2299,1,Palestine News and Information Agency,National,"On 11 December 2024, Israeli warplanes struck Al Mawasi (Rafah), (Rafah, Gaza Strip), resulting in three dead [likely pulled out of the rubble].",3,,1762829569
PSE64778,12/11/2024,2024,1,Political violence,Explosions/Remote violence,Air/drone strike,Military Forces of Israel (2022-),,8,Civilians (Palestine),,7,78,Civilian targeting,275,Middle East,Palestine,Gaza Strip,Gaza City,,Gaza - Az Zaytun,31.4964,34.4522,1,Quds News Network,National,"On 11 December 2024, Israeli warplanes struck a home in Gaza - Az Zaytun (Gaza City, Gaza Strip), resulting in two dead and others injured.",2,,1759790002
PSE64784,12/11/2024,2024,1,Political violence,Explosions/Remote violence,Air/drone strike,Military Forces of Israel (2022-),,8,Civilians (Palestine),,7,78,Civilian targeting,275,Middle East,Palestine,Gaza Strip,North Gaza,,Jabalya,31.5272,34.4835,1,Newpress,National,"On 11 December 2024, Israeli warplanes struck a home in the vicinity of Al Ihessan Mosque in Jabalya (North Gaza, Gaza Strip). Casualties unknown.",0,,1759790002
PSE64650,12/12/2024,2024,1,Political violence,Explosions/Remote violence,Air/drone strike,Military Forces of Israel (2022-),,8,Civilians (Palestine),Refugees/IDPs (Palestine),7,78,Civilian targeting,275,Middle East,Palestine,Gaza Strip,Deir El Balah,,An Nusayrat,31.4486,34.3925,1,Palestine News and Information Agency,National,"On 12 December 2024, Israeli warplanes launched several raids on homes and a building in An Nusayrat camp (Deir El Balah, Gaza Strip, resulting in 40 dead, dozens injured and around 84 missing, most of whom are women and children.",40,,1753956656
PSE64656,12/12/2024,2024,1,Political violence,Explosions/Remote violence,Air/drone strike,Military Forces of Israel (2022-),,8,Civilians (Palestine),,7,78,Civilian targeting,275,Middle East,Palestine,Gaza Strip,Gaza City,,Gaza - Sheikh Radwan,31.5349,34.4667,1,Palestine News and Information Agency; Quds News Network,National,"On 12 December 2024, An Israeli drone fired at residential home in Gaza - Sheikh Radwan (Gaza City, Gaza Strip), resulting in one child death and others injured. Also, Israeli warplanes struck a home close to Al Rafadin school in the same location. Fatalities coded as 1.",1,,1759790002
PSE64794,12/12/2024,2024,1,Political violence,Explosions/Remote violence,Air/drone strike,Military Forces of Israel (2022-),,8,Civilians (Palestine),Refugees/IDPs (Palestine),7,78,Civilian targeting,275,Middle East,Palestine,Gaza Strip,Deir El Balah,,An Nusayrat - West,31.4525,34.3756,1,Palestine News and Information Agency; Quds News Network,National,"On 12 December 2024, Israeli warplanes struck a home where IDPs were sheltering in An Nusayrat - West (Deir El Balah, Gaza Strip), resulting in 15 dead.",15,,1753956656
PSE64795,12/12/2024,2024,1,Political violence,Explosions/Remote violence,Air/drone strike,Military Forces of Israel (2022-),,8,Civilians (Palestine),,7,78,Civilian targeting,275,Middle East,Palestine,Gaza Strip,Deir El Balah,,Az Zawayda,31.4284,34.366,1,Quds News Network,National,"On 12 December 2024, Israeli warplanes struck a home in Az Zawayda (Deir El Balah, Gaza Strip), resulting in injuries.",0,,1767742780
PSE64800,12/12/2024,2024,1,Political violence,Explosions/Remote violence,Air/drone strike,Military Forces of Israel (2022-),,8,Civilians (Palestine),,7,78,Civilian targeting,275,Middle East,Palestine,Gaza Strip,Gaza City,,Gaza - Sabra,31.5086,34.4493,1,Palestine News and Information Agency,National,"On 12 December 2024, Israeli helicopters fired at residential homes in Gaza - Sabra (Gaza City, Gaza Strip), Israeli warplanes also targeted a residential apartment close to Al moujam Al Islami, while Israeli artillery shelled the vicinity of Diwan Al Shariaa in the same location. Casualties unknown.",0,,1759790002
PSE64804,12/12/2024,2024,1,Political violence,Explosions/Remote violence,Air/drone strike,Military Forces of Israel (2022-),,8,Civilians (Palestine),,7,78,Civilian targeting,275,Middle East,Palestine,Gaza Strip,North Gaza,,Beit Lahiya - Al Mashroo,31.5433,34.4998,1,Quds News Network,National,"On 12 December 2024, An Israeli drone 'Quadcopter' fired bombs at people in the vicinity of Kamal Odwan Hospital in Beit Lahiya - Al Mashroo (North Gaza, Gaza Strip), resulting In four injuries. Also, Israeli artillery shelled in Al Rabat area in the same location.",0,,1753956656
PSE64809,12/12/2024,2024,1,Political violence,Explosions/Remote violence,Air/drone strike,Military Forces of Israel (2022-),,8,Civilians (Palestine),Health Workers (Palestine),7,78,Civilian targeting,275,Middle East,Palestine,Gaza Strip,Rafah,,Al Mawasi (Rafah),31.3294,34.2299,1,Quds News Network,National,"On 12 December 2024, Israeli warplanes struck the vicinity of an ambulance in Al Mawasi (Rafah), (Rafah, Gaza Strip), resulting in a health worker being injured.",0,,1762829569
PSE64810,12/12/2024,2024,1,Political violence,Explosions/Remote violence,Air/drone strike,Military Forces of Israel (2022-),,8,Civilians (Palestine),,7,78,Civilian targeting,275,Middle East,Palestine,Gaza Strip,Rafah,,An Nasr,31.2814,34.3025,1,Quds News Network,National,"On 12 December 2024, Israeli warplanes launched a raid on a residential home in An Nasr (Rafah, Gaza Strip), resulting in injuries, among whom are children and one woman.",0,,1753956656
PSE64642,12/12/2024,2024,1,Political violence,Explosions/Remote violence,Air/drone strike,Military Forces of Israel (2022-),,8,Civilians (Palestine),Health Workers (Palestine),7,78,Civilian targeting,275,Middle East,Palestine,Gaza Strip,North Gaza,,Jabalya,31.5272,34.4835,1,Newpress; Palestine News and Information Agency,National,"On 12 December 2024, Israeli warplanes struck a home in Jabalya (North Gaza, Gaza Strip), resulting in two dead and others injured. Also, Israeli forces shot and killed a health worker in Al Odeh Hospital in the same location. Total Fatalities coded as 3.",3,,1759790002
PSE64798,12/12/2024,2024,1,Political violence,Explosions/Remote violence,Air/drone strike,Military Forces of Israel (2022-),,8,Civilians (Palestine),,7,78,Civilian targeting,275,Middle East,Palestine,Gaza Strip,Gaza City,,Gaza - Az Zaytun,31.4964,34.4522,1,Palestine News and Information Agency,National,"On 12 December 2024, Israeli warplanes struck a residential building at the Abed Al Aal junction on Al Jalaa Street in Gaza - Az Zaytun (Gaza City, Gaza Strip), resulting in 10 dead, including women and children.",10,,1759790002
PSE64803,12/12/2024,2024,1,Political violence,Explosions/Remote violence,Air/drone strike,Military Forces of Israel (2022-),,8,Civilians (Palestine),,7,78,Civilian targeting,275,Middle East,Palestine,Gaza Strip,Khan Yunis,,Qizan an Najjar,31.323,34.2761,1,Quds News Network,National,"On 12 December 2024, Israeli warplanes launched a raid in Qizan an Najjar (Khan Yunis, Gaza Strip), resulting in injuries.",0,,1753956656
PSE64811,12/12/2024,2024,1,Political violence,Explosions/Remote violence,Air/drone strike,Military Forces of Israel (2022-),,8,Civilians (Palestine),,7,78,Civilian targeting,275,Middle East,Palestine,Gaza Strip,Rafah,,Khirbet al Adas,31.2855,34.2714,2,Quds News Network,National,"On 12 December 2024, An Israeli drone targeted north of Rafah coded to Khirbet al Adas (Rafah, Gaza Strip), resulting in one dead.",1,,1753956656
PSE64813,12/13/2024,2024,1,Political violence,Explosions/Remote violence,Air/drone strike,Military Forces of Israel (2022-),,8,Civilians (Palestine),Refugees/IDPs (Palestine),7,78,Civilian targeting,275,Middle East,Palestine,Gaza Strip,Deir El Balah,,An Nusayrat,31.4486,34.3925,1,Quds News Network,National,"On 13 December 2024, Israeli warplanes launched a raid on a residential home and at the vicinity of Al Ahli club in An Nusayrat Camp (Deir El Balah, Gaza Strip), resulting in injuries.",0,,1753956656
PSE64814,12/13/2024,2024,1,Political violence,Explosions/Remote violence,Air/drone strike,Military Forces of Israel (2022-),,8,Civilians (Palestine),Refugees/IDPs (Palestine),7,78,Civilian targeting,275,Middle East,Palestine,Gaza Strip,Deir El Balah,,An Nusayrat - North,31.4591,34.3923,1,Palestine News and Information Agency,National,"On 13 December 2024, Israeli warplanes struck a group of people north the new camp in An Nusayrat - North (Deir El Balah, Gaza Strip), resulting in one dead and two injured. Also, Israeli artillery shelled the area [casualties unknown]. Fatalities coded at least 1.",1,,1753956656
PSE64817,12/13/2024,2024,1,Political violence,Explosions/Remote violence,Air/drone strike,Military Forces of Israel (2022-),,8,Civilians (Palestine),,7,78,Civilian targeting,275,Middle East,Palestine,Gaza Strip,Gaza City,,Gaza,31.5045,34.4743,1,Palestine News and Information Agency,National,"On 13 December 2024, Israeli warplanes launched a series of raids in several neighborhoods in Gaza City coded to Gaza (Gaza City, Gaza Strip). Also, Israeli warplanes struck a home and a gathering of people in the same location, resulting in 4 dead and 8 injured.",4,,1759790002
PSE64818,12/13/2024,2024,1,Political violence,Explosions/Remote violence,Air/drone strike,Military Forces of Israel (2022-),,8,Civilians (Palestine),,7,78,Civilian targeting,275,Middle East,Palestine,Gaza Strip,Gaza City,,Gaza - At Tuffah,31.5134,34.4751,1,Quds News Network,National,"On 13 December 2024, Israeli warplanes launched a raid on a home Yaffa street in Gaza - At Tuffah (Gaza City, Gaza Strip) . Casualties unknown.",0,,1759790002
PSE64820,12/13/2024,2024,1,Political violence,Explosions/Remote violence,Air/drone strike,Military Forces of Israel (2022-),,8,Civilians (Palestine),,7,78,Civilian targeting,275,Middle East,Palestine,Gaza Strip,Gaza City,,Gaza - Nasr,31.534,34.4574,1,Palestine News and Information Agency,National,"On 13 December 2024, Israeli warplanes struck a group of people close to the Italian compound in Gaza - Nasr (Gaza City, Gaza Strip), resulting in 4 dead and 5 injured.",4,,1753956656
PSE64822,12/13/2024,2024,1,Political violence,Explosions/Remote violence,Air/drone strike,Military Forces of Israel (2022-),,8,Civilians (Palestine),,7,78,Civilian targeting,275,Middle East,Palestine,Gaza Strip,Gaza City,,Gaza - Sabra,31.5086,34.4493,1,Palestine News and Information Agency,National,"On 13 December 2024, Israeli warplanes struck a home in Gaza - Sabra (Gaza City, Gaza Strip), resulting in one dead and 3 injured.",1,,1759790002
PSE64824,12/13/2024,2024,1,Political violence,Explosions/Remote violence,Air/drone strike,Military Forces of Israel (2022-),,8,Civilians (Palestine),,7,78,Civilian targeting,275,Middle East,Palestine,Gaza Strip,Khan Yunis,,Al Fukhari,31.2952,34.3332,2,Quds News Network,National,"On 13 December 2024, Israeli warplanes struck a group of people in the vicinity of Al Fukhari area in Al Naffaq street (Khan Yunis, Gaza Strip), resulting in injuries.",0,,1753956656
PSE64828,12/13/2024,2024,1,Political violence,Explosions/Remote violence,Air/drone strike,Military Forces of Israel (2022-),,8,Civilians (Palestine),,7,78,Civilian targeting,275,Middle East,Palestine,Gaza Strip,North Gaza,,Beit Lahiya - Al Mashroo,31.5433,34.4998,1,Quds News Network,National,"On 13 December 2024, Israeli warplanes struck a group of people in the vicinity of Kamal Odwan Hospital in Beit Lahiya - Al Mashroo (North Gaza, Gaza Strip), resulting in injuries.",0,,1753956656
PSE64837,12/13/2024,2024,1,Political violence,Explosions/Remote violence,Shelling/artillery/missile attack,Military Forces of Israel (2022-),,8,Civilians (Palestine),,7,78,Civilian targeting,275,Middle East,Palestine,Gaza Strip,Rafah,,Al Mawasi (Rafah),31.3294,34.2299,1,Quds News Network,National,"On 13 December 2024, Israeli artillery shot fire in Al Mawasi (Rafah), (Rafah, Gaza Strip), resulting in injuries.",0,,1762829569
PSE64648,12/13/2024,2024,1,Political violence,Explosions/Remote violence,Air/drone strike,Military Forces of Israel (2022-),,8,Civilians (Palestine),Journalists (Palestine),7,78,Civilian targeting,275,Middle East,Palestine,Gaza Strip,Gaza City,,Gaza - Az Zaytun,31.4964,34.4522,2,Palestine News and Information Agency,National,"On 13 December 2024, Israeli warplanes struck a group of people in the vicinity of Al Sinaa headquarters south of Gaza city coded to Gaza - Az Zaytun (Gaza City, Gaza Strip), resulting in two dead (including a journalist) and others injured",2,,1759790002
PSE64819,12/13/2024,2024,1,Political violence,Explosions/Remote violence,Air/drone strike,Military Forces of Israel (2022-),,8,Civilians (Palestine),,7,78,Civilian targeting,275,Middle East,Palestine,Gaza Strip,Gaza City,,Gaza - Az Zaytun,31.4964,34.4522,1,Palestine News and Information Agency,National,"On 13 December 2024, Israeli warplanes struck a home in Gaza - Az Zaytun (Gaza City, Gaza Strip), resulting in 3 dead and 5 injured.",3,,1759790002
PSE64829,12/13/2024,2024,1,Political violence,Explosions/Remote violence,Air/drone strike,Military Forces of Israel (2022-),,8,Civilians (Palestine),,7,78,Civilian targeting,275,Middle East,Palestine,Gaza Strip,North Gaza,,Jabalya,31.5272,34.4835,1,Palestine News and Information Agency,National,"On 13 December 2024, Israeli warplanes struck a home in Jabalya (North Gaza, Gaza Strip), resulting in fatalities and injuries [unspecified number of fatalities coded as 3].",3,,1759790002
PSE64830,12/13/2024,2024,1,Political violence,Explosions/Remote violence,Air/drone strike,Military Forces of Israel (2022-),,8,Civilians (Palestine),,7,78,Civilian targeting,275,Middle East,Palestine,Gaza Strip,North Gaza,,Jabalya,31.5272,34.4835,2,Quds News Network,National,"On 13 December 2024, Israeli warplanes struck a home east of Jabalya (North Gaza, Gaza Strip), resulting in one injury.",0,,1759790002
PSE64825,12/13/2024,2024,1,Political violence,Explosions/Remote violence,Air/drone strike,Military Forces of Israel (2022-),,8,Civilians (Palestine),Refugees/IDPs (Palestine),7,78,Civilian targeting,275,Middle East,Palestine,Gaza Strip,Khan Yunis,,Qizan an Najjar,31.323,34.2761,2,Quds News Network,National,"On 13 December 2024, Israeli warplanes struck IDPs tents in in the area of Qizan an Najjar and Jourat Al-Loot (Khan Yunis, Gaza Strip), resulting in fatalities and injuries [unspecified number of fatalities coded as 3]..",3,,1753956656
PSE65425,12/14/2024,2024,1,Political violence,Explosions/Remote violence,Air/drone strike,Military Forces of Israel (2022-),,8,Civilians (Palestine),,7,78,Civilian targeting,275,Middle East,Palestine,Gaza Strip,North Gaza,,Beit Lahiya - Al Mashroo,31.5433,34.4998,1,Palestine News and Information Agency; Quds News Network,National,"On 14 December 2024, Israeli warplanes and quadcopter drones targeted Beit Lahiya - Al Mashroo (North Gaza, Gaza Strip) and houses in the vicinity of Kamal Adwan Hospital killing 3 persons. Israeli artillery also targeted Abu Jidian area in the same location. Casualties unknown. Total fatalities coded as 3.",3,,1753956656
PSE65430,12/14/2024,2024,1,Political violence,Explosions/Remote violence,Air/drone strike,Military Forces of Israel (2022-),,8,Civilians (Palestine),,7,78,Civilian targeting,275,Middle East,Palestine,Gaza Strip,Gaza City,,Gaza,31.5045,34.4743,1,Newpress; Palestine News and Information Agency; Twitter,New media-National,"On 14 December 2024, an Israeli drone targeted a group of people in Gaza (Gaza City, Gaza Strip) killing 1 woman and injuring others. Israeli forces launched an airstrike on a house in the same location. Casualties unknown. Total confirmed fatalities is 1.",1,,1759790002
PSE65431,12/14/2024,2024,1,Political violence,Explosions/Remote violence,Air/drone strike,Military Forces of Israel (2022-),,8,Civilians (Palestine),Refugees/IDPs (Palestine),7,78,Civilian targeting,275,Middle East,Palestine,Gaza Strip,Gaza City,,Gaza - Southern Remal,31.5168,34.4355,1,Dunia Al Watan; Palestine News and Information Agency; Quds News Network,National,"On 14 December 2024, Israeli warplanes targeted AlMajida school sheltering IDPs in Gaza - Southern Remal (Gaza City, Gaza Strip) killing 7 and injuring 20 others. On the same day, Israeli warplanes targeted a house on Lababidi street in the same location. Casualties unknown. Total fatalities coded at least 7.",7,,1759790002
PSE65433,12/14/2024,2024,1,Political violence,Explosions/Remote violence,Air/drone strike,Military Forces of Israel (2022-),,8,Civilians (Palestine),,7,78,Civilian targeting,275,Middle East,Palestine,Gaza Strip,Rafah,,Al Mawasi (Rafah),31.3294,34.2299,1,Palestine News and Information Agency,National,"On 14 December 2024, Israeli quadcopter drones targeted Al Mawasi (Rafah) (Rafah, Gaza Strip) injuring 5 people. On the same day, a person was found killed in the same location, presumably by the same strike.",1,,1762829569
PSE65435,12/14/2024,2024,1,Political violence,Explosions/Remote violence,Air/drone strike,Military Forces of Israel (2022-),,8,Civilians (Palestine),,7,78,Civilian targeting,275,Middle East,Palestine,Gaza Strip,Deir El Balah,,Al Burayj,31.4394,34.4031,2,Quds News Network,National,"On 14 December 2024, Israeli warplanes targeted a group of people east of Al Burayj camp (Deir El Balah, Gaza Strip) killing 1 person and injuring two others.",1,,1753956656
PSE65436,12/14/2024,2024,1,Political violence,Explosions/Remote violence,Air/drone strike,Military Forces of Israel (2022-),,8,Civilians (Palestine),Refugees/IDPs (Palestine),7,78,Civilian targeting,275,Middle East,Palestine,Gaza Strip,Deir El Balah,,Wadi as Salqa,31.4005,34.3375,2,Palestine News and Information Agency,National,"On 14 December 2024, Israeli warplanes targeted an IDPs tent south of Deir al Balah, coded to Wadi as Salqa (Deir El Balah, Gaza Strip) killing 4 people and injuring others.",4,,1753956656
PSE65437,12/14/2024,2024,1,Political violence,Explosions/Remote violence,Air/drone strike,Military Forces of Israel (2022-),,8,Civilians (Palestine),Journalists (Palestine); Refugees/IDPs (Palestine),7,78,Civilian targeting,275,Middle East,Palestine,Gaza Strip,Deir El Balah,,Al Burayj,31.4394,34.4031,1,Quds News Network,National,"On 14 December 2024, Israeli warplanes targeted a house in Block 6 of Al Burayj camp (Deir El Balah, Gaza Strip) and killed 5 people, including a journalist and injured many others.",5,,1753956656
PSE65438,12/14/2024,2024,1,Political violence,Explosions/Remote violence,Air/drone strike,Military Forces of Israel (2022-),,8,Civilians (Palestine),,7,78,Civilian targeting,275,Middle East,Palestine,Gaza Strip,Gaza City,,Gaza - Nasr,31.534,34.4574,1,Palestine News and Information Agency,National,"On 14 December 2024, an Israeli drone targeted a group of people in Gaza - Nasr (Gaza City, Gaza Strip) killing at least 2 people and injuring others.",2,,1753956656
PSE65440,12/14/2024,2024,1,Political violence,Explosions/Remote violence,Air/drone strike,Military Forces of Israel (2022-),,8,Civilians (Palestine),Journalists (Palestine),7,78,Civilian targeting,275,Middle East,Palestine,Gaza Strip,Gaza City,,Gaza - Sheikh Radwan,31.5349,34.4667,1,Dunia Al Watan; Palestine News and Information Agency; Quds News Network,National,"On 14 December 2024, Israeli warplanes targeted a house in Gaza - Sheikh Radwan (Gaza City, Gaza Strip) killing a Palestinian journalist and injuring others.",1,,1759790002
PSE65451,12/14/2024,2024,1,Political violence,Explosions/Remote violence,Air/drone strike,Military Forces of Israel (2022-),,8,Civilians (Palestine),Refugees/IDPs (Palestine),7,78,Civilian targeting,275,Middle East,Palestine,Gaza Strip,Khan Yunis,,Abasan al Jadidah,31.3416,34.3459,1,Newpress; Twitter,New media-National,"On 14 December 2024, Israeli forces, likely warplanes, targeted a group of people in Abasan al Jadidah (Khan Yunis, Gaza Strip) killing two brothers.",2,,1753956656
PSE65452,12/14/2024,2024,1,Political violence,Explosions/Remote violence,Air/drone strike,Military Forces of Israel (2022-),,8,Civilians (Palestine),Refugees/IDPs (Palestine),7,78,Civilian targeting,275,Middle East,Palestine,Gaza Strip,Deir El Balah,,Al Musaddar,31.4105,34.378,2,Al Ghad (Jordan); Palestine News and Information Agency; Quds News Network,National-Regional,"On 14 December 2024, Israeli helicopters targeted an IDPs tent west of Deir al Balah city, coded to Al Musaddar (Deir El Balah, Gaza Strip) injuring several people.",0,,1765850627
PSE65538,12/14/2024,2024,1,Political violence,Explosions/Remote violence,Shelling/artillery/missile attack,Military Forces of Israel (2022-),,8,Civilians (Palestine),Refugees/IDPs (Palestine),7,78,Civilian targeting,275,Middle East,Palestine,Gaza Strip,Deir El Balah,,An Nusayrat - West,31.4525,34.3756,1,Palestine News and Information Agency,National,"On 14 December 2024, Israeli warships targeted IDPs in An Nusayrat - West (Deir El Balah, Gaza Strip) killing 1 person and injuring another.",1,,1753956656
PSE65422,12/14/2024,2024,1,Political violence,Explosions/Remote violence,Air/drone strike,Military Forces of Israel (2022-),,8,Civilians (Palestine),,7,78,Civilian targeting,275,Middle East,Palestine,Gaza Strip,North Gaza,,Jabalya,31.5272,34.4835,1,Palestine News and Information Agency; Quds News Network,National,"On 14 December 2024, Israeli warplanes targeted a house in Jabalya town (North Gaza, Gaza Strip) killing 4 people and injuring others. On the same day, Israeli warplanes targeted two houses in the same location injuring 7 people and yet another house with casualties unknown.",4,,1759790002
PSE65442,12/14/2024,2024,1,Political violence,Explosions/Remote violence,Air/drone strike,Military Forces of Israel (2022-),,8,Civilians (Palestine),,7,78,Civilian targeting,275,Middle East,Palestine,Gaza Strip,Gaza City,,Gaza - Az Zaytun,31.4964,34.4522,1,Quds News Network,National,"On 14 December 2024, Israeli warplanes targeted Gaza - Az Zaytun (Gaza City, Gaza Strip) injuring many. Israeli forces launched an airstrike on a house in the same location. Casualties unknown.",0,,1759790002
PSE65424,12/14/2024,2024,1,Political violence,Explosions/Remote violence,Air/drone strike,Military Forces of Israel (2022-),,8,Civilians (Palestine),Refugees/IDPs (Palestine),7,78,Civilian targeting,275,Middle East,Palestine,Gaza Strip,Khan Yunis,,Khan Yunis - Jourat Al-Loot,31.3314,34.3004,2,Palestine News and Information Agency; Quds News Network,National,"On 14 December 2024, Israeli forces, likely warplanes, targeted an IDP tent south of Khan Yunis city, coded to Khan Yunis - Jourat Al-Loot (Khan Yunis, Gaza Strip) killing 1 person.",1,,1753956656
PSE65439,12/14/2024,2024,1,Political violence,Explosions/Remote violence,Air/drone strike,Military Forces of Israel (2022-),,8,Civilians (Palestine),,7,78,Civilian targeting,275,Middle East,Palestine,Gaza Strip,Rafah,,Khirbet al Adas,31.2855,34.2714,1,Palestine News and Information Agency,National,"On 14 December 2024, an Israeli drone targeted Khirbet al Adas (Rafah, Gaza Strip) killing 2 persons.",2,,1753956656
PSE65547,12/15/2024,2024,1,Political violence,Explosions/Remote violence,Shelling/artillery/missile attack,Military Forces of Israel (2022-),,8,Civilians (Palestine),Fishers (Palestine),7,78,Civilian targeting,275,Middle East,Palestine,Gaza Strip,Gaza City,,Coast of Gaza City,31.5304,34.4215,2,Quds News Network,National,"On 15 December 2024, Israeli warships targeted fishing boats off the Coast of Gaza City (Gaza City, Gaza Strip). Casualties unknown.",0,,1753956656
PSE65477,12/15/2024,2024,1,Political violence,Explosions/Remote violence,Air/drone strike,Military Forces of Israel (2022-),,8,Civilians (Palestine),,7,78,Civilian targeting,275,Middle East,Palestine,Gaza Strip,Gaza City,,Gaza - Sheikh Radwan,31.5349,34.4667,1,Al Ghad (Jordan); Quds News Network,National-Regional,"On 15 December 2024, Israeli warplanes launched multiple airstrikes on Gaza - Sheikh Radwan (Gaza City, Gaza Strip) killing 5 people and injuring many others.",5,,1759790002
PSE65478,12/15/2024,2024,1,Political violence,Explosions/Remote violence,Air/drone strike,Military Forces of Israel (2022-),,8,Civilians (Palestine),,7,78,Civilian targeting,275,Middle East,Palestine,Gaza Strip,Gaza City,,Gaza,31.5045,34.4743,1,Palestine News and Information Agency; Quds News Network,National,"On 15 December 2024, Israeli forces, likely warplanes targeted a house in Nafaq street in Gaza (Gaza City, Gaza Strip) killing 2 and injuring others. Israeli warplanes launched multiple airstrikes on the city on the same day. Casualties unknown.",4,,1759790002
PSE65479,12/15/2024,2024,1,Political violence,Explosions/Remote violence,Air/drone strike,Military Forces of Israel (2022-),,8,Civilians (Palestine),Health Workers (Palestine),7,78,Civilian targeting,275,Middle East,Palestine,Gaza Strip,North Gaza,,Beit Lahiya - Al Mashroo,31.5433,34.4998,1,Palestine News and Information Agency; Quds News Network,National,"On 15 December 2024, Israeli quadcopter warplanes targeted the vicinity of Kamal Adwan Hospital in Beit Lahiya - Al Mashroo (North Gaza, Gaza Strip) killing 2 people and injuring others, including emergency staff. On the same day, Israeli warplanes launched airstrikes on Beit Lahiya - Al Mashroo. Casualties unknown.",2,,1753956656
PSE65481,12/15/2024,2024,1,Political violence,Explosions/Remote violence,Air/drone strike,Military Forces of Israel (2022-),,8,Civilians (Palestine),,7,78,Civilian targeting,275,Middle East,Palestine,Gaza Strip,Deir El Balah,,An Nusayrat - West,31.4525,34.3756,1,Palestine News and Information Agency; Quds News Network,National,"On 15 December 2024, Israeli warplanes and artillery targeted several times An Nusayrat - West (Deir El Balah, Gaza Strip) injuring one person.",0,,1753956656
PSE65483,12/15/2024,2024,1,Political violence,Explosions/Remote violence,Air/drone strike,Military Forces of Israel (2022-),,8,Civilians (Palestine),,7,78,Civilian targeting,275,Middle East,Palestine,Gaza Strip,Gaza City,,Gaza - Ash Shati' Camp,31.5349,34.4466,2,Palestine News and Information Agency; Quds News Network,National,"On 15 December 2024, Israeli warplanes targeted heavily al Rashid street in northwest of Gaza City, coded to Gaza - Ash Shati' Camp (Gaza City, Gaza Strip) killing and injuring civilians. Unspecified number of fatalities coded to 3.",3,,1759790002
PSE65484,12/15/2024,2024,1,Political violence,Explosions/Remote violence,Air/drone strike,Military Forces of Israel (2022-),,8,Civilians (Palestine),,7,78,Civilian targeting,275,Middle East,Palestine,Gaza Strip,Khan Yunis,,Bani Suheila,31.3424,34.325,1,Palestine News and Information Agency; Quds News Network,National,"On 15 December 2024, Israeli warplanes targeted a Falafel shop in Bani Suheila (Khan Yunis, Gaza Strip) killing 4 people and injuring others.",4,,1753956656
PSE65486,12/15/2024,2024,1,Political violence,Explosions/Remote violence,Air/drone strike,Military Forces of Israel (2022-),,8,Civilians (Palestine),,7,78,Civilian targeting,275,Middle East,Palestine,Gaza Strip,Gaza City,,Gaza - Shujaiyya,31.4988,34.4699,1,Quds News Network,National,"On 15 December 2024, Israeli warplanes targeted a house in Baltaji street in Gaza - Shujaiyya (Gaza City, Gaza Strip) killing 6 people and injuring others.",6,,1759790002
PSE65488,12/15/2024,2024,1,Political violence,Explosions/Remote violence,Air/drone strike,Military Forces of Israel (2022-),,8,Civilians (Palestine),,7,78,Civilian targeting,275,Middle East,Palestine,Gaza Strip,Deir El Balah,,An Nusayrat - North,31.4591,34.3923,1,Quds News Network,National,"On 15 December 2024, Israeli warplanes and artillery targeted several times An Nusayrat - North (Deir El Balah, Gaza Strip). One of the airstrikes targeted the new camp and injured 4 people.",0,,1753956656
PSE65500,12/15/2024,2024,1,Political violence,Explosions/Remote violence,Air/drone strike,Military Forces of Israel (2022-),,8,Civilians (Palestine),,7,78,Civilian targeting,275,Middle East,Palestine,Gaza Strip,Khan Yunis,,Khan Yunis - Ash Sheikh Naser,31.3398,34.3116,1,Quds News Network,National,"On 15 December 2024, Israeli warplanes targeted Khan Yunis - Ash Sheikh Naser (Khan Yunis, Gaza Strip) injuring several people.",0,,1753956656
PSE65545,12/15/2024,2024,1,Political violence,Explosions/Remote violence,Shelling/artillery/missile attack,Military Forces of Israel (2022-),,8,Civilians (Palestine),,7,78,Civilian targeting,275,Middle East,Palestine,Gaza Strip,North Gaza,,Beit Hanoun,31.5405,34.5402,1,Palestine News and Information Agency,National,"On 15 December 2024, Israeli artillery targeted a house in Beit Hanoun (North Gaza, Gaza Strip) killing 4 people and injuring others.",4,,1753956656
PSE65564,12/15/2024,2024,1,Political violence,Explosions/Remote violence,Shelling/artillery/missile attack,Military Forces of Israel (2022-),,8,Civilians (Palestine),,7,78,Civilian targeting,275,Middle East,Palestine,Gaza Strip,Gaza City,,Gaza - Shujaiyya,31.4988,34.4699,2,Quds News Network,National,"On 15 December 2024, Israeli artillery targeted Shaaf area in east of Gaza city, coded to Gaza - Shujaiyya (Gaza City, Gaza Strip) killing 2 people.",2,,1759790002
PSE65487,12/15/2024,2024,1,Political violence,Explosions/Remote violence,Air/drone strike,Military Forces of Israel (2022-),,8,Civilians (Palestine),,7,78,Civilian targeting,275,Middle East,Palestine,Gaza Strip,Gaza City,,Gaza - Az Zaytun,31.4964,34.4522,1,Quds News Network,National,"On 15 December 2024, Israeli forces, likely warplanes targeted a house in Gaza - Az Zaytun (Gaza City, Gaza Strip) killing 3 people and injuring others.",3,,1759790002
PSE65480,12/15/2024,2024,1,Political violence,Explosions/Remote violence,Air/drone strike,Military Forces of Israel (2022-),,8,Civilians (Palestine),,7,78,Civilian targeting,275,Middle East,Palestine,Gaza Strip,Rafah,,Al Junainah,31.2642,34.2636,1,Palestine News and Information Agency,National,"On 15 December 2024, Israeli drones targeted a group of people in Al Junainah (Rafah, Gaza Strip) killing 2 people and injuring others.",2,,1753956656
PSE65528,12/16/2024,2024,1,Political violence,Explosions/Remote violence,Air/drone strike,Military Forces of Israel (2022-),,8,Civilians (Palestine),,7,78,Civilian targeting,275,Middle East,Palestine,Gaza Strip,North Gaza,,Beit Lahiya - Al Mashroo,31.5433,34.4998,1,Dunia Al Watan; Palestine News and Information Agency; Quds News Network,National,"On 16 December 2024, Israeli warplanes and artillery targeted several times the Beit Lahiya - Al Mashroo (North Gaza, Gaza Strip) including houses. Also, Israeli drones also targeted Kamal Adwan Hospital in the same location causing destruction of material and a power outage. Total confirmed fatalities is 5.",5,,1753956656
PSE65529,12/16/2024,2024,1,Political violence,Explosions/Remote violence,Air/drone strike,Military Forces of Israel (2022-),,8,Civilians (Palestine),Refugees/IDPs (Palestine),7,78,Civilian targeting,275,Middle East,Palestine,Gaza Strip,Deir El Balah,,An Nusayrat,31.4486,34.3925,1,Palestine News and Information Agency,National,"On 16 December 2024, Israeli forces, likely warplanes, targeted An Nusayrat camp (An Nusayrat, Deir El Balah, Gaza Strip) killing 3 people and injuring others.",3,,1753956656
PSE65530,12/16/2024,2024,1,Political violence,Explosions/Remote violence,Air/drone strike,Military Forces of Israel (2022-),,8,Civilians (Palestine),Refugees/IDPs (Palestine),7,78,Civilian targeting,275,Middle East,Palestine,Gaza Strip,Gaza City,,Gaza - Ash Shati' Camp,31.5349,34.4466,1,Palestine News and Information Agency,National,"On 16 December 2024, Israeli warplanes targeted a group of people in Ayidia street in Gaza - Ash Shati' Camp (Gaza City, Gaza Strip) killing 4 people and injuring 15 others.",4,,1759790002
PSE65531,12/16/2024,2024,1,Political violence,Explosions/Remote violence,Air/drone strike,Military Forces of Israel (2022-),,8,Civilians (Palestine),,7,78,Civilian targeting,275,Middle East,Palestine,Gaza Strip,Gaza City,,Gaza - Ash Shati' Camp,31.5349,34.4466,2,Palestine News and Information Agency,National,"On 16 December 2024, Israeli warplanes targeted a house in Al Mokhabarat area northwest of Gaza city, coded to Gaza - Ash Shati' Camp (Gaza City, Gaza Strip) killing 5 people, including two women, and injuring others.",5,,1759790002
PSE65532,12/16/2024,2024,1,Political violence,Explosions/Remote violence,Air/drone strike,Military Forces of Israel (2022-),,8,Civilians (Palestine),,7,78,Civilian targeting,275,Middle East,Palestine,Gaza Strip,Gaza City,,Gaza - Sabra,31.5086,34.4493,1,Quds News Network,National,"On 16 December 2024, Israeli warplanes targeted a house in Gaza - Sabra (Gaza City, Gaza Strip) killing 2 people and injuring others. Israeli artillery also shelled the same location. Casualties unknown. Fatalities coded at least 2.",2,,1759790002
PSE65572,12/16/2024,2024,1,Political violence,Explosions/Remote violence,Shelling/artillery/missile attack,Military Forces of Israel (2022-),,8,Civilians (Palestine),,7,78,Civilian targeting,275,Middle East,Palestine,Gaza Strip,Deir El Balah,,An Nusayrat - West,31.4525,34.3756,1,Newpress; Twitter,New media-National,"On 16 December 2024, Israeli artillery targeted An Nusayrat - West (Deir El Balah, Gaza Strip) injuring several people.",0,,1753956656
PSE65566,12/16/2024,2024,1,Political violence,Explosions/Remote violence,Shelling/artillery/missile attack,Military Forces of Israel (2022-),,8,Civilians (Palestine),,7,78,Civilian targeting,275,Middle East,Palestine,Gaza Strip,Rafah,,Yibna,31.2842,34.2482,2,Palestine News and Information Agency; Quds News Network,National,"On 16 December 2024, Israeli forces (likely tanks) killed a Palestinian man in Al Mashroaa east of Rafah city, coded to Yibna (Rafah, Gaza Strip).",1,,1753956656
PSE65567,12/17/2024,2024,1,Political violence,Explosions/Remote violence,Air/drone strike,Military Forces of Israel (2022-),,8,Civilians (Palestine),,7,78,Civilian targeting,275,Middle East,Palestine,Gaza Strip,Gaza City,,Gaza - Ad Darraj,31.5172,34.4642,1,Palestine News and Information Agency; Quds News Network,National,"On 17 December 2024, Israeli warplanes targeted a house in Gaza - Ad Darraj (Gaza City, Gaza Strip) killing 10 people from the same family.",10,,1759790002
PSE65568,12/17/2024,2024,1,Political violence,Explosions/Remote violence,Air/drone strike,Military Forces of Israel (2022-),,8,Civilians (Palestine),Health Workers (Palestine); Refugees/IDPs (Palestine),7,78,Civilian targeting,275,Middle East,Palestine,Gaza Strip,North Gaza,,Beit Lahiya - Al Mashroo,31.5433,34.4998,1,Palestine News and Information Agency; Quds News Network,National,"On 17 December 2024, Israeli drones targeted the Kamal Adwan hospital in Beit Lahiya - Al Mashroo (North Gaza, Gaza Strip) and dropped at least 10 bombs and planted 3 IEDs. In that location, a house was targeted, likely by drone strike, killing 2 people; a second house sheltering IDPs was targeted killing 8 people and injuring at least 5 others; a third house was also targeted killing at least 15 people. Israeli warplanes targeted a group of people at the entrance of Kamal Adwan hospital killing 1 health worker and injuring others, and targeted another group of people near Salah Shehadeh mosque killing 4 . Lastly, an Israeli drone targeted the third floor of Kamal Adwan Hospital causing a fire and Israeli artillery targeted the intensive care unit causing material damage. Total confirmed fatalities is at least 30.",30,,1753956656
PSE65576,12/17/2024,2024,1,Political violence,Explosions/Remote violence,Air/drone strike,Military Forces of Israel (2022-),,8,Civilians (Palestine),,7,78,Civilian targeting,275,Middle East,Palestine,Gaza Strip,Gaza City,,Gaza - Shujaiyya,31.4988,34.4699,2,Palestine News and Information Agency; Quds News Network,National,"On 17 December 2024, Israeli warplanes targeted a group of people on Nafaq Street east of Gaza city, coded to Gaza - Shujaiyya (Gaza City, Gaza Strip) killing 3 people and injuring others.",3,,1759790002
PSE65577,12/17/2024,2024,1,Political violence,Explosions/Remote violence,Air/drone strike,Military Forces of Israel (2022-),,8,Civilians (Palestine),Refugees/IDPs (Palestine),7,78,Civilian targeting,275,Middle East,Palestine,Gaza Strip,North Gaza,,Jabalya Camp,31.536,34.4907,1,Palestine News and Information Agency; Quds News Network,National,"On 17 December 2024, Israeli warplanes targeted Khalifa Ben Zayed school in Jabalya Camp (North Gaza, Gaza Strip) killing 1 person and injuring 3 others.",1,,1753956656
PSE65578,12/17/2024,2024,1,Political violence,Explosions/Remote violence,Air/drone strike,Military Forces of Israel (2022-),,8,Civilians (Palestine),,7,78,Civilian targeting,275,Middle East,Palestine,Gaza Strip,Deir El Balah,,An Nusayrat - West,31.4525,34.3756,1,Palestine News and Information Agency; Quds News Network,National,"On 17 December 2024, an Israeli drone targeted a car in Hasayneh neighborhood in An Nusayrat - West (Deir El Balah, Gaza Strip) killing 1 child and injuring 33 other people.",1,,1753956656
PSE65579,12/17/2024,2024,1,Political violence,Explosions/Remote violence,Air/drone strike,Military Forces of Israel (2022-),,8,Civilians (Palestine),Refugees/IDPs (Palestine),7,78,Civilian targeting,275,Middle East,Palestine,Gaza Strip,Khan Yunis,,Al Mawasi (Khan Yunis),31.3482,34.2547,1,Palestine News and Information Agency,National,"On 17 December 2024, an Israeli drone targeted an IDPs tent in Al Mawasi (Khan Yunis) (Khan Yunis, Gaza Strip) killing 1 woman and injuring 5 other people including children.",1,,1762829569
PSE65582,12/17/2024,2024,1,Political violence,Explosions/Remote violence,Air/drone strike,Military Forces of Israel (2022-),,8,Civilians (Palestine),,7,78,Civilian targeting,275,Middle East,Palestine,Gaza Strip,Gaza City,,Gaza - Sheikh Radwan,31.5349,34.4667,1,Quds News Network,National,"On 17 December 2024, an Israeli drone strike targeted Gaza - Sheikh Radwan (Gaza City, Gaza Strip) injuring people. Israeli drones also targeted houses in the same location. Casualties unknown.",0,,1759790002
PSE65587,12/17/2024,2024,1,Political violence,Explosions/Remote violence,Air/drone strike,Military Forces of Israel (2022-),,8,Civilians (Palestine),,7,78,Civilian targeting,275,Middle East,Palestine,Gaza Strip,Gaza City,,Gaza - Ash Shati' Camp,31.5349,34.4466,1,Quds News Network,National,"On 17 December 2024, Israeli forces, likely warplanes, targeted a house in Saftawi area located in northwest of Gaza City, coded to Gaza - Ash Shati' Camp (Gaza City, Gaza Strip) injuring several people.",0,,1759790002
PSE65630,12/17/2024,2024,1,Political violence,Explosions/Remote violence,Shelling/artillery/missile attack,Military Forces of Israel (2022-),,8,Civilians (Palestine),,7,78,Civilian targeting,275,Middle East,Palestine,Gaza Strip,Rafah,,Al Mawasi (Rafah),31.3294,34.2299,1,Palestine News and Information Agency; Quds News Network,National,"On 17 December 2024, Israeli forces entered Al Mawasi (Rafah) (Rafah, Gaza Strip) and with their artillery targeted a cafe 'Akwakh' killing 1 person and injured many others as they heavily fired at other areas in the neighborhood.",1,,1762829569
PSE65580,12/17/2024,2024,1,Political violence,Explosions/Remote violence,Air/drone strike,Military Forces of Israel (2022-),,8,Civilians (Palestine),,7,78,Civilian targeting,275,Middle East,Palestine,Gaza Strip,Gaza City,,Gaza - Az Zaytun,31.4964,34.4522,1,Quds News Network,National,"On 17 December 2024, Israeli forces, likely warplanes, targeted a group of people near Bilal Bin Rabah mosque in Gaza - Az Zaytun (Gaza City, Gaza Strip) killing 2 people and injuring others. Israeli warplanes also launched several other airstrikes in the same location. Casualties unknown. Israeli artillery targeted Dawle intersection in the same location. Casualties unknown.",2,,1759790002
PSE65586,12/17/2024,2024,1,Political violence,Explosions/Remote violence,Air/drone strike,Military Forces of Israel (2022-),,8,Civilians (Palestine),,7,78,Civilian targeting,275,Middle East,Palestine,Gaza Strip,North Gaza,,Sheikh Zaid,31.5392,34.5117,1,Quds News Network,National,"On 17 December 2024, Israeli forces, likely warplanes, targeted a group of people in Sheikh Zaid (North Gaza, Gaza Strip) killing 1 person and injuring others.",1,,1759790002
PSE65621,12/18/2024,2024,1,Political violence,Explosions/Remote violence,Air/drone strike,Military Forces of Israel (2022-),,8,Civilians (Palestine),Health Workers (Palestine),7,78,Civilian targeting,275,Middle East,Palestine,Gaza Strip,North Gaza,,Beit Lahiya - Al Mashroo,31.5433,34.4998,1,Ma'an News Agency; Palestine News and Information Agency; Quds News Network,National,"On 18 December 2024, Israeli warplanes launched at least nine raids on several homes near Kamal Al Odwan Hospital in Beit Lahiya - Al Mashroo (North Gaza, Gaza Strip), resulting in seven fatalities and other injuries [including one health worker]. Additionally, Israeli artillery shelled the hospital, causing a fire in the intensive care department and simultaneously detonating explosive barrels in the hospital's vicinity. An Israeli reconnaissance plane also fired a bomb at the hospital's entrance door. An Israeli drone targeted medical personnel at the hospital as they attempted to recover the injured following the attacks on homes near the hospital. Israeli forces detonated explosive-laden remotely operated vehicles (robots) in the vicinity of the hospital. Furthermore, the civil defense crew recovered three bodies from the vicinity of the hospital. Total fatalities coded as 7.",7,,1759179058
PSE65622,12/18/2024,2024,1,Political violence,Explosions/Remote violence,Air/drone strike,Military Forces of Israel (2022-),,8,Civilians (Palestine),,7,78,Civilian targeting,275,Middle East,Palestine,Gaza Strip,Deir El Balah,,An Nusayrat - North,31.4591,34.3923,1,Palestine News and Information Agency; Quds News Network,National,"On 18 December 2024, Israeli warplanes struck the vicinity of Ard Al Moufti Park in An Nusayrat - North (Deir El Balah, Gaza Strip), resulting in two fatalities and other injuries. Also, Israeli artillery shelled the same location [casualties unknown]. Additionally, Israeli warplanes launched a raid on the new camp in the same area. Total fatalities coded as at least two.",2,,1753956656
PSE65623,12/18/2024,2024,1,Political violence,Explosions/Remote violence,Air/drone strike,Military Forces of Israel (2022-),,8,Civilians (Palestine),Refugees/IDPs (Palestine),7,78,Civilian targeting,275,Middle East,Palestine,Gaza Strip,Deir El Balah,,Deir al Balah,31.4178,34.3503,2,Newpress; Palestine News and Information Agency,National,"On 18 December 2024, an Israeli drone struck a tent where IDPs were sheltering west of Deir al Balah city (Deir El Balah, Gaza Strip), resulting in two killed and others injured.",2,,1753956656
PSE65628,12/18/2024,2024,1,Political violence,Explosions/Remote violence,Air/drone strike,Military Forces of Israel (2022-),,8,Civilians (Palestine),Health Workers (Palestine); Refugees/IDPs (Palestine),7,78,Civilian targeting,275,Middle East,Palestine,Gaza Strip,Gaza City,,Gaza - Ad Darraj,31.5172,34.4642,1,Palestine News and Information Agency; Quds News Network,National,"On 18 December 2024, Israeli warplanes struck a home in Al Sahaba area in Gaza - Ad Darraj (Gaza City, Gaza Strip), the civil defense crew pulled three bodies from under the rubble [likely one health worker among the dead]. Also, Israeli warplanes struck Al Tabaain school where IDPs were sheltering in the same location, resulting in 6 dead [including one child] and others injured. Fatalities coded as 9.",9,,1759790002
PSE65631,12/18/2024,2024,1,Political violence,Explosions/Remote violence,Air/drone strike,Military Forces of Israel (2022-),,8,Civilians (Palestine),,7,78,Civilian targeting,275,Middle East,Palestine,Gaza Strip,North Gaza,,Beit Hanoun,31.5405,34.5402,1,Palestine News and Information Agency,National,"On 18 December 2024, Israeli warplanes struck a home in Aazbeh, Beit Hanoun (North Gaza, Gaza Strip), resulting in six Palestinians killed and others injured.",6,,1753956656
PSE65635,12/18/2024,2024,1,Political violence,Explosions/Remote violence,Air/drone strike,Military Forces of Israel (2022-),,8,Civilians (Palestine),,7,78,Civilian targeting,275,Middle East,Palestine,Gaza Strip,Khan Yunis,,Khuzaa,31.3069,34.3572,1,Palestine News and Information Agency,National,"On 18 December 2024, Israeli warplanes struck a home in Khuzaa (Khan Yunis, Gaza Strip), resulting in 3 killed, including two women, and one child injured.",3,,1753956656
PSE65636,12/18/2024,2024,1,Political violence,Explosions/Remote violence,Air/drone strike,Military Forces of Israel (2022-),,8,Civilians (Palestine),,7,78,Civilian targeting,275,Middle East,Palestine,Gaza Strip,Khan Yunis,,Al Qararah,31.3739,34.3409,1,Palestine News and Information Agency,National,"On 18 December 2024, an Israeli drone struck Al Qararah town (Khan Yunis, Gaza Strip), resulting in one Palestinian killed.",1,,1753956656
PSE65637,12/18/2024,2024,1,Political violence,Explosions/Remote violence,Air/drone strike,Military Forces of Israel (2022-),,8,Civilians (Palestine),Refugees/IDPs (Palestine),7,78,Civilian targeting,275,Middle East,Palestine,Gaza Strip,Khan Yunis,,Al Fukhari,31.2952,34.3332,1,Ma'an News Agency; Palestine News and Information Agency,National,"On 18 December 2024, Israeli warplanes struck a tent where IDPs were sheltering in Al Fukhari town in (Khan Yunis, Gaza Strip), resulting in two dead [female and male].",2,,1753956656
PSE65638,12/18/2024,2024,1,Political violence,Explosions/Remote violence,Air/drone strike,Military Forces of Israel (2022-),,8,Civilians (Palestine),Refugees/IDPs (Palestine),7,78,Civilian targeting,275,Middle East,Palestine,Gaza Strip,Khan Yunis,,Al Mawasi (Khan Yunis),31.3482,34.2547,1,Ma'an News Agency; Quds News Network,National,"On 18 December 2024, Israeli warplanes struck a tent where IDPs were sheltering in Al Mawasi (Khan Yunis) in (Khan Yunis, Gaza Strip), resulting in one killed [female], and a number of her children injured.",1,,1762829569
PSE65645,12/18/2024,2024,1,Political violence,Explosions/Remote violence,Air/drone strike,Military Forces of Israel (2022-),,8,Civilians (Palestine),,7,78,Civilian targeting,275,Middle East,Palestine,Gaza Strip,Gaza City,,Gaza - Sheikh Radwan,31.5349,34.4667,1,Newpress; Quds News Network,National,"On 18 December 2024, Israeli warplanes struck the vicinity of Gaza - Sheikh Radwan (Gaza City, Gaza Strip). Also, Israeli artillery shelled two homes close to Abu Al Amin junction in the same location. Israeli warplanes also struck a home in Al Thaleth street close to Baar Al Sabaa Mosque in the same area. Casualties unknown.",0,,1759790002
PSE65650,12/18/2024,2024,1,Political violence,Explosions/Remote violence,Air/drone strike,Military Forces of Israel (2022-),,8,Civilians (Palestine),Journalists (Palestine),7,78,Civilian targeting,275,Middle East,Palestine,Gaza Strip,North Gaza,,Jabalya Camp,31.536,34.4907,1,Guardian (United Kingdom); International Federation of Journalists; Quds News Network,Other-National,"On 18 December 2024, Israeli warplanes carried out heavy raids on Jabalya Camp (North Gaza, Gaza Strip). One of the strikes killed a journalist. Fatalities coded as at least 1.",1,,1757975700
PSE65651,12/18/2024,2024,1,Political violence,Explosions/Remote violence,Air/drone strike,Military Forces of Israel (2022-),,8,Civilians (Palestine),,7,78,Civilian targeting,275,Middle East,Palestine,Gaza Strip,Gaza City,,Gaza - Sabra,31.5086,34.4493,1,Quds News Network,National,"On 18 December 2024, Israeli warplanes struck a home close to Al Istijabeh Mosque in Gaza - Sabra (Gaza City, Gaza Strip). Casualties unknown.",0,,1759790002
PSE65654,12/18/2024,2024,1,Political violence,Explosions/Remote violence,Shelling/artillery/missile attack,Military Forces of Israel (2022-),,8,Civilians (Palestine),Fishers (Palestine),7,78,Civilian targeting,275,Middle East,Palestine,Gaza Strip,Deir El Balah,,Coast of Deir al Balah,31.4323,34.3283,2,Dunia Al Watan; Palestine News and Information Agency,National,"On 18 December 2024, Israeli naval boats fired at fishermen [likely targeting their boat] in the sea near Deir El Balah, coded to off the Coast of Deir al Balah(Deir El Balah, Gaza Strip), arresting two fishermen and confiscating their boat.",0,,1764045690
PSE65687,12/18/2024,2024,1,Political violence,Explosions/Remote violence,Shelling/artillery/missile attack,Military Forces of Israel (2022-),,8,Civilians (Palestine),Refugees/IDPs (Palestine),7,78,Civilian targeting,275,Middle East,Palestine,Gaza Strip,Rafah,,Al Mawasi (Rafah),31.3294,34.2299,1,Ma'an News Agency,National,"On 18 December 2024, Israeli tanks shelled tents where IDPs were sheltering in Al Mawasi (Rafah) (Rafah, Gaza Strip), resulting in one dead and others injured.",1,,1762829569
PSE65697,12/18/2024,2024,1,Political violence,Explosions/Remote violence,Shelling/artillery/missile attack,Military Forces of Israel (2022-),,8,Civilians (Palestine),,7,78,Civilian targeting,275,Middle East,Palestine,Gaza Strip,Gaza City,,Gaza - Shujaiyya,31.4988,34.4699,1,Ma'an News Agency,National,"On 18 December 2024, Israeli artillery shelled Al Tawaheen street in Gaza - Shujaiyya (Gaza City, Gaza Strip), leaving 4 killed.",4,,1759790002
PSE65624,12/18/2024,2024,1,Political violence,Explosions/Remote violence,Air/drone strike,Military Forces of Israel (2022-),,8,Civilians (Palestine),,7,78,Civilian targeting,275,Middle East,Palestine,Gaza Strip,North Gaza,,Jabalya,31.5272,34.4835,1,Palestine News and Information Agency; Quds News Network,National,"On 18 December 2024, Israeli warplanes struck a home in Jabalya (North Gaza, Gaza Strip), resulting in at least 10 dead and other injuries [including children]. Total coded fatalities as at least 10.",10,,1759790002
PSE65627,12/18/2024,2024,1,Political violence,Explosions/Remote violence,Air/drone strike,Military Forces of Israel (2022-),,8,Civilians (Palestine),,7,78,Civilian targeting,275,Middle East,Palestine,Gaza Strip,Gaza City,,Gaza - Az Zaytun,31.4964,34.4522,1,Palestine News and Information Agency; Quds News Network,National,"On 18 December 2024, Israeli warplanes and drones fired at residential homes in the vicinity of Al Maslabeh area in Gaza - Az Zaytun (Gaza City, Gaza Strip). Israeli artillery also shelled the same location. Casualties unknown.",0,,1759790002
PSE65629,12/18/2024,2024,1,Political violence,Explosions/Remote violence,Air/drone strike,Military Forces of Israel (2022-),,8,Civilians (Palestine),,7,78,Civilian targeting,275,Middle East,Palestine,Gaza Strip,Rafah,,Rafah,31.287,34.2595,1,Palestine News and Information Agency,National,"On 18 December 2024, an Israeli drone struck Rafah city (Rafah, Gaza Strip), leaving 1 killed.",1,,1762829569
PSE66397,12/18/2024,2024,1,Political violence,Violence against civilians,Attack,Unidentified Communal Militia (Palestine),,4,Civilians (Palestine),,7,47,Civilian targeting,275,Middle East,Palestine,Gaza Strip,Deir El Balah,,An Nusayrat,31.4486,34.3925,1,Ma'an News Agency; Quds News Network,National,"On 18 December 2024, an unidentified group (likely criminals trying to steal aid) shot and killed three people [likely assisting with aid distribution] and injured 9 in An Nusayrat (Deir El Balah, Gaza Strip). This event was linked to violence over aid looting. This event involved violence over aid.",3,,1752544353
PSE65684,12/19/2024,2024,1,Political violence,Explosions/Remote violence,Air/drone strike,Military Forces of Israel (2022-),,8,Civilians (Palestine),,7,78,Civilian targeting,275,Middle East,Palestine,Gaza Strip,Deir El Balah,,Al Maghazi,31.4214,34.3865,1,Palestine News and Information Agency,National,"On 19 December 2024, Israeli warplanes struck a home in Al Maghazi camp (Deir El Balah, Gaza Strip), resulting in four Palestinians killed.",4,,1753956656
PSE65688,12/19/2024,2024,1,Political violence,Explosions/Remote violence,Air/drone strike,Military Forces of Israel (2022-),,8,Civilians (Palestine),,7,78,Civilian targeting,275,Middle East,Palestine,Gaza Strip,Gaza City,,Gaza - Ash Shati' Camp,31.5349,34.4466,1,Palestine News and Information Agency,National,"On 19 December 2024, Israeli warplanes struck a gathering of people in Gaza - Ash Shati' Camp (Gaza City, Gaza Strip), resulting in ten killed.",10,,1759790002
PSE65690,12/19/2024,2024,1,Political violence,Explosions/Remote violence,Air/drone strike,Military Forces of Israel (2022-),,8,Civilians (Palestine),,7,78,Civilian targeting,275,Middle East,Palestine,Gaza Strip,Deir El Balah,,An Nusayrat,31.4486,34.3925,1,Palestine News and Information Agency,National,"On 19 December 2024, Israeli warplanes struck the vicinity of Al Ahli club in An Nusayrat (Deir El Balah, Gaza Strip), leaving one killed and others injured.",1,,1753956656
PSE65691,12/19/2024,2024,1,Political violence,Explosions/Remote violence,Air/drone strike,Military Forces of Israel (2022-),,8,Civilians (Palestine),,7,78,Civilian targeting,275,Middle East,Palestine,Gaza Strip,Deir El Balah,,Wadi as Salqa,31.4005,34.3375,2,Palestine News and Information Agency,National,"On 19 December 2024, Israeli warplanes struck a gathering of people in Barakeh street south of Deir El Balah coded to Wadi as Salqa (Deir El Balah, Gaza Strip), leaving one killed and others injured.",1,,1753956656
PSE65693,12/19/2024,2024,1,Political violence,Explosions/Remote violence,Air/drone strike,Military Forces of Israel (2022-),,8,Civilians (Palestine),,7,78,Civilian targeting,275,Middle East,Palestine,Gaza Strip,Gaza City,,Gaza - Sabra,31.5086,34.4493,1,Liveuamap; Palestine News and Information Agency; Quds News Network,Local partner-New media,"On 19 December 2024, Israeli warplanes struck a home next to Al Sultan Bakery in Gaza - Sabra (Gaza City, Gaza Strip), leaving 3 killed and others injured. Also, Israeli warplanes struck another home in the vicinity of Al Maghribi area in the same location, leaving 2 killed and others injured. Additionally, the civil defense crew in Gaza recovered 4 bodies and several wounded in the same area. Total fatalities coded as 9.",9,,1759790002
PSE65695,12/19/2024,2024,1,Political violence,Explosions/Remote violence,Air/drone strike,Military Forces of Israel (2022-),,8,Civilians (Palestine),,7,78,Civilian targeting,275,Middle East,Palestine,Gaza Strip,Gaza City,,Gaza - Ad Darraj,31.5172,34.4642,1,Quds News Network,National,"On 19 December 2024, Israeli warplanes struck a home next to Al Darrj clinic in Gaza - Ad Darraj (Gaza City, Gaza Strip), leaving 4 killed [one child] and injuries [including children].",4,,1759790002
PSE65696,12/19/2024,2024,1,Political violence,Explosions/Remote violence,Air/drone strike,Military Forces of Israel (2022-),,8,Civilians (Palestine),,7,78,Civilian targeting,275,Middle East,Palestine,Gaza Strip,Gaza City,,Gaza - Sheikh Radwan,31.5349,34.4667,1,Quds News Network,National,"On 19 December 2024, Israeli warplanes struck a home in the vicinity of Saeed Siyam Mosque in Gaza - Sheikh Radwan (Gaza City, Gaza Strip). Casualties unknown.",0,,1759790002
PSE65699,12/19/2024,2024,1,Political violence,Explosions/Remote violence,Air/drone strike,Military Forces of Israel (2022-),,8,Civilians (Palestine),,7,78,Civilian targeting,275,Middle East,Palestine,Gaza Strip,Deir El Balah,,An Nusayrat - North,31.4591,34.3923,1,Quds News Network,National,"On 19 December 2024, an Israeli drone struck west of the new camp in An Nusayrat - North (Deir El Balah, Gaza Strip), resulting in injuries. Israeli artillery also shelled twice, the same areas.",0,,1753956656
PSE65702,12/19/2024,2024,1,Political violence,Explosions/Remote violence,Air/drone strike,Military Forces of Israel (2022-),,8,Civilians (Palestine),,7,78,Civilian targeting,275,Middle East,Palestine,Gaza Strip,North Gaza,,Beit Lahiya - Al Mashroo,31.5433,34.4998,1,Quds News Network,National,"On 19 December 2024, Israeli warplanes struck a home in the vicinity of Kamal Al Odwan Hospital in Beit Lahiya - Al Mashroo (North Gaza, Gaza Strip), resulting in injuries. Also, Israeli artillery heavily shelled Al Skafi area in the same location.",0,,1753956656
PSE65703,12/19/2024,2024,1,Political violence,Explosions/Remote violence,Air/drone strike,Military Forces of Israel (2022-),,8,Civilians (Palestine),,7,78,Civilian targeting,275,Middle East,Palestine,Gaza Strip,Deir El Balah,,Al Musaddar,31.4105,34.378,2,Quds News Network,National,"On 19 December 2024, Israeli warplanes struck a group of people in Al Barakah street southwest of Deir El Balah coded to Al Musaddar (Deir El Balah, Gaza Strip), leaving 1 killed and a number of injuries.",1,,1765850627
PSE65706,12/19/2024,2024,1,Political violence,Explosions/Remote violence,Air/drone strike,Military Forces of Israel (2022-),,8,Civilians (Palestine),,7,78,Civilian targeting,275,Middle East,Palestine,Gaza Strip,Deir El Balah,,Deir al Balah,31.4178,34.3503,1,Newpress,National,"On 19 December 2024, Israeli [likely warplanes] struck the inside of Sawaad Al Kheir camp in Deir al Balah (Deir El Balah, Gaza Strip), leaving 1 killed.",1,,1753956656
PSE65705,12/19/2024,2024,1,Political violence,Explosions/Remote violence,Shelling/artillery/missile attack,Military Forces of Israel (2022-),,8,Civilians (Palestine),,7,78,Civilian targeting,275,Middle East,Palestine,Gaza Strip,North Gaza,,Jabalya,31.5272,34.4835,1,Palestine News and Information Agency,National,"On 19 December 2024, Israeli artillery shelled Al Nuzha street in Jabalya in (North Gaza, Gaza Strip),leaving 6 killed and others injured.",6,,1759790002
PSE65683,12/19/2024,2024,1,Political violence,Explosions/Remote violence,Air/drone strike,Military Forces of Israel (2022-),,8,Civilians (Palestine),,7,78,Civilian targeting,275,Middle East,Palestine,Gaza Strip,Rafah,,Khirbet al Adas,31.2855,34.2714,2,Palestine News and Information Agency,National,"On 19 December 2024, an Israeli drone struck a gathering of people in Al Zuhur neighborhood south of Rafah city coded to Khirbet al Adas (Rafah, Gaza Strip), resulting in three Palestinians killed.",3,,1753956656
PSE65692,12/19/2024,2024,1,Political violence,Explosions/Remote violence,Air/drone strike,Military Forces of Israel (2022-),,8,Civilians (Palestine),,7,78,Civilian targeting,275,Middle East,Palestine,Gaza Strip,Rafah,,Al Junainah,31.2642,34.2636,1,Palestine News and Information Agency,National,"On 19 December 2024, Israeli warplanes struck a vehicle in Al Junainah (Rafah, Gaza Strip), leaving three killed and others injured.",3,,1753956656
PSE76509,12/19/2024,2024,1,Political violence,Violence against civilians,Attack,Unidentified Armed Group (Palestine),,3,Civilians (Palestine),,7,37,Civilian targeting,275,Middle East,Palestine,Gaza Strip,Deir El Balah,,An Nusayrat,31.4486,34.3925,1,Aid Worker Security Database,Local partner-Other,"On 19 December 2024, an unidentified looter group shot and killed two members of aid security committees providing security to an aid truck in An Nusayrat (Deir El Balah, Gaza Strip). This event was linked to violence over aid looting. This event involved violence over aid.",2,,1756156113
PSE65724,12/20/2024,2024,1,Political violence,Explosions/Remote violence,Air/drone strike,Military Forces of Israel (2022-),,8,Civilians (Palestine),,7,78,Civilian targeting,275,Middle East,Palestine,Gaza Strip,North Gaza,,Beit Hanoun,31.5405,34.5402,1,Palestine News and Information Agency,National,"On 20 December 2024, Israeli warplanes carried out a raids in Beit Hanoun (North Gaza, Gaza Strip), leaving 4 killed and others injured.",4,,1753956656
PSE65726,12/20/2024,2024,1,Political violence,Explosions/Remote violence,Air/drone strike,Military Forces of Israel (2022-),,8,Civilians (Palestine),,7,78,Civilian targeting,275,Middle East,Palestine,Gaza Strip,Deir El Balah,,An Nusayrat,31.4486,34.3925,1,Palestine News and Information Agency,National,"On 20 December 2024, Israeli warplanes struck a home in An Nusayrat Camp (Deir El Balah, Gaza Strip), leaving 7 killed [including two children] and others injured. Also, Israeli warplanes heavily struck the area again [casualties unknown]. Total fatalities coded as at least 7.",7,,1753956656
PSE65730,12/20/2024,2024,1,Political violence,Explosions/Remote violence,Air/drone strike,Military Forces of Israel (2022-),,8,Civilians (Palestine),,7,78,Civilian targeting,275,Middle East,Palestine,Gaza Strip,Gaza City,,Gaza - Sheikh Radwan,31.5349,34.4667,1,Quds News Network,National,"On 20 December 2024, Israeli warplanes struck a home in Gaza - Sheikh Radwan (Gaza City, Gaza Strip). Casualties unknown.",0,,1759790002
PSE65740,12/20/2024,2024,1,Political violence,Explosions/Remote violence,Shelling/artillery/missile attack,Military Forces of Israel (2022-),,8,Civilians (Palestine),Health Workers (Palestine),7,78,Civilian targeting,275,Middle East,Palestine,Gaza Strip,North Gaza,,Beit Lahiya - Al Mashroo,31.5433,34.4998,1,Quds News Network,National,"On 20 December 2024, Israeli artillery heavily shelled the entrance of Kamal Al Odwan Hospital in Beit Lahiya - Al Mashroo (North Gaza, Gaza Strip). Additionally, Israeli artillery shelled Al Safir tower in the vicinity of the hospital. Also, Israeli artillery heavily struck Al Skafi area in the same location. Casualties unknown.",0,,1753956656
PSE65743,12/20/2024,2024,1,Political violence,Explosions/Remote violence,Air/drone strike,Military Forces of Israel (2022-),,8,Civilians (Palestine),,7,78,Civilian targeting,275,Middle East,Palestine,Gaza Strip,Gaza City,,Gaza - Ash Shati' Camp,31.5349,34.4466,2,Quds News Network,National,"On 20 December 2024, Israeli warplanes struck a home close to Al Saroukh junction northwest of Gaza city coded to Gaza - Ash Shati' Camp (Gaza City, Gaza Strip). Also, Israeli warplanes struck al Karameh area coded to the same location. Casualties unknown.",0,,1759790002
PSE65732,12/20/2024,2024,1,Political violence,Explosions/Remote violence,Air/drone strike,Military Forces of Israel (2022-),,8,Civilians (Palestine),,7,78,Civilian targeting,275,Middle East,Palestine,Gaza Strip,North Gaza,,Jabalya,31.5272,34.4835,1,Ma'an News Agency; Quds News Network,National,"On 20 December 2024, Israeli drones struck Al Nuzha street and the vicinity of fishar roundabout in Jabalya (North Gaza, Gaza Strip). Also, Israeli warplanes struck a home in the same location, leaving 12 killed, 7 of whom are children, and others injured.",12,,1759790002
PSE65733,12/20/2024,2024,1,Political violence,Explosions/Remote violence,Air/drone strike,Military Forces of Israel (2022-),,8,Civilians (Palestine),,7,78,Civilian targeting,275,Middle East,Palestine,Gaza Strip,Gaza City,,Gaza - Az Zaytun,31.4964,34.4522,2,Quds News Network,National,"On 20 December 2024, Israeli helicopters fired at a home east of Gaza - Az Zaytun (Gaza City, Gaza Strip). Also, Israeli artillery fired at south of Gaza city. Casualties unknown.",0,,1759790002
PSE65741,12/20/2024,2024,1,Political violence,Explosions/Remote violence,Air/drone strike,Military Forces of Israel (2022-),,8,Civilians (Palestine),,7,78,Civilian targeting,275,Middle East,Palestine,Gaza Strip,North Gaza,,Jabalya - Tel-Zaatar,31.5367,34.5035,1,Quds News Network,National,"On 20 December 2024, Israeli warplanes struck homes close to Al Odeh Hospital in Jabalya - Tel-Zaatar (North Gaza, Gaza Strip), resulting in 4 injuries.",0,,1759790002
PSE65767,12/21/2024,2024,1,Political violence,Explosions/Remote violence,Air/drone strike,Military Forces of Israel (2022-),,8,Civilians (Palestine),Refugees/IDPs (Palestine),7,78,Civilian targeting,275,Middle East,Palestine,Gaza Strip,Gaza City,,Gaza - Ash Shati' Camp,31.5349,34.4466,1,Palestine News and Information Agency,National,"On 21 December 2024, Israeli warplanes launched a series of airstrikes on Gaza - Ash Shati' Camp (Gaza City, Gaza Strip) killing 7 people and injuring others.",7,,1759790002
PSE65769,12/21/2024,2024,1,Political violence,Explosions/Remote violence,Air/drone strike,Military Forces of Israel (2022-),,8,Civilians (Palestine),,7,78,Civilian targeting,275,Middle East,Palestine,Gaza Strip,Khan Yunis,,Abasan al Kabirah,31.3191,34.3401,1,Palestine News and Information Agency; Quds News Network,National,"On 21 December 2024, an Israeli drone targeted Abasan al Kabirah (Khan Yunis, Gaza Strip) injuring two people.",0,,1753956656
PSE65770,12/21/2024,2024,1,Political violence,Explosions/Remote violence,Air/drone strike,Military Forces of Israel (2022-),,8,Civilians (Palestine),Health Workers (Palestine),7,78,Civilian targeting,275,Middle East,Palestine,Gaza Strip,North Gaza,,Beit Lahiya - Al Mashroo,31.5433,34.4998,1,Palestine News and Information Agency; Quds News Network,National,"On 21 December 2024, Israeli warplanes and artillery, as well as explosive-laden remotely operated vehicles (robots) heavily targeted Kamal Adwan Hospital and its vicinity as well as other areas in Beit Lahiya - Al Mashroo (North Gaza, Gaza Strip) killing 2 people and injuring others, including patients and health workers and causing heavy material damage at the hospital.",2,,1759179058
PSE65771,12/21/2024,2024,1,Political violence,Explosions/Remote violence,Air/drone strike,Military Forces of Israel (2022-),,8,Civilians (Palestine),,7,78,Civilian targeting,275,Middle East,Palestine,Gaza Strip,Gaza City,,Gaza - Shujaiyya,31.4988,34.4699,1,Palestine News and Information Agency,National,"On 21 December 2024, Israeli warplanes targeted Mansoura street in Gaza - Shujaiyya (Gaza City, Gaza Strip) killing 4 people and injuring others.",4,,1759790002
PSE65773,12/21/2024,2024,1,Political violence,Explosions/Remote violence,Air/drone strike,Military Forces of Israel (2022-),,8,Civilians (Palestine),Refugees/IDPs (Palestine),7,78,Civilian targeting,275,Middle East,Palestine,Gaza Strip,Deir El Balah,,An Nusayrat - North,31.4591,34.3923,1,Palestine News and Information Agency,National,"On 21 December 2024, Israeli warplanes targeted houses in the new camp in An Nusayrat - North (Deir El Balah, Gaza Strip) killing 4 people in one of them, including children, and injuring 14 others. Israeli artillery also targeted the same location on the same day, casualties unknown.",4,,1753956656
PSE65781,12/21/2024,2024,1,Political violence,Explosions/Remote violence,Air/drone strike,Military Forces of Israel (2022-),,8,Civilians (Palestine),,7,78,Civilian targeting,275,Middle East,Palestine,Gaza Strip,Gaza City,,Gaza,31.5045,34.4743,1,Quds News Network,National,"On 21 December 2024, Israeli warplanes targeted a house in the vicinity of AlTabi'in school located on Nafaq Street in Gaza (Gaza City, Gaza Strip) killing 1 person and injuring many others. In the same location, Israeli forces, likely warplanes, targeted a group of people in Yafa Street killing 1 person. Total confirmed fatalities is 2.",2,,1759790002
PSE65795,12/21/2024,2024,1,Political violence,Explosions/Remote violence,Air/drone strike,Military Forces of Israel (2022-),,8,Civilians (Palestine),,7,78,Civilian targeting,275,Middle East,Palestine,Gaza Strip,Gaza City,,Gaza - Ad Darraj,31.5172,34.4642,1,Liveuamap,Local partner-New media,"On 21 December 2024, Israeli warplanes targeted a gathering of Palestinians in Gaza - Ad Darraj (Gaza City, Gaza Strip) killing 1 person and wounding others.",1,,1759790002
PSE65783,12/21/2024,2024,1,Political violence,Explosions/Remote violence,Air/drone strike,Military Forces of Israel (2022-),,8,Civilians (Palestine),,7,78,Civilian targeting,275,Middle East,Palestine,Gaza Strip,Deir El Balah,,Deir al Balah Camp,31.4249,34.34,2,Liveuamap; Quds News Network,Local partner-New media,"On 21 December 2024, Israeli forces, likely warplanes, targeted a house on Al-Mazra'a Street east of Deir el Balah, coded to Deir al Balah Camp (Deir El Balah, Gaza Strip) killing at least 6 people and injuring others.",6,,1765850627
PSE65772,12/21/2024,2024,1,Political violence,Explosions/Remote violence,Air/drone strike,Military Forces of Israel (2022-),,8,Civilians (Palestine),,7,78,Civilian targeting,275,Middle East,Palestine,Gaza Strip,North Gaza,,Sheikh Zaid,31.5392,34.5117,1,Palestine News and Information Agency,National,"On 21 December 2024, Israeli forces, likely warplanes, targeted a house in Sheikh Zaid (North Gaza, Gaza Strip) killing a woman and her 3 daughters.",4,,1759790002
PSE65768,12/21/2024,2024,1,Political violence,Explosions/Remote violence,Air/drone strike,Military Forces of Israel (2022-),,8,Civilians (Palestine),,7,78,Civilian targeting,275,Middle East,Palestine,Gaza Strip,Rafah,,Khirbet al Adas,31.2855,34.2714,1,Palestine News and Information Agency,National,"On 21 December 2024, an Israeli drone targeted Khirbet al Adas (Rafah, Gaza Strip) killing 2 people and injuring others.",2,,1753956656
PSE65828,12/22/2024,2024,1,Political violence,Explosions/Remote violence,Air/drone strike,Military Forces of Israel (2022-),,8,Civilians (Palestine),Refugees/IDPs (Palestine),7,78,Civilian targeting,275,Middle East,Palestine,Gaza Strip,Deir El Balah,,Al Burayj,31.4394,34.4031,1,Dunia Al Watan,National,"On 22 December 2024, Israeli forces, likely airstrikes, targeted a group of people in Block 3 of Al Burayj camp (Deir El Balah, Gaza Strip) killing 5 and injuring others.",5,,1753956656
PSE65829,12/22/2024,2024,1,Political violence,Explosions/Remote violence,Air/drone strike,Military Forces of Israel (2022-),,8,Civilians (Palestine),,7,78,Civilian targeting,275,Middle East,Palestine,Gaza Strip,North Gaza,,Beit Lahiya - Al Mashroo,31.5433,34.4998,1,Palestine News and Information Agency,National,"On 22 December 2024, Israeli warplanes, including helicopters and quadcopter drones, as well as artillery continued to target Kamal Adwan Hospital and its vicinity in Beit Lahiya - Al Mashroo (North Gaza, Gaza Strip), killing 3 people and injuring others near the hospital as well as causing material damage inside the hospital. Israeli warplanes and artillery continuously targeted other areas of that same location. Casualties unknown.",3,,1753956656
PSE65832,12/22/2024,2024,1,Political violence,Explosions/Remote violence,Air/drone strike,Military Forces of Israel (2022-),,8,Civilians (Palestine),Refugees/IDPs (Palestine),7,78,Civilian targeting,275,Middle East,Palestine,Gaza Strip,Deir El Balah,,An Nusayrat - North,31.4591,34.3923,1,Dunia Al Watan; Quds News Network,National,"On 22 December 2024, Israeli quadcopter drones targeted a school sheltering IDPs in a camp in An Nusayrat - North (Deir El Balah, Gaza Strip) injuring many Palestinians. An Israeli airstrike targeted a house in the new camp in the same location. Israeli strikes on that location killed at least 10 people in total.",10,,1753956656
PSE65841,12/22/2024,2024,1,Political violence,Explosions/Remote violence,Air/drone strike,Military Forces of Israel (2022-),,8,Civilians (Palestine),,7,78,Civilian targeting,275,Middle East,Palestine,Gaza Strip,Khan Yunis,,Khan Yunis,31.3502,34.3081,1,Quds News Network,National,"On 22 December 2024, Israeli helicopters fired at a residential house in Khan Yunis (Khan Yunis, Gaza Strip) killing 11 people.",11,,1753956656
PSE65843,12/22/2024,2024,1,Political violence,Explosions/Remote violence,Air/drone strike,Military Forces of Israel (2022-),,8,Civilians (Palestine),,7,78,Civilian targeting,275,Middle East,Palestine,Gaza Strip,Gaza City,,Gaza,31.5045,34.4743,1,Quds News Network,National,"On 22 December 2024, Israeli forces, likely warplanes, targeted a vehicle in Gaza (Gaza City, Gaza Strip) killing 4 people and injuring others. Israeli forces also launched an airstrike on a house in the same location killing 1 pregnant woman. Total confirmed fatalities is 5.",5,,1759790002
PSE65851,12/22/2024,2024,1,Political violence,Explosions/Remote violence,Shelling/artillery/missile attack,Military Forces of Israel (2022-),,8,Civilians (Palestine),,7,78,Civilian targeting,275,Middle East,Palestine,Gaza Strip,Gaza City,,Gaza - Shujaiyya,31.4988,34.4699,1,Liveuamap,Local partner-New media,"On 22 December 2024, Israeli artillery targeted Gaza - Shujaiyya (Gaza City, Gaza Strip) killing 2people and wounding others.",2,,1759790002
PSE65852,12/22/2024,2024,1,Political violence,Explosions/Remote violence,Air/drone strike,Military Forces of Israel (2022-),,8,Civilians (Palestine),Refugees/IDPs (Palestine),7,78,Civilian targeting,275,Middle East,Palestine,Gaza Strip,Deir El Balah,,An Nusayrat,31.4486,34.3925,1,Quds News Network,National,"On 22 December 2024, an Israeli drone targeted An Nusayrat camp (Deir El Balah, Gaza Strip) injuring several people.",0,,1753956656
PSE65827,12/22/2024,2024,1,Political violence,Explosions/Remote violence,Air/drone strike,Military Forces of Israel (2022-),,8,Civilians (Palestine),,7,78,Civilian targeting,275,Middle East,Palestine,Gaza Strip,North Gaza,,Jabalya,31.5272,34.4835,1,Palestine News and Information Agency; Quds News Network,National,"On 22 December 2024, Israeli forces, likely warplanes, targeted a house in Jabalya town (North Gaza, Gaza Strip) killing 5 people, including 4 children, and injuring others.",5,,1759790002
PSE65846,12/22/2024,2024,1,Political violence,Explosions/Remote violence,Air/drone strike,Military Forces of Israel (2022-),,8,Civilians (Palestine),,7,78,Civilian targeting,275,Middle East,Palestine,Gaza Strip,Gaza City,,Gaza - Az Zaytun,31.4964,34.4522,1,Quds News Network,National,"On 22 December 2024, Israeli warplanes targeted a house in Gaza - Az Zaytun (Gaza City, Gaza Strip) injuring 2 people.",0,,1759790002
PSE65871,12/23/2024,2024,1,Political violence,Explosions/Remote violence,Air/drone strike,Military Forces of Israel (2022-),,8,Civilians (Palestine),Refugees/IDPs (Palestine),7,78,Civilian targeting,275,Middle East,Palestine,Gaza Strip,Deir El Balah,,An Nusayrat - North,31.4591,34.3923,1,Al-Ittihad; Quds News Network,National-Regional,"On 23 December 2024, Israeli warplanes targeted the new camp in An Nusayrat - North (Deir El Balah, Gaza Strip) killing 4 people and injuring 3 others. Israeli drones also targeted a school sheltering IDPs in the same location killing 1 person and injuring others. Total confirmed fatalities is 5.",5,,1753956656
PSE65872,12/23/2024,2024,1,Political violence,Explosions/Remote violence,Air/drone strike,Military Forces of Israel (2022-),,8,Civilians (Palestine),,7,78,Civilian targeting,275,Middle East,Palestine,Gaza Strip,Gaza City,,Gaza - Shujaiyya,31.4988,34.4699,2,Palestine News and Information Agency; Quds News Network,National,"On 23 December 2024, Israeli warplanes targeted a house in al Shaaf neighborhood in east of Gaza city, coded to Gaza - Shujaiyya (Gaza City, Gaza Strip) killing 1 person and injuring others. On the same day, Israeli warplanes targeted a house in east of Gaza city, coded to the same location, killing 4 people, including a woman and two children, and injuring others. Total confirmed fatalities is 5.",5,,1759790002
PSE65874,12/23/2024,2024,1,Political violence,Explosions/Remote violence,Air/drone strike,Military Forces of Israel (2022-),,8,Civilians (Palestine),,7,78,Civilian targeting,275,Middle East,Palestine,Gaza Strip,Khan Yunis,,Al Mawasi (Khan Yunis),31.3482,34.2547,1,Palestine News and Information Agency; Quds News Network,National,"On 23 December 2024, Israeli drones targeted a vehicle in Al Mawasi (Khan Yunis) (Khan Yunis, Gaza Strip) killing 2 people and injuring others.",2,,1762829569
PSE65878,12/23/2024,2024,1,Political violence,Explosions/Remote violence,Air/drone strike,Military Forces of Israel (2022-),,8,Civilians (Palestine),Health Workers (Palestine),7,78,Civilian targeting,275,Middle East,Palestine,Gaza Strip,North Gaza,,Beit Lahiya - Al Mashroo,31.5433,34.4998,1,Palestine News and Information Agency; Quds News Network,National,"On 23 December 2024, Israeli forces continued the siege on Kamal Adwan Hospital in Beit Lahiya - Al Mashroo (North Gaza, Gaza Strip) and targeted the hospital and its vicinity with warplanes, artillery and explosive-laden remotely operated vehicles (robots); killing 1 person and injuring 20 people, including patients and health workers.",1,,1759179058
PSE65880,12/23/2024,2024,1,Political violence,Explosions/Remote violence,Air/drone strike,Military Forces of Israel (2022-),,8,Civilians (Palestine),,7,78,Civilian targeting,275,Middle East,Palestine,Gaza Strip,Gaza City,,Gaza - Shujaiyya,31.4988,34.4699,1,Palestine News and Information Agency,National,"On 23 December 2024, Israeli warplanes targeted a group of people in Mushtaha street in Gaza - Shujaiyya (Gaza City, Gaza Strip) killing 3 and injuring others.",3,,1759790002
PSE65881,12/23/2024,2024,1,Political violence,Explosions/Remote violence,Air/drone strike,Military Forces of Israel (2022-),,8,Civilians (Palestine),,7,78,Civilian targeting,275,Middle East,Palestine,Gaza Strip,Gaza City,,Gaza,31.5045,34.4743,1,Palestine News and Information Agency,National,"On 23 December 2024, Israeli warplanes targeted a group of people in Al Saraya intersection in Gaza (Gaza City, Gaza Strip) killing 4 and injuring others.",4,,1759790002
PSE65882,12/23/2024,2024,1,Political violence,Explosions/Remote violence,Air/drone strike,Military Forces of Israel (2022-),,8,Civilians (Palestine),,7,78,Civilian targeting,275,Middle East,Palestine,Gaza Strip,Deir El Balah,,Deir al Balah,31.4178,34.3503,1,Palestine News and Information Agency,National,"On 23 December 2024, Israeli warplanes targeted a vehicle near Salah al Din street in Deir al Balah (Deir El Balah, Gaza Strip) killing 4 people and injuring others.",4,,1753956656
PSE65884,12/23/2024,2024,1,Political violence,Explosions/Remote violence,Air/drone strike,Military Forces of Israel (2022-),,8,Civilians (Palestine),,7,78,Civilian targeting,275,Middle East,Palestine,Gaza Strip,Khan Yunis,,Bani Suheila,31.3424,34.325,1,Quds News Network,National,"On 23 December 2024, Israeli warplanes targeted a group of people near the Bani Suheila intersection in Bani Suheila (Khan Yunis, Gaza Strip) injuring 3 people.",0,,1753956656
PSE65887,12/23/2024,2024,1,Political violence,Explosions/Remote violence,Air/drone strike,Military Forces of Israel (2022-),,8,Civilians (Palestine),,7,78,Civilian targeting,275,Middle East,Palestine,Gaza Strip,Gaza City,,Gaza - At Tuffah,31.5134,34.4751,1,Arab 48,National,"On 23 December 2024, Israeli drones targeted a house in Gaza - At Tuffah (Gaza City, Gaza Strip). Casualties unknown.",0,,1759790002
PSE65892,12/23/2024,2024,1,Political violence,Explosions/Remote violence,Air/drone strike,Military Forces of Israel (2022-),,8,Civilians (Palestine),Refugees/IDPs (Palestine),7,78,Civilian targeting,275,Middle East,Palestine,Gaza Strip,Khan Yunis,,Khan Yunis - West (Municipal Stadium),31.3484,34.2961,2,Liveuamap; Quds News Network,Local partner-New media,"On 23 December 2024, Israeli warplanes targeted a bus sheltering IDPs west of Khan Yunis city, coded to Khan Yunis - West (Municipal Stadium) (Khan Yunis, Gaza Strip) killing 1 person and injuring others. Israeli drones also targeted the same location injuring people.",1,,1753956656
PSE65899,12/23/2024,2024,1,Political violence,Explosions/Remote violence,Air/drone strike,Military Forces of Israel (2022-),,8,Civilians (Palestine),,7,78,Civilian targeting,275,Middle East,Palestine,Gaza Strip,Rafah,,Yibna,31.2842,34.2482,2,Palestine News and Information Agency,National,"On 23 December 2024, Israeli warplanes targeted east of Rafah, coded to Yibna (Rafah, Gaza Strip), leaving unknown number of fatalities. Unspecified number of fatalities coded to 3.",3,,1753956656
PSE65900,12/23/2024,2024,1,Political violence,Explosions/Remote violence,Air/drone strike,Military Forces of Israel (2022-),,8,Civilians (Palestine),,7,78,Civilian targeting,275,Middle East,Palestine,Gaza Strip,Rafah,,Rafah,31.287,34.2595,2,Palestine News and Information Agency,National,"On 23 December 2024, Israeli warplanes targeted east of Rafah and Khan Yunis, coded to Rafah area (Gaza Strip), killing 3 persons.",3,,1762829569
PSE65873,12/23/2024,2024,1,Political violence,Explosions/Remote violence,Air/drone strike,Military Forces of Israel (2022-),,8,Civilians (Palestine),,7,78,Civilian targeting,275,Middle East,Palestine,Gaza Strip,Rafah,,Al Mawasi (Rafah),31.3294,34.2299,1,Palestine News and Information Agency; Quds News Network,National,"On 23 December 2024, Israeli drones targeted a group of people (members of aid security committees) in Al Mawasi (Rafah) killing 2 and injuring others. This event involved violence over aid.",2,,1762829569
PSE65876,12/24/2024,2024,1,Political violence,Explosions/Remote violence,Shelling/artillery/missile attack,Military Forces of Israel (2022-),,8,Civilians (Palestine),,7,78,Civilian targeting,275,Middle East,Palestine,Gaza Strip,Deir El Balah,,Deir al Balah Camp,31.4249,34.34,2,Palestine News and Information Agency,National,"On 24 December 2024, Israeli artillery targeted east of Deir el Balah, coded to Deir al Balah Camp (Deir El Balah, Gaza Strip) killing 1 person and injuring others.",1,,1765850627
PSE65885,12/24/2024,2024,1,Political violence,Explosions/Remote violence,Shelling/artillery/missile attack,Military Forces of Israel (2022-),,8,Civilians (Palestine),,7,78,Civilian targeting,275,Middle East,Palestine,Gaza Strip,Khan Yunis,,Khuzaa,31.3069,34.3572,2,Quds News Network,National,"On 24 December 2024, Israeli artillery targeted east of Khuzaa (Khan Yunis, Gaza Strip). Casualties unknown.",0,,1753956656
PSE65929,12/24/2024,2024,1,Political violence,Explosions/Remote violence,Air/drone strike,Military Forces of Israel (2022-),,8,Civilians (Palestine),Labor Group (Palestine),7,78,Civilian targeting,275,Middle East,Palestine,Gaza Strip,Gaza City,,Gaza - Ad Darraj,31.5172,34.4642,1,Al Ghad (Jordan); Quds News Network,National-Regional,"On 24 December 2024, Israeli warplanes targeted a building belonging to the Civil Defense Service in Gaza - Ad Darraj (Gaza City, Gaza Strip) killing 4 people, including 2 civil defense personnel. On the same day, Israeli warplanes targeted a house near Yafa school in the same location killing 1 woman. Israeli artillery also targeted the same location. Casualties unknown. Total confirmed fatalities at least 5.",5,,1759790002
PSE65930,12/24/2024,2024,1,Political violence,Explosions/Remote violence,Air/drone strike,Military Forces of Israel (2022-),,8,Civilians (Palestine),,7,78,Civilian targeting,275,Middle East,Palestine,Gaza Strip,Gaza City,,Gaza - Sheikh Radwan,31.5349,34.4667,1,Al Ghad (Jordan); Palestine News and Information Agency,National-Regional,"On 24 December 2024, Israeli warplanes targeted a group of people near Jahjouh intersection in Gaza - Sheikh Radwan (Gaza City, Gaza Strip) killing 2 people and injuring others.",2,,1759790002
PSE65932,12/24/2024,2024,1,Political violence,Explosions/Remote violence,Air/drone strike,Military Forces of Israel (2022-),,8,Civilians (Palestine),,7,78,Civilian targeting,275,Middle East,Palestine,Gaza Strip,North Gaza,,Beit Lahiya - Al Mashroo,31.5433,34.4998,1,Newpress; Twitter,New media-National,"On 24 December 2024, Israeli forces used warplanes, quadcopter drones, artillery and explosive-laden remotely operated vehicles (robots) to continuously target Kamal Adwan Hospital and its vicinity in Beit Lahiya - Al Mashroo (North Gaza, Gaza Strip) and also targeted houses in the area. Casualties unknown.",0,,1759179058
PSE65933,12/24/2024,2024,1,Political violence,Explosions/Remote violence,Air/drone strike,Military Forces of Israel (2022-),,8,Civilians (Palestine),,7,78,Civilian targeting,275,Middle East,Palestine,Gaza Strip,Gaza City,,Gaza - Shujaiyya,31.4988,34.4699,2,Quds News Network,National,"On 24 December 2024, Israeli warplanes targeted the last floor of Sahaba tower in east of Gaza city, coded to Gaza - Shujaiyya (Gaza City, Gaza Strip), killing 1 person.",1,,1759790002
PSE65934,12/24/2024,2024,1,Political violence,Explosions/Remote violence,Air/drone strike,Military Forces of Israel (2022-),,8,Civilians (Palestine),Refugees/IDPs (Palestine),7,78,Civilian targeting,275,Middle East,Palestine,Gaza Strip,Deir El Balah,,An Nusayrat,31.4486,34.3925,1,Palestine News and Information Agency; Quds News Network,National,"On 24 December 2024, Israeli warplanes launched an airstrike near Abu Arabiyan school in An Nusayrat (Deir El Balah, Gaza Strip) injuring 12 people, including women and children. Israeli warplanes also targeted a house in the same location killing 1 person and injuring many others.",1,,1753956656
PSE65936,12/24/2024,2024,1,Political violence,Explosions/Remote violence,Air/drone strike,Military Forces of Israel (2022-),,8,Civilians (Palestine),,7,78,Civilian targeting,275,Middle East,Palestine,Gaza Strip,North Gaza,,Beit Hanoun,31.5405,34.5402,1,Palestine News and Information Agency,National,"On 24 December 2024, Israeli warplanes targeted a house in Beit Hanoun (North Gaza, Gaza Strip) killing 3 people and injuring others.",3,,1753956656
PSE65937,12/24/2024,2024,1,Political violence,Explosions/Remote violence,Air/drone strike,Military Forces of Israel (2022-),,8,Civilians (Palestine),Refugees/IDPs (Palestine),7,78,Civilian targeting,275,Middle East,Palestine,Gaza Strip,Khan Yunis,,Khan Yunis - Emirati,31.3624,34.2949,2,Palestine News and Information Agency,National,"On 24 December 2024, Israeli warplanes targeted an IDP tent in northwest of Khan Yunis, coded to Khan Yunis - Emirati (Khan Yunis, Gaza Strip) killing 2 people and injuring 7 others.",2,,1753956656
PSE65950,12/24/2024,2024,1,Political violence,Explosions/Remote violence,Air/drone strike,Military Forces of Israel (2022-),,8,Civilians (Palestine),,7,78,Civilian targeting,275,Middle East,Palestine,Gaza Strip,Gaza City,,Gaza - Southern Remal,31.5168,34.4355,2,Quds News Network,National,"On 24 December 2024, Israeli warplanes targeted a group of Palestinians near the Ministry of Education west of Gaza city, coded to Gaza - Southern Remal (Gaza City, Gaza Strip). Casualties unknown.",0,,1759790002
PSE65953,12/24/2024,2024,1,Political violence,Explosions/Remote violence,Air/drone strike,Military Forces of Israel (2022-),,8,Civilians (Palestine),,7,78,Civilian targeting,275,Middle East,Palestine,Gaza Strip,Gaza City,,Gaza - Shujaiyya,31.4988,34.4699,1,Quds News Network,National,"On 24 December 2024, Israeli warplanes targeted a house near Islah Mosque in Gaza - Shujaiyya (Gaza City, Gaza Strip). Casualties unknown.",0,,1759790002
PSE65935,12/24/2024,2024,1,Political violence,Explosions/Remote violence,Air/drone strike,Military Forces of Israel (2022-),,8,Civilians (Palestine),,7,78,Civilian targeting,275,Middle East,Palestine,Gaza Strip,North Gaza,,Jabalya,31.5272,34.4835,1,Palestine News and Information Agency; Quds News Network,National,"On 24 December 2024, Israeli warplanes targeted a residential building in Jabalya (North Gaza, Gaza Strip) killing 9 people and injuring others.",9,,1759790002
PSE65938,12/24/2024,2024,1,Political violence,Explosions/Remote violence,Air/drone strike,Military Forces of Israel (2022-),,8,Civilians (Palestine),,7,78,Civilian targeting,275,Middle East,Palestine,Gaza Strip,Gaza City,,Gaza - Tal el Hawa,31.5041,34.435,1,Al Ghad (Jordan),Regional,"On 24 December 2024, Israeli forces, likely warplanes, targeted a group of people in Gaza - Tal el Hawa (Gaza City, Gaza Strip) killing 3.",3,,1759790002
PSE65928,12/24/2024,2024,1,Political violence,Explosions/Remote violence,Air/drone strike,Military Forces of Israel (2022-),,8,Civilians (Palestine),,7,78,Civilian targeting,275,Middle East,Palestine,Gaza Strip,Rafah,,Khirbet al Adas,31.2855,34.2714,2,Palestine News and Information Agency,National,"On 24 December 2024, an Israeli drone targeted north of Rafah city, coded to Khirbet al Adas (Rafah, Gaza Strip) killing 1 person and injuring others.",1,,1753956656
PSE65895,12/25/2024,2024,1,Political violence,Explosions/Remote violence,Shelling/artillery/missile attack,Military Forces of Israel (2022-),,8,Civilians (Palestine),Refugees/IDPs (Palestine),7,78,Civilian targeting,275,Middle East,Palestine,Gaza Strip,Khan Yunis,,Al Mawasi (Khan Yunis),31.3482,34.2547,1,Palestine News and Information Agency,National,"On 25 December 2024, Israeli artillery shelled tents where IDPs were sheltering in Al Mawasi (Khan Yunis) (Khan Yunis, Gaza Strip). Casualties unknown.",0,,1762829569
PSE65948,12/25/2024,2024,1,Political violence,Explosions/Remote violence,Shelling/artillery/missile attack,Military Forces of Israel (2022-),,8,Civilians (Palestine),Refugees/IDPs (Palestine),7,78,Civilian targeting,275,Middle East,Palestine,Gaza Strip,North Gaza,,Beit Hanoun,31.5405,34.5402,1,Liveuamap,Local partner-New media,"On 25 December 2024, Israeli artillery heavily shelled shelters [likely IDPs] in Beit Hanoun (North Gaza, Gaza Strip), resulting in fatalities and injuries [unspecified number of fatalities coded as 3]",3,,1753956656
PSE65986,12/25/2024,2024,1,Political violence,Explosions/Remote violence,Air/drone strike,Military Forces of Israel (2022-),,8,Civilians (Palestine),,7,78,Civilian targeting,275,Middle East,Palestine,Gaza Strip,Deir El Balah,,An Nusayrat - South,31.4389,34.3815,1,Palestine News and Information Agency,National,"On 25 December 2024, Israeli warplanes struck a residential apartment close to Ain Jalout towers in An Nusayrat - South (Deir El Balah, Gaza Strip), resulting in two dead and others injured.",2,,1753956656
PSE65987,12/25/2024,2024,1,Political violence,Explosions/Remote violence,Air/drone strike,Military Forces of Israel (2022-),,8,Civilians (Palestine),,7,78,Civilian targeting,275,Middle East,Palestine,Gaza Strip,Deir El Balah,,Deir al Balah,31.4178,34.3503,1,Palestine News and Information Agency,National,"On 25 December 2024, Israeli warplanes struck a residential home in Deir al Balah (Deir El Balah, Gaza Strip), resulting in fatalities and injuries [Unspecified number of fatalities coded as 3]. Also, Israeli warplanes struck a residential home in Yaffa Street in the same location [Casualties unknown].",3,,1753956656
PSE65988,12/25/2024,2024,1,Political violence,Explosions/Remote violence,Air/drone strike,Military Forces of Israel (2022-),,8,Civilians (Palestine),,7,78,Civilian targeting,275,Middle East,Palestine,Gaza Strip,Khan Yunis,,Khan Yunis - Maen,31.336,34.3172,2,Palestine News and Information Agency,National,"On 25 December 2024, Israeli drones struck a group of people in Abu Khater Neighborhood, close to the Islamic University in southeast of Khan Yunis, coded to Khan Yunis - Maen (Khan Yunis, Gaza Strip), resulting in deaths and injuries. [Unspecified number of fatalities coded as 3]",3,,1753956656
PSE65990,12/25/2024,2024,1,Political violence,Explosions/Remote violence,Air/drone strike,Military Forces of Israel (2022-),,8,Civilians (Palestine),,7,78,Civilian targeting,275,Middle East,Palestine,Gaza Strip,Gaza City,,Gaza - Ash Shati' Camp,31.5349,34.4466,2,Palestine News and Information Agency,National,"On 25 December 2024, Israeli warplanes struck a group of people northwest of Gaza City coded to Gaza - Ash Shati' Camp (Gaza City, Gaza Strip), resulting in one dead and others injured.",1,,1759790002
PSE65991,12/25/2024,2024,1,Political violence,Explosions/Remote violence,Air/drone strike,Military Forces of Israel (2022-),,8,Civilians (Palestine),,7,78,Civilian targeting,275,Middle East,Palestine,Gaza Strip,Deir El Balah,,Al Burayj,31.4394,34.4031,2,Palestine News and Information Agency,National,"On 25 December 2024, Israeli warplanes struck a group of people east of Al Burayj camp (Deir El Balah, Gaza Strip), resulting in two dead and others injured.",2,,1753956656
PSE65994,12/25/2024,2024,1,Political violence,Explosions/Remote violence,Air/drone strike,Military Forces of Israel (2022-),,8,Civilians (Palestine),,7,78,Civilian targeting,275,Middle East,Palestine,Gaza Strip,Rafah,,An Nasr,31.2814,34.3025,1,Liveuamap; Palestine News and Information Agency,Local partner-New media,"On 25 December 2024, Israeli warplanes struck An Nasr town in (Rafah, Gaza Strip), resulting in two dead and another injured.",2,,1753956656
PSE65998,12/25/2024,2024,1,Political violence,Explosions/Remote violence,Air/drone strike,Military Forces of Israel (2022-),,8,Civilians (Palestine),,7,78,Civilian targeting,275,Middle East,Palestine,Gaza Strip,Rafah,,Al Mawasi (Rafah),31.3294,34.2299,2,Palestine News and Information Agency,National,"On 25 December 2024, an Israeli drone struck the coastal areas of Rafah, coded to Al Mawasi (Rafah) (Rafah, Gaza Strip), resulting in one dead. Also, gunboats opened fire toward the beach [casualties unknown]. Fatalities coded at least 1.",1,,1762829569
PSE66001,12/25/2024,2024,1,Political violence,Explosions/Remote violence,Air/drone strike,Military Forces of Israel (2022-),,8,Civilians (Palestine),,7,78,Civilian targeting,275,Middle East,Palestine,Gaza Strip,Deir El Balah,,An Nusayrat,31.4486,34.3925,1,Newpress; Quds News Network,National,"On 25 December 2024, Israeli artillery struck An Nusayrat Camp (Deir El Balah, Gaza Strip) [Casualties unknown]. Additionally, Israeli warplanes struck a residential apartment in the Al Souq area in the same location, resulting in one dead and four injured. Total fatalities coded as at least one.",1,,1753956656
PSE66002,12/25/2024,2024,1,Political violence,Explosions/Remote violence,Air/drone strike,Military Forces of Israel (2022-),,8,Civilians (Palestine),,7,78,Civilian targeting,275,Middle East,Palestine,Gaza Strip,Khan Yunis,,Khan Yunis - Maen,31.336,34.3172,1,Al-Ittihad; Quds News Network,National-Regional,"On 25 December 2024, Israeli warplanes struck a residential home in Khan Yunis - Maen (Khan Yunis, Gaza Strip), resulting in 10 dead and others injured, including one child who was seriously injured and others missing. Total fatalities coded as at least 10.",10,,1753956656
PSE66003,12/25/2024,2024,1,Political violence,Explosions/Remote violence,Air/drone strike,Military Forces of Israel (2022-),,8,Civilians (Palestine),Health Workers (Palestine),7,78,Civilian targeting,275,Middle East,Palestine,Gaza Strip,North Gaza,,Beit Lahiya - Al Mashroo,31.5433,34.4998,1,Dunia Al Watan; Ma'an News Agency; Newpress; Quds News Network,National,"On 25 December 2024, Israeli tanks opened fire at Kamal Al Odwan Hospital in Beit Lahiya - Al Mashroo (North Gaza, Gaza Strip). Israeli warplanes and drones also launched heavy raids in Al Almi Neighborhood and Al Razan tower, in the vicinity of the hospital [Casualties unknown]. Additionally, Israeli warplanes struck the upper floor of Al Shaza building, opposite the hospital, resulting in injuries among the hospital staff and damaging the hospital's fuel tank. Furthermore, Israeli forces blew up three explosive-laden remotely operated vehicles (robots) in the vicinity of the hospital, resulting in one doctor being seriously injured and around 20 others injured. Fatalities unknown.",0,,1759179058
PSE66006,12/25/2024,2024,1,Political violence,Explosions/Remote violence,Air/drone strike,Military Forces of Israel (2022-),,8,Civilians (Palestine),Refugees/IDPs (Palestine),7,78,Civilian targeting,275,Middle East,Palestine,Gaza Strip,Khan Yunis,,Hamad,31.3749,34.3193,2,Quds News Network,National,"On 25 December 2024, Israeli warplanes struck a tent where IDPs were sheltering south of Hamad city (Khan Yunis, Gaza Strip), resulting in 8 dead.",8,,1753956656
PSE65993,12/25/2024,2024,1,Political violence,Explosions/Remote violence,Air/drone strike,Military Forces of Israel (2022-),,8,Civilians (Palestine),,7,78,Civilian targeting,275,Middle East,Palestine,Gaza Strip,Rafah,,Yibna,31.2842,34.2482,2,Palestine News and Information Agency,National,"On 25 December 2024, Israeli warplanes struck Al Mashroo area east of Rafah coded to Yibna (Rafah, Gaza Strip), resulting in two dead and others injured",2,,1753956656
PSE65989,12/25/2024,2024,1,Political violence,Explosions/Remote violence,Air/drone strike,Military Forces of Israel (2022-),,8,Civilians (Palestine),,7,78,Civilian targeting,275,Middle East,Palestine,Gaza Strip,North Gaza,,Jabalya,31.5272,34.4835,1,Palestine News and Information Agency,National,"On 25 December 2024, Israeli warplanes struck a group of people in Jabalya Nazleh (North Gaza, Gaza Strip), resulting in two dead [including one woman] and others injured.",2,,1759790002
PSE66000,12/25/2024,2024,1,Political violence,Explosions/Remote violence,Air/drone strike,Military Forces of Israel (2022-),,8,Civilians (Palestine),,7,78,Civilian targeting,275,Middle East,Palestine,Gaza Strip,Gaza City,,Gaza - Az Zaytun,31.4964,34.4522,1,Al Ghad (Jordan); Ma'an News Agency; Palestine News and Information Agency; Quds News Network,National-Regional,"On 25 December 2024, Israeli warplanes struck a residential home in Gaza - Az Zaytun (Gaza City, Gaza Strip), resulting in 13 dead [including one child], 20 injured, and more than 40 people missing. Israeli warplanes also launched a raid targeting a home in the vicinity of Al Shamaa Mosque in the same location, resulting in one dead and a number of injuries and missing persons. Additionally, Israeli artillery shelled the area multiple times during the day. while, Israeli helicopters fired on residential homes. Total fatalities coded as at least 14.",14,,1759790002
PSE66009,12/25/2024,2024,1,Political violence,Explosions/Remote violence,Air/drone strike,Military Forces of Israel (2022-),,8,Civilians (Palestine),,7,78,Civilian targeting,275,Middle East,Palestine,Gaza Strip,North Gaza,,Jabalya,31.5272,34.4835,2,Quds News Network,National,"On 25 December 2024, Israeli warplanes struck a group of people close to Zemo roundabout east of Jabalya (North Gaza, Gaza Strip), resulting in four dead and others injured.",4,,1759790002
PSE66012,12/25/2024,2024,1,Political violence,Explosions/Remote violence,Air/drone strike,Military Forces of Israel (2022-),,8,Civilians (Palestine),Refugees/IDPs (Palestine),7,78,Civilian targeting,275,Middle East,Palestine,Gaza Strip,Gaza City,,Gaza - Tal el Hawa,31.5041,34.435,1,Quds News Network,National,"On 25 December 2024, Israeli warplanes struck IDPs tents in Al Jazeera Camp in Gaza - Tal el Hawa (Gaza City, Gaza Strip). Casualties unknown.",0,,1759790002
PSE66014,12/25/2024,2024,1,Political violence,Explosions/Remote violence,Air/drone strike,Military Forces of Israel (2022-),,8,Civilians (Palestine),,7,78,Civilian targeting,275,Middle East,Palestine,Gaza Strip,Khan Yunis,,Khan Yunis - Jourat Al-Loot,31.3314,34.3004,2,Al Ghad (Jordan),Regional,"On 25 December 2024, Israeli warplanes struck a residential apartment in Al Manara neighborhood south of Khan Yunis coded to Khan Yunis - Jourat Al-Loot (Khan Yunis, Gaza Strip), resulting in two dead and others injured.",2,,1753956656
PSE66018,12/25/2024,2024,1,Political violence,Explosions/Remote violence,Air/drone strike,Military Forces of Israel (2022-),,8,Civilians (Palestine),,7,78,Civilian targeting,275,Middle East,Palestine,Gaza Strip,Rafah,,Khirbet al Adas,31.2855,34.2714,2,Liveuamap,Local partner-New media,"On 25 December 2024, Israeli warplanes struck a group of people in Al Biouk area north of Rafah coded to Khirbet al Adas in (Rafah, Gaza Strip), resulting in two injuries.",0,,1753956656
PSE65954,12/26/2024,2024,1,Political violence,Explosions/Remote violence,Shelling/artillery/missile attack,Military Forces of Israel (2022-),,8,Civilians (Palestine),Fishers (Palestine),7,78,Civilian targeting,275,Middle East,Palestine,Gaza Strip,Deir El Balah,,Coast of An Nusayrat,31.4646,34.3592,2,Palestine News and Information Agency; Quds News Network,National,"On 26 December 2024, Israeli naval boats fired towards fishermen off the Coast of An Nusayrat (Deir El Balah, Gaza Strip), resulting in one dead.",1,,1753956656
PSE66041,12/26/2024,2024,1,Political violence,Explosions/Remote violence,Air/drone strike,Military Forces of Israel (2022-),,8,Civilians (Palestine),,7,78,Civilian targeting,275,Middle East,Palestine,Gaza Strip,Gaza City,,Gaza - Sabra,31.5086,34.4493,1,Palestine News and Information Agency; Quds News Network,National,"On 26 December 2024, Israeli warplanes struck a residential building in the vicinity of Al Nour Field in Gaza - Sabra (Gaza City, Gaza Strip), resulting in eight dead, including one child, and others injured. Also, Israeli warplanes launched a raid on Al Rais neighborhood the same location, resulting in one dead [woman] and a number of injuries. While, Israeli artillery heavily shelled the area [Casualties unknown]. Total fatalities coded as at least nine.",9,,1759790002
PSE66051,12/26/2024,2024,1,Political violence,Explosions/Remote violence,Air/drone strike,Military Forces of Israel (2022-),,8,Civilians (Palestine),,7,78,Civilian targeting,275,Middle East,Palestine,Gaza Strip,Gaza City,,Gaza - Shujaiyya,31.4988,34.4699,2,Liveuamap; Quds News Network,Local partner-New media,"On 26 December 2024, Israeli warplanes struck a group of people on Al Maghribi Street east of Gaza City, coded to Gaza - Shujaiyya (Gaza City, Gaza Strip), resulting in fatalities and injuries [unspecified number of fatalities coded as 3]. Additionally, Israeli warplanes launched a raid on a residential home on Al Nazzaz Street in the same location [Casualties unknown].",3,,1759790002
PSE66057,12/26/2024,2024,1,Political violence,Explosions/Remote violence,Air/drone strike,Military Forces of Israel (2022-),,8,Civilians (Palestine),Refugees/IDPs (Palestine),7,78,Civilian targeting,275,Middle East,Palestine,Gaza Strip,Gaza City,,Gaza - Sheikh Radwan,31.5349,34.4667,2,Quds News Network,National,"On 26 December 2024, Israeli warplanes struck a residential home, where IDPs were sheltering, in Al Miqat street east of Berkt in Gaza - Sheikh Radwan (Gaza City, Gaza Strip), resulting in 13 dead, a number of injuries and missing persons. Fatalities coded at least 13.",13,,1759790002
PSE66044,12/26/2024,2024,1,Political violence,Explosions/Remote violence,Air/drone strike,Military Forces of Israel (2022-),,8,Civilians (Palestine),Health Workers (Palestine),7,78,Civilian targeting,275,Middle East,Palestine,Gaza Strip,North Gaza,,Beit Lahiya - Al Mashroo,31.5433,34.4998,1,Arab 48; Liveuamap; Newpress; Palestine News and Information Agency; Quds News Network,Local partner-New media,"On 26 December 2024, Israeli warplanes struck Kamal Al Odwan Hospital throughout the day and Al Safir Tower adjacent to it in Beit Lahiya - Al Mashroo (North Gaza, Gaza Strip), resulting in five deaths among hospital staff. Additionally, Israeli artillery heavily shelled the area. Casualties unknown. Israeli drones fired bombs at the entrance and in the vicinity of the hospital, causing one death. Israeli forces detonated explosive-laden remotely operated vehicles (robots) near the hospital, resulting in injuries among staff. While, Israeli tanks shelled the area, damaging the hospital's structure, including the fuel and oxygen departments and the intensive care unit. Israeli warplanes and artillery attacks throughout the day resulted in more than 50 dead, with others injured and missing. Total fatalities coded as 50.",50,,1759179058
PSE66045,12/26/2024,2024,1,Political violence,Explosions/Remote violence,Air/drone strike,Military Forces of Israel (2022-),,8,Civilians (Palestine),,7,78,Civilian targeting,275,Middle East,Palestine,Gaza Strip,Gaza City,,Gaza - At Tuffah,31.5134,34.4751,1,Palestine News and Information Agency,National,"On 26 December 2024, Israeli warplanes struck a residential home in the Yaffa Street area in Gaza - At Tuffah (Gaza City, Gaza Strip), resulting in at least eight dead.",8,,1759790002
PSE66047,12/26/2024,2024,1,Political violence,Explosions/Remote violence,Air/drone strike,Military Forces of Israel (2022-),,8,Civilians (Palestine),,7,78,Civilian targeting,275,Middle East,Palestine,Gaza Strip,Gaza City,,Gaza - Ad Darraj,31.5172,34.4642,1,Palestine News and Information Agency; Quds News Network,National,"On 26 December 2024, Israeli warplanes struck a residential home in Yaffa's area in Gaza - Ad Darraj (Gaza City, Gaza Strip), resulting in a vast number of injuries. Additionally, the civil Defense crew pulled five bodies from under the rubble. Total fatalities coded as five.",5,,1759790002
PSE66053,12/26/2024,2024,1,Political violence,Explosions/Remote violence,Air/drone strike,Military Forces of Israel (2022-),,8,Civilians (Palestine),,7,78,Civilian targeting,275,Middle East,Palestine,Gaza Strip,Deir El Balah,,An Nusayrat - West,31.4525,34.3756,1,Quds News Network,National,"On 26 December 2024, an Israeli drone [Quadcopter] fired a bomb west of Al Jumaizat street in An Nusayrat - West (Deir El Balah, Gaza Strip), resulting in a number of injuries.",0,,1753956656
PSE66042,12/26/2024,2024,1,Political violence,Explosions/Remote violence,Air/drone strike,Military Forces of Israel (2022-),,8,Civilians (Palestine),,7,78,Civilian targeting,275,Middle East,Palestine,Gaza Strip,North Gaza,,Jabalya,31.5272,34.4835,1,Liveuamap; Palestine News and Information Agency,Local partner-New media,"On 26 December 2024, Israeli warplanes struck a residential home in Old Gaza Street in Jabalya (North Gaza, Gaza Strip), resulting in fatalities and injuries [Unspecified number of fatalities coded as 3]. Also, an Israeli drone struck a group of people in Al Nazleh area in the same location, resulting in injuries.",3,,1759790002
PSE66048,12/26/2024,2024,1,Political violence,Explosions/Remote violence,Air/drone strike,Military Forces of Israel (2022-),,8,Civilians (Palestine),,7,78,Civilian targeting,275,Middle East,Palestine,Gaza Strip,Rafah,,Khirbet al Adas,31.2855,34.2714,2,Ma'an News Agency,National,"On 26 December 2024, Israeli warplanes struck the Al Missbah area north of Rafah City, coded to Khirbet al Adas (Rafah, Gaza Strip), where ambulance crews recovered two bodies from under the rubble. Fatalities coded as two.",2,,1753956656
PSE65999,12/27/2024,2024,1,Political violence,Explosions/Remote violence,Shelling/artillery/missile attack,Military Forces of Israel (2022-),,8,Civilians (Palestine),,7,78,Civilian targeting,275,Middle East,Palestine,Gaza Strip,Khan Yunis,,Abasan al Kabirah,31.3191,34.3401,2,Newpress; Palestine News and Information Agency,National,"On 27 December 2024, Israeli artillery shelled residential homes and people in the vicinity of Al Fraheen area, north of Abasan al Kabirah (Khan Yunis, Gaza Strip) . Casualties unknown.",0,,1753956656
PSE66071,12/27/2024,2024,1,Political violence,Explosions/Remote violence,Air/drone strike,Military Forces of Israel (2022-),,8,Civilians (Palestine),,7,78,Civilian targeting,275,Middle East,Palestine,Gaza Strip,Gaza City,,Gaza - Shujaiyya,31.4988,34.4699,1,Palestine News and Information Agency; Quds News Network,National,"On 27 December 2024, Israeli warplanes struck a residential home in Al Nezaz street in Gaza - Shujaiyya (Gaza City, Gaza Strip), resulting in four dead.",4,,1759790002
PSE66072,12/27/2024,2024,1,Political violence,Explosions/Remote violence,Air/drone strike,Military Forces of Israel (2022-),,8,Civilians (Palestine),,7,78,Civilian targeting,275,Middle East,Palestine,Gaza Strip,Gaza City,,Gaza,31.5045,34.4743,1,Palestine News and Information Agency,National,"On 27 December 2024, Israeli warplanes struck a residential home in the Al Sedreh area in Gaza (Gaza City, Gaza Strip), resulting in one dead [child].",1,,1759790002
PSE66073,12/27/2024,2024,1,Political violence,Explosions/Remote violence,Air/drone strike,Military Forces of Israel (2022-),,8,Civilians (Palestine),,7,78,Civilian targeting,275,Middle East,Palestine,Gaza Strip,Rafah,,An Nasr,31.2814,34.3025,1,Palestine News and Information Agency,National,"On 27 December 2024, Israeli warplanes struck a residential home in An Nasr (Rafah, Gaza Strip), resulting in one dead [one woman died due to her injuries].",1,,1753956656
PSE66074,12/27/2024,2024,1,Political violence,Explosions/Remote violence,Air/drone strike,Military Forces of Israel (2022-),,8,Civilians (Palestine),,7,78,Civilian targeting,275,Middle East,Palestine,Gaza Strip,Gaza City,,Gaza - Sabra,31.5086,34.4493,1,Palestine News and Information Agency,National,"On 27 December 2024, Israeli warplanes struck a residential home near Al Istijabeh Mosque in Gaza - Sabra (Gaza City, Gaza Strip), resulting in five deaths and others injured. Later, Israeli warplanes targeted the same location again, causing one additional death and more injuries. Additionally, an Israeli drone fired at people near the Civil Jordanian Hospital in the same area, resulting in another death. Total fatalities coded as seven.",7,,1759790002
PSE66075,12/27/2024,2024,1,Political violence,Explosions/Remote violence,Air/drone strike,Military Forces of Israel (2022-),,8,Civilians (Palestine),,7,78,Civilian targeting,275,Middle East,Palestine,Gaza Strip,Deir El Balah,,Deir al Balah Camp,31.4249,34.34,2,Palestine News and Information Agency,National,"On 27 December 2024, Israeli warplanes struck the Abu Al Ajeen area east of Deir al Balah, coded to Deir al Balah Camp (Deir El Balah, Gaza Strip), where ambulance crews recovered two bodies [children] from under the rubble. Fatalities coded as two.",2,,1765850627
PSE66078,12/27/2024,2024,1,Political violence,Explosions/Remote violence,Air/drone strike,Military Forces of Israel (2022-),,8,Civilians (Palestine),,7,78,Civilian targeting,275,Middle East,Palestine,Gaza Strip,North Gaza,,Beit Hanoun,31.5405,34.5402,1,Palestine News and Information Agency; Quds News Network,National,"On 27 December 2024, Israeli warplanes launched several raids on Beit Hanoun (North Gaza, Gaza Strip), resulting in six deaths and numerous injuries. Israeli warplanes targeted the same location a third time [Casualties unknown]. Additional raids in Al Ajouz, Gaza, and Al Quds Streets, as well as the western School area in Beit Hanoun, caused fatalities and injuries [unspecified number of fatalities coded as 3]. Israeli forces also besieged approximately 300 families in the area. Total fatalities are coded as at least nine.",9,,1753956656
PSE66081,12/27/2024,2024,1,Political violence,Explosions/Remote violence,Air/drone strike,Military Forces of Israel (2022-),,8,Civilians (Palestine),Refugees/IDPs (Palestine),7,78,Civilian targeting,275,Middle East,Palestine,Gaza Strip,Gaza City,,Gaza - Southern Remal,31.5168,34.4355,2,Palestine News and Information Agency,National,"On 27 December 2024, an Israeli drone fired at people in the Al Jendi Al Majhoul area of Al Remal neighborhood, coded to Gaza - Southern Remal (Gaza City, Gaza Strip), resulting in one dead [a woman, IDP].",1,,1759790002
PSE66084,12/27/2024,2024,1,Political violence,Explosions/Remote violence,Air/drone strike,Military Forces of Israel (2022-),,8,Civilians (Palestine),Refugees/IDPs (Palestine),7,78,Civilian targeting,275,Middle East,Palestine,Gaza Strip,Deir El Balah,,An Nusayrat,31.4486,34.3925,1,Quds News Network,National,"On 27 December 2024, Israeli warplanes struck camp 2 in An Nusayrat in (Deir El Balah, Gaza Strip). Casualties unknown.",0,,1753956656
PSE66087,12/27/2024,2024,1,Political violence,Explosions/Remote violence,Air/drone strike,Military Forces of Israel (2022-),,8,Civilians (Palestine),Refugees/IDPs (Palestine),7,78,Civilian targeting,275,Middle East,Palestine,Gaza Strip,Gaza City,,Gaza - Ash Shati' Camp,31.5349,34.4466,1,Quds News Network,National,"On 27 December 2024, Israeli warplanes struck people in Gaza - Ash Shati' Camp (Gaza City, Gaza Strip), resulting in three dead and others injured.",3,,1759790002
PSE66076,12/27/2024,2024,1,Political violence,Explosions/Remote violence,Air/drone strike,Military Forces of Israel (2022-),,8,Civilians (Palestine),,7,78,Civilian targeting,275,Middle East,Palestine,Gaza Strip,North Gaza,,Jabalya,31.5272,34.4835,1,Ma'an News Agency; Newpress; Palestine News and Information Agency; Quds News Network,National,"On 27 December 2024, an Israeli drone struck Jabalya Al Balad in (North Gaza, Gaza Strip), resulting in 21 dead and others injured. Also, Israeli warplanes struck the vicinity of Al Halawa land in the same location, resulting in injuries. Additionally, Israeli warplanes struck Al Ghabazi area in the same location, resulting in one dead and others injured. Total fatalities coded as 22.",22,,1759790002
PSE66080,12/27/2024,2024,1,Political violence,Explosions/Remote violence,Air/drone strike,Military Forces of Israel (2022-),,8,Civilians (Palestine),,7,78,Civilian targeting,275,Middle East,Palestine,Gaza Strip,Gaza City,,Gaza - Az Zaytun,31.4964,34.4522,1,Palestine News and Information Agency; Quds News Network,National,"On 27 December 2024, Israeli warplanes struck Asqoula area in Gaza - Az Zaytun (Gaza City, Gaza Strip), resulting in two dead and others injured. Also, Israeli warplanes struck a residential home in Al Nadeem Street in the same location [Casualties unknown]. Total fatalities coded as at least two.",2,,1759790002
PSE71491,12/27/2024,2024,1,Political violence,Violence against civilians,Attack,Sahm Unit,,3,Civilians (Palestine),,7,37,Civilian targeting,275,Middle East,Palestine,Gaza Strip,Khan Yunis,,Khan Yunis,31.3502,34.3081,2,The Independent Commission For Human Rights,National,"On 27 December 2024, security personnel from Sahm unit linked to Hamas Ministry of Interior, who arrived in a white jeep and masked and armed with rifles, opened fire on a man in Khan Yunis area (Gaza Strip), claiming he was a thief. The attackers tied his hands behind his back and shot his knees and lower legs. He was admitted to Nasser Hospital in Khan Younis. This event involved violence over aid.",0,,1754354914
PSE66011,12/28/2024,2024,1,Political violence,Explosions/Remote violence,Shelling/artillery/missile attack,Military Forces of Israel (2022-),,8,Civilians (Palestine),Refugees/IDPs (Palestine),7,78,Civilian targeting,275,Middle East,Palestine,Gaza Strip,Rafah,,Al Mawasi (Rafah),31.3294,34.2299,1,Palestine News and Information Agency; Quds News Network,National,"On 28 December 2024, Israeli forces targeted Al Mawasi (Rafah) (Rafah, Gaza Strip) killing 1 person with artillery gunfire, and also shelled IDP tents in the same location injuring several people.",1,,1762829569
PSE66108,12/28/2024,2024,1,Political violence,Explosions/Remote violence,Air/drone strike,Military Forces of Israel (2022-),,8,Civilians (Palestine),Refugees/IDPs (Palestine),7,78,Civilian targeting,275,Middle East,Palestine,Gaza Strip,Deir El Balah,,Al Maghazi,31.4214,34.3865,1,Palestine News and Information Agency,National,"On 28 December 2024, Israeli warplanes targeted a house in Al Maghazi Camp (Deir El Balah, Gaza Strip) killing 9 people and injuring others.",9,,1753956656
PSE66112,12/28/2024,2024,1,Political violence,Explosions/Remote violence,Air/drone strike,Military Forces of Israel (2022-),,8,Civilians (Palestine),Refugees/IDPs (Palestine),7,78,Civilian targeting,275,Middle East,Palestine,Gaza Strip,Khan Yunis,,Al Mawasi (Khan Yunis),31.3482,34.2547,1,Ma'an News Agency,National,"On 28 December 2024, Israeli warplanes launched an airstrike on an IDPs tent in Al Mawasi (Khan Yunis) (Khan Yunis, Gaza Strip) killing 2 people and injuring others.",2,,1762829569
PSE66116,12/28/2024,2024,1,Political violence,Explosions/Remote violence,Air/drone strike,Military Forces of Israel (2022-),,8,Civilians (Palestine),,7,78,Civilian targeting,275,Middle East,Palestine,Gaza Strip,North Gaza,,Beit Lahiya,31.5541,34.5016,1,Palestine News and Information Agency; Quds News Network,National,"On 28 December 2024, Israeli forces, likely warplanes, targeted a house in Beit Lahiya (North Gaza, Gaza Strip) killing 4 people, including a child, and injuring others.",4,,1753956656
PSE66117,12/28/2024,2024,1,Political violence,Explosions/Remote violence,Air/drone strike,Military Forces of Israel (2022-),,8,Civilians (Palestine),,7,78,Civilian targeting,275,Middle East,Palestine,Gaza Strip,Gaza City,,Gaza - Southern Remal,31.5168,34.4355,2,Ma'an News Agency,National,"On 28 December 2024, Israeli warplanes targeted a group of people on Jalaa street in west of Gaza city, coded to Gaza - Southern Remal (Gaza City, Gaza Strip) killing 2 people and injuring others.",2,,1759790002
PSE66118,12/28/2024,2024,1,Political violence,Explosions/Remote violence,Air/drone strike,Military Forces of Israel (2022-),,8,Civilians (Palestine),,7,78,Civilian targeting,275,Middle East,Palestine,Gaza Strip,Gaza City,,Gaza - Ash Shati' Camp,31.5349,34.4466,2,Palestine News and Information Agency,National,"On 28 December 2024, Israeli warplanes launched an airstrike on a house on Nafaq street in northwest of Gaza, coded to Gaza - Ash Shati' Camp (Gaza City, Gaza Strip) killing 3 people, including women and children, and injuring others.",3,,1759790002
PSE66119,12/28/2024,2024,1,Political violence,Explosions/Remote violence,Air/drone strike,Military Forces of Israel (2022-),,8,Civilians (Palestine),,7,78,Civilian targeting,275,Middle East,Palestine,Gaza Strip,Gaza City,,Gaza - Nasr,31.534,34.4574,1,Palestine News and Information Agency,National,"On 28 December 2024, Israeli forces, likely warplanes, targeted a group of people in Gaza - Nasr (Gaza City, Gaza Strip) killing 2 and injuring others.",2,,1753956656
PSE66120,12/28/2024,2024,1,Political violence,Explosions/Remote violence,Air/drone strike,Military Forces of Israel (2022-),,8,Police Forces of Palestine (2007-) Gaza Strip,Civilians (Palestine),1,18,,275,Middle East,Palestine,Gaza Strip,Gaza City,,Gaza,31.5045,34.4743,1,Palestine News and Information Agency; Quds News Network,National,"On 28 December 2024, Israeli forces, likely drone, targeted a motorcycle on Shifa street in Gaza (Gaza City, Gaza Strip) killing 2 people. Israeli forces, likely drone, also targeted the same location killing the Director of Al-Shati police station Talaat Joudeh.",3,,1759790002
PSE66135,12/28/2024,2024,1,Political violence,Explosions/Remote violence,Air/drone strike,Military Forces of Israel (2022-),,8,Civilians (Palestine),,7,78,Civilian targeting,275,Middle East,Palestine,Gaza Strip,Gaza City,,Gaza - Ad Darraj,31.5172,34.4642,1,Liveuamap,Local partner-New media,"On 28 December 2024, Israeli warplanes launched a raid on a house in Gaza - Ad Darraj (Gaza City, Gaza Strip) killing 3 people.",3,,1759790002
PSE66110,12/28/2024,2024,1,Political violence,Explosions/Remote violence,Air/drone strike,Military Forces of Israel (2022-),,8,Civilians (Palestine),,7,78,Civilian targeting,275,Middle East,Palestine,Gaza Strip,North Gaza,,Jabalya,31.5272,34.4835,1,Newpress; Palestine News and Information Agency; Quds News Network,National,"On 28 December 2024, Israeli warplanes and drones targeted multiple areas of Jabalya town (North Gaza, Gaza Strip), including Sarari street, killing 3 people and injuring others. Also 2 persons were killed in Al Nazla area of Jabalya.",5,,1759790002
PSE66125,12/28/2024,2024,1,Political violence,Explosions/Remote violence,Air/drone strike,Military Forces of Israel (2022-),,8,Civilians (Palestine),,7,78,Civilian targeting,275,Middle East,Palestine,Gaza Strip,Gaza City,,Gaza - Az Zaytun,31.4964,34.4522,1,Quds News Network,National,"On 28 December 2024, an Israeli drone targeted Sikka street in Gaza - Az Zaytun (Gaza City, Gaza Strip) injuring 1 person. Israeli artillery targeted southern parts of the same location. Casualties unknown.",0,,1759790002
PSE66122,12/28/2024,2024,1,Political violence,Explosions/Remote violence,Air/drone strike,Military Forces of Israel (2022-),,8,Civilians (Palestine),,7,78,Civilian targeting,275,Middle East,Palestine,Gaza Strip,Khan Yunis,,Qizan an Najjar,31.323,34.2761,1,Newpress; Palestine News and Information Agency; Twitter,New media-National,"On 28 December 2024, Israeli warplanes targeted a house in Qizan an Najjar (Khan Yunis, Gaza Strip) injuring 5 people.",0,,1753956656
PSE66153,12/29/2024,2024,1,Political violence,Explosions/Remote violence,Air/drone strike,Military Forces of Israel (2022-),,8,Civilians (Palestine),,7,78,Civilian targeting,275,Middle East,Palestine,Gaza Strip,Gaza City,,Gaza - Sabra,31.5086,34.4493,1,Palestine News and Information Agency; Quds News Network,National,"On 29 December 2024, an Israeli drone targeted Gaza - Sabra (Gaza City, Gaza Strip) killing 1 person. Israeli warplanes also targeted the vicinity of the Jordanian Hospital in the same location. Casualties unknown. Israeli artillery shelled the same location during the day. Casualties unknown. Total fatalities coded at least 1.",1,,1759790002
PSE66154,12/29/2024,2024,1,Political violence,Explosions/Remote violence,Air/drone strike,Military Forces of Israel (2022-),,8,Civilians (Palestine),,7,78,Civilian targeting,275,Middle East,Palestine,Gaza Strip,Deir El Balah,,An Nusayrat - West,31.4525,34.3756,1,Palestine News and Information Agency; Quds News Network,National,"On 29 December 2024, an Israeli drone targeted al Sawarha area in An Nusayrat - West (Deir El Balah, Gaza Strip) killing 1 person and injuring 4 others. Israeli warplanes also targeted residential houses in the same location [casualties unknown]. Israeli artillery targeted a house in the same location injuring one person. Total fatalities coded at least 1.",1,,1753956656
PSE66155,12/29/2024,2024,1,Political violence,Explosions/Remote violence,Air/drone strike,Military Forces of Israel (2022-),,8,Civilians (Palestine),Refugees/IDPs (Palestine),7,78,Civilian targeting,275,Middle East,Palestine,Gaza Strip,Deir El Balah,,An Nusayrat - North,31.4591,34.3923,1,Palestine News and Information Agency; Quds News Network,National,"On 29 December 2024, Israeli artillery fired at the new camp in An Nusayrat - North (Deir El Balah, Gaza Strip) killing 9 people and injuring 15 others. Israeli quadcopter drones also targeted Ard alMufti area and helicopters and warplanes targeted other areas in the same location. Casualties unknown. Fatalities coded as at least 9.",9,,1753956656
PSE66156,12/29/2024,2024,1,Political violence,Explosions/Remote violence,Air/drone strike,Military Forces of Israel (2022-),,8,Civilians (Palestine),,7,78,Civilian targeting,275,Middle East,Palestine,Gaza Strip,Khan Yunis,,Abasan al Kabirah,31.3191,34.3401,1,Palestine News and Information Agency; Quds News Network,National,"On 29 December 2024, Israeli warplanes targeted a house in Abasan al Kabirah (Khan Yunis, Gaza Strip) injuring 1 person and causing a fire in the house.",0,,1753956656
PSE66159,12/29/2024,2024,1,Political violence,Explosions/Remote violence,Air/drone strike,Military Forces of Israel (2022-),,8,Civilians (Palestine),,7,78,Civilian targeting,275,Middle East,Palestine,Gaza Strip,North Gaza,,Beit Hanoun,31.5405,34.5402,1,Palestine News and Information Agency,National,"On 29 December 2024, Israeli forces, likely warplanes, targeted a house in Beit Hanoun (North Gaza, Gaza Strip) killing 7 people and injuring others, including women and children.",7,,1753956656
PSE66167,12/29/2024,2024,1,Political violence,Explosions/Remote violence,Air/drone strike,Military Forces of Israel (2022-),,8,Civilians (Palestine),,7,78,Civilian targeting,275,Middle East,Palestine,Gaza Strip,North Gaza,,Beit Lahiya - Al Mashroo,31.5433,34.4998,1,Quds News Network,National,"On 29 December 2024, Israeli forces, likely warplanes, targeted the vicinity of Kamal Adwan Hospital in Beit Lahiya - Al Mashroo (North Gaza, Gaza Strip) killing many people from the same family. Unspecified number of fatalities coded to 3.",3,,1753956656
PSE66168,12/29/2024,2024,1,Political violence,Explosions/Remote violence,Air/drone strike,Military Forces of Israel (2022-),,8,Civilians (Palestine),,7,78,Civilian targeting,275,Middle East,Palestine,Gaza Strip,Rafah,,An Nasr,31.2814,34.3025,1,Quds News Network,National,"On 29 December 2024, Israeli warplanes targeted a house in An Nasr (Rafah, Gaza Strip) killing 2 people and injuring others.",2,,1753956656
PSE66174,12/29/2024,2024,1,Political violence,Explosions/Remote violence,Air/drone strike,Military Forces of Israel (2022-),,8,Civilians (Palestine),,7,78,Civilian targeting,275,Middle East,Palestine,Gaza Strip,Gaza City,,Gaza - Southern Remal,31.5168,34.4355,2,Quds News Network,National,"On 29 December 2024, Israeli forces, likely warplanes, targeted a house west of Gaza city, coded to Gaza - Southern Remal (Gaza City, Gaza Strip) killing 1 person and injuring others.",1,,1759790002
PSE66090,12/29/2024,2024,1,Political violence,Explosions/Remote violence,Shelling/artillery/missile attack,Military Forces of Israel (2022-),,8,Civilians (Palestine),,7,78,Civilian targeting,275,Middle East,Palestine,Gaza Strip,North Gaza,,Jabalya,31.5272,34.4835,1,Palestine News and Information Agency,National,"On 29 December 2024, Israeli artillery heavily targeted residential houses in Jabalya (North Gaza, Gaza Strip). Casualties unknown.",0,,1759790002
PSE66079,12/29/2024,2024,1,Political violence,Explosions/Remote violence,Shelling/artillery/missile attack,Military Forces of Israel (2022-),,8,Civilians (Palestine),,7,78,Civilian targeting,275,Middle East,Palestine,Gaza Strip,Rafah,,Khirbet al Adas,31.2855,34.2714,2,Palestine News and Information Agency,National,"On 29 December 2024, Israeli forces, likely artillery, targeted a house in north of Rafah, coded to Khirbet al Adas (Rafah, Gaza Strip) killing a man and his wife and injuring others. Israeli artillery also continuously fired at the same location.",2,,1753956656
PSE75674,12/29/2024,2024,1,Political violence,Violence against civilians,Attack,Sahm Unit,,3,Civilians (Palestine),Labor Group (Palestine),7,37,Civilian targeting,275,Middle East,Palestine,Gaza Strip,Khan Yunis,,Khan Yunis - Al Kateebeh,31.3642,34.3085,1,The Independent Commission For Human Rights,National,"On 29 December 2024, masked armed men from the Sahm Unit shot a 53-year old Palestinian merchant in the legs in Khan Yunis - Al Kateebeh (Khan Yunis, Gaza Strip). He was first contacted by someone requesting the purchase of seven tents from Mirage and their delivery to Al Kateebeh and the incident occurred as he attempted to deliver the tents and collect payment. He was tied up and beaten by a group identifying as 'Sahm Unit' before being shot. The merchant filed the complaint on 15 April 2025. This event involved violence over aid.",0,,1767742780
PSE66402,12/29/2024,2024,1,Political violence,Violence against civilians,Attack,Unidentified Communal Militia (Palestine),,4,Civilians (Palestine),,7,47,Civilian targeting,275,Middle East,Palestine,Gaza Strip,Gaza City,,Gaza,31.5045,34.4743,2,Arab News; Ma'an News Agency; Times of Israel,National-Regional,"On 29 December 2024, unidentified looting gang coded as communal militia attacked a WFP aid convoy moving toward northern Gaza, coded to Gaza City governorate (Gaza City, Gaza Strip) which killed 2 people and injured others. The Hamas Gaza-based governmental office claimed that the World Food Programme (WFP) bears responsibility for the deaths of two Palestinians, stating that its security personnel opened fire. The WFP reported that during the coordinated effort to bring in 40 trucks on behalf of humanitarian partners, the operation faced armed looting, which resulted in the fatalities. This event involves aid looting violence. This event involved violence over aid.",2,,1759790002
PSE71557,12/29/2024,2024,1,Political violence,Violence against civilians,Attack,Sahm Unit,,3,Civilians (Palestine),,7,37,Civilian targeting,275,Middle East,Palestine,Gaza Strip,Rafah,,Rafah,31.287,34.2595,2,The Independent Commission For Human Rights,National,"On 29 December 2024, security personnel from Sahm unit linked to Hamas Ministry of Interior, who arrived in a white jeep and masked while armed with rifles, opened fire on a man in Rafah area (Gaza Strip), claiming he was a thief. The attackers tied his hands behind his back and shot his knees and lower legs. He was admitted to Nasser Hospital in Khan Younis. This event involved violence over aid.",0,,1762829569
PSE66128,12/30/2024,2024,1,Political violence,Explosions/Remote violence,Shelling/artillery/missile attack,Military Forces of Israel (2022-),,8,Civilians (Palestine),,7,78,Civilian targeting,275,Middle East,Palestine,Gaza Strip,Deir El Balah,,An Nusayrat - North,31.4591,34.3923,2,Palestine News and Information Agency,National,"On 30 December 2024, Israeli artillery fired at northwest of An Nusayrat, coded to An Nusayrat - North (Deir El Balah, Gaza Strip) injuring 1 person with gunfire.",0,,1753956656
PSE66200,12/30/2024,2024,1,Political violence,Explosions/Remote violence,Air/drone strike,Military Forces of Israel (2022-),,8,Civilians (Palestine),,7,78,Civilian targeting,275,Middle East,Palestine,Gaza Strip,Gaza City,,Gaza - Sabra,31.5086,34.4493,1,Palestine News and Information Agency,National,"On 30 December 2024, Israeli warplanes targeted a house near the Jordanian Hospital in Gaza - Sabra (Gaza City, Gaza Strip). Casualties unknown. Israeli artillery also targeted the same location. Casualties unknown.",0,,1759790002
PSE66195,12/30/2024,2024,1,Political violence,Explosions/Remote violence,Air/drone strike,Military Forces of Israel (2022-),,8,Civilians (Palestine),,7,78,Civilian targeting,275,Middle East,Palestine,Gaza Strip,Rafah,,Yibna,31.2842,34.2482,2,Palestine News and Information Agency,National,"On 30 December 2024, an Israeli quadcopter drone targeted east of Rafah, coded to Yibna (Rafah, Gaza Strip) injuring 1 person.",0,,1753956656
PSE66196,12/30/2024,2024,1,Political violence,Explosions/Remote violence,Air/drone strike,Military Forces of Israel (2022-),,8,Civilians (Palestine),,7,78,Civilian targeting,275,Middle East,Palestine,Gaza Strip,North Gaza,,Jabalya,31.5272,34.4835,1,Palestine News and Information Agency,National,"On 30 December 2024, Israeli warplanes targeted a group of people in Jabalya (North Gaza, Gaza Strip) killing 4 and injuring others. Israeli artillery also targeted Nazla area in the same location. Casualties unknown. Fatalities coded as at least 4.",4,,1759790002
PSE66199,12/30/2024,2024,1,Political violence,Explosions/Remote violence,Air/drone strike,Military Forces of Israel (2022-),,8,Civilians (Palestine),,7,78,Civilian targeting,275,Middle East,Palestine,Gaza Strip,Gaza City,,Gaza - Az Zaytun,31.4964,34.4522,1,Palestine News and Information Agency,National,"On 30 December 2024, Israeli warplanes targeted a house in Gaza - Az Zaytun (Gaza City, Gaza Strip) killing 1 person. Israeli artillery also targeted the same location. Casualties unknown. Fatalities coded at least 1.",1,,1759790002
PSE66225,12/31/2024,2024,1,Political violence,Explosions/Remote violence,Air/drone strike,Military Forces of Israel (2022-),,8,Civilians (Palestine),,7,78,Civilian targeting,275,Middle East,Palestine,Gaza Strip,Gaza City,,Gaza - Southern Remal,31.5168,34.4355,2,Quds News Network,National,"On 31 December 2024, Israeli warplanes targeted a house in west of Gaza city, coded to Gaza - Southern Remal (Gaza City, Gaza Strip). Casualties unknown.",0,,1759790002
PSE66228,12/31/2024,2024,1,Political violence,Explosions/Remote violence,Air/drone strike,Military Forces of Israel (2022-),,8,Civilians (Palestine),,7,78,Civilian targeting,275,Middle East,Palestine,Gaza Strip,Khan Yunis,,Al Fukhari,31.2952,34.3332,1,Quds News Network,National,"On 31 December 2024, Israeli warplanes targeted a house in Al Fukhari (Khan Yunis, Gaza Strip) injuring people.",0,,1753956656
PSE66137,12/31/2024,2024,1,Political violence,Explosions/Remote violence,Shelling/artillery/missile attack,Military Forces of Israel (2022-),,8,Civilians (Palestine),,7,78,Civilian targeting,275,Middle East,Palestine,Gaza Strip,Gaza City,,Gaza - Az Zaytun,31.4964,34.4522,1,Palestine News and Information Agency; Quds News Network,National,"On 31 December 2024, Israeli artillery targeted southern parts of Gaza - Az Zaytun (Gaza City, Gaza Strip). And Israeli forces, likely artillery, targeted 'Salim warehouses' in the same location injuring several people.",0,,1759790002
PSE66218,12/31/2024,2024,1,Political violence,Explosions/Remote violence,Air/drone strike,Military Forces of Israel (2022-),,8,Civilians (Palestine),,7,78,Civilian targeting,275,Middle East,Palestine,Gaza Strip,North Gaza,,Jabalya,31.5272,34.4835,1,Palestine News and Information Agency; Quds News Network,National,"On 31 December 2024, Israeli warplanes targeted residential houses and several areas of Jabalya town (North Gaza, Gaza Strip) killing 2 people and injuring others.",2,,1759790002
