event_id_cnty,event_date,year,time_precision,disorder_type,event_type,sub_event_type,actor1,assoc_actor_1,inter1,actor2,assoc_actor_2,inter2,interaction,civilian_targeting,iso,region,country,admin1,admin2,admin3,location,latitude,longitude,geo_precision,source,source_scale,notes,fatalities,tags,timestamp
PSE46294,2/1/2024,2024,1,Political violence,Explosions/Remote violence,Shelling/artillery/missile attack,Military Forces of Israel (2022-),,8,Civilians (Palestine),Health Workers (Palestine); Refugees/IDPs (Palestine),7,78,Civilian targeting,275,Middle East,Palestine,Gaza Strip,Khan Yunis,,Khan Yunis - Al Amal,31.3544,34.3007,1,Ma'an News Agency; Newpress; Palestine News and Information Agency; Quds News Network; Twitter,New media-National,"On 1 February 2024, Israeli artillery and tanks struck targets (including houses) and opened fire in the vicinity of Al Amal hospital in Khan Yunis - Al Amal (Khan Yunis, Gaza Strip), killing 2 Palestinians and injuring another 9. Meanwhile, Israeli tanks entered the Al Amal hospital's yard firing at the buildings, causing damage to 5 parked ambulances and injuring 13 displaced people. The total fatalities were 2.",2,,1753955113
PSE46296,2/1/2024,2024,1,Political violence,Explosions/Remote violence,Air/drone strike,Military Forces of Israel (2022-),,8,Civilians (Palestine),,7,78,Civilian targeting,275,Middle East,Palestine,Gaza Strip,Rafah,,An Nasr,31.2814,34.3025,1,Liveuamap; Newpress; Palestine News and Information Agency; Quds News Network; Twitter,Local partner-New media,"On 1 February 2024, Israeli warplanes struck a house in An Nasr (Rafah, Gaza Strip), killing 4 Palestinians.",4,,1753955113
PSE46297,2/1/2024,2024,1,Political violence,Explosions/Remote violence,Air/drone strike,Military Forces of Israel (2022-),,8,Civilians (Palestine),,7,78,Civilian targeting,275,Middle East,Palestine,Gaza Strip,Khan Yunis,,Khan Yunis - West (Municipal Stadium),31.3484,34.2961,2,Arab 48; Newpress; Palestine News and Information Agency; Quds News Network; Twitter,New media-National,"On 1 February 2024, Israeli warplanes struck houses west of Khan Yunis, (coded to Khan Yunis - West (Municipal Stadium), Gaza Strip), injuring 13 Palestinians. Also, Israeli airstrikes targeted the vicinity of Naser hospital. Fatalities unknown.",0,,1753955113
PSE46309,2/1/2024,2024,1,Political violence,Explosions/Remote violence,Air/drone strike,Military Forces of Israel (2022-),,8,Civilians (Palestine),,7,78,Civilian targeting,275,Middle East,Palestine,Gaza Strip,Khan Yunis,,Al Fukhari,31.2952,34.3332,1,Arab 48,National,"On 1 February 2024, Israeli warplanes struck targets near the European Hospital in Al Fukhari (Khan Yunis, Gaza Strip), killing 3 Palestinians.",3,,1753955113
PSE46316,2/1/2024,2024,1,Political violence,Explosions/Remote violence,Air/drone strike,Military Forces of Israel (2022-),,8,Civilians (Palestine),,7,78,Civilian targeting,275,Middle East,Palestine,Gaza Strip,Khan Yunis,,Khan Yunis - Ash Sheikh Naser,31.3398,34.3116,1,Quds News Network; Twitter,New media-National,"On 1 February 2024, Israeli UAVs struck the Khan Yunis - Ash Sheikh Naser (Khan Yunis, Gaza Strip), killing 2 Palestinians.",2,,1753955113
PSE46293,2/1/2024,2024,1,Political violence,Explosions/Remote violence,Air/drone strike,Military Forces of Israel (2022-),,8,Civilians (Palestine),,7,78,Civilian targeting,275,Middle East,Palestine,Gaza Strip,Deir El Balah,,An Nusayrat - West,31.4525,34.3756,1,Palestine News and Information Agency; Quds News Network; Twitter,New media-National,"On 1 February 2024, Israeli warplanes struck a house west of An Nusayrat (An Nusayrat - West, Deir El Balah, Gaza Strip), killing 2 Palestinians and injuring a number of others.",2,,1753955113
PSE53748,2/1/2024,2024,3,Political violence,Explosions/Remote violence,Air/drone strike,Military Forces of Israel (2022-),,8,Civilians (Israel),,7,78,Civilian targeting,275,Middle East,Palestine,Gaza Strip,Khan Yunis,,Khan Yunis,31.3502,34.3081,1,Israeli Defense Forces; Quds News Network; Times of Israel; Twitter,Other-New media,"Around 1 February 2024 (month of), 4 Israeli abductees were killed (likely by an airstrike) in Khan Yunis city (Gaza Strip) during the Israeli ground operation in Khan Yunis. By 14 June, their bodies were still held by Palestinian factions.",4,,1753955132
PSE46290,2/1/2024,2024,1,Political violence,Explosions/Remote violence,Air/drone strike,Military Forces of Israel (2022-),,8,Civilians (Palestine),,7,78,Civilian targeting,275,Middle East,Palestine,Gaza Strip,Gaza City,,Gaza - Southern Remal,31.5168,34.4355,1,Palestine News and Information Agency; Palestinian Ministry of Health,Other-National,"On 1 February 2024, Israeli warplanes and artillery struck targets and opened fire in Gaza - Southern Remal (Gaza City, Gaza Strip), killing and injuring a number of Palestinians. [Palestinian Ministry of Health reported 27131 fatalities upto 1 February 2024. 65 fatalities not attributed to specific events split across 3 events on 1 Febraury. 21 fatalities coded to this event.]",21,,1759789988
PSE46291,2/1/2024,2024,1,Political violence,Explosions/Remote violence,Air/drone strike,Military Forces of Israel (2022-),,8,Civilians (Palestine),,7,78,Civilian targeting,275,Middle East,Palestine,Gaza Strip,Gaza City,,Gaza - Tal el Hawa,31.5041,34.435,1,Palestine News and Information Agency; Palestinian Ministry of Health,Other-National,"On 1 February 2024, Israeli warplanes and artillery struck targets and opened fire in Gaza - Tal el Hawa (Gaza City, Gaza Strip), killing and injuring a number of Palestinians. [Palestinian Ministry of Health reported 27131 fatalities upto 1 February 2024. 65 fatalities not attributed to specific events split across 3 events on 1 Febraury. 22 fatalities coded to this event.]",22,,1759789988
PSE46292,2/1/2024,2024,1,Political violence,Explosions/Remote violence,Air/drone strike,Military Forces of Israel (2022-),,8,Civilians (Palestine),,7,78,Civilian targeting,275,Middle East,Palestine,Gaza Strip,Gaza City,,Gaza - Az Zaytun,31.4964,34.4522,1,Palestine News and Information Agency; Palestinian Ministry of Health,Other-National,"On 1 February 2024, Israeli warplanes struck 2 houses in Gaza - Az Zaytun (Gaza City, Gaza Strip), killing a number of Palestinians and injuring dozens. [Palestinian Ministry of Health reported 27131 fatalities upto 1 February 2024. 65 fatalities not attributed to specific events split across 3 events on 1 Febraury. 22 fatalities coded to this event.]",22,,1759789988
PSE46331,2/2/2024,2024,1,Political violence,Explosions/Remote violence,Air/drone strike,Military Forces of Israel (2022-),,8,Civilians (Palestine),Refugees/IDPs (Palestine),7,78,Civilian targeting,275,Middle East,Palestine,Gaza Strip,Khan Yunis,,Al Fukhari,31.2952,34.3332,1,Newpress; Palestine News and Information Agency; Quds News Network; Twitter,New media-National,"On 2 February 2024, Israeli warplanes carried out strikes near the European hospital in Al Fukhari (Khan Yunis, Gaza Strip), injuring 2 displaced Palestinians.",0,,1753955113
PSE46332,2/2/2024,2024,1,Political violence,Explosions/Remote violence,Air/drone strike,Military Forces of Israel (2022-),,8,Civilians (Palestine),Aid Workers (Palestine); Palestinian Red Crescent Society; Refugees/IDPs (Palestine),7,78,Civilian targeting,275,Middle East,Palestine,Gaza Strip,Khan Yunis,,Khan Yunis - West (Municipal Stadium),31.3484,34.2961,2,Dunia Al Watan; Newpress; Palestine News and Information Agency; Quds News Network; Twitter,New media-National,"On 2 February 2024, Israeli warplanes and artillery struck targets (including houses) west of Khan Yunis and near Naser hospital and Al Namsawi (coded to Khan Yunis - West (Municipal Stadium), Gaza Strip). Also, Israeli tanks opened fire toward the PRCS office west of the city, killing 4 Palestinians (including a PRCS worker) and injuring a number of displaced people. The total confirmed fatalities were 4.",4,,1753955113
PSE46345,2/2/2024,2024,1,Political violence,Explosions/Remote violence,Air/drone strike,Military Forces of Israel (2022-),,8,Civilians (Palestine),,7,78,Civilian targeting,275,Middle East,Palestine,Gaza Strip,Khan Yunis,,Al Mawasi (Khan Yunis),31.3482,34.2547,1,Newpress; Twitter,New media-National,"On 2 February 2024, Israeli warplanes carried out airstrikes in Al Mawasi (Khan Yunis), Gaza Strip, killing a Palestinian.",1,,1762829569
PSE46354,2/2/2024,2024,1,Political violence,Explosions/Remote violence,Air/drone strike,Military Forces of Israel (2022-),,8,Civilians (Palestine),,7,78,Civilian targeting,275,Middle East,Palestine,Gaza Strip,Deir El Balah,,Az Zawayda,31.4284,34.366,1,Quds News Network; Twitter,New media-National,"On 2 February 2024, Israeli warplanes struck a house in Az Zawayda (Deir El Balah, Gaza Strip), injuring a number of Palestinians.",0,,1767742780
PSE46863,2/2/2024,2024,1,Political violence,Violence against civilians,Attack,Military Forces of Israel (2022-),,8,Civilians (Palestine),,7,78,Civilian targeting,275,Middle East,Palestine,Gaza Strip,Gaza City,,Gaza - Az Zaytun,31.4964,34.4522,1,Palestine News and Information Agency,National,"On 2 February 2024, Israeli forces targeted several civilians near the Palestine stadium in Gaza - Az Zaytun (Gaza City, Gaza Strip) when they were attempting to restore communication and internet services. Several civilians were killed and others injured. Unspecified number of fatalities coded as 3.",3,,1759789988
PSE46334,2/2/2024,2024,1,Political violence,Explosions/Remote violence,Shelling/artillery/missile attack,Military Forces of Israel (2022-),,8,Civilians (Palestine),Refugees/IDPs (Palestine),7,78,Civilian targeting,275,Middle East,Palestine,Gaza Strip,Khan Yunis,,Khan Yunis - Al Amal,31.3544,34.3007,1,AP; Palestine News and Information Agency; Quds News Network; Twitter,New media-National,"On 2 February 2024, Israeli tanks struck targets and opened fire in the vicinity of Al Amal hospital in Khan Yunis - Al Amal (Khan Yunis, Gaza Strip), injuring a number of displaced Palestinians and killing four people, including a staff person from Red Crescent.",4,,1753955113
PSE46678,2/3/2024,2024,1,Political violence,Explosions/Remote violence,Air/drone strike,Military Forces of Israel (2022-),,8,Civilians (Palestine),Refugees/IDPs (Palestine),7,78,Civilian targeting,275,Middle East,Palestine,Gaza Strip,Khan Yunis,,Al Fukhari,31.2952,34.3332,1,Arab 48; Palestine News and Information Agency; Quds News Network; Twitter,New media-National,"On 3 February 2024, Israeli warplanes struck targets in the vicinity of the European Hospital in Al Fukhari (Khan Yunis, Gaza Strip), injuring a displaced person. Also, a Palestinian was killed and 6 more were injured in an airstrikes that targeted a filling station in the same area.",1,,1753955113
PSE46816,2/3/2024,2024,1,Political violence,Explosions/Remote violence,Air/drone strike,Military Forces of Israel (2022-),,8,Civilians (Palestine),Aid Workers (Palestine); Palestinian Red Crescent Society; Refugees/IDPs (Palestine),7,78,Civilian targeting,275,Middle East,Palestine,Gaza Strip,Khan Yunis,,Khan Yunis - West (Municipal Stadium),31.3484,34.2961,2,Quds News Network; Twitter,New media-National,"On 3 February 2024, Israeli warplanes and artillery struck targets west of Khan Yunis, in Khan Yunis camp, and near Naser hospital (coded to Khan Yunis - West (Municipal Stadium), Gaza Strip). As a result, 3 Palestinians were killed. Also, 11 displaced persons were injured as Israeli forces fired Smoke bombs at the PRCS office west of the city. The total fatalities were 3.",3,,1753955113
PSE46749,2/3/2024,2024,1,Political violence,Violence against civilians,Attack,Military Forces of Israel (2022-),,8,Civilians (Palestine),,7,78,Civilian targeting,275,Middle East,Palestine,Gaza Strip,Gaza City,,Gaza - Nasr,31.534,34.4574,1,Ma'an News Agency; Palestine News and Information Agency; Quds News Network; Twitter,New media-National,"On 3 February 2024, an Israeli sniper shot dead at least 2 Palestinians in Gaza - Nasr (Gaza City, Gaza Strip) and injured another 2 persons.",2,,1753955113
PSE46757,2/3/2024,2024,1,Political violence,Explosions/Remote violence,Air/drone strike,Military Forces of Israel (2022-),,8,Civilians (Palestine),,7,78,Civilian targeting,275,Middle East,Palestine,Gaza Strip,Gaza City,,Gaza - Southern Remal,31.5168,34.4355,1,Palestine News and Information Agency; Quds News Network; Times of Israel; Twitter,New media-National,"On 3 February 2024, Israeli warplanes struck targets, including a house and residential towers in Gaza - Southern Remal (Gaza City, Gaza Strip), killing 10 Palestinians and injuring another 8 persons.",10,,1759789988
PSE46796,2/3/2024,2024,1,Political violence,Explosions/Remote violence,Air/drone strike,Military Forces of Israel (2022-),,8,Civilians (Palestine),Refugees/IDPs (Palestine),7,78,Civilian targeting,275,Middle East,Palestine,Gaza Strip,Khan Yunis,,Khan Yunis - Al Amal,31.3544,34.3007,1,Arab 48; Palestinian Ministry of Health; Quds News Network; Twitter,Other-New media,"On 3 February 2024, Israeli warplanes struck houses near Al Amal hospital in Khan Yunis - Al Amal (Khan Yunis, Gaza Strip). Meanwhile, Israeli artillery and tanks struck targets and opened fire at the Al Amal hospital hosting displaced people, causing fatalities and injuries. [Palestinian Ministry of Health reported 27365 fatalities upto 3 February 2024. 46 fatalities not attributed to specific events split across 3 events on 3 Febraury. 16 fatalities coded to this event.]",16,,1753955113
PSE46725,2/3/2024,2024,1,Political violence,Explosions/Remote violence,Air/drone strike,Military Forces of Israel (2022-),,8,Civilians (Palestine),,7,78,Civilian targeting,275,Middle East,Palestine,Gaza Strip,Deir El Balah,,Deir al Balah,31.4178,34.3503,1,Ma'an News Agency; Palestine News and Information Agency; Palestinian Ministry of Health; Quds News Network; Twitter,Other-New media,"On 3 February 2024, Israeli warplanes struck houses and a mosque in Deir al Balah city (Deir El Balah, Gaza Strip), causing fatalities and injuries. [Palestinian Ministry of Health reported 27365 fatalities upto 3 February 2024. 46 fatalities not attributed to specific events split across 3 events on 3 Febraury. 15 fatalities coded to this event.]",15,,1753955113
PSE46766,2/3/2024,2024,1,Political violence,Violence against civilians,Abduction/forced disappearance,Military Forces of Israel (2022-),,8,Civilians (Palestine),,7,78,Civilian targeting,275,Middle East,Palestine,Gaza Strip,Gaza City,,Gaza - Tal el Hawa,31.5041,34.435,1,Ma'an News Agency; Palestine News and Information Agency,National,"On 3 February 2024, IDF troops arrested dozens of Palestinians in Gaza - Tal el Hawa (Gaza City, Gaza Strip).",0,,1772581279
PSE46842,2/3/2024,2024,1,Political violence,Explosions/Remote violence,Air/drone strike,Military Forces of Israel (2022-),,8,Civilians (Palestine),,7,78,Civilian targeting,275,Middle East,Palestine,Gaza Strip,Rafah,,Rafah,31.287,34.2595,1,Palestine News and Information Agency; Palestinian Ministry of Health,Other-National,"On 3 February 2024, Israeli warplanes struck houses in Qishta area of Rafah city (Rafah, Gaza Strip), causing fatalities and injuries. [Palestinian Ministry of Health reported 27365 fatalities upto 3 February 2024. 46 fatalities not attributed to specific events split across 3 events on 3 Febraury. 15 fatalities coded to this event.]",15,,1762829569
PSE46697,2/3/2024,2024,1,Political violence,Explosions/Remote violence,Air/drone strike,Military Forces of Israel (2022-),,8,Civilians (Palestine),Refugees/IDPs (Palestine),7,78,Civilian targeting,275,Middle East,Palestine,Gaza Strip,Rafah,,As Salam,31.2678,34.2567,1,Ma'an News Agency; Newpress; Palestine News and Information Agency; Quds News Network; Twitter,New media-National,"On 3 February 2024, Israeli warplanes struck a kindergarten and tents hosting displaced people in As Salam (Rafah, Gaza Strip), killing a number of displaced Palestinians, including 2 girls and injuring dozens. Fatalities coded as at least 2.",2,,1753955113
PSE46840,2/3/2024,2024,1,Political violence,Explosions/Remote violence,Air/drone strike,Military Forces of Israel (2022-),,8,Civilians (Palestine),,7,78,Civilian targeting,275,Middle East,Palestine,Gaza Strip,Rafah,,Al Junainah,31.2642,34.2636,1,Ma'an News Agency; Newpress; Palestine News and Information Agency; PLO Negotiations Affairs Department; Quds News Network; Twitter,Other-New media,"On 3 February 2024, Israeli warplanes struck 2 houses in Al Junainah (Rafah, Gaza Strip), killing 26 Palestinians and injuring a number of others. Meanwhile, artillery and tanks shelled targets in the same area. Also, a child was killed and another person was injured in an airstrike that targeted Hasan Salameh tower in the same area. The total fatalities were 27.",27,,1753955113
PSE46672,2/4/2024,2024,1,Political violence,Explosions/Remote violence,Air/drone strike,Military Forces of Israel (2022-),,8,Civilians (Palestine),,7,78,Civilian targeting,275,Middle East,Palestine,Gaza Strip,Khan Yunis,,Abasan al Jadidah,31.3416,34.3459,1,Quds News Network; Twitter,New media-National,"On 4 February 2024, Israeli warplanes struck Palestinians while visiting their houses in Abasan al Jadidah (Khan Yunis, Gaza Strip), killing 2 persons.",2,,1753955113
PSE46690,2/4/2024,2024,1,Political violence,Explosions/Remote violence,Air/drone strike,Military Forces of Israel (2022-),,8,Civilians (Palestine),,7,78,Civilian targeting,275,Middle East,Palestine,Gaza Strip,Rafah,,An Nasr,31.2814,34.3025,1,Quds News Network; Twitter,New media-National,"On 4 February 2024, Israeli warplanes struck a passing wagon in An Nasr (Rafah, Gaza Strip), killing a Palestinian.",1,,1753955113
PSE46705,2/4/2024,2024,1,Political violence,Explosions/Remote violence,Air/drone strike,Military Forces of Israel (2022-),,8,Civilians (Palestine),,7,78,Civilian targeting,275,Middle East,Palestine,Gaza Strip,Khan Yunis,,Bani Suheila,31.3424,34.325,1,Palestine News and Information Agency; Quds News Network; Twitter,New media-National,"On 4 February 2024, Israeli warplanes and artillery struck and destroyed houses in Bani Suheila (Khan Yunis, Gaza Strip). Casualties unknown.",0,,1753955113
PSE46755,2/4/2024,2024,1,Political violence,Explosions/Remote violence,Shelling/artillery/missile attack,Military Forces of Israel (2022-),,8,Civilians (Palestine),,7,78,Civilian targeting,275,Middle East,Palestine,Gaza Strip,Gaza City,,Gaza - Shujaiyya,31.4988,34.4699,2,Newpress; Palestine News and Information Agency; Quds News Network; Twitter,New media-National,"On 4 February 2024, Israeli artillery fired shells toward a group of Palestinians visiting their houses in the Al Shaab area east of Gaza - Shujaiyya (Gaza City, Gaza Strip), injuring 3 Palestinians.",0,,1759789988
PSE46760,2/4/2024,2024,1,Political violence,Explosions/Remote violence,Air/drone strike,Military Forces of Israel (2022-),,8,Civilians (Palestine),,7,78,Civilian targeting,275,Middle East,Palestine,Gaza Strip,Gaza City,,Gaza - Northern Remal,31.524,34.4505,1,Newpress; Palestine News and Information Agency; Quds News Network; Twitter,New media-National,"On 4 February 2024, Israeli UAV struck targets in Gaza - Northern Remal (Gaza City, Gaza Strip), injuring a number of Palestinians. Meanwhile, tanks and artillery shelled targets and opened fire in the vicinity of Al Shifa hospital in the same area. Also, 4 Palestinians were killed in an airstrikes that targeted a house in the same area. The total fatalities were 4.",4,,1759789988
PSE46761,2/4/2024,2024,1,Political violence,Violence against civilians,Attack,Military Forces of Israel (2022-),,8,Civilians (Palestine),Refugees/IDPs (Palestine),7,78,Civilian targeting,275,Middle East,Palestine,Gaza Strip,Gaza City,,Gaza - Northern Remal,31.524,34.4505,1,Palestine News and Information Agency; Quds News Network; Twitter,New media-National,"On 4 February 2024, Israeli snipers opened fire at Al Shifa hospital in Gaza - Northern Remal (Gaza City, Gaza Strip), killing a displaced Palestinian.",1,,1759789988
PSE46797,2/4/2024,2024,1,Political violence,Violence against civilians,Attack,Military Forces of Israel (2022-),,8,Civilians (Palestine),Refugees/IDPs (Palestine),7,78,Civilian targeting,275,Middle East,Palestine,Gaza Strip,Khan Yunis,,Khan Yunis - Al Amal,31.3544,34.3007,1,Palestine News and Information Agency; Quds News Network; Twitter,New media-National,"On 4 February 2024, Israeli forces opened fire and injured 2 displaced people in Al Amal hospital in Khan Yunis - Al Amal (Khan Yunis, Gaza Strip). Fatalities unknown.",0,,1753955113
PSE46809,2/4/2024,2024,1,Political violence,Explosions/Remote violence,Air/drone strike,Military Forces of Israel (2022-),,8,Civilians (Palestine),,7,78,Civilian targeting,275,Middle East,Palestine,Gaza Strip,Khan Yunis,,Khan Yunis - City Centre,31.3419,34.3015,1,Newpress; Palestine News and Information Agency; Quds News Network; Twitter,New media-National,"On 4 February 2024, Israeli warplanes struck a group of people while attempting to reach their houses in Al Tahliya area in Khan Yunis - City Centre (Khan Yunis, Gaza Strip), killing 2 Palestinians. Also, artillery struck targets in the same area.",2,,1753955113
PSE46813,2/4/2024,2024,1,Political violence,Explosions/Remote violence,Air/drone strike,Military Forces of Israel (2022-),,8,Civilians (Palestine),,7,78,Civilian targeting,275,Middle East,Palestine,Gaza Strip,Khan Yunis,,Bani Suheila,31.3424,34.325,2,Palestine News and Information Agency; PLO Negotiations Affairs Department,Other-National,"On 4 February 2024, Israeli warplanes, artillery and tanks shelled targets east of Khan Yunis, coded to Bani Suheila (Khan Yunis, Gaza Strip), causing fire to Palestinian houses. Casualties unknown.",0,,1753955113
PSE46818,2/4/2024,2024,1,Political violence,Explosions/Remote violence,Air/drone strike,Military Forces of Israel (2022-),,8,Civilians (Palestine),,7,78,Civilian targeting,275,Middle East,Palestine,Gaza Strip,Khan Yunis,,Khan Yunis - West (Municipal Stadium),31.3484,34.2961,2,Quds News Network; Twitter,New media-National,"On 4 February 2024, Israeli warplane struck targets west of Khan Yunis, including in the vicinity of Al Aqsa University and Al Namsawi area (coded to Khan Yunis - West (Municipal Stadium), Gaza Strip). 10 persons were killed in Khan Yunis (coded to this location).",10,,1753955113
PSE46692,2/4/2024,2024,1,Political violence,Explosions/Remote violence,Air/drone strike,Military Forces of Israel (2022-),,8,Civilians (Palestine),Refugees/IDPs (Palestine),7,78,Civilian targeting,275,Middle East,Palestine,Gaza Strip,Deir El Balah,,An Nusayrat,31.4486,34.3925,1,Ma'an News Agency; Palestine News and Information Agency,National,"On 4 February 2024, Israeli warplanes struck a house in An Nusayrat refugee camp (Deir El Balah, Gaza Strip), injuring a number of Palestinians.",0,,1753955113
PSE46728,2/4/2024,2024,1,Political violence,Explosions/Remote violence,Air/drone strike,Military Forces of Israel (2022-),,8,Civilians (Palestine),,7,78,Civilian targeting,275,Middle East,Palestine,Gaza Strip,Deir El Balah,,Deir al Balah,31.4178,34.3503,1,Newpress; Palestine News and Information Agency; Quds News Network; Twitter,New media-National,"On 4 February 2024, Israeli warplanes struck a house in Al Haker and Al Barakah areas of Deir al Balah city (Deir El Balah, Gaza Strip), killing 10 Palestinians and injuring a number of others, including children.",10,,1753955113
PSE46729,2/4/2024,2024,1,Political violence,Explosions/Remote violence,Air/drone strike,Military Forces of Israel (2022-),,8,Civilians (Palestine),,7,78,Civilian targeting,275,Middle East,Palestine,Gaza Strip,Deir El Balah,,Al Musaddar,31.4105,34.378,2,Newpress; Palestine News and Information Agency; Quds News Network; Twitter,New media-National,"On 4 February 2024, Israeli warplanes struck houses west of Deir al Balah city (coded to Al Musaddar, Gaza Strip), leaving 15 fatalities and dozens of injuries in Deir al Balah city. Fatalities split across 2 evetns, and 8 fatalities coded to this event.",8,,1765850627
PSE46734,2/4/2024,2024,1,Political violence,Explosions/Remote violence,Air/drone strike,Military Forces of Israel (2022-),,8,Civilians (Palestine),Refugees/IDPs (Palestine),7,78,Civilian targeting,275,Middle East,Palestine,Gaza Strip,Deir El Balah,,Deir al Balah Camp,31.4249,34.34,1,Quds News Network; Twitter,New media-National,"On 4 February 2024, Israeli warplanes struck a house in Deir al Balah Camp (Deir El Balah, Gaza Strip). Casualties unknown.",0,,1765850627
PSE46716,2/4/2024,2024,1,Political violence,Explosions/Remote violence,Air/drone strike,Military Forces of Israel (2022-),,8,Civilians (Palestine),,7,78,Civilian targeting,275,Middle East,Palestine,Gaza Strip,North Gaza,,Beit Lahiya - Al Salateen,31.5558,34.4814,1,Quds News Network; Twitter,New media-National,"On 4 February 2024, Israeli warplanes struck a group of Palestinians in Beit Lahiya - Al Salateen (North Gaza, Gaza Strip). Casualties unknown.",0,,1753955113
PSE46750,2/4/2024,2024,1,Political violence,Explosions/Remote violence,Air/drone strike,Military Forces of Israel (2022-),,8,Civilians (Palestine),,7,78,Civilian targeting,275,Middle East,Palestine,Gaza Strip,Gaza City,,Gaza - Sabra,31.5086,34.4493,1,Newpress; Palestine News and Information Agency; Quds News Network; Twitter,New media-National,"On 4 February 2024, Israeli warplanes carried out airstrikes in Gaza - Sabra (Gaza City, Gaza Strip), leaving 2 fatalities. Also, warplanes struck the vicinity of Abu Baker mosque. Fatalities were 2.",2,,1759789988
PSE46843,2/4/2024,2024,1,Political violence,Explosions/Remote violence,Air/drone strike,Military Forces of Israel (2022-),,8,Civilians (Palestine),,7,78,Civilian targeting,275,Middle East,Palestine,Gaza Strip,Rafah,,Yibna,31.2842,34.2482,2,Jerusalem Post; Palestine News and Information Agency; Palestinian Ministry of Health; PLO Negotiations Affairs Department; Quds News Network; Twitter,Other-New media,"On 4 February 2024, Israeli warplanes struck a civilian passing car east of Rafah city (coded to Yibna, Gaza Strip), killing and injuring a number of Palestinians. Meanwhile, artillery and tanks shelled targets in the same area. Casualties unknown. [Palestinian Ministry of Health reported 27478 fatalities upto 4 February. 51 fatalities not attributed to specific events added to 1 event on 4 February. 51 fatalities coded to this event.]",51,,1753955113
PSE46747,2/4/2024,2024,1,Political violence,Explosions/Remote violence,Air/drone strike,Military Forces of Israel (2022-),,8,Civilians (Palestine),,7,78,Civilian targeting,275,Middle East,Palestine,Gaza Strip,Gaza City,,Gaza - Az Zaytun,31.4964,34.4522,1,Quds News Network; Twitter,New media-National,"On 4 February 2024, Israeli warplanes struck a house in street 8 of Gaza - Az Zaytun (Gaza City, Gaza Strip). Casualties unknown.",0,,1759789988
PSE46769,2/4/2024,2024,1,Political violence,Explosions/Remote violence,Air/drone strike,Military Forces of Israel (2022-),,8,Civilians (Palestine),Health Workers (Palestine),7,78,Civilian targeting,275,Middle East,Palestine,Gaza Strip,Gaza City,,Gaza - Tal el Hawa,31.5041,34.435,1,Palestine News and Information Agency; Quds News Network; Twitter,New media-National,"On 4 February 2024, Israeli warplanes struck the al-Wala pharmacy in Gaza - Tal el Hawa (Gaza City, Gaza Strip), injuring 4 Palestinians. Also, 3 Palestinians were killed in an airstrike that targeted them in Al Saraya and Al Tayaran in Tel el Hawa. The total fatalities were 3.",3,,1759789988
PSE46805,2/4/2024,2024,1,Political violence,Explosions/Remote violence,Air/drone strike,Military Forces of Israel (2022-),,8,Civilians (Palestine),,7,78,Civilian targeting,275,Middle East,Palestine,Gaza Strip,Khan Yunis,,Khan Yunis - Jourat Al-Loot,31.3314,34.3004,2,Newpress; Palestine News and Information Agency; Twitter,New media-National,"On 4 February 2024, Israeli warplanes and artillery shelled targets south of Khan Yunis, coded to Khan Yunis - Jourat Al-Loot (Khan Yunis, Gaza Strip), causing fire to Palestinian houses. Casualties unknown.",0,,1753955113
PSE46746,2/4/2024,2024,1,Political violence,Violence against civilians,Attack,Military Forces of Israel (2022-),,8,Civilians (Palestine),,7,78,Civilian targeting,275,Middle East,Palestine,Gaza Strip,Gaza City,,Gaza - Az Zaytun,31.4964,34.4522,1,Quds News Network; Twitter,New media-National,"On 4 February 2024, Israeli forces opened fire and injured a number of Palestinians while waiting aid trucks at the Kuwait roundabout in Gaza - Az Zaytun (Gaza City, Gaza Strip). This event involved violence over aid.",0,,1759789988
PSE46707,2/5/2024,2024,1,Political violence,Explosions/Remote violence,Air/drone strike,Military Forces of Israel (2022-),,8,Civilians (Palestine),,7,78,Civilian targeting,275,Middle East,Palestine,Gaza Strip,Khan Yunis,,Bani Suheila,31.3424,34.325,1,Newpress; Quds News Network; Twitter,New media-National,"On 5 February 2024, an Israeli warplane struck and killed a Palestinian woman in Bani Suheila (Khan Yunis, Gaza Strip).",1,,1753955113
PSE46820,2/5/2024,2024,1,Political violence,Explosions/Remote violence,Air/drone strike,Military Forces of Israel (2022-),,8,Civilians (Palestine),,7,78,Civilian targeting,275,Middle East,Palestine,Gaza Strip,Khan Yunis,,Khan Yunis - West (Municipal Stadium),31.3484,34.2961,2,Newpress; Palestine News and Information Agency; Quds News Network; Twitter,New media-National,"On 5 February 2024, Israeli warplanes struck targets (including houses) and opened fire in the vicinity of Naser hospital and Khan Yunis camp and west of Khan Yunis (coded to Khan Yunis - West (Municipal Stadium), Gaza Strip). Meanwhile, artillery shelled targets in the same area. As a result, 14 Palestinians including children were killed.",14,,1753955113
PSE46821,2/5/2024,2024,1,Political violence,Violence against civilians,Attack,Military Forces of Israel (2022-),,8,Civilians (Palestine),Refugees/IDPs (Palestine),7,78,Civilian targeting,275,Middle East,Palestine,Gaza Strip,Khan Yunis,,Khan Yunis - West (Municipal Stadium),31.3484,34.2961,2,Arab 48; Newpress; Palestine News and Information Agency; Quds News Network; Twitter,New media-National,"On 5 February 2024, Israeli snipers opened fire toward the Al Zahra school hosting displaced people, west of Khan Yunis (coded to Khan Yunis - West (Municipal Stadium), Gaza Strip), killing a Palestinian and injuring another one.",1,,1753955113
PSE46700,2/5/2024,2024,1,Political violence,Explosions/Remote violence,Air/drone strike,Military Forces of Israel (2022-),,8,Civilians (Palestine),,7,78,Civilian targeting,275,Middle East,Palestine,Gaza Strip,Deir El Balah,,Az Zawayda,31.4284,34.366,1,Palestine News and Information Agency; Quds News Network; Twitter,New media-National,"On 5 February 2024, Israeli warplanes struck a house in Az Zawayda (Deir El Balah, Gaza Strip), killing 8 Palestinians, including children.",8,,1767742780
PSE46731,2/5/2024,2024,1,Political violence,Explosions/Remote violence,Air/drone strike,Military Forces of Israel (2022-),,8,Civilians (Palestine),,7,78,Civilian targeting,275,Middle East,Palestine,Gaza Strip,Deir El Balah,,Deir al Balah,31.4178,34.3503,1,Newpress; Palestine News and Information Agency; Quds News Network; Twitter,New media-National,"On 5 February 2024, Israeli warplanes struck a house in Al Haker area of Deir al Balah city (Deir El Balah, Gaza Strip), killing at least 4 Palestinians and injuring a number of others.",4,,1753955113
PSE46676,2/5/2024,2024,1,Political violence,Explosions/Remote violence,Air/drone strike,Military Forces of Israel (2022-),,8,Civilians (Palestine),Refugees/IDPs (Palestine),7,78,Civilian targeting,275,Middle East,Palestine,Gaza Strip,Deir El Balah,,Al Burayj,31.4394,34.4031,2,Newpress; Palestinian Ministry of Health; Quds News Network; Twitter,Other-New media,"On 5 February 2024, Israeli warplanes opened fire east of Al Burayj camp (Deir El Balah, Gaza Strip), killing and injuring a number of Palestinians. [Palestinian Ministry of Health reported 27585 fatalities upto 5 February 2024. 34 fatalities not attributed to specific events split across 3 events on 5 Febraury. 12 fatalities coded to this event.]",12,,1753955113
PSE46693,2/5/2024,2024,1,Political violence,Explosions/Remote violence,Air/drone strike,Military Forces of Israel (2022-),,8,Civilians (Palestine),Refugees/IDPs (Palestine),7,78,Civilian targeting,275,Middle East,Palestine,Gaza Strip,Deir El Balah,,An Nusayrat,31.4486,34.3925,1,Palestine News and Information Agency; Palestinian Ministry of Health; Quds News Network; Twitter,Other-New media,"On 5 February 2024, Israeli warplanes and artillery struck targets in An Nusayrat refugee camp (Deir El Balah, Gaza Strip), killing and injuring a number of Palestinians. [Palestinian Ministry of Health reported 27585 fatalities upto 5 February 2024. 34 fatalities not attributed to specific events split across 3 events on 5 Febraury. 11 fatalities coded to this event.]",11,,1753955113
PSE46799,2/5/2024,2024,1,Political violence,Explosions/Remote violence,Shelling/artillery/missile attack,Military Forces of Israel (2022-),,8,Civilians (Palestine),,7,78,Civilian targeting,275,Middle East,Palestine,Gaza Strip,Khan Yunis,,Khan Yunis - Al Amal,31.3544,34.3007,1,Palestine News and Information Agency; Palestinian Ministry of Health,Other-National,"On 5 February 2024, Israeli artillery and tanks struck targets in Khan Yunis - Al Amal, including the vicinity of Al Amal hospital (Khan Yunis, Gaza Strip), killing and injuring a number of Palestinians. [Palestinian Ministry of Health reported 27585 fatalities upto 5 February 2024. 34 fatalities not attributed to specific events split across 3 events on 5 Febraury. 11 fatalities coded to this event.]",11,,1753955113
PSE46685,2/5/2024,2024,1,Political violence,Explosions/Remote violence,Air/drone strike,Military Forces of Israel (2022-),,8,Civilians (Palestine),,7,78,Civilian targeting,275,Middle East,Palestine,Gaza Strip,Gaza City,,Al Mughraqa,31.4675,34.4097,2,Palestine News and Information Agency; Quds News Network; Twitter,New media-National,"On 5 February 2024, an Israeli UAV opened fire at Palestinians near Wadi Gaza bridge, coded to Al Mughraqa (Gaza City, Gaza Strip), injuring a number of them.",0,,1753955113
PSE46786,2/5/2024,2024,1,Political violence,Explosions/Remote violence,Air/drone strike,Military Forces of Israel (2022-),,8,Civilians (Palestine),,7,78,Civilian targeting,275,Middle East,Palestine,Gaza Strip,North Gaza,,Jabalya - Tel-Zaatar,31.5367,34.5035,1,Palestine News and Information Agency; Quds News Network; Twitter,New media-National,"On 5 February 2024, Israeli warplanes carried out strikes in Jabalya - Tel-Zaatar (North Gaza, Gaza Strip), killing 2 Palestinians and injuring a number of others.",2,,1759789988
PSE46698,2/5/2024,2024,1,Political violence,Explosions/Remote violence,Air/drone strike,Military Forces of Israel (2022-),,8,Civilians (Palestine),,7,78,Civilian targeting,275,Middle East,Palestine,Gaza Strip,Rafah,,As Salam,31.2678,34.2567,1,Newpress; Palestine News and Information Agency; Twitter,New media-National,"On 5 February 2024, Israeli warplanes struck a house in As Salam (Rafah, Gaza Strip), killing 4 Palestinians and injuring a number of others.",4,,1753955113
PSE46518,2/6/2024,2024,1,Political violence,Explosions/Remote violence,Air/drone strike,Military Forces of Israel (2022-),,8,Civilians (Palestine),Refugees/IDPs (Palestine),7,78,Civilian targeting,275,Middle East,Palestine,Gaza Strip,Khan Yunis,,Khan Yunis - Al Amal,31.3544,34.3007,1,Ma'an News Agency; Newpress; Palestine News and Information Agency; Quds News Network; Twitter,New media-National,"On 6 February 2024, Israeli artillery and tanks struck targets and opened fire in Khan Yunis - Al Amal, including the vicinity of Al Amal hospital (Khan Yunis, Gaza Strip), where shrapnel reached the hospital yard. Meanwhile, warplanes struck the Hennawi school hosting displaced people, killing 14 Palestinians and injuring a number of others. The total fatalities were 14.",14,,1753955113
PSE46521,2/6/2024,2024,1,Political violence,Violence against civilians,Attack,Military Forces of Israel (2022-),,8,Civilians (Palestine),Refugees/IDPs (Palestine); UNRWA: United Nations Relief and Works Agency,7,78,Civilian targeting,275,Middle East,Palestine,Gaza Strip,Khan Yunis,,Khan Yunis,31.3502,34.3081,1,Arab 48; Palestine News and Information Agency; Quds News Network; Twitter,New media-National,"On 6 February 2024, Israeli military forces opened fire at the Hayah UNRWA school (likely hosting displaced people) in Khan Yunis city (Khan Yunis, Gaza Strip), killing 2 Palestinians.",2,,1753955113
PSE46527,2/6/2024,2024,1,Political violence,Explosions/Remote violence,Air/drone strike,Military Forces of Israel (2022-),,8,Civilians (Palestine),,7,78,Civilian targeting,275,Middle East,Palestine,Gaza Strip,Khan Yunis,,Khan Yunis,31.3502,34.3081,1,Palestine News and Information Agency,National,"On 6 February 2024, Israeli warplanes struck targets in Khan Yunis city (Khan Yunis, Gaza Strip), killing 3 Palestinians.",3,,1753955113
PSE46506,2/6/2024,2024,1,Political violence,Explosions/Remote violence,Air/drone strike,Military Forces of Israel (2022-),,8,Civilians (Palestine),,7,78,Civilian targeting,275,Middle East,Palestine,Gaza Strip,Khan Yunis,,Hamad,31.3749,34.3193,1,Palestine News and Information Agency; Quds News Network; Twitter,New media-National,"On 6 February 2024, Israeli warplanes struck a house in Hamad city (Khan Yunis, Gaza Strip), killing 6 Palestinians and injuring a number of others.",6,,1753955113
PSE46541,2/6/2024,2024,1,Political violence,Explosions/Remote violence,Air/drone strike,Military Forces of Israel (2022-),,8,Civilians (Palestine),,7,78,Civilian targeting,275,Middle East,Palestine,Gaza Strip,Deir El Balah,,Al Musaddar,31.4105,34.378,1,Quds News Network; Twitter,New media-National,"On 6 February 2024, Israeli warplanes struck targets in Al Musaddar (Deir El Balah, Gaza Strip), injuring a number of Palestinians.",0,,1765850627
PSE46509,2/6/2024,2024,1,Political violence,Explosions/Remote violence,Air/drone strike,Military Forces of Israel (2022-),,8,Civilians (Palestine),,7,78,Civilian targeting,275,Middle East,Palestine,Gaza Strip,Gaza City,,Gaza - Sabra,31.5086,34.4493,1,Palestine News and Information Agency,National,"On 6 February 2024, Israeli warplanes struck 4 houses in Gaza - Sabra and Gaza - Az Zaytun (Gaza City, Gaza Strip), killing at least 10 Palestinians and injuring a number of others. Fatalities split across 2 events, 5 coded to this location.",5,,1759789988
PSE46516,2/6/2024,2024,1,Political violence,Violence against civilians,Abduction/forced disappearance,Military Forces of Israel (2022-),,8,Civilians (Palestine),,7,78,Civilian targeting,275,Middle East,Palestine,Gaza Strip,Gaza City,,Gaza - Southern Remal,31.5168,34.4355,1,Palestine News and Information Agency; Quds News Network; Twitter,New media-National,"On 6 February 2024, IDF troops arrested dozens of Palestinians in Al Jamiat area in Gaza - Southern Remal (Gaza City, Gaza Strip).",0,,1772581279
PSE46523,2/6/2024,2024,1,Political violence,Explosions/Remote violence,Air/drone strike,Military Forces of Israel (2022-),,8,Civilians (Palestine),Journalists (Palestine),7,78,Civilian targeting,275,Middle East,Palestine,Gaza Strip,Rafah,,Tal as Sultan,31.3098,34.2414,1,Ma'an News Agency; Palestine News and Information Agency; Quds News Network; Twitter,New media-National,"On 6 February 2024, Israeli warplanes struck 2 houses in Tal as Sultan (Rafah, Gaza Strip), killing 4 Palestinians including 2 women and a journalist from the same family, and injuring dozens.",4,,1762829569
PSE46542,2/6/2024,2024,1,Political violence,Explosions/Remote violence,Air/drone strike,Military Forces of Israel (2022-),,8,Civilians (Palestine),,7,78,Civilian targeting,275,Middle East,Palestine,Gaza Strip,Deir El Balah,,Al Musaddar,31.4105,34.378,2,Quds News Network; Twitter,New media-National,"On 6 February 2024, Israeli warplanes struck a house in Al Barakah area southwest of Deir al Balah (coded to Al Musaddar, Gaza Strip), killing and injuring an unspecified number of Palestinians. Unspecified number of fatalities coded as 3.",3,,1765850627
PSE46513,2/6/2024,2024,1,Political violence,Explosions/Remote violence,Air/drone strike,Military Forces of Israel (2022-),,8,Civilians (Palestine),,7,78,Civilian targeting,275,Middle East,Palestine,Gaza Strip,Khan Yunis,,Khan Yunis - West (Municipal Stadium),31.3484,34.2961,2,Ma'an News Agency; Newpress; Palestine News and Information Agency; Quds News Network; Twitter,New media-National,"On 6 February 2024, an Israeli UAV targeted a passing car in Al Buraq neighborhood in west of Khan Yunis (coded to Khan Yunis - West (Municipal Stadium), Gaza Strip), killing 5 persons. Also, artillery and warplanes struck targets (including houses) and opened fire near Naser hospital and in Khan Yunis camp where a mosque was targeted by an airstrike. The confirmed fatalities were 5.",5,,1753955113
PSE46526,2/6/2024,2024,1,Political violence,Explosions/Remote violence,Shelling/artillery/missile attack,Military Forces of Israel (2022-),,8,Civilians (Palestine),Fishers (Palestine),7,78,Civilian targeting,275,Middle East,Palestine,Gaza Strip,Rafah,,Coast of Rafah,31.3474,34.2226,2,Palestine News and Information Agency,National,"On 6 February 2024, Israeli gunboats opened fire at a Palestinian fishing boat off the Coast of Rafah (Rafah, Gaza Strip), injuring several fishers.",0,,1753955113
PSE60061,2/6/2024,2024,1,Political violence,Violence against civilians,Attack,Military Forces of Israel (2022-),,8,Civilians (Palestine),Refugees/IDPs (Palestine),7,78,Civilian targeting,275,Middle East,Palestine,Gaza Strip,Khan Yunis,,Khan Yunis - West (Municipal Stadium),31.3484,34.2961,2,Ma'an News Agency; Newpress; Palestine News and Information Agency; Quds News Network; Twitter,New media-National,"On 6 February 2024, Israeli snipers shot dead a displaced Palestinian at the entrance of Beit Al Maqdes school near Naser hospital west of Khan Yunis (coded to Khan Yunis - West (Municipal Stadium), Gaza Strip).",1,,1753956638
PSE46512,2/6/2024,2024,1,Political violence,Explosions/Remote violence,Air/drone strike,Military Forces of Israel (2022-),,8,Civilians (Palestine),,7,78,Civilian targeting,275,Middle East,Palestine,Gaza Strip,Gaza City,,Gaza - Southern Remal,31.5168,34.4355,1,Palestine Information Center; Palestine News and Information Agency; Quds News Network; Twitter,Other-New media,"On 6 February 2024, Israeli warplanes struck targets and houses in Gaza - Southern Remal (Gaza City, Gaza Strip), killing and injuring a number of Palestinians. [On 11 February 2024, 100 bodies were recovered from under the rubble in Remal and Tal el Hawa, these fatalities split across 4 events, 25 fatalities were coded to this event].",25,,1759789988
PSE46510,2/6/2024,2024,1,Political violence,Explosions/Remote violence,Air/drone strike,Military Forces of Israel (2022-),,8,Civilians (Palestine),,7,78,Civilian targeting,275,Middle East,Palestine,Gaza Strip,Gaza City,,Gaza - Az Zaytun,31.4964,34.4522,1,Palestine News and Information Agency,National,"On 6 February 2024, Israeli warplanes struck 4 houses in Gaza - Sabra and Gaza - Az Zaytun (Gaza City, Gaza Strip), killing at least 10 Palestinians and injuring a number of others. Fatalities split across 2 events, 5 coded to this location.",5,,1759789988
PSE46511,2/6/2024,2024,1,Political violence,Explosions/Remote violence,Air/drone strike,Military Forces of Israel (2022-),,8,Civilians (Palestine),,7,78,Civilian targeting,275,Middle East,Palestine,Gaza Strip,Gaza City,,Gaza - Tal el Hawa,31.5041,34.435,1,Palestine News and Information Agency,National,"On 6 February 2024, Israeli warplanes struck houses in Gaza - Tal el Hawa, including Ansar area and Abu Mazen roundabout (Gaza City, Gaza Strip), killing 5 Palestinians and injuring another 15.",5,,1759789988
PSE46515,2/6/2024,2024,1,Political violence,Explosions/Remote violence,Air/drone strike,Military Forces of Israel (2022-),,8,Civilians (Palestine),,7,78,Civilian targeting,275,Middle East,Palestine,Gaza Strip,Gaza City,,Juhr ad Dik,31.4557,34.4372,1,Arab 48; Palestine News and Information Agency,National,"On 6 February 2024, Israeli UAVs opened fire in Juhr ad Dik (Gaza City, Gaza Strip), killing 5 Palestinians.",5,,1753955113
PSE46520,2/6/2024,2024,1,Political violence,Explosions/Remote violence,Air/drone strike,Military Forces of Israel (2022-),,8,Civilians (Palestine),,7,78,Civilian targeting,275,Middle East,Palestine,Gaza Strip,North Gaza,,Jabalya,31.5272,34.4835,2,Arab 48; Ma'an News Agency; Palestine News and Information Agency; Quds News Network; Twitter,New media-National,"On 6 February 2024, Israeli warplanes struck a house east of Jabalya (North Gaza, Gaza Strip), killing 10 Palestinians injuring another 10.",10,,1759789988
PSE46517,2/6/2024,2024,1,Political violence,Violence against civilians,Attack,Military Forces of Israel (2022-),,8,Civilians (Palestine),Women (Palestine),7,78,Civilian targeting,275,Middle East,Palestine,Gaza Strip,Khan Yunis,,Al Mawasi (Khan Yunis),31.3482,34.2547,1,Newpress; Palestine News and Information Agency; Quds News Network; Twitter,New media-National,"On 6 February 2024, an Israeli sniper shot dead a Palestinian woman in Al Mawasi (Khan Yunis) (Gaza Strip).",1,,1762829569
PSE46519,2/6/2024,2024,1,Political violence,Explosions/Remote violence,Air/drone strike,Military Forces of Israel (2022-),,8,Police Forces of Palestine (2007-) Gaza Strip,Hamas Movement,1,18,,275,Middle East,Palestine,Gaza Strip,Rafah,,Khirbet al Adas,31.2855,34.2714,1,Arab 48; Joe Truzman; Ma'an News Agency; Palestine News and Information Agency; Quds News Network; Twitter,New media-National,"On 6 February 2024, an Israeli warplane struck a passing police car in Khirbet al Adas (Rafah, Gaza Strip), killing 6 police officers affiliated with Hamas.",6,,1753955113
PSE46524,2/6/2024,2024,1,Political violence,Explosions/Remote violence,Air/drone strike,Military Forces of Israel (2022-),,8,Civilians (Palestine),Refugees/IDPs (Palestine),7,78,Civilian targeting,275,Middle East,Palestine,Gaza Strip,Rafah,,Rafah Camp,31.2847,34.2546,1,Liveuamap; Palestine News and Information Agency,Local partner-New media,"On 6 February 2024, Israeli warplanes carried out airstrikes north of Al Shaboura camp in Mukhayyam Rafah refugee camp (Rafah Camp, Gaza Strip), injuring a number of Palestinians.",0,,1753955113
PSE46533,2/6/2024,2024,1,Political violence,Explosions/Remote violence,Air/drone strike,Military Forces of Israel (2022-),,8,Civilians (Palestine),,7,78,Civilian targeting,275,Middle East,Palestine,Gaza Strip,Rafah,,Khirbet al Adas,31.2855,34.2714,1,Arab 48; Ma'an News Agency; Newpress; Twitter,New media-National,"On 6 February 2024, an Israeli warplane struck a house in Khirbet al Adas (Rafah, Gaza Strip), killing and injuring a number of Palestinians. Unspecified number of fatalities coded as 3.",3,,1753955113
PSE46522,2/6/2024,2024,1,Political violence,Explosions/Remote violence,Air/drone strike,Military Forces of Israel (2022-),,8,Civilians (Palestine),,7,78,Civilian targeting,275,Middle East,Palestine,Gaza Strip,Rafah,,As Salam,31.2678,34.2567,1,Joe Truzman; Ma'an News Agency; Palestine News and Information Agency; Quds News Network; Twitter,New media-National,"On 6 February 2024, Israeli warplanes struck a land near the border with Egypt in As Salam (Rafah, Gaza Strip), killing a Palestinian and injuring a number of others while they were collecting firewood.",1,,1753955113
PSE46567,2/6/2024,2024,1,Political violence,Explosions/Remote violence,Air/drone strike,Military Forces of Israel (2022-),,8,Civilians (Palestine),UNRWA: United Nations Relief and Works Agency,7,78,Civilian targeting,275,Middle East,Palestine,Gaza Strip,Rafah,,Tal as Sultan,31.3098,34.2414,2,Al Ghad (Jordan); Arab 48,National-Regional,"On 6 February 2024, Israeli warplanes struck a house in Al Shaout area west of Rafah (coded to Tal as Sultan, Gaza Strip), killing 3 Palestinians. Meanwhile, gunboats struck an UNRWA aid convoy (coded to west of Rafah), with no casualties. Total fatalities were 3. This event involved violence over aid.",3,,1762829569
PSE46563,2/7/2024,2024,1,Political violence,Explosions/Remote violence,Shelling/artillery/missile attack,Military Forces of Israel (2022-),,8,Civilians (Palestine),Health Workers (Palestine),7,78,Civilian targeting,275,Middle East,Palestine,Gaza Strip,Khan Yunis,,Khan Yunis - Al Amal,31.3544,34.3007,1,Newpress; Palestine News and Information Agency; Quds News Network; Twitter,New media-National,"On 7 February 2024, Israeli artillery and tanks struck targets and opened fire in Khan Yunis - Al Amal and at Al Amal hospital (Khan Yunis, Gaza Strip), injuring 2 persons while they were receiving treatment in the hospital.",0,,1753955113
PSE46578,2/7/2024,2024,1,Political violence,Explosions/Remote violence,Shelling/artillery/missile attack,Military Forces of Israel (2022-),,8,Civilians (Palestine),,7,78,Civilian targeting,275,Middle East,Palestine,Gaza Strip,Khan Yunis,,Al Mawasi (Khan Yunis),31.3482,34.2547,1,Newpress; Quds News Network; Twitter,New media-National,"On 7 February 2024, Israeli artillery and tanks opened fire in Al Mawasi (Khan Yunis) (Gaza Strip), killing 3 Palestinians including 2 children.",3,,1762829569
PSE46580,2/7/2024,2024,1,Political violence,Explosions/Remote violence,Air/drone strike,Military Forces of Israel (2022-),,8,Civilians (Palestine),Journalists (Palestine),7,78,Civilian targeting,275,Middle East,Palestine,Gaza Strip,Deir El Balah,,Deir al Balah,31.4178,34.3503,1,Newpress; Palestine News and Information Agency; Quds News Network; Twitter,New media-National,"On 7 February 2024, Israeli warplanes struck a house in Deir al Balah city (Deir El Balah, Gaza Strip), killing a Palestinian journalist together with his son.",2,,1753955113
PSE46561,2/7/2024,2024,1,Political violence,Explosions/Remote violence,Air/drone strike,Military Forces of Israel (2022-),,8,Civilians (Palestine),,7,78,Civilian targeting,275,Middle East,Palestine,Gaza Strip,Gaza City,,Gaza - Sabra,31.5086,34.4493,1,Palestine News and Information Agency; Quds News Network; Twitter,New media-National,"On 7 February 2024, Israeli warplanes struck a group of people while they were filling water jugs in Gaza - Sabra (Gaza City, Gaza Strip), killing 13 Palestinians and injuring a number of others.",13,,1759789988
PSE46555,2/7/2024,2024,1,Political violence,Explosions/Remote violence,Air/drone strike,Military Forces of Israel (2022-),,8,Civilians (Palestine),,7,78,Civilian targeting,275,Middle East,Palestine,Gaza Strip,Gaza City,,Gaza - Southern Remal,31.5168,34.4355,1,Al-Ittihad; Newpress; Palestine News and Information Agency; Twitter,New media-National,"On 7 February 2024, Israeli warplanes carried out airstrikes in Gaza - Southern Remal (Gaza City, Gaza Strip), killing at least one Palestinian and injuring a number of others. Meanwhile, the artillery struck targets in the same area.",1,,1759789988
PSE46562,2/7/2024,2024,1,Political violence,Violence against civilians,Attack,Military Forces of Israel (2022-),,8,Civilians (Palestine),Health Workers (Palestine),7,78,Civilian targeting,275,Middle East,Palestine,Gaza Strip,Gaza City,,Gaza - Southern Remal,31.5168,34.4355,2,Al Ghad (Jordan); Newpress; Palestine News and Information Agency; Twitter,New media-National,"On 7 February 2024, Israeli military forces opened fire at Palestinian paramedics while they operating between Gaza - Southern Remal and Gaza - Az Zaytun (Gaza City, Gaza Strip), killing one paramedic and injuring another 2.",1,,1759789988
PSE46594,2/7/2024,2024,1,Political violence,Explosions/Remote violence,Air/drone strike,Military Forces of Israel (2022-),,8,Civilians (Palestine),,7,78,Civilian targeting,275,Middle East,Palestine,Gaza Strip,Rafah,,Tal as Sultan,31.3098,34.2414,1,Palestine News and Information Agency; Quds News Network; Twitter,New media-National,"On 7 February 2024, Israeli warplanes struck a house in Tal as Sultan (Rafah, Gaza Strip), killing 12 Palestinians injuring a number of others.",12,,1762829569
PSE46557,2/7/2024,2024,1,Political violence,Explosions/Remote violence,Air/drone strike,Military Forces of Israel (2022-),,8,Civilians (Palestine),,7,78,Civilian targeting,275,Middle East,Palestine,Gaza Strip,Khan Yunis,,Khan Yunis - West (Municipal Stadium),31.3484,34.2961,2,Al-Ittihad; Palestine News and Information Agency; Quds News Network; Twitter,New media-National,"On 7 February 2024, Israeli warplanes and artillery struck targets (including houses) and opened fire near Naser hospital and in Khan Yunis camp (coded to Khan Yunis - West (Municipal Stadium), Gaza Strip). No casualties.",0,,1753955113
PSE46568,2/7/2024,2024,1,Political violence,Explosions/Remote violence,Shelling/artillery/missile attack,Military Forces of Israel (2022-),,8,Civilians (Palestine),Fishers (Palestine),7,78,Civilian targeting,275,Middle East,Palestine,Gaza Strip,Rafah,,Coast of Rafah,31.3474,34.2226,2,Arab 48; Newpress; Quds News Network; Twitter,New media-National,"On 7 February 2024, Israeli gunboats opened fire at a Palestinian fishing boat off the Coast of Rafah (Rafah, Gaza Strip), killing 2 fishers.",2,,1753955113
PSE46558,2/7/2024,2024,1,Political violence,Explosions/Remote violence,Air/drone strike,Military Forces of Israel (2022-),,8,Civilians (Palestine),,7,78,Civilian targeting,275,Middle East,Palestine,Gaza Strip,Khan Yunis,,Khan Yunis,31.3502,34.3081,1,Palestine News and Information Agency; Palestinian Ministry of Health,Other-National,"On 7 February 2024, Israeli warplanes carried out airstrikes and destroyed a number of houses in Khan Yunis city (Khan Yunis, Gaza Strip) amid artillery fire, killing and injuring a number of Palestinians. [Palestinian Ministry of Health reported 27840 fatalities upto 7 February 2024. 34 fatalities not attributed to specific events split across 3 events on 7 Febraury. 17 fatalities coded to this event.]",17,,1753955113
PSE46560,2/7/2024,2024,1,Political violence,Explosions/Remote violence,Air/drone strike,Military Forces of Israel (2022-),,8,Civilians (Palestine),,7,78,Civilian targeting,275,Middle East,Palestine,Gaza Strip,Gaza City,,Gaza - Az Zaytun,31.4964,34.4522,1,Arab 48; Palestine News and Information Agency; Palestinian Ministry of Health,Other-National,"On 7 February 2024, Israeli warplanes struck a house in Gaza - Az Zaytun (Gaza City, Gaza Strip), killing and injuring a number of Palestinians. [Palestinian Ministry of Health reported 27840 fatalities upto 7 February 2024. 34 fatalities not attributed to specific events split across 3 events on 7 Febraury. 17 fatalities coded to this event.]",17,,1759789988
PSE60062,2/7/2024,2024,1,Political violence,Violence against civilians,Attack,Military Forces of Israel (2022-),,8,Civilians (Palestine),Women (Palestine),7,78,Civilian targeting,275,Middle East,Palestine,Gaza Strip,Khan Yunis,,Khan Yunis - West (Municipal Stadium),31.3484,34.2961,2,Al-Ittihad; Palestine News and Information Agency; Quds News Network; Twitter,New media-National,"On 7 February 2024, Israeli snipers shot dead a Palestinian woman near the gate of Naser hospital, and another person was shot dead west of Khan Yunis and 6 were injured, (coded to Khan Yunis - West (Municipal Stadium), Gaza Strip). The total fatalities were 2.",2,,1753956638
PSE46554,2/7/2024,2024,1,Political violence,Explosions/Remote violence,Air/drone strike,Military Forces of Israel (2022-),,8,Civilians (Palestine),,7,78,Civilian targeting,275,Middle East,Palestine,Gaza Strip,Rafah,,Khirbet al Adas,31.2855,34.2714,2,Al-Ittihad; Arab 48; Ma'an News Agency; Palestine News and Information Agency; Quds News Network; Twitter,New media-National,"On 7 February 2024, Israeli warplanes struck a house in the Al Zuhour neighborhood and other targets in Musabah area north of Rafah city (coded to Khirbet al Adas, Gaza Strip), killing 2 Palestinians (a woman and her daughter).",2,,1753955113
PSE46573,2/7/2024,2024,1,Political violence,Explosions/Remote violence,Shelling/artillery/missile attack,Military Forces of Israel (2022-),,8,Civilians (Palestine),,7,78,Civilian targeting,275,Middle East,Palestine,Gaza Strip,Khan Yunis,,Khan Yunis - Jourat Al-Loot,31.3314,34.3004,1,Arab 48; Quds News Network; Twitter,New media-National,"On 7 February 2024, Israeli tanks struck targets in Khan Yunis - Jourat Al-Loot (Khan Yunis, Gaza Strip), killing 3 Palestinians.",3,,1753955113
PSE46590,2/7/2024,2024,1,Political violence,Explosions/Remote violence,Air/drone strike,Military Forces of Israel (2022-),,8,Civilians (Palestine),Refugees/IDPs (Palestine),7,78,Civilian targeting,275,Middle East,Palestine,Gaza Strip,Rafah,,Rafah,31.287,34.2595,2,Liveuamap; Quds News Network; Twitter,Local partner-New media,"On 7 February 2024, Israeli warplanes struck targets and a house in Al Shaout camp near the border with Egypt of Rafah city (Rafah, Gaza Strip), killing 3 Palestinians and injuring a number of others.",3,,1762829569
PSE46592,2/7/2024,2024,1,Political violence,Explosions/Remote violence,Air/drone strike,Military Forces of Israel (2022-),,8,Police Forces of Palestine (2007-) Gaza Strip,Hamas Movement,1,18,,275,Middle East,Palestine,Gaza Strip,Rafah,,Rafah Camp,31.2847,34.2546,1,Joe Truzman; Quds News Network; Twitter,New media-National,"On 7 February 2024, Israeli warplanes struck a passing police car in Al Shaboura of Mukhayyam Rafah refugee camp (Rafah Camp, Gaza Strip), killing a Hamas police officer.",1,,1753955113
PSE46559,2/7/2024,2024,1,Political violence,Violence against civilians,Attack,Military Forces of Israel (2022-),,8,Civilians (Palestine),,7,78,Civilian targeting,275,Middle East,Palestine,Gaza Strip,Gaza City,,Gaza - Az Zaytun,31.4964,34.4522,1,Palestine News and Information Agency; Quds News Network; Twitter,New media-National,"On 7 February 2024, Israeli forces opened fire at Palestinians who were waiting for aid trucks near the Kuwait roundabout in Gaza - Az Zaytun (Gaza City, Gaza Strip), killing 2 persons and injuring another 6. This event involved violence over aid.",2,,1759789988
PSE46605,2/8/2024,2024,1,Political violence,Explosions/Remote violence,Air/drone strike,Military Forces of Israel (2022-),,8,Civilians (Palestine),Health Workers (Palestine),7,78,Civilian targeting,275,Middle East,Palestine,Gaza Strip,Gaza City,,Gaza - Northern Remal,31.524,34.4505,1,Palestine News and Information Agency; Quds News Network; Twitter,New media-National,"On 8 February 2024, Israeli warplanes struck houses in Gaza - Northern Remal (Gaza City, Gaza Strip), killing dozens of Palestinians and injuring a number of others. Unknown fatalities coded as 12. Meanwhile, the artillery shelled the Shifa hospital and killed 5 persons. Total fatalities coded as 17 (12 unknown, 5 confirmed).",17,,1759789988
PSE46611,2/8/2024,2024,1,Political violence,Explosions/Remote violence,Air/drone strike,Military Forces of Israel (2022-),,8,Civilians (Palestine),,7,78,Civilian targeting,275,Middle East,Palestine,Gaza Strip,Gaza City,,Gaza,31.5045,34.4743,1,Palestine News and Information Agency; Quds News Network; Twitter,New media-National,"On 8 February 2024, Israeli UAVs struck a passing car in Gaza city (Gaza City, Gaza Strip), killing 2 Palestinians and injuring others.",2,,1759789988
PSE46602,2/8/2024,2024,1,Political violence,Explosions/Remote violence,Shelling/artillery/missile attack,Military Forces of Israel (2022-),,8,Civilians (Palestine),,7,78,Civilian targeting,275,Middle East,Palestine,Gaza Strip,Deir El Balah,,Al Brawk,31.4204,34.339,2,PLO Negotiations Affairs Department; Quds News Network; Twitter,Other-New media,"On 8 February 2024, Israeli gunboats shelled targets along the coast of Deir al Balah, coded to Al Brawk (Deir El Balah, Gaza Strip), injuring a Palestinian.",0,,1767742780
PSE46615,2/8/2024,2024,1,Political violence,Explosions/Remote violence,Air/drone strike,Military Forces of Israel (2022-),,8,Civilians (Palestine),,7,78,Civilian targeting,275,Middle East,Palestine,Gaza Strip,Deir El Balah,,Deir al Balah,31.4178,34.3503,1,Newpress; Palestine News and Information Agency; Quds News Network; Twitter,New media-National,"On 8 February 2024, Israeli warplanes struck a house in Deir al Balah city (Deir El Balah, Gaza Strip), killing 2 Palestinians and injuring a number of others. Also, gunboats opened fire and injured one person in the city.",2,,1753955113
PSE46616,2/8/2024,2024,1,Political violence,Explosions/Remote violence,Air/drone strike,Military Forces of Israel (2022-),,8,Civilians (Palestine),Refugees/IDPs (Palestine),7,78,Civilian targeting,275,Middle East,Palestine,Gaza Strip,Deir El Balah,,Az Zawayda,31.4284,34.366,1,Al-Ittihad; Palestine News and Information Agency; Quds News Network; Twitter,New media-National,"On 8 February 2024, Israeli warplanes struck a kindergarten hosting displaced people in Az Zawayda (Deir El Balah, Gaza Strip), killing 4 Palestinians and injuring others.",4,,1767742780
PSE46629,2/8/2024,2024,1,Political violence,Explosions/Remote violence,Air/drone strike,Military Forces of Israel (2022-),,8,Civilians (Palestine),Refugees/IDPs (Palestine),7,78,Civilian targeting,275,Middle East,Palestine,Gaza Strip,Deir El Balah,,Al Maghazi,31.4214,34.3865,1,Quds News Network; Twitter,New media-National,"On 8 February 2024, Israeli warplanes struck a house in Al Maghazi refugee camp (Deir El Balah, Gaza Strip), killing 5 Palestinians.",5,,1753955113
PSE46627,2/8/2024,2024,1,Political violence,Explosions/Remote violence,Air/drone strike,Military Forces of Israel (2022-),,8,Civilians (Palestine),,7,78,Civilian targeting,275,Middle East,Palestine,Gaza Strip,North Gaza,,Umm al Nassr,31.5574,34.5204,1,Newpress; Twitter,New media-National,"On 8 February 2024, Israeli warplanes carried out airstrikes in Al Qaraya al Badawiya in Umm al Nassr (North Gaza, Gaza Strip), killing 3 Palestinians.",3,,1753955113
PSE46606,2/8/2024,2024,1,Political violence,Explosions/Remote violence,Air/drone strike,Military Forces of Israel (2022-),,8,Civilians (Palestine),,7,78,Civilian targeting,275,Middle East,Palestine,Gaza Strip,Gaza City,,Gaza - Sabra,31.5086,34.4493,1,Palestine News and Information Agency,National,"On 8 February 2024, Israeli warplanes struck houses in Gaza - Sabra (Gaza City, Gaza Strip), killing dozens of Palestinians and injuring a number of others. Meanwhile, Israeli artillery shelled targets in the same area. Unknown fatalities coded as 12.",12,,1759789988
PSE46612,2/8/2024,2024,1,Political violence,Explosions/Remote violence,Air/drone strike,Military Forces of Israel (2022-),,8,Civilians (Palestine),Health Workers (Palestine),7,78,Civilian targeting,275,Middle East,Palestine,Gaza Strip,Khan Yunis,,Khan Yunis - West (Municipal Stadium),31.3484,34.2961,2,Arab 48; Newpress; Palestine News and Information Agency; Quds News Network; Twitter,New media-National,"On 8 February 2024, Israeli UAVs opened fire at the Naser hospital west of Khan Yunis (coded to Khan Yunis - West (Municipal Stadium), Gaza Strip), killing a Palestinian paramedic and injuring a number of others. Also, tanks opened fire near Al Aqsa university and struck targets west of the city and in Khan Yunis camp, injuring a number of Palestinians.",1,,1753955113
PSE60063,2/8/2024,2024,1,Political violence,Violence against civilians,Attack,Military Forces of Israel (2022-),,8,Civilians (Palestine),,7,78,Civilian targeting,275,Middle East,Palestine,Gaza Strip,Khan Yunis,,Khan Yunis - West (Municipal Stadium),31.3484,34.2961,2,Arab 48; Newpress; Palestine News and Information Agency; Quds News Network; Twitter,New media-National,"On 8 February 2024, Israeli snipers shot dead 8 Palestinians while filling water near Naser Hospital west of Khan Yunis (coded to Khan Yunis - West (Municipal Stadium), Gaza Strip).",8,,1753956638
PSE46608,2/8/2024,2024,1,Political violence,Explosions/Remote violence,Air/drone strike,Military Forces of Israel (2022-),,8,Civilians (Palestine),,7,78,Civilian targeting,275,Middle East,Palestine,Gaza Strip,Gaza City,,Gaza - Southern Remal,31.5168,34.4355,2,Palestine News and Information Agency; Palestinian Ministry of Health; Quds News Network; Twitter,Other-New media,"On 8 February 2024, Israeli UAVs opened fire west of Gaza city (including the areas of Tayaran, Saraya, Sinaa, Jamiat), coded to Gaza - Southern Remal (Gaza City, Gaza Strip), killing and injuring an unspecified number of Palestinians. [Palestinian Ministry of Health reported 27947 fatalities upto 8 February. 20 fatalities not attributed to specific events added to 1 event on 9 February. 20 fatalities coded to this event.]",20,,1759789988
PSE46607,2/8/2024,2024,1,Political violence,Explosions/Remote violence,Air/drone strike,Military Forces of Israel (2022-),,8,Civilians (Palestine),,7,78,Civilian targeting,275,Middle East,Palestine,Gaza Strip,Gaza City,,Gaza - Az Zaytun,31.4964,34.4522,1,Palestine News and Information Agency,National,"On 8 February 2024, Israeli warplanes struck houses in Gaza - Az Zaytun (Gaza City, Gaza Strip), killing dozens of Palestinians and injuring a number of others. Meanwhile, the artillery shelled targets in the same area. Unknown fatalities coded as 12.",12,,1759789988
PSE46610,2/8/2024,2024,1,Political violence,Explosions/Remote violence,Air/drone strike,Military Forces of Israel (2022-),,8,Civilians (Palestine),,7,78,Civilian targeting,275,Middle East,Palestine,Gaza Strip,Gaza City,,Gaza - Tal el Hawa,31.5041,34.435,1,Palestine Information Center; Palestine News and Information Agency; Quds News Network,Other-National,"On 8 February 2024, Israeli UAVs opened fire and struck targets (including houses) in Gaza - Tal el Hawa (Gaza City, Gaza Strip). Casualties unknown. [On 11 February 2024, 100 bodies were recovered from under the rubble in Remal and Tal el Hawa, these fatalities split across 4 events, 25 fatalities were coded to this event].",25,,1759789988
PSE46632,2/8/2024,2024,1,Political violence,Explosions/Remote violence,Air/drone strike,Military Forces of Israel (2022-),,8,Civilians (Palestine),,7,78,Civilian targeting,275,Middle East,Palestine,Gaza Strip,Khan Yunis,,Khan Yunis - Maen,31.336,34.3172,2,Quds News Network; Twitter,New media-National,"On 8 February 2024, Israeli warplanes struck a group of people while waiting aid trucks southeast of Khan Yunis, coded to Khan Yunis - Maen (Khan Yunis, Gaza Strip), killing 2 Palestinians and injuring a number of others. This event involved violence over aid.",2,,1754946060
PSE46637,2/9/2024,2024,1,Political violence,Explosions/Remote violence,Shelling/artillery/missile attack,Military Forces of Israel (2022-),,8,Civilians (Palestine),Refugees/IDPs (Palestine),7,78,Civilian targeting,275,Middle East,Palestine,Gaza Strip,Khan Yunis,,Bani Suheila,31.3424,34.325,2,Palestine News and Information Agency; PLO Negotiations Affairs Department,Other-National,"On 9 February 2024, Israeli artillery and tanks shelled targets east of Khan Yunis, coded to Bani Suheila (Khan Yunis, Gaza Strip). Also, the artillery struck the Tiba school hosting displaced people east of Khan Yunis. Casualties unknown.",0,,1753955113
PSE46655,2/9/2024,2024,1,Political violence,Explosions/Remote violence,Air/drone strike,Military Forces of Israel (2022-),,8,Civilians (Palestine),,7,78,Civilian targeting,275,Middle East,Palestine,Gaza Strip,Rafah,,An Nasr,31.2814,34.3025,1,Arab 48; Palestine News and Information Agency; Quds News Network,National,"On 9 February 2024, Israeli warplanes struck a house in An Nasr (Rafah, Gaza Strip), killing 11 Palestinians and injuring a number of others.",11,,1753955113
PSE47180,2/9/2024,2024,1,Political violence,Violence against civilians,Attack,Military Forces of Israel (2022-),,8,Civilians (Palestine),,7,78,Civilian targeting,275,Middle East,Palestine,Gaza Strip,Gaza City,,Gaza,31.5045,34.4743,1,Ma'an News Agency,National,"On 9 February 2024, Israeli snipers shot and killed Palestinians in Gaza city (Gaza Strip). Israeli snipers killed 11 Palestinians over 9 and 10 February 2024. 11 Fatalities split across 2 events. 5 fatalities coded here.",5,,1759789988
PSE46636,2/9/2024,2024,1,Political violence,Explosions/Remote violence,Shelling/artillery/missile attack,Military Forces of Israel (2022-),,8,Civilians (Palestine),,7,78,Civilian targeting,275,Middle East,Palestine,Gaza Strip,Deir El Balah,,Deir al Balah Camp,31.4249,34.34,2,PLO Negotiations Affairs Department; Quds News Network; Twitter,Other-New media,"On 9 February 2024, Israeli artillery and tanks shelled targets east of Deir El Balah (coded to Deir al Balah Camp, Gaza Strip), injuring a Palestinian.",0,,1765850627
PSE46645,2/9/2024,2024,1,Political violence,Explosions/Remote violence,Air/drone strike,Military Forces of Israel (2022-),,8,Civilians (Palestine),,7,78,Civilian targeting,275,Middle East,Palestine,Gaza Strip,Deir El Balah,,Deir al Balah,31.4178,34.3503,1,Palestine News and Information Agency,National,"On 9 February 2024, Israeli warplanes struck a house in Deir al Balah city (Deir El Balah, Gaza Strip), killing at least one Palestinian and injuring several of others.",1,,1753955113
PSE46667,2/9/2024,2024,1,Political violence,Explosions/Remote violence,Air/drone strike,Military Forces of Israel (2022-),,8,Civilians (Palestine),,7,78,Civilian targeting,275,Middle East,Palestine,Gaza Strip,Rafah,,Shokat as Sufi,31.2586,34.2824,1,Quds News Network; Twitter,New media-National,"On 9 February 2024, Israeli warplanes carried out strikes in Shokat as Sufi (Rafah, Gaza Strip), killing 2 Palestinians.",2,,1753955113
PSE46647,2/9/2024,2024,1,Political violence,Explosions/Remote violence,Air/drone strike,Military Forces of Israel (2022-),,8,Civilians (Palestine),,7,78,Civilian targeting,275,Middle East,Palestine,Gaza Strip,Gaza City,,Gaza - Sabra,31.5086,34.4493,1,Palestine News and Information Agency; Quds News Network; Twitter,New media-National,"On 9 February 2024, Israeli warplanes struck houses in Gaza - Sabra (Gaza City, Gaza Strip). Casualties unknown.",0,,1759789988
PSE46646,2/9/2024,2024,1,Political violence,Explosions/Remote violence,Air/drone strike,Military Forces of Israel (2022-),,8,Civilians (Palestine),,7,78,Civilian targeting,275,Middle East,Palestine,Gaza Strip,Gaza City,,Gaza - Southern Remal,31.5168,34.4355,1,Newpress; Palestine News and Information Agency; Quds News Network; Twitter,New media-National,"On 9 February 2024, Israeli warplanes struck houses in Gaza - Southern Remal (Gaza City, Gaza Strip), leaving dozens of fatalities and injuries in several locations of Gaza city (fatalities coded to this location). Meanwhile, the artillery struck targets in the same area. Unknown fatalities coded as 12.",12,,1759789988
PSE46652,2/9/2024,2024,1,Political violence,Explosions/Remote violence,Air/drone strike,Military Forces of Israel (2022-),,8,Civilians (Palestine),,7,78,Civilian targeting,275,Middle East,Palestine,Gaza Strip,Khan Yunis,,Khan Yunis - West (Municipal Stadium),31.3484,34.2961,2,Arab 48; Newpress; Palestine News and Information Agency; Quds News Network; Twitter,New media-National,"On 9 February 2024, Israeli artillery struck targets west of Khan Yunis (coded to Khan Yunis - West (Municipal Stadium)) (Gaza Strip), killing and injuring an unspecified number of Palestinians. Unknown fatalities coded as 10. In addition, warplanes struck targets in the same area [casualties unknown]. Fatalities coded as 10.",10,,1753955113
PSE60064,2/9/2024,2024,1,Political violence,Violence against civilians,Attack,Military Forces of Israel (2022-),,8,Civilians (Palestine),,7,78,Civilian targeting,275,Middle East,Palestine,Gaza Strip,Khan Yunis,,Khan Yunis - West (Municipal Stadium),31.3484,34.2961,2,Arab 48; Newpress; Palestine News and Information Agency; Quds News Network; Twitter,New media-National,"On 9 February 2024, Israeli snipers shot dead 2 Palestinians (including elderly person) near Naser hospital west of Khan Yunis (coded to Khan Yunis - West (Municipal Stadium)) (Gaza Strip).",2,,1753956638
PSE46650,2/9/2024,2024,1,Political violence,Explosions/Remote violence,Air/drone strike,Military Forces of Israel (2022-),,8,Civilians (Palestine),,7,78,Civilian targeting,275,Middle East,Palestine,Gaza Strip,Gaza City,,Gaza - Ash Shaykh Ijlin,31.5098,34.4274,1,Palestine News and Information Agency,National,"On 9 February 2024, Israeli warplanes struck houses in Gaza - Ash Shaykh Ijlin (Gaza City, Gaza Strip). Casualties unknown.",0,,1753955113
PSE46658,2/9/2024,2024,1,Political violence,Explosions/Remote violence,Air/drone strike,Military Forces of Israel (2022-),,8,Civilians (Palestine),,7,78,Civilian targeting,275,Middle East,Palestine,Gaza Strip,North Gaza,,Beit Hanoun,31.5405,34.5402,1,Arab 48; Newpress; Palestinian Ministry of Health; Quds News Network; Twitter,Other-New media,"On 9 February 2024, Israeli warplanes struck houses at the eastern entrance of Beit Hanoun town (North Gaza, Gaza Strip), leaving a number of unspecified fatalities. [Palestinian Ministry of Health reported 28064 fatalities upto 9 February 2024. 33 fatalities not attributed to specific events split across 2 events on 9 Febraury. 17 fatalities coded to this event.]",17,,1753955113
PSE46638,2/9/2024,2024,1,Political violence,Explosions/Remote violence,Air/drone strike,Military Forces of Israel (2022-),,8,Civilians (Palestine),,7,78,Civilian targeting,275,Middle East,Palestine,Gaza Strip,Rafah,,Yibna,31.2842,34.2482,2,Palestine News and Information Agency; PLO Negotiations Affairs Department; Quds News Network; Twitter,Other-New media,"On 9 February 2024, Israeli artillery and tanks shelled targets east of Rafah (coded to Yibna, Gaza Strip). Meanwhile, at least 3 Palestinians were killed in an airstrike targeted a house in Al Junainha area east of the city.",3,,1753955113
PSE46648,2/9/2024,2024,1,Political violence,Explosions/Remote violence,Air/drone strike,Military Forces of Israel (2022-),,8,Civilians (Palestine),,7,78,Civilian targeting,275,Middle East,Palestine,Gaza Strip,Gaza City,,Gaza - Az Zaytun,31.4964,34.4522,1,Palestine News and Information Agency,National,"On 9 February 2024, Israeli warplanes struck houses in Gaza - Az Zaytun (Gaza City, Gaza Strip). Casualties unknown.",0,,1759789988
PSE46649,2/9/2024,2024,1,Political violence,Explosions/Remote violence,Air/drone strike,Military Forces of Israel (2022-),,8,Civilians (Palestine),,7,78,Civilian targeting,275,Middle East,Palestine,Gaza Strip,Gaza City,,Gaza - Tal el Hawa,31.5041,34.435,1,Palestine Information Center; Palestine News and Information Agency; Quds News Network,Other-National,"On 9 February 2024, Israeli warplanes struck houses in Gaza - Tal el Hawa (Gaza City, Gaza Strip). Casualties unknown. [On 11 February 2024, 100 bodies were recovered from under the rubble in Remal and Tal el Hawa, these fatalities split across 4 events, 25 fatalities were coded to this event].",25,,1759789988
PSE46653,2/9/2024,2024,1,Political violence,Explosions/Remote violence,Air/drone strike,Military Forces of Israel (2022-),,8,Civilians (Palestine),,7,78,Civilian targeting,275,Middle East,Palestine,Gaza Strip,North Gaza,,Jabalya,31.5272,34.4835,1,Palestine News and Information Agency; Palestinian Ministry of Health; Quds News Network; Twitter,Other-New media,"On 9 February 2024, Israeli warplanes struck houses in Jabalya town (North Gaza, Gaza Strip), killing and injuring an unspecified number of Palestinians. [Palestinian Ministry of Health reported 28064 fatalities upto 9 February 2024. 33 fatalities not attributed to specific events split across 2 events on 9 Febraury. 16 fatalities coded to this event.]",16,,1759789988
PSE46659,2/9/2024,2024,1,Political violence,Violence against civilians,Attack,Military Forces of Israel (2022-),,8,Civilians (Palestine),,7,78,Civilian targeting,275,Middle East,Palestine,Gaza Strip,Gaza City,,Gaza - Tal el Hawa,31.5041,34.435,2,Arab 48; Newpress; Quds News Network; Twitter,New media-National,"On 9 February 2024, Israeli snipers shot dead 9 Palestinians and injured 11 others southwest of Gaza city, coded to Gaza - Tal el Hawa (Gaza City, Gaza Strip).",9,,1759789988
PSE46662,2/9/2024,2024,1,Political violence,Explosions/Remote violence,Air/drone strike,Military Forces of Israel (2022-),,8,Civilians (Palestine),,7,78,Civilian targeting,275,Middle East,Palestine,Gaza Strip,North Gaza,,Jabalya - Tel-Zaatar,31.5367,34.5035,1,Newpress; Quds News Network; Twitter,New media-National,"On 9 February 2024, Israeli warplanes struck a target in Jabalya - Tel-Zaatar (North Gaza, Gaza Strip), killing 2 Palestinians.",2,,1759789988
PSE46644,2/9/2024,2024,1,Political violence,Explosions/Remote violence,Air/drone strike,Military Forces of Israel (2022-),,8,Civilians (Palestine),,7,78,Civilian targeting,275,Middle East,Palestine,Gaza Strip,Rafah,,Rafah,31.287,34.2595,1,Al-Ittihad; Palestine News and Information Agency,National-Regional,"On 9 February 2024, Israeli warplanes struck houses and apartments in Rafah city (Rafah, Gaza Strip), killing 8 Palestinians.",8,,1762829569
PSE46663,2/9/2024,2024,1,Political violence,Explosions/Remote violence,Air/drone strike,Military Forces of Israel (2022-),,8,Civilians (Palestine),,7,78,Civilian targeting,275,Middle East,Palestine,Gaza Strip,Rafah,,Khirbet al Adas,31.2855,34.2714,1,Quds News Network; Twitter,New media-National,"On 9 February 2024, Israeli warplanes struck a target in Khirbet al Adas (Rafah, Gaza Strip), killing 2 Palestinians.",2,,1753955113
PSE47111,2/10/2024,2024,1,Political violence,Explosions/Remote violence,Air/drone strike,Military Forces of Israel (2022-),,8,Civilians (Palestine),,7,78,Civilian targeting,275,Middle East,Palestine,Gaza Strip,Rafah,,An Nasr,31.2814,34.3025,1,Al-Ittihad; Ma'an News Agency; Palestine News and Information Agency; Quds News Network,National-Regional,"On 10 February 2024, Israeli military warplanes struck houses in An Nasr (Rafah, Gaza Strip), killing at least 11 people from the same family.",11,,1753955113
PSE47140,2/10/2024,2024,1,Political violence,Violence against civilians,Attack,Military Forces of Israel (2022-),,8,Civilians (Palestine),,7,78,Civilian targeting,275,Middle East,Palestine,Gaza Strip,Gaza City,,Gaza,31.5045,34.4743,1,Ma'an News Agency,National,"On 10 February 2024, Israeli snipers shot and killed Palestinians in Gaza city (Gaza Strip). Israeli snipers killed 11 Palestinians over 9 and 10 February 2024. 11 Fatalities split across 2 events. 6 fatalities coded here.",6,,1759789988
PSE47181,2/10/2024,2024,1,Political violence,Violence against civilians,Attack,Military Forces of Israel (2022-),,8,Civilians (Palestine),,7,78,Civilian targeting,275,Middle East,Palestine,Gaza Strip,Khan Yunis,,Khan Yunis,31.3502,34.3081,1,Newpress; Quds News Network,National,"On 10 February 2024, Israeli snipers shot and killed a disabled Palestinian man in the Nemsawi neighborhood of Khan Yunis city (Gaza Strip).",1,,1753955113
PSE47189,2/10/2024,2024,1,Political violence,Explosions/Remote violence,Shelling/artillery/missile attack,Military Forces of Israel (2022-),,8,Civilians (Palestine),Refugees/IDPs (Palestine),7,78,Civilian targeting,275,Middle East,Palestine,Gaza Strip,Khan Yunis,,Khan Yunis - West (Municipal Stadium),31.3484,34.2961,1,Newpress; Palestine News and Information Agency; Quds News Network,National,"On 10 February 2024, Israeli tanks struck targets and opened fire in the vicinity of Naser Hospital, west of Khan Yunis, Khan Yunis - West (Municipal Stadium) - Gaza Strip, killing 2 displaced people and injuring an unspecified number of others. Some other sources reported there were 4 fatalities. At least 2 fatalities coded.",2,,1753955113
PSE47218,2/10/2024,2024,1,Political violence,Violence against civilians,Attack,Military Forces of Israel (2022-),,8,Civilians (Palestine),Health Workers (Palestine),7,78,Civilian targeting,275,Middle East,Palestine,Gaza Strip,Khan Yunis,,Khan Yunis - Al Amal,31.3544,34.3007,1,Al-Ittihad; Israeli Defense Forces; Joe Truzman; Ma'an News Agency; Palestine Information Center,Other-National,"On 10 February 2024, Israeli forces raided Al Amal hospital in Khan Yunis - Al Amal (Khan Yunis, Gaza Strip), arrested 9 medical staff members and assaulted a number of others. The forces also destroyed medical devices and seized cash, laptops, communication devices and all keys to ambulance vehicles at the hospital. Israeli Defense forces said they arrested 20 people from the hospital on terrorism charges. There were no casualties from the raid. On 11 February 2024, the Palestine Red Crescent Society announced that 3 patients died because Israeli troops prevented oxygen from getting to the hospital.",3,,1753955113
PSE47113,2/10/2024,2024,1,Political violence,Explosions/Remote violence,Air/drone strike,Military Forces of Israel (2022-),,8,Civilians (Palestine),Refugees/IDPs (Palestine),7,78,Civilian targeting,275,Middle East,Palestine,Gaza Strip,Deir El Balah,,An Nusayrat,31.4486,34.3925,1,Ma'an News Agency; Newpress; Quds News Network,National,"On 10 February 2024, Israeli military warplanes struck targets, including houses, in An Nusayrat refugee camp (Deir El Balah, Gaza Strip), killing at least 2 people and injuring 5 others.",2,,1753955113
PSE47134,2/10/2024,2024,1,Political violence,Explosions/Remote violence,Shelling/artillery/missile attack,Military Forces of Israel (2022-),,8,Civilians (Palestine),Fishers (Palestine),7,78,Civilian targeting,275,Middle East,Palestine,Gaza Strip,Deir El Balah,,Coast of Deir al Balah,31.4323,34.3283,2,Ma'an News Agency; Newpress; Palestine News and Information Agency; Quds News Network,National,"On 10 February 2024, Israeli gunboats shelled targets along the Coast of Deir al Balah (Deir El Balah, Gaza Strip), killing a Palestinian fisherman and injuring another.",1,,1764045690
PSE47135,2/10/2024,2024,1,Political violence,Explosions/Remote violence,Air/drone strike,Military Forces of Israel (2022-),,8,Civilians (Palestine),,7,78,Civilian targeting,275,Middle East,Palestine,Gaza Strip,Deir El Balah,,Deir al Balah,31.4178,34.3503,1,Liveuamap; Ma'an News Agency; Palestine News and Information Agency; Quds News Network,Local partner-New media,"On 10 February 2024, Israeli warplanes carried out airstrikes in Al Baraka area of Deir al Balah city (Deir El Balah, Gaza Strip), killing 5 people, including a child, and injuring an unspecified number of others. A second airstrike targeted a house in Al Nakheel area, killing at least 4 people. Other strikes targeted houses in Al Hekr areas and the vicinity of Al Bukhari mosque in Deir al Balah, casualties unknown. Total fatalities coded as 9.",9,,1753955113
PSE47148,2/10/2024,2024,1,Political violence,Explosions/Remote violence,Shelling/artillery/missile attack,Military Forces of Israel (2022-),,8,Civilians (Palestine),,7,78,Civilian targeting,275,Middle East,Palestine,Gaza Strip,Gaza City,,Gaza - Sabra,31.5086,34.4493,1,Liveuamap; Palestine News and Information Agency; Quds News Network,Local partner-New media,"On 10 February 2024, Israeli artillery struck a house in Gaza - Sabra (Gaza City, Gaza Strip), killing 2 people and injuring others.",2,,1759789988
PSE47199,2/10/2024,2024,1,Political violence,Explosions/Remote violence,Air/drone strike,Military Forces of Israel (2022-),,8,Police Forces of Palestine (2007-) Gaza Strip,Hamas Movement,1,18,,275,Middle East,Palestine,Gaza Strip,Rafah,,Tal as Sultan,31.3098,34.2414,1,Ma'an News Agency; Newpress; Palestine News and Information Agency; Quds News Network,National,"On 10 February 2024, Israeli warplanes struck a police vehicle in Tal as Sultan (Rafah, Gaza Strip), killing the head of the police investigations unit and 2 of his deputies. This was 1 of 2 police vehicles struck by Israeli planes in Rafah on 10 February 2024. Israeli Defense forces claimed that one of the 3 people killed was a senior Hamas commander responsible for the security provisions of senior Hamas leaders.",3,,1762829569
PSE47139,2/10/2024,2024,1,Political violence,Explosions/Remote violence,Air/drone strike,Military Forces of Israel (2022-),,8,Civilians (Palestine),,7,78,Civilian targeting,275,Middle East,Palestine,Gaza Strip,Gaza City,,Gaza,31.5045,34.4743,2,Palestinian Ministry of Health; Quds News Network,Other-National,"On 10 February 2024, Israeli military warplanes struck targets west of Gaza City (Gaza Strip). Unspecified casualties. [Palestinian Ministry of Health reported 28176 fatalities upto 10 February 2024. 41 fatalities not attributed to specific events split across 4 events on 10 Febraury. 10 fatalities coded to this event.]",10,,1759789988
PSE47152,2/10/2024,2024,1,Political violence,Explosions/Remote violence,Air/drone strike,Military Forces of Israel (2022-),,8,Civilians (Palestine),,7,78,Civilian targeting,275,Middle East,Palestine,Gaza Strip,Gaza City,,Gaza - Southern Remal,31.5168,34.4355,1,Palestinian Ministry of Health; Quds News Network,Other-National,"On 10 February 2024, Israeli military warplanes struck targets near the Islamic university in Gaza - Southern Remal (Gaza City, Gaza Strip). Unspecified casualties. [Palestinian Ministry of Health reported 28176 fatalities upto 10 February 2024. 41 fatalities not attributed to specific events split across 4 events on 10 Febraury. 10 fatalities coded to this event.]",10,,1759789988
PSE47131,2/10/2024,2024,1,Political violence,Explosions/Remote violence,Shelling/artillery/missile attack,Military Forces of Israel (2022-),,8,Civilians (Palestine),,7,78,Civilian targeting,275,Middle East,Palestine,Gaza Strip,North Gaza,,Beit Hanoun,31.5405,34.5402,1,Ma'an News Agency,National,"On 10 February 2024, Israeli forces shelled a house in Beit Hanoun (North Gaza, Gaza Strip), killing 2 people.",2,,1753955113
PSE47143,2/10/2024,2024,1,Political violence,Explosions/Remote violence,Air/drone strike,Military Forces of Israel (2022-),,8,Civilians (Palestine),,7,78,Civilian targeting,275,Middle East,Palestine,Gaza Strip,Gaza City,,Gaza - Az Zaytun,31.4964,34.4522,1,Ma'an News Agency; Palestine News and Information Agency,National,"On 10 February 2024, Israeli military airplanes struck a house in Gaza - Az Zaytun (Gaza City, Gaza Strip), killing 1 person and injuring 6 others.",1,,1759789988
PSE47168,2/10/2024,2024,1,Political violence,Explosions/Remote violence,Shelling/artillery/missile attack,Military Forces of Israel (2022-),,8,Civilians (Palestine),,7,78,Civilian targeting,275,Middle East,Palestine,Gaza Strip,North Gaza,,Jabalya - Tel-Zaatar,31.5367,34.5035,1,Ma'an News Agency,National,"On 10 February 2024, Israeli forces shelled targets in Jabalya - Tel-Zaatar (North Gaza, Gaza Strip), killing 3 people and injuring an unspecified number of others.",3,,1759789988
PSE47184,2/10/2024,2024,1,Political violence,Explosions/Remote violence,Air/drone strike,Military Forces of Israel (2022-),,8,Civilians (Palestine),,7,78,Civilian targeting,275,Middle East,Palestine,Gaza Strip,Khan Yunis,,Khan Yunis - As-Sameen,31.3369,34.2925,1,Palestine News and Information Agency; Palestinian Ministry of Health,Other-National,"On 10 February 2024, Israeli military warplanes struck targets in Khan Yunis - As-Sameen (Khan Yunis, Gaza Strip). Unspecified casualties. [Palestinian Ministry of Health reported 28176 fatalities upto 10 February 2024. 41 fatalities not attributed to specific events split across 4 events on 10 Febraury. 10 fatalities coded to this event.]",10,,1753955113
PSE47210,2/10/2024,2024,1,Political violence,Explosions/Remote violence,Air/drone strike,Military Forces of Israel (2022-),,8,Civilians (Palestine),,7,78,Civilian targeting,275,Middle East,Palestine,Gaza Strip,Khan Yunis,,Qizan an Najjar,31.323,34.2761,1,Palestine News and Information Agency; Palestinian Ministry of Health; Quds News Network,Other-National,"On 10 February 2024, Israeli military warplanes struck targets in Qizan an Najjar (Khan Yunis, Gaza Strip). Unspecified casualties. [Palestinian Ministry of Health reported 28176 fatalities upto 10 February 2024. 41 fatalities not attributed to specific events split across 4 events on 10 Febraury. 11 fatalities coded to this event.]",11,,1753955113
PSE47211,2/10/2024,2024,1,Political violence,Explosions/Remote violence,Air/drone strike,Military Forces of Israel (2022-),,8,Civilians (Palestine),,7,78,Civilian targeting,275,Middle East,Palestine,Gaza Strip,Rafah,,Rafah,31.287,34.2595,1,Ma'an News Agency; Newpress; Palestine News and Information Agency; Quds News Network,National,"On 10 February 2024, Israeli warplanes struck targets, including houses, in Al Jenena and Abu Halawa areas in Rafah (Gaza Strip), killing at least 16 people. Another airstrike targeted an empty agricultural land near the borders with Egypt without causing casualties.",16,,1762829569
PSE47212,2/10/2024,2024,1,Political violence,Explosions/Remote violence,Air/drone strike,Military Forces of Israel (2022-),,8,Civilians (Palestine),,7,78,Civilian targeting,275,Middle East,Palestine,Gaza Strip,Rafah,,Khirbet al Adas,31.2855,34.2714,2,Ma'an News Agency; Palestine News and Information Agency,National,"On 10 February 2024, Israeli military warplanes struck a house in Miraj area north of Rafah city (coded to Khirbet al Adas, Gaza Strip), killing 4 people.",4,,1753955113
PSE47132,2/10/2024,2024,1,Political violence,Explosions/Remote violence,Air/drone strike,Military Forces of Israel (2022-),,8,Police Forces of Palestine (2007-) Gaza Strip,,1,18,,275,Middle East,Palestine,Gaza Strip,Rafah,,Brazil Camp,31.2718,34.2532,1,Ma'an News Agency; Palestine News and Information Agency; Quds News Network,National,"On 10 February 2024, Israeli warplanes struck a police vehicle in Brazil Camp (Rafah, Gaza Strip), killing 2 people. This was 1 of 2 police vehicles struck by Israeli planes in Rafah on 10 February 2024.",2,,1753955113
PSE47193,2/11/2024,2024,1,Political violence,Violence against civilians,Attack,Military Forces of Israel (2022-),,8,Civilians (Palestine),Journalists (Palestine),7,78,Civilian targeting,275,Middle East,Palestine,Gaza Strip,Khan Yunis,,Khan Yunis - West (Municipal Stadium),31.3484,34.2961,1,Ma'an News Agency; Newpress; Palestine News and Information Agency; Quds News Network,National,"On 11 February 2024, Israeli forces shot at Palestinians in Naser medical complex in Khan Yunis - West (Municipal Stadium) (Khan Yunis, Gaza Strip), killing 3 or 4 people, including a journalist, and injuring several others, including a child.",3,,1753955113
PSE47114,2/11/2024,2024,1,Political violence,Explosions/Remote violence,Air/drone strike,Military Forces of Israel (2022-),,8,Civilians (Palestine),,7,78,Civilian targeting,275,Middle East,Palestine,Gaza Strip,Deir El Balah,,An Nusayrat,31.4486,34.3925,1,Liveuamap; Quds News Network,Local partner-New media,"On 11 February 2024, Israeli military warplanes struck a car in the new camp part of An Nusayrat camp (Deir El Balah, Gaza Strip), without causing casualties. Another strike targeted a house in the new camp, causing an unspecified number of injuries. There were no fatalities.",0,,1753955113
PSE47115,2/11/2024,2024,1,Political violence,Explosions/Remote violence,Shelling/artillery/missile attack,Military Forces of Israel (2022-),,8,Civilians (Palestine),Refugees/IDPs (Palestine),7,78,Civilian targeting,275,Middle East,Palestine,Gaza Strip,Deir El Balah,,An Nusayrat,31.4486,34.3925,1,Newpress,National,"On 11 February 2024, Israeli artillery struck the entrance of a school in An Nusayrat refugee camp (Deir El Balah, Gaza Strip), causing unspecified injuries. There were no fatalities.",0,,1753955113
PSE47183,2/11/2024,2024,1,Political violence,Explosions/Remote violence,Air/drone strike,Military Forces of Israel (2022-),,8,Civilians (Palestine),,7,78,Civilian targeting,275,Middle East,Palestine,Gaza Strip,Khan Yunis,,Khan Yunis - Al Amal,31.3544,34.3007,1,Palestinian Ministry of Health; Quds News Network,Other-National,"On 11 February 2024, Israeli military warplanes conducted airstrikes targeting Khan Yunis - Al Amal (Khan Yunis, Gaza Strip). Unspecified casualties. [Palestinian Ministry of Health reported 28340 fatalities upto 11 February 2024. 122 fatalities not attributed to specific events split across 3 events on 11 Febraury. 41 fatalities coded to this event.]",41,,1753955113
PSE47205,2/11/2024,2024,1,Political violence,Explosions/Remote violence,Shelling/artillery/missile attack,Military Forces of Israel (2022-),,8,Civilians (Palestine),Refugees/IDPs (Palestine),7,78,Civilian targeting,275,Middle East,Palestine,Gaza Strip,Deir El Balah,,Al Maghazi,31.4214,34.3865,1,Palestinian Ministry of Health; Quds News Network,Other-National,"On 11 February 2024, Israeli artillery shelled Al Maghazi refugee camp (Deir El Balah, Gaza Strip). Unspecified casualties. [Palestinian Ministry of Health reported 28340 fatalities upto 11 February 2024. 122 fatalities not attributed to specific events split across 3 events on 11 Febraury. 41 fatalities coded to this event.]",41,,1753955113
PSE47214,2/11/2024,2024,1,Political violence,Explosions/Remote violence,Shelling/artillery/missile attack,Military Forces of Israel (2022-),,8,Civilians (Palestine),,7,78,Civilian targeting,275,Middle East,Palestine,Gaza Strip,Deir El Balah,,Al Musaddar,31.4105,34.378,2,Palestinian Ministry of Health; Quds News Network,Other-National,"On 11 February 2024, Israeli artillery shelled targets east of Al Musaddar (Deir El Balah, Gaza Strip). Unspecified casualties. [Palestinian Ministry of Health reported 28340 fatalities upto 11 February 2024. 122 fatalities not attributed to specific events split across 3 events on 11 Febraury. 40 fatalities coded to this event.]",40,,1765850627
PSE47213,2/11/2024,2024,1,Political violence,Explosions/Remote violence,Air/drone strike,Military Forces of Israel (2022-),,8,Civilians (Palestine),,7,78,Civilian targeting,275,Middle East,Palestine,Gaza Strip,Rafah,,Khirbet al Adas,31.2855,34.2714,2,Palestine News and Information Agency; Quds News Network,National,"On 11 February 2024, Israeli military warplanes struck a house in Musbah area north of Rafah (coded to Khirbet al Adas, Gaza Strip), killing 1 Palestinian and injuring 3 others.",1,,1753955113
PSE47215,2/11/2024,2024,1,Political violence,Explosions/Remote violence,Air/drone strike,Military Forces of Israel (2022-),,8,Civilians (Palestine),Refugees/IDPs (Palestine),7,78,Civilian targeting,275,Middle East,Palestine,Gaza Strip,Rafah,,Rafah,31.287,34.2595,1,Al-Ittihad; Palestine News and Information Agency; Quds News Network,National-Regional,"On 11 February 2024, Israeli military airplanes struck a house sheltering displaced Palestinians east of Rafah (Gaza Strip), killing at least 25 people and injuring dozens more.",25,,1762829569
PSE47094,2/12/2024,2024,1,Political violence,Explosions/Remote violence,Air/drone strike,Military Forces of Israel (2022-),,8,Civilians (Palestine),,7,78,Civilian targeting,275,Middle East,Palestine,Gaza Strip,Khan Yunis,,Abasan al Kabirah,31.3191,34.3401,2,Palestine Information Center,Other,"On 12 February 2024, Israeli artillery shelled targets east of Khan Yunis. In conjunction, Israeli army helicopters and warplanes opened fire at Palestinian homes east of Abasan al Kabirah. Coded to Abasan al Kabirah (Khan Yunis, Gaza Strip). Casualties unknown.",0,,1753955113
PSE47151,2/12/2024,2024,1,Political violence,Explosions/Remote violence,Air/drone strike,Military Forces of Israel (2022-),,8,Civilians (Palestine),,7,78,Civilian targeting,275,Middle East,Palestine,Gaza Strip,Gaza City,,Gaza - Sheikh Radwan,31.5349,34.4667,1,Quds News Network,National,"On 12 February 2024, Israeli military warplanes targeted Al Maqosi towers in Gaza - Sheikh Radwan area (Gaza City, Gaza Strip). Casualties unknown.",0,,1759789988
PSE47097,2/12/2024,2024,1,Political violence,Explosions/Remote violence,Air/drone strike,Military Forces of Israel (2022-),,8,Civilians (Palestine),,7,78,Civilian targeting,275,Middle East,Palestine,Gaza Strip,Deir El Balah,,Al Brawk,31.4204,34.339,1,Newpress; Palestine Information Center; Palestine News and Information Agency; Quds News Network,Other-National,"On 12 February 2024, Israeli military airplanes struck a house in Al Baraka street in Al Brawk (Deir El Balah, Gaza Strip), killing 15 people.",15,,1767742780
PSE47102,2/12/2024,2024,1,Political violence,Explosions/Remote violence,Shelling/artillery/missile attack,Military Forces of Israel (2022-),,8,Civilians (Palestine),Refugees/IDPs (Palestine),7,78,Civilian targeting,275,Middle East,Palestine,Gaza Strip,Deir El Balah,,Al Maghazi,31.4214,34.3865,1,Palestine Information Center; Quds News Network,Other-National,"On 12 February 2024, Israeli artillery shelled houses in Al Maghazi refugee camp (Deir El Balah, Gaza Strip). Casualties unknown.",0,,1753955113
PSE47106,2/12/2024,2024,1,Political violence,Explosions/Remote violence,Air/drone strike,Military Forces of Israel (2022-),,8,Civilians (Palestine),,7,78,Civilian targeting,275,Middle East,Palestine,Gaza Strip,Rafah,,Tal as Sultan,31.3098,34.2414,2,Al-Ittihad; Arab 48; Liveuamap; Ma'an News Agency; Palestine Information Center; Palestine News and Information Agency; Quds News Network,Local partner-New media,"On 12 February 2024, an Israeli military drone struck and killed 2 Palestinians, including a child, northwest of Rafah (coded to Tal as Sultan, Gaza Strip). This was part of at least 40 Israeli airstrikes in Rafah on 12 February 2024, which destroyed over 14 houses and 3 mosques and resulted in around 100 fatalities. On 12 February 2024, Hamas movement claimed that Israeli strikes over Gaza killed 3 Israeli hostages captured on 7 October 2023, but Israeli forces did not confirm this claim. Hamas's claim for Israeli hostage fatalities coded 0.",2,,1762829569
PSE47196,2/12/2024,2024,1,Political violence,Violence against civilians,Attack,Military Forces of Israel (2022-),,8,Civilians (Palestine),Hamas Movement,7,78,Civilian targeting,275,Middle East,Palestine,Gaza Strip,Khan Yunis,,Khan Yunis - West (Municipal Stadium),31.3484,34.2961,1,Al-Ittihad; Israeli Defense Forces; Palestine Information Center; Palestine News and Information Agency; Quds News Network,Other-National,"On 12 February 2024, Israeli forces shot at Palestinians in Naser medical complex in Khan Yunis - West (Municipal Stadium) (Khan Yunis, Gaza Strip), killing 7 people and injuring 14 others. IDF claimed that 2 of the killed people were militants (coded as Hamas).",7,,1753955113
PSE47112,2/12/2024,2024,1,Political violence,Explosions/Remote violence,Air/drone strike,Military Forces of Israel (2022-),,8,Civilians (Palestine),Refugees/IDPs (Palestine),7,78,Civilian targeting,275,Middle East,Palestine,Gaza Strip,Rafah,,Yibna,31.2842,34.2482,1,Al-Ittihad; Arab 48; Liveuamap; Ma'an News Agency; Newpress; Palestine Information Center; Palestine News and Information Agency; Palestinian Ministry of Health; Quds News Network,Local partner-New media,"On 12 February 2024, overnight, Israeli military airplanes struck al Huda mosque in Yibna refugee camp (Rafah, Gaza Strip), while dozens of displaced Palestinians were sheltering inside it. This was part of at least 40 Israeli airstrikes in Rafah on 12 February 2024, which destroyed over 14 houses and 3 mosques. On 12 February 2024, Hamas movement claimed that Israeli strikes over Gaza killed 3 Israeli hostages captured on 7 October 2023, but Israeli forces did not confirm this claim. Hamas's claim for Israeli hostage fatalities coded 0. [Palestinian Ministry of Health reported 28473 fatalities upto 12 February 2024. 59 fatalities not attributed to specific events split across 4 events on 12 Febraury. 15 fatalities coded to this event.]",15,,1753955113
PSE47167,2/12/2024,2024,2,Political violence,Explosions/Remote violence,Air/drone strike,Military Forces of Israel (2022-),,8,Civilians (Palestine),Journalists (Palestine),7,78,Civilian targeting,275,Middle East,Palestine,Gaza Strip,North Gaza,,Jabalya,31.5272,34.4835,1,Palestine Information Center; Quds News Network,Other-National,"Around 12 February 2024 (as reported), Israeli military airplanes struck a house in Jabalya (North Gaza, Gaza Strip), killing a journalist.",1,,1759789988
PSE47090,2/12/2024,2024,1,Political violence,Explosions/Remote violence,Air/drone strike,Military Forces of Israel (2022-),,8,Civilians (Palestine),,7,78,Civilian targeting,275,Middle East,Palestine,Gaza Strip,Rafah,,Khirbet al Adas,31.2855,34.2714,1,Al-Ittihad; Arab 48; Liveuamap; Ma'an News Agency; Palestine Information Center; Palestine News and Information Agency; Palestinian Ministry of Health; Quds News Network,Local partner-New media,"On 12 February 2024, Israeli military airplanes struck a house in Khirbat Al Shaer in Khirbet al Adas (Rafah, Gaza Strip), killing an unspecified number of people. This was part of at least 40 Israeli airstrikes in Rafah on 12 February 2024, which destroyed over 14 houses and 3 mosques. On 12 February 2024, Hamas movement claimed that Israeli strikes over Gaza killed 3 Israeli hostages captured on 7 October 2023, but Israeli forces did not confirm this claim. Hamas's claim for Israeli hostage fatalities coded 0. [Palestinian Ministry of Health reported 28473 fatalities upto 12 February 2024. 59 fatalities not attributed to specific events split across 4 events on 12 Febraury. 15 fatalities coded to this event.]",15,,1753955113
PSE47101,2/12/2024,2024,1,Political violence,Explosions/Remote violence,Air/drone strike,Military Forces of Israel (2022-),,8,Civilians (Palestine),Refugees/IDPs (Palestine),7,78,Civilian targeting,275,Middle East,Palestine,Gaza Strip,Rafah,,Rafah Camp,31.2847,34.2546,1,Al-Ittihad; Arab 48; Joe Truzman; Liveuamap; Ma'an News Agency; Palestine Information Center; Palestine News and Information Agency; Palestinian Ministry of Health; Quds News Network,Local partner-New media,"On 12 February 2024, Israeli warplanes conducted an airstrike targeting houses and Al Rahma mosque in Al Shabourah refugee camp / Mukhayyam Rafah (Rafah Camp, Gaza Strip), killing an unspecified number of people. Dozens of displaced Palestinians where sheltering inside Al Rahma mosque at the time of the airstrike. This was part of at least 40 Israeli airstrikes in Rafah on 12 February 2024, which destroyed over 14 houses and 3 mosques. On 12 February 2024, Hamas movement claimed that Israeli strikes over Gaza killed 3 Israeli hostages captured on 7 October 2023, but Israeli forces did not confirm this claim. Hamas's claim for Israeli hostage fatalities coded 0. [Palestinian Ministry of Health reported 28473 fatalities upto 12 February 2024. 59 fatalities not attributed to specific events split across 4 events on 12 Febraury. 15 fatalities coded to this event.]",15,,1753955113
PSE47109,2/12/2024,2024,1,Political violence,Explosions/Remote violence,Air/drone strike,Military Forces of Israel (2022-),,8,Civilians (Palestine),Journalists (Palestine),7,78,Civilian targeting,275,Middle East,Palestine,Gaza Strip,Rafah,,Rafah,31.287,34.2595,1,Al-Ittihad; Arab 48; Liveuamap; Ma'an News Agency; Newpress; Palestine Information Center; Palestine News and Information Agency; Palestinian Ministry of Health; Quds News Network,Local partner-New media,"On 12 February 2024, Israeli military airplanes conducted airstrikes targeting residential buildings and the vicinity of the Kuwait hospital and the vicinity of the Palestinian Red Crescent in Rafah city (Gaza Strip), causing an unspecified number of fatalities. Another strike hit a house in Jenina area in eastern Rafah, causing an unspecified number of fatalities, including a journalist. This was part of at least 40 Israeli airstrikes in Rafah on 12 February 2024, which destroyed over 14 houses and 3 mosques. On 12 February 2024, Hamas movement claimed that Israeli strikes over Gaza killed 3 Israeli hostages captured on 7 October 2023, but Israeli forces did not confirm this claim. Hamas's claim for Israeli hostage fatalities coded 0. [Palestinian Ministry of Health reported 28473 fatalities upto 12 February 2024. 59 fatalities not attributed to specific events split across 4 events on 12 Febraury. 14 fatalities coded to this event.]",14,,1762829569
PSE46977,2/12/2024,2024,1,Political violence,Explosions/Remote violence,Air/drone strike,Military Forces of Israel (2022-),,8,Civilians (Palestine),Refugees/IDPs (Palestine),7,78,Civilian targeting,275,Middle East,Palestine,Gaza Strip,Rafah,,Brazil Camp,31.2718,34.2532,1,Al-Ittihad; Arab 48; Ma'an News Agency; Palestine Information Center; Palestine News and Information Agency; Quds News Network,Other-National,"On 12 February 2024, Israeli military warplanes struck a gathering in Brazil camp (Rafah, Gaza Strip), killing 1 child and injuring 4 others. This was part of at least 40 Israeli airstrikes in Rafah on 12 February 2024, which destroyed over 14 houses and 3 mosques. On 12 February 2024, Hamas movement claimed that Israeli strikes over Gaza killed 3 Israeli hostages captured on 7 October 2023, but Israeli forces did not confirm this claim. Hamas's claim for Israeli hostage fatalities coded 0.",1,,1753955113
PSE47147,2/12/2024,2024,1,Political violence,Violence against civilians,Attack,Military Forces of Israel (2022-),,8,Civilians (Palestine),,7,78,Civilian targeting,275,Middle East,Palestine,Gaza Strip,Gaza City,,Gaza - Az Zaytun,31.4964,34.4522,1,Quds News Network,National,"On 12 February 2024, Israeli forces opened fire at Palestinians at the Kuwait roundabout in Gaza - Az Zaytun (Gaza City, Gaza Strip) while waiting for the aid trucks. There were no casualties. This event involved violence over aid.",0,,1759789988
PSE46957,2/13/2024,2024,1,Political violence,Explosions/Remote violence,Air/drone strike,Military Forces of Israel (2022-),,8,Civilians (Palestine),,7,78,Civilian targeting,275,Middle East,Palestine,Gaza Strip,Gaza City,,Gaza - Sheikh Radwan,31.5349,34.4667,1,Joe Truzman; Newpress; Palestine Information Center; Quds News Network,Other-National,"On 13 February 2024, Israeli warplanes struck a civilian car in Al Jalaa street in Gaza - Sheikh Radwan (Gaza City, Gaza Strip), killing 6 people, including an infant. Another strike hit a gathering in al-Lababidi, killing 1 person and injuring 2 others. Total fatalities coded 7.",7,,1759789988
PSE46985,2/13/2024,2024,1,Political violence,Explosions/Remote violence,Air/drone strike,Military Forces of Israel (2022-),,8,Civilians (Palestine),,7,78,Civilian targeting,275,Middle East,Palestine,Gaza Strip,Khan Yunis,,Khan Yunis,31.3502,34.3081,1,Joe Truzman; Palestine News and Information Agency,National,"On 13 February 2024, Israeli drones struck targets in Khan Yunis city (Gaza Strip), killing 1 person.",1,,1753955113
PSE46989,2/13/2024,2024,1,Political violence,Explosions/Remote violence,Air/drone strike,Military Forces of Israel (2022-),,8,Civilians (Palestine),,7,78,Civilian targeting,275,Middle East,Palestine,Gaza Strip,Khan Yunis,,Abasan al Kabirah,31.3191,34.3401,2,Ma'an News Agency,National,"On 13 February 2024, Israeli helicopters opened fire east of Abasan al Kabirah (Khan Yunis, Gaza Strip). Meanwhile, Israeli artillery shelled civilian houses in the same area. Casualties unknown.",0,,1753955113
PSE47084,2/13/2024,2024,1,Political violence,Violence against civilians,Attack,Military Forces of Israel (2022-),,8,Civilians (Palestine),,7,78,Civilian targeting,275,Middle East,Palestine,Gaza Strip,Khan Yunis,,Khan Yunis - Al Amal,31.3544,34.3007,1,Palestine Information Center; Palestine News and Information Agency; Quds News Network,Other-National,"On 13 February 2024, Israeli forces shot and killed a Palestinian in Khan Yunis - Al Amal (Khan Yunis, Gaza Strip).",1,,1753955113
PSE47086,2/13/2024,2024,1,Political violence,Violence against civilians,Attack,Military Forces of Israel (2022-),,8,Civilians (Palestine),Health Workers (Palestine); Refugees/IDPs (Palestine),7,78,Civilian targeting,275,Middle East,Palestine,Gaza Strip,Khan Yunis,,Khan Yunis - West (Municipal Stadium),31.3484,34.2961,1,Ma'an News Agency; Newpress; Palestine Information Center; Palestine News and Information Agency; Quds News Network,Other-National,"On 13 February 2024, Israeli snipers fired at Naser medical complex in Khan Yunis - West (Municipal Stadium) (Khan Yunis, Gaza Strip), killing 3 Palestinians and injuring 10 others.",3,,1753955113
PSE46958,2/13/2024,2024,1,Political violence,Explosions/Remote violence,Air/drone strike,Military Forces of Israel (2022-),,8,Civilians (Palestine),,7,78,Civilian targeting,275,Middle East,Palestine,Gaza Strip,Deir El Balah,,Az Zawayda,31.4284,34.366,2,Joe Truzman; Quds News Network,National,"On 13 February 2024, Israeli warplanes struck an agricultural land near Az Zawayda (Deir El Balah, Gaza Strip), injuring 5 people. There were no fatalities.",0,,1767742780
PSE46972,2/13/2024,2024,1,Political violence,Explosions/Remote violence,Air/drone strike,Military Forces of Israel (2022-),,8,Civilians (Palestine),Refugees/IDPs (Palestine),7,78,Civilian targeting,275,Middle East,Palestine,Gaza Strip,Deir El Balah,,An Nusayrat,31.4486,34.3925,1,Ma'an News Agency; Newpress; Palestine Information Center; Palestine News and Information Agency; Quds News Network,Other-National,"On 13 February 2024, Israeli warplanes struck houses in An Nusayrat refugee camp (Deir El Balah, Gaza Strip), killing 6 people from the same family and an unspecified number of people from another family. Total fatalities coded as 7.",7,,1753955113
PSE46975,2/13/2024,2024,1,Political violence,Explosions/Remote violence,Air/drone strike,Military Forces of Israel (2022-),,8,Civilians (Palestine),,7,78,Civilian targeting,275,Middle East,Palestine,Gaza Strip,Deir El Balah,,Deir al Balah,31.4178,34.3503,1,Palestine Information Center; Quds News Network,Other-National,"On 13 February 2024, Israeli warplanes struck a house and an agricultural land in the vicinity of al-Mazraa school in Deir al Balah (Deir El Balah, Gaza Strip), injuring 4 people. There were no fatalities.",0,,1753955113
PSE46983,2/13/2024,2024,1,Political violence,Explosions/Remote violence,Air/drone strike,Military Forces of Israel (2022-),,8,Civilians (Palestine),,7,78,Civilian targeting,275,Middle East,Palestine,Gaza Strip,Deir El Balah,,Deir al Balah Camp,31.4249,34.34,2,Palestine Information Center; Quds News Network,Other-National,"On 13 February 2024, Israeli warplanes struck targets east of Deir al Balah (coded to Deir al Balah Camp, Gaza Strip), killing 1 person.",1,,1765850627
PSE46987,2/13/2024,2024,1,Political violence,Explosions/Remote violence,Air/drone strike,Military Forces of Israel (2022-),,8,Civilians (Palestine),Refugees/IDPs (Palestine),7,78,Civilian targeting,275,Middle East,Palestine,Gaza Strip,Deir El Balah,,Al Maghazi,31.4214,34.3865,1,Palestine News and Information Agency,National,"On 13 February 2024, Israeli warplanes struck Al Maghazi refugee camp (Deir El Balah, Gaza Strip), causing unspecified injuries. There were no fatalities.",0,,1753955113
PSE46964,2/13/2024,2024,1,Political violence,Violence against civilians,Attack,Military Forces of Israel (2022-),,8,Civilians (Palestine),,7,78,Civilian targeting,275,Middle East,Palestine,Gaza Strip,North Gaza,,Beit Lahiya - Ezbet Beit Hanoun,31.5472,34.5225,1,Palestine Information Center; Quds News Network,Other-National,"On 13 February 2024, Israeli forces fired at Palestinians in Al Nada towers area in Beit Lahiya - Ezbet Beit Hanoun (North Gaza, Gaza Strip), killing 1 Palestinian and injuring another.",1,,1753955113
PSE46961,2/13/2024,2024,1,Political violence,Explosions/Remote violence,Air/drone strike,Military Forces of Israel (2022-),,8,Civilians (Palestine),,7,78,Civilian targeting,275,Middle East,Palestine,Gaza Strip,Gaza City,,Gaza - Southern Remal,31.5168,34.4355,2,Newpress; Palestine Information Center; Quds News Network,Other-National,"On 13 February 2024, Israeli warplanes struck a house in Al Sinaa area west of Gaza city, coded to Gaza - Southern Remal (Gaza City, Gaza Strip), causing unspecified injuries. There were no fatalities.",0,,1759789988
PSE46960,2/13/2024,2024,1,Political violence,Explosions/Remote violence,Air/drone strike,Military Forces of Israel (2022-),,8,Civilians (Palestine),,7,78,Civilian targeting,275,Middle East,Palestine,Gaza Strip,Rafah,,Tal as Sultan,31.3098,34.2414,2,Palestine Information Center; Quds News Network,Other-National,"On 13 February 2024, Israeli warplanes struck Talat Zoreb area west of Rafah (coded to Tal as Sultan, Gaza Strip), causing unspecified injuries. There were no fatalities.",0,,1762829569
PSE46971,2/13/2024,2024,1,Political violence,Explosions/Remote violence,Air/drone strike,Military Forces of Israel (2022-),,8,Civilians (Palestine),Refugees/IDPs (Palestine),7,78,Civilian targeting,275,Middle East,Palestine,Gaza Strip,Deir El Balah,,Al Burayj,31.4394,34.4031,1,Palestine Information Center; Palestinian Ministry of Health; Quds News Network,Other-National,"On 13 February 2024, Israeli warplanes struck Al Burayj refugee camp (Deir El Balah, Gaza Strip). Unspecified casualties. [Palestinian Ministry of Health reported 28576 fatalities upto 13 February 2024. 49 fatalities not attributed to specific events split across 2 events on 13 Febraury. 25 fatalities coded to this event.]",25,,1753955113
PSE46988,2/13/2024,2024,1,Political violence,Explosions/Remote violence,Air/drone strike,Military Forces of Israel (2022-),,8,Civilians (Palestine),,7,78,Civilian targeting,275,Middle East,Palestine,Gaza Strip,Gaza City,,Al Zahra,31.4716,34.4013,1,Ma'an News Agency; Quds News Network,National,"On 13 February 2024, Israeli warplanes struck Al Zahra (Gaza City, Gaza Strip), killing 2 people and injuring others.",2,,1753955113
PSE46966,2/13/2024,2024,1,Political violence,Explosions/Remote violence,Air/drone strike,Military Forces of Israel (2022-),,8,Civilians (Palestine),Police Forces of Palestine (2007-) Gaza Strip,7,78,Civilian targeting,275,Middle East,Palestine,Gaza Strip,Rafah,,Yibna,31.2842,34.2482,2,Ma'an News Agency; Newpress; Palestine Information Center; Palestinian Ministry of Health; Quds News Network,Other-National,"On 13 February 2024, Israeli warplanes conducted at least 3 airstrikes striking targets east of Rafah (coded to Yibna, Gaza Strip), including a house, a police station, and agricultural land in Al Shoka village. Another strike targeted Zalata area. Unspecified casualties. [Palestinian Ministry of Health reported 28576 fatalities upto 13 February 2024. 49 fatalities not attributed to specific events split across 2 events on 13 Febraury. 24 fatalities coded to this event.]",24,,1753955113
PSE46963,2/13/2024,2024,1,Political violence,Explosions/Remote violence,Air/drone strike,Military Forces of Israel (2022-),,8,Civilians (Palestine),,7,78,Civilian targeting,275,Middle East,Palestine,Gaza Strip,Gaza City,,Gaza - Az Zaytun,31.4964,34.4522,1,Palestine Information Center; Quds News Network,Other-National,"On 13 February 2024, Israeli warplanes struck targets and fired white phosphorus bombs in Gaza - Az Zaytun (Gaza City, Gaza Strip). 2 Palestinians sustained injuries. There were no fatalities. HRW and other international organizations have accused Israel of using white phosphorous bombs.",0,,1759789988
PSE46976,2/13/2024,2024,1,Political violence,Explosions/Remote violence,Air/drone strike,Military Forces of Israel (2022-),,8,Civilians (Palestine),Journalists (Palestine),7,78,Civilian targeting,275,Middle East,Palestine,Gaza Strip,Rafah,,Khirbet al Adas,31.2855,34.2714,2,Newpress; Palestine Information Center; Palestine News and Information Agency; Quds News Network,Other-National,"On 13 February 2024, Israeli drones struck Miraj area north of Rafah (coded to Khirbet al Adas, Gaza Strip), killing 1 person and injuring others. Another strike hit an Al Jazeera team in the same area, injuring 2 journalists.",1,,1753955113
PSE46984,2/13/2024,2024,1,Political violence,Explosions/Remote violence,Air/drone strike,Military Forces of Israel (2022-),,8,Civilians (Palestine),,7,78,Civilian targeting,275,Middle East,Palestine,Gaza Strip,Rafah,,Rafah,31.287,34.2595,1,Palestine Information Center,Other,"On 13 February 2024, Israeli warplanes struck a house in Awni Dahir street in Rafah (Gaza Strip). Casualties unknown.",0,,1762829569
PSE46991,2/14/2024,2024,1,Political violence,Explosions/Remote violence,Air/drone strike,Military Forces of Israel (2022-),,8,Civilians (Palestine),Journalists (Palestine),7,78,Civilian targeting,275,Middle East,Palestine,Gaza Strip,Gaza City,,Gaza - Sheikh Radwan,31.5349,34.4667,1,Newpress; Palestine Information Center; Palestine News and Information Agency; Quds News Network,Other-National,"On 14 February 2024, Israeli warplanes struck a car in Gaza - Sheikh Radwan (Gaza City, Gaza Strip), killing 4-6 people, including a journalist. Another strike hit a house in Al Jalaa street, killing 5 people, including prominent political analyst Ayman Al-Rafati. 9 fatalities coded.",9,,1759789988
PSE46996,2/14/2024,2024,1,Political violence,Explosions/Remote violence,Air/drone strike,Military Forces of Israel (2022-),,8,Civilians (Palestine),,7,78,Civilian targeting,275,Middle East,Palestine,Gaza Strip,Gaza City,,Gaza - Ad Darraj,31.5172,34.4642,1,Ma'an News Agency; Palestine Information Center; Quds News Network,Other-National,"On 14 February 2024, Israeli warplanes struck a car in Asqula area in Gaza - Ad Darraj (Gaza City, Gaza Strip), killing 3 people.",3,,1759789988
PSE47003,2/14/2024,2024,1,Political violence,Explosions/Remote violence,Air/drone strike,Military Forces of Israel (2022-),,8,Civilians (Palestine),,7,78,Civilian targeting,275,Middle East,Palestine,Gaza Strip,Khan Yunis,,Abasan al Kabirah,31.3191,34.3401,2,Palestine Information Center; Palestine News and Information Agency; Quds News Network,Other-National,"On 14 February 2024, Israeli drones struck civilians east of Abasan al Kabirah (Khan Yunis, Gaza Strip), causing unspecified injuries. There were no fatalities.",0,,1753955113
PSE47010,2/14/2024,2024,1,Political violence,Explosions/Remote violence,Air/drone strike,Military Forces of Israel (2022-),,8,Civilians (Palestine),Health Workers (Palestine),7,78,Civilian targeting,275,Middle East,Palestine,Gaza Strip,Khan Yunis,,Khan Yunis - West (Municipal Stadium),31.3484,34.2961,1,Arab 48; Quds News Network,National,"On 14 February 2024, an Israeli drone struck the doctor's room in Naser medical complex in Khan Yunis - West (Municipal Stadium) (Khan Yunis, Gaza Strip), injuring a doctor. There were no fatalities.",0,,1753955113
PSE47015,2/14/2024,2024,1,Political violence,Violence against civilians,Attack,Military Forces of Israel (2022-),,8,Civilians (Palestine),Refugees/IDPs (Palestine),7,78,Civilian targeting,275,Middle East,Palestine,Gaza Strip,Khan Yunis,,Khan Yunis - West (Municipal Stadium),31.3484,34.2961,1,Newpress,National,"On 14 February 2024, Israeli forces shot and injured a displaced Palestinian child in Naser medical complex in Khan Yunis - West (Municipal Stadium) (Khan Yunis, Gaza Strip). There were no fatalities.",0,,1753955113
PSE46990,2/14/2024,2024,1,Political violence,Explosions/Remote violence,Air/drone strike,Military Forces of Israel (2022-),,8,Civilians (Palestine),Refugees/IDPs (Palestine),7,78,Civilian targeting,275,Middle East,Palestine,Gaza Strip,Deir El Balah,,An Nusayrat,31.4486,34.3925,1,Liveuamap; Ma'an News Agency; Newpress; Palestine Information Center; Palestine News and Information Agency; Quds News Network,Local partner-New media,"On 14 February 2024, Israeli warplanes struck houses in An Nusayrat refugee camp (Deir El Balah, Gaza Strip), killing 2 people and injuring 5 others in one house. Another strike killed 15 people in another house. Total fatalities coded 17.",17,,1753955113
PSE47000,2/14/2024,2024,1,Political violence,Explosions/Remote violence,Shelling/artillery/missile attack,Military Forces of Israel (2022-),,8,Civilians (Palestine),,7,78,Civilian targeting,275,Middle East,Palestine,Gaza Strip,Deir El Balah,,Al Maghazi,31.4214,34.3865,1,Newpress; Palestine Information Center; Quds News Network,Other-National,"On 14 February 2024, Israeli artillery shelled the vicinity of the clinic of Al Maghazi refugee camp (Deir El Balah, Gaza Strip), causing unspecified injuries. There were no fatalities.",0,,1753955113
PSE47007,2/14/2024,2024,1,Political violence,Explosions/Remote violence,Air/drone strike,Military Forces of Israel (2022-),,8,Civilians (Palestine),Refugees/IDPs (Palestine),7,78,Civilian targeting,275,Middle East,Palestine,Gaza Strip,Deir El Balah,,Al Maghazi,31.4214,34.3865,1,Newpress; Palestine Information Center; Quds News Network,Other-National,"On 14 February 2024, Israeli warplanes conducted airstrikes in Al Maghazi refugee camp (Deir El Balah, Gaza Strip), causing unspecified injuries. The airstrikes targeted Al- Qasatna, Abu Jiab, and Al Matahen areas. Meanwhile Israeli helicopters opened fire at the eastern border of the camp. There were no fatalities.",0,,1753955113
PSE47020,2/14/2024,2024,1,Political violence,Explosions/Remote violence,Air/drone strike,Military Forces of Israel (2022-),,8,Civilians (Palestine),,7,78,Civilian targeting,275,Middle East,Palestine,Gaza Strip,Rafah,,Yasser Arafat International Airport,31.2431,34.2759,1,Palestine Information Center,Other,"On 14 February 2024, Israeli warplanes struck a house in the vicinity of Yasser Arafat International Airport (Rafah, Gaza Strip). There were no casualties.",0,,1753955113
PSE47004,2/14/2024,2024,1,Political violence,Explosions/Remote violence,Air/drone strike,Military Forces of Israel (2022-),,8,Civilians (Palestine),,7,78,Civilian targeting,275,Middle East,Palestine,Gaza Strip,Deir El Balah,,Deir al Balah,31.4178,34.3503,1,Newpress; Palestine Information Center; Palestinian Ministry of Health; Quds News Network,Other-National,"On 14 February 2024, Israeli warplanes conducted several airstrikes in Deir al Balah (Deir El Balah, Gaza Strip). One strike struck a house east of Al-Mazraa area. Another strike hit the site of Brigade 14 on Salah El Din street. Unspecified casualties. [Palestinian Ministry of Health reported 28663 fatalities upto 14 February 2024. 18 fatalities not attributed to specific events split across 2 events on 14 Febraury. 18 fatalities coded to this event.]",9,,1753955113
PSE47006,2/14/2024,2024,1,Political violence,Explosions/Remote violence,Air/drone strike,Military Forces of Israel (2022-),,8,Civilians (Palestine),,7,78,Civilian targeting,275,Middle East,Palestine,Gaza Strip,Deir El Balah,,Deir al Balah Camp,31.4249,34.34,2,Palestine Information Center; Palestine News and Information Agency; Palestinian Ministry of Health; Quds News Network,Other-National,"On 14 February 2024, Israeli warplanes targeted areas east of Deir al Balah (coded to Deir al Balah Camp, Gaza Strip), causing unspecified fatalities and injuries. [Palestinian Ministry of Health reported 28663 fatalities upto 14 February 2024. 18 fatalities not attributed to specific events split across 2 events on 14 Febraury. 18 fatalities coded to this event.]",9,,1765850627
PSE47017,2/14/2024,2024,1,Political violence,Explosions/Remote violence,Air/drone strike,Military Forces of Israel (2022-),,8,Civilians (Palestine),,7,78,Civilian targeting,275,Middle East,Palestine,Gaza Strip,Gaza City,,Al Mughraqa,31.4675,34.4097,2,Palestine Information Center,Other,"On 14 February 2024, Israeli warplanes struck Wadi Gaza, killing 2 people, coded to Al Mughraqa (Gaza City, Gaza City).",2,,1753955113
PSE46994,2/14/2024,2024,1,Political violence,Explosions/Remote violence,Air/drone strike,Military Forces of Israel (2022-),,8,Civilians (Palestine),,7,78,Civilian targeting,275,Middle East,Palestine,Gaza Strip,Gaza City,,Gaza - Az Zaytun,31.4964,34.4522,1,Al Ghad (Jordan); Palestine Information Center; Palestine News and Information Agency; Quds News Network,Other-National,"On 14 February 2024, Israeli warplanes conducted airstrikes in Tal el Hawa and Gaza - Az Zaytun (Gaza City, Gaza Strip), killing 9 people in total. Another strike targeted the vicinity of Al Ahli Baptist hospital in Gaza - Az Zaytun, causing 2 injuries, but no fatalities. Another drone strike killed 1 person and injured another in the vicinity of Ali Ibn Abi Taleb Mosque in Az Zaytun. 6 fatalities coded to Az Zaytun and 4 coded to Tal el Hawa.",6,,1759789988
PSE46995,2/14/2024,2024,1,Political violence,Explosions/Remote violence,Air/drone strike,Military Forces of Israel (2022-),,8,Civilians (Palestine),,7,78,Civilian targeting,275,Middle East,Palestine,Gaza Strip,Gaza City,,Gaza - Tal el Hawa,31.5041,34.435,1,Liveuamap; Newpress; Palestine Information Center; Palestine News and Information Agency; Quds News Network,Local partner-New media,"On 14 February 2024, Israeli warplanes conducted airstrikes in Az Zaytun and Gaza - Tal el Hawa (Gaza City, Gaza Strip), killing 9 people in total. 6 fatalities coded to Az Zaytun and 4 coded to Tal el Hawa.",4,,1759789988
PSE46997,2/14/2024,2024,1,Political violence,Explosions/Remote violence,Air/drone strike,Military Forces of Israel (2022-),,8,Civilians (Palestine),,7,78,Civilian targeting,275,Middle East,Palestine,Gaza Strip,Gaza City,,Gaza - Tal el Hawa,31.5041,34.435,1,Quds News Network,National,"On 14 February 2024, Israeli warplanes struck a house on Dahdouh street in Gaza - Tal el Hawa (Gaza City, Gaza Strip). Casualties unknown. Meanwhile Israeli artillery fired smoke bombs in the vicinity of Dahdouh street and the university college.",0,,1759789988
PSE47013,2/14/2024,2024,1,Political violence,Explosions/Remote violence,Air/drone strike,Military Forces of Israel (2022-),,8,Civilians (Palestine),,7,78,Civilian targeting,275,Middle East,Palestine,Gaza Strip,Rafah,,Rafah,31.287,34.2595,1,Newpress,National,"On 14 February 2024, Israeli warplanes conducted airstrikes in Rafah (Gaza Strip). A former Palestinian prisoner released in a 2011 agreement between Israel and Hamas, died during the strike. Airstrikes also destroyed a house.",1,,1762829569
PSE47021,2/15/2024,2024,1,Political violence,Explosions/Remote violence,Air/drone strike,Military Forces of Israel (2022-),,8,Civilians (Palestine),Health Workers (Palestine),7,78,Civilian targeting,275,Middle East,Palestine,Gaza Strip,Khan Yunis,,Khan Yunis - West (Municipal Stadium),31.3484,34.2961,1,Al-Ittihad; Arab 48; Ma'an News Agency; Newpress; Palestine Information Center; Palestine News and Information Agency; Quds News Network,Other-National,"On 15 February 2024, overnight, Israeli drones and Israeli tanks struck Naser medical complex in Khan Yunis - West (Municipal Stadium) (Khan Yunis, Gaza Strip), killing a patient and injuring 14 others. The shelling also damaged oxygen tubes in the hospital. Meanwhile, Israeli troops fired at the complex, injuring a doctor.",1,,1753955113
PSE47022,2/15/2024,2024,1,Political violence,Violence against civilians,Attack,Military Forces of Israel (2022-),,8,Civilians (Palestine),Health Workers (Palestine); Refugees/IDPs (Palestine),7,78,Civilian targeting,275,Middle East,Palestine,Gaza Strip,Khan Yunis,,Khan Yunis - West (Municipal Stadium),31.3484,34.2961,1,Al-Ittihad; Arab 48; Ma'an News Agency; Palestine Information Center; Palestine News and Information Agency; Quds News Network,Other-National,"On 15 February 2024, Israeli forces raided Naser medical complex in Khan Yunis - West (Municipal Stadium) (Khan Yunis, Gaza Strip), opened live fire, and forced its medical staff and displaced Palestinians sheltering inside it to evacuate. They also forced the hospital to move patients, including ICU patients to the old Naser building, and as a result 5 (some sources reported 6) ICU patients died due to power cuts caused by the raid. The forces destroyed the complex's southern wall and 2 ambulance vehicles and dug up mass graves in the complex. Medical staff and displaced Palestinians who evacuated the complex were told to go to Rafah, but dozens of them were arrested on the way.",5,,1753955113
PSE47025,2/15/2024,2024,1,Political violence,Violence against civilians,Attack,Military Forces of Israel (2022-),,8,Civilians (Palestine),,7,78,Civilian targeting,275,Middle East,Palestine,Gaza Strip,Khan Yunis,,Al Mawasi (Khan Yunis),31.3482,34.2547,1,Newpress; Quds News Network,National,"On 15 February 2024, Israeli forces shot and killed a Palestinian man in Al Mawasi (Khan Yunis) (Gaza Strip).",1,,1762829569
PSE47029,2/15/2024,2024,1,Political violence,Explosions/Remote violence,Air/drone strike,Military Forces of Israel (2022-),,8,Civilians (Palestine),,7,78,Civilian targeting,275,Middle East,Palestine,Gaza Strip,Gaza City,,Gaza - Sheikh Radwan,31.5349,34.4667,1,Liveuamap; Palestine Information Center; Palestine News and Information Agency; Quds News Network,Local partner-New media,"On 15 February 2024, Israeli warplanes struck a civilian car and gathering at the Dobet intersection on Al Jalaa street in Gaza - Sheikh Radwan (Gaza City, Gaza Strip), killing 3 people and injuring 5 others.",3,,1759789988
PSE47036,2/15/2024,2024,1,Political violence,Violence against civilians,Attack,Military Forces of Israel (2022-),,8,Civilians (Palestine),Health Workers (Palestine); Journalists (Palestine); Refugees/IDPs (Palestine),7,78,Civilian targeting,275,Middle East,Palestine,Gaza Strip,Khan Yunis,,Khan Yunis - West (Municipal Stadium),31.3484,34.2961,2,Quds News Network,National,"On 15 February 2024, Israeli forces shot and killed 2 Palestinian men in Al Namsawi area of Khan Yunis - West (Municipal Stadium) (Khan Yunis, Gaza Strip). Israeli forces also attacked doctors and journalists who had evacuated Naser medical complex through unspecified means, injuring some of them.",2,,1753955113
PSE47023,2/15/2024,2024,1,Political violence,Explosions/Remote violence,Air/drone strike,Military Forces of Israel (2022-),,8,Civilians (Palestine),Refugees/IDPs (Palestine),7,78,Civilian targeting,275,Middle East,Palestine,Gaza Strip,Deir El Balah,,An Nusayrat,31.4486,34.3925,1,Palestine Information Center; Palestine News and Information Agency; Quds News Network,Other-National,"On 15 February 2024, Israeli warplanes conducted airstrikes in An Nusayrat refugee camp (Deir El Balah, Gaza Strip). One strike targeted a house in as Sawarha area in the western part of the camp, killing 12 people from one family.",12,,1753955113
PSE47038,2/15/2024,2024,1,Political violence,Explosions/Remote violence,Air/drone strike,Military Forces of Israel (2022-),,8,Civilians (Palestine),,7,78,Civilian targeting,275,Middle East,Palestine,Gaza Strip,Deir El Balah,,Deir al Balah,31.4178,34.3503,1,Ma'an News Agency; Palestine Information Center; Quds News Network,Other-National,"On 15 February 2024, Israeli warplanes conducted airstrikes targeting Deir al Balah city (Deir El Balah, Gaza Strip). One strike targeted central Deir El Balah city, causing unspecified injuries but no fatalities. Another strike targeted Abu Arban area near Al Aqsa martyrs hospital in Deir al Balah city, killing 6 people and injuring 18 others.",6,,1753955113
PSE47040,2/15/2024,2024,1,Political violence,Explosions/Remote violence,Shelling/artillery/missile attack,Military Forces of Israel (2022-),,8,Civilians (Palestine),Refugees/IDPs (Palestine),7,78,Civilian targeting,275,Middle East,Palestine,Gaza Strip,Deir El Balah,,Al Maghazi,31.4214,34.3865,1,Ma'an News Agency; Palestine News and Information Agency; Quds News Network,National,"On 15 February 2024, Israeli artillery shelled Al Maghazi refugee camp (Deir El Balah, Gaza Strip), causing unspecified injuries. There were no fatalities.",0,,1753955113
PSE47031,2/15/2024,2024,1,Political violence,Explosions/Remote violence,Air/drone strike,Military Forces of Israel (2022-),,8,Civilians (Palestine),,7,78,Civilian targeting,275,Middle East,Palestine,Gaza Strip,Gaza City,,Gaza - Sabra,31.5086,34.4493,1,Newpress; Palestine News and Information Agency; Quds News Network,National,"On 15 February 2024, Israeli warplanes conducted airstrikes in Gaza - Az Zaytun and Gaza - Sabra (Gaza City, Gaza Strip), killing 10 people in total. Fatalities split across 2 events.",5,,1759789988
PSE47042,2/15/2024,2024,1,Political violence,Explosions/Remote violence,Air/drone strike,Military Forces of Israel (2022-),,8,Civilians (Palestine),Refugees/IDPs (Palestine),7,78,Civilian targeting,275,Middle East,Palestine,Gaza Strip,North Gaza,,Jabalya Camp,31.536,34.4907,1,Palestine Information Center; Quds News Network,Other-National,"On 15 February 2024, Israeli warplanes struck a house in Mukhayyam Jabalya Camp (North Gaza, Gaza Strip), killing 1 person and injuring others.",1,,1753955113
PSE47041,2/15/2024,2024,1,Political violence,Explosions/Remote violence,Air/drone strike,Military Forces of Israel (2022-),,8,Civilians (Palestine),Refugees/IDPs (Palestine),7,78,Civilian targeting,275,Middle East,Palestine,Gaza Strip,Deir El Balah,,Al Burayj,31.4394,34.4031,1,Palestine News and Information Agency; Palestinian Ministry of Health,Other-National,"On 15 February 2024, Israeli warplanes struck targets in Al Burayj refugee camp (Deir El Balah, Gaza Strip), causing unspecified fatalities. [Palestinian Ministry of Health reported 28775 fatalities upto 15 February 2024. 28 fatalities not attributed to specific events split across 3 events on 15 Febraury. 9 fatalities coded to this event.]",9,,1753955113
PSE47047,2/15/2024,2024,1,Political violence,Explosions/Remote violence,Air/drone strike,Military Forces of Israel (2022-),,8,Civilians (Palestine),,7,78,Civilian targeting,275,Middle East,Palestine,Gaza Strip,Khan Yunis,,Khan Yunis - West (Municipal Stadium),31.3484,34.2961,1,Palestine Information Center; Palestine News and Information Agency,Other-National,"On 15 February 2024, Israeli warplanes and tanks struck central and western Khan Yunis city (coded to Khan Yunis - West (Municipal Stadium), Gaza Strip), causing dozens of fatalities and injuries. Unknown fatalities coded as 12.",12,,1753955113
PSE47052,2/15/2024,2024,1,Political violence,Explosions/Remote violence,Air/drone strike,Military Forces of Israel (2022-),,8,Civilians (Palestine),,7,78,Civilian targeting,275,Middle East,Palestine,Gaza Strip,Gaza City,,Gaza - Ash Shaykh Ijlin,31.5098,34.4274,1,Palestine News and Information Agency; Palestinian Ministry of Health,Other-National,"On 15 February 2024, Israeli warplanes struck targets in Gaza - Ash Shaykh Ijlin (Gaza City, Gaza Strip), causing unspecified fatalities and injuries. [Palestinian Ministry of Health reported 28775 fatalities upto 15 February 2024. 28 fatalities not attributed to specific events split across 3 events on 15 Febraury. 10 fatalities coded to this event.]",10,,1753955113
PSE47026,2/15/2024,2024,1,Political violence,Explosions/Remote violence,Air/drone strike,Military Forces of Israel (2022-),,8,Civilians (Palestine),,7,78,Civilian targeting,275,Middle East,Palestine,Gaza Strip,North Gaza,,Beit Hanoun - Al-Sekka,31.5463,34.5332,1,Palestine News and Information Agency; Quds News Network,National,"On 15 February 2024, Israeli warplanes struck 2 houses in Beit Hanoun - Al-Sekka (North Gaza, Gaza Strip), killing at least 2 people.",2,,1753955113
PSE47037,2/15/2024,2024,1,Political violence,Explosions/Remote violence,Air/drone strike,Military Forces of Israel (2022-),,8,Civilians (Palestine),,7,78,Civilian targeting,275,Middle East,Palestine,Gaza Strip,Gaza City,,Al Mughraqa,31.4675,34.4097,2,Quds News Network,National,"On 15 February 2024, Israeli warplanes struck Wadi Gaza, killing 1 person and injuring several others, coded to Al Mughraqa (Gaza City, Gaza City).",1,,1753955113
PSE47030,2/15/2024,2024,1,Political violence,Explosions/Remote violence,Air/drone strike,Military Forces of Israel (2022-),,8,Civilians (Palestine),,7,78,Civilian targeting,275,Middle East,Palestine,Gaza Strip,Gaza City,,Gaza - Az Zaytun,31.4964,34.4522,1,Newpress; Palestine News and Information Agency; Quds News Network,National,"On 15 February 2024, Israeli warplanes conducted airstrikes in Gaza - Az Zaytun and Gaza - Sabra (Gaza City, Gaza Strip), killing 10 people in total. Fatalities split across 2 events.",5,,1759789988
PSE47039,2/15/2024,2024,1,Political violence,Explosions/Remote violence,Air/drone strike,Military Forces of Israel (2022-),,8,Civilians (Palestine),,7,78,Civilian targeting,275,Middle East,Palestine,Gaza Strip,North Gaza,,Jabalya - Tel-Zaatar,31.5367,34.5035,1,Newpress; Palestine Information Center; Palestine News and Information Agency; Quds News Network,Other-National,"On 15 February 2024, Israeli warplanes and artillery struck 2 houses in Jabalya - Tel-Zaatar (North Gaza, Gaza Strip), killing 6 people.",6,,1759789988
PSE47051,2/15/2024,2024,1,Political violence,Explosions/Remote violence,Air/drone strike,Military Forces of Israel (2022-),,8,Civilians (Palestine),,7,78,Civilian targeting,275,Middle East,Palestine,Gaza Strip,Gaza City,,Gaza - Tal el Hawa,31.5041,34.435,1,Palestine News and Information Agency; Palestinian Ministry of Health,Other-National,"On 15 February 2024, Israeli warplanes struck targets in Gaza - Tal el Hawa (Gaza City, Gaza Strip), causing unspecified fatalities and injuries. [Palestinian Ministry of Health reported 28775 fatalities upto 15 February 2024. 28 fatalities not attributed to specific events split across 3 events on 15 Febraury. 9 fatalities coded to this event.]",9,,1759789988
PSE47035,2/15/2024,2024,1,Political violence,Explosions/Remote violence,Air/drone strike,Military Forces of Israel (2022-),,8,Civilians (Palestine),Refugees/IDPs (Palestine),7,78,Civilian targeting,275,Middle East,Palestine,Gaza Strip,Rafah,,Rafah,31.287,34.2595,1,Palestine News and Information Agency; Quds News Network,National,"On 15 February 2024, Israeli warplanes conducted airstrikes in Rafah (Gaza Strip), including the western areas of the city and the southern border area, injuring an unspecified number of people, including displaced Palestinians. There were no fatalities.",0,,1762829569
PSE47061,2/16/2024,2024,1,Political violence,Explosions/Remote violence,Air/drone strike,Military Forces of Israel (2022-),,8,Civilians (Palestine),,7,78,Civilian targeting,275,Middle East,Palestine,Gaza Strip,Khan Yunis,,Al Qararah,31.3739,34.3409,1,Quds News Network,National,"On 16 February 2024, Israeli warplanes struck Al Qararah (Khan Yunis, Gaza Strip), injuring 2 people. There were no fatalities.",0,,1753955113
PSE47062,2/16/2024,2024,1,Political violence,Explosions/Remote violence,Air/drone strike,Military Forces of Israel (2022-),,8,Civilians (Palestine),,7,78,Civilian targeting,275,Middle East,Palestine,Gaza Strip,Khan Yunis,,Al Fukhari,31.2952,34.3332,2,Quds News Network,National,"On 16 February 2024, Israeli warplanes struck Al Umour area east of Al Fukhari (Khan Yunis, Gaza Strip), killing 2 Palestinians.",2,,1753955113
PSE47067,2/16/2024,2024,1,Political violence,Violence against civilians,Attack,Military Forces of Israel (2022-),,8,Civilians (Palestine),Refugees/IDPs (Palestine),7,78,Civilian targeting,275,Middle East,Palestine,Gaza Strip,Khan Yunis,,Khan Yunis - As Sater,31.3637,34.3228,2,Quds News Network,National,"On 16 February 2024, Israeli forces shot and killed 3 people from the same family while evacuating from Khan Yunis - As Sater (Khan Yunis, Gaza Strip).",3,,1753955113
PSE47068,2/16/2024,2024,1,Political violence,Explosions/Remote violence,Shelling/artillery/missile attack,Military Forces of Israel (2022-),,8,Civilians (Palestine),,7,78,Civilian targeting,275,Middle East,Palestine,Gaza Strip,Khan Yunis,,Khan Yunis - West (Municipal Stadium),31.3484,34.2961,2,Quds News Network,National,"On 16 February 2024, Israeli tanks shelled targets west of Khan Yunis, causing unspecified injuries. Coded to Khan Yunis - West (Municipal Stadium) (Gaza Strip). There were no fatalities.",0,,1753955113
PSE47071,2/16/2024,2024,1,Political violence,Explosions/Remote violence,Air/drone strike,Military Forces of Israel (2022-),,8,Civilians (Palestine),Refugees/IDPs (Palestine),7,78,Civilian targeting,275,Middle East,Palestine,Gaza Strip,Khan Yunis,,Bani Suheila,31.3424,34.325,2,Liveuamap; Quds News Network,Local partner-New media,"On 16 February 2024, Israeli warplanes struck the vicinity of At Taiba school east of Khan Yunis. The school was sheltering displaced Palestinians at the time of the attack. Coded to Bani Suheila (Khan Yunis, Gaza Strip). Casualties unknown.",0,,1753955113
PSE47072,2/16/2024,2024,1,Political violence,Explosions/Remote violence,Air/drone strike,Military Forces of Israel (2022-),,8,Civilians (Palestine),,7,78,Civilian targeting,275,Middle East,Palestine,Gaza Strip,Rafah,,An Nasr,31.2814,34.3025,1,Ma'an News Agency; Palestine News and Information Agency; Quds News Network,National,"On 16 February 2024, Israeli airplanes struck a house in An Nasr (Rafah, Gaza Strip), killing 7 people.",7,,1753955113
PSE47077,2/16/2024,2024,1,Political violence,Violence against civilians,Attack,Military Forces of Israel (2022-),,8,Civilians (Palestine),,7,78,Civilian targeting,275,Middle East,Palestine,Gaza Strip,Khan Yunis,,Khan Yunis - West (Municipal Stadium),31.3484,34.2961,2,Newpress,National,"On 16 February 2024, Israeli forces shot and killed a Palestinian man west of Khan Yunis, coded to Khan Yunis - West (Municipal Stadium) (Khan Yunis, Gaza Strip).",1,,1753955113
PSE47056,2/16/2024,2024,1,Political violence,Explosions/Remote violence,Air/drone strike,Military Forces of Israel (2022-),,8,Civilians (Palestine),,7,78,Civilian targeting,275,Middle East,Palestine,Gaza Strip,Gaza City,,Gaza - Sheikh Radwan,31.5349,34.4667,1,Palestinian Ministry of Health; Quds News Network,Other-National,"On 16 February 2024, Israeli warplanes struck a residential building in Gaza - Sheikh Radwan (Gaza City, Gaza Strip), causing unspecified fatalities. [Palestinian Ministry of Health reported 28858 fatalities upto 16 February 2024. 42 fatalities not attributed to specific events added to 1 event on 16 Febraury. 42 fatalities coded to this event.]",42,,1759789988
PSE47081,2/16/2024,2024,1,Political violence,Violence against civilians,Attack,Military Forces of Israel (2022-),,8,Civilians (Palestine),,7,78,Civilian targeting,275,Middle East,Palestine,Gaza Strip,Gaza City,,Al Mughraqa,31.4675,34.4097,2,Ma'an News Agency,National,"On 16 February 2024, Israeli snipers shot and injured an unspecified number of Palestinians in Wadi Gaza, coded to Al Mughraqa (Gaza City, Gaza City). There were no fatalities.",0,,1753955113
PSE47073,2/16/2024,2024,1,Political violence,Explosions/Remote violence,Air/drone strike,Military Forces of Israel (2022-),,8,Civilians (Palestine),Refugees/IDPs (Palestine),7,78,Civilian targeting,275,Middle East,Palestine,Gaza Strip,Rafah,,Rafah Camp,31.2847,34.2546,1,Ma'an News Agency; Palestine News and Information Agency; Quds News Network,National,"On 16 February 2024, Israeli airplanes struck a house in Al Shabourah refugee camp / Mukhayyam Rafah (Rafah Camp, Gaza Strip), killing 3 people.",3,,1753955113
PSE47074,2/16/2024,2024,1,Political violence,Explosions/Remote violence,Air/drone strike,Military Forces of Israel (2022-),,8,Civilians (Palestine),Refugees/IDPs (Palestine),7,78,Civilian targeting,275,Middle East,Palestine,Gaza Strip,Rafah,,Rafah,31.287,34.2595,1,Ma'an News Agency; Quds News Network,National,"On 16 February 2024, Israeli warplanes and artillery struck civilian homes in Rafah (Gaza Strip), killing 15 people. Another strike targeted IDPs tents, causing unspecified casualties. It's unclear if the strike on IDP tents caused fatalities.",15,,1762829569
PSE47349,2/17/2024,2024,1,Political violence,Explosions/Remote violence,Air/drone strike,Military Forces of Israel (2022-),,8,Civilians (Palestine),,7,78,Civilian targeting,275,Middle East,Palestine,Gaza Strip,Rafah,,Al Bayuk,31.2747,34.2899,1,Quds News Network; Twitter,New media-National,"On 17 February 2024, Israeli warplanes struck a house in Al Bayuk (Rafah, Gaza Strip), killing 5 Palestinians and injuring others.",5,,1753955113
PSE47370,2/17/2024,2024,1,Political violence,Explosions/Remote violence,Air/drone strike,Military Forces of Israel (2022-),,8,Civilians (Palestine),,7,78,Civilian targeting,275,Middle East,Palestine,Gaza Strip,Khan Yunis,,Al Qararah,31.3739,34.3409,1,Palestine News and Information Agency; Quds News Network; Twitter,New media-National,"On 17 February 2024, Israeli warplanes struck a house in Al Qararah (Khan Yunis, Gaza Strip), leaving 5 fatalities.",5,,1753955113
PSE47471,2/17/2024,2024,1,Political violence,Explosions/Remote violence,Shelling/artillery/missile attack,Military Forces of Israel (2022-),,8,Civilians (Palestine),,7,78,Civilian targeting,275,Middle East,Palestine,Gaza Strip,Khan Yunis,,Khan Yunis - Al Amal,31.3544,34.3007,1,Quds News Network; Twitter,New media-National,"On 17 February 2024, Israeli tanks struck a house located near Al Amal hospital in Khan Yunis - Al Amal (North Gaza, Gaza Strip). Casualties unknown.",0,,1753955113
PSE47513,2/17/2024,2024,1,Political violence,Violence against civilians,Abduction/forced disappearance,Military Forces of Israel (2022-),,8,Civilians (Palestine),Health Workers (Palestine),7,78,Civilian targeting,275,Middle East,Palestine,Gaza Strip,Khan Yunis,,Khan Yunis - West (Municipal Stadium),31.3484,34.2961,2,Dunia Al Watan; Ma'an News Agency; Newpress; Quds News Network; Times of Israel; Twitter,New media-National,"On 17 February 2024, IDF troops arrested nearly 100 Palestinians from Nasser's hospital complex, west of Khan Yunis city (coded to Khan Yunis - West (Municipal Stadium), Gaza Strip), including health workers.",0,,1772581279
PSE47387,2/17/2024,2024,1,Political violence,Explosions/Remote violence,Air/drone strike,Military Forces of Israel (2022-),,8,Civilians (Palestine),,7,78,Civilian targeting,275,Middle East,Palestine,Gaza Strip,Deir El Balah,,Az Zawayda,31.4284,34.366,1,Liveuamap; Ma'an News Agency; Newpress; Palestine News and Information Agency; Quds News Network; Twitter,Local partner-New media,"On 17 February 2024, Israeli warplanes targeted 10 houses in Deir al Balah city and Az Zawayda (Deir El Balah, Gaza Strip), killing at least 40 persons and injuring dozens. Fatalities split across 2 locations, and 20 of 40 fatalities were coded to this location.",20,,1767742780
PSE47403,2/17/2024,2024,1,Political violence,Explosions/Remote violence,Shelling/artillery/missile attack,Military Forces of Israel (2022-),,8,Civilians (Palestine),Farmers (Palestine),7,78,Civilian targeting,275,Middle East,Palestine,Gaza Strip,North Gaza,,Beit Lahiya,31.5541,34.5016,1,Quds News Network; Twitter,New media-National,"On 17 February 2024, Israeli artillery struck a land in Al Shayma area of Beit Lahiya (North Gaza, Gaza Strip), injuring a Palestinian farmer and his daughter.",0,,1753955113
PSE47437,2/17/2024,2024,1,Political violence,Explosions/Remote violence,Air/drone strike,Military Forces of Israel (2022-),,8,Civilians (Palestine),,7,78,Civilian targeting,275,Middle East,Palestine,Gaza Strip,Gaza City,,Gaza - Sabra,31.5086,34.4493,1,Arab 48; Liveuamap; Newpress; Palestine News and Information Agency; Quds News Network; Twitter,Local partner-New media,"On 17 February 2024, Israeli warplanes struck a house in Gaza - Sabra (Gaza City, Gaza Strip), killing 11 Palestinians from the Masoud and Mugrabi family, including 6 bodies still under the rubble. Meanwhile, the artillery struck targets in the same area.",11,,1759789988
PSE47380,2/17/2024,2024,1,Political violence,Explosions/Remote violence,Air/drone strike,Military Forces of Israel (2022-),,8,Civilians (Palestine),Refugees/IDPs (Palestine),7,78,Civilian targeting,275,Middle East,Palestine,Gaza Strip,Deir El Balah,,An Nusayrat,31.4486,34.3925,1,Arab 48; Liveuamap; Newpress; Palestinian Ministry of Health; Quds News Network; Twitter,Local partner-New media,"On 17 February 2024, Israeli warplanes and artillery struck 5 houses in An Nusayrat refugee camp (Deir El Balah, Gaza Strip), leaving a number of fatalities and injuries. [Palestinian Ministry of Health reported 28985 fatalities upto 17 February. 17 fatalities not attributed to specific events added to 1 event on 17 February. 17 fatalities coded to this event.]",17,,1753955113
PSE47366,2/17/2024,2024,1,Political violence,Explosions/Remote violence,Air/drone strike,Military Forces of Israel (2022-),,8,Civilians (Palestine),,7,78,Civilian targeting,275,Middle East,Palestine,Gaza Strip,Gaza City,,Al Mughraqa,31.4675,34.4097,2,Quds News Network; Twitter,New media-National,"On 17 February 2024, Israeli warplanes struck a gathering south of Al Mughraqa (Gaza City, Gaza Strip), killing 2 Palestinians and injuring others.",2,,1753955113
PSE47429,2/17/2024,2024,1,Political violence,Explosions/Remote violence,Air/drone strike,Military Forces of Israel (2022-),,8,Civilians (Palestine),,7,78,Civilian targeting,275,Middle East,Palestine,Gaza Strip,Gaza City,,Gaza - Az Zaytun,31.4964,34.4522,1,Arab 48; Palestine News and Information Agency; Quds News Network; Twitter,New media-National,"On 17 February 2024, Israeli warplanes struck 3 houses in Gaza - Az Zaytun (Gaza City, Gaza Strip). Meanwhile, the artillery struck targets in the same area. Casualties unknown.",0,,1759789988
PSE47476,2/17/2024,2024,1,Political violence,Explosions/Remote violence,Air/drone strike,Military Forces of Israel (2022-),,8,Civilians (Palestine),,7,78,Civilian targeting,275,Middle East,Palestine,Gaza Strip,Khan Yunis,,Khan Yunis - Jourat Al-Loot,31.3314,34.3004,1,Arab 48; Quds News Network; Twitter,New media-National,"On 17 February 2024, Israeli warplanes carried out airstrikes in Khan Yunis - Jourat Al-Loot (Khan Yunis, Gaza Strip), killing 4 Palestinians.",4,,1753955113
PSE47487,2/17/2024,2024,1,Political violence,Explosions/Remote violence,Air/drone strike,Military Forces of Israel (2022-),,8,Civilians (Palestine),Refugees/IDPs (Palestine),7,78,Civilian targeting,275,Middle East,Palestine,Gaza Strip,Rafah,,Khirbet al Adas,31.2855,34.2714,1,Palestine News and Information Agency; Quds News Network; Twitter,New media-National,"On 17 February 2024, Israeli warplanes an agricultural land hosting displaced people in Khirbet al Adas (Rafah, Gaza Strip), killing 7 Palestinians, including a woman and 3 children.",7,,1753955113
PSE47491,2/17/2024,2024,1,Political violence,Explosions/Remote violence,Air/drone strike,Military Forces of Israel (2022-),,8,Civilians (Palestine),Refugees/IDPs (Palestine),7,78,Civilian targeting,275,Middle East,Palestine,Gaza Strip,Rafah,,Rafah Camp,31.2847,34.2546,1,Palestine News and Information Agency,National,"On 17 February 2024, Israeli warplanes carried out airstrikes in Al Shaboura refugee camp of Mukhayyam Rafah (Rafah Camp, Gaza Strip), leaving 6 fatalities and 9 injuries.",6,,1753955113
PSE47497,2/17/2024,2024,1,Political violence,Explosions/Remote violence,Air/drone strike,Military Forces of Israel (2022-),,8,Civilians (Palestine),,7,78,Civilian targeting,275,Middle East,Palestine,Gaza Strip,Khan Yunis,,Qizan an Najjar,31.323,34.2761,1,Arab 48,National,"On 17 February 2024, Israeli warplanes carried out airstrikes in Qizan an Najjar (Khan Yunis, Gaza Strip), killing 5 Palestinians.",5,,1753955113
PSE47499,2/17/2024,2024,1,Political violence,Explosions/Remote violence,Air/drone strike,Military Forces of Israel (2022-),,8,Civilians (Palestine),,7,78,Civilian targeting,275,Middle East,Palestine,Gaza Strip,Rafah,,Al Junainah,31.2642,34.2636,1,Arab 48; Palestine News and Information Agency; Quds News Network; Twitter,New media-National,"On 17 February 2024, Israeli warplanes struck a house in Al Junainah area of Rafah city (Al Junainah, Gaza Strip), leaving one fatality.",1,,1753955113
PSE47371,2/18/2024,2024,1,Political violence,Explosions/Remote violence,Air/drone strike,Military Forces of Israel (2022-),,8,Civilians (Palestine),,7,78,Civilian targeting,275,Middle East,Palestine,Gaza Strip,Khan Yunis,,Al Qararah,31.3739,34.3409,1,Liveuamap; Newpress; Palestine News and Information Agency; Quds News Network; Twitter,Local partner-New media,"On 18 February 2024, Israeli warplanes struck targets in the vicinity of a school hosting displaced people in Al Qararah (Khan Yunis, Gaza Strip), killing 2 Palestinians and injuring others.",2,,1753955113
PSE47441,2/18/2024,2024,1,Political violence,Explosions/Remote violence,Air/drone strike,Military Forces of Israel (2022-),,8,Civilians (Palestine),,7,78,Civilian targeting,275,Middle East,Palestine,Gaza Strip,Gaza City,,Gaza - Sheikh Radwan,31.5349,34.4667,1,Arab 48; Palestine News and Information Agency,National,"On 18 February 2024, Israeli warplanes struck houses in Gaza - Sheikh Radwan (Gaza City, Gaza Strip), leaving 7 fatalities from Afifi family.",7,,1759789988
PSE47445,2/18/2024,2024,1,Political violence,Explosions/Remote violence,Air/drone strike,Military Forces of Israel (2022-),,8,Civilians (Palestine),,7,78,Civilian targeting,275,Middle East,Palestine,Gaza Strip,Gaza City,,Gaza - Shujaiyya,31.4988,34.4699,1,Arab 48; Liveuamap; Palestine News and Information Agency; Quds News Network; Twitter,Local partner-New media,"On 18 February 2024, Israeli warplanes carried out airstrikes in Gaza - Shujaiyya (Gaza City, Gaza Strip), killing 2 Palestinians and injuring others.",2,,1759789988
PSE47469,2/18/2024,2024,1,Political violence,Explosions/Remote violence,Air/drone strike,Military Forces of Israel (2022-),,8,Civilians (Palestine),,7,78,Civilian targeting,275,Middle East,Palestine,Gaza Strip,Khan Yunis,,Khan Yunis,31.3502,34.3081,1,Palestine News and Information Agency; Quds News Network; Twitter,New media-National,"On 18 February 2024, Israeli warplanes struck houses in Khan Yunis city (Khan Yunis, Gaza Strip), killing 20 Palestinians.",20,,1753955113
PSE47228,2/18/2024,2024,1,Political violence,Explosions/Remote violence,Air/drone strike,Military Forces of Israel (2022-),,8,Civilians (Palestine),Refugees/IDPs (Palestine),7,78,Civilian targeting,275,Middle East,Palestine,Gaza Strip,Deir El Balah,,An Nusayrat,31.4486,34.3925,1,Arab 48; Palestine News and Information Agency; Quds News Network; Twitter,New media-National,"On 18 February 2024, Israeli warplanes and artillery struck houses in An Nusayrat refugee camp (Deir El Balah, Gaza Strip), leaving at least 40 fatalities in 3 locations (Deir al Balah, An Nusayrat, Az Zawayda). 11 Fatalities coded to this location.",11,,1753955113
PSE47231,2/18/2024,2024,1,Political violence,Explosions/Remote violence,Air/drone strike,Military Forces of Israel (2022-),,8,Civilians (Palestine),,7,78,Civilian targeting,275,Middle East,Palestine,Gaza Strip,Deir El Balah,,Az Zawayda,31.4284,34.366,1,Ma'an News Agency; Palestine News and Information Agency; Quds News Network; Twitter,New media-National,"On 18 February 2024, Israeli warplanes struck a house in Az Zawayda (Deir El Balah, Gaza Strip), leaving at least 40 fatalities in 3 locations (Deir al Balah, An Nusayrat, Az Zawayda). 17 confirmed fatalities coded to this location.",17,,1767742780
PSE47232,2/18/2024,2024,1,Political violence,Explosions/Remote violence,Air/drone strike,Military Forces of Israel (2022-),,8,Civilians (Palestine),,7,78,Civilian targeting,275,Middle East,Palestine,Gaza Strip,Deir El Balah,,Deir al Balah,31.4178,34.3503,1,Newpress; Palestine News and Information Agency; Quds News Network; Twitter,New media-National,"On 18 February 2024, Israeli warplanes struck houses in Deir al Balah city (Deir El Balah, Gaza Strip), leaving at least 40 fatalities in 3 locations (Deir al Balah, An Nusayrat, Az Zawayda). 12 Fatalities coded to this location.",12,,1753955113
PSE47352,2/18/2024,2024,1,Political violence,Explosions/Remote violence,Air/drone strike,Military Forces of Israel (2022-),,8,Civilians (Palestine),,7,78,Civilian targeting,275,Middle East,Palestine,Gaza Strip,Deir El Balah,,Al Brawk,31.4204,34.339,1,Newpress; Palestine News and Information Agency; Quds News Network; Twitter,New media-National,"On 18 February 2024, Israeli warplanes struck a house in Al Brawk (Deir El Balah, Gaza Strip), killing 8 Palestinians and injuring others.",8,,1767742780
PSE47404,2/18/2024,2024,1,Political violence,Explosions/Remote violence,Air/drone strike,Military Forces of Israel (2022-),,8,Civilians (Palestine),,7,78,Civilian targeting,275,Middle East,Palestine,Gaza Strip,North Gaza,,Beit Lahiya,31.5541,34.5016,1,Palestine News and Information Agency; Quds News Network; Twitter,New media-National,"On 18 February 2024, Israeli warplanes struck a house near the cemetery of Beit Lahiya (North Gaza, Gaza Strip), injuring several Palestinians.",0,,1753955113
PSE47406,2/18/2024,2024,1,Political violence,Explosions/Remote violence,Air/drone strike,Military Forces of Israel (2022-),,8,Civilians (Palestine),,7,78,Civilian targeting,275,Middle East,Palestine,Gaza Strip,North Gaza,,Beit Lahiya - Al Mashroo,31.5433,34.4998,1,Quds News Network; Twitter,New media-National,"On 18 February 2024, Israeli warplanes struck a house in Beit Lahiya - Al Mashroo (North Gaza, Gaza Strip), killing 5 Palestinians including children.",5,,1753955113
PSE47438,2/18/2024,2024,1,Political violence,Explosions/Remote violence,Air/drone strike,Military Forces of Israel (2022-),,8,Civilians (Palestine),,7,78,Civilian targeting,275,Middle East,Palestine,Gaza Strip,Gaza City,,Gaza - Sabra,31.5086,34.4493,1,Palestine News and Information Agency,National,"On 18 February 2024, Israeli warplanes struck houses in Gaza - Sabra (Gaza City, Gaza Strip). Casualties unknown.",0,,1759789988
PSE47436,2/18/2024,2024,1,Political violence,Explosions/Remote violence,Air/drone strike,Military Forces of Israel (2022-),,8,Civilians (Palestine),,7,78,Civilian targeting,275,Middle East,Palestine,Gaza Strip,Gaza City,,Gaza - Nasr,31.534,34.4574,1,Palestine News and Information Agency,National,"On 18 February 2024, Israeli warplanes struck houses in Gaza - Nasr (Gaza City, Gaza Strip). Casualties unknown.",0,,1753955113
PSE47449,2/18/2024,2024,1,Political violence,Explosions/Remote violence,Air/drone strike,Military Forces of Israel (2022-),,8,Civilians (Palestine),,7,78,Civilian targeting,275,Middle East,Palestine,Gaza Strip,Gaza City,,Gaza - Southern Remal,31.5168,34.4355,1,Palestine News and Information Agency,National,"On 18 February 2024, Israeli warplanes struck houses in Gaza - Southern Remal (Gaza City, Gaza Strip). Casualties unknown.",0,,1759789988
PSE47500,2/18/2024,2024,1,Political violence,Explosions/Remote violence,Air/drone strike,Military Forces of Israel (2022-),,8,Civilians (Palestine),,7,78,Civilian targeting,275,Middle East,Palestine,Gaza Strip,Rafah,,Rafah,31.287,34.2595,1,Palestine News and Information Agency,National,"On 18 February 2024, Israeli warplanes struck 9 houses in Rafah city (Rafah, Gaza Strip), killing 13 Palestinians and injuring dozens.",13,,1762829569
PSE47245,2/18/2024,2024,1,Political violence,Explosions/Remote violence,Air/drone strike,Military Forces of Israel (2022-),,8,Civilians (Palestine),,7,78,Civilian targeting,275,Middle East,Palestine,Gaza Strip,Gaza City,,Gaza - Az Zaytun,31.4964,34.4522,1,Newpress; Palestine News and Information Agency; Quds News Network; Twitter,New media-National,"On 18 February 2024, Israeli warplanes struck houses in Gaza - Az Zaytun (Gaza City, Gaza Strip), leaving 10 fatalities in Gaza City, coded to this location. Also, 5 Palestinians were killed in an airstrike targeted a gathering of people while waiting truck aid at the Kuwait roundabout. Total fatalities coded as 15. This event involved violence over aid.",15,,1759789988
PSE81698,2/18/2024,2024,1,Political violence,Violence against civilians,Attack,Unidentified Communal Militia (Palestine),,4,Civilians (Palestine),WFP: World Food Programme,7,47,Civilian targeting,275,Middle East,Palestine,Gaza Strip,Gaza City,,Gaza,31.5045,34.4743,2,World Food Programme,Other,"On 18 February 2024, armed men (likely gangs) opened fire at aid trucks belonging to the WFP while en route from Deir El Balah toward Gaza city (Gaza Strip) in an attempt to loot aid supplies. Casualties unknown.",0,,1759790065
PSE47372,2/19/2024,2024,1,Political violence,Explosions/Remote violence,Shelling/artillery/missile attack,Military Forces of Israel (2022-),,8,Civilians (Palestine),,7,78,Civilian targeting,275,Middle East,Palestine,Gaza Strip,Khan Yunis,,Al Qararah,31.3739,34.3409,1,Quds News Network; Twitter,New media-National,"On 19 February 2024, Israeli artillery opened fire and shelled the Al Qararah (Khan Yunis, Gaza Strip), killing a Palestinian.",1,,1753955113
PSE47482,2/19/2024,2024,1,Political violence,Explosions/Remote violence,Shelling/artillery/missile attack,Military Forces of Israel (2022-),,8,Civilians (Palestine),,7,78,Civilian targeting,275,Middle East,Palestine,Gaza Strip,Khan Yunis,,Khan Yunis - West (Municipal Stadium),31.3484,34.2961,2,Palestine News and Information Agency; Quds News Network; Twitter,New media-National,"On 19 February 2024, Israeli artillery and tanks shelled targets and opened fire west of Khan Yunis and in the vicinity of Nasser hospital (coded to Khan Yunis - West (Municipal Stadium), Gaza Strip), leaving 5 fatalities.",5,,1753955113
PSE47355,2/19/2024,2024,1,Political violence,Explosions/Remote violence,Air/drone strike,Military Forces of Israel (2022-),,8,Civilians (Palestine),Refugees/IDPs (Palestine),7,78,Civilian targeting,275,Middle East,Palestine,Gaza Strip,Deir El Balah,,Al Burayj,31.4394,34.4031,1,Palestine News and Information Agency,National,"On 19 February 2024, Israeli warplanes and artillery struck houses in Al Burayj refugee camp (Deir El Balah, Gaza Strip). Casualties unknown.",0,,1753955113
PSE47358,2/19/2024,2024,1,Political violence,Explosions/Remote violence,Air/drone strike,Military Forces of Israel (2022-),,8,Civilians (Palestine),Refugees/IDPs (Palestine),7,78,Civilian targeting,275,Middle East,Palestine,Gaza Strip,Deir El Balah,,Al Maghazi,31.4214,34.3865,1,Palestine News and Information Agency,National,"On 19 February 2024, Israeli warplanes and artillery struck houses in Al Maghazi refugee camp (Deir El Balah, Gaza Strip). Casualties unknown.",0,,1753955113
PSE47381,2/19/2024,2024,1,Political violence,Explosions/Remote violence,Air/drone strike,Military Forces of Israel (2022-),,8,Civilians (Palestine),,7,78,Civilian targeting,275,Middle East,Palestine,Gaza Strip,Deir El Balah,,An Nusayrat,31.4486,34.3925,1,Liveuamap; Palestine News and Information Agency; Twitter,Local partner-New media,"On 19 February 2024, Israeli warplanes and artillery struck houses in An Nusayrat refugee camp (Deir El Balah, Gaza Strip). Casualties unknown.",0,,1753955113
PSE47388,2/19/2024,2024,1,Political violence,Explosions/Remote violence,Air/drone strike,Military Forces of Israel (2022-),,8,Civilians (Palestine),,7,78,Civilian targeting,275,Middle East,Palestine,Gaza Strip,Deir El Balah,,Az Zawayda,31.4284,34.366,1,Palestine News and Information Agency,National,"On 19 February 2024, Israeli warplanes and artillery struck houses in Az Zawayda (Deir El Balah, Gaza Strip). Casualties unknown.",0,,1767742780
PSE47421,2/19/2024,2024,1,Political violence,Explosions/Remote violence,Shelling/artillery/missile attack,Military Forces of Israel (2022-),,8,Civilians (Palestine),,7,78,Civilian targeting,275,Middle East,Palestine,Gaza Strip,Deir El Balah,,Deir al Balah Camp,31.4249,34.34,2,Newpress; PLO Negotiations Affairs Department; Quds News Network; Twitter,Other-New media,"On 19 February 2024, Israeli artillery and tanks shelled targets (including a house) east of Deir El Balah, coded to Deir al Balah Camp (Deir al Balah, Gaza Strip). Casualties unknown.",0,,1765850627
PSE47632,2/19/2024,2024,1,Political violence,Explosions/Remote violence,Air/drone strike,Military Forces of Israel (2022-),,8,Civilians (Palestine),,7,78,Civilian targeting,275,Middle East,Palestine,Gaza Strip,Deir El Balah,,Deir al Balah,31.4178,34.3503,2,Palestine News and Information Agency; Quds News Network; Twitter,New media-National,"On 19 February 2024, Israeli warplanes and artillerystruck houses in several locations of central Gaza (coded to Deir al Balah city (Deir El Balah, Gaza Strip), leaving 10 fatalities, coded to this location.",10,,1753955113
PSE47405,2/19/2024,2024,1,Political violence,Explosions/Remote violence,Shelling/artillery/missile attack,Military Forces of Israel (2022-),,8,Civilians (Palestine),,7,78,Civilian targeting,275,Middle East,Palestine,Gaza Strip,North Gaza,,Beit Lahiya,31.5541,34.5016,1,Al-Ittihad; Arab 48; Palestine News and Information Agency; Quds News Network; Twitter,New media-National,"On 19 February 2024, Israeli tanks shelled targets in the vicinity of the Indonesian hospital in Beit Lahiya (North Gaza, Gaza Strip), killing a Palestinian.",1,,1753955113
PSE47439,2/19/2024,2024,1,Political violence,Explosions/Remote violence,Air/drone strike,Military Forces of Israel (2022-),,8,Civilians (Palestine),,7,78,Civilian targeting,275,Middle East,Palestine,Gaza Strip,Gaza City,,Gaza - Sabra,31.5086,34.4493,1,Al-Ittihad; Arab 48; Liveuamap; Palestine News and Information Agency; Quds News Network; Twitter,Local partner-New media,"On 19 February 2024, Israeli warplanes and artillery struck a house in Gaza - Sabra (Gaza City, Gaza Strip), killing 5 Palestinians and injuring 3 persons.",5,,1759789988
PSE47362,2/19/2024,2024,1,Political violence,Explosions/Remote violence,Shelling/artillery/missile attack,Military Forces of Israel (2022-),,8,Civilians (Palestine),Refugees/IDPs (Palestine),7,78,Civilian targeting,275,Middle East,Palestine,Gaza Strip,Rafah,,Al Mawasi (Rafah),31.3294,34.2299,1,Palestine News and Information Agency,National,"On 19 February 2024, Israeli gunboats opened fire near the areas hosting displaced people in Al Mawasi (Rafah) - Gaza Strip, injuring a number of civilians.",0,,1762829569
PSE47450,2/19/2024,2024,1,Political violence,Explosions/Remote violence,Air/drone strike,Military Forces of Israel (2022-),,8,Civilians (Palestine),,7,78,Civilian targeting,275,Middle East,Palestine,Gaza Strip,Gaza City,,Gaza - Southern Remal,31.5168,34.4355,1,Palestine News and Information Agency; Quds News Network; Twitter,New media-National,"On 19 February 2024, Israeli warplanes struck 2 houses in Gaza - Southern Remal (Gaza City, Gaza Strip), leaving a number of injuries and causing a fire.",0,,1759789988
PSE47382,2/19/2024,2024,1,Political violence,Explosions/Remote violence,Air/drone strike,Military Forces of Israel (2022-),,8,Civilians (Palestine),,7,78,Civilian targeting,275,Middle East,Palestine,Gaza Strip,Deir El Balah,,An Nusayrat - West,31.4525,34.3756,1,Palestine News and Information Agency; Palestinian Ministry of Health,Other-National,"On 19 February 2024, Israeli warplanes and artillery struck a house west of An Nusayrat camp (An Nusayrat - West, Deir El Balah, Gaza Strip), leaving an unspecified number of fatalities. [Palestinian Ministry of Health reported 29195 fatalities upto 19 February 2024. 30 fatalities not attributed to specific events split across 2 events on 19 Febraury. 15 fatalities coded to this event.]",15,,1753955113
PSE47227,2/19/2024,2024,1,Political violence,Explosions/Remote violence,Shelling/artillery/missile attack,Military Forces of Israel (2022-),,8,Civilians (Palestine),Fishers (Palestine),7,78,Civilian targeting,275,Middle East,Palestine,Gaza Strip,,,Coast of Gaza Strip,31.5032,34.2877,2,Quds News Network; Twitter,New media-National,"On 19 February 2024, Israeli gunboats opened fire toward Palestinian fishing boats off the Coast of Gaza Strip (Gaza Strip). Casualties unknown.",0,,1753955113
PSE47512,2/19/2024,2024,1,Political violence,Explosions/Remote violence,Shelling/artillery/missile attack,Military Forces of Israel (2022-),,8,Civilians (Palestine),,7,78,Civilian targeting,275,Middle East,Palestine,Gaza Strip,Rafah,,Yibna,31.2842,34.2482,2,PLO Negotiations Affairs Department; Quds News Network; Twitter,Other-New media,"On 19 February 2024, Israeli artillery and tanks shelled targets (including a house) east of Rafah, coded to Yibna (coded to Yibna, Gaza Strip). Casualties unknown.",0,,1753955113
PSE47433,2/19/2024,2024,1,Political violence,Explosions/Remote violence,Air/drone strike,Military Forces of Israel (2022-),,8,Civilians (Palestine),,7,78,Civilian targeting,275,Middle East,Palestine,Gaza Strip,Gaza City,,Gaza - Az Zaytun,31.4964,34.4522,1,Al-Ittihad; Palestine News and Information Agency; Palestinian Ministry of Health; Quds News Network; Twitter,Other-New media,"On 19 February 2024, Israeli warplanes struck at least 3 houses in Gaza - Az Zaytun (Gaza City, Gaza Strip), leaving an unspecified number of fatalities and injuries. Also, 3 persons were injured by artillery fire. [Palestinian Ministry of Health reported 29195 fatalities upto 19 February 2024. 30 fatalities not attributed to specific events split across 2 events on 19 Febraury. 15 fatalities coded to this event.]",15,,1759789988
PSE47453,2/19/2024,2024,1,Political violence,Explosions/Remote violence,Air/drone strike,Military Forces of Israel (2022-),,8,Civilians (Palestine),,7,78,Civilian targeting,275,Middle East,Palestine,Gaza Strip,Gaza City,,Gaza - Tal el Hawa,31.5041,34.435,1,Al-Ittihad; Palestine News and Information Agency,National-Regional,"On 19 February 2024, Israeli warplanes and artillery struck a house in Gaza - Tal el Hawa (Gaza City, Gaza Strip). Casualties unknown.",0,,1759789988
PSE47492,2/19/2024,2024,1,Political violence,Explosions/Remote violence,Air/drone strike,Military Forces of Israel (2022-),,8,Civilians (Palestine),,7,78,Civilian targeting,275,Middle East,Palestine,Gaza Strip,Rafah,,Rafah Camp,31.2847,34.2546,1,Palestine News and Information Agency,National,"On 19 February 2024, Israeli warplanes struck 2 houses in Al Shaboura camp in Mukhayyam Rafah refugee camp (Rafah Camp, Gaza Strip). Casualties unknown.",0,,1753955113
PSE47427,2/19/2024,2024,1,Political violence,Explosions/Remote violence,Air/drone strike,Military Forces of Israel (2022-),,8,Civilians (Palestine),,7,78,Civilian targeting,275,Middle East,Palestine,Gaza Strip,Gaza City,,Gaza - Ash Shaykh Ijlin,31.5098,34.4274,1,Al-Ittihad; Palestine News and Information Agency,National-Regional,"On 19 February 2024, Israeli warplanes opened fire toward Palestinians who were waiting for aid trucks in Gaza - Ash Shaykh Ijlin (Gaza City, Gaza Strip), injuring several persons. This event involved violence over aid.",0,,1754946060
PSE47225,2/20/2024,2024,1,Political violence,Violence against civilians,Attack,Military Forces of Israel (2022-),,8,Civilians (Palestine),,7,78,Civilian targeting,275,Middle East,Palestine,Gaza Strip,Khan Yunis,,Abasan al Kabirah,31.3191,34.3401,1,Newpress; Quds News Network; Twitter,New media-National,"On 20 February 2024, Israeli soldiers shot dead a Palestinian in Abasan al Kabirah (Khan Yunis, Gaza Strip).",1,,1753955113
PSE47525,2/20/2024,2024,1,Political violence,Explosions/Remote violence,Air/drone strike,Military Forces of Israel (2022-),,8,Civilians (Palestine),,7,78,Civilian targeting,275,Middle East,Palestine,Gaza Strip,Khan Yunis,,Khan Yunis,31.3502,34.3081,1,Palestine News and Information Agency,National,"On 20 February 2024, Israeli warplanes and artillery struck residential areas in Khan Yunis city (Khan Yunis, Gaza Strip), leaving 6 fatalities and injuring 15 persons.",6,,1753955113
PSE47537,2/20/2024,2024,1,Political violence,Explosions/Remote violence,Shelling/artillery/missile attack,Military Forces of Israel (2022-),,8,Civilians (Palestine),,7,78,Civilian targeting,275,Middle East,Palestine,Gaza Strip,Khan Yunis,,Khan Yunis - Al Amal,31.3544,34.3007,1,Newpress; Palestine News and Information Agency; Quds News Network; Twitter,New media-National,"On 20 February 2024, Israeli artillery shelled the Al Amal hospital complex in Khan Yunis - Al Amal (Khan Yunis, Gaza Strip), injuring 3 civilians and causing damage to a building.",0,,1753955113
PSE47547,2/20/2024,2024,1,Political violence,Explosions/Remote violence,Shelling/artillery/missile attack,Military Forces of Israel (2022-),,8,Civilians (Palestine),,7,78,Civilian targeting,275,Middle East,Palestine,Gaza Strip,Khan Yunis,,Al Mawasi (Khan Yunis),31.3482,34.2547,1,Newpress; Quds News Network; Twitter,New media-National,"On 20 February 2024, 6 Palestinians were killed (likely by Israeli artillery fire) in Al Mawasi (Khan Yunis) - Gaza Strip.",6,,1762829569
PSE47554,2/20/2024,2024,1,Political violence,Explosions/Remote violence,Air/drone strike,Military Forces of Israel (2022-),,8,Civilians (Palestine),,7,78,Civilian targeting,275,Middle East,Palestine,Gaza Strip,Khan Yunis,,Khan Yunis - West (Municipal Stadium),31.3484,34.2961,2,Quds News Network; Twitter,New media-National,"On 20 February 2024, Israeli warplanes carried out airstrikes in Khan Yunis camp west of Khan Yunis, (coded to Khan Yunis - West (Municipal Stadium), Gaza Strip), several Palestinians were injured. Also, 2 Palestinians were killed, and 8 more were injured in Al Rasheed Street west of Khan Yunis (likely by airstrikes). The total fatalities were 2.",2,,1753955113
PSE47557,2/20/2024,2024,1,Political violence,Explosions/Remote violence,Air/drone strike,Military Forces of Israel (2022-),,8,Civilians (Palestine),,7,78,Civilian targeting,275,Middle East,Palestine,Gaza Strip,Khan Yunis,,Khuzaa,31.3069,34.3572,1,Quds News Network; Twitter,New media-National,"On 20 February 2024, Israeli warplanes carried out airstrikes in Khuzaa (Khan Yunis, Gaza Strip), killing 8 Palestinians.",8,,1753955113
PSE47528,2/20/2024,2024,1,Political violence,Explosions/Remote violence,Air/drone strike,Military Forces of Israel (2022-),,8,Civilians (Palestine),Refugees/IDPs (Palestine),7,78,Civilian targeting,275,Middle East,Palestine,Gaza Strip,Deir El Balah,,An Nusayrat,31.4486,34.3925,1,Arab 48; Ma'an News Agency; Newpress; Palestine News and Information Agency; Quds News Network; Twitter,New media-National,"On 20 February 2024, Israeli warplanes struck houses in An Nusayrat refugee camp (Deir El Balah, Gaza Strip), leaving 14 fatalities and a number of injuries.",14,,1753955113
PSE47529,2/20/2024,2024,1,Political violence,Explosions/Remote violence,Air/drone strike,Military Forces of Israel (2022-),,8,Civilians (Palestine),Refugees/IDPs (Palestine),7,78,Civilian targeting,275,Middle East,Palestine,Gaza Strip,Deir El Balah,,Al Burayj,31.4394,34.4031,1,Palestine News and Information Agency,National,"On 20 February 2024, Israeli warplanes struck houses in Al Burayj refugee camp (Deir El Balah, Gaza Strip). Casualties unknown.",0,,1753955113
PSE47530,2/20/2024,2024,1,Political violence,Explosions/Remote violence,Air/drone strike,Military Forces of Israel (2022-),,8,Civilians (Palestine),Refugees/IDPs (Palestine),7,78,Civilian targeting,275,Middle East,Palestine,Gaza Strip,Deir El Balah,,Al Maghazi,31.4214,34.3865,1,Palestine News and Information Agency,National,"On 20 February 2024, Israeli warplanes struck houses in Al Maghazi refugee camp (Deir El Balah, Gaza Strip). Casualties unknown.",0,,1753955113
PSE47531,2/20/2024,2024,1,Political violence,Explosions/Remote violence,Air/drone strike,Military Forces of Israel (2022-),,8,Civilians (Palestine),,7,78,Civilian targeting,275,Middle East,Palestine,Gaza Strip,Deir El Balah,,Deir al Balah,31.4178,34.3503,1,Ma'an News Agency; Palestine News and Information Agency; Quds News Network; Twitter,New media-National,"On 20 February 2024, Israeli warplanes struck houses in Deir al Balah city (Deir El Balah, Gaza Strip), leaving 12 fatalities and 10 injuries.",12,,1753955113
PSE47538,2/20/2024,2024,1,Political violence,Explosions/Remote violence,Air/drone strike,Military Forces of Israel (2022-),,8,Civilians (Palestine),,7,78,Civilian targeting,275,Middle East,Palestine,Gaza Strip,Deir El Balah,,Wadi as Salqa,31.4005,34.3375,2,Ma'an News Agency; Newpress; Quds News Network; Twitter,New media-National,"On 20 February 2024, Israeli warplanes struck a house south in Deir al Balah city (coded to Wadi as Salqa) (Deir El Balah, Gaza Strip), killing 15 Palestinians and injuring several of others.",15,,1753955113
PSE47553,2/20/2024,2024,1,Political violence,Explosions/Remote violence,Air/drone strike,Military Forces of Israel (2022-),,8,Civilians (Palestine),,7,78,Civilian targeting,275,Middle East,Palestine,Gaza Strip,Deir El Balah,,An Nusayrat - West,31.4525,34.3756,1,Quds News Network; Twitter,New media-National,"On 20 February 2024, Israeli warplanes carried out airstrikes targeting a house west of An Nusayrat camp (An Nusayrat - West, Deir El Balah, Gaza Strip), killing a Palestinian and injuring several of others.",1,,1753955113
PSE47552,2/20/2024,2024,1,Political violence,Explosions/Remote violence,Air/drone strike,Military Forces of Israel (2022-),,8,Civilians (Palestine),,7,78,Civilian targeting,275,Middle East,Palestine,Gaza Strip,North Gaza,,Beit Lahiya,31.5541,34.5016,1,Quds News Network; Twitter,New media-National,"On 20 February 2024, Israeli warplanes carried out airstrike in Beit Lahiya (North Gaza, Gaza Strip), injuring a number of Palestinians.",0,,1753955113
PSE47534,2/20/2024,2024,1,Political violence,Explosions/Remote violence,Shelling/artillery/missile attack,Military Forces of Israel (2022-),,8,Civilians (Palestine),,7,78,Civilian targeting,275,Middle East,Palestine,Gaza Strip,Gaza City,,Gaza - Sabra,31.5086,34.4493,1,Arab 48; Newpress; Palestine News and Information Agency; Twitter,New media-National,"On 20 February 2024, Israeli artillery shelled targets in Gaza - Sabra (Gaza City, Gaza Strip), leaving 5 fatalities and 3 injuries.",5,,1759789988
PSE47527,2/20/2024,2024,1,Political violence,Explosions/Remote violence,Air/drone strike,Military Forces of Israel (2022-),,8,Civilians (Palestine),,7,78,Civilian targeting,275,Middle East,Palestine,Gaza Strip,Rafah,,Tal as Sultan,31.3098,34.2414,2,Palestine News and Information Agency,National,"On 20 February 2024, Israeli warplanes struck targets west of Rafah city, coded to Tal as Sultan (Rafah, Gaza Strip), injuring a number of Palestinians.",0,,1762829569
PSE47224,2/20/2024,2024,1,Political violence,Explosions/Remote violence,Air/drone strike,Military Forces of Israel (2022-),,8,Civilians (Palestine),,7,78,Civilian targeting,275,Middle East,Palestine,Gaza Strip,Rafah,,Yibna,31.2842,34.2482,2,PLO Negotiations Affairs Department; Quds News Network; Twitter,Other-New media,"On 20 February 2024, Israeli warplanes carried out airstrikes in Al Jawazat and Al Junainah areas east of Rafah, coded to Yibna (coded to Yibna, Gaza Strip), killing 8 Palestinians from the same family after targeting their house. Meanwhile, Israeli artillery and tanks shelled targets east of Rafah.",8,,1753955113
PSE47446,2/20/2024,2024,1,Political violence,Explosions/Remote violence,Air/drone strike,Military Forces of Israel (2022-),,8,Civilians (Palestine),,7,78,Civilian targeting,275,Middle East,Palestine,Gaza Strip,Gaza City,,Gaza - Az Zaytun,31.4964,34.4522,1,Arab 48; Liveuamap; Palestine News and Information Agency; Quds News Network; Twitter,Local partner-New media,"On 20 February 2024, Israeli military forces raided Gaza - Az Zaytun (Gaza City, Gaza Strip) amid continuing airstrikes and artillery fire that targeted houses, killing at least 15 Palestinians and injuring dozens. Additionally, Israeli UAVs opened fire on Palestinians walking between streets. And thousands of Palestinians were forced to flee to the western areas of Gaza City. Also, in a separate incident dozens of Palestinians were killed and injured after being targeted by warplanes and tanks. The total fatalities were coded as at least 21 (15 confirmed and 6 unknown).",21,,1759789988
PSE47526,2/20/2024,2024,1,Political violence,Explosions/Remote violence,Air/drone strike,Military Forces of Israel (2022-),,8,Civilians (Palestine),,7,78,Civilian targeting,275,Middle East,Palestine,Gaza Strip,Rafah,,Rafah,31.287,34.2595,1,Jerusalem Post; Newpress; Palestine News and Information Agency; Quds News Network; Twitter,New media-National,"On 20 February 2024, Israeli warplanes struck targets in Rafah city (Rafah, Gaza Strip), injuring a number of Palestinians. Also, 2 Palestinians were killed in an airstrike that targeted a passing car in the same area.",2,,1762829569
PSE47544,2/20/2024,2024,1,Political violence,Explosions/Remote violence,Air/drone strike,Military Forces of Israel (2022-),,8,Civilians (Palestine),,7,78,Civilian targeting,275,Middle East,Palestine,Gaza Strip,Gaza City,,Gaza - Southern Remal,31.5168,34.4355,2,Palestine News and Information Agency; Quds News Network; Twitter,New media-National,"On 20 February 2024, Israeli warplanes opened fire on Palestinians who were waiting for aid trucks west of Gaza City, coded to Gaza - Southern Remal (Gaza City, Gaza Strip). As a results, 2 Palestinians were killed. This event involved violence over aid.",2,,1759789988
PSE47574,2/21/2024,2024,1,Political violence,Explosions/Remote violence,Air/drone strike,Military Forces of Israel (2022-),,8,Civilians (Palestine),,7,78,Civilian targeting,275,Middle East,Palestine,Gaza Strip,Gaza City,,Gaza - Shujaiyya,31.4988,34.4699,1,Palestine News and Information Agency,National,"On 21 February 2024, Israeli warplanes struck targets in Gaza - Shujaiyya (Gaza City, Gaza Strip), killing a number of Palestinians in Shujaiyya, Tel el Hawa, and Az Zaytoun (coded to this location). Unknown fatalities coded as 3.",3,,1759789988
PSE47576,2/21/2024,2024,1,Political violence,Explosions/Remote violence,Shelling/artillery/missile attack,Military Forces of Israel (2022-),,8,Civilians (Palestine),,7,78,Civilian targeting,275,Middle East,Palestine,Gaza Strip,Khan Yunis,,Khan Yunis - West (Municipal Stadium),31.3484,34.2961,2,Palestine News and Information Agency,National,"On 21 February 2024, Israeli artillery struck targets in the vicinity of Nasser Hospital west of Khan Yunis (coded to Khan Yunis - West (Municipal Stadium), Gaza Strip), injuring a number of Palestinians.",0,,1753955113
PSE47588,2/21/2024,2024,1,Political violence,Explosions/Remote violence,Shelling/artillery/missile attack,Military Forces of Israel (2022-),,8,Civilians (Palestine),Refugees/IDPs (Palestine),7,78,Civilian targeting,275,Middle East,Palestine,Gaza Strip,Khan Yunis,,Al Mawasi (Khan Yunis),31.3482,34.2547,1,Newpress; Quds News Network; Twitter,New media-National,"On 21 February 2024, 9 Palestinians were killed and another 11 were injured (likely by Israeli tanks fire) in Al Mawasi (Khan Yunis), Gaza Strip. Also, tanks targeted the tents of displaced people in the same area.",9,,1762829569
PSE47575,2/21/2024,2024,1,Political violence,Explosions/Remote violence,Air/drone strike,Military Forces of Israel (2022-),,8,Civilians (Palestine),Refugees/IDPs (Palestine),7,78,Civilian targeting,275,Middle East,Palestine,Gaza Strip,Deir El Balah,,An Nusayrat,31.4486,34.3925,1,Liveuamap; Newpress; Palestine News and Information Agency; Quds News Network; Twitter,Local partner-New media,"On 21 February 2024, Israeli warplanes struck houses in An Nusayrat refugee camp (Deir El Balah, Gaza Strip), leaving 37 fatalities an dozens of injuries.",37,,1753955113
PSE47577,2/21/2024,2024,1,Political violence,Explosions/Remote violence,Air/drone strike,Military Forces of Israel (2022-),,8,Civilians (Palestine),,7,78,Civilian targeting,275,Middle East,Palestine,Gaza Strip,Deir El Balah,,Deir al Balah,31.4178,34.3503,1,Newpress; Palestine News and Information Agency; Quds News Network; Twitter,New media-National,"On 21 February 2024, Israeli warplanes struck a passing car in Deir al Balah city (Deir El Balah, Gaza Strip), killing 6 Palestinians. Meanwhile, 23 persons were killed in airstrikes that targeted houses in the city. The total fatalities were 29.",29,,1753955113
PSE47581,2/21/2024,2024,1,Political violence,Explosions/Remote violence,Air/drone strike,Military Forces of Israel (2022-),,8,Civilians (Palestine),,7,78,Civilian targeting,275,Middle East,Palestine,Gaza Strip,Deir El Balah,,An Nusayrat - West,31.4525,34.3756,1,Ma'an News Agency; Newpress; Palestine News and Information Agency; Quds News Network; Twitter,New media-National,"On 21 February 2024, Israeli warplanes struck a house west of An Nusayrat camp (An Nusayrat - West, Deir El Balah, Gaza Strip), killing 17 Palestinians and injuring dozens.",17,,1753955113
PSE47583,2/21/2024,2024,1,Political violence,Explosions/Remote violence,Air/drone strike,Military Forces of Israel (2022-),,8,Civilians (Palestine),,7,78,Civilian targeting,275,Middle East,Palestine,Gaza Strip,Khan Yunis,,Hamad,31.3749,34.3193,1,Ma'an News Agency; Palestine News and Information Agency; Quds News Network; Twitter,New media-National,"On 21 February 2024, Israeli warplanes struck a residential tower in Hamad city (Khan Yunis, Gaza Strip). Casualties unknown.",0,,1753955113
PSE47582,2/21/2024,2024,1,Political violence,Explosions/Remote violence,Air/drone strike,Military Forces of Israel (2022-),,8,Civilians (Palestine),,7,78,Civilian targeting,275,Middle East,Palestine,Gaza Strip,Rafah,,Shokat as Sufi,31.2586,34.2824,2,Ma'an News Agency; Palestine News and Information Agency,National,"On 21 February 2024, Israeli warplanes struck a group of Palestinians in Al Barahama area south of Rafah, coded to Shokat as Sufi (Rafah, Gaza Strip), injuring several persons.",0,,1753955113
PSE47579,2/21/2024,2024,1,Political violence,Explosions/Remote violence,Shelling/artillery/missile attack,Military Forces of Israel (2022-),,8,Civilians (Palestine),Refugees/IDPs (Palestine),7,78,Civilian targeting,275,Middle East,Palestine,Gaza Strip,Rafah,,Al Mawasi (Rafah),31.3294,34.2299,1,Palestine News and Information Agency,National,"On 21 February 2024, Israeli gunboats shelled areas hosting displaced people in Al Mawasi (Rafah), Gaza Strip. As a results, several Palestinians were injured.",0,,1762829569
PSE47565,2/21/2024,2024,1,Political violence,Explosions/Remote violence,Air/drone strike,Military Forces of Israel (2022-),,8,Civilians (Palestine),,7,78,Civilian targeting,275,Middle East,Palestine,Gaza Strip,Rafah,,Yibna,31.2842,34.2482,2,PLO Negotiations Affairs Department; Quds News Network; Twitter,Other-New media,"On 21 February 2024, Israeli artillery and tanks shelled targets east of Rafah, coded to Yibna (coded to Yibna, Gaza Strip). Meanwhile, a Palestinian was killed in an airstrike in Al Junainah area east of Rafah.",1,,1753955113
PSE47571,2/21/2024,2024,1,Political violence,Explosions/Remote violence,Air/drone strike,Military Forces of Israel (2022-),,8,Civilians (Palestine),Journalists (Palestine),7,78,Civilian targeting,275,Middle East,Palestine,Gaza Strip,Gaza City,,Gaza - Az Zaytun,31.4964,34.4522,1,Liveuamap; Ma'an News Agency; Palestine News and Information Agency; Quds News Network; Twitter,Local partner-New media,"On 21 February 2024, Israeli forces continued their operations in Gaza - Az Zaytun (Gaza City, Gaza Strip) amid airstrikes and artillery fire that targeted houses and people. As a result, dozens of Palestinians were killed and injured. Fatalities coded as 6. Also, a journalist was killed and a number of Palestinians were injured in an airstrike in the same area. Total fatalities were coded as 7 (1 confirmed and 6 unknown).",7,,1759789988
PSE47580,2/21/2024,2024,1,Political violence,Explosions/Remote violence,Air/drone strike,Military Forces of Israel (2022-),,8,Civilians (Palestine),,7,78,Civilian targeting,275,Middle East,Palestine,Gaza Strip,Rafah,,Rafah,31.287,34.2595,1,Newpress; Palestine News and Information Agency; Quds News Network; Twitter,New media-National,"On 21 February 2024, Israeli warplanes struck a group of people in Rafah city (Rafah, Gaza Strip), killing one Palestinian and injuring several persons.",1,,1762829569
PSE47614,2/22/2024,2024,1,Political violence,Explosions/Remote violence,Air/drone strike,Military Forces of Israel (2022-),,8,Civilians (Palestine),,7,78,Civilian targeting,275,Middle East,Palestine,Gaza Strip,Khan Yunis,,Khan Yunis,31.3502,34.3081,1,Palestine News and Information Agency; Quds News Network; Twitter,New media-National,"On 22 February 2024, Israeli artillery struck targets in Khan Yunis city (Khan Yunis, Gaza Strip). Meanwhile, warplanes struck residential buildings in the city. Casualties unknown.",0,,1753955113
PSE47622,2/22/2024,2024,1,Political violence,Explosions/Remote violence,Air/drone strike,Military Forces of Israel (2022-),,8,Civilians (Palestine),,7,78,Civilian targeting,275,Middle East,Palestine,Gaza Strip,Khan Yunis,,Khan Yunis - West (Municipal Stadium),31.3484,34.2961,2,Palestine News and Information Agency; Quds News Network; Twitter,New media-National,"On 22 February 2024, Israeli warplanes and artillery struck houses west of Khan Yunis city (coded to Khan Yunis - West (Municipal Stadium), Gaza Strip). Casualties unknown.",0,,1753955113
PSE47613,2/22/2024,2024,1,Political violence,Explosions/Remote violence,Air/drone strike,Military Forces of Israel (2022-),,8,Civilians (Palestine),,7,78,Civilian targeting,275,Middle East,Palestine,Gaza Strip,Deir El Balah,,Deir al Balah,31.4178,34.3503,1,Ma'an News Agency; Newpress; Palestine News and Information Agency; Quds News Network; Twitter,New media-National,"On 22 February 2024, Israeli warplanes struck targets and 4 houses in Deir al Balah city (Deir El Balah, Gaza Strip), leaving 40 fatalities and 100 injuries.",40,,1753955113
PSE47619,2/22/2024,2024,1,Political violence,Explosions/Remote violence,Air/drone strike,Military Forces of Israel (2022-),,8,Civilians (Palestine),Refugees/IDPs (Palestine),7,78,Civilian targeting,275,Middle East,Palestine,Gaza Strip,Deir El Balah,,An Nusayrat,31.4486,34.3925,1,Palestine News and Information Agency; Quds News Network; Twitter,New media-National,"On 22 February 2024, Israeli warplanes struck houses in An Nusayrat refugee camp (Deir El Balah, Gaza Strip). Casualties unknown.",0,,1753955113
PSE47620,2/22/2024,2024,1,Political violence,Explosions/Remote violence,Air/drone strike,Military Forces of Israel (2022-),,8,Civilians (Palestine),Refugees/IDPs (Palestine),7,78,Civilian targeting,275,Middle East,Palestine,Gaza Strip,Deir El Balah,,Al Burayj,31.4394,34.4031,1,Palestine News and Information Agency; Quds News Network; Twitter,New media-National,"On 22 February 2024, Israeli warplanes struck houses in Al Burayj refugee camp (Deir El Balah, Gaza Strip), injuring 6 children.",0,,1753955113
PSE47621,2/22/2024,2024,1,Political violence,Explosions/Remote violence,Air/drone strike,Military Forces of Israel (2022-),,8,Civilians (Palestine),Refugees/IDPs (Palestine),7,78,Civilian targeting,275,Middle East,Palestine,Gaza Strip,Deir El Balah,,Al Maghazi,31.4214,34.3865,1,Palestine News and Information Agency,National,"On 22 February 2024, Israeli warplanes struck houses in Al Maghazi refugee camp (Deir El Balah, Gaza Strip). Casualties unknown.",0,,1753955113
PSE47625,2/22/2024,2024,1,Political violence,Explosions/Remote violence,Air/drone strike,Military Forces of Israel (2022-),,8,Civilians (Palestine),,7,78,Civilian targeting,275,Middle East,Palestine,Gaza Strip,Deir El Balah,,Az Zawayda,31.4284,34.366,1,Palestine News and Information Agency,National,"On 22 February 2024, Israeli warplanes struck a house in Az Zawayda (Deir El Balah, Gaza Strip), killing 4 Palestinians.",4,,1767742780
PSE47617,2/22/2024,2024,1,Political violence,Explosions/Remote violence,Air/drone strike,Military Forces of Israel (2022-),,8,Civilians (Palestine),,7,78,Civilian targeting,275,Middle East,Palestine,Gaza Strip,Gaza City,,Gaza - Sabra,31.5086,34.4493,1,Palestine News and Information Agency,National,"On 22 February 2024, Israeli warplanes struck a house in Gaza - Sabra (Gaza City, Gaza Strip), killing 7 persons and injuring others.",7,,1759789988
PSE47624,2/22/2024,2024,1,Political violence,Explosions/Remote violence,Shelling/artillery/missile attack,Military Forces of Israel (2022-),,8,Civilians (Palestine),Refugees/IDPs (Palestine),7,78,Civilian targeting,275,Middle East,Palestine,Gaza Strip,Rafah,,Al Mawasi (Rafah),31.3294,34.2299,1,Palestine News and Information Agency,National,"On 22 February 2024, Israeli gunboats shelled areas hosting displaced people in Al Mawasi (Rafah), Gaza Strip. A number of displaced Palestinians were injured.",0,,1762829569
PSE47638,2/22/2024,2024,1,Political violence,Explosions/Remote violence,Air/drone strike,Military Forces of Israel (2022-),,8,Civilians (Palestine),,7,78,Civilian targeting,275,Middle East,Palestine,Gaza Strip,Rafah,,Tal as Sultan,31.3098,34.2414,1,Quds News Network; Twitter,New media-National,"On 22 February 2024, Israeli warplanes struck a house in Tal as Sultan (Rafah, Gaza Strip). Casualties unknown.",0,,1762829569
PSE47631,2/22/2024,2024,1,Political violence,Explosions/Remote violence,Air/drone strike,Military Forces of Israel (2022-),,8,Civilians (Palestine),Refugees/IDPs (Palestine); UNRWA: United Nations Relief and Works Agency,7,78,Civilian targeting,275,Middle East,Palestine,Gaza Strip,North Gaza,,Jabalya Camp,31.536,34.4907,1,Arab 48; Liveuamap; Newpress; Quds News Network; Twitter,Local partner-New media,"On 22 February 2024, Israeli warplanes struck UNRWA site hosting displaced people in Mukhayyam Jabalya Camp (North Gaza, Gaza Strip), leaving a number of fatalities. Unknown fatalities coded as 3.",3,,1753955113
PSE47639,2/22/2024,2024,1,Political violence,Explosions/Remote violence,Air/drone strike,Military Forces of Israel (2022-),,8,Police Forces of Palestine (2007-) Gaza Strip,Hamas Movement,1,18,,275,Middle East,Palestine,Gaza Strip,North Gaza,,Beit Hanoun - Al-Sekka,31.5463,34.5332,1,Quds News Network; Twitter,New media-National,"On 22 February 2024, Israeli warplanes struck a passing Hamas police vehicle in Beit Hanoun - Al-Sekka (North Gaza, Gaza Strip), killing a Palestinian.",1,,1753955113
PSE47618,2/22/2024,2024,1,Political violence,Explosions/Remote violence,Air/drone strike,Military Forces of Israel (2022-),,8,Civilians (Palestine),,7,78,Civilian targeting,275,Middle East,Palestine,Gaza Strip,Gaza City,,Gaza - Southern Remal,31.5168,34.4355,1,Palestine News and Information Agency,National,"On 22 February 2024, Israeli warplanes struck a house in Gaza - Southern Remal (Gaza City, Gaza Strip), leaving a number of fatalities and injuries. [On 23 January 2025, 4 bodies were recovered from under the rubble in Gaza - Southern Remal. These fatalities were coded to this event].",4,,1759789988
PSE47604,2/22/2024,2024,1,Political violence,Explosions/Remote violence,Air/drone strike,Military Forces of Israel (2022-),,8,Civilians (Palestine),,7,78,Civilian targeting,275,Middle East,Palestine,Gaza Strip,Rafah,,Yibna,31.2842,34.2482,2,Palestine News and Information Agency; PLO Negotiations Affairs Department,Other-National,"On 22 February 2024, Israeli artillery and tanks shelled targets east of Rafah, coded to Yibna (coded to Yibna, Gaza Strip). Meanwhile, warplanes struck houses in Al Junainah area east of the city. Also, a Palestinian was killed by an airstrike in Al Madakha area east of Rafah.",1,,1753955113
PSE47616,2/22/2024,2024,1,Political violence,Explosions/Remote violence,Air/drone strike,Military Forces of Israel (2022-),,8,Civilians (Palestine),,7,78,Civilian targeting,275,Middle East,Palestine,Gaza Strip,Gaza City,,Gaza - Az Zaytun,31.4964,34.4522,1,Palestine News and Information Agency,National,"On 22 February 2024, Israeli forces launched airstrikes and artillery fire that targeted houses in Gaza - Az Zaytun (Gaza City, Gaza Strip). As a result, 20 Palestinians were killed and dozens were injured.",20,,1759789988
PSE47637,2/22/2024,2024,1,Political violence,Explosions/Remote violence,Air/drone strike,Military Forces of Israel (2022-),,8,Civilians (Palestine),,7,78,Civilian targeting,275,Middle East,Palestine,Gaza Strip,North Gaza,,Jabalya,31.5272,34.4835,1,Quds News Network; Twitter,New media-National,"On 22 February 2024, Israeli warplanes struck 2 houses in Jabalya town (North Gaza, Gaza Strip). Casualties unknown.",0,,1759789988
PSE47610,2/22/2024,2024,1,Political violence,Explosions/Remote violence,Air/drone strike,Military Forces of Israel (2022-),,8,Civilians (Palestine),Refugees/IDPs (Palestine),7,78,Civilian targeting,275,Middle East,Palestine,Gaza Strip,Rafah,,Rafah Camp,31.2847,34.2546,1,Palestine News and Information Agency; Quds News Network; Twitter,New media-National,"On 22 February 2024, Israeli warplanes struck houses and a mosque in Al Shaboura refugee camp of Mukhayyam Rafah (Rafah Camp, Gaza Strip), injuring a number of Palestinians.",0,,1753955113
PSE47611,2/22/2024,2024,1,Political violence,Explosions/Remote violence,Air/drone strike,Military Forces of Israel (2022-),,8,Civilians (Palestine),Muslim Group (Palestine),7,78,Civilian targeting,275,Middle East,Palestine,Gaza Strip,Rafah,,Rafah,31.287,34.2595,1,Newpress; Palestine News and Information Agency; Twitter,New media-National,"On 22 February 2024, Israeli warplanes struck houses and a mosque in Rafah city (Rafah, Gaza Strip), killing 7 Palestinians and injuring several of others.",7,,1762829569
PSE47615,2/22/2024,2024,1,Political violence,Explosions/Remote violence,Air/drone strike,Military Forces of Israel (2022-),,8,Civilians (Palestine),,7,78,Civilian targeting,275,Middle East,Palestine,Gaza Strip,Khan Yunis,,Khan Yunis - Jourat Al-Loot,31.3314,34.3004,2,Palestine News and Information Agency,National,"On 22 February 2024, Israeli warplanes and artillery struck targets and houses south of Khan Yunis, coded to Khan Yunis - Jourat Al-Loot (Khan Yunis, Gaza Strip). Casualties unknown.",0,,1753955113
PSE47645,2/23/2024,2024,1,Political violence,Explosions/Remote violence,Air/drone strike,Military Forces of Israel (2022-),,8,Civilians (Palestine),,7,78,Civilian targeting,275,Middle East,Palestine,Gaza Strip,Khan Yunis,,Bani Suheila,31.3424,34.325,2,Palestine News and Information Agency; PLO Negotiations Affairs Department; Quds News Network; Twitter,Other-New media,"On 23 February 2024, Israeli artillery and tanks shelled targets east of Khan Yunis, coded to Bani Suheila (Khan Yunis, Gaza Strip). Meanwhile, warplanes struck a group of Palestinians gathered east of the city, killing 9 persons and injuring a number of others.",9,,1753955113
PSE47678,2/23/2024,2024,1,Political violence,Explosions/Remote violence,Air/drone strike,Military Forces of Israel (2022-),,8,Civilians (Palestine),,7,78,Civilian targeting,275,Middle East,Palestine,Gaza Strip,Gaza City,,Gaza,31.5045,34.4743,1,Quds News Network,National,"On 23 February 2024, Israeli warplanes struck a group of Palestinians at the Nablusi roundabout in Gaza city (Gaza Strip), killing 15 persons.",15,,1759789988
PSE47658,2/23/2024,2024,1,Political violence,Explosions/Remote violence,Air/drone strike,Military Forces of Israel (2022-),,8,Civilians (Palestine),,7,78,Civilian targeting,275,Middle East,Palestine,Gaza Strip,Deir El Balah,,Deir al Balah,31.4178,34.3503,1,Ma'an News Agency; Palestine News and Information Agency; Quds News Network; Twitter,New media-National,"On 23 February 2024, Israeli warplanes struck a house in Deir al Balah city (Deir El Balah, Gaza Strip), killing 24 Palestinians, including women and children, and injuring a number of others.",24,,1753955113
PSE47659,2/23/2024,2024,1,Political violence,Explosions/Remote violence,Air/drone strike,Military Forces of Israel (2022-),,8,Civilians (Palestine),,7,78,Civilian targeting,275,Middle East,Palestine,Gaza Strip,Deir El Balah,,Al Maghazi,31.4214,34.3865,2,Newpress; Palestine News and Information Agency; Twitter,New media-National,"On 23 February 2024, Israeli warplanes struck a house north of Al Maghazi camp (Deir El Balah, Gaza Strip), injuring a number of Palestinians.",0,,1753955113
PSE47667,2/23/2024,2024,1,Political violence,Explosions/Remote violence,Air/drone strike,Military Forces of Israel (2022-),,8,Civilians (Palestine),Refugees/IDPs (Palestine),7,78,Civilian targeting,275,Middle East,Palestine,Gaza Strip,Deir El Balah,,Al Maghazi,31.4214,34.3865,1,Arab 48,National,"On 23 February 2024, Israeli warplanes struck a house in Al Maghazi camp (Deir El Balah, Gaza Strip). Casualties unknown.",0,,1753955113
PSE47660,2/23/2024,2024,1,Political violence,Explosions/Remote violence,Air/drone strike,Military Forces of Israel (2022-),,8,Civilians (Palestine),,7,78,Civilian targeting,275,Middle East,Palestine,Gaza Strip,Deir El Balah,,An Nusayrat - West,31.4525,34.3756,1,Palestine News and Information Agency,National,"On 23 February 2024, Israeli warplanes struck a group of Palestinians at the An Nusayrat beach west of An Nusayrat camp (An Nusayrat - West, Deir El Balah, Gaza Strip), injuring a number of persons.",0,,1753955113
PSE47428,2/23/2024,2024,1,Political violence,Explosions/Remote violence,Shelling/artillery/missile attack,Military Forces of Israel (2022-),,8,Civilians (Palestine),Fishers (Palestine),7,78,Civilian targeting,275,Middle East,Palestine,Gaza Strip,Gaza City,,Coast of Gaza City,31.5304,34.4215,2,Arab 48,National,"On 23 February 2024, Israeli gunboats opened fire toward Palestinian fishers off the Coast of Gaza City (Gaza Strip). Casualties unknown.",0,,1753955113
PSE47646,2/23/2024,2024,1,Political violence,Explosions/Remote violence,Air/drone strike,Military Forces of Israel (2022-),,8,Civilians (Palestine),,7,78,Civilian targeting,275,Middle East,Palestine,Gaza Strip,Rafah,,Yibna,31.2842,34.2482,2,Palestine News and Information Agency; PLO Negotiations Affairs Department,Other-National,"On 23 February 2024, Israeli artillery and tanks shelled targets east of Rafah, coded to Yibna (coded to Yibna, Gaza Strip). Meanwhile, warplanes struck a house east of Rafah, killing 6 persons and number of injuries.",6,,1753955113
PSE47652,2/23/2024,2024,1,Political violence,Explosions/Remote violence,Air/drone strike,Military Forces of Israel (2022-),,8,Civilians (Palestine),Refugees/IDPs (Palestine),7,78,Civilian targeting,275,Middle East,Palestine,Gaza Strip,Rafah,,Yibna,31.2842,34.2482,1,Palestine News and Information Agency,National,"On 23 February 2024, Israeli warplanes struck a house in the refugee camp of Yibna (Rafah, Gaza Strip), injuring a number of Palestinians.",0,,1753955113
PSE47657,2/23/2024,2024,1,Political violence,Explosions/Remote violence,Air/drone strike,Military Forces of Israel (2022-),,8,Civilians (Palestine),,7,78,Civilian targeting,275,Middle East,Palestine,Gaza Strip,Gaza City,,Gaza - Az Zaytun,31.4964,34.4522,1,Newpress; Palestine News and Information Agency; Twitter,New media-National,"On 23 February 2024, Israeli warplanes carried out airstrikes in Gaza - Az Zaytun (Gaza City, Gaza Strip), injuring an number of Palestinians. Meanwhile, Israeli artillery shelled targets in the same area.",0,,1759789988
PSE47681,2/24/2024,2024,1,Political violence,Explosions/Remote violence,Air/drone strike,Military Forces of Israel (2022-),,8,Civilians (Palestine),,7,78,Civilian targeting,275,Middle East,Palestine,Gaza Strip,Khan Yunis,,Abasan al Kabirah,31.3191,34.3401,2,Quds News Network; Twitter,New media-National,"On 24 February 2024, Israeli warplanes opened fire at Palestinian houses east of Abasan al Kabirah (Khan Yunis, Gaza Strip). Casualties unknown.",0,,1753955113
PSE47714,2/24/2024,2024,1,Political violence,Explosions/Remote violence,Air/drone strike,Military Forces of Israel (2022-),,8,Civilians (Palestine),,7,78,Civilian targeting,275,Middle East,Palestine,Gaza Strip,Khan Yunis,,Al Mawasi (Khan Yunis),31.3482,34.2547,1,Newpress; Twitter,New media-National,"On 24 February 2024, Israeli UAVs opened fire in Al Mawasi (Khan Yunis), Gaza Strip. As a result, several Palestinians were injured.",0,,1762829569
PSE47850,2/24/2024,2024,1,Political violence,Explosions/Remote violence,Shelling/artillery/missile attack,Military Forces of Israel (2022-),,8,Civilians (Palestine),,7,78,Civilian targeting,275,Middle East,Palestine,Gaza Strip,Gaza City,,Gaza - Ad Darraj,31.5172,34.4642,1,Palestine News and Information Agency,National,"On 24 February 2024, Israeli artillery struck houses in Gaza - Ad Darraj (Gaza City, Gaza Strip), leaving a number of injuries.",0,,1759789988
PSE47982,2/24/2024,2024,1,Political violence,Explosions/Remote violence,Air/drone strike,Military Forces of Israel (2022-),,8,Civilians (Palestine),,7,78,Civilian targeting,275,Middle East,Palestine,Gaza Strip,Khan Yunis,,Khan Yunis - West (Municipal Stadium),31.3484,34.2961,2,Palestine News and Information Agency; Quds News Network; Twitter,New media-National,"On 24 February 2024, Israeli warplanes opened fire west of Khan Yunis city (coded to Khan Yunis - West (Municipal Stadium), Gaza Strip), killing 2 Palestinians and injuring others. Meanwhile, artillery struck targets in the same area. Total confirmed fatalities were 2.",2,,1753955113
PSE47696,2/24/2024,2024,1,Political violence,Explosions/Remote violence,Air/drone strike,Military Forces of Israel (2022-),,8,Civilians (Palestine),Refugees/IDPs (Palestine),7,78,Civilian targeting,275,Middle East,Palestine,Gaza Strip,Deir El Balah,,Al Burayj,31.4394,34.4031,1,Palestine News and Information Agency,National,"On 24 February 2024, Israeli warplanes struck houses in Al Burayj refugee camp (Deir El Balah, Gaza Strip). Casualties unknown.",0,,1753955113
PSE47713,2/24/2024,2024,1,Political violence,Explosions/Remote violence,Air/drone strike,Military Forces of Israel (2022-),,8,Civilians (Palestine),Refugees/IDPs (Palestine),7,78,Civilian targeting,275,Middle East,Palestine,Gaza Strip,Deir El Balah,,Al Maghazi,31.4214,34.3865,1,Palestine News and Information Agency,National,"On 24 February 2024, Israeli warplanes struck a house in Al Maghazi refugee camp (Deir El Balah, Gaza Strip), injuring a number of Palestinians, most of them children.",0,,1753955113
PSE47750,2/24/2024,2024,1,Political violence,Explosions/Remote violence,Air/drone strike,Military Forces of Israel (2022-),,8,Civilians (Palestine),Refugees/IDPs (Palestine),7,78,Civilian targeting,275,Middle East,Palestine,Gaza Strip,Deir El Balah,,An Nusayrat,31.4486,34.3925,1,Palestine News and Information Agency,National,"On 24 February 2024, Israeli warplanes struck houses in An Nusayrat refugee camp (Deir El Balah, Gaza Strip), leaving 6 fatalities and a number of injuries.",6,,1753955113
PSE47771,2/24/2024,2024,1,Political violence,Explosions/Remote violence,Air/drone strike,Military Forces of Israel (2022-),,8,Civilians (Palestine),Muslim Group (Palestine),7,78,Civilian targeting,275,Middle East,Palestine,Gaza Strip,Deir El Balah,,Az Zawayda,31.4284,34.366,1,Al Ghad (Jordan); Arab 48; Quds News Network; Twitter,New media-National,"On 24 February 2024, Israeli warplanes struck a mosque in Az Zawayda town (Deir El Balah, Gaza Strip), killing a Palestinian child and injuring others.",1,,1767742780
PSE47835,2/24/2024,2024,1,Political violence,Explosions/Remote violence,Air/drone strike,Military Forces of Israel (2022-),,8,Civilians (Palestine),,7,78,Civilian targeting,275,Middle East,Palestine,Gaza Strip,Deir El Balah,,Deir al Balah,31.4178,34.3503,1,Palestine News and Information Agency,National,"On 24 February 2024, Israeli warplanes struck houses in Deir al Balah city (Deir El Balah, Gaza Strip). Casualties unknown.",0,,1753955113
PSE47804,2/24/2024,2024,1,Political violence,Explosions/Remote violence,Air/drone strike,Military Forces of Israel (2022-),,8,Civilians (Palestine),,7,78,Civilian targeting,275,Middle East,Palestine,Gaza Strip,North Gaza,,Beit Lahiya,31.5541,34.5016,2,Palestine News and Information Agency; Quds News Network; Twitter,New media-National,"On 24 February 2024, Israeli warplanes struck a house in Beit Lahiya (North Gaza, Gaza Strip), killing at least 2 Palestinians and injuring a number of others.",2,,1753955113
PSE48052,2/24/2024,2024,1,Political violence,Explosions/Remote violence,Air/drone strike,Military Forces of Israel (2022-),,8,Civilians (Palestine),,7,78,Civilian targeting,275,Middle East,Palestine,Gaza Strip,Rafah,,Shokat as Sufi,31.2586,34.2824,2,Newpress; Palestine News and Information Agency; Quds News Network; Twitter,New media-National,"On 24 February 2024, Israeli warplanes struck areas near the border with Egypt south of Rafah, coded to Shokat as Sufi (Rafah, Gaza Strip). Also, an airstrike targeted a house in the same area. Casualties unknown.",0,,1753955113
PSE47888,2/24/2024,2024,1,Political violence,Explosions/Remote violence,Shelling/artillery/missile attack,Military Forces of Israel (2022-),,8,Civilians (Palestine),,7,78,Civilian targeting,275,Middle East,Palestine,Gaza Strip,Gaza City,,Gaza - Sabra,31.5086,34.4493,1,Palestine News and Information Agency,National,"On 24 February 2024, Israeli artillery struck houses in Gaza - Sabra (Gaza City, Gaza Strip), leaving a number of injuries.",0,,1759790002
PSE47883,2/24/2024,2024,1,Political violence,Explosions/Remote violence,Air/drone strike,Military Forces of Israel (2022-),,8,Civilians (Palestine),Refugees/IDPs (Palestine),7,78,Civilian targeting,275,Middle East,Palestine,Gaza Strip,Gaza City,,Gaza - Ash Shati' Camp,31.5349,34.4466,1,Ma'an News Agency; Newpress; Palestine News and Information Agency; Quds News Network; Twitter,New media-National,"On 24 February 2024, Israeli warplanes struck a group of Palestinians gathered in Gaza - Ash Shati' Camp (Gaza City, Gaza Strip), leaving 2 fatalities and 4 injuries.",2,,1759789988
PSE47830,2/24/2024,2024,1,Political violence,Explosions/Remote violence,Shelling/artillery/missile attack,Military Forces of Israel (2022-),,8,Civilians (Palestine),Fishers (Palestine),7,78,Civilian targeting,275,Middle East,Palestine,Gaza Strip,,,Coast of Gaza Strip,31.5032,34.2877,3,Quds News Network; Twitter,New media-National,"On 24 February 2024, Israeli gunboats opened fire toward Palestinian fishers off the Coast of Gaza Strip. Casualties unknown.",0,,1753955113
PSE47859,2/24/2024,2024,1,Political violence,Explosions/Remote violence,Air/drone strike,Military Forces of Israel (2022-),,8,Civilians (Palestine),,7,78,Civilian targeting,275,Middle East,Palestine,Gaza Strip,Gaza City,,Gaza - At Turukman,31.4864,34.4738,2,Ma'an News Agency; Newpress; Palestine News and Information Agency; Quds News Network; Twitter,New media-National,"On 24 February 2024, Israeli warplanes struck a group of Palestinians gathered near a medical center hosting displaced Palestinians southeast of Gaza City, coded to Gaza - At Turukman (Gaza City, Gaza Strip), leaving at least 9 injuries.",0,,1762292062
PSE48078,2/24/2024,2024,1,Political violence,Explosions/Remote violence,Air/drone strike,Military Forces of Israel (2022-),,8,Civilians (Palestine),,7,78,Civilian targeting,275,Middle East,Palestine,Gaza Strip,Rafah,,Yibna,31.2842,34.2482,2,Palestine News and Information Agency; PLO Negotiations Affairs Department; Quds News Network; Twitter,Other-New media,"On 24 February 2024, Israeli artillery and tanks shelled targets east of Rafah, coded to Yibna (Rafah, Gaza Strip). Meanwhile, warplanes struck 2 houses east of Rafah, killing 5 Palestinians and injuring others.",5,,1753955113
PSE47860,2/24/2024,2024,1,Political violence,Explosions/Remote violence,Air/drone strike,Military Forces of Israel (2022-),,8,Civilians (Palestine),,7,78,Civilian targeting,275,Middle East,Palestine,Gaza Strip,Gaza City,,Gaza - Az Zaytun,31.4964,34.4522,1,Palestine News and Information Agency; Quds News Network; Twitter,New media-National,"On 24 February 2024, Israeli warplanes struck houses in Gaza - Az Zaytun (Gaza City, Gaza Strip), killing an unspecified number of Palestinians. Unspecified number of fatalities coded as 3.",3,,1759789988
PSE47906,2/24/2024,2024,1,Political violence,Explosions/Remote violence,Shelling/artillery/missile attack,Military Forces of Israel (2022-),,8,Civilians (Palestine),,7,78,Civilian targeting,275,Middle East,Palestine,Gaza Strip,Gaza City,,Gaza - Tal el Hawa,31.5041,34.435,1,Palestine News and Information Agency,National,"On 24 February 2024, Israeli artillery struck houses in Gaza - Tal el Hawa (Gaza City, Gaza Strip), leaving a number of injuries.",0,,1759790002
PSE48040,2/24/2024,2024,1,Political violence,Explosions/Remote violence,Air/drone strike,Military Forces of Israel (2022-),,8,Civilians (Palestine),Refugees/IDPs (Palestine),7,78,Civilian targeting,275,Middle East,Palestine,Gaza Strip,Rafah,,Rafah,31.287,34.2595,1,Al Ghad (Jordan); Palestine News and Information Agency; Quds News Network; Twitter,New media-National,"On 24 February 2024, Israeli warplanes struck a house hosting displaced families in Rafah city (Rafah, Gaza Strip), leaving 8 fatalities and a number of injuries, including children.",8,,1762829569
PSE47733,2/25/2024,2024,1,Political violence,Explosions/Remote violence,Shelling/artillery/missile attack,Military Forces of Israel (2022-),,8,Civilians (Palestine),,7,78,Civilian targeting,275,Middle East,Palestine,Gaza Strip,Khan Yunis,,Al Qararah,31.3739,34.3409,1,Palestine News and Information Agency; Quds News Network; Twitter,New media-National,"On 25 February 2024, one Palestinian was killed in Al Qararah (Khan Yunis, Gaza Strip), likely by Israeli artillery and tank fire.",1,,1753955113
PSE47896,2/25/2024,2024,1,Political violence,Explosions/Remote violence,Air/drone strike,Military Forces of Israel (2022-),,8,Civilians (Palestine),,7,78,Civilian targeting,275,Middle East,Palestine,Gaza Strip,Gaza City,,Gaza - Shujaiyya,31.4988,34.4699,2,Palestine News and Information Agency; PLO Negotiations Affairs Department; Quds News Network; Twitter,Other-New media,"On 25 February 2024, Israeli warplanes opened fire and struck a house in Al Shaaf area east of Gaza City, coded to Gaza - Shujaiyya (Gaza City, Gaza Strip), killing a Palestinian and injuring others. Also, artillery and tanks struck targets east of the city. Confirmed fatalities 1.",1,,1759790002
PSE47897,2/25/2024,2024,1,Political violence,Explosions/Remote violence,Air/drone strike,Military Forces of Israel (2022-),,8,Civilians (Palestine),,7,78,Civilian targeting,275,Middle East,Palestine,Gaza Strip,Gaza City,,Gaza - Shujaiyya,31.4988,34.4699,1,Arab 48; Newpress; Twitter,New media-National,"On 25 February 2024, Israeli warplanes struck the Gaza - Shujaiyya (Gaza City, Gaza Strip), killing a Palestinian and injuring others.",1,,1759790002
PSE47977,2/25/2024,2024,1,Political violence,Explosions/Remote violence,Shelling/artillery/missile attack,Military Forces of Israel (2022-),,8,Civilians (Palestine),,7,78,Civilian targeting,275,Middle East,Palestine,Gaza Strip,Khan Yunis,,Khan Yunis - As Sater,31.3637,34.3228,1,Palestine News and Information Agency; Quds News Network; Twitter,New media-National,"On 25 February 2024, 8 Palestinians were killed in Khan Yunis - As Sater (Khan Yunis, Gaza Strip), likely by Israeli artillery and tank fire.",8,,1753955113
PSE47983,2/25/2024,2024,1,Political violence,Explosions/Remote violence,Air/drone strike,Military Forces of Israel (2022-),,8,Civilians (Palestine),Refugees/IDPs (Palestine),7,78,Civilian targeting,275,Middle East,Palestine,Gaza Strip,Khan Yunis,,Khan Yunis - West (Municipal Stadium),31.3484,34.2961,1,Arab 48; Newpress; Palestine News and Information Agency; Quds News Network; Twitter,New media-National,"On 25 February 2024, Israeli warplanes opened fire at Palestinian houses in Khan Yunis camp and artillery struck targets west of Khan Yunis city (coded to Khan Yunis - West (Municipal Stadium), Gaza Strip), leaving an unspecified number of fatalities and injuries. At least 5 fatalities were confirmed.",5,,1753955113
PSE47751,2/25/2024,2024,1,Political violence,Explosions/Remote violence,Air/drone strike,Military Forces of Israel (2022-),,8,Civilians (Palestine),,7,78,Civilian targeting,275,Middle East,Palestine,Gaza Strip,Deir El Balah,,An Nusayrat - West,31.4525,34.3756,1,Arab 48; Quds News Network; Twitter,New media-National,"On 25 February 2024, Israeli artillery shelled west of An Nusayrat camp (An Nusayrat - West, Deir El Balah, Gaza Strip). Meanwhile, warplanes struck a house in the same area. Casualties unknown.",0,,1753955113
PSE47805,2/25/2024,2024,1,Political violence,Explosions/Remote violence,Shelling/artillery/missile attack,Military Forces of Israel (2022-),,8,Civilians (Palestine),,7,78,Civilian targeting,275,Middle East,Palestine,Gaza Strip,North Gaza,,Beit Lahiya,31.5541,34.5016,2,Palestine News and Information Agency,National,"On 25 February 2024, Israeli artillery struck a group of Palestinians who were trying to reach agricultural lands north of Beit Lahiya (North Gaza, Gaza Strip), killing 2 persons.",2,,1753955113
PSE47889,2/25/2024,2024,1,Political violence,Explosions/Remote violence,Air/drone strike,Military Forces of Israel (2022-),,8,Civilians (Palestine),,7,78,Civilian targeting,275,Middle East,Palestine,Gaza Strip,Gaza City,,Gaza - Sabra,31.5086,34.4493,1,Palestine News and Information Agency; Quds News Network; Twitter,New media-National,"On 25 February 2024, Israeli warplanes struck a house in Gaza - Sabra (Gaza City, Gaza Strip), killing 3 Palestinians and injuring a number of others.",3,,1759790002
PSE47884,2/25/2024,2024,1,Political violence,Explosions/Remote violence,Air/drone strike,Military Forces of Israel (2022-),,8,Civilians (Palestine),Journalists (Palestine); Refugees/IDPs (Palestine),7,78,Civilian targeting,275,Middle East,Palestine,Gaza Strip,Gaza City,,Gaza - Ash Shati' Camp,31.5349,34.4466,1,Quds News Network; Twitter,New media-National,"On 25 February 2024, Israeli warplanes struck targets in Gaza - Ash Shati' Camp (Gaza City, Gaza Strip), killing a Palestinian journalist.",1,,1759789988
PSE47749,2/25/2024,2024,1,Political violence,Explosions/Remote violence,Air/drone strike,Military Forces of Israel (2022-),,8,Civilians (Palestine),,7,78,Civilian targeting,275,Middle East,Palestine,Gaza Strip,Rafah,,An Nasr,31.2814,34.3025,1,Quds News Network; Twitter,New media-National,"On 25 February 2024, Israeli warplanes struck a house in An Nasr (Rafah, Gaza Strip), leaving an unspecified number of fatalities. Unspecified number of fatalities coded as 3.",3,,1753955113
PSE47892,2/25/2024,2024,1,Political violence,Explosions/Remote violence,Air/drone strike,Military Forces of Israel (2022-),,8,Civilians (Palestine),,7,78,Civilian targeting,275,Middle East,Palestine,Gaza Strip,Gaza City,,Gaza - Sheikh Radwan,31.5349,34.4667,1,Quds News Network; Twitter,New media-National,"On 25 February 2024, Israeli warplanes struck a gathering in front of a medical center in Gaza - Sheikh Radwan (Gaza City, Gaza Strip), leaving an unspecified number of fatalities and injuries. Also, warplanes struck a house in the same area, with no fatalities. Unspecified number of fatalities coded as 3.",3,,1759790002
PSE47865,2/25/2024,2024,1,Political violence,Explosions/Remote violence,Air/drone strike,Military Forces of Israel (2022-),,8,Civilians (Palestine),,7,78,Civilian targeting,275,Middle East,Palestine,Gaza Strip,Gaza City,,Gaza - Az Zaytun,31.4964,34.4522,1,Liveuamap; Newpress; Palestine News and Information Agency; Quds News Network; Twitter,Local partner-New media,"On 25 February 2024, Israeli warplanes opened fire and artillery struck houses in Gaza - Az Zaytun (Gaza City, Gaza Strip), killing at least 10 Palestinians in Az Zaytoun and Sabra and injuring more than 50 persons. At least 7 fatalities were coded to Az Zaytoun. Also, at least 15 persons were killed by an airstrike targeted a house in the same area. Total fatalities were at least 22.",22,,1759789988
PSE47931,2/25/2024,2024,1,Political violence,Explosions/Remote violence,Air/drone strike,Military Forces of Israel (2022-),,8,Civilians (Palestine),,7,78,Civilian targeting,275,Middle East,Palestine,Gaza Strip,North Gaza,,Jabalya,31.5272,34.4835,1,Arab 48; Liveuamap; Quds News Network; Twitter,Local partner-New media,"On 25 February 2024, Israeli warplanes struck a house in Al Zarqa of Jabalya town (North Gaza, Gaza Strip). Casualties unknown.",0,,1759790002
PSE48057,2/25/2024,2024,1,Political violence,Explosions/Remote violence,Air/drone strike,Military Forces of Israel (2022-),,8,Civilians (Palestine),,7,78,Civilian targeting,275,Middle East,Palestine,Gaza Strip,Rafah,,Khirbet al Adas,31.2855,34.2714,2,Palestine News and Information Agency; Quds News Network; Twitter,New media-National,"On 25 February 2024, Israeli warplanes struck a house north of Rafah city, coded to Khirbet al Adas (Rafah, Gaza Strip), killing 3 Palestinians including a child and a woman, and injuring a number of others.",3,,1753955113
PSE47854,2/25/2024,2024,1,Political violence,Explosions/Remote violence,Air/drone strike,Military Forces of Israel (2022-),,8,Civilians (Palestine),,7,78,Civilian targeting,275,Middle East,Palestine,Gaza Strip,Gaza City,,Gaza - Ash Shaykh Ijlin,31.5098,34.4274,2,Palestine News and Information Agency; Quds News Network; Twitter,New media-National,"On 25 February 2024, Israeli artillery and warplanes opened fire at thousands of Palestinians who were waiting for the aid trucks at Al Rashid Street between Al Nabulsi junction and Street 10, coded to Gaza - Ash Shaykh Ijlin (Gaza City, Gaza Strip). As a result, at least 10 persons were killed, and another 15 were injured. This event involved violence over aid.",10,,1754946060
PSE47706,2/26/2024,2024,1,Political violence,Explosions/Remote violence,Air/drone strike,Military Forces of Israel (2022-),,8,Civilians (Palestine),,7,78,Civilian targeting,275,Middle East,Palestine,Gaza Strip,Khan Yunis,,Al Fukhari,31.2952,34.3332,1,Palestine News and Information Agency; Quds News Network; Twitter,New media-National,"On 26 February 2024, Israeli warplanes struck a house near the European hospital in Al Fukhari (Khan Yunis, Gaza Strip), killing 2 Palestinians and injuring another 2.",2,,1753955113
PSE47734,2/26/2024,2024,1,Political violence,Explosions/Remote violence,Air/drone strike,Military Forces of Israel (2022-),,8,Civilians (Palestine),,7,78,Civilian targeting,275,Middle East,Palestine,Gaza Strip,Khan Yunis,,Al Qararah,31.3739,34.3409,1,Palestine News and Information Agency; Quds News Network; Twitter,New media-National,"On 26 February 2024, Israeli warplanes struck a house in Al Qararah (Khan Yunis, Gaza Strip), leaving 5 fatalities.",5,,1753955113
PSE47966,2/26/2024,2024,1,Political violence,Explosions/Remote violence,Air/drone strike,Military Forces of Israel (2022-),,8,Civilians (Palestine),,7,78,Civilian targeting,275,Middle East,Palestine,Gaza Strip,Khan Yunis,,Khan Yunis,31.3502,34.3081,1,Quds News Network; Twitter,New media-National,"On 26 February 2024, Israeli warplanes struck targets and a house in Khan Yunis city (Khan Yunis, Gaza Strip). Casualties unknown.",0,,1753955113
PSE47996,2/26/2024,2024,1,Political violence,Explosions/Remote violence,Shelling/artillery/missile attack,Military Forces of Israel (2022-),,8,Civilians (Palestine),Fishers (Palestine),7,78,Civilian targeting,275,Middle East,Palestine,Gaza Strip,Khan Yunis,,Khan Yunis Port,31.3691,34.2734,2,Palestine News and Information Agency; PLO Negotiations Affairs Department; Quds News Network; Twitter,Other-New media,"On 26 February 2024, Israeli gunboats shelled targets along the coast of Khan Yunis, coded to Khan Yunis Port (Khan Yunis, Gaza Strip). As a result, 2 Palestinian fishers were killed.",2,,1753955113
PSE47699,2/26/2024,2024,1,Political violence,Explosions/Remote violence,Air/drone strike,Military Forces of Israel (2022-),,8,Civilians (Palestine),,7,78,Civilian targeting,275,Middle East,Palestine,Gaza Strip,Deir El Balah,,Al Burayj,31.4394,34.4031,2,Quds News Network; Twitter,New media-National,"On 26 February 2024, Israeli warplanes struck a house east of Al Burayj refugee camp (Deir El Balah, Gaza Strip), killing 2 Palestinians.",2,,1753955113
PSE47772,2/26/2024,2024,1,Political violence,Explosions/Remote violence,Air/drone strike,Military Forces of Israel (2022-),,8,Civilians (Palestine),,7,78,Civilian targeting,275,Middle East,Palestine,Gaza Strip,Deir El Balah,,Az Zawayda,31.4284,34.366,1,Quds News Network; Twitter,New media-National,"On 26 February 2024, Israeli warplanes struck a house in Az Zawayda town (Deir El Balah, Gaza Strip), injuring a number of Palestinians.",0,,1767742780
PSE47836,2/26/2024,2024,1,Political violence,Explosions/Remote violence,Air/drone strike,Military Forces of Israel (2022-),,8,Civilians (Palestine),,7,78,Civilian targeting,275,Middle East,Palestine,Gaza Strip,Deir El Balah,,Deir al Balah,31.4178,34.3503,1,Newpress; Twitter,New media-National,"On 26 February 2024, Israeli warplanes carried out airstrikes in Deir al Balah city (Deir El Balah, Gaza Strip), injuring a number of Palestinians.",0,,1753955113
PSE47843,2/26/2024,2024,1,Political violence,Explosions/Remote violence,Air/drone strike,Military Forces of Israel (2022-),,8,Civilians (Palestine),,7,78,Civilian targeting,275,Middle East,Palestine,Gaza Strip,Deir El Balah,,Deir al Balah Camp,31.4249,34.34,2,Newpress; Palestine News and Information Agency; PLO Negotiations Affairs Department; Quds News Network; Twitter,Other-New media,"On 26 February 2024, Israeli artillery and tanks shelled targets east of Deir El Balah, coded to Deir al Balah Camp (Deir al Balah, Gaza Strip). Meanwhile, a warplane struck a passing car in Abu Al Ajin area and killed 2 persons.",2,,1765850627
PSE47885,2/26/2024,2024,1,Political violence,Explosions/Remote violence,Air/drone strike,Military Forces of Israel (2022-),,8,Civilians (Palestine),Refugees/IDPs (Palestine),7,78,Civilian targeting,275,Middle East,Palestine,Gaza Strip,Gaza City,,Gaza - Ash Shati' Camp,31.5349,34.4466,1,Quds News Network; Twitter,New media-National,"On 26 February 2024, Israeli warplanes struck a house in Gaza - Ash Shati' Camp (Gaza City, Gaza Strip), injuring 8 Palestinians.",0,,1759789988
PSE47753,2/26/2024,2024,1,Political violence,Explosions/Remote violence,Air/drone strike,Military Forces of Israel (2022-),,8,Civilians (Palestine),,7,78,Civilian targeting,275,Middle East,Palestine,Gaza Strip,Deir El Balah,,An Nusayrat - West,31.4525,34.3756,1,Palestine News and Information Agency; Palestinian Ministry of Health,Other-National,"On 26 February 2024, Israeli warplanes struck targets west of An Nusayrat camp (An Nusayrat - West, Deir El Balah, Gaza Strip), killing an unspecified number of Palestinians. [Palestinian Ministry of Health reported 29878 fatalities upto 26 February. 10 fatalities not attributed to specific events added to 1 event on 26 February. 10 fatalities coded to this event.]",10,,1753955113
PSE48080,2/26/2024,2024,1,Political violence,Explosions/Remote violence,Shelling/artillery/missile attack,Military Forces of Israel (2022-),,8,Civilians (Palestine),,7,78,Civilian targeting,275,Middle East,Palestine,Gaza Strip,Rafah,,Yibna,31.2842,34.2482,2,Palestine News and Information Agency; PLO Negotiations Affairs Department,Other-National,"On 26 February 2024, Israeli artillery and tanks shelled targets east of Rafah, coded to Yibna (Rafah, Gaza Strip). Also, a number of Palestinians were injured in Al Junian area. Casualties unknown.",0,,1753955113
PSE48041,2/26/2024,2024,1,Political violence,Explosions/Remote violence,Air/drone strike,Military Forces of Israel (2022-),,8,Civilians (Palestine),,7,78,Civilian targeting,275,Middle East,Palestine,Gaza Strip,Rafah,,Rafah,31.287,34.2595,1,Palestine News and Information Agency; Quds News Network; Twitter,New media-National,"On 26 February 2024, Israeli warplanes struck a house in Rafah city (Rafah, Gaza Strip), killing 9 Palestinians including children and women.",9,,1762829569
PSE48058,2/26/2024,2024,1,Political violence,Explosions/Remote violence,Air/drone strike,Military Forces of Israel (2022-),,8,Civilians (Palestine),,7,78,Civilian targeting,275,Middle East,Palestine,Gaza Strip,Rafah,,Khirbet al Adas,31.2855,34.2714,2,Palestine News and Information Agency,National,"On 26 February 2024, Israeli warplanes struck a house north of Rafah city, coded to Khirbet al Adas (Rafah, Gaza Strip), killing 4 Palestinians including a child and a woman.",4,,1753955113
PSE47855,2/26/2024,2024,1,Political violence,Explosions/Remote violence,Shelling/artillery/missile attack,Military Forces of Israel (2022-),,8,Civilians (Palestine),,7,78,Civilian targeting,275,Middle East,Palestine,Gaza Strip,Gaza City,,Gaza - Ash Shaykh Ijlin,31.5098,34.4274,1,Palestine News and Information Agency; Quds News Network; Twitter,New media-National,"On 26 February 2024, Israeli artillery opened fire at Palestinians who were waiting for the aid trucks in Gaza - Ash Shaykh Ijlin (Gaza City, Gaza Strip). As a result, 4 persons were killed and dozens were injured. This event involved violence over aid.",4,,1754946060
PSE47686,2/27/2024,2024,1,Political violence,Explosions/Remote violence,Shelling/artillery/missile attack,Military Forces of Israel (2022-),,8,Civilians (Palestine),,7,78,Civilian targeting,275,Middle East,Palestine,Gaza Strip,Khan Yunis,,Abasan al Kabirah,31.3191,34.3401,1,Quds News Network; Twitter,New media-National,"On 27 February 2024, 6 Palestinians were killed (likely by Israeli artillery fire) in Abasan al Kabirah (Khan Yunis, Gaza Strip).",6,,1753955113
PSE47851,2/27/2024,2024,1,Political violence,Explosions/Remote violence,Air/drone strike,Military Forces of Israel (2022-),,8,Civilians (Palestine),,7,78,Civilian targeting,275,Middle East,Palestine,Gaza Strip,Gaza City,,Gaza - Ad Darraj,31.5172,34.4642,1,Ma'an News Agency; Palestine News and Information Agency; Quds News Network; Twitter,New media-National,"On 27 February 2024, Israeli warplanes struck targets in Gaza - Ad Darraj (Gaza City, Gaza Strip), leaving a number of injuries.",0,,1759789988
PSE47967,2/27/2024,2024,1,Political violence,Explosions/Remote violence,Air/drone strike,Military Forces of Israel (2022-),,8,Civilians (Palestine),,7,78,Civilian targeting,275,Middle East,Palestine,Gaza Strip,Khan Yunis,,Khan Yunis,31.3502,34.3081,1,Quds News Network; Twitter,New media-National,"On 27 February 2024, Israeli warplanes struck a passing car in Khan Yunis city (Khan Yunis, Gaza Strip), killing 2 Palestinians.",2,,1753955113
PSE47986,2/27/2024,2024,1,Political violence,Explosions/Remote violence,Shelling/artillery/missile attack,Military Forces of Israel (2022-),,8,Civilians (Palestine),,7,78,Civilian targeting,275,Middle East,Palestine,Gaza Strip,Khan Yunis,,Khan Yunis - West (Municipal Stadium),31.3484,34.2961,1,Arab 48; Newpress; Quds News Network; Twitter,New media-National,"On 27 February 2024, Israeli tanks opened fire and shelled targets in western Khan Yunis and near the Nasser Hospital (coded to Khan Yunis - West (Municipal Stadium), Gaza Strip), leaving at least 8 fatalities.",8,,1753955113
PSE47700,2/27/2024,2024,1,Political violence,Explosions/Remote violence,Air/drone strike,Military Forces of Israel (2022-),,8,Civilians (Palestine),Refugees/IDPs (Palestine),7,78,Civilian targeting,275,Middle East,Palestine,Gaza Strip,Deir El Balah,,Al Burayj,31.4394,34.4031,1,Arab 48,National,"On 27 February 2024, Israeli warplanes struck a house in Al Burayj refugee camp (Deir El Balah, Gaza Strip), leaving 2 fatalities and a number of injuries.",2,,1753955113
PSE47701,2/27/2024,2024,1,Political violence,Explosions/Remote violence,Shelling/artillery/missile attack,Military Forces of Israel (2022-),,8,Civilians (Palestine),,7,78,Civilian targeting,275,Middle East,Palestine,Gaza Strip,Deir El Balah,,Al Burayj,31.4394,34.4031,1,Arab 48,National,"On 27 February 2024, Israeli artillery struck targets near Abu Helo school in eastern Al Burayj refugee camp (Deir El Balah, Gaza Strip), injuring a number of Palestinians.",0,,1753955113
PSE47837,2/27/2024,2024,1,Political violence,Explosions/Remote violence,Air/drone strike,Military Forces of Israel (2022-),,8,Civilians (Palestine),,7,78,Civilian targeting,275,Middle East,Palestine,Gaza Strip,Deir El Balah,,Deir al Balah,31.4178,34.3503,1,Arab 48; Newpress; Palestine News and Information Agency; Quds News Network; Twitter,New media-National,"On 27 February 2024, an Israeli airstrike struck a house in Deir al Balah city (Deir El Balah, Gaza Strip), killing a Palestinian woman. Israeli artillery also struck targets and a house leaving 2 fatalities (children) and a number of injuries. Total fatalities coded as 3.",3,,1753955113
PSE48053,2/27/2024,2024,1,Political violence,Explosions/Remote violence,Shelling/artillery/missile attack,Military Forces of Israel (2022-),,8,Civilians (Palestine),,7,78,Civilian targeting,275,Middle East,Palestine,Gaza Strip,Rafah,,Shokat as Sufi,31.2586,34.2824,1,Quds News Network; Twitter,New media-National,"On 27 February 2024, Israeli artillery struck targets in Shokat as Sufi (Rafah, Gaza Strip), killing 2 Palestinian children.",2,,1753955113
PSE47890,2/27/2024,2024,1,Political violence,Explosions/Remote violence,Air/drone strike,Military Forces of Israel (2022-),,8,Civilians (Palestine),,7,78,Civilian targeting,275,Middle East,Palestine,Gaza Strip,Gaza City,,Gaza - Sabra,31.5086,34.4493,1,Palestine News and Information Agency; Quds News Network; Twitter,New media-National,"On 27 February 2024, Israeli warplanes struck targets in Gaza - Sabra (Gaza City, Gaza Strip), leaving a number of injuries.",0,,1759790002
PSE47719,2/27/2024,2024,1,Political violence,Explosions/Remote violence,Shelling/artillery/missile attack,Military Forces of Israel (2022-),,8,Civilians (Palestine),,7,78,Civilian targeting,275,Middle East,Palestine,Gaza Strip,Rafah,,Al Mawasi (Rafah),31.3294,34.2299,1,Palestine News and Information Agency; Quds News Network; Twitter,New media-National,"On 27 February 2024, Israeli artillery and tanks opened fire in Al Mawasi (Rafah), Gaza Strip. A 9-year-old girl was killed.",1,,1762829569
PSE47886,2/27/2024,2024,1,Political violence,Explosions/Remote violence,Air/drone strike,Military Forces of Israel (2022-),,8,Civilians (Palestine),Refugees/IDPs (Palestine),7,78,Civilian targeting,275,Middle East,Palestine,Gaza Strip,Gaza City,,Gaza - Ash Shati' Camp,31.5349,34.4466,1,Ma'an News Agency,National,"On 27 February 2024, Israeli warplanes struck a house in Gaza - Ash Shati' Camp (Gaza City, Gaza Strip), leaving a number of injuries.",0,,1759789988
PSE47735,2/27/2024,2024,1,Political violence,Explosions/Remote violence,Air/drone strike,Military Forces of Israel (2022-),,8,Civilians (Palestine),,7,78,Civilian targeting,275,Middle East,Palestine,Gaza Strip,Khan Yunis,,Al Qararah,31.3739,34.3409,1,Arab 48; Palestinian Ministry of Health,Other-National,"On 27 February 2024, Israeli warplanes struck a group of Palestinians in Al Qararah (Khan Yunis, Gaza Strip), leaving a number of fatalities. [Palestinian Ministry of Health reported 29954 fatalities upto 27 February. 26 fatalities not attributed to specific events added to 1 event on 27 February. 26 fatalities coded to this event.]",26,,1753955113
PSE47872,2/27/2024,2024,1,Political violence,Explosions/Remote violence,Air/drone strike,Military Forces of Israel (2022-),,8,Civilians (Palestine),,7,78,Civilian targeting,275,Middle East,Palestine,Gaza Strip,Gaza City,,Gaza - Az Zaytun,31.4964,34.4522,1,Ma'an News Agency; Palestine News and Information Agency; Quds News Network; Twitter,New media-National,"On 27 February 2024, Israeli warplanes struck targets in Gaza - Az Zaytun (Gaza City, Gaza Strip), killing at least 10 Palestinians. Meanwhile, the artillery shelled targets in the same area.",10,,1759789988
PSE47825,2/27/2024,2024,1,Political violence,Explosions/Remote violence,Air/drone strike,Military Forces of Israel (2022-),,8,Civilians (Palestine),Refugees/IDPs (Palestine),7,78,Civilian targeting,275,Middle East,Palestine,Gaza Strip,Rafah,,Brazil Camp,31.2718,34.2532,1,Quds News Network; Twitter,New media-National,"On 27 February 2024, Israeli warplanes struck a house in Brazil Camp (Rafah, Gaza Strip), killing a Palestinian.",1,,1753955113
PSE47856,2/27/2024,2024,1,Political violence,Explosions/Remote violence,Shelling/artillery/missile attack,Military Forces of Israel (2022-),,8,Civilians (Palestine),,7,78,Civilian targeting,275,Middle East,Palestine,Gaza Strip,Gaza City,,Gaza - Ash Shaykh Ijlin,31.5098,34.4274,2,Palestine News and Information Agency; Quds News Network; Twitter,New media-National,"On 27 February 2024, Israeli artillery opened fire at Palestinians who were waiting for the aid trucks at Al Rashid Street, coded to Gaza - Ash Shaykh Ijlin (Gaza City, Gaza Strip), leaving 3 fatalities and a number of injuries. This event involved violence over aid.",3,,1754946060
PSE47707,2/28/2024,2024,1,Political violence,Explosions/Remote violence,Air/drone strike,Military Forces of Israel (2022-),,8,Civilians (Palestine),Muslim Group (Palestine),7,78,Civilian targeting,275,Middle East,Palestine,Gaza Strip,Khan Yunis,,Al Fukhari,31.2952,34.3332,1,Quds News Network; Twitter,New media-National,"On 28 February 2024, Israeli warplanes struck the Al Nur wa Al Huda mosque in Al Fukhari (Khan Yunis, Gaza Strip), leaving a number of injuries.",0,,1753955113
PSE47736,2/28/2024,2024,1,Political violence,Explosions/Remote violence,Air/drone strike,Military Forces of Israel (2022-),,8,Civilians (Palestine),,7,78,Civilian targeting,275,Middle East,Palestine,Gaza Strip,Khan Yunis,,Al Qararah,31.3739,34.3409,1,Newpress; Palestine News and Information Agency; Twitter,New media-National,"On 28 February 2024, Israeli warplanes struck the Al Qararah (Khan Yunis, Gaza Strip), killing at least 6 Palestinians and injuring several persons.",6,,1753955113
PSE47968,2/28/2024,2024,1,Political violence,Explosions/Remote violence,Air/drone strike,Military Forces of Israel (2022-),,8,Civilians (Palestine),,7,78,Civilian targeting,275,Middle East,Palestine,Gaza Strip,Khan Yunis,,Khan Yunis,31.3502,34.3081,1,Newpress; Palestine News and Information Agency; Twitter,New media-National,"On 28 February 2024, Israeli warplanes carried out airstrikes while the artillery struck targets in Khan Yunis city (Khan Yunis, Gaza Strip). 14 Palestinians were killed since morning in Khan Yunis (7 were coded to this location)",7,,1753955113
PSE47975,2/28/2024,2024,1,Political violence,Explosions/Remote violence,Shelling/artillery/missile attack,Military Forces of Israel (2022-),,8,Civilians (Palestine),,7,78,Civilian targeting,275,Middle East,Palestine,Gaza Strip,Khan Yunis,,Khan Yunis - Al Amal,31.3544,34.3007,1,Arab 48; Palestine News and Information Agency,National,"On 28 February 2024, Israeli artillery and tanks shelled residential areas in Khan Yunis - Al Amal (Khan Yunis, Gaza Strip). Casualties unknown.",0,,1753955113
PSE47702,2/28/2024,2024,1,Political violence,Explosions/Remote violence,Air/drone strike,Military Forces of Israel (2022-),,8,Civilians (Palestine),Refugees/IDPs (Palestine),7,78,Civilian targeting,275,Middle East,Palestine,Gaza Strip,Deir El Balah,,Al Burayj,31.4394,34.4031,1,Newpress; Quds News Network; Twitter,New media-National,"On 28 February 2024, Israeli warplanes struck a house in Al Burayj refugee camp (Deir El Balah, Gaza Strip), leaving at least 4 fatalities.",4,,1753955113
PSE47757,2/28/2024,2024,1,Political violence,Explosions/Remote violence,Air/drone strike,Military Forces of Israel (2022-),,8,Civilians (Palestine),Refugees/IDPs (Palestine),7,78,Civilian targeting,275,Middle East,Palestine,Gaza Strip,Deir El Balah,,An Nusayrat,31.4486,34.3925,1,Liveuamap; Newpress; Palestine News and Information Agency; Quds News Network; Twitter,Local partner-New media,"On 28 February 2024, Israeli warplanes struck a residential area in An Nusayrat refugee camp (Deir El Balah, Gaza Strip), killing at least 14 Palestinians and injuring dozens.",14,,1753955113
PSE48073,2/28/2024,2024,1,Political violence,Explosions/Remote violence,Air/drone strike,Military Forces of Israel (2022-),,8,Civilians (Palestine),,7,78,Civilian targeting,275,Middle East,Palestine,Gaza Strip,Deir El Balah,,Wadi as Salqa,31.4005,34.3375,2,Quds News Network; Twitter,New media-National,"On 28 February 2024, Israeli warplanes struck south of Deir al Balah city, coded to Wadi as Salqa (Deir El Balah, Gaza Strip), leaving an unspecified number of injuries.",0,,1753955113
PSE47891,2/28/2024,2024,1,Political violence,Explosions/Remote violence,Shelling/artillery/missile attack,Military Forces of Israel (2022-),,8,Civilians (Palestine),,7,78,Civilian targeting,275,Middle East,Palestine,Gaza Strip,Gaza City,,Gaza - Sabra,31.5086,34.4493,1,Palestine News and Information Agency,National,"On 28 February 2024, Israeli artillery struck houses in Gaza - Sabra (Gaza City, Gaza Strip), leaving a number of injuries.",0,,1759790002
PSE47905,2/28/2024,2024,1,Political violence,Explosions/Remote violence,Shelling/artillery/missile attack,Military Forces of Israel (2022-),,8,Civilians (Palestine),,7,78,Civilian targeting,275,Middle East,Palestine,Gaza Strip,Gaza City,,Gaza - Southern Remal,31.5168,34.4355,1,Palestine News and Information Agency,National,"On 28 February 2024, Israeli artillery struck houses in Gaza - Southern Remal (Gaza City, Gaza Strip), leaving a number of injuries.",0,,1759790002
PSE47989,2/28/2024,2024,1,Political violence,Explosions/Remote violence,Shelling/artillery/missile attack,Military Forces of Israel (2022-),,8,Civilians (Palestine),,7,78,Civilian targeting,275,Middle East,Palestine,Gaza Strip,Khan Yunis,,Khan Yunis - West (Municipal Stadium),31.3484,34.2961,1,Newpress; Palestine News and Information Agency; Quds News Network; Twitter,New media-National,"On 28 February 2024, Israeli artillery shelled the Nasser Hospital and Khan Yunis camp in western Khan Yunis (coded to Khan Yunis - West (Municipal Stadium), Gaza Strip), causing fire. No casualties.",0,,1753955113
PSE60065,2/28/2024,2024,1,Political violence,Violence against civilians,Attack,Military Forces of Israel (2022-),,8,Civilians (Palestine),,7,78,Civilian targeting,275,Middle East,Palestine,Gaza Strip,Khan Yunis,,Khan Yunis - West (Municipal Stadium),31.3484,34.2961,1,Newpress; Palestine News and Information Agency; Quds News Network; Twitter,New media-National,"On 28 February 2024, a Palestinian was killed by an Israeli sniper in western Khan Yunis (coded to Khan Yunis - West (Municipal Stadium), Gaza Strip).",1,,1753956638
PSE47857,2/28/2024,2024,1,Political violence,Explosions/Remote violence,Air/drone strike,Military Forces of Israel (2022-),,8,Civilians (Palestine),,7,78,Civilian targeting,275,Middle East,Palestine,Gaza Strip,Gaza City,,Gaza - Ash Shaykh Ijlin,31.5098,34.4274,1,Palestine News and Information Agency; Quds News Network; Twitter,New media-National,"On 28 February 2024, Israeli warplanes struck a house in Gaza - Ash Shaykh Ijlin (Gaza City, Gaza Strip). Meanwhile, gunboats opened fire in the vicinity of Ash Shaykh Ijlin mosque. Casualties unknown.",0,,1753955113
PSE48082,2/28/2024,2024,1,Political violence,Explosions/Remote violence,Air/drone strike,Military Forces of Israel (2022-),,8,Civilians (Palestine),,7,78,Civilian targeting,275,Middle East,Palestine,Gaza Strip,Rafah,,Yibna,31.2842,34.2482,2,Palestine News and Information Agency; PLO Negotiations Affairs Department; Quds News Network; Twitter,Other-New media,"On 28 February 2024, Israeli carried out airstrikes east of Rafah, coded to Yibna (Rafah, Gaza Strip), leaving a number of injuries. Also, artillery and tanks shelled targets in the northeast of Rafah.",0,,1753955113
PSE47876,2/28/2024,2024,1,Political violence,Explosions/Remote violence,Air/drone strike,Military Forces of Israel (2022-),,8,Civilians (Palestine),,7,78,Civilian targeting,275,Middle East,Palestine,Gaza Strip,Gaza City,,Gaza - Az Zaytun,31.4964,34.4522,1,Arab 48; Liveuamap; Palestine News and Information Agency; Palestinian Ministry of Health; Quds News Network; Twitter,Local partner-New media,"On 28 February 2024, Israeli warplanes struck houses in Gaza - Az Zaytun (Gaza City, Gaza Strip), leaving an unspecified number of fatalities and injuries. Meanwhile, artillery and tanks opened fire and shelled the same area. Casualties unknown. [Palestinian Ministry of Health reported 30035 fatalities upto 28 February. 4 fatalities not attributed to specific events added to 1 event on 28 February. 4 fatalities coded to this event.]",4,,1759789988
PSE48042,2/28/2024,2024,1,Political violence,Explosions/Remote violence,Air/drone strike,Military Forces of Israel (2022-),,8,Civilians (Palestine),,7,78,Civilian targeting,275,Middle East,Palestine,Gaza Strip,Rafah,,Rafah,31.287,34.2595,1,Liveuamap; Palestine News and Information Agency,Local partner-New media,"On 28 February 2024, Israeli warplanes carried out airstrikes in central Rafah city (Rafah, Gaza Strip), leaving a number of injuries. Meanwhile, artillery shelled the same area.",0,,1762829569
