event_id_cnty,event_date,year,time_precision,disorder_type,event_type,sub_event_type,actor1,assoc_actor_1,inter1,actor2,assoc_actor_2,inter2,interaction,civilian_targeting,iso,region,country,admin1,admin2,admin3,location,latitude,longitude,geo_precision,source,source_scale,notes,fatalities,tags,timestamp
PSE55056,7/1/2024,2024,1,Political violence,Explosions/Remote violence,Shelling/artillery/missile attack,Military Forces of Israel (2022-),,8,Civilians (Palestine),,7,78,Civilian targeting,275,Middle East,Palestine,Gaza Strip,Deir El Balah,,Al Burayj,31.4394,34.4031,2,Arab 48; Palestine News and Information Agency; Quds News Network; Twitter,New media-National,"On 1 July 2024, Israeli artillery shelled houses east of Al Burayj Camp (Deir El Balah, Gaza Strip), leaving one fatality and a number of injuries.",1,,1753955132
PSE55061,7/1/2024,2024,1,Political violence,Explosions/Remote violence,Air/drone strike,Military Forces of Israel (2022-),,8,Civilians (Palestine),Refugees/IDPs (Palestine),7,78,Civilian targeting,275,Middle East,Palestine,Gaza Strip,Deir El Balah,,An Nusayrat,31.4486,34.3925,1,Quds News Network; Twitter,New media-National,"On 1 July 2024, Israeli warplanes struck a house in An Nusayrat Camp (Deir El Balah, Gaza Strip), leaving fatalities and injuries [unspecified number of fatalities coded as 3].",3,,1753955132
PSE55069,7/1/2024,2024,1,Political violence,Explosions/Remote violence,Air/drone strike,Military Forces of Israel (2022-),,8,Civilians (Palestine),,7,78,Civilian targeting,275,Middle East,Palestine,Gaza Strip,Deir El Balah,,An Nusayrat - North,31.4591,34.3923,1,Arab 48; Newpress; Quds News Network; Twitter,New media-National,"On 1 July 2024, Israeli UAVs opened fire in An Nusayrat - North (Deir El Balah, Gaza Strip) amid artillery shelling. A Palestinian was killed.",1,,1753955132
PSE55128,7/1/2024,2024,1,Political violence,Explosions/Remote violence,Air/drone strike,Military Forces of Israel (2022-),,8,Civilians (Palestine),Journalists (Palestine),7,78,Civilian targeting,275,Middle East,Palestine,Gaza Strip,Gaza City,,Gaza - Sabra,31.5086,34.4493,1,Arab 48; Guardian (United Kingdom); Palestine News and Information Agency; Quds News Network; Reporters Sans Frontieres; Twitter,Other-New media,"On 1 July 2024, an Israeli UAV dropped a bomb in Gaza - Sabra (Gaza City, Gaza Strip), killing a journalist and a number of injuries.",1,,1759790002
PSE55133,7/1/2024,2024,1,Political violence,Explosions/Remote violence,Air/drone strike,Military Forces of Israel (2022-),,8,Civilians (Palestine),,7,78,Civilian targeting,275,Middle East,Palestine,Gaza Strip,Gaza City,,Gaza - Sheikh Radwan,31.5349,34.4667,1,Arab 48; Newpress; Twitter,New media-National,"On 1 July 2024, a Palestinian and his wife were killed on the outskirts of Gaza - Sheikh Radwan (Gaza City, Gaza Strip) likely by airstrikes. Fatalities were 2.",2,,1759790002
PSE55145,7/1/2024,2024,1,Political violence,Explosions/Remote violence,Air/drone strike,Military Forces of Israel (2022-),,8,Civilians (Palestine),,7,78,Civilian targeting,275,Middle East,Palestine,Gaza Strip,Gaza City,,Gaza - Shujaiyya,31.4988,34.4699,1,Arab 48; Palestine News and Information Agency; Quds News Network; Twitter,New media-National,"On 1 July 2024, Israeli warplanes (including UAVs), artillery, and tanks opened fire in Gaza - Shujaiyya (Gaza City, Gaza Strip). Casualties unknown. Also, Israeli helicopters opened fire toward Palestinian houses in Shujaiyya [Casualties unknown].",0,,1759790002
PSE55184,7/1/2024,2024,1,Political violence,Explosions/Remote violence,Air/drone strike,Military Forces of Israel (2022-),,8,Civilians (Palestine),Health Workers (Palestine),7,78,Civilian targeting,275,Middle East,Palestine,Gaza Strip,Khan Yunis,,Al Fukhari,31.2952,34.3332,1,Arab 48; Quds News Network; Twitter,New media-National,"On 1 July 2024, Israeli warplanes struck a house in Al Fukhari (Khan Yunis, Gaza Strip), leaving one fatality. Also, a Palestinian doctor was killed in an airstrike. Total fatalities were 2.",2,,1753955132
PSE55192,7/1/2024,2024,1,Political violence,Explosions/Remote violence,Air/drone strike,Military Forces of Israel (2022-),,8,Civilians (Palestine),,7,78,Civilian targeting,275,Middle East,Palestine,Gaza Strip,Khan Yunis,,Bani Suheila,31.3424,34.325,1,Arab 48; Palestine News and Information Agency; Quds News Network; Twitter,New media-National,"On 1 July 2024, an Israeli UAV struck a passing car in Bani Suheila (Khan Yunis, Gaza Strip), killing a girl and injuring a number of Palestinians.",1,,1753955132
PSE55203,7/1/2024,2024,1,Political violence,Explosions/Remote violence,Air/drone strike,Military Forces of Israel (2022-),,8,Civilians (Palestine),,7,78,Civilian targeting,275,Middle East,Palestine,Gaza Strip,Khan Yunis,,Khan Yunis - Maen,31.336,34.3172,1,Palestine News and Information Agency,National,"On 1 July 2024, Israeli warplanes struck a house in Khan Yunis - Maen (Khan Yunis, Gaza Strip). There were no casualties.",0,,1753955132
PSE55208,7/1/2024,2024,1,Political violence,Explosions/Remote violence,Air/drone strike,Military Forces of Israel (2022-),,8,Civilians (Palestine),,7,78,Civilian targeting,275,Middle East,Palestine,Gaza Strip,Khan Yunis,,Khuzaa,31.3069,34.3572,1,Arab 48; Palestine News and Information Agency; Quds News Network; Twitter,New media-National,"On 1 July 2024, Israeli artillery shelled targets in Khuzaa (Khan Yunis, Gaza Strip), leaving one fatality and a number of injuries. Also, airstrikes targeted a house, killing 3 Palestinians. Total fatalities were 4.",4,,1753955132
PSE55095,7/1/2024,2024,1,Political violence,Explosions/Remote violence,Shelling/artillery/missile attack,Military Forces of Israel (2022-),,8,Civilians (Palestine),,7,78,Civilian targeting,275,Middle East,Palestine,Gaza Strip,Gaza City,,Gaza,31.5045,34.4743,1,Palestine News and Information Agency; Quds News Network; Twitter,New media-National,"On 1 July 2024, Israeli artillery struck a group of people at Abdel-Aal junction in Al Jalaa Street of Gaza City (Gaza Strip), leaving 5 fatalities and 10 injuries.",5,,1759790002
PSE55077,7/1/2024,2024,1,Political violence,Explosions/Remote violence,Air/drone strike,Military Forces of Israel (2022-),,8,Civilians (Palestine),,7,78,Civilian targeting,275,Middle East,Palestine,Gaza Strip,Deir El Balah,,An Nusayrat - West,31.4525,34.3756,1,Quds News Network; Twitter,New media-National,"On 1 July 2024, Israeli helicopters opened fire in An Nusayrat - West (Deir El Balah, Gaza Strip). Casualties unknown. Also, warplanes struck a house, injuring a number of Palestinians.",0,,1753955132
PSE55191,7/1/2024,2024,1,Political violence,Explosions/Remote violence,Air/drone strike,Military Forces of Israel (2022-),,8,Civilians (Palestine),,7,78,Civilian targeting,275,Middle East,Palestine,Gaza Strip,Khan Yunis,,Bani Suheila,31.3424,34.325,2,Arab 48; PLO Negotiations Affairs Department; Quds News Network; Twitter,Other-New media,"On 1 July 2024, 3 Palestinians (including children) were killed after IDF targeted a house east of Khan Yunis [likely by airstrikes]. Also, Israeli artillery and tanks shelled targets east of Khan Yunis, coded to Bani Suheila (Khan Yunis, Gaza Strip). Casualties unknown. Fatalities coded at least 3.",3,,1753955132
PSE55287,7/1/2024,2024,1,Political violence,Explosions/Remote violence,Shelling/artillery/missile attack,Military Forces of Israel (2022-),,8,Civilians (Palestine),,7,78,Civilian targeting,275,Middle East,Palestine,Gaza Strip,Rafah,,Yibna,31.2842,34.2482,2,Arab 48; PLO Negotiations Affairs Department,Other-National,"On 1 July 2024, Israeli artillery and tanks shelled targets east of Rafah, coded to Yibna (Rafah, Gaza Strip), leaving one fatality.",1,,1753955132
PSE55237,7/1/2024,2024,1,Political violence,Explosions/Remote violence,Air/drone strike,Military Forces of Israel (2022-),,8,Civilians (Palestine),,7,78,Civilian targeting,275,Middle East,Palestine,Gaza Strip,Rafah,,Khirbet al Adas,31.2855,34.2714,2,Arab 48,National,"On 1 July 2024, Israeli warplanes struck a target in Musabbah area north of Rafah, coded to Khirbet al Adas (Rafah, Gaza Strip), leaving one fatality and a number of injuries.",1,,1753955132
PSE55062,7/2/2024,2024,1,Political violence,Explosions/Remote violence,Air/drone strike,Military Forces of Israel (2022-),,8,Civilians (Palestine),Refugees/IDPs (Palestine),7,78,Civilian targeting,275,Middle East,Palestine,Gaza Strip,Deir El Balah,,An Nusayrat,31.4486,34.3925,1,Palestine News and Information Agency,National,"On 2 July 2024, Israeli warplanes struck a house in An Nusayrat Camp (Deir El Balah, Gaza Strip), killing a child.",1,,1753955132
PSE55134,7/2/2024,2024,1,Political violence,Explosions/Remote violence,Air/drone strike,Military Forces of Israel (2022-),,8,Civilians (Palestine),,7,78,Civilian targeting,275,Middle East,Palestine,Gaza Strip,Gaza City,,Gaza - Sheikh Radwan,31.5349,34.4667,2,Arab 48; Palestine News and Information Agency; Quds News Network; Twitter,New media-National,"On 2 July 2024, Israeli warplanes struck a house in Al Zarqa area west of Gaza - Sheikh Radwan (Gaza City, Gaza Strip), leaving 5 fatalities.",5,,1759790002
PSE55135,7/2/2024,2024,1,Political violence,Explosions/Remote violence,Air/drone strike,Military Forces of Israel (2022-),,8,Civilians (Palestine),,7,78,Civilian targeting,275,Middle East,Palestine,Gaza Strip,Gaza City,,Gaza - Sheikh Radwan,31.5349,34.4667,1,Newpress; Twitter,New media-National,"On 2 July 2024, Israeli warplanes struck a house in Gaza - Sheikh Radwan (Gaza City, Gaza Strip). Casualties unknown.",0,,1759790002
PSE55150,7/2/2024,2024,1,Political violence,Explosions/Remote violence,Air/drone strike,Military Forces of Israel (2022-),,8,Civilians (Palestine),,7,78,Civilian targeting,275,Middle East,Palestine,Gaza Strip,Gaza City,,Gaza - Shujaiyya,31.4988,34.4699,1,Arab 48; Ma'an News Agency; Palestine News and Information Agency; Quds News Network; Twitter,New media-National,"On 2 July 2024, Israeli warplanes (including UAVs and quadcopters) opened fire and the artillery and tanks shelled targets, including houses, in Gaza - Shujaiyya (Gaza City, Gaza Strip). Casualties unknown. 3 Palestinians were killed in a UAV attack in Al Mansourah area of Shujaiyya. Also, a number of Palestinians were injured by Israeli fire. Fatalities coded at least 3.",3,,1759790002
PSE55185,7/2/2024,2024,1,Political violence,Explosions/Remote violence,Air/drone strike,Military Forces of Israel (2022-),,8,Civilians (Palestine),,7,78,Civilian targeting,275,Middle East,Palestine,Gaza Strip,Khan Yunis,,Al Fukhari,31.2952,34.3332,1,Palestine News and Information Agency,National,"On 2 July 2024, Israeli warplanes struck houses in Al Fukhari (Khan Yunis, Gaza Strip), leaving a number of injuries.",0,,1753955132
PSE55193,7/2/2024,2024,1,Political violence,Explosions/Remote violence,Shelling/artillery/missile attack,Military Forces of Israel (2022-),,8,Civilians (Palestine),,7,78,Civilian targeting,275,Middle East,Palestine,Gaza Strip,Khan Yunis,,Bani Suheila,31.3424,34.325,2,PLO Negotiations Affairs Department; Quds News Network; Twitter,Other-New media,"On 2 July 2024, Israeli artillery and tanks shelled targets east of Khan Yunis, coded to Bani Suheila (Khan Yunis, Gaza Strip). 8 Palestinians killed east of Rafah (coded to Yibna) and east of Khan Yunis [fatalities split across 2 events, 4 out of 8 coded to this location].",4,,1753955132
PSE55221,7/2/2024,2024,1,Political violence,Explosions/Remote violence,Air/drone strike,Military Forces of Israel (2022-),,8,Civilians (Palestine),,7,78,Civilian targeting,275,Middle East,Palestine,Gaza Strip,North Gaza,,Beit Lahiya - Al Mashroo,31.5433,34.4998,1,Arab 48; Palestine News and Information Agency; Quds News Network; Twitter,New media-National,"On 2 July 2024, Israeli warplanes struck a house in Beit Lahiya - Al Mashroo (North Gaza, Gaza Strip), leaving one fatality and a number of injuries.",1,,1753955132
PSE55232,7/2/2024,2024,1,Political violence,Explosions/Remote violence,Shelling/artillery/missile attack,Military Forces of Israel (2022-),,8,Civilians (Palestine),Refugees/IDPs (Palestine),7,78,Civilian targeting,275,Middle East,Palestine,Gaza Strip,Rafah,,Al Mawasi (Rafah),31.3294,34.2299,1,Arab 48,National,"On 2 July 2024, Israeli tanks opened fire toward the tents of displaced people in (Al Mawasi (Rafah), Gaza Strip). Also, tanks targeted children. Casualties unknown.",0,,1762829569
PSE55079,7/2/2024,2024,1,Political violence,Explosions/Remote violence,Air/drone strike,Military Forces of Israel (2022-),,8,Civilians (Palestine),,7,78,Civilian targeting,275,Middle East,Palestine,Gaza Strip,Deir El Balah,,Deir al Balah,31.4178,34.3503,1,Ma'an News Agency; Palestine News and Information Agency; Quds News Network; Twitter,New media-National,"On 2 July 2024, Israeli warplanes struck a house in Deir al Balah city (Deir El Balah, Gaza Strip), leaving at least 12 fatalities.",12,,1753955132
PSE55271,7/2/2024,2024,1,Political violence,Explosions/Remote violence,Air/drone strike,Military Forces of Israel (2022-),,8,Civilians (Palestine),,7,78,Civilian targeting,275,Middle East,Palestine,Gaza Strip,Rafah,,Tal as Sultan,31.3098,34.2414,2,Ma'an News Agency; Palestine News and Information Agency; Quds News Network; Twitter,New media-National,"On 2 July 2024, Israeli warplanes struck targets west of Rafah, coded to Tal as Sultan (Rafah, Gaza Strip), leaving 3 fatalities.",3,,1762829569
PSE55274,7/2/2024,2024,1,Political violence,Explosions/Remote violence,Air/drone strike,Military Forces of Israel (2022-),,8,Civilians (Palestine),,7,78,Civilian targeting,275,Middle East,Palestine,Gaza Strip,Rafah,,Tal as Sultan,31.3098,34.2414,1,Arab 48,National,"On 2 July 2024, an Israeli drone struck a target in Tal as Sultan (Rafah, Gaza Strip), leaving injuries.",0,,1762829569
PSE55289,7/2/2024,2024,1,Political violence,Explosions/Remote violence,Shelling/artillery/missile attack,Military Forces of Israel (2022-),,8,Civilians (Palestine),,7,78,Civilian targeting,275,Middle East,Palestine,Gaza Strip,Rafah,,Yibna,31.2842,34.2482,2,PLO Negotiations Affairs Department; Quds News Network; Twitter,Other-New media,"On 2 July 2024, Israeli artillery shelled targets east of Rafah, coded to Yibna (Rafah, Gaza Strip). 8 Palestinians killed east of Rafah and east of Khan Yunis [fatalities split across 2 events, 4 out of 8 coded to this location].",4,,1753955132
PSE55116,7/2/2024,2024,1,Political violence,Explosions/Remote violence,Shelling/artillery/missile attack,Military Forces of Israel (2022-),,8,Civilians (Palestine),,7,78,Civilian targeting,275,Middle East,Palestine,Gaza Strip,Gaza City,,Gaza - Az Zaytun,31.4964,34.4522,1,Newpress; Palestine News and Information Agency; Quds News Network; Twitter,New media-National,"On 2 July 2024, Israeli artillery shelled targets in Gaza - Az Zaytun (Gaza City, Gaza Strip). Casualties unknown. Also, 10 Palestinians were killed while filling water near Al Shamaa mosque in Az Zaytun [likely by artillery shelling]. Fatalities coded at least 10.",10,,1759790002
PSE55209,7/2/2024,2024,1,Political violence,Explosions/Remote violence,Air/drone strike,Military Forces of Israel (2022-),,8,Civilians (Palestine),,7,78,Civilian targeting,275,Middle East,Palestine,Gaza Strip,Khan Yunis,,Qizan an Najjar,31.323,34.2761,2,Palestine News and Information Agency; Quds News Network; Twitter,New media-National,"On 2 July 2024, Israeli warplanes struck houses in Qizan Rashwan west of Qizan an Najjar (Khan Yunis, Gaza Strip), killing a woman and injuring a number of other Palestinians.",1,,1753955132
PSE55238,7/2/2024,2024,1,Political violence,Explosions/Remote violence,Shelling/artillery/missile attack,Military Forces of Israel (2022-),,8,Civilians (Palestine),,7,78,Civilian targeting,275,Middle East,Palestine,Gaza Strip,Rafah,,Khirbet al Adas,31.2855,34.2714,2,Quds News Network; Twitter,New media-National,"On 2 July 2024, Israeli artillery shelled north of Rafah, coded to Khirbet al Adas (Rafah, Gaza Strip), leaving one fatality.",1,,1753955132
PSE55059,7/3/2024,2024,1,Political violence,Explosions/Remote violence,Air/drone strike,Military Forces of Israel (2022-),,8,Civilians (Palestine),Refugees/IDPs (Palestine),7,78,Civilian targeting,275,Middle East,Palestine,Gaza Strip,Deir El Balah,,Al Maghazi,31.4214,34.3865,1,Al-Ittihad; Arab 48; Palestine News and Information Agency; Quds News Network; Twitter,New media-National,"On 3 July 2024, an Israeli UAV struck a passing Palestinian car transporting gas cylinders in Al Maghazi refugee camp (Deir El Balah, Gaza Strip), leaving 5 fatalities.",5,,1753955132
PSE55063,7/3/2024,2024,1,Political violence,Explosions/Remote violence,Air/drone strike,Military Forces of Israel (2022-),,8,Civilians (Palestine),Refugees/IDPs (Palestine),7,78,Civilian targeting,275,Middle East,Palestine,Gaza Strip,Deir El Balah,,An Nusayrat,31.4486,34.3925,1,Newpress; Palestine News and Information Agency; Twitter,New media-National,"On 3 July 2024, Israeli warplanes struck a house in An Nusayrat Camp (Deir El Balah, Gaza Strip), killing 4 Palestinians, including 2 women. Also, the artillery fired shells toward An Nusayrat Camp [casualties unknown].",4,,1753955132
PSE55099,7/3/2024,2024,1,Political violence,Explosions/Remote violence,Air/drone strike,Military Forces of Israel (2022-),,8,Civilians (Palestine),,7,78,Civilian targeting,275,Middle East,Palestine,Gaza Strip,Gaza City,,Gaza - Ad Darraj,31.5172,34.4642,2,Arab 48; Newpress; Palestine News and Information Agency; Quds News Network; Twitter,New media-National,"On 3 July 2024, Israeli warplanes struck a house near Gaza - Ad Darraj (Gaza City, Gaza Strip), leaving 4 fatalities and 7 injuries. Also, 3 Palestinians were killed in an airstrike targeted a house in the same area. Total fatalities coded 7.",7,,1759790002
PSE55102,7/3/2024,2024,1,Political violence,Explosions/Remote violence,Air/drone strike,Military Forces of Israel (2022-),,8,Civilians (Palestine),Refugees/IDPs (Palestine),7,78,Civilian targeting,275,Middle East,Palestine,Gaza Strip,Gaza City,,Gaza - Ash Shati' Camp,31.5349,34.4466,1,Newpress; Palestine News and Information Agency; Twitter,New media-National,"On 3 July 2024, Israeli warplanes struck an apartment near Al Susi mosque in Gaza - Ash Shati' Camp (Gaza City, Gaza Strip), leaving 5 fatalities.",5,,1759790002
PSE55110,7/3/2024,2024,1,Political violence,Explosions/Remote violence,Air/drone strike,Military Forces of Israel (2022-),,8,Civilians (Palestine),,7,78,Civilian targeting,275,Middle East,Palestine,Gaza Strip,Gaza City,,Gaza - At Tuffah,31.5134,34.4751,1,Palestine News and Information Agency; Quds News Network; Twitter,New media-National,"On 3 July 2024, Israeli warplanes struck an apartment in Al Nafaq street of Gaza - At Tuffah (Gaza City, Gaza Strip), leaving at least 4 fatalities and a number of injuries.",4,,1759790002
PSE55225,7/3/2024,2024,1,Political violence,Explosions/Remote violence,Shelling/artillery/missile attack,Military Forces of Israel (2022-),,8,Civilians (Palestine),Refugees/IDPs (Palestine),7,78,Civilian targeting,275,Middle East,Palestine,Gaza Strip,North Gaza,,Jabalya Camp,31.536,34.4907,1,Al-Ittihad; Palestine News and Information Agency; Quds News Network; Twitter,New media-National,"On 3 July 2024, Israeli artillery shelled the eastern areas of Jabalya Camp (North Gaza, Gaza Strip), leaving injuries.",0,,1753955132
PSE55078,7/3/2024,2024,1,Political violence,Explosions/Remote violence,Air/drone strike,Military Forces of Israel (2022-),,8,Civilians (Palestine),,7,78,Civilian targeting,275,Middle East,Palestine,Gaza Strip,Deir El Balah,,An Nusayrat - West,31.4525,34.3756,1,Arab 48; Newpress; Palestine News and Information Agency; Quds News Network; Twitter,New media-National,"On 3 July 2024, Israeli warplanes struck a house in An Nusayrat - West (Deir El Balah, Gaza Strip), leaving 3 fatalities and a number of injuries.",3,,1753955132
PSE55156,7/3/2024,2024,1,Political violence,Explosions/Remote violence,Air/drone strike,Military Forces of Israel (2022-),,8,Civilians (Palestine),,7,78,Civilian targeting,275,Middle East,Palestine,Gaza Strip,Gaza City,,Gaza - Shujaiyya,31.4988,34.4699,1,Al-Ittihad; Newpress; Palestine News and Information Agency; Quds News Network; Twitter,New media-National,"On 3 July 2024, Israeli warplanes, UAVs, and tanks opened fire toward houses in Gaza - Shujaiyya (Gaza City, Gaza Strip), leaving fatalities and injuries [unspecified number of fatalities coded as 3]. Also, an Israeli UAV struck and killed 4 Palestinians who tried to return to Shujaiyya. Also, 17 Palestinians were injured in the same UAV attack. Total fatalities coded as 7.",7,,1759790002
PSE55205,7/3/2024,2024,1,Political violence,Explosions/Remote violence,Air/drone strike,Military Forces of Israel (2022-),,8,Civilians (Palestine),Refugees/IDPs (Palestine),7,78,Civilian targeting,275,Middle East,Palestine,Gaza Strip,Khan Yunis,,Khan Yunis - West (Municipal Stadium),31.3484,34.2961,1,Arab 48; Newpress; Palestine News and Information Agency; Quds News Network; Twitter,New media-National,"On 3 July 2024, Israeli warplanes struck a house and a school hosting displaced people near Nasser Hospital west of Khan Yunis, coded to (Khan Yunis - West (Municipal Stadium), Gaza Strip). As a result, one Palestinian was killed and a number of others were injured.",1,,1753955132
PSE55136,7/3/2024,2024,1,Political violence,Explosions/Remote violence,Air/drone strike,Military Forces of Israel (2022-),,8,Civilians (Palestine),,7,78,Civilian targeting,275,Middle East,Palestine,Gaza Strip,Gaza City,,Gaza - Sheikh Radwan,31.5349,34.4667,1,Palestine News and Information Agency; Quds News Network; Twitter,New media-National,"On 3 July 2024, Israeli warplanes struck a house near Berket in Gaza - Sheikh Radwan (Gaza City, Gaza Strip), leaving 7 fatalities and 7 injuries. Also, warplanes struck a land [casualties unknown]. Fatalities coded at least 7.",7,,1759790002
PSE55277,7/3/2024,2024,1,Political violence,Explosions/Remote violence,Air/drone strike,Military Forces of Israel (2022-),,8,Civilians (Palestine),,7,78,Civilian targeting,275,Middle East,Palestine,Gaza Strip,Rafah,,Tal as Sultan,31.3098,34.2414,1,Newpress; Palestine News and Information Agency; Twitter,New media-National,"On 3 July 2024, likely Israeli airstrikes led rescue teams to recover the bodies of 7 Palestinians who were killed [likely in airstrikes] in the Tal as Sultan neighborhood (Rafah, Gaza Strip), among them were 5 charred bodies.",7,,1762829569
PSE55117,7/3/2024,2024,1,Political violence,Explosions/Remote violence,Air/drone strike,Military Forces of Israel (2022-),,8,Civilians (Palestine),,7,78,Civilian targeting,275,Middle East,Palestine,Gaza Strip,Gaza City,,Gaza - Az Zaytun,31.4964,34.4522,1,Palestine News and Information Agency; Quds News Network; Twitter,New media-National,"On 3 July 2024, Israeli UAVs and artillery opened fire toward Palestinian houses in Gaza - Az Zaytun (Gaza City, Gaza Strip). Casualties unknown.",0,,1759790002
PSE55176,7/3/2024,2024,1,Political violence,Explosions/Remote violence,Air/drone strike,Military Forces of Israel (2022-),,8,Civilians (Palestine),,7,78,Civilian targeting,275,Middle East,Palestine,Gaza Strip,Gaza City,,Gaza - Tal el Hawa,31.5041,34.435,1,Palestine News and Information Agency,National,"On 3 July 2024, Israeli UAVs struck and killed 3 Palestinians in Gaza - Tal el Hawa (Gaza City, Gaza Strip). Also, the artillery fired shells toward Palestinian houses in the same area [casualties unknown]. Fatalities coded at least 3.",3,,1759790002
PSE55179,7/3/2024,2024,1,Political violence,Explosions/Remote violence,Shelling/artillery/missile attack,Military Forces of Israel (2022-),,8,Civilians (Palestine),,7,78,Civilian targeting,275,Middle East,Palestine,Gaza Strip,Gaza City,,Juhr ad Dik,31.4557,34.4372,1,Newpress; Palestine News and Information Agency; Quds News Network; Twitter,New media-National,"On 3 July 2024, Israeli artillery struck a group of Palestinians in Juhr ad Dik (Gaza City, Gaza Strip), leaving 2 fatalities.",2,,1753955132
PSE55248,7/3/2024,2024,1,Political violence,Explosions/Remote violence,Air/drone strike,Military Forces of Israel (2022-),,8,Civilians (Palestine),,7,78,Civilian targeting,275,Middle East,Palestine,Gaza Strip,Rafah,,Rafah,31.287,34.2595,1,Newpress; Palestine News and Information Agency; Twitter,New media-National,"On 3 July 2024, 14 Palestinians were killed [likely in airstrikes] in several locations in Rafah during the day [7 fatalities coded to this location and 7 coded to Tal as Sultan]. Also, Israeli artillery targeted the center of Rafah (Rafah, Gaza Strip). Casualties unknown. Fatalities coded as 7.",7,,1762829569
PSE55064,7/4/2024,2024,1,Political violence,Explosions/Remote violence,Air/drone strike,Military Forces of Israel (2022-),,8,Civilians (Palestine),Refugees/IDPs (Palestine),7,78,Civilian targeting,275,Middle East,Palestine,Gaza Strip,Deir El Balah,,An Nusayrat,31.4486,34.3925,1,Palestine News and Information Agency; Quds News Network; Twitter,New media-National,"On 4 July 2024, Israeli warplanes struck a house in An Nusayrat Camp (Deir El Balah, Gaza Strip), leaving 4 fatalities and a number of injuries.",4,,1753955132
PSE55103,7/4/2024,2024,1,Political violence,Explosions/Remote violence,Air/drone strike,Military Forces of Israel (2022-),,8,Civilians (Palestine),Refugees/IDPs (Palestine),7,78,Civilian targeting,275,Middle East,Palestine,Gaza Strip,Gaza City,,Gaza - Ash Shati' Camp,31.5349,34.4466,1,Arab 48; Newpress; Twitter,New media-National,"On 4 July 2024, Israeli UAVs struck a group of Palestinians near a school hosting displaced people in Gaza - Ash Shati' Camp (Gaza City, Gaza Strip), leaving one fatality and a number of injuries.",1,,1759790002
PSE55111,7/4/2024,2024,1,Political violence,Explosions/Remote violence,Air/drone strike,Military Forces of Israel (2022-),,8,Civilians (Palestine),Journalists (Palestine),7,78,Civilian targeting,275,Middle East,Palestine,Gaza Strip,Gaza City,,Gaza - At Tuffah,31.5134,34.4751,1,Arab 48; Quds News Network; Twitter,New media-National,"On 4 July 2024, Israeli warplanes struck a target near Al Mahata mosque in Gaza - At Tuffah (Gaza City, Gaza Strip), leaving one journalist killed and a number of injuries.",1,,1759790002
PSE55161,7/4/2024,2024,1,Political violence,Explosions/Remote violence,Shelling/artillery/missile attack,Military Forces of Israel (2022-),,8,Civilians (Palestine),,7,78,Civilian targeting,275,Middle East,Palestine,Gaza Strip,Gaza City,,Gaza - Shujaiyya,31.4988,34.4699,2,Palestine News and Information Agency; PLO Negotiations Affairs Department; Quds News Network; Twitter,Other-New media,"On 4 July 2024, Israeli artillery and tanks shelled targets east of Gaza City, coded to Gaza - Shujaiyya (Gaza City, Gaza Strip). Casualties unknown. Also, the artillery shelled the Shaaf street east of Gaza city, leaving one fatality. Fatalities coded at least 1.",1,,1759790002
PSE55164,7/4/2024,2024,1,Political violence,Explosions/Remote violence,Air/drone strike,Military Forces of Israel (2022-),,8,Civilians (Palestine),,7,78,Civilian targeting,275,Middle East,Palestine,Gaza Strip,Gaza City,,Gaza - Shujaiyya,31.4988,34.4699,1,Quds News Network; Twitter,New media-National,"On 4 July 2024, Israeli warplanes struck targets in Gaza - Shujaiyya (Gaza City, Gaza Strip), leaving injuries.",0,,1759790002
PSE55201,7/4/2024,2024,1,Political violence,Explosions/Remote violence,Shelling/artillery/missile attack,Military Forces of Israel (2022-),,8,Civilians (Palestine),,7,78,Civilian targeting,275,Middle East,Palestine,Gaza Strip,Khan Yunis,,Khan Yunis - An Nasser,31.3746,34.2993,1,Palestine News and Information Agency; Quds News Network; Twitter,New media-National,"On 4 July 2024, Israeli artillery shelled Khan Yunis - An Nasser (Khan Yunis, Gaza Strip), leaving 2 fatalities.",2,,1753955132
PSE55219,7/4/2024,2024,1,Political violence,Explosions/Remote violence,Shelling/artillery/missile attack,Military Forces of Israel (2022-),,8,Civilians (Palestine),,7,78,Civilian targeting,275,Middle East,Palestine,Gaza Strip,North Gaza,,Beit Lahiya,31.5541,34.5016,1,Arab 48; Newpress; Quds News Network; Twitter,New media-National,"On 4 July 2024, Israeli artillery shelled targets (including a house) the northern and western areas of Beit Lahiya (North Gaza, Gaza Strip), leaving one fatality.",1,,1753955132
PSE55226,7/4/2024,2024,1,Political violence,Explosions/Remote violence,Air/drone strike,Military Forces of Israel (2022-),,8,Civilians (Palestine),,7,78,Civilian targeting,275,Middle East,Palestine,Gaza Strip,North Gaza,,Jabalya Camp,31.536,34.4907,2,Arab 48; Palestine News and Information Agency; Quds News Network; Twitter,New media-National,"On 4 July 2024, Israeli UAVs struck the Al Seka street east of Jabalya Camp (North Gaza, Gaza Strip), killing a Palestinian and injuring 3 more.",1,,1753955132
PSE55233,7/4/2024,2024,1,Political violence,Explosions/Remote violence,Air/drone strike,Military Forces of Israel (2022-),,8,Civilians (Palestine),,7,78,Civilian targeting,275,Middle East,Palestine,Gaza Strip,Rafah,,Al Mawasi (Rafah),31.3294,34.2299,1,Palestine News and Information Agency,National,"On 4 July 2024, Israeli UAVs struck a group of people in (Al Mawasi (Rafah), Gaza Strip), killing 2 Palestinians.",2,,1762829569
PSE55281,7/4/2024,2024,1,Political violence,Explosions/Remote violence,Air/drone strike,Military Forces of Israel (2022-),,8,Civilians (Palestine),,7,78,Civilian targeting,275,Middle East,Palestine,Gaza Strip,Rafah,,Tal as Sultan,31.3098,34.2414,2,Arab 48,National,"On 4 July 2024, Israeli rescue teams recovered the bodies of 6 Palestinians killed in west of Rafah, coded to Tal as Sultan (Rafah, Gaza Strip), likely by airstrikes. Fatalities coded as 6.",6,,1762829569
PSE55291,7/4/2024,2024,1,Political violence,Explosions/Remote violence,Shelling/artillery/missile attack,Military Forces of Israel (2022-),,8,Civilians (Palestine),,7,78,Civilian targeting,275,Middle East,Palestine,Gaza Strip,Rafah,,Yibna,31.2842,34.2482,2,Palestine News and Information Agency; PLO Negotiations Affairs Department,Other-National,"On 4 July 2024, Israeli artillery and tanks shelled targets east of Rafah, coded to Yibna (Rafah, Gaza Strip). At least one Palestinian was killed.",1,,1753955132
PSE55118,7/4/2024,2024,1,Political violence,Explosions/Remote violence,Air/drone strike,Military Forces of Israel (2022-),,8,Civilians (Palestine),,7,78,Civilian targeting,275,Middle East,Palestine,Gaza Strip,Gaza City,,Gaza - Az Zaytun,31.4964,34.4522,1,Quds News Network; Twitter,New media-National,"On 4 July 2024, Israeli warplanes struck a house in Gaza - Az Zaytun (Gaza City, Gaza Strip), leaving one fatality.",1,,1759790002
PSE55065,7/5/2024,2024,1,Political violence,Explosions/Remote violence,Air/drone strike,Military Forces of Israel (2022-),,8,Civilians (Palestine),Refugees/IDPs (Palestine),7,78,Civilian targeting,275,Middle East,Palestine,Gaza Strip,Deir El Balah,,An Nusayrat,31.4486,34.3925,1,Arab 48; Newpress; Palestine News and Information Agency; Quds News Network; Twitter,New media-National,"On 5 July 2024, Israeli warplanes struck a house in An Nusayrat Camp (Deir El Balah, Gaza Strip), leaving 6 fatalities. Also, the Israeli artillery shelled targets [casualties unknown]. Fatalities coded at least 6.",6,,1753955132
PSE55096,7/5/2024,2024,1,Political violence,Explosions/Remote violence,Air/drone strike,Military Forces of Israel (2022-),,8,Civilians (Palestine),,7,78,Civilian targeting,275,Middle East,Palestine,Gaza Strip,Gaza City,,Gaza,31.5045,34.4743,1,Palestine News and Information Agency,National,"On 5 July 2024, Israeli warplanes struck a house in Gaza City (Gaza Strip), leaving one fatality.",1,,1759790002
PSE55101,7/5/2024,2024,1,Political violence,Explosions/Remote violence,Air/drone strike,Military Forces of Israel (2022-),,8,Civilians (Palestine),Journalists (Palestine),7,78,Civilian targeting,275,Middle East,Palestine,Gaza Strip,Gaza City,,Gaza - Ad Darraj,31.5172,34.4642,1,Arab 48; Ma'an News Agency; Newpress; Palestine News and Information Agency; Quds News Network; Twitter,New media-National,"On 5 July 2024, Israeli warplanes struck a house in Al Sahaba area of Gaza - Ad Darraj (Gaza City, Gaza Strip), leaving 3 fatalities, including 2 journalists and injuring others.",3,,1759790002
PSE55112,7/5/2024,2024,1,Political violence,Explosions/Remote violence,Air/drone strike,Military Forces of Israel (2022-),,8,Civilians (Palestine),,7,78,Civilian targeting,275,Middle East,Palestine,Gaza Strip,Gaza City,,Gaza - At Tuffah,31.5134,34.4751,2,Ma'an News Agency; Palestine News and Information Agency; Quds News Network; Twitter,New media-National,"On 5 July 2024, Israeli warplanes struck a house in al-Nafaq area of Gaza city, coded to Gaza - At Tuffah (Gaza City, Gaza Strip), killing at least 2 children and leaving a number of injuries.",2,,1759790002
PSE55183,7/5/2024,2024,1,Political violence,Explosions/Remote violence,Air/drone strike,Military Forces of Israel (2022-),,8,Civilians (Palestine),,7,78,Civilian targeting,275,Middle East,Palestine,Gaza Strip,Khan Yunis,,Abasan al Kabirah,31.3191,34.3401,1,Palestine News and Information Agency,National,"On 5 July 2024, Israeli warplanes struck an empty house in Abasan al Kabirah (Khan Yunis, Gaza Strip). There were no casualties.",0,,1753955132
PSE55197,7/5/2024,2024,1,Political violence,Explosions/Remote violence,Air/drone strike,Military Forces of Israel (2022-),,8,Civilians (Palestine),,7,78,Civilian targeting,275,Middle East,Palestine,Gaza Strip,Khan Yunis,,Bani Suheila,31.3424,34.325,1,Arab 48; Palestine News and Information Agency; Quds News Network; Twitter,New media-National,"On 5 July 2024, Israeli warplanes struck a house in Bani Suheila (Khan Yunis, Gaza Strip), killing a Palestinian and injuring his wife.",1,,1753955132
PSE55204,7/5/2024,2024,1,Political violence,Explosions/Remote violence,Air/drone strike,Military Forces of Israel (2022-),,8,Civilians (Palestine),,7,78,Civilian targeting,275,Middle East,Palestine,Gaza Strip,Khan Yunis,,Khan Yunis - Maen,31.336,34.3172,1,Newpress; Twitter,New media-National,"On 5 July 2024, Israeli warplanes struck a house in Khan Yunis - Maen (Khan Yunis, Gaza Strip), leaving 6 fatalities, including 3 children.",6,,1753955132
PSE55060,7/5/2024,2024,1,Political violence,Explosions/Remote violence,Air/drone strike,Military Forces of Israel (2022-),,8,Civilians (Palestine),Refugees/IDPs (Palestine),7,78,Civilian targeting,275,Middle East,Palestine,Gaza Strip,Deir El Balah,,Al Maghazi,31.4214,34.3865,2,Newpress; Palestine News and Information Agency; Quds News Network; Twitter,New media-National,"On 5 July 2024, Israeli warplanes struck an area near a UNRWA site hosting displaced people near Al Maghazi Camp (Deir El Balah, Gaza Strip), leaving 3 fatalities.",3,,1753955132
PSE55283,7/5/2024,2024,1,Political violence,Explosions/Remote violence,Air/drone strike,Military Forces of Israel (2022-),,8,Civilians (Palestine),,7,78,Civilian targeting,275,Middle East,Palestine,Gaza Strip,Rafah,,Tal as Sultan,31.3098,34.2414,1,Arab 48; Newpress; Quds News Network; Twitter,New media-National,"On 5 July 2024, rescue teams recovered the bodies of 3 Palestinians who were killed by Israeli forces in the Saudi neighborhood of Tal as Sultan (Rafah, Gaza Strip), likely by airstrikes or artillery fire.",3,,1762829569
PSE55166,7/5/2024,2024,1,Political violence,Explosions/Remote violence,Air/drone strike,Military Forces of Israel (2022-),,8,Civilians (Palestine),,7,78,Civilian targeting,275,Middle East,Palestine,Gaza Strip,Gaza City,,Gaza - Shujaiyya,31.4988,34.4699,1,Arab 48; Newpress; Palestine News and Information Agency; Quds News Network; Twitter,New media-National,"On 5 July 2024, Israeli UAVs and artillery opened fire toward the Gaza - Shujaiyya (Gaza City, Gaza Strip). Casualties unknown. [On 11 July 2024, 66 bodies were recovered from under the rubble in Sabra. These fatalities were split across three events, 22 fatalities were coded to this event].",22,,1759790002
PSE55293,7/5/2024,2024,1,Political violence,Explosions/Remote violence,Shelling/artillery/missile attack,Military Forces of Israel (2022-),,8,Civilians (Palestine),,7,78,Civilian targeting,275,Middle East,Palestine,Gaza Strip,Rafah,,Yibna,31.2842,34.2482,2,Arab 48; Newpress; PLO Negotiations Affairs Department; Twitter,Other-New media,"On 5 July 2024, Israeli artillery and tanks shelled targets east of Rafah, coded to Yibna (Rafah, Gaza Strip). Casualties unknown. A Palestinian body was recovered from east of Rafah. Fatalities coded at least 1.",1,,1753955132
PSE55223,7/5/2024,2024,1,Political violence,Explosions/Remote violence,Air/drone strike,Military Forces of Israel (2022-),,8,Civilians (Palestine),,7,78,Civilian targeting,275,Middle East,Palestine,Gaza Strip,North Gaza,,Jabalya,31.5272,34.4835,1,Palestine News and Information Agency,National,"On 5 July 2024, Israeli warplanes struck a target in Jabalya town (North Gaza, Gaza Strip), leaving 5 fatalities, including 3 children.",5,,1759790002
PSE55196,7/5/2024,2024,1,Political violence,Explosions/Remote violence,Shelling/artillery/missile attack,Military Forces of Israel (2022-),,8,Civilians (Palestine),,7,78,Civilian targeting,275,Middle East,Palestine,Gaza Strip,Khan Yunis,,Bani Suheila,31.3424,34.325,2,PLO Negotiations Affairs Department; Quds News Network; Twitter,Other-New media,"On 5 July 2024, Israeli artillery and tanks shelled targets east of Khan Yunis, coded to Bani Suheila (Khan Yunis, Gaza Strip). Casualties unknown. Also, a number of Palestinians securing aid trucks were injured by Israeli fire. This event involved violence over aid.",0,,1753955132
PSE55080,7/5/2024,2024,1,Political violence,Violence against civilians,Attack,Hamas Movement,,3,Civilians (Palestine),,7,37,Civilian targeting,275,Middle East,Palestine,Gaza Strip,Deir El Balah,,Deir al Balah,31.4178,34.3503,2,Arutz Sheva; Israeli Defense Forces; Twitter,Other-New media,"On 5 July 2024, Hamas militants severely hit using sticks Palestinians accused of stealing aid, likely in Deir al Balah (Deir El Balah, Gaza Strip). This event involved violence over aid.",0,,1752544352
PSE77435,7/5/2024,2024,2,Political violence,Violence against civilians,Attack,Hamas Movement,,3,Civilians (Palestine),,7,37,Civilian targeting,275,Middle East,Palestine,Gaza Strip,Gaza City,,Gaza,31.5045,34.4743,3,Jerusalem Post,Regional,"Around 5 July 2024, (as reported), Hamas beat Palestinian with batons, who were tied up and blindfolded and accused of aid looting [unidentified location] coded to Gaza City, Gaza Strip. This event involved intra-Palestinian violence.",0,,1759790002
PSE55449,7/6/2024,2024,1,Political violence,Explosions/Remote violence,Air/drone strike,Military Forces of Israel (2022-),,8,Civilians (Palestine),,7,78,Civilian targeting,275,Middle East,Palestine,Gaza Strip,Gaza City,,Gaza,31.5045,34.4743,1,Ma'an News Agency,National,"On 6 July 2024, Israeli warplanes struck a house in Gaza City (Gaza Strip), killing a woman and a child.",2,,1759790002
PSE55451,7/6/2024,2024,1,Political violence,Explosions/Remote violence,Air/drone strike,Military Forces of Israel (2022-),,8,Civilians (Palestine),,7,78,Civilian targeting,275,Middle East,Palestine,Gaza Strip,Gaza City,,Gaza - Sabra,31.5086,34.4493,1,Arab 48; Newpress; Quds News Network; Twitter,New media-National,"On 6 July 2024, Israeli warplanes struck a target in Gaza - Sabra (Gaza City, Gaza Strip), leaving 6 fatalities.",6,,1759790002
PSE55452,7/6/2024,2024,1,Political violence,Explosions/Remote violence,Air/drone strike,Military Forces of Israel (2022-),,8,Civilians (Palestine),,7,78,Civilian targeting,275,Middle East,Palestine,Gaza Strip,Gaza City,,Gaza - Sheikh Radwan,31.5349,34.4667,1,Arab 48; Ma'an News Agency; Newpress; Palestine News and Information Agency; Quds News Network; Twitter,New media-National,"On 6 July 2024, Israeli warplanes struck a house in Gaza - Sheikh Radwan (Gaza City, Gaza Strip), leaving at least 8 fatalities and a number of injuries.",8,,1759790002
PSE55455,7/6/2024,2024,1,Political violence,Explosions/Remote violence,Air/drone strike,Military Forces of Israel (2022-),,8,Civilians (Palestine),Refugees/IDPs (Palestine),7,78,Civilian targeting,275,Middle East,Palestine,Gaza Strip,North Gaza,,Jabalya Camp,31.536,34.4907,1,Arab 48; Quds News Network; Twitter,New media-National,"On 6 July 2024, Israeli UAVs struck targets in Jabalya Camp (North Gaza, Gaza Strip), killing a Palestinian.",1,,1753955132
PSE55458,7/6/2024,2024,1,Political violence,Explosions/Remote violence,Air/drone strike,Military Forces of Israel (2022-),,8,Civilians (Palestine),,7,78,Civilian targeting,275,Middle East,Palestine,Gaza Strip,Deir El Balah,,Wadi as Salqa,31.4005,34.3375,1,Palestine News and Information Agency; Quds News Network; Twitter,New media-National,"On 6 July 2024, Israeli warplanes struck a house in Wadi as Salqa (Deir El Balah, Gaza Strip), killing 2 Palestinians.",2,,1753955132
PSE55539,7/6/2024,2024,1,Political violence,Explosions/Remote violence,Air/drone strike,Military Forces of Israel (2022-),,8,Police Forces of Palestine (2007-) Gaza Strip,Hamas Movement,1,18,,275,Middle East,Palestine,Gaza Strip,Rafah,,Al Mawasi (Rafah),31.3294,34.2299,2,Dunia Al Watan; Palestine News and Information Agency,National,"On 6 July 2024, Israeli warplanes struck a passing vehicle belonging to Hamas police in Al Shakoush area, coded to Al Mawasi (Rafah), killing 6 police officers and injuring a number of others.",6,,1762829569
PSE55828,7/6/2024,2024,1,Political violence,Explosions/Remote violence,Shelling/artillery/missile attack,Military Forces of Israel (2022-),,8,Civilians (Palestine),,7,78,Civilian targeting,275,Middle East,Palestine,Gaza Strip,Deir El Balah,,An Nusayrat - North,31.4591,34.3923,1,Palestine News and Information Agency; Quds News Network; Twitter,New media-National,"On 6 July 2024, Israeli tanks opened fire at Palestinian houses in An Nusayrat - North (Deir El Balah, Gaza Strip). Casualties unknown. Meanwhile, the Israeli artillery shelled targets in the same area [casualties unknown].",0,,1753955132
PSE55457,7/6/2024,2024,1,Political violence,Explosions/Remote violence,Air/drone strike,Military Forces of Israel (2022-),,8,Civilians (Palestine),,7,78,Civilian targeting,275,Middle East,Palestine,Gaza Strip,Rafah,,Shokat as Sufi,31.2586,34.2824,1,Quds News Network,National,"On 6 July 2024, a number of Palestinians were killed by Israeli forces [likely airstrikes] on the outskirts of Shokat as Sufi (Rafah, Gaza Strip). Unspecified number of Palestinian fatalities coded as 3.",3,,1753955132
PSE55453,7/6/2024,2024,1,Political violence,Explosions/Remote violence,Air/drone strike,Military Forces of Israel (2022-),,8,Civilians (Palestine),,7,78,Civilian targeting,275,Middle East,Palestine,Gaza Strip,Gaza City,,Gaza - Southern Remal,31.5168,34.4355,2,Quds News Network; Twitter,New media-National,"On 6 July 2024, Israeli warplanes struck a house west of Gaza City, coded to Gaza - Southern Remal (Gaza City, Gaza Strip). Casualties unknown.",0,,1759790002
PSE55450,7/6/2024,2024,1,Political violence,Explosions/Remote violence,Air/drone strike,Military Forces of Israel (2022-),,8,Civilians (Palestine),,7,78,Civilian targeting,275,Middle East,Palestine,Gaza Strip,Gaza City,,Gaza - Az Zaytun,31.4964,34.4522,1,Ma'an News Agency; Newpress; Palestine News and Information Agency; Quds News Network; Twitter,New media-National,"On 6 July 2024, Israeli warplanes struck a house near Al Huriya school in Gaza - Az Zaytun (Gaza City, Gaza Strip), killing 2 Palestinians (an elderly man and his wife). Also, the Israeli artillery shelled Az Zaytun including the eastern areas and Al Salba area, killing 4 persons. In addition, one Palestinian was killed in artillery fire near Al Abrar mosque in Az Zaytun. Meanwhile, Israeli tanks and UAVs opened fire toward Az Zaytun [casualties unknown]. Fatalities coded at least 7.",7,,1759790002
PSE55454,7/6/2024,2024,1,Political violence,Explosions/Remote violence,Air/drone strike,Military Forces of Israel (2022-),,8,Civilians (Palestine),,7,78,Civilian targeting,275,Middle East,Palestine,Gaza Strip,North Gaza,,Jabalya,31.5272,34.4835,2,Palestine News and Information Agency; Quds News Network; Twitter,New media-National,"On 6 July 2024, Israeli warplanes struck a group of people in Al Sekka area east of Jabalya (North Gaza, Gaza Strip), leaving one fatality and a number of injuries.",1,,1759790002
PSE55456,7/6/2024,2024,1,Political violence,Explosions/Remote violence,Air/drone strike,Military Forces of Israel (2022-),,8,Civilians (Palestine),,7,78,Civilian targeting,275,Middle East,Palestine,Gaza Strip,Rafah,,Rafah,31.287,34.2595,1,Arab 48; Ma'an News Agency; Palestine News and Information Agency; Quds News Network; Twitter,New media-National,"On 6 July 2024, Israeli forces [likely by airstrikes or artillery] killed 7 Palestinians, including 2 women in Rafah City (Rafah, Gaza Strip) who were later recovered by rescue teams. Also, the artillery shelled the center of Rafah [casualties unknown]. Fatalities coded at least 7.",7,,1762829569
PSE55459,7/7/2024,2024,1,Political violence,Explosions/Remote violence,Air/drone strike,Military Forces of Israel (2022-),,8,Civilians (Palestine),Refugees/IDPs (Palestine),7,78,Civilian targeting,275,Middle East,Palestine,Gaza Strip,Deir El Balah,,Al Burayj,31.4394,34.4031,1,Palestine News and Information Agency; Quds News Network; Twitter,New media-National,"On 7 July 2024, Israeli warplanes struck a house in Al Burayj Camp (Deir El Balah, Gaza Strip), leaving 3 fatalities and a number of injuries. Also, the Israeli artillery shelled targets in the camp [casualties unknown]. Fatalities coded at least 3.",3,,1753955132
PSE55460,7/7/2024,2024,1,Political violence,Explosions/Remote violence,Air/drone strike,Military Forces of Israel (2022-),,8,Civilians (Palestine),Refugees/IDPs (Palestine),7,78,Civilian targeting,275,Middle East,Palestine,Gaza Strip,Deir El Balah,,An Nusayrat,31.4486,34.3925,1,Palestine News and Information Agency; Quds News Network; Twitter,New media-National,"On 7 July 2024, Israeli warplanes struck a house in An Nusayrat Camp (Deir El Balah, Gaza Strip), leaving injuries.",0,,1753955132
PSE55461,7/7/2024,2024,1,Political violence,Explosions/Remote violence,Air/drone strike,Military Forces of Israel (2022-),,8,Civilians (Palestine),,7,78,Civilian targeting,275,Middle East,Palestine,Gaza Strip,Deir El Balah,,An Nusayrat - North,31.4591,34.3923,1,Palestine News and Information Agency,National,"On 7 July 2024, Israeli warplanes struck targets in An Nusayrat - North (Deir El Balah, Gaza Strip), leaving injuries.",0,,1753955132
PSE55462,7/7/2024,2024,1,Political violence,Explosions/Remote violence,Air/drone strike,Military Forces of Israel (2022-),,8,Civilians (Palestine),,7,78,Civilian targeting,275,Middle East,Palestine,Gaza Strip,Deir El Balah,,Az Zawayda,31.4284,34.366,1,Palestine News and Information Agency; Quds News Network; Twitter,New media-National,"On 7 July 2024, Israeli warplanes struck a house in Az Zawayda (Deir El Balah, Gaza Strip), leaving 6 fatalities, including 2 children.",6,,1767742780
PSE55464,7/7/2024,2024,1,Political violence,Explosions/Remote violence,Air/drone strike,Military Forces of Israel (2022-),,8,Civilians (Palestine),Refugees/IDPs (Palestine),7,78,Civilian targeting,275,Middle East,Palestine,Gaza Strip,Gaza City,,Gaza - Ash Shati' Camp,31.5349,34.4466,1,Arab 48; Quds News Network; Twitter,New media-National,"On 7 July 2024, Israeli warplanes struck a house in Gaza - Ash Shati' Camp (Gaza City, Gaza Strip). Casualties unknown.",0,,1759790002
PSE55465,7/7/2024,2024,1,Political violence,Explosions/Remote violence,Air/drone strike,Military Forces of Israel (2022-),,8,Civilians (Palestine),,7,78,Civilian targeting,275,Middle East,Palestine,Gaza Strip,Gaza City,,Gaza - At Tuffah,31.5134,34.4751,1,Arab 48; Palestine News and Information Agency; Quds News Network; Twitter,New media-National,"On 7 July 2024, Israeli warplanes struck an apartment in Gaza - At Tuffah (Gaza City, Gaza Strip), leaving 5 injuries. Also, the artillery shelled targets including houses in al-Sanafour area of At Tuffah, leaving dozens of injuries.",0,,1759790002
PSE55467,7/7/2024,2024,1,Political violence,Explosions/Remote violence,Air/drone strike,Military Forces of Israel (2022-),,8,Civilians (Palestine),,7,78,Civilian targeting,275,Middle East,Palestine,Gaza Strip,Gaza City,,Gaza - Sabra,31.5086,34.4493,1,Palestine News and Information Agency,National,"On 7 July 2024, Israeli warplanes struck a group of people in Gaza - Sabra (Gaza City, Gaza Strip), leaving 2 fatalities.",2,,1759790002
PSE55468,7/7/2024,2024,1,Political violence,Explosions/Remote violence,Air/drone strike,Military Forces of Israel (2022-),,8,Civilians (Palestine),,7,78,Civilian targeting,275,Middle East,Palestine,Gaza Strip,Gaza City,,Gaza - Sheikh Radwan,31.5349,34.4667,1,Palestine News and Information Agency,National,"On 7 July 2024, Israeli warplanes struck a house in Gaza - Sheikh Radwan (Gaza City, Gaza Strip), leaving at least 6 fatalities.",6,,1759790002
PSE55469,7/7/2024,2024,1,Political violence,Explosions/Remote violence,Air/drone strike,Military Forces of Israel (2022-),,8,Civilians (Palestine),,7,78,Civilian targeting,275,Middle East,Palestine,Gaza Strip,Gaza City,,Gaza - Shujaiyya,31.4988,34.4699,1,Quds News Network; Twitter,New media-National,"On 7 July 2024, Israeli UAVs opened fire and the artillery shelled targets in Gaza - Shujaiyya (Gaza City, Gaza Strip), injuring a Palestinian.",0,,1759790002
PSE55471,7/7/2024,2024,1,Political violence,Explosions/Remote violence,Air/drone strike,Military Forces of Israel (2022-),,8,Civilians (Palestine),,7,78,Civilian targeting,275,Middle East,Palestine,Gaza Strip,Gaza City,,Gaza Port,31.5245,34.4326,1,Palestine News and Information Agency,National,"On 7 July 2024, Israeli warplanes struck a house in Gaza Port (Gaza City, Gaza Strip), leaving at least 3 fatalities.",3,,1753955132
PSE55830,7/7/2024,2024,1,Political violence,Explosions/Remote violence,Shelling/artillery/missile attack,Military Forces of Israel (2022-),,8,Civilians (Palestine),,7,78,Civilian targeting,275,Middle East,Palestine,Gaza Strip,North Gaza,,Beit Lahiya,31.5541,34.5016,2,Palestine News and Information Agency; Quds News Network; Twitter,New media-National,"On 7 July 2024, Israeli artillery shelled near the Golden Hall west of Beit Lahiya (North Gaza, Gaza Strip), leaving one fatality.",1,,1753955132
PSE55470,7/7/2024,2024,1,Political violence,Explosions/Remote violence,Air/drone strike,Military Forces of Israel (2022-),,8,Civilians (Palestine),Government of Palestine (2007-) Hamas Government in Gaza; Hamas Movement; Refugees/IDPs (Palestine),7,78,Civilian targeting,275,Middle East,Palestine,Gaza Strip,Gaza City,,Gaza - Southern Remal,31.5168,34.4355,1,Arab 48; Jerusalem Post; Palestine News and Information Agency; Quds News Network; Twitter,New media-National,"On 7 July 2024, Israeli warplanes struck the Holy Family School hosting displaced people in Gaza - Southern Remal (Gaza City, Gaza Strip), leaving 4 fatalities and a number of injuries. Likely, a Hamas leader who is also Undersecretary of the Ministry of Labour was killed in the same airstrike.",4,,1759790002
PSE55829,7/7/2024,2024,1,Political violence,Explosions/Remote violence,Shelling/artillery/missile attack,Military Forces of Israel (2022-),,8,Civilians (Palestine),,7,78,Civilian targeting,275,Middle East,Palestine,Gaza Strip,Gaza City,,Al Mughraqa,31.4675,34.4097,2,Newpress; Palestine News and Information Agency; Twitter,New media-National,"On 7 July 2024, Israeli artillery shelled east of Al Mughraqa (Gaza City, Gaza Strip). Casualties unknown. 2 Palestinians were killed in Wadi Gaza (coded Al Mughraqa). Fatalities coded at least 2.",2,,1753955132
PSE55831,7/7/2024,2024,1,Political violence,Explosions/Remote violence,Shelling/artillery/missile attack,Military Forces of Israel (2022-),,8,Civilians (Palestine),,7,78,Civilian targeting,275,Middle East,Palestine,Gaza Strip,Rafah,,Yibna,31.2842,34.2482,2,Palestine News and Information Agency; PLO Negotiations Affairs Department,Other-National,"On 7 July 2024, Israeli artillery and tanks shelled targets east of Rafah, coded to Yibna (Rafah, Gaza Strip). One Palestinian was killed in artillery fire east of Rafah.",1,,1753955132
PSE55466,7/7/2024,2024,1,Political violence,Explosions/Remote violence,Air/drone strike,Military Forces of Israel (2022-),,8,Civilians (Palestine),,7,78,Civilian targeting,275,Middle East,Palestine,Gaza Strip,Gaza City,,Gaza - Az Zaytun,31.4964,34.4522,1,Palestine News and Information Agency; Quds News Network; Twitter,New media-National,"On 7 July 2024, Israeli UAVs struck a group of Palestinians in Gaza - Az Zaytun (Gaza City, Gaza Strip), leaving 2 fatalities.",2,,1759790002
PSE55472,7/7/2024,2024,1,Political violence,Explosions/Remote violence,Air/drone strike,Military Forces of Israel (2022-),,8,Civilians (Palestine),,7,78,Civilian targeting,275,Middle East,Palestine,Gaza Strip,North Gaza,,Jabalya,31.5272,34.4835,1,Arab 48; Palestine News and Information Agency; Quds News Network; Twitter,New media-National,"On 7 July 2024, Israeli warplanes struck a house in Al Nuzleh area of Jabalya town (North Gaza, Gaza Strip), leaving 11 fatalities and a number of injuries.",11,,1759790002
PSE55473,7/7/2024,2024,1,Political violence,Explosions/Remote violence,Air/drone strike,Military Forces of Israel (2022-),,8,Civilians (Palestine),,7,78,Civilian targeting,275,Middle East,Palestine,Gaza Strip,Rafah,,Khirbet al Adas,31.2855,34.2714,2,Palestine News and Information Agency; Quds News Network; Twitter,New media-National,"On 7 July 2024, Israeli warplanes struck a house in Musabbah area north of Rafah, coded to Khirbet al Adas (Rafah, Gaza Strip), killing a woman and injuring her 3 sons.",1,,1753955132
PSE55474,7/7/2024,2024,1,Political violence,Explosions/Remote violence,Air/drone strike,Military Forces of Israel (2022-),,8,Civilians (Palestine),Refugees/IDPs (Palestine),7,78,Civilian targeting,275,Middle East,Palestine,Gaza Strip,Rafah,,Rafah Camp,31.2847,34.2546,1,Palestine News and Information Agency,National,"On 7 July 2024, Israeli warplanes struck targets near Al Arab schools in Al Shaboura Camp of Rafah Camp (Rafah, Gaza strip), leaving 3 fatalities.",3,,1753955132
PSE55625,7/7/2024,2024,2,Political violence,Violence against civilians,Attack,Military Forces of Israel (2022-),,8,Civilians (Palestine),Prisoners (Palestine),7,78,Civilian targeting,275,Middle East,Palestine,Gaza Strip,Rafah,,Rafah Border Crossing,31.2486,34.2592,2,Arab 48; Quds News Network; Twitter,New media-National,"Around 7 July 2024, Israeli forces killed 3 Palestinians after detaining them and handcuffing them near the Kerem Shalom Crossing, coded to Rafah Border Crossing (Rafah, Gaza Strip).",3,,1753955132
PSE55463,7/7/2024,2024,1,Political violence,Explosions/Remote violence,Air/drone strike,Military Forces of Israel (2022-),,8,Civilians (Palestine),,7,78,Civilian targeting,275,Middle East,Palestine,Gaza Strip,Khan Yunis,,Bani Suheila,31.3424,34.325,2,Palestine News and Information Agency; PLO Negotiations Affairs Department; Quds News Network; Twitter,Other-New media,"On 7 July 2024, Israeli warplanes struck a group of people waiting for aid trucks east of Khan Yunis, killing 3 persons. Also, artillery and tanks shelled targets east of Khan Yunis, coded to Bani Suheila (Khan Yunis, Gaza Strip). Casualties unknown. Fatalities coded at least 3. This event involved violence over aid.",3,,1754946060
PSE55475,7/8/2024,2024,1,Political violence,Explosions/Remote violence,Air/drone strike,Military Forces of Israel (2022-),,8,Civilians (Palestine),Refugees/IDPs (Palestine),7,78,Civilian targeting,275,Middle East,Palestine,Gaza Strip,Deir El Balah,,Al Burayj,31.4394,34.4031,1,Arab 48; Quds News Network; Twitter,New media-National,"On 8 July 2024, Israeli warplanes (quadcopters) struck a house in Al Burayj Camp (Deir El Balah, Gaza Strip), leaving one fatality and a number of injuries.",1,,1753955132
PSE55479,7/8/2024,2024,1,Political violence,Explosions/Remote violence,Air/drone strike,Military Forces of Israel (2022-),,8,Civilians (Palestine),,7,78,Civilian targeting,275,Middle East,Palestine,Gaza Strip,Gaza City,,Gaza - Sabra,31.5086,34.4493,1,Arab 48; Quds News Network; Twitter,New media-National,"On 8 July 2024, Israeli warplanes struck a house and the artillery shelled targets in Gaza - Sabra (Gaza City, Gaza Strip), leaving 2 fatalities.",2,,1759790002
PSE55480,7/8/2024,2024,1,Political violence,Explosions/Remote violence,Air/drone strike,Military Forces of Israel (2022-),,8,Civilians (Palestine),,7,78,Civilian targeting,275,Middle East,Palestine,Gaza Strip,Gaza City,,Gaza - Sheikh Radwan,31.5349,34.4667,2,Quds News Network; Twitter,New media-National,"On 8 July 2024, Israeli forces targeted Palestinians [likely using airstrikes] in Al Saftawi area north of Gaza city, coded to Gaza - Sheikh Radwan (Gaza City, Gaza Strip), injuring 8 persons.",0,,1759790002
PSE55481,7/8/2024,2024,1,Political violence,Explosions/Remote violence,Air/drone strike,Military Forces of Israel (2022-),,8,Civilians (Palestine),,7,78,Civilian targeting,275,Middle East,Palestine,Gaza Strip,Gaza City,,Gaza - Shujaiyya,31.4988,34.4699,1,Newpress; Palestine News and Information Agency; Quds News Network; Twitter,New media-National,"On 8 July 2024, Israeli warplanes carried out airstrikes in Gaza - Shujaiyya (Gaza City, Gaza Strip), leaving 4 fatalities.",4,,1759790002
PSE55832,7/8/2024,2024,1,Political violence,Explosions/Remote violence,Shelling/artillery/missile attack,Military Forces of Israel (2022-),,8,Civilians (Palestine),,7,78,Civilian targeting,275,Middle East,Palestine,Gaza Strip,Deir El Balah,,Al Brawk,31.4204,34.339,2,Arab 48; Quds News Network; Twitter,New media-National,"On 8 July 2024, Israeli artillery shelled the coast of Deir al Balah, coded to Al Brawk (Deir El Balah, Gaza strip), leaving civilians injured.",0,,1767742780
PSE55833,7/8/2024,2024,1,Political violence,Explosions/Remote violence,Shelling/artillery/missile attack,Military Forces of Israel (2022-),,8,Civilians (Palestine),,7,78,Civilian targeting,275,Middle East,Palestine,Gaza Strip,Deir El Balah,,An Nusayrat - West,31.4525,34.3756,1,Arab 48; Quds News Network; Twitter,New media-National,"On 8 July 2024, Israeli artillery targeted An Nusayrat - West (Deir El Balah, Gaza Strip), leaving injuries.",0,,1753955132
PSE55476,7/8/2024,2024,1,Political violence,Explosions/Remote violence,Air/drone strike,Military Forces of Israel (2022-),,8,Civilians (Palestine),,7,78,Civilian targeting,275,Middle East,Palestine,Gaza Strip,Gaza City,,Gaza - Ad Darraj,31.5172,34.4642,1,Palestine News and Information Agency,National,"On 8 July 2024, Israeli warplanes struck targets in Gaza - Ad Darraj (Gaza City, Gaza Strip), leaving dozens of fatalities [coded as 12].",12,,1759790002
PSE55477,7/8/2024,2024,1,Political violence,Explosions/Remote violence,Air/drone strike,Military Forces of Israel (2022-),,8,Civilians (Palestine),,7,78,Civilian targeting,275,Middle East,Palestine,Gaza Strip,Gaza City,,Gaza - At Tuffah,31.5134,34.4751,1,Palestine News and Information Agency; Quds News Network; Twitter,New media-National,"On 8 July 2024, Israeli helicopters opened fire and warplanes struck targets in Gaza - At Tuffah (Gaza City, Gaza Strip), leaving dozens of fatalities [coded as 12].",12,,1759790002
PSE55483,7/8/2024,2024,1,Political violence,Explosions/Remote violence,Air/drone strike,Military Forces of Israel (2022-),,8,Civilians (Palestine),,7,78,Civilian targeting,275,Middle East,Palestine,Gaza Strip,Rafah,,Tal as Sultan,31.3098,34.2414,1,Arab 48; Quds News Network; Twitter,New media-National,"On 8 July 2024, Israeli warplanes struck a group of people in Tal as Sultan (Rafah, Gaza Strip), leaving 5 fatalities.",5,,1762829569
PSE55835,7/8/2024,2024,1,Political violence,Explosions/Remote violence,Shelling/artillery/missile attack,Military Forces of Israel (2022-),,8,Civilians (Palestine),,7,78,Civilian targeting,275,Middle East,Palestine,Gaza Strip,Rafah,,Tal as Sultan,31.3098,34.2414,2,Arab 48,National,"On 8 July 2024, Israeli artillery shelled west of Rafah, coded to Tal as Sultan (Rafah, Gaza Strip), leaving one fatality and a number of injuries.",1,,1762829569
PSE55478,7/8/2024,2024,1,Political violence,Explosions/Remote violence,Air/drone strike,Military Forces of Israel (2022-),,8,Civilians (Palestine),,7,78,Civilian targeting,275,Middle East,Palestine,Gaza Strip,Gaza City,,Gaza - Az Zaytun,31.4964,34.4522,2,Palestine News and Information Agency; Quds News Network; Twitter,New media-National,"On 8 July 2024, Israeli warplanes struck targets and houses south of Gaza city, coded to Gaza - Az Zaytun (Gaza City, Gaza Strip), leaving at least 3 fatalities.",3,,1759790002
PSE55623,7/8/2024,2024,1,Political violence,Violence against civilians,Attack,Hamas Movement,,3,Civilians (Palestine),,7,37,Civilian targeting,275,Middle East,Palestine,Gaza Strip,North Gaza,,Jabalya,31.5272,34.4835,1,Times of Israel,Regional,"On 8 July 2024, around 20 masked men [likely Hamas internal security] severely beat a Gazan anti-Hamas activist with batons and knives in Jabalya (North Gaza, Gaza Strip). He was critically injured.",0,,1759790002
PSE55482,7/8/2024,2024,1,Political violence,Explosions/Remote violence,Air/drone strike,Military Forces of Israel (2022-),,8,Civilians (Palestine),Journalists (Palestine),7,78,Civilian targeting,275,Middle East,Palestine,Gaza Strip,Rafah,,Khirbet al Adas,31.2855,34.2714,1,Quds News Network; Twitter,New media-National,"On 8 July 2024, Israeli warplanes struck a house north of Rafah, coded to Khirbet al Adas (Rafah, Gaza Strip), killing a Palestinian journalist.",1,,1753955132
PSE55834,7/8/2024,2024,1,Political violence,Explosions/Remote violence,Shelling/artillery/missile attack,Military Forces of Israel (2022-),,8,Civilians (Palestine),,7,78,Civilian targeting,275,Middle East,Palestine,Gaza Strip,Rafah,,Khirbet al Adas,31.2855,34.2714,1,Palestine News and Information Agency,National,"On 8 July 2024, Israeli artillery targeted Khirbet al Adas (Rafah, Gaza Strip), injuring 11 civilians.",0,,1753955132
PSE55485,7/9/2024,2024,1,Political violence,Explosions/Remote violence,Air/drone strike,Military Forces of Israel (2022-),,8,Civilians (Palestine),Refugees/IDPs (Palestine),7,78,Civilian targeting,275,Middle East,Palestine,Gaza Strip,Deir El Balah,,Al Burayj,31.4394,34.4031,1,Arab 48; Newpress; Palestine News and Information Agency; Quds News Network; Twitter,New media-National,"On 9 July 2024, an Israeli UAV struck a group of Palestinians in Al Burayj Camp (Deir El Balah, Gaza Strip), leaving 9 fatalities, including children.",9,,1753955132
PSE55486,7/9/2024,2024,1,Political violence,Explosions/Remote violence,Air/drone strike,Military Forces of Israel (2022-),,8,Civilians (Palestine),,7,78,Civilian targeting,275,Middle East,Palestine,Gaza Strip,Deir El Balah,,Al Musaddar,31.4105,34.378,2,Arab 48; Newpress; Palestine News and Information Agency; Quds News Network; Twitter,New media-National,"On 9 July 2024, Israeli warplanes struck a house southwest of Deir al Balah city, coded to Al Musaddar (Deir El Balah, Gaza Strip), leaving 5 fatalities.",5,,1765850627
PSE55487,7/9/2024,2024,1,Political violence,Explosions/Remote violence,Air/drone strike,Military Forces of Israel (2022-),,8,Civilians (Palestine),Refugees/IDPs (Palestine),7,78,Civilian targeting,275,Middle East,Palestine,Gaza Strip,Deir El Balah,,An Nusayrat,31.4486,34.3925,1,Newpress; Palestine News and Information Agency; Quds News Network; Twitter,New media-National,"On 9 July 2024, Israeli warplanes struck a house in An Nusayrat Camp (Deir El Balah, Gaza Strip), leaving 7 fatalities. Also, 4 Palestinians were killed in an airstrike targeted the market of An Nusayrat. Total fatalities were 11.",11,,1753955132
PSE55488,7/9/2024,2024,1,Political violence,Explosions/Remote violence,Air/drone strike,Military Forces of Israel (2022-),,8,Civilians (Palestine),,7,78,Civilian targeting,275,Middle East,Palestine,Gaza Strip,Deir El Balah,,An Nusayrat - North,31.4591,34.3923,1,Arab 48; Newpress; Twitter,New media-National,"On 9 July 2024, Israeli warplanes struck a house in An Nusayrat - North (Deir El Balah, Gaza Strip) leaving 17 fatalities.",17,,1753955132
PSE55489,7/9/2024,2024,1,Political violence,Explosions/Remote violence,Air/drone strike,Military Forces of Israel (2022-),,8,Civilians (Palestine),,7,78,Civilian targeting,275,Middle East,Palestine,Gaza Strip,Deir El Balah,,Deir al Balah,31.4178,34.3503,1,Quds News Network; Twitter,New media-National,"On 9 July 2024, Israeli warplanes struck a house at the Nakhil street in Deir al Balah city (Deir El Balah, Gaza Strip), killing a Palestinian woman.",1,,1753955132
PSE55491,7/9/2024,2024,1,Political violence,Explosions/Remote violence,Air/drone strike,Military Forces of Israel (2022-),,8,Civilians (Palestine),,7,78,Civilian targeting,275,Middle East,Palestine,Gaza Strip,Gaza City,,Gaza - Ad Darraj,31.5172,34.4642,2,Ma'an News Agency; Palestine News and Information Agency; Quds News Network; Twitter,New media-National,"On 9 July 2024, Israeli warplanes struck a house in Al Nafaq Street in the center of Gaza City, coded to Gaza - Ad Darraj (Gaza City, Gaza Strip), killing a child and injuring a number of Palestinians.",1,,1759790002
PSE55493,7/9/2024,2024,1,Political violence,Explosions/Remote violence,Air/drone strike,Military Forces of Israel (2022-),,8,Civilians (Palestine),,7,78,Civilian targeting,275,Middle East,Palestine,Gaza Strip,Gaza City,,Gaza - Sheikh Radwan,31.5349,34.4667,2,Ma'an News Agency; Palestine News and Information Agency; Quds News Network; Twitter,New media-National,"On 9 July 2024, Israeli warplanes struck a house near Al Ghafri junction at Al Jalaa Street north of Gaza City, coded to Gaza - Sheikh Radwan (Gaza City, Gaza Strip), leaving 6 fatalities and a number of injuries including children. Also, 3 Palestinians were killed in Al Lababidi area north of Gaza, likely by airstrikes. Total fatalities coded as 9.",9,,1759790002
PSE55496,7/9/2024,2024,1,Political violence,Explosions/Remote violence,Air/drone strike,Military Forces of Israel (2022-),,8,Civilians (Palestine),,7,78,Civilian targeting,275,Middle East,Palestine,Gaza Strip,Khan Yunis,,Khan Yunis - City Centre,31.3419,34.3015,1,Quds News Network; Twitter,New media-National,"On 9 July 2024, Israeli warplanes struck targets in the area of Hamid roundabout in Khan Yunis - City Centre (Khan Yunis, Gaza Strip), leaving fatalities. Unspecified number of fatalities coded as 3.",3,,1753955132
PSE55836,7/9/2024,2024,1,Political violence,Explosions/Remote violence,Shelling/artillery/missile attack,Military Forces of Israel (2022-),,8,Civilians (Palestine),,7,78,Civilian targeting,275,Middle East,Palestine,Gaza Strip,Deir El Balah,,An Nusayrat - West,31.4525,34.3756,1,Arab 48; Quds News Network; Twitter,New media-National,"On 9 July 2024, Israeli artillery struck a group of people at al-Rasheed Street in An Nusayrat - West (Deir El Balah, Gaza Strip), leaving injuries.",0,,1753955132
PSE55837,7/9/2024,2024,1,Political violence,Explosions/Remote violence,Shelling/artillery/missile attack,Military Forces of Israel (2022-),,8,Civilians (Palestine),,7,78,Civilian targeting,275,Middle East,Palestine,Gaza Strip,Gaza City,,Gaza - Sabra,31.5086,34.4493,1,Arab 48; Palestine News and Information Agency; Quds News Network; Twitter,New media-National,"On 9 July 2024, Israeli artillery shelled near Al Maghribi junction in Gaza - Sabra (Gaza City, Gaza Strip), leaving one fatality and injuring a number of Palestinians.",1,,1759790002
PSE55492,7/9/2024,2024,1,Political violence,Explosions/Remote violence,Air/drone strike,Military Forces of Israel (2022-),,8,Civilians (Palestine),,7,78,Civilian targeting,275,Middle East,Palestine,Gaza Strip,Gaza City,,Gaza - At Tuffah,31.5134,34.4751,2,Arab 48; Quds News Network; Twitter,New media-National,"On 9 July 2024, Israeli warplanes struck Al Shaaf area east of Gaza - At Tuffah (Gaza City, Gaza Strip), killing one Palestinian and leaving a number of injuries. Also, the artillery shelled the same area [casualties unknown]. Fatalities coded at least 1.",1,,1759790002
PSE55490,7/9/2024,2024,1,Political violence,Explosions/Remote violence,Air/drone strike,Military Forces of Israel (2022-),,8,Civilians (Palestine),,7,78,Civilian targeting,275,Middle East,Palestine,Gaza Strip,Gaza City,,Gaza,31.5045,34.4743,1,Arab 48; Newpress; Quds News Network; Twitter,New media-National,"On 9 July 2024, Israeli warplanes struck 2 buildings near Al Samer junction and near the municipality park of Gaza City (Gaza City, Gaza Strip). Casualties unknown. Also, 10 Palestinians were injured in artillery shelling which targeted Al Senaaa area and Al Thalathini street.",0,,1759790002
PSE55484,7/9/2024,2024,1,Political violence,Explosions/Remote violence,Air/drone strike,Military Forces of Israel (2022-),,8,Civilians (Palestine),Hamas Movement; Refugees/IDPs (Palestine),7,78,Civilian targeting,275,Middle East,Palestine,Gaza Strip,Khan Yunis,,Abasan al Kabirah,31.3191,34.3401,1,Al-Ittihad; Arab 48; Arutz Sheva; Haaretz; Israeli Defense Forces; Joe Truzman; Ma'an News Agency; Newpress; Palestine News and Information Agency; Quds News Network; Times of Israel; Twitter,Other-New media,"On 9 July 2024, Israeli warplanes struck the entrance of a school hosting displaced people in Abasan al Kabirah (Khan Yunis, Gaza Strip), killing at least 29 Palestinians and leaving 53 injuries. The IDF said that they struck a Hamas gunman who took part on October 7. Also the IDF confirmed that the airstrike is under review because of the civilian fatalities. Other reports said the airstrike hit the tents of displaced people outside the school.",29,,1753955132
PSE55494,7/9/2024,2024,1,Political violence,Explosions/Remote violence,Air/drone strike,Military Forces of Israel (2022-),,8,Civilians (Palestine),,7,78,Civilian targeting,275,Middle East,Palestine,Gaza Strip,Gaza City,,Gaza - Southern Remal,31.5168,34.4355,2,Quds News Network; Twitter,New media-National,"On 9 July 2024, Israeli warplanes struck a house at Hamid street west of Gaza city and struck and destroyed the Al Karmel tower west of Gaza City, coded to Gaza - Southern Remal (Gaza City, Gaza Strip). Casualties unknown.",0,,1759790002
PSE55497,7/9/2024,2024,1,Political violence,Explosions/Remote violence,Air/drone strike,Military Forces of Israel (2022-),,8,Civilians (Palestine),,7,78,Civilian targeting,275,Middle East,Palestine,Gaza Strip,Rafah,,Tal as Sultan,31.3098,34.2414,2,Arab 48; Palestine News and Information Agency; Quds News Network; Twitter,New media-National,"On 9 July 2024, Israeli helicopters opened fire and the artillery targeted west of Rafah, coded to Tal as Sultan (Rafah, Gaza Strip). Casualties unknown. Also, Israeli gunboats opened fire near Al Alam roundabout west of Rafah, leaving injuries.",0,,1762829569
PSE55498,7/9/2024,2024,1,Political violence,Explosions/Remote violence,Air/drone strike,Military Forces of Israel (2022-),,8,Civilians (Palestine),,7,78,Civilian targeting,275,Middle East,Palestine,Gaza Strip,Rafah,,Tal as Sultan,31.3098,34.2414,1,Palestine News and Information Agency; Quds News Network; Twitter,New media-National,"On 9 July 2024, Israeli forces targeted and killed 3 Palestinians [likely by airstrikes] in Tal as Sultan (Rafah, Gaza Strip). Also warplanes destroyed a mosque in Tal as Sultan [casualties unknown]. Fatalities coded at least 3.",3,,1762829569
PSE55559,7/9/2024,2024,1,Political violence,Explosions/Remote violence,Air/drone strike,Military Forces of Israel (2022-),,8,Civilians (Palestine),,7,78,Civilian targeting,275,Middle East,Palestine,Gaza Strip,Gaza City,,Gaza - Shujaiyya,31.4988,34.4699,1,Arab 48; Quds News Network; Twitter,New media-National,"On 9 July 2024, Israeli warplanes carried out airstrikes in Gaza - Shujaiyya (Gaza City, Gaza Strip) amid artillery fire. Casualties unknown. [On 11 July 2024, 66 bodies were recovered from under the rubble in Sabra. These fatalities were split across three events, 22 fatalities were coded to this event].",22,,1759790002
PSE55495,7/9/2024,2024,1,Political violence,Explosions/Remote violence,Air/drone strike,Military Forces of Israel (2022-),,8,Civilians (Palestine),,7,78,Civilian targeting,275,Middle East,Palestine,Gaza Strip,Gaza City,,Gaza - Tal el Hawa,31.5041,34.435,1,Palestine News and Information Agency; Quds News Network; Twitter,New media-National,"On 9 July 2024, Israeli helicopters opened fire toward houses in Gaza - Tal el Hawa (Gaza City, Gaza Strip) amid artillery shelling and tank fire. Casualties unknown.",0,,1759790002
PSE55499,7/10/2024,2024,1,Political violence,Explosions/Remote violence,Air/drone strike,Military Forces of Israel (2022-),,8,Civilians (Palestine),,7,78,Civilian targeting,275,Middle East,Palestine,Gaza Strip,Deir El Balah,,Al Burayj,31.4394,34.4031,2,Arab 48; Newpress; Twitter,New media-National,"On 10 July 2024, an Israeli UAV struck a gathering east of Al Burayj Camp (Deir El Balah, Gaza Strip), leaving fatalities and injuries. Unspecified number of fatalities coded as 3.",3,,1753955132
PSE55500,7/10/2024,2024,1,Political violence,Explosions/Remote violence,Air/drone strike,Military Forces of Israel (2022-),,8,Civilians (Palestine),Refugees/IDPs (Palestine),7,78,Civilian targeting,275,Middle East,Palestine,Gaza Strip,Deir El Balah,,An Nusayrat,31.4486,34.3925,1,Newpress; Palestine News and Information Agency; Quds News Network; Twitter,New media-National,"On 10 July 2024, Israeli warplanes struck houses in An Nusayrat Camp (Deir El Balah, Gaza Strip), killing 8 Palestinians, including 6 children, and injuring others. Also, warplanes struck and destroyed commercial shops (likely empty) in the camp. Total fatalities were 8.",8,,1753955132
PSE55502,7/10/2024,2024,1,Political violence,Explosions/Remote violence,Air/drone strike,Military Forces of Israel (2022-),,8,Civilians (Palestine),,7,78,Civilian targeting,275,Middle East,Palestine,Gaza Strip,Deir El Balah,,Az Zawayda,31.4284,34.366,1,Arab 48; Newpress; Quds News Network; Twitter,New media-National,"On 10 July 2024, an Israeli UAV struck a passing bicycle in Az Zawayda (Deir El Balah, Gaza Strip), leaving one fatality and a number of injuries.",1,,1767742780
PSE55503,7/10/2024,2024,1,Political violence,Explosions/Remote violence,Air/drone strike,Military Forces of Israel (2022-),,8,Civilians (Palestine),,7,78,Civilian targeting,275,Middle East,Palestine,Gaza Strip,Khan Yunis,,Bani Suheila,31.3424,34.325,1,Palestine News and Information Agency; Quds News Network; Twitter,New media-National,"On 10 July 2024, Israeli warplanes struck a house in Bani Suheila (Khan Yunis, Gaza Strip), leaving at least 2 fatalities and a number of injuries.",2,,1753955132
PSE55505,7/10/2024,2024,1,Political violence,Explosions/Remote violence,Air/drone strike,Military Forces of Israel (2022-),,8,Civilians (Palestine),,7,78,Civilian targeting,275,Middle East,Palestine,Gaza Strip,Gaza City,,Gaza - Ad Darraj,31.5172,34.4642,1,Arab 48; Quds News Network; Twitter,New media-National,"On 10 July 2024, Israeli warplanes struck a house in Gaza - Ad Darraj (Gaza City, Gaza Strip), leaving injuries.",0,,1759790002
PSE55506,7/10/2024,2024,1,Political violence,Explosions/Remote violence,Air/drone strike,Military Forces of Israel (2022-),,8,Civilians (Palestine),,7,78,Civilian targeting,275,Middle East,Palestine,Gaza Strip,Gaza City,,Gaza - Sheikh Radwan,31.5349,34.4667,2,Palestine News and Information Agency; Quds News Network; Twitter,New media-National,"On 10 July 2024, Israeli warplanes struck targets and an apartment in Al Naser Street north of Gaza City, coded to Gaza - Sheikh Radwan (Gaza City, Gaza Strip), leaving at least 10 injuries.",0,,1759790002
PSE55501,7/10/2024,2024,1,Political violence,Explosions/Remote violence,Air/drone strike,Military Forces of Israel (2022-),,8,Civilians (Palestine),,7,78,Civilian targeting,275,Middle East,Palestine,Gaza Strip,Deir El Balah,,An Nusayrat - North,31.4591,34.3923,1,Arab 48; Palestine News and Information Agency; Quds News Network; Twitter,New media-National,"On 10 July 2024, Israeli warplanes struck a house at Salah al-Deen Road in An Nusayrat - North (Deir El Balah, Gaza Strip), leaving 4 fatalities and a number of injuries. Also, the artillery targeted the same area [casualties unknown]. Total fatalities coded as at least 4.",4,,1753955132
PSE55838,7/10/2024,2024,1,Political violence,Violence against civilians,Attack,Military Forces of Israel (2022-),,8,Civilians (Palestine),,7,78,Civilian targeting,275,Middle East,Palestine,Gaza Strip,Gaza City,,Gaza - Northern Remal,31.524,34.4505,1,Arab 48,National,"On 10 July 2024, an Israeli sniper shot and killed a Palestinian at the Al Yarmouk stadium in Gaza - Northern Remal (Gaza City, Gaza Strip).",1,,1759790002
PSE55507,7/10/2024,2024,1,Political violence,Explosions/Remote violence,Air/drone strike,Military Forces of Israel (2022-),,8,Civilians (Palestine),,7,78,Civilian targeting,275,Middle East,Palestine,Gaza Strip,Gaza City,,Gaza - Southern Remal,31.5168,34.4355,2,Arab 48; Ma'an News Agency; Newpress; Palestine News and Information Agency; Quds News Network; Twitter,New media-National,"On 10 July 2024, Israeli warplanes struck houses and top roofs of residential towers in the western areas of Gaza City, including Gaza - Southern Remal and Gaza - Tal el Hawa (Gaza City, Gaza Strip) amid artillery fire and the ground invasion. The Palestinians civil defense said that at least 30 Palestinians were killed in the areas from Al Tayaran junction to Al Sinaa area west of Gaza. Also, helicopters opened fire west of the city. Fatalities coded at least 30.",30,,1759790002
PSE55510,7/10/2024,2024,1,Political violence,Explosions/Remote violence,Air/drone strike,Military Forces of Israel (2022-),,8,Civilians (Palestine),,7,78,Civilian targeting,275,Middle East,Palestine,Gaza Strip,Rafah,,Tal as Sultan,31.3098,34.2414,1,Arab 48; Quds News Network; Twitter,New media-National,"On 10 July 2024, Israeli UAVs struck targets in Tal as Sultan (Rafah, Gaza Strip), leaving one fatality and a number of injuries.",1,,1762829569
PSE55504,7/10/2024,2024,1,Political violence,Explosions/Remote violence,Air/drone strike,Military Forces of Israel (2022-),,8,Civilians (Palestine),,7,78,Civilian targeting,275,Middle East,Palestine,Gaza Strip,North Gaza,,Beit Hanoun,31.5405,34.5402,1,Arab 48; Newpress; Twitter,New media-National,"On 10 July 2024, an Israeli UAV struck and killed a Palestinian in Beit Hanoun (North Gaza, Gaza Strip).",1,,1753955132
PSE55508,7/10/2024,2024,1,Political violence,Explosions/Remote violence,Air/drone strike,Military Forces of Israel (2022-),,8,Civilians (Palestine),,7,78,Civilian targeting,275,Middle East,Palestine,Gaza Strip,Gaza City,,Gaza - Tal el Hawa,31.5041,34.435,1,Arab 48; Quds News Network; Twitter,New media-National,"On 10 July 2024, Israeli warplanes carried out strikes and the artillery shelled targets in Gaza - Tal el Hawa (Gaza City, Gaza Strip). Casualties unknown.",0,,1759790002
PSE55839,7/10/2024,2024,1,Political violence,Explosions/Remote violence,Shelling/artillery/missile attack,Military Forces of Israel (2022-),,8,Civilians (Palestine),,7,78,Civilian targeting,275,Middle East,Palestine,Gaza Strip,Gaza City,,Gaza - Tal el Hawa,31.5041,34.435,2,Palestine News and Information Agency; Quds News Network; Twitter,New media-National,"On 10 July 2024, Israeli artillery shelled targets including the headquarters Young Muslim Women's Association southwest of Gaza City, coded to Gaza - Tal el Hawa (Gaza City, Gaza Strip), leaving a number of injuries.",0,,1759790002
PSE55509,7/10/2024,2024,1,Political violence,Explosions/Remote violence,Air/drone strike,Military Forces of Israel (2022-),,8,Civilians (Palestine),,7,78,Civilian targeting,275,Middle East,Palestine,Gaza Strip,Rafah,,Khirbet al Adas,31.2855,34.2714,2,Arab 48; Quds News Network; Twitter,New media-National,"On 10 July 2024, Israeli warplanes stuck a target in Musabbah area north of Rafah, coded to Khirbet al Adas (Rafah, Gaza Strip), leaving one fatality and a number of injuries.",1,,1753955132
PSE55511,7/11/2024,2024,1,Political violence,Explosions/Remote violence,Air/drone strike,Military Forces of Israel (2022-),,8,Civilians (Palestine),Refugees/IDPs (Palestine),7,78,Civilian targeting,275,Middle East,Palestine,Gaza Strip,Deir El Balah,,An Nusayrat,31.4486,34.3925,1,Newpress; Palestine News and Information Agency; Quds News Network; Twitter,New media-National,"On 11 July 2024, an Israeli UAV struck a house in An Nusayrat Camp (Deir El Balah, Gaza Strip), killing 5 Palestinians. Also, a number of Palestinians were injured, including children.",5,,1753955132
PSE55512,7/11/2024,2024,1,Political violence,Explosions/Remote violence,Air/drone strike,Military Forces of Israel (2022-),,8,Civilians (Palestine),,7,78,Civilian targeting,275,Middle East,Palestine,Gaza Strip,Deir El Balah,,An Nusayrat - North,31.4591,34.3923,1,Ma'an News Agency; Palestine News and Information Agency; Quds News Network; Twitter,New media-National,"On 11 July 2024, Israeli warplanes struck a house in Al Mufti area of An Nusayrat - North (Deir El Balah, Gaza Strip), leaving 3 fatalities (including a child) and a number of injuries.",3,,1753955132
PSE55513,7/11/2024,2024,1,Political violence,Explosions/Remote violence,Air/drone strike,Military Forces of Israel (2022-),,8,Civilians (Palestine),,7,78,Civilian targeting,275,Middle East,Palestine,Gaza Strip,Deir El Balah,,An Nusayrat - West,31.4525,34.3756,1,Palestine News and Information Agency; Quds News Network; Twitter,New media-National,"On 11 July 2024, Israeli warplanes struck a target at Al Rasheed Street in An Nusayrat - West (Deir El Balah, Gaza Strip), killing 3 Palestinians.",3,,1753955132
PSE55514,7/11/2024,2024,1,Political violence,Explosions/Remote violence,Air/drone strike,Military Forces of Israel (2022-),,8,Civilians (Palestine),,7,78,Civilian targeting,275,Middle East,Palestine,Gaza Strip,Gaza City,,Gaza - Sabra,31.5086,34.4493,1,Arab 48; Newpress; Palestine News and Information Agency; Quds News Network; Twitter,New media-National,"On 11 July 2024, an Israeli UAV targeted a house in Gaza - Sabra (Gaza City, Gaza Strip). Casualties unknown. Also, the artillery shelled houses in the same area. Casualties unknown.",0,,1759790002
PSE55517,7/11/2024,2024,1,Political violence,Explosions/Remote violence,Air/drone strike,Military Forces of Israel (2022-),,8,Civilians (Palestine),,7,78,Civilian targeting,275,Middle East,Palestine,Gaza Strip,Khan Yunis,,Khan Yunis,31.3502,34.3081,1,Al Ghad (Jordan); Arab 48; Newpress; Quds News Network; Twitter,New media-National,"On 11 July 2024, 8 Palestinians were killed by Israeli fire (likely airstrikes and artillery) in several locations of Khan Yunis (Khan Yunis, Gaza strip).",8,,1753955132
PSE55518,7/11/2024,2024,1,Political violence,Explosions/Remote violence,Air/drone strike,Military Forces of Israel (2022-),,8,Civilians (Palestine),,7,78,Civilian targeting,275,Middle East,Palestine,Gaza Strip,Khan Yunis,,Khan Yunis - City Centre,31.3419,34.3015,1,Quds News Network; Twitter,New media-National,"On 11 July 2024, Israeli warplanes struck a gathering in Khan Yunis - City Centre (Khan Yunis, Gaza Strip), leaving 7 fatalities and causing injuries.",7,,1753955132
PSE55515,7/11/2024,2024,1,Political violence,Explosions/Remote violence,Air/drone strike,Military Forces of Israel (2022-),,8,Civilians (Palestine),,7,78,Civilian targeting,275,Middle East,Palestine,Gaza Strip,Gaza City,,Gaza - Shujaiyya,31.4988,34.4699,2,PLO Negotiations Affairs Department,Other,"On 11 July 2024, Israeli artillery and tanks shelled targets east of Gaza City, coded to Gaza - Shujaiyya (Gaza City, Gaza Strip). Casualties unknown. Also, Israeli warplanes struck targets west of Shujaiyya, leaving injuries.",0,,1759790002
PSE55516,7/11/2024,2024,1,Political violence,Explosions/Remote violence,Air/drone strike,Military Forces of Israel (2022-),,8,Civilians (Palestine),,7,78,Civilian targeting,275,Middle East,Palestine,Gaza Strip,Gaza City,,Gaza - Southern Remal,31.5168,34.4355,2,Dunia Al Watan; Palestine News and Information Agency; Quds News Network; Twitter,New media-National,"On 11 July 2024, Israeli warplanes struck houses and towers (including by UAVs and helicopters) and top roofs of residential towers in the western areas of Gaza City, including Gaza - Southern Remal and Gaza - Tal el Hawa (Gaza City, Gaza Strip) amid artillery fire and a ground invasion. At least 60 Palestinians were killed in the areas from Al Tayaran junction to Al Sinaa area west of Gaza [30 fatalities coded to July 10 and 30 fatalities coded in July 11].",30,,1759790002
PSE55521,7/11/2024,2024,1,Political violence,Explosions/Remote violence,Air/drone strike,Military Forces of Israel (2022-),,8,Civilians (Palestine),,7,78,Civilian targeting,275,Middle East,Palestine,Gaza Strip,Rafah,,Tal as Sultan,31.3098,34.2414,1,Palestine News and Information Agency,National,"On 11 July 2024, Israeli warplanes struck a target in Tal as Sultan (Rafah, Gaza Strip), killing 4 Palestinians, including a child. Also, a Palestinian was killed in Tal as Sultan by Israeli fire [likely artillery or tank]. Total fatalities were 5.",5,,1762829569
PSE55522,7/11/2024,2024,1,Political violence,Explosions/Remote violence,Air/drone strike,Military Forces of Israel (2022-),,8,Civilians (Palestine),,7,78,Civilian targeting,275,Middle East,Palestine,Gaza Strip,Rafah,,Tal as Sultan,31.3098,34.2414,2,Al Ghad (Jordan),Regional,"On 11 July 2024, 9 Palestinians were killed by Israeli fire [likely artillery and airstrikes] west of Rafah, coded to Tal as Sultan (Rafah, Gaza Strip). 5 out of 9 fatalities coded to Tal as Sultan [with GP1], and 4 fatalities coded to this location.",4,,1762829569
PSE55840,7/11/2024,2024,1,Political violence,Explosions/Remote violence,Shelling/artillery/missile attack,Military Forces of Israel (2022-),,8,Civilians (Palestine),,7,78,Civilian targeting,275,Middle East,Palestine,Gaza Strip,Gaza City,,Al Mughraqa,31.4675,34.4097,1,Arab 48; Palestine News and Information Agency,National,"On 11 July 2024, Israeli artillery targeted Al Mughraqa (Gaza City, Gaza Strip), leaving fatalities [unspecified number of fatalities coded as 3].",3,,1753955132
PSE55841,7/11/2024,2024,1,Political violence,Explosions/Remote violence,Shelling/artillery/missile attack,Military Forces of Israel (2022-),,8,Civilians (Palestine),,7,78,Civilian targeting,275,Middle East,Palestine,Gaza Strip,North Gaza,,Jabalya,31.5272,34.4835,2,Newpress; Twitter,New media-National,"On 11 July 2024, Israeli artillery shelled Al Sekka Street east of Jabalya (North Gaza, Gaza Strip), killing a Palestinian and injuring others.",1,,1759790002
PSE55519,7/11/2024,2024,1,Political violence,Explosions/Remote violence,Air/drone strike,Military Forces of Israel (2022-),,8,Civilians (Palestine),,7,78,Civilian targeting,275,Middle East,Palestine,Gaza Strip,Khan Yunis,,Qizan an Najjar,31.323,34.2761,2,Newpress; Twitter,New media-National,"On 11 July 2024, Israeli helicopters opened fire in Qizan Abu Rashawan west of Qizan an Najjar (Khan Yunis, Gaza Strip), leaving 2 injuries.",0,,1753955132
PSE55520,7/11/2024,2024,1,Political violence,Explosions/Remote violence,Air/drone strike,Military Forces of Israel (2022-),,8,Civilians (Palestine),,7,78,Civilian targeting,275,Middle East,Palestine,Gaza Strip,Rafah,,Rafah,31.287,34.2595,1,Arab 48,National,"On 11 July 2024, Israeli forces killed 2 Palestinians (likely by airstrikes) in the center of Rafah city (Rafah, Gaza Strip).",2,,1762829569
PSE55842,7/11/2024,2024,1,Political violence,Explosions/Remote violence,Shelling/artillery/missile attack,Military Forces of Israel (2022-),,8,Civilians (Palestine),,7,78,Civilian targeting,275,Middle East,Palestine,Gaza Strip,Rafah,,Khirbet al Adas,31.2855,34.2714,2,Arab 48,National,"On 11 July 2024, Israeli artillery targeted Miraj area north of Rafah, coded to Khirbet al Adas (Rafah, Gaza Strip), leaving injuries.",0,,1753955132
PSE55523,7/12/2024,2024,1,Political violence,Explosions/Remote violence,Air/drone strike,Military Forces of Israel (2022-),,8,Civilians (Palestine),,7,78,Civilian targeting,275,Middle East,Palestine,Gaza Strip,Khan Yunis,,Abasan al Kabirah,31.3191,34.3401,1,Quds News Network; Twitter,New media-National,"On 12 July 2024, Israeli warplanes struck a building near Al Khansa School at the entrance of Abasan al Kabirah (Khan Yunis, Gaza Strip), killing 2 Palestinians and injuring others.",2,,1753955132
PSE55525,7/12/2024,2024,1,Political violence,Explosions/Remote violence,Air/drone strike,Military Forces of Israel (2022-),,8,Civilians (Palestine),Refugees/IDPs (Palestine),7,78,Civilian targeting,275,Middle East,Palestine,Gaza Strip,Deir El Balah,,An Nusayrat,31.4486,34.3925,1,Arab 48; Newpress; Quds News Network; Twitter,New media-National,"On 12 July 2024, Israeli warplanes struck a house in An Nusayrat Camp (Deir El Balah, Gaza Strip), leaving 10 injuries.",0,,1753955132
PSE55526,7/12/2024,2024,1,Political violence,Explosions/Remote violence,Air/drone strike,Military Forces of Israel (2022-),,8,Civilians (Palestine),,7,78,Civilian targeting,275,Middle East,Palestine,Gaza Strip,Khan Yunis,,Bani Suheila,31.3424,34.325,1,Arab 48; Newpress; Quds News Network; Twitter,New media-National,"On 12 July 2024, Israeli warplanes struck a house in Bani Suheila (Khan Yunis, Gaza strip). Casualties unknown.",0,,1753955132
PSE55528,7/12/2024,2024,1,Political violence,Explosions/Remote violence,Air/drone strike,Military Forces of Israel (2022-),,8,Civilians (Palestine),,7,78,Civilian targeting,275,Middle East,Palestine,Gaza Strip,Gaza City,,Gaza,31.5045,34.4743,1,Arab 48; Newpress; Quds News Network; Twitter,New media-National,"On 12 July 2024, Israeli warplanes struck an apartment in Al Jalaa Street in Gaza City (Gaza Strip), leaving 4 fatalities and a number of injuries.",4,,1759790002
PSE55530,7/12/2024,2024,1,Political violence,Explosions/Remote violence,Air/drone strike,Military Forces of Israel (2022-),,8,Civilians (Palestine),Fishers (Palestine),7,78,Civilian targeting,275,Middle East,Palestine,Gaza Strip,Gaza City,,Gaza Port,31.5245,34.4326,1,Arab 48; Newpress; Quds News Network; Twitter,New media-National,"On 12 July 2024, an Israeli UAV struck and killed a Palestinian fisher in Gaza Port (Gaza City, Gaza Strip).",1,,1753955132
PSE55531,7/12/2024,2024,1,Political violence,Explosions/Remote violence,Air/drone strike,Military Forces of Israel (2022-),,8,Civilians (Palestine),,7,78,Civilian targeting,275,Middle East,Palestine,Gaza Strip,Khan Yunis,,Khan Yunis - West (Municipal Stadium),31.3484,34.2961,2,Arab 48,National,"On 12 July 2024, Israeli warplanes struck targets west of Khan Yunis, coded to (Khan Yunis - West (Municipal Stadium), Gaza Strip), killing a Palestinian.",1,,1753955132
PSE55532,7/12/2024,2024,1,Political violence,Explosions/Remote violence,Air/drone strike,Military Forces of Israel (2022-),,8,Civilians (Palestine),,7,78,Civilian targeting,275,Middle East,Palestine,Gaza Strip,Rafah,,Tal as Sultan,31.3098,34.2414,1,Palestine News and Information Agency; Quds News Network; Twitter,New media-National,"On 12 July 2024, Israeli UAVs struck and killed 2 Palestinians in Tal as Sultan (Rafah, Gaza Strip).",2,,1762829569
PSE55529,7/12/2024,2024,1,Political violence,Explosions/Remote violence,Air/drone strike,Military Forces of Israel (2022-),,8,Civilians (Palestine),,7,78,Civilian targeting,275,Middle East,Palestine,Gaza Strip,Gaza City,,Gaza - Southern Remal,31.5168,34.4355,2,Arab 48; Newpress; Palestine News and Information Agency; Quds News Network; Twitter,New media-National,"On 12 July 2024, Israeli UAVs struck and killed 3 Palestinians west of Gaza City, coded to Gaza - Southern Remal (Gaza City, Gaza Strip). Also, Israeli tanks, helicopters, and UAVs opened fire west of the city and in al-Senaa and al-Tayaran areas [casualties unknown]. Fatalities coded at least 3.",3,,1759790002
PSE56069,7/12/2024,2024,1,Political violence,Explosions/Remote violence,Air/drone strike,Military Forces of Israel (2022-),,8,Civilians (Palestine),,7,78,Civilian targeting,275,Middle East,Palestine,Gaza Strip,Deir El Balah,,Deir al Balah,31.4178,34.3503,1,Newpress; Palestine News and Information Agency; Quds News Network,National,"On 12 July 2024, Israeli forces launched an airstrike targeting a house in Deir al Balah (Deir El Balah, Gaza Strip), killing 5 Palestinians. Several others were injured.",5,,1753955132
PSE55524,7/12/2024,2024,1,Political violence,Explosions/Remote violence,Air/drone strike,Military Forces of Israel (2022-),,8,Civilians (Palestine),Aid Workers (Palestine),7,78,Civilian targeting,275,Middle East,Palestine,Gaza Strip,Khan Yunis,,Al Mawasi (Khan Yunis),31.3482,34.2547,1,Arab 48; Palestine News and Information Agency; Quds News Network; Twitter,New media-National,"On 12 July 2024, Israeli warplanes struck an aid warehouse in (Al Mawasi (Khan Yunis), Gaza Strip), killing 4 Palestinian aid workers, who were working for international organizations, and injuring a number of others. This event involved violence over aid.",4,,1762829569
PSE56081,7/13/2024,2024,1,Political violence,Explosions/Remote violence,Air/drone strike,Military Forces of Israel (2022-),,8,Civilians (Palestine),Journalists (Palestine); Muslim Group (Palestine); Refugees/IDPs (Palestine),7,78,Civilian targeting,275,Middle East,Palestine,Gaza Strip,Gaza City,,Gaza - Ash Shati' Camp,31.5349,34.4466,1,Ma'an News Agency; Newpress; Quds News Network,National,"On 13 July 2024, Israeli forces launched an airstrike targeting the White Mosque in Gaza - Ash Shati' Camp (Gaza City, Gaza Strip) during prayer time. 25 Palestinians were killed, and dozens were injured. A journalist was killed in the attack.",25,,1759790002
PSE56089,7/13/2024,2024,1,Political violence,Violence against civilians,Attack,Military Forces of Israel (2022-),,8,Civilians (Palestine),,7,78,Civilian targeting,275,Middle East,Palestine,Gaza Strip,Gaza City,,Gaza - Shujaiyya,31.4988,34.4699,1,Quds News Network,National,"On 13 July 2024, Israeli forces opened fire at a Palestinian child in Gaza - Shujaiyya (Gaza City, Gaza Strip), killing him.",1,,1759790002
PSE56090,7/13/2024,2024,1,Political violence,Explosions/Remote violence,Air/drone strike,Military Forces of Israel (2022-),,8,Civilians (Palestine),,7,78,Civilian targeting,275,Middle East,Palestine,Gaza Strip,Deir El Balah,,Al Burayj,31.4394,34.4031,1,Newpress,National,"On 13 July 2024, Israeli forces launched an airstrike targeting a house on Salah al Din street in Al Burayj (Deir El Balah, Gaza Strip). Casualties unknown.",0,,1753955132
PSE56093,7/13/2024,2024,1,Political violence,Explosions/Remote violence,Air/drone strike,Military Forces of Israel (2022-),,8,Civilians (Palestine),Refugees/IDPs (Palestine),7,78,Civilian targeting,275,Middle East,Palestine,Gaza Strip,Deir El Balah,,An Nusayrat,31.4486,34.3925,1,Newpress,National,"On 13 July 2024, Israeli forces launched an airstrike on a house in camp 1 in An Nusayrat (Deir El Balah, Gaza Strip), killing 3 Palestinians.",3,,1753955132
PSE56111,7/13/2024,2024,1,Political violence,Explosions/Remote violence,Shelling/artillery/missile attack,Military Forces of Israel (2022-),,8,Civilians (Palestine),,7,78,Civilian targeting,275,Middle East,Palestine,Gaza Strip,Gaza City,,Gaza,31.5045,34.4743,2,Newpress,National,"On 13 July 2024, Israeli forces launched a reconnaissance missile that fell at the Wadi Gaza bridge, Al Bahar road in Gaza (Gaza City, Gaza Strip), killing 4 Palestinians.",4,,1759790002
PSE56098,7/13/2024,2024,1,Political violence,Explosions/Remote violence,Shelling/artillery/missile attack,Military Forces of Israel (2022-),,8,Civilians (Palestine),Refugees/IDPs (Palestine),7,78,Civilian targeting,275,Middle East,Palestine,Gaza Strip,Deir El Balah,,An Nusayrat - North,31.4591,34.3923,1,Newpress; Quds News Network,National,"On 13 July 2024, Israeli forces shelled a camp and a residential building in An Nusayrat - North camp (Deir El Balah, Gaza Strip). Around 100 Palestinians were killed and injured.",50,,1753955132
PSE56116,7/13/2024,2024,1,Political violence,Explosions/Remote violence,Air/drone strike,Military Forces of Israel (2022-),,8,Civilians (Palestine),,7,78,Civilian targeting,275,Middle East,Palestine,Gaza Strip,Deir El Balah,,Deir al Balah,31.4178,34.3503,1,Palestine News and Information Agency,National,"On 13 July 2024, Israeli forces launched an airstrike targeting a house in Deir al Balah city (Deir El Balah, Gaza Strip), killing 2 Palestinians and injuring several others.",2,,1753955132
PSE56092,7/13/2024,2024,1,Political violence,Violence against civilians,Attack,Military Forces of Israel (2022-),,8,Civilians (Palestine),Labor Group (Palestine),7,78,Civilian targeting,275,Middle East,Palestine,Gaza Strip,Gaza City,,Gaza - Tal el Hawa,31.5041,34.435,1,Quds News Network,National,"On 13 July 2024, Israeli military snipers opened fire at Palestinian rescue teams in Gaza - Tal el Hawa (Gaza City, Gaza Strip) as they were recovering 3 dead bodies. There were no casualties.",0,,1759790002
PSE56094,7/13/2024,2024,1,Political violence,Explosions/Remote violence,Air/drone strike,Military Forces of Israel (2022-),,8,Civilians (Palestine),,7,78,Civilian targeting,275,Middle East,Palestine,Gaza Strip,Gaza City,,Gaza - Tal el Hawa,31.5041,34.435,1,Palestine News and Information Agency,National,"On 13 July 2024, an Israeli military quadcopter opened fire at Palestinians in Gaza - Tal el Hawa (Gaza City, Gaza Strip). Casualties unknown.",0,,1759790002
PSE71590,7/13/2024,2024,1,Political violence,Violence against civilians,Attack,Hamas Movement,,3,Civilians (Palestine),,7,37,Civilian targeting,275,Middle East,Palestine,Gaza Strip,Rafah,,Rafah,31.287,34.2595,1,Times of Israel,Regional,"On 13 July 2024, Hamas operatives killed a Palestinian on a street in Rafah (Rafah, Gaza Strip) suspected of collaborating with Israel.",1,,1762829569
PSE56099,7/14/2024,2024,1,Political violence,Explosions/Remote violence,Air/drone strike,Military Forces of Israel (2022-),,8,Civilians (Palestine),,7,78,Civilian targeting,275,Middle East,Palestine,Gaza Strip,Gaza City,,Gaza - Ad Darraj,31.5172,34.4642,1,Al-Ittihad; Newpress,National-Regional,"On 14 July 2024, Israeli forces launched an airstrike targeting a house near the Al Yarmuk stadium in Gaza - Ad Darraj (Gaza City, Gaza Strip), killing 4.",4,,1759790002
PSE56105,7/14/2024,2024,1,Political violence,Explosions/Remote violence,Air/drone strike,Military Forces of Israel (2022-),,8,Civilians (Palestine),,7,78,Civilian targeting,275,Middle East,Palestine,Gaza Strip,Khan Yunis,,Abasan al Kabirah,31.3191,34.3401,1,Quds News Network,National,"On 14 July 2024, Israeli forces launched an airstrike targeting a residential building in Abasan al Kabirah (Khan Yunis, Gaza Strip). Casualties unknown.",0,,1753955132
PSE56113,7/14/2024,2024,1,Political violence,Explosions/Remote violence,Air/drone strike,Military Forces of Israel (2022-),,8,Civilians (Palestine),,7,78,Civilian targeting,275,Middle East,Palestine,Gaza Strip,Deir El Balah,,An Nusayrat - North,31.4591,34.3923,2,Newpress; Palestine News and Information Agency,National,"On 14 July 2024, Israeli forces launched an airstrike targeting several houses north of Al Jadid camp, north of An Nusayrat (coded to An Nusayrat - North) (Deir El Balah, Gaza Strip). Casualties were reported. Unknown fatalities coded as 3.",3,,1753955132
PSE56114,7/14/2024,2024,1,Political violence,Violence against civilians,Attack,Military Forces of Israel (2022-),,8,Civilians (Palestine),,7,78,Civilian targeting,275,Middle East,Palestine,Gaza Strip,Khan Yunis,,Al Mawasi (Khan Yunis),31.3482,34.2547,1,Newpress,National,"On 14 July 2024, Israeli forces opened fire at Palestinian houses in Al Mawasi (Khan Yunis), (Khan Yunis, West Bank). Casualties unknown.",0,,1762829569
PSE56120,7/14/2024,2024,1,Political violence,Explosions/Remote violence,Air/drone strike,Military Forces of Israel (2022-),,8,Civilians (Palestine),,7,78,Civilian targeting,275,Middle East,Palestine,Gaza Strip,Gaza City,,Gaza - Sheikh Radwan,31.5349,34.4667,1,Palestine News and Information Agency,National,"On 14 July 2024, Israeli forces launched an airstrike targeting a house in the Abu Iskandar area in Gaza - Sheikh Radwan (Gaza City, Gaza Strip), killing 7 Palestinians and injuring 7 others.",7,,1759790002
PSE56121,7/14/2024,2024,1,Political violence,Explosions/Remote violence,Air/drone strike,Military Forces of Israel (2022-),,8,Civilians (Palestine),,7,78,Civilian targeting,275,Middle East,Palestine,Gaza Strip,Gaza City,,Gaza,31.5045,34.4743,1,Palestine News and Information Agency,National,"On 14 July 2024, Israeli forces launched an airstrike targeting a residential tower in the center of Gaza city (Gaza City, Gaza Strip), killing 3 Palestinians and injuring 20 others.",3,,1759790002
PSE56122,7/14/2024,2024,1,Political violence,Explosions/Remote violence,Air/drone strike,Military Forces of Israel (2022-),,8,Civilians (Palestine),,7,78,Civilian targeting,275,Middle East,Palestine,Gaza Strip,Khan Yunis,,Khan Yunis,31.3502,34.3081,1,Palestine News and Information Agency,National,"On 14 July 2024, Israeli forces launched an airstrike targeting a house in the As Salam neighborhood in Khan Yunis (Khan Yunis, Gaza Strip), injuring 5 Palestinians.",0,,1753955132
PSE56124,7/14/2024,2024,1,Political violence,Explosions/Remote violence,Air/drone strike,Military Forces of Israel (2022-),,8,Civilians (Palestine),Refugees/IDPs (Palestine),7,78,Civilian targeting,275,Middle East,Palestine,Gaza Strip,Deir El Balah,,Al Maghazi,31.4214,34.3865,1,Quds News Network,National,"On 14 July 2024, Israeli forces launched an airstrike targeting a residential building in Al Maghazi refugee camp (Deir El Balah, Gaza Strip), leading to unspecified casualties.",0,,1753955132
PSE56101,7/14/2024,2024,1,Political violence,Violence against civilians,Attack,Military Forces of Israel (2022-),,8,Civilians (Palestine),,7,78,Civilian targeting,275,Middle East,Palestine,Gaza Strip,Rafah,,Tal as Sultan,31.3098,34.2414,2,Newpress,National,"On 14 July 2024, Israeli forces intensively opened fire in Zorob roundabout and Al Zir road west of Rafah, coded to Tal as Sultan (Rafah, Gaza Strip), likely targeting Palestinians. Casualties unknown.",0,,1762829569
PSE56125,7/14/2024,2024,1,Political violence,Violence against civilians,Attack,Military Forces of Israel (2022-),,8,Civilians (Palestine),,7,78,Civilian targeting,275,Middle East,Palestine,Gaza Strip,Gaza City,,Gaza - Southern Remal,31.5168,34.4355,1,Newpress,National,"On 14 July 2024, Israeli forces launched an attack (means unspecified) on the Al Azhar university block in Gaza - Southern Remal (Gaza City, Gaza Strip), killing 3 Palestinians.",3,,1759790002
PSE56118,7/14/2024,2024,1,Political violence,Explosions/Remote violence,Air/drone strike,Military Forces of Israel (2022-),,8,Civilians (Palestine),,7,78,Civilian targeting,275,Middle East,Palestine,Gaza Strip,Deir El Balah,,Az Zawayda,31.4284,34.366,1,Palestine News and Information Agency; Quds News Network,National,"On 14 July 2024, Israeli forces launched an airstrike targeting the area of Bir Abu Salah in Az Zawayda (Deir El Balah, Gaza Strip), killing 1 Palestinian and injuring a number of others.",1,,1767742780
PSE56107,7/14/2024,2024,1,Political violence,Explosions/Remote violence,Air/drone strike,Military Forces of Israel (2022-),,8,Civilians (Palestine),,7,78,Civilian targeting,275,Middle East,Palestine,Gaza Strip,Khan Yunis,,Bani Suheila,31.3424,34.325,1,Newpress,National,"On 14 July 2024, Israeli aircraft targeted a house in Bani Suheila (Khan Yunis, Gaza Strip). Casualties unknown.",0,,1753955132
PSE56104,7/14/2024,2024,1,Political violence,Explosions/Remote violence,Air/drone strike,Military Forces of Israel (2022-),,8,Civilians (Palestine),,7,78,Civilian targeting,275,Middle East,Palestine,Gaza Strip,Gaza City,,Gaza - Southern Remal,31.5168,34.4355,2,Palestine News and Information Agency; Quds News Network,National,"On 14 July 2024, Israeli forces launched an airstrike targeting a residential building in the western area of Gaza city, coded to Gaza - Southern Remal (Gaza City, Gaza Strip). Several were killed. [On 4 February 2025, 19 bodies were recovered from under the rubble west of Gaza, coded to Southern Remal. These fatalities were coded to this event].",19,,1759790002
PSE56109,7/14/2024,2024,1,Political violence,Explosions/Remote violence,Air/drone strike,Military Forces of Israel (2022-),,8,Civilians (Palestine),,7,78,Civilian targeting,275,Middle East,Palestine,Gaza Strip,Gaza City,,Gaza - Az Zaytun,31.4964,34.4522,1,Newpress,National,"On 14 July 2024, an Israeli military quadcopter opened fire at Palestinians on Al Sikkah road in Gaza - Az Zaytun (Gaza City, Gaza Strip). Casualties unknown.",0,,1759790002
PSE56126,7/14/2024,2024,1,Political violence,Violence against civilians,Attack,Military Forces of Israel (2022-),,8,Civilians (Palestine),,7,78,Civilian targeting,275,Middle East,Palestine,Gaza Strip,Rafah,,Rafah,31.287,34.2595,2,Newpress,National,"On 14 July 2024, Israeli military snipers shot and killed 7 Palestinians near the Shokeh School in Rafah (Rafah, West Bank).",7,,1762829569
PSE56119,7/14/2024,2024,1,Political violence,Explosions/Remote violence,Air/drone strike,Military Forces of Israel (2022-),,8,Civilians (Palestine),,7,78,Civilian targeting,275,Middle East,Palestine,Gaza Strip,Rafah,,Rafah Border Crossing,31.2486,34.2592,2,Palestine News and Information Agency,National,"On 14 July 2024, Israeli forces launched an airstrike in the Rafah Border Crossing area (Rafah, Gaza Strip), killing 2 Palestinians.",2,,1753955132
PSE56127,7/15/2024,2024,1,Political violence,Explosions/Remote violence,Air/drone strike,Military Forces of Israel (2022-),,8,Civilians (Palestine),Refugees/IDPs (Palestine),7,78,Civilian targeting,275,Middle East,Palestine,Gaza Strip,Deir El Balah,,Al Maghazi,31.4214,34.3865,1,Ma'an News Agency; Newpress; Quds News Network,National,"On 15 July 2024, Israeli forces launched an airstrike targeting an apartment in Al Maghazi camp (Deir El Balah, Gaza Strip). At least 5 were killed and several others were injured. Meanwhile, Israeli forces launched a separate airstrike targeting a house near the Al Salahat roundabout in Al Maghazi camp, killing 4 and injuring several others. Total fatalities coded as at least 9.",9,,1753955132
PSE56128,7/15/2024,2024,1,Political violence,Explosions/Remote violence,Air/drone strike,Military Forces of Israel (2022-),,8,Civilians (Palestine),,7,78,Civilian targeting,275,Middle East,Palestine,Gaza Strip,Deir El Balah,,Deir al Balah,31.4178,34.3503,1,Newpress; Quds News Network,National,"On 15 July 2024, Israeli forces launched an airstrike targeting a house in Deir al Balah (Deir El Balah, Gaza Strip), killing 3 Palestinians.",3,,1753955132
PSE56130,7/15/2024,2024,1,Political violence,Explosions/Remote violence,Air/drone strike,Military Forces of Israel (2022-),,8,Civilians (Palestine),,7,78,Civilian targeting,275,Middle East,Palestine,Gaza Strip,Gaza City,,Gaza - Shujaiyya,31.4988,34.4699,1,Newpress; Palestine News and Information Agency,National,"On 15 July 2024, Israeli forces launched an airstrike on a target in Al Mansoura neighborhood in Gaza - Shujaiyya (Gaza City, Gaza Strip), killing 3 Palestinians and injuring several others.",3,,1759790002
PSE56133,7/15/2024,2024,1,Political violence,Explosions/Remote violence,Shelling/artillery/missile attack,Military Forces of Israel (2022-),,8,Civilians (Palestine),Refugees/IDPs (Palestine),7,78,Civilian targeting,275,Middle East,Palestine,Gaza Strip,Deir El Balah,,An Nusayrat - North,31.4591,34.3923,1,Newpress,National,"On 15 July 2024, Israeli forces shelled a position in An Nusayrat - North camp (Deir El Balah, Gaza Strip), killing 2 Palestinians.",2,,1753955132
PSE56137,7/15/2024,2024,1,Political violence,Explosions/Remote violence,Air/drone strike,Military Forces of Israel (2022-),,8,Civilians (Palestine),Refugees/IDPs (Palestine),7,78,Civilian targeting,275,Middle East,Palestine,Gaza Strip,Deir El Balah,,An Nusayrat,31.4486,34.3925,1,Newpress; Quds News Network,National,"On 15 July 2024, Israeli forces launched an airstrike targeting a residential complex in Al Zuhor street in An Nusayrat camp (Deir El Balah, Gaza Strip), killing 11 Palestinians. Meanwhile, a separate airstrike targeted a residential complex in the camp, leading to unspecified casualties. Furthermore, Israeli forces launched an airstrike targeting a house in Camp 1 in An Nusayrat, killing 7 and injuring a number of others.",18,,1753955132
PSE56142,7/15/2024,2024,1,Political violence,Explosions/Remote violence,Air/drone strike,Military Forces of Israel (2022-),,8,Civilians (Palestine),,7,78,Civilian targeting,275,Middle East,Palestine,Gaza Strip,Gaza City,,Gaza - Tal el Hawa,31.5041,34.435,1,Palestine News and Information Agency,National,"On 15 July 2024, an Israeli military helicopter opened fire at Palestinians in Gaza - Tal el Hawa (Gaza City, Gaza Strip). Casualties unknown.",0,,1759790002
PSE56138,7/15/2024,2024,1,Political violence,Explosions/Remote violence,Air/drone strike,Military Forces of Israel (2022-),,8,Civilians (Palestine),,7,78,Civilian targeting,275,Middle East,Palestine,Gaza Strip,Rafah,,Rafah,31.287,34.2595,1,Palestine News and Information Agency,National,"On 15 July 2024, Israeli forces launched an airstrike targeting a house in the Siam neighborhood in Rafah city (Rafah, Gaza Strip). 2 were killed.",2,,1762829569
PSE56148,7/16/2024,2024,1,Political violence,Explosions/Remote violence,Air/drone strike,Military Forces of Israel (2022-),,8,Civilians (Palestine),Refugees/IDPs (Palestine),7,78,Civilian targeting,275,Middle East,Palestine,Gaza Strip,Deir El Balah,,An Nusayrat,31.4486,34.3925,1,Palestine News and Information Agency,National,"On 16 July 2024, Israeli warplanes struck a house in An Nusayrat camp (Deir El Balah, Gaza Strip) killing one person and injuring several others.",1,,1753955132
PSE56151,7/16/2024,2024,1,Political violence,Explosions/Remote violence,Air/drone strike,Military Forces of Israel (2022-),,8,Civilians (Palestine),,7,78,Civilian targeting,275,Middle East,Palestine,Gaza Strip,Gaza City,,Gaza,31.5045,34.4743,1,Palestine News and Information Agency; Quds News Network,National,"On 16 July 2024, Israeli warplanes struck a house on Al Nafaq street in Gaza (Gaza City, Gaza Strip) killing 1 person and injuring two others.",1,,1759790002
PSE56152,7/16/2024,2024,1,Political violence,Explosions/Remote violence,Air/drone strike,Military Forces of Israel (2022-),,8,Civilians (Palestine),,7,78,Civilian targeting,275,Middle East,Palestine,Gaza Strip,Deir El Balah,,Az Zawayda,31.4284,34.366,1,Newpress; Quds News Network,National,"On 16 July 2024, Israeli warplanes struck a house belong to the Diab family in Az Zawayda (Deir El Balah, Gaza Strip) killing 3 people.",3,,1767742780
PSE56155,7/16/2024,2024,1,Political violence,Explosions/Remote violence,Shelling/artillery/missile attack,Military Forces of Israel (2022-),,8,Civilians (Palestine),Refugees/IDPs (Palestine),7,78,Civilian targeting,275,Middle East,Palestine,Gaza Strip,Deir El Balah,,An Nusayrat,31.4486,34.3925,1,Al-Ittihad; Arutz Sheva; Dunia Al Watan; Israeli Defense Forces; Joe Truzman; Ma'an News Agency; Newpress; Palestine News and Information Agency; Quds News Network,Other-National,"On 16 July 2024, Israeli artillery forces shelled the UNRWA-backed Al Razi school in An Nusayrat (Deir El Balah, Gaza Strip) killing 23 and injuring over 73 others. Israeli forces also shelled two houses belonging to the Zaqout and Hamad families, killing 19. Total fatalities were 42.",42,,1753955132
PSE56156,7/16/2024,2024,1,Political violence,Explosions/Remote violence,Shelling/artillery/missile attack,Military Forces of Israel (2022-),,8,Civilians (Palestine),Refugees/IDPs (Palestine),7,78,Civilian targeting,275,Middle East,Palestine,Gaza Strip,Khan Yunis,,Al Mawasi (Khan Yunis),31.3482,34.2547,1,Al-Ittihad; Dunia Al Watan; Ma'an News Agency; Newpress; Palestine News and Information Agency; Quds News Network,National-Regional,"On 16 July 2024, Israeli artillery shelled a car in Al Mawasi (Khan Yunis) (Khan Yunis, Gaza Strip), killing 17 and injuring 26 others.",17,,1762829569
PSE56165,7/16/2024,2024,1,Political violence,Explosions/Remote violence,Shelling/artillery/missile attack,Military Forces of Israel (2022-),,8,Civilians (Palestine),Refugees/IDPs (Palestine),7,78,Civilian targeting,275,Middle East,Palestine,Gaza Strip,Deir El Balah,,An Nusayrat,31.4486,34.3925,2,Newpress; Quds News Network,National,"On 16 July 2024, Israeli tanks opened fire on a Al Daawa school east of An Nusayrat camp (Deir El Balah, Gaza Strip) injuring a young girl. The tanks were stationed in Al Mughraqa.",0,,1753955132
PSE56167,7/16/2024,2024,1,Political violence,Explosions/Remote violence,Air/drone strike,Military Forces of Israel (2022-),,8,Civilians (Palestine),Refugees/IDPs (Palestine),7,78,Civilian targeting,275,Middle East,Palestine,Gaza Strip,Deir El Balah,,An Nusayrat - North,31.4591,34.3923,1,Newpress; Quds News Network,National,"On 16 July 2024, Israeli warplanes struck a house belonging to the Meqdad family in the new camp in An Nusayrat - North (Deir El Balah, Gaza Strip). Israeli tanks and drones also opened fire on the area. Casualties unknown.",0,,1753955132
PSE56168,7/16/2024,2024,1,Political violence,Explosions/Remote violence,Shelling/artillery/missile attack,Military Forces of Israel (2022-),,8,Civilians (Palestine),Refugees/IDPs (Palestine),7,78,Civilian targeting,275,Middle East,Palestine,Gaza Strip,Deir El Balah,,An Nusayrat - West,31.4525,34.3756,2,Newpress; Quds News Network,National,"On 16 July 2024, Israeli artillery struck residential structures in An Nusayrat - West camp (Deir El Balah, Gaza Strip) killing 3 people.",3,,1753955132
PSE56175,7/16/2024,2024,1,Political violence,Explosions/Remote violence,Shelling/artillery/missile attack,Military Forces of Israel (2022-),,8,Civilians (Palestine),,7,78,Civilian targeting,275,Middle East,Palestine,Gaza Strip,North Gaza,,Beit Lahiya,31.5541,34.5016,1,Quds News Network,National,"On 16 July 2024, Israeli tanks opened fire on Palestinian houses north of Beit Lahiya (North Gaza, Gaza Strip). Casualties unknown.",0,,1753955132
PSE56179,7/16/2024,2024,1,Political violence,Explosions/Remote violence,Shelling/artillery/missile attack,Military Forces of Israel (2022-),,8,Civilians (Palestine),Refugees/IDPs (Palestine),7,78,Civilian targeting,275,Middle East,Palestine,Gaza Strip,Deir El Balah,,Al Maghazi,31.4214,34.3865,1,Quds News Network,National,"On 16 July 2024, Israeli artillery shelled a house in Al Maghazi (Deir El Balah, Gaza Strip) killing 1 Palestinian man.",1,,1753955132
PSE56177,7/16/2024,2024,1,Political violence,Explosions/Remote violence,Shelling/artillery/missile attack,Military Forces of Israel (2022-),,8,Civilians (Palestine),,7,78,Civilian targeting,275,Middle East,Palestine,Gaza Strip,Rafah,,Tal as Sultan,31.3098,34.2414,1,Quds News Network,National,"On 16 July 2024, Israeli artillery shelled Tal as Sultan (Rafah, Gaza Strip) killing 5 people.",5,,1762829569
PSE56146,7/16/2024,2024,1,Political violence,Explosions/Remote violence,Air/drone strike,Military Forces of Israel (2022-),,8,Civilians (Palestine),,7,78,Civilian targeting,275,Middle East,Palestine,Gaza Strip,Khan Yunis,,Abasan al Kabirah,31.3191,34.3401,1,Palestine News and Information Agency; Quds News Network,National,"On 16 July 2024, Israeli warplanes struck a house in Abasan al Kabirah (Khan Yunis, Gaza Strip) killing 4 people and injuring 3. The three injured people were taken to Nasser medical complex.",4,,1753955132
PSE56164,7/16/2024,2024,1,Political violence,Explosions/Remote violence,Air/drone strike,Military Forces of Israel (2022-),,8,Civilians (Palestine),,7,78,Civilian targeting,275,Middle East,Palestine,Gaza Strip,Khan Yunis,,Khan Yunis - Maen,31.336,34.3172,2,Newpress; Quds News Network,National,"On 16 July 2024, Israeli warplanes struck a house belonging to the Isleh family in Al Manara neighborhood southeast of Khan Yunis, coded to Khan Yunis - Maen (Khan Yunis, Gaza Strip), injuring 15 people.",0,,1753955132
PSE56163,7/16/2024,2024,1,Political violence,Explosions/Remote violence,Air/drone strike,Military Forces of Israel (2022-),,8,Civilians (Palestine),,7,78,Civilian targeting,275,Middle East,Palestine,Gaza Strip,North Gaza,,Beit Hanoun,31.5405,34.5402,1,Newpress; Quds News Network,National,"On 16 July 2024, an Israeli drone struck an area near the entrance of Beit Hanoun (North Gaza, Gaza Strip) killing one man.",1,,1753955132
PSE56157,7/16/2024,2024,1,Political violence,Explosions/Remote violence,Shelling/artillery/missile attack,Military Forces of Israel (2022-),,8,Civilians (Palestine),,7,78,Civilian targeting,275,Middle East,Palestine,Gaza Strip,North Gaza,,Sheikh Zaid,31.5392,34.5117,1,Dunia Al Watan; Newpress; Palestine News and Information Agency; Quds News Network,National,"On 16 July 2024, Israeli artillery shelled a group of civilians gathered in Sheikh Zaid roundabout (North Gaza, Gaza Strip) killing at least 4 people and injuring 5 others.",4,,1759790002
PSE56171,7/16/2024,2024,1,Political violence,Explosions/Remote violence,Air/drone strike,Military Forces of Israel (2022-),,8,Civilians (Palestine),,7,78,Civilian targeting,275,Middle East,Palestine,Gaza Strip,Gaza City,,Gaza - Tal el Hawa,31.5041,34.435,1,Liveuamap; Quds News Network,Local partner-New media,"On 16 July 2024, Israeli warplanes struck a house in Gaza - Tal el Hawa (Gaza City, Gaza Strip). Casualties unknown.",0,,1759790002
PSE56150,7/16/2024,2024,1,Political violence,Explosions/Remote violence,Shelling/artillery/missile attack,Military Forces of Israel (2022-),,8,Civilians (Palestine),,7,78,Civilian targeting,275,Middle East,Palestine,Gaza Strip,Rafah,,Khirbet al Adas,31.2855,34.2714,1,Palestine News and Information Agency,National,"On 16 July 2024, Israeli artillery struck residential buildings in Khirbet al Adas (Rafah, Gaza Strip) killing 4 people.",4,,1753955132
PSE56184,7/17/2024,2024,1,Political violence,Explosions/Remote violence,Shelling/artillery/missile attack,Military Forces of Israel (2022-),,8,Civilians (Palestine),Refugees/IDPs (Palestine),7,78,Civilian targeting,275,Middle East,Palestine,Gaza Strip,Deir El Balah,,An Nusayrat - South,31.4389,34.3815,2,Al-Ittihad; Palestine News and Information Agency,National-Regional,"On 17 July 2024, Israeli artillery shelled a house belonging to the Diab family in An Nusayrat - South camp (Deir El Balah, Gaza Strip), killing 7 people and injuring several others.",7,,1753955132
PSE56185,7/17/2024,2024,1,Political violence,Explosions/Remote violence,Air/drone strike,Military Forces of Israel (2022-),,8,Civilians (Palestine),,7,78,Civilian targeting,275,Middle East,Palestine,Gaza Strip,Gaza City,,Gaza - Sheikh Radwan,31.5349,34.4667,1,Al-Ittihad; Palestine News and Information Agency; Quds News Network,National-Regional,"On 17 July 2024, Israeli warplanes struck a house belonging to the El Faraby family in Gaza - Sheikh Radwan (Gaza City, Gaza Strip). There were no casualties.",0,,1759790002
PSE56190,7/17/2024,2024,1,Political violence,Explosions/Remote violence,Air/drone strike,Military Forces of Israel (2022-),,8,Civilians (Palestine),,7,78,Civilian targeting,275,Middle East,Palestine,Gaza Strip,Gaza City,,Gaza - Northern Remal,31.524,34.4505,1,Ma'an News Agency; Newpress; Quds News Network,National,"On 17 July 2024, Israeli warplanes struck the gates of Al Kahera school in the Ramla neighborhood in Gaza, coded to Gaza - Northern Remal (Gaza City, Gaza Strip) killing at least 9 people and injuring 15 others.",9,,1759790002
PSE56192,7/17/2024,2024,1,Political violence,Explosions/Remote violence,Shelling/artillery/missile attack,Military Forces of Israel (2022-),,8,Civilians (Palestine),Refugees/IDPs (Palestine),7,78,Civilian targeting,275,Middle East,Palestine,Gaza Strip,Deir El Balah,,An Nusayrat - West,31.4525,34.3756,1,Ma'an News Agency; Palestine News and Information Agency,National,"On 17 July 2024, Israeli artillery struck a house in An Nusayrat - West camp (Deir El Balah, Gaza Strip) killing 1 elderly man.",1,,1753955132
PSE56195,7/17/2024,2024,1,Political violence,Explosions/Remote violence,Air/drone strike,Military Forces of Israel (2022-),,8,Civilians (Palestine),Refugees/IDPs (Palestine),7,78,Civilian targeting,275,Middle East,Palestine,Gaza Strip,Gaza City,,Gaza - Ash Shati' Camp,31.5349,34.4466,1,Ma'an News Agency,National,"On 17 July 2024, Israeli warplanes struck a group of people near Al Baghdad mosque in Gaza - Ash Shati' Camp (Gaza City, Gaza Strip) killing 5 people and injuring several others.",5,,1759790002
PSE56196,7/17/2024,2024,1,Political violence,Explosions/Remote violence,Air/drone strike,Military Forces of Israel (2022-),,8,Civilians (Palestine),,7,78,Civilian targeting,275,Middle East,Palestine,Gaza Strip,Deir El Balah,,Az Zawayda,31.4284,34.366,1,Al Ghad (Jordan); Ma'an News Agency,National-Regional,"On 17 July 2024, Israeli warplanes struck the Diab family in Az Zawayda (Deir El Balah, Gaza Strip) killing at least 7 people.",7,,1767742780
PSE56197,7/17/2024,2024,1,Political violence,Explosions/Remote violence,Air/drone strike,Military Forces of Israel (2022-),,8,Civilians (Palestine),,7,78,Civilian targeting,275,Middle East,Palestine,Gaza Strip,Khan Yunis,,Abasan al Kabirah,31.3191,34.3401,1,Ma'an News Agency; Newpress; Quds News Network,National,"On 17 July 2024, Israeli warplanes struck a house belonging to the Abu Elian family in Abasan al Kabirah (Khan Yunis, Gaza Strip) killing at least 4 people including a woman and three children. Israeli artillery also targeted the area.",4,,1753955132
PSE56205,7/17/2024,2024,1,Political violence,Explosions/Remote violence,Air/drone strike,Military Forces of Israel (2022-),,8,Civilians (Palestine),,7,78,Civilian targeting,275,Middle East,Palestine,Gaza Strip,North Gaza,,Beit Lahiya - As Siafa,31.5887,34.4959,2,Newpress; Quds News Network,National,"On 17 July 2024, Israeli warplanes struck a group of Palestinians at an internet connection point on the beach of North Gaza, coded to Beit Lahiya - As Siafa (North Gaza, Gaza Strip) killing 5 people.",5,,1762292062
PSE56207,7/17/2024,2024,1,Political violence,Explosions/Remote violence,Air/drone strike,Military Forces of Israel (2022-),,8,Civilians (Palestine),Refugees/IDPs (Palestine),7,78,Civilian targeting,275,Middle East,Palestine,Gaza Strip,Deir El Balah,,An Nusayrat - West,31.4525,34.3756,1,Newpress; Quds News Network,National,"On 17 July 2024, Israeli warplanes struck a house belonging to Abu Ghoula family in An Nusayrat - West camp (Deir El Balah, Gaza Strip) killing 1 man.",1,,1753955132
PSE56209,7/17/2024,2024,1,Political violence,Explosions/Remote violence,Shelling/artillery/missile attack,Military Forces of Israel (2022-),,8,Civilians (Palestine),,7,78,Civilian targeting,275,Middle East,Palestine,Gaza Strip,Gaza City,,Gaza - Sabra,31.5086,34.4493,1,Newpress; Quds News Network,National,"On 17 July 2024, Israeli artillery struck the southern parts of Gaza - Sabra (Gaza City, Gaza Strip). There were no casualties.",0,,1759790002
PSE56211,7/17/2024,2024,1,Political violence,Explosions/Remote violence,Shelling/artillery/missile attack,Military Forces of Israel (2022-),,8,Civilians (Palestine),,7,78,Civilian targeting,275,Middle East,Palestine,Gaza Strip,Gaza City,,Gaza,31.5045,34.4743,1,Newpress,National,"On 17 July 2024, Israeli artillery struck a house belonging to the Al Tatar family in Gaza (Gaza City, Gaza Strip) killing several people. Fatalities coded as 3.",3,,1759790002
PSE56212,7/17/2024,2024,1,Political violence,Explosions/Remote violence,Shelling/artillery/missile attack,Military Forces of Israel (2022-),,8,Civilians (Palestine),Refugees/IDPs (Palestine),7,78,Civilian targeting,275,Middle East,Palestine,Gaza Strip,Deir El Balah,,An Nusayrat,31.4486,34.3925,1,Quds News Network,National,"On 17 July 2024, Israeli artillery shelled a house near Al Qissam cemetery in An Nusayrat camp (Deir El Balah, Gaza Strip). Casualties unknown.",0,,1753955132
PSE56188,7/17/2024,2024,1,Political violence,Explosions/Remote violence,Air/drone strike,Military Forces of Israel (2022-),,8,Civilians (Palestine),,7,78,Civilian targeting,275,Middle East,Palestine,Gaza Strip,Rafah,,Tal as Sultan,31.3098,34.2414,2,Al-Ittihad; Palestine News and Information Agency,National-Regional,"On 17 July 2024, Israeli warplanes struck an area in Tal as Sultan (Rafah, Gaza Strip) killing 4 people.",4,,1762829569
PSE56183,7/17/2024,2024,1,Political violence,Explosions/Remote violence,Shelling/artillery/missile attack,Military Forces of Israel (2022-),,8,Civilians (Palestine),Muslim Group (Palestine); Refugees/IDPs (Palestine),7,78,Civilian targeting,275,Middle East,Palestine,Gaza Strip,Deir El Balah,,An Nusayrat - North,31.4591,34.3923,1,Al-Ittihad; Palestine News and Information Agency; Quds News Network,National-Regional,"On 17 July 2024, Israeli artillery shelled the Abdallah Azzam mosque in An Nusayrat - North camp (Deir El Balah, Gaza Strip) killing 2 people and injuring 15 others.",2,,1753955132
PSE56186,7/17/2024,2024,1,Political violence,Explosions/Remote violence,Shelling/artillery/missile attack,Military Forces of Israel (2022-),,8,Civilians (Palestine),Refugees/IDPs (Palestine),7,78,Civilian targeting,275,Middle East,Palestine,Gaza Strip,Deir El Balah,,An Nusayrat,31.4486,34.3925,1,Al-Ittihad; Al Ghad (Jordan); Ma'an News Agency; Palestine News and Information Agency; Quds News Network,National-Regional,"On 17 July 2024, Israeli artillery shelled a residential structure belonging the Essawi family in An Nusayrat camp (Deir El Balah, Gaza Strip), killing at least 10 people and injuring several others in multiple strikes. Fatalities coded as at least 10.",10,,1753955132
PSE56198,7/17/2024,2024,1,Political violence,Explosions/Remote violence,Air/drone strike,Military Forces of Israel (2022-),,8,Civilians (Palestine),,7,78,Civilian targeting,275,Middle East,Palestine,Gaza Strip,Rafah,,Tal as Sultan,31.3098,34.2414,2,Ma'an News Agency; Newpress; Quds News Network,National,"On 17 July 2024, Israeli warplanes struck the Shakush area northwest of Rafah, coded to Tal as Sultan (Rafah, Gaza Strip) killing 2 people.",2,,1762829569
PSE56181,7/17/2024,2024,1,Political violence,Explosions/Remote violence,Air/drone strike,Military Forces of Israel (2022-),,8,Civilians (Palestine),,7,78,Civilian targeting,275,Middle East,Palestine,Gaza Strip,Gaza City,,Gaza,31.5045,34.4743,1,Palestine News and Information Agency; Quds News Network,National,"On 17 July 2024, Israeli warplanes struck a house (Tatar family) in Gaza City (Gaza City, Gaza Strip) killing and injuring a number of people. Unknown fatalities coded as 3. Israeli warplanes also struck an animal-drawn cart in Al Masdar area in Gaza (Gaza City, Gaza Strip) injuring two people.",3,,1759790002
PSE56208,7/17/2024,2024,1,Political violence,Explosions/Remote violence,Shelling/artillery/missile attack,Military Forces of Israel (2022-),,8,Civilians (Palestine),,7,78,Civilian targeting,275,Middle East,Palestine,Gaza Strip,Gaza City,,Al Mughraqa,31.4675,34.4097,2,Newpress; Quds News Network,National,"On 17 July 2024, Israeli artillery struck a rickshaw on Salah El Din street near Wadi Gaza, coded to Al Mughraqa (Gaza City, Gaza Strip), killing 1 Palestinian and injuring several others.",1,,1753955132
PSE56187,7/17/2024,2024,1,Political violence,Explosions/Remote violence,Shelling/artillery/missile attack,Military Forces of Israel (2022-),,8,Civilians (Palestine),,7,78,Civilian targeting,275,Middle East,Palestine,Gaza Strip,Gaza City,,Gaza - Tal el Hawa,31.5041,34.435,1,Al-Ittihad; Palestine News and Information Agency,National-Regional,"On 17 July 2024, Israeli artillery shelled Palestinians' houses in Gaza - Tal el Hawa (Gaza City, Gaza Strip). Casualties unknown.",0,,1759790002
PSE56218,7/18/2024,2024,1,Political violence,Explosions/Remote violence,Shelling/artillery/missile attack,Military Forces of Israel (2022-),,8,Civilians (Palestine),,7,78,Civilian targeting,275,Middle East,Palestine,Gaza Strip,Gaza City,,Gaza,31.5045,34.4743,1,Newpress; Palestine News and Information Agency,National,"On 18 July 2024, Israeli artillery struck a house belonging the Al Ramly family in Gaza (Gaza City, Gaza Strip) killing two young girls.",2,,1759790002
PSE56224,7/18/2024,2024,1,Political violence,Explosions/Remote violence,Air/drone strike,Military Forces of Israel (2022-),,8,Civilians (Palestine),,7,78,Civilian targeting,275,Middle East,Palestine,Gaza Strip,Deir El Balah,,Deir al Balah,31.4178,34.3503,1,Newpress; Palestine News and Information Agency; Quds News Network,National,"On 18 July 2024, Israeli warplanes struck a civilian vehicle in Deir al Balah (Deir El Balah, Gaza Strip) killing 3 people and injuring several others.",3,,1753955132
PSE56226,7/18/2024,2024,1,Political violence,Explosions/Remote violence,Air/drone strike,Military Forces of Israel (2022-),,8,Civilians (Palestine),Refugees/IDPs (Palestine),7,78,Civilian targeting,275,Middle East,Palestine,Gaza Strip,Deir El Balah,,Al Burayj,31.4394,34.4031,1,Al Ghad (Jordan); Dunia Al Watan; Palestine News and Information Agency,National-Regional,"On 18 July 2024, Israeli warplanes struck a house belonging to El Tahrawy family in Al Burayj camp (Deir El Balah, Gaza Strip), killing 2 people and injuring 7 others.",2,,1753955132
PSE56227,7/18/2024,2024,1,Political violence,Explosions/Remote violence,Air/drone strike,Military Forces of Israel (2022-),,8,Civilians (Palestine),Refugees/IDPs (Palestine),7,78,Civilian targeting,275,Middle East,Palestine,Gaza Strip,Deir El Balah,,An Nusayrat,31.4486,34.3925,1,Dunia Al Watan; Newpress; Palestine News and Information Agency,National,"On 18 July 2024, Israeli artillery truck a residential building in An Nusayrat (Deir El Balah, Gaza Strip) killing 4 children. Meanwhile, Israeli airplanes struck agricultural lands near the police headquarters in An Nusayrat, while Israeli artillery forces struck the Ittihad tower, injuring 7 people. Total fatalities were 4.",4,,1753955132
PSE56228,7/18/2024,2024,1,Political violence,Explosions/Remote violence,Air/drone strike,Military Forces of Israel (2022-),,8,Civilians (Palestine),,7,78,Civilian targeting,275,Middle East,Palestine,Gaza Strip,Gaza City,,Gaza - At Tuffah,31.5134,34.4751,1,Newpress; Palestine News and Information Agency; Quds News Network,National,"On 18 July 2024, Israeli warplanes struck a house in Gaza - At Tuffah (Gaza City, Gaza Strip) killing 1 person.",1,,1759790002
PSE56223,7/18/2024,2024,1,Political violence,Explosions/Remote violence,Shelling/artillery/missile attack,Military Forces of Israel (2022-),,8,Civilians (Palestine),,7,78,Civilian targeting,275,Middle East,Palestine,Gaza Strip,Gaza City,,Gaza - Southern Remal,31.5168,34.4355,2,Newpress; Palestine News and Information Agency; Quds News Network,National,"On 18 July 2024, Israeli artillery struck a group of people at the Abdelaal intersection west of Gaza City, coded to Gaza - Southern Remal (Gaza City, Gaza Strip) killing at least 3 people.",3,,1759790002
PSE56238,7/18/2024,2024,1,Political violence,Explosions/Remote violence,Air/drone strike,Military Forces of Israel (2022-),,8,Civilians (Palestine),,7,78,Civilian targeting,275,Middle East,Palestine,Gaza Strip,Gaza City,,Gaza - Sheikh Radwan,31.5349,34.4667,2,Quds News Network,National,"On 18 July 2024, Israeli warplanes struck a group of Palestinians north of Gaza City, coded to Gaza - Sheikh Radwan (Gaza City, Gaza Strip) killing 4 people.",4,,1759790002
PSE56220,7/18/2024,2024,1,Political violence,Explosions/Remote violence,Air/drone strike,Military Forces of Israel (2022-),,8,Civilians (Palestine),,7,78,Civilian targeting,275,Middle East,Palestine,Gaza Strip,Deir El Balah,,Az Zawayda,31.4284,34.366,1,Al Ghad (Jordan); Newpress; Palestine News and Information Agency; Quds News Network,National-Regional,"On 18 July 2024, Israeli airforces struck a house belonging to the Abu Rkab family in Az Zawayda (Deir El Balah, Gaza Strip) killing at least 5 people.",5,,1767742780
PSE56236,7/18/2024,2024,1,Political violence,Explosions/Remote violence,Shelling/artillery/missile attack,Military Forces of Israel (2022-),,8,Civilians (Palestine),Fishers (Palestine),7,78,Civilian targeting,275,Middle East,Palestine,Gaza Strip,Deir El Balah,,Al Brawk,31.4204,34.339,2,Liveuamap; Newpress; Quds News Network,Local partner-New media,"On 18 July 2024, Israeli military forces shelled a group of fishers on Al Rashid street on the coast of An Nusayrat, coded to Al Brawk (Deir El Balah, Gaza Strip) killing 4 of them.",4,,1767742780
PSE56225,7/18/2024,2024,1,Political violence,Explosions/Remote violence,Shelling/artillery/missile attack,Military Forces of Israel (2022-),,8,Civilians (Palestine),,7,78,Civilian targeting,275,Middle East,Palestine,Gaza Strip,Deir El Balah,,An Nusayrat - North,31.4591,34.3923,1,Newpress; Palestine News and Information Agency; Quds News Network,National,"On 18 July 2024, Israeli artillery struck a house belonging to the Abu Etewi family in An Nusayrat - North (Deir El Balah, Gaza Strip) killing 1 person and injuring 8 others. Israeli forces also struck a house belonging to the Al Sahhar family. Casualties unknown. Israeli artillery struck anoter house in An Nusayrat - North killing 1 woman and her daughter. Total fatalities coded as 3.",3,,1753955132
PSE56221,7/18/2024,2024,1,Political violence,Explosions/Remote violence,Shelling/artillery/missile attack,Military Forces of Israel (2022-),,8,Civilians (Palestine),Muslim Group (Palestine); Refugees/IDPs (Palestine),7,78,Civilian targeting,275,Middle East,Palestine,Gaza Strip,Deir El Balah,,An Nusayrat,31.4486,34.3925,1,Al Ghad (Jordan); Palestine News and Information Agency,National-Regional,"On 18 July 2024, Israeli artillery shelled the Abdallah Azzam mosque in An Nusayrat (Deir El Balah, Gaza Strip) killing 1 person and injuring 15 others.",1,,1753955132
PSE56232,7/18/2024,2024,1,Political violence,Explosions/Remote violence,Air/drone strike,Military Forces of Israel (2022-),,8,Civilians (Palestine),,7,78,Civilian targeting,275,Middle East,Palestine,Gaza Strip,Deir El Balah,,Al Burayj,31.4394,34.4031,1,Newpress; Quds News Network,National,"On 18 July 2024, Israeli warplanes struck a house belonging to the Abu Hasna family near the entrance of Al Burayj (Deir El Balah, Gaza Strip) killing at least 3 people and injuring several others. Israeli warplanes also struck a house belonging to the Al Hashash family.",3,,1753955132
PSE56230,7/18/2024,2024,1,Political violence,Explosions/Remote violence,Air/drone strike,Military Forces of Israel (2022-),,8,Civilians (Palestine),,7,78,Civilian targeting,275,Middle East,Palestine,Gaza Strip,Gaza City,,Gaza - Az Zaytun,31.4964,34.4522,1,Al Ghad (Jordan); Palestine News and Information Agency; Quds News Network,National-Regional,"On 18 July 2024, Israeli warplanes struck El Falah school in Gaza - Az Zaytun (Gaza City, Gaza Strip) killing two people and injuring at least 5 others.",2,,1759790002
PSE56239,7/18/2024,2024,1,Political violence,Explosions/Remote violence,Shelling/artillery/missile attack,Military Forces of Israel (2022-),,8,Civilians (Palestine),,7,78,Civilian targeting,275,Middle East,Palestine,Gaza Strip,Gaza City,,Gaza - Az Zaytun,31.4964,34.4522,2,Newpress,National,"On 18 July 2024, Israeli artillery shelled the area southeast of Gaza - Az Zaytun (Gaza City, Gaza Strip) injuring several people.",0,,1759790002
PSE56245,7/18/2024,2024,1,Political violence,Explosions/Remote violence,Air/drone strike,Military Forces of Israel (2022-),,8,Civilians (Palestine),,7,78,Civilian targeting,275,Middle East,Palestine,Gaza Strip,Rafah,,Khirbet al Adas,31.2855,34.2714,2,Quds News Network,National,"On 18 July 2024, an Israeli drone struck the north of Rafah, coded to Khirbet al Adas (Rafah, Gaza Strip) killing one person and injuring others.",1,,1753955132
PSE56246,7/19/2024,2024,1,Political violence,Explosions/Remote violence,Air/drone strike,Military Forces of Israel (2022-),,8,Civilians (Palestine),Refugees/IDPs (Palestine),7,78,Civilian targeting,275,Middle East,Palestine,Gaza Strip,Deir El Balah,,An Nusayrat,31.4486,34.3925,1,Palestine News and Information Agency; Quds News Network,National,"On 19 July 2024, Israeli warplanes struck a house in An Nusayrat camp (Deir El Balah, Gaza Strip) killing 9 people and injuring others. Also, Israeli artillery struck a house belonging to the Al Tawil family in An Nusayrat camp, killing 4 people. Total fatalities were 13.",13,,1753955132
PSE56251,7/19/2024,2024,1,Political violence,Explosions/Remote violence,Air/drone strike,Military Forces of Israel (2022-),,8,Civilians (Palestine),,7,78,Civilian targeting,275,Middle East,Palestine,Gaza Strip,Deir El Balah,,Al Burayj,31.4394,34.4031,1,Ma'an News Agency; Newpress; Quds News Network,National,"On 19 July 2024, Israeli warplanes struck a house belonging to the Salama family in Al Burayj (Deir El Balah, Gaza Strip) injuring three people. Israeli artillery also opened fire in the area.",0,,1753955132
PSE56262,7/19/2024,2024,1,Political violence,Explosions/Remote violence,Shelling/artillery/missile attack,Military Forces of Israel (2022-),,8,Civilians (Palestine),,7,78,Civilian targeting,275,Middle East,Palestine,Gaza Strip,North Gaza,,Beit Lahiya,31.5541,34.5016,1,Newpress,National,"On 19 July 2024, Israeli artillery vehicles opened fire on Palestinians in Beit Lahiya (North Gaza, Gaza Strip). Casualties unknown.",0,,1753955132
PSE56264,7/19/2024,2024,1,Political violence,Explosions/Remote violence,Shelling/artillery/missile attack,Military Forces of Israel (2022-),,8,Civilians (Palestine),,7,78,Civilian targeting,275,Middle East,Palestine,Gaza Strip,Gaza City,,Gaza - Sheikh Radwan,31.5349,34.4667,1,Quds News Network,National,"On 19 July 2024, Israeli artillery shelled a house belonging to the Ayad family in Gaza - Sheikh Radwan (Gaza City, Gaza Strip) killing 3 people.",3,,1759790002
PSE56265,7/19/2024,2024,1,Political violence,Explosions/Remote violence,Air/drone strike,Military Forces of Israel (2022-),,8,Civilians (Palestine),,7,78,Civilian targeting,275,Middle East,Palestine,Gaza Strip,Deir El Balah,,Deir al Balah,31.4178,34.3503,1,Newpress; Quds News Network,National,"On 19 July 2024, Israeli warplanes struck Deir al Balah (Deir El Balah, Gaza Strip) killing 1 person and injuring several people.",1,,1753955132
PSE56267,7/19/2024,2024,1,Political violence,Explosions/Remote violence,Shelling/artillery/missile attack,Military Forces of Israel (2022-),,8,Civilians (Palestine),,7,78,Civilian targeting,275,Middle East,Palestine,Gaza Strip,Gaza City,,Gaza,31.5045,34.4743,1,Quds News Network,National,"On 19 July 2024, Israeli forces struck the vicinity of al Mogtamaa college in Gaza (Gaza City, Gaza Strip) killing 6 people.",6,,1759790002
PSE56248,7/19/2024,2024,1,Political violence,Explosions/Remote violence,Shelling/artillery/missile attack,Military Forces of Israel (2022-),,8,Civilians (Palestine),,7,78,Civilian targeting,275,Middle East,Palestine,Gaza Strip,Deir El Balah,,Al Brawk,31.4204,34.339,2,Newpress; Palestine News and Information Agency; Quds News Network,National,"On 19 July 2024, Israeli artillery struck a group of people on the coastal road on the coast of An Nusayrat, coded to Al Brawk (Deir El Balah, Gaza Strip) killing 2 people and injuring others.",2,,1767742780
PSE56249,7/19/2024,2024,1,Political violence,Explosions/Remote violence,Shelling/artillery/missile attack,Military Forces of Israel (2022-),,8,Civilians (Palestine),,7,78,Civilian targeting,275,Middle East,Palestine,Gaza Strip,Rafah,,Tal as Sultan,31.3098,34.2414,2,Ma'an News Agency,National,"On 19 July 2024, Israeli artillery opened fire on Palestinians northwest of Rafah, coded to Tal as Sultan (Rafah, Gaza Strip) injuring several people.",0,,1762829569
PSE56250,7/19/2024,2024,1,Political violence,Explosions/Remote violence,Air/drone strike,Military Forces of Israel (2022-),,8,Civilians (Palestine),,7,78,Civilian targeting,275,Middle East,Palestine,Gaza Strip,Khan Yunis,,Khan Yunis - Jourat Al-Loot,31.3314,34.3004,2,Palestine News and Information Agency,National,"On 19 July 2024, Israeli warplanes struck a house south of Khan Yunis, coded to Khan Yunis - Jourat Al-Loot (Khan Yunis, Gaza Strip) killing three people.",3,,1753955132
PSE56290,7/20/2024,2024,1,Political violence,Explosions/Remote violence,Air/drone strike,Military Forces of Israel (2022-),,8,Civilians (Palestine),Labor Group (Palestine); Refugees/IDPs (Palestine),7,78,Civilian targeting,275,Middle East,Palestine,Gaza Strip,Deir El Balah,,Al Burayj,31.4394,34.4031,1,Newpress,National,"On 20 July 2024, Israeli forces launched an airstrike targeting a house belonging to Musleh family in Al Burayj camp (Deir El Balah, Gaza Strip), killing 3 and injuring others. On the same day, Israeli forces launched an airstrike targeting a house near Al Kabir mosque in Al Burayj camp causing several injuries. Additionally, Israeli forces launched a drone strike targeting a house belonging to Batran family in Al Burayj camp, killing 3 Palestinians and injuring 4 children that were playing on the rooftop. Israeli forces also launched an airstrike targeting shops in the center of Al Burayj camp, killing 3 Palestinians and injuring others. There was another airstrike launched on a target in Al Burayj camp. Casualties unknown. Total fatalities coded as 9.",9,,1753955132
PSE56293,7/20/2024,2024,1,Political violence,Explosions/Remote violence,Air/drone strike,Military Forces of Israel (2022-),,8,Civilians (Palestine),,7,78,Civilian targeting,275,Middle East,Palestine,Gaza Strip,Khan Yunis,,Bani Suheila,31.3424,34.325,1,Quds News Network,National,"On 20 July 2024, Israeli forces launched an airstrike on a target in Bani Suheila (Khan Yunis, Gaza Strip), killing 2 Palestinian girls.",2,,1753955132
PSE56295,7/20/2024,2024,1,Political violence,Explosions/Remote violence,Air/drone strike,Military Forces of Israel (2022-),,8,Civilians (Palestine),,7,78,Civilian targeting,275,Middle East,Palestine,Gaza Strip,Gaza City,,Gaza,31.5045,34.4743,1,Newpress; Palestine News and Information Agency; Quds News Network,National,"On 20 July 2024, Israeli forces launched an airstrike targeting a residential building near the Yasin station in the Al Saftawi area in Gaza city (Gaza City, Gaza Strip). 3 were killed and others injured. Additionally, Israeli forces launched an airstrike targeting a residential building in Al Zarqa area in Gaza city, killing 2 Palestinians. Additionally Israeli forces launched an airstrike targeting a house in Gaza city. Casualties unknown. Israeli forces also launched an airstrike on a target in the center of Gaza city. Casualties unknown. Total fatalities coded as 5.",5,,1759790002
PSE56300,7/20/2024,2024,1,Political violence,Explosions/Remote violence,Air/drone strike,Military Forces of Israel (2022-),,8,Civilians (Palestine),,7,78,Civilian targeting,275,Middle East,Palestine,Gaza Strip,Gaza City,,Gaza - Sheikh Radwan,31.5349,34.4667,1,Al-Ittihad; Newpress,National-Regional,"On 20 July 2024, Israeli forces launched an airstrike targeting the ground floor of a building in the Abu Amin square in Gaza - Sheikh Radwan (Gaza City, Gaza Strip), killing 6 Palestinians and injuring 10 others. On the same day, Israeli forces launched a series of airstrikes on Al Jalaa street leading to unspecified number of fatalities. Unspecified fatalities coded as 3. Total fatalities coded as 9.",9,,1759790002
PSE56303,7/20/2024,2024,1,Political violence,Explosions/Remote violence,Air/drone strike,Military Forces of Israel (2022-),,8,Civilians (Palestine),Journalists (Palestine); Refugees/IDPs (Palestine),7,78,Civilian targeting,275,Middle East,Palestine,Gaza Strip,North Gaza,,Jabalya Camp,31.536,34.4907,1,Newpress; Palestine News and Information Agency; Quds News Network,National,"On 20 July 2024, Israeli forces launched an airstrike targeting a Palestinian journalist's house in the Jabalya Camp (North Gaza, Gaza Strip), killing 6 Palestinians, including a journalist.",6,,1755550811
PSE56292,7/20/2024,2024,1,Political violence,Explosions/Remote violence,Air/drone strike,Military Forces of Israel (2022-),,8,Civilians (Palestine),Journalists (Palestine); Refugees/IDPs (Palestine),7,78,Civilian targeting,275,Middle East,Palestine,Gaza Strip,Deir El Balah,,An Nusayrat,31.4486,34.3925,1,Quds News Network,National,"On 20 July 2024, Israeli forces launched an airstrike targeting a residential building in An Nusayrat refugee camp (Deir El Balah, Gaza Strip), killing 5 Palestinians. Additionally, Israeli forces launched an airstrike targeting a house in An Nusayrat killing a woman and injuring several Palestinians. They also launched a series of airstrikes on An Nusayrat refugee camp killing 4 Palestinians. Israeli forces also struck Tower 10 of the Ayn Jalut towers, south of camp 2 in An Nusayrat. Casualties unknown. A journalist was injured by missile fragments. Total fatalities coded as 10.",10,,1753955132
PSE56289,7/20/2024,2024,1,Political violence,Explosions/Remote violence,Air/drone strike,Military Forces of Israel (2022-),,8,Civilians (Palestine),Refugees/IDPs (Palestine),7,78,Civilian targeting,275,Middle East,Palestine,Gaza Strip,Khan Yunis,,Abasan al Jadidah,31.3416,34.3459,1,Palestine News and Information Agency,National,"On 20 July 2024, Israeli forces launched an airstrike targeting a refugee facility in Abasan al Jadidah (Khan Yunis, Gaza Strip), killing at least 6 Palestinians and injuring dozens.",6,,1753955132
PSE56305,7/20/2024,2024,1,Political violence,Explosions/Remote violence,Air/drone strike,Military Forces of Israel (2022-),,8,Civilians (Palestine),,7,78,Civilian targeting,275,Middle East,Palestine,Gaza Strip,Khan Yunis,,Khan Yunis - West (Municipal Stadium),31.3484,34.2961,2,Newpress,National,"On 20 July 2024, Israeli forces launched an airstrike on a target west of Khan Yunis (coded as Khan Yunis - West (Municipal Stadium), Khan Yunis, Gaza Strip) leading to unspecified fatalities and injuries. Unknown fatalities coded as 3.",3,,1753955132
PSE56306,7/20/2024,2024,1,Political violence,Explosions/Remote violence,Air/drone strike,Military Forces of Israel (2022-),,8,Civilians (Palestine),,7,78,Civilian targeting,275,Middle East,Palestine,Gaza Strip,Khan Yunis,,Bani Suheila,31.3424,34.325,2,Newpress,National,"On 20 July 2024, Israeli forces launched an airstrike targeting a facility in the Irmeida area, east of Khan Yunis (coded as Bani Suheila, Khan Yunis, Gaza Strip), killing 10 Palestinians.",10,,1753955132
PSE56301,7/20/2024,2024,1,Political violence,Explosions/Remote violence,Air/drone strike,Military Forces of Israel (2022-),,8,Civilians (Palestine),,7,78,Civilian targeting,275,Middle East,Palestine,Gaza Strip,Gaza City,,Gaza - Tal el Hawa,31.5041,34.435,1,Al-Ittihad; Quds News Network,National-Regional,"On 20 July 2024, Israeli forces launched an airstrike on a target in Gaza - Tal el Hawa (Gaza City, Gaza Strip), killing 6 Palestinians.",6,,1759790002
PSE56307,7/20/2024,2024,1,Political violence,Explosions/Remote violence,Air/drone strike,Military Forces of Israel (2022-),,8,Civilians (Palestine),,7,78,Civilian targeting,275,Middle East,Palestine,Gaza Strip,Rafah,,Rafah,31.287,34.2595,1,Newpress,National,"On 20 July 2024, Israeli forces launched an airstrike targeting a position in the northern area of Rafah city (Rafah, Gaza Strip), killing 3 Palestinians. Israeli forces also launched a drone strike on a position in the Urayba area, northern Rafah city, killing 2 Palestinians and injuring others. On the same day, Israeli forces shelled several positions in the central and western areas in Rafah city (Rafah, Gaza Strip). Casualties unknown. Total fatalities coded as 5.",5,,1762829569
PSE56331,7/21/2024,2024,1,Political violence,Explosions/Remote violence,Air/drone strike,Military Forces of Israel (2022-),,8,Civilians (Palestine),,7,78,Civilian targeting,275,Middle East,Palestine,Gaza Strip,Deir El Balah,,An Nusayrat,31.4486,34.3925,1,Palestine News and Information Agency; Quds News Network,National,"On 21 July 2024, Israeli forces launched an airstrike targeting the Ayn Jalut towers, south of camp 2 in An Nusayrat (Deir El Balah, Gaza Strip) for the second day in a row, killing 4 Palestinians. Meanwhile, Israeli forces launched airstrikes targeting several positions in An Nusayrat camp, injuring dozens of Palestinians. Casualties unknown. On the same day Israeli forces shelled a position in the northern area of An Nusayrat. Casualties unknown. Total fatalities coded as 4.",4,,1753955132
PSE56332,7/21/2024,2024,1,Political violence,Explosions/Remote violence,Air/drone strike,Military Forces of Israel (2022-),,8,Civilians (Palestine),,7,78,Civilian targeting,275,Middle East,Palestine,Gaza Strip,Khan Yunis,,Bani Suheila,31.3424,34.325,1,Newpress,National,"On 21 July 2024, Israeli forces launched an airstrike targeting a house in Bani Suheila (Khan Yunis, Gaza Strip), killing a woman and injuring several others.",1,,1753955132
PSE56333,7/21/2024,2024,1,Political violence,Explosions/Remote violence,Shelling/artillery/missile attack,Military Forces of Israel (2022-),,8,Civilians (Palestine),,7,78,Civilian targeting,275,Middle East,Palestine,Gaza Strip,North Gaza,,Beit Lahiya - Fados,31.5658,34.5074,1,Newpress; Palestine News and Information Agency,National,"On 21 July 2024, Israeli forces shelled a house in Beit Lahiya - Fados (North Gaza, Gaza Strip) killing a Palestinian and injuring another.",1,,1753955132
PSE56334,7/21/2024,2024,1,Political violence,Explosions/Remote violence,Air/drone strike,Military Forces of Israel (2022-),,8,Civilians (Palestine),,7,78,Civilian targeting,275,Middle East,Palestine,Gaza Strip,Gaza City,,Gaza,31.5045,34.4743,2,Quds News Network,National,"On 21 July 2024, Israeli forces launched an airstrike near the Wadi Gaza bridge in the Gaza city area (Gaza City, Gaza Strip), killing a Palestinian.",1,,1759790002
PSE56330,7/21/2024,2024,1,Political violence,Explosions/Remote violence,Air/drone strike,Military Forces of Israel (2022-),,8,Civilians (Palestine),Refugees/IDPs (Palestine),7,78,Civilian targeting,275,Middle East,Palestine,Gaza Strip,Deir El Balah,,Al Burayj,31.4394,34.4031,1,Palestine News and Information Agency; Quds News Network,National,"On 21 July 2024, Israeli forces launched an airstrike targeting a house in Al Burayj camp (Deir El Balah, Gaza Strip), killing 7 and injuring others.",7,,1753955132
PSE56337,7/21/2024,2024,1,Political violence,Explosions/Remote violence,Air/drone strike,Military Forces of Israel (2022-),,8,Civilians (Palestine),,7,78,Civilian targeting,275,Middle East,Palestine,Gaza Strip,Gaza City,,Gaza - Az Zaytun,31.4964,34.4522,1,Newpress,National,"On 21 July 2024, Israeli forces launched an airstrike targeting a position near Al Kuwait roundabout in Gaza - Az Zaytun (Gaza City, Gaza Strip), killing 2 Palestinians and injuring several. Meanwhile, Israeli forces also launched an airstrike targeting the Al Abrar mosque area in Gaza - Az Zaytun (Gaza City, Gaza Strip). A Palestinian was injured as he was filling water. Casualties unknown.",2,,1759790002
PSE56339,7/21/2024,2024,1,Political violence,Explosions/Remote violence,Air/drone strike,Military Forces of Israel (2022-),,8,Civilians (Palestine),,7,78,Civilian targeting,275,Middle East,Palestine,Gaza Strip,Khan Yunis,,Khan Yunis - Jourat Al-Loot,31.3314,34.3004,2,Newpress,National,"On 21 July 2024, Israeli forces launched an airstrike targeting a position near the customs police area, south of Khan Yunis (coded as Khan Yunis - Jourat Al-Loot, Khan Yunis, Gaza Strip), injuring 6.",0,,1753955132
PSE56340,7/21/2024,2024,1,Political violence,Explosions/Remote violence,Air/drone strike,Military Forces of Israel (2022-),,8,Civilians (Palestine),,7,78,Civilian targeting,275,Middle East,Palestine,Gaza Strip,Rafah,,Khirbet al Adas,31.2855,34.2714,1,Newpress,National,"On 21 July 2024, Israeli forces launched an airstrike on Khirbet al Adas (Rafah, Gaza Strip), killing a child and injuring 2 others.",1,,1753955132
PSE56341,7/21/2024,2024,1,Political violence,Explosions/Remote violence,Air/drone strike,Military Forces of Israel (2022-),,8,Civilians (Palestine),,7,78,Civilian targeting,275,Middle East,Palestine,Gaza Strip,Rafah,,Khirbet al Adas,31.2855,34.2714,2,Palestine News and Information Agency,National,"On 21 July 2024, Israeli forces launched an airstrike targeting Palestinians in the Mirage area north of Rafah city (coded to Khirbet al Adas, Gaza Strip) killing 2 Palestinians and injuring others.",2,,1753955132
PSE56342,7/21/2024,2024,1,Political violence,Explosions/Remote violence,Air/drone strike,Military Forces of Israel (2022-),,8,Civilians (Palestine),,7,78,Civilian targeting,275,Middle East,Palestine,Gaza Strip,Khan Yunis,,Qizan an Najjar,31.323,34.2761,1,Quds News Network,National,"On 21 July 2024, Israeli forces launched an airstrike targeting a residential building in Qizan an Najjar (Khan Yunis, Gaza Strip), killing 3 Palestinians.",3,,1753955132
PSE56343,7/21/2024,2024,1,Political violence,Explosions/Remote violence,Air/drone strike,Military Forces of Israel (2022-),,8,Civilians (Palestine),,7,78,Civilian targeting,275,Middle East,Palestine,Gaza Strip,Rafah,,Rafah,31.287,34.2595,1,Newpress,National,"On 21 July 2024, Israeli military helicopters opened fire at Palestinians in the eastern areas in Rafah city (Rafah, Gaza Strip). Casualties unknown.",0,,1762829569
PSE56346,7/21/2024,2024,1,Political violence,Explosions/Remote violence,Air/drone strike,Military Forces of Israel (2022-),,8,Civilians (Palestine),Refugees/IDPs (Palestine),7,78,Civilian targeting,275,Middle East,Palestine,Gaza Strip,Rafah,,Rafah Camp,31.2847,34.2546,1,Palestine News and Information Agency,National,"On 21 July 2024, Israeli forces launched an airstrike targeting a position in Al Shaboura refugee camp in Mukhayyam Rafah (Rafah Camp, Gaza Strip), killing 3 Palestinians.",3,,1753955132
PSE56371,7/22/2024,2024,1,Political violence,Explosions/Remote violence,Air/drone strike,Military Forces of Israel (2022-),,8,Civilians (Palestine),,7,78,Civilian targeting,275,Middle East,Palestine,Gaza Strip,Khan Yunis,,Abasan al Kabirah,31.3191,34.3401,1,Newpress,National,"On 22 July 2024, Israeli forces launched an airstrike targeting a house in Abasan al Kabirah (Khan Yunis, Gaza Strip). Casualties unknown.",0,,1753955132
PSE56372,7/22/2024,2024,1,Political violence,Explosions/Remote violence,Air/drone strike,Military Forces of Israel (2022-),,8,Civilians (Palestine),,7,78,Civilian targeting,275,Middle East,Palestine,Gaza Strip,Deir El Balah,,Al Burayj,31.4394,34.4031,1,Newpress,National,"On 22 July 2024, Israeli forces launched an airstrike targeting a position on the Salah al Din street in Al Burayj (Deir El Balah, Gaza Strip), killing 2 Palestinians. On the same day, Israeli forces launched an airstrike targeting the Tartouri building, inside block 12 in Al Burayj camp (Deir El Balah, Gaza Strip). A Palestinian was killed as he was evacuating his neighbors after the shelling.",3,,1753955132
PSE56374,7/22/2024,2024,1,Political violence,Explosions/Remote violence,Air/drone strike,Military Forces of Israel (2022-),,8,Civilians (Palestine),Refugees/IDPs (Palestine),7,78,Civilian targeting,275,Middle East,Palestine,Gaza Strip,Deir El Balah,,Al Maghazi,31.4214,34.3865,1,Newpress,National,"On 22 July 2024, an Israeli military drone opened fire at Palestinians near the UNRWA schools in Al Maghazi camp (Deir El Balah, Gaza Strip), injuring several Palestinians.",0,,1753955132
PSE56375,7/22/2024,2024,1,Political violence,Explosions/Remote violence,Air/drone strike,Military Forces of Israel (2022-),,8,Civilians (Palestine),,7,78,Civilian targeting,275,Middle East,Palestine,Gaza Strip,Rafah,,Al Mawasi (Rafah),31.3294,34.2299,1,Newpress,National,"On 22 July 2024, Israeli military helicopters opened fire at Palestinians in Al Mawasi (Rafah) (Rafah, Gaza Strip). Casualties unknown.",0,,1762829569
PSE56376,7/22/2024,2024,1,Political violence,Explosions/Remote violence,Air/drone strike,Military Forces of Israel (2022-),,8,Civilians (Palestine),,7,78,Civilian targeting,275,Middle East,Palestine,Gaza Strip,Khan Yunis,,Al Qararah,31.3739,34.3409,1,Newpress; Quds News Network,National,"On 22 July 2024, Israeli forces launched an airstrike targeting Palestinians in Al Qararah (Khan Yunis, Gaza Strip), killing and injuring dozens.",12,,1753955132
PSE56377,7/22/2024,2024,1,Political violence,Explosions/Remote violence,Air/drone strike,Military Forces of Israel (2022-),,8,Civilians (Palestine),,7,78,Civilian targeting,275,Middle East,Palestine,Gaza Strip,Deir El Balah,,An Nusayrat,31.4486,34.3925,1,Newpress; Quds News Network,National,"On 22 July 2024, Israeli forces launched an airstrike targeting a house in An Nusayrat (Deir El Balah, Gaza Strip). Casualties unknown. Additionally, Israeli forces launched an airstrike targeting a residential building in the Ar Rahma neighborhood in An Nusayrat (Deir El Balah, Gaza Strip). Casualties unknown. Meanwhile, Israeli forces launched an airstrike targeting Tower 9 of the Ayn Jalut towers, south of camp 2 in An Nusayrat. Casualties unknown.",0,,1753955132
PSE56383,7/22/2024,2024,1,Political violence,Explosions/Remote violence,Air/drone strike,Military Forces of Israel (2022-),,8,Civilians (Palestine),Journalists (Palestine),7,78,Civilian targeting,275,Middle East,Palestine,Gaza Strip,Deir El Balah,,Deir al Balah,31.4178,34.3503,2,Dunia Al Watan; Newpress; Quds News Network,National,"On 22 July 2024, Israeli forces launched an airstrike on a position in the Deir al Balah province (Deir El Balah, Gaza Strip). One of the strikes targeted a journalist tent near the Al Aqsa Martyrs hospital, killing a journalist and another Palestinian. 2 were injured.",2,,1753955132
PSE56384,7/22/2024,2024,1,Political violence,Explosions/Remote violence,Air/drone strike,Military Forces of Israel (2022-),,8,Civilians (Palestine),,7,78,Civilian targeting,275,Middle East,Palestine,Gaza Strip,Deir El Balah,,Deir al Balah,31.4178,34.3503,1,Dunia Al Watan,National,"On 22 July 2024, Israeli forces launched an airstrike targeting a house in Deir al Balah (Deir El Balah, Gaza Strip), killing 2 Palestinians and several others were injured.",2,,1753955132
PSE56385,7/22/2024,2024,1,Political violence,Explosions/Remote violence,Air/drone strike,Military Forces of Israel (2022-),,8,Civilians (Palestine),,7,78,Civilian targeting,275,Middle East,Palestine,Gaza Strip,Gaza City,,Gaza,31.5045,34.4743,2,Newpress,National,"On 22 July 2024, Israeli forces launched an airstrike targeting a house west of Gaza city (Gaza City, Gaza Strip), killing a woman and injuring 5 Palestinians.",1,,1759790002
PSE56386,7/22/2024,2024,1,Political violence,Explosions/Remote violence,Air/drone strike,Military Forces of Israel (2022-),,8,Civilians (Palestine),,7,78,Civilian targeting,275,Middle East,Palestine,Gaza Strip,Gaza City,,Gaza,31.5045,34.4743,1,Newpress,National,"On 22 July 2024, Israeli forces launched an airstrike targeting a house near the Al Jaamiya College in Gaza city (Gaza City, Gaza Strip) causing the house to catch on fire. Casualties unknown.",0,,1759790002
PSE56393,7/22/2024,2024,1,Political violence,Explosions/Remote violence,Air/drone strike,Military Forces of Israel (2022-),,8,Civilians (Palestine),,7,78,Civilian targeting,275,Middle East,Palestine,Gaza Strip,Khan Yunis,,Khan Yunis - An Nasser,31.3746,34.2993,1,Newpress,National,"On 22 July 2024, Israeli forces launched an airstrike targeting Palestinians on the Red Cross street in Khan Yunis - An Nasser (Khan Yunis, Gaza Strip). 5 were killed and several injured.",5,,1753955132
PSE56400,7/22/2024,2024,1,Political violence,Explosions/Remote violence,Air/drone strike,Military Forces of Israel (2022-),,8,Civilians (Palestine),,7,78,Civilian targeting,275,Middle East,Palestine,Gaza Strip,Rafah,,Tal as Sultan,31.3098,34.2414,2,Newpress,National,"On 22 July 2024, Israeli military helicopters opened fire at Palestinians west of Rafah city (coded to Tal as Sultan, Gaza Strip). Casualties unknown.",0,,1762829569
PSE56390,7/22/2024,2024,1,Political violence,Explosions/Remote violence,Air/drone strike,Military Forces of Israel (2022-),,8,Civilians (Palestine),Refugees/IDPs (Palestine),7,78,Civilian targeting,275,Middle East,Palestine,Gaza Strip,Khan Yunis,,Khan Yunis,31.3502,34.3081,1,Newpress,National,"On 22 July 2024, Israeli military planes and helicopters launched strikes and opened fire at Palestinians in the eastern areas of Khan Yunis (Khan Yunis, Gaza Strip), killing 6 Palestinians. Israeli forces also launched an airstrike targeting Palestinian tents near a hospital in Khan Yunis burning Palestinians alive. Unspecified fatalities coded as 3. Total fatalities coded as 9.",9,,1753955132
PSE56388,7/22/2024,2024,1,Political violence,Explosions/Remote violence,Air/drone strike,Military Forces of Israel (2022-),,8,Civilians (Palestine),,7,78,Civilian targeting,275,Middle East,Palestine,Gaza Strip,Gaza City,,Gaza - At Tuffah,31.5134,34.4751,1,Newpress; Palestine News and Information Agency,National,"On 22 July 2024, Israeli forces launched an airstrike targeting a house on the Al Shaaf street in Gaza - At Tuffah (Gaza City, Gaza Strip), killing 3 Palestinians.",3,,1759790002
PSE56379,7/22/2024,2024,1,Political violence,Explosions/Remote violence,Air/drone strike,Military Forces of Israel (2022-),,8,Civilians (Palestine),,7,78,Civilian targeting,275,Middle East,Palestine,Gaza Strip,Khan Yunis,,Bani Suheila,31.3424,34.325,1,Newpress; Quds News Network,National,"On 22 July 2024, Israeli forces launched an airstrike targeted 2 houses in Bani Suheila (Khan Yunis, Gaza Strip) leading to unspecified fatalities and injuring several Palestinians. Unknown fatalities coded as 3.",3,,1753955132
PSE56402,7/22/2024,2024,1,Political violence,Explosions/Remote violence,Shelling/artillery/missile attack,Military Forces of Israel (2022-),,8,Civilians (Palestine),,7,78,Civilian targeting,275,Middle East,Palestine,Gaza Strip,Rafah,,Yibna,31.2842,34.2482,2,Newpress,National,"On 22 July 2024, Israeli forces shelled positions in the Al Salam neighborhood and near the Al Juwayzat roundabout east of Rafah (coded to Yibna, Gaza Strip). Casualties unknown.",0,,1753955132
PSE56396,7/22/2024,2024,1,Political violence,Explosions/Remote violence,Air/drone strike,Military Forces of Israel (2022-),,8,Civilians (Palestine),,7,78,Civilian targeting,275,Middle East,Palestine,Gaza Strip,Khan Yunis,,Qizan an Najjar,31.323,34.2761,2,Newpress,National,"On 22 July 2024, Israeli forces launched an airstrike targeting a house in the Al Manarah area, east of Qizan an Najjar (Khan Yunis, Gaza Strip), killing 2 children.",2,,1753955132
PSE56431,7/23/2024,2024,1,Political violence,Explosions/Remote violence,Air/drone strike,Military Forces of Israel (2022-),,8,Civilians (Palestine),Refugees/IDPs (Palestine),7,78,Civilian targeting,275,Middle East,Palestine,Gaza Strip,Deir El Balah,,Al Burayj,31.4394,34.4031,1,Al-Ittihad; Ma'an News Agency; Palestine News and Information Agency; Quds News Network,National-Regional,"On 23 July 2024, Israeli warplanes and artillery struck targets in Al Burayj camp (Deir El Balah, Gaza Strip), killing between 6-9 people and injuring 10 others. 6 fatalities coded.",6,,1753955132
PSE56433,7/23/2024,2024,1,Political violence,Explosions/Remote violence,Air/drone strike,Military Forces of Israel (2022-),,8,Civilians (Palestine),Refugees/IDPs (Palestine),7,78,Civilian targeting,275,Middle East,Palestine,Gaza Strip,Deir El Balah,,An Nusayrat,31.4486,34.3925,1,Quds News Network,National,"On 23 July 2024, Israeli forces launched an airstrike targeting a house in the Abu Mahadi neighborhood in An Nusayrat camp (Deir El Balah, Gaza Strip), destroying the house. Casualties unknown.",0,,1753955132
PSE56435,7/23/2024,2024,1,Political violence,Explosions/Remote violence,Air/drone strike,Military Forces of Israel (2022-),,8,Civilians (Palestine),,7,78,Civilian targeting,275,Middle East,Palestine,Gaza Strip,Deir El Balah,,An Nusayrat - North,31.4591,34.3923,2,Quds News Network,National,"On 23 July 2024, Israeli army drones struck targets north of An Nusayrat (coded to An Nusayrat - North) (Deir El Balah, Gaza Strip), causing unspecified injuries. There were no fatalities.",0,,1753955132
PSE56437,7/23/2024,2024,1,Political violence,Explosions/Remote violence,Air/drone strike,Military Forces of Israel (2022-),,8,Civilians (Palestine),,7,78,Civilian targeting,275,Middle East,Palestine,Gaza Strip,Khan Yunis,,Bani Suheila,31.3424,34.325,2,Newpress; Quds News Network,National,"On 23 July 2024, Israeli warplanes struck targets east of Khan Yunis, coded to Bani Suheila (Khan Yunis, Gaza strip). In conjunction, Israeli army vehicle opened fire towards civilians. Casualties unknown.",0,,1753955132
PSE56442,7/23/2024,2024,1,Political violence,Explosions/Remote violence,Air/drone strike,Military Forces of Israel (2022-),,8,Civilians (Palestine),,7,78,Civilian targeting,275,Middle East,Palestine,Gaza Strip,Gaza City,,Gaza,31.5045,34.4743,1,Newpress; Quds News Network,National,"On 23 July 2024, Israeli army warplanes conducted airstrikes in Gaza City (Gaza Strip). One strike targeted a house near the municipality park of Gaza City, killing 1 woman and injuring others. 1 fatality coded.",1,,1759790002
PSE56443,7/23/2024,2024,1,Political violence,Explosions/Remote violence,Air/drone strike,Military Forces of Israel (2022-),,8,Civilians (Palestine),,7,78,Civilian targeting,275,Middle East,Palestine,Gaza Strip,Gaza City,,Gaza - Ad Darraj,31.5172,34.4642,1,Newpress; Palestine News and Information Agency; Quds News Network,National,"On 23 July 2024, Israeli warplanes struck a house in Al Nafaq street of Al Sahaba area of Gaza - Ad Darraj (Gaza City, Gaza Strip), leaving 4 fatalities and several injuries.",4,,1759790002
PSE56446,7/23/2024,2024,1,Political violence,Explosions/Remote violence,Air/drone strike,Military Forces of Israel (2022-),,8,Civilians (Palestine),,7,78,Civilian targeting,275,Middle East,Palestine,Gaza Strip,Gaza City,,Gaza - Sabra,31.5086,34.4493,1,Newpress; PLO Negotiations Affairs Department; Quds News Network,Other-National,"On 23 July 2024, Israeli army warplanes struck a house in Al Maghrabi street of Gaza - Sabra (Gaza City, Gaza Strip), killing 8 Palestinian from the same family and injuring others.",8,,1759790002
PSE56448,7/23/2024,2024,1,Political violence,Explosions/Remote violence,Air/drone strike,Military Forces of Israel (2022-),,8,Civilians (Palestine),Refugees/IDPs (Palestine),7,78,Civilian targeting,275,Middle East,Palestine,Gaza Strip,North Gaza,,Jabalya Camp,31.536,34.4907,1,Newpress; Palestine News and Information Agency; Quds News Network,National,"On 23 July 2024, Israeli army warplanes struck a house in Jabalya Camp (North Gaza, Gaza Strip), killing 4 Palestinian from the same family and injuring others.",4,,1753955132
PSE56453,7/23/2024,2024,1,Political violence,Explosions/Remote violence,Air/drone strike,Military Forces of Israel (2022-),,8,Civilians (Palestine),,7,78,Civilian targeting,275,Middle East,Palestine,Gaza Strip,Khan Yunis,,Khan Yunis - Maen,31.336,34.3172,1,Newpress; Quds News Network,National,"On 23 July 2024, Israeli warplanes struck Khan Yunis - Maen (Khan Yunis, Gaza Strip), killing 4 Palestinians.",4,,1753955132
PSE56454,7/23/2024,2024,1,Political violence,Explosions/Remote violence,Air/drone strike,Military Forces of Israel (2022-),,8,Civilians (Palestine),,7,78,Civilian targeting,275,Middle East,Palestine,Gaza Strip,Khan Yunis,,Khan Yunis - Maen,31.336,34.3172,2,Newpress,National,"On 23 July 2024, Israeli warplanes struck An Nahas neighborhood southeast of Khan Yunis, coded to Khan Yunis - Maen (Khan Yunis, Gaza strip), leaving 4 fatalities.",4,,1753955132
PSE56438,7/23/2024,2024,1,Political violence,Explosions/Remote violence,Shelling/artillery/missile attack,Military Forces of Israel (2022-),,8,Civilians (Palestine),,7,78,Civilian targeting,275,Middle East,Palestine,Gaza Strip,Khan Yunis,,Bani Suheila,31.3424,34.325,1,Ma'an News Agency; Newpress; Quds News Network,National,"On 23 July 2024, Israeli artillery shelled the Bani Suheila town (Khan Yunis, Gaza Strip), including Al Zanah neighborhood, causing unspecified fatalities. In conjunction, Israeli army forces shot 1 civilian, likely killing him, fired smoke grenades, and blew up houses via unspecified means in the same town. Israel said that its operation in Bani Suheila was meant to prevent Hamas fighters from regrouping. Unknown fatalities coded as 3.",3,,1753955132
PSE56440,7/23/2024,2024,1,Political violence,Explosions/Remote violence,Air/drone strike,Military Forces of Israel (2022-),,8,Civilians (Palestine),,7,78,Civilian targeting,275,Middle East,Palestine,Gaza Strip,Deir El Balah,,Deir al Balah,31.4178,34.3503,1,PLO Negotiations Affairs Department; Quds News Network,Other-National,"On 23 July 2024, Israeli warplanes struck a house in Al Hadaba area of Deir al Balah city (Deir El Balah, Gaza Strip), causing an unspecified number of fatalities and injuries, including 1 injured child. In conjunction, Israeli artillery struck an apartment in al-Qastal 1 towers in Deir al Balah. Casualties from the shelling are unknown. Unknown fatalities from the airstrike coded as 3.",3,,1753955132
PSE56445,7/23/2024,2024,1,Political violence,Violence against civilians,Attack,Military Forces of Israel (2022-),,8,Civilians (Palestine),,7,78,Civilian targeting,275,Middle East,Palestine,Gaza Strip,Gaza City,,Gaza - Nezarim,31.484,34.4056,2,Ma'an News Agency,National,"On 23 July 2024, Israeli army forces killed 1 Palestinian via unspecified means south of Gaza - Nezarim (Gaza City, Gaza Strip).",1,,1753955132
PSE56456,7/23/2024,2024,1,Political violence,Explosions/Remote violence,Shelling/artillery/missile attack,Military Forces of Israel (2022-),,8,Civilians (Palestine),,7,78,Civilian targeting,275,Middle East,Palestine,Gaza Strip,Khan Yunis,,Qizan an Najjar,31.323,34.2761,2,Newpress; Quds News Network,National,"On 23 July 2024, Israeli artillery shelled Qizan Rashwan area west of Qizan an Najjar (Khan Yunis, Gaza Strip), killing and injuring an unspecified number of Palestinians. Unknown fatalities coded as 3.",3,,1753955132
PSE56496,7/24/2024,2024,1,Political violence,Explosions/Remote violence,Shelling/artillery/missile attack,Military Forces of Israel (2022-),,8,Civilians (Palestine),,7,78,Civilian targeting,275,Middle East,Palestine,Gaza Strip,Khan Yunis,,Al Qararah,31.3739,34.3409,1,Al-Ittihad; Ma'an News Agency; Palestine News and Information Agency,National-Regional,"On 24 July 2024, Israeli artillery targeted Al Qararah (Khan Yunis, Gaza Strip), causing unspecified fatalities. Israeli forces also blew up houses, via unspecified means. Unknown fatalities coded as 3.",3,,1753955132
PSE56497,7/24/2024,2024,1,Political violence,Explosions/Remote violence,Shelling/artillery/missile attack,Hamas Movement,,3,Civilians (Palestine),Aid Workers (International),7,37,Civilian targeting,275,Middle East,Palestine,Gaza Strip,Khan Yunis,,Al Qararah,31.3739,34.3409,1,Arutz Sheva,Regional,"On 24 July 2024, Hamas militants fired a missile toward Israel, which fell short and landed at an UNRWA school in Al Qararah (Khan Yunis, Gaza Strip), killing 2 civilians and injuring others.",2,,1722291570
PSE56501,7/24/2024,2024,1,Political violence,Violence against civilians,Attack,Military Forces of Israel (2022-),,8,Civilians (International),Aid Workers (International),7,78,Civilian targeting,275,Middle East,Palestine,Gaza Strip,Khan Yunis,,Bani Suheila,31.3424,34.325,2,Dunia Al Watan; Newpress; Palestine News and Information Agency; Quds News Network,National,"On 24 July 2024, Israeli army forces opened fire at a truck transporting food baskets for the World Central Kitchen Al Salam Hospital north of Bani Suheila (Khan Yunis, Gaza Strip), injuring the driver. There were no fatalities. This event involved violence over aid.",0,,1754354914
PSE56504,7/24/2024,2024,1,Political violence,Explosions/Remote violence,Shelling/artillery/missile attack,Military Forces of Israel (2022-),,8,Civilians (Palestine),,7,78,Civilian targeting,275,Middle East,Palestine,Gaza Strip,Khan Yunis,,Bani Suheila,31.3424,34.325,1,Al-Ittihad; Ma'an News Agency; Newpress; Palestine News and Information Agency; Quds News Network,National-Regional,"On 24 July 2024, Israeli forces and tanks opened fire at Bani Suheila town (Khan Yunis, Gaza Strip), causing unspecified fatalities. Israeli forces also blew up houses, via unspecified means. At least 9 dead Palestinians were found after the operation. 9 fatalities coded.",9,,1753955132
PSE56505,7/24/2024,2024,1,Political violence,Explosions/Remote violence,Shelling/artillery/missile attack,Military Forces of Israel (2022-),,8,Civilians (Palestine),,7,78,Civilian targeting,275,Middle East,Palestine,Gaza Strip,North Gaza,,Beit Lahiya,31.5541,34.5016,1,Newpress; Quds News Network,National,"On 24 July 2024, Israeli artillery shelled Palestinians in Beit Lahiya (North Gaza, Gaza Strip), killing 4 people.",4,,1753955132
PSE56507,7/24/2024,2024,1,Political violence,Explosions/Remote violence,Air/drone strike,Military Forces of Israel (2022-),,8,Civilians (Palestine),,7,78,Civilian targeting,275,Middle East,Palestine,Gaza Strip,Gaza City,,Gaza - At Tuffah,31.5134,34.4751,1,Newpress; Quds News Network,National,"On 24 July 2024, Israeli army warplanes struck a house in Al Shaaf neighborhood of Gaza - At Tuffah (Gaza City, Gaza Strip), injuring 6 people. There were no fatalities.",0,,1759790002
PSE56510,7/24/2024,2024,1,Political violence,Explosions/Remote violence,Air/drone strike,Military Forces of Israel (2022-),,8,Civilians (Palestine),,7,78,Civilian targeting,275,Middle East,Palestine,Gaza Strip,Gaza City,,Gaza - Sheikh Radwan,31.5349,34.4667,1,Al-Ittihad; Newpress; Palestine News and Information Agency,National-Regional,"On 24 July 2024, Israeli warplanes conducted an airstrike in the vicinity of the Al Ahli club in Gaza - Sheikh Radwan area (Gaza City, Gaza Strip), injuring 3 people. There were no fatalities.",0,,1759790002
PSE56513,7/24/2024,2024,1,Political violence,Explosions/Remote violence,Air/drone strike,Military Forces of Israel (2022-),,8,Civilians (Palestine),Refugees/IDPs (Palestine),7,78,Civilian targeting,275,Middle East,Palestine,Gaza Strip,Khan Yunis,,Hamad,31.3749,34.3193,1,Al-Ittihad; Newpress; Palestine News and Information Agency; Quds News Network,National-Regional,"On 24 July 2024, Israeli army warplanes struck IDP tents in eastern Hamad City (Khan Yunis, Gaza Strip), killing 4 people and injuring a number of others.",4,,1753955132
PSE56515,7/24/2024,2024,1,Political violence,Explosions/Remote violence,Air/drone strike,Military Forces of Israel (2022-),,8,Civilians (Palestine),,7,78,Civilian targeting,275,Middle East,Palestine,Gaza Strip,Khan Yunis,,Khan Yunis,31.3502,34.3081,1,Newpress; Palestine News and Information Agency; Quds News Network,National,"On 24 July 2024, Israeli warplanes and artillery struck several targets in Khan Yunis City (Khan Yunis, Gaza Strip), including the station and Nasser area. Casualties unknown.",0,,1753955132
PSE56519,7/24/2024,2024,1,Political violence,Explosions/Remote violence,Air/drone strike,Military Forces of Israel (2022-),,8,Civilians (Palestine),,7,78,Civilian targeting,275,Middle East,Palestine,Gaza Strip,Khan Yunis,,Khan Yunis - City Centre,31.3419,34.3015,1,Newpress; Quds News Network,National,"On 24 July 2024, Israeli warplanes struck Heraa market in Khan Yunis - City Centre (Khan Yunis, Gaza Strip). Casualties unknown. Another strike killed 2 Palestinians in the downtown area.",2,,1753955132
PSE56522,7/24/2024,2024,1,Political violence,Explosions/Remote violence,Air/drone strike,Military Forces of Israel (2022-),,8,Civilians (Palestine),,7,78,Civilian targeting,275,Middle East,Palestine,Gaza Strip,Khan Yunis,,Khan Yunis - Maen,31.336,34.3172,1,Newpress; Quds News Network,National,"On 24 July 2024, Israeli warplanes struck Khan Yunis - Maen (Khan Yunis, Gaza Strip), killing 1 Palestinian and injuring a number of others.",1,,1753955132
PSE56529,7/24/2024,2024,1,Political violence,Explosions/Remote violence,Air/drone strike,Military Forces of Israel (2022-),,8,Civilians (Palestine),,7,78,Civilian targeting,275,Middle East,Palestine,Gaza Strip,Rafah,,Shokat as Sufi,31.2586,34.2824,2,Ma'an News Agency,National,"On 24 July 2024, Israeli army warplanes struck Tal as Sultan, Al Barahmah (coded to Shokat as Sufi), Khirbet al Adas, and Kaff Miraj areas (Rafah, Gaza Strip), killing a total of 8 people. 8 fatalities split across 4 locations. 2 fatalities coded per location.",2,,1753955132
PSE56530,7/24/2024,2024,1,Political violence,Explosions/Remote violence,Air/drone strike,Military Forces of Israel (2022-),,8,Civilians (Palestine),,7,78,Civilian targeting,275,Middle East,Palestine,Gaza Strip,Rafah,,Tal as Sultan,31.3098,34.2414,1,Ma'an News Agency,National,"On 24 July 2024, Israeli army warplanes struck Tal as Sultan, Al Barahmah, Khirbet al Adas, and Kaff Miraj areas (Rafah, Gaza Strip), killing a total of 8 people. 8 fatalities split across 4 locations. 2 fatalities coded per location.",2,,1762829569
PSE56531,7/24/2024,2024,1,Political violence,Explosions/Remote violence,Air/drone strike,Military Forces of Israel (2022-),,8,Civilians (Palestine),,7,78,Civilian targeting,275,Middle East,Palestine,Gaza Strip,Rafah,,Tal as Sultan,31.3098,34.2414,2,Quds News Network,National,"On 24 July 2024, Israeli warplanes struck areas west of Rafah, coded to Tal as Sultan (Rafah, Gaza Strip). Also, Israeli forces blew up houses via unspecified means in the same area. Casualties unknown.",0,,1762829569
PSE56498,7/24/2024,2024,1,Political violence,Explosions/Remote violence,Air/drone strike,Military Forces of Israel (2022-),,8,Civilians (Palestine),Refugees/IDPs (Palestine),7,78,Civilian targeting,275,Middle East,Palestine,Gaza Strip,Deir El Balah,,An Nusayrat,31.4486,34.3925,1,Newpress,National,"On 24 July 2024, an Israeli drone opened fire at houses in the Abu Mahadi neighborhood in An Nusayrat camp (Deir El Balah, Gaza Strip). Casualties unknown. Israeli army warplanes also conducted airstrikes in Mukhayam 2, Ain Jalut towers, Ar Rahma, and the new camp areas of An Nusayrat. The strike in Mukhayam 2 killed 1 child. 1 fatality coded.",1,,1753955132
PSE56508,7/24/2024,2024,1,Political violence,Explosions/Remote violence,Shelling/artillery/missile attack,Military Forces of Israel (2022-),,8,Civilians (Palestine),,7,78,Civilian targeting,275,Middle East,Palestine,Gaza Strip,Gaza City,,Gaza - Az Zaytun,31.4964,34.4522,1,Newpress; Quds News Network,National,"On 24 July 2024, Israeli artillery shelled the vicinity of Al Abrar Mosque in Gaza - Az Zaytun (Gaza City, Gaza Strip). Casualties unknown.",0,,1759790002
PSE56514,7/24/2024,2024,1,Political violence,Explosions/Remote violence,Air/drone strike,Military Forces of Israel (2022-),,8,Civilians (Palestine),,7,78,Civilian targeting,275,Middle East,Palestine,Gaza Strip,North Gaza,,Jabalya,31.5272,34.4835,1,Al-Ittihad; Palestine News and Information Agency; Quds News Network,National-Regional,"On 24 July 2024, an Israeli army warplane struck a house in Al Jurn area of Jabalya town (North Gaza, Gaza Strip), killing 5 persons and injuring a number of others.",5,,1759790002
PSE56520,7/24/2024,2024,1,Political violence,Explosions/Remote violence,Air/drone strike,Military Forces of Israel (2022-),,8,Civilians (Palestine),Labor Group (Palestine),7,78,Civilian targeting,275,Middle East,Palestine,Gaza Strip,Khan Yunis,,Khan Yunis - Jourat Al-Loot,31.3314,34.3004,1,Ma'an News Agency; Newpress; Palestine News and Information Agency; Quds News Network,National,"On 24 July 2024, Israeli army warplanes struck a car carrying employees of the electricity company in Khan Yunis - Jourat Al-Loot (Khan Yunis, Gaza Strip), killing 4 people and injuring 1 person. The injured person succumbed to their wounds and died. 5 fatalities.",5,,1753955132
PSE56521,7/24/2024,2024,1,Political violence,Explosions/Remote violence,Air/drone strike,Military Forces of Israel (2022-),,8,Civilians (Palestine),,7,78,Civilian targeting,275,Middle East,Palestine,Gaza Strip,Khan Yunis,,Khan Yunis - Jourat Al-Loot,31.3314,34.3004,2,Ma'an News Agency,National,"On 24 July 2024, Israeli army warplanes struck a house south of Khan Yunis, coded to Khan Yunis - Jourat Al-Loot (Khan Yunis, Gaza Strip), killing 4 people, including 2 brothers.",4,,1753955132
PSE56524,7/24/2024,2024,1,Political violence,Explosions/Remote violence,Air/drone strike,Military Forces of Israel (2022-),,8,Civilians (Palestine),,7,78,Civilian targeting,275,Middle East,Palestine,Gaza Strip,Rafah,,Khirbet al Adas,31.2855,34.2714,1,Ma'an News Agency,National,"On 24 July 2024, Israeli army warplanes struck Tal as Sultan, Al Barahmah, Khirbet al Adas, and Kaff Miraj areas (Rafah, Gaza Strip), killing a total of 8 people. 8 fatalities split across 4 locations. 2 fatalities coded per location.",2,,1753955132
PSE56525,7/24/2024,2024,1,Political violence,Explosions/Remote violence,Air/drone strike,Military Forces of Israel (2022-),,8,Civilians (Palestine),,7,78,Civilian targeting,275,Middle East,Palestine,Gaza Strip,Rafah,,Khirbet al Adas,31.2855,34.2714,2,Ma'an News Agency,National,"On 24 July 2024, Israeli army warplanes struck Tal as Sultan, Al Barahmah, Khirbet al Adas, and Kaff Miraj (coded to Khirbet al Adas) areas (Rafah, Gaza Strip), killing a total of 8 people. 8 fatalities split across 4 locations. 2 fatalities coded per location.",2,,1753955132
PSE56526,7/24/2024,2024,1,Political violence,Violence against civilians,Attack,Military Forces of Israel (2022-),,8,Civilians (Palestine),,7,78,Civilian targeting,275,Middle East,Palestine,Gaza Strip,Khan Yunis,,Qizan an Najjar,31.323,34.2761,2,Quds News Network,National,"On 24 July 2024, Israeli forces shot and killed 2 Palestinians in Qizan Rashwan area west of Qizan an Najjar (Khan Yunis, Gaza Strip).",2,,1753955132
PSE56568,7/25/2024,2024,1,Political violence,Violence against civilians,Attack,Military Forces of Israel (2022-),,8,Civilians (Palestine),,7,78,Civilian targeting,275,Middle East,Palestine,Gaza Strip,Khan Yunis,,Abasan al Kabirah,31.3191,34.3401,2,Newpress,National,"On 25 July 2024, Israeli snipers shot and killed 1 Palestinian east of Abasan al Kabirah (Khan Yunis, Gaza Strip).",1,,1753955132
PSE56569,7/25/2024,2024,1,Political violence,Explosions/Remote violence,Air/drone strike,Military Forces of Israel (2022-),,8,Civilians (Palestine),Refugees/IDPs (Palestine),7,78,Civilian targeting,275,Middle East,Palestine,Gaza Strip,Deir El Balah,,Al Burayj,31.4394,34.4031,1,Al Ghad (Jordan); Newpress; Palestine News and Information Agency; Quds News Network,National-Regional,"On 25 July 2024, Israeli warplanes struck targets in Al Burayj camp (Deir El Balah, Gaza Strip), injuring 7 people in one house. There were no fatalities.",0,,1753955132
PSE56571,7/25/2024,2024,1,Political violence,Explosions/Remote violence,Air/drone strike,Military Forces of Israel (2022-),,8,Civilians (Palestine),,7,78,Civilian targeting,275,Middle East,Palestine,Gaza Strip,Khan Yunis,,Al Qararah,31.3739,34.3409,1,Ma'an News Agency; Newpress; Palestine News and Information Agency; Quds News Network,National,"On 25 July 2024, Israeli warplanes and artillery struck houses in Al Qararah town (Khan Yunis, Gaza Strip), killing 2 people and destroying houses.",2,,1753955132
PSE56575,7/25/2024,2024,1,Political violence,Explosions/Remote violence,Air/drone strike,Military Forces of Israel (2022-),,8,Civilians (Palestine),,7,78,Civilian targeting,275,Middle East,Palestine,Gaza Strip,Khan Yunis,,Bani Suheila,31.3424,34.325,1,Dunia Al Watan; Ma'an News Agency; Palestine News and Information Agency; Quds News Network,National,"On 25 July 2024, Israeli warplanes and artillery struck Bani Suheila town (Khan Yunis, Gaza strip), killing 3 people, and injuring others.",3,,1753955132
PSE56577,7/25/2024,2024,1,Political violence,Violence against civilians,Attack,Military Forces of Israel (2022-),,8,Civilians (Palestine),,7,78,Civilian targeting,275,Middle East,Palestine,Gaza Strip,Khan Yunis,,Bani Suheila,31.3424,34.325,2,Palestine News and Information Agency,National,"On 25 July 2024, Israeli forces shot and killed 2 Palestinians east of Khan Yunis City, coded to Bani Suheila (Khan Yunis, Gaza Strip).",2,,1753955132
PSE56584,7/25/2024,2024,1,Political violence,Explosions/Remote violence,Air/drone strike,Military Forces of Israel (2022-),,8,Civilians (Palestine),Refugees/IDPs (Palestine),7,78,Civilian targeting,275,Middle East,Palestine,Gaza Strip,Gaza City,,Gaza - Ash Shati' Camp,31.5349,34.4466,1,Palestine News and Information Agency; Quds News Network,National,"On 25 July 2024, Israeli warplanes struck a house in the vicinity of Al Wehda towers in Gaza - Ash Shati' Camp (Gaza City, Gaza Strip), injuring several people. There were no fatalities.",0,,1759790002
PSE56587,7/25/2024,2024,1,Political violence,Explosions/Remote violence,Air/drone strike,Military Forces of Israel (2022-),,8,Civilians (Palestine),,7,78,Civilian targeting,275,Middle East,Palestine,Gaza Strip,Gaza City,,Gaza - Sheikh Radwan,31.5349,34.4667,1,Al Ghad (Jordan); Palestine News and Information Agency; Quds News Network,National-Regional,"On 25 July 2024, Israeli warplanes conducted an airstrike in Gaza - Sheikh Radwan area (Gaza City, Gaza Strip), killing 4 people from the same family.",4,,1759790002
PSE56588,7/25/2024,2024,1,Political violence,Explosions/Remote violence,Air/drone strike,Military Forces of Israel (2022-),,8,Civilians (Palestine),,7,78,Civilian targeting,275,Middle East,Palestine,Gaza Strip,Gaza City,,Gaza - Shujaiyya,31.4988,34.4699,1,Newpress; Quds News Network,National,"On 25 July 2024, Israeli army warplanes struck a house Gaza - Shujaiyya (Gaza City, Gaza Strip), in conjunction with Israeli artillery shelling eastern Shujaiyya. Casualties unknown.",0,,1759790002
PSE56589,7/25/2024,2024,1,Political violence,Violence against civilians,Attack,Military Forces of Israel (2022-),,8,Civilians (Palestine),Aid Workers (Palestine); Palestinian Red Crescent Society,7,78,Civilian targeting,275,Middle East,Palestine,Gaza Strip,Khan Yunis,,Khan Yunis,31.3502,34.3081,1,Palestine News and Information Agency,National,"On 25 July 2024, Israeli forces shot at a Palestinian Red Crescent Society ambulance vehicle carrying an injured Palestinian in Khan Yunis City (Gaza Strip). There were no casualties.",0,,1753955132
PSE56591,7/25/2024,2024,1,Political violence,Explosions/Remote violence,Air/drone strike,Military Forces of Israel (2022-),,8,Civilians (Palestine),,7,78,Civilian targeting,275,Middle East,Palestine,Gaza Strip,Khan Yunis,,Khan Yunis - As Sater,31.3637,34.3228,2,Quds News Network,National,"On 25 July 2024, Israeli helicopters opened fire northeast of Khan Yunis city, coded to Khan Yunis - As Sater (Khan Yunis, Gaza Strip). Casualties unknown. Israeli forces also destroyed houses in the same area, via unspecified means during the same operation.",0,,1753955132
PSE56593,7/25/2024,2024,1,Political violence,Explosions/Remote violence,Air/drone strike,Military Forces of Israel (2022-),,8,Civilians (Palestine),,7,78,Civilian targeting,275,Middle East,Palestine,Gaza Strip,Khan Yunis,,Khan Yunis - Ash Sheikh Naser,31.3398,34.3116,1,Ma'an News Agency; Palestine News and Information Agency; Quds News Network,National,"On 25 July 2024, Israeli drones and artillery struck Khan Yunis - Ash Sheikh Naser (Khan Yunis, Gaza Strip), killing 2 Palestinians and injuring others.",2,,1753955132
PSE56586,7/25/2024,2024,1,Political violence,Violence against civilians,Attack,Military Forces of Israel (2022-),,8,Civilians (Palestine),,7,78,Civilian targeting,275,Middle East,Palestine,Gaza Strip,Gaza City,,Gaza - Nezarim,31.484,34.4056,2,Quds News Network,National,"On 25 July 2024, Israeli army forces shot and killed 1 Palestinian on the axis of Gaza - Nezarim (Gaza City, Gaza Strip).",1,,1753955132
PSE56585,7/25/2024,2024,1,Political violence,Explosions/Remote violence,Air/drone strike,Military Forces of Israel (2022-),,8,Civilians (Palestine),,7,78,Civilian targeting,275,Middle East,Palestine,Gaza Strip,Gaza City,,Gaza - Az Zaytun,31.4964,34.4522,1,Al Ghad (Jordan); Ma'an News Agency; Palestine News and Information Agency; Quds News Network,National-Regional,"On 25 July 2024, Israeli army warplanes and tanks struck houses in Gaza - Az Zaytun (Gaza City, Gaza strip), killing 1 Palestinian, and injuring others.",1,,1759790002
PSE56596,7/25/2024,2024,1,Political violence,Violence against civilians,Attack,Military Forces of Israel (2022-),,8,Civilians (Palestine),,7,78,Civilian targeting,275,Middle East,Palestine,Gaza Strip,Rafah,,Khirbet al Adas,31.2855,34.2714,2,Palestine News and Information Agency,National,"On 25 July 2024, Israeli forces shot and killed 1 Palestinian in the Shakush area northwest of Rafah, coded to Khirbet al Adas (Rafah, Gaza Strip).",1,,1753955132
PSE56598,7/25/2024,2024,1,Political violence,Explosions/Remote violence,Shelling/artillery/missile attack,Military Forces of Israel (2022-),,8,Civilians (Palestine),,7,78,Civilian targeting,275,Middle East,Palestine,Gaza Strip,Rafah,,Khirbet al Adas,31.2855,34.2714,2,Palestine News and Information Agency,National,"On 25 July 2024, Israeli artillery struck the north of Rafah, coded to Khirbet al Adas (Rafah, Gaza Strip). Casualties unknown.",0,,1753955132
PSE56599,7/25/2024,2024,1,Political violence,Explosions/Remote violence,Air/drone strike,Military Forces of Israel (2022-),,8,Civilians (Palestine),,7,78,Civilian targeting,275,Middle East,Palestine,Gaza Strip,Khan Yunis,,Qizan an Najjar,31.323,34.2761,1,Dunia Al Watan; Ma'an News Agency; Palestine News and Information Agency; Quds News Network,National,"On 25 July 2024, Israeli warplanes and artillery struck Qizan an Najjar (Khan Yunis, Gaza Strip), killing 6 Palestinians.",6,,1753955132
PSE56627,7/26/2024,2024,1,Political violence,Explosions/Remote violence,Air/drone strike,Military Forces of Israel (2022-),,8,Civilians (Palestine),,7,78,Civilian targeting,275,Middle East,Palestine,Gaza Strip,Khan Yunis,,Abasan al Kabirah,31.3191,34.3401,1,Al Ghad (Jordan); Newpress; Palestine News and Information Agency; Quds News Network,National-Regional,"On 26 July 2024, Israeli warplanes struck Palestinians in Wadi Saber area of Abasan al Kabirah (Khan Yunis, Gaza Strip), killing 2 Palestinians and injuring others. Another strike hit a house in the same town, killing 2 women. 4 fatalities.",4,,1753955132
PSE56630,7/26/2024,2024,1,Political violence,Explosions/Remote violence,Air/drone strike,Military Forces of Israel (2022-),,8,Civilians (Palestine),,7,78,Civilian targeting,275,Middle East,Palestine,Gaza Strip,Khan Yunis,,Al Qararah,31.3739,34.3409,1,Newpress; Quds News Network,National,"On 26 July 2024, Israeli warplanes and artillery struck the area near Ilbon school in Al Qararah town (Khan Yunis, Gaza Strip), injuring a number of Palestinians. There were no fatalities.",0,,1753955132
PSE56634,7/26/2024,2024,1,Political violence,Explosions/Remote violence,Air/drone strike,Military Forces of Israel (2022-),,8,Civilians (Palestine),,7,78,Civilian targeting,275,Middle East,Palestine,Gaza Strip,Deir El Balah,,An Nusayrat - West,31.4525,34.3756,2,Quds News Network,National,"On 26 July 2024, Israeli warplanes targeted a house west of An Nusayrat camp (An Nusayrat - West, Deir El Balah, Gaza Strip), injuring 5 people, and killing 1 person. 1 fatality.",1,,1753955132
PSE56635,7/26/2024,2024,1,Political violence,Explosions/Remote violence,Air/drone strike,Military Forces of Israel (2022-),,8,Civilians (Palestine),,7,78,Civilian targeting,275,Middle East,Palestine,Gaza Strip,Deir El Balah,,Az Zawayda,31.4284,34.366,1,Newpress,National,"On 26 July 2024, Israeli warplanes struck a house in Az Zawayda (Deir El Balah, Gaza Strip). Casualties unknown.",0,,1767742780
PSE56640,7/26/2024,2024,1,Political violence,Explosions/Remote violence,Air/drone strike,Military Forces of Israel (2022-),,8,Civilians (Palestine),,7,78,Civilian targeting,275,Middle East,Palestine,Gaza Strip,Gaza City,,Gaza,31.5045,34.4743,1,Newpress,National,"On 26 July 2024, Israeli warplanes struck a house on Al Jalaa Street in Gaza City (Gaza Strip). Casualties unknown.",0,,1759790002
PSE56641,7/26/2024,2024,1,Political violence,Explosions/Remote violence,Air/drone strike,Military Forces of Israel (2022-),,8,Civilians (Palestine),,7,78,Civilian targeting,275,Middle East,Palestine,Gaza Strip,Gaza City,,Gaza - Ad Darraj,31.5172,34.4642,1,Al Ghad (Jordan); Ma'an News Agency; Newpress; Quds News Network,National-Regional,"On 26 July 2024, Israeli warplanes struck a house in Al Sahaba area of Gaza - Ad Darraj (Gaza City, Gaza Strip), leaving 3 fatalities and several injuries. Another strike hit Firas market. Casualties unknown.",3,,1759790002
PSE56647,7/26/2024,2024,1,Political violence,Explosions/Remote violence,Air/drone strike,Military Forces of Israel (2022-),,8,Civilians (Palestine),,7,78,Civilian targeting,275,Middle East,Palestine,Gaza Strip,Gaza City,,Gaza - Northern Remal,31.524,34.4505,1,Palestine News and Information Agency; Quds News Network,National,"On 26 July 2024, Israeli warplanes struck the vicinity of the Al Amal hotel in Gaza - Northern Remal (Gaza City, Gaza Strip), killing 2 Palestinians. In conjunction, Israeli artillery shelled the Remal neighborhood. Casualties unknown.",2,,1759790002
PSE56650,7/26/2024,2024,1,Political violence,Explosions/Remote violence,Air/drone strike,Military Forces of Israel (2022-),,8,Civilians (Palestine),,7,78,Civilian targeting,275,Middle East,Palestine,Gaza Strip,Gaza City,,Gaza - Southern Remal,31.5168,34.4355,1,Palestine News and Information Agency,National,"On 26 July 2024, Israeli warplanes struck a motorcycle near Abu Hasira street in Gaza - Southern Remal (Gaza City, Gaza Strip) during which a citizen was also killed and three others were injured.",1,,1759790002
PSE56658,7/26/2024,2024,1,Political violence,Violence against civilians,Attack,Military Forces of Israel (2022-),,8,Civilians (Palestine),,7,78,Civilian targeting,275,Middle East,Palestine,Gaza Strip,Khan Yunis,,Khan Yunis,31.3502,34.3081,1,Al Ghad (Jordan),Regional,"On 26 July 2024, Israeli forces killed 6 Palestinians via unspecified means in Salah Al Din Street in Khan Yunis City (Gaza Strip).",6,,1753955132
PSE56666,7/26/2024,2024,1,Political violence,Explosions/Remote violence,Air/drone strike,Military Forces of Israel (2022-),,8,Civilians (Palestine),,7,78,Civilian targeting,275,Middle East,Palestine,Gaza Strip,Rafah,,Tal as Sultan,31.3098,34.2414,2,Al Ghad (Jordan); Newpress; Quds News Network,National-Regional,"On 26 July 2024, Israeli warplanes carried out airstrikes targeting Al Baraksat area and Al Alam roundabout, coded to Tal as Sultan (Rafah, Gaza Strip), killing 2 Palestinians.",2,,1762829569
PSE56667,7/26/2024,2024,1,Political violence,Violence against civilians,Attack,Military Forces of Israel (2022-),,8,Civilians (Palestine),,7,78,Civilian targeting,275,Middle East,Palestine,Gaza Strip,Rafah,,Tal as Sultan,31.3098,34.2414,1,Ma'an News Agency,National,"On 26 July 2024, Israeli army killed 1 Palestinian via unspecified means in Muraj (Miraj) area of Tal as Sultan (Rafah, Gaza Strip).",1,,1762829569
PSE56668,7/26/2024,2024,1,Political violence,Explosions/Remote violence,Air/drone strike,Military Forces of Israel (2022-),,8,Civilians (Palestine),,7,78,Civilian targeting,275,Middle East,Palestine,Gaza Strip,Deir El Balah,,Wadi as Salqa,31.4005,34.3375,2,Newpress; Quds News Network,National,"On 26 July 2024, Israeli warplanes struck targets in Al Matahen area south of Deir al Balah city, coded to Wadi as Salqa (Deir El Balah, Gaza Strip), killing 1 Palestinian and injuring another.",1,,1753955132
PSE56642,7/26/2024,2024,1,Political violence,Explosions/Remote violence,Shelling/artillery/missile attack,Military Forces of Israel (2022-),,8,Civilians (Palestine),Refugees/IDPs (Palestine),7,78,Civilian targeting,275,Middle East,Palestine,Gaza Strip,Gaza City,,Gaza - Ash Shati' Camp,31.5349,34.4466,1,Al Ghad (Jordan),Regional,"On 26 July 2024, Israeli gunboats targeted the Gaza - Ash Shati' Camp (Gaza City, Gaza Strip). Casualties unknown.",0,,1759790002
PSE56633,7/26/2024,2024,1,Political violence,Explosions/Remote violence,Air/drone strike,Military Forces of Israel (2022-),,8,Civilians (Palestine),,7,78,Civilian targeting,275,Middle East,Palestine,Gaza Strip,Deir El Balah,,An Nusayrat - South,31.4389,34.3815,1,Newpress; Quds News Network,National,"On 26 July 2024, Israeli warplanes struck a house south of An Nusayrat refugee camp (An Nusayrat - South, Deir El Balah, Gaza Strip), leaving an unspecified number of fatalities, including 3 children. Unspecified fatalities coded as 3.",3,,1753955132
PSE56636,7/26/2024,2024,1,Political violence,Explosions/Remote violence,Air/drone strike,Military Forces of Israel (2022-),,8,Civilians (Palestine),,7,78,Civilian targeting,275,Middle East,Palestine,Gaza Strip,Khan Yunis,,Bani Suheila,31.3424,34.325,1,Al Ghad (Jordan); Ma'an News Agency; Newpress,National-Regional,"On 26 July 2024, Israeli warplanes and artillery targeted Bani Suheila town (Khan Yunis, Gaza Strip), leaving 3 fatalities near Al Farabi School.",3,,1753955132
PSE60057,7/26/2024,2024,1,Political violence,Violence against civilians,Attack,Military Forces of Israel (2022-),,8,Civilians (Palestine),,7,78,Civilian targeting,275,Middle East,Palestine,Gaza Strip,Khan Yunis,,Bani Suheila,31.3424,34.325,1,Al Ghad (Jordan); Ma'an News Agency; Newpress,National-Regional,"On 26 July 2024, Israeli snipers shot and injured 2 Palestinians near the Bani Suheila roundabout (Khan Yunis, Gaza Strip).",0,,1753956638
PSE56644,7/26/2024,2024,1,Political violence,Explosions/Remote violence,Air/drone strike,Military Forces of Israel (2022-),,8,Civilians (Palestine),,7,78,Civilian targeting,275,Middle East,Palestine,Gaza Strip,Gaza City,,Gaza - Az Zaytun,31.4964,34.4522,1,Al Ghad (Jordan); Ma'an News Agency; Newpress; Quds News Network,National-Regional,"On 26 July 2024, Israeli warplanes targeted the Kuwait square in Gaza - Az Zaytun (Gaza City, Gaza Strip), killing 1 Palestinian, in conjunction with Israeli artillery shelling. 1 fatality.",1,,1759790002
PSE56660,7/26/2024,2024,1,Political violence,Explosions/Remote violence,Air/drone strike,Military Forces of Israel (2022-),,8,Civilians (Palestine),,7,78,Civilian targeting,275,Middle East,Palestine,Gaza Strip,Rafah,,Khirbet al Adas,31.2855,34.2714,2,Ma'an News Agency; Palestine News and Information Agency,National,"On 26 July 2024, Israeli warplanes targeted civilians at the Zaghlul junction northwest of Rafah, coded to Khirbet al Adas (Rafah, Gaza Strip), killing 2 Palestinians.",2,,1753955132
PSE56661,7/26/2024,2024,1,Political violence,Violence against civilians,Attack,Military Forces of Israel (2022-),,8,Civilians (Palestine),,7,78,Civilian targeting,275,Middle East,Palestine,Gaza Strip,Rafah,,Khirbet al Adas,31.2855,34.2714,2,Ma'an News Agency,National,"On 26 July 2024, Israeli army forces killed 1 Palestinian via unspecified means in Ash Shakush area northwest of Rafah, coded to Khirbet al Adas (Rafah, Gaza Strip).",1,,1753955132
PSE56664,7/26/2024,2024,1,Political violence,Explosions/Remote violence,Air/drone strike,Military Forces of Israel (2022-),,8,Civilians (Palestine),,7,78,Civilian targeting,275,Middle East,Palestine,Gaza Strip,Rafah,,Rafah Border Crossing,31.2486,34.2592,1,Al Ghad (Jordan),Regional,"On 26 July 2024, Israeli warplanes carried out airstrikes in the vicinity of Rafah Border Crossing (Rafah, Gaza Strip), injuring a number of Palestinians. There were no fatalities.",0,,1753955132
PSE56702,7/27/2024,2024,1,Political violence,Explosions/Remote violence,Air/drone strike,Military Forces of Israel (2022-),,8,Civilians (Palestine),Refugees/IDPs (Palestine),7,78,Civilian targeting,275,Middle East,Palestine,Gaza Strip,Deir El Balah,,Al Maghazi,31.4214,34.3865,1,Newpress; Palestine News and Information Agency; Twitter,New media-National,"On 27 July 2024, Israeli warplanes struck a house in Al Maghazi Camp (Deir El Balah, Gaza Strip), leaving 2 fatalities.",2,,1753955132
PSE56711,7/27/2024,2024,1,Political violence,Explosions/Remote violence,Air/drone strike,Military Forces of Israel (2022-),,8,Civilians (Palestine),,7,78,Civilian targeting,275,Middle East,Palestine,Gaza Strip,Deir El Balah,,An Nusayrat - West,31.4525,34.3756,1,Palestine News and Information Agency,National,"On 27 July 2024, Israeli helicopters struck a house in An Nusayrat - West (Deir El Balah, Gaza Strip), leaving injuries.",0,,1753955132
PSE56716,7/27/2024,2024,1,Political violence,Explosions/Remote violence,Air/drone strike,Military Forces of Israel (2022-),,8,Civilians (Palestine),,7,78,Civilian targeting,275,Middle East,Palestine,Gaza Strip,Khan Yunis,,Bani Suheila,31.3424,34.325,2,Newpress; Palestine News and Information Agency; Quds News Network; Twitter,New media-National,"On 27 July 2024, Israeli warplanes struck a house and an empty land in Irmidah area east of Bani Suheila (Khan Yunis, Gaza Strip). Casualties unknown.",0,,1753955132
PSE56717,7/27/2024,2024,1,Political violence,Explosions/Remote violence,Air/drone strike,Military Forces of Israel (2022-),,8,Civilians (Palestine),,7,78,Civilian targeting,275,Middle East,Palestine,Gaza Strip,Gaza City,,Gaza,31.5045,34.4743,1,Palestine News and Information Agency; Quds News Network; Twitter,New media-National,"On 27 July 2024, Israeli warplanes struck a house in Al Jala Street of Gaza City (Gaza City, Gaza Strip). Casualties unknown.",0,,1759790002
PSE56718,7/27/2024,2024,1,Political violence,Explosions/Remote violence,Air/drone strike,Military Forces of Israel (2022-),,8,Civilians (Palestine),,7,78,Civilian targeting,275,Middle East,Palestine,Gaza Strip,Gaza City,,Gaza - Sabra,31.5086,34.4493,1,Newpress; Quds News Network; Twitter,New media-National,"On 27 July 2024, Israeli warplanes struck a residential building in Gaza - Sabra (Gaza City, Gaza Strip). There were no casualties. Also, the artillery shelled targets in Sabra. Casualties unknown.",0,,1759790002
PSE56729,7/27/2024,2024,1,Political violence,Explosions/Remote violence,Air/drone strike,Military Forces of Israel (2022-),,8,Civilians (Palestine),,7,78,Civilian targeting,275,Middle East,Palestine,Gaza Strip,Khan Yunis,,Khan Yunis - City Centre,31.3419,34.3015,1,Newpress; Quds News Network; Twitter,New media-National,"On 27 July 2024, Israeli warplanes struck the old cemetery in Khan Yunis - City Centre (Khan Yunis, Gaza Strip), killing one Palestinian.",1,,1753955132
PSE56749,7/27/2024,2024,1,Political violence,Explosions/Remote violence,Air/drone strike,Military Forces of Israel (2022-),,8,Civilians (Palestine),,7,78,Civilian targeting,275,Middle East,Palestine,Gaza Strip,Deir El Balah,,An Nusayrat - North,31.4591,34.3923,1,Arab 48; Newpress; Palestine News and Information Agency; Quds News Network; Twitter,New media-National,"On 27 July 2024, Israeli warplanes struck a target in Al Mufti land area in An Nusayrat - North (Deir El Balah, Gaza Strip), leaving one fatality and a number of injuries. Also, an Israeli UAV struck a passing car, killing 2 Palestinians. Total fatalities were 3.",3,,1753955132
PSE56750,7/27/2024,2024,1,Political violence,Explosions/Remote violence,Air/drone strike,Military Forces of Israel (2022-),,8,Civilians (Palestine),,7,78,Civilian targeting,275,Middle East,Palestine,Gaza Strip,Deir El Balah,,Wadi as Salqa,31.4005,34.3375,2,Arab 48; Newpress; Twitter,New media-National,"On 27 July 2024, Israeli warplanes struck a group of people in Al Barakeh street south of Deir al Balah, coded to Wadi as Salqa (Deir El Balah, Gaza Strip), leaving 3 fatalities and a number of injuries.",3,,1753955132
PSE56765,7/27/2024,2024,1,Political violence,Explosions/Remote violence,Air/drone strike,Military Forces of Israel (2022-),,8,Civilians (Palestine),,7,78,Civilian targeting,275,Middle East,Palestine,Gaza Strip,Khan Yunis,,Abasan al Kabirah,31.3191,34.3401,1,Arab 48; Newpress; Palestine News and Information Agency; Quds News Network; Twitter,New media-National,"On 27 July 2024, Israeli warplanes struck an apartment in Abasan al Kabirah (Khan Yunis, Gaza Strip), leaving at least 4 fatalities. Also, Israeli artillery shelled lands in the same area [casualties unknown]. Fatalities coded at least 4.",4,,1753955132
PSE57064,7/27/2024,2024,1,Political violence,Explosions/Remote violence,Shelling/artillery/missile attack,Military Forces of Israel (2022-),,8,Civilians (Palestine),,7,78,Civilian targeting,275,Middle East,Palestine,Gaza Strip,Deir El Balah,,Al Maghazi,31.4214,34.3865,2,Palestine News and Information Agency; Quds News Network; Twitter,New media-National,"On 27 July 2024, Israeli artillery struck a house and an agricultural land east of Al Maghazi Camp (Deir El Balah, Gaza Strip). Casualties unknown.",0,,1753955132
PSE57070,7/27/2024,2024,1,Political violence,Explosions/Remote violence,Shelling/artillery/missile attack,Military Forces of Israel (2022-),,8,Civilians (Palestine),,7,78,Civilian targeting,275,Middle East,Palestine,Gaza Strip,Khan Yunis,,Khan Yunis - Maen,31.336,34.3172,1,Arab 48; Palestine News and Information Agency; Quds News Network; Twitter,New media-National,"On 27 July 2024, Israeli artillery shelled targets on the outskirts of the Indonesian mosque in Khan Yunis - Maen (Khan Yunis, Gaza Strip), leaving 2 fatalities.",2,,1753955132
PSE56769,7/27/2024,2024,1,Political violence,Explosions/Remote violence,Air/drone strike,Military Forces of Israel (2022-),,8,Civilians (Palestine),,7,78,Civilian targeting,275,Middle East,Palestine,Gaza Strip,Rafah,,Khirbet al Adas,31.2855,34.2714,2,Arab 48; Dunia Al Watan; Newpress; Palestine News and Information Agency; Quds News Network; Twitter,New media-National,"On 27 July 2024, Israeli warplanes struck a house in Musabbah area north of Rafah, coded to Khirbet al Adas (Rafah, Gaza Strip), leaving 5 fatalities and dozens of injuries. Also, warplanes and artillery struck Miraj area north of Rafah, coded to Khirbet al Adas [casualties unknown]. Fatalities coded at least 5.",5,,1753955132
PSE57059,7/27/2024,2024,1,Political violence,Explosions/Remote violence,Shelling/artillery/missile attack,Military Forces of Israel (2022-),,8,Civilians (Palestine),,7,78,Civilian targeting,275,Middle East,Palestine,Gaza Strip,Khan Yunis,,Qizan an Najjar,31.323,34.2761,2,Palestine News and Information Agency,National,"On 27 July 2024, Israeli forces (likely artillery) opened fire toward Qizan Rashwan west of Qizan an Najjar (Khan Yunis, Gaza Strip), leaving injuries.",0,,1753955132
PSE56705,7/28/2024,2024,1,Political violence,Explosions/Remote violence,Air/drone strike,Military Forces of Israel (2022-),,8,Civilians (Palestine),Refugees/IDPs (Palestine),7,78,Civilian targeting,275,Middle East,Palestine,Gaza Strip,Khan Yunis,,Al Mawasi (Khan Yunis),31.3482,34.2547,1,Palestine News and Information Agency,National,"On 28 July 2024, Israeli warplanes struck tents belonging to displaced people in (Al Mawasi (Khan Yunis), Gaza Strip), leaving 3 fatalities.",3,,1762829569
PSE56712,7/28/2024,2024,1,Political violence,Explosions/Remote violence,Air/drone strike,Military Forces of Israel (2022-),,8,Civilians (Palestine),,7,78,Civilian targeting,275,Middle East,Palestine,Gaza Strip,Khan Yunis,,Khan Yunis - West (Municipal Stadium),31.3484,34.2961,2,Quds News Network; Twitter,New media-National,"On 28 July 2024, Israeli warplanes struck a house west of Khan Yunis, coded to Khan Yunis - West (Municipal Stadium), Gaza Strip. One Palestinian was injured.",0,,1753955132
PSE56713,7/28/2024,2024,1,Political violence,Explosions/Remote violence,Air/drone strike,Military Forces of Israel (2022-),,8,Civilians (Palestine),,7,78,Civilian targeting,275,Middle East,Palestine,Gaza Strip,Gaza City,,Gaza - Shujaiyya,31.4988,34.4699,1,Arab 48; Quds News Network; Twitter,New media-National,"On 28 July 2024, Israeli warplanes struck a house in Gaza - Shujaiyya (Gaza City, Gaza Strip). There were no casualties.",0,,1759790002
PSE56719,7/28/2024,2024,1,Political violence,Explosions/Remote violence,Air/drone strike,Military Forces of Israel (2022-),,8,Civilians (Palestine),,7,78,Civilian targeting,275,Middle East,Palestine,Gaza Strip,Khan Yunis,,Khan Yunis - Al Kateebeh,31.3642,34.3085,1,Quds News Network; Twitter,New media-National,"On 28 July 2024, Israeli warplanes struck a house in Khan Yunis - Al Kateebeh (Khan Yunis, Gaza Strip). Casualties unknown.",0,,1767742780
PSE56744,7/28/2024,2024,1,Political violence,Explosions/Remote violence,Air/drone strike,Military Forces of Israel (2022-),,8,Civilians (Palestine),,7,78,Civilian targeting,275,Middle East,Palestine,Gaza Strip,Khan Yunis,,Khan Yunis - City Centre,31.3419,34.3015,1,Newpress; Palestine News and Information Agency; Quds News Network; Twitter,New media-National,"On 28 July 2024, Israeli warplanes struck targets in Khan Yunis - City Centre (Khan Yunis, Gaza Strip), leaving 2 fatalities.",2,,1753955132
PSE56751,7/28/2024,2024,1,Political violence,Explosions/Remote violence,Air/drone strike,Military Forces of Israel (2022-),,8,Civilians (Palestine),,7,78,Civilian targeting,275,Middle East,Palestine,Gaza Strip,Khan Yunis,,Khan Yunis - Al Mahattah,31.3557,34.3158,2,Ma'an News Agency; Palestine News and Information Agency; Quds News Network; Twitter,New media-National,"On 28 July 2024, Israeli warplanes struck a group of people in Al Seka area, coded to Khan Yunis - Al Mahattah (Khan Yunis, Gaza Strip), leaving 3 fatalities.",3,,1767742780
PSE56757,7/28/2024,2024,1,Political violence,Explosions/Remote violence,Air/drone strike,Military Forces of Israel (2022-),,8,Civilians (Palestine),,7,78,Civilian targeting,275,Middle East,Palestine,Gaza Strip,Gaza City,,Gaza - Sabra,31.5086,34.4493,1,Palestine News and Information Agency; Quds News Network; Twitter,New media-National,"On 28 July 2024, Israeli warplanes struck a house in Gaza - Sabra (Gaza City, Gaza Strip), leaving 3 fatalities and a number of injuries, including children. Also, artillery shelled targets in the same area [casualties unknown]. Fatalities coded at least 3.",3,,1759790002
PSE56775,7/28/2024,2024,1,Political violence,Explosions/Remote violence,Air/drone strike,Military Forces of Israel (2022-),,8,Civilians (Palestine),,7,78,Civilian targeting,275,Middle East,Palestine,Gaza Strip,Khan Yunis,,Khan Yunis,31.3502,34.3081,1,Ma'an News Agency; Palestine News and Information Agency; Quds News Network; Twitter,New media-National,"On 28 July 2024, Israeli warplanes struck a house in Khan Yunis city (Khan Yunis, Gaza Strip), leaving 10 fatalities and dozens of injuries.",10,,1753955132
PSE56706,7/28/2024,2024,1,Political violence,Explosions/Remote violence,Air/drone strike,Military Forces of Israel (2022-),,8,Civilians (Palestine),Refugees/IDPs (Palestine),7,78,Civilian targeting,275,Middle East,Palestine,Gaza Strip,Khan Yunis,,Al Qararah,31.3739,34.3409,1,Newpress; Quds News Network; Twitter,New media-National,"On 28 July 2024, Israeli warplanes struck tents belonging to displaced people in Al Qararah (Khan Yunis, Gaza Strip), leaving fatalities. Also, tanks opened fire toward houses [casualties unknown]. Unspecified number of fatalities coded as 3.",3,,1753955132
PSE56773,7/28/2024,2024,1,Political violence,Explosions/Remote violence,Air/drone strike,Military Forces of Israel (2022-),,8,Civilians (Palestine),,7,78,Civilian targeting,275,Middle East,Palestine,Gaza Strip,Khan Yunis,,Khan Yunis,31.3502,34.3081,2,Palestine News and Information Agency; Quds News Network; Twitter,New media-National,"On 28 July 2024, 8 Palestinians were killed (likely in Israeli airstrikes) in Khan Yunis area (Khan Yunis, Gaza Strip).",8,,1753955132
PSE56741,7/28/2024,2024,1,Political violence,Explosions/Remote violence,Air/drone strike,Military Forces of Israel (2022-),,8,Civilians (Palestine),,7,78,Civilian targeting,275,Middle East,Palestine,Gaza Strip,Deir El Balah,,Deir al Balah Camp,31.4249,34.34,2,PLO Negotiations Affairs Department; Quds News Network; Twitter,Other-New media,"On 28 July 2024, an Israeli UAV struck and killed a Palestinian in al Matahen southeast of Deir al Balah coded to Deir al Balah Camp (Deir El Balah, Gaza Strip). Israeli artillery and tanks shelled targets east of Deir al Balah, casualties unknown. Fatalities coded at least 1.",1,,1765850627
PSE56720,7/28/2024,2024,1,Political violence,Explosions/Remote violence,Air/drone strike,Military Forces of Israel (2022-),,8,Civilians (Palestine),,7,78,Civilian targeting,275,Middle East,Palestine,Gaza Strip,North Gaza,,Jabalya,31.5272,34.4835,1,Quds News Network; Twitter,New media-National,"On 28 July 2024, Israeli warplanes struck a house in Al Jurn of Jabalya (North Gaza, Gaza Strip). There were no casualties.",0,,1759790002
PSE56730,7/28/2024,2024,1,Political violence,Explosions/Remote violence,Air/drone strike,Military Forces of Israel (2022-),,8,Civilians (Palestine),,7,78,Civilian targeting,275,Middle East,Palestine,Gaza Strip,Gaza City,,Gaza - Az Zaytun,31.4964,34.4522,2,Newpress; Palestine News and Information Agency; Quds News Network; Twitter,New media-National,"On 28 July 2024, Israeli UAVs opened fire in Al Senaa and Al Mughrabi streets south of Gaza city, coded to Gaza - Az Zaytun (Gaza City, Gaza Strip), leaving one fatality and a number of injuries.",1,,1759790002
PSE56761,7/28/2024,2024,1,Political violence,Explosions/Remote violence,Air/drone strike,Military Forces of Israel (2022-),,8,Civilians (Palestine),,7,78,Civilian targeting,275,Middle East,Palestine,Gaza Strip,Gaza City,,Gaza - Tal el Hawa,31.5041,34.435,1,Newpress; Palestine News and Information Agency; Twitter,New media-National,"On 28 July 2024, Israeli warplanes carried out airstrikes and artillery shelled targets in Gaza - Tal el Hawa (Gaza City, Gaza Strip), leaving 4 fatalities.",4,,1759790002
PSE56700,7/28/2024,2024,1,Political violence,Explosions/Remote violence,Air/drone strike,Military Forces of Israel (2022-),,8,Civilians (Palestine),Refugees/IDPs (Palestine),7,78,Civilian targeting,275,Middle East,Palestine,Gaza Strip,Khan Yunis,,Qizan an Najjar,31.323,34.2761,1,Palestine News and Information Agency; Quds News Network; Twitter,New media-National,"On 28 July 2024, Israeli warplanes struck targets and opened fire toward houses in Qizan an Najjar (Khan Yunis, Gaza Strip). Casualties unknown. Also, UAVs opened fire toward displaced people. Casualties unknown.",0,,1753955132
PSE56696,7/29/2024,2024,1,Political violence,Explosions/Remote violence,Shelling/artillery/missile attack,Military Forces of Israel (2022-),,8,Civilians (Palestine),Fishers (Palestine),7,78,Civilian targeting,275,Middle East,Palestine,Gaza Strip,Deir El Balah,,Coast of An Nusayrat,31.4646,34.3592,2,Arab 48,National,"On 29 July 2024, Israeli gunboats opened fire toward fishing boats off the Coast of An Nusayrat (Deir El Balah, Gaza Strip), killing a fisher.",1,,1753955132
PSE56698,7/29/2024,2024,1,Political violence,Explosions/Remote violence,Air/drone strike,Military Forces of Israel (2022-),,8,Civilians (Palestine),Journalists (Palestine),7,78,Civilian targeting,275,Middle East,Palestine,Gaza Strip,Khan Yunis,,Abasan al Jadidah,31.3416,34.3459,1,Arab 48; Palestine News and Information Agency; Quds News Network; Twitter,New media-National,"On 29 July 2024, Israeli warplanes struck a house in Abasan al Jadidah (Khan Yunis, Gaza Strip), killing at least a journalist and leaving injuries.",1,,1753955132
PSE56704,7/29/2024,2024,1,Political violence,Explosions/Remote violence,Air/drone strike,Military Forces of Israel (2022-),,8,Civilians (Palestine),Refugees/IDPs (Palestine),7,78,Civilian targeting,275,Middle East,Palestine,Gaza Strip,Deir El Balah,,Al Burayj,31.4394,34.4031,1,Arab 48; Palestine News and Information Agency; Quds News Network; Twitter,New media-National,"On 29 July 2024, Israeli warplanes carried out a strike in Al Burayj camp (Deir El Balah, Gaza Strip), leaving 2 fatalities and a number of injuries. Also, the artillery shelled targets in the camp [casualties unknown]. Fatalities coded at least 2.",2,,1753955132
PSE56731,7/29/2024,2024,1,Political violence,Explosions/Remote violence,Air/drone strike,Military Forces of Israel (2022-),,8,Civilians (Palestine),,7,78,Civilian targeting,275,Middle East,Palestine,Gaza Strip,Gaza City,,Gaza - Sabra,31.5086,34.4493,1,Newpress; Palestine News and Information Agency; Quds News Network; Twitter,New media-National,"On 29 July 2024, Israeli warplanes struck a house in Gaza - Sabra (Gaza City, Gaza Strip), leaving one fatality and 4 injuries. Also, the artillery shelled targets in the same area [casualties unknown]. Fatalities coded at least 1.",1,,1759790002
PSE56752,7/29/2024,2024,1,Political violence,Explosions/Remote violence,Air/drone strike,Military Forces of Israel (2022-),,8,Civilians (Palestine),,7,78,Civilian targeting,275,Middle East,Palestine,Gaza Strip,Gaza City,,Gaza - Nasr,31.534,34.4574,1,Arab 48; Newpress; Palestine News and Information Agency; Twitter,New media-National,"On 29 July 2024, Israeli warplanes struck an apartment in Gaza - Nasr (Gaza City, Gaza Strip), leaving 3 fatalities and a number of injuries.",3,,1753955132
PSE56753,7/29/2024,2024,1,Political violence,Explosions/Remote violence,Air/drone strike,Military Forces of Israel (2022-),,8,Civilians (Palestine),,7,78,Civilian targeting,275,Middle East,Palestine,Gaza Strip,Gaza City,,Gaza - Southern Remal,31.5168,34.4355,1,Newpress; Quds News Network; Twitter,New media-National,"On 29 July 2024, Israeli warplanes struck an apartment in Gaza - Southern Remal (Gaza City, Gaza Strip), leaving 3 fatalities.",3,,1759790002
PSE56754,7/29/2024,2024,1,Political violence,Explosions/Remote violence,Air/drone strike,Military Forces of Israel (2022-),,8,Civilians (Palestine),,7,78,Civilian targeting,275,Middle East,Palestine,Gaza Strip,Khan Yunis,,Al Mawasi (Khan Yunis),31.3482,34.2547,1,Jerusalem Post; Quds News Network; Twitter,New media-National,"On 29 July 2024, Israeli warplanes struck a target in (Al Mawasi (Khan Yunis), Gaza Strip), leaving 3 fatalities and a number of injuries.",3,,1762829569
PSE56766,7/29/2024,2024,1,Political violence,Explosions/Remote violence,Air/drone strike,Military Forces of Israel (2022-),,8,Civilians (Palestine),,7,78,Civilian targeting,275,Middle East,Palestine,Gaza Strip,Rafah,,Tal as Sultan,31.3098,34.2414,2,Arab 48; Palestine News and Information Agency; Quds News Network; Twitter,New media-National,"On 29 July 2024, Israeli warplanes struck a group of people near the Ferdaws school west of Rafah, coded to Tal as Sultan (Rafah, Gaza Strip), leaving 5 fatalities.",5,,1762829569
PSE57067,7/29/2024,2024,1,Political violence,Explosions/Remote violence,Shelling/artillery/missile attack,Military Forces of Israel (2022-),,8,Civilians (Palestine),,7,78,Civilian targeting,275,Middle East,Palestine,Gaza Strip,Gaza City,,Gaza - Shujaiyya,31.4988,34.4699,1,Newpress; Quds News Network; Twitter,New media-National,"On 29 July 2024, Israeli artillery shelled targets in Gaza - Shujaiyya (Gaza City, Gaza Strip), killing a woman.",1,,1759790002
PSE57071,7/29/2024,2024,1,Political violence,Explosions/Remote violence,Shelling/artillery/missile attack,Military Forces of Israel (2022-),,8,Civilians (Palestine),,7,78,Civilian targeting,275,Middle East,Palestine,Gaza Strip,Khan Yunis,,Bani Suheila,31.3424,34.325,1,Arab 48; Quds News Network; Twitter,New media-National,"On 29 July 2024, Israeli artillery shelled targets in Bani Suheila (Khan Yunis, Gaza Strip), leaving 2 fatalities.",2,,1753955132
PSE57072,7/29/2024,2024,1,Political violence,Explosions/Remote violence,Shelling/artillery/missile attack,Military Forces of Israel (2022-),,8,Civilians (Palestine),,7,78,Civilian targeting,275,Middle East,Palestine,Gaza Strip,Khan Yunis,,Khan Yunis,31.3502,34.3081,1,Arab 48; Newpress; Palestine News and Information Agency; Quds News Network; Twitter,New media-National,"On 29 July 2024, Israeli artillery struck targets near Abu Hamid roundabout in Khan Yunis (Khan Yunis, Gaza Strip), leaving 5 fatalities and a number of injuries.",5,,1753955132
PSE56697,7/29/2024,2024,1,Political violence,Explosions/Remote violence,Air/drone strike,Military Forces of Israel (2022-),,8,Civilians (Palestine),Christian Group (Palestine); Refugees/IDPs (Palestine),7,78,Civilian targeting,275,Middle East,Palestine,Gaza Strip,Gaza City,,Gaza - Az Zaytun,31.4964,34.4522,1,Arab 48; Quds News Network; Twitter,New media-National,"On 29 July 2024, Israeli warplanes struck a house in Gaza - Az Zaytun (Gaza City, Gaza Strip). Casualties unknown. Also, an airstrike targeted the Greek Orthodox Church near Al Mamadani hospital in Az Zaytun, leaving injuries among displaced people.",0,,1759790002
PSE56723,7/29/2024,2024,1,Political violence,Explosions/Remote violence,Air/drone strike,Military Forces of Israel (2022-),,8,Civilians (Palestine),,7,78,Civilian targeting,275,Middle East,Palestine,Gaza Strip,Gaza City,,Gaza - Tal el Hawa,31.5041,34.435,2,Quds News Network; Twitter,New media-National,"On 29 July 2024, Israeli warplanes struck a building near al Kateeba square southwest of Gaza City, coded to Gaza - Tal el Hawa (Gaza City, Gaza Strip). Casualties unknown.",0,,1759790002
PSE56742,7/29/2024,2024,1,Political violence,Explosions/Remote violence,Air/drone strike,Military Forces of Israel (2022-),,8,Civilians (Palestine),,7,78,Civilian targeting,275,Middle East,Palestine,Gaza Strip,Gaza City,,Gaza - Tal el Hawa,31.5041,34.435,1,Arab 48; Newpress; Palestine News and Information Agency; Quds News Network; Twitter,New media-National,"On 29 July 2024, Israeli warplanes struck a house in Gaza - Tal el Hawa (Gaza City, Gaza Strip), leaving one fatality. Also, the artillery shelled targets in the same area [casualties unknown]. Total fatalities coded at least 1.",1,,1759790002
PSE56714,7/29/2024,2024,1,Political violence,Explosions/Remote violence,Air/drone strike,Military Forces of Israel (2022-),,8,Civilians (Palestine),,7,78,Civilian targeting,275,Middle East,Palestine,Gaza Strip,Rafah,,Rafah,31.287,34.2595,1,Newpress; Twitter,New media-National,"On 29 July 2024, an Israeli UAV struck a target in Al Baraksat area in Rafah city (Rafah, Gaza Strip), leaving a number of injuries.",0,,1762829569
PSE56721,7/29/2024,2024,1,Political violence,Explosions/Remote violence,Air/drone strike,Military Forces of Israel (2022-),,8,Civilians (Palestine),,7,78,Civilian targeting,275,Middle East,Palestine,Gaza Strip,Khan Yunis,,Khan Yunis - As-Sameen,31.3369,34.2925,1,Ma'an News Agency; Palestine News and Information Agency; Quds News Network; Twitter,New media-National,"On 29 July 2024, Israeli warplanes struck a house in Khan Yunis - As-Sameen (Khan Yunis, Gaza Strip). Casualties unknown.",0,,1753955132
PSE56722,7/29/2024,2024,1,Political violence,Explosions/Remote violence,Air/drone strike,Military Forces of Israel (2022-),,8,Civilians (Palestine),,7,78,Civilian targeting,275,Middle East,Palestine,Gaza Strip,Khan Yunis,,Qizan an Najjar,31.323,34.2761,2,Quds News Network; Twitter,New media-National,"On 29 July 2024, Israeli warplanes struck a house in Qizan Rashwan west of Qizan an Najjar (Khan Yunis, Gaza Strip). Casualties unknown.",0,,1753955132
PSE56732,7/29/2024,2024,1,Political violence,Explosions/Remote violence,Air/drone strike,Military Forces of Israel (2022-),,8,Civilians (Palestine),,7,78,Civilian targeting,275,Middle East,Palestine,Gaza Strip,Rafah,,Khirbet al Adas,31.2855,34.2714,2,Ma'an News Agency; Palestine News and Information Agency; Quds News Network; Twitter,New media-National,"On 29 July 2024, Israeli warplanes struck a house in Miraj area north of Rafah, coded to Khirbet al Adas (Rafah, Gaza Stirp), leaving one fatality and a number of injuries.",1,,1753955132
PSE56709,7/30/2024,2024,1,Political violence,Explosions/Remote violence,Air/drone strike,Military Forces of Israel (2022-),,8,Civilians (Palestine),Refugees/IDPs (Palestine),7,78,Civilian targeting,275,Middle East,Palestine,Gaza Strip,Deir El Balah,,Al Burayj,31.4394,34.4031,1,Arab 48; Ma'an News Agency; Palestine News and Information Agency; Quds News Network; Twitter,New media-National,"On 30 July 2024, Israeli warplanes struck targets in Al Burayj Camp (Deir El Balah, Gaza Strip), leaving 9 fatalities. Also, the artillery shelled targets in the camp [casualties unknown]. The total fatalities were at least 9.",9,,1753955132
PSE56710,7/30/2024,2024,1,Political violence,Explosions/Remote violence,Air/drone strike,Military Forces of Israel (2022-),,8,Civilians (Palestine),Refugees/IDPs (Palestine),7,78,Civilian targeting,275,Middle East,Palestine,Gaza Strip,Deir El Balah,,An Nusayrat,31.4486,34.3925,1,Arab 48; Ma'an News Agency; Palestine News and Information Agency; Quds News Network; Twitter,New media-National,"On 30 July 2024, Israeli warplanes struck a gathering at the entrance of An Nusayrat Camp (Deir El Balah, Gaza Strip), leaving 12 fatalities and a number of injuries.",12,,1753955132
PSE56724,7/30/2024,2024,1,Political violence,Explosions/Remote violence,Air/drone strike,Military Forces of Israel (2022-),,8,Civilians (Palestine),,7,78,Civilian targeting,275,Middle East,Palestine,Gaza Strip,Khan Yunis,,Bani Suheila,31.3424,34.325,2,Palestine News and Information Agency; PLO Negotiations Affairs Department,Other-National,"On 30 July 2024, Israeli warplanes struck a house in near al-Tahleyah area east of Khan Yunis, coded to Bani Suheila (Khan Yunis, Gaza Strip). Casualties unknown. Also, the artillery shelled targets east of the city. Casualties unknown.",0,,1753955132
PSE56726,7/30/2024,2024,1,Political violence,Explosions/Remote violence,Air/drone strike,Military Forces of Israel (2022-),,8,Civilians (Palestine),,7,78,Civilian targeting,275,Middle East,Palestine,Gaza Strip,Khan Yunis,,Khan Yunis,31.3502,34.3081,1,Palestine News and Information Agency,National,"On 30 July 2024, Israeli warplanes struck a house at al-Tahleyeh junction in Khan Yunis city (Khan Yunis, Gaza Strip). Casualties unknown.",0,,1753955132
PSE56727,7/30/2024,2024,1,Political violence,Explosions/Remote violence,Air/drone strike,Military Forces of Israel (2022-),,8,Civilians (Palestine),,7,78,Civilian targeting,275,Middle East,Palestine,Gaza Strip,Khan Yunis,,Abasan al Jadidah,31.3416,34.3459,1,Palestine News and Information Agency; Quds News Network,National,"On 30 July 2024, Israeli helicopters opened fire at houses in Abasan al Jadidah (Khan Yunis, Gaza Strip). Casualties unknown.",0,,1753955132
PSE56762,7/30/2024,2024,1,Political violence,Explosions/Remote violence,Air/drone strike,Military Forces of Israel (2022-),,8,Civilians (Palestine),,7,78,Civilian targeting,275,Middle East,Palestine,Gaza Strip,Gaza City,,Gaza - Sheikh Radwan,31.5349,34.4667,2,Arab 48; Ma'an News Agency; Palestine News and Information Agency; Quds News Network; Twitter,New media-National,"On 30 July 2024, Israeli warplanes struck a target at Al Saftawi junction north of Gaza City, coded to Gaza - Sheikh Radwan (Gaza City, Gaza Strip), killing a Palestinian. Also, 3 Palestinians were killed in an airstrike that targeted an apartment in al Jalaa street north of the city. Total fatalities were 4.",4,,1759790002
PSE56872,7/30/2024,2024,2,Political violence,Violence against civilians,Attack,Military Forces of Israel (2022-),,8,Civilians (Palestine),,7,78,Civilian targeting,275,Middle East,Palestine,Gaza Strip,Khan Yunis,,Bani Suheila,31.3424,34.325,2,Palestine News and Information Agency; Quds News Network,National,"Around 30 July 2024, a Palestinian with mental disability was found dead in his house after being executed by Israeli forces east of Khan Yunis, coded to Bani Suheila (Khan Yunis, Gaza Strip).",1,,1753955132
PSE57060,7/30/2024,2024,1,Political violence,Explosions/Remote violence,Shelling/artillery/missile attack,Military Forces of Israel (2022-),,8,Civilians (Palestine),,7,78,Civilian targeting,275,Middle East,Palestine,Gaza Strip,Gaza City,,Gaza - Sabra,31.5086,34.4493,1,Arab 48; Ma'an News Agency; Palestine News and Information Agency; Quds News Network; Twitter,New media-National,"On 30 July 2024, Israeli artillery shelled targets in Gaza - Sabra (Gaza City, Gaza Strip), injuring a number of Palestinians, including women and children.",0,,1759790002
PSE57065,7/30/2024,2024,1,Political violence,Explosions/Remote violence,Shelling/artillery/missile attack,Military Forces of Israel (2022-),,8,Civilians (Palestine),,7,78,Civilian targeting,275,Middle East,Palestine,Gaza Strip,Gaza City,,Gaza - Shujaiyya,31.4988,34.4699,2,Newpress; PLO Negotiations Affairs Department; Twitter,Other-New media,"On 30 July 2024, Israeli artillery and tanks shelled targets east of Gaza City, coded to Gaza - Shujaiyya (Gaza City, Gaza Strip). Casualties unknown. Also, Israeli artillery targeted a house east of Gaza city [there were no casualties].",0,,1759790002
PSE57068,7/30/2024,2024,1,Political violence,Explosions/Remote violence,Shelling/artillery/missile attack,Military Forces of Israel (2022-),,8,Civilians (Palestine),,7,78,Civilian targeting,275,Middle East,Palestine,Gaza Strip,Khan Yunis,,Abasan al Kabirah,31.3191,34.3401,1,Quds News Network; Twitter,New media-National,"On 30 July 2024, Israeli artillery shelled a house in Abasan al Kabirah (Khan Yunis, Gaza Strip), killing a Palestinian and leaving a number of injuries.",1,,1753955132
PSE56743,7/30/2024,2024,1,Political violence,Explosions/Remote violence,Air/drone strike,Military Forces of Israel (2022-),,8,Civilians (Palestine),Refugees/IDPs (Palestine),7,78,Civilian targeting,275,Middle East,Palestine,Gaza Strip,Khan Yunis,,Hamad,31.3749,34.3193,1,Palestine News and Information Agency; Quds News Network,National,"On 30 July 2024, Israeli warplanes struck an apartment in Hamad city (Khan Yunis, Gaza Strip) killing a Palestinian woman and injuring 6 more. Also, warplanes struck targets on the outskirts of the tent of displaced people [casualties unknown]. Fatalities coded at least 1.",1,,1753955132
PSE56767,7/30/2024,2024,1,Political violence,Explosions/Remote violence,Air/drone strike,Military Forces of Israel (2022-),,8,Civilians (Palestine),,7,78,Civilian targeting,275,Middle East,Palestine,Gaza Strip,Gaza City,,Gaza - Tal el Hawa,31.5041,34.435,1,Arab 48; Palestine News and Information Agency,National,"On 30 July 2024, Israeli warplanes struck a house and a building in Gaza - Tal el Hawa (Gaza City, Gaza Strip), injuring a number of Palestinians, including women and children. Also, Israeli tanks opened fire and killed 5 Palestinians in Tal el Hawa.",5,,1759790002
PSE56772,7/30/2024,2024,1,Political violence,Explosions/Remote violence,Air/drone strike,Military Forces of Israel (2022-),,8,Civilians (Palestine),,7,78,Civilian targeting,275,Middle East,Palestine,Gaza Strip,Gaza City,,Gaza - Az Zaytun,31.4964,34.4522,2,Arab 48; Quds News Network,National,"On 30 July 2024, Israeli warplanes targeted a house at Street 8 south of Gaza City, coded to Gaza - Az Zaytun (Gaza City, Gaza Strip). At least 8 persons were killed.",8,,1759790002
PSE56725,7/30/2024,2024,1,Political violence,Explosions/Remote violence,Air/drone strike,Military Forces of Israel (2022-),,8,Civilians (Palestine),,7,78,Civilian targeting,275,Middle East,Palestine,Gaza Strip,Khan Yunis,,Khan Yunis - Jourat Al-Loot,31.3314,34.3004,1,Palestine News and Information Agency,National,"On 30 July 2024, Israeli warplanes struck a house in Khan Yunis - Jourat Al-Loot (Khan Yunis, Gaza Strip). Casualties unknown.",0,,1753955132
PSE56733,7/31/2024,2024,1,Political violence,Explosions/Remote violence,Air/drone strike,Military Forces of Israel (2022-),,8,Civilians (Palestine),,7,78,Civilian targeting,275,Middle East,Palestine,Gaza Strip,Deir El Balah,,An Nusayrat - North,31.4591,34.3923,1,Palestine News and Information Agency; Quds News Network; Twitter,New media-National,"On 31 July 2024, Israeli warplanes struck targets in An Nusayrat - North (Deir El Balah, Gaza Strip), killing a Palestinian.",1,,1753955132
PSE56758,7/31/2024,2024,1,Political violence,Explosions/Remote violence,Air/drone strike,Military Forces of Israel (2022-),,8,Civilians (Palestine),,7,78,Civilian targeting,275,Middle East,Palestine,Gaza Strip,Rafah,,Tal as Sultan,31.3098,34.2414,1,Newpress; Twitter,New media-National,"On 31 July 2024, an Israeli UAV struck a target in Tal as Sultan (Rafah, Gaza Strip), leaving fatalities and injuries. Unspecified number of fatalities coded as 3.",3,,1762829569
PSE56771,7/31/2024,2024,1,Political violence,Explosions/Remote violence,Air/drone strike,Military Forces of Israel (2022-),,8,Civilians (Palestine),,7,78,Civilian targeting,275,Middle East,Palestine,Gaza Strip,Deir El Balah,,Al Maghazi,31.4214,34.3865,1,Newpress; Palestine News and Information Agency; Quds News Network; Twitter,New media-National,"On 31 July 2024, an Israeli UAV struck a passing car near the entrance of Al Maghazi (Deir El Balah, Gaza Strip), leaving 8 fatalities and a number of injuries.",8,,1753955132
PSE56774,7/31/2024,2024,1,Political violence,Explosions/Remote violence,Air/drone strike,Military Forces of Israel (2022-),,8,Civilians (Palestine),,7,78,Civilian targeting,275,Middle East,Palestine,Gaza Strip,Deir El Balah,,Az Zawayda,31.4284,34.366,1,Arab 48; Newpress; Palestine News and Information Agency; Quds News Network; Twitter,New media-National,"On 31 July 2024, an Israeli UAV struck a passing car at the entrance of Az Zawayda (Deir El Balah, Gaza Strip), killing 9 Palestinians.",9,,1767742780
PSE57062,7/31/2024,2024,1,Political violence,Explosions/Remote violence,Shelling/artillery/missile attack,Military Forces of Israel (2022-),,8,Civilians (Palestine),,7,78,Civilian targeting,275,Middle East,Palestine,Gaza Strip,Gaza City,,Gaza - Shujaiyya,31.4988,34.4699,1,Palestine News and Information Agency; Quds News Network; Twitter,New media-National,"On 31 July 2024, Israeli artillery shelled targets in Gaza - Shujaiyya (Gaza City, Gaza Strip), leaving a number of injuries.",0,,1759790002
PSE57063,7/31/2024,2024,1,Political violence,Explosions/Remote violence,Shelling/artillery/missile attack,Military Forces of Israel (2022-),,8,Civilians (Palestine),,7,78,Civilian targeting,275,Middle East,Palestine,Gaza Strip,Gaza City,,Gaza - At Tuffah,31.5134,34.4751,1,Newpress; Palestine News and Information Agency; Quds News Network; Twitter,New media-National,"On 31 July 2024, Israeli artillery shelled targets (including a house) in Gaza - At Tuffah (Gaza City, Gaza Strip), leaving a number of injuries.",0,,1759790002
PSE57066,7/31/2024,2024,1,Political violence,Explosions/Remote violence,Shelling/artillery/missile attack,Military Forces of Israel (2022-),,8,Civilians (Palestine),,7,78,Civilian targeting,275,Middle East,Palestine,Gaza Strip,Deir El Balah,,Al Maghazi,31.4214,34.3865,2,Arab 48; Palestine News and Information Agency; Quds News Network; Twitter,New media-National,"On 31 July 2024, Israeli artillery shelled houses east of Al Maghazi (Deir El Balah, Gaza Strip). Casualties unknown.",0,,1753955132
PSE57069,7/31/2024,2024,1,Political violence,Explosions/Remote violence,Shelling/artillery/missile attack,Military Forces of Israel (2022-),,8,Civilians (Palestine),,7,78,Civilian targeting,275,Middle East,Palestine,Gaza Strip,Khan Yunis,,Abasan al Kabirah,31.3191,34.3401,1,Palestine News and Information Agency,National,"On 31 July 2024, Israeli artillery shelled targets in Abasan al Kabirah (Khan Yunis, Gaza Strip), leaving one fatality and a number of injuries.",1,,1753955132
PSE57151,7/31/2024,2024,1,Political violence,Explosions/Remote violence,Air/drone strike,Military Forces of Israel (2022-),,8,Civilians (Palestine),Journalists (Palestine),7,78,Civilian targeting,275,Middle East,Palestine,Gaza Strip,Gaza City,,Gaza - Ash Shati' Camp,31.5349,34.4466,1,Al-Ittihad; Arab 48; Dunia Al Watan; Israeli Defense Forces; Ma'an News Agency; Newpress; Palestine News and Information Agency; Quds News Network; Times of Israel; Twitter,Other-New media,"On 31 July 2024, Israeli warplanes struck a passing car in Gaza - Ash Shati' Camp (Gaza City, Gaza Strip), killing 2 Palestinian journalists who were covering an event near the house of Hamas chairman Hanniyeh, who was killed in Tehran. The IDF claimed that Al Jazeera journalist Ismail Al-ghoul was a Hamas Nukhba fighter who participated in the October 7 attack. Al Jazeera rejected the Israeli allegation.",2,,1759790002
PSE56707,7/31/2024,2024,1,Political violence,Explosions/Remote violence,Air/drone strike,Military Forces of Israel (2022-),,8,Civilians (Palestine),Refugees/IDPs (Palestine),7,78,Civilian targeting,275,Middle East,Palestine,Gaza Strip,Rafah,,Al Mawasi (Rafah),31.3294,34.2299,1,Palestine News and Information Agency; Quds News Network; Twitter,New media-National,"On 31 July 2024, Israeli warplanes struck a house in (Al Mawasi (Rafah), Gaza Strip), leaving fatalities and injuries. Also, Israeli tanks opened fire toward the tents of displaced people in Al Mawasi, leaving injuries. Unspecified number of fatalities coded as 3.",3,,1762829569
PSE57061,7/31/2024,2024,1,Political violence,Explosions/Remote violence,Shelling/artillery/missile attack,Military Forces of Israel (2022-),,8,Civilians (Palestine),,7,78,Civilian targeting,275,Middle East,Palestine,Gaza Strip,Gaza City,,Gaza - Az Zaytun,31.4964,34.4522,1,Palestine News and Information Agency; Quds News Network; Twitter,New media-National,"On 31 July 2024, Israeli artillery shelled targets (including a house) in Gaza - Az Zaytun (Gaza City, Gaza Strip), leaving a number of injuries.",0,,1759790002
