event_id_cnty,event_date,year,time_precision,disorder_type,event_type,sub_event_type,actor1,assoc_actor_1,inter1,actor2,assoc_actor_2,inter2,interaction,civilian_targeting,iso,region,country,admin1,admin2,admin3,location,latitude,longitude,geo_precision,source,source_scale,notes,fatalities,tags,timestamp
PSE53643,6/1/2024,2024,1,Political violence,Explosions/Remote violence,Air/drone strike,Military Forces of Israel (2022-),,8,Civilians (Palestine),Refugees/IDPs (Palestine),7,78,Civilian targeting,275,Middle East,Palestine,Gaza Strip,Deir El Balah,,Al Burayj,31.4394,34.4031,1,Arab 48; Palestine News and Information Agency; Quds News Network; Twitter,New media-National,"On 1 June 2024, Israeli warplanes struck 2 houses in Al Burayj refugee camp (Deir El Balah, Gaza Strip), leaving a number of injuries. Also, the artillery shelled areas in Al Burayj. Casualties unknown.",0,,1753955132
PSE53644,6/1/2024,2024,1,Political violence,Explosions/Remote violence,Air/drone strike,Military Forces of Israel (2022-),,8,Civilians (Palestine),,7,78,Civilian targeting,275,Middle East,Palestine,Gaza Strip,Rafah,,Tal as Sultan,31.3098,34.2414,1,Newpress; Palestine News and Information Agency; Quds News Network; Twitter,New media-National,"On 1 June 2024, Israeli UAVs opened fire in Tal as Sultan (Rafah, Gaza Strip), leaving a number of injuries. Also, warplanes struck several targets and the artillery shelled the same area. Casualties unknown.",0,,1762829569
PSE53654,6/1/2024,2024,1,Political violence,Explosions/Remote violence,Shelling/artillery/missile attack,Military Forces of Israel (2022-),,8,Civilians (Palestine),,7,78,Civilian targeting,275,Middle East,Palestine,Gaza Strip,Deir El Balah,,An Nusayrat - North,31.4591,34.3923,2,Arab 48; Palestinian Ministry of Health; Quds News Network; Twitter,Other-New media,"On 1 June 2024, Israeli artillery shelled areas in An Nusayrat - North (Deir El Balah, Gaza Strip) and tanks opened fire. Casualties unknown. An unspecified number of bodies were found northwest of An Nusayrat [coded to this location]. [Palestinian Ministry of Health reported 36654 fatalities between 7 October - 5 June 2024. 50 fatalities not attributed to specific events added to 1 event on 1 June 2024. 50 fatalities coded to this event.]",50,,1753955132
PSE53648,6/1/2024,2024,1,Political violence,Explosions/Remote violence,Air/drone strike,Military Forces of Israel (2022-),,8,Civilians (Palestine),Refugees/IDPs (Palestine),7,78,Civilian targeting,275,Middle East,Palestine,Gaza Strip,Gaza City,,Gaza - Az Zaytun,31.4964,34.4522,1,Arab 48; Newpress; Quds News Network; Twitter,New media-National,"On 1 June 2024, Israeli warplanes struck a house and a school hosting displaced people in Gaza - Az Zaytun (Gaza City, Gaza Strip), leaving 2 fatalities and several injuries. Also, Israeli tanks opened fire and the artillery shelled the same area leaving unspecified fatalities. Unspecified fatalities coded as 3. Total fatalities coded as 5.",5,,1759790002
PSE53645,6/1/2024,2024,1,Political violence,Explosions/Remote violence,Air/drone strike,Military Forces of Israel (2022-),,8,Civilians (Palestine),,7,78,Civilian targeting,275,Middle East,Palestine,Gaza Strip,Rafah,,Khirbet al Adas,31.2855,34.2714,2,Palestine News and Information Agency; Quds News Network; Twitter,New media-National,"On 1 June 2024, Israeli warplanes struck the al Zuhor neighborhood north of Rafah, coded to Khirbet al Adas (Rafah, Gaza Strip), leaving a number of injuries. Also, warplanes targeted a house in Musabbah area north of Rafah. Casualties unknown.",0,,1753955132
PSE53669,6/2/2024,2024,1,Political violence,Explosions/Remote violence,Shelling/artillery/missile attack,Military Forces of Israel (2022-),,8,Civilians (Palestine),,7,78,Civilian targeting,275,Middle East,Palestine,Gaza Strip,Deir El Balah,,Deir al Balah Camp,31.4249,34.34,2,Palestine News and Information Agency; PLO Negotiations Affairs Department,Other-National,"On 2 June 2024, Israeli artillery and tanks shelled targets and houses east of Deir al Balah, coded to Deir al Balah Camp (Deir El Balah, Gaza Strip). Casualties unknown.",0,,1765850627
PSE53672,6/2/2024,2024,1,Political violence,Explosions/Remote violence,Air/drone strike,Military Forces of Israel (2022-),,8,Civilians (Palestine),,7,78,Civilian targeting,275,Middle East,Palestine,Gaza Strip,Gaza City,,Gaza - Ad Darraj,31.5172,34.4642,1,Newpress; Palestine News and Information Agency; Quds News Network; Twitter,New media-National,"On 2 June 2024, Israeli warplanes struck 2 houses in Gaza - Ad Darraj (Gaza City, Gaza Strip), leaving at least 3 fatalities, including a woman and causing a number of injuries.",3,,1759790002
PSE53673,6/2/2024,2024,1,Political violence,Explosions/Remote violence,Air/drone strike,Military Forces of Israel (2022-),,8,Civilians (Palestine),,7,78,Civilian targeting,275,Middle East,Palestine,Gaza Strip,Gaza City,,Gaza - Sabra,31.5086,34.4493,1,Arab 48; Newpress; Palestine News and Information Agency; Quds News Network; Twitter,New media-National,"On 2 June 2024, Israeli warplanes struck targets (including 2 houses) near Al Sunna mosque in Gaza - Sabra (Gaza City, Gaza Strip), leaving 8 fatalities. Also, the Israeli artillery shelled targets in Sabra, killing at least 1 girl. Fatalities coded as at least 9.",9,,1759790002
PSE53683,6/2/2024,2024,1,Political violence,Explosions/Remote violence,Shelling/artillery/missile attack,Military Forces of Israel (2022-),,8,Civilians (Palestine),,7,78,Civilian targeting,275,Middle East,Palestine,Gaza Strip,Deir El Balah,,An Nusayrat - North,31.4591,34.3923,2,Palestine News and Information Agency; Quds News Network; Twitter,New media-National,"On 2 June 2024, Israeli artillery shelled houses northwest of An Nusayrat camp, coded to An Nusayrat - North (Deir El Balah, Gaza Strip). Casualties unknown.",0,,1753955132
PSE53684,6/2/2024,2024,1,Political violence,Explosions/Remote violence,Shelling/artillery/missile attack,Military Forces of Israel (2022-),,8,Civilians (Palestine),,7,78,Civilian targeting,275,Middle East,Palestine,Gaza Strip,Deir El Balah,,Al Brawk,31.4204,34.339,2,Palestine News and Information Agency,National,"On 2 June 2024, Israeli gunboats opened fire toward Palestinian houses at the coastal areas of Deir al Blah, coded to Al Brawk (Deir El Balah, Gaza Strip). Casualties unknown.",0,,1767742780
PSE53687,6/2/2024,2024,1,Political violence,Explosions/Remote violence,Air/drone strike,Military Forces of Israel (2022-),,8,Civilians (Palestine),,7,78,Civilian targeting,275,Middle East,Palestine,Gaza Strip,Deir El Balah,,Az Zawayda,31.4284,34.366,1,Arab 48; Newpress; Palestine News and Information Agency; Quds News Network; Twitter,New media-National,"On 2 June 2024, Israeli warplanes struck a group of people in Az Zawayda (Deir El Balah, Gaza Strip), leaving 5 fatalities and several injuries.",5,,1767742780
PSE53688,6/2/2024,2024,1,Political violence,Explosions/Remote violence,Air/drone strike,Military Forces of Israel (2022-),,8,Civilians (Palestine),Refugees/IDPs (Palestine),7,78,Civilian targeting,275,Middle East,Palestine,Gaza Strip,Deir El Balah,,An Nusayrat,31.4486,34.3925,1,Arab 48; Palestine News and Information Agency; Quds News Network; Twitter,New media-National,"On 2 June 2024, Israeli warplanes struck a house in al-Ishrin street in An Nusayrat camp (Deir El Balah, Gaza Strip), leaving 4 fatalities and a number of injuries.",4,,1753955132
PSE53695,6/2/2024,2024,1,Political violence,Explosions/Remote violence,Air/drone strike,Military Forces of Israel (2022-),,8,Civilians (Palestine),Refugees/IDPs (Palestine),7,78,Civilian targeting,275,Middle East,Palestine,Gaza Strip,Deir El Balah,,Al Burayj,31.4394,34.4031,1,Arab 48; Palestine News and Information Agency; Quds News Network; Twitter,New media-National,"On 2 June 2024, Israeli warplanes struck a house and other targets in Al Burayj camp (Deir El Balah, Gaza Strip), leaving at least 6 fatalities.",6,,1753955132
PSE53678,6/2/2024,2024,1,Political violence,Explosions/Remote violence,Air/drone strike,Military Forces of Israel (2022-),,8,Civilians (Palestine),,7,78,Civilian targeting,275,Middle East,Palestine,Gaza Strip,Rafah,,Tal as Sultan,31.3098,34.2414,2,Palestine News and Information Agency; Quds News Network; Twitter,New media-National,"On 2 June 2024, Israeli warplanes struck several houses in Tabasiyeh area west of Rafah, coded to Tal as Sultan (Rafah, Gaza Strip), and the Israeli artillery shelled areas west of Rafah. Casualties unknown.",0,,1762829569
PSE53680,6/2/2024,2024,1,Political violence,Explosions/Remote violence,Air/drone strike,Military Forces of Israel (2022-),,8,Civilians (Palestine),,7,78,Civilian targeting,275,Middle East,Palestine,Gaza Strip,Rafah,,Tal as Sultan,31.3098,34.2414,1,Newpress; Palestine News and Information Agency; Quds News Network; Twitter,New media-National,"On 2 June 2024, Israeli helicopters opened fire and warplanes struck a house in Tal as Sultan (Rafah, Gaza Strip). Casualties unknown. Also, the Israeli artillery shelled Tal as Sultan area. Casualties unknown.",0,,1762829569
PSE53671,6/2/2024,2024,1,Political violence,Explosions/Remote violence,Air/drone strike,Military Forces of Israel (2022-),,8,Civilians (Palestine),,7,78,Civilian targeting,275,Middle East,Palestine,Gaza Strip,Rafah,,Yibna,31.2842,34.2482,2,Arab 48; Palestine News and Information Agency; PLO Negotiations Affairs Department; Quds News Network; Twitter,Other-New media,"On 2 June 2024, Israeli warplanes struck targets in Abu Halawah area east of Rafah, coded to Yibna (Rafah, Gaza Strip), leaving 2 fatalities and a number of injuries. Also, Israeli artillery and tanks shelled targets east of Rafah. Casualties unknown. Fatalities coded as at least 2.",2,,1753955132
PSE53696,6/2/2024,2024,1,Political violence,Explosions/Remote violence,Air/drone strike,Military Forces of Israel (2022-),,8,Civilians (Palestine),,7,78,Civilian targeting,275,Middle East,Palestine,Gaza Strip,Rafah,,Khirbet al Adas,31.2855,34.2714,2,Arab 48; Palestine News and Information Agency,National,"On 2 June 2024, Israeli warplanes struck a target in Musabbah area north of Rafah, coded to Khirbet al Adas (Rafah, Gaza Strip), leaving injuries.",0,,1753955132
PSE53674,6/2/2024,2024,1,Political violence,Explosions/Remote violence,Air/drone strike,Military Forces of Israel (2022-),,8,Civilians (Palestine),Refugees/IDPs (Palestine),7,78,Civilian targeting,275,Middle East,Palestine,Gaza Strip,Rafah,,Brazil Camp,31.2718,34.2532,1,Newpress; Palestine News and Information Agency; Quds News Network; Twitter,New media-National,"On 2 June 2024, Israeli warplanes carried out strikes in Brazil Camp (Rafah, Gaza Strip), leaving injuries and destroying a number of houses.",0,,1753955132
PSE53708,6/3/2024,2024,1,Political violence,Explosions/Remote violence,Air/drone strike,Military Forces of Israel (2022-),,8,Civilians (Palestine),,7,78,Civilian targeting,275,Middle East,Palestine,Gaza Strip,Khan Yunis,,Bani Suheila,31.3424,34.325,2,Palestine News and Information Agency; PLO Negotiations Affairs Department; Quds News Network; Twitter,Other-New media,"On 3 June 2024, Israeli warplanes struck 2 houses in Al Rumaida area east of Khan Yunis, coded to Bani Suheila (Khan Yunis, Gaza Strip), leaving 10 fatalities including 3 children. Also, Israeli artillery and tanks shelled targets east of Khan Yunis. Casualties unknown. Fatalities coded as at least 10.",10,,1753955132
PSE53715,6/3/2024,2024,1,Political violence,Explosions/Remote violence,Shelling/artillery/missile attack,Military Forces of Israel (2022-),,8,Civilians (Palestine),Refugees/IDPs (Palestine),7,78,Civilian targeting,275,Middle East,Palestine,Gaza Strip,Gaza City,,Gaza - Sabra,31.5086,34.4493,1,Palestine News and Information Agency,National,"On 3 June 2024, Israeli artillery shelled an apartment in Gaza - Sabra (Gaza City, Gaza Strip), leaving 4 fatalities. Also, the artillery shelled targets on the outskirts of a UNRWA school in the same area. Casualties unknown. Fatalities coded as at least 4.",4,,1759790002
PSE53717,6/3/2024,2024,1,Political violence,Explosions/Remote violence,Shelling/artillery/missile attack,Military Forces of Israel (2022-),,8,Civilians (Palestine),,7,78,Civilian targeting,275,Middle East,Palestine,Gaza Strip,Gaza City,,Gaza Port,31.5245,34.4326,1,Palestine News and Information Agency,National,"On 3 June 2024, Israeli gunboats fired shells toward houses in Gaza Port (Gaza City, Gaza Strip). Casualties unknown.",0,,1753955132
PSE53719,6/3/2024,2024,1,Political violence,Explosions/Remote violence,Shelling/artillery/missile attack,Military Forces of Israel (2022-),,8,Civilians (Palestine),,7,78,Civilian targeting,275,Middle East,Palestine,Gaza Strip,Deir El Balah,,An Nusayrat - North,31.4591,34.3923,2,Newpress; Palestine News and Information Agency; Twitter,New media-National,"On 3 June 2024, Israeli artillery shelled houses northwest of An Nusayrat, coded to An Nusayrat - North (Deir El Balah, Gaza Strip) killing at least 1 Palestinian.",1,,1753955132
PSE53720,6/3/2024,2024,1,Political violence,Explosions/Remote violence,Shelling/artillery/missile attack,Military Forces of Israel (2022-),,8,Civilians (Palestine),Fishers (Palestine),7,78,Civilian targeting,275,Middle East,Palestine,Gaza Strip,Deir El Balah,,Al Brawk,31.4204,34.339,2,Arab 48; Palestine News and Information Agency; Quds News Network; Twitter,New media-National,"On 3 June 2024, Israeli gunboats opened fire toward the beach of Deir al Balah, coded to Al Brawk (Deir El Balah, Gaza Strip), killing 1 Palestinian fisher and injuring more one.",1,,1767742780
PSE53730,6/3/2024,2024,1,Political violence,Explosions/Remote violence,Air/drone strike,Military Forces of Israel (2022-),,8,Civilians (Palestine),Refugees/IDPs (Palestine),7,78,Civilian targeting,275,Middle East,Palestine,Gaza Strip,Deir El Balah,,Al Maghazi,31.4214,34.3865,1,Palestine News and Information Agency; Quds News Network; Twitter,New media-National,"On 3 June 2024, Israeli warplanes struck residential buildings and towers in Al Maghazi refugee camp (Deir El Balah, Gaza Strip) leaving a number of injuries.",0,,1753955132
PSE53731,6/3/2024,2024,1,Political violence,Explosions/Remote violence,Air/drone strike,Military Forces of Israel (2022-),,8,Civilians (Palestine),,7,78,Civilian targeting,275,Middle East,Palestine,Gaza Strip,Deir El Balah,,An Nusayrat - West,31.4525,34.3756,1,Ma'an News Agency; Quds News Network; Twitter,New media-National,"On 3 June 2024, Israeli warplanes struck a house in An Nusayrat - West (Deir El Balah, Gaza Strip), leaving 2 fatalities and 5 injuries.",2,,1753955132
PSE53744,6/3/2024,2024,1,Political violence,Explosions/Remote violence,Air/drone strike,Military Forces of Israel (2022-),,8,Civilians (Palestine),Refugees/IDPs (Palestine),7,78,Civilian targeting,275,Middle East,Palestine,Gaza Strip,Deir El Balah,,Al Burayj,31.4394,34.4031,1,Newpress; Quds News Network; Twitter,New media-National,"On 3 June 2024, Israeli warplanes struck 4 residential towers in Al Burayj camp (Deir El Balah, Gaza Strip). Casualties unknown.",0,,1753955132
PSE53711,6/3/2024,2024,1,Political violence,Explosions/Remote violence,Air/drone strike,Military Forces of Israel (2022-),,8,Civilians (Palestine),,7,78,Civilian targeting,275,Middle East,Palestine,Gaza Strip,Rafah,,Tal as Sultan,31.3098,34.2414,2,Palestine News and Information Agency; Quds News Network; Twitter,New media-National,"On 3 June 2024, Israeli warplanes struck 2 houses in the Saudi neighborhood west of Rafah, coded to Tal as Sultan (Rafah, Gaza Strip), leaving 3 fatalities and a number of injuries.",3,,1762829569
PSE53718,6/3/2024,2024,1,Political violence,Explosions/Remote violence,Shelling/artillery/missile attack,Military Forces of Israel (2022-),,8,Civilians (Palestine),Refugees/IDPs (Palestine),7,78,Civilian targeting,275,Middle East,Palestine,Gaza Strip,Gaza City,,Gaza - Ash Shati' Camp,31.5349,34.4466,1,Palestine News and Information Agency; Palestinian Ministry of Health,Other-National,"On 3 June 2024, Israeli gunboats fired shells toward houses in Gaza - Ash Shati' Camp (Gaza City, Gaza Strip), leaving unspecified number of fatalities. [Palestinian Ministry of Health reported 36654 fatalities between 7 October - 5 June 2024. 4 fatalities not attributed to specific events added to 1 event on 3 June 2024. 4 fatalities coded to this event.]",4,,1759790002
PSE53716,6/3/2024,2024,1,Political violence,Explosions/Remote violence,Shelling/artillery/missile attack,Military Forces of Israel (2022-),,8,Civilians (Palestine),,7,78,Civilian targeting,275,Middle East,Palestine,Gaza Strip,Gaza City,,Gaza - Ash Shaykh Ijlin,31.5098,34.4274,1,Palestine News and Information Agency,National,"On 3 June 2024, Israeli gunboats fired shells toward houses in Gaza - Ash Shaykh Ijlin (Gaza City, Gaza Strip). Casualties unknown.",0,,1753955132
PSE53747,6/3/2024,2024,1,Political violence,Explosions/Remote violence,Shelling/artillery/missile attack,Military Forces of Israel (2022-),,8,Civilians (Palestine),,7,78,Civilian targeting,275,Middle East,Palestine,Gaza Strip,Gaza City,,Al Mughraqa,31.4675,34.4097,2,Quds News Network; Twitter,New media-National,"On 3 June 2024, Israeli artillery shelled Al Mughraqa and Wadi Gaza (Gaza City, Gaza Strip), leaving 1 fatality.",1,,1753955132
PSE53713,6/3/2024,2024,1,Political violence,Explosions/Remote violence,Air/drone strike,Military Forces of Israel (2022-),,8,Civilians (Palestine),Refugees/IDPs (Palestine),7,78,Civilian targeting,275,Middle East,Palestine,Gaza Strip,Gaza City,,Gaza - Az Zaytun,31.4964,34.4522,1,Newpress; Palestine News and Information Agency; Quds News Network; Twitter,New media-National,"On 3 June 2024, Israeli warplanes carried out strikes in Gaza - Az Zaytun (Gaza City, Gaza Strip). Casualties unknown. Also, the Israeli artillery shelled targets, including a house and an apartment hosting displaced people in the same area, leaving at least 4 fatalities and several injuries. Fatalities coded as at least 4.",4,,1759790002
PSE53714,6/3/2024,2024,1,Political violence,Explosions/Remote violence,Shelling/artillery/missile attack,Military Forces of Israel (2022-),,8,Civilians (Palestine),,7,78,Civilian targeting,275,Middle East,Palestine,Gaza Strip,Gaza City,,Gaza - Tal el Hawa,31.5041,34.435,1,Palestine News and Information Agency; Quds News Network; Twitter,New media-National,"On 3 June 2024, Israeli artillery shelled targets in Gaza - Tal el Hawa (Gaza City, Gaza Strip). Casualties unknown. Also, tanks opened fire toward houses on the outskirts of the University College of Applied Sciences. Casualties unknown.",0,,1759790002
PSE53729,6/3/2024,2024,1,Political violence,Explosions/Remote violence,Air/drone strike,Military Forces of Israel (2022-),,8,Civilians (Palestine),,7,78,Civilian targeting,275,Middle East,Palestine,Gaza Strip,Rafah,,Khirbet al Adas,31.2855,34.2714,1,Palestine News and Information Agency; Quds News Network; Twitter,New media-National,"On 3 June 2024, Israeli warplanes struck targets in Khirbet al Adas (Rafah, Gaza Strip), leaving 4 fatalities.",4,,1753955132
PSE53751,6/4/2024,2024,1,Political violence,Explosions/Remote violence,Air/drone strike,Military Forces of Israel (2022-),,8,Civilians (Palestine),,7,78,Civilian targeting,275,Middle East,Palestine,Gaza Strip,Deir El Balah,,Deir al Balah Camp,31.4249,34.34,2,Newpress; PLO Negotiations Affairs Department; Quds News Network; Twitter,Other-New media,"On 4 June 2024, Israeli warplanes struck a house east of Deir al Balah, coded to Deir al Balah Camp (Deir El Balah, Gaza Strip) leaving 5 fatalities. Also, the artillery shelled southeast and east of Deir al Balah [coded to the same area]. Casualties unknown. Total fatalities coded as at least 5.",5,,1765850627
PSE53754,6/4/2024,2024,1,Political violence,Explosions/Remote violence,Air/drone strike,Military Forces of Israel (2022-),,8,Civilians (Palestine),Refugees/IDPs (Palestine),7,78,Civilian targeting,275,Middle East,Palestine,Gaza Strip,Deir El Balah,,Al Burayj,31.4394,34.4031,1,Al-Ittihad; Al Ghad (Jordan); Ma'an News Agency; Palestine News and Information Agency; Quds News Network; Twitter,New media-National,"On 4 June 2024, Israeli warplanes struck a house in Al Burayj camp (Deir El Balah, Gaza Strip), leaving 3 fatalities and a number of injuries. Also, warplanes targeted towers and a house at the camp's entrance, killing 2 Palestinians. In addition, at least 1 Palestinian was killed and several of others were injured in an airstrike targeted a house in Block 5 in the camp. Total fatalities were at least 6.",6,,1753955132
PSE53755,6/4/2024,2024,1,Political violence,Explosions/Remote violence,Air/drone strike,Military Forces of Israel (2022-),,8,Civilians (Palestine),,7,78,Civilian targeting,275,Middle East,Palestine,Gaza Strip,Gaza City,,Gaza - Ad Darraj,31.5172,34.4642,1,Palestine News and Information Agency; Quds News Network; Twitter,New media-National,"On 4 June 2024, Israeli warplanes struck a house in Gaza - Ad Darraj (Gaza City, Gaza Strip), leaving 3 fatalities.",3,,1759790002
PSE53756,6/4/2024,2024,1,Political violence,Explosions/Remote violence,Air/drone strike,Military Forces of Israel (2022-),,8,Civilians (Palestine),,7,78,Civilian targeting,275,Middle East,Palestine,Gaza Strip,Gaza City,,Gaza - Sabra,31.5086,34.4493,1,Palestine News and Information Agency; Quds News Network; Twitter,New media-National,"On 4 June 2024, Israeli warplanes struck targets in Gaza - Sabra (Gaza City, Gaza Strip), leaving injuries. Also, Israeli artillery shelled targets in the same area. Casualties unknown.",0,,1759790002
PSE53758,6/4/2024,2024,1,Political violence,Explosions/Remote violence,Air/drone strike,Military Forces of Israel (2022-),,8,Civilians (Palestine),Refugees/IDPs (Palestine),7,78,Civilian targeting,275,Middle East,Palestine,Gaza Strip,Deir El Balah,,An Nusayrat,31.4486,34.3925,1,Newpress; Palestine News and Information Agency; Twitter,New media-National,"On 4 June 2024, Israeli UAVs opened fire on the outskirts of Al Awda hospital and warplanes struck houses in An Nusayrat camp (Deir El Balah, Gaza Strip), leaving at least 4 fatalities.",4,,1753955132
PSE53760,6/4/2024,2024,1,Political violence,Explosions/Remote violence,Air/drone strike,Military Forces of Israel (2022-),,8,Police Forces of Palestine (2007-) Gaza Strip,Civilians (Palestine); Hamas Movement,1,18,,275,Middle East,Palestine,Gaza Strip,Deir El Balah,,Az Zawayda,31.4284,34.366,2,Arab 48; Newpress; Palestine News and Information Agency; Quds News Network; Twitter,New media-National,"On 4 June 2024, Israeli warplanes struck a passing Hamas police vehicle and a group of Palestinians near a center hosting displaced people north of Deir al Balah, coded to Az Zawayda (Deir El Balah, Gaza Strip). As a result, 8 Hamas police officers were killed and several Palestinians were injured.",8,,1767742780
PSE53762,6/4/2024,2024,1,Political violence,Explosions/Remote violence,Air/drone strike,Military Forces of Israel (2022-),,8,Civilians (Palestine),,7,78,Civilian targeting,275,Middle East,Palestine,Gaza Strip,Deir El Balah,,Al Musaddar,31.4105,34.378,1,Palestine News and Information Agency; Quds News Network; Twitter,New media-National,"On 4 June 2024, Israeli warplanes struck houses in Al Musaddar (Deir El Balah, Gaza Strip), leaving at least 3 fatalities.",3,,1765850627
PSE53778,6/4/2024,2024,1,Political violence,Explosions/Remote violence,Shelling/artillery/missile attack,Military Forces of Israel (2022-),,8,Civilians (Palestine),,7,78,Civilian targeting,275,Middle East,Palestine,Gaza Strip,Deir El Balah,,Al Maghazi,31.4214,34.3865,2,Newpress; Quds News Network; Twitter,New media-National,"On 4 June 2024, Israeli artillery shelled targets (including a house) east of Al Maghazi camp (Deir El Balah, Gaza Strip), leaving fatalities and injuries. Unspecified number of fatalities coded as 3.",3,,1753955132
PSE53781,6/4/2024,2024,1,Political violence,Explosions/Remote violence,Air/drone strike,Military Forces of Israel (2022-),,8,Civilians (Palestine),,7,78,Civilian targeting,275,Middle East,Palestine,Gaza Strip,Khan Yunis,,Al Qararah,31.3739,34.3409,1,Newpress; Quds News Network; Twitter,New media-National,"On 4 June 2024, Israeli warplanes struck a house in Al Qararah (Khan Yunis, Gaza Strip). Casualties unknown.",0,,1753955132
PSE53786,6/4/2024,2024,1,Political violence,Explosions/Remote violence,Air/drone strike,Military Forces of Israel (2022-),,8,Civilians (Palestine),,7,78,Civilian targeting,275,Middle East,Palestine,Gaza Strip,Deir El Balah,,Al Maghazi,31.4214,34.3865,2,Quds News Network; Twitter,New media-National,"On 4 June 2024, Israeli warplanes struck a house located between Al Burayj and Al Maghazi, coded to north of Al Maghazi camp (Deir El Balah, Gaza Strip). Casualties unknown.",0,,1753955132
PSE53761,6/4/2024,2024,1,Political violence,Explosions/Remote violence,Air/drone strike,Military Forces of Israel (2022-),,8,Civilians (Palestine),Refugees/IDPs (Palestine),7,78,Civilian targeting,275,Middle East,Palestine,Gaza Strip,Deir El Balah,,Al Maghazi,31.4214,34.3865,1,Newpress; Palestine News and Information Agency; Quds News Network; Twitter,New media-National,"On 4 June 2024, Israeli warplanes struck houses in Al Maghazi camp (Deir El Balah, Gaza Strip), leaving 3 women dead and a number of injuries. Also, a number of Palestinians were killed and injured in an airstrikes targeted a house in Al Ajouri neighborhood in the camp. Unspecified number of fatalities coded as 3. Fatalities coded as 6 (3 confirmed and 3 unspecified).",6,,1753955132
PSE53757,6/4/2024,2024,1,Political violence,Explosions/Remote violence,Air/drone strike,Military Forces of Israel (2022-),,8,Civilians (Palestine),,7,78,Civilian targeting,275,Middle East,Palestine,Gaza Strip,Gaza City,,Gaza - Az Zaytun,31.4964,34.4522,1,Arab 48; Newpress; Palestine News and Information Agency; Quds News Network; Twitter,New media-National,"On 4 June 2024, Israeli warplanes struck targets in Gaza - Az Zaytun (Gaza City, Gaza Strip), leaving 2 fatalities and a number of injuries. Also, the Israeli artillery shelled the southern areas of Az Zaytun. Casualties unknown. Fatalities coded as at least 2.",2,,1759790002
PSE53777,6/4/2024,2024,1,Political violence,Explosions/Remote violence,Air/drone strike,Military Forces of Israel (2022-),,8,Civilians (Palestine),,7,78,Civilian targeting,275,Middle East,Palestine,Gaza Strip,Gaza City,,Gaza - Az Zaytun,31.4964,34.4522,2,Quds News Network; Twitter,New media-National,"On 4 June 2024, 4 Palestinians were injured in a UAV strike south of Gaza - Az Zaytun (Gaza City, Gaza Strip).",0,,1759790002
PSE53785,6/4/2024,2024,1,Political violence,Explosions/Remote violence,Shelling/artillery/missile attack,Military Forces of Israel (2022-),,8,Civilians (Palestine),,7,78,Civilian targeting,275,Middle East,Palestine,Gaza Strip,Gaza City,,Gaza - Tal el Hawa,31.5041,34.435,1,Newpress; Quds News Network; Twitter,New media-National,"On 4 June 2024, Israeli artillery shelled targets in Gaza - Tal el Hawa (Gaza City, Gaza Strip). Casualties unknown. Also, 3 Palestinians were killed (likely by artillery fire) at Al Khour junction in the same area. Fatalities coded as at least 3.",3,,1759790002
PSE53774,6/4/2024,2024,1,Political violence,Explosions/Remote violence,Air/drone strike,Military Forces of Israel (2022-),,8,Civilians (Palestine),,7,78,Civilian targeting,275,Middle East,Palestine,Gaza Strip,Rafah,,Khirbet al Adas,31.2855,34.2714,2,Arab 48; Quds News Network; Twitter,New media-National,"On 4 June 2024, an Israeli UAV opened fire north of Rafah, coded to Khirbet al Adas (Rafah, Gaza Strip). Casualties unknown. Also, warplanes struck targets in Miraj area north of Rafah, leaving injuries.",0,,1753955132
PSE53753,6/4/2024,2024,1,Political violence,Explosions/Remote violence,Air/drone strike,Military Forces of Israel (2022-),,8,Civilians (Palestine),,7,78,Civilian targeting,275,Middle East,Palestine,Gaza Strip,Rafah,,Yibna,31.2842,34.2482,2,Newpress; Palestine News and Information Agency; PLO Negotiations Affairs Department; Quds News Network; Twitter,Other-New media,"On 4 June 2024, Israeli UAVs struck members of aid security committees responsible for guarding aid east of Rafah, coded to Yibna (Rafah, Gaza Strip), killing 2 persons. Also, Israeli helicopters opened fire and the artillery shelled targets east of the city. Casualties unknown. Fatalities coded as at least 2. This event involved violence over aid.",2,,1756156113
PSE53792,6/5/2024,2024,1,Political violence,Explosions/Remote violence,Shelling/artillery/missile attack,Military Forces of Israel (2022-),,8,Civilians (Palestine),,7,78,Civilian targeting,275,Middle East,Palestine,Gaza Strip,Deir El Balah,,Deir al Balah Camp,31.4249,34.34,2,Newpress; PLO Negotiations Affairs Department; Quds News Network; Twitter,Other-New media,"On 5 June 2024, Israeli artillery struck the area of Abu Al Ajin southeast of Deir El Balah city, coded to Deir al Balah Camp (Deir El Balah, Gaza Strip) leaving 2 fatalities. Also the Israeli artillery shelled targets including a house east of Deir al Balah, leaving at least 4 fatalities. Total Fatalities coded as at least 6.",6,,1765850627
PSE53795,6/5/2024,2024,1,Political violence,Explosions/Remote violence,Air/drone strike,Military Forces of Israel (2022-),,8,Civilians (Palestine),Refugees/IDPs (Palestine),7,78,Civilian targeting,275,Middle East,Palestine,Gaza Strip,Deir El Balah,,Al Maghazi,31.4214,34.3865,1,Arab 48; Ma'an News Agency; Newpress; Palestine News and Information Agency; Quds News Network; Twitter,New media-National,"On 5 June 2024, Israeli warplanes struck several houses in Al Maghazi refugee camp (Deir El Balah, Gaza Strip), leaving at least 11 fatalities and dozens of injuries. Also, a Palestinian woman was killed and others were injured in an airstrike that targeted a house in the camp. Total fatalities were at least 12.",12,,1753955132
PSE53796,6/5/2024,2024,1,Political violence,Explosions/Remote violence,Air/drone strike,Military Forces of Israel (2022-),,8,Civilians (Palestine),Refugees/IDPs (Palestine),7,78,Civilian targeting,275,Middle East,Palestine,Gaza Strip,Deir El Balah,,Al Burayj,31.4394,34.4031,1,Arab 48; Ma'an News Agency; Palestine News and Information Agency; Quds News Network; Twitter,New media-National,"On 5 June 2024, Israeli warplanes struck a house near the entrance of Al Burayj refugee camp (Deir El Balah, Gaza Strip), leaving at least 2 fatalities and a number of injuries. Also, warplanes struck several targets in the camp including houses amid intense artillery fire, killing 5 persons and injuring a number of others. Total fatalities were at least 7.",7,,1753955132
PSE53803,6/5/2024,2024,1,Political violence,Explosions/Remote violence,Air/drone strike,Military Forces of Israel (2022-),,8,Civilians (Palestine),,7,78,Civilian targeting,275,Middle East,Palestine,Gaza Strip,Gaza City,,Gaza - Northern Remal,31.524,34.4505,2,Palestine News and Information Agency; Quds News Network; Twitter,New media-National,"On 5 June 2024, Israeli warplanes carried out an airstrike in Remal area, coded to Gaza - Northern Remal (Gaza City, Gaza Strip), leaving 4 fatalities.",4,,1759790002
PSE53805,6/5/2024,2024,1,Political violence,Explosions/Remote violence,Air/drone strike,Military Forces of Israel (2022-),,8,Civilians (Palestine),Refugees/IDPs (Palestine),7,78,Civilian targeting,275,Middle East,Palestine,Gaza Strip,Deir El Balah,,An Nusayrat,31.4486,34.3925,1,Ma'an News Agency; Newpress; Quds News Network; Twitter,New media-National,"On 5 June 2024, Israeli warplanes struck houses in An Nusayrat refugee camp (Deir El Balah, Gaza Strip). Casualties unknown. Also, Israeli warplanes struck a motorcycle, killing a Palestinian and causing 2 injuries. Fatalities coded as at least 1.",1,,1753955132
PSE53820,6/5/2024,2024,1,Political violence,Explosions/Remote violence,Air/drone strike,Military Forces of Israel (2022-),,8,Civilians (Palestine),,7,78,Civilian targeting,275,Middle East,Palestine,Gaza Strip,Deir El Balah,,Al Maghazi,31.4214,34.3865,2,Quds News Network; Twitter,New media-National,"On 5 June 2024, Israeli warplanes struck a house and other targets east of Al Maghazi camp (Deir El Balah, Gaza Strip), leaving 3 fatalities and dozens of injuries.",3,,1753955132
PSE53821,6/5/2024,2024,1,Political violence,Explosions/Remote violence,Shelling/artillery/missile attack,Military Forces of Israel (2022-),,8,Civilians (Palestine),,7,78,Civilian targeting,275,Middle East,Palestine,Gaza Strip,Khan Yunis,,Abasan al Kabirah,31.3191,34.3401,1,Quds News Network; Twitter,New media-National,"On 5 June 2024, Israeli artillery shelled targets in Abasan al Kabirah (Khan Yunis, Gaza Strip), leaving 2 injuries.",0,,1753955132
PSE53804,6/5/2024,2024,1,Political violence,Explosions/Remote violence,Air/drone strike,Military Forces of Israel (2022-),,8,Civilians (Palestine),,7,78,Civilian targeting,275,Middle East,Palestine,Gaza Strip,Deir El Balah,,Al Musaddar,31.4105,34.378,1,Ma'an News Agency; Palestinian Ministry of Health,Other-National,"On 5 June 2024, Israeli warplanes struck houses in Al Musaddar (Deir El Balah, Gaza Strip), leaving unspecified number of fatalities. [Palestinian Ministry of Health reported 36654 fatalities between 7 October - 5 June 2024. 17 fatalities not attributed to specific events added to 4 events on 5 June 2024. 4 fatalities coded to this event.]",4,,1765850627
PSE53815,6/5/2024,2024,1,Political violence,Explosions/Remote violence,Air/drone strike,Military Forces of Israel (2022-),,8,Civilians (Palestine),,7,78,Civilian targeting,275,Middle East,Palestine,Gaza Strip,Rafah,,Shokat as Sufi,31.2586,34.2824,2,Arab 48; Palestinian Ministry of Health; Quds News Network; Twitter,Other-New media,"On 5 June 2024, Israeli warplanes struck a house in Qishta area south of Rafah, coded to Shokat as Sufi (Rafah, Gaza Strip), leaving unspecified number of fatalities. [Palestinian Ministry of Health reported 36654 fatalities between 7 October - 5 June 2024. 17 fatalities not attributed to specific events added to 4 events on 5 June 2024. 4 fatalities coded to this event.]",4,,1753955132
PSE53794,6/5/2024,2024,1,Political violence,Explosions/Remote violence,Air/drone strike,Military Forces of Israel (2022-),,8,Civilians (Palestine),,7,78,Civilian targeting,275,Middle East,Palestine,Gaza Strip,Rafah,,Yibna,31.2842,34.2482,2,Ma'an News Agency; PLO Negotiations Affairs Department,Other-National,"On 5 June 2024, Israeli drones struck targets east of Rafah, coded to Yibna (Rafah, Gaza Strip) killing 2 Palestinians. Also, the Israeli artillery shelled east of the city. Casualties unknown. Fatalities coded as at least 2.",2,,1753955132
PSE53797,6/5/2024,2024,1,Political violence,Explosions/Remote violence,Air/drone strike,Military Forces of Israel (2022-),,8,Civilians (Palestine),,7,78,Civilian targeting,275,Middle East,Palestine,Gaza Strip,Gaza City,,Gaza - Az Zaytun,31.4964,34.4522,1,Arab 48; Newpress; Palestine News and Information Agency; Quds News Network; Twitter,New media-National,"On 5 June 2024, Israeli warplanes struck a house in Gaza - Az Zaytun (Gaza City, Gaza Strip) leaving 7 injuries. Also, 3 Palestinians were killed and 10 more were injured in Az Zaytun in Israeli airstrikes. Meanwhile, Israeli artillery shelled targets in the same area. Casualties unknown. Total fatalities coded at least 3.",3,,1759790002
PSE53801,6/5/2024,2024,1,Political violence,Explosions/Remote violence,Shelling/artillery/missile attack,Military Forces of Israel (2022-),,8,Civilians (Palestine),,7,78,Civilian targeting,275,Middle East,Palestine,Gaza Strip,Rafah,,Rafah,31.287,34.2595,1,Palestine News and Information Agency; Palestinian Ministry of Health,Other-National,"On 5 June 2024, Israeli artillery fired shells toward residential areas in Rafah city (Rafah, Gaza Strip), leaving unspecified number of fatalities. [Palestinian Ministry of Health reported 36654 fatalities between 7 October - 5 June 2024. 17 fatalities not attributed to specific events added to 4 events on 5 June 2024. 5 fatalities coded to this event.]",5,,1762829569
PSE53824,6/5/2024,2024,1,Political violence,Explosions/Remote violence,Air/drone strike,Military Forces of Israel (2022-),,8,Civilians (Palestine),,7,78,Civilian targeting,275,Middle East,Palestine,Gaza Strip,Rafah,,Khirbet al Adas,31.2855,34.2714,2,Palestinian Ministry of Health; Quds News Network; Twitter,Other-New media,"On 5 June 2024, Israeli warplanes struck a house and a land in Eriba area north of Rafah, coded to Khirbet al Adas (Rafah, Gaza Strip), leaving unspecified number of fatalities. [Palestinian Ministry of Health reported 36654 fatalities between 7 October - 5 June 2024. 17 fatalities not attributed to specific events added to 4 events on 5 June 2024. 4 fatalities coded to this event.]",4,,1753955132
PSE53827,6/6/2024,2024,1,Political violence,Explosions/Remote violence,Shelling/artillery/missile attack,Military Forces of Israel (2022-),,8,Civilians (Palestine),,7,78,Civilian targeting,275,Middle East,Palestine,Gaza Strip,Gaza City,,Gaza - Shujaiyya,31.4988,34.4699,2,PLO Negotiations Affairs Department; Quds News Network; Twitter,Other-New media,"On 6 June 2024, Israeli artillery and tanks shelled targets east of Gaza City, coded to Gaza - Shujaiyya (Gaza City, Gaza Strip), leaving 2 fatalities.",2,,1759790002
PSE53829,6/6/2024,2024,1,Political violence,Explosions/Remote violence,Air/drone strike,Military Forces of Israel (2022-),,8,Civilians (Palestine),,7,78,Civilian targeting,275,Middle East,Palestine,Gaza Strip,Deir El Balah,,Deir al Balah Camp,31.4249,34.34,2,Arab 48; PLO Negotiations Affairs Department; Quds News Network; Twitter,Other-New media,"On 6 June 2024, an Israeli drone struck and killed a Palestinian east of Deir al Balah, coded to Deir al Balah Camp (Deir El Balah, Gaza Strip). Also, the Israeli artillery and tanks shelled targets east of the city. Casualties unknown. Fatalities coded as at least 1.",1,,1765850627
PSE53830,6/6/2024,2024,1,Political violence,Explosions/Remote violence,Air/drone strike,Military Forces of Israel (2022-),,8,Civilians (Palestine),,7,78,Civilian targeting,275,Middle East,Palestine,Gaza Strip,Khan Yunis,,Bani Suheila,31.3424,34.325,2,Arab 48; Palestine News and Information Agency; PLO Negotiations Affairs Department; Quds News Network; Twitter,Other-New media,"On 6 June 2024, Israeli warplanes struck a house east of Khan Yunis, coded to Bani Suheila (Khan Yunis, Gaza Strip), leaving at least 4 fatalities, including women and children. Also, Israeli artillery and tanks shelled targets and opened fire toward houses east of the city. Casualties unknown. Fatalities coded as at least 4.",4,,1753955132
PSE53835,6/6/2024,2024,1,Political violence,Explosions/Remote violence,Air/drone strike,Military Forces of Israel (2022-),,8,Civilians (Palestine),,7,78,Civilian targeting,275,Middle East,Palestine,Gaza Strip,Deir El Balah,,Al Maghazi,31.4214,34.3865,2,Arab 48; Newpress; Palestine News and Information Agency; Quds News Network; Twitter,New media-National,"On 6 June 2024, Israeli quadcopter drones targeted east of Al Maghazi (Deir El Balah, Gaza Strip). Casualties unknown. Also, the Israeli artillery shelled east of Al Maghazi camp, killing 3 Palestinians. Fatalities coded as at least 3.",3,,1753955132
PSE53840,6/6/2024,2024,1,Political violence,Explosions/Remote violence,Air/drone strike,Military Forces of Israel (2022-),,8,Civilians (Palestine),,7,78,Civilian targeting,275,Middle East,Palestine,Gaza Strip,Gaza City,,Gaza - Sabra,31.5086,34.4493,1,Newpress; Palestine News and Information Agency; Twitter,New media-National,"On 6 June 2024, Israeli warplanes struck a house in Gaza - Sabra (Gaza City, Gaza Strip), leaving 1 fatality and a number of injuries.",1,,1759790002
PSE53848,6/6/2024,2024,1,Political violence,Explosions/Remote violence,Air/drone strike,Military Forces of Israel (2022-),,8,Civilians (Palestine),,7,78,Civilian targeting,275,Middle East,Palestine,Gaza Strip,Khan Yunis,,Al Fukhari,31.2952,34.3332,1,Arab 48; Quds News Network; Twitter,New media-National,"On 6 June 2024, Israeli warplanes struck a house near the European hospital in Al Fukhari (Khan Yunis, Gaza strip), leaving 1 fatality.",1,,1753955132
PSE53855,6/6/2024,2024,1,Political violence,Explosions/Remote violence,Air/drone strike,Military Forces of Israel (2022-),,8,Civilians (Palestine),,7,78,Civilian targeting,275,Middle East,Palestine,Gaza Strip,Khan Yunis,,Khan Yunis - Maen,31.336,34.3172,2,Quds News Network; Twitter,New media-National,"On 6 June 2024, Israeli warplanes struck a house southeast of Khan Yunis, coded to Khan Yunis - Maen (Khan Yunis, Gaza strip), leaving 8 fatalities.",8,,1753955132
PSE53849,6/6/2024,2024,1,Political violence,Explosions/Remote violence,Shelling/artillery/missile attack,Military Forces of Israel (2022-),,8,Civilians (Palestine),,7,78,Civilian targeting,275,Middle East,Palestine,Gaza Strip,Deir El Balah,,Az Zawayda,31.4284,34.366,1,Arab 48,National,"On 6 June 2024, Israeli artillery struck a house in Az Zawayda (Deir El Balah, Gaza strip), killing 1 girl.",1,,1767742780
PSE53839,6/6/2024,2024,1,Political violence,Explosions/Remote violence,Air/drone strike,Military Forces of Israel (2022-),,8,Civilians (Palestine),,7,78,Civilian targeting,275,Middle East,Palestine,Gaza Strip,Khan Yunis,,Al Qararah,31.3739,34.3409,2,Palestine News and Information Agency,National,"On 6 June 2024, Israeli warplanes carried out airstrikes and the artillery shelled houses east of Al Qararah (Khan Yunis, Gaza Strip) leaving unspecified fatalities. Unspecified fatalities coded as 3.",3,,1753955132
PSE53853,6/6/2024,2024,1,Political violence,Explosions/Remote violence,Air/drone strike,Military Forces of Israel (2022-),,8,Civilians (Palestine),,7,78,Civilian targeting,275,Middle East,Palestine,Gaza Strip,Khan Yunis,,Khan Yunis,31.3502,34.3081,1,Quds News Network; Twitter,New media-National,"On 6 June 2024, Israeli warplanes struck a house in Al Manarah area of Khan Yunis city (Khan Yunis, Gaza strip) leaving unspecified fatalities. Unspecified fatalities coded as 3.",3,,1753955132
PSE53836,6/6/2024,2024,1,Political violence,Explosions/Remote violence,Shelling/artillery/missile attack,Military Forces of Israel (2022-),,8,Civilians (Palestine),,7,78,Civilian targeting,275,Middle East,Palestine,Gaza Strip,Gaza City,,Gaza - Tal el Hawa,31.5041,34.435,1,Palestine News and Information Agency,National,"On 6 June 2024, Israeli artillery stationed at Nezarim targeted houses in Gaza - Tal el Hawa (Gaza City, Gaza Strip) leaving unspecified fatalities. Unspecified fatalities coded as 3.",3,,1759790002
PSE53837,6/6/2024,2024,1,Political violence,Explosions/Remote violence,Shelling/artillery/missile attack,Military Forces of Israel (2022-),,8,Civilians (Palestine),,7,78,Civilian targeting,275,Middle East,Palestine,Gaza Strip,Gaza City,,Gaza - Az Zaytun,31.4964,34.4522,1,Palestine News and Information Agency,National,"On 6 June 2024, Israeli artillery stationed at Nezarim targeted houses in Gaza - Az Zaytun (Gaza City, Gaza Strip) leaving unspecified fatalities. Unspecified fatalities coded as 3.",3,,1759790002
PSE53861,6/7/2024,2024,1,Political violence,Explosions/Remote violence,Air/drone strike,Military Forces of Israel (2022-),,8,Civilians (Palestine),,7,78,Civilian targeting,275,Middle East,Palestine,Gaza Strip,Deir El Balah,,Deir al Balah Camp,31.4249,34.34,2,Ma'an News Agency; Palestine News and Information Agency; PLO Negotiations Affairs Department; Quds News Network; Twitter,Other-New media,"On 7 June 2024, Israeli warplanes struck and killed 2 Palestinians in Jafarawi area east of Deir al Balah, coded to Deir al Balah Camp (Deir El Balah, Gaza Strip). Also, artillery and tanks shelled targets east of the city. Casualties unknown. Fatalities coded as at least 2.",2,,1765850627
PSE53864,6/7/2024,2024,1,Political violence,Explosions/Remote violence,Air/drone strike,Military Forces of Israel (2022-),,8,Civilians (Palestine),,7,78,Civilian targeting,275,Middle East,Palestine,Gaza Strip,Deir El Balah,,Al Maghazi,31.4214,34.3865,2,Ma'an News Agency; Palestine News and Information Agency; Quds News Network; Twitter,New media-National,"On 7 June 2024, Israeli warplanes struck a house north of Al Maghazi camp (Deir El Balah, Gaza Strip), leaving 6 fatalities.",6,,1753955132
PSE53865,6/7/2024,2024,1,Political violence,Explosions/Remote violence,Air/drone strike,Military Forces of Israel (2022-),,8,Civilians (Palestine),,7,78,Civilian targeting,275,Middle East,Palestine,Gaza Strip,Gaza City,,Gaza - Sabra,31.5086,34.4493,1,Ma'an News Agency; Newpress; Palestine News and Information Agency; Quds News Network; Twitter,New media-National,"On 7 June 2024, Israeli warplanes struck houses in Gaza - Sabra (Gaza City, Gaza Strip), leaving 2 fatalities. Also, the artillery shelled targets in the same area. Casualties unknown. Fatalities coded as at least 2.",2,,1759790002
PSE53866,6/7/2024,2024,1,Political violence,Explosions/Remote violence,Air/drone strike,Military Forces of Israel (2022-),,8,Civilians (Palestine),,7,78,Civilian targeting,275,Middle East,Palestine,Gaza Strip,Deir El Balah,,Deir al Balah,31.4178,34.3503,1,Palestine News and Information Agency,National,"On 7 June 2024, Israeli warplanes struck a target in Abu Holi area in Deir al Balah city (Deir El Balah, Gaza Strip), leaving 2 fatalities.",2,,1753955132
PSE53868,6/7/2024,2024,1,Political violence,Explosions/Remote violence,Air/drone strike,Military Forces of Israel (2022-),,8,Civilians (Palestine),Refugees/IDPs (Palestine),7,78,Civilian targeting,275,Middle East,Palestine,Gaza Strip,Deir El Balah,,An Nusayrat,31.4486,34.3925,1,Ma'an News Agency; Palestine News and Information Agency; Quds News Network; Twitter,New media-National,"On 7 June 2024, Israeli warplanes struck a passing car in An Nusayrat camp (Deir El Balah, Gaza Strip), leaving 2 fatalities and a number of injuries. Also, warplanes carried out airstrikes in the camp. Casualties unknown. Fatalities coded as at least 2.",2,,1753955132
PSE53869,6/7/2024,2024,1,Political violence,Explosions/Remote violence,Air/drone strike,Military Forces of Israel (2022-),,8,Civilians (Palestine),,7,78,Civilian targeting,275,Middle East,Palestine,Gaza Strip,Deir El Balah,,Az Zawayda,31.4284,34.366,1,Palestine News and Information Agency; Quds News Network; Twitter,New media-National,"On 7 June 2024, Israeli warplanes struck targets in Az Zawayda (Deir El Balah, Gaza Strip), leaving 1 fatality.",1,,1767742780
PSE53881,6/7/2024,2024,1,Political violence,Explosions/Remote violence,Air/drone strike,Military Forces of Israel (2022-),,8,Civilians (Palestine),,7,78,Civilian targeting,275,Middle East,Palestine,Gaza Strip,Khan Yunis,,Abasan al Kabirah,31.3191,34.3401,1,Arab 48; Palestine News and Information Agency; Quds News Network; Twitter,New media-National,"On 7 June 2024, Israeli warplanes struck a house in Abasan al Kabirah (Khan Yunis, Gaza Strip), killing 10 persons and injuring others.",10,,1753955132
PSE53884,6/7/2024,2024,1,Political violence,Explosions/Remote violence,Air/drone strike,Military Forces of Israel (2022-),,8,Civilians (Palestine),,7,78,Civilian targeting,275,Middle East,Palestine,Gaza Strip,Gaza City,,Gaza - Sheikh Radwan,31.5349,34.4667,1,Arab 48; Newpress; Palestine News and Information Agency; Quds News Network; Twitter,New media-National,"On 7 June 2024, Israeli warplanes struck a house in Gaza - Sheikh Radwan (Gaza City, Gaza Strip), leaving 5 fatalities (including children) and several injuries.",5,,1759790002
PSE53889,6/7/2024,2024,1,Political violence,Explosions/Remote violence,Air/drone strike,Military Forces of Israel (2022-),,8,Civilians (Palestine),,7,78,Civilian targeting,275,Middle East,Palestine,Gaza Strip,Khan Yunis,,Khuzaa,31.3069,34.3572,1,Arab 48; Quds News Network; Twitter,New media-National,"On 7 June 2024, Israeli warplanes struck targets in Khuzaa (Khan Yunis, Gaza Strip), leaving injuries.",0,,1753955132
PSE53867,6/7/2024,2024,1,Political violence,Explosions/Remote violence,Shelling/artillery/missile attack,Military Forces of Israel (2022-),,8,Civilians (Palestine),,7,78,Civilian targeting,275,Middle East,Palestine,Gaza Strip,Rafah,,Tal as Sultan,31.3098,34.2414,2,Ma'an News Agency; Palestine News and Information Agency; Quds News Network; Twitter,New media-National,"On 7 June 2024, Israeli artillery shelled targets and opened fire west of Rafah, coded to Tal as Sultan (Rafah, Gaza Strip), leaving at least 1 fatality.",1,,1762829569
PSE53870,6/7/2024,2024,1,Political violence,Explosions/Remote violence,Shelling/artillery/missile attack,Military Forces of Israel (2022-),,8,Civilians (Palestine),,7,78,Civilian targeting,275,Middle East,Palestine,Gaza Strip,Deir El Balah,,Al Burayj,31.4394,34.4031,2,Newpress; Palestine News and Information Agency; Quds News Network; Twitter,New media-National,"On 7 June 2024, Israeli artillery shelled houses east of Al Burayj camp (Deir El Balah, Gaza Strip) and tanks opened fire in the same area leaving unspecified fatalities. Unspecified fatalities coded as 3.",3,,1753955132
PSE53871,6/7/2024,2024,1,Political violence,Explosions/Remote violence,Shelling/artillery/missile attack,Military Forces of Israel (2022-),,8,Civilians (Palestine),,7,78,Civilian targeting,275,Middle East,Palestine,Gaza Strip,Deir El Balah,,An Nusayrat - North,31.4591,34.3923,1,Palestine News and Information Agency; Quds News Network; Twitter,New media-National,"On 7 June 2024, Israeli artillery shelled houses in An Nusayrat - North (Deir El Balah, Gaza Strip) leaving unspecified fatalities. Unspecified fatalities coded as 3.",3,,1753955132
PSE53872,6/7/2024,2024,1,Political violence,Explosions/Remote violence,Air/drone strike,Military Forces of Israel (2022-),,8,Civilians (Palestine),Refugees/IDPs (Palestine),7,78,Civilian targeting,275,Middle East,Palestine,Gaza Strip,Deir El Balah,,Al Burayj,31.4394,34.4031,1,Palestine News and Information Agency; Quds News Network; Twitter,New media-National,"On 7 June 2024, Israeli warplanes struck a house in Al Burayj Camp (Deir El Balah, Gaza Strip), leaving injuries. Also, the artillery shelled targets in the camp leaving unspecified fatalities. Unspecified fatalities coded as 3.",3,,1753955132
PSE53876,6/7/2024,2024,1,Political violence,Explosions/Remote violence,Shelling/artillery/missile attack,Military Forces of Israel (2022-),,8,Civilians (Palestine),,7,78,Civilian targeting,275,Middle East,Palestine,Gaza Strip,Gaza City,,Gaza Port,31.5245,34.4326,2,Palestine News and Information Agency,National,"On 7 June 2024, Israeli gunboats shelled houses near fishers' port and the coastal area of Ash Shaykh Ijlin, coded to Gaza Port (Gaza City, Gaza Strip) leaving unspecified fatalities. Unspecified fatalities coded as 3.",3,,1753955132
PSE53874,6/7/2024,2024,1,Political violence,Explosions/Remote violence,Shelling/artillery/missile attack,Military Forces of Israel (2022-),,8,Civilians (Palestine),,7,78,Civilian targeting,275,Middle East,Palestine,Gaza Strip,Gaza City,,Gaza - Ash Shaykh Ijlin,31.5098,34.4274,1,Palestine News and Information Agency,National,"On 7 June 2024, Israeli artillery shelled houses and tanks opened fire in Gaza - Ash Shaykh Ijlin (Gaza City, Gaza Strip) leaving unspecified fatalities. Unspecified fatalities coded as 3.",3,,1753955132
PSE53873,6/7/2024,2024,1,Political violence,Explosions/Remote violence,Shelling/artillery/missile attack,Military Forces of Israel (2022-),,8,Civilians (Palestine),,7,78,Civilian targeting,275,Middle East,Palestine,Gaza Strip,Gaza City,,Gaza - Tal el Hawa,31.5041,34.435,1,Palestine News and Information Agency,National,"On 7 June 2024, Israeli artillery shelled houses and tanks opened fire in Gaza - Tal el Hawa (Gaza City, Gaza Strip) leaving unspecified fatalities. Unspecified fatalities coded as 3.",3,,1759790002
PSE53875,6/7/2024,2024,1,Political violence,Explosions/Remote violence,Air/drone strike,Military Forces of Israel (2022-),,8,Civilians (Palestine),,7,78,Civilian targeting,275,Middle East,Palestine,Gaza Strip,Gaza City,,Gaza - Az Zaytun,31.4964,34.4522,1,Newpress; Palestine News and Information Agency; Quds News Network; Twitter,New media-National,"On 7 June 2024, Israeli warplanes struck 2 houses in Gaza - Az Zaytun (Gaza City, Gaza Strip), leaving 4 fatalities and a number of injuries. Also, the artillery shelled houses and tanks opened fire in the same area. Casualties unknown. Fatalities coded as at least 4.",4,,1759790002
PSE53878,6/7/2024,2024,1,Political violence,Explosions/Remote violence,Air/drone strike,Military Forces of Israel (2022-),,8,Civilians (Palestine),,7,78,Civilian targeting,275,Middle East,Palestine,Gaza Strip,Rafah,,Khirbet al Adas,31.2855,34.2714,2,Palestine News and Information Agency; Quds News Network; Twitter,New media-National,"On 7 June 2024, Israeli warplanes carried out airstrikes in Uriyba area north of Rafah, coded to Khirbet al Adas (Rafah, Gaza Strip), leaving one fatality.",1,,1753955132
PSE53356,6/8/2024,2024,1,Political violence,Explosions/Remote violence,Air/drone strike,Military Forces of Israel (2022-),,8,Civilians (Palestine),,7,78,Civilian targeting,275,Middle East,Palestine,Gaza Strip,Deir El Balah,,An Nusayrat - North,31.4591,34.3923,1,Al-Ittihad; Ma'an News Agency; Newpress; Palestine News and Information Agency; Twitter,New media-National,"On 8 June 2024, Israeli warplanes and drones struck several targets, including people, in An Nusayrat - North (Deir El Balah, Gaza Strip) amid artillery fire. The intense Israeli fire on the An Nusayrat area took place during a ground operation in the camp aimed at rescuing four Israeli abductees. This resulted in the killing of at least 210 Palestinians and injuries to 400 more. Fatalities split across 5 events, with 42 coded in An Nusayrat - North.",42,,1753955132
PSE53357,6/8/2024,2024,1,Political violence,Explosions/Remote violence,Air/drone strike,Military Forces of Israel (2022-),,8,Civilians (Palestine),Refugees/IDPs (Palestine),7,78,Civilian targeting,275,Middle East,Palestine,Gaza Strip,Deir El Balah,,An Nusayrat,31.4486,34.3925,1,Al-Ittihad; Ma'an News Agency; Newpress; Palestine News and Information Agency; Quds News Network; Twitter,New media-National,"On 8 June 2024, Israeli warplanes and drones struck several targets, including people, in An Nusayrat camp (Deir El Balah, Gaza Strip) amid artillery fire. The intense Israeli fire on the An Nusayrat area took place during a ground operation in the camp aimed at rescuing four Israeli abductees. This resulted in the killing of at least 210 Palestinians and injuries to 400 more. Fatalities split across 5 events, with 42 coded in An Nusayrat camp.",42,,1753955132
PSE53358,6/8/2024,2024,1,Political violence,Explosions/Remote violence,Air/drone strike,Military Forces of Israel (2022-),,8,Civilians (Palestine),,7,78,Civilian targeting,275,Middle East,Palestine,Gaza Strip,Deir El Balah,,An Nusayrat - West,31.4525,34.3756,1,Al-Ittihad; Ma'an News Agency; Newpress; Palestine News and Information Agency; Quds News Network; Twitter,New media-National,"On 8 June 2024, Israeli warplanes and drones struck several targets, including people, in An Nusayrat - West (Deir El Balah, Gaza Strip) amid artillery fire. The intense Israeli fire on the An Nusayrat area took place during a ground operation in the camp aimed at rescuing four Israeli abductees. This resulted in the killing of at least 210 Palestinians and injuries to 400 more. Fatalities split across 5 events, with 42 coded in An Nusayrat - West.",42,,1753955132
PSE53359,6/8/2024,2024,1,Political violence,Explosions/Remote violence,Air/drone strike,Military Forces of Israel (2022-),,8,Civilians (Palestine),,7,78,Civilian targeting,275,Middle East,Palestine,Gaza Strip,Deir El Balah,,An Nusayrat,31.4486,34.3925,2,Al-Ittihad; Ma'an News Agency; Newpress; Palestine News and Information Agency; Twitter,New media-National,"On 8 June 2024, Israeli warplanes and drones struck several targets, including people, east of An Nusayrat (Deir El Balah, Gaza Strip) amid artillery fire. The intense Israeli fire on the An Nusayrat area took place during a ground operation in the camp aimed at rescuing four Israeli abductees. This resulted in the killing of at least 210 Palestinians and injuries to 400 more. Fatalities split across 5 events, with 42 coded to east of Nusayrat.",42,,1753955132
PSE53360,6/8/2024,2024,1,Political violence,Explosions/Remote violence,Air/drone strike,Military Forces of Israel (2022-),,8,Civilians (Palestine),,7,78,Civilian targeting,275,Middle East,Palestine,Gaza Strip,Deir El Balah,,An Nusayrat - North,31.4591,34.3923,2,Al-Ittihad; Ma'an News Agency; Newpress; Palestine News and Information Agency; Twitter,New media-National,"On 8 June 2024, Israeli warplanes and drones struck several targets, including people, northwest of An Nusayrat [coded to An Nusayrat - North] (Deir El Balah, Gaza Strip) amid artillery fire. The intense Israeli fire on the An Nusayrat area took place during a ground operation in the camp aimed at rescuing four Israeli abductees. This resulted in the killing of at least 210 Palestinians and injuries to 400 more. Fatalities split across 5 events, with 42 coded to northwest of Nusayrat.",42,,1753955132
PSE53900,6/8/2024,2024,1,Political violence,Explosions/Remote violence,Air/drone strike,Military Forces of Israel (2022-),,8,Civilians (Palestine),Refugees/IDPs (Palestine),7,78,Civilian targeting,275,Middle East,Palestine,Gaza Strip,Deir El Balah,,Al Burayj,31.4394,34.4031,1,Palestine News and Information Agency,National,"On 8 June 2024, Israeli warplanes struck a house in Al Burayj camp (Deir El Balah, Gaza Strip), leaving 6 fatalities and several injuries.",6,,1753955132
PSE53903,6/8/2024,2024,1,Political violence,Explosions/Remote violence,Air/drone strike,Military Forces of Israel (2022-),,8,Civilians (Palestine),,7,78,Civilian targeting,275,Middle East,Palestine,Gaza Strip,Deir El Balah,,Deir al Balah,31.4178,34.3503,1,Newpress; Palestine News and Information Agency; Quds News Network; Twitter,New media-National,"On 8 June 2024, Israeli warplanes and drones struck on the outskirts of Al Aqsa hospital in Deir al Balah city (Deir El Balah, Gaza Strip) amid artillery fire. As a result, at least 30 Palestinians were killed and dozens were injured.",30,,1753955132
PSE53924,6/8/2024,2024,1,Political violence,Explosions/Remote violence,Air/drone strike,Military Forces of Israel (2022-),,8,Civilians (Palestine),,7,78,Civilian targeting,275,Middle East,Palestine,Gaza Strip,Gaza City,,Gaza - Ad Darraj,31.5172,34.4642,1,Palestine News and Information Agency; Quds News Network; Twitter,New media-National,"On 8 June 2024, Israeli warplanes struck a house in Gaza - Ad Darraj (Gaza City, Gaza Strip), leaving 4 fatalities and a number of injuries.",4,,1759790002
PSE53895,6/8/2024,2024,1,Political violence,Explosions/Remote violence,Air/drone strike,Military Forces of Israel (2022-),,8,Civilians (Palestine),,7,78,Civilian targeting,275,Middle East,Palestine,Gaza Strip,Deir El Balah,,Deir al Balah Camp,31.4249,34.34,2,PLO Negotiations Affairs Department; Quds News Network; Twitter,Other-New media,"On 8 June 2024, Israeli warplanes struck houses and artillery shelled targets east of Deir al Balah, coded to Deir al Balah Camp (Deir El Balah, Gaza Strip) leaving unspecified fatalities. Unspecified fatalities coded as 3.",3,,1765850627
PSE53904,6/8/2024,2024,1,Political violence,Explosions/Remote violence,Air/drone strike,Military Forces of Israel (2022-),,8,Civilians (Palestine),Refugees/IDPs (Palestine),7,78,Civilian targeting,275,Middle East,Palestine,Gaza Strip,Deir El Balah,,Al Maghazi,31.4214,34.3865,1,Palestine News and Information Agency; Quds News Network; Twitter,New media-National,"On 8 June 2024, Israeli warplanes and drones struck several targets, including people, in Al Maghazi camp (Deir El Balah, Gaza Strip) amid artillery fire leaving unspecified fatalities. Unspecified fatalities coded as 3.",3,,1753955132
PSE53905,6/8/2024,2024,1,Political violence,Explosions/Remote violence,Air/drone strike,Military Forces of Israel (2022-),,8,Civilians (Palestine),,7,78,Civilian targeting,275,Middle East,Palestine,Gaza Strip,Deir El Balah,,Az Zawayda,31.4284,34.366,1,Palestine News and Information Agency,National,"On 8 June 2024, Israeli warplanes and drones struck several targets, including people, in Az Zawayda (Deir El Balah, Gaza Strip) amid artillery fire leaving unspecified fatalities. Unspecified fatalities coded as 3.",3,,1767742780
PSE53922,6/8/2024,2024,1,Political violence,Explosions/Remote violence,Air/drone strike,Military Forces of Israel (2022-),,8,Civilians (Palestine),,7,78,Civilian targeting,275,Middle East,Palestine,Gaza Strip,Deir El Balah,,Wadi as Salqa,31.4005,34.3375,2,Quds News Network; Twitter,New media-National,"On 8 June 2024, Israeli warplanes struck a house in Al Bukhari area south of Deir al Balah, coded to Wadi as Salqa (Deir El Balah, Gaza Strip) leaving unspecified fatalities. Unspecified fatalities coded as 3.",3,,1753955132
PSE53906,6/8/2024,2024,1,Political violence,Explosions/Remote violence,Shelling/artillery/missile attack,Military Forces of Israel (2022-),,8,Civilians (Palestine),,7,78,Civilian targeting,275,Middle East,Palestine,Gaza Strip,Gaza City,,Gaza - Tal el Hawa,31.5041,34.435,1,Palestine News and Information Agency; Quds News Network; Twitter,New media-National,"On 8 June 2024, Israeli artillery shelled targets in Gaza - Tal el Hawa (Gaza City, Gaza Strip), leaving injuries.",0,,1759790002
PSE53927,6/9/2024,2024,1,Political violence,Explosions/Remote violence,Air/drone strike,Military Forces of Israel (2022-),,8,Civilians (Palestine),,7,78,Civilian targeting,275,Middle East,Palestine,Gaza Strip,Deir El Balah,,Deir al Balah Camp,31.4249,34.34,2,Palestine News and Information Agency; PLO Negotiations Affairs Department; Quds News Network; Twitter,Other-New media,"On 9 June 2024, Israeli warplanes struck a house east of Deir al Balah, coded to Deir al Balah Camp (Deir El Balah, Gaza Strip), leaving injuries. Also, the Israeli artillery shelled targets in the same area. Casualties unknown.",0,,1765850627
PSE53930,6/9/2024,2024,1,Political violence,Explosions/Remote violence,Air/drone strike,Military Forces of Israel (2022-),,8,Civilians (Palestine),Refugees/IDPs (Palestine),7,78,Civilian targeting,275,Middle East,Palestine,Gaza Strip,Deir El Balah,,Al Maghazi,31.4214,34.3865,1,Palestine News and Information Agency; Quds News Network; Twitter,New media-National,"On 9 June 2024, Israeli warplanes struck a house in Al Maghazi camp (Deir El Balah, Gaza Strip), leaving 4 fatalities.",4,,1753955132
PSE53931,6/9/2024,2024,1,Political violence,Explosions/Remote violence,Air/drone strike,Military Forces of Israel (2022-),,8,Civilians (Palestine),,7,78,Civilian targeting,275,Middle East,Palestine,Gaza Strip,Deir El Balah,,Al Burayj,31.4394,34.4031,2,Newpress; Palestine News and Information Agency; Quds News Network; Twitter,New media-National,"On 9 June 2024, Israeli warplanes struck a house east of Al Burayj camp (Deir El Balah, Gaza Strip) leaving 4 fatalities and 4 injures. Also, Israeli tanks opened fire east of the camp. Casualties unknown. Fatalities coded as at least 4.",4,,1753955132
PSE53935,6/9/2024,2024,1,Political violence,Explosions/Remote violence,Air/drone strike,Military Forces of Israel (2022-),,8,Civilians (Palestine),Refugees/IDPs (Palestine),7,78,Civilian targeting,275,Middle East,Palestine,Gaza Strip,Deir El Balah,,Al Burayj,31.4394,34.4031,1,Palestine News and Information Agency; Quds News Network; Twitter,New media-National,"On 9 June 2024, Israeli warplanes struck a house in Al Burayj camp (Deir El Balah, Gaza Strip), leaving at least 3 fatalities and several injuries. Also, 2 Palestinians were killed and several of others were injured in airstrikes in the camp. Total Fatalities coded as at least 5.",5,,1753955132
PSE53937,6/9/2024,2024,1,Political violence,Explosions/Remote violence,Air/drone strike,Military Forces of Israel (2022-),,8,Civilians (Palestine),Refugees/IDPs (Palestine),7,78,Civilian targeting,275,Middle East,Palestine,Gaza Strip,Deir El Balah,,An Nusayrat,31.4486,34.3925,1,Newpress; Palestine News and Information Agency; Quds News Network; Twitter,New media-National,"On 9 June 2024, Israeli warplanes struck 2 houses in An Nusayrat camp (Deir El Balah, Gaza Strip), leaving at least 6 fatalities. Also, 3 Palestinian brothers were killed in an airstrike that targeted a house in An Nusayrat camp 2. Total fatalities were 9.",9,,1753955132
PSE53948,6/9/2024,2024,1,Political violence,Explosions/Remote violence,Air/drone strike,Military Forces of Israel (2022-),,8,Civilians (Palestine),,7,78,Civilian targeting,275,Middle East,Palestine,Gaza Strip,Deir El Balah,,Az Zawayda,31.4284,34.366,1,Newpress; Quds News Network; Twitter,New media-National,"On 9 June 2024, Israeli warplanes struck a house in Az Zawayda (Deir El Balah, Gaza Strip). Casualties unknown.",0,,1767742780
PSE53953,6/9/2024,2024,1,Political violence,Explosions/Remote violence,Air/drone strike,Military Forces of Israel (2022-),,8,Civilians (Palestine),,7,78,Civilian targeting,275,Middle East,Palestine,Gaza Strip,Gaza City,,Gaza,31.5045,34.4743,1,Palestine News and Information Agency; Quds News Network; Twitter,New media-National,"On 9 June 2024, Israeli warplanes struck a residential building in the Al Emlah market in Gaza City (Gaza Strip), leaving 6 fatalities, including a child and 2 women.",6,,1759790002
PSE53936,6/9/2024,2024,1,Political violence,Explosions/Remote violence,Air/drone strike,Military Forces of Israel (2022-),,8,Civilians (Palestine),,7,78,Civilian targeting,275,Middle East,Palestine,Gaza Strip,Rafah,,Tal as Sultan,31.3098,34.2414,1,Arab 48; Palestine News and Information Agency,National,"On 9 June 2024, Israeli warplanes struck targets in Tal as Sultan (Rafah, Gaza Strip), leaving 2 fatalities.",2,,1762829569
PSE53938,6/9/2024,2024,1,Political violence,Explosions/Remote violence,Air/drone strike,Military Forces of Israel (2022-),,8,Civilians (Palestine),,7,78,Civilian targeting,275,Middle East,Palestine,Gaza Strip,Deir El Balah,,Deir al Balah,31.4178,34.3503,1,Palestine News and Information Agency,National,"On 9 June 2024, Israeli warplanes struck a house in Deir al Balah city (Deir El Balah, Gaza Strip), leaving unspecified number of fatalities and injuries.Unspecified fatalities coded as 3.",3,,1753955132
PSE53960,6/10/2024,2024,1,Political violence,Explosions/Remote violence,Air/drone strike,Military Forces of Israel (2022-),,8,Civilians (Palestine),,7,78,Civilian targeting,275,Middle East,Palestine,Gaza Strip,Gaza City,,Gaza - Shujaiyya,31.4988,34.4699,1,Palestine News and Information Agency; Quds News Network; Twitter,New media-National,"On 10 June 2024, Israeli warplanes struck a house in Gaza - Shujaiyya (Gaza City, Gaza Strip), leaving 2 fatalities and a number of injuries.",2,,1759790002
PSE53966,6/10/2024,2024,1,Political violence,Explosions/Remote violence,Air/drone strike,Military Forces of Israel (2022-),,8,Civilians (Palestine),Refugees/IDPs (Palestine),7,78,Civilian targeting,275,Middle East,Palestine,Gaza Strip,Khan Yunis,,Al Mawasi (Khan Yunis),31.3482,34.2547,1,Palestine News and Information Agency,National,"On 10 June 2024, Israeli warplanes struck tents of displaced people in Al Mawasi (Khan Yunis) (Gaza Strip), leaving injuries.",0,,1762829569
PSE53967,6/10/2024,2024,1,Political violence,Explosions/Remote violence,Air/drone strike,Military Forces of Israel (2022-),,8,Civilians (Palestine),,7,78,Civilian targeting,275,Middle East,Palestine,Gaza Strip,Khan Yunis,,Al Fukhari,31.2952,34.3332,1,Newpress; Palestine News and Information Agency; Quds News Network; Twitter,New media-National,"On 10 June 2024, Israeli warplanes struck a house in Al Fukhari (Khan Yunis, Gaza Strip), leaving 8 fatalities and a number of injuries.",8,,1753955132
PSE53970,6/10/2024,2024,1,Political violence,Explosions/Remote violence,Air/drone strike,Military Forces of Israel (2022-),,8,Civilians (Palestine),,7,78,Civilian targeting,275,Middle East,Palestine,Gaza Strip,Gaza City,,Gaza - Sabra,31.5086,34.4493,1,Arab 48; Quds News Network; Twitter,New media-National,"On 10 June 2024, Israeli warplanes struck targets in Gaza - Sabra (Gaza City, Gaza Strip), leaving at least 3 fatalities.",3,,1759790002
PSE53975,6/10/2024,2024,1,Political violence,Explosions/Remote violence,Air/drone strike,Military Forces of Israel (2022-),,8,Civilians (Palestine),Refugees/IDPs (Palestine),7,78,Civilian targeting,275,Middle East,Palestine,Gaza Strip,Rafah,,Al Mawasi (Rafah),31.3294,34.2299,1,Newpress; Quds News Network; Twitter,New media-National,"On 10 June 2024, Israeli warplanes opened fire on tents of displaced people in Al Mawasi (Rafah) (Gaza Strip), leaving injuries.",0,,1762829569
PSE53977,6/10/2024,2024,1,Political violence,Explosions/Remote violence,Air/drone strike,Military Forces of Israel (2022-),,8,Civilians (Palestine),,7,78,Civilian targeting,275,Middle East,Palestine,Gaza Strip,Deir El Balah,,Az Zawayda,31.4284,34.366,2,Newpress; Palestine News and Information Agency; Quds News Network; Twitter,New media-National,"On 10 June 2024, Israeli warplanes struck a house and a land west of Az Zawayda (Deir El Balah, Gaza Strip), leaving 3 fatalities and a number of injuries.",3,,1767742780
PSE53965,6/10/2024,2024,1,Political violence,Explosions/Remote violence,Air/drone strike,Military Forces of Israel (2022-),,8,Civilians (Palestine),,7,78,Civilian targeting,275,Middle East,Palestine,Gaza Strip,Rafah,,Tal as Sultan,31.3098,34.2414,2,Palestine News and Information Agency,National,"On 10 June 2024, Israeli warplanes carried out strikes and artillery shelled targets west of Rafah and at al-Alam junction, coded to Tal as Sultan (Rafah, Gaza Strip), leaving 5 fatalities and 30 injuries.",5,,1762829569
PSE53963,6/10/2024,2024,1,Political violence,Explosions/Remote violence,Shelling/artillery/missile attack,Military Forces of Israel (2022-),,8,Civilians (Palestine),,7,78,Civilian targeting,275,Middle East,Palestine,Gaza Strip,Gaza City,,Gaza - Tal el Hawa,31.5041,34.435,1,Palestine News and Information Agency,National,"On 10 June 2024, Israeli artillery fired shells toward houses in Gaza - Tal el Hawa (Gaza City, Gaza Strip). Casualties unknown.",0,,1759790002
PSE53964,6/10/2024,2024,1,Political violence,Explosions/Remote violence,Shelling/artillery/missile attack,Military Forces of Israel (2022-),,8,Civilians (Palestine),,7,78,Civilian targeting,275,Middle East,Palestine,Gaza Strip,Gaza City,,Gaza - Az Zaytun,31.4964,34.4522,1,Palestine News and Information Agency; Quds News Network; Twitter,New media-National,"On 10 June 2024, Israeli artillery fired shells toward houses in Gaza - Az Zaytun (Gaza City, Gaza Strip). Casualties unknown.",0,,1759790002
PSE53959,6/10/2024,2024,1,Political violence,Explosions/Remote violence,Air/drone strike,Military Forces of Israel (2022-),,8,Civilians (Palestine),,7,78,Civilian targeting,275,Middle East,Palestine,Gaza Strip,Rafah,,Khirbet al Adas,31.2855,34.2714,2,Palestine News and Information Agency; Quds News Network; Twitter,New media-National,"On 10 June 2024, Israeli warplanes carried out airstrikes north of Rafah, coded to Khirbet al Adas (Rafah, Gaza Strip) amid artillery shelling on Urayba north of Rafah, leaving fatalities and injuries. Unspecified fatalities coded as 3.",3,,1753955132
PSE53985,6/11/2024,2024,1,Political violence,Explosions/Remote violence,Air/drone strike,Military Forces of Israel (2022-),,8,Civilians (Palestine),,7,78,Civilian targeting,275,Middle East,Palestine,Gaza Strip,Gaza City,,Gaza - Sheikh Radwan,31.5349,34.4667,1,Palestine News and Information Agency; Quds News Network; Twitter,New media-National,"On 11 June 2024, Israeli warplanes struck a house in Gaza - Sheikh Radwan (Gaza City, Gaza Strip), leaving at least 1 fatality and a number of injuries.",1,,1759790002
PSE53986,6/11/2024,2024,1,Political violence,Explosions/Remote violence,Air/drone strike,Military Forces of Israel (2022-),,8,Civilians (Palestine),,7,78,Civilian targeting,275,Middle East,Palestine,Gaza Strip,Gaza City,,Gaza - Ad Darraj,31.5172,34.4642,1,Arab 48; Palestine News and Information Agency; Quds News Network; Twitter,New media-National,"On 11 June 2024, Israeli warplanes struck a house in Gaza - Ad Darraj (Gaza City, Gaza Strip), leaving 8 fatalities and a number of injuries.",8,,1759790002
PSE53987,6/11/2024,2024,1,Political violence,Explosions/Remote violence,Air/drone strike,Military Forces of Israel (2022-),,8,Civilians (Palestine),,7,78,Civilian targeting,275,Middle East,Palestine,Gaza Strip,Gaza City,,Gaza,31.5045,34.4743,1,Newpress; Palestine News and Information Agency; Twitter,New media-National,"On 11 June 2024, an Israeli UAV struck a target at Al Sahaba Street in Gaza City (Gaza City, Gaza Strip), leaving 3 fatalities and a number of injuries.",3,,1759790002
PSE54004,6/11/2024,2024,1,Political violence,Explosions/Remote violence,Air/drone strike,Military Forces of Israel (2022-),,8,Civilians (Palestine),Refugees/IDPs (Palestine),7,78,Civilian targeting,275,Middle East,Palestine,Gaza Strip,Deir El Balah,,Al Maghazi,31.4214,34.3865,1,Quds News Network; Twitter,New media-National,"On 11 June 2024, Israeli warplanes struck a house in Al Maghazi camp (Deir El Balah, Gaza Strip), leaving injuries.",0,,1753955132
PSE53988,6/11/2024,2024,1,Political violence,Explosions/Remote violence,Air/drone strike,Military Forces of Israel (2022-),,8,Civilians (Palestine),,7,78,Civilian targeting,275,Middle East,Palestine,Gaza Strip,Rafah,,Tal as Sultan,31.3098,34.2414,1,Newpress; Palestine News and Information Agency; Twitter,New media-National,"On 11 June 2024, Israeli warplanes carried out airstrikes in Tal as Sultan (Rafah, Gaza Strip) amid artillery fire. 3 Palestinian bodies recovered amid artillery shelling . Total fatalities coded as at least 3.",3,,1762829569
PSE53989,6/11/2024,2024,1,Political violence,Explosions/Remote violence,Air/drone strike,Military Forces of Israel (2022-),,8,Civilians (Palestine),,7,78,Civilian targeting,275,Middle East,Palestine,Gaza Strip,North Gaza,,Jabalya,31.5272,34.4835,1,Arab 48; Newpress; Quds News Network; Twitter,New media-National,"On 11 June 2024, Israeli warplanes struck a house in Jabalya town (North Gaza, Gaza Strip), killing a woman.",1,,1759790002
PSE54000,6/11/2024,2024,1,Political violence,Explosions/Remote violence,Air/drone strike,Military Forces of Israel (2022-),,8,Civilians (Palestine),,7,78,Civilian targeting,275,Middle East,Palestine,Gaza Strip,Gaza City,,Gaza - Az Zaytun,31.4964,34.4522,1,Quds News Network; Twitter,New media-National,"On 11 June 2024, Israeli warplanes struck an apartment in Gaza - Az Zaytun (Gaza City, Gaza Strip), leaving 2 fatalities and a number of injuries.",2,,1759790002
PSE53990,6/11/2024,2024,1,Political violence,Explosions/Remote violence,Air/drone strike,Military Forces of Israel (2022-),,8,Civilians (Palestine),Refugees/IDPs (Palestine),7,78,Civilian targeting,275,Middle East,Palestine,Gaza Strip,Rafah,,Brazil Camp,31.2718,34.2532,1,Arab 48,National,"On 11 June 2024, Israeli warplanes struck houses in Brazil camp (Rafah, Gaza Strip). Casualties unknown.",0,,1753955132
PSE54014,6/12/2024,2024,1,Political violence,Explosions/Remote violence,Air/drone strike,Military Forces of Israel (2022-),,8,Civilians (Palestine),,7,78,Civilian targeting,275,Middle East,Palestine,Gaza Strip,Rafah,,An Nasr,31.2814,34.3025,1,Palestine News and Information Agency; Quds News Network; Twitter,New media-National,"On 12 June 2024, Israeli warplanes struck a house in An Nasr (Rafah, Gaza Strip), killing 1 Palestinian child and injuring others.",1,,1753955132
PSE54015,6/12/2024,2024,1,Political violence,Explosions/Remote violence,Air/drone strike,Military Forces of Israel (2022-),,8,Civilians (Palestine),,7,78,Civilian targeting,275,Middle East,Palestine,Gaza Strip,Gaza City,,Gaza - Shujaiyya,31.4988,34.4699,1,Newpress; Palestine News and Information Agency; Quds News Network; Twitter,New media-National,"On 12 June 2024, Israeli warplanes struck a house in Gaza - Shujaiyya (Gaza City, Gaza Strip), killing 7 Palestinians and injuring others.",7,,1759790002
PSE54023,6/12/2024,2024,1,Political violence,Explosions/Remote violence,Air/drone strike,Military Forces of Israel (2022-),,8,Civilians (Palestine),Refugees/IDPs (Palestine),7,78,Civilian targeting,275,Middle East,Palestine,Gaza Strip,Deir El Balah,,Al Burayj,31.4394,34.4031,1,Newpress; Palestine News and Information Agency; Quds News Network; Twitter,New media-National,"On 12 June 2024, Israeli warplanes struck a house in Al Burayj camp (Deir El Balah, Gaza Strip), leaving at least 1 fatality and a number of injuries.",1,,1753955132
PSE54025,6/12/2024,2024,1,Political violence,Explosions/Remote violence,Air/drone strike,Military Forces of Israel (2022-),,8,Civilians (Palestine),,7,78,Civilian targeting,275,Middle East,Palestine,Gaza Strip,North Gaza,,Beit Lahiya - Ezbet Beit Hanoun,31.5472,34.5225,1,Palestine News and Information Agency; Quds News Network; Twitter,New media-National,"On 12 June 2024, Israeli warplanes struck a target in Beit Lahiya - Ezbet Beit Hanoun (North Gaza, Gaza Strip), leaving 1 fatality and a number of injuries.",1,,1753955132
PSE54026,6/12/2024,2024,1,Political violence,Explosions/Remote violence,Shelling/artillery/missile attack,Military Forces of Israel (2022-),,8,Civilians (Palestine),,7,78,Civilian targeting,275,Middle East,Palestine,Gaza Strip,Rafah,,Al Mawasi (Rafah),31.3294,34.2299,1,Newpress; Palestine News and Information Agency; Quds News Network; Twitter,New media-National,"On 12 June 2024, Israeli artillery shelled houses in Al Mawasi (Rafah) (Gaza Strip), leaving injuries.",0,,1762829569
PSE54027,6/12/2024,2024,1,Political violence,Explosions/Remote violence,Air/drone strike,Military Forces of Israel (2022-),,8,Civilians (Palestine),Refugees/IDPs (Palestine),7,78,Civilian targeting,275,Middle East,Palestine,Gaza Strip,Deir El Balah,,An Nusayrat,31.4486,34.3925,1,Palestine News and Information Agency; Quds News Network; Twitter,New media-National,"On 12 June 2024, Israeli warplanes struck a house in An Nusayrat camp (Deir El Balah, Gaza Strip), leaving 3 fatalities.",3,,1753955132
PSE54018,6/12/2024,2024,1,Political violence,Explosions/Remote violence,Air/drone strike,Military Forces of Israel (2022-),,8,Civilians (Palestine),,7,78,Civilian targeting,275,Middle East,Palestine,Gaza Strip,Rafah,,Tal as Sultan,31.3098,34.2414,1,Palestine News and Information Agency,National,"On 12 June 2024, Israeli warplanes carried out airstrikes in Tal Zurob in Tal as Sultan (Rafah, Gaza Strip) amid artillery shelling, leaving fatalities and injuries. [On 19 January 2025, three bodies were recovered from under the rubble in Tal as Sultan. These fatalities were coded to this event].",3,,1762829569
PSE54024,6/12/2024,2024,1,Political violence,Explosions/Remote violence,Air/drone strike,Military Forces of Israel (2022-),,8,Civilians (Palestine),,7,78,Civilian targeting,275,Middle East,Palestine,Gaza Strip,Gaza City,,Al Mughraqa,31.4675,34.4097,1,Arab 48; Newpress; Palestine News and Information Agency; Quds News Network; Twitter,New media-National,"On 12 June 2024, Israeli warplanes struck a group of Palestinians in Al Mughraqa (Gaza City, Gaza Strip), leaving 5 fatalities and a number of injuries.",5,,1753955132
PSE54016,6/12/2024,2024,1,Political violence,Explosions/Remote violence,Air/drone strike,Military Forces of Israel (2022-),,8,Civilians (Palestine),,7,78,Civilian targeting,275,Middle East,Palestine,Gaza Strip,Gaza City,,Gaza - Az Zaytun,31.4964,34.4522,1,Arab 48; Palestine News and Information Agency; Quds News Network; Twitter,New media-National,"On 12 June 2024, Israeli warplanes struck a house in Gaza - Az Zaytun (Gaza City, Gaza Strip), killing 6 Palestinians and injuring others. Also, an unspecified number of Palestinians were killed in an airstrike that targeted a house in the same area. Unspecified fatalities coded as 3. Total fatalities coded as 9 (6 confirmed and 3 unspecified).",9,,1759790002
PSE54017,6/12/2024,2024,1,Political violence,Explosions/Remote violence,Air/drone strike,Military Forces of Israel (2022-),,8,Civilians (Palestine),Refugees/IDPs (Palestine),7,78,Civilian targeting,275,Middle East,Palestine,Gaza Strip,Rafah,,Rafah Camp,31.2847,34.2546,1,Palestine News and Information Agency,National,"On 12 June 2024, Israeli warplanes carried out airstrikes in Al Shaboura camp of Rafah Camp (Rafah, Gaza Strip) amid artillery shelling, leaving fatalities and injuries. Unspecified number of fatalities coded as 3.",3,,1753955132
PSE54036,6/12/2024,2024,1,Political violence,Explosions/Remote violence,Air/drone strike,Military Forces of Israel (2022-),,8,Civilians (Palestine),Refugees/IDPs (Palestine),7,78,Civilian targeting,275,Middle East,Palestine,Gaza Strip,Rafah,,Brazil Camp,31.2718,34.2532,1,Quds News Network; Twitter,New media-National,"On 12 June 2024, Israeli warplanes struck a house in Brazil Camp (Rafah, Gaza Strip). Casualties unknown.",0,,1753955132
PSE54048,6/13/2024,2024,1,Political violence,Explosions/Remote violence,Air/drone strike,Military Forces of Israel (2022-),,8,Civilians (Palestine),,7,78,Civilian targeting,275,Middle East,Palestine,Gaza Strip,Gaza City,,Gaza - Shujaiyya,31.4988,34.4699,1,Newpress; Palestine News and Information Agency; Twitter,New media-National,"On 13 June 2024, Israeli UAVs opened fire toward Palestinian houses in Gaza - Shujaiyya (Gaza City, Gaza Strip), killing a Palestinian and injuring others.",1,,1759790002
PSE54054,6/13/2024,2024,1,Political violence,Explosions/Remote violence,Air/drone strike,Military Forces of Israel (2022-),,8,Civilians (Palestine),,7,78,Civilian targeting,275,Middle East,Palestine,Gaza Strip,Gaza City,,Gaza Port,31.5245,34.4326,2,Arab 48; Palestine News and Information Agency; Quds News Network; Twitter,New media-National,"On 13 June 2024, an Israeli UAV struck a group of Palestinians at Al Rashid street near Gaza Port (Gaza City, Gaza Strip), leaving 1 fatality and a number of injuries.",1,,1753955132
PSE54059,6/13/2024,2024,1,Political violence,Explosions/Remote violence,Shelling/artillery/missile attack,Military Forces of Israel (2022-),,8,Civilians (Palestine),,7,78,Civilian targeting,275,Middle East,Palestine,Gaza Strip,Khan Yunis,,Al Fukhari,31.2952,34.3332,1,Arab 48; Quds News Network; Twitter,New media-National,"On 13 June 2024, Israeli artillery shelled targets in Al Fukhari (Khan Yunis, Gaza Strip), killing 1 Palestinian.",1,,1753955132
PSE54063,6/13/2024,2024,1,Political violence,Explosions/Remote violence,Air/drone strike,Military Forces of Israel (2022-),,8,Civilians (Palestine),,7,78,Civilian targeting,275,Middle East,Palestine,Gaza Strip,Gaza City,,Gaza - Ad Darraj,31.5172,34.4642,1,Arab 48; Newpress; Palestine News and Information Agency; Quds News Network; Twitter,New media-National,"On 13 June 2024, Israeli warplanes struck a house in Gaza - Ad Darraj (Gaza City, Gaza strip). Casualties unknown. Also, Israeli warplanes struck a target in Al Nafaq street in Ad Darraj, killing at least 11 persons, including a woman and a child, and injuring a number of others. Total fatalities coded as at least 11.",11,,1759790002
PSE54064,6/13/2024,2024,1,Political violence,Explosions/Remote violence,Air/drone strike,Military Forces of Israel (2022-),,8,Civilians (Palestine),Refugees/IDPs (Palestine),7,78,Civilian targeting,275,Middle East,Palestine,Gaza Strip,Gaza City,,Gaza - Ash Shati' Camp,31.5349,34.4466,1,Quds News Network; Twitter,New media-National,"On 13 June 2024, Israeli warplanes struck a house in Gaza - Ash Shati' Camp (Gaza City, Gaza Strip), leaving at least 3 fatalities.",3,,1759790002
PSE54045,6/13/2024,2024,1,Political violence,Explosions/Remote violence,Air/drone strike,Military Forces of Israel (2022-),,8,Civilians (Palestine),,7,78,Civilian targeting,275,Middle East,Palestine,Gaza Strip,Rafah,,Tal as Sultan,31.3098,34.2414,2,Palestine News and Information Agency; Quds News Network; Twitter,New media-National,"On 13 June 2024, Israeli helicopters and UAVs opened fire and artillery shelled targets west of Rafah, coded to Tal as Sultan (Rafah, Gaza Strip) amid intense artillery shelling. At least 2 Palestinians were killed.",2,,1762829569
PSE54056,6/13/2024,2024,1,Political violence,Explosions/Remote violence,Air/drone strike,Military Forces of Israel (2022-),,8,Civilians (Palestine),,7,78,Civilian targeting,275,Middle East,Palestine,Gaza Strip,Rafah,,Tal as Sultan,31.3098,34.2414,1,Palestine News and Information Agency,National,"On 13 June 2024, Israeli warplanes struck a target in Tal as Sultan (Rafah, Gaza Strip), killing 2 persons and injuring a number of others.",2,,1762829569
PSE54049,6/13/2024,2024,1,Political violence,Explosions/Remote violence,Air/drone strike,Military Forces of Israel (2022-),,8,Civilians (Palestine),,7,78,Civilian targeting,275,Middle East,Palestine,Gaza Strip,Gaza City,,Gaza - Az Zaytun,31.4964,34.4522,1,Newpress; Palestine News and Information Agency; Twitter,New media-National,"On 13 June 2024, Israeli UAVs opened fire toward Palestinian houses in Gaza - Az Zaytun (Gaza City, Gaza Strip) amid artillery shelling. A Palestinian was killed.",1,,1759790002
PSE54060,6/13/2024,2024,1,Political violence,Explosions/Remote violence,Air/drone strike,Military Forces of Israel (2022-),,8,Civilians (Palestine),,7,78,Civilian targeting,275,Middle East,Palestine,Gaza Strip,Rafah,,Rafah Camp,31.2847,34.2546,2,Arab 48,National,"On 13 June 2024, Israeli warplanes struck a house and other targets in Rafah center, coded to Rafah Camp (Rafah, Gaza Strip). Casualties unknown.",0,,1753955132
PSE54073,6/14/2024,2024,1,Political violence,Explosions/Remote violence,Air/drone strike,Military Forces of Israel (2022-),,8,Civilians (Palestine),Refugees/IDPs (Palestine),7,78,Civilian targeting,275,Middle East,Palestine,Gaza Strip,Deir El Balah,,Al Burayj,31.4394,34.4031,1,Palestine News and Information Agency; Quds News Network; Twitter,New media-National,"On 14 June 2024, Israeli warplanes carried out airstrikes at the entrance of Al Burayj camp (Deir El Balah, Gaza Strip), killing 1 child.",1,,1753955132
PSE54075,6/14/2024,2024,1,Political violence,Explosions/Remote violence,Air/drone strike,Military Forces of Israel (2022-),,8,Civilians (Palestine),,7,78,Civilian targeting,275,Middle East,Palestine,Gaza Strip,Deir El Balah,,Deir al Balah,31.4178,34.3503,1,Palestine News and Information Agency; Quds News Network; Twitter,New media-National,"On 14 June 2024, Israeli warplanes struck houses in Deir al Balah city (Deir El Balah, Gaza Strip), leaving 1 fatality and a number of injuries.",1,,1753955132
PSE54077,6/14/2024,2024,1,Political violence,Explosions/Remote violence,Shelling/artillery/missile attack,Military Forces of Israel (2022-),,8,Civilians (Palestine),,7,78,Civilian targeting,275,Middle East,Palestine,Gaza Strip,Khan Yunis,,Khan Yunis Port,31.3691,34.2734,1,Palestine News and Information Agency; Quds News Network; Twitter,New media-National,"On 14 June 2024, Israeli gunboats opened fire toward the Khan Yunis Port (Khan Yunis, Gaza Strip), leaving 1 fatality.",1,,1753955132
PSE54079,6/14/2024,2024,1,Political violence,Explosions/Remote violence,Shelling/artillery/missile attack,Military Forces of Israel (2022-),,8,Civilians (Palestine),,7,78,Civilian targeting,275,Middle East,Palestine,Gaza Strip,Rafah,,Shokat as Sufi,31.2586,34.2824,1,Palestine News and Information Agency; Quds News Network; Twitter,New media-National,"On 14 June 2024, Israeli tanks opened fire in Shokat as Sufi (Rafah, Gaza Strip), killing 2 Palestinians.",2,,1753955132
PSE54078,6/14/2024,2024,1,Political violence,Explosions/Remote violence,Shelling/artillery/missile attack,Military Forces of Israel (2022-),,8,Civilians (Palestine),Fishers (Palestine),7,78,Civilian targeting,275,Middle East,Palestine,Gaza Strip,Khan Yunis,,Coast of Khan Yunis,31.3822,34.271,2,Palestine News and Information Agency,National,"On 14 June 2024, Israeli gunboats opened fire toward Palestinian fishing boats off the Coast of Khan Yunis (Khan Yunis, Gaza Strip), killing 2 fishers.",2,,1753955132
PSE54071,6/14/2024,2024,1,Political violence,Explosions/Remote violence,Air/drone strike,Military Forces of Israel (2022-),,8,Civilians (Palestine),,7,78,Civilian targeting,275,Middle East,Palestine,Gaza Strip,Gaza City,,Gaza - Southern Remal,31.5168,34.4355,2,Palestine News and Information Agency,National,"On 14 June 2024, Israeli warplanes struck a house near Haydar roundabout west of Gaza City, coded to Gaza - Southern Remal (Gaza City, Gaza Strip), killing 3 women.",3,,1759790002
PSE54076,6/14/2024,2024,1,Political violence,Explosions/Remote violence,Air/drone strike,Military Forces of Israel (2022-),,8,Civilians (Palestine),,7,78,Civilian targeting,275,Middle East,Palestine,Gaza Strip,Rafah,,Tal as Sultan,31.3098,34.2414,1,Palestine News and Information Agency; Quds News Network; Twitter,New media-National,"On 14 June 2024, Israeli warplanes carried out airstrikes in the Saudi neighborhood in Tal as Sultan (Rafah, Gaza Strip), leaving 3 fatalities. Also, helicopters opened fire west of the city. Casualties unknown. Fatalities coded as at least 3.",3,,1762829569
PSE54074,6/14/2024,2024,1,Political violence,Explosions/Remote violence,Shelling/artillery/missile attack,Military Forces of Israel (2022-),,8,Civilians (Palestine),,7,78,Civilian targeting,275,Middle East,Palestine,Gaza Strip,Gaza City,,Gaza - Az Zaytun,31.4964,34.4522,1,Palestine News and Information Agency; Quds News Network; Twitter,New media-National,"On 14 June 2024, Israeli artillery shelled targets and houses in Gaza - Az Zaytun (Gaza City, Gaza Strip), killing 1 child.",1,,1759790002
PSE54081,6/14/2024,2024,1,Political violence,Explosions/Remote violence,Air/drone strike,Military Forces of Israel (2022-),,8,Civilians (Palestine),Refugees/IDPs (Palestine),7,78,Civilian targeting,275,Middle East,Palestine,Gaza Strip,Rafah,,Rafah Camp,31.2847,34.2546,1,Newpress; Palestine News and Information Agency; Twitter,New media-National,"On 14 June 2024, Israeli warplanes struck in Al Shabourah camp in Rafah Camp (Rafah, Gaza Strip), killing a Palestinian.",1,,1753955132
PSE54085,6/14/2024,2024,1,Political violence,Explosions/Remote violence,Shelling/artillery/missile attack,Military Forces of Israel (2022-),,8,Civilians (Palestine),Refugees/IDPs (Palestine),7,78,Civilian targeting,275,Middle East,Palestine,Gaza Strip,Rafah,,Brazil Camp,31.2718,34.2532,1,Arab 48; Quds News Network; Twitter,New media-National,"On 14 June 2024, Israeli artillery shelled houses in Brazil Camp (Rafah, Gaza Strip). Casualties unknown.",0,,1753955132
PSE53051,6/15/2024,2024,1,Political violence,Explosions/Remote violence,Air/drone strike,Military Forces of Israel (2022-),,8,Civilians (Palestine),,7,78,Civilian targeting,275,Middle East,Palestine,Gaza Strip,Gaza City,,Gaza - At Tuffah,31.5134,34.4751,1,Palestine News and Information Agency; Quds News Network,National,"On 15 June 2024, Israeli warplanes struck a house in Gaza - At Tuffah (Gaza City, Gaza Strip), leaving 19 fatalities in At Tuffah and Shujaiyya. Fatalities split over 2 separate events, with 9 of them attributed to the At Tuffah location. Rescue teams recovered 5 bodies from the rubble at the site of the strike.",9,,1759790002
PSE53052,6/15/2024,2024,1,Political violence,Explosions/Remote violence,Air/drone strike,Military Forces of Israel (2022-),,8,Civilians (Palestine),,7,78,Civilian targeting,275,Middle East,Palestine,Gaza Strip,Gaza City,,Gaza - Shujaiyya,31.4988,34.4699,1,Palestine News and Information Agency; Quds News Network,National,"On 15 June 2024, Israeli warplanes struck houses in Gaza - Shujaiyya (Gaza City, Gaza Strip), leaving 19 fatalities in At Tuffah and Shujaiyya. Fatalities split over 2 separate events, with 10 of them attributed to the Shujaiyya location. Rescue teams recovered 5 bodies from the rubble at the sites of the strikes.",10,,1759790002
PSE53066,6/15/2024,2024,1,Political violence,Explosions/Remote violence,Air/drone strike,Military Forces of Israel (2022-),,8,Civilians (Palestine),,7,78,Civilian targeting,275,Middle East,Palestine,Gaza Strip,Khan Yunis,,Al Fukhari,31.2952,34.3332,1,Arab 48; Quds News Network,National,"On 15 June 2024, Israeli warplanes struck a house in Al Fukhari (Khan Yunis, Gaza Strip). Casualties unknown.",0,,1753955132
PSE53254,6/15/2024,2024,1,Political violence,Explosions/Remote violence,Shelling/artillery/missile attack,Military Forces of Israel (2022-),,8,Civilians (Palestine),Fishers (Palestine),7,78,Civilian targeting,275,Middle East,Palestine,Gaza Strip,Khan Yunis,,Coast of Khan Yunis,31.3822,34.271,2,Palestine News and Information Agency,National,"On 15 June 2024, Israeli gunboats opened fire toward Palestinian fishing boats at Khan Yunis sea off the Coast of Khan Yunis (Khan Yunis, Gaza Strip). Casualties unknown.",0,,1753955132
PSE53093,6/15/2024,2024,1,Political violence,Explosions/Remote violence,Shelling/artillery/missile attack,Military Forces of Israel (2022-),,8,Civilians (Palestine),,7,78,Civilian targeting,275,Middle East,Palestine,Gaza Strip,Rafah,,Yibna,31.2842,34.2482,2,PLO Negotiations Affairs Department; Quds News Network,Other-National,"On 15 June 2024, Israeli artillery and tanks shelled targets east of Rafah, coded to Yibna (Rafah, Gaza Strip). Casualties unknown. Also, a Palestinian child was killed in Israeli fire in Al Tanour area east of Rafah. Fatalities coded at least 1.",1,,1753955132
PSE53104,6/15/2024,2024,1,Political violence,Explosions/Remote violence,Shelling/artillery/missile attack,Military Forces of Israel (2022-),,8,Civilians (Palestine),,7,78,Civilian targeting,275,Middle East,Palestine,Gaza Strip,Gaza City,,Gaza - Az Zaytun,31.4964,34.4522,1,Palestine News and Information Agency; Quds News Network,National,"On 15 June 2024, Israeli tanks shelled targets in Gaza - Az Zaytun (Gaza City, Gaza Strip). Casualties unknown. Also tanks opened fire toward houses east of the Kuwait roundabout in Gaza - Az Zaytun. Casualties unknown.",0,,1759790002
PSE53067,6/15/2024,2024,1,Political violence,Explosions/Remote violence,Air/drone strike,Military Forces of Israel (2022-),,8,Civilians (Palestine),,7,78,Civilian targeting,275,Middle East,Palestine,Gaza Strip,Rafah,,Rafah Camp,31.2847,34.2546,2,Arab 48; Quds News Network,National,"On 15 June 2024, Israeli helicopters opened fire in central Rafah, coded to Rafah Camp (Rafah, Gaza Strip). Casualties unknown. Also, tanks opened fire in the center of Rafah amid artillery shelling. Casualties unknown. A Palestinian body was recovered from the rubble. Fatalities coded at least 1.",1,,1753955132
PSE53071,6/16/2024,2024,1,Political violence,Explosions/Remote violence,Air/drone strike,Military Forces of Israel (2022-),,8,Civilians (Palestine),Refugees/IDPs (Palestine),7,78,Civilian targeting,275,Middle East,Palestine,Gaza Strip,Gaza City,,Gaza - Ash Shati' Camp,31.5349,34.4466,1,Palestine News and Information Agency; Quds News Network,National,"On 16 June 2024, Israeli warplanes struck a house in Gaza - Ash Shati' Camp (Gaza City, Gaza Strip). Casualties unknown.",0,,1759790002
PSE53073,6/16/2024,2024,1,Political violence,Explosions/Remote violence,Air/drone strike,Military Forces of Israel (2022-),,8,Civilians (Palestine),Refugees/IDPs (Palestine),7,78,Civilian targeting,275,Middle East,Palestine,Gaza Strip,Deir El Balah,,Al Burayj,31.4394,34.4031,1,Ma'an News Agency; Newpress; Palestine News and Information Agency; Quds News Network; Twitter,New media-National,"On 16 June 2024, Israeli warplanes struck 2 houses in Al Burayj Camp (Deir El Balah, Gaza Strip), killing 9 Palestinians (including a girl) and injuring several others.",9,,1753955132
PSE53074,6/16/2024,2024,1,Political violence,Explosions/Remote violence,Air/drone strike,Military Forces of Israel (2022-),,8,Civilians (Palestine),,7,78,Civilian targeting,275,Middle East,Palestine,Gaza Strip,Rafah,,Al Mawasi (Rafah),31.3294,34.2299,1,Ma'an News Agency; Newpress; Palestine News and Information Agency; Quds News Network; Twitter,New media-National,"On 16 June 2024, an Israeli drone struck a target in (Al Mawasi (Rafah), Gaza Strip), leaving one fatality.",1,,1762829569
PSE53075,6/16/2024,2024,1,Political violence,Explosions/Remote violence,Air/drone strike,Military Forces of Israel (2022-),,8,Civilians (Palestine),,7,78,Civilian targeting,275,Middle East,Palestine,Gaza Strip,Gaza City,,Gaza - Shujaiyya,31.4988,34.4699,1,Ma'an News Agency; Palestine News and Information Agency; Quds News Network; Twitter,New media-National,"On 16 June 2024, Israeli warplanes struck a gathering in Gaza - Shujaiyya (Gaza City, Gaza Strip), leaving one fatality and several injuries.",1,,1759790002
PSE53083,6/16/2024,2024,1,Political violence,Explosions/Remote violence,Air/drone strike,Military Forces of Israel (2022-),,8,Civilians (Palestine),,7,78,Civilian targeting,275,Middle East,Palestine,Gaza Strip,Gaza City,,Gaza - Sheikh Radwan,31.5349,34.4667,1,Ma'an News Agency; Newpress; Palestine News and Information Agency; Quds News Network; Twitter,New media-National,"On 16 June 2024, Israeli warplanes carried out a strike in Gaza - Sheikh Radwan (Gaza City, Gaza Strip), leaving 3 fatalities and 4 injuries.",3,,1759790002
PSE53133,6/16/2024,2024,1,Political violence,Explosions/Remote violence,Shelling/artillery/missile attack,Military Forces of Israel (2022-),,8,Civilians (Palestine),,7,78,Civilian targeting,275,Middle East,Palestine,Gaza Strip,Rafah,,Al Mawasi (Rafah),31.3294,34.2299,2,Ma'an News Agency,National,"On 16 June 2024, Israeli gunboats targeted houses in the coast of Rafah (coded to Al Mawasi (Rafah), Gaza Strip). Casualties unknown.",0,,1762829569
PSE53070,6/16/2024,2024,1,Political violence,Explosions/Remote violence,Air/drone strike,Military Forces of Israel (2022-),,8,Civilians (Palestine),,7,78,Civilian targeting,275,Middle East,Palestine,Gaza Strip,Rafah,,Tal as Sultan,31.3098,34.2414,1,Ma'an News Agency; Newpress; Palestine News and Information Agency; Quds News Network; Twitter,New media-National,"On 16 June 2024, Israeli warplanes struck a house in Tal as Sultan (Rafah, Gaza Strip), leaving a number of injuries. Also, 11 Palestinian bodies were recovered, likely they were killed by airstrikes or tank fire in Tal as Sultan. In addition, the artillery shelled targets in Tal as Sultan including the Saudi neighborhood [casualties unknown]. Meanwhile, 2 ambulances were damaged by Israeli fire while attempting to recover bodies. Also, 2 Palestinians were killed by Israeli fire in the same area. Fatalities coded at least 13.",13,,1762829569
PSE53078,6/16/2024,2024,1,Political violence,Explosions/Remote violence,Air/drone strike,Military Forces of Israel (2022-),,8,Civilians (Palestine),Refugees/IDPs (Palestine),7,78,Civilian targeting,275,Middle East,Palestine,Gaza Strip,North Gaza,,Beit Hanoun,31.5405,34.5402,1,Ma'an News Agency; Palestine News and Information Agency; Quds News Network; Twitter,New media-National,"On 16 June 2024, an Israeli drone struck a school hosting displaced people in Beit Hanoun (North Gaza, Gaza Strip), leaving one fatality.",1,,1753955132
PSE53121,6/16/2024,2024,1,Political violence,Explosions/Remote violence,Shelling/artillery/missile attack,Military Forces of Israel (2022-),,8,Civilians (Palestine),,7,78,Civilian targeting,275,Middle East,Palestine,Gaza Strip,Rafah,,Rafah Camp,31.2847,34.2546,2,Palestine News and Information Agency; Quds News Network,National,"On 16 June 2024, Israeli artillery targets (including a house) on the outskirts of the Emirati hospital in the center of Rafah, coded to Rafah Camp (Rafah, Gaza Strip). Casualties unknown.",0,,1753955132
PSE53095,6/17/2024,2024,1,Political violence,Explosions/Remote violence,Air/drone strike,Military Forces of Israel (2022-),,8,Civilians (Palestine),,7,78,Civilian targeting,275,Middle East,Palestine,Gaza Strip,Gaza City,,Gaza - Sheikh Radwan,31.5349,34.4667,2,Ma'an News Agency; Palestine News and Information Agency; Quds News Network; Twitter,New media-National,"On 17 June 2024, Israeli warplanes struck a house in Al Zarqa neighborhood north of Gaza City, coded to Gaza - Sheikh Radwan (Gaza City, Gaza Strip), leaving 2 fatalities and a number of injuries, including women and children.",2,,1759790002
PSE53099,6/17/2024,2024,1,Political violence,Explosions/Remote violence,Air/drone strike,Military Forces of Israel (2022-),,8,Civilians (Palestine),,7,78,Civilian targeting,275,Middle East,Palestine,Gaza Strip,Deir El Balah,,An Nusayrat - North,31.4591,34.3923,1,Ma'an News Agency; Newpress; Palestine News and Information Agency; Quds News Network; Twitter,New media-National,"On 17 June 2024, Israeli UAVs opened fire toward houses in An Nusayrat - North and the artillery shelled targets near Wadi Gaza in An Nusayrat - North (Deir El Balah, Gaza Strip). Casualties unknown. Also, tanks opened fire in the same area. Casualties unknown.",0,,1753955132
PSE53097,6/17/2024,2024,1,Political violence,Explosions/Remote violence,Air/drone strike,Military Forces of Israel (2022-),,8,Civilians (Palestine),,7,78,Civilian targeting,275,Middle East,Palestine,Gaza Strip,Rafah,,Tal as Sultan,31.3098,34.2414,1,Arab 48; Ma'an News Agency; Newpress; Palestine News and Information Agency; Quds News Network; Twitter,New media-National,"On 17 June 2024, Israeli UAVs struck a house in Tal as Sultan (Rafah, Gaza Strip), leaving one fatality and a number of injuries. Also, warplanes carried out 3 strikes in the Saudi neighborhood of Tal as Sultan [casualties unknown]. Fatalities coded at least 1.",1,,1762829569
PSE53098,6/17/2024,2024,1,Political violence,Explosions/Remote violence,Air/drone strike,Military Forces of Israel (2022-),,8,Civilians (Palestine),,7,78,Civilian targeting,275,Middle East,Palestine,Gaza Strip,Rafah,,Khirbet al Adas,31.2855,34.2714,1,Ma'an News Agency; Palestine News and Information Agency; Quds News Network; Twitter,New media-National,"On 17 June 2024, Israeli warplanes struck a target in Khirbet al Adas (Rafah, Gaza Strip), leaving one fatality and several injuries.",1,,1753955132
PSE53106,6/17/2024,2024,1,Political violence,Explosions/Remote violence,Air/drone strike,Military Forces of Israel (2022-),,8,Civilians (Palestine),,7,78,Civilian targeting,275,Middle East,Palestine,Gaza Strip,Rafah,,Rafah Camp,31.2847,34.2546,2,Arab 48; Quds News Network; Twitter,New media-National,"On 17 June 2024, Israeli helicopters opened fire and the artillery shelled targets in the center of Rafah, coded to Rafah Camp (Rafah, Gaza Strip), leaving injuries. Also, a warplane struck a house in the center of Rafah [casualties unknown].",0,,1753955132
PSE53147,6/17/2024,2024,1,Political violence,Explosions/Remote violence,Shelling/artillery/missile attack,Military Forces of Israel (2022-),,8,Civilians (Palestine),,7,78,Civilian targeting,275,Middle East,Palestine,Gaza Strip,Rafah,,Yibna,31.2842,34.2482,2,Arab 48; Palestine News and Information Agency; PLO Negotiations Affairs Department; Quds News Network; Twitter,Other-New media,"On 17 June 2024, Israeli artillery and tanks shelled targets east of Rafah, coded to Yibna (Rafah, Gaza Strip). Casualties unknown. 9 Palestinians belonging to aid security committees protecting goods and aid were killed east of Rafah by artillery fire. Fatalities coded at least 9. This event involved violence over aid.",9,,1756156113
PSE53122,6/18/2024,2024,1,Political violence,Explosions/Remote violence,Air/drone strike,Military Forces of Israel (2022-),,8,Civilians (Palestine),Refugees/IDPs (Palestine),7,78,Civilian targeting,275,Middle East,Palestine,Gaza Strip,Deir El Balah,,An Nusayrat,31.4486,34.3925,1,Newpress; Palestine News and Information Agency; Quds News Network; Twitter,New media-National,"On 18 June 2024, Israeli warplanes struck houses in An Nusayrat refugee camp (Deir El Balah, Gaza Strip), leaving 13 fatalities and several injuries.",13,,1753955132
PSE53123,6/18/2024,2024,1,Political violence,Explosions/Remote violence,Air/drone strike,Military Forces of Israel (2022-),,8,Civilians (Palestine),,7,78,Civilian targeting,275,Middle East,Palestine,Gaza Strip,Deir El Balah,,Deir al Balah,31.4178,34.3503,1,Palestine News and Information Agency,National,"On 18 June 2024, Israeli warplanes struck targets in Deir al Balah city (Deir El Balah, Gaza Strip). Casualties unknown.",0,,1753955132
PSE53124,6/18/2024,2024,1,Political violence,Explosions/Remote violence,Air/drone strike,Military Forces of Israel (2022-),,8,Civilians (Palestine),Refugees/IDPs (Palestine),7,78,Civilian targeting,275,Middle East,Palestine,Gaza Strip,Deir El Balah,,Al Burayj,31.4394,34.4031,1,Newpress; Palestine News and Information Agency; Quds News Network; Twitter,New media-National,"On 18 June 2024, Israeli warplanes struck targets (including a house) in Al Burayj camp (Deir El Balah, Gaza Strip), leaving 4 fatalities and a number of injuries.",4,,1753955132
PSE53127,6/18/2024,2024,1,Political violence,Explosions/Remote violence,Air/drone strike,Military Forces of Israel (2022-),,8,Civilians (Palestine),,7,78,Civilian targeting,275,Middle East,Palestine,Gaza Strip,Deir El Balah,,An Nusayrat - North,31.4591,34.3923,1,Palestine News and Information Agency; Quds News Network; Twitter,New media-National,"On 18 June 2024, Israeli warplanes carried out strikes near Wadi Gaza in An Nusayrat - North (Deir El Balah, Gaza Strip), leaving 2 fatalities.",2,,1753955132
PSE53131,6/18/2024,2024,1,Political violence,Explosions/Remote violence,Air/drone strike,Military Forces of Israel (2022-),,8,Civilians (Palestine),,7,78,Civilian targeting,275,Middle East,Palestine,Gaza Strip,Gaza City,,Gaza - Sheikh Radwan,31.5349,34.4667,1,Arab 48; Ma'an News Agency; Palestine News and Information Agency; Quds News Network; Twitter,New media-National,"On 18 June 2024, Israeli warplanes struck a house in Gaza - Sheikh Radwan (Gaza City, Gaza Strip), leaving 6 fatalities.",6,,1759790002
PSE53132,6/18/2024,2024,1,Political violence,Explosions/Remote violence,Air/drone strike,Military Forces of Israel (2022-),,8,Civilians (Palestine),,7,78,Civilian targeting,275,Middle East,Palestine,Gaza Strip,Deir El Balah,,An Nusayrat - North,31.4591,34.3923,2,Palestine News and Information Agency; Quds News Network; Twitter,New media-National,"On 18 June 2024, Israeli warplanes carried out strikes northwest of An Nusayrat, coded to An Nusayrat - North (Deir El Balah, Gaza Strip), leaving 3 fatalities.",3,,1753955132
PSE53137,6/18/2024,2024,1,Political violence,Explosions/Remote violence,Air/drone strike,Military Forces of Israel (2022-),,8,Civilians (Palestine),,7,78,Civilian targeting,275,Middle East,Palestine,Gaza Strip,Gaza City,,Gaza - Sabra,31.5086,34.4493,1,Arab 48; Newpress; Twitter,New media-National,"On 18 June 2024, an Israeli UAV struck a target in Gaza - Sabra (Gaza City, Gaza Strip), leaving injuries.",0,,1759790002
PSE53182,6/18/2024,2024,1,Political violence,Explosions/Remote violence,Shelling/artillery/missile attack,Military Forces of Israel (2022-),,8,Civilians (Palestine),,7,78,Civilian targeting,275,Middle East,Palestine,Gaza Strip,Khan Yunis,,Abasan al Kabirah,31.3191,34.3401,2,Newpress; Twitter,New media-National,"On 18 June 2024, Israeli artillery shelled east of Abasan al Kabirah (Khan Yunis, Gaza Strip) amid tank fire. As a result, several Palestinians were injured.",0,,1753955132
PSE53181,6/18/2024,2024,1,Political violence,Explosions/Remote violence,Shelling/artillery/missile attack,Military Forces of Israel (2022-),,8,Civilians (Palestine),,7,78,Civilian targeting,275,Middle East,Palestine,Gaza Strip,Khan Yunis,,Al Qararah,31.3739,34.3409,1,Arab 48,National,"On 18 June 2024, Israeli artillery shelled the Al Qararah (Khan Yunis, Gaza Strip), leaving 2 fatalities.",2,,1753955132
PSE53130,6/18/2024,2024,1,Political violence,Explosions/Remote violence,Air/drone strike,Military Forces of Israel (2022-),,8,Civilians (Palestine),,7,78,Civilian targeting,275,Middle East,Palestine,Gaza Strip,Rafah,,Tal as Sultan,31.3098,34.2414,1,Arab 48; Ma'an News Agency; Palestine News and Information Agency,National,"On 18 June 2024, Israeli warplanes struck targets in Tal as Sultan (Rafah, Gaza Strip), leaving one fatality and several injuries. Also, 3 Palestinians were killed in an airstrike that targeted the Saudi neighborhood in Tal as Sultan. In addition, Israeli artillery shelled targets in the same area [casualties unknown]. Total fatalities were at least 4.",4,,1762829569
PSE53129,6/18/2024,2024,1,Political violence,Explosions/Remote violence,Air/drone strike,Military Forces of Israel (2022-),,8,Civilians (Palestine),,7,78,Civilian targeting,275,Middle East,Palestine,Gaza Strip,Gaza City,,Gaza - Az Zaytun,31.4964,34.4522,1,Ma'an News Agency; Palestine News and Information Agency; Quds News Network; Twitter,New media-National,"On 18 June 2024, Israeli warplanes struck targets and a house in Gaza - Az Zaytun (Gaza City, Gaza Strip). Casualties unknown. Also, the artillery shelled targets in Az Zaytun. Casualties unknown.",0,,1759790002
PSE53136,6/18/2024,2024,1,Political violence,Explosions/Remote violence,Air/drone strike,Military Forces of Israel (2022-),,8,Civilians (Palestine),,7,78,Civilian targeting,275,Middle East,Palestine,Gaza Strip,Rafah,,Rafah Camp,31.2847,34.2546,2,Arab 48; Newpress; Quds News Network; Twitter,New media-National,"On 18 June 2024, Israeli warplanes struck a house in the center of Rafah, coded to Rafah Camp (Rafah, Gaza Strip) amid troops advance in Rafah. Casualties unknown.",0,,1753955132
PSE53159,6/19/2024,2024,1,Political violence,Explosions/Remote violence,Air/drone strike,Military Forces of Israel (2022-),,8,Civilians (Palestine),,7,78,Civilian targeting,275,Middle East,Palestine,Gaza Strip,Deir El Balah,,An Nusayrat - North,31.4591,34.3923,2,Palestine News and Information Agency,National,"On 19 June 2024, rescue teams recovered 3 Palestinian bodies from northwest of An Nusayrat, coded to An Nusayrat - North (Deir El Balah, Gaza Strip), likely they were killed by airstrikes or artillery fire.",3,,1753955132
PSE53160,6/19/2024,2024,1,Political violence,Explosions/Remote violence,Air/drone strike,Military Forces of Israel (2022-),,8,Civilians (Palestine),,7,78,Civilian targeting,275,Middle East,Palestine,Gaza Strip,Deir El Balah,,Deir al Balah,31.4178,34.3503,1,Palestine News and Information Agency,National,"On 19 June 2024, Israeli UAVs (quadcopter) opened fire toward Palestinian houses in Deir al Balah city (Deir El Balah, Gaza Strip). Casualties unknown.",0,,1753955132
PSE53161,6/19/2024,2024,1,Political violence,Explosions/Remote violence,Air/drone strike,Military Forces of Israel (2022-),,8,Civilians (Palestine),,7,78,Civilian targeting,275,Middle East,Palestine,Gaza Strip,Deir El Balah,,An Nusayrat - West,31.4525,34.3756,1,Palestine News and Information Agency; Quds News Network; Twitter,New media-National,"On 19 June 2024, Israeli warplanes struck houses in An Nusayrat - West (Deir El Balah, Gaza Strip), leaving 2 fatalities.",2,,1753955132
PSE53162,6/19/2024,2024,1,Political violence,Explosions/Remote violence,Air/drone strike,Military Forces of Israel (2022-),,8,Civilians (Palestine),,7,78,Civilian targeting,275,Middle East,Palestine,Gaza Strip,Gaza City,,Gaza - Shujaiyya,31.4988,34.4699,1,Arab 48; Ma'an News Agency; Newpress; Quds News Network; Twitter,New media-National,"On 19 June 2024, an Israeli UAV struck and killed a Palestinian in Gaza - Shujaiyya (Gaza City, Gaza Strip).",1,,1759790002
PSE53197,6/19/2024,2024,1,Political violence,Explosions/Remote violence,Shelling/artillery/missile attack,Military Forces of Israel (2022-),,8,Civilians (Palestine),Refugees/IDPs (Palestine),7,78,Civilian targeting,275,Middle East,Palestine,Gaza Strip,Gaza City,,Gaza - Ash Shati' Camp,31.5349,34.4466,1,Palestine News and Information Agency; Quds News Network; Twitter,New media-National,"On 19 June 2024, Israeli gunboats opened fire toward houses in Gaza - Ash Shati' Camp (Gaza City, Gaza Strip). Casualties unknown.",0,,1759790002
PSE53152,6/19/2024,2024,1,Political violence,Explosions/Remote violence,Air/drone strike,Military Forces of Israel (2022-),,8,Civilians (Palestine),Refugees/IDPs (Palestine),7,78,Civilian targeting,275,Middle East,Palestine,Gaza Strip,Rafah,,Al Mawasi (Rafah),31.3294,34.2299,1,Jerusalem Post; Palestine News and Information Agency; Quds News Network; Twitter,New media-National,"On 19 June 2024, Israeli warplanes struck tents belonging to displaced Palestinians in Al Mawasi (Rafah), Gaza Strip, leaving at least 7 fatalities and dozens of injuries.",7,,1762829569
PSE53153,6/19/2024,2024,1,Political violence,Explosions/Remote violence,Air/drone strike,Military Forces of Israel (2022-),,8,Civilians (Palestine),,7,78,Civilian targeting,275,Middle East,Palestine,Gaza Strip,Rafah,,Tal as Sultan,31.3098,34.2414,1,Palestine News and Information Agency; Quds News Network; Twitter,New media-National,"On 19 June 2024, Israeli warplanes carried out airstrikes in the Saudi neighborhood of Tal as Sultan (Rafah, Gaza Strip) amid artillery shelling and tank fire toward houses. Casualties unknown. Meanwhile, Israeli UAVs heavily opened fire during troops advances in the area. At least 2 Palestinians were killed.",2,,1762829569
PSE53156,6/19/2024,2024,1,Political violence,Explosions/Remote violence,Air/drone strike,Military Forces of Israel (2022-),,8,Civilians (Palestine),,7,78,Civilian targeting,275,Middle East,Palestine,Gaza Strip,Rafah,,Tal as Sultan,31.3098,34.2414,2,Palestine News and Information Agency; Quds News Network; Twitter,New media-National,"On 19 June 2024, Israeli warplanes carried out airstrikes west of Rafah and near the Emarati Hospital, coded to Tal as Sultan (Rafah, Gaza Strip) amid artillery shelling and tank fire. Casualties unknown. At least 2 Palestinians were killed in artillery shelling at Al Alam roundabout west of Rafah.",2,,1762829569
PSE53196,6/19/2024,2024,1,Political violence,Explosions/Remote violence,Shelling/artillery/missile attack,Military Forces of Israel (2022-),,8,Civilians (Palestine),,7,78,Civilian targeting,275,Middle East,Palestine,Gaza Strip,Gaza City,,Al Mughraqa,31.4675,34.4097,1,Palestine News and Information Agency,National,"On 19 June 2024, Israeli artillery shelled Palestinian houses in Al Mughraqa (Gaza City, Gaza Strip). Casualties unknown.",0,,1753955132
PSE53157,6/19/2024,2024,1,Political violence,Explosions/Remote violence,Air/drone strike,Military Forces of Israel (2022-),,8,Civilians (Palestine),,7,78,Civilian targeting,275,Middle East,Palestine,Gaza Strip,Gaza City,,Gaza - Az Zaytun,31.4964,34.4522,1,Ma'an News Agency; Palestine News and Information Agency; Quds News Network; Twitter,New media-National,"On 19 June 2024, Israeli helicopters opened fire in the eastern areas of Az Zaytun and artillery shelled targets in Gaza - Az Zaytun (Gaza City, Gaza Strip). Casualties unknown. Also, 3 Palestinians were killed at Al Sikka street in Az Zaytun by a UAV fire. Fatalities coded at least 3.",3,,1759790002
PSE53154,6/19/2024,2024,1,Political violence,Explosions/Remote violence,Air/drone strike,Military Forces of Israel (2022-),,8,Civilians (Palestine),Refugees/IDPs (Palestine),7,78,Civilian targeting,275,Middle East,Palestine,Gaza Strip,Khan Yunis,,Khan Yunis - As-Sameen,31.3369,34.2925,2,Palestine News and Information Agency; Quds News Network; Twitter,New media-National,"On 19 June 2024, Israeli warplanes struck tents belonging to displaced Palestinians in Shakoush street southwest of Khan Yunis (Khan Yunis - As-Sameen, Gaza Strip). Casualties unknown.",0,,1753955132
PSE53165,6/19/2024,2024,1,Political violence,Explosions/Remote violence,Air/drone strike,Military Forces of Israel (2022-),,8,Civilians (Palestine),,7,78,Civilian targeting,275,Middle East,Palestine,Gaza Strip,Rafah,,Khirbet al Adas,31.2855,34.2714,2,Arab 48; Quds News Network; Twitter,New media-National,"On 19 June 2024, Israeli UAVs struck a target in Urayba area north of Rafah, coded to Khirbet al Adas (Rafah, Gaza Strip), leaving one fatality.",1,,1753955132
PSE53151,6/19/2024,2024,1,Political violence,Explosions/Remote violence,Air/drone strike,Military Forces of Israel (2022-),,8,Civilians (Palestine),,7,78,Civilian targeting,275,Middle East,Palestine,Gaza Strip,Rafah,,Yibna,31.2842,34.2482,2,Al-Ittihad; Arab 48; Ma'an News Agency; Newpress; Palestine News and Information Agency; PLO Negotiations Affairs Department; Quds News Network; Twitter,Other-New media,"On 19 June 2024, Israeli warplanes struck a gathering for aid security committees at Salah al-Deen Street east of Rafah, coded to Yibna (Rafah, Gaza Strip), leaving 11 fatalities and 30 injuries. Also, the Israeli artillery shelled targets east of Rafah [casualties unknown]. Fatalities coded at least 11. This event involved violence over aid.",11,,1756156113
PSE53176,6/20/2024,2024,1,Political violence,Explosions/Remote violence,Air/drone strike,Military Forces of Israel (2022-),,8,Civilians (Palestine),,7,78,Civilian targeting,275,Middle East,Palestine,Gaza Strip,Deir El Balah,,Deir al Balah Camp,31.4249,34.34,2,Palestine News and Information Agency; PLO Negotiations Affairs Department,Other-National,"On 20 June 2024, an Israeli UAV struck and killed a Palestinian east of Deir al Balah, coded to Deir al Balah Camp (Deir El Balah, Gaza Strip). Also, the Israeli artillery shelled targets east of Deir al Balah [casualties unknown]. Fatalities coded at least 1.",1,,1765850627
PSE53179,6/20/2024,2024,1,Political violence,Explosions/Remote violence,Air/drone strike,Military Forces of Israel (2022-),,8,Civilians (Palestine),Refugees/IDPs (Palestine),7,78,Civilian targeting,275,Middle East,Palestine,Gaza Strip,Deir El Balah,,An Nusayrat,31.4486,34.3925,1,Ma'an News Agency; Palestine News and Information Agency; Quds News Network; Twitter,New media-National,"On 20 June 2024, Israeli warplanes struck a house in An Nusayrat Camp (Deir El Balah, Gaza Strip), killing 2 women and injuring 12 persons.",2,,1753955132
PSE53201,6/20/2024,2024,1,Political violence,Explosions/Remote violence,Air/drone strike,Military Forces of Israel (2022-),,8,Civilians (Palestine),,7,78,Civilian targeting,275,Middle East,Palestine,Gaza Strip,Gaza City,,Gaza - Shujaiyya,31.4988,34.4699,1,Newpress; Quds News Network; Twitter,New media-National,"On 20 June 2024, Israeli warplanes struck a house in Gaza - Shujaiyya (Gaza City, Gaza Strip), leaving injuries.",0,,1759790002
PSE53232,6/20/2024,2024,1,Political violence,Explosions/Remote violence,Shelling/artillery/missile attack,Military Forces of Israel (2022-),,8,Civilians (Palestine),Refugees/IDPs (Palestine),7,78,Civilian targeting,275,Middle East,Palestine,Gaza Strip,Rafah,,Al Mawasi (Rafah),31.3294,34.2299,1,Newpress; Quds News Network; Twitter,New media-National,"On 20 June 2024, Israeli tanks opened fire toward the tents of displaced people in (Al Mawasi (Rafah), Gaza Strip). Casualties unknown.",0,,1762829569
PSE53227,6/20/2024,2024,1,Political violence,Explosions/Remote violence,Air/drone strike,Military Forces of Israel (2022-),,8,Civilians (Palestine),,7,78,Civilian targeting,275,Middle East,Palestine,Gaza Strip,Gaza City,,Gaza - Northern Remal,31.524,34.4505,1,Palestine News and Information Agency,National,"On 20 June 2024, Israeli UAVs targeted Palestinians on the outskirts of Al Shifa Hospital in Gaza - Northern Remal (Gaza City, Gaza Strip), leaving injuries.",0,,1759790002
PSE53212,6/20/2024,2024,1,Political violence,Explosions/Remote violence,Shelling/artillery/missile attack,Military Forces of Israel (2022-),,8,Civilians (Palestine),,7,78,Civilian targeting,275,Middle East,Palestine,Gaza Strip,Rafah,,Yibna,31.2842,34.2482,2,PLO Negotiations Affairs Department,Other,"On 20 June 2024, Israeli artillery and tanks shelled targets east of Rafah, coded to Yibna (Rafah, Gaza Strip). Casualties unknown. A Palestinian was killed in Abu Halawah area east of Rafah, Fatalities coded at least 1.",1,,1753955132
PSE53191,6/20/2024,2024,1,Political violence,Explosions/Remote violence,Air/drone strike,Military Forces of Israel (2022-),,8,Civilians (Palestine),,7,78,Civilian targeting,275,Middle East,Palestine,Gaza Strip,Khan Yunis,,Khan Yunis - West (Municipal Stadium),31.3484,34.2961,1,Arab 48; Quds News Network; Twitter,New media-National,"On 20 June 2024, Israeli warplanes targeted a house near Nasser Hospital in Khan Yunis - West (Municipal Stadium) (Khan Yunis, Gaza Strip). Casualties unknown. [On 18 February 2025, 1 body was recovered from under the rubble west of Khan Yunis city, coded under this event.]",1,,1753955132
PSE53184,6/20/2024,2024,1,Political violence,Explosions/Remote violence,Air/drone strike,Military Forces of Israel (2022-),,8,Civilians (Palestine),,7,78,Civilian targeting,275,Middle East,Palestine,Gaza Strip,Gaza City,,Gaza - Az Zaytun,31.4964,34.4522,1,Newpress; Palestine News and Information Agency; Quds News Network; Twitter,New media-National,"On 20 June 2024, 8 Palestinians were killed in airstrikes targeted a house in Gaza - Az Zaytun (Gaza City, Gaza Strip) leaving 8 fatalities and several injuries. Also, Israeli artillery shelled the southern areas of Gaza - Az Zaytun [casualties unknown]. Also, a Palestinian was killed by UAV fire. Fatalities coded at least 9.",9,,1759790002
PSE53186,6/20/2024,2024,1,Political violence,Explosions/Remote violence,Air/drone strike,Military Forces of Israel (2022-),,8,Civilians (Palestine),,7,78,Civilian targeting,275,Middle East,Palestine,Gaza Strip,Gaza City,,Gaza - Tal el Hawa,31.5041,34.435,1,Newpress; Palestine News and Information Agency; Quds News Network; Twitter,New media-National,"On 20 June 2024, an Israeli UAV struck a target in Gaza - Tal el Hawa (Gaza City, Gaza Strip), killing a Palestinian and injuring another 2.",1,,1759790002
PSE53210,6/21/2024,2024,1,Political violence,Explosions/Remote violence,Air/drone strike,Military Forces of Israel (2022-),,8,Civilians (Palestine),Refugees/IDPs (Palestine),7,78,Civilian targeting,275,Middle East,Palestine,Gaza Strip,Deir El Balah,,An Nusayrat,31.4486,34.3925,1,Palestine News and Information Agency,National,"On 21 June 2024, Israeli warplanes struck a house in An Nusayrat Camp (Deir El Balah, Gaza Strip), leaving 2 fatalities and 14 injuries.",2,,1753955132
PSE53213,6/21/2024,2024,1,Political violence,Explosions/Remote violence,Air/drone strike,Military Forces of Israel (2022-),,8,Civilians (Palestine),,7,78,Civilian targeting,275,Middle East,Palestine,Gaza Strip,Khan Yunis,,Al Fukhari,31.2952,34.3332,1,Al Ghad (Jordan); Ma'an News Agency; Palestine News and Information Agency; Quds News Network; Twitter,New media-National,"On 21 June 2024, Israeli UAVs struck and killed 3 Palestinians in Al Fukhari (Khan Yunis, Gaza Strip).",3,,1753955132
PSE53214,6/21/2024,2024,1,Political violence,Explosions/Remote violence,Air/drone strike,Military Forces of Israel (2022-),,8,Civilians (Palestine),,7,78,Civilian targeting,275,Middle East,Palestine,Gaza Strip,Gaza City,,Gaza - At Tuffah,31.5134,34.4751,1,Palestine News and Information Agency; Quds News Network; Twitter,New media-National,"On 21 June 2024, Israeli warplanes struck a house in Gaza - At Tuffah (Gaza City, Gaza Strip), leaving injuries.",0,,1759790002
PSE53215,6/21/2024,2024,1,Political violence,Explosions/Remote violence,Air/drone strike,Military Forces of Israel (2022-),,8,Civilians (Palestine),,7,78,Civilian targeting,275,Middle East,Palestine,Gaza Strip,Gaza City,,Gaza - Shujaiyya,31.4988,34.4699,1,Palestine News and Information Agency; Quds News Network; Twitter,New media-National,"On 21 June 2024, Israeli warplanes struck a house in Gaza - Shujaiyya (Gaza City, Gaza Strip), leaving injuries.",0,,1759790002
PSE53221,6/21/2024,2024,1,Political violence,Explosions/Remote violence,Air/drone strike,Military Forces of Israel (2022-),,8,Civilians (Palestine),Refugees/IDPs (Palestine),7,78,Civilian targeting,275,Middle East,Palestine,Gaza Strip,Gaza City,,Gaza - Ash Shati' Camp,31.5349,34.4466,1,Arab 48; Newpress; Palestine News and Information Agency; Quds News Network; Twitter,New media-National,"On 21 June 2024, Israeli UAVs struck a house in Gaza - Ash Shati' Camp (Gaza City, Gaza Strip), leaving 10 fatalities and 17 more injuries.",10,,1759790002
PSE53225,6/21/2024,2024,1,Political violence,Explosions/Remote violence,Air/drone strike,Military Forces of Israel (2022-),,8,Civilians (Palestine),,7,78,Civilian targeting,275,Middle East,Palestine,Gaza Strip,Deir El Balah,,An Nusayrat,31.4486,34.3925,2,Palestine News and Information Agency; Quds News Network; Twitter,New media-National,"On 21 June 2024, Israeli warplanes struck a house east of An Nusayrat Camp (Deir El Balah, Gaza Strip), leaving injuries.",0,,1753955132
PSE53248,6/21/2024,2024,1,Political violence,Explosions/Remote violence,Shelling/artillery/missile attack,Military Forces of Israel (2022-),,8,Civilians (Palestine),Refugees/IDPs (Palestine),7,78,Civilian targeting,275,Middle East,Palestine,Gaza Strip,Rafah,,Al Mawasi (Rafah),31.3294,34.2299,1,Al-Ittihad; Al Ghad (Jordan); Haaretz; Newpress; Palestine News and Information Agency; Quds News Network; Twitter,New media-National,"On 21 June 2024, Israeli artillery shelled tents of displaced people in (Al Mawasi (Rafah), Gaza Strip), killing at least 25 Palestinians and injuring dozens. The IDF said that first probe does not Indicate strike in this area.",25,,1762829569
PSE53220,6/21/2024,2024,1,Political violence,Explosions/Remote violence,Air/drone strike,Military Forces of Israel (2022-),,8,Civilians (Palestine),,7,78,Civilian targeting,275,Middle East,Palestine,Gaza Strip,Gaza City,,Gaza - Ad Darraj,31.5172,34.4642,2,Ma'an News Agency; Newpress; Palestine News and Information Agency; Quds News Network; ReliefWeb; Twitter,Other-New media,"On 21 June 2024, Israeli warplanes struck houses in the Coloured Neighbourhood in old city of Gaza coded to Gaza - Ad Darraj, killing twelve people and injuring a number of others.",12,,1759790002
PSE53236,6/21/2024,2024,1,Political violence,Explosions/Remote violence,Air/drone strike,Military Forces of Israel (2022-),,8,Civilians (Palestine),,7,78,Civilian targeting,275,Middle East,Palestine,Gaza Strip,Gaza City,,Gaza - Shujaiyya,31.4988,34.4699,2,PLO Negotiations Affairs Department; ReliefWeb,Other,"On 21 June 2024, Israeli warplanes struck a house on Al-Nazaz street, east of Gaza city (Gaza - Shujaiyya, Gaza strip) resulting in several fatalities and injuries. Unspecified fatalities coded as 10.",10,,1759790002
PSE55053,6/21/2024,2024,1,Political violence,Explosions/Remote violence,Air/drone strike,Military Forces of Israel (2022-),,8,Civilians (Palestine),Labor Group (Palestine),7,78,Civilian targeting,275,Middle East,Palestine,Gaza Strip,Gaza City,,Gaza - Sabra,31.5086,34.4493,1,ReliefWeb,Other,"On 21 June 2024, Israeli warplanes struck Gaza municipality's fuel management room in central Gaza city (coded as Gaza - Sabra, Gaza strip) killing 5 municipal employees and a clothing seller. Fatalities coded as 6.",6,local administrators,1759790002
PSE55054,6/21/2024,2024,1,Political violence,Explosions/Remote violence,Air/drone strike,Military Forces of Israel (2022-),,8,Civilians (Palestine),,7,78,Civilian targeting,275,Middle East,Palestine,Gaza Strip,Gaza City,,Gaza Port,31.5245,34.4326,1,ReliefWeb,Other,"On 21 June 2024, Israeli warplanes struck a house in the Beach Camp, west of Gaza city (coded as Gaza Port, Gaza Strip) resulting in 7 fatalities and over 20 injuries.",7,,1753955132
PSE53245,6/21/2024,2024,1,Political violence,Explosions/Remote violence,Shelling/artillery/missile attack,Military Forces of Israel (2022-),,8,Civilians (Palestine),,7,78,Civilian targeting,275,Middle East,Palestine,Gaza Strip,Gaza City,,Gaza - Az Zaytun,31.4964,34.4522,1,Liveuamap; Palestine News and Information Agency; Quds News Network; Twitter,Local partner-New media,"On 21 June 2024, Israeli artillery shelled targets in Gaza - Az Zaytun (Gaza City, Gaza Strip), killing 2 Palestinians.",2,,1759790002
PSE53223,6/21/2024,2024,1,Political violence,Explosions/Remote violence,Air/drone strike,Military Forces of Israel (2022-),,8,Civilians (Palestine),,7,78,Civilian targeting,275,Middle East,Palestine,Gaza Strip,Rafah,,Khirbet al Adas,31.2855,34.2714,1,Palestine News and Information Agency,National,"On 21 June 2024, Israeli warplanes struck targets in Khirbet al Adas (Rafah, Gaza Strip), leaving 2 fatalities.",2,,1753955132
PSE53229,6/21/2024,2024,1,Political violence,Explosions/Remote violence,Air/drone strike,Military Forces of Israel (2022-),,8,Civilians (Palestine),,7,78,Civilian targeting,275,Middle East,Palestine,Gaza Strip,Rafah,,Rafah Camp,31.2847,34.2546,2,Arab 48,National,"On 21 June 2024, Israeli warplanes struck a house in the center of Rafah, coded to Rafah Camp (Rafah, Gaza Strip) leaving unspecified number of casualties. Unspecified fatalities coded as 3.",3,,1753955132
PSE53250,6/21/2024,2024,1,Political violence,Explosions/Remote violence,Shelling/artillery/missile attack,Military Forces of Israel (2022-),,8,Civilians (Palestine),,7,78,Civilian targeting,275,Middle East,Palestine,Gaza Strip,Rafah,,Khirbet al Adas,31.2855,34.2714,2,Arab 48; Quds News Network; Twitter,New media-National,"On 21 June 2024, Israeli artillery shelled targets in Musabbah area north of Rafah, coded to Khirbet al Adas (Rafah, Gaza Strip), leaving 2 fatalities and a number of injuries.",2,,1753955132
PSE54676,6/22/2024,2024,1,Political violence,Explosions/Remote violence,Air/drone strike,Military Forces of Israel (2022-),,8,Civilians (Palestine),,7,78,Civilian targeting,275,Middle East,Palestine,Gaza Strip,Gaza City,,Gaza - At Tuffah,31.5134,34.4751,2,Palestine News and Information Agency; Quds News Network; Twitter,New media-National,"On 22 June 2024, Israeli warplanes struck targets in Jabal al-Rayes area east of Gaza - At Tuffah (Gaza City, Gaza Strip), leaving an unspecified number of fatalities and injuries [unspecified number of fatalities coded as 3].",3,,1759790002
PSE54679,6/22/2024,2024,1,Political violence,Explosions/Remote violence,Air/drone strike,Military Forces of Israel (2022-),,8,Civilians (Palestine),,7,78,Civilian targeting,275,Middle East,Palestine,Gaza Strip,Gaza City,,Gaza - At Tuffah,31.5134,34.4751,1,Al-Ittihad; Ma'an News Agency; Newpress; Palestine News and Information Agency; Quds News Network; Times of Israel; Twitter,New media-National,"On 22 June 2024, Israeli warplanes struck houses and residential apartments in Gaza - At Tuffah (Gaza City, Gaza Strip). As a result, 19 Palestinians were killed, including children and women, and dozens of others were injured.",19,,1759790002
PSE54680,6/22/2024,2024,1,Political violence,Explosions/Remote violence,Air/drone strike,Military Forces of Israel (2022-),,8,Civilians (Palestine),,7,78,Civilian targeting,275,Middle East,Palestine,Gaza Strip,Gaza City,,Gaza - Shujaiyya,31.4988,34.4699,1,Ma'an News Agency; Palestine News and Information Agency; Quds News Network; Twitter,New media-National,"On 22 June 2024, Israeli warplanes struck houses and residential apartments in Gaza - Shujaiyya (Gaza City, Gaza Strip), killing 5 Palestinians.",5,,1759790002
PSE54683,6/22/2024,2024,1,Political violence,Explosions/Remote violence,Air/drone strike,Military Forces of Israel (2022-),,8,Civilians (Palestine),,7,78,Civilian targeting,275,Middle East,Palestine,Gaza Strip,Gaza City,,Gaza - Ad Darraj,31.5172,34.4642,1,Ma'an News Agency; Palestine News and Information Agency,National,"On 22 June 2024, Israeli warplanes struck a house in Gaza - Ad Darraj (Gaza City, Gaza Strip), leaving 3 fatalities (2 children and a woman).",3,,1759790002
PSE54733,6/22/2024,2024,1,Political violence,Explosions/Remote violence,Shelling/artillery/missile attack,Military Forces of Israel (2022-),,8,Civilians (Palestine),,7,78,Civilian targeting,275,Middle East,Palestine,Gaza Strip,Khan Yunis,,Al Mawasi (Khan Yunis),31.3482,34.2547,1,Palestine News and Information Agency,National,"On 22 June 2024, Israeli forces fired bullets and the artillery fired dozens of shells toward (Al Mawasi (Khan Yunis), Gaza Strip), leaving injuries.",0,,1762829569
PSE54738,6/22/2024,2024,1,Political violence,Explosions/Remote violence,Shelling/artillery/missile attack,Military Forces of Israel (2022-),,8,Civilians (Palestine),,7,78,Civilian targeting,275,Middle East,Palestine,Gaza Strip,Deir El Balah,,An Nusayrat - North,31.4591,34.3923,2,Palestine News and Information Agency,National,"On 22 June 2024, Israeli artillery fired shells toward Palestinian houses northwest of An Nusayrat, coded to An Nusayrat - North (Deir El Balah, Gaza Strip), leaving a number of injuries.",0,,1753955132
PSE54750,6/22/2024,2024,1,Political violence,Explosions/Remote violence,Shelling/artillery/missile attack,Military Forces of Israel (2022-),,8,Civilians (Palestine),,7,78,Civilian targeting,275,Middle East,Palestine,Gaza Strip,Gaza City,,Gaza - Sabra,31.5086,34.4493,1,Palestine News and Information Agency,National,"On 22 June 2024, Israeli artillery and tanks stationed in Nezarim, opened fire toward Gaza - Sabra (Gaza City, Gaza Strip), leaving injuries.",0,,1759790002
PSE54752,6/22/2024,2024,1,Political violence,Explosions/Remote violence,Shelling/artillery/missile attack,Military Forces of Israel (2022-),,8,Civilians (Palestine),,7,78,Civilian targeting,275,Middle East,Palestine,Gaza Strip,Deir El Balah,,An Nusayrat - North,31.4591,34.3923,1,Palestine News and Information Agency,National,"On 22 June 2024, Israeli artillery shelled targets near the power station in An Nusayrat - North (Deir El Balah, Gaza Strip), leaving one fatality and one injury.",1,,1753955132
PSE54657,6/22/2024,2024,1,Political violence,Explosions/Remote violence,Air/drone strike,Military Forces of Israel (2022-),,8,Civilians (Palestine),Refugees/IDPs (Palestine),7,78,Civilian targeting,275,Middle East,Palestine,Gaza Strip,Rafah,,Tal as Sultan,31.3098,34.2414,2,Palestine News and Information Agency; Quds News Network; Twitter,New media-National,"On 22 June 2024, Israeli tanks opened fire toward Palestinian houses and tents of displaced people west of Rafah, coded to Tal as Sultan (Rafah, Gaza Strip), leaving at least 2 fatalities and 10 injuries. Also, Israeli helicopters opened fire in the same area [casualties unknown]. Fatalities coded at least 2.",2,,1762829569
PSE54689,6/22/2024,2024,1,Political violence,Violence against civilians,Attack,Military Forces of Israel (2022-),,8,Civilians (Palestine),Fishers (Palestine),7,78,Civilian targeting,275,Middle East,Palestine,Gaza Strip,Gaza City,,Coast of Gaza City,31.5304,34.4215,2,Arab 48; Quds News Network; Twitter,New media-National,"On 22 June 2024, 2 Palestinian fishers were injured by Israeli fire near Gaza Port, likely off the Coast of Gaza City (Gaza Strip).",0,,1753955132
PSE54747,6/22/2024,2024,1,Political violence,Explosions/Remote violence,Shelling/artillery/missile attack,Military Forces of Israel (2022-),,8,Civilians (Palestine),,7,78,Civilian targeting,275,Middle East,Palestine,Gaza Strip,Gaza City,,Gaza - Ash Shaykh Ijlin,31.5098,34.4274,1,Palestine News and Information Agency,National,"On 22 June 2024, Israeli artillery and tanks stationed in Nezarim, opened fire toward Gaza - Ash Shaykh Ijlin (Gaza City, Gaza Strip), leaving injuries.",0,,1753955132
PSE54725,6/22/2024,2024,1,Political violence,Explosions/Remote violence,Shelling/artillery/missile attack,Military Forces of Israel (2022-),,8,Civilians (Palestine),,7,78,Civilian targeting,275,Middle East,Palestine,Gaza Strip,Rafah,,Yibna,31.2842,34.2482,2,Palestine News and Information Agency; PLO Negotiations Affairs Department; Quds News Network; Twitter,Other-New media,"On 22 June 2024, Israeli artillery and tanks shelled targets [including houses] east of Rafah, coded to Yibna (Rafah, Gaza Strip). Casualties unknown.",0,,1753955132
PSE60056,6/22/2024,2024,1,Political violence,Violence against civilians,Attack,Military Forces of Israel (2022-),,8,Civilians (Palestine),,7,78,Civilian targeting,275,Middle East,Palestine,Gaza Strip,Rafah,,Yibna,31.2842,34.2482,2,Palestine News and Information Agency; PLO Negotiations Affairs Department; Quds News Network; Twitter,Other-New media,"On 22 June 2024, Israeli snipers killed a Palestinian at George street east of Rafah, coded to Yibna (Rafah, Gaza Strip).",1,,1753956638
PSE54666,6/22/2024,2024,1,Political violence,Explosions/Remote violence,Air/drone strike,Military Forces of Israel (2022-),,8,Civilians (Palestine),,7,78,Civilian targeting,275,Middle East,Palestine,Gaza Strip,Gaza City,,Gaza - Az Zaytun,31.4964,34.4522,1,Ma'an News Agency; Palestine News and Information Agency; Quds News Network; Twitter,New media-National,"On 22 June 2024, Israeli artillery and tanks stationed in Nezarim, opened fire toward Gaza - Az Zaytun (Gaza City, Gaza Strip), killing 2 Palestinians and leaving a number of injuries. Also, Israeli warplanes struck houses and residential apartments in Az Zaytun, leaving 7 fatalities. Total fatalities were 9.",9,,1759790002
PSE54671,6/22/2024,2024,1,Political violence,Explosions/Remote violence,Air/drone strike,Military Forces of Israel (2022-),,8,Civilians (Palestine),,7,78,Civilian targeting,275,Middle East,Palestine,Gaza Strip,Gaza City,,Gaza - Az Zaytun,31.4964,34.4522,2,Palestine News and Information Agency,National,"On 22 June 2024, Israeli helicopters opened fire toward Palestinian houses south of Gaza - Az Zaytun (Gaza City, Gaza Strip). Casualties unknown.",0,,1759790002
PSE54707,6/22/2024,2024,1,Political violence,Explosions/Remote violence,Air/drone strike,Military Forces of Israel (2022-),,8,Civilians (Palestine),,7,78,Civilian targeting,275,Middle East,Palestine,Gaza Strip,Gaza City,,Gaza - Az Zaytun,31.4964,34.4522,2,Quds News Network; Twitter,New media-National,"On 22 June 2024, Israeli UAVs struck and killed 5 Palestinians east of Gaza - Az Zaytun (Gaza City, Gaza Strip). Also, the Israeli artillery shelled targets east of Az Zaytun [casualties unknown]. Fatalities coded at least 5.",5,,1759790002
PSE54746,6/22/2024,2024,1,Political violence,Explosions/Remote violence,Shelling/artillery/missile attack,Military Forces of Israel (2022-),,8,Civilians (Palestine),,7,78,Civilian targeting,275,Middle East,Palestine,Gaza Strip,Gaza City,,Gaza - Tal el Hawa,31.5041,34.435,1,Palestine News and Information Agency,National,"On 22 June 2024, Israeli artillery and tanks stationed in Nezarim, opened fire toward Gaza - Tal el Hawa (Gaza City, Gaza Strip), leaving injuries.",0,,1759790002
PSE54658,6/22/2024,2024,1,Political violence,Explosions/Remote violence,Air/drone strike,Military Forces of Israel (2022-),,8,Civilians (Palestine),,7,78,Civilian targeting,275,Middle East,Palestine,Gaza Strip,Rafah,,Rafah,31.287,34.2595,1,Arab 48; Palestine News and Information Agency; Quds News Network; Twitter,New media-National,"On 22 June 2024, Israeli warplanes carried out airstrikes and destroyed residential buildings in the center of Rafah city (Rafah, Gaza Strip). Casualties unknown. Also, Israeli tanks and artillery opened fire toward Palestinian houses in the city center [casualties unknown].",0,,1762829569
PSE54699,6/23/2024,2024,1,Political violence,Violence against civilians,Attack,Military Forces of Israel (2022-),,8,Civilians (Palestine),,7,78,Civilian targeting,275,Middle East,Palestine,Gaza Strip,Rafah,,Shokat as Sufi,31.2586,34.2824,1,Palestine News and Information Agency; Quds News Network; Twitter,New media-National,"On 23 June 2024, Israeli forces opened fire and killed a Palestinian in Shokat as Sufi (Rafah, Gaza Strip).",1,,1753955132
PSE54722,6/23/2024,2024,1,Political violence,Explosions/Remote violence,Air/drone strike,Military Forces of Israel (2022-),,8,Civilians (Palestine),Refugees/IDPs (Palestine),7,78,Civilian targeting,275,Middle East,Palestine,Gaza Strip,Gaza City,,Gaza - Ash Shati' Camp,31.5349,34.4466,1,Palestine News and Information Agency,National,"On 23 June 2024, Israeli warplanes struck a house in Gaza - Ash Shati' Camp (Gaza City, Gaza strip), leaving 2 fatalities and several injuries.",2,,1759790002
PSE54729,6/23/2024,2024,1,Political violence,Explosions/Remote violence,Air/drone strike,Military Forces of Israel (2022-),,8,Civilians (Palestine),,7,78,Civilian targeting,275,Middle East,Palestine,Gaza Strip,Gaza City,,Gaza - Sabra,31.5086,34.4493,1,Palestine News and Information Agency; Quds News Network; Twitter,New media-National,"On 23 June 2024, Israeli warplanes struck a house in Gaza - Sabra (Gaza City, Gaza strip), leaving 9 fatalities and dozens of injuries.",9,,1759790002
PSE54731,6/23/2024,2024,1,Political violence,Explosions/Remote violence,Air/drone strike,Military Forces of Israel (2022-),,8,Civilians (Palestine),,7,78,Civilian targeting,275,Middle East,Palestine,Gaza Strip,Deir El Balah,,An Nusayrat - North,31.4591,34.3923,1,Liveuamap; Palestine News and Information Agency; Quds News Network; Twitter,Local partner-New media,"On 23 June 2024, Israeli UAVs struck a group of people near the power station in An Nusayrat - North (Deir El Balah, Gaza Strip), leaving 2 fatalities and a number of injuries. Also, a Palestinian was killed in an airstrike in An Nusayrat - North. Total fatalities were 3.",3,,1753955132
PSE54740,6/23/2024,2024,1,Political violence,Explosions/Remote violence,Air/drone strike,Military Forces of Israel (2022-),,8,Civilians (Palestine),Refugees/IDPs (Palestine),7,78,Civilian targeting,275,Middle East,Palestine,Gaza Strip,Deir El Balah,,Al Burayj,31.4394,34.4031,1,Newpress; Palestine News and Information Agency; Quds News Network; Twitter,New media-National,"On 23 June 2024, Israeli warplanes struck a house in Al Burayj camp (Deir El Balah, Gaza Strip), killing a woman and injuring a number of others.",1,,1753955132
PSE54790,6/23/2024,2024,1,Political violence,Explosions/Remote violence,Shelling/artillery/missile attack,Military Forces of Israel (2022-),,8,Civilians (Palestine),Refugees/IDPs (Palestine),7,78,Civilian targeting,275,Middle East,Palestine,Gaza Strip,Khan Yunis,,Al Mawasi (Khan Yunis),31.3482,34.2547,1,Newpress; Palestine News and Information Agency; Quds News Network; Twitter,New media-National,"On 23 June 2024, Israeli artillery shelled near displaced people's tents in (Al Mawasi (Khan Yunis), Gaza Strip), killing 2 Palestinians including a child and leaving a number of injuries.",2,,1762829569
PSE54739,6/23/2024,2024,1,Political violence,Explosions/Remote violence,Air/drone strike,Military Forces of Israel (2022-),,8,Civilians (Palestine),,7,78,Civilian targeting,275,Middle East,Palestine,Gaza Strip,Gaza City,,Gaza - Ad Darraj,31.5172,34.4642,2,Palestine News and Information Agency,National,"On 23 June 2024, Israeli warplanes struck a house in Gaza city center near Dabit area, coded to Gaza - Ad Darraj (Gaza City, Gaza Strip), leaving at least 3 fatalities.",3,,1759790002
PSE54727,6/23/2024,2024,1,Political violence,Explosions/Remote violence,Air/drone strike,Military Forces of Israel (2022-),,8,Civilians (Palestine),,7,78,Civilian targeting,275,Middle East,Palestine,Gaza Strip,Rafah,,Khirbet al Adas,31.2855,34.2714,2,Palestine News and Information Agency,National,"On 23 June 2024, Israeli warplanes targeted a house north of Rafah, coded to Khirbet al Adas (Rafah, Gaza Strip). Casualties unknown.",0,,1753955132
PSE54797,6/24/2024,2024,1,Political violence,Explosions/Remote violence,Air/drone strike,Military Forces of Israel (2022-),,8,Civilians (Palestine),Refugees/IDPs (Palestine),7,78,Civilian targeting,275,Middle East,Palestine,Gaza Strip,Deir El Balah,,Al Maghazi,31.4214,34.3865,1,Arab 48; Palestine News and Information Agency; Quds News Network; Twitter,New media-National,"On 24 June 2024, Israeli warplanes struck a house in Al Maghazi Camp (Deir El Balah, Gaza Strip), leaving 5 fatalities including 3 children, and injuring a number of Palestinians.",5,,1753955132
PSE54811,6/24/2024,2024,1,Political violence,Explosions/Remote violence,Air/drone strike,Military Forces of Israel (2022-),,8,Civilians (Palestine),,7,78,Civilian targeting,275,Middle East,Palestine,Gaza Strip,Deir El Balah,,An Nusayrat - West,31.4525,34.3756,1,Arab 48; Quds News Network; Twitter,New media-National,"On 24 June 2024, Israeli UAVs opened fire in An Nusayrat - West (Deir El Balah, Gaza strip), injuring a number of Palestinians.",0,,1753955132
PSE54825,6/24/2024,2024,1,Political violence,Explosions/Remote violence,Shelling/artillery/missile attack,Military Forces of Israel (2022-),,8,Civilians (Palestine),,7,78,Civilian targeting,275,Middle East,Palestine,Gaza Strip,Deir El Balah,,Al Burayj,31.4394,34.4031,2,Arab 48; Palestine News and Information Agency,National,"On 24 June 2024, Israeli artillery shelled north of Al Burayj camp (Deir El Balah, Gaza Strip). Casualties unknown. Also, 4 Palestinians were killed east of Al Burayj, likely by artillery fire. Fatalities coded at least 4.",4,,1753955132
PSE54833,6/24/2024,2024,1,Political violence,Explosions/Remote violence,Shelling/artillery/missile attack,Military Forces of Israel (2022-),,8,Civilians (Palestine),,7,78,Civilian targeting,275,Middle East,Palestine,Gaza Strip,Rafah,,Tal as Sultan,31.3098,34.2414,1,Arab 48; Palestine News and Information Agency; Quds News Network; Twitter,New media-National,"On 24 June 2024, Israeli artillery shelled targets in Tal as Sultan (Rafah, Gaza Strip). Casualties unknown. In addition, a Palestinian was killed in the same area. Fatalities coded at least 1.",1,,1762829569
PSE54881,6/24/2024,2024,1,Political violence,Violence against civilians,Attack,Military Forces of Israel (2022-),,8,Civilians (Palestine),,7,78,Civilian targeting,275,Middle East,Palestine,Gaza Strip,Rafah,,Tal as Sultan,31.3098,34.2414,1,Arab 48; Palestine News and Information Agency; Quds News Network; Twitter,New media-National,"On 24 June 2024, Israeli snipers injured several Palestinians in Tal as Sultan (Rafah, Gaza Strip).",0,,1762829569
PSE54780,6/24/2024,2024,1,Political violence,Explosions/Remote violence,Air/drone strike,Military Forces of Israel (2022-),,8,Civilians (Palestine),,7,78,Civilian targeting,275,Middle East,Palestine,Gaza Strip,Gaza City,,Gaza - Az Zaytun,31.4964,34.4522,2,Newpress; Palestine News and Information Agency; Quds News Network; Twitter,New media-National,"On 24 June 2024, a Palestinian body was found in Al Sika street east of Gaza - Az Zaytun (Gaza City, Gaza Strip), likely by airstrike or artillery fire. Also, the artillery opened fire toward Palestinians east and south of Gaza - Az Zaytun. Casualties unknown. Fatalities coded as 1.",1,,1759790002
PSE54804,6/24/2024,2024,1,Political violence,Explosions/Remote violence,Air/drone strike,Military Forces of Israel (2022-),,8,Civilians (Palestine),,7,78,Civilian targeting,275,Middle East,Palestine,Gaza Strip,Rafah,,Rafah,31.287,34.2595,1,Palestine News and Information Agency; Quds News Network; Twitter,New media-National,"On 24 June 2024, Israeli warplanes struck targets in Rafah city (Rafah, Gaza Strip), leaving 2 fatalities and a number of injuries.",2,,1762829569
PSE54810,6/24/2024,2024,1,Political violence,Explosions/Remote violence,Air/drone strike,Military Forces of Israel (2022-),,8,Civilians (Palestine),,7,78,Civilian targeting,275,Middle East,Palestine,Gaza Strip,Rafah,,Khirbet al Adas,31.2855,34.2714,2,Arab 48; Quds News Network; Twitter,New media-National,"On 24 June 2024, Israeli warplanes struck targets in Musabbah area north of Rafah, coded to Khirbet al Adas (Rafah, Gaza Strip), leaving 2 fatalities and a number of injuries.",2,,1753955132
PSE71404,6/24/2024,2024,1,Political violence,Violence against civilians,Attack,Unidentified Armed Group (Palestine),,3,Civilians (Palestine),,7,37,Civilian targeting,275,Middle East,Palestine,Gaza Strip,Gaza City,,Gaza,31.5045,34.4743,3,The Independent Commission For Human Rights,National,"On 24 June 2024, an unidentified armed group opened fire and killed a Palestinian man in the Gaza Strip (coded to Gaza City) after he refused them entry into his house.",1,,1759790002
PSE54795,6/24/2024,2024,1,Political violence,Explosions/Remote violence,Air/drone strike,Military Forces of Israel (2022-),,8,Civilians (Palestine),,7,78,Civilian targeting,275,Middle East,Palestine,Gaza Strip,Khan Yunis,,Bani Suheila,31.3424,34.325,1,Ma'an News Agency; Palestine News and Information Agency; Quds News Network; Twitter,New media-National,"On 24 June 2024, Israeli warplanes targeted Palestinian members of aid security committees in Bani Suheila (Khan Yunis, Gaza Strip), killing 10 people and injuring a number of others. This event involved violence over aid.",10,,1756156113
PSE54839,6/25/2024,2024,1,Political violence,Explosions/Remote violence,Air/drone strike,Military Forces of Israel (2022-),,8,Civilians (Palestine),,7,78,Civilian targeting,275,Middle East,Palestine,Gaza Strip,North Gaza,,Beit Lahiya,31.5541,34.5016,1,Arab 48; Palestine News and Information Agency,National,"On 25 June 2024, Israeli warplanes struck a house in Beit Lahiya (North Gaza, Gaza Strip), leaving fatalities and injuries [unspecified number of fatalities coded as 3].",3,,1753955132
PSE54847,6/25/2024,2024,1,Political violence,Explosions/Remote violence,Air/drone strike,Military Forces of Israel (2022-),,8,Civilians (Palestine),,7,78,Civilian targeting,275,Middle East,Palestine,Gaza Strip,Gaza City,,Gaza - Shujaiyya,31.4988,34.4699,1,Palestine News and Information Agency; Quds News Network; Twitter,New media-National,"On 25 June 2024, Israeli warplanes struck a house in Gaza - Shujaiyya (Gaza City, Gaza Strip), killing at least 2 women and injuring a number of Palestinians.",2,,1759790002
PSE54852,6/25/2024,2024,1,Political violence,Explosions/Remote violence,Air/drone strike,Military Forces of Israel (2022-),,8,Civilians (Palestine),,7,78,Civilian targeting,275,Middle East,Palestine,Gaza Strip,Gaza City,,Gaza - Northern Remal,31.524,34.4505,2,Newpress; Palestine News and Information Agency; Quds News Network; Twitter,New media-National,"On 25 June 2024, Israeli warplanes struck a group of people at Al Wehda street west of Gaza city near Al Shifa hospital, coded to Gaza - Northern Remal (Gaza City, Gaza Strip), killing 5 Palestinians, including 2 children, and injuring a number of others.",5,,1759790002
PSE54878,6/25/2024,2024,1,Political violence,Explosions/Remote violence,Air/drone strike,Military Forces of Israel (2022-),,8,Civilians (Palestine),,7,78,Civilian targeting,275,Middle East,Palestine,Gaza Strip,Khan Yunis,,Khan Yunis - City Centre,31.3419,34.3015,1,Arab 48; Quds News Network; Twitter,New media-National,"On 25 June 2024, Israeli warplanes struck a house in Khan Yunis - City Centre (Khan Yunis, Gaza Strip), leaving 2 fatalities.",2,,1753955132
PSE54882,6/25/2024,2024,1,Political violence,Explosions/Remote violence,Air/drone strike,Military Forces of Israel (2022-),,8,Civilians (Palestine),,7,78,Civilian targeting,275,Middle East,Palestine,Gaza Strip,Gaza City,,Gaza,31.5045,34.4743,1,Arab 48; Newpress; Twitter,New media-National,"On 25 June 2024, an Israeli warplanes struck a passing civilian car in Al Yarmouk area of Gaza city (Gaza City, Gaza Strip), leaving 2 fatalities.",2,,1759790002
PSE54917,6/25/2024,2024,1,Political violence,Explosions/Remote violence,Shelling/artillery/missile attack,Military Forces of Israel (2022-),,8,Civilians (Palestine),Refugees/IDPs (Palestine),7,78,Civilian targeting,275,Middle East,Palestine,Gaza Strip,Deir El Balah,,Al Burayj,31.4394,34.4031,1,Arab 48; Quds News Network; Twitter,New media-National,"On 25 June 2024, Israeli artillery shelled targets in Al Burayj Camp (Deir El Balah, Gaza Strip), leaving fatalities and injuries [unspecified number of fatalities coded as 3].",3,,1753955132
PSE54920,6/25/2024,2024,1,Political violence,Explosions/Remote violence,Shelling/artillery/missile attack,Military Forces of Israel (2022-),,8,Civilians (Palestine),Refugees/IDPs (Palestine),7,78,Civilian targeting,275,Middle East,Palestine,Gaza Strip,Rafah,,Al Mawasi (Rafah),31.3294,34.2299,1,Arab 48; Quds News Network; Twitter,New media-National,"On 25 June 2024, Israeli gunboats opened fire toward the tents of displaced people in (Al Mawasi (Rafah), Gaza Strip), killing a woman and her daughter.",2,,1762829569
PSE54857,6/25/2024,2024,1,Political violence,Explosions/Remote violence,Air/drone strike,Military Forces of Israel (2022-),,8,Civilians (Palestine),,7,78,Civilian targeting,275,Middle East,Palestine,Gaza Strip,North Gaza,,Beit Lahiya - Al Mashroo,31.5433,34.4998,1,Arab 48; Palestine News and Information Agency; Quds News Network; Twitter,New media-National,"On 25 June 2024, Israeli warplanes struck a house in Beit Lahiya - Al Mashroo (North Gaza, Gaza Strip), leaving at least 15 fatalities.",15,,1753955132
PSE54850,6/25/2024,2024,1,Political violence,Explosions/Remote violence,Air/drone strike,Military Forces of Israel (2022-),,8,Civilians (Palestine),,7,78,Civilian targeting,275,Middle East,Palestine,Gaza Strip,Rafah,,Tal as Sultan,31.3098,34.2414,2,Arab 48; Palestine News and Information Agency,National,"On 25 June 2024, Israeli warplanes carried out airstrikes west of Rafah, coded to Tal as Sultan (Rafah, Gaza Strip) amid artillery and tank fire. At least 3 Palestinians were killed in Al Baraksat area awest of Rafah.",3,,1762829569
PSE54890,6/25/2024,2024,1,Political violence,Explosions/Remote violence,Shelling/artillery/missile attack,Military Forces of Israel (2022-),,8,Civilians (Palestine),,7,78,Civilian targeting,275,Middle East,Palestine,Gaza Strip,Rafah,,Tal as Sultan,31.3098,34.2414,1,Palestine News and Information Agency,National,"On 25 June 2024, a Palestinian was killed in Tal as Sultan (Rafah, Gaza Strip) in Israeli artillery shelling. The fatalities were 1.",1,,1762829569
PSE54912,6/25/2024,2024,1,Political violence,Explosions/Remote violence,Shelling/artillery/missile attack,Military Forces of Israel (2022-),,8,Civilians (Palestine),,7,78,Civilian targeting,275,Middle East,Palestine,Gaza Strip,North Gaza,,Jabalya,31.5272,34.4835,2,Arab 48; Quds News Network; Twitter,New media-National,"On 25 June 2024, Israeli artillery struck and killed 3 Palestinians while collecting wood east of Jabalya town (North Gaza, Gaza Strip).",3,,1759790002
PSE54867,6/25/2024,2024,1,Political violence,Explosions/Remote violence,Air/drone strike,Military Forces of Israel (2022-),,8,Civilians (Palestine),,7,78,Civilian targeting,275,Middle East,Palestine,Gaza Strip,Rafah,,Khirbet al Adas,31.2855,34.2714,2,Arab 48; Quds News Network; Twitter,New media-National,"On 25 June 2024, an Israeli UAV struck and killed 2 Palestinians near the Dar al-Fadila school north of Rafah, coded to Khirbet al Adas (Rafah, Gaza Strip), leaving 2 fatalities.",2,,1753955132
PSE54898,6/25/2024,2024,1,Political violence,Explosions/Remote violence,Air/drone strike,Military Forces of Israel (2022-),,8,Civilians (Palestine),,7,78,Civilian targeting,275,Middle East,Palestine,Gaza Strip,Khan Yunis,,Qizan an Najjar,31.323,34.2761,1,Quds News Network; Twitter,New media-National,"On 25 June 2024, Israeli warplanes struck a house in Qizan an Najjar (Khan Yunis, Gaza Strip). Casualties unknown.",0,,1753955132
PSE54927,6/25/2024,2024,1,Political violence,Explosions/Remote violence,Shelling/artillery/missile attack,Military Forces of Israel (2022-),,8,Civilians (Palestine),Refugees/IDPs (Palestine),7,78,Civilian targeting,275,Middle East,Palestine,Gaza Strip,Khan Yunis,,Khan Yunis - As-Sameen,31.3369,34.2925,2,Arab 48; Quds News Network; Twitter,New media-National,"On 25 June 2024, Israeli artillery shelled tents of displaced people in the regional park southwest of Khan Yunis, coded to Khan Yunis - As-Sameen (Khan Yunis, Gaza Strip). Casualties unknown.",0,,1753955132
PSE54923,6/26/2024,2024,1,Political violence,Explosions/Remote violence,Air/drone strike,Military Forces of Israel (2022-),,8,Civilians (Palestine),,7,78,Civilian targeting,275,Middle East,Palestine,Gaza Strip,Khan Yunis,,Bani Suheila,31.3424,34.325,2,Newpress; PLO Negotiations Affairs Department; Quds News Network; Twitter,Other-New media,"On 26 June 2024, Israeli warplanes carried out fire of belt airstrikes east of Khan Yunis, coded to Bani Suheila (Khan Yunis, Gaza Strip) amid artillery and tanks fire. Casualties unknown. A woman and her grandson were killed in Abu Reeda area east of Khan Yunis. Fatalities coded at least 2.",2,,1753955132
PSE54935,6/26/2024,2024,1,Political violence,Explosions/Remote violence,Air/drone strike,Military Forces of Israel (2022-),,8,Civilians (Palestine),Refugees/IDPs (Palestine),7,78,Civilian targeting,275,Middle East,Palestine,Gaza Strip,Deir El Balah,,An Nusayrat,31.4486,34.3925,1,Arab 48; Dunia Al Watan; Palestine News and Information Agency; Quds News Network; Twitter,New media-National,"On 26 June 2024, Israeli warplanes struck a residential apartment in An Nusayrat Camp (Deir El Balah, Gaza Strip), killing 5 persons and injuring others.",5,,1753955132
PSE54951,6/26/2024,2024,1,Political violence,Explosions/Remote violence,Air/drone strike,Military Forces of Israel (2022-),,8,Civilians (Palestine),,7,78,Civilian targeting,275,Middle East,Palestine,Gaza Strip,Khan Yunis,,Khuzaa,31.3069,34.3572,1,Arab 48; Dunia Al Watan; Palestine News and Information Agency; Quds News Network; Twitter,New media-National,"On 26 June 2024, Israeli warplanes struck houses in Khuzaa (khan Yunis, Gaza Strip), leaving 2 fatalities and a number of injuries.",2,,1753955132
PSE54953,6/26/2024,2024,1,Political violence,Explosions/Remote violence,Air/drone strike,Military Forces of Israel (2022-),,8,Civilians (Palestine),Refugees/IDPs (Palestine),7,78,Civilian targeting,275,Middle East,Palestine,Gaza Strip,North Gaza,,Jabalya Camp,31.536,34.4907,1,Palestine News and Information Agency; Quds News Network; Twitter,New media-National,"On 26 June 2024, Israeli warplanes struck a target in al-Alami area in Jabalya Camp (North Gaza, Gaza Strip), leaving at least 8 fatalities and a number of injuries.",8,,1753955132
PSE54954,6/26/2024,2024,1,Political violence,Explosions/Remote violence,Air/drone strike,Military Forces of Israel (2022-),,8,Civilians (Palestine),,7,78,Civilian targeting,275,Middle East,Palestine,Gaza Strip,Gaza City,,Gaza - Shujaiyya,31.4988,34.4699,1,Arab 48; Ma'an News Agency; Quds News Network; Twitter,New media-National,"On 26 June 2024, Israeli warplanes struck a house in Gaza - Shujaiyya (Gaza City, Gaza Strip), leaving 3 fatalities (including 2 children) and a number of injuries.",3,,1759790002
PSE54967,6/26/2024,2024,1,Political violence,Explosions/Remote violence,Shelling/artillery/missile attack,Military Forces of Israel (2022-),,8,Civilians (Palestine),,7,78,Civilian targeting,275,Middle East,Palestine,Gaza Strip,Gaza City,,Gaza - Sabra,31.5086,34.4493,1,Palestine News and Information Agency,National,"On 26 June 2024, Israeli artillery shelled the Gaza - Sabra (Gaza City, Gaza Strip), leaving fatalities. Unspecified number of fatalities coded as 3.",3,,1759790002
PSE54973,6/26/2024,2024,1,Political violence,Explosions/Remote violence,Shelling/artillery/missile attack,Military Forces of Israel (2022-),,8,Civilians (Palestine),Farmers (Palestine),7,78,Civilian targeting,275,Middle East,Palestine,Gaza Strip,Deir El Balah,,An Nusayrat - West,31.4525,34.3756,1,Arab 48; Dunia Al Watan; Ma'an News Agency; Palestine News and Information Agency; Quds News Network; Twitter,New media-National,"On 26 June 2024, Israeli artillery shelled a land and farmers in An Nusayrat - West (Deir El Balah, Gaza Strip). Casualties unknown. Also, Israeli gunboats struck 2 apartments and a house in the same location, killing 9 Palestinians. The total fatalities coded at least 9.",9,,1753955132
PSE54974,6/26/2024,2024,1,Political violence,Explosions/Remote violence,Air/drone strike,Military Forces of Israel (2022-),,8,Civilians (Palestine),,7,78,Civilian targeting,275,Middle East,Palestine,Gaza Strip,Gaza City,,Gaza - Ad Darraj,31.5172,34.4642,1,Arab 48,National,"On 26 June 2024, Israeli warplanes struck a house in Gaza - Ad Darraj (Gaza City, Gaza Strip). Casualties unknown.",0,,1759790002
PSE54977,6/26/2024,2024,1,Political violence,Explosions/Remote violence,Air/drone strike,Military Forces of Israel (2022-),,8,Civilians (Palestine),,7,78,Civilian targeting,275,Middle East,Palestine,Gaza Strip,Gaza City,,Gaza - At Tuffah,31.5134,34.4751,1,Arab 48; Quds News Network; Twitter,New media-National,"On 26 June 2024, Israeli warplanes struck a house in Gaza - At Tuffah (Gaza City, Gaza Strip). Casualties unknown.",0,,1759790002
PSE54980,6/26/2024,2024,1,Political violence,Explosions/Remote violence,Air/drone strike,Military Forces of Israel (2022-),,8,Civilians (Palestine),,7,78,Civilian targeting,275,Middle East,Palestine,Gaza Strip,North Gaza,,Beit Lahiya,31.5541,34.5016,1,Newpress; Palestine News and Information Agency; Quds News Network; Twitter,New media-National,"On 26 June 2024, Israeli warplanes struck a house in Beit Lahiya (North Gaza, Gaza Strip), killing a Palestinian.",1,,1753955132
PSE54981,6/26/2024,2024,1,Political violence,Explosions/Remote violence,Air/drone strike,Military Forces of Israel (2022-),,8,Civilians (Palestine),,7,78,Civilian targeting,275,Middle East,Palestine,Gaza Strip,Khan Yunis,,Abasan al Kabirah,31.3191,34.3401,1,Arutz Sheva; Jerusalem Post; Newpress; Palestine News and Information Agency; Quds News Network; Times of Israel; Twitter,New media-National,"On 26 June 2024, Israeli drones struck a school hosting displaced people in Abasan al Kabirah (Khan Yunis, Gaza Strip), leaving fatalities and injuries. The IDF said that they targeted a school was being used by Hamas as a command center and the strike was 'carefully planned'. [On 23 January 2025, 25 bodies were recovered from under the rubble in Khan Yunis. These fatalities were coded to this event].",25,,1753955132
PSE54940,6/26/2024,2024,1,Political violence,Explosions/Remote violence,Shelling/artillery/missile attack,Military Forces of Israel (2022-),,8,Civilians (Palestine),,7,78,Civilian targeting,275,Middle East,Palestine,Gaza Strip,Rafah,,Yibna,31.2842,34.2482,2,Arab 48; PLO Negotiations Affairs Department,Other-National,"On 26 June 2024, Israeli artillery and tanks shelled targets east of Rafah, coded to Yibna (Rafah, Gaza Strip). At least 3 Palestinians were killed east of Rafah.",3,,1753955132
PSE54948,6/26/2024,2024,1,Political violence,Explosions/Remote violence,Air/drone strike,Military Forces of Israel (2022-),,8,Civilians (Palestine),,7,78,Civilian targeting,275,Middle East,Palestine,Gaza Strip,North Gaza,,Jabalya,31.5272,34.4835,1,Arab 48; Dunia Al Watan; Ma'an News Agency; Palestine News and Information Agency; Quds News Network; Twitter,New media-National,"On 26 June 2024, an Israeli UAV struck a gathering in Al Jurn area of Jabalya town (North Gaza, Gaza Strip), killing 4 persons and injuring a number of others.",4,,1759790002
PSE54962,6/26/2024,2024,1,Political violence,Explosions/Remote violence,Air/drone strike,Military Forces of Israel (2022-),,8,Civilians (Palestine),,7,78,Civilian targeting,275,Middle East,Palestine,Gaza Strip,Gaza City,,Gaza - Az Zaytun,31.4964,34.4522,2,Arab 48; Newpress; Quds News Network; Twitter,New media-National,"On 26 June 2024, Israeli warplanes struck near the al-Maliya junction south of Gaza City, coded to Gaza - Az Zaytun (Gaza City, Gaza Strip), killing a Palestinian and leaving a number of injuries. Also, helicopters and UAVs opened fire in the same area. Casualties unknown. Fatalities coded at least 1.",1,,1759790002
PSE54964,6/26/2024,2024,1,Political violence,Explosions/Remote violence,Shelling/artillery/missile attack,Military Forces of Israel (2022-),,8,Civilians (Palestine),,7,78,Civilian targeting,275,Middle East,Palestine,Gaza Strip,Gaza City,,Gaza - Az Zaytun,31.4964,34.4522,1,Dunia Al Watan; Palestine News and Information Agency; Quds News Network; Twitter,New media-National,"On 26 June 2024, Israeli artillery shelled the Gaza - Az Zaytun (Gaza City, Gaza Strip), leaving fatalities. Unspecified number of fatalities coded as 3.",3,,1759790002
PSE54970,6/26/2024,2024,1,Political violence,Explosions/Remote violence,Shelling/artillery/missile attack,Military Forces of Israel (2022-),,8,Civilians (Palestine),,7,78,Civilian targeting,275,Middle East,Palestine,Gaza Strip,Gaza City,,Gaza - Tal el Hawa,31.5041,34.435,1,Palestine News and Information Agency,National,"On 26 June 2024, Israeli artillery shelled the Gaza - Tal el Hawa (Gaza City, Gaza Strip), leaving fatalities. Unspecified number of fatalities coded as 3.",3,,1759790002
PSE54960,6/26/2024,2024,1,Political violence,Explosions/Remote violence,Air/drone strike,Military Forces of Israel (2022-),,8,Civilians (Palestine),,7,78,Civilian targeting,275,Middle East,Palestine,Gaza Strip,Rafah,,Khirbet al Adas,31.2855,34.2714,2,Arab 48; Newpress; Quds News Network; Twitter,New media-National,"On 26 June 2024, Israeli warplanes struck the area of Urayba north of Rafah city, coded to Khirbet al Adas (Rafah, Gaza Strip), killing a woman.",1,,1753955132
PSE54985,6/26/2024,2024,1,Political violence,Explosions/Remote violence,Shelling/artillery/missile attack,Military Forces of Israel (2022-),,8,Civilians (Palestine),Refugees/IDPs (Palestine),7,78,Civilian targeting,275,Middle East,Palestine,Gaza Strip,Rafah,,Brazil Camp,31.2718,34.2532,1,Arab 48,National,"On 26 June 2024, Israeli artillery shelled several houses in Brazil Camp (Rafah, Gaza Strip). Casualties unknown.",0,,1753955132
PSE54993,6/27/2024,2024,1,Political violence,Explosions/Remote violence,Air/drone strike,Military Forces of Israel (2022-),,8,Civilians (Palestine),,7,78,Civilian targeting,275,Middle East,Palestine,Gaza Strip,Gaza City,,Gaza - Sabra,31.5086,34.4493,1,Arab 48; Newpress; Palestine News and Information Agency; Quds News Network; Twitter,New media-National,"On 27 June 2024, Israeli warplanes struck houses in Gaza - Sabra (Gaza City, Gaza Strip), leaving at least 2 fatalities and a number of injuries.",2,,1759790002
PSE54998,6/27/2024,2024,1,Political violence,Explosions/Remote violence,Air/drone strike,Military Forces of Israel (2022-),,8,Civilians (Palestine),,7,78,Civilian targeting,275,Middle East,Palestine,Gaza Strip,Gaza City,,Gaza - Shujaiyya,31.4988,34.4699,1,Newpress; Palestine News and Information Agency; Quds News Network; Times of Israel; Twitter,New media-National,"On 27 June 2024, Israeli warplanes including helicopters and UAVs struck several targets including houses in Gaza - Shujaiyya (Gaza City, Gaza Strip), leaving at least 7 fatalities and dozens of injuries. Also, Israeli artillery shelled targets and tanks opened fire at houses and buildings amid a ground raid in the area, leaving additional dozens of fatalities and injuries [unspecified number of fatalities coded as 6]. Total fatalities coded as 13 (7 confirmed, 6 unspecified].",13,,1759790002
PSE55002,6/27/2024,2024,1,Political violence,Explosions/Remote violence,Air/drone strike,Military Forces of Israel (2022-),,8,Civilians (Palestine),,7,78,Civilian targeting,275,Middle East,Palestine,Gaza Strip,Deir El Balah,,Az Zawayda,31.4284,34.366,1,Palestine News and Information Agency; Quds News Network; Twitter,New media-National,"On 27 June 2024, Israeli warplanes struck the Az Zawayda (Deir El Balah, Gaza Strip), leaving fatalities and injuries [unspecified number of fatalities coded as 3].",3,,1767742780
PSE55004,6/27/2024,2024,1,Political violence,Explosions/Remote violence,Air/drone strike,Military Forces of Israel (2022-),,8,Civilians (Palestine),Refugees/IDPs (Palestine),7,78,Civilian targeting,275,Middle East,Palestine,Gaza Strip,Deir El Balah,,An Nusayrat,31.4486,34.3925,1,Arab 48; Newpress; Palestine News and Information Agency; Quds News Network; Twitter,New media-National,"On 27 June 2024, Israeli warplanes struck a house in An Nusayrat Camp (Deir El Balah, Gaza Strip), killing 4 Palestinians and injuring 16 more.",4,,1753955132
PSE55005,6/27/2024,2024,1,Political violence,Explosions/Remote violence,Air/drone strike,Military Forces of Israel (2022-),,8,Civilians (Palestine),,7,78,Civilian targeting,275,Middle East,Palestine,Gaza Strip,Gaza City,,Gaza - Ad Darraj,31.5172,34.4642,1,Palestine News and Information Agency; Quds News Network; Twitter,New media-National,"On 27 June 2024, Israeli UAVs opened fire in Gaza - Ad Darraj (Gaza City, Gaza Strip), leaving injuries.",0,,1759790002
PSE55006,6/27/2024,2024,1,Political violence,Explosions/Remote violence,Shelling/artillery/missile attack,Military Forces of Israel (2022-),,8,Civilians (Palestine),,7,78,Civilian targeting,275,Middle East,Palestine,Gaza Strip,Deir El Balah,,Al Burayj,31.4394,34.4031,2,Palestine News and Information Agency; Quds News Network; Twitter,New media-National,"On 27 June 2024, Israeli artillery shelled east of Al Burayj Camp (Deir El Balah, Gaza Strip), leaving a number of fatalities [unspecified number of fatalities coded as 3].",3,,1753955132
PSE55009,6/27/2024,2024,1,Political violence,Explosions/Remote violence,Air/drone strike,Military Forces of Israel (2022-),,8,Civilians (Palestine),Refugees/IDPs (Palestine),7,78,Civilian targeting,275,Middle East,Palestine,Gaza Strip,Rafah,,Al Mawasi (Rafah),31.3294,34.2299,1,Arab 48; Newpress; Palestine News and Information Agency; Quds News Network; Twitter,New media-National,"On 27 June 2024, Israeli UAVs, tanks, and artillery opened fire toward displaced people tents in Al Shakoush of Al Mawasi and in Al Mawasi (Rafah), Gaza Strip, leaving 4 fatalities and 30 injuries.",4,,1762829569
PSE55012,6/27/2024,2024,1,Political violence,Explosions/Remote violence,Air/drone strike,Military Forces of Israel (2022-),,8,Civilians (Palestine),,7,78,Civilian targeting,275,Middle East,Palestine,Gaza Strip,Gaza City,,Gaza - At Tuffah,31.5134,34.4751,1,Arab 48; Quds News Network; Twitter,New media-National,"On 27 June 2024, Israeli warplanes struck houses in Gaza - At Tuffah (Gaza City, Gaza Strip), killing at least one Palestinian and injuring 4 children.",1,,1759790002
PSE55013,6/27/2024,2024,1,Political violence,Explosions/Remote violence,Shelling/artillery/missile attack,Military Forces of Israel (2022-),,8,Civilians (Palestine),,7,78,Civilian targeting,275,Middle East,Palestine,Gaza Strip,Deir El Balah,,Deir al Balah,31.4178,34.3503,2,Palestine News and Information Agency,National,"On 27 June 2024, Israeli artillery struck 3 Palestinians while collecting woods in Deir El Balah area (Deir al Balah, Gaza Strip), killing one person and injuring the other 2 Palestinians.",1,,1753955132
PSE55003,6/27/2024,2024,1,Political violence,Explosions/Remote violence,Air/drone strike,Military Forces of Israel (2022-),,8,Civilians (Palestine),,7,78,Civilian targeting,275,Middle East,Palestine,Gaza Strip,Rafah,,Tal as Sultan,31.3098,34.2414,2,Arab 48; Palestine News and Information Agency,National,"On 27 June 2024, Israeli warplanes carried out airstrikes west of Rafah coded to Tal as Sultan (Rafah, Gaza Strip). Casualties unknown.",0,,1762829569
PSE54926,6/27/2024,2024,1,Political violence,Violence against civilians,Attack,Military Forces of Israel (2022-),,8,Civilians (Palestine),,7,78,Civilian targeting,275,Middle East,Palestine,Gaza Strip,Rafah,,Tal as Sultan,31.3098,34.2414,2,Arab 48; Palestine News and Information Agency,National,"On 27 June 2024, Israeli snipers opened fire and killed a Palestinian near Al Alam roundabout west of Rafah, coded to Tal as Sultan (Rafah, Gaza Strip). Fatalities coded as 1.",1,,1762829569
PSE55010,6/27/2024,2024,1,Political violence,Explosions/Remote violence,Air/drone strike,Military Forces of Israel (2022-),,8,Civilians (Palestine),,7,78,Civilian targeting,275,Middle East,Palestine,Gaza Strip,Deir El Balah,,Deir al Balah,31.4178,34.3503,1,Arab 48; Newpress; Twitter,New media-National,"On 27 June 2024, Israeli warplanes struck the municipality building of Deir al Balah (Deir El Balah, Gaza Strip), leaving injuries.",0,local administrators,1753955132
PSE54996,6/27/2024,2024,1,Political violence,Explosions/Remote violence,Shelling/artillery/missile attack,Military Forces of Israel (2022-),,8,Civilians (Palestine),,7,78,Civilian targeting,275,Middle East,Palestine,Gaza Strip,Rafah,,Yibna,31.2842,34.2482,2,Arab 48; PLO Negotiations Affairs Department,Other-National,"On 27 June 2024, Israeli artillery and tanks shelled targets east of Rafah, coded to Yibna (Rafah, Gaza Strip). At least one Palestinian was killed east of Rafah by artillery fire.",1,,1753955132
PSE54994,6/27/2024,2024,1,Political violence,Explosions/Remote violence,Air/drone strike,Military Forces of Israel (2022-),,8,Civilians (Palestine),,7,78,Civilian targeting,275,Middle East,Palestine,Gaza Strip,Gaza City,,Gaza - Az Zaytun,31.4964,34.4522,1,Arab 48; Palestine News and Information Agency; Quds News Network; Twitter,New media-National,"On 27 June 2024, Israeli UAVs opened fire and injured a number of Palestinians in Gaza - Az Zaytun (Gaza City, Gaza Strip). Also, the Israeli artillery shelled targets in Az Zaytun. Casualties unknown. Also, warplanes targeted a houses and killed a woman. Fatalities coded at least 1.",1,,1759790002
PSE54818,6/28/2024,2024,1,Political violence,Violence against civilians,Attack,Military Forces of Israel (2022-),,8,Civilians (Palestine),,7,78,Civilian targeting,275,Middle East,Palestine,Gaza Strip,Deir El Balah,,An Nusayrat - West,31.4525,34.3756,1,Palestine News and Information Agency,National,"On 28 June 2024, Israeli forces opened fire at a group of Palestinians in Al Rasheed Street in An Nusayrat - West (Deir El Balah, Gaza Strip), leaving 2 fatalities and a number of injuries.",2,,1753955132
PSE55024,6/28/2024,2024,1,Political violence,Explosions/Remote violence,Air/drone strike,Military Forces of Israel (2022-),,8,Civilians (Palestine),,7,78,Civilian targeting,275,Middle East,Palestine,Gaza Strip,Deir El Balah,,Deir al Balah,31.4178,34.3503,1,Palestine News and Information Agency; Quds News Network; Twitter,New media-National,"On 28 June 2024, Israeli warplanes struck at least 2 houses in Al Barakeh and Al Beia area of Deir al Balah city (Deir El Balah, Gaza Strip), leaving 4 fatalities including a woman and a girl. Also, 3 Palestinians were killed in airstrikes targeted a house in the city. The total fatalities were 7.",7,,1753955132
PSE55025,6/28/2024,2024,1,Political violence,Explosions/Remote violence,Air/drone strike,Military Forces of Israel (2022-),,8,Civilians (Palestine),Labor Group (Palestine),7,78,Civilian targeting,275,Middle East,Palestine,Gaza Strip,Deir El Balah,,An Nusayrat,31.4486,34.3925,1,Palestine News and Information Agency,National,"On 28 June 2024, Israeli warplanes struck and killed 3 Palestinian members of the civil defense in An Nusayrat Camp (Deir El Balah, Gaza Strip). Also, a number of Palestinians were injured.",3,,1753955132
PSE55026,6/28/2024,2024,1,Political violence,Explosions/Remote violence,Air/drone strike,Military Forces of Israel (2022-),,8,Civilians (Palestine),Refugees/IDPs (Palestine),7,78,Civilian targeting,275,Middle East,Palestine,Gaza Strip,Rafah,,Al Mawasi (Rafah),31.3294,34.2299,1,Newpress; Palestine News and Information Agency; Quds News Network; Twitter,New media-National,"On 28 June 2024, Israeli UAVs and tanks opened fire toward the tents of displaced people in Al Mawasi (Rafah), Gaza Strip, leaving 11 fatalities and 40 injuries.",11,,1762829569
PSE55027,6/28/2024,2024,1,Political violence,Explosions/Remote violence,Air/drone strike,Military Forces of Israel (2022-),,8,Civilians (Palestine),,7,78,Civilian targeting,275,Middle East,Palestine,Gaza Strip,Rafah,,Shokat as Sufi,31.2586,34.2824,1,Palestine News and Information Agency; Quds News Network; Twitter,New media-National,"On 28 June 2024, Israeli UAVs struck several targets in Shokat as Sufi (Rafah, Gaza Strip), leaving 2 fatalities and a number of injuries.",2,,1753955132
PSE55028,6/28/2024,2024,1,Political violence,Explosions/Remote violence,Air/drone strike,Military Forces of Israel (2022-),,8,Civilians (Palestine),,7,78,Civilian targeting,275,Middle East,Palestine,Gaza Strip,Gaza City,,Gaza - Shujaiyya,31.4988,34.4699,1,Newpress; Palestine News and Information Agency; Quds News Network; Twitter,New media-National,"On 28 June 2024, Israeli warplanes including UAVs and helicopters opened fire at Palestinian houses and struck targets in Gaza - Shujaiyya (Gaza City, Gaza Strip), leaving 7 fatalities and a number of injuries. Also, tanks opened fire in the same locations [casualties unknown]. One Palestinian was killed in airstrikes. The total Fatalities coded at least 8.",8,,1759790002
PSE55030,6/28/2024,2024,1,Political violence,Explosions/Remote violence,Shelling/artillery/missile attack,Military Forces of Israel (2022-),,8,Civilians (Palestine),Refugees/IDPs (Palestine),7,78,Civilian targeting,275,Middle East,Palestine,Gaza Strip,Deir El Balah,,Al Burayj,31.4394,34.4031,1,Newpress; Twitter,New media-National,"On 28 June 2024, Israeli artillery shelled targets in Al Burayj Camp (Deir El Balah, Gaza Strip), leaving injuries.",0,,1753955132
PSE55031,6/28/2024,2024,1,Political violence,Explosions/Remote violence,Air/drone strike,Military Forces of Israel (2022-),,8,Civilians (Palestine),,7,78,Civilian targeting,275,Middle East,Palestine,Gaza Strip,Gaza City,,Gaza - Ad Darraj,31.5172,34.4642,1,Palestine News and Information Agency; Quds News Network; Twitter,New media-National,"On 28 June 2024, Israeli warplanes struck a residential building in Gaza - Ad Darraj (Gaza City, Gaza Strip), injuring 13 Palestinians. Also, the artillery shelled the same area [casualties unknown].",0,,1759790002
PSE55034,6/28/2024,2024,1,Political violence,Explosions/Remote violence,Air/drone strike,Military Forces of Israel (2022-),,8,Civilians (Palestine),,7,78,Civilian targeting,275,Middle East,Palestine,Gaza Strip,Gaza City,,Gaza,31.5045,34.4743,1,Palestine News and Information Agency,National,"On 28 June 2024, Israeli warplanes struck a house in Al Yarmouk area of Gaza City (Gaza City, Gaza Strip), killing 2 children and injuring 5.",2,,1759790002
PSE55035,6/28/2024,2024,1,Political violence,Explosions/Remote violence,Air/drone strike,Military Forces of Israel (2022-),,8,Civilians (Palestine),Refugees/IDPs (Palestine),7,78,Civilian targeting,275,Middle East,Palestine,Gaza Strip,Deir El Balah,,Al Maghazi,31.4214,34.3865,1,Newpress; Palestine News and Information Agency; Twitter,New media-National,"On 28 June 2024, Israeli warplanes struck a target in Al Maghazi Camp (Deir El Balah, Gaza Strip), leaving injuries.",0,,1753955132
PSE55022,6/28/2024,2024,1,Political violence,Explosions/Remote violence,Shelling/artillery/missile attack,Military Forces of Israel (2022-),,8,Civilians (Palestine),,7,78,Civilian targeting,275,Middle East,Palestine,Gaza Strip,Gaza City,,Gaza - Ash Shaykh Ijlin,31.5098,34.4274,1,Palestine News and Information Agency; Quds News Network; Twitter,New media-National,"On 28 June 2024, Israeli artillery shelled Gaza - Ash Shaykh Ijlin (Gaza City, Gaza strip), leaving 4 fatalities.",4,,1753955132
PSE55033,6/28/2024,2024,1,Political violence,Explosions/Remote violence,Air/drone strike,Military Forces of Israel (2022-),,8,Civilians (Palestine),,7,78,Civilian targeting,275,Middle East,Palestine,Gaza Strip,Gaza City,,Gaza - Az Zaytun,31.4964,34.4522,1,Palestine News and Information Agency; Quds News Network; Twitter,New media-National,"On 28 June 2024, Israeli UAVs struck and killed a Palestinian in Gaza - Az Zaytun (Gaza City, Gaza Strip). Also, artillery shelled targets in the same area, casulaties unknown. Fatalities coded at least 1.",1,,1759790002
PSE55023,6/28/2024,2024,1,Political violence,Explosions/Remote violence,Shelling/artillery/missile attack,Military Forces of Israel (2022-),,8,Civilians (Palestine),,7,78,Civilian targeting,275,Middle East,Palestine,Gaza Strip,Khan Yunis,,Khan Yunis - As-Sameen,31.3369,34.2925,2,Palestine News and Information Agency,National,"On 28 June 2024, Israeli artillery shelled near the al-Eqlimi roundabout southwest of Khan Yunis, coded to Khan Yunis - As-Sameen (Khan Yunis, Gaza Strip), leaving injuries.",0,,1753955132
PSE55029,6/28/2024,2024,1,Political violence,Explosions/Remote violence,Shelling/artillery/missile attack,Military Forces of Israel (2022-),,8,Civilians (Palestine),,7,78,Civilian targeting,275,Middle East,Palestine,Gaza Strip,Rafah,,Rafah,31.287,34.2595,1,Arab 48,National,"On 28 June 2024, Israeli artillery shelled houses in the center of Rafah (Rafah, Gaza Strip). Casualties unknown.",0,,1762829569
PSE55055,6/29/2024,2024,1,Political violence,Explosions/Remote violence,Air/drone strike,Military Forces of Israel (2022-),,8,Civilians (Palestine),Refugees/IDPs (Palestine),7,78,Civilian targeting,275,Middle East,Palestine,Gaza Strip,Deir El Balah,,Al Burayj,31.4394,34.4031,1,Arab 48; Palestine News and Information Agency; Quds News Network; Twitter,New media-National,"On 29 June 2024, Israeli warplanes struck a house in Al Burayj Camp (Deir El Balah, Gaza Strip), leaving 4 fatalities and several injuries.",4,,1753955132
PSE55058,6/29/2024,2024,1,Political violence,Explosions/Remote violence,Air/drone strike,Military Forces of Israel (2022-),,8,Civilians (Palestine),Refugees/IDPs (Palestine),7,78,Civilian targeting,275,Middle East,Palestine,Gaza Strip,Deir El Balah,,Al Maghazi,31.4214,34.3865,1,Palestine News and Information Agency,National,"On 29 June 2024, Israeli warplanes struck a house in Al Maghazi Camp (Deir El Balah, Gaza Strip), killing one Palestinian and injuring dozens.",1,,1753955132
PSE55097,6/29/2024,2024,1,Political violence,Explosions/Remote violence,Air/drone strike,Military Forces of Israel (2022-),,8,Civilians (Palestine),,7,78,Civilian targeting,275,Middle East,Palestine,Gaza Strip,Gaza City,,Gaza - Ad Darraj,31.5172,34.4642,1,Palestine News and Information Agency,National,"On 29 June 2024, Israeli warplanes struck a house in Gaza - Ad Darraj (Gaza City, Gaza Strip), leaving 8 fatalities including women and children in Ad Darraj and Sabra [fatalities split across 2 events, 4 out of 8 coded to this location].",4,,1759790002
PSE55105,6/29/2024,2024,1,Political violence,Explosions/Remote violence,Air/drone strike,Military Forces of Israel (2022-),,8,Civilians (Palestine),,7,78,Civilian targeting,275,Middle East,Palestine,Gaza Strip,Gaza City,,Gaza - At Tuffah,31.5134,34.4751,1,Arab 48; Quds News Network; Twitter,New media-National,"On 29 June 2024, Israeli warplanes struck a group of Palestinians in Gaza - At Tuffah (Gaza City, Gaza Strip), leaving fatalities and injuries [unspecified fatalities coded as 3].",3,,1759790002
PSE55126,6/29/2024,2024,1,Political violence,Explosions/Remote violence,Air/drone strike,Military Forces of Israel (2022-),,8,Civilians (Palestine),,7,78,Civilian targeting,275,Middle East,Palestine,Gaza Strip,Gaza City,,Gaza - Sabra,31.5086,34.4493,1,Ma'an News Agency; Palestine News and Information Agency; Quds News Network; Twitter,New media-National,"On 29 June 2024, Israeli warplanes struck a house in Gaza - Sabra (Gaza City, Gaza Strip), leaving 8 fatalities including women and children in Ad Darraj and Sabra [fatalities split across 2 events, 4 out of 8 coded to this location]. Also, an Israeli UAV struck a passing car in Sabra, leaving 7 fatalities. Total fatalities coded as 11.",11,,1759790002
PSE55130,6/29/2024,2024,1,Political violence,Explosions/Remote violence,Air/drone strike,Military Forces of Israel (2022-),,8,Civilians (Palestine),,7,78,Civilian targeting,275,Middle East,Palestine,Gaza Strip,Gaza City,,Gaza - Sheikh Radwan,31.5349,34.4667,2,Palestine News and Information Agency; Quds News Network; Twitter,New media-National,"On 29 June 2024, Israeli warplanes struck a target and a house in Al Manarah and Al Zarqa areas north of Gaza City, coded to Gaza - Sheikh Radwan (Gaza City, Gaza Strip), leaving fatalities and injuries. Unspecified number of fatalities coded as 3.",3,,1759790002
PSE55189,6/29/2024,2024,1,Political violence,Explosions/Remote violence,Shelling/artillery/missile attack,Military Forces of Israel (2022-),,8,Civilians (Palestine),,7,78,Civilian targeting,275,Middle East,Palestine,Gaza Strip,Khan Yunis,,Bani Suheila,31.3424,34.325,2,Palestine News and Information Agency; PLO Negotiations Affairs Department,Other-National,"On 29 June 2024, Israeli artillery and tanks shelled targets (including houses) east of Khan Yunis, coded to Bani Suheila (Khan Yunis, Gaza Strip). Casualties unknown.",0,,1753955132
PSE55224,6/29/2024,2024,1,Political violence,Explosions/Remote violence,Air/drone strike,Military Forces of Israel (2022-),,8,Civilians (Palestine),Refugees/IDPs (Palestine),7,78,Civilian targeting,275,Middle East,Palestine,Gaza Strip,North Gaza,,Jabalya Camp,31.536,34.4907,1,Ma'an News Agency; Newpress; Palestine News and Information Agency; Quds News Network; Twitter,New media-National,"On 29 June 2024, Israeli warplanes struck a house in Jabalya Camp (North Gaza, Gaza Strip), leaving one fatality and a number of injuries.",1,,1753955132
PSE55093,6/29/2024,2024,1,Political violence,Explosions/Remote violence,Air/drone strike,Military Forces of Israel (2022-),,8,Civilians (Palestine),,7,78,Civilian targeting,275,Middle East,Palestine,Gaza Strip,Gaza City,,Gaza,31.5045,34.4743,1,Ma'an News Agency; Palestine News and Information Agency,National,"On 29 June 2024, Israeli warplanes struck a house in Al Wehda street of Gaza City (Gaza City, Gaza Strip), killing 4 Palestinians, including 2 children, and injuring 10 more. Also, an unspecified number of Palestinians were killed in an airstrike that targeted a park in Gaza City [unspecified fatalities coded as 3]. The total fatalities were coded as 7 [4 confirmed, 3 unknown].",7,,1759790002
PSE55138,6/29/2024,2024,1,Political violence,Explosions/Remote violence,Air/drone strike,Military Forces of Israel (2022-),,8,Civilians (Palestine),,7,78,Civilian targeting,275,Middle East,Palestine,Gaza Strip,Gaza City,,Gaza - Shujaiyya,31.4988,34.4699,1,Newpress; Palestine News and Information Agency; Quds News Network; Twitter,New media-National,"On 29 June 2024, Israeli warplanes, UAVs, and tanks opened fire toward Palestinian houses in Gaza - Shujaiyya (Gaza City, Gaza Strip), leaving injuries. Also the artillery shelled targets in the same location. Casualties unknown.",0,,1759790002
PSE55228,6/29/2024,2024,1,Political violence,Explosions/Remote violence,Air/drone strike,Military Forces of Israel (2022-),,8,Civilians (Palestine),Refugees/IDPs (Palestine),7,78,Civilian targeting,275,Middle East,Palestine,Gaza Strip,Rafah,,Al Mawasi (Rafah),31.3294,34.2299,1,Ma'an News Agency; Newpress; Palestine News and Information Agency; Quds News Network; Twitter,New media-National,"On 29 June 2024, Israeli helicopters opened fire and the artillery shelled tents belonging to displaced Palestinians in Al Mawasi (Rafah) and in Al Shakoush area of Al Mawasi (Rafah), Gaza Strip), leaving at least 5 fatalities. Also, a UAV struck a group of people in Al Shakoush, killing 3 persons. Total fatalities coded as at least 8.",8,,1762829569
PSE55113,6/29/2024,2024,1,Political violence,Explosions/Remote violence,Air/drone strike,Military Forces of Israel (2022-),,8,Civilians (Palestine),,7,78,Civilian targeting,275,Middle East,Palestine,Gaza Strip,Gaza City,,Gaza - Az Zaytun,31.4964,34.4522,1,Palestine News and Information Agency,National,"On 29 June 2024, Israeli UAVS (quadcopters) and tanks opened fire toward Palestinian houses near al-Shamaa mosque in Gaza - Az Zaytun (Gaza City, Gaza Strip) amid artillery shelling. Casualties unknown.",0,,1759790002
PSE55236,6/29/2024,2024,1,Political violence,Explosions/Remote violence,Air/drone strike,Military Forces of Israel (2022-),,8,Civilians (Palestine),,7,78,Civilian targeting,275,Middle East,Palestine,Gaza Strip,Rafah,,Khirbet al Adas,31.2855,34.2714,2,Arab 48; Quds News Network; Twitter,New media-National,"On 29 June 2024, Israeli warplanes struck a house in Musabbah area north of Rafah, coded to Khirbet al Adas (Rafah, Gaza Strip), leaving injuries.",0,,1753955132
PSE55227,6/29/2024,2024,1,Political violence,Explosions/Remote violence,Shelling/artillery/missile attack,Military Forces of Israel (2022-),,8,Civilians (Palestine),,7,78,Civilian targeting,275,Middle East,Palestine,Gaza Strip,Rafah,,Al Junainah,31.2642,34.2636,1,Arab 48; Quds News Network; Twitter,New media-National,"On 29 June 2024, Israeli artillery shelled targets in Al Junainah (Rafah, Gaza Strip), leaving 2 fatalities.",2,,1753955132
PSE55098,6/30/2024,2024,1,Political violence,Explosions/Remote violence,Air/drone strike,Military Forces of Israel (2022-),,8,Civilians (Palestine),,7,78,Civilian targeting,275,Middle East,Palestine,Gaza Strip,Gaza City,,Gaza - Ad Darraj,31.5172,34.4642,1,Palestine News and Information Agency; Quds News Network; Twitter,New media-National,"On 30 June 2024, Israeli warplanes struck a house in Gaza - Ad Darraj (Gaza City, Gaza Strip), leaving one fatality and a number of injuries.",1,,1759790002
PSE55106,6/30/2024,2024,1,Political violence,Explosions/Remote violence,Air/drone strike,Military Forces of Israel (2022-),,8,Civilians (Palestine),,7,78,Civilian targeting,275,Middle East,Palestine,Gaza Strip,Gaza City,,Gaza - At Tuffah,31.5134,34.4751,1,Palestine News and Information Agency; Quds News Network; Twitter,New media-National,"On 30 June 2024, Israeli warplanes carried out strikes in Gaza - At Tuffah (Gaza City, Gaza Strip), leaving 2 fatalities.",2,,1759790002
PSE55127,6/30/2024,2024,1,Political violence,Explosions/Remote violence,Air/drone strike,Military Forces of Israel (2022-),,8,Civilians (Palestine),Labor Group (Palestine),7,78,Civilian targeting,275,Middle East,Palestine,Gaza Strip,Gaza City,,Gaza - Sabra,31.5086,34.4493,1,Palestine News and Information Agency; Quds News Network; Twitter,New media-National,"On 30 June 2024, Israeli warplanes struck an apartment in Gaza - Sabra (Gaza City, Gaza Strip). Casualties unknown. Also, Israeli forces (likely artillery) struck and killed a number of Palestinians in Gaza - Sabra, including a civil defense officer. Unspecified number of fatalities coded as 3.",3,,1759790002
PSE55132,6/30/2024,2024,1,Political violence,Explosions/Remote violence,Air/drone strike,Military Forces of Israel (2022-),,8,Civilians (Palestine),,7,78,Civilian targeting,275,Middle East,Palestine,Gaza Strip,Gaza City,,Gaza - Sheikh Radwan,31.5349,34.4667,1,Newpress; Palestine News and Information Agency; Quds News Network; Twitter,New media-National,"On 30 June 2024, Israeli warplanes struck a house in Gaza - Sheikh Radwan (Gaza City, Gaza Strip), leaving 2 fatalities and a number of injuries.",2,,1759790002
PSE55141,6/30/2024,2024,1,Political violence,Explosions/Remote violence,Air/drone strike,Military Forces of Israel (2022-),,8,Civilians (Palestine),,7,78,Civilian targeting,275,Middle East,Palestine,Gaza Strip,Gaza City,,Gaza - Shujaiyya,31.4988,34.4699,1,Newpress; Palestine News and Information Agency; Quds News Network; Twitter,New media-National,"On 30 June 2024, Israeli warplanes, UAVs, and tanks opened fire toward houses in Gaza - Shujaiyya (Gaza City, Gaza Strip) leaving fatalities and injuries. Also the artillery shelled targets in the same location [casualties unknown]. Unspecified number of fatalities coded as 3.",3,,1759790002
PSE55218,6/30/2024,2024,1,Political violence,Explosions/Remote violence,Shelling/artillery/missile attack,Military Forces of Israel (2022-),,8,Civilians (Palestine),,7,78,Civilian targeting,275,Middle East,Palestine,Gaza Strip,North Gaza,,Beit Lahiya,31.5541,34.5016,1,Newpress; Palestine News and Information Agency; Twitter,New media-National,"On 30 June 2024, Israeli artillery shelled Beit Lahiya (North Gaza, Gaza Strip), leaving 2 fatalities.",2,,1753955132
PSE55222,6/30/2024,2024,1,Political violence,Explosions/Remote violence,Air/drone strike,Military Forces of Israel (2022-),,8,Civilians (Palestine),,7,78,Civilian targeting,275,Middle East,Palestine,Gaza Strip,North Gaza,,Beit Lahiya - Atatra,31.5594,34.4875,1,Quds News Network; Twitter,New media-National,"On 30 June 2024, Israeli warplanes struck a target in Beit Lahiya - Atatra (North Gaza, Gaza Strip), injuring a man and his daughter.",0,,1753955132
PSE55258,6/30/2024,2024,1,Political violence,Explosions/Remote violence,Shelling/artillery/missile attack,Military Forces of Israel (2022-),,8,Civilians (Palestine),,7,78,Civilian targeting,275,Middle East,Palestine,Gaza Strip,Rafah,,Shokat as Sufi,31.2586,34.2824,2,Palestine News and Information Agency,National,"On 30 June 2024, Israeli artillery shelled south of Rafah, coded to Shokat as Sufi (Rafah, Gaza Strip), leaving injuries.",0,,1753955132
PSE55263,6/30/2024,2024,1,Political violence,Explosions/Remote violence,Air/drone strike,Military Forces of Israel (2022-),,8,Civilians (Palestine),,7,78,Civilian targeting,275,Middle East,Palestine,Gaza Strip,Rafah,,Tal as Sultan,31.3098,34.2414,2,Palestine News and Information Agency; Quds News Network; Twitter,New media-National,"On 30 June 2024, Israeli warplanes struck a house west of Rafah, coded to Tal as Sultan (Rafah, Gaza Strip), killing 6 Palestinians including children.",6,,1762829569
PSE55286,6/30/2024,2024,1,Political violence,Explosions/Remote violence,Shelling/artillery/missile attack,Military Forces of Israel (2022-),,8,Civilians (Palestine),,7,78,Civilian targeting,275,Middle East,Palestine,Gaza Strip,Rafah,,Yibna,31.2842,34.2482,2,Newpress; PLO Negotiations Affairs Department; Twitter,Other-New media,"On 30 June 2024, Israeli artillery and tanks shelled targets east of Rafah, coded to Yibna (Rafah, Gaza Strip). Casualties unknown. 2 Palestinians were killed east of Rafah.",2,,1753955132
PSE55171,6/30/2024,2024,1,Political violence,Explosions/Remote violence,Shelling/artillery/missile attack,Military Forces of Israel (2022-),,8,Civilians (Palestine),,7,78,Civilian targeting,275,Middle East,Palestine,Gaza Strip,Gaza City,,Gaza - Tal el Hawa,31.5041,34.435,1,Palestine News and Information Agency,National,"On 30 June 2024, Israeli artillery shelled houses in Gaza - Tal el Hawa (Gaza City, Gaza Strip). Casualties unknown.",0,,1759790002
