event_id_cnty,event_date,year,time_precision,disorder_type,event_type,sub_event_type,actor1,assoc_actor_1,inter1,actor2,assoc_actor_2,inter2,interaction,civilian_targeting,iso,region,country,admin1,admin2,admin3,location,latitude,longitude,geo_precision,source,source_scale,notes,fatalities,tags,timestamp
PSE39654,11/1/2023,2023,1,Political violence,Explosions/Remote violence,Air/drone strike,Military Forces of Israel (2022-),,8,Civilians (Palestine),,7,78,Civilian targeting,275,Middle East,Palestine,Gaza Strip,Khan Yunis,,Khan Yunis,31.3502,34.3081,1,Newpress; Palestine News and Information Agency; Quds News Network; Twitter,New media-National,"On 1 November 2023, Israeli military airplanes struck 2 houses in Khan Yunis city (Khan Yunis, Gaza Strip). At least 5 persons were killed and more than 50 Palestinians were injured, including women and children.",5,,1753954955
PSE39656,11/1/2023,2023,1,Political violence,Explosions/Remote violence,Air/drone strike,Military Forces of Israel (2022-),,8,Civilians (Palestine),,7,78,Civilian targeting,275,Middle East,Palestine,Gaza Strip,Khan Yunis,,Bani Suheila,31.3424,34.325,1,Palestine News and Information Agency; Quds News Network,National,"On 1 November 2023, Israeli military airplanes carried out belt of fire airstrikes in al-Zannah area of Bani Suheila (Khan Yunis, Gaza Strip). At least 12 persons were killed in al-Zannah and Al Qararah after hitting 2 houses [fatalities split between Bani Suheila and Al Qararah, 6 fatalities coded for each].",6,,1753954955
PSE39657,11/1/2023,2023,1,Political violence,Explosions/Remote violence,Air/drone strike,Military Forces of Israel (2022-),,8,Civilians (Palestine),,7,78,Civilian targeting,275,Middle East,Palestine,Gaza Strip,Khan Yunis,,Al Qararah,31.3739,34.3409,1,Palestine News and Information Agency,National,"On 1 November 2023, Israeli military airplanes carried out belt of fire airstrikes in Al Qararah (Khan Yunis, Gaza Strip). At least 12 persons were killed in al-Zannah and Al Qararah after hitting 2 houses [fatalities split between Bani Suheila and Al Qararah, 6 fatalities coded for each].",6,,1753954955
PSE39682,11/1/2023,2023,1,Political violence,Explosions/Remote violence,Shelling/artillery/missile attack,Military Forces of Israel (2022-),,8,Civilians (Palestine),,7,78,Civilian targeting,275,Middle East,Palestine,Gaza Strip,Gaza City,,Gaza - Shujaiyya,31.4988,34.4699,2,PLO Negotiations Affairs Department,Other,"On 1 November 2023, Israeli artillery and tanks struck targets east of Gaza (coded to Gaza - Shujaiyya, Gaza Strip). Casualties unknown.",0,,1759789988
PSE39683,11/1/2023,2023,1,Political violence,Explosions/Remote violence,Shelling/artillery/missile attack,Military Forces of Israel (2022-),,8,Civilians (Palestine),,7,78,Civilian targeting,275,Middle East,Palestine,Gaza Strip,Khan Yunis,,Bani Suheila,31.3424,34.325,2,PLO Negotiations Affairs Department; Quds News Network,Other-National,"On 1 November 2023, Israeli artillery and tanks struck targets east of Khan Yunis (coded as Bani Suheila, Gaza Strip). Casualties unknown.",0,,1753954955
PSE39693,11/1/2023,2023,1,Political violence,Explosions/Remote violence,Shelling/artillery/missile attack,Military Forces of Israel (2022-),,8,Civilians (Palestine),,7,78,Civilian targeting,275,Middle East,Palestine,Gaza Strip,Khan Yunis,,Khan Yunis - West (Municipal Stadium),31.3484,34.2961,2,PLO Negotiations Affairs Department; Quds News Network,Other-National,"On 1 November 2023, Israeli warships struck targets west of Khan Yunis (coded as Khan Yunis - West (Municipal Stadium), Gaza Strip). Casualties unknown.",0,,1753954955
PSE39699,11/1/2023,2023,1,Political violence,Explosions/Remote violence,Air/drone strike,Military Forces of Israel (2022-),,8,Civilians (Palestine),,7,78,Civilian targeting,275,Middle East,Palestine,Gaza Strip,Khan Yunis,,Khan Yunis - Maen,31.336,34.3172,1,Newpress; Twitter,New media-National,"On 1 November 2023, Israeli military airplanes struck a house in Khan Yunis - Maen (Khan Yunis, Gaza Strip). Several persons were injured.",0,,1753954955
PSE39660,11/1/2023,2023,1,Political violence,Explosions/Remote violence,Air/drone strike,Military Forces of Israel (2022-),,8,Civilians (Palestine),Refugees/IDPs (Palestine),7,78,Civilian targeting,275,Middle East,Palestine,Gaza Strip,Deir El Balah,,An Nusayrat,31.4486,34.3925,1,Palestine News and Information Agency,National,"On 1 November 2023, Israeli military airplanes struck a passing car in An Nusayrat refugee camp (Deir El Balah, Gaza Strip). 2 persons were killed and several others were injured.",2,,1753954955
PSE39665,11/1/2023,2023,1,Political violence,Explosions/Remote violence,Air/drone strike,Military Forces of Israel (2022-),,8,Civilians (Palestine),,7,78,Civilian targeting,275,Middle East,Palestine,Gaza Strip,Deir El Balah,,Az Zawayda,31.4284,34.366,1,Palestine News and Information Agency,National,"On 1 November 2023, Israeli military airplanes struck a house in Az Zawayda (Deir El Balah, Gaza Strip). 8 persons were killed.",8,,1767742766
PSE39677,11/1/2023,2023,1,Political violence,Explosions/Remote violence,Shelling/artillery/missile attack,Military Forces of Israel (2022-),,8,Civilians (Palestine),Journalists (Palestine); Refugees/IDPs (Palestine),7,78,Civilian targeting,275,Middle East,Palestine,Gaza Strip,Deir El Balah,,An Nusayrat,31.4486,34.3925,1,Guardian (United Kingdom); International Federation of Journalists; Palestine News and Information Agency; Quds News Network,Other-National,"On 1 November 2023, Israeli military artillery struck houses in An Nusayrat refugee camp (Deir El Balah, Gaza Strip) several times throughout the day. At least 8 civilians were killed, including 1 journalist, and several others injured.",8,,1757975700
PSE39679,11/1/2023,2023,1,Political violence,Explosions/Remote violence,Shelling/artillery/missile attack,Military Forces of Israel (2022-),,8,Civilians (Palestine),,7,78,Civilian targeting,275,Middle East,Palestine,Gaza Strip,Deir El Balah,,Al Burayj,31.4394,34.4031,2,Quds News Network,National,"On 1 November 2023, Israeli artillery and tanks struck targets east of Al Burayj (Deir El Balah, Gaza Strip). Casualties unknown.",0,,1753954955
PSE39689,11/1/2023,2023,1,Political violence,Explosions/Remote violence,Shelling/artillery/missile attack,Military Forces of Israel (2022-),,8,Civilians (Palestine),,7,78,Civilian targeting,275,Middle East,Palestine,Gaza Strip,Deir El Balah,,Al Musaddar,31.4105,34.378,2,PLO Negotiations Affairs Department; Quds News Network,Other-National,"On 1 November 2023, Israeli warships struck targets west of Deir El Balah (coded to Al Musaddar, Gaza Strip). Casualties unknown.",0,,1765850627
PSE39669,11/1/2023,2023,1,Political violence,Explosions/Remote violence,Air/drone strike,Military Forces of Israel (2022-),,8,Civilians (Palestine),,7,78,Civilian targeting,275,Middle East,Palestine,Gaza Strip,North Gaza,,Beit Lahiya,31.5541,34.5016,1,Quds News Network,National,"On 1 November 2023, Israeli military airplanes carried out airstrikes on the outskirts of the Indonesian Hospital in Beit Lahiya (North Gaza, Gaza Strip). Casualties unknown.",0,,1753954955
PSE39678,11/1/2023,2023,1,Political violence,Explosions/Remote violence,Shelling/artillery/missile attack,Military Forces of Israel (2022-),,8,Civilians (Palestine),,7,78,Civilian targeting,275,Middle East,Palestine,Gaza Strip,North Gaza,,Beit Lahiya,31.5541,34.5016,2,Quds News Network,National,"On 1 November 2023, Israeli artillery and tanks struck targets west of Beit Lahiya (North Gaza, Gaza Strip). Casualties unknown.",0,,1753954955
PSE39686,11/1/2023,2023,1,Political violence,Explosions/Remote violence,Shelling/artillery/missile attack,Military Forces of Israel (2022-),,8,Civilians (Palestine),,7,78,Civilian targeting,275,Middle East,Palestine,Gaza Strip,North Gaza,,Beit Lahiya - Al Salateen,31.5558,34.4814,2,PLO Negotiations Affairs Department; Quds News Network,Other-National,"On 1 November 2023, Israeli warships struck targets west of North Gaza (coded to Beit Lahiya - Al Salateen, Gaza Strip). Casualties unknown.",0,,1753954955
PSE39696,11/1/2023,2023,1,Political violence,Explosions/Remote violence,Shelling/artillery/missile attack,Military Forces of Israel (2022-),,8,Civilians (Palestine),,7,78,Civilian targeting,275,Middle East,Palestine,Gaza Strip,North Gaza,,Beit Lahiya - Atatra,31.5594,34.4875,1,Newpress; Twitter,New media-National,"On 1 November 2023, Israeli artillery and tanks shelled Beit Lahiya - Atatra (North Gaza, Gaza Strip). Casualties unknown.",0,,1753954955
PSE39700,11/1/2023,2023,1,Political violence,Explosions/Remote violence,Air/drone strike,Military Forces of Israel (2022-),,8,Civilians (Palestine),,7,78,Civilian targeting,275,Middle East,Palestine,Gaza Strip,North Gaza,,Beit Lahiya - Atatra,31.5594,34.4875,1,Newpress; Twitter,New media-National,"On 1 November 2023, Israeli military airplanes carried out airstrikes in Beit Lahiya - Atatra (North Gaza, Gaza Strip). Casualties unknown.",0,,1753954955
PSE39701,11/1/2023,2023,1,Political violence,Explosions/Remote violence,Air/drone strike,Military Forces of Israel (2022-),,8,Civilians (Palestine),,7,78,Civilian targeting,275,Middle East,Palestine,Gaza Strip,North Gaza,,Beit Lahiya - Al Salateen,31.5558,34.4814,1,Newpress; Twitter,New media-National,"On 1 November 2023, Israeli military airplanes carried out airstrikes in Beit Lahiya - Al Salateen (North Gaza, Gaza Strip). Casualties unknown.",0,,1753954955
PSE39702,11/1/2023,2023,1,Political violence,Explosions/Remote violence,Shelling/artillery/missile attack,Military Forces of Israel (2022-),,8,Civilians (Palestine),,7,78,Civilian targeting,275,Middle East,Palestine,Gaza Strip,North Gaza,,Beit Lahiya - Al Salateen,31.5558,34.4814,1,Newpress; Twitter,New media-National,"On 1 November 2023, Israeli artillery and tanks shelled Beit Lahiya - Al Salateen (North Gaza, Gaza Strip). Casualties unknown.",0,,1753954955
PSE39664,11/1/2023,2023,1,Political violence,Explosions/Remote violence,Air/drone strike,Military Forces of Israel (2022-),,8,Civilians (Palestine),,7,78,Civilian targeting,275,Middle East,Palestine,Gaza Strip,Khan Yunis,,Khan Yunis - An Nasser,31.3746,34.2993,1,Ma'an News Agency; Palestine News and Information Agency,National,"On 1 November 2023, Israeli military airplanes struck a group of Palestinians in the Asdaa Media City in Khan Yunis - An Nasser (Gaza Strip). 3 persons were killed.",3,,1753954955
PSE39667,11/1/2023,2023,1,Political violence,Explosions/Remote violence,Air/drone strike,Military Forces of Israel (2022-),,8,Civilians (Palestine),Labor Group (Palestine),7,78,Civilian targeting,275,Middle East,Palestine,Gaza Strip,Gaza City,,Gaza - Nasr,31.534,34.4574,2,Palestine News and Information Agency,National,"On 1 November 2023, Israeli military airplanes carried out airstrikes in Gaza - Nasr (Gaza City, Gaza Strip). Several civil defense personnel were injured.",0,,1753954955
PSE39692,11/1/2023,2023,1,Political violence,Explosions/Remote violence,Shelling/artillery/missile attack,Military Forces of Israel (2022-),,8,Civilians (Palestine),,7,78,Civilian targeting,275,Middle East,Palestine,Gaza Strip,Gaza City,,Gaza - Southern Remal,31.5168,34.4355,2,PLO Negotiations Affairs Department; Quds News Network,Other-National,"On 1 November 2023, Israeli warships struck targets west of Gaza City (coded as Gaza - Southern Remal, Gaza Strip). Casualties unknown.",0,,1759789988
PSE39684,11/1/2023,2023,1,Political violence,Explosions/Remote violence,Shelling/artillery/missile attack,Military Forces of Israel (2022-),,8,Civilians (Palestine),,7,78,Civilian targeting,275,Middle East,Palestine,Gaza Strip,Rafah,,Tal as Sultan,31.3098,34.2414,2,PLO Negotiations Affairs Department; Quds News Network,Other-National,"On 1 November 2023, Israeli warships struck targets west of Rafah (coded to Tal as Sultan, Gaza Strip). Casualties unknown.",0,,1762829569
PSE39666,11/1/2023,2023,1,Political violence,Explosions/Remote violence,Air/drone strike,Military Forces of Israel (2022-),,8,Civilians (Palestine),,7,78,Civilian targeting,275,Middle East,Palestine,Gaza Strip,Gaza City,,Gaza - Ash Shati' Camp,31.5349,34.4466,2,Palestine News and Information Agency; Quds News Network,National,"On 1 November 2023, Israeli military airplanes carried out airstrikes in Al Karamah and Gaza - Ash Shati' Camp area (Gaza City, Gaza Strip). Also, airplanes fired white phosphorus bombs. Casualties unknown. HRW and other international organizations have accused Israel of using white phosphorous bombs.",0,,1759789988
PSE39662,11/1/2023,2023,1,Political violence,Explosions/Remote violence,Air/drone strike,Military Forces of Israel (2022-),,8,Civilians (Palestine),,7,78,Civilian targeting,275,Middle East,Palestine,Gaza Strip,Gaza City,,Gaza,31.5045,34.4743,1,Palestine News and Information Agency; Palestinian Ministry of Health; Quds News Network,Other-National,"On 1 November 2023, Israeli military airplanes struck targets in Gaza City (Gaza City, Gaza Strip). Several persons were killed and injured. [Palestinian Ministry of Health reported 9257 fatalities upto 2 November 2023. 38 fatalities not attributed to specific events split across 8 events between 30 October - 2 November. 5 fatalities coded to this event.]",5,,1759789988
PSE39659,11/1/2023,2023,1,Political violence,Explosions/Remote violence,Air/drone strike,Military Forces of Israel (2022-),,8,Civilians (Palestine),Refugees/IDPs (Palestine),7,78,Civilian targeting,275,Middle East,Palestine,Gaza Strip,North Gaza,,Jabalya Camp,31.536,34.4907,1,Newpress; Palestine Information Center; Palestine News and Information Agency; Quds News Network; Twitter,Other-New media,"On 1 November 2023, Israeli military airplanes struck a residential area in al-Falouja and al-Houja of Mukhayyam Jabalya camp (North Gaza, Gaza Strip). Dozens of Palestinians were killed and injured. An unspecified number of fatalities coded as 12. Israeli military airplanes struck another house in Mukhayyam Jabalya camp (Abu al-Ish family). At least 8 persons were killed.",20,,1753954955
PSE39697,11/1/2023,2023,1,Political violence,Explosions/Remote violence,Air/drone strike,Military Forces of Israel (2022-),,8,Civilians (Palestine),UN: United Nations,7,78,Civilian targeting,275,Middle East,Palestine,Gaza Strip,Gaza City,,Gaza - Ash Shaykh Ijlin,31.5098,34.4274,1,Quds News Network,National,"On 1 November 2023, Israeli military airplanes struck a passing car belongs to the UN in Gaza - Ash Shaykh Ijlin (Gaza City, Gaza Strip). Several persons were injured.",0,,1753954955
PSE39681,11/1/2023,2023,1,Political violence,Explosions/Remote violence,Shelling/artillery/missile attack,Military Forces of Israel (2022-),,8,Civilians (Palestine),,7,78,Civilian targeting,275,Middle East,Palestine,Gaza Strip,Rafah,,Yibna,31.2842,34.2482,2,PLO Negotiations Affairs Department; Quds News Network,Other-National,"On 1 November 2023, Israeli artillery and tanks struck targets east of Rafah (coded to Yibna, Gaza Strip). Casualties unknown.",0,,1753954955
PSE39655,11/1/2023,2023,1,Political violence,Explosions/Remote violence,Air/drone strike,Military Forces of Israel (2022-),,8,Civilians (Palestine),,7,78,Civilian targeting,275,Middle East,Palestine,Gaza Strip,Gaza City,,Gaza - Tal el Hawa,31.5041,34.435,1,Palestine News and Information Agency,National,"On 1 November 2023, Israeli military airplanes carried out airstrikes on the outskirts of Al Quds Hospital in Gaza - Tal el Hawa (Gaza City, Gaza Strip). Casualties unknown.",0,,1759789988
PSE39661,11/1/2023,2023,1,Political violence,Explosions/Remote violence,Air/drone strike,Military Forces of Israel (2022-),,8,Civilians (Palestine),,7,78,Civilian targeting,275,Middle East,Palestine,Gaza Strip,North Gaza,,Jabalya,31.5272,34.4835,1,Palestine News and Information Agency; Quds News Network,National,"On 1 November 2023, Israeli military airplanes struck a house in Jabalya town (North Gaza, Gaza Strip). 3 persons were killed and 20 others were injured.",3,,1759789988
PSE39672,11/1/2023,2023,1,Political violence,Explosions/Remote violence,Air/drone strike,Military Forces of Israel (2022-),,8,Civilians (Palestine),,7,78,Civilian targeting,275,Middle East,Palestine,Gaza Strip,Gaza City,,Gaza - Az Zaytun,31.4964,34.4522,1,Quds News Network,National,"On 1 November 2023, Israeli military airplanes carried out fire of belt airstrikes in Gaza - Az Zaytun (Gaza City, Gaza Strip). Casualties unknown.",0,,1759789988
PSE39676,11/1/2023,2023,1,Political violence,Explosions/Remote violence,Shelling/artillery/missile attack,Military Forces of Israel (2022-),,8,Civilians (Palestine),,7,78,Civilian targeting,275,Middle East,Palestine,Gaza Strip,Gaza City,,Juhr ad Dik,31.4557,34.4372,1,Palestine News and Information Agency; Quds News Network,National,"On 1 November 2023, Israeli artillery shelled Juhr ad Dik area (Gaza City, Gaza Strip). Casualties unknown.",0,,1753954955
PSE39680,11/1/2023,2023,1,Political violence,Explosions/Remote violence,Shelling/artillery/missile attack,Military Forces of Israel (2022-),,8,Civilians (Palestine),,7,78,Civilian targeting,275,Middle East,Palestine,Gaza Strip,North Gaza,,Jabalya,31.5272,34.4835,2,PLO Negotiations Affairs Department,Other,"On 1 November 2023, Israeli artillery and tanks struck targets east of North Gaza (Jabalya, Gaza Strip). Casualties unknown.",0,,1759789988
PSE39695,11/1/2023,2023,1,Political violence,Explosions/Remote violence,Shelling/artillery/missile attack,Military Forces of Israel (2022-),,8,Civilians (Palestine),,7,78,Civilian targeting,275,Middle East,Palestine,Gaza Strip,Gaza City,,Gaza - Az Zaytun,31.4964,34.4522,1,Quds News Network,National,"On 1 November 2023, Israeli artillery and tanks struck Gaza - Az Zaytun (Gaza City, Gaza Strip). Casualties unknown.",0,,1759789988
PSE39507,11/2/2023,2023,1,Political violence,Violence against civilians,Attack,Military Forces of Israel (2022-),,8,Civilians (Palestine),Farmers (Palestine),7,78,Civilian targeting,275,Middle East,Palestine,Gaza Strip,Khan Yunis,,Abasan al Kabirah,31.3191,34.3401,2,Palestine News and Information Agency,National,"On 2 November 2023, Israeli military forces opened fire at Palestinian farmers while working east of Khan Yunis (coded as Abasan al Kabirah, Khan Yunis, Gaza Strip). Several farmers were injured.",0,,1753954955
PSE39708,11/2/2023,2023,1,Political violence,Explosions/Remote violence,Shelling/artillery/missile attack,Military Forces of Israel (2022-),,8,Civilians (Palestine),,7,78,Civilian targeting,275,Middle East,Palestine,Gaza Strip,Khan Yunis,,Khan Yunis - West (Municipal Stadium),31.3484,34.2961,2,PLO Negotiations Affairs Department,Other,"On 2 November 2023, Israeli warships struck targets west of Khan Yunis (coded as Khan Yunis - West (Municipal Stadium), Gaza Strip). Casualties unknown.",0,,1753954955
PSE39711,11/2/2023,2023,1,Political violence,Explosions/Remote violence,Shelling/artillery/missile attack,Military Forces of Israel (2022-),,8,Civilians (Palestine),,7,78,Civilian targeting,275,Middle East,Palestine,Gaza Strip,Gaza City,,Gaza - Shujaiyya,31.4988,34.4699,2,PLO Negotiations Affairs Department,Other,"On 2 November 2023, Israeli artillery and tanks struck targets east of Gaza (coded to Gaza - Shujaiyya, Gaza Strip). Casualties unknown.",0,,1759789988
PSE39712,11/2/2023,2023,1,Political violence,Explosions/Remote violence,Shelling/artillery/missile attack,Military Forces of Israel (2022-),,8,Civilians (Palestine),,7,78,Civilian targeting,275,Middle East,Palestine,Gaza Strip,Khan Yunis,,Abasan al Kabirah,31.3191,34.3401,2,PLO Negotiations Affairs Department,Other,"On 2 November 2023, Israeli artillery and tanks struck targets east of Khan Yunis (coded as Abasan al Kabirah, Gaza Strip). Casualties unknown.",0,,1753954955
PSE39724,11/2/2023,2023,1,Political violence,Explosions/Remote violence,Shelling/artillery/missile attack,Military Forces of Israel (2022-),,8,Civilians (Palestine),,7,78,Civilian targeting,275,Middle East,Palestine,Gaza Strip,Gaza City,,Gaza,31.5045,34.4743,1,Palestine News and Information Agency,National,"On 2 November 2023, Israeli artillery struck targets on the outskirts of the Turkish-Palestinian Friendship Hospital in Gaza City (Gaza City, Gaza Strip). Casualties unknown.",0,,1759789988
PSE39734,11/2/2023,2023,1,Political violence,Explosions/Remote violence,Shelling/artillery/missile attack,Military Forces of Israel (2022-),,8,Civilians (Palestine),,7,78,Civilian targeting,275,Middle East,Palestine,Gaza Strip,Khan Yunis,,Al Fukhari,31.2952,34.3332,2,Palestine News and Information Agency; Quds News Network; Twitter,New media-National,"On 2 November 2023, Israeli artillery struck houses east of Al Fukhari (Khan Yunis, Gaza Strip). 2 Palestinians were killed and several others were injured.",2,,1753954955
PSE39736,11/2/2023,2023,1,Political violence,Explosions/Remote violence,Air/drone strike,Military Forces of Israel (2022-),,8,Civilians (Palestine),,7,78,Civilian targeting,275,Middle East,Palestine,Gaza Strip,Gaza City,,Gaza,31.5045,34.4743,1,Palestine News and Information Agency,National,"On 2 November 2023, Israeli military airplanes struck several houses in Gaza City (Gaza City, Gaza Strip). 10 persons were killed and at last 15 Palestinians were injured in several location in Gaza City",10,,1759789988
PSE39737,11/2/2023,2023,1,Political violence,Explosions/Remote violence,Air/drone strike,Military Forces of Israel (2022-),,8,Civilians (Palestine),Journalists (Palestine),7,78,Civilian targeting,275,Middle East,Palestine,Gaza Strip,Khan Yunis,,Khan Yunis,31.3502,34.3081,2,Palestine News and Information Agency; Quds News Network; Twitter,New media-National,"On 2 November 2023, Israeli military airplanes struck residential buildings and a house (Shurrab family) in Khan Yunis (Khan Yunis, Gaza Strip). Several persons were injured.At around 9:40 pm, Israeli military airplanes struck a house (Abu Hatab family) in Khan Yunis. 12 persons were killed, including a journalist. Israeli military airplanes also carried out airstrikes in al-Manarah area of Khan Yunis. Casualties unknown.",12,,1753954955
PSE39743,11/2/2023,2023,1,Political violence,Explosions/Remote violence,Shelling/artillery/missile attack,Military Forces of Israel (2022-),,8,Civilians (Palestine),,7,78,Civilian targeting,275,Middle East,Palestine,Gaza Strip,Rafah,,An Nasr,31.2814,34.3025,1,Quds News Network; Twitter,New media-National,"On 2 November 2023, Israeli artillery and tanks struck houses in An Nasr (Rafah, Gaza Strip). One person was killed.",1,,1753954955
PSE39750,11/2/2023,2023,1,Political violence,Explosions/Remote violence,Air/drone strike,Military Forces of Israel (2022-),,8,Civilians (Palestine),,7,78,Civilian targeting,275,Middle East,Palestine,Gaza Strip,Gaza City,,Gaza - Sheikh Radwan,31.5349,34.4667,1,Palestine News and Information Agency; Quds News Network; Twitter,New media-National,"On 2 November 2023, (around 8 pm) Israeli military airplanes struck a house (al-Ghoul family) in Gaza - Sheikh Radwan (Gaza City, Gaza Strip). 6 persons were killed, including 3 children.",6,,1759789988
PSE39757,11/2/2023,2023,1,Political violence,Explosions/Remote violence,Air/drone strike,Military Forces of Israel (2022-),,8,Civilians (Palestine),,7,78,Civilian targeting,275,Middle East,Palestine,Gaza Strip,Gaza City,,Gaza - Shujaiyya,31.4988,34.4699,1,Quds News Network; Twitter,New media-National,"On 2 November 2023, (around 7:22 pm) Israeli military airplanes struck a house at al-Mansourah street in Gaza - Shujaiyya (Gaza City, Gaza Strip). Casualties unknown.",0,,1759789988
PSE39762,11/2/2023,2023,1,Political violence,Explosions/Remote violence,Air/drone strike,Military Forces of Israel (2022-),,8,Civilians (Palestine),,7,78,Civilian targeting,275,Middle East,Palestine,Gaza Strip,Khan Yunis,,Khan Yunis Port,31.3691,34.2734,1,Quds News Network; Twitter,New media-National,"On 2 November 2023, Israeli military airplanes carried out airstrikes in Khan Yunis Port (Khan Yunis, Gaza Strip). Casualties unknown.",0,,1753954955
PSE39772,11/2/2023,2023,1,Political violence,Explosions/Remote violence,Air/drone strike,Military Forces of Israel (2022-),,8,Civilians (Palestine),,7,78,Civilian targeting,275,Middle East,Palestine,Gaza Strip,Gaza City,,Gaza,31.5045,34.4743,1,Liveuamap,Local partner-New media,"On 2 November 2023, Israeli military airplanes carried out airstrikes and destroyed Al Azhar University in Gaza City (Gaza Strip). Casualties unknown.",0,,1759789988
PSE39706,11/2/2023,2023,1,Political violence,Explosions/Remote violence,Shelling/artillery/missile attack,Military Forces of Israel (2022-),,8,Civilians (Palestine),,7,78,Civilian targeting,275,Middle East,Palestine,Gaza Strip,Deir El Balah,,Al Musaddar,31.4105,34.378,2,PLO Negotiations Affairs Department,Other,"On 2 November 2023, Israeli warships struck targets west of Deir El Balah (coded to Al Musaddar, Gaza Strip). Casualties unknown.",0,,1765850627
PSE39710,11/2/2023,2023,1,Political violence,Explosions/Remote violence,Shelling/artillery/missile attack,Military Forces of Israel (2022-),,8,Civilians (Palestine),,7,78,Civilian targeting,275,Middle East,Palestine,Gaza Strip,Deir El Balah,,Deir al Balah Camp,31.4249,34.34,2,PLO Negotiations Affairs Department,Other,"On 2 November 2023, Israeli artillery and tanks struck targets east of Deir El Balah (coded to Deir al Balah Camp, Gaza Strip). Casualties unknown.",0,,1765850627
PSE39738,11/2/2023,2023,1,Political violence,Explosions/Remote violence,Shelling/artillery/missile attack,Military Forces of Israel (2022-),,8,Civilians (Palestine),,7,78,Civilian targeting,275,Middle East,Palestine,Gaza Strip,Deir El Balah,,An Nusayrat,31.4486,34.3925,1,Palestine News and Information Agency,National,"On 2 November 2023, Israeli artillery struck An Nusayrat refugee camp (Deir El Balah, Gaza Strip). Casualties unknown.",0,,1753954955
PSE39739,11/2/2023,2023,1,Political violence,Explosions/Remote violence,Shelling/artillery/missile attack,Military Forces of Israel (2022-),,8,Civilians (Palestine),,7,78,Civilian targeting,275,Middle East,Palestine,Gaza Strip,Deir El Balah,,Al Burayj,31.4394,34.4031,1,Palestine News and Information Agency,National,"On 2 November 2023, Israeli artillery struck targets in Al Burayj refugee camp (Deir El Balah, Gaza Strip). Casualties unknown.",0,,1753954955
PSE39747,11/2/2023,2023,1,Political violence,Explosions/Remote violence,Air/drone strike,Military Forces of Israel (2022-),,8,Civilians (Palestine),Journalists (Palestine); Refugees/IDPs (Palestine),7,78,Civilian targeting,275,Middle East,Palestine,Gaza Strip,Deir El Balah,,Al Burayj,31.4394,34.4031,1,Guardian (United Kingdom); Palestine News and Information Agency; Quds News Network; Roya News; Twitter,New media-National,"On 2 November 2023, Israeli military airplanes struck a residential area in Al Burayj refugee camp (Deir El Balah, Gaza Strip). 15 persons were killed, including a journalist, children and women.",15,,1757975700
PSE39759,11/2/2023,2023,1,Political violence,Explosions/Remote violence,Shelling/artillery/missile attack,Military Forces of Israel (2022-),,8,Civilians (Palestine),,7,78,Civilian targeting,275,Middle East,Palestine,Gaza Strip,Deir El Balah,,An Nusayrat - West,31.4525,34.3756,1,Quds News Network; Twitter,New media-National,"On 2 November 2023, Israeli warships struck targets west of An Nusayrat refugee camp (An Nusayrat - West, Deir El Balah, Gaza Strip). Casualties unknown.",0,,1753954955
PSE39760,11/2/2023,2023,1,Political violence,Explosions/Remote violence,Air/drone strike,Military Forces of Israel (2022-),,8,Civilians (Palestine),Refugees/IDPs (Palestine),7,78,Civilian targeting,275,Middle East,Palestine,Gaza Strip,Deir El Balah,,Al Maghazi,31.4214,34.3865,1,Ma'an News Agency; Quds News Network; Twitter,New media-National,"On 2 November 2023, Israeli airplanes struck a house in Al Maghazi refugee camp (Deir El Balah, Gaza Strip). 8 persons were killed, and several others were injured.",8,,1753954955
PSE39763,11/2/2023,2023,1,Political violence,Explosions/Remote violence,Air/drone strike,Military Forces of Israel (2022-),,8,Civilians (Palestine),,7,78,Civilian targeting,275,Middle East,Palestine,Gaza Strip,Deir El Balah,,Az Zawayda,31.4284,34.366,1,Quds News Network; Twitter,New media-National,"On 2 November 2023, Israeli military airplanes struck a house in Az Zawayda (Deir El Balah, Gaza Strip). Casualties unknown.",0,,1767742780
PSE39705,11/2/2023,2023,1,Political violence,Explosions/Remote violence,Shelling/artillery/missile attack,Military Forces of Israel (2022-),,8,Civilians (Palestine),,7,78,Civilian targeting,275,Middle East,Palestine,Gaza Strip,North Gaza,,Beit Lahiya - Al Salateen,31.5558,34.4814,2,PLO Negotiations Affairs Department,Other,"On 2 November 2023, Israeli warships struck targets west of North Gaza (coded to Beit Lahiya - Al Salateen, Gaza Strip). Casualties unknown.",0,,1753954955
PSE39718,11/2/2023,2023,1,Political violence,Explosions/Remote violence,Air/drone strike,Military Forces of Israel (2022-),,8,Civilians (Palestine),,7,78,Civilian targeting,275,Middle East,Palestine,Gaza Strip,North Gaza,,Beit Lahiya,31.5541,34.5016,1,Palestine News and Information Agency,National,"On 2 November 2023, Israeli military airplanes carried out airstrikes in Beit Lahiya (North Gaza, Gaza Strip). Casualties unknown.",0,,1753954955
PSE39726,11/2/2023,2023,1,Political violence,Explosions/Remote violence,Shelling/artillery/missile attack,Military Forces of Israel (2022-),,8,Civilians (Palestine),,7,78,Civilian targeting,275,Middle East,Palestine,Gaza Strip,North Gaza,,Beit Lahiya - Ezbet Beit Hanoun,31.5472,34.5225,1,Palestine News and Information Agency,National,"On 2 November 2023, Israeli artillery struck targets in Beit Lahiya - Ezbet Beit Hanoun (North Gaza, Gaza Strip). Casualties unknown.",0,,1753954955
PSE39731,11/2/2023,2023,1,Political violence,Explosions/Remote violence,Shelling/artillery/missile attack,Military Forces of Israel (2022-),,8,Civilians (Palestine),,7,78,Civilian targeting,275,Middle East,Palestine,Gaza Strip,North Gaza,,Beit Lahiya,31.5541,34.5016,2,Palestine News and Information Agency,National,"On 2 November 2023, Israeli artillery struck targets north of Beit Lahiya (North Gaza, Gaza Strip). Casualties unknown.",0,,1753954955
PSE39707,11/2/2023,2023,1,Political violence,Explosions/Remote violence,Shelling/artillery/missile attack,Military Forces of Israel (2022-),,8,Civilians (Palestine),,7,78,Civilian targeting,275,Middle East,Palestine,Gaza Strip,Gaza City,,Gaza - Southern Remal,31.5168,34.4355,2,PLO Negotiations Affairs Department,Other,"On 2 November 2023, Israeli warships struck targets west of Gaza City (coded as Gaza - Southern Remal, Gaza Strip). Casualties unknown.",0,,1759789988
PSE39722,11/2/2023,2023,1,Political violence,Explosions/Remote violence,Shelling/artillery/missile attack,Military Forces of Israel (2022-),,8,Civilians (Palestine),,7,78,Civilian targeting,275,Middle East,Palestine,Gaza Strip,Gaza City,,Gaza - Nasr,31.534,34.4574,1,Palestine News and Information Agency,National,"On 2 November 2023, Israeli artillery stuck Palestinians in Gaza - Nasr (Gaza City, Gaza Strip). Several persons were injured. Casualties unknown.",0,,1753954955
PSE39746,11/2/2023,2023,1,Political violence,Explosions/Remote violence,Air/drone strike,Military Forces of Israel (2022-),,8,Civilians (Palestine),Journalists (Palestine),7,78,Civilian targeting,275,Middle East,Palestine,Gaza Strip,Gaza City,,Gaza - Southern Remal,31.5168,34.4355,2,Palestine News and Information Agency; Quds News Network; Twitter,New media-National,"On 2 November 2023, Israeli airplanes struck al-Ghafri tower that hosts press offices near al-Rashid Street, west of Gaza City (coded as Gaza - Southern Remal, Gaza Strip). 4 journalists were injured.",0,,1759789988
PSE39756,11/2/2023,2023,1,Political violence,Explosions/Remote violence,Air/drone strike,Military Forces of Israel (2022-),,8,Civilians (Palestine),,7,78,Civilian targeting,275,Middle East,Palestine,Gaza Strip,Gaza City,,Gaza - Nasr,31.534,34.4574,1,Quds News Network; Twitter,New media-National,"On 2 November 2023, Israeli military airplanes struck 2 apartments (al-Shawa building) in Gaza - Nasr (Gaza City, Gaza Strip). Casualties unknown.",0,,1753954955
PSE39723,11/2/2023,2023,1,Political violence,Explosions/Remote violence,Air/drone strike,Military Forces of Israel (2022-),,8,Civilians (Palestine),,7,78,Civilian targeting,275,Middle East,Palestine,Gaza Strip,Gaza City,,Gaza - Ash Shati' Camp,31.5349,34.4466,1,Palestine News and Information Agency,National,"On 2 November 2023, Israeli military airplanes carried out airstrikes in Gaza - Ash Shati' Camp refugee camp (Gaza City, Gaza Strip). Casualties unknown.",0,,1759789988
PSE39733,11/2/2023,2023,1,Political violence,Explosions/Remote violence,Shelling/artillery/missile attack,Military Forces of Israel (2022-),,8,Civilians (Palestine),Refugees/IDPs (Palestine),7,78,Civilian targeting,275,Middle East,Palestine,Gaza Strip,Gaza City,,Gaza - Ash Shati' Camp,31.5349,34.4466,1,Palestine News and Information Agency; Quds News Network; Twitter,New media-National,"On 2 November 2023, Israeli warships struck on the outskirts of Abu Asi school, hosting displaced people in Gaza - Ash Shati' Camp refugee camp (Gaza City, Gaza Strip). 5 persons were killed and several others were injured.",5,,1759789988
PSE39728,11/2/2023,2023,1,Political violence,Explosions/Remote violence,Air/drone strike,Military Forces of Israel (2022-),,8,Civilians (Palestine),,7,78,Civilian targeting,275,Middle East,Palestine,Gaza Strip,Gaza City,,Gaza - Sabra,31.5086,34.4493,1,Palestine News and Information Agency; Palestinian Ministry of Health; Quds News Network; Twitter,Other-New media,"On 2 November 2023, Israeli military airplanes struck a house (al-Shami family) in Gaza - Sabra (Gaza City, Gaza Strip) leaving unspecified number of fatalities.[Palestinian Ministry of Health reported 9257 fatalities upto 2 November 2023. 38 fatalities not attributed to specific events split across 8 events between 30 October - 2 November. 5 fatalities coded to this event.]",5,,1759789988
PSE39751,11/2/2023,2023,1,Political violence,Explosions/Remote violence,Air/drone strike,Military Forces of Israel (2022-),,8,Civilians (Palestine),,7,78,Civilian targeting,275,Middle East,Palestine,Gaza Strip,Gaza City,,Gaza - Sheikh Radwan,31.5349,34.4667,2,Palestine News and Information Agency; Palestinian Ministry of Health; Quds News Network; Twitter,Other-New media,"On 2 November 2023, (around 8 pm) Israeli military airplanes struck a house north of Gaza City, coded to Gaza - Sheikh Radwan (Gaza City, Gaza Strip) leaving unspecified number of fatalities. [Palestinian Ministry of Health reported 9257 fatalities upto 2 November 2023. 38 fatalities not attributed to specific events split across 8 events between 30 October - 2 November. 5 fatalities coded to this event.]",5,,1759789988
PSE39745,11/2/2023,2023,1,Political violence,Explosions/Remote violence,Air/drone strike,Military Forces of Israel (2022-),,8,Civilians (Palestine),Refugees/IDPs (Palestine),7,78,Civilian targeting,275,Middle East,Palestine,Gaza Strip,North Gaza,,Jabalya Camp,31.536,34.4907,1,Palestine News and Information Agency; Quds News Network; Twitter,New media-National,"On 2 November 2023, Israeli airplanes struck a passing car and a school hosting displaced people in Mukhayyam Jabalya camp (North Gaza, Gaza Strip). 29 persons were killed, and dozens were injured. Israeli military airplanes also struck a house in Mukhayyam Jabalya camp (North Gaza, Gaza Strip). 3 persons were killed and dozens of Palestinians were injured.",32,,1753954955
PSE39703,11/2/2023,2023,1,Political violence,Explosions/Remote violence,Shelling/artillery/missile attack,Military Forces of Israel (2022-),,8,Civilians (Palestine),,7,78,Civilian targeting,275,Middle East,Palestine,Gaza Strip,Rafah,,Tal as Sultan,31.3098,34.2414,2,PLO Negotiations Affairs Department,Other,"On 2 November 2023, Israeli warships struck targets west of Rafah (coded to Tal as Sultan, Gaza Strip). Casualties unknown.",0,,1762829569
PSE39742,11/2/2023,2023,1,Political violence,Explosions/Remote violence,Shelling/artillery/missile attack,Military Forces of Israel (2022-),,8,Civilians (Palestine),,7,78,Civilian targeting,275,Middle East,Palestine,Gaza Strip,Gaza City,,Al Zahra,31.4716,34.4013,1,Palestine News and Information Agency,National,"On 2 November 2023, Israeli artillery struck targets in Al Zahra City (Gaza City, Gaza Strip). Casualties unknown.",0,,1753954955
PSE39709,11/2/2023,2023,1,Political violence,Explosions/Remote violence,Shelling/artillery/missile attack,Military Forces of Israel (2022-),,8,Civilians (Palestine),,7,78,Civilian targeting,275,Middle East,Palestine,Gaza Strip,North Gaza,,Beit Hanoun - Al-Sekka,31.5463,34.5332,2,PLO Negotiations Affairs Department,Other,"On 2 November 2023, Israeli artillery and tanks struck targets east of North Gaza (coded as Beit Hanoun - Al-Sekka, Gaza Strip). Casualties unknown.",0,,1753954955
PSE39717,11/2/2023,2023,1,Political violence,Explosions/Remote violence,Air/drone strike,Military Forces of Israel (2022-),,8,Civilians (Palestine),,7,78,Civilian targeting,275,Middle East,Palestine,Gaza Strip,North Gaza,,Beit Hanoun,31.5405,34.5402,1,Palestine News and Information Agency,National,"On 2 November 2023, Israeli military airplanes carried out airstrikes in Beit Hanoun (North Gaza, Gaza Strip). Casualties unknown.",0,,1753954955
PSE39538,11/2/2023,2023,1,Political violence,Violence against civilians,Attack,Military Forces of Israel (2022-),,8,Civilians (Palestine),Farmers (Palestine),7,78,Civilian targeting,275,Middle East,Palestine,Gaza Strip,Rafah,,Yibna,31.2842,34.2482,2,Palestine News and Information Agency,National,"On 2 November 2023, Israeli military forces opened fire at Palestinian farmers while working east of Rafah (coded to Yibna, Gaza Strip). 4 farmers were killed.",4,,1753954955
PSE39741,11/2/2023,2023,1,Political violence,Explosions/Remote violence,Shelling/artillery/missile attack,Military Forces of Israel (2022-),,8,Civilians (Palestine),,7,78,Civilian targeting,275,Middle East,Palestine,Gaza Strip,Gaza City,,Al Mughraqa,31.4675,34.4097,1,Palestine News and Information Agency,National,"On 2 November 2023, Israeli artillery struck targets in Al Mughraqa (Gaza City, Gaza Strip). Casualties unknown.",0,,1753954955
PSE39761,11/2/2023,2023,1,Political violence,Explosions/Remote violence,Air/drone strike,Military Forces of Israel (2022-),,8,Civilians (Palestine),,7,78,Civilian targeting,275,Middle East,Palestine,Gaza Strip,Rafah,,Yibna,31.2842,34.2482,2,Quds News Network; Twitter,New media-National,"On 2 November 2023, Israeli military airplanes carried out airstrikes in al-Rumilat area east of Rafah (coded to Yibna, Gaza Strip). Casualties unknown.",0,,1753954955
PSE39714,11/2/2023,2023,1,Political violence,Explosions/Remote violence,Shelling/artillery/missile attack,Military Forces of Israel (2022-),,8,Civilians (Palestine),,7,78,Civilian targeting,275,Middle East,Palestine,Gaza Strip,Gaza City,,Gaza - Tal el Hawa,31.5041,34.435,1,Palestine News and Information Agency,National,"On 2 November 2023, Israeli artillery and tanks struck targets in Gaza - Tal el Hawa (Gaza City, Gaza Strip). Casualties unknown.",0,,1759789988
PSE39715,11/2/2023,2023,1,Political violence,Explosions/Remote violence,Air/drone strike,Military Forces of Israel (2022-),,8,Civilians (Palestine),,7,78,Civilian targeting,275,Middle East,Palestine,Gaza Strip,Gaza City,,Gaza - Tal el Hawa,31.5041,34.435,1,Palestine News and Information Agency; Palestinian Ministry of Health; Quds News Network; Twitter,Other-New media,"On 2 November 2023, Israeli military airplanes struck several residential buildings on the outskirts of Al Quds Hospital in Gaza - Tal el Hawa (Gaza City, Gaza Strip). Also, airplanes fired white phosphorus bombs. There were an unspecified number of fatalities. [Palestinian Ministry of Health reported 9257 fatalities upto 2 November 2023. 38 fatalities not attributed to specific events split across 8 events between 30 October - 2 November. 5 fatalities coded to this event.]",5,,1759789988
PSE39716,11/2/2023,2023,1,Political violence,Explosions/Remote violence,Shelling/artillery/missile attack,Military Forces of Israel (2022-),,8,Civilians (Palestine),,7,78,Civilian targeting,275,Middle East,Palestine,Gaza Strip,Gaza City,,Juhr ad Dik,31.4557,34.4372,2,Palestine News and Information Agency,National,"On 2 November 2023, Israeli artillery struck targets in Juhr ad Dik area, southeast of Gaza City (Gaza City, Gaza Strip). Casualties unknown.",0,,1753954955
PSE39719,11/2/2023,2023,1,Political violence,Explosions/Remote violence,Air/drone strike,Military Forces of Israel (2022-),,8,Civilians (Palestine),,7,78,Civilian targeting,275,Middle East,Palestine,Gaza Strip,North Gaza,,Jabalya,31.5272,34.4835,1,Palestine News and Information Agency,National,"On 2 November 2023, Israeli military airplanes carried out airstrikes in Jabalya (North Gaza, Gaza Strip). Casualties unknown.",0,,1759789988
PSE39721,11/2/2023,2023,1,Political violence,Explosions/Remote violence,Air/drone strike,Military Forces of Israel (2022-),,8,Civilians (Palestine),,7,78,Civilian targeting,275,Middle East,Palestine,Gaza Strip,Gaza City,,Juhr ad Dik,31.4557,34.4372,2,Palestine News and Information Agency,National,"On 2 November 2023, Israeli military airplanes struck targets in Juhr ad Dik area, southeast of Gaza City (Gaza City, Gaza Strip). Casualties unknown.",0,,1753954955
PSE39727,11/2/2023,2023,1,Political violence,Explosions/Remote violence,Air/drone strike,Military Forces of Israel (2022-),,8,Civilians (Palestine),,7,78,Civilian targeting,275,Middle East,Palestine,Gaza Strip,Gaza City,,Gaza - Az Zaytun,31.4964,34.4522,1,Dunia Al Watan; Palestine Information Center; Palestine News and Information Agency,Other-National,"On 2 November 2023, Israeli military airplanes struck a house (Dahshan family) in Gaza - Az Zaytun (Gaza City, Gaza Strip). A child was killed and another 2 persons were injured. Around 8 pm, Israeli military airplanes struck another house in Gaza - Az Zaytun. At least 9 persons were killed.",10,,1759789988
PSE39732,11/2/2023,2023,1,Political violence,Explosions/Remote violence,Shelling/artillery/missile attack,Military Forces of Israel (2022-),,8,Civilians (Palestine),,7,78,Civilian targeting,275,Middle East,Palestine,Gaza Strip,North Gaza,,Jabalya,31.5272,34.4835,2,Palestine News and Information Agency,National,"On 2 November 2023, Israeli artillery struck targets in al-Tuam area east of Jabalya (North Gaza, Gaza Strip). Casualties unknown.",0,,1759789988
PSE39735,11/2/2023,2023,1,Political violence,Explosions/Remote violence,Air/drone strike,Military Forces of Israel (2022-),,8,Civilians (Palestine),,7,78,Civilian targeting,275,Middle East,Palestine,Gaza Strip,Gaza City,,Gaza - Az Zaytun,31.4964,34.4522,2,Palestine News and Information Agency,National,"On 2 November 2023, Israeli military airplanes struck a house (Yasin family) at Salah al-Din street near Gaza - Az Zaytun (Gaza City, Gaza Strip). 15 persons were killed and injured.",15,,1759789988
PSE39740,11/2/2023,2023,1,Political violence,Explosions/Remote violence,Shelling/artillery/missile attack,Military Forces of Israel (2022-),,8,Civilians (Palestine),,7,78,Civilian targeting,275,Middle East,Palestine,Gaza Strip,Gaza City,,Gaza - Az Zaytun,31.4964,34.4522,2,Palestine News and Information Agency,National,"On 2 November 2023, Israeli artillery struck targets in Wadi Gaza, south of Gaza area (coded to Gaza - Az Zaytun, Gaza Strip). Casualties unknown.",0,,1759789988
PSE39748,11/2/2023,2023,1,Political violence,Explosions/Remote violence,Air/drone strike,Military Forces of Israel (2022-),,8,Civilians (Palestine),,7,78,Civilian targeting,275,Middle East,Palestine,Gaza Strip,Gaza City,,Gaza - Tal el Hawa,31.5041,34.435,2,Palestine News and Information Agency; Quds News Network; Twitter,New media-National,"On 2 November 2023, Israeli military airplanes struck a passing car (displaced civilians) on the coastal road southwest of Gaza City (coded as Gaza - Tal el Hawa, Gaza Strip). Several persons were injured.",0,,1759789988
PSE39770,11/2/2023,2023,1,Political violence,Explosions/Remote violence,Air/drone strike,Military Forces of Israel (2022-),,8,Civilians (Palestine),,7,78,Civilian targeting,275,Middle East,Palestine,Gaza Strip,North Gaza,,Sheikh Zaid,31.5392,34.5117,1,Newpress; Twitter,New media-National,"On 2 November 2023, Israeli military airplanes carried out airstrikes at the junction of Sheikh Zaid (North Gaza, Gaza Strip). Casualties unknown.",0,,1759789988
PSE39720,11/2/2023,2023,1,Political violence,Explosions/Remote violence,Air/drone strike,Military Forces of Israel (2022-),,8,Civilians (Palestine),,7,78,Civilian targeting,275,Middle East,Palestine,Gaza Strip,Gaza City,,Gaza - Ash Shati' Camp,31.5349,34.4466,2,Palestine News and Information Agency,National,"On 2 November 2023, Israeli military airplanes carried out airstrikes on targets in Al Karamah area northwest of Gaza - Ash Shati' Camp (Gaza City, Gaza Strip). Casualties unknown. [On 9 March 2025, 5 bodies were recovered from under the rubble in Gaza Strip. These fatalities were coded under this event.]",5,,1759789988
PSE39730,11/2/2023,2023,1,Political violence,Explosions/Remote violence,Air/drone strike,Military Forces of Israel (2022-),,8,Civilians (Palestine),,7,78,Civilian targeting,275,Middle East,Palestine,Gaza Strip,North Gaza,,Jabalya Camp,31.536,34.4907,2,Palestine News and Information Agency,National,"On 2 November 2023, Israeli military airplanes struck a house west of Mukhayyam Jabalya camp (North Gaza, Gaza Strip). Casualties unknown. [On 10 March 2025, 32 bodies were recovered from under the rubble in Gaza Strip. These fatalities were coded under this event.]",32,,1753954955
PSE39775,11/3/2023,2023,1,Political violence,Explosions/Remote violence,Shelling/artillery/missile attack,Military Forces of Israel (2022-),,8,Civilians (Palestine),,7,78,Civilian targeting,275,Middle East,Palestine,Gaza Strip,Khan Yunis,,Khan Yunis - West (Municipal Stadium),31.3484,34.2961,2,PLO Negotiations Affairs Department,Other,"On 3 November 2023, Israeli artillery and warships struck targets west of Khan Yunis (coded as Khan Yunis - West (Municipal Stadium), Gaza Strip). Casualties unknown.",0,,1753954955
PSE39792,11/3/2023,2023,1,Political violence,Explosions/Remote violence,Air/drone strike,Military Forces of Israel (2022-),,8,Civilians (Palestine),,7,78,Civilian targeting,275,Middle East,Palestine,Gaza Strip,Khan Yunis,,Abasan al Kabirah,31.3191,34.3401,1,Palestine News and Information Agency,National,"On 3 November 2023, Israeli military airplanes carried out airstrikes in Abasan al Kabirah (Khan Yunis, Gaza Strip). A Palestinian civilian was killed.",1,,1753954955
PSE39794,11/3/2023,2023,1,Political violence,Explosions/Remote violence,Air/drone strike,Military Forces of Israel (2022-),,8,Civilians (Palestine),,7,78,Civilian targeting,275,Middle East,Palestine,Gaza Strip,Khan Yunis,,Al Qararah,31.3739,34.3409,1,Palestine News and Information Agency,National,"On 3 November 2023, Israeli military airplanes carried out airstrikes in Al Qararah (Khan Yunis, Gaza Strip). Casualties unknown.",0,,1753954955
PSE39795,11/3/2023,2023,1,Political violence,Explosions/Remote violence,Air/drone strike,Military Forces of Israel (2022-),,8,Civilians (Palestine),,7,78,Civilian targeting,275,Middle East,Palestine,Gaza Strip,Khan Yunis,,Khan Yunis - Emirati,31.3624,34.2949,1,Palestine News and Information Agency; Quds News Network; Twitter,New media-National,"On 3 November 2023, Israeli military airplanes struck a house (Abu Awwad family) in Emirati neighborhood west of Khan Yunis (Khan Yunis - Emirati, Gaza Strip). At least 17 persons were killed.",17,,1753954955
PSE39799,11/3/2023,2023,1,Political violence,Explosions/Remote violence,Air/drone strike,Military Forces of Israel (2022-),,8,Civilians (Palestine),,7,78,Civilian targeting,275,Middle East,Palestine,Gaza Strip,Khan Yunis,,Bani Suheila,31.3424,34.325,1,Palestine News and Information Agency; Quds News Network; Twitter,New media-National,"On 3 November 2023, Israeli military airplanes struck a house (Abu Omar and Abu Jamous family) in Bani Suheila (Khan Yunis, Gaza Strip). At least 6 persons were killed, and several others were injured.",6,,1753954955
PSE39813,11/3/2023,2023,1,Political violence,Explosions/Remote violence,Shelling/artillery/missile attack,Military Forces of Israel (2022-),,8,Civilians (Palestine),,7,78,Civilian targeting,275,Middle East,Palestine,Gaza Strip,Gaza City,,Gaza - Shujaiyya,31.4988,34.4699,2,Quds News Network; Twitter,New media-National,"On 3 November 2023, Israeli artillery struck targets east of Gaza - Shujaiyya (Gaza City, Gaza Strip). Casualties unknown.",0,,1759789988
PSE39782,11/3/2023,2023,1,Political violence,Explosions/Remote violence,Shelling/artillery/missile attack,Military Forces of Israel (2022-),,8,Civilians (Palestine),Refugees/IDPs (Palestine),7,78,Civilian targeting,275,Middle East,Palestine,Gaza Strip,Deir El Balah,,Al Burayj,31.4394,34.4031,1,Palestine News and Information Agency; Quds News Network; Twitter,New media-National,"On 3 November 2023, Israeli artillery struck Al Burayj refugee camp (Deir El Balah, Gaza Strip). A child was killed.",1,,1753954955
PSE39791,11/3/2023,2023,1,Political violence,Explosions/Remote violence,Air/drone strike,Military Forces of Israel (2022-),,8,Civilians (Palestine),Refugees/IDPs (Palestine),7,78,Civilian targeting,275,Middle East,Palestine,Gaza Strip,Deir El Balah,,An Nusayrat,31.4486,34.3925,1,Newpress; Palestine News and Information Agency; Quds News Network; Twitter,New media-National,"On 3 November 2023, Israeli military airplanes 2 houses in An Nusayrat refugee camp (Deir El Balah, Gaza Strip). 7 persons were killed.",7,,1753954955
PSE39805,11/3/2023,2023,1,Political violence,Explosions/Remote violence,Air/drone strike,Military Forces of Israel (2022-),,8,Civilians (Palestine),,7,78,Civilian targeting,275,Middle East,Palestine,Gaza Strip,Deir El Balah,,Deir al Balah,31.4178,34.3503,1,Newpress; Twitter,New media-National,"On 3 November 2023, Israeli military airplanes struck a house in Deir al Balah (Deir El Balah, Gaza Strip). Casualties unknown.",0,,1753954955
PSE39808,11/3/2023,2023,1,Political violence,Explosions/Remote violence,Air/drone strike,Military Forces of Israel (2022-),,8,Civilians (Palestine),Refugees/IDPs (Palestine),7,78,Civilian targeting,275,Middle East,Palestine,Gaza Strip,Deir El Balah,,Al Maghazi,31.4214,34.3865,1,Quds News Network; Twitter,New media-National,"On 3 November 2023, Israeli airplanes struck a house (Barbarawi family) in Al Maghazi refugee camp (Deir El Balah, Gaza Strip). Casualties unknown.",0,,1753954955
PSE39809,11/3/2023,2023,1,Political violence,Explosions/Remote violence,Air/drone strike,Military Forces of Israel (2022-),,8,Civilians (Palestine),,7,78,Civilian targeting,275,Middle East,Palestine,Gaza Strip,Deir El Balah,,Az Zawayda,31.4284,34.366,2,Quds News Network; Twitter,New media-National,"On 3 November 2023, Israeli military airplanes struck lands in Abu Houli area north of Deir al Balah (coded to Az Zawayda, Gaza Strip). Casualties unknown.",0,,1767742780
PSE39817,11/3/2023,2023,1,Political violence,Explosions/Remote violence,Air/drone strike,Military Forces of Israel (2022-),,8,Civilians (Palestine),,7,78,Civilian targeting,275,Middle East,Palestine,Gaza Strip,North Gaza,,Beit Lahiya - Atatra,31.5594,34.4875,2,Quds News Network; Twitter,New media-National,"On 3 November 2023, Israeli military airplanes carried out fire of belt airstrikes in al-Sudaniya and Beit Lahiya - Atatra area (North Gaza, Gaza Strip). Casualties unknown.",0,,1753954955
PSE39797,11/3/2023,2023,1,Political violence,Explosions/Remote violence,Air/drone strike,Military Forces of Israel (2022-),,8,Civilians (Palestine),,7,78,Civilian targeting,275,Middle East,Palestine,Gaza Strip,Gaza City,,Gaza - Southern Remal,31.5168,34.4355,2,Palestine News and Information Agency; Quds News Network; Twitter,New media-National,"On 3 November 2023, Israeli military airplanes carried out airstrikes at Al Rashid Street west of Gaza City, Gaza - Southern Remal area (Gaza City, Gaza Strip). At least 14 displaced civilians were killed, including women and children.",14,,1759789988
PSE39798,11/3/2023,2023,1,Political violence,Explosions/Remote violence,Air/drone strike,Military Forces of Israel (2022-),,8,Civilians (Palestine),Hamas Movement; Health Workers (Palestine); Journalists (Palestine),7,78,Civilian targeting,275,Middle East,Palestine,Gaza Strip,Gaza City,,Gaza,31.5045,34.4743,1,Arutz Sheva; Dunia Al Watan; Israeli Defense Forces; Palestine News and Information Agency; Quds News Network; Times of Israel; Twitter,Other-New media,"On 3 November 2023, Israeli military airplanes carried out struck an ambulance at the entrance of Al Shifa Hospital in Gaza City (Gaza City, Gaza Strip). The airplanes also targeted a convoy of ambulances at Ansar junction in Gaza City. The IDF claimed that the ambulances were used by Hamas militants. At least 15 persons were killed, including a Palestinian journalist who was killed at Al Shifa Hospital gate, and many others were injured.",15,,1759789988
PSE39783,11/3/2023,2023,1,Political violence,Explosions/Remote violence,Air/drone strike,Military Forces of Israel (2022-),,8,Civilians (Palestine),,7,78,Civilian targeting,275,Middle East,Palestine,Gaza Strip,North Gaza,,Jabalya Camp,31.536,34.4907,1,Newpress; Palestine News and Information Agency; Twitter,New media-National,"On 3 November 2023, Israeli military airplanes carried out airstrikes on the outskirts of Mukhayyam Jabalya camp (North Gaza, Gaza Strip). Casualties unknown.",0,,1753954955
PSE39788,11/3/2023,2023,1,Political violence,Explosions/Remote violence,Air/drone strike,Military Forces of Israel (2022-),,8,Civilians (Palestine),,7,78,Civilian targeting,275,Middle East,Palestine,Gaza Strip,Gaza City,,Gaza - Ash Shati' Camp,31.5349,34.4466,2,Newpress; Palestine News and Information Agency; Twitter,New media-National,"On 3 November 2023, Israeli military airplanes carried out airstrikes north of Gaza - Ash Shati' Camp refugee camp (Gaza City, Gaza Strip). Casualties unknown.",0,,1759789988
PSE39806,11/3/2023,2023,1,Political violence,Explosions/Remote violence,Air/drone strike,Military Forces of Israel (2022-),,8,Civilians (Palestine),,7,78,Civilian targeting,275,Middle East,Palestine,Gaza Strip,Gaza City,,Gaza - Ash Shati' Camp,31.5349,34.4466,2,Newpress; Twitter,New media-National,"On 3 November 2023, Israeli military airplanes carried out airstrikes west of al-Mukhabara street, northwest of Gaza - Ash Shati' Camp (Gaza City, Gaza Strip). Casualties unknown.",0,,1759789988
PSE39785,11/3/2023,2023,1,Political violence,Explosions/Remote violence,Air/drone strike,Military Forces of Israel (2022-),,8,Civilians (Palestine),Refugees/IDPs (Palestine),7,78,Civilian targeting,275,Middle East,Palestine,Gaza Strip,Deir El Balah,,Al Burayj,31.4394,34.4031,1,Newpress; Palestine News and Information Agency; Palestinian Ministry of Health; Quds News Network; Twitter,Other-New media,"On 3 November 2023, Israeli military airplanes carried out airstrikes in Al Burayj refugee camp (Deir El Balah, Gaza Strip). Also, airplanes struck 2 houses (Saymah and Maqadmah family) leaving unscpefied fatalities. [Palestinian Ministry of Health reported 9488 fatalities between 7 October - 3 November 2023. 129 fatalities not attributed to specific events split across 3 events on 3 November. 43 fatalities coded to this event.]",43,,1753954955
PSE39789,11/3/2023,2023,1,Political violence,Explosions/Remote violence,Air/drone strike,Military Forces of Israel (2022-),,8,Civilians (Palestine),,7,78,Civilian targeting,275,Middle East,Palestine,Gaza Strip,Gaza City,,Gaza - Nasr,31.534,34.4574,1,Newpress; Palestine News and Information Agency; Palestinian Ministry of Health; Quds News Network; Twitter,Other-New media,"On 3 November 2023, Israeli military airplanes carried out airstrikes in Gaza - Nasr (Gaza City, Gaza Strip). There were an unspecified number of fatalities. [Palestinian Ministry of Health reported 9488 fatalities between 7 October - 3 November 2023. 129 fatalities not attributed to specific events split across 3 events on 3 November. 43 fatalities coded to this event.]",43,,1753954955
PSE39790,11/3/2023,2023,1,Political violence,Explosions/Remote violence,Air/drone strike,Military Forces of Israel (2022-),,8,Civilians (Palestine),,7,78,Civilian targeting,275,Middle East,Palestine,Gaza Strip,Gaza City,,Gaza - Sheikh Radwan,31.5349,34.4667,1,Palestine News and Information Agency; Palestinian Ministry of Health,Other-National,"On 3 November 2023, Israeli military airplanes carried out airstrikes in Gaza - Sheikh Radwan (Gaza City, Gaza Strip). There were an unspecified number of fatalities. [Palestinian Ministry of Health reported 9488 fatalities between 7 October - 3 November 2023. 129 fatalities not attributed to specific events split across 3 events on 3 November. 43 fatalities coded to this event.]",43,,1759789988
PSE39793,11/3/2023,2023,1,Political violence,Explosions/Remote violence,Air/drone strike,Military Forces of Israel (2022-),,8,Civilians (Palestine),Labor Group (Palestine),7,78,Civilian targeting,275,Middle East,Palestine,Gaza Strip,North Gaza,,Beit Lahiya,31.5541,34.5016,1,Dunia Al Watan; Palestine News and Information Agency; Quds News Network; Twitter,New media-National,"On 3 November 2023, Israeli military airplanes carried out airstrikes on the cemetery of Beit Lahiya (North Gaza, Gaza Strip). 10 of the cemetery workers were killed. Israeli military airplanes also carried out airstrikes on the outskirts of the Indonesian Hospital in Beit Lahiya. Casualties unknown.",10,,1753954955
PSE39767,11/3/2023,2023,1,Political violence,Explosions/Remote violence,Shelling/artillery/missile attack,Military Forces of Israel (2022-),,8,Civilians (Palestine),,7,78,Civilian targeting,275,Middle East,Palestine,Gaza Strip,North Gaza,,Beit Lahiya - Al Salateen,31.5558,34.4814,2,PLO Negotiations Affairs Department,Other,"On 3 November 2023, Israeli warships struck targets west of North Gaza (coded to Beit Lahiya - Al Salateen, Gaza Strip). Casualties unknown.",0,,1753954955
PSE39773,11/3/2023,2023,1,Political violence,Explosions/Remote violence,Shelling/artillery/missile attack,Military Forces of Israel (2022-),,8,Civilians (Palestine),,7,78,Civilian targeting,275,Middle East,Palestine,Gaza Strip,Deir El Balah,,Deir al Balah Camp,31.4249,34.34,2,PLO Negotiations Affairs Department,Other,"On 3 November 2023, Israeli warships struck targets west of Deir El Balah (coded to Deir al Balah Camp, Gaza Strip). Casualties unknown.",0,,1765850627
PSE39774,11/3/2023,2023,1,Political violence,Explosions/Remote violence,Shelling/artillery/missile attack,Military Forces of Israel (2022-),,8,Civilians (Palestine),,7,78,Civilian targeting,275,Middle East,Palestine,Gaza Strip,Gaza City,,Gaza - Southern Remal,31.5168,34.4355,2,PLO Negotiations Affairs Department,Other,"On 3 November 2023, Israeli warships struck targets west of Gaza (coded as Gaza - Southern Remal, Gaza Strip). Casualties unknown.",0,,1759789988
PSE39776,11/3/2023,2023,1,Political violence,Explosions/Remote violence,Shelling/artillery/missile attack,Military Forces of Israel (2022-),,8,Civilians (Palestine),,7,78,Civilian targeting,275,Middle East,Palestine,Gaza Strip,Rafah,,Tal as Sultan,31.3098,34.2414,2,PLO Negotiations Affairs Department,Other,"On 3 November 2023, Israeli warships struck targets west of Rafah (coded to Tal as Sultan, Gaza Strip). Casualties unknown.",0,,1762829569
PSE39800,11/3/2023,2023,1,Political violence,Explosions/Remote violence,Shelling/artillery/missile attack,Military Forces of Israel (2022-),,8,Civilians (Palestine),,7,78,Civilian targeting,275,Middle East,Palestine,Gaza Strip,Gaza City,,Gaza - Ash Shaykh Ijlin,31.5098,34.4274,1,Quds News Network; Twitter,New media-National,"On 3 November 2023, Israeli warships struck Gaza - Ash Shaykh Ijlin (Gaza City, Gaza Strip). Casualties unknown.",0,,1753954955
PSE39803,11/3/2023,2023,1,Political violence,Explosions/Remote violence,Shelling/artillery/missile attack,Military Forces of Israel (2022-),,8,Civilians (Palestine),,7,78,Civilian targeting,275,Middle East,Palestine,Gaza Strip,North Gaza,,Beit Hanoun - Al-Sekka,31.5463,34.5332,2,Quds News Network; Twitter,New media-National,"On 3 November 2023, Israeli artillery struck targets east of Beit Hanoun - Al-Sekka (North Gaza, Gaza Strip). Casualties unknown.",0,,1753954955
PSE39551,11/3/2023,2023,1,Political violence,Violence against civilians,Attack,Military Forces of Israel (2022-),,8,Civilians (Palestine),Labor Group (Palestine),7,78,Civilian targeting,275,Middle East,Palestine,Gaza Strip,Rafah,,Yibna,31.2842,34.2482,2,Palestine News and Information Agency,National,"On 3 November 2023, Israeli military forces beat and killed a Palestinian worker near Kerem Shalom border crossing southeast of Rafah (coded to Yibna, Gaza Strip).",1,,1753954955
PSE39786,11/3/2023,2023,1,Political violence,Explosions/Remote violence,Air/drone strike,Military Forces of Israel (2022-),,8,Civilians (Palestine),,7,78,Civilian targeting,275,Middle East,Palestine,Gaza Strip,Gaza City,,Gaza - Az Zaytun,31.4964,34.4522,1,Newpress; Palestine News and Information Agency; Quds News Network; Twitter,New media-National,"On 3 November 2023, Israeli military airplanes carried out airstrikes in Gaza - Az Zaytun (Gaza City, Gaza Strip), including the house of Eliwah family. 3 women were killed and dozens of Palestinians were injured.",3,,1759789988
PSE39787,11/3/2023,2023,1,Political violence,Explosions/Remote violence,Air/drone strike,Military Forces of Israel (2022-),,8,Civilians (Palestine),,7,78,Civilian targeting,275,Middle East,Palestine,Gaza Strip,Gaza City,,Gaza - Tal el Hawa,31.5041,34.435,1,Newpress; Palestine News and Information Agency; Quds News Network; Twitter,New media-National,"On 3 November 2023, Israeli military airplanes carried out airstrikes in Gaza - Tal el Hawa and on the outskirts of Al Quds Hospital (Gaza City, Gaza Strip). Several displaced Palestinians were injured. Casualties unknown.",0,,1759789988
PSE39801,11/3/2023,2023,1,Political violence,Explosions/Remote violence,Air/drone strike,Military Forces of Israel (2022-),,8,Civilians (Palestine),,7,78,Civilian targeting,275,Middle East,Palestine,Gaza Strip,North Gaza,,Jabalya,31.5272,34.4835,2,Newpress; Palestine News and Information Agency; Quds News Network; Twitter,New media-National,"On 3 November 2023, Israeli military airplanes struck a school hosting displaced Palestinians in al-Saftawi area north of Jabalya (North Gaza, Gaza Strip). Dozens of Palestinians were killed and injured. An unspecified number of fatalities coded as 12.",12,,1759789988
PSE39811,11/3/2023,2023,1,Political violence,Explosions/Remote violence,Shelling/artillery/missile attack,Military Forces of Israel (2022-),,8,Civilians (Palestine),,7,78,Civilian targeting,275,Middle East,Palestine,Gaza Strip,North Gaza,,Sheikh Zaid,31.5392,34.5117,1,Quds News Network; Twitter,New media-National,"On 3 November 2023, Israeli artillery struck targets on the outskirts of Sheikh Zaid (North Gaza, Gaza Strip). Casualties unknown.",0,,1759789988
PSE40393,11/4/2023,2023,1,Political violence,Explosions/Remote violence,Shelling/artillery/missile attack,Military Forces of Israel (2022-),,8,Civilians (Palestine),,7,78,Civilian targeting,275,Middle East,Palestine,Gaza Strip,Khan Yunis,,Khan Yunis,31.3502,34.3081,1,Newpress; Palestine News and Information Agency; Quds News Network; Twitter,New media-National,"On 4 November 2023, Israeli artillery struck houses in Khan Yunis (Khan Yunis, Gaza Strip). At least 4 civilians were killed and dozens of Palestinians were injured.",4,,1753954979
PSE40369,11/4/2023,2023,1,Political violence,Explosions/Remote violence,Air/drone strike,Military Forces of Israel (2022-),,8,Civilians (Palestine),Refugees/IDPs (Palestine),7,78,Civilian targeting,275,Middle East,Palestine,Gaza Strip,Deir El Balah,,An Nusayrat,31.4486,34.3925,1,Newpress; Palestine News and Information Agency; Quds News Network; Twitter,New media-National,"On 4 November 2023, Israeli military airplanes struck houses in An Nusayrat refugee camp (Deir El Balah, Gaza Strip). 7 persons were killed.",7,,1753954979
PSE40370,11/4/2023,2023,1,Political violence,Explosions/Remote violence,Air/drone strike,Military Forces of Israel (2022-),,8,Civilians (Palestine),Refugees/IDPs (Palestine),7,78,Civilian targeting,275,Middle East,Palestine,Gaza Strip,Deir El Balah,,Al Burayj,31.4394,34.4031,1,Palestine News and Information Agency; Quds News Network; Twitter,New media-National,"On 4 November 2023, Israeli military airplanes struck houses in Al Burayj refugee camp (Deir El Balah, Gaza Strip). Casualties unknown.",0,,1753954979
PSE40384,11/4/2023,2023,1,Political violence,Explosions/Remote violence,Air/drone strike,Military Forces of Israel (2022-),,8,Civilians (Palestine),Refugees/IDPs (Palestine),7,78,Civilian targeting,275,Middle East,Palestine,Gaza Strip,Deir El Balah,,Al Maghazi,31.4214,34.3865,1,Dunia Al Watan; Palestine Information Center; Palestine News and Information Agency,Other-National,"On 4 November 2023, Israeli military airplanes struck houses in Al Maghazi refugee camp (Deir El Balah, Gaza Strip). 51 persons were killed including children and women, and dozens of Palestinians were injured.",51,,1753954979
PSE40391,11/4/2023,2023,1,Political violence,Explosions/Remote violence,Air/drone strike,Military Forces of Israel (2022-),,8,Civilians (Palestine),,7,78,Civilian targeting,275,Middle East,Palestine,Gaza Strip,Deir El Balah,,Al Brawk,31.4204,34.339,2,Newpress; Quds News Network; Twitter,New media-National,"On 4 November 2023, Israeli airplanes struck a group of displaced Palestinians at the Coast of Deir al Balah (coded to Al Brawk, Gaza Strip). Casualties unknown.",0,,1767742780
PSE40367,11/4/2023,2023,1,Political violence,Explosions/Remote violence,Air/drone strike,Military Forces of Israel (2022-),,8,Civilians (Palestine),,7,78,Civilian targeting,275,Middle East,Palestine,Gaza Strip,North Gaza,,Beit Lahiya,31.5541,34.5016,1,Palestine News and Information Agency; Quds News Network; Twitter,New media-National,"On 4 November 2023, Israeli military airplanes carried out airstrikes on houses in Beit Lahiya and around the Indonesian Hospital (North Gaza, Gaza Strip). Casualties unknown.",0,,1753954979
PSE40381,11/4/2023,2023,1,Political violence,Explosions/Remote violence,Air/drone strike,Military Forces of Israel (2022-),,8,Civilians (Palestine),,7,78,Civilian targeting,275,Middle East,Palestine,Gaza Strip,Gaza City,,Gaza - Sabra,31.5086,34.4493,1,Palestine News and Information Agency; Quds News Network; Twitter,New media-National,"On 4 November 2023, Israeli military airplanes struck houses and a mosque in Gaza - Sabra (Gaza City, Gaza Strip). 10 persons were killed and several others were injured.",10,,1759789988
PSE40362,11/4/2023,2023,1,Political violence,Explosions/Remote violence,Air/drone strike,Military Forces of Israel (2022-),,8,Civilians (Palestine),,7,78,Civilian targeting,275,Middle East,Palestine,Gaza Strip,Gaza City,,Gaza - Nasr,31.534,34.4574,1,Newpress; Palestine News and Information Agency; Quds News Network; Twitter,New media-National,"On 4 November 2023, Israeli military airplanes carried out airstrikes in Gaza - Nasr (Gaza City, Gaza Strip), including the gate of Al Nasr Hospital and the Zaharaneh buildings. 2 persons were killed and several others were injured.",2,,1753954979
PSE40366,11/4/2023,2023,1,Political violence,Explosions/Remote violence,Air/drone strike,Military Forces of Israel (2022-),,8,Civilians (Palestine),Refugees/IDPs (Palestine),7,78,Civilian targeting,275,Middle East,Palestine,Gaza Strip,North Gaza,,Jabalya Camp,31.536,34.4907,1,Al Ghad (Jordan); Dunia Al Watan; Ma'an News Agency; Newpress; Palestine News and Information Agency; Quds News Network; Twitter,New media-National,"On 4 November 2023, Israeli airplanes struck houses and al-Fakhourah school that hosting displaced people in Mukhayyam Jabalya camp (North Gaza, Gaza Strip). Airplanes also used white phosphorus bombs. At least 63 persons were killed and dozens of Palestinians were injured. On 8 November 2023, 35 bodies were recovered from under the rubble, raising fatality toll to 98. HRW and Amnesty International have accused Israel of using white phosphorus bombs in Gaza and Lebanon.",98,,1753954979
PSE40374,11/4/2023,2023,1,Political violence,Explosions/Remote violence,Air/drone strike,Military Forces of Israel (2022-),,8,Civilians (Palestine),Refugees/IDPs (Palestine),7,78,Civilian targeting,275,Middle East,Palestine,Gaza Strip,Gaza City,,Gaza - Ash Shati' Camp,31.5349,34.4466,1,Newpress; Palestine News and Information Agency; Quds News Network; Twitter,New media-National,"On 4 November 2023, Israeli military airplanes struck houses in Gaza - Ash Shati' Camp refugee camp (Gaza City, Gaza Strip) using white phosphorus bombs. 2 persons were killed. HRW and Amnesty International have accused Israel of using white phosphorus bombs in Gaza and Lebanon.",2,,1759789988
PSE40385,11/4/2023,2023,1,Political violence,Explosions/Remote violence,Air/drone strike,Military Forces of Israel (2022-),,8,Civilians (Palestine),Journalists (Palestine),7,78,Civilian targeting,275,Middle East,Palestine,Gaza Strip,Gaza City,,Gaza - Ash Shati' Camp,31.5349,34.4466,2,Newpress; Palestine News and Information Agency; Quds News Network; Twitter,New media-National,"On 4 November 2023, Israeli military airplanes struck a house near Gaza port west of Gaza, Gaza - Ash Shati' Camp area (Gaza City, Gaza Strip). At least 42 persons were killed (including a journalist) and several others were injured.",42,,1759789988
PSE40180,11/4/2023,2023,1,Political violence,Explosions/Remote violence,Air/drone strike,Military Forces of Israel (2022-),,8,Civilians (Palestine),,7,78,Civilian targeting,275,Middle East,Palestine,Gaza Strip,Khan Yunis,,Khan Yunis,31.3502,34.3081,1,Palestine News and Information Agency; Palestinian Ministry of Health,Other-National,"On 4 November 2023, Israeli military airplanes carried out airstrikes in Khan Yunis city (Khan Yunis, Gaza Strip) leaving an unspecified number of civilians killed. [Palestinian Ministry of Health reported 11590 fatalities between 7 October - 10 November 2023. 479 fatalities not attributed to specific events split across 32 events between 4-10 November. 14 fatalities coded to this event.]",14,,1753954979
PSE40314,11/4/2023,2023,1,Political violence,Explosions/Remote violence,Air/drone strike,Military Forces of Israel (2022-),,8,Civilians (Palestine),,7,78,Civilian targeting,275,Middle East,Palestine,Gaza Strip,Khan Yunis,,Al Qararah,31.3739,34.3409,1,Palestine News and Information Agency; Palestinian Ministry of Health,Other-National,"On 4 November 2023, Israeli military airplanes carried out airstrikes in Al Qararah (Khan Yunis, Gaza Strip) leaving an unspecified number of civilians killed. [Palestinian Ministry of Health reported 11590 fatalities between 7 October - 10 November 2023. 479 fatalities not attributed to specific events split across 32 events between 4-10 November. 15 fatalities coded to this event.]",15,,1753954979
PSE40354,11/4/2023,2023,1,Political violence,Explosions/Remote violence,Air/drone strike,Military Forces of Israel (2022-),,8,Civilians (Palestine),,7,78,Civilian targeting,275,Middle East,Palestine,Gaza Strip,Gaza City,,Gaza - Sheikh Radwan,31.5349,34.4667,1,Palestine News and Information Agency; Palestinian Ministry of Health; Quds News Network; Twitter,Other-New media,"On 4 November 2023, Israeli military airplanes struck houses in Gaza - Sheikh Radwan (Gaza City, Gaza Strip). Several persons were killed and injured. [Palestinian Ministry of Health reported 11590 fatalities between 7 October - 10 November 2023. 479 fatalities not attributed to specific events split across 32 events between 4-10 November. 15 fatalities coded to this event.]",15,,1759789988
PSE40371,11/4/2023,2023,1,Political violence,Explosions/Remote violence,Air/drone strike,Military Forces of Israel (2022-),,8,Civilians (Palestine),,7,78,Civilian targeting,275,Middle East,Palestine,Gaza Strip,Gaza City,,Gaza - Shujaiyya,31.4988,34.4699,1,Newpress; Palestine News and Information Agency; Palestinian Ministry of Health; Quds News Network; Twitter,Other-New media,"On 4 November 2023, Israeli military airplanes struck houses and the main generator of the al-Wafa Hospital in Gaza - Shujaiyya (Gaza City, Gaza Strip), causing damage. Several persons were killed and injured. [Palestinian Ministry of Health reported 11590 fatalities between 7 October - 10 November 2023. 479 fatalities not attributed to specific events split across 32 events between 4-10 November. 15 fatalities coded to this event.]",15,,1759789988
PSE40365,11/4/2023,2023,1,Political violence,Explosions/Remote violence,Air/drone strike,Military Forces of Israel (2022-),,8,Civilians (Palestine),,7,78,Civilian targeting,275,Middle East,Palestine,Gaza Strip,North Gaza,,Beit Hanoun,31.5405,34.5402,1,Palestine News and Information Agency,National,"On 4 November 2023, Israeli airplanes struck houses in Beit Hanoun (North Gaza, Gaza Strip). Casualties unknown.",0,,1753954979
PSE40372,11/4/2023,2023,1,Political violence,Explosions/Remote violence,Air/drone strike,Military Forces of Israel (2022-),,8,Civilians (Palestine),,7,78,Civilian targeting,275,Middle East,Palestine,Gaza Strip,Rafah,,Yibna,31.2842,34.2482,2,Newpress; Palestine News and Information Agency; Palestinian Ministry of Health; Twitter,Other-New media,"On 4 November 2023, Israeli military airplanes struck a group of people and the main water supply tank east of Rafah (coded to Yibna, Gaza Strip), causing damage. Several persons were killed. [Palestinian Ministry of Health reported 11590 fatalities between 7 October - 10 November 2023. 479 fatalities not attributed to specific events split across 32 events between 4-10 November. 15 fatalities coded to this event.]",15,,1753954979
PSE40172,11/4/2023,2023,1,Political violence,Explosions/Remote violence,Air/drone strike,Military Forces of Israel (2022-),,8,Civilians (Palestine),,7,78,Civilian targeting,275,Middle East,Palestine,Gaza Strip,Gaza City,,Gaza - Tal el Hawa,31.5041,34.435,1,Newpress; Palestine News and Information Agency; Quds News Network; Twitter,New media-National,"On 4 November 2023, Israeli military airplanes struck houses in Gaza - Tal el Hawa and on the outskirts of Al Quds Hospital (Gaza City, Gaza Strip). 22 displaced Palestinians were injured.",0,,1759789988
PSE40382,11/4/2023,2023,1,Political violence,Explosions/Remote violence,Air/drone strike,Military Forces of Israel (2022-),,8,Civilians (Palestine),,7,78,Civilian targeting,275,Middle East,Palestine,Gaza Strip,Gaza City,,Gaza - Az Zaytun,31.4964,34.4522,1,Dunia Al Watan; Ma'an News Agency; Newpress; Palestine News and Information Agency; Quds News Network; Twitter,New media-National,"On 4 November 2023, Israeli military airplanes struck a mosque and houses in Gaza - Az Zaytun (Gaza City, Gaza Strip). At least 9 persons were killed and several others were injured.",9,,1759789988
PSE40355,11/4/2023,2023,1,Political violence,Explosions/Remote violence,Air/drone strike,Military Forces of Israel (2022-),,8,Civilians (Palestine),Labor Group (Palestine),7,78,Civilian targeting,275,Middle East,Palestine,Gaza Strip,Rafah,,Rafah,31.287,34.2595,1,Newpress; Palestine News and Information Agency; Palestinian Ministry of Health; Quds News Network; Twitter,Other-New media,"On 4 November 2023, Israeli military airplanes struck houses and a poultry farm in Rafah (Rafah, Gaza Strip). There were an unspecified number of fatalities, including 3 workers. [Palestinian Ministry of Health reported 11590 fatalities between 7 October - 10 November 2023. 479 fatalities not attributed to specific events split across 32 events between 4-10 November. 15 fatalities coded to this event.]",15,,1762829569
PSE40405,11/5/2023,2023,1,Political violence,Explosions/Remote violence,Air/drone strike,Military Forces of Israel (2022-),,8,Civilians (Palestine),,7,78,Civilian targeting,275,Middle East,Palestine,Gaza Strip,Gaza City,,Gaza,31.5045,34.4743,1,PLO Negotiations Affairs Department,Other,"On 5 November 2023, Israeli military airplanes carried out airstrikes in Gaza City and on the outskirts of Gaza hospitals (Gaza City, Gaza Strip). Casualties unknown.",0,,1759789988
PSE40408,11/5/2023,2023,1,Political violence,Explosions/Remote violence,Air/drone strike,Military Forces of Israel (2022-),,8,Civilians (Palestine),,7,78,Civilian targeting,275,Middle East,Palestine,Gaza Strip,Gaza City,,Gaza - Northern Remal,31.524,34.4505,1,Newpress; Twitter,New media-National,"On 5 November 2023, Israeli military airplanes carried out airstrikes in Gaza - Northern Remal (Gaza City, Gaza Strip). Casualties unknown.",0,,1759789988
PSE40416,11/5/2023,2023,1,Political violence,Explosions/Remote violence,Air/drone strike,Military Forces of Israel (2022-),,8,Civilians (Palestine),,7,78,Civilian targeting,275,Middle East,Palestine,Gaza Strip,Gaza City,,Gaza - Sheikh Radwan,31.5349,34.4667,1,Liveuamap,Local partner-New media,"On 5 November 2023, Israeli military airplanes struck houses and apartments in Gaza - Sheikh Radwan (Gaza City, Gaza Strip). Casualties unknown.",0,,1759789988
PSE40441,11/5/2023,2023,1,Political violence,Explosions/Remote violence,Air/drone strike,Military Forces of Israel (2022-),,8,Civilians (Palestine),,7,78,Civilian targeting,275,Middle East,Palestine,Gaza Strip,Khan Yunis,,Bani Suheila,31.3424,34.325,1,Palestine News and Information Agency,National,"On 5 November 2023, Israeli airplanes struck targets in Bani Suheila (Khan Yunis, Gaza Strip).Casualties unknown.",0,,1753954979
PSE40442,11/5/2023,2023,1,Political violence,Explosions/Remote violence,Shelling/artillery/missile attack,Military Forces of Israel (2022-),,8,Civilians (Palestine),,7,78,Civilian targeting,275,Middle East,Palestine,Gaza Strip,Gaza City,,Gaza - Shujaiyya,31.4988,34.4699,2,PLO Negotiations Affairs Department,Other,"On 5 November 2023, Israeli artillery struck targets east of Gaza (coded to Gaza - Shujaiyya, Gaza Strip). Casualties unknown.",0,,1759789988
PSE40443,11/5/2023,2023,1,Political violence,Explosions/Remote violence,Shelling/artillery/missile attack,Military Forces of Israel (2022-),,8,Civilians (Palestine),,7,78,Civilian targeting,275,Middle East,Palestine,Gaza Strip,Khan Yunis,,Bani Suheila,31.3424,34.325,2,PLO Negotiations Affairs Department,Other,"On 5 November 2023, Israeli artillery struck targets east of Khan Yunis (coded to Bani Suheila, Gaza Strip).Casualties unknown.",0,,1753954979
PSE40477,11/5/2023,2023,1,Political violence,Explosions/Remote violence,Shelling/artillery/missile attack,Military Forces of Israel (2022-),,8,Civilians (Palestine),,7,78,Civilian targeting,275,Middle East,Palestine,Gaza Strip,Khan Yunis,,Khan Yunis - West (Municipal Stadium),31.3484,34.2961,2,Ma'an News Agency; Newpress; Palestine News and Information Agency; Quds News Network; Twitter,New media-National,"On 5 November 2023, Israeli artillery struck targets west of Khan Yunis (coded to Khan Yunis - West (Municipal Stadium), Gaza Strip). Casualties unknown.",0,,1753954979
PSE40403,11/5/2023,2023,1,Political violence,Explosions/Remote violence,Air/drone strike,Military Forces of Israel (2022-),,8,Civilians (Palestine),Refugees/IDPs (Palestine),7,78,Civilian targeting,275,Middle East,Palestine,Gaza Strip,Deir El Balah,,Al Burayj,31.4394,34.4031,1,Palestine News and Information Agency,National,"On 5 November 2023, Israeli military airplanes struck houses in Al Burayj refugee camp (Deir El Balah, Gaza Strip). 5 persons were killed.",5,,1753954979
PSE40414,11/5/2023,2023,1,Political violence,Explosions/Remote violence,Air/drone strike,Military Forces of Israel (2022-),,8,Civilians (Palestine),,7,78,Civilian targeting,275,Middle East,Palestine,Gaza Strip,Deir El Balah,,Al Musaddar,31.4105,34.378,2,Palestine News and Information Agency,National,"On 5 November 2023, Israeli military airplanes struck houses and apartments west of Deir al Balah (coded to Al Musaddar, Gaza Strip). Casualties unknown.",0,,1765850627
PSE40418,11/5/2023,2023,1,Political violence,Explosions/Remote violence,Air/drone strike,Military Forces of Israel (2022-),,8,Civilians (Palestine),Refugees/IDPs (Palestine),7,78,Civilian targeting,275,Middle East,Palestine,Gaza Strip,Deir El Balah,,An Nusayrat,31.4486,34.3925,1,Quds News Network; Twitter,New media-National,"On 5 November 2023, Israeli military airplanes struck houses and apartments in An Nusayrat refugee camp (Deir El Balah, Gaza Strip). Casualties unknown.",0,,1753954979
PSE40434,11/5/2023,2023,1,Political violence,Explosions/Remote violence,Air/drone strike,Military Forces of Israel (2022-),,8,Civilians (Palestine),,7,78,Civilian targeting,275,Middle East,Palestine,Gaza Strip,Deir El Balah,,Deir al Balah,31.4178,34.3503,1,Liveuamap; Palestine News and Information Agency; Quds News Network; Twitter,Local partner-New media,"On 5 November 2023, Israeli military airplanes struck houses in Deir al Balah (Deir El Balah, Gaza Strip). At least 35 persons were killed in Deir El Balah and Az Zawayda.",35,,1753954979
PSE40435,11/5/2023,2023,1,Political violence,Explosions/Remote violence,Air/drone strike,Military Forces of Israel (2022-),,8,Civilians (Palestine),,7,78,Civilian targeting,275,Middle East,Palestine,Gaza Strip,Deir El Balah,,Az Zawayda,31.4284,34.366,1,Liveuamap; Palestine News and Information Agency; Quds News Network; Twitter,Local partner-New media,"On 5 November 2023, Israeli military airplanes struck houses in Az Zawayda (Deir El Balah, Gaza Strip). At least 10 persons were killed.",10,,1767742780
PSE40440,11/5/2023,2023,1,Political violence,Explosions/Remote violence,Shelling/artillery/missile attack,Military Forces of Israel (2022-),,8,Civilians (Palestine),,7,78,Civilian targeting,275,Middle East,Palestine,Gaza Strip,Deir El Balah,,Deir al Balah Camp,31.4249,34.34,2,PLO Negotiations Affairs Department,Other,"On 5 November 2023, Israeli artillery struck targets east of Deir El Balah (coded to Deir al Balah Camp, Gaza Strip). Casualties unknown.",0,,1765850627
PSE40420,11/5/2023,2023,1,Political violence,Explosions/Remote violence,Air/drone strike,Military Forces of Israel (2022-),,8,Civilians (Palestine),,7,78,Civilian targeting,275,Middle East,Palestine,Gaza Strip,North Gaza,,Beit Lahiya,31.5541,34.5016,1,Quds News Network; Twitter,New media-National,"On 5 November 2023, Israeli military airplanes struck houses and apartments and other targets on the outskirts of the Indonesian Hospital in Beit Lahiya (North Gaza, Gaza Strip). Casualties unknown.",0,,1753954979
PSE40447,11/5/2023,2023,1,Political violence,Explosions/Remote violence,Air/drone strike,Military Forces of Israel (2022-),,8,Civilians (Palestine),,7,78,Civilian targeting,275,Middle East,Palestine,Gaza Strip,North Gaza,,Beit Lahiya,31.5541,34.5016,2,Palestine News and Information Agency,National,"On 5 November 2023, Israeli military airplanes fired white phosphorus bombs west of Beit Lahiya (North Gaza, Gaza Strip). HRW and Amnesty International have accused Israel of using white phosphorus bombs in Gaza and Lebanon. Casualties unknown.",0,,1753954979
PSE40407,11/5/2023,2023,1,Political violence,Explosions/Remote violence,Air/drone strike,Military Forces of Israel (2022-),,8,Civilians (Palestine),,7,78,Civilian targeting,275,Middle East,Palestine,Gaza Strip,Gaza City,,Gaza - Sabra,31.5086,34.4493,1,PLO Negotiations Affairs Department,Other,"On 5 November 2023, Israeli military airplanes carried out airstrikes in Gaza - Sabra (Gaza City, Gaza Strip). Casualties unknown.",0,,1759789988
PSE40409,11/5/2023,2023,1,Political violence,Explosions/Remote violence,Air/drone strike,Military Forces of Israel (2022-),,8,Civilians (Palestine),,7,78,Civilian targeting,275,Middle East,Palestine,Gaza Strip,Gaza City,,Gaza - Southern Remal,31.5168,34.4355,1,Newpress; Twitter,New media-National,"On 5 November 2023, Israeli military airplanes carried out airstrikes in Gaza - Southern Remal (Gaza City, Gaza Strip). Casualties unknown.",0,,1759789988
PSE40415,11/5/2023,2023,1,Political violence,Explosions/Remote violence,Air/drone strike,Military Forces of Israel (2022-),,8,Civilians (Palestine),,7,78,Civilian targeting,275,Middle East,Palestine,Gaza Strip,Gaza City,,Gaza - Nasr,31.534,34.4574,1,Palestine News and Information Agency,National,"On 5 November 2023, Israeli military airplanes struck houses and apartments in Gaza - Nasr (Gaza City, Gaza Strip). Casualties unknown.",0,,1753954979
PSE40410,11/5/2023,2023,1,Political violence,Explosions/Remote violence,Air/drone strike,Military Forces of Israel (2022-),,8,Civilians (Palestine),,7,78,Civilian targeting,275,Middle East,Palestine,Gaza Strip,Gaza City,,Gaza - Ash Shati' Camp,31.5349,34.4466,1,Palestine News and Information Agency; Quds News Network; Twitter,New media-National,"On 5 November 2023, Israeli military airplanes carried out airstrikes and fired white phosphorus bombs in Gaza - Ash Shati' Camp refugee camp (Gaza City, Gaza Strip). HRW and Amnesty International have accused Israel of using white phosphorus bombs in Gaza and Lebanon. Casualties unknown.",0,,1759789988
PSE40411,11/5/2023,2023,1,Political violence,Explosions/Remote violence,Air/drone strike,Military Forces of Israel (2022-),,8,Civilians (Palestine),,7,78,Civilian targeting,275,Middle East,Palestine,Gaza Strip,Gaza City,,Gaza - Ash Shati' Camp,31.5349,34.4466,2,Newpress; Palestine News and Information Agency; Twitter,New media-National,"On 5 November 2023, Israeli military airplanes carried out airstrikes several sites (al-Safina, al-Mashtal, al-Ansar) near and northwest of Gaza - Ash Shati' Camp (Gaza City, Gaza Strip). Casualties unknown.",0,,1759789988
PSE40432,11/5/2023,2023,1,Political violence,Explosions/Remote violence,Shelling/artillery/missile attack,Military Forces of Israel (2022-),,8,Civilians (Palestine),,7,78,Civilian targeting,275,Middle East,Palestine,Gaza Strip,Gaza City,,Gaza - Ash Shati' Camp,31.5349,34.4466,1,Palestine News and Information Agency,National,"On 5 November 2023, Israeli warships struck targets in Gaza - Ash Shati' Camp (Gaza City, Gaza Strip). Casualties unknown.",0,,1759789988
PSE40433,11/5/2023,2023,1,Political violence,Explosions/Remote violence,Shelling/artillery/missile attack,Military Forces of Israel (2022-),,8,Civilians (Palestine),,7,78,Civilian targeting,275,Middle East,Palestine,Gaza Strip,Gaza City,,Gaza - Ash Shati' Camp,31.5349,34.4466,2,PLO Negotiations Affairs Department,Other,"On 5 November 2023, Israeli artillery struck targets west of Gaza - Ash Shati' Camp and the nearby area (Gaza City, Gaza Strip). Casualties unknown.",0,,1759789988
PSE40373,11/5/2023,2023,1,Political violence,Explosions/Remote violence,Air/drone strike,Military Forces of Israel (2022-),,8,Civilians (Palestine),,7,78,Civilian targeting,275,Middle East,Palestine,Gaza Strip,North Gaza,,Beit Lahiya - Al Mashroo,31.5433,34.4998,1,Palestine News and Information Agency; Palestinian Ministry of Health,Other-National,"On 5 November 2023, Israeli military airplanes struck a house in Beit Lahiya - Al Mashroo (North Gaza, Gaza Strip). Several persons were killed. [Palestinian Ministry of Health reported 11590 fatalities between 7 October - 10 November 2023. 479 fatalities not attributed to specific events split across 32 events between 4-10 November. 15 fatalities coded to this event.]",15,,1753954979
PSE40376,11/5/2023,2023,1,Political violence,Explosions/Remote violence,Air/drone strike,Military Forces of Israel (2022-),,8,Civilians (Palestine),,7,78,Civilian targeting,275,Middle East,Palestine,Gaza Strip,Gaza City,,Gaza - Shujaiyya,31.4988,34.4699,1,Newpress; Palestine News and Information Agency; Palestinian Ministry of Health; Twitter,Other-New media,"On 5 November 2023, Israeli military airplanes struck houses and apartments in Gaza - Shujaiyya (Gaza City, Gaza Strip). Several persons were killed. [Palestinian Ministry of Health reported 11590 fatalities between 7 October - 10 November 2023. 479 fatalities not attributed to specific events split across 32 events between 4-10 November. 15 fatalities coded to this event.]",15,,1759789988
PSE40412,11/5/2023,2023,1,Political violence,Explosions/Remote violence,Air/drone strike,Military Forces of Israel (2022-),,8,Civilians (Palestine),,7,78,Civilian targeting,275,Middle East,Palestine,Gaza Strip,Gaza City,,Gaza - Ash Shaykh Ijlin,31.5098,34.4274,1,Quds News Network; Twitter,New media-National,"On 5 November 2023, Israeli military airplanes carried out airstrikes in Gaza - Ash Shaykh Ijlin (Gaza City, Gaza Strip). Casualties unknown.",0,,1753954979
PSE40437,11/5/2023,2023,1,Political violence,Explosions/Remote violence,Air/drone strike,Military Forces of Israel (2022-),,8,Civilians (Palestine),,7,78,Civilian targeting,275,Middle East,Palestine,Gaza Strip,North Gaza,,Beit Hanoun,31.5405,34.5402,1,Liveuamap,Local partner-New media,"On 5 November 2023, Israeli airplanes struck a house in Beit Hanoun (North Gaza, Gaza Strip). 3 persons were killed.",3,,1753954979
PSE40438,11/5/2023,2023,1,Political violence,Explosions/Remote violence,Shelling/artillery/missile attack,Military Forces of Israel (2022-),,8,Civilians (Palestine),,7,78,Civilian targeting,275,Middle East,Palestine,Gaza Strip,North Gaza,,Beit Hanoun - Al-Sekka,31.5463,34.5332,2,PLO Negotiations Affairs Department,Other,"On 5 November 2023, Israeli artillery struck targets east of North Gaza (coded as Beit Hanoun - Al-Sekka, Gaza Strip). Casualties unknown.",0,,1753954979
PSE40439,11/5/2023,2023,1,Political violence,Explosions/Remote violence,Air/drone strike,Military Forces of Israel (2022-),,8,Civilians (Palestine),,7,78,Civilian targeting,275,Middle East,Palestine,Gaza Strip,Gaza City,,Al Mughraqa,31.4675,34.4097,2,Palestine News and Information Agency; Quds News Network; Twitter,New media-National,"On 5 November 2023, Israeli military airplanes struck the bridge between Al Mughraqa and An Nusayrat (Gaza City, Gaza Strip). Casualties unknown.",0,,1753954979
PSE40444,11/5/2023,2023,1,Political violence,Explosions/Remote violence,Shelling/artillery/missile attack,Military Forces of Israel (2022-),,8,Civilians (Palestine),,7,78,Civilian targeting,275,Middle East,Palestine,Gaza Strip,Rafah,,Yibna,31.2842,34.2482,2,Quds News Network; Twitter,New media-National,"On 5 November 2023, Israeli artillery struck targets east of Rafah (coded to Yibna, Gaza Strip). Casualties unknown.",0,,1753954979
PSE40375,11/5/2023,2023,1,Political violence,Explosions/Remote violence,Air/drone strike,Military Forces of Israel (2022-),,8,Civilians (Palestine),,7,78,Civilian targeting,275,Middle East,Palestine,Gaza Strip,North Gaza,,Jabalya,31.5272,34.4835,1,Liveuamap; Palestine News and Information Agency; Palestinian Ministry of Health,Local partner-New media,"On 5 November 2023, Israeli military airplanes struck houses and apartments in al-Fakhoura of Jabalya (North Gaza, Gaza Strip). Several persons were killed. [Palestinian Ministry of Health reported 11590 fatalities between 7 October - 10 November 2023. 479 fatalities not attributed to specific events split across 32 events between 4-10 November. 15 fatalities coded to this event.]",15,,1759789988
PSE40406,11/5/2023,2023,1,Political violence,Explosions/Remote violence,Air/drone strike,Military Forces of Israel (2022-),,8,Civilians (Palestine),,7,78,Civilian targeting,275,Middle East,Palestine,Gaza Strip,Gaza City,,Gaza - Az Zaytun,31.4964,34.4522,1,Palestine News and Information Agency,National,"On 5 November 2023, Israeli military airplanes carried out airstrikes and struck houses in Gaza - Az Zaytun (Gaza City, Gaza Strip). Casualties unknown.",0,,1759789988
PSE40413,11/5/2023,2023,1,Political violence,Explosions/Remote violence,Air/drone strike,Military Forces of Israel (2022-),,8,Civilians (Palestine),,7,78,Civilian targeting,275,Middle East,Palestine,Gaza Strip,Gaza City,,Gaza - Tal el Hawa,31.5041,34.435,1,Palestine News and Information Agency,National,"On 5 November 2023, Israeli military airplanes carried out airstrikes in Gaza - Tal el Hawa (Gaza City, Gaza Strip). Casualties unknown.",0,,1759789988
PSE40476,11/5/2023,2023,1,Political violence,Explosions/Remote violence,Shelling/artillery/missile attack,Military Forces of Israel (2022-),,8,Civilians (Palestine),,7,78,Civilian targeting,275,Middle East,Palestine,Gaza Strip,Gaza City,,Gaza - Az Zaytun,31.4964,34.4522,2,Quds News Network; Twitter,New media-National,"On 5 November 2023, Israeli artillery struck targets east of Gaza - Az Zaytun (Gaza City, Gaza Strip). Casualties unknown.",0,,1759789988
PSE40377,11/5/2023,2023,1,Political violence,Explosions/Remote violence,Air/drone strike,Military Forces of Israel (2022-),,8,Civilians (Palestine),,7,78,Civilian targeting,275,Middle East,Palestine,Gaza Strip,Rafah,,Rafah,31.287,34.2595,1,Newpress; Palestine News and Information Agency; Palestinian Ministry of Health; Quds News Network; Twitter,Other-New media,"On 5 November 2023, Israeli airplanes struck a house in Tell al-Sultan of Rafah city (Rafah, Gaza Strip). Several persons were killed and injured. [Palestinian Ministry of Health reported 11590 fatalities between 7 October - 10 November 2023. 479 fatalities not attributed to specific events split across 32 events between 4-10 November. 15 fatalities coded to this event.]",15,,1762829569
PSE40452,11/6/2023,2023,1,Political violence,Explosions/Remote violence,Air/drone strike,Military Forces of Israel (2022-),,8,Civilians (Palestine),Health Workers (Palestine),7,78,Civilian targeting,275,Middle East,Palestine,Gaza Strip,Gaza City,,Gaza - Northern Remal,31.524,34.4505,1,Liveuamap; Ma'an News Agency; Newpress; Palestine News and Information Agency; Quds News Network; Twitter,Local partner-New media,"On 6 November 2023, Israeli military airplanes carried out airstrikes on the outskirts and struck a building in Al Shifa Hospital in Gaza - Northern Remal (Gaza City, Gaza Strip). A child and a woman were killed and several persons were injured.",2,,1759789988
PSE40455,11/6/2023,2023,1,Political violence,Explosions/Remote violence,Air/drone strike,Military Forces of Israel (2022-),,8,Civilians (Palestine),,7,78,Civilian targeting,275,Middle East,Palestine,Gaza Strip,Khan Yunis,,Khan Yunis,31.3502,34.3081,1,Palestine News and Information Agency,National,"On 6 November 2023, Israeli airplanes struck a house in Khan Yunis city (Khan Yunis, Gaza Strip). 3 persons were killed, including a child, and several others were injured.",3,,1753954979
PSE40462,11/6/2023,2023,1,Political violence,Explosions/Remote violence,Air/drone strike,Military Forces of Israel (2022-),,8,Civilians (Palestine),,7,78,Civilian targeting,275,Middle East,Palestine,Gaza Strip,Gaza City,,Gaza - Sheikh Radwan,31.5349,34.4667,1,Newpress; Quds News Network; Twitter,New media-National,"On 6 November 2023, Israeli military airplanes carried out airstrikes in Gaza - Sheikh Radwan (Gaza City, Gaza Strip). Casualties unknown.",0,,1759789988
PSE40464,11/6/2023,2023,1,Political violence,Explosions/Remote violence,Air/drone strike,Military Forces of Israel (2022-),,8,Civilians (Palestine),,7,78,Civilian targeting,275,Middle East,Palestine,Gaza Strip,Gaza City,,Gaza - Shujaiyya,31.4988,34.4699,1,Quds News Network; Twitter,New media-National,"On 6 November 2023, Israeli military airplanes carried out airstrikes in Gaza - Shujaiyya (Gaza City, Gaza Strip). Casualties unknown.",0,,1759789988
PSE40466,11/6/2023,2023,1,Political violence,Explosions/Remote violence,Air/drone strike,Military Forces of Israel (2022-),,8,Civilians (Palestine),,7,78,Civilian targeting,275,Middle East,Palestine,Gaza Strip,Khan Yunis,,Khan Yunis - West (Municipal Stadium),31.3484,34.2961,2,Liveuamap; Ma'an News Agency; Palestine News and Information Agency; Quds News Network; Twitter,Local partner-New media,"On 6 November 2023, Israeli airplanes struck houses in Al Amal area, west of Khan Yunis (coded to Khan Yunis - West (Municipal Stadium), Gaza Strip). 11 persons were killed.",11,,1753954979
PSE40468,11/6/2023,2023,1,Political violence,Explosions/Remote violence,Air/drone strike,Military Forces of Israel (2022-),,8,Civilians (Palestine),,7,78,Civilian targeting,275,Middle East,Palestine,Gaza Strip,Khan Yunis,,Bani Suheila,31.3424,34.325,1,Ma'an News Agency; Palestine News and Information Agency; Quds News Network; Twitter,New media-National,"On 6 November 2023, Israeli airplanes struck a house in Bani Suheila (Khan Yunis, Gaza Strip). 6 persons were killed.",6,,1753954979
PSE40469,11/6/2023,2023,1,Political violence,Explosions/Remote violence,Air/drone strike,Military Forces of Israel (2022-),,8,Civilians (Palestine),,7,78,Civilian targeting,275,Middle East,Palestine,Gaza Strip,Khan Yunis,,Al Qararah,31.3739,34.3409,1,Palestine News and Information Agency; Quds News Network; Twitter,New media-National,"On 6 November 2023, Israeli airplanes struck a house in Al Qararah (Khan Yunis, Gaza Strip). 2 persons were killed.",2,,1753954979
PSE40481,11/6/2023,2023,1,Political violence,Explosions/Remote violence,Shelling/artillery/missile attack,Military Forces of Israel (2022-),,8,Civilians (Palestine),,7,78,Civilian targeting,275,Middle East,Palestine,Gaza Strip,Gaza City,,Gaza - Shujaiyya,31.4988,34.4699,2,PLO Negotiations Affairs Department,Other,"On 6 November 2023, Israeli artillery struck targets east of Gaza (coded to Gaza - Shujaiyya, Gaza Strip). Casualties unknown.",0,,1759789988
PSE40482,11/6/2023,2023,1,Political violence,Explosions/Remote violence,Shelling/artillery/missile attack,Military Forces of Israel (2022-),,8,Civilians (Palestine),,7,78,Civilian targeting,275,Middle East,Palestine,Gaza Strip,Khan Yunis,,Bani Suheila,31.3424,34.325,2,PLO Negotiations Affairs Department,Other,"On 6 November 2023, Israeli artillery struck targets east of Khan Yunis (coded to Bani Suheila, Gaza Strip). Casualties unknown.",0,,1753954979
PSE40497,11/6/2023,2023,1,Political violence,Explosions/Remote violence,Air/drone strike,Military Forces of Israel (2022-),,8,Civilians (Palestine),,7,78,Civilian targeting,275,Middle East,Palestine,Gaza Strip,Khan Yunis,,Bani Suheila,31.3424,34.325,2,Quds News Network; Twitter,New media-National,"On 6 November 2023, Israeli military airplanes carried out airstrikes east of Khan Yunis (coded to Bani Suheila, Gaza Strip). Casualties unknown.",0,,1753954979
PSE40453,11/6/2023,2023,1,Political violence,Explosions/Remote violence,Air/drone strike,Military Forces of Israel (2022-),,8,Civilians (Palestine),,7,78,Civilian targeting,275,Middle East,Palestine,Gaza Strip,Deir El Balah,,Al Burayj,31.4394,34.4031,1,Palestine News and Information Agency,National,"On 6 November 2023, Israeli military airplanes carried out airstrikes on a mosque in Al Burayj refugee camp (Deir El Balah, Gaza Strip). Casualties unknown.",0,,1753954979
PSE40454,11/6/2023,2023,1,Political violence,Explosions/Remote violence,Air/drone strike,Military Forces of Israel (2022-),,8,Civilians (Palestine),,7,78,Civilian targeting,275,Middle East,Palestine,Gaza Strip,Deir El Balah,,Al Maghazi,31.4214,34.3865,1,Palestine News and Information Agency; Quds News Network; Twitter,New media-National,"On 6 November 2023, Israeli military airplanes carried out airstrikes in Al Maghazi (Deir El Balah, Gaza Strip). Casualties unknown.",0,,1753954979
PSE40470,11/6/2023,2023,1,Political violence,Explosions/Remote violence,Air/drone strike,Military Forces of Israel (2022-),,8,Civilians (Palestine),Refugees/IDPs (Palestine),7,78,Civilian targeting,275,Middle East,Palestine,Gaza Strip,Deir El Balah,,An Nusayrat,31.4486,34.3925,1,Ma'an News Agency; Palestine News and Information Agency,National,"On 6 November 2023, Israeli military airplanes struck houses in An Nusayrat refugee camp (Deir El Balah, Gaza Strip). 9 persons were killed.",9,,1753954979
PSE40480,11/6/2023,2023,1,Political violence,Explosions/Remote violence,Shelling/artillery/missile attack,Military Forces of Israel (2022-),,8,Civilians (Palestine),,7,78,Civilian targeting,275,Middle East,Palestine,Gaza Strip,Deir El Balah,,Deir al Balah Camp,31.4249,34.34,2,Quds News Network; Twitter,New media-National,"On 6 November 2023, Israeli artillery struck targets east of Deir El Balah (coded to Deir al Balah Camp, Gaza Strip). Casualties unknown.",0,,1765850627
PSE40501,11/6/2023,2023,1,Political violence,Explosions/Remote violence,Shelling/artillery/missile attack,Military Forces of Israel (2022-),,8,Civilians (Palestine),,7,78,Civilian targeting,275,Middle East,Palestine,Gaza Strip,Deir El Balah,,Al Burayj,31.4394,34.4031,2,PLO Negotiations Affairs Department,Other,"On 6 November 2023, Israeli artillery struck targets east of Al Burayj (Deir El Balah, Gaza Strip). Casualties unknown.",0,,1753954979
PSE40460,11/6/2023,2023,1,Political violence,Explosions/Remote violence,Air/drone strike,Military Forces of Israel (2022-),,8,Civilians (Palestine),,7,78,Civilian targeting,275,Middle East,Palestine,Gaza Strip,North Gaza,,Beit Lahiya - Al Mashroo,31.5433,34.4998,1,Liveuamap; Newpress; Palestine News and Information Agency; Quds News Network; Twitter,Local partner-New media,"On 6 November 2023, Israeli airplanes struck the al-Taqwa mosque a school hosting displaced people in Beit Lahiya - Al Mashroo (North Gaza, Gaza Strip). 9 persons were killed.",9,,1753954979
PSE40451,11/6/2023,2023,1,Political violence,Explosions/Remote violence,Air/drone strike,Military Forces of Israel (2022-),,8,Civilians (Palestine),,7,78,Civilian targeting,275,Middle East,Palestine,Gaza Strip,Gaza City,,Gaza - Southern Remal,31.5168,34.4355,2,Palestine News and Information Agency,National,"On 6 November 2023, Israeli military airplanes carried out airstrikes west of Gaza City areas (coded as Gaza - Southern Remal, Gaza Strip). Casualties unknown.",0,,1759789988
PSE40459,11/6/2023,2023,1,Political violence,Explosions/Remote violence,Air/drone strike,Military Forces of Israel (2022-),,8,Civilians (Palestine),Health Workers (Palestine),7,78,Civilian targeting,275,Middle East,Palestine,Gaza Strip,Gaza City,,Gaza - Nasr,31.534,34.4574,2,Palestine News and Information Agency; Quds News Network; Twitter,New media-National,"On 6 November 2023, Israeli airplanes struck the 3rd level of Rantisi Hospital west of Gaza - Nasr (Gaza City, Gaza Strip). At least 5 persons were killed.",5,,1753954979
PSE40677,11/6/2023,2023,1,Political violence,Explosions/Remote violence,Air/drone strike,Military Forces of Israel (2022-),,8,Civilians (Palestine),,7,78,Civilian targeting,275,Middle East,Palestine,Gaza Strip,Rafah,,Tal as Sultan,31.3098,34.2414,2,Liveuamap; Newpress; Palestine News and Information Agency; Twitter,Local partner-New media,"On 6 November 2023, Israeli airplanes struck a house west of Rafah (coded to Tal as Sultan, Gaza Strip). 6 persons were killed.",6,,1762829569
PSE40458,11/6/2023,2023,1,Political violence,Explosions/Remote violence,Air/drone strike,Military Forces of Israel (2022-),,8,Civilians (Palestine),Refugees/IDPs (Palestine),7,78,Civilian targeting,275,Middle East,Palestine,Gaza Strip,North Gaza,,Jabalya Camp,31.536,34.4907,1,Liveuamap; Newpress; Palestine News and Information Agency; Quds News Network; Twitter,Local partner-New media,"On 6 November 2023, Israeli airplanes struck a house and used white phosphorus bombs in Mukhayyam Jabalya camp (North Gaza, Gaza Strip). 2 persons were killed and several others were injured. HRW and Amnesty International have accused Israel of using white phosphorus bombs in Gaza and Lebanon.",2,,1753954979
PSE40502,11/6/2023,2023,1,Political violence,Explosions/Remote violence,Shelling/artillery/missile attack,Military Forces of Israel (2022-),,8,Civilians (Palestine),,7,78,Civilian targeting,275,Middle East,Palestine,Gaza Strip,Gaza City,,Gaza - Ash Shati' Camp,31.5349,34.4466,1,PLO Negotiations Affairs Department,Other,"On 6 November 2023, Israeli warships struck targets in Gaza - Ash Shati' Camp refugee camp (Gaza City, Gaza Strip). Casualties unknown.",0,,1759789988
PSE40379,11/6/2023,2023,1,Political violence,Explosions/Remote violence,Air/drone strike,Military Forces of Israel (2022-),,8,Civilians (Palestine),Refugees/IDPs (Palestine),7,78,Civilian targeting,275,Middle East,Palestine,Gaza Strip,Gaza City,,Gaza - Ash Shati' Camp,31.5349,34.4466,1,Palestine News and Information Agency; Palestinian Ministry of Health,Other-National,"On 6 November 2023, Israeli military airplanes carried out airstrikes in Gaza - Ash Shati' Camp refugee camp (Gaza City, Gaza Strip). And airplanes struck a house, killing several persons. [Palestinian Ministry of Health reported 11590 fatalities between 7 October - 10 November 2023. 479 fatalities not attributed to specific events split across 32 events between 4-10 November. 15 fatalities coded to this event.]",15,,1759789988
PSE40404,11/6/2023,2023,1,Political violence,Explosions/Remote violence,Air/drone strike,Military Forces of Israel (2022-),,8,Civilians (Palestine),Journalists (Palestine),7,78,Civilian targeting,275,Middle East,Palestine,Gaza Strip,Gaza City,,Gaza - Nasr,31.534,34.4574,1,Liveuamap; Palestine News and Information Agency; Palestinian Ministry of Health; Quds News Network; Twitter,Local partner-New media,"On 6 November 2023, Israeli airplanes struck a house in Gaza - Nasr (Gaza City, Gaza Strip). Several persons were killed, including a Palestinian journalist. [Palestinian Ministry of Health reported 11590 fatalities between 7 October - 10 November 2023. 479 fatalities not attributed to specific events split across 32 events between 4-10 November. 15 fatalities coded to this event.]",15,,1753954979
PSE40463,11/6/2023,2023,1,Political violence,Explosions/Remote violence,Air/drone strike,Military Forces of Israel (2022-),,8,Civilians (Palestine),,7,78,Civilian targeting,275,Middle East,Palestine,Gaza Strip,Gaza City,,Gaza - Ash Shaykh Ijlin,31.5098,34.4274,1,Quds News Network; Twitter,New media-National,"On 6 November 2023, Israeli military airplanes carried out airstrikes in Gaza - Ash Shaykh Ijlin (Gaza City, Gaza Strip). Casualties unknown.",0,,1753954979
PSE40456,11/6/2023,2023,1,Political violence,Explosions/Remote violence,Air/drone strike,Military Forces of Israel (2022-),,8,Civilians (Palestine),,7,78,Civilian targeting,275,Middle East,Palestine,Gaza Strip,North Gaza,,Beit Hanoun,31.5405,34.5402,1,Palestine News and Information Agency,National,"On 6 November 2023, Israeli airplanes struck a house in Beit Hanoun (North Gaza, Gaza Strip). 3 persons were killed.",3,,1753954979
PSE40479,11/6/2023,2023,1,Political violence,Explosions/Remote violence,Shelling/artillery/missile attack,Military Forces of Israel (2022-),,8,Civilians (Palestine),,7,78,Civilian targeting,275,Middle East,Palestine,Gaza Strip,North Gaza,,Beit Hanoun - Al-Sekka,31.5463,34.5332,2,Newpress; Quds News Network; Twitter,New media-National,"On 6 November 2023, Israeli artillery struck targets east of North Gaza (coded as Beit Hanoun - Al-Sekka, Gaza Strip). Casualties unknown.",0,,1753954979
PSE40486,11/6/2023,2023,1,Political violence,Explosions/Remote violence,Shelling/artillery/missile attack,Military Forces of Israel (2022-),,8,Civilians (Palestine),,7,78,Civilian targeting,275,Middle East,Palestine,Gaza Strip,Rafah,,Yibna,31.2842,34.2482,2,PLO Negotiations Affairs Department,Other,"On 6 November 2023, Israeli artillery struck targets east of Rafah (coded to Yibna, Gaza Strip). Casualties unknown.",0,,1753954979
PSE40417,11/6/2023,2023,1,Political violence,Explosions/Remote violence,Air/drone strike,Military Forces of Israel (2022-),,8,Civilians (Palestine),,7,78,Civilian targeting,275,Middle East,Palestine,Gaza Strip,Gaza City,,Gaza - Az Zaytun,31.4964,34.4522,1,Liveuamap; Newpress; Palestine News and Information Agency; Quds News Network; Twitter,Local partner-New media,"On 6 November 2023, Israeli airplanes struck houses in Gaza - Az Zaytun (Gaza City, Gaza Strip). Dozens of Palestinians were killed and injured. An unspecified number of fatalities coded as 12.",12,,1759789988
PSE40467,11/6/2023,2023,1,Political violence,Explosions/Remote violence,Air/drone strike,Military Forces of Israel (2022-),,8,Civilians (Palestine),,7,78,Civilian targeting,275,Middle East,Palestine,Gaza Strip,North Gaza,,Jabalya,31.5272,34.4835,1,Ma'an News Agency; Palestine News and Information Agency; Quds News Network; Twitter,New media-National,"On 6 November 2023, Israeli airplanes struck houses in Tel al-Zatar in Jabalya (North Gaza, Gaza Strip). 15 persons were injured and 2 persons were killed.",2,,1759789988
PSE40471,11/6/2023,2023,1,Political violence,Explosions/Remote violence,Air/drone strike,Military Forces of Israel (2022-),,8,Civilians (Palestine),,7,78,Civilian targeting,275,Middle East,Palestine,Gaza Strip,Gaza City,,Gaza - Tal el Hawa,31.5041,34.435,1,Ma'an News Agency; Palestine News and Information Agency,National,"On 6 November 2023, Israeli military airplanes struck in Gaza - Tal el Hawa and on the outskirts of Al Quds Hospital (Gaza City, Gaza Strip). Several persons were injured.",0,,1759789988
PSE40478,11/6/2023,2023,1,Political violence,Explosions/Remote violence,Shelling/artillery/missile attack,Military Forces of Israel (2022-),,8,Civilians (Palestine),,7,78,Civilian targeting,275,Middle East,Palestine,Gaza Strip,North Gaza,,Sheikh Zaid,31.5392,34.5117,1,Palestine News and Information Agency; Quds News Network; Twitter,New media-National,"On 6 November 2023, Israeli military artillery struck targets on the outskirts of Sheikh Zaid (North Gaza, Gaza Strip). Casualties unknown.",0,,1759789988
PSE40488,11/6/2023,2023,1,Political violence,Explosions/Remote violence,Air/drone strike,Military Forces of Israel (2022-),,8,Civilians (Palestine),,7,78,Civilian targeting,275,Middle East,Palestine,Gaza Strip,Gaza City,,Juhr ad Dik,31.4557,34.4372,1,Quds News Network; Twitter,New media-National,"On 6 November 2023, Israeli military airplanes carried out airstrikes in Juhr ad Dik (Gaza City, Gaza Strip). Casualties unknown.",0,,1753954979
PSE40465,11/6/2023,2023,1,Political violence,Explosions/Remote violence,Air/drone strike,Military Forces of Israel (2022-),,8,Civilians (Palestine),,7,78,Civilian targeting,275,Middle East,Palestine,Gaza Strip,Khan Yunis,,Qizan an Najjar,31.323,34.2761,1,Palestine News and Information Agency,National,"On 6 November 2023, Israeli military airplanes carried out airstrikes near Fares gas station in Qizan an Najjar (Khan Yunis, Gaza Strip). 3 persons were killed.",3,,1753954979
PSE40505,11/7/2023,2023,1,Political violence,Explosions/Remote violence,Shelling/artillery/missile attack,Military Forces of Israel (2022-),,8,Civilians (Palestine),,7,78,Civilian targeting,275,Middle East,Palestine,Gaza Strip,Gaza City,,Gaza - Shujaiyya,31.4988,34.4699,2,Quds News Network; Twitter,New media-National,"On 7 November 2023, Israeli artillery struck targets east of Gaza (coded to Gaza - Shujaiyya, Gaza Strip). Casualties unknown.",0,,1759789988
PSE40506,11/7/2023,2023,1,Political violence,Explosions/Remote violence,Shelling/artillery/missile attack,Military Forces of Israel (2022-),,8,Civilians (Palestine),,7,78,Civilian targeting,275,Middle East,Palestine,Gaza Strip,Khan Yunis,,Bani Suheila,31.3424,34.325,2,Quds News Network; Twitter,New media-National,"On 7 November 2023, Israeli artillery struck targets east of Khan Yunis (coded to Bani Suheila, Gaza Strip). Casualties unknown.",0,,1753954979
PSE40523,11/7/2023,2023,1,Political violence,Explosions/Remote violence,Air/drone strike,Military Forces of Israel (2022-),,8,Civilians (Palestine),,7,78,Civilian targeting,275,Middle East,Palestine,Gaza Strip,Khan Yunis,,Khan Yunis,31.3502,34.3081,1,Dunia Al Watan; Newpress; Palestine News and Information Agency; Quds News Network; Twitter,New media-National,"On 7 November 2023, Israeli military airplanes struck targets and a house in Khan Yunis (Khan Yunis, Gaza Strip). At least 13 persons were killed and 29 others were injured, and there are still dozens of people missing under the rubble.",13,,1753954979
PSE40525,11/7/2023,2023,1,Political violence,Explosions/Remote violence,Air/drone strike,Military Forces of Israel (2022-),,8,Civilians (Palestine),,7,78,Civilian targeting,275,Middle East,Palestine,Gaza Strip,Khan Yunis,,Khan Yunis - Maen,31.336,34.3172,1,Liveuamap; Palestine News and Information Agency,Local partner-New media,"On 7 November 2023, Israeli military airplanes struck a house in Khan Yunis - Maen (Khan Yunis, Gaza Strip). 8 persons were killed.",8,,1753954979
PSE40530,11/7/2023,2023,1,Political violence,Explosions/Remote violence,Air/drone strike,Military Forces of Israel (2022-),,8,Civilians (Palestine),,7,78,Civilian targeting,275,Middle East,Palestine,Gaza Strip,Gaza City,,Gaza - Shujaiyya,31.4988,34.4699,1,Newpress; Palestine Information Center; Palestine News and Information Agency; Quds News Network; Twitter,Other-New media,"On 7 November 2023, Israeli military airplanes struck targets and houses in al-Tawbin area of Gaza - Shujaiyya (Gaza City, Gaza Strip). At least 17 persons were killed.",17,,1759789988
PSE40548,11/7/2023,2023,1,Political violence,Explosions/Remote violence,Air/drone strike,Military Forces of Israel (2022-),,8,Police Forces of Palestine (2007-) Gaza Strip,Civilians (Palestine),1,18,,275,Middle East,Palestine,Gaza Strip,Khan Yunis,,Al Qararah,31.3739,34.3409,1,Quds News Network; Twitter,New media-National,"On 7 November 2023, Israeli military airplanes struck a Palestinian police station and a house in Al Qararah (Khan Yunis, Gaza Strip). Several displaced persons were injured who were at a nearby school.",0,,1753954979
PSE40553,11/7/2023,2023,1,Political violence,Explosions/Remote violence,Air/drone strike,Military Forces of Israel (2022-),,8,Civilians (Palestine),,7,78,Civilian targeting,275,Middle East,Palestine,Gaza Strip,Gaza City,,Gaza - At Tuffah,31.5134,34.4751,2,Quds News Network; Twitter,New media-National,"On 7 November 2023, Israeli airplanes struck a house in Gaza - At Tuffah (Gaza City, Gaza Strip). 2 persons were killed and several others were injured.",2,,1759789988
PSE40554,11/7/2023,2023,1,Political violence,Explosions/Remote violence,Air/drone strike,Military Forces of Israel (2022-),,8,Civilians (Palestine),,7,78,Civilian targeting,275,Middle East,Palestine,Gaza Strip,Gaza City,,Gaza - Shujaiyya,31.4988,34.4699,2,Quds News Network; Twitter,New media-National,"On 7 November 2023, Israeli airplanes carried out airstrikes east of Gaza - Shujaiyya (Gaza City, Gaza Strip). Several persons were injured.",0,,1759789988
PSE40557,11/7/2023,2023,1,Political violence,Explosions/Remote violence,Air/drone strike,Military Forces of Israel (2022-),,8,Civilians (Palestine),,7,78,Civilian targeting,275,Middle East,Palestine,Gaza Strip,Khan Yunis,,Bani Suheila,31.3424,34.325,1,Newpress; Palestine News and Information Agency; Twitter,New media-National,"On 7 November 2023, Israeli airplanes struck targets in Bani Suheila (Khan Yunis, Gaza Strip). Casualties unknown.",0,,1753954979
PSE40558,11/7/2023,2023,1,Political violence,Explosions/Remote violence,Shelling/artillery/missile attack,Military Forces of Israel (2022-),,8,Civilians (Palestine),,7,78,Civilian targeting,275,Middle East,Palestine,Gaza Strip,Gaza City,,Gaza - Shujaiyya,31.4988,34.4699,1,Newpress; PLO Negotiations Affairs Department; Quds News Network; Twitter,Other-New media,"On 7 November 2023, Israeli artillery struck targets in Gaza - Shujaiyya (Gaza City, Gaza Strip). Casualties unknown.",0,,1759789988
PSE40504,11/7/2023,2023,1,Political violence,Explosions/Remote violence,Shelling/artillery/missile attack,Military Forces of Israel (2022-),,8,Civilians (Palestine),,7,78,Civilian targeting,275,Middle East,Palestine,Gaza Strip,Deir El Balah,,Deir al Balah Camp,31.4249,34.34,2,Quds News Network; Twitter,New media-National,"On 7 November 2023, Israeli artillery struck targets east of Deir El Balah (coded to Deir al Balah Camp, Gaza Strip). Casualties unknown.",0,,1765850627
PSE40513,11/7/2023,2023,1,Political violence,Explosions/Remote violence,Air/drone strike,Military Forces of Israel (2022-),,8,Civilians (Palestine),,7,78,Civilian targeting,275,Middle East,Palestine,Gaza Strip,Deir El Balah,,Al Maghazi,31.4214,34.3865,1,Palestine News and Information Agency,National,"On 7 November 2023, Israeli military airplanes struck targets in Al Maghazi refugee camp (Deir El Balah, Gaza Strip). Casualties unknown.",0,,1753954979
PSE40516,11/7/2023,2023,1,Political violence,Explosions/Remote violence,Air/drone strike,Military Forces of Israel (2022-),,8,Civilians (Palestine),,7,78,Civilian targeting,275,Middle East,Palestine,Gaza Strip,Deir El Balah,,Al Burayj,31.4394,34.4031,1,Palestine News and Information Agency,National,"On 7 November 2023, Israeli military airplanes struck targets, including a mosque in Al Burayj refugee camp (Deir El Balah, Gaza Strip). Casualties unknown.",0,,1753954979
PSE40524,11/7/2023,2023,1,Political violence,Explosions/Remote violence,Air/drone strike,Military Forces of Israel (2022-),,8,Civilians (Palestine),Refugees/IDPs (Palestine),7,78,Civilian targeting,275,Middle East,Palestine,Gaza Strip,Deir El Balah,,An Nusayrat,31.4486,34.3925,1,Newpress; Palestine News and Information Agency; Quds News Network; Twitter,New media-National,"On 7 November 2023, Israeli military airplanes struck several houses in An Nusayrat refugee camp (Deir El Balah, Gaza Strip). Dozens of Palestinians were killed and others were injured. Fatalities coded as 12.",12,,1753954979
PSE40532,11/7/2023,2023,1,Political violence,Explosions/Remote violence,Shelling/artillery/missile attack,Military Forces of Israel (2022-),,8,Civilians (Palestine),,7,78,Civilian targeting,275,Middle East,Palestine,Gaza Strip,Deir El Balah,,Al Maghazi,31.4214,34.3865,1,Newpress; PLO Negotiations Affairs Department; Twitter,Other-New media,"On 7 November 2023, Israeli artillery struck targets in Al Maghazi refugee camp (Deir El Balah, Gaza Strip). Casualties unknown.",0,,1753954979
PSE40535,11/7/2023,2023,1,Political violence,Explosions/Remote violence,Air/drone strike,Military Forces of Israel (2022-),,8,Civilians (Palestine),,7,78,Civilian targeting,275,Middle East,Palestine,Gaza Strip,Deir El Balah,,Deir al Balah,31.4178,34.3503,1,Newpress; Palestine Information Center; Palestine News and Information Agency; Quds News Network; Twitter,Other-New media,"On 7 November 2023, Israeli military airplanes struck a residential area in Deir al Balah (Deir El Balah, Gaza Strip). At least 40 persons were killed and dozens of Palestinians were injured.",40,,1753954979
PSE40550,11/7/2023,2023,1,Political violence,Explosions/Remote violence,Air/drone strike,Military Forces of Israel (2022-),,8,Civilians (Palestine),,7,78,Civilian targeting,275,Middle East,Palestine,Gaza Strip,Deir El Balah,,An Nusayrat - North,31.4591,34.3923,2,Quds News Network; Twitter,New media-National,"On 7 November 2023, Israeli airplanes targeted northwest of An Nusayrat refugee camp (coded to An Nusayrat - North, Deir El Balah, Gaza Strip). Casualties unknown.",0,,1753954979
PSE40562,11/7/2023,2023,1,Political violence,Explosions/Remote violence,Shelling/artillery/missile attack,Military Forces of Israel (2022-),,8,Civilians (Palestine),,7,78,Civilian targeting,275,Middle East,Palestine,Gaza Strip,Deir El Balah,,An Nusayrat,31.4486,34.3925,1,Palestine News and Information Agency; Quds News Network; Twitter,New media-National,"On 7 November 2023, Israeli artillery targeted the western entrance of An Nusayrat refugee camp (Deir El Balah, Gaza Strip). Casualties unknown.",0,,1753954979
PSE40510,11/7/2023,2023,1,Political violence,Explosions/Remote violence,Air/drone strike,Military Forces of Israel (2022-),,8,Civilians (Palestine),,7,78,Civilian targeting,275,Middle East,Palestine,Gaza Strip,North Gaza,,Beit Lahiya - Al Mashroo,31.5433,34.4998,1,Palestine News and Information Agency; Quds News Network; Twitter,New media-National,"On 7 November 2023, Israeli airplanes struck a residential building and a house in Beit Lahiya - Al Mashroo (North Gaza, Gaza Strip). A Palestinian was killed and several others were injured.",1,,1753954979
PSE40515,11/7/2023,2023,1,Political violence,Explosions/Remote violence,Air/drone strike,Military Forces of Israel (2022-),,8,Civilians (Palestine),,7,78,Civilian targeting,275,Middle East,Palestine,Gaza Strip,North Gaza,,Beit Lahiya,31.5541,34.5016,2,Palestine News and Information Agency,National,"On 7 November 2023, Israeli military airplanes struck targets north of Beit Lahiya (North Gaza, Gaza Strip). Casualties unknown.",0,,1753954979
PSE40541,11/7/2023,2023,1,Political violence,Explosions/Remote violence,Air/drone strike,Military Forces of Israel (2022-),,8,Civilians (Palestine),,7,78,Civilian targeting,275,Middle East,Palestine,Gaza Strip,North Gaza,,Beit Lahiya,31.5541,34.5016,1,Newpress; Palestine News and Information Agency; Twitter,New media-National,"On 7 November 2023, Israeli military airplanes carried out airstrikes on the outskirts of Kamal Odwan Medical Center and the Indonesian Hospital in Beit Lahiya (North Gaza, Gaza Strip). Casualties unknown.",0,,1753954979
PSE40549,11/7/2023,2023,1,Political violence,Explosions/Remote violence,Shelling/artillery/missile attack,Military Forces of Israel (2022-),,8,Civilians (Palestine),,7,78,Civilian targeting,275,Middle East,Palestine,Gaza Strip,North Gaza,,Beit Lahiya,31.5541,34.5016,2,Newpress; PLO Negotiations Affairs Department; Twitter,Other-New media,"On 7 November 2023, Israeli artillery struck targets north of Beit Lahiya (North Gaza, Gaza Strip). Casualties unknown.",0,,1753954979
PSE40546,11/7/2023,2023,1,Political violence,Explosions/Remote violence,Air/drone strike,Military Forces of Israel (2022-),,8,Civilians (Palestine),,7,78,Civilian targeting,275,Middle East,Palestine,Gaza Strip,Gaza City,,Gaza - Sabra,31.5086,34.4493,1,Newpress; Quds News Network; Twitter,New media-National,"On 7 November 2023, Israeli military airplanes struck houses and al Nuzha building in Gaza - Sabra (Gaza City, Gaza Strip). Casualties unknown.",0,,1759789988
PSE40559,11/7/2023,2023,1,Political violence,Explosions/Remote violence,Shelling/artillery/missile attack,Military Forces of Israel (2022-),,8,Civilians (Palestine),,7,78,Civilian targeting,275,Middle East,Palestine,Gaza Strip,Gaza City,,Gaza - Nasr,31.534,34.4574,1,Palestine News and Information Agency,National,"On 7 November 2023, Israeli artillery struck targets in Gaza - Nasr (Gaza City, Gaza Strip). Casualties unknown.",0,,1753954979
PSE40540,11/7/2023,2023,1,Political violence,Explosions/Remote violence,Air/drone strike,Military Forces of Israel (2022-),,8,Civilians (Palestine),Refugees/IDPs (Palestine),7,78,Civilian targeting,275,Middle East,Palestine,Gaza Strip,North Gaza,,Jabalya Camp,31.536,34.4907,1,Newpress; Twitter,New media-National,"On 7 November 2023, Israeli military airplanes struck targets, including houses in Mukhayyam Jabalya camp (North Gaza, Gaza Strip). Casualties unknown.",0,,1753954979
PSE40545,11/7/2023,2023,1,Political violence,Explosions/Remote violence,Air/drone strike,Military Forces of Israel (2022-),,8,Civilians (Palestine),,7,78,Civilian targeting,275,Middle East,Palestine,Gaza Strip,North Gaza,,Jabalya Camp,31.536,34.4907,2,Palestine News and Information Agency,National,"On 7 November 2023, Israeli military airplanes struck a Mosque in Bir Naja area west of Mukhayyam Jabalya camp (North Gaza, Gaza Strip). Casualties unknown.",0,,1753954979
PSE40512,11/7/2023,2023,1,Political violence,Explosions/Remote violence,Air/drone strike,Military Forces of Israel (2022-),,8,Civilians (Palestine),,7,78,Civilian targeting,275,Middle East,Palestine,Gaza Strip,Gaza City,,Gaza - Ash Shati' Camp,31.5349,34.4466,1,Palestine News and Information Agency; Quds News Network; Twitter,New media-National,"On 7 November 2023, Israeli military airplanes struck targets in Gaza - Ash Shati' Camp refugee camp (Gaza City, Gaza Strip). Casualties unknown.",0,,1759789988
PSE40522,11/7/2023,2023,1,Political violence,Explosions/Remote violence,Shelling/artillery/missile attack,Military Forces of Israel (2022-),,8,Civilians (Palestine),,7,78,Civilian targeting,275,Middle East,Palestine,Gaza Strip,Gaza City,,Gaza - Ash Shati' Camp,31.5349,34.4466,1,Palestine News and Information Agency; Quds News Network; Twitter,New media-National,"On 7 November 2023, Israeli artillery struck targets in Gaza - Ash Shati' Camp refugee camp (Gaza City, Gaza Strip). Casualties unknown.",0,,1759789988
PSE40555,11/7/2023,2023,1,Political violence,Explosions/Remote violence,Air/drone strike,Military Forces of Israel (2022-),,8,Civilians (Palestine),,7,78,Civilian targeting,275,Middle East,Palestine,Gaza Strip,Gaza City,,Gaza - Ash Shati' Camp,31.5349,34.4466,2,Newpress; Palestine News and Information Agency; Twitter,New media-National,"On 7 November 2023, Israeli airplanes struck a car in al-Saftawi area northwest of Gaza City coded to Gaza - Ash Shati' Camp. Casualties unknown.",0,,1759789988
PSE40448,11/7/2023,2023,1,Political violence,Explosions/Remote violence,Air/drone strike,Military Forces of Israel (2022-),,8,Civilians (Palestine),,7,78,Civilian targeting,275,Middle East,Palestine,Gaza Strip,Gaza City,,Gaza - Sheikh Radwan,31.5349,34.4667,1,Palestine News and Information Agency; Palestinian Ministry of Health,Other-National,"On 7 November 2023, Israeli military airplanes struck a house in Gaza - Sheikh Radwan (Gaza City, Gaza Strip). Several persons were killed and injured. [Palestinian Ministry of Health reported 11590 fatalities between 7 October - 10 November 2023. 479 fatalities not attributed to specific events split across 32 events between 4-10 November. 15 fatalities coded to this event.]",15,,1759789988
PSE40449,11/7/2023,2023,1,Political violence,Explosions/Remote violence,Air/drone strike,Military Forces of Israel (2022-),,8,Civilians (Palestine),,7,78,Civilian targeting,275,Middle East,Palestine,Gaza Strip,Gaza City,,Gaza,31.5045,34.4743,1,Palestine News and Information Agency; Palestinian Ministry of Health; Quds News Network; Twitter,Other-New media,"On 7 November 2023, Israeli military airplanes struck several targets including a house and the Gaza Municipality in Gaza City (Gaza City, Gaza Strip). Many persons were killed and dozens of persons were injured. [Palestinian Ministry of Health reported 11590 fatalities between 7 October - 10 November 2023. 479 fatalities not attributed to specific events split across 32 events between 4-10 November. 15 fatalities coded to this event.]",15,local administrators,1759789988
PSE40450,11/7/2023,2023,1,Political violence,Explosions/Remote violence,Air/drone strike,Military Forces of Israel (2022-),,8,Civilians (Palestine),,7,78,Civilian targeting,275,Middle East,Palestine,Gaza Strip,Gaza City,,Gaza - Nasr,31.534,34.4574,1,Palestine News and Information Agency; Palestinian Ministry of Health; Quds News Network; Twitter,Other-New media,"On 7 November 2023, Israeli military airplanes struck targets in Gaza - Nasr (Gaza City, Gaza Strip). Several civilians were killed and injured. [Palestinian Ministry of Health reported 11590 fatalities between 7 October - 10 November 2023. 479 fatalities not attributed to specific events split across 32 events between 4-10 November. 15 fatalities coded to this event.]",15,,1753954979
PSE40503,11/7/2023,2023,1,Political violence,Explosions/Remote violence,Shelling/artillery/missile attack,Military Forces of Israel (2022-),,8,Civilians (Palestine),,7,78,Civilian targeting,275,Middle East,Palestine,Gaza Strip,North Gaza,,Beit Hanoun - Al-Sekka,31.5463,34.5332,2,Quds News Network; Twitter,New media-National,"On 7 November 2023, Israeli artillery struck targets east of North Gaza coded to Beit Hanoun - Al-Sekka (Gaza Strip). Casualties unknown.",0,,1753954979
PSE40514,11/7/2023,2023,1,Political violence,Explosions/Remote violence,Air/drone strike,Military Forces of Israel (2022-),,8,Civilians (Palestine),,7,78,Civilian targeting,275,Middle East,Palestine,Gaza Strip,North Gaza,,Beit Hanoun,31.5405,34.5402,1,Palestine News and Information Agency,National,"On 7 November 2023, Israeli military airplanes struck targets in Beit Hanoun (North Gaza, Gaza Strip). Casualties unknown.",0,,1753954979
PSE40547,11/7/2023,2023,1,Political violence,Explosions/Remote violence,Shelling/artillery/missile attack,Military Forces of Israel (2022-),,8,Civilians (Palestine),,7,78,Civilian targeting,275,Middle East,Palestine,Gaza Strip,North Gaza,,Beit Hanoun,31.5405,34.5402,1,Newpress; PLO Negotiations Affairs Department; Twitter,Other-New media,"On 7 November 2023, Israeli artillery struck targets in Beit Hanoun (North Gaza, Gaza Strip). Casualties unknown.",0,,1753954979
PSE40507,11/7/2023,2023,1,Political violence,Explosions/Remote violence,Shelling/artillery/missile attack,Military Forces of Israel (2022-),,8,Civilians (Palestine),,7,78,Civilian targeting,275,Middle East,Palestine,Gaza Strip,Rafah,,Yibna,31.2842,34.2482,2,Palestine News and Information Agency; Quds News Network; Twitter,New media-National,"On 7 November 2023, Israeli artillery struck targets east of Rafah (coded to Yibna, Gaza Strip). Casualties unknown.",0,,1753954979
PSE40527,11/7/2023,2023,1,Political violence,Explosions/Remote violence,Air/drone strike,Military Forces of Israel (2022-),,8,Civilians (Palestine),Refugees/IDPs (Palestine),7,78,Civilian targeting,275,Middle East,Palestine,Gaza Strip,Rafah,,Yibna,31.2842,34.2482,1,Palestine News and Information Agency,National,"On 7 November 2023, Israeli military airplanes struck a house in Yibna refugee camp (Rafah, Gaza Strip). 3 children were killed and several others were injured.",3,,1753954979
PSE40419,11/7/2023,2023,1,Political violence,Explosions/Remote violence,Air/drone strike,Military Forces of Israel (2022-),,8,Civilians (Palestine),,7,78,Civilian targeting,275,Middle East,Palestine,Gaza Strip,Gaza City,,Gaza - Az Zaytun,31.4964,34.4522,1,Palestine News and Information Agency; Palestinian Ministry of Health; Quds News Network; Twitter,Other-New media,"On 7 November 2023, Israeli military airplanes struck targets including a mosque and houses in Gaza - Az Zaytun (Gaza City, Gaza Strip). Several persons were killed and injured. [Palestinian Ministry of Health reported 11590 fatalities between 7 October - 10 November 2023. 479 fatalities not attributed to specific events split across 32 events between 4-10 November. 15 fatalities coded to this event.]",15,,1759789988
PSE40511,11/7/2023,2023,1,Political violence,Explosions/Remote violence,Air/drone strike,Military Forces of Israel (2022-),,8,Civilians (Palestine),,7,78,Civilian targeting,275,Middle East,Palestine,Gaza Strip,Gaza City,,Gaza - Tal el Hawa,31.5041,34.435,1,Palestine News and Information Agency,National,"On 7 November 2023, Israeli military airplanes struck targets in Gaza - Tal el Hawa and on the outskirts of Al Quds Hospital (Gaza City, Gaza Strip). Casualties unknown.",0,,1759789988
PSE40521,11/7/2023,2023,1,Political violence,Explosions/Remote violence,Shelling/artillery/missile attack,Military Forces of Israel (2022-),,8,Civilians (Palestine),,7,78,Civilian targeting,275,Middle East,Palestine,Gaza Strip,Gaza City,,Gaza - Tal el Hawa,31.5041,34.435,1,Palestine News and Information Agency,National,"On 7 November 2023, Israeli artillery struck targets on the outskirts of Al Quds Hospital in Gaza - Tal el Hawa (Gaza City, Gaza Strip). Casualties unknown.",0,,1759789988
PSE40529,11/7/2023,2023,1,Political violence,Explosions/Remote violence,Air/drone strike,Military Forces of Israel (2022-),,8,Civilians (Palestine),,7,78,Civilian targeting,275,Middle East,Palestine,Gaza Strip,North Gaza,,Jabalya,31.5272,34.4835,1,Palestine News and Information Agency; Quds News Network; Twitter,New media-National,"On 7 November 2023, Israeli military airplanes struck targets in Izbat Abd Rabo area and in Jabalya (North Gaza, Gaza Strip). 2 persons were killed and several others were injured.",2,,1759789988
PSE40533,11/7/2023,2023,1,Political violence,Explosions/Remote violence,Shelling/artillery/missile attack,Military Forces of Israel (2022-),,8,Civilians (Palestine),,7,78,Civilian targeting,275,Middle East,Palestine,Gaza Strip,Gaza City,,Gaza - Az Zaytun,31.4964,34.4522,1,Newpress; PLO Negotiations Affairs Department; Twitter,Other-New media,"On 7 November 2023, Israeli artillery struck targets in Gaza - Az Zaytun (Gaza City, Gaza Strip). Casualties unknown.",0,,1759789988
PSE40534,11/7/2023,2023,1,Political violence,Explosions/Remote violence,Air/drone strike,Military Forces of Israel (2022-),,8,Civilians (Palestine),,7,78,Civilian targeting,275,Middle East,Palestine,Gaza Strip,Gaza City,,Gaza - Tal el Hawa,31.5041,34.435,2,Palestine News and Information Agency,National,"On 7 November 2023, Israeli airplanes struck a residential building in Gaza port northwest of Gaza - Tal el Hawa (Gaza City, Gaza Strip). Casualties unknown.",0,,1759789988
PSE40536,11/7/2023,2023,1,Political violence,Explosions/Remote violence,Air/drone strike,Military Forces of Israel (2022-),,8,Civilians (Palestine),,7,78,Civilian targeting,275,Middle East,Palestine,Gaza Strip,North Gaza,,Sheikh Zaid,31.5392,34.5117,1,Newpress; Palestine News and Information Agency; Twitter,New media-National,"On 7 November 2023, Israeli military airplanes struck residential towers and a house in Sheikh Zaid (North Gaza, Gaza Strip). Casualties unknown.",0,,1759789988
PSE40556,11/7/2023,2023,1,Political violence,Explosions/Remote violence,Air/drone strike,Military Forces of Israel (2022-),,8,Civilians (Palestine),,7,78,Civilian targeting,275,Middle East,Palestine,Gaza Strip,North Gaza,,Jabalya,31.5272,34.4835,2,Quds News Network; Twitter,New media-National,"On 7 November 2023, Israeli airplanes struck a house west of Jabalya town (North Gaza, Gaza Strip). A Palestinian woman was killed and several other women were injured.",1,,1759789988
PSE40509,11/7/2023,2023,1,Political violence,Explosions/Remote violence,Air/drone strike,Military Forces of Israel (2022-),,8,Civilians (Palestine),Refugees/IDPs (Palestine),7,78,Civilian targeting,275,Middle East,Palestine,Gaza Strip,Rafah,,Rafah Camp,31.2847,34.2546,1,Newpress; Palestine News and Information Agency; Quds News Network; Twitter,New media-National,"On 7 November 2023, Israeli airplanes struck a house in al-Shaboura refugee camp in Mukhayyam Rafah camp (Rafah, Gaza Strip). At least 6 persons were killed and several others were injured.",6,,1753954979
PSE40526,11/7/2023,2023,1,Political violence,Explosions/Remote violence,Air/drone strike,Military Forces of Israel (2022-),,8,Civilians (Palestine),,7,78,Civilian targeting,275,Middle East,Palestine,Gaza Strip,Rafah,,Rafah,31.287,34.2595,1,Newpress; Palestine News and Information Agency; Quds News Network; Twitter,New media-National,"On 7 November 2023, Israeli military airplanes struck 5 houses in Rafah city (Rafah, Gaza Strip). At least 25 persons were killed and dozens of Palestinians were injured.",25,,1762829569
PSE40537,11/7/2023,2023,1,Political violence,Explosions/Remote violence,Air/drone strike,Military Forces of Israel (2022-),,8,Civilians (Palestine),Aid Workers (Palestine); ICRC: International Committee of the Red Cross; Labor Group (Palestine),7,78,Civilian targeting,275,Middle East,Palestine,Gaza Strip,Gaza City,,Gaza,31.5045,34.4743,2,Arab 48; Palestine News and Information Agency; Quds News Network; Twitter,New media-National,"On 7 November 2023, Israeli military airplanes struck an ICRC convoy (5 trucks and 2 vehicles) in the Gaza area (Gaza City, Gaza Strip). The vehicles were carrying humanitarian aid to the Gazan people and Al Quds hospital. A driver was injured, and a truck was damaged. This event involved violence over aid.",0,,1759789988
PSE40566,11/8/2023,2023,1,Political violence,Explosions/Remote violence,Shelling/artillery/missile attack,Military Forces of Israel (2022-),,8,Civilians (Palestine),,7,78,Civilian targeting,275,Middle East,Palestine,Gaza Strip,Khan Yunis,,Bani Suheila,31.3424,34.325,2,Quds News Network; Twitter,New media-National,"On 8 November 2023, Israeli artillery struck targets east of Khan Yunis (coded to Bani Suheila, Gaza Strip). Casualties unknown.",0,,1753954979
PSE40575,11/8/2023,2023,1,Political violence,Explosions/Remote violence,Air/drone strike,Military Forces of Israel (2022-),,8,Civilians (Palestine),,7,78,Civilian targeting,275,Middle East,Palestine,Gaza Strip,Rafah,,An Nasr,31.2814,34.3025,1,Quds News Network; Twitter,New media-National,"On 8 November 2023, Israeli military airplanes carried out airstrikes in An Nasr (Rafah, Gaza Strip). Casualties unknown.",0,,1753954979
PSE40577,11/8/2023,2023,1,Political violence,Explosions/Remote violence,Air/drone strike,Military Forces of Israel (2022-),,8,Civilians (Palestine),,7,78,Civilian targeting,275,Middle East,Palestine,Gaza Strip,Gaza City,,Gaza - Sheikh Radwan,31.5349,34.4667,1,PLO Negotiations Affairs Department,Other,"On 8 November 2023, Israeli military airplanes struck houses and a car in Gaza - Sheikh Radwan (Gaza City, Gaza Strip). Casualties unknown.",0,,1759789988
PSE40591,11/8/2023,2023,1,Political violence,Explosions/Remote violence,Air/drone strike,Military Forces of Israel (2022-),,8,Civilians (Palestine),,7,78,Civilian targeting,275,Middle East,Palestine,Gaza Strip,Khan Yunis,,Bani Suheila,31.3424,34.325,1,Palestine News and Information Agency; Quds News Network; Twitter,New media-National,"On 8 November 2023, Israeli military airplanes struck 2 houses in Bani Suheila (Khan Yunis, Gaza Strip). 3 persons were killed including a child, and several Palestinians were injured.",3,,1753954979
PSE40592,11/8/2023,2023,1,Political violence,Explosions/Remote violence,Air/drone strike,Military Forces of Israel (2022-),,8,Civilians (Palestine),,7,78,Civilian targeting,275,Middle East,Palestine,Gaza Strip,Khan Yunis,,Al Qararah,31.3739,34.3409,1,Palestine News and Information Agency,National,"On 8 November 2023, Israeli military airplanes carried out airstrikes in Al Qararah (Khan Yunis, Gaza Strip). Casualties unknown.",0,,1753954979
PSE40593,11/8/2023,2023,1,Political violence,Explosions/Remote violence,Air/drone strike,Military Forces of Israel (2022-),,8,Civilians (Palestine),,7,78,Civilian targeting,275,Middle East,Palestine,Gaza Strip,Gaza City,,Gaza,31.5045,34.4743,1,Newpress; Palestine News and Information Agency; Quds News Network; Twitter,New media-National,"On 8 November 2023, Israeli military airplanes carried out airstrikes in Al Gaza City (Gaza City, Gaza Strip). Casualties unknown.",0,,1759789988
PSE40595,11/8/2023,2023,1,Political violence,Explosions/Remote violence,Air/drone strike,Military Forces of Israel (2022-),,8,Civilians (Palestine),,7,78,Civilian targeting,275,Middle East,Palestine,Gaza Strip,Gaza City,,Gaza - Shujaiyya,31.4988,34.4699,2,Newpress; Quds News Network; Twitter,New media-National,"On 8 November 2023, Israeli airplanes struck targets east of Gaza city, Gaza - Shujaiyya (Gaza City, Gaza Strip). Casualties unknown.",0,,1759789988
PSE40598,11/8/2023,2023,1,Political violence,Explosions/Remote violence,Air/drone strike,Military Forces of Israel (2022-),,8,Civilians (Palestine),,7,78,Civilian targeting,275,Middle East,Palestine,Gaza Strip,Khan Yunis,,Khan Yunis - Maen,31.336,34.3172,1,Quds News Network; Twitter,New media-National,"On 8 November 2023, Israeli military airplanes struck targets in Khan Yunis - Maen (Khan Yunis, Gaza Strip). Casualties unknown.",0,,1753954979
PSE40599,11/8/2023,2023,1,Political violence,Explosions/Remote violence,Air/drone strike,Military Forces of Israel (2022-),,8,Civilians (Palestine),,7,78,Civilian targeting,275,Middle East,Palestine,Gaza Strip,Khan Yunis,,Khan Yunis - As Sater,31.3637,34.3228,1,Palestine Information Center; Quds News Network; Twitter,Other-New media,"On 8 November 2023, Israeli military airplanes struck a mosque and lands in Khan Yunis - As Sater (Khan Yunis, Gaza Strip). At least one person was killed.",1,,1753954979
PSE40564,11/8/2023,2023,1,Political violence,Explosions/Remote violence,Shelling/artillery/missile attack,Military Forces of Israel (2022-),,8,Civilians (Palestine),,7,78,Civilian targeting,275,Middle East,Palestine,Gaza Strip,Deir El Balah,,Deir al Balah Camp,31.4249,34.34,2,Quds News Network; Twitter,New media-National,"On 8 November 2023, Israeli artillery struck targets east of Deir El Balah (coded to Deir al Balah Camp, Gaza Strip). Casualties unknown.",0,,1765850627
PSE40582,11/8/2023,2023,1,Political violence,Explosions/Remote violence,Air/drone strike,Military Forces of Israel (2022-),,8,Civilians (Palestine),Refugees/IDPs (Palestine),7,78,Civilian targeting,275,Middle East,Palestine,Gaza Strip,Deir El Balah,,An Nusayrat,31.4486,34.3925,1,Dunia Al Watan; Liveuamap; Newpress; Palestine News and Information Agency; Quds News Network; Twitter,Local partner-New media,"On 8 November 2023, Israeli military airplanes struck several houses in An Nusayrat refugee camp (Deir El Balah, Gaza Strip). At least 18 persons were killed, including 10 children, and several persons were injured.",18,,1753954979
PSE40597,11/8/2023,2023,1,Political violence,Explosions/Remote violence,Air/drone strike,Military Forces of Israel (2022-),,8,Civilians (Palestine),,7,78,Civilian targeting,275,Middle East,Palestine,Gaza Strip,Deir El Balah,,An Nusayrat - West,31.4525,34.3756,1,Newpress; Twitter,New media-National,"On 8 November 2023, Israeli airplanes targeted al-Sawarha area west of An Nusayrat refugee camp (An Nusayrat - West, Deir El Balah, Gaza Strip). Casualties unknown.",0,,1753954979
PSE40602,11/8/2023,2023,1,Political violence,Explosions/Remote violence,Air/drone strike,Military Forces of Israel (2022-),,8,Civilians (Palestine),Refugees/IDPs (Palestine),7,78,Civilian targeting,275,Middle East,Palestine,Gaza Strip,Deir El Balah,,Al Burayj,31.4394,34.4031,1,Quds News Network; Twitter,New media-National,"On 8 November 2023, Israeli airplanes struck a group of Palestinians in Al Burayj refugee camp (Deir El Balah, Gaza Strip). A Palestinian was killed.",1,,1753954979
PSE40610,11/8/2023,2023,1,Political violence,Explosions/Remote violence,Shelling/artillery/missile attack,Military Forces of Israel (2022-),,8,Civilians (Palestine),,7,78,Civilian targeting,275,Middle East,Palestine,Gaza Strip,Deir El Balah,,An Nusayrat - North,31.4591,34.3923,2,Quds News Network; Twitter,New media-National,"On 8 November 2023, Israeli warships struck targets in al-Asra area, northwest of An Nusayrat (coded to An Nusayrat - North, Deir El Balah, Gaza Strip). Casualties unknown.",0,,1753954979
PSE40581,11/8/2023,2023,1,Political violence,Explosions/Remote violence,Shelling/artillery/missile attack,Military Forces of Israel (2022-),,8,Civilians (Palestine),,7,78,Civilian targeting,275,Middle East,Palestine,Gaza Strip,North Gaza,,Beit Lahiya,31.5541,34.5016,1,Newpress; Twitter,New media-National,"On 8 November 2023, Israeli artillery struck targets on the outskirts of the Indonesian Hospital in Beit Lahiya (North Gaza, Gaza Strip). Casualties unknown.",0,,1753954979
PSE40589,11/8/2023,2023,1,Political violence,Explosions/Remote violence,Air/drone strike,Military Forces of Israel (2022-),,8,Civilians (Palestine),,7,78,Civilian targeting,275,Middle East,Palestine,Gaza Strip,North Gaza,,Beit Lahiya - Al Mashroo,31.5433,34.4998,1,Ma'an News Agency; Palestine News and Information Agency; Quds News Network; Twitter,New media-National,"On 8 November 2023, Israeli military airplanes struck houses in Beit Lahiya - Al Mashroo (North Gaza, Gaza Strip). At least 24 persons were killed (including women and children) and dozens of Palestinians were injured.",24,,1753954979
PSE40587,11/8/2023,2023,1,Political violence,Explosions/Remote violence,Air/drone strike,Military Forces of Israel (2022-),,8,Civilians (Palestine),,7,78,Civilian targeting,275,Middle East,Palestine,Gaza Strip,Gaza City,,Gaza - Sabra,31.5086,34.4493,1,Palestine News and Information Agency; Quds News Network; Twitter,New media-National,"On 8 November 2023, Israeli military airplanes struck houses in Gaza - Sabra (Gaza City, Gaza Strip). At least 8 persons were killed and several others were injured.",8,,1759789988
PSE40585,11/8/2023,2023,1,Political violence,Explosions/Remote violence,Air/drone strike,Military Forces of Israel (2022-),,8,Civilians (Palestine),,7,78,Civilian targeting,275,Middle East,Palestine,Gaza Strip,Gaza City,,Gaza - Nasr,31.534,34.4574,1,Newpress; Palestine News and Information Agency; Twitter,New media-National,"On 8 November 2023, Israeli military airplanes struck houses on the outskirts of Al Quds Open University in Gaza - Nasr (Gaza City, Gaza Strip). Several persons were injured.",0,,1753954979
PSE40586,11/8/2023,2023,1,Political violence,Explosions/Remote violence,Air/drone strike,Military Forces of Israel (2022-),,8,Civilians (Palestine),,7,78,Civilian targeting,275,Middle East,Palestine,Gaza Strip,Gaza City,,Gaza - Southern Remal,31.5168,34.4355,2,Palestine News and Information Agency; Quds News Network; Twitter,New media-National,"On 8 November 2023, Israeli military airplanes struck houses and a school hosting displaced people west Gaza City in Gaza - Southern Remal (Gaza City, Gaza Strip). Dozens of Palestinians were killed and others were injured, fatalities coded as 12.",12,,1759789988
PSE40601,11/8/2023,2023,1,Political violence,Explosions/Remote violence,Shelling/artillery/missile attack,Military Forces of Israel (2022-),,8,Civilians (Palestine),,7,78,Civilian targeting,275,Middle East,Palestine,Gaza Strip,Gaza City,,Gaza - Southern Remal,31.5168,34.4355,2,Palestine News and Information Agency; PLO Negotiations Affairs Department,Other-National,"On 8 November 2023, Israeli artillery struck targets and houses west of Gaza City in Gaza - Southern Remal area (Gaza City, Gaza Strip). Casualties unknown.",0,,1759789988
PSE40609,11/8/2023,2023,1,Political violence,Explosions/Remote violence,Shelling/artillery/missile attack,Military Forces of Israel (2022-),,8,Civilians (Palestine),,7,78,Civilian targeting,275,Middle East,Palestine,Gaza Strip,Gaza City,,Gaza - Nasr,31.534,34.4574,1,Quds News Network; Twitter,New media-National,"On 8 November 2023, Israeli artillery struck targets in Gaza - Nasr (Gaza City, Gaza Strip). Casualties unknown.",0,,1753954979
PSE40584,11/8/2023,2023,1,Political violence,Explosions/Remote violence,Air/drone strike,Military Forces of Israel (2022-),,8,Civilians (Palestine),Refugees/IDPs (Palestine),7,78,Civilian targeting,275,Middle East,Palestine,Gaza Strip,North Gaza,,Jabalya Camp,31.536,34.4907,1,Palestine News and Information Agency; Quds News Network; Twitter,New media-National,"On 8 November 2023, Israeli airplanes struck 2 houses and a car in Mukhayyam Jabalya camp (North Gaza, Gaza Strip). At least 30 persons were killed and several others were injured from Daher family. Also 19 persons were killed after striking a car. Total fatalities coded 49.",49,,1753954979
PSE40571,11/8/2023,2023,1,Political violence,Explosions/Remote violence,Air/drone strike,Military Forces of Israel (2022-),,8,Civilians (Palestine),,7,78,Civilian targeting,275,Middle East,Palestine,Gaza Strip,Gaza City,,Gaza - Ash Shati' Camp,31.5349,34.4466,1,Palestine News and Information Agency; Quds News Network; Twitter,New media-National,"On 8 November 2023, Israeli military airplanes carried out airstrikes in Gaza - Ash Shati' Camp refugee camp (Gaza City, Gaza Strip). Casualties unknown.",0,,1759789988
PSE40572,11/8/2023,2023,1,Political violence,Explosions/Remote violence,Air/drone strike,Military Forces of Israel (2022-),,8,Civilians (Palestine),,7,78,Civilian targeting,275,Middle East,Palestine,Gaza Strip,Gaza City,,Gaza - Ash Shati' Camp,31.5349,34.4466,2,Quds News Network; Twitter,New media-National,"On 8 November 2023, Israeli military airplanes carried out airstrikes on the outskirts of al-Mukhabarat towers and al-Mashtal, northwest of Gaza - Ash Shati' Camp refugee camp (Gaza City, Gaza Strip). Casualties unknown.",0,,1759789988
PSE40588,11/8/2023,2023,1,Political violence,Explosions/Remote violence,Shelling/artillery/missile attack,Military Forces of Israel (2022-),,8,Civilians (Palestine),,7,78,Civilian targeting,275,Middle East,Palestine,Gaza Strip,Gaza City,,Gaza - Ash Shati' Camp,31.5349,34.4466,1,Newpress; Twitter,New media-National,"On 8 November 2023, Israeli artillery struck targets in Gaza - Ash Shati' Camp refugee camp (Gaza City, Gaza Strip). Casualties unknown.",0,,1759789988
PSE40594,11/8/2023,2023,1,Political violence,Explosions/Remote violence,Shelling/artillery/missile attack,Military Forces of Israel (2022-),,8,Civilians (Palestine),,7,78,Civilian targeting,275,Middle East,Palestine,Gaza Strip,Gaza City,,Gaza - Ash Shati' Camp,31.5349,34.4466,2,Newpress; Quds News Network; Twitter,New media-National,"On 8 November 2023, Israeli artillery struck targets on the outskirts of al-Mukhabarat towers, northwest of Gaza - Ash Shati' Camp refugee camp (Gaza City, Gaza Strip). Casualties unknown.",0,,1759789988
PSE40328,11/8/2023,2023,1,Political violence,Explosions/Remote violence,Air/drone strike,Military Forces of Israel (2022-),,8,Civilians (Palestine),,7,78,Civilian targeting,275,Middle East,Palestine,Gaza Strip,North Gaza,,Beit Lahiya,31.5541,34.5016,1,Newpress; Palestine News and Information Agency; Palestinian Ministry of Health; Quds News Network; Twitter,Other-New media,"On 8 November 2023, Israeli artillery airplanes struck houses and on the outskirts of the Indonesian Hospital in Beit Lahiya (North Gaza, Gaza Strip). There were an unspecified number of fatalities. [Palestinian Ministry of Health reported 11590 fatalities between 7 October - 10 November 2023. 479 fatalities not attributed to specific events split across 32 events between 4-10 November. 15 fatalities coded to this event.]",15,,1753954979
PSE40579,11/8/2023,2023,1,Political violence,Explosions/Remote violence,Air/drone strike,Military Forces of Israel (2022-),,8,Civilians (Palestine),,7,78,Civilian targeting,275,Middle East,Palestine,Gaza Strip,Gaza City,,Gaza - Shujaiyya,31.4988,34.4699,1,Palestine News and Information Agency; Palestinian Ministry of Health,Other-National,"On 8 November 2023, Israeli military airplanes struck houses in Gaza - Shujaiyya (Gaza City, Gaza Strip). Several persons were killed and injured. [Palestinian Ministry of Health reported 11590 fatalities between 7 October - 10 November 2023. 479 fatalities not attributed to specific events split across 32 events between 4-10 November. 15 fatalities coded to this event.]",15,,1759789988
PSE40330,11/8/2023,2023,1,Political violence,Explosions/Remote violence,Air/drone strike,Military Forces of Israel (2022-),,8,Civilians (Palestine),,7,78,Civilian targeting,275,Middle East,Palestine,Gaza Strip,North Gaza,,Beit Hanoun,31.5405,34.5402,1,Palestine News and Information Agency; Palestinian Ministry of Health,Other-National,"On 8 November 2023, Israeli artillery airplanes struck houses in Beit Hanoun (North Gaza, Gaza Strip). There were an unspecified number of fatalities. [Palestinian Ministry of Health reported 11590 fatalities between 7 October - 10 November 2023. 479 fatalities not attributed to specific events split across 32 events between 4-10 November. 15 fatalities coded to this event.]",15,,1753954979
PSE40563,11/8/2023,2023,1,Political violence,Explosions/Remote violence,Shelling/artillery/missile attack,Military Forces of Israel (2022-),,8,Civilians (Palestine),,7,78,Civilian targeting,275,Middle East,Palestine,Gaza Strip,North Gaza,,Beit Hanoun - Al-Sekka,31.5463,34.5332,2,Palestine News and Information Agency; PLO Negotiations Affairs Department,Other-National,"On 8 November 2023, Israeli artillery struck targets east of North Gaza (coded as Beit Hanoun - Al-Sekka, Gaza Strip). Casualties unknown.",0,,1753954979
PSE40565,11/8/2023,2023,1,Political violence,Explosions/Remote violence,Shelling/artillery/missile attack,Military Forces of Israel (2022-),,8,Civilians (Palestine),,7,78,Civilian targeting,275,Middle East,Palestine,Gaza Strip,Gaza City,,Gaza - At Turukman,31.4864,34.4738,2,Quds News Network; Twitter,New media-National,"On 8 November 2023, Israeli artillery struck targets east of Gaza, coded to Gaza - At Turukman. Casualties unknown.",0,,1762292062
PSE40567,11/8/2023,2023,1,Political violence,Explosions/Remote violence,Shelling/artillery/missile attack,Military Forces of Israel (2022-),,8,Civilians (Palestine),,7,78,Civilian targeting,275,Middle East,Palestine,Gaza Strip,Rafah,,Yibna,31.2842,34.2482,2,Quds News Network; Twitter,New media-National,"On 8 November 2023, Israeli artillery struck targets east of Rafah (coded to Yibna, Gaza Strip). Casualties unknown.",0,,1753954979
PSE40573,11/8/2023,2023,1,Political violence,Explosions/Remote violence,Air/drone strike,Military Forces of Israel (2022-),,8,Civilians (Palestine),,7,78,Civilian targeting,275,Middle East,Palestine,Gaza Strip,Gaza City,,Gaza - Tal el Hawa,31.5041,34.435,1,Newpress; Palestine News and Information Agency; Palestinian Ministry of Health; Twitter,Other-New media,"On 8 November 2023, Israeli military airplanes struck houses and apartments in Gaza - Tal el Hawa (Gaza City, Gaza Strip). Several persons were killed and injured. [Palestinian Ministry of Health reported 11590 fatalities between 7 October - 10 November 2023. 479 fatalities not attributed to specific events split across 32 events between 4-10 November. 15 fatalities coded to this event.]",15,,1759789988
PSE40574,11/8/2023,2023,1,Political violence,Explosions/Remote violence,Air/drone strike,Military Forces of Israel (2022-),,8,Civilians (Palestine),,7,78,Civilian targeting,275,Middle East,Palestine,Gaza Strip,North Gaza,,Jabalya,31.5272,34.4835,2,Palestine News and Information Agency; Quds News Network; Twitter,New media-National,"On 8 November 2023, Israeli military airplanes struck a house in al-Fakkoura area, west of Jabalya (North Gaza, Gaza Strip). 2 persons were killed.",2,,1759789988
PSE40578,11/8/2023,2023,1,Political violence,Explosions/Remote violence,Air/drone strike,Military Forces of Israel (2022-),,8,Civilians (Palestine),,7,78,Civilian targeting,275,Middle East,Palestine,Gaza Strip,Gaza City,,Gaza - Az Zaytun,31.4964,34.4522,1,PLO Negotiations Affairs Department,Other,"On 8 November 2023, Israeli military airplanes struck houses in Gaza - Az Zaytun (Gaza City, Gaza Strip). Casualties unknown.",0,,1759789988
PSE40583,11/8/2023,2023,1,Political violence,Explosions/Remote violence,Shelling/artillery/missile attack,Military Forces of Israel (2022-),,8,Civilians (Palestine),,7,78,Civilian targeting,275,Middle East,Palestine,Gaza Strip,North Gaza,,Sheikh Zaid,31.5392,34.5117,1,Quds News Network; Twitter,New media-National,"On 8 November 2023, Israeli military artillery struck a tower in Sheikh Zaid (North Gaza, Gaza Strip). Casualties unknown.",0,,1759789988
PSE40604,11/8/2023,2023,1,Political violence,Explosions/Remote violence,Shelling/artillery/missile attack,Military Forces of Israel (2022-),,8,Civilians (Palestine),,7,78,Civilian targeting,275,Middle East,Palestine,Gaza Strip,North Gaza,,Sheikh Zaid,31.5392,34.5117,2,Quds News Network; Twitter,New media-National,"On 8 November 2023, Israeli artillery struck targets in the areas of Tel al-Zatar and Sheikh Zaid (North Gaza, Gaza Strip). Casualties unknown.",0,,1759789988
PSE40600,11/8/2023,2023,1,Political violence,Explosions/Remote violence,Air/drone strike,Military Forces of Israel (2022-),,8,Civilians (Palestine),,7,78,Civilian targeting,275,Middle East,Palestine,Gaza Strip,Rafah,,Rafah,31.287,34.2595,1,Quds News Network; Twitter,New media-National,"On 8 November 2023, Israeli military airplanes struck targets in Rafah (Rafah, Gaza Strip). Casualties unknown.",0,,1762829569
PSE40173,11/9/2023,2023,1,Political violence,Explosions/Remote violence,Shelling/artillery/missile attack,Military Forces of Israel (2022-),,8,Civilians (Palestine),,7,78,Civilian targeting,275,Middle East,Palestine,Gaza Strip,Khan Yunis,,Bani Suheila,31.3424,34.325,2,Palestine News and Information Agency; PLO Negotiations Affairs Department,Other-National,"On 9 November 2023, Israeli artillery struck targets east of Khan Yunis (coded to Bani Suheila, Gaza Strip). At least 5 persons were killed.",5,,1753954979
PSE40617,11/9/2023,2023,1,Political violence,Explosions/Remote violence,Shelling/artillery/missile attack,Military Forces of Israel (2022-),,8,Civilians (Palestine),,7,78,Civilian targeting,275,Middle East,Palestine,Gaza Strip,Gaza City,,Gaza - Shujaiyya,31.4988,34.4699,2,Newpress; Twitter,New media-National,"On 9 November 2023, Israeli artillery struck targets east of Gaza (coded to Gaza - Shujaiyya, Gaza Strip). Casualties unknown.",0,,1759789988
PSE40625,11/9/2023,2023,1,Political violence,Explosions/Remote violence,Air/drone strike,Military Forces of Israel (2022-),,8,Civilians (Palestine),Health Workers (Palestine),7,78,Civilian targeting,275,Middle East,Palestine,Gaza Strip,Khan Yunis,,Bani Suheila,31.3424,34.325,1,Newpress; Palestine News and Information Agency; Quds News Network; Twitter,New media-National,"On 9 November 2023, Israeli military airplanes struck 2 houses and the Al Aqsa medical center in Bani Suheila (Khan Yunis, Gaza Strip). 6 persons were killed.",6,,1753954979
PSE40626,11/9/2023,2023,1,Political violence,Explosions/Remote violence,Air/drone strike,Military Forces of Israel (2022-),,8,Civilians (Palestine),,7,78,Civilian targeting,275,Middle East,Palestine,Gaza Strip,Gaza City,,Gaza - Shujaiyya,31.4988,34.4699,1,Quds News Network; Twitter,New media-National,"On 9 November 2023, Israeli military airplanes struck a bakery in Gaza - Shujaiyya (Gaza City, Gaza Strip). Casualties unknown.",0,,1759789988
PSE40629,11/9/2023,2023,1,Political violence,Explosions/Remote violence,Air/drone strike,Military Forces of Israel (2022-),,8,Civilians (Palestine),,7,78,Civilian targeting,275,Middle East,Palestine,Gaza Strip,Gaza City,,Gaza - Northern Remal,31.524,34.4505,1,PLO Negotiations Affairs Department,Other,"On 9 November 2023, Israeli military airplanes carried out airstrikes on the outskirts and near the gate of Al Shifa Hospital in Gaza - Northern Remal (Gaza City, Gaza Strip). Casualties unknown.",0,,1759789988
PSE40630,11/9/2023,2023,1,Political violence,Explosions/Remote violence,Air/drone strike,Military Forces of Israel (2022-),,8,Civilians (Palestine),,7,78,Civilian targeting,275,Middle East,Palestine,Gaza Strip,Gaza City,,Gaza,31.5045,34.4743,1,Newpress; Palestine News and Information Agency; Quds News Network; Twitter,New media-National,"On 9 November 2023, Israeli military airplanes struck a house in Gaza (Gaza City, Gaza Strip). Dozens of Palestinians were injured.",0,,1759789988
PSE40633,11/9/2023,2023,1,Political violence,Explosions/Remote violence,Air/drone strike,Military Forces of Israel (2022-),,8,Civilians (Palestine),,7,78,Civilian targeting,275,Middle East,Palestine,Gaza Strip,Khan Yunis,,Al Qararah,31.3739,34.3409,1,Palestine News and Information Agency; Quds News Network; Twitter,New media-National,"On 9 November 2023, Israeli military airplanes struck houses and targets in Al Qararah (Khan Yunis, Gaza Strip). At least 6 persons were killed and several Palestinians were injured.",6,,1753954979
PSE40634,11/9/2023,2023,1,Political violence,Explosions/Remote violence,Air/drone strike,Military Forces of Israel (2022-),,8,Civilians (Palestine),,7,78,Civilian targeting,275,Middle East,Palestine,Gaza Strip,Khan Yunis,,Al Qararah,31.3739,34.3409,2,Palestine News and Information Agency; Quds News Network; Twitter,New media-National,"On 9 November 2023, Israeli military airplanes struck a house south of Al Qararah (Khan Yunis, Gaza Strip). 2 persons were killed.",2,,1753954979
PSE40645,11/9/2023,2023,1,Political violence,Explosions/Remote violence,Air/drone strike,Military Forces of Israel (2022-),,8,Civilians (Palestine),,7,78,Civilian targeting,275,Middle East,Palestine,Gaza Strip,Khan Yunis,,Khan Yunis,31.3502,34.3081,1,PLO Negotiations Affairs Department,Other,"On 9 November 2023, Israeli airplanes struck targets in Khan Yunis city (Khan Yunis, Gaza Strip). Casualties unknown.",0,,1753954979
PSE40653,11/9/2023,2023,1,Political violence,Explosions/Remote violence,Shelling/artillery/missile attack,Military Forces of Israel (2022-),,8,Civilians (Palestine),Health Workers (Palestine),7,78,Civilian targeting,275,Middle East,Palestine,Gaza Strip,Khan Yunis,,Khan Yunis,31.3502,34.3081,1,Quds News Network; Twitter,New media-National,"On 9 November 2023, Israeli artillery shelled Al Naser Hospital (presumably the yard) in Khan Yunis city (Khan Yunis, Gaza Strip), causing damage. Several displaced persons were injured.",0,,1753954979
PSE40655,11/9/2023,2023,1,Political violence,Explosions/Remote violence,Shelling/artillery/missile attack,Military Forces of Israel (2022-),,8,Civilians (Palestine),,7,78,Civilian targeting,275,Middle East,Palestine,Gaza Strip,Gaza City,,Gaza - Shujaiyya,31.4988,34.4699,2,Quds News Network; Twitter,New media-National,"On 9 November 2023, Israeli artillery shelled east of Gaza - Shujaiyya (Gaza City, Gaza Strip). Casualties unknown.",0,,1759789988
PSE40656,11/9/2023,2023,1,Political violence,Explosions/Remote violence,Shelling/artillery/missile attack,Military Forces of Israel (2022-),,8,Civilians (Palestine),,7,78,Civilian targeting,275,Middle East,Palestine,Gaza Strip,Gaza City,,Gaza - At Tuffah,31.5134,34.4751,2,Quds News Network; Twitter,New media-National,"On 9 November 2023, Israeli artillery shelled east of Gaza - At Tuffah (Gaza City, Gaza Strip). Casualties unknown.",0,,1759789988
PSE40616,11/9/2023,2023,1,Political violence,Explosions/Remote violence,Shelling/artillery/missile attack,Military Forces of Israel (2022-),,8,Civilians (Palestine),,7,78,Civilian targeting,275,Middle East,Palestine,Gaza Strip,Deir El Balah,,Deir al Balah Camp,31.4249,34.34,2,Palestine News and Information Agency,National,"On 9 November 2023, Israeli artillery struck targets east of Deir El Balah (coded to Deir al Balah Camp, Gaza Strip). Casualties unknown.",0,,1765850627
PSE40635,11/9/2023,2023,1,Political violence,Explosions/Remote violence,Air/drone strike,Military Forces of Israel (2022-),,8,Civilians (Palestine),,7,78,Civilian targeting,275,Middle East,Palestine,Gaza Strip,Deir El Balah,,Deir al Balah,31.4178,34.3503,1,Palestine News and Information Agency; Quds News Network; Twitter,New media-National,"On 9 November 2023, Israeli military airplanes struck houses in Deir al Balah (Deir El Balah, Gaza Strip). 12 persons were killed and dozens of Palestinians were injured.",12,,1753954979
PSE40654,11/9/2023,2023,1,Political violence,Explosions/Remote violence,Air/drone strike,Military Forces of Israel (2022-),,8,Civilians (Palestine),,7,78,Civilian targeting,275,Middle East,Palestine,Gaza Strip,Deir El Balah,,Az Zawayda,31.4284,34.366,1,PLO Negotiations Affairs Department,Other,"On 9 November 2023, Israeli airplanes struck targets in Az Zawayda (Deir El Balah, Gaza Strip). Casualties unknown.",0,,1767742780
PSE40628,11/9/2023,2023,1,Political violence,Explosions/Remote violence,Air/drone strike,Military Forces of Israel (2022-),,8,Civilians (Palestine),,7,78,Civilian targeting,275,Middle East,Palestine,Gaza Strip,Gaza City,,Gaza - Sabra,31.5086,34.4493,1,Ma'an News Agency; Palestine News and Information Agency; Quds News Network; Twitter,New media-National,"On 9 November 2023, Israeli airplanes struck houses in Gaza - Sabra (Gaza City, Gaza Strip). At least 12 civilians (including children) were killed and dozens of Palestinians were injured.",12,,1759789988
PSE40639,11/9/2023,2023,1,Political violence,Explosions/Remote violence,Air/drone strike,Military Forces of Israel (2022-),,8,Civilians (Palestine),,7,78,Civilian targeting,275,Middle East,Palestine,Gaza Strip,Rafah,,Tal as Sultan,31.3098,34.2414,2,Newpress; Palestine Information Center; Palestine News and Information Agency; Quds News Network; Twitter,Other-New media,"On 9 November 2023, Israeli airplanes struck a house west of Rafah (coded to Tal as Sultan, Gaza Strip). At least 27 persons were killed.",27,,1762829569
PSE40632,11/9/2023,2023,1,Political violence,Explosions/Remote violence,Air/drone strike,Military Forces of Israel (2022-),,8,Civilians (Palestine),Refugees/IDPs (Palestine),7,78,Civilian targeting,275,Middle East,Palestine,Gaza Strip,North Gaza,,Jabalya Camp,31.536,34.4907,1,Palestine News and Information Agency; Quds News Network; Twitter,New media-National,"On 9 November 2023, Israeli military airplanes struck houses and targets in Mukhayyam Jabalya camp (North Gaza, Gaza Strip). At least 65 persons were killed and more than 100 Palestinians were injured.",65,,1753954979
PSE40339,11/9/2023,2023,1,Political violence,Explosions/Remote violence,Air/drone strike,Military Forces of Israel (2022-),,8,Civilians (Palestine),,7,78,Civilian targeting,275,Middle East,Palestine,Gaza Strip,Gaza City,,Gaza - Nasr,31.534,34.4574,1,Palestine News and Information Agency; Palestinian Ministry of Health; Quds News Network; Twitter,Other-New media,"On 9 November 2023, Israeli military airplanes struck a house in Gaza - Nasr (Gaza City, Gaza Strip) leaving an unspecified number of fatalities. [Palestinian Ministry of Health reported 11590 fatalities between 7 October - 10 November 2023. 479 fatalities not attributed to specific events split across 32 events between 4-10 November. 15 fatalities coded to this event.]",15,,1753954979
PSE40342,11/9/2023,2023,1,Political violence,Explosions/Remote violence,Air/drone strike,Military Forces of Israel (2022-),,8,Civilians (Palestine),,7,78,Civilian targeting,275,Middle East,Palestine,Gaza Strip,Gaza City,,Gaza - At Tuffah,31.5134,34.4751,1,Palestine News and Information Agency; Palestinian Ministry of Health; Quds News Network; Twitter,Other-New media,"On 9 November 2023, Israeli military airplanes struck a house in Gaza - At Tuffah (Gaza City, Gaza Strip) leaving an unspecified number of fatalities. [Palestinian Ministry of Health reported 11590 fatalities between 7 October - 10 November 2023. 479 fatalities not attributed to specific events split across 32 events between 4-10 November. 15 fatalities coded to this event.]",15,,1759789988
PSE40348,11/9/2023,2023,1,Political violence,Explosions/Remote violence,Air/drone strike,Military Forces of Israel (2022-),,8,Civilians (Palestine),Refugees/IDPs (Palestine),7,78,Civilian targeting,275,Middle East,Palestine,Gaza Strip,Gaza City,,Gaza - Ash Shati' Camp,31.5349,34.4466,1,Newpress; Palestine News and Information Agency; Palestinian Ministry of Health; Quds News Network; Twitter,Other-New media,"On 9 November 2023, Israeli airplanes struck houses and targets in Gaza - Ash Shati' Camp refugee camp (Gaza City, Gaza Strip) and fired white phosphorus bombs. There were an unspecified number of fatalities. HRW and Amnesty International have accused Israel of using white phosphorus bombs in Gaza and Lebanon. [Palestinian Ministry of Health reported 11590 fatalities between 7 October - 10 November 2023. 479 fatalities not attributed to specific events split across 32 events between 4-10 November. 15 fatalities coded to this event.]",15,,1759789988
PSE40350,11/9/2023,2023,1,Political violence,Explosions/Remote violence,Air/drone strike,Military Forces of Israel (2022-),,8,Civilians (Palestine),,7,78,Civilian targeting,275,Middle East,Palestine,Gaza Strip,Gaza City,,Gaza - Sheikh Radwan,31.5349,34.4667,1,Palestine News and Information Agency; Palestinian Ministry of Health,Other-National,"On 9 November 2023, Israeli airplanes struck a house in Gaza - Sheikh Radwan (Gaza City, Gaza Strip) leaving an unspecified number of fatalities. [Palestinian Ministry of Health reported 11590 fatalities between 7 October - 10 November 2023. 479 fatalities not attributed to specific events split across 32 events between 4-10 November. 15 fatalities coded to this event.]",15,,1759789988
PSE40352,11/9/2023,2023,1,Political violence,Explosions/Remote violence,Air/drone strike,Military Forces of Israel (2022-),,8,Civilians (Palestine),Refugees/IDPs (Palestine),7,78,Civilian targeting,275,Middle East,Palestine,Gaza Strip,Deir El Balah,,An Nusayrat,31.4486,34.3925,1,Palestine News and Information Agency; Palestinian Ministry of Health; Quds News Network; Twitter,Other-New media,"On 9 November 2023, Israeli military airplanes struck houses in An Nusayrat refugee camp (Deir El Balah, Gaza Strip). There were an unspecified number of fatalities among cvilians. [Palestinian Ministry of Health reported 11590 fatalities between 7 October - 10 November 2023. 479 fatalities not attributed to specific events split across 32 events between 4-10 November. 15 fatalities coded to this event.]",15,,1753954979
PSE40353,11/9/2023,2023,1,Political violence,Explosions/Remote violence,Air/drone strike,Military Forces of Israel (2022-),,8,Civilians (Palestine),Refugees/IDPs (Palestine),7,78,Civilian targeting,275,Middle East,Palestine,Gaza Strip,Deir El Balah,,Al Burayj,31.4394,34.4031,1,Newpress; Palestine News and Information Agency; Palestinian Ministry of Health; Twitter,Other-New media,"On 9 November 2023, Israeli military airplanes struck houses in Al Burayj refugee camp (Deir El Balah, Gaza Strip). There were an unspecified number of fatalities among civilians. [Palestinian Ministry of Health reported 11590 fatalities between 7 October - 10 November 2023. 479 fatalities not attributed to specific events split across 32 events between 4-10 November. 15 fatalities coded to this event.]",15,,1753954979
PSE40457,11/9/2023,2023,1,Political violence,Explosions/Remote violence,Air/drone strike,Military Forces of Israel (2022-),,8,Civilians (Palestine),,7,78,Civilian targeting,275,Middle East,Palestine,Gaza Strip,North Gaza,,Beit Lahiya,31.5541,34.5016,1,Palestine News and Information Agency; Palestinian Ministry of Health; Quds News Network; Twitter,Other-New media,"On 9 November 2023, Israeli airplanes struck targets on the outskirts of the Indonesian Hospital and in Beit Lahiya (North Gaza, Gaza Strip). An unspecified number of persons were killed. [Palestinian Ministry of Health reported 11590 fatalities between 7 October - 10 November 2023. 479 fatalities not attributed to specific events split across 32 events between 4-10 November. 15 fatalities coded to this event.]",15,,1753954979
PSE40461,11/9/2023,2023,1,Political violence,Explosions/Remote violence,Air/drone strike,Military Forces of Israel (2022-),,8,Civilians (Palestine),Refugees/IDPs (Palestine),7,78,Civilian targeting,275,Middle East,Palestine,Gaza Strip,Deir El Balah,,An Nusayrat,31.4486,34.3925,1,Palestine News and Information Agency; Palestinian Ministry of Health,Other-National,"On 9 November 2023, Israeli airplanes struck a house in An Nusayrat refugee camp (Deir El Balah, Gaza Strip). Several persons were killed. [Palestinian Ministry of Health reported 11590 fatalities between 7 October - 10 November 2023. 479 fatalities not attributed to specific events split across 32 events between 4-10 November. 15 fatalities coded to this event.]",15,,1753954979
PSE40649,11/9/2023,2023,1,Political violence,Explosions/Remote violence,Shelling/artillery/missile attack,Military Forces of Israel (2022-),,8,Civilians (Palestine),,7,78,Civilian targeting,275,Middle East,Palestine,Gaza Strip,Gaza City,,Gaza - Ash Shaykh Ijlin,31.5098,34.4274,1,Quds News Network; Twitter,New media-National,"On 9 November 2023, Israeli artillery shelled Gaza - Ash Shaykh Ijlin (Gaza City, Gaza Strip). Casualties unknown.",0,,1753954979
PSE40615,11/9/2023,2023,1,Political violence,Explosions/Remote violence,Shelling/artillery/missile attack,Military Forces of Israel (2022-),,8,Civilians (Palestine),,7,78,Civilian targeting,275,Middle East,Palestine,Gaza Strip,North Gaza,,Beit Hanoun - Al-Sekka,31.5463,34.5332,2,Palestine News and Information Agency,National,"On 9 November 2023, Israeli artillery struck targets east of North Gaza (coded as Beit Hanoun - Al-Sekka, Gaza Strip). Casualties unknown.",0,,1753954979
PSE40619,11/9/2023,2023,1,Political violence,Explosions/Remote violence,Shelling/artillery/missile attack,Military Forces of Israel (2022-),,8,Civilians (Palestine),,7,78,Civilian targeting,275,Middle East,Palestine,Gaza Strip,Rafah,,Yibna,31.2842,34.2482,2,Quds News Network; Twitter,New media-National,"On 9 November 2023, Israeli artillery struck targets east of Rafah (coded to Yibna, Gaza Strip). Casualties unknown.",0,,1753954979
PSE40642,11/9/2023,2023,1,Political violence,Explosions/Remote violence,Air/drone strike,Military Forces of Israel (2022-),,8,Civilians (Palestine),,7,78,Civilian targeting,275,Middle East,Palestine,Gaza Strip,Rafah,,Yibna,31.2842,34.2482,2,PLO Negotiations Affairs Department,Other,"On 9 November 2023, Israeli airplanes struck targets east of Rafah (coded to Yibna, Gaza Strip). Casualties unknown.",0,,1753954979
PSE40343,11/9/2023,2023,1,Political violence,Explosions/Remote violence,Air/drone strike,Military Forces of Israel (2022-),,8,Civilians (Palestine),,7,78,Civilian targeting,275,Middle East,Palestine,Gaza Strip,Gaza City,,Gaza - Tal el Hawa,31.5041,34.435,1,Palestine News and Information Agency; Palestinian Ministry of Health,Other-National,"On 9 November 2023, Israeli airplanes struck 5 apartments and buildings in Al Nasr Hospital in Gaza - Tal el Hawa (Gaza City, Gaza Strip). There were an unspecified number of fatalities. [Palestinian Ministry of Health reported 11590 fatalities between 7 October - 10 November 2023. 479 fatalities not attributed to specific events split across 32 events between 4-10 November. 15 fatalities coded to this event.]",15,,1759789988
PSE40637,11/9/2023,2023,1,Political violence,Explosions/Remote violence,Air/drone strike,Military Forces of Israel (2022-),,8,Civilians (Palestine),,7,78,Civilian targeting,275,Middle East,Palestine,Gaza Strip,Gaza City,,Gaza - Az Zaytun,31.4964,34.4522,1,Palestine News and Information Agency; Quds News Network; Twitter,New media-National,"On 9 November 2023, Israeli airplanes struck 3 houses around Al Nasr Hospital in Gaza - Az Zaytun (Gaza City, Gaza Strip). 6 persons were killed and dozens of Palestinians were injured.",6,,1759789988
PSE40641,11/9/2023,2023,1,Political violence,Explosions/Remote violence,Air/drone strike,Military Forces of Israel (2022-),,8,Civilians (Palestine),Health Workers (Palestine),7,78,Civilian targeting,275,Middle East,Palestine,Gaza Strip,North Gaza,,Jabalya,31.5272,34.4835,1,Palestine News and Information Agency,National,"On 9 November 2023, Israeli airplanes carried out airstrikes on the outskirts of Al Awdah medical center in Jabalya (North Gaza, Gaza Strip). A Palestinian paramedic was injured and 2 ambulances were damaged. There were no",0,,1759789988
PSE40648,11/9/2023,2023,1,Political violence,Explosions/Remote violence,Shelling/artillery/missile attack,Military Forces of Israel (2022-),,8,Civilians (Palestine),,7,78,Civilian targeting,275,Middle East,Palestine,Gaza Strip,Gaza City,,Gaza - Tal el Hawa,31.5041,34.435,1,Quds News Network; Twitter,New media-National,"On 9 November 2023, Israeli artillery shelled Gaza - Tal el Hawa (Gaza City, Gaza Strip). Casualties unknown.",0,,1759789988
PSE40652,11/9/2023,2023,1,Political violence,Explosions/Remote violence,Air/drone strike,Military Forces of Israel (2022-),,8,Civilians (Palestine),Refugees/IDPs (Palestine),7,78,Civilian targeting,275,Middle East,Palestine,Gaza Strip,Rafah,,Rafah,31.287,34.2595,1,Quds News Network; Twitter,New media-National,"On 9 November 2023, Israeli airplanes struck a house in al-Shaboura refugee camp in Mukhayyam Rafah (Rafah, Gaza Strip). A Palestinian woman was killed.",1,,1762829569
PSE40647,11/9/2023,2023,1,Political violence,Explosions/Remote violence,Air/drone strike,Military Forces of Israel (2022-),,8,Civilians (Palestine),Aid Workers (Palestine); ICRC: International Committee of the Red Cross,7,78,Civilian targeting,275,Middle East,Palestine,Gaza Strip,Gaza City,,Gaza,31.5045,34.4743,2,PLO Negotiations Affairs Department,Other,"On 9 November 2023, Israeli military airplanes struck an ICRC humanitarian aid convoy in the Gaza area (Gaza City, Gaza Strip). Casualties unknown. This event involved violence over aid.",0,,1759789988
PSE40663,11/10/2023,2023,1,Political violence,Explosions/Remote violence,Shelling/artillery/missile attack,Military Forces of Israel (2022-),,8,Civilians (Palestine),,7,78,Civilian targeting,275,Middle East,Palestine,Gaza Strip,Gaza City,,Gaza - Shujaiyya,31.4988,34.4699,2,PLO Negotiations Affairs Department,Other,"On 10 November 2023, Israeli artillery struck targets east of Gaza (coded to Gaza - Shujaiyya, Gaza Strip). Casualties unknown.",0,,1759789988
PSE40664,11/10/2023,2023,1,Political violence,Explosions/Remote violence,Shelling/artillery/missile attack,Military Forces of Israel (2022-),,8,Civilians (Palestine),,7,78,Civilian targeting,275,Middle East,Palestine,Gaza Strip,Khan Yunis,,Bani Suheila,31.3424,34.325,2,PLO Negotiations Affairs Department,Other,"On 10 November 2023, Israeli artillery struck targets east of Khan Yunis (coded to Bani Suheila, Gaza Strip). Casualties unknown.",0,,1753954979
PSE40671,11/10/2023,2023,1,Political violence,Explosions/Remote violence,Air/drone strike,Military Forces of Israel (2022-),,8,Civilians (Palestine),Health Workers (Palestine),7,78,Civilian targeting,275,Middle East,Palestine,Gaza Strip,Gaza City,,Gaza - Northern Remal,31.524,34.4505,1,Newpress; Palestine News and Information Agency; Quds News Network; Twitter,New media-National,"On 10 November 2023, Israeli military airplanes carried out airstrikes on the outskirts of Al Shifa Hospital and Al Rantisi Hospital in Gaza - Northern Remal (Gaza City, Gaza Strip), killing 6 displaced persons. Also, the airplanes struck the maternity building of the Shifa Hospital, in which another person was killed and a child was injured. In total, 7 persons were killed due to the attack on Al Shifa and the nearby area, and dozens of Palestinians were injured.",7,,1759789988
PSE40682,11/10/2023,2023,1,Political violence,Explosions/Remote violence,Shelling/artillery/missile attack,Military Forces of Israel (2022-),,8,Civilians (Palestine),,7,78,Civilian targeting,275,Middle East,Palestine,Gaza Strip,Gaza City,,Gaza - Northern Remal,31.524,34.4505,1,Palestine News and Information Agency,National,"On 10 November 2023, Israeli artillery struck targets on the outskirts of Al Shifa Hospital in Gaza - Northern Remal (Gaza City, Gaza Strip). Casualties unknown.",0,,1759789988
PSE40687,11/10/2023,2023,1,Political violence,Explosions/Remote violence,Air/drone strike,Military Forces of Israel (2022-),,8,Civilians (Palestine),,7,78,Civilian targeting,275,Middle East,Palestine,Gaza Strip,Gaza City,,Gaza - Sheikh Radwan,31.5349,34.4667,2,Newpress; Quds News Network; Twitter,New media-National,"On 10 November 2023, Israeli military airplanes struck targets on the outskirts of Al Awda Hospital northeast of Gaza - Sheikh Radwan (Gaza City, Gaza Strip). An ambulance was destroyed [presumably it was parked]. Casualties unknown.",0,,1759789988
PSE40690,11/10/2023,2023,1,Political violence,Explosions/Remote violence,Shelling/artillery/missile attack,Military Forces of Israel (2022-),,8,Civilians (Palestine),,7,78,Civilian targeting,275,Middle East,Palestine,Gaza Strip,Gaza City,,Gaza - Sheikh Radwan,31.5349,34.4667,1,Quds News Network; Twitter,New media-National,"On 10 November 2023, Israeli artillery targeted Gaza - Sheikh Radwan (Gaza City, Gaza Strip). Casualties unknown.",0,,1759789988
PSE40696,11/10/2023,2023,1,Political violence,Explosions/Remote violence,Air/drone strike,Military Forces of Israel (2022-),,8,Civilians (Palestine),,7,78,Civilian targeting,275,Middle East,Palestine,Gaza Strip,Khan Yunis,,Bani Suheila,31.3424,34.325,2,Quds News Network; Twitter,New media-National,"On 10 November 2023, Israeli airplanes carried out airstrikes east of Khan Yunis (coded to Bani Suheila, Gaza Strip). Casualties unknown.",0,,1753954979
PSE40662,11/10/2023,2023,1,Political violence,Explosions/Remote violence,Shelling/artillery/missile attack,Military Forces of Israel (2022-),,8,Civilians (Palestine),,7,78,Civilian targeting,275,Middle East,Palestine,Gaza Strip,Deir El Balah,,Deir al Balah Camp,31.4249,34.34,2,PLO Negotiations Affairs Department,Other,"On 10 November 2023, Israeli artillery struck targets east of Deir El Balah (coded to Deir al Balah Camp, Gaza Strip). Casualties unknown.",0,,1765850627
PSE40683,11/10/2023,2023,1,Political violence,Explosions/Remote violence,Shelling/artillery/missile attack,Military Forces of Israel (2022-),,8,Civilians (Palestine),,7,78,Civilian targeting,275,Middle East,Palestine,Gaza Strip,North Gaza,,Beit Lahiya,31.5541,34.5016,1,Palestine News and Information Agency,National,"On 10 November 2023, Israeli artillery struck targets on the outskirts of the Indonesian Hospital in Beit Lahiya (North Gaza, Gaza Strip). Casualties unknown.",0,,1753954979
PSE40686,11/10/2023,2023,1,Political violence,Explosions/Remote violence,Air/drone strike,Military Forces of Israel (2022-),,8,Civilians (Palestine),,7,78,Civilian targeting,275,Middle East,Palestine,Gaza Strip,Gaza City,,Gaza - Sabra,31.5086,34.4493,1,Newpress; Twitter,New media-National,"On 10 November 2023, Israeli military airplanes struck a target in central Gaza, Gaza - Sabra (Gaza City, Gaza Strip). Casualties unknown.",0,,1759789988
PSE40640,11/10/2023,2023,1,Political violence,Explosions/Remote violence,Air/drone strike,Military Forces of Israel (2022-),,8,Civilians (Palestine),,7,78,Civilian targeting,275,Middle East,Palestine,Gaza Strip,Gaza City,,Gaza - Nasr,31.534,34.4574,1,Dunia Al Watan; Palestine News and Information Agency; Quds News Network; Twitter,New media-National,"On 10 November 2023, Israeli military airplanes struck al-Buraq school hosting displaced Palestinians in Gaza - Nasr (Gaza City, Gaza Strip). At least 50 persons were killed. Israeli forces also struck al-Oyoun junction in Gaza - Nasr on the same day, killing an unclear number of Palestinians. Unknown fatalities coded as 3. Total fatalities coded as 53",53,,1753954979
PSE40679,11/10/2023,2023,1,Political violence,Explosions/Remote violence,Air/drone strike,Military Forces of Israel (2022-),,8,Civilians (Palestine),,7,78,Civilian targeting,275,Middle East,Palestine,Gaza Strip,Rafah,,Tal as Sultan,31.3098,34.2414,1,Palestine News and Information Agency; Quds News Network; Twitter,New media-National,"On 10 November 2023, Israeli military airplanes struck houses in Tal as Sultan (Rafah, Gaza Strip). 3 persons were killed and another 12 were injured.",3,,1762829569
PSE40681,11/10/2023,2023,1,Political violence,Explosions/Remote violence,Air/drone strike,Military Forces of Israel (2022-),,8,Civilians (Palestine),Refugees/IDPs (Palestine),7,78,Civilian targeting,275,Middle East,Palestine,Gaza Strip,North Gaza,,Jabalya Camp,31.536,34.4907,1,Newpress; Palestine News and Information Agency; Twitter,New media-National,"On 10 November 2023, Israeli military airplanes struck houses in Mukhayyam Jabalya camp (North Gaza, Gaza Strip). At least 5 persons were killed and several Palestinians were injured.",5,,1753954979
PSE40700,11/10/2023,2023,1,Political violence,Explosions/Remote violence,Air/drone strike,Military Forces of Israel (2022-),,8,Civilians (Palestine),,7,78,Civilian targeting,275,Middle East,Palestine,Gaza Strip,Gaza City,,Gaza - Ash Shati' Camp,31.5349,34.4466,2,Quds News Network; Twitter,New media-National,"On 10 November 2023, Israeli military airplanes struck targets near Gaza - Ash Shati' Camp (Gaza City, Gaza Strip). Casualties unknown.",0,,1759789988
PSE40675,11/10/2023,2023,1,Political violence,Explosions/Remote violence,Air/drone strike,Military Forces of Israel (2022-),,8,Civilians (Palestine),,7,78,Civilian targeting,275,Middle East,Palestine,Gaza Strip,North Gaza,,Beit Lahiya,31.5541,34.5016,1,Newpress; Palestine News and Information Agency; Palestinian Ministry of Health; Twitter,Other-New media,"On 10 November 2023, Israeli military airplanes carried out airstrikes targets on the outskirts of the Indonesian Hospital in Beit Lahiya (North Gaza, Gaza Strip). Several persons were killed. [Palestinian Ministry of Health reported 11590 fatalities between 7 October - 10 November 2023. 479 fatalities not attributed to specific events split across 32 events between 4-10 November. 15 fatalities coded to this event.]",15,,1753954979
PSE40676,11/10/2023,2023,1,Political violence,Explosions/Remote violence,Air/drone strike,Military Forces of Israel (2022-),,8,Civilians (Palestine),Journalists (Palestine),7,78,Civilian targeting,275,Middle East,Palestine,Gaza Strip,Khan Yunis,,Khuzaa,31.3069,34.3572,1,Guardian (United Kingdom); International Federation of Journalists; Newpress; Palestine News and Information Agency; Palestinian Ministry of Health; Quds News Network; Twitter,Other-New media,"On 10 November 2023, Israeli military airplanes struck a group of Palestinians at the entrance of Khuzaa (Khan Yunis, Gaza Strip). Several persons were killed, including a journalist, and others injured. [Palestinian Ministry of Health reported 11590 fatalities between 7 October - 10 November 2023. 479 fatalities not attributed to specific events split across 32 events between 4-10 November. 15 fatalities coded to this event.]",15,,1757975700
PSE40672,11/10/2023,2023,1,Political violence,Explosions/Remote violence,Air/drone strike,Military Forces of Israel (2022-),,8,Civilians (Palestine),,7,78,Civilian targeting,275,Middle East,Palestine,Gaza Strip,Gaza City,,Gaza - Sheikh Radwan,31.5349,34.4667,2,Newpress; Palestine News and Information Agency; Twitter,New media-National,"On 10 November 2023, Israeli airplanes struck targets at the old street, north of Gaza city (coded to Gaza - Sheikh Radwan, Gaza Strip). 2 civilians were killed.",2,,1759789988
PSE40678,11/10/2023,2023,1,Political violence,Explosions/Remote violence,Air/drone strike,Military Forces of Israel (2022-),,8,Civilians (Palestine),,7,78,Civilian targeting,275,Middle East,Palestine,Gaza Strip,Gaza City,,Gaza - Nezarim,31.484,34.4056,2,Newpress; Palestine News and Information Agency; Quds News Network; Twitter,New media-National,"On 10 November 2023, Israeli military airplanes struck displaced Palestinians fleeing toward the south of the Gaza Strip, at Salah Al Din Street in Gaza - Nezarim (Gaza City, Gaza Strip). Dozens of Palestinians, including children and women were killed. Fatalities coded as 12.",12,,1753954979
PSE40661,11/10/2023,2023,1,Political violence,Explosions/Remote violence,Shelling/artillery/missile attack,Military Forces of Israel (2022-),,8,Civilians (Palestine),,7,78,Civilian targeting,275,Middle East,Palestine,Gaza Strip,North Gaza,,Beit Hanoun - Al-Sekka,31.5463,34.5332,2,PLO Negotiations Affairs Department,Other,"On 10 November 2023, Israeli artillery struck targets east of North Gaza (coded as Beit Hanoun - Al-Sekka, Gaza Strip). Casualties unknown.",0,,1753954979
PSE40665,11/10/2023,2023,1,Political violence,Explosions/Remote violence,Shelling/artillery/missile attack,Military Forces of Israel (2022-),,8,Civilians (Palestine),,7,78,Civilian targeting,275,Middle East,Palestine,Gaza Strip,Rafah,,Yibna,31.2842,34.2482,2,PLO Negotiations Affairs Department,Other,"On 10 November 2023, Israeli artillery struck targets east of Rafah (coded to Yibna, Gaza Strip). Casualties unknown.",0,,1753954979
PSE40673,11/10/2023,2023,1,Political violence,Explosions/Remote violence,Air/drone strike,Military Forces of Israel (2022-),,8,Civilians (Palestine),,7,78,Civilian targeting,275,Middle East,Palestine,Gaza Strip,Gaza City,,Gaza - Tal el Hawa,31.5041,34.435,1,Newpress; Palestine News and Information Agency; Quds News Network; Twitter,New media-National,"On 10 November 2023, Israeli military airplanes struck targets near Al Quds Hospital in Gaza - Tal el Hawa (Gaza City, Gaza Strip). At least one person was killed and 20 Palestinians were injured.",1,,1759789988
PSE40688,11/10/2023,2023,1,Political violence,Explosions/Remote violence,Shelling/artillery/missile attack,Military Forces of Israel (2022-),,8,Civilians (Palestine),,7,78,Civilian targeting,275,Middle East,Palestine,Gaza Strip,Gaza City,,Gaza - Az Zaytun,31.4964,34.4522,1,Newpress; Twitter,New media-National,"On 10 November 2023, Israeli artillery struck targets in Al Jala street in Gaza - Az Zaytun (Gaza City, Gaza Strip). Casualties unknown.",0,,1759789988
PSE40691,11/10/2023,2023,1,Political violence,Explosions/Remote violence,Air/drone strike,Military Forces of Israel (2022-),,8,Civilians (Palestine),,7,78,Civilian targeting,275,Middle East,Palestine,Gaza Strip,North Gaza,,Jabalya,31.5272,34.4835,1,Newpress; Twitter,New media-National,"On 10 November 2023, Israeli airplanes struck a house in Tel al-Zatar in Jabalya (North Gaza, Gaza Strip). Several persons were injured.",0,,1759789988
PSE40695,11/10/2023,2023,1,Political violence,Explosions/Remote violence,Air/drone strike,Military Forces of Israel (2022-),,8,Civilians (Palestine),,7,78,Civilian targeting,275,Middle East,Palestine,Gaza Strip,North Gaza,,Sheikh Zaid,31.5392,34.5117,1,Quds News Network; Twitter,New media-National,"On 10 November 2023, Israeli airplanes carried out airstrikes on the outskirts of Sheikh Zaid (North Gaza, Gaza Strip). Casualties unknown.",0,,1759789988
PSE40723,11/10/2023,2023,1,Political violence,Violence against civilians,Attack,Military Forces of Israel (2022-),,8,Civilians (Palestine),,7,78,Civilian targeting,275,Middle East,Palestine,Gaza Strip,Gaza City,,Gaza - Az Zaytun,31.4964,34.4522,1,Newpress; Quds News Network; Twitter,New media-National,"On 10 November 2023, an Israeli sniper shot dead a 79-year-old Palestinian who was on his way to southern Gaza, north of Gaza - Az Zaytun area (Gaza City, Gaza Strip).",1,,1759789988
PSE40697,11/10/2023,2023,1,Political violence,Explosions/Remote violence,Air/drone strike,Military Forces of Israel (2022-),,8,Civilians (Palestine),,7,78,Civilian targeting,275,Middle East,Palestine,Gaza Strip,Rafah,,Rafah,31.287,34.2595,1,Quds News Network; Twitter,New media-National,"On 10 November 2023, Israeli military airplanes struck houses in Rafah city (Rafah, Gaza Strip). Casualties unknown.",0,,1762829569
PSE40772,11/11/2023,2023,1,Political violence,Explosions/Remote violence,Air/drone strike,Military Forces of Israel (2022-),,8,Civilians (Palestine),Health Workers (Palestine),7,78,Civilian targeting,275,Middle East,Palestine,Gaza Strip,Gaza City,,Gaza - Northern Remal,31.524,34.4505,1,Ma'an News Agency; Newpress; Palestine News and Information Agency; Quds News Network; Twitter,New media-National,"On 11 November 2023, Israeli military airplanes carried out airstrikes on the outskirts of Al Shifa Hospital and Al Rantisi Hospital in Gaza - Northern Remal (Gaza City, Gaza Strip). The airplanes also fired white phosphorus bombs and struck the yard of Al Shifa Hospital. A number of Palestinians were injured. HRW and other international organizations have accused Israel of using white phosphorous bombs.",0,,1759789988
PSE41033,11/11/2023,2023,1,Political violence,Explosions/Remote violence,Air/drone strike,Military Forces of Israel (2022-),,8,Civilians (Palestine),,7,78,Civilian targeting,275,Middle East,Palestine,Gaza Strip,Gaza City,,Gaza - Sheikh Radwan,31.5349,34.4667,1,Palestine News and Information Agency,National,"On 11 November 2023, Israeli military airplanes struck targets and houses in Gaza - Sheikh Radwan (Gaza City, Gaza Strip). Casualties unknown.",0,,1759789988
PSE41037,11/11/2023,2023,1,Political violence,Explosions/Remote violence,Shelling/artillery/missile attack,Military Forces of Israel (2022-),,8,Civilians (Palestine),,7,78,Civilian targeting,275,Middle East,Palestine,Gaza Strip,Gaza City,,Gaza - Sheikh Radwan,31.5349,34.4667,1,Palestine News and Information Agency,National,"On 11 November 2023, Israeli artillery struck targets and houses in Gaza - Sheikh Radwan (Gaza City, Gaza Strip). Casualties unknown.",0,,1759789988
PSE41038,11/11/2023,2023,1,Political violence,Explosions/Remote violence,Shelling/artillery/missile attack,Military Forces of Israel (2022-),,8,Civilians (Palestine),,7,78,Civilian targeting,275,Middle East,Palestine,Gaza Strip,Gaza City,,Gaza - Northern Remal,31.524,34.4505,1,Newpress; Palestine News and Information Agency; Twitter,New media-National,"On 11 November 2023, Israeli artillery struck targets on the outskirts of Al Shifa Hospital (including displaced people) and near Al Rantisi Hospital in Gaza - Northern Remal (Gaza City, Gaza Strip). Casualties unknown.",0,,1759789988
PSE41043,11/11/2023,2023,1,Political violence,Explosions/Remote violence,Air/drone strike,Military Forces of Israel (2022-),,8,Civilians (Palestine),,7,78,Civilian targeting,275,Middle East,Palestine,Gaza Strip,Khan Yunis,,Khan Yunis - West (Municipal Stadium),31.3484,34.2961,2,Al-Ittihad; Dunia Al Watan; Palestine News and Information Agency; Quds News Network,National-Regional,"On 11 November 2023, Israeli military airplanes struck a house in al-Muaskar area west of Khan Yunis city (coded to Khan Yunis - West (Municipal Stadium), Gaza Strip). A woman was killed and dozens of Palestinians were injured.",1,,1753954979
PSE41044,11/11/2023,2023,1,Political violence,Explosions/Remote violence,Air/drone strike,Military Forces of Israel (2022-),,8,Civilians (Palestine),,7,78,Civilian targeting,275,Middle East,Palestine,Gaza Strip,Khan Yunis,,Al Qararah,31.3739,34.3409,1,Al-Ittihad; Dunia Al Watan; Newpress; Palestine News and Information Agency; Quds News Network; Twitter,New media-National,"On 11 November 2023, Israeli military airplanes struck a house in Al Qararah (Khan Yunis, Gaza Strip). Casualties unknown.",0,,1753954979
PSE41045,11/11/2023,2023,1,Political violence,Explosions/Remote violence,Air/drone strike,Military Forces of Israel (2022-),,8,Civilians (Palestine),,7,78,Civilian targeting,275,Middle East,Palestine,Gaza Strip,Khan Yunis,,Khan Yunis - Maen,31.336,34.3172,1,Ma'an News Agency; Palestine News and Information Agency; Quds News Network,National,"On 11 November 2023, Israeli military airplanes struck a house in Khan Yunis - Maen (Khan Yunis, Gaza Strip). 6 persons were killed and several others were injured.",6,,1753954979
PSE41048,11/11/2023,2023,1,Political violence,Explosions/Remote violence,Air/drone strike,Military Forces of Israel (2022-),,8,Civilians (Palestine),,7,78,Civilian targeting,275,Middle East,Palestine,Gaza Strip,Khan Yunis,,Khan Yunis - City Centre,31.3419,34.3015,1,Palestine News and Information Agency; Quds News Network,National,"On 11 November 2023, Israeli military airplanes struck a house in Khan Yunis - City Centre (Khan Yunis, Gaza Strip). A women was killed.",1,,1753954979
PSE41049,11/11/2023,2023,1,Political violence,Explosions/Remote violence,Air/drone strike,Military Forces of Israel (2022-),,8,Civilians (Palestine),,7,78,Civilian targeting,275,Middle East,Palestine,Gaza Strip,Khan Yunis,,Abasan al Jadidah,31.3416,34.3459,1,Palestine News and Information Agency,National,"On 11 November 2023, Israeli military airplanes struck a house in Abasan al Jadidah (Khan Yunis, Gaza Strip). Casualties unknown.",0,,1753954979
PSE41050,11/11/2023,2023,1,Political violence,Explosions/Remote violence,Air/drone strike,Military Forces of Israel (2022-),,8,Civilians (Palestine),,7,78,Civilian targeting,275,Middle East,Palestine,Gaza Strip,Khan Yunis,,Bani Suheila,31.3424,34.325,1,Ma'an News Agency; Palestine News and Information Agency,National,"On 11 November 2023, Israeli military airplanes struck an agricultural land and a house in Bani Suheila (Khan Yunis, Gaza Strip). A child was killed and several Palestinians were injured.",1,,1753954979
PSE41053,11/11/2023,2023,1,Political violence,Explosions/Remote violence,Air/drone strike,Military Forces of Israel (2022-),,8,Civilians (Palestine),Refugees/IDPs (Palestine),7,78,Civilian targeting,275,Middle East,Palestine,Gaza Strip,Deir El Balah,,Al Burayj,31.4394,34.4031,1,Ma'an News Agency,National,"On 11 November 2023, Israeli military airplanes struck targets in Al Burayj refugee camp (Deir El Balah, Gaza Strip). 4 persons were killed.",4,,1753954979
PSE41133,11/11/2023,2023,1,Political violence,Explosions/Remote violence,Air/drone strike,Military Forces of Israel (2022-),,8,Civilians (Palestine),Refugees/IDPs (Palestine),7,78,Civilian targeting,275,Middle East,Palestine,Gaza Strip,Deir El Balah,,An Nusayrat,31.4486,34.3925,1,Al-Ittihad; Ma'an News Agency; Newpress; Palestine News and Information Agency; Quds News Network; Twitter,New media-National,"On 11 November 2023, Israeli airplanes struck houses in An Nusayrat refugee camp (Deir El Balah, Gaza Strip). A woman was killed and several Palestinians were injured.",1,,1753954979
PSE41042,11/11/2023,2023,1,Political violence,Explosions/Remote violence,Air/drone strike,Military Forces of Israel (2022-),,8,Civilians (Palestine),,7,78,Civilian targeting,275,Middle East,Palestine,Gaza Strip,Deir El Balah,,An Nusayrat - West,31.4525,34.3756,1,Al-Ittihad; Dunia Al Watan; Ma'an News Agency; Palestine News and Information Agency; Quds News Network,National-Regional,"On 11 November 2023, Israeli military airplanes struck houses west of An Nusayrat refugee camp (An Nusayrat - West, Deir El Balah, Gaza Strip). At least 6 persons were killed and dozens of Palestinians were injured.",6,,1753954979
PSE41035,11/11/2023,2023,1,Political violence,Explosions/Remote violence,Air/drone strike,Military Forces of Israel (2022-),,8,Civilians (Palestine),,7,78,Civilian targeting,275,Middle East,Palestine,Gaza Strip,North Gaza,,Beit Lahiya,31.5541,34.5016,1,Dunia Al Watan; Liveuamap; Ma'an News Agency; Newpress; Palestine News and Information Agency; Quds News Network; Twitter,Local partner-New media,"On 11 November 2023, Israeli airplanes struck houses and targets in Beit Lahiya and on the outskirts of the Indonesian Hospital (North Gaza, Gaza Strip). Casualties unknown.",0,,1753954979
PSE41039,11/11/2023,2023,1,Political violence,Explosions/Remote violence,Shelling/artillery/missile attack,Military Forces of Israel (2022-),,8,Civilians (Palestine),,7,78,Civilian targeting,275,Middle East,Palestine,Gaza Strip,North Gaza,,Beit Lahiya,31.5541,34.5016,1,Palestine News and Information Agency,National,"On 11 November 2023, Israeli artillery struck houses and targets on the outskirts of the Indonesian Hospital and in Beit Lahiya (North Gaza, Gaza Strip). Casualties unknown.",0,,1753954979
PSE41063,11/11/2023,2023,1,Political violence,Explosions/Remote violence,Air/drone strike,Military Forces of Israel (2022-),,8,Civilians (Palestine),,7,78,Civilian targeting,275,Middle East,Palestine,Gaza Strip,North Gaza,,Beit Lahiya - Al Mashroo,31.5433,34.4998,1,Al-Ittihad; Newpress; Quds News Network; Twitter,New media-National,"On 11 November 2023, Israeli airplanes struck a house in Beit Lahiya - Al Mashroo (North Gaza, Gaza Strip). At least, 7 persons were killed, and dozens of Palestinians were injured.",7,,1753954979
PSE41046,11/11/2023,2023,1,Political violence,Explosions/Remote violence,Air/drone strike,Military Forces of Israel (2022-),,8,Civilians (Palestine),,7,78,Civilian targeting,275,Middle East,Palestine,Gaza Strip,Gaza City,,Gaza - Sabra,31.5086,34.4493,1,Ma'an News Agency; Palestine News and Information Agency,National,"On 11 November 2023, Israeli military airplanes struck a house in Gaza - Sabra (Gaza City, Gaza Strip). Dozens of Palestinians were killed and injured. An unspecified number of fatalities coded as 12.",12,,1759789988
PSE41036,11/11/2023,2023,1,Political violence,Explosions/Remote violence,Shelling/artillery/missile attack,Military Forces of Israel (2022-),,8,Civilians (Palestine),,7,78,Civilian targeting,275,Middle East,Palestine,Gaza Strip,Gaza City,,Gaza - Nasr,31.534,34.4574,1,Palestine News and Information Agency; Quds News Network,National,"On 11 November 2023, Israeli artillery struck targets and houses in Gaza - Nasr (Gaza City, Gaza Strip). Casualties unknown.",0,,1753954979
PSE41057,11/11/2023,2023,1,Political violence,Explosions/Remote violence,Air/drone strike,Military Forces of Israel (2022-),,8,Civilians (Palestine),,7,78,Civilian targeting,275,Middle East,Palestine,Gaza Strip,Khan Yunis,,Khan Yunis - Ash Sheikh Naser,31.3398,34.3116,1,Palestine News and Information Agency; Quds News Network,National,"On 11 November 2023, Israeli airplanes struck the Al Farra residential building in Khan Yunis - Ash Sheikh Naser (Khan Yunis, Gaza Strip). There were no casualties as the building was evacuated before the attack.",0,,1753954979
PSE41034,11/11/2023,2023,1,Political violence,Explosions/Remote violence,Air/drone strike,Military Forces of Israel (2022-),,8,Civilians (Palestine),Refugees/IDPs (Palestine),7,78,Civilian targeting,275,Middle East,Palestine,Gaza Strip,Gaza City,,Gaza - Ash Shati' Camp,31.5349,34.4466,1,Ma'an News Agency; Palestine News and Information Agency; Quds News Network,National,"On 11 November 2023, Israeli military airplanes struck targets and houses in Gaza - Ash Shati' Camp refugee camp (Gaza City, Gaza Strip) and fired white phosphorus bombs. Casualties unknown. HRW and other international organizations have accused Israel of using white phosphorous bombs.",0,,1759789988
PSE40773,11/11/2023,2023,1,Political violence,Explosions/Remote violence,Air/drone strike,Military Forces of Israel (2022-),,8,Civilians (Palestine),Health Workers (Palestine); Refugees/IDPs (Palestine); UN: United Nations,7,78,Civilian targeting,275,Middle East,Palestine,Gaza Strip,Gaza City,,Gaza - Nasr,31.534,34.4574,1,Al-Ittihad; Ma'an News Agency; Palestine News and Information Agency; Quds News Network; Twitter,New media-National,"On 11 November 2023, Israeli military airplanes struck the Mahdi Hospital in Gaza - Nasr (Gaza City, Gaza Strip). 2 doctors were killed and a number of displaced people were injured. Israeli military airplanes also struck targets and houses in Gaza - Nasr, including the UNDP office hosting displaced people. There were an unspecified number of fatalities. Unspecified number of fatalities coded as 3. Total fatalities coded as 5 (2 confirmed + 3 unspecified).",5,,1753954979
PSE41051,11/11/2023,2023,1,Political violence,Explosions/Remote violence,Shelling/artillery/missile attack,Military Forces of Israel (2022-),,8,Civilians (Palestine),Health Workers (Palestine),7,78,Civilian targeting,275,Middle East,Palestine,Gaza Strip,Gaza City,,Gaza - Tal el Hawa,31.5041,34.435,1,Palestine News and Information Agency,National,"On 11 November 2023, Israeli artillery struck Al Quds Hospital in Gaza - Tal el Hawa (Gaza City, Gaza Strip). Several persons were injured.",0,,1759789988
PSE41052,11/11/2023,2023,1,Political violence,Explosions/Remote violence,Air/drone strike,Military Forces of Israel (2022-),,8,Civilians (Palestine),,7,78,Civilian targeting,275,Middle East,Palestine,Gaza Strip,North Gaza,,Jabalya - Tel-Zaatar,31.5367,34.5035,1,Al-Ittihad; Ma'an News Agency; Newpress; Palestine News and Information Agency; Quds News Network; Twitter,New media-National,"On 11 November 2023, Israeli military airplanes struck a house in Jabalya - Tel-Zaatar (North Gaza, Gaza Strip). 9 persons were killed and several others were injured.",9,,1759789988
PSE41070,11/11/2023,2023,1,Political violence,Explosions/Remote violence,Air/drone strike,Military Forces of Israel (2022-),,8,Civilians (Palestine),,7,78,Civilian targeting,275,Middle East,Palestine,Gaza Strip,North Gaza,,Jabalya,31.5272,34.4835,1,Quds News Network,National,"On 11 November 2023, Israeli military airplanes carried out airstrikes against targets and houses in Jabalya (North Gaza, Gaza Strip). Casualties unknown.",0,,1759789988
PSE41072,11/11/2023,2023,1,Political violence,Explosions/Remote violence,Air/drone strike,Military Forces of Israel (2022-),,8,Civilians (Palestine),,7,78,Civilian targeting,275,Middle East,Palestine,Gaza Strip,Gaza City,,Gaza - Az Zaytun,31.4964,34.4522,1,Quds News Network,National,"On 11 November 2023, Israeli military airplanes struck a house in Gaza - Az Zaytun (Gaza City, Gaza Strip). Casualties unknown.",0,,1759789988
PSE41040,11/11/2023,2023,1,Political violence,Explosions/Remote violence,Air/drone strike,Military Forces of Israel (2022-),,8,Civilians (Palestine),Refugees/IDPs (Palestine),7,78,Civilian targeting,275,Middle East,Palestine,Gaza Strip,Rafah,,Rafah Camp,31.2847,34.2546,1,Ma'an News Agency; Palestine News and Information Agency; Quds News Network,National,"On 11 November 2023, Israeli airplanes struck a house in al-Shaboura refugee camp in Mukhayyam Rafah camp (Rafah, Gaza Strip). At least 4 persons were killed.",4,,1753954979
PSE41047,11/11/2023,2023,1,Political violence,Explosions/Remote violence,Air/drone strike,Military Forces of Israel (2022-),,8,Civilians (Palestine),,7,78,Civilian targeting,275,Middle East,Palestine,Gaza Strip,Rafah,,Rafah,31.287,34.2595,1,Ma'an News Agency; Newpress; Palestine News and Information Agency; Quds News Network; Twitter,New media-National,"On 11 November 2023, Israeli military airplanes struck a house in Rafah (Rafah, Gaza Strip). At least 13 persons were killed and dozens of Palestinians were killed and injured, including children and women.",13,,1762829569
PSE40970,11/12/2023,2023,1,Political violence,Violence against civilians,Attack,Military Forces of Israel (2022-),,8,Civilians (Palestine),Refugees/IDPs (Palestine),7,78,Civilian targeting,275,Middle East,Palestine,Gaza Strip,Gaza City,,Gaza - Northern Remal,31.524,34.4505,1,Newpress; Palestine News and Information Agency; Twitter,New media-National,"On 12 November 2023, Israeli military forces opened fire toward Al Shifa Hospital targeting 40 displaced people who attempted to leave hospital in Gaza - Northern Remal (Gaza City, Gaza Strip). Casualties unknown.",0,,1759789988
PSE41085,11/12/2023,2023,1,Political violence,Explosions/Remote violence,Shelling/artillery/missile attack,Military Forces of Israel (2022-),,8,Civilians (Palestine),Health Workers (Palestine),7,78,Civilian targeting,275,Middle East,Palestine,Gaza Strip,Gaza City,,Gaza - Northern Remal,31.524,34.4505,1,Palestine News and Information Agency,National,"On 12 November 2023, Israeli tanks shelled the Al Shifa Hospital in Gaza - Northern Remal (Gaza City, Gaza Strip) and targeted the old department of cardiology and the ICC unit inside the hospital complex. Several persons were injured.",0,,1759789988
PSE41093,11/12/2023,2023,1,Political violence,Explosions/Remote violence,Air/drone strike,Military Forces of Israel (2022-),,8,Civilians (Palestine),,7,78,Civilian targeting,275,Middle East,Palestine,Gaza Strip,Khan Yunis,,Bani Suheila,31.3424,34.325,2,Newpress; Palestine News and Information Agency; Quds News Network; Twitter,New media-National,"On 12 November 2023, Israeli military airplanes struck a house east of Khan Yunis (coded to Bani Suheila, Gaza Strip). 13 persons were killed and more than 20 others were injured.",13,,1753954979
PSE41094,11/12/2023,2023,1,Political violence,Explosions/Remote violence,Air/drone strike,Military Forces of Israel (2022-),,8,Civilians (Palestine),,7,78,Civilian targeting,275,Middle East,Palestine,Gaza Strip,Khan Yunis,,Bani Suheila,31.3424,34.325,1,Ma'an News Agency; Newpress; Palestine News and Information Agency; Quds News Network; Twitter,New media-National,"On 12 November 2023, Israeli military airplanes struck houses in Bani Suheila (Khan Yunis, Gaza Strip). At least 21 persons from Raqeb and Radwan family were killed.",21,,1753954979
PSE41095,11/12/2023,2023,1,Political violence,Explosions/Remote violence,Air/drone strike,Military Forces of Israel (2022-),,8,Civilians (Palestine),,7,78,Civilian targeting,275,Middle East,Palestine,Gaza Strip,Khan Yunis,,Khan Yunis - West (Municipal Stadium),31.3484,34.2961,2,Liveuamap; Ma'an News Agency; Newpress; Palestine News and Information Agency; Quds News Network; Twitter,Local partner-New media,"On 12 November 2023, Israeli military airplanes struck a house southeast of Khan Yunis city (coded to Khan Yunis - West (Municipal Stadium)). 2 persons were killed and several Palestinians were injured.",2,,1753954979
PSE41096,11/12/2023,2023,1,Political violence,Explosions/Remote violence,Air/drone strike,Military Forces of Israel (2022-),,8,Civilians (Palestine),,7,78,Civilian targeting,275,Middle East,Palestine,Gaza Strip,Khan Yunis,,Khan Yunis - Al Amal,31.3544,34.3007,1,Ma'an News Agency; Palestine News and Information Agency; Quds News Network,National,"On 12 November 2023, Israeli military airplanes struck a house in Khan Yunis - Al Amal (Khan Yunis, Gaza Strip). At least one person was killed.",1,,1753954979
PSE41097,11/12/2023,2023,1,Political violence,Explosions/Remote violence,Air/drone strike,Military Forces of Israel (2022-),,8,Civilians (Palestine),,7,78,Civilian targeting,275,Middle East,Palestine,Gaza Strip,Khan Yunis,,Al Qararah,31.3739,34.3409,1,Ma'an News Agency; Palestine News and Information Agency; Quds News Network,National,"On 12 November 2023, Israeli military airplanes struck a house in Al Qararah (Khan Yunis, Gaza Strip). Several persons were injured.",0,,1753954979
PSE41117,11/12/2023,2023,1,Political violence,Explosions/Remote violence,Air/drone strike,Military Forces of Israel (2022-),,8,Civilians (Palestine),,7,78,Civilian targeting,275,Middle East,Palestine,Gaza Strip,Gaza City,,Gaza - Ad Darraj,31.5172,34.4642,1,Al Ghad (Jordan); Quds News Network,National-Regional,"On 12 November 2023, Israeli military airplanes struck a house in Gaza - Ad Darraj (Gaza City, Gaza Strip). An unspecified number of fatalities coded as 3.",3,,1759789988
PSE41092,11/12/2023,2023,1,Political violence,Explosions/Remote violence,Air/drone strike,Military Forces of Israel (2022-),,8,Civilians (Palestine),,7,78,Civilian targeting,275,Middle East,Palestine,Gaza Strip,Deir El Balah,,Deir al Balah,31.4178,34.3503,1,Al-Ittihad; Newpress; Palestine News and Information Agency; Quds News Network; Twitter,New media-National,"On 12 November 2023, Israeli military airplanes struck a house in Deir al Balah (Deir El Balah, Gaza Strip). At least 4 persons were killed and dozens of Palestinians were injured.",4,,1753954979
PSE41141,11/12/2023,2023,1,Political violence,Explosions/Remote violence,Air/drone strike,Military Forces of Israel (2022-),,8,Civilians (Palestine),UNRWA: United Nations Relief and Works Agency,7,78,Civilian targeting,275,Middle East,Palestine,Gaza Strip,North Gaza,,Beit Lahiya,31.5541,34.5016,1,Quds News Network,National,"On 12 November 2023, Israeli military airplanes struck a UNRWA school in Beit Lahiya (North Gaza, Gaza Strip) where displaced Palestinians were taking shelter. Also, airplanes struck targets on the outskirts of the Indonesian hospital in the area. Casualties unknown.",0,,1753954979
PSE41091,11/12/2023,2023,1,Political violence,Explosions/Remote violence,Air/drone strike,Military Forces of Israel (2022-),,8,Civilians (Palestine),,7,78,Civilian targeting,275,Middle East,Palestine,Gaza Strip,Gaza City,,Gaza - Sabra,31.5086,34.4493,1,Newpress; Palestine News and Information Agency; Quds News Network; Twitter,New media-National,"On 12 November 2023, Israeli military airplanes struck a house and a Mosque in Gaza - Sabra (Gaza City, Gaza Strip). 4 persons from Hamdan family were killed and dozens of Palestinians were injured.",4,,1759789988
PSE41115,11/12/2023,2023,1,Political violence,Explosions/Remote violence,Air/drone strike,Military Forces of Israel (2022-),,8,Civilians (Palestine),,7,78,Civilian targeting,275,Middle East,Palestine,Gaza Strip,Rafah,,Tal as Sultan,31.3098,34.2414,2,Quds News Network,National,"On 12 November 2023, Israeli military airplanes struck a group of civilians west of Rafah (coded to Tal as Sultan, Gaza Strip). 2 persons were killed.",2,,1762829569
PSE41054,11/12/2023,2023,1,Political violence,Explosions/Remote violence,Air/drone strike,Military Forces of Israel (2022-),,8,Civilians (Palestine),Journalists (Palestine); Refugees/IDPs (Palestine),7,78,Civilian targeting,275,Middle East,Palestine,Gaza Strip,North Gaza,,Jabalya Camp,31.536,34.4907,1,BBC News; Committee to Protect Journalists; Guardian (United Kingdom); Ma'an News Agency; Palestine News and Information Agency; Quds News Network,Other-National,"On 12 November 2023, Israeli military airplanes struck houses in al-Tawbeh area and Mukhayyam Jabalya camp (North Gaza, Gaza Strip). At least 19 persons were killed, including a journalist. The journalist ='s brother, who is also a journalist, succumbed to his wounds the next day, raising journalist fatalities to 2.",19,,1757975700
PSE40974,11/12/2023,2023,1,Political violence,Violence against civilians,Attack,Military Forces of Israel (2022-),,8,Civilians (Palestine),,7,78,Civilian targeting,275,Middle East,Palestine,Gaza Strip,Gaza City,,Gaza - Nezarim,31.484,34.4056,2,Newpress; Quds News Network; Twitter,New media-National,"On 12 November 2023, Israeli military forces opened fire toward displaced Palestinians in Salah al-Din street near Gaza - Nezarim (Gaza City, Gaza Strip). Several persons were injured.",0,,1753954979
PSE41111,11/12/2023,2023,1,Political violence,Explosions/Remote violence,Air/drone strike,Military Forces of Israel (2022-),,8,Civilians (Palestine),,7,78,Civilian targeting,275,Middle East,Palestine,Gaza Strip,North Gaza,,Jabalya,31.5272,34.4835,1,Quds News Network,National,"On 12 November 2023, Israeli military airplanes struck a house in Jabalya town (North Gaza, Gaza Strip). Casualties unknown.",0,,1759789988
PSE41135,11/13/2023,2023,1,Political violence,Explosions/Remote violence,Air/drone strike,Military Forces of Israel (2022-),,8,Civilians (Palestine),,7,78,Civilian targeting,275,Middle East,Palestine,Gaza Strip,Gaza City,,Gaza - Ad Darraj,31.5172,34.4642,1,Newpress; Palestine News and Information Agency; Quds News Network; Twitter,New media-National,"On 13 November 2023, Israeli military airplanes struck targets including houses in Gaza - Ad Darraj (Gaza City, Gaza Strip). Dozens of Palestinians were killed and injured. An unspecified number of fatalities coded as 12.",12,,1759789988
PSE41137,11/13/2023,2023,1,Political violence,Explosions/Remote violence,Air/drone strike,Military Forces of Israel (2022-),,8,Civilians (Palestine),,7,78,Civilian targeting,275,Middle East,Palestine,Gaza Strip,Khan Yunis,,Bani Suheila,31.3424,34.325,1,Newpress; Palestine News and Information Agency; Quds News Network; Twitter,New media-National,"On 13 November 2023, Israeli military airplanes struck targets including houses in Bani Suheila (Khan Yunis, Gaza Strip). At least 14 persons from Barakeh and al-Shafai families were killed and several Palestinians were injured.",14,,1753954979
PSE41138,11/13/2023,2023,1,Political violence,Explosions/Remote violence,Air/drone strike,Military Forces of Israel (2022-),,8,Civilians (Palestine),,7,78,Civilian targeting,275,Middle East,Palestine,Gaza Strip,Khan Yunis,,Khan Yunis - As Sater,31.3637,34.3228,1,Newpress; Palestine News and Information Agency; Quds News Network; Twitter,New media-National,"On 13 November 2023, Israeli military airplanes struck targets including houses in Khan Yunis - As Sater (Khan Yunis, Gaza Strip). 5 persons were injured.",0,,1753954979
PSE41142,11/13/2023,2023,1,Political violence,Explosions/Remote violence,Air/drone strike,Military Forces of Israel (2022-),,8,Civilians (Palestine),,7,78,Civilian targeting,275,Middle East,Palestine,Gaza Strip,Khan Yunis,,Khan Yunis,31.3502,34.3081,1,Newpress; Palestine News and Information Agency; Twitter,New media-National,"On 13 November 2023, Israeli airplanes struck a house in Jouret al-Aqada in Khan Yunis (Khan Yunis, Gaza Strip). One person was killed and several Palestinians were injured.",1,,1753954979
PSE41155,11/13/2023,2023,1,Political violence,Explosions/Remote violence,Air/drone strike,Military Forces of Israel (2022-),,8,Civilians (Palestine),,7,78,Civilian targeting,275,Middle East,Palestine,Gaza Strip,Gaza City,,Gaza - Sheikh Radwan,31.5349,34.4667,1,Quds News Network; Twitter,New media-National,"On 13 November 2023, Israeli military airplanes struck a house in Gaza - Sheikh Radwan (Gaza City, Gaza Strip). Casualties unknown.",0,,1759789988
PSE41056,11/13/2023,2023,1,Political violence,Explosions/Remote violence,Air/drone strike,Military Forces of Israel (2022-),,8,Civilians (Palestine),Refugees/IDPs (Palestine),7,78,Civilian targeting,275,Middle East,Palestine,Gaza Strip,Deir El Balah,,An Nusayrat,31.4486,34.3925,1,Newpress; Palestine News and Information Agency; Quds News Network; Twitter,New media-National,"On 13 November 2023, Israeli airplanes struck houses in An Nusayrat refugee camp (Deir El Balah, Gaza Strip). At least 9 persons were killed and dozens of Palestinians were injured.",9,,1753954979
PSE41061,11/13/2023,2023,1,Political violence,Explosions/Remote violence,Air/drone strike,Military Forces of Israel (2022-),,8,Civilians (Palestine),Refugees/IDPs (Palestine),7,78,Civilian targeting,275,Middle East,Palestine,Gaza Strip,Deir El Balah,,Al Burayj,31.4394,34.4031,1,Quds News Network; Twitter,New media-National,"On 13 November 2023, Israeli military airplanes struck a house in Al Burayj refugee camp (Deir El Balah, Gaza Strip). Casualties unknown.",0,,1753954979
PSE41143,11/13/2023,2023,1,Political violence,Explosions/Remote violence,Air/drone strike,Military Forces of Israel (2022-),,8,Civilians (Palestine),,7,78,Civilian targeting,275,Middle East,Palestine,Gaza Strip,Deir El Balah,,Deir al Balah,31.4178,34.3503,1,Palestine News and Information Agency,National,"On 13 November 2023, Israeli airplanes struck a house in Deir al Balah (Deir El Balah, Gaza Strip). An unspecified number of fatalities coded as 3.",3,,1753954979
PSE41152,11/13/2023,2023,1,Political violence,Explosions/Remote violence,Air/drone strike,Military Forces of Israel (2022-),,8,Civilians (Palestine),,7,78,Civilian targeting,275,Middle East,Palestine,Gaza Strip,Deir El Balah,,An Nusayrat - North,31.4591,34.3923,1,Quds News Network; Twitter,New media-National,"On 13 November 2023, Israeli airplanes struck a house in Al Mafi area north of An Nusayrat (An Nusayrat - North, Deir El Balah, Gaza Strip). Casualties unknown.",0,,1753954979
PSE40777,11/13/2023,2023,1,Political violence,Explosions/Remote violence,Air/drone strike,Military Forces of Israel (2022-),,8,Civilians (Palestine),Journalists (Palestine),7,78,Civilian targeting,275,Middle East,Palestine,Gaza Strip,North Gaza,,Beit Lahiya,31.5541,34.5016,1,Newpress; Quds News Network; Twitter,New media-National,"On 13 November 2023, Israeli military airplanes struck targets including Journalists on the outskirts of the Indonesian Hospital in Beit Lahiya (North Gaza, Gaza Strip). Casualties unknown.",0,,1753954979
PSE41156,11/13/2023,2023,1,Political violence,Explosions/Remote violence,Air/drone strike,Military Forces of Israel (2022-),,8,Civilians (Palestine),,7,78,Civilian targeting,275,Middle East,Palestine,Gaza Strip,North Gaza,,Beit Lahiya - Al Mashroo,31.5433,34.4998,1,Quds News Network; Twitter,New media-National,"On 13 November 2023, Israeli military airplanes struck a house in Beit Lahiya - Al Mashroo (North Gaza, Gaza Strip). One Palestinian was killed.",1,,1753954979
PSE41134,11/13/2023,2023,1,Political violence,Explosions/Remote violence,Air/drone strike,Military Forces of Israel (2022-),,8,Civilians (Palestine),,7,78,Civilian targeting,275,Middle East,Palestine,Gaza Strip,Gaza City,,Gaza - Sabra,31.5086,34.4493,1,Palestine News and Information Agency; Quds News Network; Twitter,New media-National,"On 13 November 2023, Israeli military airplanes struck targets including houses in Gaza - Sabra (Gaza City, Gaza Strip). Dozens of Palestinians were killed and injured. An unspecified number of fatalities coded as 12.",12,,1759789988
PSE41129,11/13/2023,2023,1,Political violence,Explosions/Remote violence,Air/drone strike,Military Forces of Israel (2022-),,8,Civilians (Palestine),,7,78,Civilian targeting,275,Middle East,Palestine,Gaza Strip,Gaza City,,Gaza - Southern Remal,31.5168,34.4355,1,Government Media Office; Palestine News and Information Agency; Quds News Network; Twitter,Other-New media,"On 13 November 2023, Israeli military airplanes struck targets including houses in Gaza - Southern Remal (Gaza City, Gaza Strip). Several Palestinians were killed and injured. Unspecified number of fatalities coded as 3.",3,,1759789988
PSE41098,11/13/2023,2023,1,Political violence,Explosions/Remote violence,Air/drone strike,Military Forces of Israel (2022-),,8,Civilians (Palestine),Refugees/IDPs (Palestine); UNRWA: United Nations Relief and Works Agency,7,78,Civilian targeting,275,Middle East,Palestine,Gaza Strip,North Gaza,,Jabalya Camp,31.536,34.4907,1,Newpress; Palestine News and Information Agency; Quds News Network; Twitter,New media-National,"On 13 November 2023, Israeli airplanes struck an UNRWA school and 12 houses in Mukhayyam Jabalya camp (North Gaza, Gaza Strip), hosting displaced Palestinians. At least 31 persons were killed and dozens of Palestinians were injured.",31,,1753954979
PSE41055,11/13/2023,2023,1,Political violence,Explosions/Remote violence,Air/drone strike,Military Forces of Israel (2022-),,8,Civilians (Palestine),Refugees/IDPs (Palestine),7,78,Civilian targeting,275,Middle East,Palestine,Gaza Strip,Gaza City,,Gaza - Ash Shati' Camp,31.5349,34.4466,1,Palestine News and Information Agency,National,"On 13 November 2023, Israeli military airplanes struck targets including houses in Gaza - Ash Shati' Camp (Gaza City, Gaza Strip). Dozens of Palestinians were killed and injured. An unspecified number of fatalities coded as 12.",12,,1759789988
PSE41132,11/13/2023,2023,1,Political violence,Explosions/Remote violence,Air/drone strike,Military Forces of Israel (2022-),,8,Civilians (Palestine),,7,78,Civilian targeting,275,Middle East,Palestine,Gaza Strip,Gaza City,,Gaza - Ash Shaykh Ijlin,31.5098,34.4274,1,Palestine News and Information Agency,National,"On 13 November 2023, Israeli military airplanes struck targets including houses in Gaza - Ash Shaykh Ijlin (Gaza City, Gaza Strip). Casualties unknown.",0,,1753954979
PSE41130,11/13/2023,2023,1,Political violence,Explosions/Remote violence,Air/drone strike,Military Forces of Israel (2022-),,8,Civilians (Palestine),,7,78,Civilian targeting,275,Middle East,Palestine,Gaza Strip,Gaza City,,Gaza - Tal el Hawa,31.5041,34.435,1,Newpress; Palestine News and Information Agency; Quds News Network; Twitter,New media-National,"On 13 November 2023, Israeli military airplanes struck targets including houses in Gaza - Tal el Hawa (Gaza City, Gaza Strip). Also, airplanes fired white phosphorus bombs on the outskirts of Al Quds Hospital. Casualties unknown. HRW and other international organizations have accused Israel of using white phosphorous bombs.",0,,1759789988
PSE41136,11/13/2023,2023,1,Political violence,Explosions/Remote violence,Air/drone strike,Military Forces of Israel (2022-),,8,Civilians (Palestine),,7,78,Civilian targeting,275,Middle East,Palestine,Gaza Strip,Gaza City,,Gaza - Az Zaytun,31.4964,34.4522,1,Palestine News and Information Agency,National,"On 13 November 2023, Israeli military airplanes struck targets including houses in Gaza - Az Zaytun (Gaza City, Gaza Strip). Dozens of Palestinians were killed and injured. An unspecified number of fatalities coded as 12.",12,,1759789988
PSE41157,11/13/2023,2023,1,Political violence,Explosions/Remote violence,Air/drone strike,Military Forces of Israel (2022-),,8,Civilians (Palestine),,7,78,Civilian targeting,275,Middle East,Palestine,Gaza Strip,North Gaza,,Jabalya,31.5272,34.4835,1,Quds News Network; Twitter,New media-National,"On 13 November 2023, Israeli military airplanes struck the Al Huda building in Jabalya (North Gaza, Gaza Strip). One Palestinian was killed and several others were injured.",1,,1759789988
PSE40714,11/14/2023,2023,1,Political violence,Explosions/Remote violence,Air/drone strike,Military Forces of Israel (2022-),,8,Civilians (Palestine),,7,78,Civilian targeting,275,Middle East,Palestine,Gaza Strip,Khan Yunis,,Khan Yunis - As Sater,31.3637,34.3228,1,Newpress; Palestine News and Information Agency; Quds News Network; Twitter,New media-National,"On 14 November 2023, Israeli military airplanes struck houses in As Sater Ash Sharqi in Khan Yunis - As Sater (Khan Yunis, Gaza Strip). At least 13 Palestinians, most of them children, were killed.",13,,1753954979
PSE40718,11/14/2023,2023,1,Political violence,Explosions/Remote violence,Air/drone strike,Military Forces of Israel (2022-),,8,Civilians (Palestine),,7,78,Civilian targeting,275,Middle East,Palestine,Gaza Strip,Khan Yunis,,Khan Yunis - West (Municipal Stadium),31.3484,34.2961,1,Palestine News and Information Agency,National,"On 14 November 2023, Israeli military airplanes struck a house west of Al Farouq mosque in Khan Yunis - West (Municipal Stadium) (Khan Yunis, Gaza Strip). Casualties unknown.",0,,1753954979
PSE40720,11/14/2023,2023,1,Political violence,Explosions/Remote violence,Air/drone strike,Military Forces of Israel (2022-),,8,Civilians (Palestine),Health Workers (Palestine),7,78,Civilian targeting,275,Middle East,Palestine,Gaza Strip,Gaza City,,Gaza - Northern Remal,31.524,34.4505,1,Newpress; Palestine News and Information Agency; Quds News Network; Twitter,New media-National,"On 14 November 2023, Israeli military airplanes carried out airstrikes on the outskirts of Al Shifa Hospital and in Gaza - Northern Remal (Gaza City, Gaza Strip). Also, airstrikes targeted the outpatient clinic of Al Shifa Hospital. Israeli forces also shelled and shot fire at the hospital. Dozens of Palestinian civilians were killed. Unspecified number of fatalities coded as 12.",12,,1759789988
PSE40721,11/14/2023,2023,1,Political violence,Explosions/Remote violence,Air/drone strike,Military Forces of Israel (2022-),,8,Civilians (Palestine),,7,78,Civilian targeting,275,Middle East,Palestine,Gaza Strip,Gaza City,,Gaza,31.5045,34.4743,1,Palestine News and Information Agency,National,"On 14 November 2023, Israeli military airplanes struck a house in Gaza (Gaza City, Gaza Strip), killing one person and injured several Palestinians.",1,,1759789988
PSE40747,11/14/2023,2023,1,Political violence,Explosions/Remote violence,Air/drone strike,Military Forces of Israel (2022-),,8,Civilians (Palestine),,7,78,Civilian targeting,275,Middle East,Palestine,Gaza Strip,Khan Yunis,,Al Qararah,31.3739,34.3409,1,Palestine Information Center; Quds News Network; Twitter,Other-New media,"On 14 November 2023, Israeli military airplanes struck a house on the outskirts of Al Qararah school (Khan Yunis, Gaza Strip). 9 persons were injured.",0,,1753954979
PSE40748,11/14/2023,2023,1,Political violence,Explosions/Remote violence,Air/drone strike,Military Forces of Israel (2022-),,8,Civilians (Palestine),,7,78,Civilian targeting,275,Middle East,Palestine,Gaza Strip,Khan Yunis,,Al Fukhari,31.2952,34.3332,1,Palestine Information Center,Other,"On 14 November 2023, Israeli military airplanes struck a house in Al Fukhari (Khan Yunis, Gaza Strip). Casualties unknown.",0,,1753954979
PSE40749,11/14/2023,2023,1,Political violence,Explosions/Remote violence,Air/drone strike,Military Forces of Israel (2022-),,8,Civilians (Palestine),,7,78,Civilian targeting,275,Middle East,Palestine,Gaza Strip,Gaza City,,Gaza - At Tuffah,31.5134,34.4751,1,Palestine Information Center,Other,"On 14 November 2023, Israeli military airplanes struck a house in Gaza - At Tuffah (Gaza City, Gaza Strip). Casualties unknown.",0,,1759789988
PSE41145,11/14/2023,2023,1,Political violence,Explosions/Remote violence,Air/drone strike,Military Forces of Israel (2022-),,8,Civilians (Palestine),,7,78,Civilian targeting,275,Middle East,Palestine,Gaza Strip,Khan Yunis,,Khan Yunis - Al Amal,31.3544,34.3007,1,Newpress; Palestine News and Information Agency; Quds News Network; Twitter,New media-National,"On 14 November 2023, Israeli military airplanes struck 2 house in Khan Yunis - Al Amal (Khan Yunis, Gaza Strip). In total, 5 persons were killed, including women and children, and several Palestinians were injured.",5,,1753954979
PSE40719,11/14/2023,2023,1,Political violence,Explosions/Remote violence,Air/drone strike,Military Forces of Israel (2022-),,8,Civilians (Palestine),,7,78,Civilian targeting,275,Middle East,Palestine,Gaza Strip,Deir El Balah,,Deir al Balah,31.4178,34.3503,1,Newpress; Palestine News and Information Agency; Quds News Network; Twitter,New media-National,"On 14 November 2023, Israeli military airplanes struck a house and targets in Deir al Balah (Deir El Balah, Gaza Strip), resulting in 3 fatalities and dozens of Palestinians sustaining injuries.",3,,1753954979
PSE40735,11/14/2023,2023,1,Political violence,Explosions/Remote violence,Air/drone strike,Military Forces of Israel (2022-),,8,Civilians (Palestine),,7,78,Civilian targeting,275,Middle East,Palestine,Gaza Strip,Deir El Balah,,An Nusayrat - South,31.4389,34.3815,1,Newpress; Twitter,New media-National,"On 14 November 2023, Israeli military airplanes struck a house south of An Nusayrat (An Nusayrat - South, Deir El Balah, Gaza Strip). One person was killed and several others were injured.",1,,1753954979
PSE40731,11/14/2023,2023,1,Political violence,Explosions/Remote violence,Shelling/artillery/missile attack,Military Forces of Israel (2022-),,8,Civilians (Palestine),,7,78,Civilian targeting,275,Middle East,Palestine,Gaza Strip,Gaza City,,Gaza - Sheikh Radwan,31.5349,34.4667,1,Government Media Office; Newpress; Quds News Network; Twitter,Other-New media,"On 14 November 2023, Israeli artillery struck targets in Gaza - Sheikh Radwan (Gaza City, Gaza Strip), resulting in an unspecified number of fatalities. Unspecified number of fatalities coded as 3.",3,,1759789988
PSE40741,11/14/2023,2023,1,Political violence,Explosions/Remote violence,Air/drone strike,Military Forces of Israel (2022-),,8,Civilians (Palestine),,7,78,Civilian targeting,275,Middle East,Palestine,Gaza Strip,Gaza City,,Gaza - Sheikh Radwan,31.5349,34.4667,1,Government Media Office; Quds News Network; Twitter,Other-New media,"On 14 November 2023, Israeli military airplanes struck a house and a school in Gaza - Sheikh Radwan (Gaza City, Gaza Strip), resulting in an unspecified number of fatalities. Unspecified number of fatalities coded as 3.",3,,1759789988
PSE40742,11/14/2023,2023,1,Political violence,Explosions/Remote violence,Air/drone strike,Military Forces of Israel (2022-),,8,Civilians (Palestine),,7,78,Civilian targeting,275,Middle East,Palestine,Gaza Strip,North Gaza,,Jabalya Camp,31.536,34.4907,2,Quds News Network; Twitter,New media-National,"On 14 November 2023, Israeli military airplanes struck a house east of Mukhayyam Jabalya camp (North Gaza, Gaza Strip). 6 Palestinians were killed and several others were injured.",6,,1753954979
PSE40809,11/14/2023,2023,1,Political violence,Explosions/Remote violence,Air/drone strike,Military Forces of Israel (2022-),,8,Civilians (Palestine),Refugees/IDPs (Palestine),7,78,Civilian targeting,275,Middle East,Palestine,Gaza Strip,North Gaza,,Jabalya Camp,31.536,34.4907,1,Newpress; Quds News Network; Twitter,New media-National,"On 14 November 2023, Israeli military airplanes struck a house in Mukhayyam Jabalya camp (North Gaza, Gaza Strip). Several Palestinians were injured.",0,,1753954979
PSE40732,11/14/2023,2023,1,Political violence,Explosions/Remote violence,Air/drone strike,Military Forces of Israel (2022-),,8,Civilians (Palestine),,7,78,Civilian targeting,275,Middle East,Palestine,Gaza Strip,Gaza City,,Al Mughraqa,31.4675,34.4097,1,Newpress; Quds News Network; Twitter,New media-National,"On 14 November 2023, Israeli military airplanes struck targets in Al Mughraqa (Gaza City, Gaza Strip). 7 Palestinians were injured.",0,,1753954979
PSE40713,11/14/2023,2023,1,Political violence,Explosions/Remote violence,Air/drone strike,Military Forces of Israel (2022-),,8,Civilians (Palestine),,7,78,Civilian targeting,275,Middle East,Palestine,Gaza Strip,North Gaza,,Jabalya,31.5272,34.4835,1,Newpress; Palestine News and Information Agency; Quds News Network; Twitter,New media-National,"On 14 November 2023, Israeli military airplanes struck a house near al-Fakhourah school and another house in al-Saftawi area in Jabalya town (North Gaza, Gaza Strip). 19 civilians, including 6 women were killed, and several Palestinians were injured.",19,,1759789988
PSE40716,11/14/2023,2023,1,Political violence,Explosions/Remote violence,Air/drone strike,Military Forces of Israel (2022-),,8,Civilians (Palestine),,7,78,Civilian targeting,275,Middle East,Palestine,Gaza Strip,Gaza City,,Gaza - Az Zaytun,31.4964,34.4522,1,Newpress; Palestine News and Information Agency; Quds News Network; Twitter,New media-National,"On 14 November 2023, Israeli military airplanes struck a residential building, a mosque, houses and other targets in Gaza - Az Zaytun (Gaza City, Gaza Strip). Dozens of Palestinian civilians were killed. Fatalities coded as 12.",12,,1759789988
PSE41112,11/14/2023,2023,1,Political violence,Explosions/Remote violence,Air/drone strike,Military Forces of Israel (2022-),,8,Civilians (Palestine),Refugees/IDPs (Palestine),7,78,Civilian targeting,275,Middle East,Palestine,Gaza Strip,Rafah,,Rafah,31.287,34.2595,1,Newpress; Palestine News and Information Agency; Quds News Network; Twitter,New media-National,"On 14 November 2023, Israeli military airplanes struck a house in Bshit refugee camp in Rafah (Rafah, Gaza Strip), killing a woman and injuring several Palestinians.",1,,1762829569
PSE40765,11/15/2023,2023,1,Political violence,Explosions/Remote violence,Air/drone strike,Military Forces of Israel (2022-),,8,Civilians (Palestine),,7,78,Civilian targeting,275,Middle East,Palestine,Gaza Strip,Gaza City,,Gaza - Sheikh Radwan,31.5349,34.4667,1,Palestine News and Information Agency; Quds News Network; Twitter,New media-National,"On 15 November 2023, Israeli military airplanes struck houses in Gaza - Sheikh Radwan (Gaza City, Gaza Strip), killing 25 Palestinians, mostly women and children. Israeli airplanes also struck Al Taqwa mosque Gaza - Sheikh Radwan on the same day. Casualties unknown.",25,,1759789988
PSE40766,11/15/2023,2023,1,Political violence,Explosions/Remote violence,Air/drone strike,Military Forces of Israel (2022-),,8,Civilians (Palestine),Health Workers (Palestine),7,78,Civilian targeting,275,Middle East,Palestine,Gaza Strip,Gaza City,,Gaza - Northern Remal,31.524,34.4505,1,Newpress; Palestine News and Information Agency; Quds News Network; Twitter,New media-National,"On 15 November 2023, Israeli military airplanes carried out airstrikes on the outskirts of Al Shifa Hospital and struck the Naser Hospital in Gaza - Northern Remal (Gaza City, Gaza Strip), causing injuries. Meanwhile, Israeli artillery struck targets in Al Shifa Hospital and its outskirts and opened fire inside the hospital complex, where Palestinian militants were not present. Casualties unknown.",0,,1759789988
PSE40768,11/15/2023,2023,1,Political violence,Explosions/Remote violence,Air/drone strike,Military Forces of Israel (2022-),,8,Civilians (Palestine),,7,78,Civilian targeting,275,Middle East,Palestine,Gaza Strip,Khan Yunis,,Al Qararah,31.3739,34.3409,1,Ma'an News Agency; Newpress; Palestine News and Information Agency; Quds News Network; Twitter,New media-National,"On 15 November 2023, Israeli military airplanes struck a house in Al Qararah (Khan Yunis, Gaza Strip) killing 6 persons, including 5 children, and injuring dozens of Palestinians.",6,,1753954979
PSE40780,11/15/2023,2023,1,Political violence,Explosions/Remote violence,Air/drone strike,Military Forces of Israel (2022-),,8,Civilians (Palestine),,7,78,Civilian targeting,275,Middle East,Palestine,Gaza Strip,Khan Yunis,,Khan Yunis,31.3502,34.3081,1,Palestine News and Information Agency,National,"On 15 November 2023, Israeli military airplanes struck communication towers in Khan Yunis city (Khan Yunis, Gaza Strip), killing a girl.",1,,1753954979
PSE40790,11/15/2023,2023,1,Political violence,Explosions/Remote violence,Air/drone strike,Military Forces of Israel (2022-),,8,Civilians (Palestine),,7,78,Civilian targeting,275,Middle East,Palestine,Gaza Strip,Khan Yunis,,Khan Yunis - Maen,31.336,34.3172,2,Quds News Network; Twitter,New media-National,"On 15 November 2023, Israeli military airplanes struck a house southeast of Khan Yunis city (coded to Khan Yunis - Maen area) (Khan Yunis, Gaza Strip). Several persons were injured.",0,,1753954979
PSE40794,11/15/2023,2023,1,Political violence,Explosions/Remote violence,Air/drone strike,Military Forces of Israel (2022-),,8,Civilians (Palestine),,7,78,Civilian targeting,275,Middle East,Palestine,Gaza Strip,Khan Yunis,,Bani Suheila,31.3424,34.325,1,Quds News Network; Twitter,New media-National,"On 15 November 2023, Israeli military airplanes struck the Headquarters of the Islamic Charity in Bani Suheila (Khan Yunis, Gaza Strip). Several persons were injured.",0,,1753954979
PSE40796,11/15/2023,2023,1,Political violence,Explosions/Remote violence,Air/drone strike,Military Forces of Israel (2022-),,8,Civilians (Palestine),,7,78,Civilian targeting,275,Middle East,Palestine,Gaza Strip,Khan Yunis,,Khan Yunis - Al Amal,31.3544,34.3007,1,Quds News Network; Twitter,New media-National,"On 15 November 2023, Israeli military airplanes struck a house in Khan Yunis - Al Amal (Khan Yunis, Gaza Strip), killing a person and injuring several Palestinians.",1,,1753954979
PSE40823,11/15/2023,2023,1,Political violence,Explosions/Remote violence,Air/drone strike,Military Forces of Israel (2022-),,8,Civilians (Palestine),Refugees/IDPs (Palestine),7,78,Civilian targeting,275,Middle East,Palestine,Gaza Strip,Khan Yunis,,Khan Yunis - West (Municipal Stadium),31.3484,34.2961,2,Ma'an News Agency; Palestine News and Information Agency; Quds News Network; Twitter,New media-National,"On 15 November 2023, Israeli airplanes struck a house in Khan Yunis refugee camp, west of Khan Yunis - West (Municipal Stadium) in Gaza Strip, killing 2 persons, including a girl, and injuring several Palestinians.",2,,1753954979
PSE40756,11/15/2023,2023,1,Political violence,Explosions/Remote violence,Shelling/artillery/missile attack,Military Forces of Israel (2022-),,8,Civilians (Palestine),,7,78,Civilian targeting,275,Middle East,Palestine,Gaza Strip,Deir El Balah,,Deir al Balah,31.4178,34.3503,2,PLO Negotiations Affairs Department; Quds News Network; Twitter,Other-New media,"On 15 November 2023, Israeli artillery struck targets east of Deir El Balah (Deir al Balah, Gaza Strip), killing a Palestinian, and injuring several others.",1,,1753954979
PSE40781,11/15/2023,2023,1,Political violence,Explosions/Remote violence,Air/drone strike,Military Forces of Israel (2022-),,8,Civilians (Palestine),,7,78,Civilian targeting,275,Middle East,Palestine,Gaza Strip,Deir El Balah,,Deir al Balah,31.4178,34.3503,1,Newpress; Twitter,New media-National,"On 15 November 2023, Israeli military airplanes struck houses in Deir al Balah city (Deir El Balah, Gaza Strip). Casualties unknown.",0,,1753954979
PSE40819,11/15/2023,2023,1,Political violence,Explosions/Remote violence,Air/drone strike,Military Forces of Israel (2022-),,8,Civilians (Palestine),Refugees/IDPs (Palestine),7,78,Civilian targeting,275,Middle East,Palestine,Gaza Strip,Deir El Balah,,An Nusayrat,31.4486,34.3925,1,Palestine News and Information Agency; Quds News Network; Twitter,New media-National,"On 15 November 2023, Israeli airplanes struck houses, buildings, including al-Salihi towers, and Al-Malysiya school in An Nusayrat refugee camp (Deir El Balah, Gaza Strip), killing at least 6 Palestinians and injuring dozens. Also, at least 20 more persons were killed in strikes targeting several houses and building, raising the total number of fatalities to at least 26.",26,,1753954979
PSE40831,11/15/2023,2023,1,Political violence,Explosions/Remote violence,Air/drone strike,Military Forces of Israel (2022-),,8,Civilians (Palestine),Refugees/IDPs (Palestine),7,78,Civilian targeting,275,Middle East,Palestine,Gaza Strip,Deir El Balah,,Al Burayj,31.4394,34.4031,1,Liveuamap; Palestine News and Information Agency; Quds News Network; Twitter,Local partner-New media,"On 15 November 2023, Israeli military airplanes struck a house in Al Burayj refugee camp (Deir El Balah, Gaza Strip), killing 2 persons.",2,,1753954979
PSE40776,11/15/2023,2023,1,Political violence,Explosions/Remote violence,Air/drone strike,Military Forces of Israel (2022-),,8,Civilians (Palestine),,7,78,Civilian targeting,275,Middle East,Palestine,Gaza Strip,North Gaza,,Beit Lahiya,31.5541,34.5016,1,Newpress; Palestine News and Information Agency; Quds News Network; Twitter,New media-National,"On 15 November 2023, Israeli airplanes struck houses and targets in Beit Lahiya and on the outskirts of the Indonesian Hospital (North Gaza, Gaza Strip). In addition, airplanes fired white phosphorus bombs at residential buildings. Casualties unknown. HRW and other international organizations have accused Israel of using white phosphorous bombs.",0,,1753954979
PSE40730,11/15/2023,2023,1,Political violence,Explosions/Remote violence,Air/drone strike,Military Forces of Israel (2022-),,8,Civilians (Palestine),Health Workers (Palestine),7,78,Civilian targeting,275,Middle East,Palestine,Gaza Strip,Gaza City,,Gaza - Nasr,31.534,34.4574,1,Newpress; Palestine News and Information Agency; Quds News Network; Twitter,New media-National,"On 15 November 2023, Israeli military airplanes struck Al Mahdi Hospital and Al Quds Open University in Gaza - Nasr (Gaza City, Gaza Strip), killing 2 doctors and injuring several persons.",2,,1753954979
PSE40812,11/15/2023,2023,1,Political violence,Explosions/Remote violence,Air/drone strike,Military Forces of Israel (2022-),,8,Civilians (Palestine),Refugees/IDPs (Palestine),7,78,Civilian targeting,275,Middle East,Palestine,Gaza Strip,North Gaza,,Jabalya Camp,31.536,34.4907,1,Newpress; Palestine News and Information Agency; Quds News Network; Twitter,New media-National,"On 15 November 2023, Israeli military airplanes struck houses in Mukhayyam Jabalya camp (North Gaza, Gaza Strip), killing 4 Palestinians and injuring dozens.",4,,1753954979
PSE40775,11/15/2023,2023,1,Political violence,Explosions/Remote violence,Air/drone strike,Military Forces of Israel (2022-),,8,Civilians (Palestine),Health Workers (Palestine); Refugees/IDPs (Palestine),7,78,Civilian targeting,275,Middle East,Palestine,Gaza Strip,Gaza City,,Gaza - Ash Shati' Camp,31.5349,34.4466,1,Palestine News and Information Agency,National,"On 15 November 2023, Israeli military airplanes struck the Swedish clinic hosting displaced people in Gaza - Ash Shati' Camp refugee camp (Gaza City, Gaza Strip). Casualties unknown.",0,,1759789988
PSE40782,11/15/2023,2023,1,Political violence,Explosions/Remote violence,Air/drone strike,Military Forces of Israel (2022-),,8,Civilians (Palestine),,7,78,Civilian targeting,275,Middle East,Palestine,Gaza Strip,Khan Yunis,,Khan Yunis - City Centre,31.3419,34.3015,1,Government Media Office; Newpress; Palestinian Ministry of Health; Quds News Network; Twitter,Other-New media,"On 15 November 2023, Israeli military airplanes struck a house in Khan Yunis - City Centre (Khan Yunis, Gaza Strip), killing a 'large' number of civilians. [Palestinian Ministry of Health reported 13000 fatalities between 7 October - 18 November. 765 fatalities not attributed to specific events split across 12 events between 15-18 November. 63 fatalities coded to this event.]",63,,1753954979
PSE40774,11/15/2023,2023,1,Political violence,Explosions/Remote violence,Air/drone strike,Military Forces of Israel (2022-),,8,Civilians (Palestine),,7,78,Civilian targeting,275,Middle East,Palestine,Gaza Strip,Gaza City,,Gaza - Az Zaytun,31.4964,34.4522,1,Palestine News and Information Agency,National,"On 15 November 2023, Israeli airplanes struck a house in Gaza - Az Zaytun (Gaza City, Gaza Strip), injuring several Palestinians.",0,,1759789988
PSE40793,11/15/2023,2023,1,Political violence,Explosions/Remote violence,Shelling/artillery/missile attack,Military Forces of Israel (2022-),,8,Civilians (Palestine),,7,78,Civilian targeting,275,Middle East,Palestine,Gaza Strip,North Gaza,,Jabalya,31.5272,34.4835,1,Quds News Network; Twitter,New media-National,"On 15 November 2023, Israeli artillery struck a storehouse in Al Fallujah of Jabalya town (North Gaza, Gaza Strip) injuring a woman and her son.",0,,1759789988
PSE40778,11/15/2023,2023,1,Political violence,Explosions/Remote violence,Air/drone strike,Military Forces of Israel (2022-),,8,Civilians (Palestine),Muslim Group (Palestine); Doghmush Clan Group (Palestine),7,78,Civilian targeting,275,Middle East,Palestine,Gaza Strip,Gaza City,,Gaza - Sabra,31.5086,34.4493,1,Palestine News and Information Agency; Quds News Network; Twitter; UN HRC; UNSC,Other-New media,"On 15 November 2023, Israeli airplanes struck Al Sabra mosque in Gaza - Sabra (Gaza City, Gaza Strip). At least 109 people from the Doghmush family were killed, including 13 women and 9 children, and more than 70 others were injured. Israeli security forces had issued an evacuation order earlier that day and the UN Commission noted that Israel made no public statement about this attack and found no signs of military activity at the site.",109,,1763413935
PSE40717,11/16/2023,2023,1,Political violence,Explosions/Remote violence,Air/drone strike,Military Forces of Israel (2022-),,8,Civilians (Palestine),Farmers (Palestine),7,78,Civilian targeting,275,Middle East,Palestine,Gaza Strip,Rafah,,Al Bayuk,31.2747,34.2899,2,Quds News Network; Twitter,New media-National,"On 16 November 2023, Israeli military airplanes struck a poultry farm east of Rafah, Al Bayuk area (Rafah, Gaza Strip), killing 2 Palestinians.",2,,1753954979
PSE40818,11/16/2023,2023,1,Political violence,Explosions/Remote violence,Air/drone strike,Military Forces of Israel (2022-),,8,Civilians (Palestine),,7,78,Civilian targeting,275,Middle East,Palestine,Gaza Strip,Khan Yunis,,Bani Suheila,31.3424,34.325,2,Palestine News and Information Agency,National,"On 16 November 2023, an Israeli military helicopter opened fire at Palestinian houses east of Khan Yunis city (coded to Bani Suheila) (Khan Yunis, Gaza Strip). Casualties unknown.",0,,1753954979
PSE40821,11/16/2023,2023,1,Political violence,Explosions/Remote violence,Air/drone strike,Military Forces of Israel (2022-),,8,Civilians (Palestine),,7,78,Civilian targeting,275,Middle East,Palestine,Gaza Strip,Khan Yunis,,Al Qararah,31.3739,34.3409,1,Newpress; Palestine News and Information Agency; Quds News Network; Twitter,New media-National,"On 16 November 2023, Israeli military airplanes struck a house in Al Qararah (Khan Yunis, Gaza Strip), killing at least 10 persons.",10,,1753954979
PSE40824,11/16/2023,2023,1,Political violence,Explosions/Remote violence,Air/drone strike,Military Forces of Israel (2022-),,8,Civilians (Palestine),,7,78,Civilian targeting,275,Middle East,Palestine,Gaza Strip,Gaza City,,Gaza,31.5045,34.4743,1,Palestine News and Information Agency,National,"On 16 November 2023, Israeli airplanes struck houses in Al Jalaa street in Gaza City (Gaza City, Gaza Strip), killing 3 persons and injuring several others.",3,,1759789988
PSE40825,11/16/2023,2023,1,Political violence,Explosions/Remote violence,Air/drone strike,Military Forces of Israel (2022-),,8,Civilians (Palestine),,7,78,Civilian targeting,275,Middle East,Palestine,Gaza Strip,Khan Yunis,,Bani Suheila,31.3424,34.325,1,Newpress; Quds News Network; Twitter,New media-National,"On 16 November 2023, Israeli airplanes struck and destroyed the municipality building of Bani Suheila (Khan Yunis, Gaza Strip), injuring 10 persons.",0,local administrators,1753954979
PSE40830,11/16/2023,2023,1,Political violence,Violence against civilians,Attack,Military Forces of Israel (2022-),,8,Civilians (Palestine),Health Workers (Palestine),7,78,Civilian targeting,275,Middle East,Palestine,Gaza Strip,Gaza City,,Gaza - Northern Remal,31.524,34.4505,1,Newpress; Twitter,New media-National,"On 16 November 2023, Israeli military forces opened fire inside the Al Shifa Hospital complex in Gaza - Northern Remal (Gaza City, Gaza Strip), presumably toward civilians present in the hospital. Casualties unknown.",0,,1759789988
PSE40832,11/16/2023,2023,1,Political violence,Explosions/Remote violence,Air/drone strike,Military Forces of Israel (2022-),,8,Civilians (Palestine),,7,78,Civilian targeting,275,Middle East,Palestine,Gaza Strip,Khan Yunis,,Khan Yunis - West (Municipal Stadium),31.3484,34.2961,2,Newpress; Quds News Network; Twitter,New media-National,"On 16 November 2023, Israeli military airplanes struck a group of Palestinians west of Khan Yunis (coded to Khan Yunis - West (Municipal Stadium)) (Gaza Strip). Several persons were injured.",0,,1753954979
PSE40833,11/16/2023,2023,1,Political violence,Explosions/Remote violence,Air/drone strike,Military Forces of Israel (2022-),,8,Civilians (Palestine),Refugees/IDPs (Palestine),7,78,Civilian targeting,275,Middle East,Palestine,Gaza Strip,Deir El Balah,,An Nusayrat,31.4486,34.3925,1,Palestine News and Information Agency; Quds News Network; Twitter,New media-National,"On 16 November 2023, Israeli airplanes struck houses in An Nusayrat refugee camp (Deir El Balah, Gaza Strip). At least 7 persons were killed, including a little girl. In addition, Israeli military airplanes targeted the area of Ain Jalout towers in the southern part of the camp. Casualties unknown.",7,,1753954979
PSE40865,11/16/2023,2023,1,Political violence,Explosions/Remote violence,Air/drone strike,Military Forces of Israel (2022-),,8,Civilians (Palestine),Refugees/IDPs (Palestine),7,78,Civilian targeting,275,Middle East,Palestine,Gaza Strip,Deir El Balah,,Al Burayj,31.4394,34.4031,1,Newpress; Quds News Network; Twitter,New media-National,"On 16 November 2023, Israeli military airplanes struck a house in Al Burayj refugee camp (Deir El Balah, Gaza Strip), killing 5 persons and injuring an unspecified number of others.",5,,1753954979
PSE40843,11/16/2023,2023,1,Political violence,Explosions/Remote violence,Air/drone strike,Military Forces of Israel (2022-),,8,Civilians (Palestine),,7,78,Civilian targeting,275,Middle East,Palestine,Gaza Strip,North Gaza,,Beit Lahiya - Al Mashroo,31.5433,34.4998,1,Quds News Network; Twitter,New media-National,"On 16 November 2023, Israeli airplanes fired white phosphorus bombs in Beit Lahiya - Al Mashroo (North Gaza, Gaza Strip), injuring several persons, presumably civilians. HRW and other international organizations have accused Israel of using white phosphorous bombs.",0,,1753954979
PSE40815,11/16/2023,2023,1,Political violence,Explosions/Remote violence,Shelling/artillery/missile attack,Military Forces of Israel (2022-),,8,Civilians (Palestine),,7,78,Civilian targeting,275,Middle East,Palestine,Gaza Strip,Gaza City,,Gaza - Sabra,31.5086,34.4493,1,Palestine News and Information Agency; Quds News Network; Twitter,New media-National,"On 16 November 2023, Israeli artillery shelled a house in Gaza - Sabra (Gaza City, Gaza Strip). Casualties unknown.",0,,1759789988
PSE40846,11/16/2023,2023,1,Political violence,Explosions/Remote violence,Air/drone strike,Military Forces of Israel (2022-),,8,Civilians (Palestine),,7,78,Civilian targeting,275,Middle East,Palestine,Gaza Strip,Rafah,,Tal as Sultan,31.3098,34.2414,1,Palestine Information Center,Other,"On 16 November 2023, Israeli airplanes struck an apartment in Tal as Sultan (Rafah, Gaza Strip). Casualties unknown.",0,,1762829569
PSE40822,11/16/2023,2023,1,Political violence,Explosions/Remote violence,Air/drone strike,Military Forces of Israel (2022-),,8,Civilians (Palestine),,7,78,Civilian targeting,275,Middle East,Palestine,Gaza Strip,Rafah,,Tal as Sultan,31.3098,34.2414,2,Palestine News and Information Agency; Quds News Network; Twitter,New media-National,"On 16 November 2023, Israeli military airplanes struck an apartment and a group of people west of Rafah (coded to Tal as Sultan, Gaza Strip), killing 2 Palestinians.",2,,1762829569
PSE40859,11/16/2023,2023,1,Political violence,Explosions/Remote violence,Air/drone strike,Military Forces of Israel (2022-),,8,Civilians (Palestine),Refugees/IDPs (Palestine),7,78,Civilian targeting,275,Middle East,Palestine,Gaza Strip,North Gaza,,Jabalya Camp,31.536,34.4907,1,Newpress; Palestine News and Information Agency; Quds News Network; Twitter,New media-National,"On 16 November 2023, Israeli military airplanes struck several houses and fired white phosphorus bombs in Mukhayyam Jabalya camp (North Gaza, Gaza Strip). At least 15 persons were killed. In addition, 3 persons were killed in Al Fallujah area in the camp, raising total fatalities to at least 18 persons. HRW and other international organizations have accused Israel of using white phosphorous bombs.",18,,1753954979
PSE40847,11/16/2023,2023,1,Political violence,Explosions/Remote violence,Air/drone strike,Military Forces of Israel (2022-),,8,Civilians (Palestine),,7,78,Civilian targeting,275,Middle East,Palestine,Gaza Strip,Gaza City,,Gaza - Ash Shati' Camp,31.5349,34.4466,1,Al-Ittihad; Israeli Defense Forces; Joe Truzman; Twitter,Other-New media,"On 16 November 2023, Israeli airplanes struck the house of Hamas chairman, Isamil Haniya, in Gaza - Ash Shati' Camp refugee camp (Gaza City, Gaza Strip). Casualties unknown.",0,,1759789988
PSE40779,11/16/2023,2023,1,Political violence,Explosions/Remote violence,Air/drone strike,Military Forces of Israel (2022-),,8,Civilians (Palestine),Muslim Group (Palestine),7,78,Civilian targeting,275,Middle East,Palestine,Gaza Strip,Gaza City,,Gaza - At Tuffah,31.5134,34.4751,1,Government Media Office; Palestinian Ministry of Health; Quds News Network; Twitter,Other-New media,"On 16 November 2023, Israeli airplanes struck targets, including Al Hasan mosque in Gaza - At Tuffah (Gaza City, Gaza Strip), resulting in an unspecified number of fatalities. [Palestinian Ministry of Health reported 13000 fatalities between 7 October - 18 November. 765 fatalities not attributed to specific events split across 12 events between 15-18 November. 64 fatalities coded to this event.]",64,,1759789988
PSE40839,11/16/2023,2023,1,Political violence,Violence against civilians,Attack,Military Forces of Israel (2022-),,8,Civilians (Palestine),Refugees/IDPs (Palestine),7,78,Civilian targeting,275,Middle East,Palestine,Gaza Strip,Gaza City,,Gaza - Nezarim,31.484,34.4056,2,Quds News Network; Twitter,New media-National,"On 16 November 2023, Israeli soldiers opened fire at a passing Palestinian vehicle carrying displaced Palestinians near Gaza - Nezarim area (Gaza City, Gaza Strip), injuring 2 persons.",0,,1753954979
PSE40837,11/16/2023,2023,1,Political violence,Violence against civilians,Attack,Military Forces of Israel (2022-),,8,Civilians (Palestine),,7,78,Civilian targeting,275,Middle East,Palestine,Gaza Strip,Gaza City,,Al Mughraqa,31.4675,34.4097,2,Quds News Network; Twitter,New media-National,"On 16 November 2023, Israeli soldiers beat and killed a elderly Palestinian who was moving at Salah Al-Din street to the southern area, south of Al Mughraqa area (Gaza City, Gaza Strip).",1,,1753954979
PSE40814,11/16/2023,2023,1,Political violence,Explosions/Remote violence,Shelling/artillery/missile attack,Military Forces of Israel (2022-),,8,Civilians (Palestine),,7,78,Civilian targeting,275,Middle East,Palestine,Gaza Strip,Gaza City,,Gaza - Az Zaytun,31.4964,34.4522,1,Palestine News and Information Agency; Quds News Network; Twitter,New media-National,"On 16 November 2023, Israeli artillery shelled houses in Gaza - Az Zaytun (Gaza City, Gaza Strip) and on the outskirts of Al Mamadani Hospital. Casualties unknown.",0,,1759789988
PSE40820,11/16/2023,2023,1,Political violence,Explosions/Remote violence,Shelling/artillery/missile attack,Military Forces of Israel (2022-),,8,Civilians (Palestine),,7,78,Civilian targeting,275,Middle East,Palestine,Gaza Strip,North Gaza,,Jabalya,31.5272,34.4835,1,Government Media Office; Palestine News and Information Agency; Palestinian Ministry of Health,Other-National,"On 16 November 2023, Israeli artillery shelled targets in Izbet Malin in Jabalya (North Gaza, Gaza Strip), resulting in an unspecified number of fatalities. [Palestinian Ministry of Health reported 13000 fatalities between 7 October - 18 November. 765 fatalities not attributed to specific events split across 12 events between 15-18 November. 64 fatalities coded to this event.]",64,,1759789988
PSE40836,11/16/2023,2023,1,Political violence,Explosions/Remote violence,Air/drone strike,Military Forces of Israel (2022-),,8,Civilians (Palestine),Refugees/IDPs (Palestine),7,78,Civilian targeting,275,Middle East,Palestine,Gaza Strip,Gaza City,,Gaza - Az Zaytun,31.4964,34.4522,1,Newpress; Palestine News and Information Agency; Quds News Network; Twitter,New media-National,"On 16 November 2023, Israeli airplanes struck a petrol station hosting displaced people in Gaza - Az Zaytun (Gaza City, Gaza Strip), killing 9 persons and injuring dozens.",9,,1759789988
PSE40817,11/16/2023,2023,1,Political violence,Explosions/Remote violence,Air/drone strike,Military Forces of Israel (2022-),,8,Civilians (Palestine),,7,78,Civilian targeting,275,Middle East,Palestine,Gaza Strip,Rafah,,Khirbet al Adas,31.2855,34.2714,2,Palestine News and Information Agency; Quds News Network; Twitter,New media-National,"On 16 November 2023, Israeli airplanes struck a group of Palestinians in Zalatah area east of Rafah city, Khirbet al Adas area (Rafah, Gaza Strip), killing 4 persons and injuring several others.",4,,1753954979
PSE40863,11/17/2023,2023,1,Political violence,Explosions/Remote violence,Air/drone strike,Military Forces of Israel (2022-),,8,Civilians (Palestine),,7,78,Civilian targeting,275,Middle East,Palestine,Gaza Strip,Khan Yunis,,Khan Yunis - City Centre,31.3419,34.3015,1,Palestine News and Information Agency; Quds News Network; Twitter,New media-National,"On 17 November 2023, Israeli military airplanes struck a house in Khan Yunis - City Centre (Khan Yunis, Gaza Strip), killing 4 civilians.",4,,1753954979
PSE40864,11/17/2023,2023,1,Political violence,Explosions/Remote violence,Air/drone strike,Military Forces of Israel (2022-),,8,Civilians (Palestine),,7,78,Civilian targeting,275,Middle East,Palestine,Gaza Strip,Khan Yunis,,Bani Suheila,31.3424,34.325,1,Newpress; Palestine News and Information Agency; Quds News Network; Twitter,New media-National,"On 17 November 2023, Israeli military airplanes struck a house in Bani Suheila (Khan Yunis, Gaza Strip), killing 3 persons.",3,,1753954979
PSE40868,11/17/2023,2023,1,Political violence,Explosions/Remote violence,Air/drone strike,Military Forces of Israel (2022-),,8,Civilians (Palestine),Refugees/IDPs (Palestine),7,78,Civilian targeting,275,Middle East,Palestine,Gaza Strip,Deir El Balah,,An Nusayrat,31.4486,34.3925,1,Ma'an News Agency; Newpress; Palestine News and Information Agency; Quds News Network; Twitter,New media-National,"On 17 November 2023, Israeli airplanes struck houses in An Nusayrat refugee camp (Deir El Balah, Gaza Strip), killing around 80 persons, including women and children.",80,,1753954979
PSE40884,11/17/2023,2023,1,Political violence,Explosions/Remote violence,Air/drone strike,Military Forces of Israel (2022-),,8,Civilians (Palestine),,7,78,Civilian targeting,275,Middle East,Palestine,Gaza Strip,Deir El Balah,,An Nusayrat - West,31.4525,34.3756,1,Quds News Network; Twitter,New media-National,"On 17 November 2023, Israeli airplanes struck a house west of An Nusayrat (An Nusayrat - West, Deir El Balah, Gaza Strip), killing 9 Palestinians.",9,,1753954979
PSE40866,11/17/2023,2023,1,Political violence,Explosions/Remote violence,Air/drone strike,Military Forces of Israel (2022-),,8,Civilians (Palestine),,7,78,Civilian targeting,275,Middle East,Palestine,Gaza Strip,North Gaza,,Beit Lahiya,31.5541,34.5016,1,Newpress; Palestine News and Information Agency; Quds News Network; Twitter,New media-National,"On 17 November 2023, Israeli airplanes struck targets and houses in Beit Lahiya and on the outskirts of the Indonesian Hospital (North Gaza, Gaza Strip). Casualties unknown.",0,,1753954979
PSE40869,11/17/2023,2023,1,Political violence,Explosions/Remote violence,Air/drone strike,Military Forces of Israel (2022-),,8,Civilians (Palestine),,7,78,Civilian targeting,275,Middle East,Palestine,Gaza Strip,Gaza City,,Gaza - Sabra,31.5086,34.4493,1,Palestine News and Information Agency; Quds News Network; Twitter,New media-National,"On 17 November 2023, Israeli military airplanes struck targets in Gaza - Sabra (Gaza City, Gaza Strip), leaving dozens of fatalities. Fatalities coded as 12.",12,,1759789988
PSE40873,11/17/2023,2023,1,Political violence,Explosions/Remote violence,Air/drone strike,Military Forces of Israel (2022-),,8,Civilians (Palestine),Refugees/IDPs (Palestine),7,78,Civilian targeting,275,Middle East,Palestine,Gaza Strip,North Gaza,,Jabalya Camp,31.536,34.4907,1,Government Media Office; Newpress; Palestine News and Information Agency; Palestinian Ministry of Health; Quds News Network; Twitter,Other-New media,"On 17 November 2023, Israeli military airplanes struck targets and a house in Mukhayyam Jabalya camp (North Gaza, Gaza Strip), leaving an unspecified number of fatalities and injuries. Meanwhile, Israeli artillery shelled targets on the outskirts of Mukhayyam Jabalya camp (North Gaza, Gaza Strip). Casualties unknown. [Palestinian Ministry of Health reported 13000 fatalities between 7 October - 18 November. 765 fatalities not attributed to specific events split across 12 events between 15-18 November. 64 fatalities coded to this event.]",64,,1753954979
PSE40769,11/17/2023,2023,1,Political violence,Explosions/Remote violence,Air/drone strike,Military Forces of Israel (2022-),,8,Civilians (Palestine),Health Workers (Palestine),7,78,Civilian targeting,275,Middle East,Palestine,Gaza Strip,Gaza City,,Al Zahra,31.4716,34.4013,1,Newpress; Palestine News and Information Agency; Quds News Network; Twitter,New media-National,"On 17 November 2023, Israeli military airplanes struck Dar al-Wafa Hospital in Al Zahra (Gaza City, Gaza Strip), killing the hospital manager and injuring a number of doctors.",1,,1753954979
PSE40867,11/17/2023,2023,1,Political violence,Explosions/Remote violence,Air/drone strike,Military Forces of Israel (2022-),,8,Civilians (Palestine),Refugees/IDPs (Palestine),7,78,Civilian targeting,275,Middle East,Palestine,Gaza Strip,Rafah,,Yibna,31.2842,34.2482,2,Newpress; Palestine News and Information Agency; Quds News Network; Twitter,New media-National,"On 17 November 2023, Israeli military airplanes struck a group of displaced Palestinians east of Rafah city (coded to Yibna, Gaza Strip). Several persons were injured.",0,,1753954979
PSE40870,11/17/2023,2023,1,Political violence,Explosions/Remote violence,Air/drone strike,Military Forces of Israel (2022-),,8,Civilians (Palestine),,7,78,Civilian targeting,275,Middle East,Palestine,Gaza Strip,North Gaza,,Sheikh Zaid,31.5392,34.5117,1,Government Media Office; Palestine News and Information Agency; Palestinian Ministry of Health,Other-National,"On 17 November 2023, Israeli military airplanes struck targets in Sheikh Zaid (North Gaza, Gaza Strip), leaving an unspecified number of fatalities. [Palestinian Ministry of Health reported 13000 fatalities between 7 October - 18 November. 765 fatalities not attributed to specific events split across 12 events between 15-18 November. 64 fatalities coded to this event.]",64,,1759789988
PSE40872,11/17/2023,2023,1,Political violence,Explosions/Remote violence,Air/drone strike,Military Forces of Israel (2022-),,8,Civilians (Palestine),Refugees/IDPs (Palestine); UNRWA: United Nations Relief and Works Agency,7,78,Civilian targeting,275,Middle East,Palestine,Gaza Strip,Gaza City,,Gaza - Az Zaytun,31.4964,34.4522,1,Government Media Office; Newpress; Palestine News and Information Agency; Palestinian Ministry of Health; Quds News Network; Twitter; UNSC,Other-New media,"On 17 November 2023, Israeli military airplanes struck the UNRWA al-Fallah school hosting displaced people and nearby houses in Gaza - Az Zaytun (Gaza City, Gaza Strip), killing at least 20 civilians. [Palestinian Ministry of Health reported 13000 fatalities between 7 October - 18 November. 765 fatalities not attributed to specific events split across 12 events between 15-18 November. 64 fatalities coded to this event.]",64,,1763413935
PSE40874,11/17/2023,2023,1,Political violence,Explosions/Remote violence,Air/drone strike,Military Forces of Israel (2022-),,8,Civilians (Palestine),,7,78,Civilian targeting,275,Middle East,Palestine,Gaza Strip,North Gaza,,Sheikh Zaid,31.5392,34.5117,2,Palestine News and Information Agency,National,"On 17 November 2023, Israeli military airplanes struck houses near Sheikh Zaid (North Gaza, Gaza Strip). Casualties unknown.",0,,1759789988
PSE41151,11/17/2023,2023,1,Political violence,Explosions/Remote violence,Air/drone strike,Military Forces of Israel (2022-),,8,Civilians (Palestine),Muslim Group (Palestine),7,78,Civilian targeting,275,Middle East,Palestine,Gaza Strip,North Gaza,,Jabalya,31.5272,34.4835,1,Government Media Office; Palestine News and Information Agency; Palestinian Ministry of Health; Quds News Network; Twitter,Other-New media,"On 17 November 2023, Israeli airplanes struck a residential area and the Abu al-Khair mosque in Jabalya town (North Gaza, Gaza Strip), resulting in an unspecified number of fatalities. Also, airplanes struck a house in al-Qasayeb area, killing 3 women. Total fatalities 6. Meanwhile, Israeli artillery struck targets in Al Nazleh area of Jabalya town (North Gaza, Gaza Strip). Casualties unknown. [Palestinian Ministry of Health reported 13000 fatalities between 7 October - 18 November. 765 fatalities not attributed to specific events split across 12 events between 15-18 November. 63 fatalities coded to this event.]",63,,1759789988
PSE40883,11/17/2023,2023,1,Political violence,Explosions/Remote violence,Air/drone strike,Military Forces of Israel (2022-),,8,Civilians (Palestine),Refugees/IDPs (Palestine),7,78,Civilian targeting,275,Middle East,Palestine,Gaza Strip,Rafah,,Rafah Camp,31.2847,34.2546,1,Quds News Network; Twitter,New media-National,"On 17 November 2023, Israeli airplanes struck a house in al-Shaboura in Mukhayyam Rafah Camp (Rafah, Gaza Strip), killing a Palestinian and injuring several persons.",1,,1753954979
PSE41418,11/18/2023,2023,1,Political violence,Explosions/Remote violence,Air/drone strike,Military Forces of Israel (2022-),,8,Civilians (Palestine),,7,78,Civilian targeting,275,Middle East,Palestine,Gaza Strip,Khan Yunis,,Khan Yunis,31.3502,34.3081,1,Palestine News and Information Agency,National,"On 18 November 2023, Israeli warplanes struck a house in Khan Yunis city (Khan Yunis, Gaza Strip), injuring dozens of Palestinians.",0,,1753954979
PSE41424,11/18/2023,2023,2,Political violence,Explosions/Remote violence,Air/drone strike,Military Forces of Israel (2022-),,8,Civilians (Palestine),,7,78,Civilian targeting,275,Middle East,Palestine,Gaza Strip,Gaza City,,Gaza,31.5045,34.4743,1,Palestine News and Information Agency,National,"Around 18 November 2023, Israeli military forces, likely warplanes killed 5 Palestinians at Salah al Din Street in Gaza City (Gaza City, Gaza Strip). Their bodies were found on 18 November 2023.",5,,1759789988
PSE41435,11/18/2023,2023,1,Political violence,Explosions/Remote violence,Air/drone strike,Military Forces of Israel (2022-),,8,Civilians (Palestine),,7,78,Civilian targeting,275,Middle East,Palestine,Gaza Strip,Gaza City,,Gaza - Sheikh Radwan,31.5349,34.4667,2,Newpress; Twitter,New media-National,"On 18 November 2023, Israeli warplanes struck targets in Taum area north of Gaza - Sheikh Radwan (Gaza City, Gaza Strip). Casualties unknown.",0,,1759789988
PSE41437,11/18/2023,2023,1,Political violence,Explosions/Remote violence,Air/drone strike,Military Forces of Israel (2022-),,8,Civilians (Palestine),,7,78,Civilian targeting,275,Middle East,Palestine,Gaza Strip,Khan Yunis,,Al Qararah,31.3739,34.3409,1,Newpress; Twitter,New media-National,"On 18 November 2023, Israeli warplanes struck targets in Al Qararah (Khan Yunis, Gaza Strip). Casualties unknown.",0,,1753954979
PSE41439,11/18/2023,2023,1,Political violence,Explosions/Remote violence,Air/drone strike,Military Forces of Israel (2022-),,8,Civilians (Palestine),,7,78,Civilian targeting,275,Middle East,Palestine,Gaza Strip,Khan Yunis,,Khan Yunis - As Sater,31.3637,34.3228,1,Quds News Network,National,"On 18 November 2023, Israeli warplanes struck a house and an internet transmission tower in Khan Yunis - As Sater (Khan Yunis, Gaza Strip). There were no casualties.",0,,1753954979
PSE41442,11/18/2023,2023,1,Political violence,Explosions/Remote violence,Air/drone strike,Military Forces of Israel (2022-),,8,Civilians (Palestine),,7,78,Civilian targeting,275,Middle East,Palestine,Gaza Strip,Khan Yunis,,Khuzaa,31.3069,34.3572,1,Liveuamap; Quds News Network,Local partner-New media,"On 18 November 2023, Israeli warplanes struck a house in Khuzaa (Khan Yunis, Gaza Strip). Casualties unknown.",0,,1753954979
PSE41412,11/18/2023,2023,1,Political violence,Explosions/Remote violence,Air/drone strike,Military Forces of Israel (2022-),,8,Civilians (Palestine),,7,78,Civilian targeting,275,Middle East,Palestine,Gaza Strip,Khan Yunis,,Hamad,31.3749,34.3193,1,Liveuamap; Newpress; Palestine News and Information Agency; Quds News Network; Twitter,Local partner-New media,"On 18 November 2023, Israeli warplanes struck residential apartments in Hamad City (Khan Yunis, Gaza Strip). Around 26 persons were killed, and several others were injured. In addition, 15 persons from the al-Ghlaban family were killed in a separate incident, raising the total fatalities to at least 41 persons.",41,,1753954979
PSE41422,11/18/2023,2023,1,Political violence,Explosions/Remote violence,Air/drone strike,Military Forces of Israel (2022-),,8,Civilians (Palestine),Journalists (Palestine); Refugees/IDPs (Palestine),7,78,Civilian targeting,275,Middle East,Palestine,Gaza Strip,Deir El Balah,,An Nusayrat,31.4486,34.3925,1,Guardian (United Kingdom); International Federation of Journalists; Liveuamap; Newpress; Palestine News and Information Agency; Quds News Network; Twitter,Local partner-New media,"On 18 November 2023, Israeli warplanes struck houses in An Nusayrat refugee camp (Deir El Balah, Gaza Strip), killing 10 people, including a journalist, and injuring dozens of others. In addition, airstrikes killed 13 persons from Zuhd family, raising total fatality number to 23 persons.",23,,1757975700
PSE41428,11/18/2023,2023,1,Political violence,Explosions/Remote violence,Air/drone strike,Military Forces of Israel (2022-),,8,Civilians (Palestine),,7,78,Civilian targeting,275,Middle East,Palestine,Gaza Strip,Deir El Balah,,Deir al Balah,31.4178,34.3503,1,Al Ghad (Jordan); Newpress; Quds News Network; Twitter,New media-National,"On 18 November 2023, Israeli warplanes struck a house in Deir al Balah city (Deir El Balah, Gaza Strip), killing 6 persons.",6,,1753954979
PSE41436,11/18/2023,2023,1,Political violence,Explosions/Remote violence,Air/drone strike,Military Forces of Israel (2022-),,8,Civilians (Palestine),Journalists (Palestine); Refugees/IDPs (Palestine),7,78,Civilian targeting,275,Middle East,Palestine,Gaza Strip,Deir El Balah,,Al Burayj,31.4394,34.4031,1,Guardian (United Kingdom); Newpress; Quds News Network; Reporters Sans Frontieres; Twitter,Other-New media,"On 18 November 2023, Israeli warplanes struck houses in Al Burayj refugee camp (Deir El Balah, Gaza Strip), killing 15 persons including 2 Palestinian journalists.",15,,1757975700
PSE41413,11/18/2023,2023,1,Political violence,Explosions/Remote violence,Air/drone strike,Military Forces of Israel (2022-),,8,Civilians (Palestine),Refugees/IDPs (Palestine),7,78,Civilian targeting,275,Middle East,Palestine,Gaza Strip,North Gaza,,Beit Lahiya,31.5541,34.5016,1,Liveuamap; Newpress; Palestine News and Information Agency; Quds News Network; Twitter,Local partner-New media,"On 18 November 2023, Israeli warplanes struck targets and a house in Beit Lahiya and on the outskirts of the Indonesian Hospital (North Gaza, Gaza Strip). In addition, airstrikes struck Tel Al Zater School hosting displaced people, killing at least 50 persons.",50,,1753954979
PSE41474,11/18/2023,2023,1,Political violence,Explosions/Remote violence,Shelling/artillery/missile attack,Military Forces of Israel (2022-),,8,Civilians (Palestine),Health Workers (Palestine),7,78,Civilian targeting,275,Middle East,Palestine,Gaza Strip,North Gaza,,Beit Lahiya,31.5541,34.5016,1,Newpress; Quds News Network; Twitter,New media-National,"On 18 November 2023, Israeli artillery fired a shell at Kamal Odwan Hospital in Beit Lahiya (North Gaza, Gaza Strip). Casualties unknown.",0,,1753954979
PSE41468,11/18/2023,2023,1,Political violence,Explosions/Remote violence,Shelling/artillery/missile attack,Military Forces of Israel (2022-),,8,Civilians (Palestine),,7,78,Civilian targeting,275,Middle East,Palestine,Gaza Strip,Gaza City,,Gaza - Sabra,31.5086,34.4493,1,Newpress; Quds News Network; Twitter,New media-National,"On 18 November 2023, Israeli artillery shelled targets in Gaza - Sabra (Gaza City, Gaza Strip), leaving dozens of fatalities. An unspecified number of fatalities, coded as 12.",12,,1759789988
PSE41414,11/18/2023,2023,1,Political violence,Explosions/Remote violence,Air/drone strike,Military Forces of Israel (2022-),,8,Civilians (Palestine),Refugees/IDPs (Palestine); UNRWA: United Nations Relief and Works Agency,7,78,Civilian targeting,275,Middle East,Palestine,Gaza Strip,North Gaza,,Jabalya Camp,31.536,34.4907,1,Al Ghad (Jordan); Ma'an News Agency; Newpress; Palestine News and Information Agency; Quds News Network; Twitter,New media-National,"On 18 November 2023, Israeli warplanes struck targets including houses and the UNRWA schools of al-Fakhoura school hosting displaced people in Mukhayyam Jabalya camp (North Gaza, Gaza Strip), killing around 200 persons, and injuring dozens of others. In addition, airplanes struck a house and killed 32 persons, raising total fatalities to around 232 persons.",232,,1753954979
PSE41416,11/18/2023,2023,1,Political violence,Explosions/Remote violence,Air/drone strike,Military Forces of Israel (2022-),,8,Civilians (Palestine),,7,78,Civilian targeting,275,Middle East,Palestine,Gaza Strip,Gaza City,,Gaza - At Tuffah,31.5134,34.4751,1,Government Media Office; Palestine News and Information Agency; Palestinian Ministry of Health,Other-National,"On 18 November 2023, Israeli warplanes struck houses in Gaza - At Tuffah (Gaza City, Gaza Strip), leaving an unspecified number of fatalities and injuries. [Palestinian Ministry of Health reported 13000 fatalities between 7 October - 18 November. 765 fatalities not attributed to specific events split across 12 events between 15-18 November. 64 fatalities coded to this event.]",64,,1759789988
PSE41423,11/18/2023,2023,1,Political violence,Explosions/Remote violence,Air/drone strike,Military Forces of Israel (2022-),,8,Civilians (Palestine),,7,78,Civilian targeting,275,Middle East,Palestine,Gaza Strip,Khan Yunis,,Khan Yunis - City Centre,31.3419,34.3015,1,Government Media Office; Palestine News and Information Agency; Palestinian Ministry of Health,Other-National,"On 18 November 2023, Israeli warplanes struck houses in Khan Yunis - City Centre (Khan Yunis, Gaza Strip), leaving an unspecified number of fatalities and injuries. [Palestinian Ministry of Health reported 13000 fatalities between 7 October - 18 November. 765 fatalities not attributed to specific events split across 12 events between 15-18 November. 64 fatalities coded to this event.]",64,,1753954979
PSE41430,11/18/2023,2023,1,Political violence,Explosions/Remote violence,Air/drone strike,Military Forces of Israel (2022-),,8,Civilians (Palestine),,7,78,Civilian targeting,275,Middle East,Palestine,Gaza Strip,Khan Yunis,,Khan Yunis - West (Municipal Stadium),31.3484,34.2961,2,Newpress; Palestinian Ministry of Health; Twitter,Other-New media,"On 18 November 2023, Israeli warplanes struck a house near al-Shafai mosque west of Khan Yunis, Khan Yunis - West (Municipal Stadium) / Gaza Strip, leaving an unspecified number of fatalities and injuries. [Palestinian Ministry of Health reported 13000 fatalities between 7 October - 18 November. 765 fatalities not attributed to specific events split across 12 events between 15-18 November. 64 fatalities coded to this event.]",64,,1753954979
PSE41434,11/18/2023,2023,1,Political violence,Explosions/Remote violence,Air/drone strike,Military Forces of Israel (2022-),,8,Civilians (Palestine),Journalists (Palestine),7,78,Civilian targeting,275,Middle East,Palestine,Gaza Strip,Gaza City,,Gaza - Ad Darraj,31.5172,34.4642,1,Committee to Protect Journalists; Government Media Office; Guardian (United Kingdom); Newpress; Palestinian Ministry of Health; Twitter,Other-New media,"On 18 November 2023, Israeli warplanes struck houses in Gaza - Ad Darraj (Gaza City, Gaza strip), leaving an unspecified number of fatalities. 1 Palestinian journalist was killed along with his wife and 2 sons, as well as another journalist. [Palestinian Ministry of Health reported 13000 fatalities between 7 October - 18 November. 765 fatalities not attributed to specific events split across 12 events between 15-18 November. 64 fatalities coded to this event.]",64,,1759789988
PSE41415,11/18/2023,2023,1,Political violence,Explosions/Remote violence,Air/drone strike,Military Forces of Israel (2022-),,8,Civilians (Palestine),,7,78,Civilian targeting,275,Middle East,Palestine,Gaza Strip,Rafah,,Yibna,31.2842,34.2482,2,Newpress; Palestine News and Information Agency; Palestinian Ministry of Health; Quds News Network; Twitter,Other-New media,"On 18 November 2023, Israeli warplanes struck a house in Al Janinha and Al Salam neighborhoods east of Rafah city (coded to Yibna, Gaza Strip), leaving an unspecified number of fatalities and injuries. In addition, 2 children were killed and several persons were injured from Sheikh Al Eid family in a separate incident. [Palestinian Ministry of Health reported 13000 fatalities between 7 October - 18 November. 765 fatalities not attributed to specific events split across 12 events between 15-18 November. 63 fatalities coded to this event.]",63,,1753954979
PSE41441,11/18/2023,2023,1,Political violence,Explosions/Remote violence,Air/drone strike,Military Forces of Israel (2022-),,8,Civilians (Jordan),Health Workers (Jordan),7,78,Civilian targeting,275,Middle East,Palestine,Gaza Strip,Gaza City,,Gaza - Tal el Hawa,31.5041,34.435,1,Quds News Network,National,"On 18 November 2023, Israeli warplanes carried out airstrikes in Gaza - Tal el Hawa (Gaza City, Gaza Strip). 7 staff members of the Jordan field hospital were injured.",0,,1759789988
PSE41477,11/18/2023,2023,1,Political violence,Explosions/Remote violence,Shelling/artillery/missile attack,Military Forces of Israel (2022-),,8,Civilians (Palestine),,7,78,Civilian targeting,275,Middle East,Palestine,Gaza Strip,North Gaza,,Jabalya,31.5272,34.4835,1,Quds News Network,National,"On 18 November 2023, Israeli artillery shelled targets in Jabalya (North Gaza, Gaza Strip), injuring several persons.",0,,1759789988
PSE41425,11/18/2023,2023,1,Political violence,Explosions/Remote violence,Air/drone strike,Military Forces of Israel (2022-),,8,Civilians (Palestine),,7,78,Civilian targeting,275,Middle East,Palestine,Gaza Strip,Khan Yunis,,Qizan an Najjar,31.323,34.2761,2,Palestine News and Information Agency,National,"On 18 November 2023, Israeli warplanes struck a house near the University College of Science and Technology north of Qizan an Najjar (Khan Yunis, Gaza Strip), killing a woman and injuring another person.",1,,1753954979
PSE41456,11/19/2023,2023,1,Political violence,Explosions/Remote violence,Air/drone strike,Military Forces of Israel (2022-),,8,Civilians (Palestine),,7,78,Civilian targeting,275,Middle East,Palestine,Gaza Strip,Khan Yunis,,Al Fukhari,31.2952,34.3332,1,Newpress; Palestine News and Information Agency; Twitter,New media-National,"On 19 November 2023, Israeli warplanes struck a house on the outskirts of the European Hospital in Al Fukhari (Khan Yunis, Gaza Strip), killing a woman and her son.",2,,1753954979
PSE41457,11/19/2023,2023,1,Political violence,Explosions/Remote violence,Air/drone strike,Military Forces of Israel (2022-),,8,Civilians (Palestine),Refugees/IDPs (Palestine),7,78,Civilian targeting,275,Middle East,Palestine,Gaza Strip,Gaza City,,Gaza - Sheikh Radwan,31.5349,34.4667,1,Newpress; Palestine News and Information Agency; Quds News Network; Twitter,New media-National,"On 19 November 2023, Israeli warplanes struck houses in Gaza - Sheikh Radwan (Gaza City, Gaza Strip), killing at least 6 persons and injuring several Palestinians. In addition, airstrikes killed and wounded dozens of Palestinians after attacking the Amr Ibn Alass school, likely hosting displaced people. An unspecified number (dozens) of fatalities was coded as 12 in this incident. Total number of fatalities in this area coded as 18.",18,,1759789988
PSE41467,11/19/2023,2023,1,Political violence,Explosions/Remote violence,Air/drone strike,Military Forces of Israel (2022-),,8,Civilians (Palestine),,7,78,Civilian targeting,275,Middle East,Palestine,Gaza Strip,Khan Yunis,,Bani Suheila,31.3424,34.325,1,Palestine News and Information Agency; Quds News Network; Twitter,New media-National,"On 19 November 2023, Israeli military airplanes struck a house in Bani Suheila (Khan Yunis, Gaza Strip), injuring a Palestinian.",0,,1753954979
PSE41490,11/19/2023,2023,1,Political violence,Explosions/Remote violence,Air/drone strike,Military Forces of Israel (2022-),,8,Civilians (Palestine),Aid Workers (International); Health Workers (Palestine); MSF: Doctors Without Borders,7,78,Civilian targeting,275,Middle East,Palestine,Gaza Strip,Gaza City,,Gaza,31.5045,34.4743,1,Al Ghad (Jordan); Palestine Information Center,Other-Regional,"On 19 November 2023, Israeli warplanes struck 2 cars belonging to Doctors Without Borders while evacuating families of their employees in Gaza City (Gaza Strip). A Palestinian was killed, and another person was injured.",1,,1759789988
PSE41464,11/19/2023,2023,1,Political violence,Explosions/Remote violence,Air/drone strike,Military Forces of Israel (2022-),,8,Civilians (Palestine),Refugees/IDPs (Palestine),7,78,Civilian targeting,275,Middle East,Palestine,Gaza Strip,Deir El Balah,,An Nusayrat,31.4486,34.3925,1,Newpress; Palestine News and Information Agency; Quds News Network; Twitter,New media-National,"On 19 November 2023, Israeli warplanes struck houses in An Nusayrat refugee camp (Deir El Balah, Gaza Strip). 22 persons were killed and several others were injured.",22,,1753954979
PSE41482,11/19/2023,2023,1,Political violence,Explosions/Remote violence,Air/drone strike,Military Forces of Israel (2022-),,8,Civilians (Palestine),Refugees/IDPs (Palestine),7,78,Civilian targeting,275,Middle East,Palestine,Gaza Strip,Deir El Balah,,Al Burayj,31.4394,34.4031,1,Quds News Network; Twitter,New media-National,"On 19 November 2023, Israeli warplanes struck a house in Al Burayj refugee camp (Deir El Balah, Gaza Strip), killing 2 persons and injuring several others.",2,,1753954979
PSE41486,11/19/2023,2023,1,Political violence,Explosions/Remote violence,Air/drone strike,Military Forces of Israel (2022-),,8,Civilians (Palestine),,7,78,Civilian targeting,275,Middle East,Palestine,Gaza Strip,North Gaza,,Beit Lahiya - Al Mashroo,31.5433,34.4998,1,Quds News Network; Twitter,New media-National,"On 19 November 2023, Israeli warplanes struck a house in Beit Lahiya - Al Mashroo (North Gaza, Gaza Strip). Casualties unknown.",0,,1753954979
PSE41465,11/19/2023,2023,1,Political violence,Explosions/Remote violence,Air/drone strike,Military Forces of Israel (2022-),,8,Civilians (Palestine),Muslim Group (Palestine); Refugees/IDPs (Palestine),7,78,Civilian targeting,275,Middle East,Palestine,Gaza Strip,North Gaza,,Jabalya Camp,31.536,34.4907,1,Newpress; Palestine News and Information Agency; Quds News Network; Twitter,New media-National,"On 19 November 2023, Israeli warplanes struck a residential area and 4 mosques in Mukhayyam Jabalya camp (North Gaza, Gaza Strip) leaving dozens of fatalities and injuries, including children. An unspecified number of fatalities coded as 12.",12,,1753954979
PSE41469,11/19/2023,2023,1,Political violence,Explosions/Remote violence,Air/drone strike,Military Forces of Israel (2022-),,8,Civilians (Palestine),,7,78,Civilian targeting,275,Middle East,Palestine,Gaza Strip,Gaza City,,Gaza - Ad Darraj,31.5172,34.4642,1,Ma'an News Agency; Palestinian Ministry of Health,Other-National,"On 19 November 2023, Israeli military airplanes struck a house in Gaza - Ad Darraj (Gaza City, Gaza Strip), leaving an unspecified number of fatalities and injuries. [Palestinian Ministry of Health reported 14128 fatalities between 7 October - 20 November 2023. 904 fatalities not attributed to specific events split across 7 events between 19-20 Nov. 129 fatalities coded to this event.]",129,,1759789988
PSE41479,11/19/2023,2023,1,Political violence,Explosions/Remote violence,Air/drone strike,Military Forces of Israel (2022-),,8,Civilians (Palestine),,7,78,Civilian targeting,275,Middle East,Palestine,Gaza Strip,Gaza City,,Gaza - At Tuffah,31.5134,34.4751,1,Government Media Office; Newpress; Palestinian Ministry of Health; Quds News Network; Twitter,Other-New media,"On 19 November 2023, Israeli warplanes struck targets in Gaza - At Tuffah (Gaza City, Gaza Strip), leaving an unspecified number of fatalities, likely civilians. [Palestinian Ministry of Health reported 14128 fatalities between 7 October - 20 November 2023. 904 fatalities not attributed to specific events split across 7 events between 19-20 Nov. 129 fatalities coded to this event.]",129,,1759789988
PSE41473,11/19/2023,2023,1,Political violence,Explosions/Remote violence,Air/drone strike,Military Forces of Israel (2022-),,8,Civilians (Palestine),,7,78,Civilian targeting,275,Middle East,Palestine,Gaza Strip,Rafah,,Yibna,31.2842,34.2482,2,Newpress; Twitter,New media-National,"On 19 November 2023, Israeli warplanes struck a house in Al Janinha neighborhoods east of Rafah city (coded to Yibna, Gaza Strip). Casualties unknown.",0,,1753954979
PSE41458,11/19/2023,2023,1,Political violence,Explosions/Remote violence,Air/drone strike,Military Forces of Israel (2022-),,8,Civilians (Palestine),,7,78,Civilian targeting,275,Middle East,Palestine,Gaza Strip,North Gaza,,Jabalya,31.5272,34.4835,1,Newpress; Palestine News and Information Agency; Quds News Network; Twitter,New media-National,"On 19 November 2023, Israeli warplanes struck houses in Al Saftawi and other residential targets in Jabalya (North Gaza, Gaza Strip). 18 persons were killed.",18,,1759789988
PSE41461,11/19/2023,2023,1,Political violence,Explosions/Remote violence,Air/drone strike,Military Forces of Israel (2022-),,8,Civilians (Palestine),Muslim Group (Palestine),7,78,Civilian targeting,275,Middle East,Palestine,Gaza Strip,North Gaza,,Jabalya - Tel-Zaatar,31.5367,34.5035,1,Government Media Office; Liveuamap; Newpress; Palestine News and Information Agency; Palestinian Ministry of Health; Quds News Network; Twitter,Local partner-New media,"On 19 November 2023, Israeli warplanes struck targets, including houses and a mosque in Jabalya - Tel-Zaatar (North Gaza, Gaza Strip). There were an unspecified number of fatalities. [Palestinian Ministry of Health reported 14128 fatalities between 7 October - 20 November 2023. 904 fatalities not attributed to specific events split across 7 events between 19-20 Nov. 129 fatalities coded to this event.]",129,,1759789988
PSE41502,11/19/2023,2023,1,Political violence,Explosions/Remote violence,Shelling/artillery/missile attack,Military Forces of Israel (2022-),,8,Civilians (Palestine),Journalists (Palestine),7,78,Civilian targeting,275,Middle East,Palestine,Gaza Strip,Gaza City,,Gaza - Az Zaytun,31.4964,34.4522,1,Government Media Office; Guardian (United Kingdom); International Federation of Journalists; Newpress; Palestinian Ministry of Health; Quds News Network; Twitter; Washington Post,Other-New media,"On 19 November 2023, Israeli artillery struck targets in Asqoula area of Gaza - Az Zaytun (Gaza City, Gaza Strip) leaving an unspecified number of fatalities and injuries, including a journalist. [Palestinian Ministry of Health reported 14128 fatalities between 7 October - 20 November 2023. 904 fatalities not attributed to specific events split across 7 events between 19-20 Nov. 129 fatalities coded to this event.]",129,,1759789988
PSE41509,11/20/2023,2023,1,Political violence,Explosions/Remote violence,Air/drone strike,Military Forces of Israel (2022-),,8,Civilians (Palestine),,7,78,Civilian targeting,275,Middle East,Palestine,Gaza Strip,Khan Yunis,,Bani Suheila,31.3424,34.325,1,Al Ghad (Jordan); Liveuamap; Palestine News and Information Agency; Quds News Network,Local partner-New media,"On 20 November 2023, Israeli military airplanes struck targets in Bani Suheila (Khan Yunis, Gaza Strip), killing a Palestinian and injuring several of others.",1,,1753954979
PSE41525,11/20/2023,2023,1,Political violence,Explosions/Remote violence,Air/drone strike,Military Forces of Israel (2022-),,8,Civilians (Palestine),,7,78,Civilian targeting,275,Middle East,Palestine,Gaza Strip,Khan Yunis,,Abasan al Jadidah,31.3416,34.3459,1,Quds News Network,National,"On 20 November 2023, Israeli warplanes struck a house in Abasan al Jadidah (Khan Yunis, Gaza Strip). Casualties unknown.",0,,1753954979
PSE41501,11/20/2023,2023,1,Political violence,Explosions/Remote violence,Air/drone strike,Military Forces of Israel (2022-),,8,Civilians (Palestine),,7,78,Civilian targeting,275,Middle East,Palestine,Gaza Strip,Khan Yunis,,Hamad,31.3749,34.3193,1,Al Ghad (Jordan); Liveuamap; Palestine News and Information Agency; Quds News Network,Local partner-New media,"On 20 November 2023, Israeli warplanes carried out airstrikes on the outskirts of Hamad city (Khan Yunis, Gaza Strip), leaving dozens of fatalities, coded as 12.",12,,1753954979
PSE41517,11/20/2023,2023,1,Political violence,Explosions/Remote violence,Air/drone strike,Military Forces of Israel (2022-),,8,Civilians (Palestine),Refugees/IDPs (Palestine),7,78,Civilian targeting,275,Middle East,Palestine,Gaza Strip,Deir El Balah,,An Nusayrat,31.4486,34.3925,1,Liveuamap; Ma'an News Agency; Newpress; Twitter,Local partner-New media,"On 20 November 2023, Israeli warplanes struck a house on the outskirts of Al Malysia school in An Nusayrat refugee camp (Deir El Balah, Gaza Strip), killing 17 persons injuring several Palestinians.",17,,1753954979
PSE41539,11/20/2023,2023,1,Political violence,Explosions/Remote violence,Air/drone strike,Military Forces of Israel (2022-),,8,Civilians (Palestine),Refugees/IDPs (Palestine); UNRWA: United Nations Relief and Works Agency,7,78,Civilian targeting,275,Middle East,Palestine,Gaza Strip,Deir El Balah,,Al Burayj,31.4394,34.4031,1,Liveuamap; Palestine News and Information Agency; Quds News Network,Local partner-New media,"On 20 November 2023, Israeli artillery struck an UNRWA school hosting displaced people in Al Burayj refugee camp (Deir El Balah, Gaza Strip), killing at least 12 persons were killed and injuring dozens of others. Also, airstrikes killed another 10 persons after attacking a house in the refugee camp, raising total fatalities to 22 persons.",22,,1753954979
PSE41510,11/20/2023,2023,1,Political violence,Explosions/Remote violence,Air/drone strike,Military Forces of Israel (2022-),,8,Civilians (Palestine),,7,78,Civilian targeting,275,Middle East,Palestine,Gaza Strip,Gaza City,,Gaza - Southern Remal,31.5168,34.4355,1,Palestine News and Information Agency,National,"On 20 November 2023, Israeli warplanes struck houses in Gaza - Southern Remal (Gaza City, Gaza Strip), leaving dozens of fatalities and several others were injured., coded as 12.",12,,1759789988
PSE41398,11/20/2023,2023,1,Political violence,Explosions/Remote violence,Shelling/artillery/missile attack,Military Forces of Israel (2022-),,8,Civilians (Palestine),Health Workers (Palestine); Refugees/IDPs (Palestine),7,78,Civilian targeting,275,Middle East,Palestine,Gaza Strip,North Gaza,,Beit Lahiya,31.5541,34.5016,1,Al Ghad (Jordan); Government Media Office; Newpress; Palestine News and Information Agency; Palestinian Ministry of Health; Quds News Network; Twitter,Other-New media,"On 20 November 2023, Israeli troops opened fire toward the Indonesian Hospital in Beit Lahiya (North Gaza, Gaza Strip). In addition, the artillery fired shells in the area and toward the Indonesian Hospital. At least 12 patients were killed and dozens of Palestinians were injured, including 2 doctors. Separately, Israeli artillery shelled the Kuwait school near the Indonesian Hospital hosting displaced people in Beit Lahiya (North Gaza, Gaza Strip), leaving an unspecified number of fatalities. [Palestinian Ministry of Health reported 14128 fatalities between 7 October - 20 November 2023. 904 fatalities not attributed to specific events split across 7 events between 19-20 Nov. 118 fatalities coded to this event.] Total fatalities coded as 130.",130,,1753954979
PSE41506,11/20/2023,2023,1,Political violence,Explosions/Remote violence,Air/drone strike,Military Forces of Israel (2022-),,8,Civilians (Palestine),Refugees/IDPs (Palestine),7,78,Civilian targeting,275,Middle East,Palestine,Gaza Strip,North Gaza,,Jabalya Camp,31.536,34.4907,1,Government Media Office; Liveuamap; Newpress; Palestine News and Information Agency; Palestinian Ministry of Health; Quds News Network; Twitter,Local partner-New media,"On 20 November 2023, Israeli warplanes struck a house and the market of Mukhayyam Jabalya camp (North Gaza, Gaza Strip), leaving an unspecified number of fatalities and injuries. [Palestinian Ministry of Health reported 14128 fatalities between 7 October - 20 November 2023. 904 fatalities not attributed to specific events split across 7 events between 19-20 Nov. 129 fatalities coded to this event.]",129,,1753954979
PSE41514,11/20/2023,2023,1,Political violence,Explosions/Remote violence,Air/drone strike,Military Forces of Israel (2022-),,8,Civilians (Palestine),,7,78,Civilian targeting,275,Middle East,Palestine,Gaza Strip,Rafah,,Yibna,31.2842,34.2482,2,Palestine News and Information Agency; Quds News Network,National,"On 20 November 2023, Israeli warplanes struck targets and houses in Al Janinha neighborhoods east of Rafah city (coded to Yibna, Gaza Strip), killing 9 persons.",9,,1753954979
PSE41516,11/20/2023,2023,1,Political violence,Explosions/Remote violence,Air/drone strike,Military Forces of Israel (2022-),,8,Civilians (Palestine),,7,78,Civilian targeting,275,Middle East,Palestine,Gaza Strip,Gaza City,,Al Mughraqa,31.4675,34.4097,1,Ma'an News Agency; Quds News Network,National,"On 20 November 2023, Israeli warplanes struck a house in Al Mughraqa (Gaza City, Gaza Strip), killing 4 persons.",4,,1753954979
PSE41519,11/20/2023,2023,1,Political violence,Explosions/Remote violence,Air/drone strike,Military Forces of Israel (2022-),,8,Civilians (Palestine),,7,78,Civilian targeting,275,Middle East,Palestine,Gaza Strip,North Gaza,,Sheikh Zaid,31.5392,34.5117,1,Ma'an News Agency; Newpress; Quds News Network; Twitter,New media-National,"On 20 November 2023, Israeli warplanes struck a house in in Sheikh Zaid (North Gaza, Gaza Strip). Casualties unknown.",0,,1759789988
PSE41535,11/20/2023,2023,1,Political violence,Explosions/Remote violence,Shelling/artillery/missile attack,Military Forces of Israel (2022-),,8,Civilians (Palestine),,7,78,Civilian targeting,275,Middle East,Palestine,Gaza Strip,Gaza City,,Gaza - Az Zaytun,31.4964,34.4522,1,Government Media Office; Palestine News and Information Agency; Palestinian Ministry of Health,Other-National,"On 20 November 2023, Israeli artillery struck targets in Asqoula, Gaza - Az Zaytun (Gaza City, Gaza Strip), leaving an unspecified number of fatalities and injuries. [Palestinian Ministry of Health reported 14128 fatalities between 7 October - 20 November 2023. 904 fatalities not attributed to specific events split across 7 events between 19-20 Nov. 129 fatalities coded to this event.]",129,,1759789988
PSE41512,11/20/2023,2023,1,Political violence,Explosions/Remote violence,Air/drone strike,Military Forces of Israel (2022-),,8,Civilians (Palestine),Journalists (Palestine),7,78,Civilian targeting,275,Middle East,Palestine,Gaza Strip,Gaza City,,Gaza,31.5045,34.4743,1,Palestine News and Information Agency,National,"On 20 November 2023, Israeli warplanes struck a house in Gaza city (Gaza City, Gaza Strip), killing a Palestinian female journalist.",1,,1759789988
PSE41513,11/20/2023,2023,1,Political violence,Explosions/Remote violence,Air/drone strike,Military Forces of Israel (2022-),,8,Civilians (Palestine),Journalists (Palestine),7,78,Civilian targeting,275,Middle East,Palestine,Gaza Strip,North Gaza,,Beit Lahiya,31.5541,34.5016,1,Palestine News and Information Agency,National,"On 20 November 2023, Israeli warplanes struck a house in Beit Lahiya (North Gaza, Gaza Strip), killing a Palestinian female journalist.",1,,1753954979
PSE41507,11/20/2023,2023,1,Political violence,Explosions/Remote violence,Air/drone strike,Military Forces of Israel (2022-),,8,Civilians (Palestine),,7,78,Civilian targeting,275,Middle East,Palestine,Gaza Strip,Rafah,,Rafah,31.287,34.2595,1,Newpress; Palestine News and Information Agency; Quds News Network; Twitter,New media-National,"On 20 November 2023, Israeli warplanes struck 2 houses near Abu Yousef Al Najja Hospital in Rafah city (Rafah, Gaza Strip). At least 17 persons were killed and dozens of Palestinians were injured.",17,,1762829569
PSE41542,11/21/2023,2023,1,Political violence,Explosions/Remote violence,Shelling/artillery/missile attack,Military Forces of Israel (2022-),,8,Civilians (Palestine),,7,78,Civilian targeting,275,Middle East,Palestine,Gaza Strip,Gaza City,,Gaza Port,31.5245,34.4326,2,PLO Negotiations Affairs Department,Other,"On 21 November 2023, Israeli gunboats struck targets along the Coast of Gaza City (coded to Gaza Port, Gaza Strip). Casualties unknown.",0,,1753954979
PSE41543,11/21/2023,2023,1,Political violence,Explosions/Remote violence,Shelling/artillery/missile attack,Military Forces of Israel (2022-),,8,Civilians (Palestine),,7,78,Civilian targeting,275,Middle East,Palestine,Gaza Strip,Khan Yunis,,Khan Yunis Port,31.3691,34.2734,2,PLO Negotiations Affairs Department,Other,"On 21 November 2023, Israeli gunboats struck targets along the Coast of Khan Yunis (coded to Khan Yunis Port, Gaza Strip). Casualities unknown.",0,,1753954979
PSE41544,11/21/2023,2023,1,Political violence,Explosions/Remote violence,Shelling/artillery/missile attack,Military Forces of Israel (2022-),,8,Civilians (Palestine),,7,78,Civilian targeting,275,Middle East,Palestine,Gaza Strip,North Gaza,,Beit Lahiya - As Siafa,31.5887,34.4959,2,PLO Negotiations Affairs Department,Other,"On 21 November 2023, Israeli gunboats struck targets along the Coast of North Gaza (coded to Beit Lahiya - As Siafa, Gaza Strip). Casualties unknown.",0,,1762292062
PSE41545,11/21/2023,2023,1,Political violence,Explosions/Remote violence,Shelling/artillery/missile attack,Military Forces of Israel (2022-),,8,Civilians (Palestine),,7,78,Civilian targeting,275,Middle East,Palestine,Gaza Strip,Rafah,,Coast of Rafah,31.3474,34.2226,2,PLO Negotiations Affairs Department,Other,"On 21 November 2023, Israeli gunboats struck targets along the Coast of Rafah (Rafah, Gaza Strip). Casualties unknown.",0,,1753954979
PSE41547,11/21/2023,2023,1,Political violence,Explosions/Remote violence,Shelling/artillery/missile attack,Military Forces of Israel (2022-),,8,Civilians (Palestine),,7,78,Civilian targeting,275,Middle East,Palestine,Gaza Strip,Gaza City,,Gaza,31.5045,34.4743,2,PLO Negotiations Affairs Department,Other,"On 21 November 2023, Israeli artillery struck targets east and south of Gaza (Gaza City, Gaza Strip).",0,,1759789988
PSE41620,11/21/2023,2023,1,Political violence,Explosions/Remote violence,Air/drone strike,Military Forces of Israel (2022-),,8,Civilians (Palestine),,7,78,Civilian targeting,275,Middle East,Palestine,Gaza Strip,Khan Yunis,,Al Fukhari,31.2952,34.3332,1,Newpress; PLO Negotiations Affairs Department; Quds News Network; Twitter,Other-New media,"On 21 November 2023, Israeli warplanes struck targets on the outskirts of the European Hospital in Al Fukhari (Khan Yunis, Gaza Strip).",0,,1753954979
PSE41621,11/21/2023,2023,1,Political violence,Explosions/Remote violence,Air/drone strike,Military Forces of Israel (2022-),,8,Civilians (Palestine),,7,78,Civilian targeting,275,Middle East,Palestine,Gaza Strip,Khan Yunis,,Al Qararah,31.3739,34.3409,1,Palestine Information Center; PLO Negotiations Affairs Department,Other,"On 21 November 2023, Israeli warplanes struck targets in Al Qararah (Khan Yunis, Gaza Strip).",0,,1753954979
PSE41625,11/21/2023,2023,1,Political violence,Explosions/Remote violence,Air/drone strike,Military Forces of Israel (2022-),,8,Civilians (Palestine),,7,78,Civilian targeting,275,Middle East,Palestine,Gaza Strip,Khan Yunis,,Bani Suheila,31.3424,34.325,1,PLO Negotiations Affairs Department; Quds News Network; Twitter,Other-New media,"On 21 November 2023, Israeli warplanes struck targets in Bani Suheila (Khan Yunis, Gaza Strip).",0,,1753954979
PSE41628,11/21/2023,2023,1,Political violence,Explosions/Remote violence,Shelling/artillery/missile attack,Military Forces of Israel (2022-),,8,Civilians (Palestine),Health Workers (Palestine),7,78,Civilian targeting,275,Middle East,Palestine,Gaza Strip,Gaza City,,Gaza - Northern Remal,31.524,34.4505,1,Dunia Al Watan; PLO Negotiations Affairs Department; Quds News Network; Twitter,Other-New media,"On 21 November 2023, Israeli artillery struck Al Shifa Hospital in Gaza - Northern Remal (Gaza City, Gaza Strip), destroying part of the hospital.",0,,1759789988
PSE41630,11/21/2023,2023,1,Political violence,Explosions/Remote violence,Shelling/artillery/missile attack,Military Forces of Israel (2022-),,8,Civilians (Palestine),,7,78,Civilian targeting,275,Middle East,Palestine,Gaza Strip,Khan Yunis,,Bani Suheila,31.3424,34.325,2,PLO Negotiations Affairs Department,Other,"On 21 November 2023, Israeli artillery struck targets east of Khan Yunis (coded to Bani Suheila, Gaza Strip).",0,,1753954979
PSE41637,11/21/2023,2023,1,Political violence,Explosions/Remote violence,Air/drone strike,Military Forces of Israel (2022-),,8,Civilians (Palestine),,7,78,Civilian targeting,275,Middle East,Palestine,Gaza Strip,Gaza City,,Gaza - Ad Darraj,31.5172,34.4642,1,Palestine News and Information Agency; PLO Negotiations Affairs Department,Other-National,"On 21 November 2023, Israeli warplanes struck a house in Gaza - Ad Darraj (Gaza City, Gaza Strip).",0,,1759789988
PSE41644,11/21/2023,2023,1,Political violence,Explosions/Remote violence,Air/drone strike,Military Forces of Israel (2022-),,8,Civilians (Palestine),,7,78,Civilian targeting,275,Middle East,Palestine,Gaza Strip,Gaza City,,Gaza - Shujaiyya,31.4988,34.4699,1,Palestine News and Information Agency; Quds News Network; Twitter,New media-National,"On 21 November 2023, Israeli warplanes struck several houses in Gaza - Shujaiyya (Gaza City, Gaza Strip), killing at least 19 persons and injuring many Palestinians. In addition, another 5 persons were killed, raising the fatality number to at least 24 persons.",24,,1759789988
PSE41653,11/21/2023,2023,1,Political violence,Explosions/Remote violence,Air/drone strike,Military Forces of Israel (2022-),,8,Civilians (Palestine),,7,78,Civilian targeting,275,Middle East,Palestine,Gaza Strip,Khan Yunis,,Khan Yunis,31.3502,34.3081,1,Newpress; Palestine News and Information Agency; PLO Negotiations Affairs Department; Twitter,Other-New media,"On 21 November 2023, Israeli warplanes struck 3 houses in Khan Yunis city (Khan Yunis, Gaza Strip).",0,,1753954979
PSE41541,11/21/2023,2023,1,Political violence,Explosions/Remote violence,Shelling/artillery/missile attack,Military Forces of Israel (2022-),,8,Civilians (Palestine),,7,78,Civilian targeting,275,Middle East,Palestine,Gaza Strip,Deir El Balah,,Al Brawk,31.4204,34.339,2,PLO Negotiations Affairs Department,Other,"On 21 November 2023, Israeli gunboats struck targets along the Coast of Deir al Balah (coded to Al Brawk, Gaza Strip).",0,,1767742780
PSE41546,11/21/2023,2023,1,Political violence,Explosions/Remote violence,Shelling/artillery/missile attack,Military Forces of Israel (2022-),,8,Civilians (Palestine),,7,78,Civilian targeting,275,Middle East,Palestine,Gaza Strip,Deir El Balah,,Deir al Balah Camp,31.4249,34.34,2,PLO Negotiations Affairs Department,Other,"On 21 November 2023, Israeli artillery struck targets east of Deir El Balah (coded to Deir al Balah Camp, Gaza Strip). Casualties unknown.",0,,1765850627
PSE41619,11/21/2023,2023,1,Political violence,Explosions/Remote violence,Air/drone strike,Military Forces of Israel (2022-),,8,Civilians (Palestine),Refugees/IDPs (Palestine); UNRWA: United Nations Relief and Works Agency,7,78,Civilian targeting,275,Middle East,Palestine,Gaza Strip,Deir El Balah,,Al Burayj,31.4394,34.4031,1,Liveuamap; Palestine News and Information Agency; Quds News Network; Twitter,Local partner-New media,"On 21 November 2023, Israeli warplanes struck a UNRWA school hosting displaced people in Al Burayj refugee camp (Deir El Balah, Gaza Strip), killing 20 persons, including women and children, and injuring several others. In addition, another 4 Palestinians were killed after warplanes targeted a house, raising the total number of fatalities to 24.",24,,1753954979
PSE41623,11/21/2023,2023,1,Political violence,Explosions/Remote violence,Air/drone strike,Military Forces of Israel (2022-),,8,Civilians (Palestine),Refugees/IDPs (Palestine),7,78,Civilian targeting,275,Middle East,Palestine,Gaza Strip,Deir El Balah,,An Nusayrat,31.4486,34.3925,1,Newpress; Palestine News and Information Agency; Quds News Network; Twitter,New media-National,"On 21 November 2023, Israeli warplanes struck houses in An Nusayrat refugee camp (Deir El Balah, Gaza Strip), killing at least 20 persons and injuring several of others. Also, another 2 persons were killed after airplanes attacked a third house, raising the total number of fatalities to 22.",22,,1753954979
PSE41624,11/21/2023,2023,1,Political violence,Explosions/Remote violence,Air/drone strike,Military Forces of Israel (2022-),,8,Civilians (Palestine),,7,78,Civilian targeting,275,Middle East,Palestine,Gaza Strip,Deir El Balah,,An Nusayrat - West,31.4525,34.3756,1,PLO Negotiations Affairs Department; Quds News Network; Twitter,Other-New media,"On 21 November 2023, Israeli warplanes struck agricultural lands west of An Nusayrat refugee camp (An Nusayrat - West, Deir El Balah, Gaza Strip).",0,,1753954979
PSE41634,11/21/2023,2023,1,Political violence,Explosions/Remote violence,Air/drone strike,Military Forces of Israel (2022-),,8,Civilians (Palestine),,7,78,Civilian targeting,275,Middle East,Palestine,Gaza Strip,Deir El Balah,,Deir al Balah,31.4178,34.3503,1,Newpress; Palestine News and Information Agency; Quds News Network; Twitter,New media-National,"On 21 November 2023, Israeli warplanes struck houses in Deir al Balah (Deir El Balah, Gaza Strip). At least 24 persons were killed, and another 20 of Palestinians were injured.",24,,1753954979
PSE41646,11/21/2023,2023,1,Political violence,Explosions/Remote violence,Air/drone strike,Military Forces of Israel (2022-),,8,Civilians (Palestine),,7,78,Civilian targeting,275,Middle East,Palestine,Gaza Strip,Khan Yunis,,Hamad,31.3749,34.3193,1,Newpress; Palestine News and Information Agency; Quds News Network; Twitter,New media-National,"On 21 November 2023, Israeli warplanes struck a residential apartment in Hamad City (Khan Yunis, Gaza Strip). At least 15 persons were killed, and 25 of Palestinians were injured.",15,,1753954979
PSE41626,11/21/2023,2023,1,Political violence,Explosions/Remote violence,Air/drone strike,Military Forces of Israel (2022-),,8,Civilians (Palestine),Health Workers (Palestine); Labor Group (Palestine),7,78,Civilian targeting,275,Middle East,Palestine,Gaza Strip,North Gaza,,Beit Lahiya,31.5541,34.5016,1,Newpress; Palestine News and Information Agency; Quds News Network; Twitter,New media-National,"On 21 November 2023, Israeli warplanes struck the Indonesian Hospital, houses, and an ambulance outside the Kamal Odwan Hospital, in Beit Lahiya (North Gaza, Gaza Strip), destroying facilities and leaving dozens of fatalities and injuries, including a member of the Palestinian Civil Defense. Unknown fatalities coded as 12. Meanwhile, Israeli artillery shelled the Indonesian Hospital and nearby targets in Beit Lahiya, killing at least 10 persons and injuring a number of Palestinians. Total fatalities coded as 22.",22,,1753954979
PSE41643,11/21/2023,2023,1,Political violence,Explosions/Remote violence,Air/drone strike,Military Forces of Israel (2022-),,8,Civilians (Palestine),,7,78,Civilian targeting,275,Middle East,Palestine,Gaza Strip,Gaza City,,Gaza - Sabra,31.5086,34.4493,1,Palestine News and Information Agency,National,"On 21 November 2023, Israeli warplanes struck 3 houses in Gaza - Sabra (Gaza City, Gaza Strip), killing 15 persons.",15,,1759789988
PSE41656,11/21/2023,2023,1,Political violence,Explosions/Remote violence,Air/drone strike,Military Forces of Israel (2022-),,8,Civilians (Palestine),,7,78,Civilian targeting,275,Middle East,Palestine,Gaza Strip,Rafah,,Tal as Sultan,31.3098,34.2414,2,Quds News Network; Twitter,New media-National,"On 21 November 2023, Israeli warplanes struck and killed a Palestinian while collecting firewood west of Rafah (coded to Tal as Sultan, Gaza Strip). Also 2 persons were injured after airplanes struck agricultural lands west of Rafah.",1,,1762829569
PSE41654,11/21/2023,2023,1,Political violence,Explosions/Remote violence,Air/drone strike,Military Forces of Israel (2022-),,8,Civilians (Palestine),,7,78,Civilian targeting,275,Middle East,Palestine,Gaza Strip,Khan Yunis,,Khan Yunis - Ash Sheikh Naser,31.3398,34.3116,1,Palestine Information Center; PLO Negotiations Affairs Department,Other,"On 21 November 2023, Israeli warplanes struck a house in Khan Yunis - Ash Sheikh Naser (Khan Yunis, Gaza Strip).",0,,1753954979
PSE41655,11/21/2023,2023,1,Political violence,Explosions/Remote violence,Air/drone strike,Military Forces of Israel (2022-),,8,Civilians (Palestine),Labor Group (Palestine); Refugees/IDPs (Palestine),7,78,Civilian targeting,275,Middle East,Palestine,Gaza Strip,North Gaza,,Jabalya Camp,31.536,34.4907,1,Newpress; Palestine News and Information Agency; Quds News Network; Twitter,New media-National,"On 21 November 2023, Israeli warplanes struck 6 houses in al-Trans, Houja, and Bir al-Naja areas in Mukhayyam Jabalya camp (North Gaza, Gaza Strip), killing 6 persons and injuring several Palestinians. In addition, 5 persons, including 3 members of rescue staff (civil defense) were killed in a another round of airstrikes on the same day. Total number of fatalities 11.",11,,1753954979
PSE41627,11/21/2023,2023,1,Political violence,Explosions/Remote violence,Air/drone strike,Military Forces of Israel (2022-),,8,Civilians (Palestine),,7,78,Civilian targeting,275,Middle East,Palestine,Gaza Strip,North Gaza,,Beit Lahiya - Al Mashroo,31.5433,34.4998,1,Government Media Office; Newpress; Palestine News and Information Agency; Palestinian Ministry of Health; Quds News Network; Twitter,Other-New media,"On 21 November 2023, Israeli warplanes struck 9 houses in Beit Lahiya - Al Mashroo (North Gaza, Gaza Strip), leaving an unspecified number of fatalities and injuries. [Palestinian Ministry of Health reported 14854 fatalities between 7 October - 22 November 2023. 223 fatalities not attributed to specific events split across 8 events between 21-22 November. 28 fatalities coded to this event.]",28,,1753954979
PSE41622,11/21/2023,2023,1,Political violence,Explosions/Remote violence,Air/drone strike,Military Forces of Israel (2022-),,8,Civilians (Palestine),,7,78,Civilian targeting,275,Middle East,Palestine,Gaza Strip,Deir El Balah,,An Nusayrat,31.4486,34.3925,2,Newpress; Palestine News and Information Agency; Palestinian Ministry of Health; Twitter,Other-New media,"On 21 November 2023, Israeli warplanes struck a house east of An Nusayrat refugee camp (Deir El Balah, Gaza Strip), leaving an unspecified number of fatalities and injuries. [Palestinian Ministry of Health reported 14854 fatalities between 7 October - 22 November 2023. 223 fatalities not attributed to specific events split across 8 events between 21-22 November. 27 fatalities coded to this event.]",27,,1753954979
PSE41629,11/21/2023,2023,1,Political violence,Explosions/Remote violence,Shelling/artillery/missile attack,Military Forces of Israel (2022-),,8,Civilians (Palestine),,7,78,Civilian targeting,275,Middle East,Palestine,Gaza Strip,North Gaza,,Beit Hanoun - Al-Sekka,31.5463,34.5332,2,PLO Negotiations Affairs Department,Other,"On 21 November 2023, Israeli artillery struck targets east of North Gaza governorate (coded to Beit Hanoun - Al-Sekka) (Gaza Strip).",0,,1753954979
PSE41657,11/21/2023,2023,1,Political violence,Explosions/Remote violence,Air/drone strike,Military Forces of Israel (2022-),,8,Civilians (Palestine),,7,78,Civilian targeting,275,Middle East,Palestine,Gaza Strip,Rafah,,Yibna,31.2842,34.2482,2,PLO Negotiations Affairs Department; Quds News Network; Twitter,Other-New media,"On 21 November 2023, Israeli warplanes struck targets near the border with Egypt east of Rafah (coded to Yibna, Gaza Strip). Meanwhile, Israeli artillery struck targets east of Rafah on the same day too.",0,,1753954979
PSE41638,11/21/2023,2023,1,Political violence,Explosions/Remote violence,Air/drone strike,Military Forces of Israel (2022-),,8,Civilians (Palestine),,7,78,Civilian targeting,275,Middle East,Palestine,Gaza Strip,Gaza City,,Gaza - Az Zaytun,31.4964,34.4522,1,Government Media Office; Palestine News and Information Agency; Palestinian Ministry of Health,Other-National,"On 21 November 2023, Israeli warplanes struck 10 houses in Gaza - Az Zaytun (Gaza City, Gaza Strip), leaving an unspecified number of fatalities and injuries. [Palestinian Ministry of Health reported 14854 fatalities between 7 October - 22 November 2023. 223 fatalities not attributed to specific events split across 8 events between 21-22 November. 28 fatalities coded to this event.]",28,,1759789988
PSE41648,11/21/2023,2023,1,Political violence,Explosions/Remote violence,Air/drone strike,Military Forces of Israel (2022-),,8,Civilians (Palestine),Refugees/IDPs (Palestine),7,78,Civilian targeting,275,Middle East,Palestine,Gaza Strip,North Gaza,,Jabalya,31.5272,34.4835,2,Government Media Office; Newpress; Palestine News and Information Agency; Palestinian Ministry of Health; Quds News Network; Twitter,Other-New media,"On 21 November 2023, Israeli warplanes struck a school hosting displaced people, communications towers, and houses in Al Falouja area west of Jabalya (North Gaza, Gaza Strip), leaving an unspecified number of fatalities and injuries. [Palestinian Ministry of Health reported 14854 fatalities between 7 October - 22 November 2023. 223 fatalities not attributed to specific events split across 8 events between 21-22 November. 28 fatalities coded to this event.]",28,,1759789988
PSE41649,11/21/2023,2023,1,Political violence,Explosions/Remote violence,Air/drone strike,Military Forces of Israel (2022-),,8,Civilians (Palestine),Health Workers (Palestine),7,78,Civilian targeting,275,Middle East,Palestine,Gaza Strip,North Gaza,,Jabalya,31.5272,34.4835,1,Newpress; Palestine News and Information Agency; Quds News Network; Twitter,New media-National,"On 21 November 2023, Israeli warplanes struck the Al Awda Hospital and a residential area in Jabalya (North Gaza, Gaza Strip), killing at least 33 persons, including 4 health workers, and injuring dozens of Palestinians.",33,,1759789988
PSE41631,11/22/2023,2023,1,Political violence,Explosions/Remote violence,Shelling/artillery/missile attack,Military Forces of Israel (2022-),,8,Civilians (Palestine),,7,78,Civilian targeting,275,Middle East,Palestine,Gaza Strip,Khan Yunis,,Al Fukhari,31.2952,34.3332,1,Palestine News and Information Agency; PLO Negotiations Affairs Department; Quds News Network; Twitter,Other-New media,"On 22 November 2023, Israeli artillery struck targets in Al Fukhari (Khan Yunis, Gaza Strip).",0,,1753954979
PSE41633,11/22/2023,2023,1,Political violence,Explosions/Remote violence,Shelling/artillery/missile attack,Military Forces of Israel (2022-),,8,Civilians (Palestine),,7,78,Civilian targeting,275,Middle East,Palestine,Gaza Strip,Gaza City,,Gaza Port,31.5245,34.4326,2,PLO Negotiations Affairs Department,Other,"On 22 November 2023, Israeli gunboats struck targets along the Coast of Gaza City (coded to Gaza Port, Gaza Strip). Casualties unknown.",0,,1753954979
PSE41635,11/22/2023,2023,1,Political violence,Explosions/Remote violence,Shelling/artillery/missile attack,Military Forces of Israel (2022-),,8,Civilians (Palestine),,7,78,Civilian targeting,275,Middle East,Palestine,Gaza Strip,Khan Yunis,,Khan Yunis Port,31.3691,34.2734,2,PLO Negotiations Affairs Department,Other,"On 22 November 2023, Israeli gunboats struck targets along the Coast of Khan Yunis (coded to Khan Yunis Port, Gaza Strip). Casualities unknown.",0,,1753954979
PSE41641,11/22/2023,2023,1,Political violence,Explosions/Remote violence,Shelling/artillery/missile attack,Military Forces of Israel (2022-),,8,Civilians (Palestine),,7,78,Civilian targeting,275,Middle East,Palestine,Gaza Strip,North Gaza,,Beit Lahiya - As Siafa,31.5887,34.4959,2,PLO Negotiations Affairs Department,Other,"On 22 November 2023, Israeli gunboats struck targets along the Coast of North Gaza (coded to Beit Lahiya - As Siafa, Gaza Strip). Casualties unknown.",0,,1762292062
PSE41645,11/22/2023,2023,1,Political violence,Explosions/Remote violence,Shelling/artillery/missile attack,Military Forces of Israel (2022-),,8,Civilians (Palestine),,7,78,Civilian targeting,275,Middle East,Palestine,Gaza Strip,Rafah,,Coast of Rafah,31.3474,34.2226,2,PLO Negotiations Affairs Department,Other,"On 22 November 2023, Israeli gunboats struck targets along the Coast of Rafah (Rafah, Gaza Strip). Casualties unknown.",0,,1753954979
PSE41652,11/22/2023,2023,1,Political violence,Explosions/Remote violence,Shelling/artillery/missile attack,Military Forces of Israel (2022-),,8,Civilians (Palestine),,7,78,Civilian targeting,275,Middle East,Palestine,Gaza Strip,Gaza City,,Gaza - Shujaiyya,31.4988,34.4699,2,PLO Negotiations Affairs Department,Other,"On 22 November 2023, Israeli artillery struck targets east of Gaza (coded to Gaza - Shujaiyya, Gaza Strip). Casualties unknown.",0,,1759789988
PSE41661,11/22/2023,2023,1,Political violence,Explosions/Remote violence,Air/drone strike,Military Forces of Israel (2022-),,8,Civilians (Palestine),,7,78,Civilian targeting,275,Middle East,Palestine,Gaza Strip,Khan Yunis,,Al Fukhari,31.2952,34.3332,2,Palestine Information Center; PLO Negotiations Affairs Department,Other,"On 22 November 2023, Israeli warplanes struck a house east of Al Fukhari (Khan Yunis, Gaza Strip).",0,,1753954979
PSE41667,11/22/2023,2023,1,Political violence,Explosions/Remote violence,Air/drone strike,Military Forces of Israel (2022-),,8,Civilians (Palestine),,7,78,Civilian targeting,275,Middle East,Palestine,Gaza Strip,Khan Yunis,,Al Qararah,31.3739,34.3409,1,Palestine Information Center; PLO Negotiations Affairs Department,Other,"On 22 November 2023, Israeli warplanes struck agricultural lands in Al Qararah (Khan Yunis, Gaza Strip).",0,,1753954979
PSE41670,11/22/2023,2023,1,Political violence,Explosions/Remote violence,Air/drone strike,Military Forces of Israel (2022-),,8,Civilians (Palestine),,7,78,Civilian targeting,275,Middle East,Palestine,Gaza Strip,Khan Yunis,,Bani Suheila,31.3424,34.325,1,Palestine News and Information Agency; Quds News Network; Twitter,New media-National,"On 22 November 2023, Israeli military airplanes struck agricultural lands and a house in al-Zannah area in Bani Suheila (Khan Yunis, Gaza Strip), 3 persons were injured.",0,,1753954979
PSE41677,11/22/2023,2023,1,Political violence,Explosions/Remote violence,Shelling/artillery/missile attack,Military Forces of Israel (2022-),,8,Civilians (Palestine),,7,78,Civilian targeting,275,Middle East,Palestine,Gaza Strip,Khan Yunis,,Bani Suheila,31.3424,34.325,2,PLO Negotiations Affairs Department,Other,"On 22 November 2023, Israeli artillery struck targets east of Khan Yunis (coded to Bani Suheila, Gaza Strip).",0,,1753954979
PSE41685,11/22/2023,2023,1,Political violence,Explosions/Remote violence,Air/drone strike,Military Forces of Israel (2022-),,8,Civilians (Palestine),,7,78,Civilian targeting,275,Middle East,Palestine,Gaza Strip,Gaza City,,Gaza - Ad Darraj,31.5172,34.4642,1,Palestine News and Information Agency; Quds News Network; Twitter,New media-National,"On 22 November 2023, Israeli warplanes struck houses in Gaza - Ad Darraj (Gaza City, Gaza Strip), leaving dozens of fatalities and injuries. Fatalities coded as 12.",12,,1759789988
PSE41694,11/22/2023,2023,1,Political violence,Explosions/Remote violence,Air/drone strike,Military Forces of Israel (2022-),,8,Civilians (Palestine),,7,78,Civilian targeting,275,Middle East,Palestine,Gaza Strip,Gaza City,,Gaza - Sheikh Radwan,31.5349,34.4667,1,Palestine News and Information Agency; Quds News Network; Twitter,New media-National,"On 22 November 2023, Israeli warplanes struck houses in Gaza - Sheikh Radwan (Gaza City, Gaza Strip), killing at least 10 persons and injuring several of Palestinians. Meanwhile, Israeli artillery struck targets in Gaza - Sheikh Radwan, leaving dozens of fatalities and injuries. Unknown fatalities coded as 12. Total fatalities coded 22.",22,,1759789988
PSE41695,11/22/2023,2023,1,Political violence,Explosions/Remote violence,Air/drone strike,Military Forces of Israel (2022-),,8,Civilians (Palestine),Journalists (Palestine),7,78,Civilian targeting,275,Middle East,Palestine,Gaza Strip,Gaza City,,Gaza - Shujaiyya,31.4988,34.4699,1,Newpress; Palestine News and Information Agency; Quds News Network; Twitter,New media-National,"On 22 November 2023, Israeli warplanes struck at least 10 houses in Gaza - Shujaiyya (Gaza City, Gaza Strip), killing 30 persons including a Palestinian journalist, and injuring dozens of others.",30,,1759789988
PSE41705,11/22/2023,2023,1,Political violence,Explosions/Remote violence,Air/drone strike,Military Forces of Israel (2022-),,8,Civilians (Palestine),,7,78,Civilian targeting,275,Middle East,Palestine,Gaza Strip,Khan Yunis,,Khan Yunis,31.3502,34.3081,1,Quds News Network; Twitter,New media-National,"On 22 November 2023, Israeli warplanes struck a house in Khan Yunis (Khan Yunis, Gaza Strip), injuring a number of Palestinians.",0,,1753954979
PSE41706,11/22/2023,2023,1,Political violence,Explosions/Remote violence,Air/drone strike,Military Forces of Israel (2022-),,8,Civilians (Palestine),,7,78,Civilian targeting,275,Middle East,Palestine,Gaza Strip,Khan Yunis,,Khan Yunis - As Sater,31.3637,34.3228,1,Dunia Al Watan; Ma'an News Agency; Quds News Network; Twitter,New media-National,"On 22 November 2023, Israeli warplanes struck a house in Khan Yunis - As Sater (Khan Yunis, Gaza Strip), killing 6 Palestinians including a child and injuring 20 persons.",6,,1753954979
PSE41707,11/22/2023,2023,1,Political violence,Explosions/Remote violence,Air/drone strike,Military Forces of Israel (2022-),,8,Civilians (Palestine),,7,78,Civilian targeting,275,Middle East,Palestine,Gaza Strip,Khan Yunis,,Bani Suheila,31.3424,34.325,2,Palestine News and Information Agency; Quds News Network; Twitter,New media-National,"On 22 November 2023, Israeli warplanes struck houses east of Khan Yunis city (coded to Bani Suheila) (Khan Yunis, Gaza Strip), leaving dozens of fatalities and injuries. Fatalities coded as 12.",12,,1753954979
PSE41708,11/22/2023,2023,1,Political violence,Explosions/Remote violence,Air/drone strike,Military Forces of Israel (2022-),,8,Civilians (Palestine),,7,78,Civilian targeting,275,Middle East,Palestine,Gaza Strip,Khan Yunis,,Khan Yunis - West (Municipal Stadium),31.3484,34.2961,2,Palestine News and Information Agency,National,"On 22 November 2023, Israeli warplanes struck houses west of Khan Yunis city (coded to Khan Yunis - West (Municipal Stadium) (Gaza Strip), leaving dozens of fatalities and injuries. Unknown fatalities coded as 12. Meanwhile, a separate airstrike killed 5 civilians in the same area. Total fatalities coded as 17.",17,,1753954979
PSE41632,11/22/2023,2023,1,Political violence,Explosions/Remote violence,Shelling/artillery/missile attack,Military Forces of Israel (2022-),,8,Civilians (Palestine),,7,78,Civilian targeting,275,Middle East,Palestine,Gaza Strip,Deir El Balah,,Al Brawk,31.4204,34.339,2,PLO Negotiations Affairs Department,Other,"On 22 November 2023, Israeli gunboats struck targets along the Coast of Deir al Balah (coded to Al Brawk, Gaza Strip).",0,,1767742780
PSE41647,11/22/2023,2023,1,Political violence,Explosions/Remote violence,Shelling/artillery/missile attack,Military Forces of Israel (2022-),,8,Civilians (Palestine),,7,78,Civilian targeting,275,Middle East,Palestine,Gaza Strip,Deir El Balah,,Deir al Balah Camp,31.4249,34.34,2,PLO Negotiations Affairs Department,Other,"On 22 November 2023, Israeli artillery struck targets east of Deir El Balah (coded to Deir al Balah Camp, Gaza Strip). Casualties unknown.",0,,1765850627
PSE41662,11/22/2023,2023,1,Political violence,Explosions/Remote violence,Air/drone strike,Military Forces of Israel (2022-),,8,Civilians (Palestine),Refugees/IDPs (Palestine),7,78,Civilian targeting,275,Middle East,Palestine,Gaza Strip,Deir El Balah,,Al Maghazi,31.4214,34.3865,1,Palestine News and Information Agency; Quds News Network; Twitter,New media-National,"On 22 November 2023, Israeli warplanes struck houses in Al Maghazi refugee camp (Deir El Balah, Gaza Strip), leaving dozens of fatalities and injuries. Fatalities coded as 12.",12,,1753954979
PSE41663,11/22/2023,2023,1,Political violence,Explosions/Remote violence,Air/drone strike,Military Forces of Israel (2022-),,8,Civilians (Palestine),,7,78,Civilian targeting,275,Middle East,Palestine,Gaza Strip,Deir El Balah,,Al Maghazi,31.4214,34.3865,2,Newpress; PLO Negotiations Affairs Department; Twitter,Other-New media,"On 22 November 2023, Israeli warplanes attacked a target at Salah al-Din street north of Al Maghazi refugee camp (Deir El Balah, Gaza Strip).",0,,1753954979
PSE41668,11/22/2023,2023,1,Political violence,Explosions/Remote violence,Air/drone strike,Military Forces of Israel (2022-),,8,Civilians (Palestine),Refugees/IDPs (Palestine),7,78,Civilian targeting,275,Middle East,Palestine,Gaza Strip,Deir El Balah,,An Nusayrat,31.4486,34.3925,1,Newpress; Palestine News and Information Agency; PLO Negotiations Affairs Department; Quds News Network; Twitter,Other-New media,"On 22 November 2023, Israeli warplanes struck houses in An Nusayrat refugee camp (Deir El Balah, Gaza Strip), killing 11 persons. Also, another 9 persons were killed in a separate airstrike, raising total fatalities to 20. Several of Palestinians were also injured.",20,,1753954979
PSE41669,11/22/2023,2023,1,Political violence,Explosions/Remote violence,Air/drone strike,Military Forces of Israel (2022-),,8,Civilians (Palestine),,7,78,Civilian targeting,275,Middle East,Palestine,Gaza Strip,Deir El Balah,,Az Zawayda,31.4284,34.366,2,PLO Negotiations Affairs Department; Quds News Network; Twitter,Other-New media,"On 22 November 2023, Israeli warplanes struck a house north of Az Zawayda (Deir El Balah, Gaza Strip).",0,,1767742780
PSE41683,11/22/2023,2023,1,Political violence,Explosions/Remote violence,Air/drone strike,Military Forces of Israel (2022-),,8,Civilians (Palestine),,7,78,Civilian targeting,275,Middle East,Palestine,Gaza Strip,Deir El Balah,,Deir al Balah,31.4178,34.3503,1,Newpress; Palestine News and Information Agency; Quds News Network; Twitter,New media-National,"On 22 November 2023, Israeli warplanes struck a house in Deir al Balah (Deir El Balah, Gaza Strip), killing 4 persons, including a woman and 2 children.",4,,1753954979
PSE41504,11/22/2023,2023,1,Political violence,Violence against civilians,Attack,Military Forces of Israel (2022-),,8,Civilians (Palestine),,7,78,Civilian targeting,275,Middle East,Palestine,Gaza Strip,North Gaza,,Beit Lahiya - Al Mashroo,31.5433,34.4998,1,Palestine News and Information Agency; PLO Negotiations Affairs Department; Quds News Network; Twitter,Other-New media,"On 22 November 2023, Israeli troops opened fire toward Palestinian civilians in Beit Lahiya - Al Mashroo and nearby areas (North Gaza, Gaza Strip).",0,,1753954979
PSE41673,11/22/2023,2023,1,Political violence,Explosions/Remote violence,Air/drone strike,Military Forces of Israel (2022-),,8,Civilians (Palestine),,7,78,Civilian targeting,275,Middle East,Palestine,Gaza Strip,North Gaza,,Beit Lahiya,31.5541,34.5016,1,Palestine News and Information Agency; Quds News Network; Twitter,New media-National,"On 22 November 2023, Israeli warplanes struck residential buildings in Beit Lahiya and on the outskirts of the Indonesian Hospital in Beit Hanoun (North Gaza, Gaza Strip). 25 persons were killed in Beit Lahiya and Beit Hanoun. Fatalities split across 2 events. 13 fatalities coded to Beit Lahiya.",13,,1753954979
PSE41692,11/22/2023,2023,1,Political violence,Explosions/Remote violence,Air/drone strike,Military Forces of Israel (2022-),,8,Civilians (Palestine),,7,78,Civilian targeting,275,Middle East,Palestine,Gaza Strip,Gaza City,,Gaza - Sabra,31.5086,34.4493,1,Palestine News and Information Agency,National,"On 22 November 2023, Israeli warplanes struck houses in Gaza - Sabra (Gaza City, Gaza Strip), killing at least 15 persons and injuring several of Palestinians.",15,,1759789988
PSE41696,11/22/2023,2023,1,Political violence,Explosions/Remote violence,Air/drone strike,Military Forces of Israel (2022-),,8,Civilians (Palestine),,7,78,Civilian targeting,275,Middle East,Palestine,Gaza Strip,Gaza City,,Gaza - Southern Remal,31.5168,34.4355,1,Palestine News and Information Agency,National,"On 22 November 2023, Israeli warplanes struck houses in Gaza - Southern Remal (Gaza City, Gaza Strip), leaving dozens of fatalities and injuries. Fatalities coded as 12.",12,,1759789988
PSE41711,11/22/2023,2023,1,Political violence,Explosions/Remote violence,Air/drone strike,Military Forces of Israel (2022-),,8,Civilians (Palestine),,7,78,Civilian targeting,275,Middle East,Palestine,Gaza Strip,Rafah,,Tal as Sultan,31.3098,34.2414,2,Palestine News and Information Agency; Quds News Network; Twitter,New media-National,"On 22 November 2023, Israeli warplanes struck houses in the Saudi neighborhood west of Rafah (coded to Tal as Sultan, Gaza Strip), killing 3 persons and a number of Palestinians were injured.",3,,1762829569
PSE41709,11/22/2023,2023,1,Political violence,Explosions/Remote violence,Air/drone strike,Military Forces of Israel (2022-),,8,Civilians (Palestine),Refugees/IDPs (Palestine),7,78,Civilian targeting,275,Middle East,Palestine,Gaza Strip,North Gaza,,Jabalya Camp,31.536,34.4907,1,Al-Ittihad; Newpress; Palestine News and Information Agency; Quds News Network; Twitter,New media-National,"On 22 November 2023, Israeli warplanes struck houses in Mukhayyam Jabalya camp (North Gaza, Gaza Strip), killing 60 Palestinians.",60,,1753954979
PSE41690,11/22/2023,2023,1,Political violence,Explosions/Remote violence,Air/drone strike,Military Forces of Israel (2022-),,8,Civilians (Palestine),Refugees/IDPs (Palestine),7,78,Civilian targeting,275,Middle East,Palestine,Gaza Strip,Gaza City,,Gaza - Ash Shati' Camp,31.5349,34.4466,1,Palestine News and Information Agency,National,"On 22 November 2023, Israeli warplanes struck houses in Gaza - Ash Shati' Camp refugee camp (Gaza City, Gaza Strip), leaving dozens of fatalities and injuries. Fatalities coded as 12.",12,,1759789988
PSE41658,11/22/2023,2023,1,Political violence,Explosions/Remote violence,Air/drone strike,Military Forces of Israel (2022-),,8,Civilians (Palestine),Refugees/IDPs (Palestine),7,78,Civilian targeting,275,Middle East,Palestine,Gaza Strip,Deir El Balah,,Al Burayj,31.4394,34.4031,1,Government Media Office; Palestine News and Information Agency; Palestinian Ministry of Health; Quds News Network; Twitter,Other-New media,"On 22 November 2023, Israeli warplanes struck houses Al Burayj refugee camp (Deir El Balah, Gaza Strip), leaving dozens of fatalities and injuries. Unknown fatalities coded as 6. Also, several persons were killed after Israeli planes bombed Block 9 in the refugee camp on the same day. [Palestinian Ministry of Health reported 14854 fatalities between 7 October - 22 November 2023. 223 fatalities not attributed to specific events split across 8 events between 21-22 November. 28 fatalities coded to this event.] Total fatalities coded as 34.",34,,1753954979
PSE41675,11/22/2023,2023,1,Political violence,Explosions/Remote violence,Air/drone strike,Military Forces of Israel (2022-),,8,Civilians (Palestine),Labor Group (Palestine); Refugees/IDPs (Palestine),7,78,Civilian targeting,275,Middle East,Palestine,Gaza Strip,North Gaza,,Beit Lahiya - Al Mashroo,31.5433,34.4998,1,Government Media Office; Newpress; Palestine News and Information Agency; Palestinian Ministry of Health; Quds News Network; Twitter,Other-New media,"On 22 November 2023, Israeli warplanes struck staff of civil defense in Beit Lahiya - Al Mashroo (North Gaza, Gaza Strip). Also, airplanes struck al-Harthani School hosting displaced people, leaving an unspecified number of fatalities and injuries. Meanwhile, Israeli artillery struck targets in Beit Lahiya - Al Mashroo on the same day. [Palestinian Ministry of Health reported 14854 fatalities between 7 October - 22 November 2023. 223 fatalities not attributed to specific events split across 8 events between 21-22 November. 28 fatalities coded to this event.]",28,,1753954979
PSE41687,11/22/2023,2023,1,Political violence,Explosions/Remote violence,Air/drone strike,Military Forces of Israel (2022-),,8,Civilians (Palestine),,7,78,Civilian targeting,275,Middle East,Palestine,Gaza Strip,Gaza City,,Gaza - At Tuffah,31.5134,34.4751,1,Government Media Office; Palestine News and Information Agency; Palestinian Ministry of Health; PLO Negotiations Affairs Department; Quds News Network; Twitter,Other-New media,"On 22 November 2023, Israeli warplanes struck houses in Gaza - At Tuffah and near al-Zarqa area (Gaza City, Gaza Strip), leaving unspecified fatalities and injuries. Meanwhile, Israeli artillery struck targets near Al Mahata Mosque in Gaza - At Tuffah (Gaza City, Gaza Strip). [Palestinian Ministry of Health reported 14854 fatalities between 7 October - 22 November 2023. 223 fatalities not attributed to specific events split across 8 events between 21-22 November. 28 fatalities coded to this event.]",28,,1759789988
PSE41686,11/22/2023,2023,1,Political violence,Explosions/Remote violence,Air/drone strike,Military Forces of Israel (2022-),,8,Civilians (Palestine),,7,78,Civilian targeting,275,Middle East,Palestine,Gaza Strip,Gaza City,,Gaza - Ash Shaykh Ijlin,31.5098,34.4274,1,Palestine News and Information Agency,National,"On 22 November 2023, Israeli warplanes struck houses in Gaza - Ash Shaykh Ijlin (Gaza City, Gaza Strip), leaving dozens of fatalities and injuries. Fatalities coded as 12.",12,,1753954979
PSE41659,11/22/2023,2023,1,Political violence,Explosions/Remote violence,Shelling/artillery/missile attack,Military Forces of Israel (2022-),,8,Civilians (Palestine),,7,78,Civilian targeting,275,Middle East,Palestine,Gaza Strip,North Gaza,,Beit Hanoun - Al-Sekka,31.5463,34.5332,2,PLO Negotiations Affairs Department,Other,"On 22 November 2023, Israeli artillery struck targets east of North Gaza (coded to Beit Hanoun - Al-Sekka) (Gaza Strip).",0,,1753954979
PSE41671,11/22/2023,2023,1,Political violence,Explosions/Remote violence,Air/drone strike,Military Forces of Israel (2022-),,8,Civilians (Palestine),,7,78,Civilian targeting,275,Middle East,Palestine,Gaza Strip,North Gaza,,Beit Hanoun,31.5405,34.5402,1,Palestine News and Information Agency; Quds News Network; Twitter,New media-National,"On 22 November 2023, Israeli warplanes struck residential buildings in Beit Lahiya and on the outskirts of the Indonesian Hospital in Beit Hanoun (North Gaza, Gaza Strip). 25 persons were killed in Beit Lahiya and Beit Hanoun. Fatalities split across 2 events. 12 fatalities coded to Beit Lahiya.",12,,1753954979
PSE41666,11/22/2023,2023,1,Political violence,Explosions/Remote violence,Air/drone strike,Military Forces of Israel (2022-),,8,Civilians (Palestine),,7,78,Civilian targeting,275,Middle East,Palestine,Gaza Strip,Gaza City,,Al Mughraqa,31.4675,34.4097,2,PLO Negotiations Affairs Department; Quds News Network; Twitter,Other-New media,"On 22 November 2023, Israeli warplanes carried out airstrikes northwest of Al Mughraqa (Gaza City, Gaza Strip).",0,,1753954979
PSE41678,11/22/2023,2023,1,Political violence,Explosions/Remote violence,Shelling/artillery/missile attack,Military Forces of Israel (2022-),,8,Civilians (Palestine),,7,78,Civilian targeting,275,Middle East,Palestine,Gaza Strip,Rafah,,Yibna,31.2842,34.2482,2,PLO Negotiations Affairs Department,Other,"On 22 November 2023, Israeli artillery struck targets east of Rafah (coded to Yibna, Gaza Strip). Casualties unknown.",0,,1753954979
PSE41712,11/22/2023,2023,1,Political violence,Explosions/Remote violence,Air/drone strike,Military Forces of Israel (2022-),,8,Civilians (Palestine),,7,78,Civilian targeting,275,Middle East,Palestine,Gaza Strip,Rafah,,Yibna,31.2842,34.2482,2,Palestine News and Information Agency; Quds News Network; Twitter,New media-National,"On 22 November 2023, Israeli warplanes struck a house in al-Juninah area east of Rafah (coded to Yibna, Gaza Strip), killing 9 persons and injuring dozens of Palestinians.",9,,1753954979
PSE41566,11/22/2023,2023,1,Political violence,Violence against civilians,Attack,Military Forces of Israel (2022-),,8,Civilians (Palestine),Journalists (Palestine),7,78,Civilian targeting,275,Middle East,Palestine,Gaza Strip,North Gaza,,Jabalya,31.5272,34.4835,2,Quds News Network; Twitter,New media-National,"On 22 November 2023, an Israeli sniper shot and killed a Palestinian journalist in Al Saftawi area west of Jabalya (North Gaza, Gaza Strip).",1,,1759789988
PSE41689,11/22/2023,2023,1,Political violence,Explosions/Remote violence,Air/drone strike,Military Forces of Israel (2022-),,8,Civilians (Palestine),,7,78,Civilian targeting,275,Middle East,Palestine,Gaza Strip,Gaza City,,Gaza - Az Zaytun,31.4964,34.4522,1,PLO Negotiations Affairs Department; Quds News Network; Twitter,Other-New media,"On 22 November 2023, Israeli warplanes struck the outskirts of Salah al-Din Mosque in Gaza - Az Zaytun (Gaza City, Gaza Strip).",0,,1759789988
PSE41697,11/22/2023,2023,1,Political violence,Explosions/Remote violence,Air/drone strike,Military Forces of Israel (2022-),,8,Civilians (Palestine),,7,78,Civilian targeting,275,Middle East,Palestine,Gaza Strip,Gaza City,,Gaza - Tal el Hawa,31.5041,34.435,2,Palestine News and Information Agency; Quds News Network; Twitter,New media-National,"On 22 November 2023, Israeli warplanes struck houses in Gaza - Tal el Hawa and Barcelona area (Gaza City, Gaza Strip), leaving dozens of fatalities and injuries. Fatalities coded as 12.",12,,1759789988
PSE41699,11/22/2023,2023,1,Political violence,Explosions/Remote violence,Air/drone strike,Military Forces of Israel (2022-),,8,Civilians (Palestine),,7,78,Civilian targeting,275,Middle East,Palestine,Gaza Strip,North Gaza,,Jabalya,31.5272,34.4835,1,Government Media Office; Newpress; Palestine News and Information Agency; Palestinian Ministry of Health; Quds News Network; Twitter,Other-New media,"On 22 November 2023, Israeli warplanes struck houses in Jabalya and on the outskirts of Kamal Odwan Hospital in Jabalya (North Gaza, Gaza Strip). An unspecified number of Palestinians were killed and injured in an airstrikes. Meanwhile, Israeli artillery fired shells on the outskirts of the same hospital too. [Palestinian Ministry of Health reported 14854 fatalities between 7 October - 22 November 2023. 223 fatalities not attributed to specific events split across 8 events between 21-22 November. 28 fatalities coded to this event.]",28,,1759789988
PSE41701,11/22/2023,2023,1,Political violence,Explosions/Remote violence,Air/drone strike,Military Forces of Israel (2022-),,8,Civilians (Palestine),Muslim Group (Palestine),7,78,Civilian targeting,275,Middle East,Palestine,Gaza Strip,North Gaza,,Jabalya,31.5272,34.4835,2,Quds News Network; Twitter,New media-National,"On 22 November 2023, Israeli warplanes struck Al Nour Mosque in Al Falouja area west of Jabalya (North Gaza, Gaza Strip), killing 5 persons.",5,,1759789988
PSE41702,11/22/2023,2023,1,Political violence,Explosions/Remote violence,Air/drone strike,Military Forces of Israel (2022-),,8,Civilians (Palestine),,7,78,Civilian targeting,275,Middle East,Palestine,Gaza Strip,North Gaza,,Jabalya - Tel-Zaatar,31.5367,34.5035,1,Newpress; PLO Negotiations Affairs Department; Quds News Network; Twitter,Other-New media,"On 22 November 2023, Israeli warplanes carried out belt of fire airstrikes in Jabalya - Tel-Zaatar (North Gaza, Gaza Strip).",0,,1759789988
PSE41714,11/22/2023,2023,1,Political violence,Explosions/Remote violence,Air/drone strike,Military Forces of Israel (2022-),,8,Civilians (Palestine),,7,78,Civilian targeting,275,Middle East,Palestine,Gaza Strip,North Gaza,,Sheikh Zaid,31.5392,34.5117,1,Newpress; PLO Negotiations Affairs Department; Quds News Network; Twitter,Other-New media,"On 22 November 2023, Israeli warplanes carried out airstrikes in Sheikh Zaid (North Gaza, Gaza Strip).",0,,1759789988
PSE41713,11/22/2023,2023,1,Political violence,Explosions/Remote violence,Air/drone strike,Military Forces of Israel (2022-),,8,Civilians (Palestine),,7,78,Civilian targeting,275,Middle East,Palestine,Gaza Strip,Rafah,,Rafah,31.287,34.2595,1,Newpress; PLO Negotiations Affairs Department; Twitter,Other-New media,"On 22 November 2023, Israeli warplanes carried out airstrikes in Rafah city (Rafah, Gaza Strip).",0,,1762829569
PSE41676,11/22/2023,2023,1,Political violence,Explosions/Remote violence,Air/drone strike,Military Forces of Israel (2022-),,8,Civilians (Palestine),Refugees/IDPs (Palestine),7,78,Civilian targeting,275,Middle East,Palestine,Gaza Strip,Rafah,,Brazil Camp,31.2718,34.2532,1,Palestine News and Information Agency; Quds News Network; Twitter,New media-National,"On 22 November 2023, Israeli warplanes struck a house in Brazil Camp (Rafah, Gaza Strip), injuring a number of Palestinians.",0,,1753954979
PSE41724,11/23/2023,2023,1,Political violence,Explosions/Remote violence,Air/drone strike,Military Forces of Israel (2022-),,8,Civilians (Palestine),,7,78,Civilian targeting,275,Middle East,Palestine,Gaza Strip,Khan Yunis,,Bani Suheila,31.3424,34.325,1,Liveuamap; Newpress; Palestine News and Information Agency; Quds News Network; Twitter,Local partner-New media,"On 23 November 2023, Israeli warplanes struck 3 houses and agricultural lands in Bani Suheila (Khan Yunis, Gaza Strip), killing 15 persons and injuring 13 of others. In addition, and unidentified number of civilians from the same family were killed and injured in a separate airstrikes. Unknown fatalities coded as 3. Total fatalities coded as 18.",18,,1753954979
PSE41736,11/23/2023,2023,1,Political violence,Explosions/Remote violence,Air/drone strike,Military Forces of Israel (2022-),,8,Civilians (Palestine),,7,78,Civilian targeting,275,Middle East,Palestine,Gaza Strip,Gaza City,,Gaza,31.5045,34.4743,1,Palestine News and Information Agency; PLO Negotiations Affairs Department; Quds News Network; Twitter,Other-New media,"On 23 November 2023, Israeli warplanes struck targets in Gaza City (Gaza City, Gaza Strip), while Israeli military forces opened fire at Palestinians and Israeli artillery struck houses. Casualties unknown.",0,,1759789988
PSE41737,11/23/2023,2023,1,Political violence,Explosions/Remote violence,Air/drone strike,Military Forces of Israel (2022-),,8,Civilians (Palestine),,7,78,Civilian targeting,275,Middle East,Palestine,Gaza Strip,Gaza City,,Gaza - Ad Darraj,31.5172,34.4642,1,Palestine News and Information Agency,National,"On 23 November 2023, Israeli warplanes struck houses in Gaza - Ad Darraj (Gaza City, Gaza Strip), killing 5 persons and injuring 10.",5,,1759789988
PSE41738,11/23/2023,2023,1,Political violence,Explosions/Remote violence,Air/drone strike,Military Forces of Israel (2022-),,8,Civilians (Palestine),,7,78,Civilian targeting,275,Middle East,Palestine,Gaza Strip,Gaza City,,Gaza - At Tuffah,31.5134,34.4751,1,Palestine News and Information Agency; PLO Negotiations Affairs Department,Other-National,"On 23 November 2023, Israeli warplanes struck houses in Gaza - At Tuffah (Gaza City, Gaza Strip). Casualties unknown.",0,,1759789988
PSE41743,11/23/2023,2023,1,Political violence,Explosions/Remote violence,Air/drone strike,Military Forces of Israel (2022-),,8,Civilians (Palestine),,7,78,Civilian targeting,275,Middle East,Palestine,Gaza Strip,Gaza City,,Gaza - Sheikh Radwan,31.5349,34.4667,1,Newpress; Palestine News and Information Agency; Quds News Network; Twitter,New media-National,"On 23 November 2023, Israeli warplanes struck houses in Gaza - Sheikh Radwan (Gaza City, Gaza Strip), killing at least 10 persons and injuring dozens of others.",10,,1759789988
PSE41754,11/23/2023,2023,1,Political violence,Explosions/Remote violence,Air/drone strike,Military Forces of Israel (2022-),,8,Civilians (Palestine),,7,78,Civilian targeting,275,Middle East,Palestine,Gaza Strip,Khan Yunis,,Khan Yunis - Maen,31.336,34.3172,1,Palestine News and Information Agency,National,"On 23 November 2023, Israeli warplanes struck a house in Khan Yunis - Maen (Khan Yunis, Gaza Strip), killing 3 persons and injuring several of others.",3,,1753954979
PSE41755,11/23/2023,2023,1,Political violence,Explosions/Remote violence,Air/drone strike,Military Forces of Israel (2022-),,8,Civilians (Palestine),Refugees/IDPs (Palestine),7,78,Civilian targeting,275,Middle East,Palestine,Gaza Strip,Khan Yunis,,Khan Yunis - West (Municipal Stadium),31.3484,34.2961,2,Newpress; Palestine News and Information Agency; Quds News Network; Twitter,New media-National,"On 23 November 2023, Israeli warplanes struck a house near Abdel-Hadi gas station in Khan Yunis camp (coded to Khan Yunis - West (Municipal Stadium)) (Gaza Strip), leaving an unspecified number of fatalities and injuries among Palestinians. Fatalities coded as 3.",3,,1753954979
PSE41757,11/23/2023,2023,1,Political violence,Explosions/Remote violence,Air/drone strike,Military Forces of Israel (2022-),,8,Civilians (Palestine),,7,78,Civilian targeting,275,Middle East,Palestine,Gaza Strip,Khan Yunis,,Khuzaa,31.3069,34.3572,1,Newpress; Palestine News and Information Agency; PLO Negotiations Affairs Department; Quds News Network; Twitter,Other-New media,"On 23 November 2023, Israeli warplanes struck 3 mosques and a house in Khuzaa (Khan Yunis, Gaza Strip). Casualties unknown.",0,,1753954979
PSE41679,11/23/2023,2023,1,Political violence,Explosions/Remote violence,Shelling/artillery/missile attack,Military Forces of Israel (2022-),,8,Civilians (Palestine),,7,78,Civilian targeting,275,Middle East,Palestine,Gaza Strip,Deir El Balah,,Al Maghazi,31.4214,34.3865,1,PLO Negotiations Affairs Department; Quds News Network; Twitter,Other-New media,"On 23 November 2023, Israeli artillery shelled targets east of Al Maghazi (Deir El Balah, Gaza Strip). Casualties unknown.",0,,1753954979
PSE41716,11/23/2023,2023,1,Political violence,Explosions/Remote violence,Air/drone strike,Military Forces of Israel (2022-),,8,Civilians (Palestine),Refugees/IDPs (Palestine),7,78,Civilian targeting,275,Middle East,Palestine,Gaza Strip,Deir El Balah,,Al Burayj,31.4394,34.4031,1,Palestine News and Information Agency; Quds News Network; Twitter,New media-National,"On 23 November 2023, Israeli warplanes struck houses in Al Burayj (Deir El Balah, Gaza Strip) and An Nusayrat refugee camps, killing at least 14 persons and injuring a number of Palestinians in Al Burayj and An Nusayrat refugee camps. Fatalities split across 2 events.",7,,1753954979
PSE41722,11/23/2023,2023,1,Political violence,Explosions/Remote violence,Air/drone strike,Military Forces of Israel (2022-),,8,Civilians (Palestine),Journalists (Palestine); Refugees/IDPs (Palestine),7,78,Civilian targeting,275,Middle East,Palestine,Gaza Strip,Deir El Balah,,An Nusayrat,31.4486,34.3925,1,Newpress; Palestine News and Information Agency; Quds News Network; Twitter,New media-National,"On 23 November 2023, Israeli warplanes struck houses in Al Burayj and An Nusayrat refugee camps (Deir El Balah, Gaza Strip), killing at least 14 persons and injuring a number of Palestinians in Al Burayj and An Nusayrat refugee camps. Fatalities split across 2 events. A journalist was among the fatalities in the bombing targeting An Nusayrat camp. Also, another 15 persons were killed after attacking houses in a separate incident in the An Nusayrat. Total fatalities coded as 22.",22,,1755550811
PSE41723,11/23/2023,2023,1,Political violence,Explosions/Remote violence,Air/drone strike,Military Forces of Israel (2022-),,8,Civilians (Palestine),,7,78,Civilian targeting,275,Middle East,Palestine,Gaza Strip,Deir El Balah,,An Nusayrat - North,31.4591,34.3923,1,Quds News Network; Twitter,New media-National,"On 23 November 2023, Israeli warplanes struck lands near Wadi Gaza, north of An Nusayrat refugee camp (An Nusayrat - North, Deir El Balah, Gaza Strip), killing a Palestinian and injured several persons.",1,,1753954979
PSE41734,11/23/2023,2023,1,Political violence,Explosions/Remote violence,Air/drone strike,Military Forces of Israel (2022-),,8,Civilians (Palestine),,7,78,Civilian targeting,275,Middle East,Palestine,Gaza Strip,Deir El Balah,,Deir al Balah,31.4178,34.3503,1,Palestine News and Information Agency; Quds News Network; Twitter,New media-National,"On 23 November 2023, Israeli warplanes struck houses and an apartment in Deir al Balah city (Deir El Balah, Gaza Strip), killing 3 persons and injuring dozens of Palestinians.",3,,1753954979
PSE41726,11/23/2023,2023,1,Political violence,Explosions/Remote violence,Air/drone strike,Military Forces of Israel (2022-),,8,Civilians (Palestine),Health Workers (Palestine),7,78,Civilian targeting,275,Middle East,Palestine,Gaza Strip,North Gaza,,Beit Lahiya,31.5541,34.5016,1,Palestine News and Information Agency; Quds News Network; Twitter,New media-National,"On 23 November 2023, Israeli warplanes struck a residential area and houses in Beit Lahiya (North Gaza, Gaza Strip), leaving dozens of fatalities and injuries among Palestinians. In addition, Israeli soldiers fired toward and Israeli airplanes struck the Indonesian hospital and nearby areas, destroying electric generators. Fatalities coded as 12.",12,,1753954979
PSE41727,11/23/2023,2023,1,Political violence,Explosions/Remote violence,Air/drone strike,Military Forces of Israel (2022-),,8,Civilians (Palestine),,7,78,Civilian targeting,275,Middle East,Palestine,Gaza Strip,North Gaza,,Beit Lahiya - Al Mashroo,31.5433,34.4998,1,PLO Negotiations Affairs Department; Quds News Network; Twitter,Other-New media,"On 23 November 2023, Israeli warplanes struck a house in Beit Lahiya - Al Mashroo (North Gaza, Gaza Strip). Casualties unknown.",0,,1753954979
PSE41742,11/23/2023,2023,1,Political violence,Explosions/Remote violence,Air/drone strike,Military Forces of Israel (2022-),,8,Civilians (Palestine),,7,78,Civilian targeting,275,Middle East,Palestine,Gaza Strip,Gaza City,,Gaza - Sabra,31.5086,34.4493,1,Newpress; Palestine News and Information Agency; PLO Negotiations Affairs Department; Quds News Network; Twitter,Other-New media,"On 23 November 2023, Israeli warplanes struck houses in Gaza - Sabra (Gaza City, Gaza Strip), killing an injuring an unspecified number of Palestinians. Fatalities coded as 3. Meanwhile, Israeli artillery shelled targets in Gaza - Sabra.",3,,1759789988
PSE41753,11/23/2023,2023,1,Political violence,Explosions/Remote violence,Air/drone strike,Military Forces of Israel (2022-),,8,Civilians (Palestine),Journalists (Palestine),7,78,Civilian targeting,275,Middle East,Palestine,Gaza Strip,Khan Yunis,,Khan Yunis - Ash Sheikh Naser,31.3398,34.3116,1,Palestine News and Information Agency; Quds News Network,National,"On 23 November 2023, Israeli warplanes struck houses in Khan Yunis - Ash Sheikh Naser (Khan Yunis, Gaza Strip), killing 5 persons, and injuring many others including a journalist.",5,,1755550811
PSE41758,11/23/2023,2023,1,Political violence,Explosions/Remote violence,Air/drone strike,Military Forces of Israel (2022-),,8,Civilians (Palestine),Refugees/IDPs (Palestine); UNRWA: United Nations Relief and Works Agency,7,78,Civilian targeting,275,Middle East,Palestine,Gaza Strip,North Gaza,,Jabalya Camp,31.536,34.4907,1,Liveuamap; Newpress; Palestine News and Information Agency; Quds News Network; Twitter,Local partner-New media,"On 23 November 2023, Israeli warplanes carried out airstrikes in Abu Qamar Street in Mukhayyam Jabalya camp (North Gaza, Gaza Strip), killing 4 persons and injuring several others. In addition, 27 persons were killed and 93 others were wounded in airstrikes at the UNRWA school of Abu Hussian hosting displaced people in the same refugee camp, raising the total fatality number to 31.",31,,1753954979
PSE41721,11/23/2023,2023,1,Political violence,Explosions/Remote violence,Air/drone strike,Military Forces of Israel (2022-),,8,Civilians (Palestine),,7,78,Civilian targeting,275,Middle East,Palestine,Gaza Strip,Gaza City,,Al Zahra,31.4716,34.4013,1,Palestine News and Information Agency; PLO Negotiations Affairs Department,Other-National,"On 23 November 2023, Israeli warplanes struck a house in Al Zahra (Gaza City, Gaza Strip). Casualties unknown.",0,,1753954979
PSE41725,11/23/2023,2023,1,Political violence,Explosions/Remote violence,Air/drone strike,Military Forces of Israel (2022-),,8,Civilians (Palestine),,7,78,Civilian targeting,275,Middle East,Palestine,Gaza Strip,North Gaza,,Beit Hanoun,31.5405,34.5402,1,Palestine News and Information Agency,National,"On 23 November 2023, Israeli warplanes struck houses in Beit Hanoun (North Gaza, Gaza Strip), killing at least 20 persons and injuring dozens of Palestinians.",20,,1753954979
PSE41718,11/23/2023,2023,1,Political violence,Explosions/Remote violence,Air/drone strike,Military Forces of Israel (2022-),,8,Civilians (Palestine),,7,78,Civilian targeting,275,Middle East,Palestine,Gaza Strip,Gaza City,,Al Mughraqa,31.4675,34.4097,1,Palestine News and Information Agency; PLO Negotiations Affairs Department,Other-National,"On 23 November 2023, Israeli warplanes struck a house in Al Mughraqa (Gaza City, Gaza Strip). Casualties unknown.",0,,1753954979
PSE41719,11/23/2023,2023,1,Political violence,Explosions/Remote violence,Air/drone strike,Military Forces of Israel (2022-),,8,Civilians (Palestine),,7,78,Civilian targeting,275,Middle East,Palestine,Gaza Strip,Gaza City,,Al Mughraqa,31.4675,34.4097,2,Newpress; Palestine News and Information Agency; Quds News Network; Twitter,New media-National,"On 23 November 2023, Israeli warplanes struck 2 passing vehicles on the road between Al Mughraqa and An Nusayrat (Gaza City, Gaza Strip), killing 11 persons.",11,,1753954979
PSE41739,11/23/2023,2023,1,Political violence,Explosions/Remote violence,Air/drone strike,Military Forces of Israel (2022-),,8,Civilians (Palestine),,7,78,Civilian targeting,275,Middle East,Palestine,Gaza Strip,Gaza City,,Gaza - At Turukman,31.4864,34.4738,1,Palestine News and Information Agency,National,"On 23 November 2023, Israeli warplanes carried out airstrikes in Gaza - At Turukman (Gaza City, Gaza Strip), leaving an unspecified number of fatalities and injuries among Palestinians. Fatalities coded as 3. Meanwhile, Israeli artillery struck targets in Gaza - At Turukman.",3,,1762292062
PSE41762,11/23/2023,2023,1,Political violence,Explosions/Remote violence,Air/drone strike,Military Forces of Israel (2022-),,8,Civilians (Palestine),,7,78,Civilian targeting,275,Middle East,Palestine,Gaza Strip,Rafah,,Yibna,31.2842,34.2482,2,Palestine News and Information Agency; Quds News Network; Twitter,New media-National,"On 23 November 2023, Israeli warplanes struck a house east of Rafah city (coded to Yibna, Gaza Strip), killing 6 persons.",6,,1753954979
PSE41710,11/23/2023,2023,1,Political violence,Explosions/Remote violence,Shelling/artillery/missile attack,Military Forces of Israel (2022-),,8,Civilians (Palestine),,7,78,Civilian targeting,275,Middle East,Palestine,Gaza Strip,North Gaza,,Jabalya - Tel-Zaatar,31.5367,34.5035,1,Newpress; PLO Negotiations Affairs Department; Quds News Network; Twitter,Other-New media,"On 23 November 2023, Israeli artillery shelled targets in Jabalya - Tel-Zaatar (North Gaza, Gaza Strip). Casualties unknown.",0,,1759789988
PSE41740,11/23/2023,2023,1,Political violence,Explosions/Remote violence,Air/drone strike,Military Forces of Israel (2022-),,8,Civilians (Palestine),,7,78,Civilian targeting,275,Middle East,Palestine,Gaza Strip,Gaza City,,Gaza - Az Zaytun,31.4964,34.4522,1,Newpress; Palestine News and Information Agency; Quds News Network; Twitter,New media-National,"On 23 November 2023, Israeli warplanes struck 11 houses in Gaza - Az Zaytun (Gaza City, Gaza Strip). 40 persons were killed and injured. Unknown fatalities coded as 20. Meanwhile, Israeli artillery struck several houses in Gaza - Az Zaytun.",20,,1759789988
PSE41745,11/23/2023,2023,1,Political violence,Explosions/Remote violence,Air/drone strike,Military Forces of Israel (2022-),,8,Civilians (Palestine),,7,78,Civilian targeting,275,Middle East,Palestine,Gaza Strip,Gaza City,,Gaza - Tal el Hawa,31.5041,34.435,1,PLO Negotiations Affairs Department; Quds News Network; Twitter,Other-New media,"On 23 November 2023, Israeli warplanes struck the Gaza - Tal el Hawa (Gaza City, Gaza Strip). Casualties unknown.",0,,1759789988
PSE41747,11/23/2023,2023,1,Political violence,Explosions/Remote violence,Air/drone strike,Military Forces of Israel (2022-),,8,Civilians (Palestine),,7,78,Civilian targeting,275,Middle East,Palestine,Gaza Strip,North Gaza,,Jabalya,31.5272,34.4835,1,Newpress; Palestine News and Information Agency; Quds News Network; Twitter,New media-National,"On 23 November 2023, Israeli warplanes struck houses in Jabalya town and on the outskirts of Kamal Odwan Hospital (North Gaza, Gaza Strip), leaving dozens of fatalities and injuries among Palestinians. Fatalities coded as 12.",12,,1759789988
PSE41756,11/23/2023,2023,1,Political violence,Explosions/Remote violence,Air/drone strike,Military Forces of Israel (2022-),,8,Civilians (Palestine),,7,78,Civilian targeting,275,Middle East,Palestine,Gaza Strip,Rafah,,Khirbet al Adas,31.2855,34.2714,1,Quds News Network; Twitter,New media-National,"On 23 November 2023, Israeli warplanes struck a house near the junction of Khirbet al Adas (Rafah, Gaza Strip), killing a Palestinian.",1,,1753954979
PSE41761,11/23/2023,2023,1,Political violence,Explosions/Remote violence,Air/drone strike,Military Forces of Israel (2022-),,8,Civilians (Palestine),Refugees/IDPs (Palestine),7,78,Civilian targeting,275,Middle East,Palestine,Gaza Strip,Rafah,,Rafah,31.287,34.2595,1,Newpress; Palestine News and Information Agency; Quds News Network; Twitter,New media-National,"On 23 November 2023, Israeli warplanes struck a charity hosting displaced people near the Kuwaiti Hospital in Rafah city (Rafah, Gaza Strip). An unspecified number of Palestinians were killed and injured. Fatalities coded as 3.",3,,1762829569
PSE41764,11/23/2023,2023,1,Political violence,Explosions/Remote violence,Air/drone strike,Military Forces of Israel (2022-),,8,Civilians (Palestine),,7,78,Civilian targeting,275,Middle East,Palestine,Gaza Strip,Khan Yunis,,Umm Kameil,31.3046,34.3014,2,Palestine News and Information Agency,National,"On 23 November 2023, Israeli warplanes struck a house in Miraj area, near Umm Kameil (Khan Yunis, Gaza Strip), killing a woman and injuring a number of Palestinians.",1,,1753954979
PSE41580,11/24/2023,2023,1,Political violence,Violence against civilians,Attack,Military Forces of Israel (2022-),,8,Civilians (Palestine),,7,78,Civilian targeting,275,Middle East,Palestine,Gaza Strip,Khan Yunis,,Bani Suheila,31.3424,34.325,2,Quds News Network; Twitter,New media-National,"On 24 November 2023, Israeli troops opened fire, likely toward Palestinian civilians, following the start of a truce east of Khan Yunis (coded to Bani Suheila, Gaza Strip). Casualties unknown.",0,,1753954979
PSE41731,11/24/2023,2023,1,Political violence,Explosions/Remote violence,Shelling/artillery/missile attack,Military Forces of Israel (2022-),,8,Civilians (Palestine),,7,78,Civilian targeting,275,Middle East,Palestine,Gaza Strip,Gaza City,,Gaza Port,31.5245,34.4326,2,PLO Negotiations Affairs Department,Other,"On 24 November 2023, Israeli gunboats struck targets along the Coast of Gaza City (coded to Gaza Port, Gaza Strip). Casualties unknown.",0,,1753954979
PSE41732,11/24/2023,2023,1,Political violence,Explosions/Remote violence,Shelling/artillery/missile attack,Military Forces of Israel (2022-),,8,Civilians (Palestine),,7,78,Civilian targeting,275,Middle East,Palestine,Gaza Strip,Khan Yunis,,Khan Yunis Port,31.3691,34.2734,2,PLO Negotiations Affairs Department,Other,"On 24 November 2023, Israeli gunboats struck targets along the Coast of Khan Yunis (coded to Khan Yunis Port, Gaza Strip). Casualties unknown.",0,,1753954979
PSE41733,11/24/2023,2023,1,Political violence,Explosions/Remote violence,Shelling/artillery/missile attack,Military Forces of Israel (2022-),,8,Civilians (Palestine),,7,78,Civilian targeting,275,Middle East,Palestine,Gaza Strip,North Gaza,,Beit Lahiya - As Siafa,31.5887,34.4959,2,PLO Negotiations Affairs Department,Other,"On 24 November 2023, Israeli gunboats struck targets along the Coast of North Gaza (coded to Beit Lahiya - As Siafa, Gaza Strip). Casualties unknown.",0,,1762292062
PSE41735,11/24/2023,2023,1,Political violence,Explosions/Remote violence,Shelling/artillery/missile attack,Military Forces of Israel (2022-),,8,Civilians (Palestine),,7,78,Civilian targeting,275,Middle East,Palestine,Gaza Strip,Rafah,,Coast of Rafah,31.3474,34.2226,2,PLO Negotiations Affairs Department,Other,"On 24 November 2023, Israeli gunboats struck targets along the Coast of Rafah (Rafah, Gaza Strip). Casualties unknown.",0,,1753954979
PSE41750,11/24/2023,2023,1,Political violence,Explosions/Remote violence,Shelling/artillery/missile attack,Military Forces of Israel (2022-),,8,Civilians (Palestine),,7,78,Civilian targeting,275,Middle East,Palestine,Gaza Strip,Gaza City,,Gaza - Shujaiyya,31.4988,34.4699,2,PLO Negotiations Affairs Department,Other,"On 24 November 2023, Israeli artillery struck targets east of Gaza (coded to Gaza - Shujaiyya, Gaza Strip). Casualties unknown.",0,,1759789988
PSE41760,11/24/2023,2023,1,Political violence,Explosions/Remote violence,Shelling/artillery/missile attack,Military Forces of Israel (2022-),,8,Civilians (Palestine),,7,78,Civilian targeting,275,Middle East,Palestine,Gaza Strip,Khan Yunis,,Bani Suheila,31.3424,34.325,2,PLO Negotiations Affairs Department,Other,"On 24 November 2023, Israeli artillery struck targets east of Khan Yunis (coded to Bani Suheila, Gaza Strip). Casualties unknown.",0,,1753954979
PSE41780,11/24/2023,2023,1,Political violence,Explosions/Remote violence,Air/drone strike,Military Forces of Israel (2022-),,8,Civilians (Palestine),,7,78,Civilian targeting,275,Middle East,Palestine,Gaza Strip,Gaza City,,Gaza,31.5045,34.4743,1,Joe Truzman; Newpress; PLO Negotiations Affairs Department; Quds News Network; Twitter,Other-New media,"On 24 November 2023, Israeli warplanes and artillery struck targets in Gaza City (Gaza City, Gaza Strip). Casualties unknown.",0,,1759789988
PSE41575,11/24/2023,2023,1,Political violence,Violence against civilians,Attack,Military Forces of Israel (2022-),,8,Civilians (Palestine),Refugees/IDPs (Palestine),7,78,Civilian targeting,275,Middle East,Palestine,Gaza Strip,Deir El Balah,,An Nusayrat - North,31.4591,34.3923,1,Al Ghad (Jordan); Dunia Al Watan; Newpress; Palestine News and Information Agency; Quds News Network; Twitter,New media-National,"On 24 November 2023, Israeli military forces opened fire toward displaced Palestinians who tried to reach the North Gaza Strip, in the Wadi Gaza area, north of An Nusayrat refugee camp (An Nusayrat - North, Deir El Balah, Gaza Strip), killing 2 Palestinians and injuring 7 persons.",2,,1753954979
PSE41730,11/24/2023,2023,1,Political violence,Explosions/Remote violence,Shelling/artillery/missile attack,Military Forces of Israel (2022-),,8,Civilians (Palestine),,7,78,Civilian targeting,275,Middle East,Palestine,Gaza Strip,Deir El Balah,,Al Brawk,31.4204,34.339,2,PLO Negotiations Affairs Department,Other,"On 24 November 2023, Israeli gunboats struck targets along the Coast of Deir al Balah (coded to Al Brawk, Gaza Strip). Casualties unknown.",0,,1767742780
PSE41746,11/24/2023,2023,1,Political violence,Explosions/Remote violence,Shelling/artillery/missile attack,Military Forces of Israel (2022-),,8,Civilians (Palestine),,7,78,Civilian targeting,275,Middle East,Palestine,Gaza Strip,Deir El Balah,,Deir al Balah Camp,31.4249,34.34,2,PLO Negotiations Affairs Department,Other,"On 24 November 2023, Israeli artillery struck targets east of Deir El Balah (coded to Deir al Balah Camp, Gaza Strip). Casualties unknown.",0,,1765850627
PSE41765,11/24/2023,2023,1,Political violence,Explosions/Remote violence,Air/drone strike,Military Forces of Israel (2022-),,8,Civilians (Palestine),,7,78,Civilian targeting,275,Middle East,Palestine,Gaza Strip,Deir El Balah,,Al Maghazi,31.4214,34.3865,1,Newpress; PLO Negotiations Affairs Department; Twitter,Other-New media,"On 24 November 2023, Israeli warplanes and artillery struck targets in Al Maghazi refugee camp (Deir El Balah, Gaza Strip). Casualties unknown.",0,,1753954979
PSE41768,11/24/2023,2023,1,Political violence,Explosions/Remote violence,Air/drone strike,Military Forces of Israel (2022-),,8,Civilians (Palestine),Journalists (Palestine); Refugees/IDPs (Palestine),7,78,Civilian targeting,275,Middle East,Palestine,Gaza Strip,Deir El Balah,,An Nusayrat,31.4486,34.3925,1,Newpress; Palestine News and Information Agency; Quds News Network; Twitter,New media-National,"On 24 November 2023, Israeli warplanes struck houses in An Nusayrat refugee camp (Deir El Balah, Gaza Strip), leaving an unspecified number of fatalities and injuries among Palestinians, including a journalist. Fatalities coded as 3.",3,,1753954979
PSE41769,11/24/2023,2023,1,Political violence,Explosions/Remote violence,Air/drone strike,Military Forces of Israel (2022-),,8,Civilians (Palestine),,7,78,Civilian targeting,275,Middle East,Palestine,Gaza Strip,Deir El Balah,,Az Zawayda,31.4284,34.366,1,Newpress; PLO Negotiations Affairs Department; Twitter,Other-New media,"On 24 November 2023, Israeli warplanes struck targets in Az Zawayda (Deir El Balah, Gaza Strip). Casualties unknown.",0,,1767742780
PSE41787,11/24/2023,2023,1,Political violence,Explosions/Remote violence,Air/drone strike,Military Forces of Israel (2022-),,8,Civilians (Palestine),,7,78,Civilian targeting,275,Middle East,Palestine,Gaza Strip,North Gaza,,Jabalya Camp,31.536,34.4907,1,Newpress; PLO Negotiations Affairs Department; Quds News Network; Twitter,Other-New media,"On 24 November 2023, Israeli warplanes struck targets and fired white phosphorus bombs at the market of Mukhayyam Jabalya camp (North Gaza, Gaza Strip). Casualties unknown. HRW and other international organizations have accused Israel of using white phosphorous bombs.",0,,1753954979
PSE41752,11/24/2023,2023,1,Political violence,Explosions/Remote violence,Shelling/artillery/missile attack,Military Forces of Israel (2022-),,8,Civilians (Palestine),,7,78,Civilian targeting,275,Middle East,Palestine,Gaza Strip,North Gaza,,Beit Hanoun - Al-Sekka,31.5463,34.5332,2,PLO Negotiations Affairs Department,Other,"On 24 November 2023, Israeli artillery struck targets east of North Gaza (coded to Beit Hanoun - Al-Sekka) (Gaza Strip). Casualties unknown.",0,,1753954979
PSE41592,11/24/2023,2023,1,Political violence,Violence against civilians,Attack,Military Forces of Israel (2022-),,8,Civilians (Palestine),,7,78,Civilian targeting,275,Middle East,Palestine,Gaza Strip,Rafah,,Yibna,31.2842,34.2482,2,Quds News Network; Twitter,New media-National,"On 24 November 2023, Israeli troops opened fire, likely toward Palestinian civilians, following the start of a truce, east of Rafah (coded to Yibna, Gaza Strip). Casualties unknown.",0,,1753954979
PSE41770,11/24/2023,2023,1,Political violence,Explosions/Remote violence,Shelling/artillery/missile attack,Military Forces of Israel (2022-),,8,Civilians (Palestine),,7,78,Civilian targeting,275,Middle East,Palestine,Gaza Strip,Rafah,,Yibna,31.2842,34.2482,2,PLO Negotiations Affairs Department,Other,"On 24 November 2023, Israeli artillery struck targets east of Rafah (coded to Yibna, Gaza Strip). Casualties unknown.",0,,1753954979
PSE41782,11/24/2023,2023,1,Political violence,Explosions/Remote violence,Air/drone strike,Military Forces of Israel (2022-),,8,Civilians (Palestine),,7,78,Civilian targeting,275,Middle East,Palestine,Gaza Strip,North Gaza,,Jabalya,31.5272,34.4835,1,Joe Truzman; Newpress; Palestine News and Information Agency; Quds News Network; Twitter,New media-National,"On 24 November 2023, Israeli warplanes struck a house in Jabalya town (North Gaza, Gaza Strip), killing 10 persons.",10,,1759789988
PSE41783,11/24/2023,2023,1,Political violence,Explosions/Remote violence,Air/drone strike,Military Forces of Israel (2022-),,8,Civilians (Palestine),,7,78,Civilian targeting,275,Middle East,Palestine,Gaza Strip,North Gaza,,Jabalya,31.5272,34.4835,2,Newpress; PLO Negotiations Affairs Department; Quds News Network; Twitter,Other-New media,"On 24 November 2023, Israeli warplanes struck targets west of Jabalya (North Gaza, Gaza Strip). Casualties unknown.",0,,1759789988
PSE41729,11/24/2023,2023,1,Political violence,Explosions/Remote violence,Shelling/artillery/missile attack,Military Forces of Israel (2022-),,8,Civilians (Palestine),Health Workers (Palestine),7,78,Civilian targeting,275,Middle East,Palestine,Gaza Strip,North Gaza,,Beit Lahiya,31.5541,34.5016,1,Palestine News and Information Agency; Quds News Network; Twitter,New media-National,"On 24 November 2023, Israeli military forces opened fire at the Indonesian Hospital and struck with artillery fire the hospital in Beit Lahiya (North Gaza, Gaza Strip), leaving an unspecified number of Palestinians, including health workers and patients, dead or injured. Also, a patient woman was shot dead by soldiers. Fatalities coded as 3.",3,,1753954979
PSE42025,11/25/2023,2023,1,Political violence,Violence against civilians,Attack,Military Forces of Israel (2022-),,8,Civilians (Palestine),Refugees/IDPs (Palestine),7,78,Civilian targeting,275,Middle East,Palestine,Gaza Strip,Deir El Balah,,An Nusayrat - North,31.4591,34.3923,1,Quds News Network,National,"On 25 November 2023, Israeli military forces opened fire toward displaced Palestinians who tried to reach the North Gaza Strip, likely in the Wadi Gaza area, north of An Nusayrat refugee camp (An Nusayrat - North, Deir El Balah, Gaza Strip). An unspecified number of Palestinians were injured.",0,,1753954979
PSE42069,11/26/2023,2023,1,Political violence,Violence against civilians,Attack,Military Forces of Israel (2022-),,8,Civilians (Palestine),Farmers (Palestine),7,78,Civilian targeting,275,Middle East,Palestine,Gaza Strip,Deir El Balah,,Al Maghazi,31.4214,34.3865,2,Al-Ittihad; Arab 48; Dunia Al Watan; Jerusalem Post; Liveuamap; Ma'an News Agency; Newpress; Palestine News and Information Agency; PLO Negotiations Affairs Department; Quds News Network; Twitter,Local partner-New media,"On 26 November 2023, Israeli military forces opened fire toward Palestinian farmers while working east of Al Maghazi refugee camp (Deir El Balah, Gaza Strip). A farmer was killed, and another one was injured.",1,,1753954979
PSE42045,11/26/2023,2023,1,Political violence,Violence against civilians,Attack,Military Forces of Israel (2022-),,8,Civilians (Palestine),,7,78,Civilian targeting,275,Middle East,Palestine,Gaza Strip,North Gaza,,Beit Lahiya,31.5541,34.5016,1,Al-Ittihad; Arab 48; Dunia Al Watan; Jerusalem Post; Ma'an News Agency; Palestine News and Information Agency; PLO Negotiations Affairs Department; Quds News Network,Other-National,"On 26 November 2023, Israeli military forces opened fire toward Palestinians on the outskirts of the Indonesian Hospital in Beit Lahiya (North Gaza, Gaza Strip), injuring 3 civilians.",0,,1753954979
PSE42044,11/26/2023,2023,1,Political violence,Violence against civilians,Attack,Military Forces of Israel (2022-),,8,Civilians (Palestine),,7,78,Civilian targeting,275,Middle East,Palestine,Gaza Strip,Gaza City,,Gaza - Tal el Hawa,31.5041,34.435,1,Al-Ittihad; Arab 48; Dunia Al Watan; Jerusalem Post; Ma'an News Agency; Palestine News and Information Agency; PLO Negotiations Affairs Department; Quds News Network,Other-National,"On 26 November 2023, Israeli military forces opened fire toward Palestinians on the outskirts of the Rantisi Hospital in Gaza - Tal el Hawa (Gaza City, Gaza Strip), injuring 4 civilians.",0,,1759789988
PSE42052,11/27/2023,2023,1,Political violence,Violence against civilians,Attack,Military Forces of Israel (2022-),,8,Civilians (Palestine),,7,78,Civilian targeting,275,Middle East,Palestine,Gaza Strip,Deir El Balah,,Al Maghazi,31.4214,34.3865,2,Palestine News and Information Agency; PLO Negotiations Affairs Department; Quds News Network; Twitter,Other-New media,"On 27 November 2023, Israeli military forces opened fire toward Palestinian houses east of Al Maghazi refugee camp (Deir El Balah, Gaza Strip). There were no casualties.",0,,1753954979
PSE41792,11/28/2023,2023,1,Political violence,Violence against civilians,Attack,Military Forces of Israel (2022-),,8,Civilians (Palestine),Refugees/IDPs (Palestine),7,78,Civilian targeting,275,Middle East,Palestine,Gaza Strip,Gaza City,,Gaza - Sheikh Radwan,31.5349,34.4667,1,Al-Ittihad; Palestine News and Information Agency; PLO Negotiations Affairs Department; Quds News Network; Twitter,Other-New media,"On 28 November 2023, Israeli military forces opened fire at displaced Palestinians while they were attempting to return to their houses in Gaza - Sheikh Radwan (Gaza City, Gaza Strip). 4 civilians were injured, one in critical condition, in Gaza - Nasr and Gaza - Sheikh Radwan.",0,,1759789988
PSE41796,11/28/2023,2023,1,Political violence,Violence against civilians,Attack,Military Forces of Israel (2022-),,8,Civilians (Palestine),,7,78,Civilian targeting,275,Middle East,Palestine,Gaza Strip,Khan Yunis,,Bani Suheila,31.3424,34.325,2,Al-Ittihad; Palestine News and Information Agency; PLO Negotiations Affairs Department; Quds News Network; Twitter,Other-New media,"On 28 November 2023, Israeli military forces opened fire at Palestinians and their houses east of Khan Yunis (coded to Bani Suheila, Gaza Strip). Casualties unknown.",0,,1753954979
PSE41824,11/28/2023,2023,1,Political violence,Explosions/Remote violence,Shelling/artillery/missile attack,Military Forces of Israel (2022-),,8,Civilians (Palestine),,7,78,Civilian targeting,275,Middle East,Palestine,Gaza Strip,Gaza City,,Gaza,31.5045,34.4743,1,Al-Ittihad; Palestine News and Information Agency,National-Regional,"On 28 November 2023, Israeli artillery shelled a number of Palestinian houses in Gaza City (Gaza Strip), causing a fire. Casualties unknown.",0,,1759789988
PSE41794,11/28/2023,2023,1,Political violence,Violence against civilians,Attack,Military Forces of Israel (2022-),,8,Civilians (Palestine),,7,78,Civilian targeting,275,Middle East,Palestine,Gaza Strip,Deir El Balah,,Al Burayj,31.4394,34.4031,2,Al-Ittihad; Palestine News and Information Agency; PLO Negotiations Affairs Department,Other-National,"On 28 November 2023, Israeli military forces opened fire at Palestinians and their houses east of Al Burayj refugee camp (Deir El Balah, Gaza Strip). Casualties unknown.",0,,1753954979
PSE41795,11/28/2023,2023,1,Political violence,Violence against civilians,Attack,Military Forces of Israel (2022-),,8,Civilians (Palestine),,7,78,Civilian targeting,275,Middle East,Palestine,Gaza Strip,Deir El Balah,,Al Maghazi,31.4214,34.3865,2,Al-Ittihad; Palestine News and Information Agency; PLO Negotiations Affairs Department; Quds News Network; Twitter,Other-New media,"On 28 November 2023, Israeli military forces opened fire at Palestinians and their houses east of Al Maghazi refugee camp (Deir El Balah, Gaza Strip). Casualties unknown.",0,,1753954979
PSE41800,11/28/2023,2023,1,Political violence,Violence against civilians,Attack,Military Forces of Israel (2022-),,8,Civilians (Palestine),,7,78,Civilian targeting,275,Middle East,Palestine,Gaza Strip,Gaza City,,Gaza - Sabra,31.5086,34.4493,1,PLO Negotiations Affairs Department,Other,"On 28 November 2023, Israeli military forces opened fire at Palestinians in Gaza - Sabra (Gaza City, Gaza Strip). There were no casualties",0,,1759789988
PSE41791,11/28/2023,2023,1,Political violence,Violence against civilians,Attack,Military Forces of Israel (2022-),,8,Civilians (Palestine),Refugees/IDPs (Palestine),7,78,Civilian targeting,275,Middle East,Palestine,Gaza Strip,Gaza City,,Gaza - Nasr,31.534,34.4574,1,Al-Ittihad; Palestine News and Information Agency,National-Regional,"On 28 November 2023, Israeli military forces opened fire at displaced Palestinians while they were attempting to return to their houses in Gaza - Nasr (Gaza City, Gaza Strip). 4 civilians were injured, one in critical condition, in Gaza - Nasr and Gaza - Sheikh Radwan.",0,,1753954979
PSE41797,11/28/2023,2023,1,Political violence,Explosions/Remote violence,Shelling/artillery/missile attack,Military Forces of Israel (2022-),,8,Civilians (Palestine),Refugees/IDPs (Palestine),7,78,Civilian targeting,275,Middle East,Palestine,Gaza Strip,Gaza City,,Gaza - Ash Shati' Camp,31.5349,34.4466,1,Quds News Network; Twitter,New media-National,"On 28 November 2023, Israeli tanks opened fire toward the Gaza - Ash Shati' Camp refugee camp (Gaza City, Gaza Strip), likely targeting civilians and houses. Casualties unknown.",0,,1759789988
PSE41798,11/28/2023,2023,1,Political violence,Violence against civilians,Attack,Military Forces of Israel (2022-),,8,Civilians (Palestine),,7,78,Civilian targeting,275,Middle East,Palestine,Gaza Strip,Rafah,,Yibna,31.2842,34.2482,2,Quds News Network; Twitter,New media-National,"On 28 November 2023, Israeli troops opened fire east of Rafah (coded to Yibna, Gaza Strip), likely targeting civilians and houses. Casualties unknown.",0,,1753954979
PSE41793,11/28/2023,2023,1,Political violence,Violence against civilians,Attack,Military Forces of Israel (2022-),,8,Civilians (Palestine),,7,78,Civilian targeting,275,Middle East,Palestine,Gaza Strip,Gaza City,,Gaza - Tal el Hawa,31.5041,34.435,1,Al-Ittihad; Palestine News and Information Agency; PLO Negotiations Affairs Department; Quds News Network; Twitter,Other-New media,"On 28 November 2023, Israeli military forces opened fire at Palestinians while they were attempting to return to their houses in Gaza - Tal el Hawa and on the outskirts of the Al Quds Hospital (Gaza City, Gaza Strip). Casualties unknown.",0,,1759789988
PSE41801,11/29/2023,2023,1,Political violence,Violence against civilians,Attack,Military Forces of Israel (2022-),,8,Civilians (Palestine),Farmers (Palestine),7,78,Civilian targeting,275,Middle East,Palestine,Gaza Strip,Khan Yunis,,Bani Suheila,31.3424,34.325,2,Quds News Network; Twitter,New media-National,"On 29 November 2023, Israeli military forces opened fire at Palestinian farmers east of Khan Yunis (coded to Bani Suheila, Gaza Strip). Casualties unknown.",0,,1753954979
PSE41827,11/29/2023,2023,1,Political violence,Explosions/Remote violence,Shelling/artillery/missile attack,Military Forces of Israel (2022-),,8,Civilians (Palestine),,7,78,Civilian targeting,275,Middle East,Palestine,Gaza Strip,Gaza City,,Gaza - Sheikh Radwan,31.5349,34.4667,1,Ma'an News Agency; Palestine News and Information Agency; PLO Negotiations Affairs Department,Other-National,"On 29 November 2023, Israeli artillery and gunboats shelled Palestinian houses in Gaza - Sheikh Radwan (Gaza City, Gaza Strip), causing a fire. Casualties unknown.",0,,1759789988
PSE41841,11/29/2023,2023,1,Political violence,Explosions/Remote violence,Shelling/artillery/missile attack,Military Forces of Israel (2022-),,8,Civilians (Palestine),,7,78,Civilian targeting,275,Middle East,Palestine,Gaza Strip,Khan Yunis,,Khan Yunis - West (Municipal Stadium),31.3484,34.2961,2,PLO Negotiations Affairs Department,Other,"On 29 November 2023, Israeli gunboats shelled Palestinian houses west of Khan Yunis (coded to Khan Yunis - West (Municipal Stadium), Gaza Strip). Casualties unknown.",0,,1753954979
PSE41825,11/29/2023,2023,1,Political violence,Explosions/Remote violence,Shelling/artillery/missile attack,Military Forces of Israel (2022-),,8,Civilians (Palestine),,7,78,Civilian targeting,275,Middle East,Palestine,Gaza Strip,Gaza City,,Gaza - Nasr,31.534,34.4574,1,Ma'an News Agency; Palestine News and Information Agency; PLO Negotiations Affairs Department,Other-National,"On 29 November 2023, Israeli artillery shelled Palestinian houses in Gaza - Nasr (Gaza City, Gaza Strip), causing a fire. Casualties unknown.",0,,1753954979
PSE41802,11/29/2023,2023,1,Political violence,Violence against civilians,Attack,Military Forces of Israel (2022-),,8,Civilians (Palestine),,7,78,Civilian targeting,275,Middle East,Palestine,Gaza Strip,Gaza City,,Gaza - Ash Shati' Camp,31.5349,34.4466,2,Quds News Network; Twitter,New media-National,"On 29 November 2023, Israeli military forces opened fire northwest of Gaza City, Gaza - Ash Shati' Camp area (Gaza City, Gaza Strip), likely toward civilians. Casualties unknown.",0,,1759789988
PSE41839,11/29/2023,2023,1,Political violence,Explosions/Remote violence,Shelling/artillery/missile attack,Military Forces of Israel (2022-),,8,Civilians (Palestine),Refugees/IDPs (Palestine),7,78,Civilian targeting,275,Middle East,Palestine,Gaza Strip,Gaza City,,Gaza - Ash Shati' Camp,31.5349,34.4466,1,PLO Negotiations Affairs Department,Other,"On 29 November 2023, Israeli gunboats shelled Palestinian houses in Gaza - Ash Shati' Camp refugee camp (Gaza City, Gaza Strip). Casualties unknown.",0,,1759789988
PSE42067,11/29/2023,2023,1,Political violence,Violence against civilians,Attack,Military Forces of Israel (2022-),,8,Civilians (Palestine),,7,78,Civilian targeting,275,Middle East,Palestine,Gaza Strip,North Gaza,,Beit Hanoun,31.5405,34.5402,2,Palestine News and Information Agency; PLO Negotiations Affairs Department; Quds News Network; Twitter,Other-New media,"On 29 November 2023, Israeli military forces opened fire at Palestinians east of Beit Hanoun (North Gaza, Gaza Strip), injuring a civilian who succumbed to his wounds on 30 November 2023.",1,,1753954979
PSE41803,11/29/2023,2023,1,Political violence,Violence against civilians,Attack,Military Forces of Israel (2022-),,8,Civilians (Palestine),,7,78,Civilian targeting,275,Middle East,Palestine,Gaza Strip,Gaza City,,Gaza - Tal el Hawa,31.5041,34.435,1,PLO Negotiations Affairs Department,Other,"On 29 November 2023, Israeli military forces opened fire at Palestinians in Gaza - Tal el Hawa (Gaza City, Gaza Strip), injuring 2 civilians in Beit Hanoun and Gaza - Tal el Hawa.",0,,1759789988
PSE41807,11/30/2023,2023,1,Political violence,Violence against civilians,Attack,Military Forces of Israel (2022-),,8,Civilians (Palestine),Farmers (Palestine),7,78,Civilian targeting,275,Middle East,Palestine,Gaza Strip,Khan Yunis,,Bani Suheila,31.3424,34.325,2,Palestine Information Center; Quds News Network; Twitter,Other-New media,"On 30 November 2023, Israeli military forces opened fire at agricultural lands east of Khan Yunis (coded to Bani Suheila, Gaza Strip), likely targeting Palestinian farmers. Casualties unknown.",0,,1753954979
PSE41808,11/30/2023,2023,1,Political violence,Violence against civilians,Attack,Military Forces of Israel (2022-),,8,Civilians (Palestine),,7,78,Civilian targeting,275,Middle East,Palestine,Gaza Strip,Gaza City,,Gaza - Sheikh Radwan,31.5349,34.4667,1,Quds News Network,National,"On 30 November 2023, Israeli military forces opened fire on the outskirts of Gaza - Sheikh Radwan (Gaza City, Gaza Strip), likely targeting civilians. Casualties unknown.",0,,1759789988
PSE41806,11/30/2023,2023,1,Political violence,Explosions/Remote violence,Shelling/artillery/missile attack,Military Forces of Israel (2022-),,8,Civilians (Palestine),,7,78,Civilian targeting,275,Middle East,Palestine,Gaza Strip,Gaza City,,Gaza - Nasr,31.534,34.4574,1,Palestine News and Information Agency; PLO Negotiations Affairs Department; Quds News Network; Twitter,Other-New media,"On 30 November 2023, Israeli tanks opened fire at Palestinian houses in Gaza - Nasr (Gaza City, Gaza Strip). Casualties unknown.",0,,1753954979
PSE41805,11/30/2023,2023,1,Political violence,Violence against civilians,Attack,Military Forces of Israel (2022-),,8,Civilians (Palestine),Journalists (Palestine),7,78,Civilian targeting,275,Middle East,Palestine,Gaza Strip,Gaza City,,Gaza - Nezarim,31.484,34.4056,2,Palestine News and Information Agency; PLO Negotiations Affairs Department; Quds News Network; Twitter,Other-New media,"On 30 November 2023, Israeli military forces shot and injured a Palestinian journalist south of Wadi Gaza (coded to Gaza - Nezarim) (Gaza City, Gaza Strip).",0,,1753954979
