event_id_cnty,event_date,year,time_precision,disorder_type,event_type,sub_event_type,actor1,assoc_actor_1,inter1,actor2,assoc_actor_2,inter2,interaction,civilian_targeting,iso,region,country,admin1,admin2,admin3,location,latitude,longitude,geo_precision,source,source_scale,notes,fatalities,tags,timestamp
PSE60456,10/1/2024,2024,1,Political violence,Explosions/Remote violence,Air/drone strike,Military Forces of Israel (2022-),,8,Civilians (Palestine),,7,78,Civilian targeting,275,Middle East,Palestine,Gaza Strip,Deir El Balah,,Al Burayj,31.4394,34.4031,1,Arab 48; Dunia Al Watan; Newpress; Quds News Network; Twitter,New media-National,"On 1 October 2024, at around 16:51, Israeli warplanes struck a killed 3 children at the entrance of Al Burayj Camp (Deir El Balah, Gaza Strip).",3,,1753956638
PSE60492,10/1/2024,2024,1,Political violence,Explosions/Remote violence,Air/drone strike,Military Forces of Israel (2022-),,8,Civilians (Palestine),Refugees/IDPs (Palestine),7,78,Civilian targeting,275,Middle East,Palestine,Gaza Strip,Deir El Balah,,An Nusayrat,31.4486,34.3925,1,Ma'an News Agency; Palestine News and Information Agency; Quds News Network,National,"On 1 October 2024, at approximately 13:00, Israeli warplanes struck a group of people in An Nusayrat Camp (Deir El Balah, Gaza Strip), killing 3 Palestinians and injuring 8 more.",3,,1753956638
PSE60601,10/1/2024,2024,1,Political violence,Explosions/Remote violence,Air/drone strike,Military Forces of Israel (2022-),,8,Civilians (Palestine),,7,78,Civilian targeting,275,Middle East,Palestine,Gaza Strip,Gaza City,,Gaza - Shujaiyya,31.4988,34.4699,1,Arab 48; Ma'an News Agency; Newpress; Quds News Network; Twitter,New media-National,"On 1 October 2024, at approximately 22:25, Israeli warplanes struck a house at Nazir street in Gaza - Shujaiyya (Gaza City, Gaza Strip), killing 8 Palestinians.",8,,1759790002
PSE60659,10/1/2024,2024,1,Political violence,Explosions/Remote violence,Air/drone strike,Military Forces of Israel (2022-),,8,Civilians (Palestine),,7,78,Civilian targeting,275,Middle East,Palestine,Gaza Strip,Khan Yunis,,Khan Yunis - West (Municipal Stadium),31.3484,34.2961,2,Dunia Al Watan; Newpress; Palestine News and Information Agency; Quds News Network; Twitter,New media-National,"On 1 October 2024, at approximately 13:40, Israeli warplanes struck a passing car west near Al Namsawi of Khan Yunis, coded to (Khan Yunis - West (Municipal Stadium), Gaza Strip), killing 6 Palestinians including a child.",6,,1753956638
PSE60794,10/1/2024,2024,1,Political violence,Explosions/Remote violence,Shelling/artillery/missile attack,Military Forces of Israel (2022-),,8,Civilians (Palestine),,7,78,Civilian targeting,275,Middle East,Palestine,Gaza Strip,Khan Yunis,,Khan Yunis - Maen,31.336,34.3172,1,Arab 48; Quds News Network,National,"On 1 October 2024, at approximately 20:21, Israeli artillery shelled the Khan Yunis - Maen (Khan Yunis, Gaza Strip). Unspecified number of Palestinians were killed [coded as 3].",3,,1753956638
PSE60544,10/1/2024,2024,1,Political violence,Violence against civilians,Attack,Military Forces of Israel (2022-),,8,Civilians (Palestine),Health Workers (Palestine); Refugees/IDPs (Palestine),7,78,Civilian targeting,275,Middle East,Palestine,Gaza Strip,Gaza City,,Gaza - Nezarim,31.484,34.4056,2,Arab 48; Israeli Defense Forces; Jerusalem Post; Palestine News and Information Agency; Twitter,Other-New media,"On 1 October 2024, at approximately 00:00, Israeli forces opened fire at displaced Palestinians who were attempting to return to the northern Gaza Strip near Gaza - Nezarim (Gaza City, Gaza Strip), leaving several injuries. Also, soldiers opened fire at Palestinian ambulances [there were no casualties].",0,,1753956638
PSE60577,10/1/2024,2024,1,Political violence,Explosions/Remote violence,Air/drone strike,Military Forces of Israel (2022-),,8,Civilians (Palestine),,7,78,Civilian targeting,275,Middle East,Palestine,Gaza Strip,Gaza City,,Gaza - Az Zaytun,31.4964,34.4522,1,Dunia Al Watan; Palestine News and Information Agency; Quds News Network,National,"On 1 October 2024, at around 10:40, Israeli warplanes struck a house in al-Nadim Street in Gaza - Az Zaytun (Gaza City, Gaza Strip), killing 2 Palestinians and injuring others. Also, at approximately 6:29 and 22:45, Israeli artillery shelled targets in Az Zaytun [casualties unknown]. Total fatalities were at least 2.",2,,1759790002
PSE60647,10/1/2024,2024,1,Political violence,Explosions/Remote violence,Air/drone strike,Military Forces of Israel (2022-),,8,Civilians (Palestine),,7,78,Civilian targeting,275,Middle East,Palestine,Gaza Strip,Khan Yunis,,Khan Yunis - Jourat Al-Loot,31.3314,34.3004,2,Arab 48; Quds News Network,National,"On 1 October 2024, at approximately 22:49, Israeli warplanes struck 2 houses in Al Manarah area south of Khan Yunis, coded to Khan Yunis - Jourat Al-Loot (Khan Yunis, Gaza Strip), Killing a Palestinian and leaving a number of injuries.",1,,1753956638
PSE60661,10/1/2024,2024,1,Political violence,Explosions/Remote violence,Air/drone strike,Military Forces of Israel (2022-),,8,Civilians (Palestine),,7,78,Civilian targeting,275,Middle East,Palestine,Gaza Strip,Rafah,,Khirbet al Adas,31.2855,34.2714,2,Dunia Al Watan,National,"On 1 October 2024, Israeli forces killed 2 Palestinians, likely by airstrikes in Musabba area north of Rafah, coded to Khirbet al Adas (Rafah, Gaza Strip).",2,,1753956638
PSE60662,10/1/2024,2024,1,Political violence,Explosions/Remote violence,Air/drone strike,Military Forces of Israel (2022-),,8,Civilians (Palestine),,7,78,Civilian targeting,275,Middle East,Palestine,Gaza Strip,Rafah,,Khirbet al Adas,31.2855,34.2714,1,Ma'an News Agency; Quds News Network,National,"On 1 October 2024, rescue teams recovered 3 bodies of Palestinians in Khirbet al Adas (Rafah, Gaza Strip), killed by airstrikes.",3,,1753956638
PSE60687,10/1/2024,2024,1,Political violence,Explosions/Remote violence,Air/drone strike,Military Forces of Israel (2022-),,8,Civilians (Palestine),,7,78,Civilian targeting,275,Middle East,Palestine,Gaza Strip,Khan Yunis,,Qizan an Najjar,31.323,34.2761,1,Newpress; Quds News Network; Twitter,New media-National,"On 1 October 2024, at approximately 22:31, Israeli UAVs opened fire and struck a house in Qizan an Najjar, causing injuries. Also, at approximately 19:51, Israeli troops advanced toward Qizan an Najjar (Khan Yunis, Gaza Strip) amid artillery and tanks fire. Unspecified number of Palestinians were killed [coded as 3].",3,,1753956638
PSE60454,10/2/2024,2024,1,Political violence,Explosions/Remote violence,Air/drone strike,Military Forces of Israel (2022-),,8,Civilians (Palestine),,7,78,Civilian targeting,275,Middle East,Palestine,Gaza Strip,Khan Yunis,,Abasan al Kabirah,31.3191,34.3401,1,Arab 48,National,"On 2 October 2024, Israeli warplanes struck a house in Abasan al Kabirah (Khan Yunis, Gaza Strip). Casualties unknown.",0,,1753956638
PSE60494,10/2/2024,2024,1,Political violence,Explosions/Remote violence,Air/drone strike,Military Forces of Israel (2022-),,8,Civilians (Palestine),Refugees/IDPs (Palestine),7,78,Civilian targeting,275,Middle East,Palestine,Gaza Strip,Deir El Balah,,An Nusayrat,31.4486,34.3925,1,Al-Ittihad; Palestine News and Information Agency; Quds News Network,National-Regional,"On 2 October 2024, at approximately 19:00, Israeli warplanes and UAVs struck in An Nusayrat Camp (Deir El Balah, Gaza Strip), killing 10 persons and injuring 27 more in An Nusayrat and Al Burayj [fatalities split across 2 event, 5 coded to this location].",5,,1753956638
PSE60506,10/2/2024,2024,1,Political violence,Explosions/Remote violence,Air/drone strike,Military Forces of Israel (2022-),,8,Civilians (Palestine),,7,78,Civilian targeting,275,Middle East,Palestine,Gaza Strip,Deir El Balah,,An Nusayrat - West,31.4525,34.3756,1,Palestine News and Information Agency; Quds News Network,National,"On 2 October 2024, at approximately 16:00, Israeli UAVs struck a group of people in Al Sawarha area in An Nusayrat - West (Deir El Balah, Gaza Strip), killing 4 Palestinians and injuring others.",4,,1753956638
PSE60565,10/2/2024,2024,1,Political violence,Explosions/Remote violence,Air/drone strike,Military Forces of Israel (2022-),,8,Civilians (Palestine),Refugees/IDPs (Palestine),7,78,Civilian targeting,275,Middle East,Palestine,Gaza Strip,Gaza City,,Gaza - Ash Shati' Camp,31.5349,34.4466,1,Ma'an News Agency; Newpress; Quds News Network; Twitter,New media-National,"On 2 October 2024, at approximately 12:31, Israeli warplanes a target in Gaza - Ash Shati' Camp (Gaza City, Gaza Strip), killing 3 brothers.",3,,1759790002
PSE60580,10/2/2024,2024,1,Political violence,Explosions/Remote violence,Shelling/artillery/missile attack,Military Forces of Israel (2022-),,8,Civilians (Palestine),,7,78,Civilian targeting,275,Middle East,Palestine,Gaza Strip,Deir El Balah,,An Nusayrat - North,31.4591,34.3923,1,Quds News Network,National,"On 2 October 2024, at approximately 14:34, Israeli artillery shelled a target near al-Orubah School in An Nusayrat - North (Deir El Balah, Gaza Strip), leaving fatalities and injuries [unspecified fatalities coded as 3].",3,,1753956638
PSE60651,10/2/2024,2024,1,Political violence,Explosions/Remote violence,Air/drone strike,Military Forces of Israel (2022-),,8,Civilians (Palestine),,7,78,Civilian targeting,275,Middle East,Palestine,Gaza Strip,Khan Yunis,,Khan Yunis - Maen,31.336,34.3172,1,Arab 48; Dunia Al Watan; Ma'an News Agency; Palestine News and Information Agency; Quds News Network,National,"On 2 October 2024, at approximately 01:43, Israeli warplanes struck houses in Khan Yunis - Maen (Khan Yunis, Gaza Strip) amid artillery fire, killing at least 22 Palestinians and injuring others, including women and children.",22,,1753956638
PSE60665,10/2/2024,2024,1,Political violence,Explosions/Remote violence,Air/drone strike,Military Forces of Israel (2022-),,8,Civilians (Palestine),,7,78,Civilian targeting,275,Middle East,Palestine,Gaza Strip,Khan Yunis,,Khuzaa,31.3069,34.3572,1,Al-Ittihad; Arab 48; Palestine News and Information Agency; Quds News Network,National-Regional,"On 2 October 2024, at approximately 04:00, Israeli warplanes a house in Khuzaa town (Khan Yunis, Gaza Strip), killing 3 Palestinians.",3,,1753956638
PSE60792,10/2/2024,2024,1,Political violence,Explosions/Remote violence,Shelling/artillery/missile attack,Military Forces of Israel (2022-),,8,Civilians (Palestine),,7,78,Civilian targeting,275,Middle East,Palestine,Gaza Strip,Gaza City,,Gaza - Tal el Hawa,31.5041,34.435,1,Al-Ittihad; Palestine News and Information Agency; Quds News Network,National-Regional,"On 2 October 2024, at approximately 19:00, Israeli artillery shelled near the Bank of Palestine in Gaza - Tal el Hawa (Gaza City, Gaza Strip), killing a child and injuring 2 persons.",1,,1759790002
PSE60649,10/2/2024,2024,1,Political violence,Explosions/Remote violence,Air/drone strike,Military Forces of Israel (2022-),,8,Civilians (Palestine),,7,78,Civilian targeting,275,Middle East,Palestine,Gaza Strip,Khan Yunis,,Khan Yunis - Jourat Al-Loot,31.3314,34.3004,2,Dunia Al Watan; Ma'an News Agency; Palestine News and Information Agency; Quds News Network,National,"On 2 October 2024, at approximately 02:25, Israeli warplanes struck houses in Al Manarah area south if Khan Yunis, coded to Khan Yunis - Jourat Al-Loot (Khan Yunis, Gaza Strip), killing 4 Palestinians and injuring others, including women and children.",4,,1753956638
PSE60689,10/2/2024,2024,1,Political violence,Explosions/Remote violence,Air/drone strike,Military Forces of Israel (2022-),,8,Civilians (Palestine),,7,78,Civilian targeting,275,Middle East,Palestine,Gaza Strip,Khan Yunis,,Qizan an Najjar,31.323,34.2761,1,Arab 48; Dunia Al Watan; Ma'an News Agency; Palestine News and Information Agency,National,"On 2 October 2024, at approximately 02:00, Israeli warplanes struck a house in Qizan an Najjar (Khan Yunis, Gaza Strip), killing 5 Palestinians and injuring others, including women and children.",5,,1753956638
PSE60496,10/3/2024,2024,1,Political violence,Explosions/Remote violence,Air/drone strike,Military Forces of Israel (2022-),,8,Civilians (Palestine),Refugees/IDPs (Palestine),7,78,Civilian targeting,275,Middle East,Palestine,Gaza Strip,Deir El Balah,,An Nusayrat,31.4486,34.3925,1,Palestine News and Information Agency; Quds News Network,National,"On 3 October 2024, at approximately 08:00, Israeli warplanes struck a house in Abu Mhadi land in An Nusayrat Camp (Deir El Balah, Gaza Strip), killing 2 Palestinians including a child and leaving a number of injuries. Also, warplanes dropped incendiary bombs at houses, causing fire.",2,,1753956638
PSE60507,10/3/2024,2024,1,Political violence,Explosions/Remote violence,Air/drone strike,Military Forces of Israel (2022-),,8,Civilians (Palestine),,7,78,Civilian targeting,275,Middle East,Palestine,Gaza Strip,Deir El Balah,,An Nusayrat - West,31.4525,34.3756,1,Arab 48; Ma'an News Agency; Newpress; Palestine News and Information Agency; Quds News Network; Twitter,New media-National,"On 3 October 2024, at approximately 04:00, Israeli warplanes and UAVs struck a house and other targets in An Nusayrat - West (Deir El Balah, Gaza Strip), killing a Palestinian.",1,,1753956638
PSE60534,10/3/2024,2024,1,Political violence,Explosions/Remote violence,Air/drone strike,Military Forces of Israel (2022-),,8,Civilians (Palestine),,7,78,Civilian targeting,275,Middle East,Palestine,Gaza Strip,North Gaza,,Beit Lahiya,31.5541,34.5016,1,Palestine News and Information Agency; Quds News Network,National,"On 3 October 2024, at approximately 16:11, Israeli UAVs struck a target in the Beit Lahiya town (North Gaza, Gaza Strip), killing 2 Palestinians and injuring others.",2,,1753956638
PSE60550,10/3/2024,2024,1,Political violence,Explosions/Remote violence,Air/drone strike,Military Forces of Israel (2022-),,8,Civilians (Palestine),Refugees/IDPs (Palestine),7,78,Civilian targeting,275,Middle East,Palestine,Gaza Strip,Deir El Balah,,Deir al Balah,31.4178,34.3503,1,Israeli Defense Forces; Palestine News and Information Agency; Quds News Network; Times of Israel; Twitter,Other-New media,"On 3 October 2024, at approximately 05:00 and 00:25, Israeli warplanes struck house and a site hosting displaced people in Deir al Balah city (Deir El Balah, Gaza Strip), killing a Palestinian and leaving injuries.",1,,1753956638
PSE60559,10/3/2024,2024,1,Political violence,Explosions/Remote violence,Air/drone strike,Military Forces of Israel (2022-),,8,Civilians (Palestine),,7,78,Civilian targeting,275,Middle East,Palestine,Gaza Strip,Deir El Balah,,Deir al Balah Camp,31.4249,34.34,2,Palestine News and Information Agency; PLO Negotiations Affairs Department,Other-National,"On 3 October 2024, Israeli warplanes struck a house east of Deir al Balah, coded to Deir al Balah Camp (Deir El Balah, Gaza Strip), killing 4 Palestinians. Also, artillery and tanks shelled targets in the same location. Casualties unknown. Fatalities coded at least 4.",4,,1765850627
PSE60563,10/3/2024,2024,1,Political violence,Explosions/Remote violence,Shelling/artillery/missile attack,Military Forces of Israel (2022-),,8,Civilians (Palestine),Refugees/IDPs (Palestine),7,78,Civilian targeting,275,Middle East,Palestine,Gaza Strip,Deir El Balah,,Al Maghazi,31.4214,34.3865,2,Palestine News and Information Agency; Quds News Network,National,"On 3 October 2024, at approximately 06:51, Israeli artillery shelled a school hosts displaced people east of Al Maghazi Camp (Deir El Balah, Gaza Strip). Casualties unknown.",0,,1753956638
PSE60566,10/3/2024,2024,1,Political violence,Explosions/Remote violence,Shelling/artillery/missile attack,Military Forces of Israel (2022-),,8,Civilians (Palestine),Refugees/IDPs (Palestine),7,78,Civilian targeting,275,Middle East,Palestine,Gaza Strip,Deir El Balah,,Al Maghazi,31.4214,34.3865,1,Newpress; Twitter,New media-National,"On 3 October 2024, at approximately 08:26, Israeli artillery shelled a school hosts displaced people in Al Maghazi Camp (Deir El Balah, Gaza Strip), causing injuries.",0,,1753956638
PSE60567,10/3/2024,2024,1,Political violence,Explosions/Remote violence,Air/drone strike,Military Forces of Israel (2022-),,8,Civilians (Palestine),Refugees/IDPs (Palestine),7,78,Civilian targeting,275,Middle East,Palestine,Gaza Strip,Gaza City,,Gaza - Ash Shati' Camp,31.5349,34.4466,1,Arab 48; Ma'an News Agency; Palestine News and Information Agency; Quds News Network,National,"On 3 October 2024, at approximately 00:53, Israeli warplanes struck a house in Gaza - Ash Shati' Camp (Gaza City, Gaza Strip), killing 7 Palestinians and injuring several of others.",7,,1759790002
PSE60643,10/3/2024,2024,1,Political violence,Explosions/Remote violence,Air/drone strike,Military Forces of Israel (2022-),,8,Civilians (Palestine),Refugees/IDPs (Palestine),7,78,Civilian targeting,275,Middle East,Palestine,Gaza Strip,Khan Yunis,,Khan Yunis,31.3502,34.3081,1,Palestine News and Information Agency,National,"On 3 October 2024, at approximately 05:00, Israeli warplanes struck house and a site hosting displaced people in Khan Yunis (Khan Yunis, Gaza Strip). Casualties unknown.",0,,1753956638
PSE60653,10/3/2024,2024,1,Political violence,Explosions/Remote violence,Air/drone strike,Military Forces of Israel (2022-),,8,Civilians (Palestine),,7,78,Civilian targeting,275,Middle East,Palestine,Gaza Strip,Khan Yunis,,Khan Yunis - Maen,31.336,34.3172,1,Palestine News and Information Agency,National,"On 3 October 2024, at approximately 05:39, Israeli warplanes struck a house in Khan Yunis - Maen (Khan Yunis, Gaza Strip), killing and injuring Palestinians [unspecified fatalities coded as 3].",3,,1753956638
PSE60685,10/3/2024,2024,1,Political violence,Explosions/Remote violence,Air/drone strike,Military Forces of Israel (2022-),,8,Civilians (Palestine),,7,78,Civilian targeting,275,Middle East,Palestine,Gaza Strip,Khan Yunis,,Khuzaa,31.3069,34.3572,1,Quds News Network,National,"On 3 October 2024, at approximately 16:54, Israeli warplanes struck a house in Khuzaa town (Khan Yunis, Gaza Strip), causing injuries.",0,,1753956638
PSE60652,10/3/2024,2024,1,Political violence,Explosions/Remote violence,Remote explosive/landmine/IED,Military Forces of Israel (2022-),,8,Civilians (Palestine),,7,78,Civilian targeting,275,Middle East,Palestine,Gaza Strip,Khan Yunis,,Khan Yunis - Maen,31.336,34.3172,2,Quds News Network,National,"On 3 October 2024, 3 children were injured, one critically, following the explosion of an Israeli unexploded ordnance [UXO] near a building of the College of Science and Technology in Khan Younis, coded to Khan Yunis - Maen (Gaza Strip).",0,,1753956638
PSE60589,10/3/2024,2024,1,Political violence,Explosions/Remote violence,Air/drone strike,Military Forces of Israel (2022-),,8,Civilians (Palestine),,7,78,Civilian targeting,275,Middle East,Palestine,Gaza Strip,Gaza City,,Gaza - Az Zaytun,31.4964,34.4522,1,Palestine News and Information Agency; Quds News Network,National,"On 3 October 2024, at approximately 08:00, Israeli warplanes carried out strikes and artillery shelled targets in Gaza - Az Zaytun (Gaza City, Gaza Strip). Casualties unknown. At around 16:04, several Palestinians were injured by artillery shelling.",0,,1759790002
PSE60664,10/3/2024,2024,1,Political violence,Explosions/Remote violence,Air/drone strike,Military Forces of Israel (2022-),,8,Civilians (Palestine),,7,78,Civilian targeting,275,Middle East,Palestine,Gaza Strip,Rafah,,Khirbet al Adas,31.2855,34.2714,1,Arab 48; Ma'an News Agency; Quds News Network,National,"On 3 October 2024, at approximately 12:55, Israeli UAVs struck a group of people in Khirbet al Adas (Rafah, Gaza Strip), killing 2 Palestinians and injuring a number of others.",2,,1753956638
PSE60460,10/4/2024,2024,1,Political violence,Explosions/Remote violence,Air/drone strike,Military Forces of Israel (2022-),,8,Civilians (Palestine),Refugees/IDPs (Palestine),7,78,Civilian targeting,275,Middle East,Palestine,Gaza Strip,Deir El Balah,,Al Burayj,31.4394,34.4031,1,Newpress; Quds News Network; Twitter,New media-National,"On 4 October 2024, at approximately 12:38, Israeli warplanes struck the al-Raed tower in Al Burayj Camp (Deir El Balah, Gaza Strip), killing 5 Palestinians.",5,,1753956638
PSE60498,10/4/2024,2024,1,Political violence,Explosions/Remote violence,Air/drone strike,Military Forces of Israel (2022-),,8,Civilians (Palestine),,7,78,Civilian targeting,275,Middle East,Palestine,Gaza Strip,Deir El Balah,,An Nusayrat,31.4486,34.3925,2,Quds News Network,National,"On 4 October 2024, at approximately 8:34, Israeli UAVs struck a car east of An Nusayrat Camp (Deir El Balah, Gaza Strip), causing injuries.",0,,1753956638
PSE60523,10/4/2024,2024,1,Political violence,Explosions/Remote violence,Air/drone strike,Military Forces of Israel (2022-),,8,Civilians (Palestine),,7,78,Civilian targeting,275,Middle East,Palestine,Gaza Strip,Deir El Balah,,An Nusayrat - West,31.4525,34.3756,1,Quds News Network,National,"On 4 October 2024, at around 19:00, Israeli warplanes struck the Turkman tower in An Nusayrat - West [casualties unknown]. Also, at approximately 9:32, Israeli artillery shelled An Nusayrat - West (Deir El Balah, Gaza Strip). Casualties unknown.",0,,1753956638
PSE60546,10/4/2024,2024,1,Political violence,Explosions/Remote violence,Air/drone strike,Military Forces of Israel (2022-),,8,Civilians (Palestine),,7,78,Civilian targeting,275,Middle East,Palestine,Gaza Strip,North Gaza,,Beit Lahiya - Al Salateen,31.5558,34.4814,1,Arab 48; Quds News Network,National,"On 4 October 2024, at approximately 14:06, an Israeli UAV struck a target in Beit Lahiya - Al Salateen (North Gaza, Gaza Strip), killing a Palestinian.",1,,1753956638
PSE60556,10/4/2024,2024,1,Political violence,Explosions/Remote violence,Air/drone strike,Military Forces of Israel (2022-),,8,Civilians (Palestine),Refugees/IDPs (Palestine),7,78,Civilian targeting,275,Middle East,Palestine,Gaza Strip,Deir El Balah,,Deir al Balah,31.4178,34.3503,1,Ma'an News Agency; Palestine News and Information Agency; Quds News Network,National,"On 4 October 2024, at around 2:00, Israeli warplanes the Al Salah Center that hosts displaced people in Deir al Balah City (Deir El Balah, Gaza Strip), killing 4 Palestinians and injuring others.",4,,1753956638
PSE60583,10/4/2024,2024,1,Political violence,Explosions/Remote violence,Shelling/artillery/missile attack,Military Forces of Israel (2022-),,8,Civilians (Palestine),,7,78,Civilian targeting,275,Middle East,Palestine,Gaza Strip,Deir El Balah,,An Nusayrat - North,31.4591,34.3923,2,Ma'an News Agency; Palestine News and Information Agency; Quds News Network,National,"On 4 October 2024, Israeli artillery shelled 3 houses northeast of An Nusayrat Camp, coded to An Nusayrat - North (Deir El Balah, Gaza Strip), killing 7 Palestinians and injuring others.",7,,1753956638
PSE60654,10/4/2024,2024,1,Political violence,Explosions/Remote violence,Air/drone strike,Military Forces of Israel (2022-),,8,Civilians (Palestine),,7,78,Civilian targeting,275,Middle East,Palestine,Gaza Strip,Khan Yunis,,Khan Yunis - Maen,31.336,34.3172,1,Quds News Network,National,"On 4 October 2024, at approximately 01:24, Israeli warplanes struck a house in Khan Yunis - Maen (Khan Yunis, Gaza Strip), leaving fatalities and injuries [unspecified fatalities coded as 3].",3,,1753956638
PSE60710,10/4/2024,2024,1,Political violence,Explosions/Remote violence,Shelling/artillery/missile attack,Military Forces of Israel (2022-),,8,Civilians (Palestine),,7,78,Civilian targeting,275,Middle East,Palestine,Gaza Strip,Deir El Balah,,Deir al Balah Camp,31.4249,34.34,2,Palestine News and Information Agency; PLO Negotiations Affairs Department; Quds News Network,Other-National,"On 4 October 2024, Israeli artillery and tanks shelled targets east of Deir al Balah, coded to Deir al Balah Camp (Deir El Balah, Gaza Strip). Casualties unknown. Also, a number of Palestinians were injured in artillery shelling in Al Jafarwi area southeast of Deir al Balah (coded to same location).",0,,1765850627
PSE60737,10/4/2024,2024,1,Political violence,Explosions/Remote violence,Shelling/artillery/missile attack,Military Forces of Israel (2022-),,8,Civilians (Palestine),Fishers (Palestine),7,78,Civilian targeting,275,Middle East,Palestine,Gaza Strip,Gaza City,,Gaza - Ash Shati' Camp,31.5349,34.4466,2,Palestine News and Information Agency; Quds News Network,National,"On 4 October 2024, Israeli gunboats shelled a target northwest of Gaza city, coded to Gaza - Ash Shati' Camp (Gaza City, Gaza Strip), killing a Palestinian fisher and injuring others.",1,,1759790002
PSE60625,10/4/2024,2024,1,Political violence,Explosions/Remote violence,Air/drone strike,Military Forces of Israel (2022-),,8,Civilians (Palestine),,7,78,Civilian targeting,275,Middle East,Palestine,Gaza Strip,North Gaza,,Jabalya,31.5272,34.4835,1,Arab 48; Newpress; Quds News Network; Twitter,New media-National,"On 4 October 2024, at approximately 14:24, Israeli UAVs struck a house in Jabalya town (North Gaza, Gaza Strip), killing a Palestinian and leaving a number of injuries.",1,,1759790002
PSE60726,10/4/2024,2024,1,Political violence,Explosions/Remote violence,Air/drone strike,Military Forces of Israel (2022-),,8,Civilians (Palestine),,7,78,Civilian targeting,275,Middle East,Palestine,Gaza Strip,North Gaza,,Sheikh Zaid,31.5392,34.5117,1,Arab 48; Palestine News and Information Agency; Quds News Network,National,"On 4 October 2024, at approximately 11:32, Israeli warplanes struck a target near Zaid junction in Sheikh Zaid (North Gaza, Gaza Strip), leaving fatalities and injuries. [On 3 February 2025, 20 bodies were recovered from under the rubble in Sheikh Zaid. These fatalities were coded to this event].",20,,1759790002
PSE60606,10/4/2024,2024,1,Political violence,Explosions/Remote violence,Air/drone strike,Military Forces of Israel (2022-),,8,Civilians (Palestine),,7,78,Civilian targeting,275,Middle East,Palestine,Gaza Strip,Gaza City,,Gaza - Southern Remal,31.5168,34.4355,2,Arab 48; Palestine News and Information Agency; Quds News Network,National,"On 4 October 2024, Israeli warplanes struck a house near the Shati aid center west of Gaza City, coded to Gaza - Southern Remal (Gaza City, Gaza Strip), killing 7 Palestinians and injuring others. This event involved violence over aid.",7,,1759790002
PSE60822,10/5/2024,2024,1,Political violence,Explosions/Remote violence,Air/drone strike,Military Forces of Israel (2022-),,8,Civilians (Palestine),,7,78,Civilian targeting,275,Middle East,Palestine,Gaza Strip,Deir El Balah,,Deir al Balah,31.4178,34.3503,1,Quds News Network,National,"On 5 October 2024, at approximately 07:27, Israeli warplanes struck targets in Deir al Balah city (Deir El Balah, Gaza Strip), leaving injuries.",0,,1753956638
PSE60824,10/5/2024,2024,1,Political violence,Explosions/Remote violence,Air/drone strike,Military Forces of Israel (2022-),,8,Civilians (Palestine),,7,78,Civilian targeting,275,Middle East,Palestine,Gaza Strip,North Gaza,,Beit Lahiya - Al Mashroo,31.5433,34.4998,1,Newpress; Quds News Network; Twitter,New media-National,"On 5 October 2024, at around 23:04, Israeli warplanes struck a house in Beit Lahiya - Al Mashroo (North Gaza, Gaza Strip), leaving 5 injuries.",0,,1753956638
PSE60847,10/5/2024,2024,1,Political violence,Explosions/Remote violence,Shelling/artillery/missile attack,Military Forces of Israel (2022-),,8,Civilians (Palestine),Refugees/IDPs (Palestine),7,78,Civilian targeting,275,Middle East,Palestine,Gaza Strip,Deir El Balah,,Al Burayj,31.4394,34.4031,1,Palestine News and Information Agency; Quds News Network,National,"On 5 October 2024, at approximately 13:00, Israeli artillery shelled on the outskirts of al-Awawdah roundabout in Al Burayj Camp (Deir El Balah, Gaza Strip), killing a Palestinian and injuring others.",1,,1753956638
PSE60849,10/5/2024,2024,1,Political violence,Explosions/Remote violence,Air/drone strike,Military Forces of Israel (2022-),,8,Civilians (Palestine),Refugees/IDPs (Palestine),7,78,Civilian targeting,275,Middle East,Palestine,Gaza Strip,North Gaza,,Jabalya Camp,31.536,34.4907,1,Newpress; Palestine News and Information Agency; Quds News Network; Twitter,New media-National,"On 5 October 2024, Israeli warplanes struck several targets in Jabalya camp including an apartment near the clinic of Jabalya Camp (North Gaza, Gaza Strip), killing at least 2 Palestinians and injuring others.",2,,1753956638
PSE60858,10/5/2024,2024,1,Political violence,Explosions/Remote violence,Air/drone strike,Military Forces of Israel (2022-),,8,Civilians (Palestine),Refugees/IDPs (Palestine),7,78,Civilian targeting,275,Middle East,Palestine,Gaza Strip,Deir El Balah,,An Nusayrat,31.4486,34.3925,1,Palestine News and Information Agency; Quds News Network,National,"On 5 October 2024, at approximately 16:00, Israeli warplanes struck a house in An Nusayrat Camp (Deir El Balah, Gaza Strip), killing 2 Palestinians. Also, around 00:28, artillery shelled the eastern areas of An Nusayrat [casualties unknown]. Fatalities coded at least 2.",2,,1753956638
PSE60860,10/5/2024,2024,1,Political violence,Explosions/Remote violence,Air/drone strike,Military Forces of Israel (2022-),,8,Civilians (Palestine),,7,78,Civilian targeting,275,Middle East,Palestine,Gaza Strip,Deir El Balah,,An Nusayrat - West,31.4525,34.3756,1,Palestine News and Information Agency; Quds News Network,National,"On 5 October 2024, around 19:00 Israeli warplanes struck a house [casualties unknown]. And tanks opened fire and artillery shelled targets including a house in An Nusayrat - West (Deir El Balah, Gaza Strip). At least 2 Palestinians were killed after shelling their house.",2,,1753956638
PSE60861,10/5/2024,2024,1,Political violence,Explosions/Remote violence,Air/drone strike,Military Forces of Israel (2022-),,8,Civilians (Palestine),,7,78,Civilian targeting,275,Middle East,Palestine,Gaza Strip,North Gaza,,Beit Lahiya,31.5541,34.5016,1,Palestine News and Information Agency; Quds News Network,National,"On 5 October 2024, Israeli warplanes carried out a series of airstrikes (including houses) in Beit lahiya (North Gaza, Gaza Strip), killing at least 2 Palestinians, including a girl.",2,,1753956638
PSE60962,10/5/2024,2024,1,Political violence,Explosions/Remote violence,Air/drone strike,Military Forces of Israel (2022-),,8,Civilians (Palestine),,7,78,Civilian targeting,275,Middle East,Palestine,Gaza Strip,North Gaza,,Jabalya Camp,31.536,34.4907,2,Newpress; Palestine News and Information Agency; Quds News Network; Twitter,New media-National,"On 5 October 2024, at approximately 13:00, Israeli warplanes and UAVs struck several targets west of Jabalya Camp (North Gaza, Gaza Strip). Casualties unknown. Also, 9 Palestinians were injured in a UAV strike near Abu Sharkh junction west of Jabalya Camp. Also, 9 Palestinians were killed in an airstrike targeted a house in Bir Naja area west of the Camp. And airstrikes struck targets and houses east and north of Jabalya Camp and the Tawam area, killing a Palestinian. Fatalities coded at least 10.",10,,1753956638
PSE61199,10/5/2024,2024,1,Political violence,Explosions/Remote violence,Shelling/artillery/missile attack,Military Forces of Israel (2022-),,8,Civilians (Palestine),,7,78,Civilian targeting,275,Middle East,Palestine,Gaza Strip,Gaza City,,Gaza - At Tuffah,31.5134,34.4751,1,Arab 48,National,"On 5 October 2024, Israeli artillery shelled houses in Gaza - At Tuffah (Gaza City, Gaza Strip). Casualties unknown.",0,,1759790002
PSE60903,10/5/2024,2024,1,Political violence,Explosions/Remote violence,Shelling/artillery/missile attack,Military Forces of Israel (2022-),,8,Civilians (Palestine),,7,78,Civilian targeting,275,Middle East,Palestine,Gaza Strip,North Gaza,,Beit Hanoun,31.5405,34.5402,1,Arab 48; Newpress; Palestine News and Information Agency; Quds News Network; Twitter,New media-National,"On 5 October 2024, at approximately 07:59, Israeli artillery shelled targets in Beit Hanoun town (North Gaza, Gaza Strip), killing 5 Palestinians and injuring a number of others.",5,,1753956638
PSE60875,10/5/2024,2024,1,Political violence,Explosions/Remote violence,Air/drone strike,Military Forces of Israel (2022-),,8,Civilians (Palestine),,7,78,Civilian targeting,275,Middle East,Palestine,Gaza Strip,Gaza City,,Gaza - Az Zaytun,31.4964,34.4522,1,Newpress; Palestine News and Information Agency; Quds News Network; Twitter,New media-National,"On 5 October 2024, at approximately 13:00, Israeli warplanes struck a building near Shamaa mosque in Gaza - Az Zaytun (Gaza City, Gaza Strip), killing 3 Palestinians including 2 children, and leaving a number of injuries. Also, the artillery shelled near Ein Jalout school [casualties unknown]. Fatalities coded at least 3.",3,,1759790002
PSE60810,10/5/2024,2024,1,Political violence,Explosions/Remote violence,Air/drone strike,Military Forces of Israel (2022-),,8,Civilians (Palestine),,7,78,Civilian targeting,275,Middle East,Palestine,Gaza Strip,Rafah,,Khirbet al Adas,31.2855,34.2714,2,Palestine News and Information Agency,National,"On 5 October 2024, at approximately 13:00, Israeli UAVs struck a target in Arabiya area north of Rafah, coded to Khirbet al Adas (Rafah, Gaza Strip), killing 1 Palestinian girl.",1,,1753956638
PSE60865,10/5/2024,2024,1,Political violence,Explosions/Remote violence,Air/drone strike,Military Forces of Israel (2022-),,8,Civilians (Palestine),,7,78,Civilian targeting,275,Middle East,Palestine,Gaza Strip,Rafah,,Khirbet al Adas,31.2855,34.2714,1,Palestine News and Information Agency,National,"On 5 October 2024, at approximately 13:00, Israeli UAVs struck targets in Khirbet al Adas (Rafah, Gaza Strip), killing 3 Palestinians.",3,,1753956638
PSE77355,10/5/2024,2024,2,Political violence,Violence against civilians,Attack,Unidentified Armed Group (Palestine),,3,Civilians (Palestine),Labor Group (Palestine),7,37,Civilian targeting,275,Middle East,Palestine,Gaza Strip,Rafah,,Rafah,31.287,34.2595,2,Washington Post,International,"Around 5 October 2024, an unidentified armed group opened fire at aid convoy and looted about 80 aid trucks in Rafah area (Gaza Strip). Casualties unknown. These trucks had entered southern Gaza through the Israeli Kerem Shalom Crossing. This event involved violence over aid.",0,,1762829569
PSE60825,10/6/2024,2024,1,Political violence,Explosions/Remote violence,Air/drone strike,Military Forces of Israel (2022-),,8,Civilians (Palestine),,7,78,Civilian targeting,275,Middle East,Palestine,Gaza Strip,Rafah,,Al Mawasi (Rafah),31.3294,34.2299,1,Palestine News and Information Agency,National,"On 6 October 2024, Israeli UAVs struck a group of Palestinians in Al Shakoush area of in (Al Mawasi (Rafah), Gaza Strip), causing injuries.",0,,1762829569
PSE60829,10/6/2024,2024,1,Political violence,Explosions/Remote violence,Air/drone strike,Military Forces of Israel (2022-),,8,Civilians (Palestine),Refugees/IDPs (Palestine),7,78,Civilian targeting,275,Middle East,Palestine,Gaza Strip,Deir El Balah,,An Nusayrat - West,31.4525,34.3756,1,Palestine News and Information Agency; Quds News Network,National,"On 6 October 2024, Israeli warplanes struck a tent belonging to displaced people in An Nusayrat - West (Deir El Balah, Gaza Strip), injuring 7 Palestinians.",0,,1753956638
PSE60850,10/6/2024,2024,1,Political violence,Explosions/Remote violence,Air/drone strike,Military Forces of Israel (2022-),,8,Civilians (Palestine),Journalists (Palestine); Refugees/IDPs (Palestine); UNRWA: United Nations Relief and Works Agency,7,78,Civilian targeting,275,Middle East,Palestine,Gaza Strip,North Gaza,,Jabalya Camp,31.536,34.4907,1,Newpress; Palestine News and Information Agency; Quds News Network; Twitter,New media-National,"On 6 October 2024, Israeli UAVs and helicopters struck targets and houses in Jabalya Camp (North Gaza, Gaza Strip), killing a Palestinian who was the head of UNRWA operations. Also, warplanes struck a center hosts displaced people, injuring 4 Palestinians. Also, warplanes struck houses in al-Trans area in the camp, killing at least a Palestinian (journalist). Fatalities coded at least 2.",2,,1753956638
PSE60866,10/6/2024,2024,1,Political violence,Explosions/Remote violence,Air/drone strike,Military Forces of Israel (2022-),,8,Civilians (Palestine),Journalists (Palestine); Refugees/IDPs (Palestine),7,78,Civilian targeting,275,Middle East,Palestine,Gaza Strip,Gaza City,,Gaza - Ash Shati' Camp,31.5349,34.4466,1,Committee to Protect Journalists; Guardian (United Kingdom); Palestine News and Information Agency; Quds News Network,Other-National,"On 6 October 2024, Israeli warplanes struck a house in Gaza - Ash Shati' Camp (Gaza City, Gaza Strip), killing 3 Palestinians (including a journalist, a woman and a girl) and leaving injuries.",3,,1759790002
PSE60844,10/6/2024,2024,1,Political violence,Explosions/Remote violence,Remote explosive/landmine/IED,Military Forces of Israel (2022-),,8,Civilians (Palestine),,7,78,Civilian targeting,275,Middle East,Palestine,Gaza Strip,Khan Yunis,,Khan Yunis,31.3502,34.3081,1,Quds News Network,National,"On 6 October 2024, a Palestinian woman was killed by an unexploded Israeli ordnance [UXO] while cleaning her house in Khan Yunis, Gaza Strip.",1,,1753956638
PSE60813,10/6/2024,2024,1,Political violence,Explosions/Remote violence,Air/drone strike,Military Forces of Israel (2022-),,8,Civilians (Palestine),,7,78,Civilian targeting,275,Middle East,Palestine,Gaza Strip,Rafah,,Khirbet al Adas,31.2855,34.2714,2,Palestine News and Information Agency; Quds News Network,National,"On 6 October 2024, an Israeli UAV struck a motorcycle in Musabbah area north of Rafah, coded to Khirbet al Adas (Rafah, North Gaza), killing a Palestinian and causing injuries.",1,,1753956638
PSE60852,10/6/2024,2024,2,Political violence,Explosions/Remote violence,Air/drone strike,Military Forces of Israel (2022-),,8,Civilians (Palestine),,7,78,Civilian targeting,275,Middle East,Palestine,Gaza Strip,Rafah,,Al Junainah,31.2642,34.2636,1,Newpress; Quds News Network; Twitter,New media-National,"Around 6 October 2024, (as reported), rescue teams recovered 2 Palestinian bodies who were killed in Al Junainah (Rafah, Gaza Strip) during the past few days [likely in airstrikes].",2,,1753956638
PSE60815,10/7/2024,2024,1,Political violence,Explosions/Remote violence,Air/drone strike,Military Forces of Israel (2022-),,8,Civilians (Palestine),,7,78,Civilian targeting,275,Middle East,Palestine,Gaza Strip,Deir El Balah,,An Nusayrat - West,31.4525,34.3756,1,Arab 48; Palestine News and Information Agency; Quds News Network,National,"On 7 October 2024, Israeli warplanes and UAVs struck houses and opened fire in An Nusayrat - West (Deir El Balah, Gaza Strip), leaving 7 injuries and killing one person.",1,,1753956638
PSE60818,10/7/2024,2024,1,Political violence,Explosions/Remote violence,Air/drone strike,Military Forces of Israel (2022-),,8,Civilians (Palestine),,7,78,Civilian targeting,275,Middle East,Palestine,Gaza Strip,Gaza City,,Gaza - Sheikh Radwan,31.5349,34.4667,1,Palestine News and Information Agency; Quds News Network,National,"On 7 October 2024, Israeli warplanes struck a group of Palestinians in Gaza - Sheikh Radwan (Gaza City, Gaza Strip), killing one person and injuring 7 more.",1,,1759790002
PSE60820,10/7/2024,2024,1,Political violence,Explosions/Remote violence,Air/drone strike,Military Forces of Israel (2022-),,8,Civilians (Palestine),,7,78,Civilian targeting,275,Middle East,Palestine,Gaza Strip,Gaza City,,Gaza - Sheikh Radwan,31.5349,34.4667,2,Newpress; Quds News Network; Twitter,New media-National,"On 7 October 2024, Israeli warplanes struck a target in Al Saftawi area north of Gaza city, coded to Gaza - Sheikh Radwan (Gaza City, Gaza Strip), killing a Palestinian woman.",1,,1759790002
PSE60826,10/7/2024,2024,1,Political violence,Explosions/Remote violence,Air/drone strike,Military Forces of Israel (2022-),,8,Civilians (Palestine),,7,78,Civilian targeting,275,Middle East,Palestine,Gaza Strip,Gaza City,,Gaza - Ash Shati' Camp,31.5349,34.4466,2,Palestine News and Information Agency,National,"On 7 October 2024, Israeli warplanes struck a house in Al Saftawi area northwest of Gaza City, coded to Gaza - Ash Shati' Camp (Gaza City, Gaza Strip), leaving injuries.",0,,1759790002
PSE60833,10/7/2024,2024,1,Political violence,Explosions/Remote violence,Air/drone strike,Military Forces of Israel (2022-),,8,Civilians (Palestine),,7,78,Civilian targeting,275,Middle East,Palestine,Gaza Strip,Gaza City,,Gaza - Shujaiyya,31.4988,34.4699,1,Palestine News and Information Agency; Quds News Network,National,"On 7 October 2024, Israeli warplanes struck a house in Gaza - Shujaiyya (Gaza City, Gaza Strip), causing injuries.",0,,1759790002
PSE60848,10/7/2024,2024,1,Political violence,Explosions/Remote violence,Shelling/artillery/missile attack,Military Forces of Israel (2022-),,8,Civilians (Palestine),,7,78,Civilian targeting,275,Middle East,Palestine,Gaza Strip,Khan Yunis,,Abasan al Kabirah,31.3191,34.3401,1,Palestine News and Information Agency; Quds News Network,National,"On 7 October 2024, Israeli artillery shelled a house in the Abasan al Kabirah (Khan Yunis, Gaza Strip), killing a Palestinian girl and injuring a woman.",1,,1753956638
PSE60882,10/7/2024,2024,1,Political violence,Explosions/Remote violence,Air/drone strike,Military Forces of Israel (2022-),,8,Civilians (Palestine),,7,78,Civilian targeting,275,Middle East,Palestine,Gaza Strip,North Gaza,,Beit Lahiya - Al Mashroo,31.5433,34.4998,1,Quds News Network,National,"On 7 October 2024, Israeli warplanes struck a target near Khalifa school in Beit Lahiya - Al Mashroo (North Gaza, Gaza Strip), killing 4 Palestinians.",4,,1753956638
PSE60888,10/7/2024,2024,1,Political violence,Explosions/Remote violence,Air/drone strike,Military Forces of Israel (2022-),,8,Civilians (Palestine),,7,78,Civilian targeting,275,Middle East,Palestine,Gaza Strip,North Gaza,,Jabalya Camp,31.536,34.4907,2,Arab 48; Palestine News and Information Agency,National,"On 7 October 2024, Israeli warplanes struck a group of people in Bir Naaja area west of Jabalya Camp (North Gaza, Gaza Strip), killing 5 Palestinians and leaving injuries.",5,,1753956638
PSE60889,10/7/2024,2024,1,Political violence,Explosions/Remote violence,Air/drone strike,Military Forces of Israel (2022-),,8,Civilians (Palestine),,7,78,Civilian targeting,275,Middle East,Palestine,Gaza Strip,North Gaza,,Beit Lahiya,31.5541,34.5016,1,Arab 48; Palestine News and Information Agency; Quds News Network,National,"On 7 October 2024, Israeli warplanes struck a house in Beit Lahiya (North Gaza, Gaza Strip), killing 5 Palestinians. Also, artillery shelled targets in Beit Lahiya, leaving a number of injuries.",5,,1753956638
PSE60890,10/7/2024,2024,1,Political violence,Explosions/Remote violence,Air/drone strike,Military Forces of Israel (2022-),,8,Civilians (Palestine),,7,78,Civilian targeting,275,Middle East,Palestine,Gaza Strip,Gaza City,,Gaza - Sabra,31.5086,34.4493,1,Quds News Network,National,"On 7 October 2024, Israeli warplanes a gathering in Gaza - Sabra (Gaza City, Gaza Strip), injuring a Palestinian. Also, artillery shelled targets in Sabra [casualties unknown].",0,,1759790002
PSE60899,10/7/2024,2024,1,Political violence,Explosions/Remote violence,Air/drone strike,Military Forces of Israel (2022-),,8,Civilians (Palestine),Refugees/IDPs (Palestine),7,78,Civilian targeting,275,Middle East,Palestine,Gaza Strip,North Gaza,,Jabalya Camp,31.536,34.4907,1,Arab 48; Newpress; Palestine News and Information Agency; Quds News Network; Twitter,New media-National,"On 7 October 2024, Israeli warplanes carried out strikes in Jabalya Camp and in Al Falouja area in the camp [casualties unknown]. And artillery shelled a group of Palestinians near Abu Qamar station in Jabalya Camp (North Gaza, Gaza Strip), killing at least 13 Palestinians and injuring a number of others. In total, more than 20 Palestinians were killed in Jabalya Camp on 7 October 2024.",20,,1753956638
PSE60961,10/7/2024,2024,1,Political violence,Explosions/Remote violence,Air/drone strike,Military Forces of Israel (2022-),,8,Civilians (Palestine),Refugees/IDPs (Palestine),7,78,Civilian targeting,275,Middle East,Palestine,Gaza Strip,Deir El Balah,,An Nusayrat,31.4486,34.3925,1,Palestine News and Information Agency; Quds News Network,National,"On 7 October 2024, Israeli warplanes and UAVs struck houses in An Nusayrat Camp (Deir El Balah, Gaza Strip), killing at least 9 Palestinians.",9,,1753956638
PSE60966,10/7/2024,2024,1,Political violence,Explosions/Remote violence,Air/drone strike,Military Forces of Israel (2022-),,8,Civilians (Palestine),,7,78,Civilian targeting,275,Middle East,Palestine,Gaza Strip,Rafah,,An Nasr,31.2814,34.3025,1,Quds News Network,National,"On 7 October 2024, Israeli warplanes struck a house in al Atatrah area in An Nasr town (Rafah, Gaza Strip), killing 10 Palestinians including 3 children and 3 women.",10,,1753956638
PSE61012,10/7/2024,2024,1,Political violence,Explosions/Remote violence,Air/drone strike,Military Forces of Israel (2022-),,8,Civilians (Palestine),Refugees/IDPs (Palestine),7,78,Civilian targeting,275,Middle East,Palestine,Gaza Strip,Deir El Balah,,Al Burayj,31.4394,34.4031,1,Palestine News and Information Agency; Quds News Network,National,"On 7 October 2024, Israeli warplanes struck houses in Al Burayj Camp (Deir El Balah, Gaza Strip), killing 3 Palestinians. Also, at least 15 Palestinians were killed and 25 more were injured in airstrikes a house and targets the camp. Total fatalities were 18.",18,,1753956638
PSE61213,10/7/2024,2024,1,Political violence,Explosions/Remote violence,Shelling/artillery/missile attack,Military Forces of Israel (2022-),,8,Civilians (Palestine),Refugees/IDPs (Palestine),7,78,Civilian targeting,275,Middle East,Palestine,Gaza Strip,Khan Yunis,,Al Mawasi (Khan Yunis),31.3482,34.2547,2,Quds News Network,National,"On 7 October 2024, Israeli gunboats opened fire toward the tent of displaced people west of Al Mawasi (Khan Yunis), Gaza Strip. Casualties unknown.",0,,1762829569
PSE60830,10/7/2024,2024,1,Political violence,Explosions/Remote violence,Air/drone strike,Military Forces of Israel (2022-),,8,Civilians (Palestine),,7,78,Civilian targeting,275,Middle East,Palestine,Gaza Strip,Rafah,,Yibna,31.2842,34.2482,2,Arab 48; Palestine News and Information Agency; PLO Negotiations Affairs Department,Other-National,"On 7 October 2024, Israeli UAVs struck and killed one Palestinian east of Rafah. Also, artillery and tanks shelled targets east of Rafah, coded to Yibna (Rafah, Gaza Strip). Casualties unknown. Fatalities coded at least 1.",1,,1753956638
PSE60819,10/7/2024,2024,1,Political violence,Explosions/Remote violence,Air/drone strike,Military Forces of Israel (2022-),,8,Civilians (Palestine),,7,78,Civilian targeting,275,Middle East,Palestine,Gaza Strip,Gaza City,,Gaza - Az Zaytun,31.4964,34.4522,1,Palestine News and Information Agency; Quds News Network,National,"On 7 October 2024, Israeli warplanes struck a house in Gaza - Az Zaytun (Gaza City, Gaza Strip), killing a Palestinian and leaving a number of injuries.",1,,1759790002
PSE60851,10/7/2024,2024,1,Political violence,Explosions/Remote violence,Air/drone strike,Military Forces of Israel (2022-),,8,Civilians (Palestine),,7,78,Civilian targeting,275,Middle East,Palestine,Gaza Strip,North Gaza,,Jabalya,31.5272,34.4835,1,Palestine News and Information Agency,National,"On 7 October 2024, Israeli warplanes struck targets in Jabalya town (North Gaza, Gaza Strip). Casualties unknown.",0,,1759790002
PSE60891,10/7/2024,2024,1,Political violence,Explosions/Remote violence,Air/drone strike,Military Forces of Israel (2022-),,8,Civilians (Palestine),,7,78,Civilian targeting,275,Middle East,Palestine,Gaza Strip,North Gaza,,Jabalya,31.5272,34.4835,2,Newpress; Quds News Network; Twitter,New media-National,"On 7 October 2024, Israeli warplanes struck a target at Abu Sharkh junction, west of Jabalya town (North Gaza, Gaza Strip). Casualties unknown. Also, 5 Palestinians were killed at Bir Najja area west of Jabalya. Fatalities coded at least 5.",5,,1759790002
PSE60817,10/7/2024,2024,1,Political violence,Explosions/Remote violence,Air/drone strike,Military Forces of Israel (2022-),,8,Civilians (Palestine),,7,78,Civilian targeting,275,Middle East,Palestine,Gaza Strip,Rafah,,Khirbet al Adas,31.2855,34.2714,1,Palestine News and Information Agency; Quds News Network,National,"On 7 October 2024, Israeli warplanes struck a house in Khirbet al Adas (Rafah, Gaza Strip), killing a woman and leaving a number of injuries.",1,,1753956638
PSE60953,10/7/2024,2024,1,Political violence,Explosions/Remote violence,Air/drone strike,Military Forces of Israel (2022-),,8,Civilians (Palestine),,7,78,Civilian targeting,275,Middle East,Palestine,Gaza Strip,Rafah,,Khirbet al Adas,31.2855,34.2714,2,Arab 48; Quds News Network,National,"On 7 October 2024, Israeli warplanes struck a house in Al Attar area north of Rafah, coded to Khirbet al Adas (Khan Yunis, Gaza Strip) and 9 Palestinians were killed in airstrikes that targeted houses north of Rafah.",9,,1753956638
PSE60811,10/8/2024,2024,1,Political violence,Explosions/Remote violence,Air/drone strike,Military Forces of Israel (2022-),,8,Civilians (Palestine),Refugees/IDPs (Palestine),7,78,Civilian targeting,275,Middle East,Palestine,Gaza Strip,Gaza City,,Gaza - Southern Remal,31.5168,34.4355,2,Quds News Network,National,"On 8 October 2024, at around 8:21, Israeli UAVs opened fire toward displaced people near al-Rashid Street west of Gaza, coded to Gaza - Southern Remal (Gaza City, Gaza Strip). Casualties unknown.",0,,1759790002
PSE60814,10/8/2024,2024,1,Political violence,Explosions/Remote violence,Air/drone strike,Military Forces of Israel (2022-),,8,Civilians (Palestine),Refugees/IDPs (Palestine),7,78,Civilian targeting,275,Middle East,Palestine,Gaza Strip,Deir El Balah,,Al Maghazi,31.4214,34.3865,1,Arab 48,National,"On 8 October 2024, at around 14:27, Israeli warplanes struck a target in Al Maghazi Camp (Deir El Balah, Gaza Strip), killing a Palestinian and injuring a number of others.",1,,1753956638
PSE60831,10/8/2024,2024,1,Political violence,Explosions/Remote violence,Air/drone strike,Military Forces of Israel (2022-),,8,Civilians (Palestine),,7,78,Civilian targeting,275,Middle East,Palestine,Gaza Strip,Deir El Balah,,Az Zawayda,31.4284,34.366,1,Ma'an News Agency; Palestine News and Information Agency; Quds News Network,National,"On 8 October 2024, Israeli warplanes struck a land at the entrance of Az Zawayda (Deir El Balah, Gaza Strip), killing at least one Palestinian and injuring an number of others.",1,,1767742780
PSE60846,10/8/2024,2024,1,Political violence,Explosions/Remote violence,Air/drone strike,Military Forces of Israel (2022-),,8,Civilians (Palestine),,7,78,Civilian targeting,275,Middle East,Palestine,Gaza Strip,North Gaza,,Beit Lahiya,31.5541,34.5016,1,Quds News Network,National,"On 8 October 2024, Israeli warplanes struck several targets in Beit Lahiya including near the Odwan hospital in Beit Lahiya (North Gaza, Gaza Strip), causing several injuries, including women and children.",0,,1753956638
PSE60878,10/8/2024,2024,1,Political violence,Explosions/Remote violence,Air/drone strike,Military Forces of Israel (2022-),,8,Civilians (Palestine),,7,78,Civilian targeting,275,Middle East,Palestine,Gaza Strip,Deir El Balah,,An Nusayrat - West,31.4525,34.3756,1,Arab 48; Ma'an News Agency; Newpress; Palestine News and Information Agency; Quds News Network; Twitter,New media-National,"On 8 October 2024, around 13:36, an Israeli warplane struck a passing car in Tabbet Nwairi area in An Nusayrat - West (Deir El Balah, Gaza Strip), killing a number of Palestinians [unspecified number of fatalities coded as 3]. Also, around 1:11, Israeli warplanes struck a house in Al Sawarha area in An Nusayrat - West, causing injuries.",3,,1753956638
PSE60879,10/8/2024,2024,1,Political violence,Explosions/Remote violence,Air/drone strike,Military Forces of Israel (2022-),,8,Civilians (Palestine),,7,78,Civilian targeting,275,Middle East,Palestine,Gaza Strip,North Gaza,,Beit Lahiya - Al Mashroo,31.5433,34.4998,1,Ma'an News Agency; Newpress; Palestine News and Information Agency; Quds News Network; Twitter,New media-National,"On 8 October 2024, Israeli helicopters opened fire at houses in Beit Lahiya - Al Mashroo (North Gaza, Gaza Strip), causing injuries. Also, artillery shelled targets near Abu Al Jidyan junction in the same area, leaving fatalities [unspecified fatalities coded as 3].",3,,1753956638
PSE60893,10/8/2024,2024,1,Political violence,Explosions/Remote violence,Air/drone strike,Military Forces of Israel (2022-),,8,Civilians (Palestine),,7,78,Civilian targeting,275,Middle East,Palestine,Gaza Strip,Gaza City,,Gaza - Southern Remal,31.5168,34.4355,1,Ma'an News Agency; Palestine News and Information Agency; Quds News Network,National,"On 8 October 2024, at around 14:48, Israeli warplanes struck a house in Gaza - Southern Remal (Gaza City, Gaza Strip). Casualties unknown.",0,,1759790002
PSE60894,10/8/2024,2024,1,Political violence,Explosions/Remote violence,Air/drone strike,Military Forces of Israel (2022-),,8,Civilians (Palestine),Refugees/IDPs (Palestine),7,78,Civilian targeting,275,Middle East,Palestine,Gaza Strip,Gaza City,,Gaza - Ad Darraj,31.5172,34.4642,1,Arab 48,National,"On 8 October 2024, at around 17:16, Israeli warplanes struck the Salah Al Din School that hosts displaced people in Gaza - Ad Darraj (Gaza City, Gaza Strip). Casualties unknown.",0,,1759790002
PSE60926,10/8/2024,2024,1,Political violence,Explosions/Remote violence,Air/drone strike,Military Forces of Israel (2022-),,8,Civilians (Palestine),Refugees/IDPs (Palestine),7,78,Civilian targeting,275,Middle East,Palestine,Gaza Strip,Deir El Balah,,Al Burayj,31.4394,34.4031,1,Quds News Network,National,"On 8 October 2024, at around 00:15, Israeli warplanes struck the tents of displaced people in Al Sekka Street in Al Burayj Camp (Deir El Balah, Gaza Strip), killing 3 Palestinians and causing injuries. Also, around 3:40, Israeli artillery shelled targets and UAVs opened fire in the camp [casualties unknown]. Also, at around 22:49, 3 Palestinians, including a child, were killed in an airstrike that targeted a house. Fatalities coded at least 6 (at least 6 confirmed).",6,,1753956638
PSE60968,10/8/2024,2024,1,Political violence,Explosions/Remote violence,Air/drone strike,Military Forces of Israel (2022-),,8,Civilians (Palestine),Refugees/IDPs (Palestine),7,78,Civilian targeting,275,Middle East,Palestine,Gaza Strip,North Gaza,,Jabalya Camp,31.536,34.4907,1,Ma'an News Agency; Newpress; Palestine News and Information Agency; Quds News Network; Twitter,New media-National,"On 8 October 2024, Israeli warplanes and UAVs carried out intense strikes in Jabalya Camp (North Gaza, Gaza Strip). Casualties unknown. Also, Israeli tanks opened fire and artillery shelled targets amid a ground operation in the camp [casualties unknown]. Tens of Palestinians were killed and tens were injured in block 2, al-Qassasin, al-Alami, near Nadi Al-Khadamat in the camp [coded as 10].",10,,1753956638
PSE60823,10/8/2024,2024,1,Political violence,Explosions/Remote violence,Air/drone strike,Military Forces of Israel (2022-),,8,Civilians (Palestine),,7,78,Civilian targeting,275,Middle East,Palestine,Gaza Strip,North Gaza,,Jabalya - Tel-Zaatar,31.5367,34.5035,1,Arab 48; Newpress; Quds News Network; Twitter,New media-National,"On 8 October 2024, at around 16:20, Israeli warplanes struck a group of Palestinians near Al Awada Hospital in Jabalya - Tel-Zaatar (North Gaza, Gaza Strip), killing a Palestinian and causing a number of injuries.",1,,1759790002
PSE60832,10/8/2024,2024,1,Political violence,Explosions/Remote violence,Air/drone strike,Military Forces of Israel (2022-),,8,Civilians (Palestine),,7,78,Civilian targeting,275,Middle East,Palestine,Gaza Strip,Gaza City,,Gaza - Az Zaytun,31.4964,34.4522,1,Arab 48; Ma'an News Agency; Palestine News and Information Agency; Quds News Network,National,"On 8 October 2024, Israeli warplanes struck a house in the eastern areas of Gaza - Az Zaytun (Gaza City, Gaza Strip), causing fire. Casualties unknown. Also, UAV opened fire and artillery shelled the Az Zaytun, killing a Palestinian women. Fatalities coded at least 1.",1,,1759790002
PSE60951,10/8/2024,2024,1,Political violence,Explosions/Remote violence,Air/drone strike,Military Forces of Israel (2022-),,8,Civilians (Palestine),,7,78,Civilian targeting,275,Middle East,Palestine,Gaza Strip,North Gaza,,Jabalya,31.5272,34.4835,1,Quds News Network,National,"On 8 October 2024, at around 12:00, Israeli warplanes struck a house in Jabalya town (North Gaza, Gaza Strip), killing at least 7 persons. Also, around 17:55, one person was killed in an airstrike near the Najm al-Din Arbakan School in the town. Total fatalities coded at least 8.",8,,1759790002
PSE60939,10/8/2024,2024,1,Political violence,Explosions/Remote violence,Air/drone strike,Military Forces of Israel (2022-),,8,Civilians (Palestine),,7,78,Civilian targeting,275,Middle East,Palestine,Gaza Strip,Rafah,,Khirbet al Adas,31.2855,34.2714,1,Palestine News and Information Agency; Quds News Network,National,"On 8 October 2024, an Israeli UAV struck a group of Palestinians at a water filling station in Khirbet al Adas (Rafah, Gaza Strip), killing 8 persons and leaving injuries.",8,,1753956638
PSE60809,10/9/2024,2024,1,Political violence,Explosions/Remote violence,Air/drone strike,Military Forces of Israel (2022-),,8,Civilians (Palestine),,7,78,Civilian targeting,275,Middle East,Palestine,Gaza Strip,Gaza City,,Gaza - Sheikh Radwan,31.5349,34.4667,1,Quds News Network,National,"On 9 October 2024, at around 22:42, Israeli UAVs opened fire at al-Jalaa Street in Gaza - Sheikh Radwan (Gaza City, Gaza Strip), injuring a number of Palestinian children.",0,,1759790002
PSE60834,10/9/2024,2024,1,Political violence,Explosions/Remote violence,Air/drone strike,Military Forces of Israel (2022-),,8,Civilians (Palestine),Refugees/IDPs (Palestine),7,78,Civilian targeting,275,Middle East,Palestine,Gaza Strip,Deir El Balah,,An Nusayrat - West,31.4525,34.3756,1,Quds News Network,National,"On 9 October 2024, at around 2:49, Israeli warplanes struck a tent belongs to displaced people in An Nusayrat - West (Deir El Balah, Gaza Strip), killing a Palestinian and leaving injuries. Also, warplanes struck a house in Abu Ghoulah area [casualties unknown]. Fatalities coded at least 1.",1,,1753956638
PSE60864,10/9/2024,2024,1,Political violence,Explosions/Remote violence,Shelling/artillery/missile attack,Military Forces of Israel (2022-),,8,Civilians (Palestine),,7,78,Civilian targeting,275,Middle East,Palestine,Gaza Strip,North Gaza,,Beit Lahiya - Al Mashroo,31.5433,34.4998,1,Quds News Network,National,"On 9 October 2024, at around 06:43, Israeli artillery shelled on the outskirts of al-Fakhoura area in Beit Lahiya - Al Mashroo (North Gaza, Gaza Strip), leaving 2 fatalities.",2,,1753956638
PSE60867,10/9/2024,2024,1,Political violence,Explosions/Remote violence,Air/drone strike,Military Forces of Israel (2022-),,8,Civilians (Palestine),Refugees/IDPs (Palestine),7,78,Civilian targeting,275,Middle East,Palestine,Gaza Strip,Deir El Balah,,An Nusayrat,31.4486,34.3925,1,Ma'an News Agency; Palestine News and Information Agency; Quds News Network,National,"On 9 October 2024, Israeli warplanes struck a house in An Nusayrat Camp (Deir El Balah, Gaza Strip), killing 3 Palestinians, including a child and injuring a number of others.",3,,1753956638
PSE60869,10/9/2024,2024,1,Political violence,Explosions/Remote violence,Air/drone strike,Military Forces of Israel (2022-),,8,Civilians (Palestine),Refugees/IDPs (Palestine),7,78,Civilian targeting,275,Middle East,Palestine,Gaza Strip,Deir El Balah,,An Nusayrat - North,31.4591,34.3923,2,Dunia Al Watan; Palestine News and Information Agency; Quds News Network,National,"On 9 October 2024, at around 08:00, Israeli warplanes struck a house northwest of An Nusayrat, coded to An Nusayrat - North (Deir El Balah, Gaza Strip), killing 3 Palestinians including a child, and causing a number of injuries.",3,,1753956638
PSE60881,10/9/2024,2024,1,Political violence,Explosions/Remote violence,Air/drone strike,Military Forces of Israel (2022-),,8,Civilians (Palestine),Refugees/IDPs (Palestine),7,78,Civilian targeting,275,Middle East,Palestine,Gaza Strip,Deir El Balah,,Al Burayj,31.4394,34.4031,1,Palestine News and Information Agency; Quds News Network,National,"On 9 October 2024, at around 1:00, Israeli warplanes struck a house in Al Burayj Camp (Deir El Balah, Gaza Strip), killing 4 Palestinians and causing injuries.",4,,1753956638
PSE60887,10/9/2024,2024,1,Political violence,Explosions/Remote violence,Air/drone strike,Military Forces of Israel (2022-),,8,Civilians (Palestine),,7,78,Civilian targeting,275,Middle East,Palestine,Gaza Strip,Gaza City,,Gaza - Ash Shati' Camp,31.5349,34.4466,2,Newpress; Palestine News and Information Agency; Twitter,New media-National,"On 9 October 2024, at around 1:00, Israeli warplanes carried out strike and UAVs opened fire toward houses in Al Saftawi, As Shanti, and Al Tawam areas northwest of Gaza city, coded Gaza - Ash Shati' Camp (Gaza City, Gaza Strip). Casualties unknown.",0,,1759790002
PSE60895,10/9/2024,2024,1,Political violence,Explosions/Remote violence,Air/drone strike,Military Forces of Israel (2022-),,8,Civilians (Palestine),,7,78,Civilian targeting,275,Middle East,Palestine,Gaza Strip,Deir El Balah,,Az Zawayda,31.4284,34.366,1,Newpress; Quds News Network; Twitter,New media-National,"On 9 October 2024, at around 11:12, Israeli warplanes struck a target in Az Zawayda (Deir El Balah, Gaza Strip). Casualties unknown.",0,,1767742780
PSE60942,10/9/2024,2024,1,Political violence,Explosions/Remote violence,Air/drone strike,Military Forces of Israel (2022-),,8,Civilians (Palestine),,7,78,Civilian targeting,275,Middle East,Palestine,Gaza Strip,Khan Yunis,,Khan Yunis - Maen,31.336,34.3172,2,Palestine News and Information Agency; Quds News Network,National,"On 9 October 2024, at around 21:00, Israeli warplanes struck a passing car at the road between Khan Yunis - Maen and Bani Suheila (Khan Yunis, Gaza Strip), killing 8 Palestinians.",8,,1753956638
PSE60957,10/9/2024,2024,1,Political violence,Explosions/Remote violence,Air/drone strike,Military Forces of Israel (2022-),,8,Civilians (Palestine),,7,78,Civilian targeting,275,Middle East,Palestine,Gaza Strip,Gaza City,,Gaza - Shujaiyya,31.4988,34.4699,1,Ma'an News Agency; Palestine News and Information Agency; Quds News Network,National,"On 9 October 2024, Israeli warplanes struck a house in Gaza - Shujaiyya (Gaza City, Gaza Strip), killing 9 Palestinians from the same family.",9,,1759790002
PSE60970,10/9/2024,2024,1,Political violence,Explosions/Remote violence,Shelling/artillery/missile attack,Military Forces of Israel (2022-),,8,Civilians (Palestine),,7,78,Civilian targeting,275,Middle East,Palestine,Gaza Strip,North Gaza,,Jabalya Camp,31.536,34.4907,2,Newpress; Quds News Network; Twitter,New media-National,"On 9 October 2024, at around 11:22, Israeli tanks opened fire toward a group of Palestinians at Abu Sharkh junction west of Jabalya Camp (North Gaza, Gaza Strip), killing 10 Palestinians.",10,,1753956638
PSE61193,10/9/2024,2024,1,Political violence,Explosions/Remote violence,Air/drone strike,Military Forces of Israel (2022-),,8,Civilians (Palestine),Refugees/IDPs (Palestine),7,78,Civilian targeting,275,Middle East,Palestine,Gaza Strip,North Gaza,,Jabalya Camp,31.536,34.4907,1,Arab 48; Dunia Al Watan; Newpress; Palestine News and Information Agency; Quds News Network; Twitter,New media-National,"On 9 October 2024, at around 16:00, Israeli warplanes struck tents belonging to displaced people inside the Al Yamen Al Saeed Hospital in Jabalya Camp (North Gaza, Gaza Strip), killing at least 16 Palestinians and causing several injuries. Also, at around 21:00, 5 Palestinians were killed in airstrikes targeting 3 houses in Al Hoja area in the camp. Also, at around 00:10, the artillery shelled targets in Al Falouja in the camp [casualties unknown]. Total fatalities coded as 21.",21,,1753956638
PSE60843,10/9/2024,2024,1,Political violence,Violence against civilians,Attack,Military Forces of Israel (2022-),,8,Civilians (Palestine),Journalists (Palestine),7,78,Civilian targeting,275,Middle East,Palestine,Gaza Strip,North Gaza,,Jabalya Camp,31.536,34.4907,2,Newpress; Palestine News and Information Agency; Quds News Network; Twitter,New media-National,"On 9 October 2024, at around 16:00, an Israeli sniper shot dead a Palestinian journalist (cameraman) and injured two others at Abu Sharkh junction west of Jabalya Camp (North Gaza, Gaza Strip).",1,,1753956638
PSE60812,10/9/2024,2024,1,Political violence,Explosions/Remote violence,Air/drone strike,Military Forces of Israel (2022-),,8,Civilians (Palestine),,7,78,Civilian targeting,275,Middle East,Palestine,Gaza Strip,Gaza City,,Gaza - Az Zaytun,31.4964,34.4522,1,Newpress; Palestine News and Information Agency; Quds News Network; Twitter,New media-National,"On 9 October 2024, Israeli UAVs opened fire and injured a number of Palestinian in Az Zaytun. Also, artillery shelled several targets in Gaza - Az Zaytun and at the Sikka Street in the neighborhood (Gaza City, Gaza Strip). Casualties unknown.",0,,1759790002
PSE60876,10/9/2024,2024,1,Political violence,Explosions/Remote violence,Air/drone strike,Military Forces of Israel (2022-),,8,Civilians (Palestine),Refugees/IDPs (Palestine),7,78,Civilian targeting,275,Middle East,Palestine,Gaza Strip,North Gaza,,Jabalya,31.5272,34.4835,1,Newpress; Palestine News and Information Agency; Quds News Network; Twitter,New media-National,"On 9 October 2024, at around 12:00, Israeli warplanes struck the al-Rafei School and Fatima Bint Asad School that host displaced people in Jabalya town (North Gaza, Gaza Strip), killing 3 Palestinians and injuring 25 more.",3,,1759790002
PSE60821,10/9/2024,2024,1,Political violence,Explosions/Remote violence,Air/drone strike,Military Forces of Israel (2022-),,8,Civilians (Palestine),,7,78,Civilian targeting,275,Middle East,Palestine,Gaza Strip,Khan Yunis,,Khan Yunis - Jourat Al-Loot,31.3314,34.3004,2,Quds News Network,National,"On 9 October 2024, at around 15:33, Israeli warplanes struck a group of Palestinians near the Mortaja junction south of Khan Yunis, coded to Khan Yunis - Jourat Al-Loot (Khan Yunis, Gaza Strip), killing a Palestinian and leaving a number of injuries.",1,,1753956638
PSE65411,10/9/2024,2024,1,Political violence,Explosions/Remote violence,Air/drone strike,Military Forces of Israel (2022-),,8,Civilians (Palestine),,7,78,Civilian targeting,275,Middle East,Palestine,Gaza Strip,Khan Yunis,,Khan Yunis,31.3502,34.3081,1,Aid Worker Security Database,Local partner-Other,"On 9 October 2024, at least 3 aid workers were killed and one aid worker (likely aid security committees) injured by an Israeli army airstrike targeting a vehicle in Khan Yunis, Gaza Strip. This event involved violence over aid.",3,,1756156113
PSE60827,10/10/2024,2024,1,Political violence,Explosions/Remote violence,Air/drone strike,Military Forces of Israel (2022-),,8,Civilians (Palestine),Refugees/IDPs (Palestine),7,78,Civilian targeting,275,Middle East,Palestine,Gaza Strip,Deir El Balah,,Deir al Balah,31.4178,34.3503,1,Ma'an News Agency; Palestine News and Information Agency; Quds News Network,National,"On 10 October 2024, Israeli helicopters targeted a house hosts displaced people in Deir al Balah city (Deir El Balah, Gaza Strip), killing a woman.",1,,1753956638
PSE60835,10/10/2024,2024,1,Political violence,Explosions/Remote violence,Air/drone strike,Military Forces of Israel (2022-),,8,Civilians (Palestine),,7,78,Civilian targeting,275,Middle East,Palestine,Gaza Strip,Gaza City,,Gaza - Ash Shati' Camp,31.5349,34.4466,2,Al-Ittihad; Palestine News and Information Agency,National-Regional,"On 10 October 2024, Israeli artillery shelled targets in Al Tawam area northwest of Gaza City, coded to Gaza - Ash Shati' Camp (Deir El Balah, Gaza Strip). Casualties unknown. Also, warplanes struck a group of people in Al Saftawi area [coded to this location], killing a Palestinian and injuring others. Fatalities coded at least 1.",1,,1759790002
PSE60853,10/10/2024,2024,1,Political violence,Explosions/Remote violence,Air/drone strike,Military Forces of Israel (2022-),,8,Civilians (Palestine),Refugees/IDPs (Palestine),7,78,Civilian targeting,275,Middle East,Palestine,Gaza Strip,Deir El Balah,,Al Maghazi,31.4214,34.3865,1,Palestine News and Information Agency; Quds News Network,National,"On 10 October 2024, Israeli UAVs struck a target in Al Maghazi Camp (Deir El Balah, Gaza Strip), killing 2 Palestinians.",2,,1753956638
PSE60883,10/10/2024,2024,1,Political violence,Explosions/Remote violence,Air/drone strike,Military Forces of Israel (2022-),,8,Civilians (Palestine),,7,78,Civilian targeting,275,Middle East,Palestine,Gaza Strip,Gaza City,,Gaza - Sheikh Radwan,31.5349,34.4667,1,Palestine News and Information Agency; Quds News Network,National,"On 10 October 2024, an Israeli UAV struck a group of Palestinians near the Omar mosque in Gaza - Sheikh Radwan (Gaza City, Gaza Strip), killing 4 persons.",4,,1759790002
PSE60884,10/10/2024,2024,1,Political violence,Explosions/Remote violence,Air/drone strike,Military Forces of Israel (2022-),,8,Civilians (Palestine),Refugees/IDPs (Palestine),7,78,Civilian targeting,275,Middle East,Palestine,Gaza Strip,North Gaza,,Jabalya Camp,31.536,34.4907,1,Palestine News and Information Agency; Quds News Network,National,"On 10 October 2024, at around 4:00, Israeli warplanes struck a target in Al Huja area in Jabalya Camp (North Gaza, Gaza Strip), killing 3 Palestinians. Also, artillery shelled targets and tanks opened fire in Jabalya Camp [casualties unknown]. Also, warplanes struck houses and other targets in the camp amid of the ground operation, several persons were injured and one person was killed at the Shuhada roundabout in the camp. Fatalities coded at least 4.",4,,1753956638
PSE60892,10/10/2024,2024,1,Political violence,Explosions/Remote violence,Air/drone strike,Military Forces of Israel (2022-),,8,Civilians (Palestine),,7,78,Civilian targeting,275,Middle East,Palestine,Gaza Strip,Khan Yunis,,Al Fukhari,31.2952,34.3332,1,Newpress; Palestine News and Information Agency; Quds News Network; Twitter,New media-National,"On 10 October 2024, Israeli warplanes struck a house in Al Fukhari (Khan Yunis, Gaza Strip), killing 5 Palestinians, a couples and their 3 children.",5,,1753956638
PSE60896,10/10/2024,2024,1,Political violence,Explosions/Remote violence,Air/drone strike,Military Forces of Israel (2022-),,8,Civilians (Palestine),,7,78,Civilian targeting,275,Middle East,Palestine,Gaza Strip,Khan Yunis,,Khan Yunis - Maen,31.336,34.3172,2,Quds News Network,National,"On 10 October 2024, at around 02:21, Israeli warplanes struck a house southeast of Khan Yunis, coded to Khan Yunis - Maen (Khan Yunis, Gaza Strip). Casualties unknown.",0,,1753956638
PSE60933,10/10/2024,2024,1,Political violence,Explosions/Remote violence,Air/drone strike,Military Forces of Israel (2022-),,8,Civilians (Palestine),Refugees/IDPs (Palestine),7,78,Civilian targeting,275,Middle East,Palestine,Gaza Strip,Gaza City,,Gaza - Northern Remal,31.524,34.4505,1,Newpress; Quds News Network; Twitter,New media-National,"On 10 October 2024, at around 11:11, Israeli warplanes struck a center hosts displaced people near Al Shifa Hospital in Gaza - Northern Remal (Gaza City, Gaza Strip), killing 6 Palestinians.",6,,1759790002
PSE61238,10/10/2024,2024,1,Political violence,Explosions/Remote violence,Shelling/artillery/missile attack,Military Forces of Israel (2022-),,8,Civilians (Palestine),,7,78,Civilian targeting,275,Middle East,Palestine,Gaza Strip,Deir El Balah,,An Nusayrat - North,31.4591,34.3923,1,Palestine News and Information Agency,National,"On 10 October 2024, Israeli artillery shelled houses in An Nusayrat - North (Deir El Balah, Gaza Strip). Casualties unknown.",0,,1753956638
PSE60877,10/10/2024,2024,1,Political violence,Explosions/Remote violence,Air/drone strike,Military Forces of Israel (2022-),,8,Civilians (Palestine),Refugees/IDPs (Palestine),7,78,Civilian targeting,275,Middle East,Palestine,Gaza Strip,North Gaza,,Jabalya Camp,31.536,34.4907,2,Newpress; Quds News Network; Twitter,New media-National,"On 10 October 2024, at around 00:29, Israeli tanks and artillery shelled west and east of Jabalya Camp (North Gaza, Gaza Strip). Casualties unknown. Also, UAVs opened fire toward displaced people near Abu Sharkh junction west of Jabalya Camp, injuring a number of Palestinians. At around 10:06 a number of Palestinians were killed and injured in Bit Naja west of the camp. [On 22 and 23 January 2025, 30 bodies were recovered from under the rubble in Jabalya Camp. These fatalities were distributed across three events. 10 of these fatalities were coded to this event].",10,,1753956638
PSE61151,10/10/2024,2024,1,Political violence,Explosions/Remote violence,Air/drone strike,Military Forces of Israel (2022-),,8,Civilians (Palestine),,7,78,Civilian targeting,275,Middle East,Palestine,Gaza Strip,North Gaza,,Jabalya - Tel-Zaatar,31.5367,34.5035,1,Newpress; Quds News Network; Twitter,New media-National,"On 10 October 2024, at around 12:38, Israeli warplanes struck targets and house near the Awadah hospital in Tel Zaatar [casualties unknown]. Also, UAVs opened fire and artillery shelled targets in the Jabalya - Tel-Zaatar (North Gaza, Gaza Strip). A number of Palestinian was injured.",0,,1759790002
PSE60856,10/10/2024,2024,1,Political violence,Explosions/Remote violence,Air/drone strike,Military Forces of Israel (2022-),,8,Civilians (Palestine),,7,78,Civilian targeting,275,Middle East,Palestine,Gaza Strip,Rafah,,Rafah,31.287,34.2595,1,Dunia Al Watan; Newpress; Palestine News and Information Agency; Quds News Network; Twitter,New media-National,"On 10 October 2024, Israeli warplanes struck a group of people in the center of Rafah city (Gaza Strip), killing 2 Palestinians.",2,,1762829569
PSE60886,10/10/2024,2024,1,Political violence,Explosions/Remote violence,Air/drone strike,Military Forces of Israel (2022-),,8,Civilians (Palestine),,7,78,Civilian targeting,275,Middle East,Palestine,Gaza Strip,North Gaza,,Jabalya,31.5272,34.4835,1,Aid Worker Security Database; Quds News Network,Local partner-Other,"On 10 October 2024, Israeli UAVs opened fire near Jabalya al Nazzleh in Jabalya town (North Gaza, Gaza Strip), causing injuries. Also on the same day, one aid worker (likely aid security committees) was killed due to shrapnel shots [likely by drone or tank fire] in Jabalia, which was coded to this event. This event involved violence over aid.",1,,1759790002
PSE71487,10/10/2024,2024,1,Political violence,Violence against civilians,Attack,Sahm Unit,,3,Civilians (Palestine),,7,37,Civilian targeting,275,Middle East,Palestine,Gaza Strip,Khan Yunis,,Khan Yunis,31.3502,34.3081,2,The Independent Commission For Human Rights,National,"On 10 October 2024, gunmen [likely security personnel affiliated with Sahm] shot and injured a 19-year-old man in the legs in Khan Yunis area (Gaza Strip), accusing him of stealing from homes during evacuations caused by the ongoing war as well as stealing weapons from deceased militants. This event involved violence over aid.",0,,1754354914
PSE60828,10/11/2024,2024,1,Political violence,Explosions/Remote violence,Air/drone strike,Military Forces of Israel (2022-),,8,Civilians (Palestine),,7,78,Civilian targeting,275,Middle East,Palestine,Gaza Strip,Gaza City,,Gaza - Shujaiyya,31.4988,34.4699,1,Palestine News and Information Agency; Quds News Network,National,"On 11 October 2024, Israeli UAVs struck a target in Gaza - Shujaiyya (Gaza City, Gaza Strip), killing an elderly Palestinian.",1,,1759790002
PSE60836,10/11/2024,2024,1,Political violence,Explosions/Remote violence,Air/drone strike,Military Forces of Israel (2022-),,8,Civilians (Palestine),Refugees/IDPs (Palestine),7,78,Civilian targeting,275,Middle East,Palestine,Gaza Strip,North Gaza,,Jabalya Camp,31.536,34.4907,1,Ma'an News Agency; Palestine News and Information Agency; Quds News Network,National,"On 11 October 2024, Israeli warplanes struck the Hafsa School that hosts displaced people in Jabalya Camp (North Gaza, Gaza Strip), killing a woman and injuring 4 more.",1,,1753956638
PSE60854,10/11/2024,2024,1,Political violence,Explosions/Remote violence,Air/drone strike,Military Forces of Israel (2022-),,8,Civilians (Palestine),Refugees/IDPs (Palestine),7,78,Civilian targeting,275,Middle East,Palestine,Gaza Strip,Deir El Balah,,An Nusayrat,31.4486,34.3925,1,Ma'an News Agency; Newpress; Palestine News and Information Agency; Quds News Network; Twitter,New media-National,"On 11 October 2024, Israeli warplanes struck a house in An Nusayrat Camp (Deir El Balah, Gaza Strip), injuring at least 4 Palestinians. Also, 2 children were killed and others were injured in an airstrike that targeted a building.",2,,1753956638
PSE60855,10/11/2024,2024,1,Political violence,Explosions/Remote violence,Air/drone strike,Military Forces of Israel (2022-),,8,Civilians (Palestine),,7,78,Civilian targeting,275,Middle East,Palestine,Gaza Strip,Gaza City,,Gaza - Ash Shati' Camp,31.5349,34.4466,2,Palestine News and Information Agency; Quds News Network,National,"On 11 October 2024, Israeli warplanes struck a house in Al Saftawi area northwest of Gaza City, coded to Gaza - Ash Shati' Camp (Gaza City, Gaza Strip), killing 2 Palestinians.",2,,1759790002
PSE60868,10/11/2024,2024,1,Political violence,Explosions/Remote violence,Air/drone strike,Military Forces of Israel (2022-),,8,Civilians (Palestine),,7,78,Civilian targeting,275,Middle East,Palestine,Gaza Strip,Khan Yunis,,Al Mawasi (Khan Yunis),31.3482,34.2547,1,Quds News Network,National,"On 11 October 2024, Israeli UAVs struck in (Al Mawasi (Khan Yunis), Gaza Strip), injuring a Palestinian.",0,,1762829569
PSE60870,10/11/2024,2024,1,Political violence,Explosions/Remote violence,Air/drone strike,Military Forces of Israel (2022-),,8,Civilians (Palestine),,7,78,Civilian targeting,275,Middle East,Palestine,Gaza Strip,Rafah,,An Nasr,31.2814,34.3025,1,Quds News Network,National,"On 11 October 2024, Israeli warplanes struck a house in An Nasr (Rafah, Gaza Strip), leaving injuries.",0,,1753956638
PSE60871,10/11/2024,2024,1,Political violence,Explosions/Remote violence,Air/drone strike,Military Forces of Israel (2022-),,8,Civilians (Palestine),,7,78,Civilian targeting,275,Middle East,Palestine,Gaza Strip,Gaza City,,Gaza - Sabra,31.5086,34.4493,1,Ma'an News Agency; Newpress; Palestine News and Information Agency; Quds News Network; Twitter,New media-National,"On 11 October 2024, Israeli warplanes struck a house in Gaza - Sabra (Gaza City, Gaza Strip), killing 3 Palestinians and injuring others.",3,,1759790002
PSE60872,10/11/2024,2024,1,Political violence,Explosions/Remote violence,Air/drone strike,Military Forces of Israel (2022-),,8,Civilians (Palestine),,7,78,Civilian targeting,275,Middle East,Palestine,Gaza Strip,Gaza City,,Gaza - At Tuffah,31.5134,34.4751,1,Newpress; Palestine News and Information Agency; Quds News Network; Twitter,New media-National,"On 11 October 2024, Israeli warplanes struck a house near al-Sanafour junction in Gaza - At Tuffah (Gaza City, Gaza Strip), killing 3 Palestinians and injuring others.",3,,1759790002
PSE60885,10/11/2024,2024,1,Political violence,Explosions/Remote violence,Air/drone strike,Military Forces of Israel (2022-),,8,Civilians (Palestine),,7,78,Civilian targeting,275,Middle East,Palestine,Gaza Strip,North Gaza,,Jabalya Camp,31.536,34.4907,2,Ma'an News Agency; Palestine News and Information Agency; Quds News Network,National,"On 11 October 2024, Israeli warplanes struck a house in Bir Naaja area west of Jabalya Camp (North Gaza, Gaza Strip), leaving 4 fatalities. Also, airstrikes targeted Al Falouja area west of the camp [casualties unknown]. Fatalities coded at least 4.",4,,1753956638
PSE61248,10/11/2024,2024,1,Political violence,Explosions/Remote violence,Shelling/artillery/missile attack,Military Forces of Israel (2022-),,8,Civilians (Palestine),,7,78,Civilian targeting,275,Middle East,Palestine,Gaza Strip,Gaza City,,Gaza - Sheikh Radwan,31.5349,34.4667,2,Palestine News and Information Agency,National,"On 11 October 2024, Israeli tanks opened fire at Palestinians at al-Jala Street north of Gaza city, coded to Gaza - Sheikh Radwan (Gaza City, Gaza Strip). Casualties unknown.",0,,1759790002
PSE60862,10/11/2024,2024,1,Political violence,Explosions/Remote violence,Air/drone strike,Military Forces of Israel (2022-),,8,Civilians (Palestine),,7,78,Civilian targeting,275,Middle East,Palestine,Gaza Strip,Gaza City,,Gaza - Az Zaytun,31.4964,34.4522,1,Palestine News and Information Agency; Quds News Network,National,"On 11 October 2024, an Israeli UAV struck a target in Az Zaytun, killing 2 Palestinians including an elderly. Also, artillery shelled houses in Gaza - Az Zaytun (Gaza City, Gaza Strip). Casualties unknown. Fatalities coded at least 2.",2,,1759790002
PSE61212,10/11/2024,2024,1,Political violence,Explosions/Remote violence,Air/drone strike,Military Forces of Israel (2022-),,8,Civilians (Palestine),,7,78,Civilian targeting,275,Middle East,Palestine,Gaza Strip,North Gaza,,Jabalya,31.5272,34.4835,1,Ma'an News Agency; Newpress; Palestine News and Information Agency; Quds News Network; Twitter; UNSC,Other-New media,"On 11 October 2024, Israeli warplanes struck a house near al-Ehsan mosque in Jabalya town (North Gaza, Gaza Strip). 22 Palestinians were killed and 90 others injured in the attack. Also, the artillery shelled houses in the town, killing at least one person. Also, a UAV struck near the Nazlah in Jabalya, killing a Palestinian. In addition, warplanes struck 4 houses, killing at least 25 persons and injuring dozens. Fatalities coded at least 49.",49,,1759790002
PSE60934,10/11/2024,2024,1,Political violence,Explosions/Remote violence,Air/drone strike,Military Forces of Israel (2022-),,8,Civilians (Palestine),,7,78,Civilian targeting,275,Middle East,Palestine,Gaza Strip,Rafah,,Rafah,31.287,34.2595,1,Palestine News and Information Agency; Quds News Network,National,"On 11 October 2024, Israeli warplanes struck targets in Rafah city (Rafah, Gaza Strip), killing 6 Palestinians.",6,,1762829569
PSE71488,10/11/2024,2024,1,Political violence,Violence against civilians,Attack,Sahm Unit,,3,Civilians (Palestine),,7,37,Civilian targeting,275,Middle East,Palestine,Gaza Strip,Khan Yunis,,Khan Yunis,31.3502,34.3081,2,The Independent Commission For Human Rights,National,"On 11 October 2024, gunmen [likely security personnel affiliated with Sahm] shot and injured a 28-year-old man in the legs in Khan Yunis area (Gaza Strip), accusing him of stealing from homes during evacuations caused by the ongoing war. This event involved violence over aid.",0,,1754354914
PSE61498,10/12/2024,2024,1,Political violence,Explosions/Remote violence,Air/drone strike,Military Forces of Israel (2022-),,8,Civilians (Palestine),,7,78,Civilian targeting,275,Middle East,Palestine,Gaza Strip,Gaza City,,Gaza Port,31.5245,34.4326,2,Arab 48; Palestine News and Information Agency; Quds News Network,National,"On 12 October 2024, at around 8:22, an Israeli UAV struck a group of Palestinians near the fishers port, coded to Gaza Port (Gaza City, Gaza Strip), killing 2 Palestinians and injuring others.",2,,1753956638
PSE61499,10/12/2024,2024,1,Political violence,Explosions/Remote violence,Air/drone strike,Military Forces of Israel (2022-),,8,Civilians (Palestine),Refugees/IDPs (Palestine),7,78,Civilian targeting,275,Middle East,Palestine,Gaza Strip,Deir El Balah,,Al Burayj,31.4394,34.4031,1,Newpress; Palestine News and Information Agency; Quds News Network; Twitter,New media-National,"On 12 October 2024,an Israeli UAV struck a house in Al Burayj Camp (Deir El Balah, Gaza Strip), leaving 2 fatalities. Also, artillery shelled the camp [casualties unknown]. Total fatalities coded at least 2.",2,,1753956638
PSE61500,10/12/2024,2024,1,Political violence,Explosions/Remote violence,Air/drone strike,Military Forces of Israel (2022-),,8,Civilians (Palestine),Refugees/IDPs (Palestine),7,78,Civilian targeting,275,Middle East,Palestine,Gaza Strip,North Gaza,,Jabalya Camp,31.536,34.4907,1,Ma'an News Agency; Newpress; Palestine News and Information Agency; Quds News Network; Twitter,New media-National,"On 12 October 2024, Israeli warplanes struck a house in the Al Falouja area of Jabalya Camp (North Gaza, Gaza Strip), causing injuries, while artillery shelling in al Houja area and the camp continues. Warplanes also struck a house twice in the Al Yafawyeh area of the camp, killing 8 Palestinians and injuring others. Also, warplanes struck several targets in the camp [casualties unknown]. The total confirmed fatalities were at least 8.",8,,1753956638
PSE61502,10/12/2024,2024,1,Political violence,Explosions/Remote violence,Air/drone strike,Military Forces of Israel (2022-),,8,Civilians (Palestine),,7,78,Civilian targeting,275,Middle East,Palestine,Gaza Strip,Gaza City,,Gaza - Shujaiyya,31.4988,34.4699,1,Palestine News and Information Agency; Quds News Network,National,"On 12 October 2024, an Israeli UAV struck a group of Palestinians at Al Mentar Street in Gaza - Shujaiyya (Gaza City, Gaza Strip), killing 3 persons and causing injuries.",3,,1759790002
PSE61503,10/12/2024,2024,1,Political violence,Explosions/Remote violence,Air/drone strike,Military Forces of Israel (2022-),,8,Civilians (Palestine),,7,78,Civilian targeting,275,Middle East,Palestine,Gaza Strip,Khan Yunis,,Abasan al Kabirah,31.3191,34.3401,1,Palestine News and Information Agency,National,"On 12 October 2024, an Israeli UAV struck a group of Palestinians in Abasan al Kabirah (Khan Yunis, Gaza Strip), killing one person and causing injuries.",1,,1753956638
PSE61504,10/12/2024,2024,1,Political violence,Explosions/Remote violence,Air/drone strike,Military Forces of Israel (2022-),,8,Civilians (Palestine),Refugees/IDPs (Palestine),7,78,Civilian targeting,275,Middle East,Palestine,Gaza Strip,Deir El Balah,,Al Maghazi,31.4214,34.3865,1,Ma'an News Agency; Palestine News and Information Agency,National,"On 12 October 2024, an Israeli UAV struck a group of Palestinians on the outskirts of Al Maghazi Camp (Deir El Balah, Gaza Strip), killing 2 persons and causing injuries.",2,,1753956638
PSE61505,10/12/2024,2024,1,Political violence,Explosions/Remote violence,Air/drone strike,Military Forces of Israel (2022-),,8,Civilians (Palestine),,7,78,Civilian targeting,275,Middle East,Palestine,Gaza Strip,Gaza City,,Gaza - At Tuffah,31.5134,34.4751,1,Ma'an News Agency; Palestine News and Information Agency,National,"On 12 October 2024, Israeli warplanes struck a house in Gaza - At Tuffah (Gaza City, Gaza Strip). Casualties unknown.",0,,1759790002
PSE61507,10/12/2024,2024,1,Political violence,Explosions/Remote violence,Air/drone strike,Military Forces of Israel (2022-),,8,Civilians (Palestine),Refugees/IDPs (Palestine),7,78,Civilian targeting,275,Middle East,Palestine,Gaza Strip,Deir El Balah,,An Nusayrat,31.4486,34.3925,1,Al-Ittihad; Arab 48; Newpress; Palestine News and Information Agency; Quds News Network; Twitter,New media-National,"On 12 October 2024, at around 21:57, Israeli warplanes struck a house in An Nusayrat Camp (Deir El Balah, Gaza Strip), killing 8 Palestinians from the same family and injuring others.",8,,1753956638
PSE61514,10/12/2024,2024,1,Political violence,Explosions/Remote violence,Air/drone strike,Military Forces of Israel (2022-),,8,Civilians (Palestine),,7,78,Civilian targeting,275,Middle East,Palestine,Gaza Strip,North Gaza,,Jabalya Camp,31.536,34.4907,2,Newpress; Quds News Network; Twitter,New media-National,"On 12 October 2024, at around 10:49, Israeli UAV opened fire and killed a woman in west of Jabalya Camp. Also, at around 7:23, Israeli warplanes carried out strikes and tanks opened fire toward houses east of Jabalya Camp (North Gaza, Gaza Strip). Casualties unknown. Also, artillery shelled Bir Naja area west of Jabalya camp, injuring a child. Total fatalities coded at least 1.",1,,1753956638
PSE61549,10/12/2024,2024,1,Political violence,Explosions/Remote violence,Shelling/artillery/missile attack,Military Forces of Israel (2022-),,8,Civilians (Palestine),,7,78,Civilian targeting,275,Middle East,Palestine,Gaza Strip,Deir El Balah,,An Nusayrat - West,31.4525,34.3756,1,Arab 48; Newpress; Quds News Network; Twitter,New media-National,"On 12 October 2024, at around 06:04, Israeli gunboats opened fire at Abu Maala area in An Nusayrat - West (Deir El Balah, Gaza Strip). Casualties unknown. Also, the artillery shelled a house near the Turkman tower in An Nusayrat - West, causing injuries.",0,,1753956638
PSE61716,10/12/2024,2024,1,Political violence,Violence against civilians,Attack,Military Forces of Israel (2022-),,8,Civilians (Palestine),Fishers (Palestine),7,78,Civilian targeting,275,Middle East,Palestine,Gaza Strip,Rafah,,Coast of Rafah,31.3474,34.2226,1,Quds News Network,National,"On 12 October 2024, at around 17:50, Israeli gunboats opened fire at a Palestinian fishing boat off the Coast of Rafah (Rafah, Gaza Strip), injuring a fisher in the head.",0,,1753956638
PSE61506,10/12/2024,2024,1,Political violence,Explosions/Remote violence,Air/drone strike,Military Forces of Israel (2022-),,8,Civilians (Palestine),,7,78,Civilian targeting,275,Middle East,Palestine,Gaza Strip,Gaza City,,Gaza - Az Zaytun,31.4964,34.4522,1,Arab 48; Ma'an News Agency; Palestine News and Information Agency; Quds News Network,National,"On 12 October 2024, Israeli UAVs opened fire at a group of Palestinians in Gaza - Az Zaytun (Gaza City, Gaza Strip), causing injuries.",0,,1759790002
PSE61524,10/12/2024,2024,1,Political violence,Explosions/Remote violence,Air/drone strike,Military Forces of Israel (2022-),,8,Civilians (Palestine),,7,78,Civilian targeting,275,Middle East,Palestine,Gaza Strip,North Gaza,,Jabalya,31.5272,34.4835,1,Arab 48,National,"On 12 October 2024, Israeli warplanes struck several targets and houses in Jabalya town (North Gaza, Gaza Strip), causing fatalities and injuries [unspecified number of fatalities coded as 3].",3,,1759790002
PSE61501,10/12/2024,2024,1,Political violence,Explosions/Remote violence,Air/drone strike,Military Forces of Israel (2022-),,8,Civilians (Palestine),,7,78,Civilian targeting,275,Middle East,Palestine,Gaza Strip,Rafah,,Khirbet al Adas,31.2855,34.2714,2,Palestine News and Information Agency; Quds News Network,National,"On 12 October 2024, an Israeli UAV struck a target in Az Zohour area north of Rafah, coded to Khirbet al Adas (Rafah, Gaza Strip), killing 2 Palestinians. Also, at around 3:24, Israeli artillery shelled north of Rafah city [casualties unknown]. Fatalities coded at least 2.",2,,1753956638
PSE61527,10/13/2024,2024,1,Political violence,Explosions/Remote violence,Air/drone strike,Military Forces of Israel (2022-),,8,Civilians (Palestine),,7,78,Civilian targeting,275,Middle East,Palestine,Gaza Strip,Deir El Balah,,Deir al Balah Camp,31.4249,34.34,2,Palestine News and Information Agency; PLO Negotiations Affairs Department; Quds News Network,Other-National,"On 13 October 2024, Israeli warplanes struck a group of people east of Deir al Balah city, killing one person and injuring others. Also, artillery shelled targets east of Deir al Balah, coded to Deir al Balah Camp (Deir El Balah, Gaza Strip). Casualties unknown. Fatalities coded at least 1.",1,,1765850627
PSE61530,10/13/2024,2024,1,Political violence,Explosions/Remote violence,Air/drone strike,Military Forces of Israel (2022-),,8,Civilians (Palestine),Refugees/IDPs (Palestine),7,78,Civilian targeting,275,Middle East,Palestine,Gaza Strip,North Gaza,,Jabalya Camp,31.536,34.4907,1,Newpress; Palestine News and Information Agency; Quds News Network; Twitter,New media-National,"On 13 October 2024, Israeli warplanes struck a target in Al Falouja area of Jabalya Camp [casualties unknown]. Also, Israeli forces used a unmanned ground vehicle and detonated houses in Jabalya Camp (North Gaza, Gaza Strip), causing fires in several houses. Casualties unknown. In addition, 2 Palestinians were killed and others were injured in an airstrike that targeted al Falouja area. Total fatalities coded at least 2.",2,,1753956638
PSE61531,10/13/2024,2024,1,Political violence,Explosions/Remote violence,Air/drone strike,Military Forces of Israel (2022-),,8,Civilians (Palestine),,7,78,Civilian targeting,275,Middle East,Palestine,Gaza Strip,Gaza City,,Gaza - Ash Shati' Camp,31.5349,34.4466,2,Al-Ittihad; Palestine News and Information Agency; Quds News Network,National-Regional,"On 13 October 2024, Israeli warplanes struck a house at the Abdel-Al junction northwest of Gaza city, coded to Gaza - Ash Shati' Camp (Gaza City, Gaza Strip), causing fire. Casualties unknown. Also, artillery shelled northwest of Gaza City [coded to the same location].",0,,1759790002
PSE61533,10/13/2024,2024,1,Political violence,Explosions/Remote violence,Air/drone strike,Military Forces of Israel (2022-),,8,Civilians (Palestine),,7,78,Civilian targeting,275,Middle East,Palestine,Gaza Strip,Gaza City,,Gaza - At Tuffah,31.5134,34.4751,1,Al-Ittihad; Palestine News and Information Agency,National-Regional,"On 13 October 2024, Israeli warplanes struck a house in Gaza - At Tuffah (Gaza City, Gaza Strip), injuring 6 persons including children.",0,,1759790002
PSE61537,10/13/2024,2024,1,Political violence,Explosions/Remote violence,Air/drone strike,Military Forces of Israel (2022-),,8,Civilians (Palestine),Refugees/IDPs (Palestine),7,78,Civilian targeting,275,Middle East,Palestine,Gaza Strip,Gaza City,,Gaza - Ash Shati' Camp,31.5349,34.4466,1,Arab 48; Newpress; Palestine News and Information Agency; Quds News Network; Twitter,New media-National,"On 13 October 2024, an Israeli UAV struck a target in Gaza - Ash Shati' Camp (Gaza City, Gaza Strip), killing 5 children.",5,,1759790002
PSE61538,10/13/2024,2024,1,Political violence,Explosions/Remote violence,Air/drone strike,Military Forces of Israel (2022-),,8,Civilians (Palestine),Refugees/IDPs (Palestine),7,78,Civilian targeting,275,Middle East,Palestine,Gaza Strip,Deir El Balah,,An Nusayrat,31.4486,34.3925,1,Arab 48; Newpress; Palestine News and Information Agency; Quds News Network; Twitter,New media-National,"On 13 October 2024, Israeli warplanes struck the Al Mufit School that hosts displaced people in An Nusayrat Camp (Deir El Balah, Gaza Strip), killing 22 Palestinians, including 15 women and children, and injuring 80 more. Also, warplanes struck a house [casualties unknown]. Fatalities coded at least 22.",22,,1753956638
PSE61539,10/13/2024,2024,1,Political violence,Explosions/Remote violence,Air/drone strike,Military Forces of Israel (2022-),,8,Civilians (Palestine),,7,78,Civilian targeting,275,Middle East,Palestine,Gaza Strip,Deir El Balah,,Al Burayj,31.4394,34.4031,2,Palestine News and Information Agency,National,"On 13 October 2024, Israeli warplanes a group of Palestinians east of Al Burayj Camp (Deir El Balah, Gaza Strip), killing 2 persons.",2,,1753956638
PSE61548,10/13/2024,2024,1,Political violence,Explosions/Remote violence,Air/drone strike,Military Forces of Israel (2022-),,8,Civilians (Palestine),,7,78,Civilian targeting,275,Middle East,Palestine,Gaza Strip,Gaza City,,Gaza - Southern Remal,31.5168,34.4355,2,Newpress; Quds News Network; Twitter,New media-National,"On 13 October 2024, at around 11:31, Israeli warplanes struck a group of people in Al Jalaa street west of Gaza City, coded to Gaza - Southern Remal (Gaza City, Gaza Strip), killing a Palestinian and injuring others.",1,,1759790002
PSE61563,10/13/2024,2024,1,Political violence,Explosions/Remote violence,Shelling/artillery/missile attack,Military Forces of Israel (2022-),,8,Civilians (Palestine),Refugees/IDPs (Palestine),7,78,Civilian targeting,275,Middle East,Palestine,Gaza Strip,Deir El Balah,,Al Burayj,31.4394,34.4031,1,Newpress; Palestine News and Information Agency; Quds News Network; Twitter,New media-National,"On 13 October 2024, Israeli artillery shelled the block 1 in Al Burayj Camp (Deir El Balah, Gaza Strip), killing 5 Palestinians and injuring others.",5,,1753956638
PSE61601,10/13/2024,2024,1,Political violence,Explosions/Remote violence,Air/drone strike,Military Forces of Israel (2022-),,8,Civilians (Palestine),,7,78,Civilian targeting,275,Middle East,Palestine,Gaza Strip,North Gaza,,Jabalya Camp,31.536,34.4907,2,Palestine News and Information Agency,National,"On 13 October 2024, Israeli warplanes struck targets in Al Etisalat area west of Jabalya Camp (North Gaza, Gaza Strip), killing 5 Palestinians and injuring others.",5,,1753956638
PSE61532,10/13/2024,2024,1,Political violence,Explosions/Remote violence,Air/drone strike,Military Forces of Israel (2022-),,8,Civilians (Palestine),,7,78,Civilian targeting,275,Middle East,Palestine,Gaza Strip,Gaza City,,Gaza - Az Zaytun,31.4964,34.4522,2,Al-Ittihad; Palestine News and Information Agency,National-Regional,"On 13 October 2024, Israeli UAVs and artillery opened fire at Palestinian houses at Al Seka Street east of Gaza - Az Zaytun (Gaza City, Gaza Strip). Casualties unknown.",0,,1759790002
PSE61535,10/13/2024,2024,1,Political violence,Explosions/Remote violence,Air/drone strike,Military Forces of Israel (2022-),,8,Civilians (Palestine),,7,78,Civilian targeting,275,Middle East,Palestine,Gaza Strip,North Gaza,,Jabalya - Tel-Zaatar,31.5367,34.5035,1,Quds News Network,National,"On 13 October 2024, at around 14:04, Israeli warplanes struck a target in Jabalya - Tel-Zaatar (North Gaza, Gaza Strip), killing 3 Palestinians.",3,,1759790002
PSE61545,10/13/2024,2024,1,Political violence,Explosions/Remote violence,Air/drone strike,Military Forces of Israel (2022-),,8,Civilians (Palestine),,7,78,Civilian targeting,275,Middle East,Palestine,Gaza Strip,Gaza City,,Gaza - Az Zaytun,31.4964,34.4522,1,Quds News Network,National,"On 13 October 2024, Israeli warplanes struck a group of people in Asqoula area in Gaza - Az Zaytun (Gaza City, Gaza Strip), killing a Palestinian.",1,,1759790002
PSE61562,10/14/2024,2024,1,Political violence,Explosions/Remote violence,Air/drone strike,Military Forces of Israel (2022-),,8,Civilians (Palestine),Refugees/IDPs (Palestine),7,78,Civilian targeting,275,Middle East,Palestine,Gaza Strip,Khan Yunis,,Bani Suheila,31.3424,34.325,2,Palestine News and Information Agency; PLO Negotiations Affairs Department,Other-National,"On 14 October 2024, 5 Palestinians were injured in an airstrike targeted a tent belonging to displaced people east of Khan Yunis. Also, Israeli artillery and tanks shelled targets east of Khan Yunis, coded to Bani Suheila (Khan Yunis, Gaza Strip). Casualties unknown.",0,,1753956638
PSE61566,10/14/2024,2024,1,Political violence,Explosions/Remote violence,Air/drone strike,Military Forces of Israel (2022-),,8,Civilians (Palestine),Refugees/IDPs (Palestine),7,78,Civilian targeting,275,Middle East,Palestine,Gaza Strip,North Gaza,,Jabalya Camp,31.536,34.4907,1,Ma'an News Agency; Newpress; Palestine News and Information Agency; Quds News Network; Twitter; UNSC,Other-New media,"On 14 October 2024, Israeli warplanes struck targets and house in Jabalya Camp (North Gaza, Gaza Strip), injuring 3 children and leaving fatalities [unspecified fatalities coded as 3]. Also, at least 10 Palestinians were killed and 40 more were injured in an airstrike that targeted an aid supply center in the camp. In addition, warplanes targeted the Hafsa School and the Al Yaman Al Said Center hosting displaced people, where 3 persons were killed and 13 more were injured. Moreover, 4 Palestinians were killed in an airstrike that targeted a house. And artillery shelled targets in the camp. Fatalities coded as 20 (17 confirmed, 3 unspecified).",20,,1757377137
PSE61569,10/14/2024,2024,1,Political violence,Explosions/Remote violence,Air/drone strike,Military Forces of Israel (2022-),,8,Civilians (Palestine),Refugees/IDPs (Palestine),7,78,Civilian targeting,275,Middle East,Palestine,Gaza Strip,Khan Yunis,,Khan Yunis - West (Municipal Stadium),31.3484,34.2961,2,Palestine News and Information Agency; Quds News Network,National,"On 14 October 2024, Israeli UAVs struck tents belonging to displaced people west of Khan Yunis (coded to Khan Yunis - West (Municipal Stadium), Gaza Strip), injuring 15 persons.",0,,1753956638
PSE61570,10/14/2024,2024,1,Political violence,Explosions/Remote violence,Air/drone strike,Military Forces of Israel (2022-),,8,Civilians (Palestine),Refugees/IDPs (Palestine),7,78,Civilian targeting,275,Middle East,Palestine,Gaza Strip,Khan Yunis,,Bani Suheila,31.3424,34.325,1,Palestine News and Information Agency; Quds News Network,National,"On 14 October 2024, Israeli warplanes struck a house that hosts displaced people in Bani Suheila (Khan Yunis, Gaza Strip), killing 10 Palestinians and injuring others.",10,,1753956638
PSE61583,10/14/2024,2024,1,Political violence,Explosions/Remote violence,Air/drone strike,Military Forces of Israel (2022-),,8,Civilians (Palestine),,7,78,Civilian targeting,275,Middle East,Palestine,Gaza Strip,Rafah,,Tal as Sultan,31.3098,34.2414,2,Quds News Network,National,"On 14 October 2024, Israeli warplanes struck a passing car at the al-Alam roundabout west of Rafah, coded to Tal as Sultan (Rafah, Gaza Strip). Casualties unknown.",0,,1762829569
PSE61592,10/14/2024,2024,1,Political violence,Explosions/Remote violence,Shelling/artillery/missile attack,Military Forces of Israel (2022-),,8,Civilians (Palestine),,7,78,Civilian targeting,275,Middle East,Palestine,Gaza Strip,Rafah,,Al Mawasi (Rafah),31.3294,34.2299,1,Quds News Network,National,"On 14 October 2024, Israeli artillery shelled the (Al Mawasi (Rafah), Gaza Strip), causing injuries.",0,,1762829569
PSE61602,10/14/2024,2024,1,Political violence,Explosions/Remote violence,Air/drone strike,Military Forces of Israel (2022-),,8,Civilians (Palestine),,7,78,Civilian targeting,275,Middle East,Palestine,Gaza Strip,Deir El Balah,,An Nusayrat - West,31.4525,34.3756,1,Palestine News and Information Agency; Quds News Network,National,"On 14 October 2024, Israeli warplanes struck a house near the gas station in An Nusayrat - West (Deir El Balah, Gaza Strip), killing at least 5 Palestinians and injuring others. Also, artillery shelled An Nusayrat - West [casualties unknown]. Fatalities coded at least 5.",5,,1753956638
PSE61604,10/14/2024,2024,1,Political violence,Explosions/Remote violence,Air/drone strike,Military Forces of Israel (2022-),,8,Civilians (Palestine),,7,78,Civilian targeting,275,Middle East,Palestine,Gaza Strip,Gaza City,,Gaza - Sheikh Radwan,31.5349,34.4667,1,Palestine News and Information Agency; Quds News Network,National,"On 14 October 2024, Israeli UAVs struck a group of people in Gaza - Sheikh Radwan (Gaza City, Gaza Strip), killing 8 Palestinians and injuring others.",8,,1759790002
PSE61552,10/14/2024,2024,1,Political violence,Explosions/Remote violence,Air/drone strike,Military Forces of Israel (2022-),,8,Civilians (Palestine),,7,78,Civilian targeting,275,Middle East,Palestine,Gaza Strip,North Gaza,,Jabalya Camp,31.536,34.4907,2,Palestine News and Information Agency; Quds News Network,National,"On 14 October 2024, Israeli warplanes struck a house west of Jabalya Camp (North Gaza, Gaza Strip), causing a fire. Casualties unknown. And helicopters opened fire and artillery shelled areas west of the camp. [On 22 and 23 January 2025, 30 bodies were recovered from under the rubble in Jabalya Camp. These fatalities were distributed across three events. 10 of these fatalities were coded to this event].",10,,1753956638
PSE61565,10/14/2024,2024,1,Political violence,Explosions/Remote violence,Air/drone strike,Military Forces of Israel (2022-),,8,Civilians (Palestine),,7,78,Civilian targeting,275,Middle East,Palestine,Gaza Strip,North Gaza,,Jabalya,31.5272,34.4835,1,Newpress; Palestine News and Information Agency; Quds News Network; Twitter,New media-National,"On 14 October 2024, Israeli warplanes struck targets in Al Nazleh area in Jabalya town (North Gaza, Gaza Strip), killing 2 Palestinians and injuring others.",2,,1759790002
PSE61567,10/14/2024,2024,1,Political violence,Explosions/Remote violence,Air/drone strike,Military Forces of Israel (2022-),,8,Civilians (Palestine),Refugees/IDPs (Palestine),7,78,Civilian targeting,275,Middle East,Palestine,Gaza Strip,Rafah,,Rafah Camp,31.2847,34.2546,1,Newpress; Palestine News and Information Agency; Quds News Network; Twitter,New media-National,"On 14 October 2024, Israeli warplanes struck a target in Al Shaboura of Rafah Camp (Rafah, Gaza Strip), killing 4 Palestinians.",4,,1753956638
PSE61596,10/14/2024,2024,1,Political violence,Explosions/Remote violence,Shelling/artillery/missile attack,Military Forces of Israel (2022-),,8,Civilians (Palestine),,7,78,Civilian targeting,275,Middle East,Palestine,Gaza Strip,Khan Yunis,,Qizan an Najjar,31.323,34.2761,1,Quds News Network,National,"On 14 October 2024, an Israeli UAV targeted a tent belongs to displaced people in Qizan an Najjar (Khan Yunis, Gaza Strip), causing 8 injuries.",0,,1753956638
PSE61606,10/14/2024,2024,1,Political violence,Explosions/Remote violence,Air/drone strike,Military Forces of Israel (2022-),,8,Civilians (Palestine),,7,78,Civilian targeting,275,Middle East,Palestine,Gaza Strip,Rafah,,Rafah,31.287,34.2595,1,Newpress; Quds News Network; Twitter,New media-National,"On 14 October 2024, Israeli warplanes struck targets in Rafah City (Gaza Strip), killing at least 8 Palestinians.",8,,1762829569
PSE61568,10/15/2024,2024,1,Political violence,Explosions/Remote violence,Air/drone strike,Military Forces of Israel (2022-),,8,Civilians (Palestine),,7,78,Civilian targeting,275,Middle East,Palestine,Gaza Strip,Deir El Balah,,An Nusayrat - West,31.4525,34.3756,2,Palestine News and Information Agency; Quds News Network,National,"On 15 October 2024, Israeli warplanes struck a target in Tabbet al-Nwairi in An Nusayrat - West (Deir El Balah, Gaza Strip), causing injuries. Also, at around, 00:03, warplanes struck a house near Radi station [coded to same location], causing fatalities and injuries. Unspecified number of fatalities coded as 3.",3,,1753956638
PSE61571,10/15/2024,2024,1,Political violence,Explosions/Remote violence,Air/drone strike,Military Forces of Israel (2022-),,8,Civilians (Palestine),,7,78,Civilian targeting,275,Middle East,Palestine,Gaza Strip,Gaza City,,Gaza - Ash Shati' Camp,31.5349,34.4466,2,Newpress; Quds News Network; Twitter,New media-National,"On 15 October 2024, at around 11:04, Israeli warplanes struck a house in Al Saftawi area northwest of Gaza City, coded to Gaza - Ash Shati' Camp (North Gaza, Gaza Strip), leaving injuries and killing 3 Palestinians.",3,,1759790002
PSE61603,10/15/2024,2024,1,Political violence,Explosions/Remote violence,Air/drone strike,Military Forces of Israel (2022-),,8,Civilians (Palestine),,7,78,Civilian targeting,275,Middle East,Palestine,Gaza Strip,Khan Yunis,,Al Fukhari,31.2952,34.3332,1,Palestine News and Information Agency; Quds News Network,National,"On 15 October 2024, at around 1:53, Israeli warplanes struck a residential building in Al Fukhari (Khan Yunis, Gaza Strip), killing 7 Palestinians including children, and causing a number of injuries.",7,,1753956638
PSE61608,10/15/2024,2024,1,Political violence,Explosions/Remote violence,Air/drone strike,Military Forces of Israel (2022-),,8,Civilians (Palestine),Refugees/IDPs (Palestine),7,78,Civilian targeting,275,Middle East,Palestine,Gaza Strip,North Gaza,,Jabalya Camp,31.536,34.4907,1,Palestine News and Information Agency; Quds News Network,National,"On 15 October 2024, Israeli warplanes struck a house in the Trans Street in Jabalya Camp (North Gaza, Gaza Strip), killing 3 Palestinians and injuring others. Also, the Israeli artillery shelled targets in the camp [casualties unknown]. Fatalities coded at least 3.",3,,1753956638
PSE61609,10/15/2024,2024,1,Political violence,Explosions/Remote violence,Air/drone strike,Military Forces of Israel (2022-),,8,Civilians (Palestine),Refugees/IDPs (Palestine),7,78,Civilian targeting,275,Middle East,Palestine,Gaza Strip,Deir El Balah,,Al Maghazi,31.4214,34.3865,1,Palestine News and Information Agency,National,"On 15 October 2024, Israeli warplanes struck a target in Al Maghazi Camp (Deir El Balah, Gaza Strip), killing a Palestinian.",1,,1753956638
PSE61610,10/15/2024,2024,1,Political violence,Explosions/Remote violence,Air/drone strike,Military Forces of Israel (2022-),,8,Civilians (Palestine),Journalists (Palestine),7,78,Civilian targeting,275,Middle East,Palestine,Gaza Strip,Deir El Balah,,An Nusayrat - North,31.4591,34.3923,2,Committee to Protect Journalists; Guardian (United Kingdom); Newpress; Palestine News and Information Agency; Quds News Network; Twitter,Other-New media,"On 15 October 2024, Israeli warplanes struck a house northeast of An Nusayrat, killing 6 Palestinians, including a journalist, and injuring 8 more. Also, 2 Palestinians were killed in an airstrike that targeted a house northwest of An Nusayrat, coded to An Nusayrat - North (Deir El Balah, Gaza Strip). The total fatalities were 8.",8,,1757975700
PSE61611,10/15/2024,2024,1,Political violence,Explosions/Remote violence,Air/drone strike,Military Forces of Israel (2022-),,8,Civilians (Palestine),,7,78,Civilian targeting,275,Middle East,Palestine,Gaza Strip,Gaza City,,Gaza - Sheikh Radwan,31.5349,34.4667,2,Ma'an News Agency; Palestine News and Information Agency; Quds News Network,National,"On 15 October 2024, an Israeli UAV struck the Ahmad Yasin Street north of Gaza City, coded to Gaza - Sheikh Radwan (Gaza City, Gaza Strip), killing 8 Palestinians.",8,,1759790002
PSE61619,10/15/2024,2024,1,Political violence,Explosions/Remote violence,Air/drone strike,Military Forces of Israel (2022-),,8,Civilians (Palestine),,7,78,Civilian targeting,275,Middle East,Palestine,Gaza Strip,Deir El Balah,,Al Burayj,31.4394,34.4031,2,Quds News Network,National,"On 15 October 2024, at around 13:12, Israeli warplanes struck house east of Al Burayj Camp (Deir El Balah, Gaza Strip). Casualties unknown.",0,,1753956638
PSE61620,10/15/2024,2024,1,Political violence,Explosions/Remote violence,Air/drone strike,Military Forces of Israel (2022-),,8,Civilians (Palestine),,7,78,Civilian targeting,275,Middle East,Palestine,Gaza Strip,Gaza City,,Gaza - Shujaiyya,31.4988,34.4699,1,Quds News Network,National,"On 15 October 2024, at around 15:36, Israeli UAV struck a group of Palestinians in Al Manshourah area of Gaza - Shujaiyya (Gaza City, Gaza Strip), causing a critical injury.",0,,1759790002
PSE61624,10/15/2024,2024,1,Political violence,Explosions/Remote violence,Shelling/artillery/missile attack,Military Forces of Israel (2022-),,8,Civilians (Palestine),Refugees/IDPs (Palestine),7,78,Civilian targeting,275,Middle East,Palestine,Gaza Strip,Gaza City,,Gaza - Ash Shati' Camp,31.5349,34.4466,1,Quds News Network,National,"On 15 October 2024, at around 10:49, Israeli artillery shelled a group of people in Gaza - Ash Shati' Camp (Gaza City, Gaza Strip), causing injuries.",0,,1759790002
PSE61627,10/15/2024,2024,1,Political violence,Explosions/Remote violence,Air/drone strike,Military Forces of Israel (2022-),,8,Civilians (Palestine),,7,78,Civilian targeting,275,Middle East,Palestine,Gaza Strip,North Gaza,,Jabalya Camp,31.536,34.4907,2,Newpress; Palestine News and Information Agency; Quds News Network; Twitter,New media-National,"On 15 October 2024, Israeli warplanes struck a house in al Falouja area west Jabalya Camp (North Gaza, Gaza Strip), killing 12 Palestinians and injuring others.",12,,1753956638
PSE61575,10/15/2024,2024,1,Political violence,Explosions/Remote violence,Air/drone strike,Military Forces of Israel (2022-),,8,Civilians (Palestine),,7,78,Civilian targeting,275,Middle East,Palestine,Gaza Strip,Gaza City,,Gaza - Az Zaytun,31.4964,34.4522,1,Palestine News and Information Agency; Quds News Network,National,"On 15 October 2024, at around 3:30,Israeli warplanes struck a house near the Salah al-Din mosque in Gaza - Az Zaytun (Gaza City, Gaza Strip), killing 3 Palestinians and injuring others. Also, at around 15:53, a UAV struck and killed an elderly Palestinian in Az Zaytun. Total fatalities 4.",4,,1759790002
PSE61605,10/15/2024,2024,1,Political violence,Explosions/Remote violence,Air/drone strike,Military Forces of Israel (2022-),,8,Civilians (Palestine),,7,78,Civilian targeting,275,Middle East,Palestine,Gaza Strip,Gaza City,,Gaza - Tal el Hawa,31.5041,34.435,2,Palestine News and Information Agency; Quds News Network,National,"On 15 October 2024, at around 00:36, Israeli warplanes struck a residential complex in Al Senaa area southwest of Gaza City, coded to Gaza - Tal el Hawa (Gaza City, Gaza Strip), killing at least 2 Palestinians.",2,,1759790002
PSE61607,10/15/2024,2024,1,Political violence,Explosions/Remote violence,Air/drone strike,Military Forces of Israel (2022-),,8,Civilians (Palestine),,7,78,Civilian targeting,275,Middle East,Palestine,Gaza Strip,North Gaza,,Jabalya,31.5272,34.4835,1,Palestine News and Information Agency,National,"On 15 October 2024, Israeli warplanes struck a target near the Nuaaman mosque in the Nazalla of Jabalya town (North Gaza, Gaza Strip), killing one Palestinian.",1,,1759790002
PSE61612,10/15/2024,2024,1,Political violence,Explosions/Remote violence,Air/drone strike,Military Forces of Israel (2022-),,8,Civilians (Palestine),,7,78,Civilian targeting,275,Middle East,Palestine,Gaza Strip,North Gaza,,Jabalya - Tel-Zaatar,31.5367,34.5035,1,Ma'an News Agency; Palestine News and Information Agency; Quds News Network,National,"On 15 October 2024, Israeli warplanes struck a house in Jabalya - Tel-Zaatar (North Gaza, Gaza Strip), causing injuries.",0,,1759790002
PSE61652,10/15/2024,2024,1,Political violence,Explosions/Remote violence,Air/drone strike,Military Forces of Israel (2022-),,8,Civilians (Palestine),,7,78,Civilian targeting,275,Middle East,Palestine,Gaza Strip,Khan Yunis,,Bani Suheila,31.3424,34.325,1,Palestine News and Information Agency; Quds News Network,National,"On 15 October 2024, at around 00:11, Israeli warplanes struck a house in Bani Suheila (Khan Yunis, Gaza Strip), killing at least 11 Palestinians and injuring a number of others. Also, around 17:09, 3 Palestinians were killed in an airstrike that targeted a house. Total fatalities were at least 14.",14,,1753956638
PSE77358,10/15/2024,2024,1,Political violence,Violence against civilians,Attack,Unidentified Communal Militia (Palestine),,4,Civilians (Palestine),Labor Group (Palestine),7,47,Civilian targeting,275,Middle East,Palestine,Gaza Strip,Rafah,,Rafah,31.287,34.2595,2,Washington Post,International,"On 15 October 2024, an unidentified group of armed (coded as Unidentified Communal Militia) opened fire at aid convoy ansd looted aid trucks in Rafah area (Gaza Strip). The attackers killed and injured several drivers and transport personnel [unspecified number of fatalities coded as 3]. These trucks had entered southern Gaza through the Israeli Kerem Shalom Crossing. This event involved violence over aid.",3,,1762829569
PSE61600,10/15/2024,2024,1,Political violence,Explosions/Remote violence,Air/drone strike,Military Forces of Israel (2022-),,8,Civilians (Palestine),,7,78,Civilian targeting,275,Middle East,Palestine,Gaza Strip,Rafah,,Yibna,31.2842,34.2482,2,PLO Negotiations Affairs Department; Quds News Network,Other-National,"On 15 October 2024, Israeli UAVs struck members of aid security committees in Al Mashro area east of Rafah, causing 5 injuries. Also, artillery and tanks shelled targets east of Rafah, coded to Yibna (Rafah, Gaza Strip). Casualties unknown. This event involved violence over aid.",0,,1756156113
PSE61628,10/16/2024,2024,1,Political violence,Explosions/Remote violence,Air/drone strike,Military Forces of Israel (2022-),,8,Civilians (Palestine),,7,78,Civilian targeting,275,Middle East,Palestine,Gaza Strip,Deir El Balah,,Az Zawayda,31.4284,34.366,1,Ma'an News Agency; Newpress; Palestine News and Information Agency; Quds News Network; Twitter,New media-National,"On 16 October 2024, at around 13:00, an Israeli UAV struck a passing car in Az Zawayda (Deir El Balah, Gaza Strip), killing 2 Palestinians and injuring others.",2,,1767742780
PSE61633,10/16/2024,2024,1,Political violence,Explosions/Remote violence,Air/drone strike,Military Forces of Israel (2022-),,8,Civilians (Palestine),,7,78,Civilian targeting,275,Middle East,Palestine,Gaza Strip,North Gaza,,Jabalya Camp,31.536,34.4907,2,Quds News Network,National,"On 16 October 2024, Israeli helicopters opened fire at houses east of Jabalya Camp (North Gaza, Gaza Strip) amid artillery shelling. Casualties unknown.",0,,1753956638
PSE61641,10/16/2024,2024,1,Political violence,Explosions/Remote violence,Shelling/artillery/missile attack,Military Forces of Israel (2022-),,8,Civilians (Palestine),,7,78,Civilian targeting,275,Middle East,Palestine,Gaza Strip,Rafah,,Shokat as Sufi,31.2586,34.2824,2,Newpress; Quds News Network; Twitter,New media-National,"On 16 October 2024, at around 10:51, Israeli forces killed 2 Palestinians near Shokat as Sufi (Rafah, Gaza Strip).",2,,1753956638
PSE61642,10/16/2024,2024,1,Political violence,Explosions/Remote violence,Air/drone strike,Military Forces of Israel (2022-),,8,Civilians (Palestine),,7,78,Civilian targeting,275,Middle East,Palestine,Gaza Strip,Rafah,,An Nasr,31.2814,34.3025,1,Quds News Network,National,"On 16 October 2024, at around 12:30, Israeli warplanes struck a site in An Nasr (Rafah, Gaza Strip), causing one injury.",0,,1753956638
PSE61645,10/16/2024,2024,1,Political violence,Explosions/Remote violence,Shelling/artillery/missile attack,Military Forces of Israel (2022-),,8,Civilians (Palestine),,7,78,Civilian targeting,275,Middle East,Palestine,Gaza Strip,Gaza City,,Gaza - Sabra,31.5086,34.4493,1,Newpress; Quds News Network; Twitter,New media-National,"On 16 October 2024, at around 11:39, Israeli artillery shelled a house in Gaza - Sabra (Gaza City, Gaza Strip). There were no casualties.",0,,1759790002
PSE61649,10/16/2024,2024,1,Political violence,Explosions/Remote violence,Air/drone strike,Military Forces of Israel (2022-),,8,Civilians (Palestine),,7,78,Civilian targeting,275,Middle East,Palestine,Gaza Strip,Gaza City,,Gaza - Southern Remal,31.5168,34.4355,2,Quds News Network,National,"On 16 October 2024, Israeli warplanes struck a house west of Gaza City, coded to Gaza - Southern Remal (Gaza City, Gaza Strip), killing 2 Palestinians.",2,,1759790002
PSE61687,10/16/2024,2024,1,Political violence,Explosions/Remote violence,Air/drone strike,Military Forces of Israel (2022-),,8,Civilians (Palestine),,7,78,Civilian targeting,275,Middle East,Palestine,Gaza Strip,Gaza City,,Gaza - Nasr,31.534,34.4574,1,Al-Ittihad; Arab 48; Ma'an News Agency; Palestine News and Information Agency; Quds News Network,National-Regional,"On 16 October 2024, at around 5:00, Israeli warplanes struck a house in Gaza - Nasr (Gaza City, Gaza Strip), killing 13 Palestinians and injuring others.",13,,1753956638
PSE61637,10/16/2024,2024,1,Political violence,Explosions/Remote violence,Shelling/artillery/missile attack,Military Forces of Israel (2022-),,8,Civilians (Palestine),,7,78,Civilian targeting,275,Middle East,Palestine,Gaza Strip,Rafah,,Yibna,31.2842,34.2482,2,Ma'an News Agency; PLO Negotiations Affairs Department,Other-National,"On 16 October 2024, Israeli artillery and tanks shelled targets east of Rafah, coded to Yibna (Rafah, Gaza Strip). Casualties unknown. Also, Israeli forces [likely tanks] opened fire and killed 2 Palestinians east of Rafah. Fatalities coded at least 2.",2,,1753956638
PSE61618,10/16/2024,2024,1,Political violence,Explosions/Remote violence,Air/drone strike,Military Forces of Israel (2022-),,8,Civilians (Palestine),,7,78,Civilian targeting,275,Middle East,Palestine,Gaza Strip,Gaza City,,Gaza - Tal el Hawa,31.5041,34.435,2,Palestine News and Information Agency; Quds News Network,National,"On 16 October 2024, Israeli warplanes struck a house in Al Senaa area southwest of Gaza, coded to Gaza - Tal el Hawa (Gaza City, Gaza Strip), killing 8 Palestinians.",8,,1759790002
PSE61632,10/16/2024,2024,1,Political violence,Explosions/Remote violence,Air/drone strike,Military Forces of Israel (2022-),,8,Civilians (Palestine),,7,78,Civilian targeting,275,Middle East,Palestine,Gaza Strip,Gaza City,,Gaza - Az Zaytun,31.4964,34.4522,1,Ma'an News Agency,National,"On 16 October 2024, Israeli warplanes struck an apartment in Gaza - Az Zaytun (Gaza City, Gaza Strip), causing injuries.",0,,1759790002
PSE61651,10/16/2024,2024,1,Political violence,Explosions/Remote violence,Air/drone strike,Military Forces of Israel (2022-),,8,Civilians (Palestine),,7,78,Civilian targeting,275,Middle East,Palestine,Gaza Strip,Rafah,,Khirbet al Adas,31.2855,34.2714,1,Arab 48; Quds News Network,National,"On 16 October 2024, Israeli warplanes struck a house in Khirbet al Adas (Rafah, Gaza Strip). Casualties unknown.",0,,1753956638
PSE61656,10/17/2024,2024,1,Political violence,Explosions/Remote violence,Air/drone strike,Military Forces of Israel (2022-),,8,Civilians (Palestine),Refugees/IDPs (Palestine),7,78,Civilian targeting,275,Middle East,Palestine,Gaza Strip,Deir El Balah,,Deir al Balah Camp,31.4249,34.34,2,Newpress; Palestine News and Information Agency; PLO Negotiations Affairs Department; Quds News Network; Twitter,Other-New media,"On 17 October 2024, Israeli warplanes struck a tent at the gate of school that hosts displaced people in Al Heker area east of Deir al Balah, killing 3 Palestinians and leaving a number of injuries. Artillery and tanks shelled targets east of Deir al Balah, coded to Deir al Balah Camp (Deir El Balah, Gaza Strip). Casualties unknown. Fatalities coded at least 3.",3,,1765850627
PSE61666,10/17/2024,2024,1,Political violence,Explosions/Remote violence,Air/drone strike,Military Forces of Israel (2022-),,8,Civilians (Palestine),,7,78,Civilian targeting,275,Middle East,Palestine,Gaza Strip,Gaza City,,Gaza - Southern Remal,31.5168,34.4355,2,Palestine News and Information Agency; Quds News Network,National,"On 17 October 2024, Israeli warplanes struck a target near Al Saraya junction west of Gaza City, coded to Gaza - Southern Remal (Gaza City, Gaza Strip), killing 2 Palestinians.",2,,1759790002
PSE61667,10/17/2024,2024,1,Political violence,Explosions/Remote violence,Air/drone strike,Military Forces of Israel (2022-),,8,Civilians (Palestine),Refugees/IDPs (Palestine),7,78,Civilian targeting,275,Middle East,Palestine,Gaza Strip,Deir El Balah,,Al Maghazi,31.4214,34.3865,1,Newpress; Palestine News and Information Agency; Quds News Network; Twitter,New media-National,"On 17 October 2024, Israeli warplanes struck a house in Al Maghazi Camp (Deir El Balah, Gaza Strip), killing 10 Palestinians, including women and children.",10,,1753956638
PSE61674,10/17/2024,2024,1,Political violence,Explosions/Remote violence,Air/drone strike,Military Forces of Israel (2022-),,8,Civilians (Palestine),,7,78,Civilian targeting,275,Middle East,Palestine,Gaza Strip,Khan Yunis,,Khan Yunis - West (Municipal Stadium),31.3484,34.2961,1,Quds News Network,National,"On 17 October 2024, Israeli warplanes struck the al-Namsawi area west of Khan Yunis (coded to Khan Yunis - West (Municipal Stadium), Gaza Strip), killing a Palestinian.",1,,1753956638
PSE61679,10/17/2024,2024,1,Political violence,Explosions/Remote violence,Air/drone strike,Military Forces of Israel (2022-),,8,Civilians (Palestine),Refugees/IDPs (Palestine),7,78,Civilian targeting,275,Middle East,Palestine,Gaza Strip,Gaza City,,Gaza - Ash Shati' Camp,31.5349,34.4466,1,Al Ghad (Jordan); Palestine News and Information Agency; Quds News Network,National-Regional,"On 17 October 2024, Israeli warplanes struck a house in Gaza - Ash Shati' Camp (Gaza City, Gaza Strip), causing injuries and fatalities, including children. Unspecified number of fatalities coded as 3.",3,,1759790002
PSE61660,10/17/2024,2024,1,Political violence,Explosions/Remote violence,Shelling/artillery/missile attack,Military Forces of Israel (2022-),,8,Civilians (Palestine),Refugees/IDPs (Palestine),7,78,Civilian targeting,275,Middle East,Palestine,Gaza Strip,North Gaza,,Sheikh Zaid,31.5392,34.5117,2,Al-Ittihad; Palestine News and Information Agency; Quds News Network,National-Regional,"On 17 October 2024, Israeli artillery fired shelled and phosphorus bombs at Khalifa School that hosts displaced people near the Sheikh Zaid (North Gaza, Gaza Strip), killing at least one Palestinian.",1,,1759790002
PSE65412,10/17/2024,2024,1,Political violence,Violence against civilians,Attack,Unidentified Armed Group (Palestine),,3,Civilians (Palestine),Aid Workers (Palestine),7,37,Civilian targeting,275,Middle East,Palestine,Gaza Strip,Khan Yunis,,Khan Yunis,31.3502,34.3081,1,Aid Worker Security Database,Local partner-Other,"On 17 October 2024, one aid worker (driver) was beaten by unknown armed men in Khan Yunis, Gaza Strip. This event involved violence over aid.",0,,1752544352
PSE61579,10/18/2024,2024,1,Political violence,Explosions/Remote violence,Air/drone strike,Military Forces of Israel (2022-),,8,Civilians (Palestine),,7,78,Civilian targeting,275,Middle East,Palestine,Gaza Strip,Gaza City,,Gaza - Nasr,31.534,34.4574,1,Palestine News and Information Agency,National,"On 18 October 2024, Israeli UAVs struck a house in Gaza - Nasr (Gaza City, Gaza Strip), killing 4 Palestinians including children.",4,,1753956638
PSE61690,10/18/2024,2024,1,Political violence,Explosions/Remote violence,Air/drone strike,Military Forces of Israel (2022-),,8,Civilians (Palestine),Refugees/IDPs (Palestine),7,78,Civilian targeting,275,Middle East,Palestine,Gaza Strip,North Gaza,,Jabalya Camp,31.536,34.4907,1,Arab 48; Ma'an News Agency; Newpress; Palestine News and Information Agency; Quds News Network; Twitter,New media-National,"On 18 October 2024, Israeli warplanes struck a target in Al Fakhoura of Jabalya Camp (North Gaza, Gaza Strip), killing at least 3 Palestinians. Also, warplanes struck several houses amid artillery shelling, leaving 13 injuries. In total , al least 11 Palestinians were killed in Jabalya Camp. In addition, at around 23:00, at least 30 Palestinians were killed [including 20 women] in an airstrike that targeted a house in the camp. Total fatalities at least 41.",41,,1753956638
PSE61691,10/18/2024,2024,1,Political violence,Explosions/Remote violence,Air/drone strike,Military Forces of Israel (2022-),,8,Civilians (Palestine),,7,78,Civilian targeting,275,Middle East,Palestine,Gaza Strip,North Gaza,,Beit Lahiya,31.5541,34.5016,1,Palestine News and Information Agency; Quds News Network,National,"On 18 October 2024, Israeli warplanes near Kamal Odwan Hospital in Beit Lahiya (North Gaza, Gaza Strip). Casualties unknown. Also, warplanes struck a house in al-Shaymaa area, injuring 7 Palestinians.",0,,1753956638
PSE61692,10/18/2024,2024,1,Political violence,Explosions/Remote violence,Air/drone strike,Military Forces of Israel (2022-),,8,Civilians (Palestine),Refugees/IDPs (Palestine),7,78,Civilian targeting,275,Middle East,Palestine,Gaza Strip,Deir El Balah,,Al Maghazi,31.4214,34.3865,1,Newpress; Palestine News and Information Agency; Quds News Network; Twitter,New media-National,"On 18 October 2024, Israeli warplanes struck a house in Al Maghazi Camp (Deir El Balah, Gaza Strip), killing at least 8 Palestinians and causing injuries.",8,,1753956638
PSE61696,10/18/2024,2024,1,Political violence,Explosions/Remote violence,Air/drone strike,Military Forces of Israel (2022-),,8,Civilians (Palestine),,7,78,Civilian targeting,275,Middle East,Palestine,Gaza Strip,Gaza City,,Gaza - Sheikh Radwan,31.5349,34.4667,2,Quds News Network,National,"On 18 October 2024, Israeli warplanes struck a house in Al Saftawi area north of Gaza City, Coded to Gaza - Sheikh Radwan (Gaza City, Gaza Strip), leaving injuries.",0,,1759790002
PSE61698,10/18/2024,2024,1,Political violence,Explosions/Remote violence,Shelling/artillery/missile attack,Military Forces of Israel (2022-),,8,Civilians (Palestine),,7,78,Civilian targeting,275,Middle East,Palestine,Gaza Strip,North Gaza,,Beit Lahiya - Al Mashroo,31.5433,34.4998,1,Newpress; Quds News Network; Twitter,New media-National,"On 18 October 2024, Israeli artillery shelled the Fakhoura of Beit Lahiya - Al Mashroo (North Gaza, Gaza Strip), leaving injuries.",0,,1753956638
PSE61706,10/18/2024,2024,1,Political violence,Explosions/Remote violence,Air/drone strike,Military Forces of Israel (2022-),,8,Civilians (Palestine),,7,78,Civilian targeting,275,Middle East,Palestine,Gaza Strip,Gaza City,,Gaza - Southern Remal,31.5168,34.4355,2,Newpress; Quds News Network; Twitter,New media-National,"On 18 October 2024, Israeli warplanes struck at Tareq Ibn Ziyad Street west of Gaza City, coded to Gaza - Southern Remal (Gaza City, Gaza Strip), killing 2 Palestinians.",2,,1759790002
PSE61708,10/18/2024,2024,1,Political violence,Explosions/Remote violence,Air/drone strike,Military Forces of Israel (2022-),,8,Civilians (Palestine),,7,78,Civilian targeting,275,Middle East,Palestine,Gaza Strip,Gaza City,,Gaza - At Tuffah,31.5134,34.4751,2,Arab 48,National,"On 18 October 2024, Israeli warplanes struck and killed a Palestinian in Al Zarqa area north of Gaza - At Tuffah (Gaza City, Gaza Strip).",1,,1759790002
PSE61685,10/18/2024,2024,1,Political violence,Explosions/Remote violence,Air/drone strike,Military Forces of Israel (2022-),,8,Civilians (Palestine),,7,78,Civilian targeting,275,Middle East,Palestine,Gaza Strip,Rafah,,Yibna,31.2842,34.2482,2,PLO Negotiations Affairs Department; Quds News Network,Other-National,"On 18 October 2024, an Israeli UAV struck and killed a Palestinian east of Rafah. Also, Israeli artillery and tanks shelled targets east of Rafah, coded to Yibna (Rafah, Gaza Strip). Casualties unknown. Fatalities coded at least 1.",1,,1753956638
PSE61688,10/18/2024,2024,1,Political violence,Explosions/Remote violence,Air/drone strike,Military Forces of Israel (2022-),,8,Civilians (Palestine),,7,78,Civilian targeting,275,Middle East,Palestine,Gaza Strip,Gaza City,,Gaza - Az Zaytun,31.4964,34.4522,2,Palestine News and Information Agency; Quds News Network,National,"On 18 October 2024, Israeli warplanes struck targets in Wadi al-Arayes area east of Gaza - Az Zaytun (Gaza City, Gaza Strip), killing 2 Palestinians. Also, artillery shelled south of Az Zaytun [casualties unknown]. Fatalities coded at least 2.",2,,1759790002
PSE61689,10/18/2024,2024,1,Political violence,Explosions/Remote violence,Air/drone strike,Military Forces of Israel (2022-),,8,Civilians (Palestine),,7,78,Civilian targeting,275,Middle East,Palestine,Gaza Strip,Gaza City,,Gaza - Tal el Hawa,31.5041,34.435,1,Palestine News and Information Agency; Quds News Network,National,"On 18 October 2024, Israeli warplanes struck a house in near Abu Mazen roundabout in Gaza - Tal el Hawa (Gaza City, Gaza Strip), causing injuries.",0,,1759790002
PSE61694,10/18/2024,2024,1,Political violence,Explosions/Remote violence,Air/drone strike,Military Forces of Israel (2022-),,8,Civilians (Palestine),,7,78,Civilian targeting,275,Middle East,Palestine,Gaza Strip,North Gaza,,Jabalya,31.5272,34.4835,1,Newpress; Quds News Network; Twitter,New media-National,"On 18 October 2024, Israeli warplanes struck targets in Jabalya town (North Gaza, Gaza Strip). Casualties unknown. One Palestinian was killed in Jabalya town while attempting to enter Jabalya Camp. Fatalities coded at least 1.",1,,1759790002
PSE65413,10/18/2024,2024,1,Political violence,Explosions/Remote violence,Air/drone strike,Military Forces of Israel (2022-),,8,Civilians (Palestine),,7,78,Civilian targeting,275,Middle East,Palestine,Gaza Strip,Gaza City,,Gaza,31.5045,34.4743,3,Aid Worker Security Database,Local partner-Other,"On 18 October 2024, one aid worker (likely aid security committees) was killed during an Israeli airstrike in Gaza Strip (coded to Gaza City). This event involved violence over aid.",1,,1759790002
PSE61932,10/19/2024,2024,1,Political violence,Explosions/Remote violence,Air/drone strike,Military Forces of Israel (2022-),,8,Civilians (Palestine),Refugees/IDPs (Palestine),7,78,Civilian targeting,275,Middle East,Palestine,Gaza Strip,Deir El Balah,,Al Maghazi,31.4214,34.3865,1,Quds News Network,National,"On 19 October 2024, at around 1:34, Israeli warplanes struck a house in Al Maghazi Camp (Deir El Balah, Gaza Strip), killing 3 Palestinians.",3,,1753956638
PSE61944,10/19/2024,2024,1,Political violence,Explosions/Remote violence,Air/drone strike,Military Forces of Israel (2022-),,8,Civilians (Palestine),Refugees/IDPs (Palestine),7,78,Civilian targeting,275,Middle East,Palestine,Gaza Strip,Deir El Balah,,An Nusayrat,31.4486,34.3925,1,Palestine News and Information Agency; Quds News Network,National,"On 19 October 2024, Israeli warplanes carried out airstrikes in An Nusayrat Camp (Deir El Balah, Gaza Strip), killing 3 Palestinians.",3,,1753956638
PSE61945,10/19/2024,2024,1,Political violence,Explosions/Remote violence,Air/drone strike,Military Forces of Israel (2022-),,8,Civilians (Palestine),,7,78,Civilian targeting,275,Middle East,Palestine,Gaza Strip,Deir El Balah,,An Nusayrat - West,31.4525,34.3756,1,Ma'an News Agency; Newpress; Palestine News and Information Agency; Quds News Network; Twitter,New media-National,"On 19 October 2024, Israeli warplanes carried out airstrikes (including a house) in An Nausayrat - West (Deir El Balah, Gaza Strip). Casualties unknown. Also, a Palestinian child was killed in artillery fire targeted An Nusayrat - West. Total fatalities coded at least 1.",1,,1753956638
PSE61950,10/19/2024,2024,1,Political violence,Explosions/Remote violence,Air/drone strike,Military Forces of Israel (2022-),,8,Civilians (Palestine),Health Workers (Palestine),7,78,Civilian targeting,275,Middle East,Palestine,Gaza Strip,North Gaza,,Beit Lahiya,31.5541,34.5016,1,Newpress; Palestine News and Information Agency; Quds News Network; Twitter,New media-National,"On 19 October 2024, Israeli warplanes carried out strikes in Beit Lahiya [casualties unknown]. Israeli tanks surrounded and shelled the Indonesian Hospital complex in Beit Lahiya (North Gaza, Gaza Strip), injuring a number of health workers and causing damage to its wall and other facilities including the generator. Casualties unknown. Also, Israeli tanks shelled the entrance of Kamal Odwan Hospital lab in Beit Lahiya, killing 2 Palestinians and injuring others. Total fatalities coded at least 2.",2,,1753956638
PSE61997,10/19/2024,2024,1,Political violence,Explosions/Remote violence,Air/drone strike,Military Forces of Israel (2022-),,8,Civilians (Palestine),Refugees/IDPs (Palestine),7,78,Civilian targeting,275,Middle East,Palestine,Gaza Strip,Deir El Balah,,Deir al Balah,31.4178,34.3503,1,Newpress; Palestine News and Information Agency; Twitter,New media-National,"On 19 October 2024, Israeli warplanes struck a tent belongs to displaced people in Deir al Balah city (Deir El Balah, Gaza Strip), causing 5 injuries.",0,,1753956638
PSE62011,10/19/2024,2024,1,Political violence,Explosions/Remote violence,Shelling/artillery/missile attack,Military Forces of Israel (2022-),,8,Civilians (Palestine),,7,78,Civilian targeting,275,Middle East,Palestine,Gaza Strip,Khan Yunis,,Bani Suheila,31.3424,34.325,2,Palestine News and Information Agency; PLO Negotiations Affairs Department,Other-National,"On 19 October 2024, Israeli artillery and tanks shelled targets east of Khan Yunis, coded to Bani Suheila (Khan Yunis, Gaza Strip), killing 4 Palestinians.",4,,1753956638
PSE62022,10/19/2024,2024,1,Political violence,Explosions/Remote violence,Air/drone strike,Military Forces of Israel (2022-),,8,Civilians (Palestine),Refugees/IDPs (Palestine),7,78,Civilian targeting,275,Middle East,Palestine,Gaza Strip,Gaza City,,Gaza - Ash Shati' Camp,31.5349,34.4466,1,Dunia Al Watan; Newpress; Palestine News and Information Agency; Quds News Network; Twitter,New media-National,"On 19 October 2024, Israeli warplanes struck the Asma School that hosts displaced people in Gaza - Ash Shati' Camp (Gaza City, Gaza Strip), killing 7 Palestinians and injuring others.",7,,1759790002
PSE62076,10/19/2024,2024,1,Political violence,Explosions/Remote violence,Air/drone strike,Military Forces of Israel (2022-),,8,Civilians (Palestine),Refugees/IDPs (Palestine),7,78,Civilian targeting,275,Middle East,Palestine,Gaza Strip,North Gaza,,Jabalya Camp,31.536,34.4907,1,Ma'an News Agency; Palestine News and Information Agency; Quds News Network,National,"On 19 October 2024, Israeli warplanes struck a house in Al Alami area of Jabalya Camp (North Gaza, Gaza Strip), killing 5 Palestinians and injuring others. Also, warplanes struck the Abu Hussain School hosts displaced people, causing fire and there were no casualties. In addition, the artillery shelled targets in the camp, causing injuries. Total confirmed fatalities 5.",5,,1753956638
PSE62064,10/19/2024,2024,1,Political violence,Explosions/Remote violence,Air/drone strike,Military Forces of Israel (2022-),,8,Civilians (Palestine),,7,78,Civilian targeting,275,Middle East,Palestine,Gaza Strip,North Gaza,,Jabalya,31.5272,34.4835,1,Palestine News and Information Agency; Quds News Network,National,"On 19 October 2024, Israeli warplanes struck several houses in Jabalya town, including Al Nazleh (North Gaza, Gaza Strip), killing 5 Palestinians and injuring others, including children.",5,,1759790002
PSE62074,10/19/2024,2024,1,Political violence,Explosions/Remote violence,Air/drone strike,Military Forces of Israel (2022-),,8,Civilians (Palestine),Health Workers (Palestine); Refugees/IDPs (Palestine),7,78,Civilian targeting,275,Middle East,Palestine,Gaza Strip,North Gaza,,Jabalya - Tel-Zaatar,31.5367,34.5035,1,Ma'an News Agency; Palestine News and Information Agency; Quds News Network,National,"On 19 October 2024, Israeli artillery shelled the Al Awad Hospital in Jabalya - Tel-Zaatar (North Gaza, Gaza Strip), injuring a number of health workers. Also, UAVs opened fire at the tents of displaced people in the Al Awda Hospital. Casualties unknown.",0,,1759790002
PSE62115,10/19/2024,2024,1,Political violence,Explosions/Remote violence,Air/drone strike,Military Forces of Israel (2022-),,8,Civilians (Palestine),Refugees/IDPs (Palestine),7,78,Civilian targeting,275,Middle East,Palestine,Gaza Strip,Rafah,,Rafah Camp,31.2847,34.2546,1,Palestine News and Information Agency,National,"On 19 October 2024, an Israeli UAV struck a target in Al Shaboura camp of Rafah Camp (Rafah, Gaza Strip), killing 2 Palestinians.",2,,1753956638
PSE62190,10/19/2024,2024,1,Political violence,Explosions/Remote violence,Shelling/artillery/missile attack,Military Forces of Israel (2022-),,8,Civilians (Palestine),,7,78,Civilian targeting,275,Middle East,Palestine,Gaza Strip,Rafah,,Khirbet al Adas,31.2855,34.2714,1,Palestine News and Information Agency,National,"On 19 October 2024, Israeli forces [likely tanks] shelled the Khirbet al Adas (Rafah, Gaza Strip), killing a Palestinian.",1,,1753956638
PSE65414,10/19/2024,2024,1,Political violence,Explosions/Remote violence,Air/drone strike,Military Forces of Israel (2022-),,8,Civilians (Palestine),,7,78,Civilian targeting,275,Middle East,Palestine,Gaza Strip,Khan Yunis,,Khuzaa,31.3069,34.3572,1,Aid Worker Security Database,Local partner-Other,"On 19 October 2024, Israeli army airstrikes targeted a marked civilian vehicle carrying aid workers in Khuzaa (Khan Yunis, Gaza Strip). 4 workers (likely members of aid security committees) were killed in the attack. This event involved violence over aid.",4,,1756156113
PSE61943,10/20/2024,2024,1,Political violence,Explosions/Remote violence,Air/drone strike,Military Forces of Israel (2022-),,8,Civilians (Palestine),,7,78,Civilian targeting,275,Middle East,Palestine,Gaza Strip,Rafah,,Al Mawasi (Rafah),31.3294,34.2299,1,Palestine News and Information Agency,National,"On 20 October 2024, an Israeli UAV struck a group of people in (Al Mawasi (Rafah), Gaza Strip), killing 2 Palestinians.",2,,1762829569
PSE61946,10/20/2024,2024,1,Political violence,Explosions/Remote violence,Air/drone strike,Military Forces of Israel (2022-),,8,Civilians (Palestine),Refugees/IDPs (Palestine),7,78,Civilian targeting,275,Middle East,Palestine,Gaza Strip,Deir El Balah,,Az Zawayda,31.4284,34.366,1,Quds News Network,National,"On 20 October 2024, Israeli warplanes struck a house hosting displaced people in Az Zawayda (Deir El Balah, Gaza Strip), causing injuries.",0,,1767742780
PSE61951,10/20/2024,2024,1,Political violence,Explosions/Remote violence,Air/drone strike,Military Forces of Israel (2022-),,8,Civilians (Palestine),,7,78,Civilian targeting,275,Middle East,Palestine,Gaza Strip,North Gaza,,Beit Lahiya,31.5541,34.5016,1,Palestine News and Information Agency,National,"On 20 October 2024, Israeli warplanes struck near the police station of Beit Lahiya (North Gaza, Gaza Strip), injuring 7 Palestinians including a girl.",0,,1753956638
PSE61964,10/20/2024,2024,1,Political violence,Explosions/Remote violence,Shelling/artillery/missile attack,Military Forces of Israel (2022-),,8,Civilians (Palestine),Refugees/IDPs (Palestine),7,78,Civilian targeting,275,Middle East,Palestine,Gaza Strip,Deir El Balah,,Al Burayj,31.4394,34.4031,1,Newpress; Quds News Network; Twitter,New media-National,"On 20 October 2024, Israeli artillery shelled the Al Burayj Camp (Deir El Balah, Gaza Strip), causing injuries.",0,,1753956638
PSE62012,10/20/2024,2024,1,Political violence,Explosions/Remote violence,Air/drone strike,Military Forces of Israel (2022-),,8,Civilians (Palestine),,7,78,Civilian targeting,275,Middle East,Palestine,Gaza Strip,Deir El Balah,,Deir al Balah,31.4178,34.3503,2,Palestine News and Information Agency; Quds News Network,National,"On 20 October 2024, an Israeli UAV struck a passing car in al Biaa Street, coded to Deir al Balah City (Deir El Balah, Gaza Strip), killing 6 Palestinians.",6,,1753956638
PSE62026,10/20/2024,2024,1,Political violence,Explosions/Remote violence,Air/drone strike,Military Forces of Israel (2022-),,8,Civilians (Palestine),,7,78,Civilian targeting,275,Middle East,Palestine,Gaza Strip,Gaza City,,Gaza - Ash Shati' Camp,31.5349,34.4466,2,Palestine News and Information Agency; Quds News Network,National,"On 20 October 2024, Israeli warplanes struck a target in Al Saftawi and al-Karamah areas northwest of Gaza City, coded to Gaza - Ash Shati' Camp (Gaza City, Gaza Strip), killing one Palestinian and injuring a number of others.",1,,1759790002
PSE62027,10/20/2024,2024,1,Political violence,Explosions/Remote violence,Air/drone strike,Military Forces of Israel (2022-),,8,Civilians (Palestine),,7,78,Civilian targeting,275,Middle East,Palestine,Gaza Strip,Gaza City,,Gaza - At Tuffah,31.5134,34.4751,1,Palestine News and Information Agency; Quds News Network,National,"On 20 October 2024, Israeli warplanes struck a group of Palestinians in Gaza - At Tuffah (Gaza City, Gaza Strip), killing and injuring a number of Palestinians [unspecified fatalities coded as 3].",3,,1759790002
PSE62033,10/20/2024,2024,1,Political violence,Explosions/Remote violence,Air/drone strike,Military Forces of Israel (2022-),,8,Civilians (Palestine),,7,78,Civilian targeting,275,Middle East,Palestine,Gaza Strip,Gaza City,,Gaza - Nasr,31.534,34.4574,1,Palestine News and Information Agency; Quds News Network,National,"On 20 October 2024, an Israeli UAV struck in Gaza - Nasr (Gaza City, Gaza Strip), killing 2 Palestinians and injuring others.",2,,1753956638
PSE62057,10/20/2024,2024,1,Political violence,Explosions/Remote violence,Shelling/artillery/missile attack,Military Forces of Israel (2022-),,8,Civilians (Palestine),Refugees/IDPs (Palestine),7,78,Civilian targeting,275,Middle East,Palestine,Gaza Strip,North Gaza,,Beit Lahiya,31.5541,34.5016,2,Palestine News and Information Agency; Quds News Network,National,"On 20 October 2024, Israeli artillery and tanks opened fire at the Hamad School that hosts displaced people near Beit Lahiya (North Gaza, Gaza Strip), causing fire. Also, artillery shelled north of Beit Lahiya. Casualties unknown.",0,,1753956638
PSE62059,10/20/2024,2024,1,Political violence,Explosions/Remote violence,Shelling/artillery/missile attack,Military Forces of Israel (2022-),,8,Civilians (Palestine),,7,78,Civilian targeting,275,Middle East,Palestine,Gaza Strip,North Gaza,,Beit Lahiya - Al Mashroo,31.5433,34.4998,1,Newpress; Palestine News and Information Agency; Quds News Network; Twitter,New media-National,"On 20 October 2024, Israeli artillery shelled a house near the al-Shawwa clinic in Beit Lahiya - Al Mashroo (North Gaza, Gaza Strip), killing a girl and injuring a woman.",1,,1753956638
PSE62078,10/20/2024,2024,1,Political violence,Explosions/Remote violence,Air/drone strike,Military Forces of Israel (2022-),,8,Civilians (Palestine),Refugees/IDPs (Palestine),7,78,Civilian targeting,275,Middle East,Palestine,Gaza Strip,North Gaza,,Jabalya Camp,31.536,34.4907,1,Newpress; Palestine News and Information Agency; Quds News Network; Twitter,New media-National,"On 20 October 2024, Israeli warplanes including helicopters carried out strikes in Jabalya Camp (North Gaza, Gaza Strip) amid artillery shelling, killing 3 Palestinians and injuring others. Also, artillery and tanks shelled the Abu Hussain School and the Hafsa School that host displaced people, killing and injuring a number of Palestinians [unspecified fatalities coded as 3]. Total fatalities coded as 6 (3 confirmed and 3 unspecified).",6,,1753956638
PSE62103,10/20/2024,2024,1,Political violence,Explosions/Remote violence,Shelling/artillery/missile attack,Military Forces of Israel (2022-),,8,Civilians (Palestine),,7,78,Civilian targeting,275,Middle East,Palestine,Gaza Strip,Gaza City,,Gaza - Sheikh Radwan,31.5349,34.4667,1,Newpress; Palestine News and Information Agency; Quds News Network; Twitter,New media-National,"On 20 October 2024, Israeli artillery shelled a group of Palestinians near the clinic of Gaza - Sheikh Radwan (Gaza City, Gaza Strip), causing 4 injuries.",0,,1759790002
PSE62041,10/20/2024,2024,1,Political violence,Explosions/Remote violence,Air/drone strike,Military Forces of Israel (2022-),,8,Civilians (Palestine),,7,78,Civilian targeting,275,Middle East,Palestine,Gaza Strip,Gaza City,,Gaza - Tal el Hawa,31.5041,34.435,2,Palestine News and Information Agency,National,"On 20 October 2024, Israeli warplanes struck a house southwest of Gaza City, coded to Gaza - Tal el Hawa (Gaza City, Gaza Strip), causing 2 injuries.",0,,1759790002
PSE62066,10/20/2024,2024,1,Political violence,Explosions/Remote violence,Air/drone strike,Military Forces of Israel (2022-),,8,Civilians (Palestine),,7,78,Civilian targeting,275,Middle East,Palestine,Gaza Strip,North Gaza,,Jabalya,31.5272,34.4835,1,Newpress; Palestine News and Information Agency; Quds News Network; Twitter,New media-National,"On 20 October 2024, Israeli warplanes carried out strikes in Jabalya town (North Gaza, Gaza Strip) amid artillery shelling. 5 Palestinians were killed in Jabalya.",5,,1759790002
PSE62068,10/20/2024,2024,1,Political violence,Explosions/Remote violence,Air/drone strike,Military Forces of Israel (2022-),,8,Civilians (Palestine),,7,78,Civilian targeting,275,Middle East,Palestine,Gaza Strip,North Gaza,,Jabalya,31.5272,34.4835,2,Palestine News and Information Agency; Quds News Network,National,"On 20 October 2024, Israeli warplanes struck in Al Fahkoura area, coded to Jabalya town (North Gaza, Gaza Strip), leaving fatalities and injuries [unspecified number of fatalities coded as 3].",3,,1759790002
PSE62096,10/20/2024,2024,1,Political violence,Explosions/Remote violence,Air/drone strike,Military Forces of Israel (2022-),,8,Civilians (Palestine),,7,78,Civilian targeting,275,Middle East,Palestine,Gaza Strip,Rafah,,Khirbet al Adas,31.2855,34.2714,1,Palestine News and Information Agency; Quds News Network,National,"On 20 October 2024, an Israeli UAV struck a target in Khirbet al Adas (Rafah, Gaza Strip), killing 2 Palestinians. Also, warplanes struck Palestinians near Rimas hall in Khirbet al Adas (Rafah, Gaza Strip), killing 4 Palestinians. Total confirmed fatalities 6.",6,,1753956638
PSE62114,10/20/2024,2024,1,Political violence,Explosions/Remote violence,Air/drone strike,Military Forces of Israel (2022-),,8,Civilians (Palestine),,7,78,Civilian targeting,275,Middle East,Palestine,Gaza Strip,Rafah,,Rafah,31.287,34.2595,1,Quds News Network,National,"On 20 October 2024, Israeli warplanes carried out a strike in the center of Rafah city (Gaza Strip), leaving fatalities and injuries [unspecified fatalities coded as 3]",3,,1762829569
PSE61929,10/20/2024,2024,1,Political violence,Explosions/Remote violence,Air/drone strike,Military Forces of Israel (2022-),,8,Civilians (Palestine),,7,78,Civilian targeting,275,Middle East,Palestine,Gaza Strip,Rafah,,Al Junainah,31.2642,34.2636,1,Quds News Network,National,"On 20 October 2024, Israeli warplanes struck a group of people in Al Junainah (Rafah, Gaza Strip), causing injuries.",0,,1753956638
PSE61934,10/21/2024,2024,1,Political violence,Explosions/Remote violence,Air/drone strike,Military Forces of Israel (2022-),,8,Civilians (Palestine),Refugees/IDPs (Palestine),7,78,Civilian targeting,275,Middle East,Palestine,Gaza Strip,Khan Yunis,,Al Mawasi (Khan Yunis),31.3482,34.2547,1,Palestine News and Information Agency; Quds News Network,National,"On 21 October 2024, an Israeli UAV struck a tent belongs to displaced people in (Al Mawasi (Khan Yunis), Gaza Strip), leaving fatalities and injuries [unspecified fatalities coded as 3].",3,,1762829569
PSE61960,10/21/2024,2024,1,Political violence,Explosions/Remote violence,Air/drone strike,Military Forces of Israel (2022-),,8,Civilians (Palestine),,7,78,Civilian targeting,275,Middle East,Palestine,Gaza Strip,North Gaza,,Beit Lahiya,31.5541,34.5016,1,Quds News Network,National,"On 21 October 2024, Israeli warplanes struck in the Shaymaa area in Beit Lahiya (North Gaza, Gaza Strip), killing 3 Palestinians.",3,,1753956638
PSE61981,10/21/2024,2024,1,Political violence,Explosions/Remote violence,Shelling/artillery/missile attack,Military Forces of Israel (2022-),,8,Civilians (Palestine),Refugees/IDPs (Palestine),7,78,Civilian targeting,275,Middle East,Palestine,Gaza Strip,Deir El Balah,,An Nusayrat,31.4486,34.3925,1,Palestine News and Information Agency,National,"On 21 October 2024, Israeli artillery shelled the An Nusayrat Camp (Deir El Balah, Gaza Strip), causing injuries.",0,,1753956638
PSE62037,10/21/2024,2024,1,Political violence,Explosions/Remote violence,Air/drone strike,Military Forces of Israel (2022-),,8,Civilians (Palestine),,7,78,Civilian targeting,275,Middle East,Palestine,Gaza Strip,Gaza City,,Gaza - Sheikh Radwan,31.5349,34.4667,1,Newpress; Palestine News and Information Agency; Quds News Network; Twitter,New media-National,"On 21 October 2024, Israeli warplanes carried out strikes in Gaza - Sheikh Radwan (Gaza City, Gaza Strip). Casualties unknown. 9 persons were killed in one of the airstrikes, which targeted a house. Fatalities coded at least 9.",9,,1759790002
PSE62092,10/21/2024,2024,1,Political violence,Explosions/Remote violence,Shelling/artillery/missile attack,Military Forces of Israel (2022-),,8,Civilians (Palestine),,7,78,Civilian targeting,275,Middle East,Palestine,Gaza Strip,Gaza City,,Gaza - Ash Shati' Camp,31.5349,34.4466,2,Newpress; Palestine News and Information Agency; Quds News Network; Twitter,New media-National,"On 21 October 2024, Israeli artillery shelled houses in Al Saftawi area northwest of Gaza City, coded to Gaza - Ash Shati' Camp (Gaza City, Gaza Strip), killing 2 Palestinians.",2,,1759790002
PSE62081,10/21/2024,2024,1,Political violence,Explosions/Remote violence,Air/drone strike,Military Forces of Israel (2022-),,8,Civilians (Palestine),Refugees/IDPs (Palestine),7,78,Civilian targeting,275,Middle East,Palestine,Gaza Strip,North Gaza,,Jabalya Camp,31.536,34.4907,1,Al-Ittihad; Newpress; Palestine News and Information Agency; Quds News Network; Twitter,New media-National,"On 21 October 2024, Israeli warplanes struck a house in Al Tawabah area in Jabalya Camp (North Gaza, Gaza Strip), leaving injuries. Also, artillery shelled targets houses in the camp, causing a number of injuries. Also, artillery shelled near the Qrizem School in the camp, killing 7 Palestinians and injuring dozens. Also, 4 persons were killed in a UAV strike at the Yaman Saeed Hospital in Jabalya Camp. In addition, 11 Palestinians were killed in Israeli artillery shelling at the Jabalya School that hosts displaced people in the camp. Total fatalities coded as 22.",22,,1753956638
PSE61947,10/21/2024,2024,1,Political violence,Explosions/Remote violence,Air/drone strike,Military Forces of Israel (2022-),,8,Civilians (Palestine),Refugees/IDPs (Palestine),7,78,Civilian targeting,275,Middle East,Palestine,Gaza Strip,North Gaza,,Beit Hanoun,31.5405,34.5402,1,Palestine News and Information Agency,National,"On 21 October 2024, Israeli warplanes struck the Ghazi al-Shawwa School hosts displaced people in Beit Hanoun (North Gaza, Gaza Strip), killing 3 Palestinians and injuring others.",3,,1753956638
PSE62069,10/21/2024,2024,1,Political violence,Explosions/Remote violence,Air/drone strike,Military Forces of Israel (2022-),,8,Civilians (Palestine),,7,78,Civilian targeting,275,Middle East,Palestine,Gaza Strip,North Gaza,,Jabalya,31.5272,34.4835,1,Newpress; Palestine News and Information Agency; Quds News Network; Twitter,New media-National,"On 21 October 2024, Israeli warplanes struck a group of people while filling water in Jabalya town (North Gaza, Gaza Strip), killing 6 persons.",6,,1759790002
PSE62102,10/21/2024,2024,1,Political violence,Explosions/Remote violence,Air/drone strike,Military Forces of Israel (2022-),,8,Civilians (Palestine),,7,78,Civilian targeting,275,Middle East,Palestine,Gaza Strip,Khan Yunis,,Qizan an Najjar,31.323,34.2761,1,Newpress; Palestine News and Information Agency; Quds News Network; Twitter,New media-National,"On 21 October 2024, Israeli warplanes struck the Qizan an Najjar (Khan Yunis, Gaza Strip), killing 4 Palestinians and injuring others.",4,,1753956638
PSE62194,10/21/2024,2024,1,Political violence,Explosions/Remote violence,Shelling/artillery/missile attack,Military Forces of Israel (2022-),,8,Civilians (Palestine),,7,78,Civilian targeting,275,Middle East,Palestine,Gaza Strip,Rafah,,Khirbet al Adas,31.2855,34.2714,2,Palestine News and Information Agency; Quds News Network,National,"On 21 October 2024, Israeli artillery shelled north Rafah, including Khirbet al Adas and Orayaba (Rafah, Gaza Strip). 5 Palestinians were killed in Al Shaboura and Khirbet al Adas [2 fatalities coded to this location].",2,,1753956638
PSE62225,10/21/2024,2024,1,Political violence,Explosions/Remote violence,Shelling/artillery/missile attack,Military Forces of Israel (2022-),,8,Civilians (Palestine),Refugees/IDPs (Palestine),7,78,Civilian targeting,275,Middle East,Palestine,Gaza Strip,Rafah,,Rafah Camp,31.2847,34.2546,1,Palestine News and Information Agency; Quds News Network,National,"On 21 October 2024, Israeli artillery shelled the Al Shabourah camp of Rafah Camp (Rafah, Gaza Strip). 5 Palestinians were killed in Al Shaboura and Khirbet al Adas [3 fatalities coded to this location].",3,,1753956638
PSE61908,10/22/2024,2024,1,Political violence,Explosions/Remote violence,Air/drone strike,Military Forces of Israel (2022-),,8,Civilians (Palestine),,7,78,Civilian targeting,275,Middle East,Palestine,Gaza Strip,Khan Yunis,,Abasan al Kabirah,31.3191,34.3401,1,Arab 48; Newpress; Palestine News and Information Agency; Quds News Network; Twitter,New media-National,"On 22 October 2024, Israeli warplanes struck the clinic of Al Tawaba association in Abasan al Kabirah (Khan Yunis, Gaza Strip), killing 4 Palestinians.",4,,1753956638
PSE61916,10/22/2024,2024,1,Political violence,Explosions/Remote violence,Air/drone strike,Military Forces of Israel (2022-),,8,Civilians (Palestine),Refugees/IDPs (Palestine),7,78,Civilian targeting,275,Middle East,Palestine,Gaza Strip,North Gaza,,Beit Lahiya - Al Mashroo,31.5433,34.4998,1,Ma'an News Agency; Newpress; Palestine News and Information Agency; Quds News Network; Twitter,New media-National,"On 22 October 2024, Israeli artillery shelled at the Abu al-Jidyan junction in Beit Lahiya - Al Mashroo (North Gaza, Gaza Strip), killing 12 displaced Palestinians. Also, artillery shelled other targets and opened fire toward displaced people who were forced to leave the area. [casualties unknown]. Also, warplanes struck targets [casualties unknown]. Total fatalities coded at least 12.",12,,1753956638
PSE61923,10/22/2024,2024,1,Political violence,Explosions/Remote violence,Air/drone strike,Military Forces of Israel (2022-),,8,Civilians (Palestine),Refugees/IDPs (Palestine),7,78,Civilian targeting,275,Middle East,Palestine,Gaza Strip,Deir El Balah,,Al Burayj,31.4394,34.4031,1,Palestine News and Information Agency; Quds News Network,National,"On 22 October 2024, at around 12:09, Israeli warplanes struck a house in Al Burayj Camp (Deir El Balah, Gaza Strip), injuring 3 persons.",0,,1753956638
PSE61940,10/22/2024,2024,1,Political violence,Explosions/Remote violence,Air/drone strike,Military Forces of Israel (2022-),,8,Civilians (Palestine),Refugees/IDPs (Palestine),7,78,Civilian targeting,275,Middle East,Palestine,Gaza Strip,Khan Yunis,,Al Mawasi (Khan Yunis),31.3482,34.2547,1,Newpress; Palestine News and Information Agency; Quds News Network; Twitter,New media-National,"On 22 October 2024, at around 12:47, an Israeli UAV struck a tent belongs to displaced people in (Al Mawasi (Khan Yunis), Gaza Strip), killing 3 Palestinians, including a girl and injuring 15 more.",3,,1762829569
PSE61962,10/22/2024,2024,1,Political violence,Explosions/Remote violence,Air/drone strike,Military Forces of Israel (2022-),,8,Civilians (Palestine),Refugees/IDPs (Palestine),7,78,Civilian targeting,275,Middle East,Palestine,Gaza Strip,North Gaza,,Beit Lahiya,31.5541,34.5016,1,Ma'an News Agency; Newpress; Palestine News and Information Agency; Quds News Network; Twitter,New media-National,"On 22 October 2024, an Israeli UAV struck a target in Beit Lahiya (North Gaza, Gaza Strip), killing 3 Palestinians and injuring others. Also, Israeli artillery struck the Zaid Ibn Haritha School that hosts displaced people in Beit Lahiya, killing 7 Palestinians. Also, artillery shelled other targets, including near Kamal Odwan Hospital, at least one person was killed. And warplanes struck a water supply point [casualties unknown]. Total confirmed fatalities coded at least 11.",11,,1753956638
PSE61994,10/22/2024,2024,1,Political violence,Explosions/Remote violence,Shelling/artillery/missile attack,Military Forces of Israel (2022-),,8,Civilians (Palestine),,7,78,Civilian targeting,275,Middle East,Palestine,Gaza Strip,Deir El Balah,,An Nusayrat - West,31.4525,34.3756,1,Arab 48; Quds News Network,National,"On 22 October 2024, at around 15:42, Israeli artillery shelled An Nusayrat - West (Deir El Balah, Gaza Strip), killing a Palestinian.",1,,1753956638
PSE62020,10/22/2024,2024,1,Political violence,Explosions/Remote violence,Air/drone strike,Military Forces of Israel (2022-),,8,Civilians (Palestine),,7,78,Civilian targeting,275,Middle East,Palestine,Gaza Strip,Gaza City,,Gaza,31.5045,34.4743,1,Palestine News and Information Agency; Quds News Network,National,"On 22 October 2024, Israeli warplanes struck a house in Al Jalaa Street in Gaza City (Gaza City, Gaza Strip). Casualties unknown.",0,,1759790002
PSE62039,10/22/2024,2024,1,Political violence,Explosions/Remote violence,Air/drone strike,Military Forces of Israel (2022-),,8,Civilians (Palestine),,7,78,Civilian targeting,275,Middle East,Palestine,Gaza Strip,Gaza City,,Gaza - Southern Remal,31.5168,34.4355,2,Quds News Network,National,"On 22 October 2024, Israeli warplanes struck a target in Al Sinaa area west of Gaza City, coded to Gaza - Southern Remal (Gaza City, Gaza Strip), injuring a number of Palestinians.",0,,1759790002
PSE62082,10/22/2024,2024,1,Political violence,Explosions/Remote violence,Air/drone strike,Military Forces of Israel (2022-),,8,Civilians (Palestine),Refugees/IDPs (Palestine),7,78,Civilian targeting,275,Middle East,Palestine,Gaza Strip,North Gaza,,Jabalya Camp,31.536,34.4907,1,Arab 48; Palestine News and Information Agency; Quds News Network,National,"On 22 October 2024, Israeli artillery targeted the Al Alami area and block 4 and 5 and Jabalya Camp (North Gaza, Gaza Strip), killing 8 displaced Palestinians in Al Alami area and injuring others. Also, at around 15:00, warplanes struck a house in Al Houja area, leaving fatalities [unspecified fatalities coded as 3]. Fatalities coded as 11 [8 confirmed and 3 unspecified].",11,,1753956638
PSE62117,10/22/2024,2024,1,Political violence,Explosions/Remote violence,Air/drone strike,Military Forces of Israel (2022-),,8,Civilians (Palestine),,7,78,Civilian targeting,275,Middle East,Palestine,Gaza Strip,Rafah,,Tal as Sultan,31.3098,34.2414,2,Newpress; Palestine News and Information Agency; Twitter,New media-National,"On 22 October 2024, Israeli warplanes struck a house in the Saudi area west of Rafah, coded to Tal as Sultan (Rafah, Gaza Strip). Casualties unknown.",0,,1762829569
PSE61920,10/22/2024,2024,1,Political violence,Explosions/Remote violence,Air/drone strike,Military Forces of Israel (2022-),,8,Civilians (Palestine),Government of Palestine (2007-) Hamas Government in Gaza,7,78,Civilian targeting,275,Middle East,Palestine,Gaza Strip,Gaza City,,Gaza - Shujaiyya,31.4988,34.4699,1,Arab 48; Ma'an News Agency; Newpress; Palestine News and Information Agency; Quds News Network; Twitter,New media-National,"On 22 October 2024, Israeli warplanes struck land in Gaza - Shujaiyya (Gaza City, Gaza Strip), killing 6 Palestinians. The airstrike targeted Gaza municipality workers.",6,local administrators,1759790002
PSE62030,10/22/2024,2024,1,Political violence,Explosions/Remote violence,Air/drone strike,Military Forces of Israel (2022-),,8,Civilians (Palestine),,7,78,Civilian targeting,275,Middle East,Palestine,Gaza Strip,Gaza City,,Gaza - Az Zaytun,31.4964,34.4522,1,Arab 48; Newpress; Twitter,New media-National,"On 22 October 2024, Israeli warplanes struck near the al-Nujoum Hall in Gaza - Az Zaytun (Gaza City, Gaza Strip), killing at least 8 Palestinians.",8,,1759790002
PSE62071,10/22/2024,2024,1,Political violence,Explosions/Remote violence,Air/drone strike,Military Forces of Israel (2022-),,8,Civilians (Palestine),,7,78,Civilian targeting,275,Middle East,Palestine,Gaza Strip,North Gaza,,Jabalya,31.5272,34.4835,2,Palestine News and Information Agency; Quds News Network,National,"On 22 October 2024, Israeli warplanes struck a house west of Jabalya town (North Gaza, Gaza Strip), killing 3 Palestinians (a mother and two children) and injuring others.",3,,1759790002
PSE62142,10/22/2024,2024,1,Political violence,Explosions/Remote violence,Shelling/artillery/missile attack,Military Forces of Israel (2022-),,8,Civilians (Palestine),,7,78,Civilian targeting,275,Middle East,Palestine,Gaza Strip,North Gaza,,Jabalya,31.5272,34.4835,1,Newpress; Quds News Network; Twitter,New media-National,"On 22 October 2024, Israeli tanks shelled Jabalya Al Nazlaha in Jabalya town (North Gaza, Gaza Strip), killing at least 2 Palestinians including a woman.",2,,1759790002
PSE62227,10/22/2024,2024,2,Political violence,Violence against civilians,Attack,Hamas Movement,,3,Civilians (Palestine),Refugees/IDPs (Palestine),7,37,Civilian targeting,275,Middle East,Palestine,Gaza Strip,North Gaza,,Jabalya,31.5272,34.4835,1,Times of Israel,Regional,"Around 22 October 2024, (as reported), Hamas opened fire at Palestinians who were trying to leave the North Gaza, coded to Jabalya (Gaza Strip). As a result, at least a woman was injured. Israeli forces have called on Palestinians to evacuate northern Gaza and move toward the south.",0,,1759790002
PSE62099,10/22/2024,2024,1,Political violence,Explosions/Remote violence,Air/drone strike,Military Forces of Israel (2022-),,8,Civilians (Palestine),,7,78,Civilian targeting,275,Middle East,Palestine,Gaza Strip,Rafah,,Khirbet al Adas,31.2855,34.2714,1,Newpress; Palestine News and Information Agency; Quds News Network; Twitter,New media-National,"On 22 October 2024, at around 12:57, Israeli warplanes struck a house in Khirbet al Adas (Rafah, Gaza Strip), killing 4 Palestinians.",4,,1753956638
PSE61925,10/23/2024,2024,1,Political violence,Explosions/Remote violence,Air/drone strike,Military Forces of Israel (2022-),,8,Civilians (Palestine),,7,78,Civilian targeting,275,Middle East,Palestine,Gaza Strip,Khan Yunis,,Al Fukhari,31.2952,34.3332,1,Quds News Network,National,"On 23 October 2024, Israeli warplanes struck near the European Hospital in Al Fukhari (Khan Yunis, Gaza Strip), causing injuries.",0,,1753956638
PSE61965,10/23/2024,2024,1,Political violence,Explosions/Remote violence,Air/drone strike,Military Forces of Israel (2022-),,8,Civilians (Palestine),Health Workers (Palestine),7,78,Civilian targeting,275,Middle East,Palestine,Gaza Strip,North Gaza,,Beit Lahiya,31.5541,34.5016,1,Ma'an News Agency; Newpress; Palestine News and Information Agency; Quds News Network; Twitter,New media-National,"On 23 October 2024, an Israeli UAV struck targets and houses near Kamal Odwan Hospital in Beit Lahiya (North Gaza, Gaza Strip), killing a doctor and a nurse. Also, artillery shelled Beit Lahiya [casualties unknown]. Fatalities coded at least 2.",2,,1753956638
PSE61971,10/23/2024,2024,1,Political violence,Explosions/Remote violence,Air/drone strike,Military Forces of Israel (2022-),,8,Civilians (Palestine),,7,78,Civilian targeting,275,Middle East,Palestine,Gaza Strip,North Gaza,,Beit Lahiya - Al Mashroo,31.5433,34.4998,1,Palestine News and Information Agency; Quds News Network,National,"On 23 October 2024, Israeli warplanes carried out airstrikes in Beit Lahiya - Al Mashroo (North Gaza, Gaza Strip) amid artillery fire, killing at least 2 persons.",2,,1753956638
PSE62094,10/23/2024,2024,1,Political violence,Explosions/Remote violence,Shelling/artillery/missile attack,Military Forces of Israel (2022-),,8,Civilians (Palestine),Refugees/IDPs (Palestine),7,78,Civilian targeting,275,Middle East,Palestine,Gaza Strip,Gaza City,,Gaza - At Tuffah,31.5134,34.4751,1,Quds News Network,National,"On 23 October 2024, Israeli artillery shelled near the Hashimiya School in Gaza - At Tuffah (Gaza City, Gaza Strip), killing a Palestinian and injuring others.",1,,1759790002
PSE62145,10/23/2024,2024,1,Political violence,Explosions/Remote violence,Air/drone strike,Military Forces of Israel (2022-),,8,Police Forces of Palestine (2007-) Gaza Strip,Civilians (Palestine); Hamas Movement; Refugees/IDPs (Palestine),1,18,,275,Middle East,Palestine,Gaza Strip,North Gaza,,Jabalya Camp,31.536,34.4907,1,Ma'an News Agency; Palestine News and Information Agency; Quds News Network,National,"On 23 October 2024, Israeli warplanes carried out intense airstrikes and helicopters opened fire in Jabalya Camp (North Gaza, Gaza Strip) amid artillery fire. Casualties unknown. Also, a UAV struck near the Yemen Saeed Hospital in the camp, killing 2 Palestinians [including a Hamas police officer]. Fatalities coded at least 2.",2,,1753956638
PSE62052,10/23/2024,2024,1,Political violence,Explosions/Remote violence,Air/drone strike,Military Forces of Israel (2022-),,8,Civilians (Palestine),,7,78,Civilian targeting,275,Middle East,Palestine,Gaza Strip,Gaza City,,Gaza - Tal el Hawa,31.5041,34.435,1,Newpress; Palestine News and Information Agency; Quds News Network; Twitter,New media-National,"On 23 October 2024, Israeli artillery warplanes struck a house in Gaza - Tal el Hawa (Gaza City, Gaza Strip), killing 4 Palestinians including children, and injuring others. Also, a Palestinian was shot dead by an Israeli sniper. Total fatalities 5.",5,,1759790002
PSE62072,10/23/2024,2024,1,Political violence,Explosions/Remote violence,Air/drone strike,Military Forces of Israel (2022-),,8,Civilians (Palestine),,7,78,Civilian targeting,275,Middle East,Palestine,Gaza Strip,North Gaza,,Jabalya,31.5272,34.4835,1,Arab 48; Ma'an News Agency; Newpress; Palestine News and Information Agency; Quds News Network; Twitter,New media-National,"On 23 October 2024, Israeli warplanes struck a house in Jabalya town (North Gaza, Gaza Strip), killing 4 Palestinians and injuring a number of others. During the day, 10 Palestinians were killed in Jabalya town.",10,,1759790002
PSE62100,10/23/2024,2024,1,Political violence,Explosions/Remote violence,Air/drone strike,Military Forces of Israel (2022-),,8,Civilians (Palestine),,7,78,Civilian targeting,275,Middle East,Palestine,Gaza Strip,Rafah,,Khirbet al Adas,31.2855,34.2714,1,Newpress; Palestine News and Information Agency; Quds News Network; Twitter,New media-National,"On 23 October 2024, Israeli UAV struck in Khirbet al Adas (Rafah, Gaza Strip), killing 2 Palestinians and injuring at least 4.",2,,1753956638
PSE62109,10/23/2024,2024,1,Political violence,Explosions/Remote violence,Air/drone strike,Military Forces of Israel (2022-),,8,Civilians (Palestine),,7,78,Civilian targeting,275,Middle East,Palestine,Gaza Strip,Khan Yunis,,Qizan an Najjar,31.323,34.2761,2,Newpress; Quds News Network; Twitter,New media-National,"On 23 October 2024, an Israeli UAV struck the Al Manarah area east of Qizan an Najjar (Khan Yunis, Gaza Strip), killing a Palestinian and injuring others.",1,,1753956638
PSE61924,10/24/2024,2024,1,Political violence,Explosions/Remote violence,Air/drone strike,Military Forces of Israel (2022-),,8,Civilians (Palestine),Refugees/IDPs (Palestine),7,78,Civilian targeting,275,Middle East,Palestine,Gaza Strip,Deir El Balah,,Al Burayj,31.4394,34.4031,1,Newpress; Quds News Network; Twitter,New media-National,"On 24 October 2024, Israeli warplanes struck a building and other targets near the Al Shuhada Roundabout in Al Burayj Camp and in the camp (Deir El Balah, Gaza Strip), killing 2 Palestinians.",2,,1753956638
PSE61933,10/24/2024,2024,1,Political violence,Explosions/Remote violence,Air/drone strike,Military Forces of Israel (2022-),,8,Civilians (Palestine),Refugees/IDPs (Palestine),7,78,Civilian targeting,275,Middle East,Palestine,Gaza Strip,Deir El Balah,,Al Maghazi,31.4214,34.3865,1,Arab 48; Palestine News and Information Agency; Quds News Network,National,"On 24 October 2024, Israeli warplanes struck the Al Maghaz Services Club that hosts displaced people in Al Maghazi Camp (Deir El Balah, Gaza Strip), killing at least 11 persons [including children], and injuring others.",11,,1753956638
PSE61972,10/24/2024,2024,1,Political violence,Explosions/Remote violence,Air/drone strike,Military Forces of Israel (2022-),,8,Civilians (Palestine),Labor Group (Palestine),7,78,Civilian targeting,275,Middle East,Palestine,Gaza Strip,North Gaza,,Beit Lahiya - Al Mashroo,31.5433,34.4998,1,Palestine News and Information Agency; Quds News Network,National,"On 24 October 2024, Israeli UAVs opened fire and injured 3 member of Palestinian rescue teams in Beit Lahiya - Al Mashroo (North Gaza, Gaza Strip). Also, artillery shelled targets and tanks opened fire in the same location. Also, Israeli forces opened fire at the Kamal Odwan Hospital. [casualties unknown].",0,,1753956638
PSE61996,10/24/2024,2024,1,Political violence,Explosions/Remote violence,Shelling/artillery/missile attack,Military Forces of Israel (2022-),,8,Civilians (Palestine),Health Workers (Palestine),7,78,Civilian targeting,275,Middle East,Palestine,Gaza Strip,Deir El Balah,,Az Zawayda,31.4284,34.366,1,Quds News Network,National,"On 24 October 2024, Israeli artillery shelled targets in Az Zawayda (Deir El Balah, Gaza Strip). Several health workers were injured after a shell fell near the bus.",0,,1767742780
PSE62090,10/24/2024,2024,1,Political violence,Explosions/Remote violence,Air/drone strike,Military Forces of Israel (2022-),,8,Civilians (Palestine),,7,78,Civilian targeting,275,Middle East,Palestine,Gaza Strip,Khan Yunis,,Khan Yunis - Maen,31.336,34.3172,1,Ma'an News Agency; Palestine News and Information Agency; Quds News Network,National,"On 24 October 2024, Israeli warplanes struck a house in Khan Yunis - Maen (Khan Yunis, Gaza Strip), killing 3 Palestinians and injuring others.",3,,1753956638
PSE62093,10/24/2024,2024,1,Political violence,Explosions/Remote violence,Shelling/artillery/missile attack,Military Forces of Israel (2022-),,8,Civilians (Palestine),,7,78,Civilian targeting,275,Middle East,Palestine,Gaza Strip,Gaza City,,Gaza - Ash Shati' Camp,31.5349,34.4466,2,Ma'an News Agency; Quds News Network,National,"On 24 October 2024, Israeli artillery shelled near the Muthaf Hotel northwest of Gaza City, coded to Gaza - Ash Shati' Camp (Gaza City, Gaza Strip), killing a Palestinian.",1,,1759790002
PSE62085,10/24/2024,2024,1,Political violence,Explosions/Remote violence,Air/drone strike,Military Forces of Israel (2022-),,8,Civilians (Palestine),Refugees/IDPs (Palestine),7,78,Civilian targeting,275,Middle East,Palestine,Gaza Strip,North Gaza,,Jabalya Camp,31.536,34.4907,1,Arab 48; Dunia Al Watan; Newpress; Palestine News and Information Agency; Quds News Network; Twitter,New media-National,"On 24 October 2024, Israeli warplanes and UAVs struck the Jabalya Camp (North Gaza, Gaza Strip) amid artillery and tank fire. At least 2 Palestinians were killed (woman and her son were killed). Also, warplanes struck 10 houses in Al Houja area of the camp center, killing and injuring 150 Palestinians [fatalities coded as 75]. In addition, Israeli tanks opened fire toward the tent of displaced people at Abu Hussain School in Jabalya Camp. Total fatalities coded at least 77.",77,,1753956638
PSE62118,10/24/2024,2024,1,Political violence,Explosions/Remote violence,Air/drone strike,Military Forces of Israel (2022-),,8,Civilians (Palestine),,7,78,Civilian targeting,275,Middle East,Palestine,Gaza Strip,Rafah,,Yibna,31.2842,34.2482,2,Palestine News and Information Agency; PLO Negotiations Affairs Department; Quds News Network,Other-National,"On 24 October 2024, Israeli UAV struck a motorcycle in Al Tannour east of Rafah, killing a Palestinian. Also, artillery and tanks shelled targets east of Rafah, coded to Yibna (Rafah, Gaza Strip). Casualties unknown. In addition, warplanes carried out a strike near Karem Abu Moammar east of Rafah [casualties unknown]. Fatalities coded at least 1.",1,,1753956638
PSE62031,10/24/2024,2024,1,Political violence,Explosions/Remote violence,Air/drone strike,Military Forces of Israel (2022-),,8,Civilians (Palestine),,7,78,Civilian targeting,275,Middle East,Palestine,Gaza Strip,Gaza City,,Gaza - Az Zaytun,31.4964,34.4522,1,Ma'an News Agency; Newpress; Palestine News and Information Agency; Quds News Network; Twitter,New media-National,"On 24 October 2024, Israeli warplanes targeted the Gaza - Az Zaytun (Gaza City, Gaza Strip), killing a Palestinian.",1,,1759790002
PSE62116,10/24/2024,2024,1,Political violence,Explosions/Remote violence,Air/drone strike,Military Forces of Israel (2022-),,8,Civilians (Palestine),,7,78,Civilian targeting,275,Middle East,Palestine,Gaza Strip,North Gaza,,Sheikh Zaid,31.5392,34.5117,1,Arab 48; Palestine News and Information Agency; Quds News Network,National,"On 24 October 2024, Israeli warplanes struck at the junction of Sheikh Zaid (North Gaza, Gaza Strip), killing a Palestinian and injuring others.",1,,1759790002
PSE62144,10/24/2024,2024,1,Political violence,Explosions/Remote violence,Shelling/artillery/missile attack,Military Forces of Israel (2022-),,8,Civilians (Palestine),Refugees/IDPs (Palestine),7,78,Civilian targeting,275,Middle East,Palestine,Gaza Strip,North Gaza,,Jabalya,31.5272,34.4835,1,Palestine News and Information Agency; Quds News Network,National,"On 24 October 2024, Israeli artillery shelled the Jabalya Al Nuzlah in Jabalya town (North Gaza, Gaza Strip). A number of displaced people were injured.",0,,1759790002
PSE62087,10/24/2024,2024,1,Political violence,Explosions/Remote violence,Air/drone strike,Military Forces of Israel (2022-),,8,Civilians (Palestine),Muslim Group (Palestine),7,78,Civilian targeting,275,Middle East,Palestine,Gaza Strip,Khan Yunis,,Khan Yunis - Jourat Al-Loot,31.3314,34.3004,1,Arab 48; Quds News Network,National,"On 24 October 2024, Israeli warplanes struck a mosque in Khan Yunis - Jourat Al-Loot (Khan Yunis, Gaza Strip), leaving injuries.",0,,1753956638
PSE62196,10/24/2024,2024,1,Political violence,Explosions/Remote violence,Shelling/artillery/missile attack,Military Forces of Israel (2022-),,8,Civilians (Palestine),,7,78,Civilian targeting,275,Middle East,Palestine,Gaza Strip,Rafah,,Khirbet al Adas,31.2855,34.2714,2,Ma'an News Agency,National,"On 24 October 2024, Israeli artillery shelled north of Rafah, coded to Khirbet al Adas (Rafah, Gaza Strip), killed a Palestinian and injuring a number of others.",1,,1753956638
PSE62199,10/24/2024,2024,1,Political violence,Explosions/Remote violence,Shelling/artillery/missile attack,Military Forces of Israel (2022-),,8,Civilians (Palestine),,7,78,Civilian targeting,275,Middle East,Palestine,Gaza Strip,Khan Yunis,,Qizan an Najjar,31.323,34.2761,2,Palestine News and Information Agency; Quds News Network,National,"On 24 October 2024, Israeli artillery shelled Al Manarah area east of Qizan an Najjar (Khan Yunis, Gaza Strip), killing a Palestinian.",1,,1753956638
PSE61930,10/24/2024,2024,1,Political violence,Explosions/Remote violence,Air/drone strike,Military Forces of Israel (2022-),,8,Civilians (Palestine),,7,78,Civilian targeting,275,Middle East,Palestine,Gaza Strip,Rafah,,Al Junainah,31.2642,34.2636,1,Newpress; Palestine News and Information Agency; Twitter,New media-National,"On 24 October 2024, Israeli warplanes struck the Al Junainah (Rafah, Gaza Strip), killing 2 Palestinians.",2,,1753956638
PSE76498,10/24/2024,2024,1,Political violence,Violence against civilians,Attack,Unidentified Armed Group (Palestine),,3,Civilians (Palestine),,7,37,Civilian targeting,275,Middle East,Palestine,Gaza Strip,Khan Yunis,,Khan Yunis,31.3502,34.3081,1,Aid Worker Security Database,Local partner-Other,"On 24 October 2024, one aid worker (likely aid security committees) was killed during a military operation in Khan Yunis, Gaza Strip. At least 33 people were killed in the same incident. This event involved violence over aid.",1,,1756156113
PSE61942,10/25/2024,2024,1,Political violence,Explosions/Remote violence,Air/drone strike,Military Forces of Israel (2022-),,8,Civilians (Palestine),Refugees/IDPs (Palestine),7,78,Civilian targeting,275,Middle East,Palestine,Gaza Strip,Khan Yunis,,Al Mawasi (Khan Yunis),31.3482,34.2547,1,Al Ghad (Jordan); Ma'an News Agency,National-Regional,"On 25 October 2024, an Israeli UAV struck a tent belongs to displaced people in the area of Bier 19 in (Al Mawasi (Khan Yunis), Gaza Strip), killing 3 Palestinians.",3,,1762829569
PSE61966,10/25/2024,2024,1,Political violence,Explosions/Remote violence,Air/drone strike,Military Forces of Israel (2022-),,8,Civilians (Palestine),,7,78,Civilian targeting,275,Middle East,Palestine,Gaza Strip,North Gaza,,Beit Lahiya,31.5541,34.5016,1,Ma'an News Agency; Newpress; Palestine News and Information Agency; Quds News Network; Twitter,New media-National,"On 25 October 2024, Israeli warplanes struck 2 houses in Beit Lahiya (North Gaza, Gaza Strip), killing at least 20 Palestinians and injuring dozens. Also, Israeli forces opened fire on the outskirts of Kamal Odwan Hospital and shelled targets in the area [casualties unknown]. Fatalities coded at least 20.",20,,1753956638
PSE61979,10/25/2024,2024,1,Political violence,Explosions/Remote violence,Air/drone strike,Military Forces of Israel (2022-),,8,Civilians (Palestine),,7,78,Civilian targeting,275,Middle East,Palestine,Gaza Strip,North Gaza,,Beit Lahiya - Al Mashroo,31.5433,34.4998,1,Newpress; Twitter,New media-National,"On 25 October 2024, Israeli warplanes struck a target near the Qasasam mosque in Beit Lahiya - Al Mashroo (North Gaza, Gaza Strip), killing 2 Palestinians.",2,,1753956638
PSE62034,10/25/2024,2024,1,Political violence,Explosions/Remote violence,Air/drone strike,Military Forces of Israel (2022-),,8,Civilians (Palestine),,7,78,Civilian targeting,275,Middle East,Palestine,Gaza Strip,Gaza City,,Gaza - Sabra,31.5086,34.4493,1,Newpress; Twitter,New media-National,"On 25 October 2024, Israeli warplanes struck a house in Gaza - Sabra (Gaza City, Gaza Strip). Casualties unknown.",0,,1759790002
PSE62040,10/25/2024,2024,1,Political violence,Explosions/Remote violence,Air/drone strike,Military Forces of Israel (2022-),,8,Civilians (Palestine),,7,78,Civilian targeting,275,Middle East,Palestine,Gaza Strip,Gaza City,,Gaza - Southern Remal,31.5168,34.4355,2,Ma'an News Agency; Palestine News and Information Agency; Quds News Network,National,"On 25 October 2024, Israeli warplanes carried out a strike in the Senaa area west of Gaza, coded to Gaza - Southern Remal (Gaza City, Gaza Strip), killing 2 Palestinians.",2,,1759790002
PSE62053,10/25/2024,2024,1,Political violence,Explosions/Remote violence,Air/drone strike,Military Forces of Israel (2022-),,8,Civilians (Palestine),,7,78,Civilian targeting,275,Middle East,Palestine,Gaza Strip,Gaza City,,Gaza Port,31.5245,34.4326,2,Ma'an News Agency; Palestine News and Information Agency,National,"On 25 October 2024, Israeli warplanes carried out a strike in the fisher port, coded to Gaza Port (Gaza City, Gaza Strip), killing 2 persons.",2,,1753956638
PSE62296,10/25/2024,2024,1,Political violence,Explosions/Remote violence,Air/drone strike,Military Forces of Israel (2022-),,8,Civilians (Palestine),,7,78,Civilian targeting,275,Middle East,Palestine,Gaza Strip,Gaza City,,Gaza - Ash Shati' Camp,31.5349,34.4466,2,Ma'an News Agency; Palestine News and Information Agency; Quds News Network,National,"On 25 October 2024, Israeli warplanes carried out strikes northwest of Gaza City, coded to Gaza - Ash Shati' Camp (Gaza City, Gaza Strip), killing 11 Palestinians. Also, warplanes struck a passing bus near al Khaldi mosque northwest of thew city, killing 5 persons. Total confirmed fatalities were 16.",16,,1759790002
PSE62146,10/25/2024,2024,1,Political violence,Explosions/Remote violence,Shelling/artillery/missile attack,Military Forces of Israel (2022-),,8,Civilians (Palestine),Refugees/IDPs (Palestine),7,78,Civilian targeting,275,Middle East,Palestine,Gaza Strip,North Gaza,,Jabalya,31.5272,34.4835,1,Newpress; Quds News Network; Twitter,New media-National,"On 25 October 2024, Israeli artillery shelled the Halima al-Saadeya School that hosts displaced people in Jabalya Al Nazalah of Jabalya town (North Gaza, Gaza Strip), injuring a number of Palestinians.",0,,1759790002
PSE62101,10/25/2024,2024,1,Political violence,Explosions/Remote violence,Air/drone strike,Military Forces of Israel (2022-),,8,Civilians (Palestine),,7,78,Civilian targeting,275,Middle East,Palestine,Gaza Strip,Rafah,,Khirbet al Adas,31.2855,34.2714,2,Newpress; Palestine News and Information Agency; Twitter,New media-National,"On 25 October 2024, Israeli warplanes struck a target north of Rafah, coded to Khirbet al Adas (Rafah, Gaza Strip), killing a Palestinian.",1,,1753956638
PSE62113,10/25/2024,2024,1,Political violence,Explosions/Remote violence,Air/drone strike,Military Forces of Israel (2022-),,8,Civilians (Palestine),,7,78,Civilian targeting,275,Middle East,Palestine,Gaza Strip,Khan Yunis,,Qizan an Najjar,31.323,34.2761,2,Al-Ittihad; Haaretz; Ma'an News Agency; Newpress; Palestine News and Information Agency; Quds News Network; Twitter,New media-National,"On 25 October 2024, Israeli warplanes carried out airstrikes in Al Manarah area east of Qizan an Najjar (Khan Yunis, Gaza Strip), killing 38 Palestinians including women and children and injuring dozens.",38,,1753956638
PSE62305,10/26/2024,2024,1,Political violence,Explosions/Remote violence,Air/drone strike,Military Forces of Israel (2022-),,8,Civilians (Palestine),,7,78,Civilian targeting,275,Middle East,Palestine,Gaza Strip,Khan Yunis,,Abasan al Kabirah,31.3191,34.3401,2,Arab 48; Ma'an News Agency; Palestine News and Information Agency; Quds News Network,National,"On 26 October 2024, at around 15:10, Israeli warplanes struck the Al Shahaydeh area north of Abasan al Kabirah (Khan Yunis, Gaza Strip), killing an injuring a number of Palestinians [unspecified number of fatalities coded as 3].",3,,1753956638
PSE62329,10/26/2024,2024,1,Political violence,Explosions/Remote violence,Air/drone strike,Military Forces of Israel (2022-),,8,Civilians (Palestine),,7,78,Civilian targeting,275,Middle East,Palestine,Gaza Strip,Deir El Balah,,Al Maghazi,31.4214,34.3865,1,Quds News Network,National,"On 26 October 2024, at around 9:53, Israeli warplanes struck at the entrance of Al Maghazi Camp (Deir El Balah, Gaza Strip), killing a Palestinian and injuring a number of others.",1,,1753956638
PSE62438,10/26/2024,2024,1,Political violence,Explosions/Remote violence,Air/drone strike,Military Forces of Israel (2022-),,8,Civilians (Palestine),Refugees/IDPs (Palestine),7,78,Civilian targeting,275,Middle East,Palestine,Gaza Strip,North Gaza,,Beit Lahiya,31.5541,34.5016,1,Al Ghad (Jordan); Arab 48; Dunia Al Watan; Ma'an News Agency; Newpress; Palestine News and Information Agency; Quds News Network; Twitter,New media-National,"On 26 October 2024, Israeli warplanes struck a residential complex in Beit Lahiya town (North Gaza, Gaza Strip), killing at least 40 Palestinians including women and children, and injuring at least 80 more [including displaced people]. Later reports confirmed that the total number of fatalities had risen from 40 to at least 93. Also, at around 14:07, warplanes struck near the Al Shaymaa School in the town [casualties unknown]. Fatalities coded at least 93.",93,,1753956638
PSE62485,10/26/2024,2024,1,Political violence,Explosions/Remote violence,Air/drone strike,Military Forces of Israel (2022-),,8,Civilians (Palestine),,7,78,Civilian targeting,275,Middle East,Palestine,Gaza Strip,Gaza City,,Gaza,31.5045,34.4743,1,Arab 48; Newpress; Palestine News and Information Agency; Quds News Network; Twitter,New media-National,"On 26 October 2024, at around 3:42, Israeli warplanes struck a house in Al Nafaq Street in Gaza City (Gaza Strip), killing 2 Palestinians and injuring others.",2,,1759790002
PSE62507,10/26/2024,2024,1,Political violence,Explosions/Remote violence,Air/drone strike,Military Forces of Israel (2022-),,8,Civilians (Palestine),,7,78,Civilian targeting,275,Middle East,Palestine,Gaza Strip,Gaza City,,Gaza - Sabra,31.5086,34.4493,1,Arab 48; Quds News Network,National,"On 26 October 2024, at around 10:07, Israeli UAVs opened fire in Gaza - Sabra (Gaza City, Gaza Strip), injuring a number of Palestinians.",0,,1759790002
PSE62571,10/26/2024,2024,1,Political violence,Explosions/Remote violence,Air/drone strike,Military Forces of Israel (2022-),,8,Civilians (Palestine),Refugees/IDPs (Palestine),7,78,Civilian targeting,275,Middle East,Palestine,Gaza Strip,North Gaza,,Jabalya Camp,31.536,34.4907,1,Arab 48; Ma'an News Agency; Newpress; Palestine News and Information Agency; Quds News Network; Twitter,New media-National,"On 26 October 2024, Israeli UAVs struck on the outskirts of Al Fakhour School in Jabalya Camp (North Gaza, Gaza Strip), killing 2 Palestinians. Also, at around 6:24, Israeli artillery shelled targets and tanks opened fire in the camp [casualties unknown]. Fatalities coded at least 2.",2,,1753956638
PSE62501,10/26/2024,2024,1,Political violence,Explosions/Remote violence,Air/drone strike,Military Forces of Israel (2022-),,8,Civilians (Palestine),,7,78,Civilian targeting,275,Middle East,Palestine,Gaza Strip,Gaza City,,Gaza - Az Zaytun,31.4964,34.4522,2,Ma'an News Agency; Palestine News and Information Agency; Quds News Network,National,"On 26 October 2024, at around 11:50, Israeli warplanes struck a house at Keshko Street east of Gaza - Az Zaytun [casualties unknown]. Also, helicopters opened fire toward the southern areas of Gaza City, coded to Gaza - Az Zaytun (Gaza City, Gaza Strip). Casualties unknown.",0,,1759790002
PSE62538,10/26/2024,2024,1,Political violence,Explosions/Remote violence,Air/drone strike,Military Forces of Israel (2022-),,8,Civilians (Palestine),,7,78,Civilian targeting,275,Middle East,Palestine,Gaza Strip,North Gaza,,Jabalya,31.5272,34.4835,1,Palestine News and Information Agency; Quds News Network,National,"On 26 October 2024, at around 7:49, Israeli warplanes struck at least 3 houses in Al Nazlah of Jabalya town (North Gaza, Gaza Strip), killing at least 3 Palestinians and injuring others. Also, 3 Palestinians were killed in an airstrike targeted a houses in Jabalya town. Total fatalities coded at least 6.",6,,1759790002
PSE62634,10/26/2024,2024,1,Political violence,Explosions/Remote violence,Air/drone strike,Military Forces of Israel (2022-),,8,Civilians (Palestine),,7,78,Civilian targeting,275,Middle East,Palestine,Gaza Strip,Khan Yunis,,Qizan an Najjar,31.323,34.2761,2,Palestine News and Information Agency,National,"On 26 October 2024, Israeli warplanes struck the Qizan Abu Rashwan west of Qizan an Najjar (Khan Yunis, Gaza Strip), killing a Palestinian girl and injuring others.",1,,1753956638
PSE93982,10/26/2024,2024,1,Political violence,Violence against civilians,Abduction/forced disappearance,Military Forces of Israel (2022-),,8,Civilians (Palestine),Health Workers (Palestine); Refugees/IDPs (Palestine),7,78,Civilian targeting,275,Middle East,Palestine,Gaza Strip,North Gaza,,Beit Lahiya,31.5541,34.5016,1,Arab 48; Palestine News and Information Agency; Quds News Network,National,"On 26 October 2024, Israeli military forces raided the Kamal Odwan Hospital in Beit Lahiya (North Gaza, Gaza Strip) and arrested Palestinians including health workers and IDPs.",0,,1772581279
PSE62339,10/27/2024,2024,1,Political violence,Explosions/Remote violence,Air/drone strike,Military Forces of Israel (2022-),,8,Civilians (Palestine),,7,78,Civilian targeting,275,Middle East,Palestine,Gaza Strip,Rafah,,Al Mawasi (Rafah),31.3294,34.2299,1,Arab 48; Palestine News and Information Agency; Quds News Network,National,"On 27 October 2024, at around 20:33, Israeli UAV carried out a strike in (Al Mawasi (Rafah), Gaza Strip), killing a Palestinian.",1,,1762829569
PSE62383,10/27/2024,2024,1,Political violence,Explosions/Remote violence,Air/drone strike,Military Forces of Israel (2022-),,8,Civilians (Palestine),,7,78,Civilian targeting,275,Middle East,Palestine,Gaza Strip,Deir El Balah,,An Nusayrat - West,31.4525,34.3756,1,Palestine News and Information Agency,National,"On 27 October 2024, an Israeli UAV opened fire in An Nusayrat - West (Deir El Balah, Gaza Strip), killing at least a Palestinian and injuring 4 more.",1,,1753956638
PSE62444,10/27/2024,2024,1,Political violence,Explosions/Remote violence,Air/drone strike,Military Forces of Israel (2022-),,8,Civilians (Palestine),Refugees/IDPs (Palestine),7,78,Civilian targeting,275,Middle East,Palestine,Gaza Strip,North Gaza,,Beit Lahiya - Al Mashroo,31.5433,34.4998,1,Al-Ittihad; Al Ghad (Jordan); Palestine News and Information Agency; Quds News Network,National-Regional,"On 27 October 2024, at around 1:14, Israeli warplanes struck a house hosts displaced people in Beit Lahiya - Al Mashroo (North Gaza, Gaza Strip), killing at least 10 Palestinians and injuring several others.",10,,1753956638
PSE62486,10/27/2024,2024,1,Political violence,Explosions/Remote violence,Air/drone strike,Military Forces of Israel (2022-),,8,Civilians (Palestine),,7,78,Civilian targeting,275,Middle East,Palestine,Gaza Strip,Gaza City,,Gaza,31.5045,34.4743,1,Palestine News and Information Agency,National,"On 27 October 2024, an Israeli UAV carried out a strike in Al Jalaa Street of Gaza City (Gaza Strip), killing a Palestinian and injuring one more.",1,,1759790002
PSE62491,10/27/2024,2024,1,Political violence,Explosions/Remote violence,Air/drone strike,Military Forces of Israel (2022-),,8,Civilians (Palestine),,7,78,Civilian targeting,275,Middle East,Palestine,Gaza Strip,Gaza City,,Gaza - Ad Darraj,31.5172,34.4642,1,Arab 48; Quds News Network,National,"On 27 October 2024, at around 18:09, Israeli UAVs struck at the Sedrah junction in Gaza - Ad Darraj (Gaza City, Gaza Strip), killing a Palestinian and injuring others.",1,,1759790002
PSE62494,10/27/2024,2024,1,Political violence,Explosions/Remote violence,Air/drone strike,Military Forces of Israel (2022-),,8,Civilians (Palestine),Journalists (Palestine); Refugees/IDPs (Palestine),7,78,Civilian targeting,275,Middle East,Palestine,Gaza Strip,Gaza City,,Gaza - Ash Shati' Camp,31.5349,34.4466,1,Arab 48; Dunia Al Watan; Newpress; Palestine News and Information Agency; Quds News Network; Twitter,New media-National,"On 27 October 2024, Israeli warplanes struck the Asmaa School that hosts displaced people in Gaza - Ash Shati' Camp (Gaza City, Gaza Strip), killing 11 Palestinians, including 3 journalists, and injuring others.",11,,1759790002
PSE62495,10/27/2024,2024,1,Political violence,Explosions/Remote violence,Shelling/artillery/missile attack,Military Forces of Israel (2022-),,8,Civilians (Palestine),,7,78,Civilian targeting,275,Middle East,Palestine,Gaza Strip,Gaza City,,Gaza - Ash Shati' Camp,31.5349,34.4466,2,Newpress; Palestine News and Information Agency; Quds News Network; Twitter,New media-National,"On 27 October 2024, Israeli artillery shelled the Al Saftawi and Twam areas northwest of Gaza City, coded to Gaza - Ash Shati' Camp (Gaza City, Gaza Strip), causing a number of injuries.",0,,1759790002
PSE62574,10/27/2024,2024,1,Political violence,Explosions/Remote violence,Air/drone strike,Military Forces of Israel (2022-),,8,Civilians (Palestine),Refugees/IDPs (Palestine),7,78,Civilian targeting,275,Middle East,Palestine,Gaza Strip,North Gaza,,Jabalya Camp,31.536,34.4907,1,Newpress; Palestine News and Information Agency; Twitter,New media-National,"On 27 October 2024, Israeli warplanes struck a residential complex near Al Fakhoura School in Jabalya Camp (North Gaza, Gaza Strip), killing 20 Palestinians including children and women, and injuring dozens. Also, artillery and tanks opened fire in the camp [casualties unknown]. Fatalities coded at least 20.",20,,1753956638
PSE62625,10/27/2024,2024,1,Political violence,Explosions/Remote violence,Air/drone strike,Military Forces of Israel (2022-),,8,Civilians (Palestine),,7,78,Civilian targeting,275,Middle East,Palestine,Gaza Strip,Khan Yunis,,Khan Yunis - Jourat Al-Loot,31.3314,34.3004,2,Newpress; Quds News Network; Twitter,New media-National,"On 27 October 2024, at around 12:49, Israeli warplanes carried out a strike in Sok al-Fezb area south of Khan Yunis city, coded to Khan Yunis - Jourat Al-Loot (Khan Yunis, Gaza Strip), killing 2 Palestinians.",2,,1753956638
PSE62661,10/27/2024,2024,1,Political violence,Explosions/Remote violence,Air/drone strike,Military Forces of Israel (2022-),,8,Civilians (Palestine),,7,78,Civilian targeting,275,Middle East,Palestine,Gaza Strip,Rafah,,Rafah,31.287,34.2595,1,Palestine News and Information Agency; Quds News Network,National,"On 27 October 2024, Israeli warplanes carried out strikes and artillery shelled several targets (including a house) in Rafah city (Gaza Strip), causing 2 injuries.",0,,1762829569
PSE71489,10/27/2024,2024,1,Political violence,Violence against civilians,Attack,Sahm Unit,,3,Civilians (Palestine),,7,37,Civilian targeting,275,Middle East,Palestine,Gaza Strip,Khan Yunis,,Khan Yunis,31.3502,34.3081,2,The Independent Commission For Human Rights,National,"On 27 October 2024, gunmen [likely security personnel affiliated with Sahm] shot and injured a 37-year-old man in the legs in Khan Yunis area (Gaza Strip), accusing him of stealing from homes during evacuations caused by the ongoing war. This event involved violence over aid.",0,,1754354914
PSE62311,10/28/2024,2024,1,Political violence,Explosions/Remote violence,Shelling/artillery/missile attack,Military Forces of Israel (2022-),,8,Civilians (Palestine),Refugees/IDPs (Palestine),7,78,Civilian targeting,275,Middle East,Palestine,Gaza Strip,Deir El Balah,,Al Burayj,31.4394,34.4031,1,Ma'an News Agency; Palestine News and Information Agency; Quds News Network,National,"On 28 October 2024, Israeli artillery shelled the Al Burayj Camp (Deir El Balah, Gaza Strip), killing 3 Palestinians and injuring others. Another Palestinian was killed in block 12 in the camp. Total fatalities were 4.",4,,1753956638
PSE62330,10/28/2024,2024,1,Political violence,Explosions/Remote violence,Air/drone strike,Military Forces of Israel (2022-),,8,Civilians (Palestine),,7,78,Civilian targeting,275,Middle East,Palestine,Gaza Strip,Deir El Balah,,Al Maghazi,31.4214,34.3865,2,Al-Ittihad; Palestine News and Information Agency; Quds News Network,National-Regional,"On 28 October 2024, Israeli UAVs opened fire east of Al Maghazi Camp (Deir El Balah, Gaza Strip), injuring a child.",0,,1753956638
PSE62331,10/28/2024,2024,1,Political violence,Explosions/Remote violence,Air/drone strike,Military Forces of Israel (2022-),,8,Civilians (Palestine),Refugees/IDPs (Palestine),7,78,Civilian targeting,275,Middle East,Palestine,Gaza Strip,Deir El Balah,,Al Maghazi,31.4214,34.3865,1,Palestine News and Information Agency,National,"On 28 October 2024, Israeli warplanes carried out a strike in Al Maghazi Camp (Deir El Balah, Gaza Strip), killing a child.",1,,1753956638
PSE62372,10/28/2024,2024,1,Political violence,Explosions/Remote violence,Air/drone strike,Military Forces of Israel (2022-),,8,Civilians (Palestine),,7,78,Civilian targeting,275,Middle East,Palestine,Gaza Strip,Deir El Balah,,An Nusayrat - North,31.4591,34.3923,1,Palestine News and Information Agency; Quds News Network,National,"On 28 October 2024, Israeli warplanes struck a house in Al Mufti land in An Nusayrat - North (Deir El Balah, Gaza Strip), killing one Palestinian and injuring others.",1,,1753956638
PSE62399,10/28/2024,2024,1,Political violence,Explosions/Remote violence,Air/drone strike,Military Forces of Israel (2022-),,8,Civilians (Palestine),,7,78,Civilian targeting,275,Middle East,Palestine,Gaza Strip,Deir El Balah,,Az Zawayda,31.4284,34.366,1,Arab 48; Palestine News and Information Agency; Quds News Network,National,"On 28 October 2024, an Israeli UAV struck a gathering in Az Zawayda (Deir El Balah, Gaza Strip), killing 10 Palestinians including children and injuring others.",10,,1767742780
PSE62445,10/28/2024,2024,1,Political violence,Explosions/Remote violence,Air/drone strike,Military Forces of Israel (2022-),,8,Civilians (Palestine),,7,78,Civilian targeting,275,Middle East,Palestine,Gaza Strip,North Gaza,,Beit Lahiya - Al Mashroo,31.5433,34.4998,1,Palestine News and Information Agency; Quds News Network,National,"On 28 October 2024, Israeli warplanes struck the yard of Al Qassam mosque in Beit Lahiya - Al Mashroo (North Gaza, Gaza Strip), killing a Palestinian and injuring others. Also, at least 7 Palestinians including children were killed in artillery shelling that targeted houses in the same location. Total fatalities were 8.",8,,1753956638
PSE62456,10/28/2024,2024,1,Political violence,Explosions/Remote violence,Air/drone strike,Military Forces of Israel (2022-),,8,Civilians (Palestine),,7,78,Civilian targeting,275,Middle East,Palestine,Gaza Strip,North Gaza,,Beit Lahiya - Ezbet Beit Hanoun,31.5472,34.5225,1,Quds News Network,National,"On 28 October 2024, Israeli warplanes struck a house in Beit Lahiya - Ezbet Beit Hanoun (North Gaza, Gaza Strip). Casualties unknown.",0,,1753956638
PSE62488,10/28/2024,2024,1,Political violence,Explosions/Remote violence,Air/drone strike,Military Forces of Israel (2022-),,8,Civilians (Palestine),,7,78,Civilian targeting,275,Middle East,Palestine,Gaza Strip,Gaza City,,Gaza,31.5045,34.4743,1,Palestine News and Information Agency,National,"On 28 October 2024, Israeli warplanes struck the Nafaq Street in Gaza City (Gaza Strip), causing injuries. Also, warplanes targeted a house in Gaza City. Casualties unknown.",0,,1759790002
PSE62516,10/28/2024,2024,1,Political violence,Explosions/Remote violence,Air/drone strike,Military Forces of Israel (2022-),,8,Civilians (Palestine),,7,78,Civilian targeting,275,Middle East,Palestine,Gaza Strip,Gaza City,,Gaza - Sabra,31.5086,34.4493,1,Palestine News and Information Agency,National,"On 28 October 2024, Israeli warplanes carried out strikes in Gaza - Sabra (Gaza City, Gaza Strip), killing 3 Palestinians and injuring others.",3,,1759790002
PSE62524,10/28/2024,2024,1,Political violence,Explosions/Remote violence,Air/drone strike,Military Forces of Israel (2022-),,8,Civilians (Palestine),,7,78,Civilian targeting,275,Middle East,Palestine,Gaza Strip,Gaza City,,Gaza - Shujaiyya,31.4988,34.4699,1,Palestine News and Information Agency; Quds News Network,National,"On 28 October 2024, Israeli UAVs struck a gathering in Gaza - Shujaiyya (Gaza City, Gaza Strip), killing 3 Palestinians.",3,,1759790002
PSE62579,10/28/2024,2024,1,Political violence,Explosions/Remote violence,Air/drone strike,Military Forces of Israel (2022-),,8,Civilians (Palestine),,7,78,Civilian targeting,275,Middle East,Palestine,Gaza Strip,North Gaza,,Jabalya Camp,31.536,34.4907,2,Palestine News and Information Agency,National,"On 28 October 2024, Israeli warplanes struck a house in the block 7 east of Jabalya Camp (North Gaza, Gaza Strip). Casualties unknown. Also, airstrikes and artillery struck several locations west of the camp. Casualties unknown.",0,,1753956638
PSE62583,10/28/2024,2024,1,Political violence,Explosions/Remote violence,Shelling/artillery/missile attack,Military Forces of Israel (2022-),,8,Civilians (Palestine),Refugees/IDPs (Palestine),7,78,Civilian targeting,275,Middle East,Palestine,Gaza Strip,North Gaza,,Jabalya Camp,31.536,34.4907,1,Palestine News and Information Agency,National,"On 28 October 2024, Israeli artillery shelled the Al Houja area in the Jabalya Camp (North Gaza, Gaza Strip), killing 2 Palestinians and injuring others.",2,,1753956638
PSE62561,10/28/2024,2024,1,Political violence,Explosions/Remote violence,Air/drone strike,Military Forces of Israel (2022-),,8,Civilians (Palestine),,7,78,Civilian targeting,275,Middle East,Palestine,Gaza Strip,North Gaza,,Jabalya,31.5272,34.4835,1,Palestine News and Information Agency; Quds News Network,National,"On 28 October 2024, Israeli warplanes struck the Jabalya town (North Gaza, Gaza Strip), causing a number of injuries. Also, 3 Palestinians were killed in an airstrike near Feshara roundabout in Jabalya town.",3,,1759790002
PSE62627,10/28/2024,2024,1,Political violence,Explosions/Remote violence,Air/drone strike,Military Forces of Israel (2022-),,8,Civilians (Palestine),,7,78,Civilian targeting,275,Middle East,Palestine,Gaza Strip,Rafah,,Khirbet al Adas,31.2855,34.2714,1,Liveuamap; Newpress; Palestine News and Information Agency; Quds News Network; Twitter,Local partner-New media,"On 28 October 2024, Israeli UAVs carried out strikes in Khirbet al Adas (Rafah, Gaza Strip), killing a Palestinian. Also, at around 11:49, Israeli warplanes struck a house in Khirbet al Adas (Rafah, Gaza Strip), leaving more than 7 missing persons. Total fatalities coded at least 1.",1,,1753956638
PSE93981,10/28/2024,2024,2,Political violence,Violence against civilians,Abduction/forced disappearance,Military Forces of Israel (2022-),,8,Civilians (Palestine),Health Workers (Palestine),7,78,Civilian targeting,275,Middle East,Palestine,Gaza Strip,North Gaza,,Jabalya Camp,31.536,34.4907,2,Arab 48; Arutz Sheva; Dunia Al Watan; Israeli Defense Forces; Newpress; Times of Israel; Twitter,Other-New media,"Around 28 October 2024, (as reported), Israeli forces arrested approximately 600 Palestinians from Jabalya Camp, North Gaza, and Beit Lahiya. The detainees include militants, civilians, and health workers and at least 100 militants from Kamal Odwan Hospital (North Gaza, Gaza Strip). Militants arrest was coded separately.",0,,1772581279
PSE62313,10/29/2024,2024,1,Political violence,Explosions/Remote violence,Shelling/artillery/missile attack,Military Forces of Israel (2022-),,8,Civilians (Palestine),Refugees/IDPs (Palestine),7,78,Civilian targeting,275,Middle East,Palestine,Gaza Strip,Deir El Balah,,Al Burayj,31.4394,34.4031,1,Newpress; Palestine News and Information Agency; Quds News Network; Twitter,New media-National,"On 29 October 2024, Israeli artillery shelled the block 12 in Al Burayj Camp (Deir El Balah, Gaza Strip), killing 3 persons [a woman and 2 sons].",3,,1753956638
PSE62340,10/29/2024,2024,1,Political violence,Explosions/Remote violence,Air/drone strike,Military Forces of Israel (2022-),,8,Civilians (Palestine),,7,78,Civilian targeting,275,Middle East,Palestine,Gaza Strip,Rafah,,Al Mawasi (Rafah),31.3294,34.2299,2,Arab 48; Newpress; Twitter,New media-National,"On 29 October 2024, at around 5:16, Israeli warplanes carried out strikes in Al Shalalfah area south of (Al Mawasi (Rafah), Gaza Strip), killing one person and injuring 4 more including a girl.",1,,1762829569
PSE62439,10/29/2024,2024,1,Political violence,Explosions/Remote violence,Air/drone strike,Military Forces of Israel (2022-),,8,Civilians (Palestine),,7,78,Civilian targeting,275,Middle East,Palestine,Gaza Strip,North Gaza,,Beit Lahiya,31.5541,34.5016,1,Arab 48; Ma'an News Agency; Newpress; Palestine News and Information Agency; Quds News Network; Twitter,New media-National,"On 29 October 2024, Israeli warplanes struck 3 houses in Beit Lahiya town (North Gaza, Gaza Strip), killing at least 19 Palestinians and injuring dozens. Also, tanks opened fire on the outskirts of Kamal Odwan Hospital [casualties unknown]. Fatalities coded at least 19.",19,,1753956638
PSE62492,10/29/2024,2024,1,Political violence,Explosions/Remote violence,Air/drone strike,Military Forces of Israel (2022-),,8,Civilians (Palestine),,7,78,Civilian targeting,275,Middle East,Palestine,Gaza Strip,Gaza City,,Gaza - Ad Darraj,31.5172,34.4642,1,Arab 48; Newpress; Palestine News and Information Agency; Quds News Network; Twitter,New media-National,"On 29 October 2024, Israeli warplanes carried out 2 strikes on Al Sahaba Market while bustling with vendors and shoppers in Gaza - Ad Darraj (Gaza City, Gaza Strip), killing at least 5 Palestinians and injuring 20 more.",5,,1759790002
PSE62535,10/29/2024,2024,1,Political violence,Explosions/Remote violence,Air/drone strike,Military Forces of Israel (2022-),,8,Civilians (Palestine),,7,78,Civilian targeting,275,Middle East,Palestine,Gaza Strip,Gaza City,,Gaza - Southern Remal,31.5168,34.4355,2,Newpress; Quds News Network; Twitter,New media-National,"On 29 October 2024, at around 11:02, Israeli warplanes carried out a strike in Al Jalaa Street west of Gaza City, coded to Gaza - Southern Remal (Gaza City, Gaza Strip), killing a Palestinian.",1,,1759790002
PSE62581,10/29/2024,2024,1,Political violence,Explosions/Remote violence,Air/drone strike,Military Forces of Israel (2022-),,8,Civilians (Palestine),Refugees/IDPs (Palestine),7,78,Civilian targeting,275,Middle East,Palestine,Gaza Strip,North Gaza,,Jabalya Camp,31.536,34.4907,2,Quds News Network,National,"On 29 October 2024, at around 00:38, Israeli warplanes struck a house hosting displaced people in Al Fakhoura area west of Jabalya Camp (North Gaza, Gaza Strip), leaving fatalities and injuries. Also, tanks opened fire toward houses in the same area [casualties unknown]. [On 22 and 23 January 2025, 30 bodies were recovered from under the rubble in Jabalya Camp. These fatalities were distributed across three events. 10 of these fatalities were coded to this event].",10,,1753956638
PSE62446,10/29/2024,2024,1,Political violence,Explosions/Remote violence,Air/drone strike,Military Forces of Israel (2022-),,8,Civilians (Palestine),Refugees/IDPs (Palestine),7,78,Civilian targeting,275,Middle East,Palestine,Gaza Strip,North Gaza,,Beit Lahiya - Al Mashroo,31.5433,34.4998,1,Al-Ittihad; Dunia Al Watan; Ma'an News Agency; Newpress; Palestine News and Information Agency; Quds News Network; Times of Israel; Twitter,New media-National,"On 29 October 2024, Israeli warplanes struck a 5-level building hosting at least 150 displaced Palestinians in Beit Lahiya - Al Mashroo (North Gaza, Gaza Strip), killing at least 94 persons [including at least 25 children and dozens of women]. Also dozens were injuring. Meanwhile, artillery shelling and airstrikes continued on Beit Lahiya - Al Mashroo [casualties unknown]. Fatalities coded at least 94.",94,,1753956638
PSE62702,10/29/2024,2024,1,Political violence,Explosions/Remote violence,Shelling/artillery/missile attack,Military Forces of Israel (2022-),,8,Civilians (Palestine),,7,78,Civilian targeting,275,Middle East,Palestine,Gaza Strip,Rafah,,Tal as Sultan,31.3098,34.2414,2,Quds News Network,National,"On 29 October 2024, at around 02:19, Israeli artillery shelled west of Rafah, coded to Tal as Sultan (Rafah, Gaza Strip). Casualties unknown. [On 19 February 2025, two bodies were recovered from under the rubble west of Rafah in Tal as Sultan, coded under this event.]",2,,1762829569
PSE62506,10/29/2024,2024,1,Political violence,Explosions/Remote violence,Shelling/artillery/missile attack,Military Forces of Israel (2022-),,8,Civilians (Palestine),,7,78,Civilian targeting,275,Middle East,Palestine,Gaza Strip,Gaza City,,Gaza - Az Zaytun,31.4964,34.4522,2,Arab 48; Newpress; Twitter,New media-National,"On 29 October 2024, at around 8:33, Israeli artillery shelled east of Gaza - Az Zaytun (Gaza City, Gaza Strip). Casualties unknown. Also, one Palestinian was killed in artillery shelling south of Gaza - Az Zaytun. Fatalities coded at least 1.",1,,1759790002
PSE62630,10/29/2024,2024,1,Political violence,Explosions/Remote violence,Air/drone strike,Military Forces of Israel (2022-),,8,Civilians (Palestine),,7,78,Civilian targeting,275,Middle East,Palestine,Gaza Strip,Rafah,,Khirbet al Adas,31.2855,34.2714,1,Newpress; Palestine News and Information Agency; Quds News Network; Twitter,New media-National,"On 29 October 2024, Israeli warplanes carried out a strike in Khirbet al Adas (Rafah, Gaza Strip), killing 2 persons (a woman and a man).",2,,1753956638
PSE62497,10/29/2024,2024,1,Political violence,Explosions/Remote violence,Air/drone strike,Military Forces of Israel (2022-),,8,Civilians (Palestine),,7,78,Civilian targeting,275,Middle East,Palestine,Gaza Strip,Gaza City,,Gaza - Ash Shati' Camp,31.5349,34.4466,2,Arab 48; Newpress; Palestine News and Information Agency; Quds News Network; Twitter,New media-National,"On 29 October 2024, Israeli warplanes carried out a strike in Al Saftawi area northwest of Gaza City, coded to Gaza - Ash Shati' Camp (Gaza City, Gaza Strip), killing 4 Palestinians and injuring others. In addition, artillery shelling and tank fire continued on northwest of Gaza city [casualties unknown]. In addition, 6 Palestinians were killed [likely by tank fire] while waiting aid convey at northwest of Gaza City [coded to same location]. Total confirmed fatalities coded at least 10. This event involved violence over aid.",10,,1759790002
PSE62332,10/30/2024,2024,1,Political violence,Explosions/Remote violence,Air/drone strike,Military Forces of Israel (2022-),,8,Civilians (Palestine),,7,78,Civilian targeting,275,Middle East,Palestine,Gaza Strip,Deir El Balah,,Al Maghazi,31.4214,34.3865,2,Palestine News and Information Agency; Quds News Network,National,"On 30 October 2024, Israeli warplanes struck a gathering east of Al Maghazi Camp (Deir El Balah, Gaza Strip), causing injuries.",0,,1753956638
PSE62333,10/30/2024,2024,1,Political violence,Explosions/Remote violence,Air/drone strike,Military Forces of Israel (2022-),,8,Civilians (Palestine),Refugees/IDPs (Palestine),7,78,Civilian targeting,275,Middle East,Palestine,Gaza Strip,Deir El Balah,,Al Maghazi,31.4214,34.3865,1,Quds News Network,National,"On 30 October 2024, Israeli UAVs struck a passing car in Al Maghazi Camp (Deir El Balah, Gaza Strip), leaving fatalities and injuries [unspecified number of fatalities coded as 3].",3,,1753956638
PSE62341,10/30/2024,2024,1,Political violence,Explosions/Remote violence,Air/drone strike,Military Forces of Israel (2022-),,8,Civilians (Palestine),,7,78,Civilian targeting,275,Middle East,Palestine,Gaza Strip,Rafah,,Al Mawasi (Rafah),31.3294,34.2299,1,Ma'an News Agency; Palestine News and Information Agency; Quds News Network,National,"On 30 October 2024, Israeli warplanes struck a house in (Al Mawasi (Rafah), Gaza Strip), injuring 7 persons.",0,,1762829569
PSE62349,10/30/2024,2024,1,Political violence,Explosions/Remote violence,Air/drone strike,Military Forces of Israel (2022-),,8,Civilians (Palestine),Refugees/IDPs (Palestine),7,78,Civilian targeting,275,Middle East,Palestine,Gaza Strip,Deir El Balah,,Al Musaddar,31.4105,34.378,2,Arab 48; Ma'an News Agency; Palestine News and Information Agency; Quds News Network,National,"On 30 October 2024, Israeli helicopters struck a tent belonging to displaced people in Al Basah area west of Deir al Balah City, coded to Al Musaddar (Deir El Balah, Gaza Strip), killing 3 Palestinians and injuring a number of children.",3,,1765850627
PSE62448,10/30/2024,2024,1,Political violence,Explosions/Remote violence,Air/drone strike,Military Forces of Israel (2022-),,8,Civilians (Palestine),,7,78,Civilian targeting,275,Middle East,Palestine,Gaza Strip,North Gaza,,Beit Lahiya - Al Mashroo,31.5433,34.4998,1,Newpress; Palestine News and Information Agency; Quds News Network; Twitter,New media-National,"On 30 October 2024, an Israeli UAV struck a gathering in the market of Beit Lahiya - Al Mashroo (North Gaza, Gaza Strip), killing 10 persons and injuring others.",10,,1753956638
PSE62454,10/30/2024,2024,1,Political violence,Explosions/Remote violence,Air/drone strike,Military Forces of Israel (2022-),,8,Civilians (Palestine),,7,78,Civilian targeting,275,Middle East,Palestine,Gaza Strip,North Gaza,,Beit Lahiya - Al Salateen,31.5558,34.4814,1,Palestine News and Information Agency; Quds News Network,National,"On 30 October 2024, Israeli warplanes struck a gathering in Beit Lahiya - Al Salateen (North Gaza, Gaza Strip), killing 8 Palestinians and injuring others.",8,,1753956638
PSE62521,10/30/2024,2024,1,Political violence,Explosions/Remote violence,Air/drone strike,Military Forces of Israel (2022-),,8,Civilians (Palestine),,7,78,Civilian targeting,275,Middle East,Palestine,Gaza Strip,Gaza City,,Gaza - Sheikh Radwan,31.5349,34.4667,1,Palestine News and Information Agency; Quds News Network,National,"On 30 October 2024, Israeli warplanes struck a gathering in the market of Gaza - Sheikh Radwan (Gaza City, Gaza Strip), killing 5 persons and injuring 20 more, including children.",5,,1759790002
PSE62623,10/30/2024,2024,1,Political violence,Explosions/Remote violence,Air/drone strike,Military Forces of Israel (2022-),,8,Civilians (Palestine),,7,78,Civilian targeting,275,Middle East,Palestine,Gaza Strip,Khan Yunis,,Khan Yunis - Ash Sheikh Naser,31.3398,34.3116,1,Arab 48; Ma'an News Agency; Newpress; Palestine News and Information Agency; Quds News Network; Twitter,New media-National,"On 30 October 2024, Israeli warplanes struck a house in Khan Yunis - Ash Sheikh Naser (Khan Yunis, Gaza Strip), killing 4 Palestinians, including a girl and 2 women, and injuring others.",4,,1753956638
PSE62624,10/30/2024,2024,1,Political violence,Explosions/Remote violence,Air/drone strike,Military Forces of Israel (2022-),,8,Civilians (Palestine),Refugees/IDPs (Palestine),7,78,Civilian targeting,275,Middle East,Palestine,Gaza Strip,Khan Yunis,,Khan Yunis - Emirati,31.3624,34.2949,2,Palestine News and Information Agency,National,"On 30 October 2024, Israeli warplanes struck tents belonging to displaced people in Al Ahramat area northwest of Khan Yunis coded to Khan Yunis - Emirati (Khan Yunis, Gaza Strip), leaving injuries.",0,,1753956638
PSE62563,10/30/2024,2024,1,Political violence,Explosions/Remote violence,Air/drone strike,Military Forces of Israel (2022-),,8,Civilians (Palestine),,7,78,Civilian targeting,275,Middle East,Palestine,Gaza Strip,North Gaza,,Jabalya,31.5272,34.4835,1,Palestine News and Information Agency; Quds News Network,National,"On 30 October 2024, Israeli warplanes carried out strikes and artillery and tanks shelled targets and houses in Jabalya Al Nazalah in Jabalya town (North Gaza, Gaza Strip) causing injuries and destroyed buildings and houses.",0,,1759790002
PSE62668,10/30/2024,2024,1,Political violence,Explosions/Remote violence,Air/drone strike,Military Forces of Israel (2022-),,8,Civilians (Palestine),,7,78,Civilian targeting,275,Middle East,Palestine,Gaza Strip,Rafah,,Rafah,31.287,34.2595,1,Palestine News and Information Agency; Quds News Network,National,"On 30 October 2024, Israeli warplanes and helicopters struck houses in Rafah city (Rafah, Gaza Strip). Casualties unknown.",0,,1762829569
PSE62315,10/31/2024,2024,1,Political violence,Explosions/Remote violence,Air/drone strike,Military Forces of Israel (2022-),,8,Civilians (Palestine),Refugees/IDPs (Palestine),7,78,Civilian targeting,275,Middle East,Palestine,Gaza Strip,Deir El Balah,,Al Burayj,31.4394,34.4031,1,Quds News Network,National,"On 31 October 2024, Israeli warplanes struck the Al Burayj Camp (Deir El Balah, Gaza Strip), killing 2 Palestinians and injuring 10 more.",2,,1753956638
PSE62334,10/31/2024,2024,1,Political violence,Explosions/Remote violence,Air/drone strike,Military Forces of Israel (2022-),,8,Civilians (Palestine),,7,78,Civilian targeting,275,Middle East,Palestine,Gaza Strip,Deir El Balah,,Al Maghazi,31.4214,34.3865,2,Palestine News and Information Agency,National,"On 31 October 2024, Israeli UAVs struck a passing car west of Al Maghazi Camp (Deir El Balah, Gaza Strip), killing 4 persons and injuring others.",4,,1753956638
PSE62376,10/31/2024,2024,1,Political violence,Explosions/Remote violence,Air/drone strike,Military Forces of Israel (2022-),,8,Civilians (Palestine),Health Workers (Palestine); Journalists (Palestine),7,78,Civilian targeting,275,Middle East,Palestine,Gaza Strip,Deir El Balah,,An Nusayrat - North,31.4591,34.3923,1,Arab 48; Newpress; Palestine News and Information Agency; Quds News Network; Twitter; UNSC,Other-New media,"On 31 October 2024, Israeli warplanes struck a houses in An Nusayrat - North (Deir El Balah, Gaza Strip), killing 3 Palestinians. Also, 16 Palestinians were killed by artillery shells that targeted 2 houses in An Nusayrat - North. In total, 26 Palestinians, including 4 children and 4 women were confirmed killed in An Nusauyrat - North. One of the houses was struck when medical and rescue crews gathered, resulting in the injury of at least 30 people, including a medic and 2 journalists.",26,,1757377137
PSE62400,10/31/2024,2024,1,Political violence,Explosions/Remote violence,Shelling/artillery/missile attack,Military Forces of Israel (2022-),,8,Civilians (Palestine),,7,78,Civilian targeting,275,Middle East,Palestine,Gaza Strip,Deir El Balah,,Az Zawayda,31.4284,34.366,2,Ma'an News Agency; Palestine News and Information Agency; Quds News Network,National,"On 31 October 2024, Israeli artillery shelled west of the Az Zawayda (Deir El Balah, Gaza Strip), killing 2 persons.",2,,1767742780
PSE62441,10/31/2024,2024,1,Political violence,Explosions/Remote violence,Shelling/artillery/missile attack,Military Forces of Israel (2022-),,8,Civilians (Palestine),Health Workers (Palestine),7,78,Civilian targeting,275,Middle East,Palestine,Gaza Strip,North Gaza,,Beit Lahiya,31.5541,34.5016,1,Ma'an News Agency; Newpress; Palestine News and Information Agency; Quds News Network; Twitter,New media-National,"On 31 October 2024, Israeli tanks opened fire at the Indonesian hospital in Beit Lahiya (North Gaza, Gaza Strip). Casualties unknown. Also, 4 Palestinians were killed including 2 children and several of others were injured in an Israeli artillery shelling targeted the Kamal Odwan Hospital in Beit Lahiya. In addition, a number of Palestinians were killed and injured in artillery shelling at houses unspecified number of fatalities coded as 3]. Total fatalities coded at least 7 [4 confirmed, 3 unspecified] .",7,,1753956638
PSE62450,10/31/2024,2024,1,Political violence,Explosions/Remote violence,Air/drone strike,Military Forces of Israel (2022-),,8,Civilians (Palestine),,7,78,Civilian targeting,275,Middle East,Palestine,Gaza Strip,North Gaza,,Beit Lahiya - Al Mashroo,31.5433,34.4998,1,Palestine News and Information Agency; Quds News Network,National,"On 31 October 2024, Israeli warplanes struck a house and artillery shelled targets in the Beit Lahiya - Al Mashroo (North Gaza, Gaza Strip), causing fire to houses. Casualties unknown.",0,,1753956638
PSE62457,10/31/2024,2024,1,Political violence,Explosions/Remote violence,Air/drone strike,Military Forces of Israel (2022-),,8,Civilians (Palestine),,7,78,Civilian targeting,275,Middle East,Palestine,Gaza Strip,North Gaza,,Beit Lahiya - Ezbet Beit Hanoun,31.5472,34.5225,1,Palestine News and Information Agency,National,"On 31 October 2024, Israeli UAVs struck a gathering in Beit Lahiya - Ezbet Beit Hanoun (North Gaza, Gaza Strip), killing 2 persons.",2,,1753956638
PSE62470,10/31/2024,2024,1,Political violence,Explosions/Remote violence,Air/drone strike,Military Forces of Israel (2022-),,8,Civilians (Palestine),,7,78,Civilian targeting,275,Middle East,Palestine,Gaza Strip,Deir El Balah,,Deir al Balah,31.4178,34.3503,1,Palestine News and Information Agency; Quds News Network,National,"On 31 October 2024, Israeli warplanes struck a house in Al Hadaba area in Deir al Balah city (Deir El Balah, Gaza Strip), killing 2 persons and injuring others.",2,,1753956638
PSE62493,10/31/2024,2024,1,Political violence,Explosions/Remote violence,Air/drone strike,Military Forces of Israel (2022-),,8,Civilians (Palestine),,7,78,Civilian targeting,275,Middle East,Palestine,Gaza Strip,Gaza City,,Gaza - Ad Darraj,31.5172,34.4642,1,Palestine News and Information Agency,National,"On 31 October 2024, Israeli warplanes struck a gathering in Al Sahaba area of Gaza - Ad Darraj (Gaza City, Gaza Strip), killing 4 persons and injuring others.",4,,1759790002
PSE62499,10/31/2024,2024,1,Political violence,Explosions/Remote violence,Air/drone strike,Military Forces of Israel (2022-),,8,Civilians (Palestine),,7,78,Civilian targeting,275,Middle East,Palestine,Gaza Strip,Gaza City,,Gaza - Ash Shati' Camp,31.5349,34.4466,2,Palestine News and Information Agency; Quds News Network,National,"On 31 October 2024, Israeli warplanes struck a house in al-Shanti land northwest of Gaza City, coded to Gaza - Ash Shati' Camp (Gaza City, Gaza Strip), killing 4 persons and injuring 10 more.",4,,1759790002
PSE62500,10/31/2024,2024,1,Political violence,Explosions/Remote violence,Air/drone strike,Military Forces of Israel (2022-),,8,Civilians (Palestine),Journalists (Palestine); Refugees/IDPs (Palestine),7,78,Civilian targeting,275,Middle East,Palestine,Gaza Strip,Gaza City,,Gaza - Ash Shati' Camp,31.5349,34.4466,1,Guardian (United Kingdom); International Federation of Journalists; Quds News Network,Other-National,"On 31 October 2024, Israeli warplanes struck a target in Gaza - Ash Shati' Camp (Gaza City, Gaza Strip), killing 3 Palestinians, including a journalist, in Gaza - Ash Shati' Camp and west of Gaza City [3 fatalities split across 2 events, 2 coded to this location].",2,,1759790002
PSE62517,10/31/2024,2024,1,Political violence,Explosions/Remote violence,Air/drone strike,Military Forces of Israel (2022-),,8,Civilians (Palestine),,7,78,Civilian targeting,275,Middle East,Palestine,Gaza Strip,Gaza City,,Gaza - Sabra,31.5086,34.4493,1,Palestine News and Information Agency; Quds News Network,National,"On 31 October 2024, Israeli warplanes targeted a house near Abu Sharea area in Gaza - Sabra (Gaza City, Gaza Strip), leaving fatalities [unspecified fatalities coded as 3].",3,,1759790002
PSE62522,10/31/2024,2024,1,Political violence,Explosions/Remote violence,Air/drone strike,Military Forces of Israel (2022-),,8,Civilians (Palestine),,7,78,Civilian targeting,275,Middle East,Palestine,Gaza Strip,Gaza City,,Gaza - Sheikh Radwan,31.5349,34.4667,1,Quds News Network,National,"On 31 October 2024, Israeli warplanes struck a gathering near Bahloul junction in Gaza - Sheikh Radwan (Gaza City, Gaza Strip), killing 5 Palestinians and injuring others.",5,,1759790002
PSE62536,10/31/2024,2024,1,Political violence,Explosions/Remote violence,Air/drone strike,Military Forces of Israel (2022-),,8,Civilians (Palestine),,7,78,Civilian targeting,275,Middle East,Palestine,Gaza Strip,Gaza City,,Gaza - Southern Remal,31.5168,34.4355,2,Quds News Network,National,"On 31 October 2024, Israeli warplanes struck a target near Al Shefa tower west of Gaza City, coded to Gaza - Southern Remal (Gaza City, Gaza Strip), killing 3 Palestinians in Gaza - Ash Shati' Camp and west of Gaza City [3 fatalities split across 2 events, 1 coded to this location].",1,,1759790002
PSE62565,10/31/2024,2024,1,Political violence,Explosions/Remote violence,Air/drone strike,Military Forces of Israel (2022-),,8,Civilians (Palestine),,7,78,Civilian targeting,275,Middle East,Palestine,Gaza Strip,North Gaza,,Jabalya,31.5272,34.4835,1,Palestine News and Information Agency; Quds News Network,National,"On 31 October 2024, Israeli warplanes struck a gathering near Halima area in Jabalya Al Nazlah in Jabalya town (North Gaza, Gaza Strip), killing 2 persons and injuring others.",2,,1759790002
PSE62687,10/31/2024,2024,1,Political violence,Explosions/Remote violence,Shelling/artillery/missile attack,Military Forces of Israel (2022-),,8,Civilians (Palestine),,7,78,Civilian targeting,275,Middle East,Palestine,Gaza Strip,North Gaza,,Sheikh Zaid,31.5392,34.5117,1,Palestine News and Information Agency,National,"On 31 October 2024, Israeli artillery shelled on the outskirts of Sheikh Zaid (North Gaza, Gaza Strip), causing fire to houses. Casualties unknown.",0,,1759790002
