{
"type": "FeatureCollection",
"name": "april2024",
"crs": { "type": "name", "properties": { "name": "urn:ogc:def:crs:OGC:1.3:CRS84" } },
"features": [
{ "type": "Feature", "properties": { "event_id_cnty": "PSE49941", "event_date": "4/1/2024", "year": 2024, "time_precision": true, "disorder_type": "Political violence", "event_type": "Explosions/Remote violence", "sub_event_type": "Air/drone strike", "actor1": "Military Forces of Israel (2022-)", "assoc_actor_1": null, "inter1": 8, "actor2": "Civilians (Palestine)", "assoc_actor_2": null, "inter2": 7, "interaction": 78, "civilian_targeting": "Civilian targeting", "iso": 275, "region": "Middle East", "country": "Palestine", "admin1": "Gaza Strip", "admin2": "Khan Yunis", "admin3": null, "location": "Khan Yunis - Ash Sheikh Naser", "latitude": 31.3398, "longitude": 34.3116, "geo_precision": 1, "source": "Palestine News and Information Agency", "source_scale": "National", "notes": "On 1 April 2024, Israeli warplanes struck a group of Palestinians near the roundabout of Khan Yunis - Ash Sheikh Naser (Khan Yunis, Gaza Strip), leaving 4 fatalities.", "fatalities": 4, "tags": null, "timestamp": 1753955113 }, "geometry": { "type": "Point", "coordinates": [ 34.3116, 31.3398 ] } },
{ "type": "Feature", "properties": { "event_id_cnty": "PSE49930", "event_date": "4/1/2024", "year": 2024, "time_precision": true, "disorder_type": "Political violence", "event_type": "Explosions/Remote violence", "sub_event_type": "Air/drone strike", "actor1": "Military Forces of Israel (2022-)", "assoc_actor_1": null, "inter1": 8, "actor2": "Civilians (Palestine)", "assoc_actor_2": "Refugees/IDPs (Palestine)", "inter2": 7, "interaction": 78, "civilian_targeting": "Civilian targeting", "iso": 275, "region": "Middle East", "country": "Palestine", "admin1": "Gaza Strip", "admin2": "Deir El Balah", "admin3": null, "location": "An Nusayrat", "latitude": 31.4486, "longitude": 34.3925, "geo_precision": 1, "source": "Arab 48; Newpress; Palestine News and Information Agency; Quds News Network; Twitter", "source_scale": "New media-National", "notes": "On 1 April 2024, Israeli warplanes struck a passing car in An Nusayrat refugee camp (Deir El Balah, Gaza Strip), leaving 2 fatalities and a number of injuries.", "fatalities": 2, "tags": null, "timestamp": 1753955113 }, "geometry": { "type": "Point", "coordinates": [ 34.3925, 31.4486 ] } },
{ "type": "Feature", "properties": { "event_id_cnty": "PSE49935", "event_date": "4/1/2024", "year": 2024, "time_precision": true, "disorder_type": "Political violence", "event_type": "Explosions/Remote violence", "sub_event_type": "Air/drone strike", "actor1": "Military Forces of Israel (2022-)", "assoc_actor_1": null, "inter1": 8, "actor2": "Civilians (Palestine)", "assoc_actor_2": null, "inter2": 7, "interaction": 78, "civilian_targeting": "Civilian targeting", "iso": 275, "region": "Middle East", "country": "Palestine", "admin1": "Gaza Strip", "admin2": "Gaza City", "admin3": null, "location": "Gaza - Ad Darraj", "latitude": 31.5172, "longitude": 34.4642, "geo_precision": 1, "source": "Arab 48; Newpress; Palestinian Ministry of Health; Twitter", "source_scale": "Other-New media", "notes": "On 1 April 2024, Israeli warplanes struck a house in Gaza - Ad Darraj (Gaza City, Gaza Strip) leading to unspecified number of fatalities. [Palestinian Ministry of Health reported 333037 fatalities upto 1 April 2024. 44 fatalities not attributed to specific events split across 2 events on 1 April. 22 fatalities coded to this event.]", "fatalities": 22, "tags": null, "timestamp": 1759790002 }, "geometry": { "type": "Point", "coordinates": [ 34.4642, 31.5172 ] } },
{ "type": "Feature", "properties": { "event_id_cnty": "PSE49926", "event_date": "4/1/2024", "year": 2024, "time_precision": true, "disorder_type": "Political violence", "event_type": "Explosions/Remote violence", "sub_event_type": "Air/drone strike", "actor1": "Military Forces of Israel (2022-)", "assoc_actor_1": null, "inter1": 8, "actor2": "Civilians (Palestine)", "assoc_actor_2": null, "inter2": 7, "interaction": 78, "civilian_targeting": "Civilian targeting", "iso": 275, "region": "Middle East", "country": "Palestine", "admin1": "Gaza Strip", "admin2": "Gaza City", "admin3": null, "location": "Al Mughraqa", "latitude": 31.4675, "longitude": 34.4097, "geo_precision": 1, "source": "Palestinian Ministry of Health; Quds News Network; Twitter", "source_scale": "Other-New media", "notes": "On 1 April 2024, Israeli warplanes struck a house in Al Mughraqa (Gaza City, Gaza Strip) leading to unspecified number of fatalities. [Palestinian Ministry of Health reported 333037 fatalities upto 1 April 2024. 44 fatalities not attributed to specific events split across 2 events on 1 April. 22 fatalities coded to this event.]", "fatalities": 22, "tags": null, "timestamp": 1753955113 }, "geometry": { "type": "Point", "coordinates": [ 34.4097, 31.4675 ] } },
{ "type": "Feature", "properties": { "event_id_cnty": "PSE49953", "event_date": "4/1/2024", "year": 2024, "time_precision": true, "disorder_type": "Political violence", "event_type": "Explosions/Remote violence", "sub_event_type": "Air/drone strike", "actor1": "Military Forces of Israel (2022-)", "assoc_actor_1": null, "inter1": 8, "actor2": "Civilians (Palestine)", "assoc_actor_2": null, "inter2": 7, "interaction": 78, "civilian_targeting": "Civilian targeting", "iso": 275, "region": "Middle East", "country": "Palestine", "admin1": "Gaza Strip", "admin2": "Rafah", "admin3": null, "location": "Yibna", "latitude": 31.2842, "longitude": 34.2482, "geo_precision": 2, "source": "Palestine News and Information Agency; PLO Negotiations Affairs Department", "source_scale": "Other-National", "notes": "On 1 April 2024, Israeli warplanes struck targets east of Rafah, coded to Yibna (Rafah, Gaza Strip) killing 5 persons. Meanwhile, artillery and tanks shelled targets east of the city. Fatalities were coded as at least 5.", "fatalities": 5, "tags": null, "timestamp": 1753955113 }, "geometry": { "type": "Point", "coordinates": [ 34.2482, 31.2842 ] } },
{ "type": "Feature", "properties": { "event_id_cnty": "PSE49932", "event_date": "4/1/2024", "year": 2024, "time_precision": true, "disorder_type": "Political violence", "event_type": "Explosions/Remote violence", "sub_event_type": "Air/drone strike", "actor1": "Military Forces of Israel (2022-)", "assoc_actor_1": null, "inter1": 8, "actor2": "Civilians (Palestine)", "assoc_actor_2": "Refugees/IDPs (Palestine)", "inter2": 7, "interaction": 78, "civilian_targeting": "Civilian targeting", "iso": 275, "region": "Middle East", "country": "Palestine", "admin1": "Gaza Strip", "admin2": "Rafah", "admin3": null, "location": "Brazil Camp", "latitude": 31.2718, "longitude": 34.2532, "geo_precision": 1, "source": "Newpress; Quds News Network; Twitter", "source_scale": "New media-National", "notes": "On 1 April 2024, Israeli warplanes struck targets in Brazil Camp refugee camp (Rafah, Gaza Strip), leaving 6 fatalities.", "fatalities": 6, "tags": null, "timestamp": 1753955113 }, "geometry": { "type": "Point", "coordinates": [ 34.2532, 31.2718 ] } },
{ "type": "Feature", "properties": { "event_id_cnty": "PSE49921", "event_date": "4/1/2024", "year": 2024, "time_precision": true, "disorder_type": "Political violence", "event_type": "Explosions/Remote violence", "sub_event_type": "Air/drone strike", "actor1": "Military Forces of Israel (2022-)", "assoc_actor_1": null, "inter1": 8, "actor2": "Civilians (International)", "assoc_actor_2": "Aid Workers (International)", "inter2": 7, "interaction": 78, "civilian_targeting": "Civilian targeting", "iso": 275, "region": "Middle East", "country": "Palestine", "admin1": "Gaza Strip", "admin2": "Deir El Balah", "admin3": null, "location": "Al Brawk", "latitude": 31.4204, "longitude": 34.339, "geo_precision": 2, "source": "Dunia Al Watan; Ma'an News Agency; Newpress; Palestine News and Information Agency; Times of Israel; Twitter", "source_scale": "New media-National", "notes": "On 1 April 2024, Israeli warplanes struck a convoy consisting of 3 vehicles carrying international aid workers from the World Central Kitchen while driving on the coastal road west of Deir al Balah, coded to Al Brawk (Deir El Balah, Gaza Strip). As a result, 7 international aid workers were killed. The victims had Australia, Poland, United Kingdom, Palestine and dual Canada-U.S. citizenships. IDF admitted the incident took place my mistake and promised a thorough investigation. This event involved violence over aid.", "fatalities": 7, "tags": null, "timestamp": 1767742780 }, "geometry": { "type": "Point", "coordinates": [ 34.339, 31.4204 ] } },
{ "type": "Feature", "properties": { "event_id_cnty": "PSE49970", "event_date": "4/2/2024", "year": 2024, "time_precision": true, "disorder_type": "Political violence", "event_type": "Explosions/Remote violence", "sub_event_type": "Air/drone strike", "actor1": "Military Forces of Israel (2022-)", "assoc_actor_1": null, "inter1": 8, "actor2": "Civilians (Palestine)", "assoc_actor_2": null, "inter2": 7, "interaction": 78, "civilian_targeting": "Civilian targeting", "iso": 275, "region": "Middle East", "country": "Palestine", "admin1": "Gaza Strip", "admin2": "Khan Yunis", "admin3": null, "location": "Khan Yunis - City Centre", "latitude": 31.3419, "longitude": 34.3015, "geo_precision": 1, "source": "Palestine News and Information Agency", "source_scale": "National", "notes": "On 2 April 2024, Israeli warplanes struck houses in Khan Yunis - City Centre (Khan Yunis, Gaza Strip), leaving fatalities and injuries. Unspecified number of fatalities coded as 10. Also, 3 Palestinians were killed in an airstrike that targeted the Paltel headquarters in the city centre. Total fatalities coded as 13.", "fatalities": 13, "tags": null, "timestamp": 1753955113 }, "geometry": { "type": "Point", "coordinates": [ 34.3015, 31.3419 ] } },
{ "type": "Feature", "properties": { "event_id_cnty": "PSE49977", "event_date": "4/2/2024", "year": 2024, "time_precision": true, "disorder_type": "Political violence", "event_type": "Explosions/Remote violence", "sub_event_type": "Air/drone strike", "actor1": "Military Forces of Israel (2022-)", "assoc_actor_1": null, "inter1": 8, "actor2": "Civilians (Palestine)", "assoc_actor_2": null, "inter2": 7, "interaction": 78, "civilian_targeting": "Civilian targeting", "iso": 275, "region": "Middle East", "country": "Palestine", "admin1": "Gaza Strip", "admin2": "Deir El Balah", "admin3": null, "location": "An Nusayrat - West", "latitude": 31.4525, "longitude": 34.3756, "geo_precision": 1, "source": "Arab 48; Ma'an News Agency; Newpress; Palestine News and Information Agency; Quds News Network; Twitter", "source_scale": "New media-National", "notes": "On 2 April 2024, Israeli warplanes struck a house west of An Nusayrat camp (An Nusayrat - West, Deir El Balah, Gaza Strip), leaving 6 fatalities, including 2 women and a child.", "fatalities": 6, "tags": null, "timestamp": 1753955113 }, "geometry": { "type": "Point", "coordinates": [ 34.3756, 31.4525 ] } },
{ "type": "Feature", "properties": { "event_id_cnty": "PSE50017", "event_date": "4/2/2024", "year": 2024, "time_precision": true, "disorder_type": "Political violence", "event_type": "Explosions/Remote violence", "sub_event_type": "Shelling/artillery/missile attack", "actor1": "Military Forces of Israel (2022-)", "assoc_actor_1": null, "inter1": 8, "actor2": "Civilians (Palestine)", "assoc_actor_2": null, "inter2": 7, "interaction": 78, "civilian_targeting": "Civilian targeting", "iso": 275, "region": "Middle East", "country": "Palestine", "admin1": "Gaza Strip", "admin2": "Deir El Balah", "admin3": null, "location": "Deir al Balah Camp", "latitude": 31.4249, "longitude": 34.34, "geo_precision": 2, "source": "Arab 48; PLO Negotiations Affairs Department; Quds News Network; Twitter", "source_scale": "Other-New media", "notes": "On 2 April 2024, Israeli artillery and tanks shelled targets east of Deir El Balah including Abu Al Ajin area, coded to Deir al Balah Camp (Deir al Balah, Gaza Strip), killing 2 Palestinians and injuring others.", "fatalities": 2, "tags": null, "timestamp": 1765850627 }, "geometry": { "type": "Point", "coordinates": [ 34.34, 31.4249 ] } },
{ "type": "Feature", "properties": { "event_id_cnty": "PSE49969", "event_date": "4/2/2024", "year": 2024, "time_precision": true, "disorder_type": "Political violence", "event_type": "Explosions/Remote violence", "sub_event_type": "Air/drone strike", "actor1": "Military Forces of Israel (2022-)", "assoc_actor_1": null, "inter1": 8, "actor2": "Civilians (Palestine)", "assoc_actor_2": null, "inter2": 7, "interaction": 78, "civilian_targeting": "Civilian targeting", "iso": 275, "region": "Middle East", "country": "Palestine", "admin1": "Gaza Strip", "admin2": "Rafah", "admin3": null, "location": "Tal as Sultan", "latitude": 31.3098, "longitude": 34.2414, "geo_precision": 2, "source": "Ma'an News Agency; Newpress; Palestine News and Information Agency; Quds News Network; Twitter", "source_scale": "New media-National", "notes": "On 2 April 2024, Israeli warplanes struck a house west of Rafah city, coded to Tal as Sultan (Rafah, Gaza Strip), leaving 10 fatalities (including children) and several injuries.", "fatalities": 10, "tags": null, "timestamp": 1762829569 }, "geometry": { "type": "Point", "coordinates": [ 34.2414, 31.3098 ] } },
{ "type": "Feature", "properties": { "event_id_cnty": "PSE49967", "event_date": "4/2/2024", "year": 2024, "time_precision": true, "disorder_type": "Political violence", "event_type": "Explosions/Remote violence", "sub_event_type": "Air/drone strike", "actor1": "Military Forces of Israel (2022-)", "assoc_actor_1": null, "inter1": 8, "actor2": "Civilians (Palestine)", "assoc_actor_2": null, "inter2": 7, "interaction": 78, "civilian_targeting": "Civilian targeting", "iso": 275, "region": "Middle East", "country": "Palestine", "admin1": "Gaza Strip", "admin2": "Khan Yunis", "admin3": null, "location": "Bani Suheila", "latitude": 31.3424, "longitude": 34.325, "geo_precision": 2, "source": "Palestine News and Information Agency; Palestinian Ministry of Health; PLO Negotiations Affairs Department", "source_scale": "Other-National", "notes": "On 2 April 2024, Israeli warplanes struck houses east of Khan Yunis, coded to Bani Suheila (Khan Yunis, Gaza Strip), leaving fatalities and injuries. Meanwhile, artillery and tanks shelled targets east of the city. Casualties unknown. [Palestinian Ministry of Health reported 32975 fatalities upto 2 April 2024. 13 fatalities not attributed to specific events split across 2 events on 2 April. 7 fatalities coded to this event.]", "fatalities": 7, "tags": null, "timestamp": 1753955113 }, "geometry": { "type": "Point", "coordinates": [ 34.325, 31.3424 ] } },
{ "type": "Feature", "properties": { "event_id_cnty": "PSE49971", "event_date": "4/2/2024", "year": 2024, "time_precision": true, "disorder_type": "Political violence", "event_type": "Explosions/Remote violence", "sub_event_type": "Air/drone strike", "actor1": "Military Forces of Israel (2022-)", "assoc_actor_1": null, "inter1": 8, "actor2": "Civilians (Palestine)", "assoc_actor_2": "Muslim Group (Palestine)", "inter2": 7, "interaction": 78, "civilian_targeting": "Civilian targeting", "iso": 275, "region": "Middle East", "country": "Palestine", "admin1": "Gaza Strip", "admin2": "Deir El Balah", "admin3": null, "location": "Deir al Balah", "latitude": 31.4178, "longitude": 34.3503, "geo_precision": 1, "source": "Palestine News and Information Agency; Palestinian Ministry of Health; Quds News Network; Twitter", "source_scale": "Other-New media", "notes": "On 2 April 2024, Israeli warplanes struck the Al Bashir mosque in Deir al Balah city (Deir El Balah, Gaza Strip), leaving fatalities and injuries. [Palestinian Ministry of Health reported 32975 fatalities upto 2 April 2024. 13 fatalities not attributed to specific events split across 2 events on 2 April. 6 fatalities coded to this event.]", "fatalities": 6, "tags": null, "timestamp": 1753955113 }, "geometry": { "type": "Point", "coordinates": [ 34.3503, 31.4178 ] } },
{ "type": "Feature", "properties": { "event_id_cnty": "PSE50024", "event_date": "4/2/2024", "year": 2024, "time_precision": true, "disorder_type": "Political violence", "event_type": "Explosions/Remote violence", "sub_event_type": "Shelling/artillery/missile attack", "actor1": "Military Forces of Israel (2022-)", "assoc_actor_1": null, "inter1": 8, "actor2": "Civilians (Palestine)", "assoc_actor_2": null, "inter2": 7, "interaction": 78, "civilian_targeting": "Civilian targeting", "iso": 275, "region": "Middle East", "country": "Palestine", "admin1": "Gaza Strip", "admin2": "Gaza City", "admin3": null, "location": "Gaza - Ash Shaykh Ijlin", "latitude": 31.5098, "longitude": 34.4274, "geo_precision": 1, "source": "Ma'an News Agency; Palestine News and Information Agency; Quds News Network; Twitter", "source_scale": "New media-National", "notes": "On 2 April 2024, Israeli artillery struck targets and opened fire toward Palestinian houses in Gaza - Ash Shaykh Ijlin (Gaza City, Gaza Strip). Casualties unknown.", "fatalities": 0, "tags": null, "timestamp": 1753955113 }, "geometry": { "type": "Point", "coordinates": [ 34.4274, 31.5098 ] } },
{ "type": "Feature", "properties": { "event_id_cnty": "PSE49974", "event_date": "4/2/2024", "year": 2024, "time_precision": true, "disorder_type": "Political violence", "event_type": "Explosions/Remote violence", "sub_event_type": "Air/drone strike", "actor1": "Military Forces of Israel (2022-)", "assoc_actor_1": null, "inter1": 8, "actor2": "Civilians (Palestine)", "assoc_actor_2": null, "inter2": 7, "interaction": 78, "civilian_targeting": "Civilian targeting", "iso": 275, "region": "Middle East", "country": "Palestine", "admin1": "Gaza Strip", "admin2": "Gaza City", "admin3": null, "location": "Gaza - Az Zaytun", "latitude": 31.4964, "longitude": 34.4522, "geo_precision": 1, "source": "Palestine News and Information Agency; Quds News Network; Twitter", "source_scale": "New media-National", "notes": "On 2 April 2024, Israeli warplanes struck 2 houses in Gaza - Az Zaytun (Gaza City, Gaza Strip), leaving 3 fatalities and 6 injuries.", "fatalities": 3, "tags": null, "timestamp": 1759790002 }, "geometry": { "type": "Point", "coordinates": [ 34.4522, 31.4964 ] } },
{ "type": "Feature", "properties": { "event_id_cnty": "PSE50027", "event_date": "4/3/2024", "year": 2024, "time_precision": true, "disorder_type": "Political violence", "event_type": "Explosions/Remote violence", "sub_event_type": "Air/drone strike", "actor1": "Military Forces of Israel (2022-)", "assoc_actor_1": null, "inter1": 8, "actor2": "Civilians (Palestine)", "assoc_actor_2": null, "inter2": 7, "interaction": 78, "civilian_targeting": "Civilian targeting", "iso": 275, "region": "Middle East", "country": "Palestine", "admin1": "Gaza Strip", "admin2": "Khan Yunis", "admin3": null, "location": "Khan Yunis - West (Municipal Stadium)", "latitude": 31.3484, "longitude": 34.2961, "geo_precision": 2, "source": "Arab 48; Palestine News and Information Agency; Quds News Network; Twitter", "source_scale": "New media-National", "notes": "On 3 April 2024, Israeli warplanes struck a group of Palestinians west of Khan Yunis (coded to Khan Yunis - West (Municipal Stadium), Gaza Strip), leaving one fatality and several injuries. Meanwhile, tanks and artillery struck targets and opened fire west of the city. Total fatalities coded at least 1.", "fatalities": 1, "tags": null, "timestamp": 1753955113 }, "geometry": { "type": "Point", "coordinates": [ 34.2961, 31.3484 ] } },
{ "type": "Feature", "properties": { "event_id_cnty": "PSE50047", "event_date": "4/3/2024", "year": 2024, "time_precision": true, "disorder_type": "Political violence", "event_type": "Explosions/Remote violence", "sub_event_type": "Shelling/artillery/missile attack", "actor1": "Military Forces of Israel (2022-)", "assoc_actor_1": null, "inter1": 8, "actor2": "Civilians (Palestine)", "assoc_actor_2": "Refugees/IDPs (Palestine)", "inter2": 7, "interaction": 78, "civilian_targeting": "Civilian targeting", "iso": 275, "region": "Middle East", "country": "Palestine", "admin1": "Gaza Strip", "admin2": "Khan Yunis", "admin3": null, "location": "Al Mawasi (Khan Yunis)", "latitude": 31.3482, "longitude": 34.2547, "geo_precision": 1, "source": "Palestine News and Information Agency; Quds News Network; Twitter", "source_scale": "New media-National", "notes": "On 3 April 2024, Israeli gunboats opened fire toward Palestinian houses and displaced people tents in Al Mawasi (Khan Yunis), Gaza Strip. As a result, 4 people were injured including a child.", "fatalities": 0, "tags": null, "timestamp": 1762829569 }, "geometry": { "type": "Point", "coordinates": [ 34.2547, 31.3482 ] } },
{ "type": "Feature", "properties": { "event_id_cnty": "PSE50052", "event_date": "4/3/2024", "year": 2024, "time_precision": true, "disorder_type": "Political violence", "event_type": "Explosions/Remote violence", "sub_event_type": "Shelling/artillery/missile attack", "actor1": "Military Forces of Israel (2022-)", "assoc_actor_1": null, "inter1": 8, "actor2": "Civilians (Palestine)", "assoc_actor_2": "Refugees/IDPs (Palestine)", "inter2": 7, "interaction": 78, "civilian_targeting": "Civilian targeting", "iso": 275, "region": "Middle East", "country": "Palestine", "admin1": "Gaza Strip", "admin2": "Khan Yunis", "admin3": null, "location": "Al Qararah", "latitude": 31.3739, "longitude": 34.3409, "geo_precision": 1, "source": "Arab 48; Palestine News and Information Agency", "source_scale": "National", "notes": "On 3 April 2024, Israeli forces opened fire and injured displaced people in Mawasi of Al Qararah (Khan Yunis, Gaza Strip).", "fatalities": 0, "tags": null, "timestamp": 1753955113 }, "geometry": { "type": "Point", "coordinates": [ 34.3409, 31.3739 ] } },
{ "type": "Feature", "properties": { "event_id_cnty": "PSE50031", "event_date": "4/3/2024", "year": 2024, "time_precision": true, "disorder_type": "Political violence", "event_type": "Explosions/Remote violence", "sub_event_type": "Air/drone strike", "actor1": "Military Forces of Israel (2022-)", "assoc_actor_1": null, "inter1": 8, "actor2": "Civilians (Palestine)", "assoc_actor_2": null, "inter2": 7, "interaction": 78, "civilian_targeting": "Civilian targeting", "iso": 275, "region": "Middle East", "country": "Palestine", "admin1": "Gaza Strip", "admin2": "Deir El Balah", "admin3": null, "location": "Deir al Balah", "latitude": 31.4178, "longitude": 34.3503, "geo_precision": 1, "source": "Palestine News and Information Agency; Quds News Network; Twitter", "source_scale": "New media-National", "notes": "On 3 April 2024, Israeli warplanes struck targets and houses in Deir al Balah city (Deir El Balah, Gaza Strip), leaving one fatality and several injuries.", "fatalities": 1, "tags": null, "timestamp": 1753955113 }, "geometry": { "type": "Point", "coordinates": [ 34.3503, 31.4178 ] } },
{ "type": "Feature", "properties": { "event_id_cnty": "PSE50032", "event_date": "4/3/2024", "year": 2024, "time_precision": true, "disorder_type": "Political violence", "event_type": "Explosions/Remote violence", "sub_event_type": "Air/drone strike", "actor1": "Military Forces of Israel (2022-)", "assoc_actor_1": null, "inter1": 8, "actor2": "Civilians (Palestine)", "assoc_actor_2": null, "inter2": 7, "interaction": 78, "civilian_targeting": "Civilian targeting", "iso": 275, "region": "Middle East", "country": "Palestine", "admin1": "Gaza Strip", "admin2": "Deir El Balah", "admin3": null, "location": "Az Zawayda", "latitude": 31.4284, "longitude": 34.366, "geo_precision": 1, "source": "Palestine News and Information Agency; Quds News Network; Twitter", "source_scale": "New media-National", "notes": "On 3 April 2024, Israeli warplanes struck land and a house in Az Zawayda (Deir El Balah, Gaza Strip), leaving several injuries.", "fatalities": 0, "tags": null, "timestamp": 1767742780 }, "geometry": { "type": "Point", "coordinates": [ 34.366, 31.4284 ] } },
{ "type": "Feature", "properties": { "event_id_cnty": "PSE50034", "event_date": "4/3/2024", "year": 2024, "time_precision": true, "disorder_type": "Political violence", "event_type": "Explosions/Remote violence", "sub_event_type": "Air/drone strike", "actor1": "Military Forces of Israel (2022-)", "assoc_actor_1": null, "inter1": 8, "actor2": "Civilians (Palestine)", "assoc_actor_2": "Refugees/IDPs (Palestine)", "inter2": 7, "interaction": 78, "civilian_targeting": "Civilian targeting", "iso": 275, "region": "Middle East", "country": "Palestine", "admin1": "Gaza Strip", "admin2": "Deir El Balah", "admin3": null, "location": "Al Maghazi", "latitude": 31.4214, "longitude": 34.3865, "geo_precision": 1, "source": "Liveuamap; Palestine News and Information Agency; Quds News Network; Twitter", "source_scale": "Local partner-New media", "notes": "On 3 April 2024, Israeli warplanes struck a house in Al Maghazi refugee camp (Deir El Balah, Gaza Strip), leaving at least 2 fatalities and 15 injuries.", "fatalities": 2, "tags": null, "timestamp": 1753955113 }, "geometry": { "type": "Point", "coordinates": [ 34.3865, 31.4214 ] } },
{ "type": "Feature", "properties": { "event_id_cnty": "PSE50037", "event_date": "4/3/2024", "year": 2024, "time_precision": true, "disorder_type": "Political violence", "event_type": "Explosions/Remote violence", "sub_event_type": "Air/drone strike", "actor1": "Military Forces of Israel (2022-)", "assoc_actor_1": null, "inter1": 8, "actor2": "Civilians (Palestine)", "assoc_actor_2": null, "inter2": 7, "interaction": 78, "civilian_targeting": "Civilian targeting", "iso": 275, "region": "Middle East", "country": "Palestine", "admin1": "Gaza Strip", "admin2": "Deir El Balah", "admin3": null, "location": "Wadi as Salqa", "latitude": 31.4005, "longitude": 34.3375, "geo_precision": 2, "source": "Palestine News and Information Agency", "source_scale": "National", "notes": "On 3 April 2024, Israeli warplanes struck the Al Baraka area south of Deir al Balah, coded to Wadi as Salqa (Deir El Balah, Gaza Strip), leaving at least 2 fatalities and several injuries.", "fatalities": 2, "tags": null, "timestamp": 1753955113 }, "geometry": { "type": "Point", "coordinates": [ 34.3375, 31.4005 ] } },
{ "type": "Feature", "properties": { "event_id_cnty": "PSE50039", "event_date": "4/3/2024", "year": 2024, "time_precision": true, "disorder_type": "Political violence", "event_type": "Explosions/Remote violence", "sub_event_type": "Shelling/artillery/missile attack", "actor1": "Military Forces of Israel (2022-)", "assoc_actor_1": null, "inter1": 8, "actor2": "Civilians (Palestine)", "assoc_actor_2": null, "inter2": 7, "interaction": 78, "civilian_targeting": "Civilian targeting", "iso": 275, "region": "Middle East", "country": "Palestine", "admin1": "Gaza Strip", "admin2": "Deir El Balah", "admin3": null, "location": "Deir al Balah Camp", "latitude": 31.4249, "longitude": 34.34, "geo_precision": 2, "source": "Arab 48; Newpress; Palestine News and Information Agency; PLO Negotiations Affairs Department; Quds News Network; Twitter", "source_scale": "Other-New media", "notes": "On 3 April 2024, Israeli artillery and tanks shelled targets east of Deir El Balah, coded to Deir al Balah Camp (Deir al Balah, Gaza Strip). Also, 3 Palestinians were killed southeast of Deir El Balah (coded to Deir al Balah Camp) in artillery fire that targeted houses.", "fatalities": 3, "tags": null, "timestamp": 1765850627 }, "geometry": { "type": "Point", "coordinates": [ 34.34, 31.4249 ] } },
{ "type": "Feature", "properties": { "event_id_cnty": "PSE50051", "event_date": "4/3/2024", "year": 2024, "time_precision": true, "disorder_type": "Political violence", "event_type": "Explosions/Remote violence", "sub_event_type": "Shelling/artillery/missile attack", "actor1": "Military Forces of Israel (2022-)", "assoc_actor_1": null, "inter1": 8, "actor2": "Civilians (Palestine)", "assoc_actor_2": null, "inter2": 7, "interaction": 78, "civilian_targeting": "Civilian targeting", "iso": 275, "region": "Middle East", "country": "Palestine", "admin1": "Gaza Strip", "admin2": "Deir El Balah", "admin3": null, "location": "Al Burayj", "latitude": 31.4394, "longitude": 34.4031, "geo_precision": 2, "source": "Palestine News and Information Agency", "source_scale": "National", "notes": "On 3 April 2024, Israeli artillery struck east of Al Burayj camp (Deir El Balah, Gaza Strip), leaving one fatality and one injury in critical condition.", "fatalities": 1, "tags": null, "timestamp": 1753955113 }, "geometry": { "type": "Point", "coordinates": [ 34.4031, 31.4394 ] } },
{ "type": "Feature", "properties": { "event_id_cnty": "PSE50056", "event_date": "4/3/2024", "year": 2024, "time_precision": true, "disorder_type": "Political violence", "event_type": "Explosions/Remote violence", "sub_event_type": "Air/drone strike", "actor1": "Military Forces of Israel (2022-)", "assoc_actor_1": null, "inter1": 8, "actor2": "Civilians (Palestine)", "assoc_actor_2": null, "inter2": 7, "interaction": 78, "civilian_targeting": "Civilian targeting", "iso": 275, "region": "Middle East", "country": "Palestine", "admin1": "Gaza Strip", "admin2": "Deir El Balah", "admin3": null, "location": "Al Maghazi", "latitude": 31.4214, "longitude": 34.3865, "geo_precision": 2, "source": "Quds News Network; Twitter", "source_scale": "New media-National", "notes": "On 3 April 2024, Israeli warplanes struck a house west of Al Maghazi camp (Deir El Balah, Gaza Strip) leaving at least 2 fatalities and several injuries.", "fatalities": 2, "tags": null, "timestamp": 1753955113 }, "geometry": { "type": "Point", "coordinates": [ 34.3865, 31.4214 ] } },
{ "type": "Feature", "properties": { "event_id_cnty": "PSE50046", "event_date": "4/3/2024", "year": 2024, "time_precision": true, "disorder_type": "Political violence", "event_type": "Explosions/Remote violence", "sub_event_type": "Shelling/artillery/missile attack", "actor1": "Military Forces of Israel (2022-)", "assoc_actor_1": null, "inter1": 8, "actor2": "Civilians (Palestine)", "assoc_actor_2": "Refugees/IDPs (Palestine)", "inter2": 7, "interaction": 78, "civilian_targeting": "Civilian targeting", "iso": 275, "region": "Middle East", "country": "Palestine", "admin1": "Gaza Strip", "admin2": "Rafah", "admin3": null, "location": "Al Mawasi (Rafah)", "latitude": 31.3294, "longitude": 34.2299, "geo_precision": 1, "source": "Palestine News and Information Agency", "source_scale": "National", "notes": "On 3 April 2024, Israeli gunboats opened fire toward Palestinian houses and displaced peoples' tents in Al Mawasi (Rafah), Gaza Strip. Casualties unknown.", "fatalities": 0, "tags": null, "timestamp": 1762829569 }, "geometry": { "type": "Point", "coordinates": [ 34.2299, 31.3294 ] } },
{ "type": "Feature", "properties": { "event_id_cnty": "PSE50021", "event_date": "4/3/2024", "year": 2024, "time_precision": true, "disorder_type": "Political violence", "event_type": "Explosions/Remote violence", "sub_event_type": "Shelling/artillery/missile attack", "actor1": "Military Forces of Israel (2022-)", "assoc_actor_1": null, "inter1": 8, "actor2": "Civilians (Palestine)", "assoc_actor_2": null, "inter2": 7, "interaction": 78, "civilian_targeting": "Civilian targeting", "iso": 275, "region": "Middle East", "country": "Palestine", "admin1": "Gaza Strip", "admin2": "Khan Yunis", "admin3": null, "location": "Khan Yunis", "latitude": 31.3502, "longitude": 34.3081, "geo_precision": 1, "source": "Palestine News and Information Agency", "source_scale": "National", "notes": "On 3 April 2024, Israeli artillery shelled targets and houses in Khan Yunis city (Khan Yunis, Gaza Strip), leaving 5 fatalities and 10 injuries.", "fatalities": 5, "tags": null, "timestamp": 1753955113 }, "geometry": { "type": "Point", "coordinates": [ 34.3081, 31.3502 ] } },
{ "type": "Feature", "properties": { "event_id_cnty": "PSE50035", "event_date": "4/3/2024", "year": 2024, "time_precision": true, "disorder_type": "Political violence", "event_type": "Explosions/Remote violence", "sub_event_type": "Air/drone strike", "actor1": "Military Forces of Israel (2022-)", "assoc_actor_1": null, "inter1": 8, "actor2": "Civilians (Palestine)", "assoc_actor_2": null, "inter2": 7, "interaction": 78, "civilian_targeting": "Civilian targeting", "iso": 275, "region": "Middle East", "country": "Palestine", "admin1": "Gaza Strip", "admin2": "Rafah", "admin3": null, "location": "Tal as Sultan", "latitude": 31.3098, "longitude": 34.2414, "geo_precision": 1, "source": "Newpress; Palestine News and Information Agency; Palestinian Ministry of Health; Quds News Network; Twitter", "source_scale": "Other-New media", "notes": "On 3 April 2024, Israeli warplanes struck a house in Tal as Sultan (Rafah, Gaza Strip), leaving fatalities and injuries. [Palestinian Ministry of Health reported 33037 fatalities upto 3 April. 37 fatalities not attributed to specific events added to 1 event on 3 April. 37 fatalities coded to this event.]", "fatalities": 37, "tags": null, "timestamp": 1762829569 }, "geometry": { "type": "Point", "coordinates": [ 34.2414, 31.3098 ] } },
{ "type": "Feature", "properties": { "event_id_cnty": "PSE50041", "event_date": "4/3/2024", "year": 2024, "time_precision": true, "disorder_type": "Political violence", "event_type": "Explosions/Remote violence", "sub_event_type": "Shelling/artillery/missile attack", "actor1": "Military Forces of Israel (2022-)", "assoc_actor_1": null, "inter1": 8, "actor2": "Civilians (Palestine)", "assoc_actor_2": null, "inter2": 7, "interaction": 78, "civilian_targeting": "Civilian targeting", "iso": 275, "region": "Middle East", "country": "Palestine", "admin1": "Gaza Strip", "admin2": "Gaza City", "admin3": null, "location": "Gaza - Ash Shaykh Ijlin", "latitude": 31.5098, "longitude": 34.4274, "geo_precision": 1, "source": "Palestine News and Information Agency", "source_scale": "National", "notes": "On 3 April 2024, Israeli artillery shelled targets in Gaza - Ash Shaykh Ijlin (Gaza City, Gaza Strip), leaving injuries.", "fatalities": 0, "tags": null, "timestamp": 1753955113 }, "geometry": { "type": "Point", "coordinates": [ 34.4274, 31.5098 ] } },
{ "type": "Feature", "properties": { "event_id_cnty": "PSE50020", "event_date": "4/3/2024", "year": 2024, "time_precision": true, "disorder_type": "Political violence", "event_type": "Explosions/Remote violence", "sub_event_type": "Air/drone strike", "actor1": "Military Forces of Israel (2022-)", "assoc_actor_1": null, "inter1": 8, "actor2": "Civilians (Palestine)", "assoc_actor_2": null, "inter2": 7, "interaction": 78, "civilian_targeting": "Civilian targeting", "iso": 275, "region": "Middle East", "country": "Palestine", "admin1": "Gaza Strip", "admin2": "Rafah", "admin3": null, "location": "Yibna", "latitude": 31.2842, "longitude": 34.2482, "geo_precision": 2, "source": "Arab 48; Palestine News and Information Agency; PLO Negotiations Affairs Department; Quds News Network", "source_scale": "Other-National", "notes": "On 3 April 2024, Israeli warplanes struck a house northeast of Rafah, coded to Yibna (Rafah, Gaza Strip), leaving at least one fatality and several injuries. Meanwhile, artillery and tanks shelled targets east of Rafah. Fatalities coded at least 1.", "fatalities": 1, "tags": null, "timestamp": 1753955113 }, "geometry": { "type": "Point", "coordinates": [ 34.2482, 31.2842 ] } },
{ "type": "Feature", "properties": { "event_id_cnty": "PSE50044", "event_date": "4/3/2024", "year": 2024, "time_precision": true, "disorder_type": "Political violence", "event_type": "Explosions/Remote violence", "sub_event_type": "Air/drone strike", "actor1": "Military Forces of Israel (2022-)", "assoc_actor_1": null, "inter1": 8, "actor2": "Civilians (Palestine)", "assoc_actor_2": null, "inter2": 7, "interaction": 78, "civilian_targeting": "Civilian targeting", "iso": 275, "region": "Middle East", "country": "Palestine", "admin1": "Gaza Strip", "admin2": "Gaza City", "admin3": null, "location": "Al Mughraqa", "latitude": 31.4675, "longitude": 34.4097, "geo_precision": 1, "source": "Arab 48; Quds News Network; Twitter", "source_scale": "New media-National", "notes": "On 3 April 2024, Israeli warplanes and UAVs struck targets in Al Mughraqa (Gaza City, Gaza Strip), leaving 2 fatalities. Meanwhile, tanks and artillery shelled the same area. Fatalities coded at least 2.", "fatalities": 2, "tags": null, "timestamp": 1753955113 }, "geometry": { "type": "Point", "coordinates": [ 34.4097, 31.4675 ] } },
{ "type": "Feature", "properties": { "event_id_cnty": "PSE50042", "event_date": "4/3/2024", "year": 2024, "time_precision": true, "disorder_type": "Political violence", "event_type": "Explosions/Remote violence", "sub_event_type": "Shelling/artillery/missile attack", "actor1": "Military Forces of Israel (2022-)", "assoc_actor_1": null, "inter1": 8, "actor2": "Civilians (Palestine)", "assoc_actor_2": null, "inter2": 7, "interaction": 78, "civilian_targeting": "Civilian targeting", "iso": 275, "region": "Middle East", "country": "Palestine", "admin1": "Gaza Strip", "admin2": "Gaza City", "admin3": null, "location": "Gaza - Tal el Hawa", "latitude": 31.5041, "longitude": 34.435, "geo_precision": 1, "source": "Palestine News and Information Agency", "source_scale": "National", "notes": "On 3 April 2024, Israeli artillery shelled targets in Gaza - Tal el Hawa (Gaza City, Gaza Strip), leaving injuries.", "fatalities": 0, "tags": null, "timestamp": 1759790002 }, "geometry": { "type": "Point", "coordinates": [ 34.435, 31.5041 ] } },
{ "type": "Feature", "properties": { "event_id_cnty": "PSE50045", "event_date": "4/3/2024", "year": 2024, "time_precision": true, "disorder_type": "Political violence", "event_type": "Explosions/Remote violence", "sub_event_type": "Shelling/artillery/missile attack", "actor1": "Military Forces of Israel (2022-)", "assoc_actor_1": null, "inter1": 8, "actor2": "Civilians (Palestine)", "assoc_actor_2": null, "inter2": 7, "interaction": 78, "civilian_targeting": "Civilian targeting", "iso": 275, "region": "Middle East", "country": "Palestine", "admin1": "Gaza Strip", "admin2": "Gaza City", "admin3": null, "location": "Gaza - Az Zaytun", "latitude": 31.4964, "longitude": 34.4522, "geo_precision": 1, "source": "Newpress; Palestine News and Information Agency; Quds News Network; Twitter", "source_scale": "New media-National", "notes": "On 3 April 2024, Israeli artillery shelled targets in Gaza - Az Zaytun (Gaza City, Gaza Strip), leaving injuries. Also, Israeli forces opened fire and killed a Palestinian near the Kuwait roundabout in the Az Zaytun. Fatalities coded 1.", "fatalities": 1, "tags": null, "timestamp": 1759790002 }, "geometry": { "type": "Point", "coordinates": [ 34.4522, 31.4964 ] } },
{ "type": "Feature", "properties": { "event_id_cnty": "PSE50099", "event_date": "4/4/2024", "year": 2024, "time_precision": true, "disorder_type": "Political violence", "event_type": "Explosions/Remote violence", "sub_event_type": "Shelling/artillery/missile attack", "actor1": "Military Forces of Israel (2022-)", "assoc_actor_1": null, "inter1": 8, "actor2": "Civilians (Palestine)", "assoc_actor_2": null, "inter2": 7, "interaction": 78, "civilian_targeting": "Civilian targeting", "iso": 275, "region": "Middle East", "country": "Palestine", "admin1": "Gaza Strip", "admin2": "Khan Yunis", "admin3": null, "location": "Khan Yunis - West (Municipal Stadium)", "latitude": 31.3484, "longitude": 34.2961, "geo_precision": 2, "source": "Palestine News and Information Agency", "source_scale": "National", "notes": "On 4 April 2024, Israeli artillery struck targets near the Nasser Hospital west of Khan Yunis (coded to Khan Yunis - West (Municipal Stadium), Gaza Strip), leaving injuries.", "fatalities": 0, "tags": null, "timestamp": 1753955113 }, "geometry": { "type": "Point", "coordinates": [ 34.2961, 31.3484 ] } },
{ "type": "Feature", "properties": { "event_id_cnty": "PSE50100", "event_date": "4/4/2024", "year": 2024, "time_precision": true, "disorder_type": "Political violence", "event_type": "Explosions/Remote violence", "sub_event_type": "Shelling/artillery/missile attack", "actor1": "Military Forces of Israel (2022-)", "assoc_actor_1": null, "inter1": 8, "actor2": "Civilians (Palestine)", "assoc_actor_2": null, "inter2": 7, "interaction": 78, "civilian_targeting": "Civilian targeting", "iso": 275, "region": "Middle East", "country": "Palestine", "admin1": "Gaza Strip", "admin2": "Khan Yunis", "admin3": null, "location": "Khan Yunis - Al Amal", "latitude": 31.3544, "longitude": 34.3007, "geo_precision": 1, "source": "Palestine News and Information Agency", "source_scale": "National", "notes": "On 4 April 2024, Israeli artillery struck targets in Khan Yunis - Al Amal (Khan Yunis, Gaza Strip), leaving injuries.", "fatalities": 0, "tags": null, "timestamp": 1753955113 }, "geometry": { "type": "Point", "coordinates": [ 34.3007, 31.3544 ] } },
{ "type": "Feature", "properties": { "event_id_cnty": "PSE50090", "event_date": "4/4/2024", "year": 2024, "time_precision": true, "disorder_type": "Political violence", "event_type": "Explosions/Remote violence", "sub_event_type": "Air/drone strike", "actor1": "Military Forces of Israel (2022-)", "assoc_actor_1": null, "inter1": 8, "actor2": "Civilians (Palestine)", "assoc_actor_2": "Refugees/IDPs (Palestine)", "inter2": 7, "interaction": 78, "civilian_targeting": "Civilian targeting", "iso": 275, "region": "Middle East", "country": "Palestine", "admin1": "Gaza Strip", "admin2": "Deir El Balah", "admin3": null, "location": "An Nusayrat", "latitude": 31.4486, "longitude": 34.3925, "geo_precision": 1, "source": "Palestine News and Information Agency; Quds News Network; Twitter", "source_scale": "New media-National", "notes": "On 4 April 2024, Israeli warplanes struck a house in An Nusayrat refugee camp (Deir El Balah, Gaza Strip), leaving 2 fatalities and several injuries.", "fatalities": 2, "tags": null, "timestamp": 1753955113 }, "geometry": { "type": "Point", "coordinates": [ 34.3925, 31.4486 ] } },
{ "type": "Feature", "properties": { "event_id_cnty": "PSE50093", "event_date": "4/4/2024", "year": 2024, "time_precision": true, "disorder_type": "Political violence", "event_type": "Explosions/Remote violence", "sub_event_type": "Shelling/artillery/missile attack", "actor1": "Military Forces of Israel (2022-)", "assoc_actor_1": null, "inter1": 8, "actor2": "Civilians (Palestine)", "assoc_actor_2": null, "inter2": 7, "interaction": 78, "civilian_targeting": "Civilian targeting", "iso": 275, "region": "Middle East", "country": "Palestine", "admin1": "Gaza Strip", "admin2": "Deir El Balah", "admin3": null, "location": "Wadi as Salqa", "latitude": 31.4005, "longitude": 34.3375, "geo_precision": 2, "source": "Palestine News and Information Agency; Quds News Network; Twitter", "source_scale": "New media-National", "notes": "On 4 April 2024, Israeli artillery struck targets in Al Matahen area south of Deir al Balah city, coded to Wadi as Salqa (Deir El Balah, Gaza Strip), leaving 2 fatalities.", "fatalities": 2, "tags": null, "timestamp": 1753955113 }, "geometry": { "type": "Point", "coordinates": [ 34.3375, 31.4005 ] } },
{ "type": "Feature", "properties": { "event_id_cnty": "PSE50096", "event_date": "4/4/2024", "year": 2024, "time_precision": true, "disorder_type": "Political violence", "event_type": "Explosions/Remote violence", "sub_event_type": "Air/drone strike", "actor1": "Military Forces of Israel (2022-)", "assoc_actor_1": null, "inter1": 8, "actor2": "Civilians (Palestine)", "assoc_actor_2": null, "inter2": 7, "interaction": 78, "civilian_targeting": "Civilian targeting", "iso": 275, "region": "Middle East", "country": "Palestine", "admin1": "Gaza Strip", "admin2": "Khan Yunis", "admin3": null, "location": "Al Qararah", "latitude": 31.3739, "longitude": 34.3409, "geo_precision": 1, "source": "Palestine News and Information Agency; Palestinian Ministry of Health", "source_scale": "Other-National", "notes": "On 4 April 2024, Israeli warplanes opened fire toward Palestinian houses in Al Qararah (Khan Yunis, Gaza Strip) leading to unspecified fatalities. [Palestinian Ministry of Health reported 33091 fatalities upto 4 April 2024. 33 fatalities not attributed to specific events split across 2 events on 4 April. 16 fatalities coded to this event.]", "fatalities": 16, "tags": null, "timestamp": 1753955113 }, "geometry": { "type": "Point", "coordinates": [ 34.3409, 31.3739 ] } },
{ "type": "Feature", "properties": { "event_id_cnty": "PSE50098", "event_date": "4/4/2024", "year": 2024, "time_precision": true, "disorder_type": "Political violence", "event_type": "Explosions/Remote violence", "sub_event_type": "Air/drone strike", "actor1": "Military Forces of Israel (2022-)", "assoc_actor_1": null, "inter1": 8, "actor2": "Civilians (Palestine)", "assoc_actor_2": null, "inter2": 7, "interaction": 78, "civilian_targeting": "Civilian targeting", "iso": 275, "region": "Middle East", "country": "Palestine", "admin1": "Gaza Strip", "admin2": "Rafah", "admin3": null, "location": "Tal as Sultan", "latitude": 31.3098, "longitude": 34.2414, "geo_precision": 1, "source": "Arab 48; Palestinian Ministry of Health", "source_scale": "Other-National", "notes": "On 4 April 2024, Israeli warplanes struck a house in Tal as Sultan (Rafah, Gaza Strip) leading to unspecified fatalities. [Palestinian Ministry of Health reported 33091 fatalities upto 4 April 2024. 33 fatalities not attributed to specific events split across 2 events on 4 April. 17 fatalities coded to this event.]", "fatalities": 17, "tags": null, "timestamp": 1762829569 }, "geometry": { "type": "Point", "coordinates": [ 34.2414, 31.3098 ] } },
{ "type": "Feature", "properties": { "event_id_cnty": "PSE50107", "event_date": "4/4/2024", "year": 2024, "time_precision": true, "disorder_type": "Political violence", "event_type": "Explosions/Remote violence", "sub_event_type": "Shelling/artillery/missile attack", "actor1": "Military Forces of Israel (2022-)", "assoc_actor_1": null, "inter1": 8, "actor2": "Civilians (Palestine)", "assoc_actor_2": "Health Workers (Palestine)", "inter2": 7, "interaction": 78, "civilian_targeting": "Civilian targeting", "iso": 275, "region": "Middle East", "country": "Palestine", "admin1": "Gaza Strip", "admin2": "North Gaza", "admin3": null, "location": "Beit Hanoun", "latitude": 31.5405, "longitude": 34.5402, "geo_precision": 1, "source": "Arab 48; Newpress; Quds News Network; Twitter", "source_scale": "New media-National", "notes": "On 4 April 2024, Israeli artillery shelled the Beit Hanoun (North Gaza, Gaza Strip), leaving 3 fatalities including a paramedic.", "fatalities": 3, "tags": null, "timestamp": 1753955113 }, "geometry": { "type": "Point", "coordinates": [ 34.5402, 31.5405 ] } },
{ "type": "Feature", "properties": { "event_id_cnty": "PSE50094", "event_date": "4/4/2024", "year": 2024, "time_precision": true, "disorder_type": "Political violence", "event_type": "Explosions/Remote violence", "sub_event_type": "Shelling/artillery/missile attack", "actor1": "Military Forces of Israel (2022-)", "assoc_actor_1": null, "inter1": 8, "actor2": "Civilians (Palestine)", "assoc_actor_2": null, "inter2": 7, "interaction": 78, "civilian_targeting": "Civilian targeting", "iso": 275, "region": "Middle East", "country": "Palestine", "admin1": "Gaza Strip", "admin2": "Gaza City", "admin3": null, "location": "Gaza - Az Zaytun", "latitude": 31.4964, "longitude": 34.4522, "geo_precision": 1, "source": "Palestine News and Information Agency", "source_scale": "National", "notes": "On 4 April 2024, Israeli artillery struck houses in Gaza - Az Zaytun (Gaza City, Gaza Strip), leaving injuries.", "fatalities": 0, "tags": null, "timestamp": 1759790002 }, "geometry": { "type": "Point", "coordinates": [ 34.4522, 31.4964 ] } },
{ "type": "Feature", "properties": { "event_id_cnty": "PSE50095", "event_date": "4/4/2024", "year": 2024, "time_precision": true, "disorder_type": "Political violence", "event_type": "Explosions/Remote violence", "sub_event_type": "Shelling/artillery/missile attack", "actor1": "Military Forces of Israel (2022-)", "assoc_actor_1": null, "inter1": 8, "actor2": "Civilians (Palestine)", "assoc_actor_2": null, "inter2": 7, "interaction": 78, "civilian_targeting": "Civilian targeting", "iso": 275, "region": "Middle East", "country": "Palestine", "admin1": "Gaza Strip", "admin2": "Gaza City", "admin3": null, "location": "Gaza - Tal el Hawa", "latitude": 31.5041, "longitude": 34.435, "geo_precision": 1, "source": "Palestine News and Information Agency", "source_scale": "National", "notes": "On 4 April 2024, Israeli artillery struck houses in Gaza - Tal el Hawa (Gaza City, Gaza Strip), leaving injuries.", "fatalities": 0, "tags": null, "timestamp": 1759790002 }, "geometry": { "type": "Point", "coordinates": [ 34.435, 31.5041 ] } },
{ "type": "Feature", "properties": { "event_id_cnty": "PSE50089", "event_date": "4/4/2024", "year": 2024, "time_precision": true, "disorder_type": "Political violence", "event_type": "Explosions/Remote violence", "sub_event_type": "Air/drone strike", "actor1": "Military Forces of Israel (2022-)", "assoc_actor_1": null, "inter1": 8, "actor2": "Civilians (Palestine)", "assoc_actor_2": null, "inter2": 7, "interaction": 78, "civilian_targeting": "Civilian targeting", "iso": 275, "region": "Middle East", "country": "Palestine", "admin1": "Gaza Strip", "admin2": "Rafah", "admin3": null, "location": "Rafah", "latitude": 31.287, "longitude": 34.2595, "geo_precision": 1, "source": "Al-Ittihad; Liveuamap; Palestine News and Information Agency; Quds News Network; Twitter", "source_scale": "Local partner-New media", "notes": "On 4 April 2024, Israeli warplanes struck 2 houses in Rafah city (Rafah, Gaza Strip), leaving 7 fatalities, including 3 children, and several injuries.", "fatalities": 7, "tags": null, "timestamp": 1762829569 }, "geometry": { "type": "Point", "coordinates": [ 34.2595, 31.287 ] } },
{ "type": "Feature", "properties": { "event_id_cnty": "PSE50088", "event_date": "4/4/2024", "year": 2024, "time_precision": true, "disorder_type": "Political violence", "event_type": "Explosions/Remote violence", "sub_event_type": "Air/drone strike", "actor1": "Military Forces of Israel (2022-)", "assoc_actor_1": null, "inter1": 8, "actor2": "Civilians (Palestine)", "assoc_actor_2": null, "inter2": 7, "interaction": 78, "civilian_targeting": "Civilian targeting", "iso": 275, "region": "Middle East", "country": "Palestine", "admin1": "Gaza Strip", "admin2": "Rafah", "admin3": null, "location": "Al Junainah", "latitude": 31.2642, "longitude": 34.2636, "geo_precision": 1, "source": "Al-Ittihad; Palestine News and Information Agency; PLO Negotiations Affairs Department", "source_scale": "Other-National", "notes": "On 4 April 2024, Israeli warplanes struck a house in Al Junainah (Rafah, Gaza Strip), killing one woman at least. Meanwhile, artillery and tanks shelled targets east of Rafah. Fatalities coded at least 1.", "fatalities": 1, "tags": null, "timestamp": 1753955113 }, "geometry": { "type": "Point", "coordinates": [ 34.2636, 31.2642 ] } },
{ "type": "Feature", "properties": { "event_id_cnty": "PSE50165", "event_date": "4/5/2024", "year": 2024, "time_precision": true, "disorder_type": "Political violence", "event_type": "Explosions/Remote violence", "sub_event_type": "Air/drone strike", "actor1": "Military Forces of Israel (2022-)", "assoc_actor_1": null, "inter1": 8, "actor2": "Civilians (Palestine)", "assoc_actor_2": null, "inter2": 7, "interaction": 78, "civilian_targeting": "Civilian targeting", "iso": 275, "region": "Middle East", "country": "Palestine", "admin1": "Gaza Strip", "admin2": "Deir El Balah", "admin3": null, "location": "An Nusayrat - North", "latitude": 31.4591, "longitude": 34.3923, "geo_precision": 1, "source": "Arab 48; Newpress; Twitter", "source_scale": "New media-National", "notes": "On 5 April 2024, Israeli warplanes struck a house north of An Nusayrat refugee camp (An Nusayrat - North, Deir El Balah, Gaza Strip), leaving 3 fatalities.", "fatalities": 3, "tags": null, "timestamp": 1753955113 }, "geometry": { "type": "Point", "coordinates": [ 34.3923, 31.4591 ] } },
{ "type": "Feature", "properties": { "event_id_cnty": "PSE50155", "event_date": "4/5/2024", "year": 2024, "time_precision": true, "disorder_type": "Political violence", "event_type": "Explosions/Remote violence", "sub_event_type": "Air/drone strike", "actor1": "Military Forces of Israel (2022-)", "assoc_actor_1": null, "inter1": 8, "actor2": "Civilians (Palestine)", "assoc_actor_2": null, "inter2": 7, "interaction": 78, "civilian_targeting": "Civilian targeting", "iso": 275, "region": "Middle East", "country": "Palestine", "admin1": "Gaza Strip", "admin2": "North Gaza", "admin3": null, "location": "Jabalya", "latitude": 31.5272, "longitude": 34.4835, "geo_precision": 1, "source": "Arab 48; Newpress; Palestinian Ministry of Health; Quds News Network; Twitter", "source_scale": "Other-New media", "notes": "On 5 April 2024, Israeli warplanes struck houses in Jabalya town while artillery targeted the eastern areas of town (North Gaza, Gaza Strip) leaving unspecified fatalities. [Palestinian Ministry of Health reported 33175 fatalities upto 5 April. 41 fatalities not attributed to specific events added to 1 event on 5 April. 41 fatalities coded to this event.]", "fatalities": 41, "tags": null, "timestamp": 1759790002 }, "geometry": { "type": "Point", "coordinates": [ 34.4835, 31.5272 ] } },
{ "type": "Feature", "properties": { "event_id_cnty": "PSE50330", "event_date": "4/6/2024", "year": 2024, "time_precision": true, "disorder_type": "Political violence", "event_type": "Explosions/Remote violence", "sub_event_type": "Air/drone strike", "actor1": "Military Forces of Israel (2022-)", "assoc_actor_1": null, "inter1": 8, "actor2": "Civilians (Palestine)", "assoc_actor_2": null, "inter2": 7, "interaction": 78, "civilian_targeting": "Civilian targeting", "iso": 275, "region": "Middle East", "country": "Palestine", "admin1": "Gaza Strip", "admin2": "Deir El Balah", "admin3": null, "location": "An Nusayrat - North", "latitude": 31.4591, "longitude": 34.3923, "geo_precision": 1, "source": "Arab 48; Newpress; Palestine News and Information Agency; Quds News Network; Twitter", "source_scale": "New media-National", "notes": "On 6 April 2024, Israeli warplanes conducted airstrikes and artillery shelled houses north of An Nusayrat camp (An Nusayrat - North, Deir El Balah, Gaza Strip), leaving injuries.", "fatalities": 0, "tags": null, "timestamp": 1753955113 }, "geometry": { "type": "Point", "coordinates": [ 34.3923, 31.4591 ] } },
{ "type": "Feature", "properties": { "event_id_cnty": "PSE50325", "event_date": "4/6/2024", "year": 2024, "time_precision": true, "disorder_type": "Political violence", "event_type": "Explosions/Remote violence", "sub_event_type": "Shelling/artillery/missile attack", "actor1": "Military Forces of Israel (2022-)", "assoc_actor_1": null, "inter1": 8, "actor2": "Civilians (Palestine)", "assoc_actor_2": null, "inter2": 7, "interaction": 78, "civilian_targeting": "Civilian targeting", "iso": 275, "region": "Middle East", "country": "Palestine", "admin1": "Gaza Strip", "admin2": "Gaza City", "admin3": null, "location": "Gaza - Sabra", "latitude": 31.5086, "longitude": 34.4493, "geo_precision": 1, "source": "Palestine News and Information Agency", "source_scale": "National", "notes": "On 6 April 2024, Israeli artillery shelled houses in Gaza - Sabra (Gaza City, Gaza Strip). Casualties unknown.", "fatalities": 0, "tags": null, "timestamp": 1759790002 }, "geometry": { "type": "Point", "coordinates": [ 34.4493, 31.5086 ] } },
{ "type": "Feature", "properties": { "event_id_cnty": "PSE50334", "event_date": "4/6/2024", "year": 2024, "time_precision": true, "disorder_type": "Political violence", "event_type": "Explosions/Remote violence", "sub_event_type": "Air/drone strike", "actor1": "Military Forces of Israel (2022-)", "assoc_actor_1": null, "inter1": 8, "actor2": "Civilians (Palestine)", "assoc_actor_2": null, "inter2": 7, "interaction": 78, "civilian_targeting": "Civilian targeting", "iso": 275, "region": "Middle East", "country": "Palestine", "admin1": "Gaza Strip", "admin2": "Khan Yunis", "admin3": null, "location": "Khan Yunis - West (Municipal Stadium)", "latitude": 31.3484, "longitude": 34.2961, "geo_precision": 2, "source": "Newpress; Palestine News and Information Agency; Quds News Network; Twitter", "source_scale": "New media-National", "notes": "On 6 April 2024, Israeli warplanes struck targets west of Khan Yunis (coded to Khan Yunis - West (Municipal Stadium), Gaza Strip), leaving dozens of fatalities and injuries, coded as 6. Meanwhile, the artillery shelled targets west of the Khan Yunis. Casualties unknown.", "fatalities": 6, "tags": null, "timestamp": 1753955113 }, "geometry": { "type": "Point", "coordinates": [ 34.2961, 31.3484 ] } },
{ "type": "Feature", "properties": { "event_id_cnty": "PSE50319", "event_date": "4/6/2024", "year": 2024, "time_precision": true, "disorder_type": "Political violence", "event_type": "Explosions/Remote violence", "sub_event_type": "Air/drone strike", "actor1": "Military Forces of Israel (2022-)", "assoc_actor_1": null, "inter1": 8, "actor2": "Civilians (Palestine)", "assoc_actor_2": null, "inter2": 7, "interaction": 78, "civilian_targeting": "Civilian targeting", "iso": 275, "region": "Middle East", "country": "Palestine", "admin1": "Gaza Strip", "admin2": "Gaza City", "admin3": null, "location": "Gaza - Shujaiyya", "latitude": 31.4988, "longitude": 34.4699, "geo_precision": 2, "source": "Newpress; Palestinian Ministry of Health; PLO Negotiations Affairs Department; Twitter", "source_scale": "Other-New media", "notes": "On 6 April 2024, Israeli warplanes struck a house in Al Mansourah area east of Shujaiyya (Gaza City, Gaza Strip) leading to unspecified fatalities. Also, artillery and tanks shelled targets east of Gaza City, coded to Gaza - Shujaiyya. Casualties unknown. [Palestinian Ministry of Health reported 33175 fatalities upto 6 April 2024. 25 fatalities not attributed to specific events split across 2 events on 6 April. 12 fatalities coded to this event.]", "fatalities": 12, "tags": null, "timestamp": 1759790002 }, "geometry": { "type": "Point", "coordinates": [ 34.4699, 31.4988 ] } },
{ "type": "Feature", "properties": { "event_id_cnty": "PSE50341", "event_date": "4/6/2024", "year": 2024, "time_precision": true, "disorder_type": "Political violence", "event_type": "Explosions/Remote violence", "sub_event_type": "Air/drone strike", "actor1": "Military Forces of Israel (2022-)", "assoc_actor_1": null, "inter1": 8, "actor2": "Civilians (Palestine)", "assoc_actor_2": null, "inter2": 7, "interaction": 78, "civilian_targeting": "Civilian targeting", "iso": 275, "region": "Middle East", "country": "Palestine", "admin1": "Gaza Strip", "admin2": "Rafah", "admin3": null, "location": "An Nasr", "latitude": 31.2814, "longitude": 34.3025, "geo_precision": 1, "source": "Arab 48; Palestinian Ministry of Health; Quds News Network; Twitter", "source_scale": "Other-New media", "notes": "On 6 April 2024, Israeli warplanes struck a house in An Nasr (Rafah, Gaza Strip) leading to unspecified fatalities. [Palestinian Ministry of Health reported 33175 fatalities upto 6 April 2024. 25 fatalities not attributed to specific events split across 2 events on 6 April. 13 fatalities coded to this event.]", "fatalities": 13, "tags": null, "timestamp": 1753955113 }, "geometry": { "type": "Point", "coordinates": [ 34.3025, 31.2814 ] } },
{ "type": "Feature", "properties": { "event_id_cnty": "PSE50327", "event_date": "4/6/2024", "year": 2024, "time_precision": true, "disorder_type": "Political violence", "event_type": "Explosions/Remote violence", "sub_event_type": "Shelling/artillery/missile attack", "actor1": "Military Forces of Israel (2022-)", "assoc_actor_1": null, "inter1": 8, "actor2": "Civilians (Palestine)", "assoc_actor_2": null, "inter2": 7, "interaction": 78, "civilian_targeting": "Civilian targeting", "iso": 275, "region": "Middle East", "country": "Palestine", "admin1": "Gaza Strip", "admin2": "Gaza City", "admin3": null, "location": "Gaza - Ash Shaykh Ijlin", "latitude": 31.5098, "longitude": 34.4274, "geo_precision": 1, "source": "Palestine News and Information Agency; Quds News Network; Twitter", "source_scale": "New media-National", "notes": "On 6 April 2024, Israeli artillery shelled houses in Gaza - Ash Shaykh Ijlin (Gaza City, Gaza Strip). Casualties unknown.", "fatalities": 0, "tags": null, "timestamp": 1753955113 }, "geometry": { "type": "Point", "coordinates": [ 34.4274, 31.5098 ] } },
{ "type": "Feature", "properties": { "event_id_cnty": "PSE50329", "event_date": "4/6/2024", "year": 2024, "time_precision": true, "disorder_type": "Political violence", "event_type": "Explosions/Remote violence", "sub_event_type": "Air/drone strike", "actor1": "Military Forces of Israel (2022-)", "assoc_actor_1": null, "inter1": 8, "actor2": "Civilians (Palestine)", "assoc_actor_2": null, "inter2": 7, "interaction": 78, "civilian_targeting": "Civilian targeting", "iso": 275, "region": "Middle East", "country": "Palestine", "admin1": "Gaza Strip", "admin2": "Gaza City", "admin3": null, "location": "Al Zahra", "latitude": 31.4716, "longitude": 34.4013, "geo_precision": 1, "source": "Newpress; Palestine News and Information Agency; Twitter", "source_scale": "New media-National", "notes": "On 6 April 2024, Israeli warplanes conducted airstrikes and artillery shelled houses in Al Zahra (Gaza City, Gaza Strip), leaving injuries.", "fatalities": 0, "tags": null, "timestamp": 1753955113 }, "geometry": { "type": "Point", "coordinates": [ 34.4013, 31.4716 ] } },
{ "type": "Feature", "properties": { "event_id_cnty": "PSE50328", "event_date": "4/6/2024", "year": 2024, "time_precision": true, "disorder_type": "Political violence", "event_type": "Explosions/Remote violence", "sub_event_type": "Air/drone strike", "actor1": "Military Forces of Israel (2022-)", "assoc_actor_1": null, "inter1": 8, "actor2": "Civilians (Palestine)", "assoc_actor_2": null, "inter2": 7, "interaction": 78, "civilian_targeting": "Civilian targeting", "iso": 275, "region": "Middle East", "country": "Palestine", "admin1": "Gaza Strip", "admin2": "Gaza City", "admin3": null, "location": "Al Mughraqa", "latitude": 31.4675, "longitude": 34.4097, "geo_precision": 1, "source": "Newpress; Palestine News and Information Agency; Quds News Network; Twitter", "source_scale": "New media-National", "notes": "On 6 April 2024, Israeli warplanes conducted airstrikes and artillery shelled houses in Al Mughraqa (Gaza City, Gaza Strip), leaving injuries.", "fatalities": 0, "tags": null, "timestamp": 1753955113 }, "geometry": { "type": "Point", "coordinates": [ 34.4097, 31.4675 ] } },
{ "type": "Feature", "properties": { "event_id_cnty": "PSE50324", "event_date": "4/6/2024", "year": 2024, "time_precision": true, "disorder_type": "Political violence", "event_type": "Explosions/Remote violence", "sub_event_type": "Shelling/artillery/missile attack", "actor1": "Military Forces of Israel (2022-)", "assoc_actor_1": null, "inter1": 8, "actor2": "Civilians (Palestine)", "assoc_actor_2": null, "inter2": 7, "interaction": 78, "civilian_targeting": "Civilian targeting", "iso": 275, "region": "Middle East", "country": "Palestine", "admin1": "Gaza Strip", "admin2": "Gaza City", "admin3": null, "location": "Gaza - Az Zaytun", "latitude": 31.4964, "longitude": 34.4522, "geo_precision": 1, "source": "Palestine News and Information Agency", "source_scale": "National", "notes": "On 6 April 2024, Israeli artillery shelled houses in Gaza - Az Zaytun (Gaza City, Gaza Strip), leaving 3 fatalities and several injuries.", "fatalities": 3, "tags": null, "timestamp": 1759790002 }, "geometry": { "type": "Point", "coordinates": [ 34.4522, 31.4964 ] } },
{ "type": "Feature", "properties": { "event_id_cnty": "PSE50326", "event_date": "4/6/2024", "year": 2024, "time_precision": true, "disorder_type": "Political violence", "event_type": "Explosions/Remote violence", "sub_event_type": "Shelling/artillery/missile attack", "actor1": "Military Forces of Israel (2022-)", "assoc_actor_1": null, "inter1": 8, "actor2": "Civilians (Palestine)", "assoc_actor_2": null, "inter2": 7, "interaction": 78, "civilian_targeting": "Civilian targeting", "iso": 275, "region": "Middle East", "country": "Palestine", "admin1": "Gaza Strip", "admin2": "Gaza City", "admin3": null, "location": "Gaza - Tal el Hawa", "latitude": 31.5041, "longitude": 34.435, "geo_precision": 1, "source": "Palestine News and Information Agency; Quds News Network; Twitter", "source_scale": "New media-National", "notes": "On 6 April 2024, Israeli artillery shelled houses in Gaza - Tal el Hawa (Gaza City, Gaza Strip). Casualties unknown.", "fatalities": 0, "tags": null, "timestamp": 1759790002 }, "geometry": { "type": "Point", "coordinates": [ 34.435, 31.5041 ] } },
{ "type": "Feature", "properties": { "event_id_cnty": "PSE50358", "event_date": "4/7/2024", "year": 2024, "time_precision": true, "disorder_type": "Political violence", "event_type": "Explosions/Remote violence", "sub_event_type": "Air/drone strike", "actor1": "Military Forces of Israel (2022-)", "assoc_actor_1": null, "inter1": 8, "actor2": "Civilians (Palestine)", "assoc_actor_2": null, "inter2": 7, "interaction": 78, "civilian_targeting": "Civilian targeting", "iso": 275, "region": "Middle East", "country": "Palestine", "admin1": "Gaza Strip", "admin2": "Khan Yunis", "admin3": null, "location": "Bani Suheila", "latitude": 31.3424, "longitude": 34.325, "geo_precision": 1, "source": "Arab 48; Newpress; Palestine News and Information Agency; Quds News Network; Twitter", "source_scale": "New media-National", "notes": "On 7 April 2024, Israeli warplanes struck targets in Bani Suheila and in Al Zanneh area in the Bani Suheila (Khan Yunis, Gaza Strip), leaving 2 fatalities and 7 injuries.", "fatalities": 2, "tags": null, "timestamp": 1753955113 }, "geometry": { "type": "Point", "coordinates": [ 34.325, 31.3424 ] } },
{ "type": "Feature", "properties": { "event_id_cnty": "PSE50360", "event_date": "4/7/2024", "year": 2024, "time_precision": true, "disorder_type": "Political violence", "event_type": "Explosions/Remote violence", "sub_event_type": "Air/drone strike", "actor1": "Military Forces of Israel (2022-)", "assoc_actor_1": null, "inter1": 8, "actor2": "Civilians (Palestine)", "assoc_actor_2": null, "inter2": 7, "interaction": 78, "civilian_targeting": "Civilian targeting", "iso": 275, "region": "Middle East", "country": "Palestine", "admin1": "Gaza Strip", "admin2": "Gaza City", "admin3": null, "location": "Gaza - Shujaiyya", "latitude": 31.4988, "longitude": 34.4699, "geo_precision": 2, "source": "Arab 48; Newpress; Palestine News and Information Agency; Quds News Network; Twitter", "source_scale": "New media-National", "notes": "On 7 April 2024, Israeli warplanes struck a house east of Gaza - Shujaiyya (Gaza City, Gaza Strip), killing at least 6 Palestinians and injuring another 10 persons, including women and children. Also, warplanes destroyed a residential complex in the same location. Fatalities at least 6.", "fatalities": 6, "tags": null, "timestamp": 1759790002 }, "geometry": { "type": "Point", "coordinates": [ 34.4699, 31.4988 ] } },
{ "type": "Feature", "properties": { "event_id_cnty": "PSE50363", "event_date": "4/7/2024", "year": 2024, "time_precision": true, "disorder_type": "Political violence", "event_type": "Explosions/Remote violence", "sub_event_type": "Shelling/artillery/missile attack", "actor1": "Military Forces of Israel (2022-)", "assoc_actor_1": null, "inter1": 8, "actor2": "Civilians (Palestine)", "assoc_actor_2": null, "inter2": 7, "interaction": 78, "civilian_targeting": "Civilian targeting", "iso": 275, "region": "Middle East", "country": "Palestine", "admin1": "Gaza Strip", "admin2": "Gaza City", "admin3": null, "location": "Gaza - Northern Remal", "latitude": 31.524, "longitude": 34.4505, "geo_precision": 2, "source": "Palestine News and Information Agency", "source_scale": "National", "notes": "On 7 April 2024, Israeli tanks opened fire toward Palestinian houses west of Gaza City, coded to Gaza - Northern Remal (Gaza City, Gaza Strip). Casualties unknown.", "fatalities": 0, "tags": null, "timestamp": 1759790002 }, "geometry": { "type": "Point", "coordinates": [ 34.4505, 31.524 ] } },
{ "type": "Feature", "properties": { "event_id_cnty": "PSE50367", "event_date": "4/7/2024", "year": 2024, "time_precision": true, "disorder_type": "Political violence", "event_type": "Explosions/Remote violence", "sub_event_type": "Air/drone strike", "actor1": "Military Forces of Israel (2022-)", "assoc_actor_1": null, "inter1": 8, "actor2": "Civilians (Palestine)", "assoc_actor_2": null, "inter2": 7, "interaction": 78, "civilian_targeting": "Civilian targeting", "iso": 275, "region": "Middle East", "country": "Palestine", "admin1": "Gaza Strip", "admin2": "Rafah", "admin3": null, "location": "An Nasr", "latitude": 31.2814, "longitude": 34.3025, "geo_precision": 1, "source": "Arab 48; Palestine News and Information Agency; Quds News Network; Twitter", "source_scale": "New media-National", "notes": "On 7 April 2024, Israeli warplanes struck a group of Palestinians in An Nasr (Rafah, Gaza Strip), leaving at least one fatality and a number of injuries.", "fatalities": 1, "tags": null, "timestamp": 1753955113 }, "geometry": { "type": "Point", "coordinates": [ 34.3025, 31.2814 ] } },
{ "type": "Feature", "properties": { "event_id_cnty": "PSE50366", "event_date": "4/7/2024", "year": 2024, "time_precision": true, "disorder_type": "Political violence", "event_type": "Explosions/Remote violence", "sub_event_type": "Air/drone strike", "actor1": "Military Forces of Israel (2022-)", "assoc_actor_1": null, "inter1": 8, "actor2": "Civilians (Palestine)", "assoc_actor_2": "Labor Group (Palestine)", "inter2": 7, "interaction": 78, "civilian_targeting": "Civilian targeting", "iso": 275, "region": "Middle East", "country": "Palestine", "admin1": "Gaza Strip", "admin2": "Deir El Balah", "admin3": null, "location": "An Nusayrat - South", "latitude": 31.4389, "longitude": 34.3815, "geo_precision": 1, "source": "Arab 48; Palestine News and Information Agency; Quds News Network; Twitter", "source_scale": "New media-National", "notes": "On 7 April 2024, Israeli warplanes struck a house and a commercial facility south of An Nusayrat camp (An Nusayrat - South, Deir El Balah, Gaza Strip), leaving 6 fatalities and several injuries.", "fatalities": 6, "tags": null, "timestamp": 1753955113 }, "geometry": { "type": "Point", "coordinates": [ 34.3815, 31.4389 ] } },
{ "type": "Feature", "properties": { "event_id_cnty": "PSE50372", "event_date": "4/7/2024", "year": 2024, "time_precision": true, "disorder_type": "Political violence", "event_type": "Explosions/Remote violence", "sub_event_type": "Air/drone strike", "actor1": "Military Forces of Israel (2022-)", "assoc_actor_1": null, "inter1": 8, "actor2": "Civilians (Palestine)", "assoc_actor_2": "Refugees/IDPs (Palestine)", "inter2": 7, "interaction": 78, "civilian_targeting": "Civilian targeting", "iso": 275, "region": "Middle East", "country": "Palestine", "admin1": "Gaza Strip", "admin2": "Deir El Balah", "admin3": null, "location": "Al Burayj", "latitude": 31.4394, "longitude": 34.4031, "geo_precision": 2, "source": "Newpress; Quds News Network; Twitter", "source_scale": "New media-National", "notes": "On 7 April 2024, Israeli warplanes struck a group of Palestinians east of Al Burayj refugee camp (Deir El Balah, Gaza Strip), leaving one fatality.", "fatalities": 1, "tags": null, "timestamp": 1753955113 }, "geometry": { "type": "Point", "coordinates": [ 34.4031, 31.4394 ] } },
{ "type": "Feature", "properties": { "event_id_cnty": "PSE50365", "event_date": "4/7/2024", "year": 2024, "time_precision": true, "disorder_type": "Political violence", "event_type": "Explosions/Remote violence", "sub_event_type": "Air/drone strike", "actor1": "Military Forces of Israel (2022-)", "assoc_actor_1": null, "inter1": 8, "actor2": "Civilians (Palestine)", "assoc_actor_2": "Refugees/IDPs (Palestine)", "inter2": 7, "interaction": 78, "civilian_targeting": "Civilian targeting", "iso": 275, "region": "Middle East", "country": "Palestine", "admin1": "Gaza Strip", "admin2": "Deir El Balah", "admin3": null, "location": "Al Burayj", "latitude": 31.4394, "longitude": 34.4031, "geo_precision": 1, "source": "Palestine News and Information Agency; Palestinian Ministry of Health", "source_scale": "Other-National", "notes": "On 7 April 2024, Israeli warplanes struck a house in Al Burayj refugee camp (Deir El Balah, Gaza Strip) leading to unspecified fatalities. [Palestinian Ministry of Health reported 33207 fatalities upto 7 April 2024. 9 fatalities not attributed to specific events split across 3 events on 7 April. 3 fatalities coded to this event.]", "fatalities": 3, "tags": null, "timestamp": 1753955113 }, "geometry": { "type": "Point", "coordinates": [ 34.4031, 31.4394 ] } },
{ "type": "Feature", "properties": { "event_id_cnty": "PSE50359", "event_date": "4/7/2024", "year": 2024, "time_precision": true, "disorder_type": "Political violence", "event_type": "Explosions/Remote violence", "sub_event_type": "Air/drone strike", "actor1": "Military Forces of Israel (2022-)", "assoc_actor_1": null, "inter1": 8, "actor2": "Civilians (Palestine)", "assoc_actor_2": null, "inter2": 7, "interaction": 78, "civilian_targeting": "Civilian targeting", "iso": 275, "region": "Middle East", "country": "Palestine", "admin1": "Gaza Strip", "admin2": "Gaza City", "admin3": null, "location": "Al Zahra", "latitude": 31.4716, "longitude": 34.4013, "geo_precision": 1, "source": "Arab 48; Newpress; Palestine News and Information Agency; Quds News Network; Twitter", "source_scale": "New media-National", "notes": "On 7 April 2024, Israeli warplanes struck a group of Palestinians in Al Zahra (Gaza City, Gaza Strip), killing 4 persons and injuring dozens.", "fatalities": 4, "tags": null, "timestamp": 1753955113 }, "geometry": { "type": "Point", "coordinates": [ 34.4013, 31.4716 ] } },
{ "type": "Feature", "properties": { "event_id_cnty": "PSE50357", "event_date": "4/7/2024", "year": 2024, "time_precision": true, "disorder_type": "Political violence", "event_type": "Explosions/Remote violence", "sub_event_type": "Air/drone strike", "actor1": "Military Forces of Israel (2022-)", "assoc_actor_1": null, "inter1": 8, "actor2": "Civilians (Palestine)", "assoc_actor_2": null, "inter2": 7, "interaction": 78, "civilian_targeting": "Civilian targeting", "iso": 275, "region": "Middle East", "country": "Palestine", "admin1": "Gaza Strip", "admin2": "Rafah", "admin3": null, "location": "Yibna", "latitude": 31.2842, "longitude": 34.2482, "geo_precision": 2, "source": "Arab 48; Palestine News and Information Agency; Palestinian Ministry of Health; PLO Negotiations Affairs Department; Quds News Network; Twitter", "source_scale": "Other-New media", "notes": "On 7 April 2024, Israeli warplanes struck targets and houses in Al Junaina area east of Rafah, coded to Yibna (Rafah, Gaza Strip) leaving 2 injuries and unspecified fatalities. Also, Israeli artillery and tanks shelled targets in the east of the city. Casualties uknown. [Palestinian Ministry of Health reported 33207 fatalities upto 7 April 2024. 9 fatalities not attributed to specific events split across 3 events on 7 April. 3 fatalities coded to this event.]", "fatalities": 3, "tags": null, "timestamp": 1753955113 }, "geometry": { "type": "Point", "coordinates": [ 34.2482, 31.2842 ] } },
{ "type": "Feature", "properties": { "event_id_cnty": "PSE50361", "event_date": "4/7/2024", "year": 2024, "time_precision": true, "disorder_type": "Political violence", "event_type": "Explosions/Remote violence", "sub_event_type": "Shelling/artillery/missile attack", "actor1": "Military Forces of Israel (2022-)", "assoc_actor_1": null, "inter1": 8, "actor2": "Civilians (Palestine)", "assoc_actor_2": null, "inter2": 7, "interaction": 78, "civilian_targeting": "Civilian targeting", "iso": 275, "region": "Middle East", "country": "Palestine", "admin1": "Gaza Strip", "admin2": "Gaza City", "admin3": null, "location": "Gaza - Az Zaytun", "latitude": 31.4964, "longitude": 34.4522, "geo_precision": 1, "source": "Palestine News and Information Agency", "source_scale": "National", "notes": "On 7 April 2024, Israeli artillery shelled houses in Gaza - Az Zaytun (Gaza City, Gaza Strip), leaving a number of injuries.", "fatalities": 0, "tags": null, "timestamp": 1759790002 }, "geometry": { "type": "Point", "coordinates": [ 34.4522, 31.4964 ] } },
{ "type": "Feature", "properties": { "event_id_cnty": "PSE50362", "event_date": "4/7/2024", "year": 2024, "time_precision": true, "disorder_type": "Political violence", "event_type": "Explosions/Remote violence", "sub_event_type": "Shelling/artillery/missile attack", "actor1": "Military Forces of Israel (2022-)", "assoc_actor_1": null, "inter1": 8, "actor2": "Civilians (Palestine)", "assoc_actor_2": null, "inter2": 7, "interaction": 78, "civilian_targeting": "Civilian targeting", "iso": 275, "region": "Middle East", "country": "Palestine", "admin1": "Gaza Strip", "admin2": "Gaza City", "admin3": null, "location": "Gaza - Tal el Hawa", "latitude": 31.5041, "longitude": 34.435, "geo_precision": 1, "source": "Palestine News and Information Agency", "source_scale": "National", "notes": "On 7 April 2024, Israeli artillery shelled houses in Gaza - Tal el Hawa (Gaza City, Gaza Strip), leaving a number of injuries.", "fatalities": 0, "tags": null, "timestamp": 1759790002 }, "geometry": { "type": "Point", "coordinates": [ 34.435, 31.5041 ] } },
{ "type": "Feature", "properties": { "event_id_cnty": "PSE50364", "event_date": "4/7/2024", "year": 2024, "time_precision": true, "disorder_type": "Political violence", "event_type": "Explosions/Remote violence", "sub_event_type": "Shelling/artillery/missile attack", "actor1": "Military Forces of Israel (2022-)", "assoc_actor_1": null, "inter1": 8, "actor2": "Civilians (Palestine)", "assoc_actor_2": null, "inter2": 7, "interaction": 78, "civilian_targeting": "Civilian targeting", "iso": 275, "region": "Middle East", "country": "Palestine", "admin1": "Gaza Strip", "admin2": "North Gaza", "admin3": null, "location": "Sheikh Zaid", "latitude": 31.5392, "longitude": 34.5117, "geo_precision": 1, "source": "Palestine News and Information Agency", "source_scale": "National", "notes": "On 7 April 2024, Israeli artillery shelled towers in the Sheikh Zaid city (North Gaza, Gaza Strip), leaving a number of injuries.", "fatalities": 0, "tags": null, "timestamp": 1759790002 }, "geometry": { "type": "Point", "coordinates": [ 34.5117, 31.5392 ] } },
{ "type": "Feature", "properties": { "event_id_cnty": "PSE50374", "event_date": "4/7/2024", "year": 2024, "time_precision": true, "disorder_type": "Political violence", "event_type": "Explosions/Remote violence", "sub_event_type": "Air/drone strike", "actor1": "Military Forces of Israel (2022-)", "assoc_actor_1": null, "inter1": 8, "actor2": "Civilians (Palestine)", "assoc_actor_2": null, "inter2": 7, "interaction": 78, "civilian_targeting": "Civilian targeting", "iso": 275, "region": "Middle East", "country": "Palestine", "admin1": "Gaza Strip", "admin2": "Rafah", "admin3": null, "location": "Rafah", "latitude": 31.287, "longitude": 34.2595, "geo_precision": 1, "source": "Palestinian Ministry of Health; Quds News Network; Twitter", "source_scale": "Other-New media", "notes": "On 7 April 2024, Israeli warplanes struck targets (including a house) in Rafah city (Rafah, Gaza Strip) leading to unspecified fatalities. [Palestinian Ministry of Health reported 33207 fatalities upto 7 April 2024. 9 fatalities not attributed to specific events split across 3 events on 7 April. 3 fatalities coded to this event.]", "fatalities": 3, "tags": null, "timestamp": 1762829569 }, "geometry": { "type": "Point", "coordinates": [ 34.2595, 31.287 ] } },
{ "type": "Feature", "properties": { "event_id_cnty": "PSE50388", "event_date": "4/8/2024", "year": 2024, "time_precision": true, "disorder_type": "Political violence", "event_type": "Explosions/Remote violence", "sub_event_type": "Shelling/artillery/missile attack", "actor1": "Military Forces of Israel (2022-)", "assoc_actor_1": null, "inter1": 8, "actor2": "Civilians (Palestine)", "assoc_actor_2": null, "inter2": 7, "interaction": 78, "civilian_targeting": "Civilian targeting", "iso": 275, "region": "Middle East", "country": "Palestine", "admin1": "Gaza Strip", "admin2": "Khan Yunis", "admin3": null, "location": "Al Qararah", "latitude": 31.3739, "longitude": 34.3409, "geo_precision": 1, "source": "Palestine News and Information Agency", "source_scale": "National", "notes": "On 8 April 2024, Israeli artillery struck targets in Al Qararah (Khan Yunis, Gaza Strip), leaving a number of injuries.", "fatalities": 0, "tags": null, "timestamp": 1753955113 }, "geometry": { "type": "Point", "coordinates": [ 34.3409, 31.3739 ] } },
{ "type": "Feature", "properties": { "event_id_cnty": "PSE50389", "event_date": "4/8/2024", "year": 2024, "time_precision": true, "disorder_type": "Political violence", "event_type": "Explosions/Remote violence", "sub_event_type": "Air/drone strike", "actor1": "Military Forces of Israel (2022-)", "assoc_actor_1": null, "inter1": 8, "actor2": "Civilians (Palestine)", "assoc_actor_2": "Health Workers (Palestine)", "inter2": 7, "interaction": 78, "civilian_targeting": "Civilian targeting", "iso": 275, "region": "Middle East", "country": "Palestine", "admin1": "Gaza Strip", "admin2": "Gaza City", "admin3": null, "location": "Gaza - Northern Remal", "latitude": 31.524, "longitude": 34.4505, "geo_precision": 1, "source": "Newpress; Palestine News and Information Agency; Twitter", "source_scale": "New media-National", "notes": "On 8 April 2024, Israeli warplanes struck near the Saraya junction in Gaza - Northern Remal (Gaza City, Gaza Strip), killing a Palestinian doctor.", "fatalities": 1, "tags": null, "timestamp": 1759790002 }, "geometry": { "type": "Point", "coordinates": [ 34.4505, 31.524 ] } },
{ "type": "Feature", "properties": { "event_id_cnty": "PSE50387", "event_date": "4/8/2024", "year": 2024, "time_precision": true, "disorder_type": "Political violence", "event_type": "Explosions/Remote violence", "sub_event_type": "Air/drone strike", "actor1": "Military Forces of Israel (2022-)", "assoc_actor_1": null, "inter1": 8, "actor2": "Civilians (Palestine)", "assoc_actor_2": "Refugees/IDPs (Palestine)", "inter2": 7, "interaction": 78, "civilian_targeting": "Civilian targeting", "iso": 275, "region": "Middle East", "country": "Palestine", "admin1": "Gaza Strip", "admin2": "Deir El Balah", "admin3": null, "location": "Deir al Balah", "latitude": 31.4178, "longitude": 34.3503, "geo_precision": 1, "source": "Ma'an News Agency; Palestine News and Information Agency; Quds News Network; Twitter", "source_scale": "New media-National", "notes": "On 8 April 2024, Israeli warplanes struck a house in Deir al Balah (Deir El Balah, Gaza Strip), killing a woman. Also, the Israeli artillery targeted a structure hosting displaced people, leaving 2 fatalities. Fatalities were 3.", "fatalities": 3, "tags": null, "timestamp": 1753955113 }, "geometry": { "type": "Point", "coordinates": [ 34.3503, 31.4178 ] } },
{ "type": "Feature", "properties": { "event_id_cnty": "PSE50405", "event_date": "4/8/2024", "year": 2024, "time_precision": true, "disorder_type": "Political violence", "event_type": "Explosions/Remote violence", "sub_event_type": "Shelling/artillery/missile attack", "actor1": "Military Forces of Israel (2022-)", "assoc_actor_1": null, "inter1": 8, "actor2": "Civilians (Palestine)", "assoc_actor_2": null, "inter2": 7, "interaction": 78, "civilian_targeting": "Civilian targeting", "iso": 275, "region": "Middle East", "country": "Palestine", "admin1": "Gaza Strip", "admin2": "Deir El Balah", "admin3": null, "location": "Az Zawayda", "latitude": 31.4284, "longitude": 34.366, "geo_precision": 1, "source": "Quds News Network; Twitter", "source_scale": "New media-National", "notes": "On 8 April 2024, Israeli artillery struck a house in Az Zawayda (Deir El Balah, Gaza Strip). Casualties unknown.", "fatalities": 0, "tags": null, "timestamp": 1767742780 }, "geometry": { "type": "Point", "coordinates": [ 34.366, 31.4284 ] } },
{ "type": "Feature", "properties": { "event_id_cnty": "PSE50386", "event_date": "4/8/2024", "year": 2024, "time_precision": true, "disorder_type": "Political violence", "event_type": "Explosions/Remote violence", "sub_event_type": "Air/drone strike", "actor1": "Military Forces of Israel (2022-)", "assoc_actor_1": null, "inter1": 8, "actor2": "Civilians (Palestine)", "assoc_actor_2": "Government of Palestine (2007-) Hamas Government in Gaza; Refugees/IDPs (Palestine)", "inter2": 7, "interaction": 78, "civilian_targeting": "Civilian targeting", "iso": 275, "region": "Middle East", "country": "Palestine", "admin1": "Gaza Strip", "admin2": "Deir El Balah", "admin3": null, "location": "Al Maghazi", "latitude": 31.4214, "longitude": 34.3865, "geo_precision": 1, "source": "Arutz Sheva; Dunia Al Watan; Newpress; Palestine News and Information Agency; Twitter", "source_scale": "New media-National", "notes": "On 8 April 2024, Israeli artillery struck houses in Al Maghazi refugee camp (Deir El Balah, Gaza strip), killing 4 Palestinians, including women and children, and injuring others. Also, 5 Palestinians were killed including the mayor of Al Maghazi Municipality, in an airstrike targeted a building in Al Maghazi. Total fatalities were 9.", "fatalities": 9, "tags": "local administrators", "timestamp": 1753955113 }, "geometry": { "type": "Point", "coordinates": [ 34.3865, 31.4214 ] } },
{ "type": "Feature", "properties": { "event_id_cnty": "PSE50321", "event_date": "4/8/2024", "year": 2024, "time_precision": true, "disorder_type": "Political violence", "event_type": "Explosions/Remote violence", "sub_event_type": "Air/drone strike", "actor1": "Military Forces of Israel (2022-)", "assoc_actor_1": null, "inter1": 8, "actor2": "Civilians (Palestine)", "assoc_actor_2": null, "inter2": 7, "interaction": 78, "civilian_targeting": "Civilian targeting", "iso": 275, "region": "Middle East", "country": "Palestine", "admin1": "Gaza Strip", "admin2": "Gaza City", "admin3": null, "location": "Gaza - Shujaiyya", "latitude": 31.4988, "longitude": 34.4699, "geo_precision": 2, "source": "Arab 48; Palestine News and Information Agency; Palestinian Ministry of Health; PLO Negotiations Affairs Department", "source_scale": "Other-National", "notes": "On 8 April 2024, Israeli warplanes struck Shujaiyah neighborhood and the artillery and tanks shelled east of Gaza City, coded to Gaza - Shujaiyya (Gaza City, Gaza Strip) leaving unspecified number of fatalities. [Palestinian Ministry of Health reported 33360 fatalities upto 8 April 2024. 32 fatalities not attributed to specific events split across 4 events on 8 April. 32 fatalities coded to this event.]", "fatalities": 32, "tags": null, "timestamp": 1759790002 }, "geometry": { "type": "Point", "coordinates": [ 34.4699, 31.4988 ] } },
{ "type": "Feature", "properties": { "event_id_cnty": "PSE50401", "event_date": "4/8/2024", "year": 2024, "time_precision": true, "disorder_type": "Political violence", "event_type": "Explosions/Remote violence", "sub_event_type": "Air/drone strike", "actor1": "Military Forces of Israel (2022-)", "assoc_actor_1": null, "inter1": 8, "actor2": "Civilians (Palestine)", "assoc_actor_2": null, "inter2": 7, "interaction": 78, "civilian_targeting": "Civilian targeting", "iso": 275, "region": "Middle East", "country": "Palestine", "admin1": "Gaza Strip", "admin2": "Deir El Balah", "admin3": null, "location": "An Nusayrat", "latitude": 31.4486, "longitude": 34.3925, "geo_precision": 1, "source": "Arab 48; Palestinian Ministry of Health; Quds News Network; Twitter", "source_scale": "Other-New media", "notes": "On 8 April 2024, Israeli warplanes struck targets in An Nusayrat camp (Deir El Balah, Gaza Strip) leaving unspecified fatalities. [Palestinian Ministry of Health reported 33360 fatalities upto 8 April 2024. 32 fatalities not attributed to specific events split across 4 events on 8 April. 32 fatalities coded to this event.]", "fatalities": 32, "tags": null, "timestamp": 1753955113 }, "geometry": { "type": "Point", "coordinates": [ 34.3925, 31.4486 ] } },
{ "type": "Feature", "properties": { "event_id_cnty": "PSE50651", "event_date": "4/8/2024", "year": 2024, "time_precision": true, "disorder_type": "Political violence", "event_type": "Explosions/Remote violence", "sub_event_type": "Air/drone strike", "actor1": "Military Forces of Israel (2022-)", "assoc_actor_1": null, "inter1": 8, "actor2": "Civilians (Palestine)", "assoc_actor_2": null, "inter2": 7, "interaction": 78, "civilian_targeting": "Civilian targeting", "iso": 275, "region": "Middle East", "country": "Palestine", "admin1": "Gaza Strip", "admin2": "Khan Yunis", "admin3": null, "location": "Khan Yunis - City Centre", "latitude": 31.3419, "longitude": 34.3015, "geo_precision": 2, "source": "Arab 48; Palestinian Ministry of Health", "source_scale": "Other-National", "notes": "On 8 April 2024, Israeli warplanes struck Khan Yunis (coded as Khan Yunis - City Centre, Gaza Strip) leaving unspecified fatalities. [Palestinian Ministry of Health reported 33360 fatalities upto 8 April 2024. 32 fatalities not attributed to specific events split across 4 events on 8 April. 33 fatalities coded to this event.]", "fatalities": 33, "tags": null, "timestamp": 1753955113 }, "geometry": { "type": "Point", "coordinates": [ 34.3015, 31.3419 ] } },
{ "type": "Feature", "properties": { "event_id_cnty": "PSE50395", "event_date": "4/8/2024", "year": 2024, "time_precision": true, "disorder_type": "Political violence", "event_type": "Explosions/Remote violence", "sub_event_type": "Air/drone strike", "actor1": "Military Forces of Israel (2022-)", "assoc_actor_1": null, "inter1": 8, "actor2": "Civilians (Palestine)", "assoc_actor_2": null, "inter2": 7, "interaction": 78, "civilian_targeting": "Civilian targeting", "iso": 275, "region": "Middle East", "country": "Palestine", "admin1": "Gaza Strip", "admin2": "Gaza City", "admin3": null, "location": "Al Zahra", "latitude": 31.4716, "longitude": 34.4013, "geo_precision": 1, "source": "Arab 48", "source_scale": "National", "notes": "On 8 April 2024, Israeli warplanes struck a group of Palestinians in Al Zahra (Gaza City, Gaza Strip), leaving injuries.", "fatalities": 0, "tags": null, "timestamp": 1753955113 }, "geometry": { "type": "Point", "coordinates": [ 34.4013, 31.4716 ] } },
{ "type": "Feature", "properties": { "event_id_cnty": "PSE50404", "event_date": "4/8/2024", "year": 2024, "time_precision": true, "disorder_type": "Political violence", "event_type": "Explosions/Remote violence", "sub_event_type": "Shelling/artillery/missile attack", "actor1": "Military Forces of Israel (2022-)", "assoc_actor_1": null, "inter1": 8, "actor2": "Civilians (Palestine)", "assoc_actor_2": null, "inter2": 7, "interaction": 78, "civilian_targeting": "Civilian targeting", "iso": 275, "region": "Middle East", "country": "Palestine", "admin1": "Gaza Strip", "admin2": "Gaza City", "admin3": null, "location": "Gaza - Ash Shaykh Ijlin", "latitude": 31.5098, "longitude": 34.4274, "geo_precision": 1, "source": "Quds News Network; Twitter", "source_scale": "New media-National", "notes": "On 8 April 2024, Israeli tanks opened fire at Palestinians who were trying to return to their houses in Gaza - Ash Shaykh Ijlin (Gaza City, Gaza Strip). Casualties unknown.", "fatalities": 0, "tags": null, "timestamp": 1753955113 }, "geometry": { "type": "Point", "coordinates": [ 34.4274, 31.5098 ] } },
{ "type": "Feature", "properties": { "event_id_cnty": "PSE50397", "event_date": "4/8/2024", "year": 2024, "time_precision": true, "disorder_type": "Political violence", "event_type": "Explosions/Remote violence", "sub_event_type": "Shelling/artillery/missile attack", "actor1": "Military Forces of Israel (2022-)", "assoc_actor_1": null, "inter1": 8, "actor2": "Civilians (Palestine)", "assoc_actor_2": null, "inter2": 7, "interaction": 78, "civilian_targeting": "Civilian targeting", "iso": 275, "region": "Middle East", "country": "Palestine", "admin1": "Gaza Strip", "admin2": "Deir El Balah", "admin3": null, "location": "Al Maghazi", "latitude": 31.4214, "longitude": 34.3865, "geo_precision": 2, "source": "Arab 48; Quds News Network; Twitter", "source_scale": "New media-National", "notes": "On 8 April 2024, Israeli artillery struck targets east of Al Maghazi camp (Deir El Balah, Gaza Strip), killing a Palestinian woman.", "fatalities": 1, "tags": null, "timestamp": 1753955113 }, "geometry": { "type": "Point", "coordinates": [ 34.3865, 31.4214 ] } },
{ "type": "Feature", "properties": { "event_id_cnty": "PSE50394", "event_date": "4/8/2024", "year": 2024, "time_precision": true, "disorder_type": "Political violence", "event_type": "Explosions/Remote violence", "sub_event_type": "Air/drone strike", "actor1": "Military Forces of Israel (2022-)", "assoc_actor_1": null, "inter1": 8, "actor2": "Civilians (Palestine)", "assoc_actor_2": null, "inter2": 7, "interaction": 78, "civilian_targeting": "Civilian targeting", "iso": 275, "region": "Middle East", "country": "Palestine", "admin1": "Gaza Strip", "admin2": "Rafah", "admin3": null, "location": "Rafah", "latitude": 31.287, "longitude": 34.2595, "geo_precision": 1, "source": "Arab 48; Newpress; Palestinian Ministry of Health; Quds News Network; Twitter", "source_scale": "Other-New media", "notes": "On 8 April 2024, Israeli warplanes struck targets in Rafah city and near the Kuwait hospital in the city (Rafah, Gaza Strip) leaving unspecified fatalities. [Palestinian Ministry of Health reported 33360 fatalities upto 8 April 2024. 32 fatalities not attributed to specific events split across 4 events on 8 April. 32 fatalities coded to this event.]", "fatalities": 32, "tags": null, "timestamp": 1762829569 }, "geometry": { "type": "Point", "coordinates": [ 34.2595, 31.287 ] } },
{ "type": "Feature", "properties": { "event_id_cnty": "PSE50435", "event_date": "4/9/2024", "year": 2024, "time_precision": true, "disorder_type": "Political violence", "event_type": "Explosions/Remote violence", "sub_event_type": "Air/drone strike", "actor1": "Military Forces of Israel (2022-)", "assoc_actor_1": null, "inter1": 8, "actor2": "Civilians (Palestine)", "assoc_actor_2": null, "inter2": 7, "interaction": 78, "civilian_targeting": "Civilian targeting", "iso": 275, "region": "Middle East", "country": "Palestine", "admin1": "Gaza Strip", "admin2": "Gaza City", "admin3": null, "location": "Gaza - Shujaiyya", "latitude": 31.4988, "longitude": 34.4699, "geo_precision": 1, "source": "Arab 48", "source_scale": "National", "notes": "On 9 April 2024, Israeli warplanes struck a house in Gaza - Shujaiyya (Gaza City, Gaza Strip). Casualties unknown.", "fatalities": 0, "tags": null, "timestamp": 1759790002 }, "geometry": { "type": "Point", "coordinates": [ 34.4699, 31.4988 ] } },
{ "type": "Feature", "properties": { "event_id_cnty": "PSE50412", "event_date": "4/9/2024", "year": 2024, "time_precision": true, "disorder_type": "Political violence", "event_type": "Explosions/Remote violence", "sub_event_type": "Air/drone strike", "actor1": "Military Forces of Israel (2022-)", "assoc_actor_1": null, "inter1": 8, "actor2": "Civilians (Palestine)", "assoc_actor_2": "Refugees/IDPs (Palestine)", "inter2": 7, "interaction": 78, "civilian_targeting": "Civilian targeting", "iso": 275, "region": "Middle East", "country": "Palestine", "admin1": "Gaza Strip", "admin2": "Deir El Balah", "admin3": null, "location": "Deir al Balah", "latitude": 31.4178, "longitude": 34.3503, "geo_precision": 1, "source": "Arab 48; Palestine News and Information Agency; Quds News Network; Twitter", "source_scale": "New media-National", "notes": "On 9 April 2024, Israeli warplanes struck a house and other targets in Deir al Balah city (Deir El Balah, Gaza Strip), leaving 1 fatality and 20 injuries. Also, 2 Palestinians were killed in artillery attacks near a school hosting displaced people in the city. Total fatalities were 3.", "fatalities": 3, "tags": null, "timestamp": 1753955113 }, "geometry": { "type": "Point", "coordinates": [ 34.3503, 31.4178 ] } },
{ "type": "Feature", "properties": { "event_id_cnty": "PSE50424", "event_date": "4/9/2024", "year": 2024, "time_precision": true, "disorder_type": "Political violence", "event_type": "Explosions/Remote violence", "sub_event_type": "Air/drone strike", "actor1": "Military Forces of Israel (2022-)", "assoc_actor_1": null, "inter1": 8, "actor2": "Civilians (Palestine)", "assoc_actor_2": "Refugees/IDPs (Palestine)", "inter2": 7, "interaction": 78, "civilian_targeting": "Civilian targeting", "iso": 275, "region": "Middle East", "country": "Palestine", "admin1": "Gaza Strip", "admin2": "Deir El Balah", "admin3": null, "location": "An Nusayrat", "latitude": 31.4486, "longitude": 34.3925, "geo_precision": 1, "source": "Ma'an News Agency; Newpress; Palestine News and Information Agency; Quds News Network; Twitter", "source_scale": "New media-National", "notes": "On 9 April 2024, Israeli warplanes struck a house in An Nusayrat refugee camp (Deir El Balah, Gaza Strip), leaving at least 14 fatalities and several injuries, including women and children.", "fatalities": 14, "tags": null, "timestamp": 1753955113 }, "geometry": { "type": "Point", "coordinates": [ 34.3925, 31.4486 ] } },
{ "type": "Feature", "properties": { "event_id_cnty": "PSE50431", "event_date": "4/9/2024", "year": 2024, "time_precision": true, "disorder_type": "Political violence", "event_type": "Explosions/Remote violence", "sub_event_type": "Air/drone strike", "actor1": "Military Forces of Israel (2022-)", "assoc_actor_1": null, "inter1": 8, "actor2": "Civilians (Palestine)", "assoc_actor_2": null, "inter2": 7, "interaction": 78, "civilian_targeting": "Civilian targeting", "iso": 275, "region": "Middle East", "country": "Palestine", "admin1": "Gaza Strip", "admin2": "Deir El Balah", "admin3": null, "location": "An Nusayrat - South", "latitude": 31.4389, "longitude": 34.3815, "geo_precision": 1, "source": "Arab 48; Newpress; Quds News Network; Twitter", "source_scale": "New media-National", "notes": "On 9 April 2024, Israeli warplanes struck targets (including a house) south of An Nusayrat camp (An Nusayrat - South, Deir El Balah, Gaza Strip). Casualties unknown.", "fatalities": 0, "tags": null, "timestamp": 1753955113 }, "geometry": { "type": "Point", "coordinates": [ 34.3815, 31.4389 ] } },
{ "type": "Feature", "properties": { "event_id_cnty": "PSE50283", "event_date": "4/9/2024", "year": 2024, "time_precision": true, "disorder_type": "Political violence", "event_type": "Violence against civilians", "sub_event_type": "Attack", "actor1": "Military Forces of Israel (2022-)", "assoc_actor_1": null, "inter1": 8, "actor2": "Civilians (Palestine)", "assoc_actor_2": null, "inter2": 7, "interaction": 78, "civilian_targeting": "Civilian targeting", "iso": 275, "region": "Middle East", "country": "Palestine", "admin1": "Gaza Strip", "admin2": "Gaza City", "admin3": null, "location": "Gaza - Southern Remal", "latitude": 31.5168, "longitude": 34.4355, "geo_precision": 1, "source": "Ma'an News Agency; Palestine News and Information Agency; Quds News Network; Twitter", "source_scale": "New media-National", "notes": "On 9 April 2024, Israeli forces opened fire and killed a Palestinian at Al Shuhada junction in Gaza - Southern Remal (Gaza City, Gaza Strip).", "fatalities": 1, "tags": null, "timestamp": 1759790002 }, "geometry": { "type": "Point", "coordinates": [ 34.4355, 31.5168 ] } },
{ "type": "Feature", "properties": { "event_id_cnty": "PSE50436", "event_date": "4/9/2024", "year": 2024, "time_precision": true, "disorder_type": "Political violence", "event_type": "Explosions/Remote violence", "sub_event_type": "Air/drone strike", "actor1": "Military Forces of Israel (2022-)", "assoc_actor_1": null, "inter1": 8, "actor2": "Civilians (Palestine)", "assoc_actor_2": null, "inter2": 7, "interaction": 78, "civilian_targeting": "Civilian targeting", "iso": 275, "region": "Middle East", "country": "Palestine", "admin1": "Gaza Strip", "admin2": "North Gaza", "admin3": null, "location": "Jabalya Camp", "latitude": 31.536, "longitude": 34.4907, "geo_precision": 2, "source": "Arab 48; Ma'an News Agency; Newpress; Palestinian Ministry of Health; Quds News Network; Twitter", "source_scale": "Other-New media", "notes": "On 9 April 2024, Israeli warplanes struck targets at Al Sikka street east of Mukhayyam Jabalya camp (North Gaza, Gaza Strip), leaving an unspecified number of fatalities and injuries. [Palestinian Ministry of Health reported 33482 fatalities upto 9 April. 98 fatalities not attributed to specific events added to 1 event on 9 April. 98 fatalities coded to this event.]", "fatalities": 98, "tags": null, "timestamp": 1753955113 }, "geometry": { "type": "Point", "coordinates": [ 34.4907, 31.536 ] } },
{ "type": "Feature", "properties": { "event_id_cnty": "PSE50421", "event_date": "4/9/2024", "year": 2024, "time_precision": true, "disorder_type": "Political violence", "event_type": "Explosions/Remote violence", "sub_event_type": "Air/drone strike", "actor1": "Military Forces of Israel (2022-)", "assoc_actor_1": null, "inter1": 8, "actor2": "Civilians (Palestine)", "assoc_actor_2": null, "inter2": 7, "interaction": 78, "civilian_targeting": "Civilian targeting", "iso": 275, "region": "Middle East", "country": "Palestine", "admin1": "Gaza Strip", "admin2": "Gaza City", "admin3": null, "location": "Al Zahra", "latitude": 31.4716, "longitude": 34.4013, "geo_precision": 1, "source": "Arab 48; Ma'an News Agency; Palestine News and Information Agency; Quds News Network; Twitter", "source_scale": "New media-National", "notes": "On 9 April 2024, Israeli warplanes struck a residential tower in Al Zahra city (Gaza City, Gaza Strip). Casualties unknown.", "fatalities": 0, "tags": null, "timestamp": 1753955113 }, "geometry": { "type": "Point", "coordinates": [ 34.4013, 31.4716 ] } },
{ "type": "Feature", "properties": { "event_id_cnty": "PSE50411", "event_date": "4/9/2024", "year": 2024, "time_precision": true, "disorder_type": "Political violence", "event_type": "Explosions/Remote violence", "sub_event_type": "Shelling/artillery/missile attack", "actor1": "Military Forces of Israel (2022-)", "assoc_actor_1": null, "inter1": 8, "actor2": "Civilians (Palestine)", "assoc_actor_2": null, "inter2": 7, "interaction": 78, "civilian_targeting": "Civilian targeting", "iso": 275, "region": "Middle East", "country": "Palestine", "admin1": "Gaza Strip", "admin2": "Rafah", "admin3": null, "location": "Yibna", "latitude": 31.2842, "longitude": 34.2482, "geo_precision": 2, "source": "Palestine News and Information Agency; PLO Negotiations Affairs Department; Quds News Network; Twitter", "source_scale": "Other-New media", "notes": "On 9 April 2024, Israeli artillery and tanks shelled targets east of Rafah, coded to Yibna (Rafah, Gaza Strip). Casualties unknown. Also, 2 Palestinians were killed in artillery attacks targeted a house in Al Tanour area east of Rafah. Fatalities coded as at least 2.", "fatalities": 2, "tags": null, "timestamp": 1753955113 }, "geometry": { "type": "Point", "coordinates": [ 34.2482, 31.2842 ] } },
{ "type": "Feature", "properties": { "event_id_cnty": "PSE50416", "event_date": "4/9/2024", "year": 2024, "time_precision": true, "disorder_type": "Political violence", "event_type": "Explosions/Remote violence", "sub_event_type": "Air/drone strike", "actor1": "Military Forces of Israel (2022-)", "assoc_actor_1": null, "inter1": 8, "actor2": "Civilians (Palestine)", "assoc_actor_2": null, "inter2": 7, "interaction": 78, "civilian_targeting": "Civilian targeting", "iso": 275, "region": "Middle East", "country": "Palestine", "admin1": "Gaza Strip", "admin2": "Gaza City", "admin3": null, "location": "Gaza - Az Zaytun", "latitude": 31.4964, "longitude": 34.4522, "geo_precision": 1, "source": "Liveuamap; Ma'an News Agency; Palestine News and Information Agency; Quds News Network; Twitter", "source_scale": "Local partner-New media", "notes": "On 9 April 2024, Israeli warplanes struck 2 houses in Gaza - Az Zaytun (Gaza City, Gaza Strip), killing 2 Palestinians and injuring dozens. Also, artillery shelled targeted in the same area. Casualties unknown. Total fatalities coded as at least 2.", "fatalities": 2, "tags": null, "timestamp": 1759790002 }, "geometry": { "type": "Point", "coordinates": [ 34.4522, 31.4964 ] } },
{ "type": "Feature", "properties": { "event_id_cnty": "PSE50423", "event_date": "4/9/2024", "year": 2024, "time_precision": true, "disorder_type": "Political violence", "event_type": "Explosions/Remote violence", "sub_event_type": "Air/drone strike", "actor1": "Military Forces of Israel (2022-)", "assoc_actor_1": null, "inter1": 8, "actor2": "Civilians (Palestine)", "assoc_actor_2": null, "inter2": 7, "interaction": 78, "civilian_targeting": "Civilian targeting", "iso": 275, "region": "Middle East", "country": "Palestine", "admin1": "Gaza Strip", "admin2": "Rafah", "admin3": null, "location": "Khirbet al Adas", "latitude": 31.2855, "longitude": 34.2714, "geo_precision": 2, "source": "Ma'an News Agency; Palestine News and Information Agency; Quds News Network; Twitter", "source_scale": "New media-National", "notes": "On 9 April 2024, Israeli warplanes struck an agricultural land in Al Zuhour area north of Rafah, coded to Khirbet al Adas (Rafah, Gaza Strip), killing 1 woman and injuring 2 persons.", "fatalities": 1, "tags": null, "timestamp": 1753955113 }, "geometry": { "type": "Point", "coordinates": [ 34.2714, 31.2855 ] } },
{ "type": "Feature", "properties": { "event_id_cnty": "PSE50413", "event_date": "4/9/2024", "year": 2024, "time_precision": true, "disorder_type": "Political violence", "event_type": "Explosions/Remote violence", "sub_event_type": "Air/drone strike", "actor1": "Military Forces of Israel (2022-)", "assoc_actor_1": null, "inter1": 8, "actor2": "Civilians (Palestine)", "assoc_actor_2": "Private Security Forces (Palestine)", "inter2": 7, "interaction": 78, "civilian_targeting": "Civilian targeting", "iso": 275, "region": "Middle East", "country": "Palestine", "admin1": "Gaza Strip", "admin2": "Gaza City", "admin3": null, "location": "Gaza - At Turukman", "latitude": 31.4864, "longitude": 34.4738, "geo_precision": 2, "source": "Arab 48; Newpress; Palestine News and Information Agency; Quds News Network; Twitter", "source_scale": "New media-National", "notes": "On 9 April 2024, Israeli warplanes attacked a group of Palestinians who are serving within aid security committees responsible for securing aid conveys southeast of Gaza City, coded to Gaza - At Turukman (Gaza City, Gaza Strip), leaving 1 fatality and injuring others. This event involved violence over aid.", "fatalities": 1, "tags": null, "timestamp": 1762292062 }, "geometry": { "type": "Point", "coordinates": [ 34.4738, 31.4864 ] } },
{ "type": "Feature", "properties": { "event_id_cnty": "PSE50449", "event_date": "4/10/2024", "year": 2024, "time_precision": true, "disorder_type": "Political violence", "event_type": "Explosions/Remote violence", "sub_event_type": "Air/drone strike", "actor1": "Military Forces of Israel (2022-)", "assoc_actor_1": null, "inter1": 8, "actor2": "Civilians (Palestine)", "assoc_actor_2": null, "inter2": 7, "interaction": 78, "civilian_targeting": "Civilian targeting", "iso": 275, "region": "Middle East", "country": "Palestine", "admin1": "Gaza Strip", "admin2": "Khan Yunis", "admin3": null, "location": "Al Fukhari", "latitude": 31.2952, "longitude": 34.3332, "geo_precision": 1, "source": "Arab 48; Liveuamap; Quds News Network; Twitter", "source_scale": "Local partner-New media", "notes": "On 10 April 2024, Israeli warplanes struck a house in the Al Fukhari (Khan Yunis, Gaza Strip). Casualties unknown.", "fatalities": 0, "tags": null, "timestamp": 1753955113 }, "geometry": { "type": "Point", "coordinates": [ 34.3332, 31.2952 ] } },
{ "type": "Feature", "properties": { "event_id_cnty": "PSE50450", "event_date": "4/10/2024", "year": 2024, "time_precision": true, "disorder_type": "Political violence", "event_type": "Explosions/Remote violence", "sub_event_type": "Air/drone strike", "actor1": "Military Forces of Israel (2022-)", "assoc_actor_1": null, "inter1": 8, "actor2": "Civilians (Palestine)", "assoc_actor_2": null, "inter2": 7, "interaction": 78, "civilian_targeting": "Civilian targeting", "iso": 275, "region": "Middle East", "country": "Palestine", "admin1": "Gaza Strip", "admin2": "Deir El Balah", "admin3": null, "location": "An Nusayrat - North", "latitude": 31.4591, "longitude": 34.3923, "geo_precision": 1, "source": "Arab 48; Newpress; Quds News Network; Twitter", "source_scale": "New media-National", "notes": "On 10 April 2024, Israeli helicopters opened fire north of An Nusayrat camp (An Nusayrat - North, Deir El Balah, Gaza Strip). Also, warplanes struck targets in the Wadi Gaza area north of An Nusayrat camp. Meanwhile, the artillery struck a passing car, leaving injuries. Fatalities unknown.", "fatalities": 0, "tags": null, "timestamp": 1753955113 }, "geometry": { "type": "Point", "coordinates": [ 34.3923, 31.4591 ] } },
{ "type": "Feature", "properties": { "event_id_cnty": "PSE50455", "event_date": "4/10/2024", "year": 2024, "time_precision": true, "disorder_type": "Political violence", "event_type": "Explosions/Remote violence", "sub_event_type": "Air/drone strike", "actor1": "Military Forces of Israel (2022-)", "assoc_actor_1": null, "inter1": 8, "actor2": "Civilians (Palestine)", "assoc_actor_2": null, "inter2": 7, "interaction": 78, "civilian_targeting": "Civilian targeting", "iso": 275, "region": "Middle East", "country": "Palestine", "admin1": "Gaza Strip", "admin2": "Deir El Balah", "admin3": null, "location": "An Nusayrat", "latitude": 31.4486, "longitude": 34.3925, "geo_precision": 1, "source": "Arab 48; Palestinian Ministry of Health", "source_scale": "Other-National", "notes": "On 10 April 2024, Israeli warplanes struck targets in An Nusayrat refugee camp (Deir El Balah, Gaza Strip) leaving unspecified number of fatalities. [Palestinian Ministry of Health reported 33545 fatalities upto 10 April. 56 fatalities not attributed to specific events added to 1 event on 10 April. 56 fatalities coded to this event.]", "fatalities": 56, "tags": null, "timestamp": 1753955113 }, "geometry": { "type": "Point", "coordinates": [ 34.3925, 31.4486 ] } },
{ "type": "Feature", "properties": { "event_id_cnty": "PSE50454", "event_date": "4/10/2024", "year": 2024, "time_precision": true, "disorder_type": "Political violence", "event_type": "Explosions/Remote violence", "sub_event_type": "Air/drone strike", "actor1": "Military Forces of Israel (2022-)", "assoc_actor_1": null, "inter1": 8, "actor2": "Civilians (Palestine)", "assoc_actor_2": null, "inter2": 7, "interaction": 78, "civilian_targeting": "Civilian targeting", "iso": 275, "region": "Middle East", "country": "Palestine", "admin1": "Gaza Strip", "admin2": "Gaza City", "admin3": null, "location": "Al Zahra", "latitude": 31.4716, "longitude": 34.4013, "geo_precision": 1, "source": "Arab 48; Quds News Network; Twitter", "source_scale": "New media-National", "notes": "On 10 April 2024, Israeli warplanes and artillery struck targets (including residential buildings) in the Al Zahra (Gaza City, Gaza Strip). Casualties unknown.", "fatalities": 0, "tags": null, "timestamp": 1753955113 }, "geometry": { "type": "Point", "coordinates": [ 34.4013, 31.4716 ] } },
{ "type": "Feature", "properties": { "event_id_cnty": "PSE50453", "event_date": "4/10/2024", "year": 2024, "time_precision": true, "disorder_type": "Political violence", "event_type": "Explosions/Remote violence", "sub_event_type": "Shelling/artillery/missile attack", "actor1": "Military Forces of Israel (2022-)", "assoc_actor_1": null, "inter1": 8, "actor2": "Civilians (Palestine)", "assoc_actor_2": null, "inter2": 7, "interaction": 78, "civilian_targeting": "Civilian targeting", "iso": 275, "region": "Middle East", "country": "Palestine", "admin1": "Gaza Strip", "admin2": "Gaza City", "admin3": null, "location": "Al Mughraqa", "latitude": 31.4675, "longitude": 34.4097, "geo_precision": 1, "source": "Arab 48", "source_scale": "National", "notes": "On 10 April 2024, Israeli artillery struck targets (including residential buildings) in Al Mughraqa (Gaza City, Gaza Strip). Casualties unknown.", "fatalities": 0, "tags": null, "timestamp": 1753955113 }, "geometry": { "type": "Point", "coordinates": [ 34.4097, 31.4675 ] } },
{ "type": "Feature", "properties": { "event_id_cnty": "PSE50461", "event_date": "4/10/2024", "year": 2024, "time_precision": true, "disorder_type": "Political violence", "event_type": "Explosions/Remote violence", "sub_event_type": "Air/drone strike", "actor1": "Military Forces of Israel (2022-)", "assoc_actor_1": null, "inter1": 8, "actor2": "Civilians (Palestine)", "assoc_actor_2": null, "inter2": 7, "interaction": 78, "civilian_targeting": "Civilian targeting", "iso": 275, "region": "Middle East", "country": "Palestine", "admin1": "Gaza Strip", "admin2": "Gaza City", "admin3": null, "location": "Gaza - Az Zaytun", "latitude": 31.4964, "longitude": 34.4522, "geo_precision": 1, "source": "Quds News Network; Twitter", "source_scale": "New media-National", "notes": "On 10 April 2024, Israeli warplanes struck targets (including a house) in Gaza - Az Zaytun (Gaza City, Gaza Strip). Meanwhile, the artillery struck targets in the same area. Casualties unknown.", "fatalities": 0, "tags": null, "timestamp": 1759790002 }, "geometry": { "type": "Point", "coordinates": [ 34.4522, 31.4964 ] } },
{ "type": "Feature", "properties": { "event_id_cnty": "PSE50467", "event_date": "4/11/2024", "year": 2024, "time_precision": true, "disorder_type": "Political violence", "event_type": "Explosions/Remote violence", "sub_event_type": "Air/drone strike", "actor1": "Military Forces of Israel (2022-)", "assoc_actor_1": null, "inter1": 8, "actor2": "Civilians (Palestine)", "assoc_actor_2": null, "inter2": 7, "interaction": 78, "civilian_targeting": "Civilian targeting", "iso": 275, "region": "Middle East", "country": "Palestine", "admin1": "Gaza Strip", "admin2": "Gaza City", "admin3": null, "location": "Gaza", "latitude": 31.5045, "longitude": 34.4743, "geo_precision": 1, "source": "Palestine News and Information Agency", "source_scale": "National", "notes": "On 11 April 2024, Israeli warplanes struck a house in Al Nafaq street in Gaza City (Gaza Strip), leaving injuries.", "fatalities": 0, "tags": null, "timestamp": 1759790002 }, "geometry": { "type": "Point", "coordinates": [ 34.4743, 31.5045 ] } },
{ "type": "Feature", "properties": { "event_id_cnty": "PSE50469", "event_date": "4/11/2024", "year": 2024, "time_precision": true, "disorder_type": "Political violence", "event_type": "Explosions/Remote violence", "sub_event_type": "Air/drone strike", "actor1": "Military Forces of Israel (2022-)", "assoc_actor_1": null, "inter1": 8, "actor2": "Civilians (Palestine)", "assoc_actor_2": null, "inter2": 7, "interaction": 78, "civilian_targeting": "Civilian targeting", "iso": 275, "region": "Middle East", "country": "Palestine", "admin1": "Gaza Strip", "admin2": "Khan Yunis", "admin3": null, "location": "Al Fukhari", "latitude": 31.2952, "longitude": 34.3332, "geo_precision": 2, "source": "Palestine News and Information Agency", "source_scale": "National", "notes": "On 11 April 2024, Israeli warplanes struck several houses east of Al Fukhari (Khan Yunis, Gaza Strip). Casualties unknown.", "fatalities": 0, "tags": null, "timestamp": 1753955113 }, "geometry": { "type": "Point", "coordinates": [ 34.3332, 31.2952 ] } },
{ "type": "Feature", "properties": { "event_id_cnty": "PSE50475", "event_date": "4/11/2024", "year": 2024, "time_precision": true, "disorder_type": "Political violence", "event_type": "Explosions/Remote violence", "sub_event_type": "Air/drone strike", "actor1": "Military Forces of Israel (2022-)", "assoc_actor_1": null, "inter1": 8, "actor2": "Civilians (Palestine)", "assoc_actor_2": "Muslim Group (Palestine)", "inter2": 7, "interaction": 78, "civilian_targeting": "Civilian targeting", "iso": 275, "region": "Middle East", "country": "Palestine", "admin1": "Gaza Strip", "admin2": "Gaza City", "admin3": null, "location": "Gaza - Ad Darraj", "latitude": 31.5172, "longitude": 34.4642, "geo_precision": 1, "source": "Arab 48; Newpress; Palestine News and Information Agency; Quds News Network; Twitter", "source_scale": "New media-National", "notes": "On 11 April 2024, Israeli warplanes struck two mosques and the Firas Market in Gaza - Ad Darraj (Gaza City, Gaza Strip), leaving at least 6 fatalities and 20 injuries.", "fatalities": 6, "tags": null, "timestamp": 1759790002 }, "geometry": { "type": "Point", "coordinates": [ 34.4642, 31.5172 ] } },
{ "type": "Feature", "properties": { "event_id_cnty": "PSE50471", "event_date": "4/11/2024", "year": 2024, "time_precision": true, "disorder_type": "Political violence", "event_type": "Explosions/Remote violence", "sub_event_type": "Air/drone strike", "actor1": "Military Forces of Israel (2022-)", "assoc_actor_1": null, "inter1": 8, "actor2": "Civilians (Palestine)", "assoc_actor_2": null, "inter2": 7, "interaction": 78, "civilian_targeting": "Civilian targeting", "iso": 275, "region": "Middle East", "country": "Palestine", "admin1": "Gaza Strip", "admin2": "Deir El Balah", "admin3": null, "location": "An Nusayrat - North", "latitude": 31.4591, "longitude": 34.3923, "geo_precision": 1, "source": "Arab 48; Newpress; Palestine News and Information Agency; Quds News Network; Twitter", "source_scale": "New media-National", "notes": "On 11 April 2024, Israeli warplanes stuck houses and buildings north of An Nusayrat (An Nusayrat - North, Deir El Balah, Gaza Strip), leaving at least 7 fatalities and a number of injuries. Also, airstrikes targeted 2 mosques in the same location.", "fatalities": 7, "tags": null, "timestamp": 1753955113 }, "geometry": { "type": "Point", "coordinates": [ 34.3923, 31.4591 ] } },
{ "type": "Feature", "properties": { "event_id_cnty": "PSE50480", "event_date": "4/11/2024", "year": 2024, "time_precision": true, "disorder_type": "Political violence", "event_type": "Explosions/Remote violence", "sub_event_type": "Air/drone strike", "actor1": "Military Forces of Israel (2022-)", "assoc_actor_1": null, "inter1": 8, "actor2": "Civilians (Palestine)", "assoc_actor_2": null, "inter2": 7, "interaction": 78, "civilian_targeting": "Civilian targeting", "iso": 275, "region": "Middle East", "country": "Palestine", "admin1": "Gaza Strip", "admin2": "Deir El Balah", "admin3": null, "location": "An Nusayrat - West", "latitude": 31.4525, "longitude": 34.3756, "geo_precision": 1, "source": "Newpress; Twitter", "source_scale": "New media-National", "notes": "On 11 April 2024, Israeli warplanes struck an apartment west of An Nusayrat (An Nusayrat - West, Deir El Balah, Gaza Strip). Casualties unknown.", "fatalities": 0, "tags": null, "timestamp": 1753955113 }, "geometry": { "type": "Point", "coordinates": [ 34.3756, 31.4525 ] } },
{ "type": "Feature", "properties": { "event_id_cnty": "PSE50486", "event_date": "4/11/2024", "year": 2024, "time_precision": true, "disorder_type": "Political violence", "event_type": "Explosions/Remote violence", "sub_event_type": "Air/drone strike", "actor1": "Military Forces of Israel (2022-)", "assoc_actor_1": null, "inter1": 8, "actor2": "Civilians (Palestine)", "assoc_actor_2": "Refugees/IDPs (Palestine)", "inter2": 7, "interaction": 78, "civilian_targeting": "Civilian targeting", "iso": 275, "region": "Middle East", "country": "Palestine", "admin1": "Gaza Strip", "admin2": "Deir El Balah", "admin3": null, "location": "Al Burayj", "latitude": 31.4394, "longitude": 34.4031, "geo_precision": 1, "source": "Quds News Network; Twitter", "source_scale": "New media-National", "notes": "On 11 April 2024, Israeli warplanes struck a house in Al Burayj refugee camp (Deir El Balah, Gaza Strip). There were no casualties.", "fatalities": 0, "tags": null, "timestamp": 1753955113 }, "geometry": { "type": "Point", "coordinates": [ 34.4031, 31.4394 ] } },
{ "type": "Feature", "properties": { "event_id_cnty": "PSE50470", "event_date": "4/11/2024", "year": 2024, "time_precision": true, "disorder_type": "Political violence", "event_type": "Explosions/Remote violence", "sub_event_type": "Shelling/artillery/missile attack", "actor1": "Military Forces of Israel (2022-)", "assoc_actor_1": null, "inter1": 8, "actor2": "Civilians (Palestine)", "assoc_actor_2": "Refugees/IDPs (Palestine)", "inter2": 7, "interaction": 78, "civilian_targeting": "Civilian targeting", "iso": 275, "region": "Middle East", "country": "Palestine", "admin1": "Gaza Strip", "admin2": "Gaza City", "admin3": null, "location": "Gaza - Ash Shati' Camp", "latitude": 31.5349, "longitude": 34.4466, "geo_precision": 1, "source": "Palestine News and Information Agency; Quds News Network; Twitter", "source_scale": "New media-National", "notes": "On 11 April 2024, Israeli gunboats struck houses in Gaza - Ash Shati' Camp (Gaza City, Gaza Strip), leaving 2 fatalities.", "fatalities": 2, "tags": null, "timestamp": 1759790002 }, "geometry": { "type": "Point", "coordinates": [ 34.4466, 31.5349 ] } },
{ "type": "Feature", "properties": { "event_id_cnty": "PSE50474", "event_date": "4/11/2024", "year": 2024, "time_precision": true, "disorder_type": "Political violence", "event_type": "Explosions/Remote violence", "sub_event_type": "Air/drone strike", "actor1": "Military Forces of Israel (2022-)", "assoc_actor_1": null, "inter1": 8, "actor2": "Civilians (Palestine)", "assoc_actor_2": "Refugees/IDPs (Palestine)", "inter2": 7, "interaction": 78, "civilian_targeting": "Civilian targeting", "iso": 275, "region": "Middle East", "country": "Palestine", "admin1": "Gaza Strip", "admin2": "North Gaza", "admin3": null, "location": "Jabalya Camp", "latitude": 31.536, "longitude": 34.4907, "geo_precision": 1, "source": "Palestine News and Information Agency; Quds News Network; Twitter", "source_scale": "New media-National", "notes": "On 11 April 2024, Israeli warplanes struck a house in Mukhayyam Jabalya Camp (North Gaza, Gaza Strip), leaving at least 2 fatalities and several injuries.", "fatalities": 2, "tags": null, "timestamp": 1753955113 }, "geometry": { "type": "Point", "coordinates": [ 34.4907, 31.536 ] } },
{ "type": "Feature", "properties": { "event_id_cnty": "PSE50468", "event_date": "4/11/2024", "year": 2024, "time_precision": true, "disorder_type": "Political violence", "event_type": "Explosions/Remote violence", "sub_event_type": "Air/drone strike", "actor1": "Military Forces of Israel (2022-)", "assoc_actor_1": null, "inter1": 8, "actor2": "Civilians (Palestine)", "assoc_actor_2": "Refugees/IDPs (Palestine)", "inter2": 7, "interaction": 78, "civilian_targeting": "Civilian targeting", "iso": 275, "region": "Middle East", "country": "Palestine", "admin1": "Gaza Strip", "admin2": "Deir El Balah", "admin3": null, "location": "An Nusayrat", "latitude": 31.4486, "longitude": 34.3925, "geo_precision": 1, "source": "Arab 48; Palestine News and Information Agency; Palestinian Ministry of Health; Quds News Network; Twitter", "source_scale": "Other-New media", "notes": "On 11 April 2024, Israeli warplanes struck targets in An Nusayrat refugee camp (Deir El Balah, Gaza Strip). Also, airstrikes targeted a market in An Nusayrat, leaving a number of fatalities and injuries. [Palestinian Ministry of Health reported 33634 fatalities upto 11 April 2024. 30 fatalities not attributed to specific events split across 2 events on 11 April. 15 fatalities coded to this event.]", "fatalities": 15, "tags": null, "timestamp": 1753955113 }, "geometry": { "type": "Point", "coordinates": [ 34.3925, 31.4486 ] } },
{ "type": "Feature", "properties": { "event_id_cnty": "PSE50472", "event_date": "4/11/2024", "year": 2024, "time_precision": true, "disorder_type": "Political violence", "event_type": "Explosions/Remote violence", "sub_event_type": "Air/drone strike", "actor1": "Military Forces of Israel (2022-)", "assoc_actor_1": null, "inter1": 8, "actor2": "Civilians (Palestine)", "assoc_actor_2": null, "inter2": 7, "interaction": 78, "civilian_targeting": "Civilian targeting", "iso": 275, "region": "Middle East", "country": "Palestine", "admin1": "Gaza Strip", "admin2": "Gaza City", "admin3": null, "location": "Al Zahra", "latitude": 31.4716, "longitude": 34.4013, "geo_precision": 1, "source": "Palestine News and Information Agency", "source_scale": "National", "notes": "On 11 April 2024, Israeli warplanes struck and destroyed residential buildings in the Al Zahra (Gaza City, Gaza Strip). Casualties unknown.", "fatalities": 0, "tags": null, "timestamp": 1753955113 }, "geometry": { "type": "Point", "coordinates": [ 34.4013, 31.4716 ] } },
{ "type": "Feature", "properties": { "event_id_cnty": "PSE50466", "event_date": "4/11/2024", "year": 2024, "time_precision": true, "disorder_type": "Political violence", "event_type": "Explosions/Remote violence", "sub_event_type": "Air/drone strike", "actor1": "Military Forces of Israel (2022-)", "assoc_actor_1": null, "inter1": 8, "actor2": "Civilians (Palestine)", "assoc_actor_2": null, "inter2": 7, "interaction": 78, "civilian_targeting": "Civilian targeting", "iso": 275, "region": "Middle East", "country": "Palestine", "admin1": "Gaza Strip", "admin2": "Rafah", "admin3": null, "location": "Yibna", "latitude": 31.2842, "longitude": 34.2482, "geo_precision": 2, "source": "Arab 48; Palestine News and Information Agency; PLO Negotiations Affairs Department; Quds News Network; Twitter", "source_scale": "Other-New media", "notes": "On 11 April 2024, Israeli warplanes struck and killed 5 Palestinians near the cemetery east of Rafah, coded to Yibna (Rafah, Gaza Strip). Also, 6 Palestinians were killed in Al Junaina area. Meanwhile, artillery and tanks shelled targets east of Rafah. Casualties unknown. Fatalities coded at least 11.", "fatalities": 11, "tags": null, "timestamp": 1753955113 }, "geometry": { "type": "Point", "coordinates": [ 34.2482, 31.2842 ] } },
{ "type": "Feature", "properties": { "event_id_cnty": "PSE50473", "event_date": "4/11/2024", "year": 2024, "time_precision": true, "disorder_type": "Political violence", "event_type": "Explosions/Remote violence", "sub_event_type": "Air/drone strike", "actor1": "Military Forces of Israel (2022-)", "assoc_actor_1": null, "inter1": 8, "actor2": "Civilians (Palestine)", "assoc_actor_2": null, "inter2": 7, "interaction": 78, "civilian_targeting": "Civilian targeting", "iso": 275, "region": "Middle East", "country": "Palestine", "admin1": "Gaza Strip", "admin2": "Gaza City", "admin3": null, "location": "Gaza - Tal el Hawa", "latitude": 31.5041, "longitude": 34.435, "geo_precision": 1, "source": "Palestine News and Information Agency; Quds News Network; Twitter", "source_scale": "New media-National", "notes": "On 11 April 2024, Israeli warplanes struck a house in Gaza - Tal el Hawa (Gaza City, Gaza Strip), leaving 2 fatalities.", "fatalities": 2, "tags": null, "timestamp": 1759790002 }, "geometry": { "type": "Point", "coordinates": [ 34.435, 31.5041 ] } },
{ "type": "Feature", "properties": { "event_id_cnty": "PSE50476", "event_date": "4/11/2024", "year": 2024, "time_precision": true, "disorder_type": "Political violence", "event_type": "Explosions/Remote violence", "sub_event_type": "Air/drone strike", "actor1": "Military Forces of Israel (2022-)", "assoc_actor_1": null, "inter1": 8, "actor2": "Civilians (Palestine)", "assoc_actor_2": null, "inter2": 7, "interaction": 78, "civilian_targeting": "Civilian targeting", "iso": 275, "region": "Middle East", "country": "Palestine", "admin1": "Gaza Strip", "admin2": "Gaza City", "admin3": null, "location": "Gaza - Az Zaytun", "latitude": 31.4964, "longitude": 34.4522, "geo_precision": 1, "source": "Liveuamap; Palestine News and Information Agency; Quds News Network; Twitter", "source_scale": "Local partner-New media", "notes": "On 11 April 2024, Israeli warplanes struck targets near the al-Mamadani Hospital in Gaza - Az Zaytun (Gaza City, Gaza Strip), leaving 8 fatalities and several injuries.", "fatalities": 8, "tags": null, "timestamp": 1759790002 }, "geometry": { "type": "Point", "coordinates": [ 34.4522, 31.4964 ] } },
{ "type": "Feature", "properties": { "event_id_cnty": "PSE50482", "event_date": "4/11/2024", "year": 2024, "time_precision": true, "disorder_type": "Political violence", "event_type": "Explosions/Remote violence", "sub_event_type": "Air/drone strike", "actor1": "Military Forces of Israel (2022-)", "assoc_actor_1": null, "inter1": 8, "actor2": "Police Forces of Palestine (2007-) Gaza Strip", "assoc_actor_2": "Civilians (Palestine); Hamas Movement", "inter2": 1, "interaction": 18, "civilian_targeting": null, "iso": 275, "region": "Middle East", "country": "Palestine", "admin1": "Gaza Strip", "admin2": "North Gaza", "admin3": null, "location": "Jabalya", "latitude": 31.5272, "longitude": 34.4835, "geo_precision": 2, "source": "Jerusalem Post; Joe Truzman; Newpress; Palestinian Ministry of Health; Quds News Network; Twitter", "source_scale": "Other-New media", "notes": "On 11 April 2024, Israeli warplanes struck a house in Jabalya area (North Gaza, Gaza Strip), killing and injuring a number of Palestinians including the Jabalya police director (Hamas) who is also the head of aid security committees responsible for securing aid trucks. [Palestinian Ministry of Health reported 33634 fatalities upto 11 April 2024. 30 fatalities not attributed to specific events split across 2 events on 11 April. 15 fatalities coded to this event]. This event involved violence over aid.", "fatalities": 15, "tags": null, "timestamp": 1759790002 }, "geometry": { "type": "Point", "coordinates": [ 34.4835, 31.5272 ] } },
{ "type": "Feature", "properties": { "event_id_cnty": "PSE50489", "event_date": "4/12/2024", "year": 2024, "time_precision": true, "disorder_type": "Political violence", "event_type": "Explosions/Remote violence", "sub_event_type": "Air/drone strike", "actor1": "Military Forces of Israel (2022-)", "assoc_actor_1": null, "inter1": 8, "actor2": "Civilians (Palestine)", "assoc_actor_2": null, "inter2": 7, "interaction": 78, "civilian_targeting": "Civilian targeting", "iso": 275, "region": "Middle East", "country": "Palestine", "admin1": "Gaza Strip", "admin2": "Gaza City", "admin3": null, "location": "Gaza - Ad Darraj", "latitude": 31.5172, "longitude": 34.4642, "geo_precision": 1, "source": "Arab 48; Dunia Al Watan; Liveuamap; Newpress; Palestine News and Information Agency; Quds News Network; Twitter", "source_scale": "Local partner-New media", "notes": "On 12 April 2024, Israeli warplanes struck a house in Gaza - Ad Darraj (Gaza City, Gaza Strip), leaving at least 29 fatalities and dozens of injuries. Meanwhile, several Palestinians were injured in an airstrike that targeted an apartment in same area. Total fatalities were at least 29.", "fatalities": 29, "tags": null, "timestamp": 1759790002 }, "geometry": { "type": "Point", "coordinates": [ 34.4642, 31.5172 ] } },
{ "type": "Feature", "properties": { "event_id_cnty": "PSE50491", "event_date": "4/12/2024", "year": 2024, "time_precision": true, "disorder_type": "Political violence", "event_type": "Explosions/Remote violence", "sub_event_type": "Air/drone strike", "actor1": "Military Forces of Israel (2022-)", "assoc_actor_1": null, "inter1": 8, "actor2": "Civilians (Palestine)", "assoc_actor_2": null, "inter2": 7, "interaction": 78, "civilian_targeting": "Civilian targeting", "iso": 275, "region": "Middle East", "country": "Palestine", "admin1": "Gaza Strip", "admin2": "Gaza City", "admin3": null, "location": "Gaza - Shujaiyya", "latitude": 31.4988, "longitude": 34.4699, "geo_precision": 1, "source": "Dunia Al Watan; Palestine News and Information Agency", "source_scale": "National", "notes": "On 12 April 2024, Israeli warplanes struck a house in Gaza - Shujaiyya (Gaza City, Gaza Strip), leaving injuries.", "fatalities": 0, "tags": null, "timestamp": 1759790002 }, "geometry": { "type": "Point", "coordinates": [ 34.4699, 31.4988 ] } },
{ "type": "Feature", "properties": { "event_id_cnty": "PSE50494", "event_date": "4/12/2024", "year": 2024, "time_precision": true, "disorder_type": "Political violence", "event_type": "Explosions/Remote violence", "sub_event_type": "Air/drone strike", "actor1": "Military Forces of Israel (2022-)", "assoc_actor_1": null, "inter1": 8, "actor2": "Civilians (Palestine)", "assoc_actor_2": null, "inter2": 7, "interaction": 78, "civilian_targeting": "Civilian targeting", "iso": 275, "region": "Middle East", "country": "Palestine", "admin1": "Gaza Strip", "admin2": "Gaza City", "admin3": null, "location": "Gaza - At Tuffah", "latitude": 31.5134, "longitude": 34.4751, "geo_precision": 1, "source": "Arab 48; Palestine News and Information Agency; Quds News Network; Twitter", "source_scale": "New media-National", "notes": "On 12 April 2024, Israeli warplanes struck a house in Al Zarqa area in Gaza - At Tuffah (Gaza City, Gaza Strip), leaving at least 5 fatalities and 30 injuries.", "fatalities": 5, "tags": null, "timestamp": 1759790002 }, "geometry": { "type": "Point", "coordinates": [ 34.4751, 31.5134 ] } },
{ "type": "Feature", "properties": { "event_id_cnty": "PSE50488", "event_date": "4/12/2024", "year": 2024, "time_precision": true, "disorder_type": "Political violence", "event_type": "Explosions/Remote violence", "sub_event_type": "Air/drone strike", "actor1": "Military Forces of Israel (2022-)", "assoc_actor_1": null, "inter1": 8, "actor2": "Civilians (Palestine)", "assoc_actor_2": "Refugees/IDPs (Palestine)", "inter2": 7, "interaction": 78, "civilian_targeting": "Civilian targeting", "iso": 275, "region": "Middle East", "country": "Palestine", "admin1": "Gaza Strip", "admin2": "Deir El Balah", "admin3": null, "location": "An Nusayrat - North", "latitude": 31.4591, "longitude": 34.3923, "geo_precision": 1, "source": "Newpress; Palestine News and Information Agency; Quds News Network; Twitter", "source_scale": "New media-National", "notes": "On 12 April 2024, Israeli warplanes and tanks struck targets while operating north of An Nusayrat camp (An Nusayrat - North, Deir El Balah, Gaza Strip) leaving 2 fatalities and a number of injuries including a child. Meanwhile, gunboats opened fire at a school (likely hosting displaced Palestinians) and killed 1 Palestinian. Total fatalities were 3.", "fatalities": 3, "tags": null, "timestamp": 1753955113 }, "geometry": { "type": "Point", "coordinates": [ 34.3923, 31.4591 ] } },
{ "type": "Feature", "properties": { "event_id_cnty": "PSE50493", "event_date": "4/12/2024", "year": 2024, "time_precision": true, "disorder_type": "Political violence", "event_type": "Explosions/Remote violence", "sub_event_type": "Air/drone strike", "actor1": "Military Forces of Israel (2022-)", "assoc_actor_1": null, "inter1": 8, "actor2": "Civilians (Palestine)", "assoc_actor_2": "Journalists (Palestine); Refugees/IDPs (Palestine)", "inter2": 7, "interaction": 78, "civilian_targeting": "Civilian targeting", "iso": 275, "region": "Middle East", "country": "Palestine", "admin1": "Gaza Strip", "admin2": "Deir El Balah", "admin3": null, "location": "An Nusayrat", "latitude": 31.4486, "longitude": 34.3925, "geo_precision": 1, "source": "Arab 48; Palestine News and Information Agency; Quds News Network; Twitter", "source_scale": "New media-National", "notes": "On 12 April 2024, Israeli warplanes struck targets the An Nusayrat refugee camp (Deir El Balah, Gaza strip), injuring a number of Palestinian journalists.", "fatalities": 0, "tags": null, "timestamp": 1753955113 }, "geometry": { "type": "Point", "coordinates": [ 34.3925, 31.4486 ] } },
{ "type": "Feature", "properties": { "event_id_cnty": "PSE50496", "event_date": "4/12/2024", "year": 2024, "time_precision": true, "disorder_type": "Political violence", "event_type": "Explosions/Remote violence", "sub_event_type": "Air/drone strike", "actor1": "Military Forces of Israel (2022-)", "assoc_actor_1": null, "inter1": 8, "actor2": "Civilians (Palestine)", "assoc_actor_2": "Refugees/IDPs (Palestine)", "inter2": 7, "interaction": 78, "civilian_targeting": "Civilian targeting", "iso": 275, "region": "Middle East", "country": "Palestine", "admin1": "Gaza Strip", "admin2": "Deir El Balah", "admin3": null, "location": "Al Maghazi", "latitude": 31.4214, "longitude": 34.3865, "geo_precision": 1, "source": "Palestine News and Information Agency", "source_scale": "National", "notes": "On 12 April 2024, Israeli warplanes struck a house in Al Maghazi refugee camp (Deir El Balah, Gaza Strip). Casualties unknown.", "fatalities": 0, "tags": null, "timestamp": 1753955113 }, "geometry": { "type": "Point", "coordinates": [ 34.3865, 31.4214 ] } },
{ "type": "Feature", "properties": { "event_id_cnty": "PSE50497", "event_date": "4/12/2024", "year": 2024, "time_precision": true, "disorder_type": "Political violence", "event_type": "Explosions/Remote violence", "sub_event_type": "Air/drone strike", "actor1": "Military Forces of Israel (2022-)", "assoc_actor_1": null, "inter1": 8, "actor2": "Civilians (Palestine)", "assoc_actor_2": null, "inter2": 7, "interaction": 78, "civilian_targeting": "Civilian targeting", "iso": 275, "region": "Middle East", "country": "Palestine", "admin1": "Gaza Strip", "admin2": "Deir El Balah", "admin3": null, "location": "Deir al Balah", "latitude": 31.4178, "longitude": 34.3503, "geo_precision": 1, "source": "Newpress; Palestine News and Information Agency; Quds News Network; Twitter", "source_scale": "New media-National", "notes": "On 12 April 2024, Israeli warplanes struck targets (including a house) in Deir al Balah city (Deir El Balah, Gaza Strip). Casualties unknown.", "fatalities": 0, "tags": null, "timestamp": 1753955113 }, "geometry": { "type": "Point", "coordinates": [ 34.3503, 31.4178 ] } },
{ "type": "Feature", "properties": { "event_id_cnty": "PSE50506", "event_date": "4/12/2024", "year": 2024, "time_precision": true, "disorder_type": "Political violence", "event_type": "Explosions/Remote violence", "sub_event_type": "Shelling/artillery/missile attack", "actor1": "Military Forces of Israel (2022-)", "assoc_actor_1": null, "inter1": 8, "actor2": "Civilians (Palestine)", "assoc_actor_2": "Refugees/IDPs (Palestine)", "inter2": 7, "interaction": 78, "civilian_targeting": "Civilian targeting", "iso": 275, "region": "Middle East", "country": "Palestine", "admin1": "Gaza Strip", "admin2": "Deir El Balah", "admin3": null, "location": "Al Maghazi", "latitude": 31.4214, "longitude": 34.3865, "geo_precision": 1, "source": "Quds News Network; Twitter", "source_scale": "New media-National", "notes": "On 12 April 2024, Israeli artillery struck targets in Al Maghazi refugee camp (Deir El Balah, Gaza Strip), leaving several injuries.", "fatalities": 0, "tags": null, "timestamp": 1753955113 }, "geometry": { "type": "Point", "coordinates": [ 34.3865, 31.4214 ] } },
{ "type": "Feature", "properties": { "event_id_cnty": "PSE50492", "event_date": "4/12/2024", "year": 2024, "time_precision": true, "disorder_type": "Political violence", "event_type": "Explosions/Remote violence", "sub_event_type": "Air/drone strike", "actor1": "Military Forces of Israel (2022-)", "assoc_actor_1": null, "inter1": 8, "actor2": "Civilians (Palestine)", "assoc_actor_2": null, "inter2": 7, "interaction": 78, "civilian_targeting": "Civilian targeting", "iso": 275, "region": "Middle East", "country": "Palestine", "admin1": "Gaza Strip", "admin2": "Gaza City", "admin3": null, "location": "Gaza - Southern Remal", "latitude": 31.5168, "longitude": 34.4355, "geo_precision": 1, "source": "Dunia Al Watan; Palestine News and Information Agency", "source_scale": "National", "notes": "On 12 April 2024, Israeli warplanes struck a house in Gaza - Southern Remal (Gaza City, Gaza Strip), leaving injuries.", "fatalities": 0, "tags": null, "timestamp": 1759790002 }, "geometry": { "type": "Point", "coordinates": [ 34.4355, 31.5168 ] } },
{ "type": "Feature", "properties": { "event_id_cnty": "PSE50495", "event_date": "4/12/2024", "year": 2024, "time_precision": true, "disorder_type": "Political violence", "event_type": "Explosions/Remote violence", "sub_event_type": "Air/drone strike", "actor1": "Military Forces of Israel (2022-)", "assoc_actor_1": null, "inter1": 8, "actor2": "Civilians (Palestine)", "assoc_actor_2": null, "inter2": 7, "interaction": 78, "civilian_targeting": "Civilian targeting", "iso": 275, "region": "Middle East", "country": "Palestine", "admin1": "Gaza Strip", "admin2": "North Gaza", "admin3": null, "location": "Beit Hanoun", "latitude": 31.5405, "longitude": 34.5402, "geo_precision": 1, "source": "Palestine News and Information Agency; Palestinian Ministry of Health; Quds News Network; Twitter", "source_scale": "Other-New media", "notes": "On 12 April 2024, Israeli warplanes struck Beit Hanoun (North Gaza, Gaza Strip), leaving a number of fatalities and injuries. [Palestinian Ministry of Health reported 33686 fatalities upto 12 April. 14 fatalities not attributed to specific events added to 1 event on 12 April. 14 fatalities coded to this event.]", "fatalities": 14, "tags": null, "timestamp": 1753955113 }, "geometry": { "type": "Point", "coordinates": [ 34.5402, 31.5405 ] } },
{ "type": "Feature", "properties": { "event_id_cnty": "PSE50490", "event_date": "4/12/2024", "year": 2024, "time_precision": true, "disorder_type": "Political violence", "event_type": "Explosions/Remote violence", "sub_event_type": "Air/drone strike", "actor1": "Military Forces of Israel (2022-)", "assoc_actor_1": null, "inter1": 8, "actor2": "Civilians (Palestine)", "assoc_actor_2": null, "inter2": 7, "interaction": 78, "civilian_targeting": "Civilian targeting", "iso": 275, "region": "Middle East", "country": "Palestine", "admin1": "Gaza Strip", "admin2": "Gaza City", "admin3": null, "location": "Gaza - Az Zaytun", "latitude": 31.4964, "longitude": 34.4522, "geo_precision": 1, "source": "Dunia Al Watan; Palestine News and Information Agency", "source_scale": "National", "notes": "On 12 April 2024, Israeli warplanes struck a house in Gaza - Az Zaytun (Gaza City, Gaza Strip), leaving injuries.", "fatalities": 0, "tags": null, "timestamp": 1759790002 }, "geometry": { "type": "Point", "coordinates": [ 34.4522, 31.4964 ] } },
{ "type": "Feature", "properties": { "event_id_cnty": "PSE50501", "event_date": "4/12/2024", "year": 2024, "time_precision": true, "disorder_type": "Political violence", "event_type": "Explosions/Remote violence", "sub_event_type": "Air/drone strike", "actor1": "Military Forces of Israel (2022-)", "assoc_actor_1": null, "inter1": 8, "actor2": "Civilians (Palestine)", "assoc_actor_2": null, "inter2": 7, "interaction": 78, "civilian_targeting": "Civilian targeting", "iso": 275, "region": "Middle East", "country": "Palestine", "admin1": "Gaza Strip", "admin2": "North Gaza", "admin3": null, "location": "Jabalya", "latitude": 31.5272, "longitude": 34.4835, "geo_precision": 1, "source": "Arab 48", "source_scale": "National", "notes": "On 12 April 2024, Israeli warplanes struck a house in Jabalya town (North Gaza, Gaza Strip), leaving injuries.", "fatalities": 0, "tags": null, "timestamp": 1759790002 }, "geometry": { "type": "Point", "coordinates": [ 34.4835, 31.5272 ] } },
{ "type": "Feature", "properties": { "event_id_cnty": "PSE50502", "event_date": "4/12/2024", "year": 2024, "time_precision": true, "disorder_type": "Political violence", "event_type": "Explosions/Remote violence", "sub_event_type": "Air/drone strike", "actor1": "Military Forces of Israel (2022-)", "assoc_actor_1": null, "inter1": 8, "actor2": "Civilians (Palestine)", "assoc_actor_2": null, "inter2": 7, "interaction": 78, "civilian_targeting": "Civilian targeting", "iso": 275, "region": "Middle East", "country": "Palestine", "admin1": "Gaza Strip", "admin2": "Rafah", "admin3": null, "location": "Khirbet al Adas", "latitude": 31.2855, "longitude": 34.2714, "geo_precision": 1, "source": "Quds News Network; Twitter", "source_scale": "New media-National", "notes": "On 12 April 2024, an Israeli UAV struck and killed 1 Palestinian in Khirbet al Adas (Rafah, Gaza Strip).", "fatalities": 1, "tags": null, "timestamp": 1753955113 }, "geometry": { "type": "Point", "coordinates": [ 34.2714, 31.2855 ] } },
{ "type": "Feature", "properties": { "event_id_cnty": "PSE50517", "event_date": "4/13/2024", "year": 2024, "time_precision": true, "disorder_type": "Political violence", "event_type": "Explosions/Remote violence", "sub_event_type": "Air/drone strike", "actor1": "Military Forces of Israel (2022-)", "assoc_actor_1": null, "inter1": 8, "actor2": "Civilians (Palestine)", "assoc_actor_2": null, "inter2": 7, "interaction": 78, "civilian_targeting": "Civilian targeting", "iso": 275, "region": "Middle East", "country": "Palestine", "admin1": "Gaza Strip", "admin2": "Deir El Balah", "admin3": null, "location": "An Nusayrat - North", "latitude": 31.4591, "longitude": 34.3923, "geo_precision": 1, "source": "Arab 48; Newpress; Palestine News and Information Agency; Quds News Network; Twitter", "source_scale": "New media-National", "notes": "On 13 April 2024, Israeli warplanes struck targets north of An Nusayrat camp (An Nusayrat - North, Deir El Balah, Gaza Strip). Meanwhile, the artillery targeted the same area. At least one Palestinian was killed and a number of persons were injured.", "fatalities": 1, "tags": null, "timestamp": 1753955113 }, "geometry": { "type": "Point", "coordinates": [ 34.3923, 31.4591 ] } },
{ "type": "Feature", "properties": { "event_id_cnty": "PSE50521", "event_date": "4/13/2024", "year": 2024, "time_precision": true, "disorder_type": "Political violence", "event_type": "Explosions/Remote violence", "sub_event_type": "Air/drone strike", "actor1": "Military Forces of Israel (2022-)", "assoc_actor_1": null, "inter1": 8, "actor2": "Civilians (Palestine)", "assoc_actor_2": null, "inter2": 7, "interaction": 78, "civilian_targeting": "Civilian targeting", "iso": 275, "region": "Middle East", "country": "Palestine", "admin1": "Gaza Strip", "admin2": "Deir El Balah", "admin3": null, "location": "An Nusayrat - West", "latitude": 31.4525, "longitude": 34.3756, "geo_precision": 1, "source": "Newpress; Twitter", "source_scale": "New media-National", "notes": "On 13 April 2024, Israeli warplanes struck targets west of An Nusayrat camp (An Nusayrat - West, Deir El Balah, Gaza Strip), leaving injuries.", "fatalities": 0, "tags": null, "timestamp": 1753955113 }, "geometry": { "type": "Point", "coordinates": [ 34.3756, 31.4525 ] } },
{ "type": "Feature", "properties": { "event_id_cnty": "PSE50553", "event_date": "4/13/2024", "year": 2024, "time_precision": true, "disorder_type": "Political violence", "event_type": "Explosions/Remote violence", "sub_event_type": "Air/drone strike", "actor1": "Military Forces of Israel (2022-)", "assoc_actor_1": null, "inter1": 8, "actor2": "Civilians (Palestine)", "assoc_actor_2": null, "inter2": 7, "interaction": 78, "civilian_targeting": "Civilian targeting", "iso": 275, "region": "Middle East", "country": "Palestine", "admin1": "Gaza Strip", "admin2": "Deir El Balah", "admin3": null, "location": "Deir al Balah", "latitude": 31.4178, "longitude": 34.3503, "geo_precision": 1, "source": "Arab 48; Quds News Network; Twitter", "source_scale": "New media-National", "notes": "On 13 April 2024, Israeli warplanes struck a house in Deir al Balah city (Deir El Balah, Gaza Strip), leaving injuries. Also, airstrikes targeted a mosque, which caused the destruction of a nearby residential complex. Fatalities unknown.", "fatalities": 0, "tags": null, "timestamp": 1753955113 }, "geometry": { "type": "Point", "coordinates": [ 34.3503, 31.4178 ] } },
{ "type": "Feature", "properties": { "event_id_cnty": "PSE50518", "event_date": "4/13/2024", "year": 2024, "time_precision": true, "disorder_type": "Political violence", "event_type": "Explosions/Remote violence", "sub_event_type": "Air/drone strike", "actor1": "Military Forces of Israel (2022-)", "assoc_actor_1": null, "inter1": 8, "actor2": "Civilians (Palestine)", "assoc_actor_2": "Refugees/IDPs (Palestine); UNRWA: United Nations Relief and Works Agency", "inter2": 7, "interaction": 78, "civilian_targeting": "Civilian targeting", "iso": 275, "region": "Middle East", "country": "Palestine", "admin1": "Gaza Strip", "admin2": "Deir El Balah", "admin3": null, "location": "An Nusayrat", "latitude": 31.4486, "longitude": 34.3925, "geo_precision": 1, "source": "Newpress; Palestine News and Information Agency; Palestinian Ministry of Health; Quds News Network; Twitter", "source_scale": "Other-New media", "notes": "On 13 April 2024, Israeli warplanes struck targets, including houses and a UNRWA school, in An Nusayrat refugee camp (Deir El Balah, Gaza Strip), leaving injuries. Also, warplanes struck a house and killed a number of Palestinians, including children. In addition, at least 3 persons were killed in a separate airstrike that targeted several houses in the camp and destroyed a tower. [Palestinian Ministry of Health reported 33729 fatalities upto 13 April. 37 fatalities not attributed to specific events added to 1 event on 13 April. 37 fatalities coded to this event.] Total fatalities coded as 40 (37 unknown, 3 confirmed).", "fatalities": 40, "tags": null, "timestamp": 1753955113 }, "geometry": { "type": "Point", "coordinates": [ 34.3925, 31.4486 ] } },
{ "type": "Feature", "properties": { "event_id_cnty": "PSE50685", "event_date": "4/13/2024", "year": 2024, "time_precision": true, "disorder_type": "Political violence", "event_type": "Explosions/Remote violence", "sub_event_type": "Air/drone strike", "actor1": "Military Forces of Israel (2022-)", "assoc_actor_1": null, "inter1": 8, "actor2": "Civilians (Palestine)", "assoc_actor_2": null, "inter2": 7, "interaction": 78, "civilian_targeting": "Civilian targeting", "iso": 275, "region": "Middle East", "country": "Palestine", "admin1": "Gaza Strip", "admin2": "North Gaza", "admin3": null, "location": "Sheikh Zaid", "latitude": 31.5392, "longitude": 34.5117, "geo_precision": 1, "source": "Newpress; Palestine News and Information Agency; Twitter", "source_scale": "New media-National", "notes": "On 13 April 2024, Israeli warplanes struck on the outskirts of Sheikh Zaid (North Gaza, Gaza Strip), leaving 2 fatalities.", "fatalities": 2, "tags": null, "timestamp": 1759790002 }, "geometry": { "type": "Point", "coordinates": [ 34.5117, 31.5392 ] } },
{ "type": "Feature", "properties": { "event_id_cnty": "PSE50580", "event_date": "4/14/2024", "year": 2024, "time_precision": true, "disorder_type": "Political violence", "event_type": "Explosions/Remote violence", "sub_event_type": "Air/drone strike", "actor1": "Military Forces of Israel (2022-)", "assoc_actor_1": null, "inter1": 8, "actor2": "Civilians (Palestine)", "assoc_actor_2": null, "inter2": 7, "interaction": 78, "civilian_targeting": "Civilian targeting", "iso": 275, "region": "Middle East", "country": "Palestine", "admin1": "Gaza Strip", "admin2": "Gaza City", "admin3": null, "location": "Gaza", "latitude": 31.5045, "longitude": 34.4743, "geo_precision": 1, "source": "Palestine News and Information Agency", "source_scale": "National", "notes": "On 14 April 2024, Israeli warplanes struck a house in Gaza City (Gaza City, Gaza Strip), leaving injuries.", "fatalities": 0, "tags": null, "timestamp": 1759790002 }, "geometry": { "type": "Point", "coordinates": [ 34.4743, 31.5045 ] } },
{ "type": "Feature", "properties": { "event_id_cnty": "PSE50630", "event_date": "4/14/2024", "year": 2024, "time_precision": true, "disorder_type": "Political violence", "event_type": "Explosions/Remote violence", "sub_event_type": "Shelling/artillery/missile attack", "actor1": "Military Forces of Israel (2022-)", "assoc_actor_1": null, "inter1": 8, "actor2": "Civilians (Palestine)", "assoc_actor_2": null, "inter2": 7, "interaction": 78, "civilian_targeting": "Civilian targeting", "iso": 275, "region": "Middle East", "country": "Palestine", "admin1": "Gaza Strip", "admin2": "Khan Yunis", "admin3": null, "location": "Abasan al Kabirah", "latitude": 31.3191, "longitude": 34.3401, "geo_precision": 1, "source": "Palestine News and Information Agency", "source_scale": "National", "notes": "On 14 April 2024, Israeli artillery shelled targets in Abasan al Kabirah (Khan Yunis, Gaza Strip), leaving injuries.", "fatalities": 0, "tags": null, "timestamp": 1753955113 }, "geometry": { "type": "Point", "coordinates": [ 34.3401, 31.3191 ] } },
{ "type": "Feature", "properties": { "event_id_cnty": "PSE50636", "event_date": "4/14/2024", "year": 2024, "time_precision": true, "disorder_type": "Political violence", "event_type": "Explosions/Remote violence", "sub_event_type": "Shelling/artillery/missile attack", "actor1": "Military Forces of Israel (2022-)", "assoc_actor_1": null, "inter1": 8, "actor2": "Civilians (Palestine)", "assoc_actor_2": null, "inter2": 7, "interaction": 78, "civilian_targeting": "Civilian targeting", "iso": 275, "region": "Middle East", "country": "Palestine", "admin1": "Gaza Strip", "admin2": "Khan Yunis", "admin3": null, "location": "Bani Suheila", "latitude": 31.3424, "longitude": 34.325, "geo_precision": 1, "source": "Palestine News and Information Agency", "source_scale": "National", "notes": "On 14 April 2024, Israeli artillery shelled targets in Bani Suheila (Khan Yunis, Gaza Strip), leaving injuries.", "fatalities": 0, "tags": null, "timestamp": 1753955113 }, "geometry": { "type": "Point", "coordinates": [ 34.325, 31.3424 ] } },
{ "type": "Feature", "properties": { "event_id_cnty": "PSE50511", "event_date": "4/14/2024", "year": 2024, "time_precision": true, "disorder_type": "Political violence", "event_type": "Explosions/Remote violence", "sub_event_type": "Shelling/artillery/missile attack", "actor1": "Military Forces of Israel (2022-)", "assoc_actor_1": null, "inter1": 8, "actor2": "Civilians (Palestine)", "assoc_actor_2": null, "inter2": 7, "interaction": 78, "civilian_targeting": "Civilian targeting", "iso": 275, "region": "Middle East", "country": "Palestine", "admin1": "Gaza Strip", "admin2": "Deir El Balah", "admin3": null, "location": "Al Maghazi", "latitude": 31.4214, "longitude": 34.3865, "geo_precision": 2, "source": "Arab 48; Quds News Network; Twitter", "source_scale": "New media-National", "notes": "On 14 April 2024, Israeli artillery struck targets east of Al Maghazi camp (Deir El Balah, Gaza Strip), leaving 2 injuries.", "fatalities": 0, "tags": null, "timestamp": 1753955113 }, "geometry": { "type": "Point", "coordinates": [ 34.3865, 31.4214 ] } },
{ "type": "Feature", "properties": { "event_id_cnty": "PSE50523", "event_date": "4/14/2024", "year": 2024, "time_precision": true, "disorder_type": "Political violence", "event_type": "Explosions/Remote violence", "sub_event_type": "Air/drone strike", "actor1": "Military Forces of Israel (2022-)", "assoc_actor_1": null, "inter1": 8, "actor2": "Civilians (Palestine)", "assoc_actor_2": "Muslim Group (Palestine); Refugees/IDPs (Palestine)", "inter2": 7, "interaction": 78, "civilian_targeting": "Civilian targeting", "iso": 275, "region": "Middle East", "country": "Palestine", "admin1": "Gaza Strip", "admin2": "Deir El Balah", "admin3": null, "location": "An Nusayrat", "latitude": 31.4486, "longitude": 34.3925, "geo_precision": 1, "source": "Al-Ittihad; Palestine News and Information Agency; Quds News Network; Twitter", "source_scale": "New media-National", "notes": "On 14 April 2024, Israeli warplanes struck houses in An Nusayrat refugee camp (Deir El Balah, Gaza Strip). As a result, 10 Palestinians were killed and 20 more were injured in An Nusayrat, Al Mughraqa, and Al Zahra (4 fatalities were coded to this location). Also, warplanes struck a mosque while artillery targeted a tower in the camp. Total fatalities coded as 4.", "fatalities": 4, "tags": null, "timestamp": 1753955113 }, "geometry": { "type": "Point", "coordinates": [ 34.3925, 31.4486 ] } },
{ "type": "Feature", "properties": { "event_id_cnty": "PSE50524", "event_date": "4/14/2024", "year": 2024, "time_precision": true, "disorder_type": "Political violence", "event_type": "Violence against civilians", "sub_event_type": "Attack", "actor1": "Military Forces of Israel (2022-)", "assoc_actor_1": null, "inter1": 8, "actor2": "Civilians (Palestine)", "assoc_actor_2": "Refugees/IDPs (Palestine)", "inter2": 7, "interaction": 78, "civilian_targeting": "Civilian targeting", "iso": 275, "region": "Middle East", "country": "Palestine", "admin1": "Gaza Strip", "admin2": "Deir El Balah", "admin3": null, "location": "An Nusayrat - West", "latitude": 31.4525, "longitude": 34.3756, "geo_precision": 1, "source": "Arab 48; Ma'an News Agency; Newpress; Palestine News and Information Agency; Quds News Network; Twitter", "source_scale": "New media-National", "notes": "On 14 April 2024, Israeli military forces opened fire on hundreds of displaced Palestinians who had attempted to return to Northern Gaza through the Al Rashid street near Wadi Gaza, West of An Nusayrat (An Nusayrat - West, Deir El Balah, Gaza Strip). As a result, 6 Palestinians, including a woman and a girl, were killed and at least 25 others were injured.", "fatalities": 6, "tags": null, "timestamp": 1753955113 }, "geometry": { "type": "Point", "coordinates": [ 34.3756, 31.4525 ] } },
{ "type": "Feature", "properties": { "event_id_cnty": "PSE50525", "event_date": "4/14/2024", "year": 2024, "time_precision": true, "disorder_type": "Political violence", "event_type": "Explosions/Remote violence", "sub_event_type": "Air/drone strike", "actor1": "Military Forces of Israel (2022-)", "assoc_actor_1": null, "inter1": 8, "actor2": "Civilians (Palestine)", "assoc_actor_2": null, "inter2": 7, "interaction": 78, "civilian_targeting": "Civilian targeting", "iso": 275, "region": "Middle East", "country": "Palestine", "admin1": "Gaza Strip", "admin2": "Deir El Balah", "admin3": null, "location": "An Nusayrat - North", "latitude": 31.4591, "longitude": 34.3923, "geo_precision": 2, "source": "Ma'an News Agency; Palestine News and Information Agency; Quds News Network; Twitter", "source_scale": "New media-National", "notes": "On 14 April 2024, Israeli warplanes struck a house northwest of An Nusayrat camp (coded to An Nusayrat - North, Deir El Balah, Gaza Strip), leaving 5 fatalities and dozens of injuries.", "fatalities": 5, "tags": null, "timestamp": 1753955113 }, "geometry": { "type": "Point", "coordinates": [ 34.3923, 31.4591 ] } },
{ "type": "Feature", "properties": { "event_id_cnty": "PSE50554", "event_date": "4/14/2024", "year": 2024, "time_precision": true, "disorder_type": "Political violence", "event_type": "Explosions/Remote violence", "sub_event_type": "Air/drone strike", "actor1": "Military Forces of Israel (2022-)", "assoc_actor_1": null, "inter1": 8, "actor2": "Civilians (Palestine)", "assoc_actor_2": null, "inter2": 7, "interaction": 78, "civilian_targeting": "Civilian targeting", "iso": 275, "region": "Middle East", "country": "Palestine", "admin1": "Gaza Strip", "admin2": "Deir El Balah", "admin3": null, "location": "Deir al Balah", "latitude": 31.4178, "longitude": 34.3503, "geo_precision": 1, "source": "Newpress; Twitter", "source_scale": "New media-National", "notes": "On 14 April 2024, Israeli warplanes carried out strikes in Deir al Balah (Deir El Balah, Gaza Strip), killing 2 children.", "fatalities": 2, "tags": null, "timestamp": 1753955113 }, "geometry": { "type": "Point", "coordinates": [ 34.3503, 31.4178 ] } },
{ "type": "Feature", "properties": { "event_id_cnty": "PSE50515", "event_date": "4/14/2024", "year": 2024, "time_precision": true, "disorder_type": "Political violence", "event_type": "Explosions/Remote violence", "sub_event_type": "Shelling/artillery/missile attack", "actor1": "Military Forces of Israel (2022-)", "assoc_actor_1": null, "inter1": 8, "actor2": "Civilians (Palestine)", "assoc_actor_2": null, "inter2": 7, "interaction": 78, "civilian_targeting": "Civilian targeting", "iso": 275, "region": "Middle East", "country": "Palestine", "admin1": "Gaza Strip", "admin2": "Deir El Balah", "admin3": null, "location": "Al Musaddar", "latitude": 31.4105, "longitude": 34.378, "geo_precision": 2, "source": "Palestine News and Information Agency; Palestinian Ministry of Health", "source_scale": "Other-National", "notes": "On 14 April 2024, Israeli gunboats opened fire and shelled houses west of Deir al Balah, coded to Al Musaddar (Deir El Balah, Gaza Strip) leading to unspecified fatalities. [Palestinian Ministry of Health reported 33797 fatalities upto 14 April 2024. 19 fatalities not attributed to specific events split across 2 events on 4 April. 9 fatalities coded to this event.]", "fatalities": 9, "tags": null, "timestamp": 1765850627 }, "geometry": { "type": "Point", "coordinates": [ 34.378, 31.4105 ] } },
{ "type": "Feature", "properties": { "event_id_cnty": "PSE50653", "event_date": "4/14/2024", "year": 2024, "time_precision": true, "disorder_type": "Political violence", "event_type": "Explosions/Remote violence", "sub_event_type": "Shelling/artillery/missile attack", "actor1": "Military Forces of Israel (2022-)", "assoc_actor_1": null, "inter1": 8, "actor2": "Civilians (Palestine)", "assoc_actor_2": null, "inter2": 7, "interaction": 78, "civilian_targeting": "Civilian targeting", "iso": 275, "region": "Middle East", "country": "Palestine", "admin1": "Gaza Strip", "admin2": "Khan Yunis", "admin3": null, "location": "Khan Yunis - West (Municipal Stadium)", "latitude": 31.3484, "longitude": 34.2961, "geo_precision": 2, "source": "Palestine News and Information Agency; Palestinian Ministry of Health", "source_scale": "Other-National", "notes": "On 14 April 2024, Israeli gunboats opened fire and shelled houses west of Khan Yunis, (coded to Khan Yunis - West (Municipal Stadium), Gaza Strip) leading to unspecified fatalities. [Palestinian Ministry of Health reported 33797 fatalities upto 14 April 2024. 19 fatalities not attributed to specific events split across 2 events on 4 April. 10 fatalities coded to this event.]", "fatalities": 10, "tags": null, "timestamp": 1753955113 }, "geometry": { "type": "Point", "coordinates": [ 34.2961, 31.3484 ] } },
{ "type": "Feature", "properties": { "event_id_cnty": "PSE50574", "event_date": "4/14/2024", "year": 2024, "time_precision": true, "disorder_type": "Political violence", "event_type": "Explosions/Remote violence", "sub_event_type": "Air/drone strike", "actor1": "Military Forces of Israel (2022-)", "assoc_actor_1": null, "inter1": 8, "actor2": "Civilians (Palestine)", "assoc_actor_2": null, "inter2": 7, "interaction": 78, "civilian_targeting": "Civilian targeting", "iso": 275, "region": "Middle East", "country": "Palestine", "admin1": "Gaza Strip", "admin2": "Gaza City", "admin3": null, "location": "Al Zahra", "latitude": 31.4716, "longitude": 34.4013, "geo_precision": 1, "source": "Al-Ittihad; Palestine News and Information Agency", "source_scale": "National-Regional", "notes": "On 14 April 2024, Israeli warplanes struck houses in Al Zahra (Gaza City, Gaza Strip). As a result, 10 Palestinians were killed and 20 more were injured in An Nusayrat, Al Mughraqa, and Al Zahra (3 fatalities were coded to this location).", "fatalities": 3, "tags": null, "timestamp": 1753955113 }, "geometry": { "type": "Point", "coordinates": [ 34.4013, 31.4716 ] } },
{ "type": "Feature", "properties": { "event_id_cnty": "PSE50584", "event_date": "4/14/2024", "year": 2024, "time_precision": true, "disorder_type": "Political violence", "event_type": "Explosions/Remote violence", "sub_event_type": "Air/drone strike", "actor1": "Military Forces of Israel (2022-)", "assoc_actor_1": null, "inter1": 8, "actor2": "Civilians (Palestine)", "assoc_actor_2": null, "inter2": 7, "interaction": 78, "civilian_targeting": "Civilian targeting", "iso": 275, "region": "Middle East", "country": "Palestine", "admin1": "Gaza Strip", "admin2": "Gaza City", "admin3": null, "location": "Gaza - Ash Shaykh Ijlin", "latitude": 31.5098, "longitude": 34.4274, "geo_precision": 1, "source": "Palestine News and Information Agency", "source_scale": "National", "notes": "On 14 April 2024, Israeli warplanes struck a house in Gaza - Ash Shaykh Ijlin (Gaza City, Gaza Strip), leaving injuries.", "fatalities": 0, "tags": null, "timestamp": 1753955113 }, "geometry": { "type": "Point", "coordinates": [ 34.4274, 31.5098 ] } },
{ "type": "Feature", "properties": { "event_id_cnty": "PSE50656", "event_date": "4/14/2024", "year": 2024, "time_precision": true, "disorder_type": "Political violence", "event_type": "Explosions/Remote violence", "sub_event_type": "Air/drone strike", "actor1": "Military Forces of Israel (2022-)", "assoc_actor_1": null, "inter1": 8, "actor2": "Civilians (Palestine)", "assoc_actor_2": null, "inter2": 7, "interaction": 78, "civilian_targeting": "Civilian targeting", "iso": 275, "region": "Middle East", "country": "Palestine", "admin1": "Gaza Strip", "admin2": "North Gaza", "admin3": null, "location": "Beit Hanoun", "latitude": 31.5405, "longitude": 34.5402, "geo_precision": 1, "source": "Palestine News and Information Agency", "source_scale": "National", "notes": "On 14 April 2024, Israeli warplanes struck 3 houses in Beit Hanoun (North Gaza, Gaza Strip), leaving at least 8 injuries.", "fatalities": 0, "tags": null, "timestamp": 1753955113 }, "geometry": { "type": "Point", "coordinates": [ 34.5402, 31.5405 ] } },
{ "type": "Feature", "properties": { "event_id_cnty": "PSE50566", "event_date": "4/14/2024", "year": 2024, "time_precision": true, "disorder_type": "Political violence", "event_type": "Explosions/Remote violence", "sub_event_type": "Air/drone strike", "actor1": "Military Forces of Israel (2022-)", "assoc_actor_1": null, "inter1": 8, "actor2": "Civilians (Palestine)", "assoc_actor_2": null, "inter2": 7, "interaction": 78, "civilian_targeting": "Civilian targeting", "iso": 275, "region": "Middle East", "country": "Palestine", "admin1": "Gaza Strip", "admin2": "Gaza City", "admin3": null, "location": "Al Mughraqa", "latitude": 31.4675, "longitude": 34.4097, "geo_precision": 1, "source": "Al-Ittihad; Palestine News and Information Agency", "source_scale": "National-Regional", "notes": "On 14 April 2024, Israeli warplanes struck houses in Al Mughraqa (Gaza City, Gaza Strip). As a result, 10 Palestinians were killed and 20 more were injured in An Nusayrat, Al Mughraqa, and Al Zahra (3 fatalities were coded to this location).", "fatalities": 3, "tags": null, "timestamp": 1753955113 }, "geometry": { "type": "Point", "coordinates": [ 34.4097, 31.4675 ] } },
{ "type": "Feature", "properties": { "event_id_cnty": "PSE50595", "event_date": "4/14/2024", "year": 2024, "time_precision": true, "disorder_type": "Political violence", "event_type": "Explosions/Remote violence", "sub_event_type": "Air/drone strike", "actor1": "Military Forces of Israel (2022-)", "assoc_actor_1": null, "inter1": 8, "actor2": "Civilians (Palestine)", "assoc_actor_2": null, "inter2": 7, "interaction": 78, "civilian_targeting": "Civilian targeting", "iso": 275, "region": "Middle East", "country": "Palestine", "admin1": "Gaza Strip", "admin2": "Gaza City", "admin3": null, "location": "Gaza - Az Zaytun", "latitude": 31.4964, "longitude": 34.4522, "geo_precision": 1, "source": "Palestine News and Information Agency", "source_scale": "National", "notes": "On 14 April 2024, Israeli warplanes struck a house in Gaza - Az Zaytun (Gaza City, Gaza Strip), leaving injuries.", "fatalities": 0, "tags": null, "timestamp": 1759790002 }, "geometry": { "type": "Point", "coordinates": [ 34.4522, 31.4964 ] } },
{ "type": "Feature", "properties": { "event_id_cnty": "PSE50626", "event_date": "4/14/2024", "year": 2024, "time_precision": true, "disorder_type": "Political violence", "event_type": "Explosions/Remote violence", "sub_event_type": "Air/drone strike", "actor1": "Military Forces of Israel (2022-)", "assoc_actor_1": null, "inter1": 8, "actor2": "Civilians (Palestine)", "assoc_actor_2": null, "inter2": 7, "interaction": 78, "civilian_targeting": "Civilian targeting", "iso": 275, "region": "Middle East", "country": "Palestine", "admin1": "Gaza Strip", "admin2": "Gaza City", "admin3": null, "location": "Gaza - Tal el Hawa", "latitude": 31.5041, "longitude": 34.435, "geo_precision": 1, "source": "Palestine News and Information Agency", "source_scale": "National", "notes": "On 14 April 2024, Israeli warplanes struck a house in Gaza - Tal el Hawa (Gaza City, Gaza Strip), leaving injuries.", "fatalities": 0, "tags": null, "timestamp": 1759790002 }, "geometry": { "type": "Point", "coordinates": [ 34.435, 31.5041 ] } },
{ "type": "Feature", "properties": { "event_id_cnty": "PSE50575", "event_date": "4/14/2024", "year": 2024, "time_precision": true, "disorder_type": "Political violence", "event_type": "Violence against civilians", "sub_event_type": "Attack", "actor1": "Military Forces of Israel (2022-)", "assoc_actor_1": null, "inter1": 8, "actor2": "Civilians (Palestine)", "assoc_actor_2": "Women (Palestine)", "inter2": 7, "interaction": 78, "civilian_targeting": "Civilian targeting", "iso": 275, "region": "Middle East", "country": "Palestine", "admin1": "Gaza Strip", "admin2": "Gaza City", "admin3": null, "location": "Al Zahra", "latitude": 31.4716, "longitude": 34.4013, "geo_precision": 2, "source": "Arab 48", "source_scale": "National", "notes": "On 14 April 2024, Israeli forces opened fire at a group of Palestinians west of Al Zahra (Gaza City, Gaza Strip), killing a woman and injuring others.", "fatalities": 1, "tags": null, "timestamp": 1753955113 }, "geometry": { "type": "Point", "coordinates": [ 34.4013, 31.4716 ] } },
{ "type": "Feature", "properties": { "event_id_cnty": "PSE50633", "event_date": "4/15/2024", "year": 2024, "time_precision": true, "disorder_type": "Political violence", "event_type": "Explosions/Remote violence", "sub_event_type": "Air/drone strike", "actor1": "Military Forces of Israel (2022-)", "assoc_actor_1": null, "inter1": 8, "actor2": "Civilians (Palestine)", "assoc_actor_2": null, "inter2": 7, "interaction": 78, "civilian_targeting": "Civilian targeting", "iso": 275, "region": "Middle East", "country": "Palestine", "admin1": "Gaza Strip", "admin2": "Khan Yunis", "admin3": null, "location": "Al Fukhari", "latitude": 31.2952, "longitude": 34.3332, "geo_precision": 1, "source": "Arab 48; Palestine News and Information Agency; Quds News Network; Twitter", "source_scale": "New media-National", "notes": "On 15 April 2024, Israeli warplanes struck targets (including a house) near the European Hospital in Al Fukhari (Khan Yunis, Gaza Strip), leaving injuries.", "fatalities": 0, "tags": null, "timestamp": 1753955113 }, "geometry": { "type": "Point", "coordinates": [ 34.3332, 31.2952 ] } },
{ "type": "Feature", "properties": { "event_id_cnty": "PSE50512", "event_date": "4/15/2024", "year": 2024, "time_precision": true, "disorder_type": "Political violence", "event_type": "Explosions/Remote violence", "sub_event_type": "Air/drone strike", "actor1": "Military Forces of Israel (2022-)", "assoc_actor_1": null, "inter1": 8, "actor2": "Civilians (Palestine)", "assoc_actor_2": null, "inter2": 7, "interaction": 78, "civilian_targeting": "Civilian targeting", "iso": 275, "region": "Middle East", "country": "Palestine", "admin1": "Gaza Strip", "admin2": "Deir El Balah", "admin3": null, "location": "Al Maghazi", "latitude": 31.4214, "longitude": 34.3865, "geo_precision": 2, "source": "Palestine News and Information Agency; Quds News Network; Twitter", "source_scale": "New media-National", "notes": "On 15 April 2024, Israeli warplanes struck a house east of Al Maghazi camp (Deir El Balah, Gaza Strip). Casualties unknown.", "fatalities": 0, "tags": null, "timestamp": 1753955113 }, "geometry": { "type": "Point", "coordinates": [ 34.3865, 31.4214 ] } },
{ "type": "Feature", "properties": { "event_id_cnty": "PSE50529", "event_date": "4/15/2024", "year": 2024, "time_precision": true, "disorder_type": "Political violence", "event_type": "Explosions/Remote violence", "sub_event_type": "Air/drone strike", "actor1": "Military Forces of Israel (2022-)", "assoc_actor_1": null, "inter1": 8, "actor2": "Civilians (Palestine)", "assoc_actor_2": "Refugees/IDPs (Palestine)", "inter2": 7, "interaction": 78, "civilian_targeting": "Civilian targeting", "iso": 275, "region": "Middle East", "country": "Palestine", "admin1": "Gaza Strip", "admin2": "Deir El Balah", "admin3": null, "location": "An Nusayrat", "latitude": 31.4486, "longitude": 34.3925, "geo_precision": 1, "source": "Arab 48; Palestine News and Information Agency", "source_scale": "National", "notes": "On 15 April 2024, Israeli warplanes struck a warehouse at the western entrance of An Nusayrat refugee camp (Deir El Balah, Gaza Strip). Casualties unknown. Also, 3 Palestinians were killed and others were injured in an airstrike that targeted a house. Fatalities coded as at least 3.", "fatalities": 3, "tags": null, "timestamp": 1753955113 }, "geometry": { "type": "Point", "coordinates": [ 34.3925, 31.4486 ] } },
{ "type": "Feature", "properties": { "event_id_cnty": "PSE50530", "event_date": "4/15/2024", "year": 2024, "time_precision": true, "disorder_type": "Political violence", "event_type": "Violence against civilians", "sub_event_type": "Attack", "actor1": "Military Forces of Israel (2022-)", "assoc_actor_1": null, "inter1": 8, "actor2": "Civilians (Palestine)", "assoc_actor_2": "Refugees/IDPs (Palestine)", "inter2": 7, "interaction": 78, "civilian_targeting": "Civilian targeting", "iso": 275, "region": "Middle East", "country": "Palestine", "admin1": "Gaza Strip", "admin2": "Deir El Balah", "admin3": null, "location": "An Nusayrat - West", "latitude": 31.4525, "longitude": 34.3756, "geo_precision": 1, "source": "Dunia Al Watan; Palestine News and Information Agency; Quds News Network; Twitter", "source_scale": "New media-National", "notes": "On 15 April 2024, Israeli military forces opened fire on hundreds of displaced Palestinians who had attempted to return to the Northern Gaza through the Al Rashid street near Wadi Gaza, West of An Nusayrat (An Nusayrat - West, Deir El Balah, Gaza Strip). As a result, at least 2 Palestinians were injured.", "fatalities": 0, "tags": null, "timestamp": 1753955113 }, "geometry": { "type": "Point", "coordinates": [ 34.3756, 31.4525 ] } },
{ "type": "Feature", "properties": { "event_id_cnty": "PSE50531", "event_date": "4/15/2024", "year": 2024, "time_precision": true, "disorder_type": "Political violence", "event_type": "Explosions/Remote violence", "sub_event_type": "Air/drone strike", "actor1": "Military Forces of Israel (2022-)", "assoc_actor_1": null, "inter1": 8, "actor2": "Civilians (Palestine)", "assoc_actor_2": null, "inter2": 7, "interaction": 78, "civilian_targeting": "Civilian targeting", "iso": 275, "region": "Middle East", "country": "Palestine", "admin1": "Gaza Strip", "admin2": "Deir El Balah", "admin3": null, "location": "An Nusayrat - North", "latitude": 31.4591, "longitude": 34.3923, "geo_precision": 1, "source": "Arab 48; Palestine News and Information Agency; Quds News Network; Twitter", "source_scale": "New media-National", "notes": "On 15 April 2024, Israeli warplanes struck a group of Palestinians in Al Mufit area north of An Nusayrat camp (An Nusayrat - North, Deir El Balah, Gaza Strip), leaving 2 fatalities and several injuries. Meanwhile, the artillery targeted the same area. Casualties unknown. Also, 2 children were killed in separate airstrikes. Total fatalities were at least 4.", "fatalities": 4, "tags": null, "timestamp": 1753955113 }, "geometry": { "type": "Point", "coordinates": [ 34.3923, 31.4591 ] } },
{ "type": "Feature", "properties": { "event_id_cnty": "PSE50532", "event_date": "4/15/2024", "year": 2024, "time_precision": true, "disorder_type": "Political violence", "event_type": "Explosions/Remote violence", "sub_event_type": "Air/drone strike", "actor1": "Military Forces of Israel (2022-)", "assoc_actor_1": null, "inter1": 8, "actor2": "Civilians (Palestine)", "assoc_actor_2": null, "inter2": 7, "interaction": 78, "civilian_targeting": "Civilian targeting", "iso": 275, "region": "Middle East", "country": "Palestine", "admin1": "Gaza Strip", "admin2": "Deir El Balah", "admin3": null, "location": "An Nusayrat - West", "latitude": 31.4525, "longitude": 34.3756, "geo_precision": 1, "source": "Arab 48; Palestine News and Information Agency; Quds News Network; Twitter", "source_scale": "New media-National", "notes": "On 15 April 2024, Israeli UAVs struck a house in Al Sawarha area west of An Nusayrat camp (An Nusayrat - West, Deir El Balah, Gaza Strip), killing a woman and injuring others.", "fatalities": 1, "tags": null, "timestamp": 1753955113 }, "geometry": { "type": "Point", "coordinates": [ 34.3756, 31.4525 ] } },
{ "type": "Feature", "properties": { "event_id_cnty": "PSE50682", "event_date": "4/15/2024", "year": 2024, "time_precision": true, "disorder_type": "Political violence", "event_type": "Explosions/Remote violence", "sub_event_type": "Air/drone strike", "actor1": "Military Forces of Israel (2022-)", "assoc_actor_1": null, "inter1": 8, "actor2": "Civilians (Palestine)", "assoc_actor_2": "Muslim Group (Palestine)", "inter2": 7, "interaction": 78, "civilian_targeting": "Civilian targeting", "iso": 275, "region": "Middle East", "country": "Palestine", "admin1": "Gaza Strip", "admin2": "North Gaza", "admin3": null, "location": "Jabalya Camp", "latitude": 31.536, "longitude": 34.4907, "geo_precision": 2, "source": "Liveuamap; Palestine News and Information Agency; Palestinian Ministry of Health", "source_scale": "Local partner-New media", "notes": "On 15 April 2024, Israeli warplanes struck the Al Shuhdaa mosque west of Mukhayyam Jabalya Camp (North Gaza, Gaza Strip), leaving an unspecified number of fatalities and injuries. [Palestinian Ministry of Health reported 33843 fatalities upto 15 April. 35 fatalities not attributed to specific events added to 1 event on 15 April. 35 fatalities coded to this event.]", "fatalities": 35, "tags": null, "timestamp": 1753955113 }, "geometry": { "type": "Point", "coordinates": [ 34.4907, 31.536 ] } },
{ "type": "Feature", "properties": { "event_id_cnty": "PSE50658", "event_date": "4/15/2024", "year": 2024, "time_precision": true, "disorder_type": "Political violence", "event_type": "Explosions/Remote violence", "sub_event_type": "Air/drone strike", "actor1": "Military Forces of Israel (2022-)", "assoc_actor_1": null, "inter1": 8, "actor2": "Civilians (Palestine)", "assoc_actor_2": "Refugees/IDPs (Palestine)", "inter2": 7, "interaction": 78, "civilian_targeting": "Civilian targeting", "iso": 275, "region": "Middle East", "country": "Palestine", "admin1": "Gaza Strip", "admin2": "North Gaza", "admin3": null, "location": "Beit Hanoun", "latitude": 31.5405, "longitude": 34.5402, "geo_precision": 1, "source": "Newpress; Palestine News and Information Agency; Twitter", "source_scale": "New media-National", "notes": "On 15 April 2024, Israeli warplanes carried out airstrikes in Beit Hanoun town and tanks opened fire toward a school hosting displaced people in the town (North Gaza, Gaza Strip). Casualties unknown.", "fatalities": 0, "tags": null, "timestamp": 1753955113 }, "geometry": { "type": "Point", "coordinates": [ 34.5402, 31.5405 ] } },
{ "type": "Feature", "properties": { "event_id_cnty": "PSE50679", "event_date": "4/15/2024", "year": 2024, "time_precision": true, "disorder_type": "Political violence", "event_type": "Explosions/Remote violence", "sub_event_type": "Air/drone strike", "actor1": "Military Forces of Israel (2022-)", "assoc_actor_1": null, "inter1": 8, "actor2": "Civilians (Palestine)", "assoc_actor_2": "Muslim Group (Palestine)", "inter2": 7, "interaction": 78, "civilian_targeting": "Civilian targeting", "iso": 275, "region": "Middle East", "country": "Palestine", "admin1": "Gaza Strip", "admin2": "North Gaza", "admin3": null, "location": "Jabalya", "latitude": 31.5272, "longitude": 34.4835, "geo_precision": 1, "source": "Quds News Network; Twitter", "source_scale": "New media-National", "notes": "On 15 April 2024, Israeli warplanes struck the Qiba mosque in Jabalya (North Gaza, Gaza Strip). Casualties unknown. Also, 5 Palestinians were injured in an airstrike targeted their house in the town. Fatalities unknown.", "fatalities": 0, "tags": null, "timestamp": 1759790002 }, "geometry": { "type": "Point", "coordinates": [ 34.4835, 31.5272 ] } },
{ "type": "Feature", "properties": { "event_id_cnty": "PSE50588", "event_date": "4/16/2024", "year": 2024, "time_precision": true, "disorder_type": "Political violence", "event_type": "Explosions/Remote violence", "sub_event_type": "Air/drone strike", "actor1": "Military Forces of Israel (2022-)", "assoc_actor_1": null, "inter1": 8, "actor2": "Police Forces of Palestine (2007-) Gaza Strip", "assoc_actor_2": "Hamas Movement", "inter2": 1, "interaction": 18, "civilian_targeting": null, "iso": 275, "region": "Middle East", "country": "Palestine", "admin1": "Gaza Strip", "admin2": "Gaza City", "admin3": null, "location": "Gaza - At Tuffah", "latitude": 31.5134, "longitude": 34.4751, "geo_precision": 1, "source": "Al Ghad (Jordan); Ma'an News Agency; Palestine News and Information Agency; Quds News Network; Twitter", "source_scale": "New media-National", "notes": "On 16 April 2024, An Israeli warplane struck a passing police car (Hamas's police) in Gaza - At Tuffah (Gaza City, Gaza Strip), leaving at least 8 fatalities and a number of injuries.", "fatalities": 8, "tags": null, "timestamp": 1759790002 }, "geometry": { "type": "Point", "coordinates": [ 34.4751, 31.5134 ] } },
{ "type": "Feature", "properties": { "event_id_cnty": "PSE50535", "event_date": "4/16/2024", "year": 2024, "time_precision": true, "disorder_type": "Political violence", "event_type": "Explosions/Remote violence", "sub_event_type": "Air/drone strike", "actor1": "Military Forces of Israel (2022-)", "assoc_actor_1": null, "inter1": 8, "actor2": "Civilians (Palestine)", "assoc_actor_2": "Refugees/IDPs (Palestine)", "inter2": 7, "interaction": 78, "civilian_targeting": "Civilian targeting", "iso": 275, "region": "Middle East", "country": "Palestine", "admin1": "Gaza Strip", "admin2": "Deir El Balah", "admin3": null, "location": "An Nusayrat", "latitude": 31.4486, "longitude": 34.3925, "geo_precision": 1, "source": "Ma'an News Agency; Newpress; Palestine News and Information Agency; Quds News Network; Twitter", "source_scale": "New media-National", "notes": "On 16 April 2024, Israeli warplanes carried out airstrikes and artillery shelled targets in An Nusayrat refugee camp (Deir El Balah, Gaza Strip), leaving at least 5 injuries. Also 2 Palestinian children were killed in a separate Israeli airstrike in the same area.", "fatalities": 2, "tags": null, "timestamp": 1753955113 }, "geometry": { "type": "Point", "coordinates": [ 34.3925, 31.4486 ] } },
{ "type": "Feature", "properties": { "event_id_cnty": "PSE50536", "event_date": "4/16/2024", "year": 2024, "time_precision": true, "disorder_type": "Political violence", "event_type": "Explosions/Remote violence", "sub_event_type": "Air/drone strike", "actor1": "Military Forces of Israel (2022-)", "assoc_actor_1": null, "inter1": 8, "actor2": "Civilians (Palestine)", "assoc_actor_2": null, "inter2": 7, "interaction": 78, "civilian_targeting": "Civilian targeting", "iso": 275, "region": "Middle East", "country": "Palestine", "admin1": "Gaza Strip", "admin2": "Deir El Balah", "admin3": null, "location": "An Nusayrat - North", "latitude": 31.4591, "longitude": 34.3923, "geo_precision": 1, "source": "Arab 48; Ma'an News Agency; Newpress; Palestine News and Information Agency; Quds News Network; Twitter", "source_scale": "New media-National", "notes": "On 16 April 2024, Israeli warplanes carried out airstrikes and opened fire while artillery shelled targets north of An Nusayrat camp (An Nusayrat - North, Deir El Balah, Gaza Strip), leaving at least 3 fatalities and dozens of injuries and causing the destruction of properties. Also, warplanes targeted a residential tower and houses in the same area. Total fatalities were at least 3.", "fatalities": 3, "tags": null, "timestamp": 1753955113 }, "geometry": { "type": "Point", "coordinates": [ 34.3923, 31.4591 ] } },
{ "type": "Feature", "properties": { "event_id_cnty": "PSE50694", "event_date": "4/16/2024", "year": 2024, "time_precision": true, "disorder_type": "Political violence", "event_type": "Explosions/Remote violence", "sub_event_type": "Air/drone strike", "actor1": "Military Forces of Israel (2022-)", "assoc_actor_1": null, "inter1": 8, "actor2": "Civilians (Palestine)", "assoc_actor_2": null, "inter2": 7, "interaction": 78, "civilian_targeting": "Civilian targeting", "iso": 275, "region": "Middle East", "country": "Palestine", "admin1": "Gaza Strip", "admin2": "Rafah", "admin3": null, "location": "Tal as Sultan", "latitude": 31.3098, "longitude": 34.2414, "geo_precision": 1, "source": "Palestine News and Information Agency; Quds News Network; Twitter", "source_scale": "New media-National", "notes": "On 16 April 2024, Israeli warplanes struck a house in Tal as Sultan (Rafah, Gaza Strip), leaving 4 fatalities, including a child, and several injuries.", "fatalities": 4, "tags": null, "timestamp": 1762829569 }, "geometry": { "type": "Point", "coordinates": [ 34.2414, 31.3098 ] } },
{ "type": "Feature", "properties": { "event_id_cnty": "PSE50539", "event_date": "4/16/2024", "year": 2024, "time_precision": true, "disorder_type": "Political violence", "event_type": "Explosions/Remote violence", "sub_event_type": "Air/drone strike", "actor1": "Military Forces of Israel (2022-)", "assoc_actor_1": null, "inter1": 8, "actor2": "Civilians (Palestine)", "assoc_actor_2": "Refugees/IDPs (Palestine)", "inter2": 7, "interaction": 78, "civilian_targeting": "Civilian targeting", "iso": 275, "region": "Middle East", "country": "Palestine", "admin1": "Gaza Strip", "admin2": "Deir El Balah", "admin3": null, "location": "An Nusayrat - West", "latitude": 31.4525, "longitude": 34.3756, "geo_precision": 1, "source": "Palestinian Ministry of Health; Quds News Network; Twitter", "source_scale": "Other-New media", "notes": "On 16 April 2024, Israeli UAVs opened fire toward displaced Palestinians near Al Mufti School west of An Nusayrat (An Nusayrat - West, Deir El Balah, Gaza Strip) leading to unspecified fatalities. [Palestinian Ministry of Health reported 33899 fatalities upto 16 April 2024. 14 fatalities not attributed to specific events split across 5 events on 16 April. 2 fatalities coded to this event.]", "fatalities": 2, "tags": null, "timestamp": 1753955113 }, "geometry": { "type": "Point", "coordinates": [ 34.3756, 31.4525 ] } },
{ "type": "Feature", "properties": { "event_id_cnty": "PSE50600", "event_date": "4/16/2024", "year": 2024, "time_precision": true, "disorder_type": "Political violence", "event_type": "Explosions/Remote violence", "sub_event_type": "Air/drone strike", "actor1": "Military Forces of Israel (2022-)", "assoc_actor_1": null, "inter1": 8, "actor2": "Civilians (Palestine)", "assoc_actor_2": "Refugees/IDPs (Palestine)", "inter2": 7, "interaction": 78, "civilian_targeting": "Civilian targeting", "iso": 275, "region": "Middle East", "country": "Palestine", "admin1": "Gaza Strip", "admin2": "Gaza City", "admin3": null, "location": "Gaza - Ash Shati' Camp", "latitude": 31.5349, "longitude": 34.4466, "geo_precision": 1, "source": "Arab 48; Newpress; Palestinian Ministry of Health; Quds News Network; Twitter", "source_scale": "Other-New media", "notes": "On 16 April 2024, Israeli warplanes struck a house in Gaza - Ash Shati' Camp (Gaza City, Gaza Strip) leading to unspecified fatalities. [Palestinian Ministry of Health reported 33899 fatalities upto 16 April 2024. 14 fatalities not attributed to specific events split across 5 events on 16 April. 3 fatalities coded to this event.]", "fatalities": 3, "tags": null, "timestamp": 1759790002 }, "geometry": { "type": "Point", "coordinates": [ 34.4466, 31.5349 ] } },
{ "type": "Feature", "properties": { "event_id_cnty": "PSE50610", "event_date": "4/16/2024", "year": 2024, "time_precision": true, "disorder_type": "Political violence", "event_type": "Explosions/Remote violence", "sub_event_type": "Air/drone strike", "actor1": "Military Forces of Israel (2022-)", "assoc_actor_1": null, "inter1": 8, "actor2": "Civilians (Palestine)", "assoc_actor_2": null, "inter2": 7, "interaction": 78, "civilian_targeting": "Civilian targeting", "iso": 275, "region": "Middle East", "country": "Palestine", "admin1": "Gaza Strip", "admin2": "Gaza City", "admin3": null, "location": "Gaza - Sheikh Radwan", "latitude": 31.5349, "longitude": 34.4667, "geo_precision": 2, "source": "Ma'an News Agency; Newpress; Palestine News and Information Agency; Palestinian Ministry of Health; Quds News Network; Twitter", "source_scale": "Other-New media", "notes": "On 16 April 2024, Israeli warplanes struck a house at the Al Nafaq Street north of Gaza City, coded to Gaza - Sheikh Radwan (Gaza City, Gaza Strip), destroying properties and leading to unspecified fatalities. [Palestinian Ministry of Health reported 33899 fatalities upto 16 April 2024. 14 fatalities not attributed to specific events split across 5 events on 16 April. 3 fatalities coded to this event.]", "fatalities": 3, "tags": null, "timestamp": 1759790002 }, "geometry": { "type": "Point", "coordinates": [ 34.4667, 31.5349 ] } },
{ "type": "Feature", "properties": { "event_id_cnty": "PSE50660", "event_date": "4/16/2024", "year": 2024, "time_precision": true, "disorder_type": "Political violence", "event_type": "Explosions/Remote violence", "sub_event_type": "Shelling/artillery/missile attack", "actor1": "Military Forces of Israel (2022-)", "assoc_actor_1": null, "inter1": 8, "actor2": "Civilians (Palestine)", "assoc_actor_2": null, "inter2": 7, "interaction": 78, "civilian_targeting": "Civilian targeting", "iso": 275, "region": "Middle East", "country": "Palestine", "admin1": "Gaza Strip", "admin2": "North Gaza", "admin3": null, "location": "Beit Hanoun", "latitude": 31.5405, "longitude": 34.5402, "geo_precision": 1, "source": "Ma'an News Agency; Palestine News and Information Agency; Quds News Network; Twitter", "source_scale": "New media-National", "notes": "On 16 April 2024, Israeli artillery shelled targets and opened fire toward houses during a military operation in Beit Hanoun (North Gaza, Gaza Strip). Casualties unknown.", "fatalities": 0, "tags": null, "timestamp": 1753955113 }, "geometry": { "type": "Point", "coordinates": [ 34.5402, 31.5405 ] } },
{ "type": "Feature", "properties": { "event_id_cnty": "PSE50513", "event_date": "4/16/2024", "year": 2024, "time_precision": true, "disorder_type": "Political violence", "event_type": "Explosions/Remote violence", "sub_event_type": "Air/drone strike", "actor1": "Military Forces of Israel (2022-)", "assoc_actor_1": null, "inter1": 8, "actor2": "Civilians (Palestine)", "assoc_actor_2": "Refugees/IDPs (Palestine)", "inter2": 7, "interaction": 78, "civilian_targeting": "Civilian targeting", "iso": 275, "region": "Middle East", "country": "Palestine", "admin1": "Gaza Strip", "admin2": "Deir El Balah", "admin3": null, "location": "Al Maghazi", "latitude": 31.4214, "longitude": 34.3865, "geo_precision": 1, "source": "Amnesty International; Arab 48; CNN; Ma'an News Agency; Newpress; Palestine News and Information Agency; Quds News Network; Twitter", "source_scale": "Other-New media", "notes": "On 16 April 2024, Israeli warplanes carried out strikes in Al Maghazi refugee camp (Deir El Balah, Gaza Strip), killing 15 Palestinians, including 10 children, and injuring at least 25 others.", "fatalities": 15, "tags": null, "timestamp": 1753955113 }, "geometry": { "type": "Point", "coordinates": [ 34.3865, 31.4214 ] } },
{ "type": "Feature", "properties": { "event_id_cnty": "PSE50576", "event_date": "4/16/2024", "year": 2024, "time_precision": true, "disorder_type": "Political violence", "event_type": "Explosions/Remote violence", "sub_event_type": "Air/drone strike", "actor1": "Military Forces of Israel (2022-)", "assoc_actor_1": null, "inter1": 8, "actor2": "Civilians (Palestine)", "assoc_actor_2": null, "inter2": 7, "interaction": 78, "civilian_targeting": "Civilian targeting", "iso": 275, "region": "Middle East", "country": "Palestine", "admin1": "Gaza Strip", "admin2": "Gaza City", "admin3": null, "location": "Al Zahra", "latitude": 31.4716, "longitude": 34.4013, "geo_precision": 1, "source": "Palestine News and Information Agency; Palestinian Ministry of Health", "source_scale": "Other-National", "notes": "On 16 April 2024, Israeli warplanes struck houses in Al Zahra city (Gaza City, Gaza Strip) leading to unspecified fatalities. [Palestinian Ministry of Health reported 33899 fatalities up to 16 April 2024. 14 fatalities not attributed to specific events split across 5 events on 16 April. 3 fatalities coded to this event.] On 28 January 2025, 14 bodies were recovered from under the rubble in Al Zahra. These fatalities were distributed across two separate events. 7 of the recovered fatalities were coded under this event. Total fatalities coded as 10.", "fatalities": 10, "tags": null, "timestamp": 1753955113 }, "geometry": { "type": "Point", "coordinates": [ 34.4013, 31.4716 ] } },
{ "type": "Feature", "properties": { "event_id_cnty": "PSE50567", "event_date": "4/16/2024", "year": 2024, "time_precision": true, "disorder_type": "Political violence", "event_type": "Explosions/Remote violence", "sub_event_type": "Air/drone strike", "actor1": "Military Forces of Israel (2022-)", "assoc_actor_1": null, "inter1": 8, "actor2": "Civilians (Palestine)", "assoc_actor_2": null, "inter2": 7, "interaction": 78, "civilian_targeting": "Civilian targeting", "iso": 275, "region": "Middle East", "country": "Palestine", "admin1": "Gaza Strip", "admin2": "Gaza City", "admin3": null, "location": "Al Mughraqa", "latitude": 31.4675, "longitude": 34.4097, "geo_precision": 1, "source": "Palestine News and Information Agency; Palestinian Ministry of Health", "source_scale": "Other-National", "notes": "On 16 April 2024, Israeli warplanes struck houses in Al Mughraqa town (Gaza City, Gaza Strip) leading to unspecified fatalities. [Palestinian Ministry of Health reported 33899 fatalities upto 16 April 2024. 14 fatalities not attributed to specific events split across 5 events on 16 April. 3 fatalities coded to this event.]", "fatalities": 3, "tags": null, "timestamp": 1753955113 }, "geometry": { "type": "Point", "coordinates": [ 34.4097, 31.4675 ] } },
{ "type": "Feature", "properties": { "event_id_cnty": "PSE50700", "event_date": "4/16/2024", "year": 2024, "time_precision": true, "disorder_type": "Political violence", "event_type": "Explosions/Remote violence", "sub_event_type": "Air/drone strike", "actor1": "Military Forces of Israel (2022-)", "assoc_actor_1": null, "inter1": 8, "actor2": "Civilians (Palestine)", "assoc_actor_2": "Refugees/IDPs (Palestine)", "inter2": 7, "interaction": 78, "civilian_targeting": "Civilian targeting", "iso": 275, "region": "Middle East", "country": "Palestine", "admin1": "Gaza Strip", "admin2": "Rafah", "admin3": null, "location": "Yibna", "latitude": 31.2842, "longitude": 34.2482, "geo_precision": 1, "source": "Al-Ittihad; Jerusalem Post; Palestine News and Information Agency; Quds News Network; Twitter", "source_scale": "New media-National", "notes": "On 16 April 2024, Israeli warplanes struck a house in Yibna refugee camp (Rafah, Gaza Strip), leaving 7 fatalities and several injuries.", "fatalities": 7, "tags": null, "timestamp": 1753955113 }, "geometry": { "type": "Point", "coordinates": [ 34.2482, 31.2842 ] } },
{ "type": "Feature", "properties": { "event_id_cnty": "PSE50589", "event_date": "4/17/2024", "year": 2024, "time_precision": true, "disorder_type": "Political violence", "event_type": "Explosions/Remote violence", "sub_event_type": "Air/drone strike", "actor1": "Military Forces of Israel (2022-)", "assoc_actor_1": null, "inter1": 8, "actor2": "Civilians (Palestine)", "assoc_actor_2": null, "inter2": 7, "interaction": 78, "civilian_targeting": "Civilian targeting", "iso": 275, "region": "Middle East", "country": "Palestine", "admin1": "Gaza Strip", "admin2": "Gaza City", "admin3": null, "location": "Gaza - At Tuffah", "latitude": 31.5134, "longitude": 34.4751, "geo_precision": 1, "source": "Newpress; Quds News Network; Twitter", "source_scale": "New media-National", "notes": "On 17 April 2024, Israeli warplanes struck a house in Gaza - At Tuffah (Gaza City, Gaza Strip). There were no casualties.", "fatalities": 0, "tags": null, "timestamp": 1759790002 }, "geometry": { "type": "Point", "coordinates": [ 34.4751, 31.5134 ] } },
{ "type": "Feature", "properties": { "event_id_cnty": "PSE50611", "event_date": "4/17/2024", "year": 2024, "time_precision": true, "disorder_type": "Political violence", "event_type": "Explosions/Remote violence", "sub_event_type": "Air/drone strike", "actor1": "Military Forces of Israel (2022-)", "assoc_actor_1": null, "inter1": 8, "actor2": "Civilians (Palestine)", "assoc_actor_2": null, "inter2": 7, "interaction": 78, "civilian_targeting": "Civilian targeting", "iso": 275, "region": "Middle East", "country": "Palestine", "admin1": "Gaza Strip", "admin2": "Gaza City", "admin3": null, "location": "Gaza - Sheikh Radwan", "latitude": 31.5349, "longitude": 34.4667, "geo_precision": 1, "source": "Arab 48; Newpress; Palestine News and Information Agency; Quds News Network; Twitter", "source_scale": "New media-National", "notes": "On 17 April 2024, Israeli warplanes struck a group of people in Gaza - Sheikh Radwan (Gaza City, Gaza Strip), leaving 13 fatalities and a number of injuries.", "fatalities": 13, "tags": null, "timestamp": 1759790002 }, "geometry": { "type": "Point", "coordinates": [ 34.4667, 31.5349 ] } },
{ "type": "Feature", "properties": { "event_id_cnty": "PSE50618", "event_date": "4/17/2024", "year": 2024, "time_precision": true, "disorder_type": "Political violence", "event_type": "Explosions/Remote violence", "sub_event_type": "Air/drone strike", "actor1": "Military Forces of Israel (2022-)", "assoc_actor_1": null, "inter1": 8, "actor2": "Civilians (Palestine)", "assoc_actor_2": null, "inter2": 7, "interaction": 78, "civilian_targeting": "Civilian targeting", "iso": 275, "region": "Middle East", "country": "Palestine", "admin1": "Gaza Strip", "admin2": "Gaza City", "admin3": null, "location": "Gaza - Shujaiyya", "latitude": 31.4988, "longitude": 34.4699, "geo_precision": 1, "source": "Al-Ittihad; Arab 48; Newpress; Palestine News and Information Agency; Quds News Network; Twitter", "source_scale": "New media-National", "notes": "On 17 April 2024, Israeli warplanes struck a house in Gaza - Shujaiyya (Gaza City, Gaza Strip), leaving at least 2 fatalities.", "fatalities": 2, "tags": null, "timestamp": 1759790002 }, "geometry": { "type": "Point", "coordinates": [ 34.4699, 31.4988 ] } },
{ "type": "Feature", "properties": { "event_id_cnty": "PSE50601", "event_date": "4/17/2024", "year": 2024, "time_precision": true, "disorder_type": "Political violence", "event_type": "Explosions/Remote violence", "sub_event_type": "Air/drone strike", "actor1": "Military Forces of Israel (2022-)", "assoc_actor_1": null, "inter1": 8, "actor2": "Civilians (Palestine)", "assoc_actor_2": "Refugees/IDPs (Palestine)", "inter2": 7, "interaction": 78, "civilian_targeting": "Civilian targeting", "iso": 275, "region": "Middle East", "country": "Palestine", "admin1": "Gaza Strip", "admin2": "Gaza City", "admin3": null, "location": "Gaza - Ash Shati' Camp", "latitude": 31.5349, "longitude": 34.4466, "geo_precision": 1, "source": "Palestine News and Information Agency; Quds News Network; Twitter", "source_scale": "New media-National", "notes": "On 17 April 2024, Israeli warplanes struck targets (including a school hosting displaced people) in Gaza - Ash Shati' Camp (Gaza City, Gaza Strip), killing 4 persons including 2 children.", "fatalities": 4, "tags": null, "timestamp": 1759790002 }, "geometry": { "type": "Point", "coordinates": [ 34.4466, 31.5349 ] } },
{ "type": "Feature", "properties": { "event_id_cnty": "PSE50540", "event_date": "4/17/2024", "year": 2024, "time_precision": true, "disorder_type": "Political violence", "event_type": "Explosions/Remote violence", "sub_event_type": "Air/drone strike", "actor1": "Military Forces of Israel (2022-)", "assoc_actor_1": null, "inter1": 8, "actor2": "Civilians (Palestine)", "assoc_actor_2": "Refugees/IDPs (Palestine)", "inter2": 7, "interaction": 78, "civilian_targeting": "Civilian targeting", "iso": 275, "region": "Middle East", "country": "Palestine", "admin1": "Gaza Strip", "admin2": "Deir El Balah", "admin3": null, "location": "An Nusayrat", "latitude": 31.4486, "longitude": 34.3925, "geo_precision": 1, "source": "Palestine News and Information Agency; Palestinian Ministry of Health; Quds News Network; Twitter", "source_scale": "Other-New media", "notes": "On 17 April 2024, Israeli warplanes carried out airstrikes and artillery shelled targets in An Nusayrat refugee camp (Deir El Balah, Gaza Strip). Also, an airstrike targeted a building in the camp leading to unspecified fatalities. [Palestinian Ministry of Health reported 33970 fatalities upto 17 April 2024. 31 fatalities not attributed to specific events split across 2 events on 17 April. 16 fatalities coded to this event.]", "fatalities": 16, "tags": null, "timestamp": 1753955113 }, "geometry": { "type": "Point", "coordinates": [ 34.3925, 31.4486 ] } },
{ "type": "Feature", "properties": { "event_id_cnty": "PSE50542", "event_date": "4/17/2024", "year": 2024, "time_precision": true, "disorder_type": "Political violence", "event_type": "Explosions/Remote violence", "sub_event_type": "Air/drone strike", "actor1": "Military Forces of Israel (2022-)", "assoc_actor_1": null, "inter1": 8, "actor2": "Civilians (Palestine)", "assoc_actor_2": null, "inter2": 7, "interaction": 78, "civilian_targeting": "Civilian targeting", "iso": 275, "region": "Middle East", "country": "Palestine", "admin1": "Gaza Strip", "admin2": "Deir El Balah", "admin3": null, "location": "An Nusayrat - North", "latitude": 31.4591, "longitude": 34.3923, "geo_precision": 1, "source": "Arab 48; Palestine News and Information Agency; Palestinian Ministry of Health; Quds News Network; Twitter", "source_scale": "Other-New media", "notes": "On 17 April 2024, Israeli warplanes carried out airstrikes targeting residential towers and artillery shelled targets north of An Nusayrat refugee camp (An Nusayrat - North, Deir El Balah, Gaza Strip) leading to unspecified fatalities. [Palestinian Ministry of Health reported 33970 fatalities upto 17 April 2024. 31 fatalities not attributed to specific events split across 2 events on 17 April. 15 fatalities coded to this event.]", "fatalities": 15, "tags": null, "timestamp": 1753955113 }, "geometry": { "type": "Point", "coordinates": [ 34.3923, 31.4591 ] } },
{ "type": "Feature", "properties": { "event_id_cnty": "PSE50687", "event_date": "4/17/2024", "year": 2024, "time_precision": true, "disorder_type": "Political violence", "event_type": "Explosions/Remote violence", "sub_event_type": "Air/drone strike", "actor1": "Military Forces of Israel (2022-)", "assoc_actor_1": null, "inter1": 8, "actor2": "Civilians (Palestine)", "assoc_actor_2": "Refugees/IDPs (Palestine)", "inter2": 7, "interaction": 78, "civilian_targeting": "Civilian targeting", "iso": 275, "region": "Middle East", "country": "Palestine", "admin1": "Gaza Strip", "admin2": "Rafah", "admin3": null, "location": "As Salam", "latitude": 31.2678, "longitude": 34.2567, "geo_precision": 1, "source": "Newpress; Palestine News and Information Agency; Quds News Network; Twitter", "source_scale": "New media-National", "notes": "On 17 April 2024, Israeli warplanes struck a room hosting displaced Palestinians in As Salam (Rafah, Gaza Strip), killing 11 persons including a woman and 3 children.", "fatalities": 11, "tags": null, "timestamp": 1753955113 }, "geometry": { "type": "Point", "coordinates": [ 34.2567, 31.2678 ] } },
{ "type": "Feature", "properties": { "event_id_cnty": "PSE50612", "event_date": "4/18/2024", "year": 2024, "time_precision": true, "disorder_type": "Political violence", "event_type": "Explosions/Remote violence", "sub_event_type": "Air/drone strike", "actor1": "Military Forces of Israel (2022-)", "assoc_actor_1": null, "inter1": 8, "actor2": "Civilians (Palestine)", "assoc_actor_2": null, "inter2": 7, "interaction": 78, "civilian_targeting": "Civilian targeting", "iso": 275, "region": "Middle East", "country": "Palestine", "admin1": "Gaza Strip", "admin2": "Gaza City", "admin3": null, "location": "Gaza - Sheikh Radwan", "latitude": 31.5349, "longitude": 34.4667, "geo_precision": 1, "source": "Palestine News and Information Agency", "source_scale": "National", "notes": "On 18 April 2024, Israeli warplanes struck a house in Gaza - Sheikh Radwan (Gaza City, Gaza Strip), killing at least 3 persons and leaving several injuries.", "fatalities": 3, "tags": null, "timestamp": 1759790002 }, "geometry": { "type": "Point", "coordinates": [ 34.4667, 31.5349 ] } },
{ "type": "Feature", "properties": { "event_id_cnty": "PSE50563", "event_date": "4/18/2024", "year": 2024, "time_precision": true, "disorder_type": "Political violence", "event_type": "Violence against civilians", "sub_event_type": "Attack", "actor1": "Military Forces of Israel (2022-)", "assoc_actor_1": null, "inter1": 8, "actor2": "Civilians (Palestine)", "assoc_actor_2": null, "inter2": 7, "interaction": 78, "civilian_targeting": "Civilian targeting", "iso": 275, "region": "Middle East", "country": "Palestine", "admin1": "Gaza Strip", "admin2": "Deir El Balah", "admin3": null, "location": "Deir al Balah Camp", "latitude": 31.4249, "longitude": 34.34, "geo_precision": 2, "source": "Arab 48; Quds News Network; Twitter", "source_scale": "New media-National", "notes": "On 18 April 2024, Israeli forces shot dead a Palestinian east of Deir al Balah city, coded to Deir al Balah Camp (Deir El Balah, Gaza Strip).", "fatalities": 1, "tags": null, "timestamp": 1765850627 }, "geometry": { "type": "Point", "coordinates": [ 34.34, 31.4249 ] } },
{ "type": "Feature", "properties": { "event_id_cnty": "PSE50602", "event_date": "4/18/2024", "year": 2024, "time_precision": true, "disorder_type": "Political violence", "event_type": "Explosions/Remote violence", "sub_event_type": "Air/drone strike", "actor1": "Military Forces of Israel (2022-)", "assoc_actor_1": null, "inter1": 8, "actor2": "Civilians (Palestine)", "assoc_actor_2": "Refugees/IDPs (Palestine)", "inter2": 7, "interaction": 78, "civilian_targeting": "Civilian targeting", "iso": 275, "region": "Middle East", "country": "Palestine", "admin1": "Gaza Strip", "admin2": "Gaza City", "admin3": null, "location": "Gaza - Ash Shati' Camp", "latitude": 31.5349, "longitude": 34.4466, "geo_precision": 1, "source": "Palestine News and Information Agency; Palestinian Ministry of Health; Quds News Network; Twitter", "source_scale": "Other-New media", "notes": "On 18 April 2024, Israeli warplanes struck houses in Gaza - Ash Shati' Camp (Gaza City, Gaza Strip) leading to unspecified fatalities. [Palestinian Ministry of Health reported 34012 fatalities upto 18 April 2024. 26 fatalities not attributed to specific events split across 3 events on 18 April. 8 fatalities coded to this event.]", "fatalities": 8, "tags": null, "timestamp": 1759790002 }, "geometry": { "type": "Point", "coordinates": [ 34.4466, 31.5349 ] } },
{ "type": "Feature", "properties": { "event_id_cnty": "PSE50570", "event_date": "4/18/2024", "year": 2024, "time_precision": true, "disorder_type": "Political violence", "event_type": "Explosions/Remote violence", "sub_event_type": "Air/drone strike", "actor1": "Military Forces of Israel (2022-)", "assoc_actor_1": null, "inter1": 8, "actor2": "Civilians (Palestine)", "assoc_actor_2": null, "inter2": 7, "interaction": 78, "civilian_targeting": "Civilian targeting", "iso": 275, "region": "Middle East", "country": "Palestine", "admin1": "Gaza Strip", "admin2": "Gaza City", "admin3": null, "location": "Al Mughraqa", "latitude": 31.4675, "longitude": 34.4097, "geo_precision": 1, "source": "Arab 48; Palestine News and Information Agency; Quds News Network; Twitter", "source_scale": "New media-National", "notes": "On 18 April 2024, Israeli warplanes carried out strikes and artillery shelled targets in the Al Mughraqa (Gaza City, Gaza Strip), leaving 3 injuries.", "fatalities": 0, "tags": null, "timestamp": 1753955113 }, "geometry": { "type": "Point", "coordinates": [ 34.4097, 31.4675 ] } },
{ "type": "Feature", "properties": { "event_id_cnty": "PSE50703", "event_date": "4/18/2024", "year": 2024, "time_precision": true, "disorder_type": "Political violence", "event_type": "Explosions/Remote violence", "sub_event_type": "Air/drone strike", "actor1": "Military Forces of Israel (2022-)", "assoc_actor_1": null, "inter1": 8, "actor2": "Civilians (Palestine)", "assoc_actor_2": "Refugees/IDPs (Palestine)", "inter2": 7, "interaction": 78, "civilian_targeting": "Civilian targeting", "iso": 275, "region": "Middle East", "country": "Palestine", "admin1": "Gaza Strip", "admin2": "Rafah", "admin3": null, "location": "Yibna", "latitude": 31.2842, "longitude": 34.2482, "geo_precision": 1, "source": "Palestine News and Information Agency; Palestinian Ministry of Health", "source_scale": "Other-National", "notes": "On 18 April 2024, Israeli warplanes struck a house in Yibna refugee camp (Rafah, Gaza Strip )leading to unspecified fatalities. [Palestinian Ministry of Health reported 34012 fatalities upto 18 April 2024. 26 fatalities not attributed to specific events split across 3 events on 18 April. 9 fatalities coded to this event.]", "fatalities": 9, "tags": null, "timestamp": 1753955113 }, "geometry": { "type": "Point", "coordinates": [ 34.2482, 31.2842 ] } },
{ "type": "Feature", "properties": { "event_id_cnty": "PSE50629", "event_date": "4/18/2024", "year": 2024, "time_precision": true, "disorder_type": "Political violence", "event_type": "Explosions/Remote violence", "sub_event_type": "Air/drone strike", "actor1": "Military Forces of Israel (2022-)", "assoc_actor_1": null, "inter1": 8, "actor2": "Civilians (Palestine)", "assoc_actor_2": null, "inter2": 7, "interaction": 78, "civilian_targeting": "Civilian targeting", "iso": 275, "region": "Middle East", "country": "Palestine", "admin1": "Gaza Strip", "admin2": "Gaza City", "admin3": null, "location": "Gaza - Tal el Hawa", "latitude": 31.5041, "longitude": 34.435, "geo_precision": 1, "source": "Palestine News and Information Agency; Palestinian Ministry of Health; Quds News Network; Twitter", "source_scale": "Other-New media", "notes": "On 18 April 2024, Israeli warplanes struck houses in Gaza - Tal el Hawa (Gaza City, Gaza Strip) leading to unspecified fatalities. Also, Israeli artillery shelled targets in the same area. [Palestinian Ministry of Health reported 34012 fatalities upto 18 April 2024. 26 fatalities not attributed to specific events split across 3 events on 18 April. 9 fatalities coded to this event.]", "fatalities": 9, "tags": null, "timestamp": 1759790002 }, "geometry": { "type": "Point", "coordinates": [ 34.435, 31.5041 ] } },
{ "type": "Feature", "properties": { "event_id_cnty": "PSE50550", "event_date": "4/19/2024", "year": 2024, "time_precision": true, "disorder_type": "Political violence", "event_type": "Explosions/Remote violence", "sub_event_type": "Air/drone strike", "actor1": "Military Forces of Israel (2022-)", "assoc_actor_1": null, "inter1": 8, "actor2": "Civilians (Palestine)", "assoc_actor_2": null, "inter2": 7, "interaction": 78, "civilian_targeting": "Civilian targeting", "iso": 275, "region": "Middle East", "country": "Palestine", "admin1": "Gaza Strip", "admin2": "Deir El Balah", "admin3": null, "location": "An Nusayrat", "latitude": 31.4486, "longitude": 34.3925, "geo_precision": 2, "source": "Liveuamap; Palestinian Ministry of Health; Quds News Network; Twitter", "source_scale": "Local partner-New media", "notes": "On 19 April 2024, Israeli warplanes struck a residential complex in Al Dawa area east of An Nusayrat camp (Deir El Balah, Gaza Strip) leading to unspecified fatalities. [Palestinian Ministry of Health reported 34049 fatalities upto 19 April 2024. 27 fatalities not attributed to specific events split across 3 events on 19 April. 9 fatalities coded to this event.]", "fatalities": 9, "tags": null, "timestamp": 1753955113 }, "geometry": { "type": "Point", "coordinates": [ 34.3925, 31.4486 ] } },
{ "type": "Feature", "properties": { "event_id_cnty": "PSE50604", "event_date": "4/19/2024", "year": 2024, "time_precision": true, "disorder_type": "Political violence", "event_type": "Explosions/Remote violence", "sub_event_type": "Air/drone strike", "actor1": "Military Forces of Israel (2022-)", "assoc_actor_1": null, "inter1": 8, "actor2": "Civilians (Palestine)", "assoc_actor_2": "Refugees/IDPs (Palestine)", "inter2": 7, "interaction": 78, "civilian_targeting": "Civilian targeting", "iso": 275, "region": "Middle East", "country": "Palestine", "admin1": "Gaza Strip", "admin2": "Gaza City", "admin3": null, "location": "Gaza - Ash Shati' Camp", "latitude": 31.5349, "longitude": 34.4466, "geo_precision": 1, "source": "Arab 48; Ma'an News Agency; Palestine News and Information Agency; Palestinian Ministry of Health; Quds News Network; Twitter", "source_scale": "Other-New media", "notes": "On 19 April 2024, Israeli warplanes struck a house in Gaza - Ash Shati' Camp (Gaza City, Gaza Strip) leading to unspecified fatalities. [Palestinian Ministry of Health reported 34049 fatalities upto 19 April 2024. 27 fatalities not attributed to specific events split across 3 events on 19 April. 9 fatalities coded to this event.]", "fatalities": 9, "tags": null, "timestamp": 1759790002 }, "geometry": { "type": "Point", "coordinates": [ 34.4466, 31.5349 ] } },
{ "type": "Feature", "properties": { "event_id_cnty": "PSE50695", "event_date": "4/19/2024", "year": 2024, "time_precision": true, "disorder_type": "Political violence", "event_type": "Explosions/Remote violence", "sub_event_type": "Air/drone strike", "actor1": "Military Forces of Israel (2022-)", "assoc_actor_1": null, "inter1": 8, "actor2": "Civilians (Palestine)", "assoc_actor_2": null, "inter2": 7, "interaction": 78, "civilian_targeting": "Civilian targeting", "iso": 275, "region": "Middle East", "country": "Palestine", "admin1": "Gaza Strip", "admin2": "Rafah", "admin3": null, "location": "Tal as Sultan", "latitude": 31.3098, "longitude": 34.2414, "geo_precision": 1, "source": "Amnesty International; Arab 48; Dunia Al Watan; Ma'an News Agency; Newpress; Palestine News and Information Agency; Quds News Network; Twitter", "source_scale": "Other-New media", "notes": "On 19 April 2024, Israeli warplanes struck a house in Tal as Sultan (Rafah, Gaza Strip), killing 9 people including 6 children, and causing several injuries.", "fatalities": 9, "tags": null, "timestamp": 1762829569 }, "geometry": { "type": "Point", "coordinates": [ 34.2414, 31.3098 ] } },
{ "type": "Feature", "properties": { "event_id_cnty": "PSE50681", "event_date": "4/19/2024", "year": 2024, "time_precision": true, "disorder_type": "Political violence", "event_type": "Explosions/Remote violence", "sub_event_type": "Air/drone strike", "actor1": "Military Forces of Israel (2022-)", "assoc_actor_1": null, "inter1": 8, "actor2": "Civilians (Palestine)", "assoc_actor_2": null, "inter2": 7, "interaction": 78, "civilian_targeting": "Civilian targeting", "iso": 275, "region": "Middle East", "country": "Palestine", "admin1": "Gaza Strip", "admin2": "North Gaza", "admin3": null, "location": "Jabalya - Tel-Zaatar", "latitude": 31.5367, "longitude": 34.5035, "geo_precision": 2, "source": "Palestine News and Information Agency", "source_scale": "National", "notes": "On 19 April 2024, Israeli warplanes struck a house east of Jabalya - Tel-Zaatar (North Gaza, Gaza Strip), injuring one person.", "fatalities": 0, "tags": null, "timestamp": 1759790002 }, "geometry": { "type": "Point", "coordinates": [ 34.5035, 31.5367 ] } },
{ "type": "Feature", "properties": { "event_id_cnty": "PSE50691", "event_date": "4/19/2024", "year": 2024, "time_precision": true, "disorder_type": "Political violence", "event_type": "Explosions/Remote violence", "sub_event_type": "Air/drone strike", "actor1": "Military Forces of Israel (2022-)", "assoc_actor_1": null, "inter1": 8, "actor2": "Civilians (Palestine)", "assoc_actor_2": null, "inter2": 7, "interaction": 78, "civilian_targeting": "Civilian targeting", "iso": 275, "region": "Middle East", "country": "Palestine", "admin1": "Gaza Strip", "admin2": "Rafah", "admin3": null, "location": "Rafah", "latitude": 31.287, "longitude": 34.2595, "geo_precision": 1, "source": "Ma'an News Agency; Newpress; Palestine News and Information Agency; Palestinian Ministry of Health; Quds News Network; Twitter", "source_scale": "Other-New media", "notes": "On 19 April 2024, Israeli warplanes struck a house in Rafah city (Rafah, Gaza Strip) leading to unspecified fatalities. [Palestinian Ministry of Health reported 34049 fatalities upto 19 April 2024. 27 fatalities not attributed to specific events split across 3 events on 19 April. 9 fatalities coded to this event.]", "fatalities": 9, "tags": null, "timestamp": 1762829569 }, "geometry": { "type": "Point", "coordinates": [ 34.2595, 31.287 ] } },
{ "type": "Feature", "properties": { "event_id_cnty": "PSE50688", "event_date": "4/19/2024", "year": 2024, "time_precision": true, "disorder_type": "Political violence", "event_type": "Explosions/Remote violence", "sub_event_type": "Air/drone strike", "actor1": "Military Forces of Israel (2022-)", "assoc_actor_1": null, "inter1": 8, "actor2": "Civilians (Palestine)", "assoc_actor_2": null, "inter2": 7, "interaction": 78, "civilian_targeting": "Civilian targeting", "iso": 275, "region": "Middle East", "country": "Palestine", "admin1": "Gaza Strip", "admin2": "Rafah", "admin3": null, "location": "As Salam", "latitude": 31.2678, "longitude": 34.2567, "geo_precision": 1, "source": "Dunia Al Watan; Newpress; Palestine News and Information Agency; Twitter", "source_scale": "New media-National", "notes": "On 19 April 2024, Israeli warplanes struck a house in As Salam (Rafah, Gaza Strip), killing a woman and injuring others.", "fatalities": 1, "tags": null, "timestamp": 1753955113 }, "geometry": { "type": "Point", "coordinates": [ 34.2567, 31.2678 ] } },
{ "type": "Feature", "properties": { "event_id_cnty": "PSE50849", "event_date": "4/20/2024", "year": 2024, "time_precision": true, "disorder_type": "Political violence", "event_type": "Explosions/Remote violence", "sub_event_type": "Air/drone strike", "actor1": "Military Forces of Israel (2022-)", "assoc_actor_1": null, "inter1": 8, "actor2": "Civilians (Palestine)", "assoc_actor_2": null, "inter2": 7, "interaction": 78, "civilian_targeting": "Civilian targeting", "iso": 275, "region": "Middle East", "country": "Palestine", "admin1": "Gaza Strip", "admin2": "Khan Yunis", "admin3": null, "location": "Al Mawasi (Khan Yunis)", "latitude": 31.3482, "longitude": 34.2547, "geo_precision": 1, "source": "Arab 48; Ma'an News Agency; Palestine News and Information Agency; Quds News Network; Twitter", "source_scale": "New media-National", "notes": "On 20 April 2024, Israeli warplanes struck a house located near the tent of displaced people in Al Mawasi (Khan Yunis), Gaza Strip. 2 persons were killed and another 10 injured.", "fatalities": 2, "tags": null, "timestamp": 1762829569 }, "geometry": { "type": "Point", "coordinates": [ 34.2547, 31.3482 ] } },
{ "type": "Feature", "properties": { "event_id_cnty": "PSE50841", "event_date": "4/20/2024", "year": 2024, "time_precision": true, "disorder_type": "Political violence", "event_type": "Explosions/Remote violence", "sub_event_type": "Air/drone strike", "actor1": "Military Forces of Israel (2022-)", "assoc_actor_1": null, "inter1": 8, "actor2": "Civilians (Palestine)", "assoc_actor_2": "Health Workers (Palestine); Refugees/IDPs (Palestine)", "inter2": 7, "interaction": 78, "civilian_targeting": "Civilian targeting", "iso": 275, "region": "Middle East", "country": "Palestine", "admin1": "Gaza Strip", "admin2": "Deir El Balah", "admin3": null, "location": "Al Burayj", "latitude": 31.4394, "longitude": 34.4031, "geo_precision": 1, "source": "Newpress; Palestine News and Information Agency; Quds News Network; Twitter", "source_scale": "New media-National", "notes": "On 20 April 2024, Israeli warplanes struck a clinic in Al Burayj refugee camp (Deir El Balah, Gaza Strip), killing a Palestinian doctor and injuring his son.", "fatalities": 1, "tags": null, "timestamp": 1753955113 }, "geometry": { "type": "Point", "coordinates": [ 34.4031, 31.4394 ] } },
{ "type": "Feature", "properties": { "event_id_cnty": "PSE50895", "event_date": "4/20/2024", "year": 2024, "time_precision": true, "disorder_type": "Political violence", "event_type": "Explosions/Remote violence", "sub_event_type": "Air/drone strike", "actor1": "Military Forces of Israel (2022-)", "assoc_actor_1": null, "inter1": 8, "actor2": "Civilians (Palestine)", "assoc_actor_2": null, "inter2": 7, "interaction": 78, "civilian_targeting": "Civilian targeting", "iso": 275, "region": "Middle East", "country": "Palestine", "admin1": "Gaza Strip", "admin2": "Deir El Balah", "admin3": null, "location": "An Nusayrat - North", "latitude": 31.4591, "longitude": 34.3923, "geo_precision": 1, "source": "Arab 48; Newpress; Palestine News and Information Agency; Quds News Network; Twitter", "source_scale": "New media-National", "notes": "On 20 April 2024, Israeli warplanes struck a residential complex in Al Daawa area north of An Nusayrat camp (An Nusayrat - North, Deir El Balah, Gaza Strip), killing 3 Palestinians and injuring 30 others. Also, the artillery struck in the same area with unknown fatalities. Meanwhile, 2 Palestinians were killed in an airstrike near Wadi Gaza area north of the Nusayrat. Total fatalities coded as at least 5.", "fatalities": 5, "tags": null, "timestamp": 1753955113 }, "geometry": { "type": "Point", "coordinates": [ 34.3923, 31.4591 ] } },
{ "type": "Feature", "properties": { "event_id_cnty": "PSE50916", "event_date": "4/20/2024", "year": 2024, "time_precision": true, "disorder_type": "Political violence", "event_type": "Explosions/Remote violence", "sub_event_type": "Air/drone strike", "actor1": "Military Forces of Israel (2022-)", "assoc_actor_1": null, "inter1": 8, "actor2": "Civilians (Palestine)", "assoc_actor_2": null, "inter2": 7, "interaction": 78, "civilian_targeting": "Civilian targeting", "iso": 275, "region": "Middle East", "country": "Palestine", "admin1": "Gaza Strip", "admin2": "Gaza City", "admin3": null, "location": "Gaza - Southern Remal", "latitude": 31.5168, "longitude": 34.4355, "geo_precision": 1, "source": "Palestine News and Information Agency", "source_scale": "National", "notes": "On 20 April 2024, Israeli warplanes struck a house in Gaza - Southern Remal (Gaza City, Gaza Strip). Casualties unknown.", "fatalities": 0, "tags": null, "timestamp": 1759790002 }, "geometry": { "type": "Point", "coordinates": [ 34.4355, 31.5168 ] } },
{ "type": "Feature", "properties": { "event_id_cnty": "PSE50957", "event_date": "4/20/2024", "year": 2024, "time_precision": true, "disorder_type": "Political violence", "event_type": "Explosions/Remote violence", "sub_event_type": "Air/drone strike", "actor1": "Military Forces of Israel (2022-)", "assoc_actor_1": null, "inter1": 8, "actor2": "Civilians (Palestine)", "assoc_actor_2": "Refugees/IDPs (Palestine)", "inter2": 7, "interaction": 78, "civilian_targeting": "Civilian targeting", "iso": 275, "region": "Middle East", "country": "Palestine", "admin1": "Gaza Strip", "admin2": "North Gaza", "admin3": null, "location": "Jabalya Camp", "latitude": 31.536, "longitude": 34.4907, "geo_precision": 1, "source": "Palestine News and Information Agency; Quds News Network; Twitter", "source_scale": "New media-National", "notes": "On 20 April 2024, an Israeli UAV struck the Al Falouja area in Mukhayyam Jabalya Camp (North Gaza, Gaza Strip), leaving 6 fatalities and a number of injuries.", "fatalities": 6, "tags": null, "timestamp": 1753955113 }, "geometry": { "type": "Point", "coordinates": [ 34.4907, 31.536 ] } },
{ "type": "Feature", "properties": { "event_id_cnty": "PSE50909", "event_date": "4/20/2024", "year": 2024, "time_precision": true, "disorder_type": "Political violence", "event_type": "Explosions/Remote violence", "sub_event_type": "Air/drone strike", "actor1": "Military Forces of Israel (2022-)", "assoc_actor_1": null, "inter1": 8, "actor2": "Civilians (Palestine)", "assoc_actor_2": "Refugees/IDPs (Palestine)", "inter2": 7, "interaction": 78, "civilian_targeting": "Civilian targeting", "iso": 275, "region": "Middle East", "country": "Palestine", "admin1": "Gaza Strip", "admin2": "Gaza City", "admin3": null, "location": "Gaza - Ash Shati' Camp", "latitude": 31.5349, "longitude": 34.4466, "geo_precision": 1, "source": "Arab 48; Palestinian Ministry of Health; Quds News Network; Twitter", "source_scale": "Other-New media", "notes": "On 20 April 2024, Israeli warplanes struck a house in Gaza - Ash Shati' Camp (Gaza City, Gaza Strip) leading to unspecified fatalities. [Palestinian Ministry of Health reported 34097 fatalities upto 20 April 2024. 5 fatalities not attributed to specific events added to 1 event on 20 April. 5 fatalities coded to this event.]", "fatalities": 5, "tags": null, "timestamp": 1759790002 }, "geometry": { "type": "Point", "coordinates": [ 34.4466, 31.5349 ] } },
{ "type": "Feature", "properties": { "event_id_cnty": "PSE51075", "event_date": "4/20/2024", "year": 2024, "time_precision": true, "disorder_type": "Political violence", "event_type": "Explosions/Remote violence", "sub_event_type": "Air/drone strike", "actor1": "Military Forces of Israel (2022-)", "assoc_actor_1": null, "inter1": 8, "actor2": "Civilians (Palestine)", "assoc_actor_2": null, "inter2": 7, "interaction": 78, "civilian_targeting": "Civilian targeting", "iso": 275, "region": "Middle East", "country": "Palestine", "admin1": "Gaza Strip", "admin2": "Rafah", "admin3": null, "location": "Yibna", "latitude": 31.2842, "longitude": 34.2482, "geo_precision": 2, "source": "Amnesty International; Arab 48; Dunia Al Watan; Ma'an News Agency; Palestine News and Information Agency; PLO Negotiations Affairs Department; Quds News Network; Twitter", "source_scale": "Other-New media", "notes": "On 20 April 2024, Israeli warplanes struck a house near the eastern cemetery east of Rafah City, coded to Yibna (Rafah, Gaza Strip), leaving one fatality. Also, artillery and tanks shelled targets east of Rafah. Casualties unknown. Also, 20 Palestinians (including 16 children and 4 women) were killed and 5 others were wounded in an airstrike targeted a house east of Rafah. Total fatalities coded at least 21.", "fatalities": 21, "tags": null, "timestamp": 1753955113 }, "geometry": { "type": "Point", "coordinates": [ 34.2482, 31.2842 ] } },
{ "type": "Feature", "properties": { "event_id_cnty": "PSE50946", "event_date": "4/20/2024", "year": 2024, "time_precision": true, "disorder_type": "Political violence", "event_type": "Explosions/Remote violence", "sub_event_type": "Air/drone strike", "actor1": "Military Forces of Israel (2022-)", "assoc_actor_1": null, "inter1": 8, "actor2": "Civilians (Palestine)", "assoc_actor_2": null, "inter2": 7, "interaction": 78, "civilian_targeting": "Civilian targeting", "iso": 275, "region": "Middle East", "country": "Palestine", "admin1": "Gaza Strip", "admin2": "Rafah", "admin3": null, "location": "Khirbet al Adas", "latitude": 31.2855, "longitude": 34.2714, "geo_precision": 1, "source": "Arab 48; Quds News Network; Twitter", "source_scale": "New media-National", "notes": "On 20 April 2024, Israeli warplanes struck targets (including a house) in Khirbet al Adas (Rafah, Gaza Strip). Casualties unknown.", "fatalities": 0, "tags": null, "timestamp": 1753955113 }, "geometry": { "type": "Point", "coordinates": [ 34.2714, 31.2855 ] } },
{ "type": "Feature", "properties": { "event_id_cnty": "PSE50958", "event_date": "4/20/2024", "year": 2024, "time_precision": true, "disorder_type": "Political violence", "event_type": "Explosions/Remote violence", "sub_event_type": "Air/drone strike", "actor1": "Military Forces of Israel (2022-)", "assoc_actor_1": null, "inter1": 8, "actor2": "Civilians (Palestine)", "assoc_actor_2": "Refugees/IDPs (Palestine)", "inter2": 7, "interaction": 78, "civilian_targeting": "Civilian targeting", "iso": 275, "region": "Middle East", "country": "Palestine", "admin1": "Gaza Strip", "admin2": "Rafah", "admin3": null, "location": "Rafah Camp", "latitude": 31.2847, "longitude": 34.2546, "geo_precision": 1, "source": "Al-Ittihad; Dunia Al Watan; Ma'an News Agency; Newpress; Palestine News and Information Agency; Quds News Network; Twitter", "source_scale": "New media-National", "notes": "On 20 April 2024, Israeli warplanes struck a house in Al Shabourah refugee camp in Mukhayyam Rafah Camp (Rafah, Gaza Strip), killing 4 Palestinians (a husband, a pregnant wife and their 2 daughters), and injuring others.", "fatalities": 4, "tags": null, "timestamp": 1753955113 }, "geometry": { "type": "Point", "coordinates": [ 34.2546, 31.2847 ] } },
{ "type": "Feature", "properties": { "event_id_cnty": "PSE50963", "event_date": "4/20/2024", "year": 2024, "time_precision": true, "disorder_type": "Political violence", "event_type": "Explosions/Remote violence", "sub_event_type": "Air/drone strike", "actor1": "Military Forces of Israel (2022-)", "assoc_actor_1": null, "inter1": 8, "actor2": "Civilians (Palestine)", "assoc_actor_2": null, "inter2": 7, "interaction": 78, "civilian_targeting": "Civilian targeting", "iso": 275, "region": "Middle East", "country": "Palestine", "admin1": "Gaza Strip", "admin2": "Rafah", "admin3": null, "location": "Rafah", "latitude": 31.287, "longitude": 34.2595, "geo_precision": 1, "source": "Arab 48; Quds News Network; Twitter", "source_scale": "New media-National", "notes": "On 20 April 2024, Israeli warplanes struck a house in Rafah city (Rafah, Gaza Strip). Casualties unknown.", "fatalities": 0, "tags": null, "timestamp": 1762829569 }, "geometry": { "type": "Point", "coordinates": [ 34.2595, 31.287 ] } },
{ "type": "Feature", "properties": { "event_id_cnty": "PSE50864", "event_date": "4/21/2024", "year": 2024, "time_precision": true, "disorder_type": "Political violence", "event_type": "Explosions/Remote violence", "sub_event_type": "Air/drone strike", "actor1": "Military Forces of Israel (2022-)", "assoc_actor_1": null, "inter1": 8, "actor2": "Civilians (Palestine)", "assoc_actor_2": "Refugees/IDPs (Palestine)", "inter2": 7, "interaction": 78, "civilian_targeting": "Civilian targeting", "iso": 275, "region": "Middle East", "country": "Palestine", "admin1": "Gaza Strip", "admin2": "Deir El Balah", "admin3": null, "location": "An Nusayrat", "latitude": 31.4486, "longitude": 34.3925, "geo_precision": 1, "source": "Quds News Network; Twitter", "source_scale": "New media-National", "notes": "On 21 April 2024, Israeli warplanes struck targets in An Nusayrat refugee camp (Deir El Balah, Gaza Strip), leaving injuries.", "fatalities": 0, "tags": null, "timestamp": 1753955113 }, "geometry": { "type": "Point", "coordinates": [ 34.3925, 31.4486 ] } },
{ "type": "Feature", "properties": { "event_id_cnty": "PSE50996", "event_date": "4/21/2024", "year": 2024, "time_precision": true, "disorder_type": "Political violence", "event_type": "Explosions/Remote violence", "sub_event_type": "Air/drone strike", "actor1": "Military Forces of Israel (2022-)", "assoc_actor_1": null, "inter1": 8, "actor2": "Civilians (Palestine)", "assoc_actor_2": null, "inter2": 7, "interaction": 78, "civilian_targeting": "Civilian targeting", "iso": 275, "region": "Middle East", "country": "Palestine", "admin1": "Gaza Strip", "admin2": "Deir El Balah", "admin3": null, "location": "An Nusayrat - West", "latitude": 31.4525, "longitude": 34.3756, "geo_precision": 1, "source": "Arab 48; Liveuamap; Palestine News and Information Agency; Quds News Network; Twitter", "source_scale": "Local partner-New media", "notes": "On 21 April 2024, Israeli warplanes struck a house west of An Nusayrat refugee camp (An Nusayrat - West, Deir El Balah, Gaza Strip), leaving 7 fatalities.", "fatalities": 7, "tags": null, "timestamp": 1753955113 }, "geometry": { "type": "Point", "coordinates": [ 34.3756, 31.4525 ] } },
{ "type": "Feature", "properties": { "event_id_cnty": "PSE50995", "event_date": "4/21/2024", "year": 2024, "time_precision": true, "disorder_type": "Political violence", "event_type": "Explosions/Remote violence", "sub_event_type": "Air/drone strike", "actor1": "Military Forces of Israel (2022-)", "assoc_actor_1": null, "inter1": 8, "actor2": "Civilians (Palestine)", "assoc_actor_2": null, "inter2": 7, "interaction": 78, "civilian_targeting": "Civilian targeting", "iso": 275, "region": "Middle East", "country": "Palestine", "admin1": "Gaza Strip", "admin2": "Deir El Balah", "admin3": null, "location": "An Nusayrat - North", "latitude": 31.4591, "longitude": 34.3923, "geo_precision": 1, "source": "Arab 48; Palestine News and Information Agency; Palestinian Ministry of Health; Quds News Network; Twitter", "source_scale": "Other-New media", "notes": "On 21 April 2024, Israeli warplanes struck houses and other targets north of An Nusayrat camp (An Nusayrat - North, Deir El Balah, Gaza Strip), leaving injuries. Fatalities unknown. [Palestinian Ministry of Health reported 34654 fatalities upto 21 April. 39 fatalities not attributed to specific events added to 1 event on 21 April. 39 fatalities coded to this event.]", "fatalities": 39, "tags": null, "timestamp": 1753955113 }, "geometry": { "type": "Point", "coordinates": [ 34.3923, 31.4591 ] } },
{ "type": "Feature", "properties": { "event_id_cnty": "PSE50947", "event_date": "4/21/2024", "year": 2024, "time_precision": true, "disorder_type": "Political violence", "event_type": "Explosions/Remote violence", "sub_event_type": "Air/drone strike", "actor1": "Military Forces of Israel (2022-)", "assoc_actor_1": null, "inter1": 8, "actor2": "Civilians (Palestine)", "assoc_actor_2": "Farmers (Palestine)", "inter2": 7, "interaction": 78, "civilian_targeting": "Civilian targeting", "iso": 275, "region": "Middle East", "country": "Palestine", "admin1": "Gaza Strip", "admin2": "Rafah", "admin3": null, "location": "Khirbet al Adas", "latitude": 31.2855, "longitude": 34.2714, "geo_precision": 1, "source": "Palestine News and Information Agency", "source_scale": "National", "notes": "On 21 April 2024, Israeli warplanes struck agricultural areas in Khirbet al Adas (Rafah, Gaza Strip), leaving 3 injuries.", "fatalities": 0, "tags": null, "timestamp": 1753955113 }, "geometry": { "type": "Point", "coordinates": [ 34.2714, 31.2855 ] } },
{ "type": "Feature", "properties": { "event_id_cnty": "PSE50964", "event_date": "4/21/2024", "year": 2024, "time_precision": true, "disorder_type": "Political violence", "event_type": "Explosions/Remote violence", "sub_event_type": "Air/drone strike", "actor1": "Military Forces of Israel (2022-)", "assoc_actor_1": null, "inter1": 8, "actor2": "Civilians (Palestine)", "assoc_actor_2": null, "inter2": 7, "interaction": 78, "civilian_targeting": "Civilian targeting", "iso": 275, "region": "Middle East", "country": "Palestine", "admin1": "Gaza Strip", "admin2": "Rafah", "admin3": null, "location": "Rafah", "latitude": 31.287, "longitude": 34.2595, "geo_precision": 1, "source": "Al-Ittihad; Dunia Al Watan; Ma'an News Agency; Palestine News and Information Agency; Quds News Network; Twitter", "source_scale": "New media-National", "notes": "On 21 April 2024, Israeli warplanes struck 2 houses in Rafah city (Rafah, Gaza Strip), leaving 8 fatalities including 5 children.", "fatalities": 8, "tags": null, "timestamp": 1762829569 }, "geometry": { "type": "Point", "coordinates": [ 34.2595, 31.287 ] } },
{ "type": "Feature", "properties": { "event_id_cnty": "PSE50900", "event_date": "4/22/2024", "year": 2024, "time_precision": true, "disorder_type": "Political violence", "event_type": "Explosions/Remote violence", "sub_event_type": "Air/drone strike", "actor1": "Military Forces of Israel (2022-)", "assoc_actor_1": null, "inter1": 8, "actor2": "Civilians (Palestine)", "assoc_actor_2": null, "inter2": 7, "interaction": 78, "civilian_targeting": "Civilian targeting", "iso": 275, "region": "Middle East", "country": "Palestine", "admin1": "Gaza Strip", "admin2": "Gaza City", "admin3": null, "location": "Gaza - Ad Darraj", "latitude": 31.5172, "longitude": 34.4642, "geo_precision": 1, "source": "Arab 48; Newpress; Palestine News and Information Agency; Quds News Network; Twitter", "source_scale": "New media-National", "notes": "On 22 April 2024, Israeli warplanes struck a house in the Al Sahabah area of Gaza - Ad Darraj (Gaza City, Gaza Strip), killing a Palestinian and injuring another 3 persons.", "fatalities": 1, "tags": null, "timestamp": 1759790002 }, "geometry": { "type": "Point", "coordinates": [ 34.4642, 31.5172 ] } },
{ "type": "Feature", "properties": { "event_id_cnty": "PSE50915", "event_date": "4/22/2024", "year": 2024, "time_precision": true, "disorder_type": "Political violence", "event_type": "Explosions/Remote violence", "sub_event_type": "Air/drone strike", "actor1": "Military Forces of Israel (2022-)", "assoc_actor_1": null, "inter1": 8, "actor2": "Civilians (Palestine)", "assoc_actor_2": "Health Workers (Palestine); Refugees/IDPs (Palestine)", "inter2": 7, "interaction": 78, "civilian_targeting": "Civilian targeting", "iso": 275, "region": "Middle East", "country": "Palestine", "admin1": "Gaza Strip", "admin2": "Gaza City", "admin3": null, "location": "Gaza - Shujaiyya", "latitude": 31.4988, "longitude": 34.4699, "geo_precision": 1, "source": "Arab 48; Quds News Network; Twitter", "source_scale": "New media-National", "notes": "On 22 April 2024, Israeli warplanes struck a house in Al Mansoura street in Gaza - Shujaiyya (Gaza City, Gaza Strip), killing a Palestinian. Also, Palestinians, including displaced people were injured in airstrikes targeting a clinic and schools hosting displaced people in the same location. One fatality coded.", "fatalities": 1, "tags": null, "timestamp": 1759790002 }, "geometry": { "type": "Point", "coordinates": [ 34.4699, 31.4988 ] } },
{ "type": "Feature", "properties": { "event_id_cnty": "PSE50831", "event_date": "4/22/2024", "year": 2024, "time_precision": true, "disorder_type": "Political violence", "event_type": "Explosions/Remote violence", "sub_event_type": "Shelling/artillery/missile attack", "actor1": "Military Forces of Israel (2022-)", "assoc_actor_1": null, "inter1": 8, "actor2": "Civilians (Palestine)", "assoc_actor_2": null, "inter2": 7, "interaction": 78, "civilian_targeting": "Civilian targeting", "iso": 275, "region": "Middle East", "country": "Palestine", "admin1": "Gaza Strip", "admin2": "Deir El Balah", "admin3": null, "location": "Al Burayj", "latitude": 31.4394, "longitude": 34.4031, "geo_precision": 2, "source": "Arab 48; Quds News Network; Twitter", "source_scale": "New media-National", "notes": "On 22 April 2024, Israeli artillery shelled targets east of Al Burayj camp (Deir El Balah, Gaza Strip), killing one Palestinian.", "fatalities": 1, "tags": null, "timestamp": 1753955113 }, "geometry": { "type": "Point", "coordinates": [ 34.4031, 31.4394 ] } },
{ "type": "Feature", "properties": { "event_id_cnty": "PSE50840", "event_date": "4/22/2024", "year": 2024, "time_precision": true, "disorder_type": "Political violence", "event_type": "Explosions/Remote violence", "sub_event_type": "Air/drone strike", "actor1": "Military Forces of Israel (2022-)", "assoc_actor_1": null, "inter1": 8, "actor2": "Civilians (Palestine)", "assoc_actor_2": null, "inter2": 7, "interaction": 78, "civilian_targeting": "Civilian targeting", "iso": 275, "region": "Middle East", "country": "Palestine", "admin1": "Gaza Strip", "admin2": "Deir El Balah", "admin3": null, "location": "Al Brawk", "latitude": 31.4204, "longitude": 34.339, "geo_precision": 1, "source": "Palestine News and Information Agency", "source_scale": "National", "notes": "On 22 April 2024, Israeli warplanes struck a house in Al Brawk (Deir El Balah, Gaza Strip), leaving a number of injuries.", "fatalities": 0, "tags": null, "timestamp": 1767742780 }, "geometry": { "type": "Point", "coordinates": [ 34.339, 31.4204 ] } },
{ "type": "Feature", "properties": { "event_id_cnty": "PSE50892", "event_date": "4/22/2024", "year": 2024, "time_precision": true, "disorder_type": "Political violence", "event_type": "Explosions/Remote violence", "sub_event_type": "Air/drone strike", "actor1": "Military Forces of Israel (2022-)", "assoc_actor_1": null, "inter1": 8, "actor2": "Civilians (Palestine)", "assoc_actor_2": null, "inter2": 7, "interaction": 78, "civilian_targeting": "Civilian targeting", "iso": 275, "region": "Middle East", "country": "Palestine", "admin1": "Gaza Strip", "admin2": "Deir El Balah", "admin3": null, "location": "Deir al Balah", "latitude": 31.4178, "longitude": 34.3503, "geo_precision": 1, "source": "Newpress; Quds News Network; Twitter", "source_scale": "New media-National", "notes": "On 22 April 2024, Israeli warplanes struck a house in Abu Areef Street of Deir al Balah city (Deir El Balah, Gaza Strip), killing a Palestinian girl. Also, an Israeli UAV targeted a house in Deir al Balah city, casualties unknown. Fatalities coded as at least 1.", "fatalities": 1, "tags": null, "timestamp": 1753955113 }, "geometry": { "type": "Point", "coordinates": [ 34.3503, 31.4178 ] } },
{ "type": "Feature", "properties": { "event_id_cnty": "PSE51205", "event_date": "4/22/2024", "year": 2024, "time_precision": true, "disorder_type": "Political violence", "event_type": "Explosions/Remote violence", "sub_event_type": "Air/drone strike", "actor1": "Military Forces of Israel (2022-)", "assoc_actor_1": null, "inter1": 8, "actor2": "Civilians (Palestine)", "assoc_actor_2": "Muslim Group (Palestine); Refugees/IDPs (Palestine)", "inter2": 7, "interaction": 78, "civilian_targeting": "Civilian targeting", "iso": 275, "region": "Middle East", "country": "Palestine", "admin1": "Gaza Strip", "admin2": "Deir El Balah", "admin3": null, "location": "Al Burayj", "latitude": 31.4394, "longitude": 34.4031, "geo_precision": 1, "source": "Newpress; Palestine News and Information Agency; Quds News Network; Twitter", "source_scale": "New media-National", "notes": "On 22 April 2024, Israeli warplanes struck a mosque and a building in Al Burayj refugee camp (Deir El Balah, Gaza Strip), leaving 6 fatalities and a number of injuries. Also, a warplane struck the entrance of the camp and a house in separate incidents. Fatalities coded as at least 6.", "fatalities": 6, "tags": null, "timestamp": 1753955113 }, "geometry": { "type": "Point", "coordinates": [ 34.4031, 31.4394 ] } },
{ "type": "Feature", "properties": { "event_id_cnty": "PSE50972", "event_date": "4/22/2024", "year": 2024, "time_precision": true, "disorder_type": "Political violence", "event_type": "Explosions/Remote violence", "sub_event_type": "Air/drone strike", "actor1": "Military Forces of Israel (2022-)", "assoc_actor_1": null, "inter1": 8, "actor2": "Civilians (Palestine)", "assoc_actor_2": null, "inter2": 7, "interaction": 78, "civilian_targeting": "Civilian targeting", "iso": 275, "region": "Middle East", "country": "Palestine", "admin1": "Gaza Strip", "admin2": "North Gaza", "admin3": null, "location": "Beit Lahiya", "latitude": 31.5541, "longitude": 34.5016, "geo_precision": 2, "source": "Newpress; Palestine News and Information Agency; Quds News Network; Twitter", "source_scale": "New media-National", "notes": "On 22 April 2024, Israeli warplanes struck 2 houses in the Al Shaymaa Street north of Beit Lahiya (North Gaza, Gaza Strip). Also, the and artillery shelled targets in the same area. Casualties unknown.", "fatalities": 0, "tags": null, "timestamp": 1753955113 }, "geometry": { "type": "Point", "coordinates": [ 34.5016, 31.5541 ] } },
{ "type": "Feature", "properties": { "event_id_cnty": "PSE50866", "event_date": "4/22/2024", "year": 2024, "time_precision": true, "disorder_type": "Political violence", "event_type": "Explosions/Remote violence", "sub_event_type": "Air/drone strike", "actor1": "Military Forces of Israel (2022-)", "assoc_actor_1": null, "inter1": 8, "actor2": "Civilians (Palestine)", "assoc_actor_2": "Refugees/IDPs (Palestine)", "inter2": 7, "interaction": 78, "civilian_targeting": "Civilian targeting", "iso": 275, "region": "Middle East", "country": "Palestine", "admin1": "Gaza Strip", "admin2": "Deir El Balah", "admin3": null, "location": "An Nusayrat", "latitude": 31.4486, "longitude": 34.3925, "geo_precision": 1, "source": "Arab 48; Liveuamap; Palestine News and Information Agency; Palestinian Ministry of Health; Quds News Network; Twitter", "source_scale": "Local partner-New media", "notes": "On 22 April 2024, Israeli warplanes struck a house in Al Sawarha area of An Nusayrat refugee camp (Deir El Balah, Gaza Strip), leaving a number of injuries. Also, the artillery shelled an apartment near the mosque of An Nusayrat, leaving injuries. In addition, the artillery targeted Al Awda Hospital in the camp. Unspecified fatalities. [Palestinian Ministry of Health reported 34183 fatalities upto 22 April 2024. 21 fatalities not attributed to specific events split across 3 events on 22 April. 7 fatalities coded to this event.]", "fatalities": 7, "tags": null, "timestamp": 1753955113 }, "geometry": { "type": "Point", "coordinates": [ 34.3925, 31.4486 ] } },
{ "type": "Feature", "properties": { "event_id_cnty": "PSE50848", "event_date": "4/22/2024", "year": 2024, "time_precision": true, "disorder_type": "Political violence", "event_type": "Explosions/Remote violence", "sub_event_type": "Air/drone strike", "actor1": "Military Forces of Israel (2022-)", "assoc_actor_1": null, "inter1": 8, "actor2": "Civilians (Palestine)", "assoc_actor_2": "Refugees/IDPs (Palestine)", "inter2": 7, "interaction": 78, "civilian_targeting": "Civilian targeting", "iso": 275, "region": "Middle East", "country": "Palestine", "admin1": "Gaza Strip", "admin2": "Deir El Balah", "admin3": null, "location": "Al Maghazi", "latitude": 31.4214, "longitude": 34.3865, "geo_precision": 1, "source": "Arab 48; Palestinian Ministry of Health; Quds News Network; Twitter", "source_scale": "Other-New media", "notes": "On 22 April 2024, Israeli warplanes struck the Wadi Abu Rashid area in Al Maghazi refugee camp (Deir El Balah, Gaza Strip). Also, the artillery shelled targets in the same area. Unspecified casualties. [Palestinian Ministry of Health reported 34183 fatalities upto 22 April 2024. 21 fatalities not attributed to specific events split across 3 events on 22 April. 7 fatalities coded to this event.]", "fatalities": 7, "tags": null, "timestamp": 1753955113 }, "geometry": { "type": "Point", "coordinates": [ 34.3865, 31.4214 ] } },
{ "type": "Feature", "properties": { "event_id_cnty": "PSE50920", "event_date": "4/22/2024", "year": 2024, "time_precision": true, "disorder_type": "Political violence", "event_type": "Explosions/Remote violence", "sub_event_type": "Air/drone strike", "actor1": "Military Forces of Israel (2022-)", "assoc_actor_1": null, "inter1": 8, "actor2": "Civilians (Palestine)", "assoc_actor_2": null, "inter2": 7, "interaction": 78, "civilian_targeting": "Civilian targeting", "iso": 275, "region": "Middle East", "country": "Palestine", "admin1": "Gaza Strip", "admin2": "Gaza City", "admin3": null, "location": "Gaza - Tal el Hawa", "latitude": 31.5041, "longitude": 34.435, "geo_precision": 1, "source": "Arab 48; Newpress; Palestinian Ministry of Health; Twitter", "source_scale": "Other-New media", "notes": "On 22 April 2024, Israeli warplanes struck a building in Gaza - Tal el Hawa (Gaza City, Gaza Strip). Unspecified casualties. [Palestinian Ministry of Health reported 34183 fatalities upto 22 April 2024. 21 fatalities not attributed to specific events split across 3 events on 22 April. 7 fatalities coded to this event.]", "fatalities": 7, "tags": null, "timestamp": 1759790002 }, "geometry": { "type": "Point", "coordinates": [ 34.435, 31.5041 ] } },
{ "type": "Feature", "properties": { "event_id_cnty": "PSE51030", "event_date": "4/22/2024", "year": 2024, "time_precision": true, "disorder_type": "Political violence", "event_type": "Explosions/Remote violence", "sub_event_type": "Air/drone strike", "actor1": "Military Forces of Israel (2022-)", "assoc_actor_1": null, "inter1": 8, "actor2": "Civilians (Palestine)", "assoc_actor_2": null, "inter2": 7, "interaction": 78, "civilian_targeting": "Civilian targeting", "iso": 275, "region": "Middle East", "country": "Palestine", "admin1": "Gaza Strip", "admin2": "North Gaza", "admin3": null, "location": "Jabalya", "latitude": 31.5272, "longitude": 34.4835, "geo_precision": 2, "source": "Quds News Network; Twitter", "source_scale": "New media-National", "notes": "On 22 April 2024, Israeli warplanes struck a house near Al Saftawi area west of Jabalya (North Gaza, Gaza Strip). Casualties unknown.", "fatalities": 0, "tags": null, "timestamp": 1759790002 }, "geometry": { "type": "Point", "coordinates": [ 34.4835, 31.5272 ] } },
{ "type": "Feature", "properties": { "event_id_cnty": "PSE51001", "event_date": "4/23/2024", "year": 2024, "time_precision": true, "disorder_type": "Political violence", "event_type": "Explosions/Remote violence", "sub_event_type": "Air/drone strike", "actor1": "Military Forces of Israel (2022-)", "assoc_actor_1": null, "inter1": 8, "actor2": "Civilians (Palestine)", "assoc_actor_2": null, "inter2": 7, "interaction": 78, "civilian_targeting": "Civilian targeting", "iso": 275, "region": "Middle East", "country": "Palestine", "admin1": "Gaza Strip", "admin2": "Gaza City", "admin3": null, "location": "Gaza - Shujaiyya", "latitude": 31.4988, "longitude": 34.4699, "geo_precision": 1, "source": "Palestine News and Information Agency; Quds News Network; Twitter", "source_scale": "New media-National", "notes": "On 23 April 2024, Israeli UAVs and artillery and tanks shelled targets in Gaza - Shujaiyya (Gaza City, Gaza Strip), leaving 3 fatalities and 10 injuries in Az Zaytun, Shujaiyya, and At Tuffah. Fatalities were split across 3 locations (one fatality coded to this location).", "fatalities": 1, "tags": null, "timestamp": 1759790002 }, "geometry": { "type": "Point", "coordinates": [ 34.4699, 31.4988 ] } },
{ "type": "Feature", "properties": { "event_id_cnty": "PSE51002", "event_date": "4/23/2024", "year": 2024, "time_precision": true, "disorder_type": "Political violence", "event_type": "Explosions/Remote violence", "sub_event_type": "Shelling/artillery/missile attack", "actor1": "Military Forces of Israel (2022-)", "assoc_actor_1": null, "inter1": 8, "actor2": "Civilians (Palestine)", "assoc_actor_2": null, "inter2": 7, "interaction": 78, "civilian_targeting": "Civilian targeting", "iso": 275, "region": "Middle East", "country": "Palestine", "admin1": "Gaza Strip", "admin2": "Gaza City", "admin3": null, "location": "Gaza - At Tuffah", "latitude": 31.5134, "longitude": 34.4751, "geo_precision": 1, "source": "Palestine News and Information Agency; Quds News Network; Twitter", "source_scale": "New media-National", "notes": "On 23 April 2024, Israeli artillery and tanks shelled targets in Gaza - At Tuffah (Gaza City, Gaza Strip), leaving 3 fatalities and 10 injuries in Az Zaytun, Shujaiyya, and At Tuffah. Fatalities were split across 3 locations (one fatality coded to this location).", "fatalities": 1, "tags": null, "timestamp": 1759790002 }, "geometry": { "type": "Point", "coordinates": [ 34.4751, 31.5134 ] } },
{ "type": "Feature", "properties": { "event_id_cnty": "PSE51041", "event_date": "4/23/2024", "year": 2024, "time_precision": true, "disorder_type": "Political violence", "event_type": "Explosions/Remote violence", "sub_event_type": "Air/drone strike", "actor1": "Military Forces of Israel (2022-)", "assoc_actor_1": null, "inter1": 8, "actor2": "Civilians (Palestine)", "assoc_actor_2": null, "inter2": 7, "interaction": 78, "civilian_targeting": "Civilian targeting", "iso": 275, "region": "Middle East", "country": "Palestine", "admin1": "Gaza Strip", "admin2": "Khan Yunis", "admin3": null, "location": "Al Mawasi (Khan Yunis)", "latitude": 31.3482, "longitude": 34.2547, "geo_precision": 1, "source": "Palestine News and Information Agency", "source_scale": "National", "notes": "On 23 April 2024, Israeli warplanes struck targets in Al Mawasi (Khan Yunis), Gaza Strip, leaving 2 fatalities.", "fatalities": 2, "tags": null, "timestamp": 1762829569 }, "geometry": { "type": "Point", "coordinates": [ 34.2547, 31.3482 ] } },
{ "type": "Feature", "properties": { "event_id_cnty": "PSE50834", "event_date": "4/23/2024", "year": 2024, "time_precision": true, "disorder_type": "Political violence", "event_type": "Explosions/Remote violence", "sub_event_type": "Air/drone strike", "actor1": "Military Forces of Israel (2022-)", "assoc_actor_1": null, "inter1": 8, "actor2": "Civilians (Palestine)", "assoc_actor_2": null, "inter2": 7, "interaction": 78, "civilian_targeting": "Civilian targeting", "iso": 275, "region": "Middle East", "country": "Palestine", "admin1": "Gaza Strip", "admin2": "Deir El Balah", "admin3": null, "location": "Al Burayj", "latitude": 31.4394, "longitude": 34.4031, "geo_precision": 2, "source": "Palestine News and Information Agency; Quds News Network; Twitter", "source_scale": "New media-National", "notes": "On 23 April 2024, Israeli warplanes struck targets southeast of Al Burayj camp (Deir El Balah, Gaza Strip), leaving a number of injuries among civilians.", "fatalities": 0, "tags": null, "timestamp": 1753955113 }, "geometry": { "type": "Point", "coordinates": [ 34.4031, 31.4394 ] } },
{ "type": "Feature", "properties": { "event_id_cnty": "PSE51005", "event_date": "4/23/2024", "year": 2024, "time_precision": true, "disorder_type": "Political violence", "event_type": "Explosions/Remote violence", "sub_event_type": "Air/drone strike", "actor1": "Military Forces of Israel (2022-)", "assoc_actor_1": null, "inter1": 8, "actor2": "Civilians (Palestine)", "assoc_actor_2": "Refugees/IDPs (Palestine)", "inter2": 7, "interaction": 78, "civilian_targeting": "Civilian targeting", "iso": 275, "region": "Middle East", "country": "Palestine", "admin1": "Gaza Strip", "admin2": "Deir El Balah", "admin3": null, "location": "An Nusayrat", "latitude": 31.4486, "longitude": 34.3925, "geo_precision": 1, "source": "Arab 48; Newpress; Palestine News and Information Agency; Quds News Network; Twitter", "source_scale": "New media-National", "notes": "On 23 April 2024, Israeli warplanes struck targets in An Nusayrat refugee camp (Deir El Balah, Gaza Strip), leaving at least 4 fatalities. Meanwhile, the artillery shelled targets in the same area, leaving injuries. Fatalities were at least 4.", "fatalities": 4, "tags": null, "timestamp": 1753955113 }, "geometry": { "type": "Point", "coordinates": [ 34.3925, 31.4486 ] } },
{ "type": "Feature", "properties": { "event_id_cnty": "PSE51014", "event_date": "4/23/2024", "year": 2024, "time_precision": true, "disorder_type": "Political violence", "event_type": "Explosions/Remote violence", "sub_event_type": "Shelling/artillery/missile attack", "actor1": "Military Forces of Israel (2022-)", "assoc_actor_1": null, "inter1": 8, "actor2": "Civilians (Palestine)", "assoc_actor_2": null, "inter2": 7, "interaction": 78, "civilian_targeting": "Civilian targeting", "iso": 275, "region": "Middle East", "country": "Palestine", "admin1": "Gaza Strip", "admin2": "Deir El Balah", "admin3": null, "location": "An Nusayrat - West", "latitude": 31.4525, "longitude": 34.3756, "geo_precision": 1, "source": "Palestine News and Information Agency; Quds News Network; Twitter", "source_scale": "New media-National", "notes": "On 23 April 2024, Israeli gunboats shelled the beach of An Nusayrat, coded west of An Nusayrat refugee camp (An Nusayrat - West, Deir El Balah, Gaza Strip). Casualties unknown. Also, one Palestinian was killed due to artillery fire in the same area. Fatalities coded at least one.", "fatalities": 1, "tags": null, "timestamp": 1753955113 }, "geometry": { "type": "Point", "coordinates": [ 34.3756, 31.4525 ] } },
{ "type": "Feature", "properties": { "event_id_cnty": "PSE51015", "event_date": "4/23/2024", "year": 2024, "time_precision": true, "disorder_type": "Political violence", "event_type": "Explosions/Remote violence", "sub_event_type": "Air/drone strike", "actor1": "Military Forces of Israel (2022-)", "assoc_actor_1": null, "inter1": 8, "actor2": "Civilians (Palestine)", "assoc_actor_2": null, "inter2": 7, "interaction": 78, "civilian_targeting": "Civilian targeting", "iso": 275, "region": "Middle East", "country": "Palestine", "admin1": "Gaza Strip", "admin2": "Deir El Balah", "admin3": null, "location": "Deir al Balah", "latitude": 31.4178, "longitude": 34.3503, "geo_precision": 1, "source": "Arab 48; Palestine News and Information Agency; Quds News Network; Twitter", "source_scale": "New media-National", "notes": "On 23 April 2024, Israeli warplanes struck a passing car at Yafa street in Deir al Balah city (Deir El Balah, Gaza Strip), leaving one fatality.", "fatalities": 1, "tags": null, "timestamp": 1753955113 }, "geometry": { "type": "Point", "coordinates": [ 34.3503, 31.4178 ] } },
{ "type": "Feature", "properties": { "event_id_cnty": "PSE51016", "event_date": "4/23/2024", "year": 2024, "time_precision": true, "disorder_type": "Political violence", "event_type": "Explosions/Remote violence", "sub_event_type": "Air/drone strike", "actor1": "Military Forces of Israel (2022-)", "assoc_actor_1": null, "inter1": 8, "actor2": "Civilians (Palestine)", "assoc_actor_2": null, "inter2": 7, "interaction": 78, "civilian_targeting": "Civilian targeting", "iso": 275, "region": "Middle East", "country": "Palestine", "admin1": "Gaza Strip", "admin2": "Deir El Balah", "admin3": null, "location": "An Nusayrat - North", "latitude": 31.4591, "longitude": 34.3923, "geo_precision": 1, "source": "Arab 48; Newpress; Palestine News and Information Agency; Quds News Network; Twitter", "source_scale": "New media-National", "notes": "On 23 April 2024, Israeli warplanes carried out airstrikes and artillery shelled targets and houses north of An Nusayrat refugee camp and near the Wadi Gaza and al-Dawwa area (An Nusayrat - North, Deir El Balah, Gaza Strip). Casualties unknown.", "fatalities": 0, "tags": null, "timestamp": 1753955113 }, "geometry": { "type": "Point", "coordinates": [ 34.3923, 31.4591 ] } },
{ "type": "Feature", "properties": { "event_id_cnty": "PSE51006", "event_date": "4/23/2024", "year": 2024, "time_precision": true, "disorder_type": "Political violence", "event_type": "Explosions/Remote violence", "sub_event_type": "Air/drone strike", "actor1": "Military Forces of Israel (2022-)", "assoc_actor_1": null, "inter1": 8, "actor2": "Civilians (Palestine)", "assoc_actor_2": null, "inter2": 7, "interaction": 78, "civilian_targeting": "Civilian targeting", "iso": 275, "region": "Middle East", "country": "Palestine", "admin1": "Gaza Strip", "admin2": "North Gaza", "admin3": null, "location": "Beit Lahiya", "latitude": 31.5541, "longitude": 34.5016, "geo_precision": 1, "source": "Arab 48; Newpress; Palestine News and Information Agency; Quds News Network; Twitter", "source_scale": "New media-National", "notes": "On 23 April 2024, Israeli UAVs struck a stadium in Beit Lahiya town (North Gaza, Gaza Strip), leaving one fatality and a number of injuries. Also, warplanes struck a mosque and a land, while the artillery shelled targets in the same area. Total fatalities coded at least 1.", "fatalities": 1, "tags": null, "timestamp": 1753955113 }, "geometry": { "type": "Point", "coordinates": [ 34.5016, 31.5541 ] } },
{ "type": "Feature", "properties": { "event_id_cnty": "PSE50839", "event_date": "4/23/2024", "year": 2024, "time_precision": true, "disorder_type": "Political violence", "event_type": "Explosions/Remote violence", "sub_event_type": "Air/drone strike", "actor1": "Military Forces of Israel (2022-)", "assoc_actor_1": null, "inter1": 8, "actor2": "Civilians (Palestine)", "assoc_actor_2": "Muslim Group (Palestine)", "inter2": 7, "interaction": 78, "civilian_targeting": "Civilian targeting", "iso": 275, "region": "Middle East", "country": "Palestine", "admin1": "Gaza Strip", "admin2": "Deir El Balah", "admin3": null, "location": "Al Burayj", "latitude": 31.4394, "longitude": 34.4031, "geo_precision": 2, "source": "Arab 48; Palestine News and Information Agency; Palestinian Ministry of Health; Quds News Network; Twitter", "source_scale": "Other-New media", "notes": "On 23 April 2024, Israeli warplanes struck several targets including a mosque east of Al Burayj camp (Deir El Balah, Gaza Strip). Unspecified casualties. [Palestinian Ministry of Health reported 34262 fatalities upto 23 April 2024. 55 fatalities not attributed to specific events split across 6 events on 23 April. 9 fatalities coded to this event.]", "fatalities": 9, "tags": null, "timestamp": 1753955113 }, "geometry": { "type": "Point", "coordinates": [ 34.4031, 31.4394 ] } },
{ "type": "Feature", "properties": { "event_id_cnty": "PSE50997", "event_date": "4/23/2024", "year": 2024, "time_precision": true, "disorder_type": "Political violence", "event_type": "Explosions/Remote violence", "sub_event_type": "Air/drone strike", "actor1": "Military Forces of Israel (2022-)", "assoc_actor_1": null, "inter1": 8, "actor2": "Civilians (Palestine)", "assoc_actor_2": null, "inter2": 7, "interaction": 78, "civilian_targeting": "Civilian targeting", "iso": 275, "region": "Middle East", "country": "Palestine", "admin1": "Gaza Strip", "admin2": "Gaza City", "admin3": null, "location": "Gaza", "latitude": 31.5045, "longitude": 34.4743, "geo_precision": 1, "source": "Newpress; Palestine News and Information Agency; Palestinian Ministry of Health; Quds News Network; Twitter", "source_scale": "Other-New media", "notes": "On 23 April 2024, Israeli warplanes struck targets in Al Thalathini and Al Jalaa streets in Gaza City (Gaza City, Gaza Strip). Unspecified casualties. [Palestinian Ministry of Health reported 34262 fatalities upto 23 April 2024. 55 fatalities not attributed to specific events split across 6 events on 23 April. 9 fatalities coded to this event.]", "fatalities": 9, "tags": null, "timestamp": 1759790002 }, "geometry": { "type": "Point", "coordinates": [ 34.4743, 31.5045 ] } },
{ "type": "Feature", "properties": { "event_id_cnty": "PSE50999", "event_date": "4/23/2024", "year": 2024, "time_precision": true, "disorder_type": "Political violence", "event_type": "Explosions/Remote violence", "sub_event_type": "Air/drone strike", "actor1": "Military Forces of Israel (2022-)", "assoc_actor_1": null, "inter1": 8, "actor2": "Civilians (Palestine)", "assoc_actor_2": null, "inter2": 7, "interaction": 78, "civilian_targeting": "Civilian targeting", "iso": 275, "region": "Middle East", "country": "Palestine", "admin1": "Gaza Strip", "admin2": "Khan Yunis", "admin3": null, "location": "Khan Yunis", "latitude": 31.3502, "longitude": 34.3081, "geo_precision": 1, "source": "Palestine News and Information Agency; Palestinian Ministry of Health", "source_scale": "Other-National", "notes": "On 23 April 2024, Israeli warplanes struck targets in Khan Yunis city (Khan Yunis, Gaza Strip). Unspecified casualties. [Palestinian Ministry of Health reported 34262 fatalities upto 23 April 2024. 55 fatalities not attributed to specific events split across 6 events on 23 April. 9 fatalities coded to this event.]", "fatalities": 9, "tags": null, "timestamp": 1753955113 }, "geometry": { "type": "Point", "coordinates": [ 34.3081, 31.3502 ] } },
{ "type": "Feature", "properties": { "event_id_cnty": "PSE51009", "event_date": "4/23/2024", "year": 2024, "time_precision": true, "disorder_type": "Political violence", "event_type": "Explosions/Remote violence", "sub_event_type": "Air/drone strike", "actor1": "Military Forces of Israel (2022-)", "assoc_actor_1": null, "inter1": 8, "actor2": "Civilians (Palestine)", "assoc_actor_2": "Refugees/IDPs (Palestine)", "inter2": 7, "interaction": 78, "civilian_targeting": "Civilian targeting", "iso": 275, "region": "Middle East", "country": "Palestine", "admin1": "Gaza Strip", "admin2": "North Gaza", "admin3": null, "location": "Beit Hanoun", "latitude": 31.5405, "longitude": 34.5402, "geo_precision": 1, "source": "Palestine News and Information Agency", "source_scale": "National", "notes": "On 23 April 2024, Israeli UAVs opened fire on centers housing displaced people in Beit Hanoun (North Gaza, Gaza Strip), leaving 2 injuries.", "fatalities": 0, "tags": null, "timestamp": 1753955113 }, "geometry": { "type": "Point", "coordinates": [ 34.5402, 31.5405 ] } },
{ "type": "Feature", "properties": { "event_id_cnty": "PSE50908", "event_date": "4/23/2024", "year": 2024, "time_precision": true, "disorder_type": "Political violence", "event_type": "Explosions/Remote violence", "sub_event_type": "Air/drone strike", "actor1": "Military Forces of Israel (2022-)", "assoc_actor_1": null, "inter1": 8, "actor2": "Civilians (Palestine)", "assoc_actor_2": null, "inter2": 7, "interaction": 78, "civilian_targeting": "Civilian targeting", "iso": 275, "region": "Middle East", "country": "Palestine", "admin1": "Gaza Strip", "admin2": "Gaza City", "admin3": null, "location": "Gaza - Az Zaytun", "latitude": 31.4964, "longitude": 34.4522, "geo_precision": 2, "source": "Palestine News and Information Agency; Quds News Network; Twitter", "source_scale": "New media-National", "notes": "On 23 April 2024, Israeli warplanes carried strikes and artillery shelled houses south of Gaza - Az Zaytun (Gaza City, Gaza Strip). Casualties unknown.", "fatalities": 0, "tags": null, "timestamp": 1759790002 }, "geometry": { "type": "Point", "coordinates": [ 34.4522, 31.4964 ] } },
{ "type": "Feature", "properties": { "event_id_cnty": "PSE50911", "event_date": "4/23/2024", "year": 2024, "time_precision": true, "disorder_type": "Political violence", "event_type": "Explosions/Remote violence", "sub_event_type": "Shelling/artillery/missile attack", "actor1": "Military Forces of Israel (2022-)", "assoc_actor_1": null, "inter1": 8, "actor2": "Civilians (Palestine)", "assoc_actor_2": null, "inter2": 7, "interaction": 78, "civilian_targeting": "Civilian targeting", "iso": 275, "region": "Middle East", "country": "Palestine", "admin1": "Gaza Strip", "admin2": "Gaza City", "admin3": null, "location": "Gaza - Az Zaytun", "latitude": 31.4964, "longitude": 34.4522, "geo_precision": 2, "source": "Palestine News and Information Agency", "source_scale": "National", "notes": "On 23 April 2024, Israeli artillery shelled houses east of Gaza - Az Zaytun (Gaza City, Gaza Strip). Casualties unknown.", "fatalities": 0, "tags": null, "timestamp": 1759790002 }, "geometry": { "type": "Point", "coordinates": [ 34.4522, 31.4964 ] } },
{ "type": "Feature", "properties": { "event_id_cnty": "PSE51000", "event_date": "4/23/2024", "year": 2024, "time_precision": true, "disorder_type": "Political violence", "event_type": "Explosions/Remote violence", "sub_event_type": "Air/drone strike", "actor1": "Military Forces of Israel (2022-)", "assoc_actor_1": null, "inter1": 8, "actor2": "Civilians (Palestine)", "assoc_actor_2": null, "inter2": 7, "interaction": 78, "civilian_targeting": "Civilian targeting", "iso": 275, "region": "Middle East", "country": "Palestine", "admin1": "Gaza Strip", "admin2": "Gaza City", "admin3": null, "location": "Gaza - Az Zaytun", "latitude": 31.4964, "longitude": 34.4522, "geo_precision": 1, "source": "Newpress; Palestine News and Information Agency; Quds News Network; Twitter", "source_scale": "New media-National", "notes": "On 23 April 2024, Israeli warplanes struck targets (including a house) in Gaza - Az Zaytun (Gaza City, Gaza Strip). Meanwhile, artillery and tanks shelled targets, leaving 3 fatalities and 10 injuries in Az Zaytun, Shujaiyya, and At Tuffah. Fatalities split across 3 locations (one fatality coded to this location).", "fatalities": 1, "tags": null, "timestamp": 1759790002 }, "geometry": { "type": "Point", "coordinates": [ 34.4522, 31.4964 ] } },
{ "type": "Feature", "properties": { "event_id_cnty": "PSE51010", "event_date": "4/23/2024", "year": 2024, "time_precision": true, "disorder_type": "Political violence", "event_type": "Explosions/Remote violence", "sub_event_type": "Air/drone strike", "actor1": "Military Forces of Israel (2022-)", "assoc_actor_1": null, "inter1": 8, "actor2": "Civilians (Palestine)", "assoc_actor_2": null, "inter2": 7, "interaction": 78, "civilian_targeting": "Civilian targeting", "iso": 275, "region": "Middle East", "country": "Palestine", "admin1": "Gaza Strip", "admin2": "Gaza City", "admin3": null, "location": "Gaza - Tal el Hawa", "latitude": 31.5041, "longitude": 34.435, "geo_precision": 1, "source": "Newpress; Palestine News and Information Agency; Palestinian Ministry of Health; Quds News Network; Twitter", "source_scale": "Other-New media", "notes": "On 23 April 2024, Israeli warplanes struck a residential building in Gaza - Tal el Hawa (Gaza City, Gaza Strip). Unspecified casualties. [Palestinian Ministry of Health reported 34262 fatalities upto 23 April 2024. 55 fatalities not attributed to specific events split across 6 events on 23 April. 9 fatalities coded to this event.]", "fatalities": 9, "tags": null, "timestamp": 1759790002 }, "geometry": { "type": "Point", "coordinates": [ 34.435, 31.5041 ] } },
{ "type": "Feature", "properties": { "event_id_cnty": "PSE51034", "event_date": "4/23/2024", "year": 2024, "time_precision": true, "disorder_type": "Political violence", "event_type": "Explosions/Remote violence", "sub_event_type": "Air/drone strike", "actor1": "Military Forces of Israel (2022-)", "assoc_actor_1": null, "inter1": 8, "actor2": "Civilians (Palestine)", "assoc_actor_2": null, "inter2": 7, "interaction": 78, "civilian_targeting": "Civilian targeting", "iso": 275, "region": "Middle East", "country": "Palestine", "admin1": "Gaza Strip", "admin2": "North Gaza", "admin3": null, "location": "Jabalya", "latitude": 31.5272, "longitude": 34.4835, "geo_precision": 2, "source": "Arab 48; Liveuamap; Palestinian Ministry of Health; Quds News Network; Twitter", "source_scale": "Local partner-New media", "notes": "On 23 April 2024, Israeli warplanes struck a house in Al Salam area east of Jabalya town (North Gaza, Gaza Strip). Also, the artillery shelled targets in the same area. Unspecified casualties. [Palestinian Ministry of Health reported 34262 fatalities upto 23 April 2024. 55 fatalities not attributed to specific events split across 6 events on 23 April. 10 fatalities coded to this event.]", "fatalities": 10, "tags": null, "timestamp": 1759790002 }, "geometry": { "type": "Point", "coordinates": [ 34.4835, 31.5272 ] } },
{ "type": "Feature", "properties": { "event_id_cnty": "PSE51013", "event_date": "4/23/2024", "year": 2024, "time_precision": true, "disorder_type": "Political violence", "event_type": "Explosions/Remote violence", "sub_event_type": "Air/drone strike", "actor1": "Military Forces of Israel (2022-)", "assoc_actor_1": null, "inter1": 8, "actor2": "Civilians (Palestine)", "assoc_actor_2": null, "inter2": 7, "interaction": 78, "civilian_targeting": "Civilian targeting", "iso": 275, "region": "Middle East", "country": "Palestine", "admin1": "Gaza Strip", "admin2": "Rafah", "admin3": null, "location": "Rafah", "latitude": 31.287, "longitude": 34.2595, "geo_precision": 1, "source": "Arab 48; Palestinian Ministry of Health", "source_scale": "Other-National", "notes": "On 23 April 2024, Israeli warplanes struck targets in Rafah city (Rafah, Gaza Strip). Unspecified casualties. [Palestinian Ministry of Health reported 34262 fatalities upto 23 April 2024. 55 fatalities not attributed to specific events split across 6 events on 23 April. 9 fatalities coded to this event.]", "fatalities": 9, "tags": null, "timestamp": 1762829569 }, "geometry": { "type": "Point", "coordinates": [ 34.2595, 31.287 ] } },
{ "type": "Feature", "properties": { "event_id_cnty": "PSE51012", "event_date": "4/23/2024", "year": 2024, "time_precision": true, "disorder_type": "Political violence", "event_type": "Explosions/Remote violence", "sub_event_type": "Air/drone strike", "actor1": "Military Forces of Israel (2022-)", "assoc_actor_1": null, "inter1": 8, "actor2": "Civilians (Palestine)", "assoc_actor_2": null, "inter2": 7, "interaction": 78, "civilian_targeting": "Civilian targeting", "iso": 275, "region": "Middle East", "country": "Palestine", "admin1": "Gaza Strip", "admin2": "Rafah", "admin3": null, "location": "As Salam", "latitude": 31.2678, "longitude": 34.2567, "geo_precision": 1, "source": "Arab 48; Palestine News and Information Agency; Quds News Network; Twitter", "source_scale": "New media-National", "notes": "On 23 April 2024, Israeli warplanes struck a house in As Salam (Rafah, Gaza Strip), leaving 2 fatalities and a number of injuries.", "fatalities": 2, "tags": null, "timestamp": 1753955113 }, "geometry": { "type": "Point", "coordinates": [ 34.2567, 31.2678 ] } },
{ "type": "Feature", "properties": { "event_id_cnty": "PSE50973", "event_date": "4/23/2024", "year": 2024, "time_precision": true, "disorder_type": "Political violence", "event_type": "Violence against civilians", "sub_event_type": "Attack", "actor1": "Military Forces of Israel (2022-)", "assoc_actor_1": null, "inter1": 8, "actor2": "Civilians (Palestine)", "assoc_actor_2": null, "inter2": 7, "interaction": 78, "civilian_targeting": "Civilian targeting", "iso": 275, "region": "Middle East", "country": "Palestine", "admin1": "Gaza Strip", "admin2": "North Gaza", "admin3": null, "location": "Beit Lahiya", "latitude": 31.5541, "longitude": 34.5016, "geo_precision": 2, "source": "Quds News Network; Twitter", "source_scale": "New media-National", "notes": "On 23 April 2024, Israeli forces opened fire toward a group of Palestinians while waiting for aid trucks west of Beit Lahiya (North Gaza, Gaza Strip), leaving injuries. This event involved violence over aid.", "fatalities": 0, "tags": null, "timestamp": 1754946060 }, "geometry": { "type": "Point", "coordinates": [ 34.5016, 31.5541 ] } },
{ "type": "Feature", "properties": { "event_id_cnty": "PSE50945", "event_date": "4/24/2024", "year": 2024, "time_precision": true, "disorder_type": "Political violence", "event_type": "Explosions/Remote violence", "sub_event_type": "Shelling/artillery/missile attack", "actor1": "Military Forces of Israel (2022-)", "assoc_actor_1": null, "inter1": 8, "actor2": "Civilians (Palestine)", "assoc_actor_2": null, "inter2": 7, "interaction": 78, "civilian_targeting": "Civilian targeting", "iso": 275, "region": "Middle East", "country": "Palestine", "admin1": "Gaza Strip", "admin2": "Khan Yunis", "admin3": null, "location": "Bani Suheila", "latitude": 31.3424, "longitude": 34.325, "geo_precision": 2, "source": "Newpress; PLO Negotiations Affairs Department; Quds News Network; Twitter", "source_scale": "Other-New media", "notes": "On 24 April 2024, Israeli artillery and tanks shelled targets east of Khan Yunis, coded to Bani Suheila (Khan Yunis, Gaza Strip), leaving one fatality and several injuries.", "fatalities": 1, "tags": null, "timestamp": 1753955113 }, "geometry": { "type": "Point", "coordinates": [ 34.325, 31.3424 ] } },
{ "type": "Feature", "properties": { "event_id_cnty": "PSE50842", "event_date": "4/24/2024", "year": 2024, "time_precision": true, "disorder_type": "Political violence", "event_type": "Explosions/Remote violence", "sub_event_type": "Shelling/artillery/missile attack", "actor1": "Military Forces of Israel (2022-)", "assoc_actor_1": null, "inter1": 8, "actor2": "Civilians (Palestine)", "assoc_actor_2": null, "inter2": 7, "interaction": 78, "civilian_targeting": "Civilian targeting", "iso": 275, "region": "Middle East", "country": "Palestine", "admin1": "Gaza Strip", "admin2": "Deir El Balah", "admin3": null, "location": "Al Burayj", "latitude": 31.4394, "longitude": 34.4031, "geo_precision": 2, "source": "Palestine News and Information Agency; Quds News Network; Twitter", "source_scale": "New media-National", "notes": "On 24 April 2024, Israeli artillery shelled targets east of Al Burayj camp (Deir El Balah, Gaza Strip), leaving one fatality and a number of injuries.", "fatalities": 1, "tags": null, "timestamp": 1753955113 }, "geometry": { "type": "Point", "coordinates": [ 34.4031, 31.4394 ] } },
{ "type": "Feature", "properties": { "event_id_cnty": "PSE51052", "event_date": "4/24/2024", "year": 2024, "time_precision": true, "disorder_type": "Political violence", "event_type": "Explosions/Remote violence", "sub_event_type": "Air/drone strike", "actor1": "Military Forces of Israel (2022-)", "assoc_actor_1": null, "inter1": 8, "actor2": "Civilians (Palestine)", "assoc_actor_2": null, "inter2": 7, "interaction": 78, "civilian_targeting": "Civilian targeting", "iso": 275, "region": "Middle East", "country": "Palestine", "admin1": "Gaza Strip", "admin2": "Deir El Balah", "admin3": null, "location": "Az Zawayda", "latitude": 31.4284, "longitude": 34.366, "geo_precision": 1, "source": "Palestine News and Information Agency; Quds News Network; Twitter", "source_scale": "New media-National", "notes": "On 24 April 2024, Israeli warplanes struck an agricultural land in the Trans al-Baba area of Az Zawayda town (Deir El Balah, Gaza Strip), injuring one person.", "fatalities": 0, "tags": null, "timestamp": 1767742780 }, "geometry": { "type": "Point", "coordinates": [ 34.366, 31.4284 ] } },
{ "type": "Feature", "properties": { "event_id_cnty": "PSE51062", "event_date": "4/24/2024", "year": 2024, "time_precision": true, "disorder_type": "Political violence", "event_type": "Explosions/Remote violence", "sub_event_type": "Air/drone strike", "actor1": "Military Forces of Israel (2022-)", "assoc_actor_1": null, "inter1": 8, "actor2": "Civilians (Palestine)", "assoc_actor_2": null, "inter2": 7, "interaction": 78, "civilian_targeting": "Civilian targeting", "iso": 275, "region": "Middle East", "country": "Palestine", "admin1": "Gaza Strip", "admin2": "Deir El Balah", "admin3": null, "location": "An Nusayrat - West", "latitude": 31.4525, "longitude": 34.3756, "geo_precision": 1, "source": "Liveuamap; Newpress; Quds News Network; Twitter", "source_scale": "Local partner-New media", "notes": "On 24 April 2024, Israeli warplanes struck a house west of An Nusayrat (An Nusayrat - West, Deir El Balah, Gaza Strip). Casualties unknown. Also, the artillery fired shells in the same area, killing a Palestinian woman. Fatalities were at least one.", "fatalities": 1, "tags": null, "timestamp": 1753955113 }, "geometry": { "type": "Point", "coordinates": [ 34.3756, 31.4525 ] } },
{ "type": "Feature", "properties": { "event_id_cnty": "PSE51066", "event_date": "4/24/2024", "year": 2024, "time_precision": true, "disorder_type": "Political violence", "event_type": "Explosions/Remote violence", "sub_event_type": "Air/drone strike", "actor1": "Military Forces of Israel (2022-)", "assoc_actor_1": null, "inter1": 8, "actor2": "Civilians (Palestine)", "assoc_actor_2": "Muslim Group (Palestine); Refugees/IDPs (Palestine)", "inter2": 7, "interaction": 78, "civilian_targeting": "Civilian targeting", "iso": 275, "region": "Middle East", "country": "Palestine", "admin1": "Gaza Strip", "admin2": "Deir El Balah", "admin3": null, "location": "An Nusayrat", "latitude": 31.4486, "longitude": 34.3925, "geo_precision": 1, "source": "Arab 48; Quds News Network; Twitter", "source_scale": "New media-National", "notes": "On 24 April 2024, Israeli warplanes struck targets (including empty land, a mosque, and a house) in An Nusayrat refugee camp (Deir El Balah, Gaza Strip), leaving one fatality and several injuries.", "fatalities": 1, "tags": null, "timestamp": 1753955113 }, "geometry": { "type": "Point", "coordinates": [ 34.3925, 31.4486 ] } },
{ "type": "Feature", "properties": { "event_id_cnty": "PSE51067", "event_date": "4/24/2024", "year": 2024, "time_precision": true, "disorder_type": "Political violence", "event_type": "Explosions/Remote violence", "sub_event_type": "Air/drone strike", "actor1": "Military Forces of Israel (2022-)", "assoc_actor_1": null, "inter1": 8, "actor2": "Police Forces of Palestine (2007-) Gaza Strip", "assoc_actor_2": "Hamas Movement", "inter2": 1, "interaction": 18, "civilian_targeting": null, "iso": 275, "region": "Middle East", "country": "Palestine", "admin1": "Gaza Strip", "admin2": "Deir El Balah", "admin3": null, "location": "Deir al Balah", "latitude": 31.4178, "longitude": 34.3503, "geo_precision": 1, "source": "Arab 48; Jerusalem Post; Newpress; Quds News Network; Twitter", "source_scale": "New media-National", "notes": "On 24 April 2024, Israeli warplanes struck Deir al Balah city (Deir El Balah, Gaza Strip), killing a Hamas police officer.", "fatalities": 1, "tags": null, "timestamp": 1753955113 }, "geometry": { "type": "Point", "coordinates": [ 34.3503, 31.4178 ] } },
{ "type": "Feature", "properties": { "event_id_cnty": "PSE51058", "event_date": "4/24/2024", "year": 2024, "time_precision": true, "disorder_type": "Political violence", "event_type": "Explosions/Remote violence", "sub_event_type": "Air/drone strike", "actor1": "Military Forces of Israel (2022-)", "assoc_actor_1": null, "inter1": 8, "actor2": "Civilians (Palestine)", "assoc_actor_2": null, "inter2": 7, "interaction": 78, "civilian_targeting": "Civilian targeting", "iso": 275, "region": "Middle East", "country": "Palestine", "admin1": "Gaza Strip", "admin2": "Gaza City", "admin3": null, "location": "Gaza - Nasr", "latitude": 31.534, "longitude": 34.4574, "geo_precision": 1, "source": "Arab 48; Palestine News and Information Agency; Quds News Network; Twitter", "source_scale": "New media-National", "notes": "On 24 April 2024, Israeli warplanes struck a house in Gaza - Nasr (Gaza City, Gaza Strip), killing at least 3 Palestinians and injuring dozens.", "fatalities": 3, "tags": null, "timestamp": 1753955113 }, "geometry": { "type": "Point", "coordinates": [ 34.4574, 31.534 ] } },
{ "type": "Feature", "properties": { "event_id_cnty": "PSE51057", "event_date": "4/24/2024", "year": 2024, "time_precision": true, "disorder_type": "Political violence", "event_type": "Explosions/Remote violence", "sub_event_type": "Air/drone strike", "actor1": "Military Forces of Israel (2022-)", "assoc_actor_1": null, "inter1": 8, "actor2": "Civilians (Palestine)", "assoc_actor_2": "Refugees/IDPs (Palestine)", "inter2": 7, "interaction": 78, "civilian_targeting": "Civilian targeting", "iso": 275, "region": "Middle East", "country": "Palestine", "admin1": "Gaza Strip", "admin2": "Gaza City", "admin3": null, "location": "Gaza - Ash Shati' Camp", "latitude": 31.5349, "longitude": 34.4466, "geo_precision": 1, "source": "Newpress; Palestine News and Information Agency; Quds News Network; Twitter", "source_scale": "New media-National", "notes": "On 24 April 2024, Israeli warplanes struck a house in Gaza - Ash Shati' Camp (Gaza City, Gaza Strip), killing a mother and her 12-year-old son and injuring 6 persons.", "fatalities": 2, "tags": null, "timestamp": 1759790002 }, "geometry": { "type": "Point", "coordinates": [ 34.4466, 31.5349 ] } },
{ "type": "Feature", "properties": { "event_id_cnty": "PSE51046", "event_date": "4/24/2024", "year": 2024, "time_precision": true, "disorder_type": "Political violence", "event_type": "Explosions/Remote violence", "sub_event_type": "Air/drone strike", "actor1": "Military Forces of Israel (2022-)", "assoc_actor_1": null, "inter1": 8, "actor2": "Civilians (Palestine)", "assoc_actor_2": null, "inter2": 7, "interaction": 78, "civilian_targeting": "Civilian targeting", "iso": 275, "region": "Middle East", "country": "Palestine", "admin1": "Gaza Strip", "admin2": "Gaza City", "admin3": null, "location": "Gaza - Ad Darraj", "latitude": 31.5172, "longitude": 34.4642, "geo_precision": 1, "source": "Palestine News and Information Agency; Palestinian Ministry of Health; Quds News Network; Twitter", "source_scale": "Other-New media", "notes": "On 24 April 2024, Israeli warplanes struck targets near Al Yarmouk market in Gaza - Ad Darraj (Gaza City, Gaza Strip), leaving injuries. Also, the artillery shelled targets in the same area. Unspecified fatalities. [Palestinian Ministry of Health reported 34305 fatalities upto 24 April 2024. 27 fatalities not attributed to specific events split across 4 events on 4 April. 6 fatalities coded to this event.]", "fatalities": 6, "tags": null, "timestamp": 1759790002 }, "geometry": { "type": "Point", "coordinates": [ 34.4642, 31.5172 ] } },
{ "type": "Feature", "properties": { "event_id_cnty": "PSE51049", "event_date": "4/24/2024", "year": 2024, "time_precision": true, "disorder_type": "Political violence", "event_type": "Explosions/Remote violence", "sub_event_type": "Air/drone strike", "actor1": "Military Forces of Israel (2022-)", "assoc_actor_1": null, "inter1": 8, "actor2": "Civilians (Palestine)", "assoc_actor_2": null, "inter2": 7, "interaction": 78, "civilian_targeting": "Civilian targeting", "iso": 275, "region": "Middle East", "country": "Palestine", "admin1": "Gaza Strip", "admin2": "North Gaza", "admin3": null, "location": "Beit Lahiya", "latitude": 31.5541, "longitude": 34.5016, "geo_precision": 1, "source": "Liveuamap; Newpress; Palestine News and Information Agency; Palestinian Ministry of Health; Quds News Network; Twitter", "source_scale": "Local partner-New media", "notes": "On 24 April 2024, Israeli warplanes struck a house near the Indonesian Hospital in Beit Lahiya (North Gaza, Gaza Strip), casualties unknown. Also, the artillery shelled targets near Kamal Odwan Hospital in Beit Lahiya, leaving injuries. [Palestinian Ministry of Health reported 34305 fatalities upto 24 April 2024. 27 fatalities not attributed to specific events split across 4 events on 4 April. 7 fatalities coded to this event.]", "fatalities": 7, "tags": null, "timestamp": 1753955113 }, "geometry": { "type": "Point", "coordinates": [ 34.5016, 31.5541 ] } },
{ "type": "Feature", "properties": { "event_id_cnty": "PSE51053", "event_date": "4/24/2024", "year": 2024, "time_precision": true, "disorder_type": "Political violence", "event_type": "Explosions/Remote violence", "sub_event_type": "Air/drone strike", "actor1": "Military Forces of Israel (2022-)", "assoc_actor_1": null, "inter1": 8, "actor2": "Civilians (Palestine)", "assoc_actor_2": null, "inter2": 7, "interaction": 78, "civilian_targeting": "Civilian targeting", "iso": 275, "region": "Middle East", "country": "Palestine", "admin1": "Gaza Strip", "admin2": "Deir El Balah", "admin3": null, "location": "An Nusayrat - North", "latitude": 31.4591, "longitude": 34.3923, "geo_precision": 1, "source": "Arab 48; Newpress; Palestinian Ministry of Health; Quds News Network; Twitter", "source_scale": "Other-New media", "notes": "On 24 April 2024, Israeli warplanes struck targets (including a house) near the Wadi Gaza area north of An Nusayrat refugee camp (An Nusayrat - North, Deir El Balah, Gaza Strip). Also, the artillery shelled north of An Nusayrat. Unspecified casualties. [Palestinian Ministry of Health reported 34305 fatalities upto 24 April 2024. 27 fatalities not attributed to specific events split across 4 events on 4 April. 7 fatalities coded to this event.]", "fatalities": 7, "tags": null, "timestamp": 1753955113 }, "geometry": { "type": "Point", "coordinates": [ 34.3923, 31.4591 ] } },
{ "type": "Feature", "properties": { "event_id_cnty": "PSE51064", "event_date": "4/24/2024", "year": 2024, "time_precision": true, "disorder_type": "Political violence", "event_type": "Explosions/Remote violence", "sub_event_type": "Air/drone strike", "actor1": "Military Forces of Israel (2022-)", "assoc_actor_1": null, "inter1": 8, "actor2": "Civilians (Palestine)", "assoc_actor_2": "Refugees/IDPs (Palestine)", "inter2": 7, "interaction": 78, "civilian_targeting": "Civilian targeting", "iso": 275, "region": "Middle East", "country": "Palestine", "admin1": "Gaza Strip", "admin2": "Deir El Balah", "admin3": null, "location": "Al Burayj", "latitude": 31.4394, "longitude": 34.4031, "geo_precision": 1, "source": "Arab 48; Palestinian Ministry of Health; Quds News Network; Twitter", "source_scale": "Other-New media", "notes": "On 24 April 2024, Israeli warplanes struck targets in Al Burayj refugee camp (Deir El Balah, Gaza Strip) amid artillery fire in the eastern areas of the camp. Unspecified casualties. [Palestinian Ministry of Health reported 34305 fatalities upto 24 April 2024. 27 fatalities not attributed to specific events split across 4 events on 4 April. 7 fatalities coded to this event.]", "fatalities": 7, "tags": null, "timestamp": 1753955113 }, "geometry": { "type": "Point", "coordinates": [ 34.4031, 31.4394 ] } },
{ "type": "Feature", "properties": { "event_id_cnty": "PSE51050", "event_date": "4/24/2024", "year": 2024, "time_precision": true, "disorder_type": "Political violence", "event_type": "Explosions/Remote violence", "sub_event_type": "Shelling/artillery/missile attack", "actor1": "Military Forces of Israel (2022-)", "assoc_actor_1": null, "inter1": 8, "actor2": "Civilians (Palestine)", "assoc_actor_2": null, "inter2": 7, "interaction": 78, "civilian_targeting": "Civilian targeting", "iso": 275, "region": "Middle East", "country": "Palestine", "admin1": "Gaza Strip", "admin2": "North Gaza", "admin3": null, "location": "Beit Hanoun", "latitude": 31.5405, "longitude": 34.5402, "geo_precision": 1, "source": "Arab 48; Palestine News and Information Agency; Quds News Network; Twitter", "source_scale": "New media-National", "notes": "On 24 April 2024, Israeli artillery shelled targets in Beit Hanoun (North Gaza, Gaza Strip), leaving injuries.", "fatalities": 0, "tags": null, "timestamp": 1753955113 }, "geometry": { "type": "Point", "coordinates": [ 34.5402, 31.5405 ] } },
{ "type": "Feature", "properties": { "event_id_cnty": "PSE51070", "event_date": "4/24/2024", "year": 2024, "time_precision": true, "disorder_type": "Political violence", "event_type": "Explosions/Remote violence", "sub_event_type": "Air/drone strike", "actor1": "Military Forces of Israel (2022-)", "assoc_actor_1": null, "inter1": 8, "actor2": "Civilians (Palestine)", "assoc_actor_2": "Refugees/IDPs (Palestine)", "inter2": 7, "interaction": 78, "civilian_targeting": "Civilian targeting", "iso": 275, "region": "Middle East", "country": "Palestine", "admin1": "Gaza Strip", "admin2": "Rafah", "admin3": null, "location": "Yibna", "latitude": 31.2842, "longitude": 34.2482, "geo_precision": 1, "source": "Arab 48; Newpress; Palestine News and Information Agency; Quds News Network; Twitter", "source_scale": "New media-National", "notes": "On 24 April 2024, Israeli warplanes struck targets (including 2 houses) in Yibna refugee camp (Rafah, Gaza Strip), leaving one fatality and several injuries.", "fatalities": 1, "tags": null, "timestamp": 1753955113 }, "geometry": { "type": "Point", "coordinates": [ 34.2482, 31.2842 ] } },
{ "type": "Feature", "properties": { "event_id_cnty": "PSE51100", "event_date": "4/24/2024", "year": 2024, "time_precision": true, "disorder_type": "Political violence", "event_type": "Explosions/Remote violence", "sub_event_type": "Air/drone strike", "actor1": "Military Forces of Israel (2022-)", "assoc_actor_1": null, "inter1": 8, "actor2": "Civilians (Palestine)", "assoc_actor_2": null, "inter2": 7, "interaction": 78, "civilian_targeting": "Civilian targeting", "iso": 275, "region": "Middle East", "country": "Palestine", "admin1": "Gaza Strip", "admin2": "Rafah", "admin3": null, "location": "Yibna", "latitude": 31.2842, "longitude": 34.2482, "geo_precision": 2, "source": "Palestine News and Information Agency; PLO Negotiations Affairs Department; Quds News Network; Twitter", "source_scale": "Other-New media", "notes": "On 24 April 2024, Israeli warplanes struck a house east of Rafah, coded to Yibna (Rafah, Gaza Strip), leaving at least 5 fatalities (including women and children) and several injuries. Also, the Israeli artillery and tanks shelled targets east of Rafah. Fatalities coded at least 5.", "fatalities": 5, "tags": null, "timestamp": 1753955113 }, "geometry": { "type": "Point", "coordinates": [ 34.2482, 31.2842 ] } },
{ "type": "Feature", "properties": { "event_id_cnty": "PSE51043", "event_date": "4/24/2024", "year": 2024, "time_precision": true, "disorder_type": "Political violence", "event_type": "Explosions/Remote violence", "sub_event_type": "Air/drone strike", "actor1": "Military Forces of Israel (2022-)", "assoc_actor_1": null, "inter1": 8, "actor2": "Civilians (Palestine)", "assoc_actor_2": null, "inter2": 7, "interaction": 78, "civilian_targeting": "Civilian targeting", "iso": 275, "region": "Middle East", "country": "Palestine", "admin1": "Gaza Strip", "admin2": "Gaza City", "admin3": null, "location": "Gaza - Az Zaytun", "latitude": 31.4964, "longitude": 34.4522, "geo_precision": 1, "source": "Arab 48; Palestine News and Information Agency; Quds News Network; Twitter", "source_scale": "New media-National", "notes": "On 24 April 2024, Israeli warplanes struck a house in Gaza - Az Zaytun (Gaza City, Gaza Strip). Also, the artillery shelled targets in the same area. Casualties unknown.", "fatalities": 0, "tags": null, "timestamp": 1759790002 }, "geometry": { "type": "Point", "coordinates": [ 34.4522, 31.4964 ] } },
{ "type": "Feature", "properties": { "event_id_cnty": "PSE51051", "event_date": "4/24/2024", "year": 2024, "time_precision": true, "disorder_type": "Political violence", "event_type": "Explosions/Remote violence", "sub_event_type": "Shelling/artillery/missile attack", "actor1": "Military Forces of Israel (2022-)", "assoc_actor_1": null, "inter1": 8, "actor2": "Civilians (Palestine)", "assoc_actor_2": null, "inter2": 7, "interaction": 78, "civilian_targeting": "Civilian targeting", "iso": 275, "region": "Middle East", "country": "Palestine", "admin1": "Gaza Strip", "admin2": "North Gaza", "admin3": null, "location": "Jabalya", "latitude": 31.5272, "longitude": 34.4835, "geo_precision": 2, "source": "Palestine News and Information Agency; Quds News Network; Twitter", "source_scale": "New media-National", "notes": "On 24 April 2024, Israeli artillery shelled targets east of Jabalya town (North Gaza, Gaza Strip), leaving injuries.", "fatalities": 0, "tags": null, "timestamp": 1759790002 }, "geometry": { "type": "Point", "coordinates": [ 34.4835, 31.5272 ] } },
{ "type": "Feature", "properties": { "event_id_cnty": "PSE51071", "event_date": "4/24/2024", "year": 2024, "time_precision": true, "disorder_type": "Political violence", "event_type": "Explosions/Remote violence", "sub_event_type": "Air/drone strike", "actor1": "Military Forces of Israel (2022-)", "assoc_actor_1": null, "inter1": 8, "actor2": "Civilians (Palestine)", "assoc_actor_2": "Refugees/IDPs (Palestine)", "inter2": 7, "interaction": 78, "civilian_targeting": "Civilian targeting", "iso": 275, "region": "Middle East", "country": "Palestine", "admin1": "Gaza Strip", "admin2": "Rafah", "admin3": null, "location": "Rafah Camp", "latitude": 31.2847, "longitude": 34.2546, "geo_precision": 1, "source": "Arab 48; Newpress; Quds News Network; Twitter", "source_scale": "New media-National", "notes": "On 24 April 2024, Israeli warplanes struck a land and displaced people's tents in Al Shabourah refugee camp in Mukhayyam Rafah Camp (Rafah, Gaza Strip) injuring a number of displaced people.", "fatalities": 0, "tags": null, "timestamp": 1753955113 }, "geometry": { "type": "Point", "coordinates": [ 34.2546, 31.2847 ] } },
{ "type": "Feature", "properties": { "event_id_cnty": "PSE51101", "event_date": "4/25/2024", "year": 2024, "time_precision": true, "disorder_type": "Political violence", "event_type": "Explosions/Remote violence", "sub_event_type": "Shelling/artillery/missile attack", "actor1": "Military Forces of Israel (2022-)", "assoc_actor_1": null, "inter1": 8, "actor2": "Civilians (Palestine)", "assoc_actor_2": null, "inter2": 7, "interaction": 78, "civilian_targeting": "Civilian targeting", "iso": 275, "region": "Middle East", "country": "Palestine", "admin1": "Gaza Strip", "admin2": "Khan Yunis", "admin3": null, "location": "Khuzaa", "latitude": 31.3069, "longitude": 34.3572, "geo_precision": 1, "source": "Quds News Network; Twitter", "source_scale": "New media-National", "notes": "On 25 April 2024, Israeli artillery shelled a house in Khuzaa (Khan Yunis, Gaza Strip), leaving 2 fatalities and several injuries.", "fatalities": 2, "tags": null, "timestamp": 1753955113 }, "geometry": { "type": "Point", "coordinates": [ 34.3572, 31.3069 ] } },
{ "type": "Feature", "properties": { "event_id_cnty": "PSE50843", "event_date": "4/25/2024", "year": 2024, "time_precision": true, "disorder_type": "Political violence", "event_type": "Explosions/Remote violence", "sub_event_type": "Air/drone strike", "actor1": "Military Forces of Israel (2022-)", "assoc_actor_1": null, "inter1": 8, "actor2": "Civilians (Palestine)", "assoc_actor_2": null, "inter2": 7, "interaction": 78, "civilian_targeting": "Civilian targeting", "iso": 275, "region": "Middle East", "country": "Palestine", "admin1": "Gaza Strip", "admin2": "Deir El Balah", "admin3": null, "location": "Al Burayj", "latitude": 31.4394, "longitude": 34.4031, "geo_precision": 2, "source": "Palestine News and Information Agency", "source_scale": "National", "notes": "On 25 April 2024, Israeli warplanes struck a house east of Al Burayj camp (Deir El Balah, Gaza Strip), killing one Palestinian and injuring several others.", "fatalities": 1, "tags": null, "timestamp": 1753955113 }, "geometry": { "type": "Point", "coordinates": [ 34.4031, 31.4394 ] } },
{ "type": "Feature", "properties": { "event_id_cnty": "PSE51065", "event_date": "4/25/2024", "year": 2024, "time_precision": true, "disorder_type": "Political violence", "event_type": "Explosions/Remote violence", "sub_event_type": "Air/drone strike", "actor1": "Military Forces of Israel (2022-)", "assoc_actor_1": null, "inter1": 8, "actor2": "Civilians (Palestine)", "assoc_actor_2": null, "inter2": 7, "interaction": 78, "civilian_targeting": "Civilian targeting", "iso": 275, "region": "Middle East", "country": "Palestine", "admin1": "Gaza Strip", "admin2": "Deir El Balah", "admin3": null, "location": "An Nusayrat - North", "latitude": 31.4591, "longitude": 34.3923, "geo_precision": 1, "source": "Arab 48; Newpress; Palestine News and Information Agency; Quds News Network; Twitter", "source_scale": "New media-National", "notes": "On 25 April 2024, Israeli UAVs struck a group of Palestinians in Wadi Gaza area, north of An Nusayrat refugee camp (An Nusayrat - North, Deir El Balah, Gaza Strip), leaving 4 fatalities and several injuries. Also, one Palestinian woman was killed and several persons were injured in airstrikes that targeted houses north of An Nusayrat. Total fatalities were 5.", "fatalities": 5, "tags": null, "timestamp": 1753955113 }, "geometry": { "type": "Point", "coordinates": [ 34.3923, 31.4591 ] } },
{ "type": "Feature", "properties": { "event_id_cnty": "PSE51083", "event_date": "4/25/2024", "year": 2024, "time_precision": true, "disorder_type": "Political violence", "event_type": "Explosions/Remote violence", "sub_event_type": "Air/drone strike", "actor1": "Military Forces of Israel (2022-)", "assoc_actor_1": null, "inter1": 8, "actor2": "Civilians (Palestine)", "assoc_actor_2": "Refugees/IDPs (Palestine)", "inter2": 7, "interaction": 78, "civilian_targeting": "Civilian targeting", "iso": 275, "region": "Middle East", "country": "Palestine", "admin1": "Gaza Strip", "admin2": "Deir El Balah", "admin3": null, "location": "An Nusayrat", "latitude": 31.4486, "longitude": 34.3925, "geo_precision": 1, "source": "Palestine News and Information Agency", "source_scale": "National", "notes": "On 25 April 2024, Israeli warplanes struck a house in An Nusayrat refugee camp (Deir El Balah, Gaza Strip), killing a woman.", "fatalities": 1, "tags": null, "timestamp": 1753955113 }, "geometry": { "type": "Point", "coordinates": [ 34.3925, 31.4486 ] } },
{ "type": "Feature", "properties": { "event_id_cnty": "PSE51084", "event_date": "4/25/2024", "year": 2024, "time_precision": true, "disorder_type": "Political violence", "event_type": "Explosions/Remote violence", "sub_event_type": "Air/drone strike", "actor1": "Military Forces of Israel (2022-)", "assoc_actor_1": null, "inter1": 8, "actor2": "Civilians (Palestine)", "assoc_actor_2": null, "inter2": 7, "interaction": 78, "civilian_targeting": "Civilian targeting", "iso": 275, "region": "Middle East", "country": "Palestine", "admin1": "Gaza Strip", "admin2": "Deir El Balah", "admin3": null, "location": "Deir al Balah", "latitude": 31.4178, "longitude": 34.3503, "geo_precision": 1, "source": "Palestine News and Information Agency", "source_scale": "National", "notes": "On 25 April 2024, Israeli warplanes struck targets in Deir al Balah city (Deir El Balah, Gaza Strip), leaving 3 injuries.", "fatalities": 0, "tags": null, "timestamp": 1753955113 }, "geometry": { "type": "Point", "coordinates": [ 34.3503, 31.4178 ] } },
{ "type": "Feature", "properties": { "event_id_cnty": "PSE50867", "event_date": "4/25/2024", "year": 2024, "time_precision": true, "disorder_type": "Political violence", "event_type": "Explosions/Remote violence", "sub_event_type": "Air/drone strike", "actor1": "Military Forces of Israel (2022-)", "assoc_actor_1": null, "inter1": 8, "actor2": "Civilians (Palestine)", "assoc_actor_2": null, "inter2": 7, "interaction": 78, "civilian_targeting": "Civilian targeting", "iso": 275, "region": "Middle East", "country": "Palestine", "admin1": "Gaza Strip", "admin2": "North Gaza", "admin3": null, "location": "Beit Lahiya", "latitude": 31.5541, "longitude": 34.5016, "geo_precision": 1, "source": "Newpress; Palestine News and Information Agency; Quds News Network; Twitter", "source_scale": "New media-National", "notes": "On 25 April 2024, an Israeli UAV attacked a horse-drawn trolly near the Indonesian Hospital in Beit Lahiya (North Gaza, Gaza Strip), leaving one fatality. Also, warplanes struck several houses in Beit Lahiya. Fatalities coded at least 1.", "fatalities": 1, "tags": null, "timestamp": 1753955113 }, "geometry": { "type": "Point", "coordinates": [ 34.5016, 31.5541 ] } },
{ "type": "Feature", "properties": { "event_id_cnty": "PSE51091", "event_date": "4/25/2024", "year": 2024, "time_precision": true, "disorder_type": "Political violence", "event_type": "Explosions/Remote violence", "sub_event_type": "Shelling/artillery/missile attack", "actor1": "Military Forces of Israel (2022-)", "assoc_actor_1": null, "inter1": 8, "actor2": "Civilians (Palestine)", "assoc_actor_2": null, "inter2": 7, "interaction": 78, "civilian_targeting": "Civilian targeting", "iso": 275, "region": "Middle East", "country": "Palestine", "admin1": "Gaza Strip", "admin2": "Gaza City", "admin3": null, "location": "Gaza - Southern Remal", "latitude": 31.5168, "longitude": 34.4355, "geo_precision": 1, "source": "Palestine News and Information Agency", "source_scale": "National", "notes": "On 25 April 2024, the Israeli artillery shelled targets in Gaza - Southern Remal (Gaza City, Gaza Strip), leaving injuries.", "fatalities": 0, "tags": null, "timestamp": 1759790002 }, "geometry": { "type": "Point", "coordinates": [ 34.4355, 31.5168 ] } },
{ "type": "Feature", "properties": { "event_id_cnty": "PSE50974", "event_date": "4/25/2024", "year": 2024, "time_precision": true, "disorder_type": "Political violence", "event_type": "Explosions/Remote violence", "sub_event_type": "Air/drone strike", "actor1": "Military Forces of Israel (2022-)", "assoc_actor_1": null, "inter1": 8, "actor2": "Civilians (Palestine)", "assoc_actor_2": null, "inter2": 7, "interaction": 78, "civilian_targeting": "Civilian targeting", "iso": 275, "region": "Middle East", "country": "Palestine", "admin1": "Gaza Strip", "admin2": "Rafah", "admin3": null, "location": "Tal as Sultan", "latitude": 31.3098, "longitude": 34.2414, "geo_precision": 2, "source": "Quds News Network; Twitter", "source_scale": "New media-National", "notes": "On 25 April 2024, an Israeli UAV struck and killed a Palestinian west of Rafah, coded to Tal as Sultan (Rafah, Gaza Strip).", "fatalities": 1, "tags": null, "timestamp": 1762829569 }, "geometry": { "type": "Point", "coordinates": [ 34.2414, 31.3098 ] } },
{ "type": "Feature", "properties": { "event_id_cnty": "PSE51087", "event_date": "4/25/2024", "year": 2024, "time_precision": true, "disorder_type": "Political violence", "event_type": "Explosions/Remote violence", "sub_event_type": "Air/drone strike", "actor1": "Military Forces of Israel (2022-)", "assoc_actor_1": null, "inter1": 8, "actor2": "Civilians (Palestine)", "assoc_actor_2": null, "inter2": 7, "interaction": 78, "civilian_targeting": "Civilian targeting", "iso": 275, "region": "Middle East", "country": "Palestine", "admin1": "Gaza Strip", "admin2": "Khan Yunis", "admin3": null, "location": "Al Fukhari", "latitude": 31.2952, "longitude": 34.3332, "geo_precision": 1, "source": "Arab 48; Palestine News and Information Agency; Palestinian Ministry of Health", "source_scale": "Other-National", "notes": "On 25 April 2024, Israeli warplanes carried out airstrikes and the artillery shelled houses in Al Fukhari (Khan Yunis, Gaza Strip). Unspecified casualties. [Palestinian Ministry of Health reported 34356 fatalities upto 25 April 2024. 31 fatalities not attributed to specific events split across 4 events on 25 April. 7 fatalities coded to this event.]", "fatalities": 7, "tags": null, "timestamp": 1753955113 }, "geometry": { "type": "Point", "coordinates": [ 34.3332, 31.2952 ] } },
{ "type": "Feature", "properties": { "event_id_cnty": "PSE51098", "event_date": "4/25/2024", "year": 2024, "time_precision": true, "disorder_type": "Political violence", "event_type": "Explosions/Remote violence", "sub_event_type": "Air/drone strike", "actor1": "Military Forces of Israel (2022-)", "assoc_actor_1": null, "inter1": 8, "actor2": "Civilians (Palestine)", "assoc_actor_2": "Muslim Group (Palestine)", "inter2": 7, "interaction": 78, "civilian_targeting": "Civilian targeting", "iso": 275, "region": "Middle East", "country": "Palestine", "admin1": "Gaza Strip", "admin2": "Gaza City", "admin3": null, "location": "Gaza - At Tuffah", "latitude": 31.5134, "longitude": 34.4751, "geo_precision": 1, "source": "Arab 48; Palestinian Ministry of Health; Quds News Network; Twitter", "source_scale": "Other-New media", "notes": "On 25 April 2024, Israeli warplanes struck the Al Safa mosque in Gaza - At Tuffah (Gaza City, Gaza Strip). Unspecified casualties. [Palestinian Ministry of Health reported 34356 fatalities upto 25 April 2024. 31 fatalities not attributed to specific events split across 4 events on 25 April. 8 fatalities coded to this event.]", "fatalities": 8, "tags": null, "timestamp": 1759790002 }, "geometry": { "type": "Point", "coordinates": [ 34.4751, 31.5134 ] } },
{ "type": "Feature", "properties": { "event_id_cnty": "PSE51103", "event_date": "4/25/2024", "year": 2024, "time_precision": true, "disorder_type": "Political violence", "event_type": "Explosions/Remote violence", "sub_event_type": "Air/drone strike", "actor1": "Military Forces of Israel (2022-)", "assoc_actor_1": null, "inter1": 8, "actor2": "Civilians (Palestine)", "assoc_actor_2": "Refugees/IDPs (Palestine)", "inter2": 7, "interaction": 78, "civilian_targeting": "Civilian targeting", "iso": 275, "region": "Middle East", "country": "Palestine", "admin1": "Gaza Strip", "admin2": "Deir El Balah", "admin3": null, "location": "Al Maghazi", "latitude": 31.4214, "longitude": 34.3865, "geo_precision": 1, "source": "Palestinian Ministry of Health; Quds News Network; Twitter", "source_scale": "Other-New media", "notes": "On 25 April 2024, Israeli warplanes struck targets in Al Maghazi refugee camp (Deir El Balah, Gaza Strip). Unspecified casualties. [Palestinian Ministry of Health reported 34356 fatalities upto 25 April 2024. 31 fatalities not attributed to specific events split across 4 events on 25 April. 8 fatalities coded to this event.]", "fatalities": 8, "tags": null, "timestamp": 1753955113 }, "geometry": { "type": "Point", "coordinates": [ 34.3865, 31.4214 ] } },
{ "type": "Feature", "properties": { "event_id_cnty": "PSE51090", "event_date": "4/25/2024", "year": 2024, "time_precision": true, "disorder_type": "Political violence", "event_type": "Explosions/Remote violence", "sub_event_type": "Shelling/artillery/missile attack", "actor1": "Military Forces of Israel (2022-)", "assoc_actor_1": null, "inter1": 8, "actor2": "Civilians (Palestine)", "assoc_actor_2": null, "inter2": 7, "interaction": 78, "civilian_targeting": "Civilian targeting", "iso": 275, "region": "Middle East", "country": "Palestine", "admin1": "Gaza Strip", "admin2": "Gaza City", "admin3": null, "location": "Gaza - Ash Shaykh Ijlin", "latitude": 31.5098, "longitude": 34.4274, "geo_precision": 1, "source": "Palestine News and Information Agency", "source_scale": "National", "notes": "On 25 April 2024, the Israeli artillery shelled targets in Gaza - Ash Shaykh Ijlin (Gaza City, Gaza Strip), leaving injuries.", "fatalities": 0, "tags": null, "timestamp": 1753955113 }, "geometry": { "type": "Point", "coordinates": [ 34.4274, 31.5098 ] } },
{ "type": "Feature", "properties": { "event_id_cnty": "PSE51088", "event_date": "4/25/2024", "year": 2024, "time_precision": true, "disorder_type": "Political violence", "event_type": "Explosions/Remote violence", "sub_event_type": "Air/drone strike", "actor1": "Military Forces of Israel (2022-)", "assoc_actor_1": null, "inter1": 8, "actor2": "Civilians (Palestine)", "assoc_actor_2": null, "inter2": 7, "interaction": 78, "civilian_targeting": "Civilian targeting", "iso": 275, "region": "Middle East", "country": "Palestine", "admin1": "Gaza Strip", "admin2": "Gaza City", "admin3": null, "location": "Gaza - Az Zaytun", "latitude": 31.4964, "longitude": 34.4522, "geo_precision": 1, "source": "Palestine News and Information Agency; Palestinian Ministry of Health; Quds News Network; Twitter", "source_scale": "Other-New media", "notes": "On 25 April 2024, Israeli warplanes carried out strikes in Gaza - Az Zaytun (Gaza City, Gaza Strip), casualties unknown. Also, the artillery shelled targets in the same location, leaving injuries. Unspecified fatalities. [Palestinian Ministry of Health reported 34356 fatalities upto 25 April 2024. 31 fatalities not attributed to specific events split across 4 events on 25 April. 8 fatalities coded to this event.]", "fatalities": 8, "tags": null, "timestamp": 1759790002 }, "geometry": { "type": "Point", "coordinates": [ 34.4522, 31.4964 ] } },
{ "type": "Feature", "properties": { "event_id_cnty": "PSE51040", "event_date": "4/25/2024", "year": 2024, "time_precision": true, "disorder_type": "Political violence", "event_type": "Explosions/Remote violence", "sub_event_type": "Air/drone strike", "actor1": "Military Forces of Israel (2022-)", "assoc_actor_1": null, "inter1": 8, "actor2": "Civilians (Palestine)", "assoc_actor_2": null, "inter2": 7, "interaction": 78, "civilian_targeting": "Civilian targeting", "iso": 275, "region": "Middle East", "country": "Palestine", "admin1": "Gaza Strip", "admin2": "Rafah", "admin3": null, "location": "Khirbet al Adas", "latitude": 31.2855, "longitude": 34.2714, "geo_precision": 2, "source": "Palestine News and Information Agency", "source_scale": "National", "notes": "On 25 April 2024, Israeli warplanes struck a house in Mosabeh area north of Rafah, coded to Khirbet al Adas (Rafah, Gaza Strip), leaving 3 injuries.", "fatalities": 0, "tags": null, "timestamp": 1753955113 }, "geometry": { "type": "Point", "coordinates": [ 34.2714, 31.2855 ] } },
{ "type": "Feature", "properties": { "event_id_cnty": "PSE51085", "event_date": "4/25/2024", "year": 2024, "time_precision": true, "disorder_type": "Political violence", "event_type": "Explosions/Remote violence", "sub_event_type": "Air/drone strike", "actor1": "Military Forces of Israel (2022-)", "assoc_actor_1": null, "inter1": 8, "actor2": "Civilians (Palestine)", "assoc_actor_2": "Farmers (Palestine)", "inter2": 7, "interaction": 78, "civilian_targeting": "Civilian targeting", "iso": 275, "region": "Middle East", "country": "Palestine", "admin1": "Gaza Strip", "admin2": "Rafah", "admin3": null, "location": "Khirbet al Adas", "latitude": 31.2855, "longitude": 34.2714, "geo_precision": 1, "source": "Palestine News and Information Agency", "source_scale": "National", "notes": "On 25 April 2024, Israeli warplanes struck agricultural land in Khirbet al Adas (Rafah, Gaza Strip), leaving injuries.", "fatalities": 1, "tags": null, "timestamp": 1753955113 }, "geometry": { "type": "Point", "coordinates": [ 34.2714, 31.2855 ] } },
{ "type": "Feature", "properties": { "event_id_cnty": "PSE51086", "event_date": "4/25/2024", "year": 2024, "time_precision": true, "disorder_type": "Political violence", "event_type": "Explosions/Remote violence", "sub_event_type": "Air/drone strike", "actor1": "Military Forces of Israel (2022-)", "assoc_actor_1": null, "inter1": 8, "actor2": "Civilians (Palestine)", "assoc_actor_2": "Farmers (Palestine); Refugees/IDPs (Palestine)", "inter2": 7, "interaction": 78, "civilian_targeting": "Civilian targeting", "iso": 275, "region": "Middle East", "country": "Palestine", "admin1": "Gaza Strip", "admin2": "Rafah", "admin3": null, "location": "Rafah Camp", "latitude": 31.2847, "longitude": 34.2546, "geo_precision": 1, "source": "Palestine News and Information Agency", "source_scale": "National", "notes": "On 25 April 2024, Israeli warplanes struck an agricultural land in Al Shabourah refugee camp in Mukhayyam Rafah Camp (Rafah, Gaza Strip), leaving injuries.", "fatalities": 0, "tags": null, "timestamp": 1753955113 }, "geometry": { "type": "Point", "coordinates": [ 34.2546, 31.2847 ] } },
{ "type": "Feature", "properties": { "event_id_cnty": "PSE51089", "event_date": "4/25/2024", "year": 2024, "time_precision": true, "disorder_type": "Political violence", "event_type": "Explosions/Remote violence", "sub_event_type": "Air/drone strike", "actor1": "Military Forces of Israel (2022-)", "assoc_actor_1": null, "inter1": 8, "actor2": "Civilians (Palestine)", "assoc_actor_2": null, "inter2": 7, "interaction": 78, "civilian_targeting": "Civilian targeting", "iso": 275, "region": "Middle East", "country": "Palestine", "admin1": "Gaza Strip", "admin2": "Gaza City", "admin3": null, "location": "Gaza - Tal el Hawa", "latitude": 31.5041, "longitude": 34.435, "geo_precision": 1, "source": "Palestine News and Information Agency; Quds News Network; Twitter", "source_scale": "New media-National", "notes": "On 25 April 2024, Israeli warplanes struck a group of Palestinians responsible for securing aid in Gaza - Tal el Hawa (Gaza City, Gaza Strip), leaving at least 8 fatalities and a number of injuries. Also, the Israeli artillery shelled targets in the same area, leaving injuries. Fatalities were at least 8. This event involved violence over aid.", "fatalities": 8, "tags": null, "timestamp": 1759790002 }, "geometry": { "type": "Point", "coordinates": [ 34.435, 31.5041 ] } },
{ "type": "Feature", "properties": { "event_id_cnty": "PSE50836", "event_date": "4/26/2024", "year": 2024, "time_precision": true, "disorder_type": "Political violence", "event_type": "Explosions/Remote violence", "sub_event_type": "Air/drone strike", "actor1": "Military Forces of Israel (2022-)", "assoc_actor_1": null, "inter1": 8, "actor2": "Civilians (Palestine)", "assoc_actor_2": null, "inter2": 7, "interaction": 78, "civilian_targeting": "Civilian targeting", "iso": 275, "region": "Middle East", "country": "Palestine", "admin1": "Gaza Strip", "admin2": "Deir El Balah", "admin3": null, "location": "An Nusayrat - South", "latitude": 31.4389, "longitude": 34.3815, "geo_precision": 1, "source": "Quds News Network; Twitter", "source_scale": "New media-National", "notes": "On 26 April 2024, Israeli warplanes struck a house south of An Nusayrat refugee camp (An Nusayrat - South, Deir El Balah, Gaza Strip), leaving injuries.", "fatalities": 0, "tags": null, "timestamp": 1753955113 }, "geometry": { "type": "Point", "coordinates": [ 34.3815, 31.4389 ] } },
{ "type": "Feature", "properties": { "event_id_cnty": "PSE50838", "event_date": "4/26/2024", "year": 2024, "time_precision": true, "disorder_type": "Political violence", "event_type": "Explosions/Remote violence", "sub_event_type": "Air/drone strike", "actor1": "Military Forces of Israel (2022-)", "assoc_actor_1": null, "inter1": 8, "actor2": "Civilians (Palestine)", "assoc_actor_2": null, "inter2": 7, "interaction": 78, "civilian_targeting": "Civilian targeting", "iso": 275, "region": "Middle East", "country": "Palestine", "admin1": "Gaza Strip", "admin2": "Deir El Balah", "admin3": null, "location": "An Nusayrat - West", "latitude": 31.4525, "longitude": 34.3756, "geo_precision": 1, "source": "Ma'an News Agency; Newpress; Palestine News and Information Agency; Quds News Network; Twitter", "source_scale": "New media-National", "notes": "On 26 April 2024, Israeli warplanes struck a land in Al Sawarha area west of An Nusayrat refugee camp (An Nusayrat - West, Deir El Balah, Gaza Strip), leaving 2 fatalities and a number of injuries.", "fatalities": 2, "tags": null, "timestamp": 1753955113 }, "geometry": { "type": "Point", "coordinates": [ 34.3756, 31.4525 ] } },
{ "type": "Feature", "properties": { "event_id_cnty": "PSE50844", "event_date": "4/26/2024", "year": 2024, "time_precision": true, "disorder_type": "Political violence", "event_type": "Explosions/Remote violence", "sub_event_type": "Air/drone strike", "actor1": "Military Forces of Israel (2022-)", "assoc_actor_1": null, "inter1": 8, "actor2": "Civilians (Palestine)", "assoc_actor_2": null, "inter2": 7, "interaction": 78, "civilian_targeting": "Civilian targeting", "iso": 275, "region": "Middle East", "country": "Palestine", "admin1": "Gaza Strip", "admin2": "Deir El Balah", "admin3": null, "location": "Az Zawayda", "latitude": 31.4284, "longitude": 34.366, "geo_precision": 1, "source": "Palestine News and Information Agency; Quds News Network; Twitter", "source_scale": "New media-National", "notes": "On 26 April 2024, Israeli warplanes struck a house in Az Zawayda (Deir El Balah, Gaza Strip), killing a Palestinian and injuring others.", "fatalities": 1, "tags": null, "timestamp": 1767742780 }, "geometry": { "type": "Point", "coordinates": [ 34.366, 31.4284 ] } },
{ "type": "Feature", "properties": { "event_id_cnty": "PSE51110", "event_date": "4/26/2024", "year": 2024, "time_precision": true, "disorder_type": "Political violence", "event_type": "Explosions/Remote violence", "sub_event_type": "Air/drone strike", "actor1": "Military Forces of Israel (2022-)", "assoc_actor_1": null, "inter1": 8, "actor2": "Civilians (Palestine)", "assoc_actor_2": "Refugees/IDPs (Palestine)", "inter2": 7, "interaction": 78, "civilian_targeting": "Civilian targeting", "iso": 275, "region": "Middle East", "country": "Palestine", "admin1": "Gaza Strip", "admin2": "Gaza City", "admin3": null, "location": "Gaza - Southern Remal", "latitude": 31.5168, "longitude": 34.4355, "geo_precision": 1, "source": "Arab 48; Newpress; Palestine News and Information Agency; Quds News Network; Twitter", "source_scale": "New media-National", "notes": "On 26 April 2024, Israeli artillery warplanes struck a house hosting displaced people in Gaza - Southern Remal (Gaza City, Gaza Strip), leaving 3 fatalities, including a woman and a child, and injuring several persons.", "fatalities": 3, "tags": null, "timestamp": 1759790002 }, "geometry": { "type": "Point", "coordinates": [ 34.4355, 31.5168 ] } },
{ "type": "Feature", "properties": { "event_id_cnty": "PSE50948", "event_date": "4/26/2024", "year": 2024, "time_precision": true, "disorder_type": "Political violence", "event_type": "Explosions/Remote violence", "sub_event_type": "Shelling/artillery/missile attack", "actor1": "Military Forces of Israel (2022-)", "assoc_actor_1": null, "inter1": 8, "actor2": "Civilians (Palestine)", "assoc_actor_2": "Fishers (Palestine)", "inter2": 7, "interaction": 78, "civilian_targeting": "Civilian targeting", "iso": 275, "region": "Middle East", "country": "Palestine", "admin1": "Gaza Strip", "admin2": "Rafah", "admin3": null, "location": "Coast of Rafah", "latitude": 31.3474, "longitude": 34.2226, "geo_precision": 2, "source": "Arab 48; Newpress; Palestine News and Information Agency; Quds News Network; Twitter", "source_scale": "New media-National", "notes": "On 26 April 2024, Israeli gunboats opened fire off the Coast of Rafah (Rafah, Gaza Strip), killing a Palestinian fisher and injuring another one.", "fatalities": 1, "tags": null, "timestamp": 1753955113 }, "geometry": { "type": "Point", "coordinates": [ 34.2226, 31.3474 ] } },
{ "type": "Feature", "properties": { "event_id_cnty": "PSE51118", "event_date": "4/26/2024", "year": 2024, "time_precision": true, "disorder_type": "Political violence", "event_type": "Explosions/Remote violence", "sub_event_type": "Shelling/artillery/missile attack", "actor1": "Military Forces of Israel (2022-)", "assoc_actor_1": null, "inter1": 8, "actor2": "Civilians (Palestine)", "assoc_actor_2": null, "inter2": 7, "interaction": 78, "civilian_targeting": "Civilian targeting", "iso": 275, "region": "Middle East", "country": "Palestine", "admin1": "Gaza Strip", "admin2": "North Gaza", "admin3": null, "location": "Beit Lahiya", "latitude": 31.5541, "longitude": 34.5016, "geo_precision": 1, "source": "Palestine News and Information Agency; Palestinian Ministry of Health", "source_scale": "Other-National", "notes": "On 26 April 2024, the Israeli artillery struck targets in Beit Lahiya (North Gaza, Gaza Strip). Unspecified casualties. [Palestinian Ministry of Health reported 34388 fatalities upto 26 April 2024. 22 fatalities not attributed to specific events split across 2 events on 26 April. 11 fatalities coded to this event.]", "fatalities": 11, "tags": null, "timestamp": 1753955113 }, "geometry": { "type": "Point", "coordinates": [ 34.5016, 31.5541 ] } },
{ "type": "Feature", "properties": { "event_id_cnty": "PSE51119", "event_date": "4/26/2024", "year": 2024, "time_precision": true, "disorder_type": "Political violence", "event_type": "Explosions/Remote violence", "sub_event_type": "Air/drone strike", "actor1": "Military Forces of Israel (2022-)", "assoc_actor_1": null, "inter1": 8, "actor2": "Civilians (Palestine)", "assoc_actor_2": null, "inter2": 7, "interaction": 78, "civilian_targeting": "Civilian targeting", "iso": 275, "region": "Middle East", "country": "Palestine", "admin1": "Gaza Strip", "admin2": "Gaza City", "admin3": null, "location": "Gaza - Shujaiyya", "latitude": 31.4988, "longitude": 34.4699, "geo_precision": 1, "source": "Palestine News and Information Agency; Palestinian Ministry of Health; Quds News Network; Twitter", "source_scale": "Other-New media", "notes": "On 26 April 2024, Israeli warplanes struck houses in Gaza - Shujaiyya (Gaza City, Gaza Strip). Unspecified casualties. [Palestinian Ministry of Health reported 34388 fatalities upto 26 April 2024. 22 fatalities not attributed to specific events split across 2 events on 26 April. 11 fatalities coded to this event.]", "fatalities": 11, "tags": null, "timestamp": 1759790002 }, "geometry": { "type": "Point", "coordinates": [ 34.4699, 31.4988 ] } },
{ "type": "Feature", "properties": { "event_id_cnty": "PSE50853", "event_date": "4/26/2024", "year": 2024, "time_precision": true, "disorder_type": "Political violence", "event_type": "Explosions/Remote violence", "sub_event_type": "Air/drone strike", "actor1": "Military Forces of Israel (2022-)", "assoc_actor_1": null, "inter1": 8, "actor2": "Civilians (Palestine)", "assoc_actor_2": null, "inter2": 7, "interaction": 78, "civilian_targeting": "Civilian targeting", "iso": 275, "region": "Middle East", "country": "Palestine", "admin1": "Gaza Strip", "admin2": "Khan Yunis", "admin3": null, "location": "Khan Yunis - Al Amal", "latitude": 31.3544, "longitude": 34.3007, "geo_precision": 2, "source": "Ma'an News Agency; Palestine News and Information Agency; Quds News Network; Twitter", "source_scale": "New media-National", "notes": "On 26 April 2024, Israeli warplanes carried out airstrikes near the Japanese neighborhood west of Khan Yunis (coded to Khan Yunis - Al Amal, Gaza Strip), leaving 3 fatalities.", "fatalities": 3, "tags": null, "timestamp": 1753955113 }, "geometry": { "type": "Point", "coordinates": [ 34.3007, 31.3544 ] } },
{ "type": "Feature", "properties": { "event_id_cnty": "PSE81918", "event_date": "4/26/2024", "year": 2024, "time_precision": true, "disorder_type": "Political violence", "event_type": "Explosions/Remote violence", "sub_event_type": "Air/drone strike", "actor1": "Military Forces of Israel (2022-)", "assoc_actor_1": null, "inter1": 8, "actor2": "Civilians (Palestine)", "assoc_actor_2": "Journalists (Palestine)", "inter2": 7, "interaction": 78, "civilian_targeting": "Civilian targeting", "iso": 275, "region": "Middle East", "country": "Palestine", "admin1": "Gaza Strip", "admin2": "Khan Yunis", "admin3": null, "location": "Hamad", "latitude": 31.3749, "longitude": 34.3193, "geo_precision": 1, "source": "Committee to Protect Journalists; Guardian (United Kingdom); Palestine News and Information Agency", "source_scale": "Other-National", "notes": "On 26 April 2024, Israeli drones targeted Hamad (Khan Yunis, Gaza Strip) killing a Palestinian journalist and his brother, also a journalist. They were on duty, filming with a drone.", "fatalities": 2, "tags": null, "timestamp": 1757975700 }, "geometry": { "type": "Point", "coordinates": [ 34.3193, 31.3749 ] } },
{ "type": "Feature", "properties": { "event_id_cnty": "PSE51378", "event_date": "4/27/2024", "year": 2024, "time_precision": true, "disorder_type": "Political violence", "event_type": "Explosions/Remote violence", "sub_event_type": "Air/drone strike", "actor1": "Military Forces of Israel (2022-)", "assoc_actor_1": null, "inter1": 8, "actor2": "Civilians (Palestine)", "assoc_actor_2": null, "inter2": 7, "interaction": 78, "civilian_targeting": "Civilian targeting", "iso": 275, "region": "Middle East", "country": "Palestine", "admin1": "Gaza Strip", "admin2": "Rafah", "admin3": null, "location": "An Nasr", "latitude": 31.2814, "longitude": 34.3025, "geo_precision": 1, "source": "Arab 48; Ma'an News Agency; Newpress; Palestine News and Information Agency; Twitter", "source_scale": "New media-National", "notes": "On 27 April 2024, Israeli warplanes struck a house in An Nasr (Rafah, Gaza strip), leaving at least 7 fatalities and dozens of injuries.", "fatalities": 7, "tags": null, "timestamp": 1753955132 }, "geometry": { "type": "Point", "coordinates": [ 34.3025, 31.2814 ] } },
{ "type": "Feature", "properties": { "event_id_cnty": "PSE51370", "event_date": "4/27/2024", "year": 2024, "time_precision": true, "disorder_type": "Political violence", "event_type": "Explosions/Remote violence", "sub_event_type": "Air/drone strike", "actor1": "Military Forces of Israel (2022-)", "assoc_actor_1": null, "inter1": 8, "actor2": "Civilians (Palestine)", "assoc_actor_2": "Refugees/IDPs (Palestine)", "inter2": 7, "interaction": 78, "civilian_targeting": "Civilian targeting", "iso": 275, "region": "Middle East", "country": "Palestine", "admin1": "Gaza Strip", "admin2": "Deir El Balah", "admin3": null, "location": "An Nusayrat", "latitude": 31.4486, "longitude": 34.3925, "geo_precision": 1, "source": "Ma'an News Agency; Newpress; Palestine News and Information Agency; Quds News Network; Twitter", "source_scale": "New media-National", "notes": "On 27 April 2024, Israeli warplanes struck a house in the Al Sultan neighborhood of An Nusayrat refugee camp (Deir El Balah, Gaza Strip), leaving 6 fatalities, including a baby. Also, at least 9 Palestinians were killed and 30 more were injured in a separate airstrike targeted their houses in the camp. Meanwhile, another 2 persons were killed after a warplane targeted their house in the same area. The total fatalities were at least 17.", "fatalities": 17, "tags": null, "timestamp": 1753955132 }, "geometry": { "type": "Point", "coordinates": [ 34.3925, 31.4486 ] } },
{ "type": "Feature", "properties": { "event_id_cnty": "PSE51376", "event_date": "4/27/2024", "year": 2024, "time_precision": true, "disorder_type": "Political violence", "event_type": "Explosions/Remote violence", "sub_event_type": "Air/drone strike", "actor1": "Military Forces of Israel (2022-)", "assoc_actor_1": null, "inter1": 8, "actor2": "Civilians (Palestine)", "assoc_actor_2": null, "inter2": 7, "interaction": 78, "civilian_targeting": "Civilian targeting", "iso": 275, "region": "Middle East", "country": "Palestine", "admin1": "Gaza Strip", "admin2": "Deir El Balah", "admin3": null, "location": "An Nusayrat - North", "latitude": 31.4591, "longitude": 34.3923, "geo_precision": 1, "source": "Arab 48; Palestine News and Information Agency; Quds News Network; Twitter", "source_scale": "New media-National", "notes": "On 27 April 2024, Israeli warplanes struck a group of Palestinians near the Wadi Gaza area north of An Nusayrat refugee camp (An Nusayrat - North, Deir El Balah, Gaza Strip), leaving 3 fatalities.", "fatalities": 3, "tags": null, "timestamp": 1753955132 }, "geometry": { "type": "Point", "coordinates": [ 34.3923, 31.4591 ] } },
{ "type": "Feature", "properties": { "event_id_cnty": "PSE51377", "event_date": "4/27/2024", "year": 2024, "time_precision": true, "disorder_type": "Political violence", "event_type": "Explosions/Remote violence", "sub_event_type": "Air/drone strike", "actor1": "Military Forces of Israel (2022-)", "assoc_actor_1": null, "inter1": 8, "actor2": "Civilians (Palestine)", "assoc_actor_2": null, "inter2": 7, "interaction": 78, "civilian_targeting": "Civilian targeting", "iso": 275, "region": "Middle East", "country": "Palestine", "admin1": "Gaza Strip", "admin2": "Deir El Balah", "admin3": null, "location": "Al Burayj", "latitude": 31.4394, "longitude": 34.4031, "geo_precision": 2, "source": "Arab 48; Ma'an News Agency; Newpress; Palestine News and Information Agency; Quds News Network; Twitter", "source_scale": "New media-National", "notes": "On 27 April 2024, Israeli warplanes struck a house east of Al Burayj refugee camp (Deir El Balah, Gaza Strip), leaving 1 fatality and 2 injuries.", "fatalities": 1, "tags": null, "timestamp": 1753955132 }, "geometry": { "type": "Point", "coordinates": [ 34.4031, 31.4394 ] } },
{ "type": "Feature", "properties": { "event_id_cnty": "PSE51388", "event_date": "4/27/2024", "year": 2024, "time_precision": true, "disorder_type": "Political violence", "event_type": "Explosions/Remote violence", "sub_event_type": "Air/drone strike", "actor1": "Military Forces of Israel (2022-)", "assoc_actor_1": null, "inter1": 8, "actor2": "Civilians (Palestine)", "assoc_actor_2": null, "inter2": 7, "interaction": 78, "civilian_targeting": "Civilian targeting", "iso": 275, "region": "Middle East", "country": "Palestine", "admin1": "Gaza Strip", "admin2": "Rafah", "admin3": null, "location": "Tal as Sultan", "latitude": 31.3098, "longitude": 34.2414, "geo_precision": 2, "source": "Quds News Network; Twitter", "source_scale": "New media-National", "notes": "On 27 April 2024, Israeli warplanes struck a house at the Saudi neighborhood west of Rafah, coded to Tal as Sultan (Rafah, Gaza Strip), leaving 4 fatalities including a child, and several injuries.", "fatalities": 4, "tags": null, "timestamp": 1762829569 }, "geometry": { "type": "Point", "coordinates": [ 34.2414, 31.3098 ] } },
{ "type": "Feature", "properties": { "event_id_cnty": "PSE51372", "event_date": "4/27/2024", "year": 2024, "time_precision": true, "disorder_type": "Political violence", "event_type": "Explosions/Remote violence", "sub_event_type": "Air/drone strike", "actor1": "Military Forces of Israel (2022-)", "assoc_actor_1": null, "inter1": 8, "actor2": "Civilians (Palestine)", "assoc_actor_2": null, "inter2": 7, "interaction": 78, "civilian_targeting": "Civilian targeting", "iso": 275, "region": "Middle East", "country": "Palestine", "admin1": "Gaza Strip", "admin2": "Gaza City", "admin3": null, "location": "Gaza - Shujaiyya", "latitude": 31.4988, "longitude": 34.4699, "geo_precision": 1, "source": "Palestine News and Information Agency; Palestinian Ministry of Health", "source_scale": "Other-National", "notes": "On 27 April 2024, Israeli warplanes struck at least 3 houses in Gaza - Shujaiyya (Gaza City, Gaza Strip) leading to unspecified number of fatalities. [Palestinian Ministry of Health reported 34454 fatalities upto 27 April 2024. 28 fatalities not attributed to specific events split across 5 events on 27 April. 5 fatalities coded to this event.]", "fatalities": 5, "tags": null, "timestamp": 1759790002 }, "geometry": { "type": "Point", "coordinates": [ 34.4699, 31.4988 ] } },
{ "type": "Feature", "properties": { "event_id_cnty": "PSE51379", "event_date": "4/27/2024", "year": 2024, "time_precision": true, "disorder_type": "Political violence", "event_type": "Explosions/Remote violence", "sub_event_type": "Air/drone strike", "actor1": "Military Forces of Israel (2022-)", "assoc_actor_1": null, "inter1": 8, "actor2": "Civilians (Palestine)", "assoc_actor_2": null, "inter2": 7, "interaction": 78, "civilian_targeting": "Civilian targeting", "iso": 275, "region": "Middle East", "country": "Palestine", "admin1": "Gaza Strip", "admin2": "Khan Yunis", "admin3": null, "location": "Khuzaa", "latitude": 31.3069, "longitude": 34.3572, "geo_precision": 1, "source": "Arab 48; Ma'an News Agency; Palestine News and Information Agency; Palestinian Ministry of Health; Quds News Network; Twitter", "source_scale": "Other-New media", "notes": "On 27 April 2024, Israeli warplanes struck 2 houses and the artillery struck a land in Khuzaa (Khan Yunis, Gaza Strip) leading to unspecified number of fatalities. [Palestinian Ministry of Health reported 34454 fatalities upto 27 April 2024. 28 fatalities not attributed to specific events split across 5 events on 27 April. 5 fatalities coded to this event.]", "fatalities": 5, "tags": null, "timestamp": 1753955132 }, "geometry": { "type": "Point", "coordinates": [ 34.3572, 31.3069 ] } },
{ "type": "Feature", "properties": { "event_id_cnty": "PSE51383", "event_date": "4/27/2024", "year": 2024, "time_precision": true, "disorder_type": "Political violence", "event_type": "Explosions/Remote violence", "sub_event_type": "Air/drone strike", "actor1": "Military Forces of Israel (2022-)", "assoc_actor_1": null, "inter1": 8, "actor2": "Civilians (Palestine)", "assoc_actor_2": null, "inter2": 7, "interaction": 78, "civilian_targeting": "Civilian targeting", "iso": 275, "region": "Middle East", "country": "Palestine", "admin1": "Gaza Strip", "admin2": "Gaza City", "admin3": null, "location": "Gaza - Southern Remal", "latitude": 31.5168, "longitude": 34.4355, "geo_precision": 2, "source": "Arab 48; Palestinian Ministry of Health", "source_scale": "Other-National", "notes": "On 27 April 2024, Israeli warplanes struck a residential building west of Gaza City, coded to Gaza - Southern Remal (Gaza City, Gaza Strip) leading to unspecified number of fatalities. [Palestinian Ministry of Health reported 34454 fatalities upto 27 April 2024. 28 fatalities not attributed to specific events split across 5 events on 27 April. 6 fatalities coded to this event.]", "fatalities": 6, "tags": null, "timestamp": 1759790002 }, "geometry": { "type": "Point", "coordinates": [ 34.4355, 31.5168 ] } },
{ "type": "Feature", "properties": { "event_id_cnty": "PSE51386", "event_date": "4/27/2024", "year": 2024, "time_precision": true, "disorder_type": "Political violence", "event_type": "Explosions/Remote violence", "sub_event_type": "Air/drone strike", "actor1": "Military Forces of Israel (2022-)", "assoc_actor_1": null, "inter1": 8, "actor2": "Civilians (Palestine)", "assoc_actor_2": null, "inter2": 7, "interaction": 78, "civilian_targeting": "Civilian targeting", "iso": 275, "region": "Middle East", "country": "Palestine", "admin1": "Gaza Strip", "admin2": "Khan Yunis", "admin3": null, "location": "Al Mawasi (Khan Yunis)", "latitude": 31.3482, "longitude": 34.2547, "geo_precision": 1, "source": "Arab 48; Newpress; Palestinian Ministry of Health; Quds News Network; Twitter", "source_scale": "Other-New media", "notes": "On 27 April 2024, Israeli warplanes struck a house in Al Mawasi (Khan Yunis), Gaza Strip leading to unspecified number of fatalities. [Palestinian Ministry of Health reported 34454 fatalities upto 27 April 2024. 28 fatalities not attributed to specific events split across 5 events on 27 April. 6 fatalities coded to this event.]", "fatalities": 6, "tags": null, "timestamp": 1762829569 }, "geometry": { "type": "Point", "coordinates": [ 34.2547, 31.3482 ] } },
{ "type": "Feature", "properties": { "event_id_cnty": "PSE51387", "event_date": "4/27/2024", "year": 2024, "time_precision": true, "disorder_type": "Political violence", "event_type": "Explosions/Remote violence", "sub_event_type": "Air/drone strike", "actor1": "Military Forces of Israel (2022-)", "assoc_actor_1": null, "inter1": 8, "actor2": "Civilians (Palestine)", "assoc_actor_2": null, "inter2": 7, "interaction": 78, "civilian_targeting": "Civilian targeting", "iso": 275, "region": "Middle East", "country": "Palestine", "admin1": "Gaza Strip", "admin2": "Rafah", "admin3": null, "location": "Tal as Sultan", "latitude": 31.3098, "longitude": 34.2414, "geo_precision": 1, "source": "Newpress; Palestinian Ministry of Health; Twitter", "source_scale": "Other-New media", "notes": "On 27 April 2024, Israeli warplanes struck a house in Tal as Sultan (Rafah, Gaza Strip) leading to unspecified number of fatalities. [Palestinian Ministry of Health reported 34454 fatalities upto 27 April 2024. 28 fatalities not attributed to specific events split across 5 events on 27 April. 6 fatalities coded to this event.]", "fatalities": 6, "tags": null, "timestamp": 1762829569 }, "geometry": { "type": "Point", "coordinates": [ 34.2414, 31.3098 ] } },
{ "type": "Feature", "properties": { "event_id_cnty": "PSE51373", "event_date": "4/27/2024", "year": 2024, "time_precision": true, "disorder_type": "Political violence", "event_type": "Explosions/Remote violence", "sub_event_type": "Air/drone strike", "actor1": "Military Forces of Israel (2022-)", "assoc_actor_1": null, "inter1": 8, "actor2": "Civilians (Palestine)", "assoc_actor_2": null, "inter2": 7, "interaction": 78, "civilian_targeting": "Civilian targeting", "iso": 275, "region": "Middle East", "country": "Palestine", "admin1": "Gaza Strip", "admin2": "Rafah", "admin3": null, "location": "Rafah", "latitude": 31.287, "longitude": 34.2595, "geo_precision": 1, "source": "Palestine News and Information Agency", "source_scale": "National", "notes": "On 27 April 2024, Israeli warplanes struck a house in Rafah city (Rafah, Gaza Strip), leaving 6 fatalities, including children, and a number of injuries.", "fatalities": 6, "tags": null, "timestamp": 1762829569 }, "geometry": { "type": "Point", "coordinates": [ 34.2595, 31.287 ] } },
{ "type": "Feature", "properties": { "event_id_cnty": "PSE51401", "event_date": "4/28/2024", "year": 2024, "time_precision": true, "disorder_type": "Political violence", "event_type": "Explosions/Remote violence", "sub_event_type": "Air/drone strike", "actor1": "Military Forces of Israel (2022-)", "assoc_actor_1": null, "inter1": 8, "actor2": "Civilians (Palestine)", "assoc_actor_2": null, "inter2": 7, "interaction": 78, "civilian_targeting": "Civilian targeting", "iso": 275, "region": "Middle East", "country": "Palestine", "admin1": "Gaza Strip", "admin2": "Deir El Balah", "admin3": null, "location": "An Nusayrat - North", "latitude": 31.4591, "longitude": 34.3923, "geo_precision": 1, "source": "Ma'an News Agency; Newpress; Palestine News and Information Agency; Quds News Network; Twitter", "source_scale": "New media-National", "notes": "On 28 April 2024, an Israeli UAV struck a passing car in the new camp north of An Nusayrat refugee camp (An Nusayrat - North, Deir El Balah, Gaza Strip), leaving 1 fatality and one injury. Also, warplanes carried out airstrikes in the same area. Casualties unknown. Total fatalities coded as one.", "fatalities": 1, "tags": null, "timestamp": 1753955132 }, "geometry": { "type": "Point", "coordinates": [ 34.3923, 31.4591 ] } },
{ "type": "Feature", "properties": { "event_id_cnty": "PSE51407", "event_date": "4/28/2024", "year": 2024, "time_precision": true, "disorder_type": "Political violence", "event_type": "Explosions/Remote violence", "sub_event_type": "Air/drone strike", "actor1": "Military Forces of Israel (2022-)", "assoc_actor_1": null, "inter1": 8, "actor2": "Civilians (Palestine)", "assoc_actor_2": null, "inter2": 7, "interaction": 78, "civilian_targeting": "Civilian targeting", "iso": 275, "region": "Middle East", "country": "Palestine", "admin1": "Gaza Strip", "admin2": "Gaza City", "admin3": null, "location": "Gaza", "latitude": 31.5045, "longitude": 34.4743, "geo_precision": 1, "source": "Ma'an News Agency; Newpress; Palestinian Ministry of Health; Twitter", "source_scale": "Other-New media", "notes": "On 28 April 2024, Israeli warplanes struck a house at Al Jalaa Street in Gaza City (Gaza city, Gaza Strip) leading to unspecified number of fatalities. [Palestinian Ministry of Health reported 34488 fatalities upto 28 April 2024. 11 fatalities not attributed to specific events split across 2 events on 28 April. 5 fatalities coded to this event.]", "fatalities": 5, "tags": null, "timestamp": 1759790002 }, "geometry": { "type": "Point", "coordinates": [ 34.4743, 31.5045 ] } },
{ "type": "Feature", "properties": { "event_id_cnty": "PSE51422", "event_date": "4/28/2024", "year": 2024, "time_precision": true, "disorder_type": "Political violence", "event_type": "Explosions/Remote violence", "sub_event_type": "Air/drone strike", "actor1": "Military Forces of Israel (2022-)", "assoc_actor_1": null, "inter1": 8, "actor2": "Civilians (Palestine)", "assoc_actor_2": null, "inter2": 7, "interaction": 78, "civilian_targeting": "Civilian targeting", "iso": 275, "region": "Middle East", "country": "Palestine", "admin1": "Gaza Strip", "admin2": "Gaza City", "admin3": null, "location": "Gaza - Sabra", "latitude": 31.5086, "longitude": 34.4493, "geo_precision": 1, "source": "Newpress; Palestinian Ministry of Health; Twitter", "source_scale": "Other-New media", "notes": "On 28 April 2024, Israeli warplanes struck a house in Gaza - Sabra (Gaza City, Gaza Strip) leading to unspecified number of fatalities. [Palestinian Ministry of Health reported 34488 fatalities upto 28 April 2024. 11 fatalities not attributed to specific events split across 2 events on 28 April. 6 fatalities coded to this event.]", "fatalities": 6, "tags": null, "timestamp": 1759790002 }, "geometry": { "type": "Point", "coordinates": [ 34.4493, 31.5086 ] } },
{ "type": "Feature", "properties": { "event_id_cnty": "PSE51405", "event_date": "4/28/2024", "year": 2024, "time_precision": true, "disorder_type": "Political violence", "event_type": "Explosions/Remote violence", "sub_event_type": "Air/drone strike", "actor1": "Military Forces of Israel (2022-)", "assoc_actor_1": null, "inter1": 8, "actor2": "Civilians (Palestine)", "assoc_actor_2": "Refugees/IDPs (Palestine)", "inter2": 7, "interaction": 78, "civilian_targeting": "Civilian targeting", "iso": 275, "region": "Middle East", "country": "Palestine", "admin1": "Gaza Strip", "admin2": "Rafah", "admin3": null, "location": "Rafah Camp", "latitude": 31.2847, "longitude": 34.2546, "geo_precision": 1, "source": "Palestine News and Information Agency", "source_scale": "National", "notes": "On 28 April 2024, Israeli warplanes struck a house in Al Shaboura refugee camp of Mukhayyam Rafah Camp (Rafah, Gaza Strip), leaving 6 fatalities.", "fatalities": 6, "tags": null, "timestamp": 1753955132 }, "geometry": { "type": "Point", "coordinates": [ 34.2546, 31.2847 ] } },
{ "type": "Feature", "properties": { "event_id_cnty": "PSE51406", "event_date": "4/28/2024", "year": 2024, "time_precision": true, "disorder_type": "Political violence", "event_type": "Explosions/Remote violence", "sub_event_type": "Air/drone strike", "actor1": "Military Forces of Israel (2022-)", "assoc_actor_1": null, "inter1": 8, "actor2": "Civilians (Palestine)", "assoc_actor_2": null, "inter2": 7, "interaction": 78, "civilian_targeting": "Civilian targeting", "iso": 275, "region": "Middle East", "country": "Palestine", "admin1": "Gaza Strip", "admin2": "Rafah", "admin3": null, "location": "Rafah", "latitude": 31.287, "longitude": 34.2595, "geo_precision": 1, "source": "Palestine News and Information Agency; Quds News Network; Twitter", "source_scale": "New media-National", "notes": "On 28 April 2024, Israeli warplanes struck a house in Rafah (Rafah, Gaza Strip), leaving 9 fatalities.", "fatalities": 9, "tags": null, "timestamp": 1762829569 }, "geometry": { "type": "Point", "coordinates": [ 34.2595, 31.287 ] } },
{ "type": "Feature", "properties": { "event_id_cnty": "PSE51400", "event_date": "4/28/2024", "year": 2024, "time_precision": true, "disorder_type": "Political violence", "event_type": "Explosions/Remote violence", "sub_event_type": "Air/drone strike", "actor1": "Military Forces of Israel (2022-)", "assoc_actor_1": null, "inter1": 8, "actor2": "Civilians (Palestine)", "assoc_actor_2": null, "inter2": 7, "interaction": 78, "civilian_targeting": "Civilian targeting", "iso": 275, "region": "Middle East", "country": "Palestine", "admin1": "Gaza Strip", "admin2": "Rafah", "admin3": null, "location": "Al Junainah", "latitude": 31.2642, "longitude": 34.2636, "geo_precision": 1, "source": "Newpress; Palestine News and Information Agency; PLO Negotiations Affairs Department; Quds News Network; Twitter", "source_scale": "Other-New media", "notes": "On 28 April 2024, Israeli warplanes struck a house in Al Junainah (Rafah, Gaza Strip), leaving 5 fatalities, including women and children, and a number of injuries. Also, the Israeli artillery and tanks shelled targets east of Rafah. Casualties unknown. Fatalities coded as 5.", "fatalities": 5, "tags": null, "timestamp": 1753955132 }, "geometry": { "type": "Point", "coordinates": [ 34.2636, 31.2642 ] } },
{ "type": "Feature", "properties": { "event_id_cnty": "PSE51403", "event_date": "4/28/2024", "year": 2024, "time_precision": true, "disorder_type": "Political violence", "event_type": "Explosions/Remote violence", "sub_event_type": "Air/drone strike", "actor1": "Military Forces of Israel (2022-)", "assoc_actor_1": null, "inter1": 8, "actor2": "Civilians (Palestine)", "assoc_actor_2": "Refugees/IDPs (Palestine)", "inter2": 7, "interaction": 78, "civilian_targeting": "Civilian targeting", "iso": 275, "region": "Middle East", "country": "Palestine", "admin1": "Gaza Strip", "admin2": "Rafah", "admin3": null, "location": "Brazil Camp", "latitude": 31.2718, "longitude": 34.2532, "geo_precision": 1, "source": "Palestine News and Information Agency; Quds News Network; Twitter", "source_scale": "New media-National", "notes": "On 28 April 2024, Israeli warplanes struck a target near a house in Brazil Camp (Rafah, Gaza Strip), leaving 2 injuries.", "fatalities": 0, "tags": null, "timestamp": 1753955132 }, "geometry": { "type": "Point", "coordinates": [ 34.2532, 31.2718 ] } },
{ "type": "Feature", "properties": { "event_id_cnty": "PSE51436", "event_date": "4/29/2024", "year": 2024, "time_precision": true, "disorder_type": "Political violence", "event_type": "Explosions/Remote violence", "sub_event_type": "Air/drone strike", "actor1": "Military Forces of Israel (2022-)", "assoc_actor_1": null, "inter1": 8, "actor2": "Civilians (Palestine)", "assoc_actor_2": null, "inter2": 7, "interaction": 78, "civilian_targeting": "Civilian targeting", "iso": 275, "region": "Middle East", "country": "Palestine", "admin1": "Gaza Strip", "admin2": "Gaza City", "admin3": null, "location": "Gaza - At Tuffah", "latitude": 31.5134, "longitude": 34.4751, "geo_precision": 1, "source": "Ma'an News Agency; Palestine News and Information Agency; Quds News Network; Twitter", "source_scale": "New media-National", "notes": "On 29 April 2024, an Israeli UAV struck a house in Gaza - At Tuffah (Gaza City, Gaza Strip), leaving 2 fatalities and a number of injuries.", "fatalities": 2, "tags": null, "timestamp": 1759790002 }, "geometry": { "type": "Point", "coordinates": [ 34.4751, 31.5134 ] } },
{ "type": "Feature", "properties": { "event_id_cnty": "PSE51435", "event_date": "4/29/2024", "year": 2024, "time_precision": true, "disorder_type": "Political violence", "event_type": "Explosions/Remote violence", "sub_event_type": "Air/drone strike", "actor1": "Military Forces of Israel (2022-)", "assoc_actor_1": null, "inter1": 8, "actor2": "Civilians (Palestine)", "assoc_actor_2": "Journalists (Palestine); Refugees/IDPs (Palestine)", "inter2": 7, "interaction": 78, "civilian_targeting": "Civilian targeting", "iso": 275, "region": "Middle East", "country": "Palestine", "admin1": "Gaza Strip", "admin2": "Deir El Balah", "admin3": null, "location": "An Nusayrat", "latitude": 31.4486, "longitude": 34.3925, "geo_precision": 1, "source": "Newpress; Palestine News and Information Agency; Quds News Network; Twitter", "source_scale": "New media-National", "notes": "On 29 April 2024, Israeli warplanes struck houses in An Nusayrat refugee camp (Deir El Balah, Gaza Strip), leaving 3 fatalities (including a Palestinian journalist) and a number of injuries.", "fatalities": 3, "tags": null, "timestamp": 1753955132 }, "geometry": { "type": "Point", "coordinates": [ 34.3925, 31.4486 ] } },
{ "type": "Feature", "properties": { "event_id_cnty": "PSE51431", "event_date": "4/29/2024", "year": 2024, "time_precision": true, "disorder_type": "Political violence", "event_type": "Explosions/Remote violence", "sub_event_type": "Air/drone strike", "actor1": "Military Forces of Israel (2022-)", "assoc_actor_1": null, "inter1": 8, "actor2": "Civilians (Palestine)", "assoc_actor_2": null, "inter2": 7, "interaction": 78, "civilian_targeting": "Civilian targeting", "iso": 275, "region": "Middle East", "country": "Palestine", "admin1": "Gaza Strip", "admin2": "Gaza City", "admin3": null, "location": "Gaza - Sabra", "latitude": 31.5086, "longitude": 34.4493, "geo_precision": 1, "source": "Palestine News and Information Agency; Quds News Network; Twitter", "source_scale": "New media-National", "notes": "On 29 April 2024, Israeli warplanes struck a house in Gaza - Sabra (Gaza City, Gaza Strip), killing at least 2 women and leaving a number of injuries.", "fatalities": 2, "tags": null, "timestamp": 1759790002 }, "geometry": { "type": "Point", "coordinates": [ 34.4493, 31.5086 ] } },
{ "type": "Feature", "properties": { "event_id_cnty": "PSE51430", "event_date": "4/29/2024", "year": 2024, "time_precision": true, "disorder_type": "Political violence", "event_type": "Explosions/Remote violence", "sub_event_type": "Air/drone strike", "actor1": "Military Forces of Israel (2022-)", "assoc_actor_1": null, "inter1": 8, "actor2": "Civilians (Palestine)", "assoc_actor_2": null, "inter2": 7, "interaction": 78, "civilian_targeting": "Civilian targeting", "iso": 275, "region": "Middle East", "country": "Palestine", "admin1": "Gaza Strip", "admin2": "Gaza City", "admin3": null, "location": "Gaza - Southern Remal", "latitude": 31.5168, "longitude": 34.4355, "geo_precision": 2, "source": "Palestine News and Information Agency", "source_scale": "National", "notes": "On 29 April 2024, Israeli warplanes struck a house at Abu Hasira Street west of Gaza City, coded to Gaza - Southern Remal (Gaza City, Gaza Strip), leaving 5 fatalities and dozens of injuries including women and children.", "fatalities": 5, "tags": null, "timestamp": 1759790002 }, "geometry": { "type": "Point", "coordinates": [ 34.4355, 31.5168 ] } },
{ "type": "Feature", "properties": { "event_id_cnty": "PSE51432", "event_date": "4/29/2024", "year": 2024, "time_precision": true, "disorder_type": "Political violence", "event_type": "Explosions/Remote violence", "sub_event_type": "Air/drone strike", "actor1": "Military Forces of Israel (2022-)", "assoc_actor_1": null, "inter1": 8, "actor2": "Civilians (Palestine)", "assoc_actor_2": null, "inter2": 7, "interaction": 78, "civilian_targeting": "Civilian targeting", "iso": 275, "region": "Middle East", "country": "Palestine", "admin1": "Gaza Strip", "admin2": "Rafah", "admin3": null, "location": "Tal as Sultan", "latitude": 31.3098, "longitude": 34.2414, "geo_precision": 1, "source": "Ma'an News Agency; Newpress; Palestine News and Information Agency; Twitter", "source_scale": "New media-National", "notes": "On 29 April 2024, Israeli warplanes struck an apartment in Tal as Sultan (Rafah, Gaza Strip), leaving 4 fatalities including 3 women.", "fatalities": 4, "tags": null, "timestamp": 1762829569 }, "geometry": { "type": "Point", "coordinates": [ 34.2414, 31.3098 ] } },
{ "type": "Feature", "properties": { "event_id_cnty": "PSE51439", "event_date": "4/29/2024", "year": 2024, "time_precision": true, "disorder_type": "Political violence", "event_type": "Explosions/Remote violence", "sub_event_type": "Air/drone strike", "actor1": "Military Forces of Israel (2022-)", "assoc_actor_1": null, "inter1": 8, "actor2": "Civilians (Palestine)", "assoc_actor_2": null, "inter2": 7, "interaction": 78, "civilian_targeting": "Civilian targeting", "iso": 275, "region": "Middle East", "country": "Palestine", "admin1": "Gaza Strip", "admin2": "Rafah", "admin3": null, "location": "Tal as Sultan", "latitude": 31.3098, "longitude": 34.2414, "geo_precision": 2, "source": "Palestine News and Information Agency; Quds News Network; Twitter", "source_scale": "New media-National", "notes": "On 29 April 2024, Israeli warplanes struck targets and a house west of Rafah city, coded to Tal as Sultan (Rafah, Gaza Strip), killing 3 women.", "fatalities": 3, "tags": null, "timestamp": 1762829569 }, "geometry": { "type": "Point", "coordinates": [ 34.2414, 31.3098 ] } },
{ "type": "Feature", "properties": { "event_id_cnty": "PSE51452", "event_date": "4/29/2024", "year": 2024, "time_precision": true, "disorder_type": "Political violence", "event_type": "Explosions/Remote violence", "sub_event_type": "Air/drone strike", "actor1": "Military Forces of Israel (2022-)", "assoc_actor_1": null, "inter1": 8, "actor2": "Civilians (Palestine)", "assoc_actor_2": null, "inter2": 7, "interaction": 78, "civilian_targeting": "Civilian targeting", "iso": 275, "region": "Middle East", "country": "Palestine", "admin1": "Gaza Strip", "admin2": "North Gaza", "admin3": null, "location": "Jabalya Camp", "latitude": 31.536, "longitude": 34.4907, "geo_precision": 2, "source": "Newpress; Quds News Network; Twitter", "source_scale": "New media-National", "notes": "On 29 April 2024, Israeli warplanes struck a house near al-Sikka Street east of Mukhayyam Jabalya Camp (North Gaza, Gaza Strip), leaving 2 fatalities.", "fatalities": 2, "tags": null, "timestamp": 1753955132 }, "geometry": { "type": "Point", "coordinates": [ 34.4907, 31.536 ] } },
{ "type": "Feature", "properties": { "event_id_cnty": "PSE51434", "event_date": "4/29/2024", "year": 2024, "time_precision": true, "disorder_type": "Political violence", "event_type": "Explosions/Remote violence", "sub_event_type": "Air/drone strike", "actor1": "Military Forces of Israel (2022-)", "assoc_actor_1": null, "inter1": 8, "actor2": "Civilians (Palestine)", "assoc_actor_2": null, "inter2": 7, "interaction": 78, "civilian_targeting": "Civilian targeting", "iso": 275, "region": "Middle East", "country": "Palestine", "admin1": "Gaza Strip", "admin2": "Deir El Balah", "admin3": null, "location": "Az Zawayda", "latitude": 31.4284, "longitude": 34.366, "geo_precision": 2, "source": "Ma'an News Agency; Palestine News and Information Agency; Palestinian Ministry of Health; Quds News Network; Twitter", "source_scale": "Other-New media", "notes": "On 29 April 2024, Israeli warplanes struck houses west of Az Zawayda (Deir El Balah, Gaza Strip) leading to unspecified number of fatalities. [Palestinian Ministry of Health reported 34535 fatalities upto 29 April 2024. 14 fatalities not attributed to specific events split across 5 events on 29 April. 2 fatalities coded to this event.]", "fatalities": 2, "tags": null, "timestamp": 1767742780 }, "geometry": { "type": "Point", "coordinates": [ 34.366, 31.4284 ] } },
{ "type": "Feature", "properties": { "event_id_cnty": "PSE51444", "event_date": "4/29/2024", "year": 2024, "time_precision": true, "disorder_type": "Political violence", "event_type": "Explosions/Remote violence", "sub_event_type": "Air/drone strike", "actor1": "Military Forces of Israel (2022-)", "assoc_actor_1": null, "inter1": 8, "actor2": "Civilians (Palestine)", "assoc_actor_2": null, "inter2": 7, "interaction": 78, "civilian_targeting": "Civilian targeting", "iso": 275, "region": "Middle East", "country": "Palestine", "admin1": "Gaza Strip", "admin2": "Khan Yunis", "admin3": null, "location": "Khan Yunis - Maen", "latitude": 31.336, "longitude": 34.3172, "geo_precision": 1, "source": "Arab 48; Newpress; Palestinian Ministry of Health; Twitter", "source_scale": "Other-New media", "notes": "On 29 April 2024, Israeli warplanes struck 2 houses and a mosque in Khan Yunis - Maen (Khan Yunis, Gaza Strip) leading to unspecified number of fatalities. [Palestinian Ministry of Health reported 34535 fatalities upto 29 April 2024. 14 fatalities not attributed to specific events split across 5 events on 29 April. 3 fatalities coded to this event.]", "fatalities": 3, "tags": null, "timestamp": 1753955132 }, "geometry": { "type": "Point", "coordinates": [ 34.3172, 31.336 ] } },
{ "type": "Feature", "properties": { "event_id_cnty": "PSE51445", "event_date": "4/29/2024", "year": 2024, "time_precision": true, "disorder_type": "Political violence", "event_type": "Explosions/Remote violence", "sub_event_type": "Air/drone strike", "actor1": "Military Forces of Israel (2022-)", "assoc_actor_1": null, "inter1": 8, "actor2": "Civilians (Palestine)", "assoc_actor_2": null, "inter2": 7, "interaction": 78, "civilian_targeting": "Civilian targeting", "iso": 275, "region": "Middle East", "country": "Palestine", "admin1": "Gaza Strip", "admin2": "Deir El Balah", "admin3": null, "location": "Al Musaddar", "latitude": 31.4105, "longitude": 34.378, "geo_precision": 2, "source": "Arab 48; Newpress; Palestinian Ministry of Health; Twitter", "source_scale": "Other-New media", "notes": "On 29 April 2024, Israeli warplanes struck a house in Al Musaddar (Deir El Balah, Gaza Strip) leading to unspecified number of fatalities. [Palestinian Ministry of Health reported 34535 fatalities upto 29 April 2024. 14 fatalities not attributed to specific events split across 5 events on 29 April. 3 fatalities coded to this event.]", "fatalities": 3, "tags": null, "timestamp": 1765850627 }, "geometry": { "type": "Point", "coordinates": [ 34.378, 31.4105 ] } },
{ "type": "Feature", "properties": { "event_id_cnty": "PSE51457", "event_date": "4/29/2024", "year": 2024, "time_precision": true, "disorder_type": "Political violence", "event_type": "Explosions/Remote violence", "sub_event_type": "Air/drone strike", "actor1": "Military Forces of Israel (2022-)", "assoc_actor_1": null, "inter1": 8, "actor2": "Civilians (Palestine)", "assoc_actor_2": null, "inter2": 7, "interaction": 78, "civilian_targeting": "Civilian targeting", "iso": 275, "region": "Middle East", "country": "Palestine", "admin1": "Gaza Strip", "admin2": "Gaza City", "admin3": null, "location": "Gaza - Az Zaytun", "latitude": 31.4964, "longitude": 34.4522, "geo_precision": 1, "source": "Palestinian Ministry of Health; Quds News Network; Twitter", "source_scale": "Other-New media", "notes": "On 29 April 2024, Israeli warplanes struck a house in Gaza - Az Zaytun (Gaza City, Gaza Strip) leading to unspecified number of fatalities. [Palestinian Ministry of Health reported 34535 fatalities upto 29 April 2024. 14 fatalities not attributed to specific events split across 5 events on 29 April. 3 fatalities coded to this event.]", "fatalities": 3, "tags": null, "timestamp": 1759790002 }, "geometry": { "type": "Point", "coordinates": [ 34.4522, 31.4964 ] } },
{ "type": "Feature", "properties": { "event_id_cnty": "PSE51455", "event_date": "4/29/2024", "year": 2024, "time_precision": true, "disorder_type": "Political violence", "event_type": "Explosions/Remote violence", "sub_event_type": "Air/drone strike", "actor1": "Military Forces of Israel (2022-)", "assoc_actor_1": null, "inter1": 8, "actor2": "Civilians (Palestine)", "assoc_actor_2": "Refugees/IDPs (Palestine)", "inter2": 7, "interaction": 78, "civilian_targeting": "Civilian targeting", "iso": 275, "region": "Middle East", "country": "Palestine", "admin1": "Gaza Strip", "admin2": "Rafah", "admin3": null, "location": "Rafah Camp", "latitude": 31.2847, "longitude": 34.2546, "geo_precision": 1, "source": "Quds News Network; Twitter", "source_scale": "New media-National", "notes": "On 29 April 2024, Israeli warplanes struck a house in Al Shaboura refugee camp of Mukhayyam Rafah Camp (Rafah, Gaza Strip), leaving 9 fatalities.", "fatalities": 9, "tags": null, "timestamp": 1753955132 }, "geometry": { "type": "Point", "coordinates": [ 34.2546, 31.2847 ] } },
{ "type": "Feature", "properties": { "event_id_cnty": "PSE51454", "event_date": "4/29/2024", "year": 2024, "time_precision": true, "disorder_type": "Political violence", "event_type": "Explosions/Remote violence", "sub_event_type": "Air/drone strike", "actor1": "Military Forces of Israel (2022-)", "assoc_actor_1": null, "inter1": 8, "actor2": "Civilians (Palestine)", "assoc_actor_2": null, "inter2": 7, "interaction": 78, "civilian_targeting": "Civilian targeting", "iso": 275, "region": "Middle East", "country": "Palestine", "admin1": "Gaza Strip", "admin2": "Rafah", "admin3": null, "location": "As Salam", "latitude": 31.2678, "longitude": 34.2567, "geo_precision": 1, "source": "Palestinian Ministry of Health; Quds News Network; Twitter", "source_scale": "Other-New media", "notes": "On 29 April 2024, Israeli warplanes struck a house in As Salam (Rafah, Gaza Strip) leading to unspecified number of fatalities. [Palestinian Ministry of Health reported 34535 fatalities upto 29 April 2024. 14 fatalities not attributed to specific events split across 5 events on 29 April. 3 fatalities coded to this event.]", "fatalities": 3, "tags": null, "timestamp": 1753955132 }, "geometry": { "type": "Point", "coordinates": [ 34.2567, 31.2678 ] } },
{ "type": "Feature", "properties": { "event_id_cnty": "PSE51493", "event_date": "4/30/2024", "year": 2024, "time_precision": true, "disorder_type": "Political violence", "event_type": "Explosions/Remote violence", "sub_event_type": "Shelling/artillery/missile attack", "actor1": "Military Forces of Israel (2022-)", "assoc_actor_1": null, "inter1": 8, "actor2": "Civilians (Palestine)", "assoc_actor_2": null, "inter2": 7, "interaction": 78, "civilian_targeting": "Civilian targeting", "iso": 275, "region": "Middle East", "country": "Palestine", "admin1": "Gaza Strip", "admin2": "Gaza City", "admin3": null, "location": "Gaza - Shujaiyya", "latitude": 31.4988, "longitude": 34.4699, "geo_precision": 2, "source": "Palestine News and Information Agency; Quds News Network; Twitter", "source_scale": "New media-National", "notes": "On 30 April 2024, the Israeli artillery shelled the Al Mansourah Street east Gaza - Shujaiyya (Gaza City, Gaza Strip), leaving 3 injuries.", "fatalities": 0, "tags": null, "timestamp": 1759790002 }, "geometry": { "type": "Point", "coordinates": [ 34.4699, 31.4988 ] } },
{ "type": "Feature", "properties": { "event_id_cnty": "PSE51499", "event_date": "4/30/2024", "year": 2024, "time_precision": true, "disorder_type": "Political violence", "event_type": "Explosions/Remote violence", "sub_event_type": "Shelling/artillery/missile attack", "actor1": "Military Forces of Israel (2022-)", "assoc_actor_1": null, "inter1": 8, "actor2": "Civilians (Palestine)", "assoc_actor_2": null, "inter2": 7, "interaction": 78, "civilian_targeting": "Civilian targeting", "iso": 275, "region": "Middle East", "country": "Palestine", "admin1": "Gaza Strip", "admin2": "Rafah", "admin3": null, "location": "An Nasr", "latitude": 31.2814, "longitude": 34.3025, "geo_precision": 1, "source": "Arab 48; Quds News Network; Twitter", "source_scale": "New media-National", "notes": "On 30 April 2024, the Israeli artillery shelled targets in An Nasr (Rafah, Gaza Strip), injuring a Palestinian woman.", "fatalities": 0, "tags": null, "timestamp": 1753955132 }, "geometry": { "type": "Point", "coordinates": [ 34.3025, 31.2814 ] } },
{ "type": "Feature", "properties": { "event_id_cnty": "PSE51501", "event_date": "4/30/2024", "year": 2024, "time_precision": true, "disorder_type": "Political violence", "event_type": "Explosions/Remote violence", "sub_event_type": "Shelling/artillery/missile attack", "actor1": "Military Forces of Israel (2022-)", "assoc_actor_1": null, "inter1": 8, "actor2": "Civilians (Palestine)", "assoc_actor_2": null, "inter2": 7, "interaction": 78, "civilian_targeting": "Civilian targeting", "iso": 275, "region": "Middle East", "country": "Palestine", "admin1": "Gaza Strip", "admin2": "Gaza City", "admin3": null, "location": "Gaza - Shujaiyya", "latitude": 31.4988, "longitude": 34.4699, "geo_precision": 1, "source": "Arab 48; Ma'an News Agency; Quds News Network; Twitter", "source_scale": "New media-National", "notes": "On 30 April 2024, Israeli artillery shelled targets in Gaza - Shujaiyya (Gaza City, Gaza Strip), leaving 2 fatalities.", "fatalities": 2, "tags": null, "timestamp": 1759790002 }, "geometry": { "type": "Point", "coordinates": [ 34.4699, 31.4988 ] } },
{ "type": "Feature", "properties": { "event_id_cnty": "PSE51478", "event_date": "4/30/2024", "year": 2024, "time_precision": true, "disorder_type": "Political violence", "event_type": "Explosions/Remote violence", "sub_event_type": "Air/drone strike", "actor1": "Military Forces of Israel (2022-)", "assoc_actor_1": null, "inter1": 8, "actor2": "Civilians (Palestine)", "assoc_actor_2": "Refugees/IDPs (Palestine)", "inter2": 7, "interaction": 78, "civilian_targeting": "Civilian targeting", "iso": 275, "region": "Middle East", "country": "Palestine", "admin1": "Gaza Strip", "admin2": "Deir El Balah", "admin3": null, "location": "An Nusayrat", "latitude": 31.4486, "longitude": 34.3925, "geo_precision": 1, "source": "Arab 48; Ma'an News Agency; Palestine News and Information Agency; Quds News Network; Twitter", "source_scale": "New media-National", "notes": "On 30 April 2024, Israeli warplanes struck targets in the western and northern areas of An Nusayrat refugee camp (Deir El Balah, Gaza strip) leaving 4 fatalities and at around 15 injuries. Also, 3 Palestinians including a child were killed and several were injured in an another airstrike targeting a house in the camp. Meanwhile, Israeli artillery shelled targets in the same area. Casualties unknown. Total fatalities coded as 7.", "fatalities": 7, "tags": null, "timestamp": 1753955132 }, "geometry": { "type": "Point", "coordinates": [ 34.3925, 31.4486 ] } },
{ "type": "Feature", "properties": { "event_id_cnty": "PSE51495", "event_date": "4/30/2024", "year": 2024, "time_precision": true, "disorder_type": "Political violence", "event_type": "Explosions/Remote violence", "sub_event_type": "Air/drone strike", "actor1": "Military Forces of Israel (2022-)", "assoc_actor_1": null, "inter1": 8, "actor2": "Civilians (Palestine)", "assoc_actor_2": null, "inter2": 7, "interaction": 78, "civilian_targeting": "Civilian targeting", "iso": 275, "region": "Middle East", "country": "Palestine", "admin1": "Gaza Strip", "admin2": "Deir El Balah", "admin3": null, "location": "Deir al Balah", "latitude": 31.4178, "longitude": 34.3503, "geo_precision": 1, "source": "Arab 48; Newpress; Palestine News and Information Agency; Quds News Network; Twitter", "source_scale": "New media-National", "notes": "On 30 April 2024, Israeli warplanes struck 2 houses in Deir al Balah city (Deir El Balah, Gaza Strip), killing a woman.", "fatalities": 1, "tags": null, "timestamp": 1753955132 }, "geometry": { "type": "Point", "coordinates": [ 34.3503, 31.4178 ] } },
{ "type": "Feature", "properties": { "event_id_cnty": "PSE51486", "event_date": "4/30/2024", "year": 2024, "time_precision": true, "disorder_type": "Political violence", "event_type": "Explosions/Remote violence", "sub_event_type": "Air/drone strike", "actor1": "Military Forces of Israel (2022-)", "assoc_actor_1": null, "inter1": 8, "actor2": "Civilians (Palestine)", "assoc_actor_2": "Refugees/IDPs (Palestine)", "inter2": 7, "interaction": 78, "civilian_targeting": "Civilian targeting", "iso": 275, "region": "Middle East", "country": "Palestine", "admin1": "Gaza Strip", "admin2": "North Gaza", "admin3": null, "location": "Jabalya Camp", "latitude": 31.536, "longitude": 34.4907, "geo_precision": 1, "source": "Palestine News and Information Agency", "source_scale": "National", "notes": "On 30 April 2024, Israeli warplanes struck targets in Jabalya town and Mukhayyam Jabalya camp (North Gaza, Gaza Strip), leaving 7 injuries in Jabalya town and Mukhayyam Jabalya.", "fatalities": 0, "tags": null, "timestamp": 1753955132 }, "geometry": { "type": "Point", "coordinates": [ 34.4907, 31.536 ] } },
{ "type": "Feature", "properties": { "event_id_cnty": "PSE51479", "event_date": "4/30/2024", "year": 2024, "time_precision": true, "disorder_type": "Political violence", "event_type": "Explosions/Remote violence", "sub_event_type": "Shelling/artillery/missile attack", "actor1": "Military Forces of Israel (2022-)", "assoc_actor_1": null, "inter1": 8, "actor2": "Civilians (Palestine)", "assoc_actor_2": null, "inter2": 7, "interaction": 78, "civilian_targeting": "Civilian targeting", "iso": 275, "region": "Middle East", "country": "Palestine", "admin1": "Gaza Strip", "admin2": "Deir El Balah", "admin3": null, "location": "Al Burayj", "latitude": 31.4394, "longitude": 34.4031, "geo_precision": 1, "source": "Palestine News and Information Agency; Palestinian Ministry of Health", "source_scale": "Other-National", "notes": "On 30 April 2024, Israeli artillery shelled houses in Al Burayj refugee camp (Deir El Balah, Gaza Strip) leading to unspecified number of fatalities. [Palestinian Ministry of Health reported 34596 fatalities upto 30 April 2024. 15 fatalities not attributed to specific events split across 4 events on 30 April. 3 fatalities coded to this event.]", "fatalities": 3, "tags": null, "timestamp": 1753955132 }, "geometry": { "type": "Point", "coordinates": [ 34.4031, 31.4394 ] } },
{ "type": "Feature", "properties": { "event_id_cnty": "PSE51480", "event_date": "4/30/2024", "year": 2024, "time_precision": true, "disorder_type": "Political violence", "event_type": "Explosions/Remote violence", "sub_event_type": "Shelling/artillery/missile attack", "actor1": "Military Forces of Israel (2022-)", "assoc_actor_1": null, "inter1": 8, "actor2": "Civilians (Palestine)", "assoc_actor_2": null, "inter2": 7, "interaction": 78, "civilian_targeting": "Civilian targeting", "iso": 275, "region": "Middle East", "country": "Palestine", "admin1": "Gaza Strip", "admin2": "Deir El Balah", "admin3": null, "location": "Al Maghazi", "latitude": 31.4214, "longitude": 34.3865, "geo_precision": 1, "source": "Palestine News and Information Agency; Palestinian Ministry of Health", "source_scale": "Other-National", "notes": "On 30 April 2024, Israeli artillery shelled houses in Al Maghazi refugee camp (Deir El Balah, Gaza Strip) leading to unspecified number of fatalities. [Palestinian Ministry of Health reported 34596 fatalities upto 30 April 2024. 15 fatalities not attributed to specific events split across 4 events on 30 April. 4 fatalities coded to this event.]", "fatalities": 4, "tags": null, "timestamp": 1753955132 }, "geometry": { "type": "Point", "coordinates": [ 34.3865, 31.4214 ] } },
{ "type": "Feature", "properties": { "event_id_cnty": "PSE51509", "event_date": "4/30/2024", "year": 2024, "time_precision": true, "disorder_type": "Political violence", "event_type": "Explosions/Remote violence", "sub_event_type": "Air/drone strike", "actor1": "Military Forces of Israel (2022-)", "assoc_actor_1": null, "inter1": 8, "actor2": "Civilians (Palestine)", "assoc_actor_2": null, "inter2": 7, "interaction": 78, "civilian_targeting": "Civilian targeting", "iso": 275, "region": "Middle East", "country": "Palestine", "admin1": "Gaza Strip", "admin2": "Rafah", "admin3": null, "location": "Tal as Sultan", "latitude": 31.3098, "longitude": 34.2414, "geo_precision": 1, "source": "Palestinian Ministry of Health; Quds News Network; Twitter", "source_scale": "Other-New media", "notes": "On 30 April 2024, Israeli warplanes struck a house in Tal as Sultan (Rafah, Gaza Strip) leading to unspecified number of fatalities. [Palestinian Ministry of Health reported 34596 fatalities upto 30 April 2024. 15 fatalities not attributed to specific events split across 4 events on 30 April. 4 fatalities coded to this event.]", "fatalities": 4, "tags": null, "timestamp": 1762829569 }, "geometry": { "type": "Point", "coordinates": [ 34.2414, 31.3098 ] } },
{ "type": "Feature", "properties": { "event_id_cnty": "PSE51357", "event_date": "4/30/2024", "year": 2024, "time_precision": true, "disorder_type": "Political violence", "event_type": "Violence against civilians", "sub_event_type": "Attack", "actor1": "Military Forces of Israel (2022-)", "assoc_actor_1": null, "inter1": 8, "actor2": "Civilians (Palestine)", "assoc_actor_2": null, "inter2": 7, "interaction": 78, "civilian_targeting": "Civilian targeting", "iso": 275, "region": "Middle East", "country": "Palestine", "admin1": "Gaza Strip", "admin2": "Gaza City", "admin3": null, "location": "Gaza - Nezarim", "latitude": 31.484, "longitude": 34.4056, "geo_precision": 2, "source": "Quds News Network; Twitter", "source_scale": "New media-National", "notes": "On 30 April 2024, Israeli forces shot and injured two Palestinian young men, stripped them of their clothes, and tortured them as they attempted to flee from Gaza city to the south, likely in Gaza - Nezarim (Gaza City, Gaza Strip).", "fatalities": 0, "tags": null, "timestamp": 1753955132 }, "geometry": { "type": "Point", "coordinates": [ 34.4056, 31.484 ] } },
{ "type": "Feature", "properties": { "event_id_cnty": "PSE51503", "event_date": "4/30/2024", "year": 2024, "time_precision": true, "disorder_type": "Political violence", "event_type": "Explosions/Remote violence", "sub_event_type": "Air/drone strike", "actor1": "Military Forces of Israel (2022-)", "assoc_actor_1": null, "inter1": 8, "actor2": "Civilians (Palestine)", "assoc_actor_2": null, "inter2": 7, "interaction": 78, "civilian_targeting": "Civilian targeting", "iso": 275, "region": "Middle East", "country": "Palestine", "admin1": "Gaza Strip", "admin2": "Gaza City", "admin3": null, "location": "Al Zahra", "latitude": 31.4716, "longitude": 34.4013, "geo_precision": 1, "source": "Arab 48; Ma'an News Agency; Quds News Network; Twitter", "source_scale": "New media-National", "notes": "On 30 April 2024, Israeli warplanes struck targets in Al Zahra (Gaza City, Gaza Strip), leaving 3 fatalities and a number of injuries. Also, the artillery struck targets in the same area. Casualties unknown. Total Fatalities coded as 3.", "fatalities": 3, "tags": null, "timestamp": 1753955132 }, "geometry": { "type": "Point", "coordinates": [ 34.4013, 31.4716 ] } },
{ "type": "Feature", "properties": { "event_id_cnty": "PSE51507", "event_date": "4/30/2024", "year": 2024, "time_precision": true, "disorder_type": "Political violence", "event_type": "Explosions/Remote violence", "sub_event_type": "Air/drone strike", "actor1": "Military Forces of Israel (2022-)", "assoc_actor_1": null, "inter1": 8, "actor2": "Civilians (Palestine)", "assoc_actor_2": null, "inter2": 7, "interaction": 78, "civilian_targeting": "Civilian targeting", "iso": 275, "region": "Middle East", "country": "Palestine", "admin1": "Gaza Strip", "admin2": "Gaza City", "admin3": null, "location": "Al Mughraqa", "latitude": 31.4675, "longitude": 34.4097, "geo_precision": 1, "source": "Newpress; Palestinian Ministry of Health; Quds News Network; Twitter", "source_scale": "Other-New media", "notes": "On 30 April 2024, Israeli warplanes struck a house in Al Mughraqa (Gaza City, Gaza Strip) leading to unspecified number of fatalities. [Palestinian Ministry of Health reported 34596 fatalities upto 30 April 2024. 15 fatalities not attributed to specific events split across 4 events on 30 April. 4 fatalities coded to this event.]", "fatalities": 4, "tags": null, "timestamp": 1753955132 }, "geometry": { "type": "Point", "coordinates": [ 34.4097, 31.4675 ] } },
{ "type": "Feature", "properties": { "event_id_cnty": "PSE51481", "event_date": "4/30/2024", "year": 2024, "time_precision": true, "disorder_type": "Political violence", "event_type": "Explosions/Remote violence", "sub_event_type": "Air/drone strike", "actor1": "Military Forces of Israel (2022-)", "assoc_actor_1": null, "inter1": 8, "actor2": "Civilians (Palestine)", "assoc_actor_2": null, "inter2": 7, "interaction": 78, "civilian_targeting": "Civilian targeting", "iso": 275, "region": "Middle East", "country": "Palestine", "admin1": "Gaza Strip", "admin2": "Gaza City", "admin3": null, "location": "Gaza - Az Zaytun", "latitude": 31.4964, "longitude": 34.4522, "geo_precision": 1, "source": "Newpress; Palestine News and Information Agency; Quds News Network; Twitter", "source_scale": "New media-National", "notes": "On 30 April 2024, Israeli warplanes carried out airstrikes in Gaza - Az Zaytun (Gaza City, Gaza Strip), leaving 3 fatalities and 10 injuries. Also, the artillery shelled targets in the same area. Casualties unknown. Fatalities coded as 3.", "fatalities": 3, "tags": null, "timestamp": 1759790002 }, "geometry": { "type": "Point", "coordinates": [ 34.4522, 31.4964 ] } },
{ "type": "Feature", "properties": { "event_id_cnty": "PSE51485", "event_date": "4/30/2024", "year": 2024, "time_precision": true, "disorder_type": "Political violence", "event_type": "Explosions/Remote violence", "sub_event_type": "Air/drone strike", "actor1": "Military Forces of Israel (2022-)", "assoc_actor_1": null, "inter1": 8, "actor2": "Civilians (Palestine)", "assoc_actor_2": null, "inter2": 7, "interaction": 78, "civilian_targeting": "Civilian targeting", "iso": 275, "region": "Middle East", "country": "Palestine", "admin1": "Gaza Strip", "admin2": "North Gaza", "admin3": null, "location": "Jabalya", "latitude": 31.5272, "longitude": 34.4835, "geo_precision": 1, "source": "Palestine News and Information Agency", "source_scale": "National", "notes": "On 30 April 2024, Israeli warplanes struck targets in Jabalya town and Mukhayyam Jabalya camp (North Gaza, Gaza Strip), leaving 7 injuries in Jabalya town and Mukhayyam Jabalya.", "fatalities": 0, "tags": null, "timestamp": 1759790002 }, "geometry": { "type": "Point", "coordinates": [ 34.4835, 31.5272 ] } },
{ "type": "Feature", "properties": { "event_id_cnty": "PSE51489", "event_date": "4/30/2024", "year": 2024, "time_precision": true, "disorder_type": "Political violence", "event_type": "Explosions/Remote violence", "sub_event_type": "Air/drone strike", "actor1": "Military Forces of Israel (2022-)", "assoc_actor_1": null, "inter1": 8, "actor2": "Civilians (Palestine)", "assoc_actor_2": "Refugees/IDPs (Palestine)", "inter2": 7, "interaction": 78, "civilian_targeting": "Civilian targeting", "iso": 275, "region": "Middle East", "country": "Palestine", "admin1": "Gaza Strip", "admin2": "Rafah", "admin3": null, "location": "Rafah Camp", "latitude": 31.2847, "longitude": 34.2546, "geo_precision": 1, "source": "Arab 48; Ma'an News Agency; Newpress; Palestine News and Information Agency; Quds News Network; Twitter", "source_scale": "New media-National", "notes": "On 30 April 2024, Israeli warplanes struck a house in Al Shaboura refugee camp of Mukhayyam Rafah Camp (Rafah, Gaza Strip), killing 2 children and injuring several persons.", "fatalities": 2, "tags": null, "timestamp": 1753955132 }, "geometry": { "type": "Point", "coordinates": [ 34.2546, 31.2847 ] } }
]
}
