{
"type": "FeatureCollection",
"name": "dec2024",
"crs": { "type": "name", "properties": { "name": "urn:ogc:def:crs:OGC:1.3:CRS84" } },
"features": [
{ "type": "Feature", "properties": { "event_id_cnty": "PSE64617", "event_date": "12/1/2024", "year": 2024, "time_precision": true, "disorder_type": "Political violence", "event_type": "Explosions/Remote violence", "sub_event_type": "Air/drone strike", "actor1": "Military Forces of Israel (2022-)", "assoc_actor_1": null, "inter1": 8, "actor2": "Civilians (Palestine)", "assoc_actor_2": "Refugees/IDPs (Palestine)", "inter2": 7, "interaction": 78, "civilian_targeting": "Civilian targeting", "iso": 275, "region": "Middle East", "country": "Palestine", "admin1": "Gaza Strip", "admin2": "Khan Yunis", "admin3": null, "location": "Al Mawasi (Khan Yunis)", "latitude": 31.3482, "longitude": 34.2547, "geo_precision": 2, "source": "Palestine News and Information Agency; Quds News Network", "source_scale": "National", "notes": "On 1 December 2024, Israeli warplanes struck a tent belonging to displaced people near Bir 19 southwest of (Al Mawasi (Khan Yunis), Gaza Strip), killing 2 children and injuring others.", "fatalities": 2, "tags": null, "timestamp": 1762829569 }, "geometry": { "type": "Point", "coordinates": [ 34.2547, 31.3482 ] } },
{ "type": "Feature", "properties": { "event_id_cnty": "PSE64619", "event_date": "12/1/2024", "year": 2024, "time_precision": true, "disorder_type": "Political violence", "event_type": "Explosions/Remote violence", "sub_event_type": "Air/drone strike", "actor1": "Military Forces of Israel (2022-)", "assoc_actor_1": null, "inter1": 8, "actor2": "Civilians (Palestine)", "assoc_actor_2": null, "inter2": 7, "interaction": 78, "civilian_targeting": "Civilian targeting", "iso": 275, "region": "Middle East", "country": "Palestine", "admin1": "Gaza Strip", "admin2": "Deir El Balah", "admin3": null, "location": "An Nusayrat - North", "latitude": 31.4591, "longitude": 34.3923, "geo_precision": 1, "source": "Palestine News and Information Agency; Quds News Network", "source_scale": "National", "notes": "On 1 December 2024, Israeli warplanes struck a house in the Al Mufti area in An Nusayrat - North (Deir El Balah, Gaza Strip), killing one Palestinian.", "fatalities": 1, "tags": null, "timestamp": 1753956656 }, "geometry": { "type": "Point", "coordinates": [ 34.3923, 31.4591 ] } },
{ "type": "Feature", "properties": { "event_id_cnty": "PSE64621", "event_date": "12/1/2024", "year": 2024, "time_precision": true, "disorder_type": "Political violence", "event_type": "Explosions/Remote violence", "sub_event_type": "Air/drone strike", "actor1": "Military Forces of Israel (2022-)", "assoc_actor_1": null, "inter1": 8, "actor2": "Civilians (Palestine)", "assoc_actor_2": null, "inter2": 7, "interaction": 78, "civilian_targeting": "Civilian targeting", "iso": 275, "region": "Middle East", "country": "Palestine", "admin1": "Gaza Strip", "admin2": "Khan Yunis", "admin3": null, "location": "Khan Yunis - Ash Sheikh Naser", "latitude": 31.3398, "longitude": 34.3116, "geo_precision": 2, "source": "Palestine News and Information Agency; Quds News Network", "source_scale": "National", "notes": "On 1 December 2024, Israeli UAV struck a passing motorcycle at Salah al-Din street near Khan Yunis - Ash Sheikh Naser (Khan Yunis, Gaza Strip), killing 2 persons.", "fatalities": 2, "tags": null, "timestamp": 1753956656 }, "geometry": { "type": "Point", "coordinates": [ 34.3116, 31.3398 ] } },
{ "type": "Feature", "properties": { "event_id_cnty": "PSE64622", "event_date": "12/1/2024", "year": 2024, "time_precision": true, "disorder_type": "Political violence", "event_type": "Explosions/Remote violence", "sub_event_type": "Air/drone strike", "actor1": "Military Forces of Israel (2022-)", "assoc_actor_1": null, "inter1": 8, "actor2": "Civilians (Palestine)", "assoc_actor_2": null, "inter2": 7, "interaction": 78, "civilian_targeting": "Civilian targeting", "iso": 275, "region": "Middle East", "country": "Palestine", "admin1": "Gaza Strip", "admin2": "Gaza City", "admin3": null, "location": "Gaza - Nasr", "latitude": 31.534, "longitude": 34.4574, "geo_precision": 1, "source": "Palestine News and Information Agency", "source_scale": "National", "notes": "On 1 December 2024, Israeli warplanes struck a gathering near the Lababidi junction in Gaza - Nasr (Gaza City, Gaza Strip), causing injuries.", "fatalities": 0, "tags": null, "timestamp": 1753956656 }, "geometry": { "type": "Point", "coordinates": [ 34.4574, 31.534 ] } },
{ "type": "Feature", "properties": { "event_id_cnty": "PSE64623", "event_date": "12/1/2024", "year": 2024, "time_precision": true, "disorder_type": "Political violence", "event_type": "Explosions/Remote violence", "sub_event_type": "Air/drone strike", "actor1": "Military Forces of Israel (2022-)", "assoc_actor_1": null, "inter1": 8, "actor2": "Civilians (Palestine)", "assoc_actor_2": null, "inter2": 7, "interaction": 78, "civilian_targeting": "Civilian targeting", "iso": 275, "region": "Middle East", "country": "Palestine", "admin1": "Gaza Strip", "admin2": "Gaza City", "admin3": null, "location": "Gaza - Southern Remal", "latitude": 31.5168, "longitude": 34.4355, "geo_precision": 2, "source": "Palestine News and Information Agency", "source_scale": "National", "notes": "On 1 December 2024, an Israeli UAV hit Al-Wahda Street near the Thai Restaurant west of Gaza City, coded to Gaza - Southern Remal (Gaza City, Gaza Strip), killing 3 Palestinians. Also, 5 persons were killed in an airstrike that targeted the Al Thawra street west of Gaza City (coded to this location). Total fatalities were 8.", "fatalities": 8, "tags": null, "timestamp": 1759790002 }, "geometry": { "type": "Point", "coordinates": [ 34.4355, 31.5168 ] } },
{ "type": "Feature", "properties": { "event_id_cnty": "PSE64624", "event_date": "12/1/2024", "year": 2024, "time_precision": true, "disorder_type": "Political violence", "event_type": "Explosions/Remote violence", "sub_event_type": "Air/drone strike", "actor1": "Military Forces of Israel (2022-)", "assoc_actor_1": null, "inter1": 8, "actor2": "Civilians (Palestine)", "assoc_actor_2": "Refugees/IDPs (Palestine)", "inter2": 7, "interaction": 78, "civilian_targeting": "Civilian targeting", "iso": 275, "region": "Middle East", "country": "Palestine", "admin1": "Gaza Strip", "admin2": "Gaza City", "admin3": null, "location": "Gaza - Ash Shati' Camp", "latitude": 31.5349, "longitude": 34.4466, "geo_precision": 1, "source": "Palestine News and Information Agency", "source_scale": "National", "notes": "On 1 December 2024, an Israeli UAV struck near the Al Wehda street in Gaza - Ash Shati' Camp (Gaza City, Gaza Strip), killing a Palestinian.", "fatalities": 1, "tags": null, "timestamp": 1759790002 }, "geometry": { "type": "Point", "coordinates": [ 34.4466, 31.5349 ] } },
{ "type": "Feature", "properties": { "event_id_cnty": "PSE64626", "event_date": "12/1/2024", "year": 2024, "time_precision": true, "disorder_type": "Political violence", "event_type": "Explosions/Remote violence", "sub_event_type": "Air/drone strike", "actor1": "Military Forces of Israel (2022-)", "assoc_actor_1": null, "inter1": 8, "actor2": "Civilians (Palestine)", "assoc_actor_2": null, "inter2": 7, "interaction": 78, "civilian_targeting": "Civilian targeting", "iso": 275, "region": "Middle East", "country": "Palestine", "admin1": "Gaza Strip", "admin2": "North Gaza", "admin3": null, "location": "Beit Lahiya - Al Mashroo", "latitude": 31.5433, "longitude": 34.4998, "geo_precision": 1, "source": "Palestine News and Information Agency", "source_scale": "National", "notes": "On 1 December 2024, Israeli warplanes struck a house in Beit Lahiya - Al Mashroo (North Gaza, Gaza Strip), killing 10 Palestinians.", "fatalities": 10, "tags": null, "timestamp": 1753956656 }, "geometry": { "type": "Point", "coordinates": [ 34.4998, 31.5433 ] } },
{ "type": "Feature", "properties": { "event_id_cnty": "PSE64625", "event_date": "12/1/2024", "year": 2024, "time_precision": true, "disorder_type": "Political violence", "event_type": "Explosions/Remote violence", "sub_event_type": "Air/drone strike", "actor1": "Military Forces of Israel (2022-)", "assoc_actor_1": null, "inter1": 8, "actor2": "Civilians (Palestine)", "assoc_actor_2": null, "inter2": 7, "interaction": 78, "civilian_targeting": "Civilian targeting", "iso": 275, "region": "Middle East", "country": "Palestine", "admin1": "Gaza Strip", "admin2": "North Gaza", "admin3": null, "location": "Jabalya", "latitude": 31.5272, "longitude": 34.4835, "geo_precision": 1, "source": "Palestine News and Information Agency", "source_scale": "National", "notes": "On 1 December 2024, Israeli warplanes struck a house in Jabalya Nazalah in the town of Jabalya (North Gaza, Gaza Strip), causing a number of injuries.", "fatalities": 0, "tags": null, "timestamp": 1759790002 }, "geometry": { "type": "Point", "coordinates": [ 34.4835, 31.5272 ] } },
{ "type": "Feature", "properties": { "event_id_cnty": "PSE64636", "event_date": "12/1/2024", "year": 2024, "time_precision": true, "disorder_type": "Political violence", "event_type": "Explosions/Remote violence", "sub_event_type": "Air/drone strike", "actor1": "Military Forces of Israel (2022-)", "assoc_actor_1": null, "inter1": 8, "actor2": "Civilians (Palestine)", "assoc_actor_2": null, "inter2": 7, "interaction": 78, "civilian_targeting": "Civilian targeting", "iso": 275, "region": "Middle East", "country": "Palestine", "admin1": "Gaza Strip", "admin2": "Gaza City", "admin3": null, "location": "Gaza - Az Zaytun", "latitude": 31.4964, "longitude": 34.4522, "geo_precision": 1, "source": "Quds News Network", "source_scale": "National", "notes": "On 1 December 2024, Israeli warplanes struck in Gaza - Az Zaytun (Gaza City, Gaza Strip), killing 2 persons.", "fatalities": 2, "tags": null, "timestamp": 1759790002 }, "geometry": { "type": "Point", "coordinates": [ 34.4522, 31.4964 ] } },
{ "type": "Feature", "properties": { "event_id_cnty": "PSE64637", "event_date": "12/1/2024", "year": 2024, "time_precision": true, "disorder_type": "Political violence", "event_type": "Explosions/Remote violence", "sub_event_type": "Shelling/artillery/missile attack", "actor1": "Military Forces of Israel (2022-)", "assoc_actor_1": null, "inter1": 8, "actor2": "Civilians (Palestine)", "assoc_actor_2": null, "inter2": 7, "interaction": 78, "civilian_targeting": "Civilian targeting", "iso": 275, "region": "Middle East", "country": "Palestine", "admin1": "Gaza Strip", "admin2": "North Gaza", "admin3": null, "location": "Sheikh Zaid", "latitude": 31.5392, "longitude": 34.5117, "geo_precision": 1, "source": "Quds News Network", "source_scale": "National", "notes": "On 1 December 2024, Israeli tanks opened fire at houses in Sheikh Zaid (North Gaza, Gaza Strip). Casualties unknown.", "fatalities": 0, "tags": null, "timestamp": 1759790002 }, "geometry": { "type": "Point", "coordinates": [ 34.5117, 31.5392 ] } },
{ "type": "Feature", "properties": { "event_id_cnty": "PSE64618", "event_date": "12/1/2024", "year": 2024, "time_precision": true, "disorder_type": "Political violence", "event_type": "Explosions/Remote violence", "sub_event_type": "Shelling/artillery/missile attack", "actor1": "Military Forces of Israel (2022-)", "assoc_actor_1": null, "inter1": 8, "actor2": "Civilians (Palestine)", "assoc_actor_2": "Refugees/IDPs (Palestine)", "inter2": 7, "interaction": 78, "civilian_targeting": "Civilian targeting", "iso": 275, "region": "Middle East", "country": "Palestine", "admin1": "Gaza Strip", "admin2": "Rafah", "admin3": null, "location": "Rafah Camp", "latitude": 31.2847, "longitude": 34.2546, "geo_precision": 1, "source": "Palestine News and Information Agency; Quds News Network", "source_scale": "National", "notes": "On 1 December 2024, Israeli forces (likely tanks) opened fire and killed 4 Palestinians in Al Shabourah Camp in Rafah Camp (Rafah, Gaza Strip) as some displaced residents returned to search the ruins for essentials.", "fatalities": 4, "tags": null, "timestamp": 1753956656 }, "geometry": { "type": "Point", "coordinates": [ 34.2546, 31.2847 ] } },
{ "type": "Feature", "properties": { "event_id_cnty": "PSE64620", "event_date": "12/1/2024", "year": 2024, "time_precision": true, "disorder_type": "Political violence", "event_type": "Explosions/Remote violence", "sub_event_type": "Air/drone strike", "actor1": "Military Forces of Israel (2022-)", "assoc_actor_1": null, "inter1": 8, "actor2": "Civilians (Palestine)", "assoc_actor_2": null, "inter2": 7, "interaction": 78, "civilian_targeting": "Civilian targeting", "iso": 275, "region": "Middle East", "country": "Palestine", "admin1": "Gaza Strip", "admin2": "Khan Yunis", "admin3": null, "location": "Khan Yunis - Jourat Al-Loot", "latitude": 31.3314, "longitude": 34.3004, "geo_precision": 1, "source": "Palestine News and Information Agency", "source_scale": "National", "notes": "On 1 December 2024, Israeli warplanes struck a gathering in Khan Yunis - Jourat Al-Loot (Khan Yunis, Gaza Strip), killing 4 Palestinians.", "fatalities": 4, "tags": null, "timestamp": 1753956656 }, "geometry": { "type": "Point", "coordinates": [ 34.3004, 31.3314 ] } },
{ "type": "Feature", "properties": { "event_id_cnty": "PSE64401", "event_date": "12/2/2024", "year": 2024, "time_precision": true, "disorder_type": "Political violence", "event_type": "Explosions/Remote violence", "sub_event_type": "Shelling/artillery/missile attack", "actor1": "Military Forces of Israel (2022-)", "assoc_actor_1": null, "inter1": 8, "actor2": "Civilians (Palestine)", "assoc_actor_2": null, "inter2": 7, "interaction": 78, "civilian_targeting": "Civilian targeting", "iso": 275, "region": "Middle East", "country": "Palestine", "admin1": "Gaza Strip", "admin2": "Deir El Balah", "admin3": null, "location": "Al Musaddar", "latitude": 31.4105, "longitude": 34.378, "geo_precision": 2, "source": "Palestine News and Information Agency; Quds News Network", "source_scale": "National", "notes": "On 2 December 2024, Israeli artillery fired heavily on east of Al Musaddar (Deir El Balah, Gaza Strip) killing one man.", "fatalities": 1, "tags": null, "timestamp": 1765850627 }, "geometry": { "type": "Point", "coordinates": [ 34.378, 31.4105 ] } },
{ "type": "Feature", "properties": { "event_id_cnty": "PSE64403", "event_date": "12/2/2024", "year": 2024, "time_precision": true, "disorder_type": "Political violence", "event_type": "Explosions/Remote violence", "sub_event_type": "Air/drone strike", "actor1": "Military Forces of Israel (2022-)", "assoc_actor_1": null, "inter1": 8, "actor2": "Civilians (Palestine)", "assoc_actor_2": null, "inter2": 7, "interaction": 78, "civilian_targeting": "Civilian targeting", "iso": 275, "region": "Middle East", "country": "Palestine", "admin1": "Gaza Strip", "admin2": "Gaza City", "admin3": null, "location": "Gaza", "latitude": 31.5045, "longitude": 34.4743, "geo_precision": 1, "source": "Palestine News and Information Agency; Quds News Network", "source_scale": "National", "notes": "On 2 December 2024, an Israeli drone targeted al Jalaa Street in Gaza (Gaza City, Gaza Strip) killing 2 people and injuring others. On the same day, Israeli warplanes targeted a store in Omar al Mokhtar Street in Gaza, also killing 2 people and injuring others. Israeli warplanes launched another airstrike on the city during the day. Casualties unknown. Total confirmed fatalities is at least 4.", "fatalities": 4, "tags": null, "timestamp": 1759790002 }, "geometry": { "type": "Point", "coordinates": [ 34.4743, 31.5045 ] } },
{ "type": "Feature", "properties": { "event_id_cnty": "PSE64405", "event_date": "12/2/2024", "year": 2024, "time_precision": true, "disorder_type": "Political violence", "event_type": "Explosions/Remote violence", "sub_event_type": "Air/drone strike", "actor1": "Military Forces of Israel (2022-)", "assoc_actor_1": null, "inter1": 8, "actor2": "Civilians (Palestine)", "assoc_actor_2": null, "inter2": 7, "interaction": 78, "civilian_targeting": "Civilian targeting", "iso": 275, "region": "Middle East", "country": "Palestine", "admin1": "Gaza Strip", "admin2": "Gaza City", "admin3": null, "location": "Gaza - Sabra", "latitude": 31.5086, "longitude": 34.4493, "geo_precision": 1, "source": "Palestine News and Information Agency", "source_scale": "National", "notes": "On 2 December 2024, Israeli forces, likely warplanes, targeted a group of Palestinians in Gaza - Sabra (Gaza City, Gaza Strip) killing 2 and injuring others.", "fatalities": 2, "tags": null, "timestamp": 1759790002 }, "geometry": { "type": "Point", "coordinates": [ 34.4493, 31.5086 ] } },
{ "type": "Feature", "properties": { "event_id_cnty": "PSE64406", "event_date": "12/2/2024", "year": 2024, "time_precision": true, "disorder_type": "Political violence", "event_type": "Explosions/Remote violence", "sub_event_type": "Air/drone strike", "actor1": "Military Forces of Israel (2022-)", "assoc_actor_1": null, "inter1": 8, "actor2": "Civilians (Palestine)", "assoc_actor_2": null, "inter2": 7, "interaction": 78, "civilian_targeting": "Civilian targeting", "iso": 275, "region": "Middle East", "country": "Palestine", "admin1": "Gaza Strip", "admin2": "Gaza City", "admin3": null, "location": "Gaza - Southern Remal", "latitude": 31.5168, "longitude": 34.4355, "geo_precision": 2, "source": "Palestine News and Information Agency; Quds News Network", "source_scale": "National", "notes": "On 2 December 2024, Israeli artillery and warplanes targeted a house in Industrial junction, west of Gaza city, coded to Gaza - Southern Remal (Gaza City, Gaza Strip) injuring several people and causing a fire on a targeted house.", "fatalities": 0, "tags": null, "timestamp": 1759790002 }, "geometry": { "type": "Point", "coordinates": [ 34.4355, 31.5168 ] } },
{ "type": "Feature", "properties": { "event_id_cnty": "PSE64414", "event_date": "12/2/2024", "year": 2024, "time_precision": true, "disorder_type": "Political violence", "event_type": "Explosions/Remote violence", "sub_event_type": "Shelling/artillery/missile attack", "actor1": "Military Forces of Israel (2022-)", "assoc_actor_1": null, "inter1": 8, "actor2": "Civilians (Palestine)", "assoc_actor_2": null, "inter2": 7, "interaction": 78, "civilian_targeting": "Civilian targeting", "iso": 275, "region": "Middle East", "country": "Palestine", "admin1": "Gaza Strip", "admin2": "North Gaza", "admin3": null, "location": "Beit Lahiya - Al Mashroo", "latitude": 31.5433, "longitude": 34.4998, "geo_precision": 1, "source": "Quds News Network", "source_scale": "National", "notes": "On 2 December 2024, Israeli military, likely shelling, targeted a residential building in Beit Lahiya - Al Mashroo (North Gaza, Gaza Strip). Casualties unknown. On the same day, an Israeli sniper killed a man in the same location. Total confirmed fatalities is at least 1.", "fatalities": 1, "tags": null, "timestamp": 1753956656 }, "geometry": { "type": "Point", "coordinates": [ 34.4998, 31.5433 ] } },
{ "type": "Feature", "properties": { "event_id_cnty": "PSE64416", "event_date": "12/2/2024", "year": 2024, "time_precision": true, "disorder_type": "Political violence", "event_type": "Explosions/Remote violence", "sub_event_type": "Air/drone strike", "actor1": "Military Forces of Israel (2022-)", "assoc_actor_1": null, "inter1": 8, "actor2": "Civilians (Palestine)", "assoc_actor_2": "Refugees/IDPs (Palestine)", "inter2": 7, "interaction": 78, "civilian_targeting": "Civilian targeting", "iso": 275, "region": "Middle East", "country": "Palestine", "admin1": "Gaza Strip", "admin2": "Deir El Balah", "admin3": null, "location": "Al Burayj", "latitude": 31.4394, "longitude": 34.4031, "geo_precision": 1, "source": "Newpress; Quds News Network; Twitter", "source_scale": "New media-National", "notes": "On 2 December 2024, Israeli warplanes targeted a house in Block 9 of Al Burayj camp (Deir El Balah, Gaza Strip) injuring several people.", "fatalities": 0, "tags": null, "timestamp": 1753956656 }, "geometry": { "type": "Point", "coordinates": [ 34.4031, 31.4394 ] } },
{ "type": "Feature", "properties": { "event_id_cnty": "PSE64419", "event_date": "12/2/2024", "year": 2024, "time_precision": true, "disorder_type": "Political violence", "event_type": "Explosions/Remote violence", "sub_event_type": "Shelling/artillery/missile attack", "actor1": "Military Forces of Israel (2022-)", "assoc_actor_1": null, "inter1": 8, "actor2": "Civilians (Palestine)", "assoc_actor_2": null, "inter2": 7, "interaction": 78, "civilian_targeting": "Civilian targeting", "iso": 275, "region": "Middle East", "country": "Palestine", "admin1": "Gaza Strip", "admin2": "Deir El Balah", "admin3": null, "location": "Al Maghazi", "latitude": 31.4214, "longitude": 34.3865, "geo_precision": 2, "source": "Quds News Network", "source_scale": "National", "notes": "On 2 December 2024, Israeli artillery targeted a house in south of Al Maghazi camp (Deir El Balah, Gaza Strip) injuring several people.", "fatalities": 0, "tags": null, "timestamp": 1753956656 }, "geometry": { "type": "Point", "coordinates": [ 34.3865, 31.4214 ] } },
{ "type": "Feature", "properties": { "event_id_cnty": "PSE64420", "event_date": "12/2/2024", "year": 2024, "time_precision": true, "disorder_type": "Political violence", "event_type": "Explosions/Remote violence", "sub_event_type": "Air/drone strike", "actor1": "Military Forces of Israel (2022-)", "assoc_actor_1": null, "inter1": 8, "actor2": "Civilians (Palestine)", "assoc_actor_2": "Refugees/IDPs (Palestine)", "inter2": 7, "interaction": 78, "civilian_targeting": "Civilian targeting", "iso": 275, "region": "Middle East", "country": "Palestine", "admin1": "Gaza Strip", "admin2": "Deir El Balah", "admin3": null, "location": "An Nusayrat", "latitude": 31.4486, "longitude": 34.3925, "geo_precision": 1, "source": "Quds News Network", "source_scale": "National", "notes": "On 2 December 2024, an Israeli drone targeted a house in the southern part of An Nusayrat camp (Deir El Balah, Gaza Strip) killing 1 woman and injuring others.", "fatalities": 1, "tags": null, "timestamp": 1753956656 }, "geometry": { "type": "Point", "coordinates": [ 34.3925, 31.4486 ] } },
{ "type": "Feature", "properties": { "event_id_cnty": "PSE64423", "event_date": "12/2/2024", "year": 2024, "time_precision": true, "disorder_type": "Political violence", "event_type": "Explosions/Remote violence", "sub_event_type": "Air/drone strike", "actor1": "Military Forces of Israel (2022-)", "assoc_actor_1": null, "inter1": 8, "actor2": "Civilians (Palestine)", "assoc_actor_2": null, "inter2": 7, "interaction": 78, "civilian_targeting": "Civilian targeting", "iso": 275, "region": "Middle East", "country": "Palestine", "admin1": "Gaza Strip", "admin2": "Gaza City", "admin3": null, "location": "Gaza - Sheikh Radwan", "latitude": 31.5349, "longitude": 34.4667, "geo_precision": 1, "source": "Liveuamap", "source_scale": "Local partner-New media", "notes": "On 2 December 2024, an Israeli drone targeted Abu Iskandar area in Gaza - Sheikh Radwan (Gaza City, Gaza Strip) injuring people. shortly after, Israeli forces, likely warplanes, also targeted Sheikh Radwan clinic in the same location killing 1 and injuring several people.", "fatalities": 1, "tags": null, "timestamp": 1759790002 }, "geometry": { "type": "Point", "coordinates": [ 34.4667, 31.5349 ] } },
{ "type": "Feature", "properties": { "event_id_cnty": "PSE64426", "event_date": "12/2/2024", "year": 2024, "time_precision": true, "disorder_type": "Political violence", "event_type": "Explosions/Remote violence", "sub_event_type": "Air/drone strike", "actor1": "Military Forces of Israel (2022-)", "assoc_actor_1": null, "inter1": 8, "actor2": "Civilians (Palestine)", "assoc_actor_2": null, "inter2": 7, "interaction": 78, "civilian_targeting": "Civilian targeting", "iso": 275, "region": "Middle East", "country": "Palestine", "admin1": "Gaza Strip", "admin2": "Gaza City", "admin3": null, "location": "Gaza - Ash Shati' Camp", "latitude": 31.5349, "longitude": 34.4466, "geo_precision": 2, "source": "Palestine News and Information Agency; Quds News Network", "source_scale": "National", "notes": "On 2 December 2024, Israeli warplanes targeted al Karamah neighborhood northwest of Gaza city, coded to Gaza - Ash Shati' Camp (Gaza City, Gaza Strip) and targeted a group of people in the vicinity of Khalidi mosque, killing 2 and injuring others.", "fatalities": 2, "tags": null, "timestamp": 1759790002 }, "geometry": { "type": "Point", "coordinates": [ 34.4466, 31.5349 ] } },
{ "type": "Feature", "properties": { "event_id_cnty": "PSE64402", "event_date": "12/2/2024", "year": 2024, "time_precision": true, "disorder_type": "Political violence", "event_type": "Explosions/Remote violence", "sub_event_type": "Air/drone strike", "actor1": "Military Forces of Israel (2022-)", "assoc_actor_1": null, "inter1": 8, "actor2": "Civilians (Palestine)", "assoc_actor_2": "Refugees/IDPs (Palestine)", "inter2": 7, "interaction": 78, "civilian_targeting": "Civilian targeting", "iso": 275, "region": "Middle East", "country": "Palestine", "admin1": "Gaza Strip", "admin2": "North Gaza", "admin3": null, "location": "Jabalya", "latitude": 31.5272, "longitude": 34.4835, "geo_precision": 1, "source": "Newpress; Palestine News and Information Agency; Quds News Network; Twitter", "source_scale": "New media-National", "notes": "On 2 December 2024, Israeli warplanes targeted a house near Amri mosque in Jabalya town (North Gaza, Gaza Strip) killing 2 people and injuring others. On the same day, an Israeli drone also targeted Halima Saadiyah school sheltering IDPs in the same location injuring 8 people. Israeli artillery also shelled the school, killing 1 woman with tank fire. Additionally, Israeli artillery fired at Halabi intersection in Jabalya town. Casualties unknown. Total confirmed fatalities coded at least 3.", "fatalities": 3, "tags": null, "timestamp": 1759790002 }, "geometry": { "type": "Point", "coordinates": [ 34.4835, 31.5272 ] } },
{ "type": "Feature", "properties": { "event_id_cnty": "PSE64418", "event_date": "12/2/2024", "year": 2024, "time_precision": true, "disorder_type": "Political violence", "event_type": "Explosions/Remote violence", "sub_event_type": "Shelling/artillery/missile attack", "actor1": "Military Forces of Israel (2022-)", "assoc_actor_1": null, "inter1": 8, "actor2": "Civilians (Palestine)", "assoc_actor_2": "Refugees/IDPs (Palestine)", "inter2": 7, "interaction": 78, "civilian_targeting": "Civilian targeting", "iso": 275, "region": "Middle East", "country": "Palestine", "admin1": "Gaza Strip", "admin2": "Rafah", "admin3": null, "location": "Al Junainah", "latitude": 31.2642, "longitude": 34.2636, "geo_precision": 1, "source": "Liveuamap; Palestine News and Information Agency; Quds News Network", "source_scale": "Local partner-New media", "notes": "On 2 December 2024, Israeli forces, likely artillery, fired at a group of IDPs in Al Junainah (Rafah, Gaza Strip) killing 2 people and injuring others.", "fatalities": 2, "tags": null, "timestamp": 1753956656 }, "geometry": { "type": "Point", "coordinates": [ 34.2636, 31.2642 ] } },
{ "type": "Feature", "properties": { "event_id_cnty": "PSE64280", "event_date": "12/3/2024", "year": 2024, "time_precision": true, "disorder_type": "Political violence", "event_type": "Explosions/Remote violence", "sub_event_type": "Air/drone strike", "actor1": "Military Forces of Israel (2022-)", "assoc_actor_1": null, "inter1": 8, "actor2": "Civilians (Palestine)", "assoc_actor_2": "Refugees/IDPs (Palestine)", "inter2": 7, "interaction": 78, "civilian_targeting": "Civilian targeting", "iso": 275, "region": "Middle East", "country": "Palestine", "admin1": "Gaza Strip", "admin2": "North Gaza", "admin3": null, "location": "Beit Lahiya", "latitude": 31.5541, "longitude": 34.5016, "geo_precision": 1, "source": "Quds News Network", "source_scale": "National", "notes": "On 3 December 2024, Israeli warplanes and artillery targeted Beit Lahiya (North Gaza, Gaza Strip) throughout the day, including IDP shelters, and killing 8 people and injuring others. Israeli forces also used explosive IED devices in the same location.", "fatalities": 8, "tags": null, "timestamp": 1753956656 }, "geometry": { "type": "Point", "coordinates": [ 34.5016, 31.5541 ] } },
{ "type": "Feature", "properties": { "event_id_cnty": "PSE64281", "event_date": "12/3/2024", "year": 2024, "time_precision": true, "disorder_type": "Political violence", "event_type": "Explosions/Remote violence", "sub_event_type": "Air/drone strike", "actor1": "Military Forces of Israel (2022-)", "assoc_actor_1": null, "inter1": 8, "actor2": "Civilians (Palestine)", "assoc_actor_2": null, "inter2": 7, "interaction": 78, "civilian_targeting": "Civilian targeting", "iso": 275, "region": "Middle East", "country": "Palestine", "admin1": "Gaza Strip", "admin2": "Gaza City", "admin3": null, "location": "Gaza - Southern Remal", "latitude": 31.5168, "longitude": 34.4355, "geo_precision": 2, "source": "Palestine News and Information Agency; Quds News Network", "source_scale": "National", "notes": "On 3 December 2024, an Israeli drone strike west of Gaza city in the Jawazat area (coded to Gaza - Southern Remal) left civilians injured.", "fatalities": 0, "tags": null, "timestamp": 1759790002 }, "geometry": { "type": "Point", "coordinates": [ 34.4355, 31.5168 ] } },
{ "type": "Feature", "properties": { "event_id_cnty": "PSE64282", "event_date": "12/3/2024", "year": 2024, "time_precision": true, "disorder_type": "Political violence", "event_type": "Explosions/Remote violence", "sub_event_type": "Air/drone strike", "actor1": "Military Forces of Israel (2022-)", "assoc_actor_1": null, "inter1": 8, "actor2": "Civilians (Palestine)", "assoc_actor_2": null, "inter2": 7, "interaction": 78, "civilian_targeting": "Civilian targeting", "iso": 275, "region": "Middle East", "country": "Palestine", "admin1": "Gaza Strip", "admin2": "Rafah", "admin3": null, "location": "An Nasr", "latitude": 31.2814, "longitude": 34.3025, "geo_precision": 1, "source": "Palestine News and Information Agency; Quds News Network", "source_scale": "National", "notes": "On 3 December 2024, Israeli airstrikes targeted An Nasr (Rafah, Gaza Strip) killing 1 person and injuring others.", "fatalities": 1, "tags": null, "timestamp": 1753956656 }, "geometry": { "type": "Point", "coordinates": [ 34.3025, 31.2814 ] } },
{ "type": "Feature", "properties": { "event_id_cnty": "PSE64283", "event_date": "12/3/2024", "year": 2024, "time_precision": true, "disorder_type": "Political violence", "event_type": "Explosions/Remote violence", "sub_event_type": "Air/drone strike", "actor1": "Military Forces of Israel (2022-)", "assoc_actor_1": null, "inter1": 8, "actor2": "Civilians (Palestine)", "assoc_actor_2": null, "inter2": 7, "interaction": 78, "civilian_targeting": "Civilian targeting", "iso": 275, "region": "Middle East", "country": "Palestine", "admin1": "Gaza Strip", "admin2": "Gaza City", "admin3": null, "location": "Gaza", "latitude": 31.5045, "longitude": 34.4743, "geo_precision": 1, "source": "Palestine News and Information Agency; Quds News Network", "source_scale": "National", "notes": "On 3 December 2024, Israeli warplanes launched a series of airstrikes on Gaza city (Gaza City, Gaza Strip) killing and injuring several people. Israeli airstrikes killed 2 people in Jalaa Street, 1 person in the vicinity of Majida School, and a child was killed in an airstrike on a house. Total confirmed fatalities is 4.", "fatalities": 4, "tags": null, "timestamp": 1759790002 }, "geometry": { "type": "Point", "coordinates": [ 34.4743, 31.5045 ] } },
{ "type": "Feature", "properties": { "event_id_cnty": "PSE64287", "event_date": "12/3/2024", "year": 2024, "time_precision": true, "disorder_type": "Political violence", "event_type": "Explosions/Remote violence", "sub_event_type": "Air/drone strike", "actor1": "Military Forces of Israel (2022-)", "assoc_actor_1": null, "inter1": 8, "actor2": "Civilians (Palestine)", "assoc_actor_2": null, "inter2": 7, "interaction": 78, "civilian_targeting": "Civilian targeting", "iso": 275, "region": "Middle East", "country": "Palestine", "admin1": "Gaza Strip", "admin2": "Gaza City", "admin3": null, "location": "Gaza - Sabra", "latitude": 31.5086, "longitude": 34.4493, "geo_precision": 1, "source": "Palestine News and Information Agency", "source_scale": "National", "notes": "On 3 December 2024, Israeli warplanes targeted a house in Gaza - Sabra (Gaza City, Gaza Strip) killing 5 Palestinians and injuring others.", "fatalities": 5, "tags": null, "timestamp": 1759790002 }, "geometry": { "type": "Point", "coordinates": [ 34.4493, 31.5086 ] } },
{ "type": "Feature", "properties": { "event_id_cnty": "PSE64288", "event_date": "12/3/2024", "year": 2024, "time_precision": true, "disorder_type": "Political violence", "event_type": "Explosions/Remote violence", "sub_event_type": "Air/drone strike", "actor1": "Military Forces of Israel (2022-)", "assoc_actor_1": null, "inter1": 8, "actor2": "Civilians (Palestine)", "assoc_actor_2": "Refugees/IDPs (Palestine)", "inter2": 7, "interaction": 78, "civilian_targeting": "Civilian targeting", "iso": 275, "region": "Middle East", "country": "Palestine", "admin1": "Gaza Strip", "admin2": "Gaza City", "admin3": null, "location": "Gaza - Ash Shati' Camp", "latitude": 31.5349, "longitude": 34.4466, "geo_precision": 1, "source": "Palestine News and Information Agency; Quds News Network", "source_scale": "National", "notes": "On 3 December 2024, Israeli warplanes targeted a house in Gaza - Ash Shati' Camp (Gaza City, Gaza Strip) killing and injuring people. Unspecified number of fatalities coded to 3. Israeli forces, likely warplanes, also targeted a house near Burj al Sousi in the same location, killing 2 and injuring others. Total fatalities coded to 5.", "fatalities": 5, "tags": null, "timestamp": 1759790002 }, "geometry": { "type": "Point", "coordinates": [ 34.4466, 31.5349 ] } },
{ "type": "Feature", "properties": { "event_id_cnty": "PSE64290", "event_date": "12/3/2024", "year": 2024, "time_precision": true, "disorder_type": "Political violence", "event_type": "Explosions/Remote violence", "sub_event_type": "Air/drone strike", "actor1": "Military Forces of Israel (2022-)", "assoc_actor_1": null, "inter1": 8, "actor2": "Civilians (Palestine)", "assoc_actor_2": "Health Workers (Palestine)", "inter2": 7, "interaction": 78, "civilian_targeting": "Civilian targeting", "iso": 275, "region": "Middle East", "country": "Palestine", "admin1": "Gaza Strip", "admin2": "North Gaza", "admin3": null, "location": "Beit Lahiya - Al Mashroo", "latitude": 31.5433, "longitude": 34.4998, "geo_precision": 1, "source": "Arab 48; Quds News Network", "source_scale": "National", "notes": "On 3 December 2024, Israeli quadcopter warplanes and drones targeted Kamal Adwan Hospital in Beit Lahiya - Al Mashroo (North Gaza, Gaza Strip) several times, injuring 3 health workers. On the same day, Israeli drones and helicopters targeted houses in the same location. Casualties unknown.", "fatalities": 0, "tags": null, "timestamp": 1753956656 }, "geometry": { "type": "Point", "coordinates": [ 34.4998, 31.5433 ] } },
{ "type": "Feature", "properties": { "event_id_cnty": "PSE64295", "event_date": "12/3/2024", "year": 2024, "time_precision": true, "disorder_type": "Political violence", "event_type": "Explosions/Remote violence", "sub_event_type": "Air/drone strike", "actor1": "Military Forces of Israel (2022-)", "assoc_actor_1": null, "inter1": 8, "actor2": "Civilians (Palestine)", "assoc_actor_2": null, "inter2": 7, "interaction": 78, "civilian_targeting": "Civilian targeting", "iso": 275, "region": "Middle East", "country": "Palestine", "admin1": "Gaza Strip", "admin2": "Deir El Balah", "admin3": null, "location": "Deir al Balah", "latitude": 31.4178, "longitude": 34.3503, "geo_precision": 1, "source": "Quds News Network", "source_scale": "National", "notes": "On 3 December 2024, Israeli helicopters targeted a house in Deir al Balah (Deir El Balah, Gaza Strip) injuring several people.", "fatalities": 0, "tags": null, "timestamp": 1753956656 }, "geometry": { "type": "Point", "coordinates": [ 34.3503, 31.4178 ] } },
{ "type": "Feature", "properties": { "event_id_cnty": "PSE64302", "event_date": "12/3/2024", "year": 2024, "time_precision": true, "disorder_type": "Political violence", "event_type": "Explosions/Remote violence", "sub_event_type": "Air/drone strike", "actor1": "Military Forces of Israel (2022-)", "assoc_actor_1": null, "inter1": 8, "actor2": "Civilians (Palestine)", "assoc_actor_2": "Health Workers (Palestine); Refugees/IDPs (Palestine)", "inter2": 7, "interaction": 78, "civilian_targeting": "Civilian targeting", "iso": 275, "region": "Middle East", "country": "Palestine", "admin1": "Gaza Strip", "admin2": "North Gaza", "admin3": null, "location": "Jabalya Camp", "latitude": 31.536, "longitude": 34.4907, "geo_precision": 1, "source": "Quds News Network", "source_scale": "National", "notes": "On 3 December 2024, Israeli artillery targeted the 5th floor of Al Awda Hospital in Jabalya Camp (North Gaza, Gaza Strip) and Israeli drones also targeted the vicinity of the hospital. Casualties unknown.", "fatalities": 0, "tags": null, "timestamp": 1753956656 }, "geometry": { "type": "Point", "coordinates": [ 34.4907, 31.536 ] } },
{ "type": "Feature", "properties": { "event_id_cnty": "PSE64303", "event_date": "12/3/2024", "year": 2024, "time_precision": true, "disorder_type": "Political violence", "event_type": "Explosions/Remote violence", "sub_event_type": "Shelling/artillery/missile attack", "actor1": "Military Forces of Israel (2022-)", "assoc_actor_1": null, "inter1": 8, "actor2": "Civilians (Palestine)", "assoc_actor_2": null, "inter2": 7, "interaction": 78, "civilian_targeting": "Civilian targeting", "iso": 275, "region": "Middle East", "country": "Palestine", "admin1": "Gaza Strip", "admin2": "Gaza City", "admin3": null, "location": "Gaza - At Tuffah", "latitude": 31.5134, "longitude": 34.4751, "geo_precision": 1, "source": "Quds News Network", "source_scale": "National", "notes": "On 3 December 2024, Israeli artillery targeted Gaza - At Tuffah (Gaza City, Gaza Strip) injuring several people.", "fatalities": 0, "tags": null, "timestamp": 1759790002 }, "geometry": { "type": "Point", "coordinates": [ 34.4751, 31.5134 ] } },
{ "type": "Feature", "properties": { "event_id_cnty": "PSE64304", "event_date": "12/3/2024", "year": 2024, "time_precision": true, "disorder_type": "Political violence", "event_type": "Explosions/Remote violence", "sub_event_type": "Air/drone strike", "actor1": "Military Forces of Israel (2022-)", "assoc_actor_1": null, "inter1": 8, "actor2": "Civilians (Palestine)", "assoc_actor_2": null, "inter2": 7, "interaction": 78, "civilian_targeting": "Civilian targeting", "iso": 275, "region": "Middle East", "country": "Palestine", "admin1": "Gaza Strip", "admin2": "Gaza City", "admin3": null, "location": "Gaza - At Tuffah", "latitude": 31.5134, "longitude": 34.4751, "geo_precision": 2, "source": "Quds News Network", "source_scale": "National", "notes": "On 3 December 2024, an Israeli drone targeted east of Gaza - At Tuffah (Gaza City, Gaza Strip) injuring 1 person.", "fatalities": 0, "tags": null, "timestamp": 1759790002 }, "geometry": { "type": "Point", "coordinates": [ 34.4751, 31.5134 ] } },
{ "type": "Feature", "properties": { "event_id_cnty": "PSE64339", "event_date": "12/3/2024", "year": 2024, "time_precision": true, "disorder_type": "Political violence", "event_type": "Explosions/Remote violence", "sub_event_type": "Air/drone strike", "actor1": "Military Forces of Israel (2022-)", "assoc_actor_1": null, "inter1": 8, "actor2": "Civilians (Palestine)", "assoc_actor_2": null, "inter2": 7, "interaction": 78, "civilian_targeting": "Civilian targeting", "iso": 275, "region": "Middle East", "country": "Palestine", "admin1": "Gaza Strip", "admin2": "Gaza City", "admin3": null, "location": "Gaza - Southern Remal", "latitude": 31.5168, "longitude": 34.4355, "geo_precision": 1, "source": "Palestine News and Information Agency; Quds News Network", "source_scale": "National", "notes": "On 3 December 2024, Israeli warplanes targeted the Al Jazeera sporting club which is hosting displaced people in Remal area in Gaza (coded to Gaza - Southern Remal) killing 2 Palestinians and leaving injuries.", "fatalities": 2, "tags": null, "timestamp": 1759790002 }, "geometry": { "type": "Point", "coordinates": [ 34.4355, 31.5168 ] } },
{ "type": "Feature", "properties": { "event_id_cnty": "PSE64289", "event_date": "12/3/2024", "year": 2024, "time_precision": true, "disorder_type": "Political violence", "event_type": "Explosions/Remote violence", "sub_event_type": "Air/drone strike", "actor1": "Military Forces of Israel (2022-)", "assoc_actor_1": null, "inter1": 8, "actor2": "Civilians (Palestine)", "assoc_actor_2": null, "inter2": 7, "interaction": 78, "civilian_targeting": "Civilian targeting", "iso": 275, "region": "Middle East", "country": "Palestine", "admin1": "Gaza Strip", "admin2": "Rafah", "admin3": null, "location": "Yibna", "latitude": 31.2842, "longitude": 34.2482, "geo_precision": 2, "source": "Ma'an News Agency; Palestine News and Information Agency", "source_scale": "National", "notes": "On 3 December 2024, Israeli airstrikes targeted east of Rafah, coded to Yibna (Rafah, Gaza Strip) killing 11 people and injuring others.", "fatalities": 11, "tags": null, "timestamp": 1753956656 }, "geometry": { "type": "Point", "coordinates": [ 34.2482, 31.2842 ] } },
{ "type": "Feature", "properties": { "event_id_cnty": "PSE64285", "event_date": "12/3/2024", "year": 2024, "time_precision": true, "disorder_type": "Political violence", "event_type": "Explosions/Remote violence", "sub_event_type": "Air/drone strike", "actor1": "Military Forces of Israel (2022-)", "assoc_actor_1": null, "inter1": 8, "actor2": "Civilians (Palestine)", "assoc_actor_2": null, "inter2": 7, "interaction": 78, "civilian_targeting": "Civilian targeting", "iso": 275, "region": "Middle East", "country": "Palestine", "admin1": "Gaza Strip", "admin2": "North Gaza", "admin3": null, "location": "Jabalya", "latitude": 31.5272, "longitude": 34.4835, "geo_precision": 1, "source": "Palestine News and Information Agency", "source_scale": "National", "notes": "On 3 December 2024, an Israeli drone targeted a group of people in Jabalya town (North Gaza, Gaza Strip) killing 2 people and injuring others.", "fatalities": 2, "tags": null, "timestamp": 1759790002 }, "geometry": { "type": "Point", "coordinates": [ 34.4835, 31.5272 ] } },
{ "type": "Feature", "properties": { "event_id_cnty": "PSE64286", "event_date": "12/3/2024", "year": 2024, "time_precision": true, "disorder_type": "Political violence", "event_type": "Explosions/Remote violence", "sub_event_type": "Air/drone strike", "actor1": "Military Forces of Israel (2022-)", "assoc_actor_1": null, "inter1": 8, "actor2": "Civilians (Palestine)", "assoc_actor_2": "Refugees/IDPs (Palestine)", "inter2": 7, "interaction": 78, "civilian_targeting": "Civilian targeting", "iso": 275, "region": "Middle East", "country": "Palestine", "admin1": "Gaza Strip", "admin2": "Gaza City", "admin3": null, "location": "Gaza - Az Zaytun", "latitude": 31.4964, "longitude": 34.4522, "geo_precision": 1, "source": "Palestine News and Information Agency; Quds News Network", "source_scale": "National", "notes": "On 3 December 2024, Israeli warplanes targeted al Falah school sheltering IDPs in Gaza - Az Zaytun (Gaza City, Gaza Strip) killing 6 people and injuring others. Another Israeli airstrike on a group of people in the same location killed 2 people and injured many. Israeli artillery also shelled houses in the same location [casualties unknown]. Total confirmed fatalities is 8.", "fatalities": 8, "tags": null, "timestamp": 1759790002 }, "geometry": { "type": "Point", "coordinates": [ 34.4522, 31.4964 ] } },
{ "type": "Feature", "properties": { "event_id_cnty": "PSE64299", "event_date": "12/3/2024", "year": 2024, "time_precision": true, "disorder_type": "Political violence", "event_type": "Explosions/Remote violence", "sub_event_type": "Air/drone strike", "actor1": "Military Forces of Israel (2022-)", "assoc_actor_1": null, "inter1": 8, "actor2": "Civilians (Palestine)", "assoc_actor_2": null, "inter2": 7, "interaction": 78, "civilian_targeting": "Civilian targeting", "iso": 275, "region": "Middle East", "country": "Palestine", "admin1": "Gaza Strip", "admin2": "Gaza City", "admin3": null, "location": "Gaza - Tal el Hawa", "latitude": 31.5041, "longitude": 34.435, "geo_precision": 1, "source": "Quds News Network", "source_scale": "National", "notes": "On 3 December 2024, Israeli warplanes targeted a house in Gaza - Tal el Hawa (Gaza City, Gaza Strip) killing and injuring people. Unspecified number of fatalities coded to 3.", "fatalities": 3, "tags": null, "timestamp": 1759790002 }, "geometry": { "type": "Point", "coordinates": [ 34.435, 31.5041 ] } },
{ "type": "Feature", "properties": { "event_id_cnty": "PSE64284", "event_date": "12/3/2024", "year": 2024, "time_precision": true, "disorder_type": "Political violence", "event_type": "Explosions/Remote violence", "sub_event_type": "Air/drone strike", "actor1": "Military Forces of Israel (2022-)", "assoc_actor_1": null, "inter1": 8, "actor2": "Civilians (Palestine)", "assoc_actor_2": null, "inter2": 7, "interaction": 78, "civilian_targeting": "Civilian targeting", "iso": 275, "region": "Middle East", "country": "Palestine", "admin1": "Gaza Strip", "admin2": "Rafah", "admin3": null, "location": "Khirbet al Adas", "latitude": 31.2855, "longitude": 34.2714, "geo_precision": 2, "source": "Palestine News and Information Agency", "source_scale": "National", "notes": "On 3 December 2024, Israeli warplanes targeted north of Rafah, coded to Khirbet al Adas (Rafah, Gaza Strip) killing 3 people and injuring others.", "fatalities": 3, "tags": null, "timestamp": 1753956656 }, "geometry": { "type": "Point", "coordinates": [ 34.2714, 31.2855 ] } },
{ "type": "Feature", "properties": { "event_id_cnty": "PSE64297", "event_date": "12/3/2024", "year": 2024, "time_precision": true, "disorder_type": "Political violence", "event_type": "Explosions/Remote violence", "sub_event_type": "Air/drone strike", "actor1": "Military Forces of Israel (2022-)", "assoc_actor_1": null, "inter1": 8, "actor2": "Civilians (Palestine)", "assoc_actor_2": null, "inter2": 7, "interaction": 78, "civilian_targeting": "Civilian targeting", "iso": 275, "region": "Middle East", "country": "Palestine", "admin1": "Gaza Strip", "admin2": "Rafah", "admin3": null, "location": "Khirbet al Adas", "latitude": 31.2855, "longitude": 34.2714, "geo_precision": 1, "source": "Quds News Network", "source_scale": "National", "notes": "On 3 December 2024, Israeli military, likely warplanes, targeted a group of people in Khirbet al Adas (Rafah, Gaza Strip) injuring 4 people.", "fatalities": 0, "tags": null, "timestamp": 1753956656 }, "geometry": { "type": "Point", "coordinates": [ 34.2714, 31.2855 ] } },
{ "type": "Feature", "properties": { "event_id_cnty": "PSE64301", "event_date": "12/3/2024", "year": 2024, "time_precision": true, "disorder_type": "Political violence", "event_type": "Explosions/Remote violence", "sub_event_type": "Air/drone strike", "actor1": "Military Forces of Israel (2022-)", "assoc_actor_1": null, "inter1": 8, "actor2": "Civilians (Palestine)", "assoc_actor_2": null, "inter2": 7, "interaction": 78, "civilian_targeting": "Civilian targeting", "iso": 275, "region": "Middle East", "country": "Palestine", "admin1": "Gaza Strip", "admin2": "Rafah", "admin3": null, "location": "Rafah", "latitude": 31.287, "longitude": 34.2595, "geo_precision": 1, "source": "Quds News Network", "source_scale": "National", "notes": "On 3 December 2024, Israeli military, likely warplanes, targeted al Mashroo neighborhood In Rafah (Rafah, Gaza Strip) injuring people.", "fatalities": 0, "tags": null, "timestamp": 1762829569 }, "geometry": { "type": "Point", "coordinates": [ 34.2595, 31.287 ] } },
{ "type": "Feature", "properties": { "event_id_cnty": "PSE64311", "event_date": "12/4/2024", "year": 2024, "time_precision": true, "disorder_type": "Political violence", "event_type": "Explosions/Remote violence", "sub_event_type": "Air/drone strike", "actor1": "Military Forces of Israel (2022-)", "assoc_actor_1": null, "inter1": 8, "actor2": "Civilians (Palestine)", "assoc_actor_2": null, "inter2": 7, "interaction": 78, "civilian_targeting": "Civilian targeting", "iso": 275, "region": "Middle East", "country": "Palestine", "admin1": "Gaza Strip", "admin2": "Deir El Balah", "admin3": null, "location": "Deir al Balah Camp", "latitude": 31.4249, "longitude": 34.34, "geo_precision": 2, "source": "Quds News Network", "source_scale": "National", "notes": "On 4 December 2024, Israeli warplanes targeted east of Deir al Balah, coded to Deir al Balah Camp (Deir El Balah, Gaza Strip) killing 1 person and injuring others. On the same day, Israeli warplanes and artillery targeted Qarara area in southeast of Deir al Balah, coded to the same location. Casualties unknown.", "fatalities": 1, "tags": null, "timestamp": 1765850627 }, "geometry": { "type": "Point", "coordinates": [ 34.34, 31.4249 ] } },
{ "type": "Feature", "properties": { "event_id_cnty": "PSE64312", "event_date": "12/4/2024", "year": 2024, "time_precision": true, "disorder_type": "Political violence", "event_type": "Explosions/Remote violence", "sub_event_type": "Air/drone strike", "actor1": "Military Forces of Israel (2022-)", "assoc_actor_1": null, "inter1": 8, "actor2": "Civilians (Palestine)", "assoc_actor_2": "Health Workers (Palestine); Refugees/IDPs (Palestine)", "inter2": 7, "interaction": 78, "civilian_targeting": "Civilian targeting", "iso": 275, "region": "Middle East", "country": "Palestine", "admin1": "Gaza Strip", "admin2": "Deir El Balah", "admin3": null, "location": "Al Burayj", "latitude": 31.4394, "longitude": 34.4031, "geo_precision": 1, "source": "Quds News Network", "source_scale": "National", "notes": "On 4 December 2024, Israeli drones launched multiple airstrikes on Al Burayj camp (Deir El Balah, Gaza Strip) including one on Abu Hamisa school where 15 IDP tents caught fire, and 2 people were killed, including a doctor. A drone strike on the same location as well as an airstrike on Shuhada Square injured many people.", "fatalities": 2, "tags": null, "timestamp": 1753956656 }, "geometry": { "type": "Point", "coordinates": [ 34.4031, 31.4394 ] } },
{ "type": "Feature", "properties": { "event_id_cnty": "PSE64314", "event_date": "12/4/2024", "year": 2024, "time_precision": true, "disorder_type": "Political violence", "event_type": "Explosions/Remote violence", "sub_event_type": "Shelling/artillery/missile attack", "actor1": "Military Forces of Israel (2022-)", "assoc_actor_1": null, "inter1": 8, "actor2": "Civilians (Palestine)", "assoc_actor_2": null, "inter2": 7, "interaction": 78, "civilian_targeting": "Civilian targeting", "iso": 275, "region": "Middle East", "country": "Palestine", "admin1": "Gaza Strip", "admin2": "Gaza City", "admin3": null, "location": "Gaza - Sabra", "latitude": 31.5086, "longitude": 34.4493, "geo_precision": 1, "source": "Quds News Network", "source_scale": "National", "notes": "On 4 December 2024, Israeli artillery shelled Gaza - Sabra neighborhood (Gaza City, Gaza Strip) killing and injuring people. Unspecified number of fatalities coded to 3.", "fatalities": 3, "tags": null, "timestamp": 1759790002 }, "geometry": { "type": "Point", "coordinates": [ 34.4493, 31.5086 ] } },
{ "type": "Feature", "properties": { "event_id_cnty": "PSE64316", "event_date": "12/4/2024", "year": 2024, "time_precision": true, "disorder_type": "Political violence", "event_type": "Explosions/Remote violence", "sub_event_type": "Air/drone strike", "actor1": "Military Forces of Israel (2022-)", "assoc_actor_1": null, "inter1": 8, "actor2": "Civilians (Palestine)", "assoc_actor_2": "Health Workers (Palestine)", "inter2": 7, "interaction": 78, "civilian_targeting": "Civilian targeting", "iso": 275, "region": "Middle East", "country": "Palestine", "admin1": "Gaza Strip", "admin2": "North Gaza", "admin3": null, "location": "Beit Lahiya - Al Mashroo", "latitude": 31.5433, "longitude": 34.4998, "geo_precision": 1, "source": "Quds News Network", "source_scale": "National", "notes": "On 4 December 2024, Israeli quadcopter warplanes and drones heavily targeted several times the Kamal Adwan hospital in Beit Lahiya - Al Mashroo (North Gaza, Gaza Strip). Casualties unknown.", "fatalities": 0, "tags": null, "timestamp": 1753956656 }, "geometry": { "type": "Point", "coordinates": [ 34.4998, 31.5433 ] } },
{ "type": "Feature", "properties": { "event_id_cnty": "PSE64317", "event_date": "12/4/2024", "year": 2024, "time_precision": true, "disorder_type": "Political violence", "event_type": "Explosions/Remote violence", "sub_event_type": "Air/drone strike", "actor1": "Military Forces of Israel (2022-)", "assoc_actor_1": null, "inter1": 8, "actor2": "Civilians (Palestine)", "assoc_actor_2": "Refugees/IDPs (Palestine)", "inter2": 7, "interaction": 78, "civilian_targeting": "Civilian targeting", "iso": 275, "region": "Middle East", "country": "Palestine", "admin1": "Gaza Strip", "admin2": "Deir El Balah", "admin3": null, "location": "An Nusayrat", "latitude": 31.4486, "longitude": 34.3925, "geo_precision": 1, "source": "Palestine News and Information Agency; Quds News Network", "source_scale": "National", "notes": "On 4 December 2024, Israeli warplanes targeted a group of Palestinians in An Nusayrat camp (Deir El Balah, Gaza Strip) killing 5 people and injuring more than 15 others. On the same day, Israeli warplanes also targeted a house in Camp 5 in the same location, killing 3 people. Total confirmed fatalities is 8.", "fatalities": 8, "tags": null, "timestamp": 1753956656 }, "geometry": { "type": "Point", "coordinates": [ 34.3925, 31.4486 ] } },
{ "type": "Feature", "properties": { "event_id_cnty": "PSE64318", "event_date": "12/4/2024", "year": 2024, "time_precision": true, "disorder_type": "Political violence", "event_type": "Explosions/Remote violence", "sub_event_type": "Air/drone strike", "actor1": "Military Forces of Israel (2022-)", "assoc_actor_1": null, "inter1": 8, "actor2": "Civilians (Palestine)", "assoc_actor_2": null, "inter2": 7, "interaction": 78, "civilian_targeting": "Civilian targeting", "iso": 275, "region": "Middle East", "country": "Palestine", "admin1": "Gaza Strip", "admin2": "Gaza City", "admin3": null, "location": "Gaza - Southern Remal", "latitude": 31.5168, "longitude": 34.4355, "geo_precision": 2, "source": "Palestine News and Information Agency", "source_scale": "National", "notes": "On 4 December 2024, an Israeli drone targeted a group of people near Shifa tower, west of Gaza city (coded to Gaza - Southern Remal) killing 2 people and injuring others.", "fatalities": 2, "tags": null, "timestamp": 1759790002 }, "geometry": { "type": "Point", "coordinates": [ 34.4355, 31.5168 ] } },
{ "type": "Feature", "properties": { "event_id_cnty": "PSE64319", "event_date": "12/4/2024", "year": 2024, "time_precision": true, "disorder_type": "Political violence", "event_type": "Explosions/Remote violence", "sub_event_type": "Air/drone strike", "actor1": "Military Forces of Israel (2022-)", "assoc_actor_1": null, "inter1": 8, "actor2": "Civilians (Palestine)", "assoc_actor_2": null, "inter2": 7, "interaction": 78, "civilian_targeting": "Civilian targeting", "iso": 275, "region": "Middle East", "country": "Palestine", "admin1": "Gaza Strip", "admin2": "Deir El Balah", "admin3": null, "location": "Al Maghazi", "latitude": 31.4214, "longitude": 34.3865, "geo_precision": 2, "source": "Palestine News and Information Agency", "source_scale": "National", "notes": "On 4 December 2024, Israeli drones fired east of Al Maghazi camp (Deir El Balah, Gaza Strip) killing 1 Palestinian.", "fatalities": 1, "tags": null, "timestamp": 1753956656 }, "geometry": { "type": "Point", "coordinates": [ 34.3865, 31.4214 ] } },
{ "type": "Feature", "properties": { "event_id_cnty": "PSE64320", "event_date": "12/4/2024", "year": 2024, "time_precision": true, "disorder_type": "Political violence", "event_type": "Explosions/Remote violence", "sub_event_type": "Shelling/artillery/missile attack", "actor1": "Military Forces of Israel (2022-)", "assoc_actor_1": null, "inter1": 8, "actor2": "Civilians (Palestine)", "assoc_actor_2": null, "inter2": 7, "interaction": 78, "civilian_targeting": "Civilian targeting", "iso": 275, "region": "Middle East", "country": "Palestine", "admin1": "Gaza Strip", "admin2": "Deir El Balah", "admin3": null, "location": "An Nusayrat - West", "latitude": 31.4525, "longitude": 34.3756, "geo_precision": 1, "source": "Palestine News and Information Agency", "source_scale": "National", "notes": "On 4 December 2024, Israeli forces fired artillery at a house in An Nusayrat - West (Deir El Balah, Gaza Strip). Casualties unknown.", "fatalities": 0, "tags": null, "timestamp": 1753956656 }, "geometry": { "type": "Point", "coordinates": [ 34.3756, 31.4525 ] } },
{ "type": "Feature", "properties": { "event_id_cnty": "PSE64322", "event_date": "12/4/2024", "year": 2024, "time_precision": true, "disorder_type": "Political violence", "event_type": "Explosions/Remote violence", "sub_event_type": "Shelling/artillery/missile attack", "actor1": "Military Forces of Israel (2022-)", "assoc_actor_1": null, "inter1": 8, "actor2": "Civilians (Palestine)", "assoc_actor_2": null, "inter2": 7, "interaction": 78, "civilian_targeting": "Civilian targeting", "iso": 275, "region": "Middle East", "country": "Palestine", "admin1": "Gaza Strip", "admin2": "Rafah", "admin3": null, "location": "Tal as Sultan", "latitude": 31.3098, "longitude": 34.2414, "geo_precision": 2, "source": "Palestine News and Information Agency", "source_scale": "National", "notes": "On 4 December 2024, Israeli artillery fired its machine guns on northwest of Rafah, coded to Tal as Sultan (Rafah, Gaza Strip) killing 1 person.", "fatalities": 1, "tags": null, "timestamp": 1762829569 }, "geometry": { "type": "Point", "coordinates": [ 34.2414, 31.3098 ] } },
{ "type": "Feature", "properties": { "event_id_cnty": "PSE64325", "event_date": "12/4/2024", "year": 2024, "time_precision": true, "disorder_type": "Political violence", "event_type": "Explosions/Remote violence", "sub_event_type": "Air/drone strike", "actor1": "Military Forces of Israel (2022-)", "assoc_actor_1": null, "inter1": 8, "actor2": "Civilians (Palestine)", "assoc_actor_2": null, "inter2": 7, "interaction": 78, "civilian_targeting": "Civilian targeting", "iso": 275, "region": "Middle East", "country": "Palestine", "admin1": "Gaza Strip", "admin2": "Gaza City", "admin3": null, "location": "Gaza", "latitude": 31.5045, "longitude": 34.4743, "geo_precision": 1, "source": "Quds News Network", "source_scale": "National", "notes": "On 4 December 2024, Israeli warplanes targeted residential houses in al Yarmouk area in Gaza (Gaza City, Gaza Strip) killing at least 25 people and injuring dozens.", "fatalities": 25, "tags": null, "timestamp": 1759790002 }, "geometry": { "type": "Point", "coordinates": [ 34.4743, 31.5045 ] } },
{ "type": "Feature", "properties": { "event_id_cnty": "PSE64326", "event_date": "12/4/2024", "year": 2024, "time_precision": true, "disorder_type": "Political violence", "event_type": "Violence against civilians", "sub_event_type": "Attack", "actor1": "Military Forces of Israel (2022-)", "assoc_actor_1": null, "inter1": 8, "actor2": "Civilians (Palestine)", "assoc_actor_2": "Aid Workers (Palestine); Health Workers (Palestine); Palestinian Red Crescent Society", "inter2": 7, "interaction": 78, "civilian_targeting": "Civilian targeting", "iso": 275, "region": "Middle East", "country": "Palestine", "admin1": "Gaza Strip", "admin2": "Khan Yunis", "admin3": null, "location": "Khan Yunis", "latitude": 31.3502, "longitude": 34.3081, "geo_precision": 1, "source": "Ma'an News Agency", "source_scale": "National", "notes": "On 4 December 2024, Israeli forced shot and killed a medic from the Palestinian Red Crescent in Khan Yunis (Gaza Strip).", "fatalities": 1, "tags": null, "timestamp": 1753956656 }, "geometry": { "type": "Point", "coordinates": [ 34.3081, 31.3502 ] } },
{ "type": "Feature", "properties": { "event_id_cnty": "PSE64336", "event_date": "12/4/2024", "year": 2024, "time_precision": true, "disorder_type": "Political violence", "event_type": "Explosions/Remote violence", "sub_event_type": "Air/drone strike", "actor1": "Military Forces of Israel (2022-)", "assoc_actor_1": null, "inter1": 8, "actor2": "Civilians (Palestine)", "assoc_actor_2": null, "inter2": 7, "interaction": 78, "civilian_targeting": "Civilian targeting", "iso": 275, "region": "Middle East", "country": "Palestine", "admin1": "Gaza Strip", "admin2": "Deir El Balah", "admin3": null, "location": "Deir al Balah", "latitude": 31.4178, "longitude": 34.3503, "geo_precision": 2, "source": "Liveuamap", "source_scale": "Local partner-New media", "notes": "On 4 December 2024, Israeli forces, likely warplanes, targeted south of Deir al Balah city (Deir El Balah, Gaza Strip) killing 2 and injuring others.", "fatalities": 2, "tags": null, "timestamp": 1753956656 }, "geometry": { "type": "Point", "coordinates": [ 34.3503, 31.4178 ] } },
{ "type": "Feature", "properties": { "event_id_cnty": "PSE64340", "event_date": "12/4/2024", "year": 2024, "time_precision": true, "disorder_type": "Political violence", "event_type": "Explosions/Remote violence", "sub_event_type": "Air/drone strike", "actor1": "Military Forces of Israel (2022-)", "assoc_actor_1": null, "inter1": 8, "actor2": "Civilians (Palestine)", "assoc_actor_2": "Refugees/IDPs (Palestine)", "inter2": 7, "interaction": 78, "civilian_targeting": "Civilian targeting", "iso": 275, "region": "Middle East", "country": "Palestine", "admin1": "Gaza Strip", "admin2": "Gaza City", "admin3": null, "location": "Gaza - Shujaiyya", "latitude": 31.4988, "longitude": 34.4699, "geo_precision": 2, "source": "Palestine News and Information Agency; Quds News Network", "source_scale": "National", "notes": "On 4 December 2024, Israeli drones fired at IDPs on Salah al Deen Street, east of Gaza (coded to Gaza - Shujaiyya, Gaza Strip) injuring some of them.", "fatalities": 0, "tags": null, "timestamp": 1759790002 }, "geometry": { "type": "Point", "coordinates": [ 34.4699, 31.4988 ] } },
{ "type": "Feature", "properties": { "event_id_cnty": "PSE64342", "event_date": "12/4/2024", "year": 2024, "time_precision": true, "disorder_type": "Political violence", "event_type": "Violence against civilians", "sub_event_type": "Attack", "actor1": "Military Forces of Israel (2022-)", "assoc_actor_1": null, "inter1": 8, "actor2": "Civilians (Palestine)", "assoc_actor_2": null, "inter2": 7, "interaction": 78, "civilian_targeting": "Civilian targeting", "iso": 275, "region": "Middle East", "country": "Palestine", "admin1": "Gaza Strip", "admin2": "Rafah", "admin3": null, "location": "Al Mawasi (Rafah)", "latitude": 31.3294, "longitude": 34.2299, "geo_precision": 2, "source": "Quds News Network", "source_scale": "National", "notes": "On 4 December 2024, Israeli forces targeted a gathering of Palestinians with gunfire at the beach in Rafah (coded to Al Mawasi (Rafah) leaving several injuries, including one critical injury.", "fatalities": 0, "tags": null, "timestamp": 1762829569 }, "geometry": { "type": "Point", "coordinates": [ 34.2299, 31.3294 ] } },
{ "type": "Feature", "properties": { "event_id_cnty": "PSE64343", "event_date": "12/4/2024", "year": 2024, "time_precision": true, "disorder_type": "Political violence", "event_type": "Violence against civilians", "sub_event_type": "Attack", "actor1": "Military Forces of Israel (2022-)", "assoc_actor_1": null, "inter1": 8, "actor2": "Civilians (Palestine)", "assoc_actor_2": "Fishers (Palestine)", "inter2": 7, "interaction": 78, "civilian_targeting": "Civilian targeting", "iso": 275, "region": "Middle East", "country": "Palestine", "admin1": "Gaza Strip", "admin2": "Rafah", "admin3": null, "location": "Coast of Rafah", "latitude": 31.3474, "longitude": 34.2226, "geo_precision": 2, "source": "Quds News Network", "source_scale": "National", "notes": "On 4 December 2024, Israeli forces targeted and killed a Palestinian fisher with gunfire in the sea in Rafah (coded to Coast of Rafah).", "fatalities": 1, "tags": null, "timestamp": 1753956656 }, "geometry": { "type": "Point", "coordinates": [ 34.2226, 31.3474 ] } },
{ "type": "Feature", "properties": { "event_id_cnty": "PSE64321", "event_date": "12/4/2024", "year": 2024, "time_precision": true, "disorder_type": "Political violence", "event_type": "Explosions/Remote violence", "sub_event_type": "Air/drone strike", "actor1": "Military Forces of Israel (2022-)", "assoc_actor_1": null, "inter1": 8, "actor2": "Civilians (Palestine)", "assoc_actor_2": "Journalists (Palestine)", "inter2": 7, "interaction": 78, "civilian_targeting": "Civilian targeting", "iso": 275, "region": "Middle East", "country": "Palestine", "admin1": "Gaza Strip", "admin2": "North Gaza", "admin3": null, "location": "Jabalya", "latitude": 31.5272, "longitude": 34.4835, "geo_precision": 1, "source": "Palestine News and Information Agency", "source_scale": "National", "notes": "On 4 December 2024, Israeli forces targeted the house of a journalist (likely by an airstrike) in Jabalya (North Gaza), injuring the journalist.", "fatalities": 0, "tags": null, "timestamp": 1759790002 }, "geometry": { "type": "Point", "coordinates": [ 34.4835, 31.5272 ] } },
{ "type": "Feature", "properties": { "event_id_cnty": "PSE64341", "event_date": "12/4/2024", "year": 2024, "time_precision": true, "disorder_type": "Political violence", "event_type": "Violence against civilians", "sub_event_type": "Attack", "actor1": "Military Forces of Israel (2022-)", "assoc_actor_1": null, "inter1": 8, "actor2": "Civilians (Palestine)", "assoc_actor_2": null, "inter2": 7, "interaction": 78, "civilian_targeting": "Civilian targeting", "iso": 275, "region": "Middle East", "country": "Palestine", "admin1": "Gaza Strip", "admin2": "North Gaza", "admin3": null, "location": "Jabalya", "latitude": 31.5272, "longitude": 34.4835, "geo_precision": 1, "source": "Palestine News and Information Agency", "source_scale": "National", "notes": "On 4 December 2024, an Israeli sniper killed a man in Halabi Square in Jabalya (North Gaza, Gaza Strip).", "fatalities": 1, "tags": null, "timestamp": 1759790002 }, "geometry": { "type": "Point", "coordinates": [ 34.4835, 31.5272 ] } },
{ "type": "Feature", "properties": { "event_id_cnty": "PSE64335", "event_date": "12/4/2024", "year": 2024, "time_precision": true, "disorder_type": "Political violence", "event_type": "Explosions/Remote violence", "sub_event_type": "Shelling/artillery/missile attack", "actor1": "Military Forces of Israel (2022-)", "assoc_actor_1": null, "inter1": 8, "actor2": "Civilians (Palestine)", "assoc_actor_2": null, "inter2": 7, "interaction": 78, "civilian_targeting": "Civilian targeting", "iso": 275, "region": "Middle East", "country": "Palestine", "admin1": "Gaza Strip", "admin2": "Rafah", "admin3": null, "location": "Khirbet al Adas", "latitude": 31.2855, "longitude": 34.2714, "geo_precision": 1, "source": "Liveuamap", "source_scale": "Local partner-New media", "notes": "On 4 December 2024, Israeli artillery shelled Khirbet al Adas (Rafah, Gaza Strip) injuring two people.", "fatalities": 0, "tags": null, "timestamp": 1753956656 }, "geometry": { "type": "Point", "coordinates": [ 34.2714, 31.2855 ] } },
{ "type": "Feature", "properties": { "event_id_cnty": "PSE64344", "event_date": "12/5/2024", "year": 2024, "time_precision": true, "disorder_type": "Political violence", "event_type": "Explosions/Remote violence", "sub_event_type": "Air/drone strike", "actor1": "Military Forces of Israel (2022-)", "assoc_actor_1": null, "inter1": 8, "actor2": "Civilians (Palestine)", "assoc_actor_2": null, "inter2": 7, "interaction": 78, "civilian_targeting": "Civilian targeting", "iso": 275, "region": "Middle East", "country": "Palestine", "admin1": "Gaza Strip", "admin2": "Deir El Balah", "admin3": null, "location": "An Nusayrat", "latitude": 31.4486, "longitude": 34.3925, "geo_precision": 1, "source": "Palestine News and Information Agency", "source_scale": "National", "notes": "On 5 December 2024, Israeli airstrikes struck a residential home in An Nusayrat camp (Deir El Balah, Gaza Strip), resulting in 3 dead and others injured.", "fatalities": 3, "tags": null, "timestamp": 1753956656 }, "geometry": { "type": "Point", "coordinates": [ 34.3925, 31.4486 ] } },
{ "type": "Feature", "properties": { "event_id_cnty": "PSE64354", "event_date": "12/5/2024", "year": 2024, "time_precision": true, "disorder_type": "Political violence", "event_type": "Explosions/Remote violence", "sub_event_type": "Air/drone strike", "actor1": "Military Forces of Israel (2022-)", "assoc_actor_1": null, "inter1": 8, "actor2": "Civilians (Palestine)", "assoc_actor_2": "Labor Group (Palestine)", "inter2": 7, "interaction": 78, "civilian_targeting": "Civilian targeting", "iso": 275, "region": "Middle East", "country": "Palestine", "admin1": "Gaza Strip", "admin2": "North Gaza", "admin3": null, "location": "Beit Lahiya", "latitude": 31.5541, "longitude": 34.5016, "geo_precision": 1, "source": "Palestine News and Information Agency; Quds News Network", "source_scale": "National", "notes": "On 5 December 2024, Israeli drones targeted water tanks at the Indonesian Hospital in Beit Lahiya (North Gaza, Gaza Strip), resulting in three injuries among the technician staff. Also, Israeli warplanes struck a home in in the same area, resulting in several deaths and injuries. Unspecified number of fatalities coded as 3.", "fatalities": 3, "tags": null, "timestamp": 1753956656 }, "geometry": { "type": "Point", "coordinates": [ 34.5016, 31.5541 ] } },
{ "type": "Feature", "properties": { "event_id_cnty": "PSE64355", "event_date": "12/5/2024", "year": 2024, "time_precision": true, "disorder_type": "Political violence", "event_type": "Explosions/Remote violence", "sub_event_type": "Air/drone strike", "actor1": "Military Forces of Israel (2022-)", "assoc_actor_1": null, "inter1": 8, "actor2": "Civilians (Palestine)", "assoc_actor_2": "Refugees/IDPs (Palestine)", "inter2": 7, "interaction": 78, "civilian_targeting": "Civilian targeting", "iso": 275, "region": "Middle East", "country": "Palestine", "admin1": "Gaza Strip", "admin2": "North Gaza", "admin3": null, "location": "Beit Lahiya - Al Mashroo", "latitude": 31.5433, "longitude": 34.4998, "geo_precision": 1, "source": "Palestine News and Information Agency", "source_scale": "National", "notes": "On 5 December 2024, Israeli warplanes struck a home where IDPs were sheltering behind Kamal Odwan Hospital in Beit Lahiya - Al Mashroo (North Gaza, Gaza Strip), resulting in at least seven deaths and others being injured. Additionally, Israeli airstrikes targeted another home where IDPs were sheltering in Al Madaras Street in the same area, leading to several deaths and injuries. Total fatalities coded as 10 (at least 7 confirmed fatalities, 3 unspecified).", "fatalities": 10, "tags": null, "timestamp": 1753956656 }, "geometry": { "type": "Point", "coordinates": [ 34.4998, 31.5433 ] } },
{ "type": "Feature", "properties": { "event_id_cnty": "PSE64356", "event_date": "12/5/2024", "year": 2024, "time_precision": true, "disorder_type": "Political violence", "event_type": "Explosions/Remote violence", "sub_event_type": "Air/drone strike", "actor1": "Military Forces of Israel (2022-)", "assoc_actor_1": null, "inter1": 8, "actor2": "Civilians (Palestine)", "assoc_actor_2": null, "inter2": 7, "interaction": 78, "civilian_targeting": "Civilian targeting", "iso": 275, "region": "Middle East", "country": "Palestine", "admin1": "Gaza Strip", "admin2": "Gaza City", "admin3": null, "location": "Gaza - Shujaiyya", "latitude": 31.4988, "longitude": 34.4699, "geo_precision": 1, "source": "Palestine News and Information Agency", "source_scale": "National", "notes": "On 5 December 2024, an Israeli drone (Quadcopter) struck a group of people in Gaza - Shujaiyya cemetery in (Gaza City, Gaza Strip), resulting in 3 deaths and a number of injuries. Also, Israeli warplanes struck a raid at Al Hussian street in the same area. Total fatalities coded as 3.", "fatalities": 3, "tags": null, "timestamp": 1759790002 }, "geometry": { "type": "Point", "coordinates": [ 34.4699, 31.4988 ] } },
{ "type": "Feature", "properties": { "event_id_cnty": "PSE64360", "event_date": "12/5/2024", "year": 2024, "time_precision": true, "disorder_type": "Political violence", "event_type": "Explosions/Remote violence", "sub_event_type": "Shelling/artillery/missile attack", "actor1": "Military Forces of Israel (2022-)", "assoc_actor_1": null, "inter1": 8, "actor2": "Civilians (Palestine)", "assoc_actor_2": null, "inter2": 7, "interaction": 78, "civilian_targeting": "Civilian targeting", "iso": 275, "region": "Middle East", "country": "Palestine", "admin1": "Gaza Strip", "admin2": "Deir El Balah", "admin3": null, "location": "An Nusayrat - West", "latitude": 31.4525, "longitude": 34.3756, "geo_precision": 1, "source": "Quds News Network", "source_scale": "National", "notes": "On 5 December 2024, Israeli [likely] artillery fired heavily at An Nusayrat - West (Deir El Balah, Gaza Strip). Also, Israeli artillery struck residential homes in the same location. Casualties unknown.", "fatalities": 0, "tags": null, "timestamp": 1753956656 }, "geometry": { "type": "Point", "coordinates": [ 34.3756, 31.4525 ] } },
{ "type": "Feature", "properties": { "event_id_cnty": "PSE64367", "event_date": "12/5/2024", "year": 2024, "time_precision": true, "disorder_type": "Political violence", "event_type": "Explosions/Remote violence", "sub_event_type": "Air/drone strike", "actor1": "Military Forces of Israel (2022-)", "assoc_actor_1": null, "inter1": 8, "actor2": "Civilians (Palestine)", "assoc_actor_2": null, "inter2": 7, "interaction": 78, "civilian_targeting": "Civilian targeting", "iso": 275, "region": "Middle East", "country": "Palestine", "admin1": "Gaza Strip", "admin2": "Deir El Balah", "admin3": null, "location": "Al Burayj", "latitude": 31.4394, "longitude": 34.4031, "geo_precision": 1, "source": "Quds News Network", "source_scale": "National", "notes": "On 5 December 2024, Israeli forces shot fire [likely drone] at the entrance of Al burayj camp (Deir El Balah), resulting in one injury.", "fatalities": 0, "tags": null, "timestamp": 1753956656 }, "geometry": { "type": "Point", "coordinates": [ 34.4031, 31.4394 ] } },
{ "type": "Feature", "properties": { "event_id_cnty": "PSE64368", "event_date": "12/5/2024", "year": 2024, "time_precision": true, "disorder_type": "Political violence", "event_type": "Explosions/Remote violence", "sub_event_type": "Air/drone strike", "actor1": "Military Forces of Israel (2022-)", "assoc_actor_1": null, "inter1": 8, "actor2": "Civilians (Palestine)", "assoc_actor_2": null, "inter2": 7, "interaction": 78, "civilian_targeting": "Civilian targeting", "iso": 275, "region": "Middle East", "country": "Palestine", "admin1": "Gaza Strip", "admin2": "Gaza City", "admin3": null, "location": "Gaza - Southern Remal", "latitude": 31.5168, "longitude": 34.4355, "geo_precision": 2, "source": "Quds News Network", "source_scale": "National", "notes": "On 5 December 2024, Israeli warplanes struck a residential building near Al Hidar Al Abed Roundabout west of Gaza City, coded to Gaza - Southern Remal (Gaza City, Gaza Strip). Casualties unknown.", "fatalities": 0, "tags": null, "timestamp": 1759790002 }, "geometry": { "type": "Point", "coordinates": [ 34.4355, 31.5168 ] } },
{ "type": "Feature", "properties": { "event_id_cnty": "PSE64357", "event_date": "12/5/2024", "year": 2024, "time_precision": true, "disorder_type": "Political violence", "event_type": "Explosions/Remote violence", "sub_event_type": "Air/drone strike", "actor1": "Military Forces of Israel (2022-)", "assoc_actor_1": null, "inter1": 8, "actor2": "Civilians (Palestine)", "assoc_actor_2": null, "inter2": 7, "interaction": 78, "civilian_targeting": "Civilian targeting", "iso": 275, "region": "Middle East", "country": "Palestine", "admin1": "Gaza Strip", "admin2": "Rafah", "admin3": null, "location": "Khirbet al Adas", "latitude": 31.2855, "longitude": 34.2714, "geo_precision": 1, "source": "Palestine News and Information Agency", "source_scale": "National", "notes": "On 5 December 2024, an Israeli drone struck a group of people in Khirbet al Adas ( Rafah, Gaza Strip), resulting in 2 dead.", "fatalities": 2, "tags": null, "timestamp": 1753956656 }, "geometry": { "type": "Point", "coordinates": [ 34.2714, 31.2855 ] } },
{ "type": "Feature", "properties": { "event_id_cnty": "PSE64345", "event_date": "12/5/2024", "year": 2024, "time_precision": true, "disorder_type": "Political violence", "event_type": "Explosions/Remote violence", "sub_event_type": "Air/drone strike", "actor1": "Military Forces of Israel (2022-)", "assoc_actor_1": null, "inter1": 8, "actor2": "Civilians (Palestine)", "assoc_actor_2": null, "inter2": 7, "interaction": 78, "civilian_targeting": "Civilian targeting", "iso": 275, "region": "Middle East", "country": "Palestine", "admin1": "Gaza Strip", "admin2": "Rafah", "admin3": null, "location": "Al Junainah", "latitude": 31.2642, "longitude": 34.2636, "geo_precision": 1, "source": "Palestine News and Information Agency", "source_scale": "National", "notes": "On 5 December 2024, Israeli airstrikes struck Al Junainah neighborhood (Rafah, Gaza Strip), rescue operations pulled 3 bodies from under the rubble.", "fatalities": 3, "tags": null, "timestamp": 1753956656 }, "geometry": { "type": "Point", "coordinates": [ 34.2636, 31.2642 ] } },
{ "type": "Feature", "properties": { "event_id_cnty": "PSE64372", "event_date": "12/6/2024", "year": 2024, "time_precision": true, "disorder_type": "Political violence", "event_type": "Explosions/Remote violence", "sub_event_type": "Air/drone strike", "actor1": "Military Forces of Israel (2022-)", "assoc_actor_1": null, "inter1": 8, "actor2": "Civilians (Palestine)", "assoc_actor_2": null, "inter2": 7, "interaction": 78, "civilian_targeting": "Civilian targeting", "iso": 275, "region": "Middle East", "country": "Palestine", "admin1": "Gaza Strip", "admin2": "North Gaza", "admin3": null, "location": "Beit Lahiya - Al Mashroo", "latitude": 31.5433, "longitude": 34.4998, "geo_precision": 1, "source": "Palestine News and Information Agency; Quds News Network", "source_scale": "National", "notes": "On 6 December 2024, Israeli warplanes struck a residential block and homes in the vicinity of Kamal Odwan Hospital in Beit Lahiya - Al Mashroo (North Gaza, Gaza Strip), resulting more than 30 deaths and many other injuries. Also, Israeli artillery struck Kamal Odwan Hospital. Total fatalities coded as at least 30.", "fatalities": 30, "tags": null, "timestamp": 1753956656 }, "geometry": { "type": "Point", "coordinates": [ 34.4998, 31.5433 ] } },
{ "type": "Feature", "properties": { "event_id_cnty": "PSE64385", "event_date": "12/6/2024", "year": 2024, "time_precision": true, "disorder_type": "Political violence", "event_type": "Explosions/Remote violence", "sub_event_type": "Air/drone strike", "actor1": "Military Forces of Israel (2022-)", "assoc_actor_1": null, "inter1": 8, "actor2": "Civilians (Palestine)", "assoc_actor_2": null, "inter2": 7, "interaction": 78, "civilian_targeting": "Civilian targeting", "iso": 275, "region": "Middle East", "country": "Palestine", "admin1": "Gaza Strip", "admin2": "Gaza City", "admin3": null, "location": "Gaza - Sabra", "latitude": 31.5086, "longitude": 34.4493, "geo_precision": 1, "source": "Quds News Network", "source_scale": "National", "notes": "On 6 December 2024, Israeli airstrikes struck Gaza - Sabra area in (Gaza City, Gaza Strip), which led to injuries.", "fatalities": 0, "tags": null, "timestamp": 1759790002 }, "geometry": { "type": "Point", "coordinates": [ 34.4493, 31.5086 ] } },
{ "type": "Feature", "properties": { "event_id_cnty": "PSE64391", "event_date": "12/6/2024", "year": 2024, "time_precision": true, "disorder_type": "Political violence", "event_type": "Explosions/Remote violence", "sub_event_type": "Air/drone strike", "actor1": "Military Forces of Israel (2022-)", "assoc_actor_1": null, "inter1": 8, "actor2": "Civilians (Palestine)", "assoc_actor_2": null, "inter2": 7, "interaction": 78, "civilian_targeting": "Civilian targeting", "iso": 275, "region": "Middle East", "country": "Palestine", "admin1": "Gaza Strip", "admin2": "Rafah", "admin3": null, "location": "Tal as Sultan", "latitude": 31.3098, "longitude": 34.2414, "geo_precision": 1, "source": "Palestine News and Information Agency; Quds News Network", "source_scale": "National", "notes": "On 6 December 2024, an Israeli drone struck a group of people in Al Shakshouk area northwest of Rafah coded to Tal as Sultan (Rafah, Gaza Strip), resulting in two dead and other injuries.", "fatalities": 2, "tags": null, "timestamp": 1762829569 }, "geometry": { "type": "Point", "coordinates": [ 34.2414, 31.3098 ] } },
{ "type": "Feature", "properties": { "event_id_cnty": "PSE64396", "event_date": "12/6/2024", "year": 2024, "time_precision": true, "disorder_type": "Political violence", "event_type": "Explosions/Remote violence", "sub_event_type": "Air/drone strike", "actor1": "Military Forces of Israel (2022-)", "assoc_actor_1": null, "inter1": 8, "actor2": "Civilians (Palestine)", "assoc_actor_2": null, "inter2": 7, "interaction": 78, "civilian_targeting": "Civilian targeting", "iso": 275, "region": "Middle East", "country": "Palestine", "admin1": "Gaza Strip", "admin2": "Deir El Balah", "admin3": null, "location": "Deir al Balah", "latitude": 31.4178, "longitude": 34.3503, "geo_precision": 1, "source": "Quds News Network", "source_scale": "National", "notes": "On 6 December 2024, Israeli airstrikes struck a home in Al Barakeh street in Deir al Balah (Deir El Balah, Gaza Strip). Casualties unknown.", "fatalities": 0, "tags": null, "timestamp": 1753956656 }, "geometry": { "type": "Point", "coordinates": [ 34.3503, 31.4178 ] } },
{ "type": "Feature", "properties": { "event_id_cnty": "PSE64397", "event_date": "12/6/2024", "year": 2024, "time_precision": true, "disorder_type": "Political violence", "event_type": "Explosions/Remote violence", "sub_event_type": "Air/drone strike", "actor1": "Military Forces of Israel (2022-)", "assoc_actor_1": null, "inter1": 8, "actor2": "Civilians (Palestine)", "assoc_actor_2": null, "inter2": 7, "interaction": 78, "civilian_targeting": "Civilian targeting", "iso": 275, "region": "Middle East", "country": "Palestine", "admin1": "Gaza Strip", "admin2": "Deir El Balah", "admin3": null, "location": "An Nusayrat - West", "latitude": 31.4525, "longitude": 34.3756, "geo_precision": 1, "source": "Quds News Network", "source_scale": "National", "notes": "On 6 December 2024, Israeli artillery struck An Nusayrat - West (Deir El Balah, Gaza Strip). Also, Israeli airstrikes struck a home where IDPs sheltering in Abu Zakaria's land coded to the same location, resulted in one dead and other injuries.", "fatalities": 1, "tags": null, "timestamp": 1753956656 }, "geometry": { "type": "Point", "coordinates": [ 34.3756, 31.4525 ] } },
{ "type": "Feature", "properties": { "event_id_cnty": "PSE64398", "event_date": "12/6/2024", "year": 2024, "time_precision": true, "disorder_type": "Political violence", "event_type": "Explosions/Remote violence", "sub_event_type": "Air/drone strike", "actor1": "Military Forces of Israel (2022-)", "assoc_actor_1": null, "inter1": 8, "actor2": "Civilians (Palestine)", "assoc_actor_2": null, "inter2": 7, "interaction": 78, "civilian_targeting": "Civilian targeting", "iso": 275, "region": "Middle East", "country": "Palestine", "admin1": "Gaza Strip", "admin2": "Deir El Balah", "admin3": null, "location": "Al Burayj", "latitude": 31.4394, "longitude": 34.4031, "geo_precision": 1, "source": "Quds News Network", "source_scale": "National", "notes": "On 6 December 2024, Israeli warplanes heavily struck Al Burayj (Deir El Balah, Gaza Strip). Also, Israeli airstrikes struck Al Nour Mosque in block 9 in the same area, which led to injuries.", "fatalities": 0, "tags": null, "timestamp": 1753956656 }, "geometry": { "type": "Point", "coordinates": [ 34.4031, 31.4394 ] } },
{ "type": "Feature", "properties": { "event_id_cnty": "PSE64399", "event_date": "12/6/2024", "year": 2024, "time_precision": true, "disorder_type": "Political violence", "event_type": "Violence against civilians", "sub_event_type": "Abduction/forced disappearance", "actor1": "Military Forces of Israel (2022-)", "assoc_actor_1": null, "inter1": 8, "actor2": "Civilians (Palestine)", "assoc_actor_2": "Health Workers (Palestine)", "inter2": 7, "interaction": 78, "civilian_targeting": "Civilian targeting", "iso": 275, "region": "Middle East", "country": "Palestine", "admin1": "Gaza Strip", "admin2": "North Gaza", "admin3": null, "location": "Beit Lahiya - Al Mashroo", "latitude": 31.5433, "longitude": 34.4998, "geo_precision": 1, "source": "Palestine News and Information Agency", "source_scale": "National", "notes": "On 6 December 2024, Israeli forces raided Kamal Odwan Hospital, forced out, and arrested many medical staff members and patients in Beit Lahiya - Al Mashroo (North Gaza, Gaza Strip), [likely over 25 people were arrested].", "fatalities": 0, "tags": null, "timestamp": 1772581279 }, "geometry": { "type": "Point", "coordinates": [ 34.4998, 31.5433 ] } },
{ "type": "Feature", "properties": { "event_id_cnty": "PSE64378", "event_date": "12/6/2024", "year": 2024, "time_precision": true, "disorder_type": "Political violence", "event_type": "Explosions/Remote violence", "sub_event_type": "Air/drone strike", "actor1": "Military Forces of Israel (2022-)", "assoc_actor_1": null, "inter1": 8, "actor2": "Civilians (Palestine)", "assoc_actor_2": "Refugees/IDPs (Palestine)", "inter2": 7, "interaction": 78, "civilian_targeting": "Civilian targeting", "iso": 275, "region": "Middle East", "country": "Palestine", "admin1": "Gaza Strip", "admin2": "Deir El Balah", "admin3": null, "location": "An Nusayrat", "latitude": 31.4486, "longitude": 34.3925, "geo_precision": 1, "source": "Ma'an News Agency; Palestine News and Information Agency", "source_scale": "National", "notes": "On 6 December 2024, Israeli warplanes struck An Nusayrat Camp (Deir El Balah, Gaza Strip). Also, Israeli warplanes struck a home close to a cemetery in An Nusayrat (Deir El Balah, Gaza Strip), resulting in at least 22 dead, including 6 children and 5 women, and others injured. Total fatalities updated later to 25.", "fatalities": 25, "tags": null, "timestamp": 1753956656 }, "geometry": { "type": "Point", "coordinates": [ 34.3925, 31.4486 ] } },
{ "type": "Feature", "properties": { "event_id_cnty": "PSE64373", "event_date": "12/6/2024", "year": 2024, "time_precision": true, "disorder_type": "Political violence", "event_type": "Explosions/Remote violence", "sub_event_type": "Air/drone strike", "actor1": "Military Forces of Israel (2022-)", "assoc_actor_1": null, "inter1": 8, "actor2": "Civilians (Palestine)", "assoc_actor_2": "Refugees/IDPs (Palestine)", "inter2": 7, "interaction": 78, "civilian_targeting": "Civilian targeting", "iso": 275, "region": "Middle East", "country": "Palestine", "admin1": "Gaza Strip", "admin2": "North Gaza", "admin3": null, "location": "Jabalya", "latitude": 31.5272, "longitude": 34.4835, "geo_precision": 1, "source": "Palestine News and Information Agency", "source_scale": "National", "notes": "On 6 December 2024, Israeli warplanes struck a school sheltering IDPs in Jabalya (North Gaza, Gaza Strip), resulting in 2 dead.", "fatalities": 2, "tags": null, "timestamp": 1759790002 }, "geometry": { "type": "Point", "coordinates": [ 34.4835, 31.5272 ] } },
{ "type": "Feature", "properties": { "event_id_cnty": "PSE64389", "event_date": "12/6/2024", "year": 2024, "time_precision": true, "disorder_type": "Political violence", "event_type": "Explosions/Remote violence", "sub_event_type": "Air/drone strike", "actor1": "Military Forces of Israel (2022-)", "assoc_actor_1": null, "inter1": 8, "actor2": "Civilians (Palestine)", "assoc_actor_2": null, "inter2": 7, "interaction": 78, "civilian_targeting": "Civilian targeting", "iso": 275, "region": "Middle East", "country": "Palestine", "admin1": "Gaza Strip", "admin2": "Gaza City", "admin3": null, "location": "Gaza - Az Zaytun", "latitude": 31.4964, "longitude": 34.4522, "geo_precision": 1, "source": "Quds News Network", "source_scale": "National", "notes": "On 6 December 2024, Israeli warplanes struck a home in Al Shahir street in Gaza - Az Zaytun (Gaza City, Gaza Strip). Also, Israeli warplanes struck a group of people in Keshko street in the same area, resulting in 4 dead and others injured.", "fatalities": 4, "tags": null, "timestamp": 1759790002 }, "geometry": { "type": "Point", "coordinates": [ 34.4522, 31.4964 ] } },
{ "type": "Feature", "properties": { "event_id_cnty": "PSE64374", "event_date": "12/6/2024", "year": 2024, "time_precision": true, "disorder_type": "Political violence", "event_type": "Explosions/Remote violence", "sub_event_type": "Air/drone strike", "actor1": "Military Forces of Israel (2022-)", "assoc_actor_1": null, "inter1": 8, "actor2": "Civilians (Palestine)", "assoc_actor_2": null, "inter2": 7, "interaction": 78, "civilian_targeting": "Civilian targeting", "iso": 275, "region": "Middle East", "country": "Palestine", "admin1": "Gaza Strip", "admin2": "Rafah", "admin3": null, "location": "Khirbet al Adas", "latitude": 31.2855, "longitude": 34.2714, "geo_precision": 1, "source": "Palestine News and Information Agency; Quds News Network", "source_scale": "National", "notes": "On 6 December 2024, Israeli warplanes struck Khirbet al Adas (Rafah, Gaza Strip), resulting in 3 dead.", "fatalities": 3, "tags": null, "timestamp": 1753956656 }, "geometry": { "type": "Point", "coordinates": [ 34.2714, 31.2855 ] } },
{ "type": "Feature", "properties": { "event_id_cnty": "PSE64392", "event_date": "12/6/2024", "year": 2024, "time_precision": true, "disorder_type": "Political violence", "event_type": "Explosions/Remote violence", "sub_event_type": "Air/drone strike", "actor1": "Military Forces of Israel (2022-)", "assoc_actor_1": null, "inter1": 8, "actor2": "Civilians (Palestine)", "assoc_actor_2": null, "inter2": 7, "interaction": 78, "civilian_targeting": "Civilian targeting", "iso": 275, "region": "Middle East", "country": "Palestine", "admin1": "Gaza Strip", "admin2": "Rafah", "admin3": null, "location": "Rafah", "latitude": 31.287, "longitude": 34.2595, "geo_precision": 1, "source": "Quds News Network", "source_scale": "National", "notes": "On 6 December 2024,Israeli warplanes struck Rafah (Rafah, Gaza Strip), resulting in one dead.", "fatalities": 1, "tags": null, "timestamp": 1762829569 }, "geometry": { "type": "Point", "coordinates": [ 34.2595, 31.287 ] } },
{ "type": "Feature", "properties": { "event_id_cnty": "PSE64660", "event_date": "12/7/2024", "year": 2024, "time_precision": true, "disorder_type": "Political violence", "event_type": "Explosions/Remote violence", "sub_event_type": "Air/drone strike", "actor1": "Military Forces of Israel (2022-)", "assoc_actor_1": null, "inter1": 8, "actor2": "Civilians (Palestine)", "assoc_actor_2": "Refugees/IDPs (Palestine)", "inter2": 7, "interaction": 78, "civilian_targeting": "Civilian targeting", "iso": 275, "region": "Middle East", "country": "Palestine", "admin1": "Gaza Strip", "admin2": "Deir El Balah", "admin3": null, "location": "Al Maghazi", "latitude": 31.4214, "longitude": 34.3865, "geo_precision": 1, "source": "Palestine News and Information Agency; Quds News Network", "source_scale": "National", "notes": "On 7 December 2024, Israeli forces launched an airstrike on a land in Al Maghazi Camp (Deir El Balah, Gaza Strip) killing a woman and injuring several others.", "fatalities": 1, "tags": null, "timestamp": 1753956656 }, "geometry": { "type": "Point", "coordinates": [ 34.3865, 31.4214 ] } },
{ "type": "Feature", "properties": { "event_id_cnty": "PSE64663", "event_date": "12/7/2024", "year": 2024, "time_precision": true, "disorder_type": "Political violence", "event_type": "Explosions/Remote violence", "sub_event_type": "Air/drone strike", "actor1": "Military Forces of Israel (2022-)", "assoc_actor_1": null, "inter1": 8, "actor2": "Civilians (Palestine)", "assoc_actor_2": null, "inter2": 7, "interaction": 78, "civilian_targeting": "Civilian targeting", "iso": 275, "region": "Middle East", "country": "Palestine", "admin1": "Gaza Strip", "admin2": "Deir El Balah", "admin3": null, "location": "Deir al Balah", "latitude": 31.4178, "longitude": 34.3503, "geo_precision": 1, "source": "Quds News Network", "source_scale": "National", "notes": "On 7 December 2024, Israeli forces, likely warplanes, targeted a house in Deir al Balah (Deir El Balah, Gaza Strip) killing 2 people.", "fatalities": 2, "tags": null, "timestamp": 1753956656 }, "geometry": { "type": "Point", "coordinates": [ 34.3503, 31.4178 ] } },
{ "type": "Feature", "properties": { "event_id_cnty": "PSE64664", "event_date": "12/7/2024", "year": 2024, "time_precision": true, "disorder_type": "Political violence", "event_type": "Explosions/Remote violence", "sub_event_type": "Air/drone strike", "actor1": "Military Forces of Israel (2022-)", "assoc_actor_1": null, "inter1": 8, "actor2": "Civilians (Palestine)", "assoc_actor_2": null, "inter2": 7, "interaction": 78, "civilian_targeting": "Civilian targeting", "iso": 275, "region": "Middle East", "country": "Palestine", "admin1": "Gaza Strip", "admin2": "Gaza City", "admin3": null, "location": "Gaza - Ash Shati' Camp", "latitude": 31.5349, "longitude": 34.4466, "geo_precision": 2, "source": "Palestine News and Information Agency; Quds News Network", "source_scale": "National", "notes": "On 7 December 2024, Israeli warplanes targeted a house in al Karama neighborhood northwest of Gaza city, coded to Gaza - Ash Shati' Camp (Gaza City, Gaza Strip), killing 8 persons.", "fatalities": 8, "tags": null, "timestamp": 1759790002 }, "geometry": { "type": "Point", "coordinates": [ 34.4466, 31.5349 ] } },
{ "type": "Feature", "properties": { "event_id_cnty": "PSE64665", "event_date": "12/7/2024", "year": 2024, "time_precision": true, "disorder_type": "Political violence", "event_type": "Explosions/Remote violence", "sub_event_type": "Air/drone strike", "actor1": "Military Forces of Israel (2022-)", "assoc_actor_1": null, "inter1": 8, "actor2": "Civilians (Palestine)", "assoc_actor_2": null, "inter2": 7, "interaction": 78, "civilian_targeting": "Civilian targeting", "iso": 275, "region": "Middle East", "country": "Palestine", "admin1": "Gaza Strip", "admin2": "Gaza City", "admin3": null, "location": "Gaza - At Tuffah", "latitude": 31.5134, "longitude": 34.4751, "geo_precision": 1, "source": "Quds News Network", "source_scale": "National", "notes": "On 7 December 2024, Israeli warplanes targeted a house in Gaza - At Tuffah (Gaza City, Gaza Strip) killing at least 3 people and injuring others.", "fatalities": 3, "tags": null, "timestamp": 1759790002 }, "geometry": { "type": "Point", "coordinates": [ 34.4751, 31.5134 ] } },
{ "type": "Feature", "properties": { "event_id_cnty": "PSE64666", "event_date": "12/7/2024", "year": 2024, "time_precision": true, "disorder_type": "Political violence", "event_type": "Explosions/Remote violence", "sub_event_type": "Air/drone strike", "actor1": "Military Forces of Israel (2022-)", "assoc_actor_1": null, "inter1": 8, "actor2": "Civilians (Palestine)", "assoc_actor_2": null, "inter2": 7, "interaction": 78, "civilian_targeting": "Civilian targeting", "iso": 275, "region": "Middle East", "country": "Palestine", "admin1": "Gaza Strip", "admin2": "Gaza City", "admin3": null, "location": "Gaza - Sabra", "latitude": 31.5086, "longitude": 34.4493, "geo_precision": 1, "source": "Quds News Network", "source_scale": "National", "notes": "On 7 December 2024, Israeli warplanes targeted a house near Istajaba mosque in Gaza - Sabra (Gaza City, Gaza Strip) injuring one person.", "fatalities": 0, "tags": null, "timestamp": 1759790002 }, "geometry": { "type": "Point", "coordinates": [ 34.4493, 31.5086 ] } },
{ "type": "Feature", "properties": { "event_id_cnty": "PSE64667", "event_date": "12/7/2024", "year": 2024, "time_precision": true, "disorder_type": "Political violence", "event_type": "Explosions/Remote violence", "sub_event_type": "Air/drone strike", "actor1": "Military Forces of Israel (2022-)", "assoc_actor_1": null, "inter1": 8, "actor2": "Civilians (Palestine)", "assoc_actor_2": null, "inter2": 7, "interaction": 78, "civilian_targeting": "Civilian targeting", "iso": 275, "region": "Middle East", "country": "Palestine", "admin1": "Gaza Strip", "admin2": "Gaza City", "admin3": null, "location": "Gaza - Sheikh Radwan", "latitude": 31.5349, "longitude": 34.4667, "geo_precision": 1, "source": "Palestine News and Information Agency", "source_scale": "National", "notes": "On 7 December 2024, Israeli warplanes targeted Gaza - Sheikh Radwan (Gaza City, Gaza Strip) killing 1 person and injuring others.", "fatalities": 1, "tags": null, "timestamp": 1759790002 }, "geometry": { "type": "Point", "coordinates": [ 34.4667, 31.5349 ] } },
{ "type": "Feature", "properties": { "event_id_cnty": "PSE64668", "event_date": "12/7/2024", "year": 2024, "time_precision": true, "disorder_type": "Political violence", "event_type": "Explosions/Remote violence", "sub_event_type": "Air/drone strike", "actor1": "Military Forces of Israel (2022-)", "assoc_actor_1": null, "inter1": 8, "actor2": "Civilians (Palestine)", "assoc_actor_2": "Refugees/IDPs (Palestine)", "inter2": 7, "interaction": 78, "civilian_targeting": "Civilian targeting", "iso": 275, "region": "Middle East", "country": "Palestine", "admin1": "Gaza Strip", "admin2": "Gaza City", "admin3": null, "location": "Gaza - Sheikh Radwan", "latitude": 31.5349, "longitude": 34.4667, "geo_precision": 2, "source": "Palestine News and Information Agency", "source_scale": "National", "notes": "On 7 December 2024, Israeli warplanes targeted a house sheltering IDPs in north of Gaza City, coded to Gaza - Sheikh Radwan (Gaza City, Gaza Strip) killing 4 people. On the same day, Israeli warplanes also targeted a house on Ahmad Yassin street in north Gaza city, coded to the same location. Casualties unknown. Total confirmed fatalities is at least 4.", "fatalities": 4, "tags": null, "timestamp": 1759790002 }, "geometry": { "type": "Point", "coordinates": [ 34.4667, 31.5349 ] } },
{ "type": "Feature", "properties": { "event_id_cnty": "PSE64669", "event_date": "12/7/2024", "year": 2024, "time_precision": true, "disorder_type": "Political violence", "event_type": "Explosions/Remote violence", "sub_event_type": "Air/drone strike", "actor1": "Military Forces of Israel (2022-)", "assoc_actor_1": null, "inter1": 8, "actor2": "Civilians (Palestine)", "assoc_actor_2": null, "inter2": 7, "interaction": 78, "civilian_targeting": "Civilian targeting", "iso": 275, "region": "Middle East", "country": "Palestine", "admin1": "Gaza Strip", "admin2": "Gaza City", "admin3": null, "location": "Gaza - Southern Remal", "latitude": 31.5168, "longitude": 34.4355, "geo_precision": 1, "source": "Palestine News and Information Agency; Quds News Network", "source_scale": "National", "notes": "On 7 December 2024, Israeli forces launched an airstrike on the Industrial junction in Gaza - Southern Remal (Gaza City, Gaza Strip) killing 3 people and injuring others.", "fatalities": 3, "tags": null, "timestamp": 1759790002 }, "geometry": { "type": "Point", "coordinates": [ 34.4355, 31.5168 ] } },
{ "type": "Feature", "properties": { "event_id_cnty": "PSE64670", "event_date": "12/7/2024", "year": 2024, "time_precision": true, "disorder_type": "Political violence", "event_type": "Explosions/Remote violence", "sub_event_type": "Air/drone strike", "actor1": "Military Forces of Israel (2022-)", "assoc_actor_1": null, "inter1": 8, "actor2": "Civilians (Palestine)", "assoc_actor_2": null, "inter2": 7, "interaction": 78, "civilian_targeting": "Civilian targeting", "iso": 275, "region": "Middle East", "country": "Palestine", "admin1": "Gaza Strip", "admin2": "Khan Yunis", "admin3": null, "location": "Bani Suheila", "latitude": 31.3424, "longitude": 34.325, "geo_precision": 2, "source": "Quds News Network", "source_scale": "National", "notes": "On 7 December 2024, an Israeli drone targeted east of Khan Yunis city, coded to Bani Suheila (Khan Yunis, Gaza Strip) injuring several people.", "fatalities": 0, "tags": null, "timestamp": 1753956656 }, "geometry": { "type": "Point", "coordinates": [ 34.325, 31.3424 ] } },
{ "type": "Feature", "properties": { "event_id_cnty": "PSE64671", "event_date": "12/7/2024", "year": 2024, "time_precision": true, "disorder_type": "Political violence", "event_type": "Explosions/Remote violence", "sub_event_type": "Air/drone strike", "actor1": "Military Forces of Israel (2022-)", "assoc_actor_1": null, "inter1": 8, "actor2": "Civilians (Palestine)", "assoc_actor_2": "Refugees/IDPs (Palestine)", "inter2": 7, "interaction": 78, "civilian_targeting": "Civilian targeting", "iso": 275, "region": "Middle East", "country": "Palestine", "admin1": "Gaza Strip", "admin2": "Khan Yunis", "admin3": null, "location": "Khan Yunis", "latitude": 31.3502, "longitude": 34.3081, "geo_precision": 1, "source": "Quds News Network", "source_scale": "National", "notes": "On 7 December 2024, Israeli forces, likely warplanes, targeted a tent belonging to displaced people in Al Namsawi of Khan Yunis (Khan Yunis, Gaza Strip) killing 1 person and injuring others.", "fatalities": 1, "tags": null, "timestamp": 1753956656 }, "geometry": { "type": "Point", "coordinates": [ 34.3081, 31.3502 ] } },
{ "type": "Feature", "properties": { "event_id_cnty": "PSE64674", "event_date": "12/7/2024", "year": 2024, "time_precision": true, "disorder_type": "Political violence", "event_type": "Explosions/Remote violence", "sub_event_type": "Air/drone strike", "actor1": "Military Forces of Israel (2022-)", "assoc_actor_1": null, "inter1": 8, "actor2": "Civilians (Palestine)", "assoc_actor_2": "Health Workers (Palestine)", "inter2": 7, "interaction": 78, "civilian_targeting": "Civilian targeting", "iso": 275, "region": "Middle East", "country": "Palestine", "admin1": "Gaza Strip", "admin2": "North Gaza", "admin3": null, "location": "Beit Lahiya - Al Mashroo", "latitude": 31.5433, "longitude": 34.4998, "geo_precision": 1, "source": "Dunia Al Watan; Palestine News and Information Agency; Quds News Network", "source_scale": "National", "notes": "On 7 December 2024, Israeli warplanes targeted a house near Kamal Adwan Hospital in Beit Lahiya - Al Mashroo (North Gaza, Gaza Strip), killing at least 4 persons (a Palestinian doctor, his wife and their kids). Also, Israeli artillery targeted an ambulance, killing a paramedic and injuring 2 medical staff. Total confirmed fatalities is at least 5.", "fatalities": 5, "tags": null, "timestamp": 1753956656 }, "geometry": { "type": "Point", "coordinates": [ 34.4998, 31.5433 ] } },
{ "type": "Feature", "properties": { "event_id_cnty": "PSE64677", "event_date": "12/7/2024", "year": 2024, "time_precision": true, "disorder_type": "Political violence", "event_type": "Explosions/Remote violence", "sub_event_type": "Air/drone strike", "actor1": "Military Forces of Israel (2022-)", "assoc_actor_1": null, "inter1": 8, "actor2": "Civilians (Palestine)", "assoc_actor_2": null, "inter2": 7, "interaction": 78, "civilian_targeting": "Civilian targeting", "iso": 275, "region": "Middle East", "country": "Palestine", "admin1": "Gaza Strip", "admin2": "North Gaza", "admin3": null, "location": "Jabalya Camp", "latitude": 31.536, "longitude": 34.4907, "geo_precision": 2, "source": "Newpress; Twitter", "source_scale": "New media-National", "notes": "On 7 December 2024, an Israeli drone fires at houses in Seftawi area, west of Jabalya Camp (North Gaza, Gaza Strip). Casualties unknown.", "fatalities": 0, "tags": null, "timestamp": 1753956656 }, "geometry": { "type": "Point", "coordinates": [ 34.4907, 31.536 ] } },
{ "type": "Feature", "properties": { "event_id_cnty": "PSE64680", "event_date": "12/7/2024", "year": 2024, "time_precision": true, "disorder_type": "Political violence", "event_type": "Explosions/Remote violence", "sub_event_type": "Air/drone strike", "actor1": "Military Forces of Israel (2022-)", "assoc_actor_1": null, "inter1": 8, "actor2": "Civilians (Palestine)", "assoc_actor_2": null, "inter2": 7, "interaction": 78, "civilian_targeting": "Civilian targeting", "iso": 275, "region": "Middle East", "country": "Palestine", "admin1": "Gaza Strip", "admin2": "Rafah", "admin3": null, "location": "Al Mawasi (Rafah)", "latitude": 31.3294, "longitude": 34.2299, "geo_precision": 2, "source": "Palestine News and Information Agency", "source_scale": "National", "notes": "On 7 December 2024, Israeli warplanes targeted a group of people on the beach of Rafah city (coded to Al Mawasi (Rafah), Gaza Strip) killing 1 person and injuring others.", "fatalities": 1, "tags": null, "timestamp": 1762829569 }, "geometry": { "type": "Point", "coordinates": [ 34.2299, 31.3294 ] } },
{ "type": "Feature", "properties": { "event_id_cnty": "PSE64681", "event_date": "12/7/2024", "year": 2024, "time_precision": true, "disorder_type": "Political violence", "event_type": "Explosions/Remote violence", "sub_event_type": "Shelling/artillery/missile attack", "actor1": "Military Forces of Israel (2022-)", "assoc_actor_1": null, "inter1": 8, "actor2": "Civilians (Palestine)", "assoc_actor_2": null, "inter2": 7, "interaction": 78, "civilian_targeting": "Civilian targeting", "iso": 275, "region": "Middle East", "country": "Palestine", "admin1": "Gaza Strip", "admin2": "Rafah", "admin3": null, "location": "Al Mawasi (Rafah)", "latitude": 31.3294, "longitude": 34.2299, "geo_precision": 1, "source": "Palestine News and Information Agency; Quds News Network", "source_scale": "National", "notes": "On 7 December 2024, Israeli forces [likely artillery] opened fired at Al Mawasi (Rafah) (Rafah, Gaza Strip) killing one person.", "fatalities": 1, "tags": null, "timestamp": 1762829569 }, "geometry": { "type": "Point", "coordinates": [ 34.2299, 31.3294 ] } },
{ "type": "Feature", "properties": { "event_id_cnty": "PSE64683", "event_date": "12/7/2024", "year": 2024, "time_precision": true, "disorder_type": "Political violence", "event_type": "Explosions/Remote violence", "sub_event_type": "Air/drone strike", "actor1": "Military Forces of Israel (2022-)", "assoc_actor_1": null, "inter1": 8, "actor2": "Civilians (Palestine)", "assoc_actor_2": null, "inter2": 7, "interaction": 78, "civilian_targeting": "Civilian targeting", "iso": 275, "region": "Middle East", "country": "Palestine", "admin1": "Gaza Strip", "admin2": "Rafah", "admin3": null, "location": "Yibna", "latitude": 31.2842, "longitude": 34.2482, "geo_precision": 2, "source": "Palestine News and Information Agency", "source_scale": "National", "notes": "On 7 December 2024, Israeli warplanes targeted east of Rafah city, coded to Yibna (Rafah, Gaza Strip) killing 2 people on a motorcycle, they also targeted a group of people in the same location killing 3. Total confirmed fatalities is 5.", "fatalities": 5, "tags": null, "timestamp": 1753956656 }, "geometry": { "type": "Point", "coordinates": [ 34.2482, 31.2842 ] } },
{ "type": "Feature", "properties": { "event_id_cnty": "PSE64675", "event_date": "12/7/2024", "year": 2024, "time_precision": true, "disorder_type": "Political violence", "event_type": "Explosions/Remote violence", "sub_event_type": "Air/drone strike", "actor1": "Military Forces of Israel (2022-)", "assoc_actor_1": null, "inter1": 8, "actor2": "Civilians (Palestine)", "assoc_actor_2": null, "inter2": 7, "interaction": 78, "civilian_targeting": "Civilian targeting", "iso": 275, "region": "Middle East", "country": "Palestine", "admin1": "Gaza Strip", "admin2": "North Gaza", "admin3": null, "location": "Jabalya", "latitude": 31.5272, "longitude": 34.4835, "geo_precision": 1, "source": "Ma'an News Agency", "source_scale": "National", "notes": "On 7 December 2024, an Israeli drone targeted Jabalya town (North Gaza, Gaza Strip) killing two people. On the same day, Israeli artillery also targeted Jabalya town. Casualties unknown. Total confirmed casualties is at least 2.", "fatalities": 2, "tags": null, "timestamp": 1759790002 }, "geometry": { "type": "Point", "coordinates": [ 34.4835, 31.5272 ] } },
{ "type": "Feature", "properties": { "event_id_cnty": "PSE64682", "event_date": "12/7/2024", "year": 2024, "time_precision": true, "disorder_type": "Political violence", "event_type": "Explosions/Remote violence", "sub_event_type": "Air/drone strike", "actor1": "Military Forces of Israel (2022-)", "assoc_actor_1": null, "inter1": 8, "actor2": "Civilians (Palestine)", "assoc_actor_2": null, "inter2": 7, "interaction": 78, "civilian_targeting": "Civilian targeting", "iso": 275, "region": "Middle East", "country": "Palestine", "admin1": "Gaza Strip", "admin2": "Rafah", "admin3": null, "location": "Khirbet al Adas", "latitude": 31.2855, "longitude": 34.2714, "geo_precision": 1, "source": "Quds News Network", "source_scale": "National", "notes": "On 7 December 2024, an Israeli drone targeted Khirbet al Adas (Rafah, Gaza Strip) killing 1 person.", "fatalities": 1, "tags": null, "timestamp": 1753956656 }, "geometry": { "type": "Point", "coordinates": [ 34.2714, 31.2855 ] } },
{ "type": "Feature", "properties": { "event_id_cnty": "PSE64654", "event_date": "12/8/2024", "year": 2024, "time_precision": true, "disorder_type": "Political violence", "event_type": "Explosions/Remote violence", "sub_event_type": "Air/drone strike", "actor1": "Military Forces of Israel (2022-)", "assoc_actor_1": null, "inter1": 8, "actor2": "Civilians (Palestine)", "assoc_actor_2": "Health Workers (Palestine)", "inter2": 7, "interaction": 78, "civilian_targeting": "Civilian targeting", "iso": 275, "region": "Middle East", "country": "Palestine", "admin1": "Gaza Strip", "admin2": "North Gaza", "admin3": null, "location": "Beit Lahiya - Al Mashroo", "latitude": 31.5433, "longitude": 34.4998, "geo_precision": 1, "source": "Quds News Network", "source_scale": "National", "notes": "On 8 December 2024, Israeli vehicles targeted Kamal Adwan Hospital in Beit Lahiya - Al Mashroo (North Gaza, Gaza Strip) with explosive bullets injuring 2 people. Israeli warplanes and drones also targeted houses in the vicinity of the hospital. Casualties unknown.", "fatalities": 0, "tags": null, "timestamp": 1753956656 }, "geometry": { "type": "Point", "coordinates": [ 34.4998, 31.5433 ] } },
{ "type": "Feature", "properties": { "event_id_cnty": "PSE64684", "event_date": "12/8/2024", "year": 2024, "time_precision": true, "disorder_type": "Political violence", "event_type": "Explosions/Remote violence", "sub_event_type": "Air/drone strike", "actor1": "Military Forces of Israel (2022-)", "assoc_actor_1": null, "inter1": 8, "actor2": "Civilians (Palestine)", "assoc_actor_2": "Refugees/IDPs (Palestine)", "inter2": 7, "interaction": 78, "civilian_targeting": "Civilian targeting", "iso": 275, "region": "Middle East", "country": "Palestine", "admin1": "Gaza Strip", "admin2": "Deir El Balah", "admin3": null, "location": "Al Burayj", "latitude": 31.4394, "longitude": 34.4031, "geo_precision": 1, "source": "Palestine News and Information Agency", "source_scale": "National", "notes": "On 8 December 2024, Israeli warplanes targeted a house near the old cemetery in Al Burayj camp (Deir El Balah, Gaza Strip) killing 15 people (including women and children) and injuring others.", "fatalities": 15, "tags": null, "timestamp": 1753956656 }, "geometry": { "type": "Point", "coordinates": [ 34.4031, 31.4394 ] } },
{ "type": "Feature", "properties": { "event_id_cnty": "PSE64686", "event_date": "12/8/2024", "year": 2024, "time_precision": true, "disorder_type": "Political violence", "event_type": "Explosions/Remote violence", "sub_event_type": "Air/drone strike", "actor1": "Military Forces of Israel (2022-)", "assoc_actor_1": null, "inter1": 8, "actor2": "Civilians (Palestine)", "assoc_actor_2": "Refugees/IDPs (Palestine)", "inter2": 7, "interaction": 78, "civilian_targeting": "Civilian targeting", "iso": 275, "region": "Middle East", "country": "Palestine", "admin1": "Gaza Strip", "admin2": "Deir El Balah", "admin3": null, "location": "Al Musaddar", "latitude": 31.4105, "longitude": 34.378, "geo_precision": 2, "source": "Palestine News and Information Agency", "source_scale": "National", "notes": "On 8 December 2024, Israeli forces, likely warplanes, targeted an IDP tent in Mashaaleh area, southwest of Deir el Balah, coded to Al Musaddar (Deir El Balah, Gaza Strip) and killed 5 people and injured others.", "fatalities": 5, "tags": null, "timestamp": 1765850627 }, "geometry": { "type": "Point", "coordinates": [ 34.378, 31.4105 ] } },
{ "type": "Feature", "properties": { "event_id_cnty": "PSE64687", "event_date": "12/8/2024", "year": 2024, "time_precision": true, "disorder_type": "Political violence", "event_type": "Explosions/Remote violence", "sub_event_type": "Air/drone strike", "actor1": "Military Forces of Israel (2022-)", "assoc_actor_1": null, "inter1": 8, "actor2": "Civilians (Palestine)", "assoc_actor_2": "Refugees/IDPs (Palestine)", "inter2": 7, "interaction": 78, "civilian_targeting": "Civilian targeting", "iso": 275, "region": "Middle East", "country": "Palestine", "admin1": "Gaza Strip", "admin2": "Deir El Balah", "admin3": null, "location": "An Nusayrat", "latitude": 31.4486, "longitude": 34.3925, "geo_precision": 1, "source": "Palestine News and Information Agency; Quds News Network", "source_scale": "National", "notes": "On 8 December 2024, an Israeli drone targeted a vehicle on Street 18 of Block C in An Nusayrat camp (Deir El Balah, Gaza Strip) killing 2 people and injuring others. Israeli warplanes also targeted a house in Yafa tower in the same location injuring several people.", "fatalities": 2, "tags": null, "timestamp": 1753956656 }, "geometry": { "type": "Point", "coordinates": [ 34.3925, 31.4486 ] } },
{ "type": "Feature", "properties": { "event_id_cnty": "PSE64690", "event_date": "12/8/2024", "year": 2024, "time_precision": true, "disorder_type": "Political violence", "event_type": "Explosions/Remote violence", "sub_event_type": "Air/drone strike", "actor1": "Military Forces of Israel (2022-)", "assoc_actor_1": null, "inter1": 8, "actor2": "Civilians (Palestine)", "assoc_actor_2": null, "inter2": 7, "interaction": 78, "civilian_targeting": "Civilian targeting", "iso": 275, "region": "Middle East", "country": "Palestine", "admin1": "Gaza Strip", "admin2": "Deir El Balah", "admin3": null, "location": "An Nusayrat - West", "latitude": 31.4525, "longitude": 34.3756, "geo_precision": 1, "source": "Quds News Network", "source_scale": "National", "notes": "On 8 December 2024, Israeli forces, likely warplanes, targeted the An Nusayrat - West (Deir El Balah, Gaza Strip) killing 2 people and injuring others.", "fatalities": 2, "tags": null, "timestamp": 1753956656 }, "geometry": { "type": "Point", "coordinates": [ 34.3756, 31.4525 ] } },
{ "type": "Feature", "properties": { "event_id_cnty": "PSE64691", "event_date": "12/8/2024", "year": 2024, "time_precision": true, "disorder_type": "Political violence", "event_type": "Explosions/Remote violence", "sub_event_type": "Air/drone strike", "actor1": "Military Forces of Israel (2022-)", "assoc_actor_1": null, "inter1": 8, "actor2": "Civilians (Palestine)", "assoc_actor_2": "Refugees/IDPs (Palestine)", "inter2": 7, "interaction": 78, "civilian_targeting": "Civilian targeting", "iso": 275, "region": "Middle East", "country": "Palestine", "admin1": "Gaza Strip", "admin2": "Deir El Balah", "admin3": null, "location": "Az Zawayda", "latitude": 31.4284, "longitude": 34.366, "geo_precision": 1, "source": "Palestine News and Information Agency", "source_scale": "National", "notes": "On 8 December 2024, Israeli forces, likely warplanes, targeted an IDP tent in Az Zawayda (Deir El Balah, Gaza Strip) killing a man and his wife, and injuring their child.", "fatalities": 2, "tags": null, "timestamp": 1767742780 }, "geometry": { "type": "Point", "coordinates": [ 34.366, 31.4284 ] } },
{ "type": "Feature", "properties": { "event_id_cnty": "PSE64693", "event_date": "12/8/2024", "year": 2024, "time_precision": true, "disorder_type": "Political violence", "event_type": "Explosions/Remote violence", "sub_event_type": "Air/drone strike", "actor1": "Military Forces of Israel (2022-)", "assoc_actor_1": null, "inter1": 8, "actor2": "Civilians (Palestine)", "assoc_actor_2": null, "inter2": 7, "interaction": 78, "civilian_targeting": "Civilian targeting", "iso": 275, "region": "Middle East", "country": "Palestine", "admin1": "Gaza Strip", "admin2": "Gaza City", "admin3": null, "location": "Gaza", "latitude": 31.5045, "longitude": 34.4743, "geo_precision": 1, "source": "Palestine News and Information Agency", "source_scale": "National", "notes": "On 8 December 2024, Israeli forces, likely warplanes, targeted a group of people in Omar Al Mukhtar Street in Gaza (Gaza City, Gaza Strip) killing 10 and injuring others. Israeli forces, likely warplanes, also targeted a house in the Al Yarmouk Street killing a woman. Total confirmed fatalities is 11.", "fatalities": 11, "tags": null, "timestamp": 1759790002 }, "geometry": { "type": "Point", "coordinates": [ 34.4743, 31.5045 ] } },
{ "type": "Feature", "properties": { "event_id_cnty": "PSE64694", "event_date": "12/8/2024", "year": 2024, "time_precision": true, "disorder_type": "Political violence", "event_type": "Explosions/Remote violence", "sub_event_type": "Air/drone strike", "actor1": "Military Forces of Israel (2022-)", "assoc_actor_1": null, "inter1": 8, "actor2": "Civilians (Palestine)", "assoc_actor_2": null, "inter2": 7, "interaction": 78, "civilian_targeting": "Civilian targeting", "iso": 275, "region": "Middle East", "country": "Palestine", "admin1": "Gaza Strip", "admin2": "Gaza City", "admin3": null, "location": "Gaza - At Tuffah", "latitude": 31.5134, "longitude": 34.4751, "geo_precision": 1, "source": "Quds News Network", "source_scale": "National", "notes": "On 8 December 2024, an Israeli drone targeted Zarqa area in Gaza - At Tuffah (Gaza City, Gaza Strip) killing 1 person and injuring others.", "fatalities": 1, "tags": null, "timestamp": 1759790002 }, "geometry": { "type": "Point", "coordinates": [ 34.4751, 31.5134 ] } },
{ "type": "Feature", "properties": { "event_id_cnty": "PSE64698", "event_date": "12/8/2024", "year": 2024, "time_precision": true, "disorder_type": "Political violence", "event_type": "Explosions/Remote violence", "sub_event_type": "Air/drone strike", "actor1": "Military Forces of Israel (2022-)", "assoc_actor_1": null, "inter1": 8, "actor2": "Civilians (Palestine)", "assoc_actor_2": null, "inter2": 7, "interaction": 78, "civilian_targeting": "Civilian targeting", "iso": 275, "region": "Middle East", "country": "Palestine", "admin1": "Gaza Strip", "admin2": "Gaza City", "admin3": null, "location": "Gaza - Sheikh Radwan", "latitude": 31.5349, "longitude": 34.4667, "geo_precision": 1, "source": "Quds News Network", "source_scale": "National", "notes": "On 8 December 2024, Israeli warplanes targeted a house in Gaza - Sheikh Radwan (Gaza City, Gaza Strip). Casualties unknown.", "fatalities": 0, "tags": null, "timestamp": 1759790002 }, "geometry": { "type": "Point", "coordinates": [ 34.4667, 31.5349 ] } },
{ "type": "Feature", "properties": { "event_id_cnty": "PSE64701", "event_date": "12/8/2024", "year": 2024, "time_precision": true, "disorder_type": "Political violence", "event_type": "Explosions/Remote violence", "sub_event_type": "Air/drone strike", "actor1": "Military Forces of Israel (2022-)", "assoc_actor_1": null, "inter1": 8, "actor2": "Civilians (Palestine)", "assoc_actor_2": "Health Workers (Palestine)", "inter2": 7, "interaction": 78, "civilian_targeting": "Civilian targeting", "iso": 275, "region": "Middle East", "country": "Palestine", "admin1": "Gaza Strip", "admin2": "North Gaza", "admin3": null, "location": "Beit Lahiya", "latitude": 31.5541, "longitude": 34.5016, "geo_precision": 1, "source": "Palestine News and Information Agency; Quds News Network", "source_scale": "National", "notes": "On 8 December 2024, Israeli warplanes and artillery targeted several times Beit Lahiya (North Gaza, Gaza Strip). An Israeli drone killed one man in that location, and 6 health workers were injured as Israeli forces targeted (likely airstrikes) the Indonesian Hospital in the city.", "fatalities": 1, "tags": null, "timestamp": 1753956656 }, "geometry": { "type": "Point", "coordinates": [ 34.5016, 31.5541 ] } },
{ "type": "Feature", "properties": { "event_id_cnty": "PSE64708", "event_date": "12/8/2024", "year": 2024, "time_precision": true, "disorder_type": "Political violence", "event_type": "Explosions/Remote violence", "sub_event_type": "Air/drone strike", "actor1": "Military Forces of Israel (2022-)", "assoc_actor_1": null, "inter1": 8, "actor2": "Civilians (Palestine)", "assoc_actor_2": null, "inter2": 7, "interaction": 78, "civilian_targeting": "Civilian targeting", "iso": 275, "region": "Middle East", "country": "Palestine", "admin1": "Gaza Strip", "admin2": "North Gaza", "admin3": null, "location": "Jabalya Camp", "latitude": 31.536, "longitude": 34.4907, "geo_precision": 1, "source": "Quds News Network", "source_scale": "National", "notes": "On 8 December 2024, Israeli warplanes targeted a house in Jabalya Camp while artillery shelled the western areas of the camp (North Gaza, Gaza Strip). Casualties unknown.", "fatalities": 0, "tags": null, "timestamp": 1753956656 }, "geometry": { "type": "Point", "coordinates": [ 34.4907, 31.536 ] } },
{ "type": "Feature", "properties": { "event_id_cnty": "PSE64712", "event_date": "12/8/2024", "year": 2024, "time_precision": true, "disorder_type": "Political violence", "event_type": "Explosions/Remote violence", "sub_event_type": "Air/drone strike", "actor1": "Military Forces of Israel (2022-)", "assoc_actor_1": null, "inter1": 8, "actor2": "Civilians (Palestine)", "assoc_actor_2": null, "inter2": 7, "interaction": 78, "civilian_targeting": "Civilian targeting", "iso": 275, "region": "Middle East", "country": "Palestine", "admin1": "Gaza Strip", "admin2": "Rafah", "admin3": null, "location": "An Nasr", "latitude": 31.2814, "longitude": 34.3025, "geo_precision": 1, "source": "Quds News Network", "source_scale": "National", "notes": "On 8 December 2024, Israeli warplanes targeted a house in An Nasr (Rafah, Gaza Strip). Casualties unknown.", "fatalities": 0, "tags": null, "timestamp": 1753956656 }, "geometry": { "type": "Point", "coordinates": [ 34.3025, 31.2814 ] } },
{ "type": "Feature", "properties": { "event_id_cnty": "PSE64700", "event_date": "12/8/2024", "year": 2024, "time_precision": true, "disorder_type": "Political violence", "event_type": "Explosions/Remote violence", "sub_event_type": "Air/drone strike", "actor1": "Military Forces of Israel (2022-)", "assoc_actor_1": null, "inter1": 8, "actor2": "Civilians (Palestine)", "assoc_actor_2": null, "inter2": 7, "interaction": 78, "civilian_targeting": "Civilian targeting", "iso": 275, "region": "Middle East", "country": "Palestine", "admin1": "Gaza Strip", "admin2": "Gaza City", "admin3": null, "location": "Gaza - Tal el Hawa", "latitude": 31.5041, "longitude": 34.435, "geo_precision": 1, "source": "Quds News Network", "source_scale": "National", "notes": "On 8 December 2024, Israeli forces, likely warplanes, targeted Gaza - Tal el Hawa (Gaza City, Gaza Strip) killing 1 man.", "fatalities": 1, "tags": null, "timestamp": 1759790002 }, "geometry": { "type": "Point", "coordinates": [ 34.435, 31.5041 ] } },
{ "type": "Feature", "properties": { "event_id_cnty": "PSE64704", "event_date": "12/8/2024", "year": 2024, "time_precision": true, "disorder_type": "Political violence", "event_type": "Explosions/Remote violence", "sub_event_type": "Air/drone strike", "actor1": "Military Forces of Israel (2022-)", "assoc_actor_1": null, "inter1": 8, "actor2": "Civilians (Palestine)", "assoc_actor_2": "Health Workers (Palestine)", "inter2": 7, "interaction": 78, "civilian_targeting": "Civilian targeting", "iso": 275, "region": "Middle East", "country": "Palestine", "admin1": "Gaza Strip", "admin2": "North Gaza", "admin3": null, "location": "Jabalya", "latitude": 31.5272, "longitude": 34.4835, "geo_precision": 1, "source": "Newpress; Twitter", "source_scale": "New media-National", "notes": "On 8 December 2024, Israeli forces targeted (likely shelling) and killed a health worker near the Awada Hospital in Jabalya town (North Gaza, Gaza Strip). Also, warplanes targeted a group of people in Jabalya, injuring several of them.", "fatalities": 1, "tags": null, "timestamp": 1759790002 }, "geometry": { "type": "Point", "coordinates": [ 34.4835, 31.5272 ] } },
{ "type": "Feature", "properties": { "event_id_cnty": "PSE64713", "event_date": "12/8/2024", "year": 2024, "time_precision": true, "disorder_type": "Political violence", "event_type": "Explosions/Remote violence", "sub_event_type": "Air/drone strike", "actor1": "Military Forces of Israel (2022-)", "assoc_actor_1": null, "inter1": 8, "actor2": "Civilians (Palestine)", "assoc_actor_2": null, "inter2": 7, "interaction": 78, "civilian_targeting": "Civilian targeting", "iso": 275, "region": "Middle East", "country": "Palestine", "admin1": "Gaza Strip", "admin2": "Rafah", "admin3": null, "location": "Khirbet al Adas", "latitude": 31.2855, "longitude": 34.2714, "geo_precision": 1, "source": "Newpress; Palestine News and Information Agency; Quds News Network; Twitter", "source_scale": "New media-National", "notes": "On 8 December 2024, Israeli drones targeted a group of people in Khirbet al Adas (Rafah, Gaza Strip) killing 5 and injuring others.", "fatalities": 5, "tags": null, "timestamp": 1753956656 }, "geometry": { "type": "Point", "coordinates": [ 34.2714, 31.2855 ] } },
{ "type": "Feature", "properties": { "event_id_cnty": "PSE64715", "event_date": "12/8/2024", "year": 2024, "time_precision": true, "disorder_type": "Political violence", "event_type": "Explosions/Remote violence", "sub_event_type": "Air/drone strike", "actor1": "Military Forces of Israel (2022-)", "assoc_actor_1": null, "inter1": 8, "actor2": "Civilians (Palestine)", "assoc_actor_2": null, "inter2": 7, "interaction": 78, "civilian_targeting": "Civilian targeting", "iso": 275, "region": "Middle East", "country": "Palestine", "admin1": "Gaza Strip", "admin2": "Rafah", "admin3": null, "location": "Rafah", "latitude": 31.287, "longitude": 34.2595, "geo_precision": 1, "source": "Quds News Network", "source_scale": "National", "notes": "On 8 December 2024, Israeli warplanes targeted a house in Rafah city (Rafah, Gaza Strip). Casualties unknown. Israeli artillery also targeted the city on the same day. Casualties unknown.", "fatalities": 0, "tags": null, "timestamp": 1762829569 }, "geometry": { "type": "Point", "coordinates": [ 34.2595, 31.287 ] } },
{ "type": "Feature", "properties": { "event_id_cnty": "PSE64639", "event_date": "12/9/2024", "year": 2024, "time_precision": true, "disorder_type": "Political violence", "event_type": "Explosions/Remote violence", "sub_event_type": "Air/drone strike", "actor1": "Military Forces of Israel (2022-)", "assoc_actor_1": null, "inter1": 8, "actor2": "Civilians (Palestine)", "assoc_actor_2": "Refugees/IDPs (Palestine)", "inter2": 7, "interaction": 78, "civilian_targeting": "Civilian targeting", "iso": 275, "region": "Middle East", "country": "Palestine", "admin1": "Gaza Strip", "admin2": "Deir El Balah", "admin3": null, "location": "An Nusayrat", "latitude": 31.4486, "longitude": 34.3925, "geo_precision": 1, "source": "Ma'an News Agency; Palestine News and Information Agency; Quds News Network", "source_scale": "National", "notes": "On 9 December 2024, Israeli warplanes targeted a house in An Nusayrat Camp (Deir El Balah, Gaza Strip) killing at least one person. Israeli artillery also targeted the same location injuring individuals.", "fatalities": 1, "tags": null, "timestamp": 1753956656 }, "geometry": { "type": "Point", "coordinates": [ 34.3925, 31.4486 ] } },
{ "type": "Feature", "properties": { "event_id_cnty": "PSE64718", "event_date": "12/9/2024", "year": 2024, "time_precision": true, "disorder_type": "Political violence", "event_type": "Explosions/Remote violence", "sub_event_type": "Air/drone strike", "actor1": "Military Forces of Israel (2022-)", "assoc_actor_1": null, "inter1": 8, "actor2": "Civilians (Palestine)", "assoc_actor_2": "Refugees/IDPs (Palestine)", "inter2": 7, "interaction": 78, "civilian_targeting": "Civilian targeting", "iso": 275, "region": "Middle East", "country": "Palestine", "admin1": "Gaza Strip", "admin2": "Deir El Balah", "admin3": null, "location": "Al Maghazi", "latitude": 31.4214, "longitude": 34.3865, "geo_precision": 1, "source": "Ma'an News Agency; Quds News Network", "source_scale": "National", "notes": "On 9 December 2024, Israeli warplanes targeted Al Maghazi camp (Deir El Balah, Gaza Strip) killing 5 people and injuring others. Israeli artillery targeted a house in Al Maghazi camp injuring people. Total fatalities is 5.", "fatalities": 5, "tags": null, "timestamp": 1753956656 }, "geometry": { "type": "Point", "coordinates": [ 34.3865, 31.4214 ] } },
{ "type": "Feature", "properties": { "event_id_cnty": "PSE64720", "event_date": "12/9/2024", "year": 2024, "time_precision": true, "disorder_type": "Political violence", "event_type": "Explosions/Remote violence", "sub_event_type": "Air/drone strike", "actor1": "Military Forces of Israel (2022-)", "assoc_actor_1": null, "inter1": 8, "actor2": "Civilians (Palestine)", "assoc_actor_2": null, "inter2": 7, "interaction": 78, "civilian_targeting": "Civilian targeting", "iso": 275, "region": "Middle East", "country": "Palestine", "admin1": "Gaza Strip", "admin2": "Deir El Balah", "admin3": null, "location": "Al Musaddar", "latitude": 31.4105, "longitude": 34.378, "geo_precision": 2, "source": "Quds News Network", "source_scale": "National", "notes": "On 9 December 2024, Israeli warplanes targeted a house east of Al Musaddar (Deir El Balah, Gaza Strip). Casualties unknown.", "fatalities": 0, "tags": null, "timestamp": 1765850627 }, "geometry": { "type": "Point", "coordinates": [ 34.378, 31.4105 ] } },
{ "type": "Feature", "properties": { "event_id_cnty": "PSE64726", "event_date": "12/9/2024", "year": 2024, "time_precision": true, "disorder_type": "Political violence", "event_type": "Explosions/Remote violence", "sub_event_type": "Air/drone strike", "actor1": "Military Forces of Israel (2022-)", "assoc_actor_1": null, "inter1": 8, "actor2": "Civilians (Palestine)", "assoc_actor_2": null, "inter2": 7, "interaction": 78, "civilian_targeting": "Civilian targeting", "iso": 275, "region": "Middle East", "country": "Palestine", "admin1": "Gaza Strip", "admin2": "Gaza City", "admin3": null, "location": "Gaza - Sheikh Radwan", "latitude": 31.5349, "longitude": 34.4667, "geo_precision": 1, "source": "Quds News Network", "source_scale": "National", "notes": "On 9 December 2024, Israeli forces, likely warplanes, targeted a house in Gaza - Sheikh Radwan (Gaza City, Gaza Strip) killing 1 person and injuring others.", "fatalities": 1, "tags": null, "timestamp": 1759790002 }, "geometry": { "type": "Point", "coordinates": [ 34.4667, 31.5349 ] } },
{ "type": "Feature", "properties": { "event_id_cnty": "PSE64727", "event_date": "12/9/2024", "year": 2024, "time_precision": true, "disorder_type": "Political violence", "event_type": "Explosions/Remote violence", "sub_event_type": "Air/drone strike", "actor1": "Military Forces of Israel (2022-)", "assoc_actor_1": null, "inter1": 8, "actor2": "Civilians (Palestine)", "assoc_actor_2": null, "inter2": 7, "interaction": 78, "civilian_targeting": "Civilian targeting", "iso": 275, "region": "Middle East", "country": "Palestine", "admin1": "Gaza Strip", "admin2": "Khan Yunis", "admin3": null, "location": "Bani Suheila", "latitude": 31.3424, "longitude": 34.325, "geo_precision": 2, "source": "Quds News Network", "source_scale": "National", "notes": "On 9 December 2024, an Israeli drone targeted east of Khan Yunis, coded to Bani Suheila (Khan Yunis, Gaza Strip) killing 1 person.", "fatalities": 1, "tags": null, "timestamp": 1753956656 }, "geometry": { "type": "Point", "coordinates": [ 34.325, 31.3424 ] } },
{ "type": "Feature", "properties": { "event_id_cnty": "PSE64731", "event_date": "12/9/2024", "year": 2024, "time_precision": true, "disorder_type": "Political violence", "event_type": "Explosions/Remote violence", "sub_event_type": "Air/drone strike", "actor1": "Military Forces of Israel (2022-)", "assoc_actor_1": null, "inter1": 8, "actor2": "Civilians (Palestine)", "assoc_actor_2": null, "inter2": 7, "interaction": 78, "civilian_targeting": "Civilian targeting", "iso": 275, "region": "Middle East", "country": "Palestine", "admin1": "Gaza Strip", "admin2": "North Gaza", "admin3": null, "location": "Beit Lahiya - Al Mashroo", "latitude": 31.5433, "longitude": 34.4998, "geo_precision": 1, "source": "Palestine News and Information Agency; Quds News Network", "source_scale": "National", "notes": "On 9 December 2024, Israeli warplanes targeted residential buildings near Kamal Adwan Hospital in Beit Lahiya - al Mashroo (North Gaza, Gaza Strip) killing and injuring people [unspecified number of fatalities coded to 3]. Israeli artillery also shelled Rabet area in the same location. Casualties unknown.", "fatalities": 3, "tags": null, "timestamp": 1753956656 }, "geometry": { "type": "Point", "coordinates": [ 34.4998, 31.5433 ] } },
{ "type": "Feature", "properties": { "event_id_cnty": "PSE64732", "event_date": "12/9/2024", "year": 2024, "time_precision": true, "disorder_type": "Political violence", "event_type": "Explosions/Remote violence", "sub_event_type": "Air/drone strike", "actor1": "Military Forces of Israel (2022-)", "assoc_actor_1": null, "inter1": 8, "actor2": "Civilians (Palestine)", "assoc_actor_2": null, "inter2": 7, "interaction": 78, "civilian_targeting": "Civilian targeting", "iso": 275, "region": "Middle East", "country": "Palestine", "admin1": "Gaza Strip", "admin2": "North Gaza", "admin3": null, "location": "Beit Lahiya - Ezbet Beit Hanoun", "latitude": 31.5472, "longitude": 34.5225, "geo_precision": 1, "source": "Palestine News and Information Agency; Quds News Network", "source_scale": "National", "notes": "On 9 December 2024, an Israeli airstrike on houses in Beit Lahiya - Ezbet Beit Hanoun (North Gaza, Gaza Strip) killed 25 people and injured others.", "fatalities": 25, "tags": null, "timestamp": 1753956656 }, "geometry": { "type": "Point", "coordinates": [ 34.5225, 31.5472 ] } },
{ "type": "Feature", "properties": { "event_id_cnty": "PSE64734", "event_date": "12/9/2024", "year": 2024, "time_precision": true, "disorder_type": "Political violence", "event_type": "Explosions/Remote violence", "sub_event_type": "Shelling/artillery/missile attack", "actor1": "Military Forces of Israel (2022-)", "assoc_actor_1": null, "inter1": 8, "actor2": "Civilians (Palestine)", "assoc_actor_2": "Refugees/IDPs (Palestine)", "inter2": 7, "interaction": 78, "civilian_targeting": "Civilian targeting", "iso": 275, "region": "Middle East", "country": "Palestine", "admin1": "Gaza Strip", "admin2": "North Gaza", "admin3": null, "location": "Jabalya Camp", "latitude": 31.536, "longitude": 34.4907, "geo_precision": 1, "source": "Palestine News and Information Agency", "source_scale": "National", "notes": "On 9 December 2024, Israeli forces, likely artillery, targeted Jabalya Camp (North Gaza, Gaza Strip) killing and injuring people [unspecified number of fatalities coded to 3].", "fatalities": 3, "tags": null, "timestamp": 1753956656 }, "geometry": { "type": "Point", "coordinates": [ 34.4907, 31.536 ] } },
{ "type": "Feature", "properties": { "event_id_cnty": "PSE64738", "event_date": "12/9/2024", "year": 2024, "time_precision": true, "disorder_type": "Political violence", "event_type": "Explosions/Remote violence", "sub_event_type": "Shelling/artillery/missile attack", "actor1": "Military Forces of Israel (2022-)", "assoc_actor_1": null, "inter1": 8, "actor2": "Civilians (Palestine)", "assoc_actor_2": "Refugees/IDPs (Palestine)", "inter2": 7, "interaction": 78, "civilian_targeting": "Civilian targeting", "iso": 275, "region": "Middle East", "country": "Palestine", "admin1": "Gaza Strip", "admin2": "Rafah", "admin3": null, "location": "Al Mawasi (Rafah)", "latitude": 31.3294, "longitude": 34.2299, "geo_precision": 1, "source": "Quds News Network", "source_scale": "National", "notes": "On 9 December 2024, Israeli artillery targeted IDP tents in Al Mawasi (Rafah) (Rafah, Gaza Strip). Casualties unknown.", "fatalities": 0, "tags": null, "timestamp": 1762829569 }, "geometry": { "type": "Point", "coordinates": [ 34.2299, 31.3294 ] } },
{ "type": "Feature", "properties": { "event_id_cnty": "PSE64741", "event_date": "12/9/2024", "year": 2024, "time_precision": true, "disorder_type": "Political violence", "event_type": "Explosions/Remote violence", "sub_event_type": "Shelling/artillery/missile attack", "actor1": "Military Forces of Israel (2022-)", "assoc_actor_1": null, "inter1": 8, "actor2": "Civilians (Palestine)", "assoc_actor_2": null, "inter2": 7, "interaction": 78, "civilian_targeting": "Civilian targeting", "iso": 275, "region": "Middle East", "country": "Palestine", "admin1": "Gaza Strip", "admin2": "Rafah", "admin3": null, "location": "Yibna", "latitude": 31.2842, "longitude": 34.2482, "geo_precision": 2, "source": "Palestine News and Information Agency", "source_scale": "National", "notes": "On 9 December 2024, Israeli forces, likely artillery, targeted east of Rafah city, coded to Yibna (Rafah, Gaza Strip) killing 2 individuals.", "fatalities": 2, "tags": null, "timestamp": 1753956656 }, "geometry": { "type": "Point", "coordinates": [ 34.2482, 31.2842 ] } },
{ "type": "Feature", "properties": { "event_id_cnty": "PSE64739", "event_date": "12/9/2024", "year": 2024, "time_precision": true, "disorder_type": "Political violence", "event_type": "Explosions/Remote violence", "sub_event_type": "Shelling/artillery/missile attack", "actor1": "Military Forces of Israel (2022-)", "assoc_actor_1": null, "inter1": 8, "actor2": "Civilians (Palestine)", "assoc_actor_2": null, "inter2": 7, "interaction": 78, "civilian_targeting": "Civilian targeting", "iso": 275, "region": "Middle East", "country": "Palestine", "admin1": "Gaza Strip", "admin2": "Rafah", "admin3": null, "location": "Khirbet al Adas", "latitude": 31.2855, "longitude": 34.2714, "geo_precision": 2, "source": "Palestine News and Information Agency", "source_scale": "National", "notes": "On 9 December 2024, Israeli forces, likely artillery, targeted north of Rafah city, coded to Khirbet al Adas (Rafah, Gaza Strip), killing 1 person.", "fatalities": 1, "tags": null, "timestamp": 1753956656 }, "geometry": { "type": "Point", "coordinates": [ 34.2714, 31.2855 ] } },
{ "type": "Feature", "properties": { "event_id_cnty": "PSE64640", "event_date": "12/10/2024", "year": 2024, "time_precision": true, "disorder_type": "Political violence", "event_type": "Explosions/Remote violence", "sub_event_type": "Air/drone strike", "actor1": "Military Forces of Israel (2022-)", "assoc_actor_1": null, "inter1": 8, "actor2": "Civilians (Palestine)", "assoc_actor_2": "Refugees/IDPs (Palestine)", "inter2": 7, "interaction": 78, "civilian_targeting": "Civilian targeting", "iso": 275, "region": "Middle East", "country": "Palestine", "admin1": "Gaza Strip", "admin2": "Deir El Balah", "admin3": null, "location": "An Nusayrat", "latitude": 31.4486, "longitude": 34.3925, "geo_precision": 1, "source": "Newpress; Palestine News and Information Agency; Twitter", "source_scale": "New media-National", "notes": "On 10 December 2024, Israeli warplanes targeted a house in An Nusayrat (Deir El Balah, Gaza Strip) killing 7 people and injuring others. Total confirmed fatalities is at least 7. On the same day, Israeli warships targeted western parts of the camp. Casualties unknown.", "fatalities": 7, "tags": null, "timestamp": 1753956656 }, "geometry": { "type": "Point", "coordinates": [ 34.3925, 31.4486 ] } },
{ "type": "Feature", "properties": { "event_id_cnty": "PSE64646", "event_date": "12/10/2024", "year": 2024, "time_precision": true, "disorder_type": "Political violence", "event_type": "Explosions/Remote violence", "sub_event_type": "Air/drone strike", "actor1": "Military Forces of Israel (2022-)", "assoc_actor_1": null, "inter1": 8, "actor2": "Civilians (Palestine)", "assoc_actor_2": "Refugees/IDPs (Palestine)", "inter2": 7, "interaction": 78, "civilian_targeting": "Civilian targeting", "iso": 275, "region": "Middle East", "country": "Palestine", "admin1": "Gaza Strip", "admin2": "North Gaza", "admin3": null, "location": "Beit Lahiya - Al Mashroo", "latitude": 31.5433, "longitude": 34.4998, "geo_precision": 1, "source": "Newpress; Quds News Network; Twitter", "source_scale": "New media-National", "notes": "On 10 December 2024, Israeli warplanes, quadcopter drones and artillery targeted houses in the vicinity of Kamal Adwan Hospital in Beit Lahiya - Al Mashroo (North Gaza, Gaza Strip). One of the houses sheltering IDPs was targeted killing a big number of people. Searches are ongoing by medical teams. Unspecified number of fatalities coded to 3.", "fatalities": 3, "tags": null, "timestamp": 1753956656 }, "geometry": { "type": "Point", "coordinates": [ 34.4998, 31.5433 ] } },
{ "type": "Feature", "properties": { "event_id_cnty": "PSE64652", "event_date": "12/10/2024", "year": 2024, "time_precision": true, "disorder_type": "Political violence", "event_type": "Explosions/Remote violence", "sub_event_type": "Shelling/artillery/missile attack", "actor1": "Military Forces of Israel (2022-)", "assoc_actor_1": null, "inter1": 8, "actor2": "Civilians (Palestine)", "assoc_actor_2": "Fishers (Palestine)", "inter2": 7, "interaction": 78, "civilian_targeting": "Civilian targeting", "iso": 275, "region": "Middle East", "country": "Palestine", "admin1": "Gaza Strip", "admin2": "Deir El Balah", "admin3": null, "location": "An Nusayrat - West", "latitude": 31.4525, "longitude": 34.3756, "geo_precision": 1, "source": "Quds News Network", "source_scale": "National", "notes": "On 10 December 2024, Israeli forces, likely warships, targeted An Nusayrat - West (Deir El Balah, Gaza Strip) killing a Palestinian fisherman. On the same day, Israeli forces, likely warplanes, targeted west of the camp, killing and injuring people. Unspecified fatalities coded to 3.", "fatalities": 4, "tags": null, "timestamp": 1753956656 }, "geometry": { "type": "Point", "coordinates": [ 34.3756, 31.4525 ] } },
{ "type": "Feature", "properties": { "event_id_cnty": "PSE64742", "event_date": "12/10/2024", "year": 2024, "time_precision": true, "disorder_type": "Political violence", "event_type": "Explosions/Remote violence", "sub_event_type": "Air/drone strike", "actor1": "Military Forces of Israel (2022-)", "assoc_actor_1": null, "inter1": 8, "actor2": "Civilians (Palestine)", "assoc_actor_2": "Refugees/IDPs (Palestine)", "inter2": 7, "interaction": 78, "civilian_targeting": "Civilian targeting", "iso": 275, "region": "Middle East", "country": "Palestine", "admin1": "Gaza Strip", "admin2": "Deir El Balah", "admin3": null, "location": "Al Burayj", "latitude": 31.4394, "longitude": 34.4031, "geo_precision": 1, "source": "Palestine News and Information Agency", "source_scale": "National", "notes": "On 10 December 2024, Israeli warplanes targeted Block 9 in Al Burayj camp (Deir El Balah, Gaza Strip) injuring several people.", "fatalities": 0, "tags": null, "timestamp": 1753956656 }, "geometry": { "type": "Point", "coordinates": [ 34.4031, 31.4394 ] } },
{ "type": "Feature", "properties": { "event_id_cnty": "PSE64746", "event_date": "12/10/2024", "year": 2024, "time_precision": true, "disorder_type": "Political violence", "event_type": "Explosions/Remote violence", "sub_event_type": "Air/drone strike", "actor1": "Military Forces of Israel (2022-)", "assoc_actor_1": null, "inter1": 8, "actor2": "Civilians (Palestine)", "assoc_actor_2": null, "inter2": 7, "interaction": 78, "civilian_targeting": "Civilian targeting", "iso": 275, "region": "Middle East", "country": "Palestine", "admin1": "Gaza Strip", "admin2": "Gaza City", "admin3": null, "location": "Gaza", "latitude": 31.5045, "longitude": 34.4743, "geo_precision": 1, "source": "Quds News Network", "source_scale": "National", "notes": "On 10 December 2024, Israeli warplanes targeted a house in Gaza (Gaza City, Gaza Strip). Casualties unknown.", "fatalities": 0, "tags": null, "timestamp": 1759790002 }, "geometry": { "type": "Point", "coordinates": [ 34.4743, 31.5045 ] } },
{ "type": "Feature", "properties": { "event_id_cnty": "PSE64747", "event_date": "12/10/2024", "year": 2024, "time_precision": true, "disorder_type": "Political violence", "event_type": "Explosions/Remote violence", "sub_event_type": "Shelling/artillery/missile attack", "actor1": "Military Forces of Israel (2022-)", "assoc_actor_1": null, "inter1": 8, "actor2": "Civilians (Palestine)", "assoc_actor_2": null, "inter2": 7, "interaction": 78, "civilian_targeting": "Civilian targeting", "iso": 275, "region": "Middle East", "country": "Palestine", "admin1": "Gaza Strip", "admin2": "Gaza City", "admin3": null, "location": "Gaza - Ash Shati' Camp", "latitude": 31.5349, "longitude": 34.4466, "geo_precision": 2, "source": "Quds News Network", "source_scale": "National", "notes": "On 10 December 2024, Israeli tanks fired at houses in Mashroo Amer area in northwest of Gaza City, coded to Gaza - Ash Shati' Camp (Gaza City, Gaza Strip). Casualties unknown.", "fatalities": 0, "tags": null, "timestamp": 1759790002 }, "geometry": { "type": "Point", "coordinates": [ 34.4466, 31.5349 ] } },
{ "type": "Feature", "properties": { "event_id_cnty": "PSE64751", "event_date": "12/10/2024", "year": 2024, "time_precision": true, "disorder_type": "Political violence", "event_type": "Explosions/Remote violence", "sub_event_type": "Air/drone strike", "actor1": "Military Forces of Israel (2022-)", "assoc_actor_1": null, "inter1": 8, "actor2": "Civilians (Palestine)", "assoc_actor_2": null, "inter2": 7, "interaction": 78, "civilian_targeting": "Civilian targeting", "iso": 275, "region": "Middle East", "country": "Palestine", "admin1": "Gaza Strip", "admin2": "Gaza City", "admin3": null, "location": "Gaza - Sheikh Radwan", "latitude": 31.5349, "longitude": 34.4667, "geo_precision": 2, "source": "Palestine News and Information Agency", "source_scale": "National", "notes": "On 10 December 2024, Israeli warplanes targeted a six-floored house in north of Gaza - Sheikh Radwan (Gaza City, Gaza Strip) killing and injuring people with searches ongoing under the rubble. Unspecified fatalities coded to 3.", "fatalities": 3, "tags": null, "timestamp": 1759790002 }, "geometry": { "type": "Point", "coordinates": [ 34.4667, 31.5349 ] } },
{ "type": "Feature", "properties": { "event_id_cnty": "PSE64748", "event_date": "12/10/2024", "year": 2024, "time_precision": true, "disorder_type": "Political violence", "event_type": "Explosions/Remote violence", "sub_event_type": "Air/drone strike", "actor1": "Military Forces of Israel (2022-)", "assoc_actor_1": null, "inter1": 8, "actor2": "Civilians (Palestine)", "assoc_actor_2": null, "inter2": 7, "interaction": 78, "civilian_targeting": "Civilian targeting", "iso": 275, "region": "Middle East", "country": "Palestine", "admin1": "Gaza Strip", "admin2": "Gaza City", "admin3": null, "location": "Gaza - Az Zaytun", "latitude": 31.4964, "longitude": 34.4522, "geo_precision": 2, "source": "Quds News Network", "source_scale": "National", "notes": "On 10 December 2024, an Israeli drone targeted a group of people in Sekka street, east of Gaza - Az Zaytun (Gaza City, Gaza Strip) injuring some of them.", "fatalities": 0, "tags": null, "timestamp": 1759790002 }, "geometry": { "type": "Point", "coordinates": [ 34.4522, 31.4964 ] } },
{ "type": "Feature", "properties": { "event_id_cnty": "PSE64762", "event_date": "12/10/2024", "year": 2024, "time_precision": true, "disorder_type": "Political violence", "event_type": "Explosions/Remote violence", "sub_event_type": "Air/drone strike", "actor1": "Military Forces of Israel (2022-)", "assoc_actor_1": null, "inter1": 8, "actor2": "Civilians (Palestine)", "assoc_actor_2": null, "inter2": 7, "interaction": 78, "civilian_targeting": "Civilian targeting", "iso": 275, "region": "Middle East", "country": "Palestine", "admin1": "Gaza Strip", "admin2": "Rafah", "admin3": null, "location": "Khirbet al Adas", "latitude": 31.2855, "longitude": 34.2714, "geo_precision": 2, "source": "Palestine News and Information Agency", "source_scale": "National", "notes": "On 10 December 2024, an Israeli drone targeted a group of people north of Rafah city, coded to Khirbet al Adas (Rafah, Gaza Strip) killing 3 and injuring others. Another Israeli drone targeted Shakoush area in northwest of the city, killing 2 people.", "fatalities": 5, "tags": null, "timestamp": 1753956656 }, "geometry": { "type": "Point", "coordinates": [ 34.2714, 31.2855 ] } },
{ "type": "Feature", "properties": { "event_id_cnty": "PSE64763", "event_date": "12/10/2024", "year": 2024, "time_precision": true, "disorder_type": "Political violence", "event_type": "Explosions/Remote violence", "sub_event_type": "Air/drone strike", "actor1": "Military Forces of Israel (2022-)", "assoc_actor_1": null, "inter1": 8, "actor2": "Civilians (Palestine)", "assoc_actor_2": null, "inter2": 7, "interaction": 78, "civilian_targeting": "Civilian targeting", "iso": 275, "region": "Middle East", "country": "Palestine", "admin1": "Gaza Strip", "admin2": "Rafah", "admin3": null, "location": "Khirbet al Adas", "latitude": 31.2855, "longitude": 34.2714, "geo_precision": 1, "source": "Quds News Network", "source_scale": "National", "notes": "On 10 December 2024, an Israeli drone targeted Khirbet al Adas (Rafah, Gaza Strip) killing 1 person.", "fatalities": 1, "tags": null, "timestamp": 1753956656 }, "geometry": { "type": "Point", "coordinates": [ 34.2714, 31.2855 ] } },
{ "type": "Feature", "properties": { "event_id_cnty": "PSE64645", "event_date": "12/11/2024", "year": 2024, "time_precision": true, "disorder_type": "Political violence", "event_type": "Explosions/Remote violence", "sub_event_type": "Air/drone strike", "actor1": "Military Forces of Israel (2022-)", "assoc_actor_1": null, "inter1": 8, "actor2": "Civilians (Palestine)", "assoc_actor_2": "Refugees/IDPs (Palestine)", "inter2": 7, "interaction": 78, "civilian_targeting": "Civilian targeting", "iso": 275, "region": "Middle East", "country": "Palestine", "admin1": "Gaza Strip", "admin2": "Deir El Balah", "admin3": null, "location": "Al Burayj", "latitude": 31.4394, "longitude": 34.4031, "geo_precision": 1, "source": "Quds News Network", "source_scale": "National", "notes": "On 11 December 2024, Israeli artillery struck heavily the vicinity of Al Nuzair roundabout in block 12 in Al Burayj Camp (Deir El Balah, Gaza Strip). Israeli warplanes struck a home in block 12 in the same location. Casualties unknown.", "fatalities": 0, "tags": null, "timestamp": 1753956656 }, "geometry": { "type": "Point", "coordinates": [ 34.4031, 31.4394 ] } },
{ "type": "Feature", "properties": { "event_id_cnty": "PSE64647", "event_date": "12/11/2024", "year": 2024, "time_precision": true, "disorder_type": "Political violence", "event_type": "Explosions/Remote violence", "sub_event_type": "Air/drone strike", "actor1": "Military Forces of Israel (2022-)", "assoc_actor_1": null, "inter1": 8, "actor2": "Civilians (Palestine)", "assoc_actor_2": "Journalists (Palestine)", "inter2": 7, "interaction": 78, "civilian_targeting": "Civilian targeting", "iso": 275, "region": "Middle East", "country": "Palestine", "admin1": "Gaza Strip", "admin2": "Gaza City", "admin3": null, "location": "Gaza - Sheikh Radwan", "latitude": 31.5349, "longitude": 34.4667, "geo_precision": 1, "source": "Dunia Al Watan; Ma'an News Agency; Palestine News and Information Agency", "source_scale": "National", "notes": "On 11 December 2024, Israeli warplanes struck a residential building in Gaza - Sheikh Radwan (Gaza City, Gaza Strip), resulting in 5 dead, including a female journalist and her family members.", "fatalities": 5, "tags": null, "timestamp": 1759790002 }, "geometry": { "type": "Point", "coordinates": [ 34.4667, 31.5349 ] } },
{ "type": "Feature", "properties": { "event_id_cnty": "PSE64655", "event_date": "12/11/2024", "year": 2024, "time_precision": true, "disorder_type": "Political violence", "event_type": "Explosions/Remote violence", "sub_event_type": "Air/drone strike", "actor1": "Military Forces of Israel (2022-)", "assoc_actor_1": null, "inter1": 8, "actor2": "Civilians (Palestine)", "assoc_actor_2": null, "inter2": 7, "interaction": 78, "civilian_targeting": "Civilian targeting", "iso": 275, "region": "Middle East", "country": "Palestine", "admin1": "Gaza Strip", "admin2": "North Gaza", "admin3": null, "location": "Beit Lahiya - Al Mashroo", "latitude": 31.5433, "longitude": 34.4998, "geo_precision": 1, "source": "Palestine News and Information Agency", "source_scale": "National", "notes": "On 11 December 2024, Israeli warplanes struck a home and a group of people in the vicinity and at the entrance of Kamal Odwan Hospital in Beit Lahiya - Al Mashroo (North Gaza, Gaza Strip), with 22 dead pulled from under the rubble and others injured or missing. Additionally, Israeli warplanes and artillery struck the vicinity of Kamal Odwan Hospital. Israeli forces also used explosive-laden remotely operated vehicles (robots) in the vicinity of the hospital, causing damage to its structure. Israeli artillery shelling also targeted residential homes in Abou Jidyan roundabout. Total fatalities coded as 22.", "fatalities": 22, "tags": null, "timestamp": 1759179058 }, "geometry": { "type": "Point", "coordinates": [ 34.4998, 31.5433 ] } },
{ "type": "Feature", "properties": { "event_id_cnty": "PSE64766", "event_date": "12/11/2024", "year": 2024, "time_precision": true, "disorder_type": "Political violence", "event_type": "Explosions/Remote violence", "sub_event_type": "Air/drone strike", "actor1": "Military Forces of Israel (2022-)", "assoc_actor_1": null, "inter1": 8, "actor2": "Civilians (Palestine)", "assoc_actor_2": null, "inter2": 7, "interaction": 78, "civilian_targeting": "Civilian targeting", "iso": 275, "region": "Middle East", "country": "Palestine", "admin1": "Gaza Strip", "admin2": "Deir El Balah", "admin3": null, "location": "Al Maghazi", "latitude": 31.4214, "longitude": 34.3865, "geo_precision": 2, "source": "Palestine News and Information Agency; Quds News Network", "source_scale": "National", "notes": "On 11 December 2024, An Israeli drone 'Quadcopter' fired live shots east of Al Maghazi (Deir El Balah, Gaza Strip), resulting in one dead.", "fatalities": 1, "tags": null, "timestamp": 1753956656 }, "geometry": { "type": "Point", "coordinates": [ 34.3865, 31.4214 ] } },
{ "type": "Feature", "properties": { "event_id_cnty": "PSE64767", "event_date": "12/11/2024", "year": 2024, "time_precision": true, "disorder_type": "Political violence", "event_type": "Explosions/Remote violence", "sub_event_type": "Air/drone strike", "actor1": "Military Forces of Israel (2022-)", "assoc_actor_1": null, "inter1": 8, "actor2": "Civilians (Palestine)", "assoc_actor_2": "Refugees/IDPs (Palestine)", "inter2": 7, "interaction": 78, "civilian_targeting": "Civilian targeting", "iso": 275, "region": "Middle East", "country": "Palestine", "admin1": "Gaza Strip", "admin2": "Deir El Balah", "admin3": null, "location": "An Nusayrat", "latitude": 31.4486, "longitude": 34.3925, "geo_precision": 2, "source": "Palestine News and Information Agency", "source_scale": "National", "notes": "On 11 December 2024, Israeli warplanes struck block C in east of An Nusayrat Camp coded to An Nusayrat (Deir El Balah, Gaza Strip), resulting in 16 injuries and four dead.", "fatalities": 4, "tags": null, "timestamp": 1753956656 }, "geometry": { "type": "Point", "coordinates": [ 34.3925, 31.4486 ] } },
{ "type": "Feature", "properties": { "event_id_cnty": "PSE64769", "event_date": "12/11/2024", "year": 2024, "time_precision": true, "disorder_type": "Political violence", "event_type": "Explosions/Remote violence", "sub_event_type": "Air/drone strike", "actor1": "Military Forces of Israel (2022-)", "assoc_actor_1": null, "inter1": 8, "actor2": "Civilians (Palestine)", "assoc_actor_2": null, "inter2": 7, "interaction": 78, "civilian_targeting": "Civilian targeting", "iso": 275, "region": "Middle East", "country": "Palestine", "admin1": "Gaza Strip", "admin2": "Deir El Balah", "admin3": null, "location": "An Nusayrat - South", "latitude": 31.4389, "longitude": 34.3815, "geo_precision": 2, "source": "Newpress", "source_scale": "National", "notes": "On 11 December 2024, Israeli warplanes struck a home in Al Saffeen area southwest of An Nusayrat coded to An Nusayrat - South (Deir El Balah, Gaza Strip), resulting in 7 dead and 6 injured.", "fatalities": 7, "tags": null, "timestamp": 1753956656 }, "geometry": { "type": "Point", "coordinates": [ 34.3815, 31.4389 ] } },
{ "type": "Feature", "properties": { "event_id_cnty": "PSE64770", "event_date": "12/11/2024", "year": 2024, "time_precision": true, "disorder_type": "Political violence", "event_type": "Explosions/Remote violence", "sub_event_type": "Air/drone strike", "actor1": "Military Forces of Israel (2022-)", "assoc_actor_1": null, "inter1": 8, "actor2": "Civilians (Palestine)", "assoc_actor_2": null, "inter2": 7, "interaction": 78, "civilian_targeting": "Civilian targeting", "iso": 275, "region": "Middle East", "country": "Palestine", "admin1": "Gaza Strip", "admin2": "Deir El Balah", "admin3": null, "location": "An Nusayrat - West", "latitude": 31.4525, "longitude": 34.3756, "geo_precision": 1, "source": "Palestine News and Information Agency", "source_scale": "National", "notes": "On 11 December 2024, Israeli warplanes struck a home in An Nusayrat - West (Deir El Balah, Gaza Strip), resulting in 8 dead and others injured.", "fatalities": 8, "tags": null, "timestamp": 1753956656 }, "geometry": { "type": "Point", "coordinates": [ 34.3756, 31.4525 ] } },
{ "type": "Feature", "properties": { "event_id_cnty": "PSE64771", "event_date": "12/11/2024", "year": 2024, "time_precision": true, "disorder_type": "Political violence", "event_type": "Explosions/Remote violence", "sub_event_type": "Air/drone strike", "actor1": "Military Forces of Israel (2022-)", "assoc_actor_1": null, "inter1": 8, "actor2": "Civilians (Palestine)", "assoc_actor_2": null, "inter2": 7, "interaction": 78, "civilian_targeting": "Civilian targeting", "iso": 275, "region": "Middle East", "country": "Palestine", "admin1": "Gaza Strip", "admin2": "Deir El Balah", "admin3": null, "location": "Az Zawayda", "latitude": 31.4284, "longitude": 34.366, "geo_precision": 2, "source": "Palestine News and Information Agency; Quds News Network", "source_scale": "National", "notes": "On 11 December 2024, Israeli warplanes struck a home in Abou Jabara area east of Az Zawayda (Deir El Balah, Gaza Strip), resulting in one dead [child] and a number of injuries.", "fatalities": 1, "tags": null, "timestamp": 1767742780 }, "geometry": { "type": "Point", "coordinates": [ 34.366, 31.4284 ] } },
{ "type": "Feature", "properties": { "event_id_cnty": "PSE64772", "event_date": "12/11/2024", "year": 2024, "time_precision": true, "disorder_type": "Political violence", "event_type": "Explosions/Remote violence", "sub_event_type": "Shelling/artillery/missile attack", "actor1": "Military Forces of Israel (2022-)", "assoc_actor_1": null, "inter1": 8, "actor2": "Civilians (Palestine)", "assoc_actor_2": "Fishers (Palestine)", "inter2": 7, "interaction": 78, "civilian_targeting": "Civilian targeting", "iso": 275, "region": "Middle East", "country": "Palestine", "admin1": "Gaza Strip", "admin2": "Deir El Balah", "admin3": null, "location": "Coast of Deir al Balah", "latitude": 31.4323, "longitude": 34.3283, "geo_precision": 2, "source": "Quds News Network", "source_scale": "National", "notes": "On 11 December 2024, Israeli naval boats fired at a fisherman [likely targeting his boat] in the sea near Deir El Balah, coded to off the Coast of Deir al Balah (Deir El Balah, Gaza Strip), leaving him seriously injured.", "fatalities": 0, "tags": null, "timestamp": 1764045690 }, "geometry": { "type": "Point", "coordinates": [ 34.3283, 31.4323 ] } },
{ "type": "Feature", "properties": { "event_id_cnty": "PSE64773", "event_date": "12/11/2024", "year": 2024, "time_precision": true, "disorder_type": "Political violence", "event_type": "Explosions/Remote violence", "sub_event_type": "Air/drone strike", "actor1": "Military Forces of Israel (2022-)", "assoc_actor_1": null, "inter1": 8, "actor2": "Civilians (Palestine)", "assoc_actor_2": "Refugees/IDPs (Palestine)", "inter2": 7, "interaction": 78, "civilian_targeting": "Civilian targeting", "iso": 275, "region": "Middle East", "country": "Palestine", "admin1": "Gaza Strip", "admin2": "Deir El Balah", "admin3": null, "location": "Deir al Balah", "latitude": 31.4178, "longitude": 34.3503, "geo_precision": 1, "source": "Palestine News and Information Agency", "source_scale": "National", "notes": "On 11 December 2024, Israeli drones struck a group of people near Deir El Balah school where IDPs are sheltering in Deir al Balah (Deir El Balah, Gaza Strip), resulting in one dead and others injured.", "fatalities": 1, "tags": null, "timestamp": 1753956656 }, "geometry": { "type": "Point", "coordinates": [ 34.3503, 31.4178 ] } },
{ "type": "Feature", "properties": { "event_id_cnty": "PSE64774", "event_date": "12/11/2024", "year": 2024, "time_precision": true, "disorder_type": "Political violence", "event_type": "Explosions/Remote violence", "sub_event_type": "Air/drone strike", "actor1": "Military Forces of Israel (2022-)", "assoc_actor_1": null, "inter1": 8, "actor2": "Civilians (Palestine)", "assoc_actor_2": null, "inter2": 7, "interaction": 78, "civilian_targeting": "Civilian targeting", "iso": 275, "region": "Middle East", "country": "Palestine", "admin1": "Gaza Strip", "admin2": "Deir El Balah", "admin3": null, "location": "Deir al Balah Camp", "latitude": 31.4249, "longitude": 34.34, "geo_precision": 2, "source": "Palestine News and Information Agency", "source_scale": "National", "notes": "On 11 December 2024, Israeli warplanes struck a phone charging station east of Deir El Balah coded to Deir al Balah Camp (Deir El Balah, Gaza Strip), resulting in one dead.", "fatalities": 1, "tags": null, "timestamp": 1765850627 }, "geometry": { "type": "Point", "coordinates": [ 34.34, 31.4249 ] } },
{ "type": "Feature", "properties": { "event_id_cnty": "PSE64777", "event_date": "12/11/2024", "year": 2024, "time_precision": true, "disorder_type": "Political violence", "event_type": "Explosions/Remote violence", "sub_event_type": "Air/drone strike", "actor1": "Military Forces of Israel (2022-)", "assoc_actor_1": null, "inter1": 8, "actor2": "Civilians (Palestine)", "assoc_actor_2": null, "inter2": 7, "interaction": 78, "civilian_targeting": "Civilian targeting", "iso": 275, "region": "Middle East", "country": "Palestine", "admin1": "Gaza Strip", "admin2": "Gaza City", "admin3": null, "location": "Gaza - At Tuffah", "latitude": 31.5134, "longitude": 34.4751, "geo_precision": 1, "source": "Palestine News and Information Agency", "source_scale": "National", "notes": "On 11 December 2024, Israeli warplanes struck a group of people in the vicinity of Al Mahatta Mosque east of Yaffa Street in Gaza City in Gaza - At Tuffah (Gaza City, Gaza Strip), resulting in three dead.", "fatalities": 3, "tags": null, "timestamp": 1759790002 }, "geometry": { "type": "Point", "coordinates": [ 34.4751, 31.5134 ] } },
{ "type": "Feature", "properties": { "event_id_cnty": "PSE64780", "event_date": "12/11/2024", "year": 2024, "time_precision": true, "disorder_type": "Political violence", "event_type": "Explosions/Remote violence", "sub_event_type": "Air/drone strike", "actor1": "Military Forces of Israel (2022-)", "assoc_actor_1": null, "inter1": 8, "actor2": "Civilians (Palestine)", "assoc_actor_2": null, "inter2": 7, "interaction": 78, "civilian_targeting": "Civilian targeting", "iso": 275, "region": "Middle East", "country": "Palestine", "admin1": "Gaza Strip", "admin2": "Gaza City", "admin3": null, "location": "Gaza - Sabra", "latitude": 31.5086, "longitude": 34.4493, "geo_precision": 1, "source": "Quds News Network", "source_scale": "National", "notes": "On 11 December 2024, Israeli warplanes struck a home in Gaza - Sabra (Gaza City, Gaza Strip). Casualties unknown.", "fatalities": 0, "tags": null, "timestamp": 1759790002 }, "geometry": { "type": "Point", "coordinates": [ 34.4493, 31.5086 ] } },
{ "type": "Feature", "properties": { "event_id_cnty": "PSE64790", "event_date": "12/11/2024", "year": 2024, "time_precision": true, "disorder_type": "Political violence", "event_type": "Explosions/Remote violence", "sub_event_type": "Air/drone strike", "actor1": "Military Forces of Israel (2022-)", "assoc_actor_1": null, "inter1": 8, "actor2": "Civilians (Palestine)", "assoc_actor_2": null, "inter2": 7, "interaction": 78, "civilian_targeting": "Civilian targeting", "iso": 275, "region": "Middle East", "country": "Palestine", "admin1": "Gaza Strip", "admin2": "Rafah", "admin3": null, "location": "Al Mawasi (Rafah)", "latitude": 31.3294, "longitude": 34.2299, "geo_precision": 1, "source": "Palestine News and Information Agency", "source_scale": "National", "notes": "On 11 December 2024, Israeli warplanes struck Al Mawasi (Rafah), (Rafah, Gaza Strip), resulting in three dead [likely pulled out of the rubble].", "fatalities": 3, "tags": null, "timestamp": 1762829569 }, "geometry": { "type": "Point", "coordinates": [ 34.2299, 31.3294 ] } },
{ "type": "Feature", "properties": { "event_id_cnty": "PSE64778", "event_date": "12/11/2024", "year": 2024, "time_precision": true, "disorder_type": "Political violence", "event_type": "Explosions/Remote violence", "sub_event_type": "Air/drone strike", "actor1": "Military Forces of Israel (2022-)", "assoc_actor_1": null, "inter1": 8, "actor2": "Civilians (Palestine)", "assoc_actor_2": null, "inter2": 7, "interaction": 78, "civilian_targeting": "Civilian targeting", "iso": 275, "region": "Middle East", "country": "Palestine", "admin1": "Gaza Strip", "admin2": "Gaza City", "admin3": null, "location": "Gaza - Az Zaytun", "latitude": 31.4964, "longitude": 34.4522, "geo_precision": 1, "source": "Quds News Network", "source_scale": "National", "notes": "On 11 December 2024, Israeli warplanes struck a home in Gaza - Az Zaytun (Gaza City, Gaza Strip), resulting in two dead and others injured.", "fatalities": 2, "tags": null, "timestamp": 1759790002 }, "geometry": { "type": "Point", "coordinates": [ 34.4522, 31.4964 ] } },
{ "type": "Feature", "properties": { "event_id_cnty": "PSE64784", "event_date": "12/11/2024", "year": 2024, "time_precision": true, "disorder_type": "Political violence", "event_type": "Explosions/Remote violence", "sub_event_type": "Air/drone strike", "actor1": "Military Forces of Israel (2022-)", "assoc_actor_1": null, "inter1": 8, "actor2": "Civilians (Palestine)", "assoc_actor_2": null, "inter2": 7, "interaction": 78, "civilian_targeting": "Civilian targeting", "iso": 275, "region": "Middle East", "country": "Palestine", "admin1": "Gaza Strip", "admin2": "North Gaza", "admin3": null, "location": "Jabalya", "latitude": 31.5272, "longitude": 34.4835, "geo_precision": 1, "source": "Newpress", "source_scale": "National", "notes": "On 11 December 2024, Israeli warplanes struck a home in the vicinity of Al Ihessan Mosque in Jabalya (North Gaza, Gaza Strip). Casualties unknown.", "fatalities": 0, "tags": null, "timestamp": 1759790002 }, "geometry": { "type": "Point", "coordinates": [ 34.4835, 31.5272 ] } },
{ "type": "Feature", "properties": { "event_id_cnty": "PSE64650", "event_date": "12/12/2024", "year": 2024, "time_precision": true, "disorder_type": "Political violence", "event_type": "Explosions/Remote violence", "sub_event_type": "Air/drone strike", "actor1": "Military Forces of Israel (2022-)", "assoc_actor_1": null, "inter1": 8, "actor2": "Civilians (Palestine)", "assoc_actor_2": "Refugees/IDPs (Palestine)", "inter2": 7, "interaction": 78, "civilian_targeting": "Civilian targeting", "iso": 275, "region": "Middle East", "country": "Palestine", "admin1": "Gaza Strip", "admin2": "Deir El Balah", "admin3": null, "location": "An Nusayrat", "latitude": 31.4486, "longitude": 34.3925, "geo_precision": 1, "source": "Palestine News and Information Agency", "source_scale": "National", "notes": "On 12 December 2024, Israeli warplanes launched several raids on homes and a building in An Nusayrat camp (Deir El Balah, Gaza Strip, resulting in 40 dead, dozens injured and around 84 missing, most of whom are women and children.", "fatalities": 40, "tags": null, "timestamp": 1753956656 }, "geometry": { "type": "Point", "coordinates": [ 34.3925, 31.4486 ] } },
{ "type": "Feature", "properties": { "event_id_cnty": "PSE64656", "event_date": "12/12/2024", "year": 2024, "time_precision": true, "disorder_type": "Political violence", "event_type": "Explosions/Remote violence", "sub_event_type": "Air/drone strike", "actor1": "Military Forces of Israel (2022-)", "assoc_actor_1": null, "inter1": 8, "actor2": "Civilians (Palestine)", "assoc_actor_2": null, "inter2": 7, "interaction": 78, "civilian_targeting": "Civilian targeting", "iso": 275, "region": "Middle East", "country": "Palestine", "admin1": "Gaza Strip", "admin2": "Gaza City", "admin3": null, "location": "Gaza - Sheikh Radwan", "latitude": 31.5349, "longitude": 34.4667, "geo_precision": 1, "source": "Palestine News and Information Agency; Quds News Network", "source_scale": "National", "notes": "On 12 December 2024, An Israeli drone fired at residential home in Gaza - Sheikh Radwan (Gaza City, Gaza Strip), resulting in one child death and others injured. Also, Israeli warplanes struck a home close to Al Rafadin school in the same location. Fatalities coded as 1.", "fatalities": 1, "tags": null, "timestamp": 1759790002 }, "geometry": { "type": "Point", "coordinates": [ 34.4667, 31.5349 ] } },
{ "type": "Feature", "properties": { "event_id_cnty": "PSE64794", "event_date": "12/12/2024", "year": 2024, "time_precision": true, "disorder_type": "Political violence", "event_type": "Explosions/Remote violence", "sub_event_type": "Air/drone strike", "actor1": "Military Forces of Israel (2022-)", "assoc_actor_1": null, "inter1": 8, "actor2": "Civilians (Palestine)", "assoc_actor_2": "Refugees/IDPs (Palestine)", "inter2": 7, "interaction": 78, "civilian_targeting": "Civilian targeting", "iso": 275, "region": "Middle East", "country": "Palestine", "admin1": "Gaza Strip", "admin2": "Deir El Balah", "admin3": null, "location": "An Nusayrat - West", "latitude": 31.4525, "longitude": 34.3756, "geo_precision": 1, "source": "Palestine News and Information Agency; Quds News Network", "source_scale": "National", "notes": "On 12 December 2024, Israeli warplanes struck a home where IDPs were sheltering in An Nusayrat - West (Deir El Balah, Gaza Strip), resulting in 15 dead.", "fatalities": 15, "tags": null, "timestamp": 1753956656 }, "geometry": { "type": "Point", "coordinates": [ 34.3756, 31.4525 ] } },
{ "type": "Feature", "properties": { "event_id_cnty": "PSE64795", "event_date": "12/12/2024", "year": 2024, "time_precision": true, "disorder_type": "Political violence", "event_type": "Explosions/Remote violence", "sub_event_type": "Air/drone strike", "actor1": "Military Forces of Israel (2022-)", "assoc_actor_1": null, "inter1": 8, "actor2": "Civilians (Palestine)", "assoc_actor_2": null, "inter2": 7, "interaction": 78, "civilian_targeting": "Civilian targeting", "iso": 275, "region": "Middle East", "country": "Palestine", "admin1": "Gaza Strip", "admin2": "Deir El Balah", "admin3": null, "location": "Az Zawayda", "latitude": 31.4284, "longitude": 34.366, "geo_precision": 1, "source": "Quds News Network", "source_scale": "National", "notes": "On 12 December 2024, Israeli warplanes struck a home in Az Zawayda (Deir El Balah, Gaza Strip), resulting in injuries.", "fatalities": 0, "tags": null, "timestamp": 1767742780 }, "geometry": { "type": "Point", "coordinates": [ 34.366, 31.4284 ] } },
{ "type": "Feature", "properties": { "event_id_cnty": "PSE64800", "event_date": "12/12/2024", "year": 2024, "time_precision": true, "disorder_type": "Political violence", "event_type": "Explosions/Remote violence", "sub_event_type": "Air/drone strike", "actor1": "Military Forces of Israel (2022-)", "assoc_actor_1": null, "inter1": 8, "actor2": "Civilians (Palestine)", "assoc_actor_2": null, "inter2": 7, "interaction": 78, "civilian_targeting": "Civilian targeting", "iso": 275, "region": "Middle East", "country": "Palestine", "admin1": "Gaza Strip", "admin2": "Gaza City", "admin3": null, "location": "Gaza - Sabra", "latitude": 31.5086, "longitude": 34.4493, "geo_precision": 1, "source": "Palestine News and Information Agency", "source_scale": "National", "notes": "On 12 December 2024, Israeli helicopters fired at residential homes in Gaza - Sabra (Gaza City, Gaza Strip), Israeli warplanes also targeted a residential apartment close to Al moujam Al Islami, while Israeli artillery shelled the vicinity of Diwan Al Shariaa in the same location. Casualties unknown.", "fatalities": 0, "tags": null, "timestamp": 1759790002 }, "geometry": { "type": "Point", "coordinates": [ 34.4493, 31.5086 ] } },
{ "type": "Feature", "properties": { "event_id_cnty": "PSE64804", "event_date": "12/12/2024", "year": 2024, "time_precision": true, "disorder_type": "Political violence", "event_type": "Explosions/Remote violence", "sub_event_type": "Air/drone strike", "actor1": "Military Forces of Israel (2022-)", "assoc_actor_1": null, "inter1": 8, "actor2": "Civilians (Palestine)", "assoc_actor_2": null, "inter2": 7, "interaction": 78, "civilian_targeting": "Civilian targeting", "iso": 275, "region": "Middle East", "country": "Palestine", "admin1": "Gaza Strip", "admin2": "North Gaza", "admin3": null, "location": "Beit Lahiya - Al Mashroo", "latitude": 31.5433, "longitude": 34.4998, "geo_precision": 1, "source": "Quds News Network", "source_scale": "National", "notes": "On 12 December 2024, An Israeli drone 'Quadcopter' fired bombs at people in the vicinity of Kamal Odwan Hospital in Beit Lahiya - Al Mashroo (North Gaza, Gaza Strip), resulting In four injuries. Also, Israeli artillery shelled in Al Rabat area in the same location.", "fatalities": 0, "tags": null, "timestamp": 1753956656 }, "geometry": { "type": "Point", "coordinates": [ 34.4998, 31.5433 ] } },
{ "type": "Feature", "properties": { "event_id_cnty": "PSE64809", "event_date": "12/12/2024", "year": 2024, "time_precision": true, "disorder_type": "Political violence", "event_type": "Explosions/Remote violence", "sub_event_type": "Air/drone strike", "actor1": "Military Forces of Israel (2022-)", "assoc_actor_1": null, "inter1": 8, "actor2": "Civilians (Palestine)", "assoc_actor_2": "Health Workers (Palestine)", "inter2": 7, "interaction": 78, "civilian_targeting": "Civilian targeting", "iso": 275, "region": "Middle East", "country": "Palestine", "admin1": "Gaza Strip", "admin2": "Rafah", "admin3": null, "location": "Al Mawasi (Rafah)", "latitude": 31.3294, "longitude": 34.2299, "geo_precision": 1, "source": "Quds News Network", "source_scale": "National", "notes": "On 12 December 2024, Israeli warplanes struck the vicinity of an ambulance in Al Mawasi (Rafah), (Rafah, Gaza Strip), resulting in a health worker being injured.", "fatalities": 0, "tags": null, "timestamp": 1762829569 }, "geometry": { "type": "Point", "coordinates": [ 34.2299, 31.3294 ] } },
{ "type": "Feature", "properties": { "event_id_cnty": "PSE64810", "event_date": "12/12/2024", "year": 2024, "time_precision": true, "disorder_type": "Political violence", "event_type": "Explosions/Remote violence", "sub_event_type": "Air/drone strike", "actor1": "Military Forces of Israel (2022-)", "assoc_actor_1": null, "inter1": 8, "actor2": "Civilians (Palestine)", "assoc_actor_2": null, "inter2": 7, "interaction": 78, "civilian_targeting": "Civilian targeting", "iso": 275, "region": "Middle East", "country": "Palestine", "admin1": "Gaza Strip", "admin2": "Rafah", "admin3": null, "location": "An Nasr", "latitude": 31.2814, "longitude": 34.3025, "geo_precision": 1, "source": "Quds News Network", "source_scale": "National", "notes": "On 12 December 2024, Israeli warplanes launched a raid on a residential home in An Nasr (Rafah, Gaza Strip), resulting in injuries, among whom are children and one woman.", "fatalities": 0, "tags": null, "timestamp": 1753956656 }, "geometry": { "type": "Point", "coordinates": [ 34.3025, 31.2814 ] } },
{ "type": "Feature", "properties": { "event_id_cnty": "PSE64642", "event_date": "12/12/2024", "year": 2024, "time_precision": true, "disorder_type": "Political violence", "event_type": "Explosions/Remote violence", "sub_event_type": "Air/drone strike", "actor1": "Military Forces of Israel (2022-)", "assoc_actor_1": null, "inter1": 8, "actor2": "Civilians (Palestine)", "assoc_actor_2": "Health Workers (Palestine)", "inter2": 7, "interaction": 78, "civilian_targeting": "Civilian targeting", "iso": 275, "region": "Middle East", "country": "Palestine", "admin1": "Gaza Strip", "admin2": "North Gaza", "admin3": null, "location": "Jabalya", "latitude": 31.5272, "longitude": 34.4835, "geo_precision": 1, "source": "Newpress; Palestine News and Information Agency", "source_scale": "National", "notes": "On 12 December 2024, Israeli warplanes struck a home in Jabalya (North Gaza, Gaza Strip), resulting in two dead and others injured. Also, Israeli forces shot and killed a health worker in Al Odeh Hospital in the same location. Total Fatalities coded as 3.", "fatalities": 3, "tags": null, "timestamp": 1759790002 }, "geometry": { "type": "Point", "coordinates": [ 34.4835, 31.5272 ] } },
{ "type": "Feature", "properties": { "event_id_cnty": "PSE64798", "event_date": "12/12/2024", "year": 2024, "time_precision": true, "disorder_type": "Political violence", "event_type": "Explosions/Remote violence", "sub_event_type": "Air/drone strike", "actor1": "Military Forces of Israel (2022-)", "assoc_actor_1": null, "inter1": 8, "actor2": "Civilians (Palestine)", "assoc_actor_2": null, "inter2": 7, "interaction": 78, "civilian_targeting": "Civilian targeting", "iso": 275, "region": "Middle East", "country": "Palestine", "admin1": "Gaza Strip", "admin2": "Gaza City", "admin3": null, "location": "Gaza - Az Zaytun", "latitude": 31.4964, "longitude": 34.4522, "geo_precision": 1, "source": "Palestine News and Information Agency", "source_scale": "National", "notes": "On 12 December 2024, Israeli warplanes struck a residential building at the Abed Al Aal junction on Al Jalaa Street in Gaza - Az Zaytun (Gaza City, Gaza Strip), resulting in 10 dead, including women and children.", "fatalities": 10, "tags": null, "timestamp": 1759790002 }, "geometry": { "type": "Point", "coordinates": [ 34.4522, 31.4964 ] } },
{ "type": "Feature", "properties": { "event_id_cnty": "PSE64803", "event_date": "12/12/2024", "year": 2024, "time_precision": true, "disorder_type": "Political violence", "event_type": "Explosions/Remote violence", "sub_event_type": "Air/drone strike", "actor1": "Military Forces of Israel (2022-)", "assoc_actor_1": null, "inter1": 8, "actor2": "Civilians (Palestine)", "assoc_actor_2": null, "inter2": 7, "interaction": 78, "civilian_targeting": "Civilian targeting", "iso": 275, "region": "Middle East", "country": "Palestine", "admin1": "Gaza Strip", "admin2": "Khan Yunis", "admin3": null, "location": "Qizan an Najjar", "latitude": 31.323, "longitude": 34.2761, "geo_precision": 1, "source": "Quds News Network", "source_scale": "National", "notes": "On 12 December 2024, Israeli warplanes launched a raid in Qizan an Najjar (Khan Yunis, Gaza Strip), resulting in injuries.", "fatalities": 0, "tags": null, "timestamp": 1753956656 }, "geometry": { "type": "Point", "coordinates": [ 34.2761, 31.323 ] } },
{ "type": "Feature", "properties": { "event_id_cnty": "PSE64811", "event_date": "12/12/2024", "year": 2024, "time_precision": true, "disorder_type": "Political violence", "event_type": "Explosions/Remote violence", "sub_event_type": "Air/drone strike", "actor1": "Military Forces of Israel (2022-)", "assoc_actor_1": null, "inter1": 8, "actor2": "Civilians (Palestine)", "assoc_actor_2": null, "inter2": 7, "interaction": 78, "civilian_targeting": "Civilian targeting", "iso": 275, "region": "Middle East", "country": "Palestine", "admin1": "Gaza Strip", "admin2": "Rafah", "admin3": null, "location": "Khirbet al Adas", "latitude": 31.2855, "longitude": 34.2714, "geo_precision": 2, "source": "Quds News Network", "source_scale": "National", "notes": "On 12 December 2024, An Israeli drone targeted north of Rafah coded to Khirbet al Adas (Rafah, Gaza Strip), resulting in one dead.", "fatalities": 1, "tags": null, "timestamp": 1753956656 }, "geometry": { "type": "Point", "coordinates": [ 34.2714, 31.2855 ] } },
{ "type": "Feature", "properties": { "event_id_cnty": "PSE64813", "event_date": "12/13/2024", "year": 2024, "time_precision": true, "disorder_type": "Political violence", "event_type": "Explosions/Remote violence", "sub_event_type": "Air/drone strike", "actor1": "Military Forces of Israel (2022-)", "assoc_actor_1": null, "inter1": 8, "actor2": "Civilians (Palestine)", "assoc_actor_2": "Refugees/IDPs (Palestine)", "inter2": 7, "interaction": 78, "civilian_targeting": "Civilian targeting", "iso": 275, "region": "Middle East", "country": "Palestine", "admin1": "Gaza Strip", "admin2": "Deir El Balah", "admin3": null, "location": "An Nusayrat", "latitude": 31.4486, "longitude": 34.3925, "geo_precision": 1, "source": "Quds News Network", "source_scale": "National", "notes": "On 13 December 2024, Israeli warplanes launched a raid on a residential home and at the vicinity of Al Ahli club in An Nusayrat Camp (Deir El Balah, Gaza Strip), resulting in injuries.", "fatalities": 0, "tags": null, "timestamp": 1753956656 }, "geometry": { "type": "Point", "coordinates": [ 34.3925, 31.4486 ] } },
{ "type": "Feature", "properties": { "event_id_cnty": "PSE64814", "event_date": "12/13/2024", "year": 2024, "time_precision": true, "disorder_type": "Political violence", "event_type": "Explosions/Remote violence", "sub_event_type": "Air/drone strike", "actor1": "Military Forces of Israel (2022-)", "assoc_actor_1": null, "inter1": 8, "actor2": "Civilians (Palestine)", "assoc_actor_2": "Refugees/IDPs (Palestine)", "inter2": 7, "interaction": 78, "civilian_targeting": "Civilian targeting", "iso": 275, "region": "Middle East", "country": "Palestine", "admin1": "Gaza Strip", "admin2": "Deir El Balah", "admin3": null, "location": "An Nusayrat - North", "latitude": 31.4591, "longitude": 34.3923, "geo_precision": 1, "source": "Palestine News and Information Agency", "source_scale": "National", "notes": "On 13 December 2024, Israeli warplanes struck a group of people north the new camp in An Nusayrat - North (Deir El Balah, Gaza Strip), resulting in one dead and two injured. Also, Israeli artillery shelled the area [casualties unknown]. Fatalities coded at least 1.", "fatalities": 1, "tags": null, "timestamp": 1753956656 }, "geometry": { "type": "Point", "coordinates": [ 34.3923, 31.4591 ] } },
{ "type": "Feature", "properties": { "event_id_cnty": "PSE64817", "event_date": "12/13/2024", "year": 2024, "time_precision": true, "disorder_type": "Political violence", "event_type": "Explosions/Remote violence", "sub_event_type": "Air/drone strike", "actor1": "Military Forces of Israel (2022-)", "assoc_actor_1": null, "inter1": 8, "actor2": "Civilians (Palestine)", "assoc_actor_2": null, "inter2": 7, "interaction": 78, "civilian_targeting": "Civilian targeting", "iso": 275, "region": "Middle East", "country": "Palestine", "admin1": "Gaza Strip", "admin2": "Gaza City", "admin3": null, "location": "Gaza", "latitude": 31.5045, "longitude": 34.4743, "geo_precision": 1, "source": "Palestine News and Information Agency", "source_scale": "National", "notes": "On 13 December 2024, Israeli warplanes launched a series of raids in several neighborhoods in Gaza City coded to Gaza (Gaza City, Gaza Strip). Also, Israeli warplanes struck a home and a gathering of people in the same location, resulting in 4 dead and 8 injured.", "fatalities": 4, "tags": null, "timestamp": 1759790002 }, "geometry": { "type": "Point", "coordinates": [ 34.4743, 31.5045 ] } },
{ "type": "Feature", "properties": { "event_id_cnty": "PSE64818", "event_date": "12/13/2024", "year": 2024, "time_precision": true, "disorder_type": "Political violence", "event_type": "Explosions/Remote violence", "sub_event_type": "Air/drone strike", "actor1": "Military Forces of Israel (2022-)", "assoc_actor_1": null, "inter1": 8, "actor2": "Civilians (Palestine)", "assoc_actor_2": null, "inter2": 7, "interaction": 78, "civilian_targeting": "Civilian targeting", "iso": 275, "region": "Middle East", "country": "Palestine", "admin1": "Gaza Strip", "admin2": "Gaza City", "admin3": null, "location": "Gaza - At Tuffah", "latitude": 31.5134, "longitude": 34.4751, "geo_precision": 1, "source": "Quds News Network", "source_scale": "National", "notes": "On 13 December 2024, Israeli warplanes launched a raid on a home Yaffa street in Gaza - At Tuffah (Gaza City, Gaza Strip) . Casualties unknown.", "fatalities": 0, "tags": null, "timestamp": 1759790002 }, "geometry": { "type": "Point", "coordinates": [ 34.4751, 31.5134 ] } },
{ "type": "Feature", "properties": { "event_id_cnty": "PSE64820", "event_date": "12/13/2024", "year": 2024, "time_precision": true, "disorder_type": "Political violence", "event_type": "Explosions/Remote violence", "sub_event_type": "Air/drone strike", "actor1": "Military Forces of Israel (2022-)", "assoc_actor_1": null, "inter1": 8, "actor2": "Civilians (Palestine)", "assoc_actor_2": null, "inter2": 7, "interaction": 78, "civilian_targeting": "Civilian targeting", "iso": 275, "region": "Middle East", "country": "Palestine", "admin1": "Gaza Strip", "admin2": "Gaza City", "admin3": null, "location": "Gaza - Nasr", "latitude": 31.534, "longitude": 34.4574, "geo_precision": 1, "source": "Palestine News and Information Agency", "source_scale": "National", "notes": "On 13 December 2024, Israeli warplanes struck a group of people close to the Italian compound in Gaza - Nasr (Gaza City, Gaza Strip), resulting in 4 dead and 5 injured.", "fatalities": 4, "tags": null, "timestamp": 1753956656 }, "geometry": { "type": "Point", "coordinates": [ 34.4574, 31.534 ] } },
{ "type": "Feature", "properties": { "event_id_cnty": "PSE64822", "event_date": "12/13/2024", "year": 2024, "time_precision": true, "disorder_type": "Political violence", "event_type": "Explosions/Remote violence", "sub_event_type": "Air/drone strike", "actor1": "Military Forces of Israel (2022-)", "assoc_actor_1": null, "inter1": 8, "actor2": "Civilians (Palestine)", "assoc_actor_2": null, "inter2": 7, "interaction": 78, "civilian_targeting": "Civilian targeting", "iso": 275, "region": "Middle East", "country": "Palestine", "admin1": "Gaza Strip", "admin2": "Gaza City", "admin3": null, "location": "Gaza - Sabra", "latitude": 31.5086, "longitude": 34.4493, "geo_precision": 1, "source": "Palestine News and Information Agency", "source_scale": "National", "notes": "On 13 December 2024, Israeli warplanes struck a home in Gaza - Sabra (Gaza City, Gaza Strip), resulting in one dead and 3 injured.", "fatalities": 1, "tags": null, "timestamp": 1759790002 }, "geometry": { "type": "Point", "coordinates": [ 34.4493, 31.5086 ] } },
{ "type": "Feature", "properties": { "event_id_cnty": "PSE64824", "event_date": "12/13/2024", "year": 2024, "time_precision": true, "disorder_type": "Political violence", "event_type": "Explosions/Remote violence", "sub_event_type": "Air/drone strike", "actor1": "Military Forces of Israel (2022-)", "assoc_actor_1": null, "inter1": 8, "actor2": "Civilians (Palestine)", "assoc_actor_2": null, "inter2": 7, "interaction": 78, "civilian_targeting": "Civilian targeting", "iso": 275, "region": "Middle East", "country": "Palestine", "admin1": "Gaza Strip", "admin2": "Khan Yunis", "admin3": null, "location": "Al Fukhari", "latitude": 31.2952, "longitude": 34.3332, "geo_precision": 2, "source": "Quds News Network", "source_scale": "National", "notes": "On 13 December 2024, Israeli warplanes struck a group of people in the vicinity of Al Fukhari area in Al Naffaq street (Khan Yunis, Gaza Strip), resulting in injuries.", "fatalities": 0, "tags": null, "timestamp": 1753956656 }, "geometry": { "type": "Point", "coordinates": [ 34.3332, 31.2952 ] } },
{ "type": "Feature", "properties": { "event_id_cnty": "PSE64828", "event_date": "12/13/2024", "year": 2024, "time_precision": true, "disorder_type": "Political violence", "event_type": "Explosions/Remote violence", "sub_event_type": "Air/drone strike", "actor1": "Military Forces of Israel (2022-)", "assoc_actor_1": null, "inter1": 8, "actor2": "Civilians (Palestine)", "assoc_actor_2": null, "inter2": 7, "interaction": 78, "civilian_targeting": "Civilian targeting", "iso": 275, "region": "Middle East", "country": "Palestine", "admin1": "Gaza Strip", "admin2": "North Gaza", "admin3": null, "location": "Beit Lahiya - Al Mashroo", "latitude": 31.5433, "longitude": 34.4998, "geo_precision": 1, "source": "Quds News Network", "source_scale": "National", "notes": "On 13 December 2024, Israeli warplanes struck a group of people in the vicinity of Kamal Odwan Hospital in Beit Lahiya - Al Mashroo (North Gaza, Gaza Strip), resulting in injuries.", "fatalities": 0, "tags": null, "timestamp": 1753956656 }, "geometry": { "type": "Point", "coordinates": [ 34.4998, 31.5433 ] } },
{ "type": "Feature", "properties": { "event_id_cnty": "PSE64837", "event_date": "12/13/2024", "year": 2024, "time_precision": true, "disorder_type": "Political violence", "event_type": "Explosions/Remote violence", "sub_event_type": "Shelling/artillery/missile attack", "actor1": "Military Forces of Israel (2022-)", "assoc_actor_1": null, "inter1": 8, "actor2": "Civilians (Palestine)", "assoc_actor_2": null, "inter2": 7, "interaction": 78, "civilian_targeting": "Civilian targeting", "iso": 275, "region": "Middle East", "country": "Palestine", "admin1": "Gaza Strip", "admin2": "Rafah", "admin3": null, "location": "Al Mawasi (Rafah)", "latitude": 31.3294, "longitude": 34.2299, "geo_precision": 1, "source": "Quds News Network", "source_scale": "National", "notes": "On 13 December 2024, Israeli artillery shot fire in Al Mawasi (Rafah), (Rafah, Gaza Strip), resulting in injuries.", "fatalities": 0, "tags": null, "timestamp": 1762829569 }, "geometry": { "type": "Point", "coordinates": [ 34.2299, 31.3294 ] } },
{ "type": "Feature", "properties": { "event_id_cnty": "PSE64648", "event_date": "12/13/2024", "year": 2024, "time_precision": true, "disorder_type": "Political violence", "event_type": "Explosions/Remote violence", "sub_event_type": "Air/drone strike", "actor1": "Military Forces of Israel (2022-)", "assoc_actor_1": null, "inter1": 8, "actor2": "Civilians (Palestine)", "assoc_actor_2": "Journalists (Palestine)", "inter2": 7, "interaction": 78, "civilian_targeting": "Civilian targeting", "iso": 275, "region": "Middle East", "country": "Palestine", "admin1": "Gaza Strip", "admin2": "Gaza City", "admin3": null, "location": "Gaza - Az Zaytun", "latitude": 31.4964, "longitude": 34.4522, "geo_precision": 2, "source": "Palestine News and Information Agency", "source_scale": "National", "notes": "On 13 December 2024, Israeli warplanes struck a group of people in the vicinity of Al Sinaa headquarters south of Gaza city coded to Gaza - Az Zaytun (Gaza City, Gaza Strip), resulting in two dead (including a journalist) and others injured", "fatalities": 2, "tags": null, "timestamp": 1759790002 }, "geometry": { "type": "Point", "coordinates": [ 34.4522, 31.4964 ] } },
{ "type": "Feature", "properties": { "event_id_cnty": "PSE64819", "event_date": "12/13/2024", "year": 2024, "time_precision": true, "disorder_type": "Political violence", "event_type": "Explosions/Remote violence", "sub_event_type": "Air/drone strike", "actor1": "Military Forces of Israel (2022-)", "assoc_actor_1": null, "inter1": 8, "actor2": "Civilians (Palestine)", "assoc_actor_2": null, "inter2": 7, "interaction": 78, "civilian_targeting": "Civilian targeting", "iso": 275, "region": "Middle East", "country": "Palestine", "admin1": "Gaza Strip", "admin2": "Gaza City", "admin3": null, "location": "Gaza - Az Zaytun", "latitude": 31.4964, "longitude": 34.4522, "geo_precision": 1, "source": "Palestine News and Information Agency", "source_scale": "National", "notes": "On 13 December 2024, Israeli warplanes struck a home in Gaza - Az Zaytun (Gaza City, Gaza Strip), resulting in 3 dead and 5 injured.", "fatalities": 3, "tags": null, "timestamp": 1759790002 }, "geometry": { "type": "Point", "coordinates": [ 34.4522, 31.4964 ] } },
{ "type": "Feature", "properties": { "event_id_cnty": "PSE64829", "event_date": "12/13/2024", "year": 2024, "time_precision": true, "disorder_type": "Political violence", "event_type": "Explosions/Remote violence", "sub_event_type": "Air/drone strike", "actor1": "Military Forces of Israel (2022-)", "assoc_actor_1": null, "inter1": 8, "actor2": "Civilians (Palestine)", "assoc_actor_2": null, "inter2": 7, "interaction": 78, "civilian_targeting": "Civilian targeting", "iso": 275, "region": "Middle East", "country": "Palestine", "admin1": "Gaza Strip", "admin2": "North Gaza", "admin3": null, "location": "Jabalya", "latitude": 31.5272, "longitude": 34.4835, "geo_precision": 1, "source": "Palestine News and Information Agency", "source_scale": "National", "notes": "On 13 December 2024, Israeli warplanes struck a home in Jabalya (North Gaza, Gaza Strip), resulting in fatalities and injuries [unspecified number of fatalities coded as 3].", "fatalities": 3, "tags": null, "timestamp": 1759790002 }, "geometry": { "type": "Point", "coordinates": [ 34.4835, 31.5272 ] } },
{ "type": "Feature", "properties": { "event_id_cnty": "PSE64830", "event_date": "12/13/2024", "year": 2024, "time_precision": true, "disorder_type": "Political violence", "event_type": "Explosions/Remote violence", "sub_event_type": "Air/drone strike", "actor1": "Military Forces of Israel (2022-)", "assoc_actor_1": null, "inter1": 8, "actor2": "Civilians (Palestine)", "assoc_actor_2": null, "inter2": 7, "interaction": 78, "civilian_targeting": "Civilian targeting", "iso": 275, "region": "Middle East", "country": "Palestine", "admin1": "Gaza Strip", "admin2": "North Gaza", "admin3": null, "location": "Jabalya", "latitude": 31.5272, "longitude": 34.4835, "geo_precision": 2, "source": "Quds News Network", "source_scale": "National", "notes": "On 13 December 2024, Israeli warplanes struck a home east of Jabalya (North Gaza, Gaza Strip), resulting in one injury.", "fatalities": 0, "tags": null, "timestamp": 1759790002 }, "geometry": { "type": "Point", "coordinates": [ 34.4835, 31.5272 ] } },
{ "type": "Feature", "properties": { "event_id_cnty": "PSE64825", "event_date": "12/13/2024", "year": 2024, "time_precision": true, "disorder_type": "Political violence", "event_type": "Explosions/Remote violence", "sub_event_type": "Air/drone strike", "actor1": "Military Forces of Israel (2022-)", "assoc_actor_1": null, "inter1": 8, "actor2": "Civilians (Palestine)", "assoc_actor_2": "Refugees/IDPs (Palestine)", "inter2": 7, "interaction": 78, "civilian_targeting": "Civilian targeting", "iso": 275, "region": "Middle East", "country": "Palestine", "admin1": "Gaza Strip", "admin2": "Khan Yunis", "admin3": null, "location": "Qizan an Najjar", "latitude": 31.323, "longitude": 34.2761, "geo_precision": 2, "source": "Quds News Network", "source_scale": "National", "notes": "On 13 December 2024, Israeli warplanes struck IDPs tents in in the area of Qizan an Najjar and Jourat Al-Loot (Khan Yunis, Gaza Strip), resulting in fatalities and injuries [unspecified number of fatalities coded as 3]..", "fatalities": 3, "tags": null, "timestamp": 1753956656 }, "geometry": { "type": "Point", "coordinates": [ 34.2761, 31.323 ] } },
{ "type": "Feature", "properties": { "event_id_cnty": "PSE65425", "event_date": "12/14/2024", "year": 2024, "time_precision": true, "disorder_type": "Political violence", "event_type": "Explosions/Remote violence", "sub_event_type": "Air/drone strike", "actor1": "Military Forces of Israel (2022-)", "assoc_actor_1": null, "inter1": 8, "actor2": "Civilians (Palestine)", "assoc_actor_2": null, "inter2": 7, "interaction": 78, "civilian_targeting": "Civilian targeting", "iso": 275, "region": "Middle East", "country": "Palestine", "admin1": "Gaza Strip", "admin2": "North Gaza", "admin3": null, "location": "Beit Lahiya - Al Mashroo", "latitude": 31.5433, "longitude": 34.4998, "geo_precision": 1, "source": "Palestine News and Information Agency; Quds News Network", "source_scale": "National", "notes": "On 14 December 2024, Israeli warplanes and quadcopter drones targeted Beit Lahiya - Al Mashroo (North Gaza, Gaza Strip) and houses in the vicinity of Kamal Adwan Hospital killing 3 persons. Israeli artillery also targeted Abu Jidian area in the same location. Casualties unknown. Total fatalities coded as 3.", "fatalities": 3, "tags": null, "timestamp": 1753956656 }, "geometry": { "type": "Point", "coordinates": [ 34.4998, 31.5433 ] } },
{ "type": "Feature", "properties": { "event_id_cnty": "PSE65430", "event_date": "12/14/2024", "year": 2024, "time_precision": true, "disorder_type": "Political violence", "event_type": "Explosions/Remote violence", "sub_event_type": "Air/drone strike", "actor1": "Military Forces of Israel (2022-)", "assoc_actor_1": null, "inter1": 8, "actor2": "Civilians (Palestine)", "assoc_actor_2": null, "inter2": 7, "interaction": 78, "civilian_targeting": "Civilian targeting", "iso": 275, "region": "Middle East", "country": "Palestine", "admin1": "Gaza Strip", "admin2": "Gaza City", "admin3": null, "location": "Gaza", "latitude": 31.5045, "longitude": 34.4743, "geo_precision": 1, "source": "Newpress; Palestine News and Information Agency; Twitter", "source_scale": "New media-National", "notes": "On 14 December 2024, an Israeli drone targeted a group of people in Gaza (Gaza City, Gaza Strip) killing 1 woman and injuring others. Israeli forces launched an airstrike on a house in the same location. Casualties unknown. Total confirmed fatalities is 1.", "fatalities": 1, "tags": null, "timestamp": 1759790002 }, "geometry": { "type": "Point", "coordinates": [ 34.4743, 31.5045 ] } },
{ "type": "Feature", "properties": { "event_id_cnty": "PSE65431", "event_date": "12/14/2024", "year": 2024, "time_precision": true, "disorder_type": "Political violence", "event_type": "Explosions/Remote violence", "sub_event_type": "Air/drone strike", "actor1": "Military Forces of Israel (2022-)", "assoc_actor_1": null, "inter1": 8, "actor2": "Civilians (Palestine)", "assoc_actor_2": "Refugees/IDPs (Palestine)", "inter2": 7, "interaction": 78, "civilian_targeting": "Civilian targeting", "iso": 275, "region": "Middle East", "country": "Palestine", "admin1": "Gaza Strip", "admin2": "Gaza City", "admin3": null, "location": "Gaza - Southern Remal", "latitude": 31.5168, "longitude": 34.4355, "geo_precision": 1, "source": "Dunia Al Watan; Palestine News and Information Agency; Quds News Network", "source_scale": "National", "notes": "On 14 December 2024, Israeli warplanes targeted AlMajida school sheltering IDPs in Gaza - Southern Remal (Gaza City, Gaza Strip) killing 7 and injuring 20 others. On the same day, Israeli warplanes targeted a house on Lababidi street in the same location. Casualties unknown. Total fatalities coded at least 7.", "fatalities": 7, "tags": null, "timestamp": 1759790002 }, "geometry": { "type": "Point", "coordinates": [ 34.4355, 31.5168 ] } },
{ "type": "Feature", "properties": { "event_id_cnty": "PSE65433", "event_date": "12/14/2024", "year": 2024, "time_precision": true, "disorder_type": "Political violence", "event_type": "Explosions/Remote violence", "sub_event_type": "Air/drone strike", "actor1": "Military Forces of Israel (2022-)", "assoc_actor_1": null, "inter1": 8, "actor2": "Civilians (Palestine)", "assoc_actor_2": null, "inter2": 7, "interaction": 78, "civilian_targeting": "Civilian targeting", "iso": 275, "region": "Middle East", "country": "Palestine", "admin1": "Gaza Strip", "admin2": "Rafah", "admin3": null, "location": "Al Mawasi (Rafah)", "latitude": 31.3294, "longitude": 34.2299, "geo_precision": 1, "source": "Palestine News and Information Agency", "source_scale": "National", "notes": "On 14 December 2024, Israeli quadcopter drones targeted Al Mawasi (Rafah) (Rafah, Gaza Strip) injuring 5 people. On the same day, a person was found killed in the same location, presumably by the same strike.", "fatalities": 1, "tags": null, "timestamp": 1762829569 }, "geometry": { "type": "Point", "coordinates": [ 34.2299, 31.3294 ] } },
{ "type": "Feature", "properties": { "event_id_cnty": "PSE65435", "event_date": "12/14/2024", "year": 2024, "time_precision": true, "disorder_type": "Political violence", "event_type": "Explosions/Remote violence", "sub_event_type": "Air/drone strike", "actor1": "Military Forces of Israel (2022-)", "assoc_actor_1": null, "inter1": 8, "actor2": "Civilians (Palestine)", "assoc_actor_2": null, "inter2": 7, "interaction": 78, "civilian_targeting": "Civilian targeting", "iso": 275, "region": "Middle East", "country": "Palestine", "admin1": "Gaza Strip", "admin2": "Deir El Balah", "admin3": null, "location": "Al Burayj", "latitude": 31.4394, "longitude": 34.4031, "geo_precision": 2, "source": "Quds News Network", "source_scale": "National", "notes": "On 14 December 2024, Israeli warplanes targeted a group of people east of Al Burayj camp (Deir El Balah, Gaza Strip) killing 1 person and injuring two others.", "fatalities": 1, "tags": null, "timestamp": 1753956656 }, "geometry": { "type": "Point", "coordinates": [ 34.4031, 31.4394 ] } },
{ "type": "Feature", "properties": { "event_id_cnty": "PSE65436", "event_date": "12/14/2024", "year": 2024, "time_precision": true, "disorder_type": "Political violence", "event_type": "Explosions/Remote violence", "sub_event_type": "Air/drone strike", "actor1": "Military Forces of Israel (2022-)", "assoc_actor_1": null, "inter1": 8, "actor2": "Civilians (Palestine)", "assoc_actor_2": "Refugees/IDPs (Palestine)", "inter2": 7, "interaction": 78, "civilian_targeting": "Civilian targeting", "iso": 275, "region": "Middle East", "country": "Palestine", "admin1": "Gaza Strip", "admin2": "Deir El Balah", "admin3": null, "location": "Wadi as Salqa", "latitude": 31.4005, "longitude": 34.3375, "geo_precision": 2, "source": "Palestine News and Information Agency", "source_scale": "National", "notes": "On 14 December 2024, Israeli warplanes targeted an IDPs tent south of Deir al Balah, coded to Wadi as Salqa (Deir El Balah, Gaza Strip) killing 4 people and injuring others.", "fatalities": 4, "tags": null, "timestamp": 1753956656 }, "geometry": { "type": "Point", "coordinates": [ 34.3375, 31.4005 ] } },
{ "type": "Feature", "properties": { "event_id_cnty": "PSE65437", "event_date": "12/14/2024", "year": 2024, "time_precision": true, "disorder_type": "Political violence", "event_type": "Explosions/Remote violence", "sub_event_type": "Air/drone strike", "actor1": "Military Forces of Israel (2022-)", "assoc_actor_1": null, "inter1": 8, "actor2": "Civilians (Palestine)", "assoc_actor_2": "Journalists (Palestine); Refugees/IDPs (Palestine)", "inter2": 7, "interaction": 78, "civilian_targeting": "Civilian targeting", "iso": 275, "region": "Middle East", "country": "Palestine", "admin1": "Gaza Strip", "admin2": "Deir El Balah", "admin3": null, "location": "Al Burayj", "latitude": 31.4394, "longitude": 34.4031, "geo_precision": 1, "source": "Quds News Network", "source_scale": "National", "notes": "On 14 December 2024, Israeli warplanes targeted a house in Block 6 of Al Burayj camp (Deir El Balah, Gaza Strip) and killed 5 people, including a journalist and injured many others.", "fatalities": 5, "tags": null, "timestamp": 1753956656 }, "geometry": { "type": "Point", "coordinates": [ 34.4031, 31.4394 ] } },
{ "type": "Feature", "properties": { "event_id_cnty": "PSE65438", "event_date": "12/14/2024", "year": 2024, "time_precision": true, "disorder_type": "Political violence", "event_type": "Explosions/Remote violence", "sub_event_type": "Air/drone strike", "actor1": "Military Forces of Israel (2022-)", "assoc_actor_1": null, "inter1": 8, "actor2": "Civilians (Palestine)", "assoc_actor_2": null, "inter2": 7, "interaction": 78, "civilian_targeting": "Civilian targeting", "iso": 275, "region": "Middle East", "country": "Palestine", "admin1": "Gaza Strip", "admin2": "Gaza City", "admin3": null, "location": "Gaza - Nasr", "latitude": 31.534, "longitude": 34.4574, "geo_precision": 1, "source": "Palestine News and Information Agency", "source_scale": "National", "notes": "On 14 December 2024, an Israeli drone targeted a group of people in Gaza - Nasr (Gaza City, Gaza Strip) killing at least 2 people and injuring others.", "fatalities": 2, "tags": null, "timestamp": 1753956656 }, "geometry": { "type": "Point", "coordinates": [ 34.4574, 31.534 ] } },
{ "type": "Feature", "properties": { "event_id_cnty": "PSE65440", "event_date": "12/14/2024", "year": 2024, "time_precision": true, "disorder_type": "Political violence", "event_type": "Explosions/Remote violence", "sub_event_type": "Air/drone strike", "actor1": "Military Forces of Israel (2022-)", "assoc_actor_1": null, "inter1": 8, "actor2": "Civilians (Palestine)", "assoc_actor_2": "Journalists (Palestine)", "inter2": 7, "interaction": 78, "civilian_targeting": "Civilian targeting", "iso": 275, "region": "Middle East", "country": "Palestine", "admin1": "Gaza Strip", "admin2": "Gaza City", "admin3": null, "location": "Gaza - Sheikh Radwan", "latitude": 31.5349, "longitude": 34.4667, "geo_precision": 1, "source": "Dunia Al Watan; Palestine News and Information Agency; Quds News Network", "source_scale": "National", "notes": "On 14 December 2024, Israeli warplanes targeted a house in Gaza - Sheikh Radwan (Gaza City, Gaza Strip) killing a Palestinian journalist and injuring others.", "fatalities": 1, "tags": null, "timestamp": 1759790002 }, "geometry": { "type": "Point", "coordinates": [ 34.4667, 31.5349 ] } },
{ "type": "Feature", "properties": { "event_id_cnty": "PSE65451", "event_date": "12/14/2024", "year": 2024, "time_precision": true, "disorder_type": "Political violence", "event_type": "Explosions/Remote violence", "sub_event_type": "Air/drone strike", "actor1": "Military Forces of Israel (2022-)", "assoc_actor_1": null, "inter1": 8, "actor2": "Civilians (Palestine)", "assoc_actor_2": "Refugees/IDPs (Palestine)", "inter2": 7, "interaction": 78, "civilian_targeting": "Civilian targeting", "iso": 275, "region": "Middle East", "country": "Palestine", "admin1": "Gaza Strip", "admin2": "Khan Yunis", "admin3": null, "location": "Abasan al Jadidah", "latitude": 31.3416, "longitude": 34.3459, "geo_precision": 1, "source": "Newpress; Twitter", "source_scale": "New media-National", "notes": "On 14 December 2024, Israeli forces, likely warplanes, targeted a group of people in Abasan al Jadidah (Khan Yunis, Gaza Strip) killing two brothers.", "fatalities": 2, "tags": null, "timestamp": 1753956656 }, "geometry": { "type": "Point", "coordinates": [ 34.3459, 31.3416 ] } },
{ "type": "Feature", "properties": { "event_id_cnty": "PSE65452", "event_date": "12/14/2024", "year": 2024, "time_precision": true, "disorder_type": "Political violence", "event_type": "Explosions/Remote violence", "sub_event_type": "Air/drone strike", "actor1": "Military Forces of Israel (2022-)", "assoc_actor_1": null, "inter1": 8, "actor2": "Civilians (Palestine)", "assoc_actor_2": "Refugees/IDPs (Palestine)", "inter2": 7, "interaction": 78, "civilian_targeting": "Civilian targeting", "iso": 275, "region": "Middle East", "country": "Palestine", "admin1": "Gaza Strip", "admin2": "Deir El Balah", "admin3": null, "location": "Al Musaddar", "latitude": 31.4105, "longitude": 34.378, "geo_precision": 2, "source": "Al Ghad (Jordan); Palestine News and Information Agency; Quds News Network", "source_scale": "National-Regional", "notes": "On 14 December 2024, Israeli helicopters targeted an IDPs tent west of Deir al Balah city, coded to Al Musaddar (Deir El Balah, Gaza Strip) injuring several people.", "fatalities": 0, "tags": null, "timestamp": 1765850627 }, "geometry": { "type": "Point", "coordinates": [ 34.378, 31.4105 ] } },
{ "type": "Feature", "properties": { "event_id_cnty": "PSE65538", "event_date": "12/14/2024", "year": 2024, "time_precision": true, "disorder_type": "Political violence", "event_type": "Explosions/Remote violence", "sub_event_type": "Shelling/artillery/missile attack", "actor1": "Military Forces of Israel (2022-)", "assoc_actor_1": null, "inter1": 8, "actor2": "Civilians (Palestine)", "assoc_actor_2": "Refugees/IDPs (Palestine)", "inter2": 7, "interaction": 78, "civilian_targeting": "Civilian targeting", "iso": 275, "region": "Middle East", "country": "Palestine", "admin1": "Gaza Strip", "admin2": "Deir El Balah", "admin3": null, "location": "An Nusayrat - West", "latitude": 31.4525, "longitude": 34.3756, "geo_precision": 1, "source": "Palestine News and Information Agency", "source_scale": "National", "notes": "On 14 December 2024, Israeli warships targeted IDPs in An Nusayrat - West (Deir El Balah, Gaza Strip) killing 1 person and injuring another.", "fatalities": 1, "tags": null, "timestamp": 1753956656 }, "geometry": { "type": "Point", "coordinates": [ 34.3756, 31.4525 ] } },
{ "type": "Feature", "properties": { "event_id_cnty": "PSE65422", "event_date": "12/14/2024", "year": 2024, "time_precision": true, "disorder_type": "Political violence", "event_type": "Explosions/Remote violence", "sub_event_type": "Air/drone strike", "actor1": "Military Forces of Israel (2022-)", "assoc_actor_1": null, "inter1": 8, "actor2": "Civilians (Palestine)", "assoc_actor_2": null, "inter2": 7, "interaction": 78, "civilian_targeting": "Civilian targeting", "iso": 275, "region": "Middle East", "country": "Palestine", "admin1": "Gaza Strip", "admin2": "North Gaza", "admin3": null, "location": "Jabalya", "latitude": 31.5272, "longitude": 34.4835, "geo_precision": 1, "source": "Palestine News and Information Agency; Quds News Network", "source_scale": "National", "notes": "On 14 December 2024, Israeli warplanes targeted a house in Jabalya town (North Gaza, Gaza Strip) killing 4 people and injuring others. On the same day, Israeli warplanes targeted two houses in the same location injuring 7 people and yet another house with casualties unknown.", "fatalities": 4, "tags": null, "timestamp": 1759790002 }, "geometry": { "type": "Point", "coordinates": [ 34.4835, 31.5272 ] } },
{ "type": "Feature", "properties": { "event_id_cnty": "PSE65442", "event_date": "12/14/2024", "year": 2024, "time_precision": true, "disorder_type": "Political violence", "event_type": "Explosions/Remote violence", "sub_event_type": "Air/drone strike", "actor1": "Military Forces of Israel (2022-)", "assoc_actor_1": null, "inter1": 8, "actor2": "Civilians (Palestine)", "assoc_actor_2": null, "inter2": 7, "interaction": 78, "civilian_targeting": "Civilian targeting", "iso": 275, "region": "Middle East", "country": "Palestine", "admin1": "Gaza Strip", "admin2": "Gaza City", "admin3": null, "location": "Gaza - Az Zaytun", "latitude": 31.4964, "longitude": 34.4522, "geo_precision": 1, "source": "Quds News Network", "source_scale": "National", "notes": "On 14 December 2024, Israeli warplanes targeted Gaza - Az Zaytun (Gaza City, Gaza Strip) injuring many. Israeli forces launched an airstrike on a house in the same location. Casualties unknown.", "fatalities": 0, "tags": null, "timestamp": 1759790002 }, "geometry": { "type": "Point", "coordinates": [ 34.4522, 31.4964 ] } },
{ "type": "Feature", "properties": { "event_id_cnty": "PSE65424", "event_date": "12/14/2024", "year": 2024, "time_precision": true, "disorder_type": "Political violence", "event_type": "Explosions/Remote violence", "sub_event_type": "Air/drone strike", "actor1": "Military Forces of Israel (2022-)", "assoc_actor_1": null, "inter1": 8, "actor2": "Civilians (Palestine)", "assoc_actor_2": "Refugees/IDPs (Palestine)", "inter2": 7, "interaction": 78, "civilian_targeting": "Civilian targeting", "iso": 275, "region": "Middle East", "country": "Palestine", "admin1": "Gaza Strip", "admin2": "Khan Yunis", "admin3": null, "location": "Khan Yunis - Jourat Al-Loot", "latitude": 31.3314, "longitude": 34.3004, "geo_precision": 2, "source": "Palestine News and Information Agency; Quds News Network", "source_scale": "National", "notes": "On 14 December 2024, Israeli forces, likely warplanes, targeted an IDP tent south of Khan Yunis city, coded to Khan Yunis - Jourat Al-Loot (Khan Yunis, Gaza Strip) killing 1 person.", "fatalities": 1, "tags": null, "timestamp": 1753956656 }, "geometry": { "type": "Point", "coordinates": [ 34.3004, 31.3314 ] } },
{ "type": "Feature", "properties": { "event_id_cnty": "PSE65439", "event_date": "12/14/2024", "year": 2024, "time_precision": true, "disorder_type": "Political violence", "event_type": "Explosions/Remote violence", "sub_event_type": "Air/drone strike", "actor1": "Military Forces of Israel (2022-)", "assoc_actor_1": null, "inter1": 8, "actor2": "Civilians (Palestine)", "assoc_actor_2": null, "inter2": 7, "interaction": 78, "civilian_targeting": "Civilian targeting", "iso": 275, "region": "Middle East", "country": "Palestine", "admin1": "Gaza Strip", "admin2": "Rafah", "admin3": null, "location": "Khirbet al Adas", "latitude": 31.2855, "longitude": 34.2714, "geo_precision": 1, "source": "Palestine News and Information Agency", "source_scale": "National", "notes": "On 14 December 2024, an Israeli drone targeted Khirbet al Adas (Rafah, Gaza Strip) killing 2 persons.", "fatalities": 2, "tags": null, "timestamp": 1753956656 }, "geometry": { "type": "Point", "coordinates": [ 34.2714, 31.2855 ] } },
{ "type": "Feature", "properties": { "event_id_cnty": "PSE65547", "event_date": "12/15/2024", "year": 2024, "time_precision": true, "disorder_type": "Political violence", "event_type": "Explosions/Remote violence", "sub_event_type": "Shelling/artillery/missile attack", "actor1": "Military Forces of Israel (2022-)", "assoc_actor_1": null, "inter1": 8, "actor2": "Civilians (Palestine)", "assoc_actor_2": "Fishers (Palestine)", "inter2": 7, "interaction": 78, "civilian_targeting": "Civilian targeting", "iso": 275, "region": "Middle East", "country": "Palestine", "admin1": "Gaza Strip", "admin2": "Gaza City", "admin3": null, "location": "Coast of Gaza City", "latitude": 31.5304, "longitude": 34.4215, "geo_precision": 2, "source": "Quds News Network", "source_scale": "National", "notes": "On 15 December 2024, Israeli warships targeted fishing boats off the Coast of Gaza City (Gaza City, Gaza Strip). Casualties unknown.", "fatalities": 0, "tags": null, "timestamp": 1753956656 }, "geometry": { "type": "Point", "coordinates": [ 34.4215, 31.5304 ] } },
{ "type": "Feature", "properties": { "event_id_cnty": "PSE65477", "event_date": "12/15/2024", "year": 2024, "time_precision": true, "disorder_type": "Political violence", "event_type": "Explosions/Remote violence", "sub_event_type": "Air/drone strike", "actor1": "Military Forces of Israel (2022-)", "assoc_actor_1": null, "inter1": 8, "actor2": "Civilians (Palestine)", "assoc_actor_2": null, "inter2": 7, "interaction": 78, "civilian_targeting": "Civilian targeting", "iso": 275, "region": "Middle East", "country": "Palestine", "admin1": "Gaza Strip", "admin2": "Gaza City", "admin3": null, "location": "Gaza - Sheikh Radwan", "latitude": 31.5349, "longitude": 34.4667, "geo_precision": 1, "source": "Al Ghad (Jordan); Quds News Network", "source_scale": "National-Regional", "notes": "On 15 December 2024, Israeli warplanes launched multiple airstrikes on Gaza - Sheikh Radwan (Gaza City, Gaza Strip) killing 5 people and injuring many others.", "fatalities": 5, "tags": null, "timestamp": 1759790002 }, "geometry": { "type": "Point", "coordinates": [ 34.4667, 31.5349 ] } },
{ "type": "Feature", "properties": { "event_id_cnty": "PSE65478", "event_date": "12/15/2024", "year": 2024, "time_precision": true, "disorder_type": "Political violence", "event_type": "Explosions/Remote violence", "sub_event_type": "Air/drone strike", "actor1": "Military Forces of Israel (2022-)", "assoc_actor_1": null, "inter1": 8, "actor2": "Civilians (Palestine)", "assoc_actor_2": null, "inter2": 7, "interaction": 78, "civilian_targeting": "Civilian targeting", "iso": 275, "region": "Middle East", "country": "Palestine", "admin1": "Gaza Strip", "admin2": "Gaza City", "admin3": null, "location": "Gaza", "latitude": 31.5045, "longitude": 34.4743, "geo_precision": 1, "source": "Palestine News and Information Agency; Quds News Network", "source_scale": "National", "notes": "On 15 December 2024, Israeli forces, likely warplanes targeted a house in Nafaq street in Gaza (Gaza City, Gaza Strip) killing 2 and injuring others. Israeli warplanes launched multiple airstrikes on the city on the same day. Casualties unknown.", "fatalities": 4, "tags": null, "timestamp": 1759790002 }, "geometry": { "type": "Point", "coordinates": [ 34.4743, 31.5045 ] } },
{ "type": "Feature", "properties": { "event_id_cnty": "PSE65479", "event_date": "12/15/2024", "year": 2024, "time_precision": true, "disorder_type": "Political violence", "event_type": "Explosions/Remote violence", "sub_event_type": "Air/drone strike", "actor1": "Military Forces of Israel (2022-)", "assoc_actor_1": null, "inter1": 8, "actor2": "Civilians (Palestine)", "assoc_actor_2": "Health Workers (Palestine)", "inter2": 7, "interaction": 78, "civilian_targeting": "Civilian targeting", "iso": 275, "region": "Middle East", "country": "Palestine", "admin1": "Gaza Strip", "admin2": "North Gaza", "admin3": null, "location": "Beit Lahiya - Al Mashroo", "latitude": 31.5433, "longitude": 34.4998, "geo_precision": 1, "source": "Palestine News and Information Agency; Quds News Network", "source_scale": "National", "notes": "On 15 December 2024, Israeli quadcopter warplanes targeted the vicinity of Kamal Adwan Hospital in Beit Lahiya - Al Mashroo (North Gaza, Gaza Strip) killing 2 people and injuring others, including emergency staff. On the same day, Israeli warplanes launched airstrikes on Beit Lahiya - Al Mashroo. Casualties unknown.", "fatalities": 2, "tags": null, "timestamp": 1753956656 }, "geometry": { "type": "Point", "coordinates": [ 34.4998, 31.5433 ] } },
{ "type": "Feature", "properties": { "event_id_cnty": "PSE65481", "event_date": "12/15/2024", "year": 2024, "time_precision": true, "disorder_type": "Political violence", "event_type": "Explosions/Remote violence", "sub_event_type": "Air/drone strike", "actor1": "Military Forces of Israel (2022-)", "assoc_actor_1": null, "inter1": 8, "actor2": "Civilians (Palestine)", "assoc_actor_2": null, "inter2": 7, "interaction": 78, "civilian_targeting": "Civilian targeting", "iso": 275, "region": "Middle East", "country": "Palestine", "admin1": "Gaza Strip", "admin2": "Deir El Balah", "admin3": null, "location": "An Nusayrat - West", "latitude": 31.4525, "longitude": 34.3756, "geo_precision": 1, "source": "Palestine News and Information Agency; Quds News Network", "source_scale": "National", "notes": "On 15 December 2024, Israeli warplanes and artillery targeted several times An Nusayrat - West (Deir El Balah, Gaza Strip) injuring one person.", "fatalities": 0, "tags": null, "timestamp": 1753956656 }, "geometry": { "type": "Point", "coordinates": [ 34.3756, 31.4525 ] } },
{ "type": "Feature", "properties": { "event_id_cnty": "PSE65483", "event_date": "12/15/2024", "year": 2024, "time_precision": true, "disorder_type": "Political violence", "event_type": "Explosions/Remote violence", "sub_event_type": "Air/drone strike", "actor1": "Military Forces of Israel (2022-)", "assoc_actor_1": null, "inter1": 8, "actor2": "Civilians (Palestine)", "assoc_actor_2": null, "inter2": 7, "interaction": 78, "civilian_targeting": "Civilian targeting", "iso": 275, "region": "Middle East", "country": "Palestine", "admin1": "Gaza Strip", "admin2": "Gaza City", "admin3": null, "location": "Gaza - Ash Shati' Camp", "latitude": 31.5349, "longitude": 34.4466, "geo_precision": 2, "source": "Palestine News and Information Agency; Quds News Network", "source_scale": "National", "notes": "On 15 December 2024, Israeli warplanes targeted heavily al Rashid street in northwest of Gaza City, coded to Gaza - Ash Shati' Camp (Gaza City, Gaza Strip) killing and injuring civilians. Unspecified number of fatalities coded to 3.", "fatalities": 3, "tags": null, "timestamp": 1759790002 }, "geometry": { "type": "Point", "coordinates": [ 34.4466, 31.5349 ] } },
{ "type": "Feature", "properties": { "event_id_cnty": "PSE65484", "event_date": "12/15/2024", "year": 2024, "time_precision": true, "disorder_type": "Political violence", "event_type": "Explosions/Remote violence", "sub_event_type": "Air/drone strike", "actor1": "Military Forces of Israel (2022-)", "assoc_actor_1": null, "inter1": 8, "actor2": "Civilians (Palestine)", "assoc_actor_2": null, "inter2": 7, "interaction": 78, "civilian_targeting": "Civilian targeting", "iso": 275, "region": "Middle East", "country": "Palestine", "admin1": "Gaza Strip", "admin2": "Khan Yunis", "admin3": null, "location": "Bani Suheila", "latitude": 31.3424, "longitude": 34.325, "geo_precision": 1, "source": "Palestine News and Information Agency; Quds News Network", "source_scale": "National", "notes": "On 15 December 2024, Israeli warplanes targeted a Falafel shop in Bani Suheila (Khan Yunis, Gaza Strip) killing 4 people and injuring others.", "fatalities": 4, "tags": null, "timestamp": 1753956656 }, "geometry": { "type": "Point", "coordinates": [ 34.325, 31.3424 ] } },
{ "type": "Feature", "properties": { "event_id_cnty": "PSE65486", "event_date": "12/15/2024", "year": 2024, "time_precision": true, "disorder_type": "Political violence", "event_type": "Explosions/Remote violence", "sub_event_type": "Air/drone strike", "actor1": "Military Forces of Israel (2022-)", "assoc_actor_1": null, "inter1": 8, "actor2": "Civilians (Palestine)", "assoc_actor_2": null, "inter2": 7, "interaction": 78, "civilian_targeting": "Civilian targeting", "iso": 275, "region": "Middle East", "country": "Palestine", "admin1": "Gaza Strip", "admin2": "Gaza City", "admin3": null, "location": "Gaza - Shujaiyya", "latitude": 31.4988, "longitude": 34.4699, "geo_precision": 1, "source": "Quds News Network", "source_scale": "National", "notes": "On 15 December 2024, Israeli warplanes targeted a house in Baltaji street in Gaza - Shujaiyya (Gaza City, Gaza Strip) killing 6 people and injuring others.", "fatalities": 6, "tags": null, "timestamp": 1759790002 }, "geometry": { "type": "Point", "coordinates": [ 34.4699, 31.4988 ] } },
{ "type": "Feature", "properties": { "event_id_cnty": "PSE65488", "event_date": "12/15/2024", "year": 2024, "time_precision": true, "disorder_type": "Political violence", "event_type": "Explosions/Remote violence", "sub_event_type": "Air/drone strike", "actor1": "Military Forces of Israel (2022-)", "assoc_actor_1": null, "inter1": 8, "actor2": "Civilians (Palestine)", "assoc_actor_2": null, "inter2": 7, "interaction": 78, "civilian_targeting": "Civilian targeting", "iso": 275, "region": "Middle East", "country": "Palestine", "admin1": "Gaza Strip", "admin2": "Deir El Balah", "admin3": null, "location": "An Nusayrat - North", "latitude": 31.4591, "longitude": 34.3923, "geo_precision": 1, "source": "Quds News Network", "source_scale": "National", "notes": "On 15 December 2024, Israeli warplanes and artillery targeted several times An Nusayrat - North (Deir El Balah, Gaza Strip). One of the airstrikes targeted the new camp and injured 4 people.", "fatalities": 0, "tags": null, "timestamp": 1753956656 }, "geometry": { "type": "Point", "coordinates": [ 34.3923, 31.4591 ] } },
{ "type": "Feature", "properties": { "event_id_cnty": "PSE65500", "event_date": "12/15/2024", "year": 2024, "time_precision": true, "disorder_type": "Political violence", "event_type": "Explosions/Remote violence", "sub_event_type": "Air/drone strike", "actor1": "Military Forces of Israel (2022-)", "assoc_actor_1": null, "inter1": 8, "actor2": "Civilians (Palestine)", "assoc_actor_2": null, "inter2": 7, "interaction": 78, "civilian_targeting": "Civilian targeting", "iso": 275, "region": "Middle East", "country": "Palestine", "admin1": "Gaza Strip", "admin2": "Khan Yunis", "admin3": null, "location": "Khan Yunis - Ash Sheikh Naser", "latitude": 31.3398, "longitude": 34.3116, "geo_precision": 1, "source": "Quds News Network", "source_scale": "National", "notes": "On 15 December 2024, Israeli warplanes targeted Khan Yunis - Ash Sheikh Naser (Khan Yunis, Gaza Strip) injuring several people.", "fatalities": 0, "tags": null, "timestamp": 1753956656 }, "geometry": { "type": "Point", "coordinates": [ 34.3116, 31.3398 ] } },
{ "type": "Feature", "properties": { "event_id_cnty": "PSE65545", "event_date": "12/15/2024", "year": 2024, "time_precision": true, "disorder_type": "Political violence", "event_type": "Explosions/Remote violence", "sub_event_type": "Shelling/artillery/missile attack", "actor1": "Military Forces of Israel (2022-)", "assoc_actor_1": null, "inter1": 8, "actor2": "Civilians (Palestine)", "assoc_actor_2": null, "inter2": 7, "interaction": 78, "civilian_targeting": "Civilian targeting", "iso": 275, "region": "Middle East", "country": "Palestine", "admin1": "Gaza Strip", "admin2": "North Gaza", "admin3": null, "location": "Beit Hanoun", "latitude": 31.5405, "longitude": 34.5402, "geo_precision": 1, "source": "Palestine News and Information Agency", "source_scale": "National", "notes": "On 15 December 2024, Israeli artillery targeted a house in Beit Hanoun (North Gaza, Gaza Strip) killing 4 people and injuring others.", "fatalities": 4, "tags": null, "timestamp": 1753956656 }, "geometry": { "type": "Point", "coordinates": [ 34.5402, 31.5405 ] } },
{ "type": "Feature", "properties": { "event_id_cnty": "PSE65564", "event_date": "12/15/2024", "year": 2024, "time_precision": true, "disorder_type": "Political violence", "event_type": "Explosions/Remote violence", "sub_event_type": "Shelling/artillery/missile attack", "actor1": "Military Forces of Israel (2022-)", "assoc_actor_1": null, "inter1": 8, "actor2": "Civilians (Palestine)", "assoc_actor_2": null, "inter2": 7, "interaction": 78, "civilian_targeting": "Civilian targeting", "iso": 275, "region": "Middle East", "country": "Palestine", "admin1": "Gaza Strip", "admin2": "Gaza City", "admin3": null, "location": "Gaza - Shujaiyya", "latitude": 31.4988, "longitude": 34.4699, "geo_precision": 2, "source": "Quds News Network", "source_scale": "National", "notes": "On 15 December 2024, Israeli artillery targeted Shaaf area in east of Gaza city, coded to Gaza - Shujaiyya (Gaza City, Gaza Strip) killing 2 people.", "fatalities": 2, "tags": null, "timestamp": 1759790002 }, "geometry": { "type": "Point", "coordinates": [ 34.4699, 31.4988 ] } },
{ "type": "Feature", "properties": { "event_id_cnty": "PSE65487", "event_date": "12/15/2024", "year": 2024, "time_precision": true, "disorder_type": "Political violence", "event_type": "Explosions/Remote violence", "sub_event_type": "Air/drone strike", "actor1": "Military Forces of Israel (2022-)", "assoc_actor_1": null, "inter1": 8, "actor2": "Civilians (Palestine)", "assoc_actor_2": null, "inter2": 7, "interaction": 78, "civilian_targeting": "Civilian targeting", "iso": 275, "region": "Middle East", "country": "Palestine", "admin1": "Gaza Strip", "admin2": "Gaza City", "admin3": null, "location": "Gaza - Az Zaytun", "latitude": 31.4964, "longitude": 34.4522, "geo_precision": 1, "source": "Quds News Network", "source_scale": "National", "notes": "On 15 December 2024, Israeli forces, likely warplanes targeted a house in Gaza - Az Zaytun (Gaza City, Gaza Strip) killing 3 people and injuring others.", "fatalities": 3, "tags": null, "timestamp": 1759790002 }, "geometry": { "type": "Point", "coordinates": [ 34.4522, 31.4964 ] } },
{ "type": "Feature", "properties": { "event_id_cnty": "PSE65480", "event_date": "12/15/2024", "year": 2024, "time_precision": true, "disorder_type": "Political violence", "event_type": "Explosions/Remote violence", "sub_event_type": "Air/drone strike", "actor1": "Military Forces of Israel (2022-)", "assoc_actor_1": null, "inter1": 8, "actor2": "Civilians (Palestine)", "assoc_actor_2": null, "inter2": 7, "interaction": 78, "civilian_targeting": "Civilian targeting", "iso": 275, "region": "Middle East", "country": "Palestine", "admin1": "Gaza Strip", "admin2": "Rafah", "admin3": null, "location": "Al Junainah", "latitude": 31.2642, "longitude": 34.2636, "geo_precision": 1, "source": "Palestine News and Information Agency", "source_scale": "National", "notes": "On 15 December 2024, Israeli drones targeted a group of people in Al Junainah (Rafah, Gaza Strip) killing 2 people and injuring others.", "fatalities": 2, "tags": null, "timestamp": 1753956656 }, "geometry": { "type": "Point", "coordinates": [ 34.2636, 31.2642 ] } },
{ "type": "Feature", "properties": { "event_id_cnty": "PSE65528", "event_date": "12/16/2024", "year": 2024, "time_precision": true, "disorder_type": "Political violence", "event_type": "Explosions/Remote violence", "sub_event_type": "Air/drone strike", "actor1": "Military Forces of Israel (2022-)", "assoc_actor_1": null, "inter1": 8, "actor2": "Civilians (Palestine)", "assoc_actor_2": null, "inter2": 7, "interaction": 78, "civilian_targeting": "Civilian targeting", "iso": 275, "region": "Middle East", "country": "Palestine", "admin1": "Gaza Strip", "admin2": "North Gaza", "admin3": null, "location": "Beit Lahiya - Al Mashroo", "latitude": 31.5433, "longitude": 34.4998, "geo_precision": 1, "source": "Dunia Al Watan; Palestine News and Information Agency; Quds News Network", "source_scale": "National", "notes": "On 16 December 2024, Israeli warplanes and artillery targeted several times the Beit Lahiya - Al Mashroo (North Gaza, Gaza Strip) including houses. Also, Israeli drones also targeted Kamal Adwan Hospital in the same location causing destruction of material and a power outage. Total confirmed fatalities is 5.", "fatalities": 5, "tags": null, "timestamp": 1753956656 }, "geometry": { "type": "Point", "coordinates": [ 34.4998, 31.5433 ] } },
{ "type": "Feature", "properties": { "event_id_cnty": "PSE65529", "event_date": "12/16/2024", "year": 2024, "time_precision": true, "disorder_type": "Political violence", "event_type": "Explosions/Remote violence", "sub_event_type": "Air/drone strike", "actor1": "Military Forces of Israel (2022-)", "assoc_actor_1": null, "inter1": 8, "actor2": "Civilians (Palestine)", "assoc_actor_2": "Refugees/IDPs (Palestine)", "inter2": 7, "interaction": 78, "civilian_targeting": "Civilian targeting", "iso": 275, "region": "Middle East", "country": "Palestine", "admin1": "Gaza Strip", "admin2": "Deir El Balah", "admin3": null, "location": "An Nusayrat", "latitude": 31.4486, "longitude": 34.3925, "geo_precision": 1, "source": "Palestine News and Information Agency", "source_scale": "National", "notes": "On 16 December 2024, Israeli forces, likely warplanes, targeted An Nusayrat camp (An Nusayrat, Deir El Balah, Gaza Strip) killing 3 people and injuring others.", "fatalities": 3, "tags": null, "timestamp": 1753956656 }, "geometry": { "type": "Point", "coordinates": [ 34.3925, 31.4486 ] } },
{ "type": "Feature", "properties": { "event_id_cnty": "PSE65530", "event_date": "12/16/2024", "year": 2024, "time_precision": true, "disorder_type": "Political violence", "event_type": "Explosions/Remote violence", "sub_event_type": "Air/drone strike", "actor1": "Military Forces of Israel (2022-)", "assoc_actor_1": null, "inter1": 8, "actor2": "Civilians (Palestine)", "assoc_actor_2": "Refugees/IDPs (Palestine)", "inter2": 7, "interaction": 78, "civilian_targeting": "Civilian targeting", "iso": 275, "region": "Middle East", "country": "Palestine", "admin1": "Gaza Strip", "admin2": "Gaza City", "admin3": null, "location": "Gaza - Ash Shati' Camp", "latitude": 31.5349, "longitude": 34.4466, "geo_precision": 1, "source": "Palestine News and Information Agency", "source_scale": "National", "notes": "On 16 December 2024, Israeli warplanes targeted a group of people in Ayidia street in Gaza - Ash Shati' Camp (Gaza City, Gaza Strip) killing 4 people and injuring 15 others.", "fatalities": 4, "tags": null, "timestamp": 1759790002 }, "geometry": { "type": "Point", "coordinates": [ 34.4466, 31.5349 ] } },
{ "type": "Feature", "properties": { "event_id_cnty": "PSE65531", "event_date": "12/16/2024", "year": 2024, "time_precision": true, "disorder_type": "Political violence", "event_type": "Explosions/Remote violence", "sub_event_type": "Air/drone strike", "actor1": "Military Forces of Israel (2022-)", "assoc_actor_1": null, "inter1": 8, "actor2": "Civilians (Palestine)", "assoc_actor_2": null, "inter2": 7, "interaction": 78, "civilian_targeting": "Civilian targeting", "iso": 275, "region": "Middle East", "country": "Palestine", "admin1": "Gaza Strip", "admin2": "Gaza City", "admin3": null, "location": "Gaza - Ash Shati' Camp", "latitude": 31.5349, "longitude": 34.4466, "geo_precision": 2, "source": "Palestine News and Information Agency", "source_scale": "National", "notes": "On 16 December 2024, Israeli warplanes targeted a house in Al Mokhabarat area northwest of Gaza city, coded to Gaza - Ash Shati' Camp (Gaza City, Gaza Strip) killing 5 people, including two women, and injuring others.", "fatalities": 5, "tags": null, "timestamp": 1759790002 }, "geometry": { "type": "Point", "coordinates": [ 34.4466, 31.5349 ] } },
{ "type": "Feature", "properties": { "event_id_cnty": "PSE65532", "event_date": "12/16/2024", "year": 2024, "time_precision": true, "disorder_type": "Political violence", "event_type": "Explosions/Remote violence", "sub_event_type": "Air/drone strike", "actor1": "Military Forces of Israel (2022-)", "assoc_actor_1": null, "inter1": 8, "actor2": "Civilians (Palestine)", "assoc_actor_2": null, "inter2": 7, "interaction": 78, "civilian_targeting": "Civilian targeting", "iso": 275, "region": "Middle East", "country": "Palestine", "admin1": "Gaza Strip", "admin2": "Gaza City", "admin3": null, "location": "Gaza - Sabra", "latitude": 31.5086, "longitude": 34.4493, "geo_precision": 1, "source": "Quds News Network", "source_scale": "National", "notes": "On 16 December 2024, Israeli warplanes targeted a house in Gaza - Sabra (Gaza City, Gaza Strip) killing 2 people and injuring others. Israeli artillery also shelled the same location. Casualties unknown. Fatalities coded at least 2.", "fatalities": 2, "tags": null, "timestamp": 1759790002 }, "geometry": { "type": "Point", "coordinates": [ 34.4493, 31.5086 ] } },
{ "type": "Feature", "properties": { "event_id_cnty": "PSE65572", "event_date": "12/16/2024", "year": 2024, "time_precision": true, "disorder_type": "Political violence", "event_type": "Explosions/Remote violence", "sub_event_type": "Shelling/artillery/missile attack", "actor1": "Military Forces of Israel (2022-)", "assoc_actor_1": null, "inter1": 8, "actor2": "Civilians (Palestine)", "assoc_actor_2": null, "inter2": 7, "interaction": 78, "civilian_targeting": "Civilian targeting", "iso": 275, "region": "Middle East", "country": "Palestine", "admin1": "Gaza Strip", "admin2": "Deir El Balah", "admin3": null, "location": "An Nusayrat - West", "latitude": 31.4525, "longitude": 34.3756, "geo_precision": 1, "source": "Newpress; Twitter", "source_scale": "New media-National", "notes": "On 16 December 2024, Israeli artillery targeted An Nusayrat - West (Deir El Balah, Gaza Strip) injuring several people.", "fatalities": 0, "tags": null, "timestamp": 1753956656 }, "geometry": { "type": "Point", "coordinates": [ 34.3756, 31.4525 ] } },
{ "type": "Feature", "properties": { "event_id_cnty": "PSE65566", "event_date": "12/16/2024", "year": 2024, "time_precision": true, "disorder_type": "Political violence", "event_type": "Explosions/Remote violence", "sub_event_type": "Shelling/artillery/missile attack", "actor1": "Military Forces of Israel (2022-)", "assoc_actor_1": null, "inter1": 8, "actor2": "Civilians (Palestine)", "assoc_actor_2": null, "inter2": 7, "interaction": 78, "civilian_targeting": "Civilian targeting", "iso": 275, "region": "Middle East", "country": "Palestine", "admin1": "Gaza Strip", "admin2": "Rafah", "admin3": null, "location": "Yibna", "latitude": 31.2842, "longitude": 34.2482, "geo_precision": 2, "source": "Palestine News and Information Agency; Quds News Network", "source_scale": "National", "notes": "On 16 December 2024, Israeli forces (likely tanks) killed a Palestinian man in Al Mashroaa east of Rafah city, coded to Yibna (Rafah, Gaza Strip).", "fatalities": 1, "tags": null, "timestamp": 1753956656 }, "geometry": { "type": "Point", "coordinates": [ 34.2482, 31.2842 ] } },
{ "type": "Feature", "properties": { "event_id_cnty": "PSE65567", "event_date": "12/17/2024", "year": 2024, "time_precision": true, "disorder_type": "Political violence", "event_type": "Explosions/Remote violence", "sub_event_type": "Air/drone strike", "actor1": "Military Forces of Israel (2022-)", "assoc_actor_1": null, "inter1": 8, "actor2": "Civilians (Palestine)", "assoc_actor_2": null, "inter2": 7, "interaction": 78, "civilian_targeting": "Civilian targeting", "iso": 275, "region": "Middle East", "country": "Palestine", "admin1": "Gaza Strip", "admin2": "Gaza City", "admin3": null, "location": "Gaza - Ad Darraj", "latitude": 31.5172, "longitude": 34.4642, "geo_precision": 1, "source": "Palestine News and Information Agency; Quds News Network", "source_scale": "National", "notes": "On 17 December 2024, Israeli warplanes targeted a house in Gaza - Ad Darraj (Gaza City, Gaza Strip) killing 10 people from the same family.", "fatalities": 10, "tags": null, "timestamp": 1759790002 }, "geometry": { "type": "Point", "coordinates": [ 34.4642, 31.5172 ] } },
{ "type": "Feature", "properties": { "event_id_cnty": "PSE65568", "event_date": "12/17/2024", "year": 2024, "time_precision": true, "disorder_type": "Political violence", "event_type": "Explosions/Remote violence", "sub_event_type": "Air/drone strike", "actor1": "Military Forces of Israel (2022-)", "assoc_actor_1": null, "inter1": 8, "actor2": "Civilians (Palestine)", "assoc_actor_2": "Health Workers (Palestine); Refugees/IDPs (Palestine)", "inter2": 7, "interaction": 78, "civilian_targeting": "Civilian targeting", "iso": 275, "region": "Middle East", "country": "Palestine", "admin1": "Gaza Strip", "admin2": "North Gaza", "admin3": null, "location": "Beit Lahiya - Al Mashroo", "latitude": 31.5433, "longitude": 34.4998, "geo_precision": 1, "source": "Palestine News and Information Agency; Quds News Network", "source_scale": "National", "notes": "On 17 December 2024, Israeli drones targeted the Kamal Adwan hospital in Beit Lahiya - Al Mashroo (North Gaza, Gaza Strip) and dropped at least 10 bombs and planted 3 IEDs. In that location, a house was targeted, likely by drone strike, killing 2 people; a second house sheltering IDPs was targeted killing 8 people and injuring at least 5 others; a third house was also targeted killing at least 15 people. Israeli warplanes targeted a group of people at the entrance of Kamal Adwan hospital killing 1 health worker and injuring others, and targeted another group of people near Salah Shehadeh mosque killing 4 . Lastly, an Israeli drone targeted the third floor of Kamal Adwan Hospital causing a fire and Israeli artillery targeted the intensive care unit causing material damage. Total confirmed fatalities is at least 30.", "fatalities": 30, "tags": null, "timestamp": 1753956656 }, "geometry": { "type": "Point", "coordinates": [ 34.4998, 31.5433 ] } },
{ "type": "Feature", "properties": { "event_id_cnty": "PSE65576", "event_date": "12/17/2024", "year": 2024, "time_precision": true, "disorder_type": "Political violence", "event_type": "Explosions/Remote violence", "sub_event_type": "Air/drone strike", "actor1": "Military Forces of Israel (2022-)", "assoc_actor_1": null, "inter1": 8, "actor2": "Civilians (Palestine)", "assoc_actor_2": null, "inter2": 7, "interaction": 78, "civilian_targeting": "Civilian targeting", "iso": 275, "region": "Middle East", "country": "Palestine", "admin1": "Gaza Strip", "admin2": "Gaza City", "admin3": null, "location": "Gaza - Shujaiyya", "latitude": 31.4988, "longitude": 34.4699, "geo_precision": 2, "source": "Palestine News and Information Agency; Quds News Network", "source_scale": "National", "notes": "On 17 December 2024, Israeli warplanes targeted a group of people on Nafaq Street east of Gaza city, coded to Gaza - Shujaiyya (Gaza City, Gaza Strip) killing 3 people and injuring others.", "fatalities": 3, "tags": null, "timestamp": 1759790002 }, "geometry": { "type": "Point", "coordinates": [ 34.4699, 31.4988 ] } },
{ "type": "Feature", "properties": { "event_id_cnty": "PSE65577", "event_date": "12/17/2024", "year": 2024, "time_precision": true, "disorder_type": "Political violence", "event_type": "Explosions/Remote violence", "sub_event_type": "Air/drone strike", "actor1": "Military Forces of Israel (2022-)", "assoc_actor_1": null, "inter1": 8, "actor2": "Civilians (Palestine)", "assoc_actor_2": "Refugees/IDPs (Palestine)", "inter2": 7, "interaction": 78, "civilian_targeting": "Civilian targeting", "iso": 275, "region": "Middle East", "country": "Palestine", "admin1": "Gaza Strip", "admin2": "North Gaza", "admin3": null, "location": "Jabalya Camp", "latitude": 31.536, "longitude": 34.4907, "geo_precision": 1, "source": "Palestine News and Information Agency; Quds News Network", "source_scale": "National", "notes": "On 17 December 2024, Israeli warplanes targeted Khalifa Ben Zayed school in Jabalya Camp (North Gaza, Gaza Strip) killing 1 person and injuring 3 others.", "fatalities": 1, "tags": null, "timestamp": 1753956656 }, "geometry": { "type": "Point", "coordinates": [ 34.4907, 31.536 ] } },
{ "type": "Feature", "properties": { "event_id_cnty": "PSE65578", "event_date": "12/17/2024", "year": 2024, "time_precision": true, "disorder_type": "Political violence", "event_type": "Explosions/Remote violence", "sub_event_type": "Air/drone strike", "actor1": "Military Forces of Israel (2022-)", "assoc_actor_1": null, "inter1": 8, "actor2": "Civilians (Palestine)", "assoc_actor_2": null, "inter2": 7, "interaction": 78, "civilian_targeting": "Civilian targeting", "iso": 275, "region": "Middle East", "country": "Palestine", "admin1": "Gaza Strip", "admin2": "Deir El Balah", "admin3": null, "location": "An Nusayrat - West", "latitude": 31.4525, "longitude": 34.3756, "geo_precision": 1, "source": "Palestine News and Information Agency; Quds News Network", "source_scale": "National", "notes": "On 17 December 2024, an Israeli drone targeted a car in Hasayneh neighborhood in An Nusayrat - West (Deir El Balah, Gaza Strip) killing 1 child and injuring 33 other people.", "fatalities": 1, "tags": null, "timestamp": 1753956656 }, "geometry": { "type": "Point", "coordinates": [ 34.3756, 31.4525 ] } },
{ "type": "Feature", "properties": { "event_id_cnty": "PSE65579", "event_date": "12/17/2024", "year": 2024, "time_precision": true, "disorder_type": "Political violence", "event_type": "Explosions/Remote violence", "sub_event_type": "Air/drone strike", "actor1": "Military Forces of Israel (2022-)", "assoc_actor_1": null, "inter1": 8, "actor2": "Civilians (Palestine)", "assoc_actor_2": "Refugees/IDPs (Palestine)", "inter2": 7, "interaction": 78, "civilian_targeting": "Civilian targeting", "iso": 275, "region": "Middle East", "country": "Palestine", "admin1": "Gaza Strip", "admin2": "Khan Yunis", "admin3": null, "location": "Al Mawasi (Khan Yunis)", "latitude": 31.3482, "longitude": 34.2547, "geo_precision": 1, "source": "Palestine News and Information Agency", "source_scale": "National", "notes": "On 17 December 2024, an Israeli drone targeted an IDPs tent in Al Mawasi (Khan Yunis) (Khan Yunis, Gaza Strip) killing 1 woman and injuring 5 other people including children.", "fatalities": 1, "tags": null, "timestamp": 1762829569 }, "geometry": { "type": "Point", "coordinates": [ 34.2547, 31.3482 ] } },
{ "type": "Feature", "properties": { "event_id_cnty": "PSE65582", "event_date": "12/17/2024", "year": 2024, "time_precision": true, "disorder_type": "Political violence", "event_type": "Explosions/Remote violence", "sub_event_type": "Air/drone strike", "actor1": "Military Forces of Israel (2022-)", "assoc_actor_1": null, "inter1": 8, "actor2": "Civilians (Palestine)", "assoc_actor_2": null, "inter2": 7, "interaction": 78, "civilian_targeting": "Civilian targeting", "iso": 275, "region": "Middle East", "country": "Palestine", "admin1": "Gaza Strip", "admin2": "Gaza City", "admin3": null, "location": "Gaza - Sheikh Radwan", "latitude": 31.5349, "longitude": 34.4667, "geo_precision": 1, "source": "Quds News Network", "source_scale": "National", "notes": "On 17 December 2024, an Israeli drone strike targeted Gaza - Sheikh Radwan (Gaza City, Gaza Strip) injuring people. Israeli drones also targeted houses in the same location. Casualties unknown.", "fatalities": 0, "tags": null, "timestamp": 1759790002 }, "geometry": { "type": "Point", "coordinates": [ 34.4667, 31.5349 ] } },
{ "type": "Feature", "properties": { "event_id_cnty": "PSE65587", "event_date": "12/17/2024", "year": 2024, "time_precision": true, "disorder_type": "Political violence", "event_type": "Explosions/Remote violence", "sub_event_type": "Air/drone strike", "actor1": "Military Forces of Israel (2022-)", "assoc_actor_1": null, "inter1": 8, "actor2": "Civilians (Palestine)", "assoc_actor_2": null, "inter2": 7, "interaction": 78, "civilian_targeting": "Civilian targeting", "iso": 275, "region": "Middle East", "country": "Palestine", "admin1": "Gaza Strip", "admin2": "Gaza City", "admin3": null, "location": "Gaza - Ash Shati' Camp", "latitude": 31.5349, "longitude": 34.4466, "geo_precision": 1, "source": "Quds News Network", "source_scale": "National", "notes": "On 17 December 2024, Israeli forces, likely warplanes, targeted a house in Saftawi area located in northwest of Gaza City, coded to Gaza - Ash Shati' Camp (Gaza City, Gaza Strip) injuring several people.", "fatalities": 0, "tags": null, "timestamp": 1759790002 }, "geometry": { "type": "Point", "coordinates": [ 34.4466, 31.5349 ] } },
{ "type": "Feature", "properties": { "event_id_cnty": "PSE65630", "event_date": "12/17/2024", "year": 2024, "time_precision": true, "disorder_type": "Political violence", "event_type": "Explosions/Remote violence", "sub_event_type": "Shelling/artillery/missile attack", "actor1": "Military Forces of Israel (2022-)", "assoc_actor_1": null, "inter1": 8, "actor2": "Civilians (Palestine)", "assoc_actor_2": null, "inter2": 7, "interaction": 78, "civilian_targeting": "Civilian targeting", "iso": 275, "region": "Middle East", "country": "Palestine", "admin1": "Gaza Strip", "admin2": "Rafah", "admin3": null, "location": "Al Mawasi (Rafah)", "latitude": 31.3294, "longitude": 34.2299, "geo_precision": 1, "source": "Palestine News and Information Agency; Quds News Network", "source_scale": "National", "notes": "On 17 December 2024, Israeli forces entered Al Mawasi (Rafah) (Rafah, Gaza Strip) and with their artillery targeted a cafe 'Akwakh' killing 1 person and injured many others as they heavily fired at other areas in the neighborhood.", "fatalities": 1, "tags": null, "timestamp": 1762829569 }, "geometry": { "type": "Point", "coordinates": [ 34.2299, 31.3294 ] } },
{ "type": "Feature", "properties": { "event_id_cnty": "PSE65580", "event_date": "12/17/2024", "year": 2024, "time_precision": true, "disorder_type": "Political violence", "event_type": "Explosions/Remote violence", "sub_event_type": "Air/drone strike", "actor1": "Military Forces of Israel (2022-)", "assoc_actor_1": null, "inter1": 8, "actor2": "Civilians (Palestine)", "assoc_actor_2": null, "inter2": 7, "interaction": 78, "civilian_targeting": "Civilian targeting", "iso": 275, "region": "Middle East", "country": "Palestine", "admin1": "Gaza Strip", "admin2": "Gaza City", "admin3": null, "location": "Gaza - Az Zaytun", "latitude": 31.4964, "longitude": 34.4522, "geo_precision": 1, "source": "Quds News Network", "source_scale": "National", "notes": "On 17 December 2024, Israeli forces, likely warplanes, targeted a group of people near Bilal Bin Rabah mosque in Gaza - Az Zaytun (Gaza City, Gaza Strip) killing 2 people and injuring others. Israeli warplanes also launched several other airstrikes in the same location. Casualties unknown. Israeli artillery targeted Dawle intersection in the same location. Casualties unknown.", "fatalities": 2, "tags": null, "timestamp": 1759790002 }, "geometry": { "type": "Point", "coordinates": [ 34.4522, 31.4964 ] } },
{ "type": "Feature", "properties": { "event_id_cnty": "PSE65586", "event_date": "12/17/2024", "year": 2024, "time_precision": true, "disorder_type": "Political violence", "event_type": "Explosions/Remote violence", "sub_event_type": "Air/drone strike", "actor1": "Military Forces of Israel (2022-)", "assoc_actor_1": null, "inter1": 8, "actor2": "Civilians (Palestine)", "assoc_actor_2": null, "inter2": 7, "interaction": 78, "civilian_targeting": "Civilian targeting", "iso": 275, "region": "Middle East", "country": "Palestine", "admin1": "Gaza Strip", "admin2": "North Gaza", "admin3": null, "location": "Sheikh Zaid", "latitude": 31.5392, "longitude": 34.5117, "geo_precision": 1, "source": "Quds News Network", "source_scale": "National", "notes": "On 17 December 2024, Israeli forces, likely warplanes, targeted a group of people in Sheikh Zaid (North Gaza, Gaza Strip) killing 1 person and injuring others.", "fatalities": 1, "tags": null, "timestamp": 1759790002 }, "geometry": { "type": "Point", "coordinates": [ 34.5117, 31.5392 ] } },
{ "type": "Feature", "properties": { "event_id_cnty": "PSE65621", "event_date": "12/18/2024", "year": 2024, "time_precision": true, "disorder_type": "Political violence", "event_type": "Explosions/Remote violence", "sub_event_type": "Air/drone strike", "actor1": "Military Forces of Israel (2022-)", "assoc_actor_1": null, "inter1": 8, "actor2": "Civilians (Palestine)", "assoc_actor_2": "Health Workers (Palestine)", "inter2": 7, "interaction": 78, "civilian_targeting": "Civilian targeting", "iso": 275, "region": "Middle East", "country": "Palestine", "admin1": "Gaza Strip", "admin2": "North Gaza", "admin3": null, "location": "Beit Lahiya - Al Mashroo", "latitude": 31.5433, "longitude": 34.4998, "geo_precision": 1, "source": "Ma'an News Agency; Palestine News and Information Agency; Quds News Network", "source_scale": "National", "notes": "On 18 December 2024, Israeli warplanes launched at least nine raids on several homes near Kamal Al Odwan Hospital in Beit Lahiya - Al Mashroo (North Gaza, Gaza Strip), resulting in seven fatalities and other injuries [including one health worker]. Additionally, Israeli artillery shelled the hospital, causing a fire in the intensive care department and simultaneously detonating explosive barrels in the hospital's vicinity. An Israeli reconnaissance plane also fired a bomb at the hospital's entrance door. An Israeli drone targeted medical personnel at the hospital as they attempted to recover the injured following the attacks on homes near the hospital. Israeli forces detonated explosive-laden remotely operated vehicles (robots) in the vicinity of the hospital. Furthermore, the civil defense crew recovered three bodies from the vicinity of the hospital. Total fatalities coded as 7.", "fatalities": 7, "tags": null, "timestamp": 1759179058 }, "geometry": { "type": "Point", "coordinates": [ 34.4998, 31.5433 ] } },
{ "type": "Feature", "properties": { "event_id_cnty": "PSE65622", "event_date": "12/18/2024", "year": 2024, "time_precision": true, "disorder_type": "Political violence", "event_type": "Explosions/Remote violence", "sub_event_type": "Air/drone strike", "actor1": "Military Forces of Israel (2022-)", "assoc_actor_1": null, "inter1": 8, "actor2": "Civilians (Palestine)", "assoc_actor_2": null, "inter2": 7, "interaction": 78, "civilian_targeting": "Civilian targeting", "iso": 275, "region": "Middle East", "country": "Palestine", "admin1": "Gaza Strip", "admin2": "Deir El Balah", "admin3": null, "location": "An Nusayrat - North", "latitude": 31.4591, "longitude": 34.3923, "geo_precision": 1, "source": "Palestine News and Information Agency; Quds News Network", "source_scale": "National", "notes": "On 18 December 2024, Israeli warplanes struck the vicinity of Ard Al Moufti Park in An Nusayrat - North (Deir El Balah, Gaza Strip), resulting in two fatalities and other injuries. Also, Israeli artillery shelled the same location [casualties unknown]. Additionally, Israeli warplanes launched a raid on the new camp in the same area. Total fatalities coded as at least two.", "fatalities": 2, "tags": null, "timestamp": 1753956656 }, "geometry": { "type": "Point", "coordinates": [ 34.3923, 31.4591 ] } },
{ "type": "Feature", "properties": { "event_id_cnty": "PSE65623", "event_date": "12/18/2024", "year": 2024, "time_precision": true, "disorder_type": "Political violence", "event_type": "Explosions/Remote violence", "sub_event_type": "Air/drone strike", "actor1": "Military Forces of Israel (2022-)", "assoc_actor_1": null, "inter1": 8, "actor2": "Civilians (Palestine)", "assoc_actor_2": "Refugees/IDPs (Palestine)", "inter2": 7, "interaction": 78, "civilian_targeting": "Civilian targeting", "iso": 275, "region": "Middle East", "country": "Palestine", "admin1": "Gaza Strip", "admin2": "Deir El Balah", "admin3": null, "location": "Deir al Balah", "latitude": 31.4178, "longitude": 34.3503, "geo_precision": 2, "source": "Newpress; Palestine News and Information Agency", "source_scale": "National", "notes": "On 18 December 2024, an Israeli drone struck a tent where IDPs were sheltering west of Deir al Balah city (Deir El Balah, Gaza Strip), resulting in two killed and others injured.", "fatalities": 2, "tags": null, "timestamp": 1753956656 }, "geometry": { "type": "Point", "coordinates": [ 34.3503, 31.4178 ] } },
{ "type": "Feature", "properties": { "event_id_cnty": "PSE65628", "event_date": "12/18/2024", "year": 2024, "time_precision": true, "disorder_type": "Political violence", "event_type": "Explosions/Remote violence", "sub_event_type": "Air/drone strike", "actor1": "Military Forces of Israel (2022-)", "assoc_actor_1": null, "inter1": 8, "actor2": "Civilians (Palestine)", "assoc_actor_2": "Health Workers (Palestine); Refugees/IDPs (Palestine)", "inter2": 7, "interaction": 78, "civilian_targeting": "Civilian targeting", "iso": 275, "region": "Middle East", "country": "Palestine", "admin1": "Gaza Strip", "admin2": "Gaza City", "admin3": null, "location": "Gaza - Ad Darraj", "latitude": 31.5172, "longitude": 34.4642, "geo_precision": 1, "source": "Palestine News and Information Agency; Quds News Network", "source_scale": "National", "notes": "On 18 December 2024, Israeli warplanes struck a home in Al Sahaba area in Gaza - Ad Darraj (Gaza City, Gaza Strip), the civil defense crew pulled three bodies from under the rubble [likely one health worker among the dead]. Also, Israeli warplanes struck Al Tabaain school where IDPs were sheltering in the same location, resulting in 6 dead [including one child] and others injured. Fatalities coded as 9.", "fatalities": 9, "tags": null, "timestamp": 1759790002 }, "geometry": { "type": "Point", "coordinates": [ 34.4642, 31.5172 ] } },
{ "type": "Feature", "properties": { "event_id_cnty": "PSE65631", "event_date": "12/18/2024", "year": 2024, "time_precision": true, "disorder_type": "Political violence", "event_type": "Explosions/Remote violence", "sub_event_type": "Air/drone strike", "actor1": "Military Forces of Israel (2022-)", "assoc_actor_1": null, "inter1": 8, "actor2": "Civilians (Palestine)", "assoc_actor_2": null, "inter2": 7, "interaction": 78, "civilian_targeting": "Civilian targeting", "iso": 275, "region": "Middle East", "country": "Palestine", "admin1": "Gaza Strip", "admin2": "North Gaza", "admin3": null, "location": "Beit Hanoun", "latitude": 31.5405, "longitude": 34.5402, "geo_precision": 1, "source": "Palestine News and Information Agency", "source_scale": "National", "notes": "On 18 December 2024, Israeli warplanes struck a home in Aazbeh, Beit Hanoun (North Gaza, Gaza Strip), resulting in six Palestinians killed and others injured.", "fatalities": 6, "tags": null, "timestamp": 1753956656 }, "geometry": { "type": "Point", "coordinates": [ 34.5402, 31.5405 ] } },
{ "type": "Feature", "properties": { "event_id_cnty": "PSE65635", "event_date": "12/18/2024", "year": 2024, "time_precision": true, "disorder_type": "Political violence", "event_type": "Explosions/Remote violence", "sub_event_type": "Air/drone strike", "actor1": "Military Forces of Israel (2022-)", "assoc_actor_1": null, "inter1": 8, "actor2": "Civilians (Palestine)", "assoc_actor_2": null, "inter2": 7, "interaction": 78, "civilian_targeting": "Civilian targeting", "iso": 275, "region": "Middle East", "country": "Palestine", "admin1": "Gaza Strip", "admin2": "Khan Yunis", "admin3": null, "location": "Khuzaa", "latitude": 31.3069, "longitude": 34.3572, "geo_precision": 1, "source": "Palestine News and Information Agency", "source_scale": "National", "notes": "On 18 December 2024, Israeli warplanes struck a home in Khuzaa (Khan Yunis, Gaza Strip), resulting in 3 killed, including two women, and one child injured.", "fatalities": 3, "tags": null, "timestamp": 1753956656 }, "geometry": { "type": "Point", "coordinates": [ 34.3572, 31.3069 ] } },
{ "type": "Feature", "properties": { "event_id_cnty": "PSE65636", "event_date": "12/18/2024", "year": 2024, "time_precision": true, "disorder_type": "Political violence", "event_type": "Explosions/Remote violence", "sub_event_type": "Air/drone strike", "actor1": "Military Forces of Israel (2022-)", "assoc_actor_1": null, "inter1": 8, "actor2": "Civilians (Palestine)", "assoc_actor_2": null, "inter2": 7, "interaction": 78, "civilian_targeting": "Civilian targeting", "iso": 275, "region": "Middle East", "country": "Palestine", "admin1": "Gaza Strip", "admin2": "Khan Yunis", "admin3": null, "location": "Al Qararah", "latitude": 31.3739, "longitude": 34.3409, "geo_precision": 1, "source": "Palestine News and Information Agency", "source_scale": "National", "notes": "On 18 December 2024, an Israeli drone struck Al Qararah town (Khan Yunis, Gaza Strip), resulting in one Palestinian killed.", "fatalities": 1, "tags": null, "timestamp": 1753956656 }, "geometry": { "type": "Point", "coordinates": [ 34.3409, 31.3739 ] } },
{ "type": "Feature", "properties": { "event_id_cnty": "PSE65637", "event_date": "12/18/2024", "year": 2024, "time_precision": true, "disorder_type": "Political violence", "event_type": "Explosions/Remote violence", "sub_event_type": "Air/drone strike", "actor1": "Military Forces of Israel (2022-)", "assoc_actor_1": null, "inter1": 8, "actor2": "Civilians (Palestine)", "assoc_actor_2": "Refugees/IDPs (Palestine)", "inter2": 7, "interaction": 78, "civilian_targeting": "Civilian targeting", "iso": 275, "region": "Middle East", "country": "Palestine", "admin1": "Gaza Strip", "admin2": "Khan Yunis", "admin3": null, "location": "Al Fukhari", "latitude": 31.2952, "longitude": 34.3332, "geo_precision": 1, "source": "Ma'an News Agency; Palestine News and Information Agency", "source_scale": "National", "notes": "On 18 December 2024, Israeli warplanes struck a tent where IDPs were sheltering in Al Fukhari town in (Khan Yunis, Gaza Strip), resulting in two dead [female and male].", "fatalities": 2, "tags": null, "timestamp": 1753956656 }, "geometry": { "type": "Point", "coordinates": [ 34.3332, 31.2952 ] } },
{ "type": "Feature", "properties": { "event_id_cnty": "PSE65638", "event_date": "12/18/2024", "year": 2024, "time_precision": true, "disorder_type": "Political violence", "event_type": "Explosions/Remote violence", "sub_event_type": "Air/drone strike", "actor1": "Military Forces of Israel (2022-)", "assoc_actor_1": null, "inter1": 8, "actor2": "Civilians (Palestine)", "assoc_actor_2": "Refugees/IDPs (Palestine)", "inter2": 7, "interaction": 78, "civilian_targeting": "Civilian targeting", "iso": 275, "region": "Middle East", "country": "Palestine", "admin1": "Gaza Strip", "admin2": "Khan Yunis", "admin3": null, "location": "Al Mawasi (Khan Yunis)", "latitude": 31.3482, "longitude": 34.2547, "geo_precision": 1, "source": "Ma'an News Agency; Quds News Network", "source_scale": "National", "notes": "On 18 December 2024, Israeli warplanes struck a tent where IDPs were sheltering in Al Mawasi (Khan Yunis) in (Khan Yunis, Gaza Strip), resulting in one killed [female], and a number of her children injured.", "fatalities": 1, "tags": null, "timestamp": 1762829569 }, "geometry": { "type": "Point", "coordinates": [ 34.2547, 31.3482 ] } },
{ "type": "Feature", "properties": { "event_id_cnty": "PSE65645", "event_date": "12/18/2024", "year": 2024, "time_precision": true, "disorder_type": "Political violence", "event_type": "Explosions/Remote violence", "sub_event_type": "Air/drone strike", "actor1": "Military Forces of Israel (2022-)", "assoc_actor_1": null, "inter1": 8, "actor2": "Civilians (Palestine)", "assoc_actor_2": null, "inter2": 7, "interaction": 78, "civilian_targeting": "Civilian targeting", "iso": 275, "region": "Middle East", "country": "Palestine", "admin1": "Gaza Strip", "admin2": "Gaza City", "admin3": null, "location": "Gaza - Sheikh Radwan", "latitude": 31.5349, "longitude": 34.4667, "geo_precision": 1, "source": "Newpress; Quds News Network", "source_scale": "National", "notes": "On 18 December 2024, Israeli warplanes struck the vicinity of Gaza - Sheikh Radwan (Gaza City, Gaza Strip). Also, Israeli artillery shelled two homes close to Abu Al Amin junction in the same location. Israeli warplanes also struck a home in Al Thaleth street close to Baar Al Sabaa Mosque in the same area. Casualties unknown.", "fatalities": 0, "tags": null, "timestamp": 1759790002 }, "geometry": { "type": "Point", "coordinates": [ 34.4667, 31.5349 ] } },
{ "type": "Feature", "properties": { "event_id_cnty": "PSE65650", "event_date": "12/18/2024", "year": 2024, "time_precision": true, "disorder_type": "Political violence", "event_type": "Explosions/Remote violence", "sub_event_type": "Air/drone strike", "actor1": "Military Forces of Israel (2022-)", "assoc_actor_1": null, "inter1": 8, "actor2": "Civilians (Palestine)", "assoc_actor_2": "Journalists (Palestine)", "inter2": 7, "interaction": 78, "civilian_targeting": "Civilian targeting", "iso": 275, "region": "Middle East", "country": "Palestine", "admin1": "Gaza Strip", "admin2": "North Gaza", "admin3": null, "location": "Jabalya Camp", "latitude": 31.536, "longitude": 34.4907, "geo_precision": 1, "source": "Guardian (United Kingdom); International Federation of Journalists; Quds News Network", "source_scale": "Other-National", "notes": "On 18 December 2024, Israeli warplanes carried out heavy raids on Jabalya Camp (North Gaza, Gaza Strip). One of the strikes killed a journalist. Fatalities coded as at least 1.", "fatalities": 1, "tags": null, "timestamp": 1757975700 }, "geometry": { "type": "Point", "coordinates": [ 34.4907, 31.536 ] } },
{ "type": "Feature", "properties": { "event_id_cnty": "PSE65651", "event_date": "12/18/2024", "year": 2024, "time_precision": true, "disorder_type": "Political violence", "event_type": "Explosions/Remote violence", "sub_event_type": "Air/drone strike", "actor1": "Military Forces of Israel (2022-)", "assoc_actor_1": null, "inter1": 8, "actor2": "Civilians (Palestine)", "assoc_actor_2": null, "inter2": 7, "interaction": 78, "civilian_targeting": "Civilian targeting", "iso": 275, "region": "Middle East", "country": "Palestine", "admin1": "Gaza Strip", "admin2": "Gaza City", "admin3": null, "location": "Gaza - Sabra", "latitude": 31.5086, "longitude": 34.4493, "geo_precision": 1, "source": "Quds News Network", "source_scale": "National", "notes": "On 18 December 2024, Israeli warplanes struck a home close to Al Istijabeh Mosque in Gaza - Sabra (Gaza City, Gaza Strip). Casualties unknown.", "fatalities": 0, "tags": null, "timestamp": 1759790002 }, "geometry": { "type": "Point", "coordinates": [ 34.4493, 31.5086 ] } },
{ "type": "Feature", "properties": { "event_id_cnty": "PSE65654", "event_date": "12/18/2024", "year": 2024, "time_precision": true, "disorder_type": "Political violence", "event_type": "Explosions/Remote violence", "sub_event_type": "Shelling/artillery/missile attack", "actor1": "Military Forces of Israel (2022-)", "assoc_actor_1": null, "inter1": 8, "actor2": "Civilians (Palestine)", "assoc_actor_2": "Fishers (Palestine)", "inter2": 7, "interaction": 78, "civilian_targeting": "Civilian targeting", "iso": 275, "region": "Middle East", "country": "Palestine", "admin1": "Gaza Strip", "admin2": "Deir El Balah", "admin3": null, "location": "Coast of Deir al Balah", "latitude": 31.4323, "longitude": 34.3283, "geo_precision": 2, "source": "Dunia Al Watan; Palestine News and Information Agency", "source_scale": "National", "notes": "On 18 December 2024, Israeli naval boats fired at fishermen [likely targeting their boat] in the sea near Deir El Balah, coded to off the Coast of Deir al Balah(Deir El Balah, Gaza Strip), arresting two fishermen and confiscating their boat.", "fatalities": 0, "tags": null, "timestamp": 1764045690 }, "geometry": { "type": "Point", "coordinates": [ 34.3283, 31.4323 ] } },
{ "type": "Feature", "properties": { "event_id_cnty": "PSE65687", "event_date": "12/18/2024", "year": 2024, "time_precision": true, "disorder_type": "Political violence", "event_type": "Explosions/Remote violence", "sub_event_type": "Shelling/artillery/missile attack", "actor1": "Military Forces of Israel (2022-)", "assoc_actor_1": null, "inter1": 8, "actor2": "Civilians (Palestine)", "assoc_actor_2": "Refugees/IDPs (Palestine)", "inter2": 7, "interaction": 78, "civilian_targeting": "Civilian targeting", "iso": 275, "region": "Middle East", "country": "Palestine", "admin1": "Gaza Strip", "admin2": "Rafah", "admin3": null, "location": "Al Mawasi (Rafah)", "latitude": 31.3294, "longitude": 34.2299, "geo_precision": 1, "source": "Ma'an News Agency", "source_scale": "National", "notes": "On 18 December 2024, Israeli tanks shelled tents where IDPs were sheltering in Al Mawasi (Rafah) (Rafah, Gaza Strip), resulting in one dead and others injured.", "fatalities": 1, "tags": null, "timestamp": 1762829569 }, "geometry": { "type": "Point", "coordinates": [ 34.2299, 31.3294 ] } },
{ "type": "Feature", "properties": { "event_id_cnty": "PSE65697", "event_date": "12/18/2024", "year": 2024, "time_precision": true, "disorder_type": "Political violence", "event_type": "Explosions/Remote violence", "sub_event_type": "Shelling/artillery/missile attack", "actor1": "Military Forces of Israel (2022-)", "assoc_actor_1": null, "inter1": 8, "actor2": "Civilians (Palestine)", "assoc_actor_2": null, "inter2": 7, "interaction": 78, "civilian_targeting": "Civilian targeting", "iso": 275, "region": "Middle East", "country": "Palestine", "admin1": "Gaza Strip", "admin2": "Gaza City", "admin3": null, "location": "Gaza - Shujaiyya", "latitude": 31.4988, "longitude": 34.4699, "geo_precision": 1, "source": "Ma'an News Agency", "source_scale": "National", "notes": "On 18 December 2024, Israeli artillery shelled Al Tawaheen street in Gaza - Shujaiyya (Gaza City, Gaza Strip), leaving 4 killed.", "fatalities": 4, "tags": null, "timestamp": 1759790002 }, "geometry": { "type": "Point", "coordinates": [ 34.4699, 31.4988 ] } },
{ "type": "Feature", "properties": { "event_id_cnty": "PSE65624", "event_date": "12/18/2024", "year": 2024, "time_precision": true, "disorder_type": "Political violence", "event_type": "Explosions/Remote violence", "sub_event_type": "Air/drone strike", "actor1": "Military Forces of Israel (2022-)", "assoc_actor_1": null, "inter1": 8, "actor2": "Civilians (Palestine)", "assoc_actor_2": null, "inter2": 7, "interaction": 78, "civilian_targeting": "Civilian targeting", "iso": 275, "region": "Middle East", "country": "Palestine", "admin1": "Gaza Strip", "admin2": "North Gaza", "admin3": null, "location": "Jabalya", "latitude": 31.5272, "longitude": 34.4835, "geo_precision": 1, "source": "Palestine News and Information Agency; Quds News Network", "source_scale": "National", "notes": "On 18 December 2024, Israeli warplanes struck a home in Jabalya (North Gaza, Gaza Strip), resulting in at least 10 dead and other injuries [including children]. Total coded fatalities as at least 10.", "fatalities": 10, "tags": null, "timestamp": 1759790002 }, "geometry": { "type": "Point", "coordinates": [ 34.4835, 31.5272 ] } },
{ "type": "Feature", "properties": { "event_id_cnty": "PSE65627", "event_date": "12/18/2024", "year": 2024, "time_precision": true, "disorder_type": "Political violence", "event_type": "Explosions/Remote violence", "sub_event_type": "Air/drone strike", "actor1": "Military Forces of Israel (2022-)", "assoc_actor_1": null, "inter1": 8, "actor2": "Civilians (Palestine)", "assoc_actor_2": null, "inter2": 7, "interaction": 78, "civilian_targeting": "Civilian targeting", "iso": 275, "region": "Middle East", "country": "Palestine", "admin1": "Gaza Strip", "admin2": "Gaza City", "admin3": null, "location": "Gaza - Az Zaytun", "latitude": 31.4964, "longitude": 34.4522, "geo_precision": 1, "source": "Palestine News and Information Agency; Quds News Network", "source_scale": "National", "notes": "On 18 December 2024, Israeli warplanes and drones fired at residential homes in the vicinity of Al Maslabeh area in Gaza - Az Zaytun (Gaza City, Gaza Strip). Israeli artillery also shelled the same location. Casualties unknown.", "fatalities": 0, "tags": null, "timestamp": 1759790002 }, "geometry": { "type": "Point", "coordinates": [ 34.4522, 31.4964 ] } },
{ "type": "Feature", "properties": { "event_id_cnty": "PSE65629", "event_date": "12/18/2024", "year": 2024, "time_precision": true, "disorder_type": "Political violence", "event_type": "Explosions/Remote violence", "sub_event_type": "Air/drone strike", "actor1": "Military Forces of Israel (2022-)", "assoc_actor_1": null, "inter1": 8, "actor2": "Civilians (Palestine)", "assoc_actor_2": null, "inter2": 7, "interaction": 78, "civilian_targeting": "Civilian targeting", "iso": 275, "region": "Middle East", "country": "Palestine", "admin1": "Gaza Strip", "admin2": "Rafah", "admin3": null, "location": "Rafah", "latitude": 31.287, "longitude": 34.2595, "geo_precision": 1, "source": "Palestine News and Information Agency", "source_scale": "National", "notes": "On 18 December 2024, an Israeli drone struck Rafah city (Rafah, Gaza Strip), leaving 1 killed.", "fatalities": 1, "tags": null, "timestamp": 1762829569 }, "geometry": { "type": "Point", "coordinates": [ 34.2595, 31.287 ] } },
{ "type": "Feature", "properties": { "event_id_cnty": "PSE66397", "event_date": "12/18/2024", "year": 2024, "time_precision": true, "disorder_type": "Political violence", "event_type": "Violence against civilians", "sub_event_type": "Attack", "actor1": "Unidentified Communal Militia (Palestine)", "assoc_actor_1": null, "inter1": 4, "actor2": "Civilians (Palestine)", "assoc_actor_2": null, "inter2": 7, "interaction": 47, "civilian_targeting": "Civilian targeting", "iso": 275, "region": "Middle East", "country": "Palestine", "admin1": "Gaza Strip", "admin2": "Deir El Balah", "admin3": null, "location": "An Nusayrat", "latitude": 31.4486, "longitude": 34.3925, "geo_precision": 1, "source": "Ma'an News Agency; Quds News Network", "source_scale": "National", "notes": "On 18 December 2024, an unidentified group (likely criminals trying to steal aid) shot and killed three people [likely assisting with aid distribution] and injured 9 in An Nusayrat (Deir El Balah, Gaza Strip). This event was linked to violence over aid looting. This event involved violence over aid.", "fatalities": 3, "tags": null, "timestamp": 1752544353 }, "geometry": { "type": "Point", "coordinates": [ 34.3925, 31.4486 ] } },
{ "type": "Feature", "properties": { "event_id_cnty": "PSE65684", "event_date": "12/19/2024", "year": 2024, "time_precision": true, "disorder_type": "Political violence", "event_type": "Explosions/Remote violence", "sub_event_type": "Air/drone strike", "actor1": "Military Forces of Israel (2022-)", "assoc_actor_1": null, "inter1": 8, "actor2": "Civilians (Palestine)", "assoc_actor_2": null, "inter2": 7, "interaction": 78, "civilian_targeting": "Civilian targeting", "iso": 275, "region": "Middle East", "country": "Palestine", "admin1": "Gaza Strip", "admin2": "Deir El Balah", "admin3": null, "location": "Al Maghazi", "latitude": 31.4214, "longitude": 34.3865, "geo_precision": 1, "source": "Palestine News and Information Agency", "source_scale": "National", "notes": "On 19 December 2024, Israeli warplanes struck a home in Al Maghazi camp (Deir El Balah, Gaza Strip), resulting in four Palestinians killed.", "fatalities": 4, "tags": null, "timestamp": 1753956656 }, "geometry": { "type": "Point", "coordinates": [ 34.3865, 31.4214 ] } },
{ "type": "Feature", "properties": { "event_id_cnty": "PSE65688", "event_date": "12/19/2024", "year": 2024, "time_precision": true, "disorder_type": "Political violence", "event_type": "Explosions/Remote violence", "sub_event_type": "Air/drone strike", "actor1": "Military Forces of Israel (2022-)", "assoc_actor_1": null, "inter1": 8, "actor2": "Civilians (Palestine)", "assoc_actor_2": null, "inter2": 7, "interaction": 78, "civilian_targeting": "Civilian targeting", "iso": 275, "region": "Middle East", "country": "Palestine", "admin1": "Gaza Strip", "admin2": "Gaza City", "admin3": null, "location": "Gaza - Ash Shati' Camp", "latitude": 31.5349, "longitude": 34.4466, "geo_precision": 1, "source": "Palestine News and Information Agency", "source_scale": "National", "notes": "On 19 December 2024, Israeli warplanes struck a gathering of people in Gaza - Ash Shati' Camp (Gaza City, Gaza Strip), resulting in ten killed.", "fatalities": 10, "tags": null, "timestamp": 1759790002 }, "geometry": { "type": "Point", "coordinates": [ 34.4466, 31.5349 ] } },
{ "type": "Feature", "properties": { "event_id_cnty": "PSE65690", "event_date": "12/19/2024", "year": 2024, "time_precision": true, "disorder_type": "Political violence", "event_type": "Explosions/Remote violence", "sub_event_type": "Air/drone strike", "actor1": "Military Forces of Israel (2022-)", "assoc_actor_1": null, "inter1": 8, "actor2": "Civilians (Palestine)", "assoc_actor_2": null, "inter2": 7, "interaction": 78, "civilian_targeting": "Civilian targeting", "iso": 275, "region": "Middle East", "country": "Palestine", "admin1": "Gaza Strip", "admin2": "Deir El Balah", "admin3": null, "location": "An Nusayrat", "latitude": 31.4486, "longitude": 34.3925, "geo_precision": 1, "source": "Palestine News and Information Agency", "source_scale": "National", "notes": "On 19 December 2024, Israeli warplanes struck the vicinity of Al Ahli club in An Nusayrat (Deir El Balah, Gaza Strip), leaving one killed and others injured.", "fatalities": 1, "tags": null, "timestamp": 1753956656 }, "geometry": { "type": "Point", "coordinates": [ 34.3925, 31.4486 ] } },
{ "type": "Feature", "properties": { "event_id_cnty": "PSE65691", "event_date": "12/19/2024", "year": 2024, "time_precision": true, "disorder_type": "Political violence", "event_type": "Explosions/Remote violence", "sub_event_type": "Air/drone strike", "actor1": "Military Forces of Israel (2022-)", "assoc_actor_1": null, "inter1": 8, "actor2": "Civilians (Palestine)", "assoc_actor_2": null, "inter2": 7, "interaction": 78, "civilian_targeting": "Civilian targeting", "iso": 275, "region": "Middle East", "country": "Palestine", "admin1": "Gaza Strip", "admin2": "Deir El Balah", "admin3": null, "location": "Wadi as Salqa", "latitude": 31.4005, "longitude": 34.3375, "geo_precision": 2, "source": "Palestine News and Information Agency", "source_scale": "National", "notes": "On 19 December 2024, Israeli warplanes struck a gathering of people in Barakeh street south of Deir El Balah coded to Wadi as Salqa (Deir El Balah, Gaza Strip), leaving one killed and others injured.", "fatalities": 1, "tags": null, "timestamp": 1753956656 }, "geometry": { "type": "Point", "coordinates": [ 34.3375, 31.4005 ] } },
{ "type": "Feature", "properties": { "event_id_cnty": "PSE65693", "event_date": "12/19/2024", "year": 2024, "time_precision": true, "disorder_type": "Political violence", "event_type": "Explosions/Remote violence", "sub_event_type": "Air/drone strike", "actor1": "Military Forces of Israel (2022-)", "assoc_actor_1": null, "inter1": 8, "actor2": "Civilians (Palestine)", "assoc_actor_2": null, "inter2": 7, "interaction": 78, "civilian_targeting": "Civilian targeting", "iso": 275, "region": "Middle East", "country": "Palestine", "admin1": "Gaza Strip", "admin2": "Gaza City", "admin3": null, "location": "Gaza - Sabra", "latitude": 31.5086, "longitude": 34.4493, "geo_precision": 1, "source": "Liveuamap; Palestine News and Information Agency; Quds News Network", "source_scale": "Local partner-New media", "notes": "On 19 December 2024, Israeli warplanes struck a home next to Al Sultan Bakery in Gaza - Sabra (Gaza City, Gaza Strip), leaving 3 killed and others injured. Also, Israeli warplanes struck another home in the vicinity of Al Maghribi area in the same location, leaving 2 killed and others injured. Additionally, the civil defense crew in Gaza recovered 4 bodies and several wounded in the same area. Total fatalities coded as 9.", "fatalities": 9, "tags": null, "timestamp": 1759790002 }, "geometry": { "type": "Point", "coordinates": [ 34.4493, 31.5086 ] } },
{ "type": "Feature", "properties": { "event_id_cnty": "PSE65695", "event_date": "12/19/2024", "year": 2024, "time_precision": true, "disorder_type": "Political violence", "event_type": "Explosions/Remote violence", "sub_event_type": "Air/drone strike", "actor1": "Military Forces of Israel (2022-)", "assoc_actor_1": null, "inter1": 8, "actor2": "Civilians (Palestine)", "assoc_actor_2": null, "inter2": 7, "interaction": 78, "civilian_targeting": "Civilian targeting", "iso": 275, "region": "Middle East", "country": "Palestine", "admin1": "Gaza Strip", "admin2": "Gaza City", "admin3": null, "location": "Gaza - Ad Darraj", "latitude": 31.5172, "longitude": 34.4642, "geo_precision": 1, "source": "Quds News Network", "source_scale": "National", "notes": "On 19 December 2024, Israeli warplanes struck a home next to Al Darrj clinic in Gaza - Ad Darraj (Gaza City, Gaza Strip), leaving 4 killed [one child] and injuries [including children].", "fatalities": 4, "tags": null, "timestamp": 1759790002 }, "geometry": { "type": "Point", "coordinates": [ 34.4642, 31.5172 ] } },
{ "type": "Feature", "properties": { "event_id_cnty": "PSE65696", "event_date": "12/19/2024", "year": 2024, "time_precision": true, "disorder_type": "Political violence", "event_type": "Explosions/Remote violence", "sub_event_type": "Air/drone strike", "actor1": "Military Forces of Israel (2022-)", "assoc_actor_1": null, "inter1": 8, "actor2": "Civilians (Palestine)", "assoc_actor_2": null, "inter2": 7, "interaction": 78, "civilian_targeting": "Civilian targeting", "iso": 275, "region": "Middle East", "country": "Palestine", "admin1": "Gaza Strip", "admin2": "Gaza City", "admin3": null, "location": "Gaza - Sheikh Radwan", "latitude": 31.5349, "longitude": 34.4667, "geo_precision": 1, "source": "Quds News Network", "source_scale": "National", "notes": "On 19 December 2024, Israeli warplanes struck a home in the vicinity of Saeed Siyam Mosque in Gaza - Sheikh Radwan (Gaza City, Gaza Strip). Casualties unknown.", "fatalities": 0, "tags": null, "timestamp": 1759790002 }, "geometry": { "type": "Point", "coordinates": [ 34.4667, 31.5349 ] } },
{ "type": "Feature", "properties": { "event_id_cnty": "PSE65699", "event_date": "12/19/2024", "year": 2024, "time_precision": true, "disorder_type": "Political violence", "event_type": "Explosions/Remote violence", "sub_event_type": "Air/drone strike", "actor1": "Military Forces of Israel (2022-)", "assoc_actor_1": null, "inter1": 8, "actor2": "Civilians (Palestine)", "assoc_actor_2": null, "inter2": 7, "interaction": 78, "civilian_targeting": "Civilian targeting", "iso": 275, "region": "Middle East", "country": "Palestine", "admin1": "Gaza Strip", "admin2": "Deir El Balah", "admin3": null, "location": "An Nusayrat - North", "latitude": 31.4591, "longitude": 34.3923, "geo_precision": 1, "source": "Quds News Network", "source_scale": "National", "notes": "On 19 December 2024, an Israeli drone struck west of the new camp in An Nusayrat - North (Deir El Balah, Gaza Strip), resulting in injuries. Israeli artillery also shelled twice, the same areas.", "fatalities": 0, "tags": null, "timestamp": 1753956656 }, "geometry": { "type": "Point", "coordinates": [ 34.3923, 31.4591 ] } },
{ "type": "Feature", "properties": { "event_id_cnty": "PSE65702", "event_date": "12/19/2024", "year": 2024, "time_precision": true, "disorder_type": "Political violence", "event_type": "Explosions/Remote violence", "sub_event_type": "Air/drone strike", "actor1": "Military Forces of Israel (2022-)", "assoc_actor_1": null, "inter1": 8, "actor2": "Civilians (Palestine)", "assoc_actor_2": null, "inter2": 7, "interaction": 78, "civilian_targeting": "Civilian targeting", "iso": 275, "region": "Middle East", "country": "Palestine", "admin1": "Gaza Strip", "admin2": "North Gaza", "admin3": null, "location": "Beit Lahiya - Al Mashroo", "latitude": 31.5433, "longitude": 34.4998, "geo_precision": 1, "source": "Quds News Network", "source_scale": "National", "notes": "On 19 December 2024, Israeli warplanes struck a home in the vicinity of Kamal Al Odwan Hospital in Beit Lahiya - Al Mashroo (North Gaza, Gaza Strip), resulting in injuries. Also, Israeli artillery heavily shelled Al Skafi area in the same location.", "fatalities": 0, "tags": null, "timestamp": 1753956656 }, "geometry": { "type": "Point", "coordinates": [ 34.4998, 31.5433 ] } },
{ "type": "Feature", "properties": { "event_id_cnty": "PSE65703", "event_date": "12/19/2024", "year": 2024, "time_precision": true, "disorder_type": "Political violence", "event_type": "Explosions/Remote violence", "sub_event_type": "Air/drone strike", "actor1": "Military Forces of Israel (2022-)", "assoc_actor_1": null, "inter1": 8, "actor2": "Civilians (Palestine)", "assoc_actor_2": null, "inter2": 7, "interaction": 78, "civilian_targeting": "Civilian targeting", "iso": 275, "region": "Middle East", "country": "Palestine", "admin1": "Gaza Strip", "admin2": "Deir El Balah", "admin3": null, "location": "Al Musaddar", "latitude": 31.4105, "longitude": 34.378, "geo_precision": 2, "source": "Quds News Network", "source_scale": "National", "notes": "On 19 December 2024, Israeli warplanes struck a group of people in Al Barakah street southwest of Deir El Balah coded to Al Musaddar (Deir El Balah, Gaza Strip), leaving 1 killed and a number of injuries.", "fatalities": 1, "tags": null, "timestamp": 1765850627 }, "geometry": { "type": "Point", "coordinates": [ 34.378, 31.4105 ] } },
{ "type": "Feature", "properties": { "event_id_cnty": "PSE65706", "event_date": "12/19/2024", "year": 2024, "time_precision": true, "disorder_type": "Political violence", "event_type": "Explosions/Remote violence", "sub_event_type": "Air/drone strike", "actor1": "Military Forces of Israel (2022-)", "assoc_actor_1": null, "inter1": 8, "actor2": "Civilians (Palestine)", "assoc_actor_2": null, "inter2": 7, "interaction": 78, "civilian_targeting": "Civilian targeting", "iso": 275, "region": "Middle East", "country": "Palestine", "admin1": "Gaza Strip", "admin2": "Deir El Balah", "admin3": null, "location": "Deir al Balah", "latitude": 31.4178, "longitude": 34.3503, "geo_precision": 1, "source": "Newpress", "source_scale": "National", "notes": "On 19 December 2024, Israeli [likely warplanes] struck the inside of Sawaad Al Kheir camp in Deir al Balah (Deir El Balah, Gaza Strip), leaving 1 killed.", "fatalities": 1, "tags": null, "timestamp": 1753956656 }, "geometry": { "type": "Point", "coordinates": [ 34.3503, 31.4178 ] } },
{ "type": "Feature", "properties": { "event_id_cnty": "PSE65705", "event_date": "12/19/2024", "year": 2024, "time_precision": true, "disorder_type": "Political violence", "event_type": "Explosions/Remote violence", "sub_event_type": "Shelling/artillery/missile attack", "actor1": "Military Forces of Israel (2022-)", "assoc_actor_1": null, "inter1": 8, "actor2": "Civilians (Palestine)", "assoc_actor_2": null, "inter2": 7, "interaction": 78, "civilian_targeting": "Civilian targeting", "iso": 275, "region": "Middle East", "country": "Palestine", "admin1": "Gaza Strip", "admin2": "North Gaza", "admin3": null, "location": "Jabalya", "latitude": 31.5272, "longitude": 34.4835, "geo_precision": 1, "source": "Palestine News and Information Agency", "source_scale": "National", "notes": "On 19 December 2024, Israeli artillery shelled Al Nuzha street in Jabalya in (North Gaza, Gaza Strip),leaving 6 killed and others injured.", "fatalities": 6, "tags": null, "timestamp": 1759790002 }, "geometry": { "type": "Point", "coordinates": [ 34.4835, 31.5272 ] } },
{ "type": "Feature", "properties": { "event_id_cnty": "PSE65683", "event_date": "12/19/2024", "year": 2024, "time_precision": true, "disorder_type": "Political violence", "event_type": "Explosions/Remote violence", "sub_event_type": "Air/drone strike", "actor1": "Military Forces of Israel (2022-)", "assoc_actor_1": null, "inter1": 8, "actor2": "Civilians (Palestine)", "assoc_actor_2": null, "inter2": 7, "interaction": 78, "civilian_targeting": "Civilian targeting", "iso": 275, "region": "Middle East", "country": "Palestine", "admin1": "Gaza Strip", "admin2": "Rafah", "admin3": null, "location": "Khirbet al Adas", "latitude": 31.2855, "longitude": 34.2714, "geo_precision": 2, "source": "Palestine News and Information Agency", "source_scale": "National", "notes": "On 19 December 2024, an Israeli drone struck a gathering of people in Al Zuhur neighborhood south of Rafah city coded to Khirbet al Adas (Rafah, Gaza Strip), resulting in three Palestinians killed.", "fatalities": 3, "tags": null, "timestamp": 1753956656 }, "geometry": { "type": "Point", "coordinates": [ 34.2714, 31.2855 ] } },
{ "type": "Feature", "properties": { "event_id_cnty": "PSE65692", "event_date": "12/19/2024", "year": 2024, "time_precision": true, "disorder_type": "Political violence", "event_type": "Explosions/Remote violence", "sub_event_type": "Air/drone strike", "actor1": "Military Forces of Israel (2022-)", "assoc_actor_1": null, "inter1": 8, "actor2": "Civilians (Palestine)", "assoc_actor_2": null, "inter2": 7, "interaction": 78, "civilian_targeting": "Civilian targeting", "iso": 275, "region": "Middle East", "country": "Palestine", "admin1": "Gaza Strip", "admin2": "Rafah", "admin3": null, "location": "Al Junainah", "latitude": 31.2642, "longitude": 34.2636, "geo_precision": 1, "source": "Palestine News and Information Agency", "source_scale": "National", "notes": "On 19 December 2024, Israeli warplanes struck a vehicle in Al Junainah (Rafah, Gaza Strip), leaving three killed and others injured.", "fatalities": 3, "tags": null, "timestamp": 1753956656 }, "geometry": { "type": "Point", "coordinates": [ 34.2636, 31.2642 ] } },
{ "type": "Feature", "properties": { "event_id_cnty": "PSE76509", "event_date": "12/19/2024", "year": 2024, "time_precision": true, "disorder_type": "Political violence", "event_type": "Violence against civilians", "sub_event_type": "Attack", "actor1": "Unidentified Armed Group (Palestine)", "assoc_actor_1": null, "inter1": 3, "actor2": "Civilians (Palestine)", "assoc_actor_2": null, "inter2": 7, "interaction": 37, "civilian_targeting": "Civilian targeting", "iso": 275, "region": "Middle East", "country": "Palestine", "admin1": "Gaza Strip", "admin2": "Deir El Balah", "admin3": null, "location": "An Nusayrat", "latitude": 31.4486, "longitude": 34.3925, "geo_precision": 1, "source": "Aid Worker Security Database", "source_scale": "Local partner-Other", "notes": "On 19 December 2024, an unidentified looter group shot and killed two members of aid security committees providing security to an aid truck in An Nusayrat (Deir El Balah, Gaza Strip). This event was linked to violence over aid looting. This event involved violence over aid.", "fatalities": 2, "tags": null, "timestamp": 1756156113 }, "geometry": { "type": "Point", "coordinates": [ 34.3925, 31.4486 ] } },
{ "type": "Feature", "properties": { "event_id_cnty": "PSE65724", "event_date": "12/20/2024", "year": 2024, "time_precision": true, "disorder_type": "Political violence", "event_type": "Explosions/Remote violence", "sub_event_type": "Air/drone strike", "actor1": "Military Forces of Israel (2022-)", "assoc_actor_1": null, "inter1": 8, "actor2": "Civilians (Palestine)", "assoc_actor_2": null, "inter2": 7, "interaction": 78, "civilian_targeting": "Civilian targeting", "iso": 275, "region": "Middle East", "country": "Palestine", "admin1": "Gaza Strip", "admin2": "North Gaza", "admin3": null, "location": "Beit Hanoun", "latitude": 31.5405, "longitude": 34.5402, "geo_precision": 1, "source": "Palestine News and Information Agency", "source_scale": "National", "notes": "On 20 December 2024, Israeli warplanes carried out a raids in Beit Hanoun (North Gaza, Gaza Strip), leaving 4 killed and others injured.", "fatalities": 4, "tags": null, "timestamp": 1753956656 }, "geometry": { "type": "Point", "coordinates": [ 34.5402, 31.5405 ] } },
{ "type": "Feature", "properties": { "event_id_cnty": "PSE65726", "event_date": "12/20/2024", "year": 2024, "time_precision": true, "disorder_type": "Political violence", "event_type": "Explosions/Remote violence", "sub_event_type": "Air/drone strike", "actor1": "Military Forces of Israel (2022-)", "assoc_actor_1": null, "inter1": 8, "actor2": "Civilians (Palestine)", "assoc_actor_2": null, "inter2": 7, "interaction": 78, "civilian_targeting": "Civilian targeting", "iso": 275, "region": "Middle East", "country": "Palestine", "admin1": "Gaza Strip", "admin2": "Deir El Balah", "admin3": null, "location": "An Nusayrat", "latitude": 31.4486, "longitude": 34.3925, "geo_precision": 1, "source": "Palestine News and Information Agency", "source_scale": "National", "notes": "On 20 December 2024, Israeli warplanes struck a home in An Nusayrat Camp (Deir El Balah, Gaza Strip), leaving 7 killed [including two children] and others injured. Also, Israeli warplanes heavily struck the area again [casualties unknown]. Total fatalities coded as at least 7.", "fatalities": 7, "tags": null, "timestamp": 1753956656 }, "geometry": { "type": "Point", "coordinates": [ 34.3925, 31.4486 ] } },
{ "type": "Feature", "properties": { "event_id_cnty": "PSE65730", "event_date": "12/20/2024", "year": 2024, "time_precision": true, "disorder_type": "Political violence", "event_type": "Explosions/Remote violence", "sub_event_type": "Air/drone strike", "actor1": "Military Forces of Israel (2022-)", "assoc_actor_1": null, "inter1": 8, "actor2": "Civilians (Palestine)", "assoc_actor_2": null, "inter2": 7, "interaction": 78, "civilian_targeting": "Civilian targeting", "iso": 275, "region": "Middle East", "country": "Palestine", "admin1": "Gaza Strip", "admin2": "Gaza City", "admin3": null, "location": "Gaza - Sheikh Radwan", "latitude": 31.5349, "longitude": 34.4667, "geo_precision": 1, "source": "Quds News Network", "source_scale": "National", "notes": "On 20 December 2024, Israeli warplanes struck a home in Gaza - Sheikh Radwan (Gaza City, Gaza Strip). Casualties unknown.", "fatalities": 0, "tags": null, "timestamp": 1759790002 }, "geometry": { "type": "Point", "coordinates": [ 34.4667, 31.5349 ] } },
{ "type": "Feature", "properties": { "event_id_cnty": "PSE65740", "event_date": "12/20/2024", "year": 2024, "time_precision": true, "disorder_type": "Political violence", "event_type": "Explosions/Remote violence", "sub_event_type": "Shelling/artillery/missile attack", "actor1": "Military Forces of Israel (2022-)", "assoc_actor_1": null, "inter1": 8, "actor2": "Civilians (Palestine)", "assoc_actor_2": "Health Workers (Palestine)", "inter2": 7, "interaction": 78, "civilian_targeting": "Civilian targeting", "iso": 275, "region": "Middle East", "country": "Palestine", "admin1": "Gaza Strip", "admin2": "North Gaza", "admin3": null, "location": "Beit Lahiya - Al Mashroo", "latitude": 31.5433, "longitude": 34.4998, "geo_precision": 1, "source": "Quds News Network", "source_scale": "National", "notes": "On 20 December 2024, Israeli artillery heavily shelled the entrance of Kamal Al Odwan Hospital in Beit Lahiya - Al Mashroo (North Gaza, Gaza Strip). Additionally, Israeli artillery shelled Al Safir tower in the vicinity of the hospital. Also, Israeli artillery heavily struck Al Skafi area in the same location. Casualties unknown.", "fatalities": 0, "tags": null, "timestamp": 1753956656 }, "geometry": { "type": "Point", "coordinates": [ 34.4998, 31.5433 ] } },
{ "type": "Feature", "properties": { "event_id_cnty": "PSE65743", "event_date": "12/20/2024", "year": 2024, "time_precision": true, "disorder_type": "Political violence", "event_type": "Explosions/Remote violence", "sub_event_type": "Air/drone strike", "actor1": "Military Forces of Israel (2022-)", "assoc_actor_1": null, "inter1": 8, "actor2": "Civilians (Palestine)", "assoc_actor_2": null, "inter2": 7, "interaction": 78, "civilian_targeting": "Civilian targeting", "iso": 275, "region": "Middle East", "country": "Palestine", "admin1": "Gaza Strip", "admin2": "Gaza City", "admin3": null, "location": "Gaza - Ash Shati' Camp", "latitude": 31.5349, "longitude": 34.4466, "geo_precision": 2, "source": "Quds News Network", "source_scale": "National", "notes": "On 20 December 2024, Israeli warplanes struck a home close to Al Saroukh junction northwest of Gaza city coded to Gaza - Ash Shati' Camp (Gaza City, Gaza Strip). Also, Israeli warplanes struck al Karameh area coded to the same location. Casualties unknown.", "fatalities": 0, "tags": null, "timestamp": 1759790002 }, "geometry": { "type": "Point", "coordinates": [ 34.4466, 31.5349 ] } },
{ "type": "Feature", "properties": { "event_id_cnty": "PSE65732", "event_date": "12/20/2024", "year": 2024, "time_precision": true, "disorder_type": "Political violence", "event_type": "Explosions/Remote violence", "sub_event_type": "Air/drone strike", "actor1": "Military Forces of Israel (2022-)", "assoc_actor_1": null, "inter1": 8, "actor2": "Civilians (Palestine)", "assoc_actor_2": null, "inter2": 7, "interaction": 78, "civilian_targeting": "Civilian targeting", "iso": 275, "region": "Middle East", "country": "Palestine", "admin1": "Gaza Strip", "admin2": "North Gaza", "admin3": null, "location": "Jabalya", "latitude": 31.5272, "longitude": 34.4835, "geo_precision": 1, "source": "Ma'an News Agency; Quds News Network", "source_scale": "National", "notes": "On 20 December 2024, Israeli drones struck Al Nuzha street and the vicinity of fishar roundabout in Jabalya (North Gaza, Gaza Strip). Also, Israeli warplanes struck a home in the same location, leaving 12 killed, 7 of whom are children, and others injured.", "fatalities": 12, "tags": null, "timestamp": 1759790002 }, "geometry": { "type": "Point", "coordinates": [ 34.4835, 31.5272 ] } },
{ "type": "Feature", "properties": { "event_id_cnty": "PSE65733", "event_date": "12/20/2024", "year": 2024, "time_precision": true, "disorder_type": "Political violence", "event_type": "Explosions/Remote violence", "sub_event_type": "Air/drone strike", "actor1": "Military Forces of Israel (2022-)", "assoc_actor_1": null, "inter1": 8, "actor2": "Civilians (Palestine)", "assoc_actor_2": null, "inter2": 7, "interaction": 78, "civilian_targeting": "Civilian targeting", "iso": 275, "region": "Middle East", "country": "Palestine", "admin1": "Gaza Strip", "admin2": "Gaza City", "admin3": null, "location": "Gaza - Az Zaytun", "latitude": 31.4964, "longitude": 34.4522, "geo_precision": 2, "source": "Quds News Network", "source_scale": "National", "notes": "On 20 December 2024, Israeli helicopters fired at a home east of Gaza - Az Zaytun (Gaza City, Gaza Strip). Also, Israeli artillery fired at south of Gaza city. Casualties unknown.", "fatalities": 0, "tags": null, "timestamp": 1759790002 }, "geometry": { "type": "Point", "coordinates": [ 34.4522, 31.4964 ] } },
{ "type": "Feature", "properties": { "event_id_cnty": "PSE65741", "event_date": "12/20/2024", "year": 2024, "time_precision": true, "disorder_type": "Political violence", "event_type": "Explosions/Remote violence", "sub_event_type": "Air/drone strike", "actor1": "Military Forces of Israel (2022-)", "assoc_actor_1": null, "inter1": 8, "actor2": "Civilians (Palestine)", "assoc_actor_2": null, "inter2": 7, "interaction": 78, "civilian_targeting": "Civilian targeting", "iso": 275, "region": "Middle East", "country": "Palestine", "admin1": "Gaza Strip", "admin2": "North Gaza", "admin3": null, "location": "Jabalya - Tel-Zaatar", "latitude": 31.5367, "longitude": 34.5035, "geo_precision": 1, "source": "Quds News Network", "source_scale": "National", "notes": "On 20 December 2024, Israeli warplanes struck homes close to Al Odeh Hospital in Jabalya - Tel-Zaatar (North Gaza, Gaza Strip), resulting in 4 injuries.", "fatalities": 0, "tags": null, "timestamp": 1759790002 }, "geometry": { "type": "Point", "coordinates": [ 34.5035, 31.5367 ] } },
{ "type": "Feature", "properties": { "event_id_cnty": "PSE65767", "event_date": "12/21/2024", "year": 2024, "time_precision": true, "disorder_type": "Political violence", "event_type": "Explosions/Remote violence", "sub_event_type": "Air/drone strike", "actor1": "Military Forces of Israel (2022-)", "assoc_actor_1": null, "inter1": 8, "actor2": "Civilians (Palestine)", "assoc_actor_2": "Refugees/IDPs (Palestine)", "inter2": 7, "interaction": 78, "civilian_targeting": "Civilian targeting", "iso": 275, "region": "Middle East", "country": "Palestine", "admin1": "Gaza Strip", "admin2": "Gaza City", "admin3": null, "location": "Gaza - Ash Shati' Camp", "latitude": 31.5349, "longitude": 34.4466, "geo_precision": 1, "source": "Palestine News and Information Agency", "source_scale": "National", "notes": "On 21 December 2024, Israeli warplanes launched a series of airstrikes on Gaza - Ash Shati' Camp (Gaza City, Gaza Strip) killing 7 people and injuring others.", "fatalities": 7, "tags": null, "timestamp": 1759790002 }, "geometry": { "type": "Point", "coordinates": [ 34.4466, 31.5349 ] } },
{ "type": "Feature", "properties": { "event_id_cnty": "PSE65769", "event_date": "12/21/2024", "year": 2024, "time_precision": true, "disorder_type": "Political violence", "event_type": "Explosions/Remote violence", "sub_event_type": "Air/drone strike", "actor1": "Military Forces of Israel (2022-)", "assoc_actor_1": null, "inter1": 8, "actor2": "Civilians (Palestine)", "assoc_actor_2": null, "inter2": 7, "interaction": 78, "civilian_targeting": "Civilian targeting", "iso": 275, "region": "Middle East", "country": "Palestine", "admin1": "Gaza Strip", "admin2": "Khan Yunis", "admin3": null, "location": "Abasan al Kabirah", "latitude": 31.3191, "longitude": 34.3401, "geo_precision": 1, "source": "Palestine News and Information Agency; Quds News Network", "source_scale": "National", "notes": "On 21 December 2024, an Israeli drone targeted Abasan al Kabirah (Khan Yunis, Gaza Strip) injuring two people.", "fatalities": 0, "tags": null, "timestamp": 1753956656 }, "geometry": { "type": "Point", "coordinates": [ 34.3401, 31.3191 ] } },
{ "type": "Feature", "properties": { "event_id_cnty": "PSE65770", "event_date": "12/21/2024", "year": 2024, "time_precision": true, "disorder_type": "Political violence", "event_type": "Explosions/Remote violence", "sub_event_type": "Air/drone strike", "actor1": "Military Forces of Israel (2022-)", "assoc_actor_1": null, "inter1": 8, "actor2": "Civilians (Palestine)", "assoc_actor_2": "Health Workers (Palestine)", "inter2": 7, "interaction": 78, "civilian_targeting": "Civilian targeting", "iso": 275, "region": "Middle East", "country": "Palestine", "admin1": "Gaza Strip", "admin2": "North Gaza", "admin3": null, "location": "Beit Lahiya - Al Mashroo", "latitude": 31.5433, "longitude": 34.4998, "geo_precision": 1, "source": "Palestine News and Information Agency; Quds News Network", "source_scale": "National", "notes": "On 21 December 2024, Israeli warplanes and artillery, as well as explosive-laden remotely operated vehicles (robots) heavily targeted Kamal Adwan Hospital and its vicinity as well as other areas in Beit Lahiya - Al Mashroo (North Gaza, Gaza Strip) killing 2 people and injuring others, including patients and health workers and causing heavy material damage at the hospital.", "fatalities": 2, "tags": null, "timestamp": 1759179058 }, "geometry": { "type": "Point", "coordinates": [ 34.4998, 31.5433 ] } },
{ "type": "Feature", "properties": { "event_id_cnty": "PSE65771", "event_date": "12/21/2024", "year": 2024, "time_precision": true, "disorder_type": "Political violence", "event_type": "Explosions/Remote violence", "sub_event_type": "Air/drone strike", "actor1": "Military Forces of Israel (2022-)", "assoc_actor_1": null, "inter1": 8, "actor2": "Civilians (Palestine)", "assoc_actor_2": null, "inter2": 7, "interaction": 78, "civilian_targeting": "Civilian targeting", "iso": 275, "region": "Middle East", "country": "Palestine", "admin1": "Gaza Strip", "admin2": "Gaza City", "admin3": null, "location": "Gaza - Shujaiyya", "latitude": 31.4988, "longitude": 34.4699, "geo_precision": 1, "source": "Palestine News and Information Agency", "source_scale": "National", "notes": "On 21 December 2024, Israeli warplanes targeted Mansoura street in Gaza - Shujaiyya (Gaza City, Gaza Strip) killing 4 people and injuring others.", "fatalities": 4, "tags": null, "timestamp": 1759790002 }, "geometry": { "type": "Point", "coordinates": [ 34.4699, 31.4988 ] } },
{ "type": "Feature", "properties": { "event_id_cnty": "PSE65773", "event_date": "12/21/2024", "year": 2024, "time_precision": true, "disorder_type": "Political violence", "event_type": "Explosions/Remote violence", "sub_event_type": "Air/drone strike", "actor1": "Military Forces of Israel (2022-)", "assoc_actor_1": null, "inter1": 8, "actor2": "Civilians (Palestine)", "assoc_actor_2": "Refugees/IDPs (Palestine)", "inter2": 7, "interaction": 78, "civilian_targeting": "Civilian targeting", "iso": 275, "region": "Middle East", "country": "Palestine", "admin1": "Gaza Strip", "admin2": "Deir El Balah", "admin3": null, "location": "An Nusayrat - North", "latitude": 31.4591, "longitude": 34.3923, "geo_precision": 1, "source": "Palestine News and Information Agency", "source_scale": "National", "notes": "On 21 December 2024, Israeli warplanes targeted houses in the new camp in An Nusayrat - North (Deir El Balah, Gaza Strip) killing 4 people in one of them, including children, and injuring 14 others. Israeli artillery also targeted the same location on the same day, casualties unknown.", "fatalities": 4, "tags": null, "timestamp": 1753956656 }, "geometry": { "type": "Point", "coordinates": [ 34.3923, 31.4591 ] } },
{ "type": "Feature", "properties": { "event_id_cnty": "PSE65781", "event_date": "12/21/2024", "year": 2024, "time_precision": true, "disorder_type": "Political violence", "event_type": "Explosions/Remote violence", "sub_event_type": "Air/drone strike", "actor1": "Military Forces of Israel (2022-)", "assoc_actor_1": null, "inter1": 8, "actor2": "Civilians (Palestine)", "assoc_actor_2": null, "inter2": 7, "interaction": 78, "civilian_targeting": "Civilian targeting", "iso": 275, "region": "Middle East", "country": "Palestine", "admin1": "Gaza Strip", "admin2": "Gaza City", "admin3": null, "location": "Gaza", "latitude": 31.5045, "longitude": 34.4743, "geo_precision": 1, "source": "Quds News Network", "source_scale": "National", "notes": "On 21 December 2024, Israeli warplanes targeted a house in the vicinity of AlTabi'in school located on Nafaq Street in Gaza (Gaza City, Gaza Strip) killing 1 person and injuring many others. In the same location, Israeli forces, likely warplanes, targeted a group of people in Yafa Street killing 1 person. Total confirmed fatalities is 2.", "fatalities": 2, "tags": null, "timestamp": 1759790002 }, "geometry": { "type": "Point", "coordinates": [ 34.4743, 31.5045 ] } },
{ "type": "Feature", "properties": { "event_id_cnty": "PSE65795", "event_date": "12/21/2024", "year": 2024, "time_precision": true, "disorder_type": "Political violence", "event_type": "Explosions/Remote violence", "sub_event_type": "Air/drone strike", "actor1": "Military Forces of Israel (2022-)", "assoc_actor_1": null, "inter1": 8, "actor2": "Civilians (Palestine)", "assoc_actor_2": null, "inter2": 7, "interaction": 78, "civilian_targeting": "Civilian targeting", "iso": 275, "region": "Middle East", "country": "Palestine", "admin1": "Gaza Strip", "admin2": "Gaza City", "admin3": null, "location": "Gaza - Ad Darraj", "latitude": 31.5172, "longitude": 34.4642, "geo_precision": 1, "source": "Liveuamap", "source_scale": "Local partner-New media", "notes": "On 21 December 2024, Israeli warplanes targeted a gathering of Palestinians in Gaza - Ad Darraj (Gaza City, Gaza Strip) killing 1 person and wounding others.", "fatalities": 1, "tags": null, "timestamp": 1759790002 }, "geometry": { "type": "Point", "coordinates": [ 34.4642, 31.5172 ] } },
{ "type": "Feature", "properties": { "event_id_cnty": "PSE65783", "event_date": "12/21/2024", "year": 2024, "time_precision": true, "disorder_type": "Political violence", "event_type": "Explosions/Remote violence", "sub_event_type": "Air/drone strike", "actor1": "Military Forces of Israel (2022-)", "assoc_actor_1": null, "inter1": 8, "actor2": "Civilians (Palestine)", "assoc_actor_2": null, "inter2": 7, "interaction": 78, "civilian_targeting": "Civilian targeting", "iso": 275, "region": "Middle East", "country": "Palestine", "admin1": "Gaza Strip", "admin2": "Deir El Balah", "admin3": null, "location": "Deir al Balah Camp", "latitude": 31.4249, "longitude": 34.34, "geo_precision": 2, "source": "Liveuamap; Quds News Network", "source_scale": "Local partner-New media", "notes": "On 21 December 2024, Israeli forces, likely warplanes, targeted a house on Al-Mazra'a Street east of Deir el Balah, coded to Deir al Balah Camp (Deir El Balah, Gaza Strip) killing at least 6 people and injuring others.", "fatalities": 6, "tags": null, "timestamp": 1765850627 }, "geometry": { "type": "Point", "coordinates": [ 34.34, 31.4249 ] } },
{ "type": "Feature", "properties": { "event_id_cnty": "PSE65772", "event_date": "12/21/2024", "year": 2024, "time_precision": true, "disorder_type": "Political violence", "event_type": "Explosions/Remote violence", "sub_event_type": "Air/drone strike", "actor1": "Military Forces of Israel (2022-)", "assoc_actor_1": null, "inter1": 8, "actor2": "Civilians (Palestine)", "assoc_actor_2": null, "inter2": 7, "interaction": 78, "civilian_targeting": "Civilian targeting", "iso": 275, "region": "Middle East", "country": "Palestine", "admin1": "Gaza Strip", "admin2": "North Gaza", "admin3": null, "location": "Sheikh Zaid", "latitude": 31.5392, "longitude": 34.5117, "geo_precision": 1, "source": "Palestine News and Information Agency", "source_scale": "National", "notes": "On 21 December 2024, Israeli forces, likely warplanes, targeted a house in Sheikh Zaid (North Gaza, Gaza Strip) killing a woman and her 3 daughters.", "fatalities": 4, "tags": null, "timestamp": 1759790002 }, "geometry": { "type": "Point", "coordinates": [ 34.5117, 31.5392 ] } },
{ "type": "Feature", "properties": { "event_id_cnty": "PSE65768", "event_date": "12/21/2024", "year": 2024, "time_precision": true, "disorder_type": "Political violence", "event_type": "Explosions/Remote violence", "sub_event_type": "Air/drone strike", "actor1": "Military Forces of Israel (2022-)", "assoc_actor_1": null, "inter1": 8, "actor2": "Civilians (Palestine)", "assoc_actor_2": null, "inter2": 7, "interaction": 78, "civilian_targeting": "Civilian targeting", "iso": 275, "region": "Middle East", "country": "Palestine", "admin1": "Gaza Strip", "admin2": "Rafah", "admin3": null, "location": "Khirbet al Adas", "latitude": 31.2855, "longitude": 34.2714, "geo_precision": 1, "source": "Palestine News and Information Agency", "source_scale": "National", "notes": "On 21 December 2024, an Israeli drone targeted Khirbet al Adas (Rafah, Gaza Strip) killing 2 people and injuring others.", "fatalities": 2, "tags": null, "timestamp": 1753956656 }, "geometry": { "type": "Point", "coordinates": [ 34.2714, 31.2855 ] } },
{ "type": "Feature", "properties": { "event_id_cnty": "PSE65828", "event_date": "12/22/2024", "year": 2024, "time_precision": true, "disorder_type": "Political violence", "event_type": "Explosions/Remote violence", "sub_event_type": "Air/drone strike", "actor1": "Military Forces of Israel (2022-)", "assoc_actor_1": null, "inter1": 8, "actor2": "Civilians (Palestine)", "assoc_actor_2": "Refugees/IDPs (Palestine)", "inter2": 7, "interaction": 78, "civilian_targeting": "Civilian targeting", "iso": 275, "region": "Middle East", "country": "Palestine", "admin1": "Gaza Strip", "admin2": "Deir El Balah", "admin3": null, "location": "Al Burayj", "latitude": 31.4394, "longitude": 34.4031, "geo_precision": 1, "source": "Dunia Al Watan", "source_scale": "National", "notes": "On 22 December 2024, Israeli forces, likely airstrikes, targeted a group of people in Block 3 of Al Burayj camp (Deir El Balah, Gaza Strip) killing 5 and injuring others.", "fatalities": 5, "tags": null, "timestamp": 1753956656 }, "geometry": { "type": "Point", "coordinates": [ 34.4031, 31.4394 ] } },
{ "type": "Feature", "properties": { "event_id_cnty": "PSE65829", "event_date": "12/22/2024", "year": 2024, "time_precision": true, "disorder_type": "Political violence", "event_type": "Explosions/Remote violence", "sub_event_type": "Air/drone strike", "actor1": "Military Forces of Israel (2022-)", "assoc_actor_1": null, "inter1": 8, "actor2": "Civilians (Palestine)", "assoc_actor_2": null, "inter2": 7, "interaction": 78, "civilian_targeting": "Civilian targeting", "iso": 275, "region": "Middle East", "country": "Palestine", "admin1": "Gaza Strip", "admin2": "North Gaza", "admin3": null, "location": "Beit Lahiya - Al Mashroo", "latitude": 31.5433, "longitude": 34.4998, "geo_precision": 1, "source": "Palestine News and Information Agency", "source_scale": "National", "notes": "On 22 December 2024, Israeli warplanes, including helicopters and quadcopter drones, as well as artillery continued to target Kamal Adwan Hospital and its vicinity in Beit Lahiya - Al Mashroo (North Gaza, Gaza Strip), killing 3 people and injuring others near the hospital as well as causing material damage inside the hospital. Israeli warplanes and artillery continuously targeted other areas of that same location. Casualties unknown.", "fatalities": 3, "tags": null, "timestamp": 1753956656 }, "geometry": { "type": "Point", "coordinates": [ 34.4998, 31.5433 ] } },
{ "type": "Feature", "properties": { "event_id_cnty": "PSE65832", "event_date": "12/22/2024", "year": 2024, "time_precision": true, "disorder_type": "Political violence", "event_type": "Explosions/Remote violence", "sub_event_type": "Air/drone strike", "actor1": "Military Forces of Israel (2022-)", "assoc_actor_1": null, "inter1": 8, "actor2": "Civilians (Palestine)", "assoc_actor_2": "Refugees/IDPs (Palestine)", "inter2": 7, "interaction": 78, "civilian_targeting": "Civilian targeting", "iso": 275, "region": "Middle East", "country": "Palestine", "admin1": "Gaza Strip", "admin2": "Deir El Balah", "admin3": null, "location": "An Nusayrat - North", "latitude": 31.4591, "longitude": 34.3923, "geo_precision": 1, "source": "Dunia Al Watan; Quds News Network", "source_scale": "National", "notes": "On 22 December 2024, Israeli quadcopter drones targeted a school sheltering IDPs in a camp in An Nusayrat - North (Deir El Balah, Gaza Strip) injuring many Palestinians. An Israeli airstrike targeted a house in the new camp in the same location. Israeli strikes on that location killed at least 10 people in total.", "fatalities": 10, "tags": null, "timestamp": 1753956656 }, "geometry": { "type": "Point", "coordinates": [ 34.3923, 31.4591 ] } },
{ "type": "Feature", "properties": { "event_id_cnty": "PSE65841", "event_date": "12/22/2024", "year": 2024, "time_precision": true, "disorder_type": "Political violence", "event_type": "Explosions/Remote violence", "sub_event_type": "Air/drone strike", "actor1": "Military Forces of Israel (2022-)", "assoc_actor_1": null, "inter1": 8, "actor2": "Civilians (Palestine)", "assoc_actor_2": null, "inter2": 7, "interaction": 78, "civilian_targeting": "Civilian targeting", "iso": 275, "region": "Middle East", "country": "Palestine", "admin1": "Gaza Strip", "admin2": "Khan Yunis", "admin3": null, "location": "Khan Yunis", "latitude": 31.3502, "longitude": 34.3081, "geo_precision": 1, "source": "Quds News Network", "source_scale": "National", "notes": "On 22 December 2024, Israeli helicopters fired at a residential house in Khan Yunis (Khan Yunis, Gaza Strip) killing 11 people.", "fatalities": 11, "tags": null, "timestamp": 1753956656 }, "geometry": { "type": "Point", "coordinates": [ 34.3081, 31.3502 ] } },
{ "type": "Feature", "properties": { "event_id_cnty": "PSE65843", "event_date": "12/22/2024", "year": 2024, "time_precision": true, "disorder_type": "Political violence", "event_type": "Explosions/Remote violence", "sub_event_type": "Air/drone strike", "actor1": "Military Forces of Israel (2022-)", "assoc_actor_1": null, "inter1": 8, "actor2": "Civilians (Palestine)", "assoc_actor_2": null, "inter2": 7, "interaction": 78, "civilian_targeting": "Civilian targeting", "iso": 275, "region": "Middle East", "country": "Palestine", "admin1": "Gaza Strip", "admin2": "Gaza City", "admin3": null, "location": "Gaza", "latitude": 31.5045, "longitude": 34.4743, "geo_precision": 1, "source": "Quds News Network", "source_scale": "National", "notes": "On 22 December 2024, Israeli forces, likely warplanes, targeted a vehicle in Gaza (Gaza City, Gaza Strip) killing 4 people and injuring others. Israeli forces also launched an airstrike on a house in the same location killing 1 pregnant woman. Total confirmed fatalities is 5.", "fatalities": 5, "tags": null, "timestamp": 1759790002 }, "geometry": { "type": "Point", "coordinates": [ 34.4743, 31.5045 ] } },
{ "type": "Feature", "properties": { "event_id_cnty": "PSE65851", "event_date": "12/22/2024", "year": 2024, "time_precision": true, "disorder_type": "Political violence", "event_type": "Explosions/Remote violence", "sub_event_type": "Shelling/artillery/missile attack", "actor1": "Military Forces of Israel (2022-)", "assoc_actor_1": null, "inter1": 8, "actor2": "Civilians (Palestine)", "assoc_actor_2": null, "inter2": 7, "interaction": 78, "civilian_targeting": "Civilian targeting", "iso": 275, "region": "Middle East", "country": "Palestine", "admin1": "Gaza Strip", "admin2": "Gaza City", "admin3": null, "location": "Gaza - Shujaiyya", "latitude": 31.4988, "longitude": 34.4699, "geo_precision": 1, "source": "Liveuamap", "source_scale": "Local partner-New media", "notes": "On 22 December 2024, Israeli artillery targeted Gaza - Shujaiyya (Gaza City, Gaza Strip) killing 2people and wounding others.", "fatalities": 2, "tags": null, "timestamp": 1759790002 }, "geometry": { "type": "Point", "coordinates": [ 34.4699, 31.4988 ] } },
{ "type": "Feature", "properties": { "event_id_cnty": "PSE65852", "event_date": "12/22/2024", "year": 2024, "time_precision": true, "disorder_type": "Political violence", "event_type": "Explosions/Remote violence", "sub_event_type": "Air/drone strike", "actor1": "Military Forces of Israel (2022-)", "assoc_actor_1": null, "inter1": 8, "actor2": "Civilians (Palestine)", "assoc_actor_2": "Refugees/IDPs (Palestine)", "inter2": 7, "interaction": 78, "civilian_targeting": "Civilian targeting", "iso": 275, "region": "Middle East", "country": "Palestine", "admin1": "Gaza Strip", "admin2": "Deir El Balah", "admin3": null, "location": "An Nusayrat", "latitude": 31.4486, "longitude": 34.3925, "geo_precision": 1, "source": "Quds News Network", "source_scale": "National", "notes": "On 22 December 2024, an Israeli drone targeted An Nusayrat camp (Deir El Balah, Gaza Strip) injuring several people.", "fatalities": 0, "tags": null, "timestamp": 1753956656 }, "geometry": { "type": "Point", "coordinates": [ 34.3925, 31.4486 ] } },
{ "type": "Feature", "properties": { "event_id_cnty": "PSE65827", "event_date": "12/22/2024", "year": 2024, "time_precision": true, "disorder_type": "Political violence", "event_type": "Explosions/Remote violence", "sub_event_type": "Air/drone strike", "actor1": "Military Forces of Israel (2022-)", "assoc_actor_1": null, "inter1": 8, "actor2": "Civilians (Palestine)", "assoc_actor_2": null, "inter2": 7, "interaction": 78, "civilian_targeting": "Civilian targeting", "iso": 275, "region": "Middle East", "country": "Palestine", "admin1": "Gaza Strip", "admin2": "North Gaza", "admin3": null, "location": "Jabalya", "latitude": 31.5272, "longitude": 34.4835, "geo_precision": 1, "source": "Palestine News and Information Agency; Quds News Network", "source_scale": "National", "notes": "On 22 December 2024, Israeli forces, likely warplanes, targeted a house in Jabalya town (North Gaza, Gaza Strip) killing 5 people, including 4 children, and injuring others.", "fatalities": 5, "tags": null, "timestamp": 1759790002 }, "geometry": { "type": "Point", "coordinates": [ 34.4835, 31.5272 ] } },
{ "type": "Feature", "properties": { "event_id_cnty": "PSE65846", "event_date": "12/22/2024", "year": 2024, "time_precision": true, "disorder_type": "Political violence", "event_type": "Explosions/Remote violence", "sub_event_type": "Air/drone strike", "actor1": "Military Forces of Israel (2022-)", "assoc_actor_1": null, "inter1": 8, "actor2": "Civilians (Palestine)", "assoc_actor_2": null, "inter2": 7, "interaction": 78, "civilian_targeting": "Civilian targeting", "iso": 275, "region": "Middle East", "country": "Palestine", "admin1": "Gaza Strip", "admin2": "Gaza City", "admin3": null, "location": "Gaza - Az Zaytun", "latitude": 31.4964, "longitude": 34.4522, "geo_precision": 1, "source": "Quds News Network", "source_scale": "National", "notes": "On 22 December 2024, Israeli warplanes targeted a house in Gaza - Az Zaytun (Gaza City, Gaza Strip) injuring 2 people.", "fatalities": 0, "tags": null, "timestamp": 1759790002 }, "geometry": { "type": "Point", "coordinates": [ 34.4522, 31.4964 ] } },
{ "type": "Feature", "properties": { "event_id_cnty": "PSE65871", "event_date": "12/23/2024", "year": 2024, "time_precision": true, "disorder_type": "Political violence", "event_type": "Explosions/Remote violence", "sub_event_type": "Air/drone strike", "actor1": "Military Forces of Israel (2022-)", "assoc_actor_1": null, "inter1": 8, "actor2": "Civilians (Palestine)", "assoc_actor_2": "Refugees/IDPs (Palestine)", "inter2": 7, "interaction": 78, "civilian_targeting": "Civilian targeting", "iso": 275, "region": "Middle East", "country": "Palestine", "admin1": "Gaza Strip", "admin2": "Deir El Balah", "admin3": null, "location": "An Nusayrat - North", "latitude": 31.4591, "longitude": 34.3923, "geo_precision": 1, "source": "Al-Ittihad; Quds News Network", "source_scale": "National-Regional", "notes": "On 23 December 2024, Israeli warplanes targeted the new camp in An Nusayrat - North (Deir El Balah, Gaza Strip) killing 4 people and injuring 3 others. Israeli drones also targeted a school sheltering IDPs in the same location killing 1 person and injuring others. Total confirmed fatalities is 5.", "fatalities": 5, "tags": null, "timestamp": 1753956656 }, "geometry": { "type": "Point", "coordinates": [ 34.3923, 31.4591 ] } },
{ "type": "Feature", "properties": { "event_id_cnty": "PSE65872", "event_date": "12/23/2024", "year": 2024, "time_precision": true, "disorder_type": "Political violence", "event_type": "Explosions/Remote violence", "sub_event_type": "Air/drone strike", "actor1": "Military Forces of Israel (2022-)", "assoc_actor_1": null, "inter1": 8, "actor2": "Civilians (Palestine)", "assoc_actor_2": null, "inter2": 7, "interaction": 78, "civilian_targeting": "Civilian targeting", "iso": 275, "region": "Middle East", "country": "Palestine", "admin1": "Gaza Strip", "admin2": "Gaza City", "admin3": null, "location": "Gaza - Shujaiyya", "latitude": 31.4988, "longitude": 34.4699, "geo_precision": 2, "source": "Palestine News and Information Agency; Quds News Network", "source_scale": "National", "notes": "On 23 December 2024, Israeli warplanes targeted a house in al Shaaf neighborhood in east of Gaza city, coded to Gaza - Shujaiyya (Gaza City, Gaza Strip) killing 1 person and injuring others. On the same day, Israeli warplanes targeted a house in east of Gaza city, coded to the same location, killing 4 people, including a woman and two children, and injuring others. Total confirmed fatalities is 5.", "fatalities": 5, "tags": null, "timestamp": 1759790002 }, "geometry": { "type": "Point", "coordinates": [ 34.4699, 31.4988 ] } },
{ "type": "Feature", "properties": { "event_id_cnty": "PSE65874", "event_date": "12/23/2024", "year": 2024, "time_precision": true, "disorder_type": "Political violence", "event_type": "Explosions/Remote violence", "sub_event_type": "Air/drone strike", "actor1": "Military Forces of Israel (2022-)", "assoc_actor_1": null, "inter1": 8, "actor2": "Civilians (Palestine)", "assoc_actor_2": null, "inter2": 7, "interaction": 78, "civilian_targeting": "Civilian targeting", "iso": 275, "region": "Middle East", "country": "Palestine", "admin1": "Gaza Strip", "admin2": "Khan Yunis", "admin3": null, "location": "Al Mawasi (Khan Yunis)", "latitude": 31.3482, "longitude": 34.2547, "geo_precision": 1, "source": "Palestine News and Information Agency; Quds News Network", "source_scale": "National", "notes": "On 23 December 2024, Israeli drones targeted a vehicle in Al Mawasi (Khan Yunis) (Khan Yunis, Gaza Strip) killing 2 people and injuring others.", "fatalities": 2, "tags": null, "timestamp": 1762829569 }, "geometry": { "type": "Point", "coordinates": [ 34.2547, 31.3482 ] } },
{ "type": "Feature", "properties": { "event_id_cnty": "PSE65878", "event_date": "12/23/2024", "year": 2024, "time_precision": true, "disorder_type": "Political violence", "event_type": "Explosions/Remote violence", "sub_event_type": "Air/drone strike", "actor1": "Military Forces of Israel (2022-)", "assoc_actor_1": null, "inter1": 8, "actor2": "Civilians (Palestine)", "assoc_actor_2": "Health Workers (Palestine)", "inter2": 7, "interaction": 78, "civilian_targeting": "Civilian targeting", "iso": 275, "region": "Middle East", "country": "Palestine", "admin1": "Gaza Strip", "admin2": "North Gaza", "admin3": null, "location": "Beit Lahiya - Al Mashroo", "latitude": 31.5433, "longitude": 34.4998, "geo_precision": 1, "source": "Palestine News and Information Agency; Quds News Network", "source_scale": "National", "notes": "On 23 December 2024, Israeli forces continued the siege on Kamal Adwan Hospital in Beit Lahiya - Al Mashroo (North Gaza, Gaza Strip) and targeted the hospital and its vicinity with warplanes, artillery and explosive-laden remotely operated vehicles (robots); killing 1 person and injuring 20 people, including patients and health workers.", "fatalities": 1, "tags": null, "timestamp": 1759179058 }, "geometry": { "type": "Point", "coordinates": [ 34.4998, 31.5433 ] } },
{ "type": "Feature", "properties": { "event_id_cnty": "PSE65880", "event_date": "12/23/2024", "year": 2024, "time_precision": true, "disorder_type": "Political violence", "event_type": "Explosions/Remote violence", "sub_event_type": "Air/drone strike", "actor1": "Military Forces of Israel (2022-)", "assoc_actor_1": null, "inter1": 8, "actor2": "Civilians (Palestine)", "assoc_actor_2": null, "inter2": 7, "interaction": 78, "civilian_targeting": "Civilian targeting", "iso": 275, "region": "Middle East", "country": "Palestine", "admin1": "Gaza Strip", "admin2": "Gaza City", "admin3": null, "location": "Gaza - Shujaiyya", "latitude": 31.4988, "longitude": 34.4699, "geo_precision": 1, "source": "Palestine News and Information Agency", "source_scale": "National", "notes": "On 23 December 2024, Israeli warplanes targeted a group of people in Mushtaha street in Gaza - Shujaiyya (Gaza City, Gaza Strip) killing 3 and injuring others.", "fatalities": 3, "tags": null, "timestamp": 1759790002 }, "geometry": { "type": "Point", "coordinates": [ 34.4699, 31.4988 ] } },
{ "type": "Feature", "properties": { "event_id_cnty": "PSE65881", "event_date": "12/23/2024", "year": 2024, "time_precision": true, "disorder_type": "Political violence", "event_type": "Explosions/Remote violence", "sub_event_type": "Air/drone strike", "actor1": "Military Forces of Israel (2022-)", "assoc_actor_1": null, "inter1": 8, "actor2": "Civilians (Palestine)", "assoc_actor_2": null, "inter2": 7, "interaction": 78, "civilian_targeting": "Civilian targeting", "iso": 275, "region": "Middle East", "country": "Palestine", "admin1": "Gaza Strip", "admin2": "Gaza City", "admin3": null, "location": "Gaza", "latitude": 31.5045, "longitude": 34.4743, "geo_precision": 1, "source": "Palestine News and Information Agency", "source_scale": "National", "notes": "On 23 December 2024, Israeli warplanes targeted a group of people in Al Saraya intersection in Gaza (Gaza City, Gaza Strip) killing 4 and injuring others.", "fatalities": 4, "tags": null, "timestamp": 1759790002 }, "geometry": { "type": "Point", "coordinates": [ 34.4743, 31.5045 ] } },
{ "type": "Feature", "properties": { "event_id_cnty": "PSE65882", "event_date": "12/23/2024", "year": 2024, "time_precision": true, "disorder_type": "Political violence", "event_type": "Explosions/Remote violence", "sub_event_type": "Air/drone strike", "actor1": "Military Forces of Israel (2022-)", "assoc_actor_1": null, "inter1": 8, "actor2": "Civilians (Palestine)", "assoc_actor_2": null, "inter2": 7, "interaction": 78, "civilian_targeting": "Civilian targeting", "iso": 275, "region": "Middle East", "country": "Palestine", "admin1": "Gaza Strip", "admin2": "Deir El Balah", "admin3": null, "location": "Deir al Balah", "latitude": 31.4178, "longitude": 34.3503, "geo_precision": 1, "source": "Palestine News and Information Agency", "source_scale": "National", "notes": "On 23 December 2024, Israeli warplanes targeted a vehicle near Salah al Din street in Deir al Balah (Deir El Balah, Gaza Strip) killing 4 people and injuring others.", "fatalities": 4, "tags": null, "timestamp": 1753956656 }, "geometry": { "type": "Point", "coordinates": [ 34.3503, 31.4178 ] } },
{ "type": "Feature", "properties": { "event_id_cnty": "PSE65884", "event_date": "12/23/2024", "year": 2024, "time_precision": true, "disorder_type": "Political violence", "event_type": "Explosions/Remote violence", "sub_event_type": "Air/drone strike", "actor1": "Military Forces of Israel (2022-)", "assoc_actor_1": null, "inter1": 8, "actor2": "Civilians (Palestine)", "assoc_actor_2": null, "inter2": 7, "interaction": 78, "civilian_targeting": "Civilian targeting", "iso": 275, "region": "Middle East", "country": "Palestine", "admin1": "Gaza Strip", "admin2": "Khan Yunis", "admin3": null, "location": "Bani Suheila", "latitude": 31.3424, "longitude": 34.325, "geo_precision": 1, "source": "Quds News Network", "source_scale": "National", "notes": "On 23 December 2024, Israeli warplanes targeted a group of people near the Bani Suheila intersection in Bani Suheila (Khan Yunis, Gaza Strip) injuring 3 people.", "fatalities": 0, "tags": null, "timestamp": 1753956656 }, "geometry": { "type": "Point", "coordinates": [ 34.325, 31.3424 ] } },
{ "type": "Feature", "properties": { "event_id_cnty": "PSE65887", "event_date": "12/23/2024", "year": 2024, "time_precision": true, "disorder_type": "Political violence", "event_type": "Explosions/Remote violence", "sub_event_type": "Air/drone strike", "actor1": "Military Forces of Israel (2022-)", "assoc_actor_1": null, "inter1": 8, "actor2": "Civilians (Palestine)", "assoc_actor_2": null, "inter2": 7, "interaction": 78, "civilian_targeting": "Civilian targeting", "iso": 275, "region": "Middle East", "country": "Palestine", "admin1": "Gaza Strip", "admin2": "Gaza City", "admin3": null, "location": "Gaza - At Tuffah", "latitude": 31.5134, "longitude": 34.4751, "geo_precision": 1, "source": "Arab 48", "source_scale": "National", "notes": "On 23 December 2024, Israeli drones targeted a house in Gaza - At Tuffah (Gaza City, Gaza Strip). Casualties unknown.", "fatalities": 0, "tags": null, "timestamp": 1759790002 }, "geometry": { "type": "Point", "coordinates": [ 34.4751, 31.5134 ] } },
{ "type": "Feature", "properties": { "event_id_cnty": "PSE65892", "event_date": "12/23/2024", "year": 2024, "time_precision": true, "disorder_type": "Political violence", "event_type": "Explosions/Remote violence", "sub_event_type": "Air/drone strike", "actor1": "Military Forces of Israel (2022-)", "assoc_actor_1": null, "inter1": 8, "actor2": "Civilians (Palestine)", "assoc_actor_2": "Refugees/IDPs (Palestine)", "inter2": 7, "interaction": 78, "civilian_targeting": "Civilian targeting", "iso": 275, "region": "Middle East", "country": "Palestine", "admin1": "Gaza Strip", "admin2": "Khan Yunis", "admin3": null, "location": "Khan Yunis - West (Municipal Stadium)", "latitude": 31.3484, "longitude": 34.2961, "geo_precision": 2, "source": "Liveuamap; Quds News Network", "source_scale": "Local partner-New media", "notes": "On 23 December 2024, Israeli warplanes targeted a bus sheltering IDPs west of Khan Yunis city, coded to Khan Yunis - West (Municipal Stadium) (Khan Yunis, Gaza Strip) killing 1 person and injuring others. Israeli drones also targeted the same location injuring people.", "fatalities": 1, "tags": null, "timestamp": 1753956656 }, "geometry": { "type": "Point", "coordinates": [ 34.2961, 31.3484 ] } },
{ "type": "Feature", "properties": { "event_id_cnty": "PSE65899", "event_date": "12/23/2024", "year": 2024, "time_precision": true, "disorder_type": "Political violence", "event_type": "Explosions/Remote violence", "sub_event_type": "Air/drone strike", "actor1": "Military Forces of Israel (2022-)", "assoc_actor_1": null, "inter1": 8, "actor2": "Civilians (Palestine)", "assoc_actor_2": null, "inter2": 7, "interaction": 78, "civilian_targeting": "Civilian targeting", "iso": 275, "region": "Middle East", "country": "Palestine", "admin1": "Gaza Strip", "admin2": "Rafah", "admin3": null, "location": "Yibna", "latitude": 31.2842, "longitude": 34.2482, "geo_precision": 2, "source": "Palestine News and Information Agency", "source_scale": "National", "notes": "On 23 December 2024, Israeli warplanes targeted east of Rafah, coded to Yibna (Rafah, Gaza Strip), leaving unknown number of fatalities. Unspecified number of fatalities coded to 3.", "fatalities": 3, "tags": null, "timestamp": 1753956656 }, "geometry": { "type": "Point", "coordinates": [ 34.2482, 31.2842 ] } },
{ "type": "Feature", "properties": { "event_id_cnty": "PSE65900", "event_date": "12/23/2024", "year": 2024, "time_precision": true, "disorder_type": "Political violence", "event_type": "Explosions/Remote violence", "sub_event_type": "Air/drone strike", "actor1": "Military Forces of Israel (2022-)", "assoc_actor_1": null, "inter1": 8, "actor2": "Civilians (Palestine)", "assoc_actor_2": null, "inter2": 7, "interaction": 78, "civilian_targeting": "Civilian targeting", "iso": 275, "region": "Middle East", "country": "Palestine", "admin1": "Gaza Strip", "admin2": "Rafah", "admin3": null, "location": "Rafah", "latitude": 31.287, "longitude": 34.2595, "geo_precision": 2, "source": "Palestine News and Information Agency", "source_scale": "National", "notes": "On 23 December 2024, Israeli warplanes targeted east of Rafah and Khan Yunis, coded to Rafah area (Gaza Strip), killing 3 persons.", "fatalities": 3, "tags": null, "timestamp": 1762829569 }, "geometry": { "type": "Point", "coordinates": [ 34.2595, 31.287 ] } },
{ "type": "Feature", "properties": { "event_id_cnty": "PSE65873", "event_date": "12/23/2024", "year": 2024, "time_precision": true, "disorder_type": "Political violence", "event_type": "Explosions/Remote violence", "sub_event_type": "Air/drone strike", "actor1": "Military Forces of Israel (2022-)", "assoc_actor_1": null, "inter1": 8, "actor2": "Civilians (Palestine)", "assoc_actor_2": null, "inter2": 7, "interaction": 78, "civilian_targeting": "Civilian targeting", "iso": 275, "region": "Middle East", "country": "Palestine", "admin1": "Gaza Strip", "admin2": "Rafah", "admin3": null, "location": "Al Mawasi (Rafah)", "latitude": 31.3294, "longitude": 34.2299, "geo_precision": 1, "source": "Palestine News and Information Agency; Quds News Network", "source_scale": "National", "notes": "On 23 December 2024, Israeli drones targeted a group of people (members of aid security committees) in Al Mawasi (Rafah) killing 2 and injuring others. This event involved violence over aid.", "fatalities": 2, "tags": null, "timestamp": 1762829569 }, "geometry": { "type": "Point", "coordinates": [ 34.2299, 31.3294 ] } },
{ "type": "Feature", "properties": { "event_id_cnty": "PSE65876", "event_date": "12/24/2024", "year": 2024, "time_precision": true, "disorder_type": "Political violence", "event_type": "Explosions/Remote violence", "sub_event_type": "Shelling/artillery/missile attack", "actor1": "Military Forces of Israel (2022-)", "assoc_actor_1": null, "inter1": 8, "actor2": "Civilians (Palestine)", "assoc_actor_2": null, "inter2": 7, "interaction": 78, "civilian_targeting": "Civilian targeting", "iso": 275, "region": "Middle East", "country": "Palestine", "admin1": "Gaza Strip", "admin2": "Deir El Balah", "admin3": null, "location": "Deir al Balah Camp", "latitude": 31.4249, "longitude": 34.34, "geo_precision": 2, "source": "Palestine News and Information Agency", "source_scale": "National", "notes": "On 24 December 2024, Israeli artillery targeted east of Deir el Balah, coded to Deir al Balah Camp (Deir El Balah, Gaza Strip) killing 1 person and injuring others.", "fatalities": 1, "tags": null, "timestamp": 1765850627 }, "geometry": { "type": "Point", "coordinates": [ 34.34, 31.4249 ] } },
{ "type": "Feature", "properties": { "event_id_cnty": "PSE65885", "event_date": "12/24/2024", "year": 2024, "time_precision": true, "disorder_type": "Political violence", "event_type": "Explosions/Remote violence", "sub_event_type": "Shelling/artillery/missile attack", "actor1": "Military Forces of Israel (2022-)", "assoc_actor_1": null, "inter1": 8, "actor2": "Civilians (Palestine)", "assoc_actor_2": null, "inter2": 7, "interaction": 78, "civilian_targeting": "Civilian targeting", "iso": 275, "region": "Middle East", "country": "Palestine", "admin1": "Gaza Strip", "admin2": "Khan Yunis", "admin3": null, "location": "Khuzaa", "latitude": 31.3069, "longitude": 34.3572, "geo_precision": 2, "source": "Quds News Network", "source_scale": "National", "notes": "On 24 December 2024, Israeli artillery targeted east of Khuzaa (Khan Yunis, Gaza Strip). Casualties unknown.", "fatalities": 0, "tags": null, "timestamp": 1753956656 }, "geometry": { "type": "Point", "coordinates": [ 34.3572, 31.3069 ] } },
{ "type": "Feature", "properties": { "event_id_cnty": "PSE65929", "event_date": "12/24/2024", "year": 2024, "time_precision": true, "disorder_type": "Political violence", "event_type": "Explosions/Remote violence", "sub_event_type": "Air/drone strike", "actor1": "Military Forces of Israel (2022-)", "assoc_actor_1": null, "inter1": 8, "actor2": "Civilians (Palestine)", "assoc_actor_2": "Labor Group (Palestine)", "inter2": 7, "interaction": 78, "civilian_targeting": "Civilian targeting", "iso": 275, "region": "Middle East", "country": "Palestine", "admin1": "Gaza Strip", "admin2": "Gaza City", "admin3": null, "location": "Gaza - Ad Darraj", "latitude": 31.5172, "longitude": 34.4642, "geo_precision": 1, "source": "Al Ghad (Jordan); Quds News Network", "source_scale": "National-Regional", "notes": "On 24 December 2024, Israeli warplanes targeted a building belonging to the Civil Defense Service in Gaza - Ad Darraj (Gaza City, Gaza Strip) killing 4 people, including 2 civil defense personnel. On the same day, Israeli warplanes targeted a house near Yafa school in the same location killing 1 woman. Israeli artillery also targeted the same location. Casualties unknown. Total confirmed fatalities at least 5.", "fatalities": 5, "tags": null, "timestamp": 1759790002 }, "geometry": { "type": "Point", "coordinates": [ 34.4642, 31.5172 ] } },
{ "type": "Feature", "properties": { "event_id_cnty": "PSE65930", "event_date": "12/24/2024", "year": 2024, "time_precision": true, "disorder_type": "Political violence", "event_type": "Explosions/Remote violence", "sub_event_type": "Air/drone strike", "actor1": "Military Forces of Israel (2022-)", "assoc_actor_1": null, "inter1": 8, "actor2": "Civilians (Palestine)", "assoc_actor_2": null, "inter2": 7, "interaction": 78, "civilian_targeting": "Civilian targeting", "iso": 275, "region": "Middle East", "country": "Palestine", "admin1": "Gaza Strip", "admin2": "Gaza City", "admin3": null, "location": "Gaza - Sheikh Radwan", "latitude": 31.5349, "longitude": 34.4667, "geo_precision": 1, "source": "Al Ghad (Jordan); Palestine News and Information Agency", "source_scale": "National-Regional", "notes": "On 24 December 2024, Israeli warplanes targeted a group of people near Jahjouh intersection in Gaza - Sheikh Radwan (Gaza City, Gaza Strip) killing 2 people and injuring others.", "fatalities": 2, "tags": null, "timestamp": 1759790002 }, "geometry": { "type": "Point", "coordinates": [ 34.4667, 31.5349 ] } },
{ "type": "Feature", "properties": { "event_id_cnty": "PSE65932", "event_date": "12/24/2024", "year": 2024, "time_precision": true, "disorder_type": "Political violence", "event_type": "Explosions/Remote violence", "sub_event_type": "Air/drone strike", "actor1": "Military Forces of Israel (2022-)", "assoc_actor_1": null, "inter1": 8, "actor2": "Civilians (Palestine)", "assoc_actor_2": null, "inter2": 7, "interaction": 78, "civilian_targeting": "Civilian targeting", "iso": 275, "region": "Middle East", "country": "Palestine", "admin1": "Gaza Strip", "admin2": "North Gaza", "admin3": null, "location": "Beit Lahiya - Al Mashroo", "latitude": 31.5433, "longitude": 34.4998, "geo_precision": 1, "source": "Newpress; Twitter", "source_scale": "New media-National", "notes": "On 24 December 2024, Israeli forces used warplanes, quadcopter drones, artillery and explosive-laden remotely operated vehicles (robots) to continuously target Kamal Adwan Hospital and its vicinity in Beit Lahiya - Al Mashroo (North Gaza, Gaza Strip) and also targeted houses in the area. Casualties unknown.", "fatalities": 0, "tags": null, "timestamp": 1759179058 }, "geometry": { "type": "Point", "coordinates": [ 34.4998, 31.5433 ] } },
{ "type": "Feature", "properties": { "event_id_cnty": "PSE65933", "event_date": "12/24/2024", "year": 2024, "time_precision": true, "disorder_type": "Political violence", "event_type": "Explosions/Remote violence", "sub_event_type": "Air/drone strike", "actor1": "Military Forces of Israel (2022-)", "assoc_actor_1": null, "inter1": 8, "actor2": "Civilians (Palestine)", "assoc_actor_2": null, "inter2": 7, "interaction": 78, "civilian_targeting": "Civilian targeting", "iso": 275, "region": "Middle East", "country": "Palestine", "admin1": "Gaza Strip", "admin2": "Gaza City", "admin3": null, "location": "Gaza - Shujaiyya", "latitude": 31.4988, "longitude": 34.4699, "geo_precision": 2, "source": "Quds News Network", "source_scale": "National", "notes": "On 24 December 2024, Israeli warplanes targeted the last floor of Sahaba tower in east of Gaza city, coded to Gaza - Shujaiyya (Gaza City, Gaza Strip), killing 1 person.", "fatalities": 1, "tags": null, "timestamp": 1759790002 }, "geometry": { "type": "Point", "coordinates": [ 34.4699, 31.4988 ] } },
{ "type": "Feature", "properties": { "event_id_cnty": "PSE65934", "event_date": "12/24/2024", "year": 2024, "time_precision": true, "disorder_type": "Political violence", "event_type": "Explosions/Remote violence", "sub_event_type": "Air/drone strike", "actor1": "Military Forces of Israel (2022-)", "assoc_actor_1": null, "inter1": 8, "actor2": "Civilians (Palestine)", "assoc_actor_2": "Refugees/IDPs (Palestine)", "inter2": 7, "interaction": 78, "civilian_targeting": "Civilian targeting", "iso": 275, "region": "Middle East", "country": "Palestine", "admin1": "Gaza Strip", "admin2": "Deir El Balah", "admin3": null, "location": "An Nusayrat", "latitude": 31.4486, "longitude": 34.3925, "geo_precision": 1, "source": "Palestine News and Information Agency; Quds News Network", "source_scale": "National", "notes": "On 24 December 2024, Israeli warplanes launched an airstrike near Abu Arabiyan school in An Nusayrat (Deir El Balah, Gaza Strip) injuring 12 people, including women and children. Israeli warplanes also targeted a house in the same location killing 1 person and injuring many others.", "fatalities": 1, "tags": null, "timestamp": 1753956656 }, "geometry": { "type": "Point", "coordinates": [ 34.3925, 31.4486 ] } },
{ "type": "Feature", "properties": { "event_id_cnty": "PSE65936", "event_date": "12/24/2024", "year": 2024, "time_precision": true, "disorder_type": "Political violence", "event_type": "Explosions/Remote violence", "sub_event_type": "Air/drone strike", "actor1": "Military Forces of Israel (2022-)", "assoc_actor_1": null, "inter1": 8, "actor2": "Civilians (Palestine)", "assoc_actor_2": null, "inter2": 7, "interaction": 78, "civilian_targeting": "Civilian targeting", "iso": 275, "region": "Middle East", "country": "Palestine", "admin1": "Gaza Strip", "admin2": "North Gaza", "admin3": null, "location": "Beit Hanoun", "latitude": 31.5405, "longitude": 34.5402, "geo_precision": 1, "source": "Palestine News and Information Agency", "source_scale": "National", "notes": "On 24 December 2024, Israeli warplanes targeted a house in Beit Hanoun (North Gaza, Gaza Strip) killing 3 people and injuring others.", "fatalities": 3, "tags": null, "timestamp": 1753956656 }, "geometry": { "type": "Point", "coordinates": [ 34.5402, 31.5405 ] } },
{ "type": "Feature", "properties": { "event_id_cnty": "PSE65937", "event_date": "12/24/2024", "year": 2024, "time_precision": true, "disorder_type": "Political violence", "event_type": "Explosions/Remote violence", "sub_event_type": "Air/drone strike", "actor1": "Military Forces of Israel (2022-)", "assoc_actor_1": null, "inter1": 8, "actor2": "Civilians (Palestine)", "assoc_actor_2": "Refugees/IDPs (Palestine)", "inter2": 7, "interaction": 78, "civilian_targeting": "Civilian targeting", "iso": 275, "region": "Middle East", "country": "Palestine", "admin1": "Gaza Strip", "admin2": "Khan Yunis", "admin3": null, "location": "Khan Yunis - Emirati", "latitude": 31.3624, "longitude": 34.2949, "geo_precision": 2, "source": "Palestine News and Information Agency", "source_scale": "National", "notes": "On 24 December 2024, Israeli warplanes targeted an IDP tent in northwest of Khan Yunis, coded to Khan Yunis - Emirati (Khan Yunis, Gaza Strip) killing 2 people and injuring 7 others.", "fatalities": 2, "tags": null, "timestamp": 1753956656 }, "geometry": { "type": "Point", "coordinates": [ 34.2949, 31.3624 ] } },
{ "type": "Feature", "properties": { "event_id_cnty": "PSE65950", "event_date": "12/24/2024", "year": 2024, "time_precision": true, "disorder_type": "Political violence", "event_type": "Explosions/Remote violence", "sub_event_type": "Air/drone strike", "actor1": "Military Forces of Israel (2022-)", "assoc_actor_1": null, "inter1": 8, "actor2": "Civilians (Palestine)", "assoc_actor_2": null, "inter2": 7, "interaction": 78, "civilian_targeting": "Civilian targeting", "iso": 275, "region": "Middle East", "country": "Palestine", "admin1": "Gaza Strip", "admin2": "Gaza City", "admin3": null, "location": "Gaza - Southern Remal", "latitude": 31.5168, "longitude": 34.4355, "geo_precision": 2, "source": "Quds News Network", "source_scale": "National", "notes": "On 24 December 2024, Israeli warplanes targeted a group of Palestinians near the Ministry of Education west of Gaza city, coded to Gaza - Southern Remal (Gaza City, Gaza Strip). Casualties unknown.", "fatalities": 0, "tags": null, "timestamp": 1759790002 }, "geometry": { "type": "Point", "coordinates": [ 34.4355, 31.5168 ] } },
{ "type": "Feature", "properties": { "event_id_cnty": "PSE65953", "event_date": "12/24/2024", "year": 2024, "time_precision": true, "disorder_type": "Political violence", "event_type": "Explosions/Remote violence", "sub_event_type": "Air/drone strike", "actor1": "Military Forces of Israel (2022-)", "assoc_actor_1": null, "inter1": 8, "actor2": "Civilians (Palestine)", "assoc_actor_2": null, "inter2": 7, "interaction": 78, "civilian_targeting": "Civilian targeting", "iso": 275, "region": "Middle East", "country": "Palestine", "admin1": "Gaza Strip", "admin2": "Gaza City", "admin3": null, "location": "Gaza - Shujaiyya", "latitude": 31.4988, "longitude": 34.4699, "geo_precision": 1, "source": "Quds News Network", "source_scale": "National", "notes": "On 24 December 2024, Israeli warplanes targeted a house near Islah Mosque in Gaza - Shujaiyya (Gaza City, Gaza Strip). Casualties unknown.", "fatalities": 0, "tags": null, "timestamp": 1759790002 }, "geometry": { "type": "Point", "coordinates": [ 34.4699, 31.4988 ] } },
{ "type": "Feature", "properties": { "event_id_cnty": "PSE65935", "event_date": "12/24/2024", "year": 2024, "time_precision": true, "disorder_type": "Political violence", "event_type": "Explosions/Remote violence", "sub_event_type": "Air/drone strike", "actor1": "Military Forces of Israel (2022-)", "assoc_actor_1": null, "inter1": 8, "actor2": "Civilians (Palestine)", "assoc_actor_2": null, "inter2": 7, "interaction": 78, "civilian_targeting": "Civilian targeting", "iso": 275, "region": "Middle East", "country": "Palestine", "admin1": "Gaza Strip", "admin2": "North Gaza", "admin3": null, "location": "Jabalya", "latitude": 31.5272, "longitude": 34.4835, "geo_precision": 1, "source": "Palestine News and Information Agency; Quds News Network", "source_scale": "National", "notes": "On 24 December 2024, Israeli warplanes targeted a residential building in Jabalya (North Gaza, Gaza Strip) killing 9 people and injuring others.", "fatalities": 9, "tags": null, "timestamp": 1759790002 }, "geometry": { "type": "Point", "coordinates": [ 34.4835, 31.5272 ] } },
{ "type": "Feature", "properties": { "event_id_cnty": "PSE65938", "event_date": "12/24/2024", "year": 2024, "time_precision": true, "disorder_type": "Political violence", "event_type": "Explosions/Remote violence", "sub_event_type": "Air/drone strike", "actor1": "Military Forces of Israel (2022-)", "assoc_actor_1": null, "inter1": 8, "actor2": "Civilians (Palestine)", "assoc_actor_2": null, "inter2": 7, "interaction": 78, "civilian_targeting": "Civilian targeting", "iso": 275, "region": "Middle East", "country": "Palestine", "admin1": "Gaza Strip", "admin2": "Gaza City", "admin3": null, "location": "Gaza - Tal el Hawa", "latitude": 31.5041, "longitude": 34.435, "geo_precision": 1, "source": "Al Ghad (Jordan)", "source_scale": "Regional", "notes": "On 24 December 2024, Israeli forces, likely warplanes, targeted a group of people in Gaza - Tal el Hawa (Gaza City, Gaza Strip) killing 3.", "fatalities": 3, "tags": null, "timestamp": 1759790002 }, "geometry": { "type": "Point", "coordinates": [ 34.435, 31.5041 ] } },
{ "type": "Feature", "properties": { "event_id_cnty": "PSE65928", "event_date": "12/24/2024", "year": 2024, "time_precision": true, "disorder_type": "Political violence", "event_type": "Explosions/Remote violence", "sub_event_type": "Air/drone strike", "actor1": "Military Forces of Israel (2022-)", "assoc_actor_1": null, "inter1": 8, "actor2": "Civilians (Palestine)", "assoc_actor_2": null, "inter2": 7, "interaction": 78, "civilian_targeting": "Civilian targeting", "iso": 275, "region": "Middle East", "country": "Palestine", "admin1": "Gaza Strip", "admin2": "Rafah", "admin3": null, "location": "Khirbet al Adas", "latitude": 31.2855, "longitude": 34.2714, "geo_precision": 2, "source": "Palestine News and Information Agency", "source_scale": "National", "notes": "On 24 December 2024, an Israeli drone targeted north of Rafah city, coded to Khirbet al Adas (Rafah, Gaza Strip) killing 1 person and injuring others.", "fatalities": 1, "tags": null, "timestamp": 1753956656 }, "geometry": { "type": "Point", "coordinates": [ 34.2714, 31.2855 ] } },
{ "type": "Feature", "properties": { "event_id_cnty": "PSE65895", "event_date": "12/25/2024", "year": 2024, "time_precision": true, "disorder_type": "Political violence", "event_type": "Explosions/Remote violence", "sub_event_type": "Shelling/artillery/missile attack", "actor1": "Military Forces of Israel (2022-)", "assoc_actor_1": null, "inter1": 8, "actor2": "Civilians (Palestine)", "assoc_actor_2": "Refugees/IDPs (Palestine)", "inter2": 7, "interaction": 78, "civilian_targeting": "Civilian targeting", "iso": 275, "region": "Middle East", "country": "Palestine", "admin1": "Gaza Strip", "admin2": "Khan Yunis", "admin3": null, "location": "Al Mawasi (Khan Yunis)", "latitude": 31.3482, "longitude": 34.2547, "geo_precision": 1, "source": "Palestine News and Information Agency", "source_scale": "National", "notes": "On 25 December 2024, Israeli artillery shelled tents where IDPs were sheltering in Al Mawasi (Khan Yunis) (Khan Yunis, Gaza Strip). Casualties unknown.", "fatalities": 0, "tags": null, "timestamp": 1762829569 }, "geometry": { "type": "Point", "coordinates": [ 34.2547, 31.3482 ] } },
{ "type": "Feature", "properties": { "event_id_cnty": "PSE65948", "event_date": "12/25/2024", "year": 2024, "time_precision": true, "disorder_type": "Political violence", "event_type": "Explosions/Remote violence", "sub_event_type": "Shelling/artillery/missile attack", "actor1": "Military Forces of Israel (2022-)", "assoc_actor_1": null, "inter1": 8, "actor2": "Civilians (Palestine)", "assoc_actor_2": "Refugees/IDPs (Palestine)", "inter2": 7, "interaction": 78, "civilian_targeting": "Civilian targeting", "iso": 275, "region": "Middle East", "country": "Palestine", "admin1": "Gaza Strip", "admin2": "North Gaza", "admin3": null, "location": "Beit Hanoun", "latitude": 31.5405, "longitude": 34.5402, "geo_precision": 1, "source": "Liveuamap", "source_scale": "Local partner-New media", "notes": "On 25 December 2024, Israeli artillery heavily shelled shelters [likely IDPs] in Beit Hanoun (North Gaza, Gaza Strip), resulting in fatalities and injuries [unspecified number of fatalities coded as 3]", "fatalities": 3, "tags": null, "timestamp": 1753956656 }, "geometry": { "type": "Point", "coordinates": [ 34.5402, 31.5405 ] } },
{ "type": "Feature", "properties": { "event_id_cnty": "PSE65986", "event_date": "12/25/2024", "year": 2024, "time_precision": true, "disorder_type": "Political violence", "event_type": "Explosions/Remote violence", "sub_event_type": "Air/drone strike", "actor1": "Military Forces of Israel (2022-)", "assoc_actor_1": null, "inter1": 8, "actor2": "Civilians (Palestine)", "assoc_actor_2": null, "inter2": 7, "interaction": 78, "civilian_targeting": "Civilian targeting", "iso": 275, "region": "Middle East", "country": "Palestine", "admin1": "Gaza Strip", "admin2": "Deir El Balah", "admin3": null, "location": "An Nusayrat - South", "latitude": 31.4389, "longitude": 34.3815, "geo_precision": 1, "source": "Palestine News and Information Agency", "source_scale": "National", "notes": "On 25 December 2024, Israeli warplanes struck a residential apartment close to Ain Jalout towers in An Nusayrat - South (Deir El Balah, Gaza Strip), resulting in two dead and others injured.", "fatalities": 2, "tags": null, "timestamp": 1753956656 }, "geometry": { "type": "Point", "coordinates": [ 34.3815, 31.4389 ] } },
{ "type": "Feature", "properties": { "event_id_cnty": "PSE65987", "event_date": "12/25/2024", "year": 2024, "time_precision": true, "disorder_type": "Political violence", "event_type": "Explosions/Remote violence", "sub_event_type": "Air/drone strike", "actor1": "Military Forces of Israel (2022-)", "assoc_actor_1": null, "inter1": 8, "actor2": "Civilians (Palestine)", "assoc_actor_2": null, "inter2": 7, "interaction": 78, "civilian_targeting": "Civilian targeting", "iso": 275, "region": "Middle East", "country": "Palestine", "admin1": "Gaza Strip", "admin2": "Deir El Balah", "admin3": null, "location": "Deir al Balah", "latitude": 31.4178, "longitude": 34.3503, "geo_precision": 1, "source": "Palestine News and Information Agency", "source_scale": "National", "notes": "On 25 December 2024, Israeli warplanes struck a residential home in Deir al Balah (Deir El Balah, Gaza Strip), resulting in fatalities and injuries [Unspecified number of fatalities coded as 3]. Also, Israeli warplanes struck a residential home in Yaffa Street in the same location [Casualties unknown].", "fatalities": 3, "tags": null, "timestamp": 1753956656 }, "geometry": { "type": "Point", "coordinates": [ 34.3503, 31.4178 ] } },
{ "type": "Feature", "properties": { "event_id_cnty": "PSE65988", "event_date": "12/25/2024", "year": 2024, "time_precision": true, "disorder_type": "Political violence", "event_type": "Explosions/Remote violence", "sub_event_type": "Air/drone strike", "actor1": "Military Forces of Israel (2022-)", "assoc_actor_1": null, "inter1": 8, "actor2": "Civilians (Palestine)", "assoc_actor_2": null, "inter2": 7, "interaction": 78, "civilian_targeting": "Civilian targeting", "iso": 275, "region": "Middle East", "country": "Palestine", "admin1": "Gaza Strip", "admin2": "Khan Yunis", "admin3": null, "location": "Khan Yunis - Maen", "latitude": 31.336, "longitude": 34.3172, "geo_precision": 2, "source": "Palestine News and Information Agency", "source_scale": "National", "notes": "On 25 December 2024, Israeli drones struck a group of people in Abu Khater Neighborhood, close to the Islamic University in southeast of Khan Yunis, coded to Khan Yunis - Maen (Khan Yunis, Gaza Strip), resulting in deaths and injuries. [Unspecified number of fatalities coded as 3]", "fatalities": 3, "tags": null, "timestamp": 1753956656 }, "geometry": { "type": "Point", "coordinates": [ 34.3172, 31.336 ] } },
{ "type": "Feature", "properties": { "event_id_cnty": "PSE65990", "event_date": "12/25/2024", "year": 2024, "time_precision": true, "disorder_type": "Political violence", "event_type": "Explosions/Remote violence", "sub_event_type": "Air/drone strike", "actor1": "Military Forces of Israel (2022-)", "assoc_actor_1": null, "inter1": 8, "actor2": "Civilians (Palestine)", "assoc_actor_2": null, "inter2": 7, "interaction": 78, "civilian_targeting": "Civilian targeting", "iso": 275, "region": "Middle East", "country": "Palestine", "admin1": "Gaza Strip", "admin2": "Gaza City", "admin3": null, "location": "Gaza - Ash Shati' Camp", "latitude": 31.5349, "longitude": 34.4466, "geo_precision": 2, "source": "Palestine News and Information Agency", "source_scale": "National", "notes": "On 25 December 2024, Israeli warplanes struck a group of people northwest of Gaza City coded to Gaza - Ash Shati' Camp (Gaza City, Gaza Strip), resulting in one dead and others injured.", "fatalities": 1, "tags": null, "timestamp": 1759790002 }, "geometry": { "type": "Point", "coordinates": [ 34.4466, 31.5349 ] } },
{ "type": "Feature", "properties": { "event_id_cnty": "PSE65991", "event_date": "12/25/2024", "year": 2024, "time_precision": true, "disorder_type": "Political violence", "event_type": "Explosions/Remote violence", "sub_event_type": "Air/drone strike", "actor1": "Military Forces of Israel (2022-)", "assoc_actor_1": null, "inter1": 8, "actor2": "Civilians (Palestine)", "assoc_actor_2": null, "inter2": 7, "interaction": 78, "civilian_targeting": "Civilian targeting", "iso": 275, "region": "Middle East", "country": "Palestine", "admin1": "Gaza Strip", "admin2": "Deir El Balah", "admin3": null, "location": "Al Burayj", "latitude": 31.4394, "longitude": 34.4031, "geo_precision": 2, "source": "Palestine News and Information Agency", "source_scale": "National", "notes": "On 25 December 2024, Israeli warplanes struck a group of people east of Al Burayj camp (Deir El Balah, Gaza Strip), resulting in two dead and others injured.", "fatalities": 2, "tags": null, "timestamp": 1753956656 }, "geometry": { "type": "Point", "coordinates": [ 34.4031, 31.4394 ] } },
{ "type": "Feature", "properties": { "event_id_cnty": "PSE65994", "event_date": "12/25/2024", "year": 2024, "time_precision": true, "disorder_type": "Political violence", "event_type": "Explosions/Remote violence", "sub_event_type": "Air/drone strike", "actor1": "Military Forces of Israel (2022-)", "assoc_actor_1": null, "inter1": 8, "actor2": "Civilians (Palestine)", "assoc_actor_2": null, "inter2": 7, "interaction": 78, "civilian_targeting": "Civilian targeting", "iso": 275, "region": "Middle East", "country": "Palestine", "admin1": "Gaza Strip", "admin2": "Rafah", "admin3": null, "location": "An Nasr", "latitude": 31.2814, "longitude": 34.3025, "geo_precision": 1, "source": "Liveuamap; Palestine News and Information Agency", "source_scale": "Local partner-New media", "notes": "On 25 December 2024, Israeli warplanes struck An Nasr town in (Rafah, Gaza Strip), resulting in two dead and another injured.", "fatalities": 2, "tags": null, "timestamp": 1753956656 }, "geometry": { "type": "Point", "coordinates": [ 34.3025, 31.2814 ] } },
{ "type": "Feature", "properties": { "event_id_cnty": "PSE65998", "event_date": "12/25/2024", "year": 2024, "time_precision": true, "disorder_type": "Political violence", "event_type": "Explosions/Remote violence", "sub_event_type": "Air/drone strike", "actor1": "Military Forces of Israel (2022-)", "assoc_actor_1": null, "inter1": 8, "actor2": "Civilians (Palestine)", "assoc_actor_2": null, "inter2": 7, "interaction": 78, "civilian_targeting": "Civilian targeting", "iso": 275, "region": "Middle East", "country": "Palestine", "admin1": "Gaza Strip", "admin2": "Rafah", "admin3": null, "location": "Al Mawasi (Rafah)", "latitude": 31.3294, "longitude": 34.2299, "geo_precision": 2, "source": "Palestine News and Information Agency", "source_scale": "National", "notes": "On 25 December 2024, an Israeli drone struck the coastal areas of Rafah, coded to Al Mawasi (Rafah) (Rafah, Gaza Strip), resulting in one dead. Also, gunboats opened fire toward the beach [casualties unknown]. Fatalities coded at least 1.", "fatalities": 1, "tags": null, "timestamp": 1762829569 }, "geometry": { "type": "Point", "coordinates": [ 34.2299, 31.3294 ] } },
{ "type": "Feature", "properties": { "event_id_cnty": "PSE66001", "event_date": "12/25/2024", "year": 2024, "time_precision": true, "disorder_type": "Political violence", "event_type": "Explosions/Remote violence", "sub_event_type": "Air/drone strike", "actor1": "Military Forces of Israel (2022-)", "assoc_actor_1": null, "inter1": 8, "actor2": "Civilians (Palestine)", "assoc_actor_2": null, "inter2": 7, "interaction": 78, "civilian_targeting": "Civilian targeting", "iso": 275, "region": "Middle East", "country": "Palestine", "admin1": "Gaza Strip", "admin2": "Deir El Balah", "admin3": null, "location": "An Nusayrat", "latitude": 31.4486, "longitude": 34.3925, "geo_precision": 1, "source": "Newpress; Quds News Network", "source_scale": "National", "notes": "On 25 December 2024, Israeli artillery struck An Nusayrat Camp (Deir El Balah, Gaza Strip) [Casualties unknown]. Additionally, Israeli warplanes struck a residential apartment in the Al Souq area in the same location, resulting in one dead and four injured. Total fatalities coded as at least one.", "fatalities": 1, "tags": null, "timestamp": 1753956656 }, "geometry": { "type": "Point", "coordinates": [ 34.3925, 31.4486 ] } },
{ "type": "Feature", "properties": { "event_id_cnty": "PSE66002", "event_date": "12/25/2024", "year": 2024, "time_precision": true, "disorder_type": "Political violence", "event_type": "Explosions/Remote violence", "sub_event_type": "Air/drone strike", "actor1": "Military Forces of Israel (2022-)", "assoc_actor_1": null, "inter1": 8, "actor2": "Civilians (Palestine)", "assoc_actor_2": null, "inter2": 7, "interaction": 78, "civilian_targeting": "Civilian targeting", "iso": 275, "region": "Middle East", "country": "Palestine", "admin1": "Gaza Strip", "admin2": "Khan Yunis", "admin3": null, "location": "Khan Yunis - Maen", "latitude": 31.336, "longitude": 34.3172, "geo_precision": 1, "source": "Al-Ittihad; Quds News Network", "source_scale": "National-Regional", "notes": "On 25 December 2024, Israeli warplanes struck a residential home in Khan Yunis - Maen (Khan Yunis, Gaza Strip), resulting in 10 dead and others injured, including one child who was seriously injured and others missing. Total fatalities coded as at least 10.", "fatalities": 10, "tags": null, "timestamp": 1753956656 }, "geometry": { "type": "Point", "coordinates": [ 34.3172, 31.336 ] } },
{ "type": "Feature", "properties": { "event_id_cnty": "PSE66003", "event_date": "12/25/2024", "year": 2024, "time_precision": true, "disorder_type": "Political violence", "event_type": "Explosions/Remote violence", "sub_event_type": "Air/drone strike", "actor1": "Military Forces of Israel (2022-)", "assoc_actor_1": null, "inter1": 8, "actor2": "Civilians (Palestine)", "assoc_actor_2": "Health Workers (Palestine)", "inter2": 7, "interaction": 78, "civilian_targeting": "Civilian targeting", "iso": 275, "region": "Middle East", "country": "Palestine", "admin1": "Gaza Strip", "admin2": "North Gaza", "admin3": null, "location": "Beit Lahiya - Al Mashroo", "latitude": 31.5433, "longitude": 34.4998, "geo_precision": 1, "source": "Dunia Al Watan; Ma'an News Agency; Newpress; Quds News Network", "source_scale": "National", "notes": "On 25 December 2024, Israeli tanks opened fire at Kamal Al Odwan Hospital in Beit Lahiya - Al Mashroo (North Gaza, Gaza Strip). Israeli warplanes and drones also launched heavy raids in Al Almi Neighborhood and Al Razan tower, in the vicinity of the hospital [Casualties unknown]. Additionally, Israeli warplanes struck the upper floor of Al Shaza building, opposite the hospital, resulting in injuries among the hospital staff and damaging the hospital's fuel tank. Furthermore, Israeli forces blew up three explosive-laden remotely operated vehicles (robots) in the vicinity of the hospital, resulting in one doctor being seriously injured and around 20 others injured. Fatalities unknown.", "fatalities": 0, "tags": null, "timestamp": 1759179058 }, "geometry": { "type": "Point", "coordinates": [ 34.4998, 31.5433 ] } },
{ "type": "Feature", "properties": { "event_id_cnty": "PSE66006", "event_date": "12/25/2024", "year": 2024, "time_precision": true, "disorder_type": "Political violence", "event_type": "Explosions/Remote violence", "sub_event_type": "Air/drone strike", "actor1": "Military Forces of Israel (2022-)", "assoc_actor_1": null, "inter1": 8, "actor2": "Civilians (Palestine)", "assoc_actor_2": "Refugees/IDPs (Palestine)", "inter2": 7, "interaction": 78, "civilian_targeting": "Civilian targeting", "iso": 275, "region": "Middle East", "country": "Palestine", "admin1": "Gaza Strip", "admin2": "Khan Yunis", "admin3": null, "location": "Hamad", "latitude": 31.3749, "longitude": 34.3193, "geo_precision": 2, "source": "Quds News Network", "source_scale": "National", "notes": "On 25 December 2024, Israeli warplanes struck a tent where IDPs were sheltering south of Hamad city (Khan Yunis, Gaza Strip), resulting in 8 dead.", "fatalities": 8, "tags": null, "timestamp": 1753956656 }, "geometry": { "type": "Point", "coordinates": [ 34.3193, 31.3749 ] } },
{ "type": "Feature", "properties": { "event_id_cnty": "PSE65993", "event_date": "12/25/2024", "year": 2024, "time_precision": true, "disorder_type": "Political violence", "event_type": "Explosions/Remote violence", "sub_event_type": "Air/drone strike", "actor1": "Military Forces of Israel (2022-)", "assoc_actor_1": null, "inter1": 8, "actor2": "Civilians (Palestine)", "assoc_actor_2": null, "inter2": 7, "interaction": 78, "civilian_targeting": "Civilian targeting", "iso": 275, "region": "Middle East", "country": "Palestine", "admin1": "Gaza Strip", "admin2": "Rafah", "admin3": null, "location": "Yibna", "latitude": 31.2842, "longitude": 34.2482, "geo_precision": 2, "source": "Palestine News and Information Agency", "source_scale": "National", "notes": "On 25 December 2024, Israeli warplanes struck Al Mashroo area east of Rafah coded to Yibna (Rafah, Gaza Strip), resulting in two dead and others injured", "fatalities": 2, "tags": null, "timestamp": 1753956656 }, "geometry": { "type": "Point", "coordinates": [ 34.2482, 31.2842 ] } },
{ "type": "Feature", "properties": { "event_id_cnty": "PSE65989", "event_date": "12/25/2024", "year": 2024, "time_precision": true, "disorder_type": "Political violence", "event_type": "Explosions/Remote violence", "sub_event_type": "Air/drone strike", "actor1": "Military Forces of Israel (2022-)", "assoc_actor_1": null, "inter1": 8, "actor2": "Civilians (Palestine)", "assoc_actor_2": null, "inter2": 7, "interaction": 78, "civilian_targeting": "Civilian targeting", "iso": 275, "region": "Middle East", "country": "Palestine", "admin1": "Gaza Strip", "admin2": "North Gaza", "admin3": null, "location": "Jabalya", "latitude": 31.5272, "longitude": 34.4835, "geo_precision": 1, "source": "Palestine News and Information Agency", "source_scale": "National", "notes": "On 25 December 2024, Israeli warplanes struck a group of people in Jabalya Nazleh (North Gaza, Gaza Strip), resulting in two dead [including one woman] and others injured.", "fatalities": 2, "tags": null, "timestamp": 1759790002 }, "geometry": { "type": "Point", "coordinates": [ 34.4835, 31.5272 ] } },
{ "type": "Feature", "properties": { "event_id_cnty": "PSE66000", "event_date": "12/25/2024", "year": 2024, "time_precision": true, "disorder_type": "Political violence", "event_type": "Explosions/Remote violence", "sub_event_type": "Air/drone strike", "actor1": "Military Forces of Israel (2022-)", "assoc_actor_1": null, "inter1": 8, "actor2": "Civilians (Palestine)", "assoc_actor_2": null, "inter2": 7, "interaction": 78, "civilian_targeting": "Civilian targeting", "iso": 275, "region": "Middle East", "country": "Palestine", "admin1": "Gaza Strip", "admin2": "Gaza City", "admin3": null, "location": "Gaza - Az Zaytun", "latitude": 31.4964, "longitude": 34.4522, "geo_precision": 1, "source": "Al Ghad (Jordan); Ma'an News Agency; Palestine News and Information Agency; Quds News Network", "source_scale": "National-Regional", "notes": "On 25 December 2024, Israeli warplanes struck a residential home in Gaza - Az Zaytun (Gaza City, Gaza Strip), resulting in 13 dead [including one child], 20 injured, and more than 40 people missing. Israeli warplanes also launched a raid targeting a home in the vicinity of Al Shamaa Mosque in the same location, resulting in one dead and a number of injuries and missing persons. Additionally, Israeli artillery shelled the area multiple times during the day. while, Israeli helicopters fired on residential homes. Total fatalities coded as at least 14.", "fatalities": 14, "tags": null, "timestamp": 1759790002 }, "geometry": { "type": "Point", "coordinates": [ 34.4522, 31.4964 ] } },
{ "type": "Feature", "properties": { "event_id_cnty": "PSE66009", "event_date": "12/25/2024", "year": 2024, "time_precision": true, "disorder_type": "Political violence", "event_type": "Explosions/Remote violence", "sub_event_type": "Air/drone strike", "actor1": "Military Forces of Israel (2022-)", "assoc_actor_1": null, "inter1": 8, "actor2": "Civilians (Palestine)", "assoc_actor_2": null, "inter2": 7, "interaction": 78, "civilian_targeting": "Civilian targeting", "iso": 275, "region": "Middle East", "country": "Palestine", "admin1": "Gaza Strip", "admin2": "North Gaza", "admin3": null, "location": "Jabalya", "latitude": 31.5272, "longitude": 34.4835, "geo_precision": 2, "source": "Quds News Network", "source_scale": "National", "notes": "On 25 December 2024, Israeli warplanes struck a group of people close to Zemo roundabout east of Jabalya (North Gaza, Gaza Strip), resulting in four dead and others injured.", "fatalities": 4, "tags": null, "timestamp": 1759790002 }, "geometry": { "type": "Point", "coordinates": [ 34.4835, 31.5272 ] } },
{ "type": "Feature", "properties": { "event_id_cnty": "PSE66012", "event_date": "12/25/2024", "year": 2024, "time_precision": true, "disorder_type": "Political violence", "event_type": "Explosions/Remote violence", "sub_event_type": "Air/drone strike", "actor1": "Military Forces of Israel (2022-)", "assoc_actor_1": null, "inter1": 8, "actor2": "Civilians (Palestine)", "assoc_actor_2": "Refugees/IDPs (Palestine)", "inter2": 7, "interaction": 78, "civilian_targeting": "Civilian targeting", "iso": 275, "region": "Middle East", "country": "Palestine", "admin1": "Gaza Strip", "admin2": "Gaza City", "admin3": null, "location": "Gaza - Tal el Hawa", "latitude": 31.5041, "longitude": 34.435, "geo_precision": 1, "source": "Quds News Network", "source_scale": "National", "notes": "On 25 December 2024, Israeli warplanes struck IDPs tents in Al Jazeera Camp in Gaza - Tal el Hawa (Gaza City, Gaza Strip). Casualties unknown.", "fatalities": 0, "tags": null, "timestamp": 1759790002 }, "geometry": { "type": "Point", "coordinates": [ 34.435, 31.5041 ] } },
{ "type": "Feature", "properties": { "event_id_cnty": "PSE66014", "event_date": "12/25/2024", "year": 2024, "time_precision": true, "disorder_type": "Political violence", "event_type": "Explosions/Remote violence", "sub_event_type": "Air/drone strike", "actor1": "Military Forces of Israel (2022-)", "assoc_actor_1": null, "inter1": 8, "actor2": "Civilians (Palestine)", "assoc_actor_2": null, "inter2": 7, "interaction": 78, "civilian_targeting": "Civilian targeting", "iso": 275, "region": "Middle East", "country": "Palestine", "admin1": "Gaza Strip", "admin2": "Khan Yunis", "admin3": null, "location": "Khan Yunis - Jourat Al-Loot", "latitude": 31.3314, "longitude": 34.3004, "geo_precision": 2, "source": "Al Ghad (Jordan)", "source_scale": "Regional", "notes": "On 25 December 2024, Israeli warplanes struck a residential apartment in Al Manara neighborhood south of Khan Yunis coded to Khan Yunis - Jourat Al-Loot (Khan Yunis, Gaza Strip), resulting in two dead and others injured.", "fatalities": 2, "tags": null, "timestamp": 1753956656 }, "geometry": { "type": "Point", "coordinates": [ 34.3004, 31.3314 ] } },
{ "type": "Feature", "properties": { "event_id_cnty": "PSE66018", "event_date": "12/25/2024", "year": 2024, "time_precision": true, "disorder_type": "Political violence", "event_type": "Explosions/Remote violence", "sub_event_type": "Air/drone strike", "actor1": "Military Forces of Israel (2022-)", "assoc_actor_1": null, "inter1": 8, "actor2": "Civilians (Palestine)", "assoc_actor_2": null, "inter2": 7, "interaction": 78, "civilian_targeting": "Civilian targeting", "iso": 275, "region": "Middle East", "country": "Palestine", "admin1": "Gaza Strip", "admin2": "Rafah", "admin3": null, "location": "Khirbet al Adas", "latitude": 31.2855, "longitude": 34.2714, "geo_precision": 2, "source": "Liveuamap", "source_scale": "Local partner-New media", "notes": "On 25 December 2024, Israeli warplanes struck a group of people in Al Biouk area north of Rafah coded to Khirbet al Adas in (Rafah, Gaza Strip), resulting in two injuries.", "fatalities": 0, "tags": null, "timestamp": 1753956656 }, "geometry": { "type": "Point", "coordinates": [ 34.2714, 31.2855 ] } },
{ "type": "Feature", "properties": { "event_id_cnty": "PSE65954", "event_date": "12/26/2024", "year": 2024, "time_precision": true, "disorder_type": "Political violence", "event_type": "Explosions/Remote violence", "sub_event_type": "Shelling/artillery/missile attack", "actor1": "Military Forces of Israel (2022-)", "assoc_actor_1": null, "inter1": 8, "actor2": "Civilians (Palestine)", "assoc_actor_2": "Fishers (Palestine)", "inter2": 7, "interaction": 78, "civilian_targeting": "Civilian targeting", "iso": 275, "region": "Middle East", "country": "Palestine", "admin1": "Gaza Strip", "admin2": "Deir El Balah", "admin3": null, "location": "Coast of An Nusayrat", "latitude": 31.4646, "longitude": 34.3592, "geo_precision": 2, "source": "Palestine News and Information Agency; Quds News Network", "source_scale": "National", "notes": "On 26 December 2024, Israeli naval boats fired towards fishermen off the Coast of An Nusayrat (Deir El Balah, Gaza Strip), resulting in one dead.", "fatalities": 1, "tags": null, "timestamp": 1753956656 }, "geometry": { "type": "Point", "coordinates": [ 34.3592, 31.4646 ] } },
{ "type": "Feature", "properties": { "event_id_cnty": "PSE66041", "event_date": "12/26/2024", "year": 2024, "time_precision": true, "disorder_type": "Political violence", "event_type": "Explosions/Remote violence", "sub_event_type": "Air/drone strike", "actor1": "Military Forces of Israel (2022-)", "assoc_actor_1": null, "inter1": 8, "actor2": "Civilians (Palestine)", "assoc_actor_2": null, "inter2": 7, "interaction": 78, "civilian_targeting": "Civilian targeting", "iso": 275, "region": "Middle East", "country": "Palestine", "admin1": "Gaza Strip", "admin2": "Gaza City", "admin3": null, "location": "Gaza - Sabra", "latitude": 31.5086, "longitude": 34.4493, "geo_precision": 1, "source": "Palestine News and Information Agency; Quds News Network", "source_scale": "National", "notes": "On 26 December 2024, Israeli warplanes struck a residential building in the vicinity of Al Nour Field in Gaza - Sabra (Gaza City, Gaza Strip), resulting in eight dead, including one child, and others injured. Also, Israeli warplanes launched a raid on Al Rais neighborhood the same location, resulting in one dead [woman] and a number of injuries. While, Israeli artillery heavily shelled the area [Casualties unknown]. Total fatalities coded as at least nine.", "fatalities": 9, "tags": null, "timestamp": 1759790002 }, "geometry": { "type": "Point", "coordinates": [ 34.4493, 31.5086 ] } },
{ "type": "Feature", "properties": { "event_id_cnty": "PSE66051", "event_date": "12/26/2024", "year": 2024, "time_precision": true, "disorder_type": "Political violence", "event_type": "Explosions/Remote violence", "sub_event_type": "Air/drone strike", "actor1": "Military Forces of Israel (2022-)", "assoc_actor_1": null, "inter1": 8, "actor2": "Civilians (Palestine)", "assoc_actor_2": null, "inter2": 7, "interaction": 78, "civilian_targeting": "Civilian targeting", "iso": 275, "region": "Middle East", "country": "Palestine", "admin1": "Gaza Strip", "admin2": "Gaza City", "admin3": null, "location": "Gaza - Shujaiyya", "latitude": 31.4988, "longitude": 34.4699, "geo_precision": 2, "source": "Liveuamap; Quds News Network", "source_scale": "Local partner-New media", "notes": "On 26 December 2024, Israeli warplanes struck a group of people on Al Maghribi Street east of Gaza City, coded to Gaza - Shujaiyya (Gaza City, Gaza Strip), resulting in fatalities and injuries [unspecified number of fatalities coded as 3]. Additionally, Israeli warplanes launched a raid on a residential home on Al Nazzaz Street in the same location [Casualties unknown].", "fatalities": 3, "tags": null, "timestamp": 1759790002 }, "geometry": { "type": "Point", "coordinates": [ 34.4699, 31.4988 ] } },
{ "type": "Feature", "properties": { "event_id_cnty": "PSE66057", "event_date": "12/26/2024", "year": 2024, "time_precision": true, "disorder_type": "Political violence", "event_type": "Explosions/Remote violence", "sub_event_type": "Air/drone strike", "actor1": "Military Forces of Israel (2022-)", "assoc_actor_1": null, "inter1": 8, "actor2": "Civilians (Palestine)", "assoc_actor_2": "Refugees/IDPs (Palestine)", "inter2": 7, "interaction": 78, "civilian_targeting": "Civilian targeting", "iso": 275, "region": "Middle East", "country": "Palestine", "admin1": "Gaza Strip", "admin2": "Gaza City", "admin3": null, "location": "Gaza - Sheikh Radwan", "latitude": 31.5349, "longitude": 34.4667, "geo_precision": 2, "source": "Quds News Network", "source_scale": "National", "notes": "On 26 December 2024, Israeli warplanes struck a residential home, where IDPs were sheltering, in Al Miqat street east of Berkt in Gaza - Sheikh Radwan (Gaza City, Gaza Strip), resulting in 13 dead, a number of injuries and missing persons. Fatalities coded at least 13.", "fatalities": 13, "tags": null, "timestamp": 1759790002 }, "geometry": { "type": "Point", "coordinates": [ 34.4667, 31.5349 ] } },
{ "type": "Feature", "properties": { "event_id_cnty": "PSE66044", "event_date": "12/26/2024", "year": 2024, "time_precision": true, "disorder_type": "Political violence", "event_type": "Explosions/Remote violence", "sub_event_type": "Air/drone strike", "actor1": "Military Forces of Israel (2022-)", "assoc_actor_1": null, "inter1": 8, "actor2": "Civilians (Palestine)", "assoc_actor_2": "Health Workers (Palestine)", "inter2": 7, "interaction": 78, "civilian_targeting": "Civilian targeting", "iso": 275, "region": "Middle East", "country": "Palestine", "admin1": "Gaza Strip", "admin2": "North Gaza", "admin3": null, "location": "Beit Lahiya - Al Mashroo", "latitude": 31.5433, "longitude": 34.4998, "geo_precision": 1, "source": "Arab 48; Liveuamap; Newpress; Palestine News and Information Agency; Quds News Network", "source_scale": "Local partner-New media", "notes": "On 26 December 2024, Israeli warplanes struck Kamal Al Odwan Hospital throughout the day and Al Safir Tower adjacent to it in Beit Lahiya - Al Mashroo (North Gaza, Gaza Strip), resulting in five deaths among hospital staff. Additionally, Israeli artillery heavily shelled the area. Casualties unknown. Israeli drones fired bombs at the entrance and in the vicinity of the hospital, causing one death. Israeli forces detonated explosive-laden remotely operated vehicles (robots) near the hospital, resulting in injuries among staff. While, Israeli tanks shelled the area, damaging the hospital's structure, including the fuel and oxygen departments and the intensive care unit. Israeli warplanes and artillery attacks throughout the day resulted in more than 50 dead, with others injured and missing. Total fatalities coded as 50.", "fatalities": 50, "tags": null, "timestamp": 1759179058 }, "geometry": { "type": "Point", "coordinates": [ 34.4998, 31.5433 ] } },
{ "type": "Feature", "properties": { "event_id_cnty": "PSE66045", "event_date": "12/26/2024", "year": 2024, "time_precision": true, "disorder_type": "Political violence", "event_type": "Explosions/Remote violence", "sub_event_type": "Air/drone strike", "actor1": "Military Forces of Israel (2022-)", "assoc_actor_1": null, "inter1": 8, "actor2": "Civilians (Palestine)", "assoc_actor_2": null, "inter2": 7, "interaction": 78, "civilian_targeting": "Civilian targeting", "iso": 275, "region": "Middle East", "country": "Palestine", "admin1": "Gaza Strip", "admin2": "Gaza City", "admin3": null, "location": "Gaza - At Tuffah", "latitude": 31.5134, "longitude": 34.4751, "geo_precision": 1, "source": "Palestine News and Information Agency", "source_scale": "National", "notes": "On 26 December 2024, Israeli warplanes struck a residential home in the Yaffa Street area in Gaza - At Tuffah (Gaza City, Gaza Strip), resulting in at least eight dead.", "fatalities": 8, "tags": null, "timestamp": 1759790002 }, "geometry": { "type": "Point", "coordinates": [ 34.4751, 31.5134 ] } },
{ "type": "Feature", "properties": { "event_id_cnty": "PSE66047", "event_date": "12/26/2024", "year": 2024, "time_precision": true, "disorder_type": "Political violence", "event_type": "Explosions/Remote violence", "sub_event_type": "Air/drone strike", "actor1": "Military Forces of Israel (2022-)", "assoc_actor_1": null, "inter1": 8, "actor2": "Civilians (Palestine)", "assoc_actor_2": null, "inter2": 7, "interaction": 78, "civilian_targeting": "Civilian targeting", "iso": 275, "region": "Middle East", "country": "Palestine", "admin1": "Gaza Strip", "admin2": "Gaza City", "admin3": null, "location": "Gaza - Ad Darraj", "latitude": 31.5172, "longitude": 34.4642, "geo_precision": 1, "source": "Palestine News and Information Agency; Quds News Network", "source_scale": "National", "notes": "On 26 December 2024, Israeli warplanes struck a residential home in Yaffa's area in Gaza - Ad Darraj (Gaza City, Gaza Strip), resulting in a vast number of injuries. Additionally, the civil Defense crew pulled five bodies from under the rubble. Total fatalities coded as five.", "fatalities": 5, "tags": null, "timestamp": 1759790002 }, "geometry": { "type": "Point", "coordinates": [ 34.4642, 31.5172 ] } },
{ "type": "Feature", "properties": { "event_id_cnty": "PSE66053", "event_date": "12/26/2024", "year": 2024, "time_precision": true, "disorder_type": "Political violence", "event_type": "Explosions/Remote violence", "sub_event_type": "Air/drone strike", "actor1": "Military Forces of Israel (2022-)", "assoc_actor_1": null, "inter1": 8, "actor2": "Civilians (Palestine)", "assoc_actor_2": null, "inter2": 7, "interaction": 78, "civilian_targeting": "Civilian targeting", "iso": 275, "region": "Middle East", "country": "Palestine", "admin1": "Gaza Strip", "admin2": "Deir El Balah", "admin3": null, "location": "An Nusayrat - West", "latitude": 31.4525, "longitude": 34.3756, "geo_precision": 1, "source": "Quds News Network", "source_scale": "National", "notes": "On 26 December 2024, an Israeli drone [Quadcopter] fired a bomb west of Al Jumaizat street in An Nusayrat - West (Deir El Balah, Gaza Strip), resulting in a number of injuries.", "fatalities": 0, "tags": null, "timestamp": 1753956656 }, "geometry": { "type": "Point", "coordinates": [ 34.3756, 31.4525 ] } },
{ "type": "Feature", "properties": { "event_id_cnty": "PSE66042", "event_date": "12/26/2024", "year": 2024, "time_precision": true, "disorder_type": "Political violence", "event_type": "Explosions/Remote violence", "sub_event_type": "Air/drone strike", "actor1": "Military Forces of Israel (2022-)", "assoc_actor_1": null, "inter1": 8, "actor2": "Civilians (Palestine)", "assoc_actor_2": null, "inter2": 7, "interaction": 78, "civilian_targeting": "Civilian targeting", "iso": 275, "region": "Middle East", "country": "Palestine", "admin1": "Gaza Strip", "admin2": "North Gaza", "admin3": null, "location": "Jabalya", "latitude": 31.5272, "longitude": 34.4835, "geo_precision": 1, "source": "Liveuamap; Palestine News and Information Agency", "source_scale": "Local partner-New media", "notes": "On 26 December 2024, Israeli warplanes struck a residential home in Old Gaza Street in Jabalya (North Gaza, Gaza Strip), resulting in fatalities and injuries [Unspecified number of fatalities coded as 3]. Also, an Israeli drone struck a group of people in Al Nazleh area in the same location, resulting in injuries.", "fatalities": 3, "tags": null, "timestamp": 1759790002 }, "geometry": { "type": "Point", "coordinates": [ 34.4835, 31.5272 ] } },
{ "type": "Feature", "properties": { "event_id_cnty": "PSE66048", "event_date": "12/26/2024", "year": 2024, "time_precision": true, "disorder_type": "Political violence", "event_type": "Explosions/Remote violence", "sub_event_type": "Air/drone strike", "actor1": "Military Forces of Israel (2022-)", "assoc_actor_1": null, "inter1": 8, "actor2": "Civilians (Palestine)", "assoc_actor_2": null, "inter2": 7, "interaction": 78, "civilian_targeting": "Civilian targeting", "iso": 275, "region": "Middle East", "country": "Palestine", "admin1": "Gaza Strip", "admin2": "Rafah", "admin3": null, "location": "Khirbet al Adas", "latitude": 31.2855, "longitude": 34.2714, "geo_precision": 2, "source": "Ma'an News Agency", "source_scale": "National", "notes": "On 26 December 2024, Israeli warplanes struck the Al Missbah area north of Rafah City, coded to Khirbet al Adas (Rafah, Gaza Strip), where ambulance crews recovered two bodies from under the rubble. Fatalities coded as two.", "fatalities": 2, "tags": null, "timestamp": 1753956656 }, "geometry": { "type": "Point", "coordinates": [ 34.2714, 31.2855 ] } },
{ "type": "Feature", "properties": { "event_id_cnty": "PSE65999", "event_date": "12/27/2024", "year": 2024, "time_precision": true, "disorder_type": "Political violence", "event_type": "Explosions/Remote violence", "sub_event_type": "Shelling/artillery/missile attack", "actor1": "Military Forces of Israel (2022-)", "assoc_actor_1": null, "inter1": 8, "actor2": "Civilians (Palestine)", "assoc_actor_2": null, "inter2": 7, "interaction": 78, "civilian_targeting": "Civilian targeting", "iso": 275, "region": "Middle East", "country": "Palestine", "admin1": "Gaza Strip", "admin2": "Khan Yunis", "admin3": null, "location": "Abasan al Kabirah", "latitude": 31.3191, "longitude": 34.3401, "geo_precision": 2, "source": "Newpress; Palestine News and Information Agency", "source_scale": "National", "notes": "On 27 December 2024, Israeli artillery shelled residential homes and people in the vicinity of Al Fraheen area, north of Abasan al Kabirah (Khan Yunis, Gaza Strip) . Casualties unknown.", "fatalities": 0, "tags": null, "timestamp": 1753956656 }, "geometry": { "type": "Point", "coordinates": [ 34.3401, 31.3191 ] } },
{ "type": "Feature", "properties": { "event_id_cnty": "PSE66071", "event_date": "12/27/2024", "year": 2024, "time_precision": true, "disorder_type": "Political violence", "event_type": "Explosions/Remote violence", "sub_event_type": "Air/drone strike", "actor1": "Military Forces of Israel (2022-)", "assoc_actor_1": null, "inter1": 8, "actor2": "Civilians (Palestine)", "assoc_actor_2": null, "inter2": 7, "interaction": 78, "civilian_targeting": "Civilian targeting", "iso": 275, "region": "Middle East", "country": "Palestine", "admin1": "Gaza Strip", "admin2": "Gaza City", "admin3": null, "location": "Gaza - Shujaiyya", "latitude": 31.4988, "longitude": 34.4699, "geo_precision": 1, "source": "Palestine News and Information Agency; Quds News Network", "source_scale": "National", "notes": "On 27 December 2024, Israeli warplanes struck a residential home in Al Nezaz street in Gaza - Shujaiyya (Gaza City, Gaza Strip), resulting in four dead.", "fatalities": 4, "tags": null, "timestamp": 1759790002 }, "geometry": { "type": "Point", "coordinates": [ 34.4699, 31.4988 ] } },
{ "type": "Feature", "properties": { "event_id_cnty": "PSE66072", "event_date": "12/27/2024", "year": 2024, "time_precision": true, "disorder_type": "Political violence", "event_type": "Explosions/Remote violence", "sub_event_type": "Air/drone strike", "actor1": "Military Forces of Israel (2022-)", "assoc_actor_1": null, "inter1": 8, "actor2": "Civilians (Palestine)", "assoc_actor_2": null, "inter2": 7, "interaction": 78, "civilian_targeting": "Civilian targeting", "iso": 275, "region": "Middle East", "country": "Palestine", "admin1": "Gaza Strip", "admin2": "Gaza City", "admin3": null, "location": "Gaza", "latitude": 31.5045, "longitude": 34.4743, "geo_precision": 1, "source": "Palestine News and Information Agency", "source_scale": "National", "notes": "On 27 December 2024, Israeli warplanes struck a residential home in the Al Sedreh area in Gaza (Gaza City, Gaza Strip), resulting in one dead [child].", "fatalities": 1, "tags": null, "timestamp": 1759790002 }, "geometry": { "type": "Point", "coordinates": [ 34.4743, 31.5045 ] } },
{ "type": "Feature", "properties": { "event_id_cnty": "PSE66073", "event_date": "12/27/2024", "year": 2024, "time_precision": true, "disorder_type": "Political violence", "event_type": "Explosions/Remote violence", "sub_event_type": "Air/drone strike", "actor1": "Military Forces of Israel (2022-)", "assoc_actor_1": null, "inter1": 8, "actor2": "Civilians (Palestine)", "assoc_actor_2": null, "inter2": 7, "interaction": 78, "civilian_targeting": "Civilian targeting", "iso": 275, "region": "Middle East", "country": "Palestine", "admin1": "Gaza Strip", "admin2": "Rafah", "admin3": null, "location": "An Nasr", "latitude": 31.2814, "longitude": 34.3025, "geo_precision": 1, "source": "Palestine News and Information Agency", "source_scale": "National", "notes": "On 27 December 2024, Israeli warplanes struck a residential home in An Nasr (Rafah, Gaza Strip), resulting in one dead [one woman died due to her injuries].", "fatalities": 1, "tags": null, "timestamp": 1753956656 }, "geometry": { "type": "Point", "coordinates": [ 34.3025, 31.2814 ] } },
{ "type": "Feature", "properties": { "event_id_cnty": "PSE66074", "event_date": "12/27/2024", "year": 2024, "time_precision": true, "disorder_type": "Political violence", "event_type": "Explosions/Remote violence", "sub_event_type": "Air/drone strike", "actor1": "Military Forces of Israel (2022-)", "assoc_actor_1": null, "inter1": 8, "actor2": "Civilians (Palestine)", "assoc_actor_2": null, "inter2": 7, "interaction": 78, "civilian_targeting": "Civilian targeting", "iso": 275, "region": "Middle East", "country": "Palestine", "admin1": "Gaza Strip", "admin2": "Gaza City", "admin3": null, "location": "Gaza - Sabra", "latitude": 31.5086, "longitude": 34.4493, "geo_precision": 1, "source": "Palestine News and Information Agency", "source_scale": "National", "notes": "On 27 December 2024, Israeli warplanes struck a residential home near Al Istijabeh Mosque in Gaza - Sabra (Gaza City, Gaza Strip), resulting in five deaths and others injured. Later, Israeli warplanes targeted the same location again, causing one additional death and more injuries. Additionally, an Israeli drone fired at people near the Civil Jordanian Hospital in the same area, resulting in another death. Total fatalities coded as seven.", "fatalities": 7, "tags": null, "timestamp": 1759790002 }, "geometry": { "type": "Point", "coordinates": [ 34.4493, 31.5086 ] } },
{ "type": "Feature", "properties": { "event_id_cnty": "PSE66075", "event_date": "12/27/2024", "year": 2024, "time_precision": true, "disorder_type": "Political violence", "event_type": "Explosions/Remote violence", "sub_event_type": "Air/drone strike", "actor1": "Military Forces of Israel (2022-)", "assoc_actor_1": null, "inter1": 8, "actor2": "Civilians (Palestine)", "assoc_actor_2": null, "inter2": 7, "interaction": 78, "civilian_targeting": "Civilian targeting", "iso": 275, "region": "Middle East", "country": "Palestine", "admin1": "Gaza Strip", "admin2": "Deir El Balah", "admin3": null, "location": "Deir al Balah Camp", "latitude": 31.4249, "longitude": 34.34, "geo_precision": 2, "source": "Palestine News and Information Agency", "source_scale": "National", "notes": "On 27 December 2024, Israeli warplanes struck the Abu Al Ajeen area east of Deir al Balah, coded to Deir al Balah Camp (Deir El Balah, Gaza Strip), where ambulance crews recovered two bodies [children] from under the rubble. Fatalities coded as two.", "fatalities": 2, "tags": null, "timestamp": 1765850627 }, "geometry": { "type": "Point", "coordinates": [ 34.34, 31.4249 ] } },
{ "type": "Feature", "properties": { "event_id_cnty": "PSE66078", "event_date": "12/27/2024", "year": 2024, "time_precision": true, "disorder_type": "Political violence", "event_type": "Explosions/Remote violence", "sub_event_type": "Air/drone strike", "actor1": "Military Forces of Israel (2022-)", "assoc_actor_1": null, "inter1": 8, "actor2": "Civilians (Palestine)", "assoc_actor_2": null, "inter2": 7, "interaction": 78, "civilian_targeting": "Civilian targeting", "iso": 275, "region": "Middle East", "country": "Palestine", "admin1": "Gaza Strip", "admin2": "North Gaza", "admin3": null, "location": "Beit Hanoun", "latitude": 31.5405, "longitude": 34.5402, "geo_precision": 1, "source": "Palestine News and Information Agency; Quds News Network", "source_scale": "National", "notes": "On 27 December 2024, Israeli warplanes launched several raids on Beit Hanoun (North Gaza, Gaza Strip), resulting in six deaths and numerous injuries. Israeli warplanes targeted the same location a third time [Casualties unknown]. Additional raids in Al Ajouz, Gaza, and Al Quds Streets, as well as the western School area in Beit Hanoun, caused fatalities and injuries [unspecified number of fatalities coded as 3]. Israeli forces also besieged approximately 300 families in the area. Total fatalities are coded as at least nine.", "fatalities": 9, "tags": null, "timestamp": 1753956656 }, "geometry": { "type": "Point", "coordinates": [ 34.5402, 31.5405 ] } },
{ "type": "Feature", "properties": { "event_id_cnty": "PSE66081", "event_date": "12/27/2024", "year": 2024, "time_precision": true, "disorder_type": "Political violence", "event_type": "Explosions/Remote violence", "sub_event_type": "Air/drone strike", "actor1": "Military Forces of Israel (2022-)", "assoc_actor_1": null, "inter1": 8, "actor2": "Civilians (Palestine)", "assoc_actor_2": "Refugees/IDPs (Palestine)", "inter2": 7, "interaction": 78, "civilian_targeting": "Civilian targeting", "iso": 275, "region": "Middle East", "country": "Palestine", "admin1": "Gaza Strip", "admin2": "Gaza City", "admin3": null, "location": "Gaza - Southern Remal", "latitude": 31.5168, "longitude": 34.4355, "geo_precision": 2, "source": "Palestine News and Information Agency", "source_scale": "National", "notes": "On 27 December 2024, an Israeli drone fired at people in the Al Jendi Al Majhoul area of Al Remal neighborhood, coded to Gaza - Southern Remal (Gaza City, Gaza Strip), resulting in one dead [a woman, IDP].", "fatalities": 1, "tags": null, "timestamp": 1759790002 }, "geometry": { "type": "Point", "coordinates": [ 34.4355, 31.5168 ] } },
{ "type": "Feature", "properties": { "event_id_cnty": "PSE66084", "event_date": "12/27/2024", "year": 2024, "time_precision": true, "disorder_type": "Political violence", "event_type": "Explosions/Remote violence", "sub_event_type": "Air/drone strike", "actor1": "Military Forces of Israel (2022-)", "assoc_actor_1": null, "inter1": 8, "actor2": "Civilians (Palestine)", "assoc_actor_2": "Refugees/IDPs (Palestine)", "inter2": 7, "interaction": 78, "civilian_targeting": "Civilian targeting", "iso": 275, "region": "Middle East", "country": "Palestine", "admin1": "Gaza Strip", "admin2": "Deir El Balah", "admin3": null, "location": "An Nusayrat", "latitude": 31.4486, "longitude": 34.3925, "geo_precision": 1, "source": "Quds News Network", "source_scale": "National", "notes": "On 27 December 2024, Israeli warplanes struck camp 2 in An Nusayrat in (Deir El Balah, Gaza Strip). Casualties unknown.", "fatalities": 0, "tags": null, "timestamp": 1753956656 }, "geometry": { "type": "Point", "coordinates": [ 34.3925, 31.4486 ] } },
{ "type": "Feature", "properties": { "event_id_cnty": "PSE66087", "event_date": "12/27/2024", "year": 2024, "time_precision": true, "disorder_type": "Political violence", "event_type": "Explosions/Remote violence", "sub_event_type": "Air/drone strike", "actor1": "Military Forces of Israel (2022-)", "assoc_actor_1": null, "inter1": 8, "actor2": "Civilians (Palestine)", "assoc_actor_2": "Refugees/IDPs (Palestine)", "inter2": 7, "interaction": 78, "civilian_targeting": "Civilian targeting", "iso": 275, "region": "Middle East", "country": "Palestine", "admin1": "Gaza Strip", "admin2": "Gaza City", "admin3": null, "location": "Gaza - Ash Shati' Camp", "latitude": 31.5349, "longitude": 34.4466, "geo_precision": 1, "source": "Quds News Network", "source_scale": "National", "notes": "On 27 December 2024, Israeli warplanes struck people in Gaza - Ash Shati' Camp (Gaza City, Gaza Strip), resulting in three dead and others injured.", "fatalities": 3, "tags": null, "timestamp": 1759790002 }, "geometry": { "type": "Point", "coordinates": [ 34.4466, 31.5349 ] } },
{ "type": "Feature", "properties": { "event_id_cnty": "PSE66076", "event_date": "12/27/2024", "year": 2024, "time_precision": true, "disorder_type": "Political violence", "event_type": "Explosions/Remote violence", "sub_event_type": "Air/drone strike", "actor1": "Military Forces of Israel (2022-)", "assoc_actor_1": null, "inter1": 8, "actor2": "Civilians (Palestine)", "assoc_actor_2": null, "inter2": 7, "interaction": 78, "civilian_targeting": "Civilian targeting", "iso": 275, "region": "Middle East", "country": "Palestine", "admin1": "Gaza Strip", "admin2": "North Gaza", "admin3": null, "location": "Jabalya", "latitude": 31.5272, "longitude": 34.4835, "geo_precision": 1, "source": "Ma'an News Agency; Newpress; Palestine News and Information Agency; Quds News Network", "source_scale": "National", "notes": "On 27 December 2024, an Israeli drone struck Jabalya Al Balad in (North Gaza, Gaza Strip), resulting in 21 dead and others injured. Also, Israeli warplanes struck the vicinity of Al Halawa land in the same location, resulting in injuries. Additionally, Israeli warplanes struck Al Ghabazi area in the same location, resulting in one dead and others injured. Total fatalities coded as 22.", "fatalities": 22, "tags": null, "timestamp": 1759790002 }, "geometry": { "type": "Point", "coordinates": [ 34.4835, 31.5272 ] } },
{ "type": "Feature", "properties": { "event_id_cnty": "PSE66080", "event_date": "12/27/2024", "year": 2024, "time_precision": true, "disorder_type": "Political violence", "event_type": "Explosions/Remote violence", "sub_event_type": "Air/drone strike", "actor1": "Military Forces of Israel (2022-)", "assoc_actor_1": null, "inter1": 8, "actor2": "Civilians (Palestine)", "assoc_actor_2": null, "inter2": 7, "interaction": 78, "civilian_targeting": "Civilian targeting", "iso": 275, "region": "Middle East", "country": "Palestine", "admin1": "Gaza Strip", "admin2": "Gaza City", "admin3": null, "location": "Gaza - Az Zaytun", "latitude": 31.4964, "longitude": 34.4522, "geo_precision": 1, "source": "Palestine News and Information Agency; Quds News Network", "source_scale": "National", "notes": "On 27 December 2024, Israeli warplanes struck Asqoula area in Gaza - Az Zaytun (Gaza City, Gaza Strip), resulting in two dead and others injured. Also, Israeli warplanes struck a residential home in Al Nadeem Street in the same location [Casualties unknown]. Total fatalities coded as at least two.", "fatalities": 2, "tags": null, "timestamp": 1759790002 }, "geometry": { "type": "Point", "coordinates": [ 34.4522, 31.4964 ] } },
{ "type": "Feature", "properties": { "event_id_cnty": "PSE71491", "event_date": "12/27/2024", "year": 2024, "time_precision": true, "disorder_type": "Political violence", "event_type": "Violence against civilians", "sub_event_type": "Attack", "actor1": "Sahm Unit", "assoc_actor_1": null, "inter1": 3, "actor2": "Civilians (Palestine)", "assoc_actor_2": null, "inter2": 7, "interaction": 37, "civilian_targeting": "Civilian targeting", "iso": 275, "region": "Middle East", "country": "Palestine", "admin1": "Gaza Strip", "admin2": "Khan Yunis", "admin3": null, "location": "Khan Yunis", "latitude": 31.3502, "longitude": 34.3081, "geo_precision": 2, "source": "The Independent Commission For Human Rights", "source_scale": "National", "notes": "On 27 December 2024, security personnel from Sahm unit linked to Hamas Ministry of Interior, who arrived in a white jeep and masked and armed with rifles, opened fire on a man in Khan Yunis area (Gaza Strip), claiming he was a thief. The attackers tied his hands behind his back and shot his knees and lower legs. He was admitted to Nasser Hospital in Khan Younis. This event involved violence over aid.", "fatalities": 0, "tags": null, "timestamp": 1754354914 }, "geometry": { "type": "Point", "coordinates": [ 34.3081, 31.3502 ] } },
{ "type": "Feature", "properties": { "event_id_cnty": "PSE66011", "event_date": "12/28/2024", "year": 2024, "time_precision": true, "disorder_type": "Political violence", "event_type": "Explosions/Remote violence", "sub_event_type": "Shelling/artillery/missile attack", "actor1": "Military Forces of Israel (2022-)", "assoc_actor_1": null, "inter1": 8, "actor2": "Civilians (Palestine)", "assoc_actor_2": "Refugees/IDPs (Palestine)", "inter2": 7, "interaction": 78, "civilian_targeting": "Civilian targeting", "iso": 275, "region": "Middle East", "country": "Palestine", "admin1": "Gaza Strip", "admin2": "Rafah", "admin3": null, "location": "Al Mawasi (Rafah)", "latitude": 31.3294, "longitude": 34.2299, "geo_precision": 1, "source": "Palestine News and Information Agency; Quds News Network", "source_scale": "National", "notes": "On 28 December 2024, Israeli forces targeted Al Mawasi (Rafah) (Rafah, Gaza Strip) killing 1 person with artillery gunfire, and also shelled IDP tents in the same location injuring several people.", "fatalities": 1, "tags": null, "timestamp": 1762829569 }, "geometry": { "type": "Point", "coordinates": [ 34.2299, 31.3294 ] } },
{ "type": "Feature", "properties": { "event_id_cnty": "PSE66108", "event_date": "12/28/2024", "year": 2024, "time_precision": true, "disorder_type": "Political violence", "event_type": "Explosions/Remote violence", "sub_event_type": "Air/drone strike", "actor1": "Military Forces of Israel (2022-)", "assoc_actor_1": null, "inter1": 8, "actor2": "Civilians (Palestine)", "assoc_actor_2": "Refugees/IDPs (Palestine)", "inter2": 7, "interaction": 78, "civilian_targeting": "Civilian targeting", "iso": 275, "region": "Middle East", "country": "Palestine", "admin1": "Gaza Strip", "admin2": "Deir El Balah", "admin3": null, "location": "Al Maghazi", "latitude": 31.4214, "longitude": 34.3865, "geo_precision": 1, "source": "Palestine News and Information Agency", "source_scale": "National", "notes": "On 28 December 2024, Israeli warplanes targeted a house in Al Maghazi Camp (Deir El Balah, Gaza Strip) killing 9 people and injuring others.", "fatalities": 9, "tags": null, "timestamp": 1753956656 }, "geometry": { "type": "Point", "coordinates": [ 34.3865, 31.4214 ] } },
{ "type": "Feature", "properties": { "event_id_cnty": "PSE66112", "event_date": "12/28/2024", "year": 2024, "time_precision": true, "disorder_type": "Political violence", "event_type": "Explosions/Remote violence", "sub_event_type": "Air/drone strike", "actor1": "Military Forces of Israel (2022-)", "assoc_actor_1": null, "inter1": 8, "actor2": "Civilians (Palestine)", "assoc_actor_2": "Refugees/IDPs (Palestine)", "inter2": 7, "interaction": 78, "civilian_targeting": "Civilian targeting", "iso": 275, "region": "Middle East", "country": "Palestine", "admin1": "Gaza Strip", "admin2": "Khan Yunis", "admin3": null, "location": "Al Mawasi (Khan Yunis)", "latitude": 31.3482, "longitude": 34.2547, "geo_precision": 1, "source": "Ma'an News Agency", "source_scale": "National", "notes": "On 28 December 2024, Israeli warplanes launched an airstrike on an IDPs tent in Al Mawasi (Khan Yunis) (Khan Yunis, Gaza Strip) killing 2 people and injuring others.", "fatalities": 2, "tags": null, "timestamp": 1762829569 }, "geometry": { "type": "Point", "coordinates": [ 34.2547, 31.3482 ] } },
{ "type": "Feature", "properties": { "event_id_cnty": "PSE66116", "event_date": "12/28/2024", "year": 2024, "time_precision": true, "disorder_type": "Political violence", "event_type": "Explosions/Remote violence", "sub_event_type": "Air/drone strike", "actor1": "Military Forces of Israel (2022-)", "assoc_actor_1": null, "inter1": 8, "actor2": "Civilians (Palestine)", "assoc_actor_2": null, "inter2": 7, "interaction": 78, "civilian_targeting": "Civilian targeting", "iso": 275, "region": "Middle East", "country": "Palestine", "admin1": "Gaza Strip", "admin2": "North Gaza", "admin3": null, "location": "Beit Lahiya", "latitude": 31.5541, "longitude": 34.5016, "geo_precision": 1, "source": "Palestine News and Information Agency; Quds News Network", "source_scale": "National", "notes": "On 28 December 2024, Israeli forces, likely warplanes, targeted a house in Beit Lahiya (North Gaza, Gaza Strip) killing 4 people, including a child, and injuring others.", "fatalities": 4, "tags": null, "timestamp": 1753956656 }, "geometry": { "type": "Point", "coordinates": [ 34.5016, 31.5541 ] } },
{ "type": "Feature", "properties": { "event_id_cnty": "PSE66117", "event_date": "12/28/2024", "year": 2024, "time_precision": true, "disorder_type": "Political violence", "event_type": "Explosions/Remote violence", "sub_event_type": "Air/drone strike", "actor1": "Military Forces of Israel (2022-)", "assoc_actor_1": null, "inter1": 8, "actor2": "Civilians (Palestine)", "assoc_actor_2": null, "inter2": 7, "interaction": 78, "civilian_targeting": "Civilian targeting", "iso": 275, "region": "Middle East", "country": "Palestine", "admin1": "Gaza Strip", "admin2": "Gaza City", "admin3": null, "location": "Gaza - Southern Remal", "latitude": 31.5168, "longitude": 34.4355, "geo_precision": 2, "source": "Ma'an News Agency", "source_scale": "National", "notes": "On 28 December 2024, Israeli warplanes targeted a group of people on Jalaa street in west of Gaza city, coded to Gaza - Southern Remal (Gaza City, Gaza Strip) killing 2 people and injuring others.", "fatalities": 2, "tags": null, "timestamp": 1759790002 }, "geometry": { "type": "Point", "coordinates": [ 34.4355, 31.5168 ] } },
{ "type": "Feature", "properties": { "event_id_cnty": "PSE66118", "event_date": "12/28/2024", "year": 2024, "time_precision": true, "disorder_type": "Political violence", "event_type": "Explosions/Remote violence", "sub_event_type": "Air/drone strike", "actor1": "Military Forces of Israel (2022-)", "assoc_actor_1": null, "inter1": 8, "actor2": "Civilians (Palestine)", "assoc_actor_2": null, "inter2": 7, "interaction": 78, "civilian_targeting": "Civilian targeting", "iso": 275, "region": "Middle East", "country": "Palestine", "admin1": "Gaza Strip", "admin2": "Gaza City", "admin3": null, "location": "Gaza - Ash Shati' Camp", "latitude": 31.5349, "longitude": 34.4466, "geo_precision": 2, "source": "Palestine News and Information Agency", "source_scale": "National", "notes": "On 28 December 2024, Israeli warplanes launched an airstrike on a house on Nafaq street in northwest of Gaza, coded to Gaza - Ash Shati' Camp (Gaza City, Gaza Strip) killing 3 people, including women and children, and injuring others.", "fatalities": 3, "tags": null, "timestamp": 1759790002 }, "geometry": { "type": "Point", "coordinates": [ 34.4466, 31.5349 ] } },
{ "type": "Feature", "properties": { "event_id_cnty": "PSE66119", "event_date": "12/28/2024", "year": 2024, "time_precision": true, "disorder_type": "Political violence", "event_type": "Explosions/Remote violence", "sub_event_type": "Air/drone strike", "actor1": "Military Forces of Israel (2022-)", "assoc_actor_1": null, "inter1": 8, "actor2": "Civilians (Palestine)", "assoc_actor_2": null, "inter2": 7, "interaction": 78, "civilian_targeting": "Civilian targeting", "iso": 275, "region": "Middle East", "country": "Palestine", "admin1": "Gaza Strip", "admin2": "Gaza City", "admin3": null, "location": "Gaza - Nasr", "latitude": 31.534, "longitude": 34.4574, "geo_precision": 1, "source": "Palestine News and Information Agency", "source_scale": "National", "notes": "On 28 December 2024, Israeli forces, likely warplanes, targeted a group of people in Gaza - Nasr (Gaza City, Gaza Strip) killing 2 and injuring others.", "fatalities": 2, "tags": null, "timestamp": 1753956656 }, "geometry": { "type": "Point", "coordinates": [ 34.4574, 31.534 ] } },
{ "type": "Feature", "properties": { "event_id_cnty": "PSE66120", "event_date": "12/28/2024", "year": 2024, "time_precision": true, "disorder_type": "Political violence", "event_type": "Explosions/Remote violence", "sub_event_type": "Air/drone strike", "actor1": "Military Forces of Israel (2022-)", "assoc_actor_1": null, "inter1": 8, "actor2": "Police Forces of Palestine (2007-) Gaza Strip", "assoc_actor_2": "Civilians (Palestine)", "inter2": 1, "interaction": 18, "civilian_targeting": null, "iso": 275, "region": "Middle East", "country": "Palestine", "admin1": "Gaza Strip", "admin2": "Gaza City", "admin3": null, "location": "Gaza", "latitude": 31.5045, "longitude": 34.4743, "geo_precision": 1, "source": "Palestine News and Information Agency; Quds News Network", "source_scale": "National", "notes": "On 28 December 2024, Israeli forces, likely drone, targeted a motorcycle on Shifa street in Gaza (Gaza City, Gaza Strip) killing 2 people. Israeli forces, likely drone, also targeted the same location killing the Director of Al-Shati police station Talaat Joudeh.", "fatalities": 3, "tags": null, "timestamp": 1759790002 }, "geometry": { "type": "Point", "coordinates": [ 34.4743, 31.5045 ] } },
{ "type": "Feature", "properties": { "event_id_cnty": "PSE66135", "event_date": "12/28/2024", "year": 2024, "time_precision": true, "disorder_type": "Political violence", "event_type": "Explosions/Remote violence", "sub_event_type": "Air/drone strike", "actor1": "Military Forces of Israel (2022-)", "assoc_actor_1": null, "inter1": 8, "actor2": "Civilians (Palestine)", "assoc_actor_2": null, "inter2": 7, "interaction": 78, "civilian_targeting": "Civilian targeting", "iso": 275, "region": "Middle East", "country": "Palestine", "admin1": "Gaza Strip", "admin2": "Gaza City", "admin3": null, "location": "Gaza - Ad Darraj", "latitude": 31.5172, "longitude": 34.4642, "geo_precision": 1, "source": "Liveuamap", "source_scale": "Local partner-New media", "notes": "On 28 December 2024, Israeli warplanes launched a raid on a house in Gaza - Ad Darraj (Gaza City, Gaza Strip) killing 3 people.", "fatalities": 3, "tags": null, "timestamp": 1759790002 }, "geometry": { "type": "Point", "coordinates": [ 34.4642, 31.5172 ] } },
{ "type": "Feature", "properties": { "event_id_cnty": "PSE66110", "event_date": "12/28/2024", "year": 2024, "time_precision": true, "disorder_type": "Political violence", "event_type": "Explosions/Remote violence", "sub_event_type": "Air/drone strike", "actor1": "Military Forces of Israel (2022-)", "assoc_actor_1": null, "inter1": 8, "actor2": "Civilians (Palestine)", "assoc_actor_2": null, "inter2": 7, "interaction": 78, "civilian_targeting": "Civilian targeting", "iso": 275, "region": "Middle East", "country": "Palestine", "admin1": "Gaza Strip", "admin2": "North Gaza", "admin3": null, "location": "Jabalya", "latitude": 31.5272, "longitude": 34.4835, "geo_precision": 1, "source": "Newpress; Palestine News and Information Agency; Quds News Network", "source_scale": "National", "notes": "On 28 December 2024, Israeli warplanes and drones targeted multiple areas of Jabalya town (North Gaza, Gaza Strip), including Sarari street, killing 3 people and injuring others. Also 2 persons were killed in Al Nazla area of Jabalya.", "fatalities": 5, "tags": null, "timestamp": 1759790002 }, "geometry": { "type": "Point", "coordinates": [ 34.4835, 31.5272 ] } },
{ "type": "Feature", "properties": { "event_id_cnty": "PSE66125", "event_date": "12/28/2024", "year": 2024, "time_precision": true, "disorder_type": "Political violence", "event_type": "Explosions/Remote violence", "sub_event_type": "Air/drone strike", "actor1": "Military Forces of Israel (2022-)", "assoc_actor_1": null, "inter1": 8, "actor2": "Civilians (Palestine)", "assoc_actor_2": null, "inter2": 7, "interaction": 78, "civilian_targeting": "Civilian targeting", "iso": 275, "region": "Middle East", "country": "Palestine", "admin1": "Gaza Strip", "admin2": "Gaza City", "admin3": null, "location": "Gaza - Az Zaytun", "latitude": 31.4964, "longitude": 34.4522, "geo_precision": 1, "source": "Quds News Network", "source_scale": "National", "notes": "On 28 December 2024, an Israeli drone targeted Sikka street in Gaza - Az Zaytun (Gaza City, Gaza Strip) injuring 1 person. Israeli artillery targeted southern parts of the same location. Casualties unknown.", "fatalities": 0, "tags": null, "timestamp": 1759790002 }, "geometry": { "type": "Point", "coordinates": [ 34.4522, 31.4964 ] } },
{ "type": "Feature", "properties": { "event_id_cnty": "PSE66122", "event_date": "12/28/2024", "year": 2024, "time_precision": true, "disorder_type": "Political violence", "event_type": "Explosions/Remote violence", "sub_event_type": "Air/drone strike", "actor1": "Military Forces of Israel (2022-)", "assoc_actor_1": null, "inter1": 8, "actor2": "Civilians (Palestine)", "assoc_actor_2": null, "inter2": 7, "interaction": 78, "civilian_targeting": "Civilian targeting", "iso": 275, "region": "Middle East", "country": "Palestine", "admin1": "Gaza Strip", "admin2": "Khan Yunis", "admin3": null, "location": "Qizan an Najjar", "latitude": 31.323, "longitude": 34.2761, "geo_precision": 1, "source": "Newpress; Palestine News and Information Agency; Twitter", "source_scale": "New media-National", "notes": "On 28 December 2024, Israeli warplanes targeted a house in Qizan an Najjar (Khan Yunis, Gaza Strip) injuring 5 people.", "fatalities": 0, "tags": null, "timestamp": 1753956656 }, "geometry": { "type": "Point", "coordinates": [ 34.2761, 31.323 ] } },
{ "type": "Feature", "properties": { "event_id_cnty": "PSE66153", "event_date": "12/29/2024", "year": 2024, "time_precision": true, "disorder_type": "Political violence", "event_type": "Explosions/Remote violence", "sub_event_type": "Air/drone strike", "actor1": "Military Forces of Israel (2022-)", "assoc_actor_1": null, "inter1": 8, "actor2": "Civilians (Palestine)", "assoc_actor_2": null, "inter2": 7, "interaction": 78, "civilian_targeting": "Civilian targeting", "iso": 275, "region": "Middle East", "country": "Palestine", "admin1": "Gaza Strip", "admin2": "Gaza City", "admin3": null, "location": "Gaza - Sabra", "latitude": 31.5086, "longitude": 34.4493, "geo_precision": 1, "source": "Palestine News and Information Agency; Quds News Network", "source_scale": "National", "notes": "On 29 December 2024, an Israeli drone targeted Gaza - Sabra (Gaza City, Gaza Strip) killing 1 person. Israeli warplanes also targeted the vicinity of the Jordanian Hospital in the same location. Casualties unknown. Israeli artillery shelled the same location during the day. Casualties unknown. Total fatalities coded at least 1.", "fatalities": 1, "tags": null, "timestamp": 1759790002 }, "geometry": { "type": "Point", "coordinates": [ 34.4493, 31.5086 ] } },
{ "type": "Feature", "properties": { "event_id_cnty": "PSE66154", "event_date": "12/29/2024", "year": 2024, "time_precision": true, "disorder_type": "Political violence", "event_type": "Explosions/Remote violence", "sub_event_type": "Air/drone strike", "actor1": "Military Forces of Israel (2022-)", "assoc_actor_1": null, "inter1": 8, "actor2": "Civilians (Palestine)", "assoc_actor_2": null, "inter2": 7, "interaction": 78, "civilian_targeting": "Civilian targeting", "iso": 275, "region": "Middle East", "country": "Palestine", "admin1": "Gaza Strip", "admin2": "Deir El Balah", "admin3": null, "location": "An Nusayrat - West", "latitude": 31.4525, "longitude": 34.3756, "geo_precision": 1, "source": "Palestine News and Information Agency; Quds News Network", "source_scale": "National", "notes": "On 29 December 2024, an Israeli drone targeted al Sawarha area in An Nusayrat - West (Deir El Balah, Gaza Strip) killing 1 person and injuring 4 others. Israeli warplanes also targeted residential houses in the same location [casualties unknown]. Israeli artillery targeted a house in the same location injuring one person. Total fatalities coded at least 1.", "fatalities": 1, "tags": null, "timestamp": 1753956656 }, "geometry": { "type": "Point", "coordinates": [ 34.3756, 31.4525 ] } },
{ "type": "Feature", "properties": { "event_id_cnty": "PSE66155", "event_date": "12/29/2024", "year": 2024, "time_precision": true, "disorder_type": "Political violence", "event_type": "Explosions/Remote violence", "sub_event_type": "Air/drone strike", "actor1": "Military Forces of Israel (2022-)", "assoc_actor_1": null, "inter1": 8, "actor2": "Civilians (Palestine)", "assoc_actor_2": "Refugees/IDPs (Palestine)", "inter2": 7, "interaction": 78, "civilian_targeting": "Civilian targeting", "iso": 275, "region": "Middle East", "country": "Palestine", "admin1": "Gaza Strip", "admin2": "Deir El Balah", "admin3": null, "location": "An Nusayrat - North", "latitude": 31.4591, "longitude": 34.3923, "geo_precision": 1, "source": "Palestine News and Information Agency; Quds News Network", "source_scale": "National", "notes": "On 29 December 2024, Israeli artillery fired at the new camp in An Nusayrat - North (Deir El Balah, Gaza Strip) killing 9 people and injuring 15 others. Israeli quadcopter drones also targeted Ard alMufti area and helicopters and warplanes targeted other areas in the same location. Casualties unknown. Fatalities coded as at least 9.", "fatalities": 9, "tags": null, "timestamp": 1753956656 }, "geometry": { "type": "Point", "coordinates": [ 34.3923, 31.4591 ] } },
{ "type": "Feature", "properties": { "event_id_cnty": "PSE66156", "event_date": "12/29/2024", "year": 2024, "time_precision": true, "disorder_type": "Political violence", "event_type": "Explosions/Remote violence", "sub_event_type": "Air/drone strike", "actor1": "Military Forces of Israel (2022-)", "assoc_actor_1": null, "inter1": 8, "actor2": "Civilians (Palestine)", "assoc_actor_2": null, "inter2": 7, "interaction": 78, "civilian_targeting": "Civilian targeting", "iso": 275, "region": "Middle East", "country": "Palestine", "admin1": "Gaza Strip", "admin2": "Khan Yunis", "admin3": null, "location": "Abasan al Kabirah", "latitude": 31.3191, "longitude": 34.3401, "geo_precision": 1, "source": "Palestine News and Information Agency; Quds News Network", "source_scale": "National", "notes": "On 29 December 2024, Israeli warplanes targeted a house in Abasan al Kabirah (Khan Yunis, Gaza Strip) injuring 1 person and causing a fire in the house.", "fatalities": 0, "tags": null, "timestamp": 1753956656 }, "geometry": { "type": "Point", "coordinates": [ 34.3401, 31.3191 ] } },
{ "type": "Feature", "properties": { "event_id_cnty": "PSE66159", "event_date": "12/29/2024", "year": 2024, "time_precision": true, "disorder_type": "Political violence", "event_type": "Explosions/Remote violence", "sub_event_type": "Air/drone strike", "actor1": "Military Forces of Israel (2022-)", "assoc_actor_1": null, "inter1": 8, "actor2": "Civilians (Palestine)", "assoc_actor_2": null, "inter2": 7, "interaction": 78, "civilian_targeting": "Civilian targeting", "iso": 275, "region": "Middle East", "country": "Palestine", "admin1": "Gaza Strip", "admin2": "North Gaza", "admin3": null, "location": "Beit Hanoun", "latitude": 31.5405, "longitude": 34.5402, "geo_precision": 1, "source": "Palestine News and Information Agency", "source_scale": "National", "notes": "On 29 December 2024, Israeli forces, likely warplanes, targeted a house in Beit Hanoun (North Gaza, Gaza Strip) killing 7 people and injuring others, including women and children.", "fatalities": 7, "tags": null, "timestamp": 1753956656 }, "geometry": { "type": "Point", "coordinates": [ 34.5402, 31.5405 ] } },
{ "type": "Feature", "properties": { "event_id_cnty": "PSE66167", "event_date": "12/29/2024", "year": 2024, "time_precision": true, "disorder_type": "Political violence", "event_type": "Explosions/Remote violence", "sub_event_type": "Air/drone strike", "actor1": "Military Forces of Israel (2022-)", "assoc_actor_1": null, "inter1": 8, "actor2": "Civilians (Palestine)", "assoc_actor_2": null, "inter2": 7, "interaction": 78, "civilian_targeting": "Civilian targeting", "iso": 275, "region": "Middle East", "country": "Palestine", "admin1": "Gaza Strip", "admin2": "North Gaza", "admin3": null, "location": "Beit Lahiya - Al Mashroo", "latitude": 31.5433, "longitude": 34.4998, "geo_precision": 1, "source": "Quds News Network", "source_scale": "National", "notes": "On 29 December 2024, Israeli forces, likely warplanes, targeted the vicinity of Kamal Adwan Hospital in Beit Lahiya - Al Mashroo (North Gaza, Gaza Strip) killing many people from the same family. Unspecified number of fatalities coded to 3.", "fatalities": 3, "tags": null, "timestamp": 1753956656 }, "geometry": { "type": "Point", "coordinates": [ 34.4998, 31.5433 ] } },
{ "type": "Feature", "properties": { "event_id_cnty": "PSE66168", "event_date": "12/29/2024", "year": 2024, "time_precision": true, "disorder_type": "Political violence", "event_type": "Explosions/Remote violence", "sub_event_type": "Air/drone strike", "actor1": "Military Forces of Israel (2022-)", "assoc_actor_1": null, "inter1": 8, "actor2": "Civilians (Palestine)", "assoc_actor_2": null, "inter2": 7, "interaction": 78, "civilian_targeting": "Civilian targeting", "iso": 275, "region": "Middle East", "country": "Palestine", "admin1": "Gaza Strip", "admin2": "Rafah", "admin3": null, "location": "An Nasr", "latitude": 31.2814, "longitude": 34.3025, "geo_precision": 1, "source": "Quds News Network", "source_scale": "National", "notes": "On 29 December 2024, Israeli warplanes targeted a house in An Nasr (Rafah, Gaza Strip) killing 2 people and injuring others.", "fatalities": 2, "tags": null, "timestamp": 1753956656 }, "geometry": { "type": "Point", "coordinates": [ 34.3025, 31.2814 ] } },
{ "type": "Feature", "properties": { "event_id_cnty": "PSE66174", "event_date": "12/29/2024", "year": 2024, "time_precision": true, "disorder_type": "Political violence", "event_type": "Explosions/Remote violence", "sub_event_type": "Air/drone strike", "actor1": "Military Forces of Israel (2022-)", "assoc_actor_1": null, "inter1": 8, "actor2": "Civilians (Palestine)", "assoc_actor_2": null, "inter2": 7, "interaction": 78, "civilian_targeting": "Civilian targeting", "iso": 275, "region": "Middle East", "country": "Palestine", "admin1": "Gaza Strip", "admin2": "Gaza City", "admin3": null, "location": "Gaza - Southern Remal", "latitude": 31.5168, "longitude": 34.4355, "geo_precision": 2, "source": "Quds News Network", "source_scale": "National", "notes": "On 29 December 2024, Israeli forces, likely warplanes, targeted a house west of Gaza city, coded to Gaza - Southern Remal (Gaza City, Gaza Strip) killing 1 person and injuring others.", "fatalities": 1, "tags": null, "timestamp": 1759790002 }, "geometry": { "type": "Point", "coordinates": [ 34.4355, 31.5168 ] } },
{ "type": "Feature", "properties": { "event_id_cnty": "PSE66090", "event_date": "12/29/2024", "year": 2024, "time_precision": true, "disorder_type": "Political violence", "event_type": "Explosions/Remote violence", "sub_event_type": "Shelling/artillery/missile attack", "actor1": "Military Forces of Israel (2022-)", "assoc_actor_1": null, "inter1": 8, "actor2": "Civilians (Palestine)", "assoc_actor_2": null, "inter2": 7, "interaction": 78, "civilian_targeting": "Civilian targeting", "iso": 275, "region": "Middle East", "country": "Palestine", "admin1": "Gaza Strip", "admin2": "North Gaza", "admin3": null, "location": "Jabalya", "latitude": 31.5272, "longitude": 34.4835, "geo_precision": 1, "source": "Palestine News and Information Agency", "source_scale": "National", "notes": "On 29 December 2024, Israeli artillery heavily targeted residential houses in Jabalya (North Gaza, Gaza Strip). Casualties unknown.", "fatalities": 0, "tags": null, "timestamp": 1759790002 }, "geometry": { "type": "Point", "coordinates": [ 34.4835, 31.5272 ] } },
{ "type": "Feature", "properties": { "event_id_cnty": "PSE66079", "event_date": "12/29/2024", "year": 2024, "time_precision": true, "disorder_type": "Political violence", "event_type": "Explosions/Remote violence", "sub_event_type": "Shelling/artillery/missile attack", "actor1": "Military Forces of Israel (2022-)", "assoc_actor_1": null, "inter1": 8, "actor2": "Civilians (Palestine)", "assoc_actor_2": null, "inter2": 7, "interaction": 78, "civilian_targeting": "Civilian targeting", "iso": 275, "region": "Middle East", "country": "Palestine", "admin1": "Gaza Strip", "admin2": "Rafah", "admin3": null, "location": "Khirbet al Adas", "latitude": 31.2855, "longitude": 34.2714, "geo_precision": 2, "source": "Palestine News and Information Agency", "source_scale": "National", "notes": "On 29 December 2024, Israeli forces, likely artillery, targeted a house in north of Rafah, coded to Khirbet al Adas (Rafah, Gaza Strip) killing a man and his wife and injuring others. Israeli artillery also continuously fired at the same location.", "fatalities": 2, "tags": null, "timestamp": 1753956656 }, "geometry": { "type": "Point", "coordinates": [ 34.2714, 31.2855 ] } },
{ "type": "Feature", "properties": { "event_id_cnty": "PSE75674", "event_date": "12/29/2024", "year": 2024, "time_precision": true, "disorder_type": "Political violence", "event_type": "Violence against civilians", "sub_event_type": "Attack", "actor1": "Sahm Unit", "assoc_actor_1": null, "inter1": 3, "actor2": "Civilians (Palestine)", "assoc_actor_2": "Labor Group (Palestine)", "inter2": 7, "interaction": 37, "civilian_targeting": "Civilian targeting", "iso": 275, "region": "Middle East", "country": "Palestine", "admin1": "Gaza Strip", "admin2": "Khan Yunis", "admin3": null, "location": "Khan Yunis - Al Kateebeh", "latitude": 31.3642, "longitude": 34.3085, "geo_precision": 1, "source": "The Independent Commission For Human Rights", "source_scale": "National", "notes": "On 29 December 2024, masked armed men from the Sahm Unit shot a 53-year old Palestinian merchant in the legs in Khan Yunis - Al Kateebeh (Khan Yunis, Gaza Strip). He was first contacted by someone requesting the purchase of seven tents from Mirage and their delivery to Al Kateebeh and the incident occurred as he attempted to deliver the tents and collect payment. He was tied up and beaten by a group identifying as 'Sahm Unit' before being shot. The merchant filed the complaint on 15 April 2025. This event involved violence over aid.", "fatalities": 0, "tags": null, "timestamp": 1767742780 }, "geometry": { "type": "Point", "coordinates": [ 34.3085, 31.3642 ] } },
{ "type": "Feature", "properties": { "event_id_cnty": "PSE66402", "event_date": "12/29/2024", "year": 2024, "time_precision": true, "disorder_type": "Political violence", "event_type": "Violence against civilians", "sub_event_type": "Attack", "actor1": "Unidentified Communal Militia (Palestine)", "assoc_actor_1": null, "inter1": 4, "actor2": "Civilians (Palestine)", "assoc_actor_2": null, "inter2": 7, "interaction": 47, "civilian_targeting": "Civilian targeting", "iso": 275, "region": "Middle East", "country": "Palestine", "admin1": "Gaza Strip", "admin2": "Gaza City", "admin3": null, "location": "Gaza", "latitude": 31.5045, "longitude": 34.4743, "geo_precision": 2, "source": "Arab News; Ma'an News Agency; Times of Israel", "source_scale": "National-Regional", "notes": "On 29 December 2024, unidentified looting gang coded as communal militia attacked a WFP aid convoy moving toward northern Gaza, coded to Gaza City governorate (Gaza City, Gaza Strip) which killed 2 people and injured others. The Hamas Gaza-based governmental office claimed that the World Food Programme (WFP) bears responsibility for the deaths of two Palestinians, stating that its security personnel opened fire. The WFP reported that during the coordinated effort to bring in 40 trucks on behalf of humanitarian partners, the operation faced armed looting, which resulted in the fatalities. This event involves aid looting violence. This event involved violence over aid.", "fatalities": 2, "tags": null, "timestamp": 1759790002 }, "geometry": { "type": "Point", "coordinates": [ 34.4743, 31.5045 ] } },
{ "type": "Feature", "properties": { "event_id_cnty": "PSE71557", "event_date": "12/29/2024", "year": 2024, "time_precision": true, "disorder_type": "Political violence", "event_type": "Violence against civilians", "sub_event_type": "Attack", "actor1": "Sahm Unit", "assoc_actor_1": null, "inter1": 3, "actor2": "Civilians (Palestine)", "assoc_actor_2": null, "inter2": 7, "interaction": 37, "civilian_targeting": "Civilian targeting", "iso": 275, "region": "Middle East", "country": "Palestine", "admin1": "Gaza Strip", "admin2": "Rafah", "admin3": null, "location": "Rafah", "latitude": 31.287, "longitude": 34.2595, "geo_precision": 2, "source": "The Independent Commission For Human Rights", "source_scale": "National", "notes": "On 29 December 2024, security personnel from Sahm unit linked to Hamas Ministry of Interior, who arrived in a white jeep and masked while armed with rifles, opened fire on a man in Rafah area (Gaza Strip), claiming he was a thief. The attackers tied his hands behind his back and shot his knees and lower legs. He was admitted to Nasser Hospital in Khan Younis. This event involved violence over aid.", "fatalities": 0, "tags": null, "timestamp": 1762829569 }, "geometry": { "type": "Point", "coordinates": [ 34.2595, 31.287 ] } },
{ "type": "Feature", "properties": { "event_id_cnty": "PSE66128", "event_date": "12/30/2024", "year": 2024, "time_precision": true, "disorder_type": "Political violence", "event_type": "Explosions/Remote violence", "sub_event_type": "Shelling/artillery/missile attack", "actor1": "Military Forces of Israel (2022-)", "assoc_actor_1": null, "inter1": 8, "actor2": "Civilians (Palestine)", "assoc_actor_2": null, "inter2": 7, "interaction": 78, "civilian_targeting": "Civilian targeting", "iso": 275, "region": "Middle East", "country": "Palestine", "admin1": "Gaza Strip", "admin2": "Deir El Balah", "admin3": null, "location": "An Nusayrat - North", "latitude": 31.4591, "longitude": 34.3923, "geo_precision": 2, "source": "Palestine News and Information Agency", "source_scale": "National", "notes": "On 30 December 2024, Israeli artillery fired at northwest of An Nusayrat, coded to An Nusayrat - North (Deir El Balah, Gaza Strip) injuring 1 person with gunfire.", "fatalities": 0, "tags": null, "timestamp": 1753956656 }, "geometry": { "type": "Point", "coordinates": [ 34.3923, 31.4591 ] } },
{ "type": "Feature", "properties": { "event_id_cnty": "PSE66200", "event_date": "12/30/2024", "year": 2024, "time_precision": true, "disorder_type": "Political violence", "event_type": "Explosions/Remote violence", "sub_event_type": "Air/drone strike", "actor1": "Military Forces of Israel (2022-)", "assoc_actor_1": null, "inter1": 8, "actor2": "Civilians (Palestine)", "assoc_actor_2": null, "inter2": 7, "interaction": 78, "civilian_targeting": "Civilian targeting", "iso": 275, "region": "Middle East", "country": "Palestine", "admin1": "Gaza Strip", "admin2": "Gaza City", "admin3": null, "location": "Gaza - Sabra", "latitude": 31.5086, "longitude": 34.4493, "geo_precision": 1, "source": "Palestine News and Information Agency", "source_scale": "National", "notes": "On 30 December 2024, Israeli warplanes targeted a house near the Jordanian Hospital in Gaza - Sabra (Gaza City, Gaza Strip). Casualties unknown. Israeli artillery also targeted the same location. Casualties unknown.", "fatalities": 0, "tags": null, "timestamp": 1759790002 }, "geometry": { "type": "Point", "coordinates": [ 34.4493, 31.5086 ] } },
{ "type": "Feature", "properties": { "event_id_cnty": "PSE66195", "event_date": "12/30/2024", "year": 2024, "time_precision": true, "disorder_type": "Political violence", "event_type": "Explosions/Remote violence", "sub_event_type": "Air/drone strike", "actor1": "Military Forces of Israel (2022-)", "assoc_actor_1": null, "inter1": 8, "actor2": "Civilians (Palestine)", "assoc_actor_2": null, "inter2": 7, "interaction": 78, "civilian_targeting": "Civilian targeting", "iso": 275, "region": "Middle East", "country": "Palestine", "admin1": "Gaza Strip", "admin2": "Rafah", "admin3": null, "location": "Yibna", "latitude": 31.2842, "longitude": 34.2482, "geo_precision": 2, "source": "Palestine News and Information Agency", "source_scale": "National", "notes": "On 30 December 2024, an Israeli quadcopter drone targeted east of Rafah, coded to Yibna (Rafah, Gaza Strip) injuring 1 person.", "fatalities": 0, "tags": null, "timestamp": 1753956656 }, "geometry": { "type": "Point", "coordinates": [ 34.2482, 31.2842 ] } },
{ "type": "Feature", "properties": { "event_id_cnty": "PSE66196", "event_date": "12/30/2024", "year": 2024, "time_precision": true, "disorder_type": "Political violence", "event_type": "Explosions/Remote violence", "sub_event_type": "Air/drone strike", "actor1": "Military Forces of Israel (2022-)", "assoc_actor_1": null, "inter1": 8, "actor2": "Civilians (Palestine)", "assoc_actor_2": null, "inter2": 7, "interaction": 78, "civilian_targeting": "Civilian targeting", "iso": 275, "region": "Middle East", "country": "Palestine", "admin1": "Gaza Strip", "admin2": "North Gaza", "admin3": null, "location": "Jabalya", "latitude": 31.5272, "longitude": 34.4835, "geo_precision": 1, "source": "Palestine News and Information Agency", "source_scale": "National", "notes": "On 30 December 2024, Israeli warplanes targeted a group of people in Jabalya (North Gaza, Gaza Strip) killing 4 and injuring others. Israeli artillery also targeted Nazla area in the same location. Casualties unknown. Fatalities coded as at least 4.", "fatalities": 4, "tags": null, "timestamp": 1759790002 }, "geometry": { "type": "Point", "coordinates": [ 34.4835, 31.5272 ] } },
{ "type": "Feature", "properties": { "event_id_cnty": "PSE66199", "event_date": "12/30/2024", "year": 2024, "time_precision": true, "disorder_type": "Political violence", "event_type": "Explosions/Remote violence", "sub_event_type": "Air/drone strike", "actor1": "Military Forces of Israel (2022-)", "assoc_actor_1": null, "inter1": 8, "actor2": "Civilians (Palestine)", "assoc_actor_2": null, "inter2": 7, "interaction": 78, "civilian_targeting": "Civilian targeting", "iso": 275, "region": "Middle East", "country": "Palestine", "admin1": "Gaza Strip", "admin2": "Gaza City", "admin3": null, "location": "Gaza - Az Zaytun", "latitude": 31.4964, "longitude": 34.4522, "geo_precision": 1, "source": "Palestine News and Information Agency", "source_scale": "National", "notes": "On 30 December 2024, Israeli warplanes targeted a house in Gaza - Az Zaytun (Gaza City, Gaza Strip) killing 1 person. Israeli artillery also targeted the same location. Casualties unknown. Fatalities coded at least 1.", "fatalities": 1, "tags": null, "timestamp": 1759790002 }, "geometry": { "type": "Point", "coordinates": [ 34.4522, 31.4964 ] } },
{ "type": "Feature", "properties": { "event_id_cnty": "PSE66225", "event_date": "12/31/2024", "year": 2024, "time_precision": true, "disorder_type": "Political violence", "event_type": "Explosions/Remote violence", "sub_event_type": "Air/drone strike", "actor1": "Military Forces of Israel (2022-)", "assoc_actor_1": null, "inter1": 8, "actor2": "Civilians (Palestine)", "assoc_actor_2": null, "inter2": 7, "interaction": 78, "civilian_targeting": "Civilian targeting", "iso": 275, "region": "Middle East", "country": "Palestine", "admin1": "Gaza Strip", "admin2": "Gaza City", "admin3": null, "location": "Gaza - Southern Remal", "latitude": 31.5168, "longitude": 34.4355, "geo_precision": 2, "source": "Quds News Network", "source_scale": "National", "notes": "On 31 December 2024, Israeli warplanes targeted a house in west of Gaza city, coded to Gaza - Southern Remal (Gaza City, Gaza Strip). Casualties unknown.", "fatalities": 0, "tags": null, "timestamp": 1759790002 }, "geometry": { "type": "Point", "coordinates": [ 34.4355, 31.5168 ] } },
{ "type": "Feature", "properties": { "event_id_cnty": "PSE66228", "event_date": "12/31/2024", "year": 2024, "time_precision": true, "disorder_type": "Political violence", "event_type": "Explosions/Remote violence", "sub_event_type": "Air/drone strike", "actor1": "Military Forces of Israel (2022-)", "assoc_actor_1": null, "inter1": 8, "actor2": "Civilians (Palestine)", "assoc_actor_2": null, "inter2": 7, "interaction": 78, "civilian_targeting": "Civilian targeting", "iso": 275, "region": "Middle East", "country": "Palestine", "admin1": "Gaza Strip", "admin2": "Khan Yunis", "admin3": null, "location": "Al Fukhari", "latitude": 31.2952, "longitude": 34.3332, "geo_precision": 1, "source": "Quds News Network", "source_scale": "National", "notes": "On 31 December 2024, Israeli warplanes targeted a house in Al Fukhari (Khan Yunis, Gaza Strip) injuring people.", "fatalities": 0, "tags": null, "timestamp": 1753956656 }, "geometry": { "type": "Point", "coordinates": [ 34.3332, 31.2952 ] } },
{ "type": "Feature", "properties": { "event_id_cnty": "PSE66137", "event_date": "12/31/2024", "year": 2024, "time_precision": true, "disorder_type": "Political violence", "event_type": "Explosions/Remote violence", "sub_event_type": "Shelling/artillery/missile attack", "actor1": "Military Forces of Israel (2022-)", "assoc_actor_1": null, "inter1": 8, "actor2": "Civilians (Palestine)", "assoc_actor_2": null, "inter2": 7, "interaction": 78, "civilian_targeting": "Civilian targeting", "iso": 275, "region": "Middle East", "country": "Palestine", "admin1": "Gaza Strip", "admin2": "Gaza City", "admin3": null, "location": "Gaza - Az Zaytun", "latitude": 31.4964, "longitude": 34.4522, "geo_precision": 1, "source": "Palestine News and Information Agency; Quds News Network", "source_scale": "National", "notes": "On 31 December 2024, Israeli artillery targeted southern parts of Gaza - Az Zaytun (Gaza City, Gaza Strip). And Israeli forces, likely artillery, targeted 'Salim warehouses' in the same location injuring several people.", "fatalities": 0, "tags": null, "timestamp": 1759790002 }, "geometry": { "type": "Point", "coordinates": [ 34.4522, 31.4964 ] } },
{ "type": "Feature", "properties": { "event_id_cnty": "PSE66218", "event_date": "12/31/2024", "year": 2024, "time_precision": true, "disorder_type": "Political violence", "event_type": "Explosions/Remote violence", "sub_event_type": "Air/drone strike", "actor1": "Military Forces of Israel (2022-)", "assoc_actor_1": null, "inter1": 8, "actor2": "Civilians (Palestine)", "assoc_actor_2": null, "inter2": 7, "interaction": 78, "civilian_targeting": "Civilian targeting", "iso": 275, "region": "Middle East", "country": "Palestine", "admin1": "Gaza Strip", "admin2": "North Gaza", "admin3": null, "location": "Jabalya", "latitude": 31.5272, "longitude": 34.4835, "geo_precision": 1, "source": "Palestine News and Information Agency; Quds News Network", "source_scale": "National", "notes": "On 31 December 2024, Israeli warplanes targeted residential houses and several areas of Jabalya town (North Gaza, Gaza Strip) killing 2 people and injuring others.", "fatalities": 2, "tags": null, "timestamp": 1759790002 }, "geometry": { "type": "Point", "coordinates": [ 34.4835, 31.5272 ] } }
]
}
