{
"type": "FeatureCollection",
"name": "feb2024",
"crs": { "type": "name", "properties": { "name": "urn:ogc:def:crs:OGC:1.3:CRS84" } },
"features": [
{ "type": "Feature", "properties": { "event_id_cnty": "PSE46294", "event_date": "2/1/2024", "year": 2024, "time_precision": 1, "disorder_type": "Political violence", "event_type": "Explosions/Remote violence", "sub_event_type": "Shelling/artillery/missile attack", "actor1": "Military Forces of Israel (2022-)", "assoc_actor_1": null, "inter1": 8, "actor2": "Civilians (Palestine)", "assoc_actor_2": "Health Workers (Palestine); Refugees/IDPs (Palestine)", "inter2": 7, "interaction": 78, "civilian_targeting": "Civilian targeting", "iso": 275, "region": "Middle East", "country": "Palestine", "admin1": "Gaza Strip", "admin2": "Khan Yunis", "admin3": null, "location": "Khan Yunis - Al Amal", "latitude": 31.3544, "longitude": 34.3007, "geo_precision": 1, "source": "Ma'an News Agency; Newpress; Palestine News and Information Agency; Quds News Network; Twitter", "source_scale": "New media-National", "notes": "On 1 February 2024, Israeli artillery and tanks struck targets (including houses) and opened fire in the vicinity of Al Amal hospital in Khan Yunis - Al Amal (Khan Yunis, Gaza Strip), killing 2 Palestinians and injuring another 9. Meanwhile, Israeli tanks entered the Al Amal hospital's yard firing at the buildings, causing damage to 5 parked ambulances and injuring 13 displaced people. The total fatalities were 2.", "fatalities": 2, "tags": null, "timestamp": 1753955113 }, "geometry": { "type": "Point", "coordinates": [ 34.3007, 31.3544 ] } },
{ "type": "Feature", "properties": { "event_id_cnty": "PSE46296", "event_date": "2/1/2024", "year": 2024, "time_precision": 1, "disorder_type": "Political violence", "event_type": "Explosions/Remote violence", "sub_event_type": "Air/drone strike", "actor1": "Military Forces of Israel (2022-)", "assoc_actor_1": null, "inter1": 8, "actor2": "Civilians (Palestine)", "assoc_actor_2": null, "inter2": 7, "interaction": 78, "civilian_targeting": "Civilian targeting", "iso": 275, "region": "Middle East", "country": "Palestine", "admin1": "Gaza Strip", "admin2": "Rafah", "admin3": null, "location": "An Nasr", "latitude": 31.2814, "longitude": 34.3025, "geo_precision": 1, "source": "Liveuamap; Newpress; Palestine News and Information Agency; Quds News Network; Twitter", "source_scale": "Local partner-New media", "notes": "On 1 February 2024, Israeli warplanes struck a house in An Nasr (Rafah, Gaza Strip), killing 4 Palestinians.", "fatalities": 4, "tags": null, "timestamp": 1753955113 }, "geometry": { "type": "Point", "coordinates": [ 34.3025, 31.2814 ] } },
{ "type": "Feature", "properties": { "event_id_cnty": "PSE46297", "event_date": "2/1/2024", "year": 2024, "time_precision": 1, "disorder_type": "Political violence", "event_type": "Explosions/Remote violence", "sub_event_type": "Air/drone strike", "actor1": "Military Forces of Israel (2022-)", "assoc_actor_1": null, "inter1": 8, "actor2": "Civilians (Palestine)", "assoc_actor_2": null, "inter2": 7, "interaction": 78, "civilian_targeting": "Civilian targeting", "iso": 275, "region": "Middle East", "country": "Palestine", "admin1": "Gaza Strip", "admin2": "Khan Yunis", "admin3": null, "location": "Khan Yunis - West (Municipal Stadium)", "latitude": 31.3484, "longitude": 34.2961, "geo_precision": 2, "source": "Arab 48; Newpress; Palestine News and Information Agency; Quds News Network; Twitter", "source_scale": "New media-National", "notes": "On 1 February 2024, Israeli warplanes struck houses west of Khan Yunis, (coded to Khan Yunis - West (Municipal Stadium), Gaza Strip), injuring 13 Palestinians. Also, Israeli airstrikes targeted the vicinity of Naser hospital. Fatalities unknown.", "fatalities": 0, "tags": null, "timestamp": 1753955113 }, "geometry": { "type": "Point", "coordinates": [ 34.2961, 31.3484 ] } },
{ "type": "Feature", "properties": { "event_id_cnty": "PSE46309", "event_date": "2/1/2024", "year": 2024, "time_precision": 1, "disorder_type": "Political violence", "event_type": "Explosions/Remote violence", "sub_event_type": "Air/drone strike", "actor1": "Military Forces of Israel (2022-)", "assoc_actor_1": null, "inter1": 8, "actor2": "Civilians (Palestine)", "assoc_actor_2": null, "inter2": 7, "interaction": 78, "civilian_targeting": "Civilian targeting", "iso": 275, "region": "Middle East", "country": "Palestine", "admin1": "Gaza Strip", "admin2": "Khan Yunis", "admin3": null, "location": "Al Fukhari", "latitude": 31.2952, "longitude": 34.3332, "geo_precision": 1, "source": "Arab 48", "source_scale": "National", "notes": "On 1 February 2024, Israeli warplanes struck targets near the European Hospital in Al Fukhari (Khan Yunis, Gaza Strip), killing 3 Palestinians.", "fatalities": 3, "tags": null, "timestamp": 1753955113 }, "geometry": { "type": "Point", "coordinates": [ 34.3332, 31.2952 ] } },
{ "type": "Feature", "properties": { "event_id_cnty": "PSE46316", "event_date": "2/1/2024", "year": 2024, "time_precision": 1, "disorder_type": "Political violence", "event_type": "Explosions/Remote violence", "sub_event_type": "Air/drone strike", "actor1": "Military Forces of Israel (2022-)", "assoc_actor_1": null, "inter1": 8, "actor2": "Civilians (Palestine)", "assoc_actor_2": null, "inter2": 7, "interaction": 78, "civilian_targeting": "Civilian targeting", "iso": 275, "region": "Middle East", "country": "Palestine", "admin1": "Gaza Strip", "admin2": "Khan Yunis", "admin3": null, "location": "Khan Yunis - Ash Sheikh Naser", "latitude": 31.3398, "longitude": 34.3116, "geo_precision": 1, "source": "Quds News Network; Twitter", "source_scale": "New media-National", "notes": "On 1 February 2024, Israeli UAVs struck the Khan Yunis - Ash Sheikh Naser (Khan Yunis, Gaza Strip), killing 2 Palestinians.", "fatalities": 2, "tags": null, "timestamp": 1753955113 }, "geometry": { "type": "Point", "coordinates": [ 34.3116, 31.3398 ] } },
{ "type": "Feature", "properties": { "event_id_cnty": "PSE46293", "event_date": "2/1/2024", "year": 2024, "time_precision": 1, "disorder_type": "Political violence", "event_type": "Explosions/Remote violence", "sub_event_type": "Air/drone strike", "actor1": "Military Forces of Israel (2022-)", "assoc_actor_1": null, "inter1": 8, "actor2": "Civilians (Palestine)", "assoc_actor_2": null, "inter2": 7, "interaction": 78, "civilian_targeting": "Civilian targeting", "iso": 275, "region": "Middle East", "country": "Palestine", "admin1": "Gaza Strip", "admin2": "Deir El Balah", "admin3": null, "location": "An Nusayrat - West", "latitude": 31.4525, "longitude": 34.3756, "geo_precision": 1, "source": "Palestine News and Information Agency; Quds News Network; Twitter", "source_scale": "New media-National", "notes": "On 1 February 2024, Israeli warplanes struck a house west of An Nusayrat (An Nusayrat - West, Deir El Balah, Gaza Strip), killing 2 Palestinians and injuring a number of others.", "fatalities": 2, "tags": null, "timestamp": 1753955113 }, "geometry": { "type": "Point", "coordinates": [ 34.3756, 31.4525 ] } },
{ "type": "Feature", "properties": { "event_id_cnty": "PSE53748", "event_date": "2/1/2024", "year": 2024, "time_precision": 3, "disorder_type": "Political violence", "event_type": "Explosions/Remote violence", "sub_event_type": "Air/drone strike", "actor1": "Military Forces of Israel (2022-)", "assoc_actor_1": null, "inter1": 8, "actor2": "Civilians (Israel)", "assoc_actor_2": null, "inter2": 7, "interaction": 78, "civilian_targeting": "Civilian targeting", "iso": 275, "region": "Middle East", "country": "Palestine", "admin1": "Gaza Strip", "admin2": "Khan Yunis", "admin3": null, "location": "Khan Yunis", "latitude": 31.3502, "longitude": 34.3081, "geo_precision": 1, "source": "Israeli Defense Forces; Quds News Network; Times of Israel; Twitter", "source_scale": "Other-New media", "notes": "Around 1 February 2024 (month of), 4 Israeli abductees were killed (likely by an airstrike) in Khan Yunis city (Gaza Strip) during the Israeli ground operation in Khan Yunis. By 14 June, their bodies were still held by Palestinian factions.", "fatalities": 4, "tags": null, "timestamp": 1753955132 }, "geometry": { "type": "Point", "coordinates": [ 34.3081, 31.3502 ] } },
{ "type": "Feature", "properties": { "event_id_cnty": "PSE46290", "event_date": "2/1/2024", "year": 2024, "time_precision": 1, "disorder_type": "Political violence", "event_type": "Explosions/Remote violence", "sub_event_type": "Air/drone strike", "actor1": "Military Forces of Israel (2022-)", "assoc_actor_1": null, "inter1": 8, "actor2": "Civilians (Palestine)", "assoc_actor_2": null, "inter2": 7, "interaction": 78, "civilian_targeting": "Civilian targeting", "iso": 275, "region": "Middle East", "country": "Palestine", "admin1": "Gaza Strip", "admin2": "Gaza City", "admin3": null, "location": "Gaza - Southern Remal", "latitude": 31.5168, "longitude": 34.4355, "geo_precision": 1, "source": "Palestine News and Information Agency; Palestinian Ministry of Health", "source_scale": "Other-National", "notes": "On 1 February 2024, Israeli warplanes and artillery struck targets and opened fire in Gaza - Southern Remal (Gaza City, Gaza Strip), killing and injuring a number of Palestinians. [Palestinian Ministry of Health reported 27131 fatalities upto 1 February 2024. 65 fatalities not attributed to specific events split across 3 events on 1 Febraury. 21 fatalities coded to this event.]", "fatalities": 21, "tags": null, "timestamp": 1759789988 }, "geometry": { "type": "Point", "coordinates": [ 34.4355, 31.5168 ] } },
{ "type": "Feature", "properties": { "event_id_cnty": "PSE46291", "event_date": "2/1/2024", "year": 2024, "time_precision": 1, "disorder_type": "Political violence", "event_type": "Explosions/Remote violence", "sub_event_type": "Air/drone strike", "actor1": "Military Forces of Israel (2022-)", "assoc_actor_1": null, "inter1": 8, "actor2": "Civilians (Palestine)", "assoc_actor_2": null, "inter2": 7, "interaction": 78, "civilian_targeting": "Civilian targeting", "iso": 275, "region": "Middle East", "country": "Palestine", "admin1": "Gaza Strip", "admin2": "Gaza City", "admin3": null, "location": "Gaza - Tal el Hawa", "latitude": 31.5041, "longitude": 34.435, "geo_precision": 1, "source": "Palestine News and Information Agency; Palestinian Ministry of Health", "source_scale": "Other-National", "notes": "On 1 February 2024, Israeli warplanes and artillery struck targets and opened fire in Gaza - Tal el Hawa (Gaza City, Gaza Strip), killing and injuring a number of Palestinians. [Palestinian Ministry of Health reported 27131 fatalities upto 1 February 2024. 65 fatalities not attributed to specific events split across 3 events on 1 Febraury. 22 fatalities coded to this event.]", "fatalities": 22, "tags": null, "timestamp": 1759789988 }, "geometry": { "type": "Point", "coordinates": [ 34.435, 31.5041 ] } },
{ "type": "Feature", "properties": { "event_id_cnty": "PSE46292", "event_date": "2/1/2024", "year": 2024, "time_precision": 1, "disorder_type": "Political violence", "event_type": "Explosions/Remote violence", "sub_event_type": "Air/drone strike", "actor1": "Military Forces of Israel (2022-)", "assoc_actor_1": null, "inter1": 8, "actor2": "Civilians (Palestine)", "assoc_actor_2": null, "inter2": 7, "interaction": 78, "civilian_targeting": "Civilian targeting", "iso": 275, "region": "Middle East", "country": "Palestine", "admin1": "Gaza Strip", "admin2": "Gaza City", "admin3": null, "location": "Gaza - Az Zaytun", "latitude": 31.4964, "longitude": 34.4522, "geo_precision": 1, "source": "Palestine News and Information Agency; Palestinian Ministry of Health", "source_scale": "Other-National", "notes": "On 1 February 2024, Israeli warplanes struck 2 houses in Gaza - Az Zaytun (Gaza City, Gaza Strip), killing a number of Palestinians and injuring dozens. [Palestinian Ministry of Health reported 27131 fatalities upto 1 February 2024. 65 fatalities not attributed to specific events split across 3 events on 1 Febraury. 22 fatalities coded to this event.]", "fatalities": 22, "tags": null, "timestamp": 1759789988 }, "geometry": { "type": "Point", "coordinates": [ 34.4522, 31.4964 ] } },
{ "type": "Feature", "properties": { "event_id_cnty": "PSE46331", "event_date": "2/2/2024", "year": 2024, "time_precision": 1, "disorder_type": "Political violence", "event_type": "Explosions/Remote violence", "sub_event_type": "Air/drone strike", "actor1": "Military Forces of Israel (2022-)", "assoc_actor_1": null, "inter1": 8, "actor2": "Civilians (Palestine)", "assoc_actor_2": "Refugees/IDPs (Palestine)", "inter2": 7, "interaction": 78, "civilian_targeting": "Civilian targeting", "iso": 275, "region": "Middle East", "country": "Palestine", "admin1": "Gaza Strip", "admin2": "Khan Yunis", "admin3": null, "location": "Al Fukhari", "latitude": 31.2952, "longitude": 34.3332, "geo_precision": 1, "source": "Newpress; Palestine News and Information Agency; Quds News Network; Twitter", "source_scale": "New media-National", "notes": "On 2 February 2024, Israeli warplanes carried out strikes near the European hospital in Al Fukhari (Khan Yunis, Gaza Strip), injuring 2 displaced Palestinians.", "fatalities": 0, "tags": null, "timestamp": 1753955113 }, "geometry": { "type": "Point", "coordinates": [ 34.3332, 31.2952 ] } },
{ "type": "Feature", "properties": { "event_id_cnty": "PSE46332", "event_date": "2/2/2024", "year": 2024, "time_precision": 1, "disorder_type": "Political violence", "event_type": "Explosions/Remote violence", "sub_event_type": "Air/drone strike", "actor1": "Military Forces of Israel (2022-)", "assoc_actor_1": null, "inter1": 8, "actor2": "Civilians (Palestine)", "assoc_actor_2": "Aid Workers (Palestine); Palestinian Red Crescent Society; Refugees/IDPs (Palestine)", "inter2": 7, "interaction": 78, "civilian_targeting": "Civilian targeting", "iso": 275, "region": "Middle East", "country": "Palestine", "admin1": "Gaza Strip", "admin2": "Khan Yunis", "admin3": null, "location": "Khan Yunis - West (Municipal Stadium)", "latitude": 31.3484, "longitude": 34.2961, "geo_precision": 2, "source": "Dunia Al Watan; Newpress; Palestine News and Information Agency; Quds News Network; Twitter", "source_scale": "New media-National", "notes": "On 2 February 2024, Israeli warplanes and artillery struck targets (including houses) west of Khan Yunis and near Naser hospital and Al Namsawi (coded to Khan Yunis - West (Municipal Stadium), Gaza Strip). Also, Israeli tanks opened fire toward the PRCS office west of the city, killing 4 Palestinians (including a PRCS worker) and injuring a number of displaced people. The total confirmed fatalities were 4.", "fatalities": 4, "tags": null, "timestamp": 1753955113 }, "geometry": { "type": "Point", "coordinates": [ 34.2961, 31.3484 ] } },
{ "type": "Feature", "properties": { "event_id_cnty": "PSE46345", "event_date": "2/2/2024", "year": 2024, "time_precision": 1, "disorder_type": "Political violence", "event_type": "Explosions/Remote violence", "sub_event_type": "Air/drone strike", "actor1": "Military Forces of Israel (2022-)", "assoc_actor_1": null, "inter1": 8, "actor2": "Civilians (Palestine)", "assoc_actor_2": null, "inter2": 7, "interaction": 78, "civilian_targeting": "Civilian targeting", "iso": 275, "region": "Middle East", "country": "Palestine", "admin1": "Gaza Strip", "admin2": "Khan Yunis", "admin3": null, "location": "Al Mawasi (Khan Yunis)", "latitude": 31.3482, "longitude": 34.2547, "geo_precision": 1, "source": "Newpress; Twitter", "source_scale": "New media-National", "notes": "On 2 February 2024, Israeli warplanes carried out airstrikes in Al Mawasi (Khan Yunis), Gaza Strip, killing a Palestinian.", "fatalities": 1, "tags": null, "timestamp": 1762829569 }, "geometry": { "type": "Point", "coordinates": [ 34.2547, 31.3482 ] } },
{ "type": "Feature", "properties": { "event_id_cnty": "PSE46354", "event_date": "2/2/2024", "year": 2024, "time_precision": 1, "disorder_type": "Political violence", "event_type": "Explosions/Remote violence", "sub_event_type": "Air/drone strike", "actor1": "Military Forces of Israel (2022-)", "assoc_actor_1": null, "inter1": 8, "actor2": "Civilians (Palestine)", "assoc_actor_2": null, "inter2": 7, "interaction": 78, "civilian_targeting": "Civilian targeting", "iso": 275, "region": "Middle East", "country": "Palestine", "admin1": "Gaza Strip", "admin2": "Deir El Balah", "admin3": null, "location": "Az Zawayda", "latitude": 31.4284, "longitude": 34.366, "geo_precision": 1, "source": "Quds News Network; Twitter", "source_scale": "New media-National", "notes": "On 2 February 2024, Israeli warplanes struck a house in Az Zawayda (Deir El Balah, Gaza Strip), injuring a number of Palestinians.", "fatalities": 0, "tags": null, "timestamp": 1767742780 }, "geometry": { "type": "Point", "coordinates": [ 34.366, 31.4284 ] } },
{ "type": "Feature", "properties": { "event_id_cnty": "PSE46863", "event_date": "2/2/2024", "year": 2024, "time_precision": 1, "disorder_type": "Political violence", "event_type": "Violence against civilians", "sub_event_type": "Attack", "actor1": "Military Forces of Israel (2022-)", "assoc_actor_1": null, "inter1": 8, "actor2": "Civilians (Palestine)", "assoc_actor_2": null, "inter2": 7, "interaction": 78, "civilian_targeting": "Civilian targeting", "iso": 275, "region": "Middle East", "country": "Palestine", "admin1": "Gaza Strip", "admin2": "Gaza City", "admin3": null, "location": "Gaza - Az Zaytun", "latitude": 31.4964, "longitude": 34.4522, "geo_precision": 1, "source": "Palestine News and Information Agency", "source_scale": "National", "notes": "On 2 February 2024, Israeli forces targeted several civilians near the Palestine stadium in Gaza - Az Zaytun (Gaza City, Gaza Strip) when they were attempting to restore communication and internet services. Several civilians were killed and others injured. Unspecified number of fatalities coded as 3.", "fatalities": 3, "tags": null, "timestamp": 1759789988 }, "geometry": { "type": "Point", "coordinates": [ 34.4522, 31.4964 ] } },
{ "type": "Feature", "properties": { "event_id_cnty": "PSE46334", "event_date": "2/2/2024", "year": 2024, "time_precision": 1, "disorder_type": "Political violence", "event_type": "Explosions/Remote violence", "sub_event_type": "Shelling/artillery/missile attack", "actor1": "Military Forces of Israel (2022-)", "assoc_actor_1": null, "inter1": 8, "actor2": "Civilians (Palestine)", "assoc_actor_2": "Refugees/IDPs (Palestine)", "inter2": 7, "interaction": 78, "civilian_targeting": "Civilian targeting", "iso": 275, "region": "Middle East", "country": "Palestine", "admin1": "Gaza Strip", "admin2": "Khan Yunis", "admin3": null, "location": "Khan Yunis - Al Amal", "latitude": 31.3544, "longitude": 34.3007, "geo_precision": 1, "source": "AP; Palestine News and Information Agency; Quds News Network; Twitter", "source_scale": "New media-National", "notes": "On 2 February 2024, Israeli tanks struck targets and opened fire in the vicinity of Al Amal hospital in Khan Yunis - Al Amal (Khan Yunis, Gaza Strip), injuring a number of displaced Palestinians and killing four people, including a staff person from Red Crescent.", "fatalities": 4, "tags": null, "timestamp": 1753955113 }, "geometry": { "type": "Point", "coordinates": [ 34.3007, 31.3544 ] } },
{ "type": "Feature", "properties": { "event_id_cnty": "PSE46678", "event_date": "2/3/2024", "year": 2024, "time_precision": 1, "disorder_type": "Political violence", "event_type": "Explosions/Remote violence", "sub_event_type": "Air/drone strike", "actor1": "Military Forces of Israel (2022-)", "assoc_actor_1": null, "inter1": 8, "actor2": "Civilians (Palestine)", "assoc_actor_2": "Refugees/IDPs (Palestine)", "inter2": 7, "interaction": 78, "civilian_targeting": "Civilian targeting", "iso": 275, "region": "Middle East", "country": "Palestine", "admin1": "Gaza Strip", "admin2": "Khan Yunis", "admin3": null, "location": "Al Fukhari", "latitude": 31.2952, "longitude": 34.3332, "geo_precision": 1, "source": "Arab 48; Palestine News and Information Agency; Quds News Network; Twitter", "source_scale": "New media-National", "notes": "On 3 February 2024, Israeli warplanes struck targets in the vicinity of the European Hospital in Al Fukhari (Khan Yunis, Gaza Strip), injuring a displaced person. Also, a Palestinian was killed and 6 more were injured in an airstrikes that targeted a filling station in the same area.", "fatalities": 1, "tags": null, "timestamp": 1753955113 }, "geometry": { "type": "Point", "coordinates": [ 34.3332, 31.2952 ] } },
{ "type": "Feature", "properties": { "event_id_cnty": "PSE46816", "event_date": "2/3/2024", "year": 2024, "time_precision": 1, "disorder_type": "Political violence", "event_type": "Explosions/Remote violence", "sub_event_type": "Air/drone strike", "actor1": "Military Forces of Israel (2022-)", "assoc_actor_1": null, "inter1": 8, "actor2": "Civilians (Palestine)", "assoc_actor_2": "Aid Workers (Palestine); Palestinian Red Crescent Society; Refugees/IDPs (Palestine)", "inter2": 7, "interaction": 78, "civilian_targeting": "Civilian targeting", "iso": 275, "region": "Middle East", "country": "Palestine", "admin1": "Gaza Strip", "admin2": "Khan Yunis", "admin3": null, "location": "Khan Yunis - West (Municipal Stadium)", "latitude": 31.3484, "longitude": 34.2961, "geo_precision": 2, "source": "Quds News Network; Twitter", "source_scale": "New media-National", "notes": "On 3 February 2024, Israeli warplanes and artillery struck targets west of Khan Yunis, in Khan Yunis camp, and near Naser hospital (coded to Khan Yunis - West (Municipal Stadium), Gaza Strip). As a result, 3 Palestinians were killed. Also, 11 displaced persons were injured as Israeli forces fired Smoke bombs at the PRCS office west of the city. The total fatalities were 3.", "fatalities": 3, "tags": null, "timestamp": 1753955113 }, "geometry": { "type": "Point", "coordinates": [ 34.2961, 31.3484 ] } },
{ "type": "Feature", "properties": { "event_id_cnty": "PSE46749", "event_date": "2/3/2024", "year": 2024, "time_precision": 1, "disorder_type": "Political violence", "event_type": "Violence against civilians", "sub_event_type": "Attack", "actor1": "Military Forces of Israel (2022-)", "assoc_actor_1": null, "inter1": 8, "actor2": "Civilians (Palestine)", "assoc_actor_2": null, "inter2": 7, "interaction": 78, "civilian_targeting": "Civilian targeting", "iso": 275, "region": "Middle East", "country": "Palestine", "admin1": "Gaza Strip", "admin2": "Gaza City", "admin3": null, "location": "Gaza - Nasr", "latitude": 31.534, "longitude": 34.4574, "geo_precision": 1, "source": "Ma'an News Agency; Palestine News and Information Agency; Quds News Network; Twitter", "source_scale": "New media-National", "notes": "On 3 February 2024, an Israeli sniper shot dead at least 2 Palestinians in Gaza - Nasr (Gaza City, Gaza Strip) and injured another 2 persons.", "fatalities": 2, "tags": null, "timestamp": 1753955113 }, "geometry": { "type": "Point", "coordinates": [ 34.4574, 31.534 ] } },
{ "type": "Feature", "properties": { "event_id_cnty": "PSE46757", "event_date": "2/3/2024", "year": 2024, "time_precision": 1, "disorder_type": "Political violence", "event_type": "Explosions/Remote violence", "sub_event_type": "Air/drone strike", "actor1": "Military Forces of Israel (2022-)", "assoc_actor_1": null, "inter1": 8, "actor2": "Civilians (Palestine)", "assoc_actor_2": null, "inter2": 7, "interaction": 78, "civilian_targeting": "Civilian targeting", "iso": 275, "region": "Middle East", "country": "Palestine", "admin1": "Gaza Strip", "admin2": "Gaza City", "admin3": null, "location": "Gaza - Southern Remal", "latitude": 31.5168, "longitude": 34.4355, "geo_precision": 1, "source": "Palestine News and Information Agency; Quds News Network; Times of Israel; Twitter", "source_scale": "New media-National", "notes": "On 3 February 2024, Israeli warplanes struck targets, including a house and residential towers in Gaza - Southern Remal (Gaza City, Gaza Strip), killing 10 Palestinians and injuring another 8 persons.", "fatalities": 10, "tags": null, "timestamp": 1759789988 }, "geometry": { "type": "Point", "coordinates": [ 34.4355, 31.5168 ] } },
{ "type": "Feature", "properties": { "event_id_cnty": "PSE46796", "event_date": "2/3/2024", "year": 2024, "time_precision": 1, "disorder_type": "Political violence", "event_type": "Explosions/Remote violence", "sub_event_type": "Air/drone strike", "actor1": "Military Forces of Israel (2022-)", "assoc_actor_1": null, "inter1": 8, "actor2": "Civilians (Palestine)", "assoc_actor_2": "Refugees/IDPs (Palestine)", "inter2": 7, "interaction": 78, "civilian_targeting": "Civilian targeting", "iso": 275, "region": "Middle East", "country": "Palestine", "admin1": "Gaza Strip", "admin2": "Khan Yunis", "admin3": null, "location": "Khan Yunis - Al Amal", "latitude": 31.3544, "longitude": 34.3007, "geo_precision": 1, "source": "Arab 48; Palestinian Ministry of Health; Quds News Network; Twitter", "source_scale": "Other-New media", "notes": "On 3 February 2024, Israeli warplanes struck houses near Al Amal hospital in Khan Yunis - Al Amal (Khan Yunis, Gaza Strip). Meanwhile, Israeli artillery and tanks struck targets and opened fire at the Al Amal hospital hosting displaced people, causing fatalities and injuries. [Palestinian Ministry of Health reported 27365 fatalities upto 3 February 2024. 46 fatalities not attributed to specific events split across 3 events on 3 Febraury. 16 fatalities coded to this event.]", "fatalities": 16, "tags": null, "timestamp": 1753955113 }, "geometry": { "type": "Point", "coordinates": [ 34.3007, 31.3544 ] } },
{ "type": "Feature", "properties": { "event_id_cnty": "PSE46725", "event_date": "2/3/2024", "year": 2024, "time_precision": 1, "disorder_type": "Political violence", "event_type": "Explosions/Remote violence", "sub_event_type": "Air/drone strike", "actor1": "Military Forces of Israel (2022-)", "assoc_actor_1": null, "inter1": 8, "actor2": "Civilians (Palestine)", "assoc_actor_2": null, "inter2": 7, "interaction": 78, "civilian_targeting": "Civilian targeting", "iso": 275, "region": "Middle East", "country": "Palestine", "admin1": "Gaza Strip", "admin2": "Deir El Balah", "admin3": null, "location": "Deir al Balah", "latitude": 31.4178, "longitude": 34.3503, "geo_precision": 1, "source": "Ma'an News Agency; Palestine News and Information Agency; Palestinian Ministry of Health; Quds News Network; Twitter", "source_scale": "Other-New media", "notes": "On 3 February 2024, Israeli warplanes struck houses and a mosque in Deir al Balah city (Deir El Balah, Gaza Strip), causing fatalities and injuries. [Palestinian Ministry of Health reported 27365 fatalities upto 3 February 2024. 46 fatalities not attributed to specific events split across 3 events on 3 Febraury. 15 fatalities coded to this event.]", "fatalities": 15, "tags": null, "timestamp": 1753955113 }, "geometry": { "type": "Point", "coordinates": [ 34.3503, 31.4178 ] } },
{ "type": "Feature", "properties": { "event_id_cnty": "PSE46766", "event_date": "2/3/2024", "year": 2024, "time_precision": 1, "disorder_type": "Political violence", "event_type": "Violence against civilians", "sub_event_type": "Abduction/forced disappearance", "actor1": "Military Forces of Israel (2022-)", "assoc_actor_1": null, "inter1": 8, "actor2": "Civilians (Palestine)", "assoc_actor_2": null, "inter2": 7, "interaction": 78, "civilian_targeting": "Civilian targeting", "iso": 275, "region": "Middle East", "country": "Palestine", "admin1": "Gaza Strip", "admin2": "Gaza City", "admin3": null, "location": "Gaza - Tal el Hawa", "latitude": 31.5041, "longitude": 34.435, "geo_precision": 1, "source": "Ma'an News Agency; Palestine News and Information Agency", "source_scale": "National", "notes": "On 3 February 2024, IDF troops arrested dozens of Palestinians in Gaza - Tal el Hawa (Gaza City, Gaza Strip).", "fatalities": 0, "tags": null, "timestamp": 1772581279 }, "geometry": { "type": "Point", "coordinates": [ 34.435, 31.5041 ] } },
{ "type": "Feature", "properties": { "event_id_cnty": "PSE46842", "event_date": "2/3/2024", "year": 2024, "time_precision": 1, "disorder_type": "Political violence", "event_type": "Explosions/Remote violence", "sub_event_type": "Air/drone strike", "actor1": "Military Forces of Israel (2022-)", "assoc_actor_1": null, "inter1": 8, "actor2": "Civilians (Palestine)", "assoc_actor_2": null, "inter2": 7, "interaction": 78, "civilian_targeting": "Civilian targeting", "iso": 275, "region": "Middle East", "country": "Palestine", "admin1": "Gaza Strip", "admin2": "Rafah", "admin3": null, "location": "Rafah", "latitude": 31.287, "longitude": 34.2595, "geo_precision": 1, "source": "Palestine News and Information Agency; Palestinian Ministry of Health", "source_scale": "Other-National", "notes": "On 3 February 2024, Israeli warplanes struck houses in Qishta area of Rafah city (Rafah, Gaza Strip), causing fatalities and injuries. [Palestinian Ministry of Health reported 27365 fatalities upto 3 February 2024. 46 fatalities not attributed to specific events split across 3 events on 3 Febraury. 15 fatalities coded to this event.]", "fatalities": 15, "tags": null, "timestamp": 1762829569 }, "geometry": { "type": "Point", "coordinates": [ 34.2595, 31.287 ] } },
{ "type": "Feature", "properties": { "event_id_cnty": "PSE46697", "event_date": "2/3/2024", "year": 2024, "time_precision": 1, "disorder_type": "Political violence", "event_type": "Explosions/Remote violence", "sub_event_type": "Air/drone strike", "actor1": "Military Forces of Israel (2022-)", "assoc_actor_1": null, "inter1": 8, "actor2": "Civilians (Palestine)", "assoc_actor_2": "Refugees/IDPs (Palestine)", "inter2": 7, "interaction": 78, "civilian_targeting": "Civilian targeting", "iso": 275, "region": "Middle East", "country": "Palestine", "admin1": "Gaza Strip", "admin2": "Rafah", "admin3": null, "location": "As Salam", "latitude": 31.2678, "longitude": 34.2567, "geo_precision": 1, "source": "Ma'an News Agency; Newpress; Palestine News and Information Agency; Quds News Network; Twitter", "source_scale": "New media-National", "notes": "On 3 February 2024, Israeli warplanes struck a kindergarten and tents hosting displaced people in As Salam (Rafah, Gaza Strip), killing a number of displaced Palestinians, including 2 girls and injuring dozens. Fatalities coded as at least 2.", "fatalities": 2, "tags": null, "timestamp": 1753955113 }, "geometry": { "type": "Point", "coordinates": [ 34.2567, 31.2678 ] } },
{ "type": "Feature", "properties": { "event_id_cnty": "PSE46840", "event_date": "2/3/2024", "year": 2024, "time_precision": 1, "disorder_type": "Political violence", "event_type": "Explosions/Remote violence", "sub_event_type": "Air/drone strike", "actor1": "Military Forces of Israel (2022-)", "assoc_actor_1": null, "inter1": 8, "actor2": "Civilians (Palestine)", "assoc_actor_2": null, "inter2": 7, "interaction": 78, "civilian_targeting": "Civilian targeting", "iso": 275, "region": "Middle East", "country": "Palestine", "admin1": "Gaza Strip", "admin2": "Rafah", "admin3": null, "location": "Al Junainah", "latitude": 31.2642, "longitude": 34.2636, "geo_precision": 1, "source": "Ma'an News Agency; Newpress; Palestine News and Information Agency; PLO Negotiations Affairs Department; Quds News Network; Twitter", "source_scale": "Other-New media", "notes": "On 3 February 2024, Israeli warplanes struck 2 houses in Al Junainah (Rafah, Gaza Strip), killing 26 Palestinians and injuring a number of others. Meanwhile, artillery and tanks shelled targets in the same area. Also, a child was killed and another person was injured in an airstrike that targeted Hasan Salameh tower in the same area. The total fatalities were 27.", "fatalities": 27, "tags": null, "timestamp": 1753955113 }, "geometry": { "type": "Point", "coordinates": [ 34.2636, 31.2642 ] } },
{ "type": "Feature", "properties": { "event_id_cnty": "PSE46672", "event_date": "2/4/2024", "year": 2024, "time_precision": 1, "disorder_type": "Political violence", "event_type": "Explosions/Remote violence", "sub_event_type": "Air/drone strike", "actor1": "Military Forces of Israel (2022-)", "assoc_actor_1": null, "inter1": 8, "actor2": "Civilians (Palestine)", "assoc_actor_2": null, "inter2": 7, "interaction": 78, "civilian_targeting": "Civilian targeting", "iso": 275, "region": "Middle East", "country": "Palestine", "admin1": "Gaza Strip", "admin2": "Khan Yunis", "admin3": null, "location": "Abasan al Jadidah", "latitude": 31.3416, "longitude": 34.3459, "geo_precision": 1, "source": "Quds News Network; Twitter", "source_scale": "New media-National", "notes": "On 4 February 2024, Israeli warplanes struck Palestinians while visiting their houses in Abasan al Jadidah (Khan Yunis, Gaza Strip), killing 2 persons.", "fatalities": 2, "tags": null, "timestamp": 1753955113 }, "geometry": { "type": "Point", "coordinates": [ 34.3459, 31.3416 ] } },
{ "type": "Feature", "properties": { "event_id_cnty": "PSE46690", "event_date": "2/4/2024", "year": 2024, "time_precision": 1, "disorder_type": "Political violence", "event_type": "Explosions/Remote violence", "sub_event_type": "Air/drone strike", "actor1": "Military Forces of Israel (2022-)", "assoc_actor_1": null, "inter1": 8, "actor2": "Civilians (Palestine)", "assoc_actor_2": null, "inter2": 7, "interaction": 78, "civilian_targeting": "Civilian targeting", "iso": 275, "region": "Middle East", "country": "Palestine", "admin1": "Gaza Strip", "admin2": "Rafah", "admin3": null, "location": "An Nasr", "latitude": 31.2814, "longitude": 34.3025, "geo_precision": 1, "source": "Quds News Network; Twitter", "source_scale": "New media-National", "notes": "On 4 February 2024, Israeli warplanes struck a passing wagon in An Nasr (Rafah, Gaza Strip), killing a Palestinian.", "fatalities": 1, "tags": null, "timestamp": 1753955113 }, "geometry": { "type": "Point", "coordinates": [ 34.3025, 31.2814 ] } },
{ "type": "Feature", "properties": { "event_id_cnty": "PSE46705", "event_date": "2/4/2024", "year": 2024, "time_precision": 1, "disorder_type": "Political violence", "event_type": "Explosions/Remote violence", "sub_event_type": "Air/drone strike", "actor1": "Military Forces of Israel (2022-)", "assoc_actor_1": null, "inter1": 8, "actor2": "Civilians (Palestine)", "assoc_actor_2": null, "inter2": 7, "interaction": 78, "civilian_targeting": "Civilian targeting", "iso": 275, "region": "Middle East", "country": "Palestine", "admin1": "Gaza Strip", "admin2": "Khan Yunis", "admin3": null, "location": "Bani Suheila", "latitude": 31.3424, "longitude": 34.325, "geo_precision": 1, "source": "Palestine News and Information Agency; Quds News Network; Twitter", "source_scale": "New media-National", "notes": "On 4 February 2024, Israeli warplanes and artillery struck and destroyed houses in Bani Suheila (Khan Yunis, Gaza Strip). Casualties unknown.", "fatalities": 0, "tags": null, "timestamp": 1753955113 }, "geometry": { "type": "Point", "coordinates": [ 34.325, 31.3424 ] } },
{ "type": "Feature", "properties": { "event_id_cnty": "PSE46755", "event_date": "2/4/2024", "year": 2024, "time_precision": 1, "disorder_type": "Political violence", "event_type": "Explosions/Remote violence", "sub_event_type": "Shelling/artillery/missile attack", "actor1": "Military Forces of Israel (2022-)", "assoc_actor_1": null, "inter1": 8, "actor2": "Civilians (Palestine)", "assoc_actor_2": null, "inter2": 7, "interaction": 78, "civilian_targeting": "Civilian targeting", "iso": 275, "region": "Middle East", "country": "Palestine", "admin1": "Gaza Strip", "admin2": "Gaza City", "admin3": null, "location": "Gaza - Shujaiyya", "latitude": 31.4988, "longitude": 34.4699, "geo_precision": 2, "source": "Newpress; Palestine News and Information Agency; Quds News Network; Twitter", "source_scale": "New media-National", "notes": "On 4 February 2024, Israeli artillery fired shells toward a group of Palestinians visiting their houses in the Al Shaab area east of Gaza - Shujaiyya (Gaza City, Gaza Strip), injuring 3 Palestinians.", "fatalities": 0, "tags": null, "timestamp": 1759789988 }, "geometry": { "type": "Point", "coordinates": [ 34.4699, 31.4988 ] } },
{ "type": "Feature", "properties": { "event_id_cnty": "PSE46760", "event_date": "2/4/2024", "year": 2024, "time_precision": 1, "disorder_type": "Political violence", "event_type": "Explosions/Remote violence", "sub_event_type": "Air/drone strike", "actor1": "Military Forces of Israel (2022-)", "assoc_actor_1": null, "inter1": 8, "actor2": "Civilians (Palestine)", "assoc_actor_2": null, "inter2": 7, "interaction": 78, "civilian_targeting": "Civilian targeting", "iso": 275, "region": "Middle East", "country": "Palestine", "admin1": "Gaza Strip", "admin2": "Gaza City", "admin3": null, "location": "Gaza - Northern Remal", "latitude": 31.524, "longitude": 34.4505, "geo_precision": 1, "source": "Newpress; Palestine News and Information Agency; Quds News Network; Twitter", "source_scale": "New media-National", "notes": "On 4 February 2024, Israeli UAV struck targets in Gaza - Northern Remal (Gaza City, Gaza Strip), injuring a number of Palestinians. Meanwhile, tanks and artillery shelled targets and opened fire in the vicinity of Al Shifa hospital in the same area. Also, 4 Palestinians were killed in an airstrikes that targeted a house in the same area. The total fatalities were 4.", "fatalities": 4, "tags": null, "timestamp": 1759789988 }, "geometry": { "type": "Point", "coordinates": [ 34.4505, 31.524 ] } },
{ "type": "Feature", "properties": { "event_id_cnty": "PSE46761", "event_date": "2/4/2024", "year": 2024, "time_precision": 1, "disorder_type": "Political violence", "event_type": "Violence against civilians", "sub_event_type": "Attack", "actor1": "Military Forces of Israel (2022-)", "assoc_actor_1": null, "inter1": 8, "actor2": "Civilians (Palestine)", "assoc_actor_2": "Refugees/IDPs (Palestine)", "inter2": 7, "interaction": 78, "civilian_targeting": "Civilian targeting", "iso": 275, "region": "Middle East", "country": "Palestine", "admin1": "Gaza Strip", "admin2": "Gaza City", "admin3": null, "location": "Gaza - Northern Remal", "latitude": 31.524, "longitude": 34.4505, "geo_precision": 1, "source": "Palestine News and Information Agency; Quds News Network; Twitter", "source_scale": "New media-National", "notes": "On 4 February 2024, Israeli snipers opened fire at Al Shifa hospital in Gaza - Northern Remal (Gaza City, Gaza Strip), killing a displaced Palestinian.", "fatalities": 1, "tags": null, "timestamp": 1759789988 }, "geometry": { "type": "Point", "coordinates": [ 34.4505, 31.524 ] } },
{ "type": "Feature", "properties": { "event_id_cnty": "PSE46797", "event_date": "2/4/2024", "year": 2024, "time_precision": 1, "disorder_type": "Political violence", "event_type": "Violence against civilians", "sub_event_type": "Attack", "actor1": "Military Forces of Israel (2022-)", "assoc_actor_1": null, "inter1": 8, "actor2": "Civilians (Palestine)", "assoc_actor_2": "Refugees/IDPs (Palestine)", "inter2": 7, "interaction": 78, "civilian_targeting": "Civilian targeting", "iso": 275, "region": "Middle East", "country": "Palestine", "admin1": "Gaza Strip", "admin2": "Khan Yunis", "admin3": null, "location": "Khan Yunis - Al Amal", "latitude": 31.3544, "longitude": 34.3007, "geo_precision": 1, "source": "Palestine News and Information Agency; Quds News Network; Twitter", "source_scale": "New media-National", "notes": "On 4 February 2024, Israeli forces opened fire and injured 2 displaced people in Al Amal hospital in Khan Yunis - Al Amal (Khan Yunis, Gaza Strip). Fatalities unknown.", "fatalities": 0, "tags": null, "timestamp": 1753955113 }, "geometry": { "type": "Point", "coordinates": [ 34.3007, 31.3544 ] } },
{ "type": "Feature", "properties": { "event_id_cnty": "PSE46809", "event_date": "2/4/2024", "year": 2024, "time_precision": 1, "disorder_type": "Political violence", "event_type": "Explosions/Remote violence", "sub_event_type": "Air/drone strike", "actor1": "Military Forces of Israel (2022-)", "assoc_actor_1": null, "inter1": 8, "actor2": "Civilians (Palestine)", "assoc_actor_2": null, "inter2": 7, "interaction": 78, "civilian_targeting": "Civilian targeting", "iso": 275, "region": "Middle East", "country": "Palestine", "admin1": "Gaza Strip", "admin2": "Khan Yunis", "admin3": null, "location": "Khan Yunis - City Centre", "latitude": 31.3419, "longitude": 34.3015, "geo_precision": 1, "source": "Newpress; Palestine News and Information Agency; Quds News Network; Twitter", "source_scale": "New media-National", "notes": "On 4 February 2024, Israeli warplanes struck a group of people while attempting to reach their houses in Al Tahliya area in Khan Yunis - City Centre (Khan Yunis, Gaza Strip), killing 2 Palestinians. Also, artillery struck targets in the same area.", "fatalities": 2, "tags": null, "timestamp": 1753955113 }, "geometry": { "type": "Point", "coordinates": [ 34.3015, 31.3419 ] } },
{ "type": "Feature", "properties": { "event_id_cnty": "PSE46813", "event_date": "2/4/2024", "year": 2024, "time_precision": 1, "disorder_type": "Political violence", "event_type": "Explosions/Remote violence", "sub_event_type": "Air/drone strike", "actor1": "Military Forces of Israel (2022-)", "assoc_actor_1": null, "inter1": 8, "actor2": "Civilians (Palestine)", "assoc_actor_2": null, "inter2": 7, "interaction": 78, "civilian_targeting": "Civilian targeting", "iso": 275, "region": "Middle East", "country": "Palestine", "admin1": "Gaza Strip", "admin2": "Khan Yunis", "admin3": null, "location": "Bani Suheila", "latitude": 31.3424, "longitude": 34.325, "geo_precision": 2, "source": "Palestine News and Information Agency; PLO Negotiations Affairs Department", "source_scale": "Other-National", "notes": "On 4 February 2024, Israeli warplanes, artillery and tanks shelled targets east of Khan Yunis, coded to Bani Suheila (Khan Yunis, Gaza Strip), causing fire to Palestinian houses. Casualties unknown.", "fatalities": 0, "tags": null, "timestamp": 1753955113 }, "geometry": { "type": "Point", "coordinates": [ 34.325, 31.3424 ] } },
{ "type": "Feature", "properties": { "event_id_cnty": "PSE46818", "event_date": "2/4/2024", "year": 2024, "time_precision": 1, "disorder_type": "Political violence", "event_type": "Explosions/Remote violence", "sub_event_type": "Air/drone strike", "actor1": "Military Forces of Israel (2022-)", "assoc_actor_1": null, "inter1": 8, "actor2": "Civilians (Palestine)", "assoc_actor_2": null, "inter2": 7, "interaction": 78, "civilian_targeting": "Civilian targeting", "iso": 275, "region": "Middle East", "country": "Palestine", "admin1": "Gaza Strip", "admin2": "Khan Yunis", "admin3": null, "location": "Khan Yunis - West (Municipal Stadium)", "latitude": 31.3484, "longitude": 34.2961, "geo_precision": 2, "source": "Quds News Network; Twitter", "source_scale": "New media-National", "notes": "On 4 February 2024, Israeli warplane struck targets west of Khan Yunis, including in the vicinity of Al Aqsa University and Al Namsawi area (coded to Khan Yunis - West (Municipal Stadium), Gaza Strip). 10 persons were killed in Khan Yunis (coded to this location).", "fatalities": 10, "tags": null, "timestamp": 1753955113 }, "geometry": { "type": "Point", "coordinates": [ 34.2961, 31.3484 ] } },
{ "type": "Feature", "properties": { "event_id_cnty": "PSE46692", "event_date": "2/4/2024", "year": 2024, "time_precision": 1, "disorder_type": "Political violence", "event_type": "Explosions/Remote violence", "sub_event_type": "Air/drone strike", "actor1": "Military Forces of Israel (2022-)", "assoc_actor_1": null, "inter1": 8, "actor2": "Civilians (Palestine)", "assoc_actor_2": "Refugees/IDPs (Palestine)", "inter2": 7, "interaction": 78, "civilian_targeting": "Civilian targeting", "iso": 275, "region": "Middle East", "country": "Palestine", "admin1": "Gaza Strip", "admin2": "Deir El Balah", "admin3": null, "location": "An Nusayrat", "latitude": 31.4486, "longitude": 34.3925, "geo_precision": 1, "source": "Ma'an News Agency; Palestine News and Information Agency", "source_scale": "National", "notes": "On 4 February 2024, Israeli warplanes struck a house in An Nusayrat refugee camp (Deir El Balah, Gaza Strip), injuring a number of Palestinians.", "fatalities": 0, "tags": null, "timestamp": 1753955113 }, "geometry": { "type": "Point", "coordinates": [ 34.3925, 31.4486 ] } },
{ "type": "Feature", "properties": { "event_id_cnty": "PSE46728", "event_date": "2/4/2024", "year": 2024, "time_precision": 1, "disorder_type": "Political violence", "event_type": "Explosions/Remote violence", "sub_event_type": "Air/drone strike", "actor1": "Military Forces of Israel (2022-)", "assoc_actor_1": null, "inter1": 8, "actor2": "Civilians (Palestine)", "assoc_actor_2": null, "inter2": 7, "interaction": 78, "civilian_targeting": "Civilian targeting", "iso": 275, "region": "Middle East", "country": "Palestine", "admin1": "Gaza Strip", "admin2": "Deir El Balah", "admin3": null, "location": "Deir al Balah", "latitude": 31.4178, "longitude": 34.3503, "geo_precision": 1, "source": "Newpress; Palestine News and Information Agency; Quds News Network; Twitter", "source_scale": "New media-National", "notes": "On 4 February 2024, Israeli warplanes struck a house in Al Haker and Al Barakah areas of Deir al Balah city (Deir El Balah, Gaza Strip), killing 10 Palestinians and injuring a number of others, including children.", "fatalities": 10, "tags": null, "timestamp": 1753955113 }, "geometry": { "type": "Point", "coordinates": [ 34.3503, 31.4178 ] } },
{ "type": "Feature", "properties": { "event_id_cnty": "PSE46729", "event_date": "2/4/2024", "year": 2024, "time_precision": 1, "disorder_type": "Political violence", "event_type": "Explosions/Remote violence", "sub_event_type": "Air/drone strike", "actor1": "Military Forces of Israel (2022-)", "assoc_actor_1": null, "inter1": 8, "actor2": "Civilians (Palestine)", "assoc_actor_2": null, "inter2": 7, "interaction": 78, "civilian_targeting": "Civilian targeting", "iso": 275, "region": "Middle East", "country": "Palestine", "admin1": "Gaza Strip", "admin2": "Deir El Balah", "admin3": null, "location": "Al Musaddar", "latitude": 31.4105, "longitude": 34.378, "geo_precision": 2, "source": "Newpress; Palestine News and Information Agency; Quds News Network; Twitter", "source_scale": "New media-National", "notes": "On 4 February 2024, Israeli warplanes struck houses west of Deir al Balah city (coded to Al Musaddar, Gaza Strip), leaving 15 fatalities and dozens of injuries in Deir al Balah city. Fatalities split across 2 evetns, and 8 fatalities coded to this event.", "fatalities": 8, "tags": null, "timestamp": 1765850627 }, "geometry": { "type": "Point", "coordinates": [ 34.378, 31.4105 ] } },
{ "type": "Feature", "properties": { "event_id_cnty": "PSE46734", "event_date": "2/4/2024", "year": 2024, "time_precision": 1, "disorder_type": "Political violence", "event_type": "Explosions/Remote violence", "sub_event_type": "Air/drone strike", "actor1": "Military Forces of Israel (2022-)", "assoc_actor_1": null, "inter1": 8, "actor2": "Civilians (Palestine)", "assoc_actor_2": "Refugees/IDPs (Palestine)", "inter2": 7, "interaction": 78, "civilian_targeting": "Civilian targeting", "iso": 275, "region": "Middle East", "country": "Palestine", "admin1": "Gaza Strip", "admin2": "Deir El Balah", "admin3": null, "location": "Deir al Balah Camp", "latitude": 31.4249, "longitude": 34.34, "geo_precision": 1, "source": "Quds News Network; Twitter", "source_scale": "New media-National", "notes": "On 4 February 2024, Israeli warplanes struck a house in Deir al Balah Camp (Deir El Balah, Gaza Strip). Casualties unknown.", "fatalities": 0, "tags": null, "timestamp": 1765850627 }, "geometry": { "type": "Point", "coordinates": [ 34.34, 31.4249 ] } },
{ "type": "Feature", "properties": { "event_id_cnty": "PSE46716", "event_date": "2/4/2024", "year": 2024, "time_precision": 1, "disorder_type": "Political violence", "event_type": "Explosions/Remote violence", "sub_event_type": "Air/drone strike", "actor1": "Military Forces of Israel (2022-)", "assoc_actor_1": null, "inter1": 8, "actor2": "Civilians (Palestine)", "assoc_actor_2": null, "inter2": 7, "interaction": 78, "civilian_targeting": "Civilian targeting", "iso": 275, "region": "Middle East", "country": "Palestine", "admin1": "Gaza Strip", "admin2": "North Gaza", "admin3": null, "location": "Beit Lahiya - Al Salateen", "latitude": 31.5558, "longitude": 34.4814, "geo_precision": 1, "source": "Quds News Network; Twitter", "source_scale": "New media-National", "notes": "On 4 February 2024, Israeli warplanes struck a group of Palestinians in Beit Lahiya - Al Salateen (North Gaza, Gaza Strip). Casualties unknown.", "fatalities": 0, "tags": null, "timestamp": 1753955113 }, "geometry": { "type": "Point", "coordinates": [ 34.4814, 31.5558 ] } },
{ "type": "Feature", "properties": { "event_id_cnty": "PSE46750", "event_date": "2/4/2024", "year": 2024, "time_precision": 1, "disorder_type": "Political violence", "event_type": "Explosions/Remote violence", "sub_event_type": "Air/drone strike", "actor1": "Military Forces of Israel (2022-)", "assoc_actor_1": null, "inter1": 8, "actor2": "Civilians (Palestine)", "assoc_actor_2": null, "inter2": 7, "interaction": 78, "civilian_targeting": "Civilian targeting", "iso": 275, "region": "Middle East", "country": "Palestine", "admin1": "Gaza Strip", "admin2": "Gaza City", "admin3": null, "location": "Gaza - Sabra", "latitude": 31.5086, "longitude": 34.4493, "geo_precision": 1, "source": "Newpress; Palestine News and Information Agency; Quds News Network; Twitter", "source_scale": "New media-National", "notes": "On 4 February 2024, Israeli warplanes carried out airstrikes in Gaza - Sabra (Gaza City, Gaza Strip), leaving 2 fatalities. Also, warplanes struck the vicinity of Abu Baker mosque. Fatalities were 2.", "fatalities": 2, "tags": null, "timestamp": 1759789988 }, "geometry": { "type": "Point", "coordinates": [ 34.4493, 31.5086 ] } },
{ "type": "Feature", "properties": { "event_id_cnty": "PSE46843", "event_date": "2/4/2024", "year": 2024, "time_precision": 1, "disorder_type": "Political violence", "event_type": "Explosions/Remote violence", "sub_event_type": "Air/drone strike", "actor1": "Military Forces of Israel (2022-)", "assoc_actor_1": null, "inter1": 8, "actor2": "Civilians (Palestine)", "assoc_actor_2": null, "inter2": 7, "interaction": 78, "civilian_targeting": "Civilian targeting", "iso": 275, "region": "Middle East", "country": "Palestine", "admin1": "Gaza Strip", "admin2": "Rafah", "admin3": null, "location": "Yibna", "latitude": 31.2842, "longitude": 34.2482, "geo_precision": 2, "source": "Jerusalem Post; Palestine News and Information Agency; Palestinian Ministry of Health; PLO Negotiations Affairs Department; Quds News Network; Twitter", "source_scale": "Other-New media", "notes": "On 4 February 2024, Israeli warplanes struck a civilian passing car east of Rafah city (coded to Yibna, Gaza Strip), killing and injuring a number of Palestinians. Meanwhile, artillery and tanks shelled targets in the same area. Casualties unknown. [Palestinian Ministry of Health reported 27478 fatalities upto 4 February. 51 fatalities not attributed to specific events added to 1 event on 4 February. 51 fatalities coded to this event.]", "fatalities": 51, "tags": null, "timestamp": 1753955113 }, "geometry": { "type": "Point", "coordinates": [ 34.2482, 31.2842 ] } },
{ "type": "Feature", "properties": { "event_id_cnty": "PSE46747", "event_date": "2/4/2024", "year": 2024, "time_precision": 1, "disorder_type": "Political violence", "event_type": "Explosions/Remote violence", "sub_event_type": "Air/drone strike", "actor1": "Military Forces of Israel (2022-)", "assoc_actor_1": null, "inter1": 8, "actor2": "Civilians (Palestine)", "assoc_actor_2": null, "inter2": 7, "interaction": 78, "civilian_targeting": "Civilian targeting", "iso": 275, "region": "Middle East", "country": "Palestine", "admin1": "Gaza Strip", "admin2": "Gaza City", "admin3": null, "location": "Gaza - Az Zaytun", "latitude": 31.4964, "longitude": 34.4522, "geo_precision": 1, "source": "Quds News Network; Twitter", "source_scale": "New media-National", "notes": "On 4 February 2024, Israeli warplanes struck a house in street 8 of Gaza - Az Zaytun (Gaza City, Gaza Strip). Casualties unknown.", "fatalities": 0, "tags": null, "timestamp": 1759789988 }, "geometry": { "type": "Point", "coordinates": [ 34.4522, 31.4964 ] } },
{ "type": "Feature", "properties": { "event_id_cnty": "PSE46769", "event_date": "2/4/2024", "year": 2024, "time_precision": 1, "disorder_type": "Political violence", "event_type": "Explosions/Remote violence", "sub_event_type": "Air/drone strike", "actor1": "Military Forces of Israel (2022-)", "assoc_actor_1": null, "inter1": 8, "actor2": "Civilians (Palestine)", "assoc_actor_2": "Health Workers (Palestine)", "inter2": 7, "interaction": 78, "civilian_targeting": "Civilian targeting", "iso": 275, "region": "Middle East", "country": "Palestine", "admin1": "Gaza Strip", "admin2": "Gaza City", "admin3": null, "location": "Gaza - Tal el Hawa", "latitude": 31.5041, "longitude": 34.435, "geo_precision": 1, "source": "Palestine News and Information Agency; Quds News Network; Twitter", "source_scale": "New media-National", "notes": "On 4 February 2024, Israeli warplanes struck the al-Wala pharmacy in Gaza - Tal el Hawa (Gaza City, Gaza Strip), injuring 4 Palestinians. Also, 3 Palestinians were killed in an airstrike that targeted them in Al Saraya and Al Tayaran in Tel el Hawa. The total fatalities were 3.", "fatalities": 3, "tags": null, "timestamp": 1759789988 }, "geometry": { "type": "Point", "coordinates": [ 34.435, 31.5041 ] } },
{ "type": "Feature", "properties": { "event_id_cnty": "PSE46805", "event_date": "2/4/2024", "year": 2024, "time_precision": 1, "disorder_type": "Political violence", "event_type": "Explosions/Remote violence", "sub_event_type": "Air/drone strike", "actor1": "Military Forces of Israel (2022-)", "assoc_actor_1": null, "inter1": 8, "actor2": "Civilians (Palestine)", "assoc_actor_2": null, "inter2": 7, "interaction": 78, "civilian_targeting": "Civilian targeting", "iso": 275, "region": "Middle East", "country": "Palestine", "admin1": "Gaza Strip", "admin2": "Khan Yunis", "admin3": null, "location": "Khan Yunis - Jourat Al-Loot", "latitude": 31.3314, "longitude": 34.3004, "geo_precision": 2, "source": "Newpress; Palestine News and Information Agency; Twitter", "source_scale": "New media-National", "notes": "On 4 February 2024, Israeli warplanes and artillery shelled targets south of Khan Yunis, coded to Khan Yunis - Jourat Al-Loot (Khan Yunis, Gaza Strip), causing fire to Palestinian houses. Casualties unknown.", "fatalities": 0, "tags": null, "timestamp": 1753955113 }, "geometry": { "type": "Point", "coordinates": [ 34.3004, 31.3314 ] } },
{ "type": "Feature", "properties": { "event_id_cnty": "PSE46746", "event_date": "2/4/2024", "year": 2024, "time_precision": 1, "disorder_type": "Political violence", "event_type": "Violence against civilians", "sub_event_type": "Attack", "actor1": "Military Forces of Israel (2022-)", "assoc_actor_1": null, "inter1": 8, "actor2": "Civilians (Palestine)", "assoc_actor_2": null, "inter2": 7, "interaction": 78, "civilian_targeting": "Civilian targeting", "iso": 275, "region": "Middle East", "country": "Palestine", "admin1": "Gaza Strip", "admin2": "Gaza City", "admin3": null, "location": "Gaza - Az Zaytun", "latitude": 31.4964, "longitude": 34.4522, "geo_precision": 1, "source": "Quds News Network; Twitter", "source_scale": "New media-National", "notes": "On 4 February 2024, Israeli forces opened fire and injured a number of Palestinians while waiting aid trucks at the Kuwait roundabout in Gaza - Az Zaytun (Gaza City, Gaza Strip). This event involved violence over aid.", "fatalities": 0, "tags": null, "timestamp": 1759789988 }, "geometry": { "type": "Point", "coordinates": [ 34.4522, 31.4964 ] } },
{ "type": "Feature", "properties": { "event_id_cnty": "PSE46707", "event_date": "2/5/2024", "year": 2024, "time_precision": 1, "disorder_type": "Political violence", "event_type": "Explosions/Remote violence", "sub_event_type": "Air/drone strike", "actor1": "Military Forces of Israel (2022-)", "assoc_actor_1": null, "inter1": 8, "actor2": "Civilians (Palestine)", "assoc_actor_2": null, "inter2": 7, "interaction": 78, "civilian_targeting": "Civilian targeting", "iso": 275, "region": "Middle East", "country": "Palestine", "admin1": "Gaza Strip", "admin2": "Khan Yunis", "admin3": null, "location": "Bani Suheila", "latitude": 31.3424, "longitude": 34.325, "geo_precision": 1, "source": "Newpress; Quds News Network; Twitter", "source_scale": "New media-National", "notes": "On 5 February 2024, an Israeli warplane struck and killed a Palestinian woman in Bani Suheila (Khan Yunis, Gaza Strip).", "fatalities": 1, "tags": null, "timestamp": 1753955113 }, "geometry": { "type": "Point", "coordinates": [ 34.325, 31.3424 ] } },
{ "type": "Feature", "properties": { "event_id_cnty": "PSE46820", "event_date": "2/5/2024", "year": 2024, "time_precision": 1, "disorder_type": "Political violence", "event_type": "Explosions/Remote violence", "sub_event_type": "Air/drone strike", "actor1": "Military Forces of Israel (2022-)", "assoc_actor_1": null, "inter1": 8, "actor2": "Civilians (Palestine)", "assoc_actor_2": null, "inter2": 7, "interaction": 78, "civilian_targeting": "Civilian targeting", "iso": 275, "region": "Middle East", "country": "Palestine", "admin1": "Gaza Strip", "admin2": "Khan Yunis", "admin3": null, "location": "Khan Yunis - West (Municipal Stadium)", "latitude": 31.3484, "longitude": 34.2961, "geo_precision": 2, "source": "Newpress; Palestine News and Information Agency; Quds News Network; Twitter", "source_scale": "New media-National", "notes": "On 5 February 2024, Israeli warplanes struck targets (including houses) and opened fire in the vicinity of Naser hospital and Khan Yunis camp and west of Khan Yunis (coded to Khan Yunis - West (Municipal Stadium), Gaza Strip). Meanwhile, artillery shelled targets in the same area. As a result, 14 Palestinians including children were killed.", "fatalities": 14, "tags": null, "timestamp": 1753955113 }, "geometry": { "type": "Point", "coordinates": [ 34.2961, 31.3484 ] } },
{ "type": "Feature", "properties": { "event_id_cnty": "PSE46821", "event_date": "2/5/2024", "year": 2024, "time_precision": 1, "disorder_type": "Political violence", "event_type": "Violence against civilians", "sub_event_type": "Attack", "actor1": "Military Forces of Israel (2022-)", "assoc_actor_1": null, "inter1": 8, "actor2": "Civilians (Palestine)", "assoc_actor_2": "Refugees/IDPs (Palestine)", "inter2": 7, "interaction": 78, "civilian_targeting": "Civilian targeting", "iso": 275, "region": "Middle East", "country": "Palestine", "admin1": "Gaza Strip", "admin2": "Khan Yunis", "admin3": null, "location": "Khan Yunis - West (Municipal Stadium)", "latitude": 31.3484, "longitude": 34.2961, "geo_precision": 2, "source": "Arab 48; Newpress; Palestine News and Information Agency; Quds News Network; Twitter", "source_scale": "New media-National", "notes": "On 5 February 2024, Israeli snipers opened fire toward the Al Zahra school hosting displaced people, west of Khan Yunis (coded to Khan Yunis - West (Municipal Stadium), Gaza Strip), killing a Palestinian and injuring another one.", "fatalities": 1, "tags": null, "timestamp": 1753955113 }, "geometry": { "type": "Point", "coordinates": [ 34.2961, 31.3484 ] } },
{ "type": "Feature", "properties": { "event_id_cnty": "PSE46700", "event_date": "2/5/2024", "year": 2024, "time_precision": 1, "disorder_type": "Political violence", "event_type": "Explosions/Remote violence", "sub_event_type": "Air/drone strike", "actor1": "Military Forces of Israel (2022-)", "assoc_actor_1": null, "inter1": 8, "actor2": "Civilians (Palestine)", "assoc_actor_2": null, "inter2": 7, "interaction": 78, "civilian_targeting": "Civilian targeting", "iso": 275, "region": "Middle East", "country": "Palestine", "admin1": "Gaza Strip", "admin2": "Deir El Balah", "admin3": null, "location": "Az Zawayda", "latitude": 31.4284, "longitude": 34.366, "geo_precision": 1, "source": "Palestine News and Information Agency; Quds News Network; Twitter", "source_scale": "New media-National", "notes": "On 5 February 2024, Israeli warplanes struck a house in Az Zawayda (Deir El Balah, Gaza Strip), killing 8 Palestinians, including children.", "fatalities": 8, "tags": null, "timestamp": 1767742780 }, "geometry": { "type": "Point", "coordinates": [ 34.366, 31.4284 ] } },
{ "type": "Feature", "properties": { "event_id_cnty": "PSE46731", "event_date": "2/5/2024", "year": 2024, "time_precision": 1, "disorder_type": "Political violence", "event_type": "Explosions/Remote violence", "sub_event_type": "Air/drone strike", "actor1": "Military Forces of Israel (2022-)", "assoc_actor_1": null, "inter1": 8, "actor2": "Civilians (Palestine)", "assoc_actor_2": null, "inter2": 7, "interaction": 78, "civilian_targeting": "Civilian targeting", "iso": 275, "region": "Middle East", "country": "Palestine", "admin1": "Gaza Strip", "admin2": "Deir El Balah", "admin3": null, "location": "Deir al Balah", "latitude": 31.4178, "longitude": 34.3503, "geo_precision": 1, "source": "Newpress; Palestine News and Information Agency; Quds News Network; Twitter", "source_scale": "New media-National", "notes": "On 5 February 2024, Israeli warplanes struck a house in Al Haker area of Deir al Balah city (Deir El Balah, Gaza Strip), killing at least 4 Palestinians and injuring a number of others.", "fatalities": 4, "tags": null, "timestamp": 1753955113 }, "geometry": { "type": "Point", "coordinates": [ 34.3503, 31.4178 ] } },
{ "type": "Feature", "properties": { "event_id_cnty": "PSE46676", "event_date": "2/5/2024", "year": 2024, "time_precision": 1, "disorder_type": "Political violence", "event_type": "Explosions/Remote violence", "sub_event_type": "Air/drone strike", "actor1": "Military Forces of Israel (2022-)", "assoc_actor_1": null, "inter1": 8, "actor2": "Civilians (Palestine)", "assoc_actor_2": "Refugees/IDPs (Palestine)", "inter2": 7, "interaction": 78, "civilian_targeting": "Civilian targeting", "iso": 275, "region": "Middle East", "country": "Palestine", "admin1": "Gaza Strip", "admin2": "Deir El Balah", "admin3": null, "location": "Al Burayj", "latitude": 31.4394, "longitude": 34.4031, "geo_precision": 2, "source": "Newpress; Palestinian Ministry of Health; Quds News Network; Twitter", "source_scale": "Other-New media", "notes": "On 5 February 2024, Israeli warplanes opened fire east of Al Burayj camp (Deir El Balah, Gaza Strip), killing and injuring a number of Palestinians. [Palestinian Ministry of Health reported 27585 fatalities upto 5 February 2024. 34 fatalities not attributed to specific events split across 3 events on 5 Febraury. 12 fatalities coded to this event.]", "fatalities": 12, "tags": null, "timestamp": 1753955113 }, "geometry": { "type": "Point", "coordinates": [ 34.4031, 31.4394 ] } },
{ "type": "Feature", "properties": { "event_id_cnty": "PSE46693", "event_date": "2/5/2024", "year": 2024, "time_precision": 1, "disorder_type": "Political violence", "event_type": "Explosions/Remote violence", "sub_event_type": "Air/drone strike", "actor1": "Military Forces of Israel (2022-)", "assoc_actor_1": null, "inter1": 8, "actor2": "Civilians (Palestine)", "assoc_actor_2": "Refugees/IDPs (Palestine)", "inter2": 7, "interaction": 78, "civilian_targeting": "Civilian targeting", "iso": 275, "region": "Middle East", "country": "Palestine", "admin1": "Gaza Strip", "admin2": "Deir El Balah", "admin3": null, "location": "An Nusayrat", "latitude": 31.4486, "longitude": 34.3925, "geo_precision": 1, "source": "Palestine News and Information Agency; Palestinian Ministry of Health; Quds News Network; Twitter", "source_scale": "Other-New media", "notes": "On 5 February 2024, Israeli warplanes and artillery struck targets in An Nusayrat refugee camp (Deir El Balah, Gaza Strip), killing and injuring a number of Palestinians. [Palestinian Ministry of Health reported 27585 fatalities upto 5 February 2024. 34 fatalities not attributed to specific events split across 3 events on 5 Febraury. 11 fatalities coded to this event.]", "fatalities": 11, "tags": null, "timestamp": 1753955113 }, "geometry": { "type": "Point", "coordinates": [ 34.3925, 31.4486 ] } },
{ "type": "Feature", "properties": { "event_id_cnty": "PSE46799", "event_date": "2/5/2024", "year": 2024, "time_precision": 1, "disorder_type": "Political violence", "event_type": "Explosions/Remote violence", "sub_event_type": "Shelling/artillery/missile attack", "actor1": "Military Forces of Israel (2022-)", "assoc_actor_1": null, "inter1": 8, "actor2": "Civilians (Palestine)", "assoc_actor_2": null, "inter2": 7, "interaction": 78, "civilian_targeting": "Civilian targeting", "iso": 275, "region": "Middle East", "country": "Palestine", "admin1": "Gaza Strip", "admin2": "Khan Yunis", "admin3": null, "location": "Khan Yunis - Al Amal", "latitude": 31.3544, "longitude": 34.3007, "geo_precision": 1, "source": "Palestine News and Information Agency; Palestinian Ministry of Health", "source_scale": "Other-National", "notes": "On 5 February 2024, Israeli artillery and tanks struck targets in Khan Yunis - Al Amal, including the vicinity of Al Amal hospital (Khan Yunis, Gaza Strip), killing and injuring a number of Palestinians. [Palestinian Ministry of Health reported 27585 fatalities upto 5 February 2024. 34 fatalities not attributed to specific events split across 3 events on 5 Febraury. 11 fatalities coded to this event.]", "fatalities": 11, "tags": null, "timestamp": 1753955113 }, "geometry": { "type": "Point", "coordinates": [ 34.3007, 31.3544 ] } },
{ "type": "Feature", "properties": { "event_id_cnty": "PSE46685", "event_date": "2/5/2024", "year": 2024, "time_precision": 1, "disorder_type": "Political violence", "event_type": "Explosions/Remote violence", "sub_event_type": "Air/drone strike", "actor1": "Military Forces of Israel (2022-)", "assoc_actor_1": null, "inter1": 8, "actor2": "Civilians (Palestine)", "assoc_actor_2": null, "inter2": 7, "interaction": 78, "civilian_targeting": "Civilian targeting", "iso": 275, "region": "Middle East", "country": "Palestine", "admin1": "Gaza Strip", "admin2": "Gaza City", "admin3": null, "location": "Al Mughraqa", "latitude": 31.4675, "longitude": 34.4097, "geo_precision": 2, "source": "Palestine News and Information Agency; Quds News Network; Twitter", "source_scale": "New media-National", "notes": "On 5 February 2024, an Israeli UAV opened fire at Palestinians near Wadi Gaza bridge, coded to Al Mughraqa (Gaza City, Gaza Strip), injuring a number of them.", "fatalities": 0, "tags": null, "timestamp": 1753955113 }, "geometry": { "type": "Point", "coordinates": [ 34.4097, 31.4675 ] } },
{ "type": "Feature", "properties": { "event_id_cnty": "PSE46786", "event_date": "2/5/2024", "year": 2024, "time_precision": 1, "disorder_type": "Political violence", "event_type": "Explosions/Remote violence", "sub_event_type": "Air/drone strike", "actor1": "Military Forces of Israel (2022-)", "assoc_actor_1": null, "inter1": 8, "actor2": "Civilians (Palestine)", "assoc_actor_2": null, "inter2": 7, "interaction": 78, "civilian_targeting": "Civilian targeting", "iso": 275, "region": "Middle East", "country": "Palestine", "admin1": "Gaza Strip", "admin2": "North Gaza", "admin3": null, "location": "Jabalya - Tel-Zaatar", "latitude": 31.5367, "longitude": 34.5035, "geo_precision": 1, "source": "Palestine News and Information Agency; Quds News Network; Twitter", "source_scale": "New media-National", "notes": "On 5 February 2024, Israeli warplanes carried out strikes in Jabalya - Tel-Zaatar (North Gaza, Gaza Strip), killing 2 Palestinians and injuring a number of others.", "fatalities": 2, "tags": null, "timestamp": 1759789988 }, "geometry": { "type": "Point", "coordinates": [ 34.5035, 31.5367 ] } },
{ "type": "Feature", "properties": { "event_id_cnty": "PSE46698", "event_date": "2/5/2024", "year": 2024, "time_precision": 1, "disorder_type": "Political violence", "event_type": "Explosions/Remote violence", "sub_event_type": "Air/drone strike", "actor1": "Military Forces of Israel (2022-)", "assoc_actor_1": null, "inter1": 8, "actor2": "Civilians (Palestine)", "assoc_actor_2": null, "inter2": 7, "interaction": 78, "civilian_targeting": "Civilian targeting", "iso": 275, "region": "Middle East", "country": "Palestine", "admin1": "Gaza Strip", "admin2": "Rafah", "admin3": null, "location": "As Salam", "latitude": 31.2678, "longitude": 34.2567, "geo_precision": 1, "source": "Newpress; Palestine News and Information Agency; Twitter", "source_scale": "New media-National", "notes": "On 5 February 2024, Israeli warplanes struck a house in As Salam (Rafah, Gaza Strip), killing 4 Palestinians and injuring a number of others.", "fatalities": 4, "tags": null, "timestamp": 1753955113 }, "geometry": { "type": "Point", "coordinates": [ 34.2567, 31.2678 ] } },
{ "type": "Feature", "properties": { "event_id_cnty": "PSE46518", "event_date": "2/6/2024", "year": 2024, "time_precision": 1, "disorder_type": "Political violence", "event_type": "Explosions/Remote violence", "sub_event_type": "Air/drone strike", "actor1": "Military Forces of Israel (2022-)", "assoc_actor_1": null, "inter1": 8, "actor2": "Civilians (Palestine)", "assoc_actor_2": "Refugees/IDPs (Palestine)", "inter2": 7, "interaction": 78, "civilian_targeting": "Civilian targeting", "iso": 275, "region": "Middle East", "country": "Palestine", "admin1": "Gaza Strip", "admin2": "Khan Yunis", "admin3": null, "location": "Khan Yunis - Al Amal", "latitude": 31.3544, "longitude": 34.3007, "geo_precision": 1, "source": "Ma'an News Agency; Newpress; Palestine News and Information Agency; Quds News Network; Twitter", "source_scale": "New media-National", "notes": "On 6 February 2024, Israeli artillery and tanks struck targets and opened fire in Khan Yunis - Al Amal, including the vicinity of Al Amal hospital (Khan Yunis, Gaza Strip), where shrapnel reached the hospital yard. Meanwhile, warplanes struck the Hennawi school hosting displaced people, killing 14 Palestinians and injuring a number of others. The total fatalities were 14.", "fatalities": 14, "tags": null, "timestamp": 1753955113 }, "geometry": { "type": "Point", "coordinates": [ 34.3007, 31.3544 ] } },
{ "type": "Feature", "properties": { "event_id_cnty": "PSE46521", "event_date": "2/6/2024", "year": 2024, "time_precision": 1, "disorder_type": "Political violence", "event_type": "Violence against civilians", "sub_event_type": "Attack", "actor1": "Military Forces of Israel (2022-)", "assoc_actor_1": null, "inter1": 8, "actor2": "Civilians (Palestine)", "assoc_actor_2": "Refugees/IDPs (Palestine); UNRWA: United Nations Relief and Works Agency", "inter2": 7, "interaction": 78, "civilian_targeting": "Civilian targeting", "iso": 275, "region": "Middle East", "country": "Palestine", "admin1": "Gaza Strip", "admin2": "Khan Yunis", "admin3": null, "location": "Khan Yunis", "latitude": 31.3502, "longitude": 34.3081, "geo_precision": 1, "source": "Arab 48; Palestine News and Information Agency; Quds News Network; Twitter", "source_scale": "New media-National", "notes": "On 6 February 2024, Israeli military forces opened fire at the Hayah UNRWA school (likely hosting displaced people) in Khan Yunis city (Khan Yunis, Gaza Strip), killing 2 Palestinians.", "fatalities": 2, "tags": null, "timestamp": 1753955113 }, "geometry": { "type": "Point", "coordinates": [ 34.3081, 31.3502 ] } },
{ "type": "Feature", "properties": { "event_id_cnty": "PSE46527", "event_date": "2/6/2024", "year": 2024, "time_precision": 1, "disorder_type": "Political violence", "event_type": "Explosions/Remote violence", "sub_event_type": "Air/drone strike", "actor1": "Military Forces of Israel (2022-)", "assoc_actor_1": null, "inter1": 8, "actor2": "Civilians (Palestine)", "assoc_actor_2": null, "inter2": 7, "interaction": 78, "civilian_targeting": "Civilian targeting", "iso": 275, "region": "Middle East", "country": "Palestine", "admin1": "Gaza Strip", "admin2": "Khan Yunis", "admin3": null, "location": "Khan Yunis", "latitude": 31.3502, "longitude": 34.3081, "geo_precision": 1, "source": "Palestine News and Information Agency", "source_scale": "National", "notes": "On 6 February 2024, Israeli warplanes struck targets in Khan Yunis city (Khan Yunis, Gaza Strip), killing 3 Palestinians.", "fatalities": 3, "tags": null, "timestamp": 1753955113 }, "geometry": { "type": "Point", "coordinates": [ 34.3081, 31.3502 ] } },
{ "type": "Feature", "properties": { "event_id_cnty": "PSE46506", "event_date": "2/6/2024", "year": 2024, "time_precision": 1, "disorder_type": "Political violence", "event_type": "Explosions/Remote violence", "sub_event_type": "Air/drone strike", "actor1": "Military Forces of Israel (2022-)", "assoc_actor_1": null, "inter1": 8, "actor2": "Civilians (Palestine)", "assoc_actor_2": null, "inter2": 7, "interaction": 78, "civilian_targeting": "Civilian targeting", "iso": 275, "region": "Middle East", "country": "Palestine", "admin1": "Gaza Strip", "admin2": "Khan Yunis", "admin3": null, "location": "Hamad", "latitude": 31.3749, "longitude": 34.3193, "geo_precision": 1, "source": "Palestine News and Information Agency; Quds News Network; Twitter", "source_scale": "New media-National", "notes": "On 6 February 2024, Israeli warplanes struck a house in Hamad city (Khan Yunis, Gaza Strip), killing 6 Palestinians and injuring a number of others.", "fatalities": 6, "tags": null, "timestamp": 1753955113 }, "geometry": { "type": "Point", "coordinates": [ 34.3193, 31.3749 ] } },
{ "type": "Feature", "properties": { "event_id_cnty": "PSE46541", "event_date": "2/6/2024", "year": 2024, "time_precision": 1, "disorder_type": "Political violence", "event_type": "Explosions/Remote violence", "sub_event_type": "Air/drone strike", "actor1": "Military Forces of Israel (2022-)", "assoc_actor_1": null, "inter1": 8, "actor2": "Civilians (Palestine)", "assoc_actor_2": null, "inter2": 7, "interaction": 78, "civilian_targeting": "Civilian targeting", "iso": 275, "region": "Middle East", "country": "Palestine", "admin1": "Gaza Strip", "admin2": "Deir El Balah", "admin3": null, "location": "Al Musaddar", "latitude": 31.4105, "longitude": 34.378, "geo_precision": 1, "source": "Quds News Network; Twitter", "source_scale": "New media-National", "notes": "On 6 February 2024, Israeli warplanes struck targets in Al Musaddar (Deir El Balah, Gaza Strip), injuring a number of Palestinians.", "fatalities": 0, "tags": null, "timestamp": 1765850627 }, "geometry": { "type": "Point", "coordinates": [ 34.378, 31.4105 ] } },
{ "type": "Feature", "properties": { "event_id_cnty": "PSE46509", "event_date": "2/6/2024", "year": 2024, "time_precision": 1, "disorder_type": "Political violence", "event_type": "Explosions/Remote violence", "sub_event_type": "Air/drone strike", "actor1": "Military Forces of Israel (2022-)", "assoc_actor_1": null, "inter1": 8, "actor2": "Civilians (Palestine)", "assoc_actor_2": null, "inter2": 7, "interaction": 78, "civilian_targeting": "Civilian targeting", "iso": 275, "region": "Middle East", "country": "Palestine", "admin1": "Gaza Strip", "admin2": "Gaza City", "admin3": null, "location": "Gaza - Sabra", "latitude": 31.5086, "longitude": 34.4493, "geo_precision": 1, "source": "Palestine News and Information Agency", "source_scale": "National", "notes": "On 6 February 2024, Israeli warplanes struck 4 houses in Gaza - Sabra and Gaza - Az Zaytun (Gaza City, Gaza Strip), killing at least 10 Palestinians and injuring a number of others. Fatalities split across 2 events, 5 coded to this location.", "fatalities": 5, "tags": null, "timestamp": 1759789988 }, "geometry": { "type": "Point", "coordinates": [ 34.4493, 31.5086 ] } },
{ "type": "Feature", "properties": { "event_id_cnty": "PSE46516", "event_date": "2/6/2024", "year": 2024, "time_precision": 1, "disorder_type": "Political violence", "event_type": "Violence against civilians", "sub_event_type": "Abduction/forced disappearance", "actor1": "Military Forces of Israel (2022-)", "assoc_actor_1": null, "inter1": 8, "actor2": "Civilians (Palestine)", "assoc_actor_2": null, "inter2": 7, "interaction": 78, "civilian_targeting": "Civilian targeting", "iso": 275, "region": "Middle East", "country": "Palestine", "admin1": "Gaza Strip", "admin2": "Gaza City", "admin3": null, "location": "Gaza - Southern Remal", "latitude": 31.5168, "longitude": 34.4355, "geo_precision": 1, "source": "Palestine News and Information Agency; Quds News Network; Twitter", "source_scale": "New media-National", "notes": "On 6 February 2024, IDF troops arrested dozens of Palestinians in Al Jamiat area in Gaza - Southern Remal (Gaza City, Gaza Strip).", "fatalities": 0, "tags": null, "timestamp": 1772581279 }, "geometry": { "type": "Point", "coordinates": [ 34.4355, 31.5168 ] } },
{ "type": "Feature", "properties": { "event_id_cnty": "PSE46523", "event_date": "2/6/2024", "year": 2024, "time_precision": 1, "disorder_type": "Political violence", "event_type": "Explosions/Remote violence", "sub_event_type": "Air/drone strike", "actor1": "Military Forces of Israel (2022-)", "assoc_actor_1": null, "inter1": 8, "actor2": "Civilians (Palestine)", "assoc_actor_2": "Journalists (Palestine)", "inter2": 7, "interaction": 78, "civilian_targeting": "Civilian targeting", "iso": 275, "region": "Middle East", "country": "Palestine", "admin1": "Gaza Strip", "admin2": "Rafah", "admin3": null, "location": "Tal as Sultan", "latitude": 31.3098, "longitude": 34.2414, "geo_precision": 1, "source": "Ma'an News Agency; Palestine News and Information Agency; Quds News Network; Twitter", "source_scale": "New media-National", "notes": "On 6 February 2024, Israeli warplanes struck 2 houses in Tal as Sultan (Rafah, Gaza Strip), killing 4 Palestinians including 2 women and a journalist from the same family, and injuring dozens.", "fatalities": 4, "tags": null, "timestamp": 1762829569 }, "geometry": { "type": "Point", "coordinates": [ 34.2414, 31.3098 ] } },
{ "type": "Feature", "properties": { "event_id_cnty": "PSE46542", "event_date": "2/6/2024", "year": 2024, "time_precision": 1, "disorder_type": "Political violence", "event_type": "Explosions/Remote violence", "sub_event_type": "Air/drone strike", "actor1": "Military Forces of Israel (2022-)", "assoc_actor_1": null, "inter1": 8, "actor2": "Civilians (Palestine)", "assoc_actor_2": null, "inter2": 7, "interaction": 78, "civilian_targeting": "Civilian targeting", "iso": 275, "region": "Middle East", "country": "Palestine", "admin1": "Gaza Strip", "admin2": "Deir El Balah", "admin3": null, "location": "Al Musaddar", "latitude": 31.4105, "longitude": 34.378, "geo_precision": 2, "source": "Quds News Network; Twitter", "source_scale": "New media-National", "notes": "On 6 February 2024, Israeli warplanes struck a house in Al Barakah area southwest of Deir al Balah (coded to Al Musaddar, Gaza Strip), killing and injuring an unspecified number of Palestinians. Unspecified number of fatalities coded as 3.", "fatalities": 3, "tags": null, "timestamp": 1765850627 }, "geometry": { "type": "Point", "coordinates": [ 34.378, 31.4105 ] } },
{ "type": "Feature", "properties": { "event_id_cnty": "PSE46513", "event_date": "2/6/2024", "year": 2024, "time_precision": 1, "disorder_type": "Political violence", "event_type": "Explosions/Remote violence", "sub_event_type": "Air/drone strike", "actor1": "Military Forces of Israel (2022-)", "assoc_actor_1": null, "inter1": 8, "actor2": "Civilians (Palestine)", "assoc_actor_2": null, "inter2": 7, "interaction": 78, "civilian_targeting": "Civilian targeting", "iso": 275, "region": "Middle East", "country": "Palestine", "admin1": "Gaza Strip", "admin2": "Khan Yunis", "admin3": null, "location": "Khan Yunis - West (Municipal Stadium)", "latitude": 31.3484, "longitude": 34.2961, "geo_precision": 2, "source": "Ma'an News Agency; Newpress; Palestine News and Information Agency; Quds News Network; Twitter", "source_scale": "New media-National", "notes": "On 6 February 2024, an Israeli UAV targeted a passing car in Al Buraq neighborhood in west of Khan Yunis (coded to Khan Yunis - West (Municipal Stadium), Gaza Strip), killing 5 persons. Also, artillery and warplanes struck targets (including houses) and opened fire near Naser hospital and in Khan Yunis camp where a mosque was targeted by an airstrike. The confirmed fatalities were 5.", "fatalities": 5, "tags": null, "timestamp": 1753955113 }, "geometry": { "type": "Point", "coordinates": [ 34.2961, 31.3484 ] } },
{ "type": "Feature", "properties": { "event_id_cnty": "PSE46526", "event_date": "2/6/2024", "year": 2024, "time_precision": 1, "disorder_type": "Political violence", "event_type": "Explosions/Remote violence", "sub_event_type": "Shelling/artillery/missile attack", "actor1": "Military Forces of Israel (2022-)", "assoc_actor_1": null, "inter1": 8, "actor2": "Civilians (Palestine)", "assoc_actor_2": "Fishers (Palestine)", "inter2": 7, "interaction": 78, "civilian_targeting": "Civilian targeting", "iso": 275, "region": "Middle East", "country": "Palestine", "admin1": "Gaza Strip", "admin2": "Rafah", "admin3": null, "location": "Coast of Rafah", "latitude": 31.3474, "longitude": 34.2226, "geo_precision": 2, "source": "Palestine News and Information Agency", "source_scale": "National", "notes": "On 6 February 2024, Israeli gunboats opened fire at a Palestinian fishing boat off the Coast of Rafah (Rafah, Gaza Strip), injuring several fishers.", "fatalities": 0, "tags": null, "timestamp": 1753955113 }, "geometry": { "type": "Point", "coordinates": [ 34.2226, 31.3474 ] } },
{ "type": "Feature", "properties": { "event_id_cnty": "PSE60061", "event_date": "2/6/2024", "year": 2024, "time_precision": 1, "disorder_type": "Political violence", "event_type": "Violence against civilians", "sub_event_type": "Attack", "actor1": "Military Forces of Israel (2022-)", "assoc_actor_1": null, "inter1": 8, "actor2": "Civilians (Palestine)", "assoc_actor_2": "Refugees/IDPs (Palestine)", "inter2": 7, "interaction": 78, "civilian_targeting": "Civilian targeting", "iso": 275, "region": "Middle East", "country": "Palestine", "admin1": "Gaza Strip", "admin2": "Khan Yunis", "admin3": null, "location": "Khan Yunis - West (Municipal Stadium)", "latitude": 31.3484, "longitude": 34.2961, "geo_precision": 2, "source": "Ma'an News Agency; Newpress; Palestine News and Information Agency; Quds News Network; Twitter", "source_scale": "New media-National", "notes": "On 6 February 2024, Israeli snipers shot dead a displaced Palestinian at the entrance of Beit Al Maqdes school near Naser hospital west of Khan Yunis (coded to Khan Yunis - West (Municipal Stadium), Gaza Strip).", "fatalities": 1, "tags": null, "timestamp": 1753956638 }, "geometry": { "type": "Point", "coordinates": [ 34.2961, 31.3484 ] } },
{ "type": "Feature", "properties": { "event_id_cnty": "PSE46512", "event_date": "2/6/2024", "year": 2024, "time_precision": 1, "disorder_type": "Political violence", "event_type": "Explosions/Remote violence", "sub_event_type": "Air/drone strike", "actor1": "Military Forces of Israel (2022-)", "assoc_actor_1": null, "inter1": 8, "actor2": "Civilians (Palestine)", "assoc_actor_2": null, "inter2": 7, "interaction": 78, "civilian_targeting": "Civilian targeting", "iso": 275, "region": "Middle East", "country": "Palestine", "admin1": "Gaza Strip", "admin2": "Gaza City", "admin3": null, "location": "Gaza - Southern Remal", "latitude": 31.5168, "longitude": 34.4355, "geo_precision": 1, "source": "Palestine Information Center; Palestine News and Information Agency; Quds News Network; Twitter", "source_scale": "Other-New media", "notes": "On 6 February 2024, Israeli warplanes struck targets and houses in Gaza - Southern Remal (Gaza City, Gaza Strip), killing and injuring a number of Palestinians. [On 11 February 2024, 100 bodies were recovered from under the rubble in Remal and Tal el Hawa, these fatalities split across 4 events, 25 fatalities were coded to this event].", "fatalities": 25, "tags": null, "timestamp": 1759789988 }, "geometry": { "type": "Point", "coordinates": [ 34.4355, 31.5168 ] } },
{ "type": "Feature", "properties": { "event_id_cnty": "PSE46510", "event_date": "2/6/2024", "year": 2024, "time_precision": 1, "disorder_type": "Political violence", "event_type": "Explosions/Remote violence", "sub_event_type": "Air/drone strike", "actor1": "Military Forces of Israel (2022-)", "assoc_actor_1": null, "inter1": 8, "actor2": "Civilians (Palestine)", "assoc_actor_2": null, "inter2": 7, "interaction": 78, "civilian_targeting": "Civilian targeting", "iso": 275, "region": "Middle East", "country": "Palestine", "admin1": "Gaza Strip", "admin2": "Gaza City", "admin3": null, "location": "Gaza - Az Zaytun", "latitude": 31.4964, "longitude": 34.4522, "geo_precision": 1, "source": "Palestine News and Information Agency", "source_scale": "National", "notes": "On 6 February 2024, Israeli warplanes struck 4 houses in Gaza - Sabra and Gaza - Az Zaytun (Gaza City, Gaza Strip), killing at least 10 Palestinians and injuring a number of others. Fatalities split across 2 events, 5 coded to this location.", "fatalities": 5, "tags": null, "timestamp": 1759789988 }, "geometry": { "type": "Point", "coordinates": [ 34.4522, 31.4964 ] } },
{ "type": "Feature", "properties": { "event_id_cnty": "PSE46511", "event_date": "2/6/2024", "year": 2024, "time_precision": 1, "disorder_type": "Political violence", "event_type": "Explosions/Remote violence", "sub_event_type": "Air/drone strike", "actor1": "Military Forces of Israel (2022-)", "assoc_actor_1": null, "inter1": 8, "actor2": "Civilians (Palestine)", "assoc_actor_2": null, "inter2": 7, "interaction": 78, "civilian_targeting": "Civilian targeting", "iso": 275, "region": "Middle East", "country": "Palestine", "admin1": "Gaza Strip", "admin2": "Gaza City", "admin3": null, "location": "Gaza - Tal el Hawa", "latitude": 31.5041, "longitude": 34.435, "geo_precision": 1, "source": "Palestine News and Information Agency", "source_scale": "National", "notes": "On 6 February 2024, Israeli warplanes struck houses in Gaza - Tal el Hawa, including Ansar area and Abu Mazen roundabout (Gaza City, Gaza Strip), killing 5 Palestinians and injuring another 15.", "fatalities": 5, "tags": null, "timestamp": 1759789988 }, "geometry": { "type": "Point", "coordinates": [ 34.435, 31.5041 ] } },
{ "type": "Feature", "properties": { "event_id_cnty": "PSE46515", "event_date": "2/6/2024", "year": 2024, "time_precision": 1, "disorder_type": "Political violence", "event_type": "Explosions/Remote violence", "sub_event_type": "Air/drone strike", "actor1": "Military Forces of Israel (2022-)", "assoc_actor_1": null, "inter1": 8, "actor2": "Civilians (Palestine)", "assoc_actor_2": null, "inter2": 7, "interaction": 78, "civilian_targeting": "Civilian targeting", "iso": 275, "region": "Middle East", "country": "Palestine", "admin1": "Gaza Strip", "admin2": "Gaza City", "admin3": null, "location": "Juhr ad Dik", "latitude": 31.4557, "longitude": 34.4372, "geo_precision": 1, "source": "Arab 48; Palestine News and Information Agency", "source_scale": "National", "notes": "On 6 February 2024, Israeli UAVs opened fire in Juhr ad Dik (Gaza City, Gaza Strip), killing 5 Palestinians.", "fatalities": 5, "tags": null, "timestamp": 1753955113 }, "geometry": { "type": "Point", "coordinates": [ 34.4372, 31.4557 ] } },
{ "type": "Feature", "properties": { "event_id_cnty": "PSE46520", "event_date": "2/6/2024", "year": 2024, "time_precision": 1, "disorder_type": "Political violence", "event_type": "Explosions/Remote violence", "sub_event_type": "Air/drone strike", "actor1": "Military Forces of Israel (2022-)", "assoc_actor_1": null, "inter1": 8, "actor2": "Civilians (Palestine)", "assoc_actor_2": null, "inter2": 7, "interaction": 78, "civilian_targeting": "Civilian targeting", "iso": 275, "region": "Middle East", "country": "Palestine", "admin1": "Gaza Strip", "admin2": "North Gaza", "admin3": null, "location": "Jabalya", "latitude": 31.5272, "longitude": 34.4835, "geo_precision": 2, "source": "Arab 48; Ma'an News Agency; Palestine News and Information Agency; Quds News Network; Twitter", "source_scale": "New media-National", "notes": "On 6 February 2024, Israeli warplanes struck a house east of Jabalya (North Gaza, Gaza Strip), killing 10 Palestinians injuring another 10.", "fatalities": 10, "tags": null, "timestamp": 1759789988 }, "geometry": { "type": "Point", "coordinates": [ 34.4835, 31.5272 ] } },
{ "type": "Feature", "properties": { "event_id_cnty": "PSE46517", "event_date": "2/6/2024", "year": 2024, "time_precision": 1, "disorder_type": "Political violence", "event_type": "Violence against civilians", "sub_event_type": "Attack", "actor1": "Military Forces of Israel (2022-)", "assoc_actor_1": null, "inter1": 8, "actor2": "Civilians (Palestine)", "assoc_actor_2": "Women (Palestine)", "inter2": 7, "interaction": 78, "civilian_targeting": "Civilian targeting", "iso": 275, "region": "Middle East", "country": "Palestine", "admin1": "Gaza Strip", "admin2": "Khan Yunis", "admin3": null, "location": "Al Mawasi (Khan Yunis)", "latitude": 31.3482, "longitude": 34.2547, "geo_precision": 1, "source": "Newpress; Palestine News and Information Agency; Quds News Network; Twitter", "source_scale": "New media-National", "notes": "On 6 February 2024, an Israeli sniper shot dead a Palestinian woman in Al Mawasi (Khan Yunis) (Gaza Strip).", "fatalities": 1, "tags": null, "timestamp": 1762829569 }, "geometry": { "type": "Point", "coordinates": [ 34.2547, 31.3482 ] } },
{ "type": "Feature", "properties": { "event_id_cnty": "PSE46519", "event_date": "2/6/2024", "year": 2024, "time_precision": 1, "disorder_type": "Political violence", "event_type": "Explosions/Remote violence", "sub_event_type": "Air/drone strike", "actor1": "Military Forces of Israel (2022-)", "assoc_actor_1": null, "inter1": 8, "actor2": "Police Forces of Palestine (2007-) Gaza Strip", "assoc_actor_2": "Hamas Movement", "inter2": 1, "interaction": 18, "civilian_targeting": null, "iso": 275, "region": "Middle East", "country": "Palestine", "admin1": "Gaza Strip", "admin2": "Rafah", "admin3": null, "location": "Khirbet al Adas", "latitude": 31.2855, "longitude": 34.2714, "geo_precision": 1, "source": "Arab 48; Joe Truzman; Ma'an News Agency; Palestine News and Information Agency; Quds News Network; Twitter", "source_scale": "New media-National", "notes": "On 6 February 2024, an Israeli warplane struck a passing police car in Khirbet al Adas (Rafah, Gaza Strip), killing 6 police officers affiliated with Hamas.", "fatalities": 6, "tags": null, "timestamp": 1753955113 }, "geometry": { "type": "Point", "coordinates": [ 34.2714, 31.2855 ] } },
{ "type": "Feature", "properties": { "event_id_cnty": "PSE46524", "event_date": "2/6/2024", "year": 2024, "time_precision": 1, "disorder_type": "Political violence", "event_type": "Explosions/Remote violence", "sub_event_type": "Air/drone strike", "actor1": "Military Forces of Israel (2022-)", "assoc_actor_1": null, "inter1": 8, "actor2": "Civilians (Palestine)", "assoc_actor_2": "Refugees/IDPs (Palestine)", "inter2": 7, "interaction": 78, "civilian_targeting": "Civilian targeting", "iso": 275, "region": "Middle East", "country": "Palestine", "admin1": "Gaza Strip", "admin2": "Rafah", "admin3": null, "location": "Rafah Camp", "latitude": 31.2847, "longitude": 34.2546, "geo_precision": 1, "source": "Liveuamap; Palestine News and Information Agency", "source_scale": "Local partner-New media", "notes": "On 6 February 2024, Israeli warplanes carried out airstrikes north of Al Shaboura camp in Mukhayyam Rafah refugee camp (Rafah Camp, Gaza Strip), injuring a number of Palestinians.", "fatalities": 0, "tags": null, "timestamp": 1753955113 }, "geometry": { "type": "Point", "coordinates": [ 34.2546, 31.2847 ] } },
{ "type": "Feature", "properties": { "event_id_cnty": "PSE46533", "event_date": "2/6/2024", "year": 2024, "time_precision": 1, "disorder_type": "Political violence", "event_type": "Explosions/Remote violence", "sub_event_type": "Air/drone strike", "actor1": "Military Forces of Israel (2022-)", "assoc_actor_1": null, "inter1": 8, "actor2": "Civilians (Palestine)", "assoc_actor_2": null, "inter2": 7, "interaction": 78, "civilian_targeting": "Civilian targeting", "iso": 275, "region": "Middle East", "country": "Palestine", "admin1": "Gaza Strip", "admin2": "Rafah", "admin3": null, "location": "Khirbet al Adas", "latitude": 31.2855, "longitude": 34.2714, "geo_precision": 1, "source": "Arab 48; Ma'an News Agency; Newpress; Twitter", "source_scale": "New media-National", "notes": "On 6 February 2024, an Israeli warplane struck a house in Khirbet al Adas (Rafah, Gaza Strip), killing and injuring a number of Palestinians. Unspecified number of fatalities coded as 3.", "fatalities": 3, "tags": null, "timestamp": 1753955113 }, "geometry": { "type": "Point", "coordinates": [ 34.2714, 31.2855 ] } },
{ "type": "Feature", "properties": { "event_id_cnty": "PSE46522", "event_date": "2/6/2024", "year": 2024, "time_precision": 1, "disorder_type": "Political violence", "event_type": "Explosions/Remote violence", "sub_event_type": "Air/drone strike", "actor1": "Military Forces of Israel (2022-)", "assoc_actor_1": null, "inter1": 8, "actor2": "Civilians (Palestine)", "assoc_actor_2": null, "inter2": 7, "interaction": 78, "civilian_targeting": "Civilian targeting", "iso": 275, "region": "Middle East", "country": "Palestine", "admin1": "Gaza Strip", "admin2": "Rafah", "admin3": null, "location": "As Salam", "latitude": 31.2678, "longitude": 34.2567, "geo_precision": 1, "source": "Joe Truzman; Ma'an News Agency; Palestine News and Information Agency; Quds News Network; Twitter", "source_scale": "New media-National", "notes": "On 6 February 2024, Israeli warplanes struck a land near the border with Egypt in As Salam (Rafah, Gaza Strip), killing a Palestinian and injuring a number of others while they were collecting firewood.", "fatalities": 1, "tags": null, "timestamp": 1753955113 }, "geometry": { "type": "Point", "coordinates": [ 34.2567, 31.2678 ] } },
{ "type": "Feature", "properties": { "event_id_cnty": "PSE46567", "event_date": "2/6/2024", "year": 2024, "time_precision": 1, "disorder_type": "Political violence", "event_type": "Explosions/Remote violence", "sub_event_type": "Air/drone strike", "actor1": "Military Forces of Israel (2022-)", "assoc_actor_1": null, "inter1": 8, "actor2": "Civilians (Palestine)", "assoc_actor_2": "UNRWA: United Nations Relief and Works Agency", "inter2": 7, "interaction": 78, "civilian_targeting": "Civilian targeting", "iso": 275, "region": "Middle East", "country": "Palestine", "admin1": "Gaza Strip", "admin2": "Rafah", "admin3": null, "location": "Tal as Sultan", "latitude": 31.3098, "longitude": 34.2414, "geo_precision": 2, "source": "Al Ghad (Jordan); Arab 48", "source_scale": "National-Regional", "notes": "On 6 February 2024, Israeli warplanes struck a house in Al Shaout area west of Rafah (coded to Tal as Sultan, Gaza Strip), killing 3 Palestinians. Meanwhile, gunboats struck an UNRWA aid convoy (coded to west of Rafah), with no casualties. Total fatalities were 3. This event involved violence over aid.", "fatalities": 3, "tags": null, "timestamp": 1762829569 }, "geometry": { "type": "Point", "coordinates": [ 34.2414, 31.3098 ] } },
{ "type": "Feature", "properties": { "event_id_cnty": "PSE46563", "event_date": "2/7/2024", "year": 2024, "time_precision": 1, "disorder_type": "Political violence", "event_type": "Explosions/Remote violence", "sub_event_type": "Shelling/artillery/missile attack", "actor1": "Military Forces of Israel (2022-)", "assoc_actor_1": null, "inter1": 8, "actor2": "Civilians (Palestine)", "assoc_actor_2": "Health Workers (Palestine)", "inter2": 7, "interaction": 78, "civilian_targeting": "Civilian targeting", "iso": 275, "region": "Middle East", "country": "Palestine", "admin1": "Gaza Strip", "admin2": "Khan Yunis", "admin3": null, "location": "Khan Yunis - Al Amal", "latitude": 31.3544, "longitude": 34.3007, "geo_precision": 1, "source": "Newpress; Palestine News and Information Agency; Quds News Network; Twitter", "source_scale": "New media-National", "notes": "On 7 February 2024, Israeli artillery and tanks struck targets and opened fire in Khan Yunis - Al Amal and at Al Amal hospital (Khan Yunis, Gaza Strip), injuring 2 persons while they were receiving treatment in the hospital.", "fatalities": 0, "tags": null, "timestamp": 1753955113 }, "geometry": { "type": "Point", "coordinates": [ 34.3007, 31.3544 ] } },
{ "type": "Feature", "properties": { "event_id_cnty": "PSE46578", "event_date": "2/7/2024", "year": 2024, "time_precision": 1, "disorder_type": "Political violence", "event_type": "Explosions/Remote violence", "sub_event_type": "Shelling/artillery/missile attack", "actor1": "Military Forces of Israel (2022-)", "assoc_actor_1": null, "inter1": 8, "actor2": "Civilians (Palestine)", "assoc_actor_2": null, "inter2": 7, "interaction": 78, "civilian_targeting": "Civilian targeting", "iso": 275, "region": "Middle East", "country": "Palestine", "admin1": "Gaza Strip", "admin2": "Khan Yunis", "admin3": null, "location": "Al Mawasi (Khan Yunis)", "latitude": 31.3482, "longitude": 34.2547, "geo_precision": 1, "source": "Newpress; Quds News Network; Twitter", "source_scale": "New media-National", "notes": "On 7 February 2024, Israeli artillery and tanks opened fire in Al Mawasi (Khan Yunis) (Gaza Strip), killing 3 Palestinians including 2 children.", "fatalities": 3, "tags": null, "timestamp": 1762829569 }, "geometry": { "type": "Point", "coordinates": [ 34.2547, 31.3482 ] } },
{ "type": "Feature", "properties": { "event_id_cnty": "PSE46580", "event_date": "2/7/2024", "year": 2024, "time_precision": 1, "disorder_type": "Political violence", "event_type": "Explosions/Remote violence", "sub_event_type": "Air/drone strike", "actor1": "Military Forces of Israel (2022-)", "assoc_actor_1": null, "inter1": 8, "actor2": "Civilians (Palestine)", "assoc_actor_2": "Journalists (Palestine)", "inter2": 7, "interaction": 78, "civilian_targeting": "Civilian targeting", "iso": 275, "region": "Middle East", "country": "Palestine", "admin1": "Gaza Strip", "admin2": "Deir El Balah", "admin3": null, "location": "Deir al Balah", "latitude": 31.4178, "longitude": 34.3503, "geo_precision": 1, "source": "Newpress; Palestine News and Information Agency; Quds News Network; Twitter", "source_scale": "New media-National", "notes": "On 7 February 2024, Israeli warplanes struck a house in Deir al Balah city (Deir El Balah, Gaza Strip), killing a Palestinian journalist together with his son.", "fatalities": 2, "tags": null, "timestamp": 1753955113 }, "geometry": { "type": "Point", "coordinates": [ 34.3503, 31.4178 ] } },
{ "type": "Feature", "properties": { "event_id_cnty": "PSE46561", "event_date": "2/7/2024", "year": 2024, "time_precision": 1, "disorder_type": "Political violence", "event_type": "Explosions/Remote violence", "sub_event_type": "Air/drone strike", "actor1": "Military Forces of Israel (2022-)", "assoc_actor_1": null, "inter1": 8, "actor2": "Civilians (Palestine)", "assoc_actor_2": null, "inter2": 7, "interaction": 78, "civilian_targeting": "Civilian targeting", "iso": 275, "region": "Middle East", "country": "Palestine", "admin1": "Gaza Strip", "admin2": "Gaza City", "admin3": null, "location": "Gaza - Sabra", "latitude": 31.5086, "longitude": 34.4493, "geo_precision": 1, "source": "Palestine News and Information Agency; Quds News Network; Twitter", "source_scale": "New media-National", "notes": "On 7 February 2024, Israeli warplanes struck a group of people while they were filling water jugs in Gaza - Sabra (Gaza City, Gaza Strip), killing 13 Palestinians and injuring a number of others.", "fatalities": 13, "tags": null, "timestamp": 1759789988 }, "geometry": { "type": "Point", "coordinates": [ 34.4493, 31.5086 ] } },
{ "type": "Feature", "properties": { "event_id_cnty": "PSE46555", "event_date": "2/7/2024", "year": 2024, "time_precision": 1, "disorder_type": "Political violence", "event_type": "Explosions/Remote violence", "sub_event_type": "Air/drone strike", "actor1": "Military Forces of Israel (2022-)", "assoc_actor_1": null, "inter1": 8, "actor2": "Civilians (Palestine)", "assoc_actor_2": null, "inter2": 7, "interaction": 78, "civilian_targeting": "Civilian targeting", "iso": 275, "region": "Middle East", "country": "Palestine", "admin1": "Gaza Strip", "admin2": "Gaza City", "admin3": null, "location": "Gaza - Southern Remal", "latitude": 31.5168, "longitude": 34.4355, "geo_precision": 1, "source": "Al-Ittihad; Newpress; Palestine News and Information Agency; Twitter", "source_scale": "New media-National", "notes": "On 7 February 2024, Israeli warplanes carried out airstrikes in Gaza - Southern Remal (Gaza City, Gaza Strip), killing at least one Palestinian and injuring a number of others. Meanwhile, the artillery struck targets in the same area.", "fatalities": 1, "tags": null, "timestamp": 1759789988 }, "geometry": { "type": "Point", "coordinates": [ 34.4355, 31.5168 ] } },
{ "type": "Feature", "properties": { "event_id_cnty": "PSE46562", "event_date": "2/7/2024", "year": 2024, "time_precision": 1, "disorder_type": "Political violence", "event_type": "Violence against civilians", "sub_event_type": "Attack", "actor1": "Military Forces of Israel (2022-)", "assoc_actor_1": null, "inter1": 8, "actor2": "Civilians (Palestine)", "assoc_actor_2": "Health Workers (Palestine)", "inter2": 7, "interaction": 78, "civilian_targeting": "Civilian targeting", "iso": 275, "region": "Middle East", "country": "Palestine", "admin1": "Gaza Strip", "admin2": "Gaza City", "admin3": null, "location": "Gaza - Southern Remal", "latitude": 31.5168, "longitude": 34.4355, "geo_precision": 2, "source": "Al Ghad (Jordan); Newpress; Palestine News and Information Agency; Twitter", "source_scale": "New media-National", "notes": "On 7 February 2024, Israeli military forces opened fire at Palestinian paramedics while they operating between Gaza - Southern Remal and Gaza - Az Zaytun (Gaza City, Gaza Strip), killing one paramedic and injuring another 2.", "fatalities": 1, "tags": null, "timestamp": 1759789988 }, "geometry": { "type": "Point", "coordinates": [ 34.4355, 31.5168 ] } },
{ "type": "Feature", "properties": { "event_id_cnty": "PSE46594", "event_date": "2/7/2024", "year": 2024, "time_precision": 1, "disorder_type": "Political violence", "event_type": "Explosions/Remote violence", "sub_event_type": "Air/drone strike", "actor1": "Military Forces of Israel (2022-)", "assoc_actor_1": null, "inter1": 8, "actor2": "Civilians (Palestine)", "assoc_actor_2": null, "inter2": 7, "interaction": 78, "civilian_targeting": "Civilian targeting", "iso": 275, "region": "Middle East", "country": "Palestine", "admin1": "Gaza Strip", "admin2": "Rafah", "admin3": null, "location": "Tal as Sultan", "latitude": 31.3098, "longitude": 34.2414, "geo_precision": 1, "source": "Palestine News and Information Agency; Quds News Network; Twitter", "source_scale": "New media-National", "notes": "On 7 February 2024, Israeli warplanes struck a house in Tal as Sultan (Rafah, Gaza Strip), killing 12 Palestinians injuring a number of others.", "fatalities": 12, "tags": null, "timestamp": 1762829569 }, "geometry": { "type": "Point", "coordinates": [ 34.2414, 31.3098 ] } },
{ "type": "Feature", "properties": { "event_id_cnty": "PSE46557", "event_date": "2/7/2024", "year": 2024, "time_precision": 1, "disorder_type": "Political violence", "event_type": "Explosions/Remote violence", "sub_event_type": "Air/drone strike", "actor1": "Military Forces of Israel (2022-)", "assoc_actor_1": null, "inter1": 8, "actor2": "Civilians (Palestine)", "assoc_actor_2": null, "inter2": 7, "interaction": 78, "civilian_targeting": "Civilian targeting", "iso": 275, "region": "Middle East", "country": "Palestine", "admin1": "Gaza Strip", "admin2": "Khan Yunis", "admin3": null, "location": "Khan Yunis - West (Municipal Stadium)", "latitude": 31.3484, "longitude": 34.2961, "geo_precision": 2, "source": "Al-Ittihad; Palestine News and Information Agency; Quds News Network; Twitter", "source_scale": "New media-National", "notes": "On 7 February 2024, Israeli warplanes and artillery struck targets (including houses) and opened fire near Naser hospital and in Khan Yunis camp (coded to Khan Yunis - West (Municipal Stadium), Gaza Strip). No casualties.", "fatalities": 0, "tags": null, "timestamp": 1753955113 }, "geometry": { "type": "Point", "coordinates": [ 34.2961, 31.3484 ] } },
{ "type": "Feature", "properties": { "event_id_cnty": "PSE46568", "event_date": "2/7/2024", "year": 2024, "time_precision": 1, "disorder_type": "Political violence", "event_type": "Explosions/Remote violence", "sub_event_type": "Shelling/artillery/missile attack", "actor1": "Military Forces of Israel (2022-)", "assoc_actor_1": null, "inter1": 8, "actor2": "Civilians (Palestine)", "assoc_actor_2": "Fishers (Palestine)", "inter2": 7, "interaction": 78, "civilian_targeting": "Civilian targeting", "iso": 275, "region": "Middle East", "country": "Palestine", "admin1": "Gaza Strip", "admin2": "Rafah", "admin3": null, "location": "Coast of Rafah", "latitude": 31.3474, "longitude": 34.2226, "geo_precision": 2, "source": "Arab 48; Newpress; Quds News Network; Twitter", "source_scale": "New media-National", "notes": "On 7 February 2024, Israeli gunboats opened fire at a Palestinian fishing boat off the Coast of Rafah (Rafah, Gaza Strip), killing 2 fishers.", "fatalities": 2, "tags": null, "timestamp": 1753955113 }, "geometry": { "type": "Point", "coordinates": [ 34.2226, 31.3474 ] } },
{ "type": "Feature", "properties": { "event_id_cnty": "PSE46558", "event_date": "2/7/2024", "year": 2024, "time_precision": 1, "disorder_type": "Political violence", "event_type": "Explosions/Remote violence", "sub_event_type": "Air/drone strike", "actor1": "Military Forces of Israel (2022-)", "assoc_actor_1": null, "inter1": 8, "actor2": "Civilians (Palestine)", "assoc_actor_2": null, "inter2": 7, "interaction": 78, "civilian_targeting": "Civilian targeting", "iso": 275, "region": "Middle East", "country": "Palestine", "admin1": "Gaza Strip", "admin2": "Khan Yunis", "admin3": null, "location": "Khan Yunis", "latitude": 31.3502, "longitude": 34.3081, "geo_precision": 1, "source": "Palestine News and Information Agency; Palestinian Ministry of Health", "source_scale": "Other-National", "notes": "On 7 February 2024, Israeli warplanes carried out airstrikes and destroyed a number of houses in Khan Yunis city (Khan Yunis, Gaza Strip) amid artillery fire, killing and injuring a number of Palestinians. [Palestinian Ministry of Health reported 27840 fatalities upto 7 February 2024. 34 fatalities not attributed to specific events split across 3 events on 7 Febraury. 17 fatalities coded to this event.]", "fatalities": 17, "tags": null, "timestamp": 1753955113 }, "geometry": { "type": "Point", "coordinates": [ 34.3081, 31.3502 ] } },
{ "type": "Feature", "properties": { "event_id_cnty": "PSE46560", "event_date": "2/7/2024", "year": 2024, "time_precision": 1, "disorder_type": "Political violence", "event_type": "Explosions/Remote violence", "sub_event_type": "Air/drone strike", "actor1": "Military Forces of Israel (2022-)", "assoc_actor_1": null, "inter1": 8, "actor2": "Civilians (Palestine)", "assoc_actor_2": null, "inter2": 7, "interaction": 78, "civilian_targeting": "Civilian targeting", "iso": 275, "region": "Middle East", "country": "Palestine", "admin1": "Gaza Strip", "admin2": "Gaza City", "admin3": null, "location": "Gaza - Az Zaytun", "latitude": 31.4964, "longitude": 34.4522, "geo_precision": 1, "source": "Arab 48; Palestine News and Information Agency; Palestinian Ministry of Health", "source_scale": "Other-National", "notes": "On 7 February 2024, Israeli warplanes struck a house in Gaza - Az Zaytun (Gaza City, Gaza Strip), killing and injuring a number of Palestinians. [Palestinian Ministry of Health reported 27840 fatalities upto 7 February 2024. 34 fatalities not attributed to specific events split across 3 events on 7 Febraury. 17 fatalities coded to this event.]", "fatalities": 17, "tags": null, "timestamp": 1759789988 }, "geometry": { "type": "Point", "coordinates": [ 34.4522, 31.4964 ] } },
{ "type": "Feature", "properties": { "event_id_cnty": "PSE60062", "event_date": "2/7/2024", "year": 2024, "time_precision": 1, "disorder_type": "Political violence", "event_type": "Violence against civilians", "sub_event_type": "Attack", "actor1": "Military Forces of Israel (2022-)", "assoc_actor_1": null, "inter1": 8, "actor2": "Civilians (Palestine)", "assoc_actor_2": "Women (Palestine)", "inter2": 7, "interaction": 78, "civilian_targeting": "Civilian targeting", "iso": 275, "region": "Middle East", "country": "Palestine", "admin1": "Gaza Strip", "admin2": "Khan Yunis", "admin3": null, "location": "Khan Yunis - West (Municipal Stadium)", "latitude": 31.3484, "longitude": 34.2961, "geo_precision": 2, "source": "Al-Ittihad; Palestine News and Information Agency; Quds News Network; Twitter", "source_scale": "New media-National", "notes": "On 7 February 2024, Israeli snipers shot dead a Palestinian woman near the gate of Naser hospital, and another person was shot dead west of Khan Yunis and 6 were injured, (coded to Khan Yunis - West (Municipal Stadium), Gaza Strip). The total fatalities were 2.", "fatalities": 2, "tags": null, "timestamp": 1753956638 }, "geometry": { "type": "Point", "coordinates": [ 34.2961, 31.3484 ] } },
{ "type": "Feature", "properties": { "event_id_cnty": "PSE46554", "event_date": "2/7/2024", "year": 2024, "time_precision": 1, "disorder_type": "Political violence", "event_type": "Explosions/Remote violence", "sub_event_type": "Air/drone strike", "actor1": "Military Forces of Israel (2022-)", "assoc_actor_1": null, "inter1": 8, "actor2": "Civilians (Palestine)", "assoc_actor_2": null, "inter2": 7, "interaction": 78, "civilian_targeting": "Civilian targeting", "iso": 275, "region": "Middle East", "country": "Palestine", "admin1": "Gaza Strip", "admin2": "Rafah", "admin3": null, "location": "Khirbet al Adas", "latitude": 31.2855, "longitude": 34.2714, "geo_precision": 2, "source": "Al-Ittihad; Arab 48; Ma'an News Agency; Palestine News and Information Agency; Quds News Network; Twitter", "source_scale": "New media-National", "notes": "On 7 February 2024, Israeli warplanes struck a house in the Al Zuhour neighborhood and other targets in Musabah area north of Rafah city (coded to Khirbet al Adas, Gaza Strip), killing 2 Palestinians (a woman and her daughter).", "fatalities": 2, "tags": null, "timestamp": 1753955113 }, "geometry": { "type": "Point", "coordinates": [ 34.2714, 31.2855 ] } },
{ "type": "Feature", "properties": { "event_id_cnty": "PSE46573", "event_date": "2/7/2024", "year": 2024, "time_precision": 1, "disorder_type": "Political violence", "event_type": "Explosions/Remote violence", "sub_event_type": "Shelling/artillery/missile attack", "actor1": "Military Forces of Israel (2022-)", "assoc_actor_1": null, "inter1": 8, "actor2": "Civilians (Palestine)", "assoc_actor_2": null, "inter2": 7, "interaction": 78, "civilian_targeting": "Civilian targeting", "iso": 275, "region": "Middle East", "country": "Palestine", "admin1": "Gaza Strip", "admin2": "Khan Yunis", "admin3": null, "location": "Khan Yunis - Jourat Al-Loot", "latitude": 31.3314, "longitude": 34.3004, "geo_precision": 1, "source": "Arab 48; Quds News Network; Twitter", "source_scale": "New media-National", "notes": "On 7 February 2024, Israeli tanks struck targets in Khan Yunis - Jourat Al-Loot (Khan Yunis, Gaza Strip), killing 3 Palestinians.", "fatalities": 3, "tags": null, "timestamp": 1753955113 }, "geometry": { "type": "Point", "coordinates": [ 34.3004, 31.3314 ] } },
{ "type": "Feature", "properties": { "event_id_cnty": "PSE46590", "event_date": "2/7/2024", "year": 2024, "time_precision": 1, "disorder_type": "Political violence", "event_type": "Explosions/Remote violence", "sub_event_type": "Air/drone strike", "actor1": "Military Forces of Israel (2022-)", "assoc_actor_1": null, "inter1": 8, "actor2": "Civilians (Palestine)", "assoc_actor_2": "Refugees/IDPs (Palestine)", "inter2": 7, "interaction": 78, "civilian_targeting": "Civilian targeting", "iso": 275, "region": "Middle East", "country": "Palestine", "admin1": "Gaza Strip", "admin2": "Rafah", "admin3": null, "location": "Rafah", "latitude": 31.287, "longitude": 34.2595, "geo_precision": 2, "source": "Liveuamap; Quds News Network; Twitter", "source_scale": "Local partner-New media", "notes": "On 7 February 2024, Israeli warplanes struck targets and a house in Al Shaout camp near the border with Egypt of Rafah city (Rafah, Gaza Strip), killing 3 Palestinians and injuring a number of others.", "fatalities": 3, "tags": null, "timestamp": 1762829569 }, "geometry": { "type": "Point", "coordinates": [ 34.2595, 31.287 ] } },
{ "type": "Feature", "properties": { "event_id_cnty": "PSE46592", "event_date": "2/7/2024", "year": 2024, "time_precision": 1, "disorder_type": "Political violence", "event_type": "Explosions/Remote violence", "sub_event_type": "Air/drone strike", "actor1": "Military Forces of Israel (2022-)", "assoc_actor_1": null, "inter1": 8, "actor2": "Police Forces of Palestine (2007-) Gaza Strip", "assoc_actor_2": "Hamas Movement", "inter2": 1, "interaction": 18, "civilian_targeting": null, "iso": 275, "region": "Middle East", "country": "Palestine", "admin1": "Gaza Strip", "admin2": "Rafah", "admin3": null, "location": "Rafah Camp", "latitude": 31.2847, "longitude": 34.2546, "geo_precision": 1, "source": "Joe Truzman; Quds News Network; Twitter", "source_scale": "New media-National", "notes": "On 7 February 2024, Israeli warplanes struck a passing police car in Al Shaboura of Mukhayyam Rafah refugee camp (Rafah Camp, Gaza Strip), killing a Hamas police officer.", "fatalities": 1, "tags": null, "timestamp": 1753955113 }, "geometry": { "type": "Point", "coordinates": [ 34.2546, 31.2847 ] } },
{ "type": "Feature", "properties": { "event_id_cnty": "PSE46559", "event_date": "2/7/2024", "year": 2024, "time_precision": 1, "disorder_type": "Political violence", "event_type": "Violence against civilians", "sub_event_type": "Attack", "actor1": "Military Forces of Israel (2022-)", "assoc_actor_1": null, "inter1": 8, "actor2": "Civilians (Palestine)", "assoc_actor_2": null, "inter2": 7, "interaction": 78, "civilian_targeting": "Civilian targeting", "iso": 275, "region": "Middle East", "country": "Palestine", "admin1": "Gaza Strip", "admin2": "Gaza City", "admin3": null, "location": "Gaza - Az Zaytun", "latitude": 31.4964, "longitude": 34.4522, "geo_precision": 1, "source": "Palestine News and Information Agency; Quds News Network; Twitter", "source_scale": "New media-National", "notes": "On 7 February 2024, Israeli forces opened fire at Palestinians who were waiting for aid trucks near the Kuwait roundabout in Gaza - Az Zaytun (Gaza City, Gaza Strip), killing 2 persons and injuring another 6. This event involved violence over aid.", "fatalities": 2, "tags": null, "timestamp": 1759789988 }, "geometry": { "type": "Point", "coordinates": [ 34.4522, 31.4964 ] } },
{ "type": "Feature", "properties": { "event_id_cnty": "PSE46605", "event_date": "2/8/2024", "year": 2024, "time_precision": 1, "disorder_type": "Political violence", "event_type": "Explosions/Remote violence", "sub_event_type": "Air/drone strike", "actor1": "Military Forces of Israel (2022-)", "assoc_actor_1": null, "inter1": 8, "actor2": "Civilians (Palestine)", "assoc_actor_2": "Health Workers (Palestine)", "inter2": 7, "interaction": 78, "civilian_targeting": "Civilian targeting", "iso": 275, "region": "Middle East", "country": "Palestine", "admin1": "Gaza Strip", "admin2": "Gaza City", "admin3": null, "location": "Gaza - Northern Remal", "latitude": 31.524, "longitude": 34.4505, "geo_precision": 1, "source": "Palestine News and Information Agency; Quds News Network; Twitter", "source_scale": "New media-National", "notes": "On 8 February 2024, Israeli warplanes struck houses in Gaza - Northern Remal (Gaza City, Gaza Strip), killing dozens of Palestinians and injuring a number of others. Unknown fatalities coded as 12. Meanwhile, the artillery shelled the Shifa hospital and killed 5 persons. Total fatalities coded as 17 (12 unknown, 5 confirmed).", "fatalities": 17, "tags": null, "timestamp": 1759789988 }, "geometry": { "type": "Point", "coordinates": [ 34.4505, 31.524 ] } },
{ "type": "Feature", "properties": { "event_id_cnty": "PSE46611", "event_date": "2/8/2024", "year": 2024, "time_precision": 1, "disorder_type": "Political violence", "event_type": "Explosions/Remote violence", "sub_event_type": "Air/drone strike", "actor1": "Military Forces of Israel (2022-)", "assoc_actor_1": null, "inter1": 8, "actor2": "Civilians (Palestine)", "assoc_actor_2": null, "inter2": 7, "interaction": 78, "civilian_targeting": "Civilian targeting", "iso": 275, "region": "Middle East", "country": "Palestine", "admin1": "Gaza Strip", "admin2": "Gaza City", "admin3": null, "location": "Gaza", "latitude": 31.5045, "longitude": 34.4743, "geo_precision": 1, "source": "Palestine News and Information Agency; Quds News Network; Twitter", "source_scale": "New media-National", "notes": "On 8 February 2024, Israeli UAVs struck a passing car in Gaza city (Gaza City, Gaza Strip), killing 2 Palestinians and injuring others.", "fatalities": 2, "tags": null, "timestamp": 1759789988 }, "geometry": { "type": "Point", "coordinates": [ 34.4743, 31.5045 ] } },
{ "type": "Feature", "properties": { "event_id_cnty": "PSE46602", "event_date": "2/8/2024", "year": 2024, "time_precision": 1, "disorder_type": "Political violence", "event_type": "Explosions/Remote violence", "sub_event_type": "Shelling/artillery/missile attack", "actor1": "Military Forces of Israel (2022-)", "assoc_actor_1": null, "inter1": 8, "actor2": "Civilians (Palestine)", "assoc_actor_2": null, "inter2": 7, "interaction": 78, "civilian_targeting": "Civilian targeting", "iso": 275, "region": "Middle East", "country": "Palestine", "admin1": "Gaza Strip", "admin2": "Deir El Balah", "admin3": null, "location": "Al Brawk", "latitude": 31.4204, "longitude": 34.339, "geo_precision": 2, "source": "PLO Negotiations Affairs Department; Quds News Network; Twitter", "source_scale": "Other-New media", "notes": "On 8 February 2024, Israeli gunboats shelled targets along the coast of Deir al Balah, coded to Al Brawk (Deir El Balah, Gaza Strip), injuring a Palestinian.", "fatalities": 0, "tags": null, "timestamp": 1767742780 }, "geometry": { "type": "Point", "coordinates": [ 34.339, 31.4204 ] } },
{ "type": "Feature", "properties": { "event_id_cnty": "PSE46615", "event_date": "2/8/2024", "year": 2024, "time_precision": 1, "disorder_type": "Political violence", "event_type": "Explosions/Remote violence", "sub_event_type": "Air/drone strike", "actor1": "Military Forces of Israel (2022-)", "assoc_actor_1": null, "inter1": 8, "actor2": "Civilians (Palestine)", "assoc_actor_2": null, "inter2": 7, "interaction": 78, "civilian_targeting": "Civilian targeting", "iso": 275, "region": "Middle East", "country": "Palestine", "admin1": "Gaza Strip", "admin2": "Deir El Balah", "admin3": null, "location": "Deir al Balah", "latitude": 31.4178, "longitude": 34.3503, "geo_precision": 1, "source": "Newpress; Palestine News and Information Agency; Quds News Network; Twitter", "source_scale": "New media-National", "notes": "On 8 February 2024, Israeli warplanes struck a house in Deir al Balah city (Deir El Balah, Gaza Strip), killing 2 Palestinians and injuring a number of others. Also, gunboats opened fire and injured one person in the city.", "fatalities": 2, "tags": null, "timestamp": 1753955113 }, "geometry": { "type": "Point", "coordinates": [ 34.3503, 31.4178 ] } },
{ "type": "Feature", "properties": { "event_id_cnty": "PSE46616", "event_date": "2/8/2024", "year": 2024, "time_precision": 1, "disorder_type": "Political violence", "event_type": "Explosions/Remote violence", "sub_event_type": "Air/drone strike", "actor1": "Military Forces of Israel (2022-)", "assoc_actor_1": null, "inter1": 8, "actor2": "Civilians (Palestine)", "assoc_actor_2": "Refugees/IDPs (Palestine)", "inter2": 7, "interaction": 78, "civilian_targeting": "Civilian targeting", "iso": 275, "region": "Middle East", "country": "Palestine", "admin1": "Gaza Strip", "admin2": "Deir El Balah", "admin3": null, "location": "Az Zawayda", "latitude": 31.4284, "longitude": 34.366, "geo_precision": 1, "source": "Al-Ittihad; Palestine News and Information Agency; Quds News Network; Twitter", "source_scale": "New media-National", "notes": "On 8 February 2024, Israeli warplanes struck a kindergarten hosting displaced people in Az Zawayda (Deir El Balah, Gaza Strip), killing 4 Palestinians and injuring others.", "fatalities": 4, "tags": null, "timestamp": 1767742780 }, "geometry": { "type": "Point", "coordinates": [ 34.366, 31.4284 ] } },
{ "type": "Feature", "properties": { "event_id_cnty": "PSE46629", "event_date": "2/8/2024", "year": 2024, "time_precision": 1, "disorder_type": "Political violence", "event_type": "Explosions/Remote violence", "sub_event_type": "Air/drone strike", "actor1": "Military Forces of Israel (2022-)", "assoc_actor_1": null, "inter1": 8, "actor2": "Civilians (Palestine)", "assoc_actor_2": "Refugees/IDPs (Palestine)", "inter2": 7, "interaction": 78, "civilian_targeting": "Civilian targeting", "iso": 275, "region": "Middle East", "country": "Palestine", "admin1": "Gaza Strip", "admin2": "Deir El Balah", "admin3": null, "location": "Al Maghazi", "latitude": 31.4214, "longitude": 34.3865, "geo_precision": 1, "source": "Quds News Network; Twitter", "source_scale": "New media-National", "notes": "On 8 February 2024, Israeli warplanes struck a house in Al Maghazi refugee camp (Deir El Balah, Gaza Strip), killing 5 Palestinians.", "fatalities": 5, "tags": null, "timestamp": 1753955113 }, "geometry": { "type": "Point", "coordinates": [ 34.3865, 31.4214 ] } },
{ "type": "Feature", "properties": { "event_id_cnty": "PSE46627", "event_date": "2/8/2024", "year": 2024, "time_precision": 1, "disorder_type": "Political violence", "event_type": "Explosions/Remote violence", "sub_event_type": "Air/drone strike", "actor1": "Military Forces of Israel (2022-)", "assoc_actor_1": null, "inter1": 8, "actor2": "Civilians (Palestine)", "assoc_actor_2": null, "inter2": 7, "interaction": 78, "civilian_targeting": "Civilian targeting", "iso": 275, "region": "Middle East", "country": "Palestine", "admin1": "Gaza Strip", "admin2": "North Gaza", "admin3": null, "location": "Umm al Nassr", "latitude": 31.5574, "longitude": 34.5204, "geo_precision": 1, "source": "Newpress; Twitter", "source_scale": "New media-National", "notes": "On 8 February 2024, Israeli warplanes carried out airstrikes in Al Qaraya al Badawiya in Umm al Nassr (North Gaza, Gaza Strip), killing 3 Palestinians.", "fatalities": 3, "tags": null, "timestamp": 1753955113 }, "geometry": { "type": "Point", "coordinates": [ 34.5204, 31.5574 ] } },
{ "type": "Feature", "properties": { "event_id_cnty": "PSE46606", "event_date": "2/8/2024", "year": 2024, "time_precision": 1, "disorder_type": "Political violence", "event_type": "Explosions/Remote violence", "sub_event_type": "Air/drone strike", "actor1": "Military Forces of Israel (2022-)", "assoc_actor_1": null, "inter1": 8, "actor2": "Civilians (Palestine)", "assoc_actor_2": null, "inter2": 7, "interaction": 78, "civilian_targeting": "Civilian targeting", "iso": 275, "region": "Middle East", "country": "Palestine", "admin1": "Gaza Strip", "admin2": "Gaza City", "admin3": null, "location": "Gaza - Sabra", "latitude": 31.5086, "longitude": 34.4493, "geo_precision": 1, "source": "Palestine News and Information Agency", "source_scale": "National", "notes": "On 8 February 2024, Israeli warplanes struck houses in Gaza - Sabra (Gaza City, Gaza Strip), killing dozens of Palestinians and injuring a number of others. Meanwhile, Israeli artillery shelled targets in the same area. Unknown fatalities coded as 12.", "fatalities": 12, "tags": null, "timestamp": 1759789988 }, "geometry": { "type": "Point", "coordinates": [ 34.4493, 31.5086 ] } },
{ "type": "Feature", "properties": { "event_id_cnty": "PSE46612", "event_date": "2/8/2024", "year": 2024, "time_precision": 1, "disorder_type": "Political violence", "event_type": "Explosions/Remote violence", "sub_event_type": "Air/drone strike", "actor1": "Military Forces of Israel (2022-)", "assoc_actor_1": null, "inter1": 8, "actor2": "Civilians (Palestine)", "assoc_actor_2": "Health Workers (Palestine)", "inter2": 7, "interaction": 78, "civilian_targeting": "Civilian targeting", "iso": 275, "region": "Middle East", "country": "Palestine", "admin1": "Gaza Strip", "admin2": "Khan Yunis", "admin3": null, "location": "Khan Yunis - West (Municipal Stadium)", "latitude": 31.3484, "longitude": 34.2961, "geo_precision": 2, "source": "Arab 48; Newpress; Palestine News and Information Agency; Quds News Network; Twitter", "source_scale": "New media-National", "notes": "On 8 February 2024, Israeli UAVs opened fire at the Naser hospital west of Khan Yunis (coded to Khan Yunis - West (Municipal Stadium), Gaza Strip), killing a Palestinian paramedic and injuring a number of others. Also, tanks opened fire near Al Aqsa university and struck targets west of the city and in Khan Yunis camp, injuring a number of Palestinians.", "fatalities": 1, "tags": null, "timestamp": 1753955113 }, "geometry": { "type": "Point", "coordinates": [ 34.2961, 31.3484 ] } },
{ "type": "Feature", "properties": { "event_id_cnty": "PSE60063", "event_date": "2/8/2024", "year": 2024, "time_precision": 1, "disorder_type": "Political violence", "event_type": "Violence against civilians", "sub_event_type": "Attack", "actor1": "Military Forces of Israel (2022-)", "assoc_actor_1": null, "inter1": 8, "actor2": "Civilians (Palestine)", "assoc_actor_2": null, "inter2": 7, "interaction": 78, "civilian_targeting": "Civilian targeting", "iso": 275, "region": "Middle East", "country": "Palestine", "admin1": "Gaza Strip", "admin2": "Khan Yunis", "admin3": null, "location": "Khan Yunis - West (Municipal Stadium)", "latitude": 31.3484, "longitude": 34.2961, "geo_precision": 2, "source": "Arab 48; Newpress; Palestine News and Information Agency; Quds News Network; Twitter", "source_scale": "New media-National", "notes": "On 8 February 2024, Israeli snipers shot dead 8 Palestinians while filling water near Naser Hospital west of Khan Yunis (coded to Khan Yunis - West (Municipal Stadium), Gaza Strip).", "fatalities": 8, "tags": null, "timestamp": 1753956638 }, "geometry": { "type": "Point", "coordinates": [ 34.2961, 31.3484 ] } },
{ "type": "Feature", "properties": { "event_id_cnty": "PSE46608", "event_date": "2/8/2024", "year": 2024, "time_precision": 1, "disorder_type": "Political violence", "event_type": "Explosions/Remote violence", "sub_event_type": "Air/drone strike", "actor1": "Military Forces of Israel (2022-)", "assoc_actor_1": null, "inter1": 8, "actor2": "Civilians (Palestine)", "assoc_actor_2": null, "inter2": 7, "interaction": 78, "civilian_targeting": "Civilian targeting", "iso": 275, "region": "Middle East", "country": "Palestine", "admin1": "Gaza Strip", "admin2": "Gaza City", "admin3": null, "location": "Gaza - Southern Remal", "latitude": 31.5168, "longitude": 34.4355, "geo_precision": 2, "source": "Palestine News and Information Agency; Palestinian Ministry of Health; Quds News Network; Twitter", "source_scale": "Other-New media", "notes": "On 8 February 2024, Israeli UAVs opened fire west of Gaza city (including the areas of Tayaran, Saraya, Sinaa, Jamiat), coded to Gaza - Southern Remal (Gaza City, Gaza Strip), killing and injuring an unspecified number of Palestinians. [Palestinian Ministry of Health reported 27947 fatalities upto 8 February. 20 fatalities not attributed to specific events added to 1 event on 9 February. 20 fatalities coded to this event.]", "fatalities": 20, "tags": null, "timestamp": 1759789988 }, "geometry": { "type": "Point", "coordinates": [ 34.4355, 31.5168 ] } },
{ "type": "Feature", "properties": { "event_id_cnty": "PSE46607", "event_date": "2/8/2024", "year": 2024, "time_precision": 1, "disorder_type": "Political violence", "event_type": "Explosions/Remote violence", "sub_event_type": "Air/drone strike", "actor1": "Military Forces of Israel (2022-)", "assoc_actor_1": null, "inter1": 8, "actor2": "Civilians (Palestine)", "assoc_actor_2": null, "inter2": 7, "interaction": 78, "civilian_targeting": "Civilian targeting", "iso": 275, "region": "Middle East", "country": "Palestine", "admin1": "Gaza Strip", "admin2": "Gaza City", "admin3": null, "location": "Gaza - Az Zaytun", "latitude": 31.4964, "longitude": 34.4522, "geo_precision": 1, "source": "Palestine News and Information Agency", "source_scale": "National", "notes": "On 8 February 2024, Israeli warplanes struck houses in Gaza - Az Zaytun (Gaza City, Gaza Strip), killing dozens of Palestinians and injuring a number of others. Meanwhile, the artillery shelled targets in the same area. Unknown fatalities coded as 12.", "fatalities": 12, "tags": null, "timestamp": 1759789988 }, "geometry": { "type": "Point", "coordinates": [ 34.4522, 31.4964 ] } },
{ "type": "Feature", "properties": { "event_id_cnty": "PSE46610", "event_date": "2/8/2024", "year": 2024, "time_precision": 1, "disorder_type": "Political violence", "event_type": "Explosions/Remote violence", "sub_event_type": "Air/drone strike", "actor1": "Military Forces of Israel (2022-)", "assoc_actor_1": null, "inter1": 8, "actor2": "Civilians (Palestine)", "assoc_actor_2": null, "inter2": 7, "interaction": 78, "civilian_targeting": "Civilian targeting", "iso": 275, "region": "Middle East", "country": "Palestine", "admin1": "Gaza Strip", "admin2": "Gaza City", "admin3": null, "location": "Gaza - Tal el Hawa", "latitude": 31.5041, "longitude": 34.435, "geo_precision": 1, "source": "Palestine Information Center; Palestine News and Information Agency; Quds News Network", "source_scale": "Other-National", "notes": "On 8 February 2024, Israeli UAVs opened fire and struck targets (including houses) in Gaza - Tal el Hawa (Gaza City, Gaza Strip). Casualties unknown. [On 11 February 2024, 100 bodies were recovered from under the rubble in Remal and Tal el Hawa, these fatalities split across 4 events, 25 fatalities were coded to this event].", "fatalities": 25, "tags": null, "timestamp": 1759789988 }, "geometry": { "type": "Point", "coordinates": [ 34.435, 31.5041 ] } },
{ "type": "Feature", "properties": { "event_id_cnty": "PSE46632", "event_date": "2/8/2024", "year": 2024, "time_precision": 1, "disorder_type": "Political violence", "event_type": "Explosions/Remote violence", "sub_event_type": "Air/drone strike", "actor1": "Military Forces of Israel (2022-)", "assoc_actor_1": null, "inter1": 8, "actor2": "Civilians (Palestine)", "assoc_actor_2": null, "inter2": 7, "interaction": 78, "civilian_targeting": "Civilian targeting", "iso": 275, "region": "Middle East", "country": "Palestine", "admin1": "Gaza Strip", "admin2": "Khan Yunis", "admin3": null, "location": "Khan Yunis - Maen", "latitude": 31.336, "longitude": 34.3172, "geo_precision": 2, "source": "Quds News Network; Twitter", "source_scale": "New media-National", "notes": "On 8 February 2024, Israeli warplanes struck a group of people while waiting aid trucks southeast of Khan Yunis, coded to Khan Yunis - Maen (Khan Yunis, Gaza Strip), killing 2 Palestinians and injuring a number of others. This event involved violence over aid.", "fatalities": 2, "tags": null, "timestamp": 1754946060 }, "geometry": { "type": "Point", "coordinates": [ 34.3172, 31.336 ] } },
{ "type": "Feature", "properties": { "event_id_cnty": "PSE46637", "event_date": "2/9/2024", "year": 2024, "time_precision": 1, "disorder_type": "Political violence", "event_type": "Explosions/Remote violence", "sub_event_type": "Shelling/artillery/missile attack", "actor1": "Military Forces of Israel (2022-)", "assoc_actor_1": null, "inter1": 8, "actor2": "Civilians (Palestine)", "assoc_actor_2": "Refugees/IDPs (Palestine)", "inter2": 7, "interaction": 78, "civilian_targeting": "Civilian targeting", "iso": 275, "region": "Middle East", "country": "Palestine", "admin1": "Gaza Strip", "admin2": "Khan Yunis", "admin3": null, "location": "Bani Suheila", "latitude": 31.3424, "longitude": 34.325, "geo_precision": 2, "source": "Palestine News and Information Agency; PLO Negotiations Affairs Department", "source_scale": "Other-National", "notes": "On 9 February 2024, Israeli artillery and tanks shelled targets east of Khan Yunis, coded to Bani Suheila (Khan Yunis, Gaza Strip). Also, the artillery struck the Tiba school hosting displaced people east of Khan Yunis. Casualties unknown.", "fatalities": 0, "tags": null, "timestamp": 1753955113 }, "geometry": { "type": "Point", "coordinates": [ 34.325, 31.3424 ] } },
{ "type": "Feature", "properties": { "event_id_cnty": "PSE46655", "event_date": "2/9/2024", "year": 2024, "time_precision": 1, "disorder_type": "Political violence", "event_type": "Explosions/Remote violence", "sub_event_type": "Air/drone strike", "actor1": "Military Forces of Israel (2022-)", "assoc_actor_1": null, "inter1": 8, "actor2": "Civilians (Palestine)", "assoc_actor_2": null, "inter2": 7, "interaction": 78, "civilian_targeting": "Civilian targeting", "iso": 275, "region": "Middle East", "country": "Palestine", "admin1": "Gaza Strip", "admin2": "Rafah", "admin3": null, "location": "An Nasr", "latitude": 31.2814, "longitude": 34.3025, "geo_precision": 1, "source": "Arab 48; Palestine News and Information Agency; Quds News Network", "source_scale": "National", "notes": "On 9 February 2024, Israeli warplanes struck a house in An Nasr (Rafah, Gaza Strip), killing 11 Palestinians and injuring a number of others.", "fatalities": 11, "tags": null, "timestamp": 1753955113 }, "geometry": { "type": "Point", "coordinates": [ 34.3025, 31.2814 ] } },
{ "type": "Feature", "properties": { "event_id_cnty": "PSE47180", "event_date": "2/9/2024", "year": 2024, "time_precision": 1, "disorder_type": "Political violence", "event_type": "Violence against civilians", "sub_event_type": "Attack", "actor1": "Military Forces of Israel (2022-)", "assoc_actor_1": null, "inter1": 8, "actor2": "Civilians (Palestine)", "assoc_actor_2": null, "inter2": 7, "interaction": 78, "civilian_targeting": "Civilian targeting", "iso": 275, "region": "Middle East", "country": "Palestine", "admin1": "Gaza Strip", "admin2": "Gaza City", "admin3": null, "location": "Gaza", "latitude": 31.5045, "longitude": 34.4743, "geo_precision": 1, "source": "Ma'an News Agency", "source_scale": "National", "notes": "On 9 February 2024, Israeli snipers shot and killed Palestinians in Gaza city (Gaza Strip). Israeli snipers killed 11 Palestinians over 9 and 10 February 2024. 11 Fatalities split across 2 events. 5 fatalities coded here.", "fatalities": 5, "tags": null, "timestamp": 1759789988 }, "geometry": { "type": "Point", "coordinates": [ 34.4743, 31.5045 ] } },
{ "type": "Feature", "properties": { "event_id_cnty": "PSE46636", "event_date": "2/9/2024", "year": 2024, "time_precision": 1, "disorder_type": "Political violence", "event_type": "Explosions/Remote violence", "sub_event_type": "Shelling/artillery/missile attack", "actor1": "Military Forces of Israel (2022-)", "assoc_actor_1": null, "inter1": 8, "actor2": "Civilians (Palestine)", "assoc_actor_2": null, "inter2": 7, "interaction": 78, "civilian_targeting": "Civilian targeting", "iso": 275, "region": "Middle East", "country": "Palestine", "admin1": "Gaza Strip", "admin2": "Deir El Balah", "admin3": null, "location": "Deir al Balah Camp", "latitude": 31.4249, "longitude": 34.34, "geo_precision": 2, "source": "PLO Negotiations Affairs Department; Quds News Network; Twitter", "source_scale": "Other-New media", "notes": "On 9 February 2024, Israeli artillery and tanks shelled targets east of Deir El Balah (coded to Deir al Balah Camp, Gaza Strip), injuring a Palestinian.", "fatalities": 0, "tags": null, "timestamp": 1765850627 }, "geometry": { "type": "Point", "coordinates": [ 34.34, 31.4249 ] } },
{ "type": "Feature", "properties": { "event_id_cnty": "PSE46645", "event_date": "2/9/2024", "year": 2024, "time_precision": 1, "disorder_type": "Political violence", "event_type": "Explosions/Remote violence", "sub_event_type": "Air/drone strike", "actor1": "Military Forces of Israel (2022-)", "assoc_actor_1": null, "inter1": 8, "actor2": "Civilians (Palestine)", "assoc_actor_2": null, "inter2": 7, "interaction": 78, "civilian_targeting": "Civilian targeting", "iso": 275, "region": "Middle East", "country": "Palestine", "admin1": "Gaza Strip", "admin2": "Deir El Balah", "admin3": null, "location": "Deir al Balah", "latitude": 31.4178, "longitude": 34.3503, "geo_precision": 1, "source": "Palestine News and Information Agency", "source_scale": "National", "notes": "On 9 February 2024, Israeli warplanes struck a house in Deir al Balah city (Deir El Balah, Gaza Strip), killing at least one Palestinian and injuring several of others.", "fatalities": 1, "tags": null, "timestamp": 1753955113 }, "geometry": { "type": "Point", "coordinates": [ 34.3503, 31.4178 ] } },
{ "type": "Feature", "properties": { "event_id_cnty": "PSE46667", "event_date": "2/9/2024", "year": 2024, "time_precision": 1, "disorder_type": "Political violence", "event_type": "Explosions/Remote violence", "sub_event_type": "Air/drone strike", "actor1": "Military Forces of Israel (2022-)", "assoc_actor_1": null, "inter1": 8, "actor2": "Civilians (Palestine)", "assoc_actor_2": null, "inter2": 7, "interaction": 78, "civilian_targeting": "Civilian targeting", "iso": 275, "region": "Middle East", "country": "Palestine", "admin1": "Gaza Strip", "admin2": "Rafah", "admin3": null, "location": "Shokat as Sufi", "latitude": 31.2586, "longitude": 34.2824, "geo_precision": 1, "source": "Quds News Network; Twitter", "source_scale": "New media-National", "notes": "On 9 February 2024, Israeli warplanes carried out strikes in Shokat as Sufi (Rafah, Gaza Strip), killing 2 Palestinians.", "fatalities": 2, "tags": null, "timestamp": 1753955113 }, "geometry": { "type": "Point", "coordinates": [ 34.2824, 31.2586 ] } },
{ "type": "Feature", "properties": { "event_id_cnty": "PSE46647", "event_date": "2/9/2024", "year": 2024, "time_precision": 1, "disorder_type": "Political violence", "event_type": "Explosions/Remote violence", "sub_event_type": "Air/drone strike", "actor1": "Military Forces of Israel (2022-)", "assoc_actor_1": null, "inter1": 8, "actor2": "Civilians (Palestine)", "assoc_actor_2": null, "inter2": 7, "interaction": 78, "civilian_targeting": "Civilian targeting", "iso": 275, "region": "Middle East", "country": "Palestine", "admin1": "Gaza Strip", "admin2": "Gaza City", "admin3": null, "location": "Gaza - Sabra", "latitude": 31.5086, "longitude": 34.4493, "geo_precision": 1, "source": "Palestine News and Information Agency; Quds News Network; Twitter", "source_scale": "New media-National", "notes": "On 9 February 2024, Israeli warplanes struck houses in Gaza - Sabra (Gaza City, Gaza Strip). Casualties unknown.", "fatalities": 0, "tags": null, "timestamp": 1759789988 }, "geometry": { "type": "Point", "coordinates": [ 34.4493, 31.5086 ] } },
{ "type": "Feature", "properties": { "event_id_cnty": "PSE46646", "event_date": "2/9/2024", "year": 2024, "time_precision": 1, "disorder_type": "Political violence", "event_type": "Explosions/Remote violence", "sub_event_type": "Air/drone strike", "actor1": "Military Forces of Israel (2022-)", "assoc_actor_1": null, "inter1": 8, "actor2": "Civilians (Palestine)", "assoc_actor_2": null, "inter2": 7, "interaction": 78, "civilian_targeting": "Civilian targeting", "iso": 275, "region": "Middle East", "country": "Palestine", "admin1": "Gaza Strip", "admin2": "Gaza City", "admin3": null, "location": "Gaza - Southern Remal", "latitude": 31.5168, "longitude": 34.4355, "geo_precision": 1, "source": "Newpress; Palestine News and Information Agency; Quds News Network; Twitter", "source_scale": "New media-National", "notes": "On 9 February 2024, Israeli warplanes struck houses in Gaza - Southern Remal (Gaza City, Gaza Strip), leaving dozens of fatalities and injuries in several locations of Gaza city (fatalities coded to this location). Meanwhile, the artillery struck targets in the same area. Unknown fatalities coded as 12.", "fatalities": 12, "tags": null, "timestamp": 1759789988 }, "geometry": { "type": "Point", "coordinates": [ 34.4355, 31.5168 ] } },
{ "type": "Feature", "properties": { "event_id_cnty": "PSE46652", "event_date": "2/9/2024", "year": 2024, "time_precision": 1, "disorder_type": "Political violence", "event_type": "Explosions/Remote violence", "sub_event_type": "Air/drone strike", "actor1": "Military Forces of Israel (2022-)", "assoc_actor_1": null, "inter1": 8, "actor2": "Civilians (Palestine)", "assoc_actor_2": null, "inter2": 7, "interaction": 78, "civilian_targeting": "Civilian targeting", "iso": 275, "region": "Middle East", "country": "Palestine", "admin1": "Gaza Strip", "admin2": "Khan Yunis", "admin3": null, "location": "Khan Yunis - West (Municipal Stadium)", "latitude": 31.3484, "longitude": 34.2961, "geo_precision": 2, "source": "Arab 48; Newpress; Palestine News and Information Agency; Quds News Network; Twitter", "source_scale": "New media-National", "notes": "On 9 February 2024, Israeli artillery struck targets west of Khan Yunis (coded to Khan Yunis - West (Municipal Stadium)) (Gaza Strip), killing and injuring an unspecified number of Palestinians. Unknown fatalities coded as 10. In addition, warplanes struck targets in the same area [casualties unknown]. Fatalities coded as 10.", "fatalities": 10, "tags": null, "timestamp": 1753955113 }, "geometry": { "type": "Point", "coordinates": [ 34.2961, 31.3484 ] } },
{ "type": "Feature", "properties": { "event_id_cnty": "PSE60064", "event_date": "2/9/2024", "year": 2024, "time_precision": 1, "disorder_type": "Political violence", "event_type": "Violence against civilians", "sub_event_type": "Attack", "actor1": "Military Forces of Israel (2022-)", "assoc_actor_1": null, "inter1": 8, "actor2": "Civilians (Palestine)", "assoc_actor_2": null, "inter2": 7, "interaction": 78, "civilian_targeting": "Civilian targeting", "iso": 275, "region": "Middle East", "country": "Palestine", "admin1": "Gaza Strip", "admin2": "Khan Yunis", "admin3": null, "location": "Khan Yunis - West (Municipal Stadium)", "latitude": 31.3484, "longitude": 34.2961, "geo_precision": 2, "source": "Arab 48; Newpress; Palestine News and Information Agency; Quds News Network; Twitter", "source_scale": "New media-National", "notes": "On 9 February 2024, Israeli snipers shot dead 2 Palestinians (including elderly person) near Naser hospital west of Khan Yunis (coded to Khan Yunis - West (Municipal Stadium)) (Gaza Strip).", "fatalities": 2, "tags": null, "timestamp": 1753956638 }, "geometry": { "type": "Point", "coordinates": [ 34.2961, 31.3484 ] } },
{ "type": "Feature", "properties": { "event_id_cnty": "PSE46650", "event_date": "2/9/2024", "year": 2024, "time_precision": 1, "disorder_type": "Political violence", "event_type": "Explosions/Remote violence", "sub_event_type": "Air/drone strike", "actor1": "Military Forces of Israel (2022-)", "assoc_actor_1": null, "inter1": 8, "actor2": "Civilians (Palestine)", "assoc_actor_2": null, "inter2": 7, "interaction": 78, "civilian_targeting": "Civilian targeting", "iso": 275, "region": "Middle East", "country": "Palestine", "admin1": "Gaza Strip", "admin2": "Gaza City", "admin3": null, "location": "Gaza - Ash Shaykh Ijlin", "latitude": 31.5098, "longitude": 34.4274, "geo_precision": 1, "source": "Palestine News and Information Agency", "source_scale": "National", "notes": "On 9 February 2024, Israeli warplanes struck houses in Gaza - Ash Shaykh Ijlin (Gaza City, Gaza Strip). Casualties unknown.", "fatalities": 0, "tags": null, "timestamp": 1753955113 }, "geometry": { "type": "Point", "coordinates": [ 34.4274, 31.5098 ] } },
{ "type": "Feature", "properties": { "event_id_cnty": "PSE46658", "event_date": "2/9/2024", "year": 2024, "time_precision": 1, "disorder_type": "Political violence", "event_type": "Explosions/Remote violence", "sub_event_type": "Air/drone strike", "actor1": "Military Forces of Israel (2022-)", "assoc_actor_1": null, "inter1": 8, "actor2": "Civilians (Palestine)", "assoc_actor_2": null, "inter2": 7, "interaction": 78, "civilian_targeting": "Civilian targeting", "iso": 275, "region": "Middle East", "country": "Palestine", "admin1": "Gaza Strip", "admin2": "North Gaza", "admin3": null, "location": "Beit Hanoun", "latitude": 31.5405, "longitude": 34.5402, "geo_precision": 1, "source": "Arab 48; Newpress; Palestinian Ministry of Health; Quds News Network; Twitter", "source_scale": "Other-New media", "notes": "On 9 February 2024, Israeli warplanes struck houses at the eastern entrance of Beit Hanoun town (North Gaza, Gaza Strip), leaving a number of unspecified fatalities. [Palestinian Ministry of Health reported 28064 fatalities upto 9 February 2024. 33 fatalities not attributed to specific events split across 2 events on 9 Febraury. 17 fatalities coded to this event.]", "fatalities": 17, "tags": null, "timestamp": 1753955113 }, "geometry": { "type": "Point", "coordinates": [ 34.5402, 31.5405 ] } },
{ "type": "Feature", "properties": { "event_id_cnty": "PSE46638", "event_date": "2/9/2024", "year": 2024, "time_precision": 1, "disorder_type": "Political violence", "event_type": "Explosions/Remote violence", "sub_event_type": "Air/drone strike", "actor1": "Military Forces of Israel (2022-)", "assoc_actor_1": null, "inter1": 8, "actor2": "Civilians (Palestine)", "assoc_actor_2": null, "inter2": 7, "interaction": 78, "civilian_targeting": "Civilian targeting", "iso": 275, "region": "Middle East", "country": "Palestine", "admin1": "Gaza Strip", "admin2": "Rafah", "admin3": null, "location": "Yibna", "latitude": 31.2842, "longitude": 34.2482, "geo_precision": 2, "source": "Palestine News and Information Agency; PLO Negotiations Affairs Department; Quds News Network; Twitter", "source_scale": "Other-New media", "notes": "On 9 February 2024, Israeli artillery and tanks shelled targets east of Rafah (coded to Yibna, Gaza Strip). Meanwhile, at least 3 Palestinians were killed in an airstrike targeted a house in Al Junainha area east of the city.", "fatalities": 3, "tags": null, "timestamp": 1753955113 }, "geometry": { "type": "Point", "coordinates": [ 34.2482, 31.2842 ] } },
{ "type": "Feature", "properties": { "event_id_cnty": "PSE46648", "event_date": "2/9/2024", "year": 2024, "time_precision": 1, "disorder_type": "Political violence", "event_type": "Explosions/Remote violence", "sub_event_type": "Air/drone strike", "actor1": "Military Forces of Israel (2022-)", "assoc_actor_1": null, "inter1": 8, "actor2": "Civilians (Palestine)", "assoc_actor_2": null, "inter2": 7, "interaction": 78, "civilian_targeting": "Civilian targeting", "iso": 275, "region": "Middle East", "country": "Palestine", "admin1": "Gaza Strip", "admin2": "Gaza City", "admin3": null, "location": "Gaza - Az Zaytun", "latitude": 31.4964, "longitude": 34.4522, "geo_precision": 1, "source": "Palestine News and Information Agency", "source_scale": "National", "notes": "On 9 February 2024, Israeli warplanes struck houses in Gaza - Az Zaytun (Gaza City, Gaza Strip). Casualties unknown.", "fatalities": 0, "tags": null, "timestamp": 1759789988 }, "geometry": { "type": "Point", "coordinates": [ 34.4522, 31.4964 ] } },
{ "type": "Feature", "properties": { "event_id_cnty": "PSE46649", "event_date": "2/9/2024", "year": 2024, "time_precision": 1, "disorder_type": "Political violence", "event_type": "Explosions/Remote violence", "sub_event_type": "Air/drone strike", "actor1": "Military Forces of Israel (2022-)", "assoc_actor_1": null, "inter1": 8, "actor2": "Civilians (Palestine)", "assoc_actor_2": null, "inter2": 7, "interaction": 78, "civilian_targeting": "Civilian targeting", "iso": 275, "region": "Middle East", "country": "Palestine", "admin1": "Gaza Strip", "admin2": "Gaza City", "admin3": null, "location": "Gaza - Tal el Hawa", "latitude": 31.5041, "longitude": 34.435, "geo_precision": 1, "source": "Palestine Information Center; Palestine News and Information Agency; Quds News Network", "source_scale": "Other-National", "notes": "On 9 February 2024, Israeli warplanes struck houses in Gaza - Tal el Hawa (Gaza City, Gaza Strip). Casualties unknown. [On 11 February 2024, 100 bodies were recovered from under the rubble in Remal and Tal el Hawa, these fatalities split across 4 events, 25 fatalities were coded to this event].", "fatalities": 25, "tags": null, "timestamp": 1759789988 }, "geometry": { "type": "Point", "coordinates": [ 34.435, 31.5041 ] } },
{ "type": "Feature", "properties": { "event_id_cnty": "PSE46653", "event_date": "2/9/2024", "year": 2024, "time_precision": 1, "disorder_type": "Political violence", "event_type": "Explosions/Remote violence", "sub_event_type": "Air/drone strike", "actor1": "Military Forces of Israel (2022-)", "assoc_actor_1": null, "inter1": 8, "actor2": "Civilians (Palestine)", "assoc_actor_2": null, "inter2": 7, "interaction": 78, "civilian_targeting": "Civilian targeting", "iso": 275, "region": "Middle East", "country": "Palestine", "admin1": "Gaza Strip", "admin2": "North Gaza", "admin3": null, "location": "Jabalya", "latitude": 31.5272, "longitude": 34.4835, "geo_precision": 1, "source": "Palestine News and Information Agency; Palestinian Ministry of Health; Quds News Network; Twitter", "source_scale": "Other-New media", "notes": "On 9 February 2024, Israeli warplanes struck houses in Jabalya town (North Gaza, Gaza Strip), killing and injuring an unspecified number of Palestinians. [Palestinian Ministry of Health reported 28064 fatalities upto 9 February 2024. 33 fatalities not attributed to specific events split across 2 events on 9 Febraury. 16 fatalities coded to this event.]", "fatalities": 16, "tags": null, "timestamp": 1759789988 }, "geometry": { "type": "Point", "coordinates": [ 34.4835, 31.5272 ] } },
{ "type": "Feature", "properties": { "event_id_cnty": "PSE46659", "event_date": "2/9/2024", "year": 2024, "time_precision": 1, "disorder_type": "Political violence", "event_type": "Violence against civilians", "sub_event_type": "Attack", "actor1": "Military Forces of Israel (2022-)", "assoc_actor_1": null, "inter1": 8, "actor2": "Civilians (Palestine)", "assoc_actor_2": null, "inter2": 7, "interaction": 78, "civilian_targeting": "Civilian targeting", "iso": 275, "region": "Middle East", "country": "Palestine", "admin1": "Gaza Strip", "admin2": "Gaza City", "admin3": null, "location": "Gaza - Tal el Hawa", "latitude": 31.5041, "longitude": 34.435, "geo_precision": 2, "source": "Arab 48; Newpress; Quds News Network; Twitter", "source_scale": "New media-National", "notes": "On 9 February 2024, Israeli snipers shot dead 9 Palestinians and injured 11 others southwest of Gaza city, coded to Gaza - Tal el Hawa (Gaza City, Gaza Strip).", "fatalities": 9, "tags": null, "timestamp": 1759789988 }, "geometry": { "type": "Point", "coordinates": [ 34.435, 31.5041 ] } },
{ "type": "Feature", "properties": { "event_id_cnty": "PSE46662", "event_date": "2/9/2024", "year": 2024, "time_precision": 1, "disorder_type": "Political violence", "event_type": "Explosions/Remote violence", "sub_event_type": "Air/drone strike", "actor1": "Military Forces of Israel (2022-)", "assoc_actor_1": null, "inter1": 8, "actor2": "Civilians (Palestine)", "assoc_actor_2": null, "inter2": 7, "interaction": 78, "civilian_targeting": "Civilian targeting", "iso": 275, "region": "Middle East", "country": "Palestine", "admin1": "Gaza Strip", "admin2": "North Gaza", "admin3": null, "location": "Jabalya - Tel-Zaatar", "latitude": 31.5367, "longitude": 34.5035, "geo_precision": 1, "source": "Newpress; Quds News Network; Twitter", "source_scale": "New media-National", "notes": "On 9 February 2024, Israeli warplanes struck a target in Jabalya - Tel-Zaatar (North Gaza, Gaza Strip), killing 2 Palestinians.", "fatalities": 2, "tags": null, "timestamp": 1759789988 }, "geometry": { "type": "Point", "coordinates": [ 34.5035, 31.5367 ] } },
{ "type": "Feature", "properties": { "event_id_cnty": "PSE46644", "event_date": "2/9/2024", "year": 2024, "time_precision": 1, "disorder_type": "Political violence", "event_type": "Explosions/Remote violence", "sub_event_type": "Air/drone strike", "actor1": "Military Forces of Israel (2022-)", "assoc_actor_1": null, "inter1": 8, "actor2": "Civilians (Palestine)", "assoc_actor_2": null, "inter2": 7, "interaction": 78, "civilian_targeting": "Civilian targeting", "iso": 275, "region": "Middle East", "country": "Palestine", "admin1": "Gaza Strip", "admin2": "Rafah", "admin3": null, "location": "Rafah", "latitude": 31.287, "longitude": 34.2595, "geo_precision": 1, "source": "Al-Ittihad; Palestine News and Information Agency", "source_scale": "National-Regional", "notes": "On 9 February 2024, Israeli warplanes struck houses and apartments in Rafah city (Rafah, Gaza Strip), killing 8 Palestinians.", "fatalities": 8, "tags": null, "timestamp": 1762829569 }, "geometry": { "type": "Point", "coordinates": [ 34.2595, 31.287 ] } },
{ "type": "Feature", "properties": { "event_id_cnty": "PSE46663", "event_date": "2/9/2024", "year": 2024, "time_precision": 1, "disorder_type": "Political violence", "event_type": "Explosions/Remote violence", "sub_event_type": "Air/drone strike", "actor1": "Military Forces of Israel (2022-)", "assoc_actor_1": null, "inter1": 8, "actor2": "Civilians (Palestine)", "assoc_actor_2": null, "inter2": 7, "interaction": 78, "civilian_targeting": "Civilian targeting", "iso": 275, "region": "Middle East", "country": "Palestine", "admin1": "Gaza Strip", "admin2": "Rafah", "admin3": null, "location": "Khirbet al Adas", "latitude": 31.2855, "longitude": 34.2714, "geo_precision": 1, "source": "Quds News Network; Twitter", "source_scale": "New media-National", "notes": "On 9 February 2024, Israeli warplanes struck a target in Khirbet al Adas (Rafah, Gaza Strip), killing 2 Palestinians.", "fatalities": 2, "tags": null, "timestamp": 1753955113 }, "geometry": { "type": "Point", "coordinates": [ 34.2714, 31.2855 ] } },
{ "type": "Feature", "properties": { "event_id_cnty": "PSE47111", "event_date": "2/10/2024", "year": 2024, "time_precision": 1, "disorder_type": "Political violence", "event_type": "Explosions/Remote violence", "sub_event_type": "Air/drone strike", "actor1": "Military Forces of Israel (2022-)", "assoc_actor_1": null, "inter1": 8, "actor2": "Civilians (Palestine)", "assoc_actor_2": null, "inter2": 7, "interaction": 78, "civilian_targeting": "Civilian targeting", "iso": 275, "region": "Middle East", "country": "Palestine", "admin1": "Gaza Strip", "admin2": "Rafah", "admin3": null, "location": "An Nasr", "latitude": 31.2814, "longitude": 34.3025, "geo_precision": 1, "source": "Al-Ittihad; Ma'an News Agency; Palestine News and Information Agency; Quds News Network", "source_scale": "National-Regional", "notes": "On 10 February 2024, Israeli military warplanes struck houses in An Nasr (Rafah, Gaza Strip), killing at least 11 people from the same family.", "fatalities": 11, "tags": null, "timestamp": 1753955113 }, "geometry": { "type": "Point", "coordinates": [ 34.3025, 31.2814 ] } },
{ "type": "Feature", "properties": { "event_id_cnty": "PSE47140", "event_date": "2/10/2024", "year": 2024, "time_precision": 1, "disorder_type": "Political violence", "event_type": "Violence against civilians", "sub_event_type": "Attack", "actor1": "Military Forces of Israel (2022-)", "assoc_actor_1": null, "inter1": 8, "actor2": "Civilians (Palestine)", "assoc_actor_2": null, "inter2": 7, "interaction": 78, "civilian_targeting": "Civilian targeting", "iso": 275, "region": "Middle East", "country": "Palestine", "admin1": "Gaza Strip", "admin2": "Gaza City", "admin3": null, "location": "Gaza", "latitude": 31.5045, "longitude": 34.4743, "geo_precision": 1, "source": "Ma'an News Agency", "source_scale": "National", "notes": "On 10 February 2024, Israeli snipers shot and killed Palestinians in Gaza city (Gaza Strip). Israeli snipers killed 11 Palestinians over 9 and 10 February 2024. 11 Fatalities split across 2 events. 6 fatalities coded here.", "fatalities": 6, "tags": null, "timestamp": 1759789988 }, "geometry": { "type": "Point", "coordinates": [ 34.4743, 31.5045 ] } },
{ "type": "Feature", "properties": { "event_id_cnty": "PSE47181", "event_date": "2/10/2024", "year": 2024, "time_precision": 1, "disorder_type": "Political violence", "event_type": "Violence against civilians", "sub_event_type": "Attack", "actor1": "Military Forces of Israel (2022-)", "assoc_actor_1": null, "inter1": 8, "actor2": "Civilians (Palestine)", "assoc_actor_2": null, "inter2": 7, "interaction": 78, "civilian_targeting": "Civilian targeting", "iso": 275, "region": "Middle East", "country": "Palestine", "admin1": "Gaza Strip", "admin2": "Khan Yunis", "admin3": null, "location": "Khan Yunis", "latitude": 31.3502, "longitude": 34.3081, "geo_precision": 1, "source": "Newpress; Quds News Network", "source_scale": "National", "notes": "On 10 February 2024, Israeli snipers shot and killed a disabled Palestinian man in the Nemsawi neighborhood of Khan Yunis city (Gaza Strip).", "fatalities": 1, "tags": null, "timestamp": 1753955113 }, "geometry": { "type": "Point", "coordinates": [ 34.3081, 31.3502 ] } },
{ "type": "Feature", "properties": { "event_id_cnty": "PSE47189", "event_date": "2/10/2024", "year": 2024, "time_precision": 1, "disorder_type": "Political violence", "event_type": "Explosions/Remote violence", "sub_event_type": "Shelling/artillery/missile attack", "actor1": "Military Forces of Israel (2022-)", "assoc_actor_1": null, "inter1": 8, "actor2": "Civilians (Palestine)", "assoc_actor_2": "Refugees/IDPs (Palestine)", "inter2": 7, "interaction": 78, "civilian_targeting": "Civilian targeting", "iso": 275, "region": "Middle East", "country": "Palestine", "admin1": "Gaza Strip", "admin2": "Khan Yunis", "admin3": null, "location": "Khan Yunis - West (Municipal Stadium)", "latitude": 31.3484, "longitude": 34.2961, "geo_precision": 1, "source": "Newpress; Palestine News and Information Agency; Quds News Network", "source_scale": "National", "notes": "On 10 February 2024, Israeli tanks struck targets and opened fire in the vicinity of Naser Hospital, west of Khan Yunis, Khan Yunis - West (Municipal Stadium) - Gaza Strip, killing 2 displaced people and injuring an unspecified number of others. Some other sources reported there were 4 fatalities. At least 2 fatalities coded.", "fatalities": 2, "tags": null, "timestamp": 1753955113 }, "geometry": { "type": "Point", "coordinates": [ 34.2961, 31.3484 ] } },
{ "type": "Feature", "properties": { "event_id_cnty": "PSE47218", "event_date": "2/10/2024", "year": 2024, "time_precision": 1, "disorder_type": "Political violence", "event_type": "Violence against civilians", "sub_event_type": "Attack", "actor1": "Military Forces of Israel (2022-)", "assoc_actor_1": null, "inter1": 8, "actor2": "Civilians (Palestine)", "assoc_actor_2": "Health Workers (Palestine)", "inter2": 7, "interaction": 78, "civilian_targeting": "Civilian targeting", "iso": 275, "region": "Middle East", "country": "Palestine", "admin1": "Gaza Strip", "admin2": "Khan Yunis", "admin3": null, "location": "Khan Yunis - Al Amal", "latitude": 31.3544, "longitude": 34.3007, "geo_precision": 1, "source": "Al-Ittihad; Israeli Defense Forces; Joe Truzman; Ma'an News Agency; Palestine Information Center", "source_scale": "Other-National", "notes": "On 10 February 2024, Israeli forces raided Al Amal hospital in Khan Yunis - Al Amal (Khan Yunis, Gaza Strip), arrested 9 medical staff members and assaulted a number of others. The forces also destroyed medical devices and seized cash, laptops, communication devices and all keys to ambulance vehicles at the hospital. Israeli Defense forces said they arrested 20 people from the hospital on terrorism charges. There were no casualties from the raid. On 11 February 2024, the Palestine Red Crescent Society announced that 3 patients died because Israeli troops prevented oxygen from getting to the hospital.", "fatalities": 3, "tags": null, "timestamp": 1753955113 }, "geometry": { "type": "Point", "coordinates": [ 34.3007, 31.3544 ] } },
{ "type": "Feature", "properties": { "event_id_cnty": "PSE47113", "event_date": "2/10/2024", "year": 2024, "time_precision": 1, "disorder_type": "Political violence", "event_type": "Explosions/Remote violence", "sub_event_type": "Air/drone strike", "actor1": "Military Forces of Israel (2022-)", "assoc_actor_1": null, "inter1": 8, "actor2": "Civilians (Palestine)", "assoc_actor_2": "Refugees/IDPs (Palestine)", "inter2": 7, "interaction": 78, "civilian_targeting": "Civilian targeting", "iso": 275, "region": "Middle East", "country": "Palestine", "admin1": "Gaza Strip", "admin2": "Deir El Balah", "admin3": null, "location": "An Nusayrat", "latitude": 31.4486, "longitude": 34.3925, "geo_precision": 1, "source": "Ma'an News Agency; Newpress; Quds News Network", "source_scale": "National", "notes": "On 10 February 2024, Israeli military warplanes struck targets, including houses, in An Nusayrat refugee camp (Deir El Balah, Gaza Strip), killing at least 2 people and injuring 5 others.", "fatalities": 2, "tags": null, "timestamp": 1753955113 }, "geometry": { "type": "Point", "coordinates": [ 34.3925, 31.4486 ] } },
{ "type": "Feature", "properties": { "event_id_cnty": "PSE47134", "event_date": "2/10/2024", "year": 2024, "time_precision": 1, "disorder_type": "Political violence", "event_type": "Explosions/Remote violence", "sub_event_type": "Shelling/artillery/missile attack", "actor1": "Military Forces of Israel (2022-)", "assoc_actor_1": null, "inter1": 8, "actor2": "Civilians (Palestine)", "assoc_actor_2": "Fishers (Palestine)", "inter2": 7, "interaction": 78, "civilian_targeting": "Civilian targeting", "iso": 275, "region": "Middle East", "country": "Palestine", "admin1": "Gaza Strip", "admin2": "Deir El Balah", "admin3": null, "location": "Coast of Deir al Balah", "latitude": 31.4323, "longitude": 34.3283, "geo_precision": 2, "source": "Ma'an News Agency; Newpress; Palestine News and Information Agency; Quds News Network", "source_scale": "National", "notes": "On 10 February 2024, Israeli gunboats shelled targets along the Coast of Deir al Balah (Deir El Balah, Gaza Strip), killing a Palestinian fisherman and injuring another.", "fatalities": 1, "tags": null, "timestamp": 1764045690 }, "geometry": { "type": "Point", "coordinates": [ 34.3283, 31.4323 ] } },
{ "type": "Feature", "properties": { "event_id_cnty": "PSE47135", "event_date": "2/10/2024", "year": 2024, "time_precision": 1, "disorder_type": "Political violence", "event_type": "Explosions/Remote violence", "sub_event_type": "Air/drone strike", "actor1": "Military Forces of Israel (2022-)", "assoc_actor_1": null, "inter1": 8, "actor2": "Civilians (Palestine)", "assoc_actor_2": null, "inter2": 7, "interaction": 78, "civilian_targeting": "Civilian targeting", "iso": 275, "region": "Middle East", "country": "Palestine", "admin1": "Gaza Strip", "admin2": "Deir El Balah", "admin3": null, "location": "Deir al Balah", "latitude": 31.4178, "longitude": 34.3503, "geo_precision": 1, "source": "Liveuamap; Ma'an News Agency; Palestine News and Information Agency; Quds News Network", "source_scale": "Local partner-New media", "notes": "On 10 February 2024, Israeli warplanes carried out airstrikes in Al Baraka area of Deir al Balah city (Deir El Balah, Gaza Strip), killing 5 people, including a child, and injuring an unspecified number of others. A second airstrike targeted a house in Al Nakheel area, killing at least 4 people. Other strikes targeted houses in Al Hekr areas and the vicinity of Al Bukhari mosque in Deir al Balah, casualties unknown. Total fatalities coded as 9.", "fatalities": 9, "tags": null, "timestamp": 1753955113 }, "geometry": { "type": "Point", "coordinates": [ 34.3503, 31.4178 ] } },
{ "type": "Feature", "properties": { "event_id_cnty": "PSE47148", "event_date": "2/10/2024", "year": 2024, "time_precision": 1, "disorder_type": "Political violence", "event_type": "Explosions/Remote violence", "sub_event_type": "Shelling/artillery/missile attack", "actor1": "Military Forces of Israel (2022-)", "assoc_actor_1": null, "inter1": 8, "actor2": "Civilians (Palestine)", "assoc_actor_2": null, "inter2": 7, "interaction": 78, "civilian_targeting": "Civilian targeting", "iso": 275, "region": "Middle East", "country": "Palestine", "admin1": "Gaza Strip", "admin2": "Gaza City", "admin3": null, "location": "Gaza - Sabra", "latitude": 31.5086, "longitude": 34.4493, "geo_precision": 1, "source": "Liveuamap; Palestine News and Information Agency; Quds News Network", "source_scale": "Local partner-New media", "notes": "On 10 February 2024, Israeli artillery struck a house in Gaza - Sabra (Gaza City, Gaza Strip), killing 2 people and injuring others.", "fatalities": 2, "tags": null, "timestamp": 1759789988 }, "geometry": { "type": "Point", "coordinates": [ 34.4493, 31.5086 ] } },
{ "type": "Feature", "properties": { "event_id_cnty": "PSE47199", "event_date": "2/10/2024", "year": 2024, "time_precision": 1, "disorder_type": "Political violence", "event_type": "Explosions/Remote violence", "sub_event_type": "Air/drone strike", "actor1": "Military Forces of Israel (2022-)", "assoc_actor_1": null, "inter1": 8, "actor2": "Police Forces of Palestine (2007-) Gaza Strip", "assoc_actor_2": "Hamas Movement", "inter2": 1, "interaction": 18, "civilian_targeting": null, "iso": 275, "region": "Middle East", "country": "Palestine", "admin1": "Gaza Strip", "admin2": "Rafah", "admin3": null, "location": "Tal as Sultan", "latitude": 31.3098, "longitude": 34.2414, "geo_precision": 1, "source": "Ma'an News Agency; Newpress; Palestine News and Information Agency; Quds News Network", "source_scale": "National", "notes": "On 10 February 2024, Israeli warplanes struck a police vehicle in Tal as Sultan (Rafah, Gaza Strip), killing the head of the police investigations unit and 2 of his deputies. This was 1 of 2 police vehicles struck by Israeli planes in Rafah on 10 February 2024. Israeli Defense forces claimed that one of the 3 people killed was a senior Hamas commander responsible for the security provisions of senior Hamas leaders.", "fatalities": 3, "tags": null, "timestamp": 1762829569 }, "geometry": { "type": "Point", "coordinates": [ 34.2414, 31.3098 ] } },
{ "type": "Feature", "properties": { "event_id_cnty": "PSE47139", "event_date": "2/10/2024", "year": 2024, "time_precision": 1, "disorder_type": "Political violence", "event_type": "Explosions/Remote violence", "sub_event_type": "Air/drone strike", "actor1": "Military Forces of Israel (2022-)", "assoc_actor_1": null, "inter1": 8, "actor2": "Civilians (Palestine)", "assoc_actor_2": null, "inter2": 7, "interaction": 78, "civilian_targeting": "Civilian targeting", "iso": 275, "region": "Middle East", "country": "Palestine", "admin1": "Gaza Strip", "admin2": "Gaza City", "admin3": null, "location": "Gaza", "latitude": 31.5045, "longitude": 34.4743, "geo_precision": 2, "source": "Palestinian Ministry of Health; Quds News Network", "source_scale": "Other-National", "notes": "On 10 February 2024, Israeli military warplanes struck targets west of Gaza City (Gaza Strip). Unspecified casualties. [Palestinian Ministry of Health reported 28176 fatalities upto 10 February 2024. 41 fatalities not attributed to specific events split across 4 events on 10 Febraury. 10 fatalities coded to this event.]", "fatalities": 10, "tags": null, "timestamp": 1759789988 }, "geometry": { "type": "Point", "coordinates": [ 34.4743, 31.5045 ] } },
{ "type": "Feature", "properties": { "event_id_cnty": "PSE47152", "event_date": "2/10/2024", "year": 2024, "time_precision": 1, "disorder_type": "Political violence", "event_type": "Explosions/Remote violence", "sub_event_type": "Air/drone strike", "actor1": "Military Forces of Israel (2022-)", "assoc_actor_1": null, "inter1": 8, "actor2": "Civilians (Palestine)", "assoc_actor_2": null, "inter2": 7, "interaction": 78, "civilian_targeting": "Civilian targeting", "iso": 275, "region": "Middle East", "country": "Palestine", "admin1": "Gaza Strip", "admin2": "Gaza City", "admin3": null, "location": "Gaza - Southern Remal", "latitude": 31.5168, "longitude": 34.4355, "geo_precision": 1, "source": "Palestinian Ministry of Health; Quds News Network", "source_scale": "Other-National", "notes": "On 10 February 2024, Israeli military warplanes struck targets near the Islamic university in Gaza - Southern Remal (Gaza City, Gaza Strip). Unspecified casualties. [Palestinian Ministry of Health reported 28176 fatalities upto 10 February 2024. 41 fatalities not attributed to specific events split across 4 events on 10 Febraury. 10 fatalities coded to this event.]", "fatalities": 10, "tags": null, "timestamp": 1759789988 }, "geometry": { "type": "Point", "coordinates": [ 34.4355, 31.5168 ] } },
{ "type": "Feature", "properties": { "event_id_cnty": "PSE47131", "event_date": "2/10/2024", "year": 2024, "time_precision": 1, "disorder_type": "Political violence", "event_type": "Explosions/Remote violence", "sub_event_type": "Shelling/artillery/missile attack", "actor1": "Military Forces of Israel (2022-)", "assoc_actor_1": null, "inter1": 8, "actor2": "Civilians (Palestine)", "assoc_actor_2": null, "inter2": 7, "interaction": 78, "civilian_targeting": "Civilian targeting", "iso": 275, "region": "Middle East", "country": "Palestine", "admin1": "Gaza Strip", "admin2": "North Gaza", "admin3": null, "location": "Beit Hanoun", "latitude": 31.5405, "longitude": 34.5402, "geo_precision": 1, "source": "Ma'an News Agency", "source_scale": "National", "notes": "On 10 February 2024, Israeli forces shelled a house in Beit Hanoun (North Gaza, Gaza Strip), killing 2 people.", "fatalities": 2, "tags": null, "timestamp": 1753955113 }, "geometry": { "type": "Point", "coordinates": [ 34.5402, 31.5405 ] } },
{ "type": "Feature", "properties": { "event_id_cnty": "PSE47143", "event_date": "2/10/2024", "year": 2024, "time_precision": 1, "disorder_type": "Political violence", "event_type": "Explosions/Remote violence", "sub_event_type": "Air/drone strike", "actor1": "Military Forces of Israel (2022-)", "assoc_actor_1": null, "inter1": 8, "actor2": "Civilians (Palestine)", "assoc_actor_2": null, "inter2": 7, "interaction": 78, "civilian_targeting": "Civilian targeting", "iso": 275, "region": "Middle East", "country": "Palestine", "admin1": "Gaza Strip", "admin2": "Gaza City", "admin3": null, "location": "Gaza - Az Zaytun", "latitude": 31.4964, "longitude": 34.4522, "geo_precision": 1, "source": "Ma'an News Agency; Palestine News and Information Agency", "source_scale": "National", "notes": "On 10 February 2024, Israeli military airplanes struck a house in Gaza - Az Zaytun (Gaza City, Gaza Strip), killing 1 person and injuring 6 others.", "fatalities": 1, "tags": null, "timestamp": 1759789988 }, "geometry": { "type": "Point", "coordinates": [ 34.4522, 31.4964 ] } },
{ "type": "Feature", "properties": { "event_id_cnty": "PSE47168", "event_date": "2/10/2024", "year": 2024, "time_precision": 1, "disorder_type": "Political violence", "event_type": "Explosions/Remote violence", "sub_event_type": "Shelling/artillery/missile attack", "actor1": "Military Forces of Israel (2022-)", "assoc_actor_1": null, "inter1": 8, "actor2": "Civilians (Palestine)", "assoc_actor_2": null, "inter2": 7, "interaction": 78, "civilian_targeting": "Civilian targeting", "iso": 275, "region": "Middle East", "country": "Palestine", "admin1": "Gaza Strip", "admin2": "North Gaza", "admin3": null, "location": "Jabalya - Tel-Zaatar", "latitude": 31.5367, "longitude": 34.5035, "geo_precision": 1, "source": "Ma'an News Agency", "source_scale": "National", "notes": "On 10 February 2024, Israeli forces shelled targets in Jabalya - Tel-Zaatar (North Gaza, Gaza Strip), killing 3 people and injuring an unspecified number of others.", "fatalities": 3, "tags": null, "timestamp": 1759789988 }, "geometry": { "type": "Point", "coordinates": [ 34.5035, 31.5367 ] } },
{ "type": "Feature", "properties": { "event_id_cnty": "PSE47184", "event_date": "2/10/2024", "year": 2024, "time_precision": 1, "disorder_type": "Political violence", "event_type": "Explosions/Remote violence", "sub_event_type": "Air/drone strike", "actor1": "Military Forces of Israel (2022-)", "assoc_actor_1": null, "inter1": 8, "actor2": "Civilians (Palestine)", "assoc_actor_2": null, "inter2": 7, "interaction": 78, "civilian_targeting": "Civilian targeting", "iso": 275, "region": "Middle East", "country": "Palestine", "admin1": "Gaza Strip", "admin2": "Khan Yunis", "admin3": null, "location": "Khan Yunis - As-Sameen", "latitude": 31.3369, "longitude": 34.2925, "geo_precision": 1, "source": "Palestine News and Information Agency; Palestinian Ministry of Health", "source_scale": "Other-National", "notes": "On 10 February 2024, Israeli military warplanes struck targets in Khan Yunis - As-Sameen (Khan Yunis, Gaza Strip). Unspecified casualties. [Palestinian Ministry of Health reported 28176 fatalities upto 10 February 2024. 41 fatalities not attributed to specific events split across 4 events on 10 Febraury. 10 fatalities coded to this event.]", "fatalities": 10, "tags": null, "timestamp": 1753955113 }, "geometry": { "type": "Point", "coordinates": [ 34.2925, 31.3369 ] } },
{ "type": "Feature", "properties": { "event_id_cnty": "PSE47210", "event_date": "2/10/2024", "year": 2024, "time_precision": 1, "disorder_type": "Political violence", "event_type": "Explosions/Remote violence", "sub_event_type": "Air/drone strike", "actor1": "Military Forces of Israel (2022-)", "assoc_actor_1": null, "inter1": 8, "actor2": "Civilians (Palestine)", "assoc_actor_2": null, "inter2": 7, "interaction": 78, "civilian_targeting": "Civilian targeting", "iso": 275, "region": "Middle East", "country": "Palestine", "admin1": "Gaza Strip", "admin2": "Khan Yunis", "admin3": null, "location": "Qizan an Najjar", "latitude": 31.323, "longitude": 34.2761, "geo_precision": 1, "source": "Palestine News and Information Agency; Palestinian Ministry of Health; Quds News Network", "source_scale": "Other-National", "notes": "On 10 February 2024, Israeli military warplanes struck targets in Qizan an Najjar (Khan Yunis, Gaza Strip). Unspecified casualties. [Palestinian Ministry of Health reported 28176 fatalities upto 10 February 2024. 41 fatalities not attributed to specific events split across 4 events on 10 Febraury. 11 fatalities coded to this event.]", "fatalities": 11, "tags": null, "timestamp": 1753955113 }, "geometry": { "type": "Point", "coordinates": [ 34.2761, 31.323 ] } },
{ "type": "Feature", "properties": { "event_id_cnty": "PSE47211", "event_date": "2/10/2024", "year": 2024, "time_precision": 1, "disorder_type": "Political violence", "event_type": "Explosions/Remote violence", "sub_event_type": "Air/drone strike", "actor1": "Military Forces of Israel (2022-)", "assoc_actor_1": null, "inter1": 8, "actor2": "Civilians (Palestine)", "assoc_actor_2": null, "inter2": 7, "interaction": 78, "civilian_targeting": "Civilian targeting", "iso": 275, "region": "Middle East", "country": "Palestine", "admin1": "Gaza Strip", "admin2": "Rafah", "admin3": null, "location": "Rafah", "latitude": 31.287, "longitude": 34.2595, "geo_precision": 1, "source": "Ma'an News Agency; Newpress; Palestine News and Information Agency; Quds News Network", "source_scale": "National", "notes": "On 10 February 2024, Israeli warplanes struck targets, including houses, in Al Jenena and Abu Halawa areas in Rafah (Gaza Strip), killing at least 16 people. Another airstrike targeted an empty agricultural land near the borders with Egypt without causing casualties.", "fatalities": 16, "tags": null, "timestamp": 1762829569 }, "geometry": { "type": "Point", "coordinates": [ 34.2595, 31.287 ] } },
{ "type": "Feature", "properties": { "event_id_cnty": "PSE47212", "event_date": "2/10/2024", "year": 2024, "time_precision": 1, "disorder_type": "Political violence", "event_type": "Explosions/Remote violence", "sub_event_type": "Air/drone strike", "actor1": "Military Forces of Israel (2022-)", "assoc_actor_1": null, "inter1": 8, "actor2": "Civilians (Palestine)", "assoc_actor_2": null, "inter2": 7, "interaction": 78, "civilian_targeting": "Civilian targeting", "iso": 275, "region": "Middle East", "country": "Palestine", "admin1": "Gaza Strip", "admin2": "Rafah", "admin3": null, "location": "Khirbet al Adas", "latitude": 31.2855, "longitude": 34.2714, "geo_precision": 2, "source": "Ma'an News Agency; Palestine News and Information Agency", "source_scale": "National", "notes": "On 10 February 2024, Israeli military warplanes struck a house in Miraj area north of Rafah city (coded to Khirbet al Adas, Gaza Strip), killing 4 people.", "fatalities": 4, "tags": null, "timestamp": 1753955113 }, "geometry": { "type": "Point", "coordinates": [ 34.2714, 31.2855 ] } },
{ "type": "Feature", "properties": { "event_id_cnty": "PSE47132", "event_date": "2/10/2024", "year": 2024, "time_precision": 1, "disorder_type": "Political violence", "event_type": "Explosions/Remote violence", "sub_event_type": "Air/drone strike", "actor1": "Military Forces of Israel (2022-)", "assoc_actor_1": null, "inter1": 8, "actor2": "Police Forces of Palestine (2007-) Gaza Strip", "assoc_actor_2": null, "inter2": 1, "interaction": 18, "civilian_targeting": null, "iso": 275, "region": "Middle East", "country": "Palestine", "admin1": "Gaza Strip", "admin2": "Rafah", "admin3": null, "location": "Brazil Camp", "latitude": 31.2718, "longitude": 34.2532, "geo_precision": 1, "source": "Ma'an News Agency; Palestine News and Information Agency; Quds News Network", "source_scale": "National", "notes": "On 10 February 2024, Israeli warplanes struck a police vehicle in Brazil Camp (Rafah, Gaza Strip), killing 2 people. This was 1 of 2 police vehicles struck by Israeli planes in Rafah on 10 February 2024.", "fatalities": 2, "tags": null, "timestamp": 1753955113 }, "geometry": { "type": "Point", "coordinates": [ 34.2532, 31.2718 ] } },
{ "type": "Feature", "properties": { "event_id_cnty": "PSE47193", "event_date": "2/11/2024", "year": 2024, "time_precision": 1, "disorder_type": "Political violence", "event_type": "Violence against civilians", "sub_event_type": "Attack", "actor1": "Military Forces of Israel (2022-)", "assoc_actor_1": null, "inter1": 8, "actor2": "Civilians (Palestine)", "assoc_actor_2": "Journalists (Palestine)", "inter2": 7, "interaction": 78, "civilian_targeting": "Civilian targeting", "iso": 275, "region": "Middle East", "country": "Palestine", "admin1": "Gaza Strip", "admin2": "Khan Yunis", "admin3": null, "location": "Khan Yunis - West (Municipal Stadium)", "latitude": 31.3484, "longitude": 34.2961, "geo_precision": 1, "source": "Ma'an News Agency; Newpress; Palestine News and Information Agency; Quds News Network", "source_scale": "National", "notes": "On 11 February 2024, Israeli forces shot at Palestinians in Naser medical complex in Khan Yunis - West (Municipal Stadium) (Khan Yunis, Gaza Strip), killing 3 or 4 people, including a journalist, and injuring several others, including a child.", "fatalities": 3, "tags": null, "timestamp": 1753955113 }, "geometry": { "type": "Point", "coordinates": [ 34.2961, 31.3484 ] } },
{ "type": "Feature", "properties": { "event_id_cnty": "PSE47114", "event_date": "2/11/2024", "year": 2024, "time_precision": 1, "disorder_type": "Political violence", "event_type": "Explosions/Remote violence", "sub_event_type": "Air/drone strike", "actor1": "Military Forces of Israel (2022-)", "assoc_actor_1": null, "inter1": 8, "actor2": "Civilians (Palestine)", "assoc_actor_2": null, "inter2": 7, "interaction": 78, "civilian_targeting": "Civilian targeting", "iso": 275, "region": "Middle East", "country": "Palestine", "admin1": "Gaza Strip", "admin2": "Deir El Balah", "admin3": null, "location": "An Nusayrat", "latitude": 31.4486, "longitude": 34.3925, "geo_precision": 1, "source": "Liveuamap; Quds News Network", "source_scale": "Local partner-New media", "notes": "On 11 February 2024, Israeli military warplanes struck a car in the new camp part of An Nusayrat camp (Deir El Balah, Gaza Strip), without causing casualties. Another strike targeted a house in the new camp, causing an unspecified number of injuries. There were no fatalities.", "fatalities": 0, "tags": null, "timestamp": 1753955113 }, "geometry": { "type": "Point", "coordinates": [ 34.3925, 31.4486 ] } },
{ "type": "Feature", "properties": { "event_id_cnty": "PSE47115", "event_date": "2/11/2024", "year": 2024, "time_precision": 1, "disorder_type": "Political violence", "event_type": "Explosions/Remote violence", "sub_event_type": "Shelling/artillery/missile attack", "actor1": "Military Forces of Israel (2022-)", "assoc_actor_1": null, "inter1": 8, "actor2": "Civilians (Palestine)", "assoc_actor_2": "Refugees/IDPs (Palestine)", "inter2": 7, "interaction": 78, "civilian_targeting": "Civilian targeting", "iso": 275, "region": "Middle East", "country": "Palestine", "admin1": "Gaza Strip", "admin2": "Deir El Balah", "admin3": null, "location": "An Nusayrat", "latitude": 31.4486, "longitude": 34.3925, "geo_precision": 1, "source": "Newpress", "source_scale": "National", "notes": "On 11 February 2024, Israeli artillery struck the entrance of a school in An Nusayrat refugee camp (Deir El Balah, Gaza Strip), causing unspecified injuries. There were no fatalities.", "fatalities": 0, "tags": null, "timestamp": 1753955113 }, "geometry": { "type": "Point", "coordinates": [ 34.3925, 31.4486 ] } },
{ "type": "Feature", "properties": { "event_id_cnty": "PSE47183", "event_date": "2/11/2024", "year": 2024, "time_precision": 1, "disorder_type": "Political violence", "event_type": "Explosions/Remote violence", "sub_event_type": "Air/drone strike", "actor1": "Military Forces of Israel (2022-)", "assoc_actor_1": null, "inter1": 8, "actor2": "Civilians (Palestine)", "assoc_actor_2": null, "inter2": 7, "interaction": 78, "civilian_targeting": "Civilian targeting", "iso": 275, "region": "Middle East", "country": "Palestine", "admin1": "Gaza Strip", "admin2": "Khan Yunis", "admin3": null, "location": "Khan Yunis - Al Amal", "latitude": 31.3544, "longitude": 34.3007, "geo_precision": 1, "source": "Palestinian Ministry of Health; Quds News Network", "source_scale": "Other-National", "notes": "On 11 February 2024, Israeli military warplanes conducted airstrikes targeting Khan Yunis - Al Amal (Khan Yunis, Gaza Strip). Unspecified casualties. [Palestinian Ministry of Health reported 28340 fatalities upto 11 February 2024. 122 fatalities not attributed to specific events split across 3 events on 11 Febraury. 41 fatalities coded to this event.]", "fatalities": 41, "tags": null, "timestamp": 1753955113 }, "geometry": { "type": "Point", "coordinates": [ 34.3007, 31.3544 ] } },
{ "type": "Feature", "properties": { "event_id_cnty": "PSE47205", "event_date": "2/11/2024", "year": 2024, "time_precision": 1, "disorder_type": "Political violence", "event_type": "Explosions/Remote violence", "sub_event_type": "Shelling/artillery/missile attack", "actor1": "Military Forces of Israel (2022-)", "assoc_actor_1": null, "inter1": 8, "actor2": "Civilians (Palestine)", "assoc_actor_2": "Refugees/IDPs (Palestine)", "inter2": 7, "interaction": 78, "civilian_targeting": "Civilian targeting", "iso": 275, "region": "Middle East", "country": "Palestine", "admin1": "Gaza Strip", "admin2": "Deir El Balah", "admin3": null, "location": "Al Maghazi", "latitude": 31.4214, "longitude": 34.3865, "geo_precision": 1, "source": "Palestinian Ministry of Health; Quds News Network", "source_scale": "Other-National", "notes": "On 11 February 2024, Israeli artillery shelled Al Maghazi refugee camp (Deir El Balah, Gaza Strip). Unspecified casualties. [Palestinian Ministry of Health reported 28340 fatalities upto 11 February 2024. 122 fatalities not attributed to specific events split across 3 events on 11 Febraury. 41 fatalities coded to this event.]", "fatalities": 41, "tags": null, "timestamp": 1753955113 }, "geometry": { "type": "Point", "coordinates": [ 34.3865, 31.4214 ] } },
{ "type": "Feature", "properties": { "event_id_cnty": "PSE47214", "event_date": "2/11/2024", "year": 2024, "time_precision": 1, "disorder_type": "Political violence", "event_type": "Explosions/Remote violence", "sub_event_type": "Shelling/artillery/missile attack", "actor1": "Military Forces of Israel (2022-)", "assoc_actor_1": null, "inter1": 8, "actor2": "Civilians (Palestine)", "assoc_actor_2": null, "inter2": 7, "interaction": 78, "civilian_targeting": "Civilian targeting", "iso": 275, "region": "Middle East", "country": "Palestine", "admin1": "Gaza Strip", "admin2": "Deir El Balah", "admin3": null, "location": "Al Musaddar", "latitude": 31.4105, "longitude": 34.378, "geo_precision": 2, "source": "Palestinian Ministry of Health; Quds News Network", "source_scale": "Other-National", "notes": "On 11 February 2024, Israeli artillery shelled targets east of Al Musaddar (Deir El Balah, Gaza Strip). Unspecified casualties. [Palestinian Ministry of Health reported 28340 fatalities upto 11 February 2024. 122 fatalities not attributed to specific events split across 3 events on 11 Febraury. 40 fatalities coded to this event.]", "fatalities": 40, "tags": null, "timestamp": 1765850627 }, "geometry": { "type": "Point", "coordinates": [ 34.378, 31.4105 ] } },
{ "type": "Feature", "properties": { "event_id_cnty": "PSE47213", "event_date": "2/11/2024", "year": 2024, "time_precision": 1, "disorder_type": "Political violence", "event_type": "Explosions/Remote violence", "sub_event_type": "Air/drone strike", "actor1": "Military Forces of Israel (2022-)", "assoc_actor_1": null, "inter1": 8, "actor2": "Civilians (Palestine)", "assoc_actor_2": null, "inter2": 7, "interaction": 78, "civilian_targeting": "Civilian targeting", "iso": 275, "region": "Middle East", "country": "Palestine", "admin1": "Gaza Strip", "admin2": "Rafah", "admin3": null, "location": "Khirbet al Adas", "latitude": 31.2855, "longitude": 34.2714, "geo_precision": 2, "source": "Palestine News and Information Agency; Quds News Network", "source_scale": "National", "notes": "On 11 February 2024, Israeli military warplanes struck a house in Musbah area north of Rafah (coded to Khirbet al Adas, Gaza Strip), killing 1 Palestinian and injuring 3 others.", "fatalities": 1, "tags": null, "timestamp": 1753955113 }, "geometry": { "type": "Point", "coordinates": [ 34.2714, 31.2855 ] } },
{ "type": "Feature", "properties": { "event_id_cnty": "PSE47215", "event_date": "2/11/2024", "year": 2024, "time_precision": 1, "disorder_type": "Political violence", "event_type": "Explosions/Remote violence", "sub_event_type": "Air/drone strike", "actor1": "Military Forces of Israel (2022-)", "assoc_actor_1": null, "inter1": 8, "actor2": "Civilians (Palestine)", "assoc_actor_2": "Refugees/IDPs (Palestine)", "inter2": 7, "interaction": 78, "civilian_targeting": "Civilian targeting", "iso": 275, "region": "Middle East", "country": "Palestine", "admin1": "Gaza Strip", "admin2": "Rafah", "admin3": null, "location": "Rafah", "latitude": 31.287, "longitude": 34.2595, "geo_precision": 1, "source": "Al-Ittihad; Palestine News and Information Agency; Quds News Network", "source_scale": "National-Regional", "notes": "On 11 February 2024, Israeli military airplanes struck a house sheltering displaced Palestinians east of Rafah (Gaza Strip), killing at least 25 people and injuring dozens more.", "fatalities": 25, "tags": null, "timestamp": 1762829569 }, "geometry": { "type": "Point", "coordinates": [ 34.2595, 31.287 ] } },
{ "type": "Feature", "properties": { "event_id_cnty": "PSE47094", "event_date": "2/12/2024", "year": 2024, "time_precision": 1, "disorder_type": "Political violence", "event_type": "Explosions/Remote violence", "sub_event_type": "Air/drone strike", "actor1": "Military Forces of Israel (2022-)", "assoc_actor_1": null, "inter1": 8, "actor2": "Civilians (Palestine)", "assoc_actor_2": null, "inter2": 7, "interaction": 78, "civilian_targeting": "Civilian targeting", "iso": 275, "region": "Middle East", "country": "Palestine", "admin1": "Gaza Strip", "admin2": "Khan Yunis", "admin3": null, "location": "Abasan al Kabirah", "latitude": 31.3191, "longitude": 34.3401, "geo_precision": 2, "source": "Palestine Information Center", "source_scale": "Other", "notes": "On 12 February 2024, Israeli artillery shelled targets east of Khan Yunis. In conjunction, Israeli army helicopters and warplanes opened fire at Palestinian homes east of Abasan al Kabirah. Coded to Abasan al Kabirah (Khan Yunis, Gaza Strip). Casualties unknown.", "fatalities": 0, "tags": null, "timestamp": 1753955113 }, "geometry": { "type": "Point", "coordinates": [ 34.3401, 31.3191 ] } },
{ "type": "Feature", "properties": { "event_id_cnty": "PSE47151", "event_date": "2/12/2024", "year": 2024, "time_precision": 1, "disorder_type": "Political violence", "event_type": "Explosions/Remote violence", "sub_event_type": "Air/drone strike", "actor1": "Military Forces of Israel (2022-)", "assoc_actor_1": null, "inter1": 8, "actor2": "Civilians (Palestine)", "assoc_actor_2": null, "inter2": 7, "interaction": 78, "civilian_targeting": "Civilian targeting", "iso": 275, "region": "Middle East", "country": "Palestine", "admin1": "Gaza Strip", "admin2": "Gaza City", "admin3": null, "location": "Gaza - Sheikh Radwan", "latitude": 31.5349, "longitude": 34.4667, "geo_precision": 1, "source": "Quds News Network", "source_scale": "National", "notes": "On 12 February 2024, Israeli military warplanes targeted Al Maqosi towers in Gaza - Sheikh Radwan area (Gaza City, Gaza Strip). Casualties unknown.", "fatalities": 0, "tags": null, "timestamp": 1759789988 }, "geometry": { "type": "Point", "coordinates": [ 34.4667, 31.5349 ] } },
{ "type": "Feature", "properties": { "event_id_cnty": "PSE47097", "event_date": "2/12/2024", "year": 2024, "time_precision": 1, "disorder_type": "Political violence", "event_type": "Explosions/Remote violence", "sub_event_type": "Air/drone strike", "actor1": "Military Forces of Israel (2022-)", "assoc_actor_1": null, "inter1": 8, "actor2": "Civilians (Palestine)", "assoc_actor_2": null, "inter2": 7, "interaction": 78, "civilian_targeting": "Civilian targeting", "iso": 275, "region": "Middle East", "country": "Palestine", "admin1": "Gaza Strip", "admin2": "Deir El Balah", "admin3": null, "location": "Al Brawk", "latitude": 31.4204, "longitude": 34.339, "geo_precision": 1, "source": "Newpress; Palestine Information Center; Palestine News and Information Agency; Quds News Network", "source_scale": "Other-National", "notes": "On 12 February 2024, Israeli military airplanes struck a house in Al Baraka street in Al Brawk (Deir El Balah, Gaza Strip), killing 15 people.", "fatalities": 15, "tags": null, "timestamp": 1767742780 }, "geometry": { "type": "Point", "coordinates": [ 34.339, 31.4204 ] } },
{ "type": "Feature", "properties": { "event_id_cnty": "PSE47102", "event_date": "2/12/2024", "year": 2024, "time_precision": 1, "disorder_type": "Political violence", "event_type": "Explosions/Remote violence", "sub_event_type": "Shelling/artillery/missile attack", "actor1": "Military Forces of Israel (2022-)", "assoc_actor_1": null, "inter1": 8, "actor2": "Civilians (Palestine)", "assoc_actor_2": "Refugees/IDPs (Palestine)", "inter2": 7, "interaction": 78, "civilian_targeting": "Civilian targeting", "iso": 275, "region": "Middle East", "country": "Palestine", "admin1": "Gaza Strip", "admin2": "Deir El Balah", "admin3": null, "location": "Al Maghazi", "latitude": 31.4214, "longitude": 34.3865, "geo_precision": 1, "source": "Palestine Information Center; Quds News Network", "source_scale": "Other-National", "notes": "On 12 February 2024, Israeli artillery shelled houses in Al Maghazi refugee camp (Deir El Balah, Gaza Strip). Casualties unknown.", "fatalities": 0, "tags": null, "timestamp": 1753955113 }, "geometry": { "type": "Point", "coordinates": [ 34.3865, 31.4214 ] } },
{ "type": "Feature", "properties": { "event_id_cnty": "PSE47106", "event_date": "2/12/2024", "year": 2024, "time_precision": 1, "disorder_type": "Political violence", "event_type": "Explosions/Remote violence", "sub_event_type": "Air/drone strike", "actor1": "Military Forces of Israel (2022-)", "assoc_actor_1": null, "inter1": 8, "actor2": "Civilians (Palestine)", "assoc_actor_2": null, "inter2": 7, "interaction": 78, "civilian_targeting": "Civilian targeting", "iso": 275, "region": "Middle East", "country": "Palestine", "admin1": "Gaza Strip", "admin2": "Rafah", "admin3": null, "location": "Tal as Sultan", "latitude": 31.3098, "longitude": 34.2414, "geo_precision": 2, "source": "Al-Ittihad; Arab 48; Liveuamap; Ma'an News Agency; Palestine Information Center; Palestine News and Information Agency; Quds News Network", "source_scale": "Local partner-New media", "notes": "On 12 February 2024, an Israeli military drone struck and killed 2 Palestinians, including a child, northwest of Rafah (coded to Tal as Sultan, Gaza Strip). This was part of at least 40 Israeli airstrikes in Rafah on 12 February 2024, which destroyed over 14 houses and 3 mosques and resulted in around 100 fatalities. On 12 February 2024, Hamas movement claimed that Israeli strikes over Gaza killed 3 Israeli hostages captured on 7 October 2023, but Israeli forces did not confirm this claim. Hamas's claim for Israeli hostage fatalities coded 0.", "fatalities": 2, "tags": null, "timestamp": 1762829569 }, "geometry": { "type": "Point", "coordinates": [ 34.2414, 31.3098 ] } },
{ "type": "Feature", "properties": { "event_id_cnty": "PSE47196", "event_date": "2/12/2024", "year": 2024, "time_precision": 1, "disorder_type": "Political violence", "event_type": "Violence against civilians", "sub_event_type": "Attack", "actor1": "Military Forces of Israel (2022-)", "assoc_actor_1": null, "inter1": 8, "actor2": "Civilians (Palestine)", "assoc_actor_2": "Hamas Movement", "inter2": 7, "interaction": 78, "civilian_targeting": "Civilian targeting", "iso": 275, "region": "Middle East", "country": "Palestine", "admin1": "Gaza Strip", "admin2": "Khan Yunis", "admin3": null, "location": "Khan Yunis - West (Municipal Stadium)", "latitude": 31.3484, "longitude": 34.2961, "geo_precision": 1, "source": "Al-Ittihad; Israeli Defense Forces; Palestine Information Center; Palestine News and Information Agency; Quds News Network", "source_scale": "Other-National", "notes": "On 12 February 2024, Israeli forces shot at Palestinians in Naser medical complex in Khan Yunis - West (Municipal Stadium) (Khan Yunis, Gaza Strip), killing 7 people and injuring 14 others. IDF claimed that 2 of the killed people were militants (coded as Hamas).", "fatalities": 7, "tags": null, "timestamp": 1753955113 }, "geometry": { "type": "Point", "coordinates": [ 34.2961, 31.3484 ] } },
{ "type": "Feature", "properties": { "event_id_cnty": "PSE47112", "event_date": "2/12/2024", "year": 2024, "time_precision": 1, "disorder_type": "Political violence", "event_type": "Explosions/Remote violence", "sub_event_type": "Air/drone strike", "actor1": "Military Forces of Israel (2022-)", "assoc_actor_1": null, "inter1": 8, "actor2": "Civilians (Palestine)", "assoc_actor_2": "Refugees/IDPs (Palestine)", "inter2": 7, "interaction": 78, "civilian_targeting": "Civilian targeting", "iso": 275, "region": "Middle East", "country": "Palestine", "admin1": "Gaza Strip", "admin2": "Rafah", "admin3": null, "location": "Yibna", "latitude": 31.2842, "longitude": 34.2482, "geo_precision": 1, "source": "Al-Ittihad; Arab 48; Liveuamap; Ma'an News Agency; Newpress; Palestine Information Center; Palestine News and Information Agency; Palestinian Ministry of Health; Quds News Network", "source_scale": "Local partner-New media", "notes": "On 12 February 2024, overnight, Israeli military airplanes struck al Huda mosque in Yibna refugee camp (Rafah, Gaza Strip), while dozens of displaced Palestinians were sheltering inside it. This was part of at least 40 Israeli airstrikes in Rafah on 12 February 2024, which destroyed over 14 houses and 3 mosques. On 12 February 2024, Hamas movement claimed that Israeli strikes over Gaza killed 3 Israeli hostages captured on 7 October 2023, but Israeli forces did not confirm this claim. Hamas's claim for Israeli hostage fatalities coded 0. [Palestinian Ministry of Health reported 28473 fatalities upto 12 February 2024. 59 fatalities not attributed to specific events split across 4 events on 12 Febraury. 15 fatalities coded to this event.]", "fatalities": 15, "tags": null, "timestamp": 1753955113 }, "geometry": { "type": "Point", "coordinates": [ 34.2482, 31.2842 ] } },
{ "type": "Feature", "properties": { "event_id_cnty": "PSE47167", "event_date": "2/12/2024", "year": 2024, "time_precision": 2, "disorder_type": "Political violence", "event_type": "Explosions/Remote violence", "sub_event_type": "Air/drone strike", "actor1": "Military Forces of Israel (2022-)", "assoc_actor_1": null, "inter1": 8, "actor2": "Civilians (Palestine)", "assoc_actor_2": "Journalists (Palestine)", "inter2": 7, "interaction": 78, "civilian_targeting": "Civilian targeting", "iso": 275, "region": "Middle East", "country": "Palestine", "admin1": "Gaza Strip", "admin2": "North Gaza", "admin3": null, "location": "Jabalya", "latitude": 31.5272, "longitude": 34.4835, "geo_precision": 1, "source": "Palestine Information Center; Quds News Network", "source_scale": "Other-National", "notes": "Around 12 February 2024 (as reported), Israeli military airplanes struck a house in Jabalya (North Gaza, Gaza Strip), killing a journalist.", "fatalities": 1, "tags": null, "timestamp": 1759789988 }, "geometry": { "type": "Point", "coordinates": [ 34.4835, 31.5272 ] } },
{ "type": "Feature", "properties": { "event_id_cnty": "PSE47090", "event_date": "2/12/2024", "year": 2024, "time_precision": 1, "disorder_type": "Political violence", "event_type": "Explosions/Remote violence", "sub_event_type": "Air/drone strike", "actor1": "Military Forces of Israel (2022-)", "assoc_actor_1": null, "inter1": 8, "actor2": "Civilians (Palestine)", "assoc_actor_2": null, "inter2": 7, "interaction": 78, "civilian_targeting": "Civilian targeting", "iso": 275, "region": "Middle East", "country": "Palestine", "admin1": "Gaza Strip", "admin2": "Rafah", "admin3": null, "location": "Khirbet al Adas", "latitude": 31.2855, "longitude": 34.2714, "geo_precision": 1, "source": "Al-Ittihad; Arab 48; Liveuamap; Ma'an News Agency; Palestine Information Center; Palestine News and Information Agency; Palestinian Ministry of Health; Quds News Network", "source_scale": "Local partner-New media", "notes": "On 12 February 2024, Israeli military airplanes struck a house in Khirbat Al Shaer in Khirbet al Adas (Rafah, Gaza Strip), killing an unspecified number of people. This was part of at least 40 Israeli airstrikes in Rafah on 12 February 2024, which destroyed over 14 houses and 3 mosques. On 12 February 2024, Hamas movement claimed that Israeli strikes over Gaza killed 3 Israeli hostages captured on 7 October 2023, but Israeli forces did not confirm this claim. Hamas's claim for Israeli hostage fatalities coded 0. [Palestinian Ministry of Health reported 28473 fatalities upto 12 February 2024. 59 fatalities not attributed to specific events split across 4 events on 12 Febraury. 15 fatalities coded to this event.]", "fatalities": 15, "tags": null, "timestamp": 1753955113 }, "geometry": { "type": "Point", "coordinates": [ 34.2714, 31.2855 ] } },
{ "type": "Feature", "properties": { "event_id_cnty": "PSE47101", "event_date": "2/12/2024", "year": 2024, "time_precision": 1, "disorder_type": "Political violence", "event_type": "Explosions/Remote violence", "sub_event_type": "Air/drone strike", "actor1": "Military Forces of Israel (2022-)", "assoc_actor_1": null, "inter1": 8, "actor2": "Civilians (Palestine)", "assoc_actor_2": "Refugees/IDPs (Palestine)", "inter2": 7, "interaction": 78, "civilian_targeting": "Civilian targeting", "iso": 275, "region": "Middle East", "country": "Palestine", "admin1": "Gaza Strip", "admin2": "Rafah", "admin3": null, "location": "Rafah Camp", "latitude": 31.2847, "longitude": 34.2546, "geo_precision": 1, "source": "Al-Ittihad; Arab 48; Joe Truzman; Liveuamap; Ma'an News Agency; Palestine Information Center; Palestine News and Information Agency; Palestinian Ministry of Health; Quds News Network", "source_scale": "Local partner-New media", "notes": "On 12 February 2024, Israeli warplanes conducted an airstrike targeting houses and Al Rahma mosque in Al Shabourah refugee camp / Mukhayyam Rafah (Rafah Camp, Gaza Strip), killing an unspecified number of people. Dozens of displaced Palestinians where sheltering inside Al Rahma mosque at the time of the airstrike. This was part of at least 40 Israeli airstrikes in Rafah on 12 February 2024, which destroyed over 14 houses and 3 mosques. On 12 February 2024, Hamas movement claimed that Israeli strikes over Gaza killed 3 Israeli hostages captured on 7 October 2023, but Israeli forces did not confirm this claim. Hamas's claim for Israeli hostage fatalities coded 0. [Palestinian Ministry of Health reported 28473 fatalities upto 12 February 2024. 59 fatalities not attributed to specific events split across 4 events on 12 Febraury. 15 fatalities coded to this event.]", "fatalities": 15, "tags": null, "timestamp": 1753955113 }, "geometry": { "type": "Point", "coordinates": [ 34.2546, 31.2847 ] } },
{ "type": "Feature", "properties": { "event_id_cnty": "PSE47109", "event_date": "2/12/2024", "year": 2024, "time_precision": 1, "disorder_type": "Political violence", "event_type": "Explosions/Remote violence", "sub_event_type": "Air/drone strike", "actor1": "Military Forces of Israel (2022-)", "assoc_actor_1": null, "inter1": 8, "actor2": "Civilians (Palestine)", "assoc_actor_2": "Journalists (Palestine)", "inter2": 7, "interaction": 78, "civilian_targeting": "Civilian targeting", "iso": 275, "region": "Middle East", "country": "Palestine", "admin1": "Gaza Strip", "admin2": "Rafah", "admin3": null, "location": "Rafah", "latitude": 31.287, "longitude": 34.2595, "geo_precision": 1, "source": "Al-Ittihad; Arab 48; Liveuamap; Ma'an News Agency; Newpress; Palestine Information Center; Palestine News and Information Agency; Palestinian Ministry of Health; Quds News Network", "source_scale": "Local partner-New media", "notes": "On 12 February 2024, Israeli military airplanes conducted airstrikes targeting residential buildings and the vicinity of the Kuwait hospital and the vicinity of the Palestinian Red Crescent in Rafah city (Gaza Strip), causing an unspecified number of fatalities. Another strike hit a house in Jenina area in eastern Rafah, causing an unspecified number of fatalities, including a journalist. This was part of at least 40 Israeli airstrikes in Rafah on 12 February 2024, which destroyed over 14 houses and 3 mosques. On 12 February 2024, Hamas movement claimed that Israeli strikes over Gaza killed 3 Israeli hostages captured on 7 October 2023, but Israeli forces did not confirm this claim. Hamas's claim for Israeli hostage fatalities coded 0. [Palestinian Ministry of Health reported 28473 fatalities upto 12 February 2024. 59 fatalities not attributed to specific events split across 4 events on 12 Febraury. 14 fatalities coded to this event.]", "fatalities": 14, "tags": null, "timestamp": 1762829569 }, "geometry": { "type": "Point", "coordinates": [ 34.2595, 31.287 ] } },
{ "type": "Feature", "properties": { "event_id_cnty": "PSE46977", "event_date": "2/12/2024", "year": 2024, "time_precision": 1, "disorder_type": "Political violence", "event_type": "Explosions/Remote violence", "sub_event_type": "Air/drone strike", "actor1": "Military Forces of Israel (2022-)", "assoc_actor_1": null, "inter1": 8, "actor2": "Civilians (Palestine)", "assoc_actor_2": "Refugees/IDPs (Palestine)", "inter2": 7, "interaction": 78, "civilian_targeting": "Civilian targeting", "iso": 275, "region": "Middle East", "country": "Palestine", "admin1": "Gaza Strip", "admin2": "Rafah", "admin3": null, "location": "Brazil Camp", "latitude": 31.2718, "longitude": 34.2532, "geo_precision": 1, "source": "Al-Ittihad; Arab 48; Ma'an News Agency; Palestine Information Center; Palestine News and Information Agency; Quds News Network", "source_scale": "Other-National", "notes": "On 12 February 2024, Israeli military warplanes struck a gathering in Brazil camp (Rafah, Gaza Strip), killing 1 child and injuring 4 others. This was part of at least 40 Israeli airstrikes in Rafah on 12 February 2024, which destroyed over 14 houses and 3 mosques. On 12 February 2024, Hamas movement claimed that Israeli strikes over Gaza killed 3 Israeli hostages captured on 7 October 2023, but Israeli forces did not confirm this claim. Hamas's claim for Israeli hostage fatalities coded 0.", "fatalities": 1, "tags": null, "timestamp": 1753955113 }, "geometry": { "type": "Point", "coordinates": [ 34.2532, 31.2718 ] } },
{ "type": "Feature", "properties": { "event_id_cnty": "PSE47147", "event_date": "2/12/2024", "year": 2024, "time_precision": 1, "disorder_type": "Political violence", "event_type": "Violence against civilians", "sub_event_type": "Attack", "actor1": "Military Forces of Israel (2022-)", "assoc_actor_1": null, "inter1": 8, "actor2": "Civilians (Palestine)", "assoc_actor_2": null, "inter2": 7, "interaction": 78, "civilian_targeting": "Civilian targeting", "iso": 275, "region": "Middle East", "country": "Palestine", "admin1": "Gaza Strip", "admin2": "Gaza City", "admin3": null, "location": "Gaza - Az Zaytun", "latitude": 31.4964, "longitude": 34.4522, "geo_precision": 1, "source": "Quds News Network", "source_scale": "National", "notes": "On 12 February 2024, Israeli forces opened fire at Palestinians at the Kuwait roundabout in Gaza - Az Zaytun (Gaza City, Gaza Strip) while waiting for the aid trucks. There were no casualties. This event involved violence over aid.", "fatalities": 0, "tags": null, "timestamp": 1759789988 }, "geometry": { "type": "Point", "coordinates": [ 34.4522, 31.4964 ] } },
{ "type": "Feature", "properties": { "event_id_cnty": "PSE46957", "event_date": "2/13/2024", "year": 2024, "time_precision": 1, "disorder_type": "Political violence", "event_type": "Explosions/Remote violence", "sub_event_type": "Air/drone strike", "actor1": "Military Forces of Israel (2022-)", "assoc_actor_1": null, "inter1": 8, "actor2": "Civilians (Palestine)", "assoc_actor_2": null, "inter2": 7, "interaction": 78, "civilian_targeting": "Civilian targeting", "iso": 275, "region": "Middle East", "country": "Palestine", "admin1": "Gaza Strip", "admin2": "Gaza City", "admin3": null, "location": "Gaza - Sheikh Radwan", "latitude": 31.5349, "longitude": 34.4667, "geo_precision": 1, "source": "Joe Truzman; Newpress; Palestine Information Center; Quds News Network", "source_scale": "Other-National", "notes": "On 13 February 2024, Israeli warplanes struck a civilian car in Al Jalaa street in Gaza - Sheikh Radwan (Gaza City, Gaza Strip), killing 6 people, including an infant. Another strike hit a gathering in al-Lababidi, killing 1 person and injuring 2 others. Total fatalities coded 7.", "fatalities": 7, "tags": null, "timestamp": 1759789988 }, "geometry": { "type": "Point", "coordinates": [ 34.4667, 31.5349 ] } },
{ "type": "Feature", "properties": { "event_id_cnty": "PSE46985", "event_date": "2/13/2024", "year": 2024, "time_precision": 1, "disorder_type": "Political violence", "event_type": "Explosions/Remote violence", "sub_event_type": "Air/drone strike", "actor1": "Military Forces of Israel (2022-)", "assoc_actor_1": null, "inter1": 8, "actor2": "Civilians (Palestine)", "assoc_actor_2": null, "inter2": 7, "interaction": 78, "civilian_targeting": "Civilian targeting", "iso": 275, "region": "Middle East", "country": "Palestine", "admin1": "Gaza Strip", "admin2": "Khan Yunis", "admin3": null, "location": "Khan Yunis", "latitude": 31.3502, "longitude": 34.3081, "geo_precision": 1, "source": "Joe Truzman; Palestine News and Information Agency", "source_scale": "National", "notes": "On 13 February 2024, Israeli drones struck targets in Khan Yunis city (Gaza Strip), killing 1 person.", "fatalities": 1, "tags": null, "timestamp": 1753955113 }, "geometry": { "type": "Point", "coordinates": [ 34.3081, 31.3502 ] } },
{ "type": "Feature", "properties": { "event_id_cnty": "PSE46989", "event_date": "2/13/2024", "year": 2024, "time_precision": 1, "disorder_type": "Political violence", "event_type": "Explosions/Remote violence", "sub_event_type": "Air/drone strike", "actor1": "Military Forces of Israel (2022-)", "assoc_actor_1": null, "inter1": 8, "actor2": "Civilians (Palestine)", "assoc_actor_2": null, "inter2": 7, "interaction": 78, "civilian_targeting": "Civilian targeting", "iso": 275, "region": "Middle East", "country": "Palestine", "admin1": "Gaza Strip", "admin2": "Khan Yunis", "admin3": null, "location": "Abasan al Kabirah", "latitude": 31.3191, "longitude": 34.3401, "geo_precision": 2, "source": "Ma'an News Agency", "source_scale": "National", "notes": "On 13 February 2024, Israeli helicopters opened fire east of Abasan al Kabirah (Khan Yunis, Gaza Strip). Meanwhile, Israeli artillery shelled civilian houses in the same area. Casualties unknown.", "fatalities": 0, "tags": null, "timestamp": 1753955113 }, "geometry": { "type": "Point", "coordinates": [ 34.3401, 31.3191 ] } },
{ "type": "Feature", "properties": { "event_id_cnty": "PSE47084", "event_date": "2/13/2024", "year": 2024, "time_precision": 1, "disorder_type": "Political violence", "event_type": "Violence against civilians", "sub_event_type": "Attack", "actor1": "Military Forces of Israel (2022-)", "assoc_actor_1": null, "inter1": 8, "actor2": "Civilians (Palestine)", "assoc_actor_2": null, "inter2": 7, "interaction": 78, "civilian_targeting": "Civilian targeting", "iso": 275, "region": "Middle East", "country": "Palestine", "admin1": "Gaza Strip", "admin2": "Khan Yunis", "admin3": null, "location": "Khan Yunis - Al Amal", "latitude": 31.3544, "longitude": 34.3007, "geo_precision": 1, "source": "Palestine Information Center; Palestine News and Information Agency; Quds News Network", "source_scale": "Other-National", "notes": "On 13 February 2024, Israeli forces shot and killed a Palestinian in Khan Yunis - Al Amal (Khan Yunis, Gaza Strip).", "fatalities": 1, "tags": null, "timestamp": 1753955113 }, "geometry": { "type": "Point", "coordinates": [ 34.3007, 31.3544 ] } },
{ "type": "Feature", "properties": { "event_id_cnty": "PSE47086", "event_date": "2/13/2024", "year": 2024, "time_precision": 1, "disorder_type": "Political violence", "event_type": "Violence against civilians", "sub_event_type": "Attack", "actor1": "Military Forces of Israel (2022-)", "assoc_actor_1": null, "inter1": 8, "actor2": "Civilians (Palestine)", "assoc_actor_2": "Health Workers (Palestine); Refugees/IDPs (Palestine)", "inter2": 7, "interaction": 78, "civilian_targeting": "Civilian targeting", "iso": 275, "region": "Middle East", "country": "Palestine", "admin1": "Gaza Strip", "admin2": "Khan Yunis", "admin3": null, "location": "Khan Yunis - West (Municipal Stadium)", "latitude": 31.3484, "longitude": 34.2961, "geo_precision": 1, "source": "Ma'an News Agency; Newpress; Palestine Information Center; Palestine News and Information Agency; Quds News Network", "source_scale": "Other-National", "notes": "On 13 February 2024, Israeli snipers fired at Naser medical complex in Khan Yunis - West (Municipal Stadium) (Khan Yunis, Gaza Strip), killing 3 Palestinians and injuring 10 others.", "fatalities": 3, "tags": null, "timestamp": 1753955113 }, "geometry": { "type": "Point", "coordinates": [ 34.2961, 31.3484 ] } },
{ "type": "Feature", "properties": { "event_id_cnty": "PSE46958", "event_date": "2/13/2024", "year": 2024, "time_precision": 1, "disorder_type": "Political violence", "event_type": "Explosions/Remote violence", "sub_event_type": "Air/drone strike", "actor1": "Military Forces of Israel (2022-)", "assoc_actor_1": null, "inter1": 8, "actor2": "Civilians (Palestine)", "assoc_actor_2": null, "inter2": 7, "interaction": 78, "civilian_targeting": "Civilian targeting", "iso": 275, "region": "Middle East", "country": "Palestine", "admin1": "Gaza Strip", "admin2": "Deir El Balah", "admin3": null, "location": "Az Zawayda", "latitude": 31.4284, "longitude": 34.366, "geo_precision": 2, "source": "Joe Truzman; Quds News Network", "source_scale": "National", "notes": "On 13 February 2024, Israeli warplanes struck an agricultural land near Az Zawayda (Deir El Balah, Gaza Strip), injuring 5 people. There were no fatalities.", "fatalities": 0, "tags": null, "timestamp": 1767742780 }, "geometry": { "type": "Point", "coordinates": [ 34.366, 31.4284 ] } },
{ "type": "Feature", "properties": { "event_id_cnty": "PSE46972", "event_date": "2/13/2024", "year": 2024, "time_precision": 1, "disorder_type": "Political violence", "event_type": "Explosions/Remote violence", "sub_event_type": "Air/drone strike", "actor1": "Military Forces of Israel (2022-)", "assoc_actor_1": null, "inter1": 8, "actor2": "Civilians (Palestine)", "assoc_actor_2": "Refugees/IDPs (Palestine)", "inter2": 7, "interaction": 78, "civilian_targeting": "Civilian targeting", "iso": 275, "region": "Middle East", "country": "Palestine", "admin1": "Gaza Strip", "admin2": "Deir El Balah", "admin3": null, "location": "An Nusayrat", "latitude": 31.4486, "longitude": 34.3925, "geo_precision": 1, "source": "Ma'an News Agency; Newpress; Palestine Information Center; Palestine News and Information Agency; Quds News Network", "source_scale": "Other-National", "notes": "On 13 February 2024, Israeli warplanes struck houses in An Nusayrat refugee camp (Deir El Balah, Gaza Strip), killing 6 people from the same family and an unspecified number of people from another family. Total fatalities coded as 7.", "fatalities": 7, "tags": null, "timestamp": 1753955113 }, "geometry": { "type": "Point", "coordinates": [ 34.3925, 31.4486 ] } },
{ "type": "Feature", "properties": { "event_id_cnty": "PSE46975", "event_date": "2/13/2024", "year": 2024, "time_precision": 1, "disorder_type": "Political violence", "event_type": "Explosions/Remote violence", "sub_event_type": "Air/drone strike", "actor1": "Military Forces of Israel (2022-)", "assoc_actor_1": null, "inter1": 8, "actor2": "Civilians (Palestine)", "assoc_actor_2": null, "inter2": 7, "interaction": 78, "civilian_targeting": "Civilian targeting", "iso": 275, "region": "Middle East", "country": "Palestine", "admin1": "Gaza Strip", "admin2": "Deir El Balah", "admin3": null, "location": "Deir al Balah", "latitude": 31.4178, "longitude": 34.3503, "geo_precision": 1, "source": "Palestine Information Center; Quds News Network", "source_scale": "Other-National", "notes": "On 13 February 2024, Israeli warplanes struck a house and an agricultural land in the vicinity of al-Mazraa school in Deir al Balah (Deir El Balah, Gaza Strip), injuring 4 people. There were no fatalities.", "fatalities": 0, "tags": null, "timestamp": 1753955113 }, "geometry": { "type": "Point", "coordinates": [ 34.3503, 31.4178 ] } },
{ "type": "Feature", "properties": { "event_id_cnty": "PSE46983", "event_date": "2/13/2024", "year": 2024, "time_precision": 1, "disorder_type": "Political violence", "event_type": "Explosions/Remote violence", "sub_event_type": "Air/drone strike", "actor1": "Military Forces of Israel (2022-)", "assoc_actor_1": null, "inter1": 8, "actor2": "Civilians (Palestine)", "assoc_actor_2": null, "inter2": 7, "interaction": 78, "civilian_targeting": "Civilian targeting", "iso": 275, "region": "Middle East", "country": "Palestine", "admin1": "Gaza Strip", "admin2": "Deir El Balah", "admin3": null, "location": "Deir al Balah Camp", "latitude": 31.4249, "longitude": 34.34, "geo_precision": 2, "source": "Palestine Information Center; Quds News Network", "source_scale": "Other-National", "notes": "On 13 February 2024, Israeli warplanes struck targets east of Deir al Balah (coded to Deir al Balah Camp, Gaza Strip), killing 1 person.", "fatalities": 1, "tags": null, "timestamp": 1765850627 }, "geometry": { "type": "Point", "coordinates": [ 34.34, 31.4249 ] } },
{ "type": "Feature", "properties": { "event_id_cnty": "PSE46987", "event_date": "2/13/2024", "year": 2024, "time_precision": 1, "disorder_type": "Political violence", "event_type": "Explosions/Remote violence", "sub_event_type": "Air/drone strike", "actor1": "Military Forces of Israel (2022-)", "assoc_actor_1": null, "inter1": 8, "actor2": "Civilians (Palestine)", "assoc_actor_2": "Refugees/IDPs (Palestine)", "inter2": 7, "interaction": 78, "civilian_targeting": "Civilian targeting", "iso": 275, "region": "Middle East", "country": "Palestine", "admin1": "Gaza Strip", "admin2": "Deir El Balah", "admin3": null, "location": "Al Maghazi", "latitude": 31.4214, "longitude": 34.3865, "geo_precision": 1, "source": "Palestine News and Information Agency", "source_scale": "National", "notes": "On 13 February 2024, Israeli warplanes struck Al Maghazi refugee camp (Deir El Balah, Gaza Strip), causing unspecified injuries. There were no fatalities.", "fatalities": 0, "tags": null, "timestamp": 1753955113 }, "geometry": { "type": "Point", "coordinates": [ 34.3865, 31.4214 ] } },
{ "type": "Feature", "properties": { "event_id_cnty": "PSE46964", "event_date": "2/13/2024", "year": 2024, "time_precision": 1, "disorder_type": "Political violence", "event_type": "Violence against civilians", "sub_event_type": "Attack", "actor1": "Military Forces of Israel (2022-)", "assoc_actor_1": null, "inter1": 8, "actor2": "Civilians (Palestine)", "assoc_actor_2": null, "inter2": 7, "interaction": 78, "civilian_targeting": "Civilian targeting", "iso": 275, "region": "Middle East", "country": "Palestine", "admin1": "Gaza Strip", "admin2": "North Gaza", "admin3": null, "location": "Beit Lahiya - Ezbet Beit Hanoun", "latitude": 31.5472, "longitude": 34.5225, "geo_precision": 1, "source": "Palestine Information Center; Quds News Network", "source_scale": "Other-National", "notes": "On 13 February 2024, Israeli forces fired at Palestinians in Al Nada towers area in Beit Lahiya - Ezbet Beit Hanoun (North Gaza, Gaza Strip), killing 1 Palestinian and injuring another.", "fatalities": 1, "tags": null, "timestamp": 1753955113 }, "geometry": { "type": "Point", "coordinates": [ 34.5225, 31.5472 ] } },
{ "type": "Feature", "properties": { "event_id_cnty": "PSE46961", "event_date": "2/13/2024", "year": 2024, "time_precision": 1, "disorder_type": "Political violence", "event_type": "Explosions/Remote violence", "sub_event_type": "Air/drone strike", "actor1": "Military Forces of Israel (2022-)", "assoc_actor_1": null, "inter1": 8, "actor2": "Civilians (Palestine)", "assoc_actor_2": null, "inter2": 7, "interaction": 78, "civilian_targeting": "Civilian targeting", "iso": 275, "region": "Middle East", "country": "Palestine", "admin1": "Gaza Strip", "admin2": "Gaza City", "admin3": null, "location": "Gaza - Southern Remal", "latitude": 31.5168, "longitude": 34.4355, "geo_precision": 2, "source": "Newpress; Palestine Information Center; Quds News Network", "source_scale": "Other-National", "notes": "On 13 February 2024, Israeli warplanes struck a house in Al Sinaa area west of Gaza city, coded to Gaza - Southern Remal (Gaza City, Gaza Strip), causing unspecified injuries. There were no fatalities.", "fatalities": 0, "tags": null, "timestamp": 1759789988 }, "geometry": { "type": "Point", "coordinates": [ 34.4355, 31.5168 ] } },
{ "type": "Feature", "properties": { "event_id_cnty": "PSE46960", "event_date": "2/13/2024", "year": 2024, "time_precision": 1, "disorder_type": "Political violence", "event_type": "Explosions/Remote violence", "sub_event_type": "Air/drone strike", "actor1": "Military Forces of Israel (2022-)", "assoc_actor_1": null, "inter1": 8, "actor2": "Civilians (Palestine)", "assoc_actor_2": null, "inter2": 7, "interaction": 78, "civilian_targeting": "Civilian targeting", "iso": 275, "region": "Middle East", "country": "Palestine", "admin1": "Gaza Strip", "admin2": "Rafah", "admin3": null, "location": "Tal as Sultan", "latitude": 31.3098, "longitude": 34.2414, "geo_precision": 2, "source": "Palestine Information Center; Quds News Network", "source_scale": "Other-National", "notes": "On 13 February 2024, Israeli warplanes struck Talat Zoreb area west of Rafah (coded to Tal as Sultan, Gaza Strip), causing unspecified injuries. There were no fatalities.", "fatalities": 0, "tags": null, "timestamp": 1762829569 }, "geometry": { "type": "Point", "coordinates": [ 34.2414, 31.3098 ] } },
{ "type": "Feature", "properties": { "event_id_cnty": "PSE46971", "event_date": "2/13/2024", "year": 2024, "time_precision": 1, "disorder_type": "Political violence", "event_type": "Explosions/Remote violence", "sub_event_type": "Air/drone strike", "actor1": "Military Forces of Israel (2022-)", "assoc_actor_1": null, "inter1": 8, "actor2": "Civilians (Palestine)", "assoc_actor_2": "Refugees/IDPs (Palestine)", "inter2": 7, "interaction": 78, "civilian_targeting": "Civilian targeting", "iso": 275, "region": "Middle East", "country": "Palestine", "admin1": "Gaza Strip", "admin2": "Deir El Balah", "admin3": null, "location": "Al Burayj", "latitude": 31.4394, "longitude": 34.4031, "geo_precision": 1, "source": "Palestine Information Center; Palestinian Ministry of Health; Quds News Network", "source_scale": "Other-National", "notes": "On 13 February 2024, Israeli warplanes struck Al Burayj refugee camp (Deir El Balah, Gaza Strip). Unspecified casualties. [Palestinian Ministry of Health reported 28576 fatalities upto 13 February 2024. 49 fatalities not attributed to specific events split across 2 events on 13 Febraury. 25 fatalities coded to this event.]", "fatalities": 25, "tags": null, "timestamp": 1753955113 }, "geometry": { "type": "Point", "coordinates": [ 34.4031, 31.4394 ] } },
{ "type": "Feature", "properties": { "event_id_cnty": "PSE46988", "event_date": "2/13/2024", "year": 2024, "time_precision": 1, "disorder_type": "Political violence", "event_type": "Explosions/Remote violence", "sub_event_type": "Air/drone strike", "actor1": "Military Forces of Israel (2022-)", "assoc_actor_1": null, "inter1": 8, "actor2": "Civilians (Palestine)", "assoc_actor_2": null, "inter2": 7, "interaction": 78, "civilian_targeting": "Civilian targeting", "iso": 275, "region": "Middle East", "country": "Palestine", "admin1": "Gaza Strip", "admin2": "Gaza City", "admin3": null, "location": "Al Zahra", "latitude": 31.4716, "longitude": 34.4013, "geo_precision": 1, "source": "Ma'an News Agency; Quds News Network", "source_scale": "National", "notes": "On 13 February 2024, Israeli warplanes struck Al Zahra (Gaza City, Gaza Strip), killing 2 people and injuring others.", "fatalities": 2, "tags": null, "timestamp": 1753955113 }, "geometry": { "type": "Point", "coordinates": [ 34.4013, 31.4716 ] } },
{ "type": "Feature", "properties": { "event_id_cnty": "PSE46966", "event_date": "2/13/2024", "year": 2024, "time_precision": 1, "disorder_type": "Political violence", "event_type": "Explosions/Remote violence", "sub_event_type": "Air/drone strike", "actor1": "Military Forces of Israel (2022-)", "assoc_actor_1": null, "inter1": 8, "actor2": "Civilians (Palestine)", "assoc_actor_2": "Police Forces of Palestine (2007-) Gaza Strip", "inter2": 7, "interaction": 78, "civilian_targeting": "Civilian targeting", "iso": 275, "region": "Middle East", "country": "Palestine", "admin1": "Gaza Strip", "admin2": "Rafah", "admin3": null, "location": "Yibna", "latitude": 31.2842, "longitude": 34.2482, "geo_precision": 2, "source": "Ma'an News Agency; Newpress; Palestine Information Center; Palestinian Ministry of Health; Quds News Network", "source_scale": "Other-National", "notes": "On 13 February 2024, Israeli warplanes conducted at least 3 airstrikes striking targets east of Rafah (coded to Yibna, Gaza Strip), including a house, a police station, and agricultural land in Al Shoka village. Another strike targeted Zalata area. Unspecified casualties. [Palestinian Ministry of Health reported 28576 fatalities upto 13 February 2024. 49 fatalities not attributed to specific events split across 2 events on 13 Febraury. 24 fatalities coded to this event.]", "fatalities": 24, "tags": null, "timestamp": 1753955113 }, "geometry": { "type": "Point", "coordinates": [ 34.2482, 31.2842 ] } },
{ "type": "Feature", "properties": { "event_id_cnty": "PSE46963", "event_date": "2/13/2024", "year": 2024, "time_precision": 1, "disorder_type": "Political violence", "event_type": "Explosions/Remote violence", "sub_event_type": "Air/drone strike", "actor1": "Military Forces of Israel (2022-)", "assoc_actor_1": null, "inter1": 8, "actor2": "Civilians (Palestine)", "assoc_actor_2": null, "inter2": 7, "interaction": 78, "civilian_targeting": "Civilian targeting", "iso": 275, "region": "Middle East", "country": "Palestine", "admin1": "Gaza Strip", "admin2": "Gaza City", "admin3": null, "location": "Gaza - Az Zaytun", "latitude": 31.4964, "longitude": 34.4522, "geo_precision": 1, "source": "Palestine Information Center; Quds News Network", "source_scale": "Other-National", "notes": "On 13 February 2024, Israeli warplanes struck targets and fired white phosphorus bombs in Gaza - Az Zaytun (Gaza City, Gaza Strip). 2 Palestinians sustained injuries. There were no fatalities. HRW and other international organizations have accused Israel of using white phosphorous bombs.", "fatalities": 0, "tags": null, "timestamp": 1759789988 }, "geometry": { "type": "Point", "coordinates": [ 34.4522, 31.4964 ] } },
{ "type": "Feature", "properties": { "event_id_cnty": "PSE46976", "event_date": "2/13/2024", "year": 2024, "time_precision": 1, "disorder_type": "Political violence", "event_type": "Explosions/Remote violence", "sub_event_type": "Air/drone strike", "actor1": "Military Forces of Israel (2022-)", "assoc_actor_1": null, "inter1": 8, "actor2": "Civilians (Palestine)", "assoc_actor_2": "Journalists (Palestine)", "inter2": 7, "interaction": 78, "civilian_targeting": "Civilian targeting", "iso": 275, "region": "Middle East", "country": "Palestine", "admin1": "Gaza Strip", "admin2": "Rafah", "admin3": null, "location": "Khirbet al Adas", "latitude": 31.2855, "longitude": 34.2714, "geo_precision": 2, "source": "Newpress; Palestine Information Center; Palestine News and Information Agency; Quds News Network", "source_scale": "Other-National", "notes": "On 13 February 2024, Israeli drones struck Miraj area north of Rafah (coded to Khirbet al Adas, Gaza Strip), killing 1 person and injuring others. Another strike hit an Al Jazeera team in the same area, injuring 2 journalists.", "fatalities": 1, "tags": null, "timestamp": 1753955113 }, "geometry": { "type": "Point", "coordinates": [ 34.2714, 31.2855 ] } },
{ "type": "Feature", "properties": { "event_id_cnty": "PSE46984", "event_date": "2/13/2024", "year": 2024, "time_precision": 1, "disorder_type": "Political violence", "event_type": "Explosions/Remote violence", "sub_event_type": "Air/drone strike", "actor1": "Military Forces of Israel (2022-)", "assoc_actor_1": null, "inter1": 8, "actor2": "Civilians (Palestine)", "assoc_actor_2": null, "inter2": 7, "interaction": 78, "civilian_targeting": "Civilian targeting", "iso": 275, "region": "Middle East", "country": "Palestine", "admin1": "Gaza Strip", "admin2": "Rafah", "admin3": null, "location": "Rafah", "latitude": 31.287, "longitude": 34.2595, "geo_precision": 1, "source": "Palestine Information Center", "source_scale": "Other", "notes": "On 13 February 2024, Israeli warplanes struck a house in Awni Dahir street in Rafah (Gaza Strip). Casualties unknown.", "fatalities": 0, "tags": null, "timestamp": 1762829569 }, "geometry": { "type": "Point", "coordinates": [ 34.2595, 31.287 ] } },
{ "type": "Feature", "properties": { "event_id_cnty": "PSE46991", "event_date": "2/14/2024", "year": 2024, "time_precision": 1, "disorder_type": "Political violence", "event_type": "Explosions/Remote violence", "sub_event_type": "Air/drone strike", "actor1": "Military Forces of Israel (2022-)", "assoc_actor_1": null, "inter1": 8, "actor2": "Civilians (Palestine)", "assoc_actor_2": "Journalists (Palestine)", "inter2": 7, "interaction": 78, "civilian_targeting": "Civilian targeting", "iso": 275, "region": "Middle East", "country": "Palestine", "admin1": "Gaza Strip", "admin2": "Gaza City", "admin3": null, "location": "Gaza - Sheikh Radwan", "latitude": 31.5349, "longitude": 34.4667, "geo_precision": 1, "source": "Newpress; Palestine Information Center; Palestine News and Information Agency; Quds News Network", "source_scale": "Other-National", "notes": "On 14 February 2024, Israeli warplanes struck a car in Gaza - Sheikh Radwan (Gaza City, Gaza Strip), killing 4-6 people, including a journalist. Another strike hit a house in Al Jalaa street, killing 5 people, including prominent political analyst Ayman Al-Rafati. 9 fatalities coded.", "fatalities": 9, "tags": null, "timestamp": 1759789988 }, "geometry": { "type": "Point", "coordinates": [ 34.4667, 31.5349 ] } },
{ "type": "Feature", "properties": { "event_id_cnty": "PSE46996", "event_date": "2/14/2024", "year": 2024, "time_precision": 1, "disorder_type": "Political violence", "event_type": "Explosions/Remote violence", "sub_event_type": "Air/drone strike", "actor1": "Military Forces of Israel (2022-)", "assoc_actor_1": null, "inter1": 8, "actor2": "Civilians (Palestine)", "assoc_actor_2": null, "inter2": 7, "interaction": 78, "civilian_targeting": "Civilian targeting", "iso": 275, "region": "Middle East", "country": "Palestine", "admin1": "Gaza Strip", "admin2": "Gaza City", "admin3": null, "location": "Gaza - Ad Darraj", "latitude": 31.5172, "longitude": 34.4642, "geo_precision": 1, "source": "Ma'an News Agency; Palestine Information Center; Quds News Network", "source_scale": "Other-National", "notes": "On 14 February 2024, Israeli warplanes struck a car in Asqula area in Gaza - Ad Darraj (Gaza City, Gaza Strip), killing 3 people.", "fatalities": 3, "tags": null, "timestamp": 1759789988 }, "geometry": { "type": "Point", "coordinates": [ 34.4642, 31.5172 ] } },
{ "type": "Feature", "properties": { "event_id_cnty": "PSE47003", "event_date": "2/14/2024", "year": 2024, "time_precision": 1, "disorder_type": "Political violence", "event_type": "Explosions/Remote violence", "sub_event_type": "Air/drone strike", "actor1": "Military Forces of Israel (2022-)", "assoc_actor_1": null, "inter1": 8, "actor2": "Civilians (Palestine)", "assoc_actor_2": null, "inter2": 7, "interaction": 78, "civilian_targeting": "Civilian targeting", "iso": 275, "region": "Middle East", "country": "Palestine", "admin1": "Gaza Strip", "admin2": "Khan Yunis", "admin3": null, "location": "Abasan al Kabirah", "latitude": 31.3191, "longitude": 34.3401, "geo_precision": 2, "source": "Palestine Information Center; Palestine News and Information Agency; Quds News Network", "source_scale": "Other-National", "notes": "On 14 February 2024, Israeli drones struck civilians east of Abasan al Kabirah (Khan Yunis, Gaza Strip), causing unspecified injuries. There were no fatalities.", "fatalities": 0, "tags": null, "timestamp": 1753955113 }, "geometry": { "type": "Point", "coordinates": [ 34.3401, 31.3191 ] } },
{ "type": "Feature", "properties": { "event_id_cnty": "PSE47010", "event_date": "2/14/2024", "year": 2024, "time_precision": 1, "disorder_type": "Political violence", "event_type": "Explosions/Remote violence", "sub_event_type": "Air/drone strike", "actor1": "Military Forces of Israel (2022-)", "assoc_actor_1": null, "inter1": 8, "actor2": "Civilians (Palestine)", "assoc_actor_2": "Health Workers (Palestine)", "inter2": 7, "interaction": 78, "civilian_targeting": "Civilian targeting", "iso": 275, "region": "Middle East", "country": "Palestine", "admin1": "Gaza Strip", "admin2": "Khan Yunis", "admin3": null, "location": "Khan Yunis - West (Municipal Stadium)", "latitude": 31.3484, "longitude": 34.2961, "geo_precision": 1, "source": "Arab 48; Quds News Network", "source_scale": "National", "notes": "On 14 February 2024, an Israeli drone struck the doctor's room in Naser medical complex in Khan Yunis - West (Municipal Stadium) (Khan Yunis, Gaza Strip), injuring a doctor. There were no fatalities.", "fatalities": 0, "tags": null, "timestamp": 1753955113 }, "geometry": { "type": "Point", "coordinates": [ 34.2961, 31.3484 ] } },
{ "type": "Feature", "properties": { "event_id_cnty": "PSE47015", "event_date": "2/14/2024", "year": 2024, "time_precision": 1, "disorder_type": "Political violence", "event_type": "Violence against civilians", "sub_event_type": "Attack", "actor1": "Military Forces of Israel (2022-)", "assoc_actor_1": null, "inter1": 8, "actor2": "Civilians (Palestine)", "assoc_actor_2": "Refugees/IDPs (Palestine)", "inter2": 7, "interaction": 78, "civilian_targeting": "Civilian targeting", "iso": 275, "region": "Middle East", "country": "Palestine", "admin1": "Gaza Strip", "admin2": "Khan Yunis", "admin3": null, "location": "Khan Yunis - West (Municipal Stadium)", "latitude": 31.3484, "longitude": 34.2961, "geo_precision": 1, "source": "Newpress", "source_scale": "National", "notes": "On 14 February 2024, Israeli forces shot and injured a displaced Palestinian child in Naser medical complex in Khan Yunis - West (Municipal Stadium) (Khan Yunis, Gaza Strip). There were no fatalities.", "fatalities": 0, "tags": null, "timestamp": 1753955113 }, "geometry": { "type": "Point", "coordinates": [ 34.2961, 31.3484 ] } },
{ "type": "Feature", "properties": { "event_id_cnty": "PSE46990", "event_date": "2/14/2024", "year": 2024, "time_precision": 1, "disorder_type": "Political violence", "event_type": "Explosions/Remote violence", "sub_event_type": "Air/drone strike", "actor1": "Military Forces of Israel (2022-)", "assoc_actor_1": null, "inter1": 8, "actor2": "Civilians (Palestine)", "assoc_actor_2": "Refugees/IDPs (Palestine)", "inter2": 7, "interaction": 78, "civilian_targeting": "Civilian targeting", "iso": 275, "region": "Middle East", "country": "Palestine", "admin1": "Gaza Strip", "admin2": "Deir El Balah", "admin3": null, "location": "An Nusayrat", "latitude": 31.4486, "longitude": 34.3925, "geo_precision": 1, "source": "Liveuamap; Ma'an News Agency; Newpress; Palestine Information Center; Palestine News and Information Agency; Quds News Network", "source_scale": "Local partner-New media", "notes": "On 14 February 2024, Israeli warplanes struck houses in An Nusayrat refugee camp (Deir El Balah, Gaza Strip), killing 2 people and injuring 5 others in one house. Another strike killed 15 people in another house. Total fatalities coded 17.", "fatalities": 17, "tags": null, "timestamp": 1753955113 }, "geometry": { "type": "Point", "coordinates": [ 34.3925, 31.4486 ] } },
{ "type": "Feature", "properties": { "event_id_cnty": "PSE47000", "event_date": "2/14/2024", "year": 2024, "time_precision": 1, "disorder_type": "Political violence", "event_type": "Explosions/Remote violence", "sub_event_type": "Shelling/artillery/missile attack", "actor1": "Military Forces of Israel (2022-)", "assoc_actor_1": null, "inter1": 8, "actor2": "Civilians (Palestine)", "assoc_actor_2": null, "inter2": 7, "interaction": 78, "civilian_targeting": "Civilian targeting", "iso": 275, "region": "Middle East", "country": "Palestine", "admin1": "Gaza Strip", "admin2": "Deir El Balah", "admin3": null, "location": "Al Maghazi", "latitude": 31.4214, "longitude": 34.3865, "geo_precision": 1, "source": "Newpress; Palestine Information Center; Quds News Network", "source_scale": "Other-National", "notes": "On 14 February 2024, Israeli artillery shelled the vicinity of the clinic of Al Maghazi refugee camp (Deir El Balah, Gaza Strip), causing unspecified injuries. There were no fatalities.", "fatalities": 0, "tags": null, "timestamp": 1753955113 }, "geometry": { "type": "Point", "coordinates": [ 34.3865, 31.4214 ] } },
{ "type": "Feature", "properties": { "event_id_cnty": "PSE47007", "event_date": "2/14/2024", "year": 2024, "time_precision": 1, "disorder_type": "Political violence", "event_type": "Explosions/Remote violence", "sub_event_type": "Air/drone strike", "actor1": "Military Forces of Israel (2022-)", "assoc_actor_1": null, "inter1": 8, "actor2": "Civilians (Palestine)", "assoc_actor_2": "Refugees/IDPs (Palestine)", "inter2": 7, "interaction": 78, "civilian_targeting": "Civilian targeting", "iso": 275, "region": "Middle East", "country": "Palestine", "admin1": "Gaza Strip", "admin2": "Deir El Balah", "admin3": null, "location": "Al Maghazi", "latitude": 31.4214, "longitude": 34.3865, "geo_precision": 1, "source": "Newpress; Palestine Information Center; Quds News Network", "source_scale": "Other-National", "notes": "On 14 February 2024, Israeli warplanes conducted airstrikes in Al Maghazi refugee camp (Deir El Balah, Gaza Strip), causing unspecified injuries. The airstrikes targeted Al- Qasatna, Abu Jiab, and Al Matahen areas. Meanwhile Israeli helicopters opened fire at the eastern border of the camp. There were no fatalities.", "fatalities": 0, "tags": null, "timestamp": 1753955113 }, "geometry": { "type": "Point", "coordinates": [ 34.3865, 31.4214 ] } },
{ "type": "Feature", "properties": { "event_id_cnty": "PSE47020", "event_date": "2/14/2024", "year": 2024, "time_precision": 1, "disorder_type": "Political violence", "event_type": "Explosions/Remote violence", "sub_event_type": "Air/drone strike", "actor1": "Military Forces of Israel (2022-)", "assoc_actor_1": null, "inter1": 8, "actor2": "Civilians (Palestine)", "assoc_actor_2": null, "inter2": 7, "interaction": 78, "civilian_targeting": "Civilian targeting", "iso": 275, "region": "Middle East", "country": "Palestine", "admin1": "Gaza Strip", "admin2": "Rafah", "admin3": null, "location": "Yasser Arafat International Airport", "latitude": 31.2431, "longitude": 34.2759, "geo_precision": 1, "source": "Palestine Information Center", "source_scale": "Other", "notes": "On 14 February 2024, Israeli warplanes struck a house in the vicinity of Yasser Arafat International Airport (Rafah, Gaza Strip). There were no casualties.", "fatalities": 0, "tags": null, "timestamp": 1753955113 }, "geometry": { "type": "Point", "coordinates": [ 34.2759, 31.2431 ] } },
{ "type": "Feature", "properties": { "event_id_cnty": "PSE47004", "event_date": "2/14/2024", "year": 2024, "time_precision": 1, "disorder_type": "Political violence", "event_type": "Explosions/Remote violence", "sub_event_type": "Air/drone strike", "actor1": "Military Forces of Israel (2022-)", "assoc_actor_1": null, "inter1": 8, "actor2": "Civilians (Palestine)", "assoc_actor_2": null, "inter2": 7, "interaction": 78, "civilian_targeting": "Civilian targeting", "iso": 275, "region": "Middle East", "country": "Palestine", "admin1": "Gaza Strip", "admin2": "Deir El Balah", "admin3": null, "location": "Deir al Balah", "latitude": 31.4178, "longitude": 34.3503, "geo_precision": 1, "source": "Newpress; Palestine Information Center; Palestinian Ministry of Health; Quds News Network", "source_scale": "Other-National", "notes": "On 14 February 2024, Israeli warplanes conducted several airstrikes in Deir al Balah (Deir El Balah, Gaza Strip). One strike struck a house east of Al-Mazraa area. Another strike hit the site of Brigade 14 on Salah El Din street. Unspecified casualties. [Palestinian Ministry of Health reported 28663 fatalities upto 14 February 2024. 18 fatalities not attributed to specific events split across 2 events on 14 Febraury. 18 fatalities coded to this event.]", "fatalities": 9, "tags": null, "timestamp": 1753955113 }, "geometry": { "type": "Point", "coordinates": [ 34.3503, 31.4178 ] } },
{ "type": "Feature", "properties": { "event_id_cnty": "PSE47006", "event_date": "2/14/2024", "year": 2024, "time_precision": 1, "disorder_type": "Political violence", "event_type": "Explosions/Remote violence", "sub_event_type": "Air/drone strike", "actor1": "Military Forces of Israel (2022-)", "assoc_actor_1": null, "inter1": 8, "actor2": "Civilians (Palestine)", "assoc_actor_2": null, "inter2": 7, "interaction": 78, "civilian_targeting": "Civilian targeting", "iso": 275, "region": "Middle East", "country": "Palestine", "admin1": "Gaza Strip", "admin2": "Deir El Balah", "admin3": null, "location": "Deir al Balah Camp", "latitude": 31.4249, "longitude": 34.34, "geo_precision": 2, "source": "Palestine Information Center; Palestine News and Information Agency; Palestinian Ministry of Health; Quds News Network", "source_scale": "Other-National", "notes": "On 14 February 2024, Israeli warplanes targeted areas east of Deir al Balah (coded to Deir al Balah Camp, Gaza Strip), causing unspecified fatalities and injuries. [Palestinian Ministry of Health reported 28663 fatalities upto 14 February 2024. 18 fatalities not attributed to specific events split across 2 events on 14 Febraury. 18 fatalities coded to this event.]", "fatalities": 9, "tags": null, "timestamp": 1765850627 }, "geometry": { "type": "Point", "coordinates": [ 34.34, 31.4249 ] } },
{ "type": "Feature", "properties": { "event_id_cnty": "PSE47017", "event_date": "2/14/2024", "year": 2024, "time_precision": 1, "disorder_type": "Political violence", "event_type": "Explosions/Remote violence", "sub_event_type": "Air/drone strike", "actor1": "Military Forces of Israel (2022-)", "assoc_actor_1": null, "inter1": 8, "actor2": "Civilians (Palestine)", "assoc_actor_2": null, "inter2": 7, "interaction": 78, "civilian_targeting": "Civilian targeting", "iso": 275, "region": "Middle East", "country": "Palestine", "admin1": "Gaza Strip", "admin2": "Gaza City", "admin3": null, "location": "Al Mughraqa", "latitude": 31.4675, "longitude": 34.4097, "geo_precision": 2, "source": "Palestine Information Center", "source_scale": "Other", "notes": "On 14 February 2024, Israeli warplanes struck Wadi Gaza, killing 2 people, coded to Al Mughraqa (Gaza City, Gaza City).", "fatalities": 2, "tags": null, "timestamp": 1753955113 }, "geometry": { "type": "Point", "coordinates": [ 34.4097, 31.4675 ] } },
{ "type": "Feature", "properties": { "event_id_cnty": "PSE46994", "event_date": "2/14/2024", "year": 2024, "time_precision": 1, "disorder_type": "Political violence", "event_type": "Explosions/Remote violence", "sub_event_type": "Air/drone strike", "actor1": "Military Forces of Israel (2022-)", "assoc_actor_1": null, "inter1": 8, "actor2": "Civilians (Palestine)", "assoc_actor_2": null, "inter2": 7, "interaction": 78, "civilian_targeting": "Civilian targeting", "iso": 275, "region": "Middle East", "country": "Palestine", "admin1": "Gaza Strip", "admin2": "Gaza City", "admin3": null, "location": "Gaza - Az Zaytun", "latitude": 31.4964, "longitude": 34.4522, "geo_precision": 1, "source": "Al Ghad (Jordan); Palestine Information Center; Palestine News and Information Agency; Quds News Network", "source_scale": "Other-National", "notes": "On 14 February 2024, Israeli warplanes conducted airstrikes in Tal el Hawa and Gaza - Az Zaytun (Gaza City, Gaza Strip), killing 9 people in total. Another strike targeted the vicinity of Al Ahli Baptist hospital in Gaza - Az Zaytun, causing 2 injuries, but no fatalities. Another drone strike killed 1 person and injured another in the vicinity of Ali Ibn Abi Taleb Mosque in Az Zaytun. 6 fatalities coded to Az Zaytun and 4 coded to Tal el Hawa.", "fatalities": 6, "tags": null, "timestamp": 1759789988 }, "geometry": { "type": "Point", "coordinates": [ 34.4522, 31.4964 ] } },
{ "type": "Feature", "properties": { "event_id_cnty": "PSE46995", "event_date": "2/14/2024", "year": 2024, "time_precision": 1, "disorder_type": "Political violence", "event_type": "Explosions/Remote violence", "sub_event_type": "Air/drone strike", "actor1": "Military Forces of Israel (2022-)", "assoc_actor_1": null, "inter1": 8, "actor2": "Civilians (Palestine)", "assoc_actor_2": null, "inter2": 7, "interaction": 78, "civilian_targeting": "Civilian targeting", "iso": 275, "region": "Middle East", "country": "Palestine", "admin1": "Gaza Strip", "admin2": "Gaza City", "admin3": null, "location": "Gaza - Tal el Hawa", "latitude": 31.5041, "longitude": 34.435, "geo_precision": 1, "source": "Liveuamap; Newpress; Palestine Information Center; Palestine News and Information Agency; Quds News Network", "source_scale": "Local partner-New media", "notes": "On 14 February 2024, Israeli warplanes conducted airstrikes in Az Zaytun and Gaza - Tal el Hawa (Gaza City, Gaza Strip), killing 9 people in total. 6 fatalities coded to Az Zaytun and 4 coded to Tal el Hawa.", "fatalities": 4, "tags": null, "timestamp": 1759789988 }, "geometry": { "type": "Point", "coordinates": [ 34.435, 31.5041 ] } },
{ "type": "Feature", "properties": { "event_id_cnty": "PSE46997", "event_date": "2/14/2024", "year": 2024, "time_precision": 1, "disorder_type": "Political violence", "event_type": "Explosions/Remote violence", "sub_event_type": "Air/drone strike", "actor1": "Military Forces of Israel (2022-)", "assoc_actor_1": null, "inter1": 8, "actor2": "Civilians (Palestine)", "assoc_actor_2": null, "inter2": 7, "interaction": 78, "civilian_targeting": "Civilian targeting", "iso": 275, "region": "Middle East", "country": "Palestine", "admin1": "Gaza Strip", "admin2": "Gaza City", "admin3": null, "location": "Gaza - Tal el Hawa", "latitude": 31.5041, "longitude": 34.435, "geo_precision": 1, "source": "Quds News Network", "source_scale": "National", "notes": "On 14 February 2024, Israeli warplanes struck a house on Dahdouh street in Gaza - Tal el Hawa (Gaza City, Gaza Strip). Casualties unknown. Meanwhile Israeli artillery fired smoke bombs in the vicinity of Dahdouh street and the university college.", "fatalities": 0, "tags": null, "timestamp": 1759789988 }, "geometry": { "type": "Point", "coordinates": [ 34.435, 31.5041 ] } },
{ "type": "Feature", "properties": { "event_id_cnty": "PSE47013", "event_date": "2/14/2024", "year": 2024, "time_precision": 1, "disorder_type": "Political violence", "event_type": "Explosions/Remote violence", "sub_event_type": "Air/drone strike", "actor1": "Military Forces of Israel (2022-)", "assoc_actor_1": null, "inter1": 8, "actor2": "Civilians (Palestine)", "assoc_actor_2": null, "inter2": 7, "interaction": 78, "civilian_targeting": "Civilian targeting", "iso": 275, "region": "Middle East", "country": "Palestine", "admin1": "Gaza Strip", "admin2": "Rafah", "admin3": null, "location": "Rafah", "latitude": 31.287, "longitude": 34.2595, "geo_precision": 1, "source": "Newpress", "source_scale": "National", "notes": "On 14 February 2024, Israeli warplanes conducted airstrikes in Rafah (Gaza Strip). A former Palestinian prisoner released in a 2011 agreement between Israel and Hamas, died during the strike. Airstrikes also destroyed a house.", "fatalities": 1, "tags": null, "timestamp": 1762829569 }, "geometry": { "type": "Point", "coordinates": [ 34.2595, 31.287 ] } },
{ "type": "Feature", "properties": { "event_id_cnty": "PSE47021", "event_date": "2/15/2024", "year": 2024, "time_precision": 1, "disorder_type": "Political violence", "event_type": "Explosions/Remote violence", "sub_event_type": "Air/drone strike", "actor1": "Military Forces of Israel (2022-)", "assoc_actor_1": null, "inter1": 8, "actor2": "Civilians (Palestine)", "assoc_actor_2": "Health Workers (Palestine)", "inter2": 7, "interaction": 78, "civilian_targeting": "Civilian targeting", "iso": 275, "region": "Middle East", "country": "Palestine", "admin1": "Gaza Strip", "admin2": "Khan Yunis", "admin3": null, "location": "Khan Yunis - West (Municipal Stadium)", "latitude": 31.3484, "longitude": 34.2961, "geo_precision": 1, "source": "Al-Ittihad; Arab 48; Ma'an News Agency; Newpress; Palestine Information Center; Palestine News and Information Agency; Quds News Network", "source_scale": "Other-National", "notes": "On 15 February 2024, overnight, Israeli drones and Israeli tanks struck Naser medical complex in Khan Yunis - West (Municipal Stadium) (Khan Yunis, Gaza Strip), killing a patient and injuring 14 others. The shelling also damaged oxygen tubes in the hospital. Meanwhile, Israeli troops fired at the complex, injuring a doctor.", "fatalities": 1, "tags": null, "timestamp": 1753955113 }, "geometry": { "type": "Point", "coordinates": [ 34.2961, 31.3484 ] } },
{ "type": "Feature", "properties": { "event_id_cnty": "PSE47022", "event_date": "2/15/2024", "year": 2024, "time_precision": 1, "disorder_type": "Political violence", "event_type": "Violence against civilians", "sub_event_type": "Attack", "actor1": "Military Forces of Israel (2022-)", "assoc_actor_1": null, "inter1": 8, "actor2": "Civilians (Palestine)", "assoc_actor_2": "Health Workers (Palestine); Refugees/IDPs (Palestine)", "inter2": 7, "interaction": 78, "civilian_targeting": "Civilian targeting", "iso": 275, "region": "Middle East", "country": "Palestine", "admin1": "Gaza Strip", "admin2": "Khan Yunis", "admin3": null, "location": "Khan Yunis - West (Municipal Stadium)", "latitude": 31.3484, "longitude": 34.2961, "geo_precision": 1, "source": "Al-Ittihad; Arab 48; Ma'an News Agency; Palestine Information Center; Palestine News and Information Agency; Quds News Network", "source_scale": "Other-National", "notes": "On 15 February 2024, Israeli forces raided Naser medical complex in Khan Yunis - West (Municipal Stadium) (Khan Yunis, Gaza Strip), opened live fire, and forced its medical staff and displaced Palestinians sheltering inside it to evacuate. They also forced the hospital to move patients, including ICU patients to the old Naser building, and as a result 5 (some sources reported 6) ICU patients died due to power cuts caused by the raid. The forces destroyed the complex's southern wall and 2 ambulance vehicles and dug up mass graves in the complex. Medical staff and displaced Palestinians who evacuated the complex were told to go to Rafah, but dozens of them were arrested on the way.", "fatalities": 5, "tags": null, "timestamp": 1753955113 }, "geometry": { "type": "Point", "coordinates": [ 34.2961, 31.3484 ] } },
{ "type": "Feature", "properties": { "event_id_cnty": "PSE47025", "event_date": "2/15/2024", "year": 2024, "time_precision": 1, "disorder_type": "Political violence", "event_type": "Violence against civilians", "sub_event_type": "Attack", "actor1": "Military Forces of Israel (2022-)", "assoc_actor_1": null, "inter1": 8, "actor2": "Civilians (Palestine)", "assoc_actor_2": null, "inter2": 7, "interaction": 78, "civilian_targeting": "Civilian targeting", "iso": 275, "region": "Middle East", "country": "Palestine", "admin1": "Gaza Strip", "admin2": "Khan Yunis", "admin3": null, "location": "Al Mawasi (Khan Yunis)", "latitude": 31.3482, "longitude": 34.2547, "geo_precision": 1, "source": "Newpress; Quds News Network", "source_scale": "National", "notes": "On 15 February 2024, Israeli forces shot and killed a Palestinian man in Al Mawasi (Khan Yunis) (Gaza Strip).", "fatalities": 1, "tags": null, "timestamp": 1762829569 }, "geometry": { "type": "Point", "coordinates": [ 34.2547, 31.3482 ] } },
{ "type": "Feature", "properties": { "event_id_cnty": "PSE47029", "event_date": "2/15/2024", "year": 2024, "time_precision": 1, "disorder_type": "Political violence", "event_type": "Explosions/Remote violence", "sub_event_type": "Air/drone strike", "actor1": "Military Forces of Israel (2022-)", "assoc_actor_1": null, "inter1": 8, "actor2": "Civilians (Palestine)", "assoc_actor_2": null, "inter2": 7, "interaction": 78, "civilian_targeting": "Civilian targeting", "iso": 275, "region": "Middle East", "country": "Palestine", "admin1": "Gaza Strip", "admin2": "Gaza City", "admin3": null, "location": "Gaza - Sheikh Radwan", "latitude": 31.5349, "longitude": 34.4667, "geo_precision": 1, "source": "Liveuamap; Palestine Information Center; Palestine News and Information Agency; Quds News Network", "source_scale": "Local partner-New media", "notes": "On 15 February 2024, Israeli warplanes struck a civilian car and gathering at the Dobet intersection on Al Jalaa street in Gaza - Sheikh Radwan (Gaza City, Gaza Strip), killing 3 people and injuring 5 others.", "fatalities": 3, "tags": null, "timestamp": 1759789988 }, "geometry": { "type": "Point", "coordinates": [ 34.4667, 31.5349 ] } },
{ "type": "Feature", "properties": { "event_id_cnty": "PSE47036", "event_date": "2/15/2024", "year": 2024, "time_precision": 1, "disorder_type": "Political violence", "event_type": "Violence against civilians", "sub_event_type": "Attack", "actor1": "Military Forces of Israel (2022-)", "assoc_actor_1": null, "inter1": 8, "actor2": "Civilians (Palestine)", "assoc_actor_2": "Health Workers (Palestine); Journalists (Palestine); Refugees/IDPs (Palestine)", "inter2": 7, "interaction": 78, "civilian_targeting": "Civilian targeting", "iso": 275, "region": "Middle East", "country": "Palestine", "admin1": "Gaza Strip", "admin2": "Khan Yunis", "admin3": null, "location": "Khan Yunis - West (Municipal Stadium)", "latitude": 31.3484, "longitude": 34.2961, "geo_precision": 2, "source": "Quds News Network", "source_scale": "National", "notes": "On 15 February 2024, Israeli forces shot and killed 2 Palestinian men in Al Namsawi area of Khan Yunis - West (Municipal Stadium) (Khan Yunis, Gaza Strip). Israeli forces also attacked doctors and journalists who had evacuated Naser medical complex through unspecified means, injuring some of them.", "fatalities": 2, "tags": null, "timestamp": 1753955113 }, "geometry": { "type": "Point", "coordinates": [ 34.2961, 31.3484 ] } },
{ "type": "Feature", "properties": { "event_id_cnty": "PSE47023", "event_date": "2/15/2024", "year": 2024, "time_precision": 1, "disorder_type": "Political violence", "event_type": "Explosions/Remote violence", "sub_event_type": "Air/drone strike", "actor1": "Military Forces of Israel (2022-)", "assoc_actor_1": null, "inter1": 8, "actor2": "Civilians (Palestine)", "assoc_actor_2": "Refugees/IDPs (Palestine)", "inter2": 7, "interaction": 78, "civilian_targeting": "Civilian targeting", "iso": 275, "region": "Middle East", "country": "Palestine", "admin1": "Gaza Strip", "admin2": "Deir El Balah", "admin3": null, "location": "An Nusayrat", "latitude": 31.4486, "longitude": 34.3925, "geo_precision": 1, "source": "Palestine Information Center; Palestine News and Information Agency; Quds News Network", "source_scale": "Other-National", "notes": "On 15 February 2024, Israeli warplanes conducted airstrikes in An Nusayrat refugee camp (Deir El Balah, Gaza Strip). One strike targeted a house in as Sawarha area in the western part of the camp, killing 12 people from one family.", "fatalities": 12, "tags": null, "timestamp": 1753955113 }, "geometry": { "type": "Point", "coordinates": [ 34.3925, 31.4486 ] } },
{ "type": "Feature", "properties": { "event_id_cnty": "PSE47038", "event_date": "2/15/2024", "year": 2024, "time_precision": 1, "disorder_type": "Political violence", "event_type": "Explosions/Remote violence", "sub_event_type": "Air/drone strike", "actor1": "Military Forces of Israel (2022-)", "assoc_actor_1": null, "inter1": 8, "actor2": "Civilians (Palestine)", "assoc_actor_2": null, "inter2": 7, "interaction": 78, "civilian_targeting": "Civilian targeting", "iso": 275, "region": "Middle East", "country": "Palestine", "admin1": "Gaza Strip", "admin2": "Deir El Balah", "admin3": null, "location": "Deir al Balah", "latitude": 31.4178, "longitude": 34.3503, "geo_precision": 1, "source": "Ma'an News Agency; Palestine Information Center; Quds News Network", "source_scale": "Other-National", "notes": "On 15 February 2024, Israeli warplanes conducted airstrikes targeting Deir al Balah city (Deir El Balah, Gaza Strip). One strike targeted central Deir El Balah city, causing unspecified injuries but no fatalities. Another strike targeted Abu Arban area near Al Aqsa martyrs hospital in Deir al Balah city, killing 6 people and injuring 18 others.", "fatalities": 6, "tags": null, "timestamp": 1753955113 }, "geometry": { "type": "Point", "coordinates": [ 34.3503, 31.4178 ] } },
{ "type": "Feature", "properties": { "event_id_cnty": "PSE47040", "event_date": "2/15/2024", "year": 2024, "time_precision": 1, "disorder_type": "Political violence", "event_type": "Explosions/Remote violence", "sub_event_type": "Shelling/artillery/missile attack", "actor1": "Military Forces of Israel (2022-)", "assoc_actor_1": null, "inter1": 8, "actor2": "Civilians (Palestine)", "assoc_actor_2": "Refugees/IDPs (Palestine)", "inter2": 7, "interaction": 78, "civilian_targeting": "Civilian targeting", "iso": 275, "region": "Middle East", "country": "Palestine", "admin1": "Gaza Strip", "admin2": "Deir El Balah", "admin3": null, "location": "Al Maghazi", "latitude": 31.4214, "longitude": 34.3865, "geo_precision": 1, "source": "Ma'an News Agency; Palestine News and Information Agency; Quds News Network", "source_scale": "National", "notes": "On 15 February 2024, Israeli artillery shelled Al Maghazi refugee camp (Deir El Balah, Gaza Strip), causing unspecified injuries. There were no fatalities.", "fatalities": 0, "tags": null, "timestamp": 1753955113 }, "geometry": { "type": "Point", "coordinates": [ 34.3865, 31.4214 ] } },
{ "type": "Feature", "properties": { "event_id_cnty": "PSE47031", "event_date": "2/15/2024", "year": 2024, "time_precision": 1, "disorder_type": "Political violence", "event_type": "Explosions/Remote violence", "sub_event_type": "Air/drone strike", "actor1": "Military Forces of Israel (2022-)", "assoc_actor_1": null, "inter1": 8, "actor2": "Civilians (Palestine)", "assoc_actor_2": null, "inter2": 7, "interaction": 78, "civilian_targeting": "Civilian targeting", "iso": 275, "region": "Middle East", "country": "Palestine", "admin1": "Gaza Strip", "admin2": "Gaza City", "admin3": null, "location": "Gaza - Sabra", "latitude": 31.5086, "longitude": 34.4493, "geo_precision": 1, "source": "Newpress; Palestine News and Information Agency; Quds News Network", "source_scale": "National", "notes": "On 15 February 2024, Israeli warplanes conducted airstrikes in Gaza - Az Zaytun and Gaza - Sabra (Gaza City, Gaza Strip), killing 10 people in total. Fatalities split across 2 events.", "fatalities": 5, "tags": null, "timestamp": 1759789988 }, "geometry": { "type": "Point", "coordinates": [ 34.4493, 31.5086 ] } },
{ "type": "Feature", "properties": { "event_id_cnty": "PSE47042", "event_date": "2/15/2024", "year": 2024, "time_precision": 1, "disorder_type": "Political violence", "event_type": "Explosions/Remote violence", "sub_event_type": "Air/drone strike", "actor1": "Military Forces of Israel (2022-)", "assoc_actor_1": null, "inter1": 8, "actor2": "Civilians (Palestine)", "assoc_actor_2": "Refugees/IDPs (Palestine)", "inter2": 7, "interaction": 78, "civilian_targeting": "Civilian targeting", "iso": 275, "region": "Middle East", "country": "Palestine", "admin1": "Gaza Strip", "admin2": "North Gaza", "admin3": null, "location": "Jabalya Camp", "latitude": 31.536, "longitude": 34.4907, "geo_precision": 1, "source": "Palestine Information Center; Quds News Network", "source_scale": "Other-National", "notes": "On 15 February 2024, Israeli warplanes struck a house in Mukhayyam Jabalya Camp (North Gaza, Gaza Strip), killing 1 person and injuring others.", "fatalities": 1, "tags": null, "timestamp": 1753955113 }, "geometry": { "type": "Point", "coordinates": [ 34.4907, 31.536 ] } },
{ "type": "Feature", "properties": { "event_id_cnty": "PSE47041", "event_date": "2/15/2024", "year": 2024, "time_precision": 1, "disorder_type": "Political violence", "event_type": "Explosions/Remote violence", "sub_event_type": "Air/drone strike", "actor1": "Military Forces of Israel (2022-)", "assoc_actor_1": null, "inter1": 8, "actor2": "Civilians (Palestine)", "assoc_actor_2": "Refugees/IDPs (Palestine)", "inter2": 7, "interaction": 78, "civilian_targeting": "Civilian targeting", "iso": 275, "region": "Middle East", "country": "Palestine", "admin1": "Gaza Strip", "admin2": "Deir El Balah", "admin3": null, "location": "Al Burayj", "latitude": 31.4394, "longitude": 34.4031, "geo_precision": 1, "source": "Palestine News and Information Agency; Palestinian Ministry of Health", "source_scale": "Other-National", "notes": "On 15 February 2024, Israeli warplanes struck targets in Al Burayj refugee camp (Deir El Balah, Gaza Strip), causing unspecified fatalities. [Palestinian Ministry of Health reported 28775 fatalities upto 15 February 2024. 28 fatalities not attributed to specific events split across 3 events on 15 Febraury. 9 fatalities coded to this event.]", "fatalities": 9, "tags": null, "timestamp": 1753955113 }, "geometry": { "type": "Point", "coordinates": [ 34.4031, 31.4394 ] } },
{ "type": "Feature", "properties": { "event_id_cnty": "PSE47047", "event_date": "2/15/2024", "year": 2024, "time_precision": 1, "disorder_type": "Political violence", "event_type": "Explosions/Remote violence", "sub_event_type": "Air/drone strike", "actor1": "Military Forces of Israel (2022-)", "assoc_actor_1": null, "inter1": 8, "actor2": "Civilians (Palestine)", "assoc_actor_2": null, "inter2": 7, "interaction": 78, "civilian_targeting": "Civilian targeting", "iso": 275, "region": "Middle East", "country": "Palestine", "admin1": "Gaza Strip", "admin2": "Khan Yunis", "admin3": null, "location": "Khan Yunis - West (Municipal Stadium)", "latitude": 31.3484, "longitude": 34.2961, "geo_precision": 1, "source": "Palestine Information Center; Palestine News and Information Agency", "source_scale": "Other-National", "notes": "On 15 February 2024, Israeli warplanes and tanks struck central and western Khan Yunis city (coded to Khan Yunis - West (Municipal Stadium), Gaza Strip), causing dozens of fatalities and injuries. Unknown fatalities coded as 12.", "fatalities": 12, "tags": null, "timestamp": 1753955113 }, "geometry": { "type": "Point", "coordinates": [ 34.2961, 31.3484 ] } },
{ "type": "Feature", "properties": { "event_id_cnty": "PSE47052", "event_date": "2/15/2024", "year": 2024, "time_precision": 1, "disorder_type": "Political violence", "event_type": "Explosions/Remote violence", "sub_event_type": "Air/drone strike", "actor1": "Military Forces of Israel (2022-)", "assoc_actor_1": null, "inter1": 8, "actor2": "Civilians (Palestine)", "assoc_actor_2": null, "inter2": 7, "interaction": 78, "civilian_targeting": "Civilian targeting", "iso": 275, "region": "Middle East", "country": "Palestine", "admin1": "Gaza Strip", "admin2": "Gaza City", "admin3": null, "location": "Gaza - Ash Shaykh Ijlin", "latitude": 31.5098, "longitude": 34.4274, "geo_precision": 1, "source": "Palestine News and Information Agency; Palestinian Ministry of Health", "source_scale": "Other-National", "notes": "On 15 February 2024, Israeli warplanes struck targets in Gaza - Ash Shaykh Ijlin (Gaza City, Gaza Strip), causing unspecified fatalities and injuries. [Palestinian Ministry of Health reported 28775 fatalities upto 15 February 2024. 28 fatalities not attributed to specific events split across 3 events on 15 Febraury. 10 fatalities coded to this event.]", "fatalities": 10, "tags": null, "timestamp": 1753955113 }, "geometry": { "type": "Point", "coordinates": [ 34.4274, 31.5098 ] } },
{ "type": "Feature", "properties": { "event_id_cnty": "PSE47026", "event_date": "2/15/2024", "year": 2024, "time_precision": 1, "disorder_type": "Political violence", "event_type": "Explosions/Remote violence", "sub_event_type": "Air/drone strike", "actor1": "Military Forces of Israel (2022-)", "assoc_actor_1": null, "inter1": 8, "actor2": "Civilians (Palestine)", "assoc_actor_2": null, "inter2": 7, "interaction": 78, "civilian_targeting": "Civilian targeting", "iso": 275, "region": "Middle East", "country": "Palestine", "admin1": "Gaza Strip", "admin2": "North Gaza", "admin3": null, "location": "Beit Hanoun - Al-Sekka", "latitude": 31.5463, "longitude": 34.5332, "geo_precision": 1, "source": "Palestine News and Information Agency; Quds News Network", "source_scale": "National", "notes": "On 15 February 2024, Israeli warplanes struck 2 houses in Beit Hanoun - Al-Sekka (North Gaza, Gaza Strip), killing at least 2 people.", "fatalities": 2, "tags": null, "timestamp": 1753955113 }, "geometry": { "type": "Point", "coordinates": [ 34.5332, 31.5463 ] } },
{ "type": "Feature", "properties": { "event_id_cnty": "PSE47037", "event_date": "2/15/2024", "year": 2024, "time_precision": 1, "disorder_type": "Political violence", "event_type": "Explosions/Remote violence", "sub_event_type": "Air/drone strike", "actor1": "Military Forces of Israel (2022-)", "assoc_actor_1": null, "inter1": 8, "actor2": "Civilians (Palestine)", "assoc_actor_2": null, "inter2": 7, "interaction": 78, "civilian_targeting": "Civilian targeting", "iso": 275, "region": "Middle East", "country": "Palestine", "admin1": "Gaza Strip", "admin2": "Gaza City", "admin3": null, "location": "Al Mughraqa", "latitude": 31.4675, "longitude": 34.4097, "geo_precision": 2, "source": "Quds News Network", "source_scale": "National", "notes": "On 15 February 2024, Israeli warplanes struck Wadi Gaza, killing 1 person and injuring several others, coded to Al Mughraqa (Gaza City, Gaza City).", "fatalities": 1, "tags": null, "timestamp": 1753955113 }, "geometry": { "type": "Point", "coordinates": [ 34.4097, 31.4675 ] } },
{ "type": "Feature", "properties": { "event_id_cnty": "PSE47030", "event_date": "2/15/2024", "year": 2024, "time_precision": 1, "disorder_type": "Political violence", "event_type": "Explosions/Remote violence", "sub_event_type": "Air/drone strike", "actor1": "Military Forces of Israel (2022-)", "assoc_actor_1": null, "inter1": 8, "actor2": "Civilians (Palestine)", "assoc_actor_2": null, "inter2": 7, "interaction": 78, "civilian_targeting": "Civilian targeting", "iso": 275, "region": "Middle East", "country": "Palestine", "admin1": "Gaza Strip", "admin2": "Gaza City", "admin3": null, "location": "Gaza - Az Zaytun", "latitude": 31.4964, "longitude": 34.4522, "geo_precision": 1, "source": "Newpress; Palestine News and Information Agency; Quds News Network", "source_scale": "National", "notes": "On 15 February 2024, Israeli warplanes conducted airstrikes in Gaza - Az Zaytun and Gaza - Sabra (Gaza City, Gaza Strip), killing 10 people in total. Fatalities split across 2 events.", "fatalities": 5, "tags": null, "timestamp": 1759789988 }, "geometry": { "type": "Point", "coordinates": [ 34.4522, 31.4964 ] } },
{ "type": "Feature", "properties": { "event_id_cnty": "PSE47039", "event_date": "2/15/2024", "year": 2024, "time_precision": 1, "disorder_type": "Political violence", "event_type": "Explosions/Remote violence", "sub_event_type": "Air/drone strike", "actor1": "Military Forces of Israel (2022-)", "assoc_actor_1": null, "inter1": 8, "actor2": "Civilians (Palestine)", "assoc_actor_2": null, "inter2": 7, "interaction": 78, "civilian_targeting": "Civilian targeting", "iso": 275, "region": "Middle East", "country": "Palestine", "admin1": "Gaza Strip", "admin2": "North Gaza", "admin3": null, "location": "Jabalya - Tel-Zaatar", "latitude": 31.5367, "longitude": 34.5035, "geo_precision": 1, "source": "Newpress; Palestine Information Center; Palestine News and Information Agency; Quds News Network", "source_scale": "Other-National", "notes": "On 15 February 2024, Israeli warplanes and artillery struck 2 houses in Jabalya - Tel-Zaatar (North Gaza, Gaza Strip), killing 6 people.", "fatalities": 6, "tags": null, "timestamp": 1759789988 }, "geometry": { "type": "Point", "coordinates": [ 34.5035, 31.5367 ] } },
{ "type": "Feature", "properties": { "event_id_cnty": "PSE47051", "event_date": "2/15/2024", "year": 2024, "time_precision": 1, "disorder_type": "Political violence", "event_type": "Explosions/Remote violence", "sub_event_type": "Air/drone strike", "actor1": "Military Forces of Israel (2022-)", "assoc_actor_1": null, "inter1": 8, "actor2": "Civilians (Palestine)", "assoc_actor_2": null, "inter2": 7, "interaction": 78, "civilian_targeting": "Civilian targeting", "iso": 275, "region": "Middle East", "country": "Palestine", "admin1": "Gaza Strip", "admin2": "Gaza City", "admin3": null, "location": "Gaza - Tal el Hawa", "latitude": 31.5041, "longitude": 34.435, "geo_precision": 1, "source": "Palestine News and Information Agency; Palestinian Ministry of Health", "source_scale": "Other-National", "notes": "On 15 February 2024, Israeli warplanes struck targets in Gaza - Tal el Hawa (Gaza City, Gaza Strip), causing unspecified fatalities and injuries. [Palestinian Ministry of Health reported 28775 fatalities upto 15 February 2024. 28 fatalities not attributed to specific events split across 3 events on 15 Febraury. 9 fatalities coded to this event.]", "fatalities": 9, "tags": null, "timestamp": 1759789988 }, "geometry": { "type": "Point", "coordinates": [ 34.435, 31.5041 ] } },
{ "type": "Feature", "properties": { "event_id_cnty": "PSE47035", "event_date": "2/15/2024", "year": 2024, "time_precision": 1, "disorder_type": "Political violence", "event_type": "Explosions/Remote violence", "sub_event_type": "Air/drone strike", "actor1": "Military Forces of Israel (2022-)", "assoc_actor_1": null, "inter1": 8, "actor2": "Civilians (Palestine)", "assoc_actor_2": "Refugees/IDPs (Palestine)", "inter2": 7, "interaction": 78, "civilian_targeting": "Civilian targeting", "iso": 275, "region": "Middle East", "country": "Palestine", "admin1": "Gaza Strip", "admin2": "Rafah", "admin3": null, "location": "Rafah", "latitude": 31.287, "longitude": 34.2595, "geo_precision": 1, "source": "Palestine News and Information Agency; Quds News Network", "source_scale": "National", "notes": "On 15 February 2024, Israeli warplanes conducted airstrikes in Rafah (Gaza Strip), including the western areas of the city and the southern border area, injuring an unspecified number of people, including displaced Palestinians. There were no fatalities.", "fatalities": 0, "tags": null, "timestamp": 1762829569 }, "geometry": { "type": "Point", "coordinates": [ 34.2595, 31.287 ] } },
{ "type": "Feature", "properties": { "event_id_cnty": "PSE47061", "event_date": "2/16/2024", "year": 2024, "time_precision": 1, "disorder_type": "Political violence", "event_type": "Explosions/Remote violence", "sub_event_type": "Air/drone strike", "actor1": "Military Forces of Israel (2022-)", "assoc_actor_1": null, "inter1": 8, "actor2": "Civilians (Palestine)", "assoc_actor_2": null, "inter2": 7, "interaction": 78, "civilian_targeting": "Civilian targeting", "iso": 275, "region": "Middle East", "country": "Palestine", "admin1": "Gaza Strip", "admin2": "Khan Yunis", "admin3": null, "location": "Al Qararah", "latitude": 31.3739, "longitude": 34.3409, "geo_precision": 1, "source": "Quds News Network", "source_scale": "National", "notes": "On 16 February 2024, Israeli warplanes struck Al Qararah (Khan Yunis, Gaza Strip), injuring 2 people. There were no fatalities.", "fatalities": 0, "tags": null, "timestamp": 1753955113 }, "geometry": { "type": "Point", "coordinates": [ 34.3409, 31.3739 ] } },
{ "type": "Feature", "properties": { "event_id_cnty": "PSE47062", "event_date": "2/16/2024", "year": 2024, "time_precision": 1, "disorder_type": "Political violence", "event_type": "Explosions/Remote violence", "sub_event_type": "Air/drone strike", "actor1": "Military Forces of Israel (2022-)", "assoc_actor_1": null, "inter1": 8, "actor2": "Civilians (Palestine)", "assoc_actor_2": null, "inter2": 7, "interaction": 78, "civilian_targeting": "Civilian targeting", "iso": 275, "region": "Middle East", "country": "Palestine", "admin1": "Gaza Strip", "admin2": "Khan Yunis", "admin3": null, "location": "Al Fukhari", "latitude": 31.2952, "longitude": 34.3332, "geo_precision": 2, "source": "Quds News Network", "source_scale": "National", "notes": "On 16 February 2024, Israeli warplanes struck Al Umour area east of Al Fukhari (Khan Yunis, Gaza Strip), killing 2 Palestinians.", "fatalities": 2, "tags": null, "timestamp": 1753955113 }, "geometry": { "type": "Point", "coordinates": [ 34.3332, 31.2952 ] } },
{ "type": "Feature", "properties": { "event_id_cnty": "PSE47067", "event_date": "2/16/2024", "year": 2024, "time_precision": 1, "disorder_type": "Political violence", "event_type": "Violence against civilians", "sub_event_type": "Attack", "actor1": "Military Forces of Israel (2022-)", "assoc_actor_1": null, "inter1": 8, "actor2": "Civilians (Palestine)", "assoc_actor_2": "Refugees/IDPs (Palestine)", "inter2": 7, "interaction": 78, "civilian_targeting": "Civilian targeting", "iso": 275, "region": "Middle East", "country": "Palestine", "admin1": "Gaza Strip", "admin2": "Khan Yunis", "admin3": null, "location": "Khan Yunis - As Sater", "latitude": 31.3637, "longitude": 34.3228, "geo_precision": 2, "source": "Quds News Network", "source_scale": "National", "notes": "On 16 February 2024, Israeli forces shot and killed 3 people from the same family while evacuating from Khan Yunis - As Sater (Khan Yunis, Gaza Strip).", "fatalities": 3, "tags": null, "timestamp": 1753955113 }, "geometry": { "type": "Point", "coordinates": [ 34.3228, 31.3637 ] } },
{ "type": "Feature", "properties": { "event_id_cnty": "PSE47068", "event_date": "2/16/2024", "year": 2024, "time_precision": 1, "disorder_type": "Political violence", "event_type": "Explosions/Remote violence", "sub_event_type": "Shelling/artillery/missile attack", "actor1": "Military Forces of Israel (2022-)", "assoc_actor_1": null, "inter1": 8, "actor2": "Civilians (Palestine)", "assoc_actor_2": null, "inter2": 7, "interaction": 78, "civilian_targeting": "Civilian targeting", "iso": 275, "region": "Middle East", "country": "Palestine", "admin1": "Gaza Strip", "admin2": "Khan Yunis", "admin3": null, "location": "Khan Yunis - West (Municipal Stadium)", "latitude": 31.3484, "longitude": 34.2961, "geo_precision": 2, "source": "Quds News Network", "source_scale": "National", "notes": "On 16 February 2024, Israeli tanks shelled targets west of Khan Yunis, causing unspecified injuries. Coded to Khan Yunis - West (Municipal Stadium) (Gaza Strip). There were no fatalities.", "fatalities": 0, "tags": null, "timestamp": 1753955113 }, "geometry": { "type": "Point", "coordinates": [ 34.2961, 31.3484 ] } },
{ "type": "Feature", "properties": { "event_id_cnty": "PSE47071", "event_date": "2/16/2024", "year": 2024, "time_precision": 1, "disorder_type": "Political violence", "event_type": "Explosions/Remote violence", "sub_event_type": "Air/drone strike", "actor1": "Military Forces of Israel (2022-)", "assoc_actor_1": null, "inter1": 8, "actor2": "Civilians (Palestine)", "assoc_actor_2": "Refugees/IDPs (Palestine)", "inter2": 7, "interaction": 78, "civilian_targeting": "Civilian targeting", "iso": 275, "region": "Middle East", "country": "Palestine", "admin1": "Gaza Strip", "admin2": "Khan Yunis", "admin3": null, "location": "Bani Suheila", "latitude": 31.3424, "longitude": 34.325, "geo_precision": 2, "source": "Liveuamap; Quds News Network", "source_scale": "Local partner-New media", "notes": "On 16 February 2024, Israeli warplanes struck the vicinity of At Taiba school east of Khan Yunis. The school was sheltering displaced Palestinians at the time of the attack. Coded to Bani Suheila (Khan Yunis, Gaza Strip). Casualties unknown.", "fatalities": 0, "tags": null, "timestamp": 1753955113 }, "geometry": { "type": "Point", "coordinates": [ 34.325, 31.3424 ] } },
{ "type": "Feature", "properties": { "event_id_cnty": "PSE47072", "event_date": "2/16/2024", "year": 2024, "time_precision": 1, "disorder_type": "Political violence", "event_type": "Explosions/Remote violence", "sub_event_type": "Air/drone strike", "actor1": "Military Forces of Israel (2022-)", "assoc_actor_1": null, "inter1": 8, "actor2": "Civilians (Palestine)", "assoc_actor_2": null, "inter2": 7, "interaction": 78, "civilian_targeting": "Civilian targeting", "iso": 275, "region": "Middle East", "country": "Palestine", "admin1": "Gaza Strip", "admin2": "Rafah", "admin3": null, "location": "An Nasr", "latitude": 31.2814, "longitude": 34.3025, "geo_precision": 1, "source": "Ma'an News Agency; Palestine News and Information Agency; Quds News Network", "source_scale": "National", "notes": "On 16 February 2024, Israeli airplanes struck a house in An Nasr (Rafah, Gaza Strip), killing 7 people.", "fatalities": 7, "tags": null, "timestamp": 1753955113 }, "geometry": { "type": "Point", "coordinates": [ 34.3025, 31.2814 ] } },
{ "type": "Feature", "properties": { "event_id_cnty": "PSE47077", "event_date": "2/16/2024", "year": 2024, "time_precision": 1, "disorder_type": "Political violence", "event_type": "Violence against civilians", "sub_event_type": "Attack", "actor1": "Military Forces of Israel (2022-)", "assoc_actor_1": null, "inter1": 8, "actor2": "Civilians (Palestine)", "assoc_actor_2": null, "inter2": 7, "interaction": 78, "civilian_targeting": "Civilian targeting", "iso": 275, "region": "Middle East", "country": "Palestine", "admin1": "Gaza Strip", "admin2": "Khan Yunis", "admin3": null, "location": "Khan Yunis - West (Municipal Stadium)", "latitude": 31.3484, "longitude": 34.2961, "geo_precision": 2, "source": "Newpress", "source_scale": "National", "notes": "On 16 February 2024, Israeli forces shot and killed a Palestinian man west of Khan Yunis, coded to Khan Yunis - West (Municipal Stadium) (Khan Yunis, Gaza Strip).", "fatalities": 1, "tags": null, "timestamp": 1753955113 }, "geometry": { "type": "Point", "coordinates": [ 34.2961, 31.3484 ] } },
{ "type": "Feature", "properties": { "event_id_cnty": "PSE47056", "event_date": "2/16/2024", "year": 2024, "time_precision": 1, "disorder_type": "Political violence", "event_type": "Explosions/Remote violence", "sub_event_type": "Air/drone strike", "actor1": "Military Forces of Israel (2022-)", "assoc_actor_1": null, "inter1": 8, "actor2": "Civilians (Palestine)", "assoc_actor_2": null, "inter2": 7, "interaction": 78, "civilian_targeting": "Civilian targeting", "iso": 275, "region": "Middle East", "country": "Palestine", "admin1": "Gaza Strip", "admin2": "Gaza City", "admin3": null, "location": "Gaza - Sheikh Radwan", "latitude": 31.5349, "longitude": 34.4667, "geo_precision": 1, "source": "Palestinian Ministry of Health; Quds News Network", "source_scale": "Other-National", "notes": "On 16 February 2024, Israeli warplanes struck a residential building in Gaza - Sheikh Radwan (Gaza City, Gaza Strip), causing unspecified fatalities. [Palestinian Ministry of Health reported 28858 fatalities upto 16 February 2024. 42 fatalities not attributed to specific events added to 1 event on 16 Febraury. 42 fatalities coded to this event.]", "fatalities": 42, "tags": null, "timestamp": 1759789988 }, "geometry": { "type": "Point", "coordinates": [ 34.4667, 31.5349 ] } },
{ "type": "Feature", "properties": { "event_id_cnty": "PSE47081", "event_date": "2/16/2024", "year": 2024, "time_precision": 1, "disorder_type": "Political violence", "event_type": "Violence against civilians", "sub_event_type": "Attack", "actor1": "Military Forces of Israel (2022-)", "assoc_actor_1": null, "inter1": 8, "actor2": "Civilians (Palestine)", "assoc_actor_2": null, "inter2": 7, "interaction": 78, "civilian_targeting": "Civilian targeting", "iso": 275, "region": "Middle East", "country": "Palestine", "admin1": "Gaza Strip", "admin2": "Gaza City", "admin3": null, "location": "Al Mughraqa", "latitude": 31.4675, "longitude": 34.4097, "geo_precision": 2, "source": "Ma'an News Agency", "source_scale": "National", "notes": "On 16 February 2024, Israeli snipers shot and injured an unspecified number of Palestinians in Wadi Gaza, coded to Al Mughraqa (Gaza City, Gaza City). There were no fatalities.", "fatalities": 0, "tags": null, "timestamp": 1753955113 }, "geometry": { "type": "Point", "coordinates": [ 34.4097, 31.4675 ] } },
{ "type": "Feature", "properties": { "event_id_cnty": "PSE47073", "event_date": "2/16/2024", "year": 2024, "time_precision": 1, "disorder_type": "Political violence", "event_type": "Explosions/Remote violence", "sub_event_type": "Air/drone strike", "actor1": "Military Forces of Israel (2022-)", "assoc_actor_1": null, "inter1": 8, "actor2": "Civilians (Palestine)", "assoc_actor_2": "Refugees/IDPs (Palestine)", "inter2": 7, "interaction": 78, "civilian_targeting": "Civilian targeting", "iso": 275, "region": "Middle East", "country": "Palestine", "admin1": "Gaza Strip", "admin2": "Rafah", "admin3": null, "location": "Rafah Camp", "latitude": 31.2847, "longitude": 34.2546, "geo_precision": 1, "source": "Ma'an News Agency; Palestine News and Information Agency; Quds News Network", "source_scale": "National", "notes": "On 16 February 2024, Israeli airplanes struck a house in Al Shabourah refugee camp / Mukhayyam Rafah (Rafah Camp, Gaza Strip), killing 3 people.", "fatalities": 3, "tags": null, "timestamp": 1753955113 }, "geometry": { "type": "Point", "coordinates": [ 34.2546, 31.2847 ] } },
{ "type": "Feature", "properties": { "event_id_cnty": "PSE47074", "event_date": "2/16/2024", "year": 2024, "time_precision": 1, "disorder_type": "Political violence", "event_type": "Explosions/Remote violence", "sub_event_type": "Air/drone strike", "actor1": "Military Forces of Israel (2022-)", "assoc_actor_1": null, "inter1": 8, "actor2": "Civilians (Palestine)", "assoc_actor_2": "Refugees/IDPs (Palestine)", "inter2": 7, "interaction": 78, "civilian_targeting": "Civilian targeting", "iso": 275, "region": "Middle East", "country": "Palestine", "admin1": "Gaza Strip", "admin2": "Rafah", "admin3": null, "location": "Rafah", "latitude": 31.287, "longitude": 34.2595, "geo_precision": 1, "source": "Ma'an News Agency; Quds News Network", "source_scale": "National", "notes": "On 16 February 2024, Israeli warplanes and artillery struck civilian homes in Rafah (Gaza Strip), killing 15 people. Another strike targeted IDPs tents, causing unspecified casualties. It's unclear if the strike on IDP tents caused fatalities.", "fatalities": 15, "tags": null, "timestamp": 1762829569 }, "geometry": { "type": "Point", "coordinates": [ 34.2595, 31.287 ] } },
{ "type": "Feature", "properties": { "event_id_cnty": "PSE47349", "event_date": "2/17/2024", "year": 2024, "time_precision": 1, "disorder_type": "Political violence", "event_type": "Explosions/Remote violence", "sub_event_type": "Air/drone strike", "actor1": "Military Forces of Israel (2022-)", "assoc_actor_1": null, "inter1": 8, "actor2": "Civilians (Palestine)", "assoc_actor_2": null, "inter2": 7, "interaction": 78, "civilian_targeting": "Civilian targeting", "iso": 275, "region": "Middle East", "country": "Palestine", "admin1": "Gaza Strip", "admin2": "Rafah", "admin3": null, "location": "Al Bayuk", "latitude": 31.2747, "longitude": 34.2899, "geo_precision": 1, "source": "Quds News Network; Twitter", "source_scale": "New media-National", "notes": "On 17 February 2024, Israeli warplanes struck a house in Al Bayuk (Rafah, Gaza Strip), killing 5 Palestinians and injuring others.", "fatalities": 5, "tags": null, "timestamp": 1753955113 }, "geometry": { "type": "Point", "coordinates": [ 34.2899, 31.2747 ] } },
{ "type": "Feature", "properties": { "event_id_cnty": "PSE47370", "event_date": "2/17/2024", "year": 2024, "time_precision": 1, "disorder_type": "Political violence", "event_type": "Explosions/Remote violence", "sub_event_type": "Air/drone strike", "actor1": "Military Forces of Israel (2022-)", "assoc_actor_1": null, "inter1": 8, "actor2": "Civilians (Palestine)", "assoc_actor_2": null, "inter2": 7, "interaction": 78, "civilian_targeting": "Civilian targeting", "iso": 275, "region": "Middle East", "country": "Palestine", "admin1": "Gaza Strip", "admin2": "Khan Yunis", "admin3": null, "location": "Al Qararah", "latitude": 31.3739, "longitude": 34.3409, "geo_precision": 1, "source": "Palestine News and Information Agency; Quds News Network; Twitter", "source_scale": "New media-National", "notes": "On 17 February 2024, Israeli warplanes struck a house in Al Qararah (Khan Yunis, Gaza Strip), leaving 5 fatalities.", "fatalities": 5, "tags": null, "timestamp": 1753955113 }, "geometry": { "type": "Point", "coordinates": [ 34.3409, 31.3739 ] } },
{ "type": "Feature", "properties": { "event_id_cnty": "PSE47471", "event_date": "2/17/2024", "year": 2024, "time_precision": 1, "disorder_type": "Political violence", "event_type": "Explosions/Remote violence", "sub_event_type": "Shelling/artillery/missile attack", "actor1": "Military Forces of Israel (2022-)", "assoc_actor_1": null, "inter1": 8, "actor2": "Civilians (Palestine)", "assoc_actor_2": null, "inter2": 7, "interaction": 78, "civilian_targeting": "Civilian targeting", "iso": 275, "region": "Middle East", "country": "Palestine", "admin1": "Gaza Strip", "admin2": "Khan Yunis", "admin3": null, "location": "Khan Yunis - Al Amal", "latitude": 31.3544, "longitude": 34.3007, "geo_precision": 1, "source": "Quds News Network; Twitter", "source_scale": "New media-National", "notes": "On 17 February 2024, Israeli tanks struck a house located near Al Amal hospital in Khan Yunis - Al Amal (North Gaza, Gaza Strip). Casualties unknown.", "fatalities": 0, "tags": null, "timestamp": 1753955113 }, "geometry": { "type": "Point", "coordinates": [ 34.3007, 31.3544 ] } },
{ "type": "Feature", "properties": { "event_id_cnty": "PSE47513", "event_date": "2/17/2024", "year": 2024, "time_precision": 1, "disorder_type": "Political violence", "event_type": "Violence against civilians", "sub_event_type": "Abduction/forced disappearance", "actor1": "Military Forces of Israel (2022-)", "assoc_actor_1": null, "inter1": 8, "actor2": "Civilians (Palestine)", "assoc_actor_2": "Health Workers (Palestine)", "inter2": 7, "interaction": 78, "civilian_targeting": "Civilian targeting", "iso": 275, "region": "Middle East", "country": "Palestine", "admin1": "Gaza Strip", "admin2": "Khan Yunis", "admin3": null, "location": "Khan Yunis - West (Municipal Stadium)", "latitude": 31.3484, "longitude": 34.2961, "geo_precision": 2, "source": "Dunia Al Watan; Ma'an News Agency; Newpress; Quds News Network; Times of Israel; Twitter", "source_scale": "New media-National", "notes": "On 17 February 2024, IDF troops arrested nearly 100 Palestinians from Nasser's hospital complex, west of Khan Yunis city (coded to Khan Yunis - West (Municipal Stadium), Gaza Strip), including health workers.", "fatalities": 0, "tags": null, "timestamp": 1772581279 }, "geometry": { "type": "Point", "coordinates": [ 34.2961, 31.3484 ] } },
{ "type": "Feature", "properties": { "event_id_cnty": "PSE47387", "event_date": "2/17/2024", "year": 2024, "time_precision": 1, "disorder_type": "Political violence", "event_type": "Explosions/Remote violence", "sub_event_type": "Air/drone strike", "actor1": "Military Forces of Israel (2022-)", "assoc_actor_1": null, "inter1": 8, "actor2": "Civilians (Palestine)", "assoc_actor_2": null, "inter2": 7, "interaction": 78, "civilian_targeting": "Civilian targeting", "iso": 275, "region": "Middle East", "country": "Palestine", "admin1": "Gaza Strip", "admin2": "Deir El Balah", "admin3": null, "location": "Az Zawayda", "latitude": 31.4284, "longitude": 34.366, "geo_precision": 1, "source": "Liveuamap; Ma'an News Agency; Newpress; Palestine News and Information Agency; Quds News Network; Twitter", "source_scale": "Local partner-New media", "notes": "On 17 February 2024, Israeli warplanes targeted 10 houses in Deir al Balah city and Az Zawayda (Deir El Balah, Gaza Strip), killing at least 40 persons and injuring dozens. Fatalities split across 2 locations, and 20 of 40 fatalities were coded to this location.", "fatalities": 20, "tags": null, "timestamp": 1767742780 }, "geometry": { "type": "Point", "coordinates": [ 34.366, 31.4284 ] } },
{ "type": "Feature", "properties": { "event_id_cnty": "PSE47403", "event_date": "2/17/2024", "year": 2024, "time_precision": 1, "disorder_type": "Political violence", "event_type": "Explosions/Remote violence", "sub_event_type": "Shelling/artillery/missile attack", "actor1": "Military Forces of Israel (2022-)", "assoc_actor_1": null, "inter1": 8, "actor2": "Civilians (Palestine)", "assoc_actor_2": "Farmers (Palestine)", "inter2": 7, "interaction": 78, "civilian_targeting": "Civilian targeting", "iso": 275, "region": "Middle East", "country": "Palestine", "admin1": "Gaza Strip", "admin2": "North Gaza", "admin3": null, "location": "Beit Lahiya", "latitude": 31.5541, "longitude": 34.5016, "geo_precision": 1, "source": "Quds News Network; Twitter", "source_scale": "New media-National", "notes": "On 17 February 2024, Israeli artillery struck a land in Al Shayma area of Beit Lahiya (North Gaza, Gaza Strip), injuring a Palestinian farmer and his daughter.", "fatalities": 0, "tags": null, "timestamp": 1753955113 }, "geometry": { "type": "Point", "coordinates": [ 34.5016, 31.5541 ] } },
{ "type": "Feature", "properties": { "event_id_cnty": "PSE47437", "event_date": "2/17/2024", "year": 2024, "time_precision": 1, "disorder_type": "Political violence", "event_type": "Explosions/Remote violence", "sub_event_type": "Air/drone strike", "actor1": "Military Forces of Israel (2022-)", "assoc_actor_1": null, "inter1": 8, "actor2": "Civilians (Palestine)", "assoc_actor_2": null, "inter2": 7, "interaction": 78, "civilian_targeting": "Civilian targeting", "iso": 275, "region": "Middle East", "country": "Palestine", "admin1": "Gaza Strip", "admin2": "Gaza City", "admin3": null, "location": "Gaza - Sabra", "latitude": 31.5086, "longitude": 34.4493, "geo_precision": 1, "source": "Arab 48; Liveuamap; Newpress; Palestine News and Information Agency; Quds News Network; Twitter", "source_scale": "Local partner-New media", "notes": "On 17 February 2024, Israeli warplanes struck a house in Gaza - Sabra (Gaza City, Gaza Strip), killing 11 Palestinians from the Masoud and Mugrabi family, including 6 bodies still under the rubble. Meanwhile, the artillery struck targets in the same area.", "fatalities": 11, "tags": null, "timestamp": 1759789988 }, "geometry": { "type": "Point", "coordinates": [ 34.4493, 31.5086 ] } },
{ "type": "Feature", "properties": { "event_id_cnty": "PSE47380", "event_date": "2/17/2024", "year": 2024, "time_precision": 1, "disorder_type": "Political violence", "event_type": "Explosions/Remote violence", "sub_event_type": "Air/drone strike", "actor1": "Military Forces of Israel (2022-)", "assoc_actor_1": null, "inter1": 8, "actor2": "Civilians (Palestine)", "assoc_actor_2": "Refugees/IDPs (Palestine)", "inter2": 7, "interaction": 78, "civilian_targeting": "Civilian targeting", "iso": 275, "region": "Middle East", "country": "Palestine", "admin1": "Gaza Strip", "admin2": "Deir El Balah", "admin3": null, "location": "An Nusayrat", "latitude": 31.4486, "longitude": 34.3925, "geo_precision": 1, "source": "Arab 48; Liveuamap; Newpress; Palestinian Ministry of Health; Quds News Network; Twitter", "source_scale": "Local partner-New media", "notes": "On 17 February 2024, Israeli warplanes and artillery struck 5 houses in An Nusayrat refugee camp (Deir El Balah, Gaza Strip), leaving a number of fatalities and injuries. [Palestinian Ministry of Health reported 28985 fatalities upto 17 February. 17 fatalities not attributed to specific events added to 1 event on 17 February. 17 fatalities coded to this event.]", "fatalities": 17, "tags": null, "timestamp": 1753955113 }, "geometry": { "type": "Point", "coordinates": [ 34.3925, 31.4486 ] } },
{ "type": "Feature", "properties": { "event_id_cnty": "PSE47366", "event_date": "2/17/2024", "year": 2024, "time_precision": 1, "disorder_type": "Political violence", "event_type": "Explosions/Remote violence", "sub_event_type": "Air/drone strike", "actor1": "Military Forces of Israel (2022-)", "assoc_actor_1": null, "inter1": 8, "actor2": "Civilians (Palestine)", "assoc_actor_2": null, "inter2": 7, "interaction": 78, "civilian_targeting": "Civilian targeting", "iso": 275, "region": "Middle East", "country": "Palestine", "admin1": "Gaza Strip", "admin2": "Gaza City", "admin3": null, "location": "Al Mughraqa", "latitude": 31.4675, "longitude": 34.4097, "geo_precision": 2, "source": "Quds News Network; Twitter", "source_scale": "New media-National", "notes": "On 17 February 2024, Israeli warplanes struck a gathering south of Al Mughraqa (Gaza City, Gaza Strip), killing 2 Palestinians and injuring others.", "fatalities": 2, "tags": null, "timestamp": 1753955113 }, "geometry": { "type": "Point", "coordinates": [ 34.4097, 31.4675 ] } },
{ "type": "Feature", "properties": { "event_id_cnty": "PSE47429", "event_date": "2/17/2024", "year": 2024, "time_precision": 1, "disorder_type": "Political violence", "event_type": "Explosions/Remote violence", "sub_event_type": "Air/drone strike", "actor1": "Military Forces of Israel (2022-)", "assoc_actor_1": null, "inter1": 8, "actor2": "Civilians (Palestine)", "assoc_actor_2": null, "inter2": 7, "interaction": 78, "civilian_targeting": "Civilian targeting", "iso": 275, "region": "Middle East", "country": "Palestine", "admin1": "Gaza Strip", "admin2": "Gaza City", "admin3": null, "location": "Gaza - Az Zaytun", "latitude": 31.4964, "longitude": 34.4522, "geo_precision": 1, "source": "Arab 48; Palestine News and Information Agency; Quds News Network; Twitter", "source_scale": "New media-National", "notes": "On 17 February 2024, Israeli warplanes struck 3 houses in Gaza - Az Zaytun (Gaza City, Gaza Strip). Meanwhile, the artillery struck targets in the same area. Casualties unknown.", "fatalities": 0, "tags": null, "timestamp": 1759789988 }, "geometry": { "type": "Point", "coordinates": [ 34.4522, 31.4964 ] } },
{ "type": "Feature", "properties": { "event_id_cnty": "PSE47476", "event_date": "2/17/2024", "year": 2024, "time_precision": 1, "disorder_type": "Political violence", "event_type": "Explosions/Remote violence", "sub_event_type": "Air/drone strike", "actor1": "Military Forces of Israel (2022-)", "assoc_actor_1": null, "inter1": 8, "actor2": "Civilians (Palestine)", "assoc_actor_2": null, "inter2": 7, "interaction": 78, "civilian_targeting": "Civilian targeting", "iso": 275, "region": "Middle East", "country": "Palestine", "admin1": "Gaza Strip", "admin2": "Khan Yunis", "admin3": null, "location": "Khan Yunis - Jourat Al-Loot", "latitude": 31.3314, "longitude": 34.3004, "geo_precision": 1, "source": "Arab 48; Quds News Network; Twitter", "source_scale": "New media-National", "notes": "On 17 February 2024, Israeli warplanes carried out airstrikes in Khan Yunis - Jourat Al-Loot (Khan Yunis, Gaza Strip), killing 4 Palestinians.", "fatalities": 4, "tags": null, "timestamp": 1753955113 }, "geometry": { "type": "Point", "coordinates": [ 34.3004, 31.3314 ] } },
{ "type": "Feature", "properties": { "event_id_cnty": "PSE47487", "event_date": "2/17/2024", "year": 2024, "time_precision": 1, "disorder_type": "Political violence", "event_type": "Explosions/Remote violence", "sub_event_type": "Air/drone strike", "actor1": "Military Forces of Israel (2022-)", "assoc_actor_1": null, "inter1": 8, "actor2": "Civilians (Palestine)", "assoc_actor_2": "Refugees/IDPs (Palestine)", "inter2": 7, "interaction": 78, "civilian_targeting": "Civilian targeting", "iso": 275, "region": "Middle East", "country": "Palestine", "admin1": "Gaza Strip", "admin2": "Rafah", "admin3": null, "location": "Khirbet al Adas", "latitude": 31.2855, "longitude": 34.2714, "geo_precision": 1, "source": "Palestine News and Information Agency; Quds News Network; Twitter", "source_scale": "New media-National", "notes": "On 17 February 2024, Israeli warplanes an agricultural land hosting displaced people in Khirbet al Adas (Rafah, Gaza Strip), killing 7 Palestinians, including a woman and 3 children.", "fatalities": 7, "tags": null, "timestamp": 1753955113 }, "geometry": { "type": "Point", "coordinates": [ 34.2714, 31.2855 ] } },
{ "type": "Feature", "properties": { "event_id_cnty": "PSE47491", "event_date": "2/17/2024", "year": 2024, "time_precision": 1, "disorder_type": "Political violence", "event_type": "Explosions/Remote violence", "sub_event_type": "Air/drone strike", "actor1": "Military Forces of Israel (2022-)", "assoc_actor_1": null, "inter1": 8, "actor2": "Civilians (Palestine)", "assoc_actor_2": "Refugees/IDPs (Palestine)", "inter2": 7, "interaction": 78, "civilian_targeting": "Civilian targeting", "iso": 275, "region": "Middle East", "country": "Palestine", "admin1": "Gaza Strip", "admin2": "Rafah", "admin3": null, "location": "Rafah Camp", "latitude": 31.2847, "longitude": 34.2546, "geo_precision": 1, "source": "Palestine News and Information Agency", "source_scale": "National", "notes": "On 17 February 2024, Israeli warplanes carried out airstrikes in Al Shaboura refugee camp of Mukhayyam Rafah (Rafah Camp, Gaza Strip), leaving 6 fatalities and 9 injuries.", "fatalities": 6, "tags": null, "timestamp": 1753955113 }, "geometry": { "type": "Point", "coordinates": [ 34.2546, 31.2847 ] } },
{ "type": "Feature", "properties": { "event_id_cnty": "PSE47497", "event_date": "2/17/2024", "year": 2024, "time_precision": 1, "disorder_type": "Political violence", "event_type": "Explosions/Remote violence", "sub_event_type": "Air/drone strike", "actor1": "Military Forces of Israel (2022-)", "assoc_actor_1": null, "inter1": 8, "actor2": "Civilians (Palestine)", "assoc_actor_2": null, "inter2": 7, "interaction": 78, "civilian_targeting": "Civilian targeting", "iso": 275, "region": "Middle East", "country": "Palestine", "admin1": "Gaza Strip", "admin2": "Khan Yunis", "admin3": null, "location": "Qizan an Najjar", "latitude": 31.323, "longitude": 34.2761, "geo_precision": 1, "source": "Arab 48", "source_scale": "National", "notes": "On 17 February 2024, Israeli warplanes carried out airstrikes in Qizan an Najjar (Khan Yunis, Gaza Strip), killing 5 Palestinians.", "fatalities": 5, "tags": null, "timestamp": 1753955113 }, "geometry": { "type": "Point", "coordinates": [ 34.2761, 31.323 ] } },
{ "type": "Feature", "properties": { "event_id_cnty": "PSE47499", "event_date": "2/17/2024", "year": 2024, "time_precision": 1, "disorder_type": "Political violence", "event_type": "Explosions/Remote violence", "sub_event_type": "Air/drone strike", "actor1": "Military Forces of Israel (2022-)", "assoc_actor_1": null, "inter1": 8, "actor2": "Civilians (Palestine)", "assoc_actor_2": null, "inter2": 7, "interaction": 78, "civilian_targeting": "Civilian targeting", "iso": 275, "region": "Middle East", "country": "Palestine", "admin1": "Gaza Strip", "admin2": "Rafah", "admin3": null, "location": "Al Junainah", "latitude": 31.2642, "longitude": 34.2636, "geo_precision": 1, "source": "Arab 48; Palestine News and Information Agency; Quds News Network; Twitter", "source_scale": "New media-National", "notes": "On 17 February 2024, Israeli warplanes struck a house in Al Junainah area of Rafah city (Al Junainah, Gaza Strip), leaving one fatality.", "fatalities": 1, "tags": null, "timestamp": 1753955113 }, "geometry": { "type": "Point", "coordinates": [ 34.2636, 31.2642 ] } },
{ "type": "Feature", "properties": { "event_id_cnty": "PSE47371", "event_date": "2/18/2024", "year": 2024, "time_precision": 1, "disorder_type": "Political violence", "event_type": "Explosions/Remote violence", "sub_event_type": "Air/drone strike", "actor1": "Military Forces of Israel (2022-)", "assoc_actor_1": null, "inter1": 8, "actor2": "Civilians (Palestine)", "assoc_actor_2": null, "inter2": 7, "interaction": 78, "civilian_targeting": "Civilian targeting", "iso": 275, "region": "Middle East", "country": "Palestine", "admin1": "Gaza Strip", "admin2": "Khan Yunis", "admin3": null, "location": "Al Qararah", "latitude": 31.3739, "longitude": 34.3409, "geo_precision": 1, "source": "Liveuamap; Newpress; Palestine News and Information Agency; Quds News Network; Twitter", "source_scale": "Local partner-New media", "notes": "On 18 February 2024, Israeli warplanes struck targets in the vicinity of a school hosting displaced people in Al Qararah (Khan Yunis, Gaza Strip), killing 2 Palestinians and injuring others.", "fatalities": 2, "tags": null, "timestamp": 1753955113 }, "geometry": { "type": "Point", "coordinates": [ 34.3409, 31.3739 ] } },
{ "type": "Feature", "properties": { "event_id_cnty": "PSE47441", "event_date": "2/18/2024", "year": 2024, "time_precision": 1, "disorder_type": "Political violence", "event_type": "Explosions/Remote violence", "sub_event_type": "Air/drone strike", "actor1": "Military Forces of Israel (2022-)", "assoc_actor_1": null, "inter1": 8, "actor2": "Civilians (Palestine)", "assoc_actor_2": null, "inter2": 7, "interaction": 78, "civilian_targeting": "Civilian targeting", "iso": 275, "region": "Middle East", "country": "Palestine", "admin1": "Gaza Strip", "admin2": "Gaza City", "admin3": null, "location": "Gaza - Sheikh Radwan", "latitude": 31.5349, "longitude": 34.4667, "geo_precision": 1, "source": "Arab 48; Palestine News and Information Agency", "source_scale": "National", "notes": "On 18 February 2024, Israeli warplanes struck houses in Gaza - Sheikh Radwan (Gaza City, Gaza Strip), leaving 7 fatalities from Afifi family.", "fatalities": 7, "tags": null, "timestamp": 1759789988 }, "geometry": { "type": "Point", "coordinates": [ 34.4667, 31.5349 ] } },
{ "type": "Feature", "properties": { "event_id_cnty": "PSE47445", "event_date": "2/18/2024", "year": 2024, "time_precision": 1, "disorder_type": "Political violence", "event_type": "Explosions/Remote violence", "sub_event_type": "Air/drone strike", "actor1": "Military Forces of Israel (2022-)", "assoc_actor_1": null, "inter1": 8, "actor2": "Civilians (Palestine)", "assoc_actor_2": null, "inter2": 7, "interaction": 78, "civilian_targeting": "Civilian targeting", "iso": 275, "region": "Middle East", "country": "Palestine", "admin1": "Gaza Strip", "admin2": "Gaza City", "admin3": null, "location": "Gaza - Shujaiyya", "latitude": 31.4988, "longitude": 34.4699, "geo_precision": 1, "source": "Arab 48; Liveuamap; Palestine News and Information Agency; Quds News Network; Twitter", "source_scale": "Local partner-New media", "notes": "On 18 February 2024, Israeli warplanes carried out airstrikes in Gaza - Shujaiyya (Gaza City, Gaza Strip), killing 2 Palestinians and injuring others.", "fatalities": 2, "tags": null, "timestamp": 1759789988 }, "geometry": { "type": "Point", "coordinates": [ 34.4699, 31.4988 ] } },
{ "type": "Feature", "properties": { "event_id_cnty": "PSE47469", "event_date": "2/18/2024", "year": 2024, "time_precision": 1, "disorder_type": "Political violence", "event_type": "Explosions/Remote violence", "sub_event_type": "Air/drone strike", "actor1": "Military Forces of Israel (2022-)", "assoc_actor_1": null, "inter1": 8, "actor2": "Civilians (Palestine)", "assoc_actor_2": null, "inter2": 7, "interaction": 78, "civilian_targeting": "Civilian targeting", "iso": 275, "region": "Middle East", "country": "Palestine", "admin1": "Gaza Strip", "admin2": "Khan Yunis", "admin3": null, "location": "Khan Yunis", "latitude": 31.3502, "longitude": 34.3081, "geo_precision": 1, "source": "Palestine News and Information Agency; Quds News Network; Twitter", "source_scale": "New media-National", "notes": "On 18 February 2024, Israeli warplanes struck houses in Khan Yunis city (Khan Yunis, Gaza Strip), killing 20 Palestinians.", "fatalities": 20, "tags": null, "timestamp": 1753955113 }, "geometry": { "type": "Point", "coordinates": [ 34.3081, 31.3502 ] } },
{ "type": "Feature", "properties": { "event_id_cnty": "PSE47228", "event_date": "2/18/2024", "year": 2024, "time_precision": 1, "disorder_type": "Political violence", "event_type": "Explosions/Remote violence", "sub_event_type": "Air/drone strike", "actor1": "Military Forces of Israel (2022-)", "assoc_actor_1": null, "inter1": 8, "actor2": "Civilians (Palestine)", "assoc_actor_2": "Refugees/IDPs (Palestine)", "inter2": 7, "interaction": 78, "civilian_targeting": "Civilian targeting", "iso": 275, "region": "Middle East", "country": "Palestine", "admin1": "Gaza Strip", "admin2": "Deir El Balah", "admin3": null, "location": "An Nusayrat", "latitude": 31.4486, "longitude": 34.3925, "geo_precision": 1, "source": "Arab 48; Palestine News and Information Agency; Quds News Network; Twitter", "source_scale": "New media-National", "notes": "On 18 February 2024, Israeli warplanes and artillery struck houses in An Nusayrat refugee camp (Deir El Balah, Gaza Strip), leaving at least 40 fatalities in 3 locations (Deir al Balah, An Nusayrat, Az Zawayda). 11 Fatalities coded to this location.", "fatalities": 11, "tags": null, "timestamp": 1753955113 }, "geometry": { "type": "Point", "coordinates": [ 34.3925, 31.4486 ] } },
{ "type": "Feature", "properties": { "event_id_cnty": "PSE47231", "event_date": "2/18/2024", "year": 2024, "time_precision": 1, "disorder_type": "Political violence", "event_type": "Explosions/Remote violence", "sub_event_type": "Air/drone strike", "actor1": "Military Forces of Israel (2022-)", "assoc_actor_1": null, "inter1": 8, "actor2": "Civilians (Palestine)", "assoc_actor_2": null, "inter2": 7, "interaction": 78, "civilian_targeting": "Civilian targeting", "iso": 275, "region": "Middle East", "country": "Palestine", "admin1": "Gaza Strip", "admin2": "Deir El Balah", "admin3": null, "location": "Az Zawayda", "latitude": 31.4284, "longitude": 34.366, "geo_precision": 1, "source": "Ma'an News Agency; Palestine News and Information Agency; Quds News Network; Twitter", "source_scale": "New media-National", "notes": "On 18 February 2024, Israeli warplanes struck a house in Az Zawayda (Deir El Balah, Gaza Strip), leaving at least 40 fatalities in 3 locations (Deir al Balah, An Nusayrat, Az Zawayda). 17 confirmed fatalities coded to this location.", "fatalities": 17, "tags": null, "timestamp": 1767742780 }, "geometry": { "type": "Point", "coordinates": [ 34.366, 31.4284 ] } },
{ "type": "Feature", "properties": { "event_id_cnty": "PSE47232", "event_date": "2/18/2024", "year": 2024, "time_precision": 1, "disorder_type": "Political violence", "event_type": "Explosions/Remote violence", "sub_event_type": "Air/drone strike", "actor1": "Military Forces of Israel (2022-)", "assoc_actor_1": null, "inter1": 8, "actor2": "Civilians (Palestine)", "assoc_actor_2": null, "inter2": 7, "interaction": 78, "civilian_targeting": "Civilian targeting", "iso": 275, "region": "Middle East", "country": "Palestine", "admin1": "Gaza Strip", "admin2": "Deir El Balah", "admin3": null, "location": "Deir al Balah", "latitude": 31.4178, "longitude": 34.3503, "geo_precision": 1, "source": "Newpress; Palestine News and Information Agency; Quds News Network; Twitter", "source_scale": "New media-National", "notes": "On 18 February 2024, Israeli warplanes struck houses in Deir al Balah city (Deir El Balah, Gaza Strip), leaving at least 40 fatalities in 3 locations (Deir al Balah, An Nusayrat, Az Zawayda). 12 Fatalities coded to this location.", "fatalities": 12, "tags": null, "timestamp": 1753955113 }, "geometry": { "type": "Point", "coordinates": [ 34.3503, 31.4178 ] } },
{ "type": "Feature", "properties": { "event_id_cnty": "PSE47352", "event_date": "2/18/2024", "year": 2024, "time_precision": 1, "disorder_type": "Political violence", "event_type": "Explosions/Remote violence", "sub_event_type": "Air/drone strike", "actor1": "Military Forces of Israel (2022-)", "assoc_actor_1": null, "inter1": 8, "actor2": "Civilians (Palestine)", "assoc_actor_2": null, "inter2": 7, "interaction": 78, "civilian_targeting": "Civilian targeting", "iso": 275, "region": "Middle East", "country": "Palestine", "admin1": "Gaza Strip", "admin2": "Deir El Balah", "admin3": null, "location": "Al Brawk", "latitude": 31.4204, "longitude": 34.339, "geo_precision": 1, "source": "Newpress; Palestine News and Information Agency; Quds News Network; Twitter", "source_scale": "New media-National", "notes": "On 18 February 2024, Israeli warplanes struck a house in Al Brawk (Deir El Balah, Gaza Strip), killing 8 Palestinians and injuring others.", "fatalities": 8, "tags": null, "timestamp": 1767742780 }, "geometry": { "type": "Point", "coordinates": [ 34.339, 31.4204 ] } },
{ "type": "Feature", "properties": { "event_id_cnty": "PSE47404", "event_date": "2/18/2024", "year": 2024, "time_precision": 1, "disorder_type": "Political violence", "event_type": "Explosions/Remote violence", "sub_event_type": "Air/drone strike", "actor1": "Military Forces of Israel (2022-)", "assoc_actor_1": null, "inter1": 8, "actor2": "Civilians (Palestine)", "assoc_actor_2": null, "inter2": 7, "interaction": 78, "civilian_targeting": "Civilian targeting", "iso": 275, "region": "Middle East", "country": "Palestine", "admin1": "Gaza Strip", "admin2": "North Gaza", "admin3": null, "location": "Beit Lahiya", "latitude": 31.5541, "longitude": 34.5016, "geo_precision": 1, "source": "Palestine News and Information Agency; Quds News Network; Twitter", "source_scale": "New media-National", "notes": "On 18 February 2024, Israeli warplanes struck a house near the cemetery of Beit Lahiya (North Gaza, Gaza Strip), injuring several Palestinians.", "fatalities": 0, "tags": null, "timestamp": 1753955113 }, "geometry": { "type": "Point", "coordinates": [ 34.5016, 31.5541 ] } },
{ "type": "Feature", "properties": { "event_id_cnty": "PSE47406", "event_date": "2/18/2024", "year": 2024, "time_precision": 1, "disorder_type": "Political violence", "event_type": "Explosions/Remote violence", "sub_event_type": "Air/drone strike", "actor1": "Military Forces of Israel (2022-)", "assoc_actor_1": null, "inter1": 8, "actor2": "Civilians (Palestine)", "assoc_actor_2": null, "inter2": 7, "interaction": 78, "civilian_targeting": "Civilian targeting", "iso": 275, "region": "Middle East", "country": "Palestine", "admin1": "Gaza Strip", "admin2": "North Gaza", "admin3": null, "location": "Beit Lahiya - Al Mashroo", "latitude": 31.5433, "longitude": 34.4998, "geo_precision": 1, "source": "Quds News Network; Twitter", "source_scale": "New media-National", "notes": "On 18 February 2024, Israeli warplanes struck a house in Beit Lahiya - Al Mashroo (North Gaza, Gaza Strip), killing 5 Palestinians including children.", "fatalities": 5, "tags": null, "timestamp": 1753955113 }, "geometry": { "type": "Point", "coordinates": [ 34.4998, 31.5433 ] } },
{ "type": "Feature", "properties": { "event_id_cnty": "PSE47438", "event_date": "2/18/2024", "year": 2024, "time_precision": 1, "disorder_type": "Political violence", "event_type": "Explosions/Remote violence", "sub_event_type": "Air/drone strike", "actor1": "Military Forces of Israel (2022-)", "assoc_actor_1": null, "inter1": 8, "actor2": "Civilians (Palestine)", "assoc_actor_2": null, "inter2": 7, "interaction": 78, "civilian_targeting": "Civilian targeting", "iso": 275, "region": "Middle East", "country": "Palestine", "admin1": "Gaza Strip", "admin2": "Gaza City", "admin3": null, "location": "Gaza - Sabra", "latitude": 31.5086, "longitude": 34.4493, "geo_precision": 1, "source": "Palestine News and Information Agency", "source_scale": "National", "notes": "On 18 February 2024, Israeli warplanes struck houses in Gaza - Sabra (Gaza City, Gaza Strip). Casualties unknown.", "fatalities": 0, "tags": null, "timestamp": 1759789988 }, "geometry": { "type": "Point", "coordinates": [ 34.4493, 31.5086 ] } },
{ "type": "Feature", "properties": { "event_id_cnty": "PSE47436", "event_date": "2/18/2024", "year": 2024, "time_precision": 1, "disorder_type": "Political violence", "event_type": "Explosions/Remote violence", "sub_event_type": "Air/drone strike", "actor1": "Military Forces of Israel (2022-)", "assoc_actor_1": null, "inter1": 8, "actor2": "Civilians (Palestine)", "assoc_actor_2": null, "inter2": 7, "interaction": 78, "civilian_targeting": "Civilian targeting", "iso": 275, "region": "Middle East", "country": "Palestine", "admin1": "Gaza Strip", "admin2": "Gaza City", "admin3": null, "location": "Gaza - Nasr", "latitude": 31.534, "longitude": 34.4574, "geo_precision": 1, "source": "Palestine News and Information Agency", "source_scale": "National", "notes": "On 18 February 2024, Israeli warplanes struck houses in Gaza - Nasr (Gaza City, Gaza Strip). Casualties unknown.", "fatalities": 0, "tags": null, "timestamp": 1753955113 }, "geometry": { "type": "Point", "coordinates": [ 34.4574, 31.534 ] } },
{ "type": "Feature", "properties": { "event_id_cnty": "PSE47449", "event_date": "2/18/2024", "year": 2024, "time_precision": 1, "disorder_type": "Political violence", "event_type": "Explosions/Remote violence", "sub_event_type": "Air/drone strike", "actor1": "Military Forces of Israel (2022-)", "assoc_actor_1": null, "inter1": 8, "actor2": "Civilians (Palestine)", "assoc_actor_2": null, "inter2": 7, "interaction": 78, "civilian_targeting": "Civilian targeting", "iso": 275, "region": "Middle East", "country": "Palestine", "admin1": "Gaza Strip", "admin2": "Gaza City", "admin3": null, "location": "Gaza - Southern Remal", "latitude": 31.5168, "longitude": 34.4355, "geo_precision": 1, "source": "Palestine News and Information Agency", "source_scale": "National", "notes": "On 18 February 2024, Israeli warplanes struck houses in Gaza - Southern Remal (Gaza City, Gaza Strip). Casualties unknown.", "fatalities": 0, "tags": null, "timestamp": 1759789988 }, "geometry": { "type": "Point", "coordinates": [ 34.4355, 31.5168 ] } },
{ "type": "Feature", "properties": { "event_id_cnty": "PSE47500", "event_date": "2/18/2024", "year": 2024, "time_precision": 1, "disorder_type": "Political violence", "event_type": "Explosions/Remote violence", "sub_event_type": "Air/drone strike", "actor1": "Military Forces of Israel (2022-)", "assoc_actor_1": null, "inter1": 8, "actor2": "Civilians (Palestine)", "assoc_actor_2": null, "inter2": 7, "interaction": 78, "civilian_targeting": "Civilian targeting", "iso": 275, "region": "Middle East", "country": "Palestine", "admin1": "Gaza Strip", "admin2": "Rafah", "admin3": null, "location": "Rafah", "latitude": 31.287, "longitude": 34.2595, "geo_precision": 1, "source": "Palestine News and Information Agency", "source_scale": "National", "notes": "On 18 February 2024, Israeli warplanes struck 9 houses in Rafah city (Rafah, Gaza Strip), killing 13 Palestinians and injuring dozens.", "fatalities": 13, "tags": null, "timestamp": 1762829569 }, "geometry": { "type": "Point", "coordinates": [ 34.2595, 31.287 ] } },
{ "type": "Feature", "properties": { "event_id_cnty": "PSE47245", "event_date": "2/18/2024", "year": 2024, "time_precision": 1, "disorder_type": "Political violence", "event_type": "Explosions/Remote violence", "sub_event_type": "Air/drone strike", "actor1": "Military Forces of Israel (2022-)", "assoc_actor_1": null, "inter1": 8, "actor2": "Civilians (Palestine)", "assoc_actor_2": null, "inter2": 7, "interaction": 78, "civilian_targeting": "Civilian targeting", "iso": 275, "region": "Middle East", "country": "Palestine", "admin1": "Gaza Strip", "admin2": "Gaza City", "admin3": null, "location": "Gaza - Az Zaytun", "latitude": 31.4964, "longitude": 34.4522, "geo_precision": 1, "source": "Newpress; Palestine News and Information Agency; Quds News Network; Twitter", "source_scale": "New media-National", "notes": "On 18 February 2024, Israeli warplanes struck houses in Gaza - Az Zaytun (Gaza City, Gaza Strip), leaving 10 fatalities in Gaza City, coded to this location. Also, 5 Palestinians were killed in an airstrike targeted a gathering of people while waiting truck aid at the Kuwait roundabout. Total fatalities coded as 15. This event involved violence over aid.", "fatalities": 15, "tags": null, "timestamp": 1759789988 }, "geometry": { "type": "Point", "coordinates": [ 34.4522, 31.4964 ] } },
{ "type": "Feature", "properties": { "event_id_cnty": "PSE81698", "event_date": "2/18/2024", "year": 2024, "time_precision": 1, "disorder_type": "Political violence", "event_type": "Violence against civilians", "sub_event_type": "Attack", "actor1": "Unidentified Communal Militia (Palestine)", "assoc_actor_1": null, "inter1": 4, "actor2": "Civilians (Palestine)", "assoc_actor_2": "WFP: World Food Programme", "inter2": 7, "interaction": 47, "civilian_targeting": "Civilian targeting", "iso": 275, "region": "Middle East", "country": "Palestine", "admin1": "Gaza Strip", "admin2": "Gaza City", "admin3": null, "location": "Gaza", "latitude": 31.5045, "longitude": 34.4743, "geo_precision": 2, "source": "World Food Programme", "source_scale": "Other", "notes": "On 18 February 2024, armed men (likely gangs) opened fire at aid trucks belonging to the WFP while en route from Deir El Balah toward Gaza city (Gaza Strip) in an attempt to loot aid supplies. Casualties unknown.", "fatalities": 0, "tags": null, "timestamp": 1759790065 }, "geometry": { "type": "Point", "coordinates": [ 34.4743, 31.5045 ] } },
{ "type": "Feature", "properties": { "event_id_cnty": "PSE47372", "event_date": "2/19/2024", "year": 2024, "time_precision": 1, "disorder_type": "Political violence", "event_type": "Explosions/Remote violence", "sub_event_type": "Shelling/artillery/missile attack", "actor1": "Military Forces of Israel (2022-)", "assoc_actor_1": null, "inter1": 8, "actor2": "Civilians (Palestine)", "assoc_actor_2": null, "inter2": 7, "interaction": 78, "civilian_targeting": "Civilian targeting", "iso": 275, "region": "Middle East", "country": "Palestine", "admin1": "Gaza Strip", "admin2": "Khan Yunis", "admin3": null, "location": "Al Qararah", "latitude": 31.3739, "longitude": 34.3409, "geo_precision": 1, "source": "Quds News Network; Twitter", "source_scale": "New media-National", "notes": "On 19 February 2024, Israeli artillery opened fire and shelled the Al Qararah (Khan Yunis, Gaza Strip), killing a Palestinian.", "fatalities": 1, "tags": null, "timestamp": 1753955113 }, "geometry": { "type": "Point", "coordinates": [ 34.3409, 31.3739 ] } },
{ "type": "Feature", "properties": { "event_id_cnty": "PSE47482", "event_date": "2/19/2024", "year": 2024, "time_precision": 1, "disorder_type": "Political violence", "event_type": "Explosions/Remote violence", "sub_event_type": "Shelling/artillery/missile attack", "actor1": "Military Forces of Israel (2022-)", "assoc_actor_1": null, "inter1": 8, "actor2": "Civilians (Palestine)", "assoc_actor_2": null, "inter2": 7, "interaction": 78, "civilian_targeting": "Civilian targeting", "iso": 275, "region": "Middle East", "country": "Palestine", "admin1": "Gaza Strip", "admin2": "Khan Yunis", "admin3": null, "location": "Khan Yunis - West (Municipal Stadium)", "latitude": 31.3484, "longitude": 34.2961, "geo_precision": 2, "source": "Palestine News and Information Agency; Quds News Network; Twitter", "source_scale": "New media-National", "notes": "On 19 February 2024, Israeli artillery and tanks shelled targets and opened fire west of Khan Yunis and in the vicinity of Nasser hospital (coded to Khan Yunis - West (Municipal Stadium), Gaza Strip), leaving 5 fatalities.", "fatalities": 5, "tags": null, "timestamp": 1753955113 }, "geometry": { "type": "Point", "coordinates": [ 34.2961, 31.3484 ] } },
{ "type": "Feature", "properties": { "event_id_cnty": "PSE47355", "event_date": "2/19/2024", "year": 2024, "time_precision": 1, "disorder_type": "Political violence", "event_type": "Explosions/Remote violence", "sub_event_type": "Air/drone strike", "actor1": "Military Forces of Israel (2022-)", "assoc_actor_1": null, "inter1": 8, "actor2": "Civilians (Palestine)", "assoc_actor_2": "Refugees/IDPs (Palestine)", "inter2": 7, "interaction": 78, "civilian_targeting": "Civilian targeting", "iso": 275, "region": "Middle East", "country": "Palestine", "admin1": "Gaza Strip", "admin2": "Deir El Balah", "admin3": null, "location": "Al Burayj", "latitude": 31.4394, "longitude": 34.4031, "geo_precision": 1, "source": "Palestine News and Information Agency", "source_scale": "National", "notes": "On 19 February 2024, Israeli warplanes and artillery struck houses in Al Burayj refugee camp (Deir El Balah, Gaza Strip). Casualties unknown.", "fatalities": 0, "tags": null, "timestamp": 1753955113 }, "geometry": { "type": "Point", "coordinates": [ 34.4031, 31.4394 ] } },
{ "type": "Feature", "properties": { "event_id_cnty": "PSE47358", "event_date": "2/19/2024", "year": 2024, "time_precision": 1, "disorder_type": "Political violence", "event_type": "Explosions/Remote violence", "sub_event_type": "Air/drone strike", "actor1": "Military Forces of Israel (2022-)", "assoc_actor_1": null, "inter1": 8, "actor2": "Civilians (Palestine)", "assoc_actor_2": "Refugees/IDPs (Palestine)", "inter2": 7, "interaction": 78, "civilian_targeting": "Civilian targeting", "iso": 275, "region": "Middle East", "country": "Palestine", "admin1": "Gaza Strip", "admin2": "Deir El Balah", "admin3": null, "location": "Al Maghazi", "latitude": 31.4214, "longitude": 34.3865, "geo_precision": 1, "source": "Palestine News and Information Agency", "source_scale": "National", "notes": "On 19 February 2024, Israeli warplanes and artillery struck houses in Al Maghazi refugee camp (Deir El Balah, Gaza Strip). Casualties unknown.", "fatalities": 0, "tags": null, "timestamp": 1753955113 }, "geometry": { "type": "Point", "coordinates": [ 34.3865, 31.4214 ] } },
{ "type": "Feature", "properties": { "event_id_cnty": "PSE47381", "event_date": "2/19/2024", "year": 2024, "time_precision": 1, "disorder_type": "Political violence", "event_type": "Explosions/Remote violence", "sub_event_type": "Air/drone strike", "actor1": "Military Forces of Israel (2022-)", "assoc_actor_1": null, "inter1": 8, "actor2": "Civilians (Palestine)", "assoc_actor_2": null, "inter2": 7, "interaction": 78, "civilian_targeting": "Civilian targeting", "iso": 275, "region": "Middle East", "country": "Palestine", "admin1": "Gaza Strip", "admin2": "Deir El Balah", "admin3": null, "location": "An Nusayrat", "latitude": 31.4486, "longitude": 34.3925, "geo_precision": 1, "source": "Liveuamap; Palestine News and Information Agency; Twitter", "source_scale": "Local partner-New media", "notes": "On 19 February 2024, Israeli warplanes and artillery struck houses in An Nusayrat refugee camp (Deir El Balah, Gaza Strip). Casualties unknown.", "fatalities": 0, "tags": null, "timestamp": 1753955113 }, "geometry": { "type": "Point", "coordinates": [ 34.3925, 31.4486 ] } },
{ "type": "Feature", "properties": { "event_id_cnty": "PSE47388", "event_date": "2/19/2024", "year": 2024, "time_precision": 1, "disorder_type": "Political violence", "event_type": "Explosions/Remote violence", "sub_event_type": "Air/drone strike", "actor1": "Military Forces of Israel (2022-)", "assoc_actor_1": null, "inter1": 8, "actor2": "Civilians (Palestine)", "assoc_actor_2": null, "inter2": 7, "interaction": 78, "civilian_targeting": "Civilian targeting", "iso": 275, "region": "Middle East", "country": "Palestine", "admin1": "Gaza Strip", "admin2": "Deir El Balah", "admin3": null, "location": "Az Zawayda", "latitude": 31.4284, "longitude": 34.366, "geo_precision": 1, "source": "Palestine News and Information Agency", "source_scale": "National", "notes": "On 19 February 2024, Israeli warplanes and artillery struck houses in Az Zawayda (Deir El Balah, Gaza Strip). Casualties unknown.", "fatalities": 0, "tags": null, "timestamp": 1767742780 }, "geometry": { "type": "Point", "coordinates": [ 34.366, 31.4284 ] } },
{ "type": "Feature", "properties": { "event_id_cnty": "PSE47421", "event_date": "2/19/2024", "year": 2024, "time_precision": 1, "disorder_type": "Political violence", "event_type": "Explosions/Remote violence", "sub_event_type": "Shelling/artillery/missile attack", "actor1": "Military Forces of Israel (2022-)", "assoc_actor_1": null, "inter1": 8, "actor2": "Civilians (Palestine)", "assoc_actor_2": null, "inter2": 7, "interaction": 78, "civilian_targeting": "Civilian targeting", "iso": 275, "region": "Middle East", "country": "Palestine", "admin1": "Gaza Strip", "admin2": "Deir El Balah", "admin3": null, "location": "Deir al Balah Camp", "latitude": 31.4249, "longitude": 34.34, "geo_precision": 2, "source": "Newpress; PLO Negotiations Affairs Department; Quds News Network; Twitter", "source_scale": "Other-New media", "notes": "On 19 February 2024, Israeli artillery and tanks shelled targets (including a house) east of Deir El Balah, coded to Deir al Balah Camp (Deir al Balah, Gaza Strip). Casualties unknown.", "fatalities": 0, "tags": null, "timestamp": 1765850627 }, "geometry": { "type": "Point", "coordinates": [ 34.34, 31.4249 ] } },
{ "type": "Feature", "properties": { "event_id_cnty": "PSE47632", "event_date": "2/19/2024", "year": 2024, "time_precision": 1, "disorder_type": "Political violence", "event_type": "Explosions/Remote violence", "sub_event_type": "Air/drone strike", "actor1": "Military Forces of Israel (2022-)", "assoc_actor_1": null, "inter1": 8, "actor2": "Civilians (Palestine)", "assoc_actor_2": null, "inter2": 7, "interaction": 78, "civilian_targeting": "Civilian targeting", "iso": 275, "region": "Middle East", "country": "Palestine", "admin1": "Gaza Strip", "admin2": "Deir El Balah", "admin3": null, "location": "Deir al Balah", "latitude": 31.4178, "longitude": 34.3503, "geo_precision": 2, "source": "Palestine News and Information Agency; Quds News Network; Twitter", "source_scale": "New media-National", "notes": "On 19 February 2024, Israeli warplanes and artillerystruck houses in several locations of central Gaza (coded to Deir al Balah city (Deir El Balah, Gaza Strip), leaving 10 fatalities, coded to this location.", "fatalities": 10, "tags": null, "timestamp": 1753955113 }, "geometry": { "type": "Point", "coordinates": [ 34.3503, 31.4178 ] } },
{ "type": "Feature", "properties": { "event_id_cnty": "PSE47405", "event_date": "2/19/2024", "year": 2024, "time_precision": 1, "disorder_type": "Political violence", "event_type": "Explosions/Remote violence", "sub_event_type": "Shelling/artillery/missile attack", "actor1": "Military Forces of Israel (2022-)", "assoc_actor_1": null, "inter1": 8, "actor2": "Civilians (Palestine)", "assoc_actor_2": null, "inter2": 7, "interaction": 78, "civilian_targeting": "Civilian targeting", "iso": 275, "region": "Middle East", "country": "Palestine", "admin1": "Gaza Strip", "admin2": "North Gaza", "admin3": null, "location": "Beit Lahiya", "latitude": 31.5541, "longitude": 34.5016, "geo_precision": 1, "source": "Al-Ittihad; Arab 48; Palestine News and Information Agency; Quds News Network; Twitter", "source_scale": "New media-National", "notes": "On 19 February 2024, Israeli tanks shelled targets in the vicinity of the Indonesian hospital in Beit Lahiya (North Gaza, Gaza Strip), killing a Palestinian.", "fatalities": 1, "tags": null, "timestamp": 1753955113 }, "geometry": { "type": "Point", "coordinates": [ 34.5016, 31.5541 ] } },
{ "type": "Feature", "properties": { "event_id_cnty": "PSE47439", "event_date": "2/19/2024", "year": 2024, "time_precision": 1, "disorder_type": "Political violence", "event_type": "Explosions/Remote violence", "sub_event_type": "Air/drone strike", "actor1": "Military Forces of Israel (2022-)", "assoc_actor_1": null, "inter1": 8, "actor2": "Civilians (Palestine)", "assoc_actor_2": null, "inter2": 7, "interaction": 78, "civilian_targeting": "Civilian targeting", "iso": 275, "region": "Middle East", "country": "Palestine", "admin1": "Gaza Strip", "admin2": "Gaza City", "admin3": null, "location": "Gaza - Sabra", "latitude": 31.5086, "longitude": 34.4493, "geo_precision": 1, "source": "Al-Ittihad; Arab 48; Liveuamap; Palestine News and Information Agency; Quds News Network; Twitter", "source_scale": "Local partner-New media", "notes": "On 19 February 2024, Israeli warplanes and artillery struck a house in Gaza - Sabra (Gaza City, Gaza Strip), killing 5 Palestinians and injuring 3 persons.", "fatalities": 5, "tags": null, "timestamp": 1759789988 }, "geometry": { "type": "Point", "coordinates": [ 34.4493, 31.5086 ] } },
{ "type": "Feature", "properties": { "event_id_cnty": "PSE47362", "event_date": "2/19/2024", "year": 2024, "time_precision": 1, "disorder_type": "Political violence", "event_type": "Explosions/Remote violence", "sub_event_type": "Shelling/artillery/missile attack", "actor1": "Military Forces of Israel (2022-)", "assoc_actor_1": null, "inter1": 8, "actor2": "Civilians (Palestine)", "assoc_actor_2": "Refugees/IDPs (Palestine)", "inter2": 7, "interaction": 78, "civilian_targeting": "Civilian targeting", "iso": 275, "region": "Middle East", "country": "Palestine", "admin1": "Gaza Strip", "admin2": "Rafah", "admin3": null, "location": "Al Mawasi (Rafah)", "latitude": 31.3294, "longitude": 34.2299, "geo_precision": 1, "source": "Palestine News and Information Agency", "source_scale": "National", "notes": "On 19 February 2024, Israeli gunboats opened fire near the areas hosting displaced people in Al Mawasi (Rafah) - Gaza Strip, injuring a number of civilians.", "fatalities": 0, "tags": null, "timestamp": 1762829569 }, "geometry": { "type": "Point", "coordinates": [ 34.2299, 31.3294 ] } },
{ "type": "Feature", "properties": { "event_id_cnty": "PSE47450", "event_date": "2/19/2024", "year": 2024, "time_precision": 1, "disorder_type": "Political violence", "event_type": "Explosions/Remote violence", "sub_event_type": "Air/drone strike", "actor1": "Military Forces of Israel (2022-)", "assoc_actor_1": null, "inter1": 8, "actor2": "Civilians (Palestine)", "assoc_actor_2": null, "inter2": 7, "interaction": 78, "civilian_targeting": "Civilian targeting", "iso": 275, "region": "Middle East", "country": "Palestine", "admin1": "Gaza Strip", "admin2": "Gaza City", "admin3": null, "location": "Gaza - Southern Remal", "latitude": 31.5168, "longitude": 34.4355, "geo_precision": 1, "source": "Palestine News and Information Agency; Quds News Network; Twitter", "source_scale": "New media-National", "notes": "On 19 February 2024, Israeli warplanes struck 2 houses in Gaza - Southern Remal (Gaza City, Gaza Strip), leaving a number of injuries and causing a fire.", "fatalities": 0, "tags": null, "timestamp": 1759789988 }, "geometry": { "type": "Point", "coordinates": [ 34.4355, 31.5168 ] } },
{ "type": "Feature", "properties": { "event_id_cnty": "PSE47382", "event_date": "2/19/2024", "year": 2024, "time_precision": 1, "disorder_type": "Political violence", "event_type": "Explosions/Remote violence", "sub_event_type": "Air/drone strike", "actor1": "Military Forces of Israel (2022-)", "assoc_actor_1": null, "inter1": 8, "actor2": "Civilians (Palestine)", "assoc_actor_2": null, "inter2": 7, "interaction": 78, "civilian_targeting": "Civilian targeting", "iso": 275, "region": "Middle East", "country": "Palestine", "admin1": "Gaza Strip", "admin2": "Deir El Balah", "admin3": null, "location": "An Nusayrat - West", "latitude": 31.4525, "longitude": 34.3756, "geo_precision": 1, "source": "Palestine News and Information Agency; Palestinian Ministry of Health", "source_scale": "Other-National", "notes": "On 19 February 2024, Israeli warplanes and artillery struck a house west of An Nusayrat camp (An Nusayrat - West, Deir El Balah, Gaza Strip), leaving an unspecified number of fatalities. [Palestinian Ministry of Health reported 29195 fatalities upto 19 February 2024. 30 fatalities not attributed to specific events split across 2 events on 19 Febraury. 15 fatalities coded to this event.]", "fatalities": 15, "tags": null, "timestamp": 1753955113 }, "geometry": { "type": "Point", "coordinates": [ 34.3756, 31.4525 ] } },
{ "type": "Feature", "properties": { "event_id_cnty": "PSE47227", "event_date": "2/19/2024", "year": 2024, "time_precision": 1, "disorder_type": "Political violence", "event_type": "Explosions/Remote violence", "sub_event_type": "Shelling/artillery/missile attack", "actor1": "Military Forces of Israel (2022-)", "assoc_actor_1": null, "inter1": 8, "actor2": "Civilians (Palestine)", "assoc_actor_2": "Fishers (Palestine)", "inter2": 7, "interaction": 78, "civilian_targeting": "Civilian targeting", "iso": 275, "region": "Middle East", "country": "Palestine", "admin1": "Gaza Strip", "admin2": null, "admin3": null, "location": "Coast of Gaza Strip", "latitude": 31.5032, "longitude": 34.2877, "geo_precision": 2, "source": "Quds News Network; Twitter", "source_scale": "New media-National", "notes": "On 19 February 2024, Israeli gunboats opened fire toward Palestinian fishing boats off the Coast of Gaza Strip (Gaza Strip). Casualties unknown.", "fatalities": 0, "tags": null, "timestamp": 1753955113 }, "geometry": { "type": "Point", "coordinates": [ 34.2877, 31.5032 ] } },
{ "type": "Feature", "properties": { "event_id_cnty": "PSE47512", "event_date": "2/19/2024", "year": 2024, "time_precision": 1, "disorder_type": "Political violence", "event_type": "Explosions/Remote violence", "sub_event_type": "Shelling/artillery/missile attack", "actor1": "Military Forces of Israel (2022-)", "assoc_actor_1": null, "inter1": 8, "actor2": "Civilians (Palestine)", "assoc_actor_2": null, "inter2": 7, "interaction": 78, "civilian_targeting": "Civilian targeting", "iso": 275, "region": "Middle East", "country": "Palestine", "admin1": "Gaza Strip", "admin2": "Rafah", "admin3": null, "location": "Yibna", "latitude": 31.2842, "longitude": 34.2482, "geo_precision": 2, "source": "PLO Negotiations Affairs Department; Quds News Network; Twitter", "source_scale": "Other-New media", "notes": "On 19 February 2024, Israeli artillery and tanks shelled targets (including a house) east of Rafah, coded to Yibna (coded to Yibna, Gaza Strip). Casualties unknown.", "fatalities": 0, "tags": null, "timestamp": 1753955113 }, "geometry": { "type": "Point", "coordinates": [ 34.2482, 31.2842 ] } },
{ "type": "Feature", "properties": { "event_id_cnty": "PSE47433", "event_date": "2/19/2024", "year": 2024, "time_precision": 1, "disorder_type": "Political violence", "event_type": "Explosions/Remote violence", "sub_event_type": "Air/drone strike", "actor1": "Military Forces of Israel (2022-)", "assoc_actor_1": null, "inter1": 8, "actor2": "Civilians (Palestine)", "assoc_actor_2": null, "inter2": 7, "interaction": 78, "civilian_targeting": "Civilian targeting", "iso": 275, "region": "Middle East", "country": "Palestine", "admin1": "Gaza Strip", "admin2": "Gaza City", "admin3": null, "location": "Gaza - Az Zaytun", "latitude": 31.4964, "longitude": 34.4522, "geo_precision": 1, "source": "Al-Ittihad; Palestine News and Information Agency; Palestinian Ministry of Health; Quds News Network; Twitter", "source_scale": "Other-New media", "notes": "On 19 February 2024, Israeli warplanes struck at least 3 houses in Gaza - Az Zaytun (Gaza City, Gaza Strip), leaving an unspecified number of fatalities and injuries. Also, 3 persons were injured by artillery fire. [Palestinian Ministry of Health reported 29195 fatalities upto 19 February 2024. 30 fatalities not attributed to specific events split across 2 events on 19 Febraury. 15 fatalities coded to this event.]", "fatalities": 15, "tags": null, "timestamp": 1759789988 }, "geometry": { "type": "Point", "coordinates": [ 34.4522, 31.4964 ] } },
{ "type": "Feature", "properties": { "event_id_cnty": "PSE47453", "event_date": "2/19/2024", "year": 2024, "time_precision": 1, "disorder_type": "Political violence", "event_type": "Explosions/Remote violence", "sub_event_type": "Air/drone strike", "actor1": "Military Forces of Israel (2022-)", "assoc_actor_1": null, "inter1": 8, "actor2": "Civilians (Palestine)", "assoc_actor_2": null, "inter2": 7, "interaction": 78, "civilian_targeting": "Civilian targeting", "iso": 275, "region": "Middle East", "country": "Palestine", "admin1": "Gaza Strip", "admin2": "Gaza City", "admin3": null, "location": "Gaza - Tal el Hawa", "latitude": 31.5041, "longitude": 34.435, "geo_precision": 1, "source": "Al-Ittihad; Palestine News and Information Agency", "source_scale": "National-Regional", "notes": "On 19 February 2024, Israeli warplanes and artillery struck a house in Gaza - Tal el Hawa (Gaza City, Gaza Strip). Casualties unknown.", "fatalities": 0, "tags": null, "timestamp": 1759789988 }, "geometry": { "type": "Point", "coordinates": [ 34.435, 31.5041 ] } },
{ "type": "Feature", "properties": { "event_id_cnty": "PSE47492", "event_date": "2/19/2024", "year": 2024, "time_precision": 1, "disorder_type": "Political violence", "event_type": "Explosions/Remote violence", "sub_event_type": "Air/drone strike", "actor1": "Military Forces of Israel (2022-)", "assoc_actor_1": null, "inter1": 8, "actor2": "Civilians (Palestine)", "assoc_actor_2": null, "inter2": 7, "interaction": 78, "civilian_targeting": "Civilian targeting", "iso": 275, "region": "Middle East", "country": "Palestine", "admin1": "Gaza Strip", "admin2": "Rafah", "admin3": null, "location": "Rafah Camp", "latitude": 31.2847, "longitude": 34.2546, "geo_precision": 1, "source": "Palestine News and Information Agency", "source_scale": "National", "notes": "On 19 February 2024, Israeli warplanes struck 2 houses in Al Shaboura camp in Mukhayyam Rafah refugee camp (Rafah Camp, Gaza Strip). Casualties unknown.", "fatalities": 0, "tags": null, "timestamp": 1753955113 }, "geometry": { "type": "Point", "coordinates": [ 34.2546, 31.2847 ] } },
{ "type": "Feature", "properties": { "event_id_cnty": "PSE47427", "event_date": "2/19/2024", "year": 2024, "time_precision": 1, "disorder_type": "Political violence", "event_type": "Explosions/Remote violence", "sub_event_type": "Air/drone strike", "actor1": "Military Forces of Israel (2022-)", "assoc_actor_1": null, "inter1": 8, "actor2": "Civilians (Palestine)", "assoc_actor_2": null, "inter2": 7, "interaction": 78, "civilian_targeting": "Civilian targeting", "iso": 275, "region": "Middle East", "country": "Palestine", "admin1": "Gaza Strip", "admin2": "Gaza City", "admin3": null, "location": "Gaza - Ash Shaykh Ijlin", "latitude": 31.5098, "longitude": 34.4274, "geo_precision": 1, "source": "Al-Ittihad; Palestine News and Information Agency", "source_scale": "National-Regional", "notes": "On 19 February 2024, Israeli warplanes opened fire toward Palestinians who were waiting for aid trucks in Gaza - Ash Shaykh Ijlin (Gaza City, Gaza Strip), injuring several persons. This event involved violence over aid.", "fatalities": 0, "tags": null, "timestamp": 1754946060 }, "geometry": { "type": "Point", "coordinates": [ 34.4274, 31.5098 ] } },
{ "type": "Feature", "properties": { "event_id_cnty": "PSE47225", "event_date": "2/20/2024", "year": 2024, "time_precision": 1, "disorder_type": "Political violence", "event_type": "Violence against civilians", "sub_event_type": "Attack", "actor1": "Military Forces of Israel (2022-)", "assoc_actor_1": null, "inter1": 8, "actor2": "Civilians (Palestine)", "assoc_actor_2": null, "inter2": 7, "interaction": 78, "civilian_targeting": "Civilian targeting", "iso": 275, "region": "Middle East", "country": "Palestine", "admin1": "Gaza Strip", "admin2": "Khan Yunis", "admin3": null, "location": "Abasan al Kabirah", "latitude": 31.3191, "longitude": 34.3401, "geo_precision": 1, "source": "Newpress; Quds News Network; Twitter", "source_scale": "New media-National", "notes": "On 20 February 2024, Israeli soldiers shot dead a Palestinian in Abasan al Kabirah (Khan Yunis, Gaza Strip).", "fatalities": 1, "tags": null, "timestamp": 1753955113 }, "geometry": { "type": "Point", "coordinates": [ 34.3401, 31.3191 ] } },
{ "type": "Feature", "properties": { "event_id_cnty": "PSE47525", "event_date": "2/20/2024", "year": 2024, "time_precision": 1, "disorder_type": "Political violence", "event_type": "Explosions/Remote violence", "sub_event_type": "Air/drone strike", "actor1": "Military Forces of Israel (2022-)", "assoc_actor_1": null, "inter1": 8, "actor2": "Civilians (Palestine)", "assoc_actor_2": null, "inter2": 7, "interaction": 78, "civilian_targeting": "Civilian targeting", "iso": 275, "region": "Middle East", "country": "Palestine", "admin1": "Gaza Strip", "admin2": "Khan Yunis", "admin3": null, "location": "Khan Yunis", "latitude": 31.3502, "longitude": 34.3081, "geo_precision": 1, "source": "Palestine News and Information Agency", "source_scale": "National", "notes": "On 20 February 2024, Israeli warplanes and artillery struck residential areas in Khan Yunis city (Khan Yunis, Gaza Strip), leaving 6 fatalities and injuring 15 persons.", "fatalities": 6, "tags": null, "timestamp": 1753955113 }, "geometry": { "type": "Point", "coordinates": [ 34.3081, 31.3502 ] } },
{ "type": "Feature", "properties": { "event_id_cnty": "PSE47537", "event_date": "2/20/2024", "year": 2024, "time_precision": 1, "disorder_type": "Political violence", "event_type": "Explosions/Remote violence", "sub_event_type": "Shelling/artillery/missile attack", "actor1": "Military Forces of Israel (2022-)", "assoc_actor_1": null, "inter1": 8, "actor2": "Civilians (Palestine)", "assoc_actor_2": null, "inter2": 7, "interaction": 78, "civilian_targeting": "Civilian targeting", "iso": 275, "region": "Middle East", "country": "Palestine", "admin1": "Gaza Strip", "admin2": "Khan Yunis", "admin3": null, "location": "Khan Yunis - Al Amal", "latitude": 31.3544, "longitude": 34.3007, "geo_precision": 1, "source": "Newpress; Palestine News and Information Agency; Quds News Network; Twitter", "source_scale": "New media-National", "notes": "On 20 February 2024, Israeli artillery shelled the Al Amal hospital complex in Khan Yunis - Al Amal (Khan Yunis, Gaza Strip), injuring 3 civilians and causing damage to a building.", "fatalities": 0, "tags": null, "timestamp": 1753955113 }, "geometry": { "type": "Point", "coordinates": [ 34.3007, 31.3544 ] } },
{ "type": "Feature", "properties": { "event_id_cnty": "PSE47547", "event_date": "2/20/2024", "year": 2024, "time_precision": 1, "disorder_type": "Political violence", "event_type": "Explosions/Remote violence", "sub_event_type": "Shelling/artillery/missile attack", "actor1": "Military Forces of Israel (2022-)", "assoc_actor_1": null, "inter1": 8, "actor2": "Civilians (Palestine)", "assoc_actor_2": null, "inter2": 7, "interaction": 78, "civilian_targeting": "Civilian targeting", "iso": 275, "region": "Middle East", "country": "Palestine", "admin1": "Gaza Strip", "admin2": "Khan Yunis", "admin3": null, "location": "Al Mawasi (Khan Yunis)", "latitude": 31.3482, "longitude": 34.2547, "geo_precision": 1, "source": "Newpress; Quds News Network; Twitter", "source_scale": "New media-National", "notes": "On 20 February 2024, 6 Palestinians were killed (likely by Israeli artillery fire) in Al Mawasi (Khan Yunis) - Gaza Strip.", "fatalities": 6, "tags": null, "timestamp": 1762829569 }, "geometry": { "type": "Point", "coordinates": [ 34.2547, 31.3482 ] } },
{ "type": "Feature", "properties": { "event_id_cnty": "PSE47554", "event_date": "2/20/2024", "year": 2024, "time_precision": 1, "disorder_type": "Political violence", "event_type": "Explosions/Remote violence", "sub_event_type": "Air/drone strike", "actor1": "Military Forces of Israel (2022-)", "assoc_actor_1": null, "inter1": 8, "actor2": "Civilians (Palestine)", "assoc_actor_2": null, "inter2": 7, "interaction": 78, "civilian_targeting": "Civilian targeting", "iso": 275, "region": "Middle East", "country": "Palestine", "admin1": "Gaza Strip", "admin2": "Khan Yunis", "admin3": null, "location": "Khan Yunis - West (Municipal Stadium)", "latitude": 31.3484, "longitude": 34.2961, "geo_precision": 2, "source": "Quds News Network; Twitter", "source_scale": "New media-National", "notes": "On 20 February 2024, Israeli warplanes carried out airstrikes in Khan Yunis camp west of Khan Yunis, (coded to Khan Yunis - West (Municipal Stadium), Gaza Strip), several Palestinians were injured. Also, 2 Palestinians were killed, and 8 more were injured in Al Rasheed Street west of Khan Yunis (likely by airstrikes). The total fatalities were 2.", "fatalities": 2, "tags": null, "timestamp": 1753955113 }, "geometry": { "type": "Point", "coordinates": [ 34.2961, 31.3484 ] } },
{ "type": "Feature", "properties": { "event_id_cnty": "PSE47557", "event_date": "2/20/2024", "year": 2024, "time_precision": 1, "disorder_type": "Political violence", "event_type": "Explosions/Remote violence", "sub_event_type": "Air/drone strike", "actor1": "Military Forces of Israel (2022-)", "assoc_actor_1": null, "inter1": 8, "actor2": "Civilians (Palestine)", "assoc_actor_2": null, "inter2": 7, "interaction": 78, "civilian_targeting": "Civilian targeting", "iso": 275, "region": "Middle East", "country": "Palestine", "admin1": "Gaza Strip", "admin2": "Khan Yunis", "admin3": null, "location": "Khuzaa", "latitude": 31.3069, "longitude": 34.3572, "geo_precision": 1, "source": "Quds News Network; Twitter", "source_scale": "New media-National", "notes": "On 20 February 2024, Israeli warplanes carried out airstrikes in Khuzaa (Khan Yunis, Gaza Strip), killing 8 Palestinians.", "fatalities": 8, "tags": null, "timestamp": 1753955113 }, "geometry": { "type": "Point", "coordinates": [ 34.3572, 31.3069 ] } },
{ "type": "Feature", "properties": { "event_id_cnty": "PSE47528", "event_date": "2/20/2024", "year": 2024, "time_precision": 1, "disorder_type": "Political violence", "event_type": "Explosions/Remote violence", "sub_event_type": "Air/drone strike", "actor1": "Military Forces of Israel (2022-)", "assoc_actor_1": null, "inter1": 8, "actor2": "Civilians (Palestine)", "assoc_actor_2": "Refugees/IDPs (Palestine)", "inter2": 7, "interaction": 78, "civilian_targeting": "Civilian targeting", "iso": 275, "region": "Middle East", "country": "Palestine", "admin1": "Gaza Strip", "admin2": "Deir El Balah", "admin3": null, "location": "An Nusayrat", "latitude": 31.4486, "longitude": 34.3925, "geo_precision": 1, "source": "Arab 48; Ma'an News Agency; Newpress; Palestine News and Information Agency; Quds News Network; Twitter", "source_scale": "New media-National", "notes": "On 20 February 2024, Israeli warplanes struck houses in An Nusayrat refugee camp (Deir El Balah, Gaza Strip), leaving 14 fatalities and a number of injuries.", "fatalities": 14, "tags": null, "timestamp": 1753955113 }, "geometry": { "type": "Point", "coordinates": [ 34.3925, 31.4486 ] } },
{ "type": "Feature", "properties": { "event_id_cnty": "PSE47529", "event_date": "2/20/2024", "year": 2024, "time_precision": 1, "disorder_type": "Political violence", "event_type": "Explosions/Remote violence", "sub_event_type": "Air/drone strike", "actor1": "Military Forces of Israel (2022-)", "assoc_actor_1": null, "inter1": 8, "actor2": "Civilians (Palestine)", "assoc_actor_2": "Refugees/IDPs (Palestine)", "inter2": 7, "interaction": 78, "civilian_targeting": "Civilian targeting", "iso": 275, "region": "Middle East", "country": "Palestine", "admin1": "Gaza Strip", "admin2": "Deir El Balah", "admin3": null, "location": "Al Burayj", "latitude": 31.4394, "longitude": 34.4031, "geo_precision": 1, "source": "Palestine News and Information Agency", "source_scale": "National", "notes": "On 20 February 2024, Israeli warplanes struck houses in Al Burayj refugee camp (Deir El Balah, Gaza Strip). Casualties unknown.", "fatalities": 0, "tags": null, "timestamp": 1753955113 }, "geometry": { "type": "Point", "coordinates": [ 34.4031, 31.4394 ] } },
{ "type": "Feature", "properties": { "event_id_cnty": "PSE47530", "event_date": "2/20/2024", "year": 2024, "time_precision": 1, "disorder_type": "Political violence", "event_type": "Explosions/Remote violence", "sub_event_type": "Air/drone strike", "actor1": "Military Forces of Israel (2022-)", "assoc_actor_1": null, "inter1": 8, "actor2": "Civilians (Palestine)", "assoc_actor_2": "Refugees/IDPs (Palestine)", "inter2": 7, "interaction": 78, "civilian_targeting": "Civilian targeting", "iso": 275, "region": "Middle East", "country": "Palestine", "admin1": "Gaza Strip", "admin2": "Deir El Balah", "admin3": null, "location": "Al Maghazi", "latitude": 31.4214, "longitude": 34.3865, "geo_precision": 1, "source": "Palestine News and Information Agency", "source_scale": "National", "notes": "On 20 February 2024, Israeli warplanes struck houses in Al Maghazi refugee camp (Deir El Balah, Gaza Strip). Casualties unknown.", "fatalities": 0, "tags": null, "timestamp": 1753955113 }, "geometry": { "type": "Point", "coordinates": [ 34.3865, 31.4214 ] } },
{ "type": "Feature", "properties": { "event_id_cnty": "PSE47531", "event_date": "2/20/2024", "year": 2024, "time_precision": 1, "disorder_type": "Political violence", "event_type": "Explosions/Remote violence", "sub_event_type": "Air/drone strike", "actor1": "Military Forces of Israel (2022-)", "assoc_actor_1": null, "inter1": 8, "actor2": "Civilians (Palestine)", "assoc_actor_2": null, "inter2": 7, "interaction": 78, "civilian_targeting": "Civilian targeting", "iso": 275, "region": "Middle East", "country": "Palestine", "admin1": "Gaza Strip", "admin2": "Deir El Balah", "admin3": null, "location": "Deir al Balah", "latitude": 31.4178, "longitude": 34.3503, "geo_precision": 1, "source": "Ma'an News Agency; Palestine News and Information Agency; Quds News Network; Twitter", "source_scale": "New media-National", "notes": "On 20 February 2024, Israeli warplanes struck houses in Deir al Balah city (Deir El Balah, Gaza Strip), leaving 12 fatalities and 10 injuries.", "fatalities": 12, "tags": null, "timestamp": 1753955113 }, "geometry": { "type": "Point", "coordinates": [ 34.3503, 31.4178 ] } },
{ "type": "Feature", "properties": { "event_id_cnty": "PSE47538", "event_date": "2/20/2024", "year": 2024, "time_precision": 1, "disorder_type": "Political violence", "event_type": "Explosions/Remote violence", "sub_event_type": "Air/drone strike", "actor1": "Military Forces of Israel (2022-)", "assoc_actor_1": null, "inter1": 8, "actor2": "Civilians (Palestine)", "assoc_actor_2": null, "inter2": 7, "interaction": 78, "civilian_targeting": "Civilian targeting", "iso": 275, "region": "Middle East", "country": "Palestine", "admin1": "Gaza Strip", "admin2": "Deir El Balah", "admin3": null, "location": "Wadi as Salqa", "latitude": 31.4005, "longitude": 34.3375, "geo_precision": 2, "source": "Ma'an News Agency; Newpress; Quds News Network; Twitter", "source_scale": "New media-National", "notes": "On 20 February 2024, Israeli warplanes struck a house south in Deir al Balah city (coded to Wadi as Salqa) (Deir El Balah, Gaza Strip), killing 15 Palestinians and injuring several of others.", "fatalities": 15, "tags": null, "timestamp": 1753955113 }, "geometry": { "type": "Point", "coordinates": [ 34.3375, 31.4005 ] } },
{ "type": "Feature", "properties": { "event_id_cnty": "PSE47553", "event_date": "2/20/2024", "year": 2024, "time_precision": 1, "disorder_type": "Political violence", "event_type": "Explosions/Remote violence", "sub_event_type": "Air/drone strike", "actor1": "Military Forces of Israel (2022-)", "assoc_actor_1": null, "inter1": 8, "actor2": "Civilians (Palestine)", "assoc_actor_2": null, "inter2": 7, "interaction": 78, "civilian_targeting": "Civilian targeting", "iso": 275, "region": "Middle East", "country": "Palestine", "admin1": "Gaza Strip", "admin2": "Deir El Balah", "admin3": null, "location": "An Nusayrat - West", "latitude": 31.4525, "longitude": 34.3756, "geo_precision": 1, "source": "Quds News Network; Twitter", "source_scale": "New media-National", "notes": "On 20 February 2024, Israeli warplanes carried out airstrikes targeting a house west of An Nusayrat camp (An Nusayrat - West, Deir El Balah, Gaza Strip), killing a Palestinian and injuring several of others.", "fatalities": 1, "tags": null, "timestamp": 1753955113 }, "geometry": { "type": "Point", "coordinates": [ 34.3756, 31.4525 ] } },
{ "type": "Feature", "properties": { "event_id_cnty": "PSE47552", "event_date": "2/20/2024", "year": 2024, "time_precision": 1, "disorder_type": "Political violence", "event_type": "Explosions/Remote violence", "sub_event_type": "Air/drone strike", "actor1": "Military Forces of Israel (2022-)", "assoc_actor_1": null, "inter1": 8, "actor2": "Civilians (Palestine)", "assoc_actor_2": null, "inter2": 7, "interaction": 78, "civilian_targeting": "Civilian targeting", "iso": 275, "region": "Middle East", "country": "Palestine", "admin1": "Gaza Strip", "admin2": "North Gaza", "admin3": null, "location": "Beit Lahiya", "latitude": 31.5541, "longitude": 34.5016, "geo_precision": 1, "source": "Quds News Network; Twitter", "source_scale": "New media-National", "notes": "On 20 February 2024, Israeli warplanes carried out airstrike in Beit Lahiya (North Gaza, Gaza Strip), injuring a number of Palestinians.", "fatalities": 0, "tags": null, "timestamp": 1753955113 }, "geometry": { "type": "Point", "coordinates": [ 34.5016, 31.5541 ] } },
{ "type": "Feature", "properties": { "event_id_cnty": "PSE47534", "event_date": "2/20/2024", "year": 2024, "time_precision": 1, "disorder_type": "Political violence", "event_type": "Explosions/Remote violence", "sub_event_type": "Shelling/artillery/missile attack", "actor1": "Military Forces of Israel (2022-)", "assoc_actor_1": null, "inter1": 8, "actor2": "Civilians (Palestine)", "assoc_actor_2": null, "inter2": 7, "interaction": 78, "civilian_targeting": "Civilian targeting", "iso": 275, "region": "Middle East", "country": "Palestine", "admin1": "Gaza Strip", "admin2": "Gaza City", "admin3": null, "location": "Gaza - Sabra", "latitude": 31.5086, "longitude": 34.4493, "geo_precision": 1, "source": "Arab 48; Newpress; Palestine News and Information Agency; Twitter", "source_scale": "New media-National", "notes": "On 20 February 2024, Israeli artillery shelled targets in Gaza - Sabra (Gaza City, Gaza Strip), leaving 5 fatalities and 3 injuries.", "fatalities": 5, "tags": null, "timestamp": 1759789988 }, "geometry": { "type": "Point", "coordinates": [ 34.4493, 31.5086 ] } },
{ "type": "Feature", "properties": { "event_id_cnty": "PSE47527", "event_date": "2/20/2024", "year": 2024, "time_precision": 1, "disorder_type": "Political violence", "event_type": "Explosions/Remote violence", "sub_event_type": "Air/drone strike", "actor1": "Military Forces of Israel (2022-)", "assoc_actor_1": null, "inter1": 8, "actor2": "Civilians (Palestine)", "assoc_actor_2": null, "inter2": 7, "interaction": 78, "civilian_targeting": "Civilian targeting", "iso": 275, "region": "Middle East", "country": "Palestine", "admin1": "Gaza Strip", "admin2": "Rafah", "admin3": null, "location": "Tal as Sultan", "latitude": 31.3098, "longitude": 34.2414, "geo_precision": 2, "source": "Palestine News and Information Agency", "source_scale": "National", "notes": "On 20 February 2024, Israeli warplanes struck targets west of Rafah city, coded to Tal as Sultan (Rafah, Gaza Strip), injuring a number of Palestinians.", "fatalities": 0, "tags": null, "timestamp": 1762829569 }, "geometry": { "type": "Point", "coordinates": [ 34.2414, 31.3098 ] } },
{ "type": "Feature", "properties": { "event_id_cnty": "PSE47224", "event_date": "2/20/2024", "year": 2024, "time_precision": 1, "disorder_type": "Political violence", "event_type": "Explosions/Remote violence", "sub_event_type": "Air/drone strike", "actor1": "Military Forces of Israel (2022-)", "assoc_actor_1": null, "inter1": 8, "actor2": "Civilians (Palestine)", "assoc_actor_2": null, "inter2": 7, "interaction": 78, "civilian_targeting": "Civilian targeting", "iso": 275, "region": "Middle East", "country": "Palestine", "admin1": "Gaza Strip", "admin2": "Rafah", "admin3": null, "location": "Yibna", "latitude": 31.2842, "longitude": 34.2482, "geo_precision": 2, "source": "PLO Negotiations Affairs Department; Quds News Network; Twitter", "source_scale": "Other-New media", "notes": "On 20 February 2024, Israeli warplanes carried out airstrikes in Al Jawazat and Al Junainah areas east of Rafah, coded to Yibna (coded to Yibna, Gaza Strip), killing 8 Palestinians from the same family after targeting their house. Meanwhile, Israeli artillery and tanks shelled targets east of Rafah.", "fatalities": 8, "tags": null, "timestamp": 1753955113 }, "geometry": { "type": "Point", "coordinates": [ 34.2482, 31.2842 ] } },
{ "type": "Feature", "properties": { "event_id_cnty": "PSE47446", "event_date": "2/20/2024", "year": 2024, "time_precision": 1, "disorder_type": "Political violence", "event_type": "Explosions/Remote violence", "sub_event_type": "Air/drone strike", "actor1": "Military Forces of Israel (2022-)", "assoc_actor_1": null, "inter1": 8, "actor2": "Civilians (Palestine)", "assoc_actor_2": null, "inter2": 7, "interaction": 78, "civilian_targeting": "Civilian targeting", "iso": 275, "region": "Middle East", "country": "Palestine", "admin1": "Gaza Strip", "admin2": "Gaza City", "admin3": null, "location": "Gaza - Az Zaytun", "latitude": 31.4964, "longitude": 34.4522, "geo_precision": 1, "source": "Arab 48; Liveuamap; Palestine News and Information Agency; Quds News Network; Twitter", "source_scale": "Local partner-New media", "notes": "On 20 February 2024, Israeli military forces raided Gaza - Az Zaytun (Gaza City, Gaza Strip) amid continuing airstrikes and artillery fire that targeted houses, killing at least 15 Palestinians and injuring dozens. Additionally, Israeli UAVs opened fire on Palestinians walking between streets. And thousands of Palestinians were forced to flee to the western areas of Gaza City. Also, in a separate incident dozens of Palestinians were killed and injured after being targeted by warplanes and tanks. The total fatalities were coded as at least 21 (15 confirmed and 6 unknown).", "fatalities": 21, "tags": null, "timestamp": 1759789988 }, "geometry": { "type": "Point", "coordinates": [ 34.4522, 31.4964 ] } },
{ "type": "Feature", "properties": { "event_id_cnty": "PSE47526", "event_date": "2/20/2024", "year": 2024, "time_precision": 1, "disorder_type": "Political violence", "event_type": "Explosions/Remote violence", "sub_event_type": "Air/drone strike", "actor1": "Military Forces of Israel (2022-)", "assoc_actor_1": null, "inter1": 8, "actor2": "Civilians (Palestine)", "assoc_actor_2": null, "inter2": 7, "interaction": 78, "civilian_targeting": "Civilian targeting", "iso": 275, "region": "Middle East", "country": "Palestine", "admin1": "Gaza Strip", "admin2": "Rafah", "admin3": null, "location": "Rafah", "latitude": 31.287, "longitude": 34.2595, "geo_precision": 1, "source": "Jerusalem Post; Newpress; Palestine News and Information Agency; Quds News Network; Twitter", "source_scale": "New media-National", "notes": "On 20 February 2024, Israeli warplanes struck targets in Rafah city (Rafah, Gaza Strip), injuring a number of Palestinians. Also, 2 Palestinians were killed in an airstrike that targeted a passing car in the same area.", "fatalities": 2, "tags": null, "timestamp": 1762829569 }, "geometry": { "type": "Point", "coordinates": [ 34.2595, 31.287 ] } },
{ "type": "Feature", "properties": { "event_id_cnty": "PSE47544", "event_date": "2/20/2024", "year": 2024, "time_precision": 1, "disorder_type": "Political violence", "event_type": "Explosions/Remote violence", "sub_event_type": "Air/drone strike", "actor1": "Military Forces of Israel (2022-)", "assoc_actor_1": null, "inter1": 8, "actor2": "Civilians (Palestine)", "assoc_actor_2": null, "inter2": 7, "interaction": 78, "civilian_targeting": "Civilian targeting", "iso": 275, "region": "Middle East", "country": "Palestine", "admin1": "Gaza Strip", "admin2": "Gaza City", "admin3": null, "location": "Gaza - Southern Remal", "latitude": 31.5168, "longitude": 34.4355, "geo_precision": 2, "source": "Palestine News and Information Agency; Quds News Network; Twitter", "source_scale": "New media-National", "notes": "On 20 February 2024, Israeli warplanes opened fire on Palestinians who were waiting for aid trucks west of Gaza City, coded to Gaza - Southern Remal (Gaza City, Gaza Strip). As a results, 2 Palestinians were killed. This event involved violence over aid.", "fatalities": 2, "tags": null, "timestamp": 1759789988 }, "geometry": { "type": "Point", "coordinates": [ 34.4355, 31.5168 ] } },
{ "type": "Feature", "properties": { "event_id_cnty": "PSE47574", "event_date": "2/21/2024", "year": 2024, "time_precision": 1, "disorder_type": "Political violence", "event_type": "Explosions/Remote violence", "sub_event_type": "Air/drone strike", "actor1": "Military Forces of Israel (2022-)", "assoc_actor_1": null, "inter1": 8, "actor2": "Civilians (Palestine)", "assoc_actor_2": null, "inter2": 7, "interaction": 78, "civilian_targeting": "Civilian targeting", "iso": 275, "region": "Middle East", "country": "Palestine", "admin1": "Gaza Strip", "admin2": "Gaza City", "admin3": null, "location": "Gaza - Shujaiyya", "latitude": 31.4988, "longitude": 34.4699, "geo_precision": 1, "source": "Palestine News and Information Agency", "source_scale": "National", "notes": "On 21 February 2024, Israeli warplanes struck targets in Gaza - Shujaiyya (Gaza City, Gaza Strip), killing a number of Palestinians in Shujaiyya, Tel el Hawa, and Az Zaytoun (coded to this location). Unknown fatalities coded as 3.", "fatalities": 3, "tags": null, "timestamp": 1759789988 }, "geometry": { "type": "Point", "coordinates": [ 34.4699, 31.4988 ] } },
{ "type": "Feature", "properties": { "event_id_cnty": "PSE47576", "event_date": "2/21/2024", "year": 2024, "time_precision": 1, "disorder_type": "Political violence", "event_type": "Explosions/Remote violence", "sub_event_type": "Shelling/artillery/missile attack", "actor1": "Military Forces of Israel (2022-)", "assoc_actor_1": null, "inter1": 8, "actor2": "Civilians (Palestine)", "assoc_actor_2": null, "inter2": 7, "interaction": 78, "civilian_targeting": "Civilian targeting", "iso": 275, "region": "Middle East", "country": "Palestine", "admin1": "Gaza Strip", "admin2": "Khan Yunis", "admin3": null, "location": "Khan Yunis - West (Municipal Stadium)", "latitude": 31.3484, "longitude": 34.2961, "geo_precision": 2, "source": "Palestine News and Information Agency", "source_scale": "National", "notes": "On 21 February 2024, Israeli artillery struck targets in the vicinity of Nasser Hospital west of Khan Yunis (coded to Khan Yunis - West (Municipal Stadium), Gaza Strip), injuring a number of Palestinians.", "fatalities": 0, "tags": null, "timestamp": 1753955113 }, "geometry": { "type": "Point", "coordinates": [ 34.2961, 31.3484 ] } },
{ "type": "Feature", "properties": { "event_id_cnty": "PSE47588", "event_date": "2/21/2024", "year": 2024, "time_precision": 1, "disorder_type": "Political violence", "event_type": "Explosions/Remote violence", "sub_event_type": "Shelling/artillery/missile attack", "actor1": "Military Forces of Israel (2022-)", "assoc_actor_1": null, "inter1": 8, "actor2": "Civilians (Palestine)", "assoc_actor_2": "Refugees/IDPs (Palestine)", "inter2": 7, "interaction": 78, "civilian_targeting": "Civilian targeting", "iso": 275, "region": "Middle East", "country": "Palestine", "admin1": "Gaza Strip", "admin2": "Khan Yunis", "admin3": null, "location": "Al Mawasi (Khan Yunis)", "latitude": 31.3482, "longitude": 34.2547, "geo_precision": 1, "source": "Newpress; Quds News Network; Twitter", "source_scale": "New media-National", "notes": "On 21 February 2024, 9 Palestinians were killed and another 11 were injured (likely by Israeli tanks fire) in Al Mawasi (Khan Yunis), Gaza Strip. Also, tanks targeted the tents of displaced people in the same area.", "fatalities": 9, "tags": null, "timestamp": 1762829569 }, "geometry": { "type": "Point", "coordinates": [ 34.2547, 31.3482 ] } },
{ "type": "Feature", "properties": { "event_id_cnty": "PSE47575", "event_date": "2/21/2024", "year": 2024, "time_precision": 1, "disorder_type": "Political violence", "event_type": "Explosions/Remote violence", "sub_event_type": "Air/drone strike", "actor1": "Military Forces of Israel (2022-)", "assoc_actor_1": null, "inter1": 8, "actor2": "Civilians (Palestine)", "assoc_actor_2": "Refugees/IDPs (Palestine)", "inter2": 7, "interaction": 78, "civilian_targeting": "Civilian targeting", "iso": 275, "region": "Middle East", "country": "Palestine", "admin1": "Gaza Strip", "admin2": "Deir El Balah", "admin3": null, "location": "An Nusayrat", "latitude": 31.4486, "longitude": 34.3925, "geo_precision": 1, "source": "Liveuamap; Newpress; Palestine News and Information Agency; Quds News Network; Twitter", "source_scale": "Local partner-New media", "notes": "On 21 February 2024, Israeli warplanes struck houses in An Nusayrat refugee camp (Deir El Balah, Gaza Strip), leaving 37 fatalities an dozens of injuries.", "fatalities": 37, "tags": null, "timestamp": 1753955113 }, "geometry": { "type": "Point", "coordinates": [ 34.3925, 31.4486 ] } },
{ "type": "Feature", "properties": { "event_id_cnty": "PSE47577", "event_date": "2/21/2024", "year": 2024, "time_precision": 1, "disorder_type": "Political violence", "event_type": "Explosions/Remote violence", "sub_event_type": "Air/drone strike", "actor1": "Military Forces of Israel (2022-)", "assoc_actor_1": null, "inter1": 8, "actor2": "Civilians (Palestine)", "assoc_actor_2": null, "inter2": 7, "interaction": 78, "civilian_targeting": "Civilian targeting", "iso": 275, "region": "Middle East", "country": "Palestine", "admin1": "Gaza Strip", "admin2": "Deir El Balah", "admin3": null, "location": "Deir al Balah", "latitude": 31.4178, "longitude": 34.3503, "geo_precision": 1, "source": "Newpress; Palestine News and Information Agency; Quds News Network; Twitter", "source_scale": "New media-National", "notes": "On 21 February 2024, Israeli warplanes struck a passing car in Deir al Balah city (Deir El Balah, Gaza Strip), killing 6 Palestinians. Meanwhile, 23 persons were killed in airstrikes that targeted houses in the city. The total fatalities were 29.", "fatalities": 29, "tags": null, "timestamp": 1753955113 }, "geometry": { "type": "Point", "coordinates": [ 34.3503, 31.4178 ] } },
{ "type": "Feature", "properties": { "event_id_cnty": "PSE47581", "event_date": "2/21/2024", "year": 2024, "time_precision": 1, "disorder_type": "Political violence", "event_type": "Explosions/Remote violence", "sub_event_type": "Air/drone strike", "actor1": "Military Forces of Israel (2022-)", "assoc_actor_1": null, "inter1": 8, "actor2": "Civilians (Palestine)", "assoc_actor_2": null, "inter2": 7, "interaction": 78, "civilian_targeting": "Civilian targeting", "iso": 275, "region": "Middle East", "country": "Palestine", "admin1": "Gaza Strip", "admin2": "Deir El Balah", "admin3": null, "location": "An Nusayrat - West", "latitude": 31.4525, "longitude": 34.3756, "geo_precision": 1, "source": "Ma'an News Agency; Newpress; Palestine News and Information Agency; Quds News Network; Twitter", "source_scale": "New media-National", "notes": "On 21 February 2024, Israeli warplanes struck a house west of An Nusayrat camp (An Nusayrat - West, Deir El Balah, Gaza Strip), killing 17 Palestinians and injuring dozens.", "fatalities": 17, "tags": null, "timestamp": 1753955113 }, "geometry": { "type": "Point", "coordinates": [ 34.3756, 31.4525 ] } },
{ "type": "Feature", "properties": { "event_id_cnty": "PSE47583", "event_date": "2/21/2024", "year": 2024, "time_precision": 1, "disorder_type": "Political violence", "event_type": "Explosions/Remote violence", "sub_event_type": "Air/drone strike", "actor1": "Military Forces of Israel (2022-)", "assoc_actor_1": null, "inter1": 8, "actor2": "Civilians (Palestine)", "assoc_actor_2": null, "inter2": 7, "interaction": 78, "civilian_targeting": "Civilian targeting", "iso": 275, "region": "Middle East", "country": "Palestine", "admin1": "Gaza Strip", "admin2": "Khan Yunis", "admin3": null, "location": "Hamad", "latitude": 31.3749, "longitude": 34.3193, "geo_precision": 1, "source": "Ma'an News Agency; Palestine News and Information Agency; Quds News Network; Twitter", "source_scale": "New media-National", "notes": "On 21 February 2024, Israeli warplanes struck a residential tower in Hamad city (Khan Yunis, Gaza Strip). Casualties unknown.", "fatalities": 0, "tags": null, "timestamp": 1753955113 }, "geometry": { "type": "Point", "coordinates": [ 34.3193, 31.3749 ] } },
{ "type": "Feature", "properties": { "event_id_cnty": "PSE47582", "event_date": "2/21/2024", "year": 2024, "time_precision": 1, "disorder_type": "Political violence", "event_type": "Explosions/Remote violence", "sub_event_type": "Air/drone strike", "actor1": "Military Forces of Israel (2022-)", "assoc_actor_1": null, "inter1": 8, "actor2": "Civilians (Palestine)", "assoc_actor_2": null, "inter2": 7, "interaction": 78, "civilian_targeting": "Civilian targeting", "iso": 275, "region": "Middle East", "country": "Palestine", "admin1": "Gaza Strip", "admin2": "Rafah", "admin3": null, "location": "Shokat as Sufi", "latitude": 31.2586, "longitude": 34.2824, "geo_precision": 2, "source": "Ma'an News Agency; Palestine News and Information Agency", "source_scale": "National", "notes": "On 21 February 2024, Israeli warplanes struck a group of Palestinians in Al Barahama area south of Rafah, coded to Shokat as Sufi (Rafah, Gaza Strip), injuring several persons.", "fatalities": 0, "tags": null, "timestamp": 1753955113 }, "geometry": { "type": "Point", "coordinates": [ 34.2824, 31.2586 ] } },
{ "type": "Feature", "properties": { "event_id_cnty": "PSE47579", "event_date": "2/21/2024", "year": 2024, "time_precision": 1, "disorder_type": "Political violence", "event_type": "Explosions/Remote violence", "sub_event_type": "Shelling/artillery/missile attack", "actor1": "Military Forces of Israel (2022-)", "assoc_actor_1": null, "inter1": 8, "actor2": "Civilians (Palestine)", "assoc_actor_2": "Refugees/IDPs (Palestine)", "inter2": 7, "interaction": 78, "civilian_targeting": "Civilian targeting", "iso": 275, "region": "Middle East", "country": "Palestine", "admin1": "Gaza Strip", "admin2": "Rafah", "admin3": null, "location": "Al Mawasi (Rafah)", "latitude": 31.3294, "longitude": 34.2299, "geo_precision": 1, "source": "Palestine News and Information Agency", "source_scale": "National", "notes": "On 21 February 2024, Israeli gunboats shelled areas hosting displaced people in Al Mawasi (Rafah), Gaza Strip. As a results, several Palestinians were injured.", "fatalities": 0, "tags": null, "timestamp": 1762829569 }, "geometry": { "type": "Point", "coordinates": [ 34.2299, 31.3294 ] } },
{ "type": "Feature", "properties": { "event_id_cnty": "PSE47565", "event_date": "2/21/2024", "year": 2024, "time_precision": 1, "disorder_type": "Political violence", "event_type": "Explosions/Remote violence", "sub_event_type": "Air/drone strike", "actor1": "Military Forces of Israel (2022-)", "assoc_actor_1": null, "inter1": 8, "actor2": "Civilians (Palestine)", "assoc_actor_2": null, "inter2": 7, "interaction": 78, "civilian_targeting": "Civilian targeting", "iso": 275, "region": "Middle East", "country": "Palestine", "admin1": "Gaza Strip", "admin2": "Rafah", "admin3": null, "location": "Yibna", "latitude": 31.2842, "longitude": 34.2482, "geo_precision": 2, "source": "PLO Negotiations Affairs Department; Quds News Network; Twitter", "source_scale": "Other-New media", "notes": "On 21 February 2024, Israeli artillery and tanks shelled targets east of Rafah, coded to Yibna (coded to Yibna, Gaza Strip). Meanwhile, a Palestinian was killed in an airstrike in Al Junainah area east of Rafah.", "fatalities": 1, "tags": null, "timestamp": 1753955113 }, "geometry": { "type": "Point", "coordinates": [ 34.2482, 31.2842 ] } },
{ "type": "Feature", "properties": { "event_id_cnty": "PSE47571", "event_date": "2/21/2024", "year": 2024, "time_precision": 1, "disorder_type": "Political violence", "event_type": "Explosions/Remote violence", "sub_event_type": "Air/drone strike", "actor1": "Military Forces of Israel (2022-)", "assoc_actor_1": null, "inter1": 8, "actor2": "Civilians (Palestine)", "assoc_actor_2": "Journalists (Palestine)", "inter2": 7, "interaction": 78, "civilian_targeting": "Civilian targeting", "iso": 275, "region": "Middle East", "country": "Palestine", "admin1": "Gaza Strip", "admin2": "Gaza City", "admin3": null, "location": "Gaza - Az Zaytun", "latitude": 31.4964, "longitude": 34.4522, "geo_precision": 1, "source": "Liveuamap; Ma'an News Agency; Palestine News and Information Agency; Quds News Network; Twitter", "source_scale": "Local partner-New media", "notes": "On 21 February 2024, Israeli forces continued their operations in Gaza - Az Zaytun (Gaza City, Gaza Strip) amid airstrikes and artillery fire that targeted houses and people. As a result, dozens of Palestinians were killed and injured. Fatalities coded as 6. Also, a journalist was killed and a number of Palestinians were injured in an airstrike in the same area. Total fatalities were coded as 7 (1 confirmed and 6 unknown).", "fatalities": 7, "tags": null, "timestamp": 1759789988 }, "geometry": { "type": "Point", "coordinates": [ 34.4522, 31.4964 ] } },
{ "type": "Feature", "properties": { "event_id_cnty": "PSE47580", "event_date": "2/21/2024", "year": 2024, "time_precision": 1, "disorder_type": "Political violence", "event_type": "Explosions/Remote violence", "sub_event_type": "Air/drone strike", "actor1": "Military Forces of Israel (2022-)", "assoc_actor_1": null, "inter1": 8, "actor2": "Civilians (Palestine)", "assoc_actor_2": null, "inter2": 7, "interaction": 78, "civilian_targeting": "Civilian targeting", "iso": 275, "region": "Middle East", "country": "Palestine", "admin1": "Gaza Strip", "admin2": "Rafah", "admin3": null, "location": "Rafah", "latitude": 31.287, "longitude": 34.2595, "geo_precision": 1, "source": "Newpress; Palestine News and Information Agency; Quds News Network; Twitter", "source_scale": "New media-National", "notes": "On 21 February 2024, Israeli warplanes struck a group of people in Rafah city (Rafah, Gaza Strip), killing one Palestinian and injuring several persons.", "fatalities": 1, "tags": null, "timestamp": 1762829569 }, "geometry": { "type": "Point", "coordinates": [ 34.2595, 31.287 ] } },
{ "type": "Feature", "properties": { "event_id_cnty": "PSE47614", "event_date": "2/22/2024", "year": 2024, "time_precision": 1, "disorder_type": "Political violence", "event_type": "Explosions/Remote violence", "sub_event_type": "Air/drone strike", "actor1": "Military Forces of Israel (2022-)", "assoc_actor_1": null, "inter1": 8, "actor2": "Civilians (Palestine)", "assoc_actor_2": null, "inter2": 7, "interaction": 78, "civilian_targeting": "Civilian targeting", "iso": 275, "region": "Middle East", "country": "Palestine", "admin1": "Gaza Strip", "admin2": "Khan Yunis", "admin3": null, "location": "Khan Yunis", "latitude": 31.3502, "longitude": 34.3081, "geo_precision": 1, "source": "Palestine News and Information Agency; Quds News Network; Twitter", "source_scale": "New media-National", "notes": "On 22 February 2024, Israeli artillery struck targets in Khan Yunis city (Khan Yunis, Gaza Strip). Meanwhile, warplanes struck residential buildings in the city. Casualties unknown.", "fatalities": 0, "tags": null, "timestamp": 1753955113 }, "geometry": { "type": "Point", "coordinates": [ 34.3081, 31.3502 ] } },
{ "type": "Feature", "properties": { "event_id_cnty": "PSE47622", "event_date": "2/22/2024", "year": 2024, "time_precision": 1, "disorder_type": "Political violence", "event_type": "Explosions/Remote violence", "sub_event_type": "Air/drone strike", "actor1": "Military Forces of Israel (2022-)", "assoc_actor_1": null, "inter1": 8, "actor2": "Civilians (Palestine)", "assoc_actor_2": null, "inter2": 7, "interaction": 78, "civilian_targeting": "Civilian targeting", "iso": 275, "region": "Middle East", "country": "Palestine", "admin1": "Gaza Strip", "admin2": "Khan Yunis", "admin3": null, "location": "Khan Yunis - West (Municipal Stadium)", "latitude": 31.3484, "longitude": 34.2961, "geo_precision": 2, "source": "Palestine News and Information Agency; Quds News Network; Twitter", "source_scale": "New media-National", "notes": "On 22 February 2024, Israeli warplanes and artillery struck houses west of Khan Yunis city (coded to Khan Yunis - West (Municipal Stadium), Gaza Strip). Casualties unknown.", "fatalities": 0, "tags": null, "timestamp": 1753955113 }, "geometry": { "type": "Point", "coordinates": [ 34.2961, 31.3484 ] } },
{ "type": "Feature", "properties": { "event_id_cnty": "PSE47613", "event_date": "2/22/2024", "year": 2024, "time_precision": 1, "disorder_type": "Political violence", "event_type": "Explosions/Remote violence", "sub_event_type": "Air/drone strike", "actor1": "Military Forces of Israel (2022-)", "assoc_actor_1": null, "inter1": 8, "actor2": "Civilians (Palestine)", "assoc_actor_2": null, "inter2": 7, "interaction": 78, "civilian_targeting": "Civilian targeting", "iso": 275, "region": "Middle East", "country": "Palestine", "admin1": "Gaza Strip", "admin2": "Deir El Balah", "admin3": null, "location": "Deir al Balah", "latitude": 31.4178, "longitude": 34.3503, "geo_precision": 1, "source": "Ma'an News Agency; Newpress; Palestine News and Information Agency; Quds News Network; Twitter", "source_scale": "New media-National", "notes": "On 22 February 2024, Israeli warplanes struck targets and 4 houses in Deir al Balah city (Deir El Balah, Gaza Strip), leaving 40 fatalities and 100 injuries.", "fatalities": 40, "tags": null, "timestamp": 1753955113 }, "geometry": { "type": "Point", "coordinates": [ 34.3503, 31.4178 ] } },
{ "type": "Feature", "properties": { "event_id_cnty": "PSE47619", "event_date": "2/22/2024", "year": 2024, "time_precision": 1, "disorder_type": "Political violence", "event_type": "Explosions/Remote violence", "sub_event_type": "Air/drone strike", "actor1": "Military Forces of Israel (2022-)", "assoc_actor_1": null, "inter1": 8, "actor2": "Civilians (Palestine)", "assoc_actor_2": "Refugees/IDPs (Palestine)", "inter2": 7, "interaction": 78, "civilian_targeting": "Civilian targeting", "iso": 275, "region": "Middle East", "country": "Palestine", "admin1": "Gaza Strip", "admin2": "Deir El Balah", "admin3": null, "location": "An Nusayrat", "latitude": 31.4486, "longitude": 34.3925, "geo_precision": 1, "source": "Palestine News and Information Agency; Quds News Network; Twitter", "source_scale": "New media-National", "notes": "On 22 February 2024, Israeli warplanes struck houses in An Nusayrat refugee camp (Deir El Balah, Gaza Strip). Casualties unknown.", "fatalities": 0, "tags": null, "timestamp": 1753955113 }, "geometry": { "type": "Point", "coordinates": [ 34.3925, 31.4486 ] } },
{ "type": "Feature", "properties": { "event_id_cnty": "PSE47620", "event_date": "2/22/2024", "year": 2024, "time_precision": 1, "disorder_type": "Political violence", "event_type": "Explosions/Remote violence", "sub_event_type": "Air/drone strike", "actor1": "Military Forces of Israel (2022-)", "assoc_actor_1": null, "inter1": 8, "actor2": "Civilians (Palestine)", "assoc_actor_2": "Refugees/IDPs (Palestine)", "inter2": 7, "interaction": 78, "civilian_targeting": "Civilian targeting", "iso": 275, "region": "Middle East", "country": "Palestine", "admin1": "Gaza Strip", "admin2": "Deir El Balah", "admin3": null, "location": "Al Burayj", "latitude": 31.4394, "longitude": 34.4031, "geo_precision": 1, "source": "Palestine News and Information Agency; Quds News Network; Twitter", "source_scale": "New media-National", "notes": "On 22 February 2024, Israeli warplanes struck houses in Al Burayj refugee camp (Deir El Balah, Gaza Strip), injuring 6 children.", "fatalities": 0, "tags": null, "timestamp": 1753955113 }, "geometry": { "type": "Point", "coordinates": [ 34.4031, 31.4394 ] } },
{ "type": "Feature", "properties": { "event_id_cnty": "PSE47621", "event_date": "2/22/2024", "year": 2024, "time_precision": 1, "disorder_type": "Political violence", "event_type": "Explosions/Remote violence", "sub_event_type": "Air/drone strike", "actor1": "Military Forces of Israel (2022-)", "assoc_actor_1": null, "inter1": 8, "actor2": "Civilians (Palestine)", "assoc_actor_2": "Refugees/IDPs (Palestine)", "inter2": 7, "interaction": 78, "civilian_targeting": "Civilian targeting", "iso": 275, "region": "Middle East", "country": "Palestine", "admin1": "Gaza Strip", "admin2": "Deir El Balah", "admin3": null, "location": "Al Maghazi", "latitude": 31.4214, "longitude": 34.3865, "geo_precision": 1, "source": "Palestine News and Information Agency", "source_scale": "National", "notes": "On 22 February 2024, Israeli warplanes struck houses in Al Maghazi refugee camp (Deir El Balah, Gaza Strip). Casualties unknown.", "fatalities": 0, "tags": null, "timestamp": 1753955113 }, "geometry": { "type": "Point", "coordinates": [ 34.3865, 31.4214 ] } },
{ "type": "Feature", "properties": { "event_id_cnty": "PSE47625", "event_date": "2/22/2024", "year": 2024, "time_precision": 1, "disorder_type": "Political violence", "event_type": "Explosions/Remote violence", "sub_event_type": "Air/drone strike", "actor1": "Military Forces of Israel (2022-)", "assoc_actor_1": null, "inter1": 8, "actor2": "Civilians (Palestine)", "assoc_actor_2": null, "inter2": 7, "interaction": 78, "civilian_targeting": "Civilian targeting", "iso": 275, "region": "Middle East", "country": "Palestine", "admin1": "Gaza Strip", "admin2": "Deir El Balah", "admin3": null, "location": "Az Zawayda", "latitude": 31.4284, "longitude": 34.366, "geo_precision": 1, "source": "Palestine News and Information Agency", "source_scale": "National", "notes": "On 22 February 2024, Israeli warplanes struck a house in Az Zawayda (Deir El Balah, Gaza Strip), killing 4 Palestinians.", "fatalities": 4, "tags": null, "timestamp": 1767742780 }, "geometry": { "type": "Point", "coordinates": [ 34.366, 31.4284 ] } },
{ "type": "Feature", "properties": { "event_id_cnty": "PSE47617", "event_date": "2/22/2024", "year": 2024, "time_precision": 1, "disorder_type": "Political violence", "event_type": "Explosions/Remote violence", "sub_event_type": "Air/drone strike", "actor1": "Military Forces of Israel (2022-)", "assoc_actor_1": null, "inter1": 8, "actor2": "Civilians (Palestine)", "assoc_actor_2": null, "inter2": 7, "interaction": 78, "civilian_targeting": "Civilian targeting", "iso": 275, "region": "Middle East", "country": "Palestine", "admin1": "Gaza Strip", "admin2": "Gaza City", "admin3": null, "location": "Gaza - Sabra", "latitude": 31.5086, "longitude": 34.4493, "geo_precision": 1, "source": "Palestine News and Information Agency", "source_scale": "National", "notes": "On 22 February 2024, Israeli warplanes struck a house in Gaza - Sabra (Gaza City, Gaza Strip), killing 7 persons and injuring others.", "fatalities": 7, "tags": null, "timestamp": 1759789988 }, "geometry": { "type": "Point", "coordinates": [ 34.4493, 31.5086 ] } },
{ "type": "Feature", "properties": { "event_id_cnty": "PSE47624", "event_date": "2/22/2024", "year": 2024, "time_precision": 1, "disorder_type": "Political violence", "event_type": "Explosions/Remote violence", "sub_event_type": "Shelling/artillery/missile attack", "actor1": "Military Forces of Israel (2022-)", "assoc_actor_1": null, "inter1": 8, "actor2": "Civilians (Palestine)", "assoc_actor_2": "Refugees/IDPs (Palestine)", "inter2": 7, "interaction": 78, "civilian_targeting": "Civilian targeting", "iso": 275, "region": "Middle East", "country": "Palestine", "admin1": "Gaza Strip", "admin2": "Rafah", "admin3": null, "location": "Al Mawasi (Rafah)", "latitude": 31.3294, "longitude": 34.2299, "geo_precision": 1, "source": "Palestine News and Information Agency", "source_scale": "National", "notes": "On 22 February 2024, Israeli gunboats shelled areas hosting displaced people in Al Mawasi (Rafah), Gaza Strip. A number of displaced Palestinians were injured.", "fatalities": 0, "tags": null, "timestamp": 1762829569 }, "geometry": { "type": "Point", "coordinates": [ 34.2299, 31.3294 ] } },
{ "type": "Feature", "properties": { "event_id_cnty": "PSE47638", "event_date": "2/22/2024", "year": 2024, "time_precision": 1, "disorder_type": "Political violence", "event_type": "Explosions/Remote violence", "sub_event_type": "Air/drone strike", "actor1": "Military Forces of Israel (2022-)", "assoc_actor_1": null, "inter1": 8, "actor2": "Civilians (Palestine)", "assoc_actor_2": null, "inter2": 7, "interaction": 78, "civilian_targeting": "Civilian targeting", "iso": 275, "region": "Middle East", "country": "Palestine", "admin1": "Gaza Strip", "admin2": "Rafah", "admin3": null, "location": "Tal as Sultan", "latitude": 31.3098, "longitude": 34.2414, "geo_precision": 1, "source": "Quds News Network; Twitter", "source_scale": "New media-National", "notes": "On 22 February 2024, Israeli warplanes struck a house in Tal as Sultan (Rafah, Gaza Strip). Casualties unknown.", "fatalities": 0, "tags": null, "timestamp": 1762829569 }, "geometry": { "type": "Point", "coordinates": [ 34.2414, 31.3098 ] } },
{ "type": "Feature", "properties": { "event_id_cnty": "PSE47631", "event_date": "2/22/2024", "year": 2024, "time_precision": 1, "disorder_type": "Political violence", "event_type": "Explosions/Remote violence", "sub_event_type": "Air/drone strike", "actor1": "Military Forces of Israel (2022-)", "assoc_actor_1": null, "inter1": 8, "actor2": "Civilians (Palestine)", "assoc_actor_2": "Refugees/IDPs (Palestine); UNRWA: United Nations Relief and Works Agency", "inter2": 7, "interaction": 78, "civilian_targeting": "Civilian targeting", "iso": 275, "region": "Middle East", "country": "Palestine", "admin1": "Gaza Strip", "admin2": "North Gaza", "admin3": null, "location": "Jabalya Camp", "latitude": 31.536, "longitude": 34.4907, "geo_precision": 1, "source": "Arab 48; Liveuamap; Newpress; Quds News Network; Twitter", "source_scale": "Local partner-New media", "notes": "On 22 February 2024, Israeli warplanes struck UNRWA site hosting displaced people in Mukhayyam Jabalya Camp (North Gaza, Gaza Strip), leaving a number of fatalities. Unknown fatalities coded as 3.", "fatalities": 3, "tags": null, "timestamp": 1753955113 }, "geometry": { "type": "Point", "coordinates": [ 34.4907, 31.536 ] } },
{ "type": "Feature", "properties": { "event_id_cnty": "PSE47639", "event_date": "2/22/2024", "year": 2024, "time_precision": 1, "disorder_type": "Political violence", "event_type": "Explosions/Remote violence", "sub_event_type": "Air/drone strike", "actor1": "Military Forces of Israel (2022-)", "assoc_actor_1": null, "inter1": 8, "actor2": "Police Forces of Palestine (2007-) Gaza Strip", "assoc_actor_2": "Hamas Movement", "inter2": 1, "interaction": 18, "civilian_targeting": null, "iso": 275, "region": "Middle East", "country": "Palestine", "admin1": "Gaza Strip", "admin2": "North Gaza", "admin3": null, "location": "Beit Hanoun - Al-Sekka", "latitude": 31.5463, "longitude": 34.5332, "geo_precision": 1, "source": "Quds News Network; Twitter", "source_scale": "New media-National", "notes": "On 22 February 2024, Israeli warplanes struck a passing Hamas police vehicle in Beit Hanoun - Al-Sekka (North Gaza, Gaza Strip), killing a Palestinian.", "fatalities": 1, "tags": null, "timestamp": 1753955113 }, "geometry": { "type": "Point", "coordinates": [ 34.5332, 31.5463 ] } },
{ "type": "Feature", "properties": { "event_id_cnty": "PSE47618", "event_date": "2/22/2024", "year": 2024, "time_precision": 1, "disorder_type": "Political violence", "event_type": "Explosions/Remote violence", "sub_event_type": "Air/drone strike", "actor1": "Military Forces of Israel (2022-)", "assoc_actor_1": null, "inter1": 8, "actor2": "Civilians (Palestine)", "assoc_actor_2": null, "inter2": 7, "interaction": 78, "civilian_targeting": "Civilian targeting", "iso": 275, "region": "Middle East", "country": "Palestine", "admin1": "Gaza Strip", "admin2": "Gaza City", "admin3": null, "location": "Gaza - Southern Remal", "latitude": 31.5168, "longitude": 34.4355, "geo_precision": 1, "source": "Palestine News and Information Agency", "source_scale": "National", "notes": "On 22 February 2024, Israeli warplanes struck a house in Gaza - Southern Remal (Gaza City, Gaza Strip), leaving a number of fatalities and injuries. [On 23 January 2025, 4 bodies were recovered from under the rubble in Gaza - Southern Remal. These fatalities were coded to this event].", "fatalities": 4, "tags": null, "timestamp": 1759789988 }, "geometry": { "type": "Point", "coordinates": [ 34.4355, 31.5168 ] } },
{ "type": "Feature", "properties": { "event_id_cnty": "PSE47604", "event_date": "2/22/2024", "year": 2024, "time_precision": 1, "disorder_type": "Political violence", "event_type": "Explosions/Remote violence", "sub_event_type": "Air/drone strike", "actor1": "Military Forces of Israel (2022-)", "assoc_actor_1": null, "inter1": 8, "actor2": "Civilians (Palestine)", "assoc_actor_2": null, "inter2": 7, "interaction": 78, "civilian_targeting": "Civilian targeting", "iso": 275, "region": "Middle East", "country": "Palestine", "admin1": "Gaza Strip", "admin2": "Rafah", "admin3": null, "location": "Yibna", "latitude": 31.2842, "longitude": 34.2482, "geo_precision": 2, "source": "Palestine News and Information Agency; PLO Negotiations Affairs Department", "source_scale": "Other-National", "notes": "On 22 February 2024, Israeli artillery and tanks shelled targets east of Rafah, coded to Yibna (coded to Yibna, Gaza Strip). Meanwhile, warplanes struck houses in Al Junainah area east of the city. Also, a Palestinian was killed by an airstrike in Al Madakha area east of Rafah.", "fatalities": 1, "tags": null, "timestamp": 1753955113 }, "geometry": { "type": "Point", "coordinates": [ 34.2482, 31.2842 ] } },
{ "type": "Feature", "properties": { "event_id_cnty": "PSE47616", "event_date": "2/22/2024", "year": 2024, "time_precision": 1, "disorder_type": "Political violence", "event_type": "Explosions/Remote violence", "sub_event_type": "Air/drone strike", "actor1": "Military Forces of Israel (2022-)", "assoc_actor_1": null, "inter1": 8, "actor2": "Civilians (Palestine)", "assoc_actor_2": null, "inter2": 7, "interaction": 78, "civilian_targeting": "Civilian targeting", "iso": 275, "region": "Middle East", "country": "Palestine", "admin1": "Gaza Strip", "admin2": "Gaza City", "admin3": null, "location": "Gaza - Az Zaytun", "latitude": 31.4964, "longitude": 34.4522, "geo_precision": 1, "source": "Palestine News and Information Agency", "source_scale": "National", "notes": "On 22 February 2024, Israeli forces launched airstrikes and artillery fire that targeted houses in Gaza - Az Zaytun (Gaza City, Gaza Strip). As a result, 20 Palestinians were killed and dozens were injured.", "fatalities": 20, "tags": null, "timestamp": 1759789988 }, "geometry": { "type": "Point", "coordinates": [ 34.4522, 31.4964 ] } },
{ "type": "Feature", "properties": { "event_id_cnty": "PSE47637", "event_date": "2/22/2024", "year": 2024, "time_precision": 1, "disorder_type": "Political violence", "event_type": "Explosions/Remote violence", "sub_event_type": "Air/drone strike", "actor1": "Military Forces of Israel (2022-)", "assoc_actor_1": null, "inter1": 8, "actor2": "Civilians (Palestine)", "assoc_actor_2": null, "inter2": 7, "interaction": 78, "civilian_targeting": "Civilian targeting", "iso": 275, "region": "Middle East", "country": "Palestine", "admin1": "Gaza Strip", "admin2": "North Gaza", "admin3": null, "location": "Jabalya", "latitude": 31.5272, "longitude": 34.4835, "geo_precision": 1, "source": "Quds News Network; Twitter", "source_scale": "New media-National", "notes": "On 22 February 2024, Israeli warplanes struck 2 houses in Jabalya town (North Gaza, Gaza Strip). Casualties unknown.", "fatalities": 0, "tags": null, "timestamp": 1759789988 }, "geometry": { "type": "Point", "coordinates": [ 34.4835, 31.5272 ] } },
{ "type": "Feature", "properties": { "event_id_cnty": "PSE47610", "event_date": "2/22/2024", "year": 2024, "time_precision": 1, "disorder_type": "Political violence", "event_type": "Explosions/Remote violence", "sub_event_type": "Air/drone strike", "actor1": "Military Forces of Israel (2022-)", "assoc_actor_1": null, "inter1": 8, "actor2": "Civilians (Palestine)", "assoc_actor_2": "Refugees/IDPs (Palestine)", "inter2": 7, "interaction": 78, "civilian_targeting": "Civilian targeting", "iso": 275, "region": "Middle East", "country": "Palestine", "admin1": "Gaza Strip", "admin2": "Rafah", "admin3": null, "location": "Rafah Camp", "latitude": 31.2847, "longitude": 34.2546, "geo_precision": 1, "source": "Palestine News and Information Agency; Quds News Network; Twitter", "source_scale": "New media-National", "notes": "On 22 February 2024, Israeli warplanes struck houses and a mosque in Al Shaboura refugee camp of Mukhayyam Rafah (Rafah Camp, Gaza Strip), injuring a number of Palestinians.", "fatalities": 0, "tags": null, "timestamp": 1753955113 }, "geometry": { "type": "Point", "coordinates": [ 34.2546, 31.2847 ] } },
{ "type": "Feature", "properties": { "event_id_cnty": "PSE47611", "event_date": "2/22/2024", "year": 2024, "time_precision": 1, "disorder_type": "Political violence", "event_type": "Explosions/Remote violence", "sub_event_type": "Air/drone strike", "actor1": "Military Forces of Israel (2022-)", "assoc_actor_1": null, "inter1": 8, "actor2": "Civilians (Palestine)", "assoc_actor_2": "Muslim Group (Palestine)", "inter2": 7, "interaction": 78, "civilian_targeting": "Civilian targeting", "iso": 275, "region": "Middle East", "country": "Palestine", "admin1": "Gaza Strip", "admin2": "Rafah", "admin3": null, "location": "Rafah", "latitude": 31.287, "longitude": 34.2595, "geo_precision": 1, "source": "Newpress; Palestine News and Information Agency; Twitter", "source_scale": "New media-National", "notes": "On 22 February 2024, Israeli warplanes struck houses and a mosque in Rafah city (Rafah, Gaza Strip), killing 7 Palestinians and injuring several of others.", "fatalities": 7, "tags": null, "timestamp": 1762829569 }, "geometry": { "type": "Point", "coordinates": [ 34.2595, 31.287 ] } },
{ "type": "Feature", "properties": { "event_id_cnty": "PSE47615", "event_date": "2/22/2024", "year": 2024, "time_precision": 1, "disorder_type": "Political violence", "event_type": "Explosions/Remote violence", "sub_event_type": "Air/drone strike", "actor1": "Military Forces of Israel (2022-)", "assoc_actor_1": null, "inter1": 8, "actor2": "Civilians (Palestine)", "assoc_actor_2": null, "inter2": 7, "interaction": 78, "civilian_targeting": "Civilian targeting", "iso": 275, "region": "Middle East", "country": "Palestine", "admin1": "Gaza Strip", "admin2": "Khan Yunis", "admin3": null, "location": "Khan Yunis - Jourat Al-Loot", "latitude": 31.3314, "longitude": 34.3004, "geo_precision": 2, "source": "Palestine News and Information Agency", "source_scale": "National", "notes": "On 22 February 2024, Israeli warplanes and artillery struck targets and houses south of Khan Yunis, coded to Khan Yunis - Jourat Al-Loot (Khan Yunis, Gaza Strip). Casualties unknown.", "fatalities": 0, "tags": null, "timestamp": 1753955113 }, "geometry": { "type": "Point", "coordinates": [ 34.3004, 31.3314 ] } },
{ "type": "Feature", "properties": { "event_id_cnty": "PSE47645", "event_date": "2/23/2024", "year": 2024, "time_precision": 1, "disorder_type": "Political violence", "event_type": "Explosions/Remote violence", "sub_event_type": "Air/drone strike", "actor1": "Military Forces of Israel (2022-)", "assoc_actor_1": null, "inter1": 8, "actor2": "Civilians (Palestine)", "assoc_actor_2": null, "inter2": 7, "interaction": 78, "civilian_targeting": "Civilian targeting", "iso": 275, "region": "Middle East", "country": "Palestine", "admin1": "Gaza Strip", "admin2": "Khan Yunis", "admin3": null, "location": "Bani Suheila", "latitude": 31.3424, "longitude": 34.325, "geo_precision": 2, "source": "Palestine News and Information Agency; PLO Negotiations Affairs Department; Quds News Network; Twitter", "source_scale": "Other-New media", "notes": "On 23 February 2024, Israeli artillery and tanks shelled targets east of Khan Yunis, coded to Bani Suheila (Khan Yunis, Gaza Strip). Meanwhile, warplanes struck a group of Palestinians gathered east of the city, killing 9 persons and injuring a number of others.", "fatalities": 9, "tags": null, "timestamp": 1753955113 }, "geometry": { "type": "Point", "coordinates": [ 34.325, 31.3424 ] } },
{ "type": "Feature", "properties": { "event_id_cnty": "PSE47678", "event_date": "2/23/2024", "year": 2024, "time_precision": 1, "disorder_type": "Political violence", "event_type": "Explosions/Remote violence", "sub_event_type": "Air/drone strike", "actor1": "Military Forces of Israel (2022-)", "assoc_actor_1": null, "inter1": 8, "actor2": "Civilians (Palestine)", "assoc_actor_2": null, "inter2": 7, "interaction": 78, "civilian_targeting": "Civilian targeting", "iso": 275, "region": "Middle East", "country": "Palestine", "admin1": "Gaza Strip", "admin2": "Gaza City", "admin3": null, "location": "Gaza", "latitude": 31.5045, "longitude": 34.4743, "geo_precision": 1, "source": "Quds News Network", "source_scale": "National", "notes": "On 23 February 2024, Israeli warplanes struck a group of Palestinians at the Nablusi roundabout in Gaza city (Gaza Strip), killing 15 persons.", "fatalities": 15, "tags": null, "timestamp": 1759789988 }, "geometry": { "type": "Point", "coordinates": [ 34.4743, 31.5045 ] } },
{ "type": "Feature", "properties": { "event_id_cnty": "PSE47658", "event_date": "2/23/2024", "year": 2024, "time_precision": 1, "disorder_type": "Political violence", "event_type": "Explosions/Remote violence", "sub_event_type": "Air/drone strike", "actor1": "Military Forces of Israel (2022-)", "assoc_actor_1": null, "inter1": 8, "actor2": "Civilians (Palestine)", "assoc_actor_2": null, "inter2": 7, "interaction": 78, "civilian_targeting": "Civilian targeting", "iso": 275, "region": "Middle East", "country": "Palestine", "admin1": "Gaza Strip", "admin2": "Deir El Balah", "admin3": null, "location": "Deir al Balah", "latitude": 31.4178, "longitude": 34.3503, "geo_precision": 1, "source": "Ma'an News Agency; Palestine News and Information Agency; Quds News Network; Twitter", "source_scale": "New media-National", "notes": "On 23 February 2024, Israeli warplanes struck a house in Deir al Balah city (Deir El Balah, Gaza Strip), killing 24 Palestinians, including women and children, and injuring a number of others.", "fatalities": 24, "tags": null, "timestamp": 1753955113 }, "geometry": { "type": "Point", "coordinates": [ 34.3503, 31.4178 ] } },
{ "type": "Feature", "properties": { "event_id_cnty": "PSE47659", "event_date": "2/23/2024", "year": 2024, "time_precision": 1, "disorder_type": "Political violence", "event_type": "Explosions/Remote violence", "sub_event_type": "Air/drone strike", "actor1": "Military Forces of Israel (2022-)", "assoc_actor_1": null, "inter1": 8, "actor2": "Civilians (Palestine)", "assoc_actor_2": null, "inter2": 7, "interaction": 78, "civilian_targeting": "Civilian targeting", "iso": 275, "region": "Middle East", "country": "Palestine", "admin1": "Gaza Strip", "admin2": "Deir El Balah", "admin3": null, "location": "Al Maghazi", "latitude": 31.4214, "longitude": 34.3865, "geo_precision": 2, "source": "Newpress; Palestine News and Information Agency; Twitter", "source_scale": "New media-National", "notes": "On 23 February 2024, Israeli warplanes struck a house north of Al Maghazi camp (Deir El Balah, Gaza Strip), injuring a number of Palestinians.", "fatalities": 0, "tags": null, "timestamp": 1753955113 }, "geometry": { "type": "Point", "coordinates": [ 34.3865, 31.4214 ] } },
{ "type": "Feature", "properties": { "event_id_cnty": "PSE47667", "event_date": "2/23/2024", "year": 2024, "time_precision": 1, "disorder_type": "Political violence", "event_type": "Explosions/Remote violence", "sub_event_type": "Air/drone strike", "actor1": "Military Forces of Israel (2022-)", "assoc_actor_1": null, "inter1": 8, "actor2": "Civilians (Palestine)", "assoc_actor_2": "Refugees/IDPs (Palestine)", "inter2": 7, "interaction": 78, "civilian_targeting": "Civilian targeting", "iso": 275, "region": "Middle East", "country": "Palestine", "admin1": "Gaza Strip", "admin2": "Deir El Balah", "admin3": null, "location": "Al Maghazi", "latitude": 31.4214, "longitude": 34.3865, "geo_precision": 1, "source": "Arab 48", "source_scale": "National", "notes": "On 23 February 2024, Israeli warplanes struck a house in Al Maghazi camp (Deir El Balah, Gaza Strip). Casualties unknown.", "fatalities": 0, "tags": null, "timestamp": 1753955113 }, "geometry": { "type": "Point", "coordinates": [ 34.3865, 31.4214 ] } },
{ "type": "Feature", "properties": { "event_id_cnty": "PSE47660", "event_date": "2/23/2024", "year": 2024, "time_precision": 1, "disorder_type": "Political violence", "event_type": "Explosions/Remote violence", "sub_event_type": "Air/drone strike", "actor1": "Military Forces of Israel (2022-)", "assoc_actor_1": null, "inter1": 8, "actor2": "Civilians (Palestine)", "assoc_actor_2": null, "inter2": 7, "interaction": 78, "civilian_targeting": "Civilian targeting", "iso": 275, "region": "Middle East", "country": "Palestine", "admin1": "Gaza Strip", "admin2": "Deir El Balah", "admin3": null, "location": "An Nusayrat - West", "latitude": 31.4525, "longitude": 34.3756, "geo_precision": 1, "source": "Palestine News and Information Agency", "source_scale": "National", "notes": "On 23 February 2024, Israeli warplanes struck a group of Palestinians at the An Nusayrat beach west of An Nusayrat camp (An Nusayrat - West, Deir El Balah, Gaza Strip), injuring a number of persons.", "fatalities": 0, "tags": null, "timestamp": 1753955113 }, "geometry": { "type": "Point", "coordinates": [ 34.3756, 31.4525 ] } },
{ "type": "Feature", "properties": { "event_id_cnty": "PSE47428", "event_date": "2/23/2024", "year": 2024, "time_precision": 1, "disorder_type": "Political violence", "event_type": "Explosions/Remote violence", "sub_event_type": "Shelling/artillery/missile attack", "actor1": "Military Forces of Israel (2022-)", "assoc_actor_1": null, "inter1": 8, "actor2": "Civilians (Palestine)", "assoc_actor_2": "Fishers (Palestine)", "inter2": 7, "interaction": 78, "civilian_targeting": "Civilian targeting", "iso": 275, "region": "Middle East", "country": "Palestine", "admin1": "Gaza Strip", "admin2": "Gaza City", "admin3": null, "location": "Coast of Gaza City", "latitude": 31.5304, "longitude": 34.4215, "geo_precision": 2, "source": "Arab 48", "source_scale": "National", "notes": "On 23 February 2024, Israeli gunboats opened fire toward Palestinian fishers off the Coast of Gaza City (Gaza Strip). Casualties unknown.", "fatalities": 0, "tags": null, "timestamp": 1753955113 }, "geometry": { "type": "Point", "coordinates": [ 34.4215, 31.5304 ] } },
{ "type": "Feature", "properties": { "event_id_cnty": "PSE47646", "event_date": "2/23/2024", "year": 2024, "time_precision": 1, "disorder_type": "Political violence", "event_type": "Explosions/Remote violence", "sub_event_type": "Air/drone strike", "actor1": "Military Forces of Israel (2022-)", "assoc_actor_1": null, "inter1": 8, "actor2": "Civilians (Palestine)", "assoc_actor_2": null, "inter2": 7, "interaction": 78, "civilian_targeting": "Civilian targeting", "iso": 275, "region": "Middle East", "country": "Palestine", "admin1": "Gaza Strip", "admin2": "Rafah", "admin3": null, "location": "Yibna", "latitude": 31.2842, "longitude": 34.2482, "geo_precision": 2, "source": "Palestine News and Information Agency; PLO Negotiations Affairs Department", "source_scale": "Other-National", "notes": "On 23 February 2024, Israeli artillery and tanks shelled targets east of Rafah, coded to Yibna (coded to Yibna, Gaza Strip). Meanwhile, warplanes struck a house east of Rafah, killing 6 persons and number of injuries.", "fatalities": 6, "tags": null, "timestamp": 1753955113 }, "geometry": { "type": "Point", "coordinates": [ 34.2482, 31.2842 ] } },
{ "type": "Feature", "properties": { "event_id_cnty": "PSE47652", "event_date": "2/23/2024", "year": 2024, "time_precision": 1, "disorder_type": "Political violence", "event_type": "Explosions/Remote violence", "sub_event_type": "Air/drone strike", "actor1": "Military Forces of Israel (2022-)", "assoc_actor_1": null, "inter1": 8, "actor2": "Civilians (Palestine)", "assoc_actor_2": "Refugees/IDPs (Palestine)", "inter2": 7, "interaction": 78, "civilian_targeting": "Civilian targeting", "iso": 275, "region": "Middle East", "country": "Palestine", "admin1": "Gaza Strip", "admin2": "Rafah", "admin3": null, "location": "Yibna", "latitude": 31.2842, "longitude": 34.2482, "geo_precision": 1, "source": "Palestine News and Information Agency", "source_scale": "National", "notes": "On 23 February 2024, Israeli warplanes struck a house in the refugee camp of Yibna (Rafah, Gaza Strip), injuring a number of Palestinians.", "fatalities": 0, "tags": null, "timestamp": 1753955113 }, "geometry": { "type": "Point", "coordinates": [ 34.2482, 31.2842 ] } },
{ "type": "Feature", "properties": { "event_id_cnty": "PSE47657", "event_date": "2/23/2024", "year": 2024, "time_precision": 1, "disorder_type": "Political violence", "event_type": "Explosions/Remote violence", "sub_event_type": "Air/drone strike", "actor1": "Military Forces of Israel (2022-)", "assoc_actor_1": null, "inter1": 8, "actor2": "Civilians (Palestine)", "assoc_actor_2": null, "inter2": 7, "interaction": 78, "civilian_targeting": "Civilian targeting", "iso": 275, "region": "Middle East", "country": "Palestine", "admin1": "Gaza Strip", "admin2": "Gaza City", "admin3": null, "location": "Gaza - Az Zaytun", "latitude": 31.4964, "longitude": 34.4522, "geo_precision": 1, "source": "Newpress; Palestine News and Information Agency; Twitter", "source_scale": "New media-National", "notes": "On 23 February 2024, Israeli warplanes carried out airstrikes in Gaza - Az Zaytun (Gaza City, Gaza Strip), injuring an number of Palestinians. Meanwhile, Israeli artillery shelled targets in the same area.", "fatalities": 0, "tags": null, "timestamp": 1759789988 }, "geometry": { "type": "Point", "coordinates": [ 34.4522, 31.4964 ] } },
{ "type": "Feature", "properties": { "event_id_cnty": "PSE47681", "event_date": "2/24/2024", "year": 2024, "time_precision": 1, "disorder_type": "Political violence", "event_type": "Explosions/Remote violence", "sub_event_type": "Air/drone strike", "actor1": "Military Forces of Israel (2022-)", "assoc_actor_1": null, "inter1": 8, "actor2": "Civilians (Palestine)", "assoc_actor_2": null, "inter2": 7, "interaction": 78, "civilian_targeting": "Civilian targeting", "iso": 275, "region": "Middle East", "country": "Palestine", "admin1": "Gaza Strip", "admin2": "Khan Yunis", "admin3": null, "location": "Abasan al Kabirah", "latitude": 31.3191, "longitude": 34.3401, "geo_precision": 2, "source": "Quds News Network; Twitter", "source_scale": "New media-National", "notes": "On 24 February 2024, Israeli warplanes opened fire at Palestinian houses east of Abasan al Kabirah (Khan Yunis, Gaza Strip). Casualties unknown.", "fatalities": 0, "tags": null, "timestamp": 1753955113 }, "geometry": { "type": "Point", "coordinates": [ 34.3401, 31.3191 ] } },
{ "type": "Feature", "properties": { "event_id_cnty": "PSE47714", "event_date": "2/24/2024", "year": 2024, "time_precision": 1, "disorder_type": "Political violence", "event_type": "Explosions/Remote violence", "sub_event_type": "Air/drone strike", "actor1": "Military Forces of Israel (2022-)", "assoc_actor_1": null, "inter1": 8, "actor2": "Civilians (Palestine)", "assoc_actor_2": null, "inter2": 7, "interaction": 78, "civilian_targeting": "Civilian targeting", "iso": 275, "region": "Middle East", "country": "Palestine", "admin1": "Gaza Strip", "admin2": "Khan Yunis", "admin3": null, "location": "Al Mawasi (Khan Yunis)", "latitude": 31.3482, "longitude": 34.2547, "geo_precision": 1, "source": "Newpress; Twitter", "source_scale": "New media-National", "notes": "On 24 February 2024, Israeli UAVs opened fire in Al Mawasi (Khan Yunis), Gaza Strip. As a result, several Palestinians were injured.", "fatalities": 0, "tags": null, "timestamp": 1762829569 }, "geometry": { "type": "Point", "coordinates": [ 34.2547, 31.3482 ] } },
{ "type": "Feature", "properties": { "event_id_cnty": "PSE47850", "event_date": "2/24/2024", "year": 2024, "time_precision": 1, "disorder_type": "Political violence", "event_type": "Explosions/Remote violence", "sub_event_type": "Shelling/artillery/missile attack", "actor1": "Military Forces of Israel (2022-)", "assoc_actor_1": null, "inter1": 8, "actor2": "Civilians (Palestine)", "assoc_actor_2": null, "inter2": 7, "interaction": 78, "civilian_targeting": "Civilian targeting", "iso": 275, "region": "Middle East", "country": "Palestine", "admin1": "Gaza Strip", "admin2": "Gaza City", "admin3": null, "location": "Gaza - Ad Darraj", "latitude": 31.5172, "longitude": 34.4642, "geo_precision": 1, "source": "Palestine News and Information Agency", "source_scale": "National", "notes": "On 24 February 2024, Israeli artillery struck houses in Gaza - Ad Darraj (Gaza City, Gaza Strip), leaving a number of injuries.", "fatalities": 0, "tags": null, "timestamp": 1759789988 }, "geometry": { "type": "Point", "coordinates": [ 34.4642, 31.5172 ] } },
{ "type": "Feature", "properties": { "event_id_cnty": "PSE47982", "event_date": "2/24/2024", "year": 2024, "time_precision": 1, "disorder_type": "Political violence", "event_type": "Explosions/Remote violence", "sub_event_type": "Air/drone strike", "actor1": "Military Forces of Israel (2022-)", "assoc_actor_1": null, "inter1": 8, "actor2": "Civilians (Palestine)", "assoc_actor_2": null, "inter2": 7, "interaction": 78, "civilian_targeting": "Civilian targeting", "iso": 275, "region": "Middle East", "country": "Palestine", "admin1": "Gaza Strip", "admin2": "Khan Yunis", "admin3": null, "location": "Khan Yunis - West (Municipal Stadium)", "latitude": 31.3484, "longitude": 34.2961, "geo_precision": 2, "source": "Palestine News and Information Agency; Quds News Network; Twitter", "source_scale": "New media-National", "notes": "On 24 February 2024, Israeli warplanes opened fire west of Khan Yunis city (coded to Khan Yunis - West (Municipal Stadium), Gaza Strip), killing 2 Palestinians and injuring others. Meanwhile, artillery struck targets in the same area. Total confirmed fatalities were 2.", "fatalities": 2, "tags": null, "timestamp": 1753955113 }, "geometry": { "type": "Point", "coordinates": [ 34.2961, 31.3484 ] } },
{ "type": "Feature", "properties": { "event_id_cnty": "PSE47696", "event_date": "2/24/2024", "year": 2024, "time_precision": 1, "disorder_type": "Political violence", "event_type": "Explosions/Remote violence", "sub_event_type": "Air/drone strike", "actor1": "Military Forces of Israel (2022-)", "assoc_actor_1": null, "inter1": 8, "actor2": "Civilians (Palestine)", "assoc_actor_2": "Refugees/IDPs (Palestine)", "inter2": 7, "interaction": 78, "civilian_targeting": "Civilian targeting", "iso": 275, "region": "Middle East", "country": "Palestine", "admin1": "Gaza Strip", "admin2": "Deir El Balah", "admin3": null, "location": "Al Burayj", "latitude": 31.4394, "longitude": 34.4031, "geo_precision": 1, "source": "Palestine News and Information Agency", "source_scale": "National", "notes": "On 24 February 2024, Israeli warplanes struck houses in Al Burayj refugee camp (Deir El Balah, Gaza Strip). Casualties unknown.", "fatalities": 0, "tags": null, "timestamp": 1753955113 }, "geometry": { "type": "Point", "coordinates": [ 34.4031, 31.4394 ] } },
{ "type": "Feature", "properties": { "event_id_cnty": "PSE47713", "event_date": "2/24/2024", "year": 2024, "time_precision": 1, "disorder_type": "Political violence", "event_type": "Explosions/Remote violence", "sub_event_type": "Air/drone strike", "actor1": "Military Forces of Israel (2022-)", "assoc_actor_1": null, "inter1": 8, "actor2": "Civilians (Palestine)", "assoc_actor_2": "Refugees/IDPs (Palestine)", "inter2": 7, "interaction": 78, "civilian_targeting": "Civilian targeting", "iso": 275, "region": "Middle East", "country": "Palestine", "admin1": "Gaza Strip", "admin2": "Deir El Balah", "admin3": null, "location": "Al Maghazi", "latitude": 31.4214, "longitude": 34.3865, "geo_precision": 1, "source": "Palestine News and Information Agency", "source_scale": "National", "notes": "On 24 February 2024, Israeli warplanes struck a house in Al Maghazi refugee camp (Deir El Balah, Gaza Strip), injuring a number of Palestinians, most of them children.", "fatalities": 0, "tags": null, "timestamp": 1753955113 }, "geometry": { "type": "Point", "coordinates": [ 34.3865, 31.4214 ] } },
{ "type": "Feature", "properties": { "event_id_cnty": "PSE47750", "event_date": "2/24/2024", "year": 2024, "time_precision": 1, "disorder_type": "Political violence", "event_type": "Explosions/Remote violence", "sub_event_type": "Air/drone strike", "actor1": "Military Forces of Israel (2022-)", "assoc_actor_1": null, "inter1": 8, "actor2": "Civilians (Palestine)", "assoc_actor_2": "Refugees/IDPs (Palestine)", "inter2": 7, "interaction": 78, "civilian_targeting": "Civilian targeting", "iso": 275, "region": "Middle East", "country": "Palestine", "admin1": "Gaza Strip", "admin2": "Deir El Balah", "admin3": null, "location": "An Nusayrat", "latitude": 31.4486, "longitude": 34.3925, "geo_precision": 1, "source": "Palestine News and Information Agency", "source_scale": "National", "notes": "On 24 February 2024, Israeli warplanes struck houses in An Nusayrat refugee camp (Deir El Balah, Gaza Strip), leaving 6 fatalities and a number of injuries.", "fatalities": 6, "tags": null, "timestamp": 1753955113 }, "geometry": { "type": "Point", "coordinates": [ 34.3925, 31.4486 ] } },
{ "type": "Feature", "properties": { "event_id_cnty": "PSE47771", "event_date": "2/24/2024", "year": 2024, "time_precision": 1, "disorder_type": "Political violence", "event_type": "Explosions/Remote violence", "sub_event_type": "Air/drone strike", "actor1": "Military Forces of Israel (2022-)", "assoc_actor_1": null, "inter1": 8, "actor2": "Civilians (Palestine)", "assoc_actor_2": "Muslim Group (Palestine)", "inter2": 7, "interaction": 78, "civilian_targeting": "Civilian targeting", "iso": 275, "region": "Middle East", "country": "Palestine", "admin1": "Gaza Strip", "admin2": "Deir El Balah", "admin3": null, "location": "Az Zawayda", "latitude": 31.4284, "longitude": 34.366, "geo_precision": 1, "source": "Al Ghad (Jordan); Arab 48; Quds News Network; Twitter", "source_scale": "New media-National", "notes": "On 24 February 2024, Israeli warplanes struck a mosque in Az Zawayda town (Deir El Balah, Gaza Strip), killing a Palestinian child and injuring others.", "fatalities": 1, "tags": null, "timestamp": 1767742780 }, "geometry": { "type": "Point", "coordinates": [ 34.366, 31.4284 ] } },
{ "type": "Feature", "properties": { "event_id_cnty": "PSE47835", "event_date": "2/24/2024", "year": 2024, "time_precision": 1, "disorder_type": "Political violence", "event_type": "Explosions/Remote violence", "sub_event_type": "Air/drone strike", "actor1": "Military Forces of Israel (2022-)", "assoc_actor_1": null, "inter1": 8, "actor2": "Civilians (Palestine)", "assoc_actor_2": null, "inter2": 7, "interaction": 78, "civilian_targeting": "Civilian targeting", "iso": 275, "region": "Middle East", "country": "Palestine", "admin1": "Gaza Strip", "admin2": "Deir El Balah", "admin3": null, "location": "Deir al Balah", "latitude": 31.4178, "longitude": 34.3503, "geo_precision": 1, "source": "Palestine News and Information Agency", "source_scale": "National", "notes": "On 24 February 2024, Israeli warplanes struck houses in Deir al Balah city (Deir El Balah, Gaza Strip). Casualties unknown.", "fatalities": 0, "tags": null, "timestamp": 1753955113 }, "geometry": { "type": "Point", "coordinates": [ 34.3503, 31.4178 ] } },
{ "type": "Feature", "properties": { "event_id_cnty": "PSE47804", "event_date": "2/24/2024", "year": 2024, "time_precision": 1, "disorder_type": "Political violence", "event_type": "Explosions/Remote violence", "sub_event_type": "Air/drone strike", "actor1": "Military Forces of Israel (2022-)", "assoc_actor_1": null, "inter1": 8, "actor2": "Civilians (Palestine)", "assoc_actor_2": null, "inter2": 7, "interaction": 78, "civilian_targeting": "Civilian targeting", "iso": 275, "region": "Middle East", "country": "Palestine", "admin1": "Gaza Strip", "admin2": "North Gaza", "admin3": null, "location": "Beit Lahiya", "latitude": 31.5541, "longitude": 34.5016, "geo_precision": 2, "source": "Palestine News and Information Agency; Quds News Network; Twitter", "source_scale": "New media-National", "notes": "On 24 February 2024, Israeli warplanes struck a house in Beit Lahiya (North Gaza, Gaza Strip), killing at least 2 Palestinians and injuring a number of others.", "fatalities": 2, "tags": null, "timestamp": 1753955113 }, "geometry": { "type": "Point", "coordinates": [ 34.5016, 31.5541 ] } },
{ "type": "Feature", "properties": { "event_id_cnty": "PSE48052", "event_date": "2/24/2024", "year": 2024, "time_precision": 1, "disorder_type": "Political violence", "event_type": "Explosions/Remote violence", "sub_event_type": "Air/drone strike", "actor1": "Military Forces of Israel (2022-)", "assoc_actor_1": null, "inter1": 8, "actor2": "Civilians (Palestine)", "assoc_actor_2": null, "inter2": 7, "interaction": 78, "civilian_targeting": "Civilian targeting", "iso": 275, "region": "Middle East", "country": "Palestine", "admin1": "Gaza Strip", "admin2": "Rafah", "admin3": null, "location": "Shokat as Sufi", "latitude": 31.2586, "longitude": 34.2824, "geo_precision": 2, "source": "Newpress; Palestine News and Information Agency; Quds News Network; Twitter", "source_scale": "New media-National", "notes": "On 24 February 2024, Israeli warplanes struck areas near the border with Egypt south of Rafah, coded to Shokat as Sufi (Rafah, Gaza Strip). Also, an airstrike targeted a house in the same area. Casualties unknown.", "fatalities": 0, "tags": null, "timestamp": 1753955113 }, "geometry": { "type": "Point", "coordinates": [ 34.2824, 31.2586 ] } },
{ "type": "Feature", "properties": { "event_id_cnty": "PSE47888", "event_date": "2/24/2024", "year": 2024, "time_precision": 1, "disorder_type": "Political violence", "event_type": "Explosions/Remote violence", "sub_event_type": "Shelling/artillery/missile attack", "actor1": "Military Forces of Israel (2022-)", "assoc_actor_1": null, "inter1": 8, "actor2": "Civilians (Palestine)", "assoc_actor_2": null, "inter2": 7, "interaction": 78, "civilian_targeting": "Civilian targeting", "iso": 275, "region": "Middle East", "country": "Palestine", "admin1": "Gaza Strip", "admin2": "Gaza City", "admin3": null, "location": "Gaza - Sabra", "latitude": 31.5086, "longitude": 34.4493, "geo_precision": 1, "source": "Palestine News and Information Agency", "source_scale": "National", "notes": "On 24 February 2024, Israeli artillery struck houses in Gaza - Sabra (Gaza City, Gaza Strip), leaving a number of injuries.", "fatalities": 0, "tags": null, "timestamp": 1759790002 }, "geometry": { "type": "Point", "coordinates": [ 34.4493, 31.5086 ] } },
{ "type": "Feature", "properties": { "event_id_cnty": "PSE47883", "event_date": "2/24/2024", "year": 2024, "time_precision": 1, "disorder_type": "Political violence", "event_type": "Explosions/Remote violence", "sub_event_type": "Air/drone strike", "actor1": "Military Forces of Israel (2022-)", "assoc_actor_1": null, "inter1": 8, "actor2": "Civilians (Palestine)", "assoc_actor_2": "Refugees/IDPs (Palestine)", "inter2": 7, "interaction": 78, "civilian_targeting": "Civilian targeting", "iso": 275, "region": "Middle East", "country": "Palestine", "admin1": "Gaza Strip", "admin2": "Gaza City", "admin3": null, "location": "Gaza - Ash Shati' Camp", "latitude": 31.5349, "longitude": 34.4466, "geo_precision": 1, "source": "Ma'an News Agency; Newpress; Palestine News and Information Agency; Quds News Network; Twitter", "source_scale": "New media-National", "notes": "On 24 February 2024, Israeli warplanes struck a group of Palestinians gathered in Gaza - Ash Shati' Camp (Gaza City, Gaza Strip), leaving 2 fatalities and 4 injuries.", "fatalities": 2, "tags": null, "timestamp": 1759789988 }, "geometry": { "type": "Point", "coordinates": [ 34.4466, 31.5349 ] } },
{ "type": "Feature", "properties": { "event_id_cnty": "PSE47830", "event_date": "2/24/2024", "year": 2024, "time_precision": 1, "disorder_type": "Political violence", "event_type": "Explosions/Remote violence", "sub_event_type": "Shelling/artillery/missile attack", "actor1": "Military Forces of Israel (2022-)", "assoc_actor_1": null, "inter1": 8, "actor2": "Civilians (Palestine)", "assoc_actor_2": "Fishers (Palestine)", "inter2": 7, "interaction": 78, "civilian_targeting": "Civilian targeting", "iso": 275, "region": "Middle East", "country": "Palestine", "admin1": "Gaza Strip", "admin2": null, "admin3": null, "location": "Coast of Gaza Strip", "latitude": 31.5032, "longitude": 34.2877, "geo_precision": 3, "source": "Quds News Network; Twitter", "source_scale": "New media-National", "notes": "On 24 February 2024, Israeli gunboats opened fire toward Palestinian fishers off the Coast of Gaza Strip. Casualties unknown.", "fatalities": 0, "tags": null, "timestamp": 1753955113 }, "geometry": { "type": "Point", "coordinates": [ 34.2877, 31.5032 ] } },
{ "type": "Feature", "properties": { "event_id_cnty": "PSE47859", "event_date": "2/24/2024", "year": 2024, "time_precision": 1, "disorder_type": "Political violence", "event_type": "Explosions/Remote violence", "sub_event_type": "Air/drone strike", "actor1": "Military Forces of Israel (2022-)", "assoc_actor_1": null, "inter1": 8, "actor2": "Civilians (Palestine)", "assoc_actor_2": null, "inter2": 7, "interaction": 78, "civilian_targeting": "Civilian targeting", "iso": 275, "region": "Middle East", "country": "Palestine", "admin1": "Gaza Strip", "admin2": "Gaza City", "admin3": null, "location": "Gaza - At Turukman", "latitude": 31.4864, "longitude": 34.4738, "geo_precision": 2, "source": "Ma'an News Agency; Newpress; Palestine News and Information Agency; Quds News Network; Twitter", "source_scale": "New media-National", "notes": "On 24 February 2024, Israeli warplanes struck a group of Palestinians gathered near a medical center hosting displaced Palestinians southeast of Gaza City, coded to Gaza - At Turukman (Gaza City, Gaza Strip), leaving at least 9 injuries.", "fatalities": 0, "tags": null, "timestamp": 1762292062 }, "geometry": { "type": "Point", "coordinates": [ 34.4738, 31.4864 ] } },
{ "type": "Feature", "properties": { "event_id_cnty": "PSE48078", "event_date": "2/24/2024", "year": 2024, "time_precision": 1, "disorder_type": "Political violence", "event_type": "Explosions/Remote violence", "sub_event_type": "Air/drone strike", "actor1": "Military Forces of Israel (2022-)", "assoc_actor_1": null, "inter1": 8, "actor2": "Civilians (Palestine)", "assoc_actor_2": null, "inter2": 7, "interaction": 78, "civilian_targeting": "Civilian targeting", "iso": 275, "region": "Middle East", "country": "Palestine", "admin1": "Gaza Strip", "admin2": "Rafah", "admin3": null, "location": "Yibna", "latitude": 31.2842, "longitude": 34.2482, "geo_precision": 2, "source": "Palestine News and Information Agency; PLO Negotiations Affairs Department; Quds News Network; Twitter", "source_scale": "Other-New media", "notes": "On 24 February 2024, Israeli artillery and tanks shelled targets east of Rafah, coded to Yibna (Rafah, Gaza Strip). Meanwhile, warplanes struck 2 houses east of Rafah, killing 5 Palestinians and injuring others.", "fatalities": 5, "tags": null, "timestamp": 1753955113 }, "geometry": { "type": "Point", "coordinates": [ 34.2482, 31.2842 ] } },
{ "type": "Feature", "properties": { "event_id_cnty": "PSE47860", "event_date": "2/24/2024", "year": 2024, "time_precision": 1, "disorder_type": "Political violence", "event_type": "Explosions/Remote violence", "sub_event_type": "Air/drone strike", "actor1": "Military Forces of Israel (2022-)", "assoc_actor_1": null, "inter1": 8, "actor2": "Civilians (Palestine)", "assoc_actor_2": null, "inter2": 7, "interaction": 78, "civilian_targeting": "Civilian targeting", "iso": 275, "region": "Middle East", "country": "Palestine", "admin1": "Gaza Strip", "admin2": "Gaza City", "admin3": null, "location": "Gaza - Az Zaytun", "latitude": 31.4964, "longitude": 34.4522, "geo_precision": 1, "source": "Palestine News and Information Agency; Quds News Network; Twitter", "source_scale": "New media-National", "notes": "On 24 February 2024, Israeli warplanes struck houses in Gaza - Az Zaytun (Gaza City, Gaza Strip), killing an unspecified number of Palestinians. Unspecified number of fatalities coded as 3.", "fatalities": 3, "tags": null, "timestamp": 1759789988 }, "geometry": { "type": "Point", "coordinates": [ 34.4522, 31.4964 ] } },
{ "type": "Feature", "properties": { "event_id_cnty": "PSE47906", "event_date": "2/24/2024", "year": 2024, "time_precision": 1, "disorder_type": "Political violence", "event_type": "Explosions/Remote violence", "sub_event_type": "Shelling/artillery/missile attack", "actor1": "Military Forces of Israel (2022-)", "assoc_actor_1": null, "inter1": 8, "actor2": "Civilians (Palestine)", "assoc_actor_2": null, "inter2": 7, "interaction": 78, "civilian_targeting": "Civilian targeting", "iso": 275, "region": "Middle East", "country": "Palestine", "admin1": "Gaza Strip", "admin2": "Gaza City", "admin3": null, "location": "Gaza - Tal el Hawa", "latitude": 31.5041, "longitude": 34.435, "geo_precision": 1, "source": "Palestine News and Information Agency", "source_scale": "National", "notes": "On 24 February 2024, Israeli artillery struck houses in Gaza - Tal el Hawa (Gaza City, Gaza Strip), leaving a number of injuries.", "fatalities": 0, "tags": null, "timestamp": 1759790002 }, "geometry": { "type": "Point", "coordinates": [ 34.435, 31.5041 ] } },
{ "type": "Feature", "properties": { "event_id_cnty": "PSE48040", "event_date": "2/24/2024", "year": 2024, "time_precision": 1, "disorder_type": "Political violence", "event_type": "Explosions/Remote violence", "sub_event_type": "Air/drone strike", "actor1": "Military Forces of Israel (2022-)", "assoc_actor_1": null, "inter1": 8, "actor2": "Civilians (Palestine)", "assoc_actor_2": "Refugees/IDPs (Palestine)", "inter2": 7, "interaction": 78, "civilian_targeting": "Civilian targeting", "iso": 275, "region": "Middle East", "country": "Palestine", "admin1": "Gaza Strip", "admin2": "Rafah", "admin3": null, "location": "Rafah", "latitude": 31.287, "longitude": 34.2595, "geo_precision": 1, "source": "Al Ghad (Jordan); Palestine News and Information Agency; Quds News Network; Twitter", "source_scale": "New media-National", "notes": "On 24 February 2024, Israeli warplanes struck a house hosting displaced families in Rafah city (Rafah, Gaza Strip), leaving 8 fatalities and a number of injuries, including children.", "fatalities": 8, "tags": null, "timestamp": 1762829569 }, "geometry": { "type": "Point", "coordinates": [ 34.2595, 31.287 ] } },
{ "type": "Feature", "properties": { "event_id_cnty": "PSE47733", "event_date": "2/25/2024", "year": 2024, "time_precision": 1, "disorder_type": "Political violence", "event_type": "Explosions/Remote violence", "sub_event_type": "Shelling/artillery/missile attack", "actor1": "Military Forces of Israel (2022-)", "assoc_actor_1": null, "inter1": 8, "actor2": "Civilians (Palestine)", "assoc_actor_2": null, "inter2": 7, "interaction": 78, "civilian_targeting": "Civilian targeting", "iso": 275, "region": "Middle East", "country": "Palestine", "admin1": "Gaza Strip", "admin2": "Khan Yunis", "admin3": null, "location": "Al Qararah", "latitude": 31.3739, "longitude": 34.3409, "geo_precision": 1, "source": "Palestine News and Information Agency; Quds News Network; Twitter", "source_scale": "New media-National", "notes": "On 25 February 2024, one Palestinian was killed in Al Qararah (Khan Yunis, Gaza Strip), likely by Israeli artillery and tank fire.", "fatalities": 1, "tags": null, "timestamp": 1753955113 }, "geometry": { "type": "Point", "coordinates": [ 34.3409, 31.3739 ] } },
{ "type": "Feature", "properties": { "event_id_cnty": "PSE47896", "event_date": "2/25/2024", "year": 2024, "time_precision": 1, "disorder_type": "Political violence", "event_type": "Explosions/Remote violence", "sub_event_type": "Air/drone strike", "actor1": "Military Forces of Israel (2022-)", "assoc_actor_1": null, "inter1": 8, "actor2": "Civilians (Palestine)", "assoc_actor_2": null, "inter2": 7, "interaction": 78, "civilian_targeting": "Civilian targeting", "iso": 275, "region": "Middle East", "country": "Palestine", "admin1": "Gaza Strip", "admin2": "Gaza City", "admin3": null, "location": "Gaza - Shujaiyya", "latitude": 31.4988, "longitude": 34.4699, "geo_precision": 2, "source": "Palestine News and Information Agency; PLO Negotiations Affairs Department; Quds News Network; Twitter", "source_scale": "Other-New media", "notes": "On 25 February 2024, Israeli warplanes opened fire and struck a house in Al Shaaf area east of Gaza City, coded to Gaza - Shujaiyya (Gaza City, Gaza Strip), killing a Palestinian and injuring others. Also, artillery and tanks struck targets east of the city. Confirmed fatalities 1.", "fatalities": 1, "tags": null, "timestamp": 1759790002 }, "geometry": { "type": "Point", "coordinates": [ 34.4699, 31.4988 ] } },
{ "type": "Feature", "properties": { "event_id_cnty": "PSE47897", "event_date": "2/25/2024", "year": 2024, "time_precision": 1, "disorder_type": "Political violence", "event_type": "Explosions/Remote violence", "sub_event_type": "Air/drone strike", "actor1": "Military Forces of Israel (2022-)", "assoc_actor_1": null, "inter1": 8, "actor2": "Civilians (Palestine)", "assoc_actor_2": null, "inter2": 7, "interaction": 78, "civilian_targeting": "Civilian targeting", "iso": 275, "region": "Middle East", "country": "Palestine", "admin1": "Gaza Strip", "admin2": "Gaza City", "admin3": null, "location": "Gaza - Shujaiyya", "latitude": 31.4988, "longitude": 34.4699, "geo_precision": 1, "source": "Arab 48; Newpress; Twitter", "source_scale": "New media-National", "notes": "On 25 February 2024, Israeli warplanes struck the Gaza - Shujaiyya (Gaza City, Gaza Strip), killing a Palestinian and injuring others.", "fatalities": 1, "tags": null, "timestamp": 1759790002 }, "geometry": { "type": "Point", "coordinates": [ 34.4699, 31.4988 ] } },
{ "type": "Feature", "properties": { "event_id_cnty": "PSE47977", "event_date": "2/25/2024", "year": 2024, "time_precision": 1, "disorder_type": "Political violence", "event_type": "Explosions/Remote violence", "sub_event_type": "Shelling/artillery/missile attack", "actor1": "Military Forces of Israel (2022-)", "assoc_actor_1": null, "inter1": 8, "actor2": "Civilians (Palestine)", "assoc_actor_2": null, "inter2": 7, "interaction": 78, "civilian_targeting": "Civilian targeting", "iso": 275, "region": "Middle East", "country": "Palestine", "admin1": "Gaza Strip", "admin2": "Khan Yunis", "admin3": null, "location": "Khan Yunis - As Sater", "latitude": 31.3637, "longitude": 34.3228, "geo_precision": 1, "source": "Palestine News and Information Agency; Quds News Network; Twitter", "source_scale": "New media-National", "notes": "On 25 February 2024, 8 Palestinians were killed in Khan Yunis - As Sater (Khan Yunis, Gaza Strip), likely by Israeli artillery and tank fire.", "fatalities": 8, "tags": null, "timestamp": 1753955113 }, "geometry": { "type": "Point", "coordinates": [ 34.3228, 31.3637 ] } },
{ "type": "Feature", "properties": { "event_id_cnty": "PSE47983", "event_date": "2/25/2024", "year": 2024, "time_precision": 1, "disorder_type": "Political violence", "event_type": "Explosions/Remote violence", "sub_event_type": "Air/drone strike", "actor1": "Military Forces of Israel (2022-)", "assoc_actor_1": null, "inter1": 8, "actor2": "Civilians (Palestine)", "assoc_actor_2": "Refugees/IDPs (Palestine)", "inter2": 7, "interaction": 78, "civilian_targeting": "Civilian targeting", "iso": 275, "region": "Middle East", "country": "Palestine", "admin1": "Gaza Strip", "admin2": "Khan Yunis", "admin3": null, "location": "Khan Yunis - West (Municipal Stadium)", "latitude": 31.3484, "longitude": 34.2961, "geo_precision": 1, "source": "Arab 48; Newpress; Palestine News and Information Agency; Quds News Network; Twitter", "source_scale": "New media-National", "notes": "On 25 February 2024, Israeli warplanes opened fire at Palestinian houses in Khan Yunis camp and artillery struck targets west of Khan Yunis city (coded to Khan Yunis - West (Municipal Stadium), Gaza Strip), leaving an unspecified number of fatalities and injuries. At least 5 fatalities were confirmed.", "fatalities": 5, "tags": null, "timestamp": 1753955113 }, "geometry": { "type": "Point", "coordinates": [ 34.2961, 31.3484 ] } },
{ "type": "Feature", "properties": { "event_id_cnty": "PSE47751", "event_date": "2/25/2024", "year": 2024, "time_precision": 1, "disorder_type": "Political violence", "event_type": "Explosions/Remote violence", "sub_event_type": "Air/drone strike", "actor1": "Military Forces of Israel (2022-)", "assoc_actor_1": null, "inter1": 8, "actor2": "Civilians (Palestine)", "assoc_actor_2": null, "inter2": 7, "interaction": 78, "civilian_targeting": "Civilian targeting", "iso": 275, "region": "Middle East", "country": "Palestine", "admin1": "Gaza Strip", "admin2": "Deir El Balah", "admin3": null, "location": "An Nusayrat - West", "latitude": 31.4525, "longitude": 34.3756, "geo_precision": 1, "source": "Arab 48; Quds News Network; Twitter", "source_scale": "New media-National", "notes": "On 25 February 2024, Israeli artillery shelled west of An Nusayrat camp (An Nusayrat - West, Deir El Balah, Gaza Strip). Meanwhile, warplanes struck a house in the same area. Casualties unknown.", "fatalities": 0, "tags": null, "timestamp": 1753955113 }, "geometry": { "type": "Point", "coordinates": [ 34.3756, 31.4525 ] } },
{ "type": "Feature", "properties": { "event_id_cnty": "PSE47805", "event_date": "2/25/2024", "year": 2024, "time_precision": 1, "disorder_type": "Political violence", "event_type": "Explosions/Remote violence", "sub_event_type": "Shelling/artillery/missile attack", "actor1": "Military Forces of Israel (2022-)", "assoc_actor_1": null, "inter1": 8, "actor2": "Civilians (Palestine)", "assoc_actor_2": null, "inter2": 7, "interaction": 78, "civilian_targeting": "Civilian targeting", "iso": 275, "region": "Middle East", "country": "Palestine", "admin1": "Gaza Strip", "admin2": "North Gaza", "admin3": null, "location": "Beit Lahiya", "latitude": 31.5541, "longitude": 34.5016, "geo_precision": 2, "source": "Palestine News and Information Agency", "source_scale": "National", "notes": "On 25 February 2024, Israeli artillery struck a group of Palestinians who were trying to reach agricultural lands north of Beit Lahiya (North Gaza, Gaza Strip), killing 2 persons.", "fatalities": 2, "tags": null, "timestamp": 1753955113 }, "geometry": { "type": "Point", "coordinates": [ 34.5016, 31.5541 ] } },
{ "type": "Feature", "properties": { "event_id_cnty": "PSE47889", "event_date": "2/25/2024", "year": 2024, "time_precision": 1, "disorder_type": "Political violence", "event_type": "Explosions/Remote violence", "sub_event_type": "Air/drone strike", "actor1": "Military Forces of Israel (2022-)", "assoc_actor_1": null, "inter1": 8, "actor2": "Civilians (Palestine)", "assoc_actor_2": null, "inter2": 7, "interaction": 78, "civilian_targeting": "Civilian targeting", "iso": 275, "region": "Middle East", "country": "Palestine", "admin1": "Gaza Strip", "admin2": "Gaza City", "admin3": null, "location": "Gaza - Sabra", "latitude": 31.5086, "longitude": 34.4493, "geo_precision": 1, "source": "Palestine News and Information Agency; Quds News Network; Twitter", "source_scale": "New media-National", "notes": "On 25 February 2024, Israeli warplanes struck a house in Gaza - Sabra (Gaza City, Gaza Strip), killing 3 Palestinians and injuring a number of others.", "fatalities": 3, "tags": null, "timestamp": 1759790002 }, "geometry": { "type": "Point", "coordinates": [ 34.4493, 31.5086 ] } },
{ "type": "Feature", "properties": { "event_id_cnty": "PSE47884", "event_date": "2/25/2024", "year": 2024, "time_precision": 1, "disorder_type": "Political violence", "event_type": "Explosions/Remote violence", "sub_event_type": "Air/drone strike", "actor1": "Military Forces of Israel (2022-)", "assoc_actor_1": null, "inter1": 8, "actor2": "Civilians (Palestine)", "assoc_actor_2": "Journalists (Palestine); Refugees/IDPs (Palestine)", "inter2": 7, "interaction": 78, "civilian_targeting": "Civilian targeting", "iso": 275, "region": "Middle East", "country": "Palestine", "admin1": "Gaza Strip", "admin2": "Gaza City", "admin3": null, "location": "Gaza - Ash Shati' Camp", "latitude": 31.5349, "longitude": 34.4466, "geo_precision": 1, "source": "Quds News Network; Twitter", "source_scale": "New media-National", "notes": "On 25 February 2024, Israeli warplanes struck targets in Gaza - Ash Shati' Camp (Gaza City, Gaza Strip), killing a Palestinian journalist.", "fatalities": 1, "tags": null, "timestamp": 1759789988 }, "geometry": { "type": "Point", "coordinates": [ 34.4466, 31.5349 ] } },
{ "type": "Feature", "properties": { "event_id_cnty": "PSE47749", "event_date": "2/25/2024", "year": 2024, "time_precision": 1, "disorder_type": "Political violence", "event_type": "Explosions/Remote violence", "sub_event_type": "Air/drone strike", "actor1": "Military Forces of Israel (2022-)", "assoc_actor_1": null, "inter1": 8, "actor2": "Civilians (Palestine)", "assoc_actor_2": null, "inter2": 7, "interaction": 78, "civilian_targeting": "Civilian targeting", "iso": 275, "region": "Middle East", "country": "Palestine", "admin1": "Gaza Strip", "admin2": "Rafah", "admin3": null, "location": "An Nasr", "latitude": 31.2814, "longitude": 34.3025, "geo_precision": 1, "source": "Quds News Network; Twitter", "source_scale": "New media-National", "notes": "On 25 February 2024, Israeli warplanes struck a house in An Nasr (Rafah, Gaza Strip), leaving an unspecified number of fatalities. Unspecified number of fatalities coded as 3.", "fatalities": 3, "tags": null, "timestamp": 1753955113 }, "geometry": { "type": "Point", "coordinates": [ 34.3025, 31.2814 ] } },
{ "type": "Feature", "properties": { "event_id_cnty": "PSE47892", "event_date": "2/25/2024", "year": 2024, "time_precision": 1, "disorder_type": "Political violence", "event_type": "Explosions/Remote violence", "sub_event_type": "Air/drone strike", "actor1": "Military Forces of Israel (2022-)", "assoc_actor_1": null, "inter1": 8, "actor2": "Civilians (Palestine)", "assoc_actor_2": null, "inter2": 7, "interaction": 78, "civilian_targeting": "Civilian targeting", "iso": 275, "region": "Middle East", "country": "Palestine", "admin1": "Gaza Strip", "admin2": "Gaza City", "admin3": null, "location": "Gaza - Sheikh Radwan", "latitude": 31.5349, "longitude": 34.4667, "geo_precision": 1, "source": "Quds News Network; Twitter", "source_scale": "New media-National", "notes": "On 25 February 2024, Israeli warplanes struck a gathering in front of a medical center in Gaza - Sheikh Radwan (Gaza City, Gaza Strip), leaving an unspecified number of fatalities and injuries. Also, warplanes struck a house in the same area, with no fatalities. Unspecified number of fatalities coded as 3.", "fatalities": 3, "tags": null, "timestamp": 1759790002 }, "geometry": { "type": "Point", "coordinates": [ 34.4667, 31.5349 ] } },
{ "type": "Feature", "properties": { "event_id_cnty": "PSE47865", "event_date": "2/25/2024", "year": 2024, "time_precision": 1, "disorder_type": "Political violence", "event_type": "Explosions/Remote violence", "sub_event_type": "Air/drone strike", "actor1": "Military Forces of Israel (2022-)", "assoc_actor_1": null, "inter1": 8, "actor2": "Civilians (Palestine)", "assoc_actor_2": null, "inter2": 7, "interaction": 78, "civilian_targeting": "Civilian targeting", "iso": 275, "region": "Middle East", "country": "Palestine", "admin1": "Gaza Strip", "admin2": "Gaza City", "admin3": null, "location": "Gaza - Az Zaytun", "latitude": 31.4964, "longitude": 34.4522, "geo_precision": 1, "source": "Liveuamap; Newpress; Palestine News and Information Agency; Quds News Network; Twitter", "source_scale": "Local partner-New media", "notes": "On 25 February 2024, Israeli warplanes opened fire and artillery struck houses in Gaza - Az Zaytun (Gaza City, Gaza Strip), killing at least 10 Palestinians in Az Zaytoun and Sabra and injuring more than 50 persons. At least 7 fatalities were coded to Az Zaytoun. Also, at least 15 persons were killed by an airstrike targeted a house in the same area. Total fatalities were at least 22.", "fatalities": 22, "tags": null, "timestamp": 1759789988 }, "geometry": { "type": "Point", "coordinates": [ 34.4522, 31.4964 ] } },
{ "type": "Feature", "properties": { "event_id_cnty": "PSE47931", "event_date": "2/25/2024", "year": 2024, "time_precision": 1, "disorder_type": "Political violence", "event_type": "Explosions/Remote violence", "sub_event_type": "Air/drone strike", "actor1": "Military Forces of Israel (2022-)", "assoc_actor_1": null, "inter1": 8, "actor2": "Civilians (Palestine)", "assoc_actor_2": null, "inter2": 7, "interaction": 78, "civilian_targeting": "Civilian targeting", "iso": 275, "region": "Middle East", "country": "Palestine", "admin1": "Gaza Strip", "admin2": "North Gaza", "admin3": null, "location": "Jabalya", "latitude": 31.5272, "longitude": 34.4835, "geo_precision": 1, "source": "Arab 48; Liveuamap; Quds News Network; Twitter", "source_scale": "Local partner-New media", "notes": "On 25 February 2024, Israeli warplanes struck a house in Al Zarqa of Jabalya town (North Gaza, Gaza Strip). Casualties unknown.", "fatalities": 0, "tags": null, "timestamp": 1759790002 }, "geometry": { "type": "Point", "coordinates": [ 34.4835, 31.5272 ] } },
{ "type": "Feature", "properties": { "event_id_cnty": "PSE48057", "event_date": "2/25/2024", "year": 2024, "time_precision": 1, "disorder_type": "Political violence", "event_type": "Explosions/Remote violence", "sub_event_type": "Air/drone strike", "actor1": "Military Forces of Israel (2022-)", "assoc_actor_1": null, "inter1": 8, "actor2": "Civilians (Palestine)", "assoc_actor_2": null, "inter2": 7, "interaction": 78, "civilian_targeting": "Civilian targeting", "iso": 275, "region": "Middle East", "country": "Palestine", "admin1": "Gaza Strip", "admin2": "Rafah", "admin3": null, "location": "Khirbet al Adas", "latitude": 31.2855, "longitude": 34.2714, "geo_precision": 2, "source": "Palestine News and Information Agency; Quds News Network; Twitter", "source_scale": "New media-National", "notes": "On 25 February 2024, Israeli warplanes struck a house north of Rafah city, coded to Khirbet al Adas (Rafah, Gaza Strip), killing 3 Palestinians including a child and a woman, and injuring a number of others.", "fatalities": 3, "tags": null, "timestamp": 1753955113 }, "geometry": { "type": "Point", "coordinates": [ 34.2714, 31.2855 ] } },
{ "type": "Feature", "properties": { "event_id_cnty": "PSE47854", "event_date": "2/25/2024", "year": 2024, "time_precision": 1, "disorder_type": "Political violence", "event_type": "Explosions/Remote violence", "sub_event_type": "Air/drone strike", "actor1": "Military Forces of Israel (2022-)", "assoc_actor_1": null, "inter1": 8, "actor2": "Civilians (Palestine)", "assoc_actor_2": null, "inter2": 7, "interaction": 78, "civilian_targeting": "Civilian targeting", "iso": 275, "region": "Middle East", "country": "Palestine", "admin1": "Gaza Strip", "admin2": "Gaza City", "admin3": null, "location": "Gaza - Ash Shaykh Ijlin", "latitude": 31.5098, "longitude": 34.4274, "geo_precision": 2, "source": "Palestine News and Information Agency; Quds News Network; Twitter", "source_scale": "New media-National", "notes": "On 25 February 2024, Israeli artillery and warplanes opened fire at thousands of Palestinians who were waiting for the aid trucks at Al Rashid Street between Al Nabulsi junction and Street 10, coded to Gaza - Ash Shaykh Ijlin (Gaza City, Gaza Strip). As a result, at least 10 persons were killed, and another 15 were injured. This event involved violence over aid.", "fatalities": 10, "tags": null, "timestamp": 1754946060 }, "geometry": { "type": "Point", "coordinates": [ 34.4274, 31.5098 ] } },
{ "type": "Feature", "properties": { "event_id_cnty": "PSE47706", "event_date": "2/26/2024", "year": 2024, "time_precision": 1, "disorder_type": "Political violence", "event_type": "Explosions/Remote violence", "sub_event_type": "Air/drone strike", "actor1": "Military Forces of Israel (2022-)", "assoc_actor_1": null, "inter1": 8, "actor2": "Civilians (Palestine)", "assoc_actor_2": null, "inter2": 7, "interaction": 78, "civilian_targeting": "Civilian targeting", "iso": 275, "region": "Middle East", "country": "Palestine", "admin1": "Gaza Strip", "admin2": "Khan Yunis", "admin3": null, "location": "Al Fukhari", "latitude": 31.2952, "longitude": 34.3332, "geo_precision": 1, "source": "Palestine News and Information Agency; Quds News Network; Twitter", "source_scale": "New media-National", "notes": "On 26 February 2024, Israeli warplanes struck a house near the European hospital in Al Fukhari (Khan Yunis, Gaza Strip), killing 2 Palestinians and injuring another 2.", "fatalities": 2, "tags": null, "timestamp": 1753955113 }, "geometry": { "type": "Point", "coordinates": [ 34.3332, 31.2952 ] } },
{ "type": "Feature", "properties": { "event_id_cnty": "PSE47734", "event_date": "2/26/2024", "year": 2024, "time_precision": 1, "disorder_type": "Political violence", "event_type": "Explosions/Remote violence", "sub_event_type": "Air/drone strike", "actor1": "Military Forces of Israel (2022-)", "assoc_actor_1": null, "inter1": 8, "actor2": "Civilians (Palestine)", "assoc_actor_2": null, "inter2": 7, "interaction": 78, "civilian_targeting": "Civilian targeting", "iso": 275, "region": "Middle East", "country": "Palestine", "admin1": "Gaza Strip", "admin2": "Khan Yunis", "admin3": null, "location": "Al Qararah", "latitude": 31.3739, "longitude": 34.3409, "geo_precision": 1, "source": "Palestine News and Information Agency; Quds News Network; Twitter", "source_scale": "New media-National", "notes": "On 26 February 2024, Israeli warplanes struck a house in Al Qararah (Khan Yunis, Gaza Strip), leaving 5 fatalities.", "fatalities": 5, "tags": null, "timestamp": 1753955113 }, "geometry": { "type": "Point", "coordinates": [ 34.3409, 31.3739 ] } },
{ "type": "Feature", "properties": { "event_id_cnty": "PSE47966", "event_date": "2/26/2024", "year": 2024, "time_precision": 1, "disorder_type": "Political violence", "event_type": "Explosions/Remote violence", "sub_event_type": "Air/drone strike", "actor1": "Military Forces of Israel (2022-)", "assoc_actor_1": null, "inter1": 8, "actor2": "Civilians (Palestine)", "assoc_actor_2": null, "inter2": 7, "interaction": 78, "civilian_targeting": "Civilian targeting", "iso": 275, "region": "Middle East", "country": "Palestine", "admin1": "Gaza Strip", "admin2": "Khan Yunis", "admin3": null, "location": "Khan Yunis", "latitude": 31.3502, "longitude": 34.3081, "geo_precision": 1, "source": "Quds News Network; Twitter", "source_scale": "New media-National", "notes": "On 26 February 2024, Israeli warplanes struck targets and a house in Khan Yunis city (Khan Yunis, Gaza Strip). Casualties unknown.", "fatalities": 0, "tags": null, "timestamp": 1753955113 }, "geometry": { "type": "Point", "coordinates": [ 34.3081, 31.3502 ] } },
{ "type": "Feature", "properties": { "event_id_cnty": "PSE47996", "event_date": "2/26/2024", "year": 2024, "time_precision": 1, "disorder_type": "Political violence", "event_type": "Explosions/Remote violence", "sub_event_type": "Shelling/artillery/missile attack", "actor1": "Military Forces of Israel (2022-)", "assoc_actor_1": null, "inter1": 8, "actor2": "Civilians (Palestine)", "assoc_actor_2": "Fishers (Palestine)", "inter2": 7, "interaction": 78, "civilian_targeting": "Civilian targeting", "iso": 275, "region": "Middle East", "country": "Palestine", "admin1": "Gaza Strip", "admin2": "Khan Yunis", "admin3": null, "location": "Khan Yunis Port", "latitude": 31.3691, "longitude": 34.2734, "geo_precision": 2, "source": "Palestine News and Information Agency; PLO Negotiations Affairs Department; Quds News Network; Twitter", "source_scale": "Other-New media", "notes": "On 26 February 2024, Israeli gunboats shelled targets along the coast of Khan Yunis, coded to Khan Yunis Port (Khan Yunis, Gaza Strip). As a result, 2 Palestinian fishers were killed.", "fatalities": 2, "tags": null, "timestamp": 1753955113 }, "geometry": { "type": "Point", "coordinates": [ 34.2734, 31.3691 ] } },
{ "type": "Feature", "properties": { "event_id_cnty": "PSE47699", "event_date": "2/26/2024", "year": 2024, "time_precision": 1, "disorder_type": "Political violence", "event_type": "Explosions/Remote violence", "sub_event_type": "Air/drone strike", "actor1": "Military Forces of Israel (2022-)", "assoc_actor_1": null, "inter1": 8, "actor2": "Civilians (Palestine)", "assoc_actor_2": null, "inter2": 7, "interaction": 78, "civilian_targeting": "Civilian targeting", "iso": 275, "region": "Middle East", "country": "Palestine", "admin1": "Gaza Strip", "admin2": "Deir El Balah", "admin3": null, "location": "Al Burayj", "latitude": 31.4394, "longitude": 34.4031, "geo_precision": 2, "source": "Quds News Network; Twitter", "source_scale": "New media-National", "notes": "On 26 February 2024, Israeli warplanes struck a house east of Al Burayj refugee camp (Deir El Balah, Gaza Strip), killing 2 Palestinians.", "fatalities": 2, "tags": null, "timestamp": 1753955113 }, "geometry": { "type": "Point", "coordinates": [ 34.4031, 31.4394 ] } },
{ "type": "Feature", "properties": { "event_id_cnty": "PSE47772", "event_date": "2/26/2024", "year": 2024, "time_precision": 1, "disorder_type": "Political violence", "event_type": "Explosions/Remote violence", "sub_event_type": "Air/drone strike", "actor1": "Military Forces of Israel (2022-)", "assoc_actor_1": null, "inter1": 8, "actor2": "Civilians (Palestine)", "assoc_actor_2": null, "inter2": 7, "interaction": 78, "civilian_targeting": "Civilian targeting", "iso": 275, "region": "Middle East", "country": "Palestine", "admin1": "Gaza Strip", "admin2": "Deir El Balah", "admin3": null, "location": "Az Zawayda", "latitude": 31.4284, "longitude": 34.366, "geo_precision": 1, "source": "Quds News Network; Twitter", "source_scale": "New media-National", "notes": "On 26 February 2024, Israeli warplanes struck a house in Az Zawayda town (Deir El Balah, Gaza Strip), injuring a number of Palestinians.", "fatalities": 0, "tags": null, "timestamp": 1767742780 }, "geometry": { "type": "Point", "coordinates": [ 34.366, 31.4284 ] } },
{ "type": "Feature", "properties": { "event_id_cnty": "PSE47836", "event_date": "2/26/2024", "year": 2024, "time_precision": 1, "disorder_type": "Political violence", "event_type": "Explosions/Remote violence", "sub_event_type": "Air/drone strike", "actor1": "Military Forces of Israel (2022-)", "assoc_actor_1": null, "inter1": 8, "actor2": "Civilians (Palestine)", "assoc_actor_2": null, "inter2": 7, "interaction": 78, "civilian_targeting": "Civilian targeting", "iso": 275, "region": "Middle East", "country": "Palestine", "admin1": "Gaza Strip", "admin2": "Deir El Balah", "admin3": null, "location": "Deir al Balah", "latitude": 31.4178, "longitude": 34.3503, "geo_precision": 1, "source": "Newpress; Twitter", "source_scale": "New media-National", "notes": "On 26 February 2024, Israeli warplanes carried out airstrikes in Deir al Balah city (Deir El Balah, Gaza Strip), injuring a number of Palestinians.", "fatalities": 0, "tags": null, "timestamp": 1753955113 }, "geometry": { "type": "Point", "coordinates": [ 34.3503, 31.4178 ] } },
{ "type": "Feature", "properties": { "event_id_cnty": "PSE47843", "event_date": "2/26/2024", "year": 2024, "time_precision": 1, "disorder_type": "Political violence", "event_type": "Explosions/Remote violence", "sub_event_type": "Air/drone strike", "actor1": "Military Forces of Israel (2022-)", "assoc_actor_1": null, "inter1": 8, "actor2": "Civilians (Palestine)", "assoc_actor_2": null, "inter2": 7, "interaction": 78, "civilian_targeting": "Civilian targeting", "iso": 275, "region": "Middle East", "country": "Palestine", "admin1": "Gaza Strip", "admin2": "Deir El Balah", "admin3": null, "location": "Deir al Balah Camp", "latitude": 31.4249, "longitude": 34.34, "geo_precision": 2, "source": "Newpress; Palestine News and Information Agency; PLO Negotiations Affairs Department; Quds News Network; Twitter", "source_scale": "Other-New media", "notes": "On 26 February 2024, Israeli artillery and tanks shelled targets east of Deir El Balah, coded to Deir al Balah Camp (Deir al Balah, Gaza Strip). Meanwhile, a warplane struck a passing car in Abu Al Ajin area and killed 2 persons.", "fatalities": 2, "tags": null, "timestamp": 1765850627 }, "geometry": { "type": "Point", "coordinates": [ 34.34, 31.4249 ] } },
{ "type": "Feature", "properties": { "event_id_cnty": "PSE47885", "event_date": "2/26/2024", "year": 2024, "time_precision": 1, "disorder_type": "Political violence", "event_type": "Explosions/Remote violence", "sub_event_type": "Air/drone strike", "actor1": "Military Forces of Israel (2022-)", "assoc_actor_1": null, "inter1": 8, "actor2": "Civilians (Palestine)", "assoc_actor_2": "Refugees/IDPs (Palestine)", "inter2": 7, "interaction": 78, "civilian_targeting": "Civilian targeting", "iso": 275, "region": "Middle East", "country": "Palestine", "admin1": "Gaza Strip", "admin2": "Gaza City", "admin3": null, "location": "Gaza - Ash Shati' Camp", "latitude": 31.5349, "longitude": 34.4466, "geo_precision": 1, "source": "Quds News Network; Twitter", "source_scale": "New media-National", "notes": "On 26 February 2024, Israeli warplanes struck a house in Gaza - Ash Shati' Camp (Gaza City, Gaza Strip), injuring 8 Palestinians.", "fatalities": 0, "tags": null, "timestamp": 1759789988 }, "geometry": { "type": "Point", "coordinates": [ 34.4466, 31.5349 ] } },
{ "type": "Feature", "properties": { "event_id_cnty": "PSE47753", "event_date": "2/26/2024", "year": 2024, "time_precision": 1, "disorder_type": "Political violence", "event_type": "Explosions/Remote violence", "sub_event_type": "Air/drone strike", "actor1": "Military Forces of Israel (2022-)", "assoc_actor_1": null, "inter1": 8, "actor2": "Civilians (Palestine)", "assoc_actor_2": null, "inter2": 7, "interaction": 78, "civilian_targeting": "Civilian targeting", "iso": 275, "region": "Middle East", "country": "Palestine", "admin1": "Gaza Strip", "admin2": "Deir El Balah", "admin3": null, "location": "An Nusayrat - West", "latitude": 31.4525, "longitude": 34.3756, "geo_precision": 1, "source": "Palestine News and Information Agency; Palestinian Ministry of Health", "source_scale": "Other-National", "notes": "On 26 February 2024, Israeli warplanes struck targets west of An Nusayrat camp (An Nusayrat - West, Deir El Balah, Gaza Strip), killing an unspecified number of Palestinians. [Palestinian Ministry of Health reported 29878 fatalities upto 26 February. 10 fatalities not attributed to specific events added to 1 event on 26 February. 10 fatalities coded to this event.]", "fatalities": 10, "tags": null, "timestamp": 1753955113 }, "geometry": { "type": "Point", "coordinates": [ 34.3756, 31.4525 ] } },
{ "type": "Feature", "properties": { "event_id_cnty": "PSE48080", "event_date": "2/26/2024", "year": 2024, "time_precision": 1, "disorder_type": "Political violence", "event_type": "Explosions/Remote violence", "sub_event_type": "Shelling/artillery/missile attack", "actor1": "Military Forces of Israel (2022-)", "assoc_actor_1": null, "inter1": 8, "actor2": "Civilians (Palestine)", "assoc_actor_2": null, "inter2": 7, "interaction": 78, "civilian_targeting": "Civilian targeting", "iso": 275, "region": "Middle East", "country": "Palestine", "admin1": "Gaza Strip", "admin2": "Rafah", "admin3": null, "location": "Yibna", "latitude": 31.2842, "longitude": 34.2482, "geo_precision": 2, "source": "Palestine News and Information Agency; PLO Negotiations Affairs Department", "source_scale": "Other-National", "notes": "On 26 February 2024, Israeli artillery and tanks shelled targets east of Rafah, coded to Yibna (Rafah, Gaza Strip). Also, a number of Palestinians were injured in Al Junian area. Casualties unknown.", "fatalities": 0, "tags": null, "timestamp": 1753955113 }, "geometry": { "type": "Point", "coordinates": [ 34.2482, 31.2842 ] } },
{ "type": "Feature", "properties": { "event_id_cnty": "PSE48041", "event_date": "2/26/2024", "year": 2024, "time_precision": 1, "disorder_type": "Political violence", "event_type": "Explosions/Remote violence", "sub_event_type": "Air/drone strike", "actor1": "Military Forces of Israel (2022-)", "assoc_actor_1": null, "inter1": 8, "actor2": "Civilians (Palestine)", "assoc_actor_2": null, "inter2": 7, "interaction": 78, "civilian_targeting": "Civilian targeting", "iso": 275, "region": "Middle East", "country": "Palestine", "admin1": "Gaza Strip", "admin2": "Rafah", "admin3": null, "location": "Rafah", "latitude": 31.287, "longitude": 34.2595, "geo_precision": 1, "source": "Palestine News and Information Agency; Quds News Network; Twitter", "source_scale": "New media-National", "notes": "On 26 February 2024, Israeli warplanes struck a house in Rafah city (Rafah, Gaza Strip), killing 9 Palestinians including children and women.", "fatalities": 9, "tags": null, "timestamp": 1762829569 }, "geometry": { "type": "Point", "coordinates": [ 34.2595, 31.287 ] } },
{ "type": "Feature", "properties": { "event_id_cnty": "PSE48058", "event_date": "2/26/2024", "year": 2024, "time_precision": 1, "disorder_type": "Political violence", "event_type": "Explosions/Remote violence", "sub_event_type": "Air/drone strike", "actor1": "Military Forces of Israel (2022-)", "assoc_actor_1": null, "inter1": 8, "actor2": "Civilians (Palestine)", "assoc_actor_2": null, "inter2": 7, "interaction": 78, "civilian_targeting": "Civilian targeting", "iso": 275, "region": "Middle East", "country": "Palestine", "admin1": "Gaza Strip", "admin2": "Rafah", "admin3": null, "location": "Khirbet al Adas", "latitude": 31.2855, "longitude": 34.2714, "geo_precision": 2, "source": "Palestine News and Information Agency", "source_scale": "National", "notes": "On 26 February 2024, Israeli warplanes struck a house north of Rafah city, coded to Khirbet al Adas (Rafah, Gaza Strip), killing 4 Palestinians including a child and a woman.", "fatalities": 4, "tags": null, "timestamp": 1753955113 }, "geometry": { "type": "Point", "coordinates": [ 34.2714, 31.2855 ] } },
{ "type": "Feature", "properties": { "event_id_cnty": "PSE47855", "event_date": "2/26/2024", "year": 2024, "time_precision": 1, "disorder_type": "Political violence", "event_type": "Explosions/Remote violence", "sub_event_type": "Shelling/artillery/missile attack", "actor1": "Military Forces of Israel (2022-)", "assoc_actor_1": null, "inter1": 8, "actor2": "Civilians (Palestine)", "assoc_actor_2": null, "inter2": 7, "interaction": 78, "civilian_targeting": "Civilian targeting", "iso": 275, "region": "Middle East", "country": "Palestine", "admin1": "Gaza Strip", "admin2": "Gaza City", "admin3": null, "location": "Gaza - Ash Shaykh Ijlin", "latitude": 31.5098, "longitude": 34.4274, "geo_precision": 1, "source": "Palestine News and Information Agency; Quds News Network; Twitter", "source_scale": "New media-National", "notes": "On 26 February 2024, Israeli artillery opened fire at Palestinians who were waiting for the aid trucks in Gaza - Ash Shaykh Ijlin (Gaza City, Gaza Strip). As a result, 4 persons were killed and dozens were injured. This event involved violence over aid.", "fatalities": 4, "tags": null, "timestamp": 1754946060 }, "geometry": { "type": "Point", "coordinates": [ 34.4274, 31.5098 ] } },
{ "type": "Feature", "properties": { "event_id_cnty": "PSE47686", "event_date": "2/27/2024", "year": 2024, "time_precision": 1, "disorder_type": "Political violence", "event_type": "Explosions/Remote violence", "sub_event_type": "Shelling/artillery/missile attack", "actor1": "Military Forces of Israel (2022-)", "assoc_actor_1": null, "inter1": 8, "actor2": "Civilians (Palestine)", "assoc_actor_2": null, "inter2": 7, "interaction": 78, "civilian_targeting": "Civilian targeting", "iso": 275, "region": "Middle East", "country": "Palestine", "admin1": "Gaza Strip", "admin2": "Khan Yunis", "admin3": null, "location": "Abasan al Kabirah", "latitude": 31.3191, "longitude": 34.3401, "geo_precision": 1, "source": "Quds News Network; Twitter", "source_scale": "New media-National", "notes": "On 27 February 2024, 6 Palestinians were killed (likely by Israeli artillery fire) in Abasan al Kabirah (Khan Yunis, Gaza Strip).", "fatalities": 6, "tags": null, "timestamp": 1753955113 }, "geometry": { "type": "Point", "coordinates": [ 34.3401, 31.3191 ] } },
{ "type": "Feature", "properties": { "event_id_cnty": "PSE47851", "event_date": "2/27/2024", "year": 2024, "time_precision": 1, "disorder_type": "Political violence", "event_type": "Explosions/Remote violence", "sub_event_type": "Air/drone strike", "actor1": "Military Forces of Israel (2022-)", "assoc_actor_1": null, "inter1": 8, "actor2": "Civilians (Palestine)", "assoc_actor_2": null, "inter2": 7, "interaction": 78, "civilian_targeting": "Civilian targeting", "iso": 275, "region": "Middle East", "country": "Palestine", "admin1": "Gaza Strip", "admin2": "Gaza City", "admin3": null, "location": "Gaza - Ad Darraj", "latitude": 31.5172, "longitude": 34.4642, "geo_precision": 1, "source": "Ma'an News Agency; Palestine News and Information Agency; Quds News Network; Twitter", "source_scale": "New media-National", "notes": "On 27 February 2024, Israeli warplanes struck targets in Gaza - Ad Darraj (Gaza City, Gaza Strip), leaving a number of injuries.", "fatalities": 0, "tags": null, "timestamp": 1759789988 }, "geometry": { "type": "Point", "coordinates": [ 34.4642, 31.5172 ] } },
{ "type": "Feature", "properties": { "event_id_cnty": "PSE47967", "event_date": "2/27/2024", "year": 2024, "time_precision": 1, "disorder_type": "Political violence", "event_type": "Explosions/Remote violence", "sub_event_type": "Air/drone strike", "actor1": "Military Forces of Israel (2022-)", "assoc_actor_1": null, "inter1": 8, "actor2": "Civilians (Palestine)", "assoc_actor_2": null, "inter2": 7, "interaction": 78, "civilian_targeting": "Civilian targeting", "iso": 275, "region": "Middle East", "country": "Palestine", "admin1": "Gaza Strip", "admin2": "Khan Yunis", "admin3": null, "location": "Khan Yunis", "latitude": 31.3502, "longitude": 34.3081, "geo_precision": 1, "source": "Quds News Network; Twitter", "source_scale": "New media-National", "notes": "On 27 February 2024, Israeli warplanes struck a passing car in Khan Yunis city (Khan Yunis, Gaza Strip), killing 2 Palestinians.", "fatalities": 2, "tags": null, "timestamp": 1753955113 }, "geometry": { "type": "Point", "coordinates": [ 34.3081, 31.3502 ] } },
{ "type": "Feature", "properties": { "event_id_cnty": "PSE47986", "event_date": "2/27/2024", "year": 2024, "time_precision": 1, "disorder_type": "Political violence", "event_type": "Explosions/Remote violence", "sub_event_type": "Shelling/artillery/missile attack", "actor1": "Military Forces of Israel (2022-)", "assoc_actor_1": null, "inter1": 8, "actor2": "Civilians (Palestine)", "assoc_actor_2": null, "inter2": 7, "interaction": 78, "civilian_targeting": "Civilian targeting", "iso": 275, "region": "Middle East", "country": "Palestine", "admin1": "Gaza Strip", "admin2": "Khan Yunis", "admin3": null, "location": "Khan Yunis - West (Municipal Stadium)", "latitude": 31.3484, "longitude": 34.2961, "geo_precision": 1, "source": "Arab 48; Newpress; Quds News Network; Twitter", "source_scale": "New media-National", "notes": "On 27 February 2024, Israeli tanks opened fire and shelled targets in western Khan Yunis and near the Nasser Hospital (coded to Khan Yunis - West (Municipal Stadium), Gaza Strip), leaving at least 8 fatalities.", "fatalities": 8, "tags": null, "timestamp": 1753955113 }, "geometry": { "type": "Point", "coordinates": [ 34.2961, 31.3484 ] } },
{ "type": "Feature", "properties": { "event_id_cnty": "PSE47700", "event_date": "2/27/2024", "year": 2024, "time_precision": 1, "disorder_type": "Political violence", "event_type": "Explosions/Remote violence", "sub_event_type": "Air/drone strike", "actor1": "Military Forces of Israel (2022-)", "assoc_actor_1": null, "inter1": 8, "actor2": "Civilians (Palestine)", "assoc_actor_2": "Refugees/IDPs (Palestine)", "inter2": 7, "interaction": 78, "civilian_targeting": "Civilian targeting", "iso": 275, "region": "Middle East", "country": "Palestine", "admin1": "Gaza Strip", "admin2": "Deir El Balah", "admin3": null, "location": "Al Burayj", "latitude": 31.4394, "longitude": 34.4031, "geo_precision": 1, "source": "Arab 48", "source_scale": "National", "notes": "On 27 February 2024, Israeli warplanes struck a house in Al Burayj refugee camp (Deir El Balah, Gaza Strip), leaving 2 fatalities and a number of injuries.", "fatalities": 2, "tags": null, "timestamp": 1753955113 }, "geometry": { "type": "Point", "coordinates": [ 34.4031, 31.4394 ] } },
{ "type": "Feature", "properties": { "event_id_cnty": "PSE47701", "event_date": "2/27/2024", "year": 2024, "time_precision": 1, "disorder_type": "Political violence", "event_type": "Explosions/Remote violence", "sub_event_type": "Shelling/artillery/missile attack", "actor1": "Military Forces of Israel (2022-)", "assoc_actor_1": null, "inter1": 8, "actor2": "Civilians (Palestine)", "assoc_actor_2": null, "inter2": 7, "interaction": 78, "civilian_targeting": "Civilian targeting", "iso": 275, "region": "Middle East", "country": "Palestine", "admin1": "Gaza Strip", "admin2": "Deir El Balah", "admin3": null, "location": "Al Burayj", "latitude": 31.4394, "longitude": 34.4031, "geo_precision": 1, "source": "Arab 48", "source_scale": "National", "notes": "On 27 February 2024, Israeli artillery struck targets near Abu Helo school in eastern Al Burayj refugee camp (Deir El Balah, Gaza Strip), injuring a number of Palestinians.", "fatalities": 0, "tags": null, "timestamp": 1753955113 }, "geometry": { "type": "Point", "coordinates": [ 34.4031, 31.4394 ] } },
{ "type": "Feature", "properties": { "event_id_cnty": "PSE47837", "event_date": "2/27/2024", "year": 2024, "time_precision": 1, "disorder_type": "Political violence", "event_type": "Explosions/Remote violence", "sub_event_type": "Air/drone strike", "actor1": "Military Forces of Israel (2022-)", "assoc_actor_1": null, "inter1": 8, "actor2": "Civilians (Palestine)", "assoc_actor_2": null, "inter2": 7, "interaction": 78, "civilian_targeting": "Civilian targeting", "iso": 275, "region": "Middle East", "country": "Palestine", "admin1": "Gaza Strip", "admin2": "Deir El Balah", "admin3": null, "location": "Deir al Balah", "latitude": 31.4178, "longitude": 34.3503, "geo_precision": 1, "source": "Arab 48; Newpress; Palestine News and Information Agency; Quds News Network; Twitter", "source_scale": "New media-National", "notes": "On 27 February 2024, an Israeli airstrike struck a house in Deir al Balah city (Deir El Balah, Gaza Strip), killing a Palestinian woman. Israeli artillery also struck targets and a house leaving 2 fatalities (children) and a number of injuries. Total fatalities coded as 3.", "fatalities": 3, "tags": null, "timestamp": 1753955113 }, "geometry": { "type": "Point", "coordinates": [ 34.3503, 31.4178 ] } },
{ "type": "Feature", "properties": { "event_id_cnty": "PSE48053", "event_date": "2/27/2024", "year": 2024, "time_precision": 1, "disorder_type": "Political violence", "event_type": "Explosions/Remote violence", "sub_event_type": "Shelling/artillery/missile attack", "actor1": "Military Forces of Israel (2022-)", "assoc_actor_1": null, "inter1": 8, "actor2": "Civilians (Palestine)", "assoc_actor_2": null, "inter2": 7, "interaction": 78, "civilian_targeting": "Civilian targeting", "iso": 275, "region": "Middle East", "country": "Palestine", "admin1": "Gaza Strip", "admin2": "Rafah", "admin3": null, "location": "Shokat as Sufi", "latitude": 31.2586, "longitude": 34.2824, "geo_precision": 1, "source": "Quds News Network; Twitter", "source_scale": "New media-National", "notes": "On 27 February 2024, Israeli artillery struck targets in Shokat as Sufi (Rafah, Gaza Strip), killing 2 Palestinian children.", "fatalities": 2, "tags": null, "timestamp": 1753955113 }, "geometry": { "type": "Point", "coordinates": [ 34.2824, 31.2586 ] } },
{ "type": "Feature", "properties": { "event_id_cnty": "PSE47890", "event_date": "2/27/2024", "year": 2024, "time_precision": 1, "disorder_type": "Political violence", "event_type": "Explosions/Remote violence", "sub_event_type": "Air/drone strike", "actor1": "Military Forces of Israel (2022-)", "assoc_actor_1": null, "inter1": 8, "actor2": "Civilians (Palestine)", "assoc_actor_2": null, "inter2": 7, "interaction": 78, "civilian_targeting": "Civilian targeting", "iso": 275, "region": "Middle East", "country": "Palestine", "admin1": "Gaza Strip", "admin2": "Gaza City", "admin3": null, "location": "Gaza - Sabra", "latitude": 31.5086, "longitude": 34.4493, "geo_precision": 1, "source": "Palestine News and Information Agency; Quds News Network; Twitter", "source_scale": "New media-National", "notes": "On 27 February 2024, Israeli warplanes struck targets in Gaza - Sabra (Gaza City, Gaza Strip), leaving a number of injuries.", "fatalities": 0, "tags": null, "timestamp": 1759790002 }, "geometry": { "type": "Point", "coordinates": [ 34.4493, 31.5086 ] } },
{ "type": "Feature", "properties": { "event_id_cnty": "PSE47719", "event_date": "2/27/2024", "year": 2024, "time_precision": 1, "disorder_type": "Political violence", "event_type": "Explosions/Remote violence", "sub_event_type": "Shelling/artillery/missile attack", "actor1": "Military Forces of Israel (2022-)", "assoc_actor_1": null, "inter1": 8, "actor2": "Civilians (Palestine)", "assoc_actor_2": null, "inter2": 7, "interaction": 78, "civilian_targeting": "Civilian targeting", "iso": 275, "region": "Middle East", "country": "Palestine", "admin1": "Gaza Strip", "admin2": "Rafah", "admin3": null, "location": "Al Mawasi (Rafah)", "latitude": 31.3294, "longitude": 34.2299, "geo_precision": 1, "source": "Palestine News and Information Agency; Quds News Network; Twitter", "source_scale": "New media-National", "notes": "On 27 February 2024, Israeli artillery and tanks opened fire in Al Mawasi (Rafah), Gaza Strip. A 9-year-old girl was killed.", "fatalities": 1, "tags": null, "timestamp": 1762829569 }, "geometry": { "type": "Point", "coordinates": [ 34.2299, 31.3294 ] } },
{ "type": "Feature", "properties": { "event_id_cnty": "PSE47886", "event_date": "2/27/2024", "year": 2024, "time_precision": 1, "disorder_type": "Political violence", "event_type": "Explosions/Remote violence", "sub_event_type": "Air/drone strike", "actor1": "Military Forces of Israel (2022-)", "assoc_actor_1": null, "inter1": 8, "actor2": "Civilians (Palestine)", "assoc_actor_2": "Refugees/IDPs (Palestine)", "inter2": 7, "interaction": 78, "civilian_targeting": "Civilian targeting", "iso": 275, "region": "Middle East", "country": "Palestine", "admin1": "Gaza Strip", "admin2": "Gaza City", "admin3": null, "location": "Gaza - Ash Shati' Camp", "latitude": 31.5349, "longitude": 34.4466, "geo_precision": 1, "source": "Ma'an News Agency", "source_scale": "National", "notes": "On 27 February 2024, Israeli warplanes struck a house in Gaza - Ash Shati' Camp (Gaza City, Gaza Strip), leaving a number of injuries.", "fatalities": 0, "tags": null, "timestamp": 1759789988 }, "geometry": { "type": "Point", "coordinates": [ 34.4466, 31.5349 ] } },
{ "type": "Feature", "properties": { "event_id_cnty": "PSE47735", "event_date": "2/27/2024", "year": 2024, "time_precision": 1, "disorder_type": "Political violence", "event_type": "Explosions/Remote violence", "sub_event_type": "Air/drone strike", "actor1": "Military Forces of Israel (2022-)", "assoc_actor_1": null, "inter1": 8, "actor2": "Civilians (Palestine)", "assoc_actor_2": null, "inter2": 7, "interaction": 78, "civilian_targeting": "Civilian targeting", "iso": 275, "region": "Middle East", "country": "Palestine", "admin1": "Gaza Strip", "admin2": "Khan Yunis", "admin3": null, "location": "Al Qararah", "latitude": 31.3739, "longitude": 34.3409, "geo_precision": 1, "source": "Arab 48; Palestinian Ministry of Health", "source_scale": "Other-National", "notes": "On 27 February 2024, Israeli warplanes struck a group of Palestinians in Al Qararah (Khan Yunis, Gaza Strip), leaving a number of fatalities. [Palestinian Ministry of Health reported 29954 fatalities upto 27 February. 26 fatalities not attributed to specific events added to 1 event on 27 February. 26 fatalities coded to this event.]", "fatalities": 26, "tags": null, "timestamp": 1753955113 }, "geometry": { "type": "Point", "coordinates": [ 34.3409, 31.3739 ] } },
{ "type": "Feature", "properties": { "event_id_cnty": "PSE47872", "event_date": "2/27/2024", "year": 2024, "time_precision": 1, "disorder_type": "Political violence", "event_type": "Explosions/Remote violence", "sub_event_type": "Air/drone strike", "actor1": "Military Forces of Israel (2022-)", "assoc_actor_1": null, "inter1": 8, "actor2": "Civilians (Palestine)", "assoc_actor_2": null, "inter2": 7, "interaction": 78, "civilian_targeting": "Civilian targeting", "iso": 275, "region": "Middle East", "country": "Palestine", "admin1": "Gaza Strip", "admin2": "Gaza City", "admin3": null, "location": "Gaza - Az Zaytun", "latitude": 31.4964, "longitude": 34.4522, "geo_precision": 1, "source": "Ma'an News Agency; Palestine News and Information Agency; Quds News Network; Twitter", "source_scale": "New media-National", "notes": "On 27 February 2024, Israeli warplanes struck targets in Gaza - Az Zaytun (Gaza City, Gaza Strip), killing at least 10 Palestinians. Meanwhile, the artillery shelled targets in the same area.", "fatalities": 10, "tags": null, "timestamp": 1759789988 }, "geometry": { "type": "Point", "coordinates": [ 34.4522, 31.4964 ] } },
{ "type": "Feature", "properties": { "event_id_cnty": "PSE47825", "event_date": "2/27/2024", "year": 2024, "time_precision": 1, "disorder_type": "Political violence", "event_type": "Explosions/Remote violence", "sub_event_type": "Air/drone strike", "actor1": "Military Forces of Israel (2022-)", "assoc_actor_1": null, "inter1": 8, "actor2": "Civilians (Palestine)", "assoc_actor_2": "Refugees/IDPs (Palestine)", "inter2": 7, "interaction": 78, "civilian_targeting": "Civilian targeting", "iso": 275, "region": "Middle East", "country": "Palestine", "admin1": "Gaza Strip", "admin2": "Rafah", "admin3": null, "location": "Brazil Camp", "latitude": 31.2718, "longitude": 34.2532, "geo_precision": 1, "source": "Quds News Network; Twitter", "source_scale": "New media-National", "notes": "On 27 February 2024, Israeli warplanes struck a house in Brazil Camp (Rafah, Gaza Strip), killing a Palestinian.", "fatalities": 1, "tags": null, "timestamp": 1753955113 }, "geometry": { "type": "Point", "coordinates": [ 34.2532, 31.2718 ] } },
{ "type": "Feature", "properties": { "event_id_cnty": "PSE47856", "event_date": "2/27/2024", "year": 2024, "time_precision": 1, "disorder_type": "Political violence", "event_type": "Explosions/Remote violence", "sub_event_type": "Shelling/artillery/missile attack", "actor1": "Military Forces of Israel (2022-)", "assoc_actor_1": null, "inter1": 8, "actor2": "Civilians (Palestine)", "assoc_actor_2": null, "inter2": 7, "interaction": 78, "civilian_targeting": "Civilian targeting", "iso": 275, "region": "Middle East", "country": "Palestine", "admin1": "Gaza Strip", "admin2": "Gaza City", "admin3": null, "location": "Gaza - Ash Shaykh Ijlin", "latitude": 31.5098, "longitude": 34.4274, "geo_precision": 2, "source": "Palestine News and Information Agency; Quds News Network; Twitter", "source_scale": "New media-National", "notes": "On 27 February 2024, Israeli artillery opened fire at Palestinians who were waiting for the aid trucks at Al Rashid Street, coded to Gaza - Ash Shaykh Ijlin (Gaza City, Gaza Strip), leaving 3 fatalities and a number of injuries. This event involved violence over aid.", "fatalities": 3, "tags": null, "timestamp": 1754946060 }, "geometry": { "type": "Point", "coordinates": [ 34.4274, 31.5098 ] } },
{ "type": "Feature", "properties": { "event_id_cnty": "PSE47707", "event_date": "2/28/2024", "year": 2024, "time_precision": 1, "disorder_type": "Political violence", "event_type": "Explosions/Remote violence", "sub_event_type": "Air/drone strike", "actor1": "Military Forces of Israel (2022-)", "assoc_actor_1": null, "inter1": 8, "actor2": "Civilians (Palestine)", "assoc_actor_2": "Muslim Group (Palestine)", "inter2": 7, "interaction": 78, "civilian_targeting": "Civilian targeting", "iso": 275, "region": "Middle East", "country": "Palestine", "admin1": "Gaza Strip", "admin2": "Khan Yunis", "admin3": null, "location": "Al Fukhari", "latitude": 31.2952, "longitude": 34.3332, "geo_precision": 1, "source": "Quds News Network; Twitter", "source_scale": "New media-National", "notes": "On 28 February 2024, Israeli warplanes struck the Al Nur wa Al Huda mosque in Al Fukhari (Khan Yunis, Gaza Strip), leaving a number of injuries.", "fatalities": 0, "tags": null, "timestamp": 1753955113 }, "geometry": { "type": "Point", "coordinates": [ 34.3332, 31.2952 ] } },
{ "type": "Feature", "properties": { "event_id_cnty": "PSE47736", "event_date": "2/28/2024", "year": 2024, "time_precision": 1, "disorder_type": "Political violence", "event_type": "Explosions/Remote violence", "sub_event_type": "Air/drone strike", "actor1": "Military Forces of Israel (2022-)", "assoc_actor_1": null, "inter1": 8, "actor2": "Civilians (Palestine)", "assoc_actor_2": null, "inter2": 7, "interaction": 78, "civilian_targeting": "Civilian targeting", "iso": 275, "region": "Middle East", "country": "Palestine", "admin1": "Gaza Strip", "admin2": "Khan Yunis", "admin3": null, "location": "Al Qararah", "latitude": 31.3739, "longitude": 34.3409, "geo_precision": 1, "source": "Newpress; Palestine News and Information Agency; Twitter", "source_scale": "New media-National", "notes": "On 28 February 2024, Israeli warplanes struck the Al Qararah (Khan Yunis, Gaza Strip), killing at least 6 Palestinians and injuring several persons.", "fatalities": 6, "tags": null, "timestamp": 1753955113 }, "geometry": { "type": "Point", "coordinates": [ 34.3409, 31.3739 ] } },
{ "type": "Feature", "properties": { "event_id_cnty": "PSE47968", "event_date": "2/28/2024", "year": 2024, "time_precision": 1, "disorder_type": "Political violence", "event_type": "Explosions/Remote violence", "sub_event_type": "Air/drone strike", "actor1": "Military Forces of Israel (2022-)", "assoc_actor_1": null, "inter1": 8, "actor2": "Civilians (Palestine)", "assoc_actor_2": null, "inter2": 7, "interaction": 78, "civilian_targeting": "Civilian targeting", "iso": 275, "region": "Middle East", "country": "Palestine", "admin1": "Gaza Strip", "admin2": "Khan Yunis", "admin3": null, "location": "Khan Yunis", "latitude": 31.3502, "longitude": 34.3081, "geo_precision": 1, "source": "Newpress; Palestine News and Information Agency; Twitter", "source_scale": "New media-National", "notes": "On 28 February 2024, Israeli warplanes carried out airstrikes while the artillery struck targets in Khan Yunis city (Khan Yunis, Gaza Strip). 14 Palestinians were killed since morning in Khan Yunis (7 were coded to this location)", "fatalities": 7, "tags": null, "timestamp": 1753955113 }, "geometry": { "type": "Point", "coordinates": [ 34.3081, 31.3502 ] } },
{ "type": "Feature", "properties": { "event_id_cnty": "PSE47975", "event_date": "2/28/2024", "year": 2024, "time_precision": 1, "disorder_type": "Political violence", "event_type": "Explosions/Remote violence", "sub_event_type": "Shelling/artillery/missile attack", "actor1": "Military Forces of Israel (2022-)", "assoc_actor_1": null, "inter1": 8, "actor2": "Civilians (Palestine)", "assoc_actor_2": null, "inter2": 7, "interaction": 78, "civilian_targeting": "Civilian targeting", "iso": 275, "region": "Middle East", "country": "Palestine", "admin1": "Gaza Strip", "admin2": "Khan Yunis", "admin3": null, "location": "Khan Yunis - Al Amal", "latitude": 31.3544, "longitude": 34.3007, "geo_precision": 1, "source": "Arab 48; Palestine News and Information Agency", "source_scale": "National", "notes": "On 28 February 2024, Israeli artillery and tanks shelled residential areas in Khan Yunis - Al Amal (Khan Yunis, Gaza Strip). Casualties unknown.", "fatalities": 0, "tags": null, "timestamp": 1753955113 }, "geometry": { "type": "Point", "coordinates": [ 34.3007, 31.3544 ] } },
{ "type": "Feature", "properties": { "event_id_cnty": "PSE47702", "event_date": "2/28/2024", "year": 2024, "time_precision": 1, "disorder_type": "Political violence", "event_type": "Explosions/Remote violence", "sub_event_type": "Air/drone strike", "actor1": "Military Forces of Israel (2022-)", "assoc_actor_1": null, "inter1": 8, "actor2": "Civilians (Palestine)", "assoc_actor_2": "Refugees/IDPs (Palestine)", "inter2": 7, "interaction": 78, "civilian_targeting": "Civilian targeting", "iso": 275, "region": "Middle East", "country": "Palestine", "admin1": "Gaza Strip", "admin2": "Deir El Balah", "admin3": null, "location": "Al Burayj", "latitude": 31.4394, "longitude": 34.4031, "geo_precision": 1, "source": "Newpress; Quds News Network; Twitter", "source_scale": "New media-National", "notes": "On 28 February 2024, Israeli warplanes struck a house in Al Burayj refugee camp (Deir El Balah, Gaza Strip), leaving at least 4 fatalities.", "fatalities": 4, "tags": null, "timestamp": 1753955113 }, "geometry": { "type": "Point", "coordinates": [ 34.4031, 31.4394 ] } },
{ "type": "Feature", "properties": { "event_id_cnty": "PSE47757", "event_date": "2/28/2024", "year": 2024, "time_precision": 1, "disorder_type": "Political violence", "event_type": "Explosions/Remote violence", "sub_event_type": "Air/drone strike", "actor1": "Military Forces of Israel (2022-)", "assoc_actor_1": null, "inter1": 8, "actor2": "Civilians (Palestine)", "assoc_actor_2": "Refugees/IDPs (Palestine)", "inter2": 7, "interaction": 78, "civilian_targeting": "Civilian targeting", "iso": 275, "region": "Middle East", "country": "Palestine", "admin1": "Gaza Strip", "admin2": "Deir El Balah", "admin3": null, "location": "An Nusayrat", "latitude": 31.4486, "longitude": 34.3925, "geo_precision": 1, "source": "Liveuamap; Newpress; Palestine News and Information Agency; Quds News Network; Twitter", "source_scale": "Local partner-New media", "notes": "On 28 February 2024, Israeli warplanes struck a residential area in An Nusayrat refugee camp (Deir El Balah, Gaza Strip), killing at least 14 Palestinians and injuring dozens.", "fatalities": 14, "tags": null, "timestamp": 1753955113 }, "geometry": { "type": "Point", "coordinates": [ 34.3925, 31.4486 ] } },
{ "type": "Feature", "properties": { "event_id_cnty": "PSE48073", "event_date": "2/28/2024", "year": 2024, "time_precision": 1, "disorder_type": "Political violence", "event_type": "Explosions/Remote violence", "sub_event_type": "Air/drone strike", "actor1": "Military Forces of Israel (2022-)", "assoc_actor_1": null, "inter1": 8, "actor2": "Civilians (Palestine)", "assoc_actor_2": null, "inter2": 7, "interaction": 78, "civilian_targeting": "Civilian targeting", "iso": 275, "region": "Middle East", "country": "Palestine", "admin1": "Gaza Strip", "admin2": "Deir El Balah", "admin3": null, "location": "Wadi as Salqa", "latitude": 31.4005, "longitude": 34.3375, "geo_precision": 2, "source": "Quds News Network; Twitter", "source_scale": "New media-National", "notes": "On 28 February 2024, Israeli warplanes struck south of Deir al Balah city, coded to Wadi as Salqa (Deir El Balah, Gaza Strip), leaving an unspecified number of injuries.", "fatalities": 0, "tags": null, "timestamp": 1753955113 }, "geometry": { "type": "Point", "coordinates": [ 34.3375, 31.4005 ] } },
{ "type": "Feature", "properties": { "event_id_cnty": "PSE47891", "event_date": "2/28/2024", "year": 2024, "time_precision": 1, "disorder_type": "Political violence", "event_type": "Explosions/Remote violence", "sub_event_type": "Shelling/artillery/missile attack", "actor1": "Military Forces of Israel (2022-)", "assoc_actor_1": null, "inter1": 8, "actor2": "Civilians (Palestine)", "assoc_actor_2": null, "inter2": 7, "interaction": 78, "civilian_targeting": "Civilian targeting", "iso": 275, "region": "Middle East", "country": "Palestine", "admin1": "Gaza Strip", "admin2": "Gaza City", "admin3": null, "location": "Gaza - Sabra", "latitude": 31.5086, "longitude": 34.4493, "geo_precision": 1, "source": "Palestine News and Information Agency", "source_scale": "National", "notes": "On 28 February 2024, Israeli artillery struck houses in Gaza - Sabra (Gaza City, Gaza Strip), leaving a number of injuries.", "fatalities": 0, "tags": null, "timestamp": 1759790002 }, "geometry": { "type": "Point", "coordinates": [ 34.4493, 31.5086 ] } },
{ "type": "Feature", "properties": { "event_id_cnty": "PSE47905", "event_date": "2/28/2024", "year": 2024, "time_precision": 1, "disorder_type": "Political violence", "event_type": "Explosions/Remote violence", "sub_event_type": "Shelling/artillery/missile attack", "actor1": "Military Forces of Israel (2022-)", "assoc_actor_1": null, "inter1": 8, "actor2": "Civilians (Palestine)", "assoc_actor_2": null, "inter2": 7, "interaction": 78, "civilian_targeting": "Civilian targeting", "iso": 275, "region": "Middle East", "country": "Palestine", "admin1": "Gaza Strip", "admin2": "Gaza City", "admin3": null, "location": "Gaza - Southern Remal", "latitude": 31.5168, "longitude": 34.4355, "geo_precision": 1, "source": "Palestine News and Information Agency", "source_scale": "National", "notes": "On 28 February 2024, Israeli artillery struck houses in Gaza - Southern Remal (Gaza City, Gaza Strip), leaving a number of injuries.", "fatalities": 0, "tags": null, "timestamp": 1759790002 }, "geometry": { "type": "Point", "coordinates": [ 34.4355, 31.5168 ] } },
{ "type": "Feature", "properties": { "event_id_cnty": "PSE47989", "event_date": "2/28/2024", "year": 2024, "time_precision": 1, "disorder_type": "Political violence", "event_type": "Explosions/Remote violence", "sub_event_type": "Shelling/artillery/missile attack", "actor1": "Military Forces of Israel (2022-)", "assoc_actor_1": null, "inter1": 8, "actor2": "Civilians (Palestine)", "assoc_actor_2": null, "inter2": 7, "interaction": 78, "civilian_targeting": "Civilian targeting", "iso": 275, "region": "Middle East", "country": "Palestine", "admin1": "Gaza Strip", "admin2": "Khan Yunis", "admin3": null, "location": "Khan Yunis - West (Municipal Stadium)", "latitude": 31.3484, "longitude": 34.2961, "geo_precision": 1, "source": "Newpress; Palestine News and Information Agency; Quds News Network; Twitter", "source_scale": "New media-National", "notes": "On 28 February 2024, Israeli artillery shelled the Nasser Hospital and Khan Yunis camp in western Khan Yunis (coded to Khan Yunis - West (Municipal Stadium), Gaza Strip), causing fire. No casualties.", "fatalities": 0, "tags": null, "timestamp": 1753955113 }, "geometry": { "type": "Point", "coordinates": [ 34.2961, 31.3484 ] } },
{ "type": "Feature", "properties": { "event_id_cnty": "PSE60065", "event_date": "2/28/2024", "year": 2024, "time_precision": 1, "disorder_type": "Political violence", "event_type": "Violence against civilians", "sub_event_type": "Attack", "actor1": "Military Forces of Israel (2022-)", "assoc_actor_1": null, "inter1": 8, "actor2": "Civilians (Palestine)", "assoc_actor_2": null, "inter2": 7, "interaction": 78, "civilian_targeting": "Civilian targeting", "iso": 275, "region": "Middle East", "country": "Palestine", "admin1": "Gaza Strip", "admin2": "Khan Yunis", "admin3": null, "location": "Khan Yunis - West (Municipal Stadium)", "latitude": 31.3484, "longitude": 34.2961, "geo_precision": 1, "source": "Newpress; Palestine News and Information Agency; Quds News Network; Twitter", "source_scale": "New media-National", "notes": "On 28 February 2024, a Palestinian was killed by an Israeli sniper in western Khan Yunis (coded to Khan Yunis - West (Municipal Stadium), Gaza Strip).", "fatalities": 1, "tags": null, "timestamp": 1753956638 }, "geometry": { "type": "Point", "coordinates": [ 34.2961, 31.3484 ] } },
{ "type": "Feature", "properties": { "event_id_cnty": "PSE47857", "event_date": "2/28/2024", "year": 2024, "time_precision": 1, "disorder_type": "Political violence", "event_type": "Explosions/Remote violence", "sub_event_type": "Air/drone strike", "actor1": "Military Forces of Israel (2022-)", "assoc_actor_1": null, "inter1": 8, "actor2": "Civilians (Palestine)", "assoc_actor_2": null, "inter2": 7, "interaction": 78, "civilian_targeting": "Civilian targeting", "iso": 275, "region": "Middle East", "country": "Palestine", "admin1": "Gaza Strip", "admin2": "Gaza City", "admin3": null, "location": "Gaza - Ash Shaykh Ijlin", "latitude": 31.5098, "longitude": 34.4274, "geo_precision": 1, "source": "Palestine News and Information Agency; Quds News Network; Twitter", "source_scale": "New media-National", "notes": "On 28 February 2024, Israeli warplanes struck a house in Gaza - Ash Shaykh Ijlin (Gaza City, Gaza Strip). Meanwhile, gunboats opened fire in the vicinity of Ash Shaykh Ijlin mosque. Casualties unknown.", "fatalities": 0, "tags": null, "timestamp": 1753955113 }, "geometry": { "type": "Point", "coordinates": [ 34.4274, 31.5098 ] } },
{ "type": "Feature", "properties": { "event_id_cnty": "PSE48082", "event_date": "2/28/2024", "year": 2024, "time_precision": 1, "disorder_type": "Political violence", "event_type": "Explosions/Remote violence", "sub_event_type": "Air/drone strike", "actor1": "Military Forces of Israel (2022-)", "assoc_actor_1": null, "inter1": 8, "actor2": "Civilians (Palestine)", "assoc_actor_2": null, "inter2": 7, "interaction": 78, "civilian_targeting": "Civilian targeting", "iso": 275, "region": "Middle East", "country": "Palestine", "admin1": "Gaza Strip", "admin2": "Rafah", "admin3": null, "location": "Yibna", "latitude": 31.2842, "longitude": 34.2482, "geo_precision": 2, "source": "Palestine News and Information Agency; PLO Negotiations Affairs Department; Quds News Network; Twitter", "source_scale": "Other-New media", "notes": "On 28 February 2024, Israeli carried out airstrikes east of Rafah, coded to Yibna (Rafah, Gaza Strip), leaving a number of injuries. Also, artillery and tanks shelled targets in the northeast of Rafah.", "fatalities": 0, "tags": null, "timestamp": 1753955113 }, "geometry": { "type": "Point", "coordinates": [ 34.2482, 31.2842 ] } },
{ "type": "Feature", "properties": { "event_id_cnty": "PSE47876", "event_date": "2/28/2024", "year": 2024, "time_precision": 1, "disorder_type": "Political violence", "event_type": "Explosions/Remote violence", "sub_event_type": "Air/drone strike", "actor1": "Military Forces of Israel (2022-)", "assoc_actor_1": null, "inter1": 8, "actor2": "Civilians (Palestine)", "assoc_actor_2": null, "inter2": 7, "interaction": 78, "civilian_targeting": "Civilian targeting", "iso": 275, "region": "Middle East", "country": "Palestine", "admin1": "Gaza Strip", "admin2": "Gaza City", "admin3": null, "location": "Gaza - Az Zaytun", "latitude": 31.4964, "longitude": 34.4522, "geo_precision": 1, "source": "Arab 48; Liveuamap; Palestine News and Information Agency; Palestinian Ministry of Health; Quds News Network; Twitter", "source_scale": "Local partner-New media", "notes": "On 28 February 2024, Israeli warplanes struck houses in Gaza - Az Zaytun (Gaza City, Gaza Strip), leaving an unspecified number of fatalities and injuries. Meanwhile, artillery and tanks opened fire and shelled the same area. Casualties unknown. [Palestinian Ministry of Health reported 30035 fatalities upto 28 February. 4 fatalities not attributed to specific events added to 1 event on 28 February. 4 fatalities coded to this event.]", "fatalities": 4, "tags": null, "timestamp": 1759789988 }, "geometry": { "type": "Point", "coordinates": [ 34.4522, 31.4964 ] } },
{ "type": "Feature", "properties": { "event_id_cnty": "PSE48042", "event_date": "2/28/2024", "year": 2024, "time_precision": 1, "disorder_type": "Political violence", "event_type": "Explosions/Remote violence", "sub_event_type": "Air/drone strike", "actor1": "Military Forces of Israel (2022-)", "assoc_actor_1": null, "inter1": 8, "actor2": "Civilians (Palestine)", "assoc_actor_2": null, "inter2": 7, "interaction": 78, "civilian_targeting": "Civilian targeting", "iso": 275, "region": "Middle East", "country": "Palestine", "admin1": "Gaza Strip", "admin2": "Rafah", "admin3": null, "location": "Rafah", "latitude": 31.287, "longitude": 34.2595, "geo_precision": 1, "source": "Liveuamap; Palestine News and Information Agency", "source_scale": "Local partner-New media", "notes": "On 28 February 2024, Israeli warplanes carried out airstrikes in central Rafah city (Rafah, Gaza Strip), leaving a number of injuries. Meanwhile, artillery shelled the same area.", "fatalities": 0, "tags": null, "timestamp": 1762829569 }, "geometry": { "type": "Point", "coordinates": [ 34.2595, 31.287 ] } }
]
}
