{
"type": "FeatureCollection",
"name": "oct2024",
"crs": { "type": "name", "properties": { "name": "urn:ogc:def:crs:OGC:1.3:CRS84" } },
"features": [
{ "type": "Feature", "properties": { "event_id_cnty": "PSE60456", "event_date": "10/1/2024", "year": 2024, "time_precision": 1, "disorder_type": "Political violence", "event_type": "Explosions/Remote violence", "sub_event_type": "Air/drone strike", "actor1": "Military Forces of Israel (2022-)", "assoc_actor_1": null, "inter1": 8, "actor2": "Civilians (Palestine)", "assoc_actor_2": null, "inter2": 7, "interaction": 78, "civilian_targeting": "Civilian targeting", "iso": 275, "region": "Middle East", "country": "Palestine", "admin1": "Gaza Strip", "admin2": "Deir El Balah", "admin3": null, "location": "Al Burayj", "latitude": 31.4394, "longitude": 34.4031, "geo_precision": 1, "source": "Arab 48; Dunia Al Watan; Newpress; Quds News Network; Twitter", "source_scale": "New media-National", "notes": "On 1 October 2024, at around 16:51, Israeli warplanes struck a killed 3 children at the entrance of Al Burayj Camp (Deir El Balah, Gaza Strip).", "fatalities": 3, "tags": null, "timestamp": 1753956638 }, "geometry": { "type": "Point", "coordinates": [ 34.4031, 31.4394 ] } },
{ "type": "Feature", "properties": { "event_id_cnty": "PSE60492", "event_date": "10/1/2024", "year": 2024, "time_precision": 1, "disorder_type": "Political violence", "event_type": "Explosions/Remote violence", "sub_event_type": "Air/drone strike", "actor1": "Military Forces of Israel (2022-)", "assoc_actor_1": null, "inter1": 8, "actor2": "Civilians (Palestine)", "assoc_actor_2": "Refugees/IDPs (Palestine)", "inter2": 7, "interaction": 78, "civilian_targeting": "Civilian targeting", "iso": 275, "region": "Middle East", "country": "Palestine", "admin1": "Gaza Strip", "admin2": "Deir El Balah", "admin3": null, "location": "An Nusayrat", "latitude": 31.4486, "longitude": 34.3925, "geo_precision": 1, "source": "Ma'an News Agency; Palestine News and Information Agency; Quds News Network", "source_scale": "National", "notes": "On 1 October 2024, at approximately 13:00, Israeli warplanes struck a group of people in An Nusayrat Camp (Deir El Balah, Gaza Strip), killing 3 Palestinians and injuring 8 more.", "fatalities": 3, "tags": null, "timestamp": 1753956638 }, "geometry": { "type": "Point", "coordinates": [ 34.3925, 31.4486 ] } },
{ "type": "Feature", "properties": { "event_id_cnty": "PSE60601", "event_date": "10/1/2024", "year": 2024, "time_precision": 1, "disorder_type": "Political violence", "event_type": "Explosions/Remote violence", "sub_event_type": "Air/drone strike", "actor1": "Military Forces of Israel (2022-)", "assoc_actor_1": null, "inter1": 8, "actor2": "Civilians (Palestine)", "assoc_actor_2": null, "inter2": 7, "interaction": 78, "civilian_targeting": "Civilian targeting", "iso": 275, "region": "Middle East", "country": "Palestine", "admin1": "Gaza Strip", "admin2": "Gaza City", "admin3": null, "location": "Gaza - Shujaiyya", "latitude": 31.4988, "longitude": 34.4699, "geo_precision": 1, "source": "Arab 48; Ma'an News Agency; Newpress; Quds News Network; Twitter", "source_scale": "New media-National", "notes": "On 1 October 2024, at approximately 22:25, Israeli warplanes struck a house at Nazir street in Gaza - Shujaiyya (Gaza City, Gaza Strip), killing 8 Palestinians.", "fatalities": 8, "tags": null, "timestamp": 1759790002 }, "geometry": { "type": "Point", "coordinates": [ 34.4699, 31.4988 ] } },
{ "type": "Feature", "properties": { "event_id_cnty": "PSE60659", "event_date": "10/1/2024", "year": 2024, "time_precision": 1, "disorder_type": "Political violence", "event_type": "Explosions/Remote violence", "sub_event_type": "Air/drone strike", "actor1": "Military Forces of Israel (2022-)", "assoc_actor_1": null, "inter1": 8, "actor2": "Civilians (Palestine)", "assoc_actor_2": null, "inter2": 7, "interaction": 78, "civilian_targeting": "Civilian targeting", "iso": 275, "region": "Middle East", "country": "Palestine", "admin1": "Gaza Strip", "admin2": "Khan Yunis", "admin3": null, "location": "Khan Yunis - West (Municipal Stadium)", "latitude": 31.3484, "longitude": 34.2961, "geo_precision": 2, "source": "Dunia Al Watan; Newpress; Palestine News and Information Agency; Quds News Network; Twitter", "source_scale": "New media-National", "notes": "On 1 October 2024, at approximately 13:40, Israeli warplanes struck a passing car west near Al Namsawi of Khan Yunis, coded to (Khan Yunis - West (Municipal Stadium), Gaza Strip), killing 6 Palestinians including a child.", "fatalities": 6, "tags": null, "timestamp": 1753956638 }, "geometry": { "type": "Point", "coordinates": [ 34.2961, 31.3484 ] } },
{ "type": "Feature", "properties": { "event_id_cnty": "PSE60794", "event_date": "10/1/2024", "year": 2024, "time_precision": 1, "disorder_type": "Political violence", "event_type": "Explosions/Remote violence", "sub_event_type": "Shelling/artillery/missile attack", "actor1": "Military Forces of Israel (2022-)", "assoc_actor_1": null, "inter1": 8, "actor2": "Civilians (Palestine)", "assoc_actor_2": null, "inter2": 7, "interaction": 78, "civilian_targeting": "Civilian targeting", "iso": 275, "region": "Middle East", "country": "Palestine", "admin1": "Gaza Strip", "admin2": "Khan Yunis", "admin3": null, "location": "Khan Yunis - Maen", "latitude": 31.336, "longitude": 34.3172, "geo_precision": 1, "source": "Arab 48; Quds News Network", "source_scale": "National", "notes": "On 1 October 2024, at approximately 20:21, Israeli artillery shelled the Khan Yunis - Maen (Khan Yunis, Gaza Strip). Unspecified number of Palestinians were killed [coded as 3].", "fatalities": 3, "tags": null, "timestamp": 1753956638 }, "geometry": { "type": "Point", "coordinates": [ 34.3172, 31.336 ] } },
{ "type": "Feature", "properties": { "event_id_cnty": "PSE60544", "event_date": "10/1/2024", "year": 2024, "time_precision": 1, "disorder_type": "Political violence", "event_type": "Violence against civilians", "sub_event_type": "Attack", "actor1": "Military Forces of Israel (2022-)", "assoc_actor_1": null, "inter1": 8, "actor2": "Civilians (Palestine)", "assoc_actor_2": "Health Workers (Palestine); Refugees/IDPs (Palestine)", "inter2": 7, "interaction": 78, "civilian_targeting": "Civilian targeting", "iso": 275, "region": "Middle East", "country": "Palestine", "admin1": "Gaza Strip", "admin2": "Gaza City", "admin3": null, "location": "Gaza - Nezarim", "latitude": 31.484, "longitude": 34.4056, "geo_precision": 2, "source": "Arab 48; Israeli Defense Forces; Jerusalem Post; Palestine News and Information Agency; Twitter", "source_scale": "Other-New media", "notes": "On 1 October 2024, at approximately 00:00, Israeli forces opened fire at displaced Palestinians who were attempting to return to the northern Gaza Strip near Gaza - Nezarim (Gaza City, Gaza Strip), leaving several injuries. Also, soldiers opened fire at Palestinian ambulances [there were no casualties].", "fatalities": 0, "tags": null, "timestamp": 1753956638 }, "geometry": { "type": "Point", "coordinates": [ 34.4056, 31.484 ] } },
{ "type": "Feature", "properties": { "event_id_cnty": "PSE60577", "event_date": "10/1/2024", "year": 2024, "time_precision": 1, "disorder_type": "Political violence", "event_type": "Explosions/Remote violence", "sub_event_type": "Air/drone strike", "actor1": "Military Forces of Israel (2022-)", "assoc_actor_1": null, "inter1": 8, "actor2": "Civilians (Palestine)", "assoc_actor_2": null, "inter2": 7, "interaction": 78, "civilian_targeting": "Civilian targeting", "iso": 275, "region": "Middle East", "country": "Palestine", "admin1": "Gaza Strip", "admin2": "Gaza City", "admin3": null, "location": "Gaza - Az Zaytun", "latitude": 31.4964, "longitude": 34.4522, "geo_precision": 1, "source": "Dunia Al Watan; Palestine News and Information Agency; Quds News Network", "source_scale": "National", "notes": "On 1 October 2024, at around 10:40, Israeli warplanes struck a house in al-Nadim Street in Gaza - Az Zaytun (Gaza City, Gaza Strip), killing 2 Palestinians and injuring others. Also, at approximately 6:29 and 22:45, Israeli artillery shelled targets in Az Zaytun [casualties unknown]. Total fatalities were at least 2.", "fatalities": 2, "tags": null, "timestamp": 1759790002 }, "geometry": { "type": "Point", "coordinates": [ 34.4522, 31.4964 ] } },
{ "type": "Feature", "properties": { "event_id_cnty": "PSE60647", "event_date": "10/1/2024", "year": 2024, "time_precision": 1, "disorder_type": "Political violence", "event_type": "Explosions/Remote violence", "sub_event_type": "Air/drone strike", "actor1": "Military Forces of Israel (2022-)", "assoc_actor_1": null, "inter1": 8, "actor2": "Civilians (Palestine)", "assoc_actor_2": null, "inter2": 7, "interaction": 78, "civilian_targeting": "Civilian targeting", "iso": 275, "region": "Middle East", "country": "Palestine", "admin1": "Gaza Strip", "admin2": "Khan Yunis", "admin3": null, "location": "Khan Yunis - Jourat Al-Loot", "latitude": 31.3314, "longitude": 34.3004, "geo_precision": 2, "source": "Arab 48; Quds News Network", "source_scale": "National", "notes": "On 1 October 2024, at approximately 22:49, Israeli warplanes struck 2 houses in Al Manarah area south of Khan Yunis, coded to Khan Yunis - Jourat Al-Loot (Khan Yunis, Gaza Strip), Killing a Palestinian and leaving a number of injuries.", "fatalities": 1, "tags": null, "timestamp": 1753956638 }, "geometry": { "type": "Point", "coordinates": [ 34.3004, 31.3314 ] } },
{ "type": "Feature", "properties": { "event_id_cnty": "PSE60661", "event_date": "10/1/2024", "year": 2024, "time_precision": 1, "disorder_type": "Political violence", "event_type": "Explosions/Remote violence", "sub_event_type": "Air/drone strike", "actor1": "Military Forces of Israel (2022-)", "assoc_actor_1": null, "inter1": 8, "actor2": "Civilians (Palestine)", "assoc_actor_2": null, "inter2": 7, "interaction": 78, "civilian_targeting": "Civilian targeting", "iso": 275, "region": "Middle East", "country": "Palestine", "admin1": "Gaza Strip", "admin2": "Rafah", "admin3": null, "location": "Khirbet al Adas", "latitude": 31.2855, "longitude": 34.2714, "geo_precision": 2, "source": "Dunia Al Watan", "source_scale": "National", "notes": "On 1 October 2024, Israeli forces killed 2 Palestinians, likely by airstrikes in Musabba area north of Rafah, coded to Khirbet al Adas (Rafah, Gaza Strip).", "fatalities": 2, "tags": null, "timestamp": 1753956638 }, "geometry": { "type": "Point", "coordinates": [ 34.2714, 31.2855 ] } },
{ "type": "Feature", "properties": { "event_id_cnty": "PSE60662", "event_date": "10/1/2024", "year": 2024, "time_precision": 1, "disorder_type": "Political violence", "event_type": "Explosions/Remote violence", "sub_event_type": "Air/drone strike", "actor1": "Military Forces of Israel (2022-)", "assoc_actor_1": null, "inter1": 8, "actor2": "Civilians (Palestine)", "assoc_actor_2": null, "inter2": 7, "interaction": 78, "civilian_targeting": "Civilian targeting", "iso": 275, "region": "Middle East", "country": "Palestine", "admin1": "Gaza Strip", "admin2": "Rafah", "admin3": null, "location": "Khirbet al Adas", "latitude": 31.2855, "longitude": 34.2714, "geo_precision": 1, "source": "Ma'an News Agency; Quds News Network", "source_scale": "National", "notes": "On 1 October 2024, rescue teams recovered 3 bodies of Palestinians in Khirbet al Adas (Rafah, Gaza Strip), killed by airstrikes.", "fatalities": 3, "tags": null, "timestamp": 1753956638 }, "geometry": { "type": "Point", "coordinates": [ 34.2714, 31.2855 ] } },
{ "type": "Feature", "properties": { "event_id_cnty": "PSE60687", "event_date": "10/1/2024", "year": 2024, "time_precision": 1, "disorder_type": "Political violence", "event_type": "Explosions/Remote violence", "sub_event_type": "Air/drone strike", "actor1": "Military Forces of Israel (2022-)", "assoc_actor_1": null, "inter1": 8, "actor2": "Civilians (Palestine)", "assoc_actor_2": null, "inter2": 7, "interaction": 78, "civilian_targeting": "Civilian targeting", "iso": 275, "region": "Middle East", "country": "Palestine", "admin1": "Gaza Strip", "admin2": "Khan Yunis", "admin3": null, "location": "Qizan an Najjar", "latitude": 31.323, "longitude": 34.2761, "geo_precision": 1, "source": "Newpress; Quds News Network; Twitter", "source_scale": "New media-National", "notes": "On 1 October 2024, at approximately 22:31, Israeli UAVs opened fire and struck a house in Qizan an Najjar, causing injuries. Also, at approximately 19:51, Israeli troops advanced toward Qizan an Najjar (Khan Yunis, Gaza Strip) amid artillery and tanks fire. Unspecified number of Palestinians were killed [coded as 3].", "fatalities": 3, "tags": null, "timestamp": 1753956638 }, "geometry": { "type": "Point", "coordinates": [ 34.2761, 31.323 ] } },
{ "type": "Feature", "properties": { "event_id_cnty": "PSE60454", "event_date": "10/2/2024", "year": 2024, "time_precision": 1, "disorder_type": "Political violence", "event_type": "Explosions/Remote violence", "sub_event_type": "Air/drone strike", "actor1": "Military Forces of Israel (2022-)", "assoc_actor_1": null, "inter1": 8, "actor2": "Civilians (Palestine)", "assoc_actor_2": null, "inter2": 7, "interaction": 78, "civilian_targeting": "Civilian targeting", "iso": 275, "region": "Middle East", "country": "Palestine", "admin1": "Gaza Strip", "admin2": "Khan Yunis", "admin3": null, "location": "Abasan al Kabirah", "latitude": 31.3191, "longitude": 34.3401, "geo_precision": 1, "source": "Arab 48", "source_scale": "National", "notes": "On 2 October 2024, Israeli warplanes struck a house in Abasan al Kabirah (Khan Yunis, Gaza Strip). Casualties unknown.", "fatalities": 0, "tags": null, "timestamp": 1753956638 }, "geometry": { "type": "Point", "coordinates": [ 34.3401, 31.3191 ] } },
{ "type": "Feature", "properties": { "event_id_cnty": "PSE60494", "event_date": "10/2/2024", "year": 2024, "time_precision": 1, "disorder_type": "Political violence", "event_type": "Explosions/Remote violence", "sub_event_type": "Air/drone strike", "actor1": "Military Forces of Israel (2022-)", "assoc_actor_1": null, "inter1": 8, "actor2": "Civilians (Palestine)", "assoc_actor_2": "Refugees/IDPs (Palestine)", "inter2": 7, "interaction": 78, "civilian_targeting": "Civilian targeting", "iso": 275, "region": "Middle East", "country": "Palestine", "admin1": "Gaza Strip", "admin2": "Deir El Balah", "admin3": null, "location": "An Nusayrat", "latitude": 31.4486, "longitude": 34.3925, "geo_precision": 1, "source": "Al-Ittihad; Palestine News and Information Agency; Quds News Network", "source_scale": "National-Regional", "notes": "On 2 October 2024, at approximately 19:00, Israeli warplanes and UAVs struck in An Nusayrat Camp (Deir El Balah, Gaza Strip), killing 10 persons and injuring 27 more in An Nusayrat and Al Burayj [fatalities split across 2 event, 5 coded to this location].", "fatalities": 5, "tags": null, "timestamp": 1753956638 }, "geometry": { "type": "Point", "coordinates": [ 34.3925, 31.4486 ] } },
{ "type": "Feature", "properties": { "event_id_cnty": "PSE60506", "event_date": "10/2/2024", "year": 2024, "time_precision": 1, "disorder_type": "Political violence", "event_type": "Explosions/Remote violence", "sub_event_type": "Air/drone strike", "actor1": "Military Forces of Israel (2022-)", "assoc_actor_1": null, "inter1": 8, "actor2": "Civilians (Palestine)", "assoc_actor_2": null, "inter2": 7, "interaction": 78, "civilian_targeting": "Civilian targeting", "iso": 275, "region": "Middle East", "country": "Palestine", "admin1": "Gaza Strip", "admin2": "Deir El Balah", "admin3": null, "location": "An Nusayrat - West", "latitude": 31.4525, "longitude": 34.3756, "geo_precision": 1, "source": "Palestine News and Information Agency; Quds News Network", "source_scale": "National", "notes": "On 2 October 2024, at approximately 16:00, Israeli UAVs struck a group of people in Al Sawarha area in An Nusayrat - West (Deir El Balah, Gaza Strip), killing 4 Palestinians and injuring others.", "fatalities": 4, "tags": null, "timestamp": 1753956638 }, "geometry": { "type": "Point", "coordinates": [ 34.3756, 31.4525 ] } },
{ "type": "Feature", "properties": { "event_id_cnty": "PSE60565", "event_date": "10/2/2024", "year": 2024, "time_precision": 1, "disorder_type": "Political violence", "event_type": "Explosions/Remote violence", "sub_event_type": "Air/drone strike", "actor1": "Military Forces of Israel (2022-)", "assoc_actor_1": null, "inter1": 8, "actor2": "Civilians (Palestine)", "assoc_actor_2": "Refugees/IDPs (Palestine)", "inter2": 7, "interaction": 78, "civilian_targeting": "Civilian targeting", "iso": 275, "region": "Middle East", "country": "Palestine", "admin1": "Gaza Strip", "admin2": "Gaza City", "admin3": null, "location": "Gaza - Ash Shati' Camp", "latitude": 31.5349, "longitude": 34.4466, "geo_precision": 1, "source": "Ma'an News Agency; Newpress; Quds News Network; Twitter", "source_scale": "New media-National", "notes": "On 2 October 2024, at approximately 12:31, Israeli warplanes a target in Gaza - Ash Shati' Camp (Gaza City, Gaza Strip), killing 3 brothers.", "fatalities": 3, "tags": null, "timestamp": 1759790002 }, "geometry": { "type": "Point", "coordinates": [ 34.4466, 31.5349 ] } },
{ "type": "Feature", "properties": { "event_id_cnty": "PSE60580", "event_date": "10/2/2024", "year": 2024, "time_precision": 1, "disorder_type": "Political violence", "event_type": "Explosions/Remote violence", "sub_event_type": "Shelling/artillery/missile attack", "actor1": "Military Forces of Israel (2022-)", "assoc_actor_1": null, "inter1": 8, "actor2": "Civilians (Palestine)", "assoc_actor_2": null, "inter2": 7, "interaction": 78, "civilian_targeting": "Civilian targeting", "iso": 275, "region": "Middle East", "country": "Palestine", "admin1": "Gaza Strip", "admin2": "Deir El Balah", "admin3": null, "location": "An Nusayrat - North", "latitude": 31.4591, "longitude": 34.3923, "geo_precision": 1, "source": "Quds News Network", "source_scale": "National", "notes": "On 2 October 2024, at approximately 14:34, Israeli artillery shelled a target near al-Orubah School in An Nusayrat - North (Deir El Balah, Gaza Strip), leaving fatalities and injuries [unspecified fatalities coded as 3].", "fatalities": 3, "tags": null, "timestamp": 1753956638 }, "geometry": { "type": "Point", "coordinates": [ 34.3923, 31.4591 ] } },
{ "type": "Feature", "properties": { "event_id_cnty": "PSE60651", "event_date": "10/2/2024", "year": 2024, "time_precision": 1, "disorder_type": "Political violence", "event_type": "Explosions/Remote violence", "sub_event_type": "Air/drone strike", "actor1": "Military Forces of Israel (2022-)", "assoc_actor_1": null, "inter1": 8, "actor2": "Civilians (Palestine)", "assoc_actor_2": null, "inter2": 7, "interaction": 78, "civilian_targeting": "Civilian targeting", "iso": 275, "region": "Middle East", "country": "Palestine", "admin1": "Gaza Strip", "admin2": "Khan Yunis", "admin3": null, "location": "Khan Yunis - Maen", "latitude": 31.336, "longitude": 34.3172, "geo_precision": 1, "source": "Arab 48; Dunia Al Watan; Ma'an News Agency; Palestine News and Information Agency; Quds News Network", "source_scale": "National", "notes": "On 2 October 2024, at approximately 01:43, Israeli warplanes struck houses in Khan Yunis - Maen (Khan Yunis, Gaza Strip) amid artillery fire, killing at least 22 Palestinians and injuring others, including women and children.", "fatalities": 22, "tags": null, "timestamp": 1753956638 }, "geometry": { "type": "Point", "coordinates": [ 34.3172, 31.336 ] } },
{ "type": "Feature", "properties": { "event_id_cnty": "PSE60665", "event_date": "10/2/2024", "year": 2024, "time_precision": 1, "disorder_type": "Political violence", "event_type": "Explosions/Remote violence", "sub_event_type": "Air/drone strike", "actor1": "Military Forces of Israel (2022-)", "assoc_actor_1": null, "inter1": 8, "actor2": "Civilians (Palestine)", "assoc_actor_2": null, "inter2": 7, "interaction": 78, "civilian_targeting": "Civilian targeting", "iso": 275, "region": "Middle East", "country": "Palestine", "admin1": "Gaza Strip", "admin2": "Khan Yunis", "admin3": null, "location": "Khuzaa", "latitude": 31.3069, "longitude": 34.3572, "geo_precision": 1, "source": "Al-Ittihad; Arab 48; Palestine News and Information Agency; Quds News Network", "source_scale": "National-Regional", "notes": "On 2 October 2024, at approximately 04:00, Israeli warplanes a house in Khuzaa town (Khan Yunis, Gaza Strip), killing 3 Palestinians.", "fatalities": 3, "tags": null, "timestamp": 1753956638 }, "geometry": { "type": "Point", "coordinates": [ 34.3572, 31.3069 ] } },
{ "type": "Feature", "properties": { "event_id_cnty": "PSE60792", "event_date": "10/2/2024", "year": 2024, "time_precision": 1, "disorder_type": "Political violence", "event_type": "Explosions/Remote violence", "sub_event_type": "Shelling/artillery/missile attack", "actor1": "Military Forces of Israel (2022-)", "assoc_actor_1": null, "inter1": 8, "actor2": "Civilians (Palestine)", "assoc_actor_2": null, "inter2": 7, "interaction": 78, "civilian_targeting": "Civilian targeting", "iso": 275, "region": "Middle East", "country": "Palestine", "admin1": "Gaza Strip", "admin2": "Gaza City", "admin3": null, "location": "Gaza - Tal el Hawa", "latitude": 31.5041, "longitude": 34.435, "geo_precision": 1, "source": "Al-Ittihad; Palestine News and Information Agency; Quds News Network", "source_scale": "National-Regional", "notes": "On 2 October 2024, at approximately 19:00, Israeli artillery shelled near the Bank of Palestine in Gaza - Tal el Hawa (Gaza City, Gaza Strip), killing a child and injuring 2 persons.", "fatalities": 1, "tags": null, "timestamp": 1759790002 }, "geometry": { "type": "Point", "coordinates": [ 34.435, 31.5041 ] } },
{ "type": "Feature", "properties": { "event_id_cnty": "PSE60649", "event_date": "10/2/2024", "year": 2024, "time_precision": 1, "disorder_type": "Political violence", "event_type": "Explosions/Remote violence", "sub_event_type": "Air/drone strike", "actor1": "Military Forces of Israel (2022-)", "assoc_actor_1": null, "inter1": 8, "actor2": "Civilians (Palestine)", "assoc_actor_2": null, "inter2": 7, "interaction": 78, "civilian_targeting": "Civilian targeting", "iso": 275, "region": "Middle East", "country": "Palestine", "admin1": "Gaza Strip", "admin2": "Khan Yunis", "admin3": null, "location": "Khan Yunis - Jourat Al-Loot", "latitude": 31.3314, "longitude": 34.3004, "geo_precision": 2, "source": "Dunia Al Watan; Ma'an News Agency; Palestine News and Information Agency; Quds News Network", "source_scale": "National", "notes": "On 2 October 2024, at approximately 02:25, Israeli warplanes struck houses in Al Manarah area south if Khan Yunis, coded to Khan Yunis - Jourat Al-Loot (Khan Yunis, Gaza Strip), killing 4 Palestinians and injuring others, including women and children.", "fatalities": 4, "tags": null, "timestamp": 1753956638 }, "geometry": { "type": "Point", "coordinates": [ 34.3004, 31.3314 ] } },
{ "type": "Feature", "properties": { "event_id_cnty": "PSE60689", "event_date": "10/2/2024", "year": 2024, "time_precision": 1, "disorder_type": "Political violence", "event_type": "Explosions/Remote violence", "sub_event_type": "Air/drone strike", "actor1": "Military Forces of Israel (2022-)", "assoc_actor_1": null, "inter1": 8, "actor2": "Civilians (Palestine)", "assoc_actor_2": null, "inter2": 7, "interaction": 78, "civilian_targeting": "Civilian targeting", "iso": 275, "region": "Middle East", "country": "Palestine", "admin1": "Gaza Strip", "admin2": "Khan Yunis", "admin3": null, "location": "Qizan an Najjar", "latitude": 31.323, "longitude": 34.2761, "geo_precision": 1, "source": "Arab 48; Dunia Al Watan; Ma'an News Agency; Palestine News and Information Agency", "source_scale": "National", "notes": "On 2 October 2024, at approximately 02:00, Israeli warplanes struck a house in Qizan an Najjar (Khan Yunis, Gaza Strip), killing 5 Palestinians and injuring others, including women and children.", "fatalities": 5, "tags": null, "timestamp": 1753956638 }, "geometry": { "type": "Point", "coordinates": [ 34.2761, 31.323 ] } },
{ "type": "Feature", "properties": { "event_id_cnty": "PSE60496", "event_date": "10/3/2024", "year": 2024, "time_precision": 1, "disorder_type": "Political violence", "event_type": "Explosions/Remote violence", "sub_event_type": "Air/drone strike", "actor1": "Military Forces of Israel (2022-)", "assoc_actor_1": null, "inter1": 8, "actor2": "Civilians (Palestine)", "assoc_actor_2": "Refugees/IDPs (Palestine)", "inter2": 7, "interaction": 78, "civilian_targeting": "Civilian targeting", "iso": 275, "region": "Middle East", "country": "Palestine", "admin1": "Gaza Strip", "admin2": "Deir El Balah", "admin3": null, "location": "An Nusayrat", "latitude": 31.4486, "longitude": 34.3925, "geo_precision": 1, "source": "Palestine News and Information Agency; Quds News Network", "source_scale": "National", "notes": "On 3 October 2024, at approximately 08:00, Israeli warplanes struck a house in Abu Mhadi land in An Nusayrat Camp (Deir El Balah, Gaza Strip), killing 2 Palestinians including a child and leaving a number of injuries. Also, warplanes dropped incendiary bombs at houses, causing fire.", "fatalities": 2, "tags": null, "timestamp": 1753956638 }, "geometry": { "type": "Point", "coordinates": [ 34.3925, 31.4486 ] } },
{ "type": "Feature", "properties": { "event_id_cnty": "PSE60507", "event_date": "10/3/2024", "year": 2024, "time_precision": 1, "disorder_type": "Political violence", "event_type": "Explosions/Remote violence", "sub_event_type": "Air/drone strike", "actor1": "Military Forces of Israel (2022-)", "assoc_actor_1": null, "inter1": 8, "actor2": "Civilians (Palestine)", "assoc_actor_2": null, "inter2": 7, "interaction": 78, "civilian_targeting": "Civilian targeting", "iso": 275, "region": "Middle East", "country": "Palestine", "admin1": "Gaza Strip", "admin2": "Deir El Balah", "admin3": null, "location": "An Nusayrat - West", "latitude": 31.4525, "longitude": 34.3756, "geo_precision": 1, "source": "Arab 48; Ma'an News Agency; Newpress; Palestine News and Information Agency; Quds News Network; Twitter", "source_scale": "New media-National", "notes": "On 3 October 2024, at approximately 04:00, Israeli warplanes and UAVs struck a house and other targets in An Nusayrat - West (Deir El Balah, Gaza Strip), killing a Palestinian.", "fatalities": 1, "tags": null, "timestamp": 1753956638 }, "geometry": { "type": "Point", "coordinates": [ 34.3756, 31.4525 ] } },
{ "type": "Feature", "properties": { "event_id_cnty": "PSE60534", "event_date": "10/3/2024", "year": 2024, "time_precision": 1, "disorder_type": "Political violence", "event_type": "Explosions/Remote violence", "sub_event_type": "Air/drone strike", "actor1": "Military Forces of Israel (2022-)", "assoc_actor_1": null, "inter1": 8, "actor2": "Civilians (Palestine)", "assoc_actor_2": null, "inter2": 7, "interaction": 78, "civilian_targeting": "Civilian targeting", "iso": 275, "region": "Middle East", "country": "Palestine", "admin1": "Gaza Strip", "admin2": "North Gaza", "admin3": null, "location": "Beit Lahiya", "latitude": 31.5541, "longitude": 34.5016, "geo_precision": 1, "source": "Palestine News and Information Agency; Quds News Network", "source_scale": "National", "notes": "On 3 October 2024, at approximately 16:11, Israeli UAVs struck a target in the Beit Lahiya town (North Gaza, Gaza Strip), killing 2 Palestinians and injuring others.", "fatalities": 2, "tags": null, "timestamp": 1753956638 }, "geometry": { "type": "Point", "coordinates": [ 34.5016, 31.5541 ] } },
{ "type": "Feature", "properties": { "event_id_cnty": "PSE60550", "event_date": "10/3/2024", "year": 2024, "time_precision": 1, "disorder_type": "Political violence", "event_type": "Explosions/Remote violence", "sub_event_type": "Air/drone strike", "actor1": "Military Forces of Israel (2022-)", "assoc_actor_1": null, "inter1": 8, "actor2": "Civilians (Palestine)", "assoc_actor_2": "Refugees/IDPs (Palestine)", "inter2": 7, "interaction": 78, "civilian_targeting": "Civilian targeting", "iso": 275, "region": "Middle East", "country": "Palestine", "admin1": "Gaza Strip", "admin2": "Deir El Balah", "admin3": null, "location": "Deir al Balah", "latitude": 31.4178, "longitude": 34.3503, "geo_precision": 1, "source": "Israeli Defense Forces; Palestine News and Information Agency; Quds News Network; Times of Israel; Twitter", "source_scale": "Other-New media", "notes": "On 3 October 2024, at approximately 05:00 and 00:25, Israeli warplanes struck house and a site hosting displaced people in Deir al Balah city (Deir El Balah, Gaza Strip), killing a Palestinian and leaving injuries.", "fatalities": 1, "tags": null, "timestamp": 1753956638 }, "geometry": { "type": "Point", "coordinates": [ 34.3503, 31.4178 ] } },
{ "type": "Feature", "properties": { "event_id_cnty": "PSE60559", "event_date": "10/3/2024", "year": 2024, "time_precision": 1, "disorder_type": "Political violence", "event_type": "Explosions/Remote violence", "sub_event_type": "Air/drone strike", "actor1": "Military Forces of Israel (2022-)", "assoc_actor_1": null, "inter1": 8, "actor2": "Civilians (Palestine)", "assoc_actor_2": null, "inter2": 7, "interaction": 78, "civilian_targeting": "Civilian targeting", "iso": 275, "region": "Middle East", "country": "Palestine", "admin1": "Gaza Strip", "admin2": "Deir El Balah", "admin3": null, "location": "Deir al Balah Camp", "latitude": 31.4249, "longitude": 34.34, "geo_precision": 2, "source": "Palestine News and Information Agency; PLO Negotiations Affairs Department", "source_scale": "Other-National", "notes": "On 3 October 2024, Israeli warplanes struck a house east of Deir al Balah, coded to Deir al Balah Camp (Deir El Balah, Gaza Strip), killing 4 Palestinians. Also, artillery and tanks shelled targets in the same location. Casualties unknown. Fatalities coded at least 4.", "fatalities": 4, "tags": null, "timestamp": 1765850627 }, "geometry": { "type": "Point", "coordinates": [ 34.34, 31.4249 ] } },
{ "type": "Feature", "properties": { "event_id_cnty": "PSE60563", "event_date": "10/3/2024", "year": 2024, "time_precision": 1, "disorder_type": "Political violence", "event_type": "Explosions/Remote violence", "sub_event_type": "Shelling/artillery/missile attack", "actor1": "Military Forces of Israel (2022-)", "assoc_actor_1": null, "inter1": 8, "actor2": "Civilians (Palestine)", "assoc_actor_2": "Refugees/IDPs (Palestine)", "inter2": 7, "interaction": 78, "civilian_targeting": "Civilian targeting", "iso": 275, "region": "Middle East", "country": "Palestine", "admin1": "Gaza Strip", "admin2": "Deir El Balah", "admin3": null, "location": "Al Maghazi", "latitude": 31.4214, "longitude": 34.3865, "geo_precision": 2, "source": "Palestine News and Information Agency; Quds News Network", "source_scale": "National", "notes": "On 3 October 2024, at approximately 06:51, Israeli artillery shelled a school hosts displaced people east of Al Maghazi Camp (Deir El Balah, Gaza Strip). Casualties unknown.", "fatalities": 0, "tags": null, "timestamp": 1753956638 }, "geometry": { "type": "Point", "coordinates": [ 34.3865, 31.4214 ] } },
{ "type": "Feature", "properties": { "event_id_cnty": "PSE60566", "event_date": "10/3/2024", "year": 2024, "time_precision": 1, "disorder_type": "Political violence", "event_type": "Explosions/Remote violence", "sub_event_type": "Shelling/artillery/missile attack", "actor1": "Military Forces of Israel (2022-)", "assoc_actor_1": null, "inter1": 8, "actor2": "Civilians (Palestine)", "assoc_actor_2": "Refugees/IDPs (Palestine)", "inter2": 7, "interaction": 78, "civilian_targeting": "Civilian targeting", "iso": 275, "region": "Middle East", "country": "Palestine", "admin1": "Gaza Strip", "admin2": "Deir El Balah", "admin3": null, "location": "Al Maghazi", "latitude": 31.4214, "longitude": 34.3865, "geo_precision": 1, "source": "Newpress; Twitter", "source_scale": "New media-National", "notes": "On 3 October 2024, at approximately 08:26, Israeli artillery shelled a school hosts displaced people in Al Maghazi Camp (Deir El Balah, Gaza Strip), causing injuries.", "fatalities": 0, "tags": null, "timestamp": 1753956638 }, "geometry": { "type": "Point", "coordinates": [ 34.3865, 31.4214 ] } },
{ "type": "Feature", "properties": { "event_id_cnty": "PSE60567", "event_date": "10/3/2024", "year": 2024, "time_precision": 1, "disorder_type": "Political violence", "event_type": "Explosions/Remote violence", "sub_event_type": "Air/drone strike", "actor1": "Military Forces of Israel (2022-)", "assoc_actor_1": null, "inter1": 8, "actor2": "Civilians (Palestine)", "assoc_actor_2": "Refugees/IDPs (Palestine)", "inter2": 7, "interaction": 78, "civilian_targeting": "Civilian targeting", "iso": 275, "region": "Middle East", "country": "Palestine", "admin1": "Gaza Strip", "admin2": "Gaza City", "admin3": null, "location": "Gaza - Ash Shati' Camp", "latitude": 31.5349, "longitude": 34.4466, "geo_precision": 1, "source": "Arab 48; Ma'an News Agency; Palestine News and Information Agency; Quds News Network", "source_scale": "National", "notes": "On 3 October 2024, at approximately 00:53, Israeli warplanes struck a house in Gaza - Ash Shati' Camp (Gaza City, Gaza Strip), killing 7 Palestinians and injuring several of others.", "fatalities": 7, "tags": null, "timestamp": 1759790002 }, "geometry": { "type": "Point", "coordinates": [ 34.4466, 31.5349 ] } },
{ "type": "Feature", "properties": { "event_id_cnty": "PSE60643", "event_date": "10/3/2024", "year": 2024, "time_precision": 1, "disorder_type": "Political violence", "event_type": "Explosions/Remote violence", "sub_event_type": "Air/drone strike", "actor1": "Military Forces of Israel (2022-)", "assoc_actor_1": null, "inter1": 8, "actor2": "Civilians (Palestine)", "assoc_actor_2": "Refugees/IDPs (Palestine)", "inter2": 7, "interaction": 78, "civilian_targeting": "Civilian targeting", "iso": 275, "region": "Middle East", "country": "Palestine", "admin1": "Gaza Strip", "admin2": "Khan Yunis", "admin3": null, "location": "Khan Yunis", "latitude": 31.3502, "longitude": 34.3081, "geo_precision": 1, "source": "Palestine News and Information Agency", "source_scale": "National", "notes": "On 3 October 2024, at approximately 05:00, Israeli warplanes struck house and a site hosting displaced people in Khan Yunis (Khan Yunis, Gaza Strip). Casualties unknown.", "fatalities": 0, "tags": null, "timestamp": 1753956638 }, "geometry": { "type": "Point", "coordinates": [ 34.3081, 31.3502 ] } },
{ "type": "Feature", "properties": { "event_id_cnty": "PSE60653", "event_date": "10/3/2024", "year": 2024, "time_precision": 1, "disorder_type": "Political violence", "event_type": "Explosions/Remote violence", "sub_event_type": "Air/drone strike", "actor1": "Military Forces of Israel (2022-)", "assoc_actor_1": null, "inter1": 8, "actor2": "Civilians (Palestine)", "assoc_actor_2": null, "inter2": 7, "interaction": 78, "civilian_targeting": "Civilian targeting", "iso": 275, "region": "Middle East", "country": "Palestine", "admin1": "Gaza Strip", "admin2": "Khan Yunis", "admin3": null, "location": "Khan Yunis - Maen", "latitude": 31.336, "longitude": 34.3172, "geo_precision": 1, "source": "Palestine News and Information Agency", "source_scale": "National", "notes": "On 3 October 2024, at approximately 05:39, Israeli warplanes struck a house in Khan Yunis - Maen (Khan Yunis, Gaza Strip), killing and injuring Palestinians [unspecified fatalities coded as 3].", "fatalities": 3, "tags": null, "timestamp": 1753956638 }, "geometry": { "type": "Point", "coordinates": [ 34.3172, 31.336 ] } },
{ "type": "Feature", "properties": { "event_id_cnty": "PSE60685", "event_date": "10/3/2024", "year": 2024, "time_precision": 1, "disorder_type": "Political violence", "event_type": "Explosions/Remote violence", "sub_event_type": "Air/drone strike", "actor1": "Military Forces of Israel (2022-)", "assoc_actor_1": null, "inter1": 8, "actor2": "Civilians (Palestine)", "assoc_actor_2": null, "inter2": 7, "interaction": 78, "civilian_targeting": "Civilian targeting", "iso": 275, "region": "Middle East", "country": "Palestine", "admin1": "Gaza Strip", "admin2": "Khan Yunis", "admin3": null, "location": "Khuzaa", "latitude": 31.3069, "longitude": 34.3572, "geo_precision": 1, "source": "Quds News Network", "source_scale": "National", "notes": "On 3 October 2024, at approximately 16:54, Israeli warplanes struck a house in Khuzaa town (Khan Yunis, Gaza Strip), causing injuries.", "fatalities": 0, "tags": null, "timestamp": 1753956638 }, "geometry": { "type": "Point", "coordinates": [ 34.3572, 31.3069 ] } },
{ "type": "Feature", "properties": { "event_id_cnty": "PSE60652", "event_date": "10/3/2024", "year": 2024, "time_precision": 1, "disorder_type": "Political violence", "event_type": "Explosions/Remote violence", "sub_event_type": "Remote explosive/landmine/IED", "actor1": "Military Forces of Israel (2022-)", "assoc_actor_1": null, "inter1": 8, "actor2": "Civilians (Palestine)", "assoc_actor_2": null, "inter2": 7, "interaction": 78, "civilian_targeting": "Civilian targeting", "iso": 275, "region": "Middle East", "country": "Palestine", "admin1": "Gaza Strip", "admin2": "Khan Yunis", "admin3": null, "location": "Khan Yunis - Maen", "latitude": 31.336, "longitude": 34.3172, "geo_precision": 2, "source": "Quds News Network", "source_scale": "National", "notes": "On 3 October 2024, 3 children were injured, one critically, following the explosion of an Israeli unexploded ordnance [UXO] near a building of the College of Science and Technology in Khan Younis, coded to Khan Yunis - Maen (Gaza Strip).", "fatalities": 0, "tags": null, "timestamp": 1753956638 }, "geometry": { "type": "Point", "coordinates": [ 34.3172, 31.336 ] } },
{ "type": "Feature", "properties": { "event_id_cnty": "PSE60589", "event_date": "10/3/2024", "year": 2024, "time_precision": 1, "disorder_type": "Political violence", "event_type": "Explosions/Remote violence", "sub_event_type": "Air/drone strike", "actor1": "Military Forces of Israel (2022-)", "assoc_actor_1": null, "inter1": 8, "actor2": "Civilians (Palestine)", "assoc_actor_2": null, "inter2": 7, "interaction": 78, "civilian_targeting": "Civilian targeting", "iso": 275, "region": "Middle East", "country": "Palestine", "admin1": "Gaza Strip", "admin2": "Gaza City", "admin3": null, "location": "Gaza - Az Zaytun", "latitude": 31.4964, "longitude": 34.4522, "geo_precision": 1, "source": "Palestine News and Information Agency; Quds News Network", "source_scale": "National", "notes": "On 3 October 2024, at approximately 08:00, Israeli warplanes carried out strikes and artillery shelled targets in Gaza - Az Zaytun (Gaza City, Gaza Strip). Casualties unknown. At around 16:04, several Palestinians were injured by artillery shelling.", "fatalities": 0, "tags": null, "timestamp": 1759790002 }, "geometry": { "type": "Point", "coordinates": [ 34.4522, 31.4964 ] } },
{ "type": "Feature", "properties": { "event_id_cnty": "PSE60664", "event_date": "10/3/2024", "year": 2024, "time_precision": 1, "disorder_type": "Political violence", "event_type": "Explosions/Remote violence", "sub_event_type": "Air/drone strike", "actor1": "Military Forces of Israel (2022-)", "assoc_actor_1": null, "inter1": 8, "actor2": "Civilians (Palestine)", "assoc_actor_2": null, "inter2": 7, "interaction": 78, "civilian_targeting": "Civilian targeting", "iso": 275, "region": "Middle East", "country": "Palestine", "admin1": "Gaza Strip", "admin2": "Rafah", "admin3": null, "location": "Khirbet al Adas", "latitude": 31.2855, "longitude": 34.2714, "geo_precision": 1, "source": "Arab 48; Ma'an News Agency; Quds News Network", "source_scale": "National", "notes": "On 3 October 2024, at approximately 12:55, Israeli UAVs struck a group of people in Khirbet al Adas (Rafah, Gaza Strip), killing 2 Palestinians and injuring a number of others.", "fatalities": 2, "tags": null, "timestamp": 1753956638 }, "geometry": { "type": "Point", "coordinates": [ 34.2714, 31.2855 ] } },
{ "type": "Feature", "properties": { "event_id_cnty": "PSE60460", "event_date": "10/4/2024", "year": 2024, "time_precision": 1, "disorder_type": "Political violence", "event_type": "Explosions/Remote violence", "sub_event_type": "Air/drone strike", "actor1": "Military Forces of Israel (2022-)", "assoc_actor_1": null, "inter1": 8, "actor2": "Civilians (Palestine)", "assoc_actor_2": "Refugees/IDPs (Palestine)", "inter2": 7, "interaction": 78, "civilian_targeting": "Civilian targeting", "iso": 275, "region": "Middle East", "country": "Palestine", "admin1": "Gaza Strip", "admin2": "Deir El Balah", "admin3": null, "location": "Al Burayj", "latitude": 31.4394, "longitude": 34.4031, "geo_precision": 1, "source": "Newpress; Quds News Network; Twitter", "source_scale": "New media-National", "notes": "On 4 October 2024, at approximately 12:38, Israeli warplanes struck the al-Raed tower in Al Burayj Camp (Deir El Balah, Gaza Strip), killing 5 Palestinians.", "fatalities": 5, "tags": null, "timestamp": 1753956638 }, "geometry": { "type": "Point", "coordinates": [ 34.4031, 31.4394 ] } },
{ "type": "Feature", "properties": { "event_id_cnty": "PSE60498", "event_date": "10/4/2024", "year": 2024, "time_precision": 1, "disorder_type": "Political violence", "event_type": "Explosions/Remote violence", "sub_event_type": "Air/drone strike", "actor1": "Military Forces of Israel (2022-)", "assoc_actor_1": null, "inter1": 8, "actor2": "Civilians (Palestine)", "assoc_actor_2": null, "inter2": 7, "interaction": 78, "civilian_targeting": "Civilian targeting", "iso": 275, "region": "Middle East", "country": "Palestine", "admin1": "Gaza Strip", "admin2": "Deir El Balah", "admin3": null, "location": "An Nusayrat", "latitude": 31.4486, "longitude": 34.3925, "geo_precision": 2, "source": "Quds News Network", "source_scale": "National", "notes": "On 4 October 2024, at approximately 8:34, Israeli UAVs struck a car east of An Nusayrat Camp (Deir El Balah, Gaza Strip), causing injuries.", "fatalities": 0, "tags": null, "timestamp": 1753956638 }, "geometry": { "type": "Point", "coordinates": [ 34.3925, 31.4486 ] } },
{ "type": "Feature", "properties": { "event_id_cnty": "PSE60523", "event_date": "10/4/2024", "year": 2024, "time_precision": 1, "disorder_type": "Political violence", "event_type": "Explosions/Remote violence", "sub_event_type": "Air/drone strike", "actor1": "Military Forces of Israel (2022-)", "assoc_actor_1": null, "inter1": 8, "actor2": "Civilians (Palestine)", "assoc_actor_2": null, "inter2": 7, "interaction": 78, "civilian_targeting": "Civilian targeting", "iso": 275, "region": "Middle East", "country": "Palestine", "admin1": "Gaza Strip", "admin2": "Deir El Balah", "admin3": null, "location": "An Nusayrat - West", "latitude": 31.4525, "longitude": 34.3756, "geo_precision": 1, "source": "Quds News Network", "source_scale": "National", "notes": "On 4 October 2024, at around 19:00, Israeli warplanes struck the Turkman tower in An Nusayrat - West [casualties unknown]. Also, at approximately 9:32, Israeli artillery shelled An Nusayrat - West (Deir El Balah, Gaza Strip). Casualties unknown.", "fatalities": 0, "tags": null, "timestamp": 1753956638 }, "geometry": { "type": "Point", "coordinates": [ 34.3756, 31.4525 ] } },
{ "type": "Feature", "properties": { "event_id_cnty": "PSE60546", "event_date": "10/4/2024", "year": 2024, "time_precision": 1, "disorder_type": "Political violence", "event_type": "Explosions/Remote violence", "sub_event_type": "Air/drone strike", "actor1": "Military Forces of Israel (2022-)", "assoc_actor_1": null, "inter1": 8, "actor2": "Civilians (Palestine)", "assoc_actor_2": null, "inter2": 7, "interaction": 78, "civilian_targeting": "Civilian targeting", "iso": 275, "region": "Middle East", "country": "Palestine", "admin1": "Gaza Strip", "admin2": "North Gaza", "admin3": null, "location": "Beit Lahiya - Al Salateen", "latitude": 31.5558, "longitude": 34.4814, "geo_precision": 1, "source": "Arab 48; Quds News Network", "source_scale": "National", "notes": "On 4 October 2024, at approximately 14:06, an Israeli UAV struck a target in Beit Lahiya - Al Salateen (North Gaza, Gaza Strip), killing a Palestinian.", "fatalities": 1, "tags": null, "timestamp": 1753956638 }, "geometry": { "type": "Point", "coordinates": [ 34.4814, 31.5558 ] } },
{ "type": "Feature", "properties": { "event_id_cnty": "PSE60556", "event_date": "10/4/2024", "year": 2024, "time_precision": 1, "disorder_type": "Political violence", "event_type": "Explosions/Remote violence", "sub_event_type": "Air/drone strike", "actor1": "Military Forces of Israel (2022-)", "assoc_actor_1": null, "inter1": 8, "actor2": "Civilians (Palestine)", "assoc_actor_2": "Refugees/IDPs (Palestine)", "inter2": 7, "interaction": 78, "civilian_targeting": "Civilian targeting", "iso": 275, "region": "Middle East", "country": "Palestine", "admin1": "Gaza Strip", "admin2": "Deir El Balah", "admin3": null, "location": "Deir al Balah", "latitude": 31.4178, "longitude": 34.3503, "geo_precision": 1, "source": "Ma'an News Agency; Palestine News and Information Agency; Quds News Network", "source_scale": "National", "notes": "On 4 October 2024, at around 2:00, Israeli warplanes the Al Salah Center that hosts displaced people in Deir al Balah City (Deir El Balah, Gaza Strip), killing 4 Palestinians and injuring others.", "fatalities": 4, "tags": null, "timestamp": 1753956638 }, "geometry": { "type": "Point", "coordinates": [ 34.3503, 31.4178 ] } },
{ "type": "Feature", "properties": { "event_id_cnty": "PSE60583", "event_date": "10/4/2024", "year": 2024, "time_precision": 1, "disorder_type": "Political violence", "event_type": "Explosions/Remote violence", "sub_event_type": "Shelling/artillery/missile attack", "actor1": "Military Forces of Israel (2022-)", "assoc_actor_1": null, "inter1": 8, "actor2": "Civilians (Palestine)", "assoc_actor_2": null, "inter2": 7, "interaction": 78, "civilian_targeting": "Civilian targeting", "iso": 275, "region": "Middle East", "country": "Palestine", "admin1": "Gaza Strip", "admin2": "Deir El Balah", "admin3": null, "location": "An Nusayrat - North", "latitude": 31.4591, "longitude": 34.3923, "geo_precision": 2, "source": "Ma'an News Agency; Palestine News and Information Agency; Quds News Network", "source_scale": "National", "notes": "On 4 October 2024, Israeli artillery shelled 3 houses northeast of An Nusayrat Camp, coded to An Nusayrat - North (Deir El Balah, Gaza Strip), killing 7 Palestinians and injuring others.", "fatalities": 7, "tags": null, "timestamp": 1753956638 }, "geometry": { "type": "Point", "coordinates": [ 34.3923, 31.4591 ] } },
{ "type": "Feature", "properties": { "event_id_cnty": "PSE60654", "event_date": "10/4/2024", "year": 2024, "time_precision": 1, "disorder_type": "Political violence", "event_type": "Explosions/Remote violence", "sub_event_type": "Air/drone strike", "actor1": "Military Forces of Israel (2022-)", "assoc_actor_1": null, "inter1": 8, "actor2": "Civilians (Palestine)", "assoc_actor_2": null, "inter2": 7, "interaction": 78, "civilian_targeting": "Civilian targeting", "iso": 275, "region": "Middle East", "country": "Palestine", "admin1": "Gaza Strip", "admin2": "Khan Yunis", "admin3": null, "location": "Khan Yunis - Maen", "latitude": 31.336, "longitude": 34.3172, "geo_precision": 1, "source": "Quds News Network", "source_scale": "National", "notes": "On 4 October 2024, at approximately 01:24, Israeli warplanes struck a house in Khan Yunis - Maen (Khan Yunis, Gaza Strip), leaving fatalities and injuries [unspecified fatalities coded as 3].", "fatalities": 3, "tags": null, "timestamp": 1753956638 }, "geometry": { "type": "Point", "coordinates": [ 34.3172, 31.336 ] } },
{ "type": "Feature", "properties": { "event_id_cnty": "PSE60710", "event_date": "10/4/2024", "year": 2024, "time_precision": 1, "disorder_type": "Political violence", "event_type": "Explosions/Remote violence", "sub_event_type": "Shelling/artillery/missile attack", "actor1": "Military Forces of Israel (2022-)", "assoc_actor_1": null, "inter1": 8, "actor2": "Civilians (Palestine)", "assoc_actor_2": null, "inter2": 7, "interaction": 78, "civilian_targeting": "Civilian targeting", "iso": 275, "region": "Middle East", "country": "Palestine", "admin1": "Gaza Strip", "admin2": "Deir El Balah", "admin3": null, "location": "Deir al Balah Camp", "latitude": 31.4249, "longitude": 34.34, "geo_precision": 2, "source": "Palestine News and Information Agency; PLO Negotiations Affairs Department; Quds News Network", "source_scale": "Other-National", "notes": "On 4 October 2024, Israeli artillery and tanks shelled targets east of Deir al Balah, coded to Deir al Balah Camp (Deir El Balah, Gaza Strip). Casualties unknown. Also, a number of Palestinians were injured in artillery shelling in Al Jafarwi area southeast of Deir al Balah (coded to same location).", "fatalities": 0, "tags": null, "timestamp": 1765850627 }, "geometry": { "type": "Point", "coordinates": [ 34.34, 31.4249 ] } },
{ "type": "Feature", "properties": { "event_id_cnty": "PSE60737", "event_date": "10/4/2024", "year": 2024, "time_precision": 1, "disorder_type": "Political violence", "event_type": "Explosions/Remote violence", "sub_event_type": "Shelling/artillery/missile attack", "actor1": "Military Forces of Israel (2022-)", "assoc_actor_1": null, "inter1": 8, "actor2": "Civilians (Palestine)", "assoc_actor_2": "Fishers (Palestine)", "inter2": 7, "interaction": 78, "civilian_targeting": "Civilian targeting", "iso": 275, "region": "Middle East", "country": "Palestine", "admin1": "Gaza Strip", "admin2": "Gaza City", "admin3": null, "location": "Gaza - Ash Shati' Camp", "latitude": 31.5349, "longitude": 34.4466, "geo_precision": 2, "source": "Palestine News and Information Agency; Quds News Network", "source_scale": "National", "notes": "On 4 October 2024, Israeli gunboats shelled a target northwest of Gaza city, coded to Gaza - Ash Shati' Camp (Gaza City, Gaza Strip), killing a Palestinian fisher and injuring others.", "fatalities": 1, "tags": null, "timestamp": 1759790002 }, "geometry": { "type": "Point", "coordinates": [ 34.4466, 31.5349 ] } },
{ "type": "Feature", "properties": { "event_id_cnty": "PSE60625", "event_date": "10/4/2024", "year": 2024, "time_precision": 1, "disorder_type": "Political violence", "event_type": "Explosions/Remote violence", "sub_event_type": "Air/drone strike", "actor1": "Military Forces of Israel (2022-)", "assoc_actor_1": null, "inter1": 8, "actor2": "Civilians (Palestine)", "assoc_actor_2": null, "inter2": 7, "interaction": 78, "civilian_targeting": "Civilian targeting", "iso": 275, "region": "Middle East", "country": "Palestine", "admin1": "Gaza Strip", "admin2": "North Gaza", "admin3": null, "location": "Jabalya", "latitude": 31.5272, "longitude": 34.4835, "geo_precision": 1, "source": "Arab 48; Newpress; Quds News Network; Twitter", "source_scale": "New media-National", "notes": "On 4 October 2024, at approximately 14:24, Israeli UAVs struck a house in Jabalya town (North Gaza, Gaza Strip), killing a Palestinian and leaving a number of injuries.", "fatalities": 1, "tags": null, "timestamp": 1759790002 }, "geometry": { "type": "Point", "coordinates": [ 34.4835, 31.5272 ] } },
{ "type": "Feature", "properties": { "event_id_cnty": "PSE60726", "event_date": "10/4/2024", "year": 2024, "time_precision": 1, "disorder_type": "Political violence", "event_type": "Explosions/Remote violence", "sub_event_type": "Air/drone strike", "actor1": "Military Forces of Israel (2022-)", "assoc_actor_1": null, "inter1": 8, "actor2": "Civilians (Palestine)", "assoc_actor_2": null, "inter2": 7, "interaction": 78, "civilian_targeting": "Civilian targeting", "iso": 275, "region": "Middle East", "country": "Palestine", "admin1": "Gaza Strip", "admin2": "North Gaza", "admin3": null, "location": "Sheikh Zaid", "latitude": 31.5392, "longitude": 34.5117, "geo_precision": 1, "source": "Arab 48; Palestine News and Information Agency; Quds News Network", "source_scale": "National", "notes": "On 4 October 2024, at approximately 11:32, Israeli warplanes struck a target near Zaid junction in Sheikh Zaid (North Gaza, Gaza Strip), leaving fatalities and injuries. [On 3 February 2025, 20 bodies were recovered from under the rubble in Sheikh Zaid. These fatalities were coded to this event].", "fatalities": 20, "tags": null, "timestamp": 1759790002 }, "geometry": { "type": "Point", "coordinates": [ 34.5117, 31.5392 ] } },
{ "type": "Feature", "properties": { "event_id_cnty": "PSE60606", "event_date": "10/4/2024", "year": 2024, "time_precision": 1, "disorder_type": "Political violence", "event_type": "Explosions/Remote violence", "sub_event_type": "Air/drone strike", "actor1": "Military Forces of Israel (2022-)", "assoc_actor_1": null, "inter1": 8, "actor2": "Civilians (Palestine)", "assoc_actor_2": null, "inter2": 7, "interaction": 78, "civilian_targeting": "Civilian targeting", "iso": 275, "region": "Middle East", "country": "Palestine", "admin1": "Gaza Strip", "admin2": "Gaza City", "admin3": null, "location": "Gaza - Southern Remal", "latitude": 31.5168, "longitude": 34.4355, "geo_precision": 2, "source": "Arab 48; Palestine News and Information Agency; Quds News Network", "source_scale": "National", "notes": "On 4 October 2024, Israeli warplanes struck a house near the Shati aid center west of Gaza City, coded to Gaza - Southern Remal (Gaza City, Gaza Strip), killing 7 Palestinians and injuring others. This event involved violence over aid.", "fatalities": 7, "tags": null, "timestamp": 1759790002 }, "geometry": { "type": "Point", "coordinates": [ 34.4355, 31.5168 ] } },
{ "type": "Feature", "properties": { "event_id_cnty": "PSE60822", "event_date": "10/5/2024", "year": 2024, "time_precision": 1, "disorder_type": "Political violence", "event_type": "Explosions/Remote violence", "sub_event_type": "Air/drone strike", "actor1": "Military Forces of Israel (2022-)", "assoc_actor_1": null, "inter1": 8, "actor2": "Civilians (Palestine)", "assoc_actor_2": null, "inter2": 7, "interaction": 78, "civilian_targeting": "Civilian targeting", "iso": 275, "region": "Middle East", "country": "Palestine", "admin1": "Gaza Strip", "admin2": "Deir El Balah", "admin3": null, "location": "Deir al Balah", "latitude": 31.4178, "longitude": 34.3503, "geo_precision": 1, "source": "Quds News Network", "source_scale": "National", "notes": "On 5 October 2024, at approximately 07:27, Israeli warplanes struck targets in Deir al Balah city (Deir El Balah, Gaza Strip), leaving injuries.", "fatalities": 0, "tags": null, "timestamp": 1753956638 }, "geometry": { "type": "Point", "coordinates": [ 34.3503, 31.4178 ] } },
{ "type": "Feature", "properties": { "event_id_cnty": "PSE60824", "event_date": "10/5/2024", "year": 2024, "time_precision": 1, "disorder_type": "Political violence", "event_type": "Explosions/Remote violence", "sub_event_type": "Air/drone strike", "actor1": "Military Forces of Israel (2022-)", "assoc_actor_1": null, "inter1": 8, "actor2": "Civilians (Palestine)", "assoc_actor_2": null, "inter2": 7, "interaction": 78, "civilian_targeting": "Civilian targeting", "iso": 275, "region": "Middle East", "country": "Palestine", "admin1": "Gaza Strip", "admin2": "North Gaza", "admin3": null, "location": "Beit Lahiya - Al Mashroo", "latitude": 31.5433, "longitude": 34.4998, "geo_precision": 1, "source": "Newpress; Quds News Network; Twitter", "source_scale": "New media-National", "notes": "On 5 October 2024, at around 23:04, Israeli warplanes struck a house in Beit Lahiya - Al Mashroo (North Gaza, Gaza Strip), leaving 5 injuries.", "fatalities": 0, "tags": null, "timestamp": 1753956638 }, "geometry": { "type": "Point", "coordinates": [ 34.4998, 31.5433 ] } },
{ "type": "Feature", "properties": { "event_id_cnty": "PSE60847", "event_date": "10/5/2024", "year": 2024, "time_precision": 1, "disorder_type": "Political violence", "event_type": "Explosions/Remote violence", "sub_event_type": "Shelling/artillery/missile attack", "actor1": "Military Forces of Israel (2022-)", "assoc_actor_1": null, "inter1": 8, "actor2": "Civilians (Palestine)", "assoc_actor_2": "Refugees/IDPs (Palestine)", "inter2": 7, "interaction": 78, "civilian_targeting": "Civilian targeting", "iso": 275, "region": "Middle East", "country": "Palestine", "admin1": "Gaza Strip", "admin2": "Deir El Balah", "admin3": null, "location": "Al Burayj", "latitude": 31.4394, "longitude": 34.4031, "geo_precision": 1, "source": "Palestine News and Information Agency; Quds News Network", "source_scale": "National", "notes": "On 5 October 2024, at approximately 13:00, Israeli artillery shelled on the outskirts of al-Awawdah roundabout in Al Burayj Camp (Deir El Balah, Gaza Strip), killing a Palestinian and injuring others.", "fatalities": 1, "tags": null, "timestamp": 1753956638 }, "geometry": { "type": "Point", "coordinates": [ 34.4031, 31.4394 ] } },
{ "type": "Feature", "properties": { "event_id_cnty": "PSE60849", "event_date": "10/5/2024", "year": 2024, "time_precision": 1, "disorder_type": "Political violence", "event_type": "Explosions/Remote violence", "sub_event_type": "Air/drone strike", "actor1": "Military Forces of Israel (2022-)", "assoc_actor_1": null, "inter1": 8, "actor2": "Civilians (Palestine)", "assoc_actor_2": "Refugees/IDPs (Palestine)", "inter2": 7, "interaction": 78, "civilian_targeting": "Civilian targeting", "iso": 275, "region": "Middle East", "country": "Palestine", "admin1": "Gaza Strip", "admin2": "North Gaza", "admin3": null, "location": "Jabalya Camp", "latitude": 31.536, "longitude": 34.4907, "geo_precision": 1, "source": "Newpress; Palestine News and Information Agency; Quds News Network; Twitter", "source_scale": "New media-National", "notes": "On 5 October 2024, Israeli warplanes struck several targets in Jabalya camp including an apartment near the clinic of Jabalya Camp (North Gaza, Gaza Strip), killing at least 2 Palestinians and injuring others.", "fatalities": 2, "tags": null, "timestamp": 1753956638 }, "geometry": { "type": "Point", "coordinates": [ 34.4907, 31.536 ] } },
{ "type": "Feature", "properties": { "event_id_cnty": "PSE60858", "event_date": "10/5/2024", "year": 2024, "time_precision": 1, "disorder_type": "Political violence", "event_type": "Explosions/Remote violence", "sub_event_type": "Air/drone strike", "actor1": "Military Forces of Israel (2022-)", "assoc_actor_1": null, "inter1": 8, "actor2": "Civilians (Palestine)", "assoc_actor_2": "Refugees/IDPs (Palestine)", "inter2": 7, "interaction": 78, "civilian_targeting": "Civilian targeting", "iso": 275, "region": "Middle East", "country": "Palestine", "admin1": "Gaza Strip", "admin2": "Deir El Balah", "admin3": null, "location": "An Nusayrat", "latitude": 31.4486, "longitude": 34.3925, "geo_precision": 1, "source": "Palestine News and Information Agency; Quds News Network", "source_scale": "National", "notes": "On 5 October 2024, at approximately 16:00, Israeli warplanes struck a house in An Nusayrat Camp (Deir El Balah, Gaza Strip), killing 2 Palestinians. Also, around 00:28, artillery shelled the eastern areas of An Nusayrat [casualties unknown]. Fatalities coded at least 2.", "fatalities": 2, "tags": null, "timestamp": 1753956638 }, "geometry": { "type": "Point", "coordinates": [ 34.3925, 31.4486 ] } },
{ "type": "Feature", "properties": { "event_id_cnty": "PSE60860", "event_date": "10/5/2024", "year": 2024, "time_precision": 1, "disorder_type": "Political violence", "event_type": "Explosions/Remote violence", "sub_event_type": "Air/drone strike", "actor1": "Military Forces of Israel (2022-)", "assoc_actor_1": null, "inter1": 8, "actor2": "Civilians (Palestine)", "assoc_actor_2": null, "inter2": 7, "interaction": 78, "civilian_targeting": "Civilian targeting", "iso": 275, "region": "Middle East", "country": "Palestine", "admin1": "Gaza Strip", "admin2": "Deir El Balah", "admin3": null, "location": "An Nusayrat - West", "latitude": 31.4525, "longitude": 34.3756, "geo_precision": 1, "source": "Palestine News and Information Agency; Quds News Network", "source_scale": "National", "notes": "On 5 October 2024, around 19:00 Israeli warplanes struck a house [casualties unknown]. And tanks opened fire and artillery shelled targets including a house in An Nusayrat - West (Deir El Balah, Gaza Strip). At least 2 Palestinians were killed after shelling their house.", "fatalities": 2, "tags": null, "timestamp": 1753956638 }, "geometry": { "type": "Point", "coordinates": [ 34.3756, 31.4525 ] } },
{ "type": "Feature", "properties": { "event_id_cnty": "PSE60861", "event_date": "10/5/2024", "year": 2024, "time_precision": 1, "disorder_type": "Political violence", "event_type": "Explosions/Remote violence", "sub_event_type": "Air/drone strike", "actor1": "Military Forces of Israel (2022-)", "assoc_actor_1": null, "inter1": 8, "actor2": "Civilians (Palestine)", "assoc_actor_2": null, "inter2": 7, "interaction": 78, "civilian_targeting": "Civilian targeting", "iso": 275, "region": "Middle East", "country": "Palestine", "admin1": "Gaza Strip", "admin2": "North Gaza", "admin3": null, "location": "Beit Lahiya", "latitude": 31.5541, "longitude": 34.5016, "geo_precision": 1, "source": "Palestine News and Information Agency; Quds News Network", "source_scale": "National", "notes": "On 5 October 2024, Israeli warplanes carried out a series of airstrikes (including houses) in Beit lahiya (North Gaza, Gaza Strip), killing at least 2 Palestinians, including a girl.", "fatalities": 2, "tags": null, "timestamp": 1753956638 }, "geometry": { "type": "Point", "coordinates": [ 34.5016, 31.5541 ] } },
{ "type": "Feature", "properties": { "event_id_cnty": "PSE60962", "event_date": "10/5/2024", "year": 2024, "time_precision": 1, "disorder_type": "Political violence", "event_type": "Explosions/Remote violence", "sub_event_type": "Air/drone strike", "actor1": "Military Forces of Israel (2022-)", "assoc_actor_1": null, "inter1": 8, "actor2": "Civilians (Palestine)", "assoc_actor_2": null, "inter2": 7, "interaction": 78, "civilian_targeting": "Civilian targeting", "iso": 275, "region": "Middle East", "country": "Palestine", "admin1": "Gaza Strip", "admin2": "North Gaza", "admin3": null, "location": "Jabalya Camp", "latitude": 31.536, "longitude": 34.4907, "geo_precision": 2, "source": "Newpress; Palestine News and Information Agency; Quds News Network; Twitter", "source_scale": "New media-National", "notes": "On 5 October 2024, at approximately 13:00, Israeli warplanes and UAVs struck several targets west of Jabalya Camp (North Gaza, Gaza Strip). Casualties unknown. Also, 9 Palestinians were injured in a UAV strike near Abu Sharkh junction west of Jabalya Camp. Also, 9 Palestinians were killed in an airstrike targeted a house in Bir Naja area west of the Camp. And airstrikes struck targets and houses east and north of Jabalya Camp and the Tawam area, killing a Palestinian. Fatalities coded at least 10.", "fatalities": 10, "tags": null, "timestamp": 1753956638 }, "geometry": { "type": "Point", "coordinates": [ 34.4907, 31.536 ] } },
{ "type": "Feature", "properties": { "event_id_cnty": "PSE61199", "event_date": "10/5/2024", "year": 2024, "time_precision": 1, "disorder_type": "Political violence", "event_type": "Explosions/Remote violence", "sub_event_type": "Shelling/artillery/missile attack", "actor1": "Military Forces of Israel (2022-)", "assoc_actor_1": null, "inter1": 8, "actor2": "Civilians (Palestine)", "assoc_actor_2": null, "inter2": 7, "interaction": 78, "civilian_targeting": "Civilian targeting", "iso": 275, "region": "Middle East", "country": "Palestine", "admin1": "Gaza Strip", "admin2": "Gaza City", "admin3": null, "location": "Gaza - At Tuffah", "latitude": 31.5134, "longitude": 34.4751, "geo_precision": 1, "source": "Arab 48", "source_scale": "National", "notes": "On 5 October 2024, Israeli artillery shelled houses in Gaza - At Tuffah (Gaza City, Gaza Strip). Casualties unknown.", "fatalities": 0, "tags": null, "timestamp": 1759790002 }, "geometry": { "type": "Point", "coordinates": [ 34.4751, 31.5134 ] } },
{ "type": "Feature", "properties": { "event_id_cnty": "PSE60903", "event_date": "10/5/2024", "year": 2024, "time_precision": 1, "disorder_type": "Political violence", "event_type": "Explosions/Remote violence", "sub_event_type": "Shelling/artillery/missile attack", "actor1": "Military Forces of Israel (2022-)", "assoc_actor_1": null, "inter1": 8, "actor2": "Civilians (Palestine)", "assoc_actor_2": null, "inter2": 7, "interaction": 78, "civilian_targeting": "Civilian targeting", "iso": 275, "region": "Middle East", "country": "Palestine", "admin1": "Gaza Strip", "admin2": "North Gaza", "admin3": null, "location": "Beit Hanoun", "latitude": 31.5405, "longitude": 34.5402, "geo_precision": 1, "source": "Arab 48; Newpress; Palestine News and Information Agency; Quds News Network; Twitter", "source_scale": "New media-National", "notes": "On 5 October 2024, at approximately 07:59, Israeli artillery shelled targets in Beit Hanoun town (North Gaza, Gaza Strip), killing 5 Palestinians and injuring a number of others.", "fatalities": 5, "tags": null, "timestamp": 1753956638 }, "geometry": { "type": "Point", "coordinates": [ 34.5402, 31.5405 ] } },
{ "type": "Feature", "properties": { "event_id_cnty": "PSE60875", "event_date": "10/5/2024", "year": 2024, "time_precision": 1, "disorder_type": "Political violence", "event_type": "Explosions/Remote violence", "sub_event_type": "Air/drone strike", "actor1": "Military Forces of Israel (2022-)", "assoc_actor_1": null, "inter1": 8, "actor2": "Civilians (Palestine)", "assoc_actor_2": null, "inter2": 7, "interaction": 78, "civilian_targeting": "Civilian targeting", "iso": 275, "region": "Middle East", "country": "Palestine", "admin1": "Gaza Strip", "admin2": "Gaza City", "admin3": null, "location": "Gaza - Az Zaytun", "latitude": 31.4964, "longitude": 34.4522, "geo_precision": 1, "source": "Newpress; Palestine News and Information Agency; Quds News Network; Twitter", "source_scale": "New media-National", "notes": "On 5 October 2024, at approximately 13:00, Israeli warplanes struck a building near Shamaa mosque in Gaza - Az Zaytun (Gaza City, Gaza Strip), killing 3 Palestinians including 2 children, and leaving a number of injuries. Also, the artillery shelled near Ein Jalout school [casualties unknown]. Fatalities coded at least 3.", "fatalities": 3, "tags": null, "timestamp": 1759790002 }, "geometry": { "type": "Point", "coordinates": [ 34.4522, 31.4964 ] } },
{ "type": "Feature", "properties": { "event_id_cnty": "PSE60810", "event_date": "10/5/2024", "year": 2024, "time_precision": 1, "disorder_type": "Political violence", "event_type": "Explosions/Remote violence", "sub_event_type": "Air/drone strike", "actor1": "Military Forces of Israel (2022-)", "assoc_actor_1": null, "inter1": 8, "actor2": "Civilians (Palestine)", "assoc_actor_2": null, "inter2": 7, "interaction": 78, "civilian_targeting": "Civilian targeting", "iso": 275, "region": "Middle East", "country": "Palestine", "admin1": "Gaza Strip", "admin2": "Rafah", "admin3": null, "location": "Khirbet al Adas", "latitude": 31.2855, "longitude": 34.2714, "geo_precision": 2, "source": "Palestine News and Information Agency", "source_scale": "National", "notes": "On 5 October 2024, at approximately 13:00, Israeli UAVs struck a target in Arabiya area north of Rafah, coded to Khirbet al Adas (Rafah, Gaza Strip), killing 1 Palestinian girl.", "fatalities": 1, "tags": null, "timestamp": 1753956638 }, "geometry": { "type": "Point", "coordinates": [ 34.2714, 31.2855 ] } },
{ "type": "Feature", "properties": { "event_id_cnty": "PSE60865", "event_date": "10/5/2024", "year": 2024, "time_precision": 1, "disorder_type": "Political violence", "event_type": "Explosions/Remote violence", "sub_event_type": "Air/drone strike", "actor1": "Military Forces of Israel (2022-)", "assoc_actor_1": null, "inter1": 8, "actor2": "Civilians (Palestine)", "assoc_actor_2": null, "inter2": 7, "interaction": 78, "civilian_targeting": "Civilian targeting", "iso": 275, "region": "Middle East", "country": "Palestine", "admin1": "Gaza Strip", "admin2": "Rafah", "admin3": null, "location": "Khirbet al Adas", "latitude": 31.2855, "longitude": 34.2714, "geo_precision": 1, "source": "Palestine News and Information Agency", "source_scale": "National", "notes": "On 5 October 2024, at approximately 13:00, Israeli UAVs struck targets in Khirbet al Adas (Rafah, Gaza Strip), killing 3 Palestinians.", "fatalities": 3, "tags": null, "timestamp": 1753956638 }, "geometry": { "type": "Point", "coordinates": [ 34.2714, 31.2855 ] } },
{ "type": "Feature", "properties": { "event_id_cnty": "PSE77355", "event_date": "10/5/2024", "year": 2024, "time_precision": 2, "disorder_type": "Political violence", "event_type": "Violence against civilians", "sub_event_type": "Attack", "actor1": "Unidentified Armed Group (Palestine)", "assoc_actor_1": null, "inter1": 3, "actor2": "Civilians (Palestine)", "assoc_actor_2": "Labor Group (Palestine)", "inter2": 7, "interaction": 37, "civilian_targeting": "Civilian targeting", "iso": 275, "region": "Middle East", "country": "Palestine", "admin1": "Gaza Strip", "admin2": "Rafah", "admin3": null, "location": "Rafah", "latitude": 31.287, "longitude": 34.2595, "geo_precision": 2, "source": "Washington Post", "source_scale": "International", "notes": "Around 5 October 2024, an unidentified armed group opened fire at aid convoy and looted about 80 aid trucks in Rafah area (Gaza Strip). Casualties unknown. These trucks had entered southern Gaza through the Israeli Kerem Shalom Crossing. This event involved violence over aid.", "fatalities": 0, "tags": null, "timestamp": 1762829569 }, "geometry": { "type": "Point", "coordinates": [ 34.2595, 31.287 ] } },
{ "type": "Feature", "properties": { "event_id_cnty": "PSE60825", "event_date": "10/6/2024", "year": 2024, "time_precision": 1, "disorder_type": "Political violence", "event_type": "Explosions/Remote violence", "sub_event_type": "Air/drone strike", "actor1": "Military Forces of Israel (2022-)", "assoc_actor_1": null, "inter1": 8, "actor2": "Civilians (Palestine)", "assoc_actor_2": null, "inter2": 7, "interaction": 78, "civilian_targeting": "Civilian targeting", "iso": 275, "region": "Middle East", "country": "Palestine", "admin1": "Gaza Strip", "admin2": "Rafah", "admin3": null, "location": "Al Mawasi (Rafah)", "latitude": 31.3294, "longitude": 34.2299, "geo_precision": 1, "source": "Palestine News and Information Agency", "source_scale": "National", "notes": "On 6 October 2024, Israeli UAVs struck a group of Palestinians in Al Shakoush area of in (Al Mawasi (Rafah), Gaza Strip), causing injuries.", "fatalities": 0, "tags": null, "timestamp": 1762829569 }, "geometry": { "type": "Point", "coordinates": [ 34.2299, 31.3294 ] } },
{ "type": "Feature", "properties": { "event_id_cnty": "PSE60829", "event_date": "10/6/2024", "year": 2024, "time_precision": 1, "disorder_type": "Political violence", "event_type": "Explosions/Remote violence", "sub_event_type": "Air/drone strike", "actor1": "Military Forces of Israel (2022-)", "assoc_actor_1": null, "inter1": 8, "actor2": "Civilians (Palestine)", "assoc_actor_2": "Refugees/IDPs (Palestine)", "inter2": 7, "interaction": 78, "civilian_targeting": "Civilian targeting", "iso": 275, "region": "Middle East", "country": "Palestine", "admin1": "Gaza Strip", "admin2": "Deir El Balah", "admin3": null, "location": "An Nusayrat - West", "latitude": 31.4525, "longitude": 34.3756, "geo_precision": 1, "source": "Palestine News and Information Agency; Quds News Network", "source_scale": "National", "notes": "On 6 October 2024, Israeli warplanes struck a tent belonging to displaced people in An Nusayrat - West (Deir El Balah, Gaza Strip), injuring 7 Palestinians.", "fatalities": 0, "tags": null, "timestamp": 1753956638 }, "geometry": { "type": "Point", "coordinates": [ 34.3756, 31.4525 ] } },
{ "type": "Feature", "properties": { "event_id_cnty": "PSE60850", "event_date": "10/6/2024", "year": 2024, "time_precision": 1, "disorder_type": "Political violence", "event_type": "Explosions/Remote violence", "sub_event_type": "Air/drone strike", "actor1": "Military Forces of Israel (2022-)", "assoc_actor_1": null, "inter1": 8, "actor2": "Civilians (Palestine)", "assoc_actor_2": "Journalists (Palestine); Refugees/IDPs (Palestine); UNRWA: United Nations Relief and Works Agency", "inter2": 7, "interaction": 78, "civilian_targeting": "Civilian targeting", "iso": 275, "region": "Middle East", "country": "Palestine", "admin1": "Gaza Strip", "admin2": "North Gaza", "admin3": null, "location": "Jabalya Camp", "latitude": 31.536, "longitude": 34.4907, "geo_precision": 1, "source": "Newpress; Palestine News and Information Agency; Quds News Network; Twitter", "source_scale": "New media-National", "notes": "On 6 October 2024, Israeli UAVs and helicopters struck targets and houses in Jabalya Camp (North Gaza, Gaza Strip), killing a Palestinian who was the head of UNRWA operations. Also, warplanes struck a center hosts displaced people, injuring 4 Palestinians. Also, warplanes struck houses in al-Trans area in the camp, killing at least a Palestinian (journalist). Fatalities coded at least 2.", "fatalities": 2, "tags": null, "timestamp": 1753956638 }, "geometry": { "type": "Point", "coordinates": [ 34.4907, 31.536 ] } },
{ "type": "Feature", "properties": { "event_id_cnty": "PSE60866", "event_date": "10/6/2024", "year": 2024, "time_precision": 1, "disorder_type": "Political violence", "event_type": "Explosions/Remote violence", "sub_event_type": "Air/drone strike", "actor1": "Military Forces of Israel (2022-)", "assoc_actor_1": null, "inter1": 8, "actor2": "Civilians (Palestine)", "assoc_actor_2": "Journalists (Palestine); Refugees/IDPs (Palestine)", "inter2": 7, "interaction": 78, "civilian_targeting": "Civilian targeting", "iso": 275, "region": "Middle East", "country": "Palestine", "admin1": "Gaza Strip", "admin2": "Gaza City", "admin3": null, "location": "Gaza - Ash Shati' Camp", "latitude": 31.5349, "longitude": 34.4466, "geo_precision": 1, "source": "Committee to Protect Journalists; Guardian (United Kingdom); Palestine News and Information Agency; Quds News Network", "source_scale": "Other-National", "notes": "On 6 October 2024, Israeli warplanes struck a house in Gaza - Ash Shati' Camp (Gaza City, Gaza Strip), killing 3 Palestinians (including a journalist, a woman and a girl) and leaving injuries.", "fatalities": 3, "tags": null, "timestamp": 1759790002 }, "geometry": { "type": "Point", "coordinates": [ 34.4466, 31.5349 ] } },
{ "type": "Feature", "properties": { "event_id_cnty": "PSE60844", "event_date": "10/6/2024", "year": 2024, "time_precision": 1, "disorder_type": "Political violence", "event_type": "Explosions/Remote violence", "sub_event_type": "Remote explosive/landmine/IED", "actor1": "Military Forces of Israel (2022-)", "assoc_actor_1": null, "inter1": 8, "actor2": "Civilians (Palestine)", "assoc_actor_2": null, "inter2": 7, "interaction": 78, "civilian_targeting": "Civilian targeting", "iso": 275, "region": "Middle East", "country": "Palestine", "admin1": "Gaza Strip", "admin2": "Khan Yunis", "admin3": null, "location": "Khan Yunis", "latitude": 31.3502, "longitude": 34.3081, "geo_precision": 1, "source": "Quds News Network", "source_scale": "National", "notes": "On 6 October 2024, a Palestinian woman was killed by an unexploded Israeli ordnance [UXO] while cleaning her house in Khan Yunis, Gaza Strip.", "fatalities": 1, "tags": null, "timestamp": 1753956638 }, "geometry": { "type": "Point", "coordinates": [ 34.3081, 31.3502 ] } },
{ "type": "Feature", "properties": { "event_id_cnty": "PSE60813", "event_date": "10/6/2024", "year": 2024, "time_precision": 1, "disorder_type": "Political violence", "event_type": "Explosions/Remote violence", "sub_event_type": "Air/drone strike", "actor1": "Military Forces of Israel (2022-)", "assoc_actor_1": null, "inter1": 8, "actor2": "Civilians (Palestine)", "assoc_actor_2": null, "inter2": 7, "interaction": 78, "civilian_targeting": "Civilian targeting", "iso": 275, "region": "Middle East", "country": "Palestine", "admin1": "Gaza Strip", "admin2": "Rafah", "admin3": null, "location": "Khirbet al Adas", "latitude": 31.2855, "longitude": 34.2714, "geo_precision": 2, "source": "Palestine News and Information Agency; Quds News Network", "source_scale": "National", "notes": "On 6 October 2024, an Israeli UAV struck a motorcycle in Musabbah area north of Rafah, coded to Khirbet al Adas (Rafah, North Gaza), killing a Palestinian and causing injuries.", "fatalities": 1, "tags": null, "timestamp": 1753956638 }, "geometry": { "type": "Point", "coordinates": [ 34.2714, 31.2855 ] } },
{ "type": "Feature", "properties": { "event_id_cnty": "PSE60852", "event_date": "10/6/2024", "year": 2024, "time_precision": 2, "disorder_type": "Political violence", "event_type": "Explosions/Remote violence", "sub_event_type": "Air/drone strike", "actor1": "Military Forces of Israel (2022-)", "assoc_actor_1": null, "inter1": 8, "actor2": "Civilians (Palestine)", "assoc_actor_2": null, "inter2": 7, "interaction": 78, "civilian_targeting": "Civilian targeting", "iso": 275, "region": "Middle East", "country": "Palestine", "admin1": "Gaza Strip", "admin2": "Rafah", "admin3": null, "location": "Al Junainah", "latitude": 31.2642, "longitude": 34.2636, "geo_precision": 1, "source": "Newpress; Quds News Network; Twitter", "source_scale": "New media-National", "notes": "Around 6 October 2024, (as reported), rescue teams recovered 2 Palestinian bodies who were killed in Al Junainah (Rafah, Gaza Strip) during the past few days [likely in airstrikes].", "fatalities": 2, "tags": null, "timestamp": 1753956638 }, "geometry": { "type": "Point", "coordinates": [ 34.2636, 31.2642 ] } },
{ "type": "Feature", "properties": { "event_id_cnty": "PSE60815", "event_date": "10/7/2024", "year": 2024, "time_precision": 1, "disorder_type": "Political violence", "event_type": "Explosions/Remote violence", "sub_event_type": "Air/drone strike", "actor1": "Military Forces of Israel (2022-)", "assoc_actor_1": null, "inter1": 8, "actor2": "Civilians (Palestine)", "assoc_actor_2": null, "inter2": 7, "interaction": 78, "civilian_targeting": "Civilian targeting", "iso": 275, "region": "Middle East", "country": "Palestine", "admin1": "Gaza Strip", "admin2": "Deir El Balah", "admin3": null, "location": "An Nusayrat - West", "latitude": 31.4525, "longitude": 34.3756, "geo_precision": 1, "source": "Arab 48; Palestine News and Information Agency; Quds News Network", "source_scale": "National", "notes": "On 7 October 2024, Israeli warplanes and UAVs struck houses and opened fire in An Nusayrat - West (Deir El Balah, Gaza Strip), leaving 7 injuries and killing one person.", "fatalities": 1, "tags": null, "timestamp": 1753956638 }, "geometry": { "type": "Point", "coordinates": [ 34.3756, 31.4525 ] } },
{ "type": "Feature", "properties": { "event_id_cnty": "PSE60818", "event_date": "10/7/2024", "year": 2024, "time_precision": 1, "disorder_type": "Political violence", "event_type": "Explosions/Remote violence", "sub_event_type": "Air/drone strike", "actor1": "Military Forces of Israel (2022-)", "assoc_actor_1": null, "inter1": 8, "actor2": "Civilians (Palestine)", "assoc_actor_2": null, "inter2": 7, "interaction": 78, "civilian_targeting": "Civilian targeting", "iso": 275, "region": "Middle East", "country": "Palestine", "admin1": "Gaza Strip", "admin2": "Gaza City", "admin3": null, "location": "Gaza - Sheikh Radwan", "latitude": 31.5349, "longitude": 34.4667, "geo_precision": 1, "source": "Palestine News and Information Agency; Quds News Network", "source_scale": "National", "notes": "On 7 October 2024, Israeli warplanes struck a group of Palestinians in Gaza - Sheikh Radwan (Gaza City, Gaza Strip), killing one person and injuring 7 more.", "fatalities": 1, "tags": null, "timestamp": 1759790002 }, "geometry": { "type": "Point", "coordinates": [ 34.4667, 31.5349 ] } },
{ "type": "Feature", "properties": { "event_id_cnty": "PSE60820", "event_date": "10/7/2024", "year": 2024, "time_precision": 1, "disorder_type": "Political violence", "event_type": "Explosions/Remote violence", "sub_event_type": "Air/drone strike", "actor1": "Military Forces of Israel (2022-)", "assoc_actor_1": null, "inter1": 8, "actor2": "Civilians (Palestine)", "assoc_actor_2": null, "inter2": 7, "interaction": 78, "civilian_targeting": "Civilian targeting", "iso": 275, "region": "Middle East", "country": "Palestine", "admin1": "Gaza Strip", "admin2": "Gaza City", "admin3": null, "location": "Gaza - Sheikh Radwan", "latitude": 31.5349, "longitude": 34.4667, "geo_precision": 2, "source": "Newpress; Quds News Network; Twitter", "source_scale": "New media-National", "notes": "On 7 October 2024, Israeli warplanes struck a target in Al Saftawi area north of Gaza city, coded to Gaza - Sheikh Radwan (Gaza City, Gaza Strip), killing a Palestinian woman.", "fatalities": 1, "tags": null, "timestamp": 1759790002 }, "geometry": { "type": "Point", "coordinates": [ 34.4667, 31.5349 ] } },
{ "type": "Feature", "properties": { "event_id_cnty": "PSE60826", "event_date": "10/7/2024", "year": 2024, "time_precision": 1, "disorder_type": "Political violence", "event_type": "Explosions/Remote violence", "sub_event_type": "Air/drone strike", "actor1": "Military Forces of Israel (2022-)", "assoc_actor_1": null, "inter1": 8, "actor2": "Civilians (Palestine)", "assoc_actor_2": null, "inter2": 7, "interaction": 78, "civilian_targeting": "Civilian targeting", "iso": 275, "region": "Middle East", "country": "Palestine", "admin1": "Gaza Strip", "admin2": "Gaza City", "admin3": null, "location": "Gaza - Ash Shati' Camp", "latitude": 31.5349, "longitude": 34.4466, "geo_precision": 2, "source": "Palestine News and Information Agency", "source_scale": "National", "notes": "On 7 October 2024, Israeli warplanes struck a house in Al Saftawi area northwest of Gaza City, coded to Gaza - Ash Shati' Camp (Gaza City, Gaza Strip), leaving injuries.", "fatalities": 0, "tags": null, "timestamp": 1759790002 }, "geometry": { "type": "Point", "coordinates": [ 34.4466, 31.5349 ] } },
{ "type": "Feature", "properties": { "event_id_cnty": "PSE60833", "event_date": "10/7/2024", "year": 2024, "time_precision": 1, "disorder_type": "Political violence", "event_type": "Explosions/Remote violence", "sub_event_type": "Air/drone strike", "actor1": "Military Forces of Israel (2022-)", "assoc_actor_1": null, "inter1": 8, "actor2": "Civilians (Palestine)", "assoc_actor_2": null, "inter2": 7, "interaction": 78, "civilian_targeting": "Civilian targeting", "iso": 275, "region": "Middle East", "country": "Palestine", "admin1": "Gaza Strip", "admin2": "Gaza City", "admin3": null, "location": "Gaza - Shujaiyya", "latitude": 31.4988, "longitude": 34.4699, "geo_precision": 1, "source": "Palestine News and Information Agency; Quds News Network", "source_scale": "National", "notes": "On 7 October 2024, Israeli warplanes struck a house in Gaza - Shujaiyya (Gaza City, Gaza Strip), causing injuries.", "fatalities": 0, "tags": null, "timestamp": 1759790002 }, "geometry": { "type": "Point", "coordinates": [ 34.4699, 31.4988 ] } },
{ "type": "Feature", "properties": { "event_id_cnty": "PSE60848", "event_date": "10/7/2024", "year": 2024, "time_precision": 1, "disorder_type": "Political violence", "event_type": "Explosions/Remote violence", "sub_event_type": "Shelling/artillery/missile attack", "actor1": "Military Forces of Israel (2022-)", "assoc_actor_1": null, "inter1": 8, "actor2": "Civilians (Palestine)", "assoc_actor_2": null, "inter2": 7, "interaction": 78, "civilian_targeting": "Civilian targeting", "iso": 275, "region": "Middle East", "country": "Palestine", "admin1": "Gaza Strip", "admin2": "Khan Yunis", "admin3": null, "location": "Abasan al Kabirah", "latitude": 31.3191, "longitude": 34.3401, "geo_precision": 1, "source": "Palestine News and Information Agency; Quds News Network", "source_scale": "National", "notes": "On 7 October 2024, Israeli artillery shelled a house in the Abasan al Kabirah (Khan Yunis, Gaza Strip), killing a Palestinian girl and injuring a woman.", "fatalities": 1, "tags": null, "timestamp": 1753956638 }, "geometry": { "type": "Point", "coordinates": [ 34.3401, 31.3191 ] } },
{ "type": "Feature", "properties": { "event_id_cnty": "PSE60882", "event_date": "10/7/2024", "year": 2024, "time_precision": 1, "disorder_type": "Political violence", "event_type": "Explosions/Remote violence", "sub_event_type": "Air/drone strike", "actor1": "Military Forces of Israel (2022-)", "assoc_actor_1": null, "inter1": 8, "actor2": "Civilians (Palestine)", "assoc_actor_2": null, "inter2": 7, "interaction": 78, "civilian_targeting": "Civilian targeting", "iso": 275, "region": "Middle East", "country": "Palestine", "admin1": "Gaza Strip", "admin2": "North Gaza", "admin3": null, "location": "Beit Lahiya - Al Mashroo", "latitude": 31.5433, "longitude": 34.4998, "geo_precision": 1, "source": "Quds News Network", "source_scale": "National", "notes": "On 7 October 2024, Israeli warplanes struck a target near Khalifa school in Beit Lahiya - Al Mashroo (North Gaza, Gaza Strip), killing 4 Palestinians.", "fatalities": 4, "tags": null, "timestamp": 1753956638 }, "geometry": { "type": "Point", "coordinates": [ 34.4998, 31.5433 ] } },
{ "type": "Feature", "properties": { "event_id_cnty": "PSE60888", "event_date": "10/7/2024", "year": 2024, "time_precision": 1, "disorder_type": "Political violence", "event_type": "Explosions/Remote violence", "sub_event_type": "Air/drone strike", "actor1": "Military Forces of Israel (2022-)", "assoc_actor_1": null, "inter1": 8, "actor2": "Civilians (Palestine)", "assoc_actor_2": null, "inter2": 7, "interaction": 78, "civilian_targeting": "Civilian targeting", "iso": 275, "region": "Middle East", "country": "Palestine", "admin1": "Gaza Strip", "admin2": "North Gaza", "admin3": null, "location": "Jabalya Camp", "latitude": 31.536, "longitude": 34.4907, "geo_precision": 2, "source": "Arab 48; Palestine News and Information Agency", "source_scale": "National", "notes": "On 7 October 2024, Israeli warplanes struck a group of people in Bir Naaja area west of Jabalya Camp (North Gaza, Gaza Strip), killing 5 Palestinians and leaving injuries.", "fatalities": 5, "tags": null, "timestamp": 1753956638 }, "geometry": { "type": "Point", "coordinates": [ 34.4907, 31.536 ] } },
{ "type": "Feature", "properties": { "event_id_cnty": "PSE60889", "event_date": "10/7/2024", "year": 2024, "time_precision": 1, "disorder_type": "Political violence", "event_type": "Explosions/Remote violence", "sub_event_type": "Air/drone strike", "actor1": "Military Forces of Israel (2022-)", "assoc_actor_1": null, "inter1": 8, "actor2": "Civilians (Palestine)", "assoc_actor_2": null, "inter2": 7, "interaction": 78, "civilian_targeting": "Civilian targeting", "iso": 275, "region": "Middle East", "country": "Palestine", "admin1": "Gaza Strip", "admin2": "North Gaza", "admin3": null, "location": "Beit Lahiya", "latitude": 31.5541, "longitude": 34.5016, "geo_precision": 1, "source": "Arab 48; Palestine News and Information Agency; Quds News Network", "source_scale": "National", "notes": "On 7 October 2024, Israeli warplanes struck a house in Beit Lahiya (North Gaza, Gaza Strip), killing 5 Palestinians. Also, artillery shelled targets in Beit Lahiya, leaving a number of injuries.", "fatalities": 5, "tags": null, "timestamp": 1753956638 }, "geometry": { "type": "Point", "coordinates": [ 34.5016, 31.5541 ] } },
{ "type": "Feature", "properties": { "event_id_cnty": "PSE60890", "event_date": "10/7/2024", "year": 2024, "time_precision": 1, "disorder_type": "Political violence", "event_type": "Explosions/Remote violence", "sub_event_type": "Air/drone strike", "actor1": "Military Forces of Israel (2022-)", "assoc_actor_1": null, "inter1": 8, "actor2": "Civilians (Palestine)", "assoc_actor_2": null, "inter2": 7, "interaction": 78, "civilian_targeting": "Civilian targeting", "iso": 275, "region": "Middle East", "country": "Palestine", "admin1": "Gaza Strip", "admin2": "Gaza City", "admin3": null, "location": "Gaza - Sabra", "latitude": 31.5086, "longitude": 34.4493, "geo_precision": 1, "source": "Quds News Network", "source_scale": "National", "notes": "On 7 October 2024, Israeli warplanes a gathering in Gaza - Sabra (Gaza City, Gaza Strip), injuring a Palestinian. Also, artillery shelled targets in Sabra [casualties unknown].", "fatalities": 0, "tags": null, "timestamp": 1759790002 }, "geometry": { "type": "Point", "coordinates": [ 34.4493, 31.5086 ] } },
{ "type": "Feature", "properties": { "event_id_cnty": "PSE60899", "event_date": "10/7/2024", "year": 2024, "time_precision": 1, "disorder_type": "Political violence", "event_type": "Explosions/Remote violence", "sub_event_type": "Air/drone strike", "actor1": "Military Forces of Israel (2022-)", "assoc_actor_1": null, "inter1": 8, "actor2": "Civilians (Palestine)", "assoc_actor_2": "Refugees/IDPs (Palestine)", "inter2": 7, "interaction": 78, "civilian_targeting": "Civilian targeting", "iso": 275, "region": "Middle East", "country": "Palestine", "admin1": "Gaza Strip", "admin2": "North Gaza", "admin3": null, "location": "Jabalya Camp", "latitude": 31.536, "longitude": 34.4907, "geo_precision": 1, "source": "Arab 48; Newpress; Palestine News and Information Agency; Quds News Network; Twitter", "source_scale": "New media-National", "notes": "On 7 October 2024, Israeli warplanes carried out strikes in Jabalya Camp and in Al Falouja area in the camp [casualties unknown]. And artillery shelled a group of Palestinians near Abu Qamar station in Jabalya Camp (North Gaza, Gaza Strip), killing at least 13 Palestinians and injuring a number of others. In total, more than 20 Palestinians were killed in Jabalya Camp on 7 October 2024.", "fatalities": 20, "tags": null, "timestamp": 1753956638 }, "geometry": { "type": "Point", "coordinates": [ 34.4907, 31.536 ] } },
{ "type": "Feature", "properties": { "event_id_cnty": "PSE60961", "event_date": "10/7/2024", "year": 2024, "time_precision": 1, "disorder_type": "Political violence", "event_type": "Explosions/Remote violence", "sub_event_type": "Air/drone strike", "actor1": "Military Forces of Israel (2022-)", "assoc_actor_1": null, "inter1": 8, "actor2": "Civilians (Palestine)", "assoc_actor_2": "Refugees/IDPs (Palestine)", "inter2": 7, "interaction": 78, "civilian_targeting": "Civilian targeting", "iso": 275, "region": "Middle East", "country": "Palestine", "admin1": "Gaza Strip", "admin2": "Deir El Balah", "admin3": null, "location": "An Nusayrat", "latitude": 31.4486, "longitude": 34.3925, "geo_precision": 1, "source": "Palestine News and Information Agency; Quds News Network", "source_scale": "National", "notes": "On 7 October 2024, Israeli warplanes and UAVs struck houses in An Nusayrat Camp (Deir El Balah, Gaza Strip), killing at least 9 Palestinians.", "fatalities": 9, "tags": null, "timestamp": 1753956638 }, "geometry": { "type": "Point", "coordinates": [ 34.3925, 31.4486 ] } },
{ "type": "Feature", "properties": { "event_id_cnty": "PSE60966", "event_date": "10/7/2024", "year": 2024, "time_precision": 1, "disorder_type": "Political violence", "event_type": "Explosions/Remote violence", "sub_event_type": "Air/drone strike", "actor1": "Military Forces of Israel (2022-)", "assoc_actor_1": null, "inter1": 8, "actor2": "Civilians (Palestine)", "assoc_actor_2": null, "inter2": 7, "interaction": 78, "civilian_targeting": "Civilian targeting", "iso": 275, "region": "Middle East", "country": "Palestine", "admin1": "Gaza Strip", "admin2": "Rafah", "admin3": null, "location": "An Nasr", "latitude": 31.2814, "longitude": 34.3025, "geo_precision": 1, "source": "Quds News Network", "source_scale": "National", "notes": "On 7 October 2024, Israeli warplanes struck a house in al Atatrah area in An Nasr town (Rafah, Gaza Strip), killing 10 Palestinians including 3 children and 3 women.", "fatalities": 10, "tags": null, "timestamp": 1753956638 }, "geometry": { "type": "Point", "coordinates": [ 34.3025, 31.2814 ] } },
{ "type": "Feature", "properties": { "event_id_cnty": "PSE61012", "event_date": "10/7/2024", "year": 2024, "time_precision": 1, "disorder_type": "Political violence", "event_type": "Explosions/Remote violence", "sub_event_type": "Air/drone strike", "actor1": "Military Forces of Israel (2022-)", "assoc_actor_1": null, "inter1": 8, "actor2": "Civilians (Palestine)", "assoc_actor_2": "Refugees/IDPs (Palestine)", "inter2": 7, "interaction": 78, "civilian_targeting": "Civilian targeting", "iso": 275, "region": "Middle East", "country": "Palestine", "admin1": "Gaza Strip", "admin2": "Deir El Balah", "admin3": null, "location": "Al Burayj", "latitude": 31.4394, "longitude": 34.4031, "geo_precision": 1, "source": "Palestine News and Information Agency; Quds News Network", "source_scale": "National", "notes": "On 7 October 2024, Israeli warplanes struck houses in Al Burayj Camp (Deir El Balah, Gaza Strip), killing 3 Palestinians. Also, at least 15 Palestinians were killed and 25 more were injured in airstrikes a house and targets the camp. Total fatalities were 18.", "fatalities": 18, "tags": null, "timestamp": 1753956638 }, "geometry": { "type": "Point", "coordinates": [ 34.4031, 31.4394 ] } },
{ "type": "Feature", "properties": { "event_id_cnty": "PSE61213", "event_date": "10/7/2024", "year": 2024, "time_precision": 1, "disorder_type": "Political violence", "event_type": "Explosions/Remote violence", "sub_event_type": "Shelling/artillery/missile attack", "actor1": "Military Forces of Israel (2022-)", "assoc_actor_1": null, "inter1": 8, "actor2": "Civilians (Palestine)", "assoc_actor_2": "Refugees/IDPs (Palestine)", "inter2": 7, "interaction": 78, "civilian_targeting": "Civilian targeting", "iso": 275, "region": "Middle East", "country": "Palestine", "admin1": "Gaza Strip", "admin2": "Khan Yunis", "admin3": null, "location": "Al Mawasi (Khan Yunis)", "latitude": 31.3482, "longitude": 34.2547, "geo_precision": 2, "source": "Quds News Network", "source_scale": "National", "notes": "On 7 October 2024, Israeli gunboats opened fire toward the tent of displaced people west of Al Mawasi (Khan Yunis), Gaza Strip. Casualties unknown.", "fatalities": 0, "tags": null, "timestamp": 1762829569 }, "geometry": { "type": "Point", "coordinates": [ 34.2547, 31.3482 ] } },
{ "type": "Feature", "properties": { "event_id_cnty": "PSE60830", "event_date": "10/7/2024", "year": 2024, "time_precision": 1, "disorder_type": "Political violence", "event_type": "Explosions/Remote violence", "sub_event_type": "Air/drone strike", "actor1": "Military Forces of Israel (2022-)", "assoc_actor_1": null, "inter1": 8, "actor2": "Civilians (Palestine)", "assoc_actor_2": null, "inter2": 7, "interaction": 78, "civilian_targeting": "Civilian targeting", "iso": 275, "region": "Middle East", "country": "Palestine", "admin1": "Gaza Strip", "admin2": "Rafah", "admin3": null, "location": "Yibna", "latitude": 31.2842, "longitude": 34.2482, "geo_precision": 2, "source": "Arab 48; Palestine News and Information Agency; PLO Negotiations Affairs Department", "source_scale": "Other-National", "notes": "On 7 October 2024, Israeli UAVs struck and killed one Palestinian east of Rafah. Also, artillery and tanks shelled targets east of Rafah, coded to Yibna (Rafah, Gaza Strip). Casualties unknown. Fatalities coded at least 1.", "fatalities": 1, "tags": null, "timestamp": 1753956638 }, "geometry": { "type": "Point", "coordinates": [ 34.2482, 31.2842 ] } },
{ "type": "Feature", "properties": { "event_id_cnty": "PSE60819", "event_date": "10/7/2024", "year": 2024, "time_precision": 1, "disorder_type": "Political violence", "event_type": "Explosions/Remote violence", "sub_event_type": "Air/drone strike", "actor1": "Military Forces of Israel (2022-)", "assoc_actor_1": null, "inter1": 8, "actor2": "Civilians (Palestine)", "assoc_actor_2": null, "inter2": 7, "interaction": 78, "civilian_targeting": "Civilian targeting", "iso": 275, "region": "Middle East", "country": "Palestine", "admin1": "Gaza Strip", "admin2": "Gaza City", "admin3": null, "location": "Gaza - Az Zaytun", "latitude": 31.4964, "longitude": 34.4522, "geo_precision": 1, "source": "Palestine News and Information Agency; Quds News Network", "source_scale": "National", "notes": "On 7 October 2024, Israeli warplanes struck a house in Gaza - Az Zaytun (Gaza City, Gaza Strip), killing a Palestinian and leaving a number of injuries.", "fatalities": 1, "tags": null, "timestamp": 1759790002 }, "geometry": { "type": "Point", "coordinates": [ 34.4522, 31.4964 ] } },
{ "type": "Feature", "properties": { "event_id_cnty": "PSE60851", "event_date": "10/7/2024", "year": 2024, "time_precision": 1, "disorder_type": "Political violence", "event_type": "Explosions/Remote violence", "sub_event_type": "Air/drone strike", "actor1": "Military Forces of Israel (2022-)", "assoc_actor_1": null, "inter1": 8, "actor2": "Civilians (Palestine)", "assoc_actor_2": null, "inter2": 7, "interaction": 78, "civilian_targeting": "Civilian targeting", "iso": 275, "region": "Middle East", "country": "Palestine", "admin1": "Gaza Strip", "admin2": "North Gaza", "admin3": null, "location": "Jabalya", "latitude": 31.5272, "longitude": 34.4835, "geo_precision": 1, "source": "Palestine News and Information Agency", "source_scale": "National", "notes": "On 7 October 2024, Israeli warplanes struck targets in Jabalya town (North Gaza, Gaza Strip). Casualties unknown.", "fatalities": 0, "tags": null, "timestamp": 1759790002 }, "geometry": { "type": "Point", "coordinates": [ 34.4835, 31.5272 ] } },
{ "type": "Feature", "properties": { "event_id_cnty": "PSE60891", "event_date": "10/7/2024", "year": 2024, "time_precision": 1, "disorder_type": "Political violence", "event_type": "Explosions/Remote violence", "sub_event_type": "Air/drone strike", "actor1": "Military Forces of Israel (2022-)", "assoc_actor_1": null, "inter1": 8, "actor2": "Civilians (Palestine)", "assoc_actor_2": null, "inter2": 7, "interaction": 78, "civilian_targeting": "Civilian targeting", "iso": 275, "region": "Middle East", "country": "Palestine", "admin1": "Gaza Strip", "admin2": "North Gaza", "admin3": null, "location": "Jabalya", "latitude": 31.5272, "longitude": 34.4835, "geo_precision": 2, "source": "Newpress; Quds News Network; Twitter", "source_scale": "New media-National", "notes": "On 7 October 2024, Israeli warplanes struck a target at Abu Sharkh junction, west of Jabalya town (North Gaza, Gaza Strip). Casualties unknown. Also, 5 Palestinians were killed at Bir Najja area west of Jabalya. Fatalities coded at least 5.", "fatalities": 5, "tags": null, "timestamp": 1759790002 }, "geometry": { "type": "Point", "coordinates": [ 34.4835, 31.5272 ] } },
{ "type": "Feature", "properties": { "event_id_cnty": "PSE60817", "event_date": "10/7/2024", "year": 2024, "time_precision": 1, "disorder_type": "Political violence", "event_type": "Explosions/Remote violence", "sub_event_type": "Air/drone strike", "actor1": "Military Forces of Israel (2022-)", "assoc_actor_1": null, "inter1": 8, "actor2": "Civilians (Palestine)", "assoc_actor_2": null, "inter2": 7, "interaction": 78, "civilian_targeting": "Civilian targeting", "iso": 275, "region": "Middle East", "country": "Palestine", "admin1": "Gaza Strip", "admin2": "Rafah", "admin3": null, "location": "Khirbet al Adas", "latitude": 31.2855, "longitude": 34.2714, "geo_precision": 1, "source": "Palestine News and Information Agency; Quds News Network", "source_scale": "National", "notes": "On 7 October 2024, Israeli warplanes struck a house in Khirbet al Adas (Rafah, Gaza Strip), killing a woman and leaving a number of injuries.", "fatalities": 1, "tags": null, "timestamp": 1753956638 }, "geometry": { "type": "Point", "coordinates": [ 34.2714, 31.2855 ] } },
{ "type": "Feature", "properties": { "event_id_cnty": "PSE60953", "event_date": "10/7/2024", "year": 2024, "time_precision": 1, "disorder_type": "Political violence", "event_type": "Explosions/Remote violence", "sub_event_type": "Air/drone strike", "actor1": "Military Forces of Israel (2022-)", "assoc_actor_1": null, "inter1": 8, "actor2": "Civilians (Palestine)", "assoc_actor_2": null, "inter2": 7, "interaction": 78, "civilian_targeting": "Civilian targeting", "iso": 275, "region": "Middle East", "country": "Palestine", "admin1": "Gaza Strip", "admin2": "Rafah", "admin3": null, "location": "Khirbet al Adas", "latitude": 31.2855, "longitude": 34.2714, "geo_precision": 2, "source": "Arab 48; Quds News Network", "source_scale": "National", "notes": "On 7 October 2024, Israeli warplanes struck a house in Al Attar area north of Rafah, coded to Khirbet al Adas (Khan Yunis, Gaza Strip) and 9 Palestinians were killed in airstrikes that targeted houses north of Rafah.", "fatalities": 9, "tags": null, "timestamp": 1753956638 }, "geometry": { "type": "Point", "coordinates": [ 34.2714, 31.2855 ] } },
{ "type": "Feature", "properties": { "event_id_cnty": "PSE60811", "event_date": "10/8/2024", "year": 2024, "time_precision": 1, "disorder_type": "Political violence", "event_type": "Explosions/Remote violence", "sub_event_type": "Air/drone strike", "actor1": "Military Forces of Israel (2022-)", "assoc_actor_1": null, "inter1": 8, "actor2": "Civilians (Palestine)", "assoc_actor_2": "Refugees/IDPs (Palestine)", "inter2": 7, "interaction": 78, "civilian_targeting": "Civilian targeting", "iso": 275, "region": "Middle East", "country": "Palestine", "admin1": "Gaza Strip", "admin2": "Gaza City", "admin3": null, "location": "Gaza - Southern Remal", "latitude": 31.5168, "longitude": 34.4355, "geo_precision": 2, "source": "Quds News Network", "source_scale": "National", "notes": "On 8 October 2024, at around 8:21, Israeli UAVs opened fire toward displaced people near al-Rashid Street west of Gaza, coded to Gaza - Southern Remal (Gaza City, Gaza Strip). Casualties unknown.", "fatalities": 0, "tags": null, "timestamp": 1759790002 }, "geometry": { "type": "Point", "coordinates": [ 34.4355, 31.5168 ] } },
{ "type": "Feature", "properties": { "event_id_cnty": "PSE60814", "event_date": "10/8/2024", "year": 2024, "time_precision": 1, "disorder_type": "Political violence", "event_type": "Explosions/Remote violence", "sub_event_type": "Air/drone strike", "actor1": "Military Forces of Israel (2022-)", "assoc_actor_1": null, "inter1": 8, "actor2": "Civilians (Palestine)", "assoc_actor_2": "Refugees/IDPs (Palestine)", "inter2": 7, "interaction": 78, "civilian_targeting": "Civilian targeting", "iso": 275, "region": "Middle East", "country": "Palestine", "admin1": "Gaza Strip", "admin2": "Deir El Balah", "admin3": null, "location": "Al Maghazi", "latitude": 31.4214, "longitude": 34.3865, "geo_precision": 1, "source": "Arab 48", "source_scale": "National", "notes": "On 8 October 2024, at around 14:27, Israeli warplanes struck a target in Al Maghazi Camp (Deir El Balah, Gaza Strip), killing a Palestinian and injuring a number of others.", "fatalities": 1, "tags": null, "timestamp": 1753956638 }, "geometry": { "type": "Point", "coordinates": [ 34.3865, 31.4214 ] } },
{ "type": "Feature", "properties": { "event_id_cnty": "PSE60831", "event_date": "10/8/2024", "year": 2024, "time_precision": 1, "disorder_type": "Political violence", "event_type": "Explosions/Remote violence", "sub_event_type": "Air/drone strike", "actor1": "Military Forces of Israel (2022-)", "assoc_actor_1": null, "inter1": 8, "actor2": "Civilians (Palestine)", "assoc_actor_2": null, "inter2": 7, "interaction": 78, "civilian_targeting": "Civilian targeting", "iso": 275, "region": "Middle East", "country": "Palestine", "admin1": "Gaza Strip", "admin2": "Deir El Balah", "admin3": null, "location": "Az Zawayda", "latitude": 31.4284, "longitude": 34.366, "geo_precision": 1, "source": "Ma'an News Agency; Palestine News and Information Agency; Quds News Network", "source_scale": "National", "notes": "On 8 October 2024, Israeli warplanes struck a land at the entrance of Az Zawayda (Deir El Balah, Gaza Strip), killing at least one Palestinian and injuring an number of others.", "fatalities": 1, "tags": null, "timestamp": 1767742780 }, "geometry": { "type": "Point", "coordinates": [ 34.366, 31.4284 ] } },
{ "type": "Feature", "properties": { "event_id_cnty": "PSE60846", "event_date": "10/8/2024", "year": 2024, "time_precision": 1, "disorder_type": "Political violence", "event_type": "Explosions/Remote violence", "sub_event_type": "Air/drone strike", "actor1": "Military Forces of Israel (2022-)", "assoc_actor_1": null, "inter1": 8, "actor2": "Civilians (Palestine)", "assoc_actor_2": null, "inter2": 7, "interaction": 78, "civilian_targeting": "Civilian targeting", "iso": 275, "region": "Middle East", "country": "Palestine", "admin1": "Gaza Strip", "admin2": "North Gaza", "admin3": null, "location": "Beit Lahiya", "latitude": 31.5541, "longitude": 34.5016, "geo_precision": 1, "source": "Quds News Network", "source_scale": "National", "notes": "On 8 October 2024, Israeli warplanes struck several targets in Beit Lahiya including near the Odwan hospital in Beit Lahiya (North Gaza, Gaza Strip), causing several injuries, including women and children.", "fatalities": 0, "tags": null, "timestamp": 1753956638 }, "geometry": { "type": "Point", "coordinates": [ 34.5016, 31.5541 ] } },
{ "type": "Feature", "properties": { "event_id_cnty": "PSE60878", "event_date": "10/8/2024", "year": 2024, "time_precision": 1, "disorder_type": "Political violence", "event_type": "Explosions/Remote violence", "sub_event_type": "Air/drone strike", "actor1": "Military Forces of Israel (2022-)", "assoc_actor_1": null, "inter1": 8, "actor2": "Civilians (Palestine)", "assoc_actor_2": null, "inter2": 7, "interaction": 78, "civilian_targeting": "Civilian targeting", "iso": 275, "region": "Middle East", "country": "Palestine", "admin1": "Gaza Strip", "admin2": "Deir El Balah", "admin3": null, "location": "An Nusayrat - West", "latitude": 31.4525, "longitude": 34.3756, "geo_precision": 1, "source": "Arab 48; Ma'an News Agency; Newpress; Palestine News and Information Agency; Quds News Network; Twitter", "source_scale": "New media-National", "notes": "On 8 October 2024, around 13:36, an Israeli warplane struck a passing car in Tabbet Nwairi area in An Nusayrat - West (Deir El Balah, Gaza Strip), killing a number of Palestinians [unspecified number of fatalities coded as 3]. Also, around 1:11, Israeli warplanes struck a house in Al Sawarha area in An Nusayrat - West, causing injuries.", "fatalities": 3, "tags": null, "timestamp": 1753956638 }, "geometry": { "type": "Point", "coordinates": [ 34.3756, 31.4525 ] } },
{ "type": "Feature", "properties": { "event_id_cnty": "PSE60879", "event_date": "10/8/2024", "year": 2024, "time_precision": 1, "disorder_type": "Political violence", "event_type": "Explosions/Remote violence", "sub_event_type": "Air/drone strike", "actor1": "Military Forces of Israel (2022-)", "assoc_actor_1": null, "inter1": 8, "actor2": "Civilians (Palestine)", "assoc_actor_2": null, "inter2": 7, "interaction": 78, "civilian_targeting": "Civilian targeting", "iso": 275, "region": "Middle East", "country": "Palestine", "admin1": "Gaza Strip", "admin2": "North Gaza", "admin3": null, "location": "Beit Lahiya - Al Mashroo", "latitude": 31.5433, "longitude": 34.4998, "geo_precision": 1, "source": "Ma'an News Agency; Newpress; Palestine News and Information Agency; Quds News Network; Twitter", "source_scale": "New media-National", "notes": "On 8 October 2024, Israeli helicopters opened fire at houses in Beit Lahiya - Al Mashroo (North Gaza, Gaza Strip), causing injuries. Also, artillery shelled targets near Abu Al Jidyan junction in the same area, leaving fatalities [unspecified fatalities coded as 3].", "fatalities": 3, "tags": null, "timestamp": 1753956638 }, "geometry": { "type": "Point", "coordinates": [ 34.4998, 31.5433 ] } },
{ "type": "Feature", "properties": { "event_id_cnty": "PSE60893", "event_date": "10/8/2024", "year": 2024, "time_precision": 1, "disorder_type": "Political violence", "event_type": "Explosions/Remote violence", "sub_event_type": "Air/drone strike", "actor1": "Military Forces of Israel (2022-)", "assoc_actor_1": null, "inter1": 8, "actor2": "Civilians (Palestine)", "assoc_actor_2": null, "inter2": 7, "interaction": 78, "civilian_targeting": "Civilian targeting", "iso": 275, "region": "Middle East", "country": "Palestine", "admin1": "Gaza Strip", "admin2": "Gaza City", "admin3": null, "location": "Gaza - Southern Remal", "latitude": 31.5168, "longitude": 34.4355, "geo_precision": 1, "source": "Ma'an News Agency; Palestine News and Information Agency; Quds News Network", "source_scale": "National", "notes": "On 8 October 2024, at around 14:48, Israeli warplanes struck a house in Gaza - Southern Remal (Gaza City, Gaza Strip). Casualties unknown.", "fatalities": 0, "tags": null, "timestamp": 1759790002 }, "geometry": { "type": "Point", "coordinates": [ 34.4355, 31.5168 ] } },
{ "type": "Feature", "properties": { "event_id_cnty": "PSE60894", "event_date": "10/8/2024", "year": 2024, "time_precision": 1, "disorder_type": "Political violence", "event_type": "Explosions/Remote violence", "sub_event_type": "Air/drone strike", "actor1": "Military Forces of Israel (2022-)", "assoc_actor_1": null, "inter1": 8, "actor2": "Civilians (Palestine)", "assoc_actor_2": "Refugees/IDPs (Palestine)", "inter2": 7, "interaction": 78, "civilian_targeting": "Civilian targeting", "iso": 275, "region": "Middle East", "country": "Palestine", "admin1": "Gaza Strip", "admin2": "Gaza City", "admin3": null, "location": "Gaza - Ad Darraj", "latitude": 31.5172, "longitude": 34.4642, "geo_precision": 1, "source": "Arab 48", "source_scale": "National", "notes": "On 8 October 2024, at around 17:16, Israeli warplanes struck the Salah Al Din School that hosts displaced people in Gaza - Ad Darraj (Gaza City, Gaza Strip). Casualties unknown.", "fatalities": 0, "tags": null, "timestamp": 1759790002 }, "geometry": { "type": "Point", "coordinates": [ 34.4642, 31.5172 ] } },
{ "type": "Feature", "properties": { "event_id_cnty": "PSE60926", "event_date": "10/8/2024", "year": 2024, "time_precision": 1, "disorder_type": "Political violence", "event_type": "Explosions/Remote violence", "sub_event_type": "Air/drone strike", "actor1": "Military Forces of Israel (2022-)", "assoc_actor_1": null, "inter1": 8, "actor2": "Civilians (Palestine)", "assoc_actor_2": "Refugees/IDPs (Palestine)", "inter2": 7, "interaction": 78, "civilian_targeting": "Civilian targeting", "iso": 275, "region": "Middle East", "country": "Palestine", "admin1": "Gaza Strip", "admin2": "Deir El Balah", "admin3": null, "location": "Al Burayj", "latitude": 31.4394, "longitude": 34.4031, "geo_precision": 1, "source": "Quds News Network", "source_scale": "National", "notes": "On 8 October 2024, at around 00:15, Israeli warplanes struck the tents of displaced people in Al Sekka Street in Al Burayj Camp (Deir El Balah, Gaza Strip), killing 3 Palestinians and causing injuries. Also, around 3:40, Israeli artillery shelled targets and UAVs opened fire in the camp [casualties unknown]. Also, at around 22:49, 3 Palestinians, including a child, were killed in an airstrike that targeted a house. Fatalities coded at least 6 (at least 6 confirmed).", "fatalities": 6, "tags": null, "timestamp": 1753956638 }, "geometry": { "type": "Point", "coordinates": [ 34.4031, 31.4394 ] } },
{ "type": "Feature", "properties": { "event_id_cnty": "PSE60968", "event_date": "10/8/2024", "year": 2024, "time_precision": 1, "disorder_type": "Political violence", "event_type": "Explosions/Remote violence", "sub_event_type": "Air/drone strike", "actor1": "Military Forces of Israel (2022-)", "assoc_actor_1": null, "inter1": 8, "actor2": "Civilians (Palestine)", "assoc_actor_2": "Refugees/IDPs (Palestine)", "inter2": 7, "interaction": 78, "civilian_targeting": "Civilian targeting", "iso": 275, "region": "Middle East", "country": "Palestine", "admin1": "Gaza Strip", "admin2": "North Gaza", "admin3": null, "location": "Jabalya Camp", "latitude": 31.536, "longitude": 34.4907, "geo_precision": 1, "source": "Ma'an News Agency; Newpress; Palestine News and Information Agency; Quds News Network; Twitter", "source_scale": "New media-National", "notes": "On 8 October 2024, Israeli warplanes and UAVs carried out intense strikes in Jabalya Camp (North Gaza, Gaza Strip). Casualties unknown. Also, Israeli tanks opened fire and artillery shelled targets amid a ground operation in the camp [casualties unknown]. Tens of Palestinians were killed and tens were injured in block 2, al-Qassasin, al-Alami, near Nadi Al-Khadamat in the camp [coded as 10].", "fatalities": 10, "tags": null, "timestamp": 1753956638 }, "geometry": { "type": "Point", "coordinates": [ 34.4907, 31.536 ] } },
{ "type": "Feature", "properties": { "event_id_cnty": "PSE60823", "event_date": "10/8/2024", "year": 2024, "time_precision": 1, "disorder_type": "Political violence", "event_type": "Explosions/Remote violence", "sub_event_type": "Air/drone strike", "actor1": "Military Forces of Israel (2022-)", "assoc_actor_1": null, "inter1": 8, "actor2": "Civilians (Palestine)", "assoc_actor_2": null, "inter2": 7, "interaction": 78, "civilian_targeting": "Civilian targeting", "iso": 275, "region": "Middle East", "country": "Palestine", "admin1": "Gaza Strip", "admin2": "North Gaza", "admin3": null, "location": "Jabalya - Tel-Zaatar", "latitude": 31.5367, "longitude": 34.5035, "geo_precision": 1, "source": "Arab 48; Newpress; Quds News Network; Twitter", "source_scale": "New media-National", "notes": "On 8 October 2024, at around 16:20, Israeli warplanes struck a group of Palestinians near Al Awada Hospital in Jabalya - Tel-Zaatar (North Gaza, Gaza Strip), killing a Palestinian and causing a number of injuries.", "fatalities": 1, "tags": null, "timestamp": 1759790002 }, "geometry": { "type": "Point", "coordinates": [ 34.5035, 31.5367 ] } },
{ "type": "Feature", "properties": { "event_id_cnty": "PSE60832", "event_date": "10/8/2024", "year": 2024, "time_precision": 1, "disorder_type": "Political violence", "event_type": "Explosions/Remote violence", "sub_event_type": "Air/drone strike", "actor1": "Military Forces of Israel (2022-)", "assoc_actor_1": null, "inter1": 8, "actor2": "Civilians (Palestine)", "assoc_actor_2": null, "inter2": 7, "interaction": 78, "civilian_targeting": "Civilian targeting", "iso": 275, "region": "Middle East", "country": "Palestine", "admin1": "Gaza Strip", "admin2": "Gaza City", "admin3": null, "location": "Gaza - Az Zaytun", "latitude": 31.4964, "longitude": 34.4522, "geo_precision": 1, "source": "Arab 48; Ma'an News Agency; Palestine News and Information Agency; Quds News Network", "source_scale": "National", "notes": "On 8 October 2024, Israeli warplanes struck a house in the eastern areas of Gaza - Az Zaytun (Gaza City, Gaza Strip), causing fire. Casualties unknown. Also, UAV opened fire and artillery shelled the Az Zaytun, killing a Palestinian women. Fatalities coded at least 1.", "fatalities": 1, "tags": null, "timestamp": 1759790002 }, "geometry": { "type": "Point", "coordinates": [ 34.4522, 31.4964 ] } },
{ "type": "Feature", "properties": { "event_id_cnty": "PSE60951", "event_date": "10/8/2024", "year": 2024, "time_precision": 1, "disorder_type": "Political violence", "event_type": "Explosions/Remote violence", "sub_event_type": "Air/drone strike", "actor1": "Military Forces of Israel (2022-)", "assoc_actor_1": null, "inter1": 8, "actor2": "Civilians (Palestine)", "assoc_actor_2": null, "inter2": 7, "interaction": 78, "civilian_targeting": "Civilian targeting", "iso": 275, "region": "Middle East", "country": "Palestine", "admin1": "Gaza Strip", "admin2": "North Gaza", "admin3": null, "location": "Jabalya", "latitude": 31.5272, "longitude": 34.4835, "geo_precision": 1, "source": "Quds News Network", "source_scale": "National", "notes": "On 8 October 2024, at around 12:00, Israeli warplanes struck a house in Jabalya town (North Gaza, Gaza Strip), killing at least 7 persons. Also, around 17:55, one person was killed in an airstrike near the Najm al-Din Arbakan School in the town. Total fatalities coded at least 8.", "fatalities": 8, "tags": null, "timestamp": 1759790002 }, "geometry": { "type": "Point", "coordinates": [ 34.4835, 31.5272 ] } },
{ "type": "Feature", "properties": { "event_id_cnty": "PSE60939", "event_date": "10/8/2024", "year": 2024, "time_precision": 1, "disorder_type": "Political violence", "event_type": "Explosions/Remote violence", "sub_event_type": "Air/drone strike", "actor1": "Military Forces of Israel (2022-)", "assoc_actor_1": null, "inter1": 8, "actor2": "Civilians (Palestine)", "assoc_actor_2": null, "inter2": 7, "interaction": 78, "civilian_targeting": "Civilian targeting", "iso": 275, "region": "Middle East", "country": "Palestine", "admin1": "Gaza Strip", "admin2": "Rafah", "admin3": null, "location": "Khirbet al Adas", "latitude": 31.2855, "longitude": 34.2714, "geo_precision": 1, "source": "Palestine News and Information Agency; Quds News Network", "source_scale": "National", "notes": "On 8 October 2024, an Israeli UAV struck a group of Palestinians at a water filling station in Khirbet al Adas (Rafah, Gaza Strip), killing 8 persons and leaving injuries.", "fatalities": 8, "tags": null, "timestamp": 1753956638 }, "geometry": { "type": "Point", "coordinates": [ 34.2714, 31.2855 ] } },
{ "type": "Feature", "properties": { "event_id_cnty": "PSE60809", "event_date": "10/9/2024", "year": 2024, "time_precision": 1, "disorder_type": "Political violence", "event_type": "Explosions/Remote violence", "sub_event_type": "Air/drone strike", "actor1": "Military Forces of Israel (2022-)", "assoc_actor_1": null, "inter1": 8, "actor2": "Civilians (Palestine)", "assoc_actor_2": null, "inter2": 7, "interaction": 78, "civilian_targeting": "Civilian targeting", "iso": 275, "region": "Middle East", "country": "Palestine", "admin1": "Gaza Strip", "admin2": "Gaza City", "admin3": null, "location": "Gaza - Sheikh Radwan", "latitude": 31.5349, "longitude": 34.4667, "geo_precision": 1, "source": "Quds News Network", "source_scale": "National", "notes": "On 9 October 2024, at around 22:42, Israeli UAVs opened fire at al-Jalaa Street in Gaza - Sheikh Radwan (Gaza City, Gaza Strip), injuring a number of Palestinian children.", "fatalities": 0, "tags": null, "timestamp": 1759790002 }, "geometry": { "type": "Point", "coordinates": [ 34.4667, 31.5349 ] } },
{ "type": "Feature", "properties": { "event_id_cnty": "PSE60834", "event_date": "10/9/2024", "year": 2024, "time_precision": 1, "disorder_type": "Political violence", "event_type": "Explosions/Remote violence", "sub_event_type": "Air/drone strike", "actor1": "Military Forces of Israel (2022-)", "assoc_actor_1": null, "inter1": 8, "actor2": "Civilians (Palestine)", "assoc_actor_2": "Refugees/IDPs (Palestine)", "inter2": 7, "interaction": 78, "civilian_targeting": "Civilian targeting", "iso": 275, "region": "Middle East", "country": "Palestine", "admin1": "Gaza Strip", "admin2": "Deir El Balah", "admin3": null, "location": "An Nusayrat - West", "latitude": 31.4525, "longitude": 34.3756, "geo_precision": 1, "source": "Quds News Network", "source_scale": "National", "notes": "On 9 October 2024, at around 2:49, Israeli warplanes struck a tent belongs to displaced people in An Nusayrat - West (Deir El Balah, Gaza Strip), killing a Palestinian and leaving injuries. Also, warplanes struck a house in Abu Ghoulah area [casualties unknown]. Fatalities coded at least 1.", "fatalities": 1, "tags": null, "timestamp": 1753956638 }, "geometry": { "type": "Point", "coordinates": [ 34.3756, 31.4525 ] } },
{ "type": "Feature", "properties": { "event_id_cnty": "PSE60864", "event_date": "10/9/2024", "year": 2024, "time_precision": 1, "disorder_type": "Political violence", "event_type": "Explosions/Remote violence", "sub_event_type": "Shelling/artillery/missile attack", "actor1": "Military Forces of Israel (2022-)", "assoc_actor_1": null, "inter1": 8, "actor2": "Civilians (Palestine)", "assoc_actor_2": null, "inter2": 7, "interaction": 78, "civilian_targeting": "Civilian targeting", "iso": 275, "region": "Middle East", "country": "Palestine", "admin1": "Gaza Strip", "admin2": "North Gaza", "admin3": null, "location": "Beit Lahiya - Al Mashroo", "latitude": 31.5433, "longitude": 34.4998, "geo_precision": 1, "source": "Quds News Network", "source_scale": "National", "notes": "On 9 October 2024, at around 06:43, Israeli artillery shelled on the outskirts of al-Fakhoura area in Beit Lahiya - Al Mashroo (North Gaza, Gaza Strip), leaving 2 fatalities.", "fatalities": 2, "tags": null, "timestamp": 1753956638 }, "geometry": { "type": "Point", "coordinates": [ 34.4998, 31.5433 ] } },
{ "type": "Feature", "properties": { "event_id_cnty": "PSE60867", "event_date": "10/9/2024", "year": 2024, "time_precision": 1, "disorder_type": "Political violence", "event_type": "Explosions/Remote violence", "sub_event_type": "Air/drone strike", "actor1": "Military Forces of Israel (2022-)", "assoc_actor_1": null, "inter1": 8, "actor2": "Civilians (Palestine)", "assoc_actor_2": "Refugees/IDPs (Palestine)", "inter2": 7, "interaction": 78, "civilian_targeting": "Civilian targeting", "iso": 275, "region": "Middle East", "country": "Palestine", "admin1": "Gaza Strip", "admin2": "Deir El Balah", "admin3": null, "location": "An Nusayrat", "latitude": 31.4486, "longitude": 34.3925, "geo_precision": 1, "source": "Ma'an News Agency; Palestine News and Information Agency; Quds News Network", "source_scale": "National", "notes": "On 9 October 2024, Israeli warplanes struck a house in An Nusayrat Camp (Deir El Balah, Gaza Strip), killing 3 Palestinians, including a child and injuring a number of others.", "fatalities": 3, "tags": null, "timestamp": 1753956638 }, "geometry": { "type": "Point", "coordinates": [ 34.3925, 31.4486 ] } },
{ "type": "Feature", "properties": { "event_id_cnty": "PSE60869", "event_date": "10/9/2024", "year": 2024, "time_precision": 1, "disorder_type": "Political violence", "event_type": "Explosions/Remote violence", "sub_event_type": "Air/drone strike", "actor1": "Military Forces of Israel (2022-)", "assoc_actor_1": null, "inter1": 8, "actor2": "Civilians (Palestine)", "assoc_actor_2": "Refugees/IDPs (Palestine)", "inter2": 7, "interaction": 78, "civilian_targeting": "Civilian targeting", "iso": 275, "region": "Middle East", "country": "Palestine", "admin1": "Gaza Strip", "admin2": "Deir El Balah", "admin3": null, "location": "An Nusayrat - North", "latitude": 31.4591, "longitude": 34.3923, "geo_precision": 2, "source": "Dunia Al Watan; Palestine News and Information Agency; Quds News Network", "source_scale": "National", "notes": "On 9 October 2024, at around 08:00, Israeli warplanes struck a house northwest of An Nusayrat, coded to An Nusayrat - North (Deir El Balah, Gaza Strip), killing 3 Palestinians including a child, and causing a number of injuries.", "fatalities": 3, "tags": null, "timestamp": 1753956638 }, "geometry": { "type": "Point", "coordinates": [ 34.3923, 31.4591 ] } },
{ "type": "Feature", "properties": { "event_id_cnty": "PSE60881", "event_date": "10/9/2024", "year": 2024, "time_precision": 1, "disorder_type": "Political violence", "event_type": "Explosions/Remote violence", "sub_event_type": "Air/drone strike", "actor1": "Military Forces of Israel (2022-)", "assoc_actor_1": null, "inter1": 8, "actor2": "Civilians (Palestine)", "assoc_actor_2": "Refugees/IDPs (Palestine)", "inter2": 7, "interaction": 78, "civilian_targeting": "Civilian targeting", "iso": 275, "region": "Middle East", "country": "Palestine", "admin1": "Gaza Strip", "admin2": "Deir El Balah", "admin3": null, "location": "Al Burayj", "latitude": 31.4394, "longitude": 34.4031, "geo_precision": 1, "source": "Palestine News and Information Agency; Quds News Network", "source_scale": "National", "notes": "On 9 October 2024, at around 1:00, Israeli warplanes struck a house in Al Burayj Camp (Deir El Balah, Gaza Strip), killing 4 Palestinians and causing injuries.", "fatalities": 4, "tags": null, "timestamp": 1753956638 }, "geometry": { "type": "Point", "coordinates": [ 34.4031, 31.4394 ] } },
{ "type": "Feature", "properties": { "event_id_cnty": "PSE60887", "event_date": "10/9/2024", "year": 2024, "time_precision": 1, "disorder_type": "Political violence", "event_type": "Explosions/Remote violence", "sub_event_type": "Air/drone strike", "actor1": "Military Forces of Israel (2022-)", "assoc_actor_1": null, "inter1": 8, "actor2": "Civilians (Palestine)", "assoc_actor_2": null, "inter2": 7, "interaction": 78, "civilian_targeting": "Civilian targeting", "iso": 275, "region": "Middle East", "country": "Palestine", "admin1": "Gaza Strip", "admin2": "Gaza City", "admin3": null, "location": "Gaza - Ash Shati' Camp", "latitude": 31.5349, "longitude": 34.4466, "geo_precision": 2, "source": "Newpress; Palestine News and Information Agency; Twitter", "source_scale": "New media-National", "notes": "On 9 October 2024, at around 1:00, Israeli warplanes carried out strike and UAVs opened fire toward houses in Al Saftawi, As Shanti, and Al Tawam areas northwest of Gaza city, coded Gaza - Ash Shati' Camp (Gaza City, Gaza Strip). Casualties unknown.", "fatalities": 0, "tags": null, "timestamp": 1759790002 }, "geometry": { "type": "Point", "coordinates": [ 34.4466, 31.5349 ] } },
{ "type": "Feature", "properties": { "event_id_cnty": "PSE60895", "event_date": "10/9/2024", "year": 2024, "time_precision": 1, "disorder_type": "Political violence", "event_type": "Explosions/Remote violence", "sub_event_type": "Air/drone strike", "actor1": "Military Forces of Israel (2022-)", "assoc_actor_1": null, "inter1": 8, "actor2": "Civilians (Palestine)", "assoc_actor_2": null, "inter2": 7, "interaction": 78, "civilian_targeting": "Civilian targeting", "iso": 275, "region": "Middle East", "country": "Palestine", "admin1": "Gaza Strip", "admin2": "Deir El Balah", "admin3": null, "location": "Az Zawayda", "latitude": 31.4284, "longitude": 34.366, "geo_precision": 1, "source": "Newpress; Quds News Network; Twitter", "source_scale": "New media-National", "notes": "On 9 October 2024, at around 11:12, Israeli warplanes struck a target in Az Zawayda (Deir El Balah, Gaza Strip). Casualties unknown.", "fatalities": 0, "tags": null, "timestamp": 1767742780 }, "geometry": { "type": "Point", "coordinates": [ 34.366, 31.4284 ] } },
{ "type": "Feature", "properties": { "event_id_cnty": "PSE60942", "event_date": "10/9/2024", "year": 2024, "time_precision": 1, "disorder_type": "Political violence", "event_type": "Explosions/Remote violence", "sub_event_type": "Air/drone strike", "actor1": "Military Forces of Israel (2022-)", "assoc_actor_1": null, "inter1": 8, "actor2": "Civilians (Palestine)", "assoc_actor_2": null, "inter2": 7, "interaction": 78, "civilian_targeting": "Civilian targeting", "iso": 275, "region": "Middle East", "country": "Palestine", "admin1": "Gaza Strip", "admin2": "Khan Yunis", "admin3": null, "location": "Khan Yunis - Maen", "latitude": 31.336, "longitude": 34.3172, "geo_precision": 2, "source": "Palestine News and Information Agency; Quds News Network", "source_scale": "National", "notes": "On 9 October 2024, at around 21:00, Israeli warplanes struck a passing car at the road between Khan Yunis - Maen and Bani Suheila (Khan Yunis, Gaza Strip), killing 8 Palestinians.", "fatalities": 8, "tags": null, "timestamp": 1753956638 }, "geometry": { "type": "Point", "coordinates": [ 34.3172, 31.336 ] } },
{ "type": "Feature", "properties": { "event_id_cnty": "PSE60957", "event_date": "10/9/2024", "year": 2024, "time_precision": 1, "disorder_type": "Political violence", "event_type": "Explosions/Remote violence", "sub_event_type": "Air/drone strike", "actor1": "Military Forces of Israel (2022-)", "assoc_actor_1": null, "inter1": 8, "actor2": "Civilians (Palestine)", "assoc_actor_2": null, "inter2": 7, "interaction": 78, "civilian_targeting": "Civilian targeting", "iso": 275, "region": "Middle East", "country": "Palestine", "admin1": "Gaza Strip", "admin2": "Gaza City", "admin3": null, "location": "Gaza - Shujaiyya", "latitude": 31.4988, "longitude": 34.4699, "geo_precision": 1, "source": "Ma'an News Agency; Palestine News and Information Agency; Quds News Network", "source_scale": "National", "notes": "On 9 October 2024, Israeli warplanes struck a house in Gaza - Shujaiyya (Gaza City, Gaza Strip), killing 9 Palestinians from the same family.", "fatalities": 9, "tags": null, "timestamp": 1759790002 }, "geometry": { "type": "Point", "coordinates": [ 34.4699, 31.4988 ] } },
{ "type": "Feature", "properties": { "event_id_cnty": "PSE60970", "event_date": "10/9/2024", "year": 2024, "time_precision": 1, "disorder_type": "Political violence", "event_type": "Explosions/Remote violence", "sub_event_type": "Shelling/artillery/missile attack", "actor1": "Military Forces of Israel (2022-)", "assoc_actor_1": null, "inter1": 8, "actor2": "Civilians (Palestine)", "assoc_actor_2": null, "inter2": 7, "interaction": 78, "civilian_targeting": "Civilian targeting", "iso": 275, "region": "Middle East", "country": "Palestine", "admin1": "Gaza Strip", "admin2": "North Gaza", "admin3": null, "location": "Jabalya Camp", "latitude": 31.536, "longitude": 34.4907, "geo_precision": 2, "source": "Newpress; Quds News Network; Twitter", "source_scale": "New media-National", "notes": "On 9 October 2024, at around 11:22, Israeli tanks opened fire toward a group of Palestinians at Abu Sharkh junction west of Jabalya Camp (North Gaza, Gaza Strip), killing 10 Palestinians.", "fatalities": 10, "tags": null, "timestamp": 1753956638 }, "geometry": { "type": "Point", "coordinates": [ 34.4907, 31.536 ] } },
{ "type": "Feature", "properties": { "event_id_cnty": "PSE61193", "event_date": "10/9/2024", "year": 2024, "time_precision": 1, "disorder_type": "Political violence", "event_type": "Explosions/Remote violence", "sub_event_type": "Air/drone strike", "actor1": "Military Forces of Israel (2022-)", "assoc_actor_1": null, "inter1": 8, "actor2": "Civilians (Palestine)", "assoc_actor_2": "Refugees/IDPs (Palestine)", "inter2": 7, "interaction": 78, "civilian_targeting": "Civilian targeting", "iso": 275, "region": "Middle East", "country": "Palestine", "admin1": "Gaza Strip", "admin2": "North Gaza", "admin3": null, "location": "Jabalya Camp", "latitude": 31.536, "longitude": 34.4907, "geo_precision": 1, "source": "Arab 48; Dunia Al Watan; Newpress; Palestine News and Information Agency; Quds News Network; Twitter", "source_scale": "New media-National", "notes": "On 9 October 2024, at around 16:00, Israeli warplanes struck tents belonging to displaced people inside the Al Yamen Al Saeed Hospital in Jabalya Camp (North Gaza, Gaza Strip), killing at least 16 Palestinians and causing several injuries. Also, at around 21:00, 5 Palestinians were killed in airstrikes targeting 3 houses in Al Hoja area in the camp. Also, at around 00:10, the artillery shelled targets in Al Falouja in the camp [casualties unknown]. Total fatalities coded as 21.", "fatalities": 21, "tags": null, "timestamp": 1753956638 }, "geometry": { "type": "Point", "coordinates": [ 34.4907, 31.536 ] } },
{ "type": "Feature", "properties": { "event_id_cnty": "PSE60843", "event_date": "10/9/2024", "year": 2024, "time_precision": 1, "disorder_type": "Political violence", "event_type": "Violence against civilians", "sub_event_type": "Attack", "actor1": "Military Forces of Israel (2022-)", "assoc_actor_1": null, "inter1": 8, "actor2": "Civilians (Palestine)", "assoc_actor_2": "Journalists (Palestine)", "inter2": 7, "interaction": 78, "civilian_targeting": "Civilian targeting", "iso": 275, "region": "Middle East", "country": "Palestine", "admin1": "Gaza Strip", "admin2": "North Gaza", "admin3": null, "location": "Jabalya Camp", "latitude": 31.536, "longitude": 34.4907, "geo_precision": 2, "source": "Newpress; Palestine News and Information Agency; Quds News Network; Twitter", "source_scale": "New media-National", "notes": "On 9 October 2024, at around 16:00, an Israeli sniper shot dead a Palestinian journalist (cameraman) and injured two others at Abu Sharkh junction west of Jabalya Camp (North Gaza, Gaza Strip).", "fatalities": 1, "tags": null, "timestamp": 1753956638 }, "geometry": { "type": "Point", "coordinates": [ 34.4907, 31.536 ] } },
{ "type": "Feature", "properties": { "event_id_cnty": "PSE60812", "event_date": "10/9/2024", "year": 2024, "time_precision": 1, "disorder_type": "Political violence", "event_type": "Explosions/Remote violence", "sub_event_type": "Air/drone strike", "actor1": "Military Forces of Israel (2022-)", "assoc_actor_1": null, "inter1": 8, "actor2": "Civilians (Palestine)", "assoc_actor_2": null, "inter2": 7, "interaction": 78, "civilian_targeting": "Civilian targeting", "iso": 275, "region": "Middle East", "country": "Palestine", "admin1": "Gaza Strip", "admin2": "Gaza City", "admin3": null, "location": "Gaza - Az Zaytun", "latitude": 31.4964, "longitude": 34.4522, "geo_precision": 1, "source": "Newpress; Palestine News and Information Agency; Quds News Network; Twitter", "source_scale": "New media-National", "notes": "On 9 October 2024, Israeli UAVs opened fire and injured a number of Palestinian in Az Zaytun. Also, artillery shelled several targets in Gaza - Az Zaytun and at the Sikka Street in the neighborhood (Gaza City, Gaza Strip). Casualties unknown.", "fatalities": 0, "tags": null, "timestamp": 1759790002 }, "geometry": { "type": "Point", "coordinates": [ 34.4522, 31.4964 ] } },
{ "type": "Feature", "properties": { "event_id_cnty": "PSE60876", "event_date": "10/9/2024", "year": 2024, "time_precision": 1, "disorder_type": "Political violence", "event_type": "Explosions/Remote violence", "sub_event_type": "Air/drone strike", "actor1": "Military Forces of Israel (2022-)", "assoc_actor_1": null, "inter1": 8, "actor2": "Civilians (Palestine)", "assoc_actor_2": "Refugees/IDPs (Palestine)", "inter2": 7, "interaction": 78, "civilian_targeting": "Civilian targeting", "iso": 275, "region": "Middle East", "country": "Palestine", "admin1": "Gaza Strip", "admin2": "North Gaza", "admin3": null, "location": "Jabalya", "latitude": 31.5272, "longitude": 34.4835, "geo_precision": 1, "source": "Newpress; Palestine News and Information Agency; Quds News Network; Twitter", "source_scale": "New media-National", "notes": "On 9 October 2024, at around 12:00, Israeli warplanes struck the al-Rafei School and Fatima Bint Asad School that host displaced people in Jabalya town (North Gaza, Gaza Strip), killing 3 Palestinians and injuring 25 more.", "fatalities": 3, "tags": null, "timestamp": 1759790002 }, "geometry": { "type": "Point", "coordinates": [ 34.4835, 31.5272 ] } },
{ "type": "Feature", "properties": { "event_id_cnty": "PSE60821", "event_date": "10/9/2024", "year": 2024, "time_precision": 1, "disorder_type": "Political violence", "event_type": "Explosions/Remote violence", "sub_event_type": "Air/drone strike", "actor1": "Military Forces of Israel (2022-)", "assoc_actor_1": null, "inter1": 8, "actor2": "Civilians (Palestine)", "assoc_actor_2": null, "inter2": 7, "interaction": 78, "civilian_targeting": "Civilian targeting", "iso": 275, "region": "Middle East", "country": "Palestine", "admin1": "Gaza Strip", "admin2": "Khan Yunis", "admin3": null, "location": "Khan Yunis - Jourat Al-Loot", "latitude": 31.3314, "longitude": 34.3004, "geo_precision": 2, "source": "Quds News Network", "source_scale": "National", "notes": "On 9 October 2024, at around 15:33, Israeli warplanes struck a group of Palestinians near the Mortaja junction south of Khan Yunis, coded to Khan Yunis - Jourat Al-Loot (Khan Yunis, Gaza Strip), killing a Palestinian and leaving a number of injuries.", "fatalities": 1, "tags": null, "timestamp": 1753956638 }, "geometry": { "type": "Point", "coordinates": [ 34.3004, 31.3314 ] } },
{ "type": "Feature", "properties": { "event_id_cnty": "PSE65411", "event_date": "10/9/2024", "year": 2024, "time_precision": 1, "disorder_type": "Political violence", "event_type": "Explosions/Remote violence", "sub_event_type": "Air/drone strike", "actor1": "Military Forces of Israel (2022-)", "assoc_actor_1": null, "inter1": 8, "actor2": "Civilians (Palestine)", "assoc_actor_2": null, "inter2": 7, "interaction": 78, "civilian_targeting": "Civilian targeting", "iso": 275, "region": "Middle East", "country": "Palestine", "admin1": "Gaza Strip", "admin2": "Khan Yunis", "admin3": null, "location": "Khan Yunis", "latitude": 31.3502, "longitude": 34.3081, "geo_precision": 1, "source": "Aid Worker Security Database", "source_scale": "Local partner-Other", "notes": "On 9 October 2024, at least 3 aid workers were killed and one aid worker (likely aid security committees) injured by an Israeli army airstrike targeting a vehicle in Khan Yunis, Gaza Strip. This event involved violence over aid.", "fatalities": 3, "tags": null, "timestamp": 1756156113 }, "geometry": { "type": "Point", "coordinates": [ 34.3081, 31.3502 ] } },
{ "type": "Feature", "properties": { "event_id_cnty": "PSE60827", "event_date": "10/10/2024", "year": 2024, "time_precision": 1, "disorder_type": "Political violence", "event_type": "Explosions/Remote violence", "sub_event_type": "Air/drone strike", "actor1": "Military Forces of Israel (2022-)", "assoc_actor_1": null, "inter1": 8, "actor2": "Civilians (Palestine)", "assoc_actor_2": "Refugees/IDPs (Palestine)", "inter2": 7, "interaction": 78, "civilian_targeting": "Civilian targeting", "iso": 275, "region": "Middle East", "country": "Palestine", "admin1": "Gaza Strip", "admin2": "Deir El Balah", "admin3": null, "location": "Deir al Balah", "latitude": 31.4178, "longitude": 34.3503, "geo_precision": 1, "source": "Ma'an News Agency; Palestine News and Information Agency; Quds News Network", "source_scale": "National", "notes": "On 10 October 2024, Israeli helicopters targeted a house hosts displaced people in Deir al Balah city (Deir El Balah, Gaza Strip), killing a woman.", "fatalities": 1, "tags": null, "timestamp": 1753956638 }, "geometry": { "type": "Point", "coordinates": [ 34.3503, 31.4178 ] } },
{ "type": "Feature", "properties": { "event_id_cnty": "PSE60835", "event_date": "10/10/2024", "year": 2024, "time_precision": 1, "disorder_type": "Political violence", "event_type": "Explosions/Remote violence", "sub_event_type": "Air/drone strike", "actor1": "Military Forces of Israel (2022-)", "assoc_actor_1": null, "inter1": 8, "actor2": "Civilians (Palestine)", "assoc_actor_2": null, "inter2": 7, "interaction": 78, "civilian_targeting": "Civilian targeting", "iso": 275, "region": "Middle East", "country": "Palestine", "admin1": "Gaza Strip", "admin2": "Gaza City", "admin3": null, "location": "Gaza - Ash Shati' Camp", "latitude": 31.5349, "longitude": 34.4466, "geo_precision": 2, "source": "Al-Ittihad; Palestine News and Information Agency", "source_scale": "National-Regional", "notes": "On 10 October 2024, Israeli artillery shelled targets in Al Tawam area northwest of Gaza City, coded to Gaza - Ash Shati' Camp (Deir El Balah, Gaza Strip). Casualties unknown. Also, warplanes struck a group of people in Al Saftawi area [coded to this location], killing a Palestinian and injuring others. Fatalities coded at least 1.", "fatalities": 1, "tags": null, "timestamp": 1759790002 }, "geometry": { "type": "Point", "coordinates": [ 34.4466, 31.5349 ] } },
{ "type": "Feature", "properties": { "event_id_cnty": "PSE60853", "event_date": "10/10/2024", "year": 2024, "time_precision": 1, "disorder_type": "Political violence", "event_type": "Explosions/Remote violence", "sub_event_type": "Air/drone strike", "actor1": "Military Forces of Israel (2022-)", "assoc_actor_1": null, "inter1": 8, "actor2": "Civilians (Palestine)", "assoc_actor_2": "Refugees/IDPs (Palestine)", "inter2": 7, "interaction": 78, "civilian_targeting": "Civilian targeting", "iso": 275, "region": "Middle East", "country": "Palestine", "admin1": "Gaza Strip", "admin2": "Deir El Balah", "admin3": null, "location": "Al Maghazi", "latitude": 31.4214, "longitude": 34.3865, "geo_precision": 1, "source": "Palestine News and Information Agency; Quds News Network", "source_scale": "National", "notes": "On 10 October 2024, Israeli UAVs struck a target in Al Maghazi Camp (Deir El Balah, Gaza Strip), killing 2 Palestinians.", "fatalities": 2, "tags": null, "timestamp": 1753956638 }, "geometry": { "type": "Point", "coordinates": [ 34.3865, 31.4214 ] } },
{ "type": "Feature", "properties": { "event_id_cnty": "PSE60883", "event_date": "10/10/2024", "year": 2024, "time_precision": 1, "disorder_type": "Political violence", "event_type": "Explosions/Remote violence", "sub_event_type": "Air/drone strike", "actor1": "Military Forces of Israel (2022-)", "assoc_actor_1": null, "inter1": 8, "actor2": "Civilians (Palestine)", "assoc_actor_2": null, "inter2": 7, "interaction": 78, "civilian_targeting": "Civilian targeting", "iso": 275, "region": "Middle East", "country": "Palestine", "admin1": "Gaza Strip", "admin2": "Gaza City", "admin3": null, "location": "Gaza - Sheikh Radwan", "latitude": 31.5349, "longitude": 34.4667, "geo_precision": 1, "source": "Palestine News and Information Agency; Quds News Network", "source_scale": "National", "notes": "On 10 October 2024, an Israeli UAV struck a group of Palestinians near the Omar mosque in Gaza - Sheikh Radwan (Gaza City, Gaza Strip), killing 4 persons.", "fatalities": 4, "tags": null, "timestamp": 1759790002 }, "geometry": { "type": "Point", "coordinates": [ 34.4667, 31.5349 ] } },
{ "type": "Feature", "properties": { "event_id_cnty": "PSE60884", "event_date": "10/10/2024", "year": 2024, "time_precision": 1, "disorder_type": "Political violence", "event_type": "Explosions/Remote violence", "sub_event_type": "Air/drone strike", "actor1": "Military Forces of Israel (2022-)", "assoc_actor_1": null, "inter1": 8, "actor2": "Civilians (Palestine)", "assoc_actor_2": "Refugees/IDPs (Palestine)", "inter2": 7, "interaction": 78, "civilian_targeting": "Civilian targeting", "iso": 275, "region": "Middle East", "country": "Palestine", "admin1": "Gaza Strip", "admin2": "North Gaza", "admin3": null, "location": "Jabalya Camp", "latitude": 31.536, "longitude": 34.4907, "geo_precision": 1, "source": "Palestine News and Information Agency; Quds News Network", "source_scale": "National", "notes": "On 10 October 2024, at around 4:00, Israeli warplanes struck a target in Al Huja area in Jabalya Camp (North Gaza, Gaza Strip), killing 3 Palestinians. Also, artillery shelled targets and tanks opened fire in Jabalya Camp [casualties unknown]. Also, warplanes struck houses and other targets in the camp amid of the ground operation, several persons were injured and one person was killed at the Shuhada roundabout in the camp. Fatalities coded at least 4.", "fatalities": 4, "tags": null, "timestamp": 1753956638 }, "geometry": { "type": "Point", "coordinates": [ 34.4907, 31.536 ] } },
{ "type": "Feature", "properties": { "event_id_cnty": "PSE60892", "event_date": "10/10/2024", "year": 2024, "time_precision": 1, "disorder_type": "Political violence", "event_type": "Explosions/Remote violence", "sub_event_type": "Air/drone strike", "actor1": "Military Forces of Israel (2022-)", "assoc_actor_1": null, "inter1": 8, "actor2": "Civilians (Palestine)", "assoc_actor_2": null, "inter2": 7, "interaction": 78, "civilian_targeting": "Civilian targeting", "iso": 275, "region": "Middle East", "country": "Palestine", "admin1": "Gaza Strip", "admin2": "Khan Yunis", "admin3": null, "location": "Al Fukhari", "latitude": 31.2952, "longitude": 34.3332, "geo_precision": 1, "source": "Newpress; Palestine News and Information Agency; Quds News Network; Twitter", "source_scale": "New media-National", "notes": "On 10 October 2024, Israeli warplanes struck a house in Al Fukhari (Khan Yunis, Gaza Strip), killing 5 Palestinians, a couples and their 3 children.", "fatalities": 5, "tags": null, "timestamp": 1753956638 }, "geometry": { "type": "Point", "coordinates": [ 34.3332, 31.2952 ] } },
{ "type": "Feature", "properties": { "event_id_cnty": "PSE60896", "event_date": "10/10/2024", "year": 2024, "time_precision": 1, "disorder_type": "Political violence", "event_type": "Explosions/Remote violence", "sub_event_type": "Air/drone strike", "actor1": "Military Forces of Israel (2022-)", "assoc_actor_1": null, "inter1": 8, "actor2": "Civilians (Palestine)", "assoc_actor_2": null, "inter2": 7, "interaction": 78, "civilian_targeting": "Civilian targeting", "iso": 275, "region": "Middle East", "country": "Palestine", "admin1": "Gaza Strip", "admin2": "Khan Yunis", "admin3": null, "location": "Khan Yunis - Maen", "latitude": 31.336, "longitude": 34.3172, "geo_precision": 2, "source": "Quds News Network", "source_scale": "National", "notes": "On 10 October 2024, at around 02:21, Israeli warplanes struck a house southeast of Khan Yunis, coded to Khan Yunis - Maen (Khan Yunis, Gaza Strip). Casualties unknown.", "fatalities": 0, "tags": null, "timestamp": 1753956638 }, "geometry": { "type": "Point", "coordinates": [ 34.3172, 31.336 ] } },
{ "type": "Feature", "properties": { "event_id_cnty": "PSE60933", "event_date": "10/10/2024", "year": 2024, "time_precision": 1, "disorder_type": "Political violence", "event_type": "Explosions/Remote violence", "sub_event_type": "Air/drone strike", "actor1": "Military Forces of Israel (2022-)", "assoc_actor_1": null, "inter1": 8, "actor2": "Civilians (Palestine)", "assoc_actor_2": "Refugees/IDPs (Palestine)", "inter2": 7, "interaction": 78, "civilian_targeting": "Civilian targeting", "iso": 275, "region": "Middle East", "country": "Palestine", "admin1": "Gaza Strip", "admin2": "Gaza City", "admin3": null, "location": "Gaza - Northern Remal", "latitude": 31.524, "longitude": 34.4505, "geo_precision": 1, "source": "Newpress; Quds News Network; Twitter", "source_scale": "New media-National", "notes": "On 10 October 2024, at around 11:11, Israeli warplanes struck a center hosts displaced people near Al Shifa Hospital in Gaza - Northern Remal (Gaza City, Gaza Strip), killing 6 Palestinians.", "fatalities": 6, "tags": null, "timestamp": 1759790002 }, "geometry": { "type": "Point", "coordinates": [ 34.4505, 31.524 ] } },
{ "type": "Feature", "properties": { "event_id_cnty": "PSE61238", "event_date": "10/10/2024", "year": 2024, "time_precision": 1, "disorder_type": "Political violence", "event_type": "Explosions/Remote violence", "sub_event_type": "Shelling/artillery/missile attack", "actor1": "Military Forces of Israel (2022-)", "assoc_actor_1": null, "inter1": 8, "actor2": "Civilians (Palestine)", "assoc_actor_2": null, "inter2": 7, "interaction": 78, "civilian_targeting": "Civilian targeting", "iso": 275, "region": "Middle East", "country": "Palestine", "admin1": "Gaza Strip", "admin2": "Deir El Balah", "admin3": null, "location": "An Nusayrat - North", "latitude": 31.4591, "longitude": 34.3923, "geo_precision": 1, "source": "Palestine News and Information Agency", "source_scale": "National", "notes": "On 10 October 2024, Israeli artillery shelled houses in An Nusayrat - North (Deir El Balah, Gaza Strip). Casualties unknown.", "fatalities": 0, "tags": null, "timestamp": 1753956638 }, "geometry": { "type": "Point", "coordinates": [ 34.3923, 31.4591 ] } },
{ "type": "Feature", "properties": { "event_id_cnty": "PSE60877", "event_date": "10/10/2024", "year": 2024, "time_precision": 1, "disorder_type": "Political violence", "event_type": "Explosions/Remote violence", "sub_event_type": "Air/drone strike", "actor1": "Military Forces of Israel (2022-)", "assoc_actor_1": null, "inter1": 8, "actor2": "Civilians (Palestine)", "assoc_actor_2": "Refugees/IDPs (Palestine)", "inter2": 7, "interaction": 78, "civilian_targeting": "Civilian targeting", "iso": 275, "region": "Middle East", "country": "Palestine", "admin1": "Gaza Strip", "admin2": "North Gaza", "admin3": null, "location": "Jabalya Camp", "latitude": 31.536, "longitude": 34.4907, "geo_precision": 2, "source": "Newpress; Quds News Network; Twitter", "source_scale": "New media-National", "notes": "On 10 October 2024, at around 00:29, Israeli tanks and artillery shelled west and east of Jabalya Camp (North Gaza, Gaza Strip). Casualties unknown. Also, UAVs opened fire toward displaced people near Abu Sharkh junction west of Jabalya Camp, injuring a number of Palestinians. At around 10:06 a number of Palestinians were killed and injured in Bit Naja west of the camp. [On 22 and 23 January 2025, 30 bodies were recovered from under the rubble in Jabalya Camp. These fatalities were distributed across three events. 10 of these fatalities were coded to this event].", "fatalities": 10, "tags": null, "timestamp": 1753956638 }, "geometry": { "type": "Point", "coordinates": [ 34.4907, 31.536 ] } },
{ "type": "Feature", "properties": { "event_id_cnty": "PSE61151", "event_date": "10/10/2024", "year": 2024, "time_precision": 1, "disorder_type": "Political violence", "event_type": "Explosions/Remote violence", "sub_event_type": "Air/drone strike", "actor1": "Military Forces of Israel (2022-)", "assoc_actor_1": null, "inter1": 8, "actor2": "Civilians (Palestine)", "assoc_actor_2": null, "inter2": 7, "interaction": 78, "civilian_targeting": "Civilian targeting", "iso": 275, "region": "Middle East", "country": "Palestine", "admin1": "Gaza Strip", "admin2": "North Gaza", "admin3": null, "location": "Jabalya - Tel-Zaatar", "latitude": 31.5367, "longitude": 34.5035, "geo_precision": 1, "source": "Newpress; Quds News Network; Twitter", "source_scale": "New media-National", "notes": "On 10 October 2024, at around 12:38, Israeli warplanes struck targets and house near the Awadah hospital in Tel Zaatar [casualties unknown]. Also, UAVs opened fire and artillery shelled targets in the Jabalya - Tel-Zaatar (North Gaza, Gaza Strip). A number of Palestinian was injured.", "fatalities": 0, "tags": null, "timestamp": 1759790002 }, "geometry": { "type": "Point", "coordinates": [ 34.5035, 31.5367 ] } },
{ "type": "Feature", "properties": { "event_id_cnty": "PSE60856", "event_date": "10/10/2024", "year": 2024, "time_precision": 1, "disorder_type": "Political violence", "event_type": "Explosions/Remote violence", "sub_event_type": "Air/drone strike", "actor1": "Military Forces of Israel (2022-)", "assoc_actor_1": null, "inter1": 8, "actor2": "Civilians (Palestine)", "assoc_actor_2": null, "inter2": 7, "interaction": 78, "civilian_targeting": "Civilian targeting", "iso": 275, "region": "Middle East", "country": "Palestine", "admin1": "Gaza Strip", "admin2": "Rafah", "admin3": null, "location": "Rafah", "latitude": 31.287, "longitude": 34.2595, "geo_precision": 1, "source": "Dunia Al Watan; Newpress; Palestine News and Information Agency; Quds News Network; Twitter", "source_scale": "New media-National", "notes": "On 10 October 2024, Israeli warplanes struck a group of people in the center of Rafah city (Gaza Strip), killing 2 Palestinians.", "fatalities": 2, "tags": null, "timestamp": 1762829569 }, "geometry": { "type": "Point", "coordinates": [ 34.2595, 31.287 ] } },
{ "type": "Feature", "properties": { "event_id_cnty": "PSE60886", "event_date": "10/10/2024", "year": 2024, "time_precision": 1, "disorder_type": "Political violence", "event_type": "Explosions/Remote violence", "sub_event_type": "Air/drone strike", "actor1": "Military Forces of Israel (2022-)", "assoc_actor_1": null, "inter1": 8, "actor2": "Civilians (Palestine)", "assoc_actor_2": null, "inter2": 7, "interaction": 78, "civilian_targeting": "Civilian targeting", "iso": 275, "region": "Middle East", "country": "Palestine", "admin1": "Gaza Strip", "admin2": "North Gaza", "admin3": null, "location": "Jabalya", "latitude": 31.5272, "longitude": 34.4835, "geo_precision": 1, "source": "Aid Worker Security Database; Quds News Network", "source_scale": "Local partner-Other", "notes": "On 10 October 2024, Israeli UAVs opened fire near Jabalya al Nazzleh in Jabalya town (North Gaza, Gaza Strip), causing injuries. Also on the same day, one aid worker (likely aid security committees) was killed due to shrapnel shots [likely by drone or tank fire] in Jabalia, which was coded to this event. This event involved violence over aid.", "fatalities": 1, "tags": null, "timestamp": 1759790002 }, "geometry": { "type": "Point", "coordinates": [ 34.4835, 31.5272 ] } },
{ "type": "Feature", "properties": { "event_id_cnty": "PSE71487", "event_date": "10/10/2024", "year": 2024, "time_precision": 1, "disorder_type": "Political violence", "event_type": "Violence against civilians", "sub_event_type": "Attack", "actor1": "Sahm Unit", "assoc_actor_1": null, "inter1": 3, "actor2": "Civilians (Palestine)", "assoc_actor_2": null, "inter2": 7, "interaction": 37, "civilian_targeting": "Civilian targeting", "iso": 275, "region": "Middle East", "country": "Palestine", "admin1": "Gaza Strip", "admin2": "Khan Yunis", "admin3": null, "location": "Khan Yunis", "latitude": 31.3502, "longitude": 34.3081, "geo_precision": 2, "source": "The Independent Commission For Human Rights", "source_scale": "National", "notes": "On 10 October 2024, gunmen [likely security personnel affiliated with Sahm] shot and injured a 19-year-old man in the legs in Khan Yunis area (Gaza Strip), accusing him of stealing from homes during evacuations caused by the ongoing war as well as stealing weapons from deceased militants. This event involved violence over aid.", "fatalities": 0, "tags": null, "timestamp": 1754354914 }, "geometry": { "type": "Point", "coordinates": [ 34.3081, 31.3502 ] } },
{ "type": "Feature", "properties": { "event_id_cnty": "PSE60828", "event_date": "10/11/2024", "year": 2024, "time_precision": 1, "disorder_type": "Political violence", "event_type": "Explosions/Remote violence", "sub_event_type": "Air/drone strike", "actor1": "Military Forces of Israel (2022-)", "assoc_actor_1": null, "inter1": 8, "actor2": "Civilians (Palestine)", "assoc_actor_2": null, "inter2": 7, "interaction": 78, "civilian_targeting": "Civilian targeting", "iso": 275, "region": "Middle East", "country": "Palestine", "admin1": "Gaza Strip", "admin2": "Gaza City", "admin3": null, "location": "Gaza - Shujaiyya", "latitude": 31.4988, "longitude": 34.4699, "geo_precision": 1, "source": "Palestine News and Information Agency; Quds News Network", "source_scale": "National", "notes": "On 11 October 2024, Israeli UAVs struck a target in Gaza - Shujaiyya (Gaza City, Gaza Strip), killing an elderly Palestinian.", "fatalities": 1, "tags": null, "timestamp": 1759790002 }, "geometry": { "type": "Point", "coordinates": [ 34.4699, 31.4988 ] } },
{ "type": "Feature", "properties": { "event_id_cnty": "PSE60836", "event_date": "10/11/2024", "year": 2024, "time_precision": 1, "disorder_type": "Political violence", "event_type": "Explosions/Remote violence", "sub_event_type": "Air/drone strike", "actor1": "Military Forces of Israel (2022-)", "assoc_actor_1": null, "inter1": 8, "actor2": "Civilians (Palestine)", "assoc_actor_2": "Refugees/IDPs (Palestine)", "inter2": 7, "interaction": 78, "civilian_targeting": "Civilian targeting", "iso": 275, "region": "Middle East", "country": "Palestine", "admin1": "Gaza Strip", "admin2": "North Gaza", "admin3": null, "location": "Jabalya Camp", "latitude": 31.536, "longitude": 34.4907, "geo_precision": 1, "source": "Ma'an News Agency; Palestine News and Information Agency; Quds News Network", "source_scale": "National", "notes": "On 11 October 2024, Israeli warplanes struck the Hafsa School that hosts displaced people in Jabalya Camp (North Gaza, Gaza Strip), killing a woman and injuring 4 more.", "fatalities": 1, "tags": null, "timestamp": 1753956638 }, "geometry": { "type": "Point", "coordinates": [ 34.4907, 31.536 ] } },
{ "type": "Feature", "properties": { "event_id_cnty": "PSE60854", "event_date": "10/11/2024", "year": 2024, "time_precision": 1, "disorder_type": "Political violence", "event_type": "Explosions/Remote violence", "sub_event_type": "Air/drone strike", "actor1": "Military Forces of Israel (2022-)", "assoc_actor_1": null, "inter1": 8, "actor2": "Civilians (Palestine)", "assoc_actor_2": "Refugees/IDPs (Palestine)", "inter2": 7, "interaction": 78, "civilian_targeting": "Civilian targeting", "iso": 275, "region": "Middle East", "country": "Palestine", "admin1": "Gaza Strip", "admin2": "Deir El Balah", "admin3": null, "location": "An Nusayrat", "latitude": 31.4486, "longitude": 34.3925, "geo_precision": 1, "source": "Ma'an News Agency; Newpress; Palestine News and Information Agency; Quds News Network; Twitter", "source_scale": "New media-National", "notes": "On 11 October 2024, Israeli warplanes struck a house in An Nusayrat Camp (Deir El Balah, Gaza Strip), injuring at least 4 Palestinians. Also, 2 children were killed and others were injured in an airstrike that targeted a building.", "fatalities": 2, "tags": null, "timestamp": 1753956638 }, "geometry": { "type": "Point", "coordinates": [ 34.3925, 31.4486 ] } },
{ "type": "Feature", "properties": { "event_id_cnty": "PSE60855", "event_date": "10/11/2024", "year": 2024, "time_precision": 1, "disorder_type": "Political violence", "event_type": "Explosions/Remote violence", "sub_event_type": "Air/drone strike", "actor1": "Military Forces of Israel (2022-)", "assoc_actor_1": null, "inter1": 8, "actor2": "Civilians (Palestine)", "assoc_actor_2": null, "inter2": 7, "interaction": 78, "civilian_targeting": "Civilian targeting", "iso": 275, "region": "Middle East", "country": "Palestine", "admin1": "Gaza Strip", "admin2": "Gaza City", "admin3": null, "location": "Gaza - Ash Shati' Camp", "latitude": 31.5349, "longitude": 34.4466, "geo_precision": 2, "source": "Palestine News and Information Agency; Quds News Network", "source_scale": "National", "notes": "On 11 October 2024, Israeli warplanes struck a house in Al Saftawi area northwest of Gaza City, coded to Gaza - Ash Shati' Camp (Gaza City, Gaza Strip), killing 2 Palestinians.", "fatalities": 2, "tags": null, "timestamp": 1759790002 }, "geometry": { "type": "Point", "coordinates": [ 34.4466, 31.5349 ] } },
{ "type": "Feature", "properties": { "event_id_cnty": "PSE60868", "event_date": "10/11/2024", "year": 2024, "time_precision": 1, "disorder_type": "Political violence", "event_type": "Explosions/Remote violence", "sub_event_type": "Air/drone strike", "actor1": "Military Forces of Israel (2022-)", "assoc_actor_1": null, "inter1": 8, "actor2": "Civilians (Palestine)", "assoc_actor_2": null, "inter2": 7, "interaction": 78, "civilian_targeting": "Civilian targeting", "iso": 275, "region": "Middle East", "country": "Palestine", "admin1": "Gaza Strip", "admin2": "Khan Yunis", "admin3": null, "location": "Al Mawasi (Khan Yunis)", "latitude": 31.3482, "longitude": 34.2547, "geo_precision": 1, "source": "Quds News Network", "source_scale": "National", "notes": "On 11 October 2024, Israeli UAVs struck in (Al Mawasi (Khan Yunis), Gaza Strip), injuring a Palestinian.", "fatalities": 0, "tags": null, "timestamp": 1762829569 }, "geometry": { "type": "Point", "coordinates": [ 34.2547, 31.3482 ] } },
{ "type": "Feature", "properties": { "event_id_cnty": "PSE60870", "event_date": "10/11/2024", "year": 2024, "time_precision": 1, "disorder_type": "Political violence", "event_type": "Explosions/Remote violence", "sub_event_type": "Air/drone strike", "actor1": "Military Forces of Israel (2022-)", "assoc_actor_1": null, "inter1": 8, "actor2": "Civilians (Palestine)", "assoc_actor_2": null, "inter2": 7, "interaction": 78, "civilian_targeting": "Civilian targeting", "iso": 275, "region": "Middle East", "country": "Palestine", "admin1": "Gaza Strip", "admin2": "Rafah", "admin3": null, "location": "An Nasr", "latitude": 31.2814, "longitude": 34.3025, "geo_precision": 1, "source": "Quds News Network", "source_scale": "National", "notes": "On 11 October 2024, Israeli warplanes struck a house in An Nasr (Rafah, Gaza Strip), leaving injuries.", "fatalities": 0, "tags": null, "timestamp": 1753956638 }, "geometry": { "type": "Point", "coordinates": [ 34.3025, 31.2814 ] } },
{ "type": "Feature", "properties": { "event_id_cnty": "PSE60871", "event_date": "10/11/2024", "year": 2024, "time_precision": 1, "disorder_type": "Political violence", "event_type": "Explosions/Remote violence", "sub_event_type": "Air/drone strike", "actor1": "Military Forces of Israel (2022-)", "assoc_actor_1": null, "inter1": 8, "actor2": "Civilians (Palestine)", "assoc_actor_2": null, "inter2": 7, "interaction": 78, "civilian_targeting": "Civilian targeting", "iso": 275, "region": "Middle East", "country": "Palestine", "admin1": "Gaza Strip", "admin2": "Gaza City", "admin3": null, "location": "Gaza - Sabra", "latitude": 31.5086, "longitude": 34.4493, "geo_precision": 1, "source": "Ma'an News Agency; Newpress; Palestine News and Information Agency; Quds News Network; Twitter", "source_scale": "New media-National", "notes": "On 11 October 2024, Israeli warplanes struck a house in Gaza - Sabra (Gaza City, Gaza Strip), killing 3 Palestinians and injuring others.", "fatalities": 3, "tags": null, "timestamp": 1759790002 }, "geometry": { "type": "Point", "coordinates": [ 34.4493, 31.5086 ] } },
{ "type": "Feature", "properties": { "event_id_cnty": "PSE60872", "event_date": "10/11/2024", "year": 2024, "time_precision": 1, "disorder_type": "Political violence", "event_type": "Explosions/Remote violence", "sub_event_type": "Air/drone strike", "actor1": "Military Forces of Israel (2022-)", "assoc_actor_1": null, "inter1": 8, "actor2": "Civilians (Palestine)", "assoc_actor_2": null, "inter2": 7, "interaction": 78, "civilian_targeting": "Civilian targeting", "iso": 275, "region": "Middle East", "country": "Palestine", "admin1": "Gaza Strip", "admin2": "Gaza City", "admin3": null, "location": "Gaza - At Tuffah", "latitude": 31.5134, "longitude": 34.4751, "geo_precision": 1, "source": "Newpress; Palestine News and Information Agency; Quds News Network; Twitter", "source_scale": "New media-National", "notes": "On 11 October 2024, Israeli warplanes struck a house near al-Sanafour junction in Gaza - At Tuffah (Gaza City, Gaza Strip), killing 3 Palestinians and injuring others.", "fatalities": 3, "tags": null, "timestamp": 1759790002 }, "geometry": { "type": "Point", "coordinates": [ 34.4751, 31.5134 ] } },
{ "type": "Feature", "properties": { "event_id_cnty": "PSE60885", "event_date": "10/11/2024", "year": 2024, "time_precision": 1, "disorder_type": "Political violence", "event_type": "Explosions/Remote violence", "sub_event_type": "Air/drone strike", "actor1": "Military Forces of Israel (2022-)", "assoc_actor_1": null, "inter1": 8, "actor2": "Civilians (Palestine)", "assoc_actor_2": null, "inter2": 7, "interaction": 78, "civilian_targeting": "Civilian targeting", "iso": 275, "region": "Middle East", "country": "Palestine", "admin1": "Gaza Strip", "admin2": "North Gaza", "admin3": null, "location": "Jabalya Camp", "latitude": 31.536, "longitude": 34.4907, "geo_precision": 2, "source": "Ma'an News Agency; Palestine News and Information Agency; Quds News Network", "source_scale": "National", "notes": "On 11 October 2024, Israeli warplanes struck a house in Bir Naaja area west of Jabalya Camp (North Gaza, Gaza Strip), leaving 4 fatalities. Also, airstrikes targeted Al Falouja area west of the camp [casualties unknown]. Fatalities coded at least 4.", "fatalities": 4, "tags": null, "timestamp": 1753956638 }, "geometry": { "type": "Point", "coordinates": [ 34.4907, 31.536 ] } },
{ "type": "Feature", "properties": { "event_id_cnty": "PSE61248", "event_date": "10/11/2024", "year": 2024, "time_precision": 1, "disorder_type": "Political violence", "event_type": "Explosions/Remote violence", "sub_event_type": "Shelling/artillery/missile attack", "actor1": "Military Forces of Israel (2022-)", "assoc_actor_1": null, "inter1": 8, "actor2": "Civilians (Palestine)", "assoc_actor_2": null, "inter2": 7, "interaction": 78, "civilian_targeting": "Civilian targeting", "iso": 275, "region": "Middle East", "country": "Palestine", "admin1": "Gaza Strip", "admin2": "Gaza City", "admin3": null, "location": "Gaza - Sheikh Radwan", "latitude": 31.5349, "longitude": 34.4667, "geo_precision": 2, "source": "Palestine News and Information Agency", "source_scale": "National", "notes": "On 11 October 2024, Israeli tanks opened fire at Palestinians at al-Jala Street north of Gaza city, coded to Gaza - Sheikh Radwan (Gaza City, Gaza Strip). Casualties unknown.", "fatalities": 0, "tags": null, "timestamp": 1759790002 }, "geometry": { "type": "Point", "coordinates": [ 34.4667, 31.5349 ] } },
{ "type": "Feature", "properties": { "event_id_cnty": "PSE60862", "event_date": "10/11/2024", "year": 2024, "time_precision": 1, "disorder_type": "Political violence", "event_type": "Explosions/Remote violence", "sub_event_type": "Air/drone strike", "actor1": "Military Forces of Israel (2022-)", "assoc_actor_1": null, "inter1": 8, "actor2": "Civilians (Palestine)", "assoc_actor_2": null, "inter2": 7, "interaction": 78, "civilian_targeting": "Civilian targeting", "iso": 275, "region": "Middle East", "country": "Palestine", "admin1": "Gaza Strip", "admin2": "Gaza City", "admin3": null, "location": "Gaza - Az Zaytun", "latitude": 31.4964, "longitude": 34.4522, "geo_precision": 1, "source": "Palestine News and Information Agency; Quds News Network", "source_scale": "National", "notes": "On 11 October 2024, an Israeli UAV struck a target in Az Zaytun, killing 2 Palestinians including an elderly. Also, artillery shelled houses in Gaza - Az Zaytun (Gaza City, Gaza Strip). Casualties unknown. Fatalities coded at least 2.", "fatalities": 2, "tags": null, "timestamp": 1759790002 }, "geometry": { "type": "Point", "coordinates": [ 34.4522, 31.4964 ] } },
{ "type": "Feature", "properties": { "event_id_cnty": "PSE61212", "event_date": "10/11/2024", "year": 2024, "time_precision": 1, "disorder_type": "Political violence", "event_type": "Explosions/Remote violence", "sub_event_type": "Air/drone strike", "actor1": "Military Forces of Israel (2022-)", "assoc_actor_1": null, "inter1": 8, "actor2": "Civilians (Palestine)", "assoc_actor_2": null, "inter2": 7, "interaction": 78, "civilian_targeting": "Civilian targeting", "iso": 275, "region": "Middle East", "country": "Palestine", "admin1": "Gaza Strip", "admin2": "North Gaza", "admin3": null, "location": "Jabalya", "latitude": 31.5272, "longitude": 34.4835, "geo_precision": 1, "source": "Ma'an News Agency; Newpress; Palestine News and Information Agency; Quds News Network; Twitter; UNSC", "source_scale": "Other-New media", "notes": "On 11 October 2024, Israeli warplanes struck a house near al-Ehsan mosque in Jabalya town (North Gaza, Gaza Strip). 22 Palestinians were killed and 90 others injured in the attack. Also, the artillery shelled houses in the town, killing at least one person. Also, a UAV struck near the Nazlah in Jabalya, killing a Palestinian. In addition, warplanes struck 4 houses, killing at least 25 persons and injuring dozens. Fatalities coded at least 49.", "fatalities": 49, "tags": null, "timestamp": 1759790002 }, "geometry": { "type": "Point", "coordinates": [ 34.4835, 31.5272 ] } },
{ "type": "Feature", "properties": { "event_id_cnty": "PSE60934", "event_date": "10/11/2024", "year": 2024, "time_precision": 1, "disorder_type": "Political violence", "event_type": "Explosions/Remote violence", "sub_event_type": "Air/drone strike", "actor1": "Military Forces of Israel (2022-)", "assoc_actor_1": null, "inter1": 8, "actor2": "Civilians (Palestine)", "assoc_actor_2": null, "inter2": 7, "interaction": 78, "civilian_targeting": "Civilian targeting", "iso": 275, "region": "Middle East", "country": "Palestine", "admin1": "Gaza Strip", "admin2": "Rafah", "admin3": null, "location": "Rafah", "latitude": 31.287, "longitude": 34.2595, "geo_precision": 1, "source": "Palestine News and Information Agency; Quds News Network", "source_scale": "National", "notes": "On 11 October 2024, Israeli warplanes struck targets in Rafah city (Rafah, Gaza Strip), killing 6 Palestinians.", "fatalities": 6, "tags": null, "timestamp": 1762829569 }, "geometry": { "type": "Point", "coordinates": [ 34.2595, 31.287 ] } },
{ "type": "Feature", "properties": { "event_id_cnty": "PSE71488", "event_date": "10/11/2024", "year": 2024, "time_precision": 1, "disorder_type": "Political violence", "event_type": "Violence against civilians", "sub_event_type": "Attack", "actor1": "Sahm Unit", "assoc_actor_1": null, "inter1": 3, "actor2": "Civilians (Palestine)", "assoc_actor_2": null, "inter2": 7, "interaction": 37, "civilian_targeting": "Civilian targeting", "iso": 275, "region": "Middle East", "country": "Palestine", "admin1": "Gaza Strip", "admin2": "Khan Yunis", "admin3": null, "location": "Khan Yunis", "latitude": 31.3502, "longitude": 34.3081, "geo_precision": 2, "source": "The Independent Commission For Human Rights", "source_scale": "National", "notes": "On 11 October 2024, gunmen [likely security personnel affiliated with Sahm] shot and injured a 28-year-old man in the legs in Khan Yunis area (Gaza Strip), accusing him of stealing from homes during evacuations caused by the ongoing war. This event involved violence over aid.", "fatalities": 0, "tags": null, "timestamp": 1754354914 }, "geometry": { "type": "Point", "coordinates": [ 34.3081, 31.3502 ] } },
{ "type": "Feature", "properties": { "event_id_cnty": "PSE61498", "event_date": "10/12/2024", "year": 2024, "time_precision": 1, "disorder_type": "Political violence", "event_type": "Explosions/Remote violence", "sub_event_type": "Air/drone strike", "actor1": "Military Forces of Israel (2022-)", "assoc_actor_1": null, "inter1": 8, "actor2": "Civilians (Palestine)", "assoc_actor_2": null, "inter2": 7, "interaction": 78, "civilian_targeting": "Civilian targeting", "iso": 275, "region": "Middle East", "country": "Palestine", "admin1": "Gaza Strip", "admin2": "Gaza City", "admin3": null, "location": "Gaza Port", "latitude": 31.5245, "longitude": 34.4326, "geo_precision": 2, "source": "Arab 48; Palestine News and Information Agency; Quds News Network", "source_scale": "National", "notes": "On 12 October 2024, at around 8:22, an Israeli UAV struck a group of Palestinians near the fishers port, coded to Gaza Port (Gaza City, Gaza Strip), killing 2 Palestinians and injuring others.", "fatalities": 2, "tags": null, "timestamp": 1753956638 }, "geometry": { "type": "Point", "coordinates": [ 34.4326, 31.5245 ] } },
{ "type": "Feature", "properties": { "event_id_cnty": "PSE61499", "event_date": "10/12/2024", "year": 2024, "time_precision": 1, "disorder_type": "Political violence", "event_type": "Explosions/Remote violence", "sub_event_type": "Air/drone strike", "actor1": "Military Forces of Israel (2022-)", "assoc_actor_1": null, "inter1": 8, "actor2": "Civilians (Palestine)", "assoc_actor_2": "Refugees/IDPs (Palestine)", "inter2": 7, "interaction": 78, "civilian_targeting": "Civilian targeting", "iso": 275, "region": "Middle East", "country": "Palestine", "admin1": "Gaza Strip", "admin2": "Deir El Balah", "admin3": null, "location": "Al Burayj", "latitude": 31.4394, "longitude": 34.4031, "geo_precision": 1, "source": "Newpress; Palestine News and Information Agency; Quds News Network; Twitter", "source_scale": "New media-National", "notes": "On 12 October 2024,an Israeli UAV struck a house in Al Burayj Camp (Deir El Balah, Gaza Strip), leaving 2 fatalities. Also, artillery shelled the camp [casualties unknown]. Total fatalities coded at least 2.", "fatalities": 2, "tags": null, "timestamp": 1753956638 }, "geometry": { "type": "Point", "coordinates": [ 34.4031, 31.4394 ] } },
{ "type": "Feature", "properties": { "event_id_cnty": "PSE61500", "event_date": "10/12/2024", "year": 2024, "time_precision": 1, "disorder_type": "Political violence", "event_type": "Explosions/Remote violence", "sub_event_type": "Air/drone strike", "actor1": "Military Forces of Israel (2022-)", "assoc_actor_1": null, "inter1": 8, "actor2": "Civilians (Palestine)", "assoc_actor_2": "Refugees/IDPs (Palestine)", "inter2": 7, "interaction": 78, "civilian_targeting": "Civilian targeting", "iso": 275, "region": "Middle East", "country": "Palestine", "admin1": "Gaza Strip", "admin2": "North Gaza", "admin3": null, "location": "Jabalya Camp", "latitude": 31.536, "longitude": 34.4907, "geo_precision": 1, "source": "Ma'an News Agency; Newpress; Palestine News and Information Agency; Quds News Network; Twitter", "source_scale": "New media-National", "notes": "On 12 October 2024, Israeli warplanes struck a house in the Al Falouja area of Jabalya Camp (North Gaza, Gaza Strip), causing injuries, while artillery shelling in al Houja area and the camp continues. Warplanes also struck a house twice in the Al Yafawyeh area of the camp, killing 8 Palestinians and injuring others. Also, warplanes struck several targets in the camp [casualties unknown]. The total confirmed fatalities were at least 8.", "fatalities": 8, "tags": null, "timestamp": 1753956638 }, "geometry": { "type": "Point", "coordinates": [ 34.4907, 31.536 ] } },
{ "type": "Feature", "properties": { "event_id_cnty": "PSE61502", "event_date": "10/12/2024", "year": 2024, "time_precision": 1, "disorder_type": "Political violence", "event_type": "Explosions/Remote violence", "sub_event_type": "Air/drone strike", "actor1": "Military Forces of Israel (2022-)", "assoc_actor_1": null, "inter1": 8, "actor2": "Civilians (Palestine)", "assoc_actor_2": null, "inter2": 7, "interaction": 78, "civilian_targeting": "Civilian targeting", "iso": 275, "region": "Middle East", "country": "Palestine", "admin1": "Gaza Strip", "admin2": "Gaza City", "admin3": null, "location": "Gaza - Shujaiyya", "latitude": 31.4988, "longitude": 34.4699, "geo_precision": 1, "source": "Palestine News and Information Agency; Quds News Network", "source_scale": "National", "notes": "On 12 October 2024, an Israeli UAV struck a group of Palestinians at Al Mentar Street in Gaza - Shujaiyya (Gaza City, Gaza Strip), killing 3 persons and causing injuries.", "fatalities": 3, "tags": null, "timestamp": 1759790002 }, "geometry": { "type": "Point", "coordinates": [ 34.4699, 31.4988 ] } },
{ "type": "Feature", "properties": { "event_id_cnty": "PSE61503", "event_date": "10/12/2024", "year": 2024, "time_precision": 1, "disorder_type": "Political violence", "event_type": "Explosions/Remote violence", "sub_event_type": "Air/drone strike", "actor1": "Military Forces of Israel (2022-)", "assoc_actor_1": null, "inter1": 8, "actor2": "Civilians (Palestine)", "assoc_actor_2": null, "inter2": 7, "interaction": 78, "civilian_targeting": "Civilian targeting", "iso": 275, "region": "Middle East", "country": "Palestine", "admin1": "Gaza Strip", "admin2": "Khan Yunis", "admin3": null, "location": "Abasan al Kabirah", "latitude": 31.3191, "longitude": 34.3401, "geo_precision": 1, "source": "Palestine News and Information Agency", "source_scale": "National", "notes": "On 12 October 2024, an Israeli UAV struck a group of Palestinians in Abasan al Kabirah (Khan Yunis, Gaza Strip), killing one person and causing injuries.", "fatalities": 1, "tags": null, "timestamp": 1753956638 }, "geometry": { "type": "Point", "coordinates": [ 34.3401, 31.3191 ] } },
{ "type": "Feature", "properties": { "event_id_cnty": "PSE61504", "event_date": "10/12/2024", "year": 2024, "time_precision": 1, "disorder_type": "Political violence", "event_type": "Explosions/Remote violence", "sub_event_type": "Air/drone strike", "actor1": "Military Forces of Israel (2022-)", "assoc_actor_1": null, "inter1": 8, "actor2": "Civilians (Palestine)", "assoc_actor_2": "Refugees/IDPs (Palestine)", "inter2": 7, "interaction": 78, "civilian_targeting": "Civilian targeting", "iso": 275, "region": "Middle East", "country": "Palestine", "admin1": "Gaza Strip", "admin2": "Deir El Balah", "admin3": null, "location": "Al Maghazi", "latitude": 31.4214, "longitude": 34.3865, "geo_precision": 1, "source": "Ma'an News Agency; Palestine News and Information Agency", "source_scale": "National", "notes": "On 12 October 2024, an Israeli UAV struck a group of Palestinians on the outskirts of Al Maghazi Camp (Deir El Balah, Gaza Strip), killing 2 persons and causing injuries.", "fatalities": 2, "tags": null, "timestamp": 1753956638 }, "geometry": { "type": "Point", "coordinates": [ 34.3865, 31.4214 ] } },
{ "type": "Feature", "properties": { "event_id_cnty": "PSE61505", "event_date": "10/12/2024", "year": 2024, "time_precision": 1, "disorder_type": "Political violence", "event_type": "Explosions/Remote violence", "sub_event_type": "Air/drone strike", "actor1": "Military Forces of Israel (2022-)", "assoc_actor_1": null, "inter1": 8, "actor2": "Civilians (Palestine)", "assoc_actor_2": null, "inter2": 7, "interaction": 78, "civilian_targeting": "Civilian targeting", "iso": 275, "region": "Middle East", "country": "Palestine", "admin1": "Gaza Strip", "admin2": "Gaza City", "admin3": null, "location": "Gaza - At Tuffah", "latitude": 31.5134, "longitude": 34.4751, "geo_precision": 1, "source": "Ma'an News Agency; Palestine News and Information Agency", "source_scale": "National", "notes": "On 12 October 2024, Israeli warplanes struck a house in Gaza - At Tuffah (Gaza City, Gaza Strip). Casualties unknown.", "fatalities": 0, "tags": null, "timestamp": 1759790002 }, "geometry": { "type": "Point", "coordinates": [ 34.4751, 31.5134 ] } },
{ "type": "Feature", "properties": { "event_id_cnty": "PSE61507", "event_date": "10/12/2024", "year": 2024, "time_precision": 1, "disorder_type": "Political violence", "event_type": "Explosions/Remote violence", "sub_event_type": "Air/drone strike", "actor1": "Military Forces of Israel (2022-)", "assoc_actor_1": null, "inter1": 8, "actor2": "Civilians (Palestine)", "assoc_actor_2": "Refugees/IDPs (Palestine)", "inter2": 7, "interaction": 78, "civilian_targeting": "Civilian targeting", "iso": 275, "region": "Middle East", "country": "Palestine", "admin1": "Gaza Strip", "admin2": "Deir El Balah", "admin3": null, "location": "An Nusayrat", "latitude": 31.4486, "longitude": 34.3925, "geo_precision": 1, "source": "Al-Ittihad; Arab 48; Newpress; Palestine News and Information Agency; Quds News Network; Twitter", "source_scale": "New media-National", "notes": "On 12 October 2024, at around 21:57, Israeli warplanes struck a house in An Nusayrat Camp (Deir El Balah, Gaza Strip), killing 8 Palestinians from the same family and injuring others.", "fatalities": 8, "tags": null, "timestamp": 1753956638 }, "geometry": { "type": "Point", "coordinates": [ 34.3925, 31.4486 ] } },
{ "type": "Feature", "properties": { "event_id_cnty": "PSE61514", "event_date": "10/12/2024", "year": 2024, "time_precision": 1, "disorder_type": "Political violence", "event_type": "Explosions/Remote violence", "sub_event_type": "Air/drone strike", "actor1": "Military Forces of Israel (2022-)", "assoc_actor_1": null, "inter1": 8, "actor2": "Civilians (Palestine)", "assoc_actor_2": null, "inter2": 7, "interaction": 78, "civilian_targeting": "Civilian targeting", "iso": 275, "region": "Middle East", "country": "Palestine", "admin1": "Gaza Strip", "admin2": "North Gaza", "admin3": null, "location": "Jabalya Camp", "latitude": 31.536, "longitude": 34.4907, "geo_precision": 2, "source": "Newpress; Quds News Network; Twitter", "source_scale": "New media-National", "notes": "On 12 October 2024, at around 10:49, Israeli UAV opened fire and killed a woman in west of Jabalya Camp. Also, at around 7:23, Israeli warplanes carried out strikes and tanks opened fire toward houses east of Jabalya Camp (North Gaza, Gaza Strip). Casualties unknown. Also, artillery shelled Bir Naja area west of Jabalya camp, injuring a child. Total fatalities coded at least 1.", "fatalities": 1, "tags": null, "timestamp": 1753956638 }, "geometry": { "type": "Point", "coordinates": [ 34.4907, 31.536 ] } },
{ "type": "Feature", "properties": { "event_id_cnty": "PSE61549", "event_date": "10/12/2024", "year": 2024, "time_precision": 1, "disorder_type": "Political violence", "event_type": "Explosions/Remote violence", "sub_event_type": "Shelling/artillery/missile attack", "actor1": "Military Forces of Israel (2022-)", "assoc_actor_1": null, "inter1": 8, "actor2": "Civilians (Palestine)", "assoc_actor_2": null, "inter2": 7, "interaction": 78, "civilian_targeting": "Civilian targeting", "iso": 275, "region": "Middle East", "country": "Palestine", "admin1": "Gaza Strip", "admin2": "Deir El Balah", "admin3": null, "location": "An Nusayrat - West", "latitude": 31.4525, "longitude": 34.3756, "geo_precision": 1, "source": "Arab 48; Newpress; Quds News Network; Twitter", "source_scale": "New media-National", "notes": "On 12 October 2024, at around 06:04, Israeli gunboats opened fire at Abu Maala area in An Nusayrat - West (Deir El Balah, Gaza Strip). Casualties unknown. Also, the artillery shelled a house near the Turkman tower in An Nusayrat - West, causing injuries.", "fatalities": 0, "tags": null, "timestamp": 1753956638 }, "geometry": { "type": "Point", "coordinates": [ 34.3756, 31.4525 ] } },
{ "type": "Feature", "properties": { "event_id_cnty": "PSE61716", "event_date": "10/12/2024", "year": 2024, "time_precision": 1, "disorder_type": "Political violence", "event_type": "Violence against civilians", "sub_event_type": "Attack", "actor1": "Military Forces of Israel (2022-)", "assoc_actor_1": null, "inter1": 8, "actor2": "Civilians (Palestine)", "assoc_actor_2": "Fishers (Palestine)", "inter2": 7, "interaction": 78, "civilian_targeting": "Civilian targeting", "iso": 275, "region": "Middle East", "country": "Palestine", "admin1": "Gaza Strip", "admin2": "Rafah", "admin3": null, "location": "Coast of Rafah", "latitude": 31.3474, "longitude": 34.2226, "geo_precision": 1, "source": "Quds News Network", "source_scale": "National", "notes": "On 12 October 2024, at around 17:50, Israeli gunboats opened fire at a Palestinian fishing boat off the Coast of Rafah (Rafah, Gaza Strip), injuring a fisher in the head.", "fatalities": 0, "tags": null, "timestamp": 1753956638 }, "geometry": { "type": "Point", "coordinates": [ 34.2226, 31.3474 ] } },
{ "type": "Feature", "properties": { "event_id_cnty": "PSE61506", "event_date": "10/12/2024", "year": 2024, "time_precision": 1, "disorder_type": "Political violence", "event_type": "Explosions/Remote violence", "sub_event_type": "Air/drone strike", "actor1": "Military Forces of Israel (2022-)", "assoc_actor_1": null, "inter1": 8, "actor2": "Civilians (Palestine)", "assoc_actor_2": null, "inter2": 7, "interaction": 78, "civilian_targeting": "Civilian targeting", "iso": 275, "region": "Middle East", "country": "Palestine", "admin1": "Gaza Strip", "admin2": "Gaza City", "admin3": null, "location": "Gaza - Az Zaytun", "latitude": 31.4964, "longitude": 34.4522, "geo_precision": 1, "source": "Arab 48; Ma'an News Agency; Palestine News and Information Agency; Quds News Network", "source_scale": "National", "notes": "On 12 October 2024, Israeli UAVs opened fire at a group of Palestinians in Gaza - Az Zaytun (Gaza City, Gaza Strip), causing injuries.", "fatalities": 0, "tags": null, "timestamp": 1759790002 }, "geometry": { "type": "Point", "coordinates": [ 34.4522, 31.4964 ] } },
{ "type": "Feature", "properties": { "event_id_cnty": "PSE61524", "event_date": "10/12/2024", "year": 2024, "time_precision": 1, "disorder_type": "Political violence", "event_type": "Explosions/Remote violence", "sub_event_type": "Air/drone strike", "actor1": "Military Forces of Israel (2022-)", "assoc_actor_1": null, "inter1": 8, "actor2": "Civilians (Palestine)", "assoc_actor_2": null, "inter2": 7, "interaction": 78, "civilian_targeting": "Civilian targeting", "iso": 275, "region": "Middle East", "country": "Palestine", "admin1": "Gaza Strip", "admin2": "North Gaza", "admin3": null, "location": "Jabalya", "latitude": 31.5272, "longitude": 34.4835, "geo_precision": 1, "source": "Arab 48", "source_scale": "National", "notes": "On 12 October 2024, Israeli warplanes struck several targets and houses in Jabalya town (North Gaza, Gaza Strip), causing fatalities and injuries [unspecified number of fatalities coded as 3].", "fatalities": 3, "tags": null, "timestamp": 1759790002 }, "geometry": { "type": "Point", "coordinates": [ 34.4835, 31.5272 ] } },
{ "type": "Feature", "properties": { "event_id_cnty": "PSE61501", "event_date": "10/12/2024", "year": 2024, "time_precision": 1, "disorder_type": "Political violence", "event_type": "Explosions/Remote violence", "sub_event_type": "Air/drone strike", "actor1": "Military Forces of Israel (2022-)", "assoc_actor_1": null, "inter1": 8, "actor2": "Civilians (Palestine)", "assoc_actor_2": null, "inter2": 7, "interaction": 78, "civilian_targeting": "Civilian targeting", "iso": 275, "region": "Middle East", "country": "Palestine", "admin1": "Gaza Strip", "admin2": "Rafah", "admin3": null, "location": "Khirbet al Adas", "latitude": 31.2855, "longitude": 34.2714, "geo_precision": 2, "source": "Palestine News and Information Agency; Quds News Network", "source_scale": "National", "notes": "On 12 October 2024, an Israeli UAV struck a target in Az Zohour area north of Rafah, coded to Khirbet al Adas (Rafah, Gaza Strip), killing 2 Palestinians. Also, at around 3:24, Israeli artillery shelled north of Rafah city [casualties unknown]. Fatalities coded at least 2.", "fatalities": 2, "tags": null, "timestamp": 1753956638 }, "geometry": { "type": "Point", "coordinates": [ 34.2714, 31.2855 ] } },
{ "type": "Feature", "properties": { "event_id_cnty": "PSE61527", "event_date": "10/13/2024", "year": 2024, "time_precision": 1, "disorder_type": "Political violence", "event_type": "Explosions/Remote violence", "sub_event_type": "Air/drone strike", "actor1": "Military Forces of Israel (2022-)", "assoc_actor_1": null, "inter1": 8, "actor2": "Civilians (Palestine)", "assoc_actor_2": null, "inter2": 7, "interaction": 78, "civilian_targeting": "Civilian targeting", "iso": 275, "region": "Middle East", "country": "Palestine", "admin1": "Gaza Strip", "admin2": "Deir El Balah", "admin3": null, "location": "Deir al Balah Camp", "latitude": 31.4249, "longitude": 34.34, "geo_precision": 2, "source": "Palestine News and Information Agency; PLO Negotiations Affairs Department; Quds News Network", "source_scale": "Other-National", "notes": "On 13 October 2024, Israeli warplanes struck a group of people east of Deir al Balah city, killing one person and injuring others. Also, artillery shelled targets east of Deir al Balah, coded to Deir al Balah Camp (Deir El Balah, Gaza Strip). Casualties unknown. Fatalities coded at least 1.", "fatalities": 1, "tags": null, "timestamp": 1765850627 }, "geometry": { "type": "Point", "coordinates": [ 34.34, 31.4249 ] } },
{ "type": "Feature", "properties": { "event_id_cnty": "PSE61530", "event_date": "10/13/2024", "year": 2024, "time_precision": 1, "disorder_type": "Political violence", "event_type": "Explosions/Remote violence", "sub_event_type": "Air/drone strike", "actor1": "Military Forces of Israel (2022-)", "assoc_actor_1": null, "inter1": 8, "actor2": "Civilians (Palestine)", "assoc_actor_2": "Refugees/IDPs (Palestine)", "inter2": 7, "interaction": 78, "civilian_targeting": "Civilian targeting", "iso": 275, "region": "Middle East", "country": "Palestine", "admin1": "Gaza Strip", "admin2": "North Gaza", "admin3": null, "location": "Jabalya Camp", "latitude": 31.536, "longitude": 34.4907, "geo_precision": 1, "source": "Newpress; Palestine News and Information Agency; Quds News Network; Twitter", "source_scale": "New media-National", "notes": "On 13 October 2024, Israeli warplanes struck a target in Al Falouja area of Jabalya Camp [casualties unknown]. Also, Israeli forces used a unmanned ground vehicle and detonated houses in Jabalya Camp (North Gaza, Gaza Strip), causing fires in several houses. Casualties unknown. In addition, 2 Palestinians were killed and others were injured in an airstrike that targeted al Falouja area. Total fatalities coded at least 2.", "fatalities": 2, "tags": null, "timestamp": 1753956638 }, "geometry": { "type": "Point", "coordinates": [ 34.4907, 31.536 ] } },
{ "type": "Feature", "properties": { "event_id_cnty": "PSE61531", "event_date": "10/13/2024", "year": 2024, "time_precision": 1, "disorder_type": "Political violence", "event_type": "Explosions/Remote violence", "sub_event_type": "Air/drone strike", "actor1": "Military Forces of Israel (2022-)", "assoc_actor_1": null, "inter1": 8, "actor2": "Civilians (Palestine)", "assoc_actor_2": null, "inter2": 7, "interaction": 78, "civilian_targeting": "Civilian targeting", "iso": 275, "region": "Middle East", "country": "Palestine", "admin1": "Gaza Strip", "admin2": "Gaza City", "admin3": null, "location": "Gaza - Ash Shati' Camp", "latitude": 31.5349, "longitude": 34.4466, "geo_precision": 2, "source": "Al-Ittihad; Palestine News and Information Agency; Quds News Network", "source_scale": "National-Regional", "notes": "On 13 October 2024, Israeli warplanes struck a house at the Abdel-Al junction northwest of Gaza city, coded to Gaza - Ash Shati' Camp (Gaza City, Gaza Strip), causing fire. Casualties unknown. Also, artillery shelled northwest of Gaza City [coded to the same location].", "fatalities": 0, "tags": null, "timestamp": 1759790002 }, "geometry": { "type": "Point", "coordinates": [ 34.4466, 31.5349 ] } },
{ "type": "Feature", "properties": { "event_id_cnty": "PSE61533", "event_date": "10/13/2024", "year": 2024, "time_precision": 1, "disorder_type": "Political violence", "event_type": "Explosions/Remote violence", "sub_event_type": "Air/drone strike", "actor1": "Military Forces of Israel (2022-)", "assoc_actor_1": null, "inter1": 8, "actor2": "Civilians (Palestine)", "assoc_actor_2": null, "inter2": 7, "interaction": 78, "civilian_targeting": "Civilian targeting", "iso": 275, "region": "Middle East", "country": "Palestine", "admin1": "Gaza Strip", "admin2": "Gaza City", "admin3": null, "location": "Gaza - At Tuffah", "latitude": 31.5134, "longitude": 34.4751, "geo_precision": 1, "source": "Al-Ittihad; Palestine News and Information Agency", "source_scale": "National-Regional", "notes": "On 13 October 2024, Israeli warplanes struck a house in Gaza - At Tuffah (Gaza City, Gaza Strip), injuring 6 persons including children.", "fatalities": 0, "tags": null, "timestamp": 1759790002 }, "geometry": { "type": "Point", "coordinates": [ 34.4751, 31.5134 ] } },
{ "type": "Feature", "properties": { "event_id_cnty": "PSE61537", "event_date": "10/13/2024", "year": 2024, "time_precision": 1, "disorder_type": "Political violence", "event_type": "Explosions/Remote violence", "sub_event_type": "Air/drone strike", "actor1": "Military Forces of Israel (2022-)", "assoc_actor_1": null, "inter1": 8, "actor2": "Civilians (Palestine)", "assoc_actor_2": "Refugees/IDPs (Palestine)", "inter2": 7, "interaction": 78, "civilian_targeting": "Civilian targeting", "iso": 275, "region": "Middle East", "country": "Palestine", "admin1": "Gaza Strip", "admin2": "Gaza City", "admin3": null, "location": "Gaza - Ash Shati' Camp", "latitude": 31.5349, "longitude": 34.4466, "geo_precision": 1, "source": "Arab 48; Newpress; Palestine News and Information Agency; Quds News Network; Twitter", "source_scale": "New media-National", "notes": "On 13 October 2024, an Israeli UAV struck a target in Gaza - Ash Shati' Camp (Gaza City, Gaza Strip), killing 5 children.", "fatalities": 5, "tags": null, "timestamp": 1759790002 }, "geometry": { "type": "Point", "coordinates": [ 34.4466, 31.5349 ] } },
{ "type": "Feature", "properties": { "event_id_cnty": "PSE61538", "event_date": "10/13/2024", "year": 2024, "time_precision": 1, "disorder_type": "Political violence", "event_type": "Explosions/Remote violence", "sub_event_type": "Air/drone strike", "actor1": "Military Forces of Israel (2022-)", "assoc_actor_1": null, "inter1": 8, "actor2": "Civilians (Palestine)", "assoc_actor_2": "Refugees/IDPs (Palestine)", "inter2": 7, "interaction": 78, "civilian_targeting": "Civilian targeting", "iso": 275, "region": "Middle East", "country": "Palestine", "admin1": "Gaza Strip", "admin2": "Deir El Balah", "admin3": null, "location": "An Nusayrat", "latitude": 31.4486, "longitude": 34.3925, "geo_precision": 1, "source": "Arab 48; Newpress; Palestine News and Information Agency; Quds News Network; Twitter", "source_scale": "New media-National", "notes": "On 13 October 2024, Israeli warplanes struck the Al Mufit School that hosts displaced people in An Nusayrat Camp (Deir El Balah, Gaza Strip), killing 22 Palestinians, including 15 women and children, and injuring 80 more. Also, warplanes struck a house [casualties unknown]. Fatalities coded at least 22.", "fatalities": 22, "tags": null, "timestamp": 1753956638 }, "geometry": { "type": "Point", "coordinates": [ 34.3925, 31.4486 ] } },
{ "type": "Feature", "properties": { "event_id_cnty": "PSE61539", "event_date": "10/13/2024", "year": 2024, "time_precision": 1, "disorder_type": "Political violence", "event_type": "Explosions/Remote violence", "sub_event_type": "Air/drone strike", "actor1": "Military Forces of Israel (2022-)", "assoc_actor_1": null, "inter1": 8, "actor2": "Civilians (Palestine)", "assoc_actor_2": null, "inter2": 7, "interaction": 78, "civilian_targeting": "Civilian targeting", "iso": 275, "region": "Middle East", "country": "Palestine", "admin1": "Gaza Strip", "admin2": "Deir El Balah", "admin3": null, "location": "Al Burayj", "latitude": 31.4394, "longitude": 34.4031, "geo_precision": 2, "source": "Palestine News and Information Agency", "source_scale": "National", "notes": "On 13 October 2024, Israeli warplanes a group of Palestinians east of Al Burayj Camp (Deir El Balah, Gaza Strip), killing 2 persons.", "fatalities": 2, "tags": null, "timestamp": 1753956638 }, "geometry": { "type": "Point", "coordinates": [ 34.4031, 31.4394 ] } },
{ "type": "Feature", "properties": { "event_id_cnty": "PSE61548", "event_date": "10/13/2024", "year": 2024, "time_precision": 1, "disorder_type": "Political violence", "event_type": "Explosions/Remote violence", "sub_event_type": "Air/drone strike", "actor1": "Military Forces of Israel (2022-)", "assoc_actor_1": null, "inter1": 8, "actor2": "Civilians (Palestine)", "assoc_actor_2": null, "inter2": 7, "interaction": 78, "civilian_targeting": "Civilian targeting", "iso": 275, "region": "Middle East", "country": "Palestine", "admin1": "Gaza Strip", "admin2": "Gaza City", "admin3": null, "location": "Gaza - Southern Remal", "latitude": 31.5168, "longitude": 34.4355, "geo_precision": 2, "source": "Newpress; Quds News Network; Twitter", "source_scale": "New media-National", "notes": "On 13 October 2024, at around 11:31, Israeli warplanes struck a group of people in Al Jalaa street west of Gaza City, coded to Gaza - Southern Remal (Gaza City, Gaza Strip), killing a Palestinian and injuring others.", "fatalities": 1, "tags": null, "timestamp": 1759790002 }, "geometry": { "type": "Point", "coordinates": [ 34.4355, 31.5168 ] } },
{ "type": "Feature", "properties": { "event_id_cnty": "PSE61563", "event_date": "10/13/2024", "year": 2024, "time_precision": 1, "disorder_type": "Political violence", "event_type": "Explosions/Remote violence", "sub_event_type": "Shelling/artillery/missile attack", "actor1": "Military Forces of Israel (2022-)", "assoc_actor_1": null, "inter1": 8, "actor2": "Civilians (Palestine)", "assoc_actor_2": "Refugees/IDPs (Palestine)", "inter2": 7, "interaction": 78, "civilian_targeting": "Civilian targeting", "iso": 275, "region": "Middle East", "country": "Palestine", "admin1": "Gaza Strip", "admin2": "Deir El Balah", "admin3": null, "location": "Al Burayj", "latitude": 31.4394, "longitude": 34.4031, "geo_precision": 1, "source": "Newpress; Palestine News and Information Agency; Quds News Network; Twitter", "source_scale": "New media-National", "notes": "On 13 October 2024, Israeli artillery shelled the block 1 in Al Burayj Camp (Deir El Balah, Gaza Strip), killing 5 Palestinians and injuring others.", "fatalities": 5, "tags": null, "timestamp": 1753956638 }, "geometry": { "type": "Point", "coordinates": [ 34.4031, 31.4394 ] } },
{ "type": "Feature", "properties": { "event_id_cnty": "PSE61601", "event_date": "10/13/2024", "year": 2024, "time_precision": 1, "disorder_type": "Political violence", "event_type": "Explosions/Remote violence", "sub_event_type": "Air/drone strike", "actor1": "Military Forces of Israel (2022-)", "assoc_actor_1": null, "inter1": 8, "actor2": "Civilians (Palestine)", "assoc_actor_2": null, "inter2": 7, "interaction": 78, "civilian_targeting": "Civilian targeting", "iso": 275, "region": "Middle East", "country": "Palestine", "admin1": "Gaza Strip", "admin2": "North Gaza", "admin3": null, "location": "Jabalya Camp", "latitude": 31.536, "longitude": 34.4907, "geo_precision": 2, "source": "Palestine News and Information Agency", "source_scale": "National", "notes": "On 13 October 2024, Israeli warplanes struck targets in Al Etisalat area west of Jabalya Camp (North Gaza, Gaza Strip), killing 5 Palestinians and injuring others.", "fatalities": 5, "tags": null, "timestamp": 1753956638 }, "geometry": { "type": "Point", "coordinates": [ 34.4907, 31.536 ] } },
{ "type": "Feature", "properties": { "event_id_cnty": "PSE61532", "event_date": "10/13/2024", "year": 2024, "time_precision": 1, "disorder_type": "Political violence", "event_type": "Explosions/Remote violence", "sub_event_type": "Air/drone strike", "actor1": "Military Forces of Israel (2022-)", "assoc_actor_1": null, "inter1": 8, "actor2": "Civilians (Palestine)", "assoc_actor_2": null, "inter2": 7, "interaction": 78, "civilian_targeting": "Civilian targeting", "iso": 275, "region": "Middle East", "country": "Palestine", "admin1": "Gaza Strip", "admin2": "Gaza City", "admin3": null, "location": "Gaza - Az Zaytun", "latitude": 31.4964, "longitude": 34.4522, "geo_precision": 2, "source": "Al-Ittihad; Palestine News and Information Agency", "source_scale": "National-Regional", "notes": "On 13 October 2024, Israeli UAVs and artillery opened fire at Palestinian houses at Al Seka Street east of Gaza - Az Zaytun (Gaza City, Gaza Strip). Casualties unknown.", "fatalities": 0, "tags": null, "timestamp": 1759790002 }, "geometry": { "type": "Point", "coordinates": [ 34.4522, 31.4964 ] } },
{ "type": "Feature", "properties": { "event_id_cnty": "PSE61535", "event_date": "10/13/2024", "year": 2024, "time_precision": 1, "disorder_type": "Political violence", "event_type": "Explosions/Remote violence", "sub_event_type": "Air/drone strike", "actor1": "Military Forces of Israel (2022-)", "assoc_actor_1": null, "inter1": 8, "actor2": "Civilians (Palestine)", "assoc_actor_2": null, "inter2": 7, "interaction": 78, "civilian_targeting": "Civilian targeting", "iso": 275, "region": "Middle East", "country": "Palestine", "admin1": "Gaza Strip", "admin2": "North Gaza", "admin3": null, "location": "Jabalya - Tel-Zaatar", "latitude": 31.5367, "longitude": 34.5035, "geo_precision": 1, "source": "Quds News Network", "source_scale": "National", "notes": "On 13 October 2024, at around 14:04, Israeli warplanes struck a target in Jabalya - Tel-Zaatar (North Gaza, Gaza Strip), killing 3 Palestinians.", "fatalities": 3, "tags": null, "timestamp": 1759790002 }, "geometry": { "type": "Point", "coordinates": [ 34.5035, 31.5367 ] } },
{ "type": "Feature", "properties": { "event_id_cnty": "PSE61545", "event_date": "10/13/2024", "year": 2024, "time_precision": 1, "disorder_type": "Political violence", "event_type": "Explosions/Remote violence", "sub_event_type": "Air/drone strike", "actor1": "Military Forces of Israel (2022-)", "assoc_actor_1": null, "inter1": 8, "actor2": "Civilians (Palestine)", "assoc_actor_2": null, "inter2": 7, "interaction": 78, "civilian_targeting": "Civilian targeting", "iso": 275, "region": "Middle East", "country": "Palestine", "admin1": "Gaza Strip", "admin2": "Gaza City", "admin3": null, "location": "Gaza - Az Zaytun", "latitude": 31.4964, "longitude": 34.4522, "geo_precision": 1, "source": "Quds News Network", "source_scale": "National", "notes": "On 13 October 2024, Israeli warplanes struck a group of people in Asqoula area in Gaza - Az Zaytun (Gaza City, Gaza Strip), killing a Palestinian.", "fatalities": 1, "tags": null, "timestamp": 1759790002 }, "geometry": { "type": "Point", "coordinates": [ 34.4522, 31.4964 ] } },
{ "type": "Feature", "properties": { "event_id_cnty": "PSE61562", "event_date": "10/14/2024", "year": 2024, "time_precision": 1, "disorder_type": "Political violence", "event_type": "Explosions/Remote violence", "sub_event_type": "Air/drone strike", "actor1": "Military Forces of Israel (2022-)", "assoc_actor_1": null, "inter1": 8, "actor2": "Civilians (Palestine)", "assoc_actor_2": "Refugees/IDPs (Palestine)", "inter2": 7, "interaction": 78, "civilian_targeting": "Civilian targeting", "iso": 275, "region": "Middle East", "country": "Palestine", "admin1": "Gaza Strip", "admin2": "Khan Yunis", "admin3": null, "location": "Bani Suheila", "latitude": 31.3424, "longitude": 34.325, "geo_precision": 2, "source": "Palestine News and Information Agency; PLO Negotiations Affairs Department", "source_scale": "Other-National", "notes": "On 14 October 2024, 5 Palestinians were injured in an airstrike targeted a tent belonging to displaced people east of Khan Yunis. Also, Israeli artillery and tanks shelled targets east of Khan Yunis, coded to Bani Suheila (Khan Yunis, Gaza Strip). Casualties unknown.", "fatalities": 0, "tags": null, "timestamp": 1753956638 }, "geometry": { "type": "Point", "coordinates": [ 34.325, 31.3424 ] } },
{ "type": "Feature", "properties": { "event_id_cnty": "PSE61566", "event_date": "10/14/2024", "year": 2024, "time_precision": 1, "disorder_type": "Political violence", "event_type": "Explosions/Remote violence", "sub_event_type": "Air/drone strike", "actor1": "Military Forces of Israel (2022-)", "assoc_actor_1": null, "inter1": 8, "actor2": "Civilians (Palestine)", "assoc_actor_2": "Refugees/IDPs (Palestine)", "inter2": 7, "interaction": 78, "civilian_targeting": "Civilian targeting", "iso": 275, "region": "Middle East", "country": "Palestine", "admin1": "Gaza Strip", "admin2": "North Gaza", "admin3": null, "location": "Jabalya Camp", "latitude": 31.536, "longitude": 34.4907, "geo_precision": 1, "source": "Ma'an News Agency; Newpress; Palestine News and Information Agency; Quds News Network; Twitter; UNSC", "source_scale": "Other-New media", "notes": "On 14 October 2024, Israeli warplanes struck targets and house in Jabalya Camp (North Gaza, Gaza Strip), injuring 3 children and leaving fatalities [unspecified fatalities coded as 3]. Also, at least 10 Palestinians were killed and 40 more were injured in an airstrike that targeted an aid supply center in the camp. In addition, warplanes targeted the Hafsa School and the Al Yaman Al Said Center hosting displaced people, where 3 persons were killed and 13 more were injured. Moreover, 4 Palestinians were killed in an airstrike that targeted a house. And artillery shelled targets in the camp. Fatalities coded as 20 (17 confirmed, 3 unspecified).", "fatalities": 20, "tags": null, "timestamp": 1757377137 }, "geometry": { "type": "Point", "coordinates": [ 34.4907, 31.536 ] } },
{ "type": "Feature", "properties": { "event_id_cnty": "PSE61569", "event_date": "10/14/2024", "year": 2024, "time_precision": 1, "disorder_type": "Political violence", "event_type": "Explosions/Remote violence", "sub_event_type": "Air/drone strike", "actor1": "Military Forces of Israel (2022-)", "assoc_actor_1": null, "inter1": 8, "actor2": "Civilians (Palestine)", "assoc_actor_2": "Refugees/IDPs (Palestine)", "inter2": 7, "interaction": 78, "civilian_targeting": "Civilian targeting", "iso": 275, "region": "Middle East", "country": "Palestine", "admin1": "Gaza Strip", "admin2": "Khan Yunis", "admin3": null, "location": "Khan Yunis - West (Municipal Stadium)", "latitude": 31.3484, "longitude": 34.2961, "geo_precision": 2, "source": "Palestine News and Information Agency; Quds News Network", "source_scale": "National", "notes": "On 14 October 2024, Israeli UAVs struck tents belonging to displaced people west of Khan Yunis (coded to Khan Yunis - West (Municipal Stadium), Gaza Strip), injuring 15 persons.", "fatalities": 0, "tags": null, "timestamp": 1753956638 }, "geometry": { "type": "Point", "coordinates": [ 34.2961, 31.3484 ] } },
{ "type": "Feature", "properties": { "event_id_cnty": "PSE61570", "event_date": "10/14/2024", "year": 2024, "time_precision": 1, "disorder_type": "Political violence", "event_type": "Explosions/Remote violence", "sub_event_type": "Air/drone strike", "actor1": "Military Forces of Israel (2022-)", "assoc_actor_1": null, "inter1": 8, "actor2": "Civilians (Palestine)", "assoc_actor_2": "Refugees/IDPs (Palestine)", "inter2": 7, "interaction": 78, "civilian_targeting": "Civilian targeting", "iso": 275, "region": "Middle East", "country": "Palestine", "admin1": "Gaza Strip", "admin2": "Khan Yunis", "admin3": null, "location": "Bani Suheila", "latitude": 31.3424, "longitude": 34.325, "geo_precision": 1, "source": "Palestine News and Information Agency; Quds News Network", "source_scale": "National", "notes": "On 14 October 2024, Israeli warplanes struck a house that hosts displaced people in Bani Suheila (Khan Yunis, Gaza Strip), killing 10 Palestinians and injuring others.", "fatalities": 10, "tags": null, "timestamp": 1753956638 }, "geometry": { "type": "Point", "coordinates": [ 34.325, 31.3424 ] } },
{ "type": "Feature", "properties": { "event_id_cnty": "PSE61583", "event_date": "10/14/2024", "year": 2024, "time_precision": 1, "disorder_type": "Political violence", "event_type": "Explosions/Remote violence", "sub_event_type": "Air/drone strike", "actor1": "Military Forces of Israel (2022-)", "assoc_actor_1": null, "inter1": 8, "actor2": "Civilians (Palestine)", "assoc_actor_2": null, "inter2": 7, "interaction": 78, "civilian_targeting": "Civilian targeting", "iso": 275, "region": "Middle East", "country": "Palestine", "admin1": "Gaza Strip", "admin2": "Rafah", "admin3": null, "location": "Tal as Sultan", "latitude": 31.3098, "longitude": 34.2414, "geo_precision": 2, "source": "Quds News Network", "source_scale": "National", "notes": "On 14 October 2024, Israeli warplanes struck a passing car at the al-Alam roundabout west of Rafah, coded to Tal as Sultan (Rafah, Gaza Strip). Casualties unknown.", "fatalities": 0, "tags": null, "timestamp": 1762829569 }, "geometry": { "type": "Point", "coordinates": [ 34.2414, 31.3098 ] } },
{ "type": "Feature", "properties": { "event_id_cnty": "PSE61592", "event_date": "10/14/2024", "year": 2024, "time_precision": 1, "disorder_type": "Political violence", "event_type": "Explosions/Remote violence", "sub_event_type": "Shelling/artillery/missile attack", "actor1": "Military Forces of Israel (2022-)", "assoc_actor_1": null, "inter1": 8, "actor2": "Civilians (Palestine)", "assoc_actor_2": null, "inter2": 7, "interaction": 78, "civilian_targeting": "Civilian targeting", "iso": 275, "region": "Middle East", "country": "Palestine", "admin1": "Gaza Strip", "admin2": "Rafah", "admin3": null, "location": "Al Mawasi (Rafah)", "latitude": 31.3294, "longitude": 34.2299, "geo_precision": 1, "source": "Quds News Network", "source_scale": "National", "notes": "On 14 October 2024, Israeli artillery shelled the (Al Mawasi (Rafah), Gaza Strip), causing injuries.", "fatalities": 0, "tags": null, "timestamp": 1762829569 }, "geometry": { "type": "Point", "coordinates": [ 34.2299, 31.3294 ] } },
{ "type": "Feature", "properties": { "event_id_cnty": "PSE61602", "event_date": "10/14/2024", "year": 2024, "time_precision": 1, "disorder_type": "Political violence", "event_type": "Explosions/Remote violence", "sub_event_type": "Air/drone strike", "actor1": "Military Forces of Israel (2022-)", "assoc_actor_1": null, "inter1": 8, "actor2": "Civilians (Palestine)", "assoc_actor_2": null, "inter2": 7, "interaction": 78, "civilian_targeting": "Civilian targeting", "iso": 275, "region": "Middle East", "country": "Palestine", "admin1": "Gaza Strip", "admin2": "Deir El Balah", "admin3": null, "location": "An Nusayrat - West", "latitude": 31.4525, "longitude": 34.3756, "geo_precision": 1, "source": "Palestine News and Information Agency; Quds News Network", "source_scale": "National", "notes": "On 14 October 2024, Israeli warplanes struck a house near the gas station in An Nusayrat - West (Deir El Balah, Gaza Strip), killing at least 5 Palestinians and injuring others. Also, artillery shelled An Nusayrat - West [casualties unknown]. Fatalities coded at least 5.", "fatalities": 5, "tags": null, "timestamp": 1753956638 }, "geometry": { "type": "Point", "coordinates": [ 34.3756, 31.4525 ] } },
{ "type": "Feature", "properties": { "event_id_cnty": "PSE61604", "event_date": "10/14/2024", "year": 2024, "time_precision": 1, "disorder_type": "Political violence", "event_type": "Explosions/Remote violence", "sub_event_type": "Air/drone strike", "actor1": "Military Forces of Israel (2022-)", "assoc_actor_1": null, "inter1": 8, "actor2": "Civilians (Palestine)", "assoc_actor_2": null, "inter2": 7, "interaction": 78, "civilian_targeting": "Civilian targeting", "iso": 275, "region": "Middle East", "country": "Palestine", "admin1": "Gaza Strip", "admin2": "Gaza City", "admin3": null, "location": "Gaza - Sheikh Radwan", "latitude": 31.5349, "longitude": 34.4667, "geo_precision": 1, "source": "Palestine News and Information Agency; Quds News Network", "source_scale": "National", "notes": "On 14 October 2024, Israeli UAVs struck a group of people in Gaza - Sheikh Radwan (Gaza City, Gaza Strip), killing 8 Palestinians and injuring others.", "fatalities": 8, "tags": null, "timestamp": 1759790002 }, "geometry": { "type": "Point", "coordinates": [ 34.4667, 31.5349 ] } },
{ "type": "Feature", "properties": { "event_id_cnty": "PSE61552", "event_date": "10/14/2024", "year": 2024, "time_precision": 1, "disorder_type": "Political violence", "event_type": "Explosions/Remote violence", "sub_event_type": "Air/drone strike", "actor1": "Military Forces of Israel (2022-)", "assoc_actor_1": null, "inter1": 8, "actor2": "Civilians (Palestine)", "assoc_actor_2": null, "inter2": 7, "interaction": 78, "civilian_targeting": "Civilian targeting", "iso": 275, "region": "Middle East", "country": "Palestine", "admin1": "Gaza Strip", "admin2": "North Gaza", "admin3": null, "location": "Jabalya Camp", "latitude": 31.536, "longitude": 34.4907, "geo_precision": 2, "source": "Palestine News and Information Agency; Quds News Network", "source_scale": "National", "notes": "On 14 October 2024, Israeli warplanes struck a house west of Jabalya Camp (North Gaza, Gaza Strip), causing a fire. Casualties unknown. And helicopters opened fire and artillery shelled areas west of the camp. [On 22 and 23 January 2025, 30 bodies were recovered from under the rubble in Jabalya Camp. These fatalities were distributed across three events. 10 of these fatalities were coded to this event].", "fatalities": 10, "tags": null, "timestamp": 1753956638 }, "geometry": { "type": "Point", "coordinates": [ 34.4907, 31.536 ] } },
{ "type": "Feature", "properties": { "event_id_cnty": "PSE61565", "event_date": "10/14/2024", "year": 2024, "time_precision": 1, "disorder_type": "Political violence", "event_type": "Explosions/Remote violence", "sub_event_type": "Air/drone strike", "actor1": "Military Forces of Israel (2022-)", "assoc_actor_1": null, "inter1": 8, "actor2": "Civilians (Palestine)", "assoc_actor_2": null, "inter2": 7, "interaction": 78, "civilian_targeting": "Civilian targeting", "iso": 275, "region": "Middle East", "country": "Palestine", "admin1": "Gaza Strip", "admin2": "North Gaza", "admin3": null, "location": "Jabalya", "latitude": 31.5272, "longitude": 34.4835, "geo_precision": 1, "source": "Newpress; Palestine News and Information Agency; Quds News Network; Twitter", "source_scale": "New media-National", "notes": "On 14 October 2024, Israeli warplanes struck targets in Al Nazleh area in Jabalya town (North Gaza, Gaza Strip), killing 2 Palestinians and injuring others.", "fatalities": 2, "tags": null, "timestamp": 1759790002 }, "geometry": { "type": "Point", "coordinates": [ 34.4835, 31.5272 ] } },
{ "type": "Feature", "properties": { "event_id_cnty": "PSE61567", "event_date": "10/14/2024", "year": 2024, "time_precision": 1, "disorder_type": "Political violence", "event_type": "Explosions/Remote violence", "sub_event_type": "Air/drone strike", "actor1": "Military Forces of Israel (2022-)", "assoc_actor_1": null, "inter1": 8, "actor2": "Civilians (Palestine)", "assoc_actor_2": "Refugees/IDPs (Palestine)", "inter2": 7, "interaction": 78, "civilian_targeting": "Civilian targeting", "iso": 275, "region": "Middle East", "country": "Palestine", "admin1": "Gaza Strip", "admin2": "Rafah", "admin3": null, "location": "Rafah Camp", "latitude": 31.2847, "longitude": 34.2546, "geo_precision": 1, "source": "Newpress; Palestine News and Information Agency; Quds News Network; Twitter", "source_scale": "New media-National", "notes": "On 14 October 2024, Israeli warplanes struck a target in Al Shaboura of Rafah Camp (Rafah, Gaza Strip), killing 4 Palestinians.", "fatalities": 4, "tags": null, "timestamp": 1753956638 }, "geometry": { "type": "Point", "coordinates": [ 34.2546, 31.2847 ] } },
{ "type": "Feature", "properties": { "event_id_cnty": "PSE61596", "event_date": "10/14/2024", "year": 2024, "time_precision": 1, "disorder_type": "Political violence", "event_type": "Explosions/Remote violence", "sub_event_type": "Shelling/artillery/missile attack", "actor1": "Military Forces of Israel (2022-)", "assoc_actor_1": null, "inter1": 8, "actor2": "Civilians (Palestine)", "assoc_actor_2": null, "inter2": 7, "interaction": 78, "civilian_targeting": "Civilian targeting", "iso": 275, "region": "Middle East", "country": "Palestine", "admin1": "Gaza Strip", "admin2": "Khan Yunis", "admin3": null, "location": "Qizan an Najjar", "latitude": 31.323, "longitude": 34.2761, "geo_precision": 1, "source": "Quds News Network", "source_scale": "National", "notes": "On 14 October 2024, an Israeli UAV targeted a tent belongs to displaced people in Qizan an Najjar (Khan Yunis, Gaza Strip), causing 8 injuries.", "fatalities": 0, "tags": null, "timestamp": 1753956638 }, "geometry": { "type": "Point", "coordinates": [ 34.2761, 31.323 ] } },
{ "type": "Feature", "properties": { "event_id_cnty": "PSE61606", "event_date": "10/14/2024", "year": 2024, "time_precision": 1, "disorder_type": "Political violence", "event_type": "Explosions/Remote violence", "sub_event_type": "Air/drone strike", "actor1": "Military Forces of Israel (2022-)", "assoc_actor_1": null, "inter1": 8, "actor2": "Civilians (Palestine)", "assoc_actor_2": null, "inter2": 7, "interaction": 78, "civilian_targeting": "Civilian targeting", "iso": 275, "region": "Middle East", "country": "Palestine", "admin1": "Gaza Strip", "admin2": "Rafah", "admin3": null, "location": "Rafah", "latitude": 31.287, "longitude": 34.2595, "geo_precision": 1, "source": "Newpress; Quds News Network; Twitter", "source_scale": "New media-National", "notes": "On 14 October 2024, Israeli warplanes struck targets in Rafah City (Gaza Strip), killing at least 8 Palestinians.", "fatalities": 8, "tags": null, "timestamp": 1762829569 }, "geometry": { "type": "Point", "coordinates": [ 34.2595, 31.287 ] } },
{ "type": "Feature", "properties": { "event_id_cnty": "PSE61568", "event_date": "10/15/2024", "year": 2024, "time_precision": 1, "disorder_type": "Political violence", "event_type": "Explosions/Remote violence", "sub_event_type": "Air/drone strike", "actor1": "Military Forces of Israel (2022-)", "assoc_actor_1": null, "inter1": 8, "actor2": "Civilians (Palestine)", "assoc_actor_2": null, "inter2": 7, "interaction": 78, "civilian_targeting": "Civilian targeting", "iso": 275, "region": "Middle East", "country": "Palestine", "admin1": "Gaza Strip", "admin2": "Deir El Balah", "admin3": null, "location": "An Nusayrat - West", "latitude": 31.4525, "longitude": 34.3756, "geo_precision": 2, "source": "Palestine News and Information Agency; Quds News Network", "source_scale": "National", "notes": "On 15 October 2024, Israeli warplanes struck a target in Tabbet al-Nwairi in An Nusayrat - West (Deir El Balah, Gaza Strip), causing injuries. Also, at around, 00:03, warplanes struck a house near Radi station [coded to same location], causing fatalities and injuries. Unspecified number of fatalities coded as 3.", "fatalities": 3, "tags": null, "timestamp": 1753956638 }, "geometry": { "type": "Point", "coordinates": [ 34.3756, 31.4525 ] } },
{ "type": "Feature", "properties": { "event_id_cnty": "PSE61571", "event_date": "10/15/2024", "year": 2024, "time_precision": 1, "disorder_type": "Political violence", "event_type": "Explosions/Remote violence", "sub_event_type": "Air/drone strike", "actor1": "Military Forces of Israel (2022-)", "assoc_actor_1": null, "inter1": 8, "actor2": "Civilians (Palestine)", "assoc_actor_2": null, "inter2": 7, "interaction": 78, "civilian_targeting": "Civilian targeting", "iso": 275, "region": "Middle East", "country": "Palestine", "admin1": "Gaza Strip", "admin2": "Gaza City", "admin3": null, "location": "Gaza - Ash Shati' Camp", "latitude": 31.5349, "longitude": 34.4466, "geo_precision": 2, "source": "Newpress; Quds News Network; Twitter", "source_scale": "New media-National", "notes": "On 15 October 2024, at around 11:04, Israeli warplanes struck a house in Al Saftawi area northwest of Gaza City, coded to Gaza - Ash Shati' Camp (North Gaza, Gaza Strip), leaving injuries and killing 3 Palestinians.", "fatalities": 3, "tags": null, "timestamp": 1759790002 }, "geometry": { "type": "Point", "coordinates": [ 34.4466, 31.5349 ] } },
{ "type": "Feature", "properties": { "event_id_cnty": "PSE61603", "event_date": "10/15/2024", "year": 2024, "time_precision": 1, "disorder_type": "Political violence", "event_type": "Explosions/Remote violence", "sub_event_type": "Air/drone strike", "actor1": "Military Forces of Israel (2022-)", "assoc_actor_1": null, "inter1": 8, "actor2": "Civilians (Palestine)", "assoc_actor_2": null, "inter2": 7, "interaction": 78, "civilian_targeting": "Civilian targeting", "iso": 275, "region": "Middle East", "country": "Palestine", "admin1": "Gaza Strip", "admin2": "Khan Yunis", "admin3": null, "location": "Al Fukhari", "latitude": 31.2952, "longitude": 34.3332, "geo_precision": 1, "source": "Palestine News and Information Agency; Quds News Network", "source_scale": "National", "notes": "On 15 October 2024, at around 1:53, Israeli warplanes struck a residential building in Al Fukhari (Khan Yunis, Gaza Strip), killing 7 Palestinians including children, and causing a number of injuries.", "fatalities": 7, "tags": null, "timestamp": 1753956638 }, "geometry": { "type": "Point", "coordinates": [ 34.3332, 31.2952 ] } },
{ "type": "Feature", "properties": { "event_id_cnty": "PSE61608", "event_date": "10/15/2024", "year": 2024, "time_precision": 1, "disorder_type": "Political violence", "event_type": "Explosions/Remote violence", "sub_event_type": "Air/drone strike", "actor1": "Military Forces of Israel (2022-)", "assoc_actor_1": null, "inter1": 8, "actor2": "Civilians (Palestine)", "assoc_actor_2": "Refugees/IDPs (Palestine)", "inter2": 7, "interaction": 78, "civilian_targeting": "Civilian targeting", "iso": 275, "region": "Middle East", "country": "Palestine", "admin1": "Gaza Strip", "admin2": "North Gaza", "admin3": null, "location": "Jabalya Camp", "latitude": 31.536, "longitude": 34.4907, "geo_precision": 1, "source": "Palestine News and Information Agency; Quds News Network", "source_scale": "National", "notes": "On 15 October 2024, Israeli warplanes struck a house in the Trans Street in Jabalya Camp (North Gaza, Gaza Strip), killing 3 Palestinians and injuring others. Also, the Israeli artillery shelled targets in the camp [casualties unknown]. Fatalities coded at least 3.", "fatalities": 3, "tags": null, "timestamp": 1753956638 }, "geometry": { "type": "Point", "coordinates": [ 34.4907, 31.536 ] } },
{ "type": "Feature", "properties": { "event_id_cnty": "PSE61609", "event_date": "10/15/2024", "year": 2024, "time_precision": 1, "disorder_type": "Political violence", "event_type": "Explosions/Remote violence", "sub_event_type": "Air/drone strike", "actor1": "Military Forces of Israel (2022-)", "assoc_actor_1": null, "inter1": 8, "actor2": "Civilians (Palestine)", "assoc_actor_2": "Refugees/IDPs (Palestine)", "inter2": 7, "interaction": 78, "civilian_targeting": "Civilian targeting", "iso": 275, "region": "Middle East", "country": "Palestine", "admin1": "Gaza Strip", "admin2": "Deir El Balah", "admin3": null, "location": "Al Maghazi", "latitude": 31.4214, "longitude": 34.3865, "geo_precision": 1, "source": "Palestine News and Information Agency", "source_scale": "National", "notes": "On 15 October 2024, Israeli warplanes struck a target in Al Maghazi Camp (Deir El Balah, Gaza Strip), killing a Palestinian.", "fatalities": 1, "tags": null, "timestamp": 1753956638 }, "geometry": { "type": "Point", "coordinates": [ 34.3865, 31.4214 ] } },
{ "type": "Feature", "properties": { "event_id_cnty": "PSE61610", "event_date": "10/15/2024", "year": 2024, "time_precision": 1, "disorder_type": "Political violence", "event_type": "Explosions/Remote violence", "sub_event_type": "Air/drone strike", "actor1": "Military Forces of Israel (2022-)", "assoc_actor_1": null, "inter1": 8, "actor2": "Civilians (Palestine)", "assoc_actor_2": "Journalists (Palestine)", "inter2": 7, "interaction": 78, "civilian_targeting": "Civilian targeting", "iso": 275, "region": "Middle East", "country": "Palestine", "admin1": "Gaza Strip", "admin2": "Deir El Balah", "admin3": null, "location": "An Nusayrat - North", "latitude": 31.4591, "longitude": 34.3923, "geo_precision": 2, "source": "Committee to Protect Journalists; Guardian (United Kingdom); Newpress; Palestine News and Information Agency; Quds News Network; Twitter", "source_scale": "Other-New media", "notes": "On 15 October 2024, Israeli warplanes struck a house northeast of An Nusayrat, killing 6 Palestinians, including a journalist, and injuring 8 more. Also, 2 Palestinians were killed in an airstrike that targeted a house northwest of An Nusayrat, coded to An Nusayrat - North (Deir El Balah, Gaza Strip). The total fatalities were 8.", "fatalities": 8, "tags": null, "timestamp": 1757975700 }, "geometry": { "type": "Point", "coordinates": [ 34.3923, 31.4591 ] } },
{ "type": "Feature", "properties": { "event_id_cnty": "PSE61611", "event_date": "10/15/2024", "year": 2024, "time_precision": 1, "disorder_type": "Political violence", "event_type": "Explosions/Remote violence", "sub_event_type": "Air/drone strike", "actor1": "Military Forces of Israel (2022-)", "assoc_actor_1": null, "inter1": 8, "actor2": "Civilians (Palestine)", "assoc_actor_2": null, "inter2": 7, "interaction": 78, "civilian_targeting": "Civilian targeting", "iso": 275, "region": "Middle East", "country": "Palestine", "admin1": "Gaza Strip", "admin2": "Gaza City", "admin3": null, "location": "Gaza - Sheikh Radwan", "latitude": 31.5349, "longitude": 34.4667, "geo_precision": 2, "source": "Ma'an News Agency; Palestine News and Information Agency; Quds News Network", "source_scale": "National", "notes": "On 15 October 2024, an Israeli UAV struck the Ahmad Yasin Street north of Gaza City, coded to Gaza - Sheikh Radwan (Gaza City, Gaza Strip), killing 8 Palestinians.", "fatalities": 8, "tags": null, "timestamp": 1759790002 }, "geometry": { "type": "Point", "coordinates": [ 34.4667, 31.5349 ] } },
{ "type": "Feature", "properties": { "event_id_cnty": "PSE61619", "event_date": "10/15/2024", "year": 2024, "time_precision": 1, "disorder_type": "Political violence", "event_type": "Explosions/Remote violence", "sub_event_type": "Air/drone strike", "actor1": "Military Forces of Israel (2022-)", "assoc_actor_1": null, "inter1": 8, "actor2": "Civilians (Palestine)", "assoc_actor_2": null, "inter2": 7, "interaction": 78, "civilian_targeting": "Civilian targeting", "iso": 275, "region": "Middle East", "country": "Palestine", "admin1": "Gaza Strip", "admin2": "Deir El Balah", "admin3": null, "location": "Al Burayj", "latitude": 31.4394, "longitude": 34.4031, "geo_precision": 2, "source": "Quds News Network", "source_scale": "National", "notes": "On 15 October 2024, at around 13:12, Israeli warplanes struck house east of Al Burayj Camp (Deir El Balah, Gaza Strip). Casualties unknown.", "fatalities": 0, "tags": null, "timestamp": 1753956638 }, "geometry": { "type": "Point", "coordinates": [ 34.4031, 31.4394 ] } },
{ "type": "Feature", "properties": { "event_id_cnty": "PSE61620", "event_date": "10/15/2024", "year": 2024, "time_precision": 1, "disorder_type": "Political violence", "event_type": "Explosions/Remote violence", "sub_event_type": "Air/drone strike", "actor1": "Military Forces of Israel (2022-)", "assoc_actor_1": null, "inter1": 8, "actor2": "Civilians (Palestine)", "assoc_actor_2": null, "inter2": 7, "interaction": 78, "civilian_targeting": "Civilian targeting", "iso": 275, "region": "Middle East", "country": "Palestine", "admin1": "Gaza Strip", "admin2": "Gaza City", "admin3": null, "location": "Gaza - Shujaiyya", "latitude": 31.4988, "longitude": 34.4699, "geo_precision": 1, "source": "Quds News Network", "source_scale": "National", "notes": "On 15 October 2024, at around 15:36, Israeli UAV struck a group of Palestinians in Al Manshourah area of Gaza - Shujaiyya (Gaza City, Gaza Strip), causing a critical injury.", "fatalities": 0, "tags": null, "timestamp": 1759790002 }, "geometry": { "type": "Point", "coordinates": [ 34.4699, 31.4988 ] } },
{ "type": "Feature", "properties": { "event_id_cnty": "PSE61624", "event_date": "10/15/2024", "year": 2024, "time_precision": 1, "disorder_type": "Political violence", "event_type": "Explosions/Remote violence", "sub_event_type": "Shelling/artillery/missile attack", "actor1": "Military Forces of Israel (2022-)", "assoc_actor_1": null, "inter1": 8, "actor2": "Civilians (Palestine)", "assoc_actor_2": "Refugees/IDPs (Palestine)", "inter2": 7, "interaction": 78, "civilian_targeting": "Civilian targeting", "iso": 275, "region": "Middle East", "country": "Palestine", "admin1": "Gaza Strip", "admin2": "Gaza City", "admin3": null, "location": "Gaza - Ash Shati' Camp", "latitude": 31.5349, "longitude": 34.4466, "geo_precision": 1, "source": "Quds News Network", "source_scale": "National", "notes": "On 15 October 2024, at around 10:49, Israeli artillery shelled a group of people in Gaza - Ash Shati' Camp (Gaza City, Gaza Strip), causing injuries.", "fatalities": 0, "tags": null, "timestamp": 1759790002 }, "geometry": { "type": "Point", "coordinates": [ 34.4466, 31.5349 ] } },
{ "type": "Feature", "properties": { "event_id_cnty": "PSE61627", "event_date": "10/15/2024", "year": 2024, "time_precision": 1, "disorder_type": "Political violence", "event_type": "Explosions/Remote violence", "sub_event_type": "Air/drone strike", "actor1": "Military Forces of Israel (2022-)", "assoc_actor_1": null, "inter1": 8, "actor2": "Civilians (Palestine)", "assoc_actor_2": null, "inter2": 7, "interaction": 78, "civilian_targeting": "Civilian targeting", "iso": 275, "region": "Middle East", "country": "Palestine", "admin1": "Gaza Strip", "admin2": "North Gaza", "admin3": null, "location": "Jabalya Camp", "latitude": 31.536, "longitude": 34.4907, "geo_precision": 2, "source": "Newpress; Palestine News and Information Agency; Quds News Network; Twitter", "source_scale": "New media-National", "notes": "On 15 October 2024, Israeli warplanes struck a house in al Falouja area west Jabalya Camp (North Gaza, Gaza Strip), killing 12 Palestinians and injuring others.", "fatalities": 12, "tags": null, "timestamp": 1753956638 }, "geometry": { "type": "Point", "coordinates": [ 34.4907, 31.536 ] } },
{ "type": "Feature", "properties": { "event_id_cnty": "PSE61575", "event_date": "10/15/2024", "year": 2024, "time_precision": 1, "disorder_type": "Political violence", "event_type": "Explosions/Remote violence", "sub_event_type": "Air/drone strike", "actor1": "Military Forces of Israel (2022-)", "assoc_actor_1": null, "inter1": 8, "actor2": "Civilians (Palestine)", "assoc_actor_2": null, "inter2": 7, "interaction": 78, "civilian_targeting": "Civilian targeting", "iso": 275, "region": "Middle East", "country": "Palestine", "admin1": "Gaza Strip", "admin2": "Gaza City", "admin3": null, "location": "Gaza - Az Zaytun", "latitude": 31.4964, "longitude": 34.4522, "geo_precision": 1, "source": "Palestine News and Information Agency; Quds News Network", "source_scale": "National", "notes": "On 15 October 2024, at around 3:30,Israeli warplanes struck a house near the Salah al-Din mosque in Gaza - Az Zaytun (Gaza City, Gaza Strip), killing 3 Palestinians and injuring others. Also, at around 15:53, a UAV struck and killed an elderly Palestinian in Az Zaytun. Total fatalities 4.", "fatalities": 4, "tags": null, "timestamp": 1759790002 }, "geometry": { "type": "Point", "coordinates": [ 34.4522, 31.4964 ] } },
{ "type": "Feature", "properties": { "event_id_cnty": "PSE61605", "event_date": "10/15/2024", "year": 2024, "time_precision": 1, "disorder_type": "Political violence", "event_type": "Explosions/Remote violence", "sub_event_type": "Air/drone strike", "actor1": "Military Forces of Israel (2022-)", "assoc_actor_1": null, "inter1": 8, "actor2": "Civilians (Palestine)", "assoc_actor_2": null, "inter2": 7, "interaction": 78, "civilian_targeting": "Civilian targeting", "iso": 275, "region": "Middle East", "country": "Palestine", "admin1": "Gaza Strip", "admin2": "Gaza City", "admin3": null, "location": "Gaza - Tal el Hawa", "latitude": 31.5041, "longitude": 34.435, "geo_precision": 2, "source": "Palestine News and Information Agency; Quds News Network", "source_scale": "National", "notes": "On 15 October 2024, at around 00:36, Israeli warplanes struck a residential complex in Al Senaa area southwest of Gaza City, coded to Gaza - Tal el Hawa (Gaza City, Gaza Strip), killing at least 2 Palestinians.", "fatalities": 2, "tags": null, "timestamp": 1759790002 }, "geometry": { "type": "Point", "coordinates": [ 34.435, 31.5041 ] } },
{ "type": "Feature", "properties": { "event_id_cnty": "PSE61607", "event_date": "10/15/2024", "year": 2024, "time_precision": 1, "disorder_type": "Political violence", "event_type": "Explosions/Remote violence", "sub_event_type": "Air/drone strike", "actor1": "Military Forces of Israel (2022-)", "assoc_actor_1": null, "inter1": 8, "actor2": "Civilians (Palestine)", "assoc_actor_2": null, "inter2": 7, "interaction": 78, "civilian_targeting": "Civilian targeting", "iso": 275, "region": "Middle East", "country": "Palestine", "admin1": "Gaza Strip", "admin2": "North Gaza", "admin3": null, "location": "Jabalya", "latitude": 31.5272, "longitude": 34.4835, "geo_precision": 1, "source": "Palestine News and Information Agency", "source_scale": "National", "notes": "On 15 October 2024, Israeli warplanes struck a target near the Nuaaman mosque in the Nazalla of Jabalya town (North Gaza, Gaza Strip), killing one Palestinian.", "fatalities": 1, "tags": null, "timestamp": 1759790002 }, "geometry": { "type": "Point", "coordinates": [ 34.4835, 31.5272 ] } },
{ "type": "Feature", "properties": { "event_id_cnty": "PSE61612", "event_date": "10/15/2024", "year": 2024, "time_precision": 1, "disorder_type": "Political violence", "event_type": "Explosions/Remote violence", "sub_event_type": "Air/drone strike", "actor1": "Military Forces of Israel (2022-)", "assoc_actor_1": null, "inter1": 8, "actor2": "Civilians (Palestine)", "assoc_actor_2": null, "inter2": 7, "interaction": 78, "civilian_targeting": "Civilian targeting", "iso": 275, "region": "Middle East", "country": "Palestine", "admin1": "Gaza Strip", "admin2": "North Gaza", "admin3": null, "location": "Jabalya - Tel-Zaatar", "latitude": 31.5367, "longitude": 34.5035, "geo_precision": 1, "source": "Ma'an News Agency; Palestine News and Information Agency; Quds News Network", "source_scale": "National", "notes": "On 15 October 2024, Israeli warplanes struck a house in Jabalya - Tel-Zaatar (North Gaza, Gaza Strip), causing injuries.", "fatalities": 0, "tags": null, "timestamp": 1759790002 }, "geometry": { "type": "Point", "coordinates": [ 34.5035, 31.5367 ] } },
{ "type": "Feature", "properties": { "event_id_cnty": "PSE61652", "event_date": "10/15/2024", "year": 2024, "time_precision": 1, "disorder_type": "Political violence", "event_type": "Explosions/Remote violence", "sub_event_type": "Air/drone strike", "actor1": "Military Forces of Israel (2022-)", "assoc_actor_1": null, "inter1": 8, "actor2": "Civilians (Palestine)", "assoc_actor_2": null, "inter2": 7, "interaction": 78, "civilian_targeting": "Civilian targeting", "iso": 275, "region": "Middle East", "country": "Palestine", "admin1": "Gaza Strip", "admin2": "Khan Yunis", "admin3": null, "location": "Bani Suheila", "latitude": 31.3424, "longitude": 34.325, "geo_precision": 1, "source": "Palestine News and Information Agency; Quds News Network", "source_scale": "National", "notes": "On 15 October 2024, at around 00:11, Israeli warplanes struck a house in Bani Suheila (Khan Yunis, Gaza Strip), killing at least 11 Palestinians and injuring a number of others. Also, around 17:09, 3 Palestinians were killed in an airstrike that targeted a house. Total fatalities were at least 14.", "fatalities": 14, "tags": null, "timestamp": 1753956638 }, "geometry": { "type": "Point", "coordinates": [ 34.325, 31.3424 ] } },
{ "type": "Feature", "properties": { "event_id_cnty": "PSE77358", "event_date": "10/15/2024", "year": 2024, "time_precision": 1, "disorder_type": "Political violence", "event_type": "Violence against civilians", "sub_event_type": "Attack", "actor1": "Unidentified Communal Militia (Palestine)", "assoc_actor_1": null, "inter1": 4, "actor2": "Civilians (Palestine)", "assoc_actor_2": "Labor Group (Palestine)", "inter2": 7, "interaction": 47, "civilian_targeting": "Civilian targeting", "iso": 275, "region": "Middle East", "country": "Palestine", "admin1": "Gaza Strip", "admin2": "Rafah", "admin3": null, "location": "Rafah", "latitude": 31.287, "longitude": 34.2595, "geo_precision": 2, "source": "Washington Post", "source_scale": "International", "notes": "On 15 October 2024, an unidentified group of armed (coded as Unidentified Communal Militia) opened fire at aid convoy ansd looted aid trucks in Rafah area (Gaza Strip). The attackers killed and injured several drivers and transport personnel [unspecified number of fatalities coded as 3]. These trucks had entered southern Gaza through the Israeli Kerem Shalom Crossing. This event involved violence over aid.", "fatalities": 3, "tags": null, "timestamp": 1762829569 }, "geometry": { "type": "Point", "coordinates": [ 34.2595, 31.287 ] } },
{ "type": "Feature", "properties": { "event_id_cnty": "PSE61600", "event_date": "10/15/2024", "year": 2024, "time_precision": 1, "disorder_type": "Political violence", "event_type": "Explosions/Remote violence", "sub_event_type": "Air/drone strike", "actor1": "Military Forces of Israel (2022-)", "assoc_actor_1": null, "inter1": 8, "actor2": "Civilians (Palestine)", "assoc_actor_2": null, "inter2": 7, "interaction": 78, "civilian_targeting": "Civilian targeting", "iso": 275, "region": "Middle East", "country": "Palestine", "admin1": "Gaza Strip", "admin2": "Rafah", "admin3": null, "location": "Yibna", "latitude": 31.2842, "longitude": 34.2482, "geo_precision": 2, "source": "PLO Negotiations Affairs Department; Quds News Network", "source_scale": "Other-National", "notes": "On 15 October 2024, Israeli UAVs struck members of aid security committees in Al Mashro area east of Rafah, causing 5 injuries. Also, artillery and tanks shelled targets east of Rafah, coded to Yibna (Rafah, Gaza Strip). Casualties unknown. This event involved violence over aid.", "fatalities": 0, "tags": null, "timestamp": 1756156113 }, "geometry": { "type": "Point", "coordinates": [ 34.2482, 31.2842 ] } },
{ "type": "Feature", "properties": { "event_id_cnty": "PSE61628", "event_date": "10/16/2024", "year": 2024, "time_precision": 1, "disorder_type": "Political violence", "event_type": "Explosions/Remote violence", "sub_event_type": "Air/drone strike", "actor1": "Military Forces of Israel (2022-)", "assoc_actor_1": null, "inter1": 8, "actor2": "Civilians (Palestine)", "assoc_actor_2": null, "inter2": 7, "interaction": 78, "civilian_targeting": "Civilian targeting", "iso": 275, "region": "Middle East", "country": "Palestine", "admin1": "Gaza Strip", "admin2": "Deir El Balah", "admin3": null, "location": "Az Zawayda", "latitude": 31.4284, "longitude": 34.366, "geo_precision": 1, "source": "Ma'an News Agency; Newpress; Palestine News and Information Agency; Quds News Network; Twitter", "source_scale": "New media-National", "notes": "On 16 October 2024, at around 13:00, an Israeli UAV struck a passing car in Az Zawayda (Deir El Balah, Gaza Strip), killing 2 Palestinians and injuring others.", "fatalities": 2, "tags": null, "timestamp": 1767742780 }, "geometry": { "type": "Point", "coordinates": [ 34.366, 31.4284 ] } },
{ "type": "Feature", "properties": { "event_id_cnty": "PSE61633", "event_date": "10/16/2024", "year": 2024, "time_precision": 1, "disorder_type": "Political violence", "event_type": "Explosions/Remote violence", "sub_event_type": "Air/drone strike", "actor1": "Military Forces of Israel (2022-)", "assoc_actor_1": null, "inter1": 8, "actor2": "Civilians (Palestine)", "assoc_actor_2": null, "inter2": 7, "interaction": 78, "civilian_targeting": "Civilian targeting", "iso": 275, "region": "Middle East", "country": "Palestine", "admin1": "Gaza Strip", "admin2": "North Gaza", "admin3": null, "location": "Jabalya Camp", "latitude": 31.536, "longitude": 34.4907, "geo_precision": 2, "source": "Quds News Network", "source_scale": "National", "notes": "On 16 October 2024, Israeli helicopters opened fire at houses east of Jabalya Camp (North Gaza, Gaza Strip) amid artillery shelling. Casualties unknown.", "fatalities": 0, "tags": null, "timestamp": 1753956638 }, "geometry": { "type": "Point", "coordinates": [ 34.4907, 31.536 ] } },
{ "type": "Feature", "properties": { "event_id_cnty": "PSE61641", "event_date": "10/16/2024", "year": 2024, "time_precision": 1, "disorder_type": "Political violence", "event_type": "Explosions/Remote violence", "sub_event_type": "Shelling/artillery/missile attack", "actor1": "Military Forces of Israel (2022-)", "assoc_actor_1": null, "inter1": 8, "actor2": "Civilians (Palestine)", "assoc_actor_2": null, "inter2": 7, "interaction": 78, "civilian_targeting": "Civilian targeting", "iso": 275, "region": "Middle East", "country": "Palestine", "admin1": "Gaza Strip", "admin2": "Rafah", "admin3": null, "location": "Shokat as Sufi", "latitude": 31.2586, "longitude": 34.2824, "geo_precision": 2, "source": "Newpress; Quds News Network; Twitter", "source_scale": "New media-National", "notes": "On 16 October 2024, at around 10:51, Israeli forces killed 2 Palestinians near Shokat as Sufi (Rafah, Gaza Strip).", "fatalities": 2, "tags": null, "timestamp": 1753956638 }, "geometry": { "type": "Point", "coordinates": [ 34.2824, 31.2586 ] } },
{ "type": "Feature", "properties": { "event_id_cnty": "PSE61642", "event_date": "10/16/2024", "year": 2024, "time_precision": 1, "disorder_type": "Political violence", "event_type": "Explosions/Remote violence", "sub_event_type": "Air/drone strike", "actor1": "Military Forces of Israel (2022-)", "assoc_actor_1": null, "inter1": 8, "actor2": "Civilians (Palestine)", "assoc_actor_2": null, "inter2": 7, "interaction": 78, "civilian_targeting": "Civilian targeting", "iso": 275, "region": "Middle East", "country": "Palestine", "admin1": "Gaza Strip", "admin2": "Rafah", "admin3": null, "location": "An Nasr", "latitude": 31.2814, "longitude": 34.3025, "geo_precision": 1, "source": "Quds News Network", "source_scale": "National", "notes": "On 16 October 2024, at around 12:30, Israeli warplanes struck a site in An Nasr (Rafah, Gaza Strip), causing one injury.", "fatalities": 0, "tags": null, "timestamp": 1753956638 }, "geometry": { "type": "Point", "coordinates": [ 34.3025, 31.2814 ] } },
{ "type": "Feature", "properties": { "event_id_cnty": "PSE61645", "event_date": "10/16/2024", "year": 2024, "time_precision": 1, "disorder_type": "Political violence", "event_type": "Explosions/Remote violence", "sub_event_type": "Shelling/artillery/missile attack", "actor1": "Military Forces of Israel (2022-)", "assoc_actor_1": null, "inter1": 8, "actor2": "Civilians (Palestine)", "assoc_actor_2": null, "inter2": 7, "interaction": 78, "civilian_targeting": "Civilian targeting", "iso": 275, "region": "Middle East", "country": "Palestine", "admin1": "Gaza Strip", "admin2": "Gaza City", "admin3": null, "location": "Gaza - Sabra", "latitude": 31.5086, "longitude": 34.4493, "geo_precision": 1, "source": "Newpress; Quds News Network; Twitter", "source_scale": "New media-National", "notes": "On 16 October 2024, at around 11:39, Israeli artillery shelled a house in Gaza - Sabra (Gaza City, Gaza Strip). There were no casualties.", "fatalities": 0, "tags": null, "timestamp": 1759790002 }, "geometry": { "type": "Point", "coordinates": [ 34.4493, 31.5086 ] } },
{ "type": "Feature", "properties": { "event_id_cnty": "PSE61649", "event_date": "10/16/2024", "year": 2024, "time_precision": 1, "disorder_type": "Political violence", "event_type": "Explosions/Remote violence", "sub_event_type": "Air/drone strike", "actor1": "Military Forces of Israel (2022-)", "assoc_actor_1": null, "inter1": 8, "actor2": "Civilians (Palestine)", "assoc_actor_2": null, "inter2": 7, "interaction": 78, "civilian_targeting": "Civilian targeting", "iso": 275, "region": "Middle East", "country": "Palestine", "admin1": "Gaza Strip", "admin2": "Gaza City", "admin3": null, "location": "Gaza - Southern Remal", "latitude": 31.5168, "longitude": 34.4355, "geo_precision": 2, "source": "Quds News Network", "source_scale": "National", "notes": "On 16 October 2024, Israeli warplanes struck a house west of Gaza City, coded to Gaza - Southern Remal (Gaza City, Gaza Strip), killing 2 Palestinians.", "fatalities": 2, "tags": null, "timestamp": 1759790002 }, "geometry": { "type": "Point", "coordinates": [ 34.4355, 31.5168 ] } },
{ "type": "Feature", "properties": { "event_id_cnty": "PSE61687", "event_date": "10/16/2024", "year": 2024, "time_precision": 1, "disorder_type": "Political violence", "event_type": "Explosions/Remote violence", "sub_event_type": "Air/drone strike", "actor1": "Military Forces of Israel (2022-)", "assoc_actor_1": null, "inter1": 8, "actor2": "Civilians (Palestine)", "assoc_actor_2": null, "inter2": 7, "interaction": 78, "civilian_targeting": "Civilian targeting", "iso": 275, "region": "Middle East", "country": "Palestine", "admin1": "Gaza Strip", "admin2": "Gaza City", "admin3": null, "location": "Gaza - Nasr", "latitude": 31.534, "longitude": 34.4574, "geo_precision": 1, "source": "Al-Ittihad; Arab 48; Ma'an News Agency; Palestine News and Information Agency; Quds News Network", "source_scale": "National-Regional", "notes": "On 16 October 2024, at around 5:00, Israeli warplanes struck a house in Gaza - Nasr (Gaza City, Gaza Strip), killing 13 Palestinians and injuring others.", "fatalities": 13, "tags": null, "timestamp": 1753956638 }, "geometry": { "type": "Point", "coordinates": [ 34.4574, 31.534 ] } },
{ "type": "Feature", "properties": { "event_id_cnty": "PSE61637", "event_date": "10/16/2024", "year": 2024, "time_precision": 1, "disorder_type": "Political violence", "event_type": "Explosions/Remote violence", "sub_event_type": "Shelling/artillery/missile attack", "actor1": "Military Forces of Israel (2022-)", "assoc_actor_1": null, "inter1": 8, "actor2": "Civilians (Palestine)", "assoc_actor_2": null, "inter2": 7, "interaction": 78, "civilian_targeting": "Civilian targeting", "iso": 275, "region": "Middle East", "country": "Palestine", "admin1": "Gaza Strip", "admin2": "Rafah", "admin3": null, "location": "Yibna", "latitude": 31.2842, "longitude": 34.2482, "geo_precision": 2, "source": "Ma'an News Agency; PLO Negotiations Affairs Department", "source_scale": "Other-National", "notes": "On 16 October 2024, Israeli artillery and tanks shelled targets east of Rafah, coded to Yibna (Rafah, Gaza Strip). Casualties unknown. Also, Israeli forces [likely tanks] opened fire and killed 2 Palestinians east of Rafah. Fatalities coded at least 2.", "fatalities": 2, "tags": null, "timestamp": 1753956638 }, "geometry": { "type": "Point", "coordinates": [ 34.2482, 31.2842 ] } },
{ "type": "Feature", "properties": { "event_id_cnty": "PSE61618", "event_date": "10/16/2024", "year": 2024, "time_precision": 1, "disorder_type": "Political violence", "event_type": "Explosions/Remote violence", "sub_event_type": "Air/drone strike", "actor1": "Military Forces of Israel (2022-)", "assoc_actor_1": null, "inter1": 8, "actor2": "Civilians (Palestine)", "assoc_actor_2": null, "inter2": 7, "interaction": 78, "civilian_targeting": "Civilian targeting", "iso": 275, "region": "Middle East", "country": "Palestine", "admin1": "Gaza Strip", "admin2": "Gaza City", "admin3": null, "location": "Gaza - Tal el Hawa", "latitude": 31.5041, "longitude": 34.435, "geo_precision": 2, "source": "Palestine News and Information Agency; Quds News Network", "source_scale": "National", "notes": "On 16 October 2024, Israeli warplanes struck a house in Al Senaa area southwest of Gaza, coded to Gaza - Tal el Hawa (Gaza City, Gaza Strip), killing 8 Palestinians.", "fatalities": 8, "tags": null, "timestamp": 1759790002 }, "geometry": { "type": "Point", "coordinates": [ 34.435, 31.5041 ] } },
{ "type": "Feature", "properties": { "event_id_cnty": "PSE61632", "event_date": "10/16/2024", "year": 2024, "time_precision": 1, "disorder_type": "Political violence", "event_type": "Explosions/Remote violence", "sub_event_type": "Air/drone strike", "actor1": "Military Forces of Israel (2022-)", "assoc_actor_1": null, "inter1": 8, "actor2": "Civilians (Palestine)", "assoc_actor_2": null, "inter2": 7, "interaction": 78, "civilian_targeting": "Civilian targeting", "iso": 275, "region": "Middle East", "country": "Palestine", "admin1": "Gaza Strip", "admin2": "Gaza City", "admin3": null, "location": "Gaza - Az Zaytun", "latitude": 31.4964, "longitude": 34.4522, "geo_precision": 1, "source": "Ma'an News Agency", "source_scale": "National", "notes": "On 16 October 2024, Israeli warplanes struck an apartment in Gaza - Az Zaytun (Gaza City, Gaza Strip), causing injuries.", "fatalities": 0, "tags": null, "timestamp": 1759790002 }, "geometry": { "type": "Point", "coordinates": [ 34.4522, 31.4964 ] } },
{ "type": "Feature", "properties": { "event_id_cnty": "PSE61651", "event_date": "10/16/2024", "year": 2024, "time_precision": 1, "disorder_type": "Political violence", "event_type": "Explosions/Remote violence", "sub_event_type": "Air/drone strike", "actor1": "Military Forces of Israel (2022-)", "assoc_actor_1": null, "inter1": 8, "actor2": "Civilians (Palestine)", "assoc_actor_2": null, "inter2": 7, "interaction": 78, "civilian_targeting": "Civilian targeting", "iso": 275, "region": "Middle East", "country": "Palestine", "admin1": "Gaza Strip", "admin2": "Rafah", "admin3": null, "location": "Khirbet al Adas", "latitude": 31.2855, "longitude": 34.2714, "geo_precision": 1, "source": "Arab 48; Quds News Network", "source_scale": "National", "notes": "On 16 October 2024, Israeli warplanes struck a house in Khirbet al Adas (Rafah, Gaza Strip). Casualties unknown.", "fatalities": 0, "tags": null, "timestamp": 1753956638 }, "geometry": { "type": "Point", "coordinates": [ 34.2714, 31.2855 ] } },
{ "type": "Feature", "properties": { "event_id_cnty": "PSE61656", "event_date": "10/17/2024", "year": 2024, "time_precision": 1, "disorder_type": "Political violence", "event_type": "Explosions/Remote violence", "sub_event_type": "Air/drone strike", "actor1": "Military Forces of Israel (2022-)", "assoc_actor_1": null, "inter1": 8, "actor2": "Civilians (Palestine)", "assoc_actor_2": "Refugees/IDPs (Palestine)", "inter2": 7, "interaction": 78, "civilian_targeting": "Civilian targeting", "iso": 275, "region": "Middle East", "country": "Palestine", "admin1": "Gaza Strip", "admin2": "Deir El Balah", "admin3": null, "location": "Deir al Balah Camp", "latitude": 31.4249, "longitude": 34.34, "geo_precision": 2, "source": "Newpress; Palestine News and Information Agency; PLO Negotiations Affairs Department; Quds News Network; Twitter", "source_scale": "Other-New media", "notes": "On 17 October 2024, Israeli warplanes struck a tent at the gate of school that hosts displaced people in Al Heker area east of Deir al Balah, killing 3 Palestinians and leaving a number of injuries. Artillery and tanks shelled targets east of Deir al Balah, coded to Deir al Balah Camp (Deir El Balah, Gaza Strip). Casualties unknown. Fatalities coded at least 3.", "fatalities": 3, "tags": null, "timestamp": 1765850627 }, "geometry": { "type": "Point", "coordinates": [ 34.34, 31.4249 ] } },
{ "type": "Feature", "properties": { "event_id_cnty": "PSE61666", "event_date": "10/17/2024", "year": 2024, "time_precision": 1, "disorder_type": "Political violence", "event_type": "Explosions/Remote violence", "sub_event_type": "Air/drone strike", "actor1": "Military Forces of Israel (2022-)", "assoc_actor_1": null, "inter1": 8, "actor2": "Civilians (Palestine)", "assoc_actor_2": null, "inter2": 7, "interaction": 78, "civilian_targeting": "Civilian targeting", "iso": 275, "region": "Middle East", "country": "Palestine", "admin1": "Gaza Strip", "admin2": "Gaza City", "admin3": null, "location": "Gaza - Southern Remal", "latitude": 31.5168, "longitude": 34.4355, "geo_precision": 2, "source": "Palestine News and Information Agency; Quds News Network", "source_scale": "National", "notes": "On 17 October 2024, Israeli warplanes struck a target near Al Saraya junction west of Gaza City, coded to Gaza - Southern Remal (Gaza City, Gaza Strip), killing 2 Palestinians.", "fatalities": 2, "tags": null, "timestamp": 1759790002 }, "geometry": { "type": "Point", "coordinates": [ 34.4355, 31.5168 ] } },
{ "type": "Feature", "properties": { "event_id_cnty": "PSE61667", "event_date": "10/17/2024", "year": 2024, "time_precision": 1, "disorder_type": "Political violence", "event_type": "Explosions/Remote violence", "sub_event_type": "Air/drone strike", "actor1": "Military Forces of Israel (2022-)", "assoc_actor_1": null, "inter1": 8, "actor2": "Civilians (Palestine)", "assoc_actor_2": "Refugees/IDPs (Palestine)", "inter2": 7, "interaction": 78, "civilian_targeting": "Civilian targeting", "iso": 275, "region": "Middle East", "country": "Palestine", "admin1": "Gaza Strip", "admin2": "Deir El Balah", "admin3": null, "location": "Al Maghazi", "latitude": 31.4214, "longitude": 34.3865, "geo_precision": 1, "source": "Newpress; Palestine News and Information Agency; Quds News Network; Twitter", "source_scale": "New media-National", "notes": "On 17 October 2024, Israeli warplanes struck a house in Al Maghazi Camp (Deir El Balah, Gaza Strip), killing 10 Palestinians, including women and children.", "fatalities": 10, "tags": null, "timestamp": 1753956638 }, "geometry": { "type": "Point", "coordinates": [ 34.3865, 31.4214 ] } },
{ "type": "Feature", "properties": { "event_id_cnty": "PSE61674", "event_date": "10/17/2024", "year": 2024, "time_precision": 1, "disorder_type": "Political violence", "event_type": "Explosions/Remote violence", "sub_event_type": "Air/drone strike", "actor1": "Military Forces of Israel (2022-)", "assoc_actor_1": null, "inter1": 8, "actor2": "Civilians (Palestine)", "assoc_actor_2": null, "inter2": 7, "interaction": 78, "civilian_targeting": "Civilian targeting", "iso": 275, "region": "Middle East", "country": "Palestine", "admin1": "Gaza Strip", "admin2": "Khan Yunis", "admin3": null, "location": "Khan Yunis - West (Municipal Stadium)", "latitude": 31.3484, "longitude": 34.2961, "geo_precision": 1, "source": "Quds News Network", "source_scale": "National", "notes": "On 17 October 2024, Israeli warplanes struck the al-Namsawi area west of Khan Yunis (coded to Khan Yunis - West (Municipal Stadium), Gaza Strip), killing a Palestinian.", "fatalities": 1, "tags": null, "timestamp": 1753956638 }, "geometry": { "type": "Point", "coordinates": [ 34.2961, 31.3484 ] } },
{ "type": "Feature", "properties": { "event_id_cnty": "PSE61679", "event_date": "10/17/2024", "year": 2024, "time_precision": 1, "disorder_type": "Political violence", "event_type": "Explosions/Remote violence", "sub_event_type": "Air/drone strike", "actor1": "Military Forces of Israel (2022-)", "assoc_actor_1": null, "inter1": 8, "actor2": "Civilians (Palestine)", "assoc_actor_2": "Refugees/IDPs (Palestine)", "inter2": 7, "interaction": 78, "civilian_targeting": "Civilian targeting", "iso": 275, "region": "Middle East", "country": "Palestine", "admin1": "Gaza Strip", "admin2": "Gaza City", "admin3": null, "location": "Gaza - Ash Shati' Camp", "latitude": 31.5349, "longitude": 34.4466, "geo_precision": 1, "source": "Al Ghad (Jordan); Palestine News and Information Agency; Quds News Network", "source_scale": "National-Regional", "notes": "On 17 October 2024, Israeli warplanes struck a house in Gaza - Ash Shati' Camp (Gaza City, Gaza Strip), causing injuries and fatalities, including children. Unspecified number of fatalities coded as 3.", "fatalities": 3, "tags": null, "timestamp": 1759790002 }, "geometry": { "type": "Point", "coordinates": [ 34.4466, 31.5349 ] } },
{ "type": "Feature", "properties": { "event_id_cnty": "PSE61660", "event_date": "10/17/2024", "year": 2024, "time_precision": 1, "disorder_type": "Political violence", "event_type": "Explosions/Remote violence", "sub_event_type": "Shelling/artillery/missile attack", "actor1": "Military Forces of Israel (2022-)", "assoc_actor_1": null, "inter1": 8, "actor2": "Civilians (Palestine)", "assoc_actor_2": "Refugees/IDPs (Palestine)", "inter2": 7, "interaction": 78, "civilian_targeting": "Civilian targeting", "iso": 275, "region": "Middle East", "country": "Palestine", "admin1": "Gaza Strip", "admin2": "North Gaza", "admin3": null, "location": "Sheikh Zaid", "latitude": 31.5392, "longitude": 34.5117, "geo_precision": 2, "source": "Al-Ittihad; Palestine News and Information Agency; Quds News Network", "source_scale": "National-Regional", "notes": "On 17 October 2024, Israeli artillery fired shelled and phosphorus bombs at Khalifa School that hosts displaced people near the Sheikh Zaid (North Gaza, Gaza Strip), killing at least one Palestinian.", "fatalities": 1, "tags": null, "timestamp": 1759790002 }, "geometry": { "type": "Point", "coordinates": [ 34.5117, 31.5392 ] } },
{ "type": "Feature", "properties": { "event_id_cnty": "PSE65412", "event_date": "10/17/2024", "year": 2024, "time_precision": 1, "disorder_type": "Political violence", "event_type": "Violence against civilians", "sub_event_type": "Attack", "actor1": "Unidentified Armed Group (Palestine)", "assoc_actor_1": null, "inter1": 3, "actor2": "Civilians (Palestine)", "assoc_actor_2": "Aid Workers (Palestine)", "inter2": 7, "interaction": 37, "civilian_targeting": "Civilian targeting", "iso": 275, "region": "Middle East", "country": "Palestine", "admin1": "Gaza Strip", "admin2": "Khan Yunis", "admin3": null, "location": "Khan Yunis", "latitude": 31.3502, "longitude": 34.3081, "geo_precision": 1, "source": "Aid Worker Security Database", "source_scale": "Local partner-Other", "notes": "On 17 October 2024, one aid worker (driver) was beaten by unknown armed men in Khan Yunis, Gaza Strip. This event involved violence over aid.", "fatalities": 0, "tags": null, "timestamp": 1752544352 }, "geometry": { "type": "Point", "coordinates": [ 34.3081, 31.3502 ] } },
{ "type": "Feature", "properties": { "event_id_cnty": "PSE61579", "event_date": "10/18/2024", "year": 2024, "time_precision": 1, "disorder_type": "Political violence", "event_type": "Explosions/Remote violence", "sub_event_type": "Air/drone strike", "actor1": "Military Forces of Israel (2022-)", "assoc_actor_1": null, "inter1": 8, "actor2": "Civilians (Palestine)", "assoc_actor_2": null, "inter2": 7, "interaction": 78, "civilian_targeting": "Civilian targeting", "iso": 275, "region": "Middle East", "country": "Palestine", "admin1": "Gaza Strip", "admin2": "Gaza City", "admin3": null, "location": "Gaza - Nasr", "latitude": 31.534, "longitude": 34.4574, "geo_precision": 1, "source": "Palestine News and Information Agency", "source_scale": "National", "notes": "On 18 October 2024, Israeli UAVs struck a house in Gaza - Nasr (Gaza City, Gaza Strip), killing 4 Palestinians including children.", "fatalities": 4, "tags": null, "timestamp": 1753956638 }, "geometry": { "type": "Point", "coordinates": [ 34.4574, 31.534 ] } },
{ "type": "Feature", "properties": { "event_id_cnty": "PSE61690", "event_date": "10/18/2024", "year": 2024, "time_precision": 1, "disorder_type": "Political violence", "event_type": "Explosions/Remote violence", "sub_event_type": "Air/drone strike", "actor1": "Military Forces of Israel (2022-)", "assoc_actor_1": null, "inter1": 8, "actor2": "Civilians (Palestine)", "assoc_actor_2": "Refugees/IDPs (Palestine)", "inter2": 7, "interaction": 78, "civilian_targeting": "Civilian targeting", "iso": 275, "region": "Middle East", "country": "Palestine", "admin1": "Gaza Strip", "admin2": "North Gaza", "admin3": null, "location": "Jabalya Camp", "latitude": 31.536, "longitude": 34.4907, "geo_precision": 1, "source": "Arab 48; Ma'an News Agency; Newpress; Palestine News and Information Agency; Quds News Network; Twitter", "source_scale": "New media-National", "notes": "On 18 October 2024, Israeli warplanes struck a target in Al Fakhoura of Jabalya Camp (North Gaza, Gaza Strip), killing at least 3 Palestinians. Also, warplanes struck several houses amid artillery shelling, leaving 13 injuries. In total , al least 11 Palestinians were killed in Jabalya Camp. In addition, at around 23:00, at least 30 Palestinians were killed [including 20 women] in an airstrike that targeted a house in the camp. Total fatalities at least 41.", "fatalities": 41, "tags": null, "timestamp": 1753956638 }, "geometry": { "type": "Point", "coordinates": [ 34.4907, 31.536 ] } },
{ "type": "Feature", "properties": { "event_id_cnty": "PSE61691", "event_date": "10/18/2024", "year": 2024, "time_precision": 1, "disorder_type": "Political violence", "event_type": "Explosions/Remote violence", "sub_event_type": "Air/drone strike", "actor1": "Military Forces of Israel (2022-)", "assoc_actor_1": null, "inter1": 8, "actor2": "Civilians (Palestine)", "assoc_actor_2": null, "inter2": 7, "interaction": 78, "civilian_targeting": "Civilian targeting", "iso": 275, "region": "Middle East", "country": "Palestine", "admin1": "Gaza Strip", "admin2": "North Gaza", "admin3": null, "location": "Beit Lahiya", "latitude": 31.5541, "longitude": 34.5016, "geo_precision": 1, "source": "Palestine News and Information Agency; Quds News Network", "source_scale": "National", "notes": "On 18 October 2024, Israeli warplanes near Kamal Odwan Hospital in Beit Lahiya (North Gaza, Gaza Strip). Casualties unknown. Also, warplanes struck a house in al-Shaymaa area, injuring 7 Palestinians.", "fatalities": 0, "tags": null, "timestamp": 1753956638 }, "geometry": { "type": "Point", "coordinates": [ 34.5016, 31.5541 ] } },
{ "type": "Feature", "properties": { "event_id_cnty": "PSE61692", "event_date": "10/18/2024", "year": 2024, "time_precision": 1, "disorder_type": "Political violence", "event_type": "Explosions/Remote violence", "sub_event_type": "Air/drone strike", "actor1": "Military Forces of Israel (2022-)", "assoc_actor_1": null, "inter1": 8, "actor2": "Civilians (Palestine)", "assoc_actor_2": "Refugees/IDPs (Palestine)", "inter2": 7, "interaction": 78, "civilian_targeting": "Civilian targeting", "iso": 275, "region": "Middle East", "country": "Palestine", "admin1": "Gaza Strip", "admin2": "Deir El Balah", "admin3": null, "location": "Al Maghazi", "latitude": 31.4214, "longitude": 34.3865, "geo_precision": 1, "source": "Newpress; Palestine News and Information Agency; Quds News Network; Twitter", "source_scale": "New media-National", "notes": "On 18 October 2024, Israeli warplanes struck a house in Al Maghazi Camp (Deir El Balah, Gaza Strip), killing at least 8 Palestinians and causing injuries.", "fatalities": 8, "tags": null, "timestamp": 1753956638 }, "geometry": { "type": "Point", "coordinates": [ 34.3865, 31.4214 ] } },
{ "type": "Feature", "properties": { "event_id_cnty": "PSE61696", "event_date": "10/18/2024", "year": 2024, "time_precision": 1, "disorder_type": "Political violence", "event_type": "Explosions/Remote violence", "sub_event_type": "Air/drone strike", "actor1": "Military Forces of Israel (2022-)", "assoc_actor_1": null, "inter1": 8, "actor2": "Civilians (Palestine)", "assoc_actor_2": null, "inter2": 7, "interaction": 78, "civilian_targeting": "Civilian targeting", "iso": 275, "region": "Middle East", "country": "Palestine", "admin1": "Gaza Strip", "admin2": "Gaza City", "admin3": null, "location": "Gaza - Sheikh Radwan", "latitude": 31.5349, "longitude": 34.4667, "geo_precision": 2, "source": "Quds News Network", "source_scale": "National", "notes": "On 18 October 2024, Israeli warplanes struck a house in Al Saftawi area north of Gaza City, Coded to Gaza - Sheikh Radwan (Gaza City, Gaza Strip), leaving injuries.", "fatalities": 0, "tags": null, "timestamp": 1759790002 }, "geometry": { "type": "Point", "coordinates": [ 34.4667, 31.5349 ] } },
{ "type": "Feature", "properties": { "event_id_cnty": "PSE61698", "event_date": "10/18/2024", "year": 2024, "time_precision": 1, "disorder_type": "Political violence", "event_type": "Explosions/Remote violence", "sub_event_type": "Shelling/artillery/missile attack", "actor1": "Military Forces of Israel (2022-)", "assoc_actor_1": null, "inter1": 8, "actor2": "Civilians (Palestine)", "assoc_actor_2": null, "inter2": 7, "interaction": 78, "civilian_targeting": "Civilian targeting", "iso": 275, "region": "Middle East", "country": "Palestine", "admin1": "Gaza Strip", "admin2": "North Gaza", "admin3": null, "location": "Beit Lahiya - Al Mashroo", "latitude": 31.5433, "longitude": 34.4998, "geo_precision": 1, "source": "Newpress; Quds News Network; Twitter", "source_scale": "New media-National", "notes": "On 18 October 2024, Israeli artillery shelled the Fakhoura of Beit Lahiya - Al Mashroo (North Gaza, Gaza Strip), leaving injuries.", "fatalities": 0, "tags": null, "timestamp": 1753956638 }, "geometry": { "type": "Point", "coordinates": [ 34.4998, 31.5433 ] } },
{ "type": "Feature", "properties": { "event_id_cnty": "PSE61706", "event_date": "10/18/2024", "year": 2024, "time_precision": 1, "disorder_type": "Political violence", "event_type": "Explosions/Remote violence", "sub_event_type": "Air/drone strike", "actor1": "Military Forces of Israel (2022-)", "assoc_actor_1": null, "inter1": 8, "actor2": "Civilians (Palestine)", "assoc_actor_2": null, "inter2": 7, "interaction": 78, "civilian_targeting": "Civilian targeting", "iso": 275, "region": "Middle East", "country": "Palestine", "admin1": "Gaza Strip", "admin2": "Gaza City", "admin3": null, "location": "Gaza - Southern Remal", "latitude": 31.5168, "longitude": 34.4355, "geo_precision": 2, "source": "Newpress; Quds News Network; Twitter", "source_scale": "New media-National", "notes": "On 18 October 2024, Israeli warplanes struck at Tareq Ibn Ziyad Street west of Gaza City, coded to Gaza - Southern Remal (Gaza City, Gaza Strip), killing 2 Palestinians.", "fatalities": 2, "tags": null, "timestamp": 1759790002 }, "geometry": { "type": "Point", "coordinates": [ 34.4355, 31.5168 ] } },
{ "type": "Feature", "properties": { "event_id_cnty": "PSE61708", "event_date": "10/18/2024", "year": 2024, "time_precision": 1, "disorder_type": "Political violence", "event_type": "Explosions/Remote violence", "sub_event_type": "Air/drone strike", "actor1": "Military Forces of Israel (2022-)", "assoc_actor_1": null, "inter1": 8, "actor2": "Civilians (Palestine)", "assoc_actor_2": null, "inter2": 7, "interaction": 78, "civilian_targeting": "Civilian targeting", "iso": 275, "region": "Middle East", "country": "Palestine", "admin1": "Gaza Strip", "admin2": "Gaza City", "admin3": null, "location": "Gaza - At Tuffah", "latitude": 31.5134, "longitude": 34.4751, "geo_precision": 2, "source": "Arab 48", "source_scale": "National", "notes": "On 18 October 2024, Israeli warplanes struck and killed a Palestinian in Al Zarqa area north of Gaza - At Tuffah (Gaza City, Gaza Strip).", "fatalities": 1, "tags": null, "timestamp": 1759790002 }, "geometry": { "type": "Point", "coordinates": [ 34.4751, 31.5134 ] } },
{ "type": "Feature", "properties": { "event_id_cnty": "PSE61685", "event_date": "10/18/2024", "year": 2024, "time_precision": 1, "disorder_type": "Political violence", "event_type": "Explosions/Remote violence", "sub_event_type": "Air/drone strike", "actor1": "Military Forces of Israel (2022-)", "assoc_actor_1": null, "inter1": 8, "actor2": "Civilians (Palestine)", "assoc_actor_2": null, "inter2": 7, "interaction": 78, "civilian_targeting": "Civilian targeting", "iso": 275, "region": "Middle East", "country": "Palestine", "admin1": "Gaza Strip", "admin2": "Rafah", "admin3": null, "location": "Yibna", "latitude": 31.2842, "longitude": 34.2482, "geo_precision": 2, "source": "PLO Negotiations Affairs Department; Quds News Network", "source_scale": "Other-National", "notes": "On 18 October 2024, an Israeli UAV struck and killed a Palestinian east of Rafah. Also, Israeli artillery and tanks shelled targets east of Rafah, coded to Yibna (Rafah, Gaza Strip). Casualties unknown. Fatalities coded at least 1.", "fatalities": 1, "tags": null, "timestamp": 1753956638 }, "geometry": { "type": "Point", "coordinates": [ 34.2482, 31.2842 ] } },
{ "type": "Feature", "properties": { "event_id_cnty": "PSE61688", "event_date": "10/18/2024", "year": 2024, "time_precision": 1, "disorder_type": "Political violence", "event_type": "Explosions/Remote violence", "sub_event_type": "Air/drone strike", "actor1": "Military Forces of Israel (2022-)", "assoc_actor_1": null, "inter1": 8, "actor2": "Civilians (Palestine)", "assoc_actor_2": null, "inter2": 7, "interaction": 78, "civilian_targeting": "Civilian targeting", "iso": 275, "region": "Middle East", "country": "Palestine", "admin1": "Gaza Strip", "admin2": "Gaza City", "admin3": null, "location": "Gaza - Az Zaytun", "latitude": 31.4964, "longitude": 34.4522, "geo_precision": 2, "source": "Palestine News and Information Agency; Quds News Network", "source_scale": "National", "notes": "On 18 October 2024, Israeli warplanes struck targets in Wadi al-Arayes area east of Gaza - Az Zaytun (Gaza City, Gaza Strip), killing 2 Palestinians. Also, artillery shelled south of Az Zaytun [casualties unknown]. Fatalities coded at least 2.", "fatalities": 2, "tags": null, "timestamp": 1759790002 }, "geometry": { "type": "Point", "coordinates": [ 34.4522, 31.4964 ] } },
{ "type": "Feature", "properties": { "event_id_cnty": "PSE61689", "event_date": "10/18/2024", "year": 2024, "time_precision": 1, "disorder_type": "Political violence", "event_type": "Explosions/Remote violence", "sub_event_type": "Air/drone strike", "actor1": "Military Forces of Israel (2022-)", "assoc_actor_1": null, "inter1": 8, "actor2": "Civilians (Palestine)", "assoc_actor_2": null, "inter2": 7, "interaction": 78, "civilian_targeting": "Civilian targeting", "iso": 275, "region": "Middle East", "country": "Palestine", "admin1": "Gaza Strip", "admin2": "Gaza City", "admin3": null, "location": "Gaza - Tal el Hawa", "latitude": 31.5041, "longitude": 34.435, "geo_precision": 1, "source": "Palestine News and Information Agency; Quds News Network", "source_scale": "National", "notes": "On 18 October 2024, Israeli warplanes struck a house in near Abu Mazen roundabout in Gaza - Tal el Hawa (Gaza City, Gaza Strip), causing injuries.", "fatalities": 0, "tags": null, "timestamp": 1759790002 }, "geometry": { "type": "Point", "coordinates": [ 34.435, 31.5041 ] } },
{ "type": "Feature", "properties": { "event_id_cnty": "PSE61694", "event_date": "10/18/2024", "year": 2024, "time_precision": 1, "disorder_type": "Political violence", "event_type": "Explosions/Remote violence", "sub_event_type": "Air/drone strike", "actor1": "Military Forces of Israel (2022-)", "assoc_actor_1": null, "inter1": 8, "actor2": "Civilians (Palestine)", "assoc_actor_2": null, "inter2": 7, "interaction": 78, "civilian_targeting": "Civilian targeting", "iso": 275, "region": "Middle East", "country": "Palestine", "admin1": "Gaza Strip", "admin2": "North Gaza", "admin3": null, "location": "Jabalya", "latitude": 31.5272, "longitude": 34.4835, "geo_precision": 1, "source": "Newpress; Quds News Network; Twitter", "source_scale": "New media-National", "notes": "On 18 October 2024, Israeli warplanes struck targets in Jabalya town (North Gaza, Gaza Strip). Casualties unknown. One Palestinian was killed in Jabalya town while attempting to enter Jabalya Camp. Fatalities coded at least 1.", "fatalities": 1, "tags": null, "timestamp": 1759790002 }, "geometry": { "type": "Point", "coordinates": [ 34.4835, 31.5272 ] } },
{ "type": "Feature", "properties": { "event_id_cnty": "PSE65413", "event_date": "10/18/2024", "year": 2024, "time_precision": 1, "disorder_type": "Political violence", "event_type": "Explosions/Remote violence", "sub_event_type": "Air/drone strike", "actor1": "Military Forces of Israel (2022-)", "assoc_actor_1": null, "inter1": 8, "actor2": "Civilians (Palestine)", "assoc_actor_2": null, "inter2": 7, "interaction": 78, "civilian_targeting": "Civilian targeting", "iso": 275, "region": "Middle East", "country": "Palestine", "admin1": "Gaza Strip", "admin2": "Gaza City", "admin3": null, "location": "Gaza", "latitude": 31.5045, "longitude": 34.4743, "geo_precision": 3, "source": "Aid Worker Security Database", "source_scale": "Local partner-Other", "notes": "On 18 October 2024, one aid worker (likely aid security committees) was killed during an Israeli airstrike in Gaza Strip (coded to Gaza City). This event involved violence over aid.", "fatalities": 1, "tags": null, "timestamp": 1759790002 }, "geometry": { "type": "Point", "coordinates": [ 34.4743, 31.5045 ] } },
{ "type": "Feature", "properties": { "event_id_cnty": "PSE61932", "event_date": "10/19/2024", "year": 2024, "time_precision": 1, "disorder_type": "Political violence", "event_type": "Explosions/Remote violence", "sub_event_type": "Air/drone strike", "actor1": "Military Forces of Israel (2022-)", "assoc_actor_1": null, "inter1": 8, "actor2": "Civilians (Palestine)", "assoc_actor_2": "Refugees/IDPs (Palestine)", "inter2": 7, "interaction": 78, "civilian_targeting": "Civilian targeting", "iso": 275, "region": "Middle East", "country": "Palestine", "admin1": "Gaza Strip", "admin2": "Deir El Balah", "admin3": null, "location": "Al Maghazi", "latitude": 31.4214, "longitude": 34.3865, "geo_precision": 1, "source": "Quds News Network", "source_scale": "National", "notes": "On 19 October 2024, at around 1:34, Israeli warplanes struck a house in Al Maghazi Camp (Deir El Balah, Gaza Strip), killing 3 Palestinians.", "fatalities": 3, "tags": null, "timestamp": 1753956638 }, "geometry": { "type": "Point", "coordinates": [ 34.3865, 31.4214 ] } },
{ "type": "Feature", "properties": { "event_id_cnty": "PSE61944", "event_date": "10/19/2024", "year": 2024, "time_precision": 1, "disorder_type": "Political violence", "event_type": "Explosions/Remote violence", "sub_event_type": "Air/drone strike", "actor1": "Military Forces of Israel (2022-)", "assoc_actor_1": null, "inter1": 8, "actor2": "Civilians (Palestine)", "assoc_actor_2": "Refugees/IDPs (Palestine)", "inter2": 7, "interaction": 78, "civilian_targeting": "Civilian targeting", "iso": 275, "region": "Middle East", "country": "Palestine", "admin1": "Gaza Strip", "admin2": "Deir El Balah", "admin3": null, "location": "An Nusayrat", "latitude": 31.4486, "longitude": 34.3925, "geo_precision": 1, "source": "Palestine News and Information Agency; Quds News Network", "source_scale": "National", "notes": "On 19 October 2024, Israeli warplanes carried out airstrikes in An Nusayrat Camp (Deir El Balah, Gaza Strip), killing 3 Palestinians.", "fatalities": 3, "tags": null, "timestamp": 1753956638 }, "geometry": { "type": "Point", "coordinates": [ 34.3925, 31.4486 ] } },
{ "type": "Feature", "properties": { "event_id_cnty": "PSE61945", "event_date": "10/19/2024", "year": 2024, "time_precision": 1, "disorder_type": "Political violence", "event_type": "Explosions/Remote violence", "sub_event_type": "Air/drone strike", "actor1": "Military Forces of Israel (2022-)", "assoc_actor_1": null, "inter1": 8, "actor2": "Civilians (Palestine)", "assoc_actor_2": null, "inter2": 7, "interaction": 78, "civilian_targeting": "Civilian targeting", "iso": 275, "region": "Middle East", "country": "Palestine", "admin1": "Gaza Strip", "admin2": "Deir El Balah", "admin3": null, "location": "An Nusayrat - West", "latitude": 31.4525, "longitude": 34.3756, "geo_precision": 1, "source": "Ma'an News Agency; Newpress; Palestine News and Information Agency; Quds News Network; Twitter", "source_scale": "New media-National", "notes": "On 19 October 2024, Israeli warplanes carried out airstrikes (including a house) in An Nausayrat - West (Deir El Balah, Gaza Strip). Casualties unknown. Also, a Palestinian child was killed in artillery fire targeted An Nusayrat - West. Total fatalities coded at least 1.", "fatalities": 1, "tags": null, "timestamp": 1753956638 }, "geometry": { "type": "Point", "coordinates": [ 34.3756, 31.4525 ] } },
{ "type": "Feature", "properties": { "event_id_cnty": "PSE61950", "event_date": "10/19/2024", "year": 2024, "time_precision": 1, "disorder_type": "Political violence", "event_type": "Explosions/Remote violence", "sub_event_type": "Air/drone strike", "actor1": "Military Forces of Israel (2022-)", "assoc_actor_1": null, "inter1": 8, "actor2": "Civilians (Palestine)", "assoc_actor_2": "Health Workers (Palestine)", "inter2": 7, "interaction": 78, "civilian_targeting": "Civilian targeting", "iso": 275, "region": "Middle East", "country": "Palestine", "admin1": "Gaza Strip", "admin2": "North Gaza", "admin3": null, "location": "Beit Lahiya", "latitude": 31.5541, "longitude": 34.5016, "geo_precision": 1, "source": "Newpress; Palestine News and Information Agency; Quds News Network; Twitter", "source_scale": "New media-National", "notes": "On 19 October 2024, Israeli warplanes carried out strikes in Beit Lahiya [casualties unknown]. Israeli tanks surrounded and shelled the Indonesian Hospital complex in Beit Lahiya (North Gaza, Gaza Strip), injuring a number of health workers and causing damage to its wall and other facilities including the generator. Casualties unknown. Also, Israeli tanks shelled the entrance of Kamal Odwan Hospital lab in Beit Lahiya, killing 2 Palestinians and injuring others. Total fatalities coded at least 2.", "fatalities": 2, "tags": null, "timestamp": 1753956638 }, "geometry": { "type": "Point", "coordinates": [ 34.5016, 31.5541 ] } },
{ "type": "Feature", "properties": { "event_id_cnty": "PSE61997", "event_date": "10/19/2024", "year": 2024, "time_precision": 1, "disorder_type": "Political violence", "event_type": "Explosions/Remote violence", "sub_event_type": "Air/drone strike", "actor1": "Military Forces of Israel (2022-)", "assoc_actor_1": null, "inter1": 8, "actor2": "Civilians (Palestine)", "assoc_actor_2": "Refugees/IDPs (Palestine)", "inter2": 7, "interaction": 78, "civilian_targeting": "Civilian targeting", "iso": 275, "region": "Middle East", "country": "Palestine", "admin1": "Gaza Strip", "admin2": "Deir El Balah", "admin3": null, "location": "Deir al Balah", "latitude": 31.4178, "longitude": 34.3503, "geo_precision": 1, "source": "Newpress; Palestine News and Information Agency; Twitter", "source_scale": "New media-National", "notes": "On 19 October 2024, Israeli warplanes struck a tent belongs to displaced people in Deir al Balah city (Deir El Balah, Gaza Strip), causing 5 injuries.", "fatalities": 0, "tags": null, "timestamp": 1753956638 }, "geometry": { "type": "Point", "coordinates": [ 34.3503, 31.4178 ] } },
{ "type": "Feature", "properties": { "event_id_cnty": "PSE62011", "event_date": "10/19/2024", "year": 2024, "time_precision": 1, "disorder_type": "Political violence", "event_type": "Explosions/Remote violence", "sub_event_type": "Shelling/artillery/missile attack", "actor1": "Military Forces of Israel (2022-)", "assoc_actor_1": null, "inter1": 8, "actor2": "Civilians (Palestine)", "assoc_actor_2": null, "inter2": 7, "interaction": 78, "civilian_targeting": "Civilian targeting", "iso": 275, "region": "Middle East", "country": "Palestine", "admin1": "Gaza Strip", "admin2": "Khan Yunis", "admin3": null, "location": "Bani Suheila", "latitude": 31.3424, "longitude": 34.325, "geo_precision": 2, "source": "Palestine News and Information Agency; PLO Negotiations Affairs Department", "source_scale": "Other-National", "notes": "On 19 October 2024, Israeli artillery and tanks shelled targets east of Khan Yunis, coded to Bani Suheila (Khan Yunis, Gaza Strip), killing 4 Palestinians.", "fatalities": 4, "tags": null, "timestamp": 1753956638 }, "geometry": { "type": "Point", "coordinates": [ 34.325, 31.3424 ] } },
{ "type": "Feature", "properties": { "event_id_cnty": "PSE62022", "event_date": "10/19/2024", "year": 2024, "time_precision": 1, "disorder_type": "Political violence", "event_type": "Explosions/Remote violence", "sub_event_type": "Air/drone strike", "actor1": "Military Forces of Israel (2022-)", "assoc_actor_1": null, "inter1": 8, "actor2": "Civilians (Palestine)", "assoc_actor_2": "Refugees/IDPs (Palestine)", "inter2": 7, "interaction": 78, "civilian_targeting": "Civilian targeting", "iso": 275, "region": "Middle East", "country": "Palestine", "admin1": "Gaza Strip", "admin2": "Gaza City", "admin3": null, "location": "Gaza - Ash Shati' Camp", "latitude": 31.5349, "longitude": 34.4466, "geo_precision": 1, "source": "Dunia Al Watan; Newpress; Palestine News and Information Agency; Quds News Network; Twitter", "source_scale": "New media-National", "notes": "On 19 October 2024, Israeli warplanes struck the Asma School that hosts displaced people in Gaza - Ash Shati' Camp (Gaza City, Gaza Strip), killing 7 Palestinians and injuring others.", "fatalities": 7, "tags": null, "timestamp": 1759790002 }, "geometry": { "type": "Point", "coordinates": [ 34.4466, 31.5349 ] } },
{ "type": "Feature", "properties": { "event_id_cnty": "PSE62076", "event_date": "10/19/2024", "year": 2024, "time_precision": 1, "disorder_type": "Political violence", "event_type": "Explosions/Remote violence", "sub_event_type": "Air/drone strike", "actor1": "Military Forces of Israel (2022-)", "assoc_actor_1": null, "inter1": 8, "actor2": "Civilians (Palestine)", "assoc_actor_2": "Refugees/IDPs (Palestine)", "inter2": 7, "interaction": 78, "civilian_targeting": "Civilian targeting", "iso": 275, "region": "Middle East", "country": "Palestine", "admin1": "Gaza Strip", "admin2": "North Gaza", "admin3": null, "location": "Jabalya Camp", "latitude": 31.536, "longitude": 34.4907, "geo_precision": 1, "source": "Ma'an News Agency; Palestine News and Information Agency; Quds News Network", "source_scale": "National", "notes": "On 19 October 2024, Israeli warplanes struck a house in Al Alami area of Jabalya Camp (North Gaza, Gaza Strip), killing 5 Palestinians and injuring others. Also, warplanes struck the Abu Hussain School hosts displaced people, causing fire and there were no casualties. In addition, the artillery shelled targets in the camp, causing injuries. Total confirmed fatalities 5.", "fatalities": 5, "tags": null, "timestamp": 1753956638 }, "geometry": { "type": "Point", "coordinates": [ 34.4907, 31.536 ] } },
{ "type": "Feature", "properties": { "event_id_cnty": "PSE62064", "event_date": "10/19/2024", "year": 2024, "time_precision": 1, "disorder_type": "Political violence", "event_type": "Explosions/Remote violence", "sub_event_type": "Air/drone strike", "actor1": "Military Forces of Israel (2022-)", "assoc_actor_1": null, "inter1": 8, "actor2": "Civilians (Palestine)", "assoc_actor_2": null, "inter2": 7, "interaction": 78, "civilian_targeting": "Civilian targeting", "iso": 275, "region": "Middle East", "country": "Palestine", "admin1": "Gaza Strip", "admin2": "North Gaza", "admin3": null, "location": "Jabalya", "latitude": 31.5272, "longitude": 34.4835, "geo_precision": 1, "source": "Palestine News and Information Agency; Quds News Network", "source_scale": "National", "notes": "On 19 October 2024, Israeli warplanes struck several houses in Jabalya town, including Al Nazleh (North Gaza, Gaza Strip), killing 5 Palestinians and injuring others, including children.", "fatalities": 5, "tags": null, "timestamp": 1759790002 }, "geometry": { "type": "Point", "coordinates": [ 34.4835, 31.5272 ] } },
{ "type": "Feature", "properties": { "event_id_cnty": "PSE62074", "event_date": "10/19/2024", "year": 2024, "time_precision": 1, "disorder_type": "Political violence", "event_type": "Explosions/Remote violence", "sub_event_type": "Air/drone strike", "actor1": "Military Forces of Israel (2022-)", "assoc_actor_1": null, "inter1": 8, "actor2": "Civilians (Palestine)", "assoc_actor_2": "Health Workers (Palestine); Refugees/IDPs (Palestine)", "inter2": 7, "interaction": 78, "civilian_targeting": "Civilian targeting", "iso": 275, "region": "Middle East", "country": "Palestine", "admin1": "Gaza Strip", "admin2": "North Gaza", "admin3": null, "location": "Jabalya - Tel-Zaatar", "latitude": 31.5367, "longitude": 34.5035, "geo_precision": 1, "source": "Ma'an News Agency; Palestine News and Information Agency; Quds News Network", "source_scale": "National", "notes": "On 19 October 2024, Israeli artillery shelled the Al Awad Hospital in Jabalya - Tel-Zaatar (North Gaza, Gaza Strip), injuring a number of health workers. Also, UAVs opened fire at the tents of displaced people in the Al Awda Hospital. Casualties unknown.", "fatalities": 0, "tags": null, "timestamp": 1759790002 }, "geometry": { "type": "Point", "coordinates": [ 34.5035, 31.5367 ] } },
{ "type": "Feature", "properties": { "event_id_cnty": "PSE62115", "event_date": "10/19/2024", "year": 2024, "time_precision": 1, "disorder_type": "Political violence", "event_type": "Explosions/Remote violence", "sub_event_type": "Air/drone strike", "actor1": "Military Forces of Israel (2022-)", "assoc_actor_1": null, "inter1": 8, "actor2": "Civilians (Palestine)", "assoc_actor_2": "Refugees/IDPs (Palestine)", "inter2": 7, "interaction": 78, "civilian_targeting": "Civilian targeting", "iso": 275, "region": "Middle East", "country": "Palestine", "admin1": "Gaza Strip", "admin2": "Rafah", "admin3": null, "location": "Rafah Camp", "latitude": 31.2847, "longitude": 34.2546, "geo_precision": 1, "source": "Palestine News and Information Agency", "source_scale": "National", "notes": "On 19 October 2024, an Israeli UAV struck a target in Al Shaboura camp of Rafah Camp (Rafah, Gaza Strip), killing 2 Palestinians.", "fatalities": 2, "tags": null, "timestamp": 1753956638 }, "geometry": { "type": "Point", "coordinates": [ 34.2546, 31.2847 ] } },
{ "type": "Feature", "properties": { "event_id_cnty": "PSE62190", "event_date": "10/19/2024", "year": 2024, "time_precision": 1, "disorder_type": "Political violence", "event_type": "Explosions/Remote violence", "sub_event_type": "Shelling/artillery/missile attack", "actor1": "Military Forces of Israel (2022-)", "assoc_actor_1": null, "inter1": 8, "actor2": "Civilians (Palestine)", "assoc_actor_2": null, "inter2": 7, "interaction": 78, "civilian_targeting": "Civilian targeting", "iso": 275, "region": "Middle East", "country": "Palestine", "admin1": "Gaza Strip", "admin2": "Rafah", "admin3": null, "location": "Khirbet al Adas", "latitude": 31.2855, "longitude": 34.2714, "geo_precision": 1, "source": "Palestine News and Information Agency", "source_scale": "National", "notes": "On 19 October 2024, Israeli forces [likely tanks] shelled the Khirbet al Adas (Rafah, Gaza Strip), killing a Palestinian.", "fatalities": 1, "tags": null, "timestamp": 1753956638 }, "geometry": { "type": "Point", "coordinates": [ 34.2714, 31.2855 ] } },
{ "type": "Feature", "properties": { "event_id_cnty": "PSE65414", "event_date": "10/19/2024", "year": 2024, "time_precision": 1, "disorder_type": "Political violence", "event_type": "Explosions/Remote violence", "sub_event_type": "Air/drone strike", "actor1": "Military Forces of Israel (2022-)", "assoc_actor_1": null, "inter1": 8, "actor2": "Civilians (Palestine)", "assoc_actor_2": null, "inter2": 7, "interaction": 78, "civilian_targeting": "Civilian targeting", "iso": 275, "region": "Middle East", "country": "Palestine", "admin1": "Gaza Strip", "admin2": "Khan Yunis", "admin3": null, "location": "Khuzaa", "latitude": 31.3069, "longitude": 34.3572, "geo_precision": 1, "source": "Aid Worker Security Database", "source_scale": "Local partner-Other", "notes": "On 19 October 2024, Israeli army airstrikes targeted a marked civilian vehicle carrying aid workers in Khuzaa (Khan Yunis, Gaza Strip). 4 workers (likely members of aid security committees) were killed in the attack. This event involved violence over aid.", "fatalities": 4, "tags": null, "timestamp": 1756156113 }, "geometry": { "type": "Point", "coordinates": [ 34.3572, 31.3069 ] } },
{ "type": "Feature", "properties": { "event_id_cnty": "PSE61943", "event_date": "10/20/2024", "year": 2024, "time_precision": 1, "disorder_type": "Political violence", "event_type": "Explosions/Remote violence", "sub_event_type": "Air/drone strike", "actor1": "Military Forces of Israel (2022-)", "assoc_actor_1": null, "inter1": 8, "actor2": "Civilians (Palestine)", "assoc_actor_2": null, "inter2": 7, "interaction": 78, "civilian_targeting": "Civilian targeting", "iso": 275, "region": "Middle East", "country": "Palestine", "admin1": "Gaza Strip", "admin2": "Rafah", "admin3": null, "location": "Al Mawasi (Rafah)", "latitude": 31.3294, "longitude": 34.2299, "geo_precision": 1, "source": "Palestine News and Information Agency", "source_scale": "National", "notes": "On 20 October 2024, an Israeli UAV struck a group of people in (Al Mawasi (Rafah), Gaza Strip), killing 2 Palestinians.", "fatalities": 2, "tags": null, "timestamp": 1762829569 }, "geometry": { "type": "Point", "coordinates": [ 34.2299, 31.3294 ] } },
{ "type": "Feature", "properties": { "event_id_cnty": "PSE61946", "event_date": "10/20/2024", "year": 2024, "time_precision": 1, "disorder_type": "Political violence", "event_type": "Explosions/Remote violence", "sub_event_type": "Air/drone strike", "actor1": "Military Forces of Israel (2022-)", "assoc_actor_1": null, "inter1": 8, "actor2": "Civilians (Palestine)", "assoc_actor_2": "Refugees/IDPs (Palestine)", "inter2": 7, "interaction": 78, "civilian_targeting": "Civilian targeting", "iso": 275, "region": "Middle East", "country": "Palestine", "admin1": "Gaza Strip", "admin2": "Deir El Balah", "admin3": null, "location": "Az Zawayda", "latitude": 31.4284, "longitude": 34.366, "geo_precision": 1, "source": "Quds News Network", "source_scale": "National", "notes": "On 20 October 2024, Israeli warplanes struck a house hosting displaced people in Az Zawayda (Deir El Balah, Gaza Strip), causing injuries.", "fatalities": 0, "tags": null, "timestamp": 1767742780 }, "geometry": { "type": "Point", "coordinates": [ 34.366, 31.4284 ] } },
{ "type": "Feature", "properties": { "event_id_cnty": "PSE61951", "event_date": "10/20/2024", "year": 2024, "time_precision": 1, "disorder_type": "Political violence", "event_type": "Explosions/Remote violence", "sub_event_type": "Air/drone strike", "actor1": "Military Forces of Israel (2022-)", "assoc_actor_1": null, "inter1": 8, "actor2": "Civilians (Palestine)", "assoc_actor_2": null, "inter2": 7, "interaction": 78, "civilian_targeting": "Civilian targeting", "iso": 275, "region": "Middle East", "country": "Palestine", "admin1": "Gaza Strip", "admin2": "North Gaza", "admin3": null, "location": "Beit Lahiya", "latitude": 31.5541, "longitude": 34.5016, "geo_precision": 1, "source": "Palestine News and Information Agency", "source_scale": "National", "notes": "On 20 October 2024, Israeli warplanes struck near the police station of Beit Lahiya (North Gaza, Gaza Strip), injuring 7 Palestinians including a girl.", "fatalities": 0, "tags": null, "timestamp": 1753956638 }, "geometry": { "type": "Point", "coordinates": [ 34.5016, 31.5541 ] } },
{ "type": "Feature", "properties": { "event_id_cnty": "PSE61964", "event_date": "10/20/2024", "year": 2024, "time_precision": 1, "disorder_type": "Political violence", "event_type": "Explosions/Remote violence", "sub_event_type": "Shelling/artillery/missile attack", "actor1": "Military Forces of Israel (2022-)", "assoc_actor_1": null, "inter1": 8, "actor2": "Civilians (Palestine)", "assoc_actor_2": "Refugees/IDPs (Palestine)", "inter2": 7, "interaction": 78, "civilian_targeting": "Civilian targeting", "iso": 275, "region": "Middle East", "country": "Palestine", "admin1": "Gaza Strip", "admin2": "Deir El Balah", "admin3": null, "location": "Al Burayj", "latitude": 31.4394, "longitude": 34.4031, "geo_precision": 1, "source": "Newpress; Quds News Network; Twitter", "source_scale": "New media-National", "notes": "On 20 October 2024, Israeli artillery shelled the Al Burayj Camp (Deir El Balah, Gaza Strip), causing injuries.", "fatalities": 0, "tags": null, "timestamp": 1753956638 }, "geometry": { "type": "Point", "coordinates": [ 34.4031, 31.4394 ] } },
{ "type": "Feature", "properties": { "event_id_cnty": "PSE62012", "event_date": "10/20/2024", "year": 2024, "time_precision": 1, "disorder_type": "Political violence", "event_type": "Explosions/Remote violence", "sub_event_type": "Air/drone strike", "actor1": "Military Forces of Israel (2022-)", "assoc_actor_1": null, "inter1": 8, "actor2": "Civilians (Palestine)", "assoc_actor_2": null, "inter2": 7, "interaction": 78, "civilian_targeting": "Civilian targeting", "iso": 275, "region": "Middle East", "country": "Palestine", "admin1": "Gaza Strip", "admin2": "Deir El Balah", "admin3": null, "location": "Deir al Balah", "latitude": 31.4178, "longitude": 34.3503, "geo_precision": 2, "source": "Palestine News and Information Agency; Quds News Network", "source_scale": "National", "notes": "On 20 October 2024, an Israeli UAV struck a passing car in al Biaa Street, coded to Deir al Balah City (Deir El Balah, Gaza Strip), killing 6 Palestinians.", "fatalities": 6, "tags": null, "timestamp": 1753956638 }, "geometry": { "type": "Point", "coordinates": [ 34.3503, 31.4178 ] } },
{ "type": "Feature", "properties": { "event_id_cnty": "PSE62026", "event_date": "10/20/2024", "year": 2024, "time_precision": 1, "disorder_type": "Political violence", "event_type": "Explosions/Remote violence", "sub_event_type": "Air/drone strike", "actor1": "Military Forces of Israel (2022-)", "assoc_actor_1": null, "inter1": 8, "actor2": "Civilians (Palestine)", "assoc_actor_2": null, "inter2": 7, "interaction": 78, "civilian_targeting": "Civilian targeting", "iso": 275, "region": "Middle East", "country": "Palestine", "admin1": "Gaza Strip", "admin2": "Gaza City", "admin3": null, "location": "Gaza - Ash Shati' Camp", "latitude": 31.5349, "longitude": 34.4466, "geo_precision": 2, "source": "Palestine News and Information Agency; Quds News Network", "source_scale": "National", "notes": "On 20 October 2024, Israeli warplanes struck a target in Al Saftawi and al-Karamah areas northwest of Gaza City, coded to Gaza - Ash Shati' Camp (Gaza City, Gaza Strip), killing one Palestinian and injuring a number of others.", "fatalities": 1, "tags": null, "timestamp": 1759790002 }, "geometry": { "type": "Point", "coordinates": [ 34.4466, 31.5349 ] } },
{ "type": "Feature", "properties": { "event_id_cnty": "PSE62027", "event_date": "10/20/2024", "year": 2024, "time_precision": 1, "disorder_type": "Political violence", "event_type": "Explosions/Remote violence", "sub_event_type": "Air/drone strike", "actor1": "Military Forces of Israel (2022-)", "assoc_actor_1": null, "inter1": 8, "actor2": "Civilians (Palestine)", "assoc_actor_2": null, "inter2": 7, "interaction": 78, "civilian_targeting": "Civilian targeting", "iso": 275, "region": "Middle East", "country": "Palestine", "admin1": "Gaza Strip", "admin2": "Gaza City", "admin3": null, "location": "Gaza - At Tuffah", "latitude": 31.5134, "longitude": 34.4751, "geo_precision": 1, "source": "Palestine News and Information Agency; Quds News Network", "source_scale": "National", "notes": "On 20 October 2024, Israeli warplanes struck a group of Palestinians in Gaza - At Tuffah (Gaza City, Gaza Strip), killing and injuring a number of Palestinians [unspecified fatalities coded as 3].", "fatalities": 3, "tags": null, "timestamp": 1759790002 }, "geometry": { "type": "Point", "coordinates": [ 34.4751, 31.5134 ] } },
{ "type": "Feature", "properties": { "event_id_cnty": "PSE62033", "event_date": "10/20/2024", "year": 2024, "time_precision": 1, "disorder_type": "Political violence", "event_type": "Explosions/Remote violence", "sub_event_type": "Air/drone strike", "actor1": "Military Forces of Israel (2022-)", "assoc_actor_1": null, "inter1": 8, "actor2": "Civilians (Palestine)", "assoc_actor_2": null, "inter2": 7, "interaction": 78, "civilian_targeting": "Civilian targeting", "iso": 275, "region": "Middle East", "country": "Palestine", "admin1": "Gaza Strip", "admin2": "Gaza City", "admin3": null, "location": "Gaza - Nasr", "latitude": 31.534, "longitude": 34.4574, "geo_precision": 1, "source": "Palestine News and Information Agency; Quds News Network", "source_scale": "National", "notes": "On 20 October 2024, an Israeli UAV struck in Gaza - Nasr (Gaza City, Gaza Strip), killing 2 Palestinians and injuring others.", "fatalities": 2, "tags": null, "timestamp": 1753956638 }, "geometry": { "type": "Point", "coordinates": [ 34.4574, 31.534 ] } },
{ "type": "Feature", "properties": { "event_id_cnty": "PSE62057", "event_date": "10/20/2024", "year": 2024, "time_precision": 1, "disorder_type": "Political violence", "event_type": "Explosions/Remote violence", "sub_event_type": "Shelling/artillery/missile attack", "actor1": "Military Forces of Israel (2022-)", "assoc_actor_1": null, "inter1": 8, "actor2": "Civilians (Palestine)", "assoc_actor_2": "Refugees/IDPs (Palestine)", "inter2": 7, "interaction": 78, "civilian_targeting": "Civilian targeting", "iso": 275, "region": "Middle East", "country": "Palestine", "admin1": "Gaza Strip", "admin2": "North Gaza", "admin3": null, "location": "Beit Lahiya", "latitude": 31.5541, "longitude": 34.5016, "geo_precision": 2, "source": "Palestine News and Information Agency; Quds News Network", "source_scale": "National", "notes": "On 20 October 2024, Israeli artillery and tanks opened fire at the Hamad School that hosts displaced people near Beit Lahiya (North Gaza, Gaza Strip), causing fire. Also, artillery shelled north of Beit Lahiya. Casualties unknown.", "fatalities": 0, "tags": null, "timestamp": 1753956638 }, "geometry": { "type": "Point", "coordinates": [ 34.5016, 31.5541 ] } },
{ "type": "Feature", "properties": { "event_id_cnty": "PSE62059", "event_date": "10/20/2024", "year": 2024, "time_precision": 1, "disorder_type": "Political violence", "event_type": "Explosions/Remote violence", "sub_event_type": "Shelling/artillery/missile attack", "actor1": "Military Forces of Israel (2022-)", "assoc_actor_1": null, "inter1": 8, "actor2": "Civilians (Palestine)", "assoc_actor_2": null, "inter2": 7, "interaction": 78, "civilian_targeting": "Civilian targeting", "iso": 275, "region": "Middle East", "country": "Palestine", "admin1": "Gaza Strip", "admin2": "North Gaza", "admin3": null, "location": "Beit Lahiya - Al Mashroo", "latitude": 31.5433, "longitude": 34.4998, "geo_precision": 1, "source": "Newpress; Palestine News and Information Agency; Quds News Network; Twitter", "source_scale": "New media-National", "notes": "On 20 October 2024, Israeli artillery shelled a house near the al-Shawwa clinic in Beit Lahiya - Al Mashroo (North Gaza, Gaza Strip), killing a girl and injuring a woman.", "fatalities": 1, "tags": null, "timestamp": 1753956638 }, "geometry": { "type": "Point", "coordinates": [ 34.4998, 31.5433 ] } },
{ "type": "Feature", "properties": { "event_id_cnty": "PSE62078", "event_date": "10/20/2024", "year": 2024, "time_precision": 1, "disorder_type": "Political violence", "event_type": "Explosions/Remote violence", "sub_event_type": "Air/drone strike", "actor1": "Military Forces of Israel (2022-)", "assoc_actor_1": null, "inter1": 8, "actor2": "Civilians (Palestine)", "assoc_actor_2": "Refugees/IDPs (Palestine)", "inter2": 7, "interaction": 78, "civilian_targeting": "Civilian targeting", "iso": 275, "region": "Middle East", "country": "Palestine", "admin1": "Gaza Strip", "admin2": "North Gaza", "admin3": null, "location": "Jabalya Camp", "latitude": 31.536, "longitude": 34.4907, "geo_precision": 1, "source": "Newpress; Palestine News and Information Agency; Quds News Network; Twitter", "source_scale": "New media-National", "notes": "On 20 October 2024, Israeli warplanes including helicopters carried out strikes in Jabalya Camp (North Gaza, Gaza Strip) amid artillery shelling, killing 3 Palestinians and injuring others. Also, artillery and tanks shelled the Abu Hussain School and the Hafsa School that host displaced people, killing and injuring a number of Palestinians [unspecified fatalities coded as 3]. Total fatalities coded as 6 (3 confirmed and 3 unspecified).", "fatalities": 6, "tags": null, "timestamp": 1753956638 }, "geometry": { "type": "Point", "coordinates": [ 34.4907, 31.536 ] } },
{ "type": "Feature", "properties": { "event_id_cnty": "PSE62103", "event_date": "10/20/2024", "year": 2024, "time_precision": 1, "disorder_type": "Political violence", "event_type": "Explosions/Remote violence", "sub_event_type": "Shelling/artillery/missile attack", "actor1": "Military Forces of Israel (2022-)", "assoc_actor_1": null, "inter1": 8, "actor2": "Civilians (Palestine)", "assoc_actor_2": null, "inter2": 7, "interaction": 78, "civilian_targeting": "Civilian targeting", "iso": 275, "region": "Middle East", "country": "Palestine", "admin1": "Gaza Strip", "admin2": "Gaza City", "admin3": null, "location": "Gaza - Sheikh Radwan", "latitude": 31.5349, "longitude": 34.4667, "geo_precision": 1, "source": "Newpress; Palestine News and Information Agency; Quds News Network; Twitter", "source_scale": "New media-National", "notes": "On 20 October 2024, Israeli artillery shelled a group of Palestinians near the clinic of Gaza - Sheikh Radwan (Gaza City, Gaza Strip), causing 4 injuries.", "fatalities": 0, "tags": null, "timestamp": 1759790002 }, "geometry": { "type": "Point", "coordinates": [ 34.4667, 31.5349 ] } },
{ "type": "Feature", "properties": { "event_id_cnty": "PSE62041", "event_date": "10/20/2024", "year": 2024, "time_precision": 1, "disorder_type": "Political violence", "event_type": "Explosions/Remote violence", "sub_event_type": "Air/drone strike", "actor1": "Military Forces of Israel (2022-)", "assoc_actor_1": null, "inter1": 8, "actor2": "Civilians (Palestine)", "assoc_actor_2": null, "inter2": 7, "interaction": 78, "civilian_targeting": "Civilian targeting", "iso": 275, "region": "Middle East", "country": "Palestine", "admin1": "Gaza Strip", "admin2": "Gaza City", "admin3": null, "location": "Gaza - Tal el Hawa", "latitude": 31.5041, "longitude": 34.435, "geo_precision": 2, "source": "Palestine News and Information Agency", "source_scale": "National", "notes": "On 20 October 2024, Israeli warplanes struck a house southwest of Gaza City, coded to Gaza - Tal el Hawa (Gaza City, Gaza Strip), causing 2 injuries.", "fatalities": 0, "tags": null, "timestamp": 1759790002 }, "geometry": { "type": "Point", "coordinates": [ 34.435, 31.5041 ] } },
{ "type": "Feature", "properties": { "event_id_cnty": "PSE62066", "event_date": "10/20/2024", "year": 2024, "time_precision": 1, "disorder_type": "Political violence", "event_type": "Explosions/Remote violence", "sub_event_type": "Air/drone strike", "actor1": "Military Forces of Israel (2022-)", "assoc_actor_1": null, "inter1": 8, "actor2": "Civilians (Palestine)", "assoc_actor_2": null, "inter2": 7, "interaction": 78, "civilian_targeting": "Civilian targeting", "iso": 275, "region": "Middle East", "country": "Palestine", "admin1": "Gaza Strip", "admin2": "North Gaza", "admin3": null, "location": "Jabalya", "latitude": 31.5272, "longitude": 34.4835, "geo_precision": 1, "source": "Newpress; Palestine News and Information Agency; Quds News Network; Twitter", "source_scale": "New media-National", "notes": "On 20 October 2024, Israeli warplanes carried out strikes in Jabalya town (North Gaza, Gaza Strip) amid artillery shelling. 5 Palestinians were killed in Jabalya.", "fatalities": 5, "tags": null, "timestamp": 1759790002 }, "geometry": { "type": "Point", "coordinates": [ 34.4835, 31.5272 ] } },
{ "type": "Feature", "properties": { "event_id_cnty": "PSE62068", "event_date": "10/20/2024", "year": 2024, "time_precision": 1, "disorder_type": "Political violence", "event_type": "Explosions/Remote violence", "sub_event_type": "Air/drone strike", "actor1": "Military Forces of Israel (2022-)", "assoc_actor_1": null, "inter1": 8, "actor2": "Civilians (Palestine)", "assoc_actor_2": null, "inter2": 7, "interaction": 78, "civilian_targeting": "Civilian targeting", "iso": 275, "region": "Middle East", "country": "Palestine", "admin1": "Gaza Strip", "admin2": "North Gaza", "admin3": null, "location": "Jabalya", "latitude": 31.5272, "longitude": 34.4835, "geo_precision": 2, "source": "Palestine News and Information Agency; Quds News Network", "source_scale": "National", "notes": "On 20 October 2024, Israeli warplanes struck in Al Fahkoura area, coded to Jabalya town (North Gaza, Gaza Strip), leaving fatalities and injuries [unspecified number of fatalities coded as 3].", "fatalities": 3, "tags": null, "timestamp": 1759790002 }, "geometry": { "type": "Point", "coordinates": [ 34.4835, 31.5272 ] } },
{ "type": "Feature", "properties": { "event_id_cnty": "PSE62096", "event_date": "10/20/2024", "year": 2024, "time_precision": 1, "disorder_type": "Political violence", "event_type": "Explosions/Remote violence", "sub_event_type": "Air/drone strike", "actor1": "Military Forces of Israel (2022-)", "assoc_actor_1": null, "inter1": 8, "actor2": "Civilians (Palestine)", "assoc_actor_2": null, "inter2": 7, "interaction": 78, "civilian_targeting": "Civilian targeting", "iso": 275, "region": "Middle East", "country": "Palestine", "admin1": "Gaza Strip", "admin2": "Rafah", "admin3": null, "location": "Khirbet al Adas", "latitude": 31.2855, "longitude": 34.2714, "geo_precision": 1, "source": "Palestine News and Information Agency; Quds News Network", "source_scale": "National", "notes": "On 20 October 2024, an Israeli UAV struck a target in Khirbet al Adas (Rafah, Gaza Strip), killing 2 Palestinians. Also, warplanes struck Palestinians near Rimas hall in Khirbet al Adas (Rafah, Gaza Strip), killing 4 Palestinians. Total confirmed fatalities 6.", "fatalities": 6, "tags": null, "timestamp": 1753956638 }, "geometry": { "type": "Point", "coordinates": [ 34.2714, 31.2855 ] } },
{ "type": "Feature", "properties": { "event_id_cnty": "PSE62114", "event_date": "10/20/2024", "year": 2024, "time_precision": 1, "disorder_type": "Political violence", "event_type": "Explosions/Remote violence", "sub_event_type": "Air/drone strike", "actor1": "Military Forces of Israel (2022-)", "assoc_actor_1": null, "inter1": 8, "actor2": "Civilians (Palestine)", "assoc_actor_2": null, "inter2": 7, "interaction": 78, "civilian_targeting": "Civilian targeting", "iso": 275, "region": "Middle East", "country": "Palestine", "admin1": "Gaza Strip", "admin2": "Rafah", "admin3": null, "location": "Rafah", "latitude": 31.287, "longitude": 34.2595, "geo_precision": 1, "source": "Quds News Network", "source_scale": "National", "notes": "On 20 October 2024, Israeli warplanes carried out a strike in the center of Rafah city (Gaza Strip), leaving fatalities and injuries [unspecified fatalities coded as 3]", "fatalities": 3, "tags": null, "timestamp": 1762829569 }, "geometry": { "type": "Point", "coordinates": [ 34.2595, 31.287 ] } },
{ "type": "Feature", "properties": { "event_id_cnty": "PSE61929", "event_date": "10/20/2024", "year": 2024, "time_precision": 1, "disorder_type": "Political violence", "event_type": "Explosions/Remote violence", "sub_event_type": "Air/drone strike", "actor1": "Military Forces of Israel (2022-)", "assoc_actor_1": null, "inter1": 8, "actor2": "Civilians (Palestine)", "assoc_actor_2": null, "inter2": 7, "interaction": 78, "civilian_targeting": "Civilian targeting", "iso": 275, "region": "Middle East", "country": "Palestine", "admin1": "Gaza Strip", "admin2": "Rafah", "admin3": null, "location": "Al Junainah", "latitude": 31.2642, "longitude": 34.2636, "geo_precision": 1, "source": "Quds News Network", "source_scale": "National", "notes": "On 20 October 2024, Israeli warplanes struck a group of people in Al Junainah (Rafah, Gaza Strip), causing injuries.", "fatalities": 0, "tags": null, "timestamp": 1753956638 }, "geometry": { "type": "Point", "coordinates": [ 34.2636, 31.2642 ] } },
{ "type": "Feature", "properties": { "event_id_cnty": "PSE61934", "event_date": "10/21/2024", "year": 2024, "time_precision": 1, "disorder_type": "Political violence", "event_type": "Explosions/Remote violence", "sub_event_type": "Air/drone strike", "actor1": "Military Forces of Israel (2022-)", "assoc_actor_1": null, "inter1": 8, "actor2": "Civilians (Palestine)", "assoc_actor_2": "Refugees/IDPs (Palestine)", "inter2": 7, "interaction": 78, "civilian_targeting": "Civilian targeting", "iso": 275, "region": "Middle East", "country": "Palestine", "admin1": "Gaza Strip", "admin2": "Khan Yunis", "admin3": null, "location": "Al Mawasi (Khan Yunis)", "latitude": 31.3482, "longitude": 34.2547, "geo_precision": 1, "source": "Palestine News and Information Agency; Quds News Network", "source_scale": "National", "notes": "On 21 October 2024, an Israeli UAV struck a tent belongs to displaced people in (Al Mawasi (Khan Yunis), Gaza Strip), leaving fatalities and injuries [unspecified fatalities coded as 3].", "fatalities": 3, "tags": null, "timestamp": 1762829569 }, "geometry": { "type": "Point", "coordinates": [ 34.2547, 31.3482 ] } },
{ "type": "Feature", "properties": { "event_id_cnty": "PSE61960", "event_date": "10/21/2024", "year": 2024, "time_precision": 1, "disorder_type": "Political violence", "event_type": "Explosions/Remote violence", "sub_event_type": "Air/drone strike", "actor1": "Military Forces of Israel (2022-)", "assoc_actor_1": null, "inter1": 8, "actor2": "Civilians (Palestine)", "assoc_actor_2": null, "inter2": 7, "interaction": 78, "civilian_targeting": "Civilian targeting", "iso": 275, "region": "Middle East", "country": "Palestine", "admin1": "Gaza Strip", "admin2": "North Gaza", "admin3": null, "location": "Beit Lahiya", "latitude": 31.5541, "longitude": 34.5016, "geo_precision": 1, "source": "Quds News Network", "source_scale": "National", "notes": "On 21 October 2024, Israeli warplanes struck in the Shaymaa area in Beit Lahiya (North Gaza, Gaza Strip), killing 3 Palestinians.", "fatalities": 3, "tags": null, "timestamp": 1753956638 }, "geometry": { "type": "Point", "coordinates": [ 34.5016, 31.5541 ] } },
{ "type": "Feature", "properties": { "event_id_cnty": "PSE61981", "event_date": "10/21/2024", "year": 2024, "time_precision": 1, "disorder_type": "Political violence", "event_type": "Explosions/Remote violence", "sub_event_type": "Shelling/artillery/missile attack", "actor1": "Military Forces of Israel (2022-)", "assoc_actor_1": null, "inter1": 8, "actor2": "Civilians (Palestine)", "assoc_actor_2": "Refugees/IDPs (Palestine)", "inter2": 7, "interaction": 78, "civilian_targeting": "Civilian targeting", "iso": 275, "region": "Middle East", "country": "Palestine", "admin1": "Gaza Strip", "admin2": "Deir El Balah", "admin3": null, "location": "An Nusayrat", "latitude": 31.4486, "longitude": 34.3925, "geo_precision": 1, "source": "Palestine News and Information Agency", "source_scale": "National", "notes": "On 21 October 2024, Israeli artillery shelled the An Nusayrat Camp (Deir El Balah, Gaza Strip), causing injuries.", "fatalities": 0, "tags": null, "timestamp": 1753956638 }, "geometry": { "type": "Point", "coordinates": [ 34.3925, 31.4486 ] } },
{ "type": "Feature", "properties": { "event_id_cnty": "PSE62037", "event_date": "10/21/2024", "year": 2024, "time_precision": 1, "disorder_type": "Political violence", "event_type": "Explosions/Remote violence", "sub_event_type": "Air/drone strike", "actor1": "Military Forces of Israel (2022-)", "assoc_actor_1": null, "inter1": 8, "actor2": "Civilians (Palestine)", "assoc_actor_2": null, "inter2": 7, "interaction": 78, "civilian_targeting": "Civilian targeting", "iso": 275, "region": "Middle East", "country": "Palestine", "admin1": "Gaza Strip", "admin2": "Gaza City", "admin3": null, "location": "Gaza - Sheikh Radwan", "latitude": 31.5349, "longitude": 34.4667, "geo_precision": 1, "source": "Newpress; Palestine News and Information Agency; Quds News Network; Twitter", "source_scale": "New media-National", "notes": "On 21 October 2024, Israeli warplanes carried out strikes in Gaza - Sheikh Radwan (Gaza City, Gaza Strip). Casualties unknown. 9 persons were killed in one of the airstrikes, which targeted a house. Fatalities coded at least 9.", "fatalities": 9, "tags": null, "timestamp": 1759790002 }, "geometry": { "type": "Point", "coordinates": [ 34.4667, 31.5349 ] } },
{ "type": "Feature", "properties": { "event_id_cnty": "PSE62092", "event_date": "10/21/2024", "year": 2024, "time_precision": 1, "disorder_type": "Political violence", "event_type": "Explosions/Remote violence", "sub_event_type": "Shelling/artillery/missile attack", "actor1": "Military Forces of Israel (2022-)", "assoc_actor_1": null, "inter1": 8, "actor2": "Civilians (Palestine)", "assoc_actor_2": null, "inter2": 7, "interaction": 78, "civilian_targeting": "Civilian targeting", "iso": 275, "region": "Middle East", "country": "Palestine", "admin1": "Gaza Strip", "admin2": "Gaza City", "admin3": null, "location": "Gaza - Ash Shati' Camp", "latitude": 31.5349, "longitude": 34.4466, "geo_precision": 2, "source": "Newpress; Palestine News and Information Agency; Quds News Network; Twitter", "source_scale": "New media-National", "notes": "On 21 October 2024, Israeli artillery shelled houses in Al Saftawi area northwest of Gaza City, coded to Gaza - Ash Shati' Camp (Gaza City, Gaza Strip), killing 2 Palestinians.", "fatalities": 2, "tags": null, "timestamp": 1759790002 }, "geometry": { "type": "Point", "coordinates": [ 34.4466, 31.5349 ] } },
{ "type": "Feature", "properties": { "event_id_cnty": "PSE62081", "event_date": "10/21/2024", "year": 2024, "time_precision": 1, "disorder_type": "Political violence", "event_type": "Explosions/Remote violence", "sub_event_type": "Air/drone strike", "actor1": "Military Forces of Israel (2022-)", "assoc_actor_1": null, "inter1": 8, "actor2": "Civilians (Palestine)", "assoc_actor_2": "Refugees/IDPs (Palestine)", "inter2": 7, "interaction": 78, "civilian_targeting": "Civilian targeting", "iso": 275, "region": "Middle East", "country": "Palestine", "admin1": "Gaza Strip", "admin2": "North Gaza", "admin3": null, "location": "Jabalya Camp", "latitude": 31.536, "longitude": 34.4907, "geo_precision": 1, "source": "Al-Ittihad; Newpress; Palestine News and Information Agency; Quds News Network; Twitter", "source_scale": "New media-National", "notes": "On 21 October 2024, Israeli warplanes struck a house in Al Tawabah area in Jabalya Camp (North Gaza, Gaza Strip), leaving injuries. Also, artillery shelled targets houses in the camp, causing a number of injuries. Also, artillery shelled near the Qrizem School in the camp, killing 7 Palestinians and injuring dozens. Also, 4 persons were killed in a UAV strike at the Yaman Saeed Hospital in Jabalya Camp. In addition, 11 Palestinians were killed in Israeli artillery shelling at the Jabalya School that hosts displaced people in the camp. Total fatalities coded as 22.", "fatalities": 22, "tags": null, "timestamp": 1753956638 }, "geometry": { "type": "Point", "coordinates": [ 34.4907, 31.536 ] } },
{ "type": "Feature", "properties": { "event_id_cnty": "PSE61947", "event_date": "10/21/2024", "year": 2024, "time_precision": 1, "disorder_type": "Political violence", "event_type": "Explosions/Remote violence", "sub_event_type": "Air/drone strike", "actor1": "Military Forces of Israel (2022-)", "assoc_actor_1": null, "inter1": 8, "actor2": "Civilians (Palestine)", "assoc_actor_2": "Refugees/IDPs (Palestine)", "inter2": 7, "interaction": 78, "civilian_targeting": "Civilian targeting", "iso": 275, "region": "Middle East", "country": "Palestine", "admin1": "Gaza Strip", "admin2": "North Gaza", "admin3": null, "location": "Beit Hanoun", "latitude": 31.5405, "longitude": 34.5402, "geo_precision": 1, "source": "Palestine News and Information Agency", "source_scale": "National", "notes": "On 21 October 2024, Israeli warplanes struck the Ghazi al-Shawwa School hosts displaced people in Beit Hanoun (North Gaza, Gaza Strip), killing 3 Palestinians and injuring others.", "fatalities": 3, "tags": null, "timestamp": 1753956638 }, "geometry": { "type": "Point", "coordinates": [ 34.5402, 31.5405 ] } },
{ "type": "Feature", "properties": { "event_id_cnty": "PSE62069", "event_date": "10/21/2024", "year": 2024, "time_precision": 1, "disorder_type": "Political violence", "event_type": "Explosions/Remote violence", "sub_event_type": "Air/drone strike", "actor1": "Military Forces of Israel (2022-)", "assoc_actor_1": null, "inter1": 8, "actor2": "Civilians (Palestine)", "assoc_actor_2": null, "inter2": 7, "interaction": 78, "civilian_targeting": "Civilian targeting", "iso": 275, "region": "Middle East", "country": "Palestine", "admin1": "Gaza Strip", "admin2": "North Gaza", "admin3": null, "location": "Jabalya", "latitude": 31.5272, "longitude": 34.4835, "geo_precision": 1, "source": "Newpress; Palestine News and Information Agency; Quds News Network; Twitter", "source_scale": "New media-National", "notes": "On 21 October 2024, Israeli warplanes struck a group of people while filling water in Jabalya town (North Gaza, Gaza Strip), killing 6 persons.", "fatalities": 6, "tags": null, "timestamp": 1759790002 }, "geometry": { "type": "Point", "coordinates": [ 34.4835, 31.5272 ] } },
{ "type": "Feature", "properties": { "event_id_cnty": "PSE62102", "event_date": "10/21/2024", "year": 2024, "time_precision": 1, "disorder_type": "Political violence", "event_type": "Explosions/Remote violence", "sub_event_type": "Air/drone strike", "actor1": "Military Forces of Israel (2022-)", "assoc_actor_1": null, "inter1": 8, "actor2": "Civilians (Palestine)", "assoc_actor_2": null, "inter2": 7, "interaction": 78, "civilian_targeting": "Civilian targeting", "iso": 275, "region": "Middle East", "country": "Palestine", "admin1": "Gaza Strip", "admin2": "Khan Yunis", "admin3": null, "location": "Qizan an Najjar", "latitude": 31.323, "longitude": 34.2761, "geo_precision": 1, "source": "Newpress; Palestine News and Information Agency; Quds News Network; Twitter", "source_scale": "New media-National", "notes": "On 21 October 2024, Israeli warplanes struck the Qizan an Najjar (Khan Yunis, Gaza Strip), killing 4 Palestinians and injuring others.", "fatalities": 4, "tags": null, "timestamp": 1753956638 }, "geometry": { "type": "Point", "coordinates": [ 34.2761, 31.323 ] } },
{ "type": "Feature", "properties": { "event_id_cnty": "PSE62194", "event_date": "10/21/2024", "year": 2024, "time_precision": 1, "disorder_type": "Political violence", "event_type": "Explosions/Remote violence", "sub_event_type": "Shelling/artillery/missile attack", "actor1": "Military Forces of Israel (2022-)", "assoc_actor_1": null, "inter1": 8, "actor2": "Civilians (Palestine)", "assoc_actor_2": null, "inter2": 7, "interaction": 78, "civilian_targeting": "Civilian targeting", "iso": 275, "region": "Middle East", "country": "Palestine", "admin1": "Gaza Strip", "admin2": "Rafah", "admin3": null, "location": "Khirbet al Adas", "latitude": 31.2855, "longitude": 34.2714, "geo_precision": 2, "source": "Palestine News and Information Agency; Quds News Network", "source_scale": "National", "notes": "On 21 October 2024, Israeli artillery shelled north Rafah, including Khirbet al Adas and Orayaba (Rafah, Gaza Strip). 5 Palestinians were killed in Al Shaboura and Khirbet al Adas [2 fatalities coded to this location].", "fatalities": 2, "tags": null, "timestamp": 1753956638 }, "geometry": { "type": "Point", "coordinates": [ 34.2714, 31.2855 ] } },
{ "type": "Feature", "properties": { "event_id_cnty": "PSE62225", "event_date": "10/21/2024", "year": 2024, "time_precision": 1, "disorder_type": "Political violence", "event_type": "Explosions/Remote violence", "sub_event_type": "Shelling/artillery/missile attack", "actor1": "Military Forces of Israel (2022-)", "assoc_actor_1": null, "inter1": 8, "actor2": "Civilians (Palestine)", "assoc_actor_2": "Refugees/IDPs (Palestine)", "inter2": 7, "interaction": 78, "civilian_targeting": "Civilian targeting", "iso": 275, "region": "Middle East", "country": "Palestine", "admin1": "Gaza Strip", "admin2": "Rafah", "admin3": null, "location": "Rafah Camp", "latitude": 31.2847, "longitude": 34.2546, "geo_precision": 1, "source": "Palestine News and Information Agency; Quds News Network", "source_scale": "National", "notes": "On 21 October 2024, Israeli artillery shelled the Al Shabourah camp of Rafah Camp (Rafah, Gaza Strip). 5 Palestinians were killed in Al Shaboura and Khirbet al Adas [3 fatalities coded to this location].", "fatalities": 3, "tags": null, "timestamp": 1753956638 }, "geometry": { "type": "Point", "coordinates": [ 34.2546, 31.2847 ] } },
{ "type": "Feature", "properties": { "event_id_cnty": "PSE61908", "event_date": "10/22/2024", "year": 2024, "time_precision": 1, "disorder_type": "Political violence", "event_type": "Explosions/Remote violence", "sub_event_type": "Air/drone strike", "actor1": "Military Forces of Israel (2022-)", "assoc_actor_1": null, "inter1": 8, "actor2": "Civilians (Palestine)", "assoc_actor_2": null, "inter2": 7, "interaction": 78, "civilian_targeting": "Civilian targeting", "iso": 275, "region": "Middle East", "country": "Palestine", "admin1": "Gaza Strip", "admin2": "Khan Yunis", "admin3": null, "location": "Abasan al Kabirah", "latitude": 31.3191, "longitude": 34.3401, "geo_precision": 1, "source": "Arab 48; Newpress; Palestine News and Information Agency; Quds News Network; Twitter", "source_scale": "New media-National", "notes": "On 22 October 2024, Israeli warplanes struck the clinic of Al Tawaba association in Abasan al Kabirah (Khan Yunis, Gaza Strip), killing 4 Palestinians.", "fatalities": 4, "tags": null, "timestamp": 1753956638 }, "geometry": { "type": "Point", "coordinates": [ 34.3401, 31.3191 ] } },
{ "type": "Feature", "properties": { "event_id_cnty": "PSE61916", "event_date": "10/22/2024", "year": 2024, "time_precision": 1, "disorder_type": "Political violence", "event_type": "Explosions/Remote violence", "sub_event_type": "Air/drone strike", "actor1": "Military Forces of Israel (2022-)", "assoc_actor_1": null, "inter1": 8, "actor2": "Civilians (Palestine)", "assoc_actor_2": "Refugees/IDPs (Palestine)", "inter2": 7, "interaction": 78, "civilian_targeting": "Civilian targeting", "iso": 275, "region": "Middle East", "country": "Palestine", "admin1": "Gaza Strip", "admin2": "North Gaza", "admin3": null, "location": "Beit Lahiya - Al Mashroo", "latitude": 31.5433, "longitude": 34.4998, "geo_precision": 1, "source": "Ma'an News Agency; Newpress; Palestine News and Information Agency; Quds News Network; Twitter", "source_scale": "New media-National", "notes": "On 22 October 2024, Israeli artillery shelled at the Abu al-Jidyan junction in Beit Lahiya - Al Mashroo (North Gaza, Gaza Strip), killing 12 displaced Palestinians. Also, artillery shelled other targets and opened fire toward displaced people who were forced to leave the area. [casualties unknown]. Also, warplanes struck targets [casualties unknown]. Total fatalities coded at least 12.", "fatalities": 12, "tags": null, "timestamp": 1753956638 }, "geometry": { "type": "Point", "coordinates": [ 34.4998, 31.5433 ] } },
{ "type": "Feature", "properties": { "event_id_cnty": "PSE61923", "event_date": "10/22/2024", "year": 2024, "time_precision": 1, "disorder_type": "Political violence", "event_type": "Explosions/Remote violence", "sub_event_type": "Air/drone strike", "actor1": "Military Forces of Israel (2022-)", "assoc_actor_1": null, "inter1": 8, "actor2": "Civilians (Palestine)", "assoc_actor_2": "Refugees/IDPs (Palestine)", "inter2": 7, "interaction": 78, "civilian_targeting": "Civilian targeting", "iso": 275, "region": "Middle East", "country": "Palestine", "admin1": "Gaza Strip", "admin2": "Deir El Balah", "admin3": null, "location": "Al Burayj", "latitude": 31.4394, "longitude": 34.4031, "geo_precision": 1, "source": "Palestine News and Information Agency; Quds News Network", "source_scale": "National", "notes": "On 22 October 2024, at around 12:09, Israeli warplanes struck a house in Al Burayj Camp (Deir El Balah, Gaza Strip), injuring 3 persons.", "fatalities": 0, "tags": null, "timestamp": 1753956638 }, "geometry": { "type": "Point", "coordinates": [ 34.4031, 31.4394 ] } },
{ "type": "Feature", "properties": { "event_id_cnty": "PSE61940", "event_date": "10/22/2024", "year": 2024, "time_precision": 1, "disorder_type": "Political violence", "event_type": "Explosions/Remote violence", "sub_event_type": "Air/drone strike", "actor1": "Military Forces of Israel (2022-)", "assoc_actor_1": null, "inter1": 8, "actor2": "Civilians (Palestine)", "assoc_actor_2": "Refugees/IDPs (Palestine)", "inter2": 7, "interaction": 78, "civilian_targeting": "Civilian targeting", "iso": 275, "region": "Middle East", "country": "Palestine", "admin1": "Gaza Strip", "admin2": "Khan Yunis", "admin3": null, "location": "Al Mawasi (Khan Yunis)", "latitude": 31.3482, "longitude": 34.2547, "geo_precision": 1, "source": "Newpress; Palestine News and Information Agency; Quds News Network; Twitter", "source_scale": "New media-National", "notes": "On 22 October 2024, at around 12:47, an Israeli UAV struck a tent belongs to displaced people in (Al Mawasi (Khan Yunis), Gaza Strip), killing 3 Palestinians, including a girl and injuring 15 more.", "fatalities": 3, "tags": null, "timestamp": 1762829569 }, "geometry": { "type": "Point", "coordinates": [ 34.2547, 31.3482 ] } },
{ "type": "Feature", "properties": { "event_id_cnty": "PSE61962", "event_date": "10/22/2024", "year": 2024, "time_precision": 1, "disorder_type": "Political violence", "event_type": "Explosions/Remote violence", "sub_event_type": "Air/drone strike", "actor1": "Military Forces of Israel (2022-)", "assoc_actor_1": null, "inter1": 8, "actor2": "Civilians (Palestine)", "assoc_actor_2": "Refugees/IDPs (Palestine)", "inter2": 7, "interaction": 78, "civilian_targeting": "Civilian targeting", "iso": 275, "region": "Middle East", "country": "Palestine", "admin1": "Gaza Strip", "admin2": "North Gaza", "admin3": null, "location": "Beit Lahiya", "latitude": 31.5541, "longitude": 34.5016, "geo_precision": 1, "source": "Ma'an News Agency; Newpress; Palestine News and Information Agency; Quds News Network; Twitter", "source_scale": "New media-National", "notes": "On 22 October 2024, an Israeli UAV struck a target in Beit Lahiya (North Gaza, Gaza Strip), killing 3 Palestinians and injuring others. Also, Israeli artillery struck the Zaid Ibn Haritha School that hosts displaced people in Beit Lahiya, killing 7 Palestinians. Also, artillery shelled other targets, including near Kamal Odwan Hospital, at least one person was killed. And warplanes struck a water supply point [casualties unknown]. Total confirmed fatalities coded at least 11.", "fatalities": 11, "tags": null, "timestamp": 1753956638 }, "geometry": { "type": "Point", "coordinates": [ 34.5016, 31.5541 ] } },
{ "type": "Feature", "properties": { "event_id_cnty": "PSE61994", "event_date": "10/22/2024", "year": 2024, "time_precision": 1, "disorder_type": "Political violence", "event_type": "Explosions/Remote violence", "sub_event_type": "Shelling/artillery/missile attack", "actor1": "Military Forces of Israel (2022-)", "assoc_actor_1": null, "inter1": 8, "actor2": "Civilians (Palestine)", "assoc_actor_2": null, "inter2": 7, "interaction": 78, "civilian_targeting": "Civilian targeting", "iso": 275, "region": "Middle East", "country": "Palestine", "admin1": "Gaza Strip", "admin2": "Deir El Balah", "admin3": null, "location": "An Nusayrat - West", "latitude": 31.4525, "longitude": 34.3756, "geo_precision": 1, "source": "Arab 48; Quds News Network", "source_scale": "National", "notes": "On 22 October 2024, at around 15:42, Israeli artillery shelled An Nusayrat - West (Deir El Balah, Gaza Strip), killing a Palestinian.", "fatalities": 1, "tags": null, "timestamp": 1753956638 }, "geometry": { "type": "Point", "coordinates": [ 34.3756, 31.4525 ] } },
{ "type": "Feature", "properties": { "event_id_cnty": "PSE62020", "event_date": "10/22/2024", "year": 2024, "time_precision": 1, "disorder_type": "Political violence", "event_type": "Explosions/Remote violence", "sub_event_type": "Air/drone strike", "actor1": "Military Forces of Israel (2022-)", "assoc_actor_1": null, "inter1": 8, "actor2": "Civilians (Palestine)", "assoc_actor_2": null, "inter2": 7, "interaction": 78, "civilian_targeting": "Civilian targeting", "iso": 275, "region": "Middle East", "country": "Palestine", "admin1": "Gaza Strip", "admin2": "Gaza City", "admin3": null, "location": "Gaza", "latitude": 31.5045, "longitude": 34.4743, "geo_precision": 1, "source": "Palestine News and Information Agency; Quds News Network", "source_scale": "National", "notes": "On 22 October 2024, Israeli warplanes struck a house in Al Jalaa Street in Gaza City (Gaza City, Gaza Strip). Casualties unknown.", "fatalities": 0, "tags": null, "timestamp": 1759790002 }, "geometry": { "type": "Point", "coordinates": [ 34.4743, 31.5045 ] } },
{ "type": "Feature", "properties": { "event_id_cnty": "PSE62039", "event_date": "10/22/2024", "year": 2024, "time_precision": 1, "disorder_type": "Political violence", "event_type": "Explosions/Remote violence", "sub_event_type": "Air/drone strike", "actor1": "Military Forces of Israel (2022-)", "assoc_actor_1": null, "inter1": 8, "actor2": "Civilians (Palestine)", "assoc_actor_2": null, "inter2": 7, "interaction": 78, "civilian_targeting": "Civilian targeting", "iso": 275, "region": "Middle East", "country": "Palestine", "admin1": "Gaza Strip", "admin2": "Gaza City", "admin3": null, "location": "Gaza - Southern Remal", "latitude": 31.5168, "longitude": 34.4355, "geo_precision": 2, "source": "Quds News Network", "source_scale": "National", "notes": "On 22 October 2024, Israeli warplanes struck a target in Al Sinaa area west of Gaza City, coded to Gaza - Southern Remal (Gaza City, Gaza Strip), injuring a number of Palestinians.", "fatalities": 0, "tags": null, "timestamp": 1759790002 }, "geometry": { "type": "Point", "coordinates": [ 34.4355, 31.5168 ] } },
{ "type": "Feature", "properties": { "event_id_cnty": "PSE62082", "event_date": "10/22/2024", "year": 2024, "time_precision": 1, "disorder_type": "Political violence", "event_type": "Explosions/Remote violence", "sub_event_type": "Air/drone strike", "actor1": "Military Forces of Israel (2022-)", "assoc_actor_1": null, "inter1": 8, "actor2": "Civilians (Palestine)", "assoc_actor_2": "Refugees/IDPs (Palestine)", "inter2": 7, "interaction": 78, "civilian_targeting": "Civilian targeting", "iso": 275, "region": "Middle East", "country": "Palestine", "admin1": "Gaza Strip", "admin2": "North Gaza", "admin3": null, "location": "Jabalya Camp", "latitude": 31.536, "longitude": 34.4907, "geo_precision": 1, "source": "Arab 48; Palestine News and Information Agency; Quds News Network", "source_scale": "National", "notes": "On 22 October 2024, Israeli artillery targeted the Al Alami area and block 4 and 5 and Jabalya Camp (North Gaza, Gaza Strip), killing 8 displaced Palestinians in Al Alami area and injuring others. Also, at around 15:00, warplanes struck a house in Al Houja area, leaving fatalities [unspecified fatalities coded as 3]. Fatalities coded as 11 [8 confirmed and 3 unspecified].", "fatalities": 11, "tags": null, "timestamp": 1753956638 }, "geometry": { "type": "Point", "coordinates": [ 34.4907, 31.536 ] } },
{ "type": "Feature", "properties": { "event_id_cnty": "PSE62117", "event_date": "10/22/2024", "year": 2024, "time_precision": 1, "disorder_type": "Political violence", "event_type": "Explosions/Remote violence", "sub_event_type": "Air/drone strike", "actor1": "Military Forces of Israel (2022-)", "assoc_actor_1": null, "inter1": 8, "actor2": "Civilians (Palestine)", "assoc_actor_2": null, "inter2": 7, "interaction": 78, "civilian_targeting": "Civilian targeting", "iso": 275, "region": "Middle East", "country": "Palestine", "admin1": "Gaza Strip", "admin2": "Rafah", "admin3": null, "location": "Tal as Sultan", "latitude": 31.3098, "longitude": 34.2414, "geo_precision": 2, "source": "Newpress; Palestine News and Information Agency; Twitter", "source_scale": "New media-National", "notes": "On 22 October 2024, Israeli warplanes struck a house in the Saudi area west of Rafah, coded to Tal as Sultan (Rafah, Gaza Strip). Casualties unknown.", "fatalities": 0, "tags": null, "timestamp": 1762829569 }, "geometry": { "type": "Point", "coordinates": [ 34.2414, 31.3098 ] } },
{ "type": "Feature", "properties": { "event_id_cnty": "PSE61920", "event_date": "10/22/2024", "year": 2024, "time_precision": 1, "disorder_type": "Political violence", "event_type": "Explosions/Remote violence", "sub_event_type": "Air/drone strike", "actor1": "Military Forces of Israel (2022-)", "assoc_actor_1": null, "inter1": 8, "actor2": "Civilians (Palestine)", "assoc_actor_2": "Government of Palestine (2007-) Hamas Government in Gaza", "inter2": 7, "interaction": 78, "civilian_targeting": "Civilian targeting", "iso": 275, "region": "Middle East", "country": "Palestine", "admin1": "Gaza Strip", "admin2": "Gaza City", "admin3": null, "location": "Gaza - Shujaiyya", "latitude": 31.4988, "longitude": 34.4699, "geo_precision": 1, "source": "Arab 48; Ma'an News Agency; Newpress; Palestine News and Information Agency; Quds News Network; Twitter", "source_scale": "New media-National", "notes": "On 22 October 2024, Israeli warplanes struck land in Gaza - Shujaiyya (Gaza City, Gaza Strip), killing 6 Palestinians. The airstrike targeted Gaza municipality workers.", "fatalities": 6, "tags": "local administrators", "timestamp": 1759790002 }, "geometry": { "type": "Point", "coordinates": [ 34.4699, 31.4988 ] } },
{ "type": "Feature", "properties": { "event_id_cnty": "PSE62030", "event_date": "10/22/2024", "year": 2024, "time_precision": 1, "disorder_type": "Political violence", "event_type": "Explosions/Remote violence", "sub_event_type": "Air/drone strike", "actor1": "Military Forces of Israel (2022-)", "assoc_actor_1": null, "inter1": 8, "actor2": "Civilians (Palestine)", "assoc_actor_2": null, "inter2": 7, "interaction": 78, "civilian_targeting": "Civilian targeting", "iso": 275, "region": "Middle East", "country": "Palestine", "admin1": "Gaza Strip", "admin2": "Gaza City", "admin3": null, "location": "Gaza - Az Zaytun", "latitude": 31.4964, "longitude": 34.4522, "geo_precision": 1, "source": "Arab 48; Newpress; Twitter", "source_scale": "New media-National", "notes": "On 22 October 2024, Israeli warplanes struck near the al-Nujoum Hall in Gaza - Az Zaytun (Gaza City, Gaza Strip), killing at least 8 Palestinians.", "fatalities": 8, "tags": null, "timestamp": 1759790002 }, "geometry": { "type": "Point", "coordinates": [ 34.4522, 31.4964 ] } },
{ "type": "Feature", "properties": { "event_id_cnty": "PSE62071", "event_date": "10/22/2024", "year": 2024, "time_precision": 1, "disorder_type": "Political violence", "event_type": "Explosions/Remote violence", "sub_event_type": "Air/drone strike", "actor1": "Military Forces of Israel (2022-)", "assoc_actor_1": null, "inter1": 8, "actor2": "Civilians (Palestine)", "assoc_actor_2": null, "inter2": 7, "interaction": 78, "civilian_targeting": "Civilian targeting", "iso": 275, "region": "Middle East", "country": "Palestine", "admin1": "Gaza Strip", "admin2": "North Gaza", "admin3": null, "location": "Jabalya", "latitude": 31.5272, "longitude": 34.4835, "geo_precision": 2, "source": "Palestine News and Information Agency; Quds News Network", "source_scale": "National", "notes": "On 22 October 2024, Israeli warplanes struck a house west of Jabalya town (North Gaza, Gaza Strip), killing 3 Palestinians (a mother and two children) and injuring others.", "fatalities": 3, "tags": null, "timestamp": 1759790002 }, "geometry": { "type": "Point", "coordinates": [ 34.4835, 31.5272 ] } },
{ "type": "Feature", "properties": { "event_id_cnty": "PSE62142", "event_date": "10/22/2024", "year": 2024, "time_precision": 1, "disorder_type": "Political violence", "event_type": "Explosions/Remote violence", "sub_event_type": "Shelling/artillery/missile attack", "actor1": "Military Forces of Israel (2022-)", "assoc_actor_1": null, "inter1": 8, "actor2": "Civilians (Palestine)", "assoc_actor_2": null, "inter2": 7, "interaction": 78, "civilian_targeting": "Civilian targeting", "iso": 275, "region": "Middle East", "country": "Palestine", "admin1": "Gaza Strip", "admin2": "North Gaza", "admin3": null, "location": "Jabalya", "latitude": 31.5272, "longitude": 34.4835, "geo_precision": 1, "source": "Newpress; Quds News Network; Twitter", "source_scale": "New media-National", "notes": "On 22 October 2024, Israeli tanks shelled Jabalya Al Nazlaha in Jabalya town (North Gaza, Gaza Strip), killing at least 2 Palestinians including a woman.", "fatalities": 2, "tags": null, "timestamp": 1759790002 }, "geometry": { "type": "Point", "coordinates": [ 34.4835, 31.5272 ] } },
{ "type": "Feature", "properties": { "event_id_cnty": "PSE62227", "event_date": "10/22/2024", "year": 2024, "time_precision": 2, "disorder_type": "Political violence", "event_type": "Violence against civilians", "sub_event_type": "Attack", "actor1": "Hamas Movement", "assoc_actor_1": null, "inter1": 3, "actor2": "Civilians (Palestine)", "assoc_actor_2": "Refugees/IDPs (Palestine)", "inter2": 7, "interaction": 37, "civilian_targeting": "Civilian targeting", "iso": 275, "region": "Middle East", "country": "Palestine", "admin1": "Gaza Strip", "admin2": "North Gaza", "admin3": null, "location": "Jabalya", "latitude": 31.5272, "longitude": 34.4835, "geo_precision": 1, "source": "Times of Israel", "source_scale": "Regional", "notes": "Around 22 October 2024, (as reported), Hamas opened fire at Palestinians who were trying to leave the North Gaza, coded to Jabalya (Gaza Strip). As a result, at least a woman was injured. Israeli forces have called on Palestinians to evacuate northern Gaza and move toward the south.", "fatalities": 0, "tags": null, "timestamp": 1759790002 }, "geometry": { "type": "Point", "coordinates": [ 34.4835, 31.5272 ] } },
{ "type": "Feature", "properties": { "event_id_cnty": "PSE62099", "event_date": "10/22/2024", "year": 2024, "time_precision": 1, "disorder_type": "Political violence", "event_type": "Explosions/Remote violence", "sub_event_type": "Air/drone strike", "actor1": "Military Forces of Israel (2022-)", "assoc_actor_1": null, "inter1": 8, "actor2": "Civilians (Palestine)", "assoc_actor_2": null, "inter2": 7, "interaction": 78, "civilian_targeting": "Civilian targeting", "iso": 275, "region": "Middle East", "country": "Palestine", "admin1": "Gaza Strip", "admin2": "Rafah", "admin3": null, "location": "Khirbet al Adas", "latitude": 31.2855, "longitude": 34.2714, "geo_precision": 1, "source": "Newpress; Palestine News and Information Agency; Quds News Network; Twitter", "source_scale": "New media-National", "notes": "On 22 October 2024, at around 12:57, Israeli warplanes struck a house in Khirbet al Adas (Rafah, Gaza Strip), killing 4 Palestinians.", "fatalities": 4, "tags": null, "timestamp": 1753956638 }, "geometry": { "type": "Point", "coordinates": [ 34.2714, 31.2855 ] } },
{ "type": "Feature", "properties": { "event_id_cnty": "PSE61925", "event_date": "10/23/2024", "year": 2024, "time_precision": 1, "disorder_type": "Political violence", "event_type": "Explosions/Remote violence", "sub_event_type": "Air/drone strike", "actor1": "Military Forces of Israel (2022-)", "assoc_actor_1": null, "inter1": 8, "actor2": "Civilians (Palestine)", "assoc_actor_2": null, "inter2": 7, "interaction": 78, "civilian_targeting": "Civilian targeting", "iso": 275, "region": "Middle East", "country": "Palestine", "admin1": "Gaza Strip", "admin2": "Khan Yunis", "admin3": null, "location": "Al Fukhari", "latitude": 31.2952, "longitude": 34.3332, "geo_precision": 1, "source": "Quds News Network", "source_scale": "National", "notes": "On 23 October 2024, Israeli warplanes struck near the European Hospital in Al Fukhari (Khan Yunis, Gaza Strip), causing injuries.", "fatalities": 0, "tags": null, "timestamp": 1753956638 }, "geometry": { "type": "Point", "coordinates": [ 34.3332, 31.2952 ] } },
{ "type": "Feature", "properties": { "event_id_cnty": "PSE61965", "event_date": "10/23/2024", "year": 2024, "time_precision": 1, "disorder_type": "Political violence", "event_type": "Explosions/Remote violence", "sub_event_type": "Air/drone strike", "actor1": "Military Forces of Israel (2022-)", "assoc_actor_1": null, "inter1": 8, "actor2": "Civilians (Palestine)", "assoc_actor_2": "Health Workers (Palestine)", "inter2": 7, "interaction": 78, "civilian_targeting": "Civilian targeting", "iso": 275, "region": "Middle East", "country": "Palestine", "admin1": "Gaza Strip", "admin2": "North Gaza", "admin3": null, "location": "Beit Lahiya", "latitude": 31.5541, "longitude": 34.5016, "geo_precision": 1, "source": "Ma'an News Agency; Newpress; Palestine News and Information Agency; Quds News Network; Twitter", "source_scale": "New media-National", "notes": "On 23 October 2024, an Israeli UAV struck targets and houses near Kamal Odwan Hospital in Beit Lahiya (North Gaza, Gaza Strip), killing a doctor and a nurse. Also, artillery shelled Beit Lahiya [casualties unknown]. Fatalities coded at least 2.", "fatalities": 2, "tags": null, "timestamp": 1753956638 }, "geometry": { "type": "Point", "coordinates": [ 34.5016, 31.5541 ] } },
{ "type": "Feature", "properties": { "event_id_cnty": "PSE61971", "event_date": "10/23/2024", "year": 2024, "time_precision": 1, "disorder_type": "Political violence", "event_type": "Explosions/Remote violence", "sub_event_type": "Air/drone strike", "actor1": "Military Forces of Israel (2022-)", "assoc_actor_1": null, "inter1": 8, "actor2": "Civilians (Palestine)", "assoc_actor_2": null, "inter2": 7, "interaction": 78, "civilian_targeting": "Civilian targeting", "iso": 275, "region": "Middle East", "country": "Palestine", "admin1": "Gaza Strip", "admin2": "North Gaza", "admin3": null, "location": "Beit Lahiya - Al Mashroo", "latitude": 31.5433, "longitude": 34.4998, "geo_precision": 1, "source": "Palestine News and Information Agency; Quds News Network", "source_scale": "National", "notes": "On 23 October 2024, Israeli warplanes carried out airstrikes in Beit Lahiya - Al Mashroo (North Gaza, Gaza Strip) amid artillery fire, killing at least 2 persons.", "fatalities": 2, "tags": null, "timestamp": 1753956638 }, "geometry": { "type": "Point", "coordinates": [ 34.4998, 31.5433 ] } },
{ "type": "Feature", "properties": { "event_id_cnty": "PSE62094", "event_date": "10/23/2024", "year": 2024, "time_precision": 1, "disorder_type": "Political violence", "event_type": "Explosions/Remote violence", "sub_event_type": "Shelling/artillery/missile attack", "actor1": "Military Forces of Israel (2022-)", "assoc_actor_1": null, "inter1": 8, "actor2": "Civilians (Palestine)", "assoc_actor_2": "Refugees/IDPs (Palestine)", "inter2": 7, "interaction": 78, "civilian_targeting": "Civilian targeting", "iso": 275, "region": "Middle East", "country": "Palestine", "admin1": "Gaza Strip", "admin2": "Gaza City", "admin3": null, "location": "Gaza - At Tuffah", "latitude": 31.5134, "longitude": 34.4751, "geo_precision": 1, "source": "Quds News Network", "source_scale": "National", "notes": "On 23 October 2024, Israeli artillery shelled near the Hashimiya School in Gaza - At Tuffah (Gaza City, Gaza Strip), killing a Palestinian and injuring others.", "fatalities": 1, "tags": null, "timestamp": 1759790002 }, "geometry": { "type": "Point", "coordinates": [ 34.4751, 31.5134 ] } },
{ "type": "Feature", "properties": { "event_id_cnty": "PSE62145", "event_date": "10/23/2024", "year": 2024, "time_precision": 1, "disorder_type": "Political violence", "event_type": "Explosions/Remote violence", "sub_event_type": "Air/drone strike", "actor1": "Military Forces of Israel (2022-)", "assoc_actor_1": null, "inter1": 8, "actor2": "Police Forces of Palestine (2007-) Gaza Strip", "assoc_actor_2": "Civilians (Palestine); Hamas Movement; Refugees/IDPs (Palestine)", "inter2": 1, "interaction": 18, "civilian_targeting": null, "iso": 275, "region": "Middle East", "country": "Palestine", "admin1": "Gaza Strip", "admin2": "North Gaza", "admin3": null, "location": "Jabalya Camp", "latitude": 31.536, "longitude": 34.4907, "geo_precision": 1, "source": "Ma'an News Agency; Palestine News and Information Agency; Quds News Network", "source_scale": "National", "notes": "On 23 October 2024, Israeli warplanes carried out intense airstrikes and helicopters opened fire in Jabalya Camp (North Gaza, Gaza Strip) amid artillery fire. Casualties unknown. Also, a UAV struck near the Yemen Saeed Hospital in the camp, killing 2 Palestinians [including a Hamas police officer]. Fatalities coded at least 2.", "fatalities": 2, "tags": null, "timestamp": 1753956638 }, "geometry": { "type": "Point", "coordinates": [ 34.4907, 31.536 ] } },
{ "type": "Feature", "properties": { "event_id_cnty": "PSE62052", "event_date": "10/23/2024", "year": 2024, "time_precision": 1, "disorder_type": "Political violence", "event_type": "Explosions/Remote violence", "sub_event_type": "Air/drone strike", "actor1": "Military Forces of Israel (2022-)", "assoc_actor_1": null, "inter1": 8, "actor2": "Civilians (Palestine)", "assoc_actor_2": null, "inter2": 7, "interaction": 78, "civilian_targeting": "Civilian targeting", "iso": 275, "region": "Middle East", "country": "Palestine", "admin1": "Gaza Strip", "admin2": "Gaza City", "admin3": null, "location": "Gaza - Tal el Hawa", "latitude": 31.5041, "longitude": 34.435, "geo_precision": 1, "source": "Newpress; Palestine News and Information Agency; Quds News Network; Twitter", "source_scale": "New media-National", "notes": "On 23 October 2024, Israeli artillery warplanes struck a house in Gaza - Tal el Hawa (Gaza City, Gaza Strip), killing 4 Palestinians including children, and injuring others. Also, a Palestinian was shot dead by an Israeli sniper. Total fatalities 5.", "fatalities": 5, "tags": null, "timestamp": 1759790002 }, "geometry": { "type": "Point", "coordinates": [ 34.435, 31.5041 ] } },
{ "type": "Feature", "properties": { "event_id_cnty": "PSE62072", "event_date": "10/23/2024", "year": 2024, "time_precision": 1, "disorder_type": "Political violence", "event_type": "Explosions/Remote violence", "sub_event_type": "Air/drone strike", "actor1": "Military Forces of Israel (2022-)", "assoc_actor_1": null, "inter1": 8, "actor2": "Civilians (Palestine)", "assoc_actor_2": null, "inter2": 7, "interaction": 78, "civilian_targeting": "Civilian targeting", "iso": 275, "region": "Middle East", "country": "Palestine", "admin1": "Gaza Strip", "admin2": "North Gaza", "admin3": null, "location": "Jabalya", "latitude": 31.5272, "longitude": 34.4835, "geo_precision": 1, "source": "Arab 48; Ma'an News Agency; Newpress; Palestine News and Information Agency; Quds News Network; Twitter", "source_scale": "New media-National", "notes": "On 23 October 2024, Israeli warplanes struck a house in Jabalya town (North Gaza, Gaza Strip), killing 4 Palestinians and injuring a number of others. During the day, 10 Palestinians were killed in Jabalya town.", "fatalities": 10, "tags": null, "timestamp": 1759790002 }, "geometry": { "type": "Point", "coordinates": [ 34.4835, 31.5272 ] } },
{ "type": "Feature", "properties": { "event_id_cnty": "PSE62100", "event_date": "10/23/2024", "year": 2024, "time_precision": 1, "disorder_type": "Political violence", "event_type": "Explosions/Remote violence", "sub_event_type": "Air/drone strike", "actor1": "Military Forces of Israel (2022-)", "assoc_actor_1": null, "inter1": 8, "actor2": "Civilians (Palestine)", "assoc_actor_2": null, "inter2": 7, "interaction": 78, "civilian_targeting": "Civilian targeting", "iso": 275, "region": "Middle East", "country": "Palestine", "admin1": "Gaza Strip", "admin2": "Rafah", "admin3": null, "location": "Khirbet al Adas", "latitude": 31.2855, "longitude": 34.2714, "geo_precision": 1, "source": "Newpress; Palestine News and Information Agency; Quds News Network; Twitter", "source_scale": "New media-National", "notes": "On 23 October 2024, Israeli UAV struck in Khirbet al Adas (Rafah, Gaza Strip), killing 2 Palestinians and injuring at least 4.", "fatalities": 2, "tags": null, "timestamp": 1753956638 }, "geometry": { "type": "Point", "coordinates": [ 34.2714, 31.2855 ] } },
{ "type": "Feature", "properties": { "event_id_cnty": "PSE62109", "event_date": "10/23/2024", "year": 2024, "time_precision": 1, "disorder_type": "Political violence", "event_type": "Explosions/Remote violence", "sub_event_type": "Air/drone strike", "actor1": "Military Forces of Israel (2022-)", "assoc_actor_1": null, "inter1": 8, "actor2": "Civilians (Palestine)", "assoc_actor_2": null, "inter2": 7, "interaction": 78, "civilian_targeting": "Civilian targeting", "iso": 275, "region": "Middle East", "country": "Palestine", "admin1": "Gaza Strip", "admin2": "Khan Yunis", "admin3": null, "location": "Qizan an Najjar", "latitude": 31.323, "longitude": 34.2761, "geo_precision": 2, "source": "Newpress; Quds News Network; Twitter", "source_scale": "New media-National", "notes": "On 23 October 2024, an Israeli UAV struck the Al Manarah area east of Qizan an Najjar (Khan Yunis, Gaza Strip), killing a Palestinian and injuring others.", "fatalities": 1, "tags": null, "timestamp": 1753956638 }, "geometry": { "type": "Point", "coordinates": [ 34.2761, 31.323 ] } },
{ "type": "Feature", "properties": { "event_id_cnty": "PSE61924", "event_date": "10/24/2024", "year": 2024, "time_precision": 1, "disorder_type": "Political violence", "event_type": "Explosions/Remote violence", "sub_event_type": "Air/drone strike", "actor1": "Military Forces of Israel (2022-)", "assoc_actor_1": null, "inter1": 8, "actor2": "Civilians (Palestine)", "assoc_actor_2": "Refugees/IDPs (Palestine)", "inter2": 7, "interaction": 78, "civilian_targeting": "Civilian targeting", "iso": 275, "region": "Middle East", "country": "Palestine", "admin1": "Gaza Strip", "admin2": "Deir El Balah", "admin3": null, "location": "Al Burayj", "latitude": 31.4394, "longitude": 34.4031, "geo_precision": 1, "source": "Newpress; Quds News Network; Twitter", "source_scale": "New media-National", "notes": "On 24 October 2024, Israeli warplanes struck a building and other targets near the Al Shuhada Roundabout in Al Burayj Camp and in the camp (Deir El Balah, Gaza Strip), killing 2 Palestinians.", "fatalities": 2, "tags": null, "timestamp": 1753956638 }, "geometry": { "type": "Point", "coordinates": [ 34.4031, 31.4394 ] } },
{ "type": "Feature", "properties": { "event_id_cnty": "PSE61933", "event_date": "10/24/2024", "year": 2024, "time_precision": 1, "disorder_type": "Political violence", "event_type": "Explosions/Remote violence", "sub_event_type": "Air/drone strike", "actor1": "Military Forces of Israel (2022-)", "assoc_actor_1": null, "inter1": 8, "actor2": "Civilians (Palestine)", "assoc_actor_2": "Refugees/IDPs (Palestine)", "inter2": 7, "interaction": 78, "civilian_targeting": "Civilian targeting", "iso": 275, "region": "Middle East", "country": "Palestine", "admin1": "Gaza Strip", "admin2": "Deir El Balah", "admin3": null, "location": "Al Maghazi", "latitude": 31.4214, "longitude": 34.3865, "geo_precision": 1, "source": "Arab 48; Palestine News and Information Agency; Quds News Network", "source_scale": "National", "notes": "On 24 October 2024, Israeli warplanes struck the Al Maghaz Services Club that hosts displaced people in Al Maghazi Camp (Deir El Balah, Gaza Strip), killing at least 11 persons [including children], and injuring others.", "fatalities": 11, "tags": null, "timestamp": 1753956638 }, "geometry": { "type": "Point", "coordinates": [ 34.3865, 31.4214 ] } },
{ "type": "Feature", "properties": { "event_id_cnty": "PSE61972", "event_date": "10/24/2024", "year": 2024, "time_precision": 1, "disorder_type": "Political violence", "event_type": "Explosions/Remote violence", "sub_event_type": "Air/drone strike", "actor1": "Military Forces of Israel (2022-)", "assoc_actor_1": null, "inter1": 8, "actor2": "Civilians (Palestine)", "assoc_actor_2": "Labor Group (Palestine)", "inter2": 7, "interaction": 78, "civilian_targeting": "Civilian targeting", "iso": 275, "region": "Middle East", "country": "Palestine", "admin1": "Gaza Strip", "admin2": "North Gaza", "admin3": null, "location": "Beit Lahiya - Al Mashroo", "latitude": 31.5433, "longitude": 34.4998, "geo_precision": 1, "source": "Palestine News and Information Agency; Quds News Network", "source_scale": "National", "notes": "On 24 October 2024, Israeli UAVs opened fire and injured 3 member of Palestinian rescue teams in Beit Lahiya - Al Mashroo (North Gaza, Gaza Strip). Also, artillery shelled targets and tanks opened fire in the same location. Also, Israeli forces opened fire at the Kamal Odwan Hospital. [casualties unknown].", "fatalities": 0, "tags": null, "timestamp": 1753956638 }, "geometry": { "type": "Point", "coordinates": [ 34.4998, 31.5433 ] } },
{ "type": "Feature", "properties": { "event_id_cnty": "PSE61996", "event_date": "10/24/2024", "year": 2024, "time_precision": 1, "disorder_type": "Political violence", "event_type": "Explosions/Remote violence", "sub_event_type": "Shelling/artillery/missile attack", "actor1": "Military Forces of Israel (2022-)", "assoc_actor_1": null, "inter1": 8, "actor2": "Civilians (Palestine)", "assoc_actor_2": "Health Workers (Palestine)", "inter2": 7, "interaction": 78, "civilian_targeting": "Civilian targeting", "iso": 275, "region": "Middle East", "country": "Palestine", "admin1": "Gaza Strip", "admin2": "Deir El Balah", "admin3": null, "location": "Az Zawayda", "latitude": 31.4284, "longitude": 34.366, "geo_precision": 1, "source": "Quds News Network", "source_scale": "National", "notes": "On 24 October 2024, Israeli artillery shelled targets in Az Zawayda (Deir El Balah, Gaza Strip). Several health workers were injured after a shell fell near the bus.", "fatalities": 0, "tags": null, "timestamp": 1767742780 }, "geometry": { "type": "Point", "coordinates": [ 34.366, 31.4284 ] } },
{ "type": "Feature", "properties": { "event_id_cnty": "PSE62090", "event_date": "10/24/2024", "year": 2024, "time_precision": 1, "disorder_type": "Political violence", "event_type": "Explosions/Remote violence", "sub_event_type": "Air/drone strike", "actor1": "Military Forces of Israel (2022-)", "assoc_actor_1": null, "inter1": 8, "actor2": "Civilians (Palestine)", "assoc_actor_2": null, "inter2": 7, "interaction": 78, "civilian_targeting": "Civilian targeting", "iso": 275, "region": "Middle East", "country": "Palestine", "admin1": "Gaza Strip", "admin2": "Khan Yunis", "admin3": null, "location": "Khan Yunis - Maen", "latitude": 31.336, "longitude": 34.3172, "geo_precision": 1, "source": "Ma'an News Agency; Palestine News and Information Agency; Quds News Network", "source_scale": "National", "notes": "On 24 October 2024, Israeli warplanes struck a house in Khan Yunis - Maen (Khan Yunis, Gaza Strip), killing 3 Palestinians and injuring others.", "fatalities": 3, "tags": null, "timestamp": 1753956638 }, "geometry": { "type": "Point", "coordinates": [ 34.3172, 31.336 ] } },
{ "type": "Feature", "properties": { "event_id_cnty": "PSE62093", "event_date": "10/24/2024", "year": 2024, "time_precision": 1, "disorder_type": "Political violence", "event_type": "Explosions/Remote violence", "sub_event_type": "Shelling/artillery/missile attack", "actor1": "Military Forces of Israel (2022-)", "assoc_actor_1": null, "inter1": 8, "actor2": "Civilians (Palestine)", "assoc_actor_2": null, "inter2": 7, "interaction": 78, "civilian_targeting": "Civilian targeting", "iso": 275, "region": "Middle East", "country": "Palestine", "admin1": "Gaza Strip", "admin2": "Gaza City", "admin3": null, "location": "Gaza - Ash Shati' Camp", "latitude": 31.5349, "longitude": 34.4466, "geo_precision": 2, "source": "Ma'an News Agency; Quds News Network", "source_scale": "National", "notes": "On 24 October 2024, Israeli artillery shelled near the Muthaf Hotel northwest of Gaza City, coded to Gaza - Ash Shati' Camp (Gaza City, Gaza Strip), killing a Palestinian.", "fatalities": 1, "tags": null, "timestamp": 1759790002 }, "geometry": { "type": "Point", "coordinates": [ 34.4466, 31.5349 ] } },
{ "type": "Feature", "properties": { "event_id_cnty": "PSE62085", "event_date": "10/24/2024", "year": 2024, "time_precision": 1, "disorder_type": "Political violence", "event_type": "Explosions/Remote violence", "sub_event_type": "Air/drone strike", "actor1": "Military Forces of Israel (2022-)", "assoc_actor_1": null, "inter1": 8, "actor2": "Civilians (Palestine)", "assoc_actor_2": "Refugees/IDPs (Palestine)", "inter2": 7, "interaction": 78, "civilian_targeting": "Civilian targeting", "iso": 275, "region": "Middle East", "country": "Palestine", "admin1": "Gaza Strip", "admin2": "North Gaza", "admin3": null, "location": "Jabalya Camp", "latitude": 31.536, "longitude": 34.4907, "geo_precision": 1, "source": "Arab 48; Dunia Al Watan; Newpress; Palestine News and Information Agency; Quds News Network; Twitter", "source_scale": "New media-National", "notes": "On 24 October 2024, Israeli warplanes and UAVs struck the Jabalya Camp (North Gaza, Gaza Strip) amid artillery and tank fire. At least 2 Palestinians were killed (woman and her son were killed). Also, warplanes struck 10 houses in Al Houja area of the camp center, killing and injuring 150 Palestinians [fatalities coded as 75]. In addition, Israeli tanks opened fire toward the tent of displaced people at Abu Hussain School in Jabalya Camp. Total fatalities coded at least 77.", "fatalities": 77, "tags": null, "timestamp": 1753956638 }, "geometry": { "type": "Point", "coordinates": [ 34.4907, 31.536 ] } },
{ "type": "Feature", "properties": { "event_id_cnty": "PSE62118", "event_date": "10/24/2024", "year": 2024, "time_precision": 1, "disorder_type": "Political violence", "event_type": "Explosions/Remote violence", "sub_event_type": "Air/drone strike", "actor1": "Military Forces of Israel (2022-)", "assoc_actor_1": null, "inter1": 8, "actor2": "Civilians (Palestine)", "assoc_actor_2": null, "inter2": 7, "interaction": 78, "civilian_targeting": "Civilian targeting", "iso": 275, "region": "Middle East", "country": "Palestine", "admin1": "Gaza Strip", "admin2": "Rafah", "admin3": null, "location": "Yibna", "latitude": 31.2842, "longitude": 34.2482, "geo_precision": 2, "source": "Palestine News and Information Agency; PLO Negotiations Affairs Department; Quds News Network", "source_scale": "Other-National", "notes": "On 24 October 2024, Israeli UAV struck a motorcycle in Al Tannour east of Rafah, killing a Palestinian. Also, artillery and tanks shelled targets east of Rafah, coded to Yibna (Rafah, Gaza Strip). Casualties unknown. In addition, warplanes carried out a strike near Karem Abu Moammar east of Rafah [casualties unknown]. Fatalities coded at least 1.", "fatalities": 1, "tags": null, "timestamp": 1753956638 }, "geometry": { "type": "Point", "coordinates": [ 34.2482, 31.2842 ] } },
{ "type": "Feature", "properties": { "event_id_cnty": "PSE62031", "event_date": "10/24/2024", "year": 2024, "time_precision": 1, "disorder_type": "Political violence", "event_type": "Explosions/Remote violence", "sub_event_type": "Air/drone strike", "actor1": "Military Forces of Israel (2022-)", "assoc_actor_1": null, "inter1": 8, "actor2": "Civilians (Palestine)", "assoc_actor_2": null, "inter2": 7, "interaction": 78, "civilian_targeting": "Civilian targeting", "iso": 275, "region": "Middle East", "country": "Palestine", "admin1": "Gaza Strip", "admin2": "Gaza City", "admin3": null, "location": "Gaza - Az Zaytun", "latitude": 31.4964, "longitude": 34.4522, "geo_precision": 1, "source": "Ma'an News Agency; Newpress; Palestine News and Information Agency; Quds News Network; Twitter", "source_scale": "New media-National", "notes": "On 24 October 2024, Israeli warplanes targeted the Gaza - Az Zaytun (Gaza City, Gaza Strip), killing a Palestinian.", "fatalities": 1, "tags": null, "timestamp": 1759790002 }, "geometry": { "type": "Point", "coordinates": [ 34.4522, 31.4964 ] } },
{ "type": "Feature", "properties": { "event_id_cnty": "PSE62116", "event_date": "10/24/2024", "year": 2024, "time_precision": 1, "disorder_type": "Political violence", "event_type": "Explosions/Remote violence", "sub_event_type": "Air/drone strike", "actor1": "Military Forces of Israel (2022-)", "assoc_actor_1": null, "inter1": 8, "actor2": "Civilians (Palestine)", "assoc_actor_2": null, "inter2": 7, "interaction": 78, "civilian_targeting": "Civilian targeting", "iso": 275, "region": "Middle East", "country": "Palestine", "admin1": "Gaza Strip", "admin2": "North Gaza", "admin3": null, "location": "Sheikh Zaid", "latitude": 31.5392, "longitude": 34.5117, "geo_precision": 1, "source": "Arab 48; Palestine News and Information Agency; Quds News Network", "source_scale": "National", "notes": "On 24 October 2024, Israeli warplanes struck at the junction of Sheikh Zaid (North Gaza, Gaza Strip), killing a Palestinian and injuring others.", "fatalities": 1, "tags": null, "timestamp": 1759790002 }, "geometry": { "type": "Point", "coordinates": [ 34.5117, 31.5392 ] } },
{ "type": "Feature", "properties": { "event_id_cnty": "PSE62144", "event_date": "10/24/2024", "year": 2024, "time_precision": 1, "disorder_type": "Political violence", "event_type": "Explosions/Remote violence", "sub_event_type": "Shelling/artillery/missile attack", "actor1": "Military Forces of Israel (2022-)", "assoc_actor_1": null, "inter1": 8, "actor2": "Civilians (Palestine)", "assoc_actor_2": "Refugees/IDPs (Palestine)", "inter2": 7, "interaction": 78, "civilian_targeting": "Civilian targeting", "iso": 275, "region": "Middle East", "country": "Palestine", "admin1": "Gaza Strip", "admin2": "North Gaza", "admin3": null, "location": "Jabalya", "latitude": 31.5272, "longitude": 34.4835, "geo_precision": 1, "source": "Palestine News and Information Agency; Quds News Network", "source_scale": "National", "notes": "On 24 October 2024, Israeli artillery shelled the Jabalya Al Nuzlah in Jabalya town (North Gaza, Gaza Strip). A number of displaced people were injured.", "fatalities": 0, "tags": null, "timestamp": 1759790002 }, "geometry": { "type": "Point", "coordinates": [ 34.4835, 31.5272 ] } },
{ "type": "Feature", "properties": { "event_id_cnty": "PSE62087", "event_date": "10/24/2024", "year": 2024, "time_precision": 1, "disorder_type": "Political violence", "event_type": "Explosions/Remote violence", "sub_event_type": "Air/drone strike", "actor1": "Military Forces of Israel (2022-)", "assoc_actor_1": null, "inter1": 8, "actor2": "Civilians (Palestine)", "assoc_actor_2": "Muslim Group (Palestine)", "inter2": 7, "interaction": 78, "civilian_targeting": "Civilian targeting", "iso": 275, "region": "Middle East", "country": "Palestine", "admin1": "Gaza Strip", "admin2": "Khan Yunis", "admin3": null, "location": "Khan Yunis - Jourat Al-Loot", "latitude": 31.3314, "longitude": 34.3004, "geo_precision": 1, "source": "Arab 48; Quds News Network", "source_scale": "National", "notes": "On 24 October 2024, Israeli warplanes struck a mosque in Khan Yunis - Jourat Al-Loot (Khan Yunis, Gaza Strip), leaving injuries.", "fatalities": 0, "tags": null, "timestamp": 1753956638 }, "geometry": { "type": "Point", "coordinates": [ 34.3004, 31.3314 ] } },
{ "type": "Feature", "properties": { "event_id_cnty": "PSE62196", "event_date": "10/24/2024", "year": 2024, "time_precision": 1, "disorder_type": "Political violence", "event_type": "Explosions/Remote violence", "sub_event_type": "Shelling/artillery/missile attack", "actor1": "Military Forces of Israel (2022-)", "assoc_actor_1": null, "inter1": 8, "actor2": "Civilians (Palestine)", "assoc_actor_2": null, "inter2": 7, "interaction": 78, "civilian_targeting": "Civilian targeting", "iso": 275, "region": "Middle East", "country": "Palestine", "admin1": "Gaza Strip", "admin2": "Rafah", "admin3": null, "location": "Khirbet al Adas", "latitude": 31.2855, "longitude": 34.2714, "geo_precision": 2, "source": "Ma'an News Agency", "source_scale": "National", "notes": "On 24 October 2024, Israeli artillery shelled north of Rafah, coded to Khirbet al Adas (Rafah, Gaza Strip), killed a Palestinian and injuring a number of others.", "fatalities": 1, "tags": null, "timestamp": 1753956638 }, "geometry": { "type": "Point", "coordinates": [ 34.2714, 31.2855 ] } },
{ "type": "Feature", "properties": { "event_id_cnty": "PSE62199", "event_date": "10/24/2024", "year": 2024, "time_precision": 1, "disorder_type": "Political violence", "event_type": "Explosions/Remote violence", "sub_event_type": "Shelling/artillery/missile attack", "actor1": "Military Forces of Israel (2022-)", "assoc_actor_1": null, "inter1": 8, "actor2": "Civilians (Palestine)", "assoc_actor_2": null, "inter2": 7, "interaction": 78, "civilian_targeting": "Civilian targeting", "iso": 275, "region": "Middle East", "country": "Palestine", "admin1": "Gaza Strip", "admin2": "Khan Yunis", "admin3": null, "location": "Qizan an Najjar", "latitude": 31.323, "longitude": 34.2761, "geo_precision": 2, "source": "Palestine News and Information Agency; Quds News Network", "source_scale": "National", "notes": "On 24 October 2024, Israeli artillery shelled Al Manarah area east of Qizan an Najjar (Khan Yunis, Gaza Strip), killing a Palestinian.", "fatalities": 1, "tags": null, "timestamp": 1753956638 }, "geometry": { "type": "Point", "coordinates": [ 34.2761, 31.323 ] } },
{ "type": "Feature", "properties": { "event_id_cnty": "PSE61930", "event_date": "10/24/2024", "year": 2024, "time_precision": 1, "disorder_type": "Political violence", "event_type": "Explosions/Remote violence", "sub_event_type": "Air/drone strike", "actor1": "Military Forces of Israel (2022-)", "assoc_actor_1": null, "inter1": 8, "actor2": "Civilians (Palestine)", "assoc_actor_2": null, "inter2": 7, "interaction": 78, "civilian_targeting": "Civilian targeting", "iso": 275, "region": "Middle East", "country": "Palestine", "admin1": "Gaza Strip", "admin2": "Rafah", "admin3": null, "location": "Al Junainah", "latitude": 31.2642, "longitude": 34.2636, "geo_precision": 1, "source": "Newpress; Palestine News and Information Agency; Twitter", "source_scale": "New media-National", "notes": "On 24 October 2024, Israeli warplanes struck the Al Junainah (Rafah, Gaza Strip), killing 2 Palestinians.", "fatalities": 2, "tags": null, "timestamp": 1753956638 }, "geometry": { "type": "Point", "coordinates": [ 34.2636, 31.2642 ] } },
{ "type": "Feature", "properties": { "event_id_cnty": "PSE76498", "event_date": "10/24/2024", "year": 2024, "time_precision": 1, "disorder_type": "Political violence", "event_type": "Violence against civilians", "sub_event_type": "Attack", "actor1": "Unidentified Armed Group (Palestine)", "assoc_actor_1": null, "inter1": 3, "actor2": "Civilians (Palestine)", "assoc_actor_2": null, "inter2": 7, "interaction": 37, "civilian_targeting": "Civilian targeting", "iso": 275, "region": "Middle East", "country": "Palestine", "admin1": "Gaza Strip", "admin2": "Khan Yunis", "admin3": null, "location": "Khan Yunis", "latitude": 31.3502, "longitude": 34.3081, "geo_precision": 1, "source": "Aid Worker Security Database", "source_scale": "Local partner-Other", "notes": "On 24 October 2024, one aid worker (likely aid security committees) was killed during a military operation in Khan Yunis, Gaza Strip. At least 33 people were killed in the same incident. This event involved violence over aid.", "fatalities": 1, "tags": null, "timestamp": 1756156113 }, "geometry": { "type": "Point", "coordinates": [ 34.3081, 31.3502 ] } },
{ "type": "Feature", "properties": { "event_id_cnty": "PSE61942", "event_date": "10/25/2024", "year": 2024, "time_precision": 1, "disorder_type": "Political violence", "event_type": "Explosions/Remote violence", "sub_event_type": "Air/drone strike", "actor1": "Military Forces of Israel (2022-)", "assoc_actor_1": null, "inter1": 8, "actor2": "Civilians (Palestine)", "assoc_actor_2": "Refugees/IDPs (Palestine)", "inter2": 7, "interaction": 78, "civilian_targeting": "Civilian targeting", "iso": 275, "region": "Middle East", "country": "Palestine", "admin1": "Gaza Strip", "admin2": "Khan Yunis", "admin3": null, "location": "Al Mawasi (Khan Yunis)", "latitude": 31.3482, "longitude": 34.2547, "geo_precision": 1, "source": "Al Ghad (Jordan); Ma'an News Agency", "source_scale": "National-Regional", "notes": "On 25 October 2024, an Israeli UAV struck a tent belongs to displaced people in the area of Bier 19 in (Al Mawasi (Khan Yunis), Gaza Strip), killing 3 Palestinians.", "fatalities": 3, "tags": null, "timestamp": 1762829569 }, "geometry": { "type": "Point", "coordinates": [ 34.2547, 31.3482 ] } },
{ "type": "Feature", "properties": { "event_id_cnty": "PSE61966", "event_date": "10/25/2024", "year": 2024, "time_precision": 1, "disorder_type": "Political violence", "event_type": "Explosions/Remote violence", "sub_event_type": "Air/drone strike", "actor1": "Military Forces of Israel (2022-)", "assoc_actor_1": null, "inter1": 8, "actor2": "Civilians (Palestine)", "assoc_actor_2": null, "inter2": 7, "interaction": 78, "civilian_targeting": "Civilian targeting", "iso": 275, "region": "Middle East", "country": "Palestine", "admin1": "Gaza Strip", "admin2": "North Gaza", "admin3": null, "location": "Beit Lahiya", "latitude": 31.5541, "longitude": 34.5016, "geo_precision": 1, "source": "Ma'an News Agency; Newpress; Palestine News and Information Agency; Quds News Network; Twitter", "source_scale": "New media-National", "notes": "On 25 October 2024, Israeli warplanes struck 2 houses in Beit Lahiya (North Gaza, Gaza Strip), killing at least 20 Palestinians and injuring dozens. Also, Israeli forces opened fire on the outskirts of Kamal Odwan Hospital and shelled targets in the area [casualties unknown]. Fatalities coded at least 20.", "fatalities": 20, "tags": null, "timestamp": 1753956638 }, "geometry": { "type": "Point", "coordinates": [ 34.5016, 31.5541 ] } },
{ "type": "Feature", "properties": { "event_id_cnty": "PSE61979", "event_date": "10/25/2024", "year": 2024, "time_precision": 1, "disorder_type": "Political violence", "event_type": "Explosions/Remote violence", "sub_event_type": "Air/drone strike", "actor1": "Military Forces of Israel (2022-)", "assoc_actor_1": null, "inter1": 8, "actor2": "Civilians (Palestine)", "assoc_actor_2": null, "inter2": 7, "interaction": 78, "civilian_targeting": "Civilian targeting", "iso": 275, "region": "Middle East", "country": "Palestine", "admin1": "Gaza Strip", "admin2": "North Gaza", "admin3": null, "location": "Beit Lahiya - Al Mashroo", "latitude": 31.5433, "longitude": 34.4998, "geo_precision": 1, "source": "Newpress; Twitter", "source_scale": "New media-National", "notes": "On 25 October 2024, Israeli warplanes struck a target near the Qasasam mosque in Beit Lahiya - Al Mashroo (North Gaza, Gaza Strip), killing 2 Palestinians.", "fatalities": 2, "tags": null, "timestamp": 1753956638 }, "geometry": { "type": "Point", "coordinates": [ 34.4998, 31.5433 ] } },
{ "type": "Feature", "properties": { "event_id_cnty": "PSE62034", "event_date": "10/25/2024", "year": 2024, "time_precision": 1, "disorder_type": "Political violence", "event_type": "Explosions/Remote violence", "sub_event_type": "Air/drone strike", "actor1": "Military Forces of Israel (2022-)", "assoc_actor_1": null, "inter1": 8, "actor2": "Civilians (Palestine)", "assoc_actor_2": null, "inter2": 7, "interaction": 78, "civilian_targeting": "Civilian targeting", "iso": 275, "region": "Middle East", "country": "Palestine", "admin1": "Gaza Strip", "admin2": "Gaza City", "admin3": null, "location": "Gaza - Sabra", "latitude": 31.5086, "longitude": 34.4493, "geo_precision": 1, "source": "Newpress; Twitter", "source_scale": "New media-National", "notes": "On 25 October 2024, Israeli warplanes struck a house in Gaza - Sabra (Gaza City, Gaza Strip). Casualties unknown.", "fatalities": 0, "tags": null, "timestamp": 1759790002 }, "geometry": { "type": "Point", "coordinates": [ 34.4493, 31.5086 ] } },
{ "type": "Feature", "properties": { "event_id_cnty": "PSE62040", "event_date": "10/25/2024", "year": 2024, "time_precision": 1, "disorder_type": "Political violence", "event_type": "Explosions/Remote violence", "sub_event_type": "Air/drone strike", "actor1": "Military Forces of Israel (2022-)", "assoc_actor_1": null, "inter1": 8, "actor2": "Civilians (Palestine)", "assoc_actor_2": null, "inter2": 7, "interaction": 78, "civilian_targeting": "Civilian targeting", "iso": 275, "region": "Middle East", "country": "Palestine", "admin1": "Gaza Strip", "admin2": "Gaza City", "admin3": null, "location": "Gaza - Southern Remal", "latitude": 31.5168, "longitude": 34.4355, "geo_precision": 2, "source": "Ma'an News Agency; Palestine News and Information Agency; Quds News Network", "source_scale": "National", "notes": "On 25 October 2024, Israeli warplanes carried out a strike in the Senaa area west of Gaza, coded to Gaza - Southern Remal (Gaza City, Gaza Strip), killing 2 Palestinians.", "fatalities": 2, "tags": null, "timestamp": 1759790002 }, "geometry": { "type": "Point", "coordinates": [ 34.4355, 31.5168 ] } },
{ "type": "Feature", "properties": { "event_id_cnty": "PSE62053", "event_date": "10/25/2024", "year": 2024, "time_precision": 1, "disorder_type": "Political violence", "event_type": "Explosions/Remote violence", "sub_event_type": "Air/drone strike", "actor1": "Military Forces of Israel (2022-)", "assoc_actor_1": null, "inter1": 8, "actor2": "Civilians (Palestine)", "assoc_actor_2": null, "inter2": 7, "interaction": 78, "civilian_targeting": "Civilian targeting", "iso": 275, "region": "Middle East", "country": "Palestine", "admin1": "Gaza Strip", "admin2": "Gaza City", "admin3": null, "location": "Gaza Port", "latitude": 31.5245, "longitude": 34.4326, "geo_precision": 2, "source": "Ma'an News Agency; Palestine News and Information Agency", "source_scale": "National", "notes": "On 25 October 2024, Israeli warplanes carried out a strike in the fisher port, coded to Gaza Port (Gaza City, Gaza Strip), killing 2 persons.", "fatalities": 2, "tags": null, "timestamp": 1753956638 }, "geometry": { "type": "Point", "coordinates": [ 34.4326, 31.5245 ] } },
{ "type": "Feature", "properties": { "event_id_cnty": "PSE62296", "event_date": "10/25/2024", "year": 2024, "time_precision": 1, "disorder_type": "Political violence", "event_type": "Explosions/Remote violence", "sub_event_type": "Air/drone strike", "actor1": "Military Forces of Israel (2022-)", "assoc_actor_1": null, "inter1": 8, "actor2": "Civilians (Palestine)", "assoc_actor_2": null, "inter2": 7, "interaction": 78, "civilian_targeting": "Civilian targeting", "iso": 275, "region": "Middle East", "country": "Palestine", "admin1": "Gaza Strip", "admin2": "Gaza City", "admin3": null, "location": "Gaza - Ash Shati' Camp", "latitude": 31.5349, "longitude": 34.4466, "geo_precision": 2, "source": "Ma'an News Agency; Palestine News and Information Agency; Quds News Network", "source_scale": "National", "notes": "On 25 October 2024, Israeli warplanes carried out strikes northwest of Gaza City, coded to Gaza - Ash Shati' Camp (Gaza City, Gaza Strip), killing 11 Palestinians. Also, warplanes struck a passing bus near al Khaldi mosque northwest of thew city, killing 5 persons. Total confirmed fatalities were 16.", "fatalities": 16, "tags": null, "timestamp": 1759790002 }, "geometry": { "type": "Point", "coordinates": [ 34.4466, 31.5349 ] } },
{ "type": "Feature", "properties": { "event_id_cnty": "PSE62146", "event_date": "10/25/2024", "year": 2024, "time_precision": 1, "disorder_type": "Political violence", "event_type": "Explosions/Remote violence", "sub_event_type": "Shelling/artillery/missile attack", "actor1": "Military Forces of Israel (2022-)", "assoc_actor_1": null, "inter1": 8, "actor2": "Civilians (Palestine)", "assoc_actor_2": "Refugees/IDPs (Palestine)", "inter2": 7, "interaction": 78, "civilian_targeting": "Civilian targeting", "iso": 275, "region": "Middle East", "country": "Palestine", "admin1": "Gaza Strip", "admin2": "North Gaza", "admin3": null, "location": "Jabalya", "latitude": 31.5272, "longitude": 34.4835, "geo_precision": 1, "source": "Newpress; Quds News Network; Twitter", "source_scale": "New media-National", "notes": "On 25 October 2024, Israeli artillery shelled the Halima al-Saadeya School that hosts displaced people in Jabalya Al Nazalah of Jabalya town (North Gaza, Gaza Strip), injuring a number of Palestinians.", "fatalities": 0, "tags": null, "timestamp": 1759790002 }, "geometry": { "type": "Point", "coordinates": [ 34.4835, 31.5272 ] } },
{ "type": "Feature", "properties": { "event_id_cnty": "PSE62101", "event_date": "10/25/2024", "year": 2024, "time_precision": 1, "disorder_type": "Political violence", "event_type": "Explosions/Remote violence", "sub_event_type": "Air/drone strike", "actor1": "Military Forces of Israel (2022-)", "assoc_actor_1": null, "inter1": 8, "actor2": "Civilians (Palestine)", "assoc_actor_2": null, "inter2": 7, "interaction": 78, "civilian_targeting": "Civilian targeting", "iso": 275, "region": "Middle East", "country": "Palestine", "admin1": "Gaza Strip", "admin2": "Rafah", "admin3": null, "location": "Khirbet al Adas", "latitude": 31.2855, "longitude": 34.2714, "geo_precision": 2, "source": "Newpress; Palestine News and Information Agency; Twitter", "source_scale": "New media-National", "notes": "On 25 October 2024, Israeli warplanes struck a target north of Rafah, coded to Khirbet al Adas (Rafah, Gaza Strip), killing a Palestinian.", "fatalities": 1, "tags": null, "timestamp": 1753956638 }, "geometry": { "type": "Point", "coordinates": [ 34.2714, 31.2855 ] } },
{ "type": "Feature", "properties": { "event_id_cnty": "PSE62113", "event_date": "10/25/2024", "year": 2024, "time_precision": 1, "disorder_type": "Political violence", "event_type": "Explosions/Remote violence", "sub_event_type": "Air/drone strike", "actor1": "Military Forces of Israel (2022-)", "assoc_actor_1": null, "inter1": 8, "actor2": "Civilians (Palestine)", "assoc_actor_2": null, "inter2": 7, "interaction": 78, "civilian_targeting": "Civilian targeting", "iso": 275, "region": "Middle East", "country": "Palestine", "admin1": "Gaza Strip", "admin2": "Khan Yunis", "admin3": null, "location": "Qizan an Najjar", "latitude": 31.323, "longitude": 34.2761, "geo_precision": 2, "source": "Al-Ittihad; Haaretz; Ma'an News Agency; Newpress; Palestine News and Information Agency; Quds News Network; Twitter", "source_scale": "New media-National", "notes": "On 25 October 2024, Israeli warplanes carried out airstrikes in Al Manarah area east of Qizan an Najjar (Khan Yunis, Gaza Strip), killing 38 Palestinians including women and children and injuring dozens.", "fatalities": 38, "tags": null, "timestamp": 1753956638 }, "geometry": { "type": "Point", "coordinates": [ 34.2761, 31.323 ] } },
{ "type": "Feature", "properties": { "event_id_cnty": "PSE62305", "event_date": "10/26/2024", "year": 2024, "time_precision": 1, "disorder_type": "Political violence", "event_type": "Explosions/Remote violence", "sub_event_type": "Air/drone strike", "actor1": "Military Forces of Israel (2022-)", "assoc_actor_1": null, "inter1": 8, "actor2": "Civilians (Palestine)", "assoc_actor_2": null, "inter2": 7, "interaction": 78, "civilian_targeting": "Civilian targeting", "iso": 275, "region": "Middle East", "country": "Palestine", "admin1": "Gaza Strip", "admin2": "Khan Yunis", "admin3": null, "location": "Abasan al Kabirah", "latitude": 31.3191, "longitude": 34.3401, "geo_precision": 2, "source": "Arab 48; Ma'an News Agency; Palestine News and Information Agency; Quds News Network", "source_scale": "National", "notes": "On 26 October 2024, at around 15:10, Israeli warplanes struck the Al Shahaydeh area north of Abasan al Kabirah (Khan Yunis, Gaza Strip), killing an injuring a number of Palestinians [unspecified number of fatalities coded as 3].", "fatalities": 3, "tags": null, "timestamp": 1753956638 }, "geometry": { "type": "Point", "coordinates": [ 34.3401, 31.3191 ] } },
{ "type": "Feature", "properties": { "event_id_cnty": "PSE62329", "event_date": "10/26/2024", "year": 2024, "time_precision": 1, "disorder_type": "Political violence", "event_type": "Explosions/Remote violence", "sub_event_type": "Air/drone strike", "actor1": "Military Forces of Israel (2022-)", "assoc_actor_1": null, "inter1": 8, "actor2": "Civilians (Palestine)", "assoc_actor_2": null, "inter2": 7, "interaction": 78, "civilian_targeting": "Civilian targeting", "iso": 275, "region": "Middle East", "country": "Palestine", "admin1": "Gaza Strip", "admin2": "Deir El Balah", "admin3": null, "location": "Al Maghazi", "latitude": 31.4214, "longitude": 34.3865, "geo_precision": 1, "source": "Quds News Network", "source_scale": "National", "notes": "On 26 October 2024, at around 9:53, Israeli warplanes struck at the entrance of Al Maghazi Camp (Deir El Balah, Gaza Strip), killing a Palestinian and injuring a number of others.", "fatalities": 1, "tags": null, "timestamp": 1753956638 }, "geometry": { "type": "Point", "coordinates": [ 34.3865, 31.4214 ] } },
{ "type": "Feature", "properties": { "event_id_cnty": "PSE62438", "event_date": "10/26/2024", "year": 2024, "time_precision": 1, "disorder_type": "Political violence", "event_type": "Explosions/Remote violence", "sub_event_type": "Air/drone strike", "actor1": "Military Forces of Israel (2022-)", "assoc_actor_1": null, "inter1": 8, "actor2": "Civilians (Palestine)", "assoc_actor_2": "Refugees/IDPs (Palestine)", "inter2": 7, "interaction": 78, "civilian_targeting": "Civilian targeting", "iso": 275, "region": "Middle East", "country": "Palestine", "admin1": "Gaza Strip", "admin2": "North Gaza", "admin3": null, "location": "Beit Lahiya", "latitude": 31.5541, "longitude": 34.5016, "geo_precision": 1, "source": "Al Ghad (Jordan); Arab 48; Dunia Al Watan; Ma'an News Agency; Newpress; Palestine News and Information Agency; Quds News Network; Twitter", "source_scale": "New media-National", "notes": "On 26 October 2024, Israeli warplanes struck a residential complex in Beit Lahiya town (North Gaza, Gaza Strip), killing at least 40 Palestinians including women and children, and injuring at least 80 more [including displaced people]. Later reports confirmed that the total number of fatalities had risen from 40 to at least 93. Also, at around 14:07, warplanes struck near the Al Shaymaa School in the town [casualties unknown]. Fatalities coded at least 93.", "fatalities": 93, "tags": null, "timestamp": 1753956638 }, "geometry": { "type": "Point", "coordinates": [ 34.5016, 31.5541 ] } },
{ "type": "Feature", "properties": { "event_id_cnty": "PSE62485", "event_date": "10/26/2024", "year": 2024, "time_precision": 1, "disorder_type": "Political violence", "event_type": "Explosions/Remote violence", "sub_event_type": "Air/drone strike", "actor1": "Military Forces of Israel (2022-)", "assoc_actor_1": null, "inter1": 8, "actor2": "Civilians (Palestine)", "assoc_actor_2": null, "inter2": 7, "interaction": 78, "civilian_targeting": "Civilian targeting", "iso": 275, "region": "Middle East", "country": "Palestine", "admin1": "Gaza Strip", "admin2": "Gaza City", "admin3": null, "location": "Gaza", "latitude": 31.5045, "longitude": 34.4743, "geo_precision": 1, "source": "Arab 48; Newpress; Palestine News and Information Agency; Quds News Network; Twitter", "source_scale": "New media-National", "notes": "On 26 October 2024, at around 3:42, Israeli warplanes struck a house in Al Nafaq Street in Gaza City (Gaza Strip), killing 2 Palestinians and injuring others.", "fatalities": 2, "tags": null, "timestamp": 1759790002 }, "geometry": { "type": "Point", "coordinates": [ 34.4743, 31.5045 ] } },
{ "type": "Feature", "properties": { "event_id_cnty": "PSE62507", "event_date": "10/26/2024", "year": 2024, "time_precision": 1, "disorder_type": "Political violence", "event_type": "Explosions/Remote violence", "sub_event_type": "Air/drone strike", "actor1": "Military Forces of Israel (2022-)", "assoc_actor_1": null, "inter1": 8, "actor2": "Civilians (Palestine)", "assoc_actor_2": null, "inter2": 7, "interaction": 78, "civilian_targeting": "Civilian targeting", "iso": 275, "region": "Middle East", "country": "Palestine", "admin1": "Gaza Strip", "admin2": "Gaza City", "admin3": null, "location": "Gaza - Sabra", "latitude": 31.5086, "longitude": 34.4493, "geo_precision": 1, "source": "Arab 48; Quds News Network", "source_scale": "National", "notes": "On 26 October 2024, at around 10:07, Israeli UAVs opened fire in Gaza - Sabra (Gaza City, Gaza Strip), injuring a number of Palestinians.", "fatalities": 0, "tags": null, "timestamp": 1759790002 }, "geometry": { "type": "Point", "coordinates": [ 34.4493, 31.5086 ] } },
{ "type": "Feature", "properties": { "event_id_cnty": "PSE62571", "event_date": "10/26/2024", "year": 2024, "time_precision": 1, "disorder_type": "Political violence", "event_type": "Explosions/Remote violence", "sub_event_type": "Air/drone strike", "actor1": "Military Forces of Israel (2022-)", "assoc_actor_1": null, "inter1": 8, "actor2": "Civilians (Palestine)", "assoc_actor_2": "Refugees/IDPs (Palestine)", "inter2": 7, "interaction": 78, "civilian_targeting": "Civilian targeting", "iso": 275, "region": "Middle East", "country": "Palestine", "admin1": "Gaza Strip", "admin2": "North Gaza", "admin3": null, "location": "Jabalya Camp", "latitude": 31.536, "longitude": 34.4907, "geo_precision": 1, "source": "Arab 48; Ma'an News Agency; Newpress; Palestine News and Information Agency; Quds News Network; Twitter", "source_scale": "New media-National", "notes": "On 26 October 2024, Israeli UAVs struck on the outskirts of Al Fakhour School in Jabalya Camp (North Gaza, Gaza Strip), killing 2 Palestinians. Also, at around 6:24, Israeli artillery shelled targets and tanks opened fire in the camp [casualties unknown]. Fatalities coded at least 2.", "fatalities": 2, "tags": null, "timestamp": 1753956638 }, "geometry": { "type": "Point", "coordinates": [ 34.4907, 31.536 ] } },
{ "type": "Feature", "properties": { "event_id_cnty": "PSE62501", "event_date": "10/26/2024", "year": 2024, "time_precision": 1, "disorder_type": "Political violence", "event_type": "Explosions/Remote violence", "sub_event_type": "Air/drone strike", "actor1": "Military Forces of Israel (2022-)", "assoc_actor_1": null, "inter1": 8, "actor2": "Civilians (Palestine)", "assoc_actor_2": null, "inter2": 7, "interaction": 78, "civilian_targeting": "Civilian targeting", "iso": 275, "region": "Middle East", "country": "Palestine", "admin1": "Gaza Strip", "admin2": "Gaza City", "admin3": null, "location": "Gaza - Az Zaytun", "latitude": 31.4964, "longitude": 34.4522, "geo_precision": 2, "source": "Ma'an News Agency; Palestine News and Information Agency; Quds News Network", "source_scale": "National", "notes": "On 26 October 2024, at around 11:50, Israeli warplanes struck a house at Keshko Street east of Gaza - Az Zaytun [casualties unknown]. Also, helicopters opened fire toward the southern areas of Gaza City, coded to Gaza - Az Zaytun (Gaza City, Gaza Strip). Casualties unknown.", "fatalities": 0, "tags": null, "timestamp": 1759790002 }, "geometry": { "type": "Point", "coordinates": [ 34.4522, 31.4964 ] } },
{ "type": "Feature", "properties": { "event_id_cnty": "PSE62538", "event_date": "10/26/2024", "year": 2024, "time_precision": 1, "disorder_type": "Political violence", "event_type": "Explosions/Remote violence", "sub_event_type": "Air/drone strike", "actor1": "Military Forces of Israel (2022-)", "assoc_actor_1": null, "inter1": 8, "actor2": "Civilians (Palestine)", "assoc_actor_2": null, "inter2": 7, "interaction": 78, "civilian_targeting": "Civilian targeting", "iso": 275, "region": "Middle East", "country": "Palestine", "admin1": "Gaza Strip", "admin2": "North Gaza", "admin3": null, "location": "Jabalya", "latitude": 31.5272, "longitude": 34.4835, "geo_precision": 1, "source": "Palestine News and Information Agency; Quds News Network", "source_scale": "National", "notes": "On 26 October 2024, at around 7:49, Israeli warplanes struck at least 3 houses in Al Nazlah of Jabalya town (North Gaza, Gaza Strip), killing at least 3 Palestinians and injuring others. Also, 3 Palestinians were killed in an airstrike targeted a houses in Jabalya town. Total fatalities coded at least 6.", "fatalities": 6, "tags": null, "timestamp": 1759790002 }, "geometry": { "type": "Point", "coordinates": [ 34.4835, 31.5272 ] } },
{ "type": "Feature", "properties": { "event_id_cnty": "PSE62634", "event_date": "10/26/2024", "year": 2024, "time_precision": 1, "disorder_type": "Political violence", "event_type": "Explosions/Remote violence", "sub_event_type": "Air/drone strike", "actor1": "Military Forces of Israel (2022-)", "assoc_actor_1": null, "inter1": 8, "actor2": "Civilians (Palestine)", "assoc_actor_2": null, "inter2": 7, "interaction": 78, "civilian_targeting": "Civilian targeting", "iso": 275, "region": "Middle East", "country": "Palestine", "admin1": "Gaza Strip", "admin2": "Khan Yunis", "admin3": null, "location": "Qizan an Najjar", "latitude": 31.323, "longitude": 34.2761, "geo_precision": 2, "source": "Palestine News and Information Agency", "source_scale": "National", "notes": "On 26 October 2024, Israeli warplanes struck the Qizan Abu Rashwan west of Qizan an Najjar (Khan Yunis, Gaza Strip), killing a Palestinian girl and injuring others.", "fatalities": 1, "tags": null, "timestamp": 1753956638 }, "geometry": { "type": "Point", "coordinates": [ 34.2761, 31.323 ] } },
{ "type": "Feature", "properties": { "event_id_cnty": "PSE93982", "event_date": "10/26/2024", "year": 2024, "time_precision": 1, "disorder_type": "Political violence", "event_type": "Violence against civilians", "sub_event_type": "Abduction/forced disappearance", "actor1": "Military Forces of Israel (2022-)", "assoc_actor_1": null, "inter1": 8, "actor2": "Civilians (Palestine)", "assoc_actor_2": "Health Workers (Palestine); Refugees/IDPs (Palestine)", "inter2": 7, "interaction": 78, "civilian_targeting": "Civilian targeting", "iso": 275, "region": "Middle East", "country": "Palestine", "admin1": "Gaza Strip", "admin2": "North Gaza", "admin3": null, "location": "Beit Lahiya", "latitude": 31.5541, "longitude": 34.5016, "geo_precision": 1, "source": "Arab 48; Palestine News and Information Agency; Quds News Network", "source_scale": "National", "notes": "On 26 October 2024, Israeli military forces raided the Kamal Odwan Hospital in Beit Lahiya (North Gaza, Gaza Strip) and arrested Palestinians including health workers and IDPs.", "fatalities": 0, "tags": null, "timestamp": 1772581279 }, "geometry": { "type": "Point", "coordinates": [ 34.5016, 31.5541 ] } },
{ "type": "Feature", "properties": { "event_id_cnty": "PSE62339", "event_date": "10/27/2024", "year": 2024, "time_precision": 1, "disorder_type": "Political violence", "event_type": "Explosions/Remote violence", "sub_event_type": "Air/drone strike", "actor1": "Military Forces of Israel (2022-)", "assoc_actor_1": null, "inter1": 8, "actor2": "Civilians (Palestine)", "assoc_actor_2": null, "inter2": 7, "interaction": 78, "civilian_targeting": "Civilian targeting", "iso": 275, "region": "Middle East", "country": "Palestine", "admin1": "Gaza Strip", "admin2": "Rafah", "admin3": null, "location": "Al Mawasi (Rafah)", "latitude": 31.3294, "longitude": 34.2299, "geo_precision": 1, "source": "Arab 48; Palestine News and Information Agency; Quds News Network", "source_scale": "National", "notes": "On 27 October 2024, at around 20:33, Israeli UAV carried out a strike in (Al Mawasi (Rafah), Gaza Strip), killing a Palestinian.", "fatalities": 1, "tags": null, "timestamp": 1762829569 }, "geometry": { "type": "Point", "coordinates": [ 34.2299, 31.3294 ] } },
{ "type": "Feature", "properties": { "event_id_cnty": "PSE62383", "event_date": "10/27/2024", "year": 2024, "time_precision": 1, "disorder_type": "Political violence", "event_type": "Explosions/Remote violence", "sub_event_type": "Air/drone strike", "actor1": "Military Forces of Israel (2022-)", "assoc_actor_1": null, "inter1": 8, "actor2": "Civilians (Palestine)", "assoc_actor_2": null, "inter2": 7, "interaction": 78, "civilian_targeting": "Civilian targeting", "iso": 275, "region": "Middle East", "country": "Palestine", "admin1": "Gaza Strip", "admin2": "Deir El Balah", "admin3": null, "location": "An Nusayrat - West", "latitude": 31.4525, "longitude": 34.3756, "geo_precision": 1, "source": "Palestine News and Information Agency", "source_scale": "National", "notes": "On 27 October 2024, an Israeli UAV opened fire in An Nusayrat - West (Deir El Balah, Gaza Strip), killing at least a Palestinian and injuring 4 more.", "fatalities": 1, "tags": null, "timestamp": 1753956638 }, "geometry": { "type": "Point", "coordinates": [ 34.3756, 31.4525 ] } },
{ "type": "Feature", "properties": { "event_id_cnty": "PSE62444", "event_date": "10/27/2024", "year": 2024, "time_precision": 1, "disorder_type": "Political violence", "event_type": "Explosions/Remote violence", "sub_event_type": "Air/drone strike", "actor1": "Military Forces of Israel (2022-)", "assoc_actor_1": null, "inter1": 8, "actor2": "Civilians (Palestine)", "assoc_actor_2": "Refugees/IDPs (Palestine)", "inter2": 7, "interaction": 78, "civilian_targeting": "Civilian targeting", "iso": 275, "region": "Middle East", "country": "Palestine", "admin1": "Gaza Strip", "admin2": "North Gaza", "admin3": null, "location": "Beit Lahiya - Al Mashroo", "latitude": 31.5433, "longitude": 34.4998, "geo_precision": 1, "source": "Al-Ittihad; Al Ghad (Jordan); Palestine News and Information Agency; Quds News Network", "source_scale": "National-Regional", "notes": "On 27 October 2024, at around 1:14, Israeli warplanes struck a house hosts displaced people in Beit Lahiya - Al Mashroo (North Gaza, Gaza Strip), killing at least 10 Palestinians and injuring several others.", "fatalities": 10, "tags": null, "timestamp": 1753956638 }, "geometry": { "type": "Point", "coordinates": [ 34.4998, 31.5433 ] } },
{ "type": "Feature", "properties": { "event_id_cnty": "PSE62486", "event_date": "10/27/2024", "year": 2024, "time_precision": 1, "disorder_type": "Political violence", "event_type": "Explosions/Remote violence", "sub_event_type": "Air/drone strike", "actor1": "Military Forces of Israel (2022-)", "assoc_actor_1": null, "inter1": 8, "actor2": "Civilians (Palestine)", "assoc_actor_2": null, "inter2": 7, "interaction": 78, "civilian_targeting": "Civilian targeting", "iso": 275, "region": "Middle East", "country": "Palestine", "admin1": "Gaza Strip", "admin2": "Gaza City", "admin3": null, "location": "Gaza", "latitude": 31.5045, "longitude": 34.4743, "geo_precision": 1, "source": "Palestine News and Information Agency", "source_scale": "National", "notes": "On 27 October 2024, an Israeli UAV carried out a strike in Al Jalaa Street of Gaza City (Gaza Strip), killing a Palestinian and injuring one more.", "fatalities": 1, "tags": null, "timestamp": 1759790002 }, "geometry": { "type": "Point", "coordinates": [ 34.4743, 31.5045 ] } },
{ "type": "Feature", "properties": { "event_id_cnty": "PSE62491", "event_date": "10/27/2024", "year": 2024, "time_precision": 1, "disorder_type": "Political violence", "event_type": "Explosions/Remote violence", "sub_event_type": "Air/drone strike", "actor1": "Military Forces of Israel (2022-)", "assoc_actor_1": null, "inter1": 8, "actor2": "Civilians (Palestine)", "assoc_actor_2": null, "inter2": 7, "interaction": 78, "civilian_targeting": "Civilian targeting", "iso": 275, "region": "Middle East", "country": "Palestine", "admin1": "Gaza Strip", "admin2": "Gaza City", "admin3": null, "location": "Gaza - Ad Darraj", "latitude": 31.5172, "longitude": 34.4642, "geo_precision": 1, "source": "Arab 48; Quds News Network", "source_scale": "National", "notes": "On 27 October 2024, at around 18:09, Israeli UAVs struck at the Sedrah junction in Gaza - Ad Darraj (Gaza City, Gaza Strip), killing a Palestinian and injuring others.", "fatalities": 1, "tags": null, "timestamp": 1759790002 }, "geometry": { "type": "Point", "coordinates": [ 34.4642, 31.5172 ] } },
{ "type": "Feature", "properties": { "event_id_cnty": "PSE62494", "event_date": "10/27/2024", "year": 2024, "time_precision": 1, "disorder_type": "Political violence", "event_type": "Explosions/Remote violence", "sub_event_type": "Air/drone strike", "actor1": "Military Forces of Israel (2022-)", "assoc_actor_1": null, "inter1": 8, "actor2": "Civilians (Palestine)", "assoc_actor_2": "Journalists (Palestine); Refugees/IDPs (Palestine)", "inter2": 7, "interaction": 78, "civilian_targeting": "Civilian targeting", "iso": 275, "region": "Middle East", "country": "Palestine", "admin1": "Gaza Strip", "admin2": "Gaza City", "admin3": null, "location": "Gaza - Ash Shati' Camp", "latitude": 31.5349, "longitude": 34.4466, "geo_precision": 1, "source": "Arab 48; Dunia Al Watan; Newpress; Palestine News and Information Agency; Quds News Network; Twitter", "source_scale": "New media-National", "notes": "On 27 October 2024, Israeli warplanes struck the Asmaa School that hosts displaced people in Gaza - Ash Shati' Camp (Gaza City, Gaza Strip), killing 11 Palestinians, including 3 journalists, and injuring others.", "fatalities": 11, "tags": null, "timestamp": 1759790002 }, "geometry": { "type": "Point", "coordinates": [ 34.4466, 31.5349 ] } },
{ "type": "Feature", "properties": { "event_id_cnty": "PSE62495", "event_date": "10/27/2024", "year": 2024, "time_precision": 1, "disorder_type": "Political violence", "event_type": "Explosions/Remote violence", "sub_event_type": "Shelling/artillery/missile attack", "actor1": "Military Forces of Israel (2022-)", "assoc_actor_1": null, "inter1": 8, "actor2": "Civilians (Palestine)", "assoc_actor_2": null, "inter2": 7, "interaction": 78, "civilian_targeting": "Civilian targeting", "iso": 275, "region": "Middle East", "country": "Palestine", "admin1": "Gaza Strip", "admin2": "Gaza City", "admin3": null, "location": "Gaza - Ash Shati' Camp", "latitude": 31.5349, "longitude": 34.4466, "geo_precision": 2, "source": "Newpress; Palestine News and Information Agency; Quds News Network; Twitter", "source_scale": "New media-National", "notes": "On 27 October 2024, Israeli artillery shelled the Al Saftawi and Twam areas northwest of Gaza City, coded to Gaza - Ash Shati' Camp (Gaza City, Gaza Strip), causing a number of injuries.", "fatalities": 0, "tags": null, "timestamp": 1759790002 }, "geometry": { "type": "Point", "coordinates": [ 34.4466, 31.5349 ] } },
{ "type": "Feature", "properties": { "event_id_cnty": "PSE62574", "event_date": "10/27/2024", "year": 2024, "time_precision": 1, "disorder_type": "Political violence", "event_type": "Explosions/Remote violence", "sub_event_type": "Air/drone strike", "actor1": "Military Forces of Israel (2022-)", "assoc_actor_1": null, "inter1": 8, "actor2": "Civilians (Palestine)", "assoc_actor_2": "Refugees/IDPs (Palestine)", "inter2": 7, "interaction": 78, "civilian_targeting": "Civilian targeting", "iso": 275, "region": "Middle East", "country": "Palestine", "admin1": "Gaza Strip", "admin2": "North Gaza", "admin3": null, "location": "Jabalya Camp", "latitude": 31.536, "longitude": 34.4907, "geo_precision": 1, "source": "Newpress; Palestine News and Information Agency; Twitter", "source_scale": "New media-National", "notes": "On 27 October 2024, Israeli warplanes struck a residential complex near Al Fakhoura School in Jabalya Camp (North Gaza, Gaza Strip), killing 20 Palestinians including children and women, and injuring dozens. Also, artillery and tanks opened fire in the camp [casualties unknown]. Fatalities coded at least 20.", "fatalities": 20, "tags": null, "timestamp": 1753956638 }, "geometry": { "type": "Point", "coordinates": [ 34.4907, 31.536 ] } },
{ "type": "Feature", "properties": { "event_id_cnty": "PSE62625", "event_date": "10/27/2024", "year": 2024, "time_precision": 1, "disorder_type": "Political violence", "event_type": "Explosions/Remote violence", "sub_event_type": "Air/drone strike", "actor1": "Military Forces of Israel (2022-)", "assoc_actor_1": null, "inter1": 8, "actor2": "Civilians (Palestine)", "assoc_actor_2": null, "inter2": 7, "interaction": 78, "civilian_targeting": "Civilian targeting", "iso": 275, "region": "Middle East", "country": "Palestine", "admin1": "Gaza Strip", "admin2": "Khan Yunis", "admin3": null, "location": "Khan Yunis - Jourat Al-Loot", "latitude": 31.3314, "longitude": 34.3004, "geo_precision": 2, "source": "Newpress; Quds News Network; Twitter", "source_scale": "New media-National", "notes": "On 27 October 2024, at around 12:49, Israeli warplanes carried out a strike in Sok al-Fezb area south of Khan Yunis city, coded to Khan Yunis - Jourat Al-Loot (Khan Yunis, Gaza Strip), killing 2 Palestinians.", "fatalities": 2, "tags": null, "timestamp": 1753956638 }, "geometry": { "type": "Point", "coordinates": [ 34.3004, 31.3314 ] } },
{ "type": "Feature", "properties": { "event_id_cnty": "PSE62661", "event_date": "10/27/2024", "year": 2024, "time_precision": 1, "disorder_type": "Political violence", "event_type": "Explosions/Remote violence", "sub_event_type": "Air/drone strike", "actor1": "Military Forces of Israel (2022-)", "assoc_actor_1": null, "inter1": 8, "actor2": "Civilians (Palestine)", "assoc_actor_2": null, "inter2": 7, "interaction": 78, "civilian_targeting": "Civilian targeting", "iso": 275, "region": "Middle East", "country": "Palestine", "admin1": "Gaza Strip", "admin2": "Rafah", "admin3": null, "location": "Rafah", "latitude": 31.287, "longitude": 34.2595, "geo_precision": 1, "source": "Palestine News and Information Agency; Quds News Network", "source_scale": "National", "notes": "On 27 October 2024, Israeli warplanes carried out strikes and artillery shelled several targets (including a house) in Rafah city (Gaza Strip), causing 2 injuries.", "fatalities": 0, "tags": null, "timestamp": 1762829569 }, "geometry": { "type": "Point", "coordinates": [ 34.2595, 31.287 ] } },
{ "type": "Feature", "properties": { "event_id_cnty": "PSE71489", "event_date": "10/27/2024", "year": 2024, "time_precision": 1, "disorder_type": "Political violence", "event_type": "Violence against civilians", "sub_event_type": "Attack", "actor1": "Sahm Unit", "assoc_actor_1": null, "inter1": 3, "actor2": "Civilians (Palestine)", "assoc_actor_2": null, "inter2": 7, "interaction": 37, "civilian_targeting": "Civilian targeting", "iso": 275, "region": "Middle East", "country": "Palestine", "admin1": "Gaza Strip", "admin2": "Khan Yunis", "admin3": null, "location": "Khan Yunis", "latitude": 31.3502, "longitude": 34.3081, "geo_precision": 2, "source": "The Independent Commission For Human Rights", "source_scale": "National", "notes": "On 27 October 2024, gunmen [likely security personnel affiliated with Sahm] shot and injured a 37-year-old man in the legs in Khan Yunis area (Gaza Strip), accusing him of stealing from homes during evacuations caused by the ongoing war. This event involved violence over aid.", "fatalities": 0, "tags": null, "timestamp": 1754354914 }, "geometry": { "type": "Point", "coordinates": [ 34.3081, 31.3502 ] } },
{ "type": "Feature", "properties": { "event_id_cnty": "PSE62311", "event_date": "10/28/2024", "year": 2024, "time_precision": 1, "disorder_type": "Political violence", "event_type": "Explosions/Remote violence", "sub_event_type": "Shelling/artillery/missile attack", "actor1": "Military Forces of Israel (2022-)", "assoc_actor_1": null, "inter1": 8, "actor2": "Civilians (Palestine)", "assoc_actor_2": "Refugees/IDPs (Palestine)", "inter2": 7, "interaction": 78, "civilian_targeting": "Civilian targeting", "iso": 275, "region": "Middle East", "country": "Palestine", "admin1": "Gaza Strip", "admin2": "Deir El Balah", "admin3": null, "location": "Al Burayj", "latitude": 31.4394, "longitude": 34.4031, "geo_precision": 1, "source": "Ma'an News Agency; Palestine News and Information Agency; Quds News Network", "source_scale": "National", "notes": "On 28 October 2024, Israeli artillery shelled the Al Burayj Camp (Deir El Balah, Gaza Strip), killing 3 Palestinians and injuring others. Another Palestinian was killed in block 12 in the camp. Total fatalities were 4.", "fatalities": 4, "tags": null, "timestamp": 1753956638 }, "geometry": { "type": "Point", "coordinates": [ 34.4031, 31.4394 ] } },
{ "type": "Feature", "properties": { "event_id_cnty": "PSE62330", "event_date": "10/28/2024", "year": 2024, "time_precision": 1, "disorder_type": "Political violence", "event_type": "Explosions/Remote violence", "sub_event_type": "Air/drone strike", "actor1": "Military Forces of Israel (2022-)", "assoc_actor_1": null, "inter1": 8, "actor2": "Civilians (Palestine)", "assoc_actor_2": null, "inter2": 7, "interaction": 78, "civilian_targeting": "Civilian targeting", "iso": 275, "region": "Middle East", "country": "Palestine", "admin1": "Gaza Strip", "admin2": "Deir El Balah", "admin3": null, "location": "Al Maghazi", "latitude": 31.4214, "longitude": 34.3865, "geo_precision": 2, "source": "Al-Ittihad; Palestine News and Information Agency; Quds News Network", "source_scale": "National-Regional", "notes": "On 28 October 2024, Israeli UAVs opened fire east of Al Maghazi Camp (Deir El Balah, Gaza Strip), injuring a child.", "fatalities": 0, "tags": null, "timestamp": 1753956638 }, "geometry": { "type": "Point", "coordinates": [ 34.3865, 31.4214 ] } },
{ "type": "Feature", "properties": { "event_id_cnty": "PSE62331", "event_date": "10/28/2024", "year": 2024, "time_precision": 1, "disorder_type": "Political violence", "event_type": "Explosions/Remote violence", "sub_event_type": "Air/drone strike", "actor1": "Military Forces of Israel (2022-)", "assoc_actor_1": null, "inter1": 8, "actor2": "Civilians (Palestine)", "assoc_actor_2": "Refugees/IDPs (Palestine)", "inter2": 7, "interaction": 78, "civilian_targeting": "Civilian targeting", "iso": 275, "region": "Middle East", "country": "Palestine", "admin1": "Gaza Strip", "admin2": "Deir El Balah", "admin3": null, "location": "Al Maghazi", "latitude": 31.4214, "longitude": 34.3865, "geo_precision": 1, "source": "Palestine News and Information Agency", "source_scale": "National", "notes": "On 28 October 2024, Israeli warplanes carried out a strike in Al Maghazi Camp (Deir El Balah, Gaza Strip), killing a child.", "fatalities": 1, "tags": null, "timestamp": 1753956638 }, "geometry": { "type": "Point", "coordinates": [ 34.3865, 31.4214 ] } },
{ "type": "Feature", "properties": { "event_id_cnty": "PSE62372", "event_date": "10/28/2024", "year": 2024, "time_precision": 1, "disorder_type": "Political violence", "event_type": "Explosions/Remote violence", "sub_event_type": "Air/drone strike", "actor1": "Military Forces of Israel (2022-)", "assoc_actor_1": null, "inter1": 8, "actor2": "Civilians (Palestine)", "assoc_actor_2": null, "inter2": 7, "interaction": 78, "civilian_targeting": "Civilian targeting", "iso": 275, "region": "Middle East", "country": "Palestine", "admin1": "Gaza Strip", "admin2": "Deir El Balah", "admin3": null, "location": "An Nusayrat - North", "latitude": 31.4591, "longitude": 34.3923, "geo_precision": 1, "source": "Palestine News and Information Agency; Quds News Network", "source_scale": "National", "notes": "On 28 October 2024, Israeli warplanes struck a house in Al Mufti land in An Nusayrat - North (Deir El Balah, Gaza Strip), killing one Palestinian and injuring others.", "fatalities": 1, "tags": null, "timestamp": 1753956638 }, "geometry": { "type": "Point", "coordinates": [ 34.3923, 31.4591 ] } },
{ "type": "Feature", "properties": { "event_id_cnty": "PSE62399", "event_date": "10/28/2024", "year": 2024, "time_precision": 1, "disorder_type": "Political violence", "event_type": "Explosions/Remote violence", "sub_event_type": "Air/drone strike", "actor1": "Military Forces of Israel (2022-)", "assoc_actor_1": null, "inter1": 8, "actor2": "Civilians (Palestine)", "assoc_actor_2": null, "inter2": 7, "interaction": 78, "civilian_targeting": "Civilian targeting", "iso": 275, "region": "Middle East", "country": "Palestine", "admin1": "Gaza Strip", "admin2": "Deir El Balah", "admin3": null, "location": "Az Zawayda", "latitude": 31.4284, "longitude": 34.366, "geo_precision": 1, "source": "Arab 48; Palestine News and Information Agency; Quds News Network", "source_scale": "National", "notes": "On 28 October 2024, an Israeli UAV struck a gathering in Az Zawayda (Deir El Balah, Gaza Strip), killing 10 Palestinians including children and injuring others.", "fatalities": 10, "tags": null, "timestamp": 1767742780 }, "geometry": { "type": "Point", "coordinates": [ 34.366, 31.4284 ] } },
{ "type": "Feature", "properties": { "event_id_cnty": "PSE62445", "event_date": "10/28/2024", "year": 2024, "time_precision": 1, "disorder_type": "Political violence", "event_type": "Explosions/Remote violence", "sub_event_type": "Air/drone strike", "actor1": "Military Forces of Israel (2022-)", "assoc_actor_1": null, "inter1": 8, "actor2": "Civilians (Palestine)", "assoc_actor_2": null, "inter2": 7, "interaction": 78, "civilian_targeting": "Civilian targeting", "iso": 275, "region": "Middle East", "country": "Palestine", "admin1": "Gaza Strip", "admin2": "North Gaza", "admin3": null, "location": "Beit Lahiya - Al Mashroo", "latitude": 31.5433, "longitude": 34.4998, "geo_precision": 1, "source": "Palestine News and Information Agency; Quds News Network", "source_scale": "National", "notes": "On 28 October 2024, Israeli warplanes struck the yard of Al Qassam mosque in Beit Lahiya - Al Mashroo (North Gaza, Gaza Strip), killing a Palestinian and injuring others. Also, at least 7 Palestinians including children were killed in artillery shelling that targeted houses in the same location. Total fatalities were 8.", "fatalities": 8, "tags": null, "timestamp": 1753956638 }, "geometry": { "type": "Point", "coordinates": [ 34.4998, 31.5433 ] } },
{ "type": "Feature", "properties": { "event_id_cnty": "PSE62456", "event_date": "10/28/2024", "year": 2024, "time_precision": 1, "disorder_type": "Political violence", "event_type": "Explosions/Remote violence", "sub_event_type": "Air/drone strike", "actor1": "Military Forces of Israel (2022-)", "assoc_actor_1": null, "inter1": 8, "actor2": "Civilians (Palestine)", "assoc_actor_2": null, "inter2": 7, "interaction": 78, "civilian_targeting": "Civilian targeting", "iso": 275, "region": "Middle East", "country": "Palestine", "admin1": "Gaza Strip", "admin2": "North Gaza", "admin3": null, "location": "Beit Lahiya - Ezbet Beit Hanoun", "latitude": 31.5472, "longitude": 34.5225, "geo_precision": 1, "source": "Quds News Network", "source_scale": "National", "notes": "On 28 October 2024, Israeli warplanes struck a house in Beit Lahiya - Ezbet Beit Hanoun (North Gaza, Gaza Strip). Casualties unknown.", "fatalities": 0, "tags": null, "timestamp": 1753956638 }, "geometry": { "type": "Point", "coordinates": [ 34.5225, 31.5472 ] } },
{ "type": "Feature", "properties": { "event_id_cnty": "PSE62488", "event_date": "10/28/2024", "year": 2024, "time_precision": 1, "disorder_type": "Political violence", "event_type": "Explosions/Remote violence", "sub_event_type": "Air/drone strike", "actor1": "Military Forces of Israel (2022-)", "assoc_actor_1": null, "inter1": 8, "actor2": "Civilians (Palestine)", "assoc_actor_2": null, "inter2": 7, "interaction": 78, "civilian_targeting": "Civilian targeting", "iso": 275, "region": "Middle East", "country": "Palestine", "admin1": "Gaza Strip", "admin2": "Gaza City", "admin3": null, "location": "Gaza", "latitude": 31.5045, "longitude": 34.4743, "geo_precision": 1, "source": "Palestine News and Information Agency", "source_scale": "National", "notes": "On 28 October 2024, Israeli warplanes struck the Nafaq Street in Gaza City (Gaza Strip), causing injuries. Also, warplanes targeted a house in Gaza City. Casualties unknown.", "fatalities": 0, "tags": null, "timestamp": 1759790002 }, "geometry": { "type": "Point", "coordinates": [ 34.4743, 31.5045 ] } },
{ "type": "Feature", "properties": { "event_id_cnty": "PSE62516", "event_date": "10/28/2024", "year": 2024, "time_precision": 1, "disorder_type": "Political violence", "event_type": "Explosions/Remote violence", "sub_event_type": "Air/drone strike", "actor1": "Military Forces of Israel (2022-)", "assoc_actor_1": null, "inter1": 8, "actor2": "Civilians (Palestine)", "assoc_actor_2": null, "inter2": 7, "interaction": 78, "civilian_targeting": "Civilian targeting", "iso": 275, "region": "Middle East", "country": "Palestine", "admin1": "Gaza Strip", "admin2": "Gaza City", "admin3": null, "location": "Gaza - Sabra", "latitude": 31.5086, "longitude": 34.4493, "geo_precision": 1, "source": "Palestine News and Information Agency", "source_scale": "National", "notes": "On 28 October 2024, Israeli warplanes carried out strikes in Gaza - Sabra (Gaza City, Gaza Strip), killing 3 Palestinians and injuring others.", "fatalities": 3, "tags": null, "timestamp": 1759790002 }, "geometry": { "type": "Point", "coordinates": [ 34.4493, 31.5086 ] } },
{ "type": "Feature", "properties": { "event_id_cnty": "PSE62524", "event_date": "10/28/2024", "year": 2024, "time_precision": 1, "disorder_type": "Political violence", "event_type": "Explosions/Remote violence", "sub_event_type": "Air/drone strike", "actor1": "Military Forces of Israel (2022-)", "assoc_actor_1": null, "inter1": 8, "actor2": "Civilians (Palestine)", "assoc_actor_2": null, "inter2": 7, "interaction": 78, "civilian_targeting": "Civilian targeting", "iso": 275, "region": "Middle East", "country": "Palestine", "admin1": "Gaza Strip", "admin2": "Gaza City", "admin3": null, "location": "Gaza - Shujaiyya", "latitude": 31.4988, "longitude": 34.4699, "geo_precision": 1, "source": "Palestine News and Information Agency; Quds News Network", "source_scale": "National", "notes": "On 28 October 2024, Israeli UAVs struck a gathering in Gaza - Shujaiyya (Gaza City, Gaza Strip), killing 3 Palestinians.", "fatalities": 3, "tags": null, "timestamp": 1759790002 }, "geometry": { "type": "Point", "coordinates": [ 34.4699, 31.4988 ] } },
{ "type": "Feature", "properties": { "event_id_cnty": "PSE62579", "event_date": "10/28/2024", "year": 2024, "time_precision": 1, "disorder_type": "Political violence", "event_type": "Explosions/Remote violence", "sub_event_type": "Air/drone strike", "actor1": "Military Forces of Israel (2022-)", "assoc_actor_1": null, "inter1": 8, "actor2": "Civilians (Palestine)", "assoc_actor_2": null, "inter2": 7, "interaction": 78, "civilian_targeting": "Civilian targeting", "iso": 275, "region": "Middle East", "country": "Palestine", "admin1": "Gaza Strip", "admin2": "North Gaza", "admin3": null, "location": "Jabalya Camp", "latitude": 31.536, "longitude": 34.4907, "geo_precision": 2, "source": "Palestine News and Information Agency", "source_scale": "National", "notes": "On 28 October 2024, Israeli warplanes struck a house in the block 7 east of Jabalya Camp (North Gaza, Gaza Strip). Casualties unknown. Also, airstrikes and artillery struck several locations west of the camp. Casualties unknown.", "fatalities": 0, "tags": null, "timestamp": 1753956638 }, "geometry": { "type": "Point", "coordinates": [ 34.4907, 31.536 ] } },
{ "type": "Feature", "properties": { "event_id_cnty": "PSE62583", "event_date": "10/28/2024", "year": 2024, "time_precision": 1, "disorder_type": "Political violence", "event_type": "Explosions/Remote violence", "sub_event_type": "Shelling/artillery/missile attack", "actor1": "Military Forces of Israel (2022-)", "assoc_actor_1": null, "inter1": 8, "actor2": "Civilians (Palestine)", "assoc_actor_2": "Refugees/IDPs (Palestine)", "inter2": 7, "interaction": 78, "civilian_targeting": "Civilian targeting", "iso": 275, "region": "Middle East", "country": "Palestine", "admin1": "Gaza Strip", "admin2": "North Gaza", "admin3": null, "location": "Jabalya Camp", "latitude": 31.536, "longitude": 34.4907, "geo_precision": 1, "source": "Palestine News and Information Agency", "source_scale": "National", "notes": "On 28 October 2024, Israeli artillery shelled the Al Houja area in the Jabalya Camp (North Gaza, Gaza Strip), killing 2 Palestinians and injuring others.", "fatalities": 2, "tags": null, "timestamp": 1753956638 }, "geometry": { "type": "Point", "coordinates": [ 34.4907, 31.536 ] } },
{ "type": "Feature", "properties": { "event_id_cnty": "PSE62561", "event_date": "10/28/2024", "year": 2024, "time_precision": 1, "disorder_type": "Political violence", "event_type": "Explosions/Remote violence", "sub_event_type": "Air/drone strike", "actor1": "Military Forces of Israel (2022-)", "assoc_actor_1": null, "inter1": 8, "actor2": "Civilians (Palestine)", "assoc_actor_2": null, "inter2": 7, "interaction": 78, "civilian_targeting": "Civilian targeting", "iso": 275, "region": "Middle East", "country": "Palestine", "admin1": "Gaza Strip", "admin2": "North Gaza", "admin3": null, "location": "Jabalya", "latitude": 31.5272, "longitude": 34.4835, "geo_precision": 1, "source": "Palestine News and Information Agency; Quds News Network", "source_scale": "National", "notes": "On 28 October 2024, Israeli warplanes struck the Jabalya town (North Gaza, Gaza Strip), causing a number of injuries. Also, 3 Palestinians were killed in an airstrike near Feshara roundabout in Jabalya town.", "fatalities": 3, "tags": null, "timestamp": 1759790002 }, "geometry": { "type": "Point", "coordinates": [ 34.4835, 31.5272 ] } },
{ "type": "Feature", "properties": { "event_id_cnty": "PSE62627", "event_date": "10/28/2024", "year": 2024, "time_precision": 1, "disorder_type": "Political violence", "event_type": "Explosions/Remote violence", "sub_event_type": "Air/drone strike", "actor1": "Military Forces of Israel (2022-)", "assoc_actor_1": null, "inter1": 8, "actor2": "Civilians (Palestine)", "assoc_actor_2": null, "inter2": 7, "interaction": 78, "civilian_targeting": "Civilian targeting", "iso": 275, "region": "Middle East", "country": "Palestine", "admin1": "Gaza Strip", "admin2": "Rafah", "admin3": null, "location": "Khirbet al Adas", "latitude": 31.2855, "longitude": 34.2714, "geo_precision": 1, "source": "Liveuamap; Newpress; Palestine News and Information Agency; Quds News Network; Twitter", "source_scale": "Local partner-New media", "notes": "On 28 October 2024, Israeli UAVs carried out strikes in Khirbet al Adas (Rafah, Gaza Strip), killing a Palestinian. Also, at around 11:49, Israeli warplanes struck a house in Khirbet al Adas (Rafah, Gaza Strip), leaving more than 7 missing persons. Total fatalities coded at least 1.", "fatalities": 1, "tags": null, "timestamp": 1753956638 }, "geometry": { "type": "Point", "coordinates": [ 34.2714, 31.2855 ] } },
{ "type": "Feature", "properties": { "event_id_cnty": "PSE93981", "event_date": "10/28/2024", "year": 2024, "time_precision": 2, "disorder_type": "Political violence", "event_type": "Violence against civilians", "sub_event_type": "Abduction/forced disappearance", "actor1": "Military Forces of Israel (2022-)", "assoc_actor_1": null, "inter1": 8, "actor2": "Civilians (Palestine)", "assoc_actor_2": "Health Workers (Palestine)", "inter2": 7, "interaction": 78, "civilian_targeting": "Civilian targeting", "iso": 275, "region": "Middle East", "country": "Palestine", "admin1": "Gaza Strip", "admin2": "North Gaza", "admin3": null, "location": "Jabalya Camp", "latitude": 31.536, "longitude": 34.4907, "geo_precision": 2, "source": "Arab 48; Arutz Sheva; Dunia Al Watan; Israeli Defense Forces; Newpress; Times of Israel; Twitter", "source_scale": "Other-New media", "notes": "Around 28 October 2024, (as reported), Israeli forces arrested approximately 600 Palestinians from Jabalya Camp, North Gaza, and Beit Lahiya. The detainees include militants, civilians, and health workers and at least 100 militants from Kamal Odwan Hospital (North Gaza, Gaza Strip). Militants arrest was coded separately.", "fatalities": 0, "tags": null, "timestamp": 1772581279 }, "geometry": { "type": "Point", "coordinates": [ 34.4907, 31.536 ] } },
{ "type": "Feature", "properties": { "event_id_cnty": "PSE62313", "event_date": "10/29/2024", "year": 2024, "time_precision": 1, "disorder_type": "Political violence", "event_type": "Explosions/Remote violence", "sub_event_type": "Shelling/artillery/missile attack", "actor1": "Military Forces of Israel (2022-)", "assoc_actor_1": null, "inter1": 8, "actor2": "Civilians (Palestine)", "assoc_actor_2": "Refugees/IDPs (Palestine)", "inter2": 7, "interaction": 78, "civilian_targeting": "Civilian targeting", "iso": 275, "region": "Middle East", "country": "Palestine", "admin1": "Gaza Strip", "admin2": "Deir El Balah", "admin3": null, "location": "Al Burayj", "latitude": 31.4394, "longitude": 34.4031, "geo_precision": 1, "source": "Newpress; Palestine News and Information Agency; Quds News Network; Twitter", "source_scale": "New media-National", "notes": "On 29 October 2024, Israeli artillery shelled the block 12 in Al Burayj Camp (Deir El Balah, Gaza Strip), killing 3 persons [a woman and 2 sons].", "fatalities": 3, "tags": null, "timestamp": 1753956638 }, "geometry": { "type": "Point", "coordinates": [ 34.4031, 31.4394 ] } },
{ "type": "Feature", "properties": { "event_id_cnty": "PSE62340", "event_date": "10/29/2024", "year": 2024, "time_precision": 1, "disorder_type": "Political violence", "event_type": "Explosions/Remote violence", "sub_event_type": "Air/drone strike", "actor1": "Military Forces of Israel (2022-)", "assoc_actor_1": null, "inter1": 8, "actor2": "Civilians (Palestine)", "assoc_actor_2": null, "inter2": 7, "interaction": 78, "civilian_targeting": "Civilian targeting", "iso": 275, "region": "Middle East", "country": "Palestine", "admin1": "Gaza Strip", "admin2": "Rafah", "admin3": null, "location": "Al Mawasi (Rafah)", "latitude": 31.3294, "longitude": 34.2299, "geo_precision": 2, "source": "Arab 48; Newpress; Twitter", "source_scale": "New media-National", "notes": "On 29 October 2024, at around 5:16, Israeli warplanes carried out strikes in Al Shalalfah area south of (Al Mawasi (Rafah), Gaza Strip), killing one person and injuring 4 more including a girl.", "fatalities": 1, "tags": null, "timestamp": 1762829569 }, "geometry": { "type": "Point", "coordinates": [ 34.2299, 31.3294 ] } },
{ "type": "Feature", "properties": { "event_id_cnty": "PSE62439", "event_date": "10/29/2024", "year": 2024, "time_precision": 1, "disorder_type": "Political violence", "event_type": "Explosions/Remote violence", "sub_event_type": "Air/drone strike", "actor1": "Military Forces of Israel (2022-)", "assoc_actor_1": null, "inter1": 8, "actor2": "Civilians (Palestine)", "assoc_actor_2": null, "inter2": 7, "interaction": 78, "civilian_targeting": "Civilian targeting", "iso": 275, "region": "Middle East", "country": "Palestine", "admin1": "Gaza Strip", "admin2": "North Gaza", "admin3": null, "location": "Beit Lahiya", "latitude": 31.5541, "longitude": 34.5016, "geo_precision": 1, "source": "Arab 48; Ma'an News Agency; Newpress; Palestine News and Information Agency; Quds News Network; Twitter", "source_scale": "New media-National", "notes": "On 29 October 2024, Israeli warplanes struck 3 houses in Beit Lahiya town (North Gaza, Gaza Strip), killing at least 19 Palestinians and injuring dozens. Also, tanks opened fire on the outskirts of Kamal Odwan Hospital [casualties unknown]. Fatalities coded at least 19.", "fatalities": 19, "tags": null, "timestamp": 1753956638 }, "geometry": { "type": "Point", "coordinates": [ 34.5016, 31.5541 ] } },
{ "type": "Feature", "properties": { "event_id_cnty": "PSE62492", "event_date": "10/29/2024", "year": 2024, "time_precision": 1, "disorder_type": "Political violence", "event_type": "Explosions/Remote violence", "sub_event_type": "Air/drone strike", "actor1": "Military Forces of Israel (2022-)", "assoc_actor_1": null, "inter1": 8, "actor2": "Civilians (Palestine)", "assoc_actor_2": null, "inter2": 7, "interaction": 78, "civilian_targeting": "Civilian targeting", "iso": 275, "region": "Middle East", "country": "Palestine", "admin1": "Gaza Strip", "admin2": "Gaza City", "admin3": null, "location": "Gaza - Ad Darraj", "latitude": 31.5172, "longitude": 34.4642, "geo_precision": 1, "source": "Arab 48; Newpress; Palestine News and Information Agency; Quds News Network; Twitter", "source_scale": "New media-National", "notes": "On 29 October 2024, Israeli warplanes carried out 2 strikes on Al Sahaba Market while bustling with vendors and shoppers in Gaza - Ad Darraj (Gaza City, Gaza Strip), killing at least 5 Palestinians and injuring 20 more.", "fatalities": 5, "tags": null, "timestamp": 1759790002 }, "geometry": { "type": "Point", "coordinates": [ 34.4642, 31.5172 ] } },
{ "type": "Feature", "properties": { "event_id_cnty": "PSE62535", "event_date": "10/29/2024", "year": 2024, "time_precision": 1, "disorder_type": "Political violence", "event_type": "Explosions/Remote violence", "sub_event_type": "Air/drone strike", "actor1": "Military Forces of Israel (2022-)", "assoc_actor_1": null, "inter1": 8, "actor2": "Civilians (Palestine)", "assoc_actor_2": null, "inter2": 7, "interaction": 78, "civilian_targeting": "Civilian targeting", "iso": 275, "region": "Middle East", "country": "Palestine", "admin1": "Gaza Strip", "admin2": "Gaza City", "admin3": null, "location": "Gaza - Southern Remal", "latitude": 31.5168, "longitude": 34.4355, "geo_precision": 2, "source": "Newpress; Quds News Network; Twitter", "source_scale": "New media-National", "notes": "On 29 October 2024, at around 11:02, Israeli warplanes carried out a strike in Al Jalaa Street west of Gaza City, coded to Gaza - Southern Remal (Gaza City, Gaza Strip), killing a Palestinian.", "fatalities": 1, "tags": null, "timestamp": 1759790002 }, "geometry": { "type": "Point", "coordinates": [ 34.4355, 31.5168 ] } },
{ "type": "Feature", "properties": { "event_id_cnty": "PSE62581", "event_date": "10/29/2024", "year": 2024, "time_precision": 1, "disorder_type": "Political violence", "event_type": "Explosions/Remote violence", "sub_event_type": "Air/drone strike", "actor1": "Military Forces of Israel (2022-)", "assoc_actor_1": null, "inter1": 8, "actor2": "Civilians (Palestine)", "assoc_actor_2": "Refugees/IDPs (Palestine)", "inter2": 7, "interaction": 78, "civilian_targeting": "Civilian targeting", "iso": 275, "region": "Middle East", "country": "Palestine", "admin1": "Gaza Strip", "admin2": "North Gaza", "admin3": null, "location": "Jabalya Camp", "latitude": 31.536, "longitude": 34.4907, "geo_precision": 2, "source": "Quds News Network", "source_scale": "National", "notes": "On 29 October 2024, at around 00:38, Israeli warplanes struck a house hosting displaced people in Al Fakhoura area west of Jabalya Camp (North Gaza, Gaza Strip), leaving fatalities and injuries. Also, tanks opened fire toward houses in the same area [casualties unknown]. [On 22 and 23 January 2025, 30 bodies were recovered from under the rubble in Jabalya Camp. These fatalities were distributed across three events. 10 of these fatalities were coded to this event].", "fatalities": 10, "tags": null, "timestamp": 1753956638 }, "geometry": { "type": "Point", "coordinates": [ 34.4907, 31.536 ] } },
{ "type": "Feature", "properties": { "event_id_cnty": "PSE62446", "event_date": "10/29/2024", "year": 2024, "time_precision": 1, "disorder_type": "Political violence", "event_type": "Explosions/Remote violence", "sub_event_type": "Air/drone strike", "actor1": "Military Forces of Israel (2022-)", "assoc_actor_1": null, "inter1": 8, "actor2": "Civilians (Palestine)", "assoc_actor_2": "Refugees/IDPs (Palestine)", "inter2": 7, "interaction": 78, "civilian_targeting": "Civilian targeting", "iso": 275, "region": "Middle East", "country": "Palestine", "admin1": "Gaza Strip", "admin2": "North Gaza", "admin3": null, "location": "Beit Lahiya - Al Mashroo", "latitude": 31.5433, "longitude": 34.4998, "geo_precision": 1, "source": "Al-Ittihad; Dunia Al Watan; Ma'an News Agency; Newpress; Palestine News and Information Agency; Quds News Network; Times of Israel; Twitter", "source_scale": "New media-National", "notes": "On 29 October 2024, Israeli warplanes struck a 5-level building hosting at least 150 displaced Palestinians in Beit Lahiya - Al Mashroo (North Gaza, Gaza Strip), killing at least 94 persons [including at least 25 children and dozens of women]. Also dozens were injuring. Meanwhile, artillery shelling and airstrikes continued on Beit Lahiya - Al Mashroo [casualties unknown]. Fatalities coded at least 94.", "fatalities": 94, "tags": null, "timestamp": 1753956638 }, "geometry": { "type": "Point", "coordinates": [ 34.4998, 31.5433 ] } },
{ "type": "Feature", "properties": { "event_id_cnty": "PSE62702", "event_date": "10/29/2024", "year": 2024, "time_precision": 1, "disorder_type": "Political violence", "event_type": "Explosions/Remote violence", "sub_event_type": "Shelling/artillery/missile attack", "actor1": "Military Forces of Israel (2022-)", "assoc_actor_1": null, "inter1": 8, "actor2": "Civilians (Palestine)", "assoc_actor_2": null, "inter2": 7, "interaction": 78, "civilian_targeting": "Civilian targeting", "iso": 275, "region": "Middle East", "country": "Palestine", "admin1": "Gaza Strip", "admin2": "Rafah", "admin3": null, "location": "Tal as Sultan", "latitude": 31.3098, "longitude": 34.2414, "geo_precision": 2, "source": "Quds News Network", "source_scale": "National", "notes": "On 29 October 2024, at around 02:19, Israeli artillery shelled west of Rafah, coded to Tal as Sultan (Rafah, Gaza Strip). Casualties unknown. [On 19 February 2025, two bodies were recovered from under the rubble west of Rafah in Tal as Sultan, coded under this event.]", "fatalities": 2, "tags": null, "timestamp": 1762829569 }, "geometry": { "type": "Point", "coordinates": [ 34.2414, 31.3098 ] } },
{ "type": "Feature", "properties": { "event_id_cnty": "PSE62506", "event_date": "10/29/2024", "year": 2024, "time_precision": 1, "disorder_type": "Political violence", "event_type": "Explosions/Remote violence", "sub_event_type": "Shelling/artillery/missile attack", "actor1": "Military Forces of Israel (2022-)", "assoc_actor_1": null, "inter1": 8, "actor2": "Civilians (Palestine)", "assoc_actor_2": null, "inter2": 7, "interaction": 78, "civilian_targeting": "Civilian targeting", "iso": 275, "region": "Middle East", "country": "Palestine", "admin1": "Gaza Strip", "admin2": "Gaza City", "admin3": null, "location": "Gaza - Az Zaytun", "latitude": 31.4964, "longitude": 34.4522, "geo_precision": 2, "source": "Arab 48; Newpress; Twitter", "source_scale": "New media-National", "notes": "On 29 October 2024, at around 8:33, Israeli artillery shelled east of Gaza - Az Zaytun (Gaza City, Gaza Strip). Casualties unknown. Also, one Palestinian was killed in artillery shelling south of Gaza - Az Zaytun. Fatalities coded at least 1.", "fatalities": 1, "tags": null, "timestamp": 1759790002 }, "geometry": { "type": "Point", "coordinates": [ 34.4522, 31.4964 ] } },
{ "type": "Feature", "properties": { "event_id_cnty": "PSE62630", "event_date": "10/29/2024", "year": 2024, "time_precision": 1, "disorder_type": "Political violence", "event_type": "Explosions/Remote violence", "sub_event_type": "Air/drone strike", "actor1": "Military Forces of Israel (2022-)", "assoc_actor_1": null, "inter1": 8, "actor2": "Civilians (Palestine)", "assoc_actor_2": null, "inter2": 7, "interaction": 78, "civilian_targeting": "Civilian targeting", "iso": 275, "region": "Middle East", "country": "Palestine", "admin1": "Gaza Strip", "admin2": "Rafah", "admin3": null, "location": "Khirbet al Adas", "latitude": 31.2855, "longitude": 34.2714, "geo_precision": 1, "source": "Newpress; Palestine News and Information Agency; Quds News Network; Twitter", "source_scale": "New media-National", "notes": "On 29 October 2024, Israeli warplanes carried out a strike in Khirbet al Adas (Rafah, Gaza Strip), killing 2 persons (a woman and a man).", "fatalities": 2, "tags": null, "timestamp": 1753956638 }, "geometry": { "type": "Point", "coordinates": [ 34.2714, 31.2855 ] } },
{ "type": "Feature", "properties": { "event_id_cnty": "PSE62497", "event_date": "10/29/2024", "year": 2024, "time_precision": 1, "disorder_type": "Political violence", "event_type": "Explosions/Remote violence", "sub_event_type": "Air/drone strike", "actor1": "Military Forces of Israel (2022-)", "assoc_actor_1": null, "inter1": 8, "actor2": "Civilians (Palestine)", "assoc_actor_2": null, "inter2": 7, "interaction": 78, "civilian_targeting": "Civilian targeting", "iso": 275, "region": "Middle East", "country": "Palestine", "admin1": "Gaza Strip", "admin2": "Gaza City", "admin3": null, "location": "Gaza - Ash Shati' Camp", "latitude": 31.5349, "longitude": 34.4466, "geo_precision": 2, "source": "Arab 48; Newpress; Palestine News and Information Agency; Quds News Network; Twitter", "source_scale": "New media-National", "notes": "On 29 October 2024, Israeli warplanes carried out a strike in Al Saftawi area northwest of Gaza City, coded to Gaza - Ash Shati' Camp (Gaza City, Gaza Strip), killing 4 Palestinians and injuring others. In addition, artillery shelling and tank fire continued on northwest of Gaza city [casualties unknown]. In addition, 6 Palestinians were killed [likely by tank fire] while waiting aid convey at northwest of Gaza City [coded to same location]. Total confirmed fatalities coded at least 10. This event involved violence over aid.", "fatalities": 10, "tags": null, "timestamp": 1759790002 }, "geometry": { "type": "Point", "coordinates": [ 34.4466, 31.5349 ] } },
{ "type": "Feature", "properties": { "event_id_cnty": "PSE62332", "event_date": "10/30/2024", "year": 2024, "time_precision": 1, "disorder_type": "Political violence", "event_type": "Explosions/Remote violence", "sub_event_type": "Air/drone strike", "actor1": "Military Forces of Israel (2022-)", "assoc_actor_1": null, "inter1": 8, "actor2": "Civilians (Palestine)", "assoc_actor_2": null, "inter2": 7, "interaction": 78, "civilian_targeting": "Civilian targeting", "iso": 275, "region": "Middle East", "country": "Palestine", "admin1": "Gaza Strip", "admin2": "Deir El Balah", "admin3": null, "location": "Al Maghazi", "latitude": 31.4214, "longitude": 34.3865, "geo_precision": 2, "source": "Palestine News and Information Agency; Quds News Network", "source_scale": "National", "notes": "On 30 October 2024, Israeli warplanes struck a gathering east of Al Maghazi Camp (Deir El Balah, Gaza Strip), causing injuries.", "fatalities": 0, "tags": null, "timestamp": 1753956638 }, "geometry": { "type": "Point", "coordinates": [ 34.3865, 31.4214 ] } },
{ "type": "Feature", "properties": { "event_id_cnty": "PSE62333", "event_date": "10/30/2024", "year": 2024, "time_precision": 1, "disorder_type": "Political violence", "event_type": "Explosions/Remote violence", "sub_event_type": "Air/drone strike", "actor1": "Military Forces of Israel (2022-)", "assoc_actor_1": null, "inter1": 8, "actor2": "Civilians (Palestine)", "assoc_actor_2": "Refugees/IDPs (Palestine)", "inter2": 7, "interaction": 78, "civilian_targeting": "Civilian targeting", "iso": 275, "region": "Middle East", "country": "Palestine", "admin1": "Gaza Strip", "admin2": "Deir El Balah", "admin3": null, "location": "Al Maghazi", "latitude": 31.4214, "longitude": 34.3865, "geo_precision": 1, "source": "Quds News Network", "source_scale": "National", "notes": "On 30 October 2024, Israeli UAVs struck a passing car in Al Maghazi Camp (Deir El Balah, Gaza Strip), leaving fatalities and injuries [unspecified number of fatalities coded as 3].", "fatalities": 3, "tags": null, "timestamp": 1753956638 }, "geometry": { "type": "Point", "coordinates": [ 34.3865, 31.4214 ] } },
{ "type": "Feature", "properties": { "event_id_cnty": "PSE62341", "event_date": "10/30/2024", "year": 2024, "time_precision": 1, "disorder_type": "Political violence", "event_type": "Explosions/Remote violence", "sub_event_type": "Air/drone strike", "actor1": "Military Forces of Israel (2022-)", "assoc_actor_1": null, "inter1": 8, "actor2": "Civilians (Palestine)", "assoc_actor_2": null, "inter2": 7, "interaction": 78, "civilian_targeting": "Civilian targeting", "iso": 275, "region": "Middle East", "country": "Palestine", "admin1": "Gaza Strip", "admin2": "Rafah", "admin3": null, "location": "Al Mawasi (Rafah)", "latitude": 31.3294, "longitude": 34.2299, "geo_precision": 1, "source": "Ma'an News Agency; Palestine News and Information Agency; Quds News Network", "source_scale": "National", "notes": "On 30 October 2024, Israeli warplanes struck a house in (Al Mawasi (Rafah), Gaza Strip), injuring 7 persons.", "fatalities": 0, "tags": null, "timestamp": 1762829569 }, "geometry": { "type": "Point", "coordinates": [ 34.2299, 31.3294 ] } },
{ "type": "Feature", "properties": { "event_id_cnty": "PSE62349", "event_date": "10/30/2024", "year": 2024, "time_precision": 1, "disorder_type": "Political violence", "event_type": "Explosions/Remote violence", "sub_event_type": "Air/drone strike", "actor1": "Military Forces of Israel (2022-)", "assoc_actor_1": null, "inter1": 8, "actor2": "Civilians (Palestine)", "assoc_actor_2": "Refugees/IDPs (Palestine)", "inter2": 7, "interaction": 78, "civilian_targeting": "Civilian targeting", "iso": 275, "region": "Middle East", "country": "Palestine", "admin1": "Gaza Strip", "admin2": "Deir El Balah", "admin3": null, "location": "Al Musaddar", "latitude": 31.4105, "longitude": 34.378, "geo_precision": 2, "source": "Arab 48; Ma'an News Agency; Palestine News and Information Agency; Quds News Network", "source_scale": "National", "notes": "On 30 October 2024, Israeli helicopters struck a tent belonging to displaced people in Al Basah area west of Deir al Balah City, coded to Al Musaddar (Deir El Balah, Gaza Strip), killing 3 Palestinians and injuring a number of children.", "fatalities": 3, "tags": null, "timestamp": 1765850627 }, "geometry": { "type": "Point", "coordinates": [ 34.378, 31.4105 ] } },
{ "type": "Feature", "properties": { "event_id_cnty": "PSE62448", "event_date": "10/30/2024", "year": 2024, "time_precision": 1, "disorder_type": "Political violence", "event_type": "Explosions/Remote violence", "sub_event_type": "Air/drone strike", "actor1": "Military Forces of Israel (2022-)", "assoc_actor_1": null, "inter1": 8, "actor2": "Civilians (Palestine)", "assoc_actor_2": null, "inter2": 7, "interaction": 78, "civilian_targeting": "Civilian targeting", "iso": 275, "region": "Middle East", "country": "Palestine", "admin1": "Gaza Strip", "admin2": "North Gaza", "admin3": null, "location": "Beit Lahiya - Al Mashroo", "latitude": 31.5433, "longitude": 34.4998, "geo_precision": 1, "source": "Newpress; Palestine News and Information Agency; Quds News Network; Twitter", "source_scale": "New media-National", "notes": "On 30 October 2024, an Israeli UAV struck a gathering in the market of Beit Lahiya - Al Mashroo (North Gaza, Gaza Strip), killing 10 persons and injuring others.", "fatalities": 10, "tags": null, "timestamp": 1753956638 }, "geometry": { "type": "Point", "coordinates": [ 34.4998, 31.5433 ] } },
{ "type": "Feature", "properties": { "event_id_cnty": "PSE62454", "event_date": "10/30/2024", "year": 2024, "time_precision": 1, "disorder_type": "Political violence", "event_type": "Explosions/Remote violence", "sub_event_type": "Air/drone strike", "actor1": "Military Forces of Israel (2022-)", "assoc_actor_1": null, "inter1": 8, "actor2": "Civilians (Palestine)", "assoc_actor_2": null, "inter2": 7, "interaction": 78, "civilian_targeting": "Civilian targeting", "iso": 275, "region": "Middle East", "country": "Palestine", "admin1": "Gaza Strip", "admin2": "North Gaza", "admin3": null, "location": "Beit Lahiya - Al Salateen", "latitude": 31.5558, "longitude": 34.4814, "geo_precision": 1, "source": "Palestine News and Information Agency; Quds News Network", "source_scale": "National", "notes": "On 30 October 2024, Israeli warplanes struck a gathering in Beit Lahiya - Al Salateen (North Gaza, Gaza Strip), killing 8 Palestinians and injuring others.", "fatalities": 8, "tags": null, "timestamp": 1753956638 }, "geometry": { "type": "Point", "coordinates": [ 34.4814, 31.5558 ] } },
{ "type": "Feature", "properties": { "event_id_cnty": "PSE62521", "event_date": "10/30/2024", "year": 2024, "time_precision": 1, "disorder_type": "Political violence", "event_type": "Explosions/Remote violence", "sub_event_type": "Air/drone strike", "actor1": "Military Forces of Israel (2022-)", "assoc_actor_1": null, "inter1": 8, "actor2": "Civilians (Palestine)", "assoc_actor_2": null, "inter2": 7, "interaction": 78, "civilian_targeting": "Civilian targeting", "iso": 275, "region": "Middle East", "country": "Palestine", "admin1": "Gaza Strip", "admin2": "Gaza City", "admin3": null, "location": "Gaza - Sheikh Radwan", "latitude": 31.5349, "longitude": 34.4667, "geo_precision": 1, "source": "Palestine News and Information Agency; Quds News Network", "source_scale": "National", "notes": "On 30 October 2024, Israeli warplanes struck a gathering in the market of Gaza - Sheikh Radwan (Gaza City, Gaza Strip), killing 5 persons and injuring 20 more, including children.", "fatalities": 5, "tags": null, "timestamp": 1759790002 }, "geometry": { "type": "Point", "coordinates": [ 34.4667, 31.5349 ] } },
{ "type": "Feature", "properties": { "event_id_cnty": "PSE62623", "event_date": "10/30/2024", "year": 2024, "time_precision": 1, "disorder_type": "Political violence", "event_type": "Explosions/Remote violence", "sub_event_type": "Air/drone strike", "actor1": "Military Forces of Israel (2022-)", "assoc_actor_1": null, "inter1": 8, "actor2": "Civilians (Palestine)", "assoc_actor_2": null, "inter2": 7, "interaction": 78, "civilian_targeting": "Civilian targeting", "iso": 275, "region": "Middle East", "country": "Palestine", "admin1": "Gaza Strip", "admin2": "Khan Yunis", "admin3": null, "location": "Khan Yunis - Ash Sheikh Naser", "latitude": 31.3398, "longitude": 34.3116, "geo_precision": 1, "source": "Arab 48; Ma'an News Agency; Newpress; Palestine News and Information Agency; Quds News Network; Twitter", "source_scale": "New media-National", "notes": "On 30 October 2024, Israeli warplanes struck a house in Khan Yunis - Ash Sheikh Naser (Khan Yunis, Gaza Strip), killing 4 Palestinians, including a girl and 2 women, and injuring others.", "fatalities": 4, "tags": null, "timestamp": 1753956638 }, "geometry": { "type": "Point", "coordinates": [ 34.3116, 31.3398 ] } },
{ "type": "Feature", "properties": { "event_id_cnty": "PSE62624", "event_date": "10/30/2024", "year": 2024, "time_precision": 1, "disorder_type": "Political violence", "event_type": "Explosions/Remote violence", "sub_event_type": "Air/drone strike", "actor1": "Military Forces of Israel (2022-)", "assoc_actor_1": null, "inter1": 8, "actor2": "Civilians (Palestine)", "assoc_actor_2": "Refugees/IDPs (Palestine)", "inter2": 7, "interaction": 78, "civilian_targeting": "Civilian targeting", "iso": 275, "region": "Middle East", "country": "Palestine", "admin1": "Gaza Strip", "admin2": "Khan Yunis", "admin3": null, "location": "Khan Yunis - Emirati", "latitude": 31.3624, "longitude": 34.2949, "geo_precision": 2, "source": "Palestine News and Information Agency", "source_scale": "National", "notes": "On 30 October 2024, Israeli warplanes struck tents belonging to displaced people in Al Ahramat area northwest of Khan Yunis coded to Khan Yunis - Emirati (Khan Yunis, Gaza Strip), leaving injuries.", "fatalities": 0, "tags": null, "timestamp": 1753956638 }, "geometry": { "type": "Point", "coordinates": [ 34.2949, 31.3624 ] } },
{ "type": "Feature", "properties": { "event_id_cnty": "PSE62563", "event_date": "10/30/2024", "year": 2024, "time_precision": 1, "disorder_type": "Political violence", "event_type": "Explosions/Remote violence", "sub_event_type": "Air/drone strike", "actor1": "Military Forces of Israel (2022-)", "assoc_actor_1": null, "inter1": 8, "actor2": "Civilians (Palestine)", "assoc_actor_2": null, "inter2": 7, "interaction": 78, "civilian_targeting": "Civilian targeting", "iso": 275, "region": "Middle East", "country": "Palestine", "admin1": "Gaza Strip", "admin2": "North Gaza", "admin3": null, "location": "Jabalya", "latitude": 31.5272, "longitude": 34.4835, "geo_precision": 1, "source": "Palestine News and Information Agency; Quds News Network", "source_scale": "National", "notes": "On 30 October 2024, Israeli warplanes carried out strikes and artillery and tanks shelled targets and houses in Jabalya Al Nazalah in Jabalya town (North Gaza, Gaza Strip) causing injuries and destroyed buildings and houses.", "fatalities": 0, "tags": null, "timestamp": 1759790002 }, "geometry": { "type": "Point", "coordinates": [ 34.4835, 31.5272 ] } },
{ "type": "Feature", "properties": { "event_id_cnty": "PSE62668", "event_date": "10/30/2024", "year": 2024, "time_precision": 1, "disorder_type": "Political violence", "event_type": "Explosions/Remote violence", "sub_event_type": "Air/drone strike", "actor1": "Military Forces of Israel (2022-)", "assoc_actor_1": null, "inter1": 8, "actor2": "Civilians (Palestine)", "assoc_actor_2": null, "inter2": 7, "interaction": 78, "civilian_targeting": "Civilian targeting", "iso": 275, "region": "Middle East", "country": "Palestine", "admin1": "Gaza Strip", "admin2": "Rafah", "admin3": null, "location": "Rafah", "latitude": 31.287, "longitude": 34.2595, "geo_precision": 1, "source": "Palestine News and Information Agency; Quds News Network", "source_scale": "National", "notes": "On 30 October 2024, Israeli warplanes and helicopters struck houses in Rafah city (Rafah, Gaza Strip). Casualties unknown.", "fatalities": 0, "tags": null, "timestamp": 1762829569 }, "geometry": { "type": "Point", "coordinates": [ 34.2595, 31.287 ] } },
{ "type": "Feature", "properties": { "event_id_cnty": "PSE62315", "event_date": "10/31/2024", "year": 2024, "time_precision": 1, "disorder_type": "Political violence", "event_type": "Explosions/Remote violence", "sub_event_type": "Air/drone strike", "actor1": "Military Forces of Israel (2022-)", "assoc_actor_1": null, "inter1": 8, "actor2": "Civilians (Palestine)", "assoc_actor_2": "Refugees/IDPs (Palestine)", "inter2": 7, "interaction": 78, "civilian_targeting": "Civilian targeting", "iso": 275, "region": "Middle East", "country": "Palestine", "admin1": "Gaza Strip", "admin2": "Deir El Balah", "admin3": null, "location": "Al Burayj", "latitude": 31.4394, "longitude": 34.4031, "geo_precision": 1, "source": "Quds News Network", "source_scale": "National", "notes": "On 31 October 2024, Israeli warplanes struck the Al Burayj Camp (Deir El Balah, Gaza Strip), killing 2 Palestinians and injuring 10 more.", "fatalities": 2, "tags": null, "timestamp": 1753956638 }, "geometry": { "type": "Point", "coordinates": [ 34.4031, 31.4394 ] } },
{ "type": "Feature", "properties": { "event_id_cnty": "PSE62334", "event_date": "10/31/2024", "year": 2024, "time_precision": 1, "disorder_type": "Political violence", "event_type": "Explosions/Remote violence", "sub_event_type": "Air/drone strike", "actor1": "Military Forces of Israel (2022-)", "assoc_actor_1": null, "inter1": 8, "actor2": "Civilians (Palestine)", "assoc_actor_2": null, "inter2": 7, "interaction": 78, "civilian_targeting": "Civilian targeting", "iso": 275, "region": "Middle East", "country": "Palestine", "admin1": "Gaza Strip", "admin2": "Deir El Balah", "admin3": null, "location": "Al Maghazi", "latitude": 31.4214, "longitude": 34.3865, "geo_precision": 2, "source": "Palestine News and Information Agency", "source_scale": "National", "notes": "On 31 October 2024, Israeli UAVs struck a passing car west of Al Maghazi Camp (Deir El Balah, Gaza Strip), killing 4 persons and injuring others.", "fatalities": 4, "tags": null, "timestamp": 1753956638 }, "geometry": { "type": "Point", "coordinates": [ 34.3865, 31.4214 ] } },
{ "type": "Feature", "properties": { "event_id_cnty": "PSE62376", "event_date": "10/31/2024", "year": 2024, "time_precision": 1, "disorder_type": "Political violence", "event_type": "Explosions/Remote violence", "sub_event_type": "Air/drone strike", "actor1": "Military Forces of Israel (2022-)", "assoc_actor_1": null, "inter1": 8, "actor2": "Civilians (Palestine)", "assoc_actor_2": "Health Workers (Palestine); Journalists (Palestine)", "inter2": 7, "interaction": 78, "civilian_targeting": "Civilian targeting", "iso": 275, "region": "Middle East", "country": "Palestine", "admin1": "Gaza Strip", "admin2": "Deir El Balah", "admin3": null, "location": "An Nusayrat - North", "latitude": 31.4591, "longitude": 34.3923, "geo_precision": 1, "source": "Arab 48; Newpress; Palestine News and Information Agency; Quds News Network; Twitter; UNSC", "source_scale": "Other-New media", "notes": "On 31 October 2024, Israeli warplanes struck a houses in An Nusayrat - North (Deir El Balah, Gaza Strip), killing 3 Palestinians. Also, 16 Palestinians were killed by artillery shells that targeted 2 houses in An Nusayrat - North. In total, 26 Palestinians, including 4 children and 4 women were confirmed killed in An Nusauyrat - North. One of the houses was struck when medical and rescue crews gathered, resulting in the injury of at least 30 people, including a medic and 2 journalists.", "fatalities": 26, "tags": null, "timestamp": 1757377137 }, "geometry": { "type": "Point", "coordinates": [ 34.3923, 31.4591 ] } },
{ "type": "Feature", "properties": { "event_id_cnty": "PSE62400", "event_date": "10/31/2024", "year": 2024, "time_precision": 1, "disorder_type": "Political violence", "event_type": "Explosions/Remote violence", "sub_event_type": "Shelling/artillery/missile attack", "actor1": "Military Forces of Israel (2022-)", "assoc_actor_1": null, "inter1": 8, "actor2": "Civilians (Palestine)", "assoc_actor_2": null, "inter2": 7, "interaction": 78, "civilian_targeting": "Civilian targeting", "iso": 275, "region": "Middle East", "country": "Palestine", "admin1": "Gaza Strip", "admin2": "Deir El Balah", "admin3": null, "location": "Az Zawayda", "latitude": 31.4284, "longitude": 34.366, "geo_precision": 2, "source": "Ma'an News Agency; Palestine News and Information Agency; Quds News Network", "source_scale": "National", "notes": "On 31 October 2024, Israeli artillery shelled west of the Az Zawayda (Deir El Balah, Gaza Strip), killing 2 persons.", "fatalities": 2, "tags": null, "timestamp": 1767742780 }, "geometry": { "type": "Point", "coordinates": [ 34.366, 31.4284 ] } },
{ "type": "Feature", "properties": { "event_id_cnty": "PSE62441", "event_date": "10/31/2024", "year": 2024, "time_precision": 1, "disorder_type": "Political violence", "event_type": "Explosions/Remote violence", "sub_event_type": "Shelling/artillery/missile attack", "actor1": "Military Forces of Israel (2022-)", "assoc_actor_1": null, "inter1": 8, "actor2": "Civilians (Palestine)", "assoc_actor_2": "Health Workers (Palestine)", "inter2": 7, "interaction": 78, "civilian_targeting": "Civilian targeting", "iso": 275, "region": "Middle East", "country": "Palestine", "admin1": "Gaza Strip", "admin2": "North Gaza", "admin3": null, "location": "Beit Lahiya", "latitude": 31.5541, "longitude": 34.5016, "geo_precision": 1, "source": "Ma'an News Agency; Newpress; Palestine News and Information Agency; Quds News Network; Twitter", "source_scale": "New media-National", "notes": "On 31 October 2024, Israeli tanks opened fire at the Indonesian hospital in Beit Lahiya (North Gaza, Gaza Strip). Casualties unknown. Also, 4 Palestinians were killed including 2 children and several of others were injured in an Israeli artillery shelling targeted the Kamal Odwan Hospital in Beit Lahiya. In addition, a number of Palestinians were killed and injured in artillery shelling at houses unspecified number of fatalities coded as 3]. Total fatalities coded at least 7 [4 confirmed, 3 unspecified] .", "fatalities": 7, "tags": null, "timestamp": 1753956638 }, "geometry": { "type": "Point", "coordinates": [ 34.5016, 31.5541 ] } },
{ "type": "Feature", "properties": { "event_id_cnty": "PSE62450", "event_date": "10/31/2024", "year": 2024, "time_precision": 1, "disorder_type": "Political violence", "event_type": "Explosions/Remote violence", "sub_event_type": "Air/drone strike", "actor1": "Military Forces of Israel (2022-)", "assoc_actor_1": null, "inter1": 8, "actor2": "Civilians (Palestine)", "assoc_actor_2": null, "inter2": 7, "interaction": 78, "civilian_targeting": "Civilian targeting", "iso": 275, "region": "Middle East", "country": "Palestine", "admin1": "Gaza Strip", "admin2": "North Gaza", "admin3": null, "location": "Beit Lahiya - Al Mashroo", "latitude": 31.5433, "longitude": 34.4998, "geo_precision": 1, "source": "Palestine News and Information Agency; Quds News Network", "source_scale": "National", "notes": "On 31 October 2024, Israeli warplanes struck a house and artillery shelled targets in the Beit Lahiya - Al Mashroo (North Gaza, Gaza Strip), causing fire to houses. Casualties unknown.", "fatalities": 0, "tags": null, "timestamp": 1753956638 }, "geometry": { "type": "Point", "coordinates": [ 34.4998, 31.5433 ] } },
{ "type": "Feature", "properties": { "event_id_cnty": "PSE62457", "event_date": "10/31/2024", "year": 2024, "time_precision": 1, "disorder_type": "Political violence", "event_type": "Explosions/Remote violence", "sub_event_type": "Air/drone strike", "actor1": "Military Forces of Israel (2022-)", "assoc_actor_1": null, "inter1": 8, "actor2": "Civilians (Palestine)", "assoc_actor_2": null, "inter2": 7, "interaction": 78, "civilian_targeting": "Civilian targeting", "iso": 275, "region": "Middle East", "country": "Palestine", "admin1": "Gaza Strip", "admin2": "North Gaza", "admin3": null, "location": "Beit Lahiya - Ezbet Beit Hanoun", "latitude": 31.5472, "longitude": 34.5225, "geo_precision": 1, "source": "Palestine News and Information Agency", "source_scale": "National", "notes": "On 31 October 2024, Israeli UAVs struck a gathering in Beit Lahiya - Ezbet Beit Hanoun (North Gaza, Gaza Strip), killing 2 persons.", "fatalities": 2, "tags": null, "timestamp": 1753956638 }, "geometry": { "type": "Point", "coordinates": [ 34.5225, 31.5472 ] } },
{ "type": "Feature", "properties": { "event_id_cnty": "PSE62470", "event_date": "10/31/2024", "year": 2024, "time_precision": 1, "disorder_type": "Political violence", "event_type": "Explosions/Remote violence", "sub_event_type": "Air/drone strike", "actor1": "Military Forces of Israel (2022-)", "assoc_actor_1": null, "inter1": 8, "actor2": "Civilians (Palestine)", "assoc_actor_2": null, "inter2": 7, "interaction": 78, "civilian_targeting": "Civilian targeting", "iso": 275, "region": "Middle East", "country": "Palestine", "admin1": "Gaza Strip", "admin2": "Deir El Balah", "admin3": null, "location": "Deir al Balah", "latitude": 31.4178, "longitude": 34.3503, "geo_precision": 1, "source": "Palestine News and Information Agency; Quds News Network", "source_scale": "National", "notes": "On 31 October 2024, Israeli warplanes struck a house in Al Hadaba area in Deir al Balah city (Deir El Balah, Gaza Strip), killing 2 persons and injuring others.", "fatalities": 2, "tags": null, "timestamp": 1753956638 }, "geometry": { "type": "Point", "coordinates": [ 34.3503, 31.4178 ] } },
{ "type": "Feature", "properties": { "event_id_cnty": "PSE62493", "event_date": "10/31/2024", "year": 2024, "time_precision": 1, "disorder_type": "Political violence", "event_type": "Explosions/Remote violence", "sub_event_type": "Air/drone strike", "actor1": "Military Forces of Israel (2022-)", "assoc_actor_1": null, "inter1": 8, "actor2": "Civilians (Palestine)", "assoc_actor_2": null, "inter2": 7, "interaction": 78, "civilian_targeting": "Civilian targeting", "iso": 275, "region": "Middle East", "country": "Palestine", "admin1": "Gaza Strip", "admin2": "Gaza City", "admin3": null, "location": "Gaza - Ad Darraj", "latitude": 31.5172, "longitude": 34.4642, "geo_precision": 1, "source": "Palestine News and Information Agency", "source_scale": "National", "notes": "On 31 October 2024, Israeli warplanes struck a gathering in Al Sahaba area of Gaza - Ad Darraj (Gaza City, Gaza Strip), killing 4 persons and injuring others.", "fatalities": 4, "tags": null, "timestamp": 1759790002 }, "geometry": { "type": "Point", "coordinates": [ 34.4642, 31.5172 ] } },
{ "type": "Feature", "properties": { "event_id_cnty": "PSE62499", "event_date": "10/31/2024", "year": 2024, "time_precision": 1, "disorder_type": "Political violence", "event_type": "Explosions/Remote violence", "sub_event_type": "Air/drone strike", "actor1": "Military Forces of Israel (2022-)", "assoc_actor_1": null, "inter1": 8, "actor2": "Civilians (Palestine)", "assoc_actor_2": null, "inter2": 7, "interaction": 78, "civilian_targeting": "Civilian targeting", "iso": 275, "region": "Middle East", "country": "Palestine", "admin1": "Gaza Strip", "admin2": "Gaza City", "admin3": null, "location": "Gaza - Ash Shati' Camp", "latitude": 31.5349, "longitude": 34.4466, "geo_precision": 2, "source": "Palestine News and Information Agency; Quds News Network", "source_scale": "National", "notes": "On 31 October 2024, Israeli warplanes struck a house in al-Shanti land northwest of Gaza City, coded to Gaza - Ash Shati' Camp (Gaza City, Gaza Strip), killing 4 persons and injuring 10 more.", "fatalities": 4, "tags": null, "timestamp": 1759790002 }, "geometry": { "type": "Point", "coordinates": [ 34.4466, 31.5349 ] } },
{ "type": "Feature", "properties": { "event_id_cnty": "PSE62500", "event_date": "10/31/2024", "year": 2024, "time_precision": 1, "disorder_type": "Political violence", "event_type": "Explosions/Remote violence", "sub_event_type": "Air/drone strike", "actor1": "Military Forces of Israel (2022-)", "assoc_actor_1": null, "inter1": 8, "actor2": "Civilians (Palestine)", "assoc_actor_2": "Journalists (Palestine); Refugees/IDPs (Palestine)", "inter2": 7, "interaction": 78, "civilian_targeting": "Civilian targeting", "iso": 275, "region": "Middle East", "country": "Palestine", "admin1": "Gaza Strip", "admin2": "Gaza City", "admin3": null, "location": "Gaza - Ash Shati' Camp", "latitude": 31.5349, "longitude": 34.4466, "geo_precision": 1, "source": "Guardian (United Kingdom); International Federation of Journalists; Quds News Network", "source_scale": "Other-National", "notes": "On 31 October 2024, Israeli warplanes struck a target in Gaza - Ash Shati' Camp (Gaza City, Gaza Strip), killing 3 Palestinians, including a journalist, in Gaza - Ash Shati' Camp and west of Gaza City [3 fatalities split across 2 events, 2 coded to this location].", "fatalities": 2, "tags": null, "timestamp": 1759790002 }, "geometry": { "type": "Point", "coordinates": [ 34.4466, 31.5349 ] } },
{ "type": "Feature", "properties": { "event_id_cnty": "PSE62517", "event_date": "10/31/2024", "year": 2024, "time_precision": 1, "disorder_type": "Political violence", "event_type": "Explosions/Remote violence", "sub_event_type": "Air/drone strike", "actor1": "Military Forces of Israel (2022-)", "assoc_actor_1": null, "inter1": 8, "actor2": "Civilians (Palestine)", "assoc_actor_2": null, "inter2": 7, "interaction": 78, "civilian_targeting": "Civilian targeting", "iso": 275, "region": "Middle East", "country": "Palestine", "admin1": "Gaza Strip", "admin2": "Gaza City", "admin3": null, "location": "Gaza - Sabra", "latitude": 31.5086, "longitude": 34.4493, "geo_precision": 1, "source": "Palestine News and Information Agency; Quds News Network", "source_scale": "National", "notes": "On 31 October 2024, Israeli warplanes targeted a house near Abu Sharea area in Gaza - Sabra (Gaza City, Gaza Strip), leaving fatalities [unspecified fatalities coded as 3].", "fatalities": 3, "tags": null, "timestamp": 1759790002 }, "geometry": { "type": "Point", "coordinates": [ 34.4493, 31.5086 ] } },
{ "type": "Feature", "properties": { "event_id_cnty": "PSE62522", "event_date": "10/31/2024", "year": 2024, "time_precision": 1, "disorder_type": "Political violence", "event_type": "Explosions/Remote violence", "sub_event_type": "Air/drone strike", "actor1": "Military Forces of Israel (2022-)", "assoc_actor_1": null, "inter1": 8, "actor2": "Civilians (Palestine)", "assoc_actor_2": null, "inter2": 7, "interaction": 78, "civilian_targeting": "Civilian targeting", "iso": 275, "region": "Middle East", "country": "Palestine", "admin1": "Gaza Strip", "admin2": "Gaza City", "admin3": null, "location": "Gaza - Sheikh Radwan", "latitude": 31.5349, "longitude": 34.4667, "geo_precision": 1, "source": "Quds News Network", "source_scale": "National", "notes": "On 31 October 2024, Israeli warplanes struck a gathering near Bahloul junction in Gaza - Sheikh Radwan (Gaza City, Gaza Strip), killing 5 Palestinians and injuring others.", "fatalities": 5, "tags": null, "timestamp": 1759790002 }, "geometry": { "type": "Point", "coordinates": [ 34.4667, 31.5349 ] } },
{ "type": "Feature", "properties": { "event_id_cnty": "PSE62536", "event_date": "10/31/2024", "year": 2024, "time_precision": 1, "disorder_type": "Political violence", "event_type": "Explosions/Remote violence", "sub_event_type": "Air/drone strike", "actor1": "Military Forces of Israel (2022-)", "assoc_actor_1": null, "inter1": 8, "actor2": "Civilians (Palestine)", "assoc_actor_2": null, "inter2": 7, "interaction": 78, "civilian_targeting": "Civilian targeting", "iso": 275, "region": "Middle East", "country": "Palestine", "admin1": "Gaza Strip", "admin2": "Gaza City", "admin3": null, "location": "Gaza - Southern Remal", "latitude": 31.5168, "longitude": 34.4355, "geo_precision": 2, "source": "Quds News Network", "source_scale": "National", "notes": "On 31 October 2024, Israeli warplanes struck a target near Al Shefa tower west of Gaza City, coded to Gaza - Southern Remal (Gaza City, Gaza Strip), killing 3 Palestinians in Gaza - Ash Shati' Camp and west of Gaza City [3 fatalities split across 2 events, 1 coded to this location].", "fatalities": 1, "tags": null, "timestamp": 1759790002 }, "geometry": { "type": "Point", "coordinates": [ 34.4355, 31.5168 ] } },
{ "type": "Feature", "properties": { "event_id_cnty": "PSE62565", "event_date": "10/31/2024", "year": 2024, "time_precision": 1, "disorder_type": "Political violence", "event_type": "Explosions/Remote violence", "sub_event_type": "Air/drone strike", "actor1": "Military Forces of Israel (2022-)", "assoc_actor_1": null, "inter1": 8, "actor2": "Civilians (Palestine)", "assoc_actor_2": null, "inter2": 7, "interaction": 78, "civilian_targeting": "Civilian targeting", "iso": 275, "region": "Middle East", "country": "Palestine", "admin1": "Gaza Strip", "admin2": "North Gaza", "admin3": null, "location": "Jabalya", "latitude": 31.5272, "longitude": 34.4835, "geo_precision": 1, "source": "Palestine News and Information Agency; Quds News Network", "source_scale": "National", "notes": "On 31 October 2024, Israeli warplanes struck a gathering near Halima area in Jabalya Al Nazlah in Jabalya town (North Gaza, Gaza Strip), killing 2 persons and injuring others.", "fatalities": 2, "tags": null, "timestamp": 1759790002 }, "geometry": { "type": "Point", "coordinates": [ 34.4835, 31.5272 ] } },
{ "type": "Feature", "properties": { "event_id_cnty": "PSE62687", "event_date": "10/31/2024", "year": 2024, "time_precision": 1, "disorder_type": "Political violence", "event_type": "Explosions/Remote violence", "sub_event_type": "Shelling/artillery/missile attack", "actor1": "Military Forces of Israel (2022-)", "assoc_actor_1": null, "inter1": 8, "actor2": "Civilians (Palestine)", "assoc_actor_2": null, "inter2": 7, "interaction": 78, "civilian_targeting": "Civilian targeting", "iso": 275, "region": "Middle East", "country": "Palestine", "admin1": "Gaza Strip", "admin2": "North Gaza", "admin3": null, "location": "Sheikh Zaid", "latitude": 31.5392, "longitude": 34.5117, "geo_precision": 1, "source": "Palestine News and Information Agency", "source_scale": "National", "notes": "On 31 October 2024, Israeli artillery shelled on the outskirts of Sheikh Zaid (North Gaza, Gaza Strip), causing fire to houses. Casualties unknown.", "fatalities": 0, "tags": null, "timestamp": 1759790002 }, "geometry": { "type": "Point", "coordinates": [ 34.5117, 31.5392 ] } }
]
}
