{
"type": "FeatureCollection",
"name": "aug2024",
"crs": { "type": "name", "properties": { "name": "urn:ogc:def:crs:OGC:1.3:CRS84" } },
"features": [
{ "type": "Feature", "properties": { "event_id_cnty": "PSE56699", "event_date": "8/1/2024", "year": 2024, "time_precision": 1, "disorder_type": "Political violence", "event_type": "Explosions/Remote violence", "sub_event_type": "Shelling/artillery/missile attack", "actor1": "Military Forces of Israel (2022-)", "assoc_actor_1": null, "inter1": 8, "actor2": "Civilians (Palestine)", "assoc_actor_2": null, "inter2": 7, "interaction": 78, "civilian_targeting": "Civilian targeting", "iso": 275, "region": "Middle East", "country": "Palestine", "admin1": "Gaza Strip", "admin2": "Gaza City", "admin3": null, "location": "Gaza - Shujaiyya", "latitude": 31.4988, "longitude": 34.4699, "geo_precision": 2, "source": "PLO Negotiations Affairs Department; Quds News Network; Twitter", "source_scale": "Other-New media", "notes": "On 1 August 2024, Israeli artillery and tanks shelled targets east of Gaza City, coded to Gaza - Shujaiyya (Gaza City, Gaza Strip). 3 Palestinians were killed at the junction of Al Shujaiyya east of Gaza city.", "fatalities": 3, "tags": null, "timestamp": 1759790002 }, "geometry": { "type": "Point", "coordinates": [ 34.4699, 31.4988 ] } },
{ "type": "Feature", "properties": { "event_id_cnty": "PSE56708", "event_date": "8/1/2024", "year": 2024, "time_precision": 1, "disorder_type": "Political violence", "event_type": "Explosions/Remote violence", "sub_event_type": "Air/drone strike", "actor1": "Military Forces of Israel (2022-)", "assoc_actor_1": null, "inter1": 8, "actor2": "Civilians (Palestine)", "assoc_actor_2": "Refugees/IDPs (Palestine)", "inter2": 7, "interaction": 78, "civilian_targeting": "Civilian targeting", "iso": 275, "region": "Middle East", "country": "Palestine", "admin1": "Gaza Strip", "admin2": "Deir El Balah", "admin3": null, "location": "An Nusayrat", "latitude": 31.4486, "longitude": 34.3925, "geo_precision": 1, "source": "Arab 48; Newpress; Palestine News and Information Agency; Quds News Network; Twitter", "source_scale": "New media-National", "notes": "On 1 August 2024, Israeli warplanes struck a target at al-Ishrin street in An Nusayrat Camp (Deir El Balah, Gaza Strip), leaving 5 fatalities and a number of injuries. Also, 3 Palestinians were killed in a airstrike that targeted a gathering in the camp. Total fatalities were 8.", "fatalities": 8, "tags": null, "timestamp": 1753955132 }, "geometry": { "type": "Point", "coordinates": [ 34.3925, 31.4486 ] } },
{ "type": "Feature", "properties": { "event_id_cnty": "PSE56715", "event_date": "8/1/2024", "year": 2024, "time_precision": 1, "disorder_type": "Political violence", "event_type": "Explosions/Remote violence", "sub_event_type": "Air/drone strike", "actor1": "Military Forces of Israel (2022-)", "assoc_actor_1": null, "inter1": 8, "actor2": "Civilians (Palestine)", "assoc_actor_2": null, "inter2": 7, "interaction": 78, "civilian_targeting": "Civilian targeting", "iso": 275, "region": "Middle East", "country": "Palestine", "admin1": "Gaza Strip", "admin2": "Khan Yunis", "admin3": null, "location": "Khan Yunis - Maen", "latitude": 31.336, "longitude": 34.3172, "geo_precision": 1, "source": "Newpress; Palestine News and Information Agency; Quds News Network; Twitter", "source_scale": "New media-National", "notes": "On 1 August 2024, Israeli warplanes struck a house in Khan Yunis - Maen (Khan Yunis, Gaza Strip), leaving injuries.", "fatalities": 0, "tags": null, "timestamp": 1753955132 }, "geometry": { "type": "Point", "coordinates": [ 34.3172, 31.336 ] } },
{ "type": "Feature", "properties": { "event_id_cnty": "PSE56734", "event_date": "8/1/2024", "year": 2024, "time_precision": 1, "disorder_type": "Political violence", "event_type": "Explosions/Remote violence", "sub_event_type": "Air/drone strike", "actor1": "Military Forces of Israel (2022-)", "assoc_actor_1": null, "inter1": 8, "actor2": "Civilians (Palestine)", "assoc_actor_2": null, "inter2": 7, "interaction": 78, "civilian_targeting": "Civilian targeting", "iso": 275, "region": "Middle East", "country": "Palestine", "admin1": "Gaza Strip", "admin2": "North Gaza", "admin3": null, "location": "Beit Lahiya - Al Salateen", "latitude": 31.5558, "longitude": 34.4814, "geo_precision": 1, "source": "Newpress; Palestine News and Information Agency; Quds News Network; Twitter", "source_scale": "New media-National", "notes": "On 1 August 2024, Israeli warplanes struck a house in Beit Lahiya - Al Salateen (North Gaza, Gaza Strip), leaving one fatality and a number of injuries.", "fatalities": 1, "tags": null, "timestamp": 1753955132 }, "geometry": { "type": "Point", "coordinates": [ 34.4814, 31.5558 ] } },
{ "type": "Feature", "properties": { "event_id_cnty": "PSE56735", "event_date": "8/1/2024", "year": 2024, "time_precision": 1, "disorder_type": "Political violence", "event_type": "Explosions/Remote violence", "sub_event_type": "Air/drone strike", "actor1": "Military Forces of Israel (2022-)", "assoc_actor_1": null, "inter1": 8, "actor2": "Civilians (Palestine)", "assoc_actor_2": null, "inter2": 7, "interaction": 78, "civilian_targeting": "Civilian targeting", "iso": 275, "region": "Middle East", "country": "Palestine", "admin1": "Gaza Strip", "admin2": "North Gaza", "admin3": null, "location": "Beit Lahiya - Atatra", "latitude": 31.5594, "longitude": 34.4875, "geo_precision": 1, "source": "Newpress; Twitter", "source_scale": "New media-National", "notes": "On 1 August 2024, Israeli warplanes struck a house in Beit Lahiya - Atatra (North Gaza, Gaza Strip), leaving one fatality and a number of injuries.", "fatalities": 1, "tags": null, "timestamp": 1753955132 }, "geometry": { "type": "Point", "coordinates": [ 34.4875, 31.5594 ] } },
{ "type": "Feature", "properties": { "event_id_cnty": "PSE56736", "event_date": "8/1/2024", "year": 2024, "time_precision": 1, "disorder_type": "Political violence", "event_type": "Explosions/Remote violence", "sub_event_type": "Air/drone strike", "actor1": "Military Forces of Israel (2022-)", "assoc_actor_1": null, "inter1": 8, "actor2": "Civilians (Palestine)", "assoc_actor_2": null, "inter2": 7, "interaction": 78, "civilian_targeting": "Civilian targeting", "iso": 275, "region": "Middle East", "country": "Palestine", "admin1": "Gaza Strip", "admin2": "Khan Yunis", "admin3": null, "location": "Khan Yunis - As Sater", "latitude": 31.3637, "longitude": 34.3228, "geo_precision": 1, "source": "Arab 48; Quds News Network; Twitter", "source_scale": "New media-National", "notes": "On 1 August 2024, an Israeli UAV struck a target in Khan Yunis - As Sater (Khan Yunis, Gaza Strip), killing a Palestinian woman.", "fatalities": 1, "tags": null, "timestamp": 1753955132 }, "geometry": { "type": "Point", "coordinates": [ 34.3228, 31.3637 ] } },
{ "type": "Feature", "properties": { "event_id_cnty": "PSE56737", "event_date": "8/1/2024", "year": 2024, "time_precision": 1, "disorder_type": "Political violence", "event_type": "Explosions/Remote violence", "sub_event_type": "Air/drone strike", "actor1": "Military Forces of Israel (2022-)", "assoc_actor_1": null, "inter1": 8, "actor2": "Civilians (Palestine)", "assoc_actor_2": null, "inter2": 7, "interaction": 78, "civilian_targeting": "Civilian targeting", "iso": 275, "region": "Middle East", "country": "Palestine", "admin1": "Gaza Strip", "admin2": "Deir El Balah", "admin3": null, "location": "An Nusayrat", "latitude": 31.4486, "longitude": 34.3925, "geo_precision": 2, "source": "Arab 48; Quds News Network; Twitter", "source_scale": "New media-National", "notes": "On 1 August 2024, Israeli warplanes struck a house east of An Nusayrat Camp (Deir El Balah, Gaza Strip), killing one Palestinian and injuring 3 more.", "fatalities": 1, "tags": null, "timestamp": 1753955132 }, "geometry": { "type": "Point", "coordinates": [ 34.3925, 31.4486 ] } },
{ "type": "Feature", "properties": { "event_id_cnty": "PSE56747", "event_date": "8/1/2024", "year": 2024, "time_precision": 1, "disorder_type": "Political violence", "event_type": "Explosions/Remote violence", "sub_event_type": "Air/drone strike", "actor1": "Military Forces of Israel (2022-)", "assoc_actor_1": null, "inter1": 8, "actor2": "Civilians (Palestine)", "assoc_actor_2": null, "inter2": 7, "interaction": 78, "civilian_targeting": "Civilian targeting", "iso": 275, "region": "Middle East", "country": "Palestine", "admin1": "Gaza Strip", "admin2": "Gaza City", "admin3": null, "location": "Gaza - Sheikh Radwan", "latitude": 31.5349, "longitude": 34.4667, "geo_precision": 1, "source": "Arab 48; Newpress; Palestine News and Information Agency; Quds News Network; Twitter", "source_scale": "New media-National", "notes": "On 1 August 2024, Israeli warplanes struck a house in Gaza - Sheikh Radwan (Gaza City, Gaza Strip), leaving at least 2 fatalities and a number of injuries.", "fatalities": 2, "tags": null, "timestamp": 1759790002 }, "geometry": { "type": "Point", "coordinates": [ 34.4667, 31.5349 ] } },
{ "type": "Feature", "properties": { "event_id_cnty": "PSE56759", "event_date": "8/1/2024", "year": 2024, "time_precision": 1, "disorder_type": "Political violence", "event_type": "Explosions/Remote violence", "sub_event_type": "Air/drone strike", "actor1": "Military Forces of Israel (2022-)", "assoc_actor_1": null, "inter1": 8, "actor2": "Civilians (Palestine)", "assoc_actor_2": null, "inter2": 7, "interaction": 78, "civilian_targeting": "Civilian targeting", "iso": 275, "region": "Middle East", "country": "Palestine", "admin1": "Gaza Strip", "admin2": "Deir El Balah", "admin3": null, "location": "An Nusayrat - North", "latitude": 31.4591, "longitude": 34.3923, "geo_precision": 1, "source": "Quds News Network; Twitter", "source_scale": "New media-National", "notes": "On 1 August 2024, Israeli warplanes struck a house in Al Mufti land in An Nusayrat - North (Deir El Balah, Gaza Strip), leaving a number of fatalities. Unspecified fatalities coded as 3.", "fatalities": 3, "tags": null, "timestamp": 1753955132 }, "geometry": { "type": "Point", "coordinates": [ 34.3923, 31.4591 ] } },
{ "type": "Feature", "properties": { "event_id_cnty": "PSE56768", "event_date": "8/1/2024", "year": 2024, "time_precision": 1, "disorder_type": "Political violence", "event_type": "Explosions/Remote violence", "sub_event_type": "Air/drone strike", "actor1": "Military Forces of Israel (2022-)", "assoc_actor_1": null, "inter1": 8, "actor2": "Civilians (Palestine)", "assoc_actor_2": null, "inter2": 7, "interaction": 78, "civilian_targeting": "Civilian targeting", "iso": 275, "region": "Middle East", "country": "Palestine", "admin1": "Gaza Strip", "admin2": "Rafah", "admin3": null, "location": "Tal as Sultan", "latitude": 31.3098, "longitude": 34.2414, "geo_precision": 1, "source": "Palestine News and Information Agency; Quds News Network; Twitter", "source_scale": "New media-National", "notes": "On 1 August 2024, an Israeli UAV struck a target near Bir Kenda in Tal as Sultan (Rafah, Gaza Strip), leaving 2 fatalities. Also, 3 Palestinians were killed in a separate airstrike in Tal as Sultan. Total fatalities were 5.", "fatalities": 5, "tags": null, "timestamp": 1762829569 }, "geometry": { "type": "Point", "coordinates": [ 34.2414, 31.3098 ] } },
{ "type": "Feature", "properties": { "event_id_cnty": "PSE56701", "event_date": "8/1/2024", "year": 2024, "time_precision": 1, "disorder_type": "Political violence", "event_type": "Explosions/Remote violence", "sub_event_type": "Air/drone strike", "actor1": "Military Forces of Israel (2022-)", "assoc_actor_1": null, "inter1": 8, "actor2": "Civilians (Palestine)", "assoc_actor_2": "Refugees/IDPs (Palestine)", "inter2": 7, "interaction": 78, "civilian_targeting": "Civilian targeting", "iso": 275, "region": "Middle East", "country": "Palestine", "admin1": "Gaza Strip", "admin2": "Deir El Balah", "admin3": null, "location": "Al Burayj", "latitude": 31.4394, "longitude": 34.4031, "geo_precision": 1, "source": "Quds News Network; Twitter", "source_scale": "New media-National", "notes": "On 1 August 2024, Israeli UAVs opened fire in Al Burayj Camp (Deir El Balah, Gaza Strip), leaving injuries. Also, the artillery shelled targets in the camp [casualties unknown].", "fatalities": 0, "tags": null, "timestamp": 1753955132 }, "geometry": { "type": "Point", "coordinates": [ 34.4031, 31.4394 ] } },
{ "type": "Feature", "properties": { "event_id_cnty": "PSE56745", "event_date": "8/1/2024", "year": 2024, "time_precision": 1, "disorder_type": "Political violence", "event_type": "Explosions/Remote violence", "sub_event_type": "Air/drone strike", "actor1": "Military Forces of Israel (2022-)", "assoc_actor_1": null, "inter1": 8, "actor2": "Civilians (Palestine)", "assoc_actor_2": null, "inter2": 7, "interaction": 78, "civilian_targeting": "Civilian targeting", "iso": 275, "region": "Middle East", "country": "Palestine", "admin1": "Gaza Strip", "admin2": "Gaza City", "admin3": null, "location": "Gaza - Az Zaytun", "latitude": 31.4964, "longitude": 34.4522, "geo_precision": 1, "source": "Arab 48; Newpress; Palestine News and Information Agency; Quds News Network; Twitter", "source_scale": "New media-National", "notes": "On 1 August 2024, Israeli warplanes struck targets near the Kuwait roundabout in Gaza - Az Zaytun (Gaza City, Gaza Strip), killing 2 Palestinians and injuring a number of others. Also, the artillery shelled targets in the same area [casualties unknown]. Fatalities coded at least 2.", "fatalities": 2, "tags": null, "timestamp": 1759790002 }, "geometry": { "type": "Point", "coordinates": [ 34.4522, 31.4964 ] } },
{ "type": "Feature", "properties": { "event_id_cnty": "PSE56703", "event_date": "8/2/2024", "year": 2024, "time_precision": 1, "disorder_type": "Political violence", "event_type": "Explosions/Remote violence", "sub_event_type": "Air/drone strike", "actor1": "Military Forces of Israel (2022-)", "assoc_actor_1": null, "inter1": 8, "actor2": "Civilians (Palestine)", "assoc_actor_2": "Refugees/IDPs (Palestine)", "inter2": 7, "interaction": 78, "civilian_targeting": "Civilian targeting", "iso": 275, "region": "Middle East", "country": "Palestine", "admin1": "Gaza Strip", "admin2": "Deir El Balah", "admin3": null, "location": "Al Burayj", "latitude": 31.4394, "longitude": 34.4031, "geo_precision": 1, "source": "Palestine News and Information Agency; Quds News Network; Twitter", "source_scale": "New media-National", "notes": "On 2 August 2024, Israeli warplanes struck a house in Al Burayj Camp (Deir El Balah, Gaza Strip), killing 2 Palestinians and injuring a number of others.", "fatalities": 2, "tags": null, "timestamp": 1753955132 }, "geometry": { "type": "Point", "coordinates": [ 34.4031, 31.4394 ] } },
{ "type": "Feature", "properties": { "event_id_cnty": "PSE56728", "event_date": "8/2/2024", "year": 2024, "time_precision": 1, "disorder_type": "Political violence", "event_type": "Explosions/Remote violence", "sub_event_type": "Air/drone strike", "actor1": "Military Forces of Israel (2022-)", "assoc_actor_1": null, "inter1": 8, "actor2": "Civilians (Palestine)", "assoc_actor_2": null, "inter2": 7, "interaction": 78, "civilian_targeting": "Civilian targeting", "iso": 275, "region": "Middle East", "country": "Palestine", "admin1": "Gaza Strip", "admin2": "Deir El Balah", "admin3": null, "location": "An Nusayrat - North", "latitude": 31.4591, "longitude": 34.3923, "geo_precision": 1, "source": "Newpress; Palestine News and Information Agency; Twitter", "source_scale": "New media-National", "notes": "On 2 August 2024, Israeli warplanes struck a house in Al Mufti land in An Nusayrat - North (Deir El Balah, Gaza Strip). Casualties unknown. Also, the artillery shelled targets in the same area. Casualties unknown.", "fatalities": 0, "tags": null, "timestamp": 1753955132 }, "geometry": { "type": "Point", "coordinates": [ 34.3923, 31.4591 ] } },
{ "type": "Feature", "properties": { "event_id_cnty": "PSE56739", "event_date": "8/2/2024", "year": 2024, "time_precision": 1, "disorder_type": "Political violence", "event_type": "Explosions/Remote violence", "sub_event_type": "Air/drone strike", "actor1": "Military Forces of Israel (2022-)", "assoc_actor_1": null, "inter1": 8, "actor2": "Civilians (Palestine)", "assoc_actor_2": null, "inter2": 7, "interaction": 78, "civilian_targeting": "Civilian targeting", "iso": 275, "region": "Middle East", "country": "Palestine", "admin1": "Gaza Strip", "admin2": "Khan Yunis", "admin3": null, "location": "Bani Suheila", "latitude": 31.3424, "longitude": 34.325, "geo_precision": 1, "source": "Palestine News and Information Agency; Quds News Network; Twitter", "source_scale": "New media-National", "notes": "On 2 August 2024, Israeli warplanes struck a house in Bani Suheila (Khan Yunis, Gaza Strip), killing a Palestinian and injuring 2 more.", "fatalities": 1, "tags": null, "timestamp": 1753955132 }, "geometry": { "type": "Point", "coordinates": [ 34.325, 31.3424 ] } },
{ "type": "Feature", "properties": { "event_id_cnty": "PSE56740", "event_date": "8/2/2024", "year": 2024, "time_precision": 1, "disorder_type": "Political violence", "event_type": "Explosions/Remote violence", "sub_event_type": "Air/drone strike", "actor1": "Military Forces of Israel (2022-)", "assoc_actor_1": null, "inter1": 8, "actor2": "Civilians (Palestine)", "assoc_actor_2": null, "inter2": 7, "interaction": 78, "civilian_targeting": "Civilian targeting", "iso": 275, "region": "Middle East", "country": "Palestine", "admin1": "Gaza Strip", "admin2": "Gaza City", "admin3": null, "location": "Gaza - Southern Remal", "latitude": 31.5168, "longitude": 34.4355, "geo_precision": 2, "source": "Newpress; Quds News Network; Twitter", "source_scale": "New media-National", "notes": "On 2 August 2024, Israeli warplanes struck a target near Al Amal hotel west of Gaza City, coded to Gaza - Southern Remal (Gaza City, Gaza Strip), leaving one fatality and a number of injuries.", "fatalities": 1, "tags": null, "timestamp": 1759790002 }, "geometry": { "type": "Point", "coordinates": [ 34.4355, 31.5168 ] } },
{ "type": "Feature", "properties": { "event_id_cnty": "PSE56746", "event_date": "8/2/2024", "year": 2024, "time_precision": 1, "disorder_type": "Political violence", "event_type": "Explosions/Remote violence", "sub_event_type": "Air/drone strike", "actor1": "Military Forces of Israel (2022-)", "assoc_actor_1": null, "inter1": 8, "actor2": "Civilians (Palestine)", "assoc_actor_2": null, "inter2": 7, "interaction": 78, "civilian_targeting": "Civilian targeting", "iso": 275, "region": "Middle East", "country": "Palestine", "admin1": "Gaza Strip", "admin2": "Deir El Balah", "admin3": null, "location": "Al Maghazi", "latitude": 31.4214, "longitude": 34.3865, "geo_precision": 2, "source": "Ma'an News Agency; Palestine News and Information Agency; Quds News Network; Twitter", "source_scale": "New media-National", "notes": "On 2 August 2024, Israeli warplanes struck a gathering east of Al Maghazi Camp (Deir El Balah, Gaza Strip), leaving 2 fatalities and a number of injuries.", "fatalities": 2, "tags": null, "timestamp": 1753955132 }, "geometry": { "type": "Point", "coordinates": [ 34.3865, 31.4214 ] } },
{ "type": "Feature", "properties": { "event_id_cnty": "PSE56760", "event_date": "8/2/2024", "year": 2024, "time_precision": 1, "disorder_type": "Political violence", "event_type": "Explosions/Remote violence", "sub_event_type": "Air/drone strike", "actor1": "Military Forces of Israel (2022-)", "assoc_actor_1": null, "inter1": 8, "actor2": "Civilians (Palestine)", "assoc_actor_2": null, "inter2": 7, "interaction": 78, "civilian_targeting": "Civilian targeting", "iso": 275, "region": "Middle East", "country": "Palestine", "admin1": "Gaza Strip", "admin2": "Gaza City", "admin3": null, "location": "Gaza - Sheikh Radwan", "latitude": 31.5349, "longitude": 34.4667, "geo_precision": 1, "source": "Liveuamap; Quds News Network; Twitter", "source_scale": "Local partner-New media", "notes": "On 2 August 2024, Israeli warplanes struck a house in Gaza - Sheikh Radwan (Gaza City, Gaza Strip), leaving fatalities and injuries. Unspecified number of fatalities coded as 3.", "fatalities": 3, "tags": null, "timestamp": 1759790002 }, "geometry": { "type": "Point", "coordinates": [ 34.4667, 31.5349 ] } },
{ "type": "Feature", "properties": { "event_id_cnty": "PSE56763", "event_date": "8/2/2024", "year": 2024, "time_precision": 1, "disorder_type": "Political violence", "event_type": "Explosions/Remote violence", "sub_event_type": "Air/drone strike", "actor1": "Military Forces of Israel (2022-)", "assoc_actor_1": null, "inter1": 8, "actor2": "Civilians (Palestine)", "assoc_actor_2": null, "inter2": 7, "interaction": 78, "civilian_targeting": "Civilian targeting", "iso": 275, "region": "Middle East", "country": "Palestine", "admin1": "Gaza Strip", "admin2": "Gaza City", "admin3": null, "location": "Gaza - Sheikh Radwan", "latitude": 31.5349, "longitude": 34.4667, "geo_precision": 2, "source": "Al Ghad (Jordan); Arab 48; Ma'an News Agency; Palestine News and Information Agency", "source_scale": "National-Regional", "notes": "On 2 August 2024, Israeli warplanes struck the Abu Hashem building in al Jalaa street north Gaza City, coded to Gaza - Sheikh Radwan (Gaza City, Gaza Strip), leaving 4 Palestinian fatalities and injuring 12 persons.", "fatalities": 4, "tags": null, "timestamp": 1759790002 }, "geometry": { "type": "Point", "coordinates": [ 34.4667, 31.5349 ] } },
{ "type": "Feature", "properties": { "event_id_cnty": "PSE56764", "event_date": "8/2/2024", "year": 2024, "time_precision": 1, "disorder_type": "Political violence", "event_type": "Explosions/Remote violence", "sub_event_type": "Air/drone strike", "actor1": "Military Forces of Israel (2022-)", "assoc_actor_1": null, "inter1": 8, "actor2": "Civilians (Palestine)", "assoc_actor_2": null, "inter2": 7, "interaction": 78, "civilian_targeting": "Civilian targeting", "iso": 275, "region": "Middle East", "country": "Palestine", "admin1": "Gaza Strip", "admin2": "Khan Yunis", "admin3": null, "location": "Khan Yunis - City Centre", "latitude": 31.3419, "longitude": 34.3015, "geo_precision": 1, "source": "Ma'an News Agency; Palestine News and Information Agency; Quds News Network; Twitter", "source_scale": "New media-National", "notes": "On 2 August 2024, Israeli warplanes struck an apartment in Khan Yunis - City Centre (Khan Yunis, Gaza Strip), killing 4 Palestinians and injuring a number of others.", "fatalities": 4, "tags": null, "timestamp": 1753955132 }, "geometry": { "type": "Point", "coordinates": [ 34.3015, 31.3419 ] } },
{ "type": "Feature", "properties": { "event_id_cnty": "PSE56770", "event_date": "8/2/2024", "year": 2024, "time_precision": 1, "disorder_type": "Political violence", "event_type": "Explosions/Remote violence", "sub_event_type": "Air/drone strike", "actor1": "Military Forces of Israel (2022-)", "assoc_actor_1": null, "inter1": 8, "actor2": "Civilians (Palestine)", "assoc_actor_2": null, "inter2": 7, "interaction": 78, "civilian_targeting": "Civilian targeting", "iso": 275, "region": "Middle East", "country": "Palestine", "admin1": "Gaza Strip", "admin2": "Gaza City", "admin3": null, "location": "Gaza - Sabra", "latitude": 31.5086, "longitude": 34.4493, "geo_precision": 1, "source": "Arab 48; Ma'an News Agency; Palestine News and Information Agency; Quds News Network; Twitter", "source_scale": "New media-National", "notes": "On 2 August 2024, Israeli warplanes struck targets (including a house) in Gaza - Sabra, including street 8 (Gaza City, Gaza Strip), leaving 5 fatalities, including 3 children and a woman. Also the artillery shelled targets in the same area [casualties unknown]. Fatalities coded at least 5.", "fatalities": 5, "tags": null, "timestamp": 1759790002 }, "geometry": { "type": "Point", "coordinates": [ 34.4493, 31.5086 ] } },
{ "type": "Feature", "properties": { "event_id_cnty": "PSE56756", "event_date": "8/2/2024", "year": 2024, "time_precision": 1, "disorder_type": "Political violence", "event_type": "Explosions/Remote violence", "sub_event_type": "Air/drone strike", "actor1": "Military Forces of Israel (2022-)", "assoc_actor_1": null, "inter1": 8, "actor2": "Civilians (Palestine)", "assoc_actor_2": null, "inter2": 7, "interaction": 78, "civilian_targeting": "Civilian targeting", "iso": 275, "region": "Middle East", "country": "Palestine", "admin1": "Gaza Strip", "admin2": "Rafah", "admin3": null, "location": "Tal as Sultan", "latitude": 31.3098, "longitude": 34.2414, "geo_precision": 1, "source": "Arab 48", "source_scale": "National", "notes": "On 2 August 2024, an Israeli UAV struck and killed 3 Palestinians in Tal as Sultan (Rafah, Gaza Strip).", "fatalities": 3, "tags": null, "timestamp": 1762829569 }, "geometry": { "type": "Point", "coordinates": [ 34.2414, 31.3098 ] } },
{ "type": "Feature", "properties": { "event_id_cnty": "PSE56738", "event_date": "8/2/2024", "year": 2024, "time_precision": 1, "disorder_type": "Political violence", "event_type": "Explosions/Remote violence", "sub_event_type": "Air/drone strike", "actor1": "Military Forces of Israel (2022-)", "assoc_actor_1": null, "inter1": 8, "actor2": "Civilians (Palestine)", "assoc_actor_2": null, "inter2": 7, "interaction": 78, "civilian_targeting": "Civilian targeting", "iso": 275, "region": "Middle East", "country": "Palestine", "admin1": "Gaza Strip", "admin2": "Gaza City", "admin3": null, "location": "Gaza - Az Zaytun", "latitude": 31.4964, "longitude": 34.4522, "geo_precision": 1, "source": "Palestine News and Information Agency; Quds News Network; Twitter", "source_scale": "New media-National", "notes": "On 2 August 2024, Israeli warplanes struck a house in Gaza - Az Zaytun (Gaza City, Gaza Strip), killing a girl and injuring 4 Palestinians.", "fatalities": 1, "tags": null, "timestamp": 1759790002 }, "geometry": { "type": "Point", "coordinates": [ 34.4522, 31.4964 ] } },
{ "type": "Feature", "properties": { "event_id_cnty": "PSE56755", "event_date": "8/2/2024", "year": 2024, "time_precision": 1, "disorder_type": "Political violence", "event_type": "Explosions/Remote violence", "sub_event_type": "Air/drone strike", "actor1": "Military Forces of Israel (2022-)", "assoc_actor_1": null, "inter1": 8, "actor2": "Civilians (Palestine)", "assoc_actor_2": null, "inter2": 7, "interaction": 78, "civilian_targeting": "Civilian targeting", "iso": 275, "region": "Middle East", "country": "Palestine", "admin1": "Gaza Strip", "admin2": "Gaza City", "admin3": null, "location": "Gaza - Tal el Hawa", "latitude": 31.5041, "longitude": 34.435, "geo_precision": 1, "source": "Palestine News and Information Agency; Quds News Network; Twitter", "source_scale": "New media-National", "notes": "On 2 August 2024, Israeli warplanes struck a target in Gaza - Tal el Hawa (Gaza City, Gaza Strip), leaving 3 fatalities and a number of injuries.", "fatalities": 3, "tags": null, "timestamp": 1759790002 }, "geometry": { "type": "Point", "coordinates": [ 34.435, 31.5041 ] } },
{ "type": "Feature", "properties": { "event_id_cnty": "PSE57174", "event_date": "8/3/2024", "year": 2024, "time_precision": 1, "disorder_type": "Political violence", "event_type": "Explosions/Remote violence", "sub_event_type": "Air/drone strike", "actor1": "Military Forces of Israel (2022-)", "assoc_actor_1": null, "inter1": 8, "actor2": "Civilians (Palestine)", "assoc_actor_2": "Refugees/IDPs (Palestine)", "inter2": 7, "interaction": 78, "civilian_targeting": "Civilian targeting", "iso": 275, "region": "Middle East", "country": "Palestine", "admin1": "Gaza Strip", "admin2": "Deir El Balah", "admin3": null, "location": "Al Burayj", "latitude": 31.4394, "longitude": 34.4031, "geo_precision": 1, "source": "Newpress; Quds News Network; Twitter", "source_scale": "New media-National", "notes": "On 3 August 2024, Israeli warplanes struck a house near Al Safa mosque in Al Burayj Camp (Deir El Balah, Gaza Strip), killing a woman and a child and injuring a number of Palestinians.", "fatalities": 2, "tags": null, "timestamp": 1753955132 }, "geometry": { "type": "Point", "coordinates": [ 34.4031, 31.4394 ] } },
{ "type": "Feature", "properties": { "event_id_cnty": "PSE57235", "event_date": "8/3/2024", "year": 2024, "time_precision": 1, "disorder_type": "Political violence", "event_type": "Explosions/Remote violence", "sub_event_type": "Air/drone strike", "actor1": "Military Forces of Israel (2022-)", "assoc_actor_1": null, "inter1": 8, "actor2": "Civilians (Palestine)", "assoc_actor_2": null, "inter2": 7, "interaction": 78, "civilian_targeting": "Civilian targeting", "iso": 275, "region": "Middle East", "country": "Palestine", "admin1": "Gaza Strip", "admin2": "Deir El Balah", "admin3": null, "location": "An Nusayrat - North", "latitude": 31.4591, "longitude": 34.3923, "geo_precision": 1, "source": "Arab 48; Newpress; Quds News Network; Twitter", "source_scale": "New media-National", "notes": "On 3 August 2024, an Israeli UAV opened fire at a group of Palestinians in An Nusayrat - North (Deir El Balah, Gaza Strip). Casualties unknown. Also, the artillery shelled targets near the power station in An Nusayrat - North. Casualties unknown.", "fatalities": 0, "tags": null, "timestamp": 1753955132 }, "geometry": { "type": "Point", "coordinates": [ 34.3923, 31.4591 ] } },
{ "type": "Feature", "properties": { "event_id_cnty": "PSE57274", "event_date": "8/3/2024", "year": 2024, "time_precision": 1, "disorder_type": "Political violence", "event_type": "Explosions/Remote violence", "sub_event_type": "Shelling/artillery/missile attack", "actor1": "Military Forces of Israel (2022-)", "assoc_actor_1": null, "inter1": 8, "actor2": "Civilians (Palestine)", "assoc_actor_2": null, "inter2": 7, "interaction": 78, "civilian_targeting": "Civilian targeting", "iso": 275, "region": "Middle East", "country": "Palestine", "admin1": "Gaza Strip", "admin2": "Khan Yunis", "admin3": null, "location": "Bani Suheila", "latitude": 31.3424, "longitude": 34.325, "geo_precision": 2, "source": "Arab 48; PLO Negotiations Affairs Department; Quds News Network", "source_scale": "Other-National", "notes": "On 3 August 2024, Israeli artillery and tanks shelled targets east of Khan Yunis, coded to Bani Suheila (Khan Yunis, Gaza Strip). Casualties unknown. Also, the artillery shelled targets in Al Qarin area east of Khan Yunis, leaving unspecified number of fatalities [coded as 3].", "fatalities": 3, "tags": null, "timestamp": 1753956638 }, "geometry": { "type": "Point", "coordinates": [ 34.325, 31.3424 ] } },
{ "type": "Feature", "properties": { "event_id_cnty": "PSE57353", "event_date": "8/3/2024", "year": 2024, "time_precision": 1, "disorder_type": "Political violence", "event_type": "Explosions/Remote violence", "sub_event_type": "Shelling/artillery/missile attack", "actor1": "Military Forces of Israel (2022-)", "assoc_actor_1": null, "inter1": 8, "actor2": "Civilians (Palestine)", "assoc_actor_2": null, "inter2": 7, "interaction": 78, "civilian_targeting": "Civilian targeting", "iso": 275, "region": "Middle East", "country": "Palestine", "admin1": "Gaza Strip", "admin2": "Gaza City", "admin3": null, "location": "Gaza - Az Zaytun", "latitude": 31.4964, "longitude": 34.4522, "geo_precision": 2, "source": "Newpress; Twitter", "source_scale": "New media-National", "notes": "On 3 August 2024, Israeli artillery shelled a group of people east of Gaza - Az Zaytun (Gaza City, Gaza Strip), leaving 2 fatalities.", "fatalities": 2, "tags": null, "timestamp": 1759790002 }, "geometry": { "type": "Point", "coordinates": [ 34.4522, 31.4964 ] } },
{ "type": "Feature", "properties": { "event_id_cnty": "PSE57515", "event_date": "8/3/2024", "year": 2024, "time_precision": 1, "disorder_type": "Political violence", "event_type": "Explosions/Remote violence", "sub_event_type": "Air/drone strike", "actor1": "Military Forces of Israel (2022-)", "assoc_actor_1": null, "inter1": 8, "actor2": "Civilians (Palestine)", "assoc_actor_2": null, "inter2": 7, "interaction": 78, "civilian_targeting": "Civilian targeting", "iso": 275, "region": "Middle East", "country": "Palestine", "admin1": "Gaza Strip", "admin2": "North Gaza", "admin3": null, "location": "Sheikh Zaid", "latitude": 31.5392, "longitude": 34.5117, "geo_precision": 1, "source": "Newpress; Quds News Network; Twitter", "source_scale": "New media-National", "notes": "On 3 August 2024, Israeli forces (likely warplanes) struck targets in Sheikh Zaid (North Gaza, Gaza Strip), leaving unspecified number of fatalities [coded as 3].", "fatalities": 3, "tags": null, "timestamp": 1759790002 }, "geometry": { "type": "Point", "coordinates": [ 34.5117, 31.5392 ] } },
{ "type": "Feature", "properties": { "event_id_cnty": "PSE57457", "event_date": "8/3/2024", "year": 2024, "time_precision": 1, "disorder_type": "Political violence", "event_type": "Explosions/Remote violence", "sub_event_type": "Air/drone strike", "actor1": "Military Forces of Israel (2022-)", "assoc_actor_1": null, "inter1": 8, "actor2": "Civilians (Palestine)", "assoc_actor_2": null, "inter2": 7, "interaction": 78, "civilian_targeting": "Civilian targeting", "iso": 275, "region": "Middle East", "country": "Palestine", "admin1": "Gaza Strip", "admin2": "Rafah", "admin3": null, "location": "Khirbet al Adas", "latitude": 31.2855, "longitude": 34.2714, "geo_precision": 2, "source": "Arab 48; Dunia Al Watan; Newpress; Palestine News and Information Agency; Quds News Network; Twitter", "source_scale": "New media-National", "notes": "On 3 August 2024, Israeli warplanes struck a house in Miraj area north of Rafah, coded to Khirbet al Adas (Rafah, Gaza Strip), killing 5 Palestinians, including a girl and 3 women.", "fatalities": 5, "tags": null, "timestamp": 1753956638 }, "geometry": { "type": "Point", "coordinates": [ 34.2714, 31.2855 ] } },
{ "type": "Feature", "properties": { "event_id_cnty": "PSE76021", "event_date": "8/3/2024", "year": 2024, "time_precision": 1, "disorder_type": "Political violence", "event_type": "Violence against civilians", "sub_event_type": "Attack", "actor1": "Unidentified Armed Group (Palestine)", "assoc_actor_1": null, "inter1": 3, "actor2": "Civilians (Palestine)", "assoc_actor_2": null, "inter2": 7, "interaction": 37, "civilian_targeting": "Civilian targeting", "iso": 275, "region": "Middle East", "country": "Palestine", "admin1": "Gaza Strip", "admin2": "Khan Yunis", "admin3": null, "location": "Khan Yunis", "latitude": 31.3502, "longitude": 34.3081, "geo_precision": 1, "source": "The Independent Commission For Human Rights", "source_scale": "National", "notes": "On 3 August 2024, a group of 70 masked armed men surrounded the area of Sheikh Nasser area in Khan Yunis (Khan Yunis, Gaza Strip) and opened fire. A man was shot in the chest and died as he succumbed to his wounds on 21 May 2025.", "fatalities": 1, "tags": null, "timestamp": 1750113820 }, "geometry": { "type": "Point", "coordinates": [ 34.3081, 31.3502 ] } },
{ "type": "Feature", "properties": { "event_id_cnty": "PSE57231", "event_date": "8/4/2024", "year": 2024, "time_precision": 1, "disorder_type": "Political violence", "event_type": "Explosions/Remote violence", "sub_event_type": "Air/drone strike", "actor1": "Military Forces of Israel (2022-)", "assoc_actor_1": null, "inter1": 8, "actor2": "Civilians (Palestine)", "assoc_actor_2": null, "inter2": 7, "interaction": 78, "civilian_targeting": "Civilian targeting", "iso": 275, "region": "Middle East", "country": "Palestine", "admin1": "Gaza Strip", "admin2": "Deir El Balah", "admin3": null, "location": "An Nusayrat", "latitude": 31.4486, "longitude": 34.3925, "geo_precision": 1, "source": "Quds News Network; Twitter", "source_scale": "New media-National", "notes": "On 4 August 2024, Israeli warplanes struck a house at the entrance of An Nusayrat Camp (Deir El Balah, Gaza Strip). Casualties unknown.", "fatalities": 0, "tags": null, "timestamp": 1753955132 }, "geometry": { "type": "Point", "coordinates": [ 34.3925, 31.4486 ] } },
{ "type": "Feature", "properties": { "event_id_cnty": "PSE57330", "event_date": "8/4/2024", "year": 2024, "time_precision": 1, "disorder_type": "Political violence", "event_type": "Explosions/Remote violence", "sub_event_type": "Air/drone strike", "actor1": "Military Forces of Israel (2022-)", "assoc_actor_1": null, "inter1": 8, "actor2": "Civilians (Palestine)", "assoc_actor_2": "Government of Palestine (2007-) Hamas Government in Gaza; Refugees/IDPs (Palestine)", "inter2": 7, "interaction": 78, "civilian_targeting": "Civilian targeting", "iso": 275, "region": "Middle East", "country": "Palestine", "admin1": "Gaza Strip", "admin2": "Deir El Balah", "admin3": null, "location": "Deir al Balah", "latitude": 31.4178, "longitude": 34.3503, "geo_precision": 1, "source": "Arab 48; Arutz Sheva; Ma'an News Agency; Newpress; Palestine News and Information Agency; Quds News Network; Times of Israel; Twitter", "source_scale": "New media-National", "notes": "On 4 August 2024, Israeli UAVs struck the tents of displaced people at Shuhada al-Aqsa hospital in Deir al Balah city Deir El Balah, Gaza Strip), causing fire to the tents and leaving 5 fatalities and 16 injuries. Also, a Hamas member who also served as the Deputy Minister of finance in Hamas government and his mother were killed in an airstrike that targeted their house in the city. Total fatalities were 7.", "fatalities": 7, "tags": null, "timestamp": 1753956638 }, "geometry": { "type": "Point", "coordinates": [ 34.3503, 31.4178 ] } },
{ "type": "Feature", "properties": { "event_id_cnty": "PSE57338", "event_date": "8/4/2024", "year": 2024, "time_precision": 1, "disorder_type": "Political violence", "event_type": "Explosions/Remote violence", "sub_event_type": "Air/drone strike", "actor1": "Military Forces of Israel (2022-)", "assoc_actor_1": null, "inter1": 8, "actor2": "Civilians (Palestine)", "assoc_actor_2": "Refugees/IDPs (Palestine)", "inter2": 7, "interaction": 78, "civilian_targeting": "Civilian targeting", "iso": 275, "region": "Middle East", "country": "Palestine", "admin1": "Gaza Strip", "admin2": "Deir El Balah", "admin3": null, "location": "Deir al Balah Camp", "latitude": 31.4249, "longitude": 34.34, "geo_precision": 1, "source": "Palestine News and Information Agency; Quds News Network; Twitter", "source_scale": "New media-National", "notes": "On 4 August 2024, Israeli warplanes struck a house in Deir al Balah Camp (Deir El Balah, Gaza Strip), leaving 3 fatalities and a number of injuries.", "fatalities": 3, "tags": null, "timestamp": 1765850627 }, "geometry": { "type": "Point", "coordinates": [ 34.34, 31.4249 ] } },
{ "type": "Feature", "properties": { "event_id_cnty": "PSE57373", "event_date": "8/4/2024", "year": 2024, "time_precision": 1, "disorder_type": "Political violence", "event_type": "Explosions/Remote violence", "sub_event_type": "Air/drone strike", "actor1": "Military Forces of Israel (2022-)", "assoc_actor_1": null, "inter1": 8, "actor2": "Civilians (Palestine)", "assoc_actor_2": null, "inter2": 7, "interaction": 78, "civilian_targeting": "Civilian targeting", "iso": 275, "region": "Middle East", "country": "Palestine", "admin1": "Gaza Strip", "admin2": "Gaza City", "admin3": null, "location": "Gaza - Sabra", "latitude": 31.5086, "longitude": 34.4493, "geo_precision": 1, "source": "Newpress; Palestine News and Information Agency; Quds News Network; Twitter", "source_scale": "New media-National", "notes": "On 4 August 2024, Israeli warplanes struck targets and a house in Gaza - Sabra (Gaza City, Gaza Strip) artillery fire, leaving one fatality. Also, the artillery shelled targets in the same area [casualties unknown]. Total fatalities coded at least 1.", "fatalities": 1, "tags": null, "timestamp": 1759790002 }, "geometry": { "type": "Point", "coordinates": [ 34.4493, 31.5086 ] } },
{ "type": "Feature", "properties": { "event_id_cnty": "PSE57385", "event_date": "8/4/2024", "year": 2024, "time_precision": 1, "disorder_type": "Political violence", "event_type": "Explosions/Remote violence", "sub_event_type": "Air/drone strike", "actor1": "Military Forces of Israel (2022-)", "assoc_actor_1": null, "inter1": 8, "actor2": "Civilians (Palestine)", "assoc_actor_2": null, "inter2": 7, "interaction": 78, "civilian_targeting": "Civilian targeting", "iso": 275, "region": "Middle East", "country": "Palestine", "admin1": "Gaza Strip", "admin2": "Gaza City", "admin3": null, "location": "Gaza - Shujaiyya", "latitude": 31.4988, "longitude": 34.4699, "geo_precision": 2, "source": "Dunia Al Watan; Palestine News and Information Agency; PLO Negotiations Affairs Department", "source_scale": "Other-National", "notes": "On 4 August 2024, Israeli artillery and tanks shelled targets east of Gaza City, coded to Gaza - Shujaiyya (Gaza City, Gaza Strip). Casualties unknown. Also, 3 Palestinians were killed in a UAV attack targeted a group of people in Al Shaaf area east of Gaza city. Total fatalities coded at least 3.", "fatalities": 3, "tags": null, "timestamp": 1759790002 }, "geometry": { "type": "Point", "coordinates": [ 34.4699, 31.4988 ] } },
{ "type": "Feature", "properties": { "event_id_cnty": "PSE57386", "event_date": "8/4/2024", "year": 2024, "time_precision": 1, "disorder_type": "Political violence", "event_type": "Explosions/Remote violence", "sub_event_type": "Air/drone strike", "actor1": "Military Forces of Israel (2022-)", "assoc_actor_1": null, "inter1": 8, "actor2": "Civilians (Palestine)", "assoc_actor_2": null, "inter2": 7, "interaction": 78, "civilian_targeting": "Civilian targeting", "iso": 275, "region": "Middle East", "country": "Palestine", "admin1": "Gaza Strip", "admin2": "Gaza City", "admin3": null, "location": "Gaza - Shujaiyya", "latitude": 31.4988, "longitude": 34.4699, "geo_precision": 1, "source": "Palestine News and Information Agency; Quds News Network; Twitter", "source_scale": "New media-National", "notes": "On 4 August 2024, Israeli warplanes struck a group of people in al-Bazaz street in Gaza - Shujaiyya (Gaza City, Gaza Strip), leaving 2 fatalities and a number of injuries.", "fatalities": 2, "tags": null, "timestamp": 1759790002 }, "geometry": { "type": "Point", "coordinates": [ 34.4699, 31.4988 ] } },
{ "type": "Feature", "properties": { "event_id_cnty": "PSE57407", "event_date": "8/4/2024", "year": 2024, "time_precision": 1, "disorder_type": "Political violence", "event_type": "Explosions/Remote violence", "sub_event_type": "Shelling/artillery/missile attack", "actor1": "Military Forces of Israel (2022-)", "assoc_actor_1": null, "inter1": 8, "actor2": "Civilians (Palestine)", "assoc_actor_2": null, "inter2": 7, "interaction": 78, "civilian_targeting": "Civilian targeting", "iso": 275, "region": "Middle East", "country": "Palestine", "admin1": "Gaza Strip", "admin2": "Gaza City", "admin3": null, "location": "Gaza Port", "latitude": 31.5245, "longitude": 34.4326, "geo_precision": 2, "source": "Palestine News and Information Agency", "source_scale": "National", "notes": "On 4 August 2024, Israeli gunboats fired shells toward houses at the beach of Gaza city, coded to Gaza Port (Gaza City, Gaza Strip). Casualties unknown.", "fatalities": 0, "tags": null, "timestamp": 1753956638 }, "geometry": { "type": "Point", "coordinates": [ 34.4326, 31.5245 ] } },
{ "type": "Feature", "properties": { "event_id_cnty": "PSE57425", "event_date": "8/4/2024", "year": 2024, "time_precision": 1, "disorder_type": "Political violence", "event_type": "Explosions/Remote violence", "sub_event_type": "Air/drone strike", "actor1": "Military Forces of Israel (2022-)", "assoc_actor_1": null, "inter1": 8, "actor2": "Civilians (Palestine)", "assoc_actor_2": null, "inter2": 7, "interaction": 78, "civilian_targeting": "Civilian targeting", "iso": 275, "region": "Middle East", "country": "Palestine", "admin1": "Gaza Strip", "admin2": "North Gaza", "admin3": null, "location": "Jabalya Camp", "latitude": 31.536, "longitude": 34.4907, "geo_precision": 2, "source": "Newpress; Palestine News and Information Agency; Quds News Network; Twitter", "source_scale": "New media-National", "notes": "On 4 August 2024, Israeli warplanes struck a house in Al Fakhoura area northwest of Jabalya camp (North Gaza, Gaza Strip), leaving 8 fatalities and a number of injuries.", "fatalities": 8, "tags": null, "timestamp": 1753956638 }, "geometry": { "type": "Point", "coordinates": [ 34.4907, 31.536 ] } },
{ "type": "Feature", "properties": { "event_id_cnty": "PSE57355", "event_date": "8/4/2024", "year": 2024, "time_precision": 1, "disorder_type": "Political violence", "event_type": "Explosions/Remote violence", "sub_event_type": "Air/drone strike", "actor1": "Military Forces of Israel (2022-)", "assoc_actor_1": null, "inter1": 8, "actor2": "Civilians (Palestine)", "assoc_actor_2": null, "inter2": 7, "interaction": 78, "civilian_targeting": "Civilian targeting", "iso": 275, "region": "Middle East", "country": "Palestine", "admin1": "Gaza Strip", "admin2": "Gaza City", "admin3": null, "location": "Gaza - Az Zaytun", "latitude": 31.4964, "longitude": 34.4522, "geo_precision": 1, "source": "Newpress; Palestine News and Information Agency; Quds News Network; Twitter", "source_scale": "New media-National", "notes": "On 4 August 2024, Israeli warplanes and UAVs struck targets in Gaza - Az Zaytun (Gaza City, Gaza Strip). Casualties unknown. Also, warplanes struck a passing car in the Kuwait roundabout in Az Zaytun, leaving 3 fatalities. Meanwhile, 2 Palestinians were killed after targeting a gathering at Dawla junction. Total fatalities coded at least 5.", "fatalities": 5, "tags": null, "timestamp": 1759790002 }, "geometry": { "type": "Point", "coordinates": [ 34.4522, 31.4964 ] } },
{ "type": "Feature", "properties": { "event_id_cnty": "PSE57458", "event_date": "8/4/2024", "year": 2024, "time_precision": 1, "disorder_type": "Political violence", "event_type": "Explosions/Remote violence", "sub_event_type": "Air/drone strike", "actor1": "Military Forces of Israel (2022-)", "assoc_actor_1": null, "inter1": 8, "actor2": "Civilians (Palestine)", "assoc_actor_2": null, "inter2": 7, "interaction": 78, "civilian_targeting": "Civilian targeting", "iso": 275, "region": "Middle East", "country": "Palestine", "admin1": "Gaza Strip", "admin2": "Rafah", "admin3": null, "location": "Khirbet al Adas", "latitude": 31.2855, "longitude": 34.2714, "geo_precision": 2, "source": "Arab 48; Quds News Network; Twitter", "source_scale": "New media-National", "notes": "On 4 August 2024, Israeli warplanes struck a house in Miraj area north of Rafah, coded to Khirbet al Adas (Rafah, Gaza Strip). Casualties unknown.", "fatalities": 0, "tags": null, "timestamp": 1753956638 }, "geometry": { "type": "Point", "coordinates": [ 34.2714, 31.2855 ] } },
{ "type": "Feature", "properties": { "event_id_cnty": "PSE57177", "event_date": "8/5/2024", "year": 2024, "time_precision": 1, "disorder_type": "Political violence", "event_type": "Explosions/Remote violence", "sub_event_type": "Shelling/artillery/missile attack", "actor1": "Military Forces of Israel (2022-)", "assoc_actor_1": null, "inter1": 8, "actor2": "Civilians (Palestine)", "assoc_actor_2": null, "inter2": 7, "interaction": 78, "civilian_targeting": "Civilian targeting", "iso": 275, "region": "Middle East", "country": "Palestine", "admin1": "Gaza Strip", "admin2": "Deir El Balah", "admin3": null, "location": "Al Burayj", "latitude": 31.4394, "longitude": 34.4031, "geo_precision": 2, "source": "Newpress; Quds News Network; Twitter", "source_scale": "New media-National", "notes": "On 5 August 2024, Israeli artillery shelled north of Al Burayj camp (Deir El Balah, Gaza Strip). Casualties unknown. Also, 2 Palestinians were killed in artillery shelling east of the camp. Fatalities coded at least 2.", "fatalities": 2, "tags": null, "timestamp": 1753955132 }, "geometry": { "type": "Point", "coordinates": [ 34.4031, 31.4394 ] } },
{ "type": "Feature", "properties": { "event_id_cnty": "PSE57178", "event_date": "8/5/2024", "year": 2024, "time_precision": 1, "disorder_type": "Political violence", "event_type": "Explosions/Remote violence", "sub_event_type": "Air/drone strike", "actor1": "Military Forces of Israel (2022-)", "assoc_actor_1": null, "inter1": 8, "actor2": "Civilians (Palestine)", "assoc_actor_2": "Refugees/IDPs (Palestine)", "inter2": 7, "interaction": 78, "civilian_targeting": "Civilian targeting", "iso": 275, "region": "Middle East", "country": "Palestine", "admin1": "Gaza Strip", "admin2": "Deir El Balah", "admin3": null, "location": "Al Burayj", "latitude": 31.4394, "longitude": 34.4031, "geo_precision": 1, "source": "Quds News Network; Twitter", "source_scale": "New media-National", "notes": "On 5 August 2024, Israeli warplanes struck a house in Al Burayj camp (Deir El Balah, Gaza Strip), killing a woman.", "fatalities": 1, "tags": null, "timestamp": 1753955132 }, "geometry": { "type": "Point", "coordinates": [ 34.4031, 31.4394 ] } },
{ "type": "Feature", "properties": { "event_id_cnty": "PSE57264", "event_date": "8/5/2024", "year": 2024, "time_precision": 1, "disorder_type": "Political violence", "event_type": "Explosions/Remote violence", "sub_event_type": "Air/drone strike", "actor1": "Military Forces of Israel (2022-)", "assoc_actor_1": null, "inter1": 8, "actor2": "Civilians (Palestine)", "assoc_actor_2": null, "inter2": 7, "interaction": 78, "civilian_targeting": "Civilian targeting", "iso": 275, "region": "Middle East", "country": "Palestine", "admin1": "Gaza Strip", "admin2": "Deir El Balah", "admin3": null, "location": "Az Zawayda", "latitude": 31.4284, "longitude": 34.366, "geo_precision": 2, "source": "Palestine News and Information Agency; Quds News Network; Twitter", "source_scale": "New media-National", "notes": "On 5 August 2024, Israeli forces (likely warplanes) struck and killed 2 Palestinians who were riding a motorcycle near Az Zawayda (Deir El Balah, Gaza Strip).", "fatalities": 2, "tags": null, "timestamp": 1767742780 }, "geometry": { "type": "Point", "coordinates": [ 34.366, 31.4284 ] } },
{ "type": "Feature", "properties": { "event_id_cnty": "PSE57331", "event_date": "8/5/2024", "year": 2024, "time_precision": 1, "disorder_type": "Political violence", "event_type": "Explosions/Remote violence", "sub_event_type": "Air/drone strike", "actor1": "Military Forces of Israel (2022-)", "assoc_actor_1": null, "inter1": 8, "actor2": "Civilians (Palestine)", "assoc_actor_2": null, "inter2": 7, "interaction": 78, "civilian_targeting": "Civilian targeting", "iso": 275, "region": "Middle East", "country": "Palestine", "admin1": "Gaza Strip", "admin2": "Deir El Balah", "admin3": null, "location": "Deir al Balah", "latitude": 31.4178, "longitude": 34.3503, "geo_precision": 1, "source": "Quds News Network; Twitter", "source_scale": "New media-National", "notes": "On 5 August 2024, Israeli warplanes carried out strikes in Deir al Balah city (Deir El Balah, Gaza Strip), killing one Palestinian.", "fatalities": 1, "tags": null, "timestamp": 1753956638 }, "geometry": { "type": "Point", "coordinates": [ 34.3503, 31.4178 ] } },
{ "type": "Feature", "properties": { "event_id_cnty": "PSE57339", "event_date": "8/5/2024", "year": 2024, "time_precision": 1, "disorder_type": "Political violence", "event_type": "Explosions/Remote violence", "sub_event_type": "Air/drone strike", "actor1": "Military Forces of Israel (2022-)", "assoc_actor_1": null, "inter1": 8, "actor2": "Civilians (Palestine)", "assoc_actor_2": null, "inter2": 7, "interaction": 78, "civilian_targeting": "Civilian targeting", "iso": 275, "region": "Middle East", "country": "Palestine", "admin1": "Gaza Strip", "admin2": "Deir El Balah", "admin3": null, "location": "Deir al Balah Camp", "latitude": 31.4249, "longitude": 34.34, "geo_precision": 2, "source": "Palestine News and Information Agency; PLO Negotiations Affairs Department; Quds News Network; Twitter", "source_scale": "Other-New media", "notes": "On 5 August 2024, Israeli warplanes struck targets southeast of Deir al Balah and the artillery shelled targets and houses east and southeast of Deir al Balah, coded to Deir al Balah Camp (Deir El Balah, Gaza Strip). Casualties unknown.", "fatalities": 0, "tags": null, "timestamp": 1765850627 }, "geometry": { "type": "Point", "coordinates": [ 34.34, 31.4249 ] } },
{ "type": "Feature", "properties": { "event_id_cnty": "PSE57374", "event_date": "8/5/2024", "year": 2024, "time_precision": 1, "disorder_type": "Political violence", "event_type": "Explosions/Remote violence", "sub_event_type": "Air/drone strike", "actor1": "Military Forces of Israel (2022-)", "assoc_actor_1": null, "inter1": 8, "actor2": "Civilians (Palestine)", "assoc_actor_2": null, "inter2": 7, "interaction": 78, "civilian_targeting": "Civilian targeting", "iso": 275, "region": "Middle East", "country": "Palestine", "admin1": "Gaza Strip", "admin2": "Gaza City", "admin3": null, "location": "Gaza - Sabra", "latitude": 31.5086, "longitude": 34.4493, "geo_precision": 1, "source": "Newpress; Palestine News and Information Agency; Quds News Network; Twitter", "source_scale": "New media-National", "notes": "On 5 August 2024, Israeli UAVs struck and killed 3 Palestinians in Gaza - Sabra (Gaza City, Gaza Strip). Also, the artillery shelled targets in Gaza - Sabra [casualties unknown]. Fatalities coded at least 3.", "fatalities": 3, "tags": null, "timestamp": 1759790002 }, "geometry": { "type": "Point", "coordinates": [ 34.4493, 31.5086 ] } },
{ "type": "Feature", "properties": { "event_id_cnty": "PSE57451", "event_date": "8/5/2024", "year": 2024, "time_precision": 1, "disorder_type": "Political violence", "event_type": "Explosions/Remote violence", "sub_event_type": "Air/drone strike", "actor1": "Military Forces of Israel (2022-)", "assoc_actor_1": null, "inter1": 8, "actor2": "Civilians (Palestine)", "assoc_actor_2": null, "inter2": 7, "interaction": 78, "civilian_targeting": "Civilian targeting", "iso": 275, "region": "Middle East", "country": "Palestine", "admin1": "Gaza Strip", "admin2": "Khan Yunis", "admin3": null, "location": "Khan Yunis - Maen", "latitude": 31.336, "longitude": 34.3172, "geo_precision": 2, "source": "Palestine News and Information Agency; Quds News Network; Twitter", "source_scale": "New media-National", "notes": "On 5 August 2024, Israeli warplanes struck a group of people in Al Dabtiya area southeast of Khan Yunis, coded to Khan Yunis - Maen (Khan Yunis, Gaza Strip), leaving 2 fatalities. Also, the artillery shelled targets in the same area [casualties unknown]. Fatalities coded at least 2.", "fatalities": 2, "tags": null, "timestamp": 1753956638 }, "geometry": { "type": "Point", "coordinates": [ 34.3172, 31.336 ] } },
{ "type": "Feature", "properties": { "event_id_cnty": "PSE57560", "event_date": "8/5/2024", "year": 2024, "time_precision": 1, "disorder_type": "Political violence", "event_type": "Explosions/Remote violence", "sub_event_type": "Air/drone strike", "actor1": "Military Forces of Israel (2022-)", "assoc_actor_1": null, "inter1": 8, "actor2": "Civilians (Palestine)", "assoc_actor_2": null, "inter2": 7, "interaction": 78, "civilian_targeting": "Civilian targeting", "iso": 275, "region": "Middle East", "country": "Palestine", "admin1": "Gaza Strip", "admin2": "Deir El Balah", "admin3": null, "location": "Wadi as Salqa", "latitude": 31.4005, "longitude": 34.3375, "geo_precision": 2, "source": "Dunia Al Watan; Palestine News and Information Agency", "source_scale": "National", "notes": "On 5 August 2024, Israeli warplanes struck a passing car in Al Matahen area south of Deir al Balah, coded to Wadi as Salqa (Deir El Balah, Gaza Strip), killing 8 Palestinians and injuring others.", "fatalities": 8, "tags": null, "timestamp": 1753956638 }, "geometry": { "type": "Point", "coordinates": [ 34.3375, 31.4005 ] } },
{ "type": "Feature", "properties": { "event_id_cnty": "PSE57245", "event_date": "8/5/2024", "year": 2024, "time_precision": 1, "disorder_type": "Political violence", "event_type": "Explosions/Remote violence", "sub_event_type": "Shelling/artillery/missile attack", "actor1": "Military Forces of Israel (2022-)", "assoc_actor_1": null, "inter1": 8, "actor2": "Civilians (Palestine)", "assoc_actor_2": "Fishers (Palestine)", "inter2": 7, "interaction": 78, "civilian_targeting": "Civilian targeting", "iso": 275, "region": "Middle East", "country": "Palestine", "admin1": "Gaza Strip", "admin2": "Deir El Balah", "admin3": null, "location": "An Nusayrat - West", "latitude": 31.4525, "longitude": 34.3756, "geo_precision": 1, "source": "Palestine News and Information Agency", "source_scale": "National", "notes": "On 5 August 2024, Israeli gunboats opened fire toward the beach of An Nusayrat, coded to An Nusayrat - West (Deir El Balah, Gaza Strip), killing a Palestinian fisher.", "fatalities": 1, "tags": null, "timestamp": 1753955132 }, "geometry": { "type": "Point", "coordinates": [ 34.3756, 31.4525 ] } },
{ "type": "Feature", "properties": { "event_id_cnty": "PSE57357", "event_date": "8/5/2024", "year": 2024, "time_precision": 1, "disorder_type": "Political violence", "event_type": "Explosions/Remote violence", "sub_event_type": "Shelling/artillery/missile attack", "actor1": "Military Forces of Israel (2022-)", "assoc_actor_1": null, "inter1": 8, "actor2": "Civilians (Palestine)", "assoc_actor_2": null, "inter2": 7, "interaction": 78, "civilian_targeting": "Civilian targeting", "iso": 275, "region": "Middle East", "country": "Palestine", "admin1": "Gaza Strip", "admin2": "Gaza City", "admin3": null, "location": "Gaza - Az Zaytun", "latitude": 31.4964, "longitude": 34.4522, "geo_precision": 1, "source": "Palestine News and Information Agency; Quds News Network; Twitter", "source_scale": "New media-National", "notes": "On 5 August 2024, Israeli artillery shelled targets in Gaza - Az Zaytun (Gaza City, Gaza Strip). 2 Palestinians were killed near Kuwait roundabout in Az Zaytun.", "fatalities": 2, "tags": null, "timestamp": 1759790002 }, "geometry": { "type": "Point", "coordinates": [ 34.4522, 31.4964 ] } },
{ "type": "Feature", "properties": { "event_id_cnty": "PSE57402", "event_date": "8/5/2024", "year": 2024, "time_precision": 1, "disorder_type": "Political violence", "event_type": "Explosions/Remote violence", "sub_event_type": "Shelling/artillery/missile attack", "actor1": "Military Forces of Israel (2022-)", "assoc_actor_1": null, "inter1": 8, "actor2": "Civilians (Palestine)", "assoc_actor_2": null, "inter2": 7, "interaction": 78, "civilian_targeting": "Civilian targeting", "iso": 275, "region": "Middle East", "country": "Palestine", "admin1": "Gaza Strip", "admin2": "Gaza City", "admin3": null, "location": "Gaza - Tal el Hawa", "latitude": 31.5041, "longitude": 34.435, "geo_precision": 1, "source": "Palestine News and Information Agency", "source_scale": "National", "notes": "On 5 August 2024, Israeli artillery shelled targets in Gaza - Tal el Hawa (Gaza City, Gaza Strip). 4 Palestinians were killed at Al Abraj street in the same area.", "fatalities": 4, "tags": null, "timestamp": 1759790002 }, "geometry": { "type": "Point", "coordinates": [ 34.435, 31.5041 ] } },
{ "type": "Feature", "properties": { "event_id_cnty": "PSE57450", "event_date": "8/5/2024", "year": 2024, "time_precision": 1, "disorder_type": "Political violence", "event_type": "Explosions/Remote violence", "sub_event_type": "Air/drone strike", "actor1": "Military Forces of Israel (2022-)", "assoc_actor_1": null, "inter1": 8, "actor2": "Civilians (Palestine)", "assoc_actor_2": null, "inter2": 7, "interaction": 78, "civilian_targeting": "Civilian targeting", "iso": 275, "region": "Middle East", "country": "Palestine", "admin1": "Gaza Strip", "admin2": "Khan Yunis", "admin3": null, "location": "Khan Yunis - Jourat Al-Loot", "latitude": 31.3314, "longitude": 34.3004, "geo_precision": 1, "source": "Newpress; Quds News Network; Twitter", "source_scale": "New media-National", "notes": "On 5 August 2024, Israeli warplanes struck a house in Khan Yunis - Jourat Al-Loot (Khan Yunis, Gaza Strip), leaving 2 fatalities.", "fatalities": 2, "tags": null, "timestamp": 1753956638 }, "geometry": { "type": "Point", "coordinates": [ 34.3004, 31.3314 ] } },
{ "type": "Feature", "properties": { "event_id_cnty": "PSE57166", "event_date": "8/6/2024", "year": 2024, "time_precision": 1, "disorder_type": "Political violence", "event_type": "Explosions/Remote violence", "sub_event_type": "Air/drone strike", "actor1": "Military Forces of Israel (2022-)", "assoc_actor_1": null, "inter1": 8, "actor2": "Civilians (Palestine)", "assoc_actor_2": null, "inter2": 7, "interaction": 78, "civilian_targeting": "Civilian targeting", "iso": 275, "region": "Middle East", "country": "Palestine", "admin1": "Gaza Strip", "admin2": "Khan Yunis", "admin3": null, "location": "Abasan al Kabirah", "latitude": 31.3191, "longitude": 34.3401, "geo_precision": 1, "source": "Quds News Network", "source_scale": "National", "notes": "On 6 August 2024, Israeli warplanes struck a house in Al Sedrah area of Abasan al Kabirah (Khan Yunis, Gaza Strip). Casualties unknown.", "fatalities": 0, "tags": null, "timestamp": 1753955132 }, "geometry": { "type": "Point", "coordinates": [ 34.3401, 31.3191 ] } },
{ "type": "Feature", "properties": { "event_id_cnty": "PSE57179", "event_date": "8/6/2024", "year": 2024, "time_precision": 1, "disorder_type": "Political violence", "event_type": "Explosions/Remote violence", "sub_event_type": "Air/drone strike", "actor1": "Military Forces of Israel (2022-)", "assoc_actor_1": null, "inter1": 8, "actor2": "Civilians (Palestine)", "assoc_actor_2": null, "inter2": 7, "interaction": 78, "civilian_targeting": "Civilian targeting", "iso": 275, "region": "Middle East", "country": "Palestine", "admin1": "Gaza Strip", "admin2": "Deir El Balah", "admin3": null, "location": "Al Burayj", "latitude": 31.4394, "longitude": 34.4031, "geo_precision": 2, "source": "Ma'an News Agency; Quds News Network", "source_scale": "National", "notes": "On 6 August 2024, Israeli forces killed 5 Palestinians [likely by airstrikes] east of Al Burayj Camp (Deir El Balah, Gaza Strip).", "fatalities": 5, "tags": null, "timestamp": 1753955132 }, "geometry": { "type": "Point", "coordinates": [ 34.4031, 31.4394 ] } },
{ "type": "Feature", "properties": { "event_id_cnty": "PSE57193", "event_date": "8/6/2024", "year": 2024, "time_precision": 1, "disorder_type": "Political violence", "event_type": "Explosions/Remote violence", "sub_event_type": "Air/drone strike", "actor1": "Military Forces of Israel (2022-)", "assoc_actor_1": null, "inter1": 8, "actor2": "Civilians (Palestine)", "assoc_actor_2": "Refugees/IDPs (Palestine)", "inter2": 7, "interaction": 78, "civilian_targeting": "Civilian targeting", "iso": 275, "region": "Middle East", "country": "Palestine", "admin1": "Gaza Strip", "admin2": "Khan Yunis", "admin3": null, "location": "Al Mawasi (Khan Yunis)", "latitude": 31.3482, "longitude": 34.2547, "geo_precision": 1, "source": "Arab 48; Newpress; Quds News Network; Twitter", "source_scale": "New media-National", "notes": "On 6 August 2024, Israeli warplanes struck a tent belonging to displaced people in Al Attar area of (Al Mawasi (Khan Yunis), Gaza Strip), killing a woman and leaving a number of injuries.", "fatalities": 1, "tags": null, "timestamp": 1762829569 }, "geometry": { "type": "Point", "coordinates": [ 34.2547, 31.3482 ] } },
{ "type": "Feature", "properties": { "event_id_cnty": "PSE57278", "event_date": "8/6/2024", "year": 2024, "time_precision": 1, "disorder_type": "Political violence", "event_type": "Explosions/Remote violence", "sub_event_type": "Air/drone strike", "actor1": "Military Forces of Israel (2022-)", "assoc_actor_1": null, "inter1": 8, "actor2": "Civilians (Palestine)", "assoc_actor_2": "Journalists (Palestine)", "inter2": 7, "interaction": 78, "civilian_targeting": "Civilian targeting", "iso": 275, "region": "Middle East", "country": "Palestine", "admin1": "Gaza Strip", "admin2": "Khan Yunis", "admin3": null, "location": "Bani Suheila", "latitude": 31.3424, "longitude": 34.325, "geo_precision": 1, "source": "Arab 48; Ma'an News Agency; Quds News Network; Twitter", "source_scale": "New media-National", "notes": "On 6 August 2024, Israeli warplanes struck a house in Al Zanneh area of Bani Suheila (Khan Yunis, Gaza Strip), leaving at least 3 fatalities (including a journalist) and a number of injuries.", "fatalities": 3, "tags": null, "timestamp": 1753956638 }, "geometry": { "type": "Point", "coordinates": [ 34.325, 31.3424 ] } },
{ "type": "Feature", "properties": { "event_id_cnty": "PSE57317", "event_date": "8/6/2024", "year": 2024, "time_precision": 1, "disorder_type": "Political violence", "event_type": "Explosions/Remote violence", "sub_event_type": "Shelling/artillery/missile attack", "actor1": "Military Forces of Israel (2022-)", "assoc_actor_1": null, "inter1": 8, "actor2": "Civilians (Palestine)", "assoc_actor_2": null, "inter2": 7, "interaction": 78, "civilian_targeting": "Civilian targeting", "iso": 275, "region": "Middle East", "country": "Palestine", "admin1": "Gaza Strip", "admin2": "North Gaza", "admin3": null, "location": "Beit Lahiya - Atatra", "latitude": 31.5594, "longitude": 34.4875, "geo_precision": 1, "source": "Arab 48", "source_scale": "National", "notes": "On 6 August 2024, Israeli artillery shelled targets in Beit Lahiya - Atatra (North Gaza, Gaza Strip), killing a Palestinian.", "fatalities": 1, "tags": null, "timestamp": 1753956638 }, "geometry": { "type": "Point", "coordinates": [ 34.4875, 31.5594 ] } },
{ "type": "Feature", "properties": { "event_id_cnty": "PSE57332", "event_date": "8/6/2024", "year": 2024, "time_precision": 1, "disorder_type": "Political violence", "event_type": "Explosions/Remote violence", "sub_event_type": "Air/drone strike", "actor1": "Military Forces of Israel (2022-)", "assoc_actor_1": null, "inter1": 8, "actor2": "Civilians (Palestine)", "assoc_actor_2": null, "inter2": 7, "interaction": 78, "civilian_targeting": "Civilian targeting", "iso": 275, "region": "Middle East", "country": "Palestine", "admin1": "Gaza Strip", "admin2": "Deir El Balah", "admin3": null, "location": "Deir al Balah", "latitude": 31.4178, "longitude": 34.3503, "geo_precision": 1, "source": "Arab 48; Ma'an News Agency; Quds News Network; Twitter", "source_scale": "New media-National", "notes": "On 6 August 2024, Israeli warplanes struck several sites (including a house) in Deir al Balah (Deir El Balah, Gaza Strip), leaving at least 3 fatalities and a number of injuries.", "fatalities": 3, "tags": null, "timestamp": 1753956638 }, "geometry": { "type": "Point", "coordinates": [ 34.3503, 31.4178 ] } },
{ "type": "Feature", "properties": { "event_id_cnty": "PSE57375", "event_date": "8/6/2024", "year": 2024, "time_precision": 1, "disorder_type": "Political violence", "event_type": "Explosions/Remote violence", "sub_event_type": "Air/drone strike", "actor1": "Military Forces of Israel (2022-)", "assoc_actor_1": null, "inter1": 8, "actor2": "Civilians (Palestine)", "assoc_actor_2": null, "inter2": 7, "interaction": 78, "civilian_targeting": "Civilian targeting", "iso": 275, "region": "Middle East", "country": "Palestine", "admin1": "Gaza Strip", "admin2": "Gaza City", "admin3": null, "location": "Gaza - Sabra", "latitude": 31.5086, "longitude": 34.4493, "geo_precision": 1, "source": "Arab 48; Ma'an News Agency; Palestine News and Information Agency; Quds News Network; Twitter", "source_scale": "New media-National", "notes": "On 6 August 2024, Israeli warplanes struck a house at Al Mughrabi junction of Thalthini street in Gaza - Sabra (Gaza City, Gaza Strip), leaving 2 fatalities and injuring 18 more, including children. Also, the artillery shelled targets in the same area [casualties unknown]. Total fatalities coded at least 2.", "fatalities": 2, "tags": null, "timestamp": 1759790002 }, "geometry": { "type": "Point", "coordinates": [ 34.4493, 31.5086 ] } },
{ "type": "Feature", "properties": { "event_id_cnty": "PSE57536", "event_date": "8/6/2024", "year": 2024, "time_precision": 1, "disorder_type": "Political violence", "event_type": "Explosions/Remote violence", "sub_event_type": "Air/drone strike", "actor1": "Military Forces of Israel (2022-)", "assoc_actor_1": null, "inter1": 8, "actor2": "Civilians (Palestine)", "assoc_actor_2": null, "inter2": 7, "interaction": 78, "civilian_targeting": "Civilian targeting", "iso": 275, "region": "Middle East", "country": "Palestine", "admin1": "Gaza Strip", "admin2": "Rafah", "admin3": null, "location": "Tal as Sultan", "latitude": 31.3098, "longitude": 34.2414, "geo_precision": 1, "source": "Arab 48; Ma'an News Agency; Palestine News and Information Agency; Quds News Network; Twitter", "source_scale": "New media-National", "notes": "On 6 August 2024, an Israeli UAV struck a group of people near Khaled mosque in Tal as Sultan (Rafah, Gaza Strip), killing one Palestinian and injuring another one.", "fatalities": 1, "tags": null, "timestamp": 1762829569 }, "geometry": { "type": "Point", "coordinates": [ 34.2414, 31.3098 ] } },
{ "type": "Feature", "properties": { "event_id_cnty": "PSE57359", "event_date": "8/6/2024", "year": 2024, "time_precision": 1, "disorder_type": "Political violence", "event_type": "Explosions/Remote violence", "sub_event_type": "Shelling/artillery/missile attack", "actor1": "Military Forces of Israel (2022-)", "assoc_actor_1": null, "inter1": 8, "actor2": "Civilians (Palestine)", "assoc_actor_2": null, "inter2": 7, "interaction": 78, "civilian_targeting": "Civilian targeting", "iso": 275, "region": "Middle East", "country": "Palestine", "admin1": "Gaza Strip", "admin2": "Gaza City", "admin3": null, "location": "Gaza - Az Zaytun", "latitude": 31.4964, "longitude": 34.4522, "geo_precision": 1, "source": "Quds News Network; Twitter", "source_scale": "New media-National", "notes": "On 6 August 2024, Israeli artillery shelled the eastern areas of Gaza - Az Zaytun (Gaza City, Gaza Strip), leaving 2 fatalities and injuring 2 more.", "fatalities": 2, "tags": null, "timestamp": 1759790002 }, "geometry": { "type": "Point", "coordinates": [ 34.4522, 31.4964 ] } },
{ "type": "Feature", "properties": { "event_id_cnty": "PSE57360", "event_date": "8/6/2024", "year": 2024, "time_precision": 1, "disorder_type": "Political violence", "event_type": "Explosions/Remote violence", "sub_event_type": "Air/drone strike", "actor1": "Military Forces of Israel (2022-)", "assoc_actor_1": null, "inter1": 8, "actor2": "Civilians (Palestine)", "assoc_actor_2": null, "inter2": 7, "interaction": 78, "civilian_targeting": "Civilian targeting", "iso": 275, "region": "Middle East", "country": "Palestine", "admin1": "Gaza Strip", "admin2": "Gaza City", "admin3": null, "location": "Gaza - Az Zaytun", "latitude": 31.4964, "longitude": 34.4522, "geo_precision": 2, "source": "Arab 48; Quds News Network; Twitter", "source_scale": "New media-National", "notes": "On 6 August 2024, an Israeli UAV opened fire toward Palestinian houses south of Gaza - Az Zaytun (Gaza City, Gaza Strip). Casualties unknown.", "fatalities": 0, "tags": null, "timestamp": 1759790002 }, "geometry": { "type": "Point", "coordinates": [ 34.4522, 31.4964 ] } },
{ "type": "Feature", "properties": { "event_id_cnty": "PSE57443", "event_date": "8/6/2024", "year": 2024, "time_precision": 1, "disorder_type": "Political violence", "event_type": "Explosions/Remote violence", "sub_event_type": "Air/drone strike", "actor1": "Military Forces of Israel (2022-)", "assoc_actor_1": null, "inter1": 8, "actor2": "Police Forces of Palestine (2007-) Gaza Strip", "assoc_actor_2": "Hamas Movement", "inter2": 1, "interaction": 18, "civilian_targeting": null, "iso": 275, "region": "Middle East", "country": "Palestine", "admin1": "Gaza Strip", "admin2": "Khan Yunis", "admin3": null, "location": "Khan Yunis", "latitude": 31.3502, "longitude": 34.3081, "geo_precision": 1, "source": "Ma'an News Agency", "source_scale": "National", "notes": "On 6 August 2024, Israeli forces [likely UAVs] opened fire and killed 5 members of the Hamas Ministry of Interior who were securing aid trucks in Khan Yunis City (Khan Yunis, Gaza Strip). This event involved violence over aid.", "fatalities": 5, "tags": null, "timestamp": 1753956638 }, "geometry": { "type": "Point", "coordinates": [ 34.3081, 31.3502 ] } },
{ "type": "Feature", "properties": { "event_id_cnty": "PSE57167", "event_date": "8/7/2024", "year": 2024, "time_precision": 1, "disorder_type": "Political violence", "event_type": "Explosions/Remote violence", "sub_event_type": "Air/drone strike", "actor1": "Military Forces of Israel (2022-)", "assoc_actor_1": null, "inter1": 8, "actor2": "Civilians (Palestine)", "assoc_actor_2": "Refugees/IDPs (Palestine)", "inter2": 7, "interaction": 78, "civilian_targeting": "Civilian targeting", "iso": 275, "region": "Middle East", "country": "Palestine", "admin1": "Gaza Strip", "admin2": "Khan Yunis", "admin3": null, "location": "Abasan al Kabirah", "latitude": 31.3191, "longitude": 34.3401, "geo_precision": 1, "source": "Ma'an News Agency; Newpress; Palestine News and Information Agency; Quds News Network; Twitter", "source_scale": "New media-National", "notes": "On 7 August 2024, Israeli warplanes struck a tent belonging to displaced people in Abasan al Kabirah (Khan Yunis, Gaza Strip), leaving 7 fatalities.", "fatalities": 7, "tags": null, "timestamp": 1753955132 }, "geometry": { "type": "Point", "coordinates": [ 34.3401, 31.3191 ] } },
{ "type": "Feature", "properties": { "event_id_cnty": "PSE57180", "event_date": "8/7/2024", "year": 2024, "time_precision": 1, "disorder_type": "Political violence", "event_type": "Explosions/Remote violence", "sub_event_type": "Shelling/artillery/missile attack", "actor1": "Military Forces of Israel (2022-)", "assoc_actor_1": null, "inter1": 8, "actor2": "Civilians (Palestine)", "assoc_actor_2": null, "inter2": 7, "interaction": 78, "civilian_targeting": "Civilian targeting", "iso": 275, "region": "Middle East", "country": "Palestine", "admin1": "Gaza Strip", "admin2": "Deir El Balah", "admin3": null, "location": "Al Burayj", "latitude": 31.4394, "longitude": 34.4031, "geo_precision": 2, "source": "Arab 48; Ma'an News Agency; Palestine News and Information Agency; Quds News Network; Twitter", "source_scale": "New media-National", "notes": "On 7 August 2024, Israeli artillery and tanks opened fire toward Palestinian houses east of Al Burayj camp (Deir El Balah, Gaza Strip), leaving injuries and 2 fatalities.", "fatalities": 2, "tags": null, "timestamp": 1753955132 }, "geometry": { "type": "Point", "coordinates": [ 34.4031, 31.4394 ] } },
{ "type": "Feature", "properties": { "event_id_cnty": "PSE57205", "event_date": "8/7/2024", "year": 2024, "time_precision": 1, "disorder_type": "Political violence", "event_type": "Explosions/Remote violence", "sub_event_type": "Air/drone strike", "actor1": "Military Forces of Israel (2022-)", "assoc_actor_1": null, "inter1": 8, "actor2": "Civilians (Palestine)", "assoc_actor_2": null, "inter2": 7, "interaction": 78, "civilian_targeting": "Civilian targeting", "iso": 275, "region": "Middle East", "country": "Palestine", "admin1": "Gaza Strip", "admin2": "Khan Yunis", "admin3": null, "location": "Al Qararah", "latitude": 31.3739, "longitude": 34.3409, "geo_precision": 1, "source": "Arab 48; Newpress; Palestine News and Information Agency; Quds News Network; Twitter", "source_scale": "New media-National", "notes": "On 7 August 2024, Israeli warplanes struck a house in Al Qararah (Khan Yunis, Gaza Strip), leaving one fatality.", "fatalities": 1, "tags": null, "timestamp": 1753955132 }, "geometry": { "type": "Point", "coordinates": [ 34.3409, 31.3739 ] } },
{ "type": "Feature", "properties": { "event_id_cnty": "PSE57234", "event_date": "8/7/2024", "year": 2024, "time_precision": 1, "disorder_type": "Political violence", "event_type": "Explosions/Remote violence", "sub_event_type": "Air/drone strike", "actor1": "Military Forces of Israel (2022-)", "assoc_actor_1": null, "inter1": 8, "actor2": "Civilians (Palestine)", "assoc_actor_2": null, "inter2": 7, "interaction": 78, "civilian_targeting": "Civilian targeting", "iso": 275, "region": "Middle East", "country": "Palestine", "admin1": "Gaza Strip", "admin2": "Deir El Balah", "admin3": null, "location": "An Nusayrat", "latitude": 31.4486, "longitude": 34.3925, "geo_precision": 1, "source": "Palestine News and Information Agency", "source_scale": "National", "notes": "On 7 August 2024, Israeli warplanes struck a house at the entrance of An Nusayrat camp (Deir El Balah, Gaza Strip). Casualties unknown.", "fatalities": 0, "tags": null, "timestamp": 1753955132 }, "geometry": { "type": "Point", "coordinates": [ 34.3925, 31.4486 ] } },
{ "type": "Feature", "properties": { "event_id_cnty": "PSE57240", "event_date": "8/7/2024", "year": 2024, "time_precision": 1, "disorder_type": "Political violence", "event_type": "Explosions/Remote violence", "sub_event_type": "Air/drone strike", "actor1": "Military Forces of Israel (2022-)", "assoc_actor_1": null, "inter1": 8, "actor2": "Civilians (Palestine)", "assoc_actor_2": null, "inter2": 7, "interaction": 78, "civilian_targeting": "Civilian targeting", "iso": 275, "region": "Middle East", "country": "Palestine", "admin1": "Gaza Strip", "admin2": "Deir El Balah", "admin3": null, "location": "An Nusayrat - North", "latitude": 31.4591, "longitude": 34.3923, "geo_precision": 2, "source": "Arab 48; Ma'an News Agency; Newpress; Palestine News and Information Agency; Quds News Network; Twitter", "source_scale": "New media-National", "notes": "On 7 August 2024, Israeli UAVs and artillery opened fire northwest of An Nusayrat, coded to An Nusayrat - North (Deir El Balah, Gaza Strip). Casualties unknown. Also, gunboats shelled the area of Wadi Gaza northwest of An Nusayrat, leaving injuries.", "fatalities": 0, "tags": null, "timestamp": 1753955132 }, "geometry": { "type": "Point", "coordinates": [ 34.3923, 31.4591 ] } },
{ "type": "Feature", "properties": { "event_id_cnty": "PSE57279", "event_date": "8/7/2024", "year": 2024, "time_precision": 1, "disorder_type": "Political violence", "event_type": "Explosions/Remote violence", "sub_event_type": "Air/drone strike", "actor1": "Military Forces of Israel (2022-)", "assoc_actor_1": null, "inter1": 8, "actor2": "Civilians (Palestine)", "assoc_actor_2": null, "inter2": 7, "interaction": 78, "civilian_targeting": "Civilian targeting", "iso": 275, "region": "Middle East", "country": "Palestine", "admin1": "Gaza Strip", "admin2": "Khan Yunis", "admin3": null, "location": "Bani Suheila", "latitude": 31.3424, "longitude": 34.325, "geo_precision": 2, "source": "Arab 48; Newpress; Palestine News and Information Agency; PLO Negotiations Affairs Department; Quds News Network; Twitter", "source_scale": "Other-New media", "notes": "On 7 August 2024, Israeli warplanes struck targets and the artillery shelled targets east of Khan Yunis, coded to Bani Suheila (Khan Yunis, Gaza Strip). Casualties unknown. Also, 3 Palestinians were killed in an airstrike targeted house east of Khan Yunis. Total fatalities coded at least 3.", "fatalities": 3, "tags": null, "timestamp": 1753956638 }, "geometry": { "type": "Point", "coordinates": [ 34.325, 31.3424 ] } },
{ "type": "Feature", "properties": { "event_id_cnty": "PSE57280", "event_date": "8/7/2024", "year": 2024, "time_precision": 1, "disorder_type": "Political violence", "event_type": "Explosions/Remote violence", "sub_event_type": "Air/drone strike", "actor1": "Military Forces of Israel (2022-)", "assoc_actor_1": null, "inter1": 8, "actor2": "Civilians (Palestine)", "assoc_actor_2": "Refugees/IDPs (Palestine)", "inter2": 7, "interaction": 78, "civilian_targeting": "Civilian targeting", "iso": 275, "region": "Middle East", "country": "Palestine", "admin1": "Gaza Strip", "admin2": "Khan Yunis", "admin3": null, "location": "Bani Suheila", "latitude": 31.3424, "longitude": 34.325, "geo_precision": 1, "source": "Arab 48; Newpress; Palestine News and Information Agency; Quds News Network; Twitter", "source_scale": "New media-National", "notes": "On 7 August 2024, Israeli warplanes struck a tent belonging to displaced people in Bani Suheila (Khan Yunis, Gaza Strip), leaving 3 fatalities. Also, warplanes struck a target in Al Zanneh area of Bani Suheila [casualties unknown]. Total fatalities coded at least 3.", "fatalities": 3, "tags": null, "timestamp": 1753956638 }, "geometry": { "type": "Point", "coordinates": [ 34.325, 31.3424 ] } },
{ "type": "Feature", "properties": { "event_id_cnty": "PSE57350", "event_date": "8/7/2024", "year": 2024, "time_precision": 1, "disorder_type": "Political violence", "event_type": "Explosions/Remote violence", "sub_event_type": "Air/drone strike", "actor1": "Military Forces of Israel (2022-)", "assoc_actor_1": null, "inter1": 8, "actor2": "Civilians (Palestine)", "assoc_actor_2": null, "inter2": 7, "interaction": 78, "civilian_targeting": "Civilian targeting", "iso": 275, "region": "Middle East", "country": "Palestine", "admin1": "Gaza Strip", "admin2": "Gaza City", "admin3": null, "location": "Gaza - Ad Darraj", "latitude": 31.5172, "longitude": 34.4642, "geo_precision": 1, "source": "Arab 48; Quds News Network; Twitter", "source_scale": "New media-National", "notes": "On 7 August 2024, Israeli warplanes struck a house in Gaza - Ad Darraj (Gaza City, Gaza Strip), leaving injuries and one fatality.", "fatalities": 1, "tags": null, "timestamp": 1759790002 }, "geometry": { "type": "Point", "coordinates": [ 34.4642, 31.5172 ] } },
{ "type": "Feature", "properties": { "event_id_cnty": "PSE57352", "event_date": "8/7/2024", "year": 2024, "time_precision": 1, "disorder_type": "Political violence", "event_type": "Explosions/Remote violence", "sub_event_type": "Air/drone strike", "actor1": "Military Forces of Israel (2022-)", "assoc_actor_1": null, "inter1": 8, "actor2": "Civilians (Palestine)", "assoc_actor_2": null, "inter2": 7, "interaction": 78, "civilian_targeting": "Civilian targeting", "iso": 275, "region": "Middle East", "country": "Palestine", "admin1": "Gaza Strip", "admin2": "Gaza City", "admin3": null, "location": "Gaza - At Tuffah", "latitude": 31.5134, "longitude": 34.4751, "geo_precision": 1, "source": "Arab 48; Ma'an News Agency; Palestine News and Information Agency; Quds News Network; Twitter", "source_scale": "New media-National", "notes": "On 7 August 2024, Israeli warplanes struck a house near Yafa school in Gaza - At Tuffah (Gaza City, Gaza Strip), leaving 3 fatalities, a man and his wife and their son.", "fatalities": 3, "tags": null, "timestamp": 1759790002 }, "geometry": { "type": "Point", "coordinates": [ 34.4751, 31.5134 ] } },
{ "type": "Feature", "properties": { "event_id_cnty": "PSE57391", "event_date": "8/7/2024", "year": 2024, "time_precision": 1, "disorder_type": "Political violence", "event_type": "Explosions/Remote violence", "sub_event_type": "Air/drone strike", "actor1": "Military Forces of Israel (2022-)", "assoc_actor_1": null, "inter1": 8, "actor2": "Civilians (Palestine)", "assoc_actor_2": null, "inter2": 7, "interaction": 78, "civilian_targeting": "Civilian targeting", "iso": 275, "region": "Middle East", "country": "Palestine", "admin1": "Gaza Strip", "admin2": "Gaza City", "admin3": null, "location": "Gaza - Shujaiyya", "latitude": 31.4988, "longitude": 34.4699, "geo_precision": 1, "source": "Ma'an News Agency", "source_scale": "National", "notes": "On 7 August 2024, Israeli warplanes struck a target at Mushtaha street in Gaza - Shujaiyya (Gaza City, Gaza Strip), leaving one fatality.", "fatalities": 1, "tags": null, "timestamp": 1759790002 }, "geometry": { "type": "Point", "coordinates": [ 34.4699, 31.4988 ] } },
{ "type": "Feature", "properties": { "event_id_cnty": "PSE57447", "event_date": "8/7/2024", "year": 2024, "time_precision": 1, "disorder_type": "Political violence", "event_type": "Explosions/Remote violence", "sub_event_type": "Air/drone strike", "actor1": "Military Forces of Israel (2022-)", "assoc_actor_1": null, "inter1": 8, "actor2": "Civilians (Palestine)", "assoc_actor_2": null, "inter2": 7, "interaction": 78, "civilian_targeting": "Civilian targeting", "iso": 275, "region": "Middle East", "country": "Palestine", "admin1": "Gaza Strip", "admin2": "Khan Yunis", "admin3": null, "location": "Khan Yunis - As Sater", "latitude": 31.3637, "longitude": 34.3228, "geo_precision": 1, "source": "Quds News Network; Twitter", "source_scale": "New media-National", "notes": "On 7 August 2024, Israeli warplanes struck a house in Khan Yunis - As Sater (Khan Yunis, Gaza Strip), injuring 4 Palestinians.", "fatalities": 0, "tags": null, "timestamp": 1753956638 }, "geometry": { "type": "Point", "coordinates": [ 34.3228, 31.3637 ] } },
{ "type": "Feature", "properties": { "event_id_cnty": "PSE57452", "event_date": "8/7/2024", "year": 2024, "time_precision": 1, "disorder_type": "Political violence", "event_type": "Explosions/Remote violence", "sub_event_type": "Air/drone strike", "actor1": "Military Forces of Israel (2022-)", "assoc_actor_1": null, "inter1": 8, "actor2": "Civilians (Palestine)", "assoc_actor_2": "Refugees/IDPs (Palestine)", "inter2": 7, "interaction": 78, "civilian_targeting": "Civilian targeting", "iso": 275, "region": "Middle East", "country": "Palestine", "admin1": "Gaza Strip", "admin2": "Khan Yunis", "admin3": null, "location": "Khan Yunis - West (Municipal Stadium)", "latitude": 31.3484, "longitude": 34.2961, "geo_precision": 2, "source": "Arab 48; Ma'an News Agency; Quds News Network; Twitter", "source_scale": "New media-National", "notes": "On 7 August 2024, Israeli warplanes struck passing motorcycle near Al Shafei mosque in Khan Yunis Camp west of Khan Yunis, coded to (Khan Yunis - West (Municipal Stadium), Gaza Strip), leaving 4 fatalities.", "fatalities": 4, "tags": null, "timestamp": 1753956638 }, "geometry": { "type": "Point", "coordinates": [ 34.2961, 31.3484 ] } },
{ "type": "Feature", "properties": { "event_id_cnty": "PSE57462", "event_date": "8/7/2024", "year": 2024, "time_precision": 1, "disorder_type": "Political violence", "event_type": "Explosions/Remote violence", "sub_event_type": "Air/drone strike", "actor1": "Military Forces of Israel (2022-)", "assoc_actor_1": null, "inter1": 8, "actor2": "Civilians (Palestine)", "assoc_actor_2": null, "inter2": 7, "interaction": 78, "civilian_targeting": "Civilian targeting", "iso": 275, "region": "Middle East", "country": "Palestine", "admin1": "Gaza Strip", "admin2": "Khan Yunis", "admin3": null, "location": "Khuzaa", "latitude": 31.3069, "longitude": 34.3572, "geo_precision": 1, "source": "Arab 48; Ma'an News Agency; Quds News Network; Twitter", "source_scale": "New media-National", "notes": "On 7 August 2024, Israeli warplanes struck targets in Khuzaa (Khan Yunis, Gaza Strip), leaving 2 fatalities including a woman.", "fatalities": 2, "tags": null, "timestamp": 1753956638 }, "geometry": { "type": "Point", "coordinates": [ 34.3572, 31.3069 ] } },
{ "type": "Feature", "properties": { "event_id_cnty": "PSE57561", "event_date": "8/7/2024", "year": 2024, "time_precision": 1, "disorder_type": "Political violence", "event_type": "Explosions/Remote violence", "sub_event_type": "Air/drone strike", "actor1": "Military Forces of Israel (2022-)", "assoc_actor_1": null, "inter1": 8, "actor2": "Civilians (Palestine)", "assoc_actor_2": null, "inter2": 7, "interaction": 78, "civilian_targeting": "Civilian targeting", "iso": 275, "region": "Middle East", "country": "Palestine", "admin1": "Gaza Strip", "admin2": "Deir El Balah", "admin3": null, "location": "Wadi as Salqa", "latitude": 31.4005, "longitude": 34.3375, "geo_precision": 2, "source": "Quds News Network; Twitter", "source_scale": "New media-National", "notes": "On 7 August 2024, Israeli warplanes struck a gathering near Al Matahen area south of Khan Yunis, coded to Wadi as Salqa (Deir El Balah, Gaza Strip), leaving injuries.", "fatalities": 0, "tags": null, "timestamp": 1753956638 }, "geometry": { "type": "Point", "coordinates": [ 34.3375, 31.4005 ] } },
{ "type": "Feature", "properties": { "event_id_cnty": "PSE57333", "event_date": "8/7/2024", "year": 2024, "time_precision": 1, "disorder_type": "Political violence", "event_type": "Explosions/Remote violence", "sub_event_type": "Air/drone strike", "actor1": "Military Forces of Israel (2022-)", "assoc_actor_1": null, "inter1": 8, "actor2": "Civilians (Palestine)", "assoc_actor_2": "Aid Workers (Palestine)", "inter2": 7, "interaction": 78, "civilian_targeting": "Civilian targeting", "iso": 275, "region": "Middle East", "country": "Palestine", "admin1": "Gaza Strip", "admin2": "Deir El Balah", "admin3": null, "location": "Deir al Balah", "latitude": 31.4178, "longitude": 34.3503, "geo_precision": 1, "source": "Dunia Al Watan; Palestine News and Information Agency", "source_scale": "National", "notes": "On 7 August 2024, Israeli warplanes struck targets in Deir al Balah city (Deir El Balah, Gaza Strip), killing a Palestinian who is an aid worker with the WCK. This event involved violence over aid.", "fatalities": 1, "tags": null, "timestamp": 1753956638 }, "geometry": { "type": "Point", "coordinates": [ 34.3503, 31.4178 ] } },
{ "type": "Feature", "properties": { "event_id_cnty": "PSE57168", "event_date": "8/8/2024", "year": 2024, "time_precision": 1, "disorder_type": "Political violence", "event_type": "Explosions/Remote violence", "sub_event_type": "Air/drone strike", "actor1": "Military Forces of Israel (2022-)", "assoc_actor_1": null, "inter1": 8, "actor2": "Civilians (Palestine)", "assoc_actor_2": null, "inter2": 7, "interaction": 78, "civilian_targeting": "Civilian targeting", "iso": 275, "region": "Middle East", "country": "Palestine", "admin1": "Gaza Strip", "admin2": "Khan Yunis", "admin3": null, "location": "Abasan al Kabirah", "latitude": 31.3191, "longitude": 34.3401, "geo_precision": 1, "source": "Arab 48; Palestine News and Information Agency; Quds News Network; Twitter", "source_scale": "New media-National", "notes": "On 8 August 2024, Israeli warplanes struck a house in Abasan al Kabirah (Khan Yunis, Gaza Strip), leaving one fatality and a number of injuries.", "fatalities": 1, "tags": null, "timestamp": 1753955132 }, "geometry": { "type": "Point", "coordinates": [ 34.3401, 31.3191 ] } },
{ "type": "Feature", "properties": { "event_id_cnty": "PSE57181", "event_date": "8/8/2024", "year": 2024, "time_precision": 1, "disorder_type": "Political violence", "event_type": "Explosions/Remote violence", "sub_event_type": "Air/drone strike", "actor1": "Military Forces of Israel (2022-)", "assoc_actor_1": null, "inter1": 8, "actor2": "Civilians (Palestine)", "assoc_actor_2": "Refugees/IDPs (Palestine)", "inter2": 7, "interaction": 78, "civilian_targeting": "Civilian targeting", "iso": 275, "region": "Middle East", "country": "Palestine", "admin1": "Gaza Strip", "admin2": "Deir El Balah", "admin3": null, "location": "Al Burayj", "latitude": 31.4394, "longitude": 34.4031, "geo_precision": 1, "source": "Al-Ittihad; Dunia Al Watan; Ma'an News Agency; Newpress; Palestine News and Information Agency; Quds News Network; Twitter", "source_scale": "New media-National", "notes": "On 8 August 2024, Israeli warplanes struck a house in Al Burayj Camp (Deir El Balah, Gaza Strip), leaving 15 fatalities and injuring others.", "fatalities": 15, "tags": null, "timestamp": 1753955132 }, "geometry": { "type": "Point", "coordinates": [ 34.4031, 31.4394 ] } },
{ "type": "Feature", "properties": { "event_id_cnty": "PSE57206", "event_date": "8/8/2024", "year": 2024, "time_precision": 1, "disorder_type": "Political violence", "event_type": "Explosions/Remote violence", "sub_event_type": "Air/drone strike", "actor1": "Military Forces of Israel (2022-)", "assoc_actor_1": null, "inter1": 8, "actor2": "Civilians (Palestine)", "assoc_actor_2": null, "inter2": 7, "interaction": 78, "civilian_targeting": "Civilian targeting", "iso": 275, "region": "Middle East", "country": "Palestine", "admin1": "Gaza Strip", "admin2": "Khan Yunis", "admin3": null, "location": "Al Qararah", "latitude": 31.3739, "longitude": 34.3409, "geo_precision": 2, "source": "Arab 48; Palestine News and Information Agency; Quds News Network; Twitter", "source_scale": "New media-National", "notes": "On 8 August 2024, Israeli warplanes struck a house east of Al Qararah (Khan Yunis, Gaza Strip), leaving 6 fatalities.", "fatalities": 6, "tags": null, "timestamp": 1753955132 }, "geometry": { "type": "Point", "coordinates": [ 34.3409, 31.3739 ] } },
{ "type": "Feature", "properties": { "event_id_cnty": "PSE57242", "event_date": "8/8/2024", "year": 2024, "time_precision": 1, "disorder_type": "Political violence", "event_type": "Explosions/Remote violence", "sub_event_type": "Air/drone strike", "actor1": "Military Forces of Israel (2022-)", "assoc_actor_1": null, "inter1": 8, "actor2": "Civilians (Palestine)", "assoc_actor_2": null, "inter2": 7, "interaction": 78, "civilian_targeting": "Civilian targeting", "iso": 275, "region": "Middle East", "country": "Palestine", "admin1": "Gaza Strip", "admin2": "Deir El Balah", "admin3": null, "location": "An Nusayrat - North", "latitude": 31.4591, "longitude": 34.3923, "geo_precision": 1, "source": "Palestine News and Information Agency; Quds News Network; Twitter", "source_scale": "New media-National", "notes": "On 8 August 2024, Israeli warplanes struck a target near the power station in An Nusayrat - North (Deir El Balah, Gaza Strip), leaving 4 fatalities. Also, the artillery shelled targets in An Nusayrat - North [casualties unknown]. Fatalities coded at least 4.", "fatalities": 4, "tags": null, "timestamp": 1753955132 }, "geometry": { "type": "Point", "coordinates": [ 34.3923, 31.4591 ] } },
{ "type": "Feature", "properties": { "event_id_cnty": "PSE57282", "event_date": "8/8/2024", "year": 2024, "time_precision": 1, "disorder_type": "Political violence", "event_type": "Explosions/Remote violence", "sub_event_type": "Air/drone strike", "actor1": "Military Forces of Israel (2022-)", "assoc_actor_1": null, "inter1": 8, "actor2": "Civilians (Palestine)", "assoc_actor_2": null, "inter2": 7, "interaction": 78, "civilian_targeting": "Civilian targeting", "iso": 275, "region": "Middle East", "country": "Palestine", "admin1": "Gaza Strip", "admin2": "Khan Yunis", "admin3": null, "location": "Bani Suheila", "latitude": 31.3424, "longitude": 34.325, "geo_precision": 1, "source": "Palestine News and Information Agency; Quds News Network; Twitter", "source_scale": "New media-National", "notes": "On 8 August 2024, Israeli warplanes struck a target in Bani Suheila (Khan Yunis, Gaza Strip), killing a woman.", "fatalities": 1, "tags": null, "timestamp": 1753956638 }, "geometry": { "type": "Point", "coordinates": [ 34.325, 31.3424 ] } },
{ "type": "Feature", "properties": { "event_id_cnty": "PSE57335", "event_date": "8/8/2024", "year": 2024, "time_precision": 1, "disorder_type": "Political violence", "event_type": "Explosions/Remote violence", "sub_event_type": "Air/drone strike", "actor1": "Military Forces of Israel (2022-)", "assoc_actor_1": null, "inter1": 8, "actor2": "Civilians (Palestine)", "assoc_actor_2": null, "inter2": 7, "interaction": 78, "civilian_targeting": "Civilian targeting", "iso": 275, "region": "Middle East", "country": "Palestine", "admin1": "Gaza Strip", "admin2": "Deir El Balah", "admin3": null, "location": "Deir al Balah", "latitude": 31.4178, "longitude": 34.3503, "geo_precision": 1, "source": "Palestine News and Information Agency", "source_scale": "National", "notes": "On 8 August 2024, Israeli warplanes struck a tower in Deir al Balah city (Deir El Balah, Gaza Strip). Casualties unknown.", "fatalities": 0, "tags": null, "timestamp": 1753956638 }, "geometry": { "type": "Point", "coordinates": [ 34.3503, 31.4178 ] } },
{ "type": "Feature", "properties": { "event_id_cnty": "PSE57349", "event_date": "8/8/2024", "year": 2024, "time_precision": 1, "disorder_type": "Political violence", "event_type": "Explosions/Remote violence", "sub_event_type": "Air/drone strike", "actor1": "Military Forces of Israel (2022-)", "assoc_actor_1": null, "inter1": 8, "actor2": "Civilians (Palestine)", "assoc_actor_2": null, "inter2": 7, "interaction": 78, "civilian_targeting": "Civilian targeting", "iso": 275, "region": "Middle East", "country": "Palestine", "admin1": "Gaza Strip", "admin2": "Gaza City", "admin3": null, "location": "Gaza", "latitude": 31.5045, "longitude": 34.4743, "geo_precision": 1, "source": "Arab 48; Palestine News and Information Agency; Quds News Network; Twitter", "source_scale": "New media-National", "notes": "On 8 August 2024, Israeli warplanes struck a house at al-Sahaba Street in Gaza City (Gaza City, Gaza Strip), leaving 5 fatalities and a number of injuries.", "fatalities": 5, "tags": null, "timestamp": 1759790002 }, "geometry": { "type": "Point", "coordinates": [ 34.4743, 31.5045 ] } },
{ "type": "Feature", "properties": { "event_id_cnty": "PSE57377", "event_date": "8/8/2024", "year": 2024, "time_precision": 1, "disorder_type": "Political violence", "event_type": "Explosions/Remote violence", "sub_event_type": "Air/drone strike", "actor1": "Military Forces of Israel (2022-)", "assoc_actor_1": null, "inter1": 8, "actor2": "Civilians (Palestine)", "assoc_actor_2": null, "inter2": 7, "interaction": 78, "civilian_targeting": "Civilian targeting", "iso": 275, "region": "Middle East", "country": "Palestine", "admin1": "Gaza Strip", "admin2": "Gaza City", "admin3": null, "location": "Gaza - Sabra", "latitude": 31.5086, "longitude": 34.4493, "geo_precision": 2, "source": "Palestine News and Information Agency", "source_scale": "National", "notes": "On 8 August 2024, Israeli warplanes struck houses south of Gaza - Sabra (Gaza City, Gaza Strip). Casualties unknown.", "fatalities": 0, "tags": null, "timestamp": 1759790002 }, "geometry": { "type": "Point", "coordinates": [ 34.4493, 31.5086 ] } },
{ "type": "Feature", "properties": { "event_id_cnty": "PSE57383", "event_date": "8/8/2024", "year": 2024, "time_precision": 1, "disorder_type": "Political violence", "event_type": "Explosions/Remote violence", "sub_event_type": "Air/drone strike", "actor1": "Military Forces of Israel (2022-)", "assoc_actor_1": null, "inter1": 8, "actor2": "Civilians (Palestine)", "assoc_actor_2": null, "inter2": 7, "interaction": 78, "civilian_targeting": "Civilian targeting", "iso": 275, "region": "Middle East", "country": "Palestine", "admin1": "Gaza Strip", "admin2": "Gaza City", "admin3": null, "location": "Gaza - Sheikh Radwan", "latitude": 31.5349, "longitude": 34.4667, "geo_precision": 1, "source": "Arab 48; Quds News Network; Twitter", "source_scale": "New media-National", "notes": "On 8 August 2024, Israeli warplanes struck a house in Gaza - Sheikh Radwan (Gaza City, Gaza Strip). Casualties unknown.", "fatalities": 0, "tags": null, "timestamp": 1759790002 }, "geometry": { "type": "Point", "coordinates": [ 34.4667, 31.5349 ] } },
{ "type": "Feature", "properties": { "event_id_cnty": "PSE57426", "event_date": "8/8/2024", "year": 2024, "time_precision": 1, "disorder_type": "Political violence", "event_type": "Explosions/Remote violence", "sub_event_type": "Air/drone strike", "actor1": "Military Forces of Israel (2022-)", "assoc_actor_1": null, "inter1": 8, "actor2": "Civilians (Palestine)", "assoc_actor_2": "Refugees/IDPs (Palestine)", "inter2": 7, "interaction": 78, "civilian_targeting": "Civilian targeting", "iso": 275, "region": "Middle East", "country": "Palestine", "admin1": "Gaza Strip", "admin2": "North Gaza", "admin3": null, "location": "Jabalya Camp", "latitude": 31.536, "longitude": 34.4907, "geo_precision": 1, "source": "Arab 48; Palestine News and Information Agency; Quds News Network; Twitter", "source_scale": "New media-National", "notes": "On 8 August 2024, Israeli warplanes struck a house in block 4 of Jabalya Camp (North Gaza, Gaza Strip), leaving one fatality.", "fatalities": 1, "tags": null, "timestamp": 1753956638 }, "geometry": { "type": "Point", "coordinates": [ 34.4907, 31.536 ] } },
{ "type": "Feature", "properties": { "event_id_cnty": "PSE57448", "event_date": "8/8/2024", "year": 2024, "time_precision": 1, "disorder_type": "Political violence", "event_type": "Explosions/Remote violence", "sub_event_type": "Air/drone strike", "actor1": "Military Forces of Israel (2022-)", "assoc_actor_1": null, "inter1": 8, "actor2": "Civilians (Palestine)", "assoc_actor_2": null, "inter2": 7, "interaction": 78, "civilian_targeting": "Civilian targeting", "iso": 275, "region": "Middle East", "country": "Palestine", "admin1": "Gaza Strip", "admin2": "Khan Yunis", "admin3": null, "location": "Khan Yunis - Ash Sheikh Naser", "latitude": 31.3398, "longitude": 34.3116, "geo_precision": 1, "source": "Quds News Network; Twitter", "source_scale": "New media-National", "notes": "On 8 August 2024, Israeli warplanes struck a house in Khan Yunis - Ash Sheikh Naser (Khan Yunis, Gaza Strip). Casualties unknown.", "fatalities": 0, "tags": null, "timestamp": 1753956638 }, "geometry": { "type": "Point", "coordinates": [ 34.3116, 31.3398 ] } },
{ "type": "Feature", "properties": { "event_id_cnty": "PSE57362", "event_date": "8/8/2024", "year": 2024, "time_precision": 1, "disorder_type": "Political violence", "event_type": "Explosions/Remote violence", "sub_event_type": "Air/drone strike", "actor1": "Military Forces of Israel (2022-)", "assoc_actor_1": null, "inter1": 8, "actor2": "Civilians (Palestine)", "assoc_actor_2": null, "inter2": 7, "interaction": 78, "civilian_targeting": "Civilian targeting", "iso": 275, "region": "Middle East", "country": "Palestine", "admin1": "Gaza Strip", "admin2": "Gaza City", "admin3": null, "location": "Gaza - Az Zaytun", "latitude": 31.4964, "longitude": 34.4522, "geo_precision": 1, "source": "Palestine News and Information Agency; Quds News Network; Twitter", "source_scale": "New media-National", "notes": "On 8 August 2024, Israeli warplanes struck a gathering in Gaza - Az Zaytun (Gaza City, Gaza Strip), leaving 3 fatalities. Also, the artillery shelled Az Zaytun [casualties unknown]. Fatalities coded at least 3.", "fatalities": 3, "tags": null, "timestamp": 1759790002 }, "geometry": { "type": "Point", "coordinates": [ 34.4522, 31.4964 ] } },
{ "type": "Feature", "properties": { "event_id_cnty": "PSE57518", "event_date": "8/8/2024", "year": 2024, "time_precision": 1, "disorder_type": "Political violence", "event_type": "Explosions/Remote violence", "sub_event_type": "Air/drone strike", "actor1": "Military Forces of Israel (2022-)", "assoc_actor_1": null, "inter1": 8, "actor2": "Civilians (Palestine)", "assoc_actor_2": null, "inter2": 7, "interaction": 78, "civilian_targeting": "Civilian targeting", "iso": 275, "region": "Middle East", "country": "Palestine", "admin1": "Gaza Strip", "admin2": "North Gaza", "admin3": null, "location": "Sheikh Zaid", "latitude": 31.5392, "longitude": 34.5117, "geo_precision": 1, "source": "Quds News Network; Twitter", "source_scale": "New media-National", "notes": "On 8 August 2024, Israeli warplanes struck a target near the junction of Sheikh Zaid (North Gaza, Gaza Strip), leaving injuries.", "fatalities": 0, "tags": null, "timestamp": 1759790002 }, "geometry": { "type": "Point", "coordinates": [ 34.5117, 31.5392 ] } },
{ "type": "Feature", "properties": { "event_id_cnty": "PSE57500", "event_date": "8/8/2024", "year": 2024, "time_precision": 1, "disorder_type": "Political violence", "event_type": "Explosions/Remote violence", "sub_event_type": "Air/drone strike", "actor1": "Military Forces of Israel (2022-)", "assoc_actor_1": null, "inter1": 8, "actor2": "Civilians (Palestine)", "assoc_actor_2": null, "inter2": 7, "interaction": 78, "civilian_targeting": "Civilian targeting", "iso": 275, "region": "Middle East", "country": "Palestine", "admin1": "Gaza Strip", "admin2": "Rafah", "admin3": null, "location": "Rafah", "latitude": 31.287, "longitude": 34.2595, "geo_precision": 1, "source": "Quds News Network; Twitter", "source_scale": "New media-National", "notes": "On 8 August 2024, Israeli warplanes struck a target in Rafah city (Rafah, Gaza Strip), leaving 2 fatalities.", "fatalities": 2, "tags": null, "timestamp": 1762829569 }, "geometry": { "type": "Point", "coordinates": [ 34.2595, 31.287 ] } },
{ "type": "Feature", "properties": { "event_id_cnty": "PSE57162", "event_date": "8/9/2024", "year": 2024, "time_precision": 1, "disorder_type": "Political violence", "event_type": "Explosions/Remote violence", "sub_event_type": "Shelling/artillery/missile attack", "actor1": "Military Forces of Israel (2022-)", "assoc_actor_1": null, "inter1": 8, "actor2": "Civilians (Palestine)", "assoc_actor_2": null, "inter2": 7, "interaction": 78, "civilian_targeting": "Civilian targeting", "iso": 275, "region": "Middle East", "country": "Palestine", "admin1": "Gaza Strip", "admin2": "Khan Yunis", "admin3": null, "location": "Abasan al Jadidah", "latitude": 31.3416, "longitude": 34.3459, "geo_precision": 1, "source": "Newpress; Palestine News and Information Agency; Twitter", "source_scale": "New media-National", "notes": "On 9 August 2024, Israeli artillery shelled targets in Al Shahaydeh area of Abasan al Jadidah (Khan Yunis, Gaza Strip), leaving a number of injuries.", "fatalities": 0, "tags": null, "timestamp": 1753955132 }, "geometry": { "type": "Point", "coordinates": [ 34.3459, 31.3416 ] } },
{ "type": "Feature", "properties": { "event_id_cnty": "PSE57184", "event_date": "8/9/2024", "year": 2024, "time_precision": 1, "disorder_type": "Political violence", "event_type": "Explosions/Remote violence", "sub_event_type": "Air/drone strike", "actor1": "Military Forces of Israel (2022-)", "assoc_actor_1": null, "inter1": 8, "actor2": "Civilians (Palestine)", "assoc_actor_2": null, "inter2": 7, "interaction": 78, "civilian_targeting": "Civilian targeting", "iso": 275, "region": "Middle East", "country": "Palestine", "admin1": "Gaza Strip", "admin2": "Khan Yunis", "admin3": null, "location": "Al Fukhari", "latitude": 31.2952, "longitude": 34.3332, "geo_precision": 1, "source": "Palestine News and Information Agency", "source_scale": "National", "notes": "On 9 August 2024, Israeli warplanes struck a target in Al Oumor area of Al Fukhari (Khan Yunis, Gaza Strip), leaving 2 fatalities and a number of injuries.", "fatalities": 2, "tags": null, "timestamp": 1753955132 }, "geometry": { "type": "Point", "coordinates": [ 34.3332, 31.2952 ] } },
{ "type": "Feature", "properties": { "event_id_cnty": "PSE57192", "event_date": "8/9/2024", "year": 2024, "time_precision": 1, "disorder_type": "Political violence", "event_type": "Explosions/Remote violence", "sub_event_type": "Air/drone strike", "actor1": "Military Forces of Israel (2022-)", "assoc_actor_1": null, "inter1": 8, "actor2": "Civilians (Palestine)", "assoc_actor_2": "Refugees/IDPs (Palestine)", "inter2": 7, "interaction": 78, "civilian_targeting": "Civilian targeting", "iso": 275, "region": "Middle East", "country": "Palestine", "admin1": "Gaza Strip", "admin2": "Deir El Balah", "admin3": null, "location": "Al Maghazi", "latitude": 31.4214, "longitude": 34.3865, "geo_precision": 1, "source": "Ma'an News Agency; Palestine News and Information Agency; Quds News Network; Twitter", "source_scale": "New media-National", "notes": "On 9 August 2024, Israeli warplanes struck houses in Al Maghazi Camp (Deir El Balah, Gaza Strip), leaving 2 fatalities.", "fatalities": 2, "tags": null, "timestamp": 1753955132 }, "geometry": { "type": "Point", "coordinates": [ 34.3865, 31.4214 ] } },
{ "type": "Feature", "properties": { "event_id_cnty": "PSE57194", "event_date": "8/9/2024", "year": 2024, "time_precision": 1, "disorder_type": "Political violence", "event_type": "Explosions/Remote violence", "sub_event_type": "Air/drone strike", "actor1": "Military Forces of Israel (2022-)", "assoc_actor_1": null, "inter1": 8, "actor2": "Civilians (Palestine)", "assoc_actor_2": null, "inter2": 7, "interaction": 78, "civilian_targeting": "Civilian targeting", "iso": 275, "region": "Middle East", "country": "Palestine", "admin1": "Gaza Strip", "admin2": "Khan Yunis", "admin3": null, "location": "Al Mawasi (Khan Yunis)", "latitude": 31.3482, "longitude": 34.2547, "geo_precision": 1, "source": "Palestine News and Information Agency; Quds News Network; Twitter", "source_scale": "New media-National", "notes": "On 9 August 2024, Israeli warplanes struck a target in (Al Mawasi (Khan Yunis), Gaza Strip), leaving 5 fatalities including children, and injuring others.", "fatalities": 5, "tags": null, "timestamp": 1762829569 }, "geometry": { "type": "Point", "coordinates": [ 34.2547, 31.3482 ] } },
{ "type": "Feature", "properties": { "event_id_cnty": "PSE57208", "event_date": "8/9/2024", "year": 2024, "time_precision": 1, "disorder_type": "Political violence", "event_type": "Violence against civilians", "sub_event_type": "Attack", "actor1": "Military Forces of Israel (2022-)", "assoc_actor_1": null, "inter1": 8, "actor2": "Civilians (Palestine)", "assoc_actor_2": null, "inter2": 7, "interaction": 78, "civilian_targeting": "Civilian targeting", "iso": 275, "region": "Middle East", "country": "Palestine", "admin1": "Gaza Strip", "admin2": "Khan Yunis", "admin3": null, "location": "Al Qararah", "latitude": 31.3739, "longitude": 34.3409, "geo_precision": 1, "source": "Arab 48; Palestine News and Information Agency", "source_scale": "National", "notes": "On 9 August 2024, Israeli snipers shot dead a Palestinian near Aylaboun school in Al Qararah (Khan Yunis, Gaza Strip).", "fatalities": 1, "tags": null, "timestamp": 1753955132 }, "geometry": { "type": "Point", "coordinates": [ 34.3409, 31.3739 ] } },
{ "type": "Feature", "properties": { "event_id_cnty": "PSE57247", "event_date": "8/9/2024", "year": 2024, "time_precision": 1, "disorder_type": "Political violence", "event_type": "Explosions/Remote violence", "sub_event_type": "Air/drone strike", "actor1": "Military Forces of Israel (2022-)", "assoc_actor_1": null, "inter1": 8, "actor2": "Civilians (Palestine)", "assoc_actor_2": null, "inter2": 7, "interaction": 78, "civilian_targeting": "Civilian targeting", "iso": 275, "region": "Middle East", "country": "Palestine", "admin1": "Gaza Strip", "admin2": "Deir El Balah", "admin3": null, "location": "An Nusayrat - West", "latitude": 31.4525, "longitude": 34.3756, "geo_precision": 1, "source": "Ma'an News Agency; Newpress; Palestine News and Information Agency; Quds News Network; Twitter", "source_scale": "New media-National", "notes": "On 9 August 2024, Israeli warplanes struck a house in An Nusayrat - West (Deir El Balah, Gaza Strip), leaving 4 fatalities and a number of injuries.", "fatalities": 4, "tags": null, "timestamp": 1753955132 }, "geometry": { "type": "Point", "coordinates": [ 34.3756, 31.4525 ] } },
{ "type": "Feature", "properties": { "event_id_cnty": "PSE57343", "event_date": "8/9/2024", "year": 2024, "time_precision": 1, "disorder_type": "Political violence", "event_type": "Explosions/Remote violence", "sub_event_type": "Shelling/artillery/missile attack", "actor1": "Military Forces of Israel (2022-)", "assoc_actor_1": null, "inter1": 8, "actor2": "Civilians (Palestine)", "assoc_actor_2": null, "inter2": 7, "interaction": 78, "civilian_targeting": "Civilian targeting", "iso": 275, "region": "Middle East", "country": "Palestine", "admin1": "Gaza Strip", "admin2": "Deir El Balah", "admin3": null, "location": "Deir al Balah Camp", "latitude": 31.4249, "longitude": 34.34, "geo_precision": 2, "source": "Arab 48; PLO Negotiations Affairs Department", "source_scale": "Other-National", "notes": "On 9 August 2024, Israeli artillery and tanks shelled targets east of Deir al Balah, coded to Deir al Balah Camp (Deir El Balah, Gaza Strip), leaving one fatality.", "fatalities": 1, "tags": null, "timestamp": 1765850627 }, "geometry": { "type": "Point", "coordinates": [ 34.34, 31.4249 ] } },
{ "type": "Feature", "properties": { "event_id_cnty": "PSE57427", "event_date": "8/9/2024", "year": 2024, "time_precision": 1, "disorder_type": "Political violence", "event_type": "Explosions/Remote violence", "sub_event_type": "Air/drone strike", "actor1": "Military Forces of Israel (2022-)", "assoc_actor_1": null, "inter1": 8, "actor2": "Civilians (Palestine)", "assoc_actor_2": "Refugees/IDPs (Palestine)", "inter2": 7, "interaction": 78, "civilian_targeting": "Civilian targeting", "iso": 275, "region": "Middle East", "country": "Palestine", "admin1": "Gaza Strip", "admin2": "North Gaza", "admin3": null, "location": "Jabalya Camp", "latitude": 31.536, "longitude": 34.4907, "geo_precision": 1, "source": "Ma'an News Agency; Palestine News and Information Agency; Quds News Network; Twitter", "source_scale": "New media-National", "notes": "On 9 August 2024, Israeli warplanes struck a house in Jabalya camp (North Gaza, Gaza Strip), leaving 3 fatalities.", "fatalities": 3, "tags": null, "timestamp": 1753956638 }, "geometry": { "type": "Point", "coordinates": [ 34.4907, 31.536 ] } },
{ "type": "Feature", "properties": { "event_id_cnty": "PSE57428", "event_date": "8/9/2024", "year": 2024, "time_precision": 1, "disorder_type": "Political violence", "event_type": "Explosions/Remote violence", "sub_event_type": "Air/drone strike", "actor1": "Military Forces of Israel (2022-)", "assoc_actor_1": null, "inter1": 8, "actor2": "Civilians (Palestine)", "assoc_actor_2": null, "inter2": 7, "interaction": 78, "civilian_targeting": "Civilian targeting", "iso": 275, "region": "Middle East", "country": "Palestine", "admin1": "Gaza Strip", "admin2": "North Gaza", "admin3": null, "location": "Jabalya Camp", "latitude": 31.536, "longitude": 34.4907, "geo_precision": 2, "source": "Palestine News and Information Agency; Quds News Network; Twitter", "source_scale": "New media-National", "notes": "On 9 August 2024, Israeli warplanes struck a house east of Jabalya camp (North Gaza, Gaza Strip), injuring 18 persons.", "fatalities": 0, "tags": null, "timestamp": 1753956638 }, "geometry": { "type": "Point", "coordinates": [ 34.4907, 31.536 ] } },
{ "type": "Feature", "properties": { "event_id_cnty": "PSE57445", "event_date": "8/9/2024", "year": 2024, "time_precision": 1, "disorder_type": "Political violence", "event_type": "Explosions/Remote violence", "sub_event_type": "Air/drone strike", "actor1": "Military Forces of Israel (2022-)", "assoc_actor_1": null, "inter1": 8, "actor2": "Civilians (Palestine)", "assoc_actor_2": "Journalists (Palestine)", "inter2": 7, "interaction": 78, "civilian_targeting": "Civilian targeting", "iso": 275, "region": "Middle East", "country": "Palestine", "admin1": "Gaza Strip", "admin2": "Khan Yunis", "admin3": null, "location": "Khan Yunis", "latitude": 31.3502, "longitude": 34.3081, "geo_precision": 1, "source": "Newpress; Palestine News and Information Agency; Quds News Network; Twitter", "source_scale": "New media-National", "notes": "On 9 August 2024, Israeli warplanes struck a target in Khan Yunis (Gaza Strip), killing a Palestinian journalist.", "fatalities": 1, "tags": null, "timestamp": 1753956638 }, "geometry": { "type": "Point", "coordinates": [ 34.3081, 31.3502 ] } },
{ "type": "Feature", "properties": { "event_id_cnty": "PSE57449", "event_date": "8/9/2024", "year": 2024, "time_precision": 1, "disorder_type": "Political violence", "event_type": "Explosions/Remote violence", "sub_event_type": "Air/drone strike", "actor1": "Military Forces of Israel (2022-)", "assoc_actor_1": null, "inter1": 8, "actor2": "Civilians (Palestine)", "assoc_actor_2": "Journalists (Palestine)", "inter2": 7, "interaction": 78, "civilian_targeting": "Civilian targeting", "iso": 275, "region": "Middle East", "country": "Palestine", "admin1": "Gaza Strip", "admin2": "Khan Yunis", "admin3": null, "location": "Khan Yunis - City Centre", "latitude": 31.3419, "longitude": 34.3015, "geo_precision": 1, "source": "Newpress; Palestine News and Information Agency; Quds News Network; Twitter", "source_scale": "New media-National", "notes": "On 9 August 2024, Israeli warplanes struck a house in Khan Yunis - City Centre (Khan Yunis, Gaza Strip), leaving 7 fatalities including a journalist and injuring other people.", "fatalities": 7, "tags": null, "timestamp": 1755550811 }, "geometry": { "type": "Point", "coordinates": [ 34.3015, 31.3419 ] } },
{ "type": "Feature", "properties": { "event_id_cnty": "PSE57169", "event_date": "8/9/2024", "year": 2024, "time_precision": 1, "disorder_type": "Political violence", "event_type": "Explosions/Remote violence", "sub_event_type": "Air/drone strike", "actor1": "Military Forces of Israel (2022-)", "assoc_actor_1": null, "inter1": 8, "actor2": "Civilians (Palestine)", "assoc_actor_2": "Refugees/IDPs (Palestine)", "inter2": 7, "interaction": 78, "civilian_targeting": "Civilian targeting", "iso": 275, "region": "Middle East", "country": "Palestine", "admin1": "Gaza Strip", "admin2": "Khan Yunis", "admin3": null, "location": "Abasan al Kabirah", "latitude": 31.3191, "longitude": 34.3401, "geo_precision": 1, "source": "Newpress; Palestine News and Information Agency; Quds News Network; Twitter", "source_scale": "New media-National", "notes": "On 9 August 2024, Israeli warplanes struck a tent belonging to displaced people in al-Shawafin area in Abasan al Kabirah (Khan Yunis, Gaza Strip), leaving 2 fatalities.", "fatalities": 2, "tags": null, "timestamp": 1753955132 }, "geometry": { "type": "Point", "coordinates": [ 34.3401, 31.3191 ] } },
{ "type": "Feature", "properties": { "event_id_cnty": "PSE60058", "event_date": "8/9/2024", "year": 2024, "time_precision": 1, "disorder_type": "Political violence", "event_type": "Violence against civilians", "sub_event_type": "Attack", "actor1": "Military Forces of Israel (2022-)", "assoc_actor_1": null, "inter1": 8, "actor2": "Civilians (Palestine)", "assoc_actor_2": null, "inter2": 7, "interaction": 78, "civilian_targeting": "Civilian targeting", "iso": 275, "region": "Middle East", "country": "Palestine", "admin1": "Gaza Strip", "admin2": "Khan Yunis", "admin3": null, "location": "Abasan al Kabirah", "latitude": 31.3191, "longitude": 34.3401, "geo_precision": 1, "source": "Newpress; Palestine News and Information Agency; Quds News Network; Twitter", "source_scale": "New media-National", "notes": "On 9 August 2024, an Israeli sniper shot and killed a Palestinian in Abasan al Kabirah (Khan Yunis, Gaza Strip).", "fatalities": 1, "tags": null, "timestamp": 1753956638 }, "geometry": { "type": "Point", "coordinates": [ 34.3401, 31.3191 ] } },
{ "type": "Feature", "properties": { "event_id_cnty": "PSE57461", "event_date": "8/9/2024", "year": 2024, "time_precision": 1, "disorder_type": "Political violence", "event_type": "Explosions/Remote violence", "sub_event_type": "Shelling/artillery/missile attack", "actor1": "Military Forces of Israel (2022-)", "assoc_actor_1": null, "inter1": 8, "actor2": "Civilians (Palestine)", "assoc_actor_2": null, "inter2": 7, "interaction": 78, "civilian_targeting": "Civilian targeting", "iso": 275, "region": "Middle East", "country": "Palestine", "admin1": "Gaza Strip", "admin2": "Rafah", "admin3": null, "location": "Khirbet al Adas", "latitude": 31.2855, "longitude": 34.2714, "geo_precision": 2, "source": "Newpress; Quds News Network; Twitter", "source_scale": "New media-National", "notes": "On 9 August 2024, Israeli artillery shelled targets and opened fire in Al Baraksat area north of Rafah, coded to Khirbet al Adas (Rafah, Gaza Strip), leaving 2 fatalities.", "fatalities": 2, "tags": null, "timestamp": 1753956638 }, "geometry": { "type": "Point", "coordinates": [ 34.2714, 31.2855 ] } },
{ "type": "Feature", "properties": { "event_id_cnty": "PSE57599", "event_date": "8/10/2024", "year": 2024, "time_precision": 1, "disorder_type": "Political violence", "event_type": "Explosions/Remote violence", "sub_event_type": "Air/drone strike", "actor1": "Military Forces of Israel (2022-)", "assoc_actor_1": null, "inter1": 8, "actor2": "Civilians (Palestine)", "assoc_actor_2": "Refugees/IDPs (Palestine)", "inter2": 7, "interaction": 78, "civilian_targeting": "Civilian targeting", "iso": 275, "region": "Middle East", "country": "Palestine", "admin1": "Gaza Strip", "admin2": "Deir El Balah", "admin3": null, "location": "Al Burayj", "latitude": 31.4394, "longitude": 34.4031, "geo_precision": 1, "source": "Quds News Network", "source_scale": "National", "notes": "On 10 August 2024, Israeli warplanes struck a house in Al Burayj camp (Deir El Balah, Gaza Strip). Casualties unknown.", "fatalities": 0, "tags": null, "timestamp": 1753956638 }, "geometry": { "type": "Point", "coordinates": [ 34.4031, 31.4394 ] } },
{ "type": "Feature", "properties": { "event_id_cnty": "PSE57616", "event_date": "8/10/2024", "year": 2024, "time_precision": 1, "disorder_type": "Political violence", "event_type": "Explosions/Remote violence", "sub_event_type": "Air/drone strike", "actor1": "Military Forces of Israel (2022-)", "assoc_actor_1": null, "inter1": 8, "actor2": "Civilians (Palestine)", "assoc_actor_2": null, "inter2": 7, "interaction": 78, "civilian_targeting": "Civilian targeting", "iso": 275, "region": "Middle East", "country": "Palestine", "admin1": "Gaza Strip", "admin2": "Rafah", "admin3": null, "location": "Al Mawasi (Rafah)", "latitude": 31.3294, "longitude": 34.2299, "geo_precision": 2, "source": "Newpress; Palestine News and Information Agency; Quds News Network; Twitter", "source_scale": "New media-National", "notes": "On 10 August 2024, Israeli warplanes struck a house near al-Fardaws school west of Rafah, near Al Mawasi (coded to Al Mawasi (Rafah), Gaza Strip), leaving 3 fatalities and a number of injuries.", "fatalities": 3, "tags": null, "timestamp": 1762829569 }, "geometry": { "type": "Point", "coordinates": [ 34.2299, 31.3294 ] } },
{ "type": "Feature", "properties": { "event_id_cnty": "PSE57639", "event_date": "8/10/2024", "year": 2024, "time_precision": 1, "disorder_type": "Political violence", "event_type": "Explosions/Remote violence", "sub_event_type": "Air/drone strike", "actor1": "Military Forces of Israel (2022-)", "assoc_actor_1": null, "inter1": 8, "actor2": "Civilians (Palestine)", "assoc_actor_2": "Refugees/IDPs (Palestine)", "inter2": 7, "interaction": 78, "civilian_targeting": "Civilian targeting", "iso": 275, "region": "Middle East", "country": "Palestine", "admin1": "Gaza Strip", "admin2": "Deir El Balah", "admin3": null, "location": "An Nusayrat", "latitude": 31.4486, "longitude": 34.3925, "geo_precision": 1, "source": "Newpress; Palestine News and Information Agency; Quds News Network; Twitter", "source_scale": "New media-National", "notes": "On 10 August 2024, an Israeli UAV struck a group of Palestinians near the Sunna mosque in An Nusayrat Camp (Deir El Balah, Gaza Strip), leaving 3 fatalities and a number of injuries. Also, airstrikes targeted a house [casualties unknown]. Total fatalities coded at least 3.", "fatalities": 3, "tags": null, "timestamp": 1753956638 }, "geometry": { "type": "Point", "coordinates": [ 34.3925, 31.4486 ] } },
{ "type": "Feature", "properties": { "event_id_cnty": "PSE57640", "event_date": "8/10/2024", "year": 2024, "time_precision": 1, "disorder_type": "Political violence", "event_type": "Explosions/Remote violence", "sub_event_type": "Air/drone strike", "actor1": "Military Forces of Israel (2022-)", "assoc_actor_1": null, "inter1": 8, "actor2": "Civilians (Palestine)", "assoc_actor_2": null, "inter2": 7, "interaction": 78, "civilian_targeting": "Civilian targeting", "iso": 275, "region": "Middle East", "country": "Palestine", "admin1": "Gaza Strip", "admin2": "Deir El Balah", "admin3": null, "location": "An Nusayrat", "latitude": 31.4486, "longitude": 34.3925, "geo_precision": 2, "source": "Quds News Network", "source_scale": "National", "notes": "On 10 August 2024, an Israeli UAV struck a gathering in Al Masri land east of An Nusayrat camp (Deir El Balah, Gaza Strip), injuring a Palestinian.", "fatalities": 0, "tags": null, "timestamp": 1753956638 }, "geometry": { "type": "Point", "coordinates": [ 34.3925, 31.4486 ] } },
{ "type": "Feature", "properties": { "event_id_cnty": "PSE57647", "event_date": "8/10/2024", "year": 2024, "time_precision": 1, "disorder_type": "Political violence", "event_type": "Explosions/Remote violence", "sub_event_type": "Air/drone strike", "actor1": "Military Forces of Israel (2022-)", "assoc_actor_1": null, "inter1": 8, "actor2": "Civilians (Palestine)", "assoc_actor_2": null, "inter2": 7, "interaction": 78, "civilian_targeting": "Civilian targeting", "iso": 275, "region": "Middle East", "country": "Palestine", "admin1": "Gaza Strip", "admin2": "Deir El Balah", "admin3": null, "location": "An Nusayrat - North", "latitude": 31.4591, "longitude": 34.3923, "geo_precision": 1, "source": "Arab 48; Quds News Network", "source_scale": "National", "notes": "On 10 August 2024, Israeli warplanes struck the al-Sharif tower in An Nusayrat - North (Deir El Balah, Gaza Strip). Casualties unknown.", "fatalities": 0, "tags": null, "timestamp": 1753956638 }, "geometry": { "type": "Point", "coordinates": [ 34.3923, 31.4591 ] } },
{ "type": "Feature", "properties": { "event_id_cnty": "PSE57653", "event_date": "8/10/2024", "year": 2024, "time_precision": 1, "disorder_type": "Political violence", "event_type": "Explosions/Remote violence", "sub_event_type": "Air/drone strike", "actor1": "Military Forces of Israel (2022-)", "assoc_actor_1": null, "inter1": 8, "actor2": "Civilians (Palestine)", "assoc_actor_2": null, "inter2": 7, "interaction": 78, "civilian_targeting": "Civilian targeting", "iso": 275, "region": "Middle East", "country": "Palestine", "admin1": "Gaza Strip", "admin2": "Deir El Balah", "admin3": null, "location": "An Nusayrat - South", "latitude": 31.4389, "longitude": 34.3815, "geo_precision": 1, "source": "Palestine News and Information Agency; Quds News Network", "source_scale": "National", "notes": "On 10 August 2024, Israeli warplanes struck a house in An Nusayrat - South (Deir El Balah, Gaza Strip), leaving 4 injuries.", "fatalities": 0, "tags": null, "timestamp": 1753956638 }, "geometry": { "type": "Point", "coordinates": [ 34.3815, 31.4389 ] } },
{ "type": "Feature", "properties": { "event_id_cnty": "PSE57654", "event_date": "8/10/2024", "year": 2024, "time_precision": 1, "disorder_type": "Political violence", "event_type": "Explosions/Remote violence", "sub_event_type": "Air/drone strike", "actor1": "Military Forces of Israel (2022-)", "assoc_actor_1": null, "inter1": 8, "actor2": "Civilians (Palestine)", "assoc_actor_2": null, "inter2": 7, "interaction": 78, "civilian_targeting": "Civilian targeting", "iso": 275, "region": "Middle East", "country": "Palestine", "admin1": "Gaza Strip", "admin2": "Deir El Balah", "admin3": null, "location": "An Nusayrat - West", "latitude": 31.4525, "longitude": 34.3756, "geo_precision": 1, "source": "Al Ghad (Jordan); Newpress; Palestine News and Information Agency; Quds News Network; Twitter", "source_scale": "New media-National", "notes": "On 10 August 2024, Israeli warplanes struck a house in An Nusayrat - West (Deir El Balah, Gaza Strip), leaving 4 fatalities and a number of injuries. Also, the artillery shelled a target west of An Nusayrat, killing one person. Total fatalities coded 5.", "fatalities": 5, "tags": null, "timestamp": 1753956638 }, "geometry": { "type": "Point", "coordinates": [ 34.3756, 31.4525 ] } },
{ "type": "Feature", "properties": { "event_id_cnty": "PSE57680", "event_date": "8/10/2024", "year": 2024, "time_precision": 1, "disorder_type": "Political violence", "event_type": "Explosions/Remote violence", "sub_event_type": "Air/drone strike", "actor1": "Military Forces of Israel (2022-)", "assoc_actor_1": null, "inter1": 8, "actor2": "Civilians (Palestine)", "assoc_actor_2": null, "inter2": 7, "interaction": 78, "civilian_targeting": "Civilian targeting", "iso": 275, "region": "Middle East", "country": "Palestine", "admin1": "Gaza Strip", "admin2": "Deir El Balah", "admin3": null, "location": "Deir al Balah Camp", "latitude": 31.4249, "longitude": 34.34, "geo_precision": 2, "source": "Palestine News and Information Agency; PLO Negotiations Affairs Department", "source_scale": "Other-National", "notes": "On 10 August 2024, Israeli warplanes struck a tent in site 14 east of Deir al Balah, coded to Deir al Balah Camp (Deir El Balah, Gaza Strip) leaving 4 fatalities. Also, the artillery shelled targets east of the city [casualties unknown]. Total fatalities coded as least 4.", "fatalities": 4, "tags": null, "timestamp": 1765850627 }, "geometry": { "type": "Point", "coordinates": [ 34.34, 31.4249 ] } },
{ "type": "Feature", "properties": { "event_id_cnty": "PSE57704", "event_date": "8/10/2024", "year": 2024, "time_precision": 1, "disorder_type": "Political violence", "event_type": "Explosions/Remote violence", "sub_event_type": "Air/drone strike", "actor1": "Military Forces of Israel (2022-)", "assoc_actor_1": null, "inter1": 8, "actor2": "Civilians (Palestine)", "assoc_actor_2": null, "inter2": 7, "interaction": 78, "civilian_targeting": "Civilian targeting", "iso": 275, "region": "Middle East", "country": "Palestine", "admin1": "Gaza Strip", "admin2": "Gaza City", "admin3": null, "location": "Gaza - Sabra", "latitude": 31.5086, "longitude": 34.4493, "geo_precision": 1, "source": "Quds News Network", "source_scale": "National", "notes": "On 10 August 2024, Israeli warplanes struck a house in Gaza - Sabra (Gaza City, Gaza Strip). Also, the artillery shelled targets in the same area. Casualties unknown.", "fatalities": 0, "tags": null, "timestamp": 1759790002 }, "geometry": { "type": "Point", "coordinates": [ 34.4493, 31.5086 ] } },
{ "type": "Feature", "properties": { "event_id_cnty": "PSE57720", "event_date": "8/10/2024", "year": 2024, "time_precision": 1, "disorder_type": "Political violence", "event_type": "Explosions/Remote violence", "sub_event_type": "Air/drone strike", "actor1": "Military Forces of Israel (2022-)", "assoc_actor_1": null, "inter1": 8, "actor2": "Civilians (Palestine)", "assoc_actor_2": "Refugees/IDPs (Palestine)", "inter2": 7, "interaction": 78, "civilian_targeting": "Civilian targeting", "iso": 275, "region": "Middle East", "country": "Palestine", "admin1": "Gaza Strip", "admin2": "North Gaza", "admin3": null, "location": "Jabalya Camp", "latitude": 31.536, "longitude": 34.4907, "geo_precision": 1, "source": "Al Ghad (Jordan); Palestine News and Information Agency; Quds News Network", "source_scale": "National-Regional", "notes": "On 10 August 2024, Israeli warplanes struck a house in Jabalya Camp (North Gaza, Gaza Strip), leaving 6 fatalities and 15 injuries.", "fatalities": 6, "tags": null, "timestamp": 1753956638 }, "geometry": { "type": "Point", "coordinates": [ 34.4907, 31.536 ] } },
{ "type": "Feature", "properties": { "event_id_cnty": "PSE57741", "event_date": "8/10/2024", "year": 2024, "time_precision": 1, "disorder_type": "Political violence", "event_type": "Explosions/Remote violence", "sub_event_type": "Shelling/artillery/missile attack", "actor1": "Military Forces of Israel (2022-)", "assoc_actor_1": null, "inter1": 8, "actor2": "Civilians (Palestine)", "assoc_actor_2": null, "inter2": 7, "interaction": 78, "civilian_targeting": "Civilian targeting", "iso": 275, "region": "Middle East", "country": "Palestine", "admin1": "Gaza Strip", "admin2": "Khan Yunis", "admin3": null, "location": "Abasan al Kabirah", "latitude": 31.3191, "longitude": 34.3401, "geo_precision": 2, "source": "Arab 48; Quds News Network", "source_scale": "National", "notes": "On 10 August 2024, Israeli artillery shelled targets west of Abasan al Kabirah (Khan Yunis, Gaza Strip), leaving 4 injuries.", "fatalities": 0, "tags": null, "timestamp": 1753956638 }, "geometry": { "type": "Point", "coordinates": [ 34.3401, 31.3191 ] } },
{ "type": "Feature", "properties": { "event_id_cnty": "PSE57747", "event_date": "8/10/2024", "year": 2024, "time_precision": 1, "disorder_type": "Political violence", "event_type": "Explosions/Remote violence", "sub_event_type": "Air/drone strike", "actor1": "Military Forces of Israel (2022-)", "assoc_actor_1": null, "inter1": 8, "actor2": "Civilians (Palestine)", "assoc_actor_2": null, "inter2": 7, "interaction": 78, "civilian_targeting": "Civilian targeting", "iso": 275, "region": "Middle East", "country": "Palestine", "admin1": "Gaza Strip", "admin2": "Khan Yunis", "admin3": null, "location": "Khan Yunis - Maen", "latitude": 31.336, "longitude": 34.3172, "geo_precision": 1, "source": "Arab 48; Newpress; Palestine News and Information Agency; Quds News Network; Twitter", "source_scale": "New media-National", "notes": "On 10 August 2024, Israeli warplanes struck a group of Palestinians in Khan Yunis - Maen (Khan Yunis, Gaza Strip), leaving 7 fatalities.", "fatalities": 7, "tags": null, "timestamp": 1753956638 }, "geometry": { "type": "Point", "coordinates": [ 34.3172, 31.336 ] } },
{ "type": "Feature", "properties": { "event_id_cnty": "PSE57792", "event_date": "8/10/2024", "year": 2024, "time_precision": 1, "disorder_type": "Political violence", "event_type": "Explosions/Remote violence", "sub_event_type": "Air/drone strike", "actor1": "Military Forces of Israel (2022-)", "assoc_actor_1": null, "inter1": 8, "actor2": "Civilians (Palestine)", "assoc_actor_2": null, "inter2": 7, "interaction": 78, "civilian_targeting": "Civilian targeting", "iso": 275, "region": "Middle East", "country": "Palestine", "admin1": "Gaza Strip", "admin2": "Deir El Balah", "admin3": null, "location": "Wadi as Salqa", "latitude": 31.4005, "longitude": 34.3375, "geo_precision": 2, "source": "Palestine News and Information Agency", "source_scale": "National", "notes": "On 10 August 2024, an Israeli UAV struck a house in Al Barakeh area south of Deir al Balah, coded to Wadi as Salqa (Deir El Balah, Gaza Strip), killing one Palestinian and injuring others.", "fatalities": 1, "tags": null, "timestamp": 1753956638 }, "geometry": { "type": "Point", "coordinates": [ 34.3375, 31.4005 ] } },
{ "type": "Feature", "properties": { "event_id_cnty": "PSE57809", "event_date": "8/10/2024", "year": 2024, "time_precision": 1, "disorder_type": "Political violence", "event_type": "Explosions/Remote violence", "sub_event_type": "Shelling/artillery/missile attack", "actor1": "Military Forces of Israel (2022-)", "assoc_actor_1": null, "inter1": 8, "actor2": "Civilians (Palestine)", "assoc_actor_2": null, "inter2": 7, "interaction": 78, "civilian_targeting": "Civilian targeting", "iso": 275, "region": "Middle East", "country": "Palestine", "admin1": "Gaza Strip", "admin2": "North Gaza", "admin3": null, "location": "Beit Lahiya", "latitude": 31.5541, "longitude": 34.5016, "geo_precision": 2, "source": "Quds News Network", "source_scale": "National", "notes": "On 10 August 2024, Israeli artillery shelled a house north of Beit Lahiya (North Gaza, Gaza strip), leaving critical injuries.", "fatalities": 0, "tags": null, "timestamp": 1753956638 }, "geometry": { "type": "Point", "coordinates": [ 34.5016, 31.5541 ] } },
{ "type": "Feature", "properties": { "event_id_cnty": "PSE57673", "event_date": "8/10/2024", "year": 2024, "time_precision": 1, "disorder_type": "Political violence", "event_type": "Explosions/Remote violence", "sub_event_type": "Air/drone strike", "actor1": "Military Forces of Israel (2022-)", "assoc_actor_1": null, "inter1": 8, "actor2": "Civilians (Palestine)", "assoc_actor_2": null, "inter2": 7, "interaction": 78, "civilian_targeting": "Civilian targeting", "iso": 275, "region": "Middle East", "country": "Palestine", "admin1": "Gaza Strip", "admin2": "North Gaza", "admin3": null, "location": "Beit Hanoun", "latitude": 31.5405, "longitude": 34.5402, "geo_precision": 1, "source": "Arab 48", "source_scale": "National", "notes": "On 10 August 2024, Israeli warplanes struck a target in Beit Hanoun (North Gaza, Gaza Strip), leaving one fatality.", "fatalities": 1, "tags": null, "timestamp": 1753956638 }, "geometry": { "type": "Point", "coordinates": [ 34.5402, 31.5405 ] } },
{ "type": "Feature", "properties": { "event_id_cnty": "PSE57641", "event_date": "8/11/2024", "year": 2024, "time_precision": 1, "disorder_type": "Political violence", "event_type": "Explosions/Remote violence", "sub_event_type": "Air/drone strike", "actor1": "Military Forces of Israel (2022-)", "assoc_actor_1": null, "inter1": 8, "actor2": "Civilians (Palestine)", "assoc_actor_2": "Refugees/IDPs (Palestine)", "inter2": 7, "interaction": 78, "civilian_targeting": "Civilian targeting", "iso": 275, "region": "Middle East", "country": "Palestine", "admin1": "Gaza Strip", "admin2": "Deir El Balah", "admin3": null, "location": "An Nusayrat", "latitude": 31.4486, "longitude": 34.3925, "geo_precision": 1, "source": "Quds News Network; Twitter", "source_scale": "New media-National", "notes": "On 11 August 2024, Israeli warplanes struck a house near al-Hasant mosque in An Nusayrat Camp (Deir El Balah, Gaza strip), leaving 2 fatalities. Also, an airstrike targeted another house in the camp [casualties unknown]. Fatalities coded at least 2.", "fatalities": 2, "tags": null, "timestamp": 1753956638 }, "geometry": { "type": "Point", "coordinates": [ 34.3925, 31.4486 ] } },
{ "type": "Feature", "properties": { "event_id_cnty": "PSE57655", "event_date": "8/11/2024", "year": 2024, "time_precision": 1, "disorder_type": "Political violence", "event_type": "Explosions/Remote violence", "sub_event_type": "Air/drone strike", "actor1": "Military Forces of Israel (2022-)", "assoc_actor_1": null, "inter1": 8, "actor2": "Civilians (Palestine)", "assoc_actor_2": null, "inter2": 7, "interaction": 78, "civilian_targeting": "Civilian targeting", "iso": 275, "region": "Middle East", "country": "Palestine", "admin1": "Gaza Strip", "admin2": "Deir El Balah", "admin3": null, "location": "An Nusayrat - West", "latitude": 31.4525, "longitude": 34.3756, "geo_precision": 1, "source": "Dunia Al Watan; Newpress; Palestine News and Information Agency; Quds News Network; Twitter", "source_scale": "New media-National", "notes": "On 11 August 2024, Israeli warplanes struck a house in An Nusayrat - West (Deir El Balah, Gaza Strip), killing 2 persons including a woman and injuring a number of others.", "fatalities": 2, "tags": null, "timestamp": 1753956638 }, "geometry": { "type": "Point", "coordinates": [ 34.3756, 31.4525 ] } },
{ "type": "Feature", "properties": { "event_id_cnty": "PSE57657", "event_date": "8/11/2024", "year": 2024, "time_precision": 1, "disorder_type": "Political violence", "event_type": "Explosions/Remote violence", "sub_event_type": "Air/drone strike", "actor1": "Military Forces of Israel (2022-)", "assoc_actor_1": null, "inter1": 8, "actor2": "Civilians (Palestine)", "assoc_actor_2": null, "inter2": 7, "interaction": 78, "civilian_targeting": "Civilian targeting", "iso": 275, "region": "Middle East", "country": "Palestine", "admin1": "Gaza Strip", "admin2": "Deir El Balah", "admin3": null, "location": "Az Zawayda", "latitude": 31.4284, "longitude": 34.366, "geo_precision": 1, "source": "Quds News Network; Twitter", "source_scale": "New media-National", "notes": "On 11 August 2024, Israeli warplanes struck a house in Az Zawayda (Deir El Balah, Gaza Strip), leaving 2 fatalities.", "fatalities": 2, "tags": null, "timestamp": 1767742780 }, "geometry": { "type": "Point", "coordinates": [ 34.366, 31.4284 ] } },
{ "type": "Feature", "properties": { "event_id_cnty": "PSE57661", "event_date": "8/11/2024", "year": 2024, "time_precision": 1, "disorder_type": "Political violence", "event_type": "Explosions/Remote violence", "sub_event_type": "Air/drone strike", "actor1": "Military Forces of Israel (2022-)", "assoc_actor_1": null, "inter1": 8, "actor2": "Civilians (Palestine)", "assoc_actor_2": "Health Workers (Palestine)", "inter2": 7, "interaction": 78, "civilian_targeting": "Civilian targeting", "iso": 275, "region": "Middle East", "country": "Palestine", "admin1": "Gaza Strip", "admin2": "Khan Yunis", "admin3": null, "location": "Bani Suheila", "latitude": 31.3424, "longitude": 34.325, "geo_precision": 1, "source": "Newpress; Palestine News and Information Agency; Quds News Network; Twitter", "source_scale": "New media-National", "notes": "On 11 August 2024, Israeli warplanes carried out strikes in Bani Suheila and Al Zannah of Bani Suheila (Khan Yunis, Gaza Strip) amid artillery fire. 3 Palestinians were killed, including a paramedic and his wife and his sister.", "fatalities": 3, "tags": null, "timestamp": 1753956638 }, "geometry": { "type": "Point", "coordinates": [ 34.325, 31.3424 ] } },
{ "type": "Feature", "properties": { "event_id_cnty": "PSE57681", "event_date": "8/11/2024", "year": 2024, "time_precision": 1, "disorder_type": "Political violence", "event_type": "Explosions/Remote violence", "sub_event_type": "Air/drone strike", "actor1": "Military Forces of Israel (2022-)", "assoc_actor_1": null, "inter1": 8, "actor2": "Civilians (Palestine)", "assoc_actor_2": null, "inter2": 7, "interaction": 78, "civilian_targeting": "Civilian targeting", "iso": 275, "region": "Middle East", "country": "Palestine", "admin1": "Gaza Strip", "admin2": "Deir El Balah", "admin3": null, "location": "Deir al Balah Camp", "latitude": 31.4249, "longitude": 34.34, "geo_precision": 2, "source": "PLO Negotiations Affairs Department; Quds News Network; Twitter", "source_scale": "Other-New media", "notes": "On 11 August 2024, an Israeli UAV opened fire and injured a woman in Al Mahata area east of Deir al Balah. Also, artillery and tanks shelled targets east of Deir al Balah, coded to Deir al Balah Camp (Deir El Balah, Gaza Strip). Casualties unknown.", "fatalities": 0, "tags": null, "timestamp": 1765850627 }, "geometry": { "type": "Point", "coordinates": [ 34.34, 31.4249 ] } },
{ "type": "Feature", "properties": { "event_id_cnty": "PSE57708", "event_date": "8/11/2024", "year": 2024, "time_precision": 1, "disorder_type": "Political violence", "event_type": "Explosions/Remote violence", "sub_event_type": "Air/drone strike", "actor1": "Military Forces of Israel (2022-)", "assoc_actor_1": null, "inter1": 8, "actor2": "Civilians (Palestine)", "assoc_actor_2": null, "inter2": 7, "interaction": 78, "civilian_targeting": "Civilian targeting", "iso": 275, "region": "Middle East", "country": "Palestine", "admin1": "Gaza Strip", "admin2": "Gaza City", "admin3": null, "location": "Gaza - Sheikh Radwan", "latitude": 31.5349, "longitude": 34.4667, "geo_precision": 1, "source": "Palestine News and Information Agency; Quds News Network; Twitter", "source_scale": "New media-National", "notes": "On 11 August 2024, Israeli warplanes struck a building in Gaza - Sheikh Radwan (Gaza City, Gaza Strip), leaving 2 fatalities and a number of injuries.", "fatalities": 2, "tags": null, "timestamp": 1759790002 }, "geometry": { "type": "Point", "coordinates": [ 34.4667, 31.5349 ] } },
{ "type": "Feature", "properties": { "event_id_cnty": "PSE57717", "event_date": "8/11/2024", "year": 2024, "time_precision": 1, "disorder_type": "Political violence", "event_type": "Explosions/Remote violence", "sub_event_type": "Air/drone strike", "actor1": "Military Forces of Israel (2022-)", "assoc_actor_1": null, "inter1": 8, "actor2": "Civilians (Palestine)", "assoc_actor_2": null, "inter2": 7, "interaction": 78, "civilian_targeting": "Civilian targeting", "iso": 275, "region": "Middle East", "country": "Palestine", "admin1": "Gaza Strip", "admin2": "Khan Yunis", "admin3": null, "location": "Hamad", "latitude": 31.3749, "longitude": 34.3193, "geo_precision": 1, "source": "Arab 48; Newpress; Palestine News and Information Agency; Quds News Network; Twitter", "source_scale": "New media-National", "notes": "On 11 August 2024, Israeli warplanes struck 2 towers in Hamad city (Khan Yunis, Gaza Strip), leaving 5 injuries.", "fatalities": 0, "tags": null, "timestamp": 1753956638 }, "geometry": { "type": "Point", "coordinates": [ 34.3193, 31.3749 ] } },
{ "type": "Feature", "properties": { "event_id_cnty": "PSE57744", "event_date": "8/11/2024", "year": 2024, "time_precision": 1, "disorder_type": "Political violence", "event_type": "Explosions/Remote violence", "sub_event_type": "Air/drone strike", "actor1": "Military Forces of Israel (2022-)", "assoc_actor_1": null, "inter1": 8, "actor2": "Civilians (Palestine)", "assoc_actor_2": null, "inter2": 7, "interaction": 78, "civilian_targeting": "Civilian targeting", "iso": 275, "region": "Middle East", "country": "Palestine", "admin1": "Gaza Strip", "admin2": "Khan Yunis", "admin3": null, "location": "Khan Yunis - City Centre", "latitude": 31.3419, "longitude": 34.3015, "geo_precision": 1, "source": "Dunia Al Watan; Palestine News and Information Agency", "source_scale": "National", "notes": "On 11 August 2024, Israeli warplanes struck a targets in Al Sekka in Khan Yunis - City Centre (Khan Yunis, Gaza Strip), killing 4 Palestinians and injuring a number of others.", "fatalities": 4, "tags": null, "timestamp": 1753956638 }, "geometry": { "type": "Point", "coordinates": [ 34.3015, 31.3419 ] } },
{ "type": "Feature", "properties": { "event_id_cnty": "PSE57772", "event_date": "8/11/2024", "year": 2024, "time_precision": 1, "disorder_type": "Political violence", "event_type": "Explosions/Remote violence", "sub_event_type": "Air/drone strike", "actor1": "Military Forces of Israel (2022-)", "assoc_actor_1": null, "inter1": 8, "actor2": "Civilians (Palestine)", "assoc_actor_2": null, "inter2": 7, "interaction": 78, "civilian_targeting": "Civilian targeting", "iso": 275, "region": "Middle East", "country": "Palestine", "admin1": "Gaza Strip", "admin2": "Rafah", "admin3": null, "location": "Tal as Sultan", "latitude": 31.3098, "longitude": 34.2414, "geo_precision": 1, "source": "Palestine News and Information Agency", "source_scale": "National", "notes": "On 11 August 2024, Israeli warplanes struck a group of people in Tal as Sultan (Rafah, Gaza Strip), leaving 2 fatalities.", "fatalities": 2, "tags": null, "timestamp": 1762829569 }, "geometry": { "type": "Point", "coordinates": [ 34.2414, 31.3098 ] } },
{ "type": "Feature", "properties": { "event_id_cnty": "PSE57798", "event_date": "8/11/2024", "year": 2024, "time_precision": 1, "disorder_type": "Political violence", "event_type": "Explosions/Remote violence", "sub_event_type": "Air/drone strike", "actor1": "Military Forces of Israel (2022-)", "assoc_actor_1": null, "inter1": 8, "actor2": "Civilians (Palestine)", "assoc_actor_2": null, "inter2": 7, "interaction": 78, "civilian_targeting": "Civilian targeting", "iso": 275, "region": "Middle East", "country": "Palestine", "admin1": "Gaza Strip", "admin2": "Rafah", "admin3": null, "location": "Yasser Arafat International Airport", "latitude": 31.2431, "longitude": 34.2759, "geo_precision": 2, "source": "Newpress; Quds News Network; Twitter", "source_scale": "New media-National", "notes": "On 11 August 2024, Israeli forces [likely warplanes] killed 5 Palestinians near Yasser Arafat International Airport (Rafah, Gaza Strip).", "fatalities": 5, "tags": null, "timestamp": 1753956638 }, "geometry": { "type": "Point", "coordinates": [ 34.2759, 31.2431 ] } },
{ "type": "Feature", "properties": { "event_id_cnty": "PSE57715", "event_date": "8/11/2024", "year": 2024, "time_precision": 1, "disorder_type": "Political violence", "event_type": "Explosions/Remote violence", "sub_event_type": "Air/drone strike", "actor1": "Military Forces of Israel (2022-)", "assoc_actor_1": null, "inter1": 8, "actor2": "Civilians (Palestine)", "assoc_actor_2": null, "inter2": 7, "interaction": 78, "civilian_targeting": "Civilian targeting", "iso": 275, "region": "Middle East", "country": "Palestine", "admin1": "Gaza Strip", "admin2": "Gaza City", "admin3": null, "location": "Gaza - Tal el Hawa", "latitude": 31.5041, "longitude": 34.435, "geo_precision": 2, "source": "Quds News Network; Twitter", "source_scale": "New media-National", "notes": "On 11 August 2024, Israeli forces [likely warplanes] killed a Palestinian southwest of Gaza City, coded to Gaza - Tal el Hawa (Gaza City, Gaza Strip).", "fatalities": 1, "tags": null, "timestamp": 1759790002 }, "geometry": { "type": "Point", "coordinates": [ 34.435, 31.5041 ] } },
{ "type": "Feature", "properties": { "event_id_cnty": "PSE57595", "event_date": "8/12/2024", "year": 2024, "time_precision": 1, "disorder_type": "Political violence", "event_type": "Explosions/Remote violence", "sub_event_type": "Air/drone strike", "actor1": "Military Forces of Israel (2022-)", "assoc_actor_1": null, "inter1": 8, "actor2": "Civilians (Palestine)", "assoc_actor_2": null, "inter2": 7, "interaction": 78, "civilian_targeting": "Civilian targeting", "iso": 275, "region": "Middle East", "country": "Palestine", "admin1": "Gaza Strip", "admin2": "Khan Yunis", "admin3": null, "location": "Abasan al Kabirah", "latitude": 31.3191, "longitude": 34.3401, "geo_precision": 1, "source": "Ma'an News Agency; Newpress; Palestine News and Information Agency; Quds News Network; Twitter", "source_scale": "New media-National", "notes": "On 12 August 2024, Israeli warplanes struck a house in Abasan al Kabirah (Khan Yunis, Gaza Strip), leaving at least 11 fatalities and a number of injuries. Also, the artillery shelled targets in the same area [casualties unknown]. In addition, one Palestinian was killed in an airstrike near the roundabout of Abasan. Total fatalities coded at least 12.", "fatalities": 12, "tags": null, "timestamp": 1753956638 }, "geometry": { "type": "Point", "coordinates": [ 34.3401, 31.3191 ] } },
{ "type": "Feature", "properties": { "event_id_cnty": "PSE57602", "event_date": "8/12/2024", "year": 2024, "time_precision": 1, "disorder_type": "Political violence", "event_type": "Explosions/Remote violence", "sub_event_type": "Air/drone strike", "actor1": "Military Forces of Israel (2022-)", "assoc_actor_1": null, "inter1": 8, "actor2": "Civilians (Palestine)", "assoc_actor_2": "Refugees/IDPs (Palestine)", "inter2": 7, "interaction": 78, "civilian_targeting": "Civilian targeting", "iso": 275, "region": "Middle East", "country": "Palestine", "admin1": "Gaza Strip", "admin2": "Deir El Balah", "admin3": null, "location": "Al Burayj", "latitude": 31.4394, "longitude": 34.4031, "geo_precision": 1, "source": "Palestine News and Information Agency; Quds News Network; Twitter", "source_scale": "New media-National", "notes": "On 12 August 2024, Israeli warplanes struck houses in Al Burayj Camp (Deir El Balah, Gaza Strip), killing 2 Palestinians (a father and his son) and a injuring a number of other persons.", "fatalities": 2, "tags": null, "timestamp": 1753956638 }, "geometry": { "type": "Point", "coordinates": [ 34.4031, 31.4394 ] } },
{ "type": "Feature", "properties": { "event_id_cnty": "PSE57626", "event_date": "8/12/2024", "year": 2024, "time_precision": 1, "disorder_type": "Political violence", "event_type": "Explosions/Remote violence", "sub_event_type": "Air/drone strike", "actor1": "Military Forces of Israel (2022-)", "assoc_actor_1": null, "inter1": 8, "actor2": "Civilians (Palestine)", "assoc_actor_2": null, "inter2": 7, "interaction": 78, "civilian_targeting": "Civilian targeting", "iso": 275, "region": "Middle East", "country": "Palestine", "admin1": "Gaza Strip", "admin2": "Khan Yunis", "admin3": null, "location": "Al Qararah", "latitude": 31.3739, "longitude": 34.3409, "geo_precision": 1, "source": "Newpress; Palestine News and Information Agency; Twitter", "source_scale": "New media-National", "notes": "On 12 August 2024, an Israeli UAV struck and killed 2 Palestinians in Al Qararah (Khan Yunis, Gaza Strip).", "fatalities": 2, "tags": null, "timestamp": 1753956638 }, "geometry": { "type": "Point", "coordinates": [ 34.3409, 31.3739 ] } },
{ "type": "Feature", "properties": { "event_id_cnty": "PSE57642", "event_date": "8/12/2024", "year": 2024, "time_precision": 1, "disorder_type": "Political violence", "event_type": "Explosions/Remote violence", "sub_event_type": "Air/drone strike", "actor1": "Military Forces of Israel (2022-)", "assoc_actor_1": null, "inter1": 8, "actor2": "Civilians (Palestine)", "assoc_actor_2": "Refugees/IDPs (Palestine)", "inter2": 7, "interaction": 78, "civilian_targeting": "Civilian targeting", "iso": 275, "region": "Middle East", "country": "Palestine", "admin1": "Gaza Strip", "admin2": "Deir El Balah", "admin3": null, "location": "An Nusayrat", "latitude": 31.4486, "longitude": 34.3925, "geo_precision": 1, "source": "Arab 48; Quds News Network; Twitter", "source_scale": "New media-National", "notes": "On 12 August 2024, Israeli warplanes struck a target in near the market of An Nusayrat Camp (Deir El Balah, Gaza Strip). Casualties unknown. Also, 2 Palestinians were killed in artillery fire at the entrance of An Nusayrat camp. Total fatalities coded at least 2.", "fatalities": 2, "tags": null, "timestamp": 1753956638 }, "geometry": { "type": "Point", "coordinates": [ 34.3925, 31.4486 ] } },
{ "type": "Feature", "properties": { "event_id_cnty": "PSE57664", "event_date": "8/12/2024", "year": 2024, "time_precision": 1, "disorder_type": "Political violence", "event_type": "Explosions/Remote violence", "sub_event_type": "Air/drone strike", "actor1": "Military Forces of Israel (2022-)", "assoc_actor_1": null, "inter1": 8, "actor2": "Civilians (Palestine)", "assoc_actor_2": null, "inter2": 7, "interaction": 78, "civilian_targeting": "Civilian targeting", "iso": 275, "region": "Middle East", "country": "Palestine", "admin1": "Gaza Strip", "admin2": "Khan Yunis", "admin3": null, "location": "Bani Suheila", "latitude": 31.3424, "longitude": 34.325, "geo_precision": 1, "source": "Newpress; Quds News Network; Twitter", "source_scale": "New media-National", "notes": "On 12 August 2024, Israeli warplanes carried out strikes in Bani Suheila (Khan Yunis, Gaza Strip). Casualties unknown. Also, 2 Palestinians were killed in artillery fire. Total fatalities coded at least 2.", "fatalities": 2, "tags": null, "timestamp": 1753956638 }, "geometry": { "type": "Point", "coordinates": [ 34.325, 31.3424 ] } },
{ "type": "Feature", "properties": { "event_id_cnty": "PSE57709", "event_date": "8/12/2024", "year": 2024, "time_precision": 1, "disorder_type": "Political violence", "event_type": "Explosions/Remote violence", "sub_event_type": "Air/drone strike", "actor1": "Military Forces of Israel (2022-)", "assoc_actor_1": null, "inter1": 8, "actor2": "Civilians (Palestine)", "assoc_actor_2": null, "inter2": 7, "interaction": 78, "civilian_targeting": "Civilian targeting", "iso": 275, "region": "Middle East", "country": "Palestine", "admin1": "Gaza Strip", "admin2": "Gaza City", "admin3": null, "location": "Gaza - Sheikh Radwan", "latitude": 31.5349, "longitude": 34.4667, "geo_precision": 1, "source": "Newpress; Palestine News and Information Agency; Quds News Network; Twitter", "source_scale": "New media-National", "notes": "On 12 August 2024, Israeli warplanes struck a house in Gaza - Sheikh Radwan (Gaza City, Gaza Strip), leaving 2 fatalities.", "fatalities": 2, "tags": null, "timestamp": 1759790002 }, "geometry": { "type": "Point", "coordinates": [ 34.4667, 31.5349 ] } },
{ "type": "Feature", "properties": { "event_id_cnty": "PSE57713", "event_date": "8/12/2024", "year": 2024, "time_precision": 1, "disorder_type": "Political violence", "event_type": "Explosions/Remote violence", "sub_event_type": "Air/drone strike", "actor1": "Military Forces of Israel (2022-)", "assoc_actor_1": null, "inter1": 8, "actor2": "Civilians (Palestine)", "assoc_actor_2": null, "inter2": 7, "interaction": 78, "civilian_targeting": "Civilian targeting", "iso": 275, "region": "Middle East", "country": "Palestine", "admin1": "Gaza Strip", "admin2": "Gaza City", "admin3": null, "location": "Gaza - Southern Remal", "latitude": 31.5168, "longitude": 34.4355, "geo_precision": 2, "source": "Newpress; Palestine News and Information Agency; Quds News Network; Twitter", "source_scale": "New media-National", "notes": "On 12 August 2024, Israeli warplanes struck a house west of Gaza City, coded to Gaza - Southern Remal (Gaza City, Gaza Strip), leaving 2 fatalities and a number of injuries.", "fatalities": 2, "tags": null, "timestamp": 1759790002 }, "geometry": { "type": "Point", "coordinates": [ 34.4355, 31.5168 ] } },
{ "type": "Feature", "properties": { "event_id_cnty": "PSE57748", "event_date": "8/12/2024", "year": 2024, "time_precision": 1, "disorder_type": "Political violence", "event_type": "Explosions/Remote violence", "sub_event_type": "Air/drone strike", "actor1": "Military Forces of Israel (2022-)", "assoc_actor_1": null, "inter1": 8, "actor2": "Civilians (Palestine)", "assoc_actor_2": null, "inter2": 7, "interaction": 78, "civilian_targeting": "Civilian targeting", "iso": 275, "region": "Middle East", "country": "Palestine", "admin1": "Gaza Strip", "admin2": "Khan Yunis", "admin3": null, "location": "Khan Yunis - Maen", "latitude": 31.336, "longitude": 34.3172, "geo_precision": 1, "source": "Ma'an News Agency; Palestine News and Information Agency; Quds News Network; Twitter", "source_scale": "New media-National", "notes": "On 12 August 2024, Israeli warplanes struck a house in Khan Yunis - Maen (Khan Yunis, Gaza Strip), leaving fatalities and injuries. Unspecified number of fatalities coded as 3.", "fatalities": 3, "tags": null, "timestamp": 1753956638 }, "geometry": { "type": "Point", "coordinates": [ 34.3172, 31.336 ] } },
{ "type": "Feature", "properties": { "event_id_cnty": "PSE57760", "event_date": "8/12/2024", "year": 2024, "time_precision": 1, "disorder_type": "Political violence", "event_type": "Violence against civilians", "sub_event_type": "Attack", "actor1": "Hamas Movement", "assoc_actor_1": null, "inter1": 3, "actor2": "Civilians (Israel)", "assoc_actor_2": "Prisoners (Israel)", "inter2": 7, "interaction": 37, "civilian_targeting": "Civilian targeting", "iso": 275, "region": "Middle East", "country": "Palestine", "admin1": "Gaza Strip", "admin2": "Gaza City", "admin3": null, "location": "Gaza", "latitude": 31.5045, "longitude": 34.4743, "geo_precision": 3, "source": "Arutz Sheva; Joe Truzman; Newpress; Twitter", "source_scale": "New media-National", "notes": "On 12 August 2024, the Hamas military wing claimed that 2 fighters guarding Israeli prisoners opened fire at prisoners in the Gaza Strip (Gaza City), killing an Israeli and injuring 2 prisoners. Hamas said it opened an investigation into the incident. The IDF has not confirmed the Hamas claim.", "fatalities": 1, "tags": null, "timestamp": 1759790002 }, "geometry": { "type": "Point", "coordinates": [ 34.4743, 31.5045 ] } },
{ "type": "Feature", "properties": { "event_id_cnty": "PSE57774", "event_date": "8/12/2024", "year": 2024, "time_precision": 1, "disorder_type": "Political violence", "event_type": "Explosions/Remote violence", "sub_event_type": "Air/drone strike", "actor1": "Military Forces of Israel (2022-)", "assoc_actor_1": null, "inter1": 8, "actor2": "Civilians (Palestine)", "assoc_actor_2": null, "inter2": 7, "interaction": 78, "civilian_targeting": "Civilian targeting", "iso": 275, "region": "Middle East", "country": "Palestine", "admin1": "Gaza Strip", "admin2": "Rafah", "admin3": null, "location": "Tal as Sultan", "latitude": 31.3098, "longitude": 34.2414, "geo_precision": 2, "source": "Arab 48; Palestine News and Information Agency; Quds News Network; Twitter", "source_scale": "New media-National", "notes": "On 12 August 2024, Israeli forces [likely warplanes] struck a killed 2 Palestinians west of Rafah, coded to Tal as Sultan (Rafah, Gaza Strip).", "fatalities": 2, "tags": null, "timestamp": 1762829569 }, "geometry": { "type": "Point", "coordinates": [ 34.2414, 31.3098 ] } },
{ "type": "Feature", "properties": { "event_id_cnty": "PSE57780", "event_date": "8/12/2024", "year": 2024, "time_precision": 1, "disorder_type": "Political violence", "event_type": "Explosions/Remote violence", "sub_event_type": "Shelling/artillery/missile attack", "actor1": "Military Forces of Israel (2022-)", "assoc_actor_1": null, "inter1": 8, "actor2": "Civilians (Palestine)", "assoc_actor_2": null, "inter2": 7, "interaction": 78, "civilian_targeting": "Civilian targeting", "iso": 275, "region": "Middle East", "country": "Palestine", "admin1": "Gaza Strip", "admin2": "Deir El Balah", "admin3": null, "location": "An Nusayrat - West", "latitude": 31.4525, "longitude": 34.3756, "geo_precision": 1, "source": "Quds News Network; Twitter", "source_scale": "New media-National", "notes": "On 12 August 2024, Israeli artillery targeted a house in An Nusayrat - West (Deir El Balah, Gaza Strip), leaving injuries.", "fatalities": 0, "tags": null, "timestamp": 1753956638 }, "geometry": { "type": "Point", "coordinates": [ 34.3756, 31.4525 ] } },
{ "type": "Feature", "properties": { "event_id_cnty": "PSE57692", "event_date": "8/12/2024", "year": 2024, "time_precision": 1, "disorder_type": "Political violence", "event_type": "Explosions/Remote violence", "sub_event_type": "Air/drone strike", "actor1": "Military Forces of Israel (2022-)", "assoc_actor_1": null, "inter1": 8, "actor2": "Civilians (Palestine)", "assoc_actor_2": null, "inter2": 7, "interaction": 78, "civilian_targeting": "Civilian targeting", "iso": 275, "region": "Middle East", "country": "Palestine", "admin1": "Gaza Strip", "admin2": "Gaza City", "admin3": null, "location": "Gaza - Az Zaytun", "latitude": 31.4964, "longitude": 34.4522, "geo_precision": 1, "source": "Palestine News and Information Agency; Quds News Network; Twitter", "source_scale": "New media-National", "notes": "On 12 August 2024, Israeli warplanes struck a group of Palestinians near Bader mosque in Gaza - Az Zaytun (Gaza City, Gaza Strip), leaving 3 fatalities and a number of injuries.", "fatalities": 3, "tags": null, "timestamp": 1759790002 }, "geometry": { "type": "Point", "coordinates": [ 34.4522, 31.4964 ] } },
{ "type": "Feature", "properties": { "event_id_cnty": "PSE57755", "event_date": "8/12/2024", "year": 2024, "time_precision": 1, "disorder_type": "Political violence", "event_type": "Explosions/Remote violence", "sub_event_type": "Air/drone strike", "actor1": "Military Forces of Israel (2022-)", "assoc_actor_1": null, "inter1": 8, "actor2": "Civilians (Palestine)", "assoc_actor_2": null, "inter2": 7, "interaction": 78, "civilian_targeting": "Civilian targeting", "iso": 275, "region": "Middle East", "country": "Palestine", "admin1": "Gaza Strip", "admin2": "Khan Yunis", "admin3": null, "location": "Qizan an Najjar", "latitude": 31.323, "longitude": 34.2761, "geo_precision": 2, "source": "Newpress; Palestine News and Information Agency; Quds News Network; Twitter", "source_scale": "New media-National", "notes": "On 12 August 2024, Israeli warplanes struck a passing car at Salah al-Din Street near the Fares gas station north of Qizan an Najjar (Khan Yunis, Gaza Strip), leaving 3 fatalities and a number of injuries.", "fatalities": 3, "tags": null, "timestamp": 1753956638 }, "geometry": { "type": "Point", "coordinates": [ 34.2761, 31.323 ] } },
{ "type": "Feature", "properties": { "event_id_cnty": "PSE57603", "event_date": "8/13/2024", "year": 2024, "time_precision": 1, "disorder_type": "Political violence", "event_type": "Explosions/Remote violence", "sub_event_type": "Air/drone strike", "actor1": "Military Forces of Israel (2022-)", "assoc_actor_1": null, "inter1": 8, "actor2": "Civilians (Palestine)", "assoc_actor_2": "Refugees/IDPs (Palestine)", "inter2": 7, "interaction": 78, "civilian_targeting": "Civilian targeting", "iso": 275, "region": "Middle East", "country": "Palestine", "admin1": "Gaza Strip", "admin2": "Deir El Balah", "admin3": null, "location": "Al Burayj", "latitude": 31.4394, "longitude": 34.4031, "geo_precision": 1, "source": "Arab 48; Ma'an News Agency; Newpress; Palestine News and Information Agency; Quds News Network; Twitter", "source_scale": "New media-National", "notes": "On 13 August 2024, Israeli warplanes struck a house in Al Burayj camp (Deir El Balah, Gaza Strip), killing 7 Palestinians and injuring others. Also, one Palestinian was killed in Al Burayj camp [likely in airstrikes]. Total fatalities were 8.", "fatalities": 8, "tags": null, "timestamp": 1753956638 }, "geometry": { "type": "Point", "coordinates": [ 34.4031, 31.4394 ] } },
{ "type": "Feature", "properties": { "event_id_cnty": "PSE57604", "event_date": "8/13/2024", "year": 2024, "time_precision": 1, "disorder_type": "Political violence", "event_type": "Explosions/Remote violence", "sub_event_type": "Air/drone strike", "actor1": "Military Forces of Israel (2022-)", "assoc_actor_1": null, "inter1": 8, "actor2": "Civilians (Palestine)", "assoc_actor_2": null, "inter2": 7, "interaction": 78, "civilian_targeting": "Civilian targeting", "iso": 275, "region": "Middle East", "country": "Palestine", "admin1": "Gaza Strip", "admin2": "Deir El Balah", "admin3": null, "location": "Al Burayj", "latitude": 31.4394, "longitude": 34.4031, "geo_precision": 2, "source": "Arab 48; Quds News Network; Twitter", "source_scale": "New media-National", "notes": "On 13 August 2024, Israeli UAVs opened fire northeast of Al Burayj and Israeli tanks opened fire east of Al Burayj camp (Deir El Balah, Gaza Strip), injuring a Palestinian.", "fatalities": 0, "tags": null, "timestamp": 1753956638 }, "geometry": { "type": "Point", "coordinates": [ 34.4031, 31.4394 ] } },
{ "type": "Feature", "properties": { "event_id_cnty": "PSE57613", "event_date": "8/13/2024", "year": 2024, "time_precision": 1, "disorder_type": "Political violence", "event_type": "Explosions/Remote violence", "sub_event_type": "Air/drone strike", "actor1": "Military Forces of Israel (2022-)", "assoc_actor_1": null, "inter1": 8, "actor2": "Civilians (Palestine)", "assoc_actor_2": "Refugees/IDPs (Palestine)", "inter2": 7, "interaction": 78, "civilian_targeting": "Civilian targeting", "iso": 275, "region": "Middle East", "country": "Palestine", "admin1": "Gaza Strip", "admin2": "Deir El Balah", "admin3": null, "location": "Al Maghazi", "latitude": 31.4214, "longitude": 34.3865, "geo_precision": 1, "source": "Ma'an News Agency; Palestine News and Information Agency; Quds News Network; Twitter", "source_scale": "New media-National", "notes": "On 13 August 2024, Israeli warplanes struck a house in Al Maghazi camp (Deir El Balah, Gaza Strip), killing 2 Palestinians and leaving a number of casualties.", "fatalities": 2, "tags": null, "timestamp": 1753956638 }, "geometry": { "type": "Point", "coordinates": [ 34.3865, 31.4214 ] } },
{ "type": "Feature", "properties": { "event_id_cnty": "PSE57643", "event_date": "8/13/2024", "year": 2024, "time_precision": 1, "disorder_type": "Political violence", "event_type": "Explosions/Remote violence", "sub_event_type": "Air/drone strike", "actor1": "Military Forces of Israel (2022-)", "assoc_actor_1": null, "inter1": 8, "actor2": "Civilians (Palestine)", "assoc_actor_2": "Refugees/IDPs (Palestine)", "inter2": 7, "interaction": 78, "civilian_targeting": "Civilian targeting", "iso": 275, "region": "Middle East", "country": "Palestine", "admin1": "Gaza Strip", "admin2": "Deir El Balah", "admin3": null, "location": "An Nusayrat", "latitude": 31.4486, "longitude": 34.3925, "geo_precision": 1, "source": "Arab 48; Ma'an News Agency; Newpress; Palestine News and Information Agency; Quds News Network; Twitter", "source_scale": "New media-National", "notes": "On 13 August 2024, Israeli warplanes struck a house in al-Hawouz area in An Nusayrat Camp (Deir El Balah, Gaza Strip), leaving 7 fatalities and a number of injuries.", "fatalities": 7, "tags": null, "timestamp": 1753956638 }, "geometry": { "type": "Point", "coordinates": [ 34.3925, 31.4486 ] } },
{ "type": "Feature", "properties": { "event_id_cnty": "PSE57658", "event_date": "8/13/2024", "year": 2024, "time_precision": 1, "disorder_type": "Political violence", "event_type": "Explosions/Remote violence", "sub_event_type": "Air/drone strike", "actor1": "Military Forces of Israel (2022-)", "assoc_actor_1": null, "inter1": 8, "actor2": "Civilians (Palestine)", "assoc_actor_2": null, "inter2": 7, "interaction": 78, "civilian_targeting": "Civilian targeting", "iso": 275, "region": "Middle East", "country": "Palestine", "admin1": "Gaza Strip", "admin2": "Deir El Balah", "admin3": null, "location": "Az Zawayda", "latitude": 31.4284, "longitude": 34.366, "geo_precision": 1, "source": "Newpress; Quds News Network; Twitter", "source_scale": "New media-National", "notes": "On 13 August 2024, Israeli warplanes struck a house in Az Zawayda (Deir El Balah, Gaza Strip). Casualties unknown.", "fatalities": 0, "tags": null, "timestamp": 1767742780 }, "geometry": { "type": "Point", "coordinates": [ 34.366, 31.4284 ] } },
{ "type": "Feature", "properties": { "event_id_cnty": "PSE57677", "event_date": "8/13/2024", "year": 2024, "time_precision": 1, "disorder_type": "Political violence", "event_type": "Explosions/Remote violence", "sub_event_type": "Air/drone strike", "actor1": "Military Forces of Israel (2022-)", "assoc_actor_1": null, "inter1": 8, "actor2": "Civilians (Palestine)", "assoc_actor_2": null, "inter2": 7, "interaction": 78, "civilian_targeting": "Civilian targeting", "iso": 275, "region": "Middle East", "country": "Palestine", "admin1": "Gaza Strip", "admin2": "Deir El Balah", "admin3": null, "location": "Deir al Balah", "latitude": 31.4178, "longitude": 34.3503, "geo_precision": 1, "source": "Dunia Al Watan; Ma'an News Agency; Palestine News and Information Agency; Quds News Network; Twitter", "source_scale": "New media-National", "notes": "On 13 August 2024, Israeli warplanes struck targets in Deir al Balah city (Deir El Balah, Gaza Strip), leaving 4 fatalities, including 2 children. Also, a Palestinian was killed [likely by artillery or tanks] at Salah ad-Din road in Deir al Balah. Total fatalities were 5.", "fatalities": 5, "tags": null, "timestamp": 1753956638 }, "geometry": { "type": "Point", "coordinates": [ 34.3503, 31.4178 ] } },
{ "type": "Feature", "properties": { "event_id_cnty": "PSE57683", "event_date": "8/13/2024", "year": 2024, "time_precision": 1, "disorder_type": "Political violence", "event_type": "Explosions/Remote violence", "sub_event_type": "Air/drone strike", "actor1": "Military Forces of Israel (2022-)", "assoc_actor_1": null, "inter1": 8, "actor2": "Civilians (Palestine)", "assoc_actor_2": null, "inter2": 7, "interaction": 78, "civilian_targeting": "Civilian targeting", "iso": 275, "region": "Middle East", "country": "Palestine", "admin1": "Gaza Strip", "admin2": "Deir El Balah", "admin3": null, "location": "Deir al Balah Camp", "latitude": 31.4249, "longitude": 34.34, "geo_precision": 2, "source": "Arab 48; Ma'an News Agency; Newpress; Palestine News and Information Agency; PLO Negotiations Affairs Department; Twitter", "source_scale": "Other-New media", "notes": "On 13 August 2024, Israeli warplanes struck the al-Qastal towers east of Deir al Balah, coded to Deir al Balah Camp (Deir El Balah, Gaza Strip), leaving 5 fatalities and a number of injuries. Also, the artillery shelled targets east of Deir al Balah [casualties unknown]. Total fatalities coded at least 5.", "fatalities": 5, "tags": null, "timestamp": 1765850627 }, "geometry": { "type": "Point", "coordinates": [ 34.34, 31.4249 ] } },
{ "type": "Feature", "properties": { "event_id_cnty": "PSE57781", "event_date": "8/13/2024", "year": 2024, "time_precision": 1, "disorder_type": "Political violence", "event_type": "Explosions/Remote violence", "sub_event_type": "Shelling/artillery/missile attack", "actor1": "Military Forces of Israel (2022-)", "assoc_actor_1": null, "inter1": 8, "actor2": "Civilians (Palestine)", "assoc_actor_2": null, "inter2": 7, "interaction": 78, "civilian_targeting": "Civilian targeting", "iso": 275, "region": "Middle East", "country": "Palestine", "admin1": "Gaza Strip", "admin2": "Deir El Balah", "admin3": null, "location": "An Nusayrat - West", "latitude": 31.4525, "longitude": 34.3756, "geo_precision": 1, "source": "Ma'an News Agency; Newpress; Quds News Network; Twitter", "source_scale": "New media-National", "notes": "On 13 August 2024, Israeli artillery shelled targets in An Nusayrat - West (Deir El Balah, Gaza Strip), injuring a child.", "fatalities": 0, "tags": null, "timestamp": 1753956638 }, "geometry": { "type": "Point", "coordinates": [ 34.3756, 31.4525 ] } },
{ "type": "Feature", "properties": { "event_id_cnty": "PSE57794", "event_date": "8/13/2024", "year": 2024, "time_precision": 1, "disorder_type": "Political violence", "event_type": "Explosions/Remote violence", "sub_event_type": "Air/drone strike", "actor1": "Military Forces of Israel (2022-)", "assoc_actor_1": null, "inter1": 8, "actor2": "Civilians (Palestine)", "assoc_actor_2": null, "inter2": 7, "interaction": 78, "civilian_targeting": "Civilian targeting", "iso": 275, "region": "Middle East", "country": "Palestine", "admin1": "Gaza Strip", "admin2": "Deir El Balah", "admin3": null, "location": "Wadi as Salqa", "latitude": 31.4005, "longitude": 34.3375, "geo_precision": 1, "source": "Arab 48", "source_scale": "National", "notes": "On 13 August 2024, Israeli warplanes struck a group of Palestinians in Wadi as Salqa (Deir El Balah, Gaza Strip), killing one person and leaving a number of injuries.", "fatalities": 1, "tags": null, "timestamp": 1753956638 }, "geometry": { "type": "Point", "coordinates": [ 34.3375, 31.4005 ] } },
{ "type": "Feature", "properties": { "event_id_cnty": "PSE57753", "event_date": "8/13/2024", "year": 2024, "time_precision": 1, "disorder_type": "Political violence", "event_type": "Explosions/Remote violence", "sub_event_type": "Air/drone strike", "actor1": "Military Forces of Israel (2022-)", "assoc_actor_1": null, "inter1": 8, "actor2": "Civilians (Palestine)", "assoc_actor_2": null, "inter2": 7, "interaction": 78, "civilian_targeting": "Civilian targeting", "iso": 275, "region": "Middle East", "country": "Palestine", "admin1": "Gaza Strip", "admin2": "Rafah", "admin3": null, "location": "Khirbet al Adas", "latitude": 31.2855, "longitude": 34.2714, "geo_precision": 2, "source": "Arab 48; Ma'an News Agency; Newpress; Quds News Network; Twitter", "source_scale": "New media-National", "notes": "On 13 August 2024, 2 Palestinian bodies were recovered from al-Aribah area north of Rafah, coded to Khirbet al Adas (Rafah, Gaza Strip), likely killed by airstrikes.", "fatalities": 2, "tags": null, "timestamp": 1753956638 }, "geometry": { "type": "Point", "coordinates": [ 34.2714, 31.2855 ] } },
{ "type": "Feature", "properties": { "event_id_cnty": "PSE57759", "event_date": "8/13/2024", "year": 2024, "time_precision": 2, "disorder_type": "Political violence", "event_type": "Explosions/Remote violence", "sub_event_type": "Air/drone strike", "actor1": "Military Forces of Israel (2022-)", "assoc_actor_1": null, "inter1": 8, "actor2": "Civilians (Palestine)", "assoc_actor_2": null, "inter2": 7, "interaction": 78, "civilian_targeting": "Civilian targeting", "iso": 275, "region": "Middle East", "country": "Palestine", "admin1": "Gaza Strip", "admin2": "Rafah", "admin3": null, "location": "Rafah", "latitude": 31.287, "longitude": 34.2595, "geo_precision": 1, "source": "Ma'an News Agency", "source_scale": "National", "notes": "Around 13 August 2024, 3 Palestinian bodies were recovered in Rafah city, likely killed by Israeli airstrike (Rafah, Gaza Strip).", "fatalities": 3, "tags": null, "timestamp": 1762829569 }, "geometry": { "type": "Point", "coordinates": [ 34.2595, 31.287 ] } },
{ "type": "Feature", "properties": { "event_id_cnty": "PSE57590", "event_date": "8/14/2024", "year": 2024, "time_precision": 1, "disorder_type": "Political violence", "event_type": "Explosions/Remote violence", "sub_event_type": "Air/drone strike", "actor1": "Military Forces of Israel (2022-)", "assoc_actor_1": null, "inter1": 8, "actor2": "Civilians (Palestine)", "assoc_actor_2": null, "inter2": 7, "interaction": 78, "civilian_targeting": "Civilian targeting", "iso": 275, "region": "Middle East", "country": "Palestine", "admin1": "Gaza Strip", "admin2": "Khan Yunis", "admin3": null, "location": "Abasan al Jadidah", "latitude": 31.3416, "longitude": 34.3459, "geo_precision": 1, "source": "Newpress; Twitter", "source_scale": "New media-National", "notes": "On 14 August 2024, an Israeli UAV targeted a group of Palestinians in Abasan al Jadidah (Khan Yunis, Gaza Strip). Casualties unknown.", "fatalities": 0, "tags": null, "timestamp": 1753956638 }, "geometry": { "type": "Point", "coordinates": [ 34.3459, 31.3416 ] } },
{ "type": "Feature", "properties": { "event_id_cnty": "PSE57614", "event_date": "8/14/2024", "year": 2024, "time_precision": 1, "disorder_type": "Political violence", "event_type": "Explosions/Remote violence", "sub_event_type": "Air/drone strike", "actor1": "Military Forces of Israel (2022-)", "assoc_actor_1": null, "inter1": 8, "actor2": "Civilians (Palestine)", "assoc_actor_2": "Refugees/IDPs (Palestine)", "inter2": 7, "interaction": 78, "civilian_targeting": "Civilian targeting", "iso": 275, "region": "Middle East", "country": "Palestine", "admin1": "Gaza Strip", "admin2": "Deir El Balah", "admin3": null, "location": "Al Maghazi", "latitude": 31.4214, "longitude": 34.3865, "geo_precision": 1, "source": "Ma'an News Agency; Newpress; Palestine News and Information Agency; Quds News Network; Twitter", "source_scale": "New media-National", "notes": "On 14 August 2024, Israeli warplanes struck a house in Al Maghazi Camp (Deir El Balah, Gaza Strip), killing 4 Palestinians and leaving a number of injuries.", "fatalities": 4, "tags": null, "timestamp": 1753956638 }, "geometry": { "type": "Point", "coordinates": [ 34.3865, 31.4214 ] } },
{ "type": "Feature", "properties": { "event_id_cnty": "PSE57676", "event_date": "8/14/2024", "year": 2024, "time_precision": 1, "disorder_type": "Political violence", "event_type": "Explosions/Remote violence", "sub_event_type": "Air/drone strike", "actor1": "Military Forces of Israel (2022-)", "assoc_actor_1": null, "inter1": 8, "actor2": "Civilians (Palestine)", "assoc_actor_2": null, "inter2": 7, "interaction": 78, "civilian_targeting": "Civilian targeting", "iso": 275, "region": "Middle East", "country": "Palestine", "admin1": "Gaza Strip", "admin2": "North Gaza", "admin3": null, "location": "Beit Lahiya - Al Mashroo", "latitude": 31.5433, "longitude": 34.4998, "geo_precision": 1, "source": "Ma'an News Agency; Palestine News and Information Agency; Quds News Network; Twitter", "source_scale": "New media-National", "notes": "On 14 August 2024, Israeli warplanes struck an apartment in Beit Lahiya - Al Mashroo (North Gaza, Gaza Strip), leaving 2 fatalities.", "fatalities": 2, "tags": null, "timestamp": 1753956638 }, "geometry": { "type": "Point", "coordinates": [ 34.4998, 31.5433 ] } },
{ "type": "Feature", "properties": { "event_id_cnty": "PSE57688", "event_date": "8/14/2024", "year": 2024, "time_precision": 1, "disorder_type": "Political violence", "event_type": "Explosions/Remote violence", "sub_event_type": "Air/drone strike", "actor1": "Military Forces of Israel (2022-)", "assoc_actor_1": null, "inter1": 8, "actor2": "Civilians (Palestine)", "assoc_actor_2": null, "inter2": 7, "interaction": 78, "civilian_targeting": "Civilian targeting", "iso": 275, "region": "Middle East", "country": "Palestine", "admin1": "Gaza Strip", "admin2": "Gaza City", "admin3": null, "location": "Gaza - Ad Darraj", "latitude": 31.5172, "longitude": 34.4642, "geo_precision": 1, "source": "Ma'an News Agency; Quds News Network; Twitter", "source_scale": "New media-National", "notes": "On 14 August 2024, Israeli warplanes struck and killed a Palestinian near Gaza municipality headquarter in Gaza - Ad Darraj (Gaza City, Gaza Strip).", "fatalities": 1, "tags": null, "timestamp": 1759790002 }, "geometry": { "type": "Point", "coordinates": [ 34.4642, 31.5172 ] } },
{ "type": "Feature", "properties": { "event_id_cnty": "PSE57718", "event_date": "8/14/2024", "year": 2024, "time_precision": 1, "disorder_type": "Political violence", "event_type": "Explosions/Remote violence", "sub_event_type": "Air/drone strike", "actor1": "Military Forces of Israel (2022-)", "assoc_actor_1": null, "inter1": 8, "actor2": "Civilians (Palestine)", "assoc_actor_2": null, "inter2": 7, "interaction": 78, "civilian_targeting": "Civilian targeting", "iso": 275, "region": "Middle East", "country": "Palestine", "admin1": "Gaza Strip", "admin2": "Khan Yunis", "admin3": null, "location": "Hamad", "latitude": 31.3749, "longitude": 34.3193, "geo_precision": 1, "source": "Ma'an News Agency; Palestine News and Information Agency; Quds News Network; Twitter", "source_scale": "New media-National", "notes": "On 14 August 2024, Israeli warplanes struck residential towers and apartments in Hamad city (Khan Yunis, Gaza Strip), leaving 4 fatalities.", "fatalities": 4, "tags": null, "timestamp": 1753956638 }, "geometry": { "type": "Point", "coordinates": [ 34.3193, 31.3749 ] } },
{ "type": "Feature", "properties": { "event_id_cnty": "PSE57742", "event_date": "8/14/2024", "year": 2024, "time_precision": 1, "disorder_type": "Political violence", "event_type": "Explosions/Remote violence", "sub_event_type": "Air/drone strike", "actor1": "Military Forces of Israel (2022-)", "assoc_actor_1": null, "inter1": 8, "actor2": "Civilians (Palestine)", "assoc_actor_2": null, "inter2": 7, "interaction": 78, "civilian_targeting": "Civilian targeting", "iso": 275, "region": "Middle East", "country": "Palestine", "admin1": "Gaza Strip", "admin2": "Khan Yunis", "admin3": null, "location": "Khan Yunis - Ash Sheikh Naser", "latitude": 31.3398, "longitude": 34.3116, "geo_precision": 2, "source": "Arab 48; Ma'an News Agency; Newpress; Quds News Network; Twitter", "source_scale": "New media-National", "notes": "On 14 August 2024, Israeli warplanes struck houses between Khan Yunis - Ash Sheikh Naser and Khan Yunis - Maen (Khan Yunis, Gaza Strip), leaving 15 fatalities and injuring 40 more.", "fatalities": 15, "tags": null, "timestamp": 1753956638 }, "geometry": { "type": "Point", "coordinates": [ 34.3116, 31.3398 ] } },
{ "type": "Feature", "properties": { "event_id_cnty": "PSE57782", "event_date": "8/14/2024", "year": 2024, "time_precision": 1, "disorder_type": "Political violence", "event_type": "Explosions/Remote violence", "sub_event_type": "Air/drone strike", "actor1": "Military Forces of Israel (2022-)", "assoc_actor_1": null, "inter1": 8, "actor2": "Civilians (Palestine)", "assoc_actor_2": null, "inter2": 7, "interaction": 78, "civilian_targeting": "Civilian targeting", "iso": 275, "region": "Middle East", "country": "Palestine", "admin1": "Gaza Strip", "admin2": "Rafah", "admin3": null, "location": "Tal as Sultan", "latitude": 31.3098, "longitude": 34.2414, "geo_precision": 1, "source": "Arab 48; Newpress; Palestine News and Information Agency; Quds News Network; Twitter", "source_scale": "New media-National", "notes": "On 14 August 2024, Israeli warplanes struck targets in Tal as Sultan (Rafah, Gaza Strip), leaving 3 fatalities.", "fatalities": 3, "tags": null, "timestamp": 1762829569 }, "geometry": { "type": "Point", "coordinates": [ 34.2414, 31.3098 ] } },
{ "type": "Feature", "properties": { "event_id_cnty": "PSE57799", "event_date": "8/14/2024", "year": 2024, "time_precision": 1, "disorder_type": "Political violence", "event_type": "Explosions/Remote violence", "sub_event_type": "Shelling/artillery/missile attack", "actor1": "Military Forces of Israel (2022-)", "assoc_actor_1": null, "inter1": 8, "actor2": "Civilians (Palestine)", "assoc_actor_2": null, "inter2": 7, "interaction": 78, "civilian_targeting": "Civilian targeting", "iso": 275, "region": "Middle East", "country": "Palestine", "admin1": "Gaza Strip", "admin2": "Khan Yunis", "admin3": null, "location": "Bani Suheila", "latitude": 31.3424, "longitude": 34.325, "geo_precision": 1, "source": "Newpress; Palestine News and Information Agency; Quds News Network; Twitter", "source_scale": "New media-National", "notes": "On 14 August 2024, Israeli tanks fired shells at a residential apartment in Hamad Towers in Bani Suheila (Khan Yunis, Gaza Strip), killing 4 Palestinians.", "fatalities": 4, "tags": null, "timestamp": 1753956638 }, "geometry": { "type": "Point", "coordinates": [ 34.325, 31.3424 ] } },
{ "type": "Feature", "properties": { "event_id_cnty": "PSE60059", "event_date": "8/14/2024", "year": 2024, "time_precision": 1, "disorder_type": "Political violence", "event_type": "Violence against civilians", "sub_event_type": "Attack", "actor1": "Military Forces of Israel (2022-)", "assoc_actor_1": null, "inter1": 8, "actor2": "Civilians (Palestine)", "assoc_actor_2": null, "inter2": 7, "interaction": 78, "civilian_targeting": "Civilian targeting", "iso": 275, "region": "Middle East", "country": "Palestine", "admin1": "Gaza Strip", "admin2": "Khan Yunis", "admin3": null, "location": "Bani Suheila", "latitude": 31.3424, "longitude": 34.325, "geo_precision": 1, "source": "Newpress; Palestine News and Information Agency; Quds News Network; Twitter", "source_scale": "New media-National", "notes": "On 14 August 2024, Israeli snipers opened fire at Palestinians in Bani Suheila town (Khan Yunis, Gaza Strip), killing 2 Palestinians and injuring others.", "fatalities": 2, "tags": null, "timestamp": 1753956638 }, "geometry": { "type": "Point", "coordinates": [ 34.325, 31.3424 ] } },
{ "type": "Feature", "properties": { "event_id_cnty": "PSE57674", "event_date": "8/14/2024", "year": 2024, "time_precision": 1, "disorder_type": "Political violence", "event_type": "Explosions/Remote violence", "sub_event_type": "Air/drone strike", "actor1": "Military Forces of Israel (2022-)", "assoc_actor_1": null, "inter1": 8, "actor2": "Civilians (Palestine)", "assoc_actor_2": null, "inter2": 7, "interaction": 78, "civilian_targeting": "Civilian targeting", "iso": 275, "region": "Middle East", "country": "Palestine", "admin1": "Gaza Strip", "admin2": "North Gaza", "admin3": null, "location": "Beit Hanoun", "latitude": 31.5405, "longitude": 34.5402, "geo_precision": 1, "source": "Arab 48; Palestine News and Information Agency", "source_scale": "National", "notes": "On 14 August 2024, Israeli warplanes carried out strikes in Beit Hanoun (North Gaza, Gaza Strip), leaving one fatality.", "fatalities": 1, "tags": null, "timestamp": 1753956638 }, "geometry": { "type": "Point", "coordinates": [ 34.5402, 31.5405 ] } },
{ "type": "Feature", "properties": { "event_id_cnty": "PSE57691", "event_date": "8/14/2024", "year": 2024, "time_precision": 1, "disorder_type": "Political violence", "event_type": "Explosions/Remote violence", "sub_event_type": "Air/drone strike", "actor1": "Military Forces of Israel (2022-)", "assoc_actor_1": null, "inter1": 8, "actor2": "Civilians (Palestine)", "assoc_actor_2": null, "inter2": 7, "interaction": 78, "civilian_targeting": "Civilian targeting", "iso": 275, "region": "Middle East", "country": "Palestine", "admin1": "Gaza Strip", "admin2": "Gaza City", "admin3": null, "location": "Gaza - At Turukman", "latitude": 31.4864, "longitude": 34.4738, "geo_precision": 2, "source": "Arab 48; Ma'an News Agency; Newpress; Palestine News and Information Agency; Quds News Network; Twitter", "source_scale": "New media-National", "notes": "On 14 August 2024, Israeli warplanes struck a house near Al Zaytun center southeast of Gaza city, coded to Gaza - At Turukman (Gaza City, Gaza Strip), leaving 3 fatalities and a number of injuries.", "fatalities": 3, "tags": null, "timestamp": 1762292062 }, "geometry": { "type": "Point", "coordinates": [ 34.4738, 31.4864 ] } },
{ "type": "Feature", "properties": { "event_id_cnty": "PSE57697", "event_date": "8/14/2024", "year": 2024, "time_precision": 1, "disorder_type": "Political violence", "event_type": "Explosions/Remote violence", "sub_event_type": "Air/drone strike", "actor1": "Military Forces of Israel (2022-)", "assoc_actor_1": null, "inter1": 8, "actor2": "Civilians (Palestine)", "assoc_actor_2": null, "inter2": 7, "interaction": 78, "civilian_targeting": "Civilian targeting", "iso": 275, "region": "Middle East", "country": "Palestine", "admin1": "Gaza Strip", "admin2": "Gaza City", "admin3": null, "location": "Gaza - Az Zaytun", "latitude": 31.4964, "longitude": 34.4522, "geo_precision": 2, "source": "Newpress; Twitter", "source_scale": "New media-National", "notes": "On 14 August 2024, Israeli warplanes struck a house east of Gaza - Az Zaytun (Gaza City, Gaza Strip). Casualties unknown.", "fatalities": 0, "tags": null, "timestamp": 1759790002 }, "geometry": { "type": "Point", "coordinates": [ 34.4522, 31.4964 ] } },
{ "type": "Feature", "properties": { "event_id_cnty": "PSE57743", "event_date": "8/14/2024", "year": 2024, "time_precision": 1, "disorder_type": "Political violence", "event_type": "Explosions/Remote violence", "sub_event_type": "Air/drone strike", "actor1": "Military Forces of Israel (2022-)", "assoc_actor_1": null, "inter1": 8, "actor2": "Civilians (Palestine)", "assoc_actor_2": null, "inter2": 7, "interaction": 78, "civilian_targeting": "Civilian targeting", "iso": 275, "region": "Middle East", "country": "Palestine", "admin1": "Gaza Strip", "admin2": "Khan Yunis", "admin3": null, "location": "Khan Yunis - As-Sameen", "latitude": 31.3369, "longitude": 34.2925, "geo_precision": 1, "source": "Arab 48; Ma'an News Agency; Palestine News and Information Agency; Quds News Network; Twitter", "source_scale": "New media-National", "notes": "On 14 August 2024, Israeli warplanes struck a house in Khan Yunis - As-Sameen (Khan Yunis, Gaza Strip), leaving 5 fatalities including 3 children.", "fatalities": 5, "tags": null, "timestamp": 1753956638 }, "geometry": { "type": "Point", "coordinates": [ 34.2925, 31.3369 ] } },
{ "type": "Feature", "properties": { "event_id_cnty": "PSE57756", "event_date": "8/14/2024", "year": 2024, "time_precision": 1, "disorder_type": "Political violence", "event_type": "Explosions/Remote violence", "sub_event_type": "Air/drone strike", "actor1": "Military Forces of Israel (2022-)", "assoc_actor_1": null, "inter1": 8, "actor2": "Civilians (Palestine)", "assoc_actor_2": null, "inter2": 7, "interaction": 78, "civilian_targeting": "Civilian targeting", "iso": 275, "region": "Middle East", "country": "Palestine", "admin1": "Gaza Strip", "admin2": "Khan Yunis", "admin3": null, "location": "Qizan an Najjar", "latitude": 31.323, "longitude": 34.2761, "geo_precision": 1, "source": "Arab 48; Quds News Network; Twitter", "source_scale": "New media-National", "notes": "On 14 August 2024, Israeli warplanes struck a group of people in Qizan an Najjar (Khan Yunis, Gaza Strip), leaving a number of injuries.", "fatalities": 0, "tags": null, "timestamp": 1753956638 }, "geometry": { "type": "Point", "coordinates": [ 34.2761, 31.323 ] } },
{ "type": "Feature", "properties": { "event_id_cnty": "PSE57846", "event_date": "8/14/2024", "year": 2024, "time_precision": 1, "disorder_type": "Political violence", "event_type": "Explosions/Remote violence", "sub_event_type": "Shelling/artillery/missile attack", "actor1": "Military Forces of Israel (2022-)", "assoc_actor_1": null, "inter1": 8, "actor2": "Civilians (Palestine)", "assoc_actor_2": null, "inter2": 7, "interaction": 78, "civilian_targeting": "Civilian targeting", "iso": 275, "region": "Middle East", "country": "Palestine", "admin1": "Gaza Strip", "admin2": "Rafah", "admin3": null, "location": "Khirbet al Adas", "latitude": 31.2855, "longitude": 34.2714, "geo_precision": 2, "source": "Palestine News and Information Agency", "source_scale": "National", "notes": "On 14 August 2024, Israeli artillery shelled targets north of Rafah and Uraiba area, coded to Khirbet al Adas (Rafah, Gaza Strip), leaving 2 fatalities.", "fatalities": 2, "tags": null, "timestamp": 1753956638 }, "geometry": { "type": "Point", "coordinates": [ 34.2714, 31.2855 ] } },
{ "type": "Feature", "properties": { "event_id_cnty": "PSE57894", "event_date": "8/14/2024", "year": 2024, "time_precision": 1, "disorder_type": "Political violence", "event_type": "Violence against civilians", "sub_event_type": "Attack", "actor1": "Military Forces of Israel (2022-)", "assoc_actor_1": null, "inter1": 8, "actor2": "Civilians (Palestine)", "assoc_actor_2": "Labor Group (Palestine)", "inter2": 7, "interaction": 78, "civilian_targeting": "Civilian targeting", "iso": 275, "region": "Middle East", "country": "Palestine", "admin1": "Gaza Strip", "admin2": "Rafah", "admin3": null, "location": "Rafah", "latitude": 31.287, "longitude": 34.2595, "geo_precision": 1, "source": "Ma'an News Agency; Newpress; Palestine News and Information Agency; Quds News Network; Twitter", "source_scale": "New media-National", "notes": "On 14 August 2024, 2 Palestinians of civil defense were killed by Israeli fire in Rafah city (Rafah, Gaza Strip).", "fatalities": 2, "tags": null, "timestamp": 1762829569 }, "geometry": { "type": "Point", "coordinates": [ 34.2595, 31.287 ] } },
{ "type": "Feature", "properties": { "event_id_cnty": "PSE57606", "event_date": "8/15/2024", "year": 2024, "time_precision": 1, "disorder_type": "Political violence", "event_type": "Explosions/Remote violence", "sub_event_type": "Air/drone strike", "actor1": "Military Forces of Israel (2022-)", "assoc_actor_1": null, "inter1": 8, "actor2": "Civilians (Palestine)", "assoc_actor_2": "Refugees/IDPs (Palestine); UNRWA: United Nations Relief and Works Agency", "inter2": 7, "interaction": 78, "civilian_targeting": "Civilian targeting", "iso": 275, "region": "Middle East", "country": "Palestine", "admin1": "Gaza Strip", "admin2": "Deir El Balah", "admin3": null, "location": "Al Burayj", "latitude": 31.4394, "longitude": 34.4031, "geo_precision": 1, "source": "Palestine News and Information Agency; Quds News Network; Twitter", "source_scale": "New media-National", "notes": "On 15 August 2024, Israeli warplanes struck targets in Al Burayj camp (Deir El Balah, Gaza Strip), killing a Palestinian UNRWA employee.", "fatalities": 1, "tags": null, "timestamp": 1753956638 }, "geometry": { "type": "Point", "coordinates": [ 34.4031, 31.4394 ] } },
{ "type": "Feature", "properties": { "event_id_cnty": "PSE57637", "event_date": "8/15/2024", "year": 2024, "time_precision": 1, "disorder_type": "Political violence", "event_type": "Explosions/Remote violence", "sub_event_type": "Air/drone strike", "actor1": "Military Forces of Israel (2022-)", "assoc_actor_1": null, "inter1": 8, "actor2": "Civilians (Palestine)", "assoc_actor_2": null, "inter2": 7, "interaction": 78, "civilian_targeting": "Civilian targeting", "iso": 275, "region": "Middle East", "country": "Palestine", "admin1": "Gaza Strip", "admin2": "Khan Yunis", "admin3": null, "location": "Al Qurein", "latitude": 31.3085, "longitude": 34.314, "geo_precision": 1, "source": "Ma'an News Agency; Palestine News and Information Agency; Quds News Network; Twitter", "source_scale": "New media-National", "notes": "On 15 August 2024, Israeli UAVs struck a group of Palestinians in Al Qurein (Khan Yunis, Gaza Strip), killing 3 persons and leaving a number of injuries.", "fatalities": 3, "tags": null, "timestamp": 1753956638 }, "geometry": { "type": "Point", "coordinates": [ 34.314, 31.3085 ] } },
{ "type": "Feature", "properties": { "event_id_cnty": "PSE57645", "event_date": "8/15/2024", "year": 2024, "time_precision": 1, "disorder_type": "Political violence", "event_type": "Explosions/Remote violence", "sub_event_type": "Air/drone strike", "actor1": "Military Forces of Israel (2022-)", "assoc_actor_1": null, "inter1": 8, "actor2": "Civilians (Palestine)", "assoc_actor_2": null, "inter2": 7, "interaction": 78, "civilian_targeting": "Civilian targeting", "iso": 275, "region": "Middle East", "country": "Palestine", "admin1": "Gaza Strip", "admin2": "Deir El Balah", "admin3": null, "location": "An Nusayrat", "latitude": 31.4486, "longitude": 34.3925, "geo_precision": 2, "source": "Quds News Network; Twitter", "source_scale": "New media-National", "notes": "On 15 August 2024, Israeli UAVs struck a killed a Palestinian near al-Dawa mosque east of An Nusayrat (Deir El Balah, Gaza Strip).", "fatalities": 1, "tags": null, "timestamp": 1753956638 }, "geometry": { "type": "Point", "coordinates": [ 34.3925, 31.4486 ] } },
{ "type": "Feature", "properties": { "event_id_cnty": "PSE57669", "event_date": "8/15/2024", "year": 2024, "time_precision": 1, "disorder_type": "Political violence", "event_type": "Explosions/Remote violence", "sub_event_type": "Air/drone strike", "actor1": "Military Forces of Israel (2022-)", "assoc_actor_1": null, "inter1": 8, "actor2": "Civilians (Palestine)", "assoc_actor_2": null, "inter2": 7, "interaction": 78, "civilian_targeting": "Civilian targeting", "iso": 275, "region": "Middle East", "country": "Palestine", "admin1": "Gaza Strip", "admin2": "Khan Yunis", "admin3": null, "location": "Bani Suheila", "latitude": 31.3424, "longitude": 34.325, "geo_precision": 1, "source": "Ma'an News Agency; Palestine News and Information Agency; Quds News Network; Twitter", "source_scale": "New media-National", "notes": "On 15 August 2024, Israeli warplanes carried out airstrike in Bani Suheila (Khan Yunis, Gaza Strip), leaving 2 fatalities.", "fatalities": 2, "tags": null, "timestamp": 1753956638 }, "geometry": { "type": "Point", "coordinates": [ 34.325, 31.3424 ] } },
{ "type": "Feature", "properties": { "event_id_cnty": "PSE57679", "event_date": "8/15/2024", "year": 2024, "time_precision": 1, "disorder_type": "Political violence", "event_type": "Explosions/Remote violence", "sub_event_type": "Air/drone strike", "actor1": "Military Forces of Israel (2022-)", "assoc_actor_1": null, "inter1": 8, "actor2": "Civilians (Palestine)", "assoc_actor_2": null, "inter2": 7, "interaction": 78, "civilian_targeting": "Civilian targeting", "iso": 275, "region": "Middle East", "country": "Palestine", "admin1": "Gaza Strip", "admin2": "Deir El Balah", "admin3": null, "location": "Deir al Balah", "latitude": 31.4178, "longitude": 34.3503, "geo_precision": 1, "source": "Arab 48; Palestine News and Information Agency; Quds News Network; Twitter", "source_scale": "New media-National", "notes": "On 15 August 2024, Israeli warplanes struck Al Qasatal tower in Deir al Balah city (Deir El Balah, Gaza Strip), killing a woman.", "fatalities": 1, "tags": null, "timestamp": 1753956638 }, "geometry": { "type": "Point", "coordinates": [ 34.3503, 31.4178 ] } },
{ "type": "Feature", "properties": { "event_id_cnty": "PSE57690", "event_date": "8/15/2024", "year": 2024, "time_precision": 1, "disorder_type": "Political violence", "event_type": "Explosions/Remote violence", "sub_event_type": "Air/drone strike", "actor1": "Military Forces of Israel (2022-)", "assoc_actor_1": null, "inter1": 8, "actor2": "Civilians (Palestine)", "assoc_actor_2": "Refugees/IDPs (Palestine)", "inter2": 7, "interaction": 78, "civilian_targeting": "Civilian targeting", "iso": 275, "region": "Middle East", "country": "Palestine", "admin1": "Gaza Strip", "admin2": "Gaza City", "admin3": null, "location": "Gaza - Ash Shati' Camp", "latitude": 31.5349, "longitude": 34.4466, "geo_precision": 1, "source": "Newpress; Palestine News and Information Agency; Quds News Network; Twitter", "source_scale": "New media-National", "notes": "On 15 August 2024, Israeli warplanes struck a house in Gaza - Ash Shati' Camp (Gaza City, Gaza Strip). Casualties unknown.", "fatalities": 0, "tags": null, "timestamp": 1759790002 }, "geometry": { "type": "Point", "coordinates": [ 34.4466, 31.5349 ] } },
{ "type": "Feature", "properties": { "event_id_cnty": "PSE57706", "event_date": "8/15/2024", "year": 2024, "time_precision": 1, "disorder_type": "Political violence", "event_type": "Explosions/Remote violence", "sub_event_type": "Air/drone strike", "actor1": "Military Forces of Israel (2022-)", "assoc_actor_1": null, "inter1": 8, "actor2": "Civilians (Palestine)", "assoc_actor_2": null, "inter2": 7, "interaction": 78, "civilian_targeting": "Civilian targeting", "iso": 275, "region": "Middle East", "country": "Palestine", "admin1": "Gaza Strip", "admin2": "Gaza City", "admin3": null, "location": "Gaza - Sabra", "latitude": 31.5086, "longitude": 34.4493, "geo_precision": 1, "source": "Arab 48; Ma'an News Agency; Palestine News and Information Agency; Quds News Network; Twitter", "source_scale": "New media-National", "notes": "On 15 August 2024, Israeli warplanes struck a house in Gaza - Sabra (Gaza City, Gaza Strip), leaving 5 fatalities. Also, the artillery shelled the Islamic Complex in the same area [casualties unknown]. Fatalities coded at least 5.", "fatalities": 5, "tags": null, "timestamp": 1759790002 }, "geometry": { "type": "Point", "coordinates": [ 34.4493, 31.5086 ] } },
{ "type": "Feature", "properties": { "event_id_cnty": "PSE57722", "event_date": "8/15/2024", "year": 2024, "time_precision": 1, "disorder_type": "Political violence", "event_type": "Explosions/Remote violence", "sub_event_type": "Air/drone strike", "actor1": "Military Forces of Israel (2022-)", "assoc_actor_1": null, "inter1": 8, "actor2": "Civilians (Palestine)", "assoc_actor_2": "Refugees/IDPs (Palestine)", "inter2": 7, "interaction": 78, "civilian_targeting": "Civilian targeting", "iso": 275, "region": "Middle East", "country": "Palestine", "admin1": "Gaza Strip", "admin2": "North Gaza", "admin3": null, "location": "Jabalya Camp", "latitude": 31.536, "longitude": 34.4907, "geo_precision": 1, "source": "Liveuamap; Newpress; Palestine News and Information Agency; Quds News Network; Twitter", "source_scale": "Local partner-New media", "notes": "On 15 August 2024, Israeli warplanes struck an apartment in Jabalya Camp (North Gaza, Gaza Strip), leaving 7 fatalities and a number of injuries.", "fatalities": 7, "tags": null, "timestamp": 1753956638 }, "geometry": { "type": "Point", "coordinates": [ 34.4907, 31.536 ] } },
{ "type": "Feature", "properties": { "event_id_cnty": "PSE57739", "event_date": "8/15/2024", "year": 2024, "time_precision": 1, "disorder_type": "Political violence", "event_type": "Explosions/Remote violence", "sub_event_type": "Air/drone strike", "actor1": "Military Forces of Israel (2022-)", "assoc_actor_1": null, "inter1": 8, "actor2": "Civilians (Palestine)", "assoc_actor_2": null, "inter2": 7, "interaction": 78, "civilian_targeting": "Civilian targeting", "iso": 275, "region": "Middle East", "country": "Palestine", "admin1": "Gaza Strip", "admin2": "Khan Yunis", "admin3": null, "location": "Khan Yunis - As Sater", "latitude": 31.3637, "longitude": 34.3228, "geo_precision": 1, "source": "Quds News Network; Twitter", "source_scale": "New media-National", "notes": "On 15 August 2024, Israeli warplanes struck a target amid artillery shelling in Khan Yunis - As Sater (Khan Yunis, Gaza Strip), leaving 3 fatalities.", "fatalities": 3, "tags": null, "timestamp": 1753956638 }, "geometry": { "type": "Point", "coordinates": [ 34.3228, 31.3637 ] } },
{ "type": "Feature", "properties": { "event_id_cnty": "PSE57750", "event_date": "8/15/2024", "year": 2024, "time_precision": 1, "disorder_type": "Political violence", "event_type": "Explosions/Remote violence", "sub_event_type": "Air/drone strike", "actor1": "Military Forces of Israel (2022-)", "assoc_actor_1": null, "inter1": 8, "actor2": "Civilians (Palestine)", "assoc_actor_2": null, "inter2": 7, "interaction": 78, "civilian_targeting": "Civilian targeting", "iso": 275, "region": "Middle East", "country": "Palestine", "admin1": "Gaza Strip", "admin2": "Khan Yunis", "admin3": null, "location": "Khan Yunis - Maen", "latitude": 31.336, "longitude": 34.3172, "geo_precision": 1, "source": "Palestine News and Information Agency; Quds News Network; Twitter", "source_scale": "New media-National", "notes": "On 15 August 2024, Israeli warplanes struck a house in Khan Yunis - Maen (Khan Yunis, Gaza Strip). Casualties unknown.", "fatalities": 0, "tags": null, "timestamp": 1753956638 }, "geometry": { "type": "Point", "coordinates": [ 34.3172, 31.336 ] } },
{ "type": "Feature", "properties": { "event_id_cnty": "PSE57751", "event_date": "8/15/2024", "year": 2024, "time_precision": 1, "disorder_type": "Political violence", "event_type": "Explosions/Remote violence", "sub_event_type": "Shelling/artillery/missile attack", "actor1": "Military Forces of Israel (2022-)", "assoc_actor_1": null, "inter1": 8, "actor2": "Civilians (Palestine)", "assoc_actor_2": null, "inter2": 7, "interaction": 78, "civilian_targeting": "Civilian targeting", "iso": 275, "region": "Middle East", "country": "Palestine", "admin1": "Gaza Strip", "admin2": "Khan Yunis", "admin3": null, "location": "Abasan al Kabirah", "latitude": 31.3191, "longitude": 34.3401, "geo_precision": 1, "source": "Arab 48; Ma'an News Agency; Newpress; Twitter", "source_scale": "New media-National", "notes": "On 15 August 2024, Israeli artillery shelled a target in Abasan al Kabirah (Khan Yunis, Gaza Strip), leaving 3 fatalities, including 2 women.", "fatalities": 3, "tags": null, "timestamp": 1753956638 }, "geometry": { "type": "Point", "coordinates": [ 34.3401, 31.3191 ] } },
{ "type": "Feature", "properties": { "event_id_cnty": "PSE57698", "event_date": "8/15/2024", "year": 2024, "time_precision": 1, "disorder_type": "Political violence", "event_type": "Explosions/Remote violence", "sub_event_type": "Air/drone strike", "actor1": "Military Forces of Israel (2022-)", "assoc_actor_1": null, "inter1": 8, "actor2": "Civilians (Palestine)", "assoc_actor_2": null, "inter2": 7, "interaction": 78, "civilian_targeting": "Civilian targeting", "iso": 275, "region": "Middle East", "country": "Palestine", "admin1": "Gaza Strip", "admin2": "Gaza City", "admin3": null, "location": "Gaza - Az Zaytun", "latitude": 31.4964, "longitude": 34.4522, "geo_precision": 2, "source": "Palestine News and Information Agency", "source_scale": "National", "notes": "On 15 August 2024, Israeli warplanes carried out airstrike and the artillery struck targets at Al Seka street south of Gaza - Az Zaytun (Gaza City, Gaza Strip) amid tanks movements in the area. 6 Palestinians were killed.", "fatalities": 6, "tags": null, "timestamp": 1759790002 }, "geometry": { "type": "Point", "coordinates": [ 34.4522, 31.4964 ] } },
{ "type": "Feature", "properties": { "event_id_cnty": "PSE71591", "event_date": "8/15/2024", "year": 2024, "time_precision": 1, "disorder_type": "Political violence", "event_type": "Violence against civilians", "sub_event_type": "Attack", "actor1": "Hamas Movement", "assoc_actor_1": null, "inter1": 3, "actor2": "Civilians (Palestine)", "assoc_actor_2": null, "inter2": 7, "interaction": 37, "civilian_targeting": "Civilian targeting", "iso": 275, "region": "Middle East", "country": "Palestine", "admin1": "Gaza Strip", "admin2": "Gaza City", "admin3": null, "location": "Gaza", "latitude": 31.5045, "longitude": 34.4743, "geo_precision": 3, "source": "Al Jazeera; Times of Israel", "source_scale": "Regional", "notes": "On 15 August 2024, Hamas operatives killed 3 Palestinians in the Strip, coded to generic location Gaza (Gaza City, Gaza Strip) suspected of collaborating with Israel after Israel killed three Hamas Senior commanders in an airstrike in southern Gaza Strip.", "fatalities": 3, "tags": null, "timestamp": 1759790002 }, "geometry": { "type": "Point", "coordinates": [ 34.4743, 31.5045 ] } },
{ "type": "Feature", "properties": { "event_id_cnty": "PSE71405", "event_date": "8/15/2024", "year": 2024, "time_precision": 3, "disorder_type": "Political violence", "event_type": "Violence against civilians", "sub_event_type": "Attack", "actor1": "Police Forces of Palestine (2007-) Gaza Strip", "assoc_actor_1": "Hamas Movement", "inter1": 1, "actor2": "Civilians (Palestine)", "assoc_actor_2": null, "inter2": 7, "interaction": 17, "civilian_targeting": "Civilian targeting", "iso": 275, "region": "Middle East", "country": "Palestine", "admin1": "Gaza Strip", "admin2": "Gaza City", "admin3": null, "location": "Gaza", "latitude": 31.5045, "longitude": 34.4743, "geo_precision": 3, "source": "The Independent Commission For Human Rights", "source_scale": "National", "notes": "Around 15 August 2024 (month of), gunmen [likely security personnel affiliated with Hamas] shot and injured six individuals in the Gaza Strip (coded to Gaza City), claiming that they had been looting homes abandoned by residents who fled the ongoing war. This event involved violence over aid.", "fatalities": 0, "tags": null, "timestamp": 1759790002 }, "geometry": { "type": "Point", "coordinates": [ 34.4743, 31.5045 ] } },
{ "type": "Feature", "properties": { "event_id_cnty": "PSE57607", "event_date": "8/16/2024", "year": 2024, "time_precision": 1, "disorder_type": "Political violence", "event_type": "Explosions/Remote violence", "sub_event_type": "Air/drone strike", "actor1": "Military Forces of Israel (2022-)", "assoc_actor_1": null, "inter1": 8, "actor2": "Civilians (Palestine)", "assoc_actor_2": "Refugees/IDPs (Palestine)", "inter2": 7, "interaction": 78, "civilian_targeting": "Civilian targeting", "iso": 275, "region": "Middle East", "country": "Palestine", "admin1": "Gaza Strip", "admin2": "Deir El Balah", "admin3": null, "location": "Al Burayj", "latitude": 31.4394, "longitude": 34.4031, "geo_precision": 1, "source": "Palestine News and Information Agency", "source_scale": "National", "notes": "On 16 August 2024, Israeli warplanes struck a house in block 9 of Al Burayj Camp (Deir El Balah, Gaza Strip). Casualties unknown.", "fatalities": 0, "tags": null, "timestamp": 1753956638 }, "geometry": { "type": "Point", "coordinates": [ 34.4031, 31.4394 ] } },
{ "type": "Feature", "properties": { "event_id_cnty": "PSE57611", "event_date": "8/16/2024", "year": 2024, "time_precision": 1, "disorder_type": "Political violence", "event_type": "Explosions/Remote violence", "sub_event_type": "Air/drone strike", "actor1": "Military Forces of Israel (2022-)", "assoc_actor_1": null, "inter1": 8, "actor2": "Civilians (Palestine)", "assoc_actor_2": null, "inter2": 7, "interaction": 78, "civilian_targeting": "Civilian targeting", "iso": 275, "region": "Middle East", "country": "Palestine", "admin1": "Gaza Strip", "admin2": "Khan Yunis", "admin3": null, "location": "Al Fukhari", "latitude": 31.2952, "longitude": 34.3332, "geo_precision": 1, "source": "Arab 48", "source_scale": "National", "notes": "On 16 August 2024, Israeli warplanes struck a house in Al Fukhari (Khan Yunis, Gaza Strip), leaving injuries.", "fatalities": 0, "tags": null, "timestamp": 1753956638 }, "geometry": { "type": "Point", "coordinates": [ 34.3332, 31.2952 ] } },
{ "type": "Feature", "properties": { "event_id_cnty": "PSE57615", "event_date": "8/16/2024", "year": 2024, "time_precision": 1, "disorder_type": "Political violence", "event_type": "Explosions/Remote violence", "sub_event_type": "Air/drone strike", "actor1": "Military Forces of Israel (2022-)", "assoc_actor_1": null, "inter1": 8, "actor2": "Civilians (Palestine)", "assoc_actor_2": "Refugees/IDPs (Palestine)", "inter2": 7, "interaction": 78, "civilian_targeting": "Civilian targeting", "iso": 275, "region": "Middle East", "country": "Palestine", "admin1": "Gaza Strip", "admin2": "Khan Yunis", "admin3": null, "location": "Al Mawasi (Khan Yunis)", "latitude": 31.3482, "longitude": 34.2547, "geo_precision": 1, "source": "Ma'an News Agency; Newpress; Palestine News and Information Agency; Quds News Network; Twitter", "source_scale": "New media-National", "notes": "On 16 August 2024, Israeli warplanes struck a tent belonging to displaced people in (Al Mawasi (Khan Yunis), Gaza Strip), leaving 6 fatalities, including a woman and her 3 children.", "fatalities": 6, "tags": null, "timestamp": 1762829569 }, "geometry": { "type": "Point", "coordinates": [ 34.2547, 31.3482 ] } },
{ "type": "Feature", "properties": { "event_id_cnty": "PSE57638", "event_date": "8/16/2024", "year": 2024, "time_precision": 1, "disorder_type": "Political violence", "event_type": "Explosions/Remote violence", "sub_event_type": "Air/drone strike", "actor1": "Military Forces of Israel (2022-)", "assoc_actor_1": null, "inter1": 8, "actor2": "Civilians (Palestine)", "assoc_actor_2": null, "inter2": 7, "interaction": 78, "civilian_targeting": "Civilian targeting", "iso": 275, "region": "Middle East", "country": "Palestine", "admin1": "Gaza Strip", "admin2": "Khan Yunis", "admin3": null, "location": "Al Qurein", "latitude": 31.3085, "longitude": 34.314, "geo_precision": 1, "source": "Liveuamap; Newpress; Quds News Network; Twitter", "source_scale": "Local partner-New media", "notes": "On 16 August 2024, Israeli warplanes struck a target in Al Qurein (Khan Yunis, Gaza Strip), leaving fatalities and injuries. Unspecified number of fatalities coded as 3.", "fatalities": 3, "tags": null, "timestamp": 1753956638 }, "geometry": { "type": "Point", "coordinates": [ 34.314, 31.3085 ] } },
{ "type": "Feature", "properties": { "event_id_cnty": "PSE57652", "event_date": "8/16/2024", "year": 2024, "time_precision": 1, "disorder_type": "Political violence", "event_type": "Explosions/Remote violence", "sub_event_type": "Air/drone strike", "actor1": "Military Forces of Israel (2022-)", "assoc_actor_1": null, "inter1": 8, "actor2": "Civilians (Palestine)", "assoc_actor_2": null, "inter2": 7, "interaction": 78, "civilian_targeting": "Civilian targeting", "iso": 275, "region": "Middle East", "country": "Palestine", "admin1": "Gaza Strip", "admin2": "Deir El Balah", "admin3": null, "location": "An Nusayrat - North", "latitude": 31.4591, "longitude": 34.3923, "geo_precision": 1, "source": "Palestine News and Information Agency", "source_scale": "National", "notes": "On 16 August 2024, Israeli warplanes struck a house in Al Mufit land in An Nusayrat - North (Deir El Balah, Gaza Strip), leaving one fatality.", "fatalities": 1, "tags": null, "timestamp": 1753956638 }, "geometry": { "type": "Point", "coordinates": [ 34.3923, 31.4591 ] } },
{ "type": "Feature", "properties": { "event_id_cnty": "PSE57656", "event_date": "8/16/2024", "year": 2024, "time_precision": 1, "disorder_type": "Political violence", "event_type": "Explosions/Remote violence", "sub_event_type": "Air/drone strike", "actor1": "Military Forces of Israel (2022-)", "assoc_actor_1": null, "inter1": 8, "actor2": "Civilians (Palestine)", "assoc_actor_2": null, "inter2": 7, "interaction": 78, "civilian_targeting": "Civilian targeting", "iso": 275, "region": "Middle East", "country": "Palestine", "admin1": "Gaza Strip", "admin2": "Deir El Balah", "admin3": null, "location": "An Nusayrat - West", "latitude": 31.4525, "longitude": 34.3756, "geo_precision": 1, "source": "Quds News Network; Twitter", "source_scale": "New media-National", "notes": "On 16 August 2024, an Israeli UAV dropped a bomb at Palestinians near the beach of An Nusayrat in An Nusayrat - West (Deir El Balah, Gaza Strip), leaving injuries.", "fatalities": 0, "tags": null, "timestamp": 1753956638 }, "geometry": { "type": "Point", "coordinates": [ 34.3756, 31.4525 ] } },
{ "type": "Feature", "properties": { "event_id_cnty": "PSE57659", "event_date": "8/16/2024", "year": 2024, "time_precision": 1, "disorder_type": "Political violence", "event_type": "Explosions/Remote violence", "sub_event_type": "Air/drone strike", "actor1": "Military Forces of Israel (2022-)", "assoc_actor_1": null, "inter1": 8, "actor2": "Civilians (Palestine)", "assoc_actor_2": null, "inter2": 7, "interaction": 78, "civilian_targeting": "Civilian targeting", "iso": 275, "region": "Middle East", "country": "Palestine", "admin1": "Gaza Strip", "admin2": "Deir El Balah", "admin3": null, "location": "Az Zawayda", "latitude": 31.4284, "longitude": 34.366, "geo_precision": 1, "source": "Palestine News and Information Agency; Quds News Network; Twitter", "source_scale": "New media-National", "notes": "On 16 August 2024, an Israeli UAV struck a target at the entrance of Az Zawayda (Deir El Balah, Gaza strip), killing a Palestinian and injuring others.", "fatalities": 1, "tags": null, "timestamp": 1767742780 }, "geometry": { "type": "Point", "coordinates": [ 34.366, 31.4284 ] } },
{ "type": "Feature", "properties": { "event_id_cnty": "PSE57671", "event_date": "8/16/2024", "year": 2024, "time_precision": 1, "disorder_type": "Political violence", "event_type": "Explosions/Remote violence", "sub_event_type": "Air/drone strike", "actor1": "Military Forces of Israel (2022-)", "assoc_actor_1": null, "inter1": 8, "actor2": "Civilians (Palestine)", "assoc_actor_2": null, "inter2": 7, "interaction": 78, "civilian_targeting": "Civilian targeting", "iso": 275, "region": "Middle East", "country": "Palestine", "admin1": "Gaza Strip", "admin2": "Khan Yunis", "admin3": null, "location": "Bani Suheila", "latitude": 31.3424, "longitude": 34.325, "geo_precision": 2, "source": "Palestine News and Information Agency; PLO Negotiations Affairs Department; Quds News Network; Twitter", "source_scale": "Other-New media", "notes": "On 16 August 2024, Israeli warplanes carried out 2 airstrikes (including a house) east of Khan Yunis, coded to Bani Suheila (Khan Yunis, Gaza Strip). Casualties unknown. Also, the artillery shelled targets east of Khan Yunis [casualties unknown].", "fatalities": 0, "tags": null, "timestamp": 1753956638 }, "geometry": { "type": "Point", "coordinates": [ 34.325, 31.3424 ] } },
{ "type": "Feature", "properties": { "event_id_cnty": "PSE57689", "event_date": "8/16/2024", "year": 2024, "time_precision": 1, "disorder_type": "Political violence", "event_type": "Explosions/Remote violence", "sub_event_type": "Air/drone strike", "actor1": "Military Forces of Israel (2022-)", "assoc_actor_1": null, "inter1": 8, "actor2": "Civilians (Palestine)", "assoc_actor_2": null, "inter2": 7, "interaction": 78, "civilian_targeting": "Civilian targeting", "iso": 275, "region": "Middle East", "country": "Palestine", "admin1": "Gaza Strip", "admin2": "Gaza City", "admin3": null, "location": "Gaza - Ad Darraj", "latitude": 31.5172, "longitude": 34.4642, "geo_precision": 1, "source": "Ma'an News Agency; Newpress; Palestine News and Information Agency; Quds News Network; Twitter", "source_scale": "New media-National", "notes": "On 16 August 2024, Israeli warplanes struck an apartment in Gaza - Ad Darraj (Gaza City, Gaza Strip), killing 6 Palestinians including children and women.", "fatalities": 6, "tags": null, "timestamp": 1759790002 }, "geometry": { "type": "Point", "coordinates": [ 34.4642, 31.5172 ] } },
{ "type": "Feature", "properties": { "event_id_cnty": "PSE57707", "event_date": "8/16/2024", "year": 2024, "time_precision": 1, "disorder_type": "Political violence", "event_type": "Explosions/Remote violence", "sub_event_type": "Air/drone strike", "actor1": "Military Forces of Israel (2022-)", "assoc_actor_1": null, "inter1": 8, "actor2": "Civilians (Palestine)", "assoc_actor_2": null, "inter2": 7, "interaction": 78, "civilian_targeting": "Civilian targeting", "iso": 275, "region": "Middle East", "country": "Palestine", "admin1": "Gaza Strip", "admin2": "Gaza City", "admin3": null, "location": "Gaza - Sabra", "latitude": 31.5086, "longitude": 34.4493, "geo_precision": 1, "source": "Arab 48", "source_scale": "National", "notes": "On 16 August 2024, Israeli warplanes struck targets in Gaza - Sabra (Gaza City, Gaza Strip), leaving 3 fatalities.", "fatalities": 3, "tags": null, "timestamp": 1759790002 }, "geometry": { "type": "Point", "coordinates": [ 34.4493, 31.5086 ] } },
{ "type": "Feature", "properties": { "event_id_cnty": "PSE57710", "event_date": "8/16/2024", "year": 2024, "time_precision": 1, "disorder_type": "Political violence", "event_type": "Explosions/Remote violence", "sub_event_type": "Air/drone strike", "actor1": "Military Forces of Israel (2022-)", "assoc_actor_1": null, "inter1": 8, "actor2": "Civilians (Palestine)", "assoc_actor_2": null, "inter2": 7, "interaction": 78, "civilian_targeting": "Civilian targeting", "iso": 275, "region": "Middle East", "country": "Palestine", "admin1": "Gaza Strip", "admin2": "Gaza City", "admin3": null, "location": "Gaza - Sheikh Radwan", "latitude": 31.5349, "longitude": 34.4667, "geo_precision": 1, "source": "Newpress; Quds News Network; Twitter", "source_scale": "New media-National", "notes": "On 16 August 2024, Israeli warplanes struck a house in Gaza - Sheikh Radwan (Gaza City, Gaza Strip), leaving 2 fatalities and a number of injuries.", "fatalities": 2, "tags": null, "timestamp": 1759790002 }, "geometry": { "type": "Point", "coordinates": [ 34.4667, 31.5349 ] } },
{ "type": "Feature", "properties": { "event_id_cnty": "PSE57714", "event_date": "8/16/2024", "year": 2024, "time_precision": 1, "disorder_type": "Political violence", "event_type": "Explosions/Remote violence", "sub_event_type": "Air/drone strike", "actor1": "Military Forces of Israel (2022-)", "assoc_actor_1": null, "inter1": 8, "actor2": "Civilians (Palestine)", "assoc_actor_2": null, "inter2": 7, "interaction": 78, "civilian_targeting": "Civilian targeting", "iso": 275, "region": "Middle East", "country": "Palestine", "admin1": "Gaza Strip", "admin2": "Gaza City", "admin3": null, "location": "Gaza - Southern Remal", "latitude": 31.5168, "longitude": 34.4355, "geo_precision": 2, "source": "Palestine News and Information Agency; Quds News Network; Twitter", "source_scale": "New media-National", "notes": "On 16 August 2024, Israeli warplanes and UAVs struck a target in Al Saraya area west of Gaza City, coded to Gaza - Southern Remal (Gaza City, Gaza Strip), killing a Palestinian and injuring others.", "fatalities": 1, "tags": null, "timestamp": 1759790002 }, "geometry": { "type": "Point", "coordinates": [ 34.4355, 31.5168 ] } },
{ "type": "Feature", "properties": { "event_id_cnty": "PSE57719", "event_date": "8/16/2024", "year": 2024, "time_precision": 1, "disorder_type": "Political violence", "event_type": "Explosions/Remote violence", "sub_event_type": "Air/drone strike", "actor1": "Military Forces of Israel (2022-)", "assoc_actor_1": null, "inter1": 8, "actor2": "Civilians (Palestine)", "assoc_actor_2": null, "inter2": 7, "interaction": 78, "civilian_targeting": "Civilian targeting", "iso": 275, "region": "Middle East", "country": "Palestine", "admin1": "Gaza Strip", "admin2": "Khan Yunis", "admin3": null, "location": "Hamad", "latitude": 31.3749, "longitude": 34.3193, "geo_precision": 1, "source": "Newpress; Quds News Network; Twitter", "source_scale": "New media-National", "notes": "On 16 August 2024, Israeli warplanes struck residential towers in Hamad City (Khan Yunis, Gaza Strip). Casualties unknown.", "fatalities": 0, "tags": null, "timestamp": 1753956638 }, "geometry": { "type": "Point", "coordinates": [ 34.3193, 31.3749 ] } },
{ "type": "Feature", "properties": { "event_id_cnty": "PSE57740", "event_date": "8/16/2024", "year": 2024, "time_precision": 1, "disorder_type": "Political violence", "event_type": "Explosions/Remote violence", "sub_event_type": "Shelling/artillery/missile attack", "actor1": "Military Forces of Israel (2022-)", "assoc_actor_1": null, "inter1": 8, "actor2": "Civilians (Palestine)", "assoc_actor_2": null, "inter2": 7, "interaction": 78, "civilian_targeting": "Civilian targeting", "iso": 275, "region": "Middle East", "country": "Palestine", "admin1": "Gaza Strip", "admin2": "Khan Yunis", "admin3": null, "location": "Abasan al Jadidah", "latitude": 31.3416, "longitude": 34.3459, "geo_precision": 1, "source": "Quds News Network; Twitter", "source_scale": "New media-National", "notes": "On 16 August 2024, Israeli artillery shelled Abasan al Jadidah (Khan Yunis, Gaza Strip), leaving injuries.", "fatalities": 0, "tags": null, "timestamp": 1753956638 }, "geometry": { "type": "Point", "coordinates": [ 34.3459, 31.3416 ] } },
{ "type": "Feature", "properties": { "event_id_cnty": "PSE57766", "event_date": "8/16/2024", "year": 2024, "time_precision": 1, "disorder_type": "Political violence", "event_type": "Explosions/Remote violence", "sub_event_type": "Shelling/artillery/missile attack", "actor1": "Military Forces of Israel (2022-)", "assoc_actor_1": null, "inter1": 8, "actor2": "Civilians (Palestine)", "assoc_actor_2": "Refugees/IDPs (Palestine)", "inter2": 7, "interaction": 78, "civilian_targeting": "Civilian targeting", "iso": 275, "region": "Middle East", "country": "Palestine", "admin1": "Gaza Strip", "admin2": "Deir El Balah", "admin3": null, "location": "An Nusayrat", "latitude": 31.4486, "longitude": 34.3925, "geo_precision": 1, "source": "Quds News Network; Twitter", "source_scale": "New media-National", "notes": "On 16 August 2024, Israeli artillery shelled targets (including a house) in An Nusayrat Camp (Deir El Balah, Gaza Strip), leaving 2 fatalities.", "fatalities": 2, "tags": null, "timestamp": 1753956638 }, "geometry": { "type": "Point", "coordinates": [ 34.3925, 31.4486 ] } },
{ "type": "Feature", "properties": { "event_id_cnty": "PSE57790", "event_date": "8/16/2024", "year": 2024, "time_precision": 1, "disorder_type": "Political violence", "event_type": "Explosions/Remote violence", "sub_event_type": "Air/drone strike", "actor1": "Military Forces of Israel (2022-)", "assoc_actor_1": null, "inter1": 8, "actor2": "Civilians (Palestine)", "assoc_actor_2": null, "inter2": 7, "interaction": 78, "civilian_targeting": "Civilian targeting", "iso": 275, "region": "Middle East", "country": "Palestine", "admin1": "Gaza Strip", "admin2": "Rafah", "admin3": null, "location": "Tal as Sultan", "latitude": 31.3098, "longitude": 34.2414, "geo_precision": 2, "source": "Palestine News and Information Agency; Quds News Network; Twitter", "source_scale": "New media-National", "notes": "On 16 August 2024, Israeli warplanes carried out strikes and the artillery shelled west of Rafah, coded to Tal as Sultan (Rafah, Gaza Strip), killing a Palestinian and injuring a number of others.", "fatalities": 1, "tags": null, "timestamp": 1762829569 }, "geometry": { "type": "Point", "coordinates": [ 34.2414, 31.3098 ] } },
{ "type": "Feature", "properties": { "event_id_cnty": "PSE57716", "event_date": "8/16/2024", "year": 2024, "time_precision": 1, "disorder_type": "Political violence", "event_type": "Explosions/Remote violence", "sub_event_type": "Air/drone strike", "actor1": "Military Forces of Israel (2022-)", "assoc_actor_1": null, "inter1": 8, "actor2": "Civilians (Palestine)", "assoc_actor_2": null, "inter2": 7, "interaction": 78, "civilian_targeting": "Civilian targeting", "iso": 275, "region": "Middle East", "country": "Palestine", "admin1": "Gaza Strip", "admin2": "Gaza City", "admin3": null, "location": "Gaza - Tal el Hawa", "latitude": 31.5041, "longitude": 34.435, "geo_precision": 1, "source": "Arab 48; Quds News Network; Twitter", "source_scale": "New media-National", "notes": "On 16 August 2024, Israeli warplanes struck targets in Gaza - Tal el Hawa (Gaza City, Gaza Strip), leaving 3 fatalities.", "fatalities": 3, "tags": null, "timestamp": 1759790002 }, "geometry": { "type": "Point", "coordinates": [ 34.435, 31.5041 ] } },
{ "type": "Feature", "properties": { "event_id_cnty": "PSE57829", "event_date": "8/16/2024", "year": 2024, "time_precision": 1, "disorder_type": "Political violence", "event_type": "Explosions/Remote violence", "sub_event_type": "Shelling/artillery/missile attack", "actor1": "Military Forces of Israel (2022-)", "assoc_actor_1": null, "inter1": 8, "actor2": "Civilians (Palestine)", "assoc_actor_2": null, "inter2": 7, "interaction": 78, "civilian_targeting": "Civilian targeting", "iso": 275, "region": "Middle East", "country": "Palestine", "admin1": "Gaza Strip", "admin2": "Gaza City", "admin3": null, "location": "Gaza - Az Zaytun", "latitude": 31.4964, "longitude": 34.4522, "geo_precision": 1, "source": "Palestine News and Information Agency; Quds News Network; Twitter", "source_scale": "New media-National", "notes": "On 16 August 2024, Israeli tanks opened fire at Palestinian houses in Gaza - Az Zaytun (Gaza City, Gaza Strip) amid artillery shelling, leaving 2 fatalities.", "fatalities": 2, "tags": null, "timestamp": 1759790002 }, "geometry": { "type": "Point", "coordinates": [ 34.4522, 31.4964 ] } },
{ "type": "Feature", "properties": { "event_id_cnty": "PSE71592", "event_date": "8/16/2024", "year": 2024, "time_precision": 1, "disorder_type": "Political violence", "event_type": "Violence against civilians", "sub_event_type": "Attack", "actor1": "Hamas Movement", "assoc_actor_1": null, "inter1": 3, "actor2": "Civilians (Palestine)", "assoc_actor_2": null, "inter2": 7, "interaction": 37, "civilian_targeting": "Civilian targeting", "iso": 275, "region": "Middle East", "country": "Palestine", "admin1": "Gaza Strip", "admin2": "Gaza City", "admin3": null, "location": "Gaza", "latitude": 31.5045, "longitude": 34.4743, "geo_precision": 1, "source": "Al Jazeera; Times of Israel", "source_scale": "Regional", "notes": "On 16 August 2024, Hamas operatives killed 17 people in Gaza (Gaza City, Gaza Strip) suspected of collaborating with Israel after Israel killed three Hamas Senior commanders in an airstrike in southern Gaza Strip.", "fatalities": 17, "tags": null, "timestamp": 1759790002 }, "geometry": { "type": "Point", "coordinates": [ 34.4743, 31.5045 ] } },
{ "type": "Feature", "properties": { "event_id_cnty": "PSE58059", "event_date": "8/17/2024", "year": 2024, "time_precision": 1, "disorder_type": "Political violence", "event_type": "Explosions/Remote violence", "sub_event_type": "Air/drone strike", "actor1": "Military Forces of Israel (2022-)", "assoc_actor_1": null, "inter1": 8, "actor2": "Civilians (Palestine)", "assoc_actor_2": "Refugees/IDPs (Palestine)", "inter2": 7, "interaction": 78, "civilian_targeting": "Civilian targeting", "iso": 275, "region": "Middle East", "country": "Palestine", "admin1": "Gaza Strip", "admin2": "Deir El Balah", "admin3": null, "location": "An Nusayrat", "latitude": 31.4486, "longitude": 34.3925, "geo_precision": 1, "source": "Ma'an News Agency; Palestine News and Information Agency; Quds News Network; Twitter", "source_scale": "New media-National", "notes": "On 17 August 2024, Israeli warplanes struck a land and a residential tower in An Nusayrat Camp (Deir El Balah, Gaza Strip). Casualties unknown.", "fatalities": 0, "tags": null, "timestamp": 1753956638 }, "geometry": { "type": "Point", "coordinates": [ 34.3925, 31.4486 ] } },
{ "type": "Feature", "properties": { "event_id_cnty": "PSE58067", "event_date": "8/17/2024", "year": 2024, "time_precision": 1, "disorder_type": "Political violence", "event_type": "Explosions/Remote violence", "sub_event_type": "Air/drone strike", "actor1": "Military Forces of Israel (2022-)", "assoc_actor_1": null, "inter1": 8, "actor2": "Civilians (Palestine)", "assoc_actor_2": null, "inter2": 7, "interaction": 78, "civilian_targeting": "Civilian targeting", "iso": 275, "region": "Middle East", "country": "Palestine", "admin1": "Gaza Strip", "admin2": "Deir El Balah", "admin3": null, "location": "An Nusayrat - North", "latitude": 31.4591, "longitude": 34.3923, "geo_precision": 1, "source": "Arab 48; Newpress; Palestine News and Information Agency; Quds News Network; Twitter", "source_scale": "New media-National", "notes": "On 17 August 2024, Israeli warplanes struck the al-Naser building and an-Nouri building in An Nusayrat - North (Deir El Balah, Gaza Strip), killing a woman.", "fatalities": 1, "tags": null, "timestamp": 1753956638 }, "geometry": { "type": "Point", "coordinates": [ 34.3923, 31.4591 ] } },
{ "type": "Feature", "properties": { "event_id_cnty": "PSE58077", "event_date": "8/17/2024", "year": 2024, "time_precision": 1, "disorder_type": "Political violence", "event_type": "Explosions/Remote violence", "sub_event_type": "Air/drone strike", "actor1": "Military Forces of Israel (2022-)", "assoc_actor_1": null, "inter1": 8, "actor2": "Civilians (Palestine)", "assoc_actor_2": null, "inter2": 7, "interaction": 78, "civilian_targeting": "Civilian targeting", "iso": 275, "region": "Middle East", "country": "Palestine", "admin1": "Gaza Strip", "admin2": "Deir El Balah", "admin3": null, "location": "An Nusayrat - West", "latitude": 31.4525, "longitude": 34.3756, "geo_precision": 1, "source": "Arab 48; Ma'an News Agency; Palestine News and Information Agency; Quds News Network; Twitter", "source_scale": "New media-National", "notes": "On 17 August 2024, Israeli warplanes struck a house in An Nusayrat - West (Deir El Balah, Gaza Strip), killing 6 Palestinians (including 2 children) and injuring others.", "fatalities": 6, "tags": null, "timestamp": 1753956638 }, "geometry": { "type": "Point", "coordinates": [ 34.3756, 31.4525 ] } },
{ "type": "Feature", "properties": { "event_id_cnty": "PSE58081", "event_date": "8/17/2024", "year": 2024, "time_precision": 1, "disorder_type": "Political violence", "event_type": "Explosions/Remote violence", "sub_event_type": "Air/drone strike", "actor1": "Military Forces of Israel (2022-)", "assoc_actor_1": null, "inter1": 8, "actor2": "Civilians (Palestine)", "assoc_actor_2": "Refugees/IDPs (Palestine)", "inter2": 7, "interaction": 78, "civilian_targeting": "Civilian targeting", "iso": 275, "region": "Middle East", "country": "Palestine", "admin1": "Gaza Strip", "admin2": "Deir El Balah", "admin3": null, "location": "Az Zawayda", "latitude": 31.4284, "longitude": 34.366, "geo_precision": 1, "source": "Al-Ittihad; Ma'an News Agency; Palestine News and Information Agency; Quds News Network; Times of Israel; Twitter", "source_scale": "New media-National", "notes": "On 17 August 2024, Israeli warplanes struck a house, a mobile room, and tents belonging to displaced Palestinians at the entrance of Az Zawayda town (Deir El Balahm, Gaza Strip), killing 16 persons [14 persons from same family including 9 children and 3 women] and injuring a number of others.", "fatalities": 16, "tags": null, "timestamp": 1767742780 }, "geometry": { "type": "Point", "coordinates": [ 34.366, 31.4284 ] } },
{ "type": "Feature", "properties": { "event_id_cnty": "PSE58104", "event_date": "8/17/2024", "year": 2024, "time_precision": 1, "disorder_type": "Political violence", "event_type": "Explosions/Remote violence", "sub_event_type": "Air/drone strike", "actor1": "Military Forces of Israel (2022-)", "assoc_actor_1": null, "inter1": 8, "actor2": "Civilians (Palestine)", "assoc_actor_2": null, "inter2": 7, "interaction": 78, "civilian_targeting": "Civilian targeting", "iso": 275, "region": "Middle East", "country": "Palestine", "admin1": "Gaza Strip", "admin2": "Deir El Balah", "admin3": null, "location": "Wadi as Salqa", "latitude": 31.4005, "longitude": 34.3375, "geo_precision": 2, "source": "Arab 48; Ma'an News Agency; Palestine News and Information Agency; Quds News Network; Twitter", "source_scale": "New media-National", "notes": "On 17 August 2024, Israeli warplanes struck a house in Al Heker area south of Deir al Balah, coded to Wadi as Salqa (Deir El Balah, Gaza Strip), leaving 4 fatalities and a number of injuries. Also, warplanes targeted Al Matahen area south of the city [casualties unknown]. Fatalities coded at least 4", "fatalities": 4, "tags": null, "timestamp": 1753956638 }, "geometry": { "type": "Point", "coordinates": [ 34.3375, 31.4005 ] } },
{ "type": "Feature", "properties": { "event_id_cnty": "PSE58172", "event_date": "8/17/2024", "year": 2024, "time_precision": 1, "disorder_type": "Political violence", "event_type": "Explosions/Remote violence", "sub_event_type": "Air/drone strike", "actor1": "Military Forces of Israel (2022-)", "assoc_actor_1": null, "inter1": 8, "actor2": "Civilians (Palestine)", "assoc_actor_2": null, "inter2": 7, "interaction": 78, "civilian_targeting": "Civilian targeting", "iso": 275, "region": "Middle East", "country": "Palestine", "admin1": "Gaza Strip", "admin2": "Khan Yunis", "admin3": null, "location": "Abasan al Kabirah", "latitude": 31.3191, "longitude": 34.3401, "geo_precision": 1, "source": "Newpress; Palestine News and Information Agency; Quds News Network; Twitter", "source_scale": "New media-National", "notes": "On 17 August 2024, Israeli warplanes struck a house in Abasan al Kabirah (Khan Yunis, Gaza Strip), killing 4 persons (a child and a woman) and leaving a number of injuries.", "fatalities": 4, "tags": null, "timestamp": 1753956638 }, "geometry": { "type": "Point", "coordinates": [ 34.3401, 31.3191 ] } },
{ "type": "Feature", "properties": { "event_id_cnty": "PSE58176", "event_date": "8/17/2024", "year": 2024, "time_precision": 1, "disorder_type": "Political violence", "event_type": "Explosions/Remote violence", "sub_event_type": "Air/drone strike", "actor1": "Military Forces of Israel (2022-)", "assoc_actor_1": null, "inter1": 8, "actor2": "Civilians (Palestine)", "assoc_actor_2": null, "inter2": 7, "interaction": 78, "civilian_targeting": "Civilian targeting", "iso": 275, "region": "Middle East", "country": "Palestine", "admin1": "Gaza Strip", "admin2": "Khan Yunis", "admin3": null, "location": "Al Fukhari", "latitude": 31.2952, "longitude": 34.3332, "geo_precision": 1, "source": "Ma'an News Agency; Palestine News and Information Agency; Quds News Network; Twitter", "source_scale": "New media-National", "notes": "On 17 August 2024, Israeli warplanes struck a house near the European hospital in Al Fukhari (Khan Yunis, Gaza Strip), injuring a number of Palestinians.", "fatalities": 0, "tags": null, "timestamp": 1753956638 }, "geometry": { "type": "Point", "coordinates": [ 34.3332, 31.2952 ] } },
{ "type": "Feature", "properties": { "event_id_cnty": "PSE58209", "event_date": "8/17/2024", "year": 2024, "time_precision": 1, "disorder_type": "Political violence", "event_type": "Explosions/Remote violence", "sub_event_type": "Air/drone strike", "actor1": "Military Forces of Israel (2022-)", "assoc_actor_1": null, "inter1": 8, "actor2": "Civilians (Palestine)", "assoc_actor_2": "Refugees/IDPs (Palestine)", "inter2": 7, "interaction": 78, "civilian_targeting": "Civilian targeting", "iso": 275, "region": "Middle East", "country": "Palestine", "admin1": "Gaza Strip", "admin2": "Khan Yunis", "admin3": null, "location": "Hamad", "latitude": 31.3749, "longitude": 34.3193, "geo_precision": 1, "source": "Al-Ittihad; Ma'an News Agency; Palestine News and Information Agency; Quds News Network; Twitter", "source_scale": "New media-National", "notes": "On 17 August 2024, Israeli warplanes including UAVs struck targets (including tents belonging to displaced people) in Hamad city (Khan Yunis, Gaza Strip), injuring a child and killing 2 persons. Also, the artillery shelled the Hamad city [casualties unknown]. Fatalities coded at least 2.", "fatalities": 2, "tags": null, "timestamp": 1753956638 }, "geometry": { "type": "Point", "coordinates": [ 34.3193, 31.3749 ] } },
{ "type": "Feature", "properties": { "event_id_cnty": "PSE58286", "event_date": "8/17/2024", "year": 2024, "time_precision": 1, "disorder_type": "Political violence", "event_type": "Explosions/Remote violence", "sub_event_type": "Air/drone strike", "actor1": "Military Forces of Israel (2022-)", "assoc_actor_1": null, "inter1": 8, "actor2": "Civilians (Palestine)", "assoc_actor_2": "Refugees/IDPs (Palestine)", "inter2": 7, "interaction": 78, "civilian_targeting": "Civilian targeting", "iso": 275, "region": "Middle East", "country": "Palestine", "admin1": "Gaza Strip", "admin2": "North Gaza", "admin3": null, "location": "Jabalya Camp", "latitude": 31.536, "longitude": 34.4907, "geo_precision": 1, "source": "Ma'an News Agency; Newpress; Palestine News and Information Agency; Quds News Network; Twitter", "source_scale": "New media-National", "notes": "On 17 August 2024, Israeli warplanes struck 2 apartments in Al Houja in Jabalya Camp (North Gaza, Gaza Strip), leaving 4 fatalities including woman and children.", "fatalities": 4, "tags": null, "timestamp": 1753956638 }, "geometry": { "type": "Point", "coordinates": [ 34.4907, 31.536 ] } },
{ "type": "Feature", "properties": { "event_id_cnty": "PSE58309", "event_date": "8/17/2024", "year": 2024, "time_precision": 1, "disorder_type": "Political violence", "event_type": "Violence against civilians", "sub_event_type": "Attack", "actor1": "Military Forces of Israel (2022-)", "assoc_actor_1": null, "inter1": 8, "actor2": "Civilians (Palestine)", "assoc_actor_2": "Refugees/IDPs (Palestine)", "inter2": 7, "interaction": 78, "civilian_targeting": "Civilian targeting", "iso": 275, "region": "Middle East", "country": "Palestine", "admin1": "Gaza Strip", "admin2": "Rafah", "admin3": null, "location": "Rafah Camp", "latitude": 31.2847, "longitude": 34.2546, "geo_precision": 1, "source": "Quds News Network; Twitter", "source_scale": "New media-National", "notes": "On 17 August 2024, Israeli forces (likely from tanks) sniped and killed a Palestinian in Al shaboura Camp in Rafah Camp (Rafah, Gaza Strip).", "fatalities": 1, "tags": null, "timestamp": 1753956638 }, "geometry": { "type": "Point", "coordinates": [ 34.2546, 31.2847 ] } },
{ "type": "Feature", "properties": { "event_id_cnty": "PSE58060", "event_date": "8/18/2024", "year": 2024, "time_precision": 1, "disorder_type": "Political violence", "event_type": "Explosions/Remote violence", "sub_event_type": "Air/drone strike", "actor1": "Military Forces of Israel (2022-)", "assoc_actor_1": null, "inter1": 8, "actor2": "Civilians (Palestine)", "assoc_actor_2": "Refugees/IDPs (Palestine)", "inter2": 7, "interaction": 78, "civilian_targeting": "Civilian targeting", "iso": 275, "region": "Middle East", "country": "Palestine", "admin1": "Gaza Strip", "admin2": "Deir El Balah", "admin3": null, "location": "An Nusayrat", "latitude": 31.4486, "longitude": 34.3925, "geo_precision": 1, "source": "Newpress; Palestine News and Information Agency; Quds News Network; Twitter", "source_scale": "New media-National", "notes": "On 18 August 2024, Israeli warplanes struck a house in An Nusayrat Camp (Deir El Balah, Gaza Strip), leaving at least 4 fatalities and injuring dozens. Also, 5 Palestinians were killed and 15 more were injured in an airstrike targeted a house in the camp. Total fatalities coded 9.", "fatalities": 9, "tags": null, "timestamp": 1753956638 }, "geometry": { "type": "Point", "coordinates": [ 34.3925, 31.4486 ] } },
{ "type": "Feature", "properties": { "event_id_cnty": "PSE58068", "event_date": "8/18/2024", "year": 2024, "time_precision": 1, "disorder_type": "Political violence", "event_type": "Explosions/Remote violence", "sub_event_type": "Air/drone strike", "actor1": "Military Forces of Israel (2022-)", "assoc_actor_1": null, "inter1": 8, "actor2": "Civilians (Palestine)", "assoc_actor_2": null, "inter2": 7, "interaction": 78, "civilian_targeting": "Civilian targeting", "iso": 275, "region": "Middle East", "country": "Palestine", "admin1": "Gaza Strip", "admin2": "Deir El Balah", "admin3": null, "location": "An Nusayrat - North", "latitude": 31.4591, "longitude": 34.3923, "geo_precision": 1, "source": "Newpress; Quds News Network; Twitter", "source_scale": "New media-National", "notes": "On 18 August 2024, Israeli warplanes struck the al-Nouri tower in Al Mufti land in An Nusayrat - North (Deir El Balah, Gaza Strip). Casualties unknown. Also, the artillery shelled targets in the same area [casualties unknown].", "fatalities": 0, "tags": null, "timestamp": 1753956638 }, "geometry": { "type": "Point", "coordinates": [ 34.3923, 31.4591 ] } },
{ "type": "Feature", "properties": { "event_id_cnty": "PSE58096", "event_date": "8/18/2024", "year": 2024, "time_precision": 1, "disorder_type": "Political violence", "event_type": "Explosions/Remote violence", "sub_event_type": "Shelling/artillery/missile attack", "actor1": "Military Forces of Israel (2022-)", "assoc_actor_1": null, "inter1": 8, "actor2": "Civilians (Palestine)", "assoc_actor_2": null, "inter2": 7, "interaction": 78, "civilian_targeting": "Civilian targeting", "iso": 275, "region": "Middle East", "country": "Palestine", "admin1": "Gaza Strip", "admin2": "Deir El Balah", "admin3": null, "location": "Deir al Balah Camp", "latitude": 31.4249, "longitude": 34.34, "geo_precision": 2, "source": "PLO Negotiations Affairs Department; Quds News Network; Twitter", "source_scale": "Other-New media", "notes": "On 18 August 2024, Israeli artillery and tanks shelled targets east of Deir al Balah, coded to Deir al Balah Camp (Deir El Balah, Gaza Strip), leaving 2 fatalities.", "fatalities": 2, "tags": null, "timestamp": 1765850627 }, "geometry": { "type": "Point", "coordinates": [ 34.34, 31.4249 ] } },
{ "type": "Feature", "properties": { "event_id_cnty": "PSE58140", "event_date": "8/18/2024", "year": 2024, "time_precision": 1, "disorder_type": "Political violence", "event_type": "Explosions/Remote violence", "sub_event_type": "Air/drone strike", "actor1": "Military Forces of Israel (2022-)", "assoc_actor_1": null, "inter1": 8, "actor2": "Civilians (Palestine)", "assoc_actor_2": null, "inter2": 7, "interaction": 78, "civilian_targeting": "Civilian targeting", "iso": 275, "region": "Middle East", "country": "Palestine", "admin1": "Gaza Strip", "admin2": "Gaza City", "admin3": null, "location": "Gaza - Sabra", "latitude": 31.5086, "longitude": 34.4493, "geo_precision": 1, "source": "Ma'an News Agency; Palestine News and Information Agency; Quds News Network; Twitter", "source_scale": "New media-National", "notes": "On 18 August 2024, Israeli warplanes struck a house in Gaza - Sabra (Gaza City, Gaza Strip), killing a woman and leaving a number of injuries. Also, a UAV dropped a bomb in Sabra while artillery and tanks opened fire toward houses [casualties unknown]. Fatalities coded at least 1.", "fatalities": 1, "tags": null, "timestamp": 1759790002 }, "geometry": { "type": "Point", "coordinates": [ 34.4493, 31.5086 ] } },
{ "type": "Feature", "properties": { "event_id_cnty": "PSE58184", "event_date": "8/18/2024", "year": 2024, "time_precision": 1, "disorder_type": "Political violence", "event_type": "Explosions/Remote violence", "sub_event_type": "Shelling/artillery/missile attack", "actor1": "Military Forces of Israel (2022-)", "assoc_actor_1": null, "inter1": 8, "actor2": "Civilians (Palestine)", "assoc_actor_2": null, "inter2": 7, "interaction": 78, "civilian_targeting": "Civilian targeting", "iso": 275, "region": "Middle East", "country": "Palestine", "admin1": "Gaza Strip", "admin2": "Khan Yunis", "admin3": null, "location": "Al Qararah", "latitude": 31.3739, "longitude": 34.3409, "geo_precision": 1, "source": "Quds News Network; Twitter", "source_scale": "New media-National", "notes": "On 18 August 2024, Israeli artillery and tanks opened fire in Al Qararah (Khan Yunis, Gaza Strip), injuring a woman and a man.", "fatalities": 0, "tags": null, "timestamp": 1753956638 }, "geometry": { "type": "Point", "coordinates": [ 34.3409, 31.3739 ] } },
{ "type": "Feature", "properties": { "event_id_cnty": "PSE58196", "event_date": "8/18/2024", "year": 2024, "time_precision": 1, "disorder_type": "Political violence", "event_type": "Explosions/Remote violence", "sub_event_type": "Shelling/artillery/missile attack", "actor1": "Military Forces of Israel (2022-)", "assoc_actor_1": null, "inter1": 8, "actor2": "Civilians (Palestine)", "assoc_actor_2": null, "inter2": 7, "interaction": 78, "civilian_targeting": "Civilian targeting", "iso": 275, "region": "Middle East", "country": "Palestine", "admin1": "Gaza Strip", "admin2": "Khan Yunis", "admin3": null, "location": "Al Qurein", "latitude": 31.3085, "longitude": 34.314, "geo_precision": 1, "source": "Quds News Network; Twitter", "source_scale": "New media-National", "notes": "On 18 August 2024, Israeli artillery shelled a land in Al Qurein (Khan Yunis, Gaza Strip), leaving injuries.", "fatalities": 0, "tags": null, "timestamp": 1753956638 }, "geometry": { "type": "Point", "coordinates": [ 34.314, 31.3085 ] } },
{ "type": "Feature", "properties": { "event_id_cnty": "PSE58210", "event_date": "8/18/2024", "year": 2024, "time_precision": 1, "disorder_type": "Political violence", "event_type": "Explosions/Remote violence", "sub_event_type": "Shelling/artillery/missile attack", "actor1": "Military Forces of Israel (2022-)", "assoc_actor_1": null, "inter1": 8, "actor2": "Civilians (Palestine)", "assoc_actor_2": null, "inter2": 7, "interaction": 78, "civilian_targeting": "Civilian targeting", "iso": 275, "region": "Middle East", "country": "Palestine", "admin1": "Gaza Strip", "admin2": "Khan Yunis", "admin3": null, "location": "Hamad", "latitude": 31.3749, "longitude": 34.3193, "geo_precision": 2, "source": "Palestine News and Information Agency", "source_scale": "National", "notes": "On 18 August 2024, Israeli tanks opened fire near Hamad city (Khan Yunis, Gaza strip), killing a woman and leaving a number of injuries.", "fatalities": 1, "tags": null, "timestamp": 1753956638 }, "geometry": { "type": "Point", "coordinates": [ 34.3193, 31.3749 ] } },
{ "type": "Feature", "properties": { "event_id_cnty": "PSE58211", "event_date": "8/18/2024", "year": 2024, "time_precision": 1, "disorder_type": "Political violence", "event_type": "Explosions/Remote violence", "sub_event_type": "Air/drone strike", "actor1": "Military Forces of Israel (2022-)", "assoc_actor_1": null, "inter1": 8, "actor2": "Civilians (Palestine)", "assoc_actor_2": null, "inter2": 7, "interaction": 78, "civilian_targeting": "Civilian targeting", "iso": 275, "region": "Middle East", "country": "Palestine", "admin1": "Gaza Strip", "admin2": "Khan Yunis", "admin3": null, "location": "Hamad", "latitude": 31.3749, "longitude": 34.3193, "geo_precision": 1, "source": "Newpress; Quds News Network; Twitter", "source_scale": "New media-National", "notes": "On 18 August 2024, Israeli warplanes carried out strikes in Hamad city (Khan Yunis, Gaza Strip), leaving 6 injuries.", "fatalities": 0, "tags": null, "timestamp": 1753956638 }, "geometry": { "type": "Point", "coordinates": [ 34.3193, 31.3749 ] } },
{ "type": "Feature", "properties": { "event_id_cnty": "PSE58214", "event_date": "8/18/2024", "year": 2024, "time_precision": 1, "disorder_type": "Political violence", "event_type": "Violence against civilians", "sub_event_type": "Attack", "actor1": "Military Forces of Israel (2022-)", "assoc_actor_1": null, "inter1": 8, "actor2": "Civilians (Palestine)", "assoc_actor_2": "Journalists (Palestine)", "inter2": 7, "interaction": 78, "civilian_targeting": "Civilian targeting", "iso": 275, "region": "Middle East", "country": "Palestine", "admin1": "Gaza Strip", "admin2": "Khan Yunis", "admin3": null, "location": "Hamad", "latitude": 31.3749, "longitude": 34.3193, "geo_precision": 2, "source": "Palestine News and Information Agency; Quds News Network; Twitter", "source_scale": "New media-National", "notes": "On 18 August 2024, Israeli forces opened fire toward a group of Palestinian journalists near Hamad (Khan Yunis, Gaza strip), killing a journalist and injuring another female journalist.", "fatalities": 1, "tags": null, "timestamp": 1753956638 }, "geometry": { "type": "Point", "coordinates": [ 34.3193, 31.3749 ] } },
{ "type": "Feature", "properties": { "event_id_cnty": "PSE58247", "event_date": "8/18/2024", "year": 2024, "time_precision": 1, "disorder_type": "Political violence", "event_type": "Explosions/Remote violence", "sub_event_type": "Shelling/artillery/missile attack", "actor1": "Military Forces of Israel (2022-)", "assoc_actor_1": null, "inter1": 8, "actor2": "Civilians (Palestine)", "assoc_actor_2": null, "inter2": 7, "interaction": 78, "civilian_targeting": "Civilian targeting", "iso": 275, "region": "Middle East", "country": "Palestine", "admin1": "Gaza Strip", "admin2": "Khan Yunis", "admin3": null, "location": "Khan Yunis - As Sater", "latitude": 31.3637, "longitude": 34.3228, "geo_precision": 1, "source": "Quds News Network; Twitter", "source_scale": "New media-National", "notes": "On 18 August 2024, Israeli artillery shelled targets in Khan Yunis - As Sater (Khan Yunis, Gaza strip), leaving one fatality and a number of injuries.", "fatalities": 1, "tags": null, "timestamp": 1753956638 }, "geometry": { "type": "Point", "coordinates": [ 34.3228, 31.3637 ] } },
{ "type": "Feature", "properties": { "event_id_cnty": "PSE58260", "event_date": "8/18/2024", "year": 2024, "time_precision": 1, "disorder_type": "Political violence", "event_type": "Explosions/Remote violence", "sub_event_type": "Shelling/artillery/missile attack", "actor1": "Military Forces of Israel (2022-)", "assoc_actor_1": null, "inter1": 8, "actor2": "Civilians (Palestine)", "assoc_actor_2": "Refugees/IDPs (Palestine)", "inter2": 7, "interaction": 78, "civilian_targeting": "Civilian targeting", "iso": 275, "region": "Middle East", "country": "Palestine", "admin1": "Gaza Strip", "admin2": "Khan Yunis", "admin3": null, "location": "Khan Yunis - West (Municipal Stadium)", "latitude": 31.3484, "longitude": 34.2961, "geo_precision": 2, "source": "Newpress; Quds News Network; Twitter", "source_scale": "New media-National", "notes": "On 18 August 2024, Israeli tanks opened fire toward the tents of displaced people west of Khan Yunis, coded to (Khan Yunis - West (Municipal Stadium), Gaza Strip). A girl was killed in Asada area west of the city.", "fatalities": 1, "tags": null, "timestamp": 1753956638 }, "geometry": { "type": "Point", "coordinates": [ 34.2961, 31.3484 ] } },
{ "type": "Feature", "properties": { "event_id_cnty": "PSE58275", "event_date": "8/18/2024", "year": 2024, "time_precision": 1, "disorder_type": "Political violence", "event_type": "Explosions/Remote violence", "sub_event_type": "Air/drone strike", "actor1": "Military Forces of Israel (2022-)", "assoc_actor_1": null, "inter1": 8, "actor2": "Civilians (Palestine)", "assoc_actor_2": null, "inter2": 7, "interaction": 78, "civilian_targeting": "Civilian targeting", "iso": 275, "region": "Middle East", "country": "Palestine", "admin1": "Gaza Strip", "admin2": "North Gaza", "admin3": null, "location": "Beit Lahiya", "latitude": 31.5541, "longitude": 34.5016, "geo_precision": 1, "source": "Quds News Network; Twitter", "source_scale": "New media-National", "notes": "On 18 August 2024, an Israeli UAV struck an apartment in Beit Lahiya (North Gaza, Gaza Strip). Casualties unknown.", "fatalities": 0, "tags": null, "timestamp": 1753956638 }, "geometry": { "type": "Point", "coordinates": [ 34.5016, 31.5541 ] } },
{ "type": "Feature", "properties": { "event_id_cnty": "PSE58287", "event_date": "8/18/2024", "year": 2024, "time_precision": 1, "disorder_type": "Political violence", "event_type": "Explosions/Remote violence", "sub_event_type": "Air/drone strike", "actor1": "Military Forces of Israel (2022-)", "assoc_actor_1": null, "inter1": 8, "actor2": "Civilians (Palestine)", "assoc_actor_2": "Refugees/IDPs (Palestine)", "inter2": 7, "interaction": 78, "civilian_targeting": "Civilian targeting", "iso": 275, "region": "Middle East", "country": "Palestine", "admin1": "Gaza Strip", "admin2": "North Gaza", "admin3": null, "location": "Jabalya Camp", "latitude": 31.536, "longitude": 34.4907, "geo_precision": 1, "source": "Newpress; Quds News Network; Twitter", "source_scale": "New media-National", "notes": "On 18 August 2024, Israeli warplanes struck a target in Jabalya Camp (North Gaza, Gaza Strip), leaving one fatality.", "fatalities": 1, "tags": null, "timestamp": 1753956638 }, "geometry": { "type": "Point", "coordinates": [ 34.4907, 31.536 ] } },
{ "type": "Feature", "properties": { "event_id_cnty": "PSE58316", "event_date": "8/18/2024", "year": 2024, "time_precision": 1, "disorder_type": "Political violence", "event_type": "Explosions/Remote violence", "sub_event_type": "Air/drone strike", "actor1": "Military Forces of Israel (2022-)", "assoc_actor_1": null, "inter1": 8, "actor2": "Civilians (Palestine)", "assoc_actor_2": null, "inter2": 7, "interaction": 78, "civilian_targeting": "Civilian targeting", "iso": 275, "region": "Middle East", "country": "Palestine", "admin1": "Gaza Strip", "admin2": "Rafah", "admin3": null, "location": "Tal as Sultan", "latitude": 31.3098, "longitude": 34.2414, "geo_precision": 2, "source": "Arab 48; Palestine News and Information Agency", "source_scale": "National", "notes": "On 18 August 2024, Israeli UAVs opened fire in Al Shakoush area northwest of Rafah, coded to Tal as sultan (Rafah, Gaza Strip), killing 2 persons and injuring a number of others. Also, the artillery shelled targets west of Rafah city, coded to Tal as Sultan [casualties unknown]. Total fatalities coded at least 2.", "fatalities": 2, "tags": null, "timestamp": 1762829569 }, "geometry": { "type": "Point", "coordinates": [ 34.2414, 31.3098 ] } },
{ "type": "Feature", "properties": { "event_id_cnty": "PSE58113", "event_date": "8/18/2024", "year": 2024, "time_precision": 1, "disorder_type": "Political violence", "event_type": "Explosions/Remote violence", "sub_event_type": "Air/drone strike", "actor1": "Military Forces of Israel (2022-)", "assoc_actor_1": null, "inter1": 8, "actor2": "Civilians (Palestine)", "assoc_actor_2": null, "inter2": 7, "interaction": 78, "civilian_targeting": "Civilian targeting", "iso": 275, "region": "Middle East", "country": "Palestine", "admin1": "Gaza Strip", "admin2": "Gaza City", "admin3": null, "location": "Gaza - Az Zaytun", "latitude": 31.4964, "longitude": 34.4522, "geo_precision": 1, "source": "Palestine News and Information Agency; Quds News Network; Twitter", "source_scale": "New media-National", "notes": "On 18 August 2024, Israeli warplanes carried out strikes in Gaza - Az Zaytun (Gaza City, Gaza Strip), amid artillery and tank fire that targeted houses. Casualties unknown.", "fatalities": 0, "tags": null, "timestamp": 1759790002 }, "geometry": { "type": "Point", "coordinates": [ 34.4522, 31.4964 ] } },
{ "type": "Feature", "properties": { "event_id_cnty": "PSE58114", "event_date": "8/18/2024", "year": 2024, "time_precision": 1, "disorder_type": "Political violence", "event_type": "Explosions/Remote violence", "sub_event_type": "Air/drone strike", "actor1": "Military Forces of Israel (2022-)", "assoc_actor_1": null, "inter1": 8, "actor2": "Civilians (Palestine)", "assoc_actor_2": null, "inter2": 7, "interaction": 78, "civilian_targeting": "Civilian targeting", "iso": 275, "region": "Middle East", "country": "Palestine", "admin1": "Gaza Strip", "admin2": "Gaza City", "admin3": null, "location": "Gaza - Az Zaytun", "latitude": 31.4964, "longitude": 34.4522, "geo_precision": 2, "source": "Quds News Network; Twitter", "source_scale": "New media-National", "notes": "On 18 August 2024, Israeli warplanes struck a land in Al Sekka street east of Gaza - Az Zaytun (Gaza City, Gaza Strip). Casualties unknown.", "fatalities": 0, "tags": null, "timestamp": 1759790002 }, "geometry": { "type": "Point", "coordinates": [ 34.4522, 31.4964 ] } },
{ "type": "Feature", "properties": { "event_id_cnty": "PSE58075", "event_date": "8/19/2024", "year": 2024, "time_precision": 1, "disorder_type": "Political violence", "event_type": "Explosions/Remote violence", "sub_event_type": "Air/drone strike", "actor1": "Military Forces of Israel (2022-)", "assoc_actor_1": null, "inter1": 8, "actor2": "Civilians (Palestine)", "assoc_actor_2": null, "inter2": 7, "interaction": 78, "civilian_targeting": "Civilian targeting", "iso": 275, "region": "Middle East", "country": "Palestine", "admin1": "Gaza Strip", "admin2": "Deir El Balah", "admin3": null, "location": "An Nusayrat - South", "latitude": 31.4389, "longitude": 34.3815, "geo_precision": 1, "source": "Arab 48; Palestine News and Information Agency", "source_scale": "National", "notes": "On 19 August 2024, Israeli warplanes struck a house in An Nusayrat - South (Deir El Balah, Gaza Strip), leaving 4 fatalities and a number of injuries.", "fatalities": 4, "tags": null, "timestamp": 1753956638 }, "geometry": { "type": "Point", "coordinates": [ 34.3815, 31.4389 ] } },
{ "type": "Feature", "properties": { "event_id_cnty": "PSE58078", "event_date": "8/19/2024", "year": 2024, "time_precision": 1, "disorder_type": "Political violence", "event_type": "Explosions/Remote violence", "sub_event_type": "Shelling/artillery/missile attack", "actor1": "Military Forces of Israel (2022-)", "assoc_actor_1": null, "inter1": 8, "actor2": "Civilians (Palestine)", "assoc_actor_2": "Refugees/IDPs (Palestine)", "inter2": 7, "interaction": 78, "civilian_targeting": "Civilian targeting", "iso": 275, "region": "Middle East", "country": "Palestine", "admin1": "Gaza Strip", "admin2": "Deir El Balah", "admin3": null, "location": "An Nusayrat - West", "latitude": 31.4525, "longitude": 34.3756, "geo_precision": 1, "source": "Quds News Network; Twitter", "source_scale": "New media-National", "notes": "On 19 August 2024, Israeli artillery shelled a house near the Radi station in An Nusayrat - West (Deir El Balah, Gaza Strip), injuring a number of displaced people.", "fatalities": 0, "tags": null, "timestamp": 1753956638 }, "geometry": { "type": "Point", "coordinates": [ 34.3756, 31.4525 ] } },
{ "type": "Feature", "properties": { "event_id_cnty": "PSE58087", "event_date": "8/19/2024", "year": 2024, "time_precision": 1, "disorder_type": "Political violence", "event_type": "Explosions/Remote violence", "sub_event_type": "Air/drone strike", "actor1": "Military Forces of Israel (2022-)", "assoc_actor_1": null, "inter1": 8, "actor2": "Civilians (Palestine)", "assoc_actor_2": null, "inter2": 7, "interaction": 78, "civilian_targeting": "Civilian targeting", "iso": 275, "region": "Middle East", "country": "Palestine", "admin1": "Gaza Strip", "admin2": "Deir El Balah", "admin3": null, "location": "Deir al Balah", "latitude": 31.4178, "longitude": 34.3503, "geo_precision": 1, "source": "Palestine News and Information Agency", "source_scale": "National", "notes": "On 19 August 2024, Israeli warplanes struck a target in Deir al Balah (Deir El Balah, Gaza Strip), leaving 3 fatalities and a number of injuries.", "fatalities": 3, "tags": null, "timestamp": 1753956638 }, "geometry": { "type": "Point", "coordinates": [ 34.3503, 31.4178 ] } },
{ "type": "Feature", "properties": { "event_id_cnty": "PSE58105", "event_date": "8/19/2024", "year": 2024, "time_precision": 1, "disorder_type": "Political violence", "event_type": "Explosions/Remote violence", "sub_event_type": "Air/drone strike", "actor1": "Military Forces of Israel (2022-)", "assoc_actor_1": null, "inter1": 8, "actor2": "Civilians (Palestine)", "assoc_actor_2": null, "inter2": 7, "interaction": 78, "civilian_targeting": "Civilian targeting", "iso": 275, "region": "Middle East", "country": "Palestine", "admin1": "Gaza Strip", "admin2": "Deir El Balah", "admin3": null, "location": "Wadi as Salqa", "latitude": 31.4005, "longitude": 34.3375, "geo_precision": 2, "source": "Quds News Network; Twitter", "source_scale": "New media-National", "notes": "On 19 August 2024, Israeli warplanes struck a house south of Deir al Balah, coded to Wadi as Salqa (Deir El Balah, Gaza Strip), leaving injuries.", "fatalities": 0, "tags": null, "timestamp": 1753956638 }, "geometry": { "type": "Point", "coordinates": [ 34.3375, 31.4005 ] } },
{ "type": "Feature", "properties": { "event_id_cnty": "PSE58111", "event_date": "8/19/2024", "year": 2024, "time_precision": 1, "disorder_type": "Political violence", "event_type": "Explosions/Remote violence", "sub_event_type": "Air/drone strike", "actor1": "Military Forces of Israel (2022-)", "assoc_actor_1": null, "inter1": 8, "actor2": "Civilians (Palestine)", "assoc_actor_2": null, "inter2": 7, "interaction": 78, "civilian_targeting": "Civilian targeting", "iso": 275, "region": "Middle East", "country": "Palestine", "admin1": "Gaza Strip", "admin2": "Gaza City", "admin3": null, "location": "Gaza - At Tuffah", "latitude": 31.5134, "longitude": 34.4751, "geo_precision": 1, "source": "Ma'an News Agency; Newpress; Palestine News and Information Agency; Quds News Network; Twitter", "source_scale": "New media-National", "notes": "On 19 August 2024, Israeli warplanes struck a passing car in al-Zarqa area in Gaza - At Tuffah (Gaza City, Gaza Strip), leaving 4 fatalities and a number of injuries.", "fatalities": 4, "tags": null, "timestamp": 1759790002 }, "geometry": { "type": "Point", "coordinates": [ 34.4751, 31.5134 ] } },
{ "type": "Feature", "properties": { "event_id_cnty": "PSE58141", "event_date": "8/19/2024", "year": 2024, "time_precision": 1, "disorder_type": "Political violence", "event_type": "Explosions/Remote violence", "sub_event_type": "Air/drone strike", "actor1": "Military Forces of Israel (2022-)", "assoc_actor_1": null, "inter1": 8, "actor2": "Civilians (Palestine)", "assoc_actor_2": null, "inter2": 7, "interaction": 78, "civilian_targeting": "Civilian targeting", "iso": 275, "region": "Middle East", "country": "Palestine", "admin1": "Gaza Strip", "admin2": "Gaza City", "admin3": null, "location": "Gaza - Sabra", "latitude": 31.5086, "longitude": 34.4493, "geo_precision": 1, "source": "Arab 48; Ma'an News Agency; Newpress; Palestine News and Information Agency; Quds News Network; Twitter", "source_scale": "New media-National", "notes": "On 19 August 2024, Israeli warplanes struck a house and the artillery targeted the Gaza - Sabra (Gaza City, Gaza Strip). Casualties unknown. Also, the artillery shelled the same area. Casualties unknown.", "fatalities": 0, "tags": null, "timestamp": 1759790002 }, "geometry": { "type": "Point", "coordinates": [ 34.4493, 31.5086 ] } },
{ "type": "Feature", "properties": { "event_id_cnty": "PSE58149", "event_date": "8/19/2024", "year": 2024, "time_precision": 1, "disorder_type": "Political violence", "event_type": "Explosions/Remote violence", "sub_event_type": "Air/drone strike", "actor1": "Military Forces of Israel (2022-)", "assoc_actor_1": null, "inter1": 8, "actor2": "Civilians (Palestine)", "assoc_actor_2": null, "inter2": 7, "interaction": 78, "civilian_targeting": "Civilian targeting", "iso": 275, "region": "Middle East", "country": "Palestine", "admin1": "Gaza Strip", "admin2": "Gaza City", "admin3": null, "location": "Gaza - Sheikh Radwan", "latitude": 31.5349, "longitude": 34.4667, "geo_precision": 1, "source": "Quds News Network; Twitter", "source_scale": "New media-National", "notes": "On 19 August 2024, Israeli warplanes struck an apartment in the al-Khalil tower in Gaza - Sheikh Radwan (Gaza City, Gaza Strip). Casualties unknown.", "fatalities": 0, "tags": null, "timestamp": 1759790002 }, "geometry": { "type": "Point", "coordinates": [ 34.4667, 31.5349 ] } },
{ "type": "Feature", "properties": { "event_id_cnty": "PSE58173", "event_date": "8/19/2024", "year": 2024, "time_precision": 1, "disorder_type": "Political violence", "event_type": "Explosions/Remote violence", "sub_event_type": "Air/drone strike", "actor1": "Military Forces of Israel (2022-)", "assoc_actor_1": null, "inter1": 8, "actor2": "Civilians (Palestine)", "assoc_actor_2": null, "inter2": 7, "interaction": 78, "civilian_targeting": "Civilian targeting", "iso": 275, "region": "Middle East", "country": "Palestine", "admin1": "Gaza Strip", "admin2": "Khan Yunis", "admin3": null, "location": "Abasan al Kabirah", "latitude": 31.3191, "longitude": 34.3401, "geo_precision": 1, "source": "Arab 48; Palestine News and Information Agency; Quds News Network; Twitter", "source_scale": "New media-National", "notes": "On 19 August 2024, Israeli warplanes struck an apartment in Abasan al Kabirah (Khan Yunis, Gaza Strip), leaving 4 fatalities including a woman and a child.", "fatalities": 4, "tags": null, "timestamp": 1753956638 }, "geometry": { "type": "Point", "coordinates": [ 34.3401, 31.3191 ] } },
{ "type": "Feature", "properties": { "event_id_cnty": "PSE58186", "event_date": "8/19/2024", "year": 2024, "time_precision": 1, "disorder_type": "Political violence", "event_type": "Explosions/Remote violence", "sub_event_type": "Shelling/artillery/missile attack", "actor1": "Military Forces of Israel (2022-)", "assoc_actor_1": null, "inter1": 8, "actor2": "Civilians (Palestine)", "assoc_actor_2": "Refugees/IDPs (Palestine)", "inter2": 7, "interaction": 78, "civilian_targeting": "Civilian targeting", "iso": 275, "region": "Middle East", "country": "Palestine", "admin1": "Gaza Strip", "admin2": "Khan Yunis", "admin3": null, "location": "Al Qararah", "latitude": 31.3739, "longitude": 34.3409, "geo_precision": 1, "source": "Quds News Network; Twitter", "source_scale": "New media-National", "notes": "On 19 August 2024, Israeli tanks opened fire at the Tina street in Al Qararah (Khan Yunis, Gaza Strip), causing fire to the tents of displaced people. Casualties unknown.", "fatalities": 0, "tags": null, "timestamp": 1753956638 }, "geometry": { "type": "Point", "coordinates": [ 34.3409, 31.3739 ] } },
{ "type": "Feature", "properties": { "event_id_cnty": "PSE58216", "event_date": "8/19/2024", "year": 2024, "time_precision": 1, "disorder_type": "Political violence", "event_type": "Explosions/Remote violence", "sub_event_type": "Air/drone strike", "actor1": "Military Forces of Israel (2022-)", "assoc_actor_1": null, "inter1": 8, "actor2": "Civilians (Palestine)", "assoc_actor_2": null, "inter2": 7, "interaction": 78, "civilian_targeting": "Civilian targeting", "iso": 275, "region": "Middle East", "country": "Palestine", "admin1": "Gaza Strip", "admin2": "Khan Yunis", "admin3": null, "location": "Hamad", "latitude": 31.3749, "longitude": 34.3193, "geo_precision": 1, "source": "Arab 48; Newpress; Quds News Network; Twitter", "source_scale": "New media-National", "notes": "On 19 August 2024, Israeli warplanes (including UAVs) struck a residential tower in Hamad city (Khan Yunis, Gaza Strip) amid artillery fire on the outskirts of Hamad. Casualties unknown.", "fatalities": 0, "tags": null, "timestamp": 1753956638 }, "geometry": { "type": "Point", "coordinates": [ 34.3193, 31.3749 ] } },
{ "type": "Feature", "properties": { "event_id_cnty": "PSE58254", "event_date": "8/19/2024", "year": 2024, "time_precision": 1, "disorder_type": "Political violence", "event_type": "Explosions/Remote violence", "sub_event_type": "Air/drone strike", "actor1": "Military Forces of Israel (2022-)", "assoc_actor_1": null, "inter1": 8, "actor2": "Civilians (Palestine)", "assoc_actor_2": null, "inter2": 7, "interaction": 78, "civilian_targeting": "Civilian targeting", "iso": 275, "region": "Middle East", "country": "Palestine", "admin1": "Gaza Strip", "admin2": "Khan Yunis", "admin3": null, "location": "Khan Yunis - City Centre", "latitude": 31.3419, "longitude": 34.3015, "geo_precision": 1, "source": "Quds News Network; Twitter", "source_scale": "New media-National", "notes": "On 19 August 2024, Israeli warplanes struck a target in Al-Taalim area in the center of Khan Yunis, coded to Khan Yunis - City Centre (Khan Yunis, Gaza Strip), injuring 2 children.", "fatalities": 0, "tags": null, "timestamp": 1753956638 }, "geometry": { "type": "Point", "coordinates": [ 34.3015, 31.3419 ] } },
{ "type": "Feature", "properties": { "event_id_cnty": "PSE58256", "event_date": "8/19/2024", "year": 2024, "time_precision": 1, "disorder_type": "Political violence", "event_type": "Explosions/Remote violence", "sub_event_type": "Air/drone strike", "actor1": "Military Forces of Israel (2022-)", "assoc_actor_1": null, "inter1": 8, "actor2": "Civilians (Palestine)", "assoc_actor_2": "Refugees/IDPs (Palestine)", "inter2": 7, "interaction": 78, "civilian_targeting": "Civilian targeting", "iso": 275, "region": "Middle East", "country": "Palestine", "admin1": "Gaza Strip", "admin2": "Khan Yunis", "admin3": null, "location": "Khan Yunis - Emirati", "latitude": 31.3624, "longitude": 34.2949, "geo_precision": 2, "source": "Ma'an News Agency; Palestine News and Information Agency; Quds News Network; Twitter", "source_scale": "New media-National", "notes": "On 19 August 2024, Israeli warplanes (including UAVs) struck targets in Asdaa city northwest of Khan Yunis, coded to Khan Yunis - Emirati (Khan Yunis, Gaza Strip), killing a baby and injuring a number of displaced women.", "fatalities": 1, "tags": null, "timestamp": 1753956638 }, "geometry": { "type": "Point", "coordinates": [ 34.2949, 31.3624 ] } },
{ "type": "Feature", "properties": { "event_id_cnty": "PSE58261", "event_date": "8/19/2024", "year": 2024, "time_precision": 1, "disorder_type": "Political violence", "event_type": "Explosions/Remote violence", "sub_event_type": "Air/drone strike", "actor1": "Military Forces of Israel (2022-)", "assoc_actor_1": null, "inter1": 8, "actor2": "Civilians (Palestine)", "assoc_actor_2": null, "inter2": 7, "interaction": 78, "civilian_targeting": "Civilian targeting", "iso": 275, "region": "Middle East", "country": "Palestine", "admin1": "Gaza Strip", "admin2": "Khan Yunis", "admin3": null, "location": "Khan Yunis - West (Municipal Stadium)", "latitude": 31.3484, "longitude": 34.2961, "geo_precision": 2, "source": "Ma'an News Agency; Palestine News and Information Agency; Quds News Network; Twitter", "source_scale": "New media-National", "notes": "On 19 August 2024, Israeli warplanes struck a group of people who gathered at an Internet point in al-Namsawi area west of Khan Yunis (coded to Khan Yunis - West (Municipal Stadium), Gaza Strip), killing 6 Palestinians and leaving 16 more injuries.", "fatalities": 6, "tags": null, "timestamp": 1753956638 }, "geometry": { "type": "Point", "coordinates": [ 34.2961, 31.3484 ] } },
{ "type": "Feature", "properties": { "event_id_cnty": "PSE58319", "event_date": "8/19/2024", "year": 2024, "time_precision": 1, "disorder_type": "Political violence", "event_type": "Explosions/Remote violence", "sub_event_type": "Air/drone strike", "actor1": "Military Forces of Israel (2022-)", "assoc_actor_1": null, "inter1": 8, "actor2": "Civilians (Palestine)", "assoc_actor_2": null, "inter2": 7, "interaction": 78, "civilian_targeting": "Civilian targeting", "iso": 275, "region": "Middle East", "country": "Palestine", "admin1": "Gaza Strip", "admin2": "Rafah", "admin3": null, "location": "Tal as Sultan", "latitude": 31.3098, "longitude": 34.2414, "geo_precision": 2, "source": "Newpress; Quds News Network; Twitter", "source_scale": "New media-National", "notes": "On 19 August 2024, Israeli warplanes carried out strikes and the artillery shelled targets west of Rafah, coded to Tal as Sultan (Rafah, Gaza Strip). Casualties unknown. Also, 3 Palestinians were killed in Al Shakoush area northwest of Rafah, coded to Tal as Sultan. Fatalities coded at least 3.", "fatalities": 3, "tags": null, "timestamp": 1762829569 }, "geometry": { "type": "Point", "coordinates": [ 34.2414, 31.3098 ] } },
{ "type": "Feature", "properties": { "event_id_cnty": "PSE58265", "event_date": "8/19/2024", "year": 2024, "time_precision": 1, "disorder_type": "Political violence", "event_type": "Explosions/Remote violence", "sub_event_type": "Air/drone strike", "actor1": "Military Forces of Israel (2022-)", "assoc_actor_1": null, "inter1": 8, "actor2": "Civilians (Palestine)", "assoc_actor_2": null, "inter2": 7, "interaction": 78, "civilian_targeting": "Civilian targeting", "iso": 275, "region": "Middle East", "country": "Palestine", "admin1": "Gaza Strip", "admin2": "Khan Yunis", "admin3": null, "location": "Qizan an Najjar", "latitude": 31.323, "longitude": 34.2761, "geo_precision": 2, "source": "Palestine News and Information Agency; Quds News Network; Twitter", "source_scale": "New media-National", "notes": "On 19 August 2024, Israeli warplanes struck a passing car in Al Hashashin area between Rafah and Khan Yunis, coded to south of Qizan an Najjar (Khan Yunis, Gaza Strip), killing 4 Palestinians.", "fatalities": 4, "tags": null, "timestamp": 1753956638 }, "geometry": { "type": "Point", "coordinates": [ 34.2761, 31.323 ] } },
{ "type": "Feature", "properties": { "event_id_cnty": "PSE58051", "event_date": "8/20/2024", "year": 2024, "time_precision": 1, "disorder_type": "Political violence", "event_type": "Explosions/Remote violence", "sub_event_type": "Air/drone strike", "actor1": "Military Forces of Israel (2022-)", "assoc_actor_1": null, "inter1": 8, "actor2": "Civilians (Palestine)", "assoc_actor_2": "Refugees/IDPs (Palestine)", "inter2": 7, "interaction": 78, "civilian_targeting": "Civilian targeting", "iso": 275, "region": "Middle East", "country": "Palestine", "admin1": "Gaza Strip", "admin2": "Deir El Balah", "admin3": null, "location": "Al Burayj", "latitude": 31.4394, "longitude": 34.4031, "geo_precision": 1, "source": "Arab 48; Newpress; Palestine News and Information Agency; Quds News Network; Twitter", "source_scale": "New media-National", "notes": "On 20 August 2024, Israeli warplanes struck a house in block 9 in Al Burayj Camp (Deir El Balah, Gaza Strip), leaving 6 fatalities and a number of injuries. Also, several persons were injured in artillery shelling in Al Burayj. Total fatalities coded 6.", "fatalities": 6, "tags": null, "timestamp": 1753956638 }, "geometry": { "type": "Point", "coordinates": [ 34.4031, 31.4394 ] } },
{ "type": "Feature", "properties": { "event_id_cnty": "PSE58062", "event_date": "8/20/2024", "year": 2024, "time_precision": 1, "disorder_type": "Political violence", "event_type": "Explosions/Remote violence", "sub_event_type": "Air/drone strike", "actor1": "Military Forces of Israel (2022-)", "assoc_actor_1": null, "inter1": 8, "actor2": "Civilians (Palestine)", "assoc_actor_2": "Refugees/IDPs (Palestine)", "inter2": 7, "interaction": 78, "civilian_targeting": "Civilian targeting", "iso": 275, "region": "Middle East", "country": "Palestine", "admin1": "Gaza Strip", "admin2": "Deir El Balah", "admin3": null, "location": "An Nusayrat", "latitude": 31.4486, "longitude": 34.3925, "geo_precision": 1, "source": "Newpress; Quds News Network; Twitter", "source_scale": "New media-National", "notes": "On 20 August 2024, Israeli warplanes struck targets near Ein Jalout towers in An Nusayrat Camp (Deir El Balah, Gaza Strip) injuring 2 persons.", "fatalities": 0, "tags": null, "timestamp": 1753956638 }, "geometry": { "type": "Point", "coordinates": [ 34.3925, 31.4486 ] } },
{ "type": "Feature", "properties": { "event_id_cnty": "PSE58088", "event_date": "8/20/2024", "year": 2024, "time_precision": 1, "disorder_type": "Political violence", "event_type": "Explosions/Remote violence", "sub_event_type": "Air/drone strike", "actor1": "Military Forces of Israel (2022-)", "assoc_actor_1": null, "inter1": 8, "actor2": "Civilians (Palestine)", "assoc_actor_2": null, "inter2": 7, "interaction": 78, "civilian_targeting": "Civilian targeting", "iso": 275, "region": "Middle East", "country": "Palestine", "admin1": "Gaza Strip", "admin2": "Deir El Balah", "admin3": null, "location": "Deir al Balah", "latitude": 31.4178, "longitude": 34.3503, "geo_precision": 1, "source": "Arab 48; Ma'an News Agency; Newpress; Palestine News and Information Agency; Quds News Network; Twitter", "source_scale": "New media-National", "notes": "On 20 August 2024, Israeli warplanes struck a market in Deir al Balah city (Deir El Balah, Gaza Strip), leaving 9 fatalities, including women and children.", "fatalities": 9, "tags": null, "timestamp": 1753956638 }, "geometry": { "type": "Point", "coordinates": [ 34.3503, 31.4178 ] } },
{ "type": "Feature", "properties": { "event_id_cnty": "PSE58098", "event_date": "8/20/2024", "year": 2024, "time_precision": 1, "disorder_type": "Political violence", "event_type": "Explosions/Remote violence", "sub_event_type": "Air/drone strike", "actor1": "Military Forces of Israel (2022-)", "assoc_actor_1": null, "inter1": 8, "actor2": "Civilians (Palestine)", "assoc_actor_2": null, "inter2": 7, "interaction": 78, "civilian_targeting": "Civilian targeting", "iso": 275, "region": "Middle East", "country": "Palestine", "admin1": "Gaza Strip", "admin2": "Deir El Balah", "admin3": null, "location": "Deir al Balah Camp", "latitude": 31.4249, "longitude": 34.34, "geo_precision": 2, "source": "Ma'an News Agency; Newpress; Palestine News and Information Agency; PLO Negotiations Affairs Department; Quds News Network; Twitter", "source_scale": "Other-New media", "notes": "On 20 August 2024, at least 4 Palestinians were killed in UAVs and artillery attacks targeted a building east of Deir al Balah. Meanwhile, Israeli artillery and tanks shelled targets east of Deir al Balah, coded to Deir al Balah Camp (Deir El Balah, Gaza Strip). Casualties unknown. Fatalities coded at least 4.", "fatalities": 4, "tags": null, "timestamp": 1765850627 }, "geometry": { "type": "Point", "coordinates": [ 34.34, 31.4249 ] } },
{ "type": "Feature", "properties": { "event_id_cnty": "PSE58158", "event_date": "8/20/2024", "year": 2024, "time_precision": 1, "disorder_type": "Political violence", "event_type": "Explosions/Remote violence", "sub_event_type": "Air/drone strike", "actor1": "Military Forces of Israel (2022-)", "assoc_actor_1": null, "inter1": 8, "actor2": "Civilians (Palestine)", "assoc_actor_2": "Hamas Movement; Journalists (Palestine); Refugees/IDPs (Palestine)", "inter2": 7, "interaction": 78, "civilian_targeting": "Civilian targeting", "iso": 275, "region": "Middle East", "country": "Palestine", "admin1": "Gaza Strip", "admin2": "Gaza City", "admin3": null, "location": "Gaza - Southern Remal", "latitude": 31.5168, "longitude": 34.4355, "geo_precision": 1, "source": "Arab 48; Arutz Sheva; Dunia Al Watan; Israeli Defense Forces; Ma'an News Agency; Newpress; Palestine News and Information Agency; Quds News Network; Twitter", "source_scale": "Other-New media", "notes": "On 20 August 2024, Israeli warplanes struck the Mustaf al-Hafez School hosting displaced people in Gaza - Southern Remal (Gaza City, Gaza Strip), killing at least 13 Palestinians (including women, children and a journalist) and causing dozens of injuries. The IDF said they targeted Hamas gunmen who were using the school as a hideout and command center, taking several steps not to harm civilians.", "fatalities": 13, "tags": null, "timestamp": 1759790002 }, "geometry": { "type": "Point", "coordinates": [ 34.4355, 31.5168 ] } },
{ "type": "Feature", "properties": { "event_id_cnty": "PSE58187", "event_date": "8/20/2024", "year": 2024, "time_precision": 1, "disorder_type": "Political violence", "event_type": "Explosions/Remote violence", "sub_event_type": "Shelling/artillery/missile attack", "actor1": "Military Forces of Israel (2022-)", "assoc_actor_1": null, "inter1": 8, "actor2": "Civilians (Palestine)", "assoc_actor_2": "Refugees/IDPs (Palestine)", "inter2": 7, "interaction": 78, "civilian_targeting": "Civilian targeting", "iso": 275, "region": "Middle East", "country": "Palestine", "admin1": "Gaza Strip", "admin2": "Khan Yunis", "admin3": null, "location": "Al Qararah", "latitude": 31.3739, "longitude": 34.3409, "geo_precision": 2, "source": "Palestine News and Information Agency; Quds News Network; Twitter", "source_scale": "New media-National", "notes": "On 20 August 2024, Israeli tanks opened fire toward the Al Mawasi of Al Qararah, west of Al Qararah (Khan Yunis, Gaza Strip), injuring 5 displaced Palestinians.", "fatalities": 0, "tags": null, "timestamp": 1753956638 }, "geometry": { "type": "Point", "coordinates": [ 34.3409, 31.3739 ] } },
{ "type": "Feature", "properties": { "event_id_cnty": "PSE58203", "event_date": "8/20/2024", "year": 2024, "time_precision": 1, "disorder_type": "Political violence", "event_type": "Explosions/Remote violence", "sub_event_type": "Air/drone strike", "actor1": "Military Forces of Israel (2022-)", "assoc_actor_1": null, "inter1": 8, "actor2": "Civilians (Palestine)", "assoc_actor_2": null, "inter2": 7, "interaction": 78, "civilian_targeting": "Civilian targeting", "iso": 275, "region": "Middle East", "country": "Palestine", "admin1": "Gaza Strip", "admin2": "Khan Yunis", "admin3": null, "location": "Bani Suheila", "latitude": 31.3424, "longitude": 34.325, "geo_precision": 1, "source": "Arab 48; Ma'an News Agency; Newpress; Palestine News and Information Agency; Quds News Network; Twitter", "source_scale": "New media-National", "notes": "On 20 August 2024, an Israeli UAV struck a group of Palestinians who were inside an Internet charging point in Bani Suheila (Khan Yunis, Gaza Strip), killing 7 Palestinians (including a woman and injuring 10 more).", "fatalities": 7, "tags": null, "timestamp": 1753956638 }, "geometry": { "type": "Point", "coordinates": [ 34.325, 31.3424 ] } },
{ "type": "Feature", "properties": { "event_id_cnty": "PSE58249", "event_date": "8/20/2024", "year": 2024, "time_precision": 1, "disorder_type": "Political violence", "event_type": "Explosions/Remote violence", "sub_event_type": "Shelling/artillery/missile attack", "actor1": "Military Forces of Israel (2022-)", "assoc_actor_1": null, "inter1": 8, "actor2": "Civilians (Palestine)", "assoc_actor_2": null, "inter2": 7, "interaction": 78, "civilian_targeting": "Civilian targeting", "iso": 275, "region": "Middle East", "country": "Palestine", "admin1": "Gaza Strip", "admin2": "Khan Yunis", "admin3": null, "location": "Khan Yunis - As Sater", "latitude": 31.3637, "longitude": 34.3228, "geo_precision": 1, "source": "Ma'an News Agency; Newpress; Quds News Network; Twitter", "source_scale": "New media-National", "notes": "On 20 August 2024, 2 Palestinians were killed in Khan Yunis - As Sater (Khan Yunis, Gaza Strip), likely by Israeli artillery fire.", "fatalities": 2, "tags": null, "timestamp": 1753956638 }, "geometry": { "type": "Point", "coordinates": [ 34.3228, 31.3637 ] } },
{ "type": "Feature", "properties": { "event_id_cnty": "PSE58257", "event_date": "8/20/2024", "year": 2024, "time_precision": 1, "disorder_type": "Political violence", "event_type": "Explosions/Remote violence", "sub_event_type": "Air/drone strike", "actor1": "Military Forces of Israel (2022-)", "assoc_actor_1": null, "inter1": 8, "actor2": "Civilians (Palestine)", "assoc_actor_2": null, "inter2": 7, "interaction": 78, "civilian_targeting": "Civilian targeting", "iso": 275, "region": "Middle East", "country": "Palestine", "admin1": "Gaza Strip", "admin2": "Khan Yunis", "admin3": null, "location": "Khan Yunis - Emirati", "latitude": 31.3624, "longitude": 34.2949, "geo_precision": 2, "source": "Quds News Network; Twitter", "source_scale": "New media-National", "notes": "On 20 August 2024, Israeli warplanes struck a passing car east of Asdaa city northwest of Khan Yunis, coded to Khan Yunis - Emirati (Khan Yunis, Gaza Strip). Casualties unknown.", "fatalities": 0, "tags": null, "timestamp": 1753956638 }, "geometry": { "type": "Point", "coordinates": [ 34.2949, 31.3624 ] } },
{ "type": "Feature", "properties": { "event_id_cnty": "PSE58262", "event_date": "8/20/2024", "year": 2024, "time_precision": 1, "disorder_type": "Political violence", "event_type": "Explosions/Remote violence", "sub_event_type": "Shelling/artillery/missile attack", "actor1": "Military Forces of Israel (2022-)", "assoc_actor_1": null, "inter1": 8, "actor2": "Civilians (Palestine)", "assoc_actor_2": null, "inter2": 7, "interaction": 78, "civilian_targeting": "Civilian targeting", "iso": 275, "region": "Middle East", "country": "Palestine", "admin1": "Gaza Strip", "admin2": "Khan Yunis", "admin3": null, "location": "Khan Yunis - West (Municipal Stadium)", "latitude": 31.3484, "longitude": 34.2961, "geo_precision": 2, "source": "Newpress; Twitter", "source_scale": "New media-National", "notes": "On 20 August 2024, Israeli artillery shelled the Jourat al-Aqqad west of Khan Yunis, coded to (Khan Yunis - West (Municipal Stadium), Gaza Strip), killing 2 Palestinians and leaving a number of injuries.", "fatalities": 2, "tags": null, "timestamp": 1753956638 }, "geometry": { "type": "Point", "coordinates": [ 34.2961, 31.3484 ] } },
{ "type": "Feature", "properties": { "event_id_cnty": "PSE58279", "event_date": "8/20/2024", "year": 2024, "time_precision": 1, "disorder_type": "Political violence", "event_type": "Explosions/Remote violence", "sub_event_type": "Air/drone strike", "actor1": "Military Forces of Israel (2022-)", "assoc_actor_1": null, "inter1": 8, "actor2": "Civilians (Palestine)", "assoc_actor_2": null, "inter2": 7, "interaction": 78, "civilian_targeting": "Civilian targeting", "iso": 275, "region": "Middle East", "country": "Palestine", "admin1": "Gaza Strip", "admin2": "North Gaza", "admin3": null, "location": "Beit Lahiya - Al Mashroo", "latitude": 31.5433, "longitude": 34.4998, "geo_precision": 1, "source": "Ma'an News Agency; Quds News Network; Twitter", "source_scale": "New media-National", "notes": "On 20 August 2024, Israeli warplanes struck a target in Beit Lahiya - Al Mashroo (North Gaza, Gaza Strip), leaving 2 injuries.", "fatalities": 0, "tags": null, "timestamp": 1753956638 }, "geometry": { "type": "Point", "coordinates": [ 34.4998, 31.5433 ] } },
{ "type": "Feature", "properties": { "event_id_cnty": "PSE58295", "event_date": "8/20/2024", "year": 2024, "time_precision": 1, "disorder_type": "Political violence", "event_type": "Explosions/Remote violence", "sub_event_type": "Shelling/artillery/missile attack", "actor1": "Military Forces of Israel (2022-)", "assoc_actor_1": null, "inter1": 8, "actor2": "Civilians (Palestine)", "assoc_actor_2": "Refugees/IDPs (Palestine)", "inter2": 7, "interaction": 78, "civilian_targeting": "Civilian targeting", "iso": 275, "region": "Middle East", "country": "Palestine", "admin1": "Gaza Strip", "admin2": "Rafah", "admin3": null, "location": "Al Mawasi (Rafah)", "latitude": 31.3294, "longitude": 34.2299, "geo_precision": 1, "source": "Newpress; Palestine News and Information Agency; Quds News Network; Twitter", "source_scale": "New media-National", "notes": "On 20 August 2024, Israeli tanks opened fire toward the tents of displaced people and advanced toward Al Shakoush area in (Al Mawasi (Rafah), Gaza Strip), killing 2 Palestinians and injuring 17 more.", "fatalities": 2, "tags": null, "timestamp": 1762829569 }, "geometry": { "type": "Point", "coordinates": [ 34.2299, 31.3294 ] } },
{ "type": "Feature", "properties": { "event_id_cnty": "PSE58284", "event_date": "8/20/2024", "year": 2024, "time_precision": 1, "disorder_type": "Political violence", "event_type": "Explosions/Remote violence", "sub_event_type": "Air/drone strike", "actor1": "Military Forces of Israel (2022-)", "assoc_actor_1": null, "inter1": 8, "actor2": "Civilians (Palestine)", "assoc_actor_2": null, "inter2": 7, "interaction": 78, "civilian_targeting": "Civilian targeting", "iso": 275, "region": "Middle East", "country": "Palestine", "admin1": "Gaza Strip", "admin2": "North Gaza", "admin3": null, "location": "Jabalya - Tel-Zaatar", "latitude": 31.5367, "longitude": 34.5035, "geo_precision": 1, "source": "Arab 48; Newpress; Palestine News and Information Agency; Quds News Network; Twitter", "source_scale": "New media-National", "notes": "On 20 August 2024, Israeli warplanes struck a house in Jabalya - Tel-Zaatar (North Gaza, Gaza Strip), killing a child and causing a number of injuries.", "fatalities": 1, "tags": null, "timestamp": 1759790002 }, "geometry": { "type": "Point", "coordinates": [ 34.5035, 31.5367 ] } },
{ "type": "Feature", "properties": { "event_id_cnty": "PSE58253", "event_date": "8/20/2024", "year": 2024, "time_precision": 1, "disorder_type": "Political violence", "event_type": "Explosions/Remote violence", "sub_event_type": "Air/drone strike", "actor1": "Military Forces of Israel (2022-)", "assoc_actor_1": null, "inter1": 8, "actor2": "Civilians (Palestine)", "assoc_actor_2": null, "inter2": 7, "interaction": 78, "civilian_targeting": "Civilian targeting", "iso": 275, "region": "Middle East", "country": "Palestine", "admin1": "Gaza Strip", "admin2": "Khan Yunis", "admin3": null, "location": "Khan Yunis - As-Sameen", "latitude": 31.3369, "longitude": 34.2925, "geo_precision": 1, "source": "Ma'an News Agency; Newpress; Quds News Network; Twitter", "source_scale": "New media-National", "notes": "On 20 August 2024, Israeli warplanes struck a house in Khan Yunis - As-Sameen (Khan Yunis, Gaza Strip), killing at least 2 Palestinians.", "fatalities": 2, "tags": null, "timestamp": 1753956638 }, "geometry": { "type": "Point", "coordinates": [ 34.2925, 31.3369 ] } },
{ "type": "Feature", "properties": { "event_id_cnty": "PSE58063", "event_date": "8/21/2024", "year": 2024, "time_precision": 1, "disorder_type": "Political violence", "event_type": "Explosions/Remote violence", "sub_event_type": "Air/drone strike", "actor1": "Military Forces of Israel (2022-)", "assoc_actor_1": null, "inter1": 8, "actor2": "Civilians (Palestine)", "assoc_actor_2": "Refugees/IDPs (Palestine)", "inter2": 7, "interaction": 78, "civilian_targeting": "Civilian targeting", "iso": 275, "region": "Middle East", "country": "Palestine", "admin1": "Gaza Strip", "admin2": "Deir El Balah", "admin3": null, "location": "An Nusayrat", "latitude": 31.4486, "longitude": 34.3925, "geo_precision": 1, "source": "Arab 48; Palestine News and Information Agency; Quds News Network; Twitter", "source_scale": "New media-National", "notes": "On 21 August 2024, Israeli warplanes struck targets including a house in An Nusayrat Camp (Deir El Balah, Gaza Strip), injuring dozens of Palestinians. Also, 4 Palestinians were killed in an airstrike targeted a house in the market of An Nusayrat. Fatalities were 4.", "fatalities": 4, "tags": null, "timestamp": 1753956638 }, "geometry": { "type": "Point", "coordinates": [ 34.3925, 31.4486 ] } },
{ "type": "Feature", "properties": { "event_id_cnty": "PSE58064", "event_date": "8/21/2024", "year": 2024, "time_precision": 1, "disorder_type": "Political violence", "event_type": "Explosions/Remote violence", "sub_event_type": "Air/drone strike", "actor1": "Military Forces of Israel (2022-)", "assoc_actor_1": null, "inter1": 8, "actor2": "Civilians (Palestine)", "assoc_actor_2": null, "inter2": 7, "interaction": 78, "civilian_targeting": "Civilian targeting", "iso": 275, "region": "Middle East", "country": "Palestine", "admin1": "Gaza Strip", "admin2": "Deir El Balah", "admin3": null, "location": "An Nusayrat", "latitude": 31.4486, "longitude": 34.3925, "geo_precision": 2, "source": "Quds News Network; Twitter", "source_scale": "New media-National", "notes": "On 21 August 2024, Israeli warplanes struck a target a house east of An Nusayrat camp (Deir El Balah, Gaza Strip), causing injuries.", "fatalities": 0, "tags": null, "timestamp": 1753956638 }, "geometry": { "type": "Point", "coordinates": [ 34.3925, 31.4486 ] } },
{ "type": "Feature", "properties": { "event_id_cnty": "PSE58099", "event_date": "8/21/2024", "year": 2024, "time_precision": 1, "disorder_type": "Political violence", "event_type": "Explosions/Remote violence", "sub_event_type": "Air/drone strike", "actor1": "Military Forces of Israel (2022-)", "assoc_actor_1": null, "inter1": 8, "actor2": "Civilians (Palestine)", "assoc_actor_2": null, "inter2": 7, "interaction": 78, "civilian_targeting": "Civilian targeting", "iso": 275, "region": "Middle East", "country": "Palestine", "admin1": "Gaza Strip", "admin2": "Deir El Balah", "admin3": null, "location": "Deir al Balah Camp", "latitude": 31.4249, "longitude": 34.34, "geo_precision": 2, "source": "Ma'an News Agency; Newpress; Palestine News and Information Agency; PLO Negotiations Affairs Department; Quds News Network; Twitter", "source_scale": "Other-New media", "notes": "On 21 August 2024, Israeli warplanes struck the al-Qastal tower and the artillery shelled targets east of Deir al Balah, coded to Deir al Balah Camp (Deir El Balah, Gaza Strip). At least one Palestinian was killed in artillery fire that targeted Abu Arif area southeast of Deir al Balah.", "fatalities": 1, "tags": null, "timestamp": 1765850627 }, "geometry": { "type": "Point", "coordinates": [ 34.34, 31.4249 ] } },
{ "type": "Feature", "properties": { "event_id_cnty": "PSE58106", "event_date": "8/21/2024", "year": 2024, "time_precision": 1, "disorder_type": "Political violence", "event_type": "Explosions/Remote violence", "sub_event_type": "Air/drone strike", "actor1": "Military Forces of Israel (2022-)", "assoc_actor_1": null, "inter1": 8, "actor2": "Civilians (Palestine)", "assoc_actor_2": null, "inter2": 7, "interaction": 78, "civilian_targeting": "Civilian targeting", "iso": 275, "region": "Middle East", "country": "Palestine", "admin1": "Gaza Strip", "admin2": "Deir El Balah", "admin3": null, "location": "Wadi as Salqa", "latitude": 31.4005, "longitude": 34.3375, "geo_precision": 2, "source": "Arab 48; Quds News Network; Twitter", "source_scale": "New media-National", "notes": "On 21 August 2024, Israeli warplanes struck a target near the Mujahdeen mosque south of Deir al Balah, coded to Wadi as Salqa (Deir El Balah, Gaza Strip), killing a Palestinian.", "fatalities": 1, "tags": null, "timestamp": 1753956638 }, "geometry": { "type": "Point", "coordinates": [ 34.3375, 31.4005 ] } },
{ "type": "Feature", "properties": { "event_id_cnty": "PSE58174", "event_date": "8/21/2024", "year": 2024, "time_precision": 1, "disorder_type": "Political violence", "event_type": "Explosions/Remote violence", "sub_event_type": "Air/drone strike", "actor1": "Military Forces of Israel (2022-)", "assoc_actor_1": null, "inter1": 8, "actor2": "Civilians (Palestine)", "assoc_actor_2": null, "inter2": 7, "interaction": 78, "civilian_targeting": "Civilian targeting", "iso": 275, "region": "Middle East", "country": "Palestine", "admin1": "Gaza Strip", "admin2": "Khan Yunis", "admin3": null, "location": "Abasan al Kabirah", "latitude": 31.3191, "longitude": 34.3401, "geo_precision": 1, "source": "Arab 48; Newpress; Palestine News and Information Agency; Quds News Network; Twitter", "source_scale": "New media-National", "notes": "On 21 August 2024, Israeli warplanes struck targets (including a house) in Abasan al Kabirah (Khan Yunis, Gaza Strip) amid artillery fire. 21 Palestinians were killed east of Khan Yunis areas [fatalities split across 3 locations, 5 fatalities coded to this location].", "fatalities": 5, "tags": null, "timestamp": 1753956638 }, "geometry": { "type": "Point", "coordinates": [ 34.3401, 31.3191 ] } },
{ "type": "Feature", "properties": { "event_id_cnty": "PSE58192", "event_date": "8/21/2024", "year": 2024, "time_precision": 1, "disorder_type": "Political violence", "event_type": "Explosions/Remote violence", "sub_event_type": "Shelling/artillery/missile attack", "actor1": "Military Forces of Israel (2022-)", "assoc_actor_1": null, "inter1": 8, "actor2": "Civilians (Palestine)", "assoc_actor_2": "Refugees/IDPs (Palestine)", "inter2": 7, "interaction": 78, "civilian_targeting": "Civilian targeting", "iso": 275, "region": "Middle East", "country": "Palestine", "admin1": "Gaza Strip", "admin2": "Khan Yunis", "admin3": null, "location": "Al Qararah", "latitude": 31.3739, "longitude": 34.3409, "geo_precision": 1, "source": "Arab 48; Newpress; Palestine News and Information Agency; Quds News Network; Twitter", "source_scale": "New media-National", "notes": "On 21 August 2024, Israeli tanks opened fire toward Palestinian houses and the tents of displaced people in Al Qararah (Khan Yunis, Gaza Strip) amid artillery shelling. 4 Palestinians were killed.", "fatalities": 4, "tags": null, "timestamp": 1753956638 }, "geometry": { "type": "Point", "coordinates": [ 34.3409, 31.3739 ] } },
{ "type": "Feature", "properties": { "event_id_cnty": "PSE58204", "event_date": "8/21/2024", "year": 2024, "time_precision": 1, "disorder_type": "Political violence", "event_type": "Explosions/Remote violence", "sub_event_type": "Air/drone strike", "actor1": "Military Forces of Israel (2022-)", "assoc_actor_1": null, "inter1": 8, "actor2": "Civilians (Palestine)", "assoc_actor_2": null, "inter2": 7, "interaction": 78, "civilian_targeting": "Civilian targeting", "iso": 275, "region": "Middle East", "country": "Palestine", "admin1": "Gaza Strip", "admin2": "Khan Yunis", "admin3": null, "location": "Bani Suheila", "latitude": 31.3424, "longitude": 34.325, "geo_precision": 2, "source": "Palestine News and Information Agency; PLO Negotiations Affairs Department; Quds News Network; Twitter", "source_scale": "Other-New media", "notes": "On 21 August 2024, Israeli warplanes carried out strikes and the artillery shelled targets east of Khan Yunis, coded to Bani Suheila (Khan Yunis, Gaza Strip). 21 Palestinians were killed east of Khan Yunis areas [fatalities split across 3 locations, 6 fatalities coded to this location].", "fatalities": 6, "tags": null, "timestamp": 1753956638 }, "geometry": { "type": "Point", "coordinates": [ 34.325, 31.3424 ] } },
{ "type": "Feature", "properties": { "event_id_cnty": "PSE58205", "event_date": "8/21/2024", "year": 2024, "time_precision": 1, "disorder_type": "Political violence", "event_type": "Explosions/Remote violence", "sub_event_type": "Air/drone strike", "actor1": "Military Forces of Israel (2022-)", "assoc_actor_1": null, "inter1": 8, "actor2": "Civilians (Palestine)", "assoc_actor_2": "Refugees/IDPs (Palestine)", "inter2": 7, "interaction": 78, "civilian_targeting": "Civilian targeting", "iso": 275, "region": "Middle East", "country": "Palestine", "admin1": "Gaza Strip", "admin2": "Khan Yunis", "admin3": null, "location": "Bani Suheila", "latitude": 31.3424, "longitude": 34.325, "geo_precision": 1, "source": "Arab 48; Ma'an News Agency; Palestine News and Information Agency; Quds News Network; Twitter", "source_scale": "New media-National", "notes": "On 21 August 2024, Israeli warplanes carried out strikes, targeting the tents of displaced people in Bani Suheil (Khan Yunis, Gaza Strip), leaving 7 fatalities [2 women and 5 children]. Also, a number of Palestinians were killed in an airstrike targeted a tent in Al Zanneh area in Bani Suheila. Total fatalities coded as 10. (7 confirmed, 3 unspecified).", "fatalities": 10, "tags": null, "timestamp": 1753956638 }, "geometry": { "type": "Point", "coordinates": [ 34.325, 31.3424 ] } },
{ "type": "Feature", "properties": { "event_id_cnty": "PSE58223", "event_date": "8/21/2024", "year": 2024, "time_precision": 1, "disorder_type": "Political violence", "event_type": "Explosions/Remote violence", "sub_event_type": "Air/drone strike", "actor1": "Military Forces of Israel (2022-)", "assoc_actor_1": null, "inter1": 8, "actor2": "Civilians (Palestine)", "assoc_actor_2": null, "inter2": 7, "interaction": 78, "civilian_targeting": "Civilian targeting", "iso": 275, "region": "Middle East", "country": "Palestine", "admin1": "Gaza Strip", "admin2": "Khan Yunis", "admin3": null, "location": "Hamad", "latitude": 31.3749, "longitude": 34.3193, "geo_precision": 1, "source": "Quds News Network; Twitter", "source_scale": "New media-National", "notes": "On 21 August 2024, Israeli warplanes struck targets (including buildings) in Hamad and on the outskirts of Hamad (Khan Yunis, Gaza Strip). Casualties unknown.", "fatalities": 0, "tags": null, "timestamp": 1753956638 }, "geometry": { "type": "Point", "coordinates": [ 34.3193, 31.3749 ] } },
{ "type": "Feature", "properties": { "event_id_cnty": "PSE58250", "event_date": "8/21/2024", "year": 2024, "time_precision": 1, "disorder_type": "Political violence", "event_type": "Explosions/Remote violence", "sub_event_type": "Air/drone strike", "actor1": "Military Forces of Israel (2022-)", "assoc_actor_1": null, "inter1": 8, "actor2": "Civilians (Palestine)", "assoc_actor_2": null, "inter2": 7, "interaction": 78, "civilian_targeting": "Civilian targeting", "iso": 275, "region": "Middle East", "country": "Palestine", "admin1": "Gaza Strip", "admin2": "Khan Yunis", "admin3": null, "location": "Khan Yunis - As Sater", "latitude": 31.3637, "longitude": 34.3228, "geo_precision": 1, "source": "Newpress; Palestine News and Information Agency; Twitter", "source_scale": "New media-National", "notes": "On 21 August 2024, Israeli warplanes struck a land in Khan Yunis - As Sater (Khan Yunis, Gaza Strip), leaving injuries.", "fatalities": 0, "tags": null, "timestamp": 1753956638 }, "geometry": { "type": "Point", "coordinates": [ 34.3228, 31.3637 ] } },
{ "type": "Feature", "properties": { "event_id_cnty": "PSE58276", "event_date": "8/21/2024", "year": 2024, "time_precision": 1, "disorder_type": "Political violence", "event_type": "Explosions/Remote violence", "sub_event_type": "Air/drone strike", "actor1": "Military Forces of Israel (2022-)", "assoc_actor_1": null, "inter1": 8, "actor2": "Civilians (Palestine)", "assoc_actor_2": "Farmers (Palestine)", "inter2": 7, "interaction": 78, "civilian_targeting": "Civilian targeting", "iso": 275, "region": "Middle East", "country": "Palestine", "admin1": "Gaza Strip", "admin2": "North Gaza", "admin3": null, "location": "Beit Lahiya", "latitude": 31.5541, "longitude": 34.5016, "geo_precision": 1, "source": "Newpress; Palestine News and Information Agency; Quds News Network; Twitter", "source_scale": "New media-National", "notes": "On 21 August 2024, Israeli warplanes struck a house in Beit Lahiya (North Gaza, Gaza Strip), killing at least 11 Palestinians and injuring others [including women and children]. Also, the Israeli artillery shelled farmers in Beit Lahiya leaving fatalities and injuries. An unspecified number of fatalities coded as 3. Total fatalities coded as 14 [11 confirmed, 3 unspecified].", "fatalities": 14, "tags": null, "timestamp": 1753956638 }, "geometry": { "type": "Point", "coordinates": [ 34.5016, 31.5541 ] } },
{ "type": "Feature", "properties": { "event_id_cnty": "PSE58296", "event_date": "8/21/2024", "year": 2024, "time_precision": 1, "disorder_type": "Political violence", "event_type": "Explosions/Remote violence", "sub_event_type": "Shelling/artillery/missile attack", "actor1": "Military Forces of Israel (2022-)", "assoc_actor_1": null, "inter1": 8, "actor2": "Civilians (Palestine)", "assoc_actor_2": "Refugees/IDPs (Palestine)", "inter2": 7, "interaction": 78, "civilian_targeting": "Civilian targeting", "iso": 275, "region": "Middle East", "country": "Palestine", "admin1": "Gaza Strip", "admin2": "Rafah", "admin3": null, "location": "Al Mawasi (Rafah)", "latitude": 31.3294, "longitude": 34.2299, "geo_precision": 1, "source": "Palestine News and Information Agency; Quds News Network; Twitter", "source_scale": "New media-National", "notes": "On 21 August 2024, Israeli tanks opened fire at the tents of displaced people in (Al Mawasi (Rafah), Gaza Strip), injuring dozens of Palestinians.", "fatalities": 0, "tags": null, "timestamp": 1762829569 }, "geometry": { "type": "Point", "coordinates": [ 34.2299, 31.3294 ] } },
{ "type": "Feature", "properties": { "event_id_cnty": "PSE58328", "event_date": "8/21/2024", "year": 2024, "time_precision": 1, "disorder_type": "Political violence", "event_type": "Explosions/Remote violence", "sub_event_type": "Air/drone strike", "actor1": "Military Forces of Israel (2022-)", "assoc_actor_1": null, "inter1": 8, "actor2": "Civilians (Palestine)", "assoc_actor_2": null, "inter2": 7, "interaction": 78, "civilian_targeting": "Civilian targeting", "iso": 275, "region": "Middle East", "country": "Palestine", "admin1": "Gaza Strip", "admin2": "Rafah", "admin3": null, "location": "Tal as Sultan", "latitude": 31.3098, "longitude": 34.2414, "geo_precision": 2, "source": "Palestine News and Information Agency", "source_scale": "National", "notes": "On 21 August 2024, Israeli warplanes struck houses and targets west and northwest of Rafah, coded to Tal as Sultan (Rafah, Gaza Strip), killing 4 Palestinians.", "fatalities": 4, "tags": null, "timestamp": 1762829569 }, "geometry": { "type": "Point", "coordinates": [ 34.2414, 31.3098 ] } },
{ "type": "Feature", "properties": { "event_id_cnty": "PSE58241", "event_date": "8/21/2024", "year": 2024, "time_precision": 1, "disorder_type": "Political violence", "event_type": "Violence against civilians", "sub_event_type": "Attack", "actor1": "Military Forces of Israel (2022-)", "assoc_actor_1": null, "inter1": 8, "actor2": "Civilians (Palestine)", "assoc_actor_2": null, "inter2": 7, "interaction": 78, "civilian_targeting": "Civilian targeting", "iso": 275, "region": "Middle East", "country": "Palestine", "admin1": "Gaza Strip", "admin2": "Khan Yunis", "admin3": null, "location": "Khan Yunis - Al Kateebeh", "latitude": 31.3642, "longitude": 34.3085, "geo_precision": 2, "source": "Ma'an News Agency; Newpress; Quds News Network; Twitter", "source_scale": "New media-National", "notes": "On 21 August 2024, 2 Palestinians were killed by Israeli snipers in Asdaa city north of Khan Yunis, coded to Khan Yunis - Al Kateebeh (Khan Yunis, Gaza Strip).", "fatalities": 2, "tags": null, "timestamp": 1767742780 }, "geometry": { "type": "Point", "coordinates": [ 34.3085, 31.3642 ] } },
{ "type": "Feature", "properties": { "event_id_cnty": "PSE58083", "event_date": "8/21/2024", "year": 2024, "time_precision": 1, "disorder_type": "Political violence", "event_type": "Explosions/Remote violence", "sub_event_type": "Shelling/artillery/missile attack", "actor1": "Military Forces of Israel (2022-)", "assoc_actor_1": null, "inter1": 8, "actor2": "Civilians (Palestine)", "assoc_actor_2": "Fishers (Palestine)", "inter2": 7, "interaction": 78, "civilian_targeting": "Civilian targeting", "iso": 275, "region": "Middle East", "country": "Palestine", "admin1": "Gaza Strip", "admin2": "Deir El Balah", "admin3": null, "location": "Coast of Deir al Balah", "latitude": 31.4323, "longitude": 34.3283, "geo_precision": 2, "source": "Quds News Network; Twitter", "source_scale": "New media-National", "notes": "On 21 August 2024, Israeli gunboats opened fire off the Coast of Deir al Balah (Deir El Balah, Gaza Strip), killing a fisher and injuring another person.", "fatalities": 1, "tags": null, "timestamp": 1764045690 }, "geometry": { "type": "Point", "coordinates": [ 34.3283, 31.4323 ] } },
{ "type": "Feature", "properties": { "event_id_cnty": "PSE58117", "event_date": "8/21/2024", "year": 2024, "time_precision": 1, "disorder_type": "Political violence", "event_type": "Explosions/Remote violence", "sub_event_type": "Air/drone strike", "actor1": "Military Forces of Israel (2022-)", "assoc_actor_1": null, "inter1": 8, "actor2": "Civilians (Palestine)", "assoc_actor_2": null, "inter2": 7, "interaction": 78, "civilian_targeting": "Civilian targeting", "iso": 275, "region": "Middle East", "country": "Palestine", "admin1": "Gaza Strip", "admin2": "Gaza City", "admin3": null, "location": "Gaza - Az Zaytun", "latitude": 31.4964, "longitude": 34.4522, "geo_precision": 1, "source": "Ma'an News Agency; Newpress; Palestine News and Information Agency; Quds News Network; Twitter", "source_scale": "New media-National", "notes": "On 21 August 2024, Israeli warplanes and UAVs struck targets Gaza - Az Zaytun (Gaza City, Gaza Strip). Casualties unknown. Also, the artillery targeted Az Zaytun. Casualties unknown. Also, 3 Palestinians were killed in an airstrike that targeted a house. In addition, 8 Palestinians were killed in 2 other airstrikes. Fatalities coded at least 11.", "fatalities": 11, "tags": null, "timestamp": 1759790002 }, "geometry": { "type": "Point", "coordinates": [ 34.4522, 31.4964 ] } },
{ "type": "Feature", "properties": { "event_id_cnty": "PSE58054", "event_date": "8/22/2024", "year": 2024, "time_precision": 1, "disorder_type": "Political violence", "event_type": "Explosions/Remote violence", "sub_event_type": "Air/drone strike", "actor1": "Military Forces of Israel (2022-)", "assoc_actor_1": null, "inter1": 8, "actor2": "Civilians (Palestine)", "assoc_actor_2": "Journalists (Palestine); Refugees/IDPs (Palestine)", "inter2": 7, "interaction": 78, "civilian_targeting": "Civilian targeting", "iso": 275, "region": "Middle East", "country": "Palestine", "admin1": "Gaza Strip", "admin2": "Deir El Balah", "admin3": null, "location": "Al Maghazi", "latitude": 31.4214, "longitude": 34.3865, "geo_precision": 1, "source": "Arab 48; Palestine News and Information Agency; Quds News Network; Twitter", "source_scale": "New media-National", "notes": "On 22 August 2024, Israeli warplanes struck a house in Al Maghazi Camp (Deir El Balah, Gaza Strip), killing 6 Palestinians [including a journalist] and injuring 4 more.", "fatalities": 6, "tags": null, "timestamp": 1753956638 }, "geometry": { "type": "Point", "coordinates": [ 34.3865, 31.4214 ] } },
{ "type": "Feature", "properties": { "event_id_cnty": "PSE58065", "event_date": "8/22/2024", "year": 2024, "time_precision": 1, "disorder_type": "Political violence", "event_type": "Explosions/Remote violence", "sub_event_type": "Air/drone strike", "actor1": "Military Forces of Israel (2022-)", "assoc_actor_1": null, "inter1": 8, "actor2": "Civilians (Palestine)", "assoc_actor_2": "Refugees/IDPs (Palestine)", "inter2": 7, "interaction": 78, "civilian_targeting": "Civilian targeting", "iso": 275, "region": "Middle East", "country": "Palestine", "admin1": "Gaza Strip", "admin2": "Deir El Balah", "admin3": null, "location": "An Nusayrat", "latitude": 31.4486, "longitude": 34.3925, "geo_precision": 1, "source": "Arab 48; Palestine News and Information Agency; Quds News Network; Twitter", "source_scale": "New media-National", "notes": "On 22 August 2024, Israeli warplanes struck a house in An Nusayrat Camp (Deir El Balah, Gaza Strip), injuring a number of Palestinians. Also, several persons were injured in an airstrike that targeted a mobile room belonging to displaced people.", "fatalities": 0, "tags": null, "timestamp": 1753956638 }, "geometry": { "type": "Point", "coordinates": [ 34.3925, 31.4486 ] } },
{ "type": "Feature", "properties": { "event_id_cnty": "PSE58066", "event_date": "8/22/2024", "year": 2024, "time_precision": 1, "disorder_type": "Political violence", "event_type": "Explosions/Remote violence", "sub_event_type": "Air/drone strike", "actor1": "Military Forces of Israel (2022-)", "assoc_actor_1": null, "inter1": 8, "actor2": "Civilians (Palestine)", "assoc_actor_2": "Refugees/IDPs (Palestine)", "inter2": 7, "interaction": 78, "civilian_targeting": "Civilian targeting", "iso": 275, "region": "Middle East", "country": "Palestine", "admin1": "Gaza Strip", "admin2": "Deir El Balah", "admin3": null, "location": "An Nusayrat", "latitude": 31.4486, "longitude": 34.3925, "geo_precision": 2, "source": "Newpress; Quds News Network; Twitter", "source_scale": "New media-National", "notes": "On 22 August 2024, Israeli artillery shelled a tent belonging to displaced family at Salah al-Din Road east of An Nusayrat camp (Deir El Balah, Gaza Strip), leaving 3 injuries. Also, Israeli warplanes struck and destroyed the Zaqout tower east of An Nusayrat [casualties unknown].", "fatalities": 0, "tags": null, "timestamp": 1753956638 }, "geometry": { "type": "Point", "coordinates": [ 34.3925, 31.4486 ] } },
{ "type": "Feature", "properties": { "event_id_cnty": "PSE58073", "event_date": "8/22/2024", "year": 2024, "time_precision": 1, "disorder_type": "Political violence", "event_type": "Explosions/Remote violence", "sub_event_type": "Shelling/artillery/missile attack", "actor1": "Military Forces of Israel (2022-)", "assoc_actor_1": null, "inter1": 8, "actor2": "Civilians (Palestine)", "assoc_actor_2": null, "inter2": 7, "interaction": 78, "civilian_targeting": "Civilian targeting", "iso": 275, "region": "Middle East", "country": "Palestine", "admin1": "Gaza Strip", "admin2": "Deir El Balah", "admin3": null, "location": "An Nusayrat - North", "latitude": 31.4591, "longitude": 34.3923, "geo_precision": 1, "source": "Arab 48; Newpress; Palestine News and Information Agency; Quds News Network; Twitter", "source_scale": "New media-National", "notes": "On 22 August 2024, Israeli artillery targeted a house near Al Mufti area in An Nusayrat - North (Deir El Balah, Gaza Strip), killing a Palestinian.", "fatalities": 1, "tags": null, "timestamp": 1753956638 }, "geometry": { "type": "Point", "coordinates": [ 34.3923, 31.4591 ] } },
{ "type": "Feature", "properties": { "event_id_cnty": "PSE58076", "event_date": "8/22/2024", "year": 2024, "time_precision": 1, "disorder_type": "Political violence", "event_type": "Explosions/Remote violence", "sub_event_type": "Air/drone strike", "actor1": "Military Forces of Israel (2022-)", "assoc_actor_1": null, "inter1": 8, "actor2": "Civilians (Palestine)", "assoc_actor_2": null, "inter2": 7, "interaction": 78, "civilian_targeting": "Civilian targeting", "iso": 275, "region": "Middle East", "country": "Palestine", "admin1": "Gaza Strip", "admin2": "Deir El Balah", "admin3": null, "location": "An Nusayrat - South", "latitude": 31.4389, "longitude": 34.3815, "geo_precision": 1, "source": "Quds News Network; Twitter", "source_scale": "New media-National", "notes": "On 22 August 2024, Israeli warplanes struck a house in An Nusayrat - South (Deir El Balah, Gaza Strip). Casualties unknown.", "fatalities": 0, "tags": null, "timestamp": 1753956638 }, "geometry": { "type": "Point", "coordinates": [ 34.3815, 31.4389 ] } },
{ "type": "Feature", "properties": { "event_id_cnty": "PSE58079", "event_date": "8/22/2024", "year": 2024, "time_precision": 1, "disorder_type": "Political violence", "event_type": "Explosions/Remote violence", "sub_event_type": "Air/drone strike", "actor1": "Military Forces of Israel (2022-)", "assoc_actor_1": null, "inter1": 8, "actor2": "Civilians (Palestine)", "assoc_actor_2": null, "inter2": 7, "interaction": 78, "civilian_targeting": "Civilian targeting", "iso": 275, "region": "Middle East", "country": "Palestine", "admin1": "Gaza Strip", "admin2": "Deir El Balah", "admin3": null, "location": "An Nusayrat - West", "latitude": 31.4525, "longitude": 34.3756, "geo_precision": 1, "source": "Palestine News and Information Agency", "source_scale": "National", "notes": "On 22 August 2024, Israeli warplanes struck a house in An Nusayrat - West (Deir El Balah, Gaza Strip), injuring a number of Palestinians, including women and children.", "fatalities": 0, "tags": null, "timestamp": 1753956638 }, "geometry": { "type": "Point", "coordinates": [ 34.3756, 31.4525 ] } },
{ "type": "Feature", "properties": { "event_id_cnty": "PSE58093", "event_date": "8/22/2024", "year": 2024, "time_precision": 1, "disorder_type": "Political violence", "event_type": "Explosions/Remote violence", "sub_event_type": "Air/drone strike", "actor1": "Military Forces of Israel (2022-)", "assoc_actor_1": null, "inter1": 8, "actor2": "Civilians (Palestine)", "assoc_actor_2": "Refugees/IDPs (Palestine)", "inter2": 7, "interaction": 78, "civilian_targeting": "Civilian targeting", "iso": 275, "region": "Middle East", "country": "Palestine", "admin1": "Gaza Strip", "admin2": "Deir El Balah", "admin3": null, "location": "Deir al Balah", "latitude": 31.4178, "longitude": 34.3503, "geo_precision": 1, "source": "Arab 48; Palestine News and Information Agency; Quds News Network; Twitter", "source_scale": "New media-National", "notes": "On 22 August 2024, Israeli warplanes targeted a house at Abu Husni street in Deir al Balah city (Deir El Balah, Gaza Strip). Casualties unknown. Also, an Israeli UAV struck a school hosting displaced people in Deir al Balah city, killing 2 Palestinians. Fatalities coded at least 2.", "fatalities": 2, "tags": null, "timestamp": 1753956638 }, "geometry": { "type": "Point", "coordinates": [ 34.3503, 31.4178 ] } },
{ "type": "Feature", "properties": { "event_id_cnty": "PSE58101", "event_date": "8/22/2024", "year": 2024, "time_precision": 1, "disorder_type": "Political violence", "event_type": "Explosions/Remote violence", "sub_event_type": "Air/drone strike", "actor1": "Military Forces of Israel (2022-)", "assoc_actor_1": null, "inter1": 8, "actor2": "Civilians (Palestine)", "assoc_actor_2": null, "inter2": 7, "interaction": 78, "civilian_targeting": "Civilian targeting", "iso": 275, "region": "Middle East", "country": "Palestine", "admin1": "Gaza Strip", "admin2": "Deir El Balah", "admin3": null, "location": "Deir al Balah Camp", "latitude": 31.4249, "longitude": 34.34, "geo_precision": 2, "source": "Newpress; Palestine News and Information Agency; PLO Negotiations Affairs Department; Quds News Network; Twitter", "source_scale": "Other-New media", "notes": "On 22 August 2024, Israeli warplanes and UAVs carried out strikes east of Deir al Balah and the artillery shelled targets east of the city, coded to Deir al Balah Camp (Deir El Balah, Gaza Strip). Casualties unknown. At least one Palestinian was killed by UAVs fire. Fatalities coded at least 1.", "fatalities": 1, "tags": null, "timestamp": 1765850627 }, "geometry": { "type": "Point", "coordinates": [ 34.34, 31.4249 ] } },
{ "type": "Feature", "properties": { "event_id_cnty": "PSE58146", "event_date": "8/22/2024", "year": 2024, "time_precision": 1, "disorder_type": "Political violence", "event_type": "Explosions/Remote violence", "sub_event_type": "Shelling/artillery/missile attack", "actor1": "Military Forces of Israel (2022-)", "assoc_actor_1": null, "inter1": 8, "actor2": "Civilians (Palestine)", "assoc_actor_2": null, "inter2": 7, "interaction": 78, "civilian_targeting": "Civilian targeting", "iso": 275, "region": "Middle East", "country": "Palestine", "admin1": "Gaza Strip", "admin2": "Gaza City", "admin3": null, "location": "Gaza - Sabra", "latitude": 31.5086, "longitude": 34.4493, "geo_precision": 2, "source": "Palestine News and Information Agency", "source_scale": "National", "notes": "On 22 August 2024, Israeli artillery shelled south of Gaza - Sabra (Gaza City, Gaza Strip), injuring a number of Palestinians.", "fatalities": 0, "tags": null, "timestamp": 1759790002 }, "geometry": { "type": "Point", "coordinates": [ 34.4493, 31.5086 ] } },
{ "type": "Feature", "properties": { "event_id_cnty": "PSE58175", "event_date": "8/22/2024", "year": 2024, "time_precision": 1, "disorder_type": "Political violence", "event_type": "Explosions/Remote violence", "sub_event_type": "Air/drone strike", "actor1": "Military Forces of Israel (2022-)", "assoc_actor_1": null, "inter1": 8, "actor2": "Civilians (Palestine)", "assoc_actor_2": null, "inter2": 7, "interaction": 78, "civilian_targeting": "Civilian targeting", "iso": 275, "region": "Middle East", "country": "Palestine", "admin1": "Gaza Strip", "admin2": "Khan Yunis", "admin3": null, "location": "Abasan al Kabirah", "latitude": 31.3191, "longitude": 34.3401, "geo_precision": 1, "source": "Arab 48; Palestine News and Information Agency; Quds News Network; Twitter", "source_scale": "New media-National", "notes": "On 22 August 2024, Israeli warplanes struck a gathering in Abasan al Kabirah (Khan Yunis, Gaza Strip), killing 3 Palestinians including a child.", "fatalities": 3, "tags": null, "timestamp": 1753956638 }, "geometry": { "type": "Point", "coordinates": [ 34.3401, 31.3191 ] } },
{ "type": "Feature", "properties": { "event_id_cnty": "PSE58177", "event_date": "8/22/2024", "year": 2024, "time_precision": 1, "disorder_type": "Political violence", "event_type": "Explosions/Remote violence", "sub_event_type": "Air/drone strike", "actor1": "Military Forces of Israel (2022-)", "assoc_actor_1": null, "inter1": 8, "actor2": "Civilians (Palestine)", "assoc_actor_2": null, "inter2": 7, "interaction": 78, "civilian_targeting": "Civilian targeting", "iso": 275, "region": "Middle East", "country": "Palestine", "admin1": "Gaza Strip", "admin2": "Khan Yunis", "admin3": null, "location": "Al Fukhari", "latitude": 31.2952, "longitude": 34.3332, "geo_precision": 1, "source": "Newpress; Palestine News and Information Agency; Quds News Network; Twitter", "source_scale": "New media-National", "notes": "On 22 August 2024, Israeli warplanes struck a house in Al Fukhari (Khan Yunis, Gaza Strip), killing 2 persons [a woman and her child].", "fatalities": 2, "tags": null, "timestamp": 1753956638 }, "geometry": { "type": "Point", "coordinates": [ 34.3332, 31.2952 ] } },
{ "type": "Feature", "properties": { "event_id_cnty": "PSE58194", "event_date": "8/22/2024", "year": 2024, "time_precision": 1, "disorder_type": "Political violence", "event_type": "Explosions/Remote violence", "sub_event_type": "Shelling/artillery/missile attack", "actor1": "Military Forces of Israel (2022-)", "assoc_actor_1": null, "inter1": 8, "actor2": "Civilians (Palestine)", "assoc_actor_2": "Refugees/IDPs (Palestine)", "inter2": 7, "interaction": 78, "civilian_targeting": "Civilian targeting", "iso": 275, "region": "Middle East", "country": "Palestine", "admin1": "Gaza Strip", "admin2": "Khan Yunis", "admin3": null, "location": "Al Qararah", "latitude": 31.3739, "longitude": 34.3409, "geo_precision": 2, "source": "Newpress; Palestine News and Information Agency; Quds News Network; Twitter", "source_scale": "New media-National", "notes": "On 22 August 2024, Israeli tanks opened fire towards the tents of displaced people in Mawasi Al Qararah, west of Al Qararah (Khan Yunis, Gaza Strip). Casualties unknown.", "fatalities": 0, "tags": null, "timestamp": 1753956638 }, "geometry": { "type": "Point", "coordinates": [ 34.3409, 31.3739 ] } },
{ "type": "Feature", "properties": { "event_id_cnty": "PSE58224", "event_date": "8/22/2024", "year": 2024, "time_precision": 1, "disorder_type": "Political violence", "event_type": "Explosions/Remote violence", "sub_event_type": "Shelling/artillery/missile attack", "actor1": "Military Forces of Israel (2022-)", "assoc_actor_1": null, "inter1": 8, "actor2": "Civilians (Palestine)", "assoc_actor_2": null, "inter2": 7, "interaction": 78, "civilian_targeting": "Civilian targeting", "iso": 275, "region": "Middle East", "country": "Palestine", "admin1": "Gaza Strip", "admin2": "Khan Yunis", "admin3": null, "location": "Hamad", "latitude": 31.3749, "longitude": 34.3193, "geo_precision": 1, "source": "Newpress; Quds News Network; Twitter", "source_scale": "New media-National", "notes": "On 22 August 2024, Israeli artillery carried out intense shelling on the outskirts of Hamad (Khan Yunis, Gaza Strip), killing at least one Palestinian.", "fatalities": 1, "tags": null, "timestamp": 1753956638 }, "geometry": { "type": "Point", "coordinates": [ 34.3193, 31.3749 ] } },
{ "type": "Feature", "properties": { "event_id_cnty": "PSE58278", "event_date": "8/22/2024", "year": 2024, "time_precision": 1, "disorder_type": "Political violence", "event_type": "Explosions/Remote violence", "sub_event_type": "Air/drone strike", "actor1": "Military Forces of Israel (2022-)", "assoc_actor_1": null, "inter1": 8, "actor2": "Civilians (Palestine)", "assoc_actor_2": null, "inter2": 7, "interaction": 78, "civilian_targeting": "Civilian targeting", "iso": 275, "region": "Middle East", "country": "Palestine", "admin1": "Gaza Strip", "admin2": "North Gaza", "admin3": null, "location": "Beit Lahiya", "latitude": 31.5541, "longitude": 34.5016, "geo_precision": 1, "source": "Arab 48; Palestine News and Information Agency; Quds News Network; Twitter", "source_scale": "New media-National", "notes": "On 22 August 2024, Israeli warplanes struck a house in the al-Shaymaa area of Beit Lahiya (North Gaza, Gaza Strip), injuring a number of Palestinians.", "fatalities": 0, "tags": null, "timestamp": 1753956638 }, "geometry": { "type": "Point", "coordinates": [ 34.5016, 31.5541 ] } },
{ "type": "Feature", "properties": { "event_id_cnty": "PSE58297", "event_date": "8/22/2024", "year": 2024, "time_precision": 1, "disorder_type": "Political violence", "event_type": "Explosions/Remote violence", "sub_event_type": "Shelling/artillery/missile attack", "actor1": "Military Forces of Israel (2022-)", "assoc_actor_1": null, "inter1": 8, "actor2": "Civilians (Palestine)", "assoc_actor_2": "Refugees/IDPs (Palestine)", "inter2": 7, "interaction": 78, "civilian_targeting": "Civilian targeting", "iso": 275, "region": "Middle East", "country": "Palestine", "admin1": "Gaza Strip", "admin2": "Rafah", "admin3": null, "location": "Al Mawasi (Rafah)", "latitude": 31.3294, "longitude": 34.2299, "geo_precision": 1, "source": "Quds News Network; Twitter", "source_scale": "New media-National", "notes": "On 22 August 2024, Israeli tanks opened fire at the tents of displaced people in Al Mawasi (Rafah), Gaza Strip. Casualties unknown.", "fatalities": 0, "tags": null, "timestamp": 1762829569 }, "geometry": { "type": "Point", "coordinates": [ 34.2299, 31.3294 ] } },
{ "type": "Feature", "properties": { "event_id_cnty": "PSE58119", "event_date": "8/22/2024", "year": 2024, "time_precision": 1, "disorder_type": "Political violence", "event_type": "Explosions/Remote violence", "sub_event_type": "Air/drone strike", "actor1": "Military Forces of Israel (2022-)", "assoc_actor_1": null, "inter1": 8, "actor2": "Civilians (Palestine)", "assoc_actor_2": null, "inter2": 7, "interaction": 78, "civilian_targeting": "Civilian targeting", "iso": 275, "region": "Middle East", "country": "Palestine", "admin1": "Gaza Strip", "admin2": "Gaza City", "admin3": null, "location": "Gaza - Az Zaytun", "latitude": 31.4964, "longitude": 34.4522, "geo_precision": 2, "source": "Arab 48; Palestine News and Information Agency; Quds News Network; Twitter", "source_scale": "New media-National", "notes": "On 22 August 2024, Israeli warplanes struck a gathering east of Gaza - Az Zaytun (Gaza City, Gaza Strip), killing a Palestinian and injuring a number of others.", "fatalities": 1, "tags": null, "timestamp": 1759790002 }, "geometry": { "type": "Point", "coordinates": [ 34.4522, 31.4964 ] } },
{ "type": "Feature", "properties": { "event_id_cnty": "PSE58283", "event_date": "8/22/2024", "year": 2024, "time_precision": 1, "disorder_type": "Political violence", "event_type": "Explosions/Remote violence", "sub_event_type": "Shelling/artillery/missile attack", "actor1": "Military Forces of Israel (2022-)", "assoc_actor_1": null, "inter1": 8, "actor2": "Civilians (Palestine)", "assoc_actor_2": null, "inter2": 7, "interaction": 78, "civilian_targeting": "Civilian targeting", "iso": 275, "region": "Middle East", "country": "Palestine", "admin1": "Gaza Strip", "admin2": "North Gaza", "admin3": null, "location": "Jabalya", "latitude": 31.5272, "longitude": 34.4835, "geo_precision": 2, "source": "Arab 48; Newpress; Quds News Network; Twitter", "source_scale": "New media-National", "notes": "On 22 August 2024, Israeli artillery shelled targets east of Jabalya (North Gaza, Gaza Strip), killing a Palestinian.", "fatalities": 1, "tags": null, "timestamp": 1759790002 }, "geometry": { "type": "Point", "coordinates": [ 34.4835, 31.5272 ] } },
{ "type": "Feature", "properties": { "event_id_cnty": "PSE58285", "event_date": "8/22/2024", "year": 2024, "time_precision": 1, "disorder_type": "Political violence", "event_type": "Explosions/Remote violence", "sub_event_type": "Air/drone strike", "actor1": "Military Forces of Israel (2022-)", "assoc_actor_1": null, "inter1": 8, "actor2": "Civilians (Palestine)", "assoc_actor_2": null, "inter2": 7, "interaction": 78, "civilian_targeting": "Civilian targeting", "iso": 275, "region": "Middle East", "country": "Palestine", "admin1": "Gaza Strip", "admin2": "North Gaza", "admin3": null, "location": "Jabalya - Tel-Zaatar", "latitude": 31.5367, "longitude": 34.5035, "geo_precision": 1, "source": "Newpress; Palestine News and Information Agency; Quds News Network; Twitter", "source_scale": "New media-National", "notes": "On 22 August 2024, Israeli warplanes struck a house in Jabalya - Tel-Zaatar (North Gaza, Gaza Strip), killing 3 Palestinians and injuring a number of others, including women and children.", "fatalities": 3, "tags": null, "timestamp": 1759790002 }, "geometry": { "type": "Point", "coordinates": [ 34.5035, 31.5367 ] } },
{ "type": "Feature", "properties": { "event_id_cnty": "PSE71486", "event_date": "8/22/2024", "year": 2024, "time_precision": 1, "disorder_type": "Political violence", "event_type": "Violence against civilians", "sub_event_type": "Attack", "actor1": "Unidentified Armed Group (Palestine)", "assoc_actor_1": null, "inter1": 3, "actor2": "Civilians (Palestine)", "assoc_actor_2": null, "inter2": 7, "interaction": 37, "civilian_targeting": "Civilian targeting", "iso": 275, "region": "Middle East", "country": "Palestine", "admin1": "Gaza Strip", "admin2": "Khan Yunis", "admin3": null, "location": "Khan Yunis", "latitude": 31.3502, "longitude": 34.3081, "geo_precision": 1, "source": "The Independent Commission For Human Rights", "source_scale": "National", "notes": "On 22 August 2024, unidentified individuals opened fire and killed a Palestinian in Khan Yunis city (Khan Yunis, Gaza Strip).", "fatalities": 1, "tags": null, "timestamp": 1744085448 }, "geometry": { "type": "Point", "coordinates": [ 34.3081, 31.3502 ] } },
{ "type": "Feature", "properties": { "event_id_cnty": "PSE58057", "event_date": "8/23/2024", "year": 2024, "time_precision": 1, "disorder_type": "Political violence", "event_type": "Explosions/Remote violence", "sub_event_type": "Air/drone strike", "actor1": "Military Forces of Israel (2022-)", "assoc_actor_1": null, "inter1": 8, "actor2": "Civilians (Palestine)", "assoc_actor_2": null, "inter2": 7, "interaction": 78, "civilian_targeting": "Civilian targeting", "iso": 275, "region": "Middle East", "country": "Palestine", "admin1": "Gaza Strip", "admin2": "Deir El Balah", "admin3": null, "location": "Al Musaddar", "latitude": 31.4105, "longitude": 34.378, "geo_precision": 1, "source": "Arab 48", "source_scale": "National", "notes": "On 23 August 2024, Israeli UAV struck a target in Al Musaddar (Deir El Balah, Gaza Strip), killing one Palestinian.", "fatalities": 1, "tags": null, "timestamp": 1765850627 }, "geometry": { "type": "Point", "coordinates": [ 34.378, 31.4105 ] } },
{ "type": "Feature", "properties": { "event_id_cnty": "PSE58074", "event_date": "8/23/2024", "year": 2024, "time_precision": 1, "disorder_type": "Political violence", "event_type": "Explosions/Remote violence", "sub_event_type": "Air/drone strike", "actor1": "Military Forces of Israel (2022-)", "assoc_actor_1": null, "inter1": 8, "actor2": "Civilians (Palestine)", "assoc_actor_2": null, "inter2": 7, "interaction": 78, "civilian_targeting": "Civilian targeting", "iso": 275, "region": "Middle East", "country": "Palestine", "admin1": "Gaza Strip", "admin2": "Deir El Balah", "admin3": null, "location": "An Nusayrat - North", "latitude": 31.4591, "longitude": 34.3923, "geo_precision": 1, "source": "Ma'an News Agency; Newpress; Quds News Network; Twitter", "source_scale": "New media-National", "notes": "On 23 August 2024, Israeli warplanes struck targets in An Nusayrat - North (Deir El Balah, Gaza Strip), leaving 4 fatalities and a number of injuries. Also, the artillery shelled targets in the same location [casualties unknown]. Fatalities coded at least 4.", "fatalities": 4, "tags": null, "timestamp": 1753956638 }, "geometry": { "type": "Point", "coordinates": [ 34.3923, 31.4591 ] } },
{ "type": "Feature", "properties": { "event_id_cnty": "PSE58080", "event_date": "8/23/2024", "year": 2024, "time_precision": 1, "disorder_type": "Political violence", "event_type": "Explosions/Remote violence", "sub_event_type": "Air/drone strike", "actor1": "Military Forces of Israel (2022-)", "assoc_actor_1": null, "inter1": 8, "actor2": "Civilians (Palestine)", "assoc_actor_2": null, "inter2": 7, "interaction": 78, "civilian_targeting": "Civilian targeting", "iso": 275, "region": "Middle East", "country": "Palestine", "admin1": "Gaza Strip", "admin2": "Deir El Balah", "admin3": null, "location": "An Nusayrat - West", "latitude": 31.4525, "longitude": 34.3756, "geo_precision": 1, "source": "Arab 48; Newpress; Quds News Network; Twitter", "source_scale": "New media-National", "notes": "On 23 August 2024, Israeli warplanes struck a house in An Nusayrat - West (Deir El Balah, Gaza Strip), leaving 4 fatalities. Also, the artillery shelled Tabet al-Nwairi in in the same location [casualties unknown]. Fatalities coded at least 4.", "fatalities": 4, "tags": null, "timestamp": 1753956638 }, "geometry": { "type": "Point", "coordinates": [ 34.3756, 31.4525 ] } },
{ "type": "Feature", "properties": { "event_id_cnty": "PSE58208", "event_date": "8/23/2024", "year": 2024, "time_precision": 1, "disorder_type": "Political violence", "event_type": "Explosions/Remote violence", "sub_event_type": "Air/drone strike", "actor1": "Military Forces of Israel (2022-)", "assoc_actor_1": null, "inter1": 8, "actor2": "Civilians (Palestine)", "assoc_actor_2": "Refugees/IDPs (Palestine)", "inter2": 7, "interaction": 78, "civilian_targeting": "Civilian targeting", "iso": 275, "region": "Middle East", "country": "Palestine", "admin1": "Gaza Strip", "admin2": "Khan Yunis", "admin3": null, "location": "Bani Suheila", "latitude": 31.3424, "longitude": 34.325, "geo_precision": 1, "source": "Palestine News and Information Agency; Quds News Network; Twitter", "source_scale": "New media-National", "notes": "On 23 August 2024, Israeli UAVs struck a tent belonging to displaced people in Bani Suheila [casualties unknown]. Also, artillery shelled the north of Bani Suheila junction in Bani Suheila (Khan Yunis, Gaza Strip), leaving injuries.", "fatalities": 0, "tags": null, "timestamp": 1753956638 }, "geometry": { "type": "Point", "coordinates": [ 34.325, 31.3424 ] } },
{ "type": "Feature", "properties": { "event_id_cnty": "PSE58259", "event_date": "8/23/2024", "year": 2024, "time_precision": 1, "disorder_type": "Political violence", "event_type": "Explosions/Remote violence", "sub_event_type": "Air/drone strike", "actor1": "Military Forces of Israel (2022-)", "assoc_actor_1": null, "inter1": 8, "actor2": "Civilians (Palestine)", "assoc_actor_2": null, "inter2": 7, "interaction": 78, "civilian_targeting": "Civilian targeting", "iso": 275, "region": "Middle East", "country": "Palestine", "admin1": "Gaza Strip", "admin2": "Khan Yunis", "admin3": null, "location": "Khan Yunis - Maen", "latitude": 31.336, "longitude": 34.3172, "geo_precision": 2, "source": "Ma'an News Agency; Newpress; Quds News Network; Twitter", "source_scale": "New media-National", "notes": "On 23 August 2024, an Israeli UAV struck a passing car southeast of Khan Yunis, coded to Khan Yunis - Maen (Khan Yunis, Gaza Strip), killing 4 Palestinians.", "fatalities": 4, "tags": null, "timestamp": 1753956638 }, "geometry": { "type": "Point", "coordinates": [ 34.3172, 31.336 ] } },
{ "type": "Feature", "properties": { "event_id_cnty": "PSE58263", "event_date": "8/23/2024", "year": 2024, "time_precision": 1, "disorder_type": "Political violence", "event_type": "Explosions/Remote violence", "sub_event_type": "Air/drone strike", "actor1": "Military Forces of Israel (2022-)", "assoc_actor_1": null, "inter1": 8, "actor2": "Civilians (Palestine)", "assoc_actor_2": null, "inter2": 7, "interaction": 78, "civilian_targeting": "Civilian targeting", "iso": 275, "region": "Middle East", "country": "Palestine", "admin1": "Gaza Strip", "admin2": "Khan Yunis", "admin3": null, "location": "Khan Yunis - West (Municipal Stadium)", "latitude": 31.3484, "longitude": 34.2961, "geo_precision": 2, "source": "Ma'an News Agency; Palestine News and Information Agency; Quds News Network; Twitter", "source_scale": "New media-National", "notes": "On 23 August 2024, Israeli warplanes struck a house in Al Hawouz area in Khan Yunis Camp (coded to Khan Yunis - West (Municipal Stadium), Gaza Strip), killing one Palestinian and injuring others. Also, UAVS struck a target in al-Namsawi area west of the city [casualties unknown]. Fatalities coded at least 1.", "fatalities": 1, "tags": null, "timestamp": 1753956638 }, "geometry": { "type": "Point", "coordinates": [ 34.2961, 31.3484 ] } },
{ "type": "Feature", "properties": { "event_id_cnty": "PSE58280", "event_date": "8/23/2024", "year": 2024, "time_precision": 1, "disorder_type": "Political violence", "event_type": "Explosions/Remote violence", "sub_event_type": "Air/drone strike", "actor1": "Military Forces of Israel (2022-)", "assoc_actor_1": null, "inter1": 8, "actor2": "Civilians (Palestine)", "assoc_actor_2": null, "inter2": 7, "interaction": 78, "civilian_targeting": "Civilian targeting", "iso": 275, "region": "Middle East", "country": "Palestine", "admin1": "Gaza Strip", "admin2": "North Gaza", "admin3": null, "location": "Beit Lahiya - Al Salateen", "latitude": 31.5558, "longitude": 34.4814, "geo_precision": 1, "source": "Newpress; Palestine News and Information Agency; Twitter", "source_scale": "New media-National", "notes": "On 23 August 2024, Israeli warplanes struck targets in Beit Lahiya - Al Salateen (North Gaza, Gaza Strip), killing one Palestinian.", "fatalities": 1, "tags": null, "timestamp": 1753956638 }, "geometry": { "type": "Point", "coordinates": [ 34.4814, 31.5558 ] } },
{ "type": "Feature", "properties": { "event_id_cnty": "PSE58282", "event_date": "8/23/2024", "year": 2024, "time_precision": 1, "disorder_type": "Political violence", "event_type": "Explosions/Remote violence", "sub_event_type": "Air/drone strike", "actor1": "Military Forces of Israel (2022-)", "assoc_actor_1": null, "inter1": 8, "actor2": "Civilians (Palestine)", "assoc_actor_2": null, "inter2": 7, "interaction": 78, "civilian_targeting": "Civilian targeting", "iso": 275, "region": "Middle East", "country": "Palestine", "admin1": "Gaza Strip", "admin2": "North Gaza", "admin3": null, "location": "Beit Lahiya - Ezbet Beit Hanoun", "latitude": 31.5472, "longitude": 34.5225, "geo_precision": 1, "source": "Palestine News and Information Agency; Quds News Network; Twitter", "source_scale": "New media-National", "notes": "On 23 August 2024, Israeli warplanes struck targets in Beit Lahiya - Ezbet Beit Hanoun (North Gaza, Gaza Strip), killing 4 Palestinians.", "fatalities": 4, "tags": null, "timestamp": 1753956638 }, "geometry": { "type": "Point", "coordinates": [ 34.5225, 31.5472 ] } },
{ "type": "Feature", "properties": { "event_id_cnty": "PSE58266", "event_date": "8/23/2024", "year": 2024, "time_precision": 1, "disorder_type": "Political violence", "event_type": "Explosions/Remote violence", "sub_event_type": "Shelling/artillery/missile attack", "actor1": "Military Forces of Israel (2022-)", "assoc_actor_1": null, "inter1": 8, "actor2": "Civilians (Palestine)", "assoc_actor_2": null, "inter2": 7, "interaction": 78, "civilian_targeting": "Civilian targeting", "iso": 275, "region": "Middle East", "country": "Palestine", "admin1": "Gaza Strip", "admin2": "Khan Yunis", "admin3": null, "location": "Qizan an Najjar", "latitude": 31.323, "longitude": 34.2761, "geo_precision": 2, "source": "Ma'an News Agency; Palestine News and Information Agency; Quds News Network; Twitter", "source_scale": "New media-National", "notes": "On 23 August 2024, Israeli artillery shelled the Qizan Rashawan west of Qizan an Najjar (Khan Yunis, Gaza Strip), killing 2 Palestinians and injuring others.", "fatalities": 2, "tags": null, "timestamp": 1753956638 }, "geometry": { "type": "Point", "coordinates": [ 34.2761, 31.323 ] } },
{ "type": "Feature", "properties": { "event_id_cnty": "PSE58307", "event_date": "8/23/2024", "year": 2024, "time_precision": 1, "disorder_type": "Political violence", "event_type": "Explosions/Remote violence", "sub_event_type": "Shelling/artillery/missile attack", "actor1": "Military Forces of Israel (2022-)", "assoc_actor_1": null, "inter1": 8, "actor2": "Civilians (Palestine)", "assoc_actor_2": null, "inter2": 7, "interaction": 78, "civilian_targeting": "Civilian targeting", "iso": 275, "region": "Middle East", "country": "Palestine", "admin1": "Gaza Strip", "admin2": "Rafah", "admin3": null, "location": "Rafah", "latitude": 31.287, "longitude": 34.2595, "geo_precision": 1, "source": "Ma'an News Agency; Newpress; Palestine News and Information Agency; Quds News Network; Twitter", "source_scale": "New media-National", "notes": "On 23 August 2024, Israeli artillery shelled targets in Rafah city (Rafah, Gaza Strip), killing 2 Palestinians.", "fatalities": 2, "tags": null, "timestamp": 1762829569 }, "geometry": { "type": "Point", "coordinates": [ 34.2595, 31.287 ] } },
{ "type": "Feature", "properties": { "event_id_cnty": "PSE58476", "event_date": "8/24/2024", "year": 2024, "time_precision": 1, "disorder_type": "Political violence", "event_type": "Explosions/Remote violence", "sub_event_type": "Air/drone strike", "actor1": "Military Forces of Israel (2022-)", "assoc_actor_1": null, "inter1": 8, "actor2": "Civilians (Palestine)", "assoc_actor_2": "Refugees/IDPs (Palestine)", "inter2": 7, "interaction": 78, "civilian_targeting": "Civilian targeting", "iso": 275, "region": "Middle East", "country": "Palestine", "admin1": "Gaza Strip", "admin2": "Deir El Balah", "admin3": null, "location": "Al Burayj", "latitude": 31.4394, "longitude": 34.4031, "geo_precision": 1, "source": "Arab 48; Ma'an News Agency; Palestine News and Information Agency; Quds News Network; Twitter", "source_scale": "New media-National", "notes": "On 24 August 2024, Israeli warplanes carried out a strike in Al Burayj and artillery shelled a house in Al Burayj camp (Deir El Balah, Gaza Strip), killing a woman along with her baby girl.", "fatalities": 2, "tags": null, "timestamp": 1753956638 }, "geometry": { "type": "Point", "coordinates": [ 34.4031, 31.4394 ] } },
{ "type": "Feature", "properties": { "event_id_cnty": "PSE58478", "event_date": "8/24/2024", "year": 2024, "time_precision": 1, "disorder_type": "Political violence", "event_type": "Explosions/Remote violence", "sub_event_type": "Air/drone strike", "actor1": "Military Forces of Israel (2022-)", "assoc_actor_1": null, "inter1": 8, "actor2": "Civilians (Palestine)", "assoc_actor_2": "Refugees/IDPs (Palestine)", "inter2": 7, "interaction": 78, "civilian_targeting": "Civilian targeting", "iso": 275, "region": "Middle East", "country": "Palestine", "admin1": "Gaza Strip", "admin2": "Deir El Balah", "admin3": null, "location": "An Nusayrat", "latitude": 31.4486, "longitude": 34.3925, "geo_precision": 1, "source": "Palestine News and Information Agency; Quds News Network; Twitter", "source_scale": "New media-National", "notes": "On 24 August 2024, Israeli warplanes struck an apartment at Ein Jalout towers in An Nusayrat camp (Deir El Balah, Gaza Strip), killing 3 Palestinians and injuring others.", "fatalities": 3, "tags": null, "timestamp": 1753956638 }, "geometry": { "type": "Point", "coordinates": [ 34.3925, 31.4486 ] } },
{ "type": "Feature", "properties": { "event_id_cnty": "PSE58479", "event_date": "8/24/2024", "year": 2024, "time_precision": 1, "disorder_type": "Political violence", "event_type": "Explosions/Remote violence", "sub_event_type": "Air/drone strike", "actor1": "Military Forces of Israel (2022-)", "assoc_actor_1": null, "inter1": 8, "actor2": "Civilians (Palestine)", "assoc_actor_2": "Refugees/IDPs (Palestine)", "inter2": 7, "interaction": 78, "civilian_targeting": "Civilian targeting", "iso": 275, "region": "Middle East", "country": "Palestine", "admin1": "Gaza Strip", "admin2": "Deir El Balah", "admin3": null, "location": "An Nusayrat - North", "latitude": 31.4591, "longitude": 34.3923, "geo_precision": 1, "source": "Ma'an News Agency; Palestine News and Information Agency", "source_scale": "National", "notes": "On 24 August 2024, an Israeli UAV struck a school hosting displaced people in An Nusayrat - North (Deir El Balah, Gaza Strip), injuring 3 Palestinians. Also, the artillery shelled the Al Mufti land in the same location [casualties unknown].", "fatalities": 0, "tags": null, "timestamp": 1753956638 }, "geometry": { "type": "Point", "coordinates": [ 34.3923, 31.4591 ] } },
{ "type": "Feature", "properties": { "event_id_cnty": "PSE58481", "event_date": "8/24/2024", "year": 2024, "time_precision": 1, "disorder_type": "Political violence", "event_type": "Explosions/Remote violence", "sub_event_type": "Air/drone strike", "actor1": "Military Forces of Israel (2022-)", "assoc_actor_1": null, "inter1": 8, "actor2": "Civilians (Palestine)", "assoc_actor_2": null, "inter2": 7, "interaction": 78, "civilian_targeting": "Civilian targeting", "iso": 275, "region": "Middle East", "country": "Palestine", "admin1": "Gaza Strip", "admin2": "Deir El Balah", "admin3": null, "location": "Deir al Balah", "latitude": 31.4178, "longitude": 34.3503, "geo_precision": 1, "source": "Arab 48; Newpress; Palestine News and Information Agency; Quds News Network; Twitter", "source_scale": "New media-National", "notes": "On 24 August 2024, Israeli warplanes struck a target the al-Haker area in Deir al Balah city (Deir El Balah, Gaza Strip), killing 6 Palestinians and injuring others. Also, the artillery targeted the same area, leaving a number of injuries. Meanwhile, warplanes carried out intense strikes east of Deir al Balah [casualties unknown]. Fatalities were at least 6.", "fatalities": 6, "tags": null, "timestamp": 1753956638 }, "geometry": { "type": "Point", "coordinates": [ 34.3503, 31.4178 ] } },
{ "type": "Feature", "properties": { "event_id_cnty": "PSE58482", "event_date": "8/24/2024", "year": 2024, "time_precision": 1, "disorder_type": "Political violence", "event_type": "Violence against civilians", "sub_event_type": "Attack", "actor1": "Military Forces of Israel (2022-)", "assoc_actor_1": null, "inter1": 8, "actor2": "Civilians (Palestine)", "assoc_actor_2": "Refugees/IDPs (Palestine); Women (Palestine)", "inter2": 7, "interaction": 78, "civilian_targeting": "Civilian targeting", "iso": 275, "region": "Middle East", "country": "Palestine", "admin1": "Gaza Strip", "admin2": "Deir El Balah", "admin3": null, "location": "Deir al Balah", "latitude": 31.4178, "longitude": 34.3503, "geo_precision": 1, "source": "Quds News Network; Twitter", "source_scale": "New media-National", "notes": "On 24 August 2024, an Israeli sniper shot and killed a Palestinian woman while she was inside a school hosting displaced people in Deir al Balah city (Deir El Balah, Gaza Strip).", "fatalities": 1, "tags": null, "timestamp": 1753956638 }, "geometry": { "type": "Point", "coordinates": [ 34.3503, 31.4178 ] } },
{ "type": "Feature", "properties": { "event_id_cnty": "PSE58484", "event_date": "8/24/2024", "year": 2024, "time_precision": 1, "disorder_type": "Political violence", "event_type": "Explosions/Remote violence", "sub_event_type": "Air/drone strike", "actor1": "Military Forces of Israel (2022-)", "assoc_actor_1": null, "inter1": 8, "actor2": "Civilians (Palestine)", "assoc_actor_2": "Refugees/IDPs (Palestine)", "inter2": 7, "interaction": 78, "civilian_targeting": "Civilian targeting", "iso": 275, "region": "Middle East", "country": "Palestine", "admin1": "Gaza Strip", "admin2": "Deir El Balah", "admin3": null, "location": "Deir al Balah Camp", "latitude": 31.4249, "longitude": 34.34, "geo_precision": 2, "source": "Palestine News and Information Agency; PLO Negotiations Affairs Department; Quds News Network; Twitter", "source_scale": "Other-New media", "notes": "On 24 August 2024, Israeli warplanes struck targets including a house and group of Palestinians in Abu Arif area east of Deir al Balah, coded to Deir al Balah Camp (Deir El Balah, Gaza Strip), killing at least one person and injuring others. Meanwhile, UAVs opened fire at the tents of displaced people east of Deir al Balah, leaving one fatality and a number of injuries including women. Also, the Israeli artillery shelled targets east of Deir al Balah. Casualties unknown. Total fatalities coded at least 2.", "fatalities": 2, "tags": null, "timestamp": 1765850627 }, "geometry": { "type": "Point", "coordinates": [ 34.34, 31.4249 ] } },
{ "type": "Feature", "properties": { "event_id_cnty": "PSE58495", "event_date": "8/24/2024", "year": 2024, "time_precision": 1, "disorder_type": "Political violence", "event_type": "Explosions/Remote violence", "sub_event_type": "Shelling/artillery/missile attack", "actor1": "Military Forces of Israel (2022-)", "assoc_actor_1": null, "inter1": 8, "actor2": "Civilians (Palestine)", "assoc_actor_2": null, "inter2": 7, "interaction": 78, "civilian_targeting": "Civilian targeting", "iso": 275, "region": "Middle East", "country": "Palestine", "admin1": "Gaza Strip", "admin2": "Khan Yunis", "admin3": null, "location": "Khan Yunis", "latitude": 31.3502, "longitude": 34.3081, "geo_precision": 1, "source": "Palestine News and Information Agency", "source_scale": "National", "notes": "On 24 August 2024, Israeli tanks opened fire in Khan Yunis city (Khan Yunis, Gaza Strip), killing a Palestinian and injuring 3 more.", "fatalities": 1, "tags": null, "timestamp": 1753956638 }, "geometry": { "type": "Point", "coordinates": [ 34.3081, 31.3502 ] } },
{ "type": "Feature", "properties": { "event_id_cnty": "PSE58496", "event_date": "8/24/2024", "year": 2024, "time_precision": 1, "disorder_type": "Political violence", "event_type": "Explosions/Remote violence", "sub_event_type": "Air/drone strike", "actor1": "Military Forces of Israel (2022-)", "assoc_actor_1": null, "inter1": 8, "actor2": "Civilians (Palestine)", "assoc_actor_2": null, "inter2": 7, "interaction": 78, "civilian_targeting": "Civilian targeting", "iso": 275, "region": "Middle East", "country": "Palestine", "admin1": "Gaza Strip", "admin2": "Khan Yunis", "admin3": null, "location": "Khan Yunis - Al Amal", "latitude": 31.3544, "longitude": 34.3007, "geo_precision": 1, "source": "Ma'an News Agency; Palestine News and Information Agency; Quds News Network; Twitter", "source_scale": "New media-National", "notes": "On 24 August 2024, Israeli warplanes struck a house in Khan Yunis - Al Amal (Khan Yunis, Gaza Strip), killing 11 Palestinians including 4 women and 4 children, and injuring 15 more.", "fatalities": 11, "tags": null, "timestamp": 1753956638 }, "geometry": { "type": "Point", "coordinates": [ 34.3007, 31.3544 ] } },
{ "type": "Feature", "properties": { "event_id_cnty": "PSE58497", "event_date": "8/24/2024", "year": 2024, "time_precision": 1, "disorder_type": "Political violence", "event_type": "Explosions/Remote violence", "sub_event_type": "Air/drone strike", "actor1": "Military Forces of Israel (2022-)", "assoc_actor_1": null, "inter1": 8, "actor2": "Civilians (Palestine)", "assoc_actor_2": null, "inter2": 7, "interaction": 78, "civilian_targeting": "Civilian targeting", "iso": 275, "region": "Middle East", "country": "Palestine", "admin1": "Gaza Strip", "admin2": "Khan Yunis", "admin3": null, "location": "Khan Yunis - Al Kateebeh", "latitude": 31.3642, "longitude": 34.3085, "geo_precision": 1, "source": "Arab 48; Jerusalem Post; Newpress; Palestine News and Information Agency; Quds News Network; Twitter", "source_scale": "New media-National", "notes": "On 24 August 2024, Israeli UAVs struck a Tuk Tuk vehicle in Khan Yunis - Al Kateebeh (Khan Yunis, Gaza Strip), leaving 11 fatalities.", "fatalities": 11, "tags": null, "timestamp": 1767742780 }, "geometry": { "type": "Point", "coordinates": [ 34.3085, 31.3642 ] } },
{ "type": "Feature", "properties": { "event_id_cnty": "PSE58498", "event_date": "8/24/2024", "year": 2024, "time_precision": 1, "disorder_type": "Political violence", "event_type": "Explosions/Remote violence", "sub_event_type": "Air/drone strike", "actor1": "Military Forces of Israel (2022-)", "assoc_actor_1": null, "inter1": 8, "actor2": "Civilians (Palestine)", "assoc_actor_2": null, "inter2": 7, "interaction": 78, "civilian_targeting": "Civilian targeting", "iso": 275, "region": "Middle East", "country": "Palestine", "admin1": "Gaza Strip", "admin2": "Khan Yunis", "admin3": null, "location": "Khan Yunis - Al Kateebeh", "latitude": 31.3642, "longitude": 34.3085, "geo_precision": 2, "source": "Quds News Network; Twitter", "source_scale": "New media-National", "notes": "On 24 August 2024, Israeli UAVs opened fire in Asdaa city north of Khan Yunis, coded to Khan Yunis - Al Kateebeh (Khan Yunis, Gaza Strip), leaving injuries. A Palestinian woman succumbed to her wounds.", "fatalities": 1, "tags": null, "timestamp": 1767742780 }, "geometry": { "type": "Point", "coordinates": [ 34.3085, 31.3642 ] } },
{ "type": "Feature", "properties": { "event_id_cnty": "PSE58499", "event_date": "8/24/2024", "year": 2024, "time_precision": 1, "disorder_type": "Political violence", "event_type": "Explosions/Remote violence", "sub_event_type": "Air/drone strike", "actor1": "Military Forces of Israel (2022-)", "assoc_actor_1": null, "inter1": 8, "actor2": "Civilians (Palestine)", "assoc_actor_2": null, "inter2": 7, "interaction": 78, "civilian_targeting": "Civilian targeting", "iso": 275, "region": "Middle East", "country": "Palestine", "admin1": "Gaza Strip", "admin2": "Khan Yunis", "admin3": null, "location": "Khan Yunis - As Sater", "latitude": 31.3637, "longitude": 34.3228, "geo_precision": 1, "source": "Arab 48", "source_scale": "National", "notes": "On 24 August 2024, Israeli forces [likely warplanes] struck and killed 2 Palestinians in Khan Yunis - As sater (Khan Yunis, Gaza Strip).", "fatalities": 2, "tags": null, "timestamp": 1753956638 }, "geometry": { "type": "Point", "coordinates": [ 34.3228, 31.3637 ] } },
{ "type": "Feature", "properties": { "event_id_cnty": "PSE58501", "event_date": "8/24/2024", "year": 2024, "time_precision": 1, "disorder_type": "Political violence", "event_type": "Explosions/Remote violence", "sub_event_type": "Shelling/artillery/missile attack", "actor1": "Military Forces of Israel (2022-)", "assoc_actor_1": null, "inter1": 8, "actor2": "Civilians (Palestine)", "assoc_actor_2": null, "inter2": 7, "interaction": 78, "civilian_targeting": "Civilian targeting", "iso": 275, "region": "Middle East", "country": "Palestine", "admin1": "Gaza Strip", "admin2": "Khan Yunis", "admin3": null, "location": "Khan Yunis - Maen", "latitude": 31.336, "longitude": 34.3172, "geo_precision": 2, "source": "Ma'an News Agency; Palestine News and Information Agency; Quds News Network; Twitter", "source_scale": "New media-National", "notes": "On 24 August 2024, Israeli artillery shelled targets including in al-Tahliah area southeast of Khan Yunis, coded to Khan Yunis - Maen (Khan Yunis, Gaza Strip), leaving 4 fatalities and a number of injuries.", "fatalities": 4, "tags": null, "timestamp": 1753956638 }, "geometry": { "type": "Point", "coordinates": [ 34.3172, 31.336 ] } },
{ "type": "Feature", "properties": { "event_id_cnty": "PSE58502", "event_date": "8/24/2024", "year": 2024, "time_precision": 1, "disorder_type": "Political violence", "event_type": "Explosions/Remote violence", "sub_event_type": "Shelling/artillery/missile attack", "actor1": "Military Forces of Israel (2022-)", "assoc_actor_1": null, "inter1": 8, "actor2": "Civilians (Palestine)", "assoc_actor_2": "Refugees/IDPs (Palestine)", "inter2": 7, "interaction": 78, "civilian_targeting": "Civilian targeting", "iso": 275, "region": "Middle East", "country": "Palestine", "admin1": "Gaza Strip", "admin2": "Khan Yunis", "admin3": null, "location": "Khan Yunis - West (Municipal Stadium)", "latitude": 31.3484, "longitude": 34.2961, "geo_precision": 2, "source": "Newpress; Twitter", "source_scale": "New media-National", "notes": "On 24 August 2024, Israeli tanks opened fire at the tents of displaced people at street 5 west of Khan Yunis, (coded to Khan Yunis - West (Municipal Stadium), Gaza Strip) killing a Palestinian and injuring 3 more.", "fatalities": 1, "tags": null, "timestamp": 1753956638 }, "geometry": { "type": "Point", "coordinates": [ 34.2961, 31.3484 ] } },
{ "type": "Feature", "properties": { "event_id_cnty": "PSE58488", "event_date": "8/24/2024", "year": 2024, "time_precision": 1, "disorder_type": "Political violence", "event_type": "Explosions/Remote violence", "sub_event_type": "Air/drone strike", "actor1": "Military Forces of Israel (2022-)", "assoc_actor_1": null, "inter1": 8, "actor2": "Civilians (Palestine)", "assoc_actor_2": null, "inter2": 7, "interaction": 78, "civilian_targeting": "Civilian targeting", "iso": 275, "region": "Middle East", "country": "Palestine", "admin1": "Gaza Strip", "admin2": "Gaza City", "admin3": null, "location": "Gaza - Az Zaytun", "latitude": 31.4964, "longitude": 34.4522, "geo_precision": 1, "source": "Quds News Network; Twitter", "source_scale": "New media-National", "notes": "On 24 August 2024, Israeli warplanes struck 2 houses and shelled artillery in Gaza - Az Zaytun (Gaza City, Gaza Strip). Casualties unknown.", "fatalities": 0, "tags": null, "timestamp": 1759790002 }, "geometry": { "type": "Point", "coordinates": [ 34.4522, 31.4964 ] } },
{ "type": "Feature", "properties": { "event_id_cnty": "PSE58500", "event_date": "8/24/2024", "year": 2024, "time_precision": 1, "disorder_type": "Political violence", "event_type": "Explosions/Remote violence", "sub_event_type": "Shelling/artillery/missile attack", "actor1": "Military Forces of Israel (2022-)", "assoc_actor_1": null, "inter1": 8, "actor2": "Civilians (Palestine)", "assoc_actor_2": null, "inter2": 7, "interaction": 78, "civilian_targeting": "Civilian targeting", "iso": 275, "region": "Middle East", "country": "Palestine", "admin1": "Gaza Strip", "admin2": "Khan Yunis", "admin3": null, "location": "Khan Yunis - Jourat Al-Loot", "latitude": 31.3314, "longitude": 34.3004, "geo_precision": 1, "source": "Ma'an News Agency; Palestine News and Information Agency", "source_scale": "National", "notes": "On 24 August 2024, Israeli artillery shelled targets near al-Salam street in Khan Yunis - Jourat Al-Loot (Khan Yunis, Gaza Strip), leaving injuries.", "fatalities": 0, "tags": null, "timestamp": 1753956638 }, "geometry": { "type": "Point", "coordinates": [ 34.3004, 31.3314 ] } },
{ "type": "Feature", "properties": { "event_id_cnty": "PSE58505", "event_date": "8/24/2024", "year": 2024, "time_precision": 1, "disorder_type": "Political violence", "event_type": "Explosions/Remote violence", "sub_event_type": "Air/drone strike", "actor1": "Military Forces of Israel (2022-)", "assoc_actor_1": null, "inter1": 8, "actor2": "Civilians (Palestine)", "assoc_actor_2": null, "inter2": 7, "interaction": 78, "civilian_targeting": "Civilian targeting", "iso": 275, "region": "Middle East", "country": "Palestine", "admin1": "Gaza Strip", "admin2": "Rafah", "admin3": null, "location": "Rafah", "latitude": 31.287, "longitude": 34.2595, "geo_precision": 1, "source": "Palestine News and Information Agency", "source_scale": "National", "notes": "On 24 August 2024, at least 3 Palestinians were killed in Rafah city (Rafah, Gaza Strip) likely by airstrikes.", "fatalities": 3, "tags": null, "timestamp": 1762829569 }, "geometry": { "type": "Point", "coordinates": [ 34.2595, 31.287 ] } },
{ "type": "Feature", "properties": { "event_id_cnty": "PSE58528", "event_date": "8/25/2024", "year": 2024, "time_precision": 1, "disorder_type": "Political violence", "event_type": "Explosions/Remote violence", "sub_event_type": "Shelling/artillery/missile attack", "actor1": "Military Forces of Israel (2022-)", "assoc_actor_1": null, "inter1": 8, "actor2": "Civilians (Palestine)", "assoc_actor_2": null, "inter2": 7, "interaction": 78, "civilian_targeting": "Civilian targeting", "iso": 275, "region": "Middle East", "country": "Palestine", "admin1": "Gaza Strip", "admin2": "Deir El Balah", "admin3": null, "location": "Al Burayj", "latitude": 31.4394, "longitude": 34.4031, "geo_precision": 1, "source": "Palestine News and Information Agency; Quds News Network; Twitter", "source_scale": "New media-National", "notes": "On 25 August 2024, Israeli artillery targeted the junction of Al Burayj Camp (Deir El Balah, Gaza Strip), killing a Palestinian and injuring 4 more.", "fatalities": 1, "tags": null, "timestamp": 1753956638 }, "geometry": { "type": "Point", "coordinates": [ 34.4031, 31.4394 ] } },
{ "type": "Feature", "properties": { "event_id_cnty": "PSE58530", "event_date": "8/25/2024", "year": 2024, "time_precision": 1, "disorder_type": "Political violence", "event_type": "Explosions/Remote violence", "sub_event_type": "Air/drone strike", "actor1": "Military Forces of Israel (2022-)", "assoc_actor_1": null, "inter1": 8, "actor2": "Civilians (Palestine)", "assoc_actor_2": null, "inter2": 7, "interaction": 78, "civilian_targeting": "Civilian targeting", "iso": 275, "region": "Middle East", "country": "Palestine", "admin1": "Gaza Strip", "admin2": "Deir El Balah", "admin3": null, "location": "Al Maghazi", "latitude": 31.4214, "longitude": 34.3865, "geo_precision": 2, "source": "Quds News Network; Twitter", "source_scale": "New media-National", "notes": "On 25 August 2024, Israeli UAVs struck a house east of Al Maghazi camp (Deir El Balah, Gaza Strip). Casualties unknown.", "fatalities": 0, "tags": null, "timestamp": 1753956638 }, "geometry": { "type": "Point", "coordinates": [ 34.3865, 31.4214 ] } },
{ "type": "Feature", "properties": { "event_id_cnty": "PSE58532", "event_date": "8/25/2024", "year": 2024, "time_precision": 1, "disorder_type": "Political violence", "event_type": "Explosions/Remote violence", "sub_event_type": "Air/drone strike", "actor1": "Military Forces of Israel (2022-)", "assoc_actor_1": null, "inter1": 8, "actor2": "Civilians (Palestine)", "assoc_actor_2": null, "inter2": 7, "interaction": 78, "civilian_targeting": "Civilian targeting", "iso": 275, "region": "Middle East", "country": "Palestine", "admin1": "Gaza Strip", "admin2": "Deir El Balah", "admin3": null, "location": "An Nusayrat", "latitude": 31.4486, "longitude": 34.3925, "geo_precision": 1, "source": "Quds News Network; Twitter", "source_scale": "New media-National", "notes": "On 25 August 2024, Israeli warplanes struck a house in An Nusayrat Camp (Deir El Balah, Gaza strip), injuring one person.", "fatalities": 0, "tags": null, "timestamp": 1753956638 }, "geometry": { "type": "Point", "coordinates": [ 34.3925, 31.4486 ] } },
{ "type": "Feature", "properties": { "event_id_cnty": "PSE58533", "event_date": "8/25/2024", "year": 2024, "time_precision": 1, "disorder_type": "Political violence", "event_type": "Explosions/Remote violence", "sub_event_type": "Air/drone strike", "actor1": "Military Forces of Israel (2022-)", "assoc_actor_1": null, "inter1": 8, "actor2": "Civilians (Palestine)", "assoc_actor_2": null, "inter2": 7, "interaction": 78, "civilian_targeting": "Civilian targeting", "iso": 275, "region": "Middle East", "country": "Palestine", "admin1": "Gaza Strip", "admin2": "Deir El Balah", "admin3": null, "location": "An Nusayrat - North", "latitude": 31.4591, "longitude": 34.3923, "geo_precision": 1, "source": "Quds News Network; Twitter", "source_scale": "New media-National", "notes": "On 25 August 2024, an Israeli UAV struck and killed a Palestinian in Al Mufti area in An Nusayrat - North (Deir El Balah, Gaza Strip).", "fatalities": 1, "tags": null, "timestamp": 1753956638 }, "geometry": { "type": "Point", "coordinates": [ 34.3923, 31.4591 ] } },
{ "type": "Feature", "properties": { "event_id_cnty": "PSE58535", "event_date": "8/25/2024", "year": 2024, "time_precision": 1, "disorder_type": "Political violence", "event_type": "Explosions/Remote violence", "sub_event_type": "Air/drone strike", "actor1": "Military Forces of Israel (2022-)", "assoc_actor_1": null, "inter1": 8, "actor2": "Civilians (Palestine)", "assoc_actor_2": null, "inter2": 7, "interaction": 78, "civilian_targeting": "Civilian targeting", "iso": 275, "region": "Middle East", "country": "Palestine", "admin1": "Gaza Strip", "admin2": "Deir El Balah", "admin3": null, "location": "Deir al Balah", "latitude": 31.4178, "longitude": 34.3503, "geo_precision": 1, "source": "Palestine News and Information Agency; Quds News Network; Twitter", "source_scale": "New media-National", "notes": "On 25 August 2024, Israeli UAVs opened fire near al-Anan stadium in Deir al Balah city (Deir El Balah, Gaza Strip), killing 3 Palestinians and injuring dozens. Also, the artillery shelled targets in Deir al Balah city [casualties unknown]. Also, Palestinian was killed in Al Haker area. Fatalities coded at least 4.", "fatalities": 4, "tags": null, "timestamp": 1753956638 }, "geometry": { "type": "Point", "coordinates": [ 34.3503, 31.4178 ] } },
{ "type": "Feature", "properties": { "event_id_cnty": "PSE58543", "event_date": "8/25/2024", "year": 2024, "time_precision": 1, "disorder_type": "Political violence", "event_type": "Explosions/Remote violence", "sub_event_type": "Air/drone strike", "actor1": "Military Forces of Israel (2022-)", "assoc_actor_1": null, "inter1": 8, "actor2": "Civilians (Palestine)", "assoc_actor_2": null, "inter2": 7, "interaction": 78, "civilian_targeting": "Civilian targeting", "iso": 275, "region": "Middle East", "country": "Palestine", "admin1": "Gaza Strip", "admin2": "Gaza City", "admin3": null, "location": "Gaza - Nasr", "latitude": 31.534, "longitude": 34.4574, "geo_precision": 1, "source": "Newpress; Palestine News and Information Agency; Quds News Network; Twitter", "source_scale": "New media-National", "notes": "On 25 August 2024, Israeli warplanes struck an apartment near al-Eyoun junction in Gaza - Nasr (Gaza City, Gaza Strip), leaving 4 fatalities.", "fatalities": 4, "tags": null, "timestamp": 1753956638 }, "geometry": { "type": "Point", "coordinates": [ 34.4574, 31.534 ] } },
{ "type": "Feature", "properties": { "event_id_cnty": "PSE58546", "event_date": "8/25/2024", "year": 2024, "time_precision": 1, "disorder_type": "Political violence", "event_type": "Explosions/Remote violence", "sub_event_type": "Air/drone strike", "actor1": "Military Forces of Israel (2022-)", "assoc_actor_1": null, "inter1": 8, "actor2": "Civilians (Palestine)", "assoc_actor_2": null, "inter2": 7, "interaction": 78, "civilian_targeting": "Civilian targeting", "iso": 275, "region": "Middle East", "country": "Palestine", "admin1": "Gaza Strip", "admin2": "Gaza City", "admin3": null, "location": "Gaza - Shujaiyya", "latitude": 31.4988, "longitude": 34.4699, "geo_precision": 2, "source": "PLO Negotiations Affairs Department; Quds News Network; Twitter", "source_scale": "Other-New media", "notes": "On 25 August 2024, Israeli warplanes carried out a strike and artillery and tanks shelled targets east of Gaza City, coded to Gaza - Shujaiyya (Gaza City, Gaza Strip). Casualties unknown. Al least 3 Palestinians were killed in an airstrike that targeted a house in al Mashahrah area east of Gaza city. Fatalities coded at least 3.", "fatalities": 3, "tags": null, "timestamp": 1759790002 }, "geometry": { "type": "Point", "coordinates": [ 34.4699, 31.4988 ] } },
{ "type": "Feature", "properties": { "event_id_cnty": "PSE58547", "event_date": "8/25/2024", "year": 2024, "time_precision": 1, "disorder_type": "Political violence", "event_type": "Explosions/Remote violence", "sub_event_type": "Air/drone strike", "actor1": "Military Forces of Israel (2022-)", "assoc_actor_1": null, "inter1": 8, "actor2": "Civilians (Palestine)", "assoc_actor_2": null, "inter2": 7, "interaction": 78, "civilian_targeting": "Civilian targeting", "iso": 275, "region": "Middle East", "country": "Palestine", "admin1": "Gaza Strip", "admin2": "Gaza City", "admin3": null, "location": "Gaza - Southern Remal", "latitude": 31.5168, "longitude": 34.4355, "geo_precision": 2, "source": "Palestine News and Information Agency; Quds News Network; Twitter", "source_scale": "New media-National", "notes": "On 25 August 2024, Israeli warplanes struck a house in Shuhdaa Street west of Gaza City, coded to Gaza - Southern Remal (Gaza City, Gaza Strip), leaving 5 fatalities.", "fatalities": 5, "tags": null, "timestamp": 1759790002 }, "geometry": { "type": "Point", "coordinates": [ 34.4355, 31.5168 ] } },
{ "type": "Feature", "properties": { "event_id_cnty": "PSE58550", "event_date": "8/25/2024", "year": 2024, "time_precision": 1, "disorder_type": "Political violence", "event_type": "Explosions/Remote violence", "sub_event_type": "Air/drone strike", "actor1": "Military Forces of Israel (2022-)", "assoc_actor_1": null, "inter1": 8, "actor2": "Civilians (Palestine)", "assoc_actor_2": null, "inter2": 7, "interaction": 78, "civilian_targeting": "Civilian targeting", "iso": 275, "region": "Middle East", "country": "Palestine", "admin1": "Gaza Strip", "admin2": "Khan Yunis", "admin3": null, "location": "Abasan al Jadidah", "latitude": 31.3416, "longitude": 34.3459, "geo_precision": 1, "source": "Quds News Network; Twitter", "source_scale": "New media-National", "notes": "On 25 August 2024, Israeli warplanes struck a house in Abasan al Jadidah (Khan Yunis, Gaza Strip). Casualties unknown.", "fatalities": 0, "tags": null, "timestamp": 1753956638 }, "geometry": { "type": "Point", "coordinates": [ 34.3459, 31.3416 ] } },
{ "type": "Feature", "properties": { "event_id_cnty": "PSE58551", "event_date": "8/25/2024", "year": 2024, "time_precision": 1, "disorder_type": "Political violence", "event_type": "Explosions/Remote violence", "sub_event_type": "Air/drone strike", "actor1": "Military Forces of Israel (2022-)", "assoc_actor_1": null, "inter1": 8, "actor2": "Civilians (Palestine)", "assoc_actor_2": null, "inter2": 7, "interaction": 78, "civilian_targeting": "Civilian targeting", "iso": 275, "region": "Middle East", "country": "Palestine", "admin1": "Gaza Strip", "admin2": "Khan Yunis", "admin3": null, "location": "Abasan al Kabirah", "latitude": 31.3191, "longitude": 34.3401, "geo_precision": 1, "source": "Quds News Network; Twitter", "source_scale": "New media-National", "notes": "On 25 August 2024, Israeli warplanes carried out strikes and artillery shelled a target in Abasan al Kabirah (Khan Yunis, Gaza Strip), injuring one person.", "fatalities": 0, "tags": null, "timestamp": 1753956638 }, "geometry": { "type": "Point", "coordinates": [ 34.3401, 31.3191 ] } },
{ "type": "Feature", "properties": { "event_id_cnty": "PSE58552", "event_date": "8/25/2024", "year": 2024, "time_precision": 1, "disorder_type": "Political violence", "event_type": "Explosions/Remote violence", "sub_event_type": "Shelling/artillery/missile attack", "actor1": "Military Forces of Israel (2022-)", "assoc_actor_1": null, "inter1": 8, "actor2": "Civilians (Palestine)", "assoc_actor_2": null, "inter2": 7, "interaction": 78, "civilian_targeting": "Civilian targeting", "iso": 275, "region": "Middle East", "country": "Palestine", "admin1": "Gaza Strip", "admin2": "Khan Yunis", "admin3": null, "location": "Al Qararah", "latitude": 31.3739, "longitude": 34.3409, "geo_precision": 1, "source": "Newpress; Palestine News and Information Agency; Twitter", "source_scale": "New media-National", "notes": "On 25 August 2024, Israeli artillery shelled targets in Al Qararah (Khan Yunis, Gaza Strip), killing 3 Palestinians.", "fatalities": 3, "tags": null, "timestamp": 1753956638 }, "geometry": { "type": "Point", "coordinates": [ 34.3409, 31.3739 ] } },
{ "type": "Feature", "properties": { "event_id_cnty": "PSE58559", "event_date": "8/25/2024", "year": 2024, "time_precision": 1, "disorder_type": "Political violence", "event_type": "Explosions/Remote violence", "sub_event_type": "Air/drone strike", "actor1": "Military Forces of Israel (2022-)", "assoc_actor_1": null, "inter1": 8, "actor2": "Civilians (Palestine)", "assoc_actor_2": null, "inter2": 7, "interaction": 78, "civilian_targeting": "Civilian targeting", "iso": 275, "region": "Middle East", "country": "Palestine", "admin1": "Gaza Strip", "admin2": "Khan Yunis", "admin3": null, "location": "Khan Yunis - Ash Sheikh Naser", "latitude": 31.3398, "longitude": 34.3116, "geo_precision": 1, "source": "Palestine News and Information Agency", "source_scale": "National", "notes": "On 25 August 2024, Israeli warplanes struck a group of Palestinians in Khan Yunis - Ash Sheikh Naser (Khan Yunis, Gaza Strip), killing 2 persons and injuring others.", "fatalities": 2, "tags": null, "timestamp": 1753956638 }, "geometry": { "type": "Point", "coordinates": [ 34.3116, 31.3398 ] } },
{ "type": "Feature", "properties": { "event_id_cnty": "PSE58561", "event_date": "8/25/2024", "year": 2024, "time_precision": 1, "disorder_type": "Political violence", "event_type": "Explosions/Remote violence", "sub_event_type": "Air/drone strike", "actor1": "Military Forces of Israel (2022-)", "assoc_actor_1": null, "inter1": 8, "actor2": "Civilians (Palestine)", "assoc_actor_2": null, "inter2": 7, "interaction": 78, "civilian_targeting": "Civilian targeting", "iso": 275, "region": "Middle East", "country": "Palestine", "admin1": "Gaza Strip", "admin2": "Khan Yunis", "admin3": null, "location": "Khan Yunis - City Centre", "latitude": 31.3419, "longitude": 34.3015, "geo_precision": 1, "source": "Palestine News and Information Agency; Quds News Network; Twitter", "source_scale": "New media-National", "notes": "On 25 August 2024, Israeli warplanes struck several targets including the Al Bayouk area in Khan Yunis - City Centre (Khan Yunis, Gaza Strip), killing 2 persons.", "fatalities": 2, "tags": null, "timestamp": 1753956638 }, "geometry": { "type": "Point", "coordinates": [ 34.3015, 31.3419 ] } },
{ "type": "Feature", "properties": { "event_id_cnty": "PSE58564", "event_date": "8/25/2024", "year": 2024, "time_precision": 1, "disorder_type": "Political violence", "event_type": "Explosions/Remote violence", "sub_event_type": "Air/drone strike", "actor1": "Military Forces of Israel (2022-)", "assoc_actor_1": null, "inter1": 8, "actor2": "Civilians (Palestine)", "assoc_actor_2": null, "inter2": 7, "interaction": 78, "civilian_targeting": "Civilian targeting", "iso": 275, "region": "Middle East", "country": "Palestine", "admin1": "Gaza Strip", "admin2": "North Gaza", "admin3": null, "location": "Jabalya Camp", "latitude": 31.536, "longitude": 34.4907, "geo_precision": 2, "source": "Quds News Network; Twitter", "source_scale": "New media-National", "notes": "On 25 August 2024, Israeli warplanes struck a house east of Jabalya Camp (North Gaza, Gaza Strip), leaving injuries.", "fatalities": 0, "tags": null, "timestamp": 1753956638 }, "geometry": { "type": "Point", "coordinates": [ 34.4907, 31.536 ] } },
{ "type": "Feature", "properties": { "event_id_cnty": "PSE58540", "event_date": "8/25/2024", "year": 2024, "time_precision": 1, "disorder_type": "Political violence", "event_type": "Explosions/Remote violence", "sub_event_type": "Air/drone strike", "actor1": "Military Forces of Israel (2022-)", "assoc_actor_1": null, "inter1": 8, "actor2": "Civilians (Palestine)", "assoc_actor_2": null, "inter2": 7, "interaction": 78, "civilian_targeting": "Civilian targeting", "iso": 275, "region": "Middle East", "country": "Palestine", "admin1": "Gaza Strip", "admin2": "Gaza City", "admin3": null, "location": "Gaza - Az Zaytun", "latitude": 31.4964, "longitude": 34.4522, "geo_precision": 1, "source": "Newpress; Palestine News and Information Agency; Quds News Network; Twitter", "source_scale": "New media-National", "notes": "On 25 August 2024, Israeli warplanes struck a house in Al Seka in Gaza - Az Zaytun (Gaza City, Gaza Strip), leaving 2 fatalities. Meanwhile, artillery shelled targets and houses and tanks opened fire amid ground operation in the same area [casualties unknown]. Also, a number of Palestinian were killed in near Salah al-Din mosque [unspecified number of fatalities coded as 3]. The fatalities coded at least 5 [2 confirmed, 3 unspecified].", "fatalities": 5, "tags": null, "timestamp": 1759790002 }, "geometry": { "type": "Point", "coordinates": [ 34.4522, 31.4964 ] } },
{ "type": "Feature", "properties": { "event_id_cnty": "PSE58560", "event_date": "8/25/2024", "year": 2024, "time_precision": 1, "disorder_type": "Political violence", "event_type": "Explosions/Remote violence", "sub_event_type": "Air/drone strike", "actor1": "Military Forces of Israel (2022-)", "assoc_actor_1": null, "inter1": 8, "actor2": "Civilians (Palestine)", "assoc_actor_2": null, "inter2": 7, "interaction": 78, "civilian_targeting": "Civilian targeting", "iso": 275, "region": "Middle East", "country": "Palestine", "admin1": "Gaza Strip", "admin2": "Khan Yunis", "admin3": null, "location": "Khan Yunis - As-Sameen", "latitude": 31.3369, "longitude": 34.2925, "geo_precision": 1, "source": "Palestine News and Information Agency", "source_scale": "National", "notes": "On 25 August 2024, Israeli forces targeted Palestinians [likely by airstrikes] in Khan Yunis - As-Sameen (Khan Yunis, Gaza Strip), killing a child.", "fatalities": 1, "tags": null, "timestamp": 1753956638 }, "geometry": { "type": "Point", "coordinates": [ 34.2925, 31.3369 ] } },
{ "type": "Feature", "properties": { "event_id_cnty": "PSE58565", "event_date": "8/25/2024", "year": 2024, "time_precision": 1, "disorder_type": "Political violence", "event_type": "Explosions/Remote violence", "sub_event_type": "Air/drone strike", "actor1": "Military Forces of Israel (2022-)", "assoc_actor_1": null, "inter1": 8, "actor2": "Civilians (Palestine)", "assoc_actor_2": null, "inter2": 7, "interaction": 78, "civilian_targeting": "Civilian targeting", "iso": 275, "region": "Middle East", "country": "Palestine", "admin1": "Gaza Strip", "admin2": "Rafah", "admin3": null, "location": "Khirbet al Adas", "latitude": 31.2855, "longitude": 34.2714, "geo_precision": 2, "source": "Newpress; Palestine News and Information Agency; Quds News Network; Twitter", "source_scale": "New media-National", "notes": "On 25 August 2024, Israeli warplanes struck a passing car in Miraj north of Rafah, coded to Khirbet al Adas (Khan Yunis, Gaza Strip), killing 4 Palestinians. Also, warplanes struck a house in the Musabbah area north of the city [causalities unknown]. Fatalities coded at least 4.", "fatalities": 4, "tags": null, "timestamp": 1753956638 }, "geometry": { "type": "Point", "coordinates": [ 34.2714, 31.2855 ] } },
{ "type": "Feature", "properties": { "event_id_cnty": "PSE58596", "event_date": "8/26/2024", "year": 2024, "time_precision": 1, "disorder_type": "Political violence", "event_type": "Explosions/Remote violence", "sub_event_type": "Shelling/artillery/missile attack", "actor1": "Military Forces of Israel (2022-)", "assoc_actor_1": null, "inter1": 8, "actor2": "Civilians (Palestine)", "assoc_actor_2": "Refugees/IDPs (Palestine)", "inter2": 7, "interaction": 78, "civilian_targeting": "Civilian targeting", "iso": 275, "region": "Middle East", "country": "Palestine", "admin1": "Gaza Strip", "admin2": "Deir El Balah", "admin3": null, "location": "Al Burayj", "latitude": 31.4394, "longitude": 34.4031, "geo_precision": 1, "source": "Newpress; Quds News Network; Twitter", "source_scale": "New media-National", "notes": "On 26 August 2024, Israeli artillery shelled 2 houses in Al Burayj Camp (Deir El Balah, Gaza Strip), killing 2 persons and injuring 5 more.", "fatalities": 2, "tags": null, "timestamp": 1753956638 }, "geometry": { "type": "Point", "coordinates": [ 34.4031, 31.4394 ] } },
{ "type": "Feature", "properties": { "event_id_cnty": "PSE58598", "event_date": "8/26/2024", "year": 2024, "time_precision": 1, "disorder_type": "Political violence", "event_type": "Explosions/Remote violence", "sub_event_type": "Air/drone strike", "actor1": "Military Forces of Israel (2022-)", "assoc_actor_1": null, "inter1": 8, "actor2": "Civilians (Palestine)", "assoc_actor_2": "Refugees/IDPs (Palestine)", "inter2": 7, "interaction": 78, "civilian_targeting": "Civilian targeting", "iso": 275, "region": "Middle East", "country": "Palestine", "admin1": "Gaza Strip", "admin2": "Deir El Balah", "admin3": null, "location": "Al Maghazi", "latitude": 31.4214, "longitude": 34.3865, "geo_precision": 1, "source": "Palestine News and Information Agency; Quds News Network; Twitter", "source_scale": "New media-National", "notes": "On 26 August 2024, Israeli warplanes struck an apartment in Al Maghazi Camp (Deir El Balah, Gaza strip), leaving 7 fatalities, including a child.", "fatalities": 7, "tags": null, "timestamp": 1753956638 }, "geometry": { "type": "Point", "coordinates": [ 34.3865, 31.4214 ] } },
{ "type": "Feature", "properties": { "event_id_cnty": "PSE58601", "event_date": "8/26/2024", "year": 2024, "time_precision": 1, "disorder_type": "Political violence", "event_type": "Explosions/Remote violence", "sub_event_type": "Air/drone strike", "actor1": "Military Forces of Israel (2022-)", "assoc_actor_1": null, "inter1": 8, "actor2": "Civilians (Palestine)", "assoc_actor_2": null, "inter2": 7, "interaction": 78, "civilian_targeting": "Civilian targeting", "iso": 275, "region": "Middle East", "country": "Palestine", "admin1": "Gaza Strip", "admin2": "Deir El Balah", "admin3": null, "location": "An Nusayrat", "latitude": 31.4486, "longitude": 34.3925, "geo_precision": 2, "source": "Quds News Network; Twitter", "source_scale": "New media-National", "notes": "On 26 August 2024, an Israeli UAV struck a target in block C east of An Nusayrat (Deir El Balah, Gaza Strip), injuring a child.", "fatalities": 0, "tags": null, "timestamp": 1753956638 }, "geometry": { "type": "Point", "coordinates": [ 34.3925, 31.4486 ] } },
{ "type": "Feature", "properties": { "event_id_cnty": "PSE58602", "event_date": "8/26/2024", "year": 2024, "time_precision": 1, "disorder_type": "Political violence", "event_type": "Explosions/Remote violence", "sub_event_type": "Air/drone strike", "actor1": "Military Forces of Israel (2022-)", "assoc_actor_1": null, "inter1": 8, "actor2": "Civilians (Palestine)", "assoc_actor_2": "Refugees/IDPs (Palestine)", "inter2": 7, "interaction": 78, "civilian_targeting": "Civilian targeting", "iso": 275, "region": "Middle East", "country": "Palestine", "admin1": "Gaza Strip", "admin2": "Deir El Balah", "admin3": null, "location": "An Nusayrat - North", "latitude": 31.4591, "longitude": 34.3923, "geo_precision": 1, "source": "Ma'an News Agency; Palestine News and Information Agency; Quds News Network; Twitter", "source_scale": "New media-National", "notes": "On 26 August 2024, Israeli warplanes struck the Al Iz Ibn Abdel-Salam School hosting displaced people in An Nusayrat - North (Deir El Balah, Gaza Strip), leaving at least 2 fatalities (women) and injuries. Also, the artillery shelled a house in the same location [casualties unknown]. Fatalities coded at least 2.", "fatalities": 2, "tags": null, "timestamp": 1753956638 }, "geometry": { "type": "Point", "coordinates": [ 34.3923, 31.4591 ] } },
{ "type": "Feature", "properties": { "event_id_cnty": "PSE58605", "event_date": "8/26/2024", "year": 2024, "time_precision": 1, "disorder_type": "Political violence", "event_type": "Explosions/Remote violence", "sub_event_type": "Air/drone strike", "actor1": "Military Forces of Israel (2022-)", "assoc_actor_1": null, "inter1": 8, "actor2": "Civilians (Palestine)", "assoc_actor_2": null, "inter2": 7, "interaction": 78, "civilian_targeting": "Civilian targeting", "iso": 275, "region": "Middle East", "country": "Palestine", "admin1": "Gaza Strip", "admin2": "Deir El Balah", "admin3": null, "location": "Deir al Balah Camp", "latitude": 31.4249, "longitude": 34.34, "geo_precision": 2, "source": "Palestine News and Information Agency; PLO Negotiations Affairs Department; Quds News Network; Twitter", "source_scale": "Other-New media", "notes": "On 26 August 2024, Israeli helicopters opened fire east of Deir al Balah, and artillery shelled targets east of Deir al Balah, coded to Deir al Balah Camp (Deir El Balah, Gaza Strip). Casualties unknown. Also, warplanes struck a group of Palestinians in Al Jafarawi southeast of Deir al Balah, killing 2 persons. Fatalities coded at least 2.", "fatalities": 2, "tags": null, "timestamp": 1765850627 }, "geometry": { "type": "Point", "coordinates": [ 34.34, 31.4249 ] } },
{ "type": "Feature", "properties": { "event_id_cnty": "PSE58609", "event_date": "8/26/2024", "year": 2024, "time_precision": 1, "disorder_type": "Political violence", "event_type": "Explosions/Remote violence", "sub_event_type": "Air/drone strike", "actor1": "Military Forces of Israel (2022-)", "assoc_actor_1": null, "inter1": 8, "actor2": "Civilians (Palestine)", "assoc_actor_2": null, "inter2": 7, "interaction": 78, "civilian_targeting": "Civilian targeting", "iso": 275, "region": "Middle East", "country": "Palestine", "admin1": "Gaza Strip", "admin2": "Gaza City", "admin3": null, "location": "Gaza", "latitude": 31.5045, "longitude": 34.4743, "geo_precision": 1, "source": "Newpress; Palestine News and Information Agency; Quds News Network; Twitter", "source_scale": "New media-National", "notes": "On 26 August 2024, Israeli warplanes struck an apartment in Al Yarmouk Street in Gaza City (Gaza Strip), killing 6 Palestinians and leaving a number of injuries.", "fatalities": 6, "tags": null, "timestamp": 1759790002 }, "geometry": { "type": "Point", "coordinates": [ 34.4743, 31.5045 ] } },
{ "type": "Feature", "properties": { "event_id_cnty": "PSE58610", "event_date": "8/26/2024", "year": 2024, "time_precision": 1, "disorder_type": "Political violence", "event_type": "Explosions/Remote violence", "sub_event_type": "Air/drone strike", "actor1": "Military Forces of Israel (2022-)", "assoc_actor_1": null, "inter1": 8, "actor2": "Civilians (Palestine)", "assoc_actor_2": "Refugees/IDPs (Palestine)", "inter2": 7, "interaction": 78, "civilian_targeting": "Civilian targeting", "iso": 275, "region": "Middle East", "country": "Palestine", "admin1": "Gaza Strip", "admin2": "Gaza City", "admin3": null, "location": "Gaza - Ash Shati' Camp", "latitude": 31.5349, "longitude": 34.4466, "geo_precision": 1, "source": "Quds News Network; Twitter", "source_scale": "New media-National", "notes": "On 26 August 2024, Israeli warplanes struck an apartment at the Danaf building in Gaza - Ash Shati' Camp (Gaza City, Gaza Strip), killing one Palestinian and injuring 2 more.", "fatalities": 1, "tags": null, "timestamp": 1759790002 }, "geometry": { "type": "Point", "coordinates": [ 34.4466, 31.5349 ] } },
{ "type": "Feature", "properties": { "event_id_cnty": "PSE58611", "event_date": "8/26/2024", "year": 2024, "time_precision": 1, "disorder_type": "Political violence", "event_type": "Explosions/Remote violence", "sub_event_type": "Air/drone strike", "actor1": "Military Forces of Israel (2022-)", "assoc_actor_1": null, "inter1": 8, "actor2": "Civilians (Palestine)", "assoc_actor_2": null, "inter2": 7, "interaction": 78, "civilian_targeting": "Civilian targeting", "iso": 275, "region": "Middle East", "country": "Palestine", "admin1": "Gaza Strip", "admin2": "Gaza City", "admin3": null, "location": "Gaza - At Tuffah", "latitude": 31.5134, "longitude": 34.4751, "geo_precision": 1, "source": "Palestine News and Information Agency; Quds News Network; Twitter", "source_scale": "New media-National", "notes": "On 26 August 2024, Israeli warplanes struck a house in Gaza - At Tuffah (Gaza City, Gaza Strip), killing a Palestinian. Also, 7 Palestinian were killed in an airstrike that targeted another house in At Tuffah. Total fatalities coded 8.", "fatalities": 8, "tags": null, "timestamp": 1759790002 }, "geometry": { "type": "Point", "coordinates": [ 34.4751, 31.5134 ] } },
{ "type": "Feature", "properties": { "event_id_cnty": "PSE58617", "event_date": "8/26/2024", "year": 2024, "time_precision": 1, "disorder_type": "Political violence", "event_type": "Explosions/Remote violence", "sub_event_type": "Air/drone strike", "actor1": "Military Forces of Israel (2022-)", "assoc_actor_1": null, "inter1": 8, "actor2": "Civilians (Palestine)", "assoc_actor_2": null, "inter2": 7, "interaction": 78, "civilian_targeting": "Civilian targeting", "iso": 275, "region": "Middle East", "country": "Palestine", "admin1": "Gaza Strip", "admin2": "Khan Yunis", "admin3": null, "location": "Abasan al Kabirah", "latitude": 31.3191, "longitude": 34.3401, "geo_precision": 1, "source": "Palestine News and Information Agency", "source_scale": "National", "notes": "On 26 August 2024, Israeli warplanes carried out strikes in Abasan al Kabirah (Khan Yunis, Gaza Strip). Casualties unknown.", "fatalities": 0, "tags": null, "timestamp": 1753956638 }, "geometry": { "type": "Point", "coordinates": [ 34.3401, 31.3191 ] } },
{ "type": "Feature", "properties": { "event_id_cnty": "PSE58618", "event_date": "8/26/2024", "year": 2024, "time_precision": 1, "disorder_type": "Political violence", "event_type": "Explosions/Remote violence", "sub_event_type": "Air/drone strike", "actor1": "Military Forces of Israel (2022-)", "assoc_actor_1": null, "inter1": 8, "actor2": "Civilians (Palestine)", "assoc_actor_2": "Journalists (Palestine)", "inter2": 7, "interaction": 78, "civilian_targeting": "Civilian targeting", "iso": 275, "region": "Middle East", "country": "Palestine", "admin1": "Gaza Strip", "admin2": "Khan Yunis", "admin3": null, "location": "Al Mawasi (Khan Yunis)", "latitude": 31.3482, "longitude": 34.2547, "geo_precision": 1, "source": "Ma'an News Agency; Palestine News and Information Agency; Quds News Network; Twitter", "source_scale": "New media-National", "notes": "On 26 August 2024, Israeli warplanes struck a passing car in (Al Mawasi (Khan Yunis), Gaza Strip), killing a Palestinian journalist.", "fatalities": 1, "tags": null, "timestamp": 1762829569 }, "geometry": { "type": "Point", "coordinates": [ 34.2547, 31.3482 ] } },
{ "type": "Feature", "properties": { "event_id_cnty": "PSE58619", "event_date": "8/26/2024", "year": 2024, "time_precision": 1, "disorder_type": "Political violence", "event_type": "Explosions/Remote violence", "sub_event_type": "Air/drone strike", "actor1": "Military Forces of Israel (2022-)", "assoc_actor_1": null, "inter1": 8, "actor2": "Civilians (Palestine)", "assoc_actor_2": null, "inter2": 7, "interaction": 78, "civilian_targeting": "Civilian targeting", "iso": 275, "region": "Middle East", "country": "Palestine", "admin1": "Gaza Strip", "admin2": "Khan Yunis", "admin3": null, "location": "Al Qararah", "latitude": 31.3739, "longitude": 34.3409, "geo_precision": 1, "source": "Palestine News and Information Agency", "source_scale": "National", "notes": "On 26 August 2024, Israeli warplanes struck an agricultural land in Al Qararah (Khan Yunis, Gaza Strip), leaving 2 fatalities.", "fatalities": 2, "tags": null, "timestamp": 1753956638 }, "geometry": { "type": "Point", "coordinates": [ 34.3409, 31.3739 ] } },
{ "type": "Feature", "properties": { "event_id_cnty": "PSE58623", "event_date": "8/26/2024", "year": 2024, "time_precision": 1, "disorder_type": "Political violence", "event_type": "Explosions/Remote violence", "sub_event_type": "Air/drone strike", "actor1": "Military Forces of Israel (2022-)", "assoc_actor_1": null, "inter1": 8, "actor2": "Civilians (Palestine)", "assoc_actor_2": null, "inter2": 7, "interaction": 78, "civilian_targeting": "Civilian targeting", "iso": 275, "region": "Middle East", "country": "Palestine", "admin1": "Gaza Strip", "admin2": "Khan Yunis", "admin3": null, "location": "Khan Yunis", "latitude": 31.3502, "longitude": 34.3081, "geo_precision": 1, "source": "Palestine News and Information Agency; Quds News Network; Twitter", "source_scale": "New media-National", "notes": "On 26 August 2024, Israeli warplanes struck targets near Aby Hamid junction in Khan Yunis city (Gaza Strip), leaving 2 injuries. Also, Israeli artillery shelled the center of Khan Yunis city. Casualties unknown.", "fatalities": 0, "tags": null, "timestamp": 1753956638 }, "geometry": { "type": "Point", "coordinates": [ 34.3081, 31.3502 ] } },
{ "type": "Feature", "properties": { "event_id_cnty": "PSE58624", "event_date": "8/26/2024", "year": 2024, "time_precision": 1, "disorder_type": "Political violence", "event_type": "Explosions/Remote violence", "sub_event_type": "Air/drone strike", "actor1": "Military Forces of Israel (2022-)", "assoc_actor_1": null, "inter1": 8, "actor2": "Civilians (Palestine)", "assoc_actor_2": null, "inter2": 7, "interaction": 78, "civilian_targeting": "Civilian targeting", "iso": 275, "region": "Middle East", "country": "Palestine", "admin1": "Gaza Strip", "admin2": "Khan Yunis", "admin3": null, "location": "Khan Yunis - Al Kateebeh", "latitude": 31.3642, "longitude": 34.3085, "geo_precision": 1, "source": "Quds News Network; Twitter", "source_scale": "New media-National", "notes": "On 26 August 2024, Israeli warplanes struck a house in Khan Yunis - Al Kateebeh (Khan Yunis, Gaza Strip). Casualties unknown.", "fatalities": 0, "tags": null, "timestamp": 1767742780 }, "geometry": { "type": "Point", "coordinates": [ 34.3085, 31.3642 ] } },
{ "type": "Feature", "properties": { "event_id_cnty": "PSE58626", "event_date": "8/26/2024", "year": 2024, "time_precision": 1, "disorder_type": "Political violence", "event_type": "Explosions/Remote violence", "sub_event_type": "Air/drone strike", "actor1": "Military Forces of Israel (2022-)", "assoc_actor_1": null, "inter1": 8, "actor2": "Civilians (Palestine)", "assoc_actor_2": null, "inter2": 7, "interaction": 78, "civilian_targeting": "Civilian targeting", "iso": 275, "region": "Middle East", "country": "Palestine", "admin1": "Gaza Strip", "admin2": "Khan Yunis", "admin3": null, "location": "Khan Yunis - City Centre", "latitude": 31.3419, "longitude": 34.3015, "geo_precision": 1, "source": "Quds News Network; Twitter", "source_scale": "New media-National", "notes": "On 26 August 2024, Israeli warplanes struck near Hamis roundabout in Khan Yunis - City Centre (Khan Yunis, Gaza Strip), injuring 2 persons.", "fatalities": 0, "tags": null, "timestamp": 1753956638 }, "geometry": { "type": "Point", "coordinates": [ 34.3015, 31.3419 ] } },
{ "type": "Feature", "properties": { "event_id_cnty": "PSE58628", "event_date": "8/26/2024", "year": 2024, "time_precision": 1, "disorder_type": "Political violence", "event_type": "Explosions/Remote violence", "sub_event_type": "Air/drone strike", "actor1": "Military Forces of Israel (2022-)", "assoc_actor_1": null, "inter1": 8, "actor2": "Civilians (Palestine)", "assoc_actor_2": "Journalists (Palestine)", "inter2": 7, "interaction": 78, "civilian_targeting": "Civilian targeting", "iso": 275, "region": "Middle East", "country": "Palestine", "admin1": "Gaza Strip", "admin2": "Khan Yunis", "admin3": null, "location": "Khan Yunis - West (Municipal Stadium)", "latitude": 31.3484, "longitude": 34.2961, "geo_precision": 2, "source": "Palestine News and Information Agency; Quds News Network; Twitter", "source_scale": "New media-National", "notes": "On 26 August 2024, Israeli warplanes struck a passing car west of Khan Yunis (coded to Khan Yunis - West (Municipal Stadium), Gaza Strip), killing 4 Palestinians. Also, Israeli forces struck near the Nasser Hospital west of the city, injuring Palestinians including 2 journalists.", "fatalities": 4, "tags": null, "timestamp": 1753956638 }, "geometry": { "type": "Point", "coordinates": [ 34.2961, 31.3484 ] } },
{ "type": "Feature", "properties": { "event_id_cnty": "PSE58630", "event_date": "8/26/2024", "year": 2024, "time_precision": 1, "disorder_type": "Political violence", "event_type": "Explosions/Remote violence", "sub_event_type": "Air/drone strike", "actor1": "Military Forces of Israel (2022-)", "assoc_actor_1": null, "inter1": 8, "actor2": "Civilians (Palestine)", "assoc_actor_2": "Refugees/IDPs (Palestine)", "inter2": 7, "interaction": 78, "civilian_targeting": "Civilian targeting", "iso": 275, "region": "Middle East", "country": "Palestine", "admin1": "Gaza Strip", "admin2": "North Gaza", "admin3": null, "location": "Jabalya Camp", "latitude": 31.536, "longitude": 34.4907, "geo_precision": 1, "source": "Newpress; Palestine News and Information Agency; Quds News Network; Twitter", "source_scale": "New media-National", "notes": "On 26 August 2024, Israeli warplanes struck a target in al-Houja of Jabalya Camp (North Gaza, Gaza Strip), killing 3 Palestinians.", "fatalities": 3, "tags": null, "timestamp": 1753956638 }, "geometry": { "type": "Point", "coordinates": [ 34.4907, 31.536 ] } },
{ "type": "Feature", "properties": { "event_id_cnty": "PSE58631", "event_date": "8/26/2024", "year": 2024, "time_precision": 1, "disorder_type": "Political violence", "event_type": "Explosions/Remote violence", "sub_event_type": "Air/drone strike", "actor1": "Military Forces of Israel (2022-)", "assoc_actor_1": null, "inter1": 8, "actor2": "Civilians (Palestine)", "assoc_actor_2": null, "inter2": 7, "interaction": 78, "civilian_targeting": "Civilian targeting", "iso": 275, "region": "Middle East", "country": "Palestine", "admin1": "Gaza Strip", "admin2": "Rafah", "admin3": null, "location": "Al Mawasi (Rafah)", "latitude": 31.3294, "longitude": 34.2299, "geo_precision": 1, "source": "Arab 48; Palestine News and Information Agency", "source_scale": "National", "notes": "On 26 August 2024, Israeli warplanes struck targets in al-Naser Street in Al Mawasi (Rafah), Gaza Strip), leaving 4 fatalities and a number of injuries.", "fatalities": 4, "tags": null, "timestamp": 1762829569 }, "geometry": { "type": "Point", "coordinates": [ 34.2299, 31.3294 ] } },
{ "type": "Feature", "properties": { "event_id_cnty": "PSE58632", "event_date": "8/26/2024", "year": 2024, "time_precision": 1, "disorder_type": "Political violence", "event_type": "Explosions/Remote violence", "sub_event_type": "Air/drone strike", "actor1": "Military Forces of Israel (2022-)", "assoc_actor_1": null, "inter1": 8, "actor2": "Civilians (Palestine)", "assoc_actor_2": null, "inter2": 7, "interaction": 78, "civilian_targeting": "Civilian targeting", "iso": 275, "region": "Middle East", "country": "Palestine", "admin1": "Gaza Strip", "admin2": "Rafah", "admin3": null, "location": "Shokat as Sufi", "latitude": 31.2586, "longitude": 34.2824, "geo_precision": 1, "source": "Arab 48; Palestine News and Information Agency; Quds News Network; Twitter", "source_scale": "New media-National", "notes": "On 26 August 2024, rescue teams recovered 3 Palestinian bodies killed in Shokat as Sufi (Rafah, Gaza Strip). Likely, they were killed by airstrikes.", "fatalities": 3, "tags": null, "timestamp": 1753956638 }, "geometry": { "type": "Point", "coordinates": [ 34.2824, 31.2586 ] } },
{ "type": "Feature", "properties": { "event_id_cnty": "PSE58608", "event_date": "8/26/2024", "year": 2024, "time_precision": 1, "disorder_type": "Political violence", "event_type": "Explosions/Remote violence", "sub_event_type": "Shelling/artillery/missile attack", "actor1": "Military Forces of Israel (2022-)", "assoc_actor_1": null, "inter1": 8, "actor2": "Civilians (Palestine)", "assoc_actor_2": "Fishers (Palestine)", "inter2": 7, "interaction": 78, "civilian_targeting": "Civilian targeting", "iso": 275, "region": "Middle East", "country": "Palestine", "admin1": "Gaza Strip", "admin2": "Gaza City", "admin3": null, "location": "Coast of Gaza City", "latitude": 31.5304, "longitude": 34.4215, "geo_precision": 2, "source": "Al-Ittihad; Arab 48; Newpress; Palestine News and Information Agency; Quds News Network; Twitter", "source_scale": "New media-National", "notes": "On 26 August 2024, Israeli gunboats shelled a group of Palestinians off the Coast of Gaza City (Gaza City, Gaza Strip), leaving 7 fatalities and a number of injuries, including fishers.", "fatalities": 7, "tags": null, "timestamp": 1753956638 }, "geometry": { "type": "Point", "coordinates": [ 34.4215, 31.5304 ] } },
{ "type": "Feature", "properties": { "event_id_cnty": "PSE58612", "event_date": "8/26/2024", "year": 2024, "time_precision": 1, "disorder_type": "Political violence", "event_type": "Explosions/Remote violence", "sub_event_type": "Air/drone strike", "actor1": "Military Forces of Israel (2022-)", "assoc_actor_1": null, "inter1": 8, "actor2": "Civilians (Palestine)", "assoc_actor_2": null, "inter2": 7, "interaction": 78, "civilian_targeting": "Civilian targeting", "iso": 275, "region": "Middle East", "country": "Palestine", "admin1": "Gaza Strip", "admin2": "Gaza City", "admin3": null, "location": "Gaza - Az Zaytun", "latitude": 31.4964, "longitude": 34.4522, "geo_precision": 1, "source": "Arab 48; Palestine News and Information Agency; Quds News Network; Twitter", "source_scale": "New media-National", "notes": "On 26 August 2024, 3 Palestinians were killed and others injured in an airstrike targeted Palestinians near Al Shafei school in Az Zayutn. Also, helicopters opened fire, artillery shelled targets, tanks opened fire in Gaza - Az Zaytun (Gaza City, Gaza Strip) amid the ground operation [casualties unknown]. Fatalities coded at least 3.", "fatalities": 3, "tags": null, "timestamp": 1759790002 }, "geometry": { "type": "Point", "coordinates": [ 34.4522, 31.4964 ] } },
{ "type": "Feature", "properties": { "event_id_cnty": "PSE58627", "event_date": "8/26/2024", "year": 2024, "time_precision": 1, "disorder_type": "Political violence", "event_type": "Explosions/Remote violence", "sub_event_type": "Shelling/artillery/missile attack", "actor1": "Military Forces of Israel (2022-)", "assoc_actor_1": null, "inter1": 8, "actor2": "Civilians (Palestine)", "assoc_actor_2": "Refugees/IDPs (Palestine)", "inter2": 7, "interaction": 78, "civilian_targeting": "Civilian targeting", "iso": 275, "region": "Middle East", "country": "Palestine", "admin1": "Gaza Strip", "admin2": "Khan Yunis", "admin3": null, "location": "Khan Yunis - Jourat Al-Loot", "latitude": 31.3314, "longitude": 34.3004, "geo_precision": 2, "source": "Quds News Network; Twitter", "source_scale": "New media-National", "notes": "On 26 August 2024, Israeli forces [likely tanks] opened fire in al-Eqlimi area south of Khan Yunis, coded to Khan Yunis - Jourat Al-Loot (Khan Yunis, Gaza Strip), killing a displaced woman and injuring others.", "fatalities": 1, "tags": null, "timestamp": 1753956638 }, "geometry": { "type": "Point", "coordinates": [ 34.3004, 31.3314 ] } },
{ "type": "Feature", "properties": { "event_id_cnty": "PSE58654", "event_date": "8/27/2024", "year": 2024, "time_precision": 1, "disorder_type": "Political violence", "event_type": "Explosions/Remote violence", "sub_event_type": "Air/drone strike", "actor1": "Military Forces of Israel (2022-)", "assoc_actor_1": null, "inter1": 8, "actor2": "Civilians (Palestine)", "assoc_actor_2": "Refugees/IDPs (Palestine)", "inter2": 7, "interaction": 78, "civilian_targeting": "Civilian targeting", "iso": 275, "region": "Middle East", "country": "Palestine", "admin1": "Gaza Strip", "admin2": "Deir El Balah", "admin3": null, "location": "Al Burayj", "latitude": 31.4394, "longitude": 34.4031, "geo_precision": 1, "source": "Palestine News and Information Agency; Quds News Network", "source_scale": "National", "notes": "On 27 August 2024, Israeli warplanes struck a house in Al Burayj Camp (Deir El Balah, Gaza Strip), killing 2 persons (a man and his son).", "fatalities": 2, "tags": null, "timestamp": 1753956638 }, "geometry": { "type": "Point", "coordinates": [ 34.4031, 31.4394 ] } },
{ "type": "Feature", "properties": { "event_id_cnty": "PSE58655", "event_date": "8/27/2024", "year": 2024, "time_precision": 1, "disorder_type": "Political violence", "event_type": "Explosions/Remote violence", "sub_event_type": "Air/drone strike", "actor1": "Military Forces of Israel (2022-)", "assoc_actor_1": null, "inter1": 8, "actor2": "Civilians (Palestine)", "assoc_actor_2": "Refugees/IDPs (Palestine)", "inter2": 7, "interaction": 78, "civilian_targeting": "Civilian targeting", "iso": 275, "region": "Middle East", "country": "Palestine", "admin1": "Gaza Strip", "admin2": "Deir El Balah", "admin3": null, "location": "Al Maghazi", "latitude": 31.4214, "longitude": 34.3865, "geo_precision": 1, "source": "Quds News Network", "source_scale": "National", "notes": "On 27 August 2024, Israeli warplanes struck the al-Mokhtar building in Al Maghazi Camp (Deir El Balah, Gaza Strip). Casualties unknown.", "fatalities": 0, "tags": null, "timestamp": 1753956638 }, "geometry": { "type": "Point", "coordinates": [ 34.3865, 31.4214 ] } },
{ "type": "Feature", "properties": { "event_id_cnty": "PSE58656", "event_date": "8/27/2024", "year": 2024, "time_precision": 1, "disorder_type": "Political violence", "event_type": "Explosions/Remote violence", "sub_event_type": "Shelling/artillery/missile attack", "actor1": "Military Forces of Israel (2022-)", "assoc_actor_1": null, "inter1": 8, "actor2": "Civilians (Palestine)", "assoc_actor_2": null, "inter2": 7, "interaction": 78, "civilian_targeting": "Civilian targeting", "iso": 275, "region": "Middle East", "country": "Palestine", "admin1": "Gaza Strip", "admin2": "Deir El Balah", "admin3": null, "location": "Al Maghazi", "latitude": 31.4214, "longitude": 34.3865, "geo_precision": 2, "source": "Quds News Network", "source_scale": "National", "notes": "On 27 August 2024, Israeli artillery shelled north of Al Maghazi Camp (Deir El Balah, Gaza Strip), leaving fatalities [unspecified fatalities coded as 3].", "fatalities": 3, "tags": null, "timestamp": 1753956638 }, "geometry": { "type": "Point", "coordinates": [ 34.3865, 31.4214 ] } },
{ "type": "Feature", "properties": { "event_id_cnty": "PSE58657", "event_date": "8/27/2024", "year": 2024, "time_precision": 1, "disorder_type": "Political violence", "event_type": "Explosions/Remote violence", "sub_event_type": "Shelling/artillery/missile attack", "actor1": "Military Forces of Israel (2022-)", "assoc_actor_1": null, "inter1": 8, "actor2": "Civilians (Palestine)", "assoc_actor_2": null, "inter2": 7, "interaction": 78, "civilian_targeting": "Civilian targeting", "iso": 275, "region": "Middle East", "country": "Palestine", "admin1": "Gaza Strip", "admin2": "Deir El Balah", "admin3": null, "location": "Al Musaddar", "latitude": 31.4105, "longitude": 34.378, "geo_precision": 1, "source": "Arab 48; Ma'an News Agency; Quds News Network", "source_scale": "National", "notes": "On 27 August 2024, Israeli artillery shelled the Al Musaddar (Deir El Balah, Gaza Strip), killing a Palestinian girl.", "fatalities": 1, "tags": null, "timestamp": 1765850627 }, "geometry": { "type": "Point", "coordinates": [ 34.378, 31.4105 ] } },
{ "type": "Feature", "properties": { "event_id_cnty": "PSE58658", "event_date": "8/27/2024", "year": 2024, "time_precision": 1, "disorder_type": "Political violence", "event_type": "Explosions/Remote violence", "sub_event_type": "Air/drone strike", "actor1": "Military Forces of Israel (2022-)", "assoc_actor_1": null, "inter1": 8, "actor2": "Civilians (Palestine)", "assoc_actor_2": "Journalists (Palestine); Refugees/IDPs (Palestine)", "inter2": 7, "interaction": 78, "civilian_targeting": "Civilian targeting", "iso": 275, "region": "Middle East", "country": "Palestine", "admin1": "Gaza Strip", "admin2": "Deir El Balah", "admin3": null, "location": "An Nusayrat", "latitude": 31.4486, "longitude": 34.3925, "geo_precision": 1, "source": "Arab 48; Palestine News and Information Agency; Quds News Network", "source_scale": "National", "notes": "On 27 August 2024, Israeli warplanes struck 2 houses in An Nusayrat Camp (Deir El Balah, Gaza Strip). Casualties unknown. Also, UAVs struck a house in the same area, leaving 2 fatalities (a journalist and his sister). The total fatalities coded at least 2.", "fatalities": 2, "tags": null, "timestamp": 1753956638 }, "geometry": { "type": "Point", "coordinates": [ 34.3925, 31.4486 ] } },
{ "type": "Feature", "properties": { "event_id_cnty": "PSE58661", "event_date": "8/27/2024", "year": 2024, "time_precision": 1, "disorder_type": "Political violence", "event_type": "Explosions/Remote violence", "sub_event_type": "Air/drone strike", "actor1": "Military Forces of Israel (2022-)", "assoc_actor_1": null, "inter1": 8, "actor2": "Civilians (Palestine)", "assoc_actor_2": "Refugees/IDPs (Palestine)", "inter2": 7, "interaction": 78, "civilian_targeting": "Civilian targeting", "iso": 275, "region": "Middle East", "country": "Palestine", "admin1": "Gaza Strip", "admin2": "Deir El Balah", "admin3": null, "location": "An Nusayrat - West", "latitude": 31.4525, "longitude": 34.3756, "geo_precision": 1, "source": "Quds News Network", "source_scale": "National", "notes": "On 27 August 2024, Israeli UAVs opened fire in An Nusayrat - West (Deir El Balah, Gaza Strip). A displaced girl was killed.", "fatalities": 1, "tags": null, "timestamp": 1753956638 }, "geometry": { "type": "Point", "coordinates": [ 34.3756, 31.4525 ] } },
{ "type": "Feature", "properties": { "event_id_cnty": "PSE58662", "event_date": "8/27/2024", "year": 2024, "time_precision": 1, "disorder_type": "Political violence", "event_type": "Explosions/Remote violence", "sub_event_type": "Air/drone strike", "actor1": "Military Forces of Israel (2022-)", "assoc_actor_1": null, "inter1": 8, "actor2": "Civilians (Palestine)", "assoc_actor_2": null, "inter2": 7, "interaction": 78, "civilian_targeting": "Civilian targeting", "iso": 275, "region": "Middle East", "country": "Palestine", "admin1": "Gaza Strip", "admin2": "Deir El Balah", "admin3": null, "location": "Deir al Balah", "latitude": 31.4178, "longitude": 34.3503, "geo_precision": 1, "source": "Arab 48; Ma'an News Agency; Palestine News and Information Agency; Quds News Network", "source_scale": "National", "notes": "On 27 August 2024, Israeli warplanes struck a house in Abu Arif area in Deir al Balah city (Deir El Balah, Gaza Strip), leaving 4 fatalities and injuring others.", "fatalities": 4, "tags": null, "timestamp": 1753956638 }, "geometry": { "type": "Point", "coordinates": [ 34.3503, 31.4178 ] } },
{ "type": "Feature", "properties": { "event_id_cnty": "PSE58666", "event_date": "8/27/2024", "year": 2024, "time_precision": 1, "disorder_type": "Political violence", "event_type": "Explosions/Remote violence", "sub_event_type": "Shelling/artillery/missile attack", "actor1": "Military Forces of Israel (2022-)", "assoc_actor_1": null, "inter1": 8, "actor2": "Civilians (Palestine)", "assoc_actor_2": null, "inter2": 7, "interaction": 78, "civilian_targeting": "Civilian targeting", "iso": 275, "region": "Middle East", "country": "Palestine", "admin1": "Gaza Strip", "admin2": "Deir El Balah", "admin3": null, "location": "Wadi as Salqa", "latitude": 31.4005, "longitude": 34.3375, "geo_precision": 1, "source": "Ma'an News Agency", "source_scale": "National", "notes": "On 27 August 2024, Israeli artillery shelled the Al Bashir area south of Deir al Balah, coded to Wadi as Salqa (Deir El Balah, Gaza Strip), killing 3 Palestinians.", "fatalities": 3, "tags": null, "timestamp": 1753956638 }, "geometry": { "type": "Point", "coordinates": [ 34.3375, 31.4005 ] } },
{ "type": "Feature", "properties": { "event_id_cnty": "PSE58684", "event_date": "8/27/2024", "year": 2024, "time_precision": 1, "disorder_type": "Political violence", "event_type": "Explosions/Remote violence", "sub_event_type": "Air/drone strike", "actor1": "Military Forces of Israel (2022-)", "assoc_actor_1": null, "inter1": 8, "actor2": "Civilians (Palestine)", "assoc_actor_2": null, "inter2": 7, "interaction": 78, "civilian_targeting": "Civilian targeting", "iso": 275, "region": "Middle East", "country": "Palestine", "admin1": "Gaza Strip", "admin2": "Khan Yunis", "admin3": null, "location": "Khan Yunis - City Centre", "latitude": 31.3419, "longitude": 34.3015, "geo_precision": 1, "source": "Ma'an News Agency; Quds News Network", "source_scale": "National", "notes": "On 27 August 2024, Israeli warplanes struck a house in Khan Yunis - City Centre (Khan Yunis, Gaza Strip), killing 4 Palestinians and injuring others.", "fatalities": 4, "tags": null, "timestamp": 1753956638 }, "geometry": { "type": "Point", "coordinates": [ 34.3015, 31.3419 ] } },
{ "type": "Feature", "properties": { "event_id_cnty": "PSE58686", "event_date": "8/27/2024", "year": 2024, "time_precision": 1, "disorder_type": "Political violence", "event_type": "Explosions/Remote violence", "sub_event_type": "Air/drone strike", "actor1": "Military Forces of Israel (2022-)", "assoc_actor_1": null, "inter1": 8, "actor2": "Civilians (Palestine)", "assoc_actor_2": "Refugees/IDPs (Palestine)", "inter2": 7, "interaction": 78, "civilian_targeting": "Civilian targeting", "iso": 275, "region": "Middle East", "country": "Palestine", "admin1": "Gaza Strip", "admin2": "Khan Yunis", "admin3": null, "location": "Khan Yunis - West (Municipal Stadium)", "latitude": 31.3484, "longitude": 34.2961, "geo_precision": 2, "source": "Arab 48; Newpress; Palestine News and Information Agency; Quds News Network; Twitter", "source_scale": "New media-National", "notes": "On 27 August 2024, Israeli warplanes struck a house in Khan Yunis Camp (coded to Khan Yunis - West (Municipal Stadium), Gaza Strip), killing 4 Palestinians and injuring others. Also, a displaced Palestinian was killed by Israeli fire in Asada area west of Khan Yunis. The total fatalities were 5.", "fatalities": 5, "tags": null, "timestamp": 1753956638 }, "geometry": { "type": "Point", "coordinates": [ 34.2961, 31.3484 ] } },
{ "type": "Feature", "properties": { "event_id_cnty": "PSE58689", "event_date": "8/27/2024", "year": 2024, "time_precision": 1, "disorder_type": "Political violence", "event_type": "Explosions/Remote violence", "sub_event_type": "Shelling/artillery/missile attack", "actor1": "Military Forces of Israel (2022-)", "assoc_actor_1": null, "inter1": 8, "actor2": "Civilians (Palestine)", "assoc_actor_2": "Refugees/IDPs (Palestine)", "inter2": 7, "interaction": 78, "civilian_targeting": "Civilian targeting", "iso": 275, "region": "Middle East", "country": "Palestine", "admin1": "Gaza Strip", "admin2": "Rafah", "admin3": null, "location": "Al Mawasi (Rafah)", "latitude": 31.3294, "longitude": 34.2299, "geo_precision": 2, "source": "Newpress; Palestine News and Information Agency; Quds News Network; Twitter", "source_scale": "New media-National", "notes": "On 27 August 2024, Israeli tanks opened fire in Al Shakoush area and toward the tents of displaced people in Al Mawasi (Rafah) in Gaza Strip. A Palestinian was killed near al-Alam roundabout.", "fatalities": 1, "tags": null, "timestamp": 1762829569 }, "geometry": { "type": "Point", "coordinates": [ 34.2299, 31.3294 ] } },
{ "type": "Feature", "properties": { "event_id_cnty": "PSE58696", "event_date": "8/27/2024", "year": 2024, "time_precision": 1, "disorder_type": "Political violence", "event_type": "Explosions/Remote violence", "sub_event_type": "Shelling/artillery/missile attack", "actor1": "Military Forces of Israel (2022-)", "assoc_actor_1": null, "inter1": 8, "actor2": "Civilians (Palestine)", "assoc_actor_2": null, "inter2": 7, "interaction": 78, "civilian_targeting": "Civilian targeting", "iso": 275, "region": "Middle East", "country": "Palestine", "admin1": "Gaza Strip", "admin2": "Rafah", "admin3": null, "location": "Yibna", "latitude": 31.2842, "longitude": 34.2482, "geo_precision": 2, "source": "PLO Negotiations Affairs Department", "source_scale": "Other", "notes": "On 27 August 2024, Israeli artillery and tanks shelled targets east of Rafah, coded to Yibna (Rafah, Gaza Strip). Casualties unknown. Also, one Palestinian was killed east of Rafah by Israeli fire. Fatalities coded at least 1.", "fatalities": 1, "tags": null, "timestamp": 1753956638 }, "geometry": { "type": "Point", "coordinates": [ 34.2482, 31.2842 ] } },
{ "type": "Feature", "properties": { "event_id_cnty": "PSE58667", "event_date": "8/27/2024", "year": 2024, "time_precision": 1, "disorder_type": "Political violence", "event_type": "Explosions/Remote violence", "sub_event_type": "Air/drone strike", "actor1": "Military Forces of Israel (2022-)", "assoc_actor_1": null, "inter1": 8, "actor2": "Civilians (Palestine)", "assoc_actor_2": null, "inter2": 7, "interaction": 78, "civilian_targeting": "Civilian targeting", "iso": 275, "region": "Middle East", "country": "Palestine", "admin1": "Gaza Strip", "admin2": "Gaza City", "admin3": null, "location": "Gaza - Az Zaytun", "latitude": 31.4964, "longitude": 34.4522, "geo_precision": 2, "source": "Palestine News and Information Agency", "source_scale": "National", "notes": "On 27 August 2024, Israeli warplanes struck targets east of Gaza - Az Zaytun (Gaza City, Gaza Strip), killing one Palestinian and injuring one more.", "fatalities": 1, "tags": null, "timestamp": 1759790002 }, "geometry": { "type": "Point", "coordinates": [ 34.4522, 31.4964 ] } },
{ "type": "Feature", "properties": { "event_id_cnty": "PSE58668", "event_date": "8/27/2024", "year": 2024, "time_precision": 1, "disorder_type": "Political violence", "event_type": "Explosions/Remote violence", "sub_event_type": "Air/drone strike", "actor1": "Military Forces of Israel (2022-)", "assoc_actor_1": null, "inter1": 8, "actor2": "Civilians (Palestine)", "assoc_actor_2": null, "inter2": 7, "interaction": 78, "civilian_targeting": "Civilian targeting", "iso": 275, "region": "Middle East", "country": "Palestine", "admin1": "Gaza Strip", "admin2": "Gaza City", "admin3": null, "location": "Gaza - Az Zaytun", "latitude": 31.4964, "longitude": 34.4522, "geo_precision": 1, "source": "Arab 48; Ma'an News Agency; Newpress; Quds News Network; Twitter", "source_scale": "New media-National", "notes": "On 27 August 2024, Israeli warplanes carried out intense strike on the Dawlah junction and Daloul station in Gaza - Az Zaytun (Gaza City, Gaza Strip), killing 14 Palestinians (including 2 fatalities in a strike near Daloul station and 3 fatalities in a strike at the Dawla intersection).", "fatalities": 14, "tags": null, "timestamp": 1759790002 }, "geometry": { "type": "Point", "coordinates": [ 34.4522, 31.4964 ] } },
{ "type": "Feature", "properties": { "event_id_cnty": "PSE58672", "event_date": "8/27/2024", "year": 2024, "time_precision": 1, "disorder_type": "Political violence", "event_type": "Explosions/Remote violence", "sub_event_type": "Air/drone strike", "actor1": "Military Forces of Israel (2022-)", "assoc_actor_1": null, "inter1": 8, "actor2": "Civilians (Palestine)", "assoc_actor_2": null, "inter2": 7, "interaction": 78, "civilian_targeting": "Civilian targeting", "iso": 275, "region": "Middle East", "country": "Palestine", "admin1": "Gaza Strip", "admin2": "Gaza City", "admin3": null, "location": "Gaza - Tal el Hawa", "latitude": 31.5041, "longitude": 34.435, "geo_precision": 1, "source": "Arab 48; Newpress; Quds News Network; Twitter", "source_scale": "New media-National", "notes": "On 27 August 2024, Israeli warplanes struck targets (including a house) near the Jordanian Hospital in Gaza - Tal el Hawa (Gaza City, Gaza Strip), killing 4 Palestinians (a woman and 3 children).", "fatalities": 4, "tags": null, "timestamp": 1759790002 }, "geometry": { "type": "Point", "coordinates": [ 34.435, 31.5041 ] } },
{ "type": "Feature", "properties": { "event_id_cnty": "PSE58683", "event_date": "8/27/2024", "year": 2024, "time_precision": 1, "disorder_type": "Political violence", "event_type": "Explosions/Remote violence", "sub_event_type": "Air/drone strike", "actor1": "Military Forces of Israel (2022-)", "assoc_actor_1": null, "inter1": 8, "actor2": "Civilians (Palestine)", "assoc_actor_2": null, "inter2": 7, "interaction": 78, "civilian_targeting": "Civilian targeting", "iso": 275, "region": "Middle East", "country": "Palestine", "admin1": "Gaza Strip", "admin2": "Khan Yunis", "admin3": null, "location": "Khan Yunis - As-Sameen", "latitude": 31.3369, "longitude": 34.2925, "geo_precision": 1, "source": "Palestine News and Information Agency; Quds News Network", "source_scale": "National", "notes": "On 27 August 2024, Israeli warplanes struck a house in Khan Yunis - As-Sameen (Khan Yunis, Gaza Strip), killing 5 persons including a woman and injuring other 4 persons.", "fatalities": 5, "tags": null, "timestamp": 1753956638 }, "geometry": { "type": "Point", "coordinates": [ 34.2925, 31.3369 ] } },
{ "type": "Feature", "properties": { "event_id_cnty": "PSE58687", "event_date": "8/27/2024", "year": 2024, "time_precision": 1, "disorder_type": "Political violence", "event_type": "Explosions/Remote violence", "sub_event_type": "Air/drone strike", "actor1": "Military Forces of Israel (2022-)", "assoc_actor_1": null, "inter1": 8, "actor2": "Civilians (Palestine)", "assoc_actor_2": null, "inter2": 7, "interaction": 78, "civilian_targeting": "Civilian targeting", "iso": 275, "region": "Middle East", "country": "Palestine", "admin1": "Gaza Strip", "admin2": "Khan Yunis", "admin3": null, "location": "Qizan an Najjar", "latitude": 31.323, "longitude": 34.2761, "geo_precision": 1, "source": "Ma'an News Agency; Quds News Network", "source_scale": "National", "notes": "On 27 August 2024, Israeli warplanes struck a house in Qizan an Najjar (Khan Yunis, Gaza Strip), leaving at least 4 fatalities and a number of missing people.", "fatalities": 4, "tags": null, "timestamp": 1753956638 }, "geometry": { "type": "Point", "coordinates": [ 34.2761, 31.323 ] } },
{ "type": "Feature", "properties": { "event_id_cnty": "PSE58690", "event_date": "8/27/2024", "year": 2024, "time_precision": 2, "disorder_type": "Political violence", "event_type": "Explosions/Remote violence", "sub_event_type": "Air/drone strike", "actor1": "Military Forces of Israel (2022-)", "assoc_actor_1": null, "inter1": 8, "actor2": "Civilians (Palestine)", "assoc_actor_2": null, "inter2": 7, "interaction": 78, "civilian_targeting": "Civilian targeting", "iso": 275, "region": "Middle East", "country": "Palestine", "admin1": "Gaza Strip", "admin2": "Rafah", "admin3": null, "location": "Khirbet al Adas", "latitude": 31.2855, "longitude": 34.2714, "geo_precision": 2, "source": "Ma'an News Agency", "source_scale": "National", "notes": "Around 27 August 2024, (Between 26 - 27 August), rescue teams recovered 5 bodies belonging to Palestinians who were likely killed by airstrike north of Rafah, coded to Khirbet al Adas (Rafah, Gaza Strip).", "fatalities": 5, "tags": null, "timestamp": 1753956638 }, "geometry": { "type": "Point", "coordinates": [ 34.2714, 31.2855 ] } },
{ "type": "Feature", "properties": { "event_id_cnty": "PSE58691", "event_date": "8/27/2024", "year": 2024, "time_precision": 1, "disorder_type": "Political violence", "event_type": "Explosions/Remote violence", "sub_event_type": "Air/drone strike", "actor1": "Military Forces of Israel (2022-)", "assoc_actor_1": null, "inter1": 8, "actor2": "Civilians (Palestine)", "assoc_actor_2": null, "inter2": 7, "interaction": 78, "civilian_targeting": "Civilian targeting", "iso": 275, "region": "Middle East", "country": "Palestine", "admin1": "Gaza Strip", "admin2": "Rafah", "admin3": null, "location": "Khirbet al Adas", "latitude": 31.2855, "longitude": 34.2714, "geo_precision": 1, "source": "Quds News Network", "source_scale": "National", "notes": "On 27 August 2024, Israeli UAVs struck a passing car north of Rafah, coded to Khirbet al Adas (Rafah, Gaza Strip), killing one Palestinian.", "fatalities": 1, "tags": null, "timestamp": 1753956638 }, "geometry": { "type": "Point", "coordinates": [ 34.2714, 31.2855 ] } },
{ "type": "Feature", "properties": { "event_id_cnty": "PSE58721", "event_date": "8/28/2024", "year": 2024, "time_precision": 1, "disorder_type": "Political violence", "event_type": "Explosions/Remote violence", "sub_event_type": "Air/drone strike", "actor1": "Military Forces of Israel (2022-)", "assoc_actor_1": null, "inter1": 8, "actor2": "Civilians (Palestine)", "assoc_actor_2": "Muslim Group (Palestine)", "inter2": 7, "interaction": 78, "civilian_targeting": "Civilian targeting", "iso": 275, "region": "Middle East", "country": "Palestine", "admin1": "Gaza Strip", "admin2": "Deir El Balah", "admin3": null, "location": "Al Maghazi", "latitude": 31.4214, "longitude": 34.3865, "geo_precision": 1, "source": "Arab 48", "source_scale": "National", "notes": "On 28 August 2024, Israeli warplanes struck the Abu Baker al-Seddik mosque in Al Maghazi Camp (Deir El Balah, Gaza Strip), leaving injuries.", "fatalities": 0, "tags": null, "timestamp": 1753956638 }, "geometry": { "type": "Point", "coordinates": [ 34.3865, 31.4214 ] } },
{ "type": "Feature", "properties": { "event_id_cnty": "PSE58722", "event_date": "8/28/2024", "year": 2024, "time_precision": 1, "disorder_type": "Political violence", "event_type": "Explosions/Remote violence", "sub_event_type": "Shelling/artillery/missile attack", "actor1": "Military Forces of Israel (2022-)", "assoc_actor_1": null, "inter1": 8, "actor2": "Civilians (Palestine)", "assoc_actor_2": null, "inter2": 7, "interaction": 78, "civilian_targeting": "Civilian targeting", "iso": 275, "region": "Middle East", "country": "Palestine", "admin1": "Gaza Strip", "admin2": "Deir El Balah", "admin3": null, "location": "Al Maghazi", "latitude": 31.4214, "longitude": 34.3865, "geo_precision": 2, "source": "Newpress; Palestine News and Information Agency; Twitter", "source_scale": "New media-National", "notes": "On 28 August 2024, Israeli artillery shelled east of Al Maghazi Camp (Deir El Balah, Gaza Strip). Casualties unknown.", "fatalities": 0, "tags": null, "timestamp": 1753956638 }, "geometry": { "type": "Point", "coordinates": [ 34.3865, 31.4214 ] } },
{ "type": "Feature", "properties": { "event_id_cnty": "PSE58723", "event_date": "8/28/2024", "year": 2024, "time_precision": 1, "disorder_type": "Political violence", "event_type": "Explosions/Remote violence", "sub_event_type": "Air/drone strike", "actor1": "Military Forces of Israel (2022-)", "assoc_actor_1": null, "inter1": 8, "actor2": "Civilians (Palestine)", "assoc_actor_2": null, "inter2": 7, "interaction": 78, "civilian_targeting": "Civilian targeting", "iso": 275, "region": "Middle East", "country": "Palestine", "admin1": "Gaza Strip", "admin2": "Deir El Balah", "admin3": null, "location": "Al Musaddar", "latitude": 31.4105, "longitude": 34.378, "geo_precision": 1, "source": "Ma'an News Agency", "source_scale": "National", "notes": "On 28 August 2024, Israeli warplanes struck a group of Palestinians at the entrance of Al Musaddar (Deir El Balah, Gaza Strip), killing one Palestinian and injuring 3 more.", "fatalities": 1, "tags": null, "timestamp": 1765850627 }, "geometry": { "type": "Point", "coordinates": [ 34.378, 31.4105 ] } },
{ "type": "Feature", "properties": { "event_id_cnty": "PSE58724", "event_date": "8/28/2024", "year": 2024, "time_precision": 1, "disorder_type": "Political violence", "event_type": "Explosions/Remote violence", "sub_event_type": "Air/drone strike", "actor1": "Military Forces of Israel (2022-)", "assoc_actor_1": null, "inter1": 8, "actor2": "Civilians (Palestine)", "assoc_actor_2": "Refugees/IDPs (Palestine)", "inter2": 7, "interaction": 78, "civilian_targeting": "Civilian targeting", "iso": 275, "region": "Middle East", "country": "Palestine", "admin1": "Gaza Strip", "admin2": "Deir El Balah", "admin3": null, "location": "An Nusayrat", "latitude": 31.4486, "longitude": 34.3925, "geo_precision": 1, "source": "Newpress; Quds News Network; Twitter", "source_scale": "New media-National", "notes": "On 28 August 2024, Israeli warplanes struck a house in An Nusayrat Camp (Deir El Balah, Gaza Strip). Casualties unknown.", "fatalities": 0, "tags": null, "timestamp": 1753956638 }, "geometry": { "type": "Point", "coordinates": [ 34.3925, 31.4486 ] } },
{ "type": "Feature", "properties": { "event_id_cnty": "PSE58727", "event_date": "8/28/2024", "year": 2024, "time_precision": 1, "disorder_type": "Political violence", "event_type": "Explosions/Remote violence", "sub_event_type": "Air/drone strike", "actor1": "Military Forces of Israel (2022-)", "assoc_actor_1": null, "inter1": 8, "actor2": "Civilians (Palestine)", "assoc_actor_2": null, "inter2": 7, "interaction": 78, "civilian_targeting": "Civilian targeting", "iso": 275, "region": "Middle East", "country": "Palestine", "admin1": "Gaza Strip", "admin2": "Deir El Balah", "admin3": null, "location": "An Nusayrat - West", "latitude": 31.4525, "longitude": 34.3756, "geo_precision": 1, "source": "Arab 48; Newpress; Quds News Network; Twitter", "source_scale": "New media-National", "notes": "On 28 August 2024, Israeli warplanes struck a house in Al Karibah site in An Nusayrat - West (Deir El Balah, Gaza Strip), killing 2 children, including a girl.", "fatalities": 2, "tags": null, "timestamp": 1753956638 }, "geometry": { "type": "Point", "coordinates": [ 34.3756, 31.4525 ] } },
{ "type": "Feature", "properties": { "event_id_cnty": "PSE58728", "event_date": "8/28/2024", "year": 2024, "time_precision": 1, "disorder_type": "Political violence", "event_type": "Explosions/Remote violence", "sub_event_type": "Air/drone strike", "actor1": "Military Forces of Israel (2022-)", "assoc_actor_1": null, "inter1": 8, "actor2": "Civilians (Palestine)", "assoc_actor_2": null, "inter2": 7, "interaction": 78, "civilian_targeting": "Civilian targeting", "iso": 275, "region": "Middle East", "country": "Palestine", "admin1": "Gaza Strip", "admin2": "Deir El Balah", "admin3": null, "location": "Az Zawayda", "latitude": 31.4284, "longitude": 34.366, "geo_precision": 1, "source": "Ma'an News Agency; Newpress; Palestine News and Information Agency; Quds News Network; Twitter", "source_scale": "New media-National", "notes": "On 28 August 2024, Israeli warplanes struck a passing car in Az Zawayda (Deir El Balah, Gaza Strip), killing 3 Palestinians and leaving injuries.", "fatalities": 3, "tags": null, "timestamp": 1767742780 }, "geometry": { "type": "Point", "coordinates": [ 34.366, 31.4284 ] } },
{ "type": "Feature", "properties": { "event_id_cnty": "PSE58730", "event_date": "8/28/2024", "year": 2024, "time_precision": 1, "disorder_type": "Political violence", "event_type": "Explosions/Remote violence", "sub_event_type": "Air/drone strike", "actor1": "Military Forces of Israel (2022-)", "assoc_actor_1": null, "inter1": 8, "actor2": "Civilians (Palestine)", "assoc_actor_2": "Refugees/IDPs (Palestine)", "inter2": 7, "interaction": 78, "civilian_targeting": "Civilian targeting", "iso": 275, "region": "Middle East", "country": "Palestine", "admin1": "Gaza Strip", "admin2": "Deir El Balah", "admin3": null, "location": "Deir al Balah", "latitude": 31.4178, "longitude": 34.3503, "geo_precision": 1, "source": "Quds News Network; Twitter", "source_scale": "New media-National", "notes": "On 28 August 2024, Israeli warplanes struck a tent belonging to displaced people Abu Arif street in Deir al Balah city (Deir El Balah, Gaza Strip), killing a woman.", "fatalities": 1, "tags": null, "timestamp": 1753956638 }, "geometry": { "type": "Point", "coordinates": [ 34.3503, 31.4178 ] } },
{ "type": "Feature", "properties": { "event_id_cnty": "PSE58731", "event_date": "8/28/2024", "year": 2024, "time_precision": 1, "disorder_type": "Political violence", "event_type": "Explosions/Remote violence", "sub_event_type": "Air/drone strike", "actor1": "Military Forces of Israel (2022-)", "assoc_actor_1": null, "inter1": 8, "actor2": "Civilians (Palestine)", "assoc_actor_2": "Refugees/IDPs (Palestine)", "inter2": 7, "interaction": 78, "civilian_targeting": "Civilian targeting", "iso": 275, "region": "Middle East", "country": "Palestine", "admin1": "Gaza Strip", "admin2": "Deir El Balah", "admin3": null, "location": "Deir al Balah Camp", "latitude": 31.4249, "longitude": 34.34, "geo_precision": 2, "source": "Arab 48; Newpress; Palestine News and Information Agency; PLO Negotiations Affairs Department; Quds News Network; Twitter", "source_scale": "Other-New media", "notes": "On 28 August 2024, Israeli warplanes struck a group of Palestinians in Manfalouti School that hosting displaced people east if Deir al Balah, killing 8 Palestinians and injuring others. Also, the artillery shelled targets east of Deir al Balah, coded to Deir al Balah Camp (Deir El Balah, Gaza Strip). Casualties unknown. The total fatalities coded at least 8.", "fatalities": 8, "tags": null, "timestamp": 1765850627 }, "geometry": { "type": "Point", "coordinates": [ 34.34, 31.4249 ] } },
{ "type": "Feature", "properties": { "event_id_cnty": "PSE58745", "event_date": "8/28/2024", "year": 2024, "time_precision": 1, "disorder_type": "Political violence", "event_type": "Explosions/Remote violence", "sub_event_type": "Air/drone strike", "actor1": "Military Forces of Israel (2022-)", "assoc_actor_1": null, "inter1": 8, "actor2": "Civilians (Palestine)", "assoc_actor_2": null, "inter2": 7, "interaction": 78, "civilian_targeting": "Civilian targeting", "iso": 275, "region": "Middle East", "country": "Palestine", "admin1": "Gaza Strip", "admin2": "Gaza City", "admin3": null, "location": "Gaza - Southern Remal", "latitude": 31.5168, "longitude": 34.4355, "geo_precision": 1, "source": "Palestine News and Information Agency", "source_scale": "National", "notes": "On 28 August 2024, Israeli warplanes struck a house in Gaza - Southern Remal (Gaza City, Gaza Strip), killing 2 Palestinians and injuring 7 more.", "fatalities": 2, "tags": null, "timestamp": 1759790002 }, "geometry": { "type": "Point", "coordinates": [ 34.4355, 31.5168 ] } },
{ "type": "Feature", "properties": { "event_id_cnty": "PSE58747", "event_date": "8/28/2024", "year": 2024, "time_precision": 1, "disorder_type": "Political violence", "event_type": "Explosions/Remote violence", "sub_event_type": "Shelling/artillery/missile attack", "actor1": "Military Forces of Israel (2022-)", "assoc_actor_1": null, "inter1": 8, "actor2": "Civilians (Palestine)", "assoc_actor_2": null, "inter2": 7, "interaction": 78, "civilian_targeting": "Civilian targeting", "iso": 275, "region": "Middle East", "country": "Palestine", "admin1": "Gaza Strip", "admin2": "Khan Yunis", "admin3": null, "location": "Abasan al Kabirah", "latitude": 31.3191, "longitude": 34.3401, "geo_precision": 1, "source": "Quds News Network; Twitter", "source_scale": "New media-National", "notes": "On 28 August 2024, Israeli artillery shelled houses in Abasan al Kabirah (Khan Yunis, Gaza Strip), leaving injuries.", "fatalities": 0, "tags": null, "timestamp": 1753956638 }, "geometry": { "type": "Point", "coordinates": [ 34.3401, 31.3191 ] } },
{ "type": "Feature", "properties": { "event_id_cnty": "PSE58748", "event_date": "8/28/2024", "year": 2024, "time_precision": 1, "disorder_type": "Political violence", "event_type": "Explosions/Remote violence", "sub_event_type": "Air/drone strike", "actor1": "Military Forces of Israel (2022-)", "assoc_actor_1": null, "inter1": 8, "actor2": "Civilians (Palestine)", "assoc_actor_2": null, "inter2": 7, "interaction": 78, "civilian_targeting": "Civilian targeting", "iso": 275, "region": "Middle East", "country": "Palestine", "admin1": "Gaza Strip", "admin2": "Khan Yunis", "admin3": null, "location": "Al Fukhari", "latitude": 31.2952, "longitude": 34.3332, "geo_precision": 1, "source": "Quds News Network; Twitter", "source_scale": "New media-National", "notes": "On 28 August 2024, Israeli warplanes struck a house in Al Fukhari (Khan Yunis, Gaza Strip), killing 2 Palestinians and leaving injuries.", "fatalities": 2, "tags": null, "timestamp": 1753956638 }, "geometry": { "type": "Point", "coordinates": [ 34.3332, 31.2952 ] } },
{ "type": "Feature", "properties": { "event_id_cnty": "PSE58749", "event_date": "8/28/2024", "year": 2024, "time_precision": 1, "disorder_type": "Political violence", "event_type": "Explosions/Remote violence", "sub_event_type": "Shelling/artillery/missile attack", "actor1": "Military Forces of Israel (2022-)", "assoc_actor_1": null, "inter1": 8, "actor2": "Civilians (Palestine)", "assoc_actor_2": null, "inter2": 7, "interaction": 78, "civilian_targeting": "Civilian targeting", "iso": 275, "region": "Middle East", "country": "Palestine", "admin1": "Gaza Strip", "admin2": "Khan Yunis", "admin3": null, "location": "Bani Suheila", "latitude": 31.3424, "longitude": 34.325, "geo_precision": 1, "source": "Newpress; Quds News Network; Twitter", "source_scale": "New media-National", "notes": "On 28 August 2024, Israeli artillery shelled targets (including a house) near the Bani Suheila junction in Bani Suheila (Khan Yunis, Gaza Strip), killing a Palestinian and leaving a number of injuries.", "fatalities": 1, "tags": null, "timestamp": 1753956638 }, "geometry": { "type": "Point", "coordinates": [ 34.325, 31.3424 ] } },
{ "type": "Feature", "properties": { "event_id_cnty": "PSE58757", "event_date": "8/28/2024", "year": 2024, "time_precision": 1, "disorder_type": "Political violence", "event_type": "Explosions/Remote violence", "sub_event_type": "Air/drone strike", "actor1": "Military Forces of Israel (2022-)", "assoc_actor_1": null, "inter1": 8, "actor2": "Civilians (Palestine)", "assoc_actor_2": null, "inter2": 7, "interaction": 78, "civilian_targeting": "Civilian targeting", "iso": 275, "region": "Middle East", "country": "Palestine", "admin1": "Gaza Strip", "admin2": "Khan Yunis", "admin3": null, "location": "Khan Yunis - West (Municipal Stadium)", "latitude": 31.3484, "longitude": 34.2961, "geo_precision": 2, "source": "Quds News Network; Twitter", "source_scale": "New media-National", "notes": "On 28 August 2024, Israeli warplanes struck a house near the PRCS office west of Khan Yunis, (coded to Khan Yunis - West (Municipal Stadium), Gaza Strip), leaving 2 fatalities.", "fatalities": 2, "tags": null, "timestamp": 1753956638 }, "geometry": { "type": "Point", "coordinates": [ 34.2961, 31.3484 ] } },
{ "type": "Feature", "properties": { "event_id_cnty": "PSE58760", "event_date": "8/28/2024", "year": 2024, "time_precision": 1, "disorder_type": "Political violence", "event_type": "Explosions/Remote violence", "sub_event_type": "Air/drone strike", "actor1": "Military Forces of Israel (2022-)", "assoc_actor_1": null, "inter1": 8, "actor2": "Civilians (Palestine)", "assoc_actor_2": "Refugees/IDPs (Palestine)", "inter2": 7, "interaction": 78, "civilian_targeting": "Civilian targeting", "iso": 275, "region": "Middle East", "country": "Palestine", "admin1": "Gaza Strip", "admin2": "North Gaza", "admin3": null, "location": "Jabalya Camp", "latitude": 31.536, "longitude": 34.4907, "geo_precision": 1, "source": "Newpress; Palestine News and Information Agency; Quds News Network; Twitter", "source_scale": "New media-National", "notes": "On 28 August 2024, Israeli warplanes struck a house in al-Trans street in Jabalya Camp (North Gaza, Gaza Strip), killing 5 Palestinians and leaving a number of injuries.", "fatalities": 5, "tags": null, "timestamp": 1753956638 }, "geometry": { "type": "Point", "coordinates": [ 34.4907, 31.536 ] } },
{ "type": "Feature", "properties": { "event_id_cnty": "PSE58733", "event_date": "8/28/2024", "year": 2024, "time_precision": 1, "disorder_type": "Political violence", "event_type": "Explosions/Remote violence", "sub_event_type": "Shelling/artillery/missile attack", "actor1": "Military Forces of Israel (2022-)", "assoc_actor_1": null, "inter1": 8, "actor2": "Civilians (Palestine)", "assoc_actor_2": "Fishers (Palestine)", "inter2": 7, "interaction": 78, "civilian_targeting": "Civilian targeting", "iso": 275, "region": "Middle East", "country": "Palestine", "admin1": "Gaza Strip", "admin2": "Gaza City", "admin3": null, "location": "Gaza - Ash Shati' Camp", "latitude": 31.5349, "longitude": 34.4466, "geo_precision": 2, "source": "Newpress; Twitter", "source_scale": "New media-National", "notes": "On 28 August 2024, Israeli gunboats opened fire at Palestinian fishers west of Gaza - Ash Shati' Camp (Gaza City, Gaza Strip). Casualties unknown.", "fatalities": 0, "tags": null, "timestamp": 1759790002 }, "geometry": { "type": "Point", "coordinates": [ 34.4466, 31.5349 ] } },
{ "type": "Feature", "properties": { "event_id_cnty": "PSE58737", "event_date": "8/28/2024", "year": 2024, "time_precision": 1, "disorder_type": "Political violence", "event_type": "Explosions/Remote violence", "sub_event_type": "Air/drone strike", "actor1": "Military Forces of Israel (2022-)", "assoc_actor_1": null, "inter1": 8, "actor2": "Civilians (Palestine)", "assoc_actor_2": null, "inter2": 7, "interaction": 78, "civilian_targeting": "Civilian targeting", "iso": 275, "region": "Middle East", "country": "Palestine", "admin1": "Gaza Strip", "admin2": "Gaza City", "admin3": null, "location": "Gaza - Az Zaytun", "latitude": 31.4964, "longitude": 34.4522, "geo_precision": 2, "source": "Quds News Network; Twitter", "source_scale": "New media-National", "notes": "On 28 August 2024, Israeli warplanes struck at Kisko street east of Gaza - Az Zaytun (Gaza City, Gaza Strip), killing 2 Palestinians.", "fatalities": 2, "tags": null, "timestamp": 1759790002 }, "geometry": { "type": "Point", "coordinates": [ 34.4522, 31.4964 ] } },
{ "type": "Feature", "properties": { "event_id_cnty": "PSE58756", "event_date": "8/28/2024", "year": 2024, "time_precision": 1, "disorder_type": "Political violence", "event_type": "Explosions/Remote violence", "sub_event_type": "Air/drone strike", "actor1": "Military Forces of Israel (2022-)", "assoc_actor_1": null, "inter1": 8, "actor2": "Civilians (Palestine)", "assoc_actor_2": null, "inter2": 7, "interaction": 78, "civilian_targeting": "Civilian targeting", "iso": 275, "region": "Middle East", "country": "Palestine", "admin1": "Gaza Strip", "admin2": "Khan Yunis", "admin3": null, "location": "Khan Yunis - As-Sameen", "latitude": 31.3369, "longitude": 34.2925, "geo_precision": 1, "source": "Newpress; Quds News Network; Twitter", "source_scale": "New media-National", "notes": "On 28 August 2024, Israeli warplanes struck a house in Khan Yunis - As-Sameen (Khan Yunis, Gaza Strip). Casualties unknown.", "fatalities": 0, "tags": null, "timestamp": 1753956638 }, "geometry": { "type": "Point", "coordinates": [ 34.2925, 31.3369 ] } },
{ "type": "Feature", "properties": { "event_id_cnty": "PSE58732", "event_date": "8/28/2024", "year": 2024, "time_precision": 1, "disorder_type": "Political violence", "event_type": "Violence against civilians", "sub_event_type": "Attack", "actor1": "Military Forces of Israel (2022-)", "assoc_actor_1": null, "inter1": 8, "actor2": "Civilians (International)", "assoc_actor_2": "Aid Workers (International); WFP: World Food Programme", "inter2": 7, "interaction": 78, "civilian_targeting": "Civilian targeting", "iso": 275, "region": "Middle East", "country": "Palestine", "admin1": "Gaza Strip", "admin2": "Gaza City", "admin3": null, "location": "Al Mughraqa", "latitude": 31.4675, "longitude": 34.4097, "geo_precision": 2, "source": "Times of Israel; Twitter", "source_scale": "New media-Regional", "notes": "On 28 August 2024, 2 armored vehicles belonging to the WFP came under fire near an IDF checkpoint in Wadi Gaza, coded to Al Mughraqa (Gaza City, Gaza Strip). The WFP cars were escorting a convoy of humanitarian aid trucks to central Gaza. There were no casualties among the WFP staff. This event involved violence over aid.", "fatalities": 0, "tags": null, "timestamp": 1753956638 }, "geometry": { "type": "Point", "coordinates": [ 34.4097, 31.4675 ] } },
{ "type": "Feature", "properties": { "event_id_cnty": "PSE58799", "event_date": "8/29/2024", "year": 2024, "time_precision": 1, "disorder_type": "Political violence", "event_type": "Explosions/Remote violence", "sub_event_type": "Air/drone strike", "actor1": "Military Forces of Israel (2022-)", "assoc_actor_1": null, "inter1": 8, "actor2": "Civilians (Palestine)", "assoc_actor_2": "Refugees/IDPs (Palestine)", "inter2": 7, "interaction": 78, "civilian_targeting": "Civilian targeting", "iso": 275, "region": "Middle East", "country": "Palestine", "admin1": "Gaza Strip", "admin2": "Deir El Balah", "admin3": null, "location": "An Nusayrat", "latitude": 31.4486, "longitude": 34.3925, "geo_precision": 1, "source": "Palestine News and Information Agency; Quds News Network; Twitter", "source_scale": "New media-National", "notes": "On 29 August 2024, Israeli warplanes struck 2 houses in An Nusayrat Camp (Deir El Balah, Gaza Strip), killing 2 Palestinian girls and injuring others.", "fatalities": 2, "tags": null, "timestamp": 1753956638 }, "geometry": { "type": "Point", "coordinates": [ 34.3925, 31.4486 ] } },
{ "type": "Feature", "properties": { "event_id_cnty": "PSE58800", "event_date": "8/29/2024", "year": 2024, "time_precision": 1, "disorder_type": "Political violence", "event_type": "Explosions/Remote violence", "sub_event_type": "Air/drone strike", "actor1": "Military Forces of Israel (2022-)", "assoc_actor_1": null, "inter1": 8, "actor2": "Civilians (Palestine)", "assoc_actor_2": null, "inter2": 7, "interaction": 78, "civilian_targeting": "Civilian targeting", "iso": 275, "region": "Middle East", "country": "Palestine", "admin1": "Gaza Strip", "admin2": "Deir El Balah", "admin3": null, "location": "An Nusayrat", "latitude": 31.4486, "longitude": 34.3925, "geo_precision": 2, "source": "Palestine News and Information Agency", "source_scale": "National", "notes": "On 29 August 2024, Israeli warplanes struck a house east of An Nusayrat Camp (Deir El Balah, Gaza Strip), leaving 5 injuries.", "fatalities": 0, "tags": null, "timestamp": 1753956638 }, "geometry": { "type": "Point", "coordinates": [ 34.3925, 31.4486 ] } },
{ "type": "Feature", "properties": { "event_id_cnty": "PSE58802", "event_date": "8/29/2024", "year": 2024, "time_precision": 1, "disorder_type": "Political violence", "event_type": "Explosions/Remote violence", "sub_event_type": "Air/drone strike", "actor1": "Military Forces of Israel (2022-)", "assoc_actor_1": null, "inter1": 8, "actor2": "Civilians (Palestine)", "assoc_actor_2": null, "inter2": 7, "interaction": 78, "civilian_targeting": "Civilian targeting", "iso": 275, "region": "Middle East", "country": "Palestine", "admin1": "Gaza Strip", "admin2": "Deir El Balah", "admin3": null, "location": "An Nusayrat - West", "latitude": 31.4525, "longitude": 34.3756, "geo_precision": 1, "source": "Quds News Network; Twitter", "source_scale": "New media-National", "notes": "On 29 August 2024, Israeli warplanes struck an apartment in al-Salhi tower in An Nusayrat - West (Deir El Balah, Gaza Strip), leaving 9 fatalities and injuring others.", "fatalities": 9, "tags": null, "timestamp": 1753956638 }, "geometry": { "type": "Point", "coordinates": [ 34.3756, 31.4525 ] } },
{ "type": "Feature", "properties": { "event_id_cnty": "PSE58803", "event_date": "8/29/2024", "year": 2024, "time_precision": 1, "disorder_type": "Political violence", "event_type": "Explosions/Remote violence", "sub_event_type": "Air/drone strike", "actor1": "Military Forces of Israel (2022-)", "assoc_actor_1": null, "inter1": 8, "actor2": "Civilians (Palestine)", "assoc_actor_2": null, "inter2": 7, "interaction": 78, "civilian_targeting": "Civilian targeting", "iso": 275, "region": "Middle East", "country": "Palestine", "admin1": "Gaza Strip", "admin2": "Deir El Balah", "admin3": null, "location": "Deir al Balah", "latitude": 31.4178, "longitude": 34.3503, "geo_precision": 1, "source": "Quds News Network; Twitter", "source_scale": "New media-National", "notes": "On 29 August 2024, Israeli warplanes struck a gathering west of Al Barakeh area of Deir al Balah city (Deir El Balah, Gaza Strip), leaving 5 fatalities.", "fatalities": 5, "tags": null, "timestamp": 1753956638 }, "geometry": { "type": "Point", "coordinates": [ 34.3503, 31.4178 ] } },
{ "type": "Feature", "properties": { "event_id_cnty": "PSE58804", "event_date": "8/29/2024", "year": 2024, "time_precision": 1, "disorder_type": "Political violence", "event_type": "Explosions/Remote violence", "sub_event_type": "Shelling/artillery/missile attack", "actor1": "Military Forces of Israel (2022-)", "assoc_actor_1": null, "inter1": 8, "actor2": "Civilians (Palestine)", "assoc_actor_2": null, "inter2": 7, "interaction": 78, "civilian_targeting": "Civilian targeting", "iso": 275, "region": "Middle East", "country": "Palestine", "admin1": "Gaza Strip", "admin2": "Deir El Balah", "admin3": null, "location": "Deir al Balah Camp", "latitude": 31.4249, "longitude": 34.34, "geo_precision": 2, "source": "Palestine News and Information Agency; PLO Negotiations Affairs Department; Quds News Network; Twitter", "source_scale": "Other-New media", "notes": "On 29 August 2024, Israeli artillery and tanks shelled targets east of Deir al Balah, coded to Deir al Balah Camp (Deir El Balah, Gaza Strip). Casualties unknown. Also, 2 Palestinian bodies were recovered from Matahen al-Salam east of Deir al Balah. Fatalities coded at least 2.", "fatalities": 2, "tags": null, "timestamp": 1765850627 }, "geometry": { "type": "Point", "coordinates": [ 34.34, 31.4249 ] } },
{ "type": "Feature", "properties": { "event_id_cnty": "PSE58806", "event_date": "8/29/2024", "year": 2024, "time_precision": 1, "disorder_type": "Political violence", "event_type": "Explosions/Remote violence", "sub_event_type": "Air/drone strike", "actor1": "Military Forces of Israel (2022-)", "assoc_actor_1": null, "inter1": 8, "actor2": "Civilians (Palestine)", "assoc_actor_2": "Refugees/IDPs (Palestine)", "inter2": 7, "interaction": 78, "civilian_targeting": "Civilian targeting", "iso": 275, "region": "Middle East", "country": "Palestine", "admin1": "Gaza Strip", "admin2": "Gaza City", "admin3": null, "location": "Gaza - Ash Shati' Camp", "latitude": 31.5349, "longitude": 34.4466, "geo_precision": 1, "source": "Palestine News and Information Agency; Quds News Network; Twitter", "source_scale": "New media-National", "notes": "On 29 August 2024, Israeli warplanes struck a house in Gaza - Ash Shati' Camp (Gaza City, Gaza Strip), killing one Palestinian.", "fatalities": 1, "tags": null, "timestamp": 1759790002 }, "geometry": { "type": "Point", "coordinates": [ 34.4466, 31.5349 ] } },
{ "type": "Feature", "properties": { "event_id_cnty": "PSE58812", "event_date": "8/29/2024", "year": 2024, "time_precision": 1, "disorder_type": "Political violence", "event_type": "Explosions/Remote violence", "sub_event_type": "Air/drone strike", "actor1": "Military Forces of Israel (2022-)", "assoc_actor_1": null, "inter1": 8, "actor2": "Civilians (Palestine)", "assoc_actor_2": null, "inter2": 7, "interaction": 78, "civilian_targeting": "Civilian targeting", "iso": 275, "region": "Middle East", "country": "Palestine", "admin1": "Gaza Strip", "admin2": "Gaza City", "admin3": null, "location": "Gaza - Southern Remal", "latitude": 31.5168, "longitude": 34.4355, "geo_precision": 2, "source": "Newpress; Palestine News and Information Agency; Quds News Network; Twitter", "source_scale": "New media-National", "notes": "On 29 August 2024, Israeli warplanes struck a residential building near Al Amal Hotel west of Gaza City, coded to Gaza - Southern Remal (Gaza City, Gaza Strip), killing 8 Palestinians including a child and injuring 3 more.", "fatalities": 8, "tags": null, "timestamp": 1759790002 }, "geometry": { "type": "Point", "coordinates": [ 34.4355, 31.5168 ] } },
{ "type": "Feature", "properties": { "event_id_cnty": "PSE58814", "event_date": "8/29/2024", "year": 2024, "time_precision": 1, "disorder_type": "Political violence", "event_type": "Explosions/Remote violence", "sub_event_type": "Air/drone strike", "actor1": "Military Forces of Israel (2022-)", "assoc_actor_1": null, "inter1": 8, "actor2": "Civilians (Palestine)", "assoc_actor_2": "Refugees/IDPs (Palestine)", "inter2": 7, "interaction": 78, "civilian_targeting": "Civilian targeting", "iso": 275, "region": "Middle East", "country": "Palestine", "admin1": "Gaza Strip", "admin2": "Khan Yunis", "admin3": null, "location": "Abasan al Kabirah", "latitude": 31.3191, "longitude": 34.3401, "geo_precision": 2, "source": "Ma'an News Agency; Newpress; Palestine News and Information Agency; Quds News Network; Twitter", "source_scale": "New media-National", "notes": "On 29 August 2024, Israeli warplanes struck tents belonging to displaced people in Wadi Saber east of Abasan al Kabirah (Khan Yunis, Gaza Strip), leaving 5 fatalities.", "fatalities": 5, "tags": null, "timestamp": 1753956638 }, "geometry": { "type": "Point", "coordinates": [ 34.3401, 31.3191 ] } },
{ "type": "Feature", "properties": { "event_id_cnty": "PSE58815", "event_date": "8/29/2024", "year": 2024, "time_precision": 1, "disorder_type": "Political violence", "event_type": "Explosions/Remote violence", "sub_event_type": "Shelling/artillery/missile attack", "actor1": "Military Forces of Israel (2022-)", "assoc_actor_1": null, "inter1": 8, "actor2": "Civilians (Palestine)", "assoc_actor_2": null, "inter2": 7, "interaction": 78, "civilian_targeting": "Civilian targeting", "iso": 275, "region": "Middle East", "country": "Palestine", "admin1": "Gaza Strip", "admin2": "Khan Yunis", "admin3": null, "location": "Abasan al Kabirah", "latitude": 31.3191, "longitude": 34.3401, "geo_precision": 1, "source": "Palestine News and Information Agency", "source_scale": "National", "notes": "On 29 August 2024, Israeli artillery shelled the Abasan al Kabirah (Khan Yunis, Gaza Strip), leaving injuries.", "fatalities": 0, "tags": null, "timestamp": 1753956638 }, "geometry": { "type": "Point", "coordinates": [ 34.3401, 31.3191 ] } },
{ "type": "Feature", "properties": { "event_id_cnty": "PSE58818", "event_date": "8/29/2024", "year": 2024, "time_precision": 1, "disorder_type": "Political violence", "event_type": "Explosions/Remote violence", "sub_event_type": "Air/drone strike", "actor1": "Military Forces of Israel (2022-)", "assoc_actor_1": null, "inter1": 8, "actor2": "Civilians (Palestine)", "assoc_actor_2": null, "inter2": 7, "interaction": 78, "civilian_targeting": "Civilian targeting", "iso": 275, "region": "Middle East", "country": "Palestine", "admin1": "Gaza Strip", "admin2": "Khan Yunis", "admin3": null, "location": "Bani Suheila", "latitude": 31.3424, "longitude": 34.325, "geo_precision": 1, "source": "Palestine News and Information Agency; Quds News Network; Twitter", "source_scale": "New media-National", "notes": "On 29 August 2024, Israeli warplanes struck a target in Bani Suheila (Khan Yunis, Gaza Strip), killing a Palestinian. Also, the artillery shelled the same area [casualties unknown]. Fatalities coded at least 1.", "fatalities": 1, "tags": null, "timestamp": 1753956638 }, "geometry": { "type": "Point", "coordinates": [ 34.325, 31.3424 ] } },
{ "type": "Feature", "properties": { "event_id_cnty": "PSE58820", "event_date": "8/29/2024", "year": 2024, "time_precision": 1, "disorder_type": "Political violence", "event_type": "Explosions/Remote violence", "sub_event_type": "Air/drone strike", "actor1": "Military Forces of Israel (2022-)", "assoc_actor_1": null, "inter1": 8, "actor2": "Civilians (Palestine)", "assoc_actor_2": "Refugees/IDPs (Palestine)", "inter2": 7, "interaction": 78, "civilian_targeting": "Civilian targeting", "iso": 275, "region": "Middle East", "country": "Palestine", "admin1": "Gaza Strip", "admin2": "Khan Yunis", "admin3": null, "location": "Khan Yunis - Al Kateebeh", "latitude": 31.3642, "longitude": 34.3085, "geo_precision": 2, "source": "Ma'an News Agency; Palestine News and Information Agency", "source_scale": "National", "notes": "On 29 August 2024, Israeli warplanes struck tents belonging to displaced people in Asdaa north of Khan Yunis, coded to Khan Yunis - Al Kateebeh (Khan Yunis, Gaza Strip), killing 2 persons and injuring at least 20.", "fatalities": 2, "tags": null, "timestamp": 1767742780 }, "geometry": { "type": "Point", "coordinates": [ 34.3085, 31.3642 ] } },
{ "type": "Feature", "properties": { "event_id_cnty": "PSE58825", "event_date": "8/29/2024", "year": 2024, "time_precision": 1, "disorder_type": "Political violence", "event_type": "Explosions/Remote violence", "sub_event_type": "Shelling/artillery/missile attack", "actor1": "Military Forces of Israel (2022-)", "assoc_actor_1": null, "inter1": 8, "actor2": "Civilians (Palestine)", "assoc_actor_2": null, "inter2": 7, "interaction": 78, "civilian_targeting": "Civilian targeting", "iso": 275, "region": "Middle East", "country": "Palestine", "admin1": "Gaza Strip", "admin2": "Khan Yunis", "admin3": null, "location": "Khuzaa", "latitude": 31.3069, "longitude": 34.3572, "geo_precision": 1, "source": "Palestine News and Information Agency", "source_scale": "National", "notes": "On 29 August 2024, Israeli artillery shelled the entrance of Khuzaa (Khan Yunis, Gaza Strip), killing one Palestinian and injuring others.", "fatalities": 1, "tags": null, "timestamp": 1753956638 }, "geometry": { "type": "Point", "coordinates": [ 34.3572, 31.3069 ] } },
{ "type": "Feature", "properties": { "event_id_cnty": "PSE58827", "event_date": "8/29/2024", "year": 2024, "time_precision": 1, "disorder_type": "Political violence", "event_type": "Explosions/Remote violence", "sub_event_type": "Air/drone strike", "actor1": "Military Forces of Israel (2022-)", "assoc_actor_1": null, "inter1": 8, "actor2": "Civilians (Palestine)", "assoc_actor_2": null, "inter2": 7, "interaction": 78, "civilian_targeting": "Civilian targeting", "iso": 275, "region": "Middle East", "country": "Palestine", "admin1": "Gaza Strip", "admin2": "North Gaza", "admin3": null, "location": "Beit Lahiya - Al Mashroo", "latitude": 31.5433, "longitude": 34.4998, "geo_precision": 1, "source": "Quds News Network; Twitter", "source_scale": "New media-National", "notes": "On 29 August 2024, Israeli warplanes struck a house in Beit Lahiya - Al Mashroo (North Gaza, Gaza Strip), killing a Palestinian.", "fatalities": 1, "tags": null, "timestamp": 1753956638 }, "geometry": { "type": "Point", "coordinates": [ 34.4998, 31.5433 ] } },
{ "type": "Feature", "properties": { "event_id_cnty": "PSE58828", "event_date": "8/29/2024", "year": 2024, "time_precision": 1, "disorder_type": "Political violence", "event_type": "Explosions/Remote violence", "sub_event_type": "Air/drone strike", "actor1": "Military Forces of Israel (2022-)", "assoc_actor_1": null, "inter1": 8, "actor2": "Civilians (Palestine)", "assoc_actor_2": null, "inter2": 7, "interaction": 78, "civilian_targeting": "Civilian targeting", "iso": 275, "region": "Middle East", "country": "Palestine", "admin1": "Gaza Strip", "admin2": "North Gaza", "admin3": null, "location": "Jabalya Camp", "latitude": 31.536, "longitude": 34.4907, "geo_precision": 2, "source": "Quds News Network; Twitter", "source_scale": "New media-National", "notes": "On 29 August 2024, Israeli warplanes struck a house in Asaleyah street east of Jabalya Camp (North Gaza, Gaza Strip). There were no casualties as the missile did not explode.", "fatalities": 0, "tags": null, "timestamp": 1753956638 }, "geometry": { "type": "Point", "coordinates": [ 34.4907, 31.536 ] } },
{ "type": "Feature", "properties": { "event_id_cnty": "PSE58807", "event_date": "8/29/2024", "year": 2024, "time_precision": 1, "disorder_type": "Political violence", "event_type": "Explosions/Remote violence", "sub_event_type": "Air/drone strike", "actor1": "Military Forces of Israel (2022-)", "assoc_actor_1": null, "inter1": 8, "actor2": "Civilians (Palestine)", "assoc_actor_2": null, "inter2": 7, "interaction": 78, "civilian_targeting": "Civilian targeting", "iso": 275, "region": "Middle East", "country": "Palestine", "admin1": "Gaza Strip", "admin2": "Gaza City", "admin3": null, "location": "Gaza - Az Zaytun", "latitude": 31.4964, "longitude": 34.4522, "geo_precision": 1, "source": "Newpress; Palestine News and Information Agency; Quds News Network; Twitter", "source_scale": "New media-National", "notes": "On 29 August 2024, Israeli warplanes and UAVs carried out strikes in Gaza - Az Zaytun (Gaza City, Gaza Strip), leaving fatalities and injuries [unspecified fatalities coded as 3]. Also, 3 Palestinians were killed in an airstrike that targeted a gathering in Az Zaytun. Total fatalities coded as 6 [3 confirmed and 3 unspecified].", "fatalities": 6, "tags": null, "timestamp": 1759790002 }, "geometry": { "type": "Point", "coordinates": [ 34.4522, 31.4964 ] } },
{ "type": "Feature", "properties": { "event_id_cnty": "PSE58829", "event_date": "8/29/2024", "year": 2024, "time_precision": 1, "disorder_type": "Political violence", "event_type": "Explosions/Remote violence", "sub_event_type": "Air/drone strike", "actor1": "Military Forces of Israel (2022-)", "assoc_actor_1": null, "inter1": 8, "actor2": "Civilians (Palestine)", "assoc_actor_2": null, "inter2": 7, "interaction": 78, "civilian_targeting": "Civilian targeting", "iso": 275, "region": "Middle East", "country": "Palestine", "admin1": "Gaza Strip", "admin2": "Rafah", "admin3": null, "location": "Khirbet al Adas", "latitude": 31.2855, "longitude": 34.2714, "geo_precision": 2, "source": "Palestine News and Information Agency; Quds News Network; Twitter", "source_scale": "New media-National", "notes": "On 29 August 2024, rescue teams recovered 5 bodies belonging to Palestinians killed by Israeli forces, likely by airstrikes north of Rafah in Oriabah area, coded to Khirbet al Adas (Rafah, Gaza Strip).", "fatalities": 5, "tags": null, "timestamp": 1753956638 }, "geometry": { "type": "Point", "coordinates": [ 34.2714, 31.2855 ] } },
{ "type": "Feature", "properties": { "event_id_cnty": "PSE58858", "event_date": "8/30/2024", "year": 2024, "time_precision": 1, "disorder_type": "Political violence", "event_type": "Explosions/Remote violence", "sub_event_type": "Air/drone strike", "actor1": "Military Forces of Israel (2022-)", "assoc_actor_1": null, "inter1": 8, "actor2": "Civilians (Palestine)", "assoc_actor_2": "Refugees/IDPs (Palestine)", "inter2": 7, "interaction": 78, "civilian_targeting": "Civilian targeting", "iso": 275, "region": "Middle East", "country": "Palestine", "admin1": "Gaza Strip", "admin2": "Deir El Balah", "admin3": null, "location": "Al Maghazi", "latitude": 31.4214, "longitude": 34.3865, "geo_precision": 1, "source": "Ma'an News Agency; Newpress; Palestine News and Information Agency; Twitter", "source_scale": "New media-National", "notes": "On 30 August 2024, Israeli warplanes struck a house in Al Maghazi Camp (Deir El Balah, Gaza Strip), killing a child and injuring others.", "fatalities": 1, "tags": null, "timestamp": 1753956638 }, "geometry": { "type": "Point", "coordinates": [ 34.3865, 31.4214 ] } },
{ "type": "Feature", "properties": { "event_id_cnty": "PSE58859", "event_date": "8/30/2024", "year": 2024, "time_precision": 1, "disorder_type": "Political violence", "event_type": "Explosions/Remote violence", "sub_event_type": "Air/drone strike", "actor1": "Military Forces of Israel (2022-)", "assoc_actor_1": null, "inter1": 8, "actor2": "Civilians (Palestine)", "assoc_actor_2": null, "inter2": 7, "interaction": 78, "civilian_targeting": "Civilian targeting", "iso": 275, "region": "Middle East", "country": "Palestine", "admin1": "Gaza Strip", "admin2": "Deir El Balah", "admin3": null, "location": "Al Musaddar", "latitude": 31.4105, "longitude": 34.378, "geo_precision": 1, "source": "Quds News Network; Twitter", "source_scale": "New media-National", "notes": "On 30 August 2024, Israeli warplanes targeted the Al Musaddar (Deir El Balah, Gaza Strip), killing a Palestinian and injuring others.", "fatalities": 1, "tags": null, "timestamp": 1765850627 }, "geometry": { "type": "Point", "coordinates": [ 34.378, 31.4105 ] } },
{ "type": "Feature", "properties": { "event_id_cnty": "PSE58860", "event_date": "8/30/2024", "year": 2024, "time_precision": 1, "disorder_type": "Political violence", "event_type": "Explosions/Remote violence", "sub_event_type": "Air/drone strike", "actor1": "Military Forces of Israel (2022-)", "assoc_actor_1": null, "inter1": 8, "actor2": "Civilians (Palestine)", "assoc_actor_2": null, "inter2": 7, "interaction": 78, "civilian_targeting": "Civilian targeting", "iso": 275, "region": "Middle East", "country": "Palestine", "admin1": "Gaza Strip", "admin2": "Deir El Balah", "admin3": null, "location": "An Nusayrat - North", "latitude": 31.4591, "longitude": 34.3923, "geo_precision": 2, "source": "Palestine News and Information Agency; Quds News Network; Twitter", "source_scale": "New media-National", "notes": "On 30 August 2024, Israeli warplanes struck a house northeast and northwest of An Nusayrat, coded to An Nusayrat - North (Deir El Balah, Gaza strip), leaving injuries.", "fatalities": 0, "tags": null, "timestamp": 1753956638 }, "geometry": { "type": "Point", "coordinates": [ 34.3923, 31.4591 ] } },
{ "type": "Feature", "properties": { "event_id_cnty": "PSE58862", "event_date": "8/30/2024", "year": 2024, "time_precision": 1, "disorder_type": "Political violence", "event_type": "Explosions/Remote violence", "sub_event_type": "Air/drone strike", "actor1": "Military Forces of Israel (2022-)", "assoc_actor_1": null, "inter1": 8, "actor2": "Civilians (Palestine)", "assoc_actor_2": null, "inter2": 7, "interaction": 78, "civilian_targeting": "Civilian targeting", "iso": 275, "region": "Middle East", "country": "Palestine", "admin1": "Gaza Strip", "admin2": "Deir El Balah", "admin3": null, "location": "An Nusayrat - West", "latitude": 31.4525, "longitude": 34.3756, "geo_precision": 1, "source": "Quds News Network; Twitter", "source_scale": "New media-National", "notes": "On 30 August 2024, Israeli warplanes struck a house in An Nusayrat - West (Deir El Balah, Gaza Strip), killing 4 Palestinians and leaving injuries.", "fatalities": 4, "tags": null, "timestamp": 1753956638 }, "geometry": { "type": "Point", "coordinates": [ 34.3756, 31.4525 ] } },
{ "type": "Feature", "properties": { "event_id_cnty": "PSE58869", "event_date": "8/30/2024", "year": 2024, "time_precision": 1, "disorder_type": "Political violence", "event_type": "Explosions/Remote violence", "sub_event_type": "Shelling/artillery/missile attack", "actor1": "Military Forces of Israel (2022-)", "assoc_actor_1": null, "inter1": 8, "actor2": "Civilians (Palestine)", "assoc_actor_2": null, "inter2": 7, "interaction": 78, "civilian_targeting": "Civilian targeting", "iso": 275, "region": "Middle East", "country": "Palestine", "admin1": "Gaza Strip", "admin2": "Gaza City", "admin3": null, "location": "Gaza - Sabra", "latitude": 31.5086, "longitude": 34.4493, "geo_precision": 1, "source": "Newpress; Palestine News and Information Agency; Twitter", "source_scale": "New media-National", "notes": "On 30 August 2024, Israeli artillery shelled the Gaza - Sabra (Gaza City, Gaza Strip). 3 Palestinians were killed and others were injured.", "fatalities": 3, "tags": null, "timestamp": 1759790002 }, "geometry": { "type": "Point", "coordinates": [ 34.4493, 31.5086 ] } },
{ "type": "Feature", "properties": { "event_id_cnty": "PSE58870", "event_date": "8/30/2024", "year": 2024, "time_precision": 1, "disorder_type": "Political violence", "event_type": "Explosions/Remote violence", "sub_event_type": "Air/drone strike", "actor1": "Military Forces of Israel (2022-)", "assoc_actor_1": null, "inter1": 8, "actor2": "Civilians (Palestine)", "assoc_actor_2": null, "inter2": 7, "interaction": 78, "civilian_targeting": "Civilian targeting", "iso": 275, "region": "Middle East", "country": "Palestine", "admin1": "Gaza Strip", "admin2": "Gaza City", "admin3": null, "location": "Gaza - Sheikh Radwan", "latitude": 31.5349, "longitude": 34.4667, "geo_precision": 2, "source": "Quds News Network; Twitter", "source_scale": "New media-National", "notes": "On 30 August 2024, Israeli warplanes struck a target north of Gaza city, coded to Gaza - Sheikh Radwan (Gaza City, Gaza Strip), killing one Palestinian and injuring others.", "fatalities": 1, "tags": null, "timestamp": 1759790002 }, "geometry": { "type": "Point", "coordinates": [ 34.4667, 31.5349 ] } },
{ "type": "Feature", "properties": { "event_id_cnty": "PSE58876", "event_date": "8/30/2024", "year": 2024, "time_precision": 1, "disorder_type": "Political violence", "event_type": "Explosions/Remote violence", "sub_event_type": "Air/drone strike", "actor1": "Military Forces of Israel (2022-)", "assoc_actor_1": null, "inter1": 8, "actor2": "Civilians (Palestine)", "assoc_actor_2": null, "inter2": 7, "interaction": 78, "civilian_targeting": "Civilian targeting", "iso": 275, "region": "Middle East", "country": "Palestine", "admin1": "Gaza Strip", "admin2": "Khan Yunis", "admin3": null, "location": "Abasan al Kabirah", "latitude": 31.3191, "longitude": 34.3401, "geo_precision": 1, "source": "Ma'an News Agency; Palestine News and Information Agency; Quds News Network; Twitter", "source_scale": "New media-National", "notes": "On 30 August 2024, Israeli warplanes struck a house in Abasan al Kabirah (Khan Yunis, Gaza Strip), killing 3 Palestinians and injuring others. Also, Israeli artillery shelled targets in Abasan al Kabirah, killing a woman and injuring her husband along with her 3 children.", "fatalities": 4, "tags": null, "timestamp": 1753956638 }, "geometry": { "type": "Point", "coordinates": [ 34.3401, 31.3191 ] } },
{ "type": "Feature", "properties": { "event_id_cnty": "PSE58877", "event_date": "8/30/2024", "year": 2024, "time_precision": 1, "disorder_type": "Political violence", "event_type": "Explosions/Remote violence", "sub_event_type": "Air/drone strike", "actor1": "Military Forces of Israel (2022-)", "assoc_actor_1": null, "inter1": 8, "actor2": "Civilians (Palestine)", "assoc_actor_2": null, "inter2": 7, "interaction": 78, "civilian_targeting": "Civilian targeting", "iso": 275, "region": "Middle East", "country": "Palestine", "admin1": "Gaza Strip", "admin2": "Khan Yunis", "admin3": null, "location": "Al Fukhari", "latitude": 31.2952, "longitude": 34.3332, "geo_precision": 1, "source": "Palestine News and Information Agency; Quds News Network; Twitter", "source_scale": "New media-National", "notes": "On 30 August 2024, Israeli warplanes house a target in Al Fukhari (Khan Yunis, Gaza Strip), leaving 7 injuries.", "fatalities": 0, "tags": null, "timestamp": 1753956638 }, "geometry": { "type": "Point", "coordinates": [ 34.3332, 31.2952 ] } },
{ "type": "Feature", "properties": { "event_id_cnty": "PSE58884", "event_date": "8/30/2024", "year": 2024, "time_precision": 1, "disorder_type": "Political violence", "event_type": "Explosions/Remote violence", "sub_event_type": "Air/drone strike", "actor1": "Military Forces of Israel (2022-)", "assoc_actor_1": null, "inter1": 8, "actor2": "Civilians (Palestine)", "assoc_actor_2": "Refugees/IDPs (Palestine)", "inter2": 7, "interaction": 78, "civilian_targeting": "Civilian targeting", "iso": 275, "region": "Middle East", "country": "Palestine", "admin1": "Gaza Strip", "admin2": "North Gaza", "admin3": null, "location": "Jabalya Camp", "latitude": 31.536, "longitude": 34.4907, "geo_precision": 1, "source": "Arab 48; Ma'an News Agency; Newpress; Palestine News and Information Agency; Quds News Network; Twitter", "source_scale": "New media-National", "notes": "On 30 August 2024, Israeli warplanes struck an apartment in al Hoja area of Jabalya Camp (North Gaza, Gaza strip)m killing 2 Palestinian including a child. Also, at least 4 Palestinians were killed in an airstrike targeted a gathering in al-Ajarmeh street in the camp. Total fatalities coded at least 6.", "fatalities": 6, "tags": null, "timestamp": 1753956638 }, "geometry": { "type": "Point", "coordinates": [ 34.4907, 31.536 ] } },
{ "type": "Feature", "properties": { "event_id_cnty": "PSE58866", "event_date": "8/30/2024", "year": 2024, "time_precision": 1, "disorder_type": "Political violence", "event_type": "Explosions/Remote violence", "sub_event_type": "Air/drone strike", "actor1": "Military Forces of Israel (2022-)", "assoc_actor_1": null, "inter1": 8, "actor2": "Civilians (Palestine)", "assoc_actor_2": null, "inter2": 7, "interaction": 78, "civilian_targeting": "Civilian targeting", "iso": 275, "region": "Middle East", "country": "Palestine", "admin1": "Gaza Strip", "admin2": "Gaza City", "admin3": null, "location": "Gaza - Az Zaytun", "latitude": 31.4964, "longitude": 34.4522, "geo_precision": 1, "source": "Newpress; Palestine News and Information Agency; Quds News Network; Twitter", "source_scale": "New media-National", "notes": "On 30 August 2024, Israeli warplanes (including UAVs and Helicopters) carried out strikes in Az Zaytun and the artillery shelled the eastern and southern areas of Gaza - Az Zaytun (Gaza City, Gaza Strip). Casualties unknown.", "fatalities": 0, "tags": null, "timestamp": 1759790002 }, "geometry": { "type": "Point", "coordinates": [ 34.4522, 31.4964 ] } },
{ "type": "Feature", "properties": { "event_id_cnty": "PSE58920", "event_date": "8/31/2024", "year": 2024, "time_precision": 1, "disorder_type": "Political violence", "event_type": "Explosions/Remote violence", "sub_event_type": "Air/drone strike", "actor1": "Military Forces of Israel (2022-)", "assoc_actor_1": null, "inter1": 8, "actor2": "Civilians (Palestine)", "assoc_actor_2": null, "inter2": 7, "interaction": 78, "civilian_targeting": "Civilian targeting", "iso": 275, "region": "Middle East", "country": "Palestine", "admin1": "Gaza Strip", "admin2": "Gaza City", "admin3": null, "location": "Gaza - Sabra", "latitude": 31.5086, "longitude": 34.4493, "geo_precision": 1, "source": "Newpress; Palestine News and Information Agency; Twitter", "source_scale": "New media-National", "notes": "On 31 August 2024, Israeli warplanes struck a house in Gaza - Sabra (Gaza City, Gaza Strip), leaving 6 fatalities and a number of injuries.", "fatalities": 6, "tags": null, "timestamp": 1759790002 }, "geometry": { "type": "Point", "coordinates": [ 34.4493, 31.5086 ] } },
{ "type": "Feature", "properties": { "event_id_cnty": "PSE58922", "event_date": "8/31/2024", "year": 2024, "time_precision": 1, "disorder_type": "Political violence", "event_type": "Explosions/Remote violence", "sub_event_type": "Air/drone strike", "actor1": "Military Forces of Israel (2022-)", "assoc_actor_1": null, "inter1": 8, "actor2": "Civilians (Palestine)", "assoc_actor_2": "Refugees/IDPs (Palestine)", "inter2": 7, "interaction": 78, "civilian_targeting": "Civilian targeting", "iso": 275, "region": "Middle East", "country": "Palestine", "admin1": "Gaza Strip", "admin2": "North Gaza", "admin3": null, "location": "Jabalya Camp", "latitude": 31.536, "longitude": 34.4907, "geo_precision": 1, "source": "Newpress; Palestine News and Information Agency; Quds News Network; Twitter", "source_scale": "New media-National", "notes": "On 31 August 2024, Israeli warplanes struck an apartment in Jabalya Camp (North Gaza, Gaza strip), killing one Palestinian and injuring others. Also, 3 Palestinians were killed in an airstrike that targeted a house in Al Tawabah area of the camp. Total fatalities coded as 4.", "fatalities": 4, "tags": null, "timestamp": 1753956638 }, "geometry": { "type": "Point", "coordinates": [ 34.4907, 31.536 ] } },
{ "type": "Feature", "properties": { "event_id_cnty": "PSE58923", "event_date": "8/31/2024", "year": 2024, "time_precision": 1, "disorder_type": "Political violence", "event_type": "Explosions/Remote violence", "sub_event_type": "Air/drone strike", "actor1": "Military Forces of Israel (2022-)", "assoc_actor_1": null, "inter1": 8, "actor2": "Civilians (Palestine)", "assoc_actor_2": null, "inter2": 7, "interaction": 78, "civilian_targeting": "Civilian targeting", "iso": 275, "region": "Middle East", "country": "Palestine", "admin1": "Gaza Strip", "admin2": "Deir El Balah", "admin3": null, "location": "An Nusayrat - West", "latitude": 31.4525, "longitude": 34.3756, "geo_precision": 1, "source": "Arab 48; Palestine News and Information Agency; Quds News Network; Twitter", "source_scale": "New media-National", "notes": "On 31 August 2024, Israeli warplanes struck a house in An Nusayrat - West (Deir El Balah, Gaza Strip), leaving 4 fatalities. Also, the artillery shelled a building, killing 9 Palestinians. Total fatalities were 13.", "fatalities": 13, "tags": null, "timestamp": 1753956638 }, "geometry": { "type": "Point", "coordinates": [ 34.3756, 31.4525 ] } },
{ "type": "Feature", "properties": { "event_id_cnty": "PSE58924", "event_date": "8/31/2024", "year": 2024, "time_precision": 1, "disorder_type": "Political violence", "event_type": "Explosions/Remote violence", "sub_event_type": "Air/drone strike", "actor1": "Military Forces of Israel (2022-)", "assoc_actor_1": null, "inter1": 8, "actor2": "Civilians (Palestine)", "assoc_actor_2": "Refugees/IDPs (Palestine)", "inter2": 7, "interaction": 78, "civilian_targeting": "Civilian targeting", "iso": 275, "region": "Middle East", "country": "Palestine", "admin1": "Gaza Strip", "admin2": "Deir El Balah", "admin3": null, "location": "An Nusayrat", "latitude": 31.4486, "longitude": 34.3925, "geo_precision": 1, "source": "Newpress; Palestine News and Information Agency; Quds News Network; Twitter", "source_scale": "New media-National", "notes": "On 31 August 2024, Israeli warplanes struck a building in An Nusayrat Camp (Deir El Balah, Gaza strip), killing 4 Palestinians and injuring others.", "fatalities": 4, "tags": null, "timestamp": 1753956638 }, "geometry": { "type": "Point", "coordinates": [ 34.3925, 31.4486 ] } },
{ "type": "Feature", "properties": { "event_id_cnty": "PSE58926", "event_date": "8/31/2024", "year": 2024, "time_precision": 1, "disorder_type": "Political violence", "event_type": "Explosions/Remote violence", "sub_event_type": "Air/drone strike", "actor1": "Military Forces of Israel (2022-)", "assoc_actor_1": null, "inter1": 8, "actor2": "Civilians (Palestine)", "assoc_actor_2": null, "inter2": 7, "interaction": 78, "civilian_targeting": "Civilian targeting", "iso": 275, "region": "Middle East", "country": "Palestine", "admin1": "Gaza Strip", "admin2": "Rafah", "admin3": null, "location": "Tal as Sultan", "latitude": 31.3098, "longitude": 34.2414, "geo_precision": 1, "source": "Palestine News and Information Agency; Quds News Network", "source_scale": "National", "notes": "On 31 August 2024, Israeli UAVs struck a group of Palestinians in al Shakoush northwest of Rafah, coded to Tal as Sultan (Rafah, Gaza Strip), killing 2 Palestinians and injuring others. Also, the artillery shelled west of Rafah [coded to the same location]. Casualties unknown. Fatalities were at least 2.", "fatalities": 2, "tags": null, "timestamp": 1762829569 }, "geometry": { "type": "Point", "coordinates": [ 34.2414, 31.3098 ] } },
{ "type": "Feature", "properties": { "event_id_cnty": "PSE58927", "event_date": "8/31/2024", "year": 2024, "time_precision": 1, "disorder_type": "Political violence", "event_type": "Explosions/Remote violence", "sub_event_type": "Air/drone strike", "actor1": "Military Forces of Israel (2022-)", "assoc_actor_1": null, "inter1": 8, "actor2": "Civilians (Palestine)", "assoc_actor_2": null, "inter2": 7, "interaction": 78, "civilian_targeting": "Civilian targeting", "iso": 275, "region": "Middle East", "country": "Palestine", "admin1": "Gaza Strip", "admin2": "Gaza City", "admin3": null, "location": "Gaza - At Tuffah", "latitude": 31.5134, "longitude": 34.4751, "geo_precision": 1, "source": "Ma'an News Agency; Palestine News and Information Agency; Quds News Network; Twitter", "source_scale": "New media-National", "notes": "On 31 August 2024, Israeli warplanes struck a house in Gaza - At Tuffah (Gaza City, Gaza Strip), leaving fatalities and injuries [unspecified fatalities coded as 3].", "fatalities": 3, "tags": null, "timestamp": 1759790002 }, "geometry": { "type": "Point", "coordinates": [ 34.4751, 31.5134 ] } },
{ "type": "Feature", "properties": { "event_id_cnty": "PSE58928", "event_date": "8/31/2024", "year": 2024, "time_precision": 1, "disorder_type": "Political violence", "event_type": "Explosions/Remote violence", "sub_event_type": "Air/drone strike", "actor1": "Military Forces of Israel (2022-)", "assoc_actor_1": null, "inter1": 8, "actor2": "Civilians (Palestine)", "assoc_actor_2": null, "inter2": 7, "interaction": 78, "civilian_targeting": "Civilian targeting", "iso": 275, "region": "Middle East", "country": "Palestine", "admin1": "Gaza Strip", "admin2": "Gaza City", "admin3": null, "location": "Gaza - Ad Darraj", "latitude": 31.5172, "longitude": 34.4642, "geo_precision": 1, "source": "Ma'an News Agency; Palestine News and Information Agency", "source_scale": "National", "notes": "On 31 August 2024, Israeli warplanes struck a residential complex in Gaza - Ad Darraj (Gaza City, Gaza Strip). Casualties unknown.", "fatalities": 0, "tags": null, "timestamp": 1759790002 }, "geometry": { "type": "Point", "coordinates": [ 34.4642, 31.5172 ] } },
{ "type": "Feature", "properties": { "event_id_cnty": "PSE58931", "event_date": "8/31/2024", "year": 2024, "time_precision": 1, "disorder_type": "Political violence", "event_type": "Explosions/Remote violence", "sub_event_type": "Air/drone strike", "actor1": "Military Forces of Israel (2022-)", "assoc_actor_1": null, "inter1": 8, "actor2": "Civilians (Palestine)", "assoc_actor_2": null, "inter2": 7, "interaction": 78, "civilian_targeting": "Civilian targeting", "iso": 275, "region": "Middle East", "country": "Palestine", "admin1": "Gaza Strip", "admin2": "Deir El Balah", "admin3": null, "location": "An Nusayrat - North", "latitude": 31.4591, "longitude": 34.3923, "geo_precision": 2, "source": "Newpress; Twitter", "source_scale": "New media-National", "notes": "On 31 August 2024, Israeli warplanes struck a house northeast of An Nusayrat, coded to An Nusayrat - North (Deir El Balah, Gaza Strip). Casualties unknown.", "fatalities": 0, "tags": null, "timestamp": 1753956638 }, "geometry": { "type": "Point", "coordinates": [ 34.3923, 31.4591 ] } },
{ "type": "Feature", "properties": { "event_id_cnty": "PSE58940", "event_date": "8/31/2024", "year": 2024, "time_precision": 1, "disorder_type": "Political violence", "event_type": "Explosions/Remote violence", "sub_event_type": "Air/drone strike", "actor1": "Military Forces of Israel (2022-)", "assoc_actor_1": null, "inter1": 8, "actor2": "Civilians (Palestine)", "assoc_actor_2": null, "inter2": 7, "interaction": 78, "civilian_targeting": "Civilian targeting", "iso": 275, "region": "Middle East", "country": "Palestine", "admin1": "Gaza Strip", "admin2": "Deir El Balah", "admin3": null, "location": "An Nusayrat - North", "latitude": 31.4591, "longitude": 34.3923, "geo_precision": 1, "source": "Quds News Network; Twitter", "source_scale": "New media-National", "notes": "On 31 August 2024, Israeli warplanes struck a house in An Nusayrat - North (Deir El Balah, Gaza Strip), injuring a Palestinian.", "fatalities": 0, "tags": null, "timestamp": 1753956638 }, "geometry": { "type": "Point", "coordinates": [ 34.3923, 31.4591 ] } },
{ "type": "Feature", "properties": { "event_id_cnty": "PSE58921", "event_date": "8/31/2024", "year": 2024, "time_precision": 1, "disorder_type": "Political violence", "event_type": "Explosions/Remote violence", "sub_event_type": "Air/drone strike", "actor1": "Military Forces of Israel (2022-)", "assoc_actor_1": null, "inter1": 8, "actor2": "Civilians (Palestine)", "assoc_actor_2": null, "inter2": 7, "interaction": 78, "civilian_targeting": "Civilian targeting", "iso": 275, "region": "Middle East", "country": "Palestine", "admin1": "Gaza Strip", "admin2": "Gaza City", "admin3": null, "location": "Gaza - Az Zaytun", "latitude": 31.4964, "longitude": 34.4522, "geo_precision": 1, "source": "Ma'an News Agency; Newpress; Palestine News and Information Agency; Quds News Network; Twitter", "source_scale": "New media-National", "notes": "On 31 August 2024, Israeli warplanes struck a building at Abu Habib junction in Gaza - Az Zaytun (Gaza City, Gaza Strip). Casualties unknown. Also, warplanes struck a house near the Maamadani Hospital in Az Zaytun, killing 3 Palestinians. Meanwhile, the artillery shelled targets in the same area [casualties unknown]. Total fatalities coded at least 3.", "fatalities": 3, "tags": null, "timestamp": 1759790002 }, "geometry": { "type": "Point", "coordinates": [ 34.4522, 31.4964 ] } },
{ "type": "Feature", "properties": { "event_id_cnty": "PSE58930", "event_date": "8/31/2024", "year": 2024, "time_precision": 1, "disorder_type": "Political violence", "event_type": "Explosions/Remote violence", "sub_event_type": "Air/drone strike", "actor1": "Military Forces of Israel (2022-)", "assoc_actor_1": null, "inter1": 8, "actor2": "Civilians (Palestine)", "assoc_actor_2": null, "inter2": 7, "interaction": 78, "civilian_targeting": "Civilian targeting", "iso": 275, "region": "Middle East", "country": "Palestine", "admin1": "Gaza Strip", "admin2": "North Gaza", "admin3": null, "location": "Jabalya - Tel-Zaatar", "latitude": 31.5367, "longitude": 34.5035, "geo_precision": 1, "source": "Newpress; Twitter", "source_scale": "New media-National", "notes": "On 31 August 2024, Israeli warplanes struck an apartment in Jabalya - Tel-Zaatar (North Gaza, Gaza Strip). Casualties unknown.", "fatalities": 0, "tags": null, "timestamp": 1759790002 }, "geometry": { "type": "Point", "coordinates": [ 34.5035, 31.5367 ] } },
{ "type": "Feature", "properties": { "event_id_cnty": "PSE58934", "event_date": "8/31/2024", "year": 2024, "time_precision": 1, "disorder_type": "Political violence", "event_type": "Explosions/Remote violence", "sub_event_type": "Air/drone strike", "actor1": "Military Forces of Israel (2022-)", "assoc_actor_1": null, "inter1": 8, "actor2": "Civilians (Palestine)", "assoc_actor_2": null, "inter2": 7, "interaction": 78, "civilian_targeting": "Civilian targeting", "iso": 275, "region": "Middle East", "country": "Palestine", "admin1": "Gaza Strip", "admin2": "North Gaza", "admin3": null, "location": "Jabalya", "latitude": 31.5272, "longitude": 34.4835, "geo_precision": 2, "source": "Newpress; Twitter", "source_scale": "New media-National", "notes": "On 31 August 2024, Israeli helicopters opened fire at Palestinian houses and lands in Qlibo area north Gaza Strip, coded to Jabalya (North Gaza, Gaza Strip). Casualties unknown.", "fatalities": 0, "tags": null, "timestamp": 1759790002 }, "geometry": { "type": "Point", "coordinates": [ 34.4835, 31.5272 ] } },
{ "type": "Feature", "properties": { "event_id_cnty": "PSE58919", "event_date": "8/31/2024", "year": 2024, "time_precision": 1, "disorder_type": "Political violence", "event_type": "Explosions/Remote violence", "sub_event_type": "Air/drone strike", "actor1": "Military Forces of Israel (2022-)", "assoc_actor_1": null, "inter1": 8, "actor2": "Civilians (Palestine)", "assoc_actor_2": null, "inter2": 7, "interaction": 78, "civilian_targeting": "Civilian targeting", "iso": 275, "region": "Middle East", "country": "Palestine", "admin1": "Gaza Strip", "admin2": "Khan Yunis", "admin3": null, "location": "Khan Yunis - Jourat Al-Loot", "latitude": 31.3314, "longitude": 34.3004, "geo_precision": 1, "source": "Palestine News and Information Agency; Quds News Network; Twitter", "source_scale": "New media-National", "notes": "On 31 August 2024, Israeli warplanes carried out airstrikes (including targeting a house) in Khan Yunis - Jourat Al-Loot (Khan Yunis, Gaza strip), killing 5 Palestinians and injuring 15 more.", "fatalities": 5, "tags": null, "timestamp": 1753956638 }, "geometry": { "type": "Point", "coordinates": [ 34.3004, 31.3314 ] } },
{ "type": "Feature", "properties": { "event_id_cnty": "PSE58944", "event_date": "8/31/2024", "year": 2024, "time_precision": 1, "disorder_type": "Political violence", "event_type": "Explosions/Remote violence", "sub_event_type": "Air/drone strike", "actor1": "Military Forces of Israel (2022-)", "assoc_actor_1": null, "inter1": 8, "actor2": "Civilians (Palestine)", "assoc_actor_2": null, "inter2": 7, "interaction": 78, "civilian_targeting": "Civilian targeting", "iso": 275, "region": "Middle East", "country": "Palestine", "admin1": "Gaza Strip", "admin2": "Rafah", "admin3": null, "location": "Rafah", "latitude": 31.287, "longitude": 34.2595, "geo_precision": 2, "source": "Quds News Network; Twitter", "source_scale": "New media-National", "notes": "On 31 August 2024, 3 Palestinians were killed in Rafah area (Rafah, Gaza Strip) likely by Israeli airstrikes.", "fatalities": 3, "tags": null, "timestamp": 1762829569 }, "geometry": { "type": "Point", "coordinates": [ 34.2595, 31.287 ] } },
{ "type": "Feature", "properties": { "event_id_cnty": "PSE58974", "event_date": "8/31/2024", "year": 2024, "time_precision": 2, "disorder_type": "Political violence", "event_type": "Violence against civilians", "sub_event_type": "Attack", "actor1": "Hamas Movement", "assoc_actor_1": null, "inter1": 3, "actor2": "Civilians (Israel)", "assoc_actor_2": "Prisoners (Israel)", "inter2": 7, "interaction": 37, "civilian_targeting": "Civilian targeting", "iso": 275, "region": "Middle East", "country": "Palestine", "admin1": "Gaza Strip", "admin2": "Rafah", "admin3": null, "location": "Rafah", "latitude": 31.287, "longitude": 34.2595, "geo_precision": 2, "source": "Arutz Sheva; Haaretz; Israeli Defense Forces; Joe Truzman; Times of Israel; Twitter", "source_scale": "Other-New media", "notes": "Around 31 August 2024, Hamas killed 6 Israeli abductees who were captured on October 7. The IDF found the 6 bodies in a tunnel in Rafah (Gaza Strip) and confirmed that they were killed between 30 - 31 August. Hamas claimed the hostages were killed in Israeli airstrikes.", "fatalities": 6, "tags": null, "timestamp": 1762829569 }, "geometry": { "type": "Point", "coordinates": [ 34.2595, 31.287 ] } }
]
}
