{
"type": "FeatureCollection",
"name": "dec2023",
"crs": { "type": "name", "properties": { "name": "urn:ogc:def:crs:OGC:1.3:CRS84" } },
"features": [
{ "type": "Feature", "properties": { "event_id_cnty": "PSE41817", "event_date": "12/1/2023", "year": 2023, "time_precision": 1, "disorder_type": "Political violence", "event_type": "Explosions/Remote violence", "sub_event_type": "Shelling/artillery/missile attack", "actor1": "Military Forces of Israel (2022-)", "assoc_actor_1": null, "inter1": 8, "actor2": "Civilians (Palestine)", "assoc_actor_2": "Health Workers (Palestine)", "inter2": 7, "interaction": 78, "civilian_targeting": "Civilian targeting", "iso": 275, "region": "Middle East", "country": "Palestine", "admin1": "Gaza Strip", "admin2": "Gaza City", "admin3": null, "location": "Gaza - Northern Remal", "latitude": 31.524, "longitude": 34.4505, "geo_precision": 2, "source": "Palestine News and Information Agency; Quds News Network; Twitter", "source_scale": "New media-National", "notes": "On 1 December 2023, Israeli artillery struck houses west of Gaza City (coded to Gaza - Northern Remal) (Gaza City, Gaza Strip). Also, 2 Palestinian paramedic were killed on the outskirts of al-Shifa Hospital after targeting ambulances.", "fatalities": 2, "tags": null, "timestamp": 1759789988 }, "geometry": { "type": "Point", "coordinates": [ 34.4505, 31.524 ] } },
{ "type": "Feature", "properties": { "event_id_cnty": "PSE41818", "event_date": "12/1/2023", "year": 2023, "time_precision": 1, "disorder_type": "Political violence", "event_type": "Explosions/Remote violence", "sub_event_type": "Air/drone strike", "actor1": "Military Forces of Israel (2022-)", "assoc_actor_1": null, "inter1": 8, "actor2": "Civilians (Palestine)", "assoc_actor_2": null, "inter2": 7, "interaction": 78, "civilian_targeting": "Civilian targeting", "iso": 275, "region": "Middle East", "country": "Palestine", "admin1": "Gaza Strip", "admin2": "Khan Yunis", "admin3": null, "location": "Abasan al Kabirah", "latitude": 31.3191, "longitude": 34.3401, "geo_precision": 1, "source": "Palestine News and Information Agency; Quds News Network; Twitter", "source_scale": "New media-National", "notes": "On 1 December 2023, Israeli warplanes struck targets and houses in Abasan al Kabirah (Khan Yunis, Gaza Strip). Several persons were injured.", "fatalities": 0, "tags": null, "timestamp": 1753954979 }, "geometry": { "type": "Point", "coordinates": [ 34.3401, 31.3191 ] } },
{ "type": "Feature", "properties": { "event_id_cnty": "PSE41821", "event_date": "12/1/2023", "year": 2023, "time_precision": 1, "disorder_type": "Political violence", "event_type": "Explosions/Remote violence", "sub_event_type": "Air/drone strike", "actor1": "Military Forces of Israel (2022-)", "assoc_actor_1": null, "inter1": 8, "actor2": "Civilians (Palestine)", "assoc_actor_2": "Journalists (Palestine)", "inter2": 7, "interaction": 78, "civilian_targeting": "Civilian targeting", "iso": 275, "region": "Middle East", "country": "Palestine", "admin1": "Gaza Strip", "admin2": "Gaza City", "admin3": null, "location": "Gaza - Ad Darraj", "latitude": 31.5172, "longitude": 34.4642, "geo_precision": 1, "source": "Al Jazeera; Guardian (United Kingdom); International Federation of Journalists; Newpress; Palestine News and Information Agency; Twitter", "source_scale": "Other-New media", "notes": "On 1 December 2023, Israeli warplanes struck al-Shawwa Square in Gaza - Ad Darraj (Gaza City, Gaza Strip), leaving an unspecified number of fatalities and injuries and killing 2 Palestinian journalists (siblings). Fatalities coded as 10.", "fatalities": 10, "tags": null, "timestamp": 1759789988 }, "geometry": { "type": "Point", "coordinates": [ 34.4642, 31.5172 ] } },
{ "type": "Feature", "properties": { "event_id_cnty": "PSE41826", "event_date": "12/1/2023", "year": 2023, "time_precision": 1, "disorder_type": "Political violence", "event_type": "Explosions/Remote violence", "sub_event_type": "Air/drone strike", "actor1": "Military Forces of Israel (2022-)", "assoc_actor_1": null, "inter1": 8, "actor2": "Civilians (Palestine)", "assoc_actor_2": null, "inter2": 7, "interaction": 78, "civilian_targeting": "Civilian targeting", "iso": 275, "region": "Middle East", "country": "Palestine", "admin1": "Gaza Strip", "admin2": "Khan Yunis", "admin3": null, "location": "Bani Suheila", "latitude": 31.3424, "longitude": 34.325, "geo_precision": 1, "source": "Palestine News and Information Agency; Quds News Network; Twitter", "source_scale": "New media-National", "notes": "On 1 December 2023, Israeli warplanes struck a house in Bani Suheila (Khan Yunis, Gaza Strip), killing a Palestinian and injuring several of others.", "fatalities": 1, "tags": null, "timestamp": 1753954979 }, "geometry": { "type": "Point", "coordinates": [ 34.325, 31.3424 ] } },
{ "type": "Feature", "properties": { "event_id_cnty": "PSE41842", "event_date": "12/1/2023", "year": 2023, "time_precision": 1, "disorder_type": "Political violence", "event_type": "Explosions/Remote violence", "sub_event_type": "Air/drone strike", "actor1": "Military Forces of Israel (2022-)", "assoc_actor_1": null, "inter1": 8, "actor2": "Civilians (Palestine)", "assoc_actor_2": null, "inter2": 7, "interaction": 78, "civilian_targeting": "Civilian targeting", "iso": 275, "region": "Middle East", "country": "Palestine", "admin1": "Gaza Strip", "admin2": "Khan Yunis", "admin3": null, "location": "Khan Yunis - Al Amal", "latitude": 31.3544, "longitude": 34.3007, "geo_precision": 1, "source": "Newpress; Palestine News and Information Agency; Quds News Network; Twitter", "source_scale": "New media-National", "notes": "On 1 December 2023, Israeli warplanes struck targets and a house in Khan Yunis - Al Amal (Khan Yunis, Gaza Strip). Several persons were injured.", "fatalities": 0, "tags": null, "timestamp": 1753954979 }, "geometry": { "type": "Point", "coordinates": [ 34.3007, 31.3544 ] } },
{ "type": "Feature", "properties": { "event_id_cnty": "PSE41843", "event_date": "12/1/2023", "year": 2023, "time_precision": 1, "disorder_type": "Political violence", "event_type": "Explosions/Remote violence", "sub_event_type": "Air/drone strike", "actor1": "Military Forces of Israel (2022-)", "assoc_actor_1": null, "inter1": 8, "actor2": "Civilians (Palestine)", "assoc_actor_2": "Muslim Group (Palestine)", "inter2": 7, "interaction": 78, "civilian_targeting": "Civilian targeting", "iso": 275, "region": "Middle East", "country": "Palestine", "admin1": "Gaza Strip", "admin2": "Khan Yunis", "admin3": null, "location": "Khan Yunis - City Centre", "latitude": 31.3419, "longitude": 34.3015, "geo_precision": 1, "source": "Newpress; Palestine News and Information Agency; Quds News Network; Twitter", "source_scale": "New media-National", "notes": "On 1 December 2023, Israeli warplanes struck and destroyed a mosque in Khan Yunis - City Centre (Khan Yunis, Gaza Strip). 9 persons were injured.", "fatalities": 0, "tags": null, "timestamp": 1753954979 }, "geometry": { "type": "Point", "coordinates": [ 34.3015, 31.3419 ] } },
{ "type": "Feature", "properties": { "event_id_cnty": "PSE41847", "event_date": "12/1/2023", "year": 2023, "time_precision": 1, "disorder_type": "Political violence", "event_type": "Explosions/Remote violence", "sub_event_type": "Air/drone strike", "actor1": "Military Forces of Israel (2022-)", "assoc_actor_1": null, "inter1": 8, "actor2": "Civilians (Palestine)", "assoc_actor_2": "Refugees/IDPs (Palestine)", "inter2": 7, "interaction": 78, "civilian_targeting": "Civilian targeting", "iso": 275, "region": "Middle East", "country": "Palestine", "admin1": "Gaza Strip", "admin2": "Khan Yunis", "admin3": null, "location": "Khan Yunis - West (Municipal Stadium)", "latitude": 31.3484, "longitude": 34.2961, "geo_precision": 2, "source": "Newpress; Twitter", "source_scale": "New media-National", "notes": "On 1 December 2023, Israeli warplanes struck houses in Khan Yunis refugee camp, west of Khan Yunis in the area of Khan Yunis - West (Municipal Stadium) (Gaza Strip). Casualties unknown.", "fatalities": 0, "tags": null, "timestamp": 1753954979 }, "geometry": { "type": "Point", "coordinates": [ 34.2961, 31.3484 ] } },
{ "type": "Feature", "properties": { "event_id_cnty": "PSE41849", "event_date": "12/1/2023", "year": 2023, "time_precision": 1, "disorder_type": "Political violence", "event_type": "Explosions/Remote violence", "sub_event_type": "Air/drone strike", "actor1": "Military Forces of Israel (2022-)", "assoc_actor_1": null, "inter1": 8, "actor2": "Civilians (Palestine)", "assoc_actor_2": null, "inter2": 7, "interaction": 78, "civilian_targeting": "Civilian targeting", "iso": 275, "region": "Middle East", "country": "Palestine", "admin1": "Gaza Strip", "admin2": "Gaza City", "admin3": null, "location": "Gaza - Sheikh Radwan", "latitude": 31.5349, "longitude": 34.4667, "geo_precision": 1, "source": "Newpress; Palestine News and Information Agency; Quds News Network; Twitter", "source_scale": "New media-National", "notes": "On 1 December 2023, Israeli warplanes struck targets near a school hosting displaced people in Gaza - Sheikh Radwan area (Gaza City, Gaza Strip). Meanwhile, the tanks struck targets and houses in the area, leaving an unspecified number of fatalities, coded as 10.", "fatalities": 10, "tags": null, "timestamp": 1759789988 }, "geometry": { "type": "Point", "coordinates": [ 34.4667, 31.5349 ] } },
{ "type": "Feature", "properties": { "event_id_cnty": "PSE41851", "event_date": "12/1/2023", "year": 2023, "time_precision": 1, "disorder_type": "Political violence", "event_type": "Explosions/Remote violence", "sub_event_type": "Air/drone strike", "actor1": "Military Forces of Israel (2022-)", "assoc_actor_1": null, "inter1": 8, "actor2": "Civilians (Palestine)", "assoc_actor_2": "Journalists (Palestine)", "inter2": 7, "interaction": 78, "civilian_targeting": "Civilian targeting", "iso": 275, "region": "Middle East", "country": "Palestine", "admin1": "Gaza Strip", "admin2": "Gaza City", "admin3": null, "location": "Gaza - Shujaiyya", "latitude": 31.4988, "longitude": 34.4699, "geo_precision": 1, "source": "Guardian (United Kingdom); International Federation of Journalists; Newpress; Palestine News and Information Agency; Quds News Network; Twitter", "source_scale": "Other-New media", "notes": "On 1 December 2023, Israeli warplanes struck houses and targets in Gaza - Shujaiyya (Gaza City, Gaza Strip), killing 15 persons, including children and women and a journalist.", "fatalities": 15, "tags": null, "timestamp": 1759789988 }, "geometry": { "type": "Point", "coordinates": [ 34.4699, 31.4988 ] } },
{ "type": "Feature", "properties": { "event_id_cnty": "PSE42078", "event_date": "12/1/2023", "year": 2023, "time_precision": 1, "disorder_type": "Political violence", "event_type": "Violence against civilians", "sub_event_type": "Attack", "actor1": "Military Forces of Israel (2022-)", "assoc_actor_1": null, "inter1": 8, "actor2": "Civilians (Palestine)", "assoc_actor_2": null, "inter2": 7, "interaction": 78, "civilian_targeting": "Civilian targeting", "iso": 275, "region": "Middle East", "country": "Palestine", "admin1": "Gaza Strip", "admin2": "Gaza City", "admin3": null, "location": "Gaza - Northern Remal", "latitude": 31.524, "longitude": 34.4505, "geo_precision": 2, "source": "Palestine News and Information Agency", "source_scale": "National", "notes": "On 1 December 2023, Israeli troops opened fire and killed 2 Palestinian brothers near the Msallam pharmacy at al-Jalaa street east of Gaza - Northern Remal (Gaza City, Gaza Strip).", "fatalities": 2, "tags": null, "timestamp": 1759789988 }, "geometry": { "type": "Point", "coordinates": [ 34.4505, 31.524 ] } },
{ "type": "Feature", "properties": { "event_id_cnty": "PSE41814", "event_date": "12/1/2023", "year": 2023, "time_precision": 1, "disorder_type": "Political violence", "event_type": "Explosions/Remote violence", "sub_event_type": "Air/drone strike", "actor1": "Military Forces of Israel (2022-)", "assoc_actor_1": null, "inter1": 8, "actor2": "Civilians (Palestine)", "assoc_actor_2": "Refugees/IDPs (Palestine)", "inter2": 7, "interaction": 78, "civilian_targeting": "Civilian targeting", "iso": 275, "region": "Middle East", "country": "Palestine", "admin1": "Gaza Strip", "admin2": "Deir El Balah", "admin3": null, "location": "Al Maghazi", "latitude": 31.4214, "longitude": 34.3865, "geo_precision": 1, "source": "Newpress; Palestine News and Information Agency; Quds News Network; Twitter", "source_scale": "New media-National", "notes": "On 1 December 2023, Israeli warplanes struck targets in Al Maghazi refugee camp (Deir El Balah, Gaza Strip), killing 10 Palestinians and injuring several of others. Also, 3 Palestinians were killed in a separate airstrike on the same area, raising total fatalities to 13.", "fatalities": 13, "tags": null, "timestamp": 1753954979 }, "geometry": { "type": "Point", "coordinates": [ 34.3865, 31.4214 ] } },
{ "type": "Feature", "properties": { "event_id_cnty": "PSE41815", "event_date": "12/1/2023", "year": 2023, "time_precision": 1, "disorder_type": "Political violence", "event_type": "Explosions/Remote violence", "sub_event_type": "Air/drone strike", "actor1": "Military Forces of Israel (2022-)", "assoc_actor_1": null, "inter1": 8, "actor2": "Civilians (Palestine)", "assoc_actor_2": "Refugees/IDPs (Palestine)", "inter2": 7, "interaction": 78, "civilian_targeting": "Civilian targeting", "iso": 275, "region": "Middle East", "country": "Palestine", "admin1": "Gaza Strip", "admin2": "Deir El Balah", "admin3": null, "location": "An Nusayrat", "latitude": 31.4486, "longitude": 34.3925, "geo_precision": 1, "source": "Newpress; Palestine News and Information Agency; Twitter", "source_scale": "New media-National", "notes": "On 1 December 2023, Israeli warplanes struck targets and houses in An Nusayrat refugee camp (Deir El Balah, Gaza Strip), leaving an unspecified number of fatalities and injuries, likely civilians. Also, the artillery struck targets in the area. Fatalities coded as 10.", "fatalities": 10, "tags": null, "timestamp": 1753954979 }, "geometry": { "type": "Point", "coordinates": [ 34.3925, 31.4486 ] } },
{ "type": "Feature", "properties": { "event_id_cnty": "PSE41816", "event_date": "12/1/2023", "year": 2023, "time_precision": 1, "disorder_type": "Political violence", "event_type": "Explosions/Remote violence", "sub_event_type": "Air/drone strike", "actor1": "Military Forces of Israel (2022-)", "assoc_actor_1": null, "inter1": 8, "actor2": "Civilians (Palestine)", "assoc_actor_2": "Refugees/IDPs (Palestine)", "inter2": 7, "interaction": 78, "civilian_targeting": "Civilian targeting", "iso": 275, "region": "Middle East", "country": "Palestine", "admin1": "Gaza Strip", "admin2": "Deir El Balah", "admin3": null, "location": "Al Burayj", "latitude": 31.4394, "longitude": 34.4031, "geo_precision": 1, "source": "Palestine News and Information Agency", "source_scale": "National", "notes": "On 1 December 2023, Israeli warplanes struck targets and houses in Al Burayj refugee camp (Deir El Balah, Gaza Strip), leaving an unspecified number of fatalities and injuries, likely civilians. Also, the artillery struck targets in the area. Fatalities coded as 10.", "fatalities": 10, "tags": null, "timestamp": 1753954979 }, "geometry": { "type": "Point", "coordinates": [ 34.4031, 31.4394 ] } },
{ "type": "Feature", "properties": { "event_id_cnty": "PSE41829", "event_date": "12/1/2023", "year": 2023, "time_precision": 1, "disorder_type": "Political violence", "event_type": "Explosions/Remote violence", "sub_event_type": "Air/drone strike", "actor1": "Military Forces of Israel (2022-)", "assoc_actor_1": null, "inter1": 8, "actor2": "Civilians (Palestine)", "assoc_actor_2": null, "inter2": 7, "interaction": 78, "civilian_targeting": "Civilian targeting", "iso": 275, "region": "Middle East", "country": "Palestine", "admin1": "Gaza Strip", "admin2": "Khan Yunis", "admin3": null, "location": "Hamad", "latitude": 31.3749, "longitude": 34.3193, "geo_precision": 1, "source": "Palestine News and Information Agency; Quds News Network; Twitter", "source_scale": "New media-National", "notes": "On 1 December 2023, Israeli warplanes struck apartments in Hamad city (Khan Yunis, Gaza Strip), killing 2 Palestinians and injuring several of others.", "fatalities": 2, "tags": null, "timestamp": 1753954979 }, "geometry": { "type": "Point", "coordinates": [ 34.3193, 31.3749 ] } },
{ "type": "Feature", "properties": { "event_id_cnty": "PSE41855", "event_date": "12/1/2023", "year": 2023, "time_precision": 1, "disorder_type": "Political violence", "event_type": "Explosions/Remote violence", "sub_event_type": "Air/drone strike", "actor1": "Military Forces of Israel (2022-)", "assoc_actor_1": null, "inter1": 8, "actor2": "Civilians (Palestine)", "assoc_actor_2": null, "inter2": 7, "interaction": 78, "civilian_targeting": "Civilian targeting", "iso": 275, "region": "Middle East", "country": "Palestine", "admin1": "Gaza Strip", "admin2": "Deir El Balah", "admin3": null, "location": "Deir al Balah", "latitude": 31.4178, "longitude": 34.3503, "geo_precision": 1, "source": "Quds News Network; Twitter", "source_scale": "New media-National", "notes": "On 1 December 2023, Israeli warplanes struck a house and an apartment in al-Qastal towers in Deir al Balah (Deir El Balah, Gaza Strip). 6 persons were killed.", "fatalities": 6, "tags": null, "timestamp": 1753954979 }, "geometry": { "type": "Point", "coordinates": [ 34.3503, 31.4178 ] } },
{ "type": "Feature", "properties": { "event_id_cnty": "PSE41858", "event_date": "12/1/2023", "year": 2023, "time_precision": 1, "disorder_type": "Political violence", "event_type": "Explosions/Remote violence", "sub_event_type": "Air/drone strike", "actor1": "Military Forces of Israel (2022-)", "assoc_actor_1": null, "inter1": 8, "actor2": "Civilians (Palestine)", "assoc_actor_2": null, "inter2": 7, "interaction": 78, "civilian_targeting": "Civilian targeting", "iso": 275, "region": "Middle East", "country": "Palestine", "admin1": "Gaza Strip", "admin2": "Deir El Balah", "admin3": null, "location": "Al Burayj", "latitude": 31.4394, "longitude": 34.4031, "geo_precision": 2, "source": "Quds News Network; Twitter", "source_scale": "New media-National", "notes": "On 1 December 2023, Israeli warplanes struck 2 houses east of Al Burayj (Deir El Balah, Gaza Strip). Casualties unknown.", "fatalities": 0, "tags": null, "timestamp": 1753954979 }, "geometry": { "type": "Point", "coordinates": [ 34.4031, 31.4394 ] } },
{ "type": "Feature", "properties": { "event_id_cnty": "PSE41833", "event_date": "12/1/2023", "year": 2023, "time_precision": 1, "disorder_type": "Political violence", "event_type": "Explosions/Remote violence", "sub_event_type": "Air/drone strike", "actor1": "Military Forces of Israel (2022-)", "assoc_actor_1": null, "inter1": 8, "actor2": "Civilians (Palestine)", "assoc_actor_2": null, "inter2": 7, "interaction": 78, "civilian_targeting": "Civilian targeting", "iso": 275, "region": "Middle East", "country": "Palestine", "admin1": "Gaza Strip", "admin2": "North Gaza", "admin3": null, "location": "Beit Lahiya", "latitude": 31.5541, "longitude": 34.5016, "geo_precision": 1, "source": "Newpress; Palestine News and Information Agency; Quds News Network; Twitter", "source_scale": "New media-National", "notes": "On 1 December 2023, Israeli warplanes struck a house on the outskirts of Kamal Odwan Hospital in Beit Lahiya (North Gaza, Gaza Strip), leaving an unspecified number of fatalities and injuries. Meanwhile, the tanks struck several targets in the area, leaving a number of injuries. Fatalities coded as 10.", "fatalities": 10, "tags": null, "timestamp": 1753954979 }, "geometry": { "type": "Point", "coordinates": [ 34.5016, 31.5541 ] } },
{ "type": "Feature", "properties": { "event_id_cnty": "PSE41860", "event_date": "12/1/2023", "year": 2023, "time_precision": 1, "disorder_type": "Political violence", "event_type": "Explosions/Remote violence", "sub_event_type": "Air/drone strike", "actor1": "Military Forces of Israel (2022-)", "assoc_actor_1": null, "inter1": 8, "actor2": "Civilians (Palestine)", "assoc_actor_2": null, "inter2": 7, "interaction": 78, "civilian_targeting": "Civilian targeting", "iso": 275, "region": "Middle East", "country": "Palestine", "admin1": "Gaza Strip", "admin2": "North Gaza", "admin3": null, "location": "Beit Lahiya - Al Mashroo", "latitude": 31.5433, "longitude": 34.4998, "geo_precision": 1, "source": "Quds News Network; Twitter", "source_scale": "New media-National", "notes": "On 1 December 2023, Israeli warplanes struck a residential area in Beit Lahiya - Al Mashroo (North Gaza, Gaza Strip). Casualties unknown.", "fatalities": 0, "tags": null, "timestamp": 1753954979 }, "geometry": { "type": "Point", "coordinates": [ 34.4998, 31.5433 ] } },
{ "type": "Feature", "properties": { "event_id_cnty": "PSE41813", "event_date": "12/1/2023", "year": 2023, "time_precision": 1, "disorder_type": "Political violence", "event_type": "Explosions/Remote violence", "sub_event_type": "Air/drone strike", "actor1": "Military Forces of Israel (2022-)", "assoc_actor_1": null, "inter1": 8, "actor2": "Civilians (Palestine)", "assoc_actor_2": null, "inter2": 7, "interaction": 78, "civilian_targeting": "Civilian targeting", "iso": 275, "region": "Middle East", "country": "Palestine", "admin1": "Gaza Strip", "admin2": "Rafah", "admin3": null, "location": "Tal as Sultan", "latitude": 31.3098, "longitude": 34.2414, "geo_precision": 2, "source": "Palestine News and Information Agency", "source_scale": "National", "notes": "On 1 December 2023, Israeli warplanes struck a house west of Rafah, in Tal as Sultan (Rafah, Gaza Strip), killing a Palestinian and injuring several of others.", "fatalities": 1, "tags": null, "timestamp": 1762829569 }, "geometry": { "type": "Point", "coordinates": [ 34.2414, 31.3098 ] } },
{ "type": "Feature", "properties": { "event_id_cnty": "PSE41836", "event_date": "12/1/2023", "year": 2023, "time_precision": 1, "disorder_type": "Political violence", "event_type": "Explosions/Remote violence", "sub_event_type": "Air/drone strike", "actor1": "Military Forces of Israel (2022-)", "assoc_actor_1": null, "inter1": 8, "actor2": "Civilians (Palestine)", "assoc_actor_2": "Refugees/IDPs (Palestine); UNRWA: United Nations Relief and Works Agency", "inter2": 7, "interaction": 78, "civilian_targeting": "Civilian targeting", "iso": 275, "region": "Middle East", "country": "Palestine", "admin1": "Gaza Strip", "admin2": "North Gaza", "admin3": null, "location": "Jabalya Camp", "latitude": 31.536, "longitude": 34.4907, "geo_precision": 1, "source": "Liveuamap; Newpress; Palestine News and Information Agency; Twitter", "source_scale": "Local partner-New media", "notes": "On 1 December 2023, Israeli warplanes struck targets and houses in Mukhayyam Jabalya camp (North Gaza, Gaza Strip), killing 5 persons and injuring dozens. Also a number of Palestinians were injured after targeting an UNRWA school hosting refugees.", "fatalities": 5, "tags": null, "timestamp": 1753954979 }, "geometry": { "type": "Point", "coordinates": [ 34.4907, 31.536 ] } },
{ "type": "Feature", "properties": { "event_id_cnty": "PSE41831", "event_date": "12/1/2023", "year": 2023, "time_precision": 1, "disorder_type": "Political violence", "event_type": "Explosions/Remote violence", "sub_event_type": "Air/drone strike", "actor1": "Military Forces of Israel (2022-)", "assoc_actor_1": null, "inter1": 8, "actor2": "Civilians (Palestine)", "assoc_actor_2": null, "inter2": 7, "interaction": 78, "civilian_targeting": "Civilian targeting", "iso": 275, "region": "Middle East", "country": "Palestine", "admin1": "Gaza Strip", "admin2": "Gaza City", "admin3": null, "location": "Gaza - Ash Shati' Camp", "latitude": 31.5349, "longitude": 34.4466, "geo_precision": 2, "source": "Newpress; Palestine News and Information Agency; Twitter", "source_scale": "New media-National", "notes": "On 1 December 2023, Israeli warplanes struck a house northwest of Gaza City (coded to Gaza - Ash Shati' Camp) (Gaza City, Gaza Strip). Meanwhile tanks and artillery struck targets in the area. Casualties unknown.", "fatalities": 0, "tags": null, "timestamp": 1759789988 }, "geometry": { "type": "Point", "coordinates": [ 34.4466, 31.5349 ] } },
{ "type": "Feature", "properties": { "event_id_cnty": "PSE42108", "event_date": "12/1/2023", "year": 2023, "time_precision": 1, "disorder_type": "Political violence", "event_type": "Explosions/Remote violence", "sub_event_type": "Air/drone strike", "actor1": "Military Forces of Israel (2022-)", "assoc_actor_1": null, "inter1": 8, "actor2": "Civilians (Palestine)", "assoc_actor_2": "Journalists (Palestine)", "inter2": 7, "interaction": 78, "civilian_targeting": "Civilian targeting", "iso": 275, "region": "Middle East", "country": "Palestine", "admin1": "Gaza Strip", "admin2": "Gaza City", "admin3": null, "location": "Gaza", "latitude": 31.5045, "longitude": 34.4743, "geo_precision": 1, "source": "Guardian (United Kingdom); International Federation of Journalists; Palestine News and Information Agency; Quds News Network; Twitter", "source_scale": "Other-New media", "notes": "On 1 December 2023, Israeli military forces opened fire at Palestinian residential areas in Gaza City (Gaza City, Gaza Strip). Meanwhile, warplanes and tanks struck several locations, leaving an unspecified number of fatalities and injuries. A Palestinian journalist was killed. Fatalities coded as 10.", "fatalities": 10, "tags": null, "timestamp": 1759789988 }, "geometry": { "type": "Point", "coordinates": [ 34.4743, 31.5045 ] } },
{ "type": "Feature", "properties": { "event_id_cnty": "PSE41838", "event_date": "12/1/2023", "year": 2023, "time_precision": 1, "disorder_type": "Political violence", "event_type": "Explosions/Remote violence", "sub_event_type": "Air/drone strike", "actor1": "Military Forces of Israel (2022-)", "assoc_actor_1": null, "inter1": 8, "actor2": "Civilians (Palestine)", "assoc_actor_2": "Refugees/IDPs (Palestine)", "inter2": 7, "interaction": 78, "civilian_targeting": "Civilian targeting", "iso": 275, "region": "Middle East", "country": "Palestine", "admin1": "Gaza Strip", "admin2": "Gaza City", "admin3": null, "location": "Gaza - Nezarim", "latitude": 31.484, "longitude": 34.4056, "geo_precision": 2, "source": "Palestine Information Center; Palestine News and Information Agency", "source_scale": "Other-National", "notes": "On 1 December 2023, Israeli warplanes struck a group of displaced people who were raising white flags and fleeing toward the Salah al-Din street, presumably the Gaza - Nezarim area (Gaza City, Gaza Strip), killing 5 of them.", "fatalities": 5, "tags": null, "timestamp": 1753954979 }, "geometry": { "type": "Point", "coordinates": [ 34.4056, 31.484 ] } },
{ "type": "Feature", "properties": { "event_id_cnty": "PSE41810", "event_date": "12/1/2023", "year": 2023, "time_precision": 1, "disorder_type": "Political violence", "event_type": "Explosions/Remote violence", "sub_event_type": "Air/drone strike", "actor1": "Military Forces of Israel (2022-)", "assoc_actor_1": null, "inter1": 8, "actor2": "Civilians (Palestine)", "assoc_actor_2": null, "inter2": 7, "interaction": 78, "civilian_targeting": "Civilian targeting", "iso": 275, "region": "Middle East", "country": "Palestine", "admin1": "Gaza Strip", "admin2": "Gaza City", "admin3": null, "location": "Al Mughraqa", "latitude": 31.4675, "longitude": 34.4097, "geo_precision": 1, "source": "Ma'an News Agency; Palestine News and Information Agency", "source_scale": "National", "notes": "On 1 December 2023, Israeli warplanes struck targets and a house in Al Mughraqa (Gaza City, Gaza Strip). A 16-year-old Palestinian was killed.", "fatalities": 1, "tags": null, "timestamp": 1753954979 }, "geometry": { "type": "Point", "coordinates": [ 34.4097, 31.4675 ] } },
{ "type": "Feature", "properties": { "event_id_cnty": "PSE41822", "event_date": "12/1/2023", "year": 2023, "time_precision": 1, "disorder_type": "Political violence", "event_type": "Explosions/Remote violence", "sub_event_type": "Air/drone strike", "actor1": "Military Forces of Israel (2022-)", "assoc_actor_1": null, "inter1": 8, "actor2": "Civilians (Palestine)", "assoc_actor_2": "Refugees/IDPs (Palestine)", "inter2": 7, "interaction": 78, "civilian_targeting": "Civilian targeting", "iso": 275, "region": "Middle East", "country": "Palestine", "admin1": "Gaza Strip", "admin2": "Rafah", "admin3": null, "location": "Yibna", "latitude": 31.2842, "longitude": 34.2482, "geo_precision": 1, "source": "Palestine News and Information Agency; Quds News Network; Twitter", "source_scale": "New media-National", "notes": "On 1 December 2023, Israeli warplanes struck houses in Yibna refugee camp (Rafah, Gaza Strip). 9 Palestinians were killed.", "fatalities": 9, "tags": null, "timestamp": 1753954979 }, "geometry": { "type": "Point", "coordinates": [ 34.2482, 31.2842 ] } },
{ "type": "Feature", "properties": { "event_id_cnty": "PSE41830", "event_date": "12/1/2023", "year": 2023, "time_precision": 1, "disorder_type": "Political violence", "event_type": "Explosions/Remote violence", "sub_event_type": "Air/drone strike", "actor1": "Military Forces of Israel (2022-)", "assoc_actor_1": null, "inter1": 8, "actor2": "Civilians (Palestine)", "assoc_actor_2": null, "inter2": 7, "interaction": 78, "civilian_targeting": "Civilian targeting", "iso": 275, "region": "Middle East", "country": "Palestine", "admin1": "Gaza Strip", "admin2": "Rafah", "admin3": null, "location": "Yibna", "latitude": 31.2842, "longitude": 34.2482, "geo_precision": 2, "source": "Newpress; Palestine News and Information Agency; PLO Negotiations Affairs Department; Quds News Network; Twitter", "source_scale": "Other-New media", "notes": "On 1 December 2023, Israeli warplanes struck a house at George street east of Rafah (coded to Yibna, Gaza Strip), killing 10 persons including 5 children. Meanwhile, Israeli artillery struck targets in the area.", "fatalities": 10, "tags": null, "timestamp": 1753954979 }, "geometry": { "type": "Point", "coordinates": [ 34.2482, 31.2842 ] } },
{ "type": "Feature", "properties": { "event_id_cnty": "PSE41823", "event_date": "12/1/2023", "year": 2023, "time_precision": 1, "disorder_type": "Political violence", "event_type": "Explosions/Remote violence", "sub_event_type": "Air/drone strike", "actor1": "Military Forces of Israel (2022-)", "assoc_actor_1": null, "inter1": 8, "actor2": "Civilians (Palestine)", "assoc_actor_2": null, "inter2": 7, "interaction": 78, "civilian_targeting": "Civilian targeting", "iso": 275, "region": "Middle East", "country": "Palestine", "admin1": "Gaza Strip", "admin2": "Gaza City", "admin3": null, "location": "Gaza - Az Zaytun", "latitude": 31.4964, "longitude": 34.4522, "geo_precision": 1, "source": "Palestine News and Information Agency; Quds News Network; Twitter", "source_scale": "New media-National", "notes": "On 1 December 2023, Israeli warplanes struck houses and targets near al-Mamadani Hospital and in Gaza - Az Zaytun (Gaza City, Gaza Strip), killing 15 persons, including children and women.", "fatalities": 15, "tags": null, "timestamp": 1759789988 }, "geometry": { "type": "Point", "coordinates": [ 34.4522, 31.4964 ] } },
{ "type": "Feature", "properties": { "event_id_cnty": "PSE41853", "event_date": "12/1/2023", "year": 2023, "time_precision": 1, "disorder_type": "Political violence", "event_type": "Explosions/Remote violence", "sub_event_type": "Air/drone strike", "actor1": "Military Forces of Israel (2022-)", "assoc_actor_1": null, "inter1": 8, "actor2": "Civilians (Palestine)", "assoc_actor_2": null, "inter2": 7, "interaction": 78, "civilian_targeting": "Civilian targeting", "iso": 275, "region": "Middle East", "country": "Palestine", "admin1": "Gaza Strip", "admin2": "Gaza City", "admin3": null, "location": "Gaza - Tal el Hawa", "latitude": 31.5041, "longitude": 34.435, "geo_precision": 1, "source": "Palestine News and Information Agency; Quds News Network; Twitter", "source_scale": "New media-National", "notes": "On 1 December 2023, Israeli warplanes struck houses in Gaza - Tal el Hawa (Gaza City, Gaza Strip), leaving an unspecified number of fatalities and injuries. Fatalities coded as 10.", "fatalities": 10, "tags": null, "timestamp": 1759789988 }, "geometry": { "type": "Point", "coordinates": [ 34.435, 31.5041 ] } },
{ "type": "Feature", "properties": { "event_id_cnty": "PSE41854", "event_date": "12/1/2023", "year": 2023, "time_precision": 1, "disorder_type": "Political violence", "event_type": "Explosions/Remote violence", "sub_event_type": "Air/drone strike", "actor1": "Military Forces of Israel (2022-)", "assoc_actor_1": null, "inter1": 8, "actor2": "Civilians (Palestine)", "assoc_actor_2": null, "inter2": 7, "interaction": 78, "civilian_targeting": "Civilian targeting", "iso": 275, "region": "Middle East", "country": "Palestine", "admin1": "Gaza Strip", "admin2": "North Gaza", "admin3": null, "location": "Jabalya", "latitude": 31.5272, "longitude": 34.4835, "geo_precision": 1, "source": "Joe Truzman; Quds News Network; Twitter", "source_scale": "New media-National", "notes": "On 1 December 2023, Israeli warplanes struck a house in Jabalya town (North Gaza, Gaza Strip). Also, warplanes struck a passing car in Al Saftawi area of Jabalya, leaving an unspecified number of fatalities, coded as 10.", "fatalities": 10, "tags": null, "timestamp": 1759789988 }, "geometry": { "type": "Point", "coordinates": [ 34.4835, 31.5272 ] } },
{ "type": "Feature", "properties": { "event_id_cnty": "PSE41812", "event_date": "12/1/2023", "year": 2023, "time_precision": 1, "disorder_type": "Political violence", "event_type": "Explosions/Remote violence", "sub_event_type": "Air/drone strike", "actor1": "Military Forces of Israel (2022-)", "assoc_actor_1": null, "inter1": 8, "actor2": "Civilians (Palestine)", "assoc_actor_2": "Refugees/IDPs (Palestine)", "inter2": 7, "interaction": 78, "civilian_targeting": "Civilian targeting", "iso": 275, "region": "Middle East", "country": "Palestine", "admin1": "Gaza Strip", "admin2": "Rafah", "admin3": null, "location": "Rafah", "latitude": 31.287, "longitude": 34.2595, "geo_precision": 1, "source": "Ma'an News Agency; Newpress; Palestine News and Information Agency; Quds News Network; Twitter", "source_scale": "New media-National", "notes": "On 1 December 2023, Israeli warplanes struck houses in Rafah city and al-Shaboura refugee camp in the city (Rafah, Gaza Strip), killing 9 Palestinians and injuring several of others.", "fatalities": 9, "tags": null, "timestamp": 1762829569 }, "geometry": { "type": "Point", "coordinates": [ 34.2595, 31.287 ] } },
{ "type": "Feature", "properties": { "event_id_cnty": "PSE41835", "event_date": "12/1/2023", "year": 2023, "time_precision": 1, "disorder_type": "Political violence", "event_type": "Explosions/Remote violence", "sub_event_type": "Air/drone strike", "actor1": "Military Forces of Israel (2022-)", "assoc_actor_1": null, "inter1": 8, "actor2": "Civilians (Palestine)", "assoc_actor_2": "Muslim Group (Palestine)", "inter2": 7, "interaction": 78, "civilian_targeting": "Civilian targeting", "iso": 275, "region": "Middle East", "country": "Palestine", "admin1": "Gaza Strip", "admin2": "Rafah", "admin3": null, "location": "Khirbet al Adas", "latitude": 31.2855, "longitude": 34.2714, "geo_precision": 1, "source": "Palestine News and Information Agency", "source_scale": "National", "notes": "On 1 December 2023, Israeli warplanes struck al-Amin Mohammad mosque in Khirbet al Adas (Rafah, Gaza Strip). Casualties unknown.", "fatalities": 0, "tags": null, "timestamp": 1753954979 }, "geometry": { "type": "Point", "coordinates": [ 34.2714, 31.2855 ] } },
{ "type": "Feature", "properties": { "event_id_cnty": "PSE41863", "event_date": "12/1/2023", "year": 2023, "time_precision": 1, "disorder_type": "Political violence", "event_type": "Explosions/Remote violence", "sub_event_type": "Air/drone strike", "actor1": "Military Forces of Israel (2022-)", "assoc_actor_1": null, "inter1": 8, "actor2": "Civilians (Palestine)", "assoc_actor_2": null, "inter2": 7, "interaction": 78, "civilian_targeting": "Civilian targeting", "iso": 275, "region": "Middle East", "country": "Palestine", "admin1": "Gaza Strip", "admin2": "Rafah", "admin3": null, "location": "As Salam", "latitude": 31.2678, "longitude": 34.2567, "geo_precision": 1, "source": "Al Ghad (Jordan)", "source_scale": "Regional", "notes": "On 1 December 2023, Israeli warplanes struck a house in As Salam (Rafah, Gaza Strip), killing a women and injuring a number of Palestinians.", "fatalities": 1, "tags": null, "timestamp": 1753954979 }, "geometry": { "type": "Point", "coordinates": [ 34.2567, 31.2678 ] } },
{ "type": "Feature", "properties": { "event_id_cnty": "PSE42225", "event_date": "12/2/2023", "year": 2023, "time_precision": 1, "disorder_type": "Political violence", "event_type": "Explosions/Remote violence", "sub_event_type": "Air/drone strike", "actor1": "Military Forces of Israel (2022-)", "assoc_actor_1": null, "inter1": 8, "actor2": "Civilians (Palestine)", "assoc_actor_2": null, "inter2": 7, "interaction": 78, "civilian_targeting": "Civilian targeting", "iso": 275, "region": "Middle East", "country": "Palestine", "admin1": "Gaza Strip", "admin2": "Khan Yunis", "admin3": null, "location": "Al Qararah", "latitude": 31.3739, "longitude": 34.3409, "geo_precision": 1, "source": "Ma'an News Agency; Newpress; Palestine News and Information Agency; Quds News Network; Twitter", "source_scale": "New media-National", "notes": "On 2 December 2023, Israeli warplanes struck 4 houses in Al Qararah (Khan Yunis, Gaza Strip), killing 10 Palestinians women and children. Also, dozens of Palestinians were killed and injured in an Israeli airstrike on the al-Abadleh house. Total fatalities coded as 16.", "fatalities": 16, "tags": null, "timestamp": 1753954979 }, "geometry": { "type": "Point", "coordinates": [ 34.3409, 31.3739 ] } },
{ "type": "Feature", "properties": { "event_id_cnty": "PSE42226", "event_date": "12/2/2023", "year": 2023, "time_precision": 1, "disorder_type": "Political violence", "event_type": "Explosions/Remote violence", "sub_event_type": "Air/drone strike", "actor1": "Military Forces of Israel (2022-)", "assoc_actor_1": null, "inter1": 8, "actor2": "Civilians (Palestine)", "assoc_actor_2": "Muslim Group (Palestine)", "inter2": 7, "interaction": 78, "civilian_targeting": "Civilian targeting", "iso": 275, "region": "Middle East", "country": "Palestine", "admin1": "Gaza Strip", "admin2": "Khan Yunis", "admin3": null, "location": "Al Qararah", "latitude": 31.3739, "longitude": 34.3409, "geo_precision": 2, "source": "Al-Ittihad; Al Ghad (Jordan); Ma'an News Agency; Palestine News and Information Agency", "source_scale": "National-Regional", "notes": "On 2 December 2023, Israeli warplanes struck 3 mosques north of Al Qararah (Khan Yunis, Gaza Strip). Casualties unknown.", "fatalities": 0, "tags": null, "timestamp": 1753954979 }, "geometry": { "type": "Point", "coordinates": [ 34.3409, 31.3739 ] } },
{ "type": "Feature", "properties": { "event_id_cnty": "PSE42229", "event_date": "12/2/2023", "year": 2023, "time_precision": 1, "disorder_type": "Political violence", "event_type": "Explosions/Remote violence", "sub_event_type": "Air/drone strike", "actor1": "Military Forces of Israel (2022-)", "assoc_actor_1": null, "inter1": 8, "actor2": "Civilians (Palestine)", "assoc_actor_2": null, "inter2": 7, "interaction": 78, "civilian_targeting": "Civilian targeting", "iso": 275, "region": "Middle East", "country": "Palestine", "admin1": "Gaza Strip", "admin2": "Khan Yunis", "admin3": null, "location": "Bani Suheila", "latitude": 31.3424, "longitude": 34.325, "geo_precision": 1, "source": "Palestine News and Information Agency", "source_scale": "National", "notes": "On 2 December 2023, Israeli warplanes struck Palestinian houses in Bani Suheila (Khan Yunis, Gaza Strip), killing 4 Palestinians.", "fatalities": 4, "tags": null, "timestamp": 1753954979 }, "geometry": { "type": "Point", "coordinates": [ 34.325, 31.3424 ] } },
{ "type": "Feature", "properties": { "event_id_cnty": "PSE42233", "event_date": "12/2/2023", "year": 2023, "time_precision": 1, "disorder_type": "Political violence", "event_type": "Explosions/Remote violence", "sub_event_type": "Air/drone strike", "actor1": "Military Forces of Israel (2022-)", "assoc_actor_1": null, "inter1": 8, "actor2": "Civilians (Palestine)", "assoc_actor_2": null, "inter2": 7, "interaction": 78, "civilian_targeting": "Civilian targeting", "iso": 275, "region": "Middle East", "country": "Palestine", "admin1": "Gaza Strip", "admin2": "Gaza City", "admin3": null, "location": "Gaza", "latitude": 31.5045, "longitude": 34.4743, "geo_precision": 1, "source": "Newpress; Palestine News and Information Agency; Quds News Network; Twitter", "source_scale": "New media-National", "notes": "On 2 December 2023, Israeli warplanes struck houses in al-Yarmouk neighborhood in Gaza City (Gaza city, Gaza Strip), leaving dozens of fatalities and injuries among Palestinians. Fatalities coded as 6.", "fatalities": 6, "tags": null, "timestamp": 1759789988 }, "geometry": { "type": "Point", "coordinates": [ 34.4743, 31.5045 ] } },
{ "type": "Feature", "properties": { "event_id_cnty": "PSE42234", "event_date": "12/2/2023", "year": 2023, "time_precision": 1, "disorder_type": "Political violence", "event_type": "Explosions/Remote violence", "sub_event_type": "Air/drone strike", "actor1": "Military Forces of Israel (2022-)", "assoc_actor_1": null, "inter1": 8, "actor2": "Civilians (Palestine)", "assoc_actor_2": null, "inter2": 7, "interaction": 78, "civilian_targeting": "Civilian targeting", "iso": 275, "region": "Middle East", "country": "Palestine", "admin1": "Gaza Strip", "admin2": "Gaza City", "admin3": null, "location": "Gaza - At Tuffah", "latitude": 31.5134, "longitude": 34.4751, "geo_precision": 1, "source": "Palestine News and Information Agency", "source_scale": "National", "notes": "On 2 December 2023, Israeli warplanes and artillery struck houses and targets in Gaza - At Tuffah (Gaza city, Gaza Strip), leaving dozens of fatalities and injuries among Palestinians. Fatalities coded as 6.", "fatalities": 6, "tags": null, "timestamp": 1759789988 }, "geometry": { "type": "Point", "coordinates": [ 34.4751, 31.5134 ] } },
{ "type": "Feature", "properties": { "event_id_cnty": "PSE42239", "event_date": "12/2/2023", "year": 2023, "time_precision": 1, "disorder_type": "Political violence", "event_type": "Explosions/Remote violence", "sub_event_type": "Air/drone strike", "actor1": "Military Forces of Israel (2022-)", "assoc_actor_1": null, "inter1": 8, "actor2": "Civilians (Palestine)", "assoc_actor_2": null, "inter2": 7, "interaction": 78, "civilian_targeting": "Civilian targeting", "iso": 275, "region": "Middle East", "country": "Palestine", "admin1": "Gaza Strip", "admin2": "Gaza City", "admin3": null, "location": "Gaza - Sheikh Radwan", "latitude": 31.5349, "longitude": 34.4667, "geo_precision": 1, "source": "Palestine News and Information Agency", "source_scale": "National", "notes": "On 2 December 2023, Israeli warplanes and artillery struck houses in Gaza - Sheikh Radwan (Gaza City, Gaza Strip), leaving dozens of fatalities and injuries among Palestinians. Fatalities coded as 6.", "fatalities": 6, "tags": null, "timestamp": 1759789988 }, "geometry": { "type": "Point", "coordinates": [ 34.4667, 31.5349 ] } },
{ "type": "Feature", "properties": { "event_id_cnty": "PSE42240", "event_date": "12/2/2023", "year": 2023, "time_precision": 1, "disorder_type": "Political violence", "event_type": "Explosions/Remote violence", "sub_event_type": "Air/drone strike", "actor1": "Military Forces of Israel (2022-)", "assoc_actor_1": null, "inter1": 8, "actor2": "Civilians (Palestine)", "assoc_actor_2": null, "inter2": 7, "interaction": 78, "civilian_targeting": "Civilian targeting", "iso": 275, "region": "Middle East", "country": "Palestine", "admin1": "Gaza Strip", "admin2": "Gaza City", "admin3": null, "location": "Gaza - Sheikh Radwan", "latitude": 31.5349, "longitude": 34.4667, "geo_precision": 2, "source": "Newpress; Palestine News and Information Agency; Quds News Network; Twitter", "source_scale": "New media-National", "notes": "On 2 December 2023, Israeli warplanes struck a residential building in al-Saftawi and al-Jala street, north of Gaza city, Gaza - Sheikh Radwan (Gaza City, Gaza Strip), leaving dozens of fatalities and injuries among Palestinians. Meanwhile, the artillery targeted houses in the area. Fatalities coded as 6.", "fatalities": 6, "tags": null, "timestamp": 1759789988 }, "geometry": { "type": "Point", "coordinates": [ 34.4667, 31.5349 ] } },
{ "type": "Feature", "properties": { "event_id_cnty": "PSE42247", "event_date": "12/2/2023", "year": 2023, "time_precision": 1, "disorder_type": "Political violence", "event_type": "Explosions/Remote violence", "sub_event_type": "Air/drone strike", "actor1": "Military Forces of Israel (2022-)", "assoc_actor_1": null, "inter1": 8, "actor2": "Civilians (Palestine)", "assoc_actor_2": null, "inter2": 7, "interaction": 78, "civilian_targeting": "Civilian targeting", "iso": 275, "region": "Middle East", "country": "Palestine", "admin1": "Gaza Strip", "admin2": "Khan Yunis", "admin3": null, "location": "Khan Yunis", "latitude": 31.3502, "longitude": 34.3081, "geo_precision": 1, "source": "Ma'an News Agency; Newpress; Palestine News and Information Agency; Twitter", "source_scale": "New media-National", "notes": "On 2 December 2023, Israeli warplanes carried airstrikes in Khan Yunis city (Khan Yunis, Gaza Strip), leaving dozens of fatalities and injuries, including women and children. Fatalities coded as 6. Also, 3 children were killed and 12 persons were injured. Total fatalities coded as 9.", "fatalities": 9, "tags": null, "timestamp": 1753954979 }, "geometry": { "type": "Point", "coordinates": [ 34.3081, 31.3502 ] } },
{ "type": "Feature", "properties": { "event_id_cnty": "PSE42248", "event_date": "12/2/2023", "year": 2023, "time_precision": 1, "disorder_type": "Political violence", "event_type": "Explosions/Remote violence", "sub_event_type": "Air/drone strike", "actor1": "Military Forces of Israel (2022-)", "assoc_actor_1": null, "inter1": 8, "actor2": "Civilians (Palestine)", "assoc_actor_2": "Muslim Group (Palestine)", "inter2": 7, "interaction": 78, "civilian_targeting": "Civilian targeting", "iso": 275, "region": "Middle East", "country": "Palestine", "admin1": "Gaza Strip", "admin2": "Khan Yunis", "admin3": null, "location": "Khan Yunis - As Sater", "latitude": 31.3637, "longitude": 34.3228, "geo_precision": 1, "source": "Ma'an News Agency; Newpress; Palestine News and Information Agency; Quds News Network; Twitter", "source_scale": "New media-National", "notes": "On 2 December 2023, Israeli warplanes struck Abdallah Azzam and al-Nour mosques, a house and a kindergarten in Khan Yunis - As Sater (Khan Yunis, Gaza Strip). Casualties unknown.", "fatalities": 0, "tags": null, "timestamp": 1753954979 }, "geometry": { "type": "Point", "coordinates": [ 34.3228, 31.3637 ] } },
{ "type": "Feature", "properties": { "event_id_cnty": "PSE42222", "event_date": "12/2/2023", "year": 2023, "time_precision": 1, "disorder_type": "Political violence", "event_type": "Explosions/Remote violence", "sub_event_type": "Air/drone strike", "actor1": "Military Forces of Israel (2022-)", "assoc_actor_1": null, "inter1": 8, "actor2": "Civilians (Palestine)", "assoc_actor_2": "Refugees/IDPs (Palestine)", "inter2": 7, "interaction": 78, "civilian_targeting": "Civilian targeting", "iso": 275, "region": "Middle East", "country": "Palestine", "admin1": "Gaza Strip", "admin2": "Deir El Balah", "admin3": null, "location": "Al Burayj", "latitude": 31.4394, "longitude": 34.4031, "geo_precision": 1, "source": "Arab 48", "source_scale": "National", "notes": "On 2 December 2023, Israeli warplanes struck a house in Al Burayj refugee camp (Deir El Balah, Gaza Strip), killing 7 Palestinians, including children and women.", "fatalities": 7, "tags": null, "timestamp": 1753954979 }, "geometry": { "type": "Point", "coordinates": [ 34.4031, 31.4394 ] } },
{ "type": "Feature", "properties": { "event_id_cnty": "PSE42223", "event_date": "12/2/2023", "year": 2023, "time_precision": 1, "disorder_type": "Political violence", "event_type": "Explosions/Remote violence", "sub_event_type": "Air/drone strike", "actor1": "Military Forces of Israel (2022-)", "assoc_actor_1": null, "inter1": 8, "actor2": "Civilians (Palestine)", "assoc_actor_2": "Labor Group (Palestine); Refugees/IDPs (Palestine)", "inter2": 7, "interaction": 78, "civilian_targeting": "Civilian targeting", "iso": 275, "region": "Middle East", "country": "Palestine", "admin1": "Gaza Strip", "admin2": "Deir El Balah", "admin3": null, "location": "Al Maghazi", "latitude": 31.4214, "longitude": 34.3865, "geo_precision": 1, "source": "Newpress; Palestine News and Information Agency; Quds News Network; Twitter", "source_scale": "New media-National", "notes": "On 2 December 2023, Israeli warplanes struck houses and civil defense staff in Al Maghazi refugee camp (Deir El Balah, Gaza Strip) injuring a number of Palestinians.", "fatalities": 0, "tags": null, "timestamp": 1753954979 }, "geometry": { "type": "Point", "coordinates": [ 34.3865, 31.4214 ] } },
{ "type": "Feature", "properties": { "event_id_cnty": "PSE42227", "event_date": "12/2/2023", "year": 2023, "time_precision": 1, "disorder_type": "Political violence", "event_type": "Explosions/Remote violence", "sub_event_type": "Air/drone strike", "actor1": "Military Forces of Israel (2022-)", "assoc_actor_1": null, "inter1": 8, "actor2": "Civilians (Palestine)", "assoc_actor_2": "Refugees/IDPs (Palestine)", "inter2": 7, "interaction": 78, "civilian_targeting": "Civilian targeting", "iso": 275, "region": "Middle East", "country": "Palestine", "admin1": "Gaza Strip", "admin2": "Deir El Balah", "admin3": null, "location": "An Nusayrat", "latitude": 31.4486, "longitude": 34.3925, "geo_precision": 1, "source": "Arab 48; Liveuamap; Newpress; Palestine News and Information Agency; Quds News Network; Twitter", "source_scale": "Local partner-New media", "notes": "On 2 December 2023, Israeli warplanes struck houses in An Nusayrat refugee camp (Deir El Balah, Gaza Strip), killing at least 13 Palestinians and injuring dozens of others. Other reports suggest at least 15 Palestinians were killed. Fatalities coded as 13.", "fatalities": 13, "tags": null, "timestamp": 1753954979 }, "geometry": { "type": "Point", "coordinates": [ 34.3925, 31.4486 ] } },
{ "type": "Feature", "properties": { "event_id_cnty": "PSE42232", "event_date": "12/2/2023", "year": 2023, "time_precision": 1, "disorder_type": "Political violence", "event_type": "Explosions/Remote violence", "sub_event_type": "Air/drone strike", "actor1": "Military Forces of Israel (2022-)", "assoc_actor_1": null, "inter1": 8, "actor2": "Civilians (Palestine)", "assoc_actor_2": "Muslim Group (Palestine); Refugees/IDPs (Palestine)", "inter2": 7, "interaction": 78, "civilian_targeting": "Civilian targeting", "iso": 275, "region": "Middle East", "country": "Palestine", "admin1": "Gaza Strip", "admin2": "Deir El Balah", "admin3": null, "location": "Deir al Balah", "latitude": 31.4178, "longitude": 34.3503, "geo_precision": 1, "source": "Newpress; Palestine News and Information Agency; Quds News Network; Twitter", "source_scale": "New media-National", "notes": "On 2 December 2023, Israeli warplanes struck a Hikmah mosque and houses in Deir al Balah city (Deir El Balah, Gaza Strip), killing 9 persons and injuring several of others. Meanwhile, the artillery targeted displaced people in a school, injuring them.", "fatalities": 9, "tags": null, "timestamp": 1753954979 }, "geometry": { "type": "Point", "coordinates": [ 34.3503, 31.4178 ] } },
{ "type": "Feature", "properties": { "event_id_cnty": "PSE42244", "event_date": "12/2/2023", "year": 2023, "time_precision": 1, "disorder_type": "Political violence", "event_type": "Explosions/Remote violence", "sub_event_type": "Air/drone strike", "actor1": "Military Forces of Israel (2022-)", "assoc_actor_1": null, "inter1": 8, "actor2": "Civilians (Palestine)", "assoc_actor_2": null, "inter2": 7, "interaction": 78, "civilian_targeting": "Civilian targeting", "iso": 275, "region": "Middle East", "country": "Palestine", "admin1": "Gaza Strip", "admin2": "Khan Yunis", "admin3": null, "location": "Hamad", "latitude": 31.3749, "longitude": 34.3193, "geo_precision": 1, "source": "Liveuamap; Palestine News and Information Agency; Quds News Network; Twitter", "source_scale": "Local partner-New media", "notes": "On 2 December 2023, Israeli warplanes struck residential buildings in Hamad city (Khan Yunis, Gaza Strip), killing dozens of Palestinians and injuring several of others. Fatalities coded as 12.", "fatalities": 12, "tags": null, "timestamp": 1753954979 }, "geometry": { "type": "Point", "coordinates": [ 34.3193, 31.3749 ] } },
{ "type": "Feature", "properties": { "event_id_cnty": "PSE42230", "event_date": "12/2/2023", "year": 2023, "time_precision": 1, "disorder_type": "Political violence", "event_type": "Explosions/Remote violence", "sub_event_type": "Air/drone strike", "actor1": "Military Forces of Israel (2022-)", "assoc_actor_1": null, "inter1": 8, "actor2": "Civilians (Palestine)", "assoc_actor_2": null, "inter2": 7, "interaction": 78, "civilian_targeting": "Civilian targeting", "iso": 275, "region": "Middle East", "country": "Palestine", "admin1": "Gaza Strip", "admin2": "North Gaza", "admin3": null, "location": "Beit Lahiya", "latitude": 31.5541, "longitude": 34.5016, "geo_precision": 1, "source": "Newpress; Palestine News and Information Agency; Quds News Network; Twitter", "source_scale": "New media-National", "notes": "On 2 December 2023, Israeli warplanes carried out airstrikes on the outskirts of Kamal Odwan Hospital and struck houses in Beit Lahiya (North Gaza, Gaza Strip), leaving dozens of fatalities and injuries among Palestinians. Fatalities coded as 6.", "fatalities": 6, "tags": null, "timestamp": 1753954979 }, "geometry": { "type": "Point", "coordinates": [ 34.5016, 31.5541 ] } },
{ "type": "Feature", "properties": { "event_id_cnty": "PSE42231", "event_date": "12/2/2023", "year": 2023, "time_precision": 1, "disorder_type": "Political violence", "event_type": "Explosions/Remote violence", "sub_event_type": "Air/drone strike", "actor1": "Military Forces of Israel (2022-)", "assoc_actor_1": null, "inter1": 8, "actor2": "Civilians (Palestine)", "assoc_actor_2": null, "inter2": 7, "interaction": 78, "civilian_targeting": "Civilian targeting", "iso": 275, "region": "Middle East", "country": "Palestine", "admin1": "Gaza Strip", "admin2": "North Gaza", "admin3": null, "location": "Beit Lahiya - Al Mashroo", "latitude": 31.5433, "longitude": 34.4998, "geo_precision": 1, "source": "Palestine News and Information Agency; Quds News Network; Twitter", "source_scale": "New media-National", "notes": "On 2 December 2023, Israeli warplanes struck a residential building in Beit Lahiya - Al Mashroo (North Gaza, Gaza Strip), leaving dozens of fatalities and injuries among Palestinians. Fatalities coded as 6.", "fatalities": 6, "tags": null, "timestamp": 1753954979 }, "geometry": { "type": "Point", "coordinates": [ 34.4998, 31.5433 ] } },
{ "type": "Feature", "properties": { "event_id_cnty": "PSE42238", "event_date": "12/2/2023", "year": 2023, "time_precision": 1, "disorder_type": "Political violence", "event_type": "Violence against civilians", "sub_event_type": "Attack", "actor1": "Military Forces of Israel (2022-)", "assoc_actor_1": null, "inter1": 8, "actor2": "Civilians (Palestine)", "assoc_actor_2": "Health Workers (Palestine)", "inter2": 7, "interaction": 78, "civilian_targeting": "Civilian targeting", "iso": 275, "region": "Middle East", "country": "Palestine", "admin1": "Gaza Strip", "admin2": "Gaza City", "admin3": null, "location": "Gaza - Sabra", "latitude": 31.5086, "longitude": 34.4493, "geo_precision": 1, "source": "Arab 48; Quds News Network; Twitter", "source_scale": "New media-National", "notes": "On 2 December 2023, Israeli military forces opened fire at Palestinian ambulances in Gaza - Sabra (Gaza City, Gaza Strip). Casualties unknown.", "fatalities": 0, "tags": null, "timestamp": 1759789988 }, "geometry": { "type": "Point", "coordinates": [ 34.4493, 31.5086 ] } },
{ "type": "Feature", "properties": { "event_id_cnty": "PSE42237", "event_date": "12/2/2023", "year": 2023, "time_precision": 1, "disorder_type": "Political violence", "event_type": "Explosions/Remote violence", "sub_event_type": "Air/drone strike", "actor1": "Military Forces of Israel (2022-)", "assoc_actor_1": null, "inter1": 8, "actor2": "Civilians (Palestine)", "assoc_actor_2": null, "inter2": 7, "interaction": 78, "civilian_targeting": "Civilian targeting", "iso": 275, "region": "Middle East", "country": "Palestine", "admin1": "Gaza Strip", "admin2": "Gaza City", "admin3": null, "location": "Gaza - Sabra", "latitude": 31.5086, "longitude": 34.4493, "geo_precision": 1, "source": "Arab 48; Palestine News and Information Agency; Quds News Network; Twitter", "source_scale": "New media-National", "notes": "On 2 December 2023, Israeli warplanes and artillery struck houses and targets in Gaza - Sabra (Gaza city, Gaza Strip), leaving dozens of fatalities and injuries among Palestinians. Fatalities coded as 6.", "fatalities": 6, "tags": null, "timestamp": 1759789988 }, "geometry": { "type": "Point", "coordinates": [ 34.4493, 31.5086 ] } },
{ "type": "Feature", "properties": { "event_id_cnty": "PSE42249", "event_date": "12/2/2023", "year": 2023, "time_precision": 1, "disorder_type": "Political violence", "event_type": "Explosions/Remote violence", "sub_event_type": "Air/drone strike", "actor1": "Military Forces of Israel (2022-)", "assoc_actor_1": null, "inter1": 8, "actor2": "Civilians (Palestine)", "assoc_actor_2": null, "inter2": 7, "interaction": 78, "civilian_targeting": "Civilian targeting", "iso": 275, "region": "Middle East", "country": "Palestine", "admin1": "Gaza Strip", "admin2": "Khan Yunis", "admin3": null, "location": "Khan Yunis - Ash Sheikh Naser", "latitude": 31.3398, "longitude": 34.3116, "geo_precision": 1, "source": "Liveuamap; Palestine News and Information Agency", "source_scale": "Local partner-New media", "notes": "On 2 December 2023, Israeli warplanes struck Palestinian houses in Khan Yunis - Ash Sheikh Naser (Khan Yunis, Gaza Strip). Casualties unknown.", "fatalities": 0, "tags": null, "timestamp": 1753954979 }, "geometry": { "type": "Point", "coordinates": [ 34.3116, 31.3398 ] } },
{ "type": "Feature", "properties": { "event_id_cnty": "PSE42250", "event_date": "12/2/2023", "year": 2023, "time_precision": 1, "disorder_type": "Political violence", "event_type": "Explosions/Remote violence", "sub_event_type": "Air/drone strike", "actor1": "Military Forces of Israel (2022-)", "assoc_actor_1": null, "inter1": 8, "actor2": "Civilians (Palestine)", "assoc_actor_2": "Refugees/IDPs (Palestine)", "inter2": 7, "interaction": 78, "civilian_targeting": "Civilian targeting", "iso": 275, "region": "Middle East", "country": "Palestine", "admin1": "Gaza Strip", "admin2": "North Gaza", "admin3": null, "location": "Jabalya Camp", "latitude": 31.536, "longitude": 34.4907, "geo_precision": 1, "source": "Al Ghad (Jordan); Liveuamap; Ma'an News Agency; Newpress; Palestine Information Center; Palestine News and Information Agency; Quds News Network; Twitter", "source_scale": "Local partner-New media", "notes": "On 2 December 2023, Israeli warplanes struck a residential building and houses in Mukhayyam Jabalya camp (North Gaza, Gaza Strip), killing at least 100 persons and injuring several of Palestinians. Also, 6 persons were killed, and another 20 were injured in a separate airstrike near Temraz station, raising total fatalities to at least 106 persons.", "fatalities": 106, "tags": null, "timestamp": 1753954979 }, "geometry": { "type": "Point", "coordinates": [ 34.4907, 31.536 ] } },
{ "type": "Feature", "properties": { "event_id_cnty": "PSE42236", "event_date": "12/2/2023", "year": 2023, "time_precision": 1, "disorder_type": "Political violence", "event_type": "Explosions/Remote violence", "sub_event_type": "Air/drone strike", "actor1": "Military Forces of Israel (2022-)", "assoc_actor_1": null, "inter1": 8, "actor2": "Civilians (Palestine)", "assoc_actor_2": null, "inter2": 7, "interaction": 78, "civilian_targeting": "Civilian targeting", "iso": 275, "region": "Middle East", "country": "Palestine", "admin1": "Gaza Strip", "admin2": "Gaza City", "admin3": null, "location": "Gaza - Ash Shati' Camp", "latitude": 31.5349, "longitude": 34.4466, "geo_precision": 2, "source": "Palestine News and Information Agency", "source_scale": "National", "notes": "On 2 December 2023, Israeli warplanes struck houses in Al Tuam area northwest of Gaza City, Gaza - Ash Shati' Camp area (Gaza City, Gaza Strip). Casualties unknown.", "fatalities": 0, "tags": null, "timestamp": 1759789988 }, "geometry": { "type": "Point", "coordinates": [ 34.4466, 31.5349 ] } },
{ "type": "Feature", "properties": { "event_id_cnty": "PSE42224", "event_date": "12/2/2023", "year": 2023, "time_precision": 1, "disorder_type": "Political violence", "event_type": "Explosions/Remote violence", "sub_event_type": "Air/drone strike", "actor1": "Military Forces of Israel (2022-)", "assoc_actor_1": null, "inter1": 8, "actor2": "Civilians (Palestine)", "assoc_actor_2": null, "inter2": 7, "interaction": 78, "civilian_targeting": "Civilian targeting", "iso": 275, "region": "Middle East", "country": "Palestine", "admin1": "Gaza Strip", "admin2": "Gaza City", "admin3": null, "location": "Al Mughraqa", "latitude": 31.4675, "longitude": 34.4097, "geo_precision": 1, "source": "Newpress; Twitter", "source_scale": "New media-National", "notes": "On 2 December 2023, Israeli warplanes carried out airstrikes in Al Mughraqa (Gaza City, Gaza Strip), killing 2 civilians.", "fatalities": 2, "tags": null, "timestamp": 1753954979 }, "geometry": { "type": "Point", "coordinates": [ 34.4097, 31.4675 ] } },
{ "type": "Feature", "properties": { "event_id_cnty": "PSE42251", "event_date": "12/2/2023", "year": 2023, "time_precision": 1, "disorder_type": "Political violence", "event_type": "Explosions/Remote violence", "sub_event_type": "Air/drone strike", "actor1": "Military Forces of Israel (2022-)", "assoc_actor_1": null, "inter1": 8, "actor2": "Civilians (Palestine)", "assoc_actor_2": null, "inter2": 7, "interaction": 78, "civilian_targeting": "Civilian targeting", "iso": 275, "region": "Middle East", "country": "Palestine", "admin1": "Gaza Strip", "admin2": "Rafah", "admin3": null, "location": "Yibna", "latitude": 31.2842, "longitude": 34.2482, "geo_precision": 2, "source": "Newpress; Palestine News and Information Agency; Quds News Network; Twitter", "source_scale": "New media-National", "notes": "On 2 December 2023, Israeli artillery shelled targets east of Rafah (coded to Yibna, Gaza Strip). Also, warplanes struck a house in Al Junianah area east of Rafah, killing 7 persons.", "fatalities": 7, "tags": null, "timestamp": 1753954979 }, "geometry": { "type": "Point", "coordinates": [ 34.2482, 31.2842 ] } },
{ "type": "Feature", "properties": { "event_id_cnty": "PSE42235", "event_date": "12/2/2023", "year": 2023, "time_precision": 1, "disorder_type": "Political violence", "event_type": "Explosions/Remote violence", "sub_event_type": "Air/drone strike", "actor1": "Military Forces of Israel (2022-)", "assoc_actor_1": null, "inter1": 8, "actor2": "Civilians (Palestine)", "assoc_actor_2": "Muslim Group (Palestine)", "inter2": 7, "interaction": 78, "civilian_targeting": "Civilian targeting", "iso": 275, "region": "Middle East", "country": "Palestine", "admin1": "Gaza Strip", "admin2": "Gaza City", "admin3": null, "location": "Gaza - Az Zaytun", "latitude": 31.4964, "longitude": 34.4522, "geo_precision": 2, "source": "Newpress; Palestine News and Information Agency; Quds News Network; Twitter", "source_scale": "New media-National", "notes": "On 2 December 2023, Israeli warplanes and artillery struck houses and the al-Shama Mosque in Gaza - Az Zaytun area (Gaza city, Gaza Strip), killing more than 20 persons and injuring several of others.", "fatalities": 20, "tags": null, "timestamp": 1759789988 }, "geometry": { "type": "Point", "coordinates": [ 34.4522, 31.4964 ] } },
{ "type": "Feature", "properties": { "event_id_cnty": "PSE42242", "event_date": "12/2/2023", "year": 2023, "time_precision": 1, "disorder_type": "Political violence", "event_type": "Explosions/Remote violence", "sub_event_type": "Air/drone strike", "actor1": "Military Forces of Israel (2022-)", "assoc_actor_1": null, "inter1": 8, "actor2": "Civilians (Palestine)", "assoc_actor_2": null, "inter2": 7, "interaction": 78, "civilian_targeting": "Civilian targeting", "iso": 275, "region": "Middle East", "country": "Palestine", "admin1": "Gaza Strip", "admin2": "Gaza City", "admin3": null, "location": "Gaza - Tal el Hawa", "latitude": 31.5041, "longitude": 34.435, "geo_precision": 1, "source": "Palestine News and Information Agency", "source_scale": "National", "notes": "On 2 December 2023, Israeli warplanes and artillery struck houses and targets in Gaza - Tal el Hawa (Gaza city, Gaza Strip), leaving dozens of fatalities and injuries among Palestinians. Fatalities coded as 6.", "fatalities": 6, "tags": null, "timestamp": 1759789988 }, "geometry": { "type": "Point", "coordinates": [ 34.435, 31.5041 ] } },
{ "type": "Feature", "properties": { "event_id_cnty": "PSE42246", "event_date": "12/2/2023", "year": 2023, "time_precision": 1, "disorder_type": "Political violence", "event_type": "Explosions/Remote violence", "sub_event_type": "Air/drone strike", "actor1": "Military Forces of Israel (2022-)", "assoc_actor_1": null, "inter1": 8, "actor2": "Civilians (Palestine)", "assoc_actor_2": null, "inter2": 7, "interaction": 78, "civilian_targeting": "Civilian targeting", "iso": 275, "region": "Middle East", "country": "Palestine", "admin1": "Gaza Strip", "admin2": "North Gaza", "admin3": null, "location": "Jabalya", "latitude": 31.5272, "longitude": 34.4835, "geo_precision": 1, "source": "Palestine News and Information Agency; Quds News Network; Twitter", "source_scale": "New media-National", "notes": "On 2 December 2023, Israeli warplanes struck houses and al-Rawda mosque in Jabalya (North Gaza, Gaza Strip). Casualties unknown.", "fatalities": 0, "tags": null, "timestamp": 1759789988 }, "geometry": { "type": "Point", "coordinates": [ 34.4835, 31.5272 ] } },
{ "type": "Feature", "properties": { "event_id_cnty": "PSE42258", "event_date": "12/3/2023", "year": 2023, "time_precision": 1, "disorder_type": "Political violence", "event_type": "Explosions/Remote violence", "sub_event_type": "Air/drone strike", "actor1": "Military Forces of Israel (2022-)", "assoc_actor_1": null, "inter1": 8, "actor2": "Civilians (Palestine)", "assoc_actor_2": null, "inter2": 7, "interaction": 78, "civilian_targeting": "Civilian targeting", "iso": 275, "region": "Middle East", "country": "Palestine", "admin1": "Gaza Strip", "admin2": "Khan Yunis", "admin3": null, "location": "Bani Suheila", "latitude": 31.3424, "longitude": 34.325, "geo_precision": 1, "source": "Liveuamap; Quds News Network; Twitter", "source_scale": "Local partner-New media", "notes": "On 3 December 2023, Israeli warplanes struck a house in Bani Suheila (Khan Yunis, Gaza Strip), killing 5 persons.", "fatalities": 5, "tags": null, "timestamp": 1753954979 }, "geometry": { "type": "Point", "coordinates": [ 34.325, 31.3424 ] } },
{ "type": "Feature", "properties": { "event_id_cnty": "PSE42273", "event_date": "12/3/2023", "year": 2023, "time_precision": 1, "disorder_type": "Political violence", "event_type": "Explosions/Remote violence", "sub_event_type": "Air/drone strike", "actor1": "Military Forces of Israel (2022-)", "assoc_actor_1": null, "inter1": 8, "actor2": "Civilians (Palestine)", "assoc_actor_2": "Journalists (Palestine)", "inter2": 7, "interaction": 78, "civilian_targeting": "Civilian targeting", "iso": 275, "region": "Middle East", "country": "Palestine", "admin1": "Gaza Strip", "admin2": "Gaza City", "admin3": null, "location": "Gaza - Sheikh Radwan", "latitude": 31.5349, "longitude": 34.4667, "geo_precision": 1, "source": "Guardian (United Kingdom); International Federation of Journalists; Palestine News and Information Agency", "source_scale": "Other-National", "notes": "On 3 December 2023, Israeli warplanes and artillery struck houses in Gaza - Sheikh Radwan (Gaza City, Gaza Strip), leaving dozens of fatalities and injuries among Palestinians. Fatalities coded as 12.", "fatalities": 12, "tags": null, "timestamp": 1759789988 }, "geometry": { "type": "Point", "coordinates": [ 34.4667, 31.5349 ] } },
{ "type": "Feature", "properties": { "event_id_cnty": "PSE42274", "event_date": "12/3/2023", "year": 2023, "time_precision": 1, "disorder_type": "Political violence", "event_type": "Explosions/Remote violence", "sub_event_type": "Air/drone strike", "actor1": "Military Forces of Israel (2022-)", "assoc_actor_1": null, "inter1": 8, "actor2": "Civilians (Palestine)", "assoc_actor_2": null, "inter2": 7, "interaction": 78, "civilian_targeting": "Civilian targeting", "iso": 275, "region": "Middle East", "country": "Palestine", "admin1": "Gaza Strip", "admin2": "Gaza City", "admin3": null, "location": "Gaza - Shujaiyya", "latitude": 31.4988, "longitude": 34.4699, "geo_precision": 1, "source": "Liveuamap; Palestine News and Information Agency; Quds News Network; Twitter", "source_scale": "Local partner-New media", "notes": "On 3 December 2023, Israeli warplanes struck houses and targets in Gaza - Shujaiyya (Gaza city, Gaza Strip), leaving dozens of fatalities and injuries among Palestinians. Fatalities coded as 12.", "fatalities": 12, "tags": null, "timestamp": 1759789988 }, "geometry": { "type": "Point", "coordinates": [ 34.4699, 31.4988 ] } },
{ "type": "Feature", "properties": { "event_id_cnty": "PSE42275", "event_date": "12/3/2023", "year": 2023, "time_precision": 1, "disorder_type": "Political violence", "event_type": "Explosions/Remote violence", "sub_event_type": "Air/drone strike", "actor1": "Military Forces of Israel (2022-)", "assoc_actor_1": null, "inter1": 8, "actor2": "Civilians (Palestine)", "assoc_actor_2": null, "inter2": 7, "interaction": 78, "civilian_targeting": "Civilian targeting", "iso": 275, "region": "Middle East", "country": "Palestine", "admin1": "Gaza Strip", "admin2": "Gaza City", "admin3": null, "location": "Gaza - Shujaiyya", "latitude": 31.4988, "longitude": 34.4699, "geo_precision": 2, "source": "Liveuamap; Newpress; Palestine News and Information Agency; Twitter", "source_scale": "Local partner-New media", "notes": "On 3 December 2023, Israeli warplanes struck a house in al-Nafaq street, west of Gaza City, Gaza - Shujaiyya area (Gaza city, Gaza Strip), killing at least 7 Palestinians.", "fatalities": 7, "tags": null, "timestamp": 1759789988 }, "geometry": { "type": "Point", "coordinates": [ 34.4699, 31.4988 ] } },
{ "type": "Feature", "properties": { "event_id_cnty": "PSE42281", "event_date": "12/3/2023", "year": 2023, "time_precision": 1, "disorder_type": "Political violence", "event_type": "Explosions/Remote violence", "sub_event_type": "Air/drone strike", "actor1": "Military Forces of Israel (2022-)", "assoc_actor_1": null, "inter1": 8, "actor2": "Civilians (Palestine)", "assoc_actor_2": null, "inter2": 7, "interaction": 78, "civilian_targeting": "Civilian targeting", "iso": 275, "region": "Middle East", "country": "Palestine", "admin1": "Gaza Strip", "admin2": "Khan Yunis", "admin3": null, "location": "Khan Yunis", "latitude": 31.3502, "longitude": 34.3081, "geo_precision": 1, "source": "Palestine News and Information Agency; Quds News Network; Twitter", "source_scale": "New media-National", "notes": "On 3 December 2023, Israeli warplanes and artillery struck targets and houses in Khan Yunis city (Khan Yunis, Gaza Strip), killing at least 33 persons.", "fatalities": 33, "tags": null, "timestamp": 1753954979 }, "geometry": { "type": "Point", "coordinates": [ 34.3081, 31.3502 ] } },
{ "type": "Feature", "properties": { "event_id_cnty": "PSE42284", "event_date": "12/3/2023", "year": 2023, "time_precision": 1, "disorder_type": "Political violence", "event_type": "Explosions/Remote violence", "sub_event_type": "Air/drone strike", "actor1": "Military Forces of Israel (2022-)", "assoc_actor_1": null, "inter1": 8, "actor2": "Civilians (Palestine)", "assoc_actor_2": null, "inter2": 7, "interaction": 78, "civilian_targeting": "Civilian targeting", "iso": 275, "region": "Middle East", "country": "Palestine", "admin1": "Gaza Strip", "admin2": "Khan Yunis", "admin3": null, "location": "Khan Yunis - Emirati", "latitude": 31.3624, "longitude": 34.2949, "geo_precision": 1, "source": "Quds News Network; Twitter", "source_scale": "New media-National", "notes": "On 3 December 2023, Israeli warplanes carried out airstrikes and struck a house in the Emirati district, west of Khan Yunis, coded to Khan Yunis - Emirati (Khan Yunis, Gaza Strip), injuring a number of Palestinians and killing 2.", "fatalities": 2, "tags": null, "timestamp": 1753954979 }, "geometry": { "type": "Point", "coordinates": [ 34.2949, 31.3624 ] } },
{ "type": "Feature", "properties": { "event_id_cnty": "PSE42285", "event_date": "12/3/2023", "year": 2023, "time_precision": 1, "disorder_type": "Political violence", "event_type": "Explosions/Remote violence", "sub_event_type": "Air/drone strike", "actor1": "Military Forces of Israel (2022-)", "assoc_actor_1": null, "inter1": 8, "actor2": "Civilians (Palestine)", "assoc_actor_2": null, "inter2": 7, "interaction": 78, "civilian_targeting": "Civilian targeting", "iso": 275, "region": "Middle East", "country": "Palestine", "admin1": "Gaza Strip", "admin2": "Khan Yunis", "admin3": null, "location": "Khan Yunis - Maen", "latitude": 31.336, "longitude": 34.3172, "geo_precision": 1, "source": "Liveuamap; Quds News Network; Twitter", "source_scale": "Local partner-New media", "notes": "On 3 December 2023, Israeli warplanes struck a house in Khan Yunis - Maen (Khan Yunis, Gaza Strip), killing 2 persons and injuring another 12.", "fatalities": 2, "tags": null, "timestamp": 1753954979 }, "geometry": { "type": "Point", "coordinates": [ 34.3172, 31.336 ] } },
{ "type": "Feature", "properties": { "event_id_cnty": "PSE42256", "event_date": "12/3/2023", "year": 2023, "time_precision": 1, "disorder_type": "Political violence", "event_type": "Explosions/Remote violence", "sub_event_type": "Air/drone strike", "actor1": "Military Forces of Israel (2022-)", "assoc_actor_1": null, "inter1": 8, "actor2": "Civilians (Palestine)", "assoc_actor_2": "Refugees/IDPs (Palestine)", "inter2": 7, "interaction": 78, "civilian_targeting": "Civilian targeting", "iso": 275, "region": "Middle East", "country": "Palestine", "admin1": "Gaza Strip", "admin2": "Deir El Balah", "admin3": null, "location": "An Nusayrat", "latitude": 31.4486, "longitude": 34.3925, "geo_precision": 1, "source": "Newpress; Quds News Network; Twitter", "source_scale": "New media-National", "notes": "On 3 December 2023, Israeli warplanes struck a house in An Nusayrat refugee camp (Deir El Balah, Gaza Strip), killing 13 persons.", "fatalities": 13, "tags": null, "timestamp": 1753954979 }, "geometry": { "type": "Point", "coordinates": [ 34.3925, 31.4486 ] } },
{ "type": "Feature", "properties": { "event_id_cnty": "PSE42268", "event_date": "12/3/2023", "year": 2023, "time_precision": 1, "disorder_type": "Political violence", "event_type": "Violence against civilians", "sub_event_type": "Attack", "actor1": "Military Forces of Israel (2022-)", "assoc_actor_1": null, "inter1": 8, "actor2": "Civilians (Palestine)", "assoc_actor_2": null, "inter2": 7, "interaction": 78, "civilian_targeting": "Civilian targeting", "iso": 275, "region": "Middle East", "country": "Palestine", "admin1": "Gaza Strip", "admin2": "Deir El Balah", "admin3": null, "location": "Deir al Balah", "latitude": 31.4178, "longitude": 34.3503, "geo_precision": 1, "source": "Palestine News and Information Agency", "source_scale": "National", "notes": "On 3 December 2023, Israeli troops opened fire at al-Mazraa school in Deir al Balah (Deir El Balah, Gaza Strip), injuring a number of Palestinians including children.", "fatalities": 0, "tags": null, "timestamp": 1753954979 }, "geometry": { "type": "Point", "coordinates": [ 34.3503, 31.4178 ] } },
{ "type": "Feature", "properties": { "event_id_cnty": "PSE42259", "event_date": "12/3/2023", "year": 2023, "time_precision": 1, "disorder_type": "Political violence", "event_type": "Explosions/Remote violence", "sub_event_type": "Air/drone strike", "actor1": "Military Forces of Israel (2022-)", "assoc_actor_1": null, "inter1": 8, "actor2": "Civilians (Palestine)", "assoc_actor_2": null, "inter2": 7, "interaction": 78, "civilian_targeting": "Civilian targeting", "iso": 275, "region": "Middle East", "country": "Palestine", "admin1": "Gaza Strip", "admin2": "North Gaza", "admin3": null, "location": "Beit Lahiya", "latitude": 31.5541, "longitude": 34.5016, "geo_precision": 1, "source": "Liveuamap; Newpress; Palestine News and Information Agency; Quds News Network; Twitter", "source_scale": "Local partner-New media", "notes": "On 3 December 2023, Israeli warplanes carried out airstrikes on the outskirts of Kamal Odwan Hospital in Beit Lahiya (North Gaza, Gaza Strip). Also, airstrikes were carried out on houses in Beit Lahiya, leaving dozens of fatalities and injuries among Palestinians. Fatalities coded as 12.", "fatalities": 12, "tags": null, "timestamp": 1753954979 }, "geometry": { "type": "Point", "coordinates": [ 34.5016, 31.5541 ] } },
{ "type": "Feature", "properties": { "event_id_cnty": "PSE42287", "event_date": "12/3/2023", "year": 2023, "time_precision": 1, "disorder_type": "Political violence", "event_type": "Explosions/Remote violence", "sub_event_type": "Air/drone strike", "actor1": "Military Forces of Israel (2022-)", "assoc_actor_1": null, "inter1": 8, "actor2": "Civilians (Palestine)", "assoc_actor_2": "Journalists (Palestine); Refugees/IDPs (Palestine)", "inter2": 7, "interaction": 78, "civilian_targeting": "Civilian targeting", "iso": 275, "region": "Middle East", "country": "Palestine", "admin1": "Gaza Strip", "admin2": "North Gaza", "admin3": null, "location": "Jabalya Camp", "latitude": 31.536, "longitude": 34.4907, "geo_precision": 1, "source": "Guardian (United Kingdom); Ma'an News Agency; Newpress; Palestine News and Information Agency; Quds News Network; Twitter", "source_scale": "New media-National", "notes": "On 3 December 2023, Israeli warplanes struck houses and fired white phosphorus bombs in Mukhayyam Jabalya camp (North Gaza, Gaza Strip), leaving an unspecified number of fatalities and injuries. Fatalities coded as 10. Additionally, airplanes and artillery struck houses and residential areas and destroyed the gate of al-Fakhourah school, hosting displaced people leaving dozens of fatalities and injuries. Fatalities coded as 12. Total fatalities coded as 22. A Palestinian journalist was killed in one of the strikes on that location that day. HRW and other international organizations have accused Israel of using white phosphorous bombs.", "fatalities": 22, "tags": null, "timestamp": 1757975700 }, "geometry": { "type": "Point", "coordinates": [ 34.4907, 31.536 ] } },
{ "type": "Feature", "properties": { "event_id_cnty": "PSE42253", "event_date": "12/3/2023", "year": 2023, "time_precision": 1, "disorder_type": "Political violence", "event_type": "Explosions/Remote violence", "sub_event_type": "Air/drone strike", "actor1": "Military Forces of Israel (2022-)", "assoc_actor_1": null, "inter1": 8, "actor2": "Civilians (Palestine)", "assoc_actor_2": "Refugees/IDPs (Palestine)", "inter2": 7, "interaction": 78, "civilian_targeting": "Civilian targeting", "iso": 275, "region": "Middle East", "country": "Palestine", "admin1": "Gaza Strip", "admin2": "Deir El Balah", "admin3": null, "location": "Al Burayj", "latitude": 31.4394, "longitude": 34.4031, "geo_precision": 1, "source": "Liveuamap; Ma'an News Agency; Newpress; Palestine News and Information Agency; Palestinian Ministry of Health; Twitter", "source_scale": "Local partner-New media", "notes": "On 3 December 2023, Israeli warplanes struck houses in Al Burayj refugee camp (Deir El Balah, Gaza Strip), leaving an unspecified number of fatalities and injuries. [Palestinian Ministry of Health reported 15889 fatalities between 7 October - 3 December. 189 fatalities not attributed to specific events split across 8 events on 3 December. 23 fatalities coded to this event.]", "fatalities": 23, "tags": null, "timestamp": 1753954979 }, "geometry": { "type": "Point", "coordinates": [ 34.4031, 31.4394 ] } },
{ "type": "Feature", "properties": { "event_id_cnty": "PSE42255", "event_date": "12/3/2023", "year": 2023, "time_precision": 1, "disorder_type": "Political violence", "event_type": "Explosions/Remote violence", "sub_event_type": "Air/drone strike", "actor1": "Military Forces of Israel (2022-)", "assoc_actor_1": null, "inter1": 8, "actor2": "Civilians (Palestine)", "assoc_actor_2": null, "inter2": 7, "interaction": 78, "civilian_targeting": "Civilian targeting", "iso": 275, "region": "Middle East", "country": "Palestine", "admin1": "Gaza Strip", "admin2": "Khan Yunis", "admin3": null, "location": "Al Qararah", "latitude": 31.3739, "longitude": 34.3409, "geo_precision": 1, "source": "Liveuamap; Palestine News and Information Agency; Palestinian Ministry of Health; Quds News Network; Twitter", "source_scale": "Local partner-New media", "notes": "On 3 December 2023, Israeli warplanes struck houses in Al Qararah (Khan Yunis, Gaza Strip), leaving an unspecified number of fatalities and injuries. [Palestinian Ministry of Health reported 15889 fatalities between 7 October - 3 December. 189 fatalities not attributed to specific events split across 8 events on 3 December. 23 fatalities coded to this event.]", "fatalities": 23, "tags": null, "timestamp": 1753954979 }, "geometry": { "type": "Point", "coordinates": [ 34.3409, 31.3739 ] } },
{ "type": "Feature", "properties": { "event_id_cnty": "PSE42260", "event_date": "12/3/2023", "year": 2023, "time_precision": 1, "disorder_type": "Political violence", "event_type": "Explosions/Remote violence", "sub_event_type": "Air/drone strike", "actor1": "Military Forces of Israel (2022-)", "assoc_actor_1": null, "inter1": 8, "actor2": "Civilians (Palestine)", "assoc_actor_2": null, "inter2": 7, "interaction": 78, "civilian_targeting": "Civilian targeting", "iso": 275, "region": "Middle East", "country": "Palestine", "admin1": "Gaza Strip", "admin2": "North Gaza", "admin3": null, "location": "Beit Lahiya - Al Mashroo", "latitude": 31.5433, "longitude": 34.4998, "geo_precision": 1, "source": "Palestinian Ministry of Health; Quds News Network; Twitter", "source_scale": "Other-New media", "notes": "On 3 December 2023, Israeli warplanes struck houses in Beit Lahiya - Al Mashroo (North Gaza, Gaza Strip), leaving an unspecified number of fatalities and injuries. [Palestinian Ministry of Health reported 15889 fatalities between 7 October - 3 December. 189 fatalities not attributed to specific events split across 8 events on 3 December. 23 fatalities coded to this event.]", "fatalities": 23, "tags": null, "timestamp": 1753954979 }, "geometry": { "type": "Point", "coordinates": [ 34.4998, 31.5433 ] } },
{ "type": "Feature", "properties": { "event_id_cnty": "PSE42267", "event_date": "12/3/2023", "year": 2023, "time_precision": 1, "disorder_type": "Political violence", "event_type": "Explosions/Remote violence", "sub_event_type": "Air/drone strike", "actor1": "Military Forces of Israel (2022-)", "assoc_actor_1": null, "inter1": 8, "actor2": "Civilians (Palestine)", "assoc_actor_2": null, "inter2": 7, "interaction": 78, "civilian_targeting": "Civilian targeting", "iso": 275, "region": "Middle East", "country": "Palestine", "admin1": "Gaza Strip", "admin2": "Deir El Balah", "admin3": null, "location": "Deir al Balah", "latitude": 31.4178, "longitude": 34.3503, "geo_precision": 1, "source": "Palestine News and Information Agency; Palestinian Ministry of Health; Quds News Network; Twitter", "source_scale": "Other-New media", "notes": "On 3 December 2023, Israeli artillery shelled houses and warplanes carried out airstrikes in Deir al Balah (Deir El Balah, Gaza Strip), leaving an unspecified number of fatalities and injuries.. Also, airplanes struck 2 passing cars at Salah al-Din street in Deir al Balah, causing unspecified number of fatalities and injuries. [Palestinian Ministry of Health reported 15889 fatalities between 7 October - 3 December. 189 fatalities not attributed to specific events split across 8 events on 3 December. 24 fatalities coded to this event.]", "fatalities": 24, "tags": null, "timestamp": 1753954979 }, "geometry": { "type": "Point", "coordinates": [ 34.3503, 31.4178 ] } },
{ "type": "Feature", "properties": { "event_id_cnty": "PSE42270", "event_date": "12/3/2023", "year": 2023, "time_precision": 1, "disorder_type": "Political violence", "event_type": "Explosions/Remote violence", "sub_event_type": "Air/drone strike", "actor1": "Military Forces of Israel (2022-)", "assoc_actor_1": null, "inter1": 8, "actor2": "Civilians (Palestine)", "assoc_actor_2": null, "inter2": 7, "interaction": 78, "civilian_targeting": "Civilian targeting", "iso": 275, "region": "Middle East", "country": "Palestine", "admin1": "Gaza Strip", "admin2": "Gaza City", "admin3": null, "location": "Gaza - Ad Darraj", "latitude": 31.5172, "longitude": 34.4642, "geo_precision": 1, "source": "Palestine News and Information Agency; Palestinian Ministry of Health; Quds News Network; Twitter", "source_scale": "Other-New media", "notes": "On 3 December 2023, Israeli warplanes struck houses in Gaza - Ad Darraj (Gaza City, Gaza Strip), leaving an unspecified number of fatalities and injuries. [Palestinian Ministry of Health reported 15889 fatalities between 7 October - 3 December. 189 fatalities not attributed to specific events split across 8 events on 3 December. 24 fatalities coded to this event.]", "fatalities": 24, "tags": null, "timestamp": 1759789988 }, "geometry": { "type": "Point", "coordinates": [ 34.4642, 31.5172 ] } },
{ "type": "Feature", "properties": { "event_id_cnty": "PSE42271", "event_date": "12/3/2023", "year": 2023, "time_precision": 1, "disorder_type": "Political violence", "event_type": "Explosions/Remote violence", "sub_event_type": "Air/drone strike", "actor1": "Military Forces of Israel (2022-)", "assoc_actor_1": null, "inter1": 8, "actor2": "Civilians (Palestine)", "assoc_actor_2": "Muslim Group (Palestine)", "inter2": 7, "interaction": 78, "civilian_targeting": "Civilian targeting", "iso": 275, "region": "Middle East", "country": "Palestine", "admin1": "Gaza Strip", "admin2": "Gaza City", "admin3": null, "location": "Gaza - At Tuffah", "latitude": 31.5134, "longitude": 34.4751, "geo_precision": 1, "source": "Newpress; Palestinian Ministry of Health; PLO Negotiations Affairs Department; Quds News Network; Twitter", "source_scale": "Other-New media", "notes": "On 3 December 2023, Israeli warplanes struck the al-Salam mosque in Gaza - At Tuffah (Gaza city, Gaza Strip) leaving an unspecified number of fatalities and injuries. [Palestinian Ministry of Health reported 15889 fatalities between 7 October - 3 December. 189 fatalities not attributed to specific events split across 8 events on 3 December. 24 fatalities coded to this event.]", "fatalities": 24, "tags": null, "timestamp": 1759789988 }, "geometry": { "type": "Point", "coordinates": [ 34.4751, 31.5134 ] } },
{ "type": "Feature", "properties": { "event_id_cnty": "PSE42276", "event_date": "12/3/2023", "year": 2023, "time_precision": 1, "disorder_type": "Political violence", "event_type": "Explosions/Remote violence", "sub_event_type": "Air/drone strike", "actor1": "Military Forces of Israel (2022-)", "assoc_actor_1": null, "inter1": 8, "actor2": "Civilians (Palestine)", "assoc_actor_2": "Refugees/IDPs (Palestine)", "inter2": 7, "interaction": 78, "civilian_targeting": "Civilian targeting", "iso": 275, "region": "Middle East", "country": "Palestine", "admin1": "Gaza Strip", "admin2": "Gaza City", "admin3": null, "location": "Gaza - Southern Remal", "latitude": 31.5168, "longitude": 34.4355, "geo_precision": 1, "source": "Palestine News and Information Agency; Palestinian Ministry of Health; PLO Negotiations Affairs Department; Quds News Network; Twitter", "source_scale": "Other-New media", "notes": "On 3 December 2023, Israeli warplanes struck the Holy Family School hosting displaced people in Gaza - Southern Remal (Gaza city, Gaza Strip) leaving an unspecified number of fatalities and injuries. [Palestinian Ministry of Health reported 15889 fatalities between 7 October - 3 December. 189 fatalities not attributed to specific events split across 8 events on 3 December. 24 fatalities coded to this event.]", "fatalities": 24, "tags": null, "timestamp": 1759789988 }, "geometry": { "type": "Point", "coordinates": [ 34.4355, 31.5168 ] } },
{ "type": "Feature", "properties": { "event_id_cnty": "PSE42282", "event_date": "12/3/2023", "year": 2023, "time_precision": 1, "disorder_type": "Political violence", "event_type": "Explosions/Remote violence", "sub_event_type": "Shelling/artillery/missile attack", "actor1": "Military Forces of Israel (2022-)", "assoc_actor_1": null, "inter1": 8, "actor2": "Civilians (Palestine)", "assoc_actor_2": "Refugees/IDPs (Palestine)", "inter2": 7, "interaction": 78, "civilian_targeting": "Civilian targeting", "iso": 275, "region": "Middle East", "country": "Palestine", "admin1": "Gaza Strip", "admin2": "Khan Yunis", "admin3": null, "location": "Khan Yunis", "latitude": 31.3502, "longitude": 34.3081, "geo_precision": 2, "source": "Palestine News and Information Agency; Palestinian Ministry of Health; PLO Negotiations Affairs Department", "source_scale": "Other-National", "notes": "On 3 December 2023, Israeli artillery struck displaced Palestinians moving from Deir al Balah toward Khan Yunis, north of Khan Yunis (Khan Yunis, Gaza Strip) leaving an unspecified number of fatalities and injuries. [Palestinian Ministry of Health reported 15889 fatalities between 7 October - 3 December. 189 fatalities not attributed to specific events split across 8 events on 3 December. 24 fatalities coded to this event.]", "fatalities": 24, "tags": null, "timestamp": 1753954979 }, "geometry": { "type": "Point", "coordinates": [ 34.3081, 31.3502 ] } },
{ "type": "Feature", "properties": { "event_id_cnty": "PSE42288", "event_date": "12/3/2023", "year": 2023, "time_precision": 1, "disorder_type": "Political violence", "event_type": "Explosions/Remote violence", "sub_event_type": "Air/drone strike", "actor1": "Military Forces of Israel (2022-)", "assoc_actor_1": null, "inter1": 8, "actor2": "Civilians (Palestine)", "assoc_actor_2": null, "inter2": 7, "interaction": 78, "civilian_targeting": "Civilian targeting", "iso": 275, "region": "Middle East", "country": "Palestine", "admin1": "Gaza Strip", "admin2": "Rafah", "admin3": null, "location": "Yibna", "latitude": 31.2842, "longitude": 34.2482, "geo_precision": 2, "source": "Liveuamap; Ma'an News Agency; Palestine News and Information Agency; PLO Negotiations Affairs Department; Quds News Network", "source_scale": "Local partner-New media", "notes": "On 3 December 2023, Israeli warplanes and artillery struck houses in Al Junianah area east of Rafah (coded to Yibna, Gaza Strip), killing at least 9 persons. Also, 15 persons were killed in airstrikes on al-Bawwab family, killing 15 persons and injuring 100 of Palestinians. Total fatalities as 24.", "fatalities": 24, "tags": null, "timestamp": 1753954979 }, "geometry": { "type": "Point", "coordinates": [ 34.2482, 31.2842 ] } },
{ "type": "Feature", "properties": { "event_id_cnty": "PSE42289", "event_date": "12/3/2023", "year": 2023, "time_precision": 1, "disorder_type": "Political violence", "event_type": "Explosions/Remote violence", "sub_event_type": "Air/drone strike", "actor1": "Military Forces of Israel (2022-)", "assoc_actor_1": null, "inter1": 8, "actor2": "Civilians (Palestine)", "assoc_actor_2": "Refugees/IDPs (Palestine)", "inter2": 7, "interaction": 78, "civilian_targeting": "Civilian targeting", "iso": 275, "region": "Middle East", "country": "Palestine", "admin1": "Gaza Strip", "admin2": "Rafah", "admin3": null, "location": "Yibna", "latitude": 31.2842, "longitude": 34.2482, "geo_precision": 1, "source": "Liveuamap; Ma'an News Agency; Newpress; Palestine News and Information Agency; Quds News Network; Twitter", "source_scale": "Local partner-New media", "notes": "On 3 December 2023, Israeli warplanes struck houses in Yibna refugee camp (Rafah, Gaza Strip). 11 persons were killed Al Junianah.", "fatalities": 11, "tags": null, "timestamp": 1753954979 }, "geometry": { "type": "Point", "coordinates": [ 34.2482, 31.2842 ] } },
{ "type": "Feature", "properties": { "event_id_cnty": "PSE42272", "event_date": "12/3/2023", "year": 2023, "time_precision": 1, "disorder_type": "Political violence", "event_type": "Explosions/Remote violence", "sub_event_type": "Air/drone strike", "actor1": "Military Forces of Israel (2022-)", "assoc_actor_1": null, "inter1": 8, "actor2": "Civilians (Palestine)", "assoc_actor_2": null, "inter2": 7, "interaction": 78, "civilian_targeting": "Civilian targeting", "iso": 275, "region": "Middle East", "country": "Palestine", "admin1": "Gaza Strip", "admin2": "Gaza City", "admin3": null, "location": "Gaza - Az Zaytun", "latitude": 31.4964, "longitude": 34.4522, "geo_precision": 1, "source": "Liveuamap; Newpress; Palestine News and Information Agency; Quds News Network; Twitter", "source_scale": "Local partner-New media", "notes": "On 3 December 2023, Israeli warplanes and artillery struck houses and targets in Gaza - Az Zaytun (Gaza city, Gaza Strip), leaving dozens of fatalities and injuries among Palestinians. Fatalities coded as 12.", "fatalities": 12, "tags": null, "timestamp": 1759789988 }, "geometry": { "type": "Point", "coordinates": [ 34.4522, 31.4964 ] } },
{ "type": "Feature", "properties": { "event_id_cnty": "PSE42278", "event_date": "12/3/2023", "year": 2023, "time_precision": 1, "disorder_type": "Political violence", "event_type": "Explosions/Remote violence", "sub_event_type": "Air/drone strike", "actor1": "Military Forces of Israel (2022-)", "assoc_actor_1": null, "inter1": 8, "actor2": "Civilians (Palestine)", "assoc_actor_2": "Health Workers (Palestine)", "inter2": 7, "interaction": 78, "civilian_targeting": "Civilian targeting", "iso": 275, "region": "Middle East", "country": "Palestine", "admin1": "Gaza Strip", "admin2": "North Gaza", "admin3": null, "location": "Jabalya", "latitude": 31.5272, "longitude": 34.4835, "geo_precision": 1, "source": "Palestine News and Information Agency; Quds News Network; Twitter", "source_scale": "New media-National", "notes": "On 3 December 2023, Israeli warplanes struck health workers of Al Awdah Hospital in Jabalya town (North Gaza, Gaza Strip), killing 3 doctors and 2 paramedics.", "fatalities": 5, "tags": null, "timestamp": 1759789988 }, "geometry": { "type": "Point", "coordinates": [ 34.4835, 31.5272 ] } },
{ "type": "Feature", "properties": { "event_id_cnty": "PSE42290", "event_date": "12/4/2023", "year": 2023, "time_precision": 1, "disorder_type": "Political violence", "event_type": "Explosions/Remote violence", "sub_event_type": "Air/drone strike", "actor1": "Military Forces of Israel (2022-)", "assoc_actor_1": null, "inter1": 8, "actor2": "Civilians (Palestine)", "assoc_actor_2": null, "inter2": 7, "interaction": 78, "civilian_targeting": "Civilian targeting", "iso": 275, "region": "Middle East", "country": "Palestine", "admin1": "Gaza Strip", "admin2": "Khan Yunis", "admin3": null, "location": "Abasan al Kabirah", "latitude": 31.3191, "longitude": 34.3401, "geo_precision": 1, "source": "PLO Negotiations Affairs Department; Quds News Network; Twitter", "source_scale": "Other-New media", "notes": "On 4 December 2023, Israeli warplanes struck a house in Abasan al Kabirah (Khan Yunis, Gaza Strip). Casualties unknown.", "fatalities": 0, "tags": null, "timestamp": 1753954979 }, "geometry": { "type": "Point", "coordinates": [ 34.3401, 31.3191 ] } },
{ "type": "Feature", "properties": { "event_id_cnty": "PSE42293", "event_date": "12/4/2023", "year": 2023, "time_precision": 1, "disorder_type": "Political violence", "event_type": "Explosions/Remote violence", "sub_event_type": "Air/drone strike", "actor1": "Military Forces of Israel (2022-)", "assoc_actor_1": null, "inter1": 8, "actor2": "Civilians (Palestine)", "assoc_actor_2": null, "inter2": 7, "interaction": 78, "civilian_targeting": "Civilian targeting", "iso": 275, "region": "Middle East", "country": "Palestine", "admin1": "Gaza Strip", "admin2": "Khan Yunis", "admin3": null, "location": "Al Qararah", "latitude": 31.3739, "longitude": 34.3409, "geo_precision": 1, "source": "Newpress; Palestine News and Information Agency; Quds News Network; Twitter", "source_scale": "New media-National", "notes": "On 4 December 2023, Israeli warplanes struck houses in Al Qararah (Khan Yunis, Gaza Strip), killing 2 persons.", "fatalities": 2, "tags": null, "timestamp": 1753954979 }, "geometry": { "type": "Point", "coordinates": [ 34.3409, 31.3739 ] } },
{ "type": "Feature", "properties": { "event_id_cnty": "PSE42296", "event_date": "12/4/2023", "year": 2023, "time_precision": 1, "disorder_type": "Political violence", "event_type": "Explosions/Remote violence", "sub_event_type": "Air/drone strike", "actor1": "Military Forces of Israel (2022-)", "assoc_actor_1": null, "inter1": 8, "actor2": "Civilians (Palestine)", "assoc_actor_2": null, "inter2": 7, "interaction": 78, "civilian_targeting": "Civilian targeting", "iso": 275, "region": "Middle East", "country": "Palestine", "admin1": "Gaza Strip", "admin2": "Khan Yunis", "admin3": null, "location": "Bani Suheila", "latitude": 31.3424, "longitude": 34.325, "geo_precision": 1, "source": "Newpress; PLO Negotiations Affairs Department; Quds News Network; Twitter", "source_scale": "Other-New media", "notes": "On 4 December 2023, Israeli warplanes struck targets and a house in Bani Suheila (Khan Yunis, Gaza Strip). Casualties unknown.", "fatalities": 0, "tags": null, "timestamp": 1753954979 }, "geometry": { "type": "Point", "coordinates": [ 34.325, 31.3424 ] } },
{ "type": "Feature", "properties": { "event_id_cnty": "PSE42308", "event_date": "12/4/2023", "year": 2023, "time_precision": 1, "disorder_type": "Political violence", "event_type": "Explosions/Remote violence", "sub_event_type": "Air/drone strike", "actor1": "Military Forces of Israel (2022-)", "assoc_actor_1": null, "inter1": 8, "actor2": "Civilians (Palestine)", "assoc_actor_2": "Refugees/IDPs (Palestine); UNRWA: United Nations Relief and Works Agency", "inter2": 7, "interaction": 78, "civilian_targeting": "Civilian targeting", "iso": 275, "region": "Middle East", "country": "Palestine", "admin1": "Gaza Strip", "admin2": "Gaza City", "admin3": null, "location": "Gaza - Ad Darraj", "latitude": 31.5172, "longitude": 34.4642, "geo_precision": 1, "source": "Al-Ittihad; Ma'an News Agency; Palestine News and Information Agency; Quds News Network", "source_scale": "National-Regional", "notes": "On 4 December 2023, Israeli warplanes and artillery struck UNRWA schools hosting displaced people in Gaza - Ad Darraj (Gaza City, Gaza Strip), killing at least 50 persons and injuring hundreds of others.", "fatalities": 50, "tags": null, "timestamp": 1759789988 }, "geometry": { "type": "Point", "coordinates": [ 34.4642, 31.5172 ] } },
{ "type": "Feature", "properties": { "event_id_cnty": "PSE42317", "event_date": "12/4/2023", "year": 2023, "time_precision": 1, "disorder_type": "Political violence", "event_type": "Explosions/Remote violence", "sub_event_type": "Air/drone strike", "actor1": "Military Forces of Israel (2022-)", "assoc_actor_1": null, "inter1": 8, "actor2": "Civilians (Palestine)", "assoc_actor_2": null, "inter2": 7, "interaction": 78, "civilian_targeting": "Civilian targeting", "iso": 275, "region": "Middle East", "country": "Palestine", "admin1": "Gaza Strip", "admin2": "Khan Yunis", "admin3": null, "location": "Khan Yunis", "latitude": 31.3502, "longitude": 34.3081, "geo_precision": 1, "source": "Dunia Al Watan; Ma'an News Agency; Newpress; Palestine News and Information Agency; Twitter", "source_scale": "New media-National", "notes": "On 4 December 2023, Israeli warplanes struck a house in Khan Yunis city (Khan Yunis, Gaza Strip), leaving an unspecified number of fatalities and injuries. Fatalities coded as 10. In addition, 5 Palestinians were killed in an airstrike near Halimah mosque. Total fatalities coded as 15.", "fatalities": 15, "tags": null, "timestamp": 1753954979 }, "geometry": { "type": "Point", "coordinates": [ 34.3081, 31.3502 ] } },
{ "type": "Feature", "properties": { "event_id_cnty": "PSE42318", "event_date": "12/4/2023", "year": 2023, "time_precision": 1, "disorder_type": "Political violence", "event_type": "Explosions/Remote violence", "sub_event_type": "Air/drone strike", "actor1": "Military Forces of Israel (2022-)", "assoc_actor_1": null, "inter1": 8, "actor2": "Civilians (Palestine)", "assoc_actor_2": null, "inter2": 7, "interaction": 78, "civilian_targeting": "Civilian targeting", "iso": 275, "region": "Middle East", "country": "Palestine", "admin1": "Gaza Strip", "admin2": "Khan Yunis", "admin3": null, "location": "Khan Yunis - As Sater", "latitude": 31.3637, "longitude": 34.3228, "geo_precision": 1, "source": "PLO Negotiations Affairs Department; Quds News Network; Twitter", "source_scale": "Other-New media", "notes": "On 4 December 2023, Israeli warplanes struck target and houses in Khan Yunis - As Sater (Khan Yunis, Gaza Strip). Casualties unknown.", "fatalities": 0, "tags": null, "timestamp": 1753954979 }, "geometry": { "type": "Point", "coordinates": [ 34.3228, 31.3637 ] } },
{ "type": "Feature", "properties": { "event_id_cnty": "PSE42320", "event_date": "12/4/2023", "year": 2023, "time_precision": 1, "disorder_type": "Political violence", "event_type": "Explosions/Remote violence", "sub_event_type": "Air/drone strike", "actor1": "Military Forces of Israel (2022-)", "assoc_actor_1": null, "inter1": 8, "actor2": "Civilians (Palestine)", "assoc_actor_2": null, "inter2": 7, "interaction": 78, "civilian_targeting": "Civilian targeting", "iso": 275, "region": "Middle East", "country": "Palestine", "admin1": "Gaza Strip", "admin2": "Khan Yunis", "admin3": null, "location": "Khan Yunis - City Centre", "latitude": 31.3419, "longitude": 34.3015, "geo_precision": 1, "source": "Newpress; Palestine News and Information Agency; Quds News Network; Twitter", "source_scale": "New media-National", "notes": "On 4 December 2023, Israeli warplanes struck houses in Khan Yunis - City Centre (Khan Yunis, Gaza Strip), killing at least a woman and injuring another 8 Palestinians.", "fatalities": 1, "tags": null, "timestamp": 1753954979 }, "geometry": { "type": "Point", "coordinates": [ 34.3015, 31.3419 ] } },
{ "type": "Feature", "properties": { "event_id_cnty": "PSE42321", "event_date": "12/4/2023", "year": 2023, "time_precision": 1, "disorder_type": "Political violence", "event_type": "Explosions/Remote violence", "sub_event_type": "Air/drone strike", "actor1": "Military Forces of Israel (2022-)", "assoc_actor_1": null, "inter1": 8, "actor2": "Civilians (Palestine)", "assoc_actor_2": null, "inter2": 7, "interaction": 78, "civilian_targeting": "Civilian targeting", "iso": 275, "region": "Middle East", "country": "Palestine", "admin1": "Gaza Strip", "admin2": "Khan Yunis", "admin3": null, "location": "Khan Yunis - Maen", "latitude": 31.336, "longitude": 34.3172, "geo_precision": 1, "source": "PLO Negotiations Affairs Department; Quds News Network; Twitter", "source_scale": "Other-New media", "notes": "On 4 December 2023, Israeli warplanes struck a house in Khan Yunis - Maen (Khan Yunis, Gaza Strip). Casualties unknown.", "fatalities": 0, "tags": null, "timestamp": 1753954979 }, "geometry": { "type": "Point", "coordinates": [ 34.3172, 31.336 ] } },
{ "type": "Feature", "properties": { "event_id_cnty": "PSE42291", "event_date": "12/4/2023", "year": 2023, "time_precision": 1, "disorder_type": "Political violence", "event_type": "Explosions/Remote violence", "sub_event_type": "Air/drone strike", "actor1": "Military Forces of Israel (2022-)", "assoc_actor_1": null, "inter1": 8, "actor2": "Civilians (Palestine)", "assoc_actor_2": "Refugees/IDPs (Palestine)", "inter2": 7, "interaction": 78, "civilian_targeting": "Civilian targeting", "iso": 275, "region": "Middle East", "country": "Palestine", "admin1": "Gaza Strip", "admin2": "Deir El Balah", "admin3": null, "location": "Al Burayj", "latitude": 31.4394, "longitude": 34.4031, "geo_precision": 1, "source": "PLO Negotiations Affairs Department; Quds News Network; Twitter", "source_scale": "Other-New media", "notes": "On 4 December 2023, Israeli warplanes struck houses in Al Burayj refugee camp (Deir El Balah, Gaza Strip). Casualties unknown.", "fatalities": 0, "tags": null, "timestamp": 1753954979 }, "geometry": { "type": "Point", "coordinates": [ 34.4031, 31.4394 ] } },
{ "type": "Feature", "properties": { "event_id_cnty": "PSE42292", "event_date": "12/4/2023", "year": 2023, "time_precision": 1, "disorder_type": "Political violence", "event_type": "Explosions/Remote violence", "sub_event_type": "Air/drone strike", "actor1": "Military Forces of Israel (2022-)", "assoc_actor_1": null, "inter1": 8, "actor2": "Civilians (Palestine)", "assoc_actor_2": "Muslim Group (Palestine); Refugees/IDPs (Palestine)", "inter2": 7, "interaction": 78, "civilian_targeting": "Civilian targeting", "iso": 275, "region": "Middle East", "country": "Palestine", "admin1": "Gaza Strip", "admin2": "Deir El Balah", "admin3": null, "location": "Al Maghazi", "latitude": 31.4214, "longitude": 34.3865, "geo_precision": 1, "source": "Newpress; PLO Negotiations Affairs Department; Twitter", "source_scale": "Other-New media", "notes": "On 4 December 2023, Israeli warplanes struck the al-Mohajerin mosque in Al Maghazi refugee camp (Deir El Balah, Gaza Strip). Casualties unknown.", "fatalities": 0, "tags": null, "timestamp": 1753954979 }, "geometry": { "type": "Point", "coordinates": [ 34.3865, 31.4214 ] } },
{ "type": "Feature", "properties": { "event_id_cnty": "PSE42295", "event_date": "12/4/2023", "year": 2023, "time_precision": 1, "disorder_type": "Political violence", "event_type": "Explosions/Remote violence", "sub_event_type": "Air/drone strike", "actor1": "Military Forces of Israel (2022-)", "assoc_actor_1": null, "inter1": 8, "actor2": "Civilians (Palestine)", "assoc_actor_2": "Refugees/IDPs (Palestine)", "inter2": 7, "interaction": 78, "civilian_targeting": "Civilian targeting", "iso": 275, "region": "Middle East", "country": "Palestine", "admin1": "Gaza Strip", "admin2": "Deir El Balah", "admin3": null, "location": "An Nusayrat", "latitude": 31.4486, "longitude": 34.3925, "geo_precision": 1, "source": "Newpress; Palestine News and Information Agency; Quds News Network; Twitter", "source_scale": "New media-National", "notes": "On 4 December 2023, Israeli warplanes struck houses in An Nusayrat refugee camp (Deir El Balah, Gaza Strip), killing at least a child. Meanwhile artillery struck targets in the refugee camp.", "fatalities": 1, "tags": null, "timestamp": 1753954979 }, "geometry": { "type": "Point", "coordinates": [ 34.3925, 31.4486 ] } },
{ "type": "Feature", "properties": { "event_id_cnty": "PSE42306", "event_date": "12/4/2023", "year": 2023, "time_precision": 1, "disorder_type": "Political violence", "event_type": "Explosions/Remote violence", "sub_event_type": "Air/drone strike", "actor1": "Military Forces of Israel (2022-)", "assoc_actor_1": null, "inter1": 8, "actor2": "Civilians (Palestine)", "assoc_actor_2": null, "inter2": 7, "interaction": 78, "civilian_targeting": "Civilian targeting", "iso": 275, "region": "Middle East", "country": "Palestine", "admin1": "Gaza Strip", "admin2": "Deir El Balah", "admin3": null, "location": "Deir al Balah", "latitude": 31.4178, "longitude": 34.3503, "geo_precision": 1, "source": "Ma'an News Agency; Newpress; Palestine News and Information Agency; Quds News Network; Twitter", "source_scale": "New media-National", "notes": "On 4 December 2023, Israeli warplanes struck a house in al-Barakeh area of Deir al Balah city (Deir El Balah, Gaza Strip), leaving an unspecified number of fatalities and injuries. Fatalities coded as 10. Meanwhile, the artillery attacked targets in the city. Also, 7 persons from Khattab family were killed in an airstrike. Total fatalities coded as 17.", "fatalities": 17, "tags": null, "timestamp": 1753954979 }, "geometry": { "type": "Point", "coordinates": [ 34.3503, 31.4178 ] } },
{ "type": "Feature", "properties": { "event_id_cnty": "PSE42298", "event_date": "12/4/2023", "year": 2023, "time_precision": 1, "disorder_type": "Political violence", "event_type": "Explosions/Remote violence", "sub_event_type": "Air/drone strike", "actor1": "Military Forces of Israel (2022-)", "assoc_actor_1": null, "inter1": 8, "actor2": "Civilians (Palestine)", "assoc_actor_2": "Health Workers (Palestine)", "inter2": 7, "interaction": 78, "civilian_targeting": "Civilian targeting", "iso": 275, "region": "Middle East", "country": "Palestine", "admin1": "Gaza Strip", "admin2": "North Gaza", "admin3": null, "location": "Beit Lahiya", "latitude": 31.5541, "longitude": 34.5016, "geo_precision": 1, "source": "Newpress; Palestine News and Information Agency; Twitter", "source_scale": "New media-National", "notes": "On 4 December 2023, Israeli warplanes struck houses in Beit Lahiya (North Gaza, Gaza Strip). Also, 6 persons were killed and dozens were injured, presumably including health workers, in an airstrike on the Kamal Odwan Hospital.", "fatalities": 6, "tags": null, "timestamp": 1753954979 }, "geometry": { "type": "Point", "coordinates": [ 34.5016, 31.5541 ] } },
{ "type": "Feature", "properties": { "event_id_cnty": "PSE42299", "event_date": "12/4/2023", "year": 2023, "time_precision": 1, "disorder_type": "Political violence", "event_type": "Explosions/Remote violence", "sub_event_type": "Air/drone strike", "actor1": "Military Forces of Israel (2022-)", "assoc_actor_1": null, "inter1": 8, "actor2": "Civilians (Palestine)", "assoc_actor_2": "Refugees/IDPs (Palestine)", "inter2": 7, "interaction": 78, "civilian_targeting": "Civilian targeting", "iso": 275, "region": "Middle East", "country": "Palestine", "admin1": "Gaza Strip", "admin2": "North Gaza", "admin3": null, "location": "Beit Lahiya - Al Mashroo", "latitude": 31.5433, "longitude": 34.4998, "geo_precision": 1, "source": "Newpress; PLO Negotiations Affairs Department; Quds News Network; Twitter", "source_scale": "Other-New media", "notes": "On 4 December 2023, Israeli warplanes struck a school hosting displaced people in Beit Lahiya - Al Mashroo (North Gaza, Gaza Strip). Casualties unknown.", "fatalities": 0, "tags": null, "timestamp": 1753954979 }, "geometry": { "type": "Point", "coordinates": [ 34.4998, 31.5433 ] } },
{ "type": "Feature", "properties": { "event_id_cnty": "PSE42322", "event_date": "12/4/2023", "year": 2023, "time_precision": 1, "disorder_type": "Political violence", "event_type": "Explosions/Remote violence", "sub_event_type": "Air/drone strike", "actor1": "Military Forces of Israel (2022-)", "assoc_actor_1": null, "inter1": 8, "actor2": "Civilians (Palestine)", "assoc_actor_2": "Refugees/IDPs (Palestine)", "inter2": 7, "interaction": 78, "civilian_targeting": "Civilian targeting", "iso": 275, "region": "Middle East", "country": "Palestine", "admin1": "Gaza Strip", "admin2": "North Gaza", "admin3": null, "location": "Jabalya Camp", "latitude": 31.536, "longitude": 34.4907, "geo_precision": 1, "source": "Palestine News and Information Agency; Quds News Network; Twitter", "source_scale": "New media-National", "notes": "On 4 December 2023, Israeli warplanes struck houses in Mukhayyam Jabalya camp (North Gaza, Gaza Strip), leaving dozens of fatalities and injuries among Palestinians. Fatalities coded as 12.", "fatalities": 12, "tags": null, "timestamp": 1753954979 }, "geometry": { "type": "Point", "coordinates": [ 34.4907, 31.536 ] } },
{ "type": "Feature", "properties": { "event_id_cnty": "PSE42297", "event_date": "12/4/2023", "year": 2023, "time_precision": 1, "disorder_type": "Political violence", "event_type": "Explosions/Remote violence", "sub_event_type": "Air/drone strike", "actor1": "Military Forces of Israel (2022-)", "assoc_actor_1": null, "inter1": 8, "actor2": "Civilians (Palestine)", "assoc_actor_2": null, "inter2": 7, "interaction": 78, "civilian_targeting": "Civilian targeting", "iso": 275, "region": "Middle East", "country": "Palestine", "admin1": "Gaza Strip", "admin2": "North Gaza", "admin3": null, "location": "Beit Hanoun", "latitude": 31.5405, "longitude": 34.5402, "geo_precision": 1, "source": "Palestine News and Information Agency; PLO Negotiations Affairs Department", "source_scale": "Other-National", "notes": "On 4 December 2023, Israeli warplanes struck houses in Beit Hanoun (North Gaza, Gaza Strip). Casualties unknown.", "fatalities": 0, "tags": null, "timestamp": 1753954979 }, "geometry": { "type": "Point", "coordinates": [ 34.5402, 31.5405 ] } },
{ "type": "Feature", "properties": { "event_id_cnty": "PSE42324", "event_date": "12/4/2023", "year": 2023, "time_precision": 1, "disorder_type": "Political violence", "event_type": "Explosions/Remote violence", "sub_event_type": "Air/drone strike", "actor1": "Military Forces of Israel (2022-)", "assoc_actor_1": null, "inter1": 8, "actor2": "Civilians (Palestine)", "assoc_actor_2": null, "inter2": 7, "interaction": 78, "civilian_targeting": "Civilian targeting", "iso": 275, "region": "Middle East", "country": "Palestine", "admin1": "Gaza Strip", "admin2": "Rafah", "admin3": null, "location": "Yibna", "latitude": 31.2842, "longitude": 34.2482, "geo_precision": 2, "source": "Newpress; Palestine News and Information Agency; PLO Negotiations Affairs Department; Quds News Network; Twitter", "source_scale": "Other-New media", "notes": "On 4 December 2023, Israeli artillery and tanks shelled targets east of Rafah (coded to Yibna, Gaza Strip). Meanwhile, warplanes struck al-Tannour area east of Rafah, killing 9 persons and injuring dozens.", "fatalities": 9, "tags": null, "timestamp": 1753954979 }, "geometry": { "type": "Point", "coordinates": [ 34.2482, 31.2842 ] } },
{ "type": "Feature", "properties": { "event_id_cnty": "PSE42310", "event_date": "12/4/2023", "year": 2023, "time_precision": 1, "disorder_type": "Political violence", "event_type": "Explosions/Remote violence", "sub_event_type": "Air/drone strike", "actor1": "Military Forces of Israel (2022-)", "assoc_actor_1": null, "inter1": 8, "actor2": "Civilians (Palestine)", "assoc_actor_2": "Muslim Group (Palestine)", "inter2": 7, "interaction": 78, "civilian_targeting": "Civilian targeting", "iso": 275, "region": "Middle East", "country": "Palestine", "admin1": "Gaza Strip", "admin2": "Gaza City", "admin3": null, "location": "Gaza - Az Zaytun", "latitude": 31.4964, "longitude": 34.4522, "geo_precision": 1, "source": "Newpress; Palestine News and Information Agency; Quds News Network; Twitter", "source_scale": "New media-National", "notes": "On 4 December 2023, Israeli warplanes opened fire and struck targets and houses on the outskirts of Al Mamadani Hospital in Gaza - Az Zaytun (Gaza City, Gaza Strip). Also, 5 persons were killed in an airstrike on a mosque, and dozens were killed and injured in a separate airstrike in the al-Nafaq area. Total fatalities coded as 17 (12 unspecified and 5 confirmed).", "fatalities": 17, "tags": null, "timestamp": 1759789988 }, "geometry": { "type": "Point", "coordinates": [ 34.4522, 31.4964 ] } },
{ "type": "Feature", "properties": { "event_id_cnty": "PSE42315", "event_date": "12/4/2023", "year": 2023, "time_precision": 1, "disorder_type": "Political violence", "event_type": "Explosions/Remote violence", "sub_event_type": "Air/drone strike", "actor1": "Military Forces of Israel (2022-)", "assoc_actor_1": null, "inter1": 8, "actor2": "Civilians (Palestine)", "assoc_actor_2": "Health Workers (Palestine)", "inter2": 7, "interaction": 78, "civilian_targeting": "Civilian targeting", "iso": 275, "region": "Middle East", "country": "Palestine", "admin1": "Gaza Strip", "admin2": "North Gaza", "admin3": null, "location": "Jabalya", "latitude": 31.5272, "longitude": 34.4835, "geo_precision": 1, "source": "Palestine News and Information Agency", "source_scale": "National", "notes": "On 4 December 2023, Israeli warplanes carried out airstrikes in Al Falouja and Jabalya (North Gaza, Gaza Strip), killing a Palestinian paramedic.", "fatalities": 1, "tags": null, "timestamp": 1759789988 }, "geometry": { "type": "Point", "coordinates": [ 34.4835, 31.5272 ] } },
{ "type": "Feature", "properties": { "event_id_cnty": "PSE42325", "event_date": "12/4/2023", "year": 2023, "time_precision": 1, "disorder_type": "Political violence", "event_type": "Explosions/Remote violence", "sub_event_type": "Air/drone strike", "actor1": "Military Forces of Israel (2022-)", "assoc_actor_1": null, "inter1": 8, "actor2": "Civilians (Palestine)", "assoc_actor_2": "Journalists (Palestine)", "inter2": 7, "interaction": 78, "civilian_targeting": "Civilian targeting", "iso": 275, "region": "Middle East", "country": "Palestine", "admin1": "Gaza Strip", "admin2": "Rafah", "admin3": null, "location": "Rafah", "latitude": 31.287, "longitude": 34.2595, "geo_precision": 1, "source": "Palestine News and Information Agency; Quds News Network; Twitter", "source_scale": "New media-National", "notes": "On 4 December 2023, Israeli warplanes struck houses in Rafah city (Rafah, Gaza Strip), killing 4 Palestinian including a journalist.", "fatalities": 4, "tags": null, "timestamp": 1762829569 }, "geometry": { "type": "Point", "coordinates": [ 34.2595, 31.287 ] } },
{ "type": "Feature", "properties": { "event_id_cnty": "PSE42330", "event_date": "12/5/2023", "year": 2023, "time_precision": 1, "disorder_type": "Political violence", "event_type": "Explosions/Remote violence", "sub_event_type": "Air/drone strike", "actor1": "Military Forces of Israel (2022-)", "assoc_actor_1": null, "inter1": 8, "actor2": "Civilians (Palestine)", "assoc_actor_2": null, "inter2": 7, "interaction": 78, "civilian_targeting": "Civilian targeting", "iso": 275, "region": "Middle East", "country": "Palestine", "admin1": "Gaza Strip", "admin2": "Khan Yunis", "admin3": null, "location": "Al Mawasi (Khan Yunis)", "latitude": 31.3482, "longitude": 34.2547, "geo_precision": 1, "source": "Palestine News and Information Agency; PLO Negotiations Affairs Department", "source_scale": "Other-National", "notes": "On 5 December 2023, Israeli warplanes struck a house in Al Mawasi (Khan Yunis) - Gaza Strip. Casualties unknown.", "fatalities": 0, "tags": null, "timestamp": 1762829569 }, "geometry": { "type": "Point", "coordinates": [ 34.2547, 31.3482 ] } },
{ "type": "Feature", "properties": { "event_id_cnty": "PSE42335", "event_date": "12/5/2023", "year": 2023, "time_precision": 1, "disorder_type": "Political violence", "event_type": "Explosions/Remote violence", "sub_event_type": "Air/drone strike", "actor1": "Military Forces of Israel (2022-)", "assoc_actor_1": null, "inter1": 8, "actor2": "Civilians (Palestine)", "assoc_actor_2": null, "inter2": 7, "interaction": 78, "civilian_targeting": "Civilian targeting", "iso": 275, "region": "Middle East", "country": "Palestine", "admin1": "Gaza Strip", "admin2": "Khan Yunis", "admin3": null, "location": "Bani Suheila", "latitude": 31.3424, "longitude": 34.325, "geo_precision": 1, "source": "Ma'an News Agency; Quds News Network; Twitter", "source_scale": "New media-National", "notes": "On 5 December 2023, Israeli warplanes carried out airstrikes in Bani Suheila (Khan Yunis, Gaza Strip), killing 8 Palestinians.", "fatalities": 8, "tags": null, "timestamp": 1753954979 }, "geometry": { "type": "Point", "coordinates": [ 34.325, 31.3424 ] } },
{ "type": "Feature", "properties": { "event_id_cnty": "PSE42347", "event_date": "12/5/2023", "year": 2023, "time_precision": 1, "disorder_type": "Political violence", "event_type": "Explosions/Remote violence", "sub_event_type": "Air/drone strike", "actor1": "Military Forces of Israel (2022-)", "assoc_actor_1": null, "inter1": 8, "actor2": "Civilians (Palestine)", "assoc_actor_2": null, "inter2": 7, "interaction": 78, "civilian_targeting": "Civilian targeting", "iso": 275, "region": "Middle East", "country": "Palestine", "admin1": "Gaza Strip", "admin2": "Gaza City", "admin3": null, "location": "Gaza - Ad Darraj", "latitude": 31.5172, "longitude": 34.4642, "geo_precision": 1, "source": "PLO Negotiations Affairs Department; Quds News Network", "source_scale": "Other-National", "notes": "On 5 December 2023, Israeli warplanes struck houses in Gaza - Ad Darraj (Gaza City, Gaza Strip). Casualties unknown.", "fatalities": 0, "tags": null, "timestamp": 1759789988 }, "geometry": { "type": "Point", "coordinates": [ 34.4642, 31.5172 ] } },
{ "type": "Feature", "properties": { "event_id_cnty": "PSE42348", "event_date": "12/5/2023", "year": 2023, "time_precision": 1, "disorder_type": "Political violence", "event_type": "Explosions/Remote violence", "sub_event_type": "Air/drone strike", "actor1": "Military Forces of Israel (2022-)", "assoc_actor_1": null, "inter1": 8, "actor2": "Civilians (Palestine)", "assoc_actor_2": null, "inter2": 7, "interaction": 78, "civilian_targeting": "Civilian targeting", "iso": 275, "region": "Middle East", "country": "Palestine", "admin1": "Gaza Strip", "admin2": "Gaza City", "admin3": null, "location": "Gaza - At Tuffah", "latitude": 31.5134, "longitude": 34.4751, "geo_precision": 1, "source": "PLO Negotiations Affairs Department; Quds News Network", "source_scale": "Other-National", "notes": "On 5 December 2023, Israeli warplanes struck houses in Gaza - At Tuffah (Gaza City, Gaza Strip). Casualties unknown.", "fatalities": 0, "tags": null, "timestamp": 1759789988 }, "geometry": { "type": "Point", "coordinates": [ 34.4751, 31.5134 ] } },
{ "type": "Feature", "properties": { "event_id_cnty": "PSE42351", "event_date": "12/5/2023", "year": 2023, "time_precision": 1, "disorder_type": "Political violence", "event_type": "Explosions/Remote violence", "sub_event_type": "Air/drone strike", "actor1": "Military Forces of Israel (2022-)", "assoc_actor_1": null, "inter1": 8, "actor2": "Civilians (Palestine)", "assoc_actor_2": null, "inter2": 7, "interaction": 78, "civilian_targeting": "Civilian targeting", "iso": 275, "region": "Middle East", "country": "Palestine", "admin1": "Gaza Strip", "admin2": "Gaza City", "admin3": null, "location": "Gaza - Sheikh Radwan", "latitude": 31.5349, "longitude": 34.4667, "geo_precision": 2, "source": "Arab 48; Ma'an News Agency; Palestine News and Information Agency; Quds News Network; Twitter", "source_scale": "New media-National", "notes": "On 5 December 2023, Israeli warplanes struck a residential building south of Gaza - Sheikh Radwan (Gaza City, Gaza Strip), leaving dozens of Palestinian fatalities and injuries. Fatalities coded as 12. Additionally, artillery shelled a target and a house at Al Jalaa street in the area, killing 3 Palestinians. Total fatalities coded as 15.", "fatalities": 15, "tags": null, "timestamp": 1759789988 }, "geometry": { "type": "Point", "coordinates": [ 34.4667, 31.5349 ] } },
{ "type": "Feature", "properties": { "event_id_cnty": "PSE42358", "event_date": "12/5/2023", "year": 2023, "time_precision": 1, "disorder_type": "Political violence", "event_type": "Explosions/Remote violence", "sub_event_type": "Air/drone strike", "actor1": "Military Forces of Israel (2022-)", "assoc_actor_1": null, "inter1": 8, "actor2": "Civilians (Palestine)", "assoc_actor_2": null, "inter2": 7, "interaction": 78, "civilian_targeting": "Civilian targeting", "iso": 275, "region": "Middle East", "country": "Palestine", "admin1": "Gaza Strip", "admin2": "Khan Yunis", "admin3": null, "location": "Khan Yunis", "latitude": 31.3502, "longitude": 34.3081, "geo_precision": 1, "source": "Al-Ittihad; Arab 48; Newpress; Palestine News and Information Agency; Quds News Network; Twitter", "source_scale": "New media-National", "notes": "On 5 December 2023, Israeli warplanes carried out airstrikes and tanks shelled targets in Khan Yunis city and on the outskirts of Naser Hospital in the city (Khan Yunis, Gaza Strip), killing at least 40 Palestinians.", "fatalities": 40, "tags": null, "timestamp": 1753954979 }, "geometry": { "type": "Point", "coordinates": [ 34.3081, 31.3502 ] } },
{ "type": "Feature", "properties": { "event_id_cnty": "PSE42359", "event_date": "12/5/2023", "year": 2023, "time_precision": 1, "disorder_type": "Political violence", "event_type": "Explosions/Remote violence", "sub_event_type": "Air/drone strike", "actor1": "Military Forces of Israel (2022-)", "assoc_actor_1": null, "inter1": 8, "actor2": "Civilians (Palestine)", "assoc_actor_2": null, "inter2": 7, "interaction": 78, "civilian_targeting": "Civilian targeting", "iso": 275, "region": "Middle East", "country": "Palestine", "admin1": "Gaza Strip", "admin2": "Khan Yunis", "admin3": null, "location": "Khan Yunis - Al Amal", "latitude": 31.3544, "longitude": 34.3007, "geo_precision": 1, "source": "Palestine News and Information Agency; PLO Negotiations Affairs Department; Quds News Network; Twitter", "source_scale": "Other-New media", "notes": "On 5 December 2023, Israeli warplanes struck houses in Khan Yunis - Al Amal (Khan Yunis, Gaza Strip). Casualties unknown.", "fatalities": 0, "tags": null, "timestamp": 1753954979 }, "geometry": { "type": "Point", "coordinates": [ 34.3007, 31.3544 ] } },
{ "type": "Feature", "properties": { "event_id_cnty": "PSE42362", "event_date": "12/5/2023", "year": 2023, "time_precision": 1, "disorder_type": "Political violence", "event_type": "Explosions/Remote violence", "sub_event_type": "Air/drone strike", "actor1": "Military Forces of Israel (2022-)", "assoc_actor_1": null, "inter1": 8, "actor2": "Civilians (Palestine)", "assoc_actor_2": "Refugees/IDPs (Palestine)", "inter2": 7, "interaction": 78, "civilian_targeting": "Civilian targeting", "iso": 275, "region": "Middle East", "country": "Palestine", "admin1": "Gaza Strip", "admin2": "Khan Yunis", "admin3": null, "location": "Khan Yunis - West (Municipal Stadium)", "latitude": 31.3484, "longitude": 34.2961, "geo_precision": 2, "source": "Liveuamap; Palestine News and Information Agency; Quds News Network; Twitter", "source_scale": "Local partner-New media", "notes": "On 5 December 2023, Israeli warplanes struck a house in Khan Yunis refugee camp west of Khan Yunis city, Khan Yunis - West (Municipal Stadium) in Gaza Strip, leaving an unspecified number fatalities and injuries. Fatalities coded as 10. Also, another 3 Palestinians were killed by airstrikes. Total fatalities coded as 13.", "fatalities": 13, "tags": null, "timestamp": 1753954979 }, "geometry": { "type": "Point", "coordinates": [ 34.2961, 31.3484 ] } },
{ "type": "Feature", "properties": { "event_id_cnty": "PSE42334", "event_date": "12/5/2023", "year": 2023, "time_precision": 1, "disorder_type": "Political violence", "event_type": "Explosions/Remote violence", "sub_event_type": "Air/drone strike", "actor1": "Military Forces of Israel (2022-)", "assoc_actor_1": null, "inter1": 8, "actor2": "Civilians (Palestine)", "assoc_actor_2": "Muslim Group (Palestine); Refugees/IDPs (Palestine)", "inter2": 7, "interaction": 78, "civilian_targeting": "Civilian targeting", "iso": 275, "region": "Middle East", "country": "Palestine", "admin1": "Gaza Strip", "admin2": "Deir El Balah", "admin3": null, "location": "An Nusayrat", "latitude": 31.4486, "longitude": 34.3925, "geo_precision": 1, "source": "Al-Ittihad; Ma'an News Agency; Newpress; Palestine News and Information Agency; Quds News Network; Twitter", "source_scale": "New media-National", "notes": "On 5 December 2023, Israeli warplanes struck houses and the Al Jamiya Al Islamiya mosque in An Nusayrat refugee camp (Deir El Balah, Gaza Strip), killing 10 Palestinians and injuring several of others. Also another 10 persons were killed in an airstrike on the house of Abu Hasnah family. Total fatalities coded as 20.", "fatalities": 20, "tags": null, "timestamp": 1753954979 }, "geometry": { "type": "Point", "coordinates": [ 34.3925, 31.4486 ] } },
{ "type": "Feature", "properties": { "event_id_cnty": "PSE42344", "event_date": "12/5/2023", "year": 2023, "time_precision": 1, "disorder_type": "Political violence", "event_type": "Explosions/Remote violence", "sub_event_type": "Air/drone strike", "actor1": "Military Forces of Israel (2022-)", "assoc_actor_1": null, "inter1": 8, "actor2": "Civilians (Palestine)", "assoc_actor_2": "Refugees/IDPs (Palestine)", "inter2": 7, "interaction": 78, "civilian_targeting": "Civilian targeting", "iso": 275, "region": "Middle East", "country": "Palestine", "admin1": "Gaza Strip", "admin2": "Deir El Balah", "admin3": null, "location": "Deir al Balah", "latitude": 31.4178, "longitude": 34.3503, "geo_precision": 1, "source": "Liveuamap; Ma'an News Agency; Newpress; Palestine News and Information Agency; Quds News Network; Twitter", "source_scale": "Local partner-New media", "notes": "On 5 December 2023, Israeli warplanes struck the Abu Mesbih house hosting displaced people in Deir al Balah city (Deir El Balah, Gaza Strip), killing at least 45 Palestinians and injuring dozens of others. Also, tanks and artillery shelled targets in the area.", "fatalities": 45, "tags": null, "timestamp": 1753954979 }, "geometry": { "type": "Point", "coordinates": [ 34.3503, 31.4178 ] } },
{ "type": "Feature", "properties": { "event_id_cnty": "PSE42350", "event_date": "12/5/2023", "year": 2023, "time_precision": 1, "disorder_type": "Political violence", "event_type": "Explosions/Remote violence", "sub_event_type": "Air/drone strike", "actor1": "Military Forces of Israel (2022-)", "assoc_actor_1": null, "inter1": 8, "actor2": "Civilians (Palestine)", "assoc_actor_2": null, "inter2": 7, "interaction": 78, "civilian_targeting": "Civilian targeting", "iso": 275, "region": "Middle East", "country": "Palestine", "admin1": "Gaza Strip", "admin2": "Gaza City", "admin3": null, "location": "Gaza - Sabra", "latitude": 31.5086, "longitude": 34.4493, "geo_precision": 1, "source": "Newpress; PLO Negotiations Affairs Department; Quds News Network; Twitter", "source_scale": "Other-New media", "notes": "On 5 December 2023, Israeli warplanes struck a house in Gaza - Sabra (Gaza City, Gaza Strip), causing a number of injuries.", "fatalities": 0, "tags": null, "timestamp": 1759789988 }, "geometry": { "type": "Point", "coordinates": [ 34.4493, 31.5086 ] } },
{ "type": "Feature", "properties": { "event_id_cnty": "PSE42363", "event_date": "12/5/2023", "year": 2023, "time_precision": 1, "disorder_type": "Political violence", "event_type": "Explosions/Remote violence", "sub_event_type": "Air/drone strike", "actor1": "Military Forces of Israel (2022-)", "assoc_actor_1": null, "inter1": 8, "actor2": "Civilians (Palestine)", "assoc_actor_2": null, "inter2": 7, "interaction": 78, "civilian_targeting": "Civilian targeting", "iso": 275, "region": "Middle East", "country": "Palestine", "admin1": "Gaza Strip", "admin2": "Rafah", "admin3": null, "location": "Tal as Sultan", "latitude": 31.3098, "longitude": 34.2414, "geo_precision": 2, "source": "Palestine News and Information Agency; PLO Negotiations Affairs Department", "source_scale": "Other-National", "notes": "On 5 December 2023, Israeli warplanes struck a house west of Rafah, coded to Tal as Sultan (Rafah, Gaza Strip). Casualties unknown.", "fatalities": 0, "tags": null, "timestamp": 1762829569 }, "geometry": { "type": "Point", "coordinates": [ 34.2414, 31.3098 ] } },
{ "type": "Feature", "properties": { "event_id_cnty": "PSE42364", "event_date": "12/5/2023", "year": 2023, "time_precision": 1, "disorder_type": "Political violence", "event_type": "Explosions/Remote violence", "sub_event_type": "Shelling/artillery/missile attack", "actor1": "Military Forces of Israel (2022-)", "assoc_actor_1": null, "inter1": 8, "actor2": "Civilians (Palestine)", "assoc_actor_2": "Refugees/IDPs (Palestine)", "inter2": 7, "interaction": 78, "civilian_targeting": "Civilian targeting", "iso": 275, "region": "Middle East", "country": "Palestine", "admin1": "Gaza Strip", "admin2": "North Gaza", "admin3": null, "location": "Jabalya Camp", "latitude": 31.536, "longitude": 34.4907, "geo_precision": 1, "source": "Palestine News and Information Agency; PLO Negotiations Affairs Department", "source_scale": "Other-National", "notes": "On 5 December 2023, Israeli artillery struck houses and targets in Mukhayyam Jabalya camp (North Gaza, Gaza Strip). Casualties unknown.", "fatalities": 0, "tags": null, "timestamp": 1753954979 }, "geometry": { "type": "Point", "coordinates": [ 34.4907, 31.536 ] } },
{ "type": "Feature", "properties": { "event_id_cnty": "PSE42352", "event_date": "12/5/2023", "year": 2023, "time_precision": 1, "disorder_type": "Political violence", "event_type": "Explosions/Remote violence", "sub_event_type": "Air/drone strike", "actor1": "Military Forces of Israel (2022-)", "assoc_actor_1": null, "inter1": 8, "actor2": "Civilians (Palestine)", "assoc_actor_2": null, "inter2": 7, "interaction": 78, "civilian_targeting": "Civilian targeting", "iso": 275, "region": "Middle East", "country": "Palestine", "admin1": "Gaza Strip", "admin2": "Gaza City", "admin3": null, "location": "Gaza - Shujaiyya", "latitude": 31.4988, "longitude": 34.4699, "geo_precision": 1, "source": "Ma'an News Agency; Palestine News and Information Agency; Palestinian Ministry of Health; Quds News Network", "source_scale": "Other-National", "notes": "On 5 December 2023, Israeli warplanes struck houses in Gaza - Shujaiyya (Gaza City, Gaza Strip), leaving an unspecified number of fatalities and injuries among Palestinians. Also, in another airstrike an unspecified number of fatalities among Palestinians was reported. [Palestinian Ministry of Health reported 17177 fatalities between 7 October - 6 December 2023. 596 fatalities not attributed to specific events split across 6 events between 4-6 December. 99 fatalities coded to this event.]", "fatalities": 99, "tags": null, "timestamp": 1759789988 }, "geometry": { "type": "Point", "coordinates": [ 34.4699, 31.4988 ] } },
{ "type": "Feature", "properties": { "event_id_cnty": "PSE42448", "event_date": "12/5/2023", "year": 2023, "time_precision": 1, "disorder_type": "Political violence", "event_type": "Explosions/Remote violence", "sub_event_type": "Air/drone strike", "actor1": "Military Forces of Israel (2022-)", "assoc_actor_1": null, "inter1": 8, "actor2": "Civilians (Palestine)", "assoc_actor_2": "Refugees/IDPs (Palestine)", "inter2": 7, "interaction": 78, "civilian_targeting": "Civilian targeting", "iso": 275, "region": "Middle East", "country": "Palestine", "admin1": "Gaza Strip", "admin2": "Khan Yunis", "admin3": null, "location": "Khan Yunis - Maen", "latitude": 31.336, "longitude": 34.3172, "geo_precision": 1, "source": "Ma'an News Agency; Palestine News and Information Agency; Palestinian Ministry of Health", "source_scale": "Other-National", "notes": "On 5 December 2023, Israeli warplanes struck houses and a school hosting displaced people in Khan Yunis - Maen (Khan Yunis, Gaza Strip), leaving an unspecified number fatalities and injuries among Palestinians. [Palestinian Ministry of Health reported 17177 fatalities between 7 October - 6 December 2023. 596 fatalities not attributed to specific events split across 6 events between 4-6 December. 99 fatalities coded to this event.]", "fatalities": 99, "tags": null, "timestamp": 1753954979 }, "geometry": { "type": "Point", "coordinates": [ 34.3172, 31.336 ] } },
{ "type": "Feature", "properties": { "event_id_cnty": "PSE42456", "event_date": "12/5/2023", "year": 2023, "time_precision": 1, "disorder_type": "Political violence", "event_type": "Explosions/Remote violence", "sub_event_type": "Air/drone strike", "actor1": "Military Forces of Israel (2022-)", "assoc_actor_1": null, "inter1": 8, "actor2": "Civilians (Palestine)", "assoc_actor_2": "Refugees/IDPs (Palestine)", "inter2": 7, "interaction": 78, "civilian_targeting": "Civilian targeting", "iso": 275, "region": "Middle East", "country": "Palestine", "admin1": "Gaza Strip", "admin2": "Deir El Balah", "admin3": null, "location": "Al Maghazi", "latitude": 31.4214, "longitude": 34.3865, "geo_precision": 1, "source": "Ma'an News Agency; Palestinian Ministry of Health", "source_scale": "Other-National", "notes": "On 5 December 2023, Israeli warplanes carried out airstrikes in Al Maghazi refugee camp (Deir El Balah, Gaza Strip), leaving an unspecified number of fatalities. [Palestinian Ministry of Health reported 17177 fatalities between 7 October - 6 December 2023. 596 fatalities not attributed to specific events split across 6 events between 4-6 December. 99 fatalities coded to this event.]", "fatalities": 99, "tags": null, "timestamp": 1753954979 }, "geometry": { "type": "Point", "coordinates": [ 34.3865, 31.4214 ] } },
{ "type": "Feature", "properties": { "event_id_cnty": "PSE42457", "event_date": "12/5/2023", "year": 2023, "time_precision": 1, "disorder_type": "Political violence", "event_type": "Explosions/Remote violence", "sub_event_type": "Air/drone strike", "actor1": "Military Forces of Israel (2022-)", "assoc_actor_1": null, "inter1": 8, "actor2": "Civilians (Palestine)", "assoc_actor_2": "Refugees/IDPs (Palestine)", "inter2": 7, "interaction": 78, "civilian_targeting": "Civilian targeting", "iso": 275, "region": "Middle East", "country": "Palestine", "admin1": "Gaza Strip", "admin2": "Deir El Balah", "admin3": null, "location": "Al Burayj", "latitude": 31.4394, "longitude": 34.4031, "geo_precision": 1, "source": "Ma'an News Agency; Palestinian Ministry of Health", "source_scale": "Other-National", "notes": "On 5 December 2023, Israeli warplanes carried out airstrikes in Al Burayj refugee camp (Deir El Balah, Gaza Strip), leaving an unspecified number of fatalities. [Palestinian Ministry of Health reported 17177 fatalities between 7 October - 6 December 2023. 596 fatalities not attributed to specific events split across 6 events between 4-6 December. 99 fatalities coded to this event.]", "fatalities": 99, "tags": null, "timestamp": 1753954979 }, "geometry": { "type": "Point", "coordinates": [ 34.4031, 31.4394 ] } },
{ "type": "Feature", "properties": { "event_id_cnty": "PSE42467", "event_date": "12/5/2023", "year": 2023, "time_precision": 1, "disorder_type": "Political violence", "event_type": "Explosions/Remote violence", "sub_event_type": "Air/drone strike", "actor1": "Military Forces of Israel (2022-)", "assoc_actor_1": null, "inter1": 8, "actor2": "Civilians (Palestine)", "assoc_actor_2": null, "inter2": 7, "interaction": 78, "civilian_targeting": "Civilian targeting", "iso": 275, "region": "Middle East", "country": "Palestine", "admin1": "Gaza Strip", "admin2": "Khan Yunis", "admin3": null, "location": "Khan Yunis - As Sater", "latitude": 31.3637, "longitude": 34.3228, "geo_precision": 1, "source": "Palestinian Ministry of Health; Quds News Network", "source_scale": "Other-National", "notes": "On 5 December 2023, Israeli warplanes struck houses in Khan Yunis - As Sater (Khan Yunis, Gaza Strip), leaving an unspecified number of fatalities. [Palestinian Ministry of Health reported 17177 fatalities between 7 October - 6 December 2023. 596 fatalities not attributed to specific events split across 6 events between 4-6 December. 100 fatalities coded to this event.]", "fatalities": 100, "tags": null, "timestamp": 1753954979 }, "geometry": { "type": "Point", "coordinates": [ 34.3228, 31.3637 ] } },
{ "type": "Feature", "properties": { "event_id_cnty": "PSE42331", "event_date": "12/5/2023", "year": 2023, "time_precision": 1, "disorder_type": "Political violence", "event_type": "Explosions/Remote violence", "sub_event_type": "Air/drone strike", "actor1": "Military Forces of Israel (2022-)", "assoc_actor_1": null, "inter1": 8, "actor2": "Civilians (Palestine)", "assoc_actor_2": null, "inter2": 7, "interaction": 78, "civilian_targeting": "Civilian targeting", "iso": 275, "region": "Middle East", "country": "Palestine", "admin1": "Gaza Strip", "admin2": "Gaza City", "admin3": null, "location": "Al Mughraqa", "latitude": 31.4675, "longitude": 34.4097, "geo_precision": 1, "source": "Palestine News and Information Agency; PLO Negotiations Affairs Department", "source_scale": "Other-National", "notes": "On 5 December 2023, Israeli warplanes struck houses in Al Mughraqa (Gaza City, Gaza Strip). Casualties unknown.", "fatalities": 0, "tags": null, "timestamp": 1753954979 }, "geometry": { "type": "Point", "coordinates": [ 34.4097, 31.4675 ] } },
{ "type": "Feature", "properties": { "event_id_cnty": "PSE42349", "event_date": "12/5/2023", "year": 2023, "time_precision": 1, "disorder_type": "Political violence", "event_type": "Explosions/Remote violence", "sub_event_type": "Air/drone strike", "actor1": "Military Forces of Israel (2022-)", "assoc_actor_1": null, "inter1": 8, "actor2": "Civilians (Palestine)", "assoc_actor_2": null, "inter2": 7, "interaction": 78, "civilian_targeting": "Civilian targeting", "iso": 275, "region": "Middle East", "country": "Palestine", "admin1": "Gaza Strip", "admin2": "Gaza City", "admin3": null, "location": "Gaza - Az Zaytun", "latitude": 31.4964, "longitude": 34.4522, "geo_precision": 1, "source": "Quds News Network", "source_scale": "National", "notes": "On 5 December 2023, Israeli artillery and warplanes struck a house in Gaza - Az Zaytun (Gaza City, Gaza Strip), leaving dozens of fatalities and injuries among Palestinians. Fatalities coded as 12.", "fatalities": 12, "tags": null, "timestamp": 1759789988 }, "geometry": { "type": "Point", "coordinates": [ 34.4522, 31.4964 ] } },
{ "type": "Feature", "properties": { "event_id_cnty": "PSE42355", "event_date": "12/5/2023", "year": 2023, "time_precision": 1, "disorder_type": "Political violence", "event_type": "Explosions/Remote violence", "sub_event_type": "Air/drone strike", "actor1": "Military Forces of Israel (2022-)", "assoc_actor_1": null, "inter1": 8, "actor2": "Civilians (Palestine)", "assoc_actor_2": "Refugees/IDPs (Palestine)", "inter2": 7, "interaction": 78, "civilian_targeting": "Civilian targeting", "iso": 275, "region": "Middle East", "country": "Palestine", "admin1": "Gaza Strip", "admin2": "North Gaza", "admin3": null, "location": "Jabalya", "latitude": 31.5272, "longitude": 34.4835, "geo_precision": 1, "source": "Liveuamap; Ma'an News Agency; Newpress; Palestine News and Information Agency; Quds News Network; Twitter", "source_scale": "Local partner-New media", "notes": "On 5 December 2023, Israeli warplanes struck the Hafsa school hosting displaced people in Jabalya refugee camp (North Gaza, Gaza Strip), injuring several Palestinians. In addition, airplanes struck houses and fired white phosphorus bombs in Jabalya, killing at least 15 persons. HRW and Amnesty International have accused Israel of using white phosphorous bombs.", "fatalities": 15, "tags": null, "timestamp": 1759789988 }, "geometry": { "type": "Point", "coordinates": [ 34.4835, 31.5272 ] } },
{ "type": "Feature", "properties": { "event_id_cnty": "PSE42361", "event_date": "12/5/2023", "year": 2023, "time_precision": 1, "disorder_type": "Political violence", "event_type": "Explosions/Remote violence", "sub_event_type": "Air/drone strike", "actor1": "Military Forces of Israel (2022-)", "assoc_actor_1": null, "inter1": 8, "actor2": "Civilians (Palestine)", "assoc_actor_2": "Muslim Group (Palestine)", "inter2": 7, "interaction": 78, "civilian_targeting": "Civilian targeting", "iso": 275, "region": "Middle East", "country": "Palestine", "admin1": "Gaza Strip", "admin2": "Khan Yunis", "admin3": null, "location": "Khan Yunis - As-Sameen", "latitude": 31.3369, "longitude": 34.2925, "geo_precision": 1, "source": "Palestine News and Information Agency; PLO Negotiations Affairs Department", "source_scale": "Other-National", "notes": "On 5 December 2023, Israeli warplanes struck a mosque in Khan Yunis - As-Sameen (Khan Yunis, Gaza Strip). Casualties unknown.", "fatalities": 0, "tags": null, "timestamp": 1753954979 }, "geometry": { "type": "Point", "coordinates": [ 34.2925, 31.3369 ] } },
{ "type": "Feature", "properties": { "event_id_cnty": "PSE42368", "event_date": "12/5/2023", "year": 2023, "time_precision": 1, "disorder_type": "Political violence", "event_type": "Explosions/Remote violence", "sub_event_type": "Air/drone strike", "actor1": "Military Forces of Israel (2022-)", "assoc_actor_1": null, "inter1": 8, "actor2": "Civilians (Palestine)", "assoc_actor_2": null, "inter2": 7, "interaction": 78, "civilian_targeting": "Civilian targeting", "iso": 275, "region": "Middle East", "country": "Palestine", "admin1": "Gaza Strip", "admin2": "Rafah", "admin3": null, "location": "Rafah", "latitude": 31.287, "longitude": 34.2595, "geo_precision": 1, "source": "Ma'an News Agency; Palestine News and Information Agency", "source_scale": "National", "notes": "On 5 December 2023, Israeli warplanes struck a house in Rafah city (Rafah, Gaza Strip), killing 2 children. Also, other airstrikes killed an unspecified number of fatalities. Total fatalities coded as 12 (10 presumed and 2 confirmed).", "fatalities": 12, "tags": null, "timestamp": 1762829569 }, "geometry": { "type": "Point", "coordinates": [ 34.2595, 31.287 ] } },
{ "type": "Feature", "properties": { "event_id_cnty": "PSE42371", "event_date": "12/6/2023", "year": 2023, "time_precision": 1, "disorder_type": "Political violence", "event_type": "Explosions/Remote violence", "sub_event_type": "Air/drone strike", "actor1": "Military Forces of Israel (2022-)", "assoc_actor_1": null, "inter1": 8, "actor2": "Civilians (Palestine)", "assoc_actor_2": null, "inter2": 7, "interaction": 78, "civilian_targeting": "Civilian targeting", "iso": 275, "region": "Middle East", "country": "Palestine", "admin1": "Gaza Strip", "admin2": "Khan Yunis", "admin3": null, "location": "Al Fukhari", "latitude": 31.2952, "longitude": 34.3332, "geo_precision": 1, "source": "Al-Ittihad; Newpress; Palestine News and Information Agency; Quds News Network; Twitter", "source_scale": "New media-National", "notes": "On 6 December 2023, Israeli warplanes struck houses and artillery shelled targets in Al Fukhari and near the European Hospital (Khan Yunis, Gaza Strip). Casualties unknown.", "fatalities": 0, "tags": null, "timestamp": 1753954979 }, "geometry": { "type": "Point", "coordinates": [ 34.3332, 31.2952 ] } },
{ "type": "Feature", "properties": { "event_id_cnty": "PSE42387", "event_date": "12/6/2023", "year": 2023, "time_precision": 1, "disorder_type": "Political violence", "event_type": "Explosions/Remote violence", "sub_event_type": "Air/drone strike", "actor1": "Military Forces of Israel (2022-)", "assoc_actor_1": null, "inter1": 8, "actor2": "Civilians (Palestine)", "assoc_actor_2": null, "inter2": 7, "interaction": 78, "civilian_targeting": "Civilian targeting", "iso": 275, "region": "Middle East", "country": "Palestine", "admin1": "Gaza Strip", "admin2": "Gaza City", "admin3": null, "location": "Gaza - Ad Darraj", "latitude": 31.5172, "longitude": 34.4642, "geo_precision": 1, "source": "Al-Ittihad; Newpress; Palestine News and Information Agency; Quds News Network; Twitter", "source_scale": "New media-National", "notes": "On 6 December 2023, Israeli warplanes carried out airstrikes and artillery shelled targets in al-Shabiya junction of Gaza - Ad Darraj (Gaza City, Gaza Strip), leaving dozens of fatalities and injuries. Fatalities coded as 12.", "fatalities": 12, "tags": null, "timestamp": 1759789988 }, "geometry": { "type": "Point", "coordinates": [ 34.4642, 31.5172 ] } },
{ "type": "Feature", "properties": { "event_id_cnty": "PSE42399", "event_date": "12/6/2023", "year": 2023, "time_precision": 1, "disorder_type": "Political violence", "event_type": "Explosions/Remote violence", "sub_event_type": "Air/drone strike", "actor1": "Military Forces of Israel (2022-)", "assoc_actor_1": null, "inter1": 8, "actor2": "Civilians (Palestine)", "assoc_actor_2": null, "inter2": 7, "interaction": 78, "civilian_targeting": "Civilian targeting", "iso": 275, "region": "Middle East", "country": "Palestine", "admin1": "Gaza Strip", "admin2": "Khan Yunis", "admin3": null, "location": "Khan Yunis - Emirati", "latitude": 31.3624, "longitude": 34.2949, "geo_precision": 2, "source": "Quds News Network; Twitter", "source_scale": "New media-National", "notes": "On 6 December 2023, Israeli warplanes struck a house in Asdaa area northwest of Khan Yunis (coded to Khan Yunis - Emirati, Gaza Strip), injuring 10 Palestinians.", "fatalities": 0, "tags": null, "timestamp": 1753954979 }, "geometry": { "type": "Point", "coordinates": [ 34.2949, 31.3624 ] } },
{ "type": "Feature", "properties": { "event_id_cnty": "PSE42400", "event_date": "12/6/2023", "year": 2023, "time_precision": 1, "disorder_type": "Political violence", "event_type": "Explosions/Remote violence", "sub_event_type": "Air/drone strike", "actor1": "Military Forces of Israel (2022-)", "assoc_actor_1": null, "inter1": 8, "actor2": "Civilians (Palestine)", "assoc_actor_2": null, "inter2": 7, "interaction": 78, "civilian_targeting": "Civilian targeting", "iso": 275, "region": "Middle East", "country": "Palestine", "admin1": "Gaza Strip", "admin2": "Khan Yunis", "admin3": null, "location": "Khan Yunis - City Centre", "latitude": 31.3419, "longitude": 34.3015, "geo_precision": 1, "source": "Ma'an News Agency; Newpress; Palestine News and Information Agency; Twitter", "source_scale": "New media-National", "notes": "On 6 December 2023, Israeli warplanes struck houses in Khan Yunis - City Centre (Khan Yunis, Gaza Strip), leaving dozens of fatalities and injuries among Palestinians. Fatalities coded as 12.", "fatalities": 12, "tags": null, "timestamp": 1753954979 }, "geometry": { "type": "Point", "coordinates": [ 34.3015, 31.3419 ] } },
{ "type": "Feature", "properties": { "event_id_cnty": "PSE42402", "event_date": "12/6/2023", "year": 2023, "time_precision": 1, "disorder_type": "Political violence", "event_type": "Explosions/Remote violence", "sub_event_type": "Air/drone strike", "actor1": "Military Forces of Israel (2022-)", "assoc_actor_1": null, "inter1": 8, "actor2": "Civilians (Palestine)", "assoc_actor_2": "Refugees/IDPs (Palestine)", "inter2": 7, "interaction": 78, "civilian_targeting": "Civilian targeting", "iso": 275, "region": "Middle East", "country": "Palestine", "admin1": "Gaza Strip", "admin2": "Khan Yunis", "admin3": null, "location": "Khan Yunis - West (Municipal Stadium)", "latitude": 31.3484, "longitude": 34.2961, "geo_precision": 1, "source": "Al-Ittihad; Newpress; Palestine News and Information Agency; Quds News Network; Twitter", "source_scale": "New media-National", "notes": "On 6 December 2023, Israeli warplanes struck a house in Khan Yunis refugee camp west of Khan Yunis city, Khan Yunis - West (Municipal Stadium) in Gaza Strip, killing 3 Palestinians and injuring several of others.", "fatalities": 3, "tags": null, "timestamp": 1753954979 }, "geometry": { "type": "Point", "coordinates": [ 34.2961, 31.3484 ] } },
{ "type": "Feature", "properties": { "event_id_cnty": "PSE42516", "event_date": "12/6/2023", "year": 2023, "time_precision": 1, "disorder_type": "Political violence", "event_type": "Explosions/Remote violence", "sub_event_type": "Air/drone strike", "actor1": "Military Forces of Israel (2022-)", "assoc_actor_1": null, "inter1": 8, "actor2": "Civilians (Palestine)", "assoc_actor_2": "Refugees/IDPs (Palestine)", "inter2": 7, "interaction": 78, "civilian_targeting": "Civilian targeting", "iso": 275, "region": "Middle East", "country": "Palestine", "admin1": "Gaza Strip", "admin2": "Khan Yunis", "admin3": null, "location": "Bani Suheila", "latitude": 31.3424, "longitude": 34.325, "geo_precision": 1, "source": "Quds News Network; Twitter", "source_scale": "New media-National", "notes": "On 6 December 2023, Israeli artillery struck the Malak school hosting displaced people in Bani Suheila (Khan Yunis, Gaza Strip), injuring 3 Palestinians and killing a child. Also, an unspecified number of Palestinians were killed by Israeli airstrikes. Total fatalities coded as 11.", "fatalities": 11, "tags": null, "timestamp": 1753954979 }, "geometry": { "type": "Point", "coordinates": [ 34.325, 31.3424 ] } },
{ "type": "Feature", "properties": { "event_id_cnty": "PSE42519", "event_date": "12/6/2023", "year": 2023, "time_precision": 1, "disorder_type": "Political violence", "event_type": "Explosions/Remote violence", "sub_event_type": "Air/drone strike", "actor1": "Military Forces of Israel (2022-)", "assoc_actor_1": null, "inter1": 8, "actor2": "Civilians (Palestine)", "assoc_actor_2": "Refugees/IDPs (Palestine)", "inter2": 7, "interaction": 78, "civilian_targeting": "Civilian targeting", "iso": 275, "region": "Middle East", "country": "Palestine", "admin1": "Gaza Strip", "admin2": "Gaza City", "admin3": null, "location": "Gaza - Northern Remal", "latitude": 31.524, "longitude": 34.4505, "geo_precision": 1, "source": "Quds News Network; Twitter", "source_scale": "New media-National", "notes": "On 6 December 2023, Israeli drones opened fire at displaced Palestinians in Gaza - Northern Remal (Gaza City, Gaza Strip), causing injuries to unknown number of people.", "fatalities": 0, "tags": null, "timestamp": 1759789988 }, "geometry": { "type": "Point", "coordinates": [ 34.4505, 31.524 ] } },
{ "type": "Feature", "properties": { "event_id_cnty": "PSE42370", "event_date": "12/6/2023", "year": 2023, "time_precision": 1, "disorder_type": "Political violence", "event_type": "Explosions/Remote violence", "sub_event_type": "Air/drone strike", "actor1": "Military Forces of Israel (2022-)", "assoc_actor_1": null, "inter1": 8, "actor2": "Civilians (Palestine)", "assoc_actor_2": "Refugees/IDPs (Palestine)", "inter2": 7, "interaction": 78, "civilian_targeting": "Civilian targeting", "iso": 275, "region": "Middle East", "country": "Palestine", "admin1": "Gaza Strip", "admin2": "Deir El Balah", "admin3": null, "location": "Al Burayj", "latitude": 31.4394, "longitude": 34.4031, "geo_precision": 1, "source": "Quds News Network; Twitter", "source_scale": "New media-National", "notes": "On 6 December 2023, Israeli warplanes struck a house in Al Burayj refugee camp (Deir El Balah, Gaza Strip). Casualties unknown.", "fatalities": 0, "tags": null, "timestamp": 1753954979 }, "geometry": { "type": "Point", "coordinates": [ 34.4031, 31.4394 ] } },
{ "type": "Feature", "properties": { "event_id_cnty": "PSE42375", "event_date": "12/6/2023", "year": 2023, "time_precision": 1, "disorder_type": "Political violence", "event_type": "Explosions/Remote violence", "sub_event_type": "Air/drone strike", "actor1": "Military Forces of Israel (2022-)", "assoc_actor_1": null, "inter1": 8, "actor2": "Civilians (Palestine)", "assoc_actor_2": "Refugees/IDPs (Palestine)", "inter2": 7, "interaction": 78, "civilian_targeting": "Civilian targeting", "iso": 275, "region": "Middle East", "country": "Palestine", "admin1": "Gaza Strip", "admin2": "Deir El Balah", "admin3": null, "location": "Al Maghazi", "latitude": 31.4214, "longitude": 34.3865, "geo_precision": 1, "source": "Al Ghad (Jordan); Quds News Network; Twitter", "source_scale": "New media-National", "notes": "On 6 December 2023, Israeli warplanes struck a house in Al Maghazi refugee camp (Deir El Balah, Gaza Strip), killing 17 Palestinians and injuring several of others.", "fatalities": 17, "tags": null, "timestamp": 1753954979 }, "geometry": { "type": "Point", "coordinates": [ 34.3865, 31.4214 ] } },
{ "type": "Feature", "properties": { "event_id_cnty": "PSE42376", "event_date": "12/6/2023", "year": 2023, "time_precision": 1, "disorder_type": "Political violence", "event_type": "Explosions/Remote violence", "sub_event_type": "Air/drone strike", "actor1": "Military Forces of Israel (2022-)", "assoc_actor_1": null, "inter1": 8, "actor2": "Civilians (Palestine)", "assoc_actor_2": "Refugees/IDPs (Palestine)", "inter2": 7, "interaction": 78, "civilian_targeting": "Civilian targeting", "iso": 275, "region": "Middle East", "country": "Palestine", "admin1": "Gaza Strip", "admin2": "Deir El Balah", "admin3": null, "location": "An Nusayrat", "latitude": 31.4486, "longitude": 34.3925, "geo_precision": 1, "source": "Al-Ittihad; Liveuamap; Palestine News and Information Agency; Quds News Network; Twitter", "source_scale": "Local partner-New media", "notes": "On 6 December 2023, Israeli warplanes struck houses in An Nusayrat refugee camp (Deir El Balah, Gaza Strip), killing 6 Palestinians and injuring several of others. Meanwhile artillery shelled 2 buildings in the area. Also, an unspecified number of Palestinians were killed and injured in an airstrike on Abu Khubizah house. Total fatalities coded as 16.", "fatalities": 16, "tags": null, "timestamp": 1753954979 }, "geometry": { "type": "Point", "coordinates": [ 34.3925, 31.4486 ] } },
{ "type": "Feature", "properties": { "event_id_cnty": "PSE42385", "event_date": "12/6/2023", "year": 2023, "time_precision": 1, "disorder_type": "Political violence", "event_type": "Explosions/Remote violence", "sub_event_type": "Air/drone strike", "actor1": "Military Forces of Israel (2022-)", "assoc_actor_1": null, "inter1": 8, "actor2": "Civilians (Palestine)", "assoc_actor_2": null, "inter2": 7, "interaction": 78, "civilian_targeting": "Civilian targeting", "iso": 275, "region": "Middle East", "country": "Palestine", "admin1": "Gaza Strip", "admin2": "Deir El Balah", "admin3": null, "location": "Wadi as Salqa", "latitude": 31.4005, "longitude": 34.3375, "geo_precision": 2, "source": "Quds News Network; Twitter", "source_scale": "New media-National", "notes": "On 6 December 2023, Israeli warplanes targeted a house in al-Barak street south of Deir al Balah (coded as Wadi as Salqa, Gaza Strip). Casualties unknown.", "fatalities": 0, "tags": null, "timestamp": 1753954979 }, "geometry": { "type": "Point", "coordinates": [ 34.3375, 31.4005 ] } },
{ "type": "Feature", "properties": { "event_id_cnty": "PSE42377", "event_date": "12/6/2023", "year": 2023, "time_precision": 1, "disorder_type": "Political violence", "event_type": "Explosions/Remote violence", "sub_event_type": "Air/drone strike", "actor1": "Military Forces of Israel (2022-)", "assoc_actor_1": null, "inter1": 8, "actor2": "Civilians (Palestine)", "assoc_actor_2": "Refugees/IDPs (Palestine)", "inter2": 7, "interaction": 78, "civilian_targeting": "Civilian targeting", "iso": 275, "region": "Middle East", "country": "Palestine", "admin1": "Gaza Strip", "admin2": "North Gaza", "admin3": null, "location": "Beit Lahiya", "latitude": 31.5541, "longitude": 34.5016, "geo_precision": 1, "source": "Ma'an News Agency; Newpress; Palestine News and Information Agency; Quds News Network; Twitter", "source_scale": "New media-National", "notes": "On 6 December 2023, Israeli warplanes carried out airstrikes on the outskirts of Kamal Odwan Hospital. Israeli artillery also struck houses near the Awni al-Harthi School hosting displaced people in Beit Lahiya (North Gaza, Gaza Strip). Casualties unknown.", "fatalities": 0, "tags": null, "timestamp": 1753954979 }, "geometry": { "type": "Point", "coordinates": [ 34.5016, 31.5541 ] } },
{ "type": "Feature", "properties": { "event_id_cnty": "PSE42390", "event_date": "12/6/2023", "year": 2023, "time_precision": 1, "disorder_type": "Political violence", "event_type": "Explosions/Remote violence", "sub_event_type": "Shelling/artillery/missile attack", "actor1": "Military Forces of Israel (2022-)", "assoc_actor_1": null, "inter1": 8, "actor2": "Civilians (Palestine)", "assoc_actor_2": null, "inter2": 7, "interaction": 78, "civilian_targeting": "Civilian targeting", "iso": 275, "region": "Middle East", "country": "Palestine", "admin1": "Gaza Strip", "admin2": "Gaza City", "admin3": null, "location": "Gaza - Sabra", "latitude": 31.5086, "longitude": 34.4493, "geo_precision": 1, "source": "Quds News Network; Twitter", "source_scale": "New media-National", "notes": "On 6 December 2023, Israeli artillery shelled targets and a house in Gaza - Sabra (Gaza City, Gaza Strip). At least 11 Palestinians were killed.", "fatalities": 11, "tags": null, "timestamp": 1759789988 }, "geometry": { "type": "Point", "coordinates": [ 34.4493, 31.5086 ] } },
{ "type": "Feature", "properties": { "event_id_cnty": "PSE42405", "event_date": "12/6/2023", "year": 2023, "time_precision": 1, "disorder_type": "Political violence", "event_type": "Explosions/Remote violence", "sub_event_type": "Air/drone strike", "actor1": "Military Forces of Israel (2022-)", "assoc_actor_1": null, "inter1": 8, "actor2": "Civilians (Palestine)", "assoc_actor_2": "Refugees/IDPs (Palestine)", "inter2": 7, "interaction": 78, "civilian_targeting": "Civilian targeting", "iso": 275, "region": "Middle East", "country": "Palestine", "admin1": "Gaza Strip", "admin2": "North Gaza", "admin3": null, "location": "Jabalya Camp", "latitude": 31.536, "longitude": 34.4907, "geo_precision": 1, "source": "Arab 48; Ma'an News Agency; Newpress; Palestine News and Information Agency; Quds News Network; Twitter", "source_scale": "New media-National", "notes": "On 6 December 2023, Israeli warplanes struck houses and residential areas and fired white phosphorus bombs in Mukhayyam Jabalya camp (North Gaza, Gaza Strip), leaving dozens of fatalities and injuries among Palestinians. Fatalities coded as 12. Also, 22 persons were killed from al-Shrafi family. Total fatalities coded as 34. HRW and other international organizations have accused Israel of using white phosphorous in this attack.", "fatalities": 34, "tags": null, "timestamp": 1753954979 }, "geometry": { "type": "Point", "coordinates": [ 34.4907, 31.536 ] } },
{ "type": "Feature", "properties": { "event_id_cnty": "PSE42517", "event_date": "12/6/2023", "year": 2023, "time_precision": 1, "disorder_type": "Political violence", "event_type": "Explosions/Remote violence", "sub_event_type": "Air/drone strike", "actor1": "Military Forces of Israel (2022-)", "assoc_actor_1": null, "inter1": 8, "actor2": "Civilians (Palestine)", "assoc_actor_2": null, "inter2": 7, "interaction": 78, "civilian_targeting": "Civilian targeting", "iso": 275, "region": "Middle East", "country": "Palestine", "admin1": "Gaza Strip", "admin2": "Khan Yunis", "admin3": null, "location": "Khan Yunis - Maen", "latitude": 31.336, "longitude": 34.3172, "geo_precision": 1, "source": "Palestinian Ministry of Health; Quds News Network; Twitter", "source_scale": "Other-New media", "notes": "On 6 December 2023, Israeli drones struck 2 houses, opened fire, and killed an unspecified number of Palestinians in Khan Yunis - Maen (Khan Yunis, Gaza Strip). [Palestinian Ministry of Health reported 17177 fatalities between 7 October - 6 December 2023. 596 fatalities not attributed to specific events split across 6 events between 4-6 December. 100 fatalities coded to this event.]", "fatalities": 100, "tags": null, "timestamp": 1753954979 }, "geometry": { "type": "Point", "coordinates": [ 34.3172, 31.336 ] } },
{ "type": "Feature", "properties": { "event_id_cnty": "PSE42389", "event_date": "12/6/2023", "year": 2023, "time_precision": 1, "disorder_type": "Political violence", "event_type": "Explosions/Remote violence", "sub_event_type": "Air/drone strike", "actor1": "Military Forces of Israel (2022-)", "assoc_actor_1": null, "inter1": 8, "actor2": "Civilians (Palestine)", "assoc_actor_2": "Refugees/IDPs (Palestine)", "inter2": 7, "interaction": 78, "civilian_targeting": "Civilian targeting", "iso": 275, "region": "Middle East", "country": "Palestine", "admin1": "Gaza Strip", "admin2": "Gaza City", "admin3": null, "location": "Gaza - Az Zaytun", "latitude": 31.4964, "longitude": 34.4522, "geo_precision": 1, "source": "Newpress; Palestine News and Information Agency; Quds News Network; Twitter", "source_scale": "New media-National", "notes": "On 6 December 2023, Israeli warplanes struck a house and displaced people in al-Nafaq street in Gaza - Az Zaytun (Gaza City, Gaza Strip), killing 10 persons and injuring several of others. Also dozens of Palestinians were killed and injured in airstrikes in al-Yarmouq and al-Sahaba areas. Total fatalities coded as 22.", "fatalities": 22, "tags": null, "timestamp": 1759789988 }, "geometry": { "type": "Point", "coordinates": [ 34.4522, 31.4964 ] } },
{ "type": "Feature", "properties": { "event_id_cnty": "PSE42395", "event_date": "12/6/2023", "year": 2023, "time_precision": 1, "disorder_type": "Political violence", "event_type": "Explosions/Remote violence", "sub_event_type": "Air/drone strike", "actor1": "Military Forces of Israel (2022-)", "assoc_actor_1": null, "inter1": 8, "actor2": "Civilians (Palestine)", "assoc_actor_2": "Refugees/IDPs (Palestine)", "inter2": 7, "interaction": 78, "civilian_targeting": "Civilian targeting", "iso": 275, "region": "Middle East", "country": "Palestine", "admin1": "Gaza Strip", "admin2": "North Gaza", "admin3": null, "location": "Jabalya", "latitude": 31.5272, "longitude": 34.4835, "geo_precision": 1, "source": "Newpress; Palestine News and Information Agency; Quds News Network; Twitter", "source_scale": "New media-National", "notes": "On 6 December 2023, Israeli warplanes struck a school hosting displaced people and the artillery shelled targets in Jabalya town (North Gaza, Gaza Strip), leaving dozens of fatalities and injuries among Palestinians. Fatalities coded as 12.", "fatalities": 12, "tags": null, "timestamp": 1759789988 }, "geometry": { "type": "Point", "coordinates": [ 34.4835, 31.5272 ] } },
{ "type": "Feature", "properties": { "event_id_cnty": "PSE42407", "event_date": "12/6/2023", "year": 2023, "time_precision": 1, "disorder_type": "Political violence", "event_type": "Explosions/Remote violence", "sub_event_type": "Air/drone strike", "actor1": "Military Forces of Israel (2022-)", "assoc_actor_1": null, "inter1": 8, "actor2": "Civilians (Palestine)", "assoc_actor_2": "Refugees/IDPs (Palestine)", "inter2": 7, "interaction": 78, "civilian_targeting": "Civilian targeting", "iso": 275, "region": "Middle East", "country": "Palestine", "admin1": "Gaza Strip", "admin2": "Rafah", "admin3": null, "location": "Rafah Camp", "latitude": 31.2847, "longitude": 34.2546, "geo_precision": 2, "source": "Liveuamap; Quds News Network; Twitter", "source_scale": "Local partner-New media", "notes": "On 6 December 2023, Israeli warplanes struck a house in al-Shaboura refugee camp near Mukhayyam Rafah camp (Rafah, Gaza Strip), killing 18 Palestinians and injuring several of others.", "fatalities": 18, "tags": null, "timestamp": 1753954979 }, "geometry": { "type": "Point", "coordinates": [ 34.2546, 31.2847 ] } },
{ "type": "Feature", "properties": { "event_id_cnty": "PSE42413", "event_date": "12/7/2023", "year": 2023, "time_precision": 1, "disorder_type": "Political violence", "event_type": "Explosions/Remote violence", "sub_event_type": "Air/drone strike", "actor1": "Military Forces of Israel (2022-)", "assoc_actor_1": null, "inter1": 8, "actor2": "Civilians (Palestine)", "assoc_actor_2": null, "inter2": 7, "interaction": 78, "civilian_targeting": "Civilian targeting", "iso": 275, "region": "Middle East", "country": "Palestine", "admin1": "Gaza Strip", "admin2": "Khan Yunis", "admin3": null, "location": "Bani Suheila", "latitude": 31.3424, "longitude": 34.325, "geo_precision": 1, "source": "Liveuamap; Quds News Network; Twitter", "source_scale": "Local partner-New media", "notes": "On 7 December 2023, Israeli warplanes struck Palestinian houses in Bani Suheila (Khan Yunis, Gaza Strip), injuring a number of Palestinians.", "fatalities": 0, "tags": null, "timestamp": 1753954979 }, "geometry": { "type": "Point", "coordinates": [ 34.325, 31.3424 ] } },
{ "type": "Feature", "properties": { "event_id_cnty": "PSE42423", "event_date": "12/7/2023", "year": 2023, "time_precision": 1, "disorder_type": "Political violence", "event_type": "Explosions/Remote violence", "sub_event_type": "Air/drone strike", "actor1": "Military Forces of Israel (2022-)", "assoc_actor_1": null, "inter1": 8, "actor2": "Civilians (Palestine)", "assoc_actor_2": "Muslim Group (Palestine)", "inter2": 7, "interaction": 78, "civilian_targeting": "Civilian targeting", "iso": 275, "region": "Middle East", "country": "Palestine", "admin1": "Gaza Strip", "admin2": "Gaza City", "admin3": null, "location": "Gaza - Ad Darraj", "latitude": 31.5172, "longitude": 34.4642, "geo_precision": 1, "source": "Newpress; Palestine News and Information Agency; Quds News Network; Twitter", "source_scale": "New media-National", "notes": "On 7 December 2023, Israeli warplanes struck targets and houses in Gaza - Ad Darraj (Gaza City, Gaza Strip), killing at least 12 Palestinians and injuring several of others. Also dozens of Palestinians were killed and injured in Al Hamam area, Palestine square, and Az Zawya market in the area. In addition, airplanes targeted Othman Ibn Affan mosque. Total fatalities coded as 24.", "fatalities": 24, "tags": null, "timestamp": 1759789988 }, "geometry": { "type": "Point", "coordinates": [ 34.4642, 31.5172 ] } },
{ "type": "Feature", "properties": { "event_id_cnty": "PSE42424", "event_date": "12/7/2023", "year": 2023, "time_precision": 1, "disorder_type": "Political violence", "event_type": "Explosions/Remote violence", "sub_event_type": "Shelling/artillery/missile attack", "actor1": "Military Forces of Israel (2022-)", "assoc_actor_1": null, "inter1": 8, "actor2": "Civilians (Palestine)", "assoc_actor_2": null, "inter2": 7, "interaction": 78, "civilian_targeting": "Civilian targeting", "iso": 275, "region": "Middle East", "country": "Palestine", "admin1": "Gaza Strip", "admin2": "Gaza City", "admin3": null, "location": "Gaza - At Tuffah", "latitude": 31.5134, "longitude": 34.4751, "geo_precision": 1, "source": "Newpress; Twitter", "source_scale": "New media-National", "notes": "On 7 December 2023, Israeli artillery struck houses in Gaza - At Tuffah (Gaza City, Gaza Strip). Casualties unknown.", "fatalities": 0, "tags": null, "timestamp": 1759789988 }, "geometry": { "type": "Point", "coordinates": [ 34.4751, 31.5134 ] } },
{ "type": "Feature", "properties": { "event_id_cnty": "PSE42427", "event_date": "12/7/2023", "year": 2023, "time_precision": 1, "disorder_type": "Political violence", "event_type": "Explosions/Remote violence", "sub_event_type": "Air/drone strike", "actor1": "Military Forces of Israel (2022-)", "assoc_actor_1": null, "inter1": 8, "actor2": "Civilians (Palestine)", "assoc_actor_2": null, "inter2": 7, "interaction": 78, "civilian_targeting": "Civilian targeting", "iso": 275, "region": "Middle East", "country": "Palestine", "admin1": "Gaza Strip", "admin2": "Gaza City", "admin3": null, "location": "Gaza - Sheikh Radwan", "latitude": 31.5349, "longitude": 34.4667, "geo_precision": 2, "source": "Newpress; Twitter", "source_scale": "New media-National", "notes": "On 7 December 2023, Israeli warplanes struck houses in Gaza - Sheikh Radwan (Gaza City, Gaza Strip). Casualties unknown.", "fatalities": 0, "tags": null, "timestamp": 1759789988 }, "geometry": { "type": "Point", "coordinates": [ 34.4667, 31.5349 ] } },
{ "type": "Feature", "properties": { "event_id_cnty": "PSE42428", "event_date": "12/7/2023", "year": 2023, "time_precision": 1, "disorder_type": "Political violence", "event_type": "Explosions/Remote violence", "sub_event_type": "Air/drone strike", "actor1": "Military Forces of Israel (2022-)", "assoc_actor_1": null, "inter1": 8, "actor2": "Civilians (Palestine)", "assoc_actor_2": null, "inter2": 7, "interaction": 78, "civilian_targeting": "Civilian targeting", "iso": 275, "region": "Middle East", "country": "Palestine", "admin1": "Gaza Strip", "admin2": "Gaza City", "admin3": null, "location": "Gaza - Shujaiyya", "latitude": 31.4988, "longitude": 34.4699, "geo_precision": 1, "source": "Ma'an News Agency; Newpress; Palestine News and Information Agency; Quds News Network; Twitter", "source_scale": "New media-National", "notes": "On 7 December 2023, Israeli warplanes and artillery struck targets and houses in Gaza - Shujaiyya (Gaza City, Gaza Strip), killing 40 persons and injuring several of others.", "fatalities": 40, "tags": null, "timestamp": 1759789988 }, "geometry": { "type": "Point", "coordinates": [ 34.4699, 31.4988 ] } },
{ "type": "Feature", "properties": { "event_id_cnty": "PSE42434", "event_date": "12/7/2023", "year": 2023, "time_precision": 1, "disorder_type": "Political violence", "event_type": "Explosions/Remote violence", "sub_event_type": "Air/drone strike", "actor1": "Military Forces of Israel (2022-)", "assoc_actor_1": null, "inter1": 8, "actor2": "Civilians (Palestine)", "assoc_actor_2": null, "inter2": 7, "interaction": 78, "civilian_targeting": "Civilian targeting", "iso": 275, "region": "Middle East", "country": "Palestine", "admin1": "Gaza Strip", "admin2": "Khan Yunis", "admin3": null, "location": "Khan Yunis", "latitude": 31.3502, "longitude": 34.3081, "geo_precision": 1, "source": "Quds News Network; Twitter", "source_scale": "New media-National", "notes": "On 7 December 2023, Israeli warplanes struck a house near al-Saadah hall in Khan Yunis (Khan Yunis, Gaza Strip), killing 5 persons from al-Najjar family.", "fatalities": 5, "tags": null, "timestamp": 1753954979 }, "geometry": { "type": "Point", "coordinates": [ 34.3081, 31.3502 ] } },
{ "type": "Feature", "properties": { "event_id_cnty": "PSE42435", "event_date": "12/7/2023", "year": 2023, "time_precision": 1, "disorder_type": "Political violence", "event_type": "Explosions/Remote violence", "sub_event_type": "Air/drone strike", "actor1": "Military Forces of Israel (2022-)", "assoc_actor_1": null, "inter1": 8, "actor2": "Civilians (Palestine)", "assoc_actor_2": null, "inter2": 7, "interaction": 78, "civilian_targeting": "Civilian targeting", "iso": 275, "region": "Middle East", "country": "Palestine", "admin1": "Gaza Strip", "admin2": "Khan Yunis", "admin3": null, "location": "Khan Yunis - Al Amal", "latitude": 31.3544, "longitude": 34.3007, "geo_precision": 1, "source": "Quds News Network; Twitter", "source_scale": "New media-National", "notes": "On 7 December 2023, Israeli warplanes struck a house in Khan Yunis - Al Amal (Khan Yunis, Gaza Strip), killing 5 persons from al-Haj family and injuring another 10.", "fatalities": 5, "tags": null, "timestamp": 1753954979 }, "geometry": { "type": "Point", "coordinates": [ 34.3007, 31.3544 ] } },
{ "type": "Feature", "properties": { "event_id_cnty": "PSE42550", "event_date": "12/7/2023", "year": 2023, "time_precision": 1, "disorder_type": "Political violence", "event_type": "Explosions/Remote violence", "sub_event_type": "Air/drone strike", "actor1": "Military Forces of Israel (2022-)", "assoc_actor_1": null, "inter1": 8, "actor2": "Civilians (Palestine)", "assoc_actor_2": null, "inter2": 7, "interaction": 78, "civilian_targeting": "Civilian targeting", "iso": 275, "region": "Middle East", "country": "Palestine", "admin1": "Gaza Strip", "admin2": "Khan Yunis", "admin3": null, "location": "Khan Yunis - City Centre", "latitude": 31.3419, "longitude": 34.3015, "geo_precision": 1, "source": "Palestine News and Information Agency", "source_scale": "National", "notes": "On 7 December 2023, Israeli warplanes targeted Omran area in Khan Yunis - City Centre (Khan Yunis, Gaza Strip), killing and injuring dozens of Palestinians. Fatalities coded as 12.", "fatalities": 12, "tags": null, "timestamp": 1753954979 }, "geometry": { "type": "Point", "coordinates": [ 34.3015, 31.3419 ] } },
{ "type": "Feature", "properties": { "event_id_cnty": "PSE42411", "event_date": "12/7/2023", "year": 2023, "time_precision": 1, "disorder_type": "Political violence", "event_type": "Explosions/Remote violence", "sub_event_type": "Air/drone strike", "actor1": "Military Forces of Israel (2022-)", "assoc_actor_1": null, "inter1": 8, "actor2": "Civilians (Palestine)", "assoc_actor_2": "Refugees/IDPs (Palestine)", "inter2": 7, "interaction": 78, "civilian_targeting": "Civilian targeting", "iso": 275, "region": "Middle East", "country": "Palestine", "admin1": "Gaza Strip", "admin2": "Deir El Balah", "admin3": null, "location": "Al Maghazi", "latitude": 31.4214, "longitude": 34.3865, "geo_precision": 1, "source": "Quds News Network; Twitter", "source_scale": "New media-National", "notes": "On 7 December 2023, Israeli warplanes struck houses in Al Maghazi refugee camp (Deir El Balah, Gaza Strip), killing 4 Palestinian children.", "fatalities": 4, "tags": null, "timestamp": 1753954979 }, "geometry": { "type": "Point", "coordinates": [ 34.3865, 31.4214 ] } },
{ "type": "Feature", "properties": { "event_id_cnty": "PSE42412", "event_date": "12/7/2023", "year": 2023, "time_precision": 1, "disorder_type": "Political violence", "event_type": "Explosions/Remote violence", "sub_event_type": "Air/drone strike", "actor1": "Military Forces of Israel (2022-)", "assoc_actor_1": null, "inter1": 8, "actor2": "Civilians (Palestine)", "assoc_actor_2": "Refugees/IDPs (Palestine)", "inter2": 7, "interaction": 78, "civilian_targeting": "Civilian targeting", "iso": 275, "region": "Middle East", "country": "Palestine", "admin1": "Gaza Strip", "admin2": "Deir El Balah", "admin3": null, "location": "An Nusayrat", "latitude": 31.4486, "longitude": 34.3925, "geo_precision": 1, "source": "Liveuamap; Newpress; Quds News Network; Twitter", "source_scale": "Local partner-New media", "notes": "On 7 December 2023, Israeli warplanes struck 2 houses in An Nusayrat refugee camp (Deir El Balah, Gaza Strip), killing 4 Palestinians.", "fatalities": 4, "tags": null, "timestamp": 1753954979 }, "geometry": { "type": "Point", "coordinates": [ 34.3925, 31.4486 ] } },
{ "type": "Feature", "properties": { "event_id_cnty": "PSE42544", "event_date": "12/7/2023", "year": 2023, "time_precision": 1, "disorder_type": "Political violence", "event_type": "Explosions/Remote violence", "sub_event_type": "Air/drone strike", "actor1": "Military Forces of Israel (2022-)", "assoc_actor_1": null, "inter1": 8, "actor2": "Civilians (Palestine)", "assoc_actor_2": null, "inter2": 7, "interaction": 78, "civilian_targeting": "Civilian targeting", "iso": 275, "region": "Middle East", "country": "Palestine", "admin1": "Gaza Strip", "admin2": "Deir El Balah", "admin3": null, "location": "Deir al Balah", "latitude": 31.4178, "longitude": 34.3503, "geo_precision": 1, "source": "Newpress; Palestine News and Information Agency; Twitter", "source_scale": "New media-National", "notes": "On 7 December 2023, Israeli warplanes and artillery struck houses in Deir al Balah city (Deir El Balah, Gaza Strip), killing and injuring dozens of Palestinians. Fatalities coded as 12.", "fatalities": 12, "tags": null, "timestamp": 1753954979 }, "geometry": { "type": "Point", "coordinates": [ 34.3503, 31.4178 ] } },
{ "type": "Feature", "properties": { "event_id_cnty": "PSE42414", "event_date": "12/7/2023", "year": 2023, "time_precision": 1, "disorder_type": "Political violence", "event_type": "Explosions/Remote violence", "sub_event_type": "Air/drone strike", "actor1": "Military Forces of Israel (2022-)", "assoc_actor_1": null, "inter1": 8, "actor2": "Civilians (Palestine)", "assoc_actor_2": null, "inter2": 7, "interaction": 78, "civilian_targeting": "Civilian targeting", "iso": 275, "region": "Middle East", "country": "Palestine", "admin1": "Gaza Strip", "admin2": "North Gaza", "admin3": null, "location": "Beit Lahiya - Al Mashroo", "latitude": 31.5433, "longitude": 34.4998, "geo_precision": 1, "source": "Newpress; Palestine News and Information Agency; Quds News Network; Twitter", "source_scale": "New media-National", "notes": "On 7 December 2023, Israeli drones struck a house in Beit Lahiya - Al Mashroo (North Gaza, Gaza Strip), killing 9 Palestinians.", "fatalities": 9, "tags": null, "timestamp": 1753954979 }, "geometry": { "type": "Point", "coordinates": [ 34.4998, 31.5433 ] } },
{ "type": "Feature", "properties": { "event_id_cnty": "PSE42552", "event_date": "12/7/2023", "year": 2023, "time_precision": 1, "disorder_type": "Political violence", "event_type": "Violence against civilians", "sub_event_type": "Attack", "actor1": "Military Forces of Israel (2022-)", "assoc_actor_1": null, "inter1": 8, "actor2": "Civilians (Palestine)", "assoc_actor_2": "Refugees/IDPs (Palestine)", "inter2": 7, "interaction": 78, "civilian_targeting": "Civilian targeting", "iso": 275, "region": "Middle East", "country": "Palestine", "admin1": "Gaza Strip", "admin2": "North Gaza", "admin3": null, "location": "Beit Lahiya - Al Mashroo", "latitude": 31.5433, "longitude": 34.4998, "geo_precision": 1, "source": "Newpress; Palestine News and Information Agency; Quds News Network; Twitter", "source_scale": "New media-National", "notes": "On 7 December 2023, Israeli snipers opened fire and drones struck the Khalifa Ibn Zayed school hosting thousands of displaced people in Beit Lahiya - Al Mashroo (North Gaza, Gaza Strip), injuring a number of Palestinians, and killing 2 persons.", "fatalities": 2, "tags": null, "timestamp": 1753954979 }, "geometry": { "type": "Point", "coordinates": [ 34.4998, 31.5433 ] } },
{ "type": "Feature", "properties": { "event_id_cnty": "PSE42437", "event_date": "12/7/2023", "year": 2023, "time_precision": 1, "disorder_type": "Political violence", "event_type": "Explosions/Remote violence", "sub_event_type": "Shelling/artillery/missile attack", "actor1": "Military Forces of Israel (2022-)", "assoc_actor_1": null, "inter1": 8, "actor2": "Civilians (Palestine)", "assoc_actor_2": "Refugees/IDPs (Palestine)", "inter2": 7, "interaction": 78, "civilian_targeting": "Civilian targeting", "iso": 275, "region": "Middle East", "country": "Palestine", "admin1": "Gaza Strip", "admin2": "North Gaza", "admin3": null, "location": "Jabalya Camp", "latitude": 31.536, "longitude": 34.4907, "geo_precision": 1, "source": "Quds News Network; Twitter", "source_scale": "New media-National", "notes": "On 7 December 2023, Israeli artillery struck houses in Mukhayyam Jabalya camp (North Gaza, Gaza Strip). Casualties unknown.", "fatalities": 0, "tags": null, "timestamp": 1753954979 }, "geometry": { "type": "Point", "coordinates": [ 34.4907, 31.536 ] } },
{ "type": "Feature", "properties": { "event_id_cnty": "PSE42426", "event_date": "12/7/2023", "year": 2023, "time_precision": 1, "disorder_type": "Political violence", "event_type": "Explosions/Remote violence", "sub_event_type": "Air/drone strike", "actor1": "Military Forces of Israel (2022-)", "assoc_actor_1": null, "inter1": 8, "actor2": "Civilians (Palestine)", "assoc_actor_2": null, "inter2": 7, "interaction": 78, "civilian_targeting": "Civilian targeting", "iso": 275, "region": "Middle East", "country": "Palestine", "admin1": "Gaza Strip", "admin2": "Gaza City", "admin3": null, "location": "Gaza - Sabra", "latitude": 31.5086, "longitude": 34.4493, "geo_precision": 1, "source": "Newpress; Palestine News and Information Agency; Palestinian Ministry of Health; Quds News Network; Twitter", "source_scale": "Other-New media", "notes": "On 7 December 2023, Israeli warplanes and artillery struck targets and houses in Gaza - Sabra (Gaza City, Gaza Strip), killing and injuring an unspecified number of Palestinians. Also, an unspecified number of Palestinians were killed in an airstrike on al-Mashharawi house. [Palestinian Ministry of Health reported 17700 fatalities between 7 October - 8 December 2023. 111 fatalities not attributed to specific events split across 13 events between 7 - 8 December. 8 fatalities coded to this event.]", "fatalities": 8, "tags": null, "timestamp": 1759789988 }, "geometry": { "type": "Point", "coordinates": [ 34.4493, 31.5086 ] } },
{ "type": "Feature", "properties": { "event_id_cnty": "PSE42429", "event_date": "12/7/2023", "year": 2023, "time_precision": 1, "disorder_type": "Political violence", "event_type": "Explosions/Remote violence", "sub_event_type": "Air/drone strike", "actor1": "Military Forces of Israel (2022-)", "assoc_actor_1": null, "inter1": 8, "actor2": "Civilians (Palestine)", "assoc_actor_2": null, "inter2": 7, "interaction": 78, "civilian_targeting": "Civilian targeting", "iso": 275, "region": "Middle East", "country": "Palestine", "admin1": "Gaza Strip", "admin2": "Gaza City", "admin3": null, "location": "Gaza - Southern Remal", "latitude": 31.5168, "longitude": 34.4355, "geo_precision": 1, "source": "Palestine News and Information Agency; Palestinian Ministry of Health", "source_scale": "Other-National", "notes": "On 7 December 2023, Israeli warplanes and artillery struck targets and houses in Gaza - Southern Remal (Gaza City, Gaza Strip), killing and injuring an unspecified number of Palestinians. [Palestinian Ministry of Health reported 17700 fatalities between 7 October - 8 December 2023. 111 fatalities not attributed to specific events split across 13 events between 7 - 8 December. 8 fatalities coded to this event.]", "fatalities": 8, "tags": null, "timestamp": 1759789988 }, "geometry": { "type": "Point", "coordinates": [ 34.4355, 31.5168 ] } },
{ "type": "Feature", "properties": { "event_id_cnty": "PSE42545", "event_date": "12/7/2023", "year": 2023, "time_precision": 1, "disorder_type": "Political violence", "event_type": "Explosions/Remote violence", "sub_event_type": "Air/drone strike", "actor1": "Military Forces of Israel (2022-)", "assoc_actor_1": null, "inter1": 8, "actor2": "Civilians (Palestine)", "assoc_actor_2": null, "inter2": 7, "interaction": 78, "civilian_targeting": "Civilian targeting", "iso": 275, "region": "Middle East", "country": "Palestine", "admin1": "Gaza Strip", "admin2": "Khan Yunis", "admin3": null, "location": "Al Qararah", "latitude": 31.3739, "longitude": 34.3409, "geo_precision": 1, "source": "Palestine News and Information Agency; Palestinian Ministry of Health", "source_scale": "Other-National", "notes": "On 7 December 2023, Israeli warplanes and artillery struck targets and houses in Al Qararah (Khan Yunis, Gaza Strip), killing and injuring an unspecified number of Palestinians. [Palestinian Ministry of Health reported 17700 fatalities between 7 October - 8 December 2023. 111 fatalities not attributed to specific events split across 13 events between 7 - 8 December. 8 fatalities coded to this event.]", "fatalities": 8, "tags": null, "timestamp": 1753954979 }, "geometry": { "type": "Point", "coordinates": [ 34.3409, 31.3739 ] } },
{ "type": "Feature", "properties": { "event_id_cnty": "PSE42546", "event_date": "12/7/2023", "year": 2023, "time_precision": 1, "disorder_type": "Political violence", "event_type": "Explosions/Remote violence", "sub_event_type": "Air/drone strike", "actor1": "Military Forces of Israel (2022-)", "assoc_actor_1": null, "inter1": 8, "actor2": "Civilians (Palestine)", "assoc_actor_2": null, "inter2": 7, "interaction": 78, "civilian_targeting": "Civilian targeting", "iso": 275, "region": "Middle East", "country": "Palestine", "admin1": "Gaza Strip", "admin2": "Khan Yunis", "admin3": null, "location": "Khuzaa", "latitude": 31.3069, "longitude": 34.3572, "geo_precision": 1, "source": "Palestine News and Information Agency; Palestinian Ministry of Health", "source_scale": "Other-National", "notes": "On 7 December 2023, Israeli warplanes and artillery struck targets and houses in Khuzaa (Khan Yunis, Gaza Strip), killing and injuring an unspecified number of Palestinians. [Palestinian Ministry of Health reported 17700 fatalities between 7 October - 8 December 2023. 111 fatalities not attributed to specific events split across 13 events between 7 - 8 December. 9 fatalities coded to this event.]", "fatalities": 8, "tags": null, "timestamp": 1753954979 }, "geometry": { "type": "Point", "coordinates": [ 34.3572, 31.3069 ] } },
{ "type": "Feature", "properties": { "event_id_cnty": "PSE42547", "event_date": "12/7/2023", "year": 2023, "time_precision": 1, "disorder_type": "Political violence", "event_type": "Explosions/Remote violence", "sub_event_type": "Air/drone strike", "actor1": "Military Forces of Israel (2022-)", "assoc_actor_1": null, "inter1": 8, "actor2": "Civilians (Palestine)", "assoc_actor_2": null, "inter2": 7, "interaction": 78, "civilian_targeting": "Civilian targeting", "iso": 275, "region": "Middle East", "country": "Palestine", "admin1": "Gaza Strip", "admin2": "Khan Yunis", "admin3": null, "location": "Abasan al Kabirah", "latitude": 31.3191, "longitude": 34.3401, "geo_precision": 1, "source": "Palestine News and Information Agency; Palestinian Ministry of Health", "source_scale": "Other-National", "notes": "On 7 December 2023, Israeli warplanes and artillery struck targets and houses in Abasan al Kabirah (Khan Yunis, Gaza Strip), killing and injuring an unspecified number of Palestinians. [Palestinian Ministry of Health reported 17700 fatalities between 7 October - 8 December 2023. 111 fatalities not attributed to specific events split across 13 events between 7 - 8 December. 9 fatalities coded to this event.]", "fatalities": 9, "tags": null, "timestamp": 1753954979 }, "geometry": { "type": "Point", "coordinates": [ 34.3401, 31.3191 ] } },
{ "type": "Feature", "properties": { "event_id_cnty": "PSE42548", "event_date": "12/7/2023", "year": 2023, "time_precision": 1, "disorder_type": "Political violence", "event_type": "Explosions/Remote violence", "sub_event_type": "Air/drone strike", "actor1": "Military Forces of Israel (2022-)", "assoc_actor_1": null, "inter1": 8, "actor2": "Civilians (Palestine)", "assoc_actor_2": null, "inter2": 7, "interaction": 78, "civilian_targeting": "Civilian targeting", "iso": 275, "region": "Middle East", "country": "Palestine", "admin1": "Gaza Strip", "admin2": "Khan Yunis", "admin3": null, "location": "Khan Yunis - Ash Sheikh Naser", "latitude": 31.3398, "longitude": 34.3116, "geo_precision": 1, "source": "Palestine News and Information Agency; Palestinian Ministry of Health; Quds News Network; Twitter", "source_scale": "Other-New media", "notes": "On 7 December 2023, Israeli warplanes and artillery struck targets and houses in Khan Yunis - Ash Sheikh Naser (Khan Yunis, Gaza Strip), killing and injuring an unspecified number of Palestinians. [Palestinian Ministry of Health reported 17700 fatalities between 7 October - 8 December 2023. 111 fatalities not attributed to specific events split across 13 events between 7 - 8 December. 9 fatalities coded to this event.]", "fatalities": 9, "tags": null, "timestamp": 1753954979 }, "geometry": { "type": "Point", "coordinates": [ 34.3116, 31.3398 ] } },
{ "type": "Feature", "properties": { "event_id_cnty": "PSE42440", "event_date": "12/7/2023", "year": 2023, "time_precision": 1, "disorder_type": "Political violence", "event_type": "Explosions/Remote violence", "sub_event_type": "Air/drone strike", "actor1": "Military Forces of Israel (2022-)", "assoc_actor_1": null, "inter1": 8, "actor2": "Civilians (Palestine)", "assoc_actor_2": null, "inter2": 7, "interaction": 78, "civilian_targeting": "Civilian targeting", "iso": 275, "region": "Middle East", "country": "Palestine", "admin1": "Gaza Strip", "admin2": "Rafah", "admin3": null, "location": "Yibna", "latitude": 31.2842, "longitude": 34.2482, "geo_precision": 2, "source": "Newpress; Quds News Network; Twitter", "source_scale": "New media-National", "notes": "On 7 December 2023, Israeli warplanes struck a motorcycle near Rafah crossing, southeast of Rafah (coded to Yibna, Gaza city), killing 4 Palestinians, including 3 brothers.", "fatalities": 4, "tags": null, "timestamp": 1753954979 }, "geometry": { "type": "Point", "coordinates": [ 34.2482, 31.2842 ] } },
{ "type": "Feature", "properties": { "event_id_cnty": "PSE42425", "event_date": "12/7/2023", "year": 2023, "time_precision": 1, "disorder_type": "Political violence", "event_type": "Explosions/Remote violence", "sub_event_type": "Air/drone strike", "actor1": "Military Forces of Israel (2022-)", "assoc_actor_1": null, "inter1": 8, "actor2": "Civilians (Palestine)", "assoc_actor_2": null, "inter2": 7, "interaction": 78, "civilian_targeting": "Civilian targeting", "iso": 275, "region": "Middle East", "country": "Palestine", "admin1": "Gaza Strip", "admin2": "Gaza City", "admin3": null, "location": "Gaza - Az Zaytun", "latitude": 31.4964, "longitude": 34.4522, "geo_precision": 1, "source": "Newpress; Palestine News and Information Agency; Twitter", "source_scale": "New media-National", "notes": "On 7 December 2023, Israeli warplanes and artillery struck targets and houses in Gaza - Az Zaytun (Gaza City, Gaza Strip), killing and injuring an unspecified number of Palestinians. Fatalities coded as 10. Also, warplanes struck two houses in separate attacks, killing dozens of Palestinians from the Abu Haroun family and several others from the Abu Asi family. Total fatalities coded as 22.", "fatalities": 22, "tags": null, "timestamp": 1759789988 }, "geometry": { "type": "Point", "coordinates": [ 34.4522, 31.4964 ] } },
{ "type": "Feature", "properties": { "event_id_cnty": "PSE42432", "event_date": "12/7/2023", "year": 2023, "time_precision": 1, "disorder_type": "Political violence", "event_type": "Violence against civilians", "sub_event_type": "Abduction/forced disappearance", "actor1": "Military Forces of Israel (2022-)", "assoc_actor_1": null, "inter1": 8, "actor2": "Civilians (Palestine)", "assoc_actor_2": null, "inter2": 7, "interaction": 78, "civilian_targeting": "Civilian targeting", "iso": 275, "region": "Middle East", "country": "Palestine", "admin1": "Gaza Strip", "admin2": "North Gaza", "admin3": null, "location": "Jabalya", "latitude": 31.5272, "longitude": 34.4835, "geo_precision": 2, "source": "Joe Truzman; Ma'an News Agency; Twitter", "source_scale": "New media-National", "notes": "On 7 December 2023, Israeli military forces arrested dozens of Palestinians in North Gaza (Jabalya, Gaza Strip) under suspicion of being militants. It is unclear whether they were militants.", "fatalities": 0, "tags": null, "timestamp": 1772581279 }, "geometry": { "type": "Point", "coordinates": [ 34.4835, 31.5272 ] } },
{ "type": "Feature", "properties": { "event_id_cnty": "PSE42549", "event_date": "12/7/2023", "year": 2023, "time_precision": 1, "disorder_type": "Political violence", "event_type": "Explosions/Remote violence", "sub_event_type": "Air/drone strike", "actor1": "Military Forces of Israel (2022-)", "assoc_actor_1": null, "inter1": 8, "actor2": "Civilians (Palestine)", "assoc_actor_2": null, "inter2": 7, "interaction": 78, "civilian_targeting": "Civilian targeting", "iso": 275, "region": "Middle East", "country": "Palestine", "admin1": "Gaza Strip", "admin2": "North Gaza", "admin3": null, "location": "Jabalya", "latitude": 31.5272, "longitude": 34.4835, "geo_precision": 1, "source": "Palestine News and Information Agency; Quds News Network; Twitter", "source_scale": "New media-National", "notes": "On 7 December 2023, Israeli warplanes targeted a residential area in Jabalya town (North Gaza, Gaza Strip), killing and injuring dozens of Palestinians. Fatalities coded as 12.", "fatalities": 12, "tags": null, "timestamp": 1759789988 }, "geometry": { "type": "Point", "coordinates": [ 34.4835, 31.5272 ] } },
{ "type": "Feature", "properties": { "event_id_cnty": "PSE42438", "event_date": "12/7/2023", "year": 2023, "time_precision": 1, "disorder_type": "Political violence", "event_type": "Explosions/Remote violence", "sub_event_type": "Air/drone strike", "actor1": "Military Forces of Israel (2022-)", "assoc_actor_1": null, "inter1": 8, "actor2": "Civilians (Palestine)", "assoc_actor_2": "Refugees/IDPs (Palestine)", "inter2": 7, "interaction": 78, "civilian_targeting": "Civilian targeting", "iso": 275, "region": "Middle East", "country": "Palestine", "admin1": "Gaza Strip", "admin2": "Rafah", "admin3": null, "location": "Rafah Camp", "latitude": 31.2847, "longitude": 34.2546, "geo_precision": 2, "source": "Liveuamap; Ma'an News Agency; Newpress; Twitter", "source_scale": "Local partner-New media", "notes": "On 7 December 2023, Israeli warplanes struck houses in al-Shaboura refugee camp near Mukhayyam Rafah camp (Rafah, Gaza Strip), killing 20 Palestinians and injuring several of others.", "fatalities": 20, "tags": null, "timestamp": 1753954979 }, "geometry": { "type": "Point", "coordinates": [ 34.2546, 31.2847 ] } },
{ "type": "Feature", "properties": { "event_id_cnty": "PSE42551", "event_date": "12/7/2023", "year": 2023, "time_precision": 1, "disorder_type": "Political violence", "event_type": "Explosions/Remote violence", "sub_event_type": "Air/drone strike", "actor1": "Military Forces of Israel (2022-)", "assoc_actor_1": null, "inter1": 8, "actor2": "Civilians (Palestine)", "assoc_actor_2": null, "inter2": 7, "interaction": 78, "civilian_targeting": "Civilian targeting", "iso": 275, "region": "Middle East", "country": "Palestine", "admin1": "Gaza Strip", "admin2": "Khan Yunis", "admin3": null, "location": "Khan Yunis - As-Sameen", "latitude": 31.3369, "longitude": 34.2925, "geo_precision": 1, "source": "Newpress; Palestine News and Information Agency; Quds News Network; Twitter", "source_scale": "New media-National", "notes": "On 7 December 2023, Israeli warplanes targeted a house in Khan Yunis - As-Sameen (Khan Yunis, Gaza Strip), killing and injuring dozens of Palestinians. Fatalities coded as 12.", "fatalities": 12, "tags": null, "timestamp": 1753954979 }, "geometry": { "type": "Point", "coordinates": [ 34.2925, 31.3369 ] } },
{ "type": "Feature", "properties": { "event_id_cnty": "PSE42442", "event_date": "12/8/2023", "year": 2023, "time_precision": 1, "disorder_type": "Political violence", "event_type": "Explosions/Remote violence", "sub_event_type": "Air/drone strike", "actor1": "Military Forces of Israel (2022-)", "assoc_actor_1": null, "inter1": 8, "actor2": "Civilians (Palestine)", "assoc_actor_2": "Muslim Group (Palestine)", "inter2": 7, "interaction": 78, "civilian_targeting": "Civilian targeting", "iso": 275, "region": "Middle East", "country": "Palestine", "admin1": "Gaza Strip", "admin2": "Khan Yunis", "admin3": null, "location": "Abasan al Kabirah", "latitude": 31.3191, "longitude": 34.3401, "geo_precision": 1, "source": "Ma'an News Agency; PLO Negotiations Affairs Department; Quds News Network; Twitter", "source_scale": "Other-New media", "notes": "On 8 December 2023, Israeli warplanes struck houses and a mosque in Abasan al Kabirah (Khan Yunis, Gaza Strip). Casualties unknown.", "fatalities": 0, "tags": null, "timestamp": 1753954979 }, "geometry": { "type": "Point", "coordinates": [ 34.3401, 31.3191 ] } },
{ "type": "Feature", "properties": { "event_id_cnty": "PSE42444", "event_date": "12/8/2023", "year": 2023, "time_precision": 1, "disorder_type": "Political violence", "event_type": "Explosions/Remote violence", "sub_event_type": "Air/drone strike", "actor1": "Military Forces of Israel (2022-)", "assoc_actor_1": null, "inter1": 8, "actor2": "Civilians (Palestine)", "assoc_actor_2": null, "inter2": 7, "interaction": 78, "civilian_targeting": "Civilian targeting", "iso": 275, "region": "Middle East", "country": "Palestine", "admin1": "Gaza Strip", "admin2": "Khan Yunis", "admin3": null, "location": "Al Qararah", "latitude": 31.3739, "longitude": 34.3409, "geo_precision": 1, "source": "Ma'an News Agency; PLO Negotiations Affairs Department", "source_scale": "Other-National", "notes": "On 8 December 2023, Israeli warplanes struck houses in Al Qararah (Khan Yunis, Gaza Strip). Casualties unknown.", "fatalities": 0, "tags": null, "timestamp": 1753954979 }, "geometry": { "type": "Point", "coordinates": [ 34.3409, 31.3739 ] } },
{ "type": "Feature", "properties": { "event_id_cnty": "PSE42447", "event_date": "12/8/2023", "year": 2023, "time_precision": 1, "disorder_type": "Political violence", "event_type": "Explosions/Remote violence", "sub_event_type": "Air/drone strike", "actor1": "Military Forces of Israel (2022-)", "assoc_actor_1": null, "inter1": 8, "actor2": "Civilians (Palestine)", "assoc_actor_2": null, "inter2": 7, "interaction": 78, "civilian_targeting": "Civilian targeting", "iso": 275, "region": "Middle East", "country": "Palestine", "admin1": "Gaza Strip", "admin2": "Khan Yunis", "admin3": null, "location": "Bani Suheila", "latitude": 31.3424, "longitude": 34.325, "geo_precision": 1, "source": "Ma'an News Agency; PLO Negotiations Affairs Department", "source_scale": "Other-National", "notes": "On 8 December 2023, Israeli warplanes struck houses in Bani Suheila (Khan Yunis, Gaza Strip). Casualties unknown.", "fatalities": 0, "tags": null, "timestamp": 1753954979 }, "geometry": { "type": "Point", "coordinates": [ 34.325, 31.3424 ] } },
{ "type": "Feature", "properties": { "event_id_cnty": "PSE42458", "event_date": "12/8/2023", "year": 2023, "time_precision": 1, "disorder_type": "Political violence", "event_type": "Explosions/Remote violence", "sub_event_type": "Air/drone strike", "actor1": "Military Forces of Israel (2022-)", "assoc_actor_1": null, "inter1": 8, "actor2": "Civilians (Palestine)", "assoc_actor_2": "Refugees/IDPs (Palestine)", "inter2": 7, "interaction": 78, "civilian_targeting": "Civilian targeting", "iso": 275, "region": "Middle East", "country": "Palestine", "admin1": "Gaza Strip", "admin2": "Gaza City", "admin3": null, "location": "Gaza - Sheikh Radwan", "latitude": 31.5349, "longitude": 34.4667, "geo_precision": 1, "source": "Newpress; Palestine News and Information Agency; PLO Negotiations Affairs Department; Quds News Network; Twitter", "source_scale": "Other-New media", "notes": "On 8 December 2023, Israeli warplanes and artillery struck targets and houses in Gaza - Sheikh Radwan (Gaza City, Gaza Strip). One of the targets was a center hosting displaced people. Casualties unknown.", "fatalities": 0, "tags": null, "timestamp": 1759789988 }, "geometry": { "type": "Point", "coordinates": [ 34.4667, 31.5349 ] } },
{ "type": "Feature", "properties": { "event_id_cnty": "PSE42459", "event_date": "12/8/2023", "year": 2023, "time_precision": 1, "disorder_type": "Political violence", "event_type": "Explosions/Remote violence", "sub_event_type": "Air/drone strike", "actor1": "Military Forces of Israel (2022-)", "assoc_actor_1": null, "inter1": 8, "actor2": "Civilians (Palestine)", "assoc_actor_2": null, "inter2": 7, "interaction": 78, "civilian_targeting": "Civilian targeting", "iso": 275, "region": "Middle East", "country": "Palestine", "admin1": "Gaza Strip", "admin2": "Gaza City", "admin3": null, "location": "Gaza - Shujaiyya", "latitude": 31.4988, "longitude": 34.4699, "geo_precision": 1, "source": "Palestine News and Information Agency; Quds News Network; Twitter", "source_scale": "New media-National", "notes": "On 8 December 2023, Israeli warplanes struck targets and houses in Gaza - Shujaiyya (Gaza City, Gaza Strip), leaving an unspecified number of fatalities and injuries. Fatalities coded as 10. Also, another 11 civilians were killed in a separate attack in the same area. Total fatalities coded as 21.", "fatalities": 21, "tags": null, "timestamp": 1759789988 }, "geometry": { "type": "Point", "coordinates": [ 34.4699, 31.4988 ] } },
{ "type": "Feature", "properties": { "event_id_cnty": "PSE42461", "event_date": "12/8/2023", "year": 2023, "time_precision": 1, "disorder_type": "Political violence", "event_type": "Explosions/Remote violence", "sub_event_type": "Air/drone strike", "actor1": "Military Forces of Israel (2022-)", "assoc_actor_1": null, "inter1": 8, "actor2": "Civilians (Palestine)", "assoc_actor_2": null, "inter2": 7, "interaction": 78, "civilian_targeting": "Civilian targeting", "iso": 275, "region": "Middle East", "country": "Palestine", "admin1": "Gaza Strip", "admin2": "Khan Yunis", "admin3": null, "location": "Khan Yunis - As Sater", "latitude": 31.3637, "longitude": 34.3228, "geo_precision": 1, "source": "PLO Negotiations Affairs Department; Quds News Network; Twitter", "source_scale": "Other-New media", "notes": "On 8 December 2023, Israeli warplanes struck houses in Khan Yunis - As Sater (Khan Yunis, Gaza Strip). Casualties unknown.", "fatalities": 0, "tags": null, "timestamp": 1753954979 }, "geometry": { "type": "Point", "coordinates": [ 34.3228, 31.3637 ] } },
{ "type": "Feature", "properties": { "event_id_cnty": "PSE42464", "event_date": "12/8/2023", "year": 2023, "time_precision": 1, "disorder_type": "Political violence", "event_type": "Explosions/Remote violence", "sub_event_type": "Air/drone strike", "actor1": "Military Forces of Israel (2022-)", "assoc_actor_1": null, "inter1": 8, "actor2": "Civilians (Palestine)", "assoc_actor_2": "Refugees/IDPs (Palestine)", "inter2": 7, "interaction": 78, "civilian_targeting": "Civilian targeting", "iso": 275, "region": "Middle East", "country": "Palestine", "admin1": "Gaza Strip", "admin2": "Khan Yunis", "admin3": null, "location": "Khan Yunis - West (Municipal Stadium)", "latitude": 31.3484, "longitude": 34.2961, "geo_precision": 1, "source": "Newpress; Quds News Network; Twitter", "source_scale": "New media-National", "notes": "On 8 December 2023, Israeli warplanes struck a house in Khan Yunis refugee camp west of Khan Yunis city, Khan Yunis - West (Municipal Stadium) in Gaza Strip, killing 13 Palestinians and injuring several of others.", "fatalities": 13, "tags": null, "timestamp": 1753954979 }, "geometry": { "type": "Point", "coordinates": [ 34.2961, 31.3484 ] } },
{ "type": "Feature", "properties": { "event_id_cnty": "PSE42465", "event_date": "12/8/2023", "year": 2023, "time_precision": 1, "disorder_type": "Political violence", "event_type": "Explosions/Remote violence", "sub_event_type": "Air/drone strike", "actor1": "Military Forces of Israel (2022-)", "assoc_actor_1": null, "inter1": 8, "actor2": "Civilians (Palestine)", "assoc_actor_2": null, "inter2": 7, "interaction": 78, "civilian_targeting": "Civilian targeting", "iso": 275, "region": "Middle East", "country": "Palestine", "admin1": "Gaza Strip", "admin2": "Khan Yunis", "admin3": null, "location": "Khuzaa", "latitude": 31.3069, "longitude": 34.3572, "geo_precision": 1, "source": "PLO Negotiations Affairs Department; Quds News Network; Twitter", "source_scale": "Other-New media", "notes": "On 8 December 2023, Israeli warplanes struck houses in Khuzaa (Khan Yunis, Gaza Strip). Casualties unknown.", "fatalities": 0, "tags": null, "timestamp": 1753954979 }, "geometry": { "type": "Point", "coordinates": [ 34.3572, 31.3069 ] } },
{ "type": "Feature", "properties": { "event_id_cnty": "PSE42445", "event_date": "12/8/2023", "year": 2023, "time_precision": 1, "disorder_type": "Political violence", "event_type": "Explosions/Remote violence", "sub_event_type": "Air/drone strike", "actor1": "Military Forces of Israel (2022-)", "assoc_actor_1": null, "inter1": 8, "actor2": "Civilians (Palestine)", "assoc_actor_2": null, "inter2": 7, "interaction": 78, "civilian_targeting": "Civilian targeting", "iso": 275, "region": "Middle East", "country": "Palestine", "admin1": "Gaza Strip", "admin2": "Deir El Balah", "admin3": null, "location": "An Nusayrat - North", "latitude": 31.4591, "longitude": 34.3923, "geo_precision": 1, "source": "Ma'an News Agency; Palestine News and Information Agency; Quds News Network; Twitter", "source_scale": "New media-National", "notes": "On 8 December 2023, Israeli warplanes struck houses north of An Nusayrat refugee camp (An Nusayrat - North, Deir El Balah, Gaza Strip), killing at least 10 Palestinians.", "fatalities": 10, "tags": null, "timestamp": 1753954979 }, "geometry": { "type": "Point", "coordinates": [ 34.3923, 31.4591 ] } },
{ "type": "Feature", "properties": { "event_id_cnty": "PSE42446", "event_date": "12/8/2023", "year": 2023, "time_precision": 1, "disorder_type": "Political violence", "event_type": "Explosions/Remote violence", "sub_event_type": "Air/drone strike", "actor1": "Military Forces of Israel (2022-)", "assoc_actor_1": null, "inter1": 8, "actor2": "Civilians (Palestine)", "assoc_actor_2": "Refugees/IDPs (Palestine)", "inter2": 7, "interaction": 78, "civilian_targeting": "Civilian targeting", "iso": 275, "region": "Middle East", "country": "Palestine", "admin1": "Gaza Strip", "admin2": "Deir El Balah", "admin3": null, "location": "An Nusayrat", "latitude": 31.4486, "longitude": 34.3925, "geo_precision": 1, "source": "Newpress; Quds News Network; Twitter", "source_scale": "New media-National", "notes": "On 8 December 2023, Israeli warplanes struck a houses hosting displaced people in An Nusayrat refugee camp (Deir El Balah, Gaza Strip), killing 22 civilians.", "fatalities": 22, "tags": null, "timestamp": 1753954979 }, "geometry": { "type": "Point", "coordinates": [ 34.3925, 31.4486 ] } },
{ "type": "Feature", "properties": { "event_id_cnty": "PSE42450", "event_date": "12/8/2023", "year": 2023, "time_precision": 1, "disorder_type": "Political violence", "event_type": "Violence against civilians", "sub_event_type": "Abduction/forced disappearance", "actor1": "Military Forces of Israel (2022-)", "assoc_actor_1": null, "inter1": 8, "actor2": "Civilians (Palestine)", "assoc_actor_2": null, "inter2": 7, "interaction": 78, "civilian_targeting": "Civilian targeting", "iso": 275, "region": "Middle East", "country": "Palestine", "admin1": "Gaza Strip", "admin2": "North Gaza", "admin3": null, "location": "Beit Lahiya", "latitude": 31.5541, "longitude": 34.5016, "geo_precision": 1, "source": "Ma'an News Agency", "source_scale": "National", "notes": "On 8 December 2023, Israeli military forces arrested hundreds of Palestinians in Beit Lahiya (North Gaza, Gaza Strip).", "fatalities": 0, "tags": null, "timestamp": 1772581279 }, "geometry": { "type": "Point", "coordinates": [ 34.5016, 31.5541 ] } },
{ "type": "Feature", "properties": { "event_id_cnty": "PSE42451", "event_date": "12/8/2023", "year": 2023, "time_precision": 1, "disorder_type": "Political violence", "event_type": "Explosions/Remote violence", "sub_event_type": "Air/drone strike", "actor1": "Military Forces of Israel (2022-)", "assoc_actor_1": null, "inter1": 8, "actor2": "Civilians (Palestine)", "assoc_actor_2": "Refugees/IDPs (Palestine)", "inter2": 7, "interaction": 78, "civilian_targeting": "Civilian targeting", "iso": 275, "region": "Middle East", "country": "Palestine", "admin1": "Gaza Strip", "admin2": "North Gaza", "admin3": null, "location": "Beit Lahiya - Al Mashroo", "latitude": 31.5433, "longitude": 34.4998, "geo_precision": 1, "source": "Ma'an News Agency; Newpress; Twitter", "source_scale": "New media-National", "notes": "On 8 December 2023, Israeli warplanes struck a house in Beit Lahiya - Al Mashroo (North Gaza, Gaza Strip), killing 7 persons. Also, there were an unspecified number of fatalities in an airstrike on the Khalifa school hosting displaced people. Total fatalities coded as 17.", "fatalities": 17, "tags": null, "timestamp": 1753954979 }, "geometry": { "type": "Point", "coordinates": [ 34.4998, 31.5433 ] } },
{ "type": "Feature", "properties": { "event_id_cnty": "PSE42462", "event_date": "12/8/2023", "year": 2023, "time_precision": 1, "disorder_type": "Political violence", "event_type": "Explosions/Remote violence", "sub_event_type": "Air/drone strike", "actor1": "Military Forces of Israel (2022-)", "assoc_actor_1": null, "inter1": 8, "actor2": "Civilians (Palestine)", "assoc_actor_2": null, "inter2": 7, "interaction": 78, "civilian_targeting": "Civilian targeting", "iso": 275, "region": "Middle East", "country": "Palestine", "admin1": "Gaza Strip", "admin2": "Khan Yunis", "admin3": null, "location": "Khan Yunis - Ash Sheikh Naser", "latitude": 31.3398, "longitude": 34.3116, "geo_precision": 1, "source": "Ma'an News Agency; PLO Negotiations Affairs Department", "source_scale": "Other-National", "notes": "On 8 December 2023, Israeli warplanes struck houses in Khan Yunis - Ash Sheikh Naser (Khan Yunis, Gaza Strip). Casualties unknown.", "fatalities": 0, "tags": null, "timestamp": 1753954979 }, "geometry": { "type": "Point", "coordinates": [ 34.3116, 31.3398 ] } },
{ "type": "Feature", "properties": { "event_id_cnty": "PSE42454", "event_date": "12/8/2023", "year": 2023, "time_precision": 1, "disorder_type": "Political violence", "event_type": "Explosions/Remote violence", "sub_event_type": "Air/drone strike", "actor1": "Military Forces of Israel (2022-)", "assoc_actor_1": null, "inter1": 8, "actor2": "Civilians (Palestine)", "assoc_actor_2": "Muslim Group (Palestine)", "inter2": 7, "interaction": 78, "civilian_targeting": "Civilian targeting", "iso": 275, "region": "Middle East", "country": "Palestine", "admin1": "Gaza Strip", "admin2": "Gaza City", "admin3": null, "location": "Gaza - At Tuffah", "latitude": 31.5134, "longitude": 34.4751, "geo_precision": 1, "source": "Newpress; Palestine News and Information Agency; Palestinian Ministry of Health; Quds News Network; Twitter", "source_scale": "Other-New media", "notes": "On 8 December 2023, Israeli warplanes and artillery struck targets and houses in Gaza - At Tuffah (Gaza City, Gaza Strip), leaving an unspecified number of fatalities and injuries. Also, several Palestinians were killed in an airstrike on a mosque. [Palestinian Ministry of Health reported 17700 fatalities between 7 October - 8 December 2023. 111 fatalities not attributed to specific events split across 13 events between 7 - 8 December. 8 fatalities coded to this event.]", "fatalities": 8, "tags": null, "timestamp": 1759789988 }, "geometry": { "type": "Point", "coordinates": [ 34.4751, 31.5134 ] } },
{ "type": "Feature", "properties": { "event_id_cnty": "PSE42466", "event_date": "12/8/2023", "year": 2023, "time_precision": 1, "disorder_type": "Political violence", "event_type": "Explosions/Remote violence", "sub_event_type": "Air/drone strike", "actor1": "Military Forces of Israel (2022-)", "assoc_actor_1": null, "inter1": 8, "actor2": "Civilians (Palestine)", "assoc_actor_2": "Health Workers (Palestine); Refugees/IDPs (Palestine)", "inter2": 7, "interaction": 78, "civilian_targeting": "Civilian targeting", "iso": 275, "region": "Middle East", "country": "Palestine", "admin1": "Gaza Strip", "admin2": "North Gaza", "admin3": null, "location": "Jabalya Camp", "latitude": 31.536, "longitude": 34.4907, "geo_precision": 1, "source": "Palestine News and Information Agency; Palestinian Ministry of Health", "source_scale": "Other-National", "notes": "On 8 December 2023, Israeli drones opened fire and artillery struck targets, including a center hosting displaced people and al-Yaman al-Said Hospital in Mukhayyam Jabalya camp (North Gaza, Gaza Strip). In both attacks there were an unspecified number of fatalities. [Palestinian Ministry of Health reported 17700 fatalities between 7 October - 8 December 2023. 111 fatalities not attributed to specific events split across 13 events between 7 - 8 December. 8 fatalities coded to this event.]", "fatalities": 8, "tags": null, "timestamp": 1753954979 }, "geometry": { "type": "Point", "coordinates": [ 34.4907, 31.536 ] } },
{ "type": "Feature", "properties": { "event_id_cnty": "PSE42592", "event_date": "12/8/2023", "year": 2023, "time_precision": 1, "disorder_type": "Political violence", "event_type": "Explosions/Remote violence", "sub_event_type": "Air/drone strike", "actor1": "Military Forces of Israel (2022-)", "assoc_actor_1": null, "inter1": 8, "actor2": "Civilians (Palestine)", "assoc_actor_2": "Refugees/IDPs (Palestine)", "inter2": 7, "interaction": 78, "civilian_targeting": "Civilian targeting", "iso": 275, "region": "Middle East", "country": "Palestine", "admin1": "Gaza Strip", "admin2": "North Gaza", "admin3": null, "location": "Beit Lahiya", "latitude": 31.5541, "longitude": 34.5016, "geo_precision": 1, "source": "Palestine News and Information Agency; Palestinian Ministry of Health", "source_scale": "Other-National", "notes": "On 8 December 2023, Israeli warplanes carried out airstrikes in Beit Lahiya and struck a center for hosting displaced people on the outskirts of the Indonesian Hospital (North Gaza, Gaza Strip), leaving an unspecified number of fatalities. [Palestinian Ministry of Health reported 17700 fatalities between 7 October - 8 December 2023. 111 fatalities not attributed to specific events split across 13 events between 7 - 8 December. 9 fatalities coded to this event.]", "fatalities": 9, "tags": null, "timestamp": 1753954979 }, "geometry": { "type": "Point", "coordinates": [ 34.5016, 31.5541 ] } },
{ "type": "Feature", "properties": { "event_id_cnty": "PSE42597", "event_date": "12/8/2023", "year": 2023, "time_precision": 1, "disorder_type": "Political violence", "event_type": "Explosions/Remote violence", "sub_event_type": "Air/drone strike", "actor1": "Military Forces of Israel (2022-)", "assoc_actor_1": null, "inter1": 8, "actor2": "Civilians (Palestine)", "assoc_actor_2": "Muslim Group (Palestine)", "inter2": 7, "interaction": 78, "civilian_targeting": "Civilian targeting", "iso": 275, "region": "Middle East", "country": "Palestine", "admin1": "Gaza Strip", "admin2": "Deir El Balah", "admin3": null, "location": "Deir al Balah", "latitude": 31.4178, "longitude": 34.3503, "geo_precision": 1, "source": "Palestine News and Information Agency; Palestinian Ministry of Health; Quds News Network; Twitter", "source_scale": "Other-New media", "notes": "On 8 December 2023, Israeli warplanes struck the Yafa mosque and a house in Deir al Balah (Deir El Balah, Gaza Strip), leaving an unspecified number of fatalities. [Palestinian Ministry of Health reported 17700 fatalities between 7 October - 8 December 2023. 111 fatalities not attributed to specific events split across 13 events between 7 - 8 December. 9 fatalities coded to this event.]", "fatalities": 9, "tags": null, "timestamp": 1753954979 }, "geometry": { "type": "Point", "coordinates": [ 34.3503, 31.4178 ] } },
{ "type": "Feature", "properties": { "event_id_cnty": "PSE42599", "event_date": "12/8/2023", "year": 2023, "time_precision": 1, "disorder_type": "Political violence", "event_type": "Explosions/Remote violence", "sub_event_type": "Air/drone strike", "actor1": "Military Forces of Israel (2022-)", "assoc_actor_1": null, "inter1": 8, "actor2": "Civilians (Palestine)", "assoc_actor_2": null, "inter2": 7, "interaction": 78, "civilian_targeting": "Civilian targeting", "iso": 275, "region": "Middle East", "country": "Palestine", "admin1": "Gaza Strip", "admin2": "Gaza City", "admin3": null, "location": "Gaza - Southern Remal", "latitude": 31.5168, "longitude": 34.4355, "geo_precision": 1, "source": "Palestine News and Information Agency; Palestinian Ministry of Health", "source_scale": "Other-National", "notes": "On 8 December 2023, Israeli warplanes struck houses in Gaza - Southern Remal (Gaza City, Gaza Strip), leaving an unspecified number of fatalities and injuries. [Palestinian Ministry of Health reported 17700 fatalities between 7 October - 8 December 2023. 111 fatalities not attributed to specific events split across 13 events between 7 - 8 December. 9 fatalities coded to this event.]", "fatalities": 9, "tags": null, "timestamp": 1759789988 }, "geometry": { "type": "Point", "coordinates": [ 34.4355, 31.5168 ] } },
{ "type": "Feature", "properties": { "event_id_cnty": "PSE42443", "event_date": "12/8/2023", "year": 2023, "time_precision": 1, "disorder_type": "Political violence", "event_type": "Violence against civilians", "sub_event_type": "Abduction/forced disappearance", "actor1": "Military Forces of Israel (2022-)", "assoc_actor_1": null, "inter1": 8, "actor2": "Civilians (Palestine)", "assoc_actor_2": null, "inter2": 7, "interaction": 78, "civilian_targeting": "Civilian targeting", "iso": 275, "region": "Middle East", "country": "Palestine", "admin1": "Gaza Strip", "admin2": "Gaza City", "admin3": null, "location": "Al Mughraqa", "latitude": 31.4675, "longitude": 34.4097, "geo_precision": 1, "source": "Ma'an News Agency", "source_scale": "National", "notes": "On 8 December 2023, Israeli military forces arrested hundreds of Palestinians at the Kuwait crossing in Al Mughraqa (Gaza City, Gaza Strip).", "fatalities": 0, "tags": null, "timestamp": 1772581279 }, "geometry": { "type": "Point", "coordinates": [ 34.4097, 31.4675 ] } },
{ "type": "Feature", "properties": { "event_id_cnty": "PSE42455", "event_date": "12/8/2023", "year": 2023, "time_precision": 1, "disorder_type": "Political violence", "event_type": "Explosions/Remote violence", "sub_event_type": "Air/drone strike", "actor1": "Military Forces of Israel (2022-)", "assoc_actor_1": null, "inter1": 8, "actor2": "Civilians (Palestine)", "assoc_actor_2": null, "inter2": 7, "interaction": 78, "civilian_targeting": "Civilian targeting", "iso": 275, "region": "Middle East", "country": "Palestine", "admin1": "Gaza Strip", "admin2": "Gaza City", "admin3": null, "location": "Gaza - Az Zaytun", "latitude": 31.4964, "longitude": 34.4522, "geo_precision": 1, "source": "Ma'an News Agency", "source_scale": "National", "notes": "On 8 December 2023, Israeli warplanes struck a building and a house in Gaza - Az Zaytun (Gaza City, Gaza Strip). In both attacks there were dozens killed. Fatalities coded as 12.", "fatalities": 12, "tags": null, "timestamp": 1759789988 }, "geometry": { "type": "Point", "coordinates": [ 34.4522, 31.4964 ] } },
{ "type": "Feature", "properties": { "event_id_cnty": "PSE42460", "event_date": "12/8/2023", "year": 2023, "time_precision": 1, "disorder_type": "Political violence", "event_type": "Violence against civilians", "sub_event_type": "Attack", "actor1": "Military Forces of Israel (2022-)", "assoc_actor_1": null, "inter1": 8, "actor2": "Civilians (Palestine)", "assoc_actor_2": "Health Workers (Palestine)", "inter2": 7, "interaction": 78, "civilian_targeting": "Civilian targeting", "iso": 275, "region": "Middle East", "country": "Palestine", "admin1": "Gaza Strip", "admin2": "North Gaza", "admin3": null, "location": "Jabalya", "latitude": 31.5272, "longitude": 34.4835, "geo_precision": 1, "source": "Palestine News and Information Agency; Quds News Network; Twitter", "source_scale": "New media-National", "notes": "On 8 December 2023, Israeli snipers targeted Al Awda Hospital in Jabalya (North Gaza, Gaza Strip), killing a doctor.", "fatalities": 1, "tags": null, "timestamp": 1759789988 }, "geometry": { "type": "Point", "coordinates": [ 34.4835, 31.5272 ] } },
{ "type": "Feature", "properties": { "event_id_cnty": "PSE42626", "event_date": "12/8/2023", "year": 2023, "time_precision": 1, "disorder_type": "Political violence", "event_type": "Explosions/Remote violence", "sub_event_type": "Air/drone strike", "actor1": "Military Forces of Israel (2022-)", "assoc_actor_1": null, "inter1": 8, "actor2": "Civilians (Palestine)", "assoc_actor_2": null, "inter2": 7, "interaction": 78, "civilian_targeting": "Civilian targeting", "iso": 275, "region": "Middle East", "country": "Palestine", "admin1": "Gaza Strip", "admin2": "Khan Yunis", "admin3": null, "location": "Qizan an Najjar", "latitude": 31.323, "longitude": 34.2761, "geo_precision": 1, "source": "Palestinian Ministry of Health; Quds News Network; Twitter", "source_scale": "Other-New media", "notes": "On 8 December 2023, Israeli warplanes struck a house in Qizan an Najjar (Khan Yunis, Gaza Strip), leaving an unspecified number of fatalities and injuries. [Palestinian Ministry of Health reported 17700 fatalities between 7 October - 8 December 2023. 111 fatalities not attributed to specific events split across 13 events between 7 - 8 December. 9 fatalities coded to this event.]", "fatalities": 9, "tags": null, "timestamp": 1753954979 }, "geometry": { "type": "Point", "coordinates": [ 34.2761, 31.323 ] } },
{ "type": "Feature", "properties": { "event_id_cnty": "PSE42627", "event_date": "12/8/2023", "year": 2023, "time_precision": 1, "disorder_type": "Political violence", "event_type": "Explosions/Remote violence", "sub_event_type": "Air/drone strike", "actor1": "Military Forces of Israel (2022-)", "assoc_actor_1": null, "inter1": 8, "actor2": "Civilians (Palestine)", "assoc_actor_2": "Muslim Group (Palestine)", "inter2": 7, "interaction": 78, "civilian_targeting": "Civilian targeting", "iso": 275, "region": "Middle East", "country": "Palestine", "admin1": "Gaza Strip", "admin2": "Khan Yunis", "admin3": null, "location": "Khan Yunis - As-Sameen", "latitude": 31.3369, "longitude": 34.2925, "geo_precision": 1, "source": "Palestinian Ministry of Health; Quds News Network; Twitter", "source_scale": "Other-New media", "notes": "On 8 December 2023, Israeli warplanes struck a mosque in Khan Yunis - As-Sameen (Khan Yunis, Gaza Strip), leaving an unspecified number of fatalities and injuries. [Palestinian Ministry of Health reported 17700 fatalities between 7 October - 8 December 2023. 111 fatalities not attributed to specific events split across 13 events between 7 - 8 December. 9 fatalities coded to this event.]", "fatalities": 9, "tags": null, "timestamp": 1753954979 }, "geometry": { "type": "Point", "coordinates": [ 34.2925, 31.3369 ] } },
{ "type": "Feature", "properties": { "event_id_cnty": "PSE43141", "event_date": "12/9/2023", "year": 2023, "time_precision": 1, "disorder_type": "Political violence", "event_type": "Explosions/Remote violence", "sub_event_type": "Air/drone strike", "actor1": "Military Forces of Israel (2022-)", "assoc_actor_1": null, "inter1": 8, "actor2": "Civilians (Palestine)", "assoc_actor_2": null, "inter2": 7, "interaction": 78, "civilian_targeting": "Civilian targeting", "iso": 275, "region": "Middle East", "country": "Palestine", "admin1": "Gaza Strip", "admin2": "Khan Yunis", "admin3": null, "location": "Bani Suheila", "latitude": 31.3424, "longitude": 34.325, "geo_precision": 2, "source": "PLO Negotiations Affairs Department; Quds News Network; Twitter", "source_scale": "Other-New media", "notes": "On 9 December 2023, Israeli warplanes, artillery, and tanks shelled targets east of Khan Yunis (coded to Bani Suheila, Gaza Strip). Casualties unknown.", "fatalities": 0, "tags": null, "timestamp": 1753954979 }, "geometry": { "type": "Point", "coordinates": [ 34.325, 31.3424 ] } },
{ "type": "Feature", "properties": { "event_id_cnty": "PSE43151", "event_date": "12/9/2023", "year": 2023, "time_precision": 1, "disorder_type": "Political violence", "event_type": "Explosions/Remote violence", "sub_event_type": "Air/drone strike", "actor1": "Military Forces of Israel (2022-)", "assoc_actor_1": null, "inter1": 8, "actor2": "Civilians (Palestine)", "assoc_actor_2": null, "inter2": 7, "interaction": 78, "civilian_targeting": "Civilian targeting", "iso": 275, "region": "Middle East", "country": "Palestine", "admin1": "Gaza Strip", "admin2": "Gaza City", "admin3": null, "location": "Gaza - Ad Darraj", "latitude": 31.5172, "longitude": 34.4642, "geo_precision": 1, "source": "Ma'an News Agency; Palestine News and Information Agency; Quds News Network", "source_scale": "National", "notes": "On 9 December 2023, Israeli warplanes carried out airstrikes in Al Sahabah in Gaza - Ad Darraj (Gaza City, Gaza Strip), killing 20 Palestinians and injuring dozens.", "fatalities": 20, "tags": null, "timestamp": 1759789988 }, "geometry": { "type": "Point", "coordinates": [ 34.4642, 31.5172 ] } },
{ "type": "Feature", "properties": { "event_id_cnty": "PSE43154", "event_date": "12/9/2023", "year": 2023, "time_precision": 1, "disorder_type": "Political violence", "event_type": "Explosions/Remote violence", "sub_event_type": "Air/drone strike", "actor1": "Military Forces of Israel (2022-)", "assoc_actor_1": null, "inter1": 8, "actor2": "Civilians (Palestine)", "assoc_actor_2": null, "inter2": 7, "interaction": 78, "civilian_targeting": "Civilian targeting", "iso": 275, "region": "Middle East", "country": "Palestine", "admin1": "Gaza Strip", "admin2": "Gaza City", "admin3": null, "location": "Gaza - Shujaiyya", "latitude": 31.4988, "longitude": 34.4699, "geo_precision": 1, "source": "Palestine News and Information Agency; Quds News Network", "source_scale": "National", "notes": "On 9 December 2023, Israeli warplanes struck 3 houses in Al Mansourah street and Al Tawaheen area in Gaza - Shujaiyya (Gaza City, Gaza Strip), killing 12 Palestinians and injuring dozens others. Meanwhile, artillery shelled targets in the area.", "fatalities": 12, "tags": null, "timestamp": 1759789988 }, "geometry": { "type": "Point", "coordinates": [ 34.4699, 31.4988 ] } },
{ "type": "Feature", "properties": { "event_id_cnty": "PSE43158", "event_date": "12/9/2023", "year": 2023, "time_precision": 1, "disorder_type": "Political violence", "event_type": "Explosions/Remote violence", "sub_event_type": "Air/drone strike", "actor1": "Military Forces of Israel (2022-)", "assoc_actor_1": null, "inter1": 8, "actor2": "Civilians (Palestine)", "assoc_actor_2": "Health Workers (Palestine)", "inter2": 7, "interaction": 78, "civilian_targeting": "Civilian targeting", "iso": 275, "region": "Middle East", "country": "Palestine", "admin1": "Gaza Strip", "admin2": "Khan Yunis", "admin3": null, "location": "Al Fukhari", "latitude": 31.2952, "longitude": 34.3332, "geo_precision": 1, "source": "Palestine News and Information Agency; Quds News Network", "source_scale": "National", "notes": "On 9 December 2023, Israeli warplanes struck a Palestinian ambulance near the European Hospital in Al Fukhari (Khan Yunis, Gaza Strip), injuring 2 Palestinians.", "fatalities": 0, "tags": null, "timestamp": 1753954979 }, "geometry": { "type": "Point", "coordinates": [ 34.3332, 31.2952 ] } },
{ "type": "Feature", "properties": { "event_id_cnty": "PSE43159", "event_date": "12/9/2023", "year": 2023, "time_precision": 1, "disorder_type": "Political violence", "event_type": "Violence against civilians", "sub_event_type": "Abduction/forced disappearance", "actor1": "Military Forces of Israel (2022-)", "assoc_actor_1": null, "inter1": 8, "actor2": "Civilians (Palestine)", "assoc_actor_2": "Health Workers (Palestine)", "inter2": 7, "interaction": 78, "civilian_targeting": "Civilian targeting", "iso": 275, "region": "Middle East", "country": "Palestine", "admin1": "Gaza Strip", "admin2": "Gaza City", "admin3": null, "location": "Gaza", "latitude": 31.5045, "longitude": 34.4743, "geo_precision": 1, "source": "Palestine News and Information Agency", "source_scale": "National", "notes": "On 9 December 2023, Israeli military forces arrested dozens of Palestinians in Gaza (Gaza City, Gaza Strip), including a doctor.", "fatalities": 0, "tags": null, "timestamp": 1772581279 }, "geometry": { "type": "Point", "coordinates": [ 34.4743, 31.5045 ] } },
{ "type": "Feature", "properties": { "event_id_cnty": "PSE43162", "event_date": "12/9/2023", "year": 2023, "time_precision": 1, "disorder_type": "Political violence", "event_type": "Explosions/Remote violence", "sub_event_type": "Air/drone strike", "actor1": "Military Forces of Israel (2022-)", "assoc_actor_1": null, "inter1": 8, "actor2": "Civilians (Palestine)", "assoc_actor_2": null, "inter2": 7, "interaction": 78, "civilian_targeting": "Civilian targeting", "iso": 275, "region": "Middle East", "country": "Palestine", "admin1": "Gaza Strip", "admin2": "Khan Yunis", "admin3": null, "location": "Khan Yunis", "latitude": 31.3502, "longitude": 34.3081, "geo_precision": 1, "source": "Dunia Al Watan; Ma'an News Agency; Newpress; Palestine News and Information Agency; Quds News Network; Twitter", "source_scale": "New media-National", "notes": "On 9 December 2023, Israeli warplanes struck houses in Khan Yunis city (Khan Yunis, Gaza Strip), killing at least one Palestinian and injuring dozens others. Meanwhile, artillery shelled targets in the city, including the Jordanian field hospital, with no casualties in the hospital.", "fatalities": 1, "tags": null, "timestamp": 1753954979 }, "geometry": { "type": "Point", "coordinates": [ 34.3081, 31.3502 ] } },
{ "type": "Feature", "properties": { "event_id_cnty": "PSE43166", "event_date": "12/9/2023", "year": 2023, "time_precision": 1, "disorder_type": "Political violence", "event_type": "Explosions/Remote violence", "sub_event_type": "Air/drone strike", "actor1": "Military Forces of Israel (2022-)", "assoc_actor_1": null, "inter1": 8, "actor2": "Civilians (Palestine)", "assoc_actor_2": null, "inter2": 7, "interaction": 78, "civilian_targeting": "Civilian targeting", "iso": 275, "region": "Middle East", "country": "Palestine", "admin1": "Gaza Strip", "admin2": "Khan Yunis", "admin3": null, "location": "Bani Suheila", "latitude": 31.3424, "longitude": 34.325, "geo_precision": 1, "source": "Newpress; Palestine News and Information Agency; PLO Negotiations Affairs Department; Quds News Network; Twitter", "source_scale": "Other-New media", "notes": "On 9 December 2023, Israeli warplanes struck houses and artillery shelled targets in Bani Suheila (Khan Yunis, Gaza Strip). Casualties unknown.", "fatalities": 0, "tags": null, "timestamp": 1753954979 }, "geometry": { "type": "Point", "coordinates": [ 34.325, 31.3424 ] } },
{ "type": "Feature", "properties": { "event_id_cnty": "PSE43178", "event_date": "12/9/2023", "year": 2023, "time_precision": 1, "disorder_type": "Political violence", "event_type": "Explosions/Remote violence", "sub_event_type": "Air/drone strike", "actor1": "Military Forces of Israel (2022-)", "assoc_actor_1": null, "inter1": 8, "actor2": "Civilians (Palestine)", "assoc_actor_2": "Refugees/IDPs (Palestine)", "inter2": 7, "interaction": 78, "civilian_targeting": "Civilian targeting", "iso": 275, "region": "Middle East", "country": "Palestine", "admin1": "Gaza Strip", "admin2": "Khan Yunis", "admin3": null, "location": "Khan Yunis - West (Municipal Stadium)", "latitude": 31.3484, "longitude": 34.2961, "geo_precision": 1, "source": "Ma'an News Agency; PLO Negotiations Affairs Department", "source_scale": "Other-National", "notes": "On 9 December 2023, Israeli warplanes struck houses in Khan Yunis refugee camp west of Khan Yunis city, Khan Yunis - West (Municipal Stadium) in Gaza Strip. Casualties unknown.", "fatalities": 0, "tags": null, "timestamp": 1753954979 }, "geometry": { "type": "Point", "coordinates": [ 34.2961, 31.3484 ] } },
{ "type": "Feature", "properties": { "event_id_cnty": "PSE43183", "event_date": "12/9/2023", "year": 2023, "time_precision": 1, "disorder_type": "Political violence", "event_type": "Explosions/Remote violence", "sub_event_type": "Air/drone strike", "actor1": "Military Forces of Israel (2022-)", "assoc_actor_1": null, "inter1": 8, "actor2": "Civilians (Palestine)", "assoc_actor_2": null, "inter2": 7, "interaction": 78, "civilian_targeting": "Civilian targeting", "iso": 275, "region": "Middle East", "country": "Palestine", "admin1": "Gaza Strip", "admin2": "Gaza City", "admin3": null, "location": "Gaza - Sheikh Radwan", "latitude": 31.5349, "longitude": 34.4667, "geo_precision": 1, "source": "PLO Negotiations Affairs Department; Quds News Network", "source_scale": "Other-National", "notes": "On 9 December 2023, Israeli warplanes carried out airstrikes in Gaza - Sheikh Radwan (Gaza City, Gaza Strip). Casualties unknown.", "fatalities": 0, "tags": null, "timestamp": 1759789988 }, "geometry": { "type": "Point", "coordinates": [ 34.4667, 31.5349 ] } },
{ "type": "Feature", "properties": { "event_id_cnty": "PSE43656", "event_date": "12/9/2023", "year": 2023, "time_precision": 1, "disorder_type": "Political violence", "event_type": "Explosions/Remote violence", "sub_event_type": "Shelling/artillery/missile attack", "actor1": "Military Forces of Israel (2022-)", "assoc_actor_1": null, "inter1": 8, "actor2": "Civilians (Palestine)", "assoc_actor_2": null, "inter2": 7, "interaction": 78, "civilian_targeting": "Civilian targeting", "iso": 275, "region": "Middle East", "country": "Palestine", "admin1": "Gaza Strip", "admin2": "Gaza City", "admin3": null, "location": "Gaza - Shujaiyya", "latitude": 31.4988, "longitude": 34.4699, "geo_precision": 2, "source": "PLO Negotiations Affairs Department; Quds News Network", "source_scale": "Other-National", "notes": "On 9 December 2023, Israeli artillery and tanks shelled targets east of Gaza City (coded to Gaza - Shujaiyya, Gaza Strip). Casualties unknown.", "fatalities": 0, "tags": null, "timestamp": 1759789988 }, "geometry": { "type": "Point", "coordinates": [ 34.4699, 31.4988 ] } },
{ "type": "Feature", "properties": { "event_id_cnty": "PSE43663", "event_date": "12/9/2023", "year": 2023, "time_precision": 1, "disorder_type": "Political violence", "event_type": "Explosions/Remote violence", "sub_event_type": "Shelling/artillery/missile attack", "actor1": "Military Forces of Israel (2022-)", "assoc_actor_1": null, "inter1": 8, "actor2": "Civilians (Palestine)", "assoc_actor_2": null, "inter2": 7, "interaction": 78, "civilian_targeting": "Civilian targeting", "iso": 275, "region": "Middle East", "country": "Palestine", "admin1": "Gaza Strip", "admin2": "Gaza City", "admin3": null, "location": "Gaza Port", "latitude": 31.5245, "longitude": 34.4326, "geo_precision": 2, "source": "PLO Negotiations Affairs Department", "source_scale": "Other", "notes": "On 9 December 2023, Israeli gunboats shelled targets along the Coast of Gaza City (coded to Gaza Port, Gaza Strip). Casualties unknown.", "fatalities": 0, "tags": null, "timestamp": 1753954979 }, "geometry": { "type": "Point", "coordinates": [ 34.4326, 31.5245 ] } },
{ "type": "Feature", "properties": { "event_id_cnty": "PSE43664", "event_date": "12/9/2023", "year": 2023, "time_precision": 1, "disorder_type": "Political violence", "event_type": "Explosions/Remote violence", "sub_event_type": "Shelling/artillery/missile attack", "actor1": "Military Forces of Israel (2022-)", "assoc_actor_1": null, "inter1": 8, "actor2": "Civilians (Palestine)", "assoc_actor_2": null, "inter2": 7, "interaction": 78, "civilian_targeting": "Civilian targeting", "iso": 275, "region": "Middle East", "country": "Palestine", "admin1": "Gaza Strip", "admin2": "North Gaza", "admin3": null, "location": "Beit Lahiya - As Siafa", "latitude": 31.5887, "longitude": 34.4959, "geo_precision": 2, "source": "PLO Negotiations Affairs Department", "source_scale": "Other", "notes": "On 9 December 2023, Israeli gunboats shelled targets along the Coast of North Gaza (coded to Beit Lahiya - As Siafa, Gaza Strip). Casualties unknown.", "fatalities": 0, "tags": null, "timestamp": 1762292062 }, "geometry": { "type": "Point", "coordinates": [ 34.4959, 31.5887 ] } },
{ "type": "Feature", "properties": { "event_id_cnty": "PSE43665", "event_date": "12/9/2023", "year": 2023, "time_precision": 1, "disorder_type": "Political violence", "event_type": "Explosions/Remote violence", "sub_event_type": "Shelling/artillery/missile attack", "actor1": "Military Forces of Israel (2022-)", "assoc_actor_1": null, "inter1": 8, "actor2": "Civilians (Palestine)", "assoc_actor_2": null, "inter2": 7, "interaction": 78, "civilian_targeting": "Civilian targeting", "iso": 275, "region": "Middle East", "country": "Palestine", "admin1": "Gaza Strip", "admin2": "Rafah", "admin3": null, "location": "Coast of Rafah", "latitude": 31.3474, "longitude": 34.2226, "geo_precision": 2, "source": "Palestine News and Information Agency; PLO Negotiations Affairs Department", "source_scale": "Other-National", "notes": "On 9 December 2023, Israeli gunboats shelled targets along the Coast of Rafah (Rafah, Gaza Strip). Casualties unknown.", "fatalities": 0, "tags": null, "timestamp": 1753954979 }, "geometry": { "type": "Point", "coordinates": [ 34.2226, 31.3474 ] } },
{ "type": "Feature", "properties": { "event_id_cnty": "PSE43667", "event_date": "12/9/2023", "year": 2023, "time_precision": 1, "disorder_type": "Political violence", "event_type": "Explosions/Remote violence", "sub_event_type": "Shelling/artillery/missile attack", "actor1": "Military Forces of Israel (2022-)", "assoc_actor_1": null, "inter1": 8, "actor2": "Civilians (Palestine)", "assoc_actor_2": null, "inter2": 7, "interaction": 78, "civilian_targeting": "Civilian targeting", "iso": 275, "region": "Middle East", "country": "Palestine", "admin1": "Gaza Strip", "admin2": "Khan Yunis", "admin3": null, "location": "Khan Yunis Port", "latitude": 31.3691, "longitude": 34.2734, "geo_precision": 2, "source": "PLO Negotiations Affairs Department", "source_scale": "Other", "notes": "On 9 December 2023, Israeli gunboats shelled targets along the coast of Khan Yunis (coded to Khan Yunis Port, Gaza Strip). Casualties unknown.", "fatalities": 0, "tags": null, "timestamp": 1753954979 }, "geometry": { "type": "Point", "coordinates": [ 34.2734, 31.3691 ] } },
{ "type": "Feature", "properties": { "event_id_cnty": "PSE43668", "event_date": "12/9/2023", "year": 2023, "time_precision": 1, "disorder_type": "Political violence", "event_type": "Explosions/Remote violence", "sub_event_type": "Shelling/artillery/missile attack", "actor1": "Military Forces of Israel (2022-)", "assoc_actor_1": null, "inter1": 8, "actor2": "Civilians (Palestine)", "assoc_actor_2": null, "inter2": 7, "interaction": 78, "civilian_targeting": "Civilian targeting", "iso": 275, "region": "Middle East", "country": "Palestine", "admin1": "Gaza Strip", "admin2": "Gaza City", "admin3": null, "location": "Gaza - Northern Remal", "latitude": 31.524, "longitude": 34.4505, "geo_precision": 1, "source": "Palestine News and Information Agency", "source_scale": "National", "notes": "On 9 December 2023, Israeli artillery shelled houses in Gaza - Northern Remal (Gaza City, Gaza Strip), killing at least 9 Palestinians, a woman and her 8 children, and injuring dozens of others.", "fatalities": 9, "tags": null, "timestamp": 1759789988 }, "geometry": { "type": "Point", "coordinates": [ 34.4505, 31.524 ] } },
{ "type": "Feature", "properties": { "event_id_cnty": "PSE43669", "event_date": "12/9/2023", "year": 2023, "time_precision": 1, "disorder_type": "Political violence", "event_type": "Explosions/Remote violence", "sub_event_type": "Shelling/artillery/missile attack", "actor1": "Military Forces of Israel (2022-)", "assoc_actor_1": null, "inter1": 8, "actor2": "Civilians (Palestine)", "assoc_actor_2": null, "inter2": 7, "interaction": 78, "civilian_targeting": "Civilian targeting", "iso": 275, "region": "Middle East", "country": "Palestine", "admin1": "Gaza Strip", "admin2": "Khan Yunis", "admin3": null, "location": "Abasan al Kabirah", "latitude": 31.3191, "longitude": 34.3401, "geo_precision": 1, "source": "Palestine News and Information Agency; PLO Negotiations Affairs Department; Quds News Network", "source_scale": "Other-National", "notes": "On 9 December 2023, Israeli artillery shelled targets in Abasan al Kabirah (Khan Yunis, Gaza Strip). Casualties unknown.", "fatalities": 0, "tags": null, "timestamp": 1753954979 }, "geometry": { "type": "Point", "coordinates": [ 34.3401, 31.3191 ] } },
{ "type": "Feature", "properties": { "event_id_cnty": "PSE43670", "event_date": "12/9/2023", "year": 2023, "time_precision": 1, "disorder_type": "Political violence", "event_type": "Explosions/Remote violence", "sub_event_type": "Shelling/artillery/missile attack", "actor1": "Military Forces of Israel (2022-)", "assoc_actor_1": null, "inter1": 8, "actor2": "Civilians (Palestine)", "assoc_actor_2": null, "inter2": 7, "interaction": 78, "civilian_targeting": "Civilian targeting", "iso": 275, "region": "Middle East", "country": "Palestine", "admin1": "Gaza Strip", "admin2": "Khan Yunis", "admin3": null, "location": "Khan Yunis - Maen", "latitude": 31.336, "longitude": 34.3172, "geo_precision": 1, "source": "Palestine News and Information Agency; PLO Negotiations Affairs Department", "source_scale": "Other-National", "notes": "On 9 December 2023, Israeli artillery shelled targets in Khan Yunis - Maen (Khan Yunis, Gaza Strip). Casualties unknown.", "fatalities": 0, "tags": null, "timestamp": 1753954979 }, "geometry": { "type": "Point", "coordinates": [ 34.3172, 31.336 ] } },
{ "type": "Feature", "properties": { "event_id_cnty": "PSE43672", "event_date": "12/9/2023", "year": 2023, "time_precision": 1, "disorder_type": "Political violence", "event_type": "Explosions/Remote violence", "sub_event_type": "Shelling/artillery/missile attack", "actor1": "Military Forces of Israel (2022-)", "assoc_actor_1": null, "inter1": 8, "actor2": "Civilians (Palestine)", "assoc_actor_2": null, "inter2": 7, "interaction": 78, "civilian_targeting": "Civilian targeting", "iso": 275, "region": "Middle East", "country": "Palestine", "admin1": "Gaza Strip", "admin2": "Khan Yunis", "admin3": null, "location": "Al Qararah", "latitude": 31.3739, "longitude": 34.3409, "geo_precision": 1, "source": "PLO Negotiations Affairs Department; Quds News Network", "source_scale": "Other-National", "notes": "On 9 December 2023, Israeli artillery shelled targets in Al Qararah (Khan Yunis, Gaza Strip). Casualties unknown.", "fatalities": 0, "tags": null, "timestamp": 1753954979 }, "geometry": { "type": "Point", "coordinates": [ 34.3409, 31.3739 ] } },
{ "type": "Feature", "properties": { "event_id_cnty": "PSE43675", "event_date": "12/9/2023", "year": 2023, "time_precision": 1, "disorder_type": "Political violence", "event_type": "Explosions/Remote violence", "sub_event_type": "Shelling/artillery/missile attack", "actor1": "Military Forces of Israel (2022-)", "assoc_actor_1": null, "inter1": 8, "actor2": "Civilians (Palestine)", "assoc_actor_2": null, "inter2": 7, "interaction": 78, "civilian_targeting": "Civilian targeting", "iso": 275, "region": "Middle East", "country": "Palestine", "admin1": "Gaza Strip", "admin2": "Khan Yunis", "admin3": null, "location": "Khan Yunis - As Sater", "latitude": 31.3637, "longitude": 34.3228, "geo_precision": 1, "source": "PLO Negotiations Affairs Department; Quds News Network", "source_scale": "Other-National", "notes": "On 9 December 2023, Israeli artillery shelled targets in Khan Yunis - As Sater (Khan Yunis, Gaza Strip). Casualties unknown.", "fatalities": 0, "tags": null, "timestamp": 1753954979 }, "geometry": { "type": "Point", "coordinates": [ 34.3228, 31.3637 ] } },
{ "type": "Feature", "properties": { "event_id_cnty": "PSE43152", "event_date": "12/9/2023", "year": 2023, "time_precision": 1, "disorder_type": "Political violence", "event_type": "Explosions/Remote violence", "sub_event_type": "Air/drone strike", "actor1": "Military Forces of Israel (2022-)", "assoc_actor_1": null, "inter1": 8, "actor2": "Civilians (Palestine)", "assoc_actor_2": "Refugees/IDPs (Palestine)", "inter2": 7, "interaction": 78, "civilian_targeting": "Civilian targeting", "iso": 275, "region": "Middle East", "country": "Palestine", "admin1": "Gaza Strip", "admin2": "Deir El Balah", "admin3": null, "location": "Al Burayj", "latitude": 31.4394, "longitude": 34.4031, "geo_precision": 1, "source": "Palestine News and Information Agency; Quds News Network; Twitter", "source_scale": "New media-National", "notes": "On 9 December 2023, Israeli warplanes struck houses in Al Burayj refugee camp (Deir El Balah, Gaza Strip), killing at least 7 Palestinians and injuring dozens of others.", "fatalities": 7, "tags": null, "timestamp": 1753954979 }, "geometry": { "type": "Point", "coordinates": [ 34.4031, 31.4394 ] } },
{ "type": "Feature", "properties": { "event_id_cnty": "PSE43153", "event_date": "12/9/2023", "year": 2023, "time_precision": 1, "disorder_type": "Political violence", "event_type": "Explosions/Remote violence", "sub_event_type": "Air/drone strike", "actor1": "Military Forces of Israel (2022-)", "assoc_actor_1": null, "inter1": 8, "actor2": "Civilians (Palestine)", "assoc_actor_2": null, "inter2": 7, "interaction": 78, "civilian_targeting": "Civilian targeting", "iso": 275, "region": "Middle East", "country": "Palestine", "admin1": "Gaza Strip", "admin2": "Deir El Balah", "admin3": null, "location": "An Nusayrat - North", "latitude": 31.4591, "longitude": 34.3923, "geo_precision": 1, "source": "Newpress; Palestine News and Information Agency; Quds News Network; Twitter", "source_scale": "New media-National", "notes": "On 9 December 2023, Israeli warplanes struck the Abu Mhadi land north of An Nusayrat (An Nusayrat - North, Deir El Balah, Gaza Strip), killing 6 persons.", "fatalities": 6, "tags": null, "timestamp": 1753954979 }, "geometry": { "type": "Point", "coordinates": [ 34.3923, 31.4591 ] } },
{ "type": "Feature", "properties": { "event_id_cnty": "PSE43161", "event_date": "12/9/2023", "year": 2023, "time_precision": 1, "disorder_type": "Political violence", "event_type": "Explosions/Remote violence", "sub_event_type": "Air/drone strike", "actor1": "Military Forces of Israel (2022-)", "assoc_actor_1": null, "inter1": 8, "actor2": "Civilians (Palestine)", "assoc_actor_2": null, "inter2": 7, "interaction": 78, "civilian_targeting": "Civilian targeting", "iso": 275, "region": "Middle East", "country": "Palestine", "admin1": "Gaza Strip", "admin2": "Deir El Balah", "admin3": null, "location": "Deir al Balah", "latitude": 31.4178, "longitude": 34.3503, "geo_precision": 1, "source": "Liveuamap; Newpress; Palestine News and Information Agency; Quds News Network; Twitter", "source_scale": "Local partner-New media", "notes": "On 9 December 2023, Israeli warplanes struck 3 houses in Deir al Balah (Deir El Balah, Gaza Strip), killing 6 Palestinians and injuring dozens of others. Also, 4 Palestinians were killed and dozens of others were injured in a separate airstrike. Total fatalities coded 10.", "fatalities": 10, "tags": null, "timestamp": 1753954979 }, "geometry": { "type": "Point", "coordinates": [ 34.3503, 31.4178 ] } },
{ "type": "Feature", "properties": { "event_id_cnty": "PSE43163", "event_date": "12/9/2023", "year": 2023, "time_precision": 1, "disorder_type": "Political violence", "event_type": "Explosions/Remote violence", "sub_event_type": "Air/drone strike", "actor1": "Military Forces of Israel (2022-)", "assoc_actor_1": null, "inter1": 8, "actor2": "Civilians (Palestine)", "assoc_actor_2": "Refugees/IDPs (Palestine)", "inter2": 7, "interaction": 78, "civilian_targeting": "Civilian targeting", "iso": 275, "region": "Middle East", "country": "Palestine", "admin1": "Gaza Strip", "admin2": "Deir El Balah", "admin3": null, "location": "Al Maghazi", "latitude": 31.4214, "longitude": 34.3865, "geo_precision": 1, "source": "Palestine News and Information Agency; Quds News Network", "source_scale": "National", "notes": "On 9 December 2023, Israeli warplanes struck a house in Al Maghazi refugee camp (Deir El Balah, Gaza Strip), killing 9 Palestinians and injuring dozens.", "fatalities": 9, "tags": null, "timestamp": 1753954979 }, "geometry": { "type": "Point", "coordinates": [ 34.3865, 31.4214 ] } },
{ "type": "Feature", "properties": { "event_id_cnty": "PSE43168", "event_date": "12/9/2023", "year": 2023, "time_precision": 1, "disorder_type": "Political violence", "event_type": "Explosions/Remote violence", "sub_event_type": "Air/drone strike", "actor1": "Military Forces of Israel (2022-)", "assoc_actor_1": null, "inter1": 8, "actor2": "Civilians (Palestine)", "assoc_actor_2": null, "inter2": 7, "interaction": 78, "civilian_targeting": "Civilian targeting", "iso": 275, "region": "Middle East", "country": "Palestine", "admin1": "Gaza Strip", "admin2": "Deir El Balah", "admin3": null, "location": "An Nusayrat", "latitude": 31.4486, "longitude": 34.3925, "geo_precision": 1, "source": "Liveuamap; Ma'an News Agency; Newpress; Palestine News and Information Agency; Quds News Network; Twitter", "source_scale": "Local partner-New media", "notes": "On 9 December 2023, Israeli warplanes struck houses in An Nusayrat (Deir El Balah, Gaza Strip), killing 9 persons and injuring several of others.", "fatalities": 9, "tags": null, "timestamp": 1753954979 }, "geometry": { "type": "Point", "coordinates": [ 34.3925, 31.4486 ] } },
{ "type": "Feature", "properties": { "event_id_cnty": "PSE43659", "event_date": "12/9/2023", "year": 2023, "time_precision": 1, "disorder_type": "Political violence", "event_type": "Explosions/Remote violence", "sub_event_type": "Shelling/artillery/missile attack", "actor1": "Military Forces of Israel (2022-)", "assoc_actor_1": null, "inter1": 8, "actor2": "Civilians (Palestine)", "assoc_actor_2": null, "inter2": 7, "interaction": 78, "civilian_targeting": "Civilian targeting", "iso": 275, "region": "Middle East", "country": "Palestine", "admin1": "Gaza Strip", "admin2": "Deir El Balah", "admin3": null, "location": "Deir al Balah Camp", "latitude": 31.4249, "longitude": 34.34, "geo_precision": 2, "source": "PLO Negotiations Affairs Department", "source_scale": "Other", "notes": "On 9 December 2023, Israeli artillery and tanks shelled targets east of Deir El Balah (coded to Deir al Balah Camp, Gaza Strip). Casualties unknown.", "fatalities": 0, "tags": null, "timestamp": 1765850627 }, "geometry": { "type": "Point", "coordinates": [ 34.34, 31.4249 ] } },
{ "type": "Feature", "properties": { "event_id_cnty": "PSE43666", "event_date": "12/9/2023", "year": 2023, "time_precision": 1, "disorder_type": "Political violence", "event_type": "Explosions/Remote violence", "sub_event_type": "Shelling/artillery/missile attack", "actor1": "Military Forces of Israel (2022-)", "assoc_actor_1": null, "inter1": 8, "actor2": "Civilians (Palestine)", "assoc_actor_2": null, "inter2": 7, "interaction": 78, "civilian_targeting": "Civilian targeting", "iso": 275, "region": "Middle East", "country": "Palestine", "admin1": "Gaza Strip", "admin2": "Deir El Balah", "admin3": null, "location": "Al Brawk", "latitude": 31.4204, "longitude": 34.339, "geo_precision": 2, "source": "PLO Negotiations Affairs Department", "source_scale": "Other", "notes": "On 9 December 2023, Israeli gunboats shelled targets along the coast of Deir al Balah (coded to Al Brawk, Gaza Strip). Casualties unknown.", "fatalities": 0, "tags": null, "timestamp": 1767742780 }, "geometry": { "type": "Point", "coordinates": [ 34.339, 31.4204 ] } },
{ "type": "Feature", "properties": { "event_id_cnty": "PSE43150", "event_date": "12/9/2023", "year": 2023, "time_precision": 1, "disorder_type": "Political violence", "event_type": "Explosions/Remote violence", "sub_event_type": "Air/drone strike", "actor1": "Military Forces of Israel (2022-)", "assoc_actor_1": null, "inter1": 8, "actor2": "Civilians (Palestine)", "assoc_actor_2": null, "inter2": 7, "interaction": 78, "civilian_targeting": "Civilian targeting", "iso": 275, "region": "Middle East", "country": "Palestine", "admin1": "Gaza Strip", "admin2": "Rafah", "admin3": null, "location": "Shokat as Sufi", "latitude": 31.2586, "longitude": 34.2824, "geo_precision": 2, "source": "Ma'an News Agency; Newpress; Palestine News and Information Agency; Quds News Network; Twitter", "source_scale": "New media-National", "notes": "On 9 December 2023, Israeli warplanes struck a house near Rafah Crossing south of Shokat as Sufi (Rafah, Gaza Strip), killing 5 Palestinians and injuring an unspecified number of others.", "fatalities": 5, "tags": null, "timestamp": 1753954979 }, "geometry": { "type": "Point", "coordinates": [ 34.2824, 31.2586 ] } },
{ "type": "Feature", "properties": { "event_id_cnty": "PSE43361", "event_date": "12/9/2023", "year": 2023, "time_precision": 1, "disorder_type": "Political violence", "event_type": "Violence against civilians", "sub_event_type": "Attack", "actor1": "Military Forces of Israel (2022-)", "assoc_actor_1": null, "inter1": 8, "actor2": "Civilians (Palestine)", "assoc_actor_2": "Health Workers (Palestine); Women (Palestine)", "inter2": 7, "interaction": 78, "civilian_targeting": "Civilian targeting", "iso": 275, "region": "Middle East", "country": "Palestine", "admin1": "Gaza Strip", "admin2": "North Gaza", "admin3": null, "location": "Beit Lahiya", "latitude": 31.5541, "longitude": 34.5016, "geo_precision": 1, "source": "Quds News Network", "source_scale": "National", "notes": "On 9 December 2023, Israeli troops opened fire at health workers and pregnant women at Kamal Odwan Hospital in Beit Lahiya (North Gaza, Gaza Strip), killing 3 health staff and several women. Total fatalities coded as 5.", "fatalities": 5, "tags": null, "timestamp": 1753954979 }, "geometry": { "type": "Point", "coordinates": [ 34.5016, 31.5541 ] } },
{ "type": "Feature", "properties": { "event_id_cnty": "PSE43156", "event_date": "12/9/2023", "year": 2023, "time_precision": 1, "disorder_type": "Political violence", "event_type": "Explosions/Remote violence", "sub_event_type": "Air/drone strike", "actor1": "Military Forces of Israel (2022-)", "assoc_actor_1": null, "inter1": 8, "actor2": "Civilians (Palestine)", "assoc_actor_2": null, "inter2": 7, "interaction": 78, "civilian_targeting": "Civilian targeting", "iso": 275, "region": "Middle East", "country": "Palestine", "admin1": "Gaza Strip", "admin2": "Gaza City", "admin3": null, "location": "Gaza - Sabra", "latitude": 31.5086, "longitude": 34.4493, "geo_precision": 1, "source": "Palestine News and Information Agency", "source_scale": "National", "notes": "On 9 December 2023, Israeli warplanes struck houses in Gaza - Sabra (Gaza City, Gaza Strip), killing 4 Palestinians and injuring several of others.", "fatalities": 4, "tags": null, "timestamp": 1759789988 }, "geometry": { "type": "Point", "coordinates": [ 34.4493, 31.5086 ] } },
{ "type": "Feature", "properties": { "event_id_cnty": "PSE43181", "event_date": "12/9/2023", "year": 2023, "time_precision": 1, "disorder_type": "Political violence", "event_type": "Explosions/Remote violence", "sub_event_type": "Air/drone strike", "actor1": "Military Forces of Israel (2022-)", "assoc_actor_1": null, "inter1": 8, "actor2": "Civilians (Palestine)", "assoc_actor_2": "Refugees/IDPs (Palestine)", "inter2": 7, "interaction": 78, "civilian_targeting": "Civilian targeting", "iso": 275, "region": "Middle East", "country": "Palestine", "admin1": "Gaza Strip", "admin2": "Rafah", "admin3": null, "location": "Tal as Sultan", "latitude": 31.3098, "longitude": 34.2414, "geo_precision": 2, "source": "Newpress; PLO Negotiations Affairs Department; Quds News Network; Twitter", "source_scale": "Other-New media", "notes": "On 9 December 2023, Israeli warplanes struck targets in al-Shaout refugee camp west of Rafah (coded to Tal as Sultan, Gaza Strip). Casualties unknown.", "fatalities": 0, "tags": null, "timestamp": 1762829569 }, "geometry": { "type": "Point", "coordinates": [ 34.2414, 31.3098 ] } },
{ "type": "Feature", "properties": { "event_id_cnty": "PSE43160", "event_date": "12/9/2023", "year": 2023, "time_precision": 1, "disorder_type": "Political violence", "event_type": "Explosions/Remote violence", "sub_event_type": "Air/drone strike", "actor1": "Military Forces of Israel (2022-)", "assoc_actor_1": null, "inter1": 8, "actor2": "Civilians (Palestine)", "assoc_actor_2": "Refugees/IDPs (Palestine)", "inter2": 7, "interaction": 78, "civilian_targeting": "Civilian targeting", "iso": 275, "region": "Middle East", "country": "Palestine", "admin1": "Gaza Strip", "admin2": "North Gaza", "admin3": null, "location": "Jabalya Camp", "latitude": 31.536, "longitude": 34.4907, "geo_precision": 1, "source": "Ma'an News Agency; Newpress; Palestine News and Information Agency; Quds News Network; Twitter", "source_scale": "New media-National", "notes": "On 9 December 2023, Israeli forces opened fire and the artillery shelled targets in Mukhayyam Jabalya camp (North Gaza, Gaza Strip), leaving dozens of fatalities among Palestinians, coded as 12. Also, warplanes targeted houses hosting displaced people, and killed at least 2 Palestinians and injured dozens of others. Fatalities coded as 14.", "fatalities": 14, "tags": null, "timestamp": 1753954979 }, "geometry": { "type": "Point", "coordinates": [ 34.4907, 31.536 ] } },
{ "type": "Feature", "properties": { "event_id_cnty": "PSE43171", "event_date": "12/9/2023", "year": 2023, "time_precision": 1, "disorder_type": "Political violence", "event_type": "Explosions/Remote violence", "sub_event_type": "Air/drone strike", "actor1": "Military Forces of Israel (2022-)", "assoc_actor_1": null, "inter1": 8, "actor2": "Civilians (Palestine)", "assoc_actor_2": "Muslim Group (Palestine)", "inter2": 7, "interaction": 78, "civilian_targeting": "Civilian targeting", "iso": 275, "region": "Middle East", "country": "Palestine", "admin1": "Gaza Strip", "admin2": "Gaza City", "admin3": null, "location": "Gaza - At Tuffah", "latitude": 31.5134, "longitude": 34.4751, "geo_precision": 1, "source": "Ma'an News Agency; Palestinian Ministry of Health; Quds News Network", "source_scale": "Other-National", "notes": "On 9 December 2023, Israeli warplanes struck targets and the al-Mashahra mosque in Gaza - At Tuffah (Gaza City, Gaza Strip), leaving an unspecified number of fatalities and injuries. Also 3 Palestinians were killed in Yafa street in the area. [Palestinian Ministry of Health reported 17997 fatalities between 7 October - 9 December 2023. 92 fatalities not attributed to specific events split across 3 events on 9 December. 30 fatalities coded to this event.] Total fatalities coded as 33 (30 presumed + 3 known).", "fatalities": 33, "tags": null, "timestamp": 1759789988 }, "geometry": { "type": "Point", "coordinates": [ 34.4751, 31.5134 ] } },
{ "type": "Feature", "properties": { "event_id_cnty": "PSE43169", "event_date": "12/9/2023", "year": 2023, "time_precision": 1, "disorder_type": "Political violence", "event_type": "Explosions/Remote violence", "sub_event_type": "Air/drone strike", "actor1": "Military Forces of Israel (2022-)", "assoc_actor_1": null, "inter1": 8, "actor2": "Civilians (Palestine)", "assoc_actor_2": "Journalists (Palestine)", "inter2": 7, "interaction": 78, "civilian_targeting": "Civilian targeting", "iso": 275, "region": "Middle East", "country": "Palestine", "admin1": "Gaza Strip", "admin2": "Khan Yunis", "admin3": null, "location": "Khan Yunis - City Centre", "latitude": 31.3419, "longitude": 34.3015, "geo_precision": 1, "source": "Guardian (United Kingdom); Ma'an News Agency; Newpress; Palestinian Ministry of Health; Twitter", "source_scale": "Other-New media", "notes": "On 9 December 2023, Israeli warplanes struck a house in Khan Yunis - City Centre (Khan Yunis, Gaza Strip), leaving an unspecified number of fatalities. A Palestinian journalist was killed in a strike. [Palestinian Ministry of Health reported 17997 fatalities between 7 October - 9 December 2023. 92 fatalities not attributed to specific events split across 3 events on 9 December. 31 fatalities coded to this event.]", "fatalities": 31, "tags": null, "timestamp": 1757975700 }, "geometry": { "type": "Point", "coordinates": [ 34.3015, 31.3419 ] } },
{ "type": "Feature", "properties": { "event_id_cnty": "PSE43170", "event_date": "12/9/2023", "year": 2023, "time_precision": 1, "disorder_type": "Political violence", "event_type": "Explosions/Remote violence", "sub_event_type": "Air/drone strike", "actor1": "Military Forces of Israel (2022-)", "assoc_actor_1": null, "inter1": 8, "actor2": "Civilians (Palestine)", "assoc_actor_2": null, "inter2": 7, "interaction": 78, "civilian_targeting": "Civilian targeting", "iso": 275, "region": "Middle East", "country": "Palestine", "admin1": "Gaza Strip", "admin2": "Deir El Balah", "admin3": null, "location": "Az Zawayda", "latitude": 31.4284, "longitude": 34.366, "geo_precision": 1, "source": "Ma'an News Agency; Newpress; Palestinian Ministry of Health; Twitter", "source_scale": "Other-New media", "notes": "On 9 December 2023, Israeli warplanes struck a house in Az Zawayda (Deir El Balah, Gaza Strip), leaving an unspecified number of fatalities and injuring several others. [Palestinian Ministry of Health reported 17997 fatalities between 7 October - 9 December 2023. 92 fatalities not attributed to specific events split across 3 events on 9 December. 31 fatalities coded to this event.]", "fatalities": 31, "tags": null, "timestamp": 1767742780 }, "geometry": { "type": "Point", "coordinates": [ 34.366, 31.4284 ] } },
{ "type": "Feature", "properties": { "event_id_cnty": "PSE43657", "event_date": "12/9/2023", "year": 2023, "time_precision": 1, "disorder_type": "Political violence", "event_type": "Explosions/Remote violence", "sub_event_type": "Shelling/artillery/missile attack", "actor1": "Military Forces of Israel (2022-)", "assoc_actor_1": null, "inter1": 8, "actor2": "Civilians (Palestine)", "assoc_actor_2": null, "inter2": 7, "interaction": 78, "civilian_targeting": "Civilian targeting", "iso": 275, "region": "Middle East", "country": "Palestine", "admin1": "Gaza Strip", "admin2": "North Gaza", "admin3": null, "location": "Beit Hanoun - Al-Sekka", "latitude": 31.5463, "longitude": 34.5332, "geo_precision": 2, "source": "PLO Negotiations Affairs Department", "source_scale": "Other", "notes": "On 9 December 2023, Israeli artillery and tanks shelled targets east of North Gaza (coded as Beit Hanoun - Al-Sekka, Gaza Strip). Casualties unknown.", "fatalities": 0, "tags": null, "timestamp": 1753954979 }, "geometry": { "type": "Point", "coordinates": [ 34.5332, 31.5463 ] } },
{ "type": "Feature", "properties": { "event_id_cnty": "PSE43660", "event_date": "12/9/2023", "year": 2023, "time_precision": 1, "disorder_type": "Political violence", "event_type": "Explosions/Remote violence", "sub_event_type": "Shelling/artillery/missile attack", "actor1": "Military Forces of Israel (2022-)", "assoc_actor_1": null, "inter1": 8, "actor2": "Civilians (Palestine)", "assoc_actor_2": null, "inter2": 7, "interaction": 78, "civilian_targeting": "Civilian targeting", "iso": 275, "region": "Middle East", "country": "Palestine", "admin1": "Gaza Strip", "admin2": "Rafah", "admin3": null, "location": "Yibna", "latitude": 31.2842, "longitude": 34.2482, "geo_precision": 2, "source": "PLO Negotiations Affairs Department", "source_scale": "Other", "notes": "On 9 December 2023, Israeli artillery and tanks shelled targets east of Rafah (coded to Yibna, Gaza Strip). Casualties unknown.", "fatalities": 0, "tags": null, "timestamp": 1753954979 }, "geometry": { "type": "Point", "coordinates": [ 34.2482, 31.2842 ] } },
{ "type": "Feature", "properties": { "event_id_cnty": "PSE43155", "event_date": "12/9/2023", "year": 2023, "time_precision": 1, "disorder_type": "Political violence", "event_type": "Explosions/Remote violence", "sub_event_type": "Air/drone strike", "actor1": "Military Forces of Israel (2022-)", "assoc_actor_1": null, "inter1": 8, "actor2": "Civilians (Palestine)", "assoc_actor_2": null, "inter2": 7, "interaction": 78, "civilian_targeting": "Civilian targeting", "iso": 275, "region": "Middle East", "country": "Palestine", "admin1": "Gaza Strip", "admin2": "Gaza City", "admin3": null, "location": "Gaza - Az Zaytun", "latitude": 31.4964, "longitude": 34.4522, "geo_precision": 1, "source": "Palestine News and Information Agency", "source_scale": "National", "notes": "On 9 December 2023, Israeli warplanes struck 4 houses in Gaza - Az Zaytun (Gaza City, Gaza Strip), killing 15 Palestinians and injuring dozens of others, including women and children.", "fatalities": 15, "tags": null, "timestamp": 1759789988 }, "geometry": { "type": "Point", "coordinates": [ 34.4522, 31.4964 ] } },
{ "type": "Feature", "properties": { "event_id_cnty": "PSE43172", "event_date": "12/9/2023", "year": 2023, "time_precision": 1, "disorder_type": "Political violence", "event_type": "Explosions/Remote violence", "sub_event_type": "Air/drone strike", "actor1": "Military Forces of Israel (2022-)", "assoc_actor_1": null, "inter1": 8, "actor2": "Civilians (Palestine)", "assoc_actor_2": null, "inter2": 7, "interaction": 78, "civilian_targeting": "Civilian targeting", "iso": 275, "region": "Middle East", "country": "Palestine", "admin1": "Gaza Strip", "admin2": "North Gaza", "admin3": null, "location": "Jabalya", "latitude": 31.5272, "longitude": 34.4835, "geo_precision": 1, "source": "Ma'an News Agency; PLO Negotiations Affairs Department; Quds News Network", "source_scale": "Other-National", "notes": "On 9 December 2023, Israeli warplanes and artillery struck targets in Jabalya town (North Gaza, Gaza Strip). Casualties unknown.", "fatalities": 0, "tags": null, "timestamp": 1759789988 }, "geometry": { "type": "Point", "coordinates": [ 34.4835, 31.5272 ] } },
{ "type": "Feature", "properties": { "event_id_cnty": "PSE43148", "event_date": "12/9/2023", "year": 2023, "time_precision": 1, "disorder_type": "Political violence", "event_type": "Explosions/Remote violence", "sub_event_type": "Air/drone strike", "actor1": "Military Forces of Israel (2022-)", "assoc_actor_1": null, "inter1": 8, "actor2": "Civilians (Palestine)", "assoc_actor_2": null, "inter2": 7, "interaction": 78, "civilian_targeting": "Civilian targeting", "iso": 275, "region": "Middle East", "country": "Palestine", "admin1": "Gaza Strip", "admin2": "Khan Yunis", "admin3": null, "location": "Khan Yunis - Jourat Al-Loot", "latitude": 31.3314, "longitude": 34.3004, "geo_precision": 2, "source": "Ma'an News Agency; Newpress; Palestine News and Information Agency; Quds News Network; Twitter", "source_scale": "New media-National", "notes": "On 9 December 2023, Israeli warplanes struck houses south of Khan Yunis, Khan Yunis - Jourat Al-Loot (Khan Yunis, Gaza Strip), killing 6 Palestinian civilians.", "fatalities": 6, "tags": null, "timestamp": 1753954979 }, "geometry": { "type": "Point", "coordinates": [ 34.3004, 31.3314 ] } },
{ "type": "Feature", "properties": { "event_id_cnty": "PSE43149", "event_date": "12/9/2023", "year": 2023, "time_precision": 1, "disorder_type": "Political violence", "event_type": "Explosions/Remote violence", "sub_event_type": "Air/drone strike", "actor1": "Military Forces of Israel (2022-)", "assoc_actor_1": null, "inter1": 8, "actor2": "Civilians (Palestine)", "assoc_actor_2": null, "inter2": 7, "interaction": 78, "civilian_targeting": "Civilian targeting", "iso": 275, "region": "Middle East", "country": "Palestine", "admin1": "Gaza Strip", "admin2": "Rafah", "admin3": null, "location": "Rafah", "latitude": 31.287, "longitude": 34.2595, "geo_precision": 1, "source": "Ma'an News Agency; Palestine News and Information Agency; Quds News Network; Twitter", "source_scale": "New media-National", "notes": "On 9 December 2023, Israeli warplanes struck a house in Rafah city (Rafah, Gaza Strip), killing 10 Palestinians and injuring an unspecified number of others.", "fatalities": 10, "tags": null, "timestamp": 1762829569 }, "geometry": { "type": "Point", "coordinates": [ 34.2595, 31.287 ] } },
{ "type": "Feature", "properties": { "event_id_cnty": "PSE43671", "event_date": "12/9/2023", "year": 2023, "time_precision": 1, "disorder_type": "Political violence", "event_type": "Explosions/Remote violence", "sub_event_type": "Shelling/artillery/missile attack", "actor1": "Military Forces of Israel (2022-)", "assoc_actor_1": null, "inter1": 8, "actor2": "Civilians (Palestine)", "assoc_actor_2": null, "inter2": 7, "interaction": 78, "civilian_targeting": "Civilian targeting", "iso": 275, "region": "Middle East", "country": "Palestine", "admin1": "Gaza Strip", "admin2": "Rafah", "admin3": null, "location": "Rafah", "latitude": 31.287, "longitude": 34.2595, "geo_precision": 1, "source": "Palestine News and Information Agency; PLO Negotiations Affairs Department", "source_scale": "Other-National", "notes": "On 9 December 2023, Israeli artillery shelled targets in Rafah City (Rafah, Gaza Strip). Casualties unknown.", "fatalities": 0, "tags": null, "timestamp": 1762829569 }, "geometry": { "type": "Point", "coordinates": [ 34.2595, 31.287 ] } },
{ "type": "Feature", "properties": { "event_id_cnty": "PSE43199", "event_date": "12/10/2023", "year": 2023, "time_precision": 1, "disorder_type": "Political violence", "event_type": "Explosions/Remote violence", "sub_event_type": "Air/drone strike", "actor1": "Military Forces of Israel (2022-)", "assoc_actor_1": null, "inter1": 8, "actor2": "Civilians (Palestine)", "assoc_actor_2": null, "inter2": 7, "interaction": 78, "civilian_targeting": "Civilian targeting", "iso": 275, "region": "Middle East", "country": "Palestine", "admin1": "Gaza Strip", "admin2": "Khan Yunis", "admin3": null, "location": "Khan Yunis - West (Municipal Stadium)", "latitude": 31.3484, "longitude": 34.2961, "geo_precision": 2, "source": "Newpress; Palestine News and Information Agency; Quds News Network; Twitter", "source_scale": "New media-National", "notes": "On 10 December 2023, Israeli warplanes struck a house west of Khan Yunis city, Khan Yunis - West (Municipal Stadium) in Gaza Strip, killing 10 Palestinians and injuring dozens others.", "fatalities": 10, "tags": null, "timestamp": 1753954979 }, "geometry": { "type": "Point", "coordinates": [ 34.2961, 31.3484 ] } },
{ "type": "Feature", "properties": { "event_id_cnty": "PSE43205", "event_date": "12/10/2023", "year": 2023, "time_precision": 1, "disorder_type": "Political violence", "event_type": "Explosions/Remote violence", "sub_event_type": "Air/drone strike", "actor1": "Military Forces of Israel (2022-)", "assoc_actor_1": null, "inter1": 8, "actor2": "Civilians (Palestine)", "assoc_actor_2": null, "inter2": 7, "interaction": 78, "civilian_targeting": "Civilian targeting", "iso": 275, "region": "Middle East", "country": "Palestine", "admin1": "Gaza Strip", "admin2": "Gaza City", "admin3": null, "location": "Gaza - At Tuffah", "latitude": 31.5134, "longitude": 34.4751, "geo_precision": 1, "source": "Palestine News and Information Agency; PLO Negotiations Affairs Department; Quds News Network; Twitter", "source_scale": "Other-New media", "notes": "On 10 December 2023, Israeli warplanes struck targets and fired white phosphorus bombs in Gaza - At Tuffah (Gaza City, Gaza Strip). Casualties unknown. HRW and other international organizations have accused Israel of using white phosphorous bombs.", "fatalities": 0, "tags": null, "timestamp": 1759789988 }, "geometry": { "type": "Point", "coordinates": [ 34.4751, 31.5134 ] } },
{ "type": "Feature", "properties": { "event_id_cnty": "PSE43206", "event_date": "12/10/2023", "year": 2023, "time_precision": 1, "disorder_type": "Political violence", "event_type": "Explosions/Remote violence", "sub_event_type": "Air/drone strike", "actor1": "Military Forces of Israel (2022-)", "assoc_actor_1": null, "inter1": 8, "actor2": "Civilians (Palestine)", "assoc_actor_2": null, "inter2": 7, "interaction": 78, "civilian_targeting": "Civilian targeting", "iso": 275, "region": "Middle East", "country": "Palestine", "admin1": "Gaza Strip", "admin2": "Gaza City", "admin3": null, "location": "Gaza - Shujaiyya", "latitude": 31.4988, "longitude": 34.4699, "geo_precision": 1, "source": "Palestine News and Information Agency; PLO Negotiations Affairs Department", "source_scale": "Other-National", "notes": "On 10 December 2023, Israeli warplanes struck targets in Gaza - Shujaiyya (Gaza City, Gaza Strip). Casualties unknown.", "fatalities": 0, "tags": null, "timestamp": 1759789988 }, "geometry": { "type": "Point", "coordinates": [ 34.4699, 31.4988 ] } },
{ "type": "Feature", "properties": { "event_id_cnty": "PSE43210", "event_date": "12/10/2023", "year": 2023, "time_precision": 1, "disorder_type": "Political violence", "event_type": "Explosions/Remote violence", "sub_event_type": "Air/drone strike", "actor1": "Military Forces of Israel (2022-)", "assoc_actor_1": null, "inter1": 8, "actor2": "Civilians (Palestine)", "assoc_actor_2": null, "inter2": 7, "interaction": 78, "civilian_targeting": "Civilian targeting", "iso": 275, "region": "Middle East", "country": "Palestine", "admin1": "Gaza Strip", "admin2": "Khan Yunis", "admin3": null, "location": "Khan Yunis - Al Kateebeh", "latitude": 31.3642, "longitude": 34.3085, "geo_precision": 2, "source": "Palestine News and Information Agency", "source_scale": "National", "notes": "On 10 December 2023, Israeli warplanes and artillery struck houses north of Khan Yunis city, Khan Yunis - Al Kateebeh (Khan Yunis, Gaza Strip), leaving dozens of fatalities (coded as 12) and injuries among Palestinians. Fatalities coded as 6.", "fatalities": 12, "tags": null, "timestamp": 1767742780 }, "geometry": { "type": "Point", "coordinates": [ 34.3085, 31.3642 ] } },
{ "type": "Feature", "properties": { "event_id_cnty": "PSE43211", "event_date": "12/10/2023", "year": 2023, "time_precision": 1, "disorder_type": "Political violence", "event_type": "Explosions/Remote violence", "sub_event_type": "Air/drone strike", "actor1": "Military Forces of Israel (2022-)", "assoc_actor_1": null, "inter1": 8, "actor2": "Civilians (Palestine)", "assoc_actor_2": null, "inter2": 7, "interaction": 78, "civilian_targeting": "Civilian targeting", "iso": 275, "region": "Middle East", "country": "Palestine", "admin1": "Gaza Strip", "admin2": "Khan Yunis", "admin3": null, "location": "Bani Suheila", "latitude": 31.3424, "longitude": 34.325, "geo_precision": 2, "source": "Palestine News and Information Agency", "source_scale": "National", "notes": "On 10 December 2023, Israeli warplanes and artillery struck houses east of Khan Yunis city, Bani Suheila (Khan Yunis, Gaza Strip), leaving dozens of fatalities (coded as 12) and injuries among Palestinians.", "fatalities": 12, "tags": null, "timestamp": 1753954979 }, "geometry": { "type": "Point", "coordinates": [ 34.325, 31.3424 ] } },
{ "type": "Feature", "properties": { "event_id_cnty": "PSE43212", "event_date": "12/10/2023", "year": 2023, "time_precision": 1, "disorder_type": "Political violence", "event_type": "Explosions/Remote violence", "sub_event_type": "Air/drone strike", "actor1": "Military Forces of Israel (2022-)", "assoc_actor_1": null, "inter1": 8, "actor2": "Civilians (Palestine)", "assoc_actor_2": null, "inter2": 7, "interaction": 78, "civilian_targeting": "Civilian targeting", "iso": 275, "region": "Middle East", "country": "Palestine", "admin1": "Gaza Strip", "admin2": "Khan Yunis", "admin3": null, "location": "Bani Suheila", "latitude": 31.3424, "longitude": 34.325, "geo_precision": 1, "source": "Palestine News and Information Agency; Quds News Network; Twitter", "source_scale": "New media-National", "notes": "On 10 December 2023, Israeli warplanes and artillery struck houses in Bani Suheila (Khan Yunis, Gaza Strip), leaving dozens of fatalities (coded as 12) and injuries among Palestinians.", "fatalities": 12, "tags": null, "timestamp": 1753954979 }, "geometry": { "type": "Point", "coordinates": [ 34.325, 31.3424 ] } },
{ "type": "Feature", "properties": { "event_id_cnty": "PSE43213", "event_date": "12/10/2023", "year": 2023, "time_precision": 1, "disorder_type": "Political violence", "event_type": "Explosions/Remote violence", "sub_event_type": "Air/drone strike", "actor1": "Military Forces of Israel (2022-)", "assoc_actor_1": null, "inter1": 8, "actor2": "Civilians (Palestine)", "assoc_actor_2": null, "inter2": 7, "interaction": 78, "civilian_targeting": "Civilian targeting", "iso": 275, "region": "Middle East", "country": "Palestine", "admin1": "Gaza Strip", "admin2": "Khan Yunis", "admin3": null, "location": "Abasan al Kabirah", "latitude": 31.3191, "longitude": 34.3401, "geo_precision": 1, "source": "Palestine News and Information Agency", "source_scale": "National", "notes": "On 10 December 2023, Israeli warplanes and artillery struck houses in Abasan al Kabirah (Khan Yunis, Gaza Strip), leaving dozens of fatalities (coded as 12) and injuries among Palestinians.", "fatalities": 12, "tags": null, "timestamp": 1753954979 }, "geometry": { "type": "Point", "coordinates": [ 34.3401, 31.3191 ] } },
{ "type": "Feature", "properties": { "event_id_cnty": "PSE43214", "event_date": "12/10/2023", "year": 2023, "time_precision": 1, "disorder_type": "Political violence", "event_type": "Explosions/Remote violence", "sub_event_type": "Air/drone strike", "actor1": "Military Forces of Israel (2022-)", "assoc_actor_1": null, "inter1": 8, "actor2": "Civilians (Palestine)", "assoc_actor_2": "Muslim Group (Palestine)", "inter2": 7, "interaction": 78, "civilian_targeting": "Civilian targeting", "iso": 275, "region": "Middle East", "country": "Palestine", "admin1": "Gaza Strip", "admin2": "Khan Yunis", "admin3": null, "location": "Khuzaa", "latitude": 31.3069, "longitude": 34.3572, "geo_precision": 1, "source": "Newpress; Palestine News and Information Agency; Quds News Network; Twitter", "source_scale": "New media-National", "notes": "On 10 December 2023, Israeli warplanes and artillery struck houses and the Hamza mosque in Khuzaa (Khan Yunis, Gaza Strip), leaving dozens of fatalities (coded as 12) and injuries among Palestinians.", "fatalities": 12, "tags": null, "timestamp": 1753954979 }, "geometry": { "type": "Point", "coordinates": [ 34.3572, 31.3069 ] } },
{ "type": "Feature", "properties": { "event_id_cnty": "PSE43215", "event_date": "12/10/2023", "year": 2023, "time_precision": 1, "disorder_type": "Political violence", "event_type": "Explosions/Remote violence", "sub_event_type": "Air/drone strike", "actor1": "Military Forces of Israel (2022-)", "assoc_actor_1": null, "inter1": 8, "actor2": "Civilians (Palestine)", "assoc_actor_2": null, "inter2": 7, "interaction": 78, "civilian_targeting": "Civilian targeting", "iso": 275, "region": "Middle East", "country": "Palestine", "admin1": "Gaza Strip", "admin2": "Khan Yunis", "admin3": null, "location": "Al Qararah", "latitude": 31.3739, "longitude": 34.3409, "geo_precision": 1, "source": "Palestine News and Information Agency", "source_scale": "National", "notes": "On 10 December 2023, Israeli warplanes and artillery struck houses in Al Qararah (Khan Yunis, Gaza Strip), leaving dozens of fatalities (coded as 12) and injuries among Palestinians.", "fatalities": 12, "tags": null, "timestamp": 1753954979 }, "geometry": { "type": "Point", "coordinates": [ 34.3409, 31.3739 ] } },
{ "type": "Feature", "properties": { "event_id_cnty": "PSE43230", "event_date": "12/10/2023", "year": 2023, "time_precision": 1, "disorder_type": "Political violence", "event_type": "Explosions/Remote violence", "sub_event_type": "Air/drone strike", "actor1": "Military Forces of Israel (2022-)", "assoc_actor_1": null, "inter1": 8, "actor2": "Civilians (Palestine)", "assoc_actor_2": null, "inter2": 7, "interaction": 78, "civilian_targeting": "Civilian targeting", "iso": 275, "region": "Middle East", "country": "Palestine", "admin1": "Gaza Strip", "admin2": "Khan Yunis", "admin3": null, "location": "Khan Yunis - Al Amal", "latitude": 31.3544, "longitude": 34.3007, "geo_precision": 1, "source": "Newpress; Quds News Network; Twitter", "source_scale": "New media-National", "notes": "On 10 December 2023, Israeli warplanes struck 2 houses in Khan Yunis - Al Amal (Khan Yunis, Gaza Strip), killing 2 Palestinians and injuring several others.", "fatalities": 2, "tags": null, "timestamp": 1753954979 }, "geometry": { "type": "Point", "coordinates": [ 34.3007, 31.3544 ] } },
{ "type": "Feature", "properties": { "event_id_cnty": "PSE43710", "event_date": "12/10/2023", "year": 2023, "time_precision": 1, "disorder_type": "Political violence", "event_type": "Explosions/Remote violence", "sub_event_type": "Shelling/artillery/missile attack", "actor1": "Military Forces of Israel (2022-)", "assoc_actor_1": null, "inter1": 8, "actor2": "Civilians (Palestine)", "assoc_actor_2": "Muslim Group (Palestine)", "inter2": 7, "interaction": 78, "civilian_targeting": "Civilian targeting", "iso": 275, "region": "Middle East", "country": "Palestine", "admin1": "Gaza Strip", "admin2": "Khan Yunis", "admin3": null, "location": "Khan Yunis - City Centre", "latitude": 31.3419, "longitude": 34.3015, "geo_precision": 1, "source": "Ma'an News Agency; Newpress; Palestine News and Information Agency; Quds News Network; Twitter", "source_scale": "New media-National", "notes": "On 10 December 2023, Israeli artillery struck houses and a mosque in Khan Yunis - City Centre (Khan Yunis, Gaza Strip), leaving 4 fatalities and dozens of injuries among Palestinians.", "fatalities": 4, "tags": null, "timestamp": 1753954979 }, "geometry": { "type": "Point", "coordinates": [ 34.3015, 31.3419 ] } },
{ "type": "Feature", "properties": { "event_id_cnty": "PSE43202", "event_date": "12/10/2023", "year": 2023, "time_precision": 1, "disorder_type": "Political violence", "event_type": "Explosions/Remote violence", "sub_event_type": "Air/drone strike", "actor1": "Military Forces of Israel (2022-)", "assoc_actor_1": null, "inter1": 8, "actor2": "Civilians (Palestine)", "assoc_actor_2": "Refugees/IDPs (Palestine)", "inter2": 7, "interaction": 78, "civilian_targeting": "Civilian targeting", "iso": 275, "region": "Middle East", "country": "Palestine", "admin1": "Gaza Strip", "admin2": "Deir El Balah", "admin3": null, "location": "An Nusayrat", "latitude": 31.4486, "longitude": 34.3925, "geo_precision": 1, "source": "Ma'an News Agency; Palestine News and Information Agency", "source_scale": "National", "notes": "On 10 December 2023, Israeli warplanes struck targets in An Nusayrat refugee camp (Deir El Balah, Gaza Strip), killing 3 Palestinians.", "fatalities": 3, "tags": null, "timestamp": 1753954979 }, "geometry": { "type": "Point", "coordinates": [ 34.3925, 31.4486 ] } },
{ "type": "Feature", "properties": { "event_id_cnty": "PSE43203", "event_date": "12/10/2023", "year": 2023, "time_precision": 1, "disorder_type": "Political violence", "event_type": "Explosions/Remote violence", "sub_event_type": "Air/drone strike", "actor1": "Military Forces of Israel (2022-)", "assoc_actor_1": null, "inter1": 8, "actor2": "Civilians (Palestine)", "assoc_actor_2": "Refugees/IDPs (Palestine)", "inter2": 7, "interaction": 78, "civilian_targeting": "Civilian targeting", "iso": 275, "region": "Middle East", "country": "Palestine", "admin1": "Gaza Strip", "admin2": "Deir El Balah", "admin3": null, "location": "Al Maghazi", "latitude": 31.4214, "longitude": 34.3865, "geo_precision": 1, "source": "Al-Ittihad; Liveuamap; Ma'an News Agency; Newpress; Palestine News and Information Agency; Quds News Network; Twitter", "source_scale": "Local partner-New media", "notes": "On 10 December 2023, Israeli warplanes and artillery struck targets in Al Maghazi refugee camp (Deir El Balah, Gaza Strip), killing 2 Palestinians. Also 22 Palestinians were killed in airstrikes on houses in the area. Total fatalities coded 24.", "fatalities": 24, "tags": null, "timestamp": 1753954979 }, "geometry": { "type": "Point", "coordinates": [ 34.3865, 31.4214 ] } },
{ "type": "Feature", "properties": { "event_id_cnty": "PSE43204", "event_date": "12/10/2023", "year": 2023, "time_precision": 1, "disorder_type": "Political violence", "event_type": "Explosions/Remote violence", "sub_event_type": "Air/drone strike", "actor1": "Military Forces of Israel (2022-)", "assoc_actor_1": null, "inter1": 8, "actor2": "Civilians (Palestine)", "assoc_actor_2": null, "inter2": 7, "interaction": 78, "civilian_targeting": "Civilian targeting", "iso": 275, "region": "Middle East", "country": "Palestine", "admin1": "Gaza Strip", "admin2": "Deir El Balah", "admin3": null, "location": "Az Zawayda", "latitude": 31.4284, "longitude": 34.366, "geo_precision": 1, "source": "Palestine News and Information Agency; Quds News Network; Twitter", "source_scale": "New media-National", "notes": "On 10 December 2023, Israeli warplanes struck a house in the Trans al-Baba area of Az Zawayda (Deir El Balah, Gaza Strip), killing 4 Palestinians and injuring dozens of others.", "fatalities": 4, "tags": null, "timestamp": 1767742780 }, "geometry": { "type": "Point", "coordinates": [ 34.366, 31.4284 ] } },
{ "type": "Feature", "properties": { "event_id_cnty": "PSE43208", "event_date": "12/10/2023", "year": 2023, "time_precision": 1, "disorder_type": "Political violence", "event_type": "Explosions/Remote violence", "sub_event_type": "Air/drone strike", "actor1": "Military Forces of Israel (2022-)", "assoc_actor_1": null, "inter1": 8, "actor2": "Civilians (Palestine)", "assoc_actor_2": "Refugees/IDPs (Palestine)", "inter2": 7, "interaction": 78, "civilian_targeting": "Civilian targeting", "iso": 275, "region": "Middle East", "country": "Palestine", "admin1": "Gaza Strip", "admin2": "Deir El Balah", "admin3": null, "location": "Al Burayj", "latitude": 31.4394, "longitude": 34.4031, "geo_precision": 1, "source": "Ma'an News Agency; Palestine News and Information Agency", "source_scale": "National", "notes": "On 10 December 2023, Israeli warplanes struck a house in Al Burayj refugee camp (Deir El Balah, Gaza Strip), killing 7 persons.", "fatalities": 7, "tags": null, "timestamp": 1753954979 }, "geometry": { "type": "Point", "coordinates": [ 34.4031, 31.4394 ] } },
{ "type": "Feature", "properties": { "event_id_cnty": "PSE43233", "event_date": "12/10/2023", "year": 2023, "time_precision": 1, "disorder_type": "Political violence", "event_type": "Explosions/Remote violence", "sub_event_type": "Air/drone strike", "actor1": "Military Forces of Israel (2022-)", "assoc_actor_1": null, "inter1": 8, "actor2": "Civilians (Palestine)", "assoc_actor_2": null, "inter2": 7, "interaction": 78, "civilian_targeting": "Civilian targeting", "iso": 275, "region": "Middle East", "country": "Palestine", "admin1": "Gaza Strip", "admin2": "Deir El Balah", "admin3": null, "location": "An Nusayrat - South", "latitude": 31.4389, "longitude": 34.3815, "geo_precision": 2, "source": "Liveuamap; Quds News Network; Twitter", "source_scale": "Local partner-New media", "notes": "On 10 December 2023, Israeli warplanes struck a house in al-Sawarha area, southwest of An Nusayrat (coded to An Nusayrat - South, Deir El Balah, Gaza Strip), killing 5 Palestinians.", "fatalities": 5, "tags": null, "timestamp": 1753954979 }, "geometry": { "type": "Point", "coordinates": [ 34.3815, 31.4389 ] } },
{ "type": "Feature", "properties": { "event_id_cnty": "PSE43201", "event_date": "12/10/2023", "year": 2023, "time_precision": 1, "disorder_type": "Political violence", "event_type": "Explosions/Remote violence", "sub_event_type": "Air/drone strike", "actor1": "Military Forces of Israel (2022-)", "assoc_actor_1": null, "inter1": 8, "actor2": "Civilians (Palestine)", "assoc_actor_2": null, "inter2": 7, "interaction": 78, "civilian_targeting": "Civilian targeting", "iso": 275, "region": "Middle East", "country": "Palestine", "admin1": "Gaza Strip", "admin2": "Deir El Balah", "admin3": null, "location": "Deir al Balah", "latitude": 31.4178, "longitude": 34.3503, "geo_precision": 1, "source": "Ma'an News Agency; Newpress; Palestine News and Information Agency; Quds News Network; Twitter", "source_scale": "New media-National", "notes": "On 10 December 2023, Israeli warplanes struck a house in al-Basah area of Deir al Balah city (Deir El Balah, Gaza Strip) leaving an unspecified number fatalities and injuries. Unspecified number of fatalities coded as 3.", "fatalities": 3, "tags": null, "timestamp": 1753954979 }, "geometry": { "type": "Point", "coordinates": [ 34.3503, 31.4178 ] } },
{ "type": "Feature", "properties": { "event_id_cnty": "PSE43207", "event_date": "12/10/2023", "year": 2023, "time_precision": 1, "disorder_type": "Political violence", "event_type": "Explosions/Remote violence", "sub_event_type": "Air/drone strike", "actor1": "Military Forces of Israel (2022-)", "assoc_actor_1": null, "inter1": 8, "actor2": "Civilians (Palestine)", "assoc_actor_2": "Refugees/IDPs (Palestine)", "inter2": 7, "interaction": 78, "civilian_targeting": "Civilian targeting", "iso": 275, "region": "Middle East", "country": "Palestine", "admin1": "Gaza Strip", "admin2": "North Gaza", "admin3": null, "location": "Jabalya Camp", "latitude": 31.536, "longitude": 34.4907, "geo_precision": 1, "source": "Liveuamap; Ma'an News Agency; Palestine News and Information Agency; Quds News Network; Twitter", "source_scale": "Local partner-New media", "notes": "On 10 December 2023, Israeli warplanes and artillery struck houses and centers that host displaced people in Mukhayyam Jabalya camp (North Gaza, Gaza Strip), killing at least 45 Palestinians and injuring dozens of others.", "fatalities": 45, "tags": null, "timestamp": 1753954979 }, "geometry": { "type": "Point", "coordinates": [ 34.4907, 31.536 ] } },
{ "type": "Feature", "properties": { "event_id_cnty": "PSE43234", "event_date": "12/10/2023", "year": 2023, "time_precision": 1, "disorder_type": "Political violence", "event_type": "Explosions/Remote violence", "sub_event_type": "Air/drone strike", "actor1": "Military Forces of Israel (2022-)", "assoc_actor_1": null, "inter1": 8, "actor2": "Civilians (Palestine)", "assoc_actor_2": null, "inter2": 7, "interaction": 78, "civilian_targeting": "Civilian targeting", "iso": 275, "region": "Middle East", "country": "Palestine", "admin1": "Gaza Strip", "admin2": "North Gaza", "admin3": null, "location": "Beit Lahiya", "latitude": 31.5541, "longitude": 34.5016, "geo_precision": 1, "source": "Liveuamap; Palestine News and Information Agency; PLO Negotiations Affairs Department", "source_scale": "Local partner-New media", "notes": "On 10 December 2023, Israeli warplanes carried out airstrikes in Beit Lahiya (North Gaza, Gaza Strip). Casualties unknown. [On 23 December 2023, dozens of bodies were recovered from under the rubble in Beit Lahiya. These fatalities were coded to this event as 12].", "fatalities": 12, "tags": null, "timestamp": 1753954979 }, "geometry": { "type": "Point", "coordinates": [ 34.5016, 31.5541 ] } },
{ "type": "Feature", "properties": { "event_id_cnty": "PSE43209", "event_date": "12/10/2023", "year": 2023, "time_precision": 1, "disorder_type": "Political violence", "event_type": "Explosions/Remote violence", "sub_event_type": "Air/drone strike", "actor1": "Military Forces of Israel (2022-)", "assoc_actor_1": null, "inter1": 8, "actor2": "Civilians (Palestine)", "assoc_actor_2": null, "inter2": 7, "interaction": 78, "civilian_targeting": "Civilian targeting", "iso": 275, "region": "Middle East", "country": "Palestine", "admin1": "Gaza Strip", "admin2": "North Gaza", "admin3": null, "location": "Jabalya", "latitude": 31.5272, "longitude": 34.4835, "geo_precision": 1, "source": "Ma'an News Agency; Newpress; Palestine News and Information Agency; Quds News Network; Twitter", "source_scale": "New media-National", "notes": "On 10 December 2023, Israeli warplanes struck houses in Jabalya town (North Gaza, Gaza Strip), killing 9 persons.", "fatalities": 9, "tags": null, "timestamp": 1759789988 }, "geometry": { "type": "Point", "coordinates": [ 34.4835, 31.5272 ] } },
{ "type": "Feature", "properties": { "event_id_cnty": "PSE43217", "event_date": "12/10/2023", "year": 2023, "time_precision": 1, "disorder_type": "Political violence", "event_type": "Explosions/Remote violence", "sub_event_type": "Air/drone strike", "actor1": "Military Forces of Israel (2022-)", "assoc_actor_1": null, "inter1": 8, "actor2": "Civilians (Palestine)", "assoc_actor_2": null, "inter2": 7, "interaction": 78, "civilian_targeting": "Civilian targeting", "iso": 275, "region": "Middle East", "country": "Palestine", "admin1": "Gaza Strip", "admin2": "Rafah", "admin3": null, "location": "Rafah", "latitude": 31.287, "longitude": 34.2595, "geo_precision": 1, "source": "Ma'an News Agency; Palestine News and Information Agency; PLO Negotiations Affairs Department; Quds News Network; Twitter", "source_scale": "Other-New media", "notes": "On 10 December 2023, Israeli warplanes carried out airstrikes in Rafah city (Rafah, Gaza Strip). Casualties unknown.", "fatalities": 0, "tags": null, "timestamp": 1762829569 }, "geometry": { "type": "Point", "coordinates": [ 34.2595, 31.287 ] } },
{ "type": "Feature", "properties": { "event_id_cnty": "PSE43224", "event_date": "12/10/2023", "year": 2023, "time_precision": 1, "disorder_type": "Political violence", "event_type": "Explosions/Remote violence", "sub_event_type": "Air/drone strike", "actor1": "Military Forces of Israel (2022-)", "assoc_actor_1": null, "inter1": 8, "actor2": "Civilians (Palestine)", "assoc_actor_2": null, "inter2": 7, "interaction": 78, "civilian_targeting": "Civilian targeting", "iso": 275, "region": "Middle East", "country": "Palestine", "admin1": "Gaza Strip", "admin2": "Rafah", "admin3": null, "location": "Khirbet al Adas", "latitude": 31.2855, "longitude": 34.2714, "geo_precision": 2, "source": "Newpress; PLO Negotiations Affairs Department; Twitter", "source_scale": "Other-New media", "notes": "On 10 December 2023, Israeli warplanes carried out airstrikes (belt of fire) north of Rafah city (coded to Khirbet al Adas, Gaza Strip). Casualties unknown.", "fatalities": 0, "tags": null, "timestamp": 1753954979 }, "geometry": { "type": "Point", "coordinates": [ 34.2714, 31.2855 ] } },
{ "type": "Feature", "properties": { "event_id_cnty": "PSE43232", "event_date": "12/10/2023", "year": 2023, "time_precision": 1, "disorder_type": "Political violence", "event_type": "Explosions/Remote violence", "sub_event_type": "Air/drone strike", "actor1": "Military Forces of Israel (2022-)", "assoc_actor_1": null, "inter1": 8, "actor2": "Civilians (Palestine)", "assoc_actor_2": null, "inter2": 7, "interaction": 78, "civilian_targeting": "Civilian targeting", "iso": 275, "region": "Middle East", "country": "Palestine", "admin1": "Gaza Strip", "admin2": "Rafah", "admin3": null, "location": "Khirbet al Adas", "latitude": 31.2855, "longitude": 34.2714, "geo_precision": 1, "source": "PLO Negotiations Affairs Department; Quds News Network; Twitter", "source_scale": "Other-New media", "notes": "On 10 December 2023, Israeli warplanes carried out airstrikes in Khirbet al Adas (Rafah, Gaza Strip). Casualties unknown.", "fatalities": 0, "tags": null, "timestamp": 1753954979 }, "geometry": { "type": "Point", "coordinates": [ 34.2714, 31.2855 ] } },
{ "type": "Feature", "properties": { "event_id_cnty": "PSE43252", "event_date": "12/11/2023", "year": 2023, "time_precision": 1, "disorder_type": "Political violence", "event_type": "Explosions/Remote violence", "sub_event_type": "Air/drone strike", "actor1": "Military Forces of Israel (2022-)", "assoc_actor_1": null, "inter1": 8, "actor2": "Civilians (Palestine)", "assoc_actor_2": null, "inter2": 7, "interaction": 78, "civilian_targeting": "Civilian targeting", "iso": 275, "region": "Middle East", "country": "Palestine", "admin1": "Gaza Strip", "admin2": "Khan Yunis", "admin3": null, "location": "Khan Yunis - City Centre", "latitude": 31.3419, "longitude": 34.3015, "geo_precision": 2, "source": "Palestine News and Information Agency; Quds News Network; Twitter", "source_scale": "New media-National", "notes": "On 11 December 2023, Israeli warplanes carried out airstrikes in central Khan Yunis area, Khan Yunis - City Centre (Khan Yunis, Gaza Strip), injuring a number of Palestinians.", "fatalities": 0, "tags": null, "timestamp": 1753954979 }, "geometry": { "type": "Point", "coordinates": [ 34.3015, 31.3419 ] } },
{ "type": "Feature", "properties": { "event_id_cnty": "PSE43254", "event_date": "12/11/2023", "year": 2023, "time_precision": 1, "disorder_type": "Political violence", "event_type": "Explosions/Remote violence", "sub_event_type": "Air/drone strike", "actor1": "Military Forces of Israel (2022-)", "assoc_actor_1": null, "inter1": 8, "actor2": "Civilians (Palestine)", "assoc_actor_2": null, "inter2": 7, "interaction": 78, "civilian_targeting": "Civilian targeting", "iso": 275, "region": "Middle East", "country": "Palestine", "admin1": "Gaza Strip", "admin2": "Gaza City", "admin3": null, "location": "Gaza - Sheikh Radwan", "latitude": 31.5349, "longitude": 34.4667, "geo_precision": 1, "source": "Arab News; Palestine News and Information Agency", "source_scale": "National-Regional", "notes": "On 11 December 2023, Israeli warplanes struck a residential area in Gaza - Sheikh Radwan (Gaza City, Gaza Strip), leading to the death of at least 21 Palestinians and injuring dozens.", "fatalities": 21, "tags": null, "timestamp": 1759789988 }, "geometry": { "type": "Point", "coordinates": [ 34.4667, 31.5349 ] } },
{ "type": "Feature", "properties": { "event_id_cnty": "PSE43265", "event_date": "12/11/2023", "year": 2023, "time_precision": 1, "disorder_type": "Political violence", "event_type": "Explosions/Remote violence", "sub_event_type": "Air/drone strike", "actor1": "Military Forces of Israel (2022-)", "assoc_actor_1": null, "inter1": 8, "actor2": "Civilians (Palestine)", "assoc_actor_2": null, "inter2": 7, "interaction": 78, "civilian_targeting": "Civilian targeting", "iso": 275, "region": "Middle East", "country": "Palestine", "admin1": "Gaza Strip", "admin2": "Khan Yunis", "admin3": null, "location": "Khan Yunis", "latitude": 31.3502, "longitude": 34.3081, "geo_precision": 1, "source": "Quds News Network; Twitter", "source_scale": "New media-National", "notes": "On 11 December 2023, Israeli warplanes struck targets in Jalal Street, in Khan Yunis (Khan Yunis, Gaza Strip), killing 2 girls.", "fatalities": 2, "tags": null, "timestamp": 1753954979 }, "geometry": { "type": "Point", "coordinates": [ 34.3081, 31.3502 ] } },
{ "type": "Feature", "properties": { "event_id_cnty": "PSE43268", "event_date": "12/11/2023", "year": 2023, "time_precision": 1, "disorder_type": "Political violence", "event_type": "Explosions/Remote violence", "sub_event_type": "Air/drone strike", "actor1": "Military Forces of Israel (2022-)", "assoc_actor_1": null, "inter1": 8, "actor2": "Civilians (Palestine)", "assoc_actor_2": null, "inter2": 7, "interaction": 78, "civilian_targeting": "Civilian targeting", "iso": 275, "region": "Middle East", "country": "Palestine", "admin1": "Gaza Strip", "admin2": "Khan Yunis", "admin3": null, "location": "Khan Yunis - Al Amal", "latitude": 31.3544, "longitude": 34.3007, "geo_precision": 1, "source": "Liveuamap; Quds News Network; Twitter", "source_scale": "Local partner-New media", "notes": "On 11 December 2023, Israeli warplanes and artillery struck targets in Khan Yunis - Al Amal (Khan Yunis, Gaza Strip), killing a woman.", "fatalities": 1, "tags": null, "timestamp": 1753954979 }, "geometry": { "type": "Point", "coordinates": [ 34.3007, 31.3544 ] } },
{ "type": "Feature", "properties": { "event_id_cnty": "PSE43393", "event_date": "12/11/2023", "year": 2023, "time_precision": 1, "disorder_type": "Political violence", "event_type": "Violence against civilians", "sub_event_type": "Attack", "actor1": "Military Forces of Israel (2022-)", "assoc_actor_1": null, "inter1": 8, "actor2": "Civilians (Palestine)", "assoc_actor_2": null, "inter2": 7, "interaction": 78, "civilian_targeting": "Civilian targeting", "iso": 275, "region": "Middle East", "country": "Palestine", "admin1": "Gaza Strip", "admin2": "Khan Yunis", "admin3": null, "location": "Khan Yunis", "latitude": 31.3502, "longitude": 34.3081, "geo_precision": 1, "source": "Palestine News and Information Agency", "source_scale": "National", "notes": "On 11 December 2023, Israeli snipers shot and killed several Palestinians in Khan Yunis (Khan Yunis, Gaza Strip). Unspecified fatalities coded as 3.", "fatalities": 3, "tags": null, "timestamp": 1753954979 }, "geometry": { "type": "Point", "coordinates": [ 34.3081, 31.3502 ] } },
{ "type": "Feature", "properties": { "event_id_cnty": "PSE43403", "event_date": "12/11/2023", "year": 2023, "time_precision": 1, "disorder_type": "Political violence", "event_type": "Violence against civilians", "sub_event_type": "Attack", "actor1": "Military Forces of Israel (2022-)", "assoc_actor_1": null, "inter1": 8, "actor2": "Civilians (Palestine)", "assoc_actor_2": "Refugees/IDPs (Palestine)", "inter2": 7, "interaction": 78, "civilian_targeting": "Civilian targeting", "iso": 275, "region": "Middle East", "country": "Palestine", "admin1": "Gaza Strip", "admin2": "Khan Yunis", "admin3": null, "location": "Abasan al Kabirah", "latitude": 31.3191, "longitude": 34.3401, "geo_precision": 1, "source": "Quds News Network; Twitter", "source_scale": "New media-National", "notes": "On 11 December 2023, an Israeli sniper shot and injured a displaced Palestinian in Abasan al Kabirah (Khan Yunis, Gaza Strip).", "fatalities": 0, "tags": null, "timestamp": 1753954979 }, "geometry": { "type": "Point", "coordinates": [ 34.3401, 31.3191 ] } },
{ "type": "Feature", "properties": { "event_id_cnty": "PSE43246", "event_date": "12/11/2023", "year": 2023, "time_precision": 1, "disorder_type": "Political violence", "event_type": "Explosions/Remote violence", "sub_event_type": "Air/drone strike", "actor1": "Military Forces of Israel (2022-)", "assoc_actor_1": null, "inter1": 8, "actor2": "Civilians (Palestine)", "assoc_actor_2": "Refugees/IDPs (Palestine)", "inter2": 7, "interaction": 78, "civilian_targeting": "Civilian targeting", "iso": 275, "region": "Middle East", "country": "Palestine", "admin1": "Gaza Strip", "admin2": "Deir El Balah", "admin3": null, "location": "An Nusayrat", "latitude": 31.4486, "longitude": 34.3925, "geo_precision": 1, "source": "Al-Ittihad; Newpress; Palestine News and Information Agency; Quds News Network; Twitter", "source_scale": "New media-National", "notes": "On 11 December 2023, Israeli warplanes struck a house in An Nusayrat refugee camp (Deir El Balah, Gaza Strip), killing 6 persons and injuring several of others.", "fatalities": 6, "tags": null, "timestamp": 1753954979 }, "geometry": { "type": "Point", "coordinates": [ 34.3925, 31.4486 ] } },
{ "type": "Feature", "properties": { "event_id_cnty": "PSE43248", "event_date": "12/11/2023", "year": 2023, "time_precision": 1, "disorder_type": "Political violence", "event_type": "Explosions/Remote violence", "sub_event_type": "Air/drone strike", "actor1": "Military Forces of Israel (2022-)", "assoc_actor_1": null, "inter1": 8, "actor2": "Civilians (Palestine)", "assoc_actor_2": "Refugees/IDPs (Palestine)", "inter2": 7, "interaction": 78, "civilian_targeting": "Civilian targeting", "iso": 275, "region": "Middle East", "country": "Palestine", "admin1": "Gaza Strip", "admin2": "Deir El Balah", "admin3": null, "location": "Al Maghazi", "latitude": 31.4214, "longitude": 34.3865, "geo_precision": 1, "source": "Liveuamap; Palestine News and Information Agency; Quds News Network; Twitter", "source_scale": "Local partner-New media", "notes": "On 11 December 2023, Israeli warplanes struck houses in Al Maghazi refugee camp (Deir El Balah, Gaza Strip), killing 15 Palestinians and injuring dozens of others.", "fatalities": 15, "tags": null, "timestamp": 1753954979 }, "geometry": { "type": "Point", "coordinates": [ 34.3865, 31.4214 ] } },
{ "type": "Feature", "properties": { "event_id_cnty": "PSE43251", "event_date": "12/11/2023", "year": 2023, "time_precision": 1, "disorder_type": "Political violence", "event_type": "Explosions/Remote violence", "sub_event_type": "Air/drone strike", "actor1": "Military Forces of Israel (2022-)", "assoc_actor_1": null, "inter1": 8, "actor2": "Civilians (Palestine)", "assoc_actor_2": null, "inter2": 7, "interaction": 78, "civilian_targeting": "Civilian targeting", "iso": 275, "region": "Middle East", "country": "Palestine", "admin1": "Gaza Strip", "admin2": "Deir El Balah", "admin3": null, "location": "Deir al Balah", "latitude": 31.4178, "longitude": 34.3503, "geo_precision": 1, "source": "Newpress; Palestine News and Information Agency; Quds News Network; Twitter", "source_scale": "New media-National", "notes": "On 11 December 2023, Israeli warplanes struck a house in Deir al Balah (Deir El Balah, Gaza Strip), killing a woman and a child. Also, 10 Palestinians were killed in an airstrike in al-Biaa street. Total fatalities coded 12.", "fatalities": 12, "tags": null, "timestamp": 1753954979 }, "geometry": { "type": "Point", "coordinates": [ 34.3503, 31.4178 ] } },
{ "type": "Feature", "properties": { "event_id_cnty": "PSE44624", "event_date": "12/11/2023", "year": 2023, "time_precision": 1, "disorder_type": "Political violence", "event_type": "Explosions/Remote violence", "sub_event_type": "Shelling/artillery/missile attack", "actor1": "Military Forces of Israel (2022-)", "assoc_actor_1": null, "inter1": 8, "actor2": "Civilians (Palestine)", "assoc_actor_2": null, "inter2": 7, "interaction": 78, "civilian_targeting": "Civilian targeting", "iso": 275, "region": "Middle East", "country": "Palestine", "admin1": "Gaza Strip", "admin2": "North Gaza", "admin3": null, "location": "Beit Lahiya", "latitude": 31.5541, "longitude": 34.5016, "geo_precision": 1, "source": "Arab News", "source_scale": "Regional", "notes": "On 11 December 2023, Israeli artillery shelled Kamal Odwan Hospital in Beit Lahiya (North Gaza, Gaza Strip) killing 2 Palestinian patients and injuring a dozen others.", "fatalities": 2, "tags": null, "timestamp": 1753954979 }, "geometry": { "type": "Point", "coordinates": [ 34.5016, 31.5541 ] } },
{ "type": "Feature", "properties": { "event_id_cnty": "PSE43245", "event_date": "12/11/2023", "year": 2023, "time_precision": 1, "disorder_type": "Political violence", "event_type": "Explosions/Remote violence", "sub_event_type": "Air/drone strike", "actor1": "Military Forces of Israel (2022-)", "assoc_actor_1": null, "inter1": 8, "actor2": "Civilians (Palestine)", "assoc_actor_2": null, "inter2": 7, "interaction": 78, "civilian_targeting": "Civilian targeting", "iso": 275, "region": "Middle East", "country": "Palestine", "admin1": "Gaza Strip", "admin2": "Rafah", "admin3": null, "location": "Tal as Sultan", "latitude": 31.3098, "longitude": 34.2414, "geo_precision": 1, "source": "Al-Ittihad; Liveuamap; Newpress; Palestine News and Information Agency; Quds News Network; Twitter", "source_scale": "Local partner-New media", "notes": "On 11 December 2023, Israeli warplanes struck a house in Tal as Sultan (Rafah, Gaza Strip), killing 6 persons and injuring several of others.", "fatalities": 6, "tags": null, "timestamp": 1762829569 }, "geometry": { "type": "Point", "coordinates": [ 34.2414, 31.3098 ] } },
{ "type": "Feature", "properties": { "event_id_cnty": "PSE43247", "event_date": "12/11/2023", "year": 2023, "time_precision": 1, "disorder_type": "Political violence", "event_type": "Explosions/Remote violence", "sub_event_type": "Air/drone strike", "actor1": "Military Forces of Israel (2022-)", "assoc_actor_1": null, "inter1": 8, "actor2": "Civilians (Palestine)", "assoc_actor_2": null, "inter2": 7, "interaction": 78, "civilian_targeting": "Civilian targeting", "iso": 275, "region": "Middle East", "country": "Palestine", "admin1": "Gaza Strip", "admin2": "Gaza City", "admin3": null, "location": "Gaza - Shujaiyya", "latitude": 31.4988, "longitude": 34.4699, "geo_precision": 2, "source": "Newpress; Palestine News and Information Agency; Quds News Network; Twitter", "source_scale": "New media-National", "notes": "On 11 December 2023, Israeli warplanes carried out airstrikes east of Gaza City, Gaza - Shujaiyya (Gaza City, Gaza Strip). Casualties unknown.", "fatalities": 0, "tags": null, "timestamp": 1759789988 }, "geometry": { "type": "Point", "coordinates": [ 34.4699, 31.4988 ] } },
{ "type": "Feature", "properties": { "event_id_cnty": "PSE43249", "event_date": "12/11/2023", "year": 2023, "time_precision": 1, "disorder_type": "Political violence", "event_type": "Explosions/Remote violence", "sub_event_type": "Air/drone strike", "actor1": "Military Forces of Israel (2022-)", "assoc_actor_1": null, "inter1": 8, "actor2": "Civilians (Palestine)", "assoc_actor_2": null, "inter2": 7, "interaction": 78, "civilian_targeting": "Civilian targeting", "iso": 275, "region": "Middle East", "country": "Palestine", "admin1": "Gaza Strip", "admin2": "Gaza City", "admin3": null, "location": "Gaza - Shujaiyya", "latitude": 31.4988, "longitude": 34.4699, "geo_precision": 1, "source": "Palestine News and Information Agency", "source_scale": "National", "notes": "On 11 December 2023, Israeli warplanes carried out airstrikes in Gaza - Shujaiyya (Gaza City, Gaza Strip). Casualties unknown.", "fatalities": 0, "tags": null, "timestamp": 1759789988 }, "geometry": { "type": "Point", "coordinates": [ 34.4699, 31.4988 ] } },
{ "type": "Feature", "properties": { "event_id_cnty": "PSE43253", "event_date": "12/11/2023", "year": 2023, "time_precision": 1, "disorder_type": "Political violence", "event_type": "Explosions/Remote violence", "sub_event_type": "Air/drone strike", "actor1": "Military Forces of Israel (2022-)", "assoc_actor_1": null, "inter1": 8, "actor2": "Civilians (Palestine)", "assoc_actor_2": null, "inter2": 7, "interaction": 78, "civilian_targeting": "Civilian targeting", "iso": 275, "region": "Middle East", "country": "Palestine", "admin1": "Gaza Strip", "admin2": "Khan Yunis", "admin3": null, "location": "Khan Yunis - Al Kateebeh", "latitude": 31.3642, "longitude": 34.3085, "geo_precision": 2, "source": "Palestine News and Information Agency", "source_scale": "National", "notes": "On 11 December 2023, Israeli warplanes carried out airstrikes north of Khan Yunis, Khan Yunis - Al Kateebeh (Khan Yunis, Gaza Strip). Casualties unknown.", "fatalities": 0, "tags": null, "timestamp": 1767742780 }, "geometry": { "type": "Point", "coordinates": [ 34.3085, 31.3642 ] } },
{ "type": "Feature", "properties": { "event_id_cnty": "PSE43269", "event_date": "12/11/2023", "year": 2023, "time_precision": 1, "disorder_type": "Political violence", "event_type": "Explosions/Remote violence", "sub_event_type": "Air/drone strike", "actor1": "Military Forces of Israel (2022-)", "assoc_actor_1": null, "inter1": 8, "actor2": "Civilians (Palestine)", "assoc_actor_2": null, "inter2": 7, "interaction": 78, "civilian_targeting": "Civilian targeting", "iso": 275, "region": "Middle East", "country": "Palestine", "admin1": "Gaza Strip", "admin2": "Deir El Balah", "admin3": null, "location": "Al Musaddar", "latitude": 31.4105, "longitude": 34.378, "geo_precision": 1, "source": "Quds News Network; Twitter", "source_scale": "New media-National", "notes": "On 11 December 2023, Israeli warplanes struck a house west of Deir al Balah city (coded to Al Musaddar, Gaza Strip). Casualties unknown.", "fatalities": 0, "tags": null, "timestamp": 1765850627 }, "geometry": { "type": "Point", "coordinates": [ 34.378, 31.4105 ] } },
{ "type": "Feature", "properties": { "event_id_cnty": "PSE43271", "event_date": "12/11/2023", "year": 2023, "time_precision": 1, "disorder_type": "Political violence", "event_type": "Explosions/Remote violence", "sub_event_type": "Air/drone strike", "actor1": "Military Forces of Israel (2022-)", "assoc_actor_1": null, "inter1": 8, "actor2": "Civilians (Palestine)", "assoc_actor_2": null, "inter2": 7, "interaction": 78, "civilian_targeting": "Civilian targeting", "iso": 275, "region": "Middle East", "country": "Palestine", "admin1": "Gaza Strip", "admin2": "Gaza City", "admin3": null, "location": "Gaza - Ad Darraj", "latitude": 31.5172, "longitude": 34.4642, "geo_precision": 1, "source": "Quds News Network; Twitter", "source_scale": "New media-National", "notes": "On 11 December 2023, Israeli warplanes carried out airstrikes in Gaza - Ad Darraj (Gaza City, Gaza Strip).Casualties unknown.", "fatalities": 0, "tags": null, "timestamp": 1759789988 }, "geometry": { "type": "Point", "coordinates": [ 34.4642, 31.5172 ] } },
{ "type": "Feature", "properties": { "event_id_cnty": "PSE43273", "event_date": "12/11/2023", "year": 2023, "time_precision": 1, "disorder_type": "Political violence", "event_type": "Explosions/Remote violence", "sub_event_type": "Air/drone strike", "actor1": "Military Forces of Israel (2022-)", "assoc_actor_1": null, "inter1": 8, "actor2": "Civilians (Palestine)", "assoc_actor_2": null, "inter2": 7, "interaction": 78, "civilian_targeting": "Civilian targeting", "iso": 275, "region": "Middle East", "country": "Palestine", "admin1": "Gaza Strip", "admin2": "Khan Yunis", "admin3": null, "location": "Khan Yunis - Maen", "latitude": 31.336, "longitude": 34.3172, "geo_precision": 1, "source": "Liveuamap; Quds News Network; Twitter", "source_scale": "Local partner-New media", "notes": "On 11 December 2023, Israeli warplanes carried out airstrikes in Khan Yunis - Maen (Khan Yunis, Gaza Strip). Casualties unknown.", "fatalities": 0, "tags": null, "timestamp": 1753954979 }, "geometry": { "type": "Point", "coordinates": [ 34.3172, 31.336 ] } },
{ "type": "Feature", "properties": { "event_id_cnty": "PSE43274", "event_date": "12/11/2023", "year": 2023, "time_precision": 1, "disorder_type": "Political violence", "event_type": "Explosions/Remote violence", "sub_event_type": "Air/drone strike", "actor1": "Military Forces of Israel (2022-)", "assoc_actor_1": null, "inter1": 8, "actor2": "Civilians (Palestine)", "assoc_actor_2": null, "inter2": 7, "interaction": 78, "civilian_targeting": "Civilian targeting", "iso": 275, "region": "Middle East", "country": "Palestine", "admin1": "Gaza Strip", "admin2": "Khan Yunis", "admin3": null, "location": "Bani Suheila", "latitude": 31.3424, "longitude": 34.325, "geo_precision": 1, "source": "Quds News Network; Twitter", "source_scale": "New media-National", "notes": "On 11 December 2023, Israeli warplanes carried out airstrikes in Bani Suheila (Khan Yunis, Gaza Strip). Casualties unknown.", "fatalities": 0, "tags": null, "timestamp": 1753954979 }, "geometry": { "type": "Point", "coordinates": [ 34.325, 31.3424 ] } },
{ "type": "Feature", "properties": { "event_id_cnty": "PSE43276", "event_date": "12/11/2023", "year": 2023, "time_precision": 1, "disorder_type": "Political violence", "event_type": "Explosions/Remote violence", "sub_event_type": "Air/drone strike", "actor1": "Military Forces of Israel (2022-)", "assoc_actor_1": null, "inter1": 8, "actor2": "Civilians (Palestine)", "assoc_actor_2": null, "inter2": 7, "interaction": 78, "civilian_targeting": "Civilian targeting", "iso": 275, "region": "Middle East", "country": "Palestine", "admin1": "Gaza Strip", "admin2": "Gaza City", "admin3": null, "location": "Gaza - Northern Remal", "latitude": 31.524, "longitude": 34.4505, "geo_precision": 1, "source": "Quds News Network; Twitter", "source_scale": "New media-National", "notes": "On 11 December 2023, Israeli warplanes carried out airstrikes in Gaza - Northern Remal (Gaza City, Gaza Strip). Casualties unknown.", "fatalities": 0, "tags": null, "timestamp": 1759789988 }, "geometry": { "type": "Point", "coordinates": [ 34.4505, 31.524 ] } },
{ "type": "Feature", "properties": { "event_id_cnty": "PSE43250", "event_date": "12/11/2023", "year": 2023, "time_precision": 1, "disorder_type": "Political violence", "event_type": "Explosions/Remote violence", "sub_event_type": "Air/drone strike", "actor1": "Military Forces of Israel (2022-)", "assoc_actor_1": null, "inter1": 8, "actor2": "Civilians (Palestine)", "assoc_actor_2": "Refugees/IDPs (Palestine)", "inter2": 7, "interaction": 78, "civilian_targeting": "Civilian targeting", "iso": 275, "region": "Middle East", "country": "Palestine", "admin1": "Gaza Strip", "admin2": "North Gaza", "admin3": null, "location": "Jabalya Camp", "latitude": 31.536, "longitude": 34.4907, "geo_precision": 1, "source": "Newpress; Palestine News and Information Agency; Twitter", "source_scale": "New media-National", "notes": "On 11 December 2023, Israeli warplanes carried out airstrikes and targeted a house in Mukhayyam Jabalya camp (North Gaza, Gaza Strip), killing a Palestinian.", "fatalities": 1, "tags": null, "timestamp": 1753954979 }, "geometry": { "type": "Point", "coordinates": [ 34.4907, 31.536 ] } },
{ "type": "Feature", "properties": { "event_id_cnty": "PSE43275", "event_date": "12/11/2023", "year": 2023, "time_precision": 1, "disorder_type": "Political violence", "event_type": "Explosions/Remote violence", "sub_event_type": "Air/drone strike", "actor1": "Military Forces of Israel (2022-)", "assoc_actor_1": null, "inter1": 8, "actor2": "Civilians (Palestine)", "assoc_actor_2": null, "inter2": 7, "interaction": 78, "civilian_targeting": "Civilian targeting", "iso": 275, "region": "Middle East", "country": "Palestine", "admin1": "Gaza Strip", "admin2": "Gaza City", "admin3": null, "location": "Gaza - Sabra", "latitude": 31.5086, "longitude": 34.4493, "geo_precision": 1, "source": "Newpress; Quds News Network; Twitter", "source_scale": "New media-National", "notes": "On 11 December 2023, Israeli warplanes carried out airstrikes in Gaza - Sabra (Gaza City, Gaza Strip). Casualties unknown. [On 20 December 2023, 70 bodies were recovered from under the rubble in Sabra. These fatalities were split across 3 events, 24 fatalities were coded to this event].", "fatalities": 24, "tags": null, "timestamp": 1759789988 }, "geometry": { "type": "Point", "coordinates": [ 34.4493, 31.5086 ] } },
{ "type": "Feature", "properties": { "event_id_cnty": "PSE43255", "event_date": "12/11/2023", "year": 2023, "time_precision": 1, "disorder_type": "Political violence", "event_type": "Explosions/Remote violence", "sub_event_type": "Air/drone strike", "actor1": "Military Forces of Israel (2022-)", "assoc_actor_1": null, "inter1": 8, "actor2": "Civilians (Palestine)", "assoc_actor_2": null, "inter2": 7, "interaction": 78, "civilian_targeting": "Civilian targeting", "iso": 275, "region": "Middle East", "country": "Palestine", "admin1": "Gaza Strip", "admin2": "North Gaza", "admin3": null, "location": "Jabalya", "latitude": 31.5272, "longitude": 34.4835, "geo_precision": 1, "source": "Palestine News and Information Agency; Quds News Network; Twitter", "source_scale": "New media-National", "notes": "On 11 December 2023, Israeli warplanes and artillery struck a target in al-Nuzlah of Jabalya (North Gaza, Gaza Strip), killing 23 Palestinians.", "fatalities": 23, "tags": null, "timestamp": 1759789988 }, "geometry": { "type": "Point", "coordinates": [ 34.4835, 31.5272 ] } },
{ "type": "Feature", "properties": { "event_id_cnty": "PSE43256", "event_date": "12/11/2023", "year": 2023, "time_precision": 1, "disorder_type": "Political violence", "event_type": "Explosions/Remote violence", "sub_event_type": "Air/drone strike", "actor1": "Military Forces of Israel (2022-)", "assoc_actor_1": null, "inter1": 8, "actor2": "Civilians (Palestine)", "assoc_actor_2": "Refugees/IDPs (Palestine)", "inter2": 7, "interaction": 78, "civilian_targeting": "Civilian targeting", "iso": 275, "region": "Middle East", "country": "Palestine", "admin1": "Gaza Strip", "admin2": "Rafah", "admin3": null, "location": "Rafah Camp", "latitude": 31.2847, "longitude": 34.2546, "geo_precision": 2, "source": "Palestine News and Information Agency", "source_scale": "National", "notes": "On 11 December 2023, Israeli warplanes struck a house in Al Shabourah refugee camp near Mukhayyam Rafah camp (Rafah, Gaza Strip), injuring an number of Palestinians.", "fatalities": 0, "tags": null, "timestamp": 1753954979 }, "geometry": { "type": "Point", "coordinates": [ 34.2546, 31.2847 ] } },
{ "type": "Feature", "properties": { "event_id_cnty": "PSE43257", "event_date": "12/11/2023", "year": 2023, "time_precision": 1, "disorder_type": "Political violence", "event_type": "Explosions/Remote violence", "sub_event_type": "Air/drone strike", "actor1": "Military Forces of Israel (2022-)", "assoc_actor_1": null, "inter1": 8, "actor2": "Civilians (Palestine)", "assoc_actor_2": null, "inter2": 7, "interaction": 78, "civilian_targeting": "Civilian targeting", "iso": 275, "region": "Middle East", "country": "Palestine", "admin1": "Gaza Strip", "admin2": "Rafah", "admin3": null, "location": "Khirbet al Adas", "latitude": 31.2855, "longitude": 34.2714, "geo_precision": 1, "source": "Newpress; Palestine News and Information Agency; Quds News Network; Twitter", "source_scale": "New media-National", "notes": "On 11 December 2023, Israeli warplanes carried out airstrikes in Khirbet al Adas (Rafah, Gaza Strip). Casualties unknown.", "fatalities": 0, "tags": null, "timestamp": 1753954979 }, "geometry": { "type": "Point", "coordinates": [ 34.2714, 31.2855 ] } },
{ "type": "Feature", "properties": { "event_id_cnty": "PSE43278", "event_date": "12/11/2023", "year": 2023, "time_precision": 1, "disorder_type": "Political violence", "event_type": "Explosions/Remote violence", "sub_event_type": "Air/drone strike", "actor1": "Military Forces of Israel (2022-)", "assoc_actor_1": null, "inter1": 8, "actor2": "Civilians (Palestine)", "assoc_actor_2": null, "inter2": 7, "interaction": 78, "civilian_targeting": "Civilian targeting", "iso": 275, "region": "Middle East", "country": "Palestine", "admin1": "Gaza Strip", "admin2": "Rafah", "admin3": null, "location": "As Salam", "latitude": 31.2678, "longitude": 34.2567, "geo_precision": 1, "source": "Quds News Network; Twitter", "source_scale": "New media-National", "notes": "On 11 December 2023, Israeli warplanes struck a land in As Salam (Rafah, Gaza Strip), killing 2 women.", "fatalities": 2, "tags": null, "timestamp": 1753954979 }, "geometry": { "type": "Point", "coordinates": [ 34.2567, 31.2678 ] } },
{ "type": "Feature", "properties": { "event_id_cnty": "PSE43716", "event_date": "12/11/2023", "year": 2023, "time_precision": 1, "disorder_type": "Political violence", "event_type": "Explosions/Remote violence", "sub_event_type": "Air/drone strike", "actor1": "Military Forces of Israel (2022-)", "assoc_actor_1": null, "inter1": 8, "actor2": "Civilians (Palestine)", "assoc_actor_2": null, "inter2": 7, "interaction": 78, "civilian_targeting": "Civilian targeting", "iso": 275, "region": "Middle East", "country": "Palestine", "admin1": "Gaza Strip", "admin2": "Rafah", "admin3": null, "location": "Yibna", "latitude": 31.2842, "longitude": 34.2482, "geo_precision": 2, "source": "AP; PLO Negotiations Affairs Department; Quds News Network; Twitter", "source_scale": "Other-New media", "notes": "On 11 December 2023, Israeli artillery and tanks shelled targets east of Rafah (coded to Yibna, Gaza Strip). Meanwhile warplanes struck a house and a residential building, killing at least 9 people.", "fatalities": 9, "tags": null, "timestamp": 1753954979 }, "geometry": { "type": "Point", "coordinates": [ 34.2482, 31.2842 ] } },
{ "type": "Feature", "properties": { "event_id_cnty": "PSE43294", "event_date": "12/12/2023", "year": 2023, "time_precision": 1, "disorder_type": "Political violence", "event_type": "Explosions/Remote violence", "sub_event_type": "Air/drone strike", "actor1": "Military Forces of Israel (2022-)", "assoc_actor_1": null, "inter1": 8, "actor2": "Civilians (Palestine)", "assoc_actor_2": null, "inter2": 7, "interaction": 78, "civilian_targeting": "Civilian targeting", "iso": 275, "region": "Middle East", "country": "Palestine", "admin1": "Gaza Strip", "admin2": "Gaza City", "admin3": null, "location": "Gaza - Sheikh Radwan", "latitude": 31.5349, "longitude": 34.4667, "geo_precision": 1, "source": "Palestine News and Information Agency", "source_scale": "National", "notes": "On 12 December 2023, Israeli warplanes struck houses in Gaza - Sheikh Radwan (Gaza City, Gaza Strip), killing 15 Palestinians, including women and children.", "fatalities": 15, "tags": null, "timestamp": 1759789988 }, "geometry": { "type": "Point", "coordinates": [ 34.4667, 31.5349 ] } },
{ "type": "Feature", "properties": { "event_id_cnty": "PSE43295", "event_date": "12/12/2023", "year": 2023, "time_precision": 1, "disorder_type": "Political violence", "event_type": "Explosions/Remote violence", "sub_event_type": "Air/drone strike", "actor1": "Military Forces of Israel (2022-)", "assoc_actor_1": null, "inter1": 8, "actor2": "Civilians (Palestine)", "assoc_actor_2": null, "inter2": 7, "interaction": 78, "civilian_targeting": "Civilian targeting", "iso": 275, "region": "Middle East", "country": "Palestine", "admin1": "Gaza Strip", "admin2": "Gaza City", "admin3": null, "location": "Gaza - Ad Darraj", "latitude": 31.5172, "longitude": 34.4642, "geo_precision": 1, "source": "Liveuamap; Ma'an News Agency; Palestine News and Information Agency; Quds News Network; Twitter", "source_scale": "Local partner-New media", "notes": "On 12 December 2023, Israeli UAVs opened fire randomly toward residentials areas and warplanes struck and destroyed 10 houses in al-Sahaba area of Gaza - Ad Darraj (Gaza City, Gaza Strip), killing at least 25 of Palestinians.", "fatalities": 25, "tags": null, "timestamp": 1759789988 }, "geometry": { "type": "Point", "coordinates": [ 34.4642, 31.5172 ] } },
{ "type": "Feature", "properties": { "event_id_cnty": "PSE43296", "event_date": "12/12/2023", "year": 2023, "time_precision": 1, "disorder_type": "Political violence", "event_type": "Explosions/Remote violence", "sub_event_type": "Air/drone strike", "actor1": "Military Forces of Israel (2022-)", "assoc_actor_1": null, "inter1": 8, "actor2": "Civilians (Palestine)", "assoc_actor_2": null, "inter2": 7, "interaction": 78, "civilian_targeting": "Civilian targeting", "iso": 275, "region": "Middle East", "country": "Palestine", "admin1": "Gaza Strip", "admin2": "Gaza City", "admin3": null, "location": "Gaza - Shujaiyya", "latitude": 31.4988, "longitude": 34.4699, "geo_precision": 1, "source": "Palestine News and Information Agency", "source_scale": "National", "notes": "On 12 December 2023, Israeli warplanes struck houses in Gaza - Shujaiyya (Gaza City, Gaza Strip), killing dozens of Palestinians and injuring several of others. Fatalities coded as 12.", "fatalities": 12, "tags": null, "timestamp": 1759789988 }, "geometry": { "type": "Point", "coordinates": [ 34.4699, 31.4988 ] } },
{ "type": "Feature", "properties": { "event_id_cnty": "PSE43301", "event_date": "12/12/2023", "year": 2023, "time_precision": 1, "disorder_type": "Political violence", "event_type": "Explosions/Remote violence", "sub_event_type": "Air/drone strike", "actor1": "Military Forces of Israel (2022-)", "assoc_actor_1": null, "inter1": 8, "actor2": "Civilians (Palestine)", "assoc_actor_2": null, "inter2": 7, "interaction": 78, "civilian_targeting": "Civilian targeting", "iso": 275, "region": "Middle East", "country": "Palestine", "admin1": "Gaza Strip", "admin2": "Khan Yunis", "admin3": null, "location": "Khan Yunis - West (Municipal Stadium)", "latitude": 31.3484, "longitude": 34.2961, "geo_precision": 2, "source": "Palestine News and Information Agency; Quds News Network; Twitter", "source_scale": "New media-National", "notes": "On 12 December 2023, Israeli warplanes carried out airstrikes (belt of fire) on the outskirts of Naser Hospital west of Khan Yunis, Khan Yunis - West (Municipal Stadium) - Gaza Strip. Also, warplanes struck a house in al-Mashroua area, west of Khan Yunis, killing at least 9 persons.", "fatalities": 9, "tags": null, "timestamp": 1753954979 }, "geometry": { "type": "Point", "coordinates": [ 34.2961, 31.3484 ] } },
{ "type": "Feature", "properties": { "event_id_cnty": "PSE43306", "event_date": "12/12/2023", "year": 2023, "time_precision": 1, "disorder_type": "Political violence", "event_type": "Explosions/Remote violence", "sub_event_type": "Air/drone strike", "actor1": "Military Forces of Israel (2022-)", "assoc_actor_1": null, "inter1": 8, "actor2": "Civilians (Palestine)", "assoc_actor_2": null, "inter2": 7, "interaction": 78, "civilian_targeting": "Civilian targeting", "iso": 275, "region": "Middle East", "country": "Palestine", "admin1": "Gaza Strip", "admin2": "Khan Yunis", "admin3": null, "location": "Khan Yunis - Al Amal", "latitude": 31.3544, "longitude": 34.3007, "geo_precision": 1, "source": "Liveuamap; Ma'an News Agency; Palestine News and Information Agency; Quds News Network; Twitter", "source_scale": "Local partner-New media", "notes": "On 12 December 2023, Israeli warplanes struck a house in Khan Yunis - Al Amal (Khan Yunis, Gaza Strip), killing 11 Palestinians.", "fatalities": 11, "tags": null, "timestamp": 1753954979 }, "geometry": { "type": "Point", "coordinates": [ 34.3007, 31.3544 ] } },
{ "type": "Feature", "properties": { "event_id_cnty": "PSE43759", "event_date": "12/12/2023", "year": 2023, "time_precision": 1, "disorder_type": "Political violence", "event_type": "Explosions/Remote violence", "sub_event_type": "Shelling/artillery/missile attack", "actor1": "Military Forces of Israel (2022-)", "assoc_actor_1": null, "inter1": 8, "actor2": "Civilians (Palestine)", "assoc_actor_2": null, "inter2": 7, "interaction": 78, "civilian_targeting": "Civilian targeting", "iso": 275, "region": "Middle East", "country": "Palestine", "admin1": "Gaza Strip", "admin2": "Khan Yunis", "admin3": null, "location": "Khan Yunis", "latitude": 31.3502, "longitude": 34.3081, "geo_precision": 1, "source": "Dunia Al Watan; Palestine News and Information Agency; Quds News Network; Twitter", "source_scale": "New media-National", "notes": "On 12 December 2023, Israeli artillery shelled targets in Khan Yunis city (Khan Yunis, Gaza Strip), killing 2 Palestinians and injuring several of others.", "fatalities": 2, "tags": null, "timestamp": 1753954979 }, "geometry": { "type": "Point", "coordinates": [ 34.3081, 31.3502 ] } },
{ "type": "Feature", "properties": { "event_id_cnty": "PSE43299", "event_date": "12/12/2023", "year": 2023, "time_precision": 1, "disorder_type": "Political violence", "event_type": "Explosions/Remote violence", "sub_event_type": "Air/drone strike", "actor1": "Military Forces of Israel (2022-)", "assoc_actor_1": null, "inter1": 8, "actor2": "Civilians (Palestine)", "assoc_actor_2": "Refugees/IDPs (Palestine)", "inter2": 7, "interaction": 78, "civilian_targeting": "Civilian targeting", "iso": 275, "region": "Middle East", "country": "Palestine", "admin1": "Gaza Strip", "admin2": "Deir El Balah", "admin3": null, "location": "Al Burayj", "latitude": 31.4394, "longitude": 34.4031, "geo_precision": 1, "source": "Palestine News and Information Agency; Quds News Network; Twitter", "source_scale": "New media-National", "notes": "On 12 December 2023, Israeli warplanes struck houses in Al Burayj refugee camp (Deir El Balah, Gaza Strip), killing 9 Palestinians in Al Burayj and Deir al Balah city. Fatalities split across two events, fatalities coded as 4.", "fatalities": 5, "tags": null, "timestamp": 1753954979 }, "geometry": { "type": "Point", "coordinates": [ 34.4031, 31.4394 ] } },
{ "type": "Feature", "properties": { "event_id_cnty": "PSE43300", "event_date": "12/12/2023", "year": 2023, "time_precision": 1, "disorder_type": "Political violence", "event_type": "Explosions/Remote violence", "sub_event_type": "Air/drone strike", "actor1": "Military Forces of Israel (2022-)", "assoc_actor_1": null, "inter1": 8, "actor2": "Civilians (Palestine)", "assoc_actor_2": null, "inter2": 7, "interaction": 78, "civilian_targeting": "Civilian targeting", "iso": 275, "region": "Middle East", "country": "Palestine", "admin1": "Gaza Strip", "admin2": "Deir El Balah", "admin3": null, "location": "Deir al Balah", "latitude": 31.4178, "longitude": 34.3503, "geo_precision": 1, "source": "Palestine News and Information Agency", "source_scale": "National", "notes": "On 12 December 2023, Israeli warplanes struck houses in Deir al Balah city (Deir El Balah, Gaza Strip), killing 9 Palestinians in Al Burayj and Deir al Balah city. Fatalities split across two events, fatalities coded as 4.", "fatalities": 4, "tags": null, "timestamp": 1753954979 }, "geometry": { "type": "Point", "coordinates": [ 34.3503, 31.4178 ] } },
{ "type": "Feature", "properties": { "event_id_cnty": "PSE43314", "event_date": "12/12/2023", "year": 2023, "time_precision": 1, "disorder_type": "Political violence", "event_type": "Explosions/Remote violence", "sub_event_type": "Air/drone strike", "actor1": "Military Forces of Israel (2022-)", "assoc_actor_1": null, "inter1": 8, "actor2": "Civilians (Palestine)", "assoc_actor_2": "Refugees/IDPs (Palestine)", "inter2": 7, "interaction": 78, "civilian_targeting": "Civilian targeting", "iso": 275, "region": "Middle East", "country": "Palestine", "admin1": "Gaza Strip", "admin2": "Deir El Balah", "admin3": null, "location": "An Nusayrat", "latitude": 31.4486, "longitude": 34.3925, "geo_precision": 1, "source": "Arab 48; Quds News Network; Twitter", "source_scale": "New media-National", "notes": "On 12 December 2023, Israeli warplanes struck houses in An Nusayrat refugee camp (Deir El Balah, Gaza Strip), killing 17 Palestinians.", "fatalities": 17, "tags": null, "timestamp": 1753954979 }, "geometry": { "type": "Point", "coordinates": [ 34.3925, 31.4486 ] } },
{ "type": "Feature", "properties": { "event_id_cnty": "PSE43323", "event_date": "12/12/2023", "year": 2023, "time_precision": 1, "disorder_type": "Political violence", "event_type": "Explosions/Remote violence", "sub_event_type": "Air/drone strike", "actor1": "Military Forces of Israel (2022-)", "assoc_actor_1": null, "inter1": 8, "actor2": "Civilians (Palestine)", "assoc_actor_2": null, "inter2": 7, "interaction": 78, "civilian_targeting": "Civilian targeting", "iso": 275, "region": "Middle East", "country": "Palestine", "admin1": "Gaza Strip", "admin2": "Deir El Balah", "admin3": null, "location": "Az Zawayda", "latitude": 31.4284, "longitude": 34.366, "geo_precision": 1, "source": "Quds News Network; Twitter", "source_scale": "New media-National", "notes": "On 12 December 2023, Israeli warplanes struck a house in Az Zawayda (Deir El Balah, Gaza Strip). Casualties unknown.", "fatalities": 0, "tags": null, "timestamp": 1767742780 }, "geometry": { "type": "Point", "coordinates": [ 34.366, 31.4284 ] } },
{ "type": "Feature", "properties": { "event_id_cnty": "PSE43303", "event_date": "12/12/2023", "year": 2023, "time_precision": 1, "disorder_type": "Political violence", "event_type": "Explosions/Remote violence", "sub_event_type": "Air/drone strike", "actor1": "Military Forces of Israel (2022-)", "assoc_actor_1": null, "inter1": 8, "actor2": "Civilians (Palestine)", "assoc_actor_2": null, "inter2": 7, "interaction": 78, "civilian_targeting": "Civilian targeting", "iso": 275, "region": "Middle East", "country": "Palestine", "admin1": "Gaza Strip", "admin2": "Rafah", "admin3": null, "location": "Tal as Sultan", "latitude": 31.3098, "longitude": 34.2414, "geo_precision": 1, "source": "Arab 48; Palestine News and Information Agency", "source_scale": "National", "notes": "On 12 December 2023, Israeli warplanes struck houses in Tal as Sultan (Rafah, Gaza Strip), killing at least 9 Palestinians and injuring another 70.", "fatalities": 9, "tags": null, "timestamp": 1762829569 }, "geometry": { "type": "Point", "coordinates": [ 34.2414, 31.3098 ] } },
{ "type": "Feature", "properties": { "event_id_cnty": "PSE43302", "event_date": "12/12/2023", "year": 2023, "time_precision": 1, "disorder_type": "Political violence", "event_type": "Explosions/Remote violence", "sub_event_type": "Air/drone strike", "actor1": "Military Forces of Israel (2022-)", "assoc_actor_1": null, "inter1": 8, "actor2": "Civilians (Palestine)", "assoc_actor_2": null, "inter2": 7, "interaction": 78, "civilian_targeting": "Civilian targeting", "iso": 275, "region": "Middle East", "country": "Palestine", "admin1": "Gaza Strip", "admin2": "Khan Yunis", "admin3": null, "location": "Khan Yunis - City Centre", "latitude": 31.3419, "longitude": 34.3015, "geo_precision": 1, "source": "Palestine News and Information Agency; Quds News Network; Twitter", "source_scale": "New media-National", "notes": "On 12 December 2023, Israeli warplanes struck a civilian car in Khan Yunis - City Centre (Khan Yunis, Gaza City), killing several Palestinians.Unspecified number of fatalities coded as 3.", "fatalities": 3, "tags": null, "timestamp": 1753954979 }, "geometry": { "type": "Point", "coordinates": [ 34.3015, 31.3419 ] } },
{ "type": "Feature", "properties": { "event_id_cnty": "PSE43409", "event_date": "12/12/2023", "year": 2023, "time_precision": 1, "disorder_type": "Political violence", "event_type": "Explosions/Remote violence", "sub_event_type": "Air/drone strike", "actor1": "Military Forces of Israel (2022-)", "assoc_actor_1": null, "inter1": 8, "actor2": "Civilians (Palestine)", "assoc_actor_2": "Refugees/IDPs (Palestine); UNRWA: United Nations Relief and Works Agency", "inter2": 7, "interaction": 78, "civilian_targeting": "Civilian targeting", "iso": 275, "region": "Middle East", "country": "Palestine", "admin1": "Gaza Strip", "admin2": "North Gaza", "admin3": null, "location": "Jabalya Camp", "latitude": 31.536, "longitude": 34.4907, "geo_precision": 1, "source": "Ma'an News Agency; Palestine News and Information Agency; Quds News Network; Twitter", "source_scale": "New media-National", "notes": "On 12 December 2023, Israeli military forces opened fire at a UNRWA school hosting displaced people while artillery struck targets in Mukhayyam Jabalya camp (North Gaza, Gaza Strip). Also, the warplanes struck the gate of a medical clinic and a house, killing at least 5 Palestinians and injuring several others who were present in the area. Also, another 2 elderly persons were killed by IDF fire targeting displaced people. Total fatalities coded at least 7.", "fatalities": 7, "tags": null, "timestamp": 1753954979 }, "geometry": { "type": "Point", "coordinates": [ 34.4907, 31.536 ] } },
{ "type": "Feature", "properties": { "event_id_cnty": "PSE43284", "event_date": "12/12/2023", "year": 2023, "time_precision": 1, "disorder_type": "Political violence", "event_type": "Explosions/Remote violence", "sub_event_type": "Air/drone strike", "actor1": "Military Forces of Israel (2022-)", "assoc_actor_1": null, "inter1": 8, "actor2": "Civilians (Palestine)", "assoc_actor_2": null, "inter2": 7, "interaction": 78, "civilian_targeting": "Civilian targeting", "iso": 275, "region": "Middle East", "country": "Palestine", "admin1": "Gaza Strip", "admin2": "Rafah", "admin3": null, "location": "Yibna", "latitude": 31.2842, "longitude": 34.2482, "geo_precision": 2, "source": "Ma'an News Agency; PLO Negotiations Affairs Department", "source_scale": "Other-National", "notes": "On 12 December 2023, Israeli warplanes struck a house in Al Junian area and another one east of Rafah (coded to Yibna, Gaza Strip), injuring a number of Palestinians. Meanwhile, the artillery and tanks shelled targets east of Rafah. Fatalities unknown.", "fatalities": 0, "tags": null, "timestamp": 1753954979 }, "geometry": { "type": "Point", "coordinates": [ 34.2482, 31.2842 ] } },
{ "type": "Feature", "properties": { "event_id_cnty": "PSE43297", "event_date": "12/12/2023", "year": 2023, "time_precision": 1, "disorder_type": "Political violence", "event_type": "Explosions/Remote violence", "sub_event_type": "Air/drone strike", "actor1": "Military Forces of Israel (2022-)", "assoc_actor_1": null, "inter1": 8, "actor2": "Civilians (Palestine)", "assoc_actor_2": null, "inter2": 7, "interaction": 78, "civilian_targeting": "Civilian targeting", "iso": 275, "region": "Middle East", "country": "Palestine", "admin1": "Gaza Strip", "admin2": "Gaza City", "admin3": null, "location": "Gaza - Az Zaytun", "latitude": 31.4964, "longitude": 34.4522, "geo_precision": 1, "source": "Palestine News and Information Agency; Quds News Network; Twitter", "source_scale": "New media-National", "notes": "On 12 December 2023, Israeli warplanes struck houses in Gaza - Az Zaytun (Gaza City, Gaza Strip), killing dozens of Palestinians and injuring several others. Fatalities coded as 12. Meanwhile, artillery shelled targets in the area.", "fatalities": 12, "tags": null, "timestamp": 1759789988 }, "geometry": { "type": "Point", "coordinates": [ 34.4522, 31.4964 ] } },
{ "type": "Feature", "properties": { "event_id_cnty": "PSE43290", "event_date": "12/12/2023", "year": 2023, "time_precision": 1, "disorder_type": "Political violence", "event_type": "Explosions/Remote violence", "sub_event_type": "Air/drone strike", "actor1": "Military Forces of Israel (2022-)", "assoc_actor_1": null, "inter1": 8, "actor2": "Civilians (Palestine)", "assoc_actor_2": null, "inter2": 7, "interaction": 78, "civilian_targeting": "Civilian targeting", "iso": 275, "region": "Middle East", "country": "Palestine", "admin1": "Gaza Strip", "admin2": "Rafah", "admin3": null, "location": "Khirbet al Adas", "latitude": 31.2855, "longitude": 34.2714, "geo_precision": 2, "source": "Al-Ittihad; Amnesty International; Dunia Al Watan; Ma'an News Agency; Newpress; Palestine News and Information Agency; Quds News Network; Twitter", "source_scale": "Other-New media", "notes": "On 12 December 2023, Israeli warplanes struck a house in al-Zuhor area, north of Rafah city (coded to Khirbet al Adas, Gaza Strip), killing 25 Palestinians, including 10 children, and injuring dozens.", "fatalities": 25, "tags": null, "timestamp": 1753954979 }, "geometry": { "type": "Point", "coordinates": [ 34.2714, 31.2855 ] } },
{ "type": "Feature", "properties": { "event_id_cnty": "PSE43293", "event_date": "12/12/2023", "year": 2023, "time_precision": 1, "disorder_type": "Political violence", "event_type": "Explosions/Remote violence", "sub_event_type": "Air/drone strike", "actor1": "Military Forces of Israel (2022-)", "assoc_actor_1": null, "inter1": 8, "actor2": "Civilians (Palestine)", "assoc_actor_2": null, "inter2": 7, "interaction": 78, "civilian_targeting": "Civilian targeting", "iso": 275, "region": "Middle East", "country": "Palestine", "admin1": "Gaza Strip", "admin2": "Rafah", "admin3": null, "location": "Rafah", "latitude": 31.287, "longitude": 34.2595, "geo_precision": 1, "source": "Arab 48; Palestine News and Information Agency; Quds News Network; Twitter", "source_scale": "New media-National", "notes": "On 12 December 2023, Israeli warplanes struck houses in Rafah city (Rafah, Gaza Strip), killing at least 20 Palestinians and injuring dozens.", "fatalities": 20, "tags": null, "timestamp": 1762829569 }, "geometry": { "type": "Point", "coordinates": [ 34.2595, 31.287 ] } },
{ "type": "Feature", "properties": { "event_id_cnty": "PSE43305", "event_date": "12/12/2023", "year": 2023, "time_precision": 1, "disorder_type": "Political violence", "event_type": "Explosions/Remote violence", "sub_event_type": "Air/drone strike", "actor1": "Military Forces of Israel (2022-)", "assoc_actor_1": null, "inter1": 8, "actor2": "Civilians (Palestine)", "assoc_actor_2": null, "inter2": 7, "interaction": 78, "civilian_targeting": "Civilian targeting", "iso": 275, "region": "Middle East", "country": "Palestine", "admin1": "Gaza Strip", "admin2": "Khan Yunis", "admin3": null, "location": "Khan Yunis - Jourat Al-Loot", "latitude": 31.3314, "longitude": 34.3004, "geo_precision": 2, "source": "Arab 48; Ma'an News Agency; Quds News Network; Twitter", "source_scale": "New media-National", "notes": "On 12 December 2023, Israeli warplanes struck houses near the University College of Science and Technology south of Khan Yunis, Khan Yunis - Jourat Al-Loot (Khan Yunis, Gaza Strip), killing a Palestinian and injuring another 6.", "fatalities": 1, "tags": null, "timestamp": 1753954979 }, "geometry": { "type": "Point", "coordinates": [ 34.3004, 31.3314 ] } },
{ "type": "Feature", "properties": { "event_id_cnty": "PSE43315", "event_date": "12/12/2023", "year": 2023, "time_precision": 1, "disorder_type": "Political violence", "event_type": "Explosions/Remote violence", "sub_event_type": "Air/drone strike", "actor1": "Military Forces of Israel (2022-)", "assoc_actor_1": null, "inter1": 8, "actor2": "Civilians (Palestine)", "assoc_actor_2": null, "inter2": 7, "interaction": 78, "civilian_targeting": "Civilian targeting", "iso": 275, "region": "Middle East", "country": "Palestine", "admin1": "Gaza Strip", "admin2": "Rafah", "admin3": null, "location": "Rafah Camp", "latitude": 31.2847, "longitude": 34.2546, "geo_precision": 2, "source": "Newpress; Quds News Network; Twitter", "source_scale": "New media-National", "notes": "On 12 December 2023, Israeli warplanes struck targets near Al Shabourah refugee camp near Mukhayyam Rafah camp (Rafah, Gaza Strip), injuring a number of Palestinians.", "fatalities": 0, "tags": null, "timestamp": 1753954979 }, "geometry": { "type": "Point", "coordinates": [ 34.2546, 31.2847 ] } },
{ "type": "Feature", "properties": { "event_id_cnty": "PSE43304", "event_date": "12/12/2023", "year": 2023, "time_precision": 1, "disorder_type": "Political violence", "event_type": "Explosions/Remote violence", "sub_event_type": "Air/drone strike", "actor1": "Military Forces of Israel (2022-)", "assoc_actor_1": null, "inter1": 8, "actor2": "Civilians (Palestine)", "assoc_actor_2": "Refugees/IDPs (Palestine)", "inter2": 7, "interaction": 78, "civilian_targeting": "Civilian targeting", "iso": 275, "region": "Middle East", "country": "Palestine", "admin1": "Gaza Strip", "admin2": "Rafah", "admin3": null, "location": "As Salam", "latitude": 31.2678, "longitude": 34.2567, "geo_precision": 1, "source": "Ma'an News Agency", "source_scale": "National", "notes": "On 12 December 2023, Israeli warplanes struck a house hosting displaced people in As Salam (Rafah, Gaza Strip), killing 2 women.", "fatalities": 2, "tags": null, "timestamp": 1753954979 }, "geometry": { "type": "Point", "coordinates": [ 34.2567, 31.2678 ] } },
{ "type": "Feature", "properties": { "event_id_cnty": "PSE43357", "event_date": "12/12/2023", "year": 2023, "time_precision": 1, "disorder_type": "Political violence", "event_type": "Violence against civilians", "sub_event_type": "Attack", "actor1": "Hamas Movement", "assoc_actor_1": null, "inter1": 3, "actor2": "Civilians (Palestine)", "assoc_actor_2": null, "inter2": 7, "interaction": 37, "civilian_targeting": "Civilian targeting", "iso": 275, "region": "Middle East", "country": "Palestine", "admin1": "Gaza Strip", "admin2": "Rafah", "admin3": null, "location": "Rafah", "latitude": 31.287, "longitude": 34.2595, "geo_precision": 2, "source": "Joe Truzman; Twitter", "source_scale": "New media-National", "notes": "On 12 December 2023, Hamas militants, who were guarding aid trucks, opened fire at Palestinian civilians, presumably in the Rafah area (Gaza Strip). Casualties unknown. This event involved violence over aid.", "fatalities": 0, "tags": null, "timestamp": 1762829569 }, "geometry": { "type": "Point", "coordinates": [ 34.2595, 31.287 ] } },
{ "type": "Feature", "properties": { "event_id_cnty": "PSE43331", "event_date": "12/13/2023", "year": 2023, "time_precision": 1, "disorder_type": "Political violence", "event_type": "Explosions/Remote violence", "sub_event_type": "Air/drone strike", "actor1": "Military Forces of Israel (2022-)", "assoc_actor_1": null, "inter1": 8, "actor2": "Civilians (Palestine)", "assoc_actor_2": "Refugees/IDPs (Palestine)", "inter2": 7, "interaction": 78, "civilian_targeting": "Civilian targeting", "iso": 275, "region": "Middle East", "country": "Palestine", "admin1": "Gaza Strip", "admin2": "Khan Yunis", "admin3": null, "location": "Khan Yunis - West (Municipal Stadium)", "latitude": 31.3484, "longitude": 34.2961, "geo_precision": 2, "source": "Al-Ittihad; Palestine News and Information Agency; Quds News Network; Twitter", "source_scale": "New media-National", "notes": "On 13 December 2023, Israeli warplanes struck a house in Khan Yunis refugee camp, west of Khan Yunis, Khan Yunis - West (Municipal Stadium) - Gaza Strip, killing 2 children and injuring another 7 persons. Additionally, 2 people belonging to Amer family were also killed. Total fatalities 4.", "fatalities": 4, "tags": null, "timestamp": 1753954979 }, "geometry": { "type": "Point", "coordinates": [ 34.2961, 31.3484 ] } },
{ "type": "Feature", "properties": { "event_id_cnty": "PSE43332", "event_date": "12/13/2023", "year": 2023, "time_precision": 1, "disorder_type": "Political violence", "event_type": "Explosions/Remote violence", "sub_event_type": "Air/drone strike", "actor1": "Military Forces of Israel (2022-)", "assoc_actor_1": null, "inter1": 8, "actor2": "Civilians (Palestine)", "assoc_actor_2": null, "inter2": 7, "interaction": 78, "civilian_targeting": "Civilian targeting", "iso": 275, "region": "Middle East", "country": "Palestine", "admin1": "Gaza Strip", "admin2": "Khan Yunis", "admin3": null, "location": "Bani Suheila", "latitude": 31.3424, "longitude": 34.325, "geo_precision": 2, "source": "Palestine News and Information Agency; Quds News Network; Twitter", "source_scale": "New media-National", "notes": "On 13 December 2023, Israeli warplanes carried out airstrikes east of Khan Yunis, Bani Suheila (Khan Yunis, Gaza Strip). Meanwhile artillery struck targets in the area. Casualties unknown. Also, a child was killed and a number of Palestinians were injured in a separate airstrike on a house in the European area of east Khan Yunis. Fatalities coded as 1.", "fatalities": 1, "tags": null, "timestamp": 1753954979 }, "geometry": { "type": "Point", "coordinates": [ 34.325, 31.3424 ] } },
{ "type": "Feature", "properties": { "event_id_cnty": "PSE43335", "event_date": "12/13/2023", "year": 2023, "time_precision": 1, "disorder_type": "Political violence", "event_type": "Explosions/Remote violence", "sub_event_type": "Air/drone strike", "actor1": "Military Forces of Israel (2022-)", "assoc_actor_1": null, "inter1": 8, "actor2": "Civilians (Palestine)", "assoc_actor_2": null, "inter2": 7, "interaction": 78, "civilian_targeting": "Civilian targeting", "iso": 275, "region": "Middle East", "country": "Palestine", "admin1": "Gaza Strip", "admin2": "Gaza City", "admin3": null, "location": "Gaza - Ad Darraj", "latitude": 31.5172, "longitude": 34.4642, "geo_precision": 1, "source": "Al-Ittihad; Arab 48; Liveuamap; Newpress; Palestine News and Information Agency; Quds News Network; Twitter", "source_scale": "Local partner-New media", "notes": "On 13 December 2023, Israeli warplanes struck a house in Gaza - Ad Darraj (Gaza City, Gaza Strip). Meanwhile, the artillery struck targets in the area. 26 Palestinians were killed in airstrikes on houses.", "fatalities": 26, "tags": null, "timestamp": 1759789988 }, "geometry": { "type": "Point", "coordinates": [ 34.4642, 31.5172 ] } },
{ "type": "Feature", "properties": { "event_id_cnty": "PSE43338", "event_date": "12/13/2023", "year": 2023, "time_precision": 1, "disorder_type": "Political violence", "event_type": "Explosions/Remote violence", "sub_event_type": "Air/drone strike", "actor1": "Military Forces of Israel (2022-)", "assoc_actor_1": null, "inter1": 8, "actor2": "Civilians (Palestine)", "assoc_actor_2": "Journalists (Palestine)", "inter2": 7, "interaction": 78, "civilian_targeting": "Civilian targeting", "iso": 275, "region": "Middle East", "country": "Palestine", "admin1": "Gaza Strip", "admin2": "Gaza City", "admin3": null, "location": "Gaza", "latitude": 31.5045, "longitude": 34.4743, "geo_precision": 1, "source": "Palestine News and Information Agency", "source_scale": "National", "notes": "On 13 December 2023, Israeli warplanes carried out airstrikes in Gaza City (Gaza Strip), killing a Palestinian journalist.", "fatalities": 1, "tags": null, "timestamp": 1759789988 }, "geometry": { "type": "Point", "coordinates": [ 34.4743, 31.5045 ] } },
{ "type": "Feature", "properties": { "event_id_cnty": "PSE43343", "event_date": "12/13/2023", "year": 2023, "time_precision": 1, "disorder_type": "Political violence", "event_type": "Explosions/Remote violence", "sub_event_type": "Air/drone strike", "actor1": "Military Forces of Israel (2022-)", "assoc_actor_1": null, "inter1": 8, "actor2": "Civilians (Palestine)", "assoc_actor_2": "Refugees/IDPs (Palestine); UNRWA: United Nations Relief and Works Agency", "inter2": 7, "interaction": 78, "civilian_targeting": "Civilian targeting", "iso": 275, "region": "Middle East", "country": "Palestine", "admin1": "Gaza Strip", "admin2": "Gaza City", "admin3": null, "location": "Gaza - Sheikh Radwan", "latitude": 31.5349, "longitude": 34.4667, "geo_precision": 1, "source": "Palestine News and Information Agency; Quds News Network; Twitter", "source_scale": "New media-National", "notes": "On 13 December 2023, Israeli warplanes struck a UNRWA school hosting displaced people in Gaza - Sheikh Radwan (Gaza City, Gaza Strip), killing 6 Palestinians and injuring dozens.", "fatalities": 6, "tags": null, "timestamp": 1759789988 }, "geometry": { "type": "Point", "coordinates": [ 34.4667, 31.5349 ] } },
{ "type": "Feature", "properties": { "event_id_cnty": "PSE44247", "event_date": "12/13/2023", "year": 2023, "time_precision": 1, "disorder_type": "Political violence", "event_type": "Explosions/Remote violence", "sub_event_type": "Shelling/artillery/missile attack", "actor1": "Military Forces of Israel (2022-) Special Forces", "assoc_actor_1": null, "inter1": 8, "actor2": "Civilians (Palestine)", "assoc_actor_2": null, "inter2": 7, "interaction": 78, "civilian_targeting": "Civilian targeting", "iso": 275, "region": "Middle East", "country": "Palestine", "admin1": "Gaza Strip", "admin2": "Gaza City", "admin3": null, "location": "Gaza Port", "latitude": 31.5245, "longitude": 34.4326, "geo_precision": 2, "source": "PLO Negotiations Affairs Department", "source_scale": "Other", "notes": "On 13 December 2023, Israeli gunboats shelled targets along the Coast of Gaza City (coded to Gaza Port, Gaza Strip). Casualties unknown. Additionally, two Palestinians were killed in a bombing near the Al-Susi Mosque in the Beach Camp.", "fatalities": 2, "tags": null, "timestamp": 1753954979 }, "geometry": { "type": "Point", "coordinates": [ 34.4326, 31.5245 ] } },
{ "type": "Feature", "properties": { "event_id_cnty": "PSE44625", "event_date": "12/13/2023", "year": 2023, "time_precision": 1, "disorder_type": "Political violence", "event_type": "Explosions/Remote violence", "sub_event_type": "Air/drone strike", "actor1": "Military Forces of Israel (2022-)", "assoc_actor_1": null, "inter1": 8, "actor2": "Civilians (Palestine)", "assoc_actor_2": null, "inter2": 7, "interaction": 78, "civilian_targeting": "Civilian targeting", "iso": 275, "region": "Middle East", "country": "Palestine", "admin1": "Gaza Strip", "admin2": "Khan Yunis", "admin3": null, "location": "Khan Yunis - Al Amal", "latitude": 31.3544, "longitude": 34.3007, "geo_precision": 1, "source": "Palestine News and Information Agency", "source_scale": "National", "notes": "On 13 December 2023, Israel warplanes carried out airstrikes in the Al-Amal neighborhood (Khan Yunis - Al Amal, Gaza Strip), killing 9 Palestinians belonging to the Miqdad family.", "fatalities": 9, "tags": null, "timestamp": 1753954979 }, "geometry": { "type": "Point", "coordinates": [ 34.3007, 31.3544 ] } },
{ "type": "Feature", "properties": { "event_id_cnty": "PSE43334", "event_date": "12/13/2023", "year": 2023, "time_precision": 1, "disorder_type": "Political violence", "event_type": "Explosions/Remote violence", "sub_event_type": "Air/drone strike", "actor1": "Military Forces of Israel (2022-)", "assoc_actor_1": null, "inter1": 8, "actor2": "Civilians (Palestine)", "assoc_actor_2": null, "inter2": 7, "interaction": 78, "civilian_targeting": "Civilian targeting", "iso": 275, "region": "Middle East", "country": "Palestine", "admin1": "Gaza Strip", "admin2": "Deir El Balah", "admin3": null, "location": "Deir al Balah", "latitude": 31.4178, "longitude": 34.3503, "geo_precision": 1, "source": "Al-Ittihad; Newpress; Palestine News and Information Agency; Quds News Network; Twitter; Xinhua", "source_scale": "New media-National", "notes": "On 13 December 2023, Israeli warplanes struck a house in Deir al Balah city (Deir El Balah, Gaza Strip), killing around 20 Palestinians, including 2 children and injuring many Palestinians.", "fatalities": 20, "tags": null, "timestamp": 1753954979 }, "geometry": { "type": "Point", "coordinates": [ 34.3503, 31.4178 ] } },
{ "type": "Feature", "properties": { "event_id_cnty": "PSE43340", "event_date": "12/13/2023", "year": 2023, "time_precision": 1, "disorder_type": "Political violence", "event_type": "Explosions/Remote violence", "sub_event_type": "Air/drone strike", "actor1": "Military Forces of Israel (2022-)", "assoc_actor_1": null, "inter1": 8, "actor2": "Civilians (Palestine)", "assoc_actor_2": null, "inter2": 7, "interaction": 78, "civilian_targeting": "Civilian targeting", "iso": 275, "region": "Middle East", "country": "Palestine", "admin1": "Gaza Strip", "admin2": "Deir El Balah", "admin3": null, "location": "Wadi as Salqa", "latitude": 31.4005, "longitude": 34.3375, "geo_precision": 2, "source": "Liveuamap; Palestine News and Information Agency; Quds News Network; Twitter", "source_scale": "Local partner-New media", "notes": "On 13 December 2023, Israeli warplanes struck houses south of Deir al Balah (coded as Wadi as Salqa, Gaza Strip), killing 3 Palestinians and injuring several others.", "fatalities": 3, "tags": null, "timestamp": 1753954979 }, "geometry": { "type": "Point", "coordinates": [ 34.3375, 31.4005 ] } },
{ "type": "Feature", "properties": { "event_id_cnty": "PSE43341", "event_date": "12/13/2023", "year": 2023, "time_precision": 1, "disorder_type": "Political violence", "event_type": "Explosions/Remote violence", "sub_event_type": "Air/drone strike", "actor1": "Military Forces of Israel (2022-)", "assoc_actor_1": null, "inter1": 8, "actor2": "Civilians (Palestine)", "assoc_actor_2": "Refugees/IDPs (Palestine)", "inter2": 7, "interaction": 78, "civilian_targeting": "Civilian targeting", "iso": 275, "region": "Middle East", "country": "Palestine", "admin1": "Gaza Strip", "admin2": "Deir El Balah", "admin3": null, "location": "An Nusayrat - West", "latitude": 31.4525, "longitude": 34.3756, "geo_precision": 1, "source": "Liveuamap; Palestine News and Information Agency; Quds News Network; Twitter", "source_scale": "Local partner-New media", "notes": "On 13 December 2023, Israeli warplanes struck a house hosting displaced people west of An Nusayrat refugee camp (An Nusayrat - West, Deir El Balah, Gaza Strip), killing 2 Palestinians and injuring several others.", "fatalities": 2, "tags": null, "timestamp": 1753954979 }, "geometry": { "type": "Point", "coordinates": [ 34.3756, 31.4525 ] } },
{ "type": "Feature", "properties": { "event_id_cnty": "PSE43342", "event_date": "12/13/2023", "year": 2023, "time_precision": 1, "disorder_type": "Political violence", "event_type": "Explosions/Remote violence", "sub_event_type": "Air/drone strike", "actor1": "Military Forces of Israel (2022-)", "assoc_actor_1": null, "inter1": 8, "actor2": "Civilians (Palestine)", "assoc_actor_2": "Refugees/IDPs (Palestine)", "inter2": 7, "interaction": 78, "civilian_targeting": "Civilian targeting", "iso": 275, "region": "Middle East", "country": "Palestine", "admin1": "Gaza Strip", "admin2": "Deir El Balah", "admin3": null, "location": "An Nusayrat", "latitude": 31.4486, "longitude": 34.3925, "geo_precision": 1, "source": "Arab News; Palestine News and Information Agency; Quds News Network; Twitter", "source_scale": "New media-National", "notes": "On 13 December 2023, Israeli warplanes struck an apartment in An Nusayrat refugee camp (Deir El Balah, Gaza Strip), killing 6 Palestinians and injuring a number of others.", "fatalities": 6, "tags": null, "timestamp": 1753954979 }, "geometry": { "type": "Point", "coordinates": [ 34.3925, 31.4486 ] } },
{ "type": "Feature", "properties": { "event_id_cnty": "PSE43337", "event_date": "12/13/2023", "year": 2023, "time_precision": 1, "disorder_type": "Political violence", "event_type": "Explosions/Remote violence", "sub_event_type": "Shelling/artillery/missile attack", "actor1": "Military Forces of Israel (2022-)", "assoc_actor_1": null, "inter1": 8, "actor2": "Civilians (Palestine)", "assoc_actor_2": "Health Workers (Palestine)", "inter2": 7, "interaction": 78, "civilian_targeting": "Civilian targeting", "iso": 275, "region": "Middle East", "country": "Palestine", "admin1": "Gaza Strip", "admin2": "North Gaza", "admin3": null, "location": "Beit Lahiya", "latitude": 31.5541, "longitude": 34.5016, "geo_precision": 1, "source": "Palestine News and Information Agency", "source_scale": "National", "notes": "On 13 December 2023, Israeli military forces opened fire at Palestinians and health workers who were besieged in Kamal Odwan Hospital in Beit Lahiya (North Gaza, Gaza Strip). Meanwhile, artillery fired shells at the hospital. 5 Palestinians were injured.", "fatalities": 0, "tags": null, "timestamp": 1753954979 }, "geometry": { "type": "Point", "coordinates": [ 34.5016, 31.5541 ] } },
{ "type": "Feature", "properties": { "event_id_cnty": "PSE43349", "event_date": "12/13/2023", "year": 2023, "time_precision": 1, "disorder_type": "Political violence", "event_type": "Explosions/Remote violence", "sub_event_type": "Air/drone strike", "actor1": "Military Forces of Israel (2022-)", "assoc_actor_1": null, "inter1": 8, "actor2": "Civilians (Palestine)", "assoc_actor_2": "Refugees/IDPs (Palestine)", "inter2": 7, "interaction": 78, "civilian_targeting": "Civilian targeting", "iso": 275, "region": "Middle East", "country": "Palestine", "admin1": "Gaza Strip", "admin2": "Khan Yunis", "admin3": null, "location": "Khan Yunis", "latitude": 31.3502, "longitude": 34.3081, "geo_precision": 1, "source": "Arab News; Newpress; Quds News Network; Twitter", "source_scale": "New media-National", "notes": "On 13 December 2023, an Israeli UAV opened fire at a site hosting displaced people in Khan Yuni (Khan Yunis, Gaza Strip), killing a girl. Additionally, they also destroyed homes belonging to the Al-Shaer family in Khan Yunis, causing an unspecified number of deaths and injuries. Unspecified number of fatalities coded as 3. Total fatalities coded as 4.", "fatalities": 4, "tags": null, "timestamp": 1753954979 }, "geometry": { "type": "Point", "coordinates": [ 34.3081, 31.3502 ] } },
{ "type": "Feature", "properties": { "event_id_cnty": "PSE43336", "event_date": "12/13/2023", "year": 2023, "time_precision": 1, "disorder_type": "Political violence", "event_type": "Explosions/Remote violence", "sub_event_type": "Air/drone strike", "actor1": "Military Forces of Israel (2022-)", "assoc_actor_1": null, "inter1": 8, "actor2": "Civilians (Palestine)", "assoc_actor_2": "Journalists (Palestine); Refugees/IDPs (Palestine); UNRWA: United Nations Relief and Works Agency", "inter2": 7, "interaction": 78, "civilian_targeting": "Civilian targeting", "iso": 275, "region": "Middle East", "country": "Palestine", "admin1": "Gaza Strip", "admin2": "North Gaza", "admin3": null, "location": "Jabalya Camp", "latitude": 31.536, "longitude": 34.4907, "geo_precision": 1, "source": "Liveuamap; Palestine News and Information Agency; Quds News Network; Twitter", "source_scale": "Local partner-New media", "notes": "On 13 December 2023, Israeli warplanes struck the UNRWA school of Abu Hussian, hosting displaced people in Mukhayyam Jabalya camp (North Gaza, Gaza Strip), killing 25 Palestinians. Also, 3 Palestinian journalists were killed in an Israeli airstrike on a medical center in the refugee camp. Total fatalities were 28.", "fatalities": 28, "tags": null, "timestamp": 1753954979 }, "geometry": { "type": "Point", "coordinates": [ 34.4907, 31.536 ] } },
{ "type": "Feature", "properties": { "event_id_cnty": "PSE43345", "event_date": "12/13/2023", "year": 2023, "time_precision": 1, "disorder_type": "Political violence", "event_type": "Explosions/Remote violence", "sub_event_type": "Air/drone strike", "actor1": "Military Forces of Israel (2022-)", "assoc_actor_1": null, "inter1": 8, "actor2": "Civilians (Palestine)", "assoc_actor_2": "Refugees/IDPs (Palestine)", "inter2": 7, "interaction": 78, "civilian_targeting": "Civilian targeting", "iso": 275, "region": "Middle East", "country": "Palestine", "admin1": "Gaza Strip", "admin2": "Gaza City", "admin3": null, "location": "Gaza - Ash Shati' Camp", "latitude": 31.5349, "longitude": 34.4466, "geo_precision": 1, "source": "Palestine News and Information Agency", "source_scale": "National", "notes": "On 13 December 2023, Israeli warplanes struck a target near al-Susi mosque in Gaza - Ash Shati' Camp refugee camp (Gaza City, Gaza Strip), killing a Palestinian.", "fatalities": 1, "tags": null, "timestamp": 1759789988 }, "geometry": { "type": "Point", "coordinates": [ 34.4466, 31.5349 ] } },
{ "type": "Feature", "properties": { "event_id_cnty": "PSE44243", "event_date": "12/13/2023", "year": 2023, "time_precision": 1, "disorder_type": "Political violence", "event_type": "Explosions/Remote violence", "sub_event_type": "Shelling/artillery/missile attack", "actor1": "Military Forces of Israel (2022-) Special Forces", "assoc_actor_1": null, "inter1": 8, "actor2": "Civilians (Palestine)", "assoc_actor_2": null, "inter2": 7, "interaction": 78, "civilian_targeting": "Civilian targeting", "iso": 275, "region": "Middle East", "country": "Palestine", "admin1": "Gaza Strip", "admin2": "North Gaza", "admin3": null, "location": "Beit Hanoun - Al-Sekka", "latitude": 31.5463, "longitude": 34.5332, "geo_precision": 2, "source": "Arab News; PLO Negotiations Affairs Department", "source_scale": "Other-Regional", "notes": "On 13 December 2023, Israeli artillery and tanks shelled targets east of North Gaza (coded as Beit Hanoun - Al-Sekka, Gaza Strip) causing an unspecified number of fatalities. Unspecified number of fatalities coded as 3.", "fatalities": 3, "tags": null, "timestamp": 1753954979 }, "geometry": { "type": "Point", "coordinates": [ 34.5332, 31.5463 ] } },
{ "type": "Feature", "properties": { "event_id_cnty": "PSE43344", "event_date": "12/13/2023", "year": 2023, "time_precision": 1, "disorder_type": "Political violence", "event_type": "Explosions/Remote violence", "sub_event_type": "Air/drone strike", "actor1": "Military Forces of Israel (2022-)", "assoc_actor_1": null, "inter1": 8, "actor2": "Civilians (Palestine)", "assoc_actor_2": null, "inter2": 7, "interaction": 78, "civilian_targeting": "Civilian targeting", "iso": 275, "region": "Middle East", "country": "Palestine", "admin1": "Gaza Strip", "admin2": "Gaza City", "admin3": null, "location": "Gaza - Az Zaytun", "latitude": 31.4964, "longitude": 34.4522, "geo_precision": 1, "source": "Palestine News and Information Agency", "source_scale": "National", "notes": "On 13 December 2023, Israeli warplanes struck a house near the al-Mamadani Hospital in Gaza - Az Zaytun (Gaza City, Gaza Strip), injuring a number of Palestinians.", "fatalities": 0, "tags": null, "timestamp": 1759789988 }, "geometry": { "type": "Point", "coordinates": [ 34.4522, 31.4964 ] } },
{ "type": "Feature", "properties": { "event_id_cnty": "PSE43351", "event_date": "12/13/2023", "year": 2023, "time_precision": 1, "disorder_type": "Political violence", "event_type": "Explosions/Remote violence", "sub_event_type": "Air/drone strike", "actor1": "Military Forces of Israel (2022-)", "assoc_actor_1": null, "inter1": 8, "actor2": "Civilians (Palestine)", "assoc_actor_2": "Muslim Group (Palestine)", "inter2": 7, "interaction": 78, "civilian_targeting": "Civilian targeting", "iso": 275, "region": "Middle East", "country": "Palestine", "admin1": "Gaza Strip", "admin2": "North Gaza", "admin3": null, "location": "Jabalya", "latitude": 31.5272, "longitude": 34.4835, "geo_precision": 1, "source": "Newpress; Quds News Network; Twitter", "source_scale": "New media-National", "notes": "On 13 December 2023, Israeli artillery shelled houses in Jabalya town (North Gaza, Gaza Strip). Also, warplanes struck the al-Misbah al-Munir mosque, injuring a number of Palestinians.", "fatalities": 0, "tags": null, "timestamp": 1759789988 }, "geometry": { "type": "Point", "coordinates": [ 34.4835, 31.5272 ] } },
{ "type": "Feature", "properties": { "event_id_cnty": "PSE43330", "event_date": "12/13/2023", "year": 2023, "time_precision": 1, "disorder_type": "Political violence", "event_type": "Explosions/Remote violence", "sub_event_type": "Air/drone strike", "actor1": "Military Forces of Israel (2022-)", "assoc_actor_1": null, "inter1": 8, "actor2": "Civilians (Palestine)", "assoc_actor_2": null, "inter2": 7, "interaction": 78, "civilian_targeting": "Civilian targeting", "iso": 275, "region": "Middle East", "country": "Palestine", "admin1": "Gaza Strip", "admin2": "Khan Yunis", "admin3": null, "location": "Qizan an Najjar", "latitude": 31.323, "longitude": 34.2761, "geo_precision": 1, "source": "Al-Ittihad; Palestine News and Information Agency", "source_scale": "National-Regional", "notes": "On 13 December 2023, Israeli warplanes struck a house in Qizan an Najjar (Khan Yunis, Gaza Strip), killing 4 Palestinians and injuring others, including 2 babies.", "fatalities": 4, "tags": null, "timestamp": 1753954979 }, "geometry": { "type": "Point", "coordinates": [ 34.2761, 31.323 ] } },
{ "type": "Feature", "properties": { "event_id_cnty": "PSE43339", "event_date": "12/13/2023", "year": 2023, "time_precision": 1, "disorder_type": "Political violence", "event_type": "Explosions/Remote violence", "sub_event_type": "Air/drone strike", "actor1": "Military Forces of Israel (2022-)", "assoc_actor_1": null, "inter1": 8, "actor2": "Civilians (Palestine)", "assoc_actor_2": null, "inter2": 7, "interaction": 78, "civilian_targeting": "Civilian targeting", "iso": 275, "region": "Middle East", "country": "Palestine", "admin1": "Gaza Strip", "admin2": "Rafah", "admin3": null, "location": "Rafah", "latitude": 31.287, "longitude": 34.2595, "geo_precision": 1, "source": "Al-Ittihad; Newpress; Palestine News and Information Agency; Quds News Network; Twitter", "source_scale": "New media-National", "notes": "On 13 December 2023, Israeli warplanes struck houses in Rafah city (Rafah, Gaza Strip), killing 27 Palestinians and injuring several others.", "fatalities": 27, "tags": null, "timestamp": 1762829569 }, "geometry": { "type": "Point", "coordinates": [ 34.2595, 31.287 ] } },
{ "type": "Feature", "properties": { "event_id_cnty": "PSE43353", "event_date": "12/13/2023", "year": 2023, "time_precision": 1, "disorder_type": "Political violence", "event_type": "Explosions/Remote violence", "sub_event_type": "Air/drone strike", "actor1": "Military Forces of Israel (2022-)", "assoc_actor_1": null, "inter1": 8, "actor2": "Civilians (Palestine)", "assoc_actor_2": "Refugees/IDPs (Palestine)", "inter2": 7, "interaction": 78, "civilian_targeting": "Civilian targeting", "iso": 275, "region": "Middle East", "country": "Palestine", "admin1": "Gaza Strip", "admin2": "Rafah", "admin3": null, "location": "Rafah Camp", "latitude": 31.2847, "longitude": 34.2546, "geo_precision": 2, "source": "Quds News Network; Twitter", "source_scale": "New media-National", "notes": "On 13 December 2023, Israeli warplanes a house in Al Shabourah refugee camp near Mukhayyam Rafah camp (Rafah, Gaza Strip), killing 4 Palestinians. And injuring several of others.", "fatalities": 4, "tags": null, "timestamp": 1753954979 }, "geometry": { "type": "Point", "coordinates": [ 34.2546, 31.2847 ] } },
{ "type": "Feature", "properties": { "event_id_cnty": "PSE43356", "event_date": "12/14/2023", "year": 2023, "time_precision": 1, "disorder_type": "Political violence", "event_type": "Explosions/Remote violence", "sub_event_type": "Air/drone strike", "actor1": "Military Forces of Israel (2022-)", "assoc_actor_1": null, "inter1": 8, "actor2": "Civilians (Palestine)", "assoc_actor_2": "Health Workers (Palestine)", "inter2": 7, "interaction": 78, "civilian_targeting": "Civilian targeting", "iso": 275, "region": "Middle East", "country": "Palestine", "admin1": "Gaza Strip", "admin2": "Khan Yunis", "admin3": null, "location": "Khan Yunis", "latitude": 31.3502, "longitude": 34.3081, "geo_precision": 1, "source": "Newpress; Palestine News and Information Agency; Quds News Network; Twitter", "source_scale": "New media-National", "notes": "On 14 December 2023, Israeli warplanes struck targets in Khan Yunis city (Khan Yunis, Gaza Strip), injuring a number of Palestinians, including a paramedic. Also, 3 Palestinians were killed, and several others were injured due to Israeli artillery shelling on Khan Yunis. Total fatalities coded as 3.", "fatalities": 3, "tags": null, "timestamp": 1753954979 }, "geometry": { "type": "Point", "coordinates": [ 34.3081, 31.3502 ] } },
{ "type": "Feature", "properties": { "event_id_cnty": "PSE43358", "event_date": "12/14/2023", "year": 2023, "time_precision": 1, "disorder_type": "Political violence", "event_type": "Explosions/Remote violence", "sub_event_type": "Air/drone strike", "actor1": "Military Forces of Israel (2022-)", "assoc_actor_1": null, "inter1": 8, "actor2": "Civilians (Palestine)", "assoc_actor_2": null, "inter2": 7, "interaction": 78, "civilian_targeting": "Civilian targeting", "iso": 275, "region": "Middle East", "country": "Palestine", "admin1": "Gaza Strip", "admin2": "Gaza City", "admin3": null, "location": "Gaza - Shujaiyya", "latitude": 31.4988, "longitude": 34.4699, "geo_precision": 1, "source": "Palestine News and Information Agency; Quds News Network; Twitter", "source_scale": "New media-National", "notes": "On 14 December 2023, Israeli warplanes struck houses in Gaza - Shujaiyya (Gaza City, Gaza Strip), killing at least 25 Palestinians and injuring dozens. Also, 6 Palestinians were killed in an airstrike on a group of youth. Total confirmed fatalities coded as 31.", "fatalities": 31, "tags": null, "timestamp": 1759789988 }, "geometry": { "type": "Point", "coordinates": [ 34.4699, 31.4988 ] } },
{ "type": "Feature", "properties": { "event_id_cnty": "PSE43360", "event_date": "12/14/2023", "year": 2023, "time_precision": 1, "disorder_type": "Political violence", "event_type": "Explosions/Remote violence", "sub_event_type": "Air/drone strike", "actor1": "Military Forces of Israel (2022-)", "assoc_actor_1": null, "inter1": 8, "actor2": "Civilians (Palestine)", "assoc_actor_2": null, "inter2": 7, "interaction": 78, "civilian_targeting": "Civilian targeting", "iso": 275, "region": "Middle East", "country": "Palestine", "admin1": "Gaza Strip", "admin2": "Gaza City", "admin3": null, "location": "Gaza - Northern Remal", "latitude": 31.524, "longitude": 34.4505, "geo_precision": 1, "source": "Palestine News and Information Agency", "source_scale": "National", "notes": "On 14 December 2023, Israeli warplanes struck houses in Gaza - Northern Remal (Gaza City, Gaza Strip), killing at least 10 Palestinians and injuring dozens.", "fatalities": 10, "tags": null, "timestamp": 1759789988 }, "geometry": { "type": "Point", "coordinates": [ 34.4505, 31.524 ] } },
{ "type": "Feature", "properties": { "event_id_cnty": "PSE43375", "event_date": "12/14/2023", "year": 2023, "time_precision": 1, "disorder_type": "Political violence", "event_type": "Explosions/Remote violence", "sub_event_type": "Air/drone strike", "actor1": "Military Forces of Israel (2022-)", "assoc_actor_1": null, "inter1": 8, "actor2": "Civilians (Palestine)", "assoc_actor_2": null, "inter2": 7, "interaction": 78, "civilian_targeting": "Civilian targeting", "iso": 275, "region": "Middle East", "country": "Palestine", "admin1": "Gaza Strip", "admin2": "Khan Yunis", "admin3": null, "location": "Khan Yunis - West (Municipal Stadium)", "latitude": 31.3484, "longitude": 34.2961, "geo_precision": 2, "source": "Quds News Network; Twitter", "source_scale": "New media-National", "notes": "On 14 December 2023, Israeli warplanes struck a house near Al-Shafai mosque west of Khan Yunis, Khan Yunis - West (Municipal Stadium) - Gaza Strip. Casualties unknown.", "fatalities": 0, "tags": null, "timestamp": 1753954979 }, "geometry": { "type": "Point", "coordinates": [ 34.2961, 31.3484 ] } },
{ "type": "Feature", "properties": { "event_id_cnty": "PSE43803", "event_date": "12/14/2023", "year": 2023, "time_precision": 1, "disorder_type": "Political violence", "event_type": "Explosions/Remote violence", "sub_event_type": "Shelling/artillery/missile attack", "actor1": "Military Forces of Israel (2022-)", "assoc_actor_1": null, "inter1": 8, "actor2": "Civilians (Palestine)", "assoc_actor_2": "Refugees/IDPs (Palestine)", "inter2": 7, "interaction": 78, "civilian_targeting": "Civilian targeting", "iso": 275, "region": "Middle East", "country": "Palestine", "admin1": "Gaza Strip", "admin2": "Gaza City", "admin3": null, "location": "Gaza - Ad Darraj", "latitude": 31.5172, "longitude": 34.4642, "geo_precision": 1, "source": "Al-Ittihad; Newpress; Palestine News and Information Agency; Quds News Network; Twitter", "source_scale": "New media-National", "notes": "On 14 December 2023, Israeli artillery shelled targets in Gaza - Ad Darraj (Gaza City, Gaza Strip). Also, artillery struck the Fahmi Jerjawi school hosting displaced people, killing 4 persons and injuring several of others.", "fatalities": 4, "tags": null, "timestamp": 1759789988 }, "geometry": { "type": "Point", "coordinates": [ 34.4642, 31.5172 ] } },
{ "type": "Feature", "properties": { "event_id_cnty": "PSE43807", "event_date": "12/14/2023", "year": 2023, "time_precision": 1, "disorder_type": "Political violence", "event_type": "Explosions/Remote violence", "sub_event_type": "Shelling/artillery/missile attack", "actor1": "Military Forces of Israel (2022-)", "assoc_actor_1": null, "inter1": 8, "actor2": "Civilians (Palestine)", "assoc_actor_2": null, "inter2": 7, "interaction": 78, "civilian_targeting": "Civilian targeting", "iso": 275, "region": "Middle East", "country": "Palestine", "admin1": "Gaza Strip", "admin2": "Khan Yunis", "admin3": null, "location": "Khan Yunis - As Sater", "latitude": 31.3637, "longitude": 34.3228, "geo_precision": 1, "source": "Palestine News and Information Agency", "source_scale": "National", "notes": "On 14 December 2023, Israeli artillery shelled 10 houses in 5 locations, including Khan Yunis - As Sater (Khan Yunis, Gaza Strip), killing 40 Palestinians and injuring dozens. 8 fatalities of 40 were coded to Khan Yunis - As Sater", "fatalities": 8, "tags": null, "timestamp": 1753954979 }, "geometry": { "type": "Point", "coordinates": [ 34.3228, 31.3637 ] } },
{ "type": "Feature", "properties": { "event_id_cnty": "PSE43823", "event_date": "12/14/2023", "year": 2023, "time_precision": 1, "disorder_type": "Political violence", "event_type": "Explosions/Remote violence", "sub_event_type": "Shelling/artillery/missile attack", "actor1": "Military Forces of Israel (2022-)", "assoc_actor_1": null, "inter1": 8, "actor2": "Civilians (Palestine)", "assoc_actor_2": null, "inter2": 7, "interaction": 78, "civilian_targeting": "Civilian targeting", "iso": 275, "region": "Middle East", "country": "Palestine", "admin1": "Gaza Strip", "admin2": "Khan Yunis", "admin3": null, "location": "Khuzaa", "latitude": 31.3069, "longitude": 34.3572, "geo_precision": 1, "source": "Palestine News and Information Agency", "source_scale": "National", "notes": "On 14 December 2023, Israeli artillery shelled 10 houses in 5 locations, including Khuzaa (Khan Yunis, Gaza Strip), killing 40 Palestinians and injuring dozens. 8 fatalities of 40 were coded to Khuzaa.", "fatalities": 8, "tags": null, "timestamp": 1753954979 }, "geometry": { "type": "Point", "coordinates": [ 34.3572, 31.3069 ] } },
{ "type": "Feature", "properties": { "event_id_cnty": "PSE43824", "event_date": "12/14/2023", "year": 2023, "time_precision": 1, "disorder_type": "Political violence", "event_type": "Explosions/Remote violence", "sub_event_type": "Shelling/artillery/missile attack", "actor1": "Military Forces of Israel (2022-)", "assoc_actor_1": null, "inter1": 8, "actor2": "Civilians (Palestine)", "assoc_actor_2": null, "inter2": 7, "interaction": 78, "civilian_targeting": "Civilian targeting", "iso": 275, "region": "Middle East", "country": "Palestine", "admin1": "Gaza Strip", "admin2": "Khan Yunis", "admin3": null, "location": "Abasan al Kabirah", "latitude": 31.3191, "longitude": 34.3401, "geo_precision": 1, "source": "Palestine News and Information Agency", "source_scale": "National", "notes": "On 14 December 2023, Israeli artillery shelled 10 houses in 5 locations, including Abasan al Kabirah (Khan Yunis, Gaza Strip), killing 40 Palestinians and injuring dozens. 8 fatalities of 40 were coded to Abasan al Kabirah.", "fatalities": 8, "tags": null, "timestamp": 1753954979 }, "geometry": { "type": "Point", "coordinates": [ 34.3401, 31.3191 ] } },
{ "type": "Feature", "properties": { "event_id_cnty": "PSE43829", "event_date": "12/14/2023", "year": 2023, "time_precision": 1, "disorder_type": "Political violence", "event_type": "Explosions/Remote violence", "sub_event_type": "Shelling/artillery/missile attack", "actor1": "Military Forces of Israel (2022-)", "assoc_actor_1": null, "inter1": 8, "actor2": "Civilians (Palestine)", "assoc_actor_2": null, "inter2": 7, "interaction": 78, "civilian_targeting": "Civilian targeting", "iso": 275, "region": "Middle East", "country": "Palestine", "admin1": "Gaza Strip", "admin2": "Khan Yunis", "admin3": null, "location": "Al Qararah", "latitude": 31.3739, "longitude": 34.3409, "geo_precision": 1, "source": "Palestine News and Information Agency", "source_scale": "National", "notes": "On 14 December 2023, Israeli artillery shelled 10 houses in 5 locations, including Al Qararah (Khan Yunis, Gaza Strip), killing 40 Palestinians and injuring dozens. 8 fatalities of 40 were coded to Al Qararah.", "fatalities": 8, "tags": null, "timestamp": 1753954979 }, "geometry": { "type": "Point", "coordinates": [ 34.3409, 31.3739 ] } },
{ "type": "Feature", "properties": { "event_id_cnty": "PSE43362", "event_date": "12/14/2023", "year": 2023, "time_precision": 1, "disorder_type": "Political violence", "event_type": "Explosions/Remote violence", "sub_event_type": "Air/drone strike", "actor1": "Military Forces of Israel (2022-)", "assoc_actor_1": null, "inter1": 8, "actor2": "Civilians (Palestine)", "assoc_actor_2": "Refugees/IDPs (Palestine)", "inter2": 7, "interaction": 78, "civilian_targeting": "Civilian targeting", "iso": 275, "region": "Middle East", "country": "Palestine", "admin1": "Gaza Strip", "admin2": "Deir El Balah", "admin3": null, "location": "Deir al Balah", "latitude": 31.4178, "longitude": 34.3503, "geo_precision": 1, "source": "Palestine News and Information Agency; Quds News Network; Twitter", "source_scale": "New media-National", "notes": "On 14 December 2023, Israeli warplanes struck 2 houses hosting displaced people in Deir al Balah city (Deir El Balah, Gaza Strip), killing at least 10 Palestinians and injuring several others. Meanwhile, the artillery struck targets in the area.", "fatalities": 10, "tags": null, "timestamp": 1753954979 }, "geometry": { "type": "Point", "coordinates": [ 34.3503, 31.4178 ] } },
{ "type": "Feature", "properties": { "event_id_cnty": "PSE43367", "event_date": "12/14/2023", "year": 2023, "time_precision": 1, "disorder_type": "Political violence", "event_type": "Explosions/Remote violence", "sub_event_type": "Air/drone strike", "actor1": "Military Forces of Israel (2022-)", "assoc_actor_1": null, "inter1": 8, "actor2": "Civilians (Palestine)", "assoc_actor_2": "Refugees/IDPs (Palestine)", "inter2": 7, "interaction": 78, "civilian_targeting": "Civilian targeting", "iso": 275, "region": "Middle East", "country": "Palestine", "admin1": "Gaza Strip", "admin2": "Rafah", "admin3": null, "location": "Shokat as Sufi", "latitude": 31.2586, "longitude": 34.2824, "geo_precision": 2, "source": "Palestine News and Information Agency", "source_scale": "National", "notes": "On 14 December 2023, Israeli warplanes carried out airstrikes on the Gaza-Egypt border, south of Rafah (coded to Shokat as Sufi, Gaza Strip), causing damage to several houses. Casualties unknown.", "fatalities": 0, "tags": null, "timestamp": 1753954979 }, "geometry": { "type": "Point", "coordinates": [ 34.2824, 31.2586 ] } },
{ "type": "Feature", "properties": { "event_id_cnty": "PSE43364", "event_date": "12/14/2023", "year": 2023, "time_precision": 1, "disorder_type": "Political violence", "event_type": "Explosions/Remote violence", "sub_event_type": "Air/drone strike", "actor1": "Military Forces of Israel (2022-)", "assoc_actor_1": null, "inter1": 8, "actor2": "Civilians (Palestine)", "assoc_actor_2": null, "inter2": 7, "interaction": 78, "civilian_targeting": "Civilian targeting", "iso": 275, "region": "Middle East", "country": "Palestine", "admin1": "Gaza Strip", "admin2": "Rafah", "admin3": null, "location": "Tal as Sultan", "latitude": 31.3098, "longitude": 34.2414, "geo_precision": 1, "source": "Palestine News and Information Agency", "source_scale": "National", "notes": "On 14 December 2023, Israeli warplanes struck 2 houses in Tal as Sultan (Rafah, Gaza Strip). As a result, at least 15 Palestinians were killed in Tal as Sultan and al-Shabourh refugee camp, and 8 fatalities of 15 were coded to Tal as Sultan.", "fatalities": 8, "tags": null, "timestamp": 1762829569 }, "geometry": { "type": "Point", "coordinates": [ 34.2414, 31.3098 ] } },
{ "type": "Feature", "properties": { "event_id_cnty": "PSE43425", "event_date": "12/14/2023", "year": 2023, "time_precision": 1, "disorder_type": "Political violence", "event_type": "Violence against civilians", "sub_event_type": "Attack", "actor1": "Military Forces of Israel (2022-)", "assoc_actor_1": null, "inter1": 8, "actor2": "Civilians (Palestine)", "assoc_actor_2": "Refugees/IDPs (Palestine)", "inter2": 7, "interaction": 78, "civilian_targeting": "Civilian targeting", "iso": 275, "region": "Middle East", "country": "Palestine", "admin1": "Gaza Strip", "admin2": "North Gaza", "admin3": null, "location": "Jabalya Camp", "latitude": 31.536, "longitude": 34.4907, "geo_precision": 1, "source": "Palestine News and Information Agency", "source_scale": "National", "notes": "On 14 December 2023, Israeli military forces shot and killed members of 2 Palestinian families who were hiding inside a UNRWA school in Mukhayyam Jabalya camp (North Gaza, Gaza Strip), leaving an unspecified number of fatalities, including women and children. Unspecified number of fatalities coded as 3.", "fatalities": 3, "tags": null, "timestamp": 1753954979 }, "geometry": { "type": "Point", "coordinates": [ 34.4907, 31.536 ] } },
{ "type": "Feature", "properties": { "event_id_cnty": "PSE43445", "event_date": "12/14/2023", "year": 2023, "time_precision": 1, "disorder_type": "Political violence", "event_type": "Violence against civilians", "sub_event_type": "Attack", "actor1": "Military Forces of Israel (2022-)", "assoc_actor_1": null, "inter1": 8, "actor2": "Civilians (Palestine)", "assoc_actor_2": null, "inter2": 7, "interaction": 78, "civilian_targeting": "Civilian targeting", "iso": 275, "region": "Middle East", "country": "Palestine", "admin1": "Gaza Strip", "admin2": "North Gaza", "admin3": null, "location": "Beit Lahiya", "latitude": 31.5541, "longitude": 34.5016, "geo_precision": 1, "source": "Palestine News and Information Agency", "source_scale": "National", "notes": "On 14 December 2023, Israeli military forces shot and killed an unspecified number of Palestinians who were inside their houses on the outskirts of Kamal Odwan Hospital in Beit Lahiya (North Gaza, Gaza Strip). Unspecified number of fatalities coded as 3.", "fatalities": 3, "tags": null, "timestamp": 1753954979 }, "geometry": { "type": "Point", "coordinates": [ 34.5016, 31.5541 ] } },
{ "type": "Feature", "properties": { "event_id_cnty": "PSE43813", "event_date": "12/14/2023", "year": 2023, "time_precision": 1, "disorder_type": "Political violence", "event_type": "Explosions/Remote violence", "sub_event_type": "Shelling/artillery/missile attack", "actor1": "Military Forces of Israel (2022-)", "assoc_actor_1": null, "inter1": 8, "actor2": "Civilians (Palestine)", "assoc_actor_2": null, "inter2": 7, "interaction": 78, "civilian_targeting": "Civilian targeting", "iso": 275, "region": "Middle East", "country": "Palestine", "admin1": "Gaza Strip", "admin2": "Khan Yunis", "admin3": null, "location": "Khan Yunis - Ash Sheikh Naser", "latitude": 31.3398, "longitude": 34.3116, "geo_precision": 1, "source": "Palestine News and Information Agency", "source_scale": "National", "notes": "On 14 December 2023, Israeli artillery shelled 10 houses in 5 locations, including Khan Yunis - Ash Sheikh Naser (Khan Yunis, Gaza Strip), killing 40 Palestinians and injuring dozens. 8 fatalities of 40 were coded to Khan Yunis - Ash Sheikh Naser.", "fatalities": 8, "tags": null, "timestamp": 1753954979 }, "geometry": { "type": "Point", "coordinates": [ 34.3116, 31.3398 ] } },
{ "type": "Feature", "properties": { "event_id_cnty": "PSE43366", "event_date": "12/14/2023", "year": 2023, "time_precision": 1, "disorder_type": "Political violence", "event_type": "Explosions/Remote violence", "sub_event_type": "Air/drone strike", "actor1": "Military Forces of Israel (2022-)", "assoc_actor_1": null, "inter1": 8, "actor2": "Civilians (Palestine)", "assoc_actor_2": "Refugees/IDPs (Palestine)", "inter2": 7, "interaction": 78, "civilian_targeting": "Civilian targeting", "iso": 275, "region": "Middle East", "country": "Palestine", "admin1": "Gaza Strip", "admin2": "Rafah", "admin3": null, "location": "Yibna", "latitude": 31.2842, "longitude": 34.2482, "geo_precision": 1, "source": "Liveuamap; Palestine News and Information Agency; Quds News Network; Twitter", "source_scale": "Local partner-New media", "notes": "On 14 December 2023, Israeli warplanes struck houses in Yibna refugee camp (Rafah, Gaza Strip), killing 10 persons.", "fatalities": 10, "tags": null, "timestamp": 1753954979 }, "geometry": { "type": "Point", "coordinates": [ 34.2482, 31.2842 ] } },
{ "type": "Feature", "properties": { "event_id_cnty": "PSE43805", "event_date": "12/14/2023", "year": 2023, "time_precision": 1, "disorder_type": "Political violence", "event_type": "Explosions/Remote violence", "sub_event_type": "Air/drone strike", "actor1": "Military Forces of Israel (2022-)", "assoc_actor_1": null, "inter1": 8, "actor2": "Civilians (Palestine)", "assoc_actor_2": null, "inter2": 7, "interaction": 78, "civilian_targeting": "Civilian targeting", "iso": 275, "region": "Middle East", "country": "Palestine", "admin1": "Gaza Strip", "admin2": "North Gaza", "admin3": null, "location": "Jabalya", "latitude": 31.5272, "longitude": 34.4835, "geo_precision": 1, "source": "Al-Ittihad; Liveuamap; Newpress; Palestine News and Information Agency; Quds News Network; Twitter", "source_scale": "Local partner-New media", "notes": "On 14 December 2023, Israeli artillery shelled targets in Jabalya (North Gaza, Gaza Strip). Casualties unknown. Meanwhile, warplanes carried out airstrikes on a residential area. As a result, several Palestinians were injured.", "fatalities": 0, "tags": null, "timestamp": 1759789988 }, "geometry": { "type": "Point", "coordinates": [ 34.4835, 31.5272 ] } },
{ "type": "Feature", "properties": { "event_id_cnty": "PSE43365", "event_date": "12/14/2023", "year": 2023, "time_precision": 1, "disorder_type": "Political violence", "event_type": "Explosions/Remote violence", "sub_event_type": "Air/drone strike", "actor1": "Military Forces of Israel (2022-)", "assoc_actor_1": null, "inter1": 8, "actor2": "Civilians (Palestine)", "assoc_actor_2": "Refugees/IDPs (Palestine)", "inter2": 7, "interaction": 78, "civilian_targeting": "Civilian targeting", "iso": 275, "region": "Middle East", "country": "Palestine", "admin1": "Gaza Strip", "admin2": "Rafah", "admin3": null, "location": "Rafah Camp", "latitude": 31.2847, "longitude": 34.2546, "geo_precision": 1, "source": "Palestine News and Information Agency; Quds News Network; Twitter", "source_scale": "New media-National", "notes": "On 14 December 2023, Israeli warplanes struck houses in al-Shabourah refugee camp near Mukhayyam Rafah camp (Rafah, Gaza Strip). As a result, at least 15 Palestinians were killed in Tal as Sultan and al-Shabourh refugee camp, and 7 fatalities of 15 were coded to al-Shabourah refugee camp.", "fatalities": 7, "tags": null, "timestamp": 1753954979 }, "geometry": { "type": "Point", "coordinates": [ 34.2546, 31.2847 ] } },
{ "type": "Feature", "properties": { "event_id_cnty": "PSE43374", "event_date": "12/14/2023", "year": 2023, "time_precision": 1, "disorder_type": "Political violence", "event_type": "Explosions/Remote violence", "sub_event_type": "Air/drone strike", "actor1": "Military Forces of Israel (2022-)", "assoc_actor_1": null, "inter1": 8, "actor2": "Civilians (Palestine)", "assoc_actor_2": null, "inter2": 7, "interaction": 78, "civilian_targeting": "Civilian targeting", "iso": 275, "region": "Middle East", "country": "Palestine", "admin1": "Gaza Strip", "admin2": "Rafah", "admin3": null, "location": "Khirbet al Adas", "latitude": 31.2855, "longitude": 34.2714, "geo_precision": 1, "source": "Liveuamap; Quds News Network; Twitter", "source_scale": "Local partner-New media", "notes": "On 14 December 2023, Israeli warplanes struck a passing motorcycle and a vehicle in Khirbet al Adas (Rafah, Gaza Strip), killing 2 Palestinians and injuring several others.", "fatalities": 2, "tags": null, "timestamp": 1753954979 }, "geometry": { "type": "Point", "coordinates": [ 34.2714, 31.2855 ] } },
{ "type": "Feature", "properties": { "event_id_cnty": "PSE43373", "event_date": "12/14/2023", "year": 2023, "time_precision": 1, "disorder_type": "Political violence", "event_type": "Explosions/Remote violence", "sub_event_type": "Air/drone strike", "actor1": "Military Forces of Israel (2022-)", "assoc_actor_1": null, "inter1": 8, "actor2": "Civilians (Palestine)", "assoc_actor_2": "Health Workers (Palestine); Refugees/IDPs (Palestine)", "inter2": 7, "interaction": 78, "civilian_targeting": "Civilian targeting", "iso": 275, "region": "Middle East", "country": "Palestine", "admin1": "Gaza Strip", "admin2": "Rafah", "admin3": null, "location": "Brazil Camp", "latitude": 31.2718, "longitude": 34.2532, "geo_precision": 1, "source": "Amnesty International; Liveuamap; Quds News Network; Twitter", "source_scale": "Local partner-New media", "notes": "On 14 December 2023, Israeli warplanes struck a house belonging to Shehada family in Brazil camp (Rafah, Gaza Strip), killing 31 Palestinians including 11 children and 11 women, and injuring at least 10 others. Among the killed were 20 members of the Nasman family who were displaced from Gaza City and sought safety at their relative's house.", "fatalities": 31, "tags": null, "timestamp": 1753954979 }, "geometry": { "type": "Point", "coordinates": [ 34.2532, 31.2718 ] } },
{ "type": "Feature", "properties": { "event_id_cnty": "PSE43381", "event_date": "12/15/2023", "year": 2023, "time_precision": 1, "disorder_type": "Political violence", "event_type": "Explosions/Remote violence", "sub_event_type": "Air/drone strike", "actor1": "Military Forces of Israel (2022-)", "assoc_actor_1": null, "inter1": 8, "actor2": "Civilians (Palestine)", "assoc_actor_2": null, "inter2": 7, "interaction": 78, "civilian_targeting": "Civilian targeting", "iso": 275, "region": "Middle East", "country": "Palestine", "admin1": "Gaza Strip", "admin2": "Khan Yunis", "admin3": null, "location": "Khan Yunis - West (Municipal Stadium)", "latitude": 31.3484, "longitude": 34.2961, "geo_precision": 2, "source": "Newpress; Palestine News and Information Agency; Quds News Network; Twitter", "source_scale": "New media-National", "notes": "On 15 December 2023, Israeli warplanes struck a house west of Khan Yunis, Khan Yunis - West (Municipal Stadium) - Gaza Strip, killing at least 4 persons, including children, and injuring several others.", "fatalities": 4, "tags": null, "timestamp": 1753954979 }, "geometry": { "type": "Point", "coordinates": [ 34.2961, 31.3484 ] } },
{ "type": "Feature", "properties": { "event_id_cnty": "PSE43382", "event_date": "12/15/2023", "year": 2023, "time_precision": 1, "disorder_type": "Political violence", "event_type": "Explosions/Remote violence", "sub_event_type": "Air/drone strike", "actor1": "Military Forces of Israel (2022-)", "assoc_actor_1": null, "inter1": 8, "actor2": "Civilians (Palestine)", "assoc_actor_2": "Health Workers (Palestine); Journalists (Palestine); Labor Group (Palestine); Refugees/IDPs (Palestine)", "inter2": 7, "interaction": 78, "civilian_targeting": "Civilian targeting", "iso": 275, "region": "Middle East", "country": "Palestine", "admin1": "Gaza Strip", "admin2": "Khan Yunis", "admin3": null, "location": "Khan Yunis", "latitude": 31.3502, "longitude": 34.3081, "geo_precision": 1, "source": "Arab 48; Ma'an News Agency; Newpress; Palestine News and Information Agency; Quds News Network; Twitter", "source_scale": "New media-National", "notes": "On 15 December 2023, Israeli warplanes and artillery struck targets, including a school hosting displaced people in Khan Yunis city (Khan Yunis, Gaza Strip), killing 12 Palestinians and injuring dozens. Also, warplanes struck and killed 4 Palestinians (Al Jazeera TV journalist and 3 members of civil defence), and a number of Palestinians were injured during the attack, including health workers. Total confirmed fatalities coded as 16.", "fatalities": 16, "tags": null, "timestamp": 1753954979 }, "geometry": { "type": "Point", "coordinates": [ 34.3081, 31.3502 ] } },
{ "type": "Feature", "properties": { "event_id_cnty": "PSE43385", "event_date": "12/15/2023", "year": 2023, "time_precision": 1, "disorder_type": "Political violence", "event_type": "Explosions/Remote violence", "sub_event_type": "Air/drone strike", "actor1": "Military Forces of Israel (2022-)", "assoc_actor_1": null, "inter1": 8, "actor2": "Civilians (Palestine)", "assoc_actor_2": null, "inter2": 7, "interaction": 78, "civilian_targeting": "Civilian targeting", "iso": 275, "region": "Middle East", "country": "Palestine", "admin1": "Gaza Strip", "admin2": "Gaza City", "admin3": null, "location": "Gaza", "latitude": 31.5045, "longitude": 34.4743, "geo_precision": 1, "source": "Palestine News and Information Agency", "source_scale": "National", "notes": "On 15 December 2023, Israeli warplanes carried out airstrikes in Gaza City (Gaza Strip), leaving an unspecified number of injuries among Palestinians. Also, Israeli forces shot dead at least 5 Palestinians, including an elderly man, and arrested another 15.", "fatalities": 5, "tags": null, "timestamp": 1759789988 }, "geometry": { "type": "Point", "coordinates": [ 34.4743, 31.5045 ] } },
{ "type": "Feature", "properties": { "event_id_cnty": "PSE43389", "event_date": "12/15/2023", "year": 2023, "time_precision": 1, "disorder_type": "Political violence", "event_type": "Explosions/Remote violence", "sub_event_type": "Air/drone strike", "actor1": "Military Forces of Israel (2022-)", "assoc_actor_1": null, "inter1": 8, "actor2": "Civilians (Palestine)", "assoc_actor_2": null, "inter2": 7, "interaction": 78, "civilian_targeting": "Civilian targeting", "iso": 275, "region": "Middle East", "country": "Palestine", "admin1": "Gaza Strip", "admin2": "Gaza City", "admin3": null, "location": "Gaza - Shujaiyya", "latitude": 31.4988, "longitude": 34.4699, "geo_precision": 1, "source": "Newpress; Palestine News and Information Agency; Quds News Network; Twitter", "source_scale": "New media-National", "notes": "On 15 December 2023, Israeli warplanes struck 10 houses and the market of Gaza - Shujaiyya (Gaza City, Gaza Strip), killing 9 Palestinians and injuring another 25. Also, artillery struck targets in the area.", "fatalities": 9, "tags": null, "timestamp": 1759789988 }, "geometry": { "type": "Point", "coordinates": [ 34.4699, 31.4988 ] } },
{ "type": "Feature", "properties": { "event_id_cnty": "PSE43390", "event_date": "12/15/2023", "year": 2023, "time_precision": 1, "disorder_type": "Political violence", "event_type": "Explosions/Remote violence", "sub_event_type": "Air/drone strike", "actor1": "Military Forces of Israel (2022-)", "assoc_actor_1": null, "inter1": 8, "actor2": "Civilians (Palestine)", "assoc_actor_2": null, "inter2": 7, "interaction": 78, "civilian_targeting": "Civilian targeting", "iso": 275, "region": "Middle East", "country": "Palestine", "admin1": "Gaza Strip", "admin2": "Gaza City", "admin3": null, "location": "Gaza - Ad Darraj", "latitude": 31.5172, "longitude": 34.4642, "geo_precision": 1, "source": "Newpress; Palestine News and Information Agency; Twitter", "source_scale": "New media-National", "notes": "On 15 December 2023, Israeli warplanes struck targets in Al Sahaba area of Gaza - Ad Darraj (Gaza City, Gaza Strip), killing at least 20 Palestinians and injuring dozens. Also, artillery struck targets in the area.", "fatalities": 20, "tags": null, "timestamp": 1759789988 }, "geometry": { "type": "Point", "coordinates": [ 34.4642, 31.5172 ] } },
{ "type": "Feature", "properties": { "event_id_cnty": "PSE43384", "event_date": "12/15/2023", "year": 2023, "time_precision": 1, "disorder_type": "Political violence", "event_type": "Explosions/Remote violence", "sub_event_type": "Air/drone strike", "actor1": "Military Forces of Israel (2022-)", "assoc_actor_1": null, "inter1": 8, "actor2": "Civilians (Palestine)", "assoc_actor_2": null, "inter2": 7, "interaction": 78, "civilian_targeting": "Civilian targeting", "iso": 275, "region": "Middle East", "country": "Palestine", "admin1": "Gaza Strip", "admin2": "Deir El Balah", "admin3": null, "location": "Deir al Balah", "latitude": 31.4178, "longitude": 34.3503, "geo_precision": 1, "source": "Liveuamap; Palestine News and Information Agency", "source_scale": "Local partner-New media", "notes": "On 15 December 2023, Israeli warplanes carried out airstrikes in Deir al Balah (Deir El Balah, Gaza Strip), leaving an unspecified number of injuries among Palestinians.", "fatalities": 0, "tags": null, "timestamp": 1753954979 }, "geometry": { "type": "Point", "coordinates": [ 34.3503, 31.4178 ] } },
{ "type": "Feature", "properties": { "event_id_cnty": "PSE43386", "event_date": "12/15/2023", "year": 2023, "time_precision": 1, "disorder_type": "Political violence", "event_type": "Explosions/Remote violence", "sub_event_type": "Air/drone strike", "actor1": "Military Forces of Israel (2022-)", "assoc_actor_1": null, "inter1": 8, "actor2": "Civilians (Palestine)", "assoc_actor_2": "Refugees/IDPs (Palestine)", "inter2": 7, "interaction": 78, "civilian_targeting": "Civilian targeting", "iso": 275, "region": "Middle East", "country": "Palestine", "admin1": "Gaza Strip", "admin2": "Deir El Balah", "admin3": null, "location": "An Nusayrat", "latitude": 31.4486, "longitude": 34.3925, "geo_precision": 1, "source": "Newpress; Palestine News and Information Agency; Quds News Network; Twitter", "source_scale": "New media-National", "notes": "On 15 December 2023, Israeli warplanes carried out airstrikes in An Nusayrat refugee camp (Deir El Balah, Gaza Strip), leaving an unspecified number of injuries among Palestinians.", "fatalities": 0, "tags": null, "timestamp": 1753954979 }, "geometry": { "type": "Point", "coordinates": [ 34.3925, 31.4486 ] } },
{ "type": "Feature", "properties": { "event_id_cnty": "PSE43401", "event_date": "12/15/2023", "year": 2023, "time_precision": 1, "disorder_type": "Political violence", "event_type": "Explosions/Remote violence", "sub_event_type": "Air/drone strike", "actor1": "Military Forces of Israel (2022-)", "assoc_actor_1": null, "inter1": 8, "actor2": "Civilians (Palestine)", "assoc_actor_2": "Refugees/IDPs (Palestine)", "inter2": 7, "interaction": 78, "civilian_targeting": "Civilian targeting", "iso": 275, "region": "Middle East", "country": "Palestine", "admin1": "Gaza Strip", "admin2": "Deir El Balah", "admin3": null, "location": "Al Burayj", "latitude": 31.4394, "longitude": 34.4031, "geo_precision": 1, "source": "Liveuamap; Newpress; Quds News Network; Twitter", "source_scale": "Local partner-New media", "notes": "On 15 December 2023, Israeli warplanes struck a house in Al Burayj refugee camp (Deir El Balah, Gaza Strip), injuring a number of Palestinians.", "fatalities": 0, "tags": null, "timestamp": 1753954979 }, "geometry": { "type": "Point", "coordinates": [ 34.4031, 31.4394 ] } },
{ "type": "Feature", "properties": { "event_id_cnty": "PSE43396", "event_date": "12/15/2023", "year": 2023, "time_precision": 1, "disorder_type": "Political violence", "event_type": "Explosions/Remote violence", "sub_event_type": "Air/drone strike", "actor1": "Military Forces of Israel (2022-)", "assoc_actor_1": null, "inter1": 8, "actor2": "Civilians (Palestine)", "assoc_actor_2": null, "inter2": 7, "interaction": 78, "civilian_targeting": "Civilian targeting", "iso": 275, "region": "Middle East", "country": "Palestine", "admin1": "Gaza Strip", "admin2": "Rafah", "admin3": null, "location": "Tal as Sultan", "latitude": 31.3098, "longitude": 34.2414, "geo_precision": 1, "source": "Newpress; Twitter", "source_scale": "New media-National", "notes": "On 15 December 2023, Israeli warplanes struck a house in Tal as Sultan (Rafah, Gaza Strip). Casualties unknown.", "fatalities": 0, "tags": null, "timestamp": 1762829569 }, "geometry": { "type": "Point", "coordinates": [ 34.2414, 31.3098 ] } },
{ "type": "Feature", "properties": { "event_id_cnty": "PSE43391", "event_date": "12/15/2023", "year": 2023, "time_precision": 1, "disorder_type": "Political violence", "event_type": "Explosions/Remote violence", "sub_event_type": "Air/drone strike", "actor1": "Military Forces of Israel (2022-)", "assoc_actor_1": null, "inter1": 8, "actor2": "Civilians (Palestine)", "assoc_actor_2": null, "inter2": 7, "interaction": 78, "civilian_targeting": "Civilian targeting", "iso": 275, "region": "Middle East", "country": "Palestine", "admin1": "Gaza Strip", "admin2": "Gaza City", "admin3": null, "location": "Gaza - Nasr", "latitude": 31.534, "longitude": 34.4574, "geo_precision": 1, "source": "Palestine News and Information Agency", "source_scale": "National", "notes": "On 15 December 2023, Israeli UAVs opened fire at Palestinian while airplanes and artillery struck targets in Gaza - Nasr (Gaza City, Gaza Strip), leaving an unspecified number of fatalities among Palestinians. Unspecified number of fatalities coded as 3.", "fatalities": 3, "tags": null, "timestamp": 1753954979 }, "geometry": { "type": "Point", "coordinates": [ 34.4574, 31.534 ] } },
{ "type": "Feature", "properties": { "event_id_cnty": "PSE43392", "event_date": "12/15/2023", "year": 2023, "time_precision": 1, "disorder_type": "Political violence", "event_type": "Explosions/Remote violence", "sub_event_type": "Air/drone strike", "actor1": "Military Forces of Israel (2022-)", "assoc_actor_1": null, "inter1": 8, "actor2": "Civilians (Palestine)", "assoc_actor_2": null, "inter2": 7, "interaction": 78, "civilian_targeting": "Civilian targeting", "iso": 275, "region": "Middle East", "country": "Palestine", "admin1": "Gaza Strip", "admin2": "Gaza City", "admin3": null, "location": "Gaza - Sheikh Radwan", "latitude": 31.5349, "longitude": 34.4667, "geo_precision": 1, "source": "Palestine News and Information Agency", "source_scale": "National", "notes": "On 15 December 2023, Israeli UAVs opened fire at Palestinian while airplanes and artillery struck targets in Gaza - Sheikh Radwan (Gaza City, Gaza Strip), leaving an unspecified number of fatalities, coded as 3.", "fatalities": 3, "tags": null, "timestamp": 1759789988 }, "geometry": { "type": "Point", "coordinates": [ 34.4667, 31.5349 ] } },
{ "type": "Feature", "properties": { "event_id_cnty": "PSE43394", "event_date": "12/15/2023", "year": 2023, "time_precision": 1, "disorder_type": "Political violence", "event_type": "Violence against civilians", "sub_event_type": "Abduction/forced disappearance", "actor1": "Military Forces of Israel (2022-)", "assoc_actor_1": null, "inter1": 8, "actor2": "Civilians (Palestine)", "assoc_actor_2": "Refugees/IDPs (Palestine)", "inter2": 7, "interaction": 78, "civilian_targeting": "Civilian targeting", "iso": 275, "region": "Middle East", "country": "Palestine", "admin1": "Gaza Strip", "admin2": "North Gaza", "admin3": null, "location": "Jabalya Camp", "latitude": 31.536, "longitude": 34.4907, "geo_precision": 1, "source": "Palestine News and Information Agency", "source_scale": "National", "notes": "On 15 December 2023, Israeli military forces arrested dozens of Palestinians in Mukhayyam Jabalya camp (North Gaza, Gaza Strip).", "fatalities": 0, "tags": null, "timestamp": 1772581279 }, "geometry": { "type": "Point", "coordinates": [ 34.4907, 31.536 ] } },
{ "type": "Feature", "properties": { "event_id_cnty": "PSE43448", "event_date": "12/15/2023", "year": 2023, "time_precision": 1, "disorder_type": "Political violence", "event_type": "Explosions/Remote violence", "sub_event_type": "Air/drone strike", "actor1": "Military Forces of Israel (2022-)", "assoc_actor_1": null, "inter1": 8, "actor2": "Civilians (Palestine)", "assoc_actor_2": "Refugees/IDPs (Palestine)", "inter2": 7, "interaction": 78, "civilian_targeting": "Civilian targeting", "iso": 275, "region": "Middle East", "country": "Palestine", "admin1": "Gaza Strip", "admin2": "North Gaza", "admin3": null, "location": "Jabalya Camp", "latitude": 31.536, "longitude": 34.4907, "geo_precision": 1, "source": "Palestine News and Information Agency", "source_scale": "National", "notes": "On 15 December 2023, Israeli military forces opened fire at Palestinian civilians in Mukhayyam Jabalya camp (North Gaza, Gaza Strip), injuring dozens of them. Also, warplanes struck several houses in the area, leaving an unspecified number of fatalities and dozens of injuries. Unspecified number of fatalities coded as 3.", "fatalities": 3, "tags": null, "timestamp": 1753954979 }, "geometry": { "type": "Point", "coordinates": [ 34.4907, 31.536 ] } },
{ "type": "Feature", "properties": { "event_id_cnty": "PSE43463", "event_date": "12/15/2023", "year": 2023, "time_precision": 1, "disorder_type": "Political violence", "event_type": "Explosions/Remote violence", "sub_event_type": "Air/drone strike", "actor1": "Military Forces of Israel (2022-)", "assoc_actor_1": null, "inter1": 8, "actor2": "Civilians (Palestine)", "assoc_actor_2": null, "inter2": 7, "interaction": 78, "civilian_targeting": "Civilian targeting", "iso": 275, "region": "Middle East", "country": "Palestine", "admin1": "Gaza Strip", "admin2": "Khan Yunis", "admin3": null, "location": "Al Qararah", "latitude": 31.3739, "longitude": 34.3409, "geo_precision": 2, "source": "Quds News Network; Twitter", "source_scale": "New media-National", "notes": "On 15 December 2023, Israeli helicopters opened fire at Palestinians east of Al Qararah (Khan Yunis, Gaza Strip). Casualties unknown.", "fatalities": 0, "tags": null, "timestamp": 1753954979 }, "geometry": { "type": "Point", "coordinates": [ 34.3409, 31.3739 ] } },
{ "type": "Feature", "properties": { "event_id_cnty": "PSE43387", "event_date": "12/15/2023", "year": 2023, "time_precision": 1, "disorder_type": "Political violence", "event_type": "Explosions/Remote violence", "sub_event_type": "Air/drone strike", "actor1": "Military Forces of Israel (2022-)", "assoc_actor_1": null, "inter1": 8, "actor2": "Civilians (Palestine)", "assoc_actor_2": null, "inter2": 7, "interaction": 78, "civilian_targeting": "Civilian targeting", "iso": 275, "region": "Middle East", "country": "Palestine", "admin1": "Gaza Strip", "admin2": "North Gaza", "admin3": null, "location": "Jabalya", "latitude": 31.5272, "longitude": 34.4835, "geo_precision": 1, "source": "Newpress; Palestine News and Information Agency; Twitter", "source_scale": "New media-National", "notes": "On 15 December 2023, Israeli warplanes carried out airstrikes in Jabalya (North Gaza, Gaza Strip), leaving an unspecified number of injuries among Palestinians. Also artillery struck targets in the area.", "fatalities": 0, "tags": null, "timestamp": 1759789988 }, "geometry": { "type": "Point", "coordinates": [ 34.4835, 31.5272 ] } },
{ "type": "Feature", "properties": { "event_id_cnty": "PSE43388", "event_date": "12/15/2023", "year": 2023, "time_precision": 1, "disorder_type": "Political violence", "event_type": "Explosions/Remote violence", "sub_event_type": "Air/drone strike", "actor1": "Military Forces of Israel (2022-)", "assoc_actor_1": null, "inter1": 8, "actor2": "Civilians (Palestine)", "assoc_actor_2": null, "inter2": 7, "interaction": 78, "civilian_targeting": "Civilian targeting", "iso": 275, "region": "Middle East", "country": "Palestine", "admin1": "Gaza Strip", "admin2": "Gaza City", "admin3": null, "location": "Gaza - Az Zaytun", "latitude": 31.4964, "longitude": 34.4522, "geo_precision": 1, "source": "Newpress; Palestine News and Information Agency; Quds News Network; Twitter", "source_scale": "New media-National", "notes": "On 15 December 2023, Israeli UAVs opened fire at Palestinian civilians in Gaza - Az Zaytun (Gaza City, Gaza Strip), killing at least 15 persons and injuring dozens. Also, artillery shelled 6 houses in the area, leaving an unspecified number of fatalities and dozens of injuries. Total fatalities coded as 18 (15 confirmed and 3 unknown).", "fatalities": 18, "tags": null, "timestamp": 1759789988 }, "geometry": { "type": "Point", "coordinates": [ 34.4522, 31.4964 ] } },
{ "type": "Feature", "properties": { "event_id_cnty": "PSE43848", "event_date": "12/15/2023", "year": 2023, "time_precision": 1, "disorder_type": "Political violence", "event_type": "Explosions/Remote violence", "sub_event_type": "Shelling/artillery/missile attack", "actor1": "Military Forces of Israel (2022-)", "assoc_actor_1": null, "inter1": 8, "actor2": "Civilians (Palestine)", "assoc_actor_2": null, "inter2": 7, "interaction": 78, "civilian_targeting": "Civilian targeting", "iso": 275, "region": "Middle East", "country": "Palestine", "admin1": "Gaza Strip", "admin2": "North Gaza", "admin3": null, "location": "Sheikh Zaid", "latitude": 31.5392, "longitude": 34.5117, "geo_precision": 1, "source": "Palestine News and Information Agency", "source_scale": "National", "notes": "On 15 December 2023, Israeli artillery struck toward several buildings in Sheikh Zaid (North Gaza, Gaza Strip), leaving an unspecified number of fatalities and dozens of injuries among Palestinians. Unspecified number of fatalities coded as 3.", "fatalities": 3, "tags": null, "timestamp": 1759789988 }, "geometry": { "type": "Point", "coordinates": [ 34.5117, 31.5392 ] } },
{ "type": "Feature", "properties": { "event_id_cnty": "PSE43383", "event_date": "12/15/2023", "year": 2023, "time_precision": 1, "disorder_type": "Political violence", "event_type": "Explosions/Remote violence", "sub_event_type": "Air/drone strike", "actor1": "Military Forces of Israel (2022-)", "assoc_actor_1": null, "inter1": 8, "actor2": "Civilians (Palestine)", "assoc_actor_2": null, "inter2": 7, "interaction": 78, "civilian_targeting": "Civilian targeting", "iso": 275, "region": "Middle East", "country": "Palestine", "admin1": "Gaza Strip", "admin2": "Rafah", "admin3": null, "location": "Rafah", "latitude": 31.287, "longitude": 34.2595, "geo_precision": 1, "source": "Newpress; Palestine News and Information Agency; Twitter", "source_scale": "New media-National", "notes": "On 15 December 2023, Israeli warplanes struck a residential area and houses in Rafah city (Rafah, Gaza Strip), leaving dozens of fatalities and injuries. Fatalities coded as 12.", "fatalities": 12, "tags": null, "timestamp": 1762829569 }, "geometry": { "type": "Point", "coordinates": [ 34.2595, 31.287 ] } },
{ "type": "Feature", "properties": { "event_id_cnty": "PSE43602", "event_date": "12/16/2023", "year": 2023, "time_precision": 1, "disorder_type": "Political violence", "event_type": "Explosions/Remote violence", "sub_event_type": "Air/drone strike", "actor1": "Military Forces of Israel (2022-)", "assoc_actor_1": null, "inter1": 8, "actor2": "Civilians (Palestine)", "assoc_actor_2": null, "inter2": 7, "interaction": 78, "civilian_targeting": "Civilian targeting", "iso": 275, "region": "Middle East", "country": "Palestine", "admin1": "Gaza Strip", "admin2": "Khan Yunis", "admin3": null, "location": "Khan Yunis", "latitude": 31.3502, "longitude": 34.3081, "geo_precision": 1, "source": "Ma'an News Agency; Newpress; Palestine News and Information Agency; Quds News Network; Twitter", "source_scale": "New media-National", "notes": "On 16 December 2023, Israeli airplanes carried out airstrikes in al Manarah neighborhood of Khan Yunis city (Khan Yunis, Gaza Strip), killing 2 persons.", "fatalities": 2, "tags": null, "timestamp": 1753954979 }, "geometry": { "type": "Point", "coordinates": [ 34.3081, 31.3502 ] } },
{ "type": "Feature", "properties": { "event_id_cnty": "PSE43606", "event_date": "12/16/2023", "year": 2023, "time_precision": 1, "disorder_type": "Political violence", "event_type": "Explosions/Remote violence", "sub_event_type": "Air/drone strike", "actor1": "Military Forces of Israel (2022-)", "assoc_actor_1": null, "inter1": 8, "actor2": "Civilians (Palestine)", "assoc_actor_2": null, "inter2": 7, "interaction": 78, "civilian_targeting": "Civilian targeting", "iso": 275, "region": "Middle East", "country": "Palestine", "admin1": "Gaza Strip", "admin2": "Khan Yunis", "admin3": null, "location": "Khan Yunis - Al Amal", "latitude": 31.3544, "longitude": 34.3007, "geo_precision": 1, "source": "Palestine News and Information Agency; Quds News Network", "source_scale": "National", "notes": "On 16 December 2023, Israeli airplanes struck houses in Khan Yunis - Al Amal (Khan Yunis, Gaza Strip), injuring a number of Palestinians.", "fatalities": 0, "tags": null, "timestamp": 1753954979 }, "geometry": { "type": "Point", "coordinates": [ 34.3007, 31.3544 ] } },
{ "type": "Feature", "properties": { "event_id_cnty": "PSE43607", "event_date": "12/16/2023", "year": 2023, "time_precision": 1, "disorder_type": "Political violence", "event_type": "Explosions/Remote violence", "sub_event_type": "Air/drone strike", "actor1": "Military Forces of Israel (2022-)", "assoc_actor_1": null, "inter1": 8, "actor2": "Civilians (Palestine)", "assoc_actor_2": "Journalists (Palestine)", "inter2": 7, "interaction": 78, "civilian_targeting": "Civilian targeting", "iso": 275, "region": "Middle East", "country": "Palestine", "admin1": "Gaza Strip", "admin2": "Khan Yunis", "admin3": null, "location": "Khan Yunis - City Centre", "latitude": 31.3419, "longitude": 34.3015, "geo_precision": 1, "source": "Newpress; Palestine News and Information Agency; Quds News Network; Twitter", "source_scale": "New media-National", "notes": "On 16 December 2023, Israeli airplanes struck targets at the junction of Hamid in Khan Yunis - City Centre (Khan Yunis, Gaza Strip), killing at least 3 persons including a Palestinian journalist. Meanwhile, artillery struck targets in the area.", "fatalities": 3, "tags": null, "timestamp": 1753954979 }, "geometry": { "type": "Point", "coordinates": [ 34.3015, 31.3419 ] } },
{ "type": "Feature", "properties": { "event_id_cnty": "PSE43613", "event_date": "12/16/2023", "year": 2023, "time_precision": 1, "disorder_type": "Political violence", "event_type": "Explosions/Remote violence", "sub_event_type": "Air/drone strike", "actor1": "Military Forces of Israel (2022-)", "assoc_actor_1": null, "inter1": 8, "actor2": "Civilians (Palestine)", "assoc_actor_2": null, "inter2": 7, "interaction": 78, "civilian_targeting": "Civilian targeting", "iso": 275, "region": "Middle East", "country": "Palestine", "admin1": "Gaza Strip", "admin2": "Khan Yunis", "admin3": null, "location": "Khan Yunis - Maen", "latitude": 31.336, "longitude": 34.3172, "geo_precision": 1, "source": "Liveuamap; Palestine News and Information Agency; Quds News Network", "source_scale": "Local partner-New media", "notes": "On 16 December 2023, Israeli airplanes struck a house east of the Islamic University in Khan Yunis - Maen (Khan Yunis, Gaza Strip), killing 5 Palestinians and injuring dozens. Meanwhile, the artillery shelled targets in the area. Total confirmed fatalities were 5.", "fatalities": 5, "tags": null, "timestamp": 1753954979 }, "geometry": { "type": "Point", "coordinates": [ 34.3172, 31.336 ] } },
{ "type": "Feature", "properties": { "event_id_cnty": "PSE43611", "event_date": "12/16/2023", "year": 2023, "time_precision": 1, "disorder_type": "Political violence", "event_type": "Explosions/Remote violence", "sub_event_type": "Air/drone strike", "actor1": "Military Forces of Israel (2022-)", "assoc_actor_1": null, "inter1": 8, "actor2": "Civilians (Palestine)", "assoc_actor_2": "Refugees/IDPs (Palestine)", "inter2": 7, "interaction": 78, "civilian_targeting": "Civilian targeting", "iso": 275, "region": "Middle East", "country": "Palestine", "admin1": "Gaza Strip", "admin2": "Deir El Balah", "admin3": null, "location": "An Nusayrat", "latitude": 31.4486, "longitude": 34.3925, "geo_precision": 1, "source": "Newpress; Palestine News and Information Agency; Quds News Network; Twitter", "source_scale": "New media-National", "notes": "On 16 December 2023, Israeli airplanes struck a residential area on the outskirts of al-Dawa mosque in An Nusayrat refugee camp (Deir El Balah, Gaza Strip), killing and injuring dozens of Palestinians. Fatalities coded as 12.", "fatalities": 12, "tags": null, "timestamp": 1753954979 }, "geometry": { "type": "Point", "coordinates": [ 34.3925, 31.4486 ] } },
{ "type": "Feature", "properties": { "event_id_cnty": "PSE43588", "event_date": "12/16/2023", "year": 2023, "time_precision": 1, "disorder_type": "Political violence", "event_type": "Violence against civilians", "sub_event_type": "Attack", "actor1": "Military Forces of Israel (2022-)", "assoc_actor_1": null, "inter1": 8, "actor2": "Civilians (Palestine)", "assoc_actor_2": "Health Workers (Palestine); Refugees/IDPs (Palestine)", "inter2": 7, "interaction": 78, "civilian_targeting": "Civilian targeting", "iso": 275, "region": "Middle East", "country": "Palestine", "admin1": "Gaza Strip", "admin2": "North Gaza", "admin3": null, "location": "Beit Lahiya", "latitude": 31.5541, "longitude": 34.5016, "geo_precision": 1, "source": "Newpress; Palestine Information Center; Palestine News and Information Agency; Quds News Network; Twitter", "source_scale": "Other-New media", "notes": "On 16 December 2023, Israeli military forces destroyed the southern part of Kamal Odwan Hospital in Beit Lahiya (North Gaza, Gaza Strip). And according to the Ministry of Health in Gaza, Israeli forces bulldozed the tents of displaced individuals, burying dozens of patients and displaced people alive. A Palestinian journalist confirmed that at least 20 persons were killed. Fatalities coded as 20.", "fatalities": 20, "tags": null, "timestamp": 1753954979 }, "geometry": { "type": "Point", "coordinates": [ 34.5016, 31.5541 ] } },
{ "type": "Feature", "properties": { "event_id_cnty": "PSE43596", "event_date": "12/16/2023", "year": 2023, "time_precision": 1, "disorder_type": "Political violence", "event_type": "Explosions/Remote violence", "sub_event_type": "Air/drone strike", "actor1": "Military Forces of Israel (2022-)", "assoc_actor_1": null, "inter1": 8, "actor2": "Civilians (Palestine)", "assoc_actor_2": null, "inter2": 7, "interaction": 78, "civilian_targeting": "Civilian targeting", "iso": 275, "region": "Middle East", "country": "Palestine", "admin1": "Gaza Strip", "admin2": "Deir El Balah", "admin3": null, "location": "Deir al Balah", "latitude": 31.4178, "longitude": 34.3503, "geo_precision": 1, "source": "Newpress; Palestine News and Information Agency; Quds News Network; Twitter", "source_scale": "New media-National", "notes": "On 16 December 2023, Israeli airplanes struck targets on the outskirts of a UNRWA school hosting displaced people in Deir al Balah city (Deir El Balah, Gaza Strip), leaving an unspecified number of fatalities among Palestinians. Unspecified number of fatalities coded as 3.", "fatalities": 3, "tags": null, "timestamp": 1753954979 }, "geometry": { "type": "Point", "coordinates": [ 34.3503, 31.4178 ] } },
{ "type": "Feature", "properties": { "event_id_cnty": "PSE43597", "event_date": "12/16/2023", "year": 2023, "time_precision": 1, "disorder_type": "Political violence", "event_type": "Explosions/Remote violence", "sub_event_type": "Air/drone strike", "actor1": "Military Forces of Israel (2022-)", "assoc_actor_1": null, "inter1": 8, "actor2": "Civilians (Palestine)", "assoc_actor_2": "Refugees/IDPs (Palestine)", "inter2": 7, "interaction": 78, "civilian_targeting": "Civilian targeting", "iso": 275, "region": "Middle East", "country": "Palestine", "admin1": "Gaza Strip", "admin2": "Deir El Balah", "admin3": null, "location": "Al Burayj", "latitude": 31.4394, "longitude": 34.4031, "geo_precision": 1, "source": "Palestine News and Information Agency", "source_scale": "National", "notes": "On 16 December 2023, Israeli airplanes struck a house in Al Burayj refugee camp (Deir El Balah, Gaza Strip), leaving an unspecified number of fatalities among Palestinians, including women and children. Unspecified number of fatalities coded as 3.", "fatalities": 3, "tags": null, "timestamp": 1753954979 }, "geometry": { "type": "Point", "coordinates": [ 34.4031, 31.4394 ] } },
{ "type": "Feature", "properties": { "event_id_cnty": "PSE43581", "event_date": "12/16/2023", "year": 2023, "time_precision": 1, "disorder_type": "Political violence", "event_type": "Explosions/Remote violence", "sub_event_type": "Shelling/artillery/missile attack", "actor1": "Military Forces of Israel (2022-)", "assoc_actor_1": null, "inter1": 8, "actor2": "Civilians (Palestine)", "assoc_actor_2": "Fishers (Palestine)", "inter2": 7, "interaction": 78, "civilian_targeting": "Civilian targeting", "iso": 275, "region": "Middle East", "country": "Palestine", "admin1": "Gaza Strip", "admin2": "Rafah", "admin3": null, "location": "Coast of Rafah", "latitude": 31.3474, "longitude": 34.2226, "geo_precision": 2, "source": "Al-Ittihad; Palestine News and Information Agency; PLO Negotiations Affairs Department", "source_scale": "Other-National", "notes": "On 16 December 2023, Israeli gunboats opened fire at sea off the Coast of Rafah (Rafah, Gaza Strip), presumably toward fishing boats. Casualties unknown. Also, Israeli gunboats shelled targets along the Coast of Rafah (Rafah, Gaza Strip). Casualties unknown.", "fatalities": 0, "tags": null, "timestamp": 1753954979 }, "geometry": { "type": "Point", "coordinates": [ 34.2226, 31.3474 ] } },
{ "type": "Feature", "properties": { "event_id_cnty": "PSE43591", "event_date": "12/16/2023", "year": 2023, "time_precision": 1, "disorder_type": "Political violence", "event_type": "Explosions/Remote violence", "sub_event_type": "Shelling/artillery/missile attack", "actor1": "Military Forces of Israel (2022-)", "assoc_actor_1": null, "inter1": 8, "actor2": "Civilians (Palestine)", "assoc_actor_2": "Fishers (Palestine)", "inter2": 7, "interaction": 78, "civilian_targeting": "Civilian targeting", "iso": 275, "region": "Middle East", "country": "Palestine", "admin1": "Gaza Strip", "admin2": "Khan Yunis", "admin3": null, "location": "Coast of Khan Yunis", "latitude": 31.3822, "longitude": 34.271, "geo_precision": 2, "source": "Palestine News and Information Agency", "source_scale": "National", "notes": "On 16 December 2023, Israeli gunboats opened fire at sea off the Coast of Khan Yunis (Rafah, Gaza Strip), presumably toward fishing boats. Casualties unknown.", "fatalities": 0, "tags": null, "timestamp": 1753954979 }, "geometry": { "type": "Point", "coordinates": [ 34.271, 31.3822 ] } },
{ "type": "Feature", "properties": { "event_id_cnty": "PSE43615", "event_date": "12/16/2023", "year": 2023, "time_precision": 1, "disorder_type": "Political violence", "event_type": "Explosions/Remote violence", "sub_event_type": "Air/drone strike", "actor1": "Military Forces of Israel (2022-)", "assoc_actor_1": null, "inter1": 8, "actor2": "Civilians (Palestine)", "assoc_actor_2": null, "inter2": 7, "interaction": 78, "civilian_targeting": "Civilian targeting", "iso": 275, "region": "Middle East", "country": "Palestine", "admin1": "Gaza Strip", "admin2": "Rafah", "admin3": null, "location": "Yibna", "latitude": 31.2842, "longitude": 34.2482, "geo_precision": 2, "source": "Newpress; Palestine News and Information Agency; Quds News Network; Twitter", "source_scale": "New media-National", "notes": "On 16 December 2023, Israeli airplanes struck a house in Al Juniana and Al Tannour neighborhoods east of Rafah city (coded to Yibna, Gaza Strip), killing 2 persons in Al Juniana and injuring dozens. Meanwhile, Israeli airplanes struck a house in Block 0 south of Rafah, where several bodies were recovered from the rubble. Unknown fatalities coded as 3. Total fatalities coded as 5 (2 confirmed + 3 unknown).", "fatalities": 5, "tags": null, "timestamp": 1753954979 }, "geometry": { "type": "Point", "coordinates": [ 34.2482, 31.2842 ] } },
{ "type": "Feature", "properties": { "event_id_cnty": "PSE43619", "event_date": "12/16/2023", "year": 2023, "time_precision": 1, "disorder_type": "Political violence", "event_type": "Explosions/Remote violence", "sub_event_type": "Air/drone strike", "actor1": "Military Forces of Israel (2022-)", "assoc_actor_1": null, "inter1": 8, "actor2": "Civilians (Palestine)", "assoc_actor_2": "Refugees/IDPs (Palestine)", "inter2": 7, "interaction": 78, "civilian_targeting": "Civilian targeting", "iso": 275, "region": "Middle East", "country": "Palestine", "admin1": "Gaza Strip", "admin2": "Rafah", "admin3": null, "location": "Yibna", "latitude": 31.2842, "longitude": 34.2482, "geo_precision": 1, "source": "Newpress; Twitter", "source_scale": "New media-National", "notes": "On 16 December 2023, Israeli airplanes carried out airstrikes on the Yibna refugee camp (Rafah, Gaza Strip). Casualties unknown.", "fatalities": 0, "tags": null, "timestamp": 1753954979 }, "geometry": { "type": "Point", "coordinates": [ 34.2482, 31.2842 ] } },
{ "type": "Feature", "properties": { "event_id_cnty": "PSE43562", "event_date": "12/16/2023", "year": 2023, "time_precision": 1, "disorder_type": "Political violence", "event_type": "Violence against civilians", "sub_event_type": "Attack", "actor1": "Military Forces of Israel (2022-)", "assoc_actor_1": null, "inter1": 8, "actor2": "Civilians (Palestine)", "assoc_actor_2": null, "inter2": 7, "interaction": 78, "civilian_targeting": "Civilian targeting", "iso": 275, "region": "Middle East", "country": "Palestine", "admin1": "Gaza Strip", "admin2": "North Gaza", "admin3": null, "location": "Jabalya - Tel-Zaatar", "latitude": 31.5367, "longitude": 34.5035, "geo_precision": 1, "source": "Al-Ittihad; Palestine News and Information Agency; Quds News Network", "source_scale": "National-Regional", "notes": "On 16 December 2023, an Israeli sniper shot and killed a Palestinian who was in his house in Jabalya - Tel-Zaatar (North Gaza, Gaza Strip).", "fatalities": 1, "tags": null, "timestamp": 1759789988 }, "geometry": { "type": "Point", "coordinates": [ 34.5035, 31.5367 ] } },
{ "type": "Feature", "properties": { "event_id_cnty": "PSE43589", "event_date": "12/16/2023", "year": 2023, "time_precision": 1, "disorder_type": "Political violence", "event_type": "Violence against civilians", "sub_event_type": "Attack", "actor1": "Military Forces of Israel (2022-)", "assoc_actor_1": null, "inter1": 8, "actor2": "Civilians (Palestine)", "assoc_actor_2": "Christian Group (Palestine); Refugees/IDPs (Palestine); Women (Palestine)", "inter2": 7, "interaction": 78, "civilian_targeting": "Civilian targeting", "iso": 275, "region": "Middle East", "country": "Palestine", "admin1": "Gaza Strip", "admin2": "Gaza City", "admin3": null, "location": "Gaza - Az Zaytun", "latitude": 31.4964, "longitude": 34.4522, "geo_precision": 1, "source": "Joe Truzman; Liveuamap; Ma'an News Agency; Palestine News and Information Agency; Times of Israel", "source_scale": "Local partner-New media", "notes": "On 16 December 2023, Israeli snipers shot and killed 2 displaced women who were inside the Holy Family Church in Gaza - Az Zaytun (Gaza City, Gaza Strip). IDF denied his responsibility for the killing of a woman and her daughter in the Holy Family Church, saying that troops fired shots and hit Hamas operatives who fired RPG from the vicinity of the church.", "fatalities": 2, "tags": null, "timestamp": 1759789988 }, "geometry": { "type": "Point", "coordinates": [ 34.4522, 31.4964 ] } },
{ "type": "Feature", "properties": { "event_id_cnty": "PSE43603", "event_date": "12/16/2023", "year": 2023, "time_precision": 1, "disorder_type": "Political violence", "event_type": "Explosions/Remote violence", "sub_event_type": "Air/drone strike", "actor1": "Military Forces of Israel (2022-)", "assoc_actor_1": null, "inter1": 8, "actor2": "Civilians (Palestine)", "assoc_actor_2": null, "inter2": 7, "interaction": 78, "civilian_targeting": "Civilian targeting", "iso": 275, "region": "Middle East", "country": "Palestine", "admin1": "Gaza Strip", "admin2": "North Gaza", "admin3": null, "location": "Jabalya", "latitude": 31.5272, "longitude": 34.4835, "geo_precision": 1, "source": "Al-Ittihad; Palestine News and Information Agency; Quds News Network; Twitter", "source_scale": "New media-National", "notes": "On 16 December 2023, Israeli airplanes struck 2 houses in the Gaza Old street of Jabalya town (North Gaza, Gaza Strip) killing 14 Palestinians including and injuring others. Also, warplanes struck a house in the town killing dozens of Palestinians, including women and children, and injuring dozens more, fatalities coded as 12. Total fatalities coded as 26 (14 confirmed and 12 unknown). IDF said airstrikes targeted a number of Hamas militants who opened fire at troops from the roof of buildings.", "fatalities": 26, "tags": null, "timestamp": 1759789988 }, "geometry": { "type": "Point", "coordinates": [ 34.4835, 31.5272 ] } },
{ "type": "Feature", "properties": { "event_id_cnty": "PSE60060", "event_date": "12/16/2023", "year": 2023, "time_precision": 1, "disorder_type": "Political violence", "event_type": "Explosions/Remote violence", "sub_event_type": "Shelling/artillery/missile attack", "actor1": "Military Forces of Israel (2022-)", "assoc_actor_1": null, "inter1": 8, "actor2": "Civilians (Palestine)", "assoc_actor_2": null, "inter2": 7, "interaction": 78, "civilian_targeting": "Civilian targeting", "iso": 275, "region": "Middle East", "country": "Palestine", "admin1": "Gaza Strip", "admin2": "Gaza City", "admin3": null, "location": "Gaza - Az Zaytun", "latitude": 31.4964, "longitude": 34.4522, "geo_precision": 1, "source": "Joe Truzman; Liveuamap; Ma'an News Agency; Palestine News and Information Agency; Times of Israel", "source_scale": "Local partner-New media", "notes": "On 16 December 2023, Israeli artillery struck a site in Gaza - Az Zaytun (Gaza City, Gaza Strip), causing material damage and leaving 3 Palestinians injured.", "fatalities": 0, "tags": null, "timestamp": 1759790002 }, "geometry": { "type": "Point", "coordinates": [ 34.4522, 31.4964 ] } },
{ "type": "Feature", "properties": { "event_id_cnty": "PSE43598", "event_date": "12/16/2023", "year": 2023, "time_precision": 1, "disorder_type": "Political violence", "event_type": "Explosions/Remote violence", "sub_event_type": "Air/drone strike", "actor1": "Military Forces of Israel (2022-)", "assoc_actor_1": null, "inter1": 8, "actor2": "Civilians (Palestine)", "assoc_actor_2": null, "inter2": 7, "interaction": 78, "civilian_targeting": "Civilian targeting", "iso": 275, "region": "Middle East", "country": "Palestine", "admin1": "Gaza Strip", "admin2": "Rafah", "admin3": null, "location": "Rafah", "latitude": 31.287, "longitude": 34.2595, "geo_precision": 1, "source": "Newpress; Palestine News and Information Agency; Twitter", "source_scale": "New media-National", "notes": "On 16 December 2023, Israeli airplanes struck a house in Al Barahma area of Rafah city (Rafah, Gaza Strip). Casualties unknown.", "fatalities": 0, "tags": null, "timestamp": 1762829569 }, "geometry": { "type": "Point", "coordinates": [ 34.2595, 31.287 ] } },
{ "type": "Feature", "properties": { "event_id_cnty": "PSE43628", "event_date": "12/17/2023", "year": 2023, "time_precision": 1, "disorder_type": "Political violence", "event_type": "Explosions/Remote violence", "sub_event_type": "Air/drone strike", "actor1": "Military Forces of Israel (2022-)", "assoc_actor_1": null, "inter1": 8, "actor2": "Civilians (Palestine)", "assoc_actor_2": null, "inter2": 7, "interaction": 78, "civilian_targeting": "Civilian targeting", "iso": 275, "region": "Middle East", "country": "Palestine", "admin1": "Gaza Strip", "admin2": "Gaza City", "admin3": null, "location": "Gaza - Ad Darraj", "latitude": 31.5172, "longitude": 34.4642, "geo_precision": 1, "source": "Liveuamap; Palestine News and Information Agency; Quds News Network", "source_scale": "Local partner-New media", "notes": "On 17 December 2023, Israeli warplanes struck houses in Gaza - Ad Darraj (Gaza City, Gaza Strip), killing at least 20 Palestinians. Meanwhile artillery struck targets in al-Sahaba area of Ad Darraj.", "fatalities": 20, "tags": null, "timestamp": 1759789988 }, "geometry": { "type": "Point", "coordinates": [ 34.4642, 31.5172 ] } },
{ "type": "Feature", "properties": { "event_id_cnty": "PSE43630", "event_date": "12/17/2023", "year": 2023, "time_precision": 1, "disorder_type": "Political violence", "event_type": "Explosions/Remote violence", "sub_event_type": "Air/drone strike", "actor1": "Military Forces of Israel (2022-)", "assoc_actor_1": null, "inter1": 8, "actor2": "Civilians (Palestine)", "assoc_actor_2": null, "inter2": 7, "interaction": 78, "civilian_targeting": "Civilian targeting", "iso": 275, "region": "Middle East", "country": "Palestine", "admin1": "Gaza Strip", "admin2": "Gaza City", "admin3": null, "location": "Gaza - Shujaiyya", "latitude": 31.4988, "longitude": 34.4699, "geo_precision": 1, "source": "Newpress; Palestine News and Information Agency; Quds News Network; Twitter", "source_scale": "New media-National", "notes": "On 17 December 2023, Israeli warplanes struck a house near Diwan Mushtaha in Gaza - Shujaiyya (Gaza City, Gaza Strip), killing 6 Palestinians. Also, the artillery struck targets in the area.", "fatalities": 6, "tags": null, "timestamp": 1759789988 }, "geometry": { "type": "Point", "coordinates": [ 34.4699, 31.4988 ] } },
{ "type": "Feature", "properties": { "event_id_cnty": "PSE43632", "event_date": "12/17/2023", "year": 2023, "time_precision": 1, "disorder_type": "Political violence", "event_type": "Explosions/Remote violence", "sub_event_type": "Air/drone strike", "actor1": "Military Forces of Israel (2022-)", "assoc_actor_1": null, "inter1": 8, "actor2": "Civilians (Palestine)", "assoc_actor_2": null, "inter2": 7, "interaction": 78, "civilian_targeting": "Civilian targeting", "iso": 275, "region": "Middle East", "country": "Palestine", "admin1": "Gaza Strip", "admin2": "Gaza City", "admin3": null, "location": "Gaza - Sheikh Radwan", "latitude": 31.5349, "longitude": 34.4667, "geo_precision": 1, "source": "Palestine News and Information Agency", "source_scale": "National", "notes": "On 17 December 2023, Israeli warplanes opened fire and launched missiles in Gaza - Sheikh Radwan (Gaza City, Gaza Strip) amid artillery shelling. Dozens of Palestinians were killed and injured. Fatalities coded as 12.", "fatalities": 12, "tags": null, "timestamp": 1759789988 }, "geometry": { "type": "Point", "coordinates": [ 34.4667, 31.5349 ] } },
{ "type": "Feature", "properties": { "event_id_cnty": "PSE43637", "event_date": "12/17/2023", "year": 2023, "time_precision": 1, "disorder_type": "Political violence", "event_type": "Explosions/Remote violence", "sub_event_type": "Air/drone strike", "actor1": "Military Forces of Israel (2022-)", "assoc_actor_1": null, "inter1": 8, "actor2": "Civilians (Palestine)", "assoc_actor_2": null, "inter2": 7, "interaction": 78, "civilian_targeting": "Civilian targeting", "iso": 275, "region": "Middle East", "country": "Palestine", "admin1": "Gaza Strip", "admin2": "Gaza City", "admin3": null, "location": "Gaza - At Tuffah", "latitude": 31.5134, "longitude": 34.4751, "geo_precision": 1, "source": "Al Ghad (Jordan); Newpress; Palestine News and Information Agency; Twitter", "source_scale": "New media-National", "notes": "On 17 December 2023, Israeli warplanes struck a house in Gaza - At Tuffah (Gaza City, Gaza Strip), killing about 40 persons and injuring several of Palestinians. Also, artillery struck targets in the area.", "fatalities": 40, "tags": null, "timestamp": 1759789988 }, "geometry": { "type": "Point", "coordinates": [ 34.4751, 31.5134 ] } },
{ "type": "Feature", "properties": { "event_id_cnty": "PSE43639", "event_date": "12/17/2023", "year": 2023, "time_precision": 1, "disorder_type": "Political violence", "event_type": "Explosions/Remote violence", "sub_event_type": "Air/drone strike", "actor1": "Military Forces of Israel (2022-)", "assoc_actor_1": null, "inter1": 8, "actor2": "Civilians (Palestine)", "assoc_actor_2": null, "inter2": 7, "interaction": 78, "civilian_targeting": "Civilian targeting", "iso": 275, "region": "Middle East", "country": "Palestine", "admin1": "Gaza Strip", "admin2": "Khan Yunis", "admin3": null, "location": "Bani Suheila", "latitude": 31.3424, "longitude": 34.325, "geo_precision": 2, "source": "Ma'an News Agency; Palestine News and Information Agency; Quds News Network", "source_scale": "National", "notes": "On 17 December 2023, Israeli warplanes struck targets east of Khan Yunis city (coded to Bani Suheila) (Khan Yunis, Gaza Strip). Casualties unknown.", "fatalities": 0, "tags": null, "timestamp": 1753954979 }, "geometry": { "type": "Point", "coordinates": [ 34.325, 31.3424 ] } },
{ "type": "Feature", "properties": { "event_id_cnty": "PSE43648", "event_date": "12/17/2023", "year": 2023, "time_precision": 1, "disorder_type": "Political violence", "event_type": "Explosions/Remote violence", "sub_event_type": "Air/drone strike", "actor1": "Military Forces of Israel (2022-)", "assoc_actor_1": null, "inter1": 8, "actor2": "Civilians (Palestine)", "assoc_actor_2": null, "inter2": 7, "interaction": 78, "civilian_targeting": "Civilian targeting", "iso": 275, "region": "Middle East", "country": "Palestine", "admin1": "Gaza Strip", "admin2": "Khan Yunis", "admin3": null, "location": "Al Qararah", "latitude": 31.3739, "longitude": 34.3409, "geo_precision": 2, "source": "Arab 48; Quds News Network", "source_scale": "National", "notes": "On 17 December 2023, Israeli warplanes struck targets west of Al Qararah (Khan Yunis, Gaza Strip). Casualties unknown.", "fatalities": 0, "tags": null, "timestamp": 1753954979 }, "geometry": { "type": "Point", "coordinates": [ 34.3409, 31.3739 ] } },
{ "type": "Feature", "properties": { "event_id_cnty": "PSE43627", "event_date": "12/17/2023", "year": 2023, "time_precision": 1, "disorder_type": "Political violence", "event_type": "Explosions/Remote violence", "sub_event_type": "Air/drone strike", "actor1": "Military Forces of Israel (2022-)", "assoc_actor_1": null, "inter1": 8, "actor2": "Civilians (Palestine)", "assoc_actor_2": "Refugees/IDPs (Palestine)", "inter2": 7, "interaction": 78, "civilian_targeting": "Civilian targeting", "iso": 275, "region": "Middle East", "country": "Palestine", "admin1": "Gaza Strip", "admin2": "Deir El Balah", "admin3": null, "location": "Deir al Balah", "latitude": 31.4178, "longitude": 34.3503, "geo_precision": 1, "source": "Newpress; Palestine News and Information Agency; Quds News Network; Twitter", "source_scale": "New media-National", "notes": "On 17 December 2023, Israeli warplanes struck a house in Deir al Balah refugee camp (Deir El Balah, Gaza Strip), killing about 12 Palestinians and injuring dozens, majority of them were displaced people. Also, the artillery shelled al-Baraka area in the city. Total fatalities coded as 12.", "fatalities": 12, "tags": null, "timestamp": 1753954979 }, "geometry": { "type": "Point", "coordinates": [ 34.3503, 31.4178 ] } },
{ "type": "Feature", "properties": { "event_id_cnty": "PSE43640", "event_date": "12/17/2023", "year": 2023, "time_precision": 1, "disorder_type": "Political violence", "event_type": "Explosions/Remote violence", "sub_event_type": "Air/drone strike", "actor1": "Military Forces of Israel (2022-)", "assoc_actor_1": null, "inter1": 8, "actor2": "Civilians (Palestine)", "assoc_actor_2": "Journalists (Palestine); Refugees/IDPs (Palestine)", "inter2": 7, "interaction": 78, "civilian_targeting": "Civilian targeting", "iso": 275, "region": "Middle East", "country": "Palestine", "admin1": "Gaza Strip", "admin2": "Deir El Balah", "admin3": null, "location": "An Nusayrat", "latitude": 31.4486, "longitude": 34.3925, "geo_precision": 1, "source": "Liveuamap; Newpress; Palestine News and Information Agency; Quds News Network; Twitter", "source_scale": "Local partner-New media", "notes": "On 17 December 2023, Israeli warplanes struck a house on the outskirts of al-Nour mosque in An Nusayrat refugee camp (Deir El Balah, Gaza Strip), killing 15 persons, including, a female journalist and a child, and injuring dozens.", "fatalities": 15, "tags": null, "timestamp": 1753954979 }, "geometry": { "type": "Point", "coordinates": [ 34.3925, 31.4486 ] } },
{ "type": "Feature", "properties": { "event_id_cnty": "PSE43604", "event_date": "12/17/2023", "year": 2023, "time_precision": 1, "disorder_type": "Political violence", "event_type": "Violence against civilians", "sub_event_type": "Attack", "actor1": "Military Forces of Israel (2022-)", "assoc_actor_1": null, "inter1": 8, "actor2": "Civilians (Palestine)", "assoc_actor_2": "Health Workers (Palestine)", "inter2": 7, "interaction": 78, "civilian_targeting": "Civilian targeting", "iso": 275, "region": "Middle East", "country": "Palestine", "admin1": "Gaza Strip", "admin2": "North Gaza", "admin3": null, "location": "Beit Lahiya", "latitude": 31.5541, "longitude": 34.5016, "geo_precision": 1, "source": "Newpress; Palestine News and Information Agency; Quds News Network; Twitter", "source_scale": "New media-National", "notes": "On 17 December 2023, Israeli military forces opened fire at Kamal Odwan Hospital during a press conference in Beit Lahiya (North Gaza, Gaza Strip) while civilians were inside. Casualties unknown.", "fatalities": 0, "tags": null, "timestamp": 1753954979 }, "geometry": { "type": "Point", "coordinates": [ 34.5016, 31.5541 ] } },
{ "type": "Feature", "properties": { "event_id_cnty": "PSE43634", "event_date": "12/17/2023", "year": 2023, "time_precision": 1, "disorder_type": "Political violence", "event_type": "Explosions/Remote violence", "sub_event_type": "Air/drone strike", "actor1": "Military Forces of Israel (2022-)", "assoc_actor_1": null, "inter1": 8, "actor2": "Civilians (Palestine)", "assoc_actor_2": null, "inter2": 7, "interaction": 78, "civilian_targeting": "Civilian targeting", "iso": 275, "region": "Middle East", "country": "Palestine", "admin1": "Gaza Strip", "admin2": "North Gaza", "admin3": null, "location": "Beit Lahiya", "latitude": 31.5541, "longitude": 34.5016, "geo_precision": 1, "source": "Newpress; Palestine News and Information Agency; Twitter", "source_scale": "New media-National", "notes": "On 17 December 2023, Israeli warplanes struck a house in Beit Lahiya (North Gaza, Gaza Strip), killing 2 Palestinians and injuring a number of others.", "fatalities": 2, "tags": null, "timestamp": 1753954979 }, "geometry": { "type": "Point", "coordinates": [ 34.5016, 31.5541 ] } },
{ "type": "Feature", "properties": { "event_id_cnty": "PSE43631", "event_date": "12/17/2023", "year": 2023, "time_precision": 1, "disorder_type": "Political violence", "event_type": "Explosions/Remote violence", "sub_event_type": "Air/drone strike", "actor1": "Military Forces of Israel (2022-)", "assoc_actor_1": null, "inter1": 8, "actor2": "Civilians (Palestine)", "assoc_actor_2": null, "inter2": 7, "interaction": 78, "civilian_targeting": "Civilian targeting", "iso": 275, "region": "Middle East", "country": "Palestine", "admin1": "Gaza Strip", "admin2": "Gaza City", "admin3": null, "location": "Gaza - Nasr", "latitude": 31.534, "longitude": 34.4574, "geo_precision": 1, "source": "Palestine News and Information Agency", "source_scale": "National", "notes": "On 17 December 2023, Israeli warplanes opened fire and launched missiles in Gaza - Nasr (Gaza City, Gaza Strip) amid artillery shelling. Dozens of Palestinians were killed and injured. Fatalities coded as 12.", "fatalities": 12, "tags": null, "timestamp": 1753954979 }, "geometry": { "type": "Point", "coordinates": [ 34.4574, 31.534 ] } },
{ "type": "Feature", "properties": { "event_id_cnty": "PSE43635", "event_date": "12/17/2023", "year": 2023, "time_precision": 1, "disorder_type": "Political violence", "event_type": "Explosions/Remote violence", "sub_event_type": "Air/drone strike", "actor1": "Military Forces of Israel (2022-)", "assoc_actor_1": null, "inter1": 8, "actor2": "Civilians (Palestine)", "assoc_actor_2": null, "inter2": 7, "interaction": 78, "civilian_targeting": "Civilian targeting", "iso": 275, "region": "Middle East", "country": "Palestine", "admin1": "Gaza Strip", "admin2": "Khan Yunis", "admin3": null, "location": "Khan Yunis - Al Amal", "latitude": 31.3544, "longitude": 34.3007, "geo_precision": 1, "source": "Palestine News and Information Agency", "source_scale": "National", "notes": "On 17 December 2023, Israeli warplanes struck 3 houses in Khan Yunis - Al Amal (Khan Yunis, Gaza Strip), killing and injuring an unspecified number of Palestinians, coded as 3.", "fatalities": 3, "tags": null, "timestamp": 1753954979 }, "geometry": { "type": "Point", "coordinates": [ 34.3007, 31.3544 ] } },
{ "type": "Feature", "properties": { "event_id_cnty": "PSE43605", "event_date": "12/17/2023", "year": 2023, "time_precision": 1, "disorder_type": "Political violence", "event_type": "Violence against civilians", "sub_event_type": "Attack", "actor1": "Military Forces of Israel (2022-)", "assoc_actor_1": null, "inter1": 8, "actor2": "Civilians (Palestine)", "assoc_actor_2": null, "inter2": 7, "interaction": 78, "civilian_targeting": "Civilian targeting", "iso": 275, "region": "Middle East", "country": "Palestine", "admin1": "Gaza Strip", "admin2": "Gaza City", "admin3": null, "location": "Gaza - Northern Remal", "latitude": 31.524, "longitude": 34.4505, "geo_precision": 1, "source": "Quds News Network", "source_scale": "National", "notes": "On 17 December 2023, Israeli snipers shot and injured 6 Palestinians while filling water in Al Shifa Hospital in Gaza - Northern Remal (Gaza City, Gaza Strip).", "fatalities": 0, "tags": null, "timestamp": 1759789988 }, "geometry": { "type": "Point", "coordinates": [ 34.4505, 31.524 ] } },
{ "type": "Feature", "properties": { "event_id_cnty": "PSE43929", "event_date": "12/17/2023", "year": 2023, "time_precision": 1, "disorder_type": "Political violence", "event_type": "Explosions/Remote violence", "sub_event_type": "Air/drone strike", "actor1": "Military Forces of Israel (2022-)", "assoc_actor_1": null, "inter1": 8, "actor2": "Civilians (Palestine)", "assoc_actor_2": "Health Workers (Palestine)", "inter2": 7, "interaction": 78, "civilian_targeting": "Civilian targeting", "iso": 275, "region": "Middle East", "country": "Palestine", "admin1": "Gaza Strip", "admin2": "Khan Yunis", "admin3": null, "location": "Khan Yunis - West (Municipal Stadium)", "latitude": 31.3484, "longitude": 34.2961, "geo_precision": 2, "source": "Newpress; Palestine News and Information Agency; Quds News Network; Twitter", "source_scale": "New media-National", "notes": "On 17 December 2023, Israeli artillery fired a shell at Naser Hospital west of Khan Yunis (coded to Khan Yunis - West (Municipal Stadium)) (Gaza Strip). A Palestinian woman was killed and several wounded, including women and children. Also, warplanes struck targets in the area. 1 fatality.", "fatalities": 1, "tags": null, "timestamp": 1753954979 }, "geometry": { "type": "Point", "coordinates": [ 34.2961, 31.3484 ] } },
{ "type": "Feature", "properties": { "event_id_cnty": "PSE60055", "event_date": "12/17/2023", "year": 2023, "time_precision": 1, "disorder_type": "Political violence", "event_type": "Explosions/Remote violence", "sub_event_type": "Air/drone strike", "actor1": "Military Forces of Israel (2022-)", "assoc_actor_1": null, "inter1": 8, "actor2": "Civilians (Palestine)", "assoc_actor_2": null, "inter2": 7, "interaction": 78, "civilian_targeting": "Civilian targeting", "iso": 275, "region": "Middle East", "country": "Palestine", "admin1": "Gaza Strip", "admin2": "Gaza City", "admin3": null, "location": "Gaza - Northern Remal", "latitude": 31.524, "longitude": 34.4505, "geo_precision": 1, "source": "Quds News Network", "source_scale": "National", "notes": "On 17 December 2023, Israeli warplanes struck the Muhandisn building in Gaza - Northern Remal (Gaza City, Gaza Strip), killing 7 Palestinians.", "fatalities": 7, "tags": null, "timestamp": 1759790002 }, "geometry": { "type": "Point", "coordinates": [ 34.4505, 31.524 ] } },
{ "type": "Feature", "properties": { "event_id_cnty": "PSE43641", "event_date": "12/17/2023", "year": 2023, "time_precision": 1, "disorder_type": "Political violence", "event_type": "Explosions/Remote violence", "sub_event_type": "Air/drone strike", "actor1": "Military Forces of Israel (2022-)", "assoc_actor_1": null, "inter1": 8, "actor2": "Civilians (Palestine)", "assoc_actor_2": null, "inter2": 7, "interaction": 78, "civilian_targeting": "Civilian targeting", "iso": 275, "region": "Middle East", "country": "Palestine", "admin1": "Gaza Strip", "admin2": "Deir El Balah", "admin3": null, "location": "An Nusayrat - West", "latitude": 31.4525, "longitude": 34.3756, "geo_precision": 1, "source": "Newpress; Palestine News and Information Agency; Quds News Network; Twitter", "source_scale": "New media-National", "notes": "On 17 December 2023, Israeli warplanes struck a house west of An Nusayrat refugee camp (An Nusayrat - West, Deir El Balah, Gaza Strip), killing and injuring an unspecified number of Palestinians. [On 27 January 2025, 10 bodies were recovered from under the rubble in An Nusayrat - West. These fatalities were distributed across two separate events. Five of these fatalities were coded to this event].", "fatalities": 5, "tags": null, "timestamp": 1753954979 }, "geometry": { "type": "Point", "coordinates": [ 34.3756, 31.4525 ] } },
{ "type": "Feature", "properties": { "event_id_cnty": "PSE43932", "event_date": "12/17/2023", "year": 2023, "time_precision": 1, "disorder_type": "Political violence", "event_type": "Explosions/Remote violence", "sub_event_type": "Shelling/artillery/missile attack", "actor1": "Military Forces of Israel (2022-)", "assoc_actor_1": null, "inter1": 8, "actor2": "Civilians (Palestine)", "assoc_actor_2": null, "inter2": 7, "interaction": 78, "civilian_targeting": "Civilian targeting", "iso": 275, "region": "Middle East", "country": "Palestine", "admin1": "Gaza Strip", "admin2": "Gaza City", "admin3": null, "location": "Gaza - Sabra", "latitude": 31.5086, "longitude": 34.4493, "geo_precision": 1, "source": "Liveuamap; Palestine News and Information Agency", "source_scale": "Local partner-New media", "notes": "On 17 December 2023, Israeli artillery shelled targets in Gaza - Sabra (Gaza City, Gaza Strip), leaving an unspecified number of fatalities. [On 20 December 2023, 70 bodies were recovered from under the rubble in Sabra. These fatalities were split across 3 events, 23 fatalities were coded to this event].", "fatalities": 23, "tags": null, "timestamp": 1759789988 }, "geometry": { "type": "Point", "coordinates": [ 34.4493, 31.5086 ] } },
{ "type": "Feature", "properties": { "event_id_cnty": "PSE43626", "event_date": "12/17/2023", "year": 2023, "time_precision": 1, "disorder_type": "Political violence", "event_type": "Explosions/Remote violence", "sub_event_type": "Air/drone strike", "actor1": "Military Forces of Israel (2022-)", "assoc_actor_1": null, "inter1": 8, "actor2": "Civilians (Palestine)", "assoc_actor_2": "Muslim Group (Palestine)", "inter2": 7, "interaction": 78, "civilian_targeting": "Civilian targeting", "iso": 275, "region": "Middle East", "country": "Palestine", "admin1": "Gaza Strip", "admin2": "North Gaza", "admin3": null, "location": "Jabalya", "latitude": 31.5272, "longitude": 34.4835, "geo_precision": 1, "source": "Arab 48; Liveuamap; Ma'an News Agency; Newpress; Palestine News and Information Agency; Quds News Network; Twitter", "source_scale": "Local partner-New media", "notes": "On 17 December 2023, Israeli warplanes struck 3 houses in Jabalya town (North Gaza, Gaza Strip), killing at least 35 Palestinians and injuring dozens, including 11 persons were killed from the same family. Also, 30 Palestinians were killed and dozens were injured in separate airstrikes on a mosque and houses in Jabalya, including 16 Palestinians from the same family. Total fatalities were 65.", "fatalities": 65, "tags": null, "timestamp": 1759789988 }, "geometry": { "type": "Point", "coordinates": [ 34.4835, 31.5272 ] } },
{ "type": "Feature", "properties": { "event_id_cnty": "PSE43629", "event_date": "12/17/2023", "year": 2023, "time_precision": 1, "disorder_type": "Political violence", "event_type": "Explosions/Remote violence", "sub_event_type": "Air/drone strike", "actor1": "Military Forces of Israel (2022-)", "assoc_actor_1": null, "inter1": 8, "actor2": "Civilians (Palestine)", "assoc_actor_2": null, "inter2": 7, "interaction": 78, "civilian_targeting": "Civilian targeting", "iso": 275, "region": "Middle East", "country": "Palestine", "admin1": "Gaza Strip", "admin2": "Gaza City", "admin3": null, "location": "Gaza - Az Zaytun", "latitude": 31.4964, "longitude": 34.4522, "geo_precision": 1, "source": "Palestine News and Information Agency; Quds News Network", "source_scale": "National", "notes": "On 17 December 2023, Israeli warplanes opened fire and artillery struck targets in Gaza - Az Zaytun (Gaza City, Gaza Strip), killing 9 Palestinians. Also, warplanes struck a house hosting 50 persons. Casualties unknown. Total fatalities coded as 9.", "fatalities": 9, "tags": null, "timestamp": 1759789988 }, "geometry": { "type": "Point", "coordinates": [ 34.4522, 31.4964 ] } },
{ "type": "Feature", "properties": { "event_id_cnty": "PSE43633", "event_date": "12/17/2023", "year": 2023, "time_precision": 1, "disorder_type": "Political violence", "event_type": "Explosions/Remote violence", "sub_event_type": "Air/drone strike", "actor1": "Military Forces of Israel (2022-)", "assoc_actor_1": null, "inter1": 8, "actor2": "Civilians (Palestine)", "assoc_actor_2": null, "inter2": 7, "interaction": 78, "civilian_targeting": "Civilian targeting", "iso": 275, "region": "Middle East", "country": "Palestine", "admin1": "Gaza Strip", "admin2": "Gaza City", "admin3": null, "location": "Gaza - Tal el Hawa", "latitude": 31.5041, "longitude": 34.435, "geo_precision": 1, "source": "Palestine News and Information Agency", "source_scale": "National", "notes": "On 17 December 2023, Israeli warplanes struck targets on the outskirts of Gaza - Tal el Hawa (Gaza City, Gaza Strip), injuring a number of Palestinians.", "fatalities": 0, "tags": null, "timestamp": 1759789988 }, "geometry": { "type": "Point", "coordinates": [ 34.435, 31.5041 ] } },
{ "type": "Feature", "properties": { "event_id_cnty": "PSE43650", "event_date": "12/17/2023", "year": 2023, "time_precision": 1, "disorder_type": "Political violence", "event_type": "Explosions/Remote violence", "sub_event_type": "Air/drone strike", "actor1": "Military Forces of Israel (2022-)", "assoc_actor_1": null, "inter1": 8, "actor2": "Civilians (Palestine)", "assoc_actor_2": null, "inter2": 7, "interaction": 78, "civilian_targeting": "Civilian targeting", "iso": 275, "region": "Middle East", "country": "Palestine", "admin1": "Gaza Strip", "admin2": "Rafah", "admin3": null, "location": "Rafah", "latitude": 31.287, "longitude": 34.2595, "geo_precision": 1, "source": "Arab 48; Newpress; Quds News Network; Twitter", "source_scale": "New media-National", "notes": "On 17 December 2023, Israeli warplanes struck houses in Rafah city (Rafah, Gaza Strip), killing a Palestinian and injuring several of others.", "fatalities": 1, "tags": null, "timestamp": 1762829569 }, "geometry": { "type": "Point", "coordinates": [ 34.2595, 31.287 ] } },
{ "type": "Feature", "properties": { "event_id_cnty": "PSE43674", "event_date": "12/18/2023", "year": 2023, "time_precision": 1, "disorder_type": "Political violence", "event_type": "Explosions/Remote violence", "sub_event_type": "Air/drone strike", "actor1": "Military Forces of Israel (2022-)", "assoc_actor_1": null, "inter1": 8, "actor2": "Civilians (Palestine)", "assoc_actor_2": null, "inter2": 7, "interaction": 78, "civilian_targeting": "Civilian targeting", "iso": 275, "region": "Middle East", "country": "Palestine", "admin1": "Gaza Strip", "admin2": "Khan Yunis", "admin3": null, "location": "Khan Yunis - Al Kateebeh", "latitude": 31.3642, "longitude": 34.3085, "geo_precision": 2, "source": "Palestine News and Information Agency", "source_scale": "National", "notes": "On 18 December 2023, Israeli warplanes struck targets amid of artillery shelling north of Khan Yunis (coded to Khan Yunis - Al Kateebeh) (Khan Yunis, Gaza Strip), leaving dozens of fatalities and injuries among Palestinians. Fatalities coded as 12.", "fatalities": 12, "tags": null, "timestamp": 1767742780 }, "geometry": { "type": "Point", "coordinates": [ 34.3085, 31.3642 ] } },
{ "type": "Feature", "properties": { "event_id_cnty": "PSE43676", "event_date": "12/18/2023", "year": 2023, "time_precision": 1, "disorder_type": "Political violence", "event_type": "Explosions/Remote violence", "sub_event_type": "Air/drone strike", "actor1": "Military Forces of Israel (2022-)", "assoc_actor_1": null, "inter1": 8, "actor2": "Civilians (Palestine)", "assoc_actor_2": "Health Workers (Palestine); Refugees/IDPs (Palestine)", "inter2": 7, "interaction": 78, "civilian_targeting": "Civilian targeting", "iso": 275, "region": "Middle East", "country": "Palestine", "admin1": "Gaza Strip", "admin2": "Gaza City", "admin3": null, "location": "Gaza - Northern Remal", "latitude": 31.524, "longitude": 34.4505, "geo_precision": 1, "source": "Newpress; Palestine News and Information Agency; Quds News Network; Twitter", "source_scale": "New media-National", "notes": "On 18 December 2023, Israeli warplanes struck a building in Al Shifa Hospital in Gaza - Northern Remal (Gaza City, Gaza Strip), killing 26 displaced Palestinians. Also, the artillery shelled a car inside Al Shifa Hospital, killing 2 persons. Total fatalities were 28.", "fatalities": 28, "tags": null, "timestamp": 1759789988 }, "geometry": { "type": "Point", "coordinates": [ 34.4505, 31.524 ] } },
{ "type": "Feature", "properties": { "event_id_cnty": "PSE43679", "event_date": "12/18/2023", "year": 2023, "time_precision": 1, "disorder_type": "Political violence", "event_type": "Explosions/Remote violence", "sub_event_type": "Air/drone strike", "actor1": "Military Forces of Israel (2022-)", "assoc_actor_1": null, "inter1": 8, "actor2": "Civilians (Palestine)", "assoc_actor_2": null, "inter2": 7, "interaction": 78, "civilian_targeting": "Civilian targeting", "iso": 275, "region": "Middle East", "country": "Palestine", "admin1": "Gaza Strip", "admin2": "Gaza City", "admin3": null, "location": "Gaza - Sheikh Radwan", "latitude": 31.5349, "longitude": 34.4667, "geo_precision": 1, "source": "Newpress; Palestine News and Information Agency; Quds News Network; Twitter", "source_scale": "New media-National", "notes": "On 18 December 2023, Israeli artillery shelled the Gaza - Sheikh Radwan (Gaza City, Gaza Strip). Casualties unknown. Also, warplanes struck the house, injuring several Palestinians.", "fatalities": 0, "tags": null, "timestamp": 1759789988 }, "geometry": { "type": "Point", "coordinates": [ 34.4667, 31.5349 ] } },
{ "type": "Feature", "properties": { "event_id_cnty": "PSE43682", "event_date": "12/18/2023", "year": 2023, "time_precision": 1, "disorder_type": "Political violence", "event_type": "Explosions/Remote violence", "sub_event_type": "Air/drone strike", "actor1": "Military Forces of Israel (2022-)", "assoc_actor_1": null, "inter1": 8, "actor2": "Civilians (Palestine)", "assoc_actor_2": null, "inter2": 7, "interaction": 78, "civilian_targeting": "Civilian targeting", "iso": 275, "region": "Middle East", "country": "Palestine", "admin1": "Gaza Strip", "admin2": "Khan Yunis", "admin3": null, "location": "Bani Suheila", "latitude": 31.3424, "longitude": 34.325, "geo_precision": 2, "source": "Liveuamap; Palestine News and Information Agency; Quds News Network", "source_scale": "Local partner-New media", "notes": "On 18 December 2023, Israeli warplanes struck targets amid of artillery shelling east of Khan Yunis (coded to Bani Suheila) (Khan Yunis, Gaza Strip). Casualties unknown.", "fatalities": 0, "tags": null, "timestamp": 1753954979 }, "geometry": { "type": "Point", "coordinates": [ 34.325, 31.3424 ] } },
{ "type": "Feature", "properties": { "event_id_cnty": "PSE43683", "event_date": "12/18/2023", "year": 2023, "time_precision": 1, "disorder_type": "Political violence", "event_type": "Explosions/Remote violence", "sub_event_type": "Air/drone strike", "actor1": "Military Forces of Israel (2022-)", "assoc_actor_1": null, "inter1": 8, "actor2": "Civilians (Palestine)", "assoc_actor_2": null, "inter2": 7, "interaction": 78, "civilian_targeting": "Civilian targeting", "iso": 275, "region": "Middle East", "country": "Palestine", "admin1": "Gaza Strip", "admin2": "Khan Yunis", "admin3": null, "location": "Abasan al Kabirah", "latitude": 31.3191, "longitude": 34.3401, "geo_precision": 1, "source": "Palestine News and Information Agency", "source_scale": "National", "notes": "On 18 December 2023, an Israeli UAV struck a target in Abasan al Kabirah (Khan Yunis, Gaza Strip) and killed a Palestinian.", "fatalities": 1, "tags": null, "timestamp": 1753954979 }, "geometry": { "type": "Point", "coordinates": [ 34.3401, 31.3191 ] } },
{ "type": "Feature", "properties": { "event_id_cnty": "PSE43975", "event_date": "12/18/2023", "year": 2023, "time_precision": 1, "disorder_type": "Political violence", "event_type": "Explosions/Remote violence", "sub_event_type": "Shelling/artillery/missile attack", "actor1": "Military Forces of Israel (2022-)", "assoc_actor_1": null, "inter1": 8, "actor2": "Civilians (Palestine)", "assoc_actor_2": null, "inter2": 7, "interaction": 78, "civilian_targeting": "Civilian targeting", "iso": 275, "region": "Middle East", "country": "Palestine", "admin1": "Gaza Strip", "admin2": "Khan Yunis", "admin3": null, "location": "Khan Yunis", "latitude": 31.3502, "longitude": 34.3081, "geo_precision": 1, "source": "Newpress; Palestine News and Information Agency; Twitter", "source_scale": "New media-National", "notes": "On 18 December 2023, Israeli artillery shelled Palestinian houses in the city of Khan Yunis (Khan Yunis, Gaza Strip), leaving dozens of fatalities and injuries among Palestinians. Fatalities coded as 12.", "fatalities": 12, "tags": null, "timestamp": 1753954979 }, "geometry": { "type": "Point", "coordinates": [ 34.3081, 31.3502 ] } },
{ "type": "Feature", "properties": { "event_id_cnty": "PSE43681", "event_date": "12/18/2023", "year": 2023, "time_precision": 1, "disorder_type": "Political violence", "event_type": "Explosions/Remote violence", "sub_event_type": "Air/drone strike", "actor1": "Military Forces of Israel (2022-)", "assoc_actor_1": null, "inter1": 8, "actor2": "Civilians (Palestine)", "assoc_actor_2": null, "inter2": 7, "interaction": 78, "civilian_targeting": "Civilian targeting", "iso": 275, "region": "Middle East", "country": "Palestine", "admin1": "Gaza Strip", "admin2": "Deir El Balah", "admin3": null, "location": "Deir al Balah", "latitude": 31.4178, "longitude": 34.3503, "geo_precision": 1, "source": "Newpress; Palestine News and Information Agency; Quds News Network; Twitter", "source_scale": "New media-National", "notes": "On 18 December 2023, Israeli warplanes struck a house on the outskirts of Al Aqsa Hospital in Deir al Balah (Deir El Balah, Gaza strip), killing 4 Palestinians.", "fatalities": 4, "tags": null, "timestamp": 1753954979 }, "geometry": { "type": "Point", "coordinates": [ 34.3503, 31.4178 ] } },
{ "type": "Feature", "properties": { "event_id_cnty": "PSE43686", "event_date": "12/18/2023", "year": 2023, "time_precision": 1, "disorder_type": "Political violence", "event_type": "Explosions/Remote violence", "sub_event_type": "Air/drone strike", "actor1": "Military Forces of Israel (2022-)", "assoc_actor_1": null, "inter1": 8, "actor2": "Civilians (Palestine)", "assoc_actor_2": "Refugees/IDPs (Palestine)", "inter2": 7, "interaction": 78, "civilian_targeting": "Civilian targeting", "iso": 275, "region": "Middle East", "country": "Palestine", "admin1": "Gaza Strip", "admin2": "Deir El Balah", "admin3": null, "location": "An Nusayrat", "latitude": 31.4486, "longitude": 34.3925, "geo_precision": 1, "source": "Palestine News and Information Agency; Quds News Network", "source_scale": "National", "notes": "On 18 December 2023, Israeli warplanes struck 2 houses in An Nusayrat refugee camp (Deir El Balah, Gaza Strip), killing 5 Palestinians, including children.", "fatalities": 5, "tags": null, "timestamp": 1753954979 }, "geometry": { "type": "Point", "coordinates": [ 34.3925, 31.4486 ] } },
{ "type": "Feature", "properties": { "event_id_cnty": "PSE43707", "event_date": "12/18/2023", "year": 2023, "time_precision": 1, "disorder_type": "Political violence", "event_type": "Explosions/Remote violence", "sub_event_type": "Air/drone strike", "actor1": "Military Forces of Israel (2022-)", "assoc_actor_1": null, "inter1": 8, "actor2": "Civilians (Palestine)", "assoc_actor_2": null, "inter2": 7, "interaction": 78, "civilian_targeting": "Civilian targeting", "iso": 275, "region": "Middle East", "country": "Palestine", "admin1": "Gaza Strip", "admin2": "Deir El Balah", "admin3": null, "location": "An Nusayrat - West", "latitude": 31.4525, "longitude": 34.3756, "geo_precision": 1, "source": "Palestine News and Information Agency; Quds News Network", "source_scale": "National", "notes": "On 18 December 2023, Israeli warplanes struck a house in Al Hasayneh area west of An Nusayrat refugee camp (An Nusayrat - West, Deir El Balah, Gaza Strip), killing 5 children.", "fatalities": 5, "tags": null, "timestamp": 1753954979 }, "geometry": { "type": "Point", "coordinates": [ 34.3756, 31.4525 ] } },
{ "type": "Feature", "properties": { "event_id_cnty": "PSE43680", "event_date": "12/18/2023", "year": 2023, "time_precision": 1, "disorder_type": "Political violence", "event_type": "Explosions/Remote violence", "sub_event_type": "Air/drone strike", "actor1": "Military Forces of Israel (2022-)", "assoc_actor_1": null, "inter1": 8, "actor2": "Civilians (Palestine)", "assoc_actor_2": null, "inter2": 7, "interaction": 78, "civilian_targeting": "Civilian targeting", "iso": 275, "region": "Middle East", "country": "Palestine", "admin1": "Gaza Strip", "admin2": "North Gaza", "admin3": null, "location": "Beit Lahiya", "latitude": 31.5541, "longitude": 34.5016, "geo_precision": 1, "source": "Palestine News and Information Agency; Quds News Network", "source_scale": "National", "notes": "On 18 December 2023, Israeli warplanes struck targets on the outskirts of Abu Tammam School in Beit Lahiya (North Gaza, Gaza Strip), leaving an unspecified number of fatalities and injuries among Palestinians, coded as 3.. Also, the artillery shelled targets in the area.", "fatalities": 3, "tags": null, "timestamp": 1753954979 }, "geometry": { "type": "Point", "coordinates": [ 34.5016, 31.5541 ] } },
{ "type": "Feature", "properties": { "event_id_cnty": "PSE43684", "event_date": "12/18/2023", "year": 2023, "time_precision": 1, "disorder_type": "Political violence", "event_type": "Explosions/Remote violence", "sub_event_type": "Air/drone strike", "actor1": "Military Forces of Israel (2022-)", "assoc_actor_1": null, "inter1": 8, "actor2": "Civilians (Palestine)", "assoc_actor_2": null, "inter2": 7, "interaction": 78, "civilian_targeting": "Civilian targeting", "iso": 275, "region": "Middle East", "country": "Palestine", "admin1": "Gaza Strip", "admin2": "Khan Yunis", "admin3": null, "location": "Khan Yunis - Al Amal", "latitude": 31.3544, "longitude": 34.3007, "geo_precision": 1, "source": "Newpress; Palestine News and Information Agency; Quds News Network; Twitter", "source_scale": "New media-National", "notes": "On 18 December 2023, Israeli warplanes struck a house in Khan Yunis - Al Amal (Khan Yunis, Gaza Strip), leaving an unspecified number of fatalities and injuries among Palestinians, coded as 3.", "fatalities": 3, "tags": null, "timestamp": 1753954979 }, "geometry": { "type": "Point", "coordinates": [ 34.3007, 31.3544 ] } },
{ "type": "Feature", "properties": { "event_id_cnty": "PSE43701", "event_date": "12/18/2023", "year": 2023, "time_precision": 1, "disorder_type": "Political violence", "event_type": "Explosions/Remote violence", "sub_event_type": "Air/drone strike", "actor1": "Military Forces of Israel (2022-)", "assoc_actor_1": null, "inter1": 8, "actor2": "Civilians (Palestine)", "assoc_actor_2": "Refugees/IDPs (Palestine)", "inter2": 7, "interaction": 78, "civilian_targeting": "Civilian targeting", "iso": 275, "region": "Middle East", "country": "Palestine", "admin1": "Gaza Strip", "admin2": "Deir El Balah", "admin3": null, "location": "Al Burayj", "latitude": 31.4394, "longitude": 34.4031, "geo_precision": 1, "source": "Palestine News and Information Agency; Quds News Network", "source_scale": "National", "notes": "On 18 December 2023, Israeli airplanes struck a house in Al Burayj refugee camp (Deir El Balah, Gaza Strip), leaving an unspecified number of fatalities, coded as 3.", "fatalities": 3, "tags": null, "timestamp": 1753954979 }, "geometry": { "type": "Point", "coordinates": [ 34.4031, 31.4394 ] } },
{ "type": "Feature", "properties": { "event_id_cnty": "PSE43978", "event_date": "12/18/2023", "year": 2023, "time_precision": 1, "disorder_type": "Political violence", "event_type": "Explosions/Remote violence", "sub_event_type": "Shelling/artillery/missile attack", "actor1": "Military Forces of Israel (2022-)", "assoc_actor_1": null, "inter1": 8, "actor2": "Civilians (Palestine)", "assoc_actor_2": null, "inter2": 7, "interaction": 78, "civilian_targeting": "Civilian targeting", "iso": 275, "region": "Middle East", "country": "Palestine", "admin1": "Gaza Strip", "admin2": "Gaza City", "admin3": null, "location": "Gaza - Ad Darraj", "latitude": 31.5172, "longitude": 34.4642, "geo_precision": 1, "source": "Liveuamap; Newpress; Palestine News and Information Agency; Quds News Network; Twitter", "source_scale": "Local partner-New media", "notes": "On 18 December 2023, Israeli artillery shelled Al Sahabah area of Gaza - Ad Darraj (Gaza City, Gaza Strip), leaving an unspecified number of fatalities and dozens of injuries among Palestinians, coded as 3.", "fatalities": 3, "tags": null, "timestamp": 1759789988 }, "geometry": { "type": "Point", "coordinates": [ 34.4642, 31.5172 ] } },
{ "type": "Feature", "properties": { "event_id_cnty": "PSE43698", "event_date": "12/18/2023", "year": 2023, "time_precision": 1, "disorder_type": "Political violence", "event_type": "Explosions/Remote violence", "sub_event_type": "Air/drone strike", "actor1": "Military Forces of Israel (2022-)", "assoc_actor_1": null, "inter1": 8, "actor2": "Civilians (Palestine)", "assoc_actor_2": "Labor Group (Palestine); Refugees/IDPs (Palestine)", "inter2": 7, "interaction": 78, "civilian_targeting": "Civilian targeting", "iso": 275, "region": "Middle East", "country": "Palestine", "admin1": "Gaza Strip", "admin2": "North Gaza", "admin3": null, "location": "Jabalya Camp", "latitude": 31.536, "longitude": 34.4907, "geo_precision": 1, "source": "Newpress; Twitter", "source_scale": "New media-National", "notes": "On 18 December 2023, Israeli warplanes struck targets near the Yemen Said Hospital in Mukhayyam Jabalya camp (North Gaza, Gaza Strip), injuring 3 members of the civil defence.", "fatalities": 0, "tags": null, "timestamp": 1753954979 }, "geometry": { "type": "Point", "coordinates": [ 34.4907, 31.536 ] } },
{ "type": "Feature", "properties": { "event_id_cnty": "PSE43979", "event_date": "12/18/2023", "year": 2023, "time_precision": 1, "disorder_type": "Political violence", "event_type": "Explosions/Remote violence", "sub_event_type": "Air/drone strike", "actor1": "Military Forces of Israel (2022-)", "assoc_actor_1": null, "inter1": 8, "actor2": "Civilians (Palestine)", "assoc_actor_2": null, "inter2": 7, "interaction": 78, "civilian_targeting": "Civilian targeting", "iso": 275, "region": "Middle East", "country": "Palestine", "admin1": "Gaza Strip", "admin2": "Gaza City", "admin3": null, "location": "Gaza - Shujaiyya", "latitude": 31.4988, "longitude": 34.4699, "geo_precision": 1, "source": "Palestine News and Information Agency; Quds News Network", "source_scale": "National", "notes": "On 18 December 2023, Israeli warplanes and artillery struck targets in Gaza - Shujaiyya (Gaza City, Gaza Strip). Casualties unknown.", "fatalities": 0, "tags": null, "timestamp": 1759789988 }, "geometry": { "type": "Point", "coordinates": [ 34.4699, 31.4988 ] } },
{ "type": "Feature", "properties": { "event_id_cnty": "PSE43708", "event_date": "12/18/2023", "year": 2023, "time_precision": 1, "disorder_type": "Political violence", "event_type": "Explosions/Remote violence", "sub_event_type": "Air/drone strike", "actor1": "Military Forces of Israel (2022-)", "assoc_actor_1": null, "inter1": 8, "actor2": "Civilians (Palestine)", "assoc_actor_2": "Refugees/IDPs (Palestine)", "inter2": 7, "interaction": 78, "civilian_targeting": "Civilian targeting", "iso": 275, "region": "Middle East", "country": "Palestine", "admin1": "Gaza Strip", "admin2": "Rafah", "admin3": null, "location": "Yibna", "latitude": 31.2842, "longitude": 34.2482, "geo_precision": 1, "source": "Quds News Network", "source_scale": "National", "notes": "On 18 December 2023, Israeli airplanes struck a house in Yibna refugee camp (Rafah, Gaza Strip), leaving an unspecified number of fatalities among Palestinians, coded as 3.", "fatalities": 3, "tags": null, "timestamp": 1753954979 }, "geometry": { "type": "Point", "coordinates": [ 34.2482, 31.2842 ] } },
{ "type": "Feature", "properties": { "event_id_cnty": "PSE43673", "event_date": "12/18/2023", "year": 2023, "time_precision": 1, "disorder_type": "Political violence", "event_type": "Explosions/Remote violence", "sub_event_type": "Air/drone strike", "actor1": "Military Forces of Israel (2022-)", "assoc_actor_1": null, "inter1": 8, "actor2": "Civilians (Palestine)", "assoc_actor_2": null, "inter2": 7, "interaction": 78, "civilian_targeting": "Civilian targeting", "iso": 275, "region": "Middle East", "country": "Palestine", "admin1": "Gaza Strip", "admin2": "North Gaza", "admin3": null, "location": "Jabalya", "latitude": 31.5272, "longitude": 34.4835, "geo_precision": 1, "source": "Liveuamap; Newpress; Palestine News and Information Agency; Quds News Network; Twitter", "source_scale": "Local partner-New media", "notes": "On 18 December 2023, the IDF killed at least 100 Palestinians, presumably by airstrikes and artillery shelling, in Jabalya town (North Gaza, Gaza Strip).", "fatalities": 100, "tags": null, "timestamp": 1759789988 }, "geometry": { "type": "Point", "coordinates": [ 34.4835, 31.5272 ] } },
{ "type": "Feature", "properties": { "event_id_cnty": "PSE43687", "event_date": "12/18/2023", "year": 2023, "time_precision": 1, "disorder_type": "Political violence", "event_type": "Explosions/Remote violence", "sub_event_type": "Air/drone strike", "actor1": "Military Forces of Israel (2022-)", "assoc_actor_1": null, "inter1": 8, "actor2": "Civilians (Palestine)", "assoc_actor_2": null, "inter2": 7, "interaction": 78, "civilian_targeting": "Civilian targeting", "iso": 275, "region": "Middle East", "country": "Palestine", "admin1": "Gaza Strip", "admin2": "Rafah", "admin3": null, "location": "Rafah", "latitude": 31.287, "longitude": 34.2595, "geo_precision": 1, "source": "Al Ghad (Jordan); Newpress; Palestine News and Information Agency; Quds News Network; Twitter", "source_scale": "New media-National", "notes": "On 18 December 2023, Israeli warplanes struck a house in Rafah city (Rafah, Gaza Strip), killing 4 Palestinians, including 3 children. Also, 8 Palestinians were killed in a separate airstrike on another house. Total fatalities were 12.", "fatalities": 12, "tags": null, "timestamp": 1762829569 }, "geometry": { "type": "Point", "coordinates": [ 34.2595, 31.287 ] } },
{ "type": "Feature", "properties": { "event_id_cnty": "PSE43723", "event_date": "12/19/2023", "year": 2023, "time_precision": 1, "disorder_type": "Political violence", "event_type": "Explosions/Remote violence", "sub_event_type": "Air/drone strike", "actor1": "Military Forces of Israel (2022-)", "assoc_actor_1": null, "inter1": 8, "actor2": "Civilians (Palestine)", "assoc_actor_2": null, "inter2": 7, "interaction": 78, "civilian_targeting": "Civilian targeting", "iso": 275, "region": "Middle East", "country": "Palestine", "admin1": "Gaza Strip", "admin2": "Gaza City", "admin3": null, "location": "Gaza - Shujaiyya", "latitude": 31.4988, "longitude": 34.4699, "geo_precision": 1, "source": "Palestine News and Information Agency; Quds News Network; Twitter", "source_scale": "New media-National", "notes": "On 19 December 2023, Israeli warplanes struck targets in Gaza - Shujaiyya (Gaza City, Gaza Strip). Meanwhile, the artillery struck targets in the area. Casualties unknown.", "fatalities": 0, "tags": null, "timestamp": 1759789988 }, "geometry": { "type": "Point", "coordinates": [ 34.4699, 31.4988 ] } },
{ "type": "Feature", "properties": { "event_id_cnty": "PSE43728", "event_date": "12/19/2023", "year": 2023, "time_precision": 1, "disorder_type": "Political violence", "event_type": "Explosions/Remote violence", "sub_event_type": "Air/drone strike", "actor1": "Military Forces of Israel (2022-)", "assoc_actor_1": null, "inter1": 8, "actor2": "Civilians (Palestine)", "assoc_actor_2": null, "inter2": 7, "interaction": 78, "civilian_targeting": "Civilian targeting", "iso": 275, "region": "Middle East", "country": "Palestine", "admin1": "Gaza Strip", "admin2": "Khan Yunis", "admin3": null, "location": "Bani Suheila", "latitude": 31.3424, "longitude": 34.325, "geo_precision": 1, "source": "Palestine News and Information Agency; Quds News Network; Twitter", "source_scale": "New media-National", "notes": "On 19 December 2023, Israeli warplanes and artillery struck Bani Suheila (Khan Yunis, Gaza Strip). Casualties unknown.", "fatalities": 0, "tags": null, "timestamp": 1753954979 }, "geometry": { "type": "Point", "coordinates": [ 34.325, 31.3424 ] } },
{ "type": "Feature", "properties": { "event_id_cnty": "PSE44004", "event_date": "12/19/2023", "year": 2023, "time_precision": 1, "disorder_type": "Political violence", "event_type": "Explosions/Remote violence", "sub_event_type": "Shelling/artillery/missile attack", "actor1": "Military Forces of Israel (2022-)", "assoc_actor_1": null, "inter1": 8, "actor2": "Civilians (Palestine)", "assoc_actor_2": null, "inter2": 7, "interaction": 78, "civilian_targeting": "Civilian targeting", "iso": 275, "region": "Middle East", "country": "Palestine", "admin1": "Gaza Strip", "admin2": "Gaza City", "admin3": null, "location": "Gaza - Sheikh Radwan", "latitude": 31.5349, "longitude": 34.4667, "geo_precision": 1, "source": "Palestine News and Information Agency; Quds News Network; Twitter", "source_scale": "New media-National", "notes": "On 19 December 2023, Israeli artillery shelled a house near Birket al-Shaikh in Gaza - Sheikh Radwan (Gaza City, Gaza Strip). Casualties unknown.", "fatalities": 0, "tags": null, "timestamp": 1759789988 }, "geometry": { "type": "Point", "coordinates": [ 34.4667, 31.5349 ] } },
{ "type": "Feature", "properties": { "event_id_cnty": "PSE43729", "event_date": "12/19/2023", "year": 2023, "time_precision": 1, "disorder_type": "Political violence", "event_type": "Explosions/Remote violence", "sub_event_type": "Air/drone strike", "actor1": "Military Forces of Israel (2022-)", "assoc_actor_1": null, "inter1": 8, "actor2": "Civilians (Palestine)", "assoc_actor_2": "Refugees/IDPs (Palestine)", "inter2": 7, "interaction": 78, "civilian_targeting": "Civilian targeting", "iso": 275, "region": "Middle East", "country": "Palestine", "admin1": "Gaza Strip", "admin2": "Deir El Balah", "admin3": null, "location": "An Nusayrat", "latitude": 31.4486, "longitude": 34.3925, "geo_precision": 1, "source": "Newpress; Palestine News and Information Agency; Quds News Network; Twitter", "source_scale": "New media-National", "notes": "On 19 December 2023, Israeli warplanes struck houses in An Nusayrat refugee camp (Deir El Balah, Gaza Strip), killing a Palestinian woman.", "fatalities": 1, "tags": null, "timestamp": 1753954979 }, "geometry": { "type": "Point", "coordinates": [ 34.3925, 31.4486 ] } },
{ "type": "Feature", "properties": { "event_id_cnty": "PSE43730", "event_date": "12/19/2023", "year": 2023, "time_precision": 1, "disorder_type": "Political violence", "event_type": "Explosions/Remote violence", "sub_event_type": "Air/drone strike", "actor1": "Military Forces of Israel (2022-)", "assoc_actor_1": null, "inter1": 8, "actor2": "Civilians (Palestine)", "assoc_actor_2": null, "inter2": 7, "interaction": 78, "civilian_targeting": "Civilian targeting", "iso": 275, "region": "Middle East", "country": "Palestine", "admin1": "Gaza Strip", "admin2": "Deir El Balah", "admin3": null, "location": "Deir al Balah", "latitude": 31.4178, "longitude": 34.3503, "geo_precision": 1, "source": "Liveuamap; Newpress; Palestine News and Information Agency; Quds News Network; Twitter", "source_scale": "Local partner-New media", "notes": "On 19 December 2023, Israeli warplanes struck a house in Deir al Balah (Deir El Balah, Gaza Strip), killing 13 Palestinian and injuring several persons.", "fatalities": 13, "tags": null, "timestamp": 1753954979 }, "geometry": { "type": "Point", "coordinates": [ 34.3503, 31.4178 ] } },
{ "type": "Feature", "properties": { "event_id_cnty": "PSE43740", "event_date": "12/19/2023", "year": 2023, "time_precision": 1, "disorder_type": "Political violence", "event_type": "Explosions/Remote violence", "sub_event_type": "Air/drone strike", "actor1": "Military Forces of Israel (2022-)", "assoc_actor_1": null, "inter1": 8, "actor2": "Civilians (Palestine)", "assoc_actor_2": "Refugees/IDPs (Palestine)", "inter2": 7, "interaction": 78, "civilian_targeting": "Civilian targeting", "iso": 275, "region": "Middle East", "country": "Palestine", "admin1": "Gaza Strip", "admin2": "Deir El Balah", "admin3": null, "location": "Al Burayj", "latitude": 31.4394, "longitude": 34.4031, "geo_precision": 1, "source": "Newpress; Twitter", "source_scale": "New media-National", "notes": "On 19 December 2023, Israeli warplanes struck a house in Al Burayj refugee camp (Deir El Balah, Gaza Strip), killing 2 Palestinian and injuring another 3.", "fatalities": 2, "tags": null, "timestamp": 1753954979 }, "geometry": { "type": "Point", "coordinates": [ 34.4031, 31.4394 ] } },
{ "type": "Feature", "properties": { "event_id_cnty": "PSE44005", "event_date": "12/19/2023", "year": 2023, "time_precision": 1, "disorder_type": "Political violence", "event_type": "Explosions/Remote violence", "sub_event_type": "Shelling/artillery/missile attack", "actor1": "Military Forces of Israel (2022-)", "assoc_actor_1": null, "inter1": 8, "actor2": "Civilians (Palestine)", "assoc_actor_2": "Refugees/IDPs (Palestine)", "inter2": 7, "interaction": 78, "civilian_targeting": "Civilian targeting", "iso": 275, "region": "Middle East", "country": "Palestine", "admin1": "Gaza Strip", "admin2": "Deir El Balah", "admin3": null, "location": "Al Maghazi", "latitude": 31.4214, "longitude": 34.3865, "geo_precision": 1, "source": "Quds News Network; Twitter", "source_scale": "New media-National", "notes": "On 19 December 2023, Israeli artillery shelled the eastern part of Al Maghazi refugee camp (Deir El Balah, Gaza Strip). 2 Palestinians were killed.", "fatalities": 2, "tags": null, "timestamp": 1753954979 }, "geometry": { "type": "Point", "coordinates": [ 34.3865, 31.4214 ] } },
{ "type": "Feature", "properties": { "event_id_cnty": "PSE43720", "event_date": "12/19/2023", "year": 2023, "time_precision": 1, "disorder_type": "Political violence", "event_type": "Explosions/Remote violence", "sub_event_type": "Air/drone strike", "actor1": "Military Forces of Israel (2022-)", "assoc_actor_1": null, "inter1": 8, "actor2": "Civilians (Palestine)", "assoc_actor_2": null, "inter2": 7, "interaction": 78, "civilian_targeting": "Civilian targeting", "iso": 275, "region": "Middle East", "country": "Palestine", "admin1": "Gaza Strip", "admin2": "Khan Yunis", "admin3": null, "location": "Bani Suheila", "latitude": 31.3424, "longitude": 34.325, "geo_precision": 2, "source": "Palestine News and Information Agency", "source_scale": "National", "notes": "On 19 December 2023, Israeli warplanes struck targets east of Khan Yunis (coded to Bani Suheila) (Khan Yunis, Gaza Strip), leaving an unspecified number of fatalities and injuries among Palestinians, coded as 3.", "fatalities": 3, "tags": null, "timestamp": 1753954979 }, "geometry": { "type": "Point", "coordinates": [ 34.325, 31.3424 ] } },
{ "type": "Feature", "properties": { "event_id_cnty": "PSE43721", "event_date": "12/19/2023", "year": 2023, "time_precision": 1, "disorder_type": "Political violence", "event_type": "Explosions/Remote violence", "sub_event_type": "Air/drone strike", "actor1": "Military Forces of Israel (2022-)", "assoc_actor_1": null, "inter1": 8, "actor2": "Civilians (Palestine)", "assoc_actor_2": null, "inter2": 7, "interaction": 78, "civilian_targeting": "Civilian targeting", "iso": 275, "region": "Middle East", "country": "Palestine", "admin1": "Gaza Strip", "admin2": "Khan Yunis", "admin3": null, "location": "Khan Yunis - Al Kateebeh", "latitude": 31.3642, "longitude": 34.3085, "geo_precision": 2, "source": "Palestine News and Information Agency", "source_scale": "National", "notes": "On 19 December 2023, Israeli warplanes struck targets north of Khan Yunis (coded to Khan Yunis - Al Kateebeh) (Khan Yunis, Gaza Strip), leaving an unspecified number of fatalities and injuries among Palestinians, coded as 3.", "fatalities": 3, "tags": null, "timestamp": 1767742780 }, "geometry": { "type": "Point", "coordinates": [ 34.3085, 31.3642 ] } },
{ "type": "Feature", "properties": { "event_id_cnty": "PSE43727", "event_date": "12/19/2023", "year": 2023, "time_precision": 1, "disorder_type": "Political violence", "event_type": "Explosions/Remote violence", "sub_event_type": "Air/drone strike", "actor1": "Military Forces of Israel (2022-)", "assoc_actor_1": null, "inter1": 8, "actor2": "Civilians (Palestine)", "assoc_actor_2": "Refugees/IDPs (Palestine)", "inter2": 7, "interaction": 78, "civilian_targeting": "Civilian targeting", "iso": 275, "region": "Middle East", "country": "Palestine", "admin1": "Gaza Strip", "admin2": "Khan Yunis", "admin3": null, "location": "Khan Yunis - West (Municipal Stadium)", "latitude": 31.3484, "longitude": 34.2961, "geo_precision": 2, "source": "Newpress; Palestine News and Information Agency; Quds News Network; Twitter", "source_scale": "New media-National", "notes": "On 19 December 2023, Israeli warplanes and UAVs opened fire and struck a school hosting displaced people in Khan Yunis refugee camp, west of Khan Yunis (coded to Khan Yunis - West (Municipal Stadium)) (Gaza Strip), leaving an unspecified number of fatalities, coded as 3. Also, 15 Palestinians were killed and dozens injured in an airstrike on the Hamdan house west of Khan Yunis. Total fatalities coded as 18.", "fatalities": 3, "tags": null, "timestamp": 1753954979 }, "geometry": { "type": "Point", "coordinates": [ 34.2961, 31.3484 ] } },
{ "type": "Feature", "properties": { "event_id_cnty": "PSE43726", "event_date": "12/19/2023", "year": 2023, "time_precision": 1, "disorder_type": "Political violence", "event_type": "Explosions/Remote violence", "sub_event_type": "Air/drone strike", "actor1": "Military Forces of Israel (2022-)", "assoc_actor_1": null, "inter1": 8, "actor2": "Civilians (Palestine)", "assoc_actor_2": "Refugees/IDPs (Palestine)", "inter2": 7, "interaction": 78, "civilian_targeting": "Civilian targeting", "iso": 275, "region": "Middle East", "country": "Palestine", "admin1": "Gaza Strip", "admin2": "North Gaza", "admin3": null, "location": "Jabalya Camp", "latitude": 31.536, "longitude": 34.4907, "geo_precision": 1, "source": "Liveuamap; Newpress; Palestine News and Information Agency; Quds News Network; Twitter", "source_scale": "Local partner-New media", "notes": "On 19 December 2023,Israeli warplanes struck targets in Jabalya town and Mukhayyam Jabalya camp (North Gaza, Gaza Strip), injuring a number of Palestinians and killing 27 persons in Jabalya and its refugee camp. Fatalities split across 2 events. Also, the artillery shelled targets in the camp's area.", "fatalities": 13, "tags": null, "timestamp": 1753954979 }, "geometry": { "type": "Point", "coordinates": [ 34.4907, 31.536 ] } },
{ "type": "Feature", "properties": { "event_id_cnty": "PSE43724", "event_date": "12/19/2023", "year": 2023, "time_precision": 1, "disorder_type": "Political violence", "event_type": "Explosions/Remote violence", "sub_event_type": "Air/drone strike", "actor1": "Military Forces of Israel (2022-)", "assoc_actor_1": null, "inter1": 8, "actor2": "Civilians (Palestine)", "assoc_actor_2": null, "inter2": 7, "interaction": 78, "civilian_targeting": "Civilian targeting", "iso": 275, "region": "Middle East", "country": "Palestine", "admin1": "Gaza Strip", "admin2": "Gaza City", "admin3": null, "location": "Gaza - Sabra", "latitude": 31.5086, "longitude": 34.4493, "geo_precision": 1, "source": "Newpress; Palestine News and Information Agency; Quds News Network", "source_scale": "National", "notes": "On 19 December 2023, Israeli warplanes struck targets in Al Mughrabi street in Gaza - Sabra (Gaza City, Gaza Strip), leaving an unspecified number of fatalities and injuries among Palestinians. [On 20 December 2023, 70 bodies were recovered from under the rubble in Sabra. These fatalities were split across 3 events, 23 fatalities were coded to this event].", "fatalities": 23, "tags": null, "timestamp": 1759789988 }, "geometry": { "type": "Point", "coordinates": [ 34.4493, 31.5086 ] } },
{ "type": "Feature", "properties": { "event_id_cnty": "PSE43722", "event_date": "12/19/2023", "year": 2023, "time_precision": 1, "disorder_type": "Political violence", "event_type": "Explosions/Remote violence", "sub_event_type": "Air/drone strike", "actor1": "Military Forces of Israel (2022-)", "assoc_actor_1": null, "inter1": 8, "actor2": "Civilians (Palestine)", "assoc_actor_2": null, "inter2": 7, "interaction": 78, "civilian_targeting": "Civilian targeting", "iso": 275, "region": "Middle East", "country": "Palestine", "admin1": "Gaza Strip", "admin2": "Gaza City", "admin3": null, "location": "Gaza - Southern Remal", "latitude": 31.5168, "longitude": 34.4355, "geo_precision": 1, "source": "Palestine News and Information Agency; Quds News Network; Twitter", "source_scale": "New media-National", "notes": "On 19 December 2023, Israeli warplanes struck 2 residential towers in Gaza - Southern Remal (Gaza City, Gaza Strip) killing at least 50 Palestinians and injuring another 12, meanwhile, rescue teams are attempting to recover the bodies from rubble.", "fatalities": 50, "tags": null, "timestamp": 1759789988 }, "geometry": { "type": "Point", "coordinates": [ 34.4355, 31.5168 ] } },
{ "type": "Feature", "properties": { "event_id_cnty": "PSE43713", "event_date": "12/19/2023", "year": 2023, "time_precision": 1, "disorder_type": "Political violence", "event_type": "Explosions/Remote violence", "sub_event_type": "Air/drone strike", "actor1": "Military Forces of Israel (2022-)", "assoc_actor_1": null, "inter1": 8, "actor2": "Civilians (Palestine)", "assoc_actor_2": null, "inter2": 7, "interaction": 78, "civilian_targeting": "Civilian targeting", "iso": 275, "region": "Middle East", "country": "Palestine", "admin1": "Gaza Strip", "admin2": "Rafah", "admin3": null, "location": "Yibna", "latitude": 31.2842, "longitude": 34.2482, "geo_precision": 2, "source": "Newpress; PLO Negotiations Affairs Department; Twitter", "source_scale": "Other-New media", "notes": "On 19 December 2023, Israeli warplanes struck houses and killed an unspecified number of Palestinians east of Rafah (coded to Yibna, Gaza Strip). Meanwhile artillery and tanks shelled targets in the area. Unspecified number of fatalities coded as 3.", "fatalities": 3, "tags": null, "timestamp": 1753954979 }, "geometry": { "type": "Point", "coordinates": [ 34.2482, 31.2842 ] } },
{ "type": "Feature", "properties": { "event_id_cnty": "PSE43725", "event_date": "12/19/2023", "year": 2023, "time_precision": 1, "disorder_type": "Political violence", "event_type": "Explosions/Remote violence", "sub_event_type": "Air/drone strike", "actor1": "Military Forces of Israel (2022-)", "assoc_actor_1": null, "inter1": 8, "actor2": "Civilians (Palestine)", "assoc_actor_2": null, "inter2": 7, "interaction": 78, "civilian_targeting": "Civilian targeting", "iso": 275, "region": "Middle East", "country": "Palestine", "admin1": "Gaza Strip", "admin2": "North Gaza", "admin3": null, "location": "Jabalya", "latitude": 31.5272, "longitude": 34.4835, "geo_precision": 1, "source": "Newpress; Palestine News and Information Agency; Twitter", "source_scale": "New media-National", "notes": "On 19 December 2023, Israeli warplanes struck targets in Jabalya town (North Gaza, Gaza Strip), injuring a number of Palestinians and killing 27 persons in Jabalya and its refugee camp. Fatalities split across 2 events.", "fatalities": 14, "tags": null, "timestamp": 1759789988 }, "geometry": { "type": "Point", "coordinates": [ 34.4835, 31.5272 ] } },
{ "type": "Feature", "properties": { "event_id_cnty": "PSE67503", "event_date": "12/19/2023", "year": 2023, "time_precision": 1, "disorder_type": "Political violence", "event_type": "Violence against civilians", "sub_event_type": "Attack", "actor1": "Military Forces of Israel (2022-)", "assoc_actor_1": null, "inter1": 8, "actor2": "Civilians (Palestine)", "assoc_actor_2": null, "inter2": 7, "interaction": 78, "civilian_targeting": "Civilian targeting", "iso": 275, "region": "Middle East", "country": "Palestine", "admin1": "Gaza Strip", "admin2": "Gaza City", "admin3": null, "location": "Gaza - Southern Remal", "latitude": 31.5168, "longitude": 34.4355, "geo_precision": 1, "source": "Palestine News and Information Agency; Quds News Network; Twitter; UN HRC", "source_scale": "Other-New media", "notes": "On 19 December 2023, Israeli soldiers summarily executed at least 11 Palestinians via firearms near Al Jalaa Street in Gaza - Southern Remal (Gaza City, Gaza Strip). Some other sources reported fatalities as 13.", "fatalities": 11, "tags": null, "timestamp": 1759790002 }, "geometry": { "type": "Point", "coordinates": [ 34.4355, 31.5168 ] } },
{ "type": "Feature", "properties": { "event_id_cnty": "PSE43719", "event_date": "12/19/2023", "year": 2023, "time_precision": 1, "disorder_type": "Political violence", "event_type": "Explosions/Remote violence", "sub_event_type": "Air/drone strike", "actor1": "Military Forces of Israel (2022-)", "assoc_actor_1": null, "inter1": 8, "actor2": "Civilians (Palestine)", "assoc_actor_2": "Journalists (Palestine)", "inter2": 7, "interaction": 78, "civilian_targeting": "Civilian targeting", "iso": 275, "region": "Middle East", "country": "Palestine", "admin1": "Gaza Strip", "admin2": "Rafah", "admin3": null, "location": "Rafah", "latitude": 31.287, "longitude": 34.2595, "geo_precision": 1, "source": "Amnesty International; Newpress; Palestine News and Information Agency; Quds News Network; Twitter", "source_scale": "Other-New media", "notes": "On 19 December 2023, Israeli warplanes struck a house in Rafah (Rafah, Gaza Strip), killing 22 people, including 11 children and a journalist.", "fatalities": 22, "tags": null, "timestamp": 1762829569 }, "geometry": { "type": "Point", "coordinates": [ 34.2595, 31.287 ] } },
{ "type": "Feature", "properties": { "event_id_cnty": "PSE43762", "event_date": "12/20/2023", "year": 2023, "time_precision": 1, "disorder_type": "Political violence", "event_type": "Explosions/Remote violence", "sub_event_type": "Air/drone strike", "actor1": "Military Forces of Israel (2022-)", "assoc_actor_1": null, "inter1": 8, "actor2": "Civilians (Palestine)", "assoc_actor_2": "Refugees/IDPs (Palestine)", "inter2": 7, "interaction": 78, "civilian_targeting": "Civilian targeting", "iso": 275, "region": "Middle East", "country": "Palestine", "admin1": "Gaza Strip", "admin2": "Khan Yunis", "admin3": null, "location": "Khan Yunis - Al Amal", "latitude": 31.3544, "longitude": 34.3007, "geo_precision": 2, "source": "Liveuamap; Newpress; Palestine News and Information Agency; Quds News Network; Twitter", "source_scale": "Local partner-New media", "notes": "On 20 December 2023, Israeli warplanes struck house in the Japanese neighborhood, west of Khan Yunis - Al Amal (Khan Yunis, Gaza Strip), killing a child and injuring several Palestinians. Also, warplanes struck the headquarters of the PRCS, injuring 12 of displaced people.", "fatalities": 1, "tags": null, "timestamp": 1753954979 }, "geometry": { "type": "Point", "coordinates": [ 34.3007, 31.3544 ] } },
{ "type": "Feature", "properties": { "event_id_cnty": "PSE43764", "event_date": "12/20/2023", "year": 2023, "time_precision": 1, "disorder_type": "Political violence", "event_type": "Explosions/Remote violence", "sub_event_type": "Air/drone strike", "actor1": "Military Forces of Israel (2022-)", "assoc_actor_1": null, "inter1": 8, "actor2": "Civilians (Palestine)", "assoc_actor_2": "Refugees/IDPs (Palestine)", "inter2": 7, "interaction": 78, "civilian_targeting": "Civilian targeting", "iso": 275, "region": "Middle East", "country": "Palestine", "admin1": "Gaza Strip", "admin2": "Khan Yunis", "admin3": null, "location": "Khan Yunis - West (Municipal Stadium)", "latitude": 31.3484, "longitude": 34.2961, "geo_precision": 2, "source": "Liveuamap; Palestine News and Information Agency; Quds News Network; Twitter", "source_scale": "Local partner-New media", "notes": "On 20 December 2023, Israeli warplanes carried out airstrikes in the vicinity of the Jordanian field hospital west of Khan Yunis city (coded to Khan Yunis - West (Municipal Stadium)) (Gaza Strip). As a result, 4 Palestinians were killed, including children. Additionally, 2 Palestinians were killed in airstrikes on a house in Khan Yunis refugee camp, west of Khan Yunis. Total confirmed fatalities were 6.", "fatalities": 6, "tags": null, "timestamp": 1753954979 }, "geometry": { "type": "Point", "coordinates": [ 34.2961, 31.3484 ] } },
{ "type": "Feature", "properties": { "event_id_cnty": "PSE43767", "event_date": "12/20/2023", "year": 2023, "time_precision": 1, "disorder_type": "Political violence", "event_type": "Explosions/Remote violence", "sub_event_type": "Air/drone strike", "actor1": "Military Forces of Israel (2022-)", "assoc_actor_1": null, "inter1": 8, "actor2": "Civilians (Palestine)", "assoc_actor_2": null, "inter2": 7, "interaction": 78, "civilian_targeting": "Civilian targeting", "iso": 275, "region": "Middle East", "country": "Palestine", "admin1": "Gaza Strip", "admin2": "Khan Yunis", "admin3": null, "location": "Khan Yunis", "latitude": 31.3502, "longitude": 34.3081, "geo_precision": 1, "source": "Ma'an News Agency; Palestine News and Information Agency", "source_scale": "National", "notes": "On 20 December 2023, Israeli warplanes carried out airstrikes in Khan Yunis city (Khan Yunis, Gaza Strip). Casualties unknown.", "fatalities": 0, "tags": null, "timestamp": 1753954979 }, "geometry": { "type": "Point", "coordinates": [ 34.3081, 31.3502 ] } },
{ "type": "Feature", "properties": { "event_id_cnty": "PSE43769", "event_date": "12/20/2023", "year": 2023, "time_precision": 1, "disorder_type": "Political violence", "event_type": "Explosions/Remote violence", "sub_event_type": "Air/drone strike", "actor1": "Military Forces of Israel (2022-)", "assoc_actor_1": null, "inter1": 8, "actor2": "Civilians (Palestine)", "assoc_actor_2": "Refugees/IDPs (Palestine)", "inter2": 7, "interaction": 78, "civilian_targeting": "Civilian targeting", "iso": 275, "region": "Middle East", "country": "Palestine", "admin1": "Gaza Strip", "admin2": "Khan Yunis", "admin3": null, "location": "Al Fukhari", "latitude": 31.2952, "longitude": 34.3332, "geo_precision": 1, "source": "Newpress; Palestine News and Information Agency; Quds News Network; Twitter", "source_scale": "New media-National", "notes": "On 20 December 2023, Israeli warplanes struck several houses and farmlands near the European hospital in Al Fukhari (Khan Yunis, Gaza Strip), killing at least 24 Palestinians, including displaced people, and several of others were injured.", "fatalities": 24, "tags": null, "timestamp": 1753954979 }, "geometry": { "type": "Point", "coordinates": [ 34.3332, 31.2952 ] } },
{ "type": "Feature", "properties": { "event_id_cnty": "PSE43781", "event_date": "12/20/2023", "year": 2023, "time_precision": 1, "disorder_type": "Political violence", "event_type": "Explosions/Remote violence", "sub_event_type": "Air/drone strike", "actor1": "Military Forces of Israel (2022-)", "assoc_actor_1": null, "inter1": 8, "actor2": "Civilians (Palestine)", "assoc_actor_2": null, "inter2": 7, "interaction": 78, "civilian_targeting": "Civilian targeting", "iso": 275, "region": "Middle East", "country": "Palestine", "admin1": "Gaza Strip", "admin2": "Deir El Balah", "admin3": null, "location": "Al Maghazi", "latitude": 31.4214, "longitude": 34.3865, "geo_precision": 2, "source": "Newpress; Quds News Network; Twitter", "source_scale": "New media-National", "notes": "On 20 December 2023, Israeli warplanes struck a house and an agricultural land north of Al Maghazi refugee camp (Deir El Balah, Gaza Strip). Casualties unknown.", "fatalities": 0, "tags": null, "timestamp": 1753954979 }, "geometry": { "type": "Point", "coordinates": [ 34.3865, 31.4214 ] } },
{ "type": "Feature", "properties": { "event_id_cnty": "PSE43765", "event_date": "12/20/2023", "year": 2023, "time_precision": 1, "disorder_type": "Political violence", "event_type": "Explosions/Remote violence", "sub_event_type": "Air/drone strike", "actor1": "Military Forces of Israel (2022-)", "assoc_actor_1": null, "inter1": 8, "actor2": "Civilians (Palestine)", "assoc_actor_2": "Refugees/IDPs (Palestine)", "inter2": 7, "interaction": 78, "civilian_targeting": "Civilian targeting", "iso": 275, "region": "Middle East", "country": "Palestine", "admin1": "Gaza Strip", "admin2": "Gaza City", "admin3": null, "location": "Gaza - Sabra", "latitude": 31.5086, "longitude": 34.4493, "geo_precision": 1, "source": "Newpress; Palestine News and Information Agency; Quds News Network; Twitter", "source_scale": "New media-National", "notes": "On 20 December 2023, Israeli warplanes struck the Al Mustaqbal School hosting displaced people in Gaza - Sabra (Gaza City, Gaza Strip), leaving an unspecified number of fatalities and dozens of injuries among Palestinians, coded as 3.", "fatalities": 3, "tags": null, "timestamp": 1759789988 }, "geometry": { "type": "Point", "coordinates": [ 34.4493, 31.5086 ] } },
{ "type": "Feature", "properties": { "event_id_cnty": "PSE43766", "event_date": "12/20/2023", "year": 2023, "time_precision": 1, "disorder_type": "Political violence", "event_type": "Explosions/Remote violence", "sub_event_type": "Air/drone strike", "actor1": "Military Forces of Israel (2022-)", "assoc_actor_1": null, "inter1": 8, "actor2": "Civilians (Palestine)", "assoc_actor_2": null, "inter2": 7, "interaction": 78, "civilian_targeting": "Civilian targeting", "iso": 275, "region": "Middle East", "country": "Palestine", "admin1": "Gaza Strip", "admin2": "Deir El Balah", "admin3": null, "location": "Deir al Balah", "latitude": 31.4178, "longitude": 34.3503, "geo_precision": 1, "source": "Palestine News and Information Agency; Quds News Network; Twitter", "source_scale": "New media-National", "notes": "On 20 December 2023, Israeli warplanes struck a house in the vicinity of Al Aqsa Hospital in Deir al Balah (Deir El Balah, Gaza Strip), leaving an unspecified number of fatalities., coded as 3.", "fatalities": 3, "tags": null, "timestamp": 1753954979 }, "geometry": { "type": "Point", "coordinates": [ 34.3503, 31.4178 ] } },
{ "type": "Feature", "properties": { "event_id_cnty": "PSE43609", "event_date": "12/20/2023", "year": 2023, "time_precision": 1, "disorder_type": "Political violence", "event_type": "Violence against civilians", "sub_event_type": "Attack", "actor1": "Military Forces of Israel (2022-)", "assoc_actor_1": null, "inter1": 8, "actor2": "Civilians (Palestine)", "assoc_actor_2": null, "inter2": 7, "interaction": 78, "civilian_targeting": "Civilian targeting", "iso": 275, "region": "Middle East", "country": "Palestine", "admin1": "Gaza Strip", "admin2": "Gaza City", "admin3": null, "location": "Al Mughraqa", "latitude": 31.4675, "longitude": 34.4097, "geo_precision": 1, "source": "Quds News Network; Twitter", "source_scale": "New media-National", "notes": "On 20 December 2023, Israeli military forces shot dead 2 Palestinians in Al Mughraqa (Gaza City, Gaza Strip).", "fatalities": 2, "tags": null, "timestamp": 1753954979 }, "geometry": { "type": "Point", "coordinates": [ 34.4097, 31.4675 ] } },
{ "type": "Feature", "properties": { "event_id_cnty": "PSE43761", "event_date": "12/20/2023", "year": 2023, "time_precision": 1, "disorder_type": "Political violence", "event_type": "Explosions/Remote violence", "sub_event_type": "Air/drone strike", "actor1": "Military Forces of Israel (2022-)", "assoc_actor_1": null, "inter1": 8, "actor2": "Civilians (Palestine)", "assoc_actor_2": null, "inter2": 7, "interaction": 78, "civilian_targeting": "Civilian targeting", "iso": 275, "region": "Middle East", "country": "Palestine", "admin1": "Gaza Strip", "admin2": "North Gaza", "admin3": null, "location": "Jabalya", "latitude": 31.5272, "longitude": 34.4835, "geo_precision": 1, "source": "Liveuamap; Newpress; Palestine News and Information Agency; Quds News Network; Twitter", "source_scale": "Local partner-New media", "notes": "On 20 December 2023, Israeli warplanes carried out airstrikes and fired white phosphorus bombs in Jabalya town (North Gaza, Gaza Strip), killing and injuring dozens of Palestinians, coded as 3. Also, the artillery struck targets in the area.", "fatalities": 3, "tags": null, "timestamp": 1759789988 }, "geometry": { "type": "Point", "coordinates": [ 34.4835, 31.5272 ] } },
{ "type": "Feature", "properties": { "event_id_cnty": "PSE43763", "event_date": "12/20/2023", "year": 2023, "time_precision": 1, "disorder_type": "Political violence", "event_type": "Explosions/Remote violence", "sub_event_type": "Air/drone strike", "actor1": "Military Forces of Israel (2022-)", "assoc_actor_1": null, "inter1": 8, "actor2": "Civilians (Palestine)", "assoc_actor_2": "Refugees/IDPs (Palestine)", "inter2": 7, "interaction": 78, "civilian_targeting": "Civilian targeting", "iso": 275, "region": "Middle East", "country": "Palestine", "admin1": "Gaza Strip", "admin2": "Rafah", "admin3": null, "location": "Rafah Camp", "latitude": 31.2847, "longitude": 34.2546, "geo_precision": 1, "source": "Liveuamap; Palestine News and Information Agency", "source_scale": "Local partner-New media", "notes": "On 20 December 2023, Israeli warplanes struck a house in Al Shaboura refugee camp in Mukhayyam Rafah camp (Rafah, Gaza Strip), leaving an unspecified number of fatalities and injuries among Palestinians, coded as 3.", "fatalities": 3, "tags": null, "timestamp": 1753954979 }, "geometry": { "type": "Point", "coordinates": [ 34.2546, 31.2847 ] } },
{ "type": "Feature", "properties": { "event_id_cnty": "PSE43768", "event_date": "12/20/2023", "year": 2023, "time_precision": 1, "disorder_type": "Political violence", "event_type": "Explosions/Remote violence", "sub_event_type": "Air/drone strike", "actor1": "Military Forces of Israel (2022-)", "assoc_actor_1": null, "inter1": 8, "actor2": "Civilians (Palestine)", "assoc_actor_2": "Journalists (Palestine); Muslim Group (Palestine)", "inter2": 7, "interaction": 78, "civilian_targeting": "Civilian targeting", "iso": 275, "region": "Middle East", "country": "Palestine", "admin1": "Gaza Strip", "admin2": "Rafah", "admin3": null, "location": "Rafah", "latitude": 31.287, "longitude": 34.2595, "geo_precision": 1, "source": "Ma'an News Agency; Newpress; Palestine News and Information Agency; Quds News Network; Twitter", "source_scale": "New media-National", "notes": "On 20 December 2023, Israeli warplanes struck the Ali Bin Ali-Taleb mosque in Rafah city (Rafah, Gaza Strip), killing at least 10 persons. Also a number of journalists were injured in an airstrike near Al Kuwaiti Hospital. Total confirmed fatalities were at least 10.", "fatalities": 10, "tags": null, "timestamp": 1762829569 }, "geometry": { "type": "Point", "coordinates": [ 34.2595, 31.287 ] } },
{ "type": "Feature", "properties": { "event_id_cnty": "PSE43833", "event_date": "12/21/2023", "year": 2023, "time_precision": 1, "disorder_type": "Political violence", "event_type": "Explosions/Remote violence", "sub_event_type": "Air/drone strike", "actor1": "Military Forces of Israel (2022-)", "assoc_actor_1": null, "inter1": 8, "actor2": "Civilians (Palestine)", "assoc_actor_2": null, "inter2": 7, "interaction": 78, "civilian_targeting": "Civilian targeting", "iso": 275, "region": "Middle East", "country": "Palestine", "admin1": "Gaza Strip", "admin2": "Gaza City", "admin3": null, "location": "Gaza - Sheikh Radwan", "latitude": 31.5349, "longitude": 34.4667, "geo_precision": 1, "source": "Quds News Network; Twitter", "source_scale": "New media-National", "notes": "On 21 December 2023, Israeli warplanes struck several targets and a house near Berkat Sheikh Radwan in Gaza - Sheikh Radwan (Gaza City, Gaza Strip). Casualties unknown.", "fatalities": 0, "tags": null, "timestamp": 1759789988 }, "geometry": { "type": "Point", "coordinates": [ 34.4667, 31.5349 ] } },
{ "type": "Feature", "properties": { "event_id_cnty": "PSE44057", "event_date": "12/21/2023", "year": 2023, "time_precision": 1, "disorder_type": "Political violence", "event_type": "Explosions/Remote violence", "sub_event_type": "Shelling/artillery/missile attack", "actor1": "Military Forces of Israel (2022-)", "assoc_actor_1": null, "inter1": 8, "actor2": "Civilians (Palestine)", "assoc_actor_2": null, "inter2": 7, "interaction": 78, "civilian_targeting": "Civilian targeting", "iso": 275, "region": "Middle East", "country": "Palestine", "admin1": "Gaza Strip", "admin2": "Khan Yunis", "admin3": null, "location": "Khan Yunis - City Centre", "latitude": 31.3419, "longitude": 34.3015, "geo_precision": 1, "source": "Quds News Network; Twitter", "source_scale": "New media-National", "notes": "On 21 December 2023, Israeli artillery shelled the Khan Yunis - City Centre (Khan Yunis, Gaza Strip). As a result, a Palestinian was killed and another one was injured.", "fatalities": 1, "tags": null, "timestamp": 1753954979 }, "geometry": { "type": "Point", "coordinates": [ 34.3015, 31.3419 ] } },
{ "type": "Feature", "properties": { "event_id_cnty": "PSE43811", "event_date": "12/21/2023", "year": 2023, "time_precision": 1, "disorder_type": "Political violence", "event_type": "Explosions/Remote violence", "sub_event_type": "Air/drone strike", "actor1": "Military Forces of Israel (2022-)", "assoc_actor_1": null, "inter1": 8, "actor2": "Civilians (Palestine)", "assoc_actor_2": null, "inter2": 7, "interaction": 78, "civilian_targeting": "Civilian targeting", "iso": 275, "region": "Middle East", "country": "Palestine", "admin1": "Gaza Strip", "admin2": "Rafah", "admin3": null, "location": "Tal as Sultan", "latitude": 31.3098, "longitude": 34.2414, "geo_precision": 2, "source": "Arab 48; Liveuamap; Newpress; Palestine News and Information Agency; Quds News Network; Twitter", "source_scale": "Local partner-New media", "notes": "On 21 December 2023, Israeli warplanes struck targets near the Rafah Crossing on the border with Egypt south of Rafah (coded to Tal as Sultan, Gaza Strip). As a result, 2 Palestinians were killed. Meanwhile, Israeli warplanes also struck houses west of Rafah, killing 8 Palestinians and injuring several of others. Also, Israeli warplanes carried out airstrikes on the outskirts of Amna mosque northeast of Rafah, injuring an number of Palestinians. Total fatalities coded as 10.", "fatalities": 10, "tags": null, "timestamp": 1762829569 }, "geometry": { "type": "Point", "coordinates": [ 34.2414, 31.3098 ] } },
{ "type": "Feature", "properties": { "event_id_cnty": "PSE43812", "event_date": "12/21/2023", "year": 2023, "time_precision": 1, "disorder_type": "Political violence", "event_type": "Explosions/Remote violence", "sub_event_type": "Air/drone strike", "actor1": "Military Forces of Israel (2022-)", "assoc_actor_1": null, "inter1": 8, "actor2": "Civilians (Palestine)", "assoc_actor_2": "Police Forces of Palestine (2007-) Gaza Strip", "inter2": 7, "interaction": 78, "civilian_targeting": "Civilian targeting", "iso": 275, "region": "Middle East", "country": "Palestine", "admin1": "Gaza Strip", "admin2": "Khan Yunis", "admin3": null, "location": "Bani Suheila", "latitude": 31.3424, "longitude": 34.325, "geo_precision": 2, "source": "Newpress; Palestine News and Information Agency; Quds News Network; Twitter", "source_scale": "New media-National", "notes": "On 21 December 2023, Israeli warplanes struck a house east of Khan Yunis (coded to Bani Suheila) (Khan Yunis, Gaza Strip), killing 6 Palestinians, including the Hamas government's Police Director of Khan Yunis. Also, Israeli artillery struck targets, leaving an unspecified number of fatalities, coded as 3. Total fatalities coded as 9.", "fatalities": 9, "tags": null, "timestamp": 1753954979 }, "geometry": { "type": "Point", "coordinates": [ 34.325, 31.3424 ] } },
{ "type": "Feature", "properties": { "event_id_cnty": "PSE43830", "event_date": "12/21/2023", "year": 2023, "time_precision": 1, "disorder_type": "Political violence", "event_type": "Explosions/Remote violence", "sub_event_type": "Air/drone strike", "actor1": "Military Forces of Israel (2022-)", "assoc_actor_1": null, "inter1": 8, "actor2": "Civilians (Palestine)", "assoc_actor_2": null, "inter2": 7, "interaction": 78, "civilian_targeting": "Civilian targeting", "iso": 275, "region": "Middle East", "country": "Palestine", "admin1": "Gaza Strip", "admin2": "Deir El Balah", "admin3": null, "location": "An Nusayrat - North", "latitude": 31.4591, "longitude": 34.3923, "geo_precision": 1, "source": "Newpress; Twitter", "source_scale": "New media-National", "notes": "On 21 December 2023, Israeli warplanes carried out airstrikes on the central area of Wadi Gaza, north of An Nusayrat (An Nusayrat - North, Deir El Balah, Gaza Strip), killing and injuring an unspecified number of Palestinians, coded as 3.", "fatalities": 3, "tags": null, "timestamp": 1753954979 }, "geometry": { "type": "Point", "coordinates": [ 34.3923, 31.4591 ] } },
{ "type": "Feature", "properties": { "event_id_cnty": "PSE44056", "event_date": "12/21/2023", "year": 2023, "time_precision": 1, "disorder_type": "Political violence", "event_type": "Explosions/Remote violence", "sub_event_type": "Shelling/artillery/missile attack", "actor1": "Military Forces of Israel (2022-)", "assoc_actor_1": null, "inter1": 8, "actor2": "Civilians (Palestine)", "assoc_actor_2": null, "inter2": 7, "interaction": 78, "civilian_targeting": "Civilian targeting", "iso": 275, "region": "Middle East", "country": "Palestine", "admin1": "Gaza Strip", "admin2": "Khan Yunis", "admin3": null, "location": "Khan Yunis - Al Kateebeh", "latitude": 31.3642, "longitude": 34.3085, "geo_precision": 2, "source": "Palestine News and Information Agency", "source_scale": "National", "notes": "On 21 December 2023, Israeli artillery shelled targets north of Khan Yunis (coded to Khan Yunis - Al Kateebeh) (Khan Yunis, Gaza Strip), leaving an unspecified number of fatalities among Palestinians, coded as 3.", "fatalities": 3, "tags": null, "timestamp": 1767742780 }, "geometry": { "type": "Point", "coordinates": [ 34.3085, 31.3642 ] } },
{ "type": "Feature", "properties": { "event_id_cnty": "PSE43814", "event_date": "12/21/2023", "year": 2023, "time_precision": 1, "disorder_type": "Political violence", "event_type": "Explosions/Remote violence", "sub_event_type": "Shelling/artillery/missile attack", "actor1": "Military Forces of Israel (2022-)", "assoc_actor_1": null, "inter1": 8, "actor2": "Civilians (Palestine)", "assoc_actor_2": "Refugees/IDPs (Palestine)", "inter2": 7, "interaction": 78, "civilian_targeting": "Civilian targeting", "iso": 275, "region": "Middle East", "country": "Palestine", "admin1": "Gaza Strip", "admin2": "Deir El Balah", "admin3": null, "location": "An Nusayrat", "latitude": 31.4486, "longitude": 34.3925, "geo_precision": 1, "source": "Liveuamap; Newpress; Palestine News and Information Agency; Quds News Network; Twitter", "source_scale": "Local partner-New media", "notes": "On 21 December 2023, Israeli artillery struck houses in An Nusayrat refugee camp (Deir El Balah, Gaza Strip), killing 7 persons and injuring several of Palestinians.", "fatalities": 7, "tags": null, "timestamp": 1753954979 }, "geometry": { "type": "Point", "coordinates": [ 34.3925, 31.4486 ] } },
{ "type": "Feature", "properties": { "event_id_cnty": "PSE43815", "event_date": "12/21/2023", "year": 2023, "time_precision": 1, "disorder_type": "Political violence", "event_type": "Explosions/Remote violence", "sub_event_type": "Shelling/artillery/missile attack", "actor1": "Military Forces of Israel (2022-)", "assoc_actor_1": null, "inter1": 8, "actor2": "Civilians (Palestine)", "assoc_actor_2": "Refugees/IDPs (Palestine)", "inter2": 7, "interaction": 78, "civilian_targeting": "Civilian targeting", "iso": 275, "region": "Middle East", "country": "Palestine", "admin1": "Gaza Strip", "admin2": "North Gaza", "admin3": null, "location": "Jabalya Camp", "latitude": 31.536, "longitude": 34.4907, "geo_precision": 1, "source": "Newpress; Palestine News and Information Agency; Quds News Network; Twitter", "source_scale": "New media-National", "notes": "On 21 December 2023, Israeli artillery struck a house hosting displaced people in Mukhayyam Jabalya camp (North Gaza, Gaza Strip), killing a child and injuring several Palestinians.", "fatalities": 1, "tags": null, "timestamp": 1753954979 }, "geometry": { "type": "Point", "coordinates": [ 34.4907, 31.536 ] } },
{ "type": "Feature", "properties": { "event_id_cnty": "PSE43810", "event_date": "12/21/2023", "year": 2023, "time_precision": 1, "disorder_type": "Political violence", "event_type": "Explosions/Remote violence", "sub_event_type": "Air/drone strike", "actor1": "Military Forces of Israel (2022-)", "assoc_actor_1": null, "inter1": 8, "actor2": "Civilians (Palestine)", "assoc_actor_2": "Government of Palestine (2007-) Hamas Government in Gaza", "inter2": 7, "interaction": 78, "civilian_targeting": "Civilian targeting", "iso": 275, "region": "Middle East", "country": "Palestine", "admin1": "Gaza Strip", "admin2": "Rafah", "admin3": null, "location": "Yibna", "latitude": 31.2842, "longitude": 34.2482, "geo_precision": 2, "source": "Arab 48; Newpress; Palestine News and Information Agency; Quds News Network; Twitter", "source_scale": "New media-National", "notes": "On 21 December 2023, Israeli warplanes struck the Kerem Shalom border crossing southeast of Rafah (coded to Yibna, Gaza Strip). As a result, 4 Palestinians were killed, including the chief of the Kerem Shalom border crossing assigned by the Hamas Government.", "fatalities": 4, "tags": null, "timestamp": 1753954979 }, "geometry": { "type": "Point", "coordinates": [ 34.2482, 31.2842 ] } },
{ "type": "Feature", "properties": { "event_id_cnty": "PSE43806", "event_date": "12/21/2023", "year": 2023, "time_precision": 1, "disorder_type": "Political violence", "event_type": "Explosions/Remote violence", "sub_event_type": "Air/drone strike", "actor1": "Military Forces of Israel (2022-)", "assoc_actor_1": null, "inter1": 8, "actor2": "Civilians (Palestine)", "assoc_actor_2": null, "inter2": 7, "interaction": 78, "civilian_targeting": "Civilian targeting", "iso": 275, "region": "Middle East", "country": "Palestine", "admin1": "Gaza Strip", "admin2": "North Gaza", "admin3": null, "location": "Jabalya", "latitude": 31.5272, "longitude": 34.4835, "geo_precision": 1, "source": "Ma'an News Agency; Newpress; Palestine News and Information Agency; Quds News Network; Twitter", "source_scale": "New media-National", "notes": "On 21 December 2023, Israeli warplanes struck houses in Jabalya refugee camp (North Gaza, Gaza Strip), killing 9 Palestinians, including a women and her 5 daughters, and injuring dozens. Also, 18 Palestinians were killed and 50 were injured in Al Nazlah area of Jabalya in separate airstrikes. Total fatalities were 27.", "fatalities": 27, "tags": null, "timestamp": 1759789988 }, "geometry": { "type": "Point", "coordinates": [ 34.4835, 31.5272 ] } },
{ "type": "Feature", "properties": { "event_id_cnty": "PSE67504", "event_date": "12/21/2023", "year": 2023, "time_precision": 1, "disorder_type": "Political violence", "event_type": "Violence against civilians", "sub_event_type": "Attack", "actor1": "Military Forces of Israel (2022-)", "assoc_actor_1": null, "inter1": 8, "actor2": "Civilians (Palestine)", "assoc_actor_2": "Health Workers (Palestine)", "inter2": 7, "interaction": 78, "civilian_targeting": "Civilian targeting", "iso": 275, "region": "Middle East", "country": "Palestine", "admin1": "Gaza Strip", "admin2": "North Gaza", "admin3": null, "location": "Jabalya", "latitude": 31.5272, "longitude": 34.4835, "geo_precision": 1, "source": "UN HRC", "source_scale": "Other", "notes": "On 21 December 2023, Israeli soldiers shot and killed at least 3 health workers at Al Awda Hospital, in Jabalya, North Gaza.", "fatalities": 3, "tags": null, "timestamp": 1759790002 }, "geometry": { "type": "Point", "coordinates": [ 34.4835, 31.5272 ] } },
{ "type": "Feature", "properties": { "event_id_cnty": "PSE43837", "event_date": "12/21/2023", "year": 2023, "time_precision": 1, "disorder_type": "Political violence", "event_type": "Explosions/Remote violence", "sub_event_type": "Air/drone strike", "actor1": "Military Forces of Israel (2022-)", "assoc_actor_1": null, "inter1": 8, "actor2": "Civilians (Palestine)", "assoc_actor_2": null, "inter2": 7, "interaction": 78, "civilian_targeting": "Civilian targeting", "iso": 275, "region": "Middle East", "country": "Palestine", "admin1": "Gaza Strip", "admin2": "Khan Yunis", "admin3": null, "location": "Qizan an Najjar", "latitude": 31.323, "longitude": 34.2761, "geo_precision": 1, "source": "Quds News Network; Twitter", "source_scale": "New media-National", "notes": "On 21 December 2023, Israeli warplanes carried out airstrikes in Qizan an Najjar (Khan Yunis, Gaza Strip), causing injuries among Palestinians.", "fatalities": 0, "tags": null, "timestamp": 1753954979 }, "geometry": { "type": "Point", "coordinates": [ 34.2761, 31.323 ] } },
{ "type": "Feature", "properties": { "event_id_cnty": "PSE44055", "event_date": "12/21/2023", "year": 2023, "time_precision": 1, "disorder_type": "Political violence", "event_type": "Explosions/Remote violence", "sub_event_type": "Shelling/artillery/missile attack", "actor1": "Military Forces of Israel (2022-)", "assoc_actor_1": null, "inter1": 8, "actor2": "Civilians (Palestine)", "assoc_actor_2": null, "inter2": 7, "interaction": 78, "civilian_targeting": "Civilian targeting", "iso": 275, "region": "Middle East", "country": "Palestine", "admin1": "Gaza Strip", "admin2": "Rafah", "admin3": null, "location": "Rafah", "latitude": 31.287, "longitude": 34.2595, "geo_precision": 1, "source": "Palestine News and Information Agency", "source_scale": "National", "notes": "On 21 December 2023, Israeli gunboats shelled the city of Rafah (Rafah, Gaza Strip), leaving dozens of fatalities and several injuries among Palestinians. Fatalities coded as 12.", "fatalities": 12, "tags": null, "timestamp": 1762829569 }, "geometry": { "type": "Point", "coordinates": [ 34.2595, 31.287 ] } },
{ "type": "Feature", "properties": { "event_id_cnty": "PSE43849", "event_date": "12/22/2023", "year": 2023, "time_precision": 1, "disorder_type": "Political violence", "event_type": "Explosions/Remote violence", "sub_event_type": "Air/drone strike", "actor1": "Military Forces of Israel (2022-)", "assoc_actor_1": null, "inter1": 8, "actor2": "Civilians (Palestine)", "assoc_actor_2": null, "inter2": 7, "interaction": 78, "civilian_targeting": "Civilian targeting", "iso": 275, "region": "Middle East", "country": "Palestine", "admin1": "Gaza Strip", "admin2": "Khan Yunis", "admin3": null, "location": "Khan Yunis", "latitude": 31.3502, "longitude": 34.3081, "geo_precision": 1, "source": "Newpress; Palestine News and Information Agency; Twitter", "source_scale": "New media-National", "notes": "On 22 December 2023, Israeli warplanes struck and killed a Palestinian while riding a bicycle in Khan Yunis city (Khan Yunis, Gaza Strip).", "fatalities": 1, "tags": null, "timestamp": 1753954979 }, "geometry": { "type": "Point", "coordinates": [ 34.3081, 31.3502 ] } },
{ "type": "Feature", "properties": { "event_id_cnty": "PSE43853", "event_date": "12/22/2023", "year": 2023, "time_precision": 1, "disorder_type": "Political violence", "event_type": "Explosions/Remote violence", "sub_event_type": "Air/drone strike", "actor1": "Military Forces of Israel (2022-)", "assoc_actor_1": null, "inter1": 8, "actor2": "Civilians (Palestine)", "assoc_actor_2": null, "inter2": 7, "interaction": 78, "civilian_targeting": "Civilian targeting", "iso": 275, "region": "Middle East", "country": "Palestine", "admin1": "Gaza Strip", "admin2": "Khan Yunis", "admin3": null, "location": "Khan Yunis - West (Municipal Stadium)", "latitude": 31.3484, "longitude": 34.2961, "geo_precision": 2, "source": "Palestine News and Information Agency; Quds News Network", "source_scale": "National", "notes": "On 22 December 2023, Israeli warplanes struck a group of Palestinians near the Naser Hospital west of Khan Yunis (coded to Khan Yunis - West (Municipal Stadium)) (Gaza Strip), killing 28 persons and injuring several others.", "fatalities": 28, "tags": null, "timestamp": 1753954979 }, "geometry": { "type": "Point", "coordinates": [ 34.2961, 31.3484 ] } },
{ "type": "Feature", "properties": { "event_id_cnty": "PSE43854", "event_date": "12/22/2023", "year": 2023, "time_precision": 1, "disorder_type": "Political violence", "event_type": "Explosions/Remote violence", "sub_event_type": "Air/drone strike", "actor1": "Military Forces of Israel (2022-)", "assoc_actor_1": null, "inter1": 8, "actor2": "Civilians (Palestine)", "assoc_actor_2": null, "inter2": 7, "interaction": 78, "civilian_targeting": "Civilian targeting", "iso": 275, "region": "Middle East", "country": "Palestine", "admin1": "Gaza Strip", "admin2": "Khan Yunis", "admin3": null, "location": "Khan Yunis - City Centre", "latitude": 31.3419, "longitude": 34.3015, "geo_precision": 1, "source": "Palestine News and Information Agency; Quds News Network", "source_scale": "National", "notes": "On 22 December 2023, Israeli warplanes struck and killed 5 Palestinians in Khan Yunis - City Centre (Khan Yunis, Gaza Strip).", "fatalities": 5, "tags": null, "timestamp": 1753954979 }, "geometry": { "type": "Point", "coordinates": [ 34.3015, 31.3419 ] } },
{ "type": "Feature", "properties": { "event_id_cnty": "PSE43855", "event_date": "12/22/2023", "year": 2023, "time_precision": 1, "disorder_type": "Political violence", "event_type": "Explosions/Remote violence", "sub_event_type": "Air/drone strike", "actor1": "Military Forces of Israel (2022-)", "assoc_actor_1": null, "inter1": 8, "actor2": "Civilians (Palestine)", "assoc_actor_2": null, "inter2": 7, "interaction": 78, "civilian_targeting": "Civilian targeting", "iso": 275, "region": "Middle East", "country": "Palestine", "admin1": "Gaza Strip", "admin2": "Khan Yunis", "admin3": null, "location": "Abasan al Kabirah", "latitude": 31.3191, "longitude": 34.3401, "geo_precision": 1, "source": "Palestine News and Information Agency; Quds News Network", "source_scale": "National", "notes": "On 22 December 2023, Israeli warplanes struck and killed 2 Palestinians in Abasan al Kabirah (Khan Yunis, Gaza Strip).", "fatalities": 2, "tags": null, "timestamp": 1753954979 }, "geometry": { "type": "Point", "coordinates": [ 34.3401, 31.3191 ] } },
{ "type": "Feature", "properties": { "event_id_cnty": "PSE44094", "event_date": "12/22/2023", "year": 2023, "time_precision": 1, "disorder_type": "Political violence", "event_type": "Explosions/Remote violence", "sub_event_type": "Shelling/artillery/missile attack", "actor1": "Military Forces of Israel (2022-)", "assoc_actor_1": null, "inter1": 8, "actor2": "Civilians (Palestine)", "assoc_actor_2": null, "inter2": 7, "interaction": 78, "civilian_targeting": "Civilian targeting", "iso": 275, "region": "Middle East", "country": "Palestine", "admin1": "Gaza Strip", "admin2": "Khan Yunis", "admin3": null, "location": "Khan Yunis - Al Amal", "latitude": 31.3544, "longitude": 34.3007, "geo_precision": 1, "source": "Ma'an News Agency; Newpress; Palestine News and Information Agency; Quds News Network; Twitter", "source_scale": "New media-National", "notes": "On 22 December 2023, Israeli artillery struck an apartment near Al Amal Hospital in Khan Yunis - Al Amal (Khan Yunis, Gaza Strip), killing 4 Palestinians and injuring several of others.", "fatalities": 4, "tags": null, "timestamp": 1753954979 }, "geometry": { "type": "Point", "coordinates": [ 34.3007, 31.3544 ] } },
{ "type": "Feature", "properties": { "event_id_cnty": "PSE43856", "event_date": "12/22/2023", "year": 2023, "time_precision": 1, "disorder_type": "Political violence", "event_type": "Explosions/Remote violence", "sub_event_type": "Air/drone strike", "actor1": "Military Forces of Israel (2022-)", "assoc_actor_1": null, "inter1": 8, "actor2": "Civilians (Palestine)", "assoc_actor_2": "Journalists (Palestine); Refugees/IDPs (Palestine)", "inter2": 7, "interaction": 78, "civilian_targeting": "Civilian targeting", "iso": 275, "region": "Middle East", "country": "Palestine", "admin1": "Gaza Strip", "admin2": "Deir El Balah", "admin3": null, "location": "An Nusayrat", "latitude": 31.4486, "longitude": 34.3925, "geo_precision": 1, "source": "Al Jazeera; Guardian (United Kingdom); Ma'an News Agency; Newpress; Palestine News and Information Agency; Quds News Network; Twitter", "source_scale": "New media-National", "notes": "On 22 December 2023, Israeli artillery struck a house in the area of Ein Jalout towers in An Nusayrat refugee camp (Deir El Balah, Gaza Strip), injuring a number of Palestinians. Also, warplanes struck a house in Al Ishrin street in the camp, killing 18 persons, including a journalist, and injuring dozens.", "fatalities": 18, "tags": null, "timestamp": 1757975700 }, "geometry": { "type": "Point", "coordinates": [ 34.3925, 31.4486 ] } },
{ "type": "Feature", "properties": { "event_id_cnty": "PSE43871", "event_date": "12/22/2023", "year": 2023, "time_precision": 1, "disorder_type": "Political violence", "event_type": "Explosions/Remote violence", "sub_event_type": "Air/drone strike", "actor1": "Military Forces of Israel (2022-)", "assoc_actor_1": null, "inter1": 8, "actor2": "Civilians (Palestine)", "assoc_actor_2": "Refugees/IDPs (Palestine)", "inter2": 7, "interaction": 78, "civilian_targeting": "Civilian targeting", "iso": 275, "region": "Middle East", "country": "Palestine", "admin1": "Gaza Strip", "admin2": "Deir El Balah", "admin3": null, "location": "Al Burayj", "latitude": 31.4394, "longitude": 34.4031, "geo_precision": 1, "source": "Quds News Network", "source_scale": "National", "notes": "On 22 December 2023, Israeli warplanes struck a house in Al Burayj refugee camp (Deir El Balah, Gaza Strip), killing 2 persons and injuring a number of Palestinians. Also, 3 Palestinians were killed, and several others were injured in separate airstrikes. Total fatalities were 5.", "fatalities": 5, "tags": null, "timestamp": 1753954979 }, "geometry": { "type": "Point", "coordinates": [ 34.4031, 31.4394 ] } },
{ "type": "Feature", "properties": { "event_id_cnty": "PSE43881", "event_date": "12/22/2023", "year": 2023, "time_precision": 1, "disorder_type": "Political violence", "event_type": "Explosions/Remote violence", "sub_event_type": "Air/drone strike", "actor1": "Military Forces of Israel (2022-)", "assoc_actor_1": null, "inter1": 8, "actor2": "Civilians (Palestine)", "assoc_actor_2": null, "inter2": 7, "interaction": 78, "civilian_targeting": "Civilian targeting", "iso": 275, "region": "Middle East", "country": "Palestine", "admin1": "Gaza Strip", "admin2": "Deir El Balah", "admin3": null, "location": "Al Maghazi", "latitude": 31.4214, "longitude": 34.3865, "geo_precision": 2, "source": "Quds News Network; Times of Israel", "source_scale": "National-Regional", "notes": "On 22 December 2023, Israeli airplanes struck an apartment in Al Muhandsin tower north of Al Maghazi refugee camp (Deir El Balah, Gaza Strip), injuring a number of Palestinians.", "fatalities": 0, "tags": null, "timestamp": 1753954979 }, "geometry": { "type": "Point", "coordinates": [ 34.3865, 31.4214 ] } },
{ "type": "Feature", "properties": { "event_id_cnty": "PSE44093", "event_date": "12/22/2023", "year": 2023, "time_precision": 1, "disorder_type": "Political violence", "event_type": "Explosions/Remote violence", "sub_event_type": "Shelling/artillery/missile attack", "actor1": "Military Forces of Israel (2022-)", "assoc_actor_1": null, "inter1": 8, "actor2": "Civilians (Palestine)", "assoc_actor_2": null, "inter2": 7, "interaction": 78, "civilian_targeting": "Civilian targeting", "iso": 275, "region": "Middle East", "country": "Palestine", "admin1": "Gaza Strip", "admin2": "Deir El Balah", "admin3": null, "location": "Al Burayj", "latitude": 31.4394, "longitude": 34.4031, "geo_precision": 2, "source": "Newpress; Palestine News and Information Agency; Twitter", "source_scale": "New media-National", "notes": "On 22 December 2023, Israeli artillery shelled areas east of Al Burayj refugee camp (Deir El Balah, Gaza Strip). Casualties unknown.", "fatalities": 0, "tags": null, "timestamp": 1753954979 }, "geometry": { "type": "Point", "coordinates": [ 34.4031, 31.4394 ] } },
{ "type": "Feature", "properties": { "event_id_cnty": "PSE43851", "event_date": "12/22/2023", "year": 2023, "time_precision": 1, "disorder_type": "Political violence", "event_type": "Explosions/Remote violence", "sub_event_type": "Air/drone strike", "actor1": "Military Forces of Israel (2022-)", "assoc_actor_1": null, "inter1": 8, "actor2": "Civilians (Palestine)", "assoc_actor_2": "Refugees/IDPs (Palestine)", "inter2": 7, "interaction": 78, "civilian_targeting": "Civilian targeting", "iso": 275, "region": "Middle East", "country": "Palestine", "admin1": "Gaza Strip", "admin2": "North Gaza", "admin3": null, "location": "Jabalya Camp", "latitude": 31.536, "longitude": 34.4907, "geo_precision": 1, "source": "Ma'an News Agency; Palestine News and Information Agency; Quds News Network", "source_scale": "National", "notes": "On 22 December 2023, Israeli warplanes struck a house in Mukhayyam Jabalya camp (North Gaza, Gaza Strip), killing 4 Palestinians and injuring a number of others. Also, the artillery shells the area.", "fatalities": 4, "tags": null, "timestamp": 1753954979 }, "geometry": { "type": "Point", "coordinates": [ 34.4907, 31.536 ] } },
{ "type": "Feature", "properties": { "event_id_cnty": "PSE43870", "event_date": "12/22/2023", "year": 2023, "time_precision": 1, "disorder_type": "Political violence", "event_type": "Explosions/Remote violence", "sub_event_type": "Air/drone strike", "actor1": "Military Forces of Israel (2022-)", "assoc_actor_1": null, "inter1": 8, "actor2": "Civilians (Palestine)", "assoc_actor_2": null, "inter2": 7, "interaction": 78, "civilian_targeting": "Civilian targeting", "iso": 275, "region": "Middle East", "country": "Palestine", "admin1": "Gaza Strip", "admin2": "Rafah", "admin3": null, "location": "Yibna", "latitude": 31.2842, "longitude": 34.2482, "geo_precision": 1, "source": "Quds News Network", "source_scale": "National", "notes": "On 22 December 2023, Israeli warplanes struck a house near Al Huda mosque in Yibna (Rafah, Gaza Strip), injuring a number of Palestinians.", "fatalities": 0, "tags": null, "timestamp": 1753954979 }, "geometry": { "type": "Point", "coordinates": [ 34.2482, 31.2842 ] } },
{ "type": "Feature", "properties": { "event_id_cnty": "PSE44092", "event_date": "12/22/2023", "year": 2023, "time_precision": 1, "disorder_type": "Political violence", "event_type": "Explosions/Remote violence", "sub_event_type": "Air/drone strike", "actor1": "Military Forces of Israel (2022-)", "assoc_actor_1": null, "inter1": 8, "actor2": "Civilians (Palestine)", "assoc_actor_2": null, "inter2": 7, "interaction": 78, "civilian_targeting": "Civilian targeting", "iso": 275, "region": "Middle East", "country": "Palestine", "admin1": "Gaza Strip", "admin2": "North Gaza", "admin3": null, "location": "Jabalya", "latitude": 31.5272, "longitude": 34.4835, "geo_precision": 1, "source": "Liveuamap; Ma'an News Agency; Newpress; Palestine News and Information Agency; Palestinian Ministry of Health; Quds News Network; Twitter", "source_scale": "Local partner-New media", "notes": "On 22 December 2023, Israeli artillery shelled Jabalya town (North Gaza, Gaza Strip), killing an unspecified number of Palestinians and injuring several others. Also warplanes struck a house and killed 6 persons, and destroyed a water desalination plant. [Palestinian Ministry of Health reported 20258 fatalities between 7 October - 22 December. 38 fatalities not attributed to specific events split across 2 events on 22 December. 19 fatalities coded to this event.] Total fatalities coded as 25 (19 presumed + 6 known).", "fatalities": 25, "tags": null, "timestamp": 1759789988 }, "geometry": { "type": "Point", "coordinates": [ 34.4835, 31.5272 ] } },
{ "type": "Feature", "properties": { "event_id_cnty": "PSE43901", "event_date": "12/23/2023", "year": 2023, "time_precision": 1, "disorder_type": "Political violence", "event_type": "Explosions/Remote violence", "sub_event_type": "Air/drone strike", "actor1": "Military Forces of Israel (2022-)", "assoc_actor_1": null, "inter1": 8, "actor2": "Civilians (Palestine)", "assoc_actor_2": null, "inter2": 7, "interaction": 78, "civilian_targeting": "Civilian targeting", "iso": 275, "region": "Middle East", "country": "Palestine", "admin1": "Gaza Strip", "admin2": "Gaza City", "admin3": null, "location": "Gaza - Sheikh Radwan", "latitude": 31.5349, "longitude": 34.4667, "geo_precision": 1, "source": "Ma'an News Agency; Palestine News and Information Agency; Quds News Network", "source_scale": "National", "notes": "On 23 December 2023, Israeli warplanes struck houses in Gaza - Sheikh Radwan (Gaza City, Gaza Strip). Casualties unknown.", "fatalities": 0, "tags": null, "timestamp": 1759789988 }, "geometry": { "type": "Point", "coordinates": [ 34.4667, 31.5349 ] } },
{ "type": "Feature", "properties": { "event_id_cnty": "PSE43904", "event_date": "12/23/2023", "year": 2023, "time_precision": 1, "disorder_type": "Political violence", "event_type": "Explosions/Remote violence", "sub_event_type": "Air/drone strike", "actor1": "Military Forces of Israel (2022-)", "assoc_actor_1": null, "inter1": 8, "actor2": "Civilians (Palestine)", "assoc_actor_2": "Journalists (Palestine)", "inter2": 7, "interaction": 78, "civilian_targeting": "Civilian targeting", "iso": 275, "region": "Middle East", "country": "Palestine", "admin1": "Gaza Strip", "admin2": "Gaza City", "admin3": null, "location": "Gaza - Shujaiyya", "latitude": 31.4988, "longitude": 34.4699, "geo_precision": 1, "source": "Ma'an News Agency; Palestine News and Information Agency; Quds News Network", "source_scale": "National", "notes": "On 23 December 2023, Israeli warplanes struck houses in Gaza - Shujaiyya (Gaza City, Gaza Strip), killing a Palestinian journalist.", "fatalities": 1, "tags": null, "timestamp": 1759789988 }, "geometry": { "type": "Point", "coordinates": [ 34.4699, 31.4988 ] } },
{ "type": "Feature", "properties": { "event_id_cnty": "PSE43909", "event_date": "12/23/2023", "year": 2023, "time_precision": 1, "disorder_type": "Political violence", "event_type": "Explosions/Remote violence", "sub_event_type": "Air/drone strike", "actor1": "Military Forces of Israel (2022-)", "assoc_actor_1": null, "inter1": 8, "actor2": "Civilians (Palestine)", "assoc_actor_2": null, "inter2": 7, "interaction": 78, "civilian_targeting": "Civilian targeting", "iso": 275, "region": "Middle East", "country": "Palestine", "admin1": "Gaza Strip", "admin2": "Khan Yunis", "admin3": null, "location": "Khan Yunis - Al Amal", "latitude": 31.3544, "longitude": 34.3007, "geo_precision": 2, "source": "Palestine News and Information Agency", "source_scale": "National", "notes": "On 23 December 2023, Israeli warplanes struck a house in the Japanese neighborhood, west of Khan Yunis - Al Amal (Khan Yunis, Gaza Strip), killing 3 Palestinians and injuring several of others.", "fatalities": 3, "tags": null, "timestamp": 1753954979 }, "geometry": { "type": "Point", "coordinates": [ 34.3007, 31.3544 ] } },
{ "type": "Feature", "properties": { "event_id_cnty": "PSE43912", "event_date": "12/23/2023", "year": 2023, "time_precision": 1, "disorder_type": "Political violence", "event_type": "Explosions/Remote violence", "sub_event_type": "Air/drone strike", "actor1": "Military Forces of Israel (2022-)", "assoc_actor_1": null, "inter1": 8, "actor2": "Civilians (Palestine)", "assoc_actor_2": "Labor Group (Palestine)", "inter2": 7, "interaction": 78, "civilian_targeting": "Civilian targeting", "iso": 275, "region": "Middle East", "country": "Palestine", "admin1": "Gaza Strip", "admin2": "Khan Yunis", "admin3": null, "location": "Khan Yunis - City Centre", "latitude": 31.3419, "longitude": 34.3015, "geo_precision": 1, "source": "Arab 48; Ma'an News Agency; Newpress; Twitter", "source_scale": "New media-National", "notes": "On 23 December 2023, Israeli warplanes struck the maintenance team of Paltel while they were fixing a communication tower in Khan Yunis - City Centre (Khan Yunis, Gaza Strip), injuring a number of workers. Meanwhile, the artillery shelled the area. Also, a Palestinian was killed and 2 persons were injured in an airstrike on al-Hawouz street in central Khan Yunis. 1 Fatality.", "fatalities": 1, "tags": null, "timestamp": 1753954979 }, "geometry": { "type": "Point", "coordinates": [ 34.3015, 31.3419 ] } },
{ "type": "Feature", "properties": { "event_id_cnty": "PSE43926", "event_date": "12/23/2023", "year": 2023, "time_precision": 1, "disorder_type": "Political violence", "event_type": "Explosions/Remote violence", "sub_event_type": "Air/drone strike", "actor1": "Military Forces of Israel (2022-)", "assoc_actor_1": null, "inter1": 8, "actor2": "Civilians (Palestine)", "assoc_actor_2": null, "inter2": 7, "interaction": 78, "civilian_targeting": "Civilian targeting", "iso": 275, "region": "Middle East", "country": "Palestine", "admin1": "Gaza Strip", "admin2": "Khan Yunis", "admin3": null, "location": "Khan Yunis - West (Municipal Stadium)", "latitude": 31.3484, "longitude": 34.2961, "geo_precision": 2, "source": "Newpress; Palestine News and Information Agency; Twitter", "source_scale": "New media-National", "notes": "On 23 December 2023, Israeli warplanes carried out airstrikes west of Khan Yunis (coded to Khan Yunis - West (Municipal Stadium)) (Gaza Strip). A Palestinian was killed and another 4 were injured, including 2 children. Casualties unknown.", "fatalities": 1, "tags": null, "timestamp": 1753954979 }, "geometry": { "type": "Point", "coordinates": [ 34.2961, 31.3484 ] } },
{ "type": "Feature", "properties": { "event_id_cnty": "PSE44114", "event_date": "12/23/2023", "year": 2023, "time_precision": 1, "disorder_type": "Political violence", "event_type": "Explosions/Remote violence", "sub_event_type": "Shelling/artillery/missile attack", "actor1": "Military Forces of Israel (2022-)", "assoc_actor_1": null, "inter1": 8, "actor2": "Civilians (Palestine)", "assoc_actor_2": null, "inter2": 7, "interaction": 78, "civilian_targeting": "Civilian targeting", "iso": 275, "region": "Middle East", "country": "Palestine", "admin1": "Gaza Strip", "admin2": "Khan Yunis", "admin3": null, "location": "Khan Yunis", "latitude": 31.3502, "longitude": 34.3081, "geo_precision": 1, "source": "Palestine News and Information Agency", "source_scale": "National", "notes": "On 23 December 2023, Israeli artillery shelled several targets in Khan Yunis city (Khan Yunis, Gaza Strip), killing and injuring dozens of Palestinians. Fatalities coded as 12.", "fatalities": 12, "tags": null, "timestamp": 1753954979 }, "geometry": { "type": "Point", "coordinates": [ 34.3081, 31.3502 ] } },
{ "type": "Feature", "properties": { "event_id_cnty": "PSE43895", "event_date": "12/23/2023", "year": 2023, "time_precision": 1, "disorder_type": "Political violence", "event_type": "Explosions/Remote violence", "sub_event_type": "Air/drone strike", "actor1": "Military Forces of Israel (2022-)", "assoc_actor_1": null, "inter1": 8, "actor2": "Civilians (Palestine)", "assoc_actor_2": null, "inter2": 7, "interaction": 78, "civilian_targeting": "Civilian targeting", "iso": 275, "region": "Middle East", "country": "Palestine", "admin1": "Gaza Strip", "admin2": "Deir El Balah", "admin3": null, "location": "Deir al Balah", "latitude": 31.4178, "longitude": 34.3503, "geo_precision": 1, "source": "Al Ghad (Jordan); Arab 48; Jerusalem Post; Ma'an News Agency; Newpress; Palestine News and Information Agency; Quds News Network; Twitter", "source_scale": "New media-National", "notes": "On 23 December 2023, Israeli warplanes struck 2 houses in Deir al Balah city (Deir El Balah, Gaza Strip), killing 2 Palestinians and injuring dozens. Also, 6 Palestinians were killed, and dozens were injured in separate airstrikes targeting a residential area in Deir al Balah. Total fatalities coded as 8.", "fatalities": 8, "tags": null, "timestamp": 1753954979 }, "geometry": { "type": "Point", "coordinates": [ 34.3503, 31.4178 ] } },
{ "type": "Feature", "properties": { "event_id_cnty": "PSE43896", "event_date": "12/23/2023", "year": 2023, "time_precision": 1, "disorder_type": "Political violence", "event_type": "Explosions/Remote violence", "sub_event_type": "Air/drone strike", "actor1": "Military Forces of Israel (2022-)", "assoc_actor_1": null, "inter1": 8, "actor2": "Civilians (Palestine)", "assoc_actor_2": "Refugees/IDPs (Palestine)", "inter2": 7, "interaction": 78, "civilian_targeting": "Civilian targeting", "iso": 275, "region": "Middle East", "country": "Palestine", "admin1": "Gaza Strip", "admin2": "Deir El Balah", "admin3": null, "location": "An Nusayrat", "latitude": 31.4486, "longitude": 34.3925, "geo_precision": 1, "source": "Al Ghad (Jordan); Arab 48; Ma'an News Agency; Newpress; Palestine News and Information Agency; Times of Israel; Twitter", "source_scale": "New media-National", "notes": "On 23 December 2023, Israeli warplanes struck an apartment near Al Ehsan Mosque in An Nusayrat refugee camp (Deir El Balah, Gaza Strip) killing 18 displaced Palestinians, including women and children. Also, several Palestinians were injured in a separate airstrike on a house and Al Thalathini street, including a pregnant woman. In addition, Israeli artillery fired white phosphorus bombs near the entrance of An Nusayrat camp. Total fatalities 18. HRW and other international organizations have accused Israel of using white phosphorous bombs.", "fatalities": 18, "tags": null, "timestamp": 1753954979 }, "geometry": { "type": "Point", "coordinates": [ 34.3925, 31.4486 ] } },
{ "type": "Feature", "properties": { "event_id_cnty": "PSE43903", "event_date": "12/23/2023", "year": 2023, "time_precision": 1, "disorder_type": "Political violence", "event_type": "Explosions/Remote violence", "sub_event_type": "Air/drone strike", "actor1": "Military Forces of Israel (2022-)", "assoc_actor_1": null, "inter1": 8, "actor2": "Civilians (Palestine)", "assoc_actor_2": "Refugees/IDPs (Palestine)", "inter2": 7, "interaction": 78, "civilian_targeting": "Civilian targeting", "iso": 275, "region": "Middle East", "country": "Palestine", "admin1": "Gaza Strip", "admin2": "Deir El Balah", "admin3": null, "location": "Al Burayj", "latitude": 31.4394, "longitude": 34.4031, "geo_precision": 1, "source": "Ma'an News Agency; Newpress; Palestine News and Information Agency; Quds News Network; Twitter", "source_scale": "New media-National", "notes": "On 23 December 2023, Israeli warplanes struck a house in Al Burayj refugee camp (Deir El Balah, Gaza Strip), killing 5 Palestinians, including a girl and injuring dozens.", "fatalities": 5, "tags": null, "timestamp": 1753954979 }, "geometry": { "type": "Point", "coordinates": [ 34.4031, 31.4394 ] } },
{ "type": "Feature", "properties": { "event_id_cnty": "PSE43908", "event_date": "12/23/2023", "year": 2023, "time_precision": 1, "disorder_type": "Political violence", "event_type": "Explosions/Remote violence", "sub_event_type": "Air/drone strike", "actor1": "Military Forces of Israel (2022-)", "assoc_actor_1": null, "inter1": 8, "actor2": "Civilians (Palestine)", "assoc_actor_2": "Refugees/IDPs (Palestine)", "inter2": 7, "interaction": 78, "civilian_targeting": "Civilian targeting", "iso": 275, "region": "Middle East", "country": "Palestine", "admin1": "Gaza Strip", "admin2": "Deir El Balah", "admin3": null, "location": "Al Maghazi", "latitude": 31.4214, "longitude": 34.3865, "geo_precision": 1, "source": "Palestine News and Information Agency; Quds News Network", "source_scale": "National", "notes": "On 23 December 2023, Israeli warplanes struck a house in Al Maghazi refugee camp (Deir El Balah, Gaza Strip), killing 2 girls and injuring a number of other Palestinians.", "fatalities": 2, "tags": null, "timestamp": 1753954979 }, "geometry": { "type": "Point", "coordinates": [ 34.3865, 31.4214 ] } },
{ "type": "Feature", "properties": { "event_id_cnty": "PSE43910", "event_date": "12/23/2023", "year": 2023, "time_precision": 1, "disorder_type": "Political violence", "event_type": "Explosions/Remote violence", "sub_event_type": "Air/drone strike", "actor1": "Military Forces of Israel (2022-)", "assoc_actor_1": null, "inter1": 8, "actor2": "Civilians (Palestine)", "assoc_actor_2": null, "inter2": 7, "interaction": 78, "civilian_targeting": "Civilian targeting", "iso": 275, "region": "Middle East", "country": "Palestine", "admin1": "Gaza Strip", "admin2": "Deir El Balah", "admin3": null, "location": "Az Zawayda", "latitude": 31.4284, "longitude": 34.366, "geo_precision": 1, "source": "Ma'an News Agency; Palestine News and Information Agency; Quds News Network", "source_scale": "National", "notes": "On 23 December 2023, Israeli warplanes struck a house in Az Zawayda (Deir El Balah, Gaza Strip), killing and injuring dozens of Palestinians. Fatalities coded as 12.", "fatalities": 12, "tags": null, "timestamp": 1767742780 }, "geometry": { "type": "Point", "coordinates": [ 34.366, 31.4284 ] } },
{ "type": "Feature", "properties": { "event_id_cnty": "PSE43905", "event_date": "12/23/2023", "year": 2023, "time_precision": 1, "disorder_type": "Political violence", "event_type": "Explosions/Remote violence", "sub_event_type": "Air/drone strike", "actor1": "Military Forces of Israel (2022-)", "assoc_actor_1": null, "inter1": 8, "actor2": "Civilians (Palestine)", "assoc_actor_2": null, "inter2": 7, "interaction": 78, "civilian_targeting": "Civilian targeting", "iso": 275, "region": "Middle East", "country": "Palestine", "admin1": "Gaza Strip", "admin2": "Khan Yunis", "admin3": null, "location": "Bani Suheila", "latitude": 31.3424, "longitude": 34.325, "geo_precision": 1, "source": "Ma'an News Agency; Palestine News and Information Agency; Palestinian Ministry of Health", "source_scale": "Other-National", "notes": "On 23 December 2023, Israeli warplanes carried out airstrikes east of Khan Yunis (coded to Bani Suheila) (Khan Yunis, Gaza Strip), leaving an unspecified number of fatalities and injuries among Palestinians, where IDF ground forces prevented ambulances from reaching the area. [Palestinian Ministry of Health reported 20424 fatalities between 7 October - 23 December 2023. 47 fatalities not attributed to specific events split across 2 events on 23 December. 23 fatalities coded to this event.]", "fatalities": 23, "tags": null, "timestamp": 1753954979 }, "geometry": { "type": "Point", "coordinates": [ 34.325, 31.3424 ] } },
{ "type": "Feature", "properties": { "event_id_cnty": "PSE43902", "event_date": "12/23/2023", "year": 2023, "time_precision": 1, "disorder_type": "Political violence", "event_type": "Explosions/Remote violence", "sub_event_type": "Air/drone strike", "actor1": "Military Forces of Israel (2022-)", "assoc_actor_1": null, "inter1": 8, "actor2": "Civilians (Palestine)", "assoc_actor_2": null, "inter2": 7, "interaction": 78, "civilian_targeting": "Civilian targeting", "iso": 275, "region": "Middle East", "country": "Palestine", "admin1": "Gaza Strip", "admin2": "North Gaza", "admin3": null, "location": "Jabalya", "latitude": 31.5272, "longitude": 34.4835, "geo_precision": 1, "source": "Arab 48; Ma'an News Agency; Newpress; Palestine News and Information Agency; Quds News Network; Twitter", "source_scale": "New media-National", "notes": "On 23 December 2023, Israeli warplanes carried out airstrikes Al Jurn area of Jabalya (North Gaza, Gaza Strip), killing dozens of Palestinians and injuring several of others. Fatalities coded as 12. Also, 12 Palestinians from al-Bursh family were killed and dozens others were injured in airstrikes targeted their house in Jabalya town. Additionally, a child was killed in an artillery shelling in Al Nuzlah of Jabalya. Total fatalities coded as 25 (12 unknown, 13 confirmed).", "fatalities": 25, "tags": null, "timestamp": 1759789988 }, "geometry": { "type": "Point", "coordinates": [ 34.4835, 31.5272 ] } },
{ "type": "Feature", "properties": { "event_id_cnty": "PSE43948", "event_date": "12/24/2023", "year": 2023, "time_precision": 1, "disorder_type": "Political violence", "event_type": "Explosions/Remote violence", "sub_event_type": "Air/drone strike", "actor1": "Military Forces of Israel (2022-)", "assoc_actor_1": null, "inter1": 8, "actor2": "Civilians (Palestine)", "assoc_actor_2": "Refugees/IDPs (Palestine)", "inter2": 7, "interaction": 78, "civilian_targeting": "Civilian targeting", "iso": 275, "region": "Middle East", "country": "Palestine", "admin1": "Gaza Strip", "admin2": "Khan Yunis", "admin3": null, "location": "Khan Yunis - Al Amal", "latitude": 31.3544, "longitude": 34.3007, "geo_precision": 1, "source": "Palestine News and Information Agency; Quds News Network; Twitter", "source_scale": "New media-National", "notes": "On 24 December 2023, an Israeli UAV opened fire toward the Al Amal Hospital in Khan Yunis - Al Amal (Khan Yunis, Gaza Strip), killing 2 brothers including a 13-year-old child, who were displaced to the hospital.", "fatalities": 2, "tags": null, "timestamp": 1753954979 }, "geometry": { "type": "Point", "coordinates": [ 34.3007, 31.3544 ] } },
{ "type": "Feature", "properties": { "event_id_cnty": "PSE43950", "event_date": "12/24/2023", "year": 2023, "time_precision": 1, "disorder_type": "Political violence", "event_type": "Explosions/Remote violence", "sub_event_type": "Air/drone strike", "actor1": "Military Forces of Israel (2022-)", "assoc_actor_1": null, "inter1": 8, "actor2": "Civilians (Palestine)", "assoc_actor_2": null, "inter2": 7, "interaction": 78, "civilian_targeting": "Civilian targeting", "iso": 275, "region": "Middle East", "country": "Palestine", "admin1": "Gaza Strip", "admin2": "Khan Yunis", "admin3": null, "location": "Khan Yunis - Maen", "latitude": 31.336, "longitude": 34.3172, "geo_precision": 1, "source": "Newpress; Palestine News and Information Agency; Quds News Network; Twitter", "source_scale": "New media-National", "notes": "On 24 December 2023, Israeli warplanes carried out airstrikes in Khan Yunis - Maen (Khan Yunis, Gaza Strip), killing 2 Palestinians and injuring several of others who were filling water in the area. Also, 21 Palestinians were killed in a separate airstrike on a house near Murtaja junction in Maen. Total fatalities were 23.", "fatalities": 23, "tags": null, "timestamp": 1753954979 }, "geometry": { "type": "Point", "coordinates": [ 34.3172, 31.336 ] } },
{ "type": "Feature", "properties": { "event_id_cnty": "PSE43954", "event_date": "12/24/2023", "year": 2023, "time_precision": 1, "disorder_type": "Political violence", "event_type": "Explosions/Remote violence", "sub_event_type": "Air/drone strike", "actor1": "Military Forces of Israel (2022-)", "assoc_actor_1": null, "inter1": 8, "actor2": "Civilians (Palestine)", "assoc_actor_2": null, "inter2": 7, "interaction": 78, "civilian_targeting": "Civilian targeting", "iso": 275, "region": "Middle East", "country": "Palestine", "admin1": "Gaza Strip", "admin2": "Gaza City", "admin3": null, "location": "Gaza - At Tuffah", "latitude": 31.5134, "longitude": 34.4751, "geo_precision": 1, "source": "Palestine News and Information Agency; Quds News Network", "source_scale": "National", "notes": "On 24 December 2023, Israeli warplanes carried out airstrikes in Gaza - At Tuffah (Gaza City, Gaza Strip). Casualties unknown.", "fatalities": 0, "tags": null, "timestamp": 1759789988 }, "geometry": { "type": "Point", "coordinates": [ 34.4751, 31.5134 ] } },
{ "type": "Feature", "properties": { "event_id_cnty": "PSE43959", "event_date": "12/24/2023", "year": 2023, "time_precision": 1, "disorder_type": "Political violence", "event_type": "Explosions/Remote violence", "sub_event_type": "Air/drone strike", "actor1": "Military Forces of Israel (2022-)", "assoc_actor_1": null, "inter1": 8, "actor2": "Civilians (Palestine)", "assoc_actor_2": "Journalists (Palestine)", "inter2": 7, "interaction": 78, "civilian_targeting": "Civilian targeting", "iso": 275, "region": "Middle East", "country": "Palestine", "admin1": "Gaza Strip", "admin2": "Gaza City", "admin3": null, "location": "Gaza", "latitude": 31.5045, "longitude": 34.4743, "geo_precision": 1, "source": "Guardian (United Kingdom); Palestine News and Information Agency; Quds News Network; Twitter", "source_scale": "New media-National", "notes": "On 24 December 2023, Israeli warplanes struck a house in Gaza City (Gaza Strip), killing 2 Palestinian journalists.", "fatalities": 2, "tags": null, "timestamp": 1759789988 }, "geometry": { "type": "Point", "coordinates": [ 34.4743, 31.5045 ] } },
{ "type": "Feature", "properties": { "event_id_cnty": "PSE43964", "event_date": "12/24/2023", "year": 2023, "time_precision": 1, "disorder_type": "Political violence", "event_type": "Explosions/Remote violence", "sub_event_type": "Air/drone strike", "actor1": "Military Forces of Israel (2022-)", "assoc_actor_1": null, "inter1": 8, "actor2": "Civilians (Palestine)", "assoc_actor_2": null, "inter2": 7, "interaction": 78, "civilian_targeting": "Civilian targeting", "iso": 275, "region": "Middle East", "country": "Palestine", "admin1": "Gaza Strip", "admin2": "Khan Yunis", "admin3": null, "location": "Bani Suheila", "latitude": 31.3424, "longitude": 34.325, "geo_precision": 2, "source": "Newpress; Palestine News and Information Agency; Quds News Network; Twitter", "source_scale": "New media-National", "notes": "On 24 December 2023, Israeli warplanes carried out airstrikes on the outskirts of Al Awda Schools east of Khan Yunis (coded to Bani Suheila) (Khan Yunis, Gaza Strip), killing at least 3 Palestinians.", "fatalities": 3, "tags": null, "timestamp": 1753954979 }, "geometry": { "type": "Point", "coordinates": [ 34.325, 31.3424 ] } },
{ "type": "Feature", "properties": { "event_id_cnty": "PSE43965", "event_date": "12/24/2023", "year": 2023, "time_precision": 1, "disorder_type": "Political violence", "event_type": "Explosions/Remote violence", "sub_event_type": "Air/drone strike", "actor1": "Military Forces of Israel (2022-)", "assoc_actor_1": null, "inter1": 8, "actor2": "Civilians (Palestine)", "assoc_actor_2": null, "inter2": 7, "interaction": 78, "civilian_targeting": "Civilian targeting", "iso": 275, "region": "Middle East", "country": "Palestine", "admin1": "Gaza Strip", "admin2": "Khan Yunis", "admin3": null, "location": "Khan Yunis - West (Municipal Stadium)", "latitude": 31.3484, "longitude": 34.2961, "geo_precision": 2, "source": "Palestine News and Information Agency; Quds News Network; Twitter", "source_scale": "New media-National", "notes": "On 24 December 2023, Israeli warplanes carried out airstrikes in Al Hilal street west of Khan Yunis (coded to Khan Yunis - West (Municipal Stadium)) (Gaza Strip), killing 2 Palestinians and injuring several of others.", "fatalities": 2, "tags": null, "timestamp": 1753954979 }, "geometry": { "type": "Point", "coordinates": [ 34.2961, 31.3484 ] } },
{ "type": "Feature", "properties": { "event_id_cnty": "PSE43938", "event_date": "12/24/2023", "year": 2023, "time_precision": 1, "disorder_type": "Political violence", "event_type": "Explosions/Remote violence", "sub_event_type": "Air/drone strike", "actor1": "Military Forces of Israel (2022-)", "assoc_actor_1": null, "inter1": 8, "actor2": "Civilians (Palestine)", "assoc_actor_2": null, "inter2": 7, "interaction": 78, "civilian_targeting": "Civilian targeting", "iso": 275, "region": "Middle East", "country": "Palestine", "admin1": "Gaza Strip", "admin2": "Deir El Balah", "admin3": null, "location": "Deir al Balah Camp", "latitude": 31.4249, "longitude": 34.34, "geo_precision": 2, "source": "Newpress; Palestine News and Information Agency; PLO Negotiations Affairs Department; Twitter", "source_scale": "Other-New media", "notes": "On 24 December 2023, Israeli artillery and tanks shelled targets and houses east of Deir El Balah (coded to Deir al Balah Camp, Gaza Strip) while warplanes opened fire in the area. Casualties unknown.", "fatalities": 0, "tags": null, "timestamp": 1765850627 }, "geometry": { "type": "Point", "coordinates": [ 34.34, 31.4249 ] } },
{ "type": "Feature", "properties": { "event_id_cnty": "PSE43957", "event_date": "12/24/2023", "year": 2023, "time_precision": 1, "disorder_type": "Political violence", "event_type": "Explosions/Remote violence", "sub_event_type": "Air/drone strike", "actor1": "Military Forces of Israel (2022-)", "assoc_actor_1": null, "inter1": 8, "actor2": "Civilians (Palestine)", "assoc_actor_2": "Refugees/IDPs (Palestine)", "inter2": 7, "interaction": 78, "civilian_targeting": "Civilian targeting", "iso": 275, "region": "Middle East", "country": "Palestine", "admin1": "Gaza Strip", "admin2": "Deir El Balah", "admin3": null, "location": "Al Burayj", "latitude": 31.4394, "longitude": 34.4031, "geo_precision": 1, "source": "Newpress; Palestine News and Information Agency; Quds News Network; Twitter", "source_scale": "New media-National", "notes": "On 24 December 2023, Israeli warplanes struck a house in Al Burayj refugee camp (Deir El Balah, Gaza Strip), killing 3 Palestinians, including a woman. Meanwhile, the artillery shelled several houses in the area, including Al Shuhada junction, injuring a number of Palestinians.", "fatalities": 3, "tags": null, "timestamp": 1753954979 }, "geometry": { "type": "Point", "coordinates": [ 34.4031, 31.4394 ] } },
{ "type": "Feature", "properties": { "event_id_cnty": "PSE43963", "event_date": "12/24/2023", "year": 2023, "time_precision": 1, "disorder_type": "Political violence", "event_type": "Explosions/Remote violence", "sub_event_type": "Air/drone strike", "actor1": "Military Forces of Israel (2022-)", "assoc_actor_1": null, "inter1": 8, "actor2": "Civilians (Palestine)", "assoc_actor_2": "Refugees/IDPs (Palestine)", "inter2": 7, "interaction": 78, "civilian_targeting": "Civilian targeting", "iso": 275, "region": "Middle East", "country": "Palestine", "admin1": "Gaza Strip", "admin2": "Deir El Balah", "admin3": null, "location": "An Nusayrat", "latitude": 31.4486, "longitude": 34.3925, "geo_precision": 1, "source": "Newpress; Palestine News and Information Agency; Quds News Network; Twitter", "source_scale": "New media-National", "notes": "On 24 December 2023, Israeli warplanes carried out airstrikes and Israeli artillery shelled an agricultural land in An Nusayrat refugee camp (Deir El Balah, Gaza Strip), injuring a number of Palestinians.", "fatalities": 0, "tags": null, "timestamp": 1753954979 }, "geometry": { "type": "Point", "coordinates": [ 34.3925, 31.4486 ] } },
{ "type": "Feature", "properties": { "event_id_cnty": "PSE43966", "event_date": "12/24/2023", "year": 2023, "time_precision": 1, "disorder_type": "Political violence", "event_type": "Explosions/Remote violence", "sub_event_type": "Air/drone strike", "actor1": "Military Forces of Israel (2022-)", "assoc_actor_1": null, "inter1": 8, "actor2": "Civilians (Palestine)", "assoc_actor_2": "Refugees/IDPs (Palestine)", "inter2": 7, "interaction": 78, "civilian_targeting": "Civilian targeting", "iso": 275, "region": "Middle East", "country": "Palestine", "admin1": "Gaza Strip", "admin2": "Deir El Balah", "admin3": null, "location": "Al Maghazi", "latitude": 31.4214, "longitude": 34.3865, "geo_precision": 1, "source": "Al-Ittihad; Ma'an News Agency; Newpress; Palestine News and Information Agency; Quds News Network; Times of Israel; Twitter", "source_scale": "New media-National", "notes": "On 24 December 2023, Israeli warplanes and artillery struck houses in Al Maghazi refugee camp (Deir El Balah, Gaza Strip), killing 70 Palestinians and injuring dozens.", "fatalities": 70, "tags": null, "timestamp": 1753954979 }, "geometry": { "type": "Point", "coordinates": [ 34.3865, 31.4214 ] } },
{ "type": "Feature", "properties": { "event_id_cnty": "PSE43956", "event_date": "12/24/2023", "year": 2023, "time_precision": 1, "disorder_type": "Political violence", "event_type": "Explosions/Remote violence", "sub_event_type": "Air/drone strike", "actor1": "Military Forces of Israel (2022-)", "assoc_actor_1": null, "inter1": 8, "actor2": "Civilians (Palestine)", "assoc_actor_2": null, "inter2": 7, "interaction": 78, "civilian_targeting": "Civilian targeting", "iso": 275, "region": "Middle East", "country": "Palestine", "admin1": "Gaza Strip", "admin2": "Gaza City", "admin3": null, "location": "Gaza - Southern Remal", "latitude": 31.5168, "longitude": 34.4355, "geo_precision": 2, "source": "Palestine News and Information Agency; Quds News Network; Twitter", "source_scale": "New media-National", "notes": "On 24 December 2023, Israeli warplanes carried out airstrikes in Gaza - Southern Remal area (Gaza City, Gaza Strip). Casualties unknown.", "fatalities": 0, "tags": null, "timestamp": 1759789988 }, "geometry": { "type": "Point", "coordinates": [ 34.4355, 31.5168 ] } },
{ "type": "Feature", "properties": { "event_id_cnty": "PSE43947", "event_date": "12/24/2023", "year": 2023, "time_precision": 1, "disorder_type": "Political violence", "event_type": "Explosions/Remote violence", "sub_event_type": "Air/drone strike", "actor1": "Military Forces of Israel (2022-)", "assoc_actor_1": null, "inter1": 8, "actor2": "Civilians (Palestine)", "assoc_actor_2": "Refugees/IDPs (Palestine)", "inter2": 7, "interaction": 78, "civilian_targeting": "Civilian targeting", "iso": 275, "region": "Middle East", "country": "Palestine", "admin1": "Gaza Strip", "admin2": "Rafah", "admin3": null, "location": "Tal as Sultan", "latitude": 31.3098, "longitude": 34.2414, "geo_precision": 1, "source": "Newpress; Palestine News and Information Agency; Twitter", "source_scale": "New media-National", "notes": "On 24 December 2023, Israeli warplanes struck a house in Kenda Camp, west of Rafah in Tal as Sultan (Rafah, Gaza Strip), leaving 2 fatalities and dozens of injuries among Palestinians.", "fatalities": 2, "tags": null, "timestamp": 1762829569 }, "geometry": { "type": "Point", "coordinates": [ 34.2414, 31.3098 ] } },
{ "type": "Feature", "properties": { "event_id_cnty": "PSE43953", "event_date": "12/24/2023", "year": 2023, "time_precision": 1, "disorder_type": "Political violence", "event_type": "Explosions/Remote violence", "sub_event_type": "Air/drone strike", "actor1": "Military Forces of Israel (2022-)", "assoc_actor_1": null, "inter1": 8, "actor2": "Civilians (Palestine)", "assoc_actor_2": "Refugees/IDPs (Palestine)", "inter2": 7, "interaction": 78, "civilian_targeting": "Civilian targeting", "iso": 275, "region": "Middle East", "country": "Palestine", "admin1": "Gaza Strip", "admin2": "North Gaza", "admin3": null, "location": "Jabalya Camp", "latitude": 31.536, "longitude": 34.4907, "geo_precision": 1, "source": "Palestine News and Information Agency", "source_scale": "National", "notes": "On 24 December 2023, Israeli warplanes carried out airstrikes in Mukhayyam Jabalya camp (North Gaza, Gaza Strip). Casualties unknown.", "fatalities": 0, "tags": null, "timestamp": 1753954979 }, "geometry": { "type": "Point", "coordinates": [ 34.4907, 31.536 ] } },
{ "type": "Feature", "properties": { "event_id_cnty": "PSE43949", "event_date": "12/24/2023", "year": 2023, "time_precision": 1, "disorder_type": "Political violence", "event_type": "Explosions/Remote violence", "sub_event_type": "Air/drone strike", "actor1": "Military Forces of Israel (2022-)", "assoc_actor_1": null, "inter1": 8, "actor2": "Civilians (Palestine)", "assoc_actor_2": null, "inter2": 7, "interaction": 78, "civilian_targeting": "Civilian targeting", "iso": 275, "region": "Middle East", "country": "Palestine", "admin1": "Gaza Strip", "admin2": "Khan Yunis", "admin3": null, "location": "Khan Yunis - City Centre", "latitude": 31.3419, "longitude": 34.3015, "geo_precision": 1, "source": "Newpress; Palestine News and Information Agency; Palestinian Ministry of Health; Quds News Network; Twitter", "source_scale": "Other-New media", "notes": "On 24 December 2023, Israeli warplanes carried out air strikes in the Hamid junction in Khan Yunis - City Centre (Khan Yunis, Gaza Strip), killing 3 Palestinians, including a woman. Additionally, unspecified number of civilians were killed and inured in an airstrike on the Old Crescent Street in Khan Yunis city. [Palestinian Ministry of Health reported 20674 fatalities between 7 October - 24 December. 116 fatalities not attributed to specific events split across 3 events on 24 December. 38 fatalities coded to this event.] Total fatalities coded as 41 (38 presumed + 3 known).", "fatalities": 41, "tags": null, "timestamp": 1753954979 }, "geometry": { "type": "Point", "coordinates": [ 34.3015, 31.3419 ] } },
{ "type": "Feature", "properties": { "event_id_cnty": "PSE43958", "event_date": "12/24/2023", "year": 2023, "time_precision": 1, "disorder_type": "Political violence", "event_type": "Explosions/Remote violence", "sub_event_type": "Air/drone strike", "actor1": "Military Forces of Israel (2022-)", "assoc_actor_1": null, "inter1": 8, "actor2": "Civilians (Palestine)", "assoc_actor_2": null, "inter2": 7, "interaction": 78, "civilian_targeting": "Civilian targeting", "iso": 275, "region": "Middle East", "country": "Palestine", "admin1": "Gaza Strip", "admin2": "Rafah", "admin3": null, "location": "Yibna", "latitude": 31.2842, "longitude": 34.2482, "geo_precision": 2, "source": "Palestine News and Information Agency", "source_scale": "National", "notes": "On 24 December 2023, Israeli warplanes carried out airstrikes near the Kerem Shalom Crossing southeast of Rafah (coded to Yibna, Gaza Strip), killing a Palestinian and injuring another one.", "fatalities": 1, "tags": null, "timestamp": 1753954979 }, "geometry": { "type": "Point", "coordinates": [ 34.2482, 31.2842 ] } },
{ "type": "Feature", "properties": { "event_id_cnty": "PSE43610", "event_date": "12/24/2023", "year": 2023, "time_precision": 1, "disorder_type": "Political violence", "event_type": "Violence against civilians", "sub_event_type": "Attack", "actor1": "Military Forces of Israel (2022-)", "assoc_actor_1": null, "inter1": 8, "actor2": "Civilians (Palestine)", "assoc_actor_2": "Refugees/IDPs (Palestine)", "inter2": 7, "interaction": 78, "civilian_targeting": "Civilian targeting", "iso": 275, "region": "Middle East", "country": "Palestine", "admin1": "Gaza Strip", "admin2": "Gaza City", "admin3": null, "location": "Gaza - Az Zaytun", "latitude": 31.4964, "longitude": 34.4522, "geo_precision": 2, "source": "Palestine News and Information Agency", "source_scale": "National", "notes": "On 24 December 2023, Israeli military forces opened fire at displaced Palestinians who attempted to return to their homes south of Gaza City (coded to Gaza - Az Zaytun) (Gaza City, Gaza Strip), injuring a number of them.", "fatalities": 0, "tags": null, "timestamp": 1759789988 }, "geometry": { "type": "Point", "coordinates": [ 34.4522, 31.4964 ] } },
{ "type": "Feature", "properties": { "event_id_cnty": "PSE43946", "event_date": "12/24/2023", "year": 2023, "time_precision": 1, "disorder_type": "Political violence", "event_type": "Explosions/Remote violence", "sub_event_type": "Air/drone strike", "actor1": "Military Forces of Israel (2022-)", "assoc_actor_1": null, "inter1": 8, "actor2": "Civilians (Palestine)", "assoc_actor_2": null, "inter2": 7, "interaction": 78, "civilian_targeting": "Civilian targeting", "iso": 275, "region": "Middle East", "country": "Palestine", "admin1": "Gaza Strip", "admin2": "North Gaza", "admin3": null, "location": "Jabalya", "latitude": 31.5272, "longitude": 34.4835, "geo_precision": 1, "source": "Newpress; Palestine News and Information Agency; Palestinian Ministry of Health; Quds News Network; Twitter", "source_scale": "Other-New media", "notes": "On 24 December 2023, Israeli military forces opened fire while arresting civilians in Jabalya town (North Gaza, Gaza Strip). Meanwhile, warplanes and artillery struck houses and fired phosphorous bombs in Jabalya and Al Junrn area, leaving an unspecified number of fatalities and injuries among Palestinians. [Palestinian Ministry of Health reported 20674 fatalities between 7 October - 24 December. 116 fatalities not attributed to specific events split across 3 events on 24 December. 39 fatalities coded to this event.]", "fatalities": 39, "tags": null, "timestamp": 1759789988 }, "geometry": { "type": "Point", "coordinates": [ 34.4835, 31.5272 ] } },
{ "type": "Feature", "properties": { "event_id_cnty": "PSE44626", "event_date": "12/24/2023", "year": 2023, "time_precision": 1, "disorder_type": "Political violence", "event_type": "Explosions/Remote violence", "sub_event_type": "Air/drone strike", "actor1": "Military Forces of Israel (2022-)", "assoc_actor_1": null, "inter1": 8, "actor2": "Civilians (Palestine)", "assoc_actor_2": null, "inter2": 7, "interaction": 78, "civilian_targeting": "Civilian targeting", "iso": 275, "region": "Middle East", "country": "Palestine", "admin1": "Gaza Strip", "admin2": "Gaza City", "admin3": null, "location": "Gaza - Az Zaytun", "latitude": 31.4964, "longitude": 34.4522, "geo_precision": 2, "source": "Ma'an News Agency; Palestinian Ministry of Health", "source_scale": "Other-National", "notes": "On 24 December 2023, Israeli warplanes struck areas near the Palace of Justice in south of Gaza City (coded as Gaza - Az Zaytun, Gaza Strip) leading to an unspecified number of fatalities. [Palestinian Ministry of Health reported 20674 fatalities between 7 October - 24 December. 116 fatalities not attributed to specific events split across 3 events on 24 December. 39 fatalities coded to this event.]", "fatalities": 39, "tags": null, "timestamp": 1759789988 }, "geometry": { "type": "Point", "coordinates": [ 34.4522, 31.4964 ] } },
{ "type": "Feature", "properties": { "event_id_cnty": "PSE43974", "event_date": "12/24/2023", "year": 2023, "time_precision": 1, "disorder_type": "Political violence", "event_type": "Violence against civilians", "sub_event_type": "Attack", "actor1": "Police Forces of Palestine (2007-) Gaza Strip", "assoc_actor_1": "Hamas Movement", "inter1": 1, "actor2": "Civilians (Palestine)", "assoc_actor_2": null, "inter2": 7, "interaction": 17, "civilian_targeting": "Civilian targeting", "iso": 275, "region": "Middle East", "country": "Palestine", "admin1": "Gaza Strip", "admin2": "Rafah", "admin3": null, "location": "Rafah", "latitude": 31.287, "longitude": 34.2595, "geo_precision": 1, "source": "Joe Truzman; Twitter", "source_scale": "New media-National", "notes": "On 24 December 2023, Hamas police officers shot and dispersed Palestinians who were attempting to seize aid and materials in Rafah city (Rafah, Gaza Strip). Casualties unknown. This event involved violence over aid.", "fatalities": 0, "tags": null, "timestamp": 1762829569 }, "geometry": { "type": "Point", "coordinates": [ 34.2595, 31.287 ] } },
{ "type": "Feature", "properties": { "event_id_cnty": "PSE43996", "event_date": "12/25/2023", "year": 2023, "time_precision": 1, "disorder_type": "Political violence", "event_type": "Explosions/Remote violence", "sub_event_type": "Air/drone strike", "actor1": "Military Forces of Israel (2022-)", "assoc_actor_1": null, "inter1": 8, "actor2": "Civilians (Palestine)", "assoc_actor_2": null, "inter2": 7, "interaction": 78, "civilian_targeting": "Civilian targeting", "iso": 275, "region": "Middle East", "country": "Palestine", "admin1": "Gaza Strip", "admin2": "Khan Yunis", "admin3": null, "location": "Khan Yunis - Al Amal", "latitude": 31.3544, "longitude": 34.3007, "geo_precision": 1, "source": "Liveuamap; Palestine News and Information Agency", "source_scale": "Local partner-New media", "notes": "On 25 December 2023, Israeli warplanes struck a house in Khan Yunis - Al Amal (Khan Yunis, Gaza Strip), killing 5 Palestinians and injuring several of others.", "fatalities": 5, "tags": null, "timestamp": 1753954979 }, "geometry": { "type": "Point", "coordinates": [ 34.3007, 31.3544 ] } },
{ "type": "Feature", "properties": { "event_id_cnty": "PSE44009", "event_date": "12/25/2023", "year": 2023, "time_precision": 1, "disorder_type": "Political violence", "event_type": "Explosions/Remote violence", "sub_event_type": "Air/drone strike", "actor1": "Military Forces of Israel (2022-)", "assoc_actor_1": null, "inter1": 8, "actor2": "Civilians (Palestine)", "assoc_actor_2": null, "inter2": 7, "interaction": 78, "civilian_targeting": "Civilian targeting", "iso": 275, "region": "Middle East", "country": "Palestine", "admin1": "Gaza Strip", "admin2": "Khan Yunis", "admin3": null, "location": "Khan Yunis - City Centre", "latitude": 31.3419, "longitude": 34.3015, "geo_precision": 1, "source": "Quds News Network; Twitter", "source_scale": "New media-National", "notes": "On 25 December 2023, Israeli warplanes carried out airstrikes in Khan Yunis - City Centre (Rafah, Gaza Strip), killing a Palestinian and injuring others.", "fatalities": 1, "tags": null, "timestamp": 1753954979 }, "geometry": { "type": "Point", "coordinates": [ 34.3015, 31.3419 ] } },
{ "type": "Feature", "properties": { "event_id_cnty": "PSE43986", "event_date": "12/25/2023", "year": 2023, "time_precision": 1, "disorder_type": "Political violence", "event_type": "Explosions/Remote violence", "sub_event_type": "Air/drone strike", "actor1": "Military Forces of Israel (2022-)", "assoc_actor_1": null, "inter1": 8, "actor2": "Civilians (Palestine)", "assoc_actor_2": null, "inter2": 7, "interaction": 78, "civilian_targeting": "Civilian targeting", "iso": 275, "region": "Middle East", "country": "Palestine", "admin1": "Gaza Strip", "admin2": "Deir El Balah", "admin3": null, "location": "Al Burayj", "latitude": 31.4394, "longitude": 34.4031, "geo_precision": 1, "source": "Palestine News and Information Agency; Quds News Network; Twitter", "source_scale": "New media-National", "notes": "On 25 December 2023, Israeli warplanes carried out airstrikes and the artillery struck the vicinity of Abu Hilou schools in Al Burayj refugee camp (Deir El Balah, Gaza Strip) leading to the death of at least 25 Palestinians.", "fatalities": 25, "tags": null, "timestamp": 1753954979 }, "geometry": { "type": "Point", "coordinates": [ 34.4031, 31.4394 ] } },
{ "type": "Feature", "properties": { "event_id_cnty": "PSE43987", "event_date": "12/25/2023", "year": 2023, "time_precision": 1, "disorder_type": "Political violence", "event_type": "Explosions/Remote violence", "sub_event_type": "Air/drone strike", "actor1": "Military Forces of Israel (2022-)", "assoc_actor_1": null, "inter1": 8, "actor2": "Civilians (Palestine)", "assoc_actor_2": "Refugees/IDPs (Palestine)", "inter2": 7, "interaction": 78, "civilian_targeting": "Civilian targeting", "iso": 275, "region": "Middle East", "country": "Palestine", "admin1": "Gaza Strip", "admin2": "Deir El Balah", "admin3": null, "location": "An Nusayrat", "latitude": 31.4486, "longitude": 34.3925, "geo_precision": 1, "source": "Newpress; Palestine News and Information Agency; Quds News Network; Twitter", "source_scale": "New media-National", "notes": "On 25 December 2023, Israeli warplanes struck an agricultural land and a house in An Nusayrat refugee camp (Deir El Balah, Gaza Strip), causing fire in the area. As a result, 2 Palestinians were killed and others were injured.", "fatalities": 2, "tags": null, "timestamp": 1753954979 }, "geometry": { "type": "Point", "coordinates": [ 34.3925, 31.4486 ] } },
{ "type": "Feature", "properties": { "event_id_cnty": "PSE43614", "event_date": "12/25/2023", "year": 2023, "time_precision": 1, "disorder_type": "Political violence", "event_type": "Explosions/Remote violence", "sub_event_type": "Air/drone strike", "actor1": "Military Forces of Israel (2022-)", "assoc_actor_1": null, "inter1": 8, "actor2": "Civilians (Palestine)", "assoc_actor_2": "PFLP: Popular Front for the Liberation of Palestine", "inter2": 7, "interaction": 78, "civilian_targeting": "Civilian targeting", "iso": 275, "region": "Middle East", "country": "Palestine", "admin1": "Gaza Strip", "admin2": "Gaza City", "admin3": null, "location": "Gaza - Sheikh Radwan", "latitude": 31.5349, "longitude": 34.4667, "geo_precision": 1, "source": "Joe Truzman; Ma'an News Agency; Palestine News and Information Agency; Palestinian Ministry of Health; Twitter", "source_scale": "Other-New media", "notes": "On 25 December 2023, Israeli military forces shot and executed an unspecified number of Palestinians and left their bodies in the streets in Gaza - Sheikh Radwan (Gaza City, Gaza Strip). Also, warplanes struck houses in the area, killing the PFLP's Central Committee member, Ayman al-Madhoun. [Palestinian Ministry of Health reported 20915 fatalities between 7 October - 25 December. 189 fatalities not attributed to specific events split across 2 events on 25 December. 94 fatalities coded to this event.]", "fatalities": 94, "tags": null, "timestamp": 1759789988 }, "geometry": { "type": "Point", "coordinates": [ 34.4667, 31.5349 ] } },
{ "type": "Feature", "properties": { "event_id_cnty": "PSE43990", "event_date": "12/25/2023", "year": 2023, "time_precision": 1, "disorder_type": "Political violence", "event_type": "Explosions/Remote violence", "sub_event_type": "Air/drone strike", "actor1": "Military Forces of Israel (2022-)", "assoc_actor_1": null, "inter1": 8, "actor2": "Civilians (Palestine)", "assoc_actor_2": null, "inter2": 7, "interaction": 78, "civilian_targeting": "Civilian targeting", "iso": 275, "region": "Middle East", "country": "Palestine", "admin1": "Gaza Strip", "admin2": "Khan Yunis", "admin3": null, "location": "Al Fukhari", "latitude": 31.2952, "longitude": 34.3332, "geo_precision": 1, "source": "Newpress; Palestine News and Information Agency; Palestinian Ministry of Health; Quds News Network; Twitter", "source_scale": "Other-New media", "notes": "On 25 December 2023, Israeli warplanes struck the vicinity of the European hospital in Al Fukhari (Khan Yunis, Gaza Strip), leaving an unspecified number of fatalities and injuries. [Palestinian Ministry of Health reported 20915 fatalities between 7 October - 25 December. 189 fatalities not attributed to specific events split across 2 events on 25 December. 95 fatalities coded to this event.]", "fatalities": 95, "tags": null, "timestamp": 1753954979 }, "geometry": { "type": "Point", "coordinates": [ 34.3332, 31.2952 ] } },
{ "type": "Feature", "properties": { "event_id_cnty": "PSE43991", "event_date": "12/25/2023", "year": 2023, "time_precision": 1, "disorder_type": "Political violence", "event_type": "Explosions/Remote violence", "sub_event_type": "Air/drone strike", "actor1": "Military Forces of Israel (2022-)", "assoc_actor_1": null, "inter1": 8, "actor2": "Civilians (Palestine)", "assoc_actor_2": null, "inter2": 7, "interaction": 78, "civilian_targeting": "Civilian targeting", "iso": 275, "region": "Middle East", "country": "Palestine", "admin1": "Gaza Strip", "admin2": "Deir El Balah", "admin3": null, "location": "Al Maghazi", "latitude": 31.4214, "longitude": 34.3865, "geo_precision": 1, "source": "Palestine News and Information Agency; Quds News Network; Twitter", "source_scale": "New media-National", "notes": "On 25 December 2023, Israeli warplanes carried out airstrikes in Al Maghazi refugee camp (Deir El Balah, Gaza Strip). Casualties unknown. Meanwhile, the artillery shelled targets in the area. Also, 3 Palestinians were killed in airstrikes that targeted them while attempting to bury bodies.", "fatalities": 3, "tags": null, "timestamp": 1753954979 }, "geometry": { "type": "Point", "coordinates": [ 34.3865, 31.4214 ] } },
{ "type": "Feature", "properties": { "event_id_cnty": "PSE44143", "event_date": "12/25/2023", "year": 2023, "time_precision": 1, "disorder_type": "Political violence", "event_type": "Explosions/Remote violence", "sub_event_type": "Shelling/artillery/missile attack", "actor1": "Military Forces of Israel (2022-)", "assoc_actor_1": null, "inter1": 8, "actor2": "Civilians (Palestine)", "assoc_actor_2": null, "inter2": 7, "interaction": 78, "civilian_targeting": "Civilian targeting", "iso": 275, "region": "Middle East", "country": "Palestine", "admin1": "Gaza Strip", "admin2": "Rafah", "admin3": null, "location": "Yibna", "latitude": 31.2842, "longitude": 34.2482, "geo_precision": 2, "source": "PLO Negotiations Affairs Department; Quds News Network; Twitter", "source_scale": "Other-New media", "notes": "On 25 December 2023, Israeli artillery shelled targets east of Rafah (coded to Yibna, Gaza Strip), including the area of Sufa crossing and killed a Palestinian.", "fatalities": 1, "tags": null, "timestamp": 1753954979 }, "geometry": { "type": "Point", "coordinates": [ 34.2482, 31.2842 ] } },
{ "type": "Feature", "properties": { "event_id_cnty": "PSE43997", "event_date": "12/25/2023", "year": 2023, "time_precision": 1, "disorder_type": "Political violence", "event_type": "Explosions/Remote violence", "sub_event_type": "Air/drone strike", "actor1": "Military Forces of Israel (2022-)", "assoc_actor_1": null, "inter1": 8, "actor2": "Civilians (Palestine)", "assoc_actor_2": null, "inter2": 7, "interaction": 78, "civilian_targeting": "Civilian targeting", "iso": 275, "region": "Middle East", "country": "Palestine", "admin1": "Gaza Strip", "admin2": "Gaza City", "admin3": null, "location": "Juhr ad Dik", "latitude": 31.4557, "longitude": 34.4372, "geo_precision": 1, "source": "Palestine News and Information Agency; Quds News Network; Twitter", "source_scale": "New media-National", "notes": "On 25 December 2023, Israeli warplanes carried out airstrikes in Juhr ad Dik (Gaza City, Gaza Strip), killing 3 Palestinians.", "fatalities": 3, "tags": null, "timestamp": 1753954979 }, "geometry": { "type": "Point", "coordinates": [ 34.4372, 31.4557 ] } },
{ "type": "Feature", "properties": { "event_id_cnty": "PSE44023", "event_date": "12/26/2023", "year": 2023, "time_precision": 1, "disorder_type": "Political violence", "event_type": "Explosions/Remote violence", "sub_event_type": "Air/drone strike", "actor1": "Military Forces of Israel (2022-)", "assoc_actor_1": null, "inter1": 8, "actor2": "Civilians (Palestine)", "assoc_actor_2": "Labor Group (Palestine)", "inter2": 7, "interaction": 78, "civilian_targeting": "Civilian targeting", "iso": 275, "region": "Middle East", "country": "Palestine", "admin1": "Gaza Strip", "admin2": "Khan Yunis", "admin3": null, "location": "Khan Yunis - West (Municipal Stadium)", "latitude": 31.3484, "longitude": 34.2961, "geo_precision": 2, "source": "Arab 48; Dunia Al Watan; Palestine News and Information Agency; Quds News Network; Twitter", "source_scale": "New media-National", "notes": "On 26 December 2023, Israeli warplanes struck a house in the Holland neighborhood west of Khan Yunis (coded to Khan Yunis - West (Municipal Stadium)) (Gaza Strip). In addition, warplanes carried out airstrikes in the vicinity of Naser Hospital west of the city, killing a woman. Also 3 Palestinians were killed in an airstrike on a car belonging to the Gazan Water Authority. Total fatalities were 4.", "fatalities": 4, "tags": null, "timestamp": 1753954979 }, "geometry": { "type": "Point", "coordinates": [ 34.2961, 31.3484 ] } },
{ "type": "Feature", "properties": { "event_id_cnty": "PSE44028", "event_date": "12/26/2023", "year": 2023, "time_precision": 1, "disorder_type": "Political violence", "event_type": "Explosions/Remote violence", "sub_event_type": "Air/drone strike", "actor1": "Military Forces of Israel (2022-)", "assoc_actor_1": null, "inter1": 8, "actor2": "Civilians (Palestine)", "assoc_actor_2": "Refugees/IDPs (Palestine)", "inter2": 7, "interaction": 78, "civilian_targeting": "Civilian targeting", "iso": 275, "region": "Middle East", "country": "Palestine", "admin1": "Gaza Strip", "admin2": "Khan Yunis", "admin3": null, "location": "Khan Yunis", "latitude": 31.3502, "longitude": 34.3081, "geo_precision": 1, "source": "Al Ghad (Jordan); Newpress; Palestine News and Information Agency; Quds News Network; Twitter", "source_scale": "New media-National", "notes": "On 26 December 2023, Israeli warplanes carried out airstrikes in Khan Yunis city (Khan Yunis, Gaza Strip), killing 10 Palestinians. Also, the artillery shelled the Palestinian Red Crescent office in Khan Yunis, injuring a number of displaced Palestinians. Total fatalities were 10.", "fatalities": 10, "tags": null, "timestamp": 1753954979 }, "geometry": { "type": "Point", "coordinates": [ 34.3081, 31.3502 ] } },
{ "type": "Feature", "properties": { "event_id_cnty": "PSE44036", "event_date": "12/26/2023", "year": 2023, "time_precision": 1, "disorder_type": "Political violence", "event_type": "Explosions/Remote violence", "sub_event_type": "Air/drone strike", "actor1": "Military Forces of Israel (2022-)", "assoc_actor_1": null, "inter1": 8, "actor2": "Civilians (Palestine)", "assoc_actor_2": null, "inter2": 7, "interaction": 78, "civilian_targeting": "Civilian targeting", "iso": 275, "region": "Middle East", "country": "Palestine", "admin1": "Gaza Strip", "admin2": "Khan Yunis", "admin3": null, "location": "Bani Suheila", "latitude": 31.3424, "longitude": 34.325, "geo_precision": 2, "source": "Palestine News and Information Agency; Quds News Network; Twitter", "source_scale": "New media-National", "notes": "On 26 December 2023, Israeli warplanes carried out airstrikes and destroyed a house east of Khan Yunis (coded to Bani Suheila) (Khan Yunis, Gaza Strip). Casualties unknown.", "fatalities": 0, "tags": null, "timestamp": 1753954979 }, "geometry": { "type": "Point", "coordinates": [ 34.325, 31.3424 ] } },
{ "type": "Feature", "properties": { "event_id_cnty": "PSE44050", "event_date": "12/26/2023", "year": 2023, "time_precision": 1, "disorder_type": "Political violence", "event_type": "Explosions/Remote violence", "sub_event_type": "Air/drone strike", "actor1": "Military Forces of Israel (2022-)", "assoc_actor_1": null, "inter1": 8, "actor2": "Civilians (Palestine)", "assoc_actor_2": null, "inter2": 7, "interaction": 78, "civilian_targeting": "Civilian targeting", "iso": 275, "region": "Middle East", "country": "Palestine", "admin1": "Gaza Strip", "admin2": "Khan Yunis", "admin3": null, "location": "Al Mawasi (Khan Yunis)", "latitude": 31.3482, "longitude": 34.2547, "geo_precision": 1, "source": "Quds News Network; Twitter", "source_scale": "New media-National", "notes": "On 26 December 2023, Israeli warplanes struck a house in Al Mawasi (Khan Yunis) (Gaza Strip), killing a woman and injuring another 8 Palestinians.", "fatalities": 1, "tags": null, "timestamp": 1762829569 }, "geometry": { "type": "Point", "coordinates": [ 34.2547, 31.3482 ] } },
{ "type": "Feature", "properties": { "event_id_cnty": "PSE44034", "event_date": "12/26/2023", "year": 2023, "time_precision": 1, "disorder_type": "Political violence", "event_type": "Explosions/Remote violence", "sub_event_type": "Air/drone strike", "actor1": "Military Forces of Israel (2022-)", "assoc_actor_1": null, "inter1": 8, "actor2": "Civilians (Palestine)", "assoc_actor_2": "Refugees/IDPs (Palestine)", "inter2": 7, "interaction": 78, "civilian_targeting": "Civilian targeting", "iso": 275, "region": "Middle East", "country": "Palestine", "admin1": "Gaza Strip", "admin2": "Deir El Balah", "admin3": null, "location": "Al Burayj", "latitude": 31.4394, "longitude": 34.4031, "geo_precision": 1, "source": "Newpress; Palestine News and Information Agency; Quds News Network; Twitter", "source_scale": "New media-National", "notes": "On 26 December 2023, Israeli warplanes carried out airstrikes in Al Burayj refugee camp (Deir El Balah, Gaza Strip). As a result, 2 Palestinians, including a woman, were killed, and several others were injured in Al Burayj and Al Maghazi, with fatalities split across 2 events, and 1 fatalities coded to Al Burayj. Also, 3 persons were killed and number of Palestinians were injured in an airstrike on a house. Total fatalities coded to this location were 4.", "fatalities": 4, "tags": null, "timestamp": 1753954979 }, "geometry": { "type": "Point", "coordinates": [ 34.4031, 31.4394 ] } },
{ "type": "Feature", "properties": { "event_id_cnty": "PSE44035", "event_date": "12/26/2023", "year": 2023, "time_precision": 1, "disorder_type": "Political violence", "event_type": "Explosions/Remote violence", "sub_event_type": "Air/drone strike", "actor1": "Military Forces of Israel (2022-)", "assoc_actor_1": null, "inter1": 8, "actor2": "Civilians (Palestine)", "assoc_actor_2": "Refugees/IDPs (Palestine)", "inter2": 7, "interaction": 78, "civilian_targeting": "Civilian targeting", "iso": 275, "region": "Middle East", "country": "Palestine", "admin1": "Gaza Strip", "admin2": "Deir El Balah", "admin3": null, "location": "Al Maghazi", "latitude": 31.4214, "longitude": 34.3865, "geo_precision": 1, "source": "Palestine News and Information Agency; Quds News Network; Twitter", "source_scale": "New media-National", "notes": "On 26 December 2023, Israeli warplanes carried out airstrikes in Al Maghazi refugee camp (Deir El Balah, Gaza Strip). As a result, 2 Palestinians, including a woman, were killed, and several others were injured in Al Burayj and Al Maghazi, with fatalities split across 2 events, and 1 fatalities coded to Al Maghazi. Also, the artillery shelled targets in the area.", "fatalities": 1, "tags": null, "timestamp": 1753954979 }, "geometry": { "type": "Point", "coordinates": [ 34.3865, 31.4214 ] } },
{ "type": "Feature", "properties": { "event_id_cnty": "PSE44052", "event_date": "12/26/2023", "year": 2023, "time_precision": 1, "disorder_type": "Political violence", "event_type": "Explosions/Remote violence", "sub_event_type": "Air/drone strike", "actor1": "Military Forces of Israel (2022-)", "assoc_actor_1": null, "inter1": 8, "actor2": "Civilians (Palestine)", "assoc_actor_2": "Refugees/IDPs (Palestine)", "inter2": 7, "interaction": 78, "civilian_targeting": "Civilian targeting", "iso": 275, "region": "Middle East", "country": "Palestine", "admin1": "Gaza Strip", "admin2": "Deir El Balah", "admin3": null, "location": "An Nusayrat", "latitude": 31.4486, "longitude": 34.3925, "geo_precision": 1, "source": "Quds News Network; Twitter", "source_scale": "New media-National", "notes": "On 26 December 2023, Israeli warplanes struck a house in An Nusayrat refugee camp (Deir El Balah, Gaza Strip), leaving at least 8 fatalities among Palestinians.", "fatalities": 8, "tags": null, "timestamp": 1753954979 }, "geometry": { "type": "Point", "coordinates": [ 34.3925, 31.4486 ] } },
{ "type": "Feature", "properties": { "event_id_cnty": "PSE43638", "event_date": "12/26/2023", "year": 2023, "time_precision": 1, "disorder_type": "Political violence", "event_type": "Violence against civilians", "sub_event_type": "Attack", "actor1": "Military Forces of Israel (2022-)", "assoc_actor_1": null, "inter1": 8, "actor2": "Civilians (Palestine)", "assoc_actor_2": "Journalists (Palestine)", "inter2": 7, "interaction": 78, "civilian_targeting": "Civilian targeting", "iso": 275, "region": "Middle East", "country": "Palestine", "admin1": "Gaza Strip", "admin2": "North Gaza", "admin3": null, "location": "Beit Hanoun", "latitude": 31.5405, "longitude": 34.5402, "geo_precision": 1, "source": "Quds News Network; Twitter", "source_scale": "New media-National", "notes": "On 26 December 2023, Israeli military forces opened fire at Palestinian civilians and journalists in Beit Hanoun (North Gaza, Gaza Strip). Casualties unknown.", "fatalities": 0, "tags": null, "timestamp": 1753954979 }, "geometry": { "type": "Point", "coordinates": [ 34.5402, 31.5405 ] } },
{ "type": "Feature", "properties": { "event_id_cnty": "PSE44016", "event_date": "12/26/2023", "year": 2023, "time_precision": 1, "disorder_type": "Political violence", "event_type": "Explosions/Remote violence", "sub_event_type": "Air/drone strike", "actor1": "Military Forces of Israel (2022-)", "assoc_actor_1": null, "inter1": 8, "actor2": "Civilians (Palestine)", "assoc_actor_2": null, "inter2": 7, "interaction": 78, "civilian_targeting": "Civilian targeting", "iso": 275, "region": "Middle East", "country": "Palestine", "admin1": "Gaza Strip", "admin2": "Rafah", "admin3": null, "location": "Yibna", "latitude": 31.2842, "longitude": 34.2482, "geo_precision": 2, "source": "PLO Negotiations Affairs Department; Quds News Network; Twitter", "source_scale": "Other-New media", "notes": "On 26 December 2023, Israeli warplanes struck a house while artillery and tanks shelled targets east of Rafah (coded to Yibna, Gaza Strip). Casualties unknown.", "fatalities": 0, "tags": null, "timestamp": 1753954979 }, "geometry": { "type": "Point", "coordinates": [ 34.2482, 31.2842 ] } },
{ "type": "Feature", "properties": { "event_id_cnty": "PSE44041", "event_date": "12/26/2023", "year": 2023, "time_precision": 1, "disorder_type": "Political violence", "event_type": "Explosions/Remote violence", "sub_event_type": "Air/drone strike", "actor1": "Military Forces of Israel (2022-)", "assoc_actor_1": null, "inter1": 8, "actor2": "Civilians (Palestine)", "assoc_actor_2": null, "inter2": 7, "interaction": 78, "civilian_targeting": "Civilian targeting", "iso": 275, "region": "Middle East", "country": "Palestine", "admin1": "Gaza Strip", "admin2": "North Gaza", "admin3": null, "location": "Jabalya", "latitude": 31.5272, "longitude": 34.4835, "geo_precision": 1, "source": "Newpress; Palestinian Ministry of Health; Quds News Network; Twitter", "source_scale": "Other-New media", "notes": "On 26 December 2023, Israeli warplanes carried out airstrikes in Jabalya town (North Gaza, Gaza Strip). Also, the artillery shelled the vicinity of Said Ibn-Abu Waqqas Mosque, leaving an unspecified number of fatalities among Palestinians. [Palestinian Ministry of Health reported 21110 fatalities between 7 October - 26 December. 162 fatalities not attributed to specific events added to 1 event on 26 December. 162 fatalities coded to this event.]", "fatalities": 162, "tags": null, "timestamp": 1759789988 }, "geometry": { "type": "Point", "coordinates": [ 34.4835, 31.5272 ] } },
{ "type": "Feature", "properties": { "event_id_cnty": "PSE44025", "event_date": "12/26/2023", "year": 2023, "time_precision": 1, "disorder_type": "Political violence", "event_type": "Explosions/Remote violence", "sub_event_type": "Air/drone strike", "actor1": "Military Forces of Israel (2022-)", "assoc_actor_1": null, "inter1": 8, "actor2": "Civilians (Palestine)", "assoc_actor_2": null, "inter2": 7, "interaction": 78, "civilian_targeting": "Civilian targeting", "iso": 275, "region": "Middle East", "country": "Palestine", "admin1": "Gaza Strip", "admin2": "Rafah", "admin3": null, "location": "Rafah", "latitude": 31.287, "longitude": 34.2595, "geo_precision": 1, "source": "Palestine News and Information Agency", "source_scale": "National", "notes": "On 26 December 2023, Israeli warplanes struck a house near al-Nejma square in Rafah city (Rafah, Gaza Strip), causing a number of injuries among Palestinians.", "fatalities": 0, "tags": null, "timestamp": 1762829569 }, "geometry": { "type": "Point", "coordinates": [ 34.2595, 31.287 ] } },
{ "type": "Feature", "properties": { "event_id_cnty": "PSE44026", "event_date": "12/26/2023", "year": 2023, "time_precision": 1, "disorder_type": "Political violence", "event_type": "Explosions/Remote violence", "sub_event_type": "Air/drone strike", "actor1": "Military Forces of Israel (2022-)", "assoc_actor_1": null, "inter1": 8, "actor2": "Civilians (Palestine)", "assoc_actor_2": "Refugees/IDPs (Palestine)", "inter2": 7, "interaction": 78, "civilian_targeting": "Civilian targeting", "iso": 275, "region": "Middle East", "country": "Palestine", "admin1": "Gaza Strip", "admin2": "Rafah", "admin3": null, "location": "Rafah Camp", "latitude": 31.2847, "longitude": 34.2546, "geo_precision": 1, "source": "Palestine News and Information Agency; Quds News Network; Twitter", "source_scale": "New media-National", "notes": "On 26 December 2023, Israeli warplanes struck a house in Al Shaboura refugee camp in Mukhayyam Rafah camp (Rafah, Gaza Strip). Casualties unknown.", "fatalities": 0, "tags": null, "timestamp": 1753954979 }, "geometry": { "type": "Point", "coordinates": [ 34.2546, 31.2847 ] } },
{ "type": "Feature", "properties": { "event_id_cnty": "PSE44048", "event_date": "12/26/2023", "year": 2023, "time_precision": 1, "disorder_type": "Political violence", "event_type": "Explosions/Remote violence", "sub_event_type": "Air/drone strike", "actor1": "Military Forces of Israel (2022-)", "assoc_actor_1": null, "inter1": 8, "actor2": "Civilians (Palestine)", "assoc_actor_2": null, "inter2": 7, "interaction": 78, "civilian_targeting": "Civilian targeting", "iso": 275, "region": "Middle East", "country": "Palestine", "admin1": "Gaza Strip", "admin2": "Khan Yunis", "admin3": null, "location": "Khan Yunis - Jourat Al-Loot", "latitude": 31.3314, "longitude": 34.3004, "geo_precision": 1, "source": "Quds News Network; Twitter", "source_scale": "New media-National", "notes": "On 26 December 2023, Israeli warplanes struck a house in Khan Yunis - Jourat Al-Loot (Khan Yunis, Gaza Strip), killing 2 Palestinians.", "fatalities": 2, "tags": null, "timestamp": 1753954979 }, "geometry": { "type": "Point", "coordinates": [ 34.3004, 31.3314 ] } },
{ "type": "Feature", "properties": { "event_id_cnty": "PSE43662", "event_date": "12/27/2023", "year": 2023, "time_precision": 1, "disorder_type": "Political violence", "event_type": "Violence against civilians", "sub_event_type": "Attack", "actor1": "Military Forces of Israel (2022-)", "assoc_actor_1": null, "inter1": 8, "actor2": "Civilians (Palestine)", "assoc_actor_2": null, "inter2": 7, "interaction": 78, "civilian_targeting": "Civilian targeting", "iso": 275, "region": "Middle East", "country": "Palestine", "admin1": "Gaza Strip", "admin2": "Gaza City", "admin3": null, "location": "Gaza - Sheikh Radwan", "latitude": 31.5349, "longitude": 34.4667, "geo_precision": 2, "source": "Ma'an News Agency; Newpress; Palestine News and Information Agency; Quds News Network; Twitter", "source_scale": "New media-National", "notes": "On 27 December 2023, Israeli snipers shot and killed 6 Palestinians while they were crossing the Al Saftawi area, north of Gaza - Sheikh Radwan (Gaza City, Gaza Strip).", "fatalities": 6, "tags": null, "timestamp": 1759789988 }, "geometry": { "type": "Point", "coordinates": [ 34.4667, 31.5349 ] } },
{ "type": "Feature", "properties": { "event_id_cnty": "PSE44075", "event_date": "12/27/2023", "year": 2023, "time_precision": 1, "disorder_type": "Political violence", "event_type": "Explosions/Remote violence", "sub_event_type": "Air/drone strike", "actor1": "Military Forces of Israel (2022-)", "assoc_actor_1": null, "inter1": 8, "actor2": "Civilians (Palestine)", "assoc_actor_2": null, "inter2": 7, "interaction": 78, "civilian_targeting": "Civilian targeting", "iso": 275, "region": "Middle East", "country": "Palestine", "admin1": "Gaza Strip", "admin2": "Khan Yunis", "admin3": null, "location": "Khan Yunis - Al Amal", "latitude": 31.3544, "longitude": 34.3007, "geo_precision": 1, "source": "Ma'an News Agency; Newpress; Palestine News and Information Agency; Quds News Network; Twitter", "source_scale": "New media-National", "notes": "On 27 December 2023, Israeli warplanes carried out airstrikes in the vicinity of Al Amal Hospital in Khan Yunis - Al Amal (Khan Yunis, Gaza Strip), killing 20 Palestinians and injuring dozens.", "fatalities": 20, "tags": null, "timestamp": 1753954979 }, "geometry": { "type": "Point", "coordinates": [ 34.3007, 31.3544 ] } },
{ "type": "Feature", "properties": { "event_id_cnty": "PSE44077", "event_date": "12/27/2023", "year": 2023, "time_precision": 1, "disorder_type": "Political violence", "event_type": "Explosions/Remote violence", "sub_event_type": "Air/drone strike", "actor1": "Military Forces of Israel (2022-)", "assoc_actor_1": null, "inter1": 8, "actor2": "Civilians (Palestine)", "assoc_actor_2": null, "inter2": 7, "interaction": 78, "civilian_targeting": "Civilian targeting", "iso": 275, "region": "Middle East", "country": "Palestine", "admin1": "Gaza Strip", "admin2": "Khan Yunis", "admin3": null, "location": "Khan Yunis - City Centre", "latitude": 31.3419, "longitude": 34.3015, "geo_precision": 1, "source": "Palestine News and Information Agency; Quds News Network; Twitter", "source_scale": "New media-National", "notes": "On 27 December 2023, Israeli warplanes carried out airstrikes in Khan Yunis - City Centre (Khan Yunis, Gaza Strip) and the artillery shelled the area. As a result, 2 Palestinians were killed in Karaj Rafah in central Khan Yunis by airstrikes.", "fatalities": 2, "tags": null, "timestamp": 1753954979 }, "geometry": { "type": "Point", "coordinates": [ 34.3015, 31.3419 ] } },
{ "type": "Feature", "properties": { "event_id_cnty": "PSE44197", "event_date": "12/27/2023", "year": 2023, "time_precision": 1, "disorder_type": "Political violence", "event_type": "Explosions/Remote violence", "sub_event_type": "Shelling/artillery/missile attack", "actor1": "Military Forces of Israel (2022-)", "assoc_actor_1": null, "inter1": 8, "actor2": "Civilians (Palestine)", "assoc_actor_2": null, "inter2": 7, "interaction": 78, "civilian_targeting": "Civilian targeting", "iso": 275, "region": "Middle East", "country": "Palestine", "admin1": "Gaza Strip", "admin2": "Khan Yunis", "admin3": null, "location": "Bani Suheila", "latitude": 31.3424, "longitude": 34.325, "geo_precision": 2, "source": "Newpress; Palestine News and Information Agency; Quds News Network; Twitter", "source_scale": "New media-National", "notes": "On 27 December 2023, Israeli artillery shelled targets east of Khan Yunis city (coded to Bani Suheila) (Khan Yunis, Gaza Strip). As a result, 4 Palestinians were killed in Maen and Abasan. Fatalities split across 2 events.", "fatalities": 2, "tags": null, "timestamp": 1753954979 }, "geometry": { "type": "Point", "coordinates": [ 34.325, 31.3424 ] } },
{ "type": "Feature", "properties": { "event_id_cnty": "PSE44198", "event_date": "12/27/2023", "year": 2023, "time_precision": 1, "disorder_type": "Political violence", "event_type": "Explosions/Remote violence", "sub_event_type": "Shelling/artillery/missile attack", "actor1": "Military Forces of Israel (2022-)", "assoc_actor_1": null, "inter1": 8, "actor2": "Civilians (Palestine)", "assoc_actor_2": null, "inter2": 7, "interaction": 78, "civilian_targeting": "Civilian targeting", "iso": 275, "region": "Middle East", "country": "Palestine", "admin1": "Gaza Strip", "admin2": "Khan Yunis", "admin3": null, "location": "Abasan al Kabirah", "latitude": 31.3191, "longitude": 34.3401, "geo_precision": 1, "source": "Newpress; Quds News Network; Twitter", "source_scale": "New media-National", "notes": "On 27 December 2023, Israeli artillery shelled targets in Abasan al Kabirah (Khan Yunis, Gaza Strip). As a result, 4 Palestinians were killed in Maen and Abasan. As a result, 4 Palestinians were killed in Maen and Abasan. Fatalities split across 2 events.", "fatalities": 2, "tags": null, "timestamp": 1753954979 }, "geometry": { "type": "Point", "coordinates": [ 34.3401, 31.3191 ] } },
{ "type": "Feature", "properties": { "event_id_cnty": "PSE44063", "event_date": "12/27/2023", "year": 2023, "time_precision": 1, "disorder_type": "Political violence", "event_type": "Explosions/Remote violence", "sub_event_type": "Air/drone strike", "actor1": "Military Forces of Israel (2022-)", "assoc_actor_1": null, "inter1": 8, "actor2": "Civilians (Palestine)", "assoc_actor_2": "Refugees/IDPs (Palestine)", "inter2": 7, "interaction": 78, "civilian_targeting": "Civilian targeting", "iso": 275, "region": "Middle East", "country": "Palestine", "admin1": "Gaza Strip", "admin2": "Deir El Balah", "admin3": null, "location": "Al Maghazi", "latitude": 31.4214, "longitude": 34.3865, "geo_precision": 1, "source": "Ma'an News Agency; Palestine News and Information Agency; Quds News Network", "source_scale": "National", "notes": "On 27 December 2023, Israeli warplanes carried out airstrikes in Al Maghazi refugee camp (Deir El Balah, Gaza Strip). As a result, 5 displaced Palestinians were killed in an airstrike targeted a school.", "fatalities": 5, "tags": null, "timestamp": 1753954979 }, "geometry": { "type": "Point", "coordinates": [ 34.3865, 31.4214 ] } },
{ "type": "Feature", "properties": { "event_id_cnty": "PSE44076", "event_date": "12/27/2023", "year": 2023, "time_precision": 1, "disorder_type": "Political violence", "event_type": "Explosions/Remote violence", "sub_event_type": "Air/drone strike", "actor1": "Military Forces of Israel (2022-)", "assoc_actor_1": null, "inter1": 8, "actor2": "Civilians (Palestine)", "assoc_actor_2": null, "inter2": 7, "interaction": 78, "civilian_targeting": "Civilian targeting", "iso": 275, "region": "Middle East", "country": "Palestine", "admin1": "Gaza Strip", "admin2": "Deir El Balah", "admin3": null, "location": "Az Zawayda", "latitude": 31.4284, "longitude": 34.366, "geo_precision": 1, "source": "Liveuamap; Palestine News and Information Agency; Quds News Network; Twitter", "source_scale": "Local partner-New media", "notes": "On 27 December 2023, Israeli warplanes carried out airstrikes in Az Zawayda (Deir El Balah, Gaza Strip). As a result, a number of Palestinians were injured.", "fatalities": 0, "tags": null, "timestamp": 1767742780 }, "geometry": { "type": "Point", "coordinates": [ 34.366, 31.4284 ] } },
{ "type": "Feature", "properties": { "event_id_cnty": "PSE44084", "event_date": "12/27/2023", "year": 2023, "time_precision": 1, "disorder_type": "Political violence", "event_type": "Explosions/Remote violence", "sub_event_type": "Air/drone strike", "actor1": "Military Forces of Israel (2022-)", "assoc_actor_1": null, "inter1": 8, "actor2": "Civilians (Palestine)", "assoc_actor_2": null, "inter2": 7, "interaction": 78, "civilian_targeting": "Civilian targeting", "iso": 275, "region": "Middle East", "country": "Palestine", "admin1": "Gaza Strip", "admin2": "Deir El Balah", "admin3": null, "location": "Deir al Balah", "latitude": 31.4178, "longitude": 34.3503, "geo_precision": 1, "source": "Newpress; Quds News Network; Twitter", "source_scale": "New media-National", "notes": "On 27 December 2023, Israeli warplanes carried out airstrikes in Deir al Balah City (Deir El Balah, Gaza Strip), killing a woman and injuring several Palestinians. Also, a Palestinian was killed, and several others were injured in a separate airstrike on a car. The total confirmed fatalities were 2.", "fatalities": 2, "tags": null, "timestamp": 1753954979 }, "geometry": { "type": "Point", "coordinates": [ 34.3503, 31.4178 ] } },
{ "type": "Feature", "properties": { "event_id_cnty": "PSE44088", "event_date": "12/27/2023", "year": 2023, "time_precision": 2, "disorder_type": "Political violence", "event_type": "Explosions/Remote violence", "sub_event_type": "Air/drone strike", "actor1": "Military Forces of Israel (2022-)", "assoc_actor_1": null, "inter1": 8, "actor2": "Civilians (Palestine)", "assoc_actor_2": null, "inter2": 7, "interaction": 78, "civilian_targeting": "Civilian targeting", "iso": 275, "region": "Middle East", "country": "Palestine", "admin1": "Gaza Strip", "admin2": "North Gaza", "admin3": null, "location": "Jabalya Camp", "latitude": 31.536, "longitude": 34.4907, "geo_precision": 2, "source": "Quds News Network; Twitter", "source_scale": "New media-National", "notes": "Around 27 December 2023 (as reported), an Israeli airstrike hit the home of a Palestinian family east of Mukhayyam Jabalya camp (North Gaza, Gaza Strip), killing 20 people from the same family. The Palestinian civil defense recovered their bodies on 27 December.", "fatalities": 20, "tags": null, "timestamp": 1753954979 }, "geometry": { "type": "Point", "coordinates": [ 34.4907, 31.536 ] } },
{ "type": "Feature", "properties": { "event_id_cnty": "PSE44064", "event_date": "12/27/2023", "year": 2023, "time_precision": 1, "disorder_type": "Political violence", "event_type": "Explosions/Remote violence", "sub_event_type": "Air/drone strike", "actor1": "Military Forces of Israel (2022-)", "assoc_actor_1": null, "inter1": 8, "actor2": "Civilians (Palestine)", "assoc_actor_2": "Refugees/IDPs (Palestine)", "inter2": 7, "interaction": 78, "civilian_targeting": "Civilian targeting", "iso": 275, "region": "Middle East", "country": "Palestine", "admin1": "Gaza Strip", "admin2": "Deir El Balah", "admin3": null, "location": "An Nusayrat", "latitude": 31.4486, "longitude": 34.3925, "geo_precision": 1, "source": "Liveuamap; Palestine News and Information Agency; Palestinian Ministry of Health; Quds News Network; Twitter", "source_scale": "Local partner-New media", "notes": "On 27 December 2023, Israeli warplanes and artillery struck houses in An Nusayrat refugee camp (Deir El Balah, Gaza Strip), leaving an unspecified number of fatalities and dozens of injuries among Palestinians. Also, 7 Palestinians were killed and several others sustained injuries in an airstrike that targeted a house. [Palestinian Ministry of Health reported 21320 fatalities between 7 October - 27 December. 117 fatalities not attributed to specific events split across 4 events on 27 December. 29 fatalities coded to this event.] Total fatalities coded as 36 (29 presumed, 7 confirmed).", "fatalities": 36, "tags": null, "timestamp": 1753954979 }, "geometry": { "type": "Point", "coordinates": [ 34.3925, 31.4486 ] } },
{ "type": "Feature", "properties": { "event_id_cnty": "PSE44062", "event_date": "12/27/2023", "year": 2023, "time_precision": 1, "disorder_type": "Political violence", "event_type": "Explosions/Remote violence", "sub_event_type": "Air/drone strike", "actor1": "Military Forces of Israel (2022-)", "assoc_actor_1": null, "inter1": 8, "actor2": "Civilians (Palestine)", "assoc_actor_2": "Refugees/IDPs (Palestine)", "inter2": 7, "interaction": 78, "civilian_targeting": "Civilian targeting", "iso": 275, "region": "Middle East", "country": "Palestine", "admin1": "Gaza Strip", "admin2": "Deir El Balah", "admin3": null, "location": "Al Burayj", "latitude": 31.4394, "longitude": 34.4031, "geo_precision": 1, "source": "Ma'an News Agency; Palestine News and Information Agency; Palestinian Ministry of Health; Quds News Network; Twitter", "source_scale": "Other-New media", "notes": "On 27 December 2023, Israeli warplanes carried out airstrikes in Al Burayj refugee camp (Deir El Balah, Gaza Strip), and the artillery shelled targets in the area. As a result, an unspecified number of Palestinians were killed and injured. Unspecified number of fatalities coded as 3. Also, 2 Palestinians were killed after a UAV targeted them in the camp. [Palestinian Ministry of Health reported 21320 fatalities between 7 October - 27 December. 117 fatalities not attributed to specific events split across 4 events on 27 December. 29 fatalities coded to this event.] Total fatalities were coded as 31 (2 confirmed, 29 presumed).", "fatalities": 31, "tags": null, "timestamp": 1753954979 }, "geometry": { "type": "Point", "coordinates": [ 34.4031, 31.4394 ] } },
{ "type": "Feature", "properties": { "event_id_cnty": "PSE44070", "event_date": "12/27/2023", "year": 2023, "time_precision": 1, "disorder_type": "Political violence", "event_type": "Explosions/Remote violence", "sub_event_type": "Air/drone strike", "actor1": "Military Forces of Israel (2022-)", "assoc_actor_1": null, "inter1": 8, "actor2": "Civilians (Palestine)", "assoc_actor_2": null, "inter2": 7, "interaction": 78, "civilian_targeting": "Civilian targeting", "iso": 275, "region": "Middle East", "country": "Palestine", "admin1": "Gaza Strip", "admin2": "Gaza City", "admin3": null, "location": "Gaza - Southern Remal", "latitude": 31.5168, "longitude": 34.4355, "geo_precision": 1, "source": "Ma'an News Agency; Palestine News and Information Agency; Palestinian Ministry of Health", "source_scale": "Other-National", "notes": "On 27 December 2023, Israeli warplanes struck a residential building near Al Azhar University in Gaza - Southern Remal (Gaza City, Gaza Strip), with more than 60 civilians are missing leaving an unspecified number of fatalities. [Palestinian Ministry of Health reported 21320 fatalities between 7 October - 27 December. 117 fatalities not attributed to specific events split across 4 events on 27 December. 29 fatalities coded to this event.]", "fatalities": 29, "tags": null, "timestamp": 1759789988 }, "geometry": { "type": "Point", "coordinates": [ 34.4355, 31.5168 ] } },
{ "type": "Feature", "properties": { "event_id_cnty": "PSE44089", "event_date": "12/27/2023", "year": 2023, "time_precision": 1, "disorder_type": "Political violence", "event_type": "Explosions/Remote violence", "sub_event_type": "Air/drone strike", "actor1": "Military Forces of Israel (2022-)", "assoc_actor_1": null, "inter1": 8, "actor2": "Civilians (Palestine)", "assoc_actor_2": null, "inter2": 7, "interaction": 78, "civilian_targeting": "Civilian targeting", "iso": 275, "region": "Middle East", "country": "Palestine", "admin1": "Gaza Strip", "admin2": "North Gaza", "admin3": null, "location": "Beit Lahiya - Al Mashroo", "latitude": 31.5433, "longitude": 34.4998, "geo_precision": 1, "source": "Palestinian Ministry of Health; Quds News Network; Twitter", "source_scale": "Other-New media", "notes": "On 27 December 2023, Israeli warplanes struck a house in Beit Lahiya - Al Mashroo (North Gaza, Gaza Strip), leaving an unspecified number of fatalities and several injuries among Palestinians. [Palestinian Ministry of Health reported 21320 fatalities between 7 October - 27 December. 117 fatalities not attributed to specific events split across 4 events on 27 December. 30 fatalities coded to this event.]", "fatalities": 30, "tags": null, "timestamp": 1753954979 }, "geometry": { "type": "Point", "coordinates": [ 34.4998, 31.5433 ] } },
{ "type": "Feature", "properties": { "event_id_cnty": "PSE44072", "event_date": "12/27/2023", "year": 2023, "time_precision": 1, "disorder_type": "Political violence", "event_type": "Explosions/Remote violence", "sub_event_type": "Air/drone strike", "actor1": "Military Forces of Israel (2022-)", "assoc_actor_1": null, "inter1": 8, "actor2": "Civilians (Palestine)", "assoc_actor_2": null, "inter2": 7, "interaction": 78, "civilian_targeting": "Civilian targeting", "iso": 275, "region": "Middle East", "country": "Palestine", "admin1": "Gaza Strip", "admin2": "North Gaza", "admin3": null, "location": "Jabalya", "latitude": 31.5272, "longitude": 34.4835, "geo_precision": 1, "source": "Newpress; Palestine News and Information Agency; Quds News Network; Twitter", "source_scale": "New media-National", "notes": "On 27 December 2023, Israeli warplanes carried out airstrikes in Jabalya (North Gaza, Gaza Strip) and the artillery shelled targets in the area. As a results, 9 bodies were recovered from the rubble in Jabalya - Nazleh, while others are still missing. Fatalities were at least 9.", "fatalities": 9, "tags": null, "timestamp": 1759789988 }, "geometry": { "type": "Point", "coordinates": [ 34.4835, 31.5272 ] } },
{ "type": "Feature", "properties": { "event_id_cnty": "PSE44102", "event_date": "12/28/2023", "year": 2023, "time_precision": 1, "disorder_type": "Political violence", "event_type": "Explosions/Remote violence", "sub_event_type": "Air/drone strike", "actor1": "Military Forces of Israel (2022-)", "assoc_actor_1": null, "inter1": 8, "actor2": "Civilians (Palestine)", "assoc_actor_2": null, "inter2": 7, "interaction": 78, "civilian_targeting": "Civilian targeting", "iso": 275, "region": "Middle East", "country": "Palestine", "admin1": "Gaza Strip", "admin2": "Khan Yunis", "admin3": null, "location": "Khan Yunis - Al Amal", "latitude": 31.3544, "longitude": 34.3007, "geo_precision": 1, "source": "Arab 48; Palestine News and Information Agency; Quds News Network; Twitter", "source_scale": "New media-National", "notes": "On 28 December 2023, Israeli warplanes struck a house near Al Amal Hospital in Khan Yunis - Al Amal (Khan Yunis, Gaza Strip), leaving at least 17 fatalities and dozens of injuries, including women and children.", "fatalities": 17, "tags": null, "timestamp": 1753954979 }, "geometry": { "type": "Point", "coordinates": [ 34.3007, 31.3544 ] } },
{ "type": "Feature", "properties": { "event_id_cnty": "PSE44109", "event_date": "12/28/2023", "year": 2023, "time_precision": 1, "disorder_type": "Political violence", "event_type": "Explosions/Remote violence", "sub_event_type": "Air/drone strike", "actor1": "Military Forces of Israel (2022-)", "assoc_actor_1": null, "inter1": 8, "actor2": "Civilians (Palestine)", "assoc_actor_2": null, "inter2": 7, "interaction": 78, "civilian_targeting": "Civilian targeting", "iso": 275, "region": "Middle East", "country": "Palestine", "admin1": "Gaza Strip", "admin2": "Khan Yunis", "admin3": null, "location": "Al Fukhari", "latitude": 31.2952, "longitude": 34.3332, "geo_precision": 1, "source": "Newpress; Palestine News and Information Agency; Quds News Network; Twitter", "source_scale": "New media-National", "notes": "On 28 December 2023, Israeli warplanes struck a house in Al Fukhari (Khan Yunis, Gaza Strip), killing 11 Palestinians.", "fatalities": 11, "tags": null, "timestamp": 1753954979 }, "geometry": { "type": "Point", "coordinates": [ 34.3332, 31.2952 ] } },
{ "type": "Feature", "properties": { "event_id_cnty": "PSE44134", "event_date": "12/28/2023", "year": 2023, "time_precision": 1, "disorder_type": "Political violence", "event_type": "Explosions/Remote violence", "sub_event_type": "Air/drone strike", "actor1": "Military Forces of Israel (2022-)", "assoc_actor_1": null, "inter1": 8, "actor2": "Civilians (Palestine)", "assoc_actor_2": null, "inter2": 7, "interaction": 78, "civilian_targeting": "Civilian targeting", "iso": 275, "region": "Middle East", "country": "Palestine", "admin1": "Gaza Strip", "admin2": "Khan Yunis", "admin3": null, "location": "Khan Yunis - West (Municipal Stadium)", "latitude": 31.3484, "longitude": 34.2961, "geo_precision": 2, "source": "Quds News Network; Twitter", "source_scale": "New media-National", "notes": "On 28 December 2023, Israeli warplanes struck a house west of Khan Yunis (coded to Khan Yunis - West (Municipal Stadium)) (Gaza Strip). Casualties unknown.", "fatalities": 0, "tags": null, "timestamp": 1753954979 }, "geometry": { "type": "Point", "coordinates": [ 34.2961, 31.3484 ] } },
{ "type": "Feature", "properties": { "event_id_cnty": "PSE44104", "event_date": "12/28/2023", "year": 2023, "time_precision": 1, "disorder_type": "Political violence", "event_type": "Explosions/Remote violence", "sub_event_type": "Air/drone strike", "actor1": "Military Forces of Israel (2022-)", "assoc_actor_1": null, "inter1": 8, "actor2": "Civilians (Palestine)", "assoc_actor_2": null, "inter2": 7, "interaction": 78, "civilian_targeting": "Civilian targeting", "iso": 275, "region": "Middle East", "country": "Palestine", "admin1": "Gaza Strip", "admin2": "Deir El Balah", "admin3": null, "location": "Al Maghazi", "latitude": 31.4214, "longitude": 34.3865, "geo_precision": 2, "source": "Palestine News and Information Agency; Quds News Network; Twitter", "source_scale": "New media-National", "notes": "On 28 December 2023, Israeli warplanes struck houses east of Al Maghazi refugee camp (Deir El Balah, Gaza Strip), leaving 7 fatalities and dozens of injuries.", "fatalities": 7, "tags": null, "timestamp": 1753954979 }, "geometry": { "type": "Point", "coordinates": [ 34.3865, 31.4214 ] } },
{ "type": "Feature", "properties": { "event_id_cnty": "PSE44119", "event_date": "12/28/2023", "year": 2023, "time_precision": 1, "disorder_type": "Political violence", "event_type": "Explosions/Remote violence", "sub_event_type": "Air/drone strike", "actor1": "Military Forces of Israel (2022-)", "assoc_actor_1": null, "inter1": 8, "actor2": "Civilians (Palestine)", "assoc_actor_2": null, "inter2": 7, "interaction": 78, "civilian_targeting": "Civilian targeting", "iso": 275, "region": "Middle East", "country": "Palestine", "admin1": "Gaza Strip", "admin2": "Deir El Balah", "admin3": null, "location": "Az Zawayda", "latitude": 31.4284, "longitude": 34.366, "geo_precision": 1, "source": "Arab 48", "source_scale": "National", "notes": "On 28 December 2023, Israeli warplanes struck residential buildings in Az Zawayda (Deir El Balah, Gaza Strip), killing 7 Palestinians and injuring several of others.", "fatalities": 7, "tags": null, "timestamp": 1767742780 }, "geometry": { "type": "Point", "coordinates": [ 34.366, 31.4284 ] } },
{ "type": "Feature", "properties": { "event_id_cnty": "PSE44121", "event_date": "12/28/2023", "year": 2023, "time_precision": 1, "disorder_type": "Political violence", "event_type": "Explosions/Remote violence", "sub_event_type": "Air/drone strike", "actor1": "Military Forces of Israel (2022-)", "assoc_actor_1": null, "inter1": 8, "actor2": "Civilians (Palestine)", "assoc_actor_2": "Refugees/IDPs (Palestine)", "inter2": 7, "interaction": 78, "civilian_targeting": "Civilian targeting", "iso": 275, "region": "Middle East", "country": "Palestine", "admin1": "Gaza Strip", "admin2": "Deir El Balah", "admin3": null, "location": "An Nusayrat", "latitude": 31.4486, "longitude": 34.3925, "geo_precision": 1, "source": "Al Ghad (Jordan)", "source_scale": "Regional", "notes": "On 28 December 2023, Israeli warplanes struck a house in An Nusayrat refugee camp (Deir El Balah, Gaza Strip). As a result, 7 Palestinians were killed.", "fatalities": 7, "tags": null, "timestamp": 1753954979 }, "geometry": { "type": "Point", "coordinates": [ 34.3925, 31.4486 ] } },
{ "type": "Feature", "properties": { "event_id_cnty": "PSE44103", "event_date": "12/28/2023", "year": 2023, "time_precision": 1, "disorder_type": "Political violence", "event_type": "Explosions/Remote violence", "sub_event_type": "Air/drone strike", "actor1": "Military Forces of Israel (2022-)", "assoc_actor_1": null, "inter1": 8, "actor2": "Civilians (Palestine)", "assoc_actor_2": "Journalists (Palestine)", "inter2": 7, "interaction": 78, "civilian_targeting": "Civilian targeting", "iso": 275, "region": "Middle East", "country": "Palestine", "admin1": "Gaza Strip", "admin2": "North Gaza", "admin3": null, "location": "Beit Lahiya - Al Mashroo", "latitude": 31.5433, "longitude": 34.4998, "geo_precision": 1, "source": "Arab 48; Palestine News and Information Agency; Quds News Network; Twitter", "source_scale": "New media-National", "notes": "On 28 December 2023, Israeli warplanes struck houses and a residential area in Beit Lahiya - Al Mashroo (North Gaza, Gaza Strip), leaving at least 50 fatalities, including 2 journalists and injuring dozens of Palestinians.", "fatalities": 50, "tags": null, "timestamp": 1755550811 }, "geometry": { "type": "Point", "coordinates": [ 34.4998, 31.5433 ] } },
{ "type": "Feature", "properties": { "event_id_cnty": "PSE44120", "event_date": "12/28/2023", "year": 2023, "time_precision": 1, "disorder_type": "Political violence", "event_type": "Explosions/Remote violence", "sub_event_type": "Air/drone strike", "actor1": "Military Forces of Israel (2022-)", "assoc_actor_1": null, "inter1": 8, "actor2": "Civilians (Palestine)", "assoc_actor_2": null, "inter2": 7, "interaction": 78, "civilian_targeting": "Civilian targeting", "iso": 275, "region": "Middle East", "country": "Palestine", "admin1": "Gaza Strip", "admin2": "Deir El Balah", "admin3": null, "location": "Deir al Balah", "latitude": 31.4178, "longitude": 34.3503, "geo_precision": 1, "source": "Al Ghad (Jordan); Newpress; Palestinian Ministry of Health; Twitter", "source_scale": "Other-New media", "notes": "On 28 December 2023, Israeli warplanes carried out airstrikes in Deir al Balah city (Deir El Balah, Gaza Strip) including an airstrike that targeted a passing civilian car. As a result, an unspecified number of Palestinians were killed and injured. [Palestinian Ministry of Health reported 21507 fatalities between 7 October - 28 December. 27 fatalities not attributed to specific events split across 2 events on 28 December. 13 fatalities coded to this event.]", "fatalities": 13, "tags": null, "timestamp": 1753954979 }, "geometry": { "type": "Point", "coordinates": [ 34.3503, 31.4178 ] } },
{ "type": "Feature", "properties": { "event_id_cnty": "PSE44122", "event_date": "12/28/2023", "year": 2023, "time_precision": 1, "disorder_type": "Political violence", "event_type": "Explosions/Remote violence", "sub_event_type": "Air/drone strike", "actor1": "Military Forces of Israel (2022-)", "assoc_actor_1": null, "inter1": 8, "actor2": "Civilians (Palestine)", "assoc_actor_2": "Refugees/IDPs (Palestine)", "inter2": 7, "interaction": 78, "civilian_targeting": "Civilian targeting", "iso": 275, "region": "Middle East", "country": "Palestine", "admin1": "Gaza Strip", "admin2": "Deir El Balah", "admin3": null, "location": "Al Maghazi", "latitude": 31.4214, "longitude": 34.3865, "geo_precision": 1, "source": "Al Ghad (Jordan); Palestinian Ministry of Health", "source_scale": "Other-Regional", "notes": "On 28 December 2023, Israeli warplanes carried out airstrikes in Al Maghazi refugee camp (Deir El Balah, Gaza Strip). As a result, an unspecified number of Palestinians were killed and injured. [Palestinian Ministry of Health reported 21507 fatalities between 7 October - 28 December. 27 fatalities not attributed to specific events split across 2 events on 28 December. 14 fatalities coded to this event.]", "fatalities": 14, "tags": null, "timestamp": 1753954979 }, "geometry": { "type": "Point", "coordinates": [ 34.3865, 31.4214 ] } },
{ "type": "Feature", "properties": { "event_id_cnty": "PSE44105", "event_date": "12/28/2023", "year": 2023, "time_precision": 1, "disorder_type": "Political violence", "event_type": "Explosions/Remote violence", "sub_event_type": "Air/drone strike", "actor1": "Military Forces of Israel (2022-)", "assoc_actor_1": null, "inter1": 8, "actor2": "Civilians (Palestine)", "assoc_actor_2": null, "inter2": 7, "interaction": 78, "civilian_targeting": "Civilian targeting", "iso": 275, "region": "Middle East", "country": "Palestine", "admin1": "Gaza Strip", "admin2": "North Gaza", "admin3": null, "location": "Beit Hanoun", "latitude": 31.5405, "longitude": 34.5402, "geo_precision": 1, "source": "Newpress; Palestine News and Information Agency; Twitter", "source_scale": "New media-National", "notes": "On 28 December 2023, Israeli warplanes struck a group of Palestinians in Beit Hanoun (North Gaza, Gaza Strip), killing 5 of them and injuring several others.", "fatalities": 5, "tags": null, "timestamp": 1753954979 }, "geometry": { "type": "Point", "coordinates": [ 34.5402, 31.5405 ] } },
{ "type": "Feature", "properties": { "event_id_cnty": "PSE44106", "event_date": "12/28/2023", "year": 2023, "time_precision": 1, "disorder_type": "Political violence", "event_type": "Explosions/Remote violence", "sub_event_type": "Air/drone strike", "actor1": "Military Forces of Israel (2022-)", "assoc_actor_1": null, "inter1": 8, "actor2": "Civilians (Palestine)", "assoc_actor_2": null, "inter2": 7, "interaction": 78, "civilian_targeting": "Civilian targeting", "iso": 275, "region": "Middle East", "country": "Palestine", "admin1": "Gaza Strip", "admin2": "Rafah", "admin3": null, "location": "Rafah", "latitude": 31.287, "longitude": 34.2595, "geo_precision": 1, "source": "Newpress; Palestine News and Information Agency; Twitter", "source_scale": "New media-National", "notes": "On 28 December 2023, Israeli warplanes struck a house in Rafah city (Rafah, Gaza Strip), killing at least 20 Palestinians and injuring dozens.", "fatalities": 20, "tags": null, "timestamp": 1762829569 }, "geometry": { "type": "Point", "coordinates": [ 34.2595, 31.287 ] } },
{ "type": "Feature", "properties": { "event_id_cnty": "PSE44107", "event_date": "12/28/2023", "year": 2023, "time_precision": 1, "disorder_type": "Political violence", "event_type": "Explosions/Remote violence", "sub_event_type": "Air/drone strike", "actor1": "Military Forces of Israel (2022-)", "assoc_actor_1": null, "inter1": 8, "actor2": "Civilians (Palestine)", "assoc_actor_2": "Refugees/IDPs (Palestine)", "inter2": 7, "interaction": 78, "civilian_targeting": "Civilian targeting", "iso": 275, "region": "Middle East", "country": "Palestine", "admin1": "Gaza Strip", "admin2": "Rafah", "admin3": null, "location": "Rafah Camp", "latitude": 31.2847, "longitude": 34.2546, "geo_precision": 1, "source": "Liveuamap; Newpress; Palestine News and Information Agency; Twitter", "source_scale": "Local partner-New media", "notes": "On 28 December 2023, Israeli warplanes struck a house in Al Shaboura refugee camp in Mukhayyam Rafah camp (Rafah, Gaza Strip), killing 21 Palestinians.", "fatalities": 21, "tags": null, "timestamp": 1753954979 }, "geometry": { "type": "Point", "coordinates": [ 34.2546, 31.2847 ] } },
{ "type": "Feature", "properties": { "event_id_cnty": "PSE44127", "event_date": "12/28/2023", "year": 2023, "time_precision": 1, "disorder_type": "Political violence", "event_type": "Explosions/Remote violence", "sub_event_type": "Air/drone strike", "actor1": "Military Forces of Israel (2022-)", "assoc_actor_1": null, "inter1": 8, "actor2": "Civilians (Palestine)", "assoc_actor_2": null, "inter2": 7, "interaction": 78, "civilian_targeting": "Civilian targeting", "iso": 275, "region": "Middle East", "country": "Palestine", "admin1": "Gaza Strip", "admin2": "Rafah", "admin3": null, "location": "Khirbet al Adas", "latitude": 31.2855, "longitude": 34.2714, "geo_precision": 2, "source": "Newpress; Quds News Network; Twitter", "source_scale": "New media-National", "notes": "On 28 December 2023, Israeli warplanes struck a tent belongs to displaced people in Al Zhour area north of Rafah (coded to Khirbet al Adas, Gaza Strip), leaving a number of injuries among Palestinians.", "fatalities": 0, "tags": null, "timestamp": 1753954979 }, "geometry": { "type": "Point", "coordinates": [ 34.2714, 31.2855 ] } },
{ "type": "Feature", "properties": { "event_id_cnty": "PSE44162", "event_date": "12/29/2023", "year": 2023, "time_precision": 1, "disorder_type": "Political violence", "event_type": "Explosions/Remote violence", "sub_event_type": "Air/drone strike", "actor1": "Military Forces of Israel (2022-)", "assoc_actor_1": null, "inter1": 8, "actor2": "Civilians (Palestine)", "assoc_actor_2": "Refugees/IDPs (Palestine)", "inter2": 7, "interaction": 78, "civilian_targeting": "Civilian targeting", "iso": 275, "region": "Middle East", "country": "Palestine", "admin1": "Gaza Strip", "admin2": "Khan Yunis", "admin3": null, "location": "Khan Yunis - West (Municipal Stadium)", "latitude": 31.3484, "longitude": 34.2961, "geo_precision": 2, "source": "Quds News Network; Twitter", "source_scale": "New media-National", "notes": "On 29 December 2023, Israeli warplanes struck a house in the Khan Yunis refugee camp west of Khan Yunis (coded to Khan Yunis - West (Municipal Stadium)) (Gaza Strip). Casualties unknown. Also, a Palestinian was killed in airstrikes targeting a house near the Jordanian field hospital west of Khan Yunis. Confirmed fatalities were 1.", "fatalities": 1, "tags": null, "timestamp": 1753954979 }, "geometry": { "type": "Point", "coordinates": [ 34.2961, 31.3484 ] } },
{ "type": "Feature", "properties": { "event_id_cnty": "PSE44146", "event_date": "12/29/2023", "year": 2023, "time_precision": 1, "disorder_type": "Political violence", "event_type": "Explosions/Remote violence", "sub_event_type": "Air/drone strike", "actor1": "Military Forces of Israel (2022-)", "assoc_actor_1": null, "inter1": 8, "actor2": "Civilians (Palestine)", "assoc_actor_2": "Refugees/IDPs (Palestine)", "inter2": 7, "interaction": 78, "civilian_targeting": "Civilian targeting", "iso": 275, "region": "Middle East", "country": "Palestine", "admin1": "Gaza Strip", "admin2": "Deir El Balah", "admin3": null, "location": "Al Maghazi", "latitude": 31.4214, "longitude": 34.3865, "geo_precision": 1, "source": "Ma'an News Agency; Newpress; Palestine News and Information Agency; Quds News Network; Twitter", "source_scale": "New media-National", "notes": "On 29 December 2023, Israeli warplanes struck 2 houses in Al Maghazi refugee camp (Deir El Balah, Gaza Strip), leaving at least 14 fatalities among Palestinians. Also, an airstrike targeted Al Zafaran Mosque.", "fatalities": 14, "tags": null, "timestamp": 1753954979 }, "geometry": { "type": "Point", "coordinates": [ 34.3865, 31.4214 ] } },
{ "type": "Feature", "properties": { "event_id_cnty": "PSE44147", "event_date": "12/29/2023", "year": 2023, "time_precision": 1, "disorder_type": "Political violence", "event_type": "Explosions/Remote violence", "sub_event_type": "Air/drone strike", "actor1": "Military Forces of Israel (2022-)", "assoc_actor_1": null, "inter1": 8, "actor2": "Civilians (Palestine)", "assoc_actor_2": "Refugees/IDPs (Palestine)", "inter2": 7, "interaction": 78, "civilian_targeting": "Civilian targeting", "iso": 275, "region": "Middle East", "country": "Palestine", "admin1": "Gaza Strip", "admin2": "Deir El Balah", "admin3": null, "location": "Al Burayj", "latitude": 31.4394, "longitude": 34.4031, "geo_precision": 1, "source": "Ma'an News Agency; Newpress; Palestine News and Information Agency; Quds News Network; Twitter", "source_scale": "New media-National", "notes": "On 29 December 2023, Israeli warplanes struck Palestinian houses in Al Burayj refugee camp (Deir El Balah, Gaza Strip), killing a Palestinian and injuring several of others. Also, 4 more Palestinians were killed in a separate airstrike in the same area. Total fatalities were 5.", "fatalities": 5, "tags": null, "timestamp": 1753954979 }, "geometry": { "type": "Point", "coordinates": [ 34.4031, 31.4394 ] } },
{ "type": "Feature", "properties": { "event_id_cnty": "PSE44155", "event_date": "12/29/2023", "year": 2023, "time_precision": 1, "disorder_type": "Political violence", "event_type": "Explosions/Remote violence", "sub_event_type": "Air/drone strike", "actor1": "Military Forces of Israel (2022-)", "assoc_actor_1": null, "inter1": 8, "actor2": "Civilians (Palestine)", "assoc_actor_2": "Refugees/IDPs (Palestine)", "inter2": 7, "interaction": 78, "civilian_targeting": "Civilian targeting", "iso": 275, "region": "Middle East", "country": "Palestine", "admin1": "Gaza Strip", "admin2": "North Gaza", "admin3": null, "location": "Jabalya Camp", "latitude": 31.536, "longitude": 34.4907, "geo_precision": 1, "source": "Newpress; Twitter", "source_scale": "New media-National", "notes": "On 29 December 2023, Israeli warplanes struck a house in Mukhayyam Jabalya camp (North Gaza, Gaza Strip), killing a Palestinian.", "fatalities": 1, "tags": null, "timestamp": 1753954979 }, "geometry": { "type": "Point", "coordinates": [ 34.4907, 31.536 ] } },
{ "type": "Feature", "properties": { "event_id_cnty": "PSE44148", "event_date": "12/29/2023", "year": 2023, "time_precision": 1, "disorder_type": "Political violence", "event_type": "Explosions/Remote violence", "sub_event_type": "Air/drone strike", "actor1": "Military Forces of Israel (2022-)", "assoc_actor_1": null, "inter1": 8, "actor2": "Civilians (Palestine)", "assoc_actor_2": "Journalists (Palestine); Refugees/IDPs (Palestine)", "inter2": 7, "interaction": 78, "civilian_targeting": "Civilian targeting", "iso": 275, "region": "Middle East", "country": "Palestine", "admin1": "Gaza Strip", "admin2": "Deir El Balah", "admin3": null, "location": "An Nusayrat", "latitude": 31.4486, "longitude": 34.3925, "geo_precision": 1, "source": "Arab News; Liveuamap; Ma'an News Agency; Newpress; Palestine News and Information Agency; Palestinian Ministry of Health; Quds News Network; Twitter", "source_scale": "Local partner-New media", "notes": "On 29 December 2023, an Israeli UAV struck the vicinity of Al Shuhada Mosque in An Nusayrat refugee camp (Deir El Balah, Gaza Strip) leading to an unspecified number of fatalities and a number of injuries. Also, warplanes and artillery struck several houses, leaving 20 fatalities among Palestinians, including a journalist. [Palestinian Ministry of Health reported 21672 fatalities between 7 October - 29 December. 112 fatalities not attributed to specific events split across 4 events on 29 December. 28 fatalities coded to this event.] Total fatalities coded as 23 (20 known + 28 presumed).", "fatalities": 48, "tags": null, "timestamp": 1753954979 }, "geometry": { "type": "Point", "coordinates": [ 34.3925, 31.4486 ] } },
{ "type": "Feature", "properties": { "event_id_cnty": "PSE44627", "event_date": "12/29/2023", "year": 2023, "time_precision": 1, "disorder_type": "Political violence", "event_type": "Explosions/Remote violence", "sub_event_type": "Air/drone strike", "actor1": "Military Forces of Israel (2022-)", "assoc_actor_1": null, "inter1": 8, "actor2": "Civilians (Palestine)", "assoc_actor_2": null, "inter2": 7, "interaction": 78, "civilian_targeting": "Civilian targeting", "iso": 275, "region": "Middle East", "country": "Palestine", "admin1": "Gaza Strip", "admin2": "Gaza City", "admin3": null, "location": "Gaza - Ad Darraj", "latitude": 31.5172, "longitude": 34.4642, "geo_precision": 1, "source": "Arab News; Palestinian Ministry of Health", "source_scale": "Other-Regional", "notes": "On 29 December 2023, Israeli warplanes carried out a series of airstikes in the neigbourhoods of Gaza - Ad Darraj (Gaza City, Gaza Strip), leaving an unspecified number of fatalities among Palestinians. [Palestinian Ministry of Health reported 21672 fatalities between 7 October - 29 December. 112 fatalities not attributed to specific events split across 4 events on 29 December. 28 fatalities coded to this event.]", "fatalities": 28, "tags": null, "timestamp": 1759789988 }, "geometry": { "type": "Point", "coordinates": [ 34.4642, 31.5172 ] } },
{ "type": "Feature", "properties": { "event_id_cnty": "PSE44628", "event_date": "12/29/2023", "year": 2023, "time_precision": 1, "disorder_type": "Political violence", "event_type": "Explosions/Remote violence", "sub_event_type": "Air/drone strike", "actor1": "Military Forces of Israel (2022-)", "assoc_actor_1": null, "inter1": 8, "actor2": "Civilians (Palestine)", "assoc_actor_2": null, "inter2": 7, "interaction": 78, "civilian_targeting": "Civilian targeting", "iso": 275, "region": "Middle East", "country": "Palestine", "admin1": "Gaza Strip", "admin2": "Gaza City", "admin3": null, "location": "Gaza - At Tuffah", "latitude": 31.5134, "longitude": 34.4751, "geo_precision": 1, "source": "Arab News; Palestinian Ministry of Health", "source_scale": "Other-Regional", "notes": "On 29 December 2023, Israeli warplanes carried out a series of airstikes in the neigbourhoods of Gaza - At Tuffah (Gaza City, Gaza Strip), leaving an unspecified number of fatalities among Palestinians. [Palestinian Ministry of Health reported 21672 fatalities between 7 October - 29 December. 112 fatalities not attributed to specific events split across 4 events on 29 December. 28 fatalities coded to this event.]", "fatalities": 28, "tags": null, "timestamp": 1759789988 }, "geometry": { "type": "Point", "coordinates": [ 34.4751, 31.5134 ] } },
{ "type": "Feature", "properties": { "event_id_cnty": "PSE44629", "event_date": "12/29/2023", "year": 2023, "time_precision": 1, "disorder_type": "Political violence", "event_type": "Explosions/Remote violence", "sub_event_type": "Air/drone strike", "actor1": "Military Forces of Israel (2022-)", "assoc_actor_1": null, "inter1": 8, "actor2": "Civilians (Palestine)", "assoc_actor_2": null, "inter2": 7, "interaction": 78, "civilian_targeting": "Civilian targeting", "iso": 275, "region": "Middle East", "country": "Palestine", "admin1": "Gaza Strip", "admin2": "Gaza City", "admin3": null, "location": "Gaza - Shujaiyya", "latitude": 31.4988, "longitude": 34.4699, "geo_precision": 1, "source": "Arab News; Palestinian Ministry of Health", "source_scale": "Other-Regional", "notes": "On 29 December 2023, Israeli warplanes carried out a series of airstikes in the neigbourhoods of Gaza - Shujaiyya (Gaza City, Gaza Strip), leaving an unspecified number of fatalities among Palestinians. [Palestinian Ministry of Health reported 21672 fatalities between 7 October - 29 December. 112 fatalities not attributed to specific events split across 4 events on 29 December. 28 fatalities coded to this event.]", "fatalities": 28, "tags": null, "timestamp": 1759789988 }, "geometry": { "type": "Point", "coordinates": [ 34.4699, 31.4988 ] } },
{ "type": "Feature", "properties": { "event_id_cnty": "PSE42664", "event_date": "12/30/2023", "year": 2023, "time_precision": 1, "disorder_type": "Political violence", "event_type": "Explosions/Remote violence", "sub_event_type": "Air/drone strike", "actor1": "Military Forces of Israel (2022-)", "assoc_actor_1": null, "inter1": 8, "actor2": "Civilians (Palestine)", "assoc_actor_2": null, "inter2": 7, "interaction": 78, "civilian_targeting": "Civilian targeting", "iso": 275, "region": "Middle East", "country": "Palestine", "admin1": "Gaza Strip", "admin2": "Khan Yunis", "admin3": null, "location": "Al Fukhari", "latitude": 31.2952, "longitude": 34.3332, "geo_precision": 1, "source": "Al-Ittihad; Newpress; Palestine News and Information Agency; Quds News Network; Twitter", "source_scale": "New media-National", "notes": "On 30 December 2023, Israeli warplanes struck targets in the vicinity of the European Hospital in Al Fukhari (Khan Yunis, Gaza Strip), killing 4 Palestinians and injuring several of others.", "fatalities": 4, "tags": null, "timestamp": 1753954979 }, "geometry": { "type": "Point", "coordinates": [ 34.3332, 31.2952 ] } },
{ "type": "Feature", "properties": { "event_id_cnty": "PSE42748", "event_date": "12/30/2023", "year": 2023, "time_precision": 1, "disorder_type": "Political violence", "event_type": "Explosions/Remote violence", "sub_event_type": "Shelling/artillery/missile attack", "actor1": "Military Forces of Israel (2022-)", "assoc_actor_1": null, "inter1": 8, "actor2": "Civilians (Palestine)", "assoc_actor_2": null, "inter2": 7, "interaction": 78, "civilian_targeting": "Civilian targeting", "iso": 275, "region": "Middle East", "country": "Palestine", "admin1": "Gaza Strip", "admin2": "Gaza City", "admin3": null, "location": "Gaza - At Tuffah", "latitude": 31.5134, "longitude": 34.4751, "geo_precision": 1, "source": "Palestine News and Information Agency", "source_scale": "National", "notes": "On 30 December 2023, Israeli artillery struck a group of Palestinians in Gaza - At Tuffah (Gaza City, Gaza Strip), leaving dozens of fatalities among Palestinians. Fatalities coded as 12.", "fatalities": 12, "tags": null, "timestamp": 1759789988 }, "geometry": { "type": "Point", "coordinates": [ 34.4751, 31.5134 ] } },
{ "type": "Feature", "properties": { "event_id_cnty": "PSE42670", "event_date": "12/30/2023", "year": 2023, "time_precision": 1, "disorder_type": "Political violence", "event_type": "Explosions/Remote violence", "sub_event_type": "Air/drone strike", "actor1": "Military Forces of Israel (2022-)", "assoc_actor_1": null, "inter1": 8, "actor2": "Civilians (Palestine)", "assoc_actor_2": null, "inter2": 7, "interaction": 78, "civilian_targeting": "Civilian targeting", "iso": 275, "region": "Middle East", "country": "Palestine", "admin1": "Gaza Strip", "admin2": "Deir El Balah", "admin3": null, "location": "An Nusayrat - West", "latitude": 31.4525, "longitude": 34.3756, "geo_precision": 1, "source": "Palestine News and Information Agency; Quds News Network; Twitter", "source_scale": "New media-National", "notes": "On 30 December 2023, Israeli warplanes struck a house west of An Nusayrat (An Nusayrat - West, Deir El Balah, Gaza Strip). Also, the artillery struck a target at Sedqi junction. Casualties unknown.", "fatalities": 0, "tags": null, "timestamp": 1753954979 }, "geometry": { "type": "Point", "coordinates": [ 34.3756, 31.4525 ] } },
{ "type": "Feature", "properties": { "event_id_cnty": "PSE42671", "event_date": "12/30/2023", "year": 2023, "time_precision": 1, "disorder_type": "Political violence", "event_type": "Explosions/Remote violence", "sub_event_type": "Air/drone strike", "actor1": "Military Forces of Israel (2022-)", "assoc_actor_1": null, "inter1": 8, "actor2": "Civilians (Palestine)", "assoc_actor_2": null, "inter2": 7, "interaction": 78, "civilian_targeting": "Civilian targeting", "iso": 275, "region": "Middle East", "country": "Palestine", "admin1": "Gaza Strip", "admin2": "Deir El Balah", "admin3": null, "location": "Az Zawayda", "latitude": 31.4284, "longitude": 34.366, "geo_precision": 1, "source": "Newpress; Palestine News and Information Agency; Quds News Network; Twitter", "source_scale": "New media-National", "notes": "On 30 December 2023, Israeli warplanes struck a house in Az Zawayda (Deir El Balah, Gaza Strip), killing 12 Palestinians, including women and children, and injuring several of others.", "fatalities": 12, "tags": null, "timestamp": 1767742780 }, "geometry": { "type": "Point", "coordinates": [ 34.366, 31.4284 ] } },
{ "type": "Feature", "properties": { "event_id_cnty": "PSE42749", "event_date": "12/30/2023", "year": 2023, "time_precision": 1, "disorder_type": "Political violence", "event_type": "Explosions/Remote violence", "sub_event_type": "Shelling/artillery/missile attack", "actor1": "Military Forces of Israel (2022-)", "assoc_actor_1": null, "inter1": 8, "actor2": "Civilians (Palestine)", "assoc_actor_2": null, "inter2": 7, "interaction": 78, "civilian_targeting": "Civilian targeting", "iso": 275, "region": "Middle East", "country": "Palestine", "admin1": "Gaza Strip", "admin2": "Deir El Balah", "admin3": null, "location": "Al Burayj", "latitude": 31.4394, "longitude": 34.4031, "geo_precision": 2, "source": "Palestine News and Information Agency", "source_scale": "National", "notes": "On 30 December 2023, Israeli artillery struck targets east of Al Burayj refugee camp (Deir El Balah, Gaza Strip), leaving dozens of fatalities and injuries among Palestinians. Fatalities coded as 12.", "fatalities": 12, "tags": null, "timestamp": 1753954979 }, "geometry": { "type": "Point", "coordinates": [ 34.4031, 31.4394 ] } },
{ "type": "Feature", "properties": { "event_id_cnty": "PSE42673", "event_date": "12/30/2023", "year": 2023, "time_precision": 1, "disorder_type": "Political violence", "event_type": "Explosions/Remote violence", "sub_event_type": "Air/drone strike", "actor1": "Military Forces of Israel (2022-)", "assoc_actor_1": null, "inter1": 8, "actor2": "Civilians (Palestine)", "assoc_actor_2": null, "inter2": 7, "interaction": 78, "civilian_targeting": "Civilian targeting", "iso": 275, "region": "Middle East", "country": "Palestine", "admin1": "Gaza Strip", "admin2": "Rafah", "admin3": null, "location": "Tal as Sultan", "latitude": 31.3098, "longitude": 34.2414, "geo_precision": 1, "source": "Palestine News and Information Agency", "source_scale": "National", "notes": "On 30 December 2023, Israeli warplanes struck the roof of a house in Tal as Sultan (Rafah, Gaza Strip). Casualties unknown.", "fatalities": 0, "tags": null, "timestamp": 1762829569 }, "geometry": { "type": "Point", "coordinates": [ 34.2414, 31.3098 ] } },
{ "type": "Feature", "properties": { "event_id_cnty": "PSE42674", "event_date": "12/30/2023", "year": 2023, "time_precision": 1, "disorder_type": "Political violence", "event_type": "Explosions/Remote violence", "sub_event_type": "Air/drone strike", "actor1": "Military Forces of Israel (2022-)", "assoc_actor_1": null, "inter1": 8, "actor2": "Civilians (Palestine)", "assoc_actor_2": null, "inter2": 7, "interaction": 78, "civilian_targeting": "Civilian targeting", "iso": 275, "region": "Middle East", "country": "Palestine", "admin1": "Gaza Strip", "admin2": "Rafah", "admin3": null, "location": "Tal as Sultan", "latitude": 31.3098, "longitude": 34.2414, "geo_precision": 2, "source": "Palestine News and Information Agency", "source_scale": "National", "notes": "On 30 December 2023, Israeli warplanes struck a house west of Rafah (coded to Tal as Sultan, Gaza Strip). Casualties unknown.", "fatalities": 0, "tags": null, "timestamp": 1762829569 }, "geometry": { "type": "Point", "coordinates": [ 34.2414, 31.3098 ] } },
{ "type": "Feature", "properties": { "event_id_cnty": "PSE42756", "event_date": "12/30/2023", "year": 2023, "time_precision": 1, "disorder_type": "Political violence", "event_type": "Explosions/Remote violence", "sub_event_type": "Air/drone strike", "actor1": "Military Forces of Israel (2022-)", "assoc_actor_1": null, "inter1": 8, "actor2": "Civilians (Palestine)", "assoc_actor_2": "Refugees/IDPs (Palestine)", "inter2": 7, "interaction": 78, "civilian_targeting": "Civilian targeting", "iso": 275, "region": "Middle East", "country": "Palestine", "admin1": "Gaza Strip", "admin2": "Deir El Balah", "admin3": null, "location": "Al Maghazi", "latitude": 31.4214, "longitude": 34.3865, "geo_precision": 1, "source": "Al-Ittihad; Liveuamap; Palestine News and Information Agency; Quds News Network; Twitter", "source_scale": "Local partner-New media", "notes": "On 30 December 2023, Israeli artillery shelled a house in Al Maghazi refugee camp (Deir El Balah, Gaza Strip), killing 2 Palestinians and injuring another 2 persons. Also, 6 Palestinians were killed in airstrikes that targeted 2 houses. Total confirmed fatalities were 8.", "fatalities": 8, "tags": null, "timestamp": 1753954979 }, "geometry": { "type": "Point", "coordinates": [ 34.3865, 31.4214 ] } },
{ "type": "Feature", "properties": { "event_id_cnty": "PSE42659", "event_date": "12/30/2023", "year": 2023, "time_precision": 1, "disorder_type": "Political violence", "event_type": "Explosions/Remote violence", "sub_event_type": "Air/drone strike", "actor1": "Military Forces of Israel (2022-)", "assoc_actor_1": null, "inter1": 8, "actor2": "Civilians (Palestine)", "assoc_actor_2": "Journalists (Palestine); Refugees/IDPs (Palestine)", "inter2": 7, "interaction": 78, "civilian_targeting": "Civilian targeting", "iso": 275, "region": "Middle East", "country": "Palestine", "admin1": "Gaza Strip", "admin2": "Deir El Balah", "admin3": null, "location": "An Nusayrat", "latitude": 31.4486, "longitude": 34.3925, "geo_precision": 1, "source": "Al Ghad (Jordan); Liveuamap; Newpress; Palestine News and Information Agency; Palestinian Ministry of Health; Quds News Network; Twitter", "source_scale": "Local partner-New media", "notes": "On 30 December 2023, Israeli warplanes struck a house in An Nusayrat refugee camp (Deir El Balah, Gaza Strip), leaving an unspecified number of fatalities and injuries among Palestinians, including a journalist. Meanwhile, Israeli artillery shelled targets in the area. Also, 3 Palestinians were killed and several persons were injured in an airstrike that targeted a family. [Palestinian Ministry of Health reported 21822 fatalities between 7 October - 30 December. 62 fatalities not attributed to specific events split across 2 events on 30 December. 31 fatalities coded to this event.] Total fatalities coded as 34 (3 known + 31 presumed).", "fatalities": 34, "tags": null, "timestamp": 1753954979 }, "geometry": { "type": "Point", "coordinates": [ 34.3925, 31.4486 ] } },
{ "type": "Feature", "properties": { "event_id_cnty": "PSE42729", "event_date": "12/30/2023", "year": 2023, "time_precision": 1, "disorder_type": "Political violence", "event_type": "Explosions/Remote violence", "sub_event_type": "Shelling/artillery/missile attack", "actor1": "Military Forces of Israel (2022-)", "assoc_actor_1": null, "inter1": 8, "actor2": "Civilians (Palestine)", "assoc_actor_2": null, "inter2": 7, "interaction": 78, "civilian_targeting": "Civilian targeting", "iso": 275, "region": "Middle East", "country": "Palestine", "admin1": "Gaza Strip", "admin2": "Rafah", "admin3": null, "location": "Yibna", "latitude": 31.2842, "longitude": 34.2482, "geo_precision": 2, "source": "Palestine News and Information Agency; Palestinian Ministry of Health; PLO Negotiations Affairs Department; Quds News Network; Twitter", "source_scale": "Other-New media", "notes": "On 30 December 2023, Israeli artillery and tanks shelled targets east of Rafah (coded to Yibna, Gaza Strip), killing an unspecified number of Palestinians and injuring several others including children. [Palestinian Ministry of Health reported 21822 fatalities between 7 October - 30 December. 62 fatalities not attributed to specific events split across 2 events on 30 December. 31 fatalities coded to this event.]", "fatalities": 31, "tags": null, "timestamp": 1753954979 }, "geometry": { "type": "Point", "coordinates": [ 34.2482, 31.2842 ] } },
{ "type": "Feature", "properties": { "event_id_cnty": "PSE42691", "event_date": "12/30/2023", "year": 2023, "time_precision": 1, "disorder_type": "Political violence", "event_type": "Explosions/Remote violence", "sub_event_type": "Air/drone strike", "actor1": "Military Forces of Israel (2022-)", "assoc_actor_1": null, "inter1": 8, "actor2": "Civilians (Palestine)", "assoc_actor_2": null, "inter2": 7, "interaction": 78, "civilian_targeting": "Civilian targeting", "iso": 275, "region": "Middle East", "country": "Palestine", "admin1": "Gaza Strip", "admin2": "Gaza City", "admin3": null, "location": "Gaza - Az Zaytun", "latitude": 31.4964, "longitude": 34.4522, "geo_precision": 2, "source": "Jerusalem Post; Joe Truzman; Quds News Network; Twitter", "source_scale": "New media-National", "notes": "On 30 December 2023, Israeli warplanes struck a passing car south of Gaza City, Gaza - Az Zaytun (Gaza City, Gaza Strip), killing 6 Palestinians.", "fatalities": 6, "tags": null, "timestamp": 1759789988 }, "geometry": { "type": "Point", "coordinates": [ 34.4522, 31.4964 ] } },
{ "type": "Feature", "properties": { "event_id_cnty": "PSE42663", "event_date": "12/30/2023", "year": 2023, "time_precision": 1, "disorder_type": "Political violence", "event_type": "Explosions/Remote violence", "sub_event_type": "Air/drone strike", "actor1": "Military Forces of Israel (2022-)", "assoc_actor_1": null, "inter1": 8, "actor2": "Civilians (Palestine)", "assoc_actor_2": null, "inter2": 7, "interaction": 78, "civilian_targeting": "Civilian targeting", "iso": 275, "region": "Middle East", "country": "Palestine", "admin1": "Gaza Strip", "admin2": "Khan Yunis", "admin3": null, "location": "Qizan an Najjar", "latitude": 31.323, "longitude": 34.2761, "geo_precision": 2, "source": "Palestine News and Information Agency", "source_scale": "National", "notes": "On 30 December 2023, Israeli warplanes struck a house southeast of Khan Yunis city, Qizan an Najjar (Khan Yunis, Gaza Strip), killing a Palestinian and injuring another person.", "fatalities": 1, "tags": null, "timestamp": 1753954979 }, "geometry": { "type": "Point", "coordinates": [ 34.2761, 31.323 ] } },
{ "type": "Feature", "properties": { "event_id_cnty": "PSE42672", "event_date": "12/30/2023", "year": 2023, "time_precision": 1, "disorder_type": "Political violence", "event_type": "Explosions/Remote violence", "sub_event_type": "Air/drone strike", "actor1": "Military Forces of Israel (2022-)", "assoc_actor_1": null, "inter1": 8, "actor2": "Civilians (Palestine)", "assoc_actor_2": null, "inter2": 7, "interaction": 78, "civilian_targeting": "Civilian targeting", "iso": 275, "region": "Middle East", "country": "Palestine", "admin1": "Gaza Strip", "admin2": "Rafah", "admin3": null, "location": "As Salam", "latitude": 31.2678, "longitude": 34.2567, "geo_precision": 1, "source": "Palestine News and Information Agency", "source_scale": "National", "notes": "On 30 December 2023, Israeli warplanes struck a house in As Salam (Rafah, Gaza Strip), killing a Palestinian.", "fatalities": 1, "tags": null, "timestamp": 1753954979 }, "geometry": { "type": "Point", "coordinates": [ 34.2567, 31.2678 ] } },
{ "type": "Feature", "properties": { "event_id_cnty": "PSE42709", "event_date": "12/31/2023", "year": 2023, "time_precision": 1, "disorder_type": "Political violence", "event_type": "Explosions/Remote violence", "sub_event_type": "Air/drone strike", "actor1": "Military Forces of Israel (2022-)", "assoc_actor_1": null, "inter1": 8, "actor2": "Civilians (Palestine)", "assoc_actor_2": null, "inter2": 7, "interaction": 78, "civilian_targeting": "Civilian targeting", "iso": 275, "region": "Middle East", "country": "Palestine", "admin1": "Gaza Strip", "admin2": "Khan Yunis", "admin3": null, "location": "Abasan al Kabirah", "latitude": 31.3191, "longitude": 34.3401, "geo_precision": 1, "source": "Palestine News and Information Agency; Quds News Network; Twitter", "source_scale": "New media-National", "notes": "On 31 December 2023, Israeli warplanes carried out airstrikes in Abasan al Kabirah (Khan Yunis, Gaza Strip), leaving 4 fatalities.", "fatalities": 4, "tags": null, "timestamp": 1753954979 }, "geometry": { "type": "Point", "coordinates": [ 34.3401, 31.3191 ] } },
{ "type": "Feature", "properties": { "event_id_cnty": "PSE42711", "event_date": "12/31/2023", "year": 2023, "time_precision": 1, "disorder_type": "Political violence", "event_type": "Explosions/Remote violence", "sub_event_type": "Air/drone strike", "actor1": "Military Forces of Israel (2022-)", "assoc_actor_1": null, "inter1": 8, "actor2": "Civilians (Palestine)", "assoc_actor_2": null, "inter2": 7, "interaction": 78, "civilian_targeting": "Civilian targeting", "iso": 275, "region": "Middle East", "country": "Palestine", "admin1": "Gaza Strip", "admin2": "Gaza City", "admin3": null, "location": "Gaza - Shujaiyya", "latitude": 31.4988, "longitude": 34.4699, "geo_precision": 1, "source": "Palestine News and Information Agency; Quds News Network; Twitter", "source_scale": "New media-National", "notes": "On 31 December 2023, Israeli warplanes carried out airstrikes in the vicinity of Al Aqsa University in Gaza - Shujaiyya (Gaza City, Gaza Strip), leaving 20 fatalities and dozens of injuries among Palestinians. Also, artillery shelled targets in the area.", "fatalities": 20, "tags": null, "timestamp": 1759789988 }, "geometry": { "type": "Point", "coordinates": [ 34.4699, 31.4988 ] } },
{ "type": "Feature", "properties": { "event_id_cnty": "PSE42716", "event_date": "12/31/2023", "year": 2023, "time_precision": 1, "disorder_type": "Political violence", "event_type": "Explosions/Remote violence", "sub_event_type": "Air/drone strike", "actor1": "Military Forces of Israel (2022-)", "assoc_actor_1": null, "inter1": 8, "actor2": "Civilians (Palestine)", "assoc_actor_2": null, "inter2": 7, "interaction": 78, "civilian_targeting": "Civilian targeting", "iso": 275, "region": "Middle East", "country": "Palestine", "admin1": "Gaza Strip", "admin2": "Khan Yunis", "admin3": null, "location": "Khan Yunis", "latitude": 31.3502, "longitude": 34.3081, "geo_precision": 1, "source": "Newpress; Quds News Network; Twitter", "source_scale": "New media-National", "notes": "On 31 December 2023, Israeli warplanes carried out airstrikes in al Namsawi area of Khan Yunis city (Khan Yunis, Gaza Strip), leaving 13 Palestinian fatalities and dozens of injuries.", "fatalities": 13, "tags": null, "timestamp": 1753954979 }, "geometry": { "type": "Point", "coordinates": [ 34.3081, 31.3502 ] } },
{ "type": "Feature", "properties": { "event_id_cnty": "PSE42722", "event_date": "12/31/2023", "year": 2023, "time_precision": 1, "disorder_type": "Political violence", "event_type": "Explosions/Remote violence", "sub_event_type": "Air/drone strike", "actor1": "Military Forces of Israel (2022-)", "assoc_actor_1": null, "inter1": 8, "actor2": "Civilians (Palestine)", "assoc_actor_2": null, "inter2": 7, "interaction": 78, "civilian_targeting": "Civilian targeting", "iso": 275, "region": "Middle East", "country": "Palestine", "admin1": "Gaza Strip", "admin2": "Khan Yunis", "admin3": null, "location": "Al Fukhari", "latitude": 31.2952, "longitude": 34.3332, "geo_precision": 1, "source": "Quds News Network; Twitter", "source_scale": "New media-National", "notes": "On 31 December 2023, Israeli warplanes struck targets in the vicinity of the European Hospital in Al Fukhari (Khan Yunis, Gaza Strip), killing 2 Palestinian girls.", "fatalities": 2, "tags": null, "timestamp": 1753954979 }, "geometry": { "type": "Point", "coordinates": [ 34.3332, 31.2952 ] } },
{ "type": "Feature", "properties": { "event_id_cnty": "PSE42773", "event_date": "12/31/2023", "year": 2023, "time_precision": 1, "disorder_type": "Political violence", "event_type": "Explosions/Remote violence", "sub_event_type": "Shelling/artillery/missile attack", "actor1": "Military Forces of Israel (2022-)", "assoc_actor_1": null, "inter1": 8, "actor2": "Civilians (Palestine)", "assoc_actor_2": null, "inter2": 7, "interaction": 78, "civilian_targeting": "Civilian targeting", "iso": 275, "region": "Middle East", "country": "Palestine", "admin1": "Gaza Strip", "admin2": "Rafah", "admin3": null, "location": "Coast of Rafah", "latitude": 31.3474, "longitude": 34.2226, "geo_precision": 2, "source": "Newpress; Palestine News and Information Agency; PLO Negotiations Affairs Department; Quds News Network; Twitter", "source_scale": "Other-New media", "notes": "On 31 December 2023, Israeli gunboats shelled targets along the Coast of Rafah (Rafah, Gaza Strip), killing a Palestinian.", "fatalities": 1, "tags": null, "timestamp": 1753954979 }, "geometry": { "type": "Point", "coordinates": [ 34.2226, 31.3474 ] } },
{ "type": "Feature", "properties": { "event_id_cnty": "PSE42802", "event_date": "12/31/2023", "year": 2023, "time_precision": 1, "disorder_type": "Political violence", "event_type": "Violence against civilians", "sub_event_type": "Attack", "actor1": "Military Forces of Israel (2022-)", "assoc_actor_1": null, "inter1": 8, "actor2": "Civilians (Palestine)", "assoc_actor_2": "Prisoners (Palestine)", "inter2": 7, "interaction": 78, "civilian_targeting": "Civilian targeting", "iso": 275, "region": "Middle East", "country": "Palestine", "admin1": "Gaza Strip", "admin2": "Gaza City", "admin3": null, "location": "Gaza", "latitude": 31.5045, "longitude": 34.4743, "geo_precision": 1, "source": "Palestine Information Center; Times of Israel", "source_scale": "Other-Regional", "notes": "On 31 December 2023, an Israeli soldier shot and killed a Palestinian prisoner while guarding him in Gaza City (Gaza Strip). Israeli sources reported that the soldier opened fire after he had felt in danger.", "fatalities": 1, "tags": null, "timestamp": 1759789988 }, "geometry": { "type": "Point", "coordinates": [ 34.4743, 31.5045 ] } },
{ "type": "Feature", "properties": { "event_id_cnty": "PSE42702", "event_date": "12/31/2023", "year": 2023, "time_precision": 1, "disorder_type": "Political violence", "event_type": "Explosions/Remote violence", "sub_event_type": "Air/drone strike", "actor1": "Military Forces of Israel (2022-)", "assoc_actor_1": null, "inter1": 8, "actor2": "Civilians (Palestine)", "assoc_actor_2": "Government of Palestine (2007-) Hamas Government in Gaza", "inter2": 7, "interaction": 78, "civilian_targeting": "Civilian targeting", "iso": 275, "region": "Middle East", "country": "Palestine", "admin1": "Gaza Strip", "admin2": "Deir El Balah", "admin3": null, "location": "Al Maghazi", "latitude": 31.4214, "longitude": 34.3865, "geo_precision": 1, "source": "Newpress; Palestine News and Information Agency; Quds News Network; Times of Israel; Twitter", "source_scale": "New media-National", "notes": "On 31 December 2023, Israeli warplanes struck 3 mosques and houses in Al Maghazi refugee camp (Deir El Balah, Gaza Strip). Meanwhile, Israeli artillery shelled targets in the area. Former minister of Awqaf and Religious Affairs (PA) was killed along with his family members and other people in an airstrike as well as another 8 Palestinians. Total fatalities coded as 11 (8 confirmed and unspecified coded as 3).", "fatalities": 11, "tags": null, "timestamp": 1753954979 }, "geometry": { "type": "Point", "coordinates": [ 34.3865, 31.4214 ] } },
{ "type": "Feature", "properties": { "event_id_cnty": "PSE42703", "event_date": "12/31/2023", "year": 2023, "time_precision": 1, "disorder_type": "Political violence", "event_type": "Explosions/Remote violence", "sub_event_type": "Air/drone strike", "actor1": "Military Forces of Israel (2022-)", "assoc_actor_1": null, "inter1": 8, "actor2": "Civilians (Palestine)", "assoc_actor_2": null, "inter2": 7, "interaction": 78, "civilian_targeting": "Civilian targeting", "iso": 275, "region": "Middle East", "country": "Palestine", "admin1": "Gaza Strip", "admin2": "Deir El Balah", "admin3": null, "location": "Deir al Balah", "latitude": 31.4178, "longitude": 34.3503, "geo_precision": 1, "source": "Liveuamap; Newpress; Palestine News and Information Agency; Quds News Network; Twitter", "source_scale": "Local partner-New media", "notes": "On 31 December 2023, Israeli warplanes struck the Al Furqan mosque in al-Haker area of Deir al Balah city (Deir El Balah, Gaza Strip). Also, artillery struck targets in an apartment, killing 3 Palestinians.", "fatalities": 3, "tags": null, "timestamp": 1753954979 }, "geometry": { "type": "Point", "coordinates": [ 34.3503, 31.4178 ] } },
{ "type": "Feature", "properties": { "event_id_cnty": "PSE42781", "event_date": "12/31/2023", "year": 2023, "time_precision": 1, "disorder_type": "Political violence", "event_type": "Explosions/Remote violence", "sub_event_type": "Shelling/artillery/missile attack", "actor1": "Military Forces of Israel (2022-)", "assoc_actor_1": null, "inter1": 8, "actor2": "Civilians (Palestine)", "assoc_actor_2": "Health Workers (Palestine); Refugees/IDPs (Palestine)", "inter2": 7, "interaction": 78, "civilian_targeting": "Civilian targeting", "iso": 275, "region": "Middle East", "country": "Palestine", "admin1": "Gaza Strip", "admin2": "Deir El Balah", "admin3": null, "location": "An Nusayrat", "latitude": 31.4486, "longitude": 34.3925, "geo_precision": 1, "source": "Palestine News and Information Agency", "source_scale": "National", "notes": "On 31 December 2023, Israeli artillery shelled targets in An Nusayrat refugee camp (Deir El Balah, Gaza Strip), leaving an unspecified number of fatalities among Palestinians, including a paramedic. Fatalities coded as 3.", "fatalities": 3, "tags": null, "timestamp": 1753954979 }, "geometry": { "type": "Point", "coordinates": [ 34.3925, 31.4486 ] } },
{ "type": "Feature", "properties": { "event_id_cnty": "PSE42708", "event_date": "12/31/2023", "year": 2023, "time_precision": 1, "disorder_type": "Political violence", "event_type": "Explosions/Remote violence", "sub_event_type": "Air/drone strike", "actor1": "Military Forces of Israel (2022-)", "assoc_actor_1": null, "inter1": 8, "actor2": "Civilians (Palestine)", "assoc_actor_2": null, "inter2": 7, "interaction": 78, "civilian_targeting": "Civilian targeting", "iso": 275, "region": "Middle East", "country": "Palestine", "admin1": "Gaza Strip", "admin2": "Gaza City", "admin3": null, "location": "Gaza - Sabra", "latitude": 31.5086, "longitude": 34.4493, "geo_precision": 1, "source": "Newpress; Palestine News and Information Agency; Quds News Network; Twitter", "source_scale": "New media-National", "notes": "On 31 December 2023, Israeli warplanes carried out airstrikes in Gaza - Sabra (Gaza City, Gaza Strip), leaving at least 40 fatalities.", "fatalities": 40, "tags": null, "timestamp": 1759789988 }, "geometry": { "type": "Point", "coordinates": [ 34.4493, 31.5086 ] } },
{ "type": "Feature", "properties": { "event_id_cnty": "PSE42705", "event_date": "12/31/2023", "year": 2023, "time_precision": 1, "disorder_type": "Political violence", "event_type": "Explosions/Remote violence", "sub_event_type": "Air/drone strike", "actor1": "Military Forces of Israel (2022-)", "assoc_actor_1": null, "inter1": 8, "actor2": "Civilians (Palestine)", "assoc_actor_2": null, "inter2": 7, "interaction": 78, "civilian_targeting": "Civilian targeting", "iso": 275, "region": "Middle East", "country": "Palestine", "admin1": "Gaza Strip", "admin2": "Rafah", "admin3": null, "location": "Tal as Sultan", "latitude": 31.3098, "longitude": 34.2414, "geo_precision": 2, "source": "Palestine News and Information Agency; Quds News Network; Twitter", "source_scale": "New media-National", "notes": "On 31 December 2023, Israeli warplanes struck a house west of Rafah (coded to Tal as Sultan, Gaza Strip). Casualties unknown.", "fatalities": 0, "tags": null, "timestamp": 1762829569 }, "geometry": { "type": "Point", "coordinates": [ 34.2414, 31.3098 ] } },
{ "type": "Feature", "properties": { "event_id_cnty": "PSE42704", "event_date": "12/31/2023", "year": 2023, "time_precision": 1, "disorder_type": "Political violence", "event_type": "Explosions/Remote violence", "sub_event_type": "Air/drone strike", "actor1": "Military Forces of Israel (2022-)", "assoc_actor_1": null, "inter1": 8, "actor2": "Civilians (Palestine)", "assoc_actor_2": null, "inter2": 7, "interaction": 78, "civilian_targeting": "Civilian targeting", "iso": 275, "region": "Middle East", "country": "Palestine", "admin1": "Gaza Strip", "admin2": "Khan Yunis", "admin3": null, "location": "Bani Suheila", "latitude": 31.3424, "longitude": 34.325, "geo_precision": 2, "source": "Palestine News and Information Agency", "source_scale": "National", "notes": "On 31 December 2023, soldiers inside an Israeli helicopter opened fire toward Palestinians east of Khan Yunis, Bani Suheila (Khan Yunis, Gaza Strip). Casualties unknown.", "fatalities": 0, "tags": null, "timestamp": 1753954979 }, "geometry": { "type": "Point", "coordinates": [ 34.325, 31.3424 ] } },
{ "type": "Feature", "properties": { "event_id_cnty": "PSE42717", "event_date": "12/31/2023", "year": 2023, "time_precision": 1, "disorder_type": "Political violence", "event_type": "Explosions/Remote violence", "sub_event_type": "Air/drone strike", "actor1": "Military Forces of Israel (2022-)", "assoc_actor_1": null, "inter1": 8, "actor2": "Civilians (Palestine)", "assoc_actor_2": null, "inter2": 7, "interaction": 78, "civilian_targeting": "Civilian targeting", "iso": 275, "region": "Middle East", "country": "Palestine", "admin1": "Gaza Strip", "admin2": "Gaza City", "admin3": null, "location": "Al Mughraqa", "latitude": 31.4675, "longitude": 34.4097, "geo_precision": 1, "source": "Newpress; Quds News Network; Twitter", "source_scale": "New media-National", "notes": "On 31 December 2023, Israeli warplanes carried out airstrikes in Al Mughraqa (Gaza City, Gaza Strip), leaving 6 Palestinian fatalities.", "fatalities": 6, "tags": null, "timestamp": 1753954979 }, "geometry": { "type": "Point", "coordinates": [ 34.4097, 31.4675 ] } },
{ "type": "Feature", "properties": { "event_id_cnty": "PSE42710", "event_date": "12/31/2023", "year": 2023, "time_precision": 1, "disorder_type": "Political violence", "event_type": "Explosions/Remote violence", "sub_event_type": "Air/drone strike", "actor1": "Military Forces of Israel (2022-)", "assoc_actor_1": null, "inter1": 8, "actor2": "Civilians (Palestine)", "assoc_actor_2": null, "inter2": 7, "interaction": 78, "civilian_targeting": "Civilian targeting", "iso": 275, "region": "Middle East", "country": "Palestine", "admin1": "Gaza Strip", "admin2": "Gaza City", "admin3": null, "location": "Gaza - Az Zaytun", "latitude": 31.4964, "longitude": 34.4522, "geo_precision": 1, "source": "Newpress; Palestine News and Information Agency; Quds News Network; Twitter", "source_scale": "New media-National", "notes": "On 31 December 2023, Israeli warplanes carried out airstrikes in Gaza - Az Zaytun (Gaza City, Gaza Strip), leaving 48 fatalities and dozens of injuries among Palestinians.", "fatalities": 48, "tags": null, "timestamp": 1759789988 }, "geometry": { "type": "Point", "coordinates": [ 34.4522, 31.4964 ] } },
{ "type": "Feature", "properties": { "event_id_cnty": "PSE42721", "event_date": "12/31/2023", "year": 2023, "time_precision": 1, "disorder_type": "Political violence", "event_type": "Explosions/Remote violence", "sub_event_type": "Air/drone strike", "actor1": "Military Forces of Israel (2022-)", "assoc_actor_1": null, "inter1": 8, "actor2": "Civilians (Palestine)", "assoc_actor_2": null, "inter2": 7, "interaction": 78, "civilian_targeting": "Civilian targeting", "iso": 275, "region": "Middle East", "country": "Palestine", "admin1": "Gaza Strip", "admin2": "Khan Yunis", "admin3": null, "location": "Qizan an Najjar", "latitude": 31.323, "longitude": 34.2761, "geo_precision": 1, "source": "Quds News Network; Twitter", "source_scale": "New media-National", "notes": "On 31 December 2023, Israeli warplanes struck a residential area in Qizan an Najjar (Khan Yunis, Gaza Strip), leaving 23 Palestinian fatalities.", "fatalities": 23, "tags": null, "timestamp": 1753954979 }, "geometry": { "type": "Point", "coordinates": [ 34.2761, 31.323 ] } }
]
}
