{
"type": "FeatureCollection",
"name": "jan2025",
"crs": { "type": "name", "properties": { "name": "urn:ogc:def:crs:OGC:1.3:CRS84" } },
"features": [
{ "type": "Feature", "properties": { "event_id_cnty": "PSE66251", "event_date": "1/1/2025", "year": 2025, "time_precision": 1, "disorder_type": "Political violence", "event_type": "Explosions/Remote violence", "sub_event_type": "Air/drone strike", "actor1": "Military Forces of Israel (2022-)", "assoc_actor_1": null, "inter1": 8, "actor2": "Civilians (Palestine)", "assoc_actor_2": "Refugees/IDPs (Palestine)", "inter2": 7, "interaction": 78, "civilian_targeting": "Civilian targeting", "iso": 275, "region": "Middle East", "country": "Palestine", "admin1": "Gaza Strip", "admin2": "Deir El Balah", "admin3": null, "location": "Al Burayj", "latitude": 31.4394, "longitude": 34.4031, "geo_precision": 1, "source": "Palestine News and Information Agency; Quds News Network", "source_scale": "National", "notes": "On 1 January 2025, Israeli warplanes struck a residential home in Al Burayj (Deir El Balah, Gaza Strip), resulting in two dead. Additionally, Israeli warplanes struck a home in Block 9 in the center of Kat in the same location, resulting in deaths and injuries [unspecified fatalities coded as three]. While, Israeli artillery shelled the area.", "fatalities": 5, "tags": null, "timestamp": 1753956656 }, "geometry": { "type": "Point", "coordinates": [ 34.4031, 31.4394 ] } },
{ "type": "Feature", "properties": { "event_id_cnty": "PSE66254", "event_date": "1/1/2025", "year": 2025, "time_precision": 1, "disorder_type": "Political violence", "event_type": "Explosions/Remote violence", "sub_event_type": "Air/drone strike", "actor1": "Military Forces of Israel (2022-)", "assoc_actor_1": null, "inter1": 8, "actor2": "Civilians (Palestine)", "assoc_actor_2": null, "inter2": 7, "interaction": 78, "civilian_targeting": "Civilian targeting", "iso": 275, "region": "Middle East", "country": "Palestine", "admin1": "Gaza Strip", "admin2": "Gaza City", "admin3": null, "location": "Gaza - Ash Shati' Camp", "latitude": 31.5349, "longitude": 34.4466, "geo_precision": 2, "source": "Palestine News and Information Agency; Quds News Network", "source_scale": "National", "notes": "On 1 January 2025, Israeli artillery shelled the northwestern areas of Gaza City, coded to Gaza - Ash Shati' Camp (Gaza City, Gaza Strip). Also, Israeli drones [Quadcopter] fired at residential homes in Al Safttawi, northwest of Gaza City coded to the same location. Casualties unknown for both strikes.", "fatalities": 0, "tags": null, "timestamp": 1759790002 }, "geometry": { "type": "Point", "coordinates": [ 34.4466, 31.5349 ] } },
{ "type": "Feature", "properties": { "event_id_cnty": "PSE66256", "event_date": "1/1/2025", "year": 2025, "time_precision": 1, "disorder_type": "Political violence", "event_type": "Explosions/Remote violence", "sub_event_type": "Air/drone strike", "actor1": "Military Forces of Israel (2022-)", "assoc_actor_1": null, "inter1": 8, "actor2": "Civilians (Palestine)", "assoc_actor_2": null, "inter2": 7, "interaction": 78, "civilian_targeting": "Civilian targeting", "iso": 275, "region": "Middle East", "country": "Palestine", "admin1": "Gaza Strip", "admin2": "Khan Yunis", "admin3": null, "location": "Khan Yunis - Maen", "latitude": 31.336, "longitude": 34.3172, "geo_precision": 2, "source": "Ma'an News Agency; Palestine News and Information Agency; Quds News Network", "source_scale": "National", "notes": "On 1 January 2025, an Israeli drone struck a group of people in Al Manara neighborhood southeast of Khan Yunis coded to Khan Yunis - Maen (Khan Yunis, Gaza Strip), resulting in four dead and others injured.", "fatalities": 4, "tags": null, "timestamp": 1753956656 }, "geometry": { "type": "Point", "coordinates": [ 34.3172, 31.336 ] } },
{ "type": "Feature", "properties": { "event_id_cnty": "PSE66257", "event_date": "1/1/2025", "year": 2025, "time_precision": 1, "disorder_type": "Political violence", "event_type": "Explosions/Remote violence", "sub_event_type": "Air/drone strike", "actor1": "Military Forces of Israel (2022-)", "assoc_actor_1": null, "inter1": 8, "actor2": "Civilians (Palestine)", "assoc_actor_2": null, "inter2": 7, "interaction": 78, "civilian_targeting": "Civilian targeting", "iso": 275, "region": "Middle East", "country": "Palestine", "admin1": "Gaza Strip", "admin2": "Gaza City", "admin3": null, "location": "Gaza - Shujaiyya", "latitude": 31.4988, "longitude": 34.4699, "geo_precision": 1, "source": "Ma'an News Agency; Palestine News and Information Agency; Quds News Network", "source_scale": "National", "notes": "On 1 January 2025, Israeli warplanes struck a piece of land in the vicinity of Brkas Khdouir in Gaza - Shujaiyya (Gaza City, Gaza Strip), while Israeli artillery continuously shelled the Shaaf area in the same location [Casualties unknown]. Additionally, an Israeli drone struck a residential apartment on Al Mushtaha Street in the same location, resulting in seven dead, including three children and a woman. Israeli warplanes also struck an agricultural land near Al Murabteen Mosque in the same area, resulting in two dead. Total fatalities coded at least nine.", "fatalities": 9, "tags": null, "timestamp": 1759790002 }, "geometry": { "type": "Point", "coordinates": [ 34.4699, 31.4988 ] } },
{ "type": "Feature", "properties": { "event_id_cnty": "PSE66258", "event_date": "1/1/2025", "year": 2025, "time_precision": 1, "disorder_type": "Political violence", "event_type": "Explosions/Remote violence", "sub_event_type": "Air/drone strike", "actor1": "Military Forces of Israel (2022-)", "assoc_actor_1": null, "inter1": 8, "actor2": "Civilians (Palestine)", "assoc_actor_2": null, "inter2": 7, "interaction": 78, "civilian_targeting": "Civilian targeting", "iso": 275, "region": "Middle East", "country": "Palestine", "admin1": "Gaza Strip", "admin2": "Gaza City", "admin3": null, "location": "Gaza - Sheikh Radwan", "latitude": 31.5349, "longitude": 34.4667, "geo_precision": 1, "source": "Palestine News and Information Agency", "source_scale": "National", "notes": "On 1 January 2025, Israeli drones struck a group of people in Gaza - Sheikh Radwan (Gaza City, Gaza Strip), resulting in a number of injuries.", "fatalities": 0, "tags": null, "timestamp": 1759790002 }, "geometry": { "type": "Point", "coordinates": [ 34.4667, 31.5349 ] } },
{ "type": "Feature", "properties": { "event_id_cnty": "PSE66260", "event_date": "1/1/2025", "year": 2025, "time_precision": 1, "disorder_type": "Political violence", "event_type": "Explosions/Remote violence", "sub_event_type": "Air/drone strike", "actor1": "Military Forces of Israel (2022-)", "assoc_actor_1": null, "inter1": 8, "actor2": "Civilians (Palestine)", "assoc_actor_2": null, "inter2": 7, "interaction": 78, "civilian_targeting": "Civilian targeting", "iso": 275, "region": "Middle East", "country": "Palestine", "admin1": "Gaza Strip", "admin2": "Khan Yunis", "admin3": null, "location": "Al Fukhari", "latitude": 31.2952, "longitude": 34.3332, "geo_precision": 1, "source": "Quds News Network", "source_scale": "National", "notes": "On 1 January 2025, Israeli artillery shelled Al Fukhari town in (Khan Yunis, Gaza Strip) [Casualties unknow]. Also, Israeli warplanes struck a residential home in the same area, resulting in injuries. Fatalities unknown.", "fatalities": 0, "tags": null, "timestamp": 1753956656 }, "geometry": { "type": "Point", "coordinates": [ 34.3332, 31.2952 ] } },
{ "type": "Feature", "properties": { "event_id_cnty": "PSE66250", "event_date": "1/1/2025", "year": 2025, "time_precision": 1, "disorder_type": "Political violence", "event_type": "Explosions/Remote violence", "sub_event_type": "Air/drone strike", "actor1": "Military Forces of Israel (2022-)", "assoc_actor_1": null, "inter1": 8, "actor2": "Civilians (Palestine)", "assoc_actor_2": null, "inter2": 7, "interaction": 78, "civilian_targeting": "Civilian targeting", "iso": 275, "region": "Middle East", "country": "Palestine", "admin1": "Gaza Strip", "admin2": "North Gaza", "admin3": null, "location": "Jabalya", "latitude": 31.5272, "longitude": 34.4835, "geo_precision": 1, "source": "Palestine News and Information Agency", "source_scale": "National", "notes": "On 1 January 2025, Israeli warplanes struck a residential home in Jabalya el Balad (North Gaza, Gaza Strip), resulting in fifteen dead and others injured. Additionally, an Israeli drone struck a group of people near Al Halabi Roundabout in the same location, resulting in two dead and others injured. Total fatalities coded as 17.", "fatalities": 17, "tags": null, "timestamp": 1759790002 }, "geometry": { "type": "Point", "coordinates": [ 34.4835, 31.5272 ] } },
{ "type": "Feature", "properties": { "event_id_cnty": "PSE66264", "event_date": "1/1/2025", "year": 2025, "time_precision": 1, "disorder_type": "Political violence", "event_type": "Explosions/Remote violence", "sub_event_type": "Air/drone strike", "actor1": "Military Forces of Israel (2022-)", "assoc_actor_1": null, "inter1": 8, "actor2": "Civilians (Palestine)", "assoc_actor_2": null, "inter2": 7, "interaction": 78, "civilian_targeting": "Civilian targeting", "iso": 275, "region": "Middle East", "country": "Palestine", "admin1": "Gaza Strip", "admin2": "Gaza City", "admin3": null, "location": "Gaza - Az Zaytun", "latitude": 31.4964, "longitude": 34.4522, "geo_precision": 1, "source": "Quds News Network", "source_scale": "National", "notes": "On 1 January 2025, Israeli warplanes struck a residential home close to the 'Holy Family' church in Gaza - Az Zaytun (Gaza City, Gaza Strip). Casualties unknown.", "fatalities": 0, "tags": null, "timestamp": 1759790002 }, "geometry": { "type": "Point", "coordinates": [ 34.4522, 31.4964 ] } },
{ "type": "Feature", "properties": { "event_id_cnty": "PSE66201", "event_date": "1/2/2025", "year": 2025, "time_precision": 1, "disorder_type": "Political violence", "event_type": "Explosions/Remote violence", "sub_event_type": "Shelling/artillery/missile attack", "actor1": "Military Forces of Israel (2022-)", "assoc_actor_1": null, "inter1": 8, "actor2": "Civilians (Palestine)", "assoc_actor_2": null, "inter2": 7, "interaction": 78, "civilian_targeting": "Civilian targeting", "iso": 275, "region": "Middle East", "country": "Palestine", "admin1": "Gaza Strip", "admin2": "North Gaza", "admin3": null, "location": "Beit Lahiya", "latitude": 31.5541, "longitude": 34.5016, "geo_precision": 1, "source": "Palestine News and Information Agency", "source_scale": "National", "notes": "On 2 January 2025, Israeli artillery shelled areas in the vicinity of the Indonesian Hospital in Beit Lahiya (North Gaza, Gaza Strip), resulting in a fire in school shelters and homes near the hospital. Israeli bulldozers also destroyed the fence of the hospital. Casualties unknown.", "fatalities": 0, "tags": null, "timestamp": 1753956656 }, "geometry": { "type": "Point", "coordinates": [ 34.5016, 31.5541 ] } },
{ "type": "Feature", "properties": { "event_id_cnty": "PSE66300", "event_date": "1/2/2025", "year": 2025, "time_precision": 1, "disorder_type": "Political violence", "event_type": "Explosions/Remote violence", "sub_event_type": "Air/drone strike", "actor1": "Military Forces of Israel (2022-)", "assoc_actor_1": null, "inter1": 8, "actor2": "Civilians (Palestine)", "assoc_actor_2": null, "inter2": 7, "interaction": 78, "civilian_targeting": "Civilian targeting", "iso": 275, "region": "Middle East", "country": "Palestine", "admin1": "Gaza Strip", "admin2": "Khan Yunis", "admin3": null, "location": "Bani Suheila", "latitude": 31.3424, "longitude": 34.325, "geo_precision": 1, "source": "Palestine News and Information Agency", "source_scale": "National", "notes": "On 2 January 2025, Israeli warplanes struck a gathering of people in Bani Suheila (Khan Yunis, Gaza Strip), resulting in two dead and others injured.", "fatalities": 2, "tags": null, "timestamp": 1753956656 }, "geometry": { "type": "Point", "coordinates": [ 34.325, 31.3424 ] } },
{ "type": "Feature", "properties": { "event_id_cnty": "PSE66301", "event_date": "1/2/2025", "year": 2025, "time_precision": 1, "disorder_type": "Political violence", "event_type": "Explosions/Remote violence", "sub_event_type": "Air/drone strike", "actor1": "Military Forces of Israel (2022-)", "assoc_actor_1": null, "inter1": 8, "actor2": "Civilians (Palestine)", "assoc_actor_2": null, "inter2": 7, "interaction": 78, "civilian_targeting": "Civilian targeting", "iso": 275, "region": "Middle East", "country": "Palestine", "admin1": "Gaza Strip", "admin2": "Gaza City", "admin3": null, "location": "Gaza - Sheikh Radwan", "latitude": 31.5349, "longitude": 34.4667, "geo_precision": 2, "source": "Palestine News and Information Agency; Quds News Network", "source_scale": "National", "notes": "On 2 January 2025, Israeli drones [Quadcopter] struck a home in the areas of Al Karama and Al Safttawi north of Gaza City coded to Gaza - Sheikh Radwan (Gaza City, Gaza Strip). Casualties unknown.", "fatalities": 0, "tags": null, "timestamp": 1759790002 }, "geometry": { "type": "Point", "coordinates": [ 34.4667, 31.5349 ] } },
{ "type": "Feature", "properties": { "event_id_cnty": "PSE66303", "event_date": "1/2/2025", "year": 2025, "time_precision": 1, "disorder_type": "Political violence", "event_type": "Explosions/Remote violence", "sub_event_type": "Air/drone strike", "actor1": "Military Forces of Israel (2022-)", "assoc_actor_1": null, "inter1": 8, "actor2": "Civilians (Palestine)", "assoc_actor_2": null, "inter2": 7, "interaction": 78, "civilian_targeting": "Civilian targeting", "iso": 275, "region": "Middle East", "country": "Palestine", "admin1": "Gaza Strip", "admin2": "Gaza City", "admin3": null, "location": "Gaza - Ash Shati' Camp", "latitude": 31.5349, "longitude": 34.4466, "geo_precision": 1, "source": "Palestine News and Information Agency", "source_scale": "National", "notes": "On 2 January 2025, Israeli warplanes struck a gathering of people in Gaza - Ash Shati' Camp (Gaza City, Gaza Strip), resulting in four dead and others injured.", "fatalities": 4, "tags": null, "timestamp": 1759790002 }, "geometry": { "type": "Point", "coordinates": [ 34.4466, 31.5349 ] } },
{ "type": "Feature", "properties": { "event_id_cnty": "PSE66305", "event_date": "1/2/2025", "year": 2025, "time_precision": 1, "disorder_type": "Political violence", "event_type": "Explosions/Remote violence", "sub_event_type": "Air/drone strike", "actor1": "Military Forces of Israel (2022-)", "assoc_actor_1": null, "inter1": 8, "actor2": "Civilians (Palestine)", "assoc_actor_2": null, "inter2": 7, "interaction": 78, "civilian_targeting": "Civilian targeting", "iso": 275, "region": "Middle East", "country": "Palestine", "admin1": "Gaza Strip", "admin2": "Gaza City", "admin3": null, "location": "Gaza - Shujaiyya", "latitude": 31.4988, "longitude": 34.4699, "geo_precision": 2, "source": "Palestine News and Information Agency", "source_scale": "National", "notes": "On 2 January 2025, Israeli warplanes struck Al Shaghaf Street east of Gaza City coded to Gaza - Shujaiyya (Gaza City, Gaza Strip), resulting in one dead.", "fatalities": 1, "tags": null, "timestamp": 1759790002 }, "geometry": { "type": "Point", "coordinates": [ 34.4699, 31.4988 ] } },
{ "type": "Feature", "properties": { "event_id_cnty": "PSE66307", "event_date": "1/2/2025", "year": 2025, "time_precision": 1, "disorder_type": "Political violence", "event_type": "Explosions/Remote violence", "sub_event_type": "Air/drone strike", "actor1": "Military Forces of Israel (2022-)", "assoc_actor_1": null, "inter1": 8, "actor2": "Civilians (Palestine)", "assoc_actor_2": null, "inter2": 7, "interaction": 78, "civilian_targeting": "Civilian targeting", "iso": 275, "region": "Middle East", "country": "Palestine", "admin1": "Gaza Strip", "admin2": "Deir El Balah", "admin3": null, "location": "Deir al Balah Camp", "latitude": 31.4249, "longitude": 34.34, "geo_precision": 2, "source": "Palestine News and Information Agency", "source_scale": "National", "notes": "On 2 January 2025, Israeli warplanes struck east of Deir El Balah coded to Deir al Balah Camp (Deir El Balah, Gaza Strip), resulting in nine dead and others injured.", "fatalities": 9, "tags": null, "timestamp": 1765850627 }, "geometry": { "type": "Point", "coordinates": [ 34.34, 31.4249 ] } },
{ "type": "Feature", "properties": { "event_id_cnty": "PSE66309", "event_date": "1/2/2025", "year": 2025, "time_precision": 1, "disorder_type": "Political violence", "event_type": "Explosions/Remote violence", "sub_event_type": "Air/drone strike", "actor1": "Military Forces of Israel (2022-)", "assoc_actor_1": null, "inter1": 8, "actor2": "Civilians (Palestine)", "assoc_actor_2": "Journalists (Palestine)", "inter2": 7, "interaction": 78, "civilian_targeting": "Civilian targeting", "iso": 275, "region": "Middle East", "country": "Palestine", "admin1": "Gaza Strip", "admin2": "Gaza City", "admin3": null, "location": "Gaza - Southern Remal", "latitude": 31.5168, "longitude": 34.4355, "geo_precision": 2, "source": "Ma'an News Agency; Palestine News and Information Agency", "source_scale": "National", "notes": "On 2 January 2025, Israeli warplanes struck a gathering of people near Falasteen roundabout west of Gaza City coded to Gaza - Southern Remal (Gaza City, Gaza Strip), resulting in two dead and others injured. Also, Israeli warplanes [and likely drones] struck the vicinity of Al Ayoun and Al Lababidi junctions west of Gaza city coded to the same location, resulting in 8 dead and others injured. Additionally, Israeli warplanes struck Al Thawra Street close to 'Taj Mall' in the same location, resulting in two dead and others injured. Total fatalities coded as 12, including one journalist.", "fatalities": 12, "tags": null, "timestamp": 1759790002 }, "geometry": { "type": "Point", "coordinates": [ 34.4355, 31.5168 ] } },
{ "type": "Feature", "properties": { "event_id_cnty": "PSE66310", "event_date": "1/2/2025", "year": 2025, "time_precision": 1, "disorder_type": "Political violence", "event_type": "Explosions/Remote violence", "sub_event_type": "Air/drone strike", "actor1": "Military Forces of Israel (2022-)", "assoc_actor_1": null, "inter1": 8, "actor2": "Civilians (Palestine)", "assoc_actor_2": "Refugees/IDPs (Palestine)", "inter2": 7, "interaction": 78, "civilian_targeting": "Civilian targeting", "iso": 275, "region": "Middle East", "country": "Palestine", "admin1": "Gaza Strip", "admin2": "Khan Yunis", "admin3": null, "location": "Khan Yunis", "latitude": 31.3502, "longitude": 34.3081, "geo_precision": 1, "source": "Palestine News and Information Agency; Quds News Network", "source_scale": "National", "notes": "On 2 January 2025, Israeli warplanes launched a raid on a building [likely the interior and post office building near the Abu Hamid roundabout] in central Khan Yunis city (Khan Yunis, Gaza Strip), resulting in six dead and others injured. Additionally, Israeli helicopters fired at a tent, where IDPs were sheltering, near Baar Znoun and Al Shaar areas in the same location, resulting in injuries.", "fatalities": 6, "tags": null, "timestamp": 1753956656 }, "geometry": { "type": "Point", "coordinates": [ 34.3081, 31.3502 ] } },
{ "type": "Feature", "properties": { "event_id_cnty": "PSE66311", "event_date": "1/2/2025", "year": 2025, "time_precision": 1, "disorder_type": "Political violence", "event_type": "Explosions/Remote violence", "sub_event_type": "Air/drone strike", "actor1": "Military Forces of Israel (2022-)", "assoc_actor_1": null, "inter1": 8, "actor2": "Civilians (Palestine)", "assoc_actor_2": "Refugees/IDPs (Palestine)", "inter2": 7, "interaction": 78, "civilian_targeting": "Civilian targeting", "iso": 275, "region": "Middle East", "country": "Palestine", "admin1": "Gaza Strip", "admin2": "Deir El Balah", "admin3": null, "location": "An Nusayrat - North", "latitude": 31.4591, "longitude": 34.3923, "geo_precision": 1, "source": "Palestine News and Information Agency", "source_scale": "National", "notes": "On 2 January 2025, Israeli drones [Quadcopter] struck a school, where IDPs were sheltering, in the new camp area in An Nusayrat - North (Deir El Balah, Gaza Strip), resulting in three injuries, including one woman.", "fatalities": 0, "tags": null, "timestamp": 1753956656 }, "geometry": { "type": "Point", "coordinates": [ 34.3923, 31.4591 ] } },
{ "type": "Feature", "properties": { "event_id_cnty": "PSE66314", "event_date": "1/2/2025", "year": 2025, "time_precision": 1, "disorder_type": "Political violence", "event_type": "Explosions/Remote violence", "sub_event_type": "Air/drone strike", "actor1": "Military Forces of Israel (2022-)", "assoc_actor_1": null, "inter1": 8, "actor2": "Civilians (Palestine)", "assoc_actor_2": null, "inter2": 7, "interaction": 78, "civilian_targeting": "Civilian targeting", "iso": 275, "region": "Middle East", "country": "Palestine", "admin1": "Gaza Strip", "admin2": "Gaza City", "admin3": null, "location": "Gaza - Ad Darraj", "latitude": 31.5172, "longitude": 34.4642, "geo_precision": 1, "source": "Palestine News and Information Agency", "source_scale": "National", "notes": "On 2 January 2025, Israeli warplanes struck Araba in Al Maalem Street in Gaza - Ad Darraj (Gaza City, Gaza Strip), resulting in three dead.", "fatalities": 3, "tags": null, "timestamp": 1759790002 }, "geometry": { "type": "Point", "coordinates": [ 34.4642, 31.5172 ] } },
{ "type": "Feature", "properties": { "event_id_cnty": "PSE66315", "event_date": "1/2/2025", "year": 2025, "time_precision": 1, "disorder_type": "Political violence", "event_type": "Explosions/Remote violence", "sub_event_type": "Air/drone strike", "actor1": "Military Forces of Israel (2022-)", "assoc_actor_1": null, "inter1": 8, "actor2": "Civilians (Palestine)", "assoc_actor_2": null, "inter2": 7, "interaction": 78, "civilian_targeting": "Civilian targeting", "iso": 275, "region": "Middle East", "country": "Palestine", "admin1": "Gaza Strip", "admin2": "Gaza City", "admin3": null, "location": "Gaza - Shujaiyya", "latitude": 31.4988, "longitude": 34.4699, "geo_precision": 1, "source": "Palestine News and Information Agency", "source_scale": "National", "notes": "On 2 January 2025, Israeli warplanes struck people in Al Keshko Street in Gaza - Shujaiyya (Gaza City, Gaza Strip), resulting in two dead and others injured. Israeli warplanes also struck Al Mansoura Street in the same location, resulting in one dead and others injured. Total fatalities coded as 3.", "fatalities": 3, "tags": null, "timestamp": 1759790002 }, "geometry": { "type": "Point", "coordinates": [ 34.4699, 31.4988 ] } },
{ "type": "Feature", "properties": { "event_id_cnty": "PSE66316", "event_date": "1/2/2025", "year": 2025, "time_precision": 1, "disorder_type": "Political violence", "event_type": "Explosions/Remote violence", "sub_event_type": "Air/drone strike", "actor1": "Military Forces of Israel (2022-)", "assoc_actor_1": null, "inter1": 8, "actor2": "Civilians (Palestine)", "assoc_actor_2": null, "inter2": 7, "interaction": 78, "civilian_targeting": "Civilian targeting", "iso": 275, "region": "Middle East", "country": "Palestine", "admin1": "Gaza Strip", "admin2": "Deir El Balah", "admin3": null, "location": "Az Zawayda", "latitude": 31.4284, "longitude": 34.366, "geo_precision": 1, "source": "Palestine News and Information Agency; Quds News Network", "source_scale": "National", "notes": "On 2 January 2025, Israeli warplanes [and likely drones] struck a group of people in Az Zawayda (Deir El Balah, Gaza Strip), resulting in four dead and 12 others injured. Israeli warplanes also struck a gas station in the same location, resulting in seven dead. Total fatalities coded as 11.", "fatalities": 11, "tags": null, "timestamp": 1767742780 }, "geometry": { "type": "Point", "coordinates": [ 34.366, 31.4284 ] } },
{ "type": "Feature", "properties": { "event_id_cnty": "PSE66317", "event_date": "1/2/2025", "year": 2025, "time_precision": 1, "disorder_type": "Political violence", "event_type": "Explosions/Remote violence", "sub_event_type": "Air/drone strike", "actor1": "Military Forces of Israel (2022-)", "assoc_actor_1": null, "inter1": 8, "actor2": "Civilians (Palestine)", "assoc_actor_2": "Refugees/IDPs (Palestine)", "inter2": 7, "interaction": 78, "civilian_targeting": "Civilian targeting", "iso": 275, "region": "Middle East", "country": "Palestine", "admin1": "Gaza Strip", "admin2": "Khan Yunis", "admin3": null, "location": "Khan Yunis - Al Kateebeh", "latitude": 31.3642, "longitude": 34.3085, "geo_precision": 2, "source": "Palestine News and Information Agency", "source_scale": "National", "notes": "On 2 January 2025, Israeli warplanes struck a tent where IDPs were sheltering on Qatar Street in Hamed City, north of Khan Yunis coded to Khan Yunis - Al Kateebeh (Khan Yunis, Gaza Strip), resulting in three dead.", "fatalities": 3, "tags": null, "timestamp": 1767742780 }, "geometry": { "type": "Point", "coordinates": [ 34.3085, 31.3642 ] } },
{ "type": "Feature", "properties": { "event_id_cnty": "PSE66318", "event_date": "1/2/2025", "year": 2025, "time_precision": 1, "disorder_type": "Political violence", "event_type": "Explosions/Remote violence", "sub_event_type": "Air/drone strike", "actor1": "Military Forces of Israel (2022-)", "assoc_actor_1": null, "inter1": 8, "actor2": "Civilians (Palestine)", "assoc_actor_2": null, "inter2": 7, "interaction": 78, "civilian_targeting": "Civilian targeting", "iso": 275, "region": "Middle East", "country": "Palestine", "admin1": "Gaza Strip", "admin2": "Gaza City", "admin3": null, "location": "Gaza - Sheikh Radwan", "latitude": 31.5349, "longitude": 34.4667, "geo_precision": 1, "source": "Palestine News and Information Agency", "source_scale": "National", "notes": "On 2 January 2025, Israeli warplanes struck a residential home in Gaza - Sheikh Radwan (Gaza City, Gaza Strip), resulting in a number of deaths and injuries [unspecified number of fatalities coded as 3].", "fatalities": 3, "tags": null, "timestamp": 1759790002 }, "geometry": { "type": "Point", "coordinates": [ 34.4667, 31.5349 ] } },
{ "type": "Feature", "properties": { "event_id_cnty": "PSE66324", "event_date": "1/2/2025", "year": 2025, "time_precision": 1, "disorder_type": "Political violence", "event_type": "Explosions/Remote violence", "sub_event_type": "Air/drone strike", "actor1": "Military Forces of Israel (2022-)", "assoc_actor_1": null, "inter1": 8, "actor2": "Civilians (Palestine)", "assoc_actor_2": null, "inter2": 7, "interaction": 78, "civilian_targeting": "Civilian targeting", "iso": 275, "region": "Middle East", "country": "Palestine", "admin1": "Gaza Strip", "admin2": "Gaza City", "admin3": null, "location": "Gaza - Sabra", "latitude": 31.5086, "longitude": 34.4493, "geo_precision": 1, "source": "Palestine News and Information Agency; Quds News Network", "source_scale": "National", "notes": "On 2 January 2025, Israeli warplanes struck a residential home in Al Maghribi Street and Abu Obaida junction in Gaza - Sabra (Gaza City, Gaza Strip), resulting in four dead.", "fatalities": 4, "tags": null, "timestamp": 1759790002 }, "geometry": { "type": "Point", "coordinates": [ 34.4493, 31.5086 ] } },
{ "type": "Feature", "properties": { "event_id_cnty": "PSE66326", "event_date": "1/2/2025", "year": 2025, "time_precision": 1, "disorder_type": "Political violence", "event_type": "Explosions/Remote violence", "sub_event_type": "Air/drone strike", "actor1": "Military Forces of Israel (2022-)", "assoc_actor_1": null, "inter1": 8, "actor2": "Civilians (Palestine)", "assoc_actor_2": "Refugees/IDPs (Palestine)", "inter2": 7, "interaction": 78, "civilian_targeting": "Civilian targeting", "iso": 275, "region": "Middle East", "country": "Palestine", "admin1": "Gaza Strip", "admin2": "Deir El Balah", "admin3": null, "location": "An Nusayrat", "latitude": 31.4486, "longitude": 34.3925, "geo_precision": 1, "source": "Palestine News and Information Agency; Quds News Network", "source_scale": "National", "notes": "On 2 January 2025, Israeli warplanes struck a residential home in Bides Tower in An Nusayrat Camp (Deir El Balah, Gaza Strip), resulting in five dead [including two children] and others injured. Israeli warplanes also struck Al Swarha area near Omer Bin Abed Al Aziz in the same location, resulting in five dead. Total fatalities coded as 10.", "fatalities": 10, "tags": null, "timestamp": 1753956656 }, "geometry": { "type": "Point", "coordinates": [ 34.3925, 31.4486 ] } },
{ "type": "Feature", "properties": { "event_id_cnty": "PSE66329", "event_date": "1/2/2025", "year": 2025, "time_precision": 1, "disorder_type": "Political violence", "event_type": "Explosions/Remote violence", "sub_event_type": "Air/drone strike", "actor1": "Military Forces of Israel (2022-)", "assoc_actor_1": null, "inter1": 8, "actor2": "Civilians (Palestine)", "assoc_actor_2": null, "inter2": 7, "interaction": 78, "civilian_targeting": "Civilian targeting", "iso": 275, "region": "Middle East", "country": "Palestine", "admin1": "Gaza Strip", "admin2": "Deir El Balah", "admin3": null, "location": "Deir al Balah", "latitude": 31.4178, "longitude": 34.3503, "geo_precision": 1, "source": "Quds News Network", "source_scale": "National", "notes": "On 2 January 2025, Israeli drones struck a group of people in Deir al Balah (Deir El Balah, Gaza Strip), resulting in deaths and injuries [unspecified number of fatalities coded as 3].", "fatalities": 3, "tags": null, "timestamp": 1753956656 }, "geometry": { "type": "Point", "coordinates": [ 34.3503, 31.4178 ] } },
{ "type": "Feature", "properties": { "event_id_cnty": "PSE66330", "event_date": "1/2/2025", "year": 2025, "time_precision": 1, "disorder_type": "Political violence", "event_type": "Explosions/Remote violence", "sub_event_type": "Air/drone strike", "actor1": "Military Forces of Israel (2022-)", "assoc_actor_1": null, "inter1": 8, "actor2": "Civilians (Palestine)", "assoc_actor_2": null, "inter2": 7, "interaction": 78, "civilian_targeting": "Civilian targeting", "iso": 275, "region": "Middle East", "country": "Palestine", "admin1": "Gaza Strip", "admin2": "Gaza City", "admin3": null, "location": "Gaza", "latitude": 31.5045, "longitude": 34.4743, "geo_precision": 1, "source": "Quds News Network", "source_scale": "National", "notes": "On 2 January 2025, an Israeli drone struck Al Sinaah street in Gaza City (Gaza City, Gaza Strip), resulting in one dead.", "fatalities": 1, "tags": null, "timestamp": 1759790002 }, "geometry": { "type": "Point", "coordinates": [ 34.4743, 31.5045 ] } },
{ "type": "Feature", "properties": { "event_id_cnty": "PSE66308", "event_date": "1/2/2025", "year": 2025, "time_precision": 1, "disorder_type": "Political violence", "event_type": "Explosions/Remote violence", "sub_event_type": "Air/drone strike", "actor1": "Military Forces of Israel (2022-)", "assoc_actor_1": null, "inter1": 8, "actor2": "Civilians (Palestine)", "assoc_actor_2": "Refugees/IDPs (Palestine)", "inter2": 7, "interaction": 78, "civilian_targeting": "Civilian targeting", "iso": 275, "region": "Middle East", "country": "Palestine", "admin1": "Gaza Strip", "admin2": "Deir El Balah", "admin3": null, "location": "Al Maghazi", "latitude": 31.4214, "longitude": 34.3865, "geo_precision": 1, "source": "Palestine News and Information Agency", "source_scale": "National", "notes": "On 2 January 2025, Israeli warplanes struck a gathering of people near Al Bahloul Station in Al Maghazi Camp (Deir El Balah, Gaza Strip), resulting in a number of deaths and injuries [unspecified number of fatalities coded as three]. Israeli warplanes also struck a glass factory near the northern entrance of Al Maghazi Camp, coded to the same location [Casualties unknown]. Additionally, Israeli warplanes struck a residential home in the same area, resulting in nine dead. Total fatalities coded as 12.", "fatalities": 12, "tags": null, "timestamp": 1753956656 }, "geometry": { "type": "Point", "coordinates": [ 34.3865, 31.4214 ] } },
{ "type": "Feature", "properties": { "event_id_cnty": "PSE66202", "event_date": "1/2/2025", "year": 2025, "time_precision": 1, "disorder_type": "Political violence", "event_type": "Explosions/Remote violence", "sub_event_type": "Shelling/artillery/missile attack", "actor1": "Military Forces of Israel (2022-)", "assoc_actor_1": null, "inter1": 8, "actor2": "Civilians (Palestine)", "assoc_actor_2": null, "inter2": 7, "interaction": 78, "civilian_targeting": "Civilian targeting", "iso": 275, "region": "Middle East", "country": "Palestine", "admin1": "Gaza Strip", "admin2": "Gaza City", "admin3": null, "location": "Gaza - Tal el Hawa", "latitude": 31.5041, "longitude": 34.435, "geo_precision": 1, "source": "Quds News Network", "source_scale": "National", "notes": "On 2 January 2025, Israeli artillery shelled the Gaza - Tal el Hawa neighborhood (Gaza City, Gaza Strip). Casualties unknown.", "fatalities": 0, "tags": null, "timestamp": 1759790002 }, "geometry": { "type": "Point", "coordinates": [ 34.435, 31.5041 ] } },
{ "type": "Feature", "properties": { "event_id_cnty": "PSE66304", "event_date": "1/2/2025", "year": 2025, "time_precision": 1, "disorder_type": "Political violence", "event_type": "Explosions/Remote violence", "sub_event_type": "Air/drone strike", "actor1": "Military Forces of Israel (2022-)", "assoc_actor_1": null, "inter1": 8, "actor2": "Civilians (Palestine)", "assoc_actor_2": null, "inter2": 7, "interaction": 78, "civilian_targeting": "Civilian targeting", "iso": 275, "region": "Middle East", "country": "Palestine", "admin1": "Gaza Strip", "admin2": "North Gaza", "admin3": null, "location": "Jabalya", "latitude": 31.5272, "longitude": 34.4835, "geo_precision": 1, "source": "Palestine News and Information Agency; Quds News Network", "source_scale": "National", "notes": "On 2 January 2025, Israeli warplanes struck a gathering of people in Jabalya el Balad (North Gaza, Gaza Strip), resulting in ten dead and others injured. Also, Israeli warplanes launched a raid in the vicinity of Al Halabi roundabout in the same area [Casualties unknown]. Fatalities coded at least 10.", "fatalities": 10, "tags": null, "timestamp": 1759790002 }, "geometry": { "type": "Point", "coordinates": [ 34.4835, 31.5272 ] } },
{ "type": "Feature", "properties": { "event_id_cnty": "PSE66313", "event_date": "1/2/2025", "year": 2025, "time_precision": 1, "disorder_type": "Political violence", "event_type": "Explosions/Remote violence", "sub_event_type": "Air/drone strike", "actor1": "Military Forces of Israel (2022-)", "assoc_actor_1": null, "inter1": 8, "actor2": "Civilians (Palestine)", "assoc_actor_2": null, "inter2": 7, "interaction": 78, "civilian_targeting": "Civilian targeting", "iso": 275, "region": "Middle East", "country": "Palestine", "admin1": "Gaza Strip", "admin2": "Gaza City", "admin3": null, "location": "Gaza - Az Zaytun", "latitude": 31.4964, "longitude": 34.4522, "geo_precision": 1, "source": "Palestine News and Information Agency", "source_scale": "National", "notes": "On 2 January 2025, Israeli warplanes struck a group of people at Al Barbari Station in Al Jalaa Street in Gaza - Az Zaytun (Gaza City, Gaza Strip), resulting in four dead and others injured.", "fatalities": 4, "tags": null, "timestamp": 1759790002 }, "geometry": { "type": "Point", "coordinates": [ 34.4522, 31.4964 ] } },
{ "type": "Feature", "properties": { "event_id_cnty": "PSE66322", "event_date": "1/2/2025", "year": 2025, "time_precision": 1, "disorder_type": "Political violence", "event_type": "Explosions/Remote violence", "sub_event_type": "Air/drone strike", "actor1": "Military Forces of Israel (2022-)", "assoc_actor_1": null, "inter1": 8, "actor2": "Civilians (Palestine)", "assoc_actor_2": "Health Workers (Palestine)", "inter2": 7, "interaction": 78, "civilian_targeting": "Civilian targeting", "iso": 275, "region": "Middle East", "country": "Palestine", "admin1": "Gaza Strip", "admin2": "North Gaza", "admin3": null, "location": "Jabalya - Tel-Zaatar", "latitude": 31.5367, "longitude": 34.5035, "geo_precision": 1, "source": "Palestine News and Information Agency; Quds News Network", "source_scale": "National", "notes": "On 2 January 2025, Israeli artillery shelled Al Odeh Hospital in Jabalya - Tel-Zaatar (North Gaza, Gaza Strip), resulting in a fire breaking out in the hospital. Additionally, Israeli drones struck homes in the vicinity of the hospital, leading to many homes being set on fire. Casualties unknown for both events.", "fatalities": 0, "tags": null, "timestamp": 1759790002 }, "geometry": { "type": "Point", "coordinates": [ 34.5035, 31.5367 ] } },
{ "type": "Feature", "properties": { "event_id_cnty": "PSE66319", "event_date": "1/2/2025", "year": 2025, "time_precision": 1, "disorder_type": "Political violence", "event_type": "Explosions/Remote violence", "sub_event_type": "Air/drone strike", "actor1": "Military Forces of Israel (2022-)", "assoc_actor_1": null, "inter1": 8, "actor2": "Civilians (Palestine)", "assoc_actor_2": null, "inter2": 7, "interaction": 78, "civilian_targeting": "Civilian targeting", "iso": 275, "region": "Middle East", "country": "Palestine", "admin1": "Gaza Strip", "admin2": "Rafah", "admin3": null, "location": "Khirbet al Adas", "latitude": 31.2855, "longitude": 34.2714, "geo_precision": 2, "source": "Palestine News and Information Agency", "source_scale": "National", "notes": "On 2 January 2025, an Israeli drone struck the area of Misbah north of Rafah coded to Khirbet al Adas (Rafah, Gaza Strip), resulting in at least one injury.", "fatalities": 0, "tags": null, "timestamp": 1753956656 }, "geometry": { "type": "Point", "coordinates": [ 34.2714, 31.2855 ] } },
{ "type": "Feature", "properties": { "event_id_cnty": "PSE66320", "event_date": "1/2/2025", "year": 2025, "time_precision": 1, "disorder_type": "Political violence", "event_type": "Explosions/Remote violence", "sub_event_type": "Air/drone strike", "actor1": "Military Forces of Israel (2022-)", "assoc_actor_1": null, "inter1": 8, "actor2": "Civilians (Palestine)", "assoc_actor_2": null, "inter2": 7, "interaction": 78, "civilian_targeting": "Civilian targeting", "iso": 275, "region": "Middle East", "country": "Palestine", "admin1": "Gaza Strip", "admin2": "Rafah", "admin3": null, "location": "Rafah", "latitude": 31.287, "longitude": 34.2595, "geo_precision": 1, "source": "Palestine News and Information Agency", "source_scale": "National", "notes": "On 2 January 2025, Israeli warplanes struck a residential home in Al Awni Street in central Rafah (Rafah, Gaza Strip). Casualties unknown.", "fatalities": 0, "tags": null, "timestamp": 1762829569 }, "geometry": { "type": "Point", "coordinates": [ 34.2595, 31.287 ] } },
{ "type": "Feature", "properties": { "event_id_cnty": "PSE66203", "event_date": "1/3/2025", "year": 2025, "time_precision": 1, "disorder_type": "Political violence", "event_type": "Explosions/Remote violence", "sub_event_type": "Shelling/artillery/missile attack", "actor1": "Military Forces of Israel (2022-)", "assoc_actor_1": null, "inter1": 8, "actor2": "Civilians (Palestine)", "assoc_actor_2": null, "inter2": 7, "interaction": 78, "civilian_targeting": "Civilian targeting", "iso": 275, "region": "Middle East", "country": "Palestine", "admin1": "Gaza Strip", "admin2": "Gaza City", "admin3": null, "location": "Gaza - Ash Shati' Camp", "latitude": 31.5349, "longitude": 34.4466, "geo_precision": 2, "source": "Palestine News and Information Agency; Quds News Network", "source_scale": "National", "notes": "On 3 January 2025, Israeli artillery opened fire in Al Shakoush, northwest of Gaza City, coded to Gaza - Ash Shati' Camp (Gaza City, Gaza Strip), resulting in one dead.", "fatalities": 1, "tags": null, "timestamp": 1759790002 }, "geometry": { "type": "Point", "coordinates": [ 34.4466, 31.5349 ] } },
{ "type": "Feature", "properties": { "event_id_cnty": "PSE66205", "event_date": "1/3/2025", "year": 2025, "time_precision": 1, "disorder_type": "Political violence", "event_type": "Explosions/Remote violence", "sub_event_type": "Shelling/artillery/missile attack", "actor1": "Military Forces of Israel (2022-)", "assoc_actor_1": null, "inter1": 8, "actor2": "Civilians (Palestine)", "assoc_actor_2": null, "inter2": 7, "interaction": 78, "civilian_targeting": "Civilian targeting", "iso": 275, "region": "Middle East", "country": "Palestine", "admin1": "Gaza Strip", "admin2": "North Gaza", "admin3": null, "location": "Beit Lahiya", "latitude": 31.5541, "longitude": 34.5016, "geo_precision": 1, "source": "Jerusalem Post; Palestine News and Information Agency", "source_scale": "National-Regional", "notes": "On 3 January 2025, Israeli artillery shelled areas in the vicinity of the Indonesian Hospital in Beit Lahiya (North Gaza, Gaza Strip). Also, Israeli forces ordered the medical staff and patients to evacuate the hospital [Casualties unknown]. The IDF claimed that it did not strike the Indonesian Hospital nor order the evacuations.", "fatalities": 0, "tags": null, "timestamp": 1753956656 }, "geometry": { "type": "Point", "coordinates": [ 34.5016, 31.5541 ] } },
{ "type": "Feature", "properties": { "event_id_cnty": "PSE66352", "event_date": "1/3/2025", "year": 2025, "time_precision": 1, "disorder_type": "Political violence", "event_type": "Explosions/Remote violence", "sub_event_type": "Air/drone strike", "actor1": "Military Forces of Israel (2022-)", "assoc_actor_1": null, "inter1": 8, "actor2": "Civilians (Palestine)", "assoc_actor_2": "Journalists (Palestine)", "inter2": 7, "interaction": 78, "civilian_targeting": "Civilian targeting", "iso": 275, "region": "Middle East", "country": "Palestine", "admin1": "Gaza Strip", "admin2": "Deir El Balah", "admin3": null, "location": "Az Zawayda", "latitude": 31.4284, "longitude": 34.366, "geo_precision": 1, "source": "Palestine News and Information Agency; Quds News Network", "source_scale": "National", "notes": "On 3 January 2025, Israeli warplanes struck a residential home in Az Zawayda town (Deir El Balah, Gaza Strip), resulting in three dead including a Palestinian journalist. Israeli warplanes also struck a vehicle in the same location, resulting in three dead and others injured. Total fatalities coded as 6.", "fatalities": 6, "tags": null, "timestamp": 1767742780 }, "geometry": { "type": "Point", "coordinates": [ 34.366, 31.4284 ] } },
{ "type": "Feature", "properties": { "event_id_cnty": "PSE66353", "event_date": "1/3/2025", "year": 2025, "time_precision": 1, "disorder_type": "Political violence", "event_type": "Explosions/Remote violence", "sub_event_type": "Air/drone strike", "actor1": "Military Forces of Israel (2022-)", "assoc_actor_1": null, "inter1": 8, "actor2": "Civilians (Palestine)", "assoc_actor_2": "Refugees/IDPs (Palestine)", "inter2": 7, "interaction": 78, "civilian_targeting": "Civilian targeting", "iso": 275, "region": "Middle East", "country": "Palestine", "admin1": "Gaza Strip", "admin2": "Deir El Balah", "admin3": null, "location": "Al Musaddar", "latitude": 31.4105, "longitude": 34.378, "geo_precision": 2, "source": "Newpress; Palestine News and Information Agency", "source_scale": "National", "notes": "On 3 January 2025, Israeli warplanes struck a residential home and a tent where IDPs were sheltering west of Deir El Balah coded to Al Musaddar (Deir El Balah, Gaza Strip), resulting in four dead and others injured.", "fatalities": 4, "tags": null, "timestamp": 1765850627 }, "geometry": { "type": "Point", "coordinates": [ 34.378, 31.4105 ] } },
{ "type": "Feature", "properties": { "event_id_cnty": "PSE66355", "event_date": "1/3/2025", "year": 2025, "time_precision": 1, "disorder_type": "Political violence", "event_type": "Explosions/Remote violence", "sub_event_type": "Air/drone strike", "actor1": "Military Forces of Israel (2022-)", "assoc_actor_1": null, "inter1": 8, "actor2": "Civilians (Palestine)", "assoc_actor_2": "Refugees/IDPs (Palestine)", "inter2": 7, "interaction": 78, "civilian_targeting": "Civilian targeting", "iso": 275, "region": "Middle East", "country": "Palestine", "admin1": "Gaza Strip", "admin2": "Deir El Balah", "admin3": null, "location": "Deir al Balah Camp", "latitude": 31.4249, "longitude": 34.34, "geo_precision": 2, "source": "Palestine News and Information Agency", "source_scale": "National", "notes": "On 3 January 2025, Israeli warplanes struck the area of Abu Al Aajeen east of Deir El Balah, coded to Deir al Balah Camp (Deir El Balah, Gaza Strip), resulting in one dead. Israeli warplanes also struck with a missile a warehouse, where IDPs were sheltering, and a vehicle transporting gas east of Deir El Balah, coded to the same location, resulting in at least four dead and others injured. Total fatalities coded as at least 5.", "fatalities": 5, "tags": null, "timestamp": 1765850627 }, "geometry": { "type": "Point", "coordinates": [ 34.34, 31.4249 ] } },
{ "type": "Feature", "properties": { "event_id_cnty": "PSE66358", "event_date": "1/3/2025", "year": 2025, "time_precision": 1, "disorder_type": "Political violence", "event_type": "Explosions/Remote violence", "sub_event_type": "Air/drone strike", "actor1": "Military Forces of Israel (2022-)", "assoc_actor_1": null, "inter1": 8, "actor2": "Civilians (Palestine)", "assoc_actor_2": null, "inter2": 7, "interaction": 78, "civilian_targeting": "Civilian targeting", "iso": 275, "region": "Middle East", "country": "Palestine", "admin1": "Gaza Strip", "admin2": "Gaza City", "admin3": null, "location": "Gaza - Sheikh Radwan", "latitude": 31.5349, "longitude": 34.4667, "geo_precision": 1, "source": "Palestine News and Information Agency; Quds News Network", "source_scale": "National", "notes": "On 3 January 2025, Israeli warplanes struck a group of people in Gaza - Sheikh Radwan (Gaza City, Gaza Strip), resulting in three dead and others injured. Also, an Israeli drone [Quadcopter] fired bombs at the market neighborhood in the same location [Casualties unknown].", "fatalities": 3, "tags": null, "timestamp": 1759790002 }, "geometry": { "type": "Point", "coordinates": [ 34.4667, 31.5349 ] } },
{ "type": "Feature", "properties": { "event_id_cnty": "PSE66360", "event_date": "1/3/2025", "year": 2025, "time_precision": 1, "disorder_type": "Political violence", "event_type": "Explosions/Remote violence", "sub_event_type": "Air/drone strike", "actor1": "Military Forces of Israel (2022-)", "assoc_actor_1": null, "inter1": 8, "actor2": "Civilians (Palestine)", "assoc_actor_2": null, "inter2": 7, "interaction": 78, "civilian_targeting": "Civilian targeting", "iso": 275, "region": "Middle East", "country": "Palestine", "admin1": "Gaza Strip", "admin2": "Gaza City", "admin3": null, "location": "Gaza - Northern Remal", "latitude": 31.524, "longitude": 34.4505, "geo_precision": 1, "source": "Palestine News and Information Agency", "source_scale": "National", "notes": "On 3 January 2025, Israeli warplanes struck a gathering of people at the entrance of Al Shifa Medical Complex in Gaza - Northern Remal (Gaza City, Gaza Strip), resulting in at least five dead and others critically injured.", "fatalities": 5, "tags": null, "timestamp": 1759790002 }, "geometry": { "type": "Point", "coordinates": [ 34.4505, 31.524 ] } },
{ "type": "Feature", "properties": { "event_id_cnty": "PSE66361", "event_date": "1/3/2025", "year": 2025, "time_precision": 1, "disorder_type": "Political violence", "event_type": "Explosions/Remote violence", "sub_event_type": "Air/drone strike", "actor1": "Military Forces of Israel (2022-)", "assoc_actor_1": null, "inter1": 8, "actor2": "Civilians (Palestine)", "assoc_actor_2": null, "inter2": 7, "interaction": 78, "civilian_targeting": "Civilian targeting", "iso": 275, "region": "Middle East", "country": "Palestine", "admin1": "Gaza Strip", "admin2": "Gaza City", "admin3": null, "location": "Gaza - Southern Remal", "latitude": 31.5168, "longitude": 34.4355, "geo_precision": 2, "source": "Palestine News and Information Agency", "source_scale": "National", "notes": "On 3 January 2025, Israeli warplanes struck Al Lababidy Street west of Gaza City coded to Gaza - Southern Remal (Gaza City, Gaza Strip), resulting in four dead and others injured.", "fatalities": 4, "tags": null, "timestamp": 1759790002 }, "geometry": { "type": "Point", "coordinates": [ 34.4355, 31.5168 ] } },
{ "type": "Feature", "properties": { "event_id_cnty": "PSE66363", "event_date": "1/3/2025", "year": 2025, "time_precision": 1, "disorder_type": "Political violence", "event_type": "Explosions/Remote violence", "sub_event_type": "Air/drone strike", "actor1": "Military Forces of Israel (2022-)", "assoc_actor_1": null, "inter1": 8, "actor2": "Civilians (Palestine)", "assoc_actor_2": null, "inter2": 7, "interaction": 78, "civilian_targeting": "Civilian targeting", "iso": 275, "region": "Middle East", "country": "Palestine", "admin1": "Gaza Strip", "admin2": "Deir El Balah", "admin3": null, "location": "Deir al Balah", "latitude": 31.4178, "longitude": 34.3503, "geo_precision": 1, "source": "Palestine News and Information Agency; Quds News Network", "source_scale": "National", "notes": "On 3 January 2025, Israeli artillery shelled the vicinity of Al Sleqa valley in Deir al Balah (Deir El Balah, Gaza Strip), resulting in one dead. Also, Israeli warplanes launched a raid on a home in the vicinity of Yaffa Mosque same location, resulting in deaths and injuries [unspecified number of fatalities coded as 3].", "fatalities": 4, "tags": null, "timestamp": 1753956656 }, "geometry": { "type": "Point", "coordinates": [ 34.3503, 31.4178 ] } },
{ "type": "Feature", "properties": { "event_id_cnty": "PSE66365", "event_date": "1/3/2025", "year": 2025, "time_precision": 1, "disorder_type": "Political violence", "event_type": "Explosions/Remote violence", "sub_event_type": "Air/drone strike", "actor1": "Military Forces of Israel (2022-)", "assoc_actor_1": null, "inter1": 8, "actor2": "Civilians (Palestine)", "assoc_actor_2": null, "inter2": 7, "interaction": 78, "civilian_targeting": "Civilian targeting", "iso": 275, "region": "Middle East", "country": "Palestine", "admin1": "Gaza Strip", "admin2": "Gaza City", "admin3": null, "location": "Gaza - Sabra", "latitude": 31.5086, "longitude": 34.4493, "geo_precision": 1, "source": "Palestine News and Information Agency", "source_scale": "National", "notes": "On 3 January 2025, Israeli warplanes launched raids in Al Maghribi Street in Gaza - Sabra (Gaza City, Gaza Strip), resulting in two dead.", "fatalities": 2, "tags": null, "timestamp": 1759790002 }, "geometry": { "type": "Point", "coordinates": [ 34.4493, 31.5086 ] } },
{ "type": "Feature", "properties": { "event_id_cnty": "PSE66366", "event_date": "1/3/2025", "year": 2025, "time_precision": 1, "disorder_type": "Political violence", "event_type": "Explosions/Remote violence", "sub_event_type": "Air/drone strike", "actor1": "Military Forces of Israel (2022-)", "assoc_actor_1": null, "inter1": 8, "actor2": "Civilians (Palestine)", "assoc_actor_2": null, "inter2": 7, "interaction": 78, "civilian_targeting": "Civilian targeting", "iso": 275, "region": "Middle East", "country": "Palestine", "admin1": "Gaza Strip", "admin2": "Gaza City", "admin3": null, "location": "Gaza - Nasr", "latitude": 31.534, "longitude": 34.4574, "geo_precision": 1, "source": "Palestine News and Information Agency", "source_scale": "National", "notes": "On 3 January 2025, Israeli warplanes struck a group of people close to the 'east bakery' in Gaza - Nasr (Gaza City, Gaza Strip), resulting in one dead and others injured.", "fatalities": 1, "tags": null, "timestamp": 1753956656 }, "geometry": { "type": "Point", "coordinates": [ 34.4574, 31.534 ] } },
{ "type": "Feature", "properties": { "event_id_cnty": "PSE66367", "event_date": "1/3/2025", "year": 2025, "time_precision": 1, "disorder_type": "Political violence", "event_type": "Explosions/Remote violence", "sub_event_type": "Air/drone strike", "actor1": "Military Forces of Israel (2022-)", "assoc_actor_1": null, "inter1": 8, "actor2": "Civilians (Palestine)", "assoc_actor_2": null, "inter2": 7, "interaction": 78, "civilian_targeting": "Civilian targeting", "iso": 275, "region": "Middle East", "country": "Palestine", "admin1": "Gaza Strip", "admin2": "Deir El Balah", "admin3": null, "location": "Az Zawayda", "latitude": 31.4284, "longitude": 34.366, "geo_precision": 2, "source": "Palestine News and Information Agency", "source_scale": "National", "notes": "On 3 January 2025, Israeli warplanes struck Al Taabeen area south of Az Zawayda (Deir El Balah, Gaza Strip), resulting in two dead.", "fatalities": 2, "tags": null, "timestamp": 1767742780 }, "geometry": { "type": "Point", "coordinates": [ 34.366, 31.4284 ] } },
{ "type": "Feature", "properties": { "event_id_cnty": "PSE66368", "event_date": "1/3/2025", "year": 2025, "time_precision": 1, "disorder_type": "Political violence", "event_type": "Explosions/Remote violence", "sub_event_type": "Air/drone strike", "actor1": "Military Forces of Israel (2022-)", "assoc_actor_1": null, "inter1": 8, "actor2": "Civilians (Palestine)", "assoc_actor_2": null, "inter2": 7, "interaction": 78, "civilian_targeting": "Civilian targeting", "iso": 275, "region": "Middle East", "country": "Palestine", "admin1": "Gaza Strip", "admin2": "Gaza City", "admin3": null, "location": "Gaza - Shujaiyya", "latitude": 31.4988, "longitude": 34.4699, "geo_precision": 1, "source": "Ma'an News Agency; Palestine News and Information Agency; Quds News Network", "source_scale": "National", "notes": "On 3 January 2025, Israeli warplanes launched several raids in Gaza - Shujaiyya (Gaza City, Gaza Strip), resulting in 11 dead [including four children and one woman] and others injured.", "fatalities": 11, "tags": null, "timestamp": 1759790002 }, "geometry": { "type": "Point", "coordinates": [ 34.4699, 31.4988 ] } },
{ "type": "Feature", "properties": { "event_id_cnty": "PSE66372", "event_date": "1/3/2025", "year": 2025, "time_precision": 1, "disorder_type": "Political violence", "event_type": "Explosions/Remote violence", "sub_event_type": "Air/drone strike", "actor1": "Military Forces of Israel (2022-)", "assoc_actor_1": null, "inter1": 8, "actor2": "Civilians (Palestine)", "assoc_actor_2": "Journalists (Palestine); Refugees/IDPs (Palestine)", "inter2": 7, "interaction": 78, "civilian_targeting": "Civilian targeting", "iso": 275, "region": "Middle East", "country": "Palestine", "admin1": "Gaza Strip", "admin2": "Deir El Balah", "admin3": null, "location": "An Nusayrat", "latitude": 31.4486, "longitude": 34.3925, "geo_precision": 1, "source": "Guardian (United Kingdom); Quds News Network", "source_scale": "National-International", "notes": "On 3 January 2025, Israeli artillery shelled camp 2 in An Nusayrat Camp (Deir El Balah, Gaza Strip), resulting in one dead [one woman due to her injuries]. Israeli warplanes also struck a home in Al Daaweh neighborhood in the same location, resulting in two dead, including a journalist. Total fatalities coded as 3.", "fatalities": 3, "tags": null, "timestamp": 1757975700 }, "geometry": { "type": "Point", "coordinates": [ 34.3925, 31.4486 ] } },
{ "type": "Feature", "properties": { "event_id_cnty": "PSE66373", "event_date": "1/3/2025", "year": 2025, "time_precision": 1, "disorder_type": "Political violence", "event_type": "Explosions/Remote violence", "sub_event_type": "Air/drone strike", "actor1": "Military Forces of Israel (2022-)", "assoc_actor_1": null, "inter1": 8, "actor2": "Civilians (Palestine)", "assoc_actor_2": null, "inter2": 7, "interaction": 78, "civilian_targeting": "Civilian targeting", "iso": 275, "region": "Middle East", "country": "Palestine", "admin1": "Gaza Strip", "admin2": "Deir El Balah", "admin3": null, "location": "An Nusayrat - North", "latitude": 31.4591, "longitude": 34.3923, "geo_precision": 1, "source": "Quds News Network", "source_scale": "National", "notes": "On 3 January 2025, Israeli artillery shelled west of the new camp in An Nusayrat - North (Deir El Balah, Gaza Strip) [Casualties unknown]. Also, Israeli warplanes launched a raid in the vicinity of Al Nouri Tower in the same location, resulting in deaths and injuries [unspecified number of fatalities coded as 3].", "fatalities": 3, "tags": null, "timestamp": 1753956656 }, "geometry": { "type": "Point", "coordinates": [ 34.3923, 31.4591 ] } },
{ "type": "Feature", "properties": { "event_id_cnty": "PSE66375", "event_date": "1/3/2025", "year": 2025, "time_precision": 1, "disorder_type": "Political violence", "event_type": "Explosions/Remote violence", "sub_event_type": "Air/drone strike", "actor1": "Military Forces of Israel (2022-)", "assoc_actor_1": null, "inter1": 8, "actor2": "Civilians (Palestine)", "assoc_actor_2": null, "inter2": 7, "interaction": 78, "civilian_targeting": "Civilian targeting", "iso": 275, "region": "Middle East", "country": "Palestine", "admin1": "Gaza Strip", "admin2": "Gaza City", "admin3": null, "location": "Gaza", "latitude": 31.5045, "longitude": 34.4743, "geo_precision": 1, "source": "Quds News Network", "source_scale": "National", "notes": "On 3 January 2025, Israeli warplanes struck a group of people in the vicinity of Al Smar junction and Al Sahabeh Street in Gaza (Gaza City, Gaza Strip), resulting in four dead and a number of injuries.", "fatalities": 4, "tags": null, "timestamp": 1759790002 }, "geometry": { "type": "Point", "coordinates": [ 34.4743, 31.5045 ] } },
{ "type": "Feature", "properties": { "event_id_cnty": "PSE66381", "event_date": "1/3/2025", "year": 2025, "time_precision": 1, "disorder_type": "Political violence", "event_type": "Explosions/Remote violence", "sub_event_type": "Air/drone strike", "actor1": "Military Forces of Israel (2022-)", "assoc_actor_1": null, "inter1": 8, "actor2": "Civilians (Palestine)", "assoc_actor_2": null, "inter2": 7, "interaction": 78, "civilian_targeting": "Civilian targeting", "iso": 275, "region": "Middle East", "country": "Palestine", "admin1": "Gaza Strip", "admin2": "Deir El Balah", "admin3": null, "location": "An Nusayrat - South", "latitude": 31.4389, "longitude": 34.3815, "geo_precision": 1, "source": "Quds News Network", "source_scale": "National", "notes": "On 3 January 2025, Israeli warplanes struck a residential home in An Nusayrat - South (Deir El Balah, Gaza Strip), resulting in two dead and others injured.", "fatalities": 2, "tags": null, "timestamp": 1753956656 }, "geometry": { "type": "Point", "coordinates": [ 34.3815, 31.4389 ] } },
{ "type": "Feature", "properties": { "event_id_cnty": "PSE66382", "event_date": "1/3/2025", "year": 2025, "time_precision": 1, "disorder_type": "Political violence", "event_type": "Explosions/Remote violence", "sub_event_type": "Air/drone strike", "actor1": "Military Forces of Israel (2022-)", "assoc_actor_1": null, "inter1": 8, "actor2": "Civilians (Palestine)", "assoc_actor_2": null, "inter2": 7, "interaction": 78, "civilian_targeting": "Civilian targeting", "iso": 275, "region": "Middle East", "country": "Palestine", "admin1": "Gaza Strip", "admin2": "Deir El Balah", "admin3": null, "location": "An Nusayrat - West", "latitude": 31.4525, "longitude": 34.3756, "geo_precision": 1, "source": "Quds News Network", "source_scale": "National", "notes": "On 3 January 2025, Israeli warplanes struck a residential home in Al Swarha area in An Nusayrat - West (Deir El Balah, Gaza Strip). Casualties unknown.", "fatalities": 0, "tags": null, "timestamp": 1753956656 }, "geometry": { "type": "Point", "coordinates": [ 34.3756, 31.4525 ] } },
{ "type": "Feature", "properties": { "event_id_cnty": "PSE66220", "event_date": "1/3/2025", "year": 2025, "time_precision": 1, "disorder_type": "Political violence", "event_type": "Explosions/Remote violence", "sub_event_type": "Shelling/artillery/missile attack", "actor1": "Military Forces of Israel (2022-)", "assoc_actor_1": null, "inter1": 8, "actor2": "Civilians (Palestine)", "assoc_actor_2": "Health Workers (Palestine)", "inter2": 7, "interaction": 78, "civilian_targeting": "Civilian targeting", "iso": 275, "region": "Middle East", "country": "Palestine", "admin1": "Gaza Strip", "admin2": "North Gaza", "admin3": null, "location": "Jabalya - Tel-Zaatar", "latitude": 31.5367, "longitude": 34.5035, "geo_precision": 1, "source": "Newpress; Quds News Network", "source_scale": "National", "notes": "On 3 January 2025, Israeli artillery heavily shelled Al Odeh Hospital and it's vicinity in Jabalya - Tel-Zaatar (North Gaza, Gaza Strip), resulting in two injuries [medical staff].", "fatalities": 0, "tags": null, "timestamp": 1759790002 }, "geometry": { "type": "Point", "coordinates": [ 34.5035, 31.5367 ] } },
{ "type": "Feature", "properties": { "event_id_cnty": "PSE66354", "event_date": "1/3/2025", "year": 2025, "time_precision": 1, "disorder_type": "Political violence", "event_type": "Explosions/Remote violence", "sub_event_type": "Air/drone strike", "actor1": "Military Forces of Israel (2022-)", "assoc_actor_1": null, "inter1": 8, "actor2": "Civilians (Palestine)", "assoc_actor_2": null, "inter2": 7, "interaction": 78, "civilian_targeting": "Civilian targeting", "iso": 275, "region": "Middle East", "country": "Palestine", "admin1": "Gaza Strip", "admin2": "Gaza City", "admin3": null, "location": "Gaza - Az Zaytun", "latitude": 31.4964, "longitude": 34.4522, "geo_precision": 1, "source": "Palestine News and Information Agency; Quds News Network", "source_scale": "National", "notes": "On 3 January 2025, Israeli warplanes struck a residential home close to Abed Al Aal junction in Al Jalaa Street in Gaza - Az Zaytun (Gaza City, Gaza Strip), resulting in one dead. Also, Israeli drones fired bombs near Ibn Haitham pharmacy in the same location [Casualties unknown]. Additionally, Israeli warplanes struck the vicinity of Al Shamaa Mosque in the same location, resulting in three dead [children] and others injured. Total fatalities coded as 4.", "fatalities": 4, "tags": null, "timestamp": 1759790002 }, "geometry": { "type": "Point", "coordinates": [ 34.4522, 31.4964 ] } },
{ "type": "Feature", "properties": { "event_id_cnty": "PSE66364", "event_date": "1/3/2025", "year": 2025, "time_precision": 1, "disorder_type": "Political violence", "event_type": "Explosions/Remote violence", "sub_event_type": "Air/drone strike", "actor1": "Military Forces of Israel (2022-)", "assoc_actor_1": null, "inter1": 8, "actor2": "Civilians (Palestine)", "assoc_actor_2": null, "inter2": 7, "interaction": 78, "civilian_targeting": "Civilian targeting", "iso": 275, "region": "Middle East", "country": "Palestine", "admin1": "Gaza Strip", "admin2": "Gaza City", "admin3": null, "location": "Gaza - Tal el Hawa", "latitude": 31.5041, "longitude": 34.435, "geo_precision": 2, "source": "Newpress; Palestine News and Information Agency", "source_scale": "National", "notes": "On 3 January 2025, Israeli warplanes struck a group of people southwest of Gaza City coded to Gaza - Tal el Hawa (Gaza City, Gaza Strip), resulting in two dead.", "fatalities": 2, "tags": null, "timestamp": 1759790002 }, "geometry": { "type": "Point", "coordinates": [ 34.435, 31.5041 ] } },
{ "type": "Feature", "properties": { "event_id_cnty": "PSE66356", "event_date": "1/3/2025", "year": 2025, "time_precision": 1, "disorder_type": "Political violence", "event_type": "Explosions/Remote violence", "sub_event_type": "Air/drone strike", "actor1": "Military Forces of Israel (2022-)", "assoc_actor_1": null, "inter1": 8, "actor2": "Civilians (Palestine)", "assoc_actor_2": null, "inter2": 7, "interaction": 78, "civilian_targeting": "Civilian targeting", "iso": 275, "region": "Middle East", "country": "Palestine", "admin1": "Gaza Strip", "admin2": "Rafah", "admin3": null, "location": "Khirbet al Adas", "latitude": 31.2855, "longitude": 34.2714, "geo_precision": 1, "source": "Palestine News and Information Agency; Quds News Network", "source_scale": "National", "notes": "On 3 January 2025, Israeli warplanes struck Khirbet al Adas in (Rafah, Gaza Strip), resulting in two dead and others injured.", "fatalities": 2, "tags": null, "timestamp": 1753956656 }, "geometry": { "type": "Point", "coordinates": [ 34.2714, 31.2855 ] } },
{ "type": "Feature", "properties": { "event_id_cnty": "PSE66379", "event_date": "1/3/2025", "year": 2025, "time_precision": 1, "disorder_type": "Political violence", "event_type": "Explosions/Remote violence", "sub_event_type": "Air/drone strike", "actor1": "Military Forces of Israel (2022-)", "assoc_actor_1": null, "inter1": 8, "actor2": "Civilians (Palestine)", "assoc_actor_2": "Aid Workers (Palestine); UN: United Nations", "inter2": 7, "interaction": 78, "civilian_targeting": "Civilian targeting", "iso": 275, "region": "Middle East", "country": "Palestine", "admin1": "Gaza Strip", "admin2": "Khan Yunis", "admin3": null, "location": "Khan Yunis", "latitude": 31.3502, "longitude": 34.3081, "geo_precision": 1, "source": "Aid Worker Security Database; Quds News Network", "source_scale": "Local partner-Other", "notes": "On 3 January 2025, Israeli warplanes launched a raid at the centre of Khan Yunis City (Khan Yunis, Gaza Strip), resulting in two dead and others injured. Also on the same day, one UN aid worker was killed during an aerial bombardment in Khan Younis. Unknown number of the family members of the aid worker were also killed during the attack. Fatalities coded as at least 3. This event involved violence over aid.", "fatalities": 3, "tags": null, "timestamp": 1753956656 }, "geometry": { "type": "Point", "coordinates": [ 34.3081, 31.3502 ] } },
{ "type": "Feature", "properties": { "event_id_cnty": "PSE77549", "event_date": "1/3/2025", "year": 2025, "time_precision": 1, "disorder_type": "Political violence", "event_type": "Violence against civilians", "sub_event_type": "Attack", "actor1": "Sahm Unit", "assoc_actor_1": null, "inter1": 3, "actor2": "Civilians (Palestine)", "assoc_actor_2": "Labor Group (Palestine)", "inter2": 7, "interaction": 37, "civilian_targeting": "Civilian targeting", "iso": 275, "region": "Middle East", "country": "Palestine", "admin1": "Gaza Strip", "admin2": "Khan Yunis", "admin3": null, "location": "Khan Yunis", "latitude": 31.3502, "longitude": 34.3081, "geo_precision": 1, "source": "Sahm Unit", "source_scale": "New media", "notes": "On 3 January 2025, the Sahm Unit, affiliated with Hamas, punished Palestinian merchants in Khan Yunis city (Khan Yunis, Gaza Strip) by shooting them in the legs while they were handcuffed and blindfolded, likely injuring them. The merchants had confessed 'to purchasing stolen goods (likely aid) from the Abu Shabab gang'. The Sahm Unit released video footage documenting the shooting. This event involved violence over aid.", "fatalities": 0, "tags": null, "timestamp": 1754411177 }, "geometry": { "type": "Point", "coordinates": [ 34.3081, 31.3502 ] } },
{ "type": "Feature", "properties": { "event_id_cnty": "PSE65008", "event_date": "1/4/2025", "year": 2025, "time_precision": 1, "disorder_type": "Political violence", "event_type": "Explosions/Remote violence", "sub_event_type": "Air/drone strike", "actor1": "Military Forces of Israel (2022-)", "assoc_actor_1": null, "inter1": 8, "actor2": "Civilians (Palestine)", "assoc_actor_2": "Aid Workers (Palestine); Palestinian Red Crescent Society", "inter2": 7, "interaction": 78, "civilian_targeting": "Civilian targeting", "iso": 275, "region": "Middle East", "country": "Palestine", "admin1": "Gaza Strip", "admin2": "Khan Yunis", "admin3": null, "location": "Khan Yunis - Al Amal", "latitude": 31.3544, "longitude": 34.3007, "geo_precision": 1, "source": "Palestine News and Information Agency", "source_scale": "National", "notes": "On 4 January 2025, Israeli forces [likely warplane] targeted a house near the PRC headquarters in Khan Yunis - Al Amal (Khan Yunis, Gaza Strip). As a result, 3 Palestinians were killed and others were injuries, including a patient hospitalized at the Al Amal Hospital as the attack caused material damage to several hospital facilities.", "fatalities": 3, "tags": null, "timestamp": 1753956656 }, "geometry": { "type": "Point", "coordinates": [ 34.3007, 31.3544 ] } },
{ "type": "Feature", "properties": { "event_id_cnty": "PSE65045", "event_date": "1/4/2025", "year": 2025, "time_precision": 1, "disorder_type": "Political violence", "event_type": "Explosions/Remote violence", "sub_event_type": "Air/drone strike", "actor1": "Military Forces of Israel (2022-)", "assoc_actor_1": null, "inter1": 8, "actor2": "Civilians (Palestine)", "assoc_actor_2": "Refugees/IDPs (Palestine)", "inter2": 7, "interaction": 78, "civilian_targeting": "Civilian targeting", "iso": 275, "region": "Middle East", "country": "Palestine", "admin1": "Gaza Strip", "admin2": "Deir El Balah", "admin3": null, "location": "Al Burayj", "latitude": 31.4394, "longitude": 34.4031, "geo_precision": 1, "source": "Palestine News and Information Agency; Quds News Network", "source_scale": "National", "notes": "On 4 January 2025, Israeli warplanes targeted al Helu school sheltering IDPs in Al Burayj camp (Deir El Balah, Gaza Strip) killing 4 people and injuring many others. Israeli artillery also targeted the camp. Casualties unknown. Total fatalities coded as at least 4.", "fatalities": 4, "tags": null, "timestamp": 1753956656 }, "geometry": { "type": "Point", "coordinates": [ 34.4031, 31.4394 ] } },
{ "type": "Feature", "properties": { "event_id_cnty": "PSE65047", "event_date": "1/4/2025", "year": 2025, "time_precision": 1, "disorder_type": "Political violence", "event_type": "Explosions/Remote violence", "sub_event_type": "Air/drone strike", "actor1": "Military Forces of Israel (2022-)", "assoc_actor_1": null, "inter1": 8, "actor2": "Civilians (Palestine)", "assoc_actor_2": null, "inter2": 7, "interaction": 78, "civilian_targeting": "Civilian targeting", "iso": 275, "region": "Middle East", "country": "Palestine", "admin1": "Gaza Strip", "admin2": "Deir El Balah", "admin3": null, "location": "Al Musaddar", "latitude": 31.4105, "longitude": 34.378, "geo_precision": 2, "source": "Quds News Network", "source_scale": "National", "notes": "On 4 January 2025, Israeli forces, likely warplanes, targeted a house in west of Deir El Balah, coded to Al Musaddar (Deir El Balah, Gaza Strip) killing 2 people.", "fatalities": 2, "tags": null, "timestamp": 1765850627 }, "geometry": { "type": "Point", "coordinates": [ 34.378, 31.4105 ] } },
{ "type": "Feature", "properties": { "event_id_cnty": "PSE65050", "event_date": "1/4/2025", "year": 2025, "time_precision": 1, "disorder_type": "Political violence", "event_type": "Explosions/Remote violence", "sub_event_type": "Air/drone strike", "actor1": "Military Forces of Israel (2022-)", "assoc_actor_1": null, "inter1": 8, "actor2": "Civilians (Palestine)", "assoc_actor_2": "Refugees/IDPs (Palestine)", "inter2": 7, "interaction": 78, "civilian_targeting": "Civilian targeting", "iso": 275, "region": "Middle East", "country": "Palestine", "admin1": "Gaza Strip", "admin2": "Deir El Balah", "admin3": null, "location": "Deir al Balah", "latitude": 31.4178, "longitude": 34.3503, "geo_precision": 1, "source": "Newpress; Palestine News and Information Agency; Quds News Network; Twitter", "source_scale": "New media-National", "notes": "On 4 January 2025, an Israeli airstrike targeted a house in Deir al Balah city (Deir El Balah, Gaza Strip) killed 3 people and injured others. Israeli warplanes also targeted al Baraka street and an IDPs tent in the same location [casualties unknown]. Total fatalities coded to at least 3.", "fatalities": 3, "tags": null, "timestamp": 1753956656 }, "geometry": { "type": "Point", "coordinates": [ 34.3503, 31.4178 ] } },
{ "type": "Feature", "properties": { "event_id_cnty": "PSE65052", "event_date": "1/4/2025", "year": 2025, "time_precision": 1, "disorder_type": "Political violence", "event_type": "Explosions/Remote violence", "sub_event_type": "Air/drone strike", "actor1": "Military Forces of Israel (2022-)", "assoc_actor_1": null, "inter1": 8, "actor2": "Civilians (Palestine)", "assoc_actor_2": null, "inter2": 7, "interaction": 78, "civilian_targeting": "Civilian targeting", "iso": 275, "region": "Middle East", "country": "Palestine", "admin1": "Gaza Strip", "admin2": "Deir El Balah", "admin3": null, "location": "Deir al Balah Camp", "latitude": 31.4249, "longitude": 34.34, "geo_precision": 2, "source": "Palestine News and Information Agency; Quds News Network", "source_scale": "National", "notes": "On 4 January 2025, Israeli warplanes targeted a vehicle in east of Deir al Balah, coded to Deir al Balah Camp (Deir El Balah, Gaza Strip) killing 3 people. Israeli artillery also targeted the same location. Casualties unknown. Total fatalities is at least 3.", "fatalities": 3, "tags": null, "timestamp": 1765850627 }, "geometry": { "type": "Point", "coordinates": [ 34.34, 31.4249 ] } },
{ "type": "Feature", "properties": { "event_id_cnty": "PSE65054", "event_date": "1/4/2025", "year": 2025, "time_precision": 1, "disorder_type": "Political violence", "event_type": "Explosions/Remote violence", "sub_event_type": "Air/drone strike", "actor1": "Military Forces of Israel (2022-)", "assoc_actor_1": null, "inter1": 8, "actor2": "Civilians (Palestine)", "assoc_actor_2": null, "inter2": 7, "interaction": 78, "civilian_targeting": "Civilian targeting", "iso": 275, "region": "Middle East", "country": "Palestine", "admin1": "Gaza Strip", "admin2": "Gaza City", "admin3": null, "location": "Gaza", "latitude": 31.5045, "longitude": 34.4743, "geo_precision": 1, "source": "Quds News Network", "source_scale": "National", "notes": "On 4 January 2025, Israeli warplanes targeted a residential area in Gaza (Gaza City, Gaza Strip) killing 5 people and injuring others. Israeli warplanes launched another airstrike on the city [casualties unknown]. Total fatalities coded to at least 5.", "fatalities": 5, "tags": null, "timestamp": 1759790002 }, "geometry": { "type": "Point", "coordinates": [ 34.4743, 31.5045 ] } },
{ "type": "Feature", "properties": { "event_id_cnty": "PSE65055", "event_date": "1/4/2025", "year": 2025, "time_precision": 1, "disorder_type": "Political violence", "event_type": "Explosions/Remote violence", "sub_event_type": "Air/drone strike", "actor1": "Military Forces of Israel (2022-)", "assoc_actor_1": null, "inter1": 8, "actor2": "Civilians (Palestine)", "assoc_actor_2": null, "inter2": 7, "interaction": 78, "civilian_targeting": "Civilian targeting", "iso": 275, "region": "Middle East", "country": "Palestine", "admin1": "Gaza Strip", "admin2": "Gaza City", "admin3": null, "location": "Gaza - Ad Darraj", "latitude": 31.5172, "longitude": 34.4642, "geo_precision": 1, "source": "Palestine News and Information Agency; Quds News Network", "source_scale": "National", "notes": "On 4 January 2025, Israeli warplanes targeted a house in Sahaba street in Gaza - Ad Darraj (Gaza city, Gaza Strip) killing 3 people (including a mother and her child) from the same family and injuring others.", "fatalities": 3, "tags": null, "timestamp": 1759790002 }, "geometry": { "type": "Point", "coordinates": [ 34.4642, 31.5172 ] } },
{ "type": "Feature", "properties": { "event_id_cnty": "PSE65057", "event_date": "1/4/2025", "year": 2025, "time_precision": 1, "disorder_type": "Political violence", "event_type": "Explosions/Remote violence", "sub_event_type": "Air/drone strike", "actor1": "Military Forces of Israel (2022-)", "assoc_actor_1": null, "inter1": 8, "actor2": "Civilians (Palestine)", "assoc_actor_2": null, "inter2": 7, "interaction": 78, "civilian_targeting": "Civilian targeting", "iso": 275, "region": "Middle East", "country": "Palestine", "admin1": "Gaza Strip", "admin2": "Gaza City", "admin3": null, "location": "Gaza - Ash Shati' Camp", "latitude": 31.5349, "longitude": 34.4466, "geo_precision": 2, "source": "Quds News Network", "source_scale": "National", "notes": "On 4 January 2025, Israeli quadcopter drones targeted Al Jalaa and Saftawi areas in northwest Gaza city, coded to Gaza - Ash Shati' Camp (Gaza City, Gaza Strip). Casualties unknown. Israeli warplanes targeted a group of Palestinians in Mukhabarat Street in the same location killing 1 person. Total number of fatalities coded as at least 1.", "fatalities": 1, "tags": null, "timestamp": 1759790002 }, "geometry": { "type": "Point", "coordinates": [ 34.4466, 31.5349 ] } },
{ "type": "Feature", "properties": { "event_id_cnty": "PSE65058", "event_date": "1/4/2025", "year": 2025, "time_precision": 1, "disorder_type": "Political violence", "event_type": "Explosions/Remote violence", "sub_event_type": "Air/drone strike", "actor1": "Military Forces of Israel (2022-)", "assoc_actor_1": null, "inter1": 8, "actor2": "Civilians (Palestine)", "assoc_actor_2": null, "inter2": 7, "interaction": 78, "civilian_targeting": "Civilian targeting", "iso": 275, "region": "Middle East", "country": "Palestine", "admin1": "Gaza Strip", "admin2": "Gaza City", "admin3": null, "location": "Gaza - At Tuffah", "latitude": 31.5134, "longitude": 34.4751, "geo_precision": 1, "source": "Quds News Network", "source_scale": "National", "notes": "On 4 January 2025, Israeli warplanes targeted a group of people on Nakhil street in Gaza - At Tuffah (Gaza City, Gaza Strip) killing 4 people and injuring others.", "fatalities": 4, "tags": null, "timestamp": 1759790002 }, "geometry": { "type": "Point", "coordinates": [ 34.4751, 31.5134 ] } },
{ "type": "Feature", "properties": { "event_id_cnty": "PSE65061", "event_date": "1/4/2025", "year": 2025, "time_precision": 1, "disorder_type": "Political violence", "event_type": "Explosions/Remote violence", "sub_event_type": "Shelling/artillery/missile attack", "actor1": "Military Forces of Israel (2022-)", "assoc_actor_1": null, "inter1": 8, "actor2": "Civilians (Palestine)", "assoc_actor_2": "Refugees/IDPs (Palestine)", "inter2": 7, "interaction": 78, "civilian_targeting": "Civilian targeting", "iso": 275, "region": "Middle East", "country": "Palestine", "admin1": "Gaza Strip", "admin2": "Gaza City", "admin3": null, "location": "Gaza - Sabra", "latitude": 31.5086, "longitude": 34.4493, "geo_precision": 1, "source": "Palestine News and Information Agency; Quds News Network", "source_scale": "National", "notes": "On 4 January 2025, Israeli artillery targeted a house in Gaza - Sabra (Gaza City, Gaza Strip) injuring several people. Israeli artillery also targeted a school sheltering IDPs in the same location injuring several people.", "fatalities": 0, "tags": null, "timestamp": 1759790002 }, "geometry": { "type": "Point", "coordinates": [ 34.4493, 31.5086 ] } },
{ "type": "Feature", "properties": { "event_id_cnty": "PSE65064", "event_date": "1/4/2025", "year": 2025, "time_precision": 1, "disorder_type": "Political violence", "event_type": "Explosions/Remote violence", "sub_event_type": "Air/drone strike", "actor1": "Military Forces of Israel (2022-)", "assoc_actor_1": null, "inter1": 8, "actor2": "Civilians (Palestine)", "assoc_actor_2": null, "inter2": 7, "interaction": 78, "civilian_targeting": "Civilian targeting", "iso": 275, "region": "Middle East", "country": "Palestine", "admin1": "Gaza Strip", "admin2": "Gaza City", "admin3": null, "location": "Gaza - Southern Remal", "latitude": 31.5168, "longitude": 34.4355, "geo_precision": 2, "source": "Newpress; Palestine News and Information Agency; Quds News Network; Twitter", "source_scale": "New media-National", "notes": "On 4 January 2025, Israeli warplanes carried out several airstrikes on west of Gaza city, coded to Gaza - Southern Remal (Gaza City, Gaza Strip). In that location, an Israeli strike, likely airstrike, targeted Palestine Stadium killing 1 person and injuring others, and also targeted a house killing 2 and injuring others. An Israeli drone targeted Ahmad Yassin street [casualties unknown]. And another Israeli drone targeted a house on Jalaa Street [casualties unknown]. An Israeli airstrike on an agricultural land near Mamounia school in the same location injured 2 people. Total fatalities coded to at least 3.", "fatalities": 3, "tags": null, "timestamp": 1759790002 }, "geometry": { "type": "Point", "coordinates": [ 34.4355, 31.5168 ] } },
{ "type": "Feature", "properties": { "event_id_cnty": "PSE65067", "event_date": "1/4/2025", "year": 2025, "time_precision": 1, "disorder_type": "Political violence", "event_type": "Explosions/Remote violence", "sub_event_type": "Air/drone strike", "actor1": "Military Forces of Israel (2022-)", "assoc_actor_1": null, "inter1": 8, "actor2": "Civilians (Palestine)", "assoc_actor_2": null, "inter2": 7, "interaction": 78, "civilian_targeting": "Civilian targeting", "iso": 275, "region": "Middle East", "country": "Palestine", "admin1": "Gaza Strip", "admin2": "Khan Yunis", "admin3": null, "location": "Al Mawasi (Khan Yunis)", "latitude": 31.3482, "longitude": 34.2547, "geo_precision": 1, "source": "Al-Ittihad; Palestine News and Information Agency; Quds News Network", "source_scale": "National-Regional", "notes": "On 4 January 2025, Israeli forces [likely warplanes] targeted houses in Al Mawasi (Khan Yunis) (Khan Yunis, Gaza Strip) killing 3 people, including a child, and injuring others.", "fatalities": 3, "tags": null, "timestamp": 1762829569 }, "geometry": { "type": "Point", "coordinates": [ 34.2547, 31.3482 ] } },
{ "type": "Feature", "properties": { "event_id_cnty": "PSE65069", "event_date": "1/4/2025", "year": 2025, "time_precision": 1, "disorder_type": "Political violence", "event_type": "Explosions/Remote violence", "sub_event_type": "Air/drone strike", "actor1": "Military Forces of Israel (2022-)", "assoc_actor_1": null, "inter1": 8, "actor2": "Civilians (Palestine)", "assoc_actor_2": null, "inter2": 7, "interaction": 78, "civilian_targeting": "Civilian targeting", "iso": 275, "region": "Middle East", "country": "Palestine", "admin1": "Gaza Strip", "admin2": "Khan Yunis", "admin3": null, "location": "Khan Yunis", "latitude": 31.3502, "longitude": 34.3081, "geo_precision": 1, "source": "Ma'an News Agency", "source_scale": "National", "notes": "On 4 January 2025, Israeli warplanes struck the Khan Yunis city (Khan Yunis, Gaza Strip), killing 2 persons and injuring others.", "fatalities": 2, "tags": null, "timestamp": 1753956656 }, "geometry": { "type": "Point", "coordinates": [ 34.3081, 31.3502 ] } },
{ "type": "Feature", "properties": { "event_id_cnty": "PSE65079", "event_date": "1/4/2025", "year": 2025, "time_precision": 1, "disorder_type": "Political violence", "event_type": "Explosions/Remote violence", "sub_event_type": "Air/drone strike", "actor1": "Military Forces of Israel (2022-)", "assoc_actor_1": null, "inter1": 8, "actor2": "Civilians (Palestine)", "assoc_actor_2": null, "inter2": 7, "interaction": 78, "civilian_targeting": "Civilian targeting", "iso": 275, "region": "Middle East", "country": "Palestine", "admin1": "Gaza Strip", "admin2": "Rafah", "admin3": null, "location": "Tal as Sultan", "latitude": 31.3098, "longitude": 34.2414, "geo_precision": 2, "source": "Palestine News and Information Agency", "source_scale": "National", "notes": "On 4 January 2025, Israeli forces, likely warplanes, targeted Fardaws area in west of Rafah, coded to Tal as Sultan (Rafah, Gaza Strip) killing 1 person.", "fatalities": 1, "tags": null, "timestamp": 1762829569 }, "geometry": { "type": "Point", "coordinates": [ 34.2414, 31.3098 ] } },
{ "type": "Feature", "properties": { "event_id_cnty": "PSE65371", "event_date": "1/4/2025", "year": 2025, "time_precision": 1, "disorder_type": "Political violence", "event_type": "Explosions/Remote violence", "sub_event_type": "Air/drone strike", "actor1": "Military Forces of Israel (2022-)", "assoc_actor_1": null, "inter1": 8, "actor2": "Civilians (Palestine)", "assoc_actor_2": null, "inter2": 7, "interaction": 78, "civilian_targeting": "Civilian targeting", "iso": 275, "region": "Middle East", "country": "Palestine", "admin1": "Gaza Strip", "admin2": "Gaza City", "admin3": null, "location": "Gaza - Sheikh Radwan", "latitude": 31.5349, "longitude": 34.4667, "geo_precision": 1, "source": "Dunia Al Watan; Palestine News and Information Agency; Quds News Network; Times of Israel", "source_scale": "National-Regional", "notes": "On 4 January 2025, Israeli warplanes, including a drone, targeted houses in Gaza - Sheikh Radwan (Gaza City, Gaza Strip) killing 11 people, including women and children, and injuring others.", "fatalities": 11, "tags": null, "timestamp": 1759790002 }, "geometry": { "type": "Point", "coordinates": [ 34.4667, 31.5349 ] } },
{ "type": "Feature", "properties": { "event_id_cnty": "PSE64995", "event_date": "1/4/2025", "year": 2025, "time_precision": 1, "disorder_type": "Political violence", "event_type": "Explosions/Remote violence", "sub_event_type": "Air/drone strike", "actor1": "Military Forces of Israel (2022-)", "assoc_actor_1": null, "inter1": 8, "actor2": "Civilians (Palestine)", "assoc_actor_2": null, "inter2": 7, "interaction": 78, "civilian_targeting": "Civilian targeting", "iso": 275, "region": "Middle East", "country": "Palestine", "admin1": "Gaza Strip", "admin2": "Gaza City", "admin3": null, "location": "Gaza - Sheikh Radwan", "latitude": 31.5349, "longitude": 34.4667, "geo_precision": 2, "source": "Palestinian Ministry of Health; Quds News Network", "source_scale": "Other-National", "notes": "On 4 January 2025, Israeli warplanes targeted a house in Abu Iskandar in north of Gaza city, coded to Gaza - Sheikh Radwan (Gaza City, Gaza Strip), resulting in deaths and injuries. [Palestinian Ministry of Health reported 45,805 fatalities between 7 October - 4 January 2025. 22 fatalities not attributed to specific events split between 2 events on 4 January 2025. 11 fatalities coded to this event.]", "fatalities": 11, "tags": null, "timestamp": 1759790002 }, "geometry": { "type": "Point", "coordinates": [ 34.4667, 31.5349 ] } },
{ "type": "Feature", "properties": { "event_id_cnty": "PSE65029", "event_date": "1/4/2025", "year": 2025, "time_precision": 1, "disorder_type": "Political violence", "event_type": "Explosions/Remote violence", "sub_event_type": "Shelling/artillery/missile attack", "actor1": "Military Forces of Israel (2022-)", "assoc_actor_1": null, "inter1": 8, "actor2": "Civilians (Palestine)", "assoc_actor_2": "Refugees/IDPs (Palestine)", "inter2": 7, "interaction": 78, "civilian_targeting": "Civilian targeting", "iso": 275, "region": "Middle East", "country": "Palestine", "admin1": "Gaza Strip", "admin2": "Rafah", "admin3": null, "location": "Al Mawasi (Rafah)", "latitude": 31.3294, "longitude": 34.2299, "geo_precision": 1, "source": "Palestinian Ministry of Health; Quds News Network", "source_scale": "Other-National", "notes": "On 4 January 2025, Israeli artillery targeted IDP tents in Al Mawasi (Rafah) (Rafah, Gaza Strip), resulting in deaths and injuries. [Palestinian Ministry of Health reported 45,805 fatalities between 7 October - 4 January 2025. 22 fatalities not attributed to specific events split between 2 events on 4 January 2025. 11 fatalities coded to this event.]", "fatalities": 11, "tags": null, "timestamp": 1762829569 }, "geometry": { "type": "Point", "coordinates": [ 34.2299, 31.3294 ] } },
{ "type": "Feature", "properties": { "event_id_cnty": "PSE65048", "event_date": "1/4/2025", "year": 2025, "time_precision": 1, "disorder_type": "Political violence", "event_type": "Explosions/Remote violence", "sub_event_type": "Air/drone strike", "actor1": "Military Forces of Israel (2022-)", "assoc_actor_1": null, "inter1": 8, "actor2": "Civilians (Palestine)", "assoc_actor_2": "Refugees/IDPs (Palestine)", "inter2": 7, "interaction": 78, "civilian_targeting": "Civilian targeting", "iso": 275, "region": "Middle East", "country": "Palestine", "admin1": "Gaza Strip", "admin2": "Deir El Balah", "admin3": null, "location": "An Nusayrat", "latitude": 31.4486, "longitude": 34.3925, "geo_precision": 1, "source": "Palestine News and Information Agency; Quds News Network", "source_scale": "National", "notes": "On 4 January 2025, Israeli warplanes targeted a house in An Nusayrat camp (Deir El Balah, Gaza Strip) injuring several people and causing damage to a nearby house too. Israeli warships also shelled the northern and western parts of the same location [casualties unknown].", "fatalities": 0, "tags": null, "timestamp": 1753956656 }, "geometry": { "type": "Point", "coordinates": [ 34.3925, 31.4486 ] } },
{ "type": "Feature", "properties": { "event_id_cnty": "PSE65074", "event_date": "1/4/2025", "year": 2025, "time_precision": 1, "disorder_type": "Political violence", "event_type": "Explosions/Remote violence", "sub_event_type": "Air/drone strike", "actor1": "Military Forces of Israel (2022-)", "assoc_actor_1": null, "inter1": 8, "actor2": "Civilians (Palestine)", "assoc_actor_2": null, "inter2": 7, "interaction": 78, "civilian_targeting": "Civilian targeting", "iso": 275, "region": "Middle East", "country": "Palestine", "admin1": "Gaza Strip", "admin2": "North Gaza", "admin3": null, "location": "Jabalya", "latitude": 31.5272, "longitude": 34.4835, "geo_precision": 1, "source": "Palestine News and Information Agency; Quds News Network", "source_scale": "National", "notes": "On 4 January 2025, Israeli warplanes targeted Halabi intersection in Jabalya town (North Gaza, Gaza Strip) killing 1 person and injuring others. Another Israeli airstrike targeted a group of people in al Nazla in the same location killing 1 person and injuring others. Israeli warplanes also targeted an agricultural land, as well as al Jurn and Masoud street in the same location. Casualties unknown. Israeli artillery targeted a group of people in Jabalya killing 5. Total confirmed fatalities is at least 7.", "fatalities": 7, "tags": null, "timestamp": 1759790002 }, "geometry": { "type": "Point", "coordinates": [ 34.4835, 31.5272 ] } },
{ "type": "Feature", "properties": { "event_id_cnty": "PSE64996", "event_date": "1/4/2025", "year": 2025, "time_precision": 1, "disorder_type": "Political violence", "event_type": "Explosions/Remote violence", "sub_event_type": "Air/drone strike", "actor1": "Military Forces of Israel (2022-)", "assoc_actor_1": null, "inter1": 8, "actor2": "Civilians (Palestine)", "assoc_actor_2": null, "inter2": 7, "interaction": 78, "civilian_targeting": "Civilian targeting", "iso": 275, "region": "Middle East", "country": "Palestine", "admin1": "Gaza Strip", "admin2": "Rafah", "admin3": null, "location": "Khirbet al Adas", "latitude": 31.2855, "longitude": 34.2714, "geo_precision": 2, "source": "Palestine News and Information Agency", "source_scale": "National", "notes": "On 4 January 2025, Israeli warplanes targeted north of Rafah city, coded to Khirbet al Adas (Rafah, Gaza Strip) killing one preson.", "fatalities": 1, "tags": null, "timestamp": 1753956656 }, "geometry": { "type": "Point", "coordinates": [ 34.2714, 31.2855 ] } },
{ "type": "Feature", "properties": { "event_id_cnty": "PSE77392", "event_date": "1/4/2025", "year": 2025, "time_precision": 1, "disorder_type": "Political violence", "event_type": "Violence against civilians", "sub_event_type": "Attack", "actor1": "Sahm Unit", "assoc_actor_1": null, "inter1": 3, "actor2": "Civilians (Palestine)", "assoc_actor_2": null, "inter2": 7, "interaction": 37, "civilian_targeting": "Civilian targeting", "iso": 275, "region": "Middle East", "country": "Palestine", "admin1": "Gaza Strip", "admin2": "Deir El Balah", "admin3": null, "location": "An Nusayrat - North", "latitude": 31.4591, "longitude": 34.3923, "geo_precision": 1, "source": "Sahm Unit", "source_scale": "New media", "notes": "On 4 January 2025, the Sahm Unit, affiliated with Hamas, punished a Palestinian accused of 'stealing from homes' by beating and breaking his legs with batons in An Nusayrat - North (Deir El Balah, Gaza Strip). This event involved intra-Palestinian violence.", "fatalities": 0, "tags": null, "timestamp": 1754411177 }, "geometry": { "type": "Point", "coordinates": [ 34.3923, 31.4591 ] } },
{ "type": "Feature", "properties": { "event_id_cnty": "PSE77550", "event_date": "1/4/2025", "year": 2025, "time_precision": 1, "disorder_type": "Political violence", "event_type": "Violence against civilians", "sub_event_type": "Attack", "actor1": "Sahm Unit", "assoc_actor_1": null, "inter1": 3, "actor2": "Civilians (Palestine)", "assoc_actor_2": null, "inter2": 7, "interaction": 37, "civilian_targeting": "Civilian targeting", "iso": 275, "region": "Middle East", "country": "Palestine", "admin1": "Gaza Strip", "admin2": "Khan Yunis", "admin3": null, "location": "Khan Yunis", "latitude": 31.3502, "longitude": 34.3081, "geo_precision": 2, "source": "Sahm Unit", "source_scale": "New media", "notes": "On 4 January 2025, the Sahm Unit, affiliated with Hamas, punished Palestinians accused of 'stealing from homes' by breaking their legs with batons in southern Gaza Strip, coded to Khan Yunis (Gaza Strip). Also, Sahm Unit shot a Palestinian thief in the legs while he was handcuffed in Khan Yunis. This event involved intra-Palestinian violence.", "fatalities": 0, "tags": null, "timestamp": 1754411177 }, "geometry": { "type": "Point", "coordinates": [ 34.3081, 31.3502 ] } },
{ "type": "Feature", "properties": { "event_id_cnty": "PSE65087", "event_date": "1/5/2025", "year": 2025, "time_precision": 1, "disorder_type": "Political violence", "event_type": "Explosions/Remote violence", "sub_event_type": "Air/drone strike", "actor1": "Military Forces of Israel (2022-)", "assoc_actor_1": null, "inter1": 8, "actor2": "Civilians (Palestine)", "assoc_actor_2": "Refugees/IDPs (Palestine)", "inter2": 7, "interaction": 78, "civilian_targeting": "Civilian targeting", "iso": 275, "region": "Middle East", "country": "Palestine", "admin1": "Gaza Strip", "admin2": "Deir El Balah", "admin3": null, "location": "Al Burayj", "latitude": 31.4394, "longitude": 34.4031, "geo_precision": 1, "source": "Palestine News and Information Agency; Quds News Network", "source_scale": "National", "notes": "On 5 January 2025, Israeli forces, likely warplanes, targeted a house in Block 3 of Al Burayj camp (Deir El Balah, Gaza Strip) killing 3 people and injuring others. Israeli artillery also targeted a house in Humam building in the entrance of the camp, injuring several people.", "fatalities": 3, "tags": null, "timestamp": 1753956656 }, "geometry": { "type": "Point", "coordinates": [ 34.4031, 31.4394 ] } },
{ "type": "Feature", "properties": { "event_id_cnty": "PSE65089", "event_date": "1/5/2025", "year": 2025, "time_precision": 1, "disorder_type": "Political violence", "event_type": "Explosions/Remote violence", "sub_event_type": "Air/drone strike", "actor1": "Military Forces of Israel (2022-)", "assoc_actor_1": null, "inter1": 8, "actor2": "Civilians (Palestine)", "assoc_actor_2": null, "inter2": 7, "interaction": 78, "civilian_targeting": "Civilian targeting", "iso": 275, "region": "Middle East", "country": "Palestine", "admin1": "Gaza Strip", "admin2": "Deir El Balah", "admin3": null, "location": "Al Musaddar", "latitude": 31.4105, "longitude": 34.378, "geo_precision": 1, "source": "Palestine News and Information Agency", "source_scale": "National", "notes": "On 5 January 2025, Israeli warplanes targeted Al Musaddar (Deir El Balah, Gaza Strip) injuring several people.", "fatalities": 0, "tags": null, "timestamp": 1765850627 }, "geometry": { "type": "Point", "coordinates": [ 34.378, 31.4105 ] } },
{ "type": "Feature", "properties": { "event_id_cnty": "PSE65090", "event_date": "1/5/2025", "year": 2025, "time_precision": 1, "disorder_type": "Political violence", "event_type": "Explosions/Remote violence", "sub_event_type": "Air/drone strike", "actor1": "Military Forces of Israel (2022-)", "assoc_actor_1": null, "inter1": 8, "actor2": "Civilians (Palestine)", "assoc_actor_2": "Refugees/IDPs (Palestine)", "inter2": 7, "interaction": 78, "civilian_targeting": "Civilian targeting", "iso": 275, "region": "Middle East", "country": "Palestine", "admin1": "Gaza Strip", "admin2": "Deir El Balah", "admin3": null, "location": "An Nusayrat", "latitude": 31.4486, "longitude": 34.3925, "geo_precision": 1, "source": "Palestine News and Information Agency", "source_scale": "National", "notes": "On 5 January 2025, Israeli warplanes targeted a house in An Nusayrat camp (Deir El Balah, Gaza Strip) killing 5 people and injuring others. Israeli quadcopter drones and artillery also targeted the camp injuring 12 other people.", "fatalities": 5, "tags": null, "timestamp": 1753956656 }, "geometry": { "type": "Point", "coordinates": [ 34.3925, 31.4486 ] } },
{ "type": "Feature", "properties": { "event_id_cnty": "PSE65098", "event_date": "1/5/2025", "year": 2025, "time_precision": 1, "disorder_type": "Political violence", "event_type": "Explosions/Remote violence", "sub_event_type": "Air/drone strike", "actor1": "Military Forces of Israel (2022-)", "assoc_actor_1": null, "inter1": 8, "actor2": "Civilians (Palestine)", "assoc_actor_2": null, "inter2": 7, "interaction": 78, "civilian_targeting": "Civilian targeting", "iso": 275, "region": "Middle East", "country": "Palestine", "admin1": "Gaza Strip", "admin2": "Gaza City", "admin3": null, "location": "Gaza - Ash Shati' Camp", "latitude": 31.5349, "longitude": 34.4466, "geo_precision": 2, "source": "Palestine News and Information Agency", "source_scale": "National", "notes": "On 5 January 2025, Israeli quadcopter drones targeted al Saftawi and Saroukh intersection in northwest of Gaza city, coded to Gaza - Ash Shati' Camp (Gaza City, Gaza Stirp) injuring several people who were transported to Sheikh Radwan clinic.", "fatalities": 0, "tags": null, "timestamp": 1759790002 }, "geometry": { "type": "Point", "coordinates": [ 34.4466, 31.5349 ] } },
{ "type": "Feature", "properties": { "event_id_cnty": "PSE65099", "event_date": "1/5/2025", "year": 2025, "time_precision": 1, "disorder_type": "Political violence", "event_type": "Explosions/Remote violence", "sub_event_type": "Air/drone strike", "actor1": "Military Forces of Israel (2022-)", "assoc_actor_1": null, "inter1": 8, "actor2": "Civilians (Palestine)", "assoc_actor_2": null, "inter2": 7, "interaction": 78, "civilian_targeting": "Civilian targeting", "iso": 275, "region": "Middle East", "country": "Palestine", "admin1": "Gaza Strip", "admin2": "Gaza City", "admin3": null, "location": "Gaza - At Tuffah", "latitude": 31.5134, "longitude": 34.4751, "geo_precision": 1, "source": "Quds News Network", "source_scale": "National", "notes": "On 5 January 2025, Israeli warplanes targeted a house in Gaza - At Tuffah (Gaza City, Gaza Strip) injuring several people.", "fatalities": 0, "tags": null, "timestamp": 1759790002 }, "geometry": { "type": "Point", "coordinates": [ 34.4751, 31.5134 ] } },
{ "type": "Feature", "properties": { "event_id_cnty": "PSE65104", "event_date": "1/5/2025", "year": 2025, "time_precision": 1, "disorder_type": "Political violence", "event_type": "Explosions/Remote violence", "sub_event_type": "Air/drone strike", "actor1": "Military Forces of Israel (2022-)", "assoc_actor_1": null, "inter1": 8, "actor2": "Civilians (Palestine)", "assoc_actor_2": null, "inter2": 7, "interaction": 78, "civilian_targeting": "Civilian targeting", "iso": 275, "region": "Middle East", "country": "Palestine", "admin1": "Gaza Strip", "admin2": "Gaza City", "admin3": null, "location": "Gaza - Shujaiyya", "latitude": 31.4988, "longitude": 34.4699, "geo_precision": 1, "source": "Palestine News and Information Agency", "source_scale": "National", "notes": "On 5 January 2025, Israeli warplanes targeted a group of people in Gaza - Shujaiyya (Gaza City, Gaza Strip) killing 1 person and injuring others.", "fatalities": 1, "tags": null, "timestamp": 1759790002 }, "geometry": { "type": "Point", "coordinates": [ 34.4699, 31.4988 ] } },
{ "type": "Feature", "properties": { "event_id_cnty": "PSE65106", "event_date": "1/5/2025", "year": 2025, "time_precision": 1, "disorder_type": "Political violence", "event_type": "Explosions/Remote violence", "sub_event_type": "Air/drone strike", "actor1": "Military Forces of Israel (2022-)", "assoc_actor_1": null, "inter1": 8, "actor2": "Civilians (Palestine)", "assoc_actor_2": null, "inter2": 7, "interaction": 78, "civilian_targeting": "Civilian targeting", "iso": 275, "region": "Middle East", "country": "Palestine", "admin1": "Gaza Strip", "admin2": "Khan Yunis", "admin3": null, "location": "Abasan al Kabirah", "latitude": 31.3191, "longitude": 34.3401, "geo_precision": 1, "source": "Newpress; Palestine News and Information Agency; Twitter", "source_scale": "New media-National", "notes": "On 5 January 2025, Israeli drones targeted a group of people in Abasan al Kabirah (Khan Yunis, Gaza Strip) killing 2 people and injuring others.", "fatalities": 2, "tags": null, "timestamp": 1753956656 }, "geometry": { "type": "Point", "coordinates": [ 34.3401, 31.3191 ] } },
{ "type": "Feature", "properties": { "event_id_cnty": "PSE65107", "event_date": "1/5/2025", "year": 2025, "time_precision": 1, "disorder_type": "Political violence", "event_type": "Explosions/Remote violence", "sub_event_type": "Air/drone strike", "actor1": "Military Forces of Israel (2022-)", "assoc_actor_1": null, "inter1": 8, "actor2": "Civilians (Palestine)", "assoc_actor_2": null, "inter2": 7, "interaction": 78, "civilian_targeting": "Civilian targeting", "iso": 275, "region": "Middle East", "country": "Palestine", "admin1": "Gaza Strip", "admin2": "Khan Yunis", "admin3": null, "location": "Khan Yunis", "latitude": 31.3502, "longitude": 34.3081, "geo_precision": 1, "source": "Quds News Network", "source_scale": "National", "notes": "On 5 January 2025, Israeli warplanes targeted a house in Khan Yunis (Khan Yunis, Gaza Strip) killing 2 people and injuring others.", "fatalities": 2, "tags": null, "timestamp": 1753956656 }, "geometry": { "type": "Point", "coordinates": [ 34.3081, 31.3502 ] } },
{ "type": "Feature", "properties": { "event_id_cnty": "PSE65091", "event_date": "1/5/2025", "year": 2025, "time_precision": 1, "disorder_type": "Political violence", "event_type": "Explosions/Remote violence", "sub_event_type": "Air/drone strike", "actor1": "Military Forces of Israel (2022-)", "assoc_actor_1": null, "inter1": 8, "actor2": "Civilians (Palestine)", "assoc_actor_2": null, "inter2": 7, "interaction": 78, "civilian_targeting": "Civilian targeting", "iso": 275, "region": "Middle East", "country": "Palestine", "admin1": "Gaza Strip", "admin2": "Deir El Balah", "admin3": null, "location": "An Nusayrat - North", "latitude": 31.4591, "longitude": 34.3923, "geo_precision": 2, "source": "Quds News Network", "source_scale": "National", "notes": "On 5 January 2025, Israeli drones targeted a group of people in al Daawa area in northeast of An Nusayrat, coded to An Nusayrat - North (Deir El Balah, Gaza Strip) injuring 19 people. Also, Israeli artillery targeted areas in northwest of An Nusayrat, coded to the same location. Casualties unknown.", "fatalities": 0, "tags": null, "timestamp": 1753956656 }, "geometry": { "type": "Point", "coordinates": [ 34.3923, 31.4591 ] } },
{ "type": "Feature", "properties": { "event_id_cnty": "PSE65094", "event_date": "1/5/2025", "year": 2025, "time_precision": 1, "disorder_type": "Political violence", "event_type": "Explosions/Remote violence", "sub_event_type": "Air/drone strike", "actor1": "Military Forces of Israel (2022-)", "assoc_actor_1": null, "inter1": 8, "actor2": "Civilians (Palestine)", "assoc_actor_2": null, "inter2": 7, "interaction": 78, "civilian_targeting": "Civilian targeting", "iso": 275, "region": "Middle East", "country": "Palestine", "admin1": "Gaza Strip", "admin2": "Deir El Balah", "admin3": null, "location": "Deir al Balah", "latitude": 31.4178, "longitude": 34.3503, "geo_precision": 1, "source": "Palestine News and Information Agency; Palestinian Ministry of Health", "source_scale": "Other-National", "notes": "On 5 January 2025, Israeli warplanes launched an airstrike on a house in Deir al Balah (Deir El Balah, Gaza Strip), resulting in deaths and injuries. [Palestinian Ministry of Health reported 45,854 fatalities between 7 October - 5 January 2025. 19 fatalities not attributed to specific events added to 1 event on 5 January 2025. 19 fatalities coded to this event.]", "fatalities": 19, "tags": null, "timestamp": 1753956656 }, "geometry": { "type": "Point", "coordinates": [ 34.3503, 31.4178 ] } },
{ "type": "Feature", "properties": { "event_id_cnty": "PSE65031", "event_date": "1/5/2025", "year": 2025, "time_precision": 1, "disorder_type": "Political violence", "event_type": "Explosions/Remote violence", "sub_event_type": "Air/drone strike", "actor1": "Military Forces of Israel (2022-)", "assoc_actor_1": null, "inter1": 8, "actor2": "Civilians (Palestine)", "assoc_actor_2": null, "inter2": 7, "interaction": 78, "civilian_targeting": "Civilian targeting", "iso": 275, "region": "Middle East", "country": "Palestine", "admin1": "Gaza Strip", "admin2": "North Gaza", "admin3": null, "location": "Jabalya", "latitude": 31.5272, "longitude": 34.4835, "geo_precision": 1, "source": "Palestine News and Information Agency", "source_scale": "National", "notes": "On 5 January 2025, Israeli forces, likely warplanes, fired at a group of Palestinians in Jabalya town (North Gaza, Gaza Strip) killing 4 people and injuring others.", "fatalities": 4, "tags": null, "timestamp": 1759790002 }, "geometry": { "type": "Point", "coordinates": [ 34.4835, 31.5272 ] } },
{ "type": "Feature", "properties": { "event_id_cnty": "PSE64997", "event_date": "1/5/2025", "year": 2025, "time_precision": 1, "disorder_type": "Political violence", "event_type": "Explosions/Remote violence", "sub_event_type": "Air/drone strike", "actor1": "Military Forces of Israel (2022-)", "assoc_actor_1": null, "inter1": 8, "actor2": "Civilians (Palestine)", "assoc_actor_2": null, "inter2": 7, "interaction": 78, "civilian_targeting": "Civilian targeting", "iso": 275, "region": "Middle East", "country": "Palestine", "admin1": "Gaza Strip", "admin2": "Rafah", "admin3": null, "location": "Khirbet al Adas", "latitude": 31.2855, "longitude": 34.2714, "geo_precision": 2, "source": "Newpress; Palestine News and Information Agency; Quds News Network; Twitter", "source_scale": "New media-National", "notes": "On 5 January 2025, Israeli forces, likely warplanes, targeted Masbah area in north of Rafah, coded to Khirbet al Adas (Rafah, Gaza Strip) killing 1 person. Israeli warplanes launched an airstrike on Kaf Miraj area in north of Rafah, coded to the same location, killing 2 people. Israeli artillery also targeted the same location [casualties unknown]. Total number of fatalities coded as at least 3.", "fatalities": 3, "tags": null, "timestamp": 1753956656 }, "geometry": { "type": "Point", "coordinates": [ 34.2714, 31.2855 ] } },
{ "type": "Feature", "properties": { "event_id_cnty": "PSE65116", "event_date": "1/5/2025", "year": 2025, "time_precision": 1, "disorder_type": "Political violence", "event_type": "Explosions/Remote violence", "sub_event_type": "Air/drone strike", "actor1": "Military Forces of Israel (2022-)", "assoc_actor_1": null, "inter1": 8, "actor2": "Civilians (Palestine)", "assoc_actor_2": null, "inter2": 7, "interaction": 78, "civilian_targeting": "Civilian targeting", "iso": 275, "region": "Middle East", "country": "Palestine", "admin1": "Gaza Strip", "admin2": "Rafah", "admin3": null, "location": "Khirbet al Adas", "latitude": 31.2855, "longitude": 34.2714, "geo_precision": 1, "source": "Newpress; Quds News Network; Twitter", "source_scale": "New media-National", "notes": "On 5 January 2025, Israeli forces, likely drone, targeted a tuk-tuk vehicle in Khirbet al Adas (Rafah, Gaza Strip) killing 3 people.", "fatalities": 3, "tags": null, "timestamp": 1753956656 }, "geometry": { "type": "Point", "coordinates": [ 34.2714, 31.2855 ] } },
{ "type": "Feature", "properties": { "event_id_cnty": "PSE65117", "event_date": "1/5/2025", "year": 2025, "time_precision": 1, "disorder_type": "Political violence", "event_type": "Explosions/Remote violence", "sub_event_type": "Air/drone strike", "actor1": "Military Forces of Israel (2022-)", "assoc_actor_1": null, "inter1": 8, "actor2": "Civilians (Palestine)", "assoc_actor_2": "Refugees/IDPs (Palestine)", "inter2": 7, "interaction": 78, "civilian_targeting": "Civilian targeting", "iso": 275, "region": "Middle East", "country": "Palestine", "admin1": "Gaza Strip", "admin2": "Rafah", "admin3": null, "location": "Rafah Camp", "latitude": 31.2847, "longitude": 34.2546, "geo_precision": 1, "source": "Palestine News and Information Agency", "source_scale": "National", "notes": "On 5 January 2025, an Israeli drone targeted al Shaboura camp in Rafah Camp (Rafah, Gaza Strip) killing 1 person.", "fatalities": 1, "tags": null, "timestamp": 1753956656 }, "geometry": { "type": "Point", "coordinates": [ 34.2546, 31.2847 ] } },
{ "type": "Feature", "properties": { "event_id_cnty": "PSE64990", "event_date": "1/6/2025", "year": 2025, "time_precision": 1, "disorder_type": "Political violence", "event_type": "Explosions/Remote violence", "sub_event_type": "Air/drone strike", "actor1": "Military Forces of Israel (2022-)", "assoc_actor_1": null, "inter1": 8, "actor2": "Civilians (Palestine)", "assoc_actor_2": "Refugees/IDPs (Palestine)", "inter2": 7, "interaction": 78, "civilian_targeting": "Civilian targeting", "iso": 275, "region": "Middle East", "country": "Palestine", "admin1": "Gaza Strip", "admin2": "Deir El Balah", "admin3": null, "location": "An Nusayrat - North", "latitude": 31.4591, "longitude": 34.3923, "geo_precision": 1, "source": "Dunia Al Watan; Quds News Network", "source_scale": "National", "notes": "On 6 January 2025, an Israeli drone targeted a school sheltering IDPs in An Nusayrat - North (Deir El Balah, Gaza Strip) injuring 40 people. Israeli artillery also targeted the same location [casualties unknown].", "fatalities": 0, "tags": null, "timestamp": 1753956656 }, "geometry": { "type": "Point", "coordinates": [ 34.3923, 31.4591 ] } },
{ "type": "Feature", "properties": { "event_id_cnty": "PSE65030", "event_date": "1/6/2025", "year": 2025, "time_precision": 1, "disorder_type": "Political violence", "event_type": "Explosions/Remote violence", "sub_event_type": "Air/drone strike", "actor1": "Military Forces of Israel (2022-)", "assoc_actor_1": null, "inter1": 8, "actor2": "Civilians (Palestine)", "assoc_actor_2": "Refugees/IDPs (Palestine)", "inter2": 7, "interaction": 78, "civilian_targeting": "Civilian targeting", "iso": 275, "region": "Middle East", "country": "Palestine", "admin1": "Gaza Strip", "admin2": "Deir El Balah", "admin3": null, "location": "An Nusayrat", "latitude": 31.4486, "longitude": 34.3925, "geo_precision": 1, "source": "Palestine News and Information Agency", "source_scale": "National", "notes": "On 6 January 2025, Israeli forces, likely warplanes, targeted a house in An Nusayrat camp (Deir El Balah, Gaza Strip) killing a doctor.", "fatalities": 1, "tags": null, "timestamp": 1753956656 }, "geometry": { "type": "Point", "coordinates": [ 34.3925, 31.4486 ] } },
{ "type": "Feature", "properties": { "event_id_cnty": "PSE65127", "event_date": "1/6/2025", "year": 2025, "time_precision": 1, "disorder_type": "Political violence", "event_type": "Explosions/Remote violence", "sub_event_type": "Air/drone strike", "actor1": "Military Forces of Israel (2022-)", "assoc_actor_1": null, "inter1": 8, "actor2": "Civilians (Palestine)", "assoc_actor_2": "Refugees/IDPs (Palestine)", "inter2": 7, "interaction": 78, "civilian_targeting": "Civilian targeting", "iso": 275, "region": "Middle East", "country": "Palestine", "admin1": "Gaza Strip", "admin2": "Deir El Balah", "admin3": null, "location": "Al Burayj", "latitude": 31.4394, "longitude": 34.4031, "geo_precision": 1, "source": "Palestine News and Information Agency; Quds News Network", "source_scale": "National", "notes": "On 6 January 2025, Israeli warplanes targeted a house in Block 3 of Al Burayj camp (Deir El Balah, Gaza Strip) killing 4 people, including children, and injuring 13 others.", "fatalities": 4, "tags": null, "timestamp": 1753956656 }, "geometry": { "type": "Point", "coordinates": [ 34.4031, 31.4394 ] } },
{ "type": "Feature", "properties": { "event_id_cnty": "PSE65130", "event_date": "1/6/2025", "year": 2025, "time_precision": 1, "disorder_type": "Political violence", "event_type": "Explosions/Remote violence", "sub_event_type": "Air/drone strike", "actor1": "Military Forces of Israel (2022-)", "assoc_actor_1": null, "inter1": 8, "actor2": "Civilians (Palestine)", "assoc_actor_2": null, "inter2": 7, "interaction": 78, "civilian_targeting": "Civilian targeting", "iso": 275, "region": "Middle East", "country": "Palestine", "admin1": "Gaza Strip", "admin2": "Deir El Balah", "admin3": null, "location": "Deir al Balah Camp", "latitude": 31.4249, "longitude": 34.34, "geo_precision": 2, "source": "Quds News Network", "source_scale": "National", "notes": "On 6 January 2025, Israeli forces, likely warplanes, targeted Abu Al Ajin area in east of Deir el Balah, coded to Deir al Balah Camp (Deir El Balah, Gaza Strip) killing 1 person.", "fatalities": 1, "tags": null, "timestamp": 1765850627 }, "geometry": { "type": "Point", "coordinates": [ 34.34, 31.4249 ] } },
{ "type": "Feature", "properties": { "event_id_cnty": "PSE65131", "event_date": "1/6/2025", "year": 2025, "time_precision": 1, "disorder_type": "Political violence", "event_type": "Explosions/Remote violence", "sub_event_type": "Air/drone strike", "actor1": "Military Forces of Israel (2022-)", "assoc_actor_1": null, "inter1": 8, "actor2": "Civilians (Palestine)", "assoc_actor_2": null, "inter2": 7, "interaction": 78, "civilian_targeting": "Civilian targeting", "iso": 275, "region": "Middle East", "country": "Palestine", "admin1": "Gaza Strip", "admin2": "Deir El Balah", "admin3": null, "location": "Wadi as Salqa", "latitude": 31.4005, "longitude": 34.3375, "geo_precision": 2, "source": "Newpress; Twitter", "source_scale": "New media-National", "notes": "On 6 January 2025, Israeli warplanes targeted a house in Al Da'wa area south of Deir El Balah, coded to Wadi as Salqa (Deir El Balah, Gaza Strip). Casualties unknown.", "fatalities": 0, "tags": null, "timestamp": 1753956656 }, "geometry": { "type": "Point", "coordinates": [ 34.3375, 31.4005 ] } },
{ "type": "Feature", "properties": { "event_id_cnty": "PSE65132", "event_date": "1/6/2025", "year": 2025, "time_precision": 1, "disorder_type": "Political violence", "event_type": "Explosions/Remote violence", "sub_event_type": "Air/drone strike", "actor1": "Military Forces of Israel (2022-)", "assoc_actor_1": null, "inter1": 8, "actor2": "Civilians (Palestine)", "assoc_actor_2": null, "inter2": 7, "interaction": 78, "civilian_targeting": "Civilian targeting", "iso": 275, "region": "Middle East", "country": "Palestine", "admin1": "Gaza Strip", "admin2": "Gaza City", "admin3": null, "location": "Gaza - Ad Darraj", "latitude": 31.5172, "longitude": 34.4642, "geo_precision": 1, "source": "Palestine News and Information Agency", "source_scale": "National", "notes": "On 6 January 2025, an Israeli drone targeted a house near Al-Omri Mosque in Gaza - Ad Darraj (Gaza City, Gaza Strip), killing a woman and a child and injuring other people.", "fatalities": 2, "tags": null, "timestamp": 1759790002 }, "geometry": { "type": "Point", "coordinates": [ 34.4642, 31.5172 ] } },
{ "type": "Feature", "properties": { "event_id_cnty": "PSE65133", "event_date": "1/6/2025", "year": 2025, "time_precision": 1, "disorder_type": "Political violence", "event_type": "Explosions/Remote violence", "sub_event_type": "Air/drone strike", "actor1": "Military Forces of Israel (2022-)", "assoc_actor_1": null, "inter1": 8, "actor2": "Civilians (Palestine)", "assoc_actor_2": null, "inter2": 7, "interaction": 78, "civilian_targeting": "Civilian targeting", "iso": 275, "region": "Middle East", "country": "Palestine", "admin1": "Gaza Strip", "admin2": "Gaza City", "admin3": null, "location": "Gaza - Ash Shati' Camp", "latitude": 31.5349, "longitude": 34.4466, "geo_precision": 2, "source": "Newpress; Palestine News and Information Agency; Quds News Network; Twitter", "source_scale": "New media-National", "notes": "On 6 January 2025, an Israeli quadcopter drone fired at AlMaqusi area in northwest of Gaza city, coded to Gaza - Ash Shati' Camp (Gaza City, Gaza Strip) killing 1 person. An Israeli drone also fired at al Saftawi area in northwest of Gaza city, coded to the same location. Casualties unknown. Israeli artillery also targeted that location. Casualties unknown. Fatalities coded at least 1.", "fatalities": 1, "tags": null, "timestamp": 1759790002 }, "geometry": { "type": "Point", "coordinates": [ 34.4466, 31.5349 ] } },
{ "type": "Feature", "properties": { "event_id_cnty": "PSE65135", "event_date": "1/6/2025", "year": 2025, "time_precision": 1, "disorder_type": "Political violence", "event_type": "Explosions/Remote violence", "sub_event_type": "Air/drone strike", "actor1": "Military Forces of Israel (2022-)", "assoc_actor_1": null, "inter1": 8, "actor2": "Civilians (Palestine)", "assoc_actor_2": null, "inter2": 7, "interaction": 78, "civilian_targeting": "Civilian targeting", "iso": 275, "region": "Middle East", "country": "Palestine", "admin1": "Gaza Strip", "admin2": "Gaza City", "admin3": null, "location": "Gaza - Sheikh Radwan", "latitude": 31.5349, "longitude": 34.4667, "geo_precision": 1, "source": "Palestine News and Information Agency; Quds News Network", "source_scale": "National", "notes": "On 6 January 2025, Israeli warplanes targeted a house in Gaza - Sheikh Radwan (Gaza city, Gaza Strip) killing 4 people and injuring others. Israeli artillery fired live ammunition near Dahian school in the same location injuring one person.", "fatalities": 4, "tags": null, "timestamp": 1759790002 }, "geometry": { "type": "Point", "coordinates": [ 34.4667, 31.5349 ] } },
{ "type": "Feature", "properties": { "event_id_cnty": "PSE65145", "event_date": "1/6/2025", "year": 2025, "time_precision": 1, "disorder_type": "Political violence", "event_type": "Explosions/Remote violence", "sub_event_type": "Shelling/artillery/missile attack", "actor1": "Military Forces of Israel (2022-)", "assoc_actor_1": null, "inter1": 8, "actor2": "Civilians (Palestine)", "assoc_actor_2": null, "inter2": 7, "interaction": 78, "civilian_targeting": "Civilian targeting", "iso": 275, "region": "Middle East", "country": "Palestine", "admin1": "Gaza Strip", "admin2": "North Gaza", "admin3": null, "location": "Jabalya Camp", "latitude": 31.536, "longitude": 34.4907, "geo_precision": 2, "source": "Palestine News and Information Agency", "source_scale": "National", "notes": "On 6 January 2025, Israeli forces, likely artillery, targeted North Gaza, coded to Jabalya Camp (North Gaza, Gaza Strip) killing 2 people (twins). Also, Israeli artillery targeted houses in Saftawi area, west of Jabalya Camp [casualties unknown]. Fatalities coded at least 2.", "fatalities": 2, "tags": null, "timestamp": 1753956656 }, "geometry": { "type": "Point", "coordinates": [ 34.4907, 31.536 ] } },
{ "type": "Feature", "properties": { "event_id_cnty": "PSE65148", "event_date": "1/6/2025", "year": 2025, "time_precision": 1, "disorder_type": "Political violence", "event_type": "Explosions/Remote violence", "sub_event_type": "Air/drone strike", "actor1": "Military Forces of Israel (2022-)", "assoc_actor_1": null, "inter1": 8, "actor2": "Civilians (Palestine)", "assoc_actor_2": null, "inter2": 7, "interaction": 78, "civilian_targeting": "Civilian targeting", "iso": 275, "region": "Middle East", "country": "Palestine", "admin1": "Gaza Strip", "admin2": "Rafah", "admin3": null, "location": "Shokat as Sufi", "latitude": 31.2586, "longitude": 34.2824, "geo_precision": 1, "source": "Newpress; Palestine News and Information Agency; Twitter", "source_scale": "New media-National", "notes": "On 6 January 2025, Israeli warplanes targeted Shokat as Sufi (Rafah, Gaza Strip) killing 2 children.", "fatalities": 2, "tags": null, "timestamp": 1753956656 }, "geometry": { "type": "Point", "coordinates": [ 34.2824, 31.2586 ] } },
{ "type": "Feature", "properties": { "event_id_cnty": "PSE65149", "event_date": "1/6/2025", "year": 2025, "time_precision": 1, "disorder_type": "Political violence", "event_type": "Explosions/Remote violence", "sub_event_type": "Air/drone strike", "actor1": "Military Forces of Israel (2022-)", "assoc_actor_1": null, "inter1": 8, "actor2": "Civilians (Palestine)", "assoc_actor_2": null, "inter2": 7, "interaction": 78, "civilian_targeting": "Civilian targeting", "iso": 275, "region": "Middle East", "country": "Palestine", "admin1": "Gaza Strip", "admin2": "Rafah", "admin3": null, "location": "Yibna", "latitude": 31.2842, "longitude": 34.2482, "geo_precision": 2, "source": "Palestine News and Information Agency", "source_scale": "National", "notes": "On 6 January 2025, Israeli forces, likely warplanes, targeted northeast of Rafah, coded to Yibna (Rafah, Gaza Strip) killing 2 people.", "fatalities": 2, "tags": null, "timestamp": 1753956656 }, "geometry": { "type": "Point", "coordinates": [ 34.2482, 31.2842 ] } },
{ "type": "Feature", "properties": { "event_id_cnty": "PSE65143", "event_date": "1/6/2025", "year": 2025, "time_precision": 1, "disorder_type": "Political violence", "event_type": "Explosions/Remote violence", "sub_event_type": "Air/drone strike", "actor1": "Military Forces of Israel (2022-)", "assoc_actor_1": null, "inter1": 8, "actor2": "Civilians (Palestine)", "assoc_actor_2": null, "inter2": 7, "interaction": 78, "civilian_targeting": "Civilian targeting", "iso": 275, "region": "Middle East", "country": "Palestine", "admin1": "Gaza Strip", "admin2": "North Gaza", "admin3": null, "location": "Jabalya", "latitude": 31.5272, "longitude": 34.4835, "geo_precision": 1, "source": "Newpress; Twitter", "source_scale": "New media-National", "notes": "On 6 January 2025, Israeli quadcopter drones targeted a group of people in Jabalya (North Gaza, Gaza Strip) injuring several people.", "fatalities": 0, "tags": null, "timestamp": 1759790002 }, "geometry": { "type": "Point", "coordinates": [ 34.4835, 31.5272 ] } },
{ "type": "Feature", "properties": { "event_id_cnty": "PSE65147", "event_date": "1/6/2025", "year": 2025, "time_precision": 1, "disorder_type": "Political violence", "event_type": "Explosions/Remote violence", "sub_event_type": "Air/drone strike", "actor1": "Military Forces of Israel (2022-)", "assoc_actor_1": null, "inter1": 8, "actor2": "Civilians (Palestine)", "assoc_actor_2": "Refugees/IDPs (Palestine)", "inter2": 7, "interaction": 78, "civilian_targeting": "Civilian targeting", "iso": 275, "region": "Middle East", "country": "Palestine", "admin1": "Gaza Strip", "admin2": "Rafah", "admin3": null, "location": "Rafah", "latitude": 31.287, "longitude": 34.2595, "geo_precision": 1, "source": "Quds News Network", "source_scale": "National", "notes": "On 6 January 2025, Israeli warplanes targeted IDP tents in north of Kuwait Hospital in Rafah (Rafah, Gaza Strip) killing 1 woman and injuring other people who were transported to the nearby specialized Kuwait Hospital.", "fatalities": 1, "tags": null, "timestamp": 1762829569 }, "geometry": { "type": "Point", "coordinates": [ 34.2595, 31.287 ] } },
{ "type": "Feature", "properties": { "event_id_cnty": "PSE65368", "event_date": "1/6/2025", "year": 2025, "time_precision": 1, "disorder_type": "Political violence", "event_type": "Explosions/Remote violence", "sub_event_type": "Air/drone strike", "actor1": "Military Forces of Israel (2022-)", "assoc_actor_1": null, "inter1": 8, "actor2": "Civilians (Palestine)", "assoc_actor_2": "Farmers (Palestine)", "inter2": 7, "interaction": 78, "civilian_targeting": "Civilian targeting", "iso": 275, "region": "Middle East", "country": "Palestine", "admin1": "Gaza Strip", "admin2": "Rafah", "admin3": null, "location": "Khirbet al Adas", "latitude": 31.2855, "longitude": 34.2714, "geo_precision": 2, "source": "Palestine News and Information Agency", "source_scale": "National", "notes": "On 6 January 2025, Israeli forces, likely warplanes, targeted farmers on their land in Masbah area coded to Khirbet al Adas (Rafah, Gaza Strip) killing 2 of them.", "fatalities": 2, "tags": null, "timestamp": 1753956656 }, "geometry": { "type": "Point", "coordinates": [ 34.2714, 31.2855 ] } },
{ "type": "Feature", "properties": { "event_id_cnty": "PSE65173", "event_date": "1/7/2025", "year": 2025, "time_precision": 1, "disorder_type": "Political violence", "event_type": "Explosions/Remote violence", "sub_event_type": "Air/drone strike", "actor1": "Military Forces of Israel (2022-)", "assoc_actor_1": null, "inter1": 8, "actor2": "Civilians (Palestine)", "assoc_actor_2": "Refugees/IDPs (Palestine)", "inter2": 7, "interaction": 78, "civilian_targeting": "Civilian targeting", "iso": 275, "region": "Middle East", "country": "Palestine", "admin1": "Gaza Strip", "admin2": "Deir El Balah", "admin3": null, "location": "Al Burayj", "latitude": 31.4394, "longitude": 34.4031, "geo_precision": 1, "source": "Newpress; Quds News Network; Twitter", "source_scale": "New media-National", "notes": "On 7 January 2025, Israeli warplanes targeted a house in Block 3 of Al Burayj camp (Deir El Balah, Gaza Strip) injuring several people, including children. Israeli artillery also targeted the camp, with casualties unknown.", "fatalities": 0, "tags": null, "timestamp": 1753956656 }, "geometry": { "type": "Point", "coordinates": [ 34.4031, 31.4394 ] } },
{ "type": "Feature", "properties": { "event_id_cnty": "PSE65174", "event_date": "1/7/2025", "year": 2025, "time_precision": 1, "disorder_type": "Political violence", "event_type": "Explosions/Remote violence", "sub_event_type": "Air/drone strike", "actor1": "Military Forces of Israel (2022-)", "assoc_actor_1": null, "inter1": 8, "actor2": "Civilians (Palestine)", "assoc_actor_2": "Refugees/IDPs (Palestine)", "inter2": 7, "interaction": 78, "civilian_targeting": "Civilian targeting", "iso": 275, "region": "Middle East", "country": "Palestine", "admin1": "Gaza Strip", "admin2": "Deir El Balah", "admin3": null, "location": "Al Maghazi", "latitude": 31.4214, "longitude": 34.3865, "geo_precision": 1, "source": "Palestine News and Information Agency; Quds News Network", "source_scale": "National", "notes": "On 7 January 2025, Israeli helicopters targeted an IDPs tent at the entrance of Al Maghazi (Deir El Balah, Gaza Strip) injuring several people.", "fatalities": 0, "tags": null, "timestamp": 1753956656 }, "geometry": { "type": "Point", "coordinates": [ 34.3865, 31.4214 ] } },
{ "type": "Feature", "properties": { "event_id_cnty": "PSE65176", "event_date": "1/7/2025", "year": 2025, "time_precision": 1, "disorder_type": "Political violence", "event_type": "Explosions/Remote violence", "sub_event_type": "Air/drone strike", "actor1": "Military Forces of Israel (2022-)", "assoc_actor_1": null, "inter1": 8, "actor2": "Civilians (Palestine)", "assoc_actor_2": null, "inter2": 7, "interaction": 78, "civilian_targeting": "Civilian targeting", "iso": 275, "region": "Middle East", "country": "Palestine", "admin1": "Gaza Strip", "admin2": "Deir El Balah", "admin3": null, "location": "An Nusayrat - South", "latitude": 31.4389, "longitude": 34.3815, "geo_precision": 1, "source": "Palestine News and Information Agency", "source_scale": "National", "notes": "On 7 January 2025, Israeli warplanes targeted a house near Ain Jalout towers in An Nusayrat - South (Deir El Balah, Gaza Strip) killing 2 people and injuring others.", "fatalities": 2, "tags": null, "timestamp": 1753956656 }, "geometry": { "type": "Point", "coordinates": [ 34.3815, 31.4389 ] } },
{ "type": "Feature", "properties": { "event_id_cnty": "PSE65180", "event_date": "1/7/2025", "year": 2025, "time_precision": 1, "disorder_type": "Political violence", "event_type": "Explosions/Remote violence", "sub_event_type": "Shelling/artillery/missile attack", "actor1": "Military Forces of Israel (2022-)", "assoc_actor_1": null, "inter1": 8, "actor2": "Civilians (Palestine)", "assoc_actor_2": null, "inter2": 7, "interaction": 78, "civilian_targeting": "Civilian targeting", "iso": 275, "region": "Middle East", "country": "Palestine", "admin1": "Gaza Strip", "admin2": "Deir El Balah", "admin3": null, "location": "Deir al Balah Camp", "latitude": 31.4249, "longitude": 34.34, "geo_precision": 2, "source": "Quds News Network", "source_scale": "National", "notes": "On 7 January 2025, Israeli artillery targeted a house in Abu al Ajin area in east of Deir El Balah, coded to Deir al Balah Camp (Deir El Balah, Gaza Strip). Casualties unknown.", "fatalities": 0, "tags": null, "timestamp": 1765850627 }, "geometry": { "type": "Point", "coordinates": [ 34.34, 31.4249 ] } },
{ "type": "Feature", "properties": { "event_id_cnty": "PSE65181", "event_date": "1/7/2025", "year": 2025, "time_precision": 1, "disorder_type": "Political violence", "event_type": "Explosions/Remote violence", "sub_event_type": "Air/drone strike", "actor1": "Military Forces of Israel (2022-)", "assoc_actor_1": null, "inter1": 8, "actor2": "Civilians (Palestine)", "assoc_actor_2": "Refugees/IDPs (Palestine)", "inter2": 7, "interaction": 78, "civilian_targeting": "Civilian targeting", "iso": 275, "region": "Middle East", "country": "Palestine", "admin1": "Gaza Strip", "admin2": "Gaza City", "admin3": null, "location": "Gaza - Ash Shati' Camp", "latitude": 31.5349, "longitude": 34.4466, "geo_precision": 1, "source": "Palestine News and Information Agency", "source_scale": "National", "notes": "On 7 January 2025, Israeli warplanes targeted a house on Hamid street in Gaza - Ash Shati' Camp (Gaza City, Gaza Strip) killing 4 people and injuring others.", "fatalities": 4, "tags": null, "timestamp": 1759790002 }, "geometry": { "type": "Point", "coordinates": [ 34.4466, 31.5349 ] } },
{ "type": "Feature", "properties": { "event_id_cnty": "PSE65185", "event_date": "1/7/2025", "year": 2025, "time_precision": 1, "disorder_type": "Political violence", "event_type": "Explosions/Remote violence", "sub_event_type": "Air/drone strike", "actor1": "Military Forces of Israel (2022-)", "assoc_actor_1": null, "inter1": 8, "actor2": "Civilians (Palestine)", "assoc_actor_2": null, "inter2": 7, "interaction": 78, "civilian_targeting": "Civilian targeting", "iso": 275, "region": "Middle East", "country": "Palestine", "admin1": "Gaza Strip", "admin2": "Gaza City", "admin3": null, "location": "Gaza - Sheikh Radwan", "latitude": 31.5349, "longitude": 34.4667, "geo_precision": 1, "source": "Ma'an News Agency; Quds News Network", "source_scale": "National", "notes": "On 7 January 2025, Israeli forces, likely warplanes, targeted the vicinity of Khaldi mosque in Gaza - Sheikh Radwan (Gaza City, Gaza Strip) killing 1 person. An Israeli drone dropped bombs in the vicinity of a clinic in the same location. Casualties unknown. Israeli warplanes launched a series of airstrikes on Ahmad Yassin street in the same location. Casualties unknown. Number of fatalities coded as at least 1.", "fatalities": 1, "tags": null, "timestamp": 1759790002 }, "geometry": { "type": "Point", "coordinates": [ 34.4667, 31.5349 ] } },
{ "type": "Feature", "properties": { "event_id_cnty": "PSE65187", "event_date": "1/7/2025", "year": 2025, "time_precision": 1, "disorder_type": "Political violence", "event_type": "Explosions/Remote violence", "sub_event_type": "Air/drone strike", "actor1": "Military Forces of Israel (2022-)", "assoc_actor_1": null, "inter1": 8, "actor2": "Civilians (Palestine)", "assoc_actor_2": null, "inter2": 7, "interaction": 78, "civilian_targeting": "Civilian targeting", "iso": 275, "region": "Middle East", "country": "Palestine", "admin1": "Gaza Strip", "admin2": "Gaza City", "admin3": null, "location": "Gaza - Shujaiyya", "latitude": 31.4988, "longitude": 34.4699, "geo_precision": 1, "source": "Newpress; Twitter", "source_scale": "New media-National", "notes": "On 7 January 2025, Israeli warplanes targeted a house in Gaza - Shujaiyya (Gaza City, Gaza Strip) injuring 3 people.", "fatalities": 0, "tags": null, "timestamp": 1759790002 }, "geometry": { "type": "Point", "coordinates": [ 34.4699, 31.4988 ] } },
{ "type": "Feature", "properties": { "event_id_cnty": "PSE65365", "event_date": "1/7/2025", "year": 2025, "time_precision": 1, "disorder_type": "Political violence", "event_type": "Explosions/Remote violence", "sub_event_type": "Air/drone strike", "actor1": "Military Forces of Israel (2022-)", "assoc_actor_1": null, "inter1": 8, "actor2": "Civilians (Palestine)", "assoc_actor_2": null, "inter2": 7, "interaction": 78, "civilian_targeting": "Civilian targeting", "iso": 275, "region": "Middle East", "country": "Palestine", "admin1": "Gaza Strip", "admin2": "Gaza City", "admin3": null, "location": "Gaza - At Tuffah", "latitude": 31.5134, "longitude": 34.4751, "geo_precision": 1, "source": "Palestine News and Information Agency; Quds News Network", "source_scale": "National", "notes": "On 7 January 2025, Israeli forces, likely warplanes, targeted a group of people in Gaza - At Tuffah (Gaza City, Gaza Strip) killing 5 people and injuring others.", "fatalities": 5, "tags": null, "timestamp": 1759790002 }, "geometry": { "type": "Point", "coordinates": [ 34.4751, 31.5134 ] } },
{ "type": "Feature", "properties": { "event_id_cnty": "PSE65367", "event_date": "1/7/2025", "year": 2025, "time_precision": 1, "disorder_type": "Political violence", "event_type": "Explosions/Remote violence", "sub_event_type": "Air/drone strike", "actor1": "Military Forces of Israel (2022-)", "assoc_actor_1": null, "inter1": 8, "actor2": "Civilians (Palestine)", "assoc_actor_2": null, "inter2": 7, "interaction": 78, "civilian_targeting": "Civilian targeting", "iso": 275, "region": "Middle East", "country": "Palestine", "admin1": "Gaza Strip", "admin2": "Gaza City", "admin3": null, "location": "Gaza - Shujaiyya", "latitude": 31.4988, "longitude": 34.4699, "geo_precision": 2, "source": "Palestine News and Information Agency", "source_scale": "National", "notes": "On 7 January 2025, an Israeli drone fired at Shaghaf area in east of Gaza city, coded to Gaza - Shujaiyya (Gaza City, Gaza Strip) killing 5 people and injuring others.", "fatalities": 5, "tags": null, "timestamp": 1759790002 }, "geometry": { "type": "Point", "coordinates": [ 34.4699, 31.4988 ] } },
{ "type": "Feature", "properties": { "event_id_cnty": "PSE65372", "event_date": "1/7/2025", "year": 2025, "time_precision": 1, "disorder_type": "Political violence", "event_type": "Explosions/Remote violence", "sub_event_type": "Air/drone strike", "actor1": "Military Forces of Israel (2022-)", "assoc_actor_1": null, "inter1": 8, "actor2": "Civilians (Palestine)", "assoc_actor_2": "Refugees/IDPs (Palestine)", "inter2": 7, "interaction": 78, "civilian_targeting": "Civilian targeting", "iso": 275, "region": "Middle East", "country": "Palestine", "admin1": "Gaza Strip", "admin2": "Khan Yunis", "admin3": null, "location": "Al Mawasi (Khan Yunis)", "latitude": 31.3482, "longitude": 34.2547, "geo_precision": 1, "source": "Quds News Network", "source_scale": "National", "notes": "On 7 January 2025, Israeli drones and apatchi planes targeted IDP tents in Al Mawasi (Khan Yunis) causing fires, killing 5 children and injuring other people.", "fatalities": 5, "tags": null, "timestamp": 1762829569 }, "geometry": { "type": "Point", "coordinates": [ 34.2547, 31.3482 ] } },
{ "type": "Feature", "properties": { "event_id_cnty": "PSE65195", "event_date": "1/7/2025", "year": 2025, "time_precision": 1, "disorder_type": "Political violence", "event_type": "Explosions/Remote violence", "sub_event_type": "Air/drone strike", "actor1": "Military Forces of Israel (2022-)", "assoc_actor_1": null, "inter1": 8, "actor2": "Civilians (Palestine)", "assoc_actor_2": null, "inter2": 7, "interaction": 78, "civilian_targeting": "Civilian targeting", "iso": 275, "region": "Middle East", "country": "Palestine", "admin1": "Gaza Strip", "admin2": "Khan Yunis", "admin3": null, "location": "Khan Yunis - West (Municipal Stadium)", "latitude": 31.3484, "longitude": 34.2961, "geo_precision": 2, "source": "Palestinian Ministry of Health; Quds News Network", "source_scale": "Other-National", "notes": "On 7 January 2025, Israeli forces, likely warplanes, targeted a group of people in west of Khan Yunis, coded to Khan Yunis - West (Municipal Stadium) (Khan Yunis, Gaza Strip), resulting in deaths and injuries. [Palestinian Ministry of Health reported 45,936 fatalities between 7 October - 7 January 2025. 5 fatalities not attributed to specific events added to 1 event on 7 January 2025. 5 fatalities coded to this event.]", "fatalities": 5, "tags": null, "timestamp": 1753956656 }, "geometry": { "type": "Point", "coordinates": [ 34.2961, 31.3484 ] } },
{ "type": "Feature", "properties": { "event_id_cnty": "PSE65200", "event_date": "1/7/2025", "year": 2025, "time_precision": 1, "disorder_type": "Political violence", "event_type": "Explosions/Remote violence", "sub_event_type": "Air/drone strike", "actor1": "Military Forces of Israel (2022-)", "assoc_actor_1": null, "inter1": 8, "actor2": "Civilians (Palestine)", "assoc_actor_2": null, "inter2": 7, "interaction": 78, "civilian_targeting": "Civilian targeting", "iso": 275, "region": "Middle East", "country": "Palestine", "admin1": "Gaza Strip", "admin2": "North Gaza", "admin3": null, "location": "Jabalya", "latitude": 31.5272, "longitude": 34.4835, "geo_precision": 1, "source": "Ma'an News Agency; Palestine News and Information Agency", "source_scale": "National", "notes": "On 7 January 2025, Israeli warplanes targeted a group of people in Al Nazla area in Jabalya (North Gaza, Gaza Strip) killing 3 people and injuring others. Israeli warplanes also targeted a house on old Gaza street in Jabalya killing 8 people and injuring others. Israeli artillery targeted Saftawi and Nazla area in the same location. Casualties unknown. Total number of fatalities coded as at least 11.", "fatalities": 11, "tags": null, "timestamp": 1759790002 }, "geometry": { "type": "Point", "coordinates": [ 34.4835, 31.5272 ] } },
{ "type": "Feature", "properties": { "event_id_cnty": "PSE65366", "event_date": "1/7/2025", "year": 2025, "time_precision": 1, "disorder_type": "Political violence", "event_type": "Explosions/Remote violence", "sub_event_type": "Air/drone strike", "actor1": "Military Forces of Israel (2022-)", "assoc_actor_1": null, "inter1": 8, "actor2": "Civilians (Palestine)", "assoc_actor_2": null, "inter2": 7, "interaction": 78, "civilian_targeting": "Civilian targeting", "iso": 275, "region": "Middle East", "country": "Palestine", "admin1": "Gaza Strip", "admin2": "Gaza City", "admin3": null, "location": "Gaza - Az Zaytun", "latitude": 31.4964, "longitude": 34.4522, "geo_precision": 1, "source": "Quds News Network", "source_scale": "National", "notes": "On 7 January 2025, Israeli forces, likely warplanes, targeted a house near Bilal mosque in Gaza - Az Zaytun (Gaza City, Gaza Strip) killing 5 people and injuring others.", "fatalities": 5, "tags": null, "timestamp": 1759790002 }, "geometry": { "type": "Point", "coordinates": [ 34.4522, 31.4964 ] } },
{ "type": "Feature", "properties": { "event_id_cnty": "PSE65178", "event_date": "1/7/2025", "year": 2025, "time_precision": 1, "disorder_type": "Political violence", "event_type": "Explosions/Remote violence", "sub_event_type": "Air/drone strike", "actor1": "Military Forces of Israel (2022-)", "assoc_actor_1": null, "inter1": 8, "actor2": "Civilians (Palestine)", "assoc_actor_2": "Aid Workers (Palestine); UN: United Nations", "inter2": 7, "interaction": 78, "civilian_targeting": "Civilian targeting", "iso": 275, "region": "Middle East", "country": "Palestine", "admin1": "Gaza Strip", "admin2": "Deir El Balah", "admin3": null, "location": "Deir al Balah", "latitude": 31.4178, "longitude": 34.3503, "geo_precision": 1, "source": "Aid Worker Security Database; Quds News Network", "source_scale": "Local partner-Other", "notes": "On 7 January 2025, Israeli warplanes targeted a vehicle on Mazraa street in Deir al Balah city (Deir El Balah, Gaza Strip) injuring one person. Israeli drones also targeted a house in the same location injuring a man and his daughter. Israeli warplanes also launched an airstrike on the eastern parts of the same location. Casualties unknown. Also on the same day, one aid worker was killed and 2 aid workers were injured during an airstrike on a UN warehouse in Deir al-Balah. At least one fatality coded. This event involved violence over aid.", "fatalities": 1, "tags": null, "timestamp": 1753956656 }, "geometry": { "type": "Point", "coordinates": [ 34.3503, 31.4178 ] } },
{ "type": "Feature", "properties": { "event_id_cnty": "PSE65032", "event_date": "1/8/2025", "year": 2025, "time_precision": 1, "disorder_type": "Political violence", "event_type": "Explosions/Remote violence", "sub_event_type": "Air/drone strike", "actor1": "Military Forces of Israel (2022-)", "assoc_actor_1": null, "inter1": 8, "actor2": "Civilians (Palestine)", "assoc_actor_2": null, "inter2": 7, "interaction": 78, "civilian_targeting": "Civilian targeting", "iso": 275, "region": "Middle East", "country": "Palestine", "admin1": "Gaza Strip", "admin2": "Gaza City", "admin3": null, "location": "Gaza - Shujaiyya", "latitude": 31.4988, "longitude": 34.4699, "geo_precision": 1, "source": "Quds News Network", "source_scale": "National", "notes": "On 8 January 2025, Israeli warplanes struck communication workers on Baghdad Street in Gaza - Shujaiyya (Gaza City, Gaza Strip), resulting in one dead.", "fatalities": 1, "tags": null, "timestamp": 1759790002 }, "geometry": { "type": "Point", "coordinates": [ 34.4699, 31.4988 ] } },
{ "type": "Feature", "properties": { "event_id_cnty": "PSE65227", "event_date": "1/8/2025", "year": 2025, "time_precision": 1, "disorder_type": "Political violence", "event_type": "Explosions/Remote violence", "sub_event_type": "Air/drone strike", "actor1": "Military Forces of Israel (2022-)", "assoc_actor_1": null, "inter1": 8, "actor2": "Civilians (Palestine)", "assoc_actor_2": "Refugees/IDPs (Palestine)", "inter2": 7, "interaction": 78, "civilian_targeting": "Civilian targeting", "iso": 275, "region": "Middle East", "country": "Palestine", "admin1": "Gaza Strip", "admin2": "Deir El Balah", "admin3": null, "location": "Al Burayj", "latitude": 31.4394, "longitude": 34.4031, "geo_precision": 1, "source": "Palestine News and Information Agency; Quds News Network", "source_scale": "National", "notes": "On 8 January 2025, Israeli warplanes struck a residential home in Al Burayj (Deir El Balah, Gaza Strip), resulting in one dead and others injured [including six children]. Also, Israeli warplanes struck the vicinity of the Al Burayj Camp entrance and Block 12 area in the same location [Casualties unknown]. Fatalities coded at least 1.", "fatalities": 1, "tags": null, "timestamp": 1753956656 }, "geometry": { "type": "Point", "coordinates": [ 34.4031, 31.4394 ] } },
{ "type": "Feature", "properties": { "event_id_cnty": "PSE65228", "event_date": "1/8/2025", "year": 2025, "time_precision": 1, "disorder_type": "Political violence", "event_type": "Explosions/Remote violence", "sub_event_type": "Air/drone strike", "actor1": "Military Forces of Israel (2022-)", "assoc_actor_1": null, "inter1": 8, "actor2": "Civilians (Palestine)", "assoc_actor_2": null, "inter2": 7, "interaction": 78, "civilian_targeting": "Civilian targeting", "iso": 275, "region": "Middle East", "country": "Palestine", "admin1": "Gaza Strip", "admin2": "Deir El Balah", "admin3": null, "location": "Al Musaddar", "latitude": 31.4105, "longitude": 34.378, "geo_precision": 2, "source": "Palestine News and Information Agency; Quds News Network", "source_scale": "National", "notes": "On 8 January 2025, Israeli warplanes struck a residential home close to an UNRWA clinic [likely Al Wakaleh clinic] west of Deir al Balah, coded to Al Musaddar (Deir El Balah, Gaza Strip), resulting in five dead and others injured.", "fatalities": 5, "tags": null, "timestamp": 1765850627 }, "geometry": { "type": "Point", "coordinates": [ 34.378, 31.4105 ] } },
{ "type": "Feature", "properties": { "event_id_cnty": "PSE65232", "event_date": "1/8/2025", "year": 2025, "time_precision": 1, "disorder_type": "Political violence", "event_type": "Explosions/Remote violence", "sub_event_type": "Air/drone strike", "actor1": "Military Forces of Israel (2022-)", "assoc_actor_1": null, "inter1": 8, "actor2": "Civilians (Palestine)", "assoc_actor_2": null, "inter2": 7, "interaction": 78, "civilian_targeting": "Civilian targeting", "iso": 275, "region": "Middle East", "country": "Palestine", "admin1": "Gaza Strip", "admin2": "Deir El Balah", "admin3": null, "location": "Deir al Balah", "latitude": 31.4178, "longitude": 34.3503, "geo_precision": 1, "source": "Palestine News and Information Agency; Quds News Network", "source_scale": "National", "notes": "On 8 January 2025, Israeli warplanes struck a residential home in Deir al Balah (Deir El Balah, Gaza Strip), resulting in one dead and others injured. Also, Israeli warplanes launched a raid and struck the vicinity of Al Bina Bakery as well as a home in the Bisa area in the same location, resulting in two dead and others injured. Total fatalities coded as 3.", "fatalities": 3, "tags": null, "timestamp": 1753956656 }, "geometry": { "type": "Point", "coordinates": [ 34.3503, 31.4178 ] } },
{ "type": "Feature", "properties": { "event_id_cnty": "PSE65233", "event_date": "1/8/2025", "year": 2025, "time_precision": 1, "disorder_type": "Political violence", "event_type": "Explosions/Remote violence", "sub_event_type": "Air/drone strike", "actor1": "Military Forces of Israel (2022-)", "assoc_actor_1": null, "inter1": 8, "actor2": "Civilians (Palestine)", "assoc_actor_2": null, "inter2": 7, "interaction": 78, "civilian_targeting": "Civilian targeting", "iso": 275, "region": "Middle East", "country": "Palestine", "admin1": "Gaza Strip", "admin2": "Gaza City", "admin3": null, "location": "Gaza", "latitude": 31.5045, "longitude": 34.4743, "geo_precision": 1, "source": "Palestine News and Information Agency; Quds News Network", "source_scale": "National", "notes": "On 8 January 2025, Israeli warplanes struck a residential home in Gaza (Gaza City, Gaza Strip), resulting in one dead [newborn child]. Also, Israeli drones struck a group of people at the entrance Al Baladyeh Park in Omar Al Moukhtar Street in Central Gaza [same location], resulting in five dead [including one woman] and more than 15 injured. Additionally, Israeli warplanes struck a residential apartment inside Al Dawoud building in the vicinity of Al Tayaran intersection in the same location [Casualties unknown]. Total Fatalities coded as at least 6.", "fatalities": 6, "tags": null, "timestamp": 1759790002 }, "geometry": { "type": "Point", "coordinates": [ 34.4743, 31.5045 ] } },
{ "type": "Feature", "properties": { "event_id_cnty": "PSE65235", "event_date": "1/8/2025", "year": 2025, "time_precision": 1, "disorder_type": "Political violence", "event_type": "Explosions/Remote violence", "sub_event_type": "Air/drone strike", "actor1": "Military Forces of Israel (2022-)", "assoc_actor_1": null, "inter1": 8, "actor2": "Civilians (Palestine)", "assoc_actor_2": null, "inter2": 7, "interaction": 78, "civilian_targeting": "Civilian targeting", "iso": 275, "region": "Middle East", "country": "Palestine", "admin1": "Gaza Strip", "admin2": "Gaza City", "admin3": null, "location": "Gaza - Ash Shaykh Ijlin", "latitude": 31.5098, "longitude": 34.4274, "geo_precision": 1, "source": "Ma'an News Agency", "source_scale": "National", "notes": "On 8 January 2025, Israeli warplanes struck close to the 17 roundabout in Gaza - Ash Shaykh Ijlin (Gaza City, Gaza Strip), resulting in three dead.", "fatalities": 3, "tags": null, "timestamp": 1753956656 }, "geometry": { "type": "Point", "coordinates": [ 34.4274, 31.5098 ] } },
{ "type": "Feature", "properties": { "event_id_cnty": "PSE65238", "event_date": "1/8/2025", "year": 2025, "time_precision": 1, "disorder_type": "Political violence", "event_type": "Explosions/Remote violence", "sub_event_type": "Air/drone strike", "actor1": "Military Forces of Israel (2022-)", "assoc_actor_1": null, "inter1": 8, "actor2": "Civilians (Palestine)", "assoc_actor_2": null, "inter2": 7, "interaction": 78, "civilian_targeting": "Civilian targeting", "iso": 275, "region": "Middle East", "country": "Palestine", "admin1": "Gaza Strip", "admin2": "Gaza City", "admin3": null, "location": "Gaza - Nasr", "latitude": 31.534, "longitude": 34.4574, "geo_precision": 2, "source": "Palestine News and Information Agency", "source_scale": "National", "notes": "On 8 January 2025, Israeli warplanes struck the vicinity of Gaza - Nasr (Gaza City, Gaza Strip), resulting in one dead.", "fatalities": 1, "tags": null, "timestamp": 1753956656 }, "geometry": { "type": "Point", "coordinates": [ 34.4574, 31.534 ] } },
{ "type": "Feature", "properties": { "event_id_cnty": "PSE65239", "event_date": "1/8/2025", "year": 2025, "time_precision": 1, "disorder_type": "Political violence", "event_type": "Explosions/Remote violence", "sub_event_type": "Air/drone strike", "actor1": "Military Forces of Israel (2022-)", "assoc_actor_1": null, "inter1": 8, "actor2": "Civilians (Palestine)", "assoc_actor_2": null, "inter2": 7, "interaction": 78, "civilian_targeting": "Civilian targeting", "iso": 275, "region": "Middle East", "country": "Palestine", "admin1": "Gaza Strip", "admin2": "Gaza City", "admin3": null, "location": "Gaza - Sheikh Radwan", "latitude": 31.5349, "longitude": 34.4667, "geo_precision": 1, "source": "Ma'an News Agency; Palestine News and Information Agency; Quds News Network", "source_scale": "National", "notes": "On 8 January 2025, Israeli warplanes struck a residential home in Gaza - Sheikh Radwan (Gaza City, Gaza Strip), resulting in eleven dead [one body was pulled from under the rubble, and one newborn dead] and others injured.", "fatalities": 11, "tags": null, "timestamp": 1759790002 }, "geometry": { "type": "Point", "coordinates": [ 34.4667, 31.5349 ] } },
{ "type": "Feature", "properties": { "event_id_cnty": "PSE65240", "event_date": "1/8/2025", "year": 2025, "time_precision": 1, "disorder_type": "Political violence", "event_type": "Explosions/Remote violence", "sub_event_type": "Air/drone strike", "actor1": "Military Forces of Israel (2022-)", "assoc_actor_1": null, "inter1": 8, "actor2": "Civilians (Palestine)", "assoc_actor_2": null, "inter2": 7, "interaction": 78, "civilian_targeting": "Civilian targeting", "iso": 275, "region": "Middle East", "country": "Palestine", "admin1": "Gaza Strip", "admin2": "Gaza City", "admin3": null, "location": "Gaza - Southern Remal", "latitude": 31.5168, "longitude": 34.4355, "geo_precision": 2, "source": "Palestine News and Information Agency", "source_scale": "National", "notes": "On 8 January 2025, Israeli drones struck the vicinity of Al Wehdeh Tower west of Gaza City coded to Gaza - Southern Remal (Gaza City, Gaza Strip), resulting in two dead and others injured.", "fatalities": 2, "tags": null, "timestamp": 1759790002 }, "geometry": { "type": "Point", "coordinates": [ 34.4355, 31.5168 ] } },
{ "type": "Feature", "properties": { "event_id_cnty": "PSE65243", "event_date": "1/8/2025", "year": 2025, "time_precision": 1, "disorder_type": "Political violence", "event_type": "Explosions/Remote violence", "sub_event_type": "Air/drone strike", "actor1": "Military Forces of Israel (2022-)", "assoc_actor_1": null, "inter1": 8, "actor2": "Civilians (Palestine)", "assoc_actor_2": null, "inter2": 7, "interaction": 78, "civilian_targeting": "Civilian targeting", "iso": 275, "region": "Middle East", "country": "Palestine", "admin1": "Gaza Strip", "admin2": "Khan Yunis", "admin3": null, "location": "Khan Yunis - Maen", "latitude": 31.336, "longitude": 34.3172, "geo_precision": 2, "source": "Quds News Network", "source_scale": "National", "notes": "On 8 January 2025, Israeli warplanes struck a vehicle in Al Manara neighborhood southeast of Khan Yunis coded to Khan Yunis - Maen (Khan Yunis, Gaza Strip), resulting in three dead.", "fatalities": 3, "tags": null, "timestamp": 1753956656 }, "geometry": { "type": "Point", "coordinates": [ 34.3172, 31.336 ] } },
{ "type": "Feature", "properties": { "event_id_cnty": "PSE65244", "event_date": "1/8/2025", "year": 2025, "time_precision": 1, "disorder_type": "Political violence", "event_type": "Explosions/Remote violence", "sub_event_type": "Air/drone strike", "actor1": "Military Forces of Israel (2022-)", "assoc_actor_1": null, "inter1": 8, "actor2": "Civilians (Palestine)", "assoc_actor_2": null, "inter2": 7, "interaction": 78, "civilian_targeting": "Civilian targeting", "iso": 275, "region": "Middle East", "country": "Palestine", "admin1": "Gaza Strip", "admin2": "Khan Yunis", "admin3": null, "location": "Khan Yunis - West (Municipal Stadium)", "latitude": 31.3484, "longitude": 34.2961, "geo_precision": 2, "source": "Palestine News and Information Agency", "source_scale": "National", "notes": "On 8 January 2025, Israeli warplanes struck a residential home in the vicinity of Al Qoubah Mosque west of Khan Yunis coded to Khan Yunis - West (Municipal Stadium) in (Khan Yunis, Gaza Strip), resulting in four injuries.", "fatalities": 0, "tags": null, "timestamp": 1753956656 }, "geometry": { "type": "Point", "coordinates": [ 34.2961, 31.3484 ] } },
{ "type": "Feature", "properties": { "event_id_cnty": "PSE65236", "event_date": "1/8/2025", "year": 2025, "time_precision": 1, "disorder_type": "Political violence", "event_type": "Explosions/Remote violence", "sub_event_type": "Air/drone strike", "actor1": "Military Forces of Israel (2022-)", "assoc_actor_1": null, "inter1": 8, "actor2": "Civilians (Palestine)", "assoc_actor_2": null, "inter2": 7, "interaction": 78, "civilian_targeting": "Civilian targeting", "iso": 275, "region": "Middle East", "country": "Palestine", "admin1": "Gaza Strip", "admin2": "Gaza City", "admin3": null, "location": "Gaza - Az Zaytun", "latitude": 31.4964, "longitude": 34.4522, "geo_precision": 1, "source": "Ma'an News Agency; Palestine News and Information Agency; Quds News Network", "source_scale": "National", "notes": "On 8 January 2025, Israeli warplanes struck a residential home in Gaza - Az Zaytun (Gaza City, Gaza Strip), resulting in seven dead and multiple injuries. Also, Israeli warplanes struck a residential apartment close to Salah Al Deen Mosque in the same location, resulting in injuries.", "fatalities": 7, "tags": null, "timestamp": 1759790002 }, "geometry": { "type": "Point", "coordinates": [ 34.4522, 31.4964 ] } },
{ "type": "Feature", "properties": { "event_id_cnty": "PSE65241", "event_date": "1/8/2025", "year": 2025, "time_precision": 1, "disorder_type": "Political violence", "event_type": "Explosions/Remote violence", "sub_event_type": "Shelling/artillery/missile attack", "actor1": "Military Forces of Israel (2022-)", "assoc_actor_1": null, "inter1": 8, "actor2": "Civilians (Palestine)", "assoc_actor_2": null, "inter2": 7, "interaction": 78, "civilian_targeting": "Civilian targeting", "iso": 275, "region": "Middle East", "country": "Palestine", "admin1": "Gaza Strip", "admin2": "Gaza City", "admin3": null, "location": "Gaza - Tal el Hawa", "latitude": 31.5041, "longitude": 34.435, "geo_precision": 1, "source": "Palestine News and Information Agency; Palestinian Ministry of Health", "source_scale": "Other-National", "notes": "On 8 January 2025, Israeli artillery shelled a residential home in Gaza - Tal el Hawa (Gaza City, Gaza Strip), resulting in deaths and injuries. [Palestinian Ministry of Health reported 46,006 fatalities between 7 October - 8 January 2025. 10 fatalities not attributed to specific events added to 1 event on 8 January 2025. 10 fatalities coded to this event.]", "fatalities": 10, "tags": null, "timestamp": 1759790002 }, "geometry": { "type": "Point", "coordinates": [ 34.435, 31.5041 ] } },
{ "type": "Feature", "properties": { "event_id_cnty": "PSE64998", "event_date": "1/8/2025", "year": 2025, "time_precision": 1, "disorder_type": "Political violence", "event_type": "Explosions/Remote violence", "sub_event_type": "Air/drone strike", "actor1": "Military Forces of Israel (2022-)", "assoc_actor_1": null, "inter1": 8, "actor2": "Civilians (Palestine)", "assoc_actor_2": null, "inter2": 7, "interaction": 78, "civilian_targeting": "Civilian targeting", "iso": 275, "region": "Middle East", "country": "Palestine", "admin1": "Gaza Strip", "admin2": "Rafah", "admin3": null, "location": "Al Junainah", "latitude": 31.2642, "longitude": 34.2636, "geo_precision": 1, "source": "Liveuamap; Quds News Network", "source_scale": "Local partner-New media", "notes": "On 8 January 2025, Israeli warplanes struck a residential home in Al Junainah (Rafah, Gaza Strip), one body was pulled from under the rubble [likely in this location].", "fatalities": 1, "tags": null, "timestamp": 1753956656 }, "geometry": { "type": "Point", "coordinates": [ 34.2636, 31.2642 ] } },
{ "type": "Feature", "properties": { "event_id_cnty": "PSE65288", "event_date": "1/9/2025", "year": 2025, "time_precision": 1, "disorder_type": "Political violence", "event_type": "Explosions/Remote violence", "sub_event_type": "Air/drone strike", "actor1": "Military Forces of Israel (2022-)", "assoc_actor_1": null, "inter1": 8, "actor2": "Civilians (Palestine)", "assoc_actor_2": "Refugees/IDPs (Palestine)", "inter2": 7, "interaction": 78, "civilian_targeting": "Civilian targeting", "iso": 275, "region": "Middle East", "country": "Palestine", "admin1": "Gaza Strip", "admin2": "Deir El Balah", "admin3": null, "location": "Al Maghazi", "latitude": 31.4214, "longitude": 34.3865, "geo_precision": 1, "source": "Palestine News and Information Agency", "source_scale": "National", "notes": "On 9 January 2025, Israeli warplanes struck Al Maghazi Camp (Deir El Balah, Gaza Strip), resulting in two injuries [one in a critical condition].", "fatalities": 0, "tags": null, "timestamp": 1753956656 }, "geometry": { "type": "Point", "coordinates": [ 34.3865, 31.4214 ] } },
{ "type": "Feature", "properties": { "event_id_cnty": "PSE65289", "event_date": "1/9/2025", "year": 2025, "time_precision": 1, "disorder_type": "Political violence", "event_type": "Explosions/Remote violence", "sub_event_type": "Air/drone strike", "actor1": "Military Forces of Israel (2022-)", "assoc_actor_1": null, "inter1": 8, "actor2": "Civilians (Palestine)", "assoc_actor_2": null, "inter2": 7, "interaction": 78, "civilian_targeting": "Civilian targeting", "iso": 275, "region": "Middle East", "country": "Palestine", "admin1": "Gaza Strip", "admin2": "Deir El Balah", "admin3": null, "location": "Al Maghazi", "latitude": 31.4214, "longitude": 34.3865, "geo_precision": 2, "source": "Quds News Network", "source_scale": "National", "notes": "On 9 January 2025, an Israeli drone [Quadcopter] fired a bomb east of Al Maghazi (Deir El Balah, Gaza Strip), resulting in two injuries [among them one child].", "fatalities": 0, "tags": null, "timestamp": 1753956656 }, "geometry": { "type": "Point", "coordinates": [ 34.3865, 31.4214 ] } },
{ "type": "Feature", "properties": { "event_id_cnty": "PSE65290", "event_date": "1/9/2025", "year": 2025, "time_precision": 1, "disorder_type": "Political violence", "event_type": "Explosions/Remote violence", "sub_event_type": "Air/drone strike", "actor1": "Military Forces of Israel (2022-)", "assoc_actor_1": null, "inter1": 8, "actor2": "Civilians (Palestine)", "assoc_actor_2": "Refugees/IDPs (Palestine)", "inter2": 7, "interaction": 78, "civilian_targeting": "Civilian targeting", "iso": 275, "region": "Middle East", "country": "Palestine", "admin1": "Gaza Strip", "admin2": "Deir El Balah", "admin3": null, "location": "An Nusayrat", "latitude": 31.4486, "longitude": 34.3925, "geo_precision": 1, "source": "Newpress; Quds News Network", "source_scale": "National", "notes": "On 9 January 2025, Israeli drones struck a tent inside Al Razi School, where IDPs were sheltering, in camp 2 in An Nusayrat (Deir El Balah, Gaza Strip) [Casualties unknown]. Also, Israeli warplanes struck a home close to Al Wakaleh clinic in the same location, resulting in four dead [among them children] and others injured. Additionally, Israeli warplanes struck a home in the same location, resulting in one dead [child]. Total fatalities coded as at least 5.", "fatalities": 5, "tags": null, "timestamp": 1753956656 }, "geometry": { "type": "Point", "coordinates": [ 34.3925, 31.4486 ] } },
{ "type": "Feature", "properties": { "event_id_cnty": "PSE65295", "event_date": "1/9/2025", "year": 2025, "time_precision": 1, "disorder_type": "Political violence", "event_type": "Explosions/Remote violence", "sub_event_type": "Air/drone strike", "actor1": "Military Forces of Israel (2022-)", "assoc_actor_1": null, "inter1": 8, "actor2": "Civilians (Palestine)", "assoc_actor_2": null, "inter2": 7, "interaction": 78, "civilian_targeting": "Civilian targeting", "iso": 275, "region": "Middle East", "country": "Palestine", "admin1": "Gaza Strip", "admin2": "Gaza City", "admin3": null, "location": "Gaza - Ash Shati' Camp", "latitude": 31.5349, "longitude": 34.4466, "geo_precision": 1, "source": "Quds News Network", "source_scale": "National", "notes": "On 9 January 2025, Israeli warplanes struck a residential home west to Al Qawqa roundabout close to the medical centre in Gaza - Ash Shati' Camp (Gaza City, Gaza Strip), resulting in three dead and others injured.", "fatalities": 3, "tags": null, "timestamp": 1759790002 }, "geometry": { "type": "Point", "coordinates": [ 34.4466, 31.5349 ] } },
{ "type": "Feature", "properties": { "event_id_cnty": "PSE65297", "event_date": "1/9/2025", "year": 2025, "time_precision": 1, "disorder_type": "Political violence", "event_type": "Explosions/Remote violence", "sub_event_type": "Air/drone strike", "actor1": "Military Forces of Israel (2022-)", "assoc_actor_1": null, "inter1": 8, "actor2": "Civilians (Palestine)", "assoc_actor_2": null, "inter2": 7, "interaction": 78, "civilian_targeting": "Civilian targeting", "iso": 275, "region": "Middle East", "country": "Palestine", "admin1": "Gaza Strip", "admin2": "Gaza City", "admin3": null, "location": "Gaza - Nasr", "latitude": 31.534, "longitude": 34.4574, "geo_precision": 1, "source": "Quds News Network", "source_scale": "National", "notes": "On 9 January 2025, Israeli warplanes struck a group of people in Gaza - Nasr (Gaza City, Gaza Strip), resulting in one dead and a number of injuries.", "fatalities": 1, "tags": null, "timestamp": 1753956656 }, "geometry": { "type": "Point", "coordinates": [ 34.4574, 31.534 ] } },
{ "type": "Feature", "properties": { "event_id_cnty": "PSE65299", "event_date": "1/9/2025", "year": 2025, "time_precision": 1, "disorder_type": "Political violence", "event_type": "Explosions/Remote violence", "sub_event_type": "Air/drone strike", "actor1": "Military Forces of Israel (2022-)", "assoc_actor_1": null, "inter1": 8, "actor2": "Civilians (Palestine)", "assoc_actor_2": null, "inter2": 7, "interaction": 78, "civilian_targeting": "Civilian targeting", "iso": 275, "region": "Middle East", "country": "Palestine", "admin1": "Gaza Strip", "admin2": "Gaza City", "admin3": null, "location": "Gaza - Sheikh Radwan", "latitude": 31.5349, "longitude": 34.4667, "geo_precision": 1, "source": "Quds News Network", "source_scale": "National", "notes": "On 9 January 2025, an Israeli drone [Quadcopter] fired at the vicinity of Al Berkeh in Gaza - Sheikh Radwan (Gaza City, Gaza Strip), resulting in one injury.", "fatalities": 0, "tags": null, "timestamp": 1759790002 }, "geometry": { "type": "Point", "coordinates": [ 34.4667, 31.5349 ] } },
{ "type": "Feature", "properties": { "event_id_cnty": "PSE65302", "event_date": "1/9/2025", "year": 2025, "time_precision": 1, "disorder_type": "Political violence", "event_type": "Explosions/Remote violence", "sub_event_type": "Air/drone strike", "actor1": "Military Forces of Israel (2022-)", "assoc_actor_1": null, "inter1": 8, "actor2": "Civilians (Palestine)", "assoc_actor_2": null, "inter2": 7, "interaction": 78, "civilian_targeting": "Civilian targeting", "iso": 275, "region": "Middle East", "country": "Palestine", "admin1": "Gaza Strip", "admin2": "Gaza City", "admin3": null, "location": "Gaza - Southern Remal", "latitude": 31.5168, "longitude": 34.4355, "geo_precision": 2, "source": "Palestine News and Information Agency; Quds News Network", "source_scale": "National", "notes": "On 9 January 2025, an Israeli drone struck a group of people close to Falasteen Field west of Gaza City coded to Gaza - Southern Remal (Gaza City, Gaza Strip), resulting in two dead and others injured. Also, Israeli warplanes struck a gathering of people close to Abu Halimeh Station in Al Shifaa Street west of Gaza coded to the same location, resulting in one dead and a number of injuries. Total fatalities coded as 3.", "fatalities": 3, "tags": null, "timestamp": 1759790002 }, "geometry": { "type": "Point", "coordinates": [ 34.4355, 31.5168 ] } },
{ "type": "Feature", "properties": { "event_id_cnty": "PSE67133", "event_date": "1/9/2025", "year": 2025, "time_precision": 1, "disorder_type": "Political violence", "event_type": "Violence against civilians", "sub_event_type": "Attack", "actor1": "Hamas Movement", "assoc_actor_1": null, "inter1": 3, "actor2": "Civilians (Palestine)", "assoc_actor_2": "Refugees/IDPs (Palestine)", "inter2": 7, "interaction": 37, "civilian_targeting": "Civilian targeting", "iso": 275, "region": "Middle East", "country": "Palestine", "admin1": "Gaza Strip", "admin2": "Khan Yunis", "admin3": null, "location": "Al Mawasi (Khan Yunis)", "latitude": 31.3482, "longitude": 34.2547, "geo_precision": 1, "source": "The Independent Commission For Human Rights", "source_scale": "National", "notes": "On 9 January 2025, masked individuals dressed in black civilian clothing and armed with rifles (likely Hamas) raided the tent of a displaced Palestinian in (Al Mawasi (Khan Yunis) (Gaza Strip)). They assaulted him with batons before shooting him multiple times. He was injured and taken to a hospital.", "fatalities": 0, "tags": null, "timestamp": 1762829569 }, "geometry": { "type": "Point", "coordinates": [ 34.2547, 31.3482 ] } },
{ "type": "Feature", "properties": { "event_id_cnty": "PSE65308", "event_date": "1/9/2025", "year": 2025, "time_precision": 1, "disorder_type": "Political violence", "event_type": "Explosions/Remote violence", "sub_event_type": "Air/drone strike", "actor1": "Military Forces of Israel (2022-)", "assoc_actor_1": null, "inter1": 8, "actor2": "Civilians (Palestine)", "assoc_actor_2": "Refugees/IDPs (Palestine)", "inter2": 7, "interaction": 78, "civilian_targeting": "Civilian targeting", "iso": 275, "region": "Middle East", "country": "Palestine", "admin1": "Gaza Strip", "admin2": "North Gaza", "admin3": null, "location": "Jabalya", "latitude": 31.5272, "longitude": 34.4835, "geo_precision": 1, "source": "Palestine News and Information Agency; Quds News Network", "source_scale": "National", "notes": "On 9 January 2025, Israeli warplanes struck Al Rafeei School, where IDPs were sheltering, in Jabalya el Balad (North Gaza, Gaza Strip), resulting in four dead [including one woman and one child] and 25 other injuries. Also, Israeli warplanes struck the vicinity of Al Halimeh Saadyeh School as well as Al Masoud street in the same location [casualties unknown]. Israeli artillery also shelled the 'Arbkan' School, where IDPs were sheltering, in the same location, resulting in injuries. Total fatalities coded at least 4.", "fatalities": 4, "tags": null, "timestamp": 1759790002 }, "geometry": { "type": "Point", "coordinates": [ 34.4835, 31.5272 ] } },
{ "type": "Feature", "properties": { "event_id_cnty": "PSE65294", "event_date": "1/9/2025", "year": 2025, "time_precision": 1, "disorder_type": "Political violence", "event_type": "Explosions/Remote violence", "sub_event_type": "Air/drone strike", "actor1": "Military Forces of Israel (2022-)", "assoc_actor_1": null, "inter1": 8, "actor2": "Civilians (Palestine)", "assoc_actor_2": null, "inter2": 7, "interaction": 78, "civilian_targeting": "Civilian targeting", "iso": 275, "region": "Middle East", "country": "Palestine", "admin1": "Gaza Strip", "admin2": "Gaza City", "admin3": null, "location": "Gaza", "latitude": 31.5045, "longitude": 34.4743, "geo_precision": 1, "source": "Palestine News and Information Agency", "source_scale": "National", "notes": "On 9 January 2025, Israeli warplanes struck close to Al Barbari Station in Al Jalaa and Al Sahaba intersection in Gaza City (Gaza City, Gaza Strip). Casualties unknown.", "fatalities": 0, "tags": null, "timestamp": 1759790002 }, "geometry": { "type": "Point", "coordinates": [ 34.4743, 31.5045 ] } },
{ "type": "Feature", "properties": { "event_id_cnty": "PSE65300", "event_date": "1/9/2025", "year": 2025, "time_precision": 1, "disorder_type": "Political violence", "event_type": "Explosions/Remote violence", "sub_event_type": "Air/drone strike", "actor1": "Military Forces of Israel (2022-)", "assoc_actor_1": null, "inter1": 8, "actor2": "Civilians (Palestine)", "assoc_actor_2": null, "inter2": 7, "interaction": 78, "civilian_targeting": "Civilian targeting", "iso": 275, "region": "Middle East", "country": "Palestine", "admin1": "Gaza Strip", "admin2": "Gaza City", "admin3": null, "location": "Gaza - Sheikh Radwan", "latitude": 31.5349, "longitude": 34.4667, "geo_precision": 2, "source": "Liveuamap", "source_scale": "Local partner-New media", "notes": "On 9 January 2025, Israeli warplanes launched raids at residential home in Al Saftawi area, north of Gaza City coded to Gaza - Sheikh Radwan (Gaza City, Gaza Strip). Casualties unknown.", "fatalities": 0, "tags": null, "timestamp": 1759790002 }, "geometry": { "type": "Point", "coordinates": [ 34.4667, 31.5349 ] } },
{ "type": "Feature", "properties": { "event_id_cnty": "PSE65000", "event_date": "1/9/2025", "year": 2025, "time_precision": 1, "disorder_type": "Political violence", "event_type": "Explosions/Remote violence", "sub_event_type": "Air/drone strike", "actor1": "Military Forces of Israel (2022-)", "assoc_actor_1": null, "inter1": 8, "actor2": "Civilians (Palestine)", "assoc_actor_2": null, "inter2": 7, "interaction": 78, "civilian_targeting": "Civilian targeting", "iso": 275, "region": "Middle East", "country": "Palestine", "admin1": "Gaza Strip", "admin2": "Khan Yunis", "admin3": null, "location": "Qizan an Najjar", "latitude": 31.323, "longitude": 34.2761, "geo_precision": 1, "source": "Quds News Network", "source_scale": "National", "notes": "On 9 January 2025, Israeli warplanes struck Qizan an Najjar (Khan Yunis, Gaza Strip), resulting in injuries.", "fatalities": 0, "tags": null, "timestamp": 1753956656 }, "geometry": { "type": "Point", "coordinates": [ 34.2761, 31.323 ] } },
{ "type": "Feature", "properties": { "event_id_cnty": "PSE65332", "event_date": "1/10/2025", "year": 2025, "time_precision": 1, "disorder_type": "Political violence", "event_type": "Explosions/Remote violence", "sub_event_type": "Air/drone strike", "actor1": "Military Forces of Israel (2022-)", "assoc_actor_1": null, "inter1": 8, "actor2": "Civilians (Palestine)", "assoc_actor_2": "Refugees/IDPs (Palestine)", "inter2": 7, "interaction": 78, "civilian_targeting": "Civilian targeting", "iso": 275, "region": "Middle East", "country": "Palestine", "admin1": "Gaza Strip", "admin2": "Deir El Balah", "admin3": null, "location": "Al Burayj", "latitude": 31.4394, "longitude": 34.4031, "geo_precision": 1, "source": "Ma'an News Agency; Quds News Network", "source_scale": "National", "notes": "On 10 January 2025, Israeli warplanes struck a gathering of people in the vicinity of Al Nour Mosque in Al Burayj Camp (Deir El Balah, Gaza Strip), resulting in seven dead and others injured.", "fatalities": 7, "tags": null, "timestamp": 1753956656 }, "geometry": { "type": "Point", "coordinates": [ 34.4031, 31.4394 ] } },
{ "type": "Feature", "properties": { "event_id_cnty": "PSE65333", "event_date": "1/10/2025", "year": 2025, "time_precision": 1, "disorder_type": "Political violence", "event_type": "Violence against civilians", "sub_event_type": "Attack", "actor1": "Military Forces of Israel (2022-)", "assoc_actor_1": null, "inter1": 8, "actor2": "Civilians (Palestine)", "assoc_actor_2": "Journalists (Palestine)", "inter2": 7, "interaction": 78, "civilian_targeting": "Civilian targeting", "iso": 275, "region": "Middle East", "country": "Palestine", "admin1": "Gaza Strip", "admin2": "Deir El Balah", "admin3": null, "location": "An Nusayrat - North", "latitude": 31.4591, "longitude": 34.3923, "geo_precision": 1, "source": "Palestine News and Information Agency", "source_scale": "National", "notes": "On 10 January 2025, an Israeli soldier sniped a journalist photographer, while Israeli forces besieged a number of journalists, in the new camp in An Nusayrat - North (Deir El Balah, Gaza Strip), killing a photojournalist.", "fatalities": 1, "tags": null, "timestamp": 1753956656 }, "geometry": { "type": "Point", "coordinates": [ 34.3923, 31.4591 ] } },
{ "type": "Feature", "properties": { "event_id_cnty": "PSE65335", "event_date": "1/10/2025", "year": 2025, "time_precision": 1, "disorder_type": "Political violence", "event_type": "Explosions/Remote violence", "sub_event_type": "Shelling/artillery/missile attack", "actor1": "Military Forces of Israel (2022-)", "assoc_actor_1": null, "inter1": 8, "actor2": "Civilians (Palestine)", "assoc_actor_2": null, "inter2": 7, "interaction": 78, "civilian_targeting": "Civilian targeting", "iso": 275, "region": "Middle East", "country": "Palestine", "admin1": "Gaza Strip", "admin2": "Deir El Balah", "admin3": null, "location": "An Nusayrat - West", "latitude": 31.4525, "longitude": 34.3756, "geo_precision": 1, "source": "Quds News Network", "source_scale": "National", "notes": "On 10 January 2025, Israeli artillery shelled An Nusayrat - West (Deir El Balah, Gaza Strip), resulting in one dead and a number of injuries.", "fatalities": 1, "tags": null, "timestamp": 1753956656 }, "geometry": { "type": "Point", "coordinates": [ 34.3756, 31.4525 ] } },
{ "type": "Feature", "properties": { "event_id_cnty": "PSE65339", "event_date": "1/10/2025", "year": 2025, "time_precision": 1, "disorder_type": "Political violence", "event_type": "Explosions/Remote violence", "sub_event_type": "Air/drone strike", "actor1": "Military Forces of Israel (2022-)", "assoc_actor_1": null, "inter1": 8, "actor2": "Civilians (Palestine)", "assoc_actor_2": null, "inter2": 7, "interaction": 78, "civilian_targeting": "Civilian targeting", "iso": 275, "region": "Middle East", "country": "Palestine", "admin1": "Gaza Strip", "admin2": "Gaza City", "admin3": null, "location": "Gaza - Shujaiyya", "latitude": 31.4988, "longitude": 34.4699, "geo_precision": 1, "source": "Palestine News and Information Agency; Quds News Network", "source_scale": "National", "notes": "On 10 January 2025, Israeli warplanes struck Gaza - Shujaiyya neighborhood (Gaza City, Gaza Strip), resulting in two dead. Also, Israeli warplanes struck a residential home in the same location, resulting in four dead and others injured. Additionally, Israeli warplanes struck a home in Al Nizaz street in the same location, resulting in injuries. Total fatalities coded as 6.", "fatalities": 6, "tags": null, "timestamp": 1759790002 }, "geometry": { "type": "Point", "coordinates": [ 34.4699, 31.4988 ] } },
{ "type": "Feature", "properties": { "event_id_cnty": "PSE65340", "event_date": "1/10/2025", "year": 2025, "time_precision": 1, "disorder_type": "Political violence", "event_type": "Explosions/Remote violence", "sub_event_type": "Air/drone strike", "actor1": "Military Forces of Israel (2022-)", "assoc_actor_1": null, "inter1": 8, "actor2": "Civilians (Palestine)", "assoc_actor_2": null, "inter2": 7, "interaction": 78, "civilian_targeting": "Civilian targeting", "iso": 275, "region": "Middle East", "country": "Palestine", "admin1": "Gaza Strip", "admin2": "Gaza City", "admin3": null, "location": "Gaza - Southern Remal", "latitude": 31.5168, "longitude": 34.4355, "geo_precision": 2, "source": "Newpress; Palestine News and Information Agency", "source_scale": "National", "notes": "On 10 January 2025, Israeli warplanes struck a residential home close to Al Kanz Mosque in Al Remal Neighborhood west of Gaza City coded to Gaza - Southern Remal (Gaza City, Gaza Strip), resulting in three dead [among them one woman and a child] and others injured.", "fatalities": 3, "tags": null, "timestamp": 1759790002 }, "geometry": { "type": "Point", "coordinates": [ 34.4355, 31.5168 ] } },
{ "type": "Feature", "properties": { "event_id_cnty": "PSE65341", "event_date": "1/10/2025", "year": 2025, "time_precision": 1, "disorder_type": "Political violence", "event_type": "Explosions/Remote violence", "sub_event_type": "Air/drone strike", "actor1": "Military Forces of Israel (2022-)", "assoc_actor_1": null, "inter1": 8, "actor2": "Civilians (Palestine)", "assoc_actor_2": null, "inter2": 7, "interaction": 78, "civilian_targeting": "Civilian targeting", "iso": 275, "region": "Middle East", "country": "Palestine", "admin1": "Gaza Strip", "admin2": "Khan Yunis", "admin3": null, "location": "Al Mawasi (Khan Yunis)", "latitude": 31.3482, "longitude": 34.2547, "geo_precision": 1, "source": "Palestine News and Information Agency", "source_scale": "National", "notes": "On 10 January 2025, Israeli warplanes struck Al Mawasi (Khan Yunis) (Khan Yunis, Gaza Strip), resulting in one dead [died due to his injuries].", "fatalities": 1, "tags": null, "timestamp": 1762829569 }, "geometry": { "type": "Point", "coordinates": [ 34.2547, 31.3482 ] } },
{ "type": "Feature", "properties": { "event_id_cnty": "PSE65363", "event_date": "1/10/2025", "year": 2025, "time_precision": 1, "disorder_type": "Political violence", "event_type": "Explosions/Remote violence", "sub_event_type": "Air/drone strike", "actor1": "Military Forces of Israel (2022-)", "assoc_actor_1": null, "inter1": 8, "actor2": "Civilians (Palestine)", "assoc_actor_2": null, "inter2": 7, "interaction": 78, "civilian_targeting": "Civilian targeting", "iso": 275, "region": "Middle East", "country": "Palestine", "admin1": "Gaza Strip", "admin2": "Khan Yunis", "admin3": null, "location": "Khan Yunis", "latitude": 31.3502, "longitude": 34.3081, "geo_precision": 1, "source": "Palestine News and Information Agency", "source_scale": "National", "notes": "On 10 January 2025, an Israeli drone struck a gathering of people in Khan Yunis (Khan Yunis, Gaza Strip), resulting in one dead and three injured.", "fatalities": 1, "tags": null, "timestamp": 1753956656 }, "geometry": { "type": "Point", "coordinates": [ 34.3081, 31.3502 ] } },
{ "type": "Feature", "properties": { "event_id_cnty": "PSE65364", "event_date": "1/10/2025", "year": 2025, "time_precision": 1, "disorder_type": "Political violence", "event_type": "Explosions/Remote violence", "sub_event_type": "Air/drone strike", "actor1": "Military Forces of Israel (2022-)", "assoc_actor_1": null, "inter1": 8, "actor2": "Civilians (Palestine)", "assoc_actor_2": "Refugees/IDPs (Palestine)", "inter2": 7, "interaction": 78, "civilian_targeting": "Civilian targeting", "iso": 275, "region": "Middle East", "country": "Palestine", "admin1": "Gaza Strip", "admin2": "Khan Yunis", "admin3": null, "location": "Khan Yunis - West (Municipal Stadium)", "latitude": 31.3484, "longitude": 34.2961, "geo_precision": 2, "source": "Palestine News and Information Agency; Quds News Network", "source_scale": "National", "notes": "On 10 January 2025, Israeli warplanes struck the vicinity of Al Shafaei Mosque close to Al Taybeh Tower west of Khan Yunis coded to Khan Yunis - West (Municipal Stadium) in (Khan Yunis, Gaza Strip), resulting in one dead [pulled from under the rubble] and two injured. Israeli warplanes also struck a residential apartment close to Al Amal Hospital in the same location, resulting in one dead [woman]. Additionally, Israeli warplanes struck a tent, where IDPs were sheltering, resulting in injuries. Total fatalities coded as 2.", "fatalities": 2, "tags": null, "timestamp": 1753956656 }, "geometry": { "type": "Point", "coordinates": [ 34.2961, 31.3484 ] } },
{ "type": "Feature", "properties": { "event_id_cnty": "PSE65023", "event_date": "1/10/2025", "year": 2025, "time_precision": 1, "disorder_type": "Political violence", "event_type": "Explosions/Remote violence", "sub_event_type": "Air/drone strike", "actor1": "Military Forces of Israel (2022-)", "assoc_actor_1": null, "inter1": 8, "actor2": "Civilians (Palestine)", "assoc_actor_2": null, "inter2": 7, "interaction": 78, "civilian_targeting": "Civilian targeting", "iso": 275, "region": "Middle East", "country": "Palestine", "admin1": "Gaza Strip", "admin2": "Gaza City", "admin3": null, "location": "Gaza - Az Zaytun", "latitude": 31.4964, "longitude": 34.4522, "geo_precision": 1, "source": "Quds News Network", "source_scale": "National", "notes": "On 10 January 2025, Israeli warplanes launched a raid in the vicinity of Al Shamaa Mosque in Gaza - Az Zaytun (Gaza City, Gaza Strip), resulting in one dead [pulled from under the rubble] and three injured. Also, artillery fired in the vicinity of Al Dawleh intersection, resulting in one dead [child]. Total fatalities coded as 2.", "fatalities": 2, "tags": null, "timestamp": 1759790002 }, "geometry": { "type": "Point", "coordinates": [ 34.4522, 31.4964 ] } },
{ "type": "Feature", "properties": { "event_id_cnty": "PSE65334", "event_date": "1/10/2025", "year": 2025, "time_precision": 1, "disorder_type": "Political violence", "event_type": "Explosions/Remote violence", "sub_event_type": "Air/drone strike", "actor1": "Military Forces of Israel (2022-)", "assoc_actor_1": null, "inter1": 8, "actor2": "Civilians (Palestine)", "assoc_actor_2": "Refugees/IDPs (Palestine)", "inter2": 7, "interaction": 78, "civilian_targeting": "Civilian targeting", "iso": 275, "region": "Middle East", "country": "Palestine", "admin1": "Gaza Strip", "admin2": "Deir El Balah", "admin3": null, "location": "An Nusayrat - North", "latitude": 31.4591, "longitude": 34.3923, "geo_precision": 1, "source": "Quds News Network", "source_scale": "National", "notes": "On 10 January 2025, Israeli warplanes launched a raid in An Nusayrat - North (Deir El Balah, Gaza Strip) [Casualties unknown]. Israeli artillery also shelled the vicinity of Al Orouba School and shelled Al Tabeein Mosque twice in the new camp coded to the same location. Casualties unknown. Israeli artillery shelled a residential home behind a school in the new camp, resulting in injuries. Additionally, Israeli warplanes launched a raid on a vehicle in the same area. Casualties unknown.", "fatalities": 0, "tags": null, "timestamp": 1753956656 }, "geometry": { "type": "Point", "coordinates": [ 34.3923, 31.4591 ] } },
{ "type": "Feature", "properties": { "event_id_cnty": "PSE65337", "event_date": "1/10/2025", "year": 2025, "time_precision": 1, "disorder_type": "Political violence", "event_type": "Explosions/Remote violence", "sub_event_type": "Air/drone strike", "actor1": "Military Forces of Israel (2022-)", "assoc_actor_1": null, "inter1": 8, "actor2": "Civilians (Palestine)", "assoc_actor_2": null, "inter2": 7, "interaction": 78, "civilian_targeting": "Civilian targeting", "iso": 275, "region": "Middle East", "country": "Palestine", "admin1": "Gaza Strip", "admin2": "Gaza City", "admin3": null, "location": "Gaza - Az Zaytun", "latitude": 31.4964, "longitude": 34.4522, "geo_precision": 2, "source": "Quds News Network", "source_scale": "National", "notes": "On 10 January 2025, Israeli warplanes struck a residential home in Al Sikeh area east of Gaza - Az Zaytun (Gaza City, Gaza Strip). Casualties unknown.", "fatalities": 0, "tags": null, "timestamp": 1759790002 }, "geometry": { "type": "Point", "coordinates": [ 34.4522, 31.4964 ] } },
{ "type": "Feature", "properties": { "event_id_cnty": "PSE65373", "event_date": "1/10/2025", "year": 2025, "time_precision": 1, "disorder_type": "Political violence", "event_type": "Explosions/Remote violence", "sub_event_type": "Shelling/artillery/missile attack", "actor1": "Military Forces of Israel (2022-)", "assoc_actor_1": null, "inter1": 8, "actor2": "Civilians (Palestine)", "assoc_actor_2": "Health Workers (Palestine)", "inter2": 7, "interaction": 78, "civilian_targeting": "Civilian targeting", "iso": 275, "region": "Middle East", "country": "Palestine", "admin1": "Gaza Strip", "admin2": "North Gaza", "admin3": null, "location": "Jabalya - Tel-Zaatar", "latitude": 31.5367, "longitude": 34.5035, "geo_precision": 1, "source": "Quds News Network", "source_scale": "National", "notes": "On 10 January 2025, Israeli artillery fired toward Al Odeh Hospital in Jabalya - Tel-Zaatar (North Gaza, Gaza Strip). Casualties unknown.", "fatalities": 0, "tags": null, "timestamp": 1759790002 }, "geometry": { "type": "Point", "coordinates": [ 34.5035, 31.5367 ] } },
{ "type": "Feature", "properties": { "event_id_cnty": "PSE66626", "event_date": "1/11/2025", "year": 2025, "time_precision": 1, "disorder_type": "Political violence", "event_type": "Explosions/Remote violence", "sub_event_type": "Air/drone strike", "actor1": "Military Forces of Israel (2022-)", "assoc_actor_1": null, "inter1": 8, "actor2": "Civilians (Palestine)", "assoc_actor_2": null, "inter2": 7, "interaction": 78, "civilian_targeting": "Civilian targeting", "iso": 275, "region": "Middle East", "country": "Palestine", "admin1": "Gaza Strip", "admin2": "Deir El Balah", "admin3": null, "location": "Al Burayj", "latitude": 31.4394, "longitude": 34.4031, "geo_precision": 2, "source": "Palestine News and Information Agency", "source_scale": "National", "notes": "On 11 January 2025, an Israeli drone targeted Shuhadaa' roundabout in north of Al Burayj camp (Deir El Balah, Gaza Strip) injuring one man.", "fatalities": 0, "tags": null, "timestamp": 1753956656 }, "geometry": { "type": "Point", "coordinates": [ 34.4031, 31.4394 ] } },
{ "type": "Feature", "properties": { "event_id_cnty": "PSE66635", "event_date": "1/11/2025", "year": 2025, "time_precision": 1, "disorder_type": "Political violence", "event_type": "Explosions/Remote violence", "sub_event_type": "Air/drone strike", "actor1": "Military Forces of Israel (2022-)", "assoc_actor_1": null, "inter1": 8, "actor2": "Civilians (Palestine)", "assoc_actor_2": null, "inter2": 7, "interaction": 78, "civilian_targeting": "Civilian targeting", "iso": 275, "region": "Middle East", "country": "Palestine", "admin1": "Gaza Strip", "admin2": "Deir El Balah", "admin3": null, "location": "An Nusayrat", "latitude": 31.4486, "longitude": 34.3925, "geo_precision": 1, "source": "Newpress; Quds News Network; Twitter", "source_scale": "New media-National", "notes": "On 11 January 2025, Israeli warplanes launched an airstrike on a house near Qassam cemetery in An Nusayrat (Deir El Balah, Gaza Strip) and no injuries were reported. On the same day, Israeli warplanes also targeted an agricultural land in An Nusayrat camp [casualties unknown], and Israeli warships and helicopters targeted the western areas of the camp [casualties unknown].", "fatalities": 0, "tags": null, "timestamp": 1753956656 }, "geometry": { "type": "Point", "coordinates": [ 34.3925, 31.4486 ] } },
{ "type": "Feature", "properties": { "event_id_cnty": "PSE66665", "event_date": "1/11/2025", "year": 2025, "time_precision": 1, "disorder_type": "Political violence", "event_type": "Explosions/Remote violence", "sub_event_type": "Air/drone strike", "actor1": "Military Forces of Israel (2022-)", "assoc_actor_1": null, "inter1": 8, "actor2": "Civilians (Palestine)", "assoc_actor_2": "Refugees/IDPs (Palestine)", "inter2": 7, "interaction": 78, "civilian_targeting": "Civilian targeting", "iso": 275, "region": "Middle East", "country": "Palestine", "admin1": "Gaza Strip", "admin2": "Deir El Balah", "admin3": null, "location": "Wadi as Salqa", "latitude": 31.4005, "longitude": 34.3375, "geo_precision": 2, "source": "Newpress; Palestine News and Information Agency; Twitter", "source_scale": "New media-National", "notes": "On 11 January 2025, Israeli warplanes targeted an IDPs tent near Abu Salim station in south of Deir El Balah, coded to Wadi as Salqa (Deir El Balah, Gaza Strip) killing 3 people and injuring others.", "fatalities": 3, "tags": null, "timestamp": 1753956656 }, "geometry": { "type": "Point", "coordinates": [ 34.3375, 31.4005 ] } },
{ "type": "Feature", "properties": { "event_id_cnty": "PSE66673", "event_date": "1/11/2025", "year": 2025, "time_precision": 1, "disorder_type": "Political violence", "event_type": "Explosions/Remote violence", "sub_event_type": "Air/drone strike", "actor1": "Military Forces of Israel (2022-)", "assoc_actor_1": null, "inter1": 8, "actor2": "Civilians (Palestine)", "assoc_actor_2": null, "inter2": 7, "interaction": 78, "civilian_targeting": "Civilian targeting", "iso": 275, "region": "Middle East", "country": "Palestine", "admin1": "Gaza Strip", "admin2": "Gaza City", "admin3": null, "location": "Gaza - Ad Darraj", "latitude": 31.5172, "longitude": 34.4642, "geo_precision": 1, "source": "Palestine News and Information Agency; Quds News Network", "source_scale": "National", "notes": "On 11 January 2025, an Israeli drone targeted a group of people on al Nafaq street in Gaza - Ad Darraj (Gaza City, Gaza Strip) killing 4 people and injuring others. On the same day, Israeli warplanes targeted a house near Omari Mosque in the same location, injuring many people, including children.", "fatalities": 4, "tags": null, "timestamp": 1759790002 }, "geometry": { "type": "Point", "coordinates": [ 34.4642, 31.5172 ] } },
{ "type": "Feature", "properties": { "event_id_cnty": "PSE66722", "event_date": "1/11/2025", "year": 2025, "time_precision": 1, "disorder_type": "Political violence", "event_type": "Explosions/Remote violence", "sub_event_type": "Air/drone strike", "actor1": "Military Forces of Israel (2022-)", "assoc_actor_1": null, "inter1": 8, "actor2": "Civilians (Palestine)", "assoc_actor_2": null, "inter2": 7, "interaction": 78, "civilian_targeting": "Civilian targeting", "iso": 275, "region": "Middle East", "country": "Palestine", "admin1": "Gaza Strip", "admin2": "Gaza City", "admin3": null, "location": "Gaza - Shujaiyya", "latitude": 31.4988, "longitude": 34.4699, "geo_precision": 1, "source": "Palestine News and Information Agency; Quds News Network", "source_scale": "National", "notes": "On 11 January 2025, Israeli warplanes targeted a house on Baltaji street in Gaza - Shujaiyya (Gaza City, Gaza Strip) killing 2 people and injuring others.", "fatalities": 2, "tags": null, "timestamp": 1759790002 }, "geometry": { "type": "Point", "coordinates": [ 34.4699, 31.4988 ] } },
{ "type": "Feature", "properties": { "event_id_cnty": "PSE66737", "event_date": "1/11/2025", "year": 2025, "time_precision": 1, "disorder_type": "Political violence", "event_type": "Explosions/Remote violence", "sub_event_type": "Air/drone strike", "actor1": "Military Forces of Israel (2022-)", "assoc_actor_1": null, "inter1": 8, "actor2": "Civilians (Palestine)", "assoc_actor_2": null, "inter2": 7, "interaction": 78, "civilian_targeting": "Civilian targeting", "iso": 275, "region": "Middle East", "country": "Palestine", "admin1": "Gaza Strip", "admin2": "Khan Yunis", "admin3": null, "location": "Abasan al Kabirah", "latitude": 31.3191, "longitude": 34.3401, "geo_precision": 1, "source": "Palestine News and Information Agency", "source_scale": "National", "notes": "On 11 January 2025, Israeli warplanes targeted a house in Abasan al Kabirah (Khan Yunis, Gaza Strip) killing 1 person and injuring two others.", "fatalities": 1, "tags": null, "timestamp": 1753956656 }, "geometry": { "type": "Point", "coordinates": [ 34.3401, 31.3191 ] } },
{ "type": "Feature", "properties": { "event_id_cnty": "PSE66756", "event_date": "1/11/2025", "year": 2025, "time_precision": 1, "disorder_type": "Political violence", "event_type": "Explosions/Remote violence", "sub_event_type": "Air/drone strike", "actor1": "Military Forces of Israel (2022-)", "assoc_actor_1": null, "inter1": 8, "actor2": "Civilians (Palestine)", "assoc_actor_2": null, "inter2": 7, "interaction": 78, "civilian_targeting": "Civilian targeting", "iso": 275, "region": "Middle East", "country": "Palestine", "admin1": "Gaza Strip", "admin2": "Khan Yunis", "admin3": null, "location": "Khuzaa", "latitude": 31.3069, "longitude": 34.3572, "geo_precision": 1, "source": "Quds News Network", "source_scale": "National", "notes": "On 11 January 2025, Israeli forces, likely warplanes, targeted Khuzaa (Khan Yunis, Gaza Strip) killing 1 Palestinian man, whose body was recovered on 11 January 2025.", "fatalities": 1, "tags": null, "timestamp": 1753956656 }, "geometry": { "type": "Point", "coordinates": [ 34.3572, 31.3069 ] } },
{ "type": "Feature", "properties": { "event_id_cnty": "PSE66786", "event_date": "1/11/2025", "year": 2025, "time_precision": 2, "disorder_type": "Political violence", "event_type": "Explosions/Remote violence", "sub_event_type": "Air/drone strike", "actor1": "Military Forces of Israel (2022-)", "assoc_actor_1": null, "inter1": 8, "actor2": "Civilians (Palestine)", "assoc_actor_2": "Health Workers (Palestine)", "inter2": 7, "interaction": 78, "civilian_targeting": "Civilian targeting", "iso": 275, "region": "Middle East", "country": "Palestine", "admin1": "Gaza Strip", "admin2": "North Gaza", "admin3": null, "location": "Jabalya Camp", "latitude": 31.536, "longitude": 34.4907, "geo_precision": 1, "source": "Quds News Network", "source_scale": "National", "notes": "Around 11 January 2025, Israeli forces, likely warplanes, targeted Jabalya Camp (North Gaza, Gaza Strip) injuring a Palestinian paramedic who died from his wounds on 11 January 2025.", "fatalities": 1, "tags": null, "timestamp": 1753956656 }, "geometry": { "type": "Point", "coordinates": [ 34.4907, 31.536 ] } },
{ "type": "Feature", "properties": { "event_id_cnty": "PSE66799", "event_date": "1/11/2025", "year": 2025, "time_precision": 1, "disorder_type": "Political violence", "event_type": "Explosions/Remote violence", "sub_event_type": "Air/drone strike", "actor1": "Military Forces of Israel (2022-)", "assoc_actor_1": null, "inter1": 8, "actor2": "Civilians (Palestine)", "assoc_actor_2": null, "inter2": 7, "interaction": 78, "civilian_targeting": "Civilian targeting", "iso": 275, "region": "Middle East", "country": "Palestine", "admin1": "Gaza Strip", "admin2": "Rafah", "admin3": null, "location": "Khirbet al Adas", "latitude": 31.2855, "longitude": 34.2714, "geo_precision": 1, "source": "Palestine News and Information Agency", "source_scale": "National", "notes": "On 11 January 2025, Israeli drones targeted Khirbet al Adas (Rafah, Gaza Strip) injuring 2 people.", "fatalities": 0, "tags": null, "timestamp": 1753956656 }, "geometry": { "type": "Point", "coordinates": [ 34.2714, 31.2855 ] } },
{ "type": "Feature", "properties": { "event_id_cnty": "PSE66628", "event_date": "1/12/2025", "year": 2025, "time_precision": 1, "disorder_type": "Political violence", "event_type": "Explosions/Remote violence", "sub_event_type": "Air/drone strike", "actor1": "Military Forces of Israel (2022-)", "assoc_actor_1": null, "inter1": 8, "actor2": "Civilians (Palestine)", "assoc_actor_2": "Refugees/IDPs (Palestine)", "inter2": 7, "interaction": 78, "civilian_targeting": "Civilian targeting", "iso": 275, "region": "Middle East", "country": "Palestine", "admin1": "Gaza Strip", "admin2": "Deir El Balah", "admin3": null, "location": "Al Burayj", "latitude": 31.4394, "longitude": 34.4031, "geo_precision": 1, "source": "Quds News Network", "source_scale": "National", "notes": "On 12 January 2025, Israeli warplanes launched an airstrike on a house in Al Burayj (Deir El Balah, Gaza Strip) injuring a child. Israeli warplanes launched two other airstrikes on the same location [casualties unknown]. Israeli artillery also targeted a house in the same location killing 2 people. Total number of fatalities coded as at least 2.", "fatalities": 2, "tags": null, "timestamp": 1753956656 }, "geometry": { "type": "Point", "coordinates": [ 34.4031, 31.4394 ] } },
{ "type": "Feature", "properties": { "event_id_cnty": "PSE66643", "event_date": "1/12/2025", "year": 2025, "time_precision": 1, "disorder_type": "Political violence", "event_type": "Explosions/Remote violence", "sub_event_type": "Air/drone strike", "actor1": "Military Forces of Israel (2022-)", "assoc_actor_1": null, "inter1": 8, "actor2": "Civilians (Palestine)", "assoc_actor_2": null, "inter2": 7, "interaction": 78, "civilian_targeting": "Civilian targeting", "iso": 275, "region": "Middle East", "country": "Palestine", "admin1": "Gaza Strip", "admin2": "Deir El Balah", "admin3": null, "location": "An Nusayrat - North", "latitude": 31.4591, "longitude": 34.3923, "geo_precision": 1, "source": "Quds News Network", "source_scale": "National", "notes": "On 12 January 2025, Israeli warplanes launched an airstrike on An Nusayrat - North (Deir El Balah, Gaza Strip). Casualties unknown. On the same day, Israeli artillery targeted the same location and Israeli forces fired with gunshots at a group of Palestinians in al Da'awa area killing 1 person. Total number of fatalities coded as at least 1.", "fatalities": 1, "tags": null, "timestamp": 1753956656 }, "geometry": { "type": "Point", "coordinates": [ 34.3923, 31.4591 ] } },
{ "type": "Feature", "properties": { "event_id_cnty": "PSE66664", "event_date": "1/12/2025", "year": 2025, "time_precision": 1, "disorder_type": "Political violence", "event_type": "Explosions/Remote violence", "sub_event_type": "Air/drone strike", "actor1": "Military Forces of Israel (2022-)", "assoc_actor_1": null, "inter1": 8, "actor2": "Civilians (Palestine)", "assoc_actor_2": null, "inter2": 7, "interaction": 78, "civilian_targeting": "Civilian targeting", "iso": 275, "region": "Middle East", "country": "Palestine", "admin1": "Gaza Strip", "admin2": "Deir El Balah", "admin3": null, "location": "Deir al Balah Camp", "latitude": 31.4249, "longitude": 34.34, "geo_precision": 2, "source": "Newpress; Quds News Network; Twitter", "source_scale": "New media-National", "notes": "On 12 January 2025, Israeli warplanes targeted a group of people east of Deir El Balah, coded to Deir al Balah Camp (Deir El Balah, Gaza Strip) injuring 5 people. Israeli artillery also targeted Abu al ajeen area in the same location. Casualties unknown.", "fatalities": 0, "tags": null, "timestamp": 1765850627 }, "geometry": { "type": "Point", "coordinates": [ 34.34, 31.4249 ] } },
{ "type": "Feature", "properties": { "event_id_cnty": "PSE66674", "event_date": "1/12/2025", "year": 2025, "time_precision": 1, "disorder_type": "Political violence", "event_type": "Explosions/Remote violence", "sub_event_type": "Air/drone strike", "actor1": "Military Forces of Israel (2022-)", "assoc_actor_1": null, "inter1": 8, "actor2": "Civilians (Palestine)", "assoc_actor_2": null, "inter2": 7, "interaction": 78, "civilian_targeting": "Civilian targeting", "iso": 275, "region": "Middle East", "country": "Palestine", "admin1": "Gaza Strip", "admin2": "Gaza City", "admin3": null, "location": "Gaza - Ad Darraj", "latitude": 31.5172, "longitude": 34.4642, "geo_precision": 1, "source": "Quds News Network", "source_scale": "National", "notes": "On 12 January 2025, Israeli warplanes targeted a house in Gaza - Ad Darraj (Gaza City, Gaza Strip). Casualties unknown.", "fatalities": 0, "tags": null, "timestamp": 1759790002 }, "geometry": { "type": "Point", "coordinates": [ 34.4642, 31.5172 ] } },
{ "type": "Feature", "properties": { "event_id_cnty": "PSE66679", "event_date": "1/12/2025", "year": 2025, "time_precision": 1, "disorder_type": "Political violence", "event_type": "Explosions/Remote violence", "sub_event_type": "Air/drone strike", "actor1": "Military Forces of Israel (2022-)", "assoc_actor_1": null, "inter1": 8, "actor2": "Civilians (Palestine)", "assoc_actor_2": null, "inter2": 7, "interaction": 78, "civilian_targeting": "Civilian targeting", "iso": 275, "region": "Middle East", "country": "Palestine", "admin1": "Gaza Strip", "admin2": "Gaza City", "admin3": null, "location": "Gaza - Ash Shati' Camp", "latitude": 31.5349, "longitude": 34.4466, "geo_precision": 2, "source": "Al-Ittihad; Palestine News and Information Agency", "source_scale": "National-Regional", "notes": "On 12 January 2025, Israeli warplanes targeted Mukhabarat area in northwest of Gaza city, coded to Gaza - Ash Shati' Camp (Gaza City, Gaza Strip) killing 2 people. Israeli artillery also targeted the same location [casualties unknown]. Total number of fatalities coded as at least 2.", "fatalities": 2, "tags": null, "timestamp": 1759790002 }, "geometry": { "type": "Point", "coordinates": [ 34.4466, 31.5349 ] } },
{ "type": "Feature", "properties": { "event_id_cnty": "PSE66680", "event_date": "1/12/2025", "year": 2025, "time_precision": 1, "disorder_type": "Political violence", "event_type": "Explosions/Remote violence", "sub_event_type": "Air/drone strike", "actor1": "Military Forces of Israel (2022-)", "assoc_actor_1": null, "inter1": 8, "actor2": "Civilians (Palestine)", "assoc_actor_2": "Refugees/IDPs (Palestine)", "inter2": 7, "interaction": 78, "civilian_targeting": "Civilian targeting", "iso": 275, "region": "Middle East", "country": "Palestine", "admin1": "Gaza Strip", "admin2": "Gaza City", "admin3": null, "location": "Gaza - Ash Shati' Camp", "latitude": 31.5349, "longitude": 34.4466, "geo_precision": 1, "source": "Palestine News and Information Agency", "source_scale": "National", "notes": "On 12 January 2025, an Israeli drone targeted Gaza - Ash Shati' Camp (Gaza City, Gaza Strip) killing 3 people and injuring others.", "fatalities": 3, "tags": null, "timestamp": 1759790002 }, "geometry": { "type": "Point", "coordinates": [ 34.4466, 31.5349 ] } },
{ "type": "Feature", "properties": { "event_id_cnty": "PSE66711", "event_date": "1/12/2025", "year": 2025, "time_precision": 1, "disorder_type": "Political violence", "event_type": "Explosions/Remote violence", "sub_event_type": "Air/drone strike", "actor1": "Military Forces of Israel (2022-)", "assoc_actor_1": null, "inter1": 8, "actor2": "Civilians (Palestine)", "assoc_actor_2": null, "inter2": 7, "interaction": 78, "civilian_targeting": "Civilian targeting", "iso": 275, "region": "Middle East", "country": "Palestine", "admin1": "Gaza Strip", "admin2": "Gaza City", "admin3": null, "location": "Gaza - Sheikh Radwan", "latitude": 31.5349, "longitude": 34.4667, "geo_precision": 1, "source": "Quds News Network", "source_scale": "National", "notes": "On 12 January 2025, Israeli warplanes targeted a house in Gaza - Sheikh Radwan (Gaza City, Gaza Strip). Casualties unknown.", "fatalities": 0, "tags": null, "timestamp": 1759790002 }, "geometry": { "type": "Point", "coordinates": [ 34.4667, 31.5349 ] } },
{ "type": "Feature", "properties": { "event_id_cnty": "PSE66723", "event_date": "1/12/2025", "year": 2025, "time_precision": 1, "disorder_type": "Political violence", "event_type": "Explosions/Remote violence", "sub_event_type": "Air/drone strike", "actor1": "Military Forces of Israel (2022-)", "assoc_actor_1": null, "inter1": 8, "actor2": "Civilians (Palestine)", "assoc_actor_2": null, "inter2": 7, "interaction": 78, "civilian_targeting": "Civilian targeting", "iso": 275, "region": "Middle East", "country": "Palestine", "admin1": "Gaza Strip", "admin2": "Gaza City", "admin3": null, "location": "Gaza - Shujaiyya", "latitude": 31.4988, "longitude": 34.4699, "geo_precision": 1, "source": "Palestine News and Information Agency; Quds News Network", "source_scale": "National", "notes": "On 12 January 2025, Israeli warplanes targeted Baghdad street in Gaza - Shujaiyya (Gaza City, Gaza Strip) killing 1 person and injuring others. On the same day, another Israeli airstrike targeted houses in the same location killing at least 11 people and injuring others. Number of fatalities coded as at least 12.", "fatalities": 12, "tags": null, "timestamp": 1759790002 }, "geometry": { "type": "Point", "coordinates": [ 34.4699, 31.4988 ] } },
{ "type": "Feature", "properties": { "event_id_cnty": "PSE66726", "event_date": "1/12/2025", "year": 2025, "time_precision": 1, "disorder_type": "Political violence", "event_type": "Explosions/Remote violence", "sub_event_type": "Air/drone strike", "actor1": "Military Forces of Israel (2022-)", "assoc_actor_1": null, "inter1": 8, "actor2": "Civilians (Palestine)", "assoc_actor_2": null, "inter2": 7, "interaction": 78, "civilian_targeting": "Civilian targeting", "iso": 275, "region": "Middle East", "country": "Palestine", "admin1": "Gaza Strip", "admin2": "Gaza City", "admin3": null, "location": "Gaza - Southern Remal", "latitude": 31.5168, "longitude": 34.4355, "geo_precision": 2, "source": "Quds News Network", "source_scale": "National", "notes": "On 12 January 2025, Israeli warplanes targeted a group of people near Layalina venue in west of Gaza city, coded to Gaza - Southern Remal (Gaza City, Gaza Strip) killing 2 people and injuring others.", "fatalities": 2, "tags": null, "timestamp": 1759790002 }, "geometry": { "type": "Point", "coordinates": [ 34.4355, 31.5168 ] } },
{ "type": "Feature", "properties": { "event_id_cnty": "PSE66770", "event_date": "1/12/2025", "year": 2025, "time_precision": 1, "disorder_type": "Political violence", "event_type": "Explosions/Remote violence", "sub_event_type": "Air/drone strike", "actor1": "Military Forces of Israel (2022-)", "assoc_actor_1": null, "inter1": 8, "actor2": "Civilians (Palestine)", "assoc_actor_2": null, "inter2": 7, "interaction": 78, "civilian_targeting": "Civilian targeting", "iso": 275, "region": "Middle East", "country": "Palestine", "admin1": "Gaza Strip", "admin2": "North Gaza", "admin3": null, "location": "Jabalya", "latitude": 31.5272, "longitude": 34.4835, "geo_precision": 1, "source": "Newpress; Palestine News and Information Agency; Quds News Network; Twitter", "source_scale": "New media-National", "notes": "On 12 January 2025, an Israeli drone targeted a group of Palestinians in Fashara roundabout in Jabalya (North Gaza, Gaza Strip) killing 1 person and injuring others. Another Israeli strike, likely airstrike, targeted Halabi intersection in the same location injuring several people. Israeli artillery also targeted Jabalya al Nazla [casualties unknown].", "fatalities": 1, "tags": null, "timestamp": 1759790002 }, "geometry": { "type": "Point", "coordinates": [ 34.4835, 31.5272 ] } },
{ "type": "Feature", "properties": { "event_id_cnty": "PSE66637", "event_date": "1/13/2025", "year": 2025, "time_precision": 1, "disorder_type": "Political violence", "event_type": "Explosions/Remote violence", "sub_event_type": "Shelling/artillery/missile attack", "actor1": "Military Forces of Israel (2022-)", "assoc_actor_1": null, "inter1": 8, "actor2": "Civilians (Palestine)", "assoc_actor_2": "Refugees/IDPs (Palestine)", "inter2": 7, "interaction": 78, "civilian_targeting": "Civilian targeting", "iso": 275, "region": "Middle East", "country": "Palestine", "admin1": "Gaza Strip", "admin2": "Deir El Balah", "admin3": null, "location": "An Nusayrat", "latitude": 31.4486, "longitude": 34.3925, "geo_precision": 1, "source": "Quds News Network", "source_scale": "National", "notes": "On 13 January 2025, Israeli artillery targeted a house in Camp 5 in An Nusayrat (Deir El Balah, Gaza Strip) causing it to catch fire. Casualties unknown.", "fatalities": 0, "tags": null, "timestamp": 1753956656 }, "geometry": { "type": "Point", "coordinates": [ 34.3925, 31.4486 ] } },
{ "type": "Feature", "properties": { "event_id_cnty": "PSE66661", "event_date": "1/13/2025", "year": 2025, "time_precision": 1, "disorder_type": "Political violence", "event_type": "Explosions/Remote violence", "sub_event_type": "Air/drone strike", "actor1": "Military Forces of Israel (2022-)", "assoc_actor_1": null, "inter1": 8, "actor2": "Civilians (Palestine)", "assoc_actor_2": null, "inter2": 7, "interaction": 78, "civilian_targeting": "Civilian targeting", "iso": 275, "region": "Middle East", "country": "Palestine", "admin1": "Gaza Strip", "admin2": "Deir El Balah", "admin3": null, "location": "Deir al Balah", "latitude": 31.4178, "longitude": 34.3503, "geo_precision": 1, "source": "Newpress; Quds News Network; Twitter", "source_scale": "New media-National", "notes": "On 13 January 2025, an Israeli drone targeted a house on commercial street of Deir al Balah (Deir El Balah, Gaza Strip) killing 1 child and injuring others.", "fatalities": 1, "tags": null, "timestamp": 1753956656 }, "geometry": { "type": "Point", "coordinates": [ 34.3503, 31.4178 ] } },
{ "type": "Feature", "properties": { "event_id_cnty": "PSE66668", "event_date": "1/13/2025", "year": 2025, "time_precision": 1, "disorder_type": "Political violence", "event_type": "Explosions/Remote violence", "sub_event_type": "Air/drone strike", "actor1": "Military Forces of Israel (2022-)", "assoc_actor_1": null, "inter1": 8, "actor2": "Civilians (Palestine)", "assoc_actor_2": "Journalists (Palestine)", "inter2": 7, "interaction": 78, "civilian_targeting": "Civilian targeting", "iso": 275, "region": "Middle East", "country": "Palestine", "admin1": "Gaza Strip", "admin2": "Gaza City", "admin3": null, "location": "Gaza", "latitude": 31.5045, "longitude": 34.4743, "geo_precision": 1, "source": "Palestine News and Information Agency; Quds News Network", "source_scale": "National", "notes": "On 13 January 2025, Israeli warplanes targeted two groups of Palestinians near Dabbit intersection and Zaharneh towers in Gaza (Gaza City, Gaza Strip) killing 8 people, including a child, and injuring others. On the same day, Israeli warplanes also targeted a house in Gaza in Alghufri intersection killing 6 people, including a journalist, and injuring at least 30 others. Total confirmed fatalities coded to 14.", "fatalities": 14, "tags": null, "timestamp": 1759790002 }, "geometry": { "type": "Point", "coordinates": [ 34.4743, 31.5045 ] } },
{ "type": "Feature", "properties": { "event_id_cnty": "PSE66675", "event_date": "1/13/2025", "year": 2025, "time_precision": 1, "disorder_type": "Political violence", "event_type": "Explosions/Remote violence", "sub_event_type": "Air/drone strike", "actor1": "Military Forces of Israel (2022-)", "assoc_actor_1": null, "inter1": 8, "actor2": "Civilians (Palestine)", "assoc_actor_2": "Refugees/IDPs (Palestine)", "inter2": 7, "interaction": 78, "civilian_targeting": "Civilian targeting", "iso": 275, "region": "Middle East", "country": "Palestine", "admin1": "Gaza Strip", "admin2": "Gaza City", "admin3": null, "location": "Gaza - Ad Darraj", "latitude": 31.5172, "longitude": 34.4642, "geo_precision": 1, "source": "Newpress; Palestine News and Information Agency; Quds News Network; Twitter", "source_scale": "New media-National", "notes": "On 13 January 2025, Israeli warplanes targeted Salah al Din school that shelters IDPs in Gaza - Ad Darraj (Gaza City, Gaza Strip) killing 5 people and injuring others. On the same day, Israeli warplanes targeted a group of people near Ma'amel area in the same location killing 6 people, including women and children, and injuring others. Israeli warplanes also targeted a group of people in Sahaba Street in the same location, injuring several people. Total confirmed fatalities coded as 11.", "fatalities": 11, "tags": null, "timestamp": 1759790002 }, "geometry": { "type": "Point", "coordinates": [ 34.4642, 31.5172 ] } },
{ "type": "Feature", "properties": { "event_id_cnty": "PSE66700", "event_date": "1/13/2025", "year": 2025, "time_precision": 1, "disorder_type": "Political violence", "event_type": "Explosions/Remote violence", "sub_event_type": "Air/drone strike", "actor1": "Military Forces of Israel (2022-)", "assoc_actor_1": null, "inter1": 8, "actor2": "Civilians (Palestine)", "assoc_actor_2": null, "inter2": 7, "interaction": 78, "civilian_targeting": "Civilian targeting", "iso": 275, "region": "Middle East", "country": "Palestine", "admin1": "Gaza Strip", "admin2": "Gaza City", "admin3": null, "location": "Gaza - Nasr", "latitude": 31.534, "longitude": 34.4574, "geo_precision": 1, "source": "Palestine News and Information Agency", "source_scale": "National", "notes": "On 13 January 2025, Israeli warplanes targeted a group of Palestinians near UNRWA schools in Gaza - Nasr (Gaza City, Gaza Strip) killing 2 people and injuring others.", "fatalities": 2, "tags": null, "timestamp": 1753956656 }, "geometry": { "type": "Point", "coordinates": [ 34.4574, 31.534 ] } },
{ "type": "Feature", "properties": { "event_id_cnty": "PSE66712", "event_date": "1/13/2025", "year": 2025, "time_precision": 1, "disorder_type": "Political violence", "event_type": "Explosions/Remote violence", "sub_event_type": "Air/drone strike", "actor1": "Military Forces of Israel (2022-)", "assoc_actor_1": null, "inter1": 8, "actor2": "Civilians (Palestine)", "assoc_actor_2": null, "inter2": 7, "interaction": 78, "civilian_targeting": "Civilian targeting", "iso": 275, "region": "Middle East", "country": "Palestine", "admin1": "Gaza Strip", "admin2": "Gaza City", "admin3": null, "location": "Gaza - Sheikh Radwan", "latitude": 31.5349, "longitude": 34.4667, "geo_precision": 1, "source": "Palestine News and Information Agency; Quds News Network", "source_scale": "National", "notes": "On 13 January 2025, Israeli warplanes targeted a group of people in a market in Sheikh Radwan in Gaza - Sheikh Radwan (Gaza City, Gaza Strip) killing 2 people and injuring others.", "fatalities": 2, "tags": null, "timestamp": 1759790002 }, "geometry": { "type": "Point", "coordinates": [ 34.4667, 31.5349 ] } },
{ "type": "Feature", "properties": { "event_id_cnty": "PSE66733", "event_date": "1/13/2025", "year": 2025, "time_precision": 1, "disorder_type": "Political violence", "event_type": "Explosions/Remote violence", "sub_event_type": "Shelling/artillery/missile attack", "actor1": "Military Forces of Israel (2022-)", "assoc_actor_1": null, "inter1": 8, "actor2": "Civilians (Palestine)", "assoc_actor_2": null, "inter2": 7, "interaction": 78, "civilian_targeting": "Civilian targeting", "iso": 275, "region": "Middle East", "country": "Palestine", "admin1": "Gaza Strip", "admin2": "Gaza City", "admin3": null, "location": "Gaza Port", "latitude": 31.5245, "longitude": 34.4326, "geo_precision": 2, "source": "Palestine News and Information Agency", "source_scale": "National", "notes": "On 13 January 2025, Israeli warships fired towards Gaza city's beach, coded to Gaza Port (Gaza City, Gaza Strip) killing 2 people.", "fatalities": 2, "tags": null, "timestamp": 1753956656 }, "geometry": { "type": "Point", "coordinates": [ 34.4326, 31.5245 ] } },
{ "type": "Feature", "properties": { "event_id_cnty": "PSE66749", "event_date": "1/13/2025", "year": 2025, "time_precision": 1, "disorder_type": "Political violence", "event_type": "Explosions/Remote violence", "sub_event_type": "Air/drone strike", "actor1": "Military Forces of Israel (2022-)", "assoc_actor_1": null, "inter1": 8, "actor2": "Civilians (Palestine)", "assoc_actor_2": null, "inter2": 7, "interaction": 78, "civilian_targeting": "Civilian targeting", "iso": 275, "region": "Middle East", "country": "Palestine", "admin1": "Gaza Strip", "admin2": "Khan Yunis", "admin3": null, "location": "Khan Yunis - Al Kateebeh", "latitude": 31.3642, "longitude": 34.3085, "geo_precision": 2, "source": "Quds News Network", "source_scale": "National", "notes": "On 13 January 2025, Israeli warplanes launched an airstrike on north of Khan Yunis, coded to Khan Yunis - Al Kateebeh (Khan Yunis, Gaza Strip) killing 1 person and injuring others.", "fatalities": 1, "tags": null, "timestamp": 1767742780 }, "geometry": { "type": "Point", "coordinates": [ 34.3085, 31.3642 ] } },
{ "type": "Feature", "properties": { "event_id_cnty": "PSE66752", "event_date": "1/13/2025", "year": 2025, "time_precision": 1, "disorder_type": "Political violence", "event_type": "Explosions/Remote violence", "sub_event_type": "Air/drone strike", "actor1": "Military Forces of Israel (2022-)", "assoc_actor_1": null, "inter1": 8, "actor2": "Civilians (Palestine)", "assoc_actor_2": null, "inter2": 7, "interaction": 78, "civilian_targeting": "Civilian targeting", "iso": 275, "region": "Middle East", "country": "Palestine", "admin1": "Gaza Strip", "admin2": "Khan Yunis", "admin3": null, "location": "Khan Yunis - West (Municipal Stadium)", "latitude": 31.3484, "longitude": 34.2961, "geo_precision": 2, "source": "Quds News Network", "source_scale": "National", "notes": "On 13 January 2025, Israeli forces, likely warplanes, targeted a marble factory in Braq area, west of Khan Yunis, coded to Khan Yunis - West (Municipal Stadium) (Khan Yunis, Gaza Strip) injuring 5 people, including women and children.", "fatalities": 0, "tags": null, "timestamp": 1753956656 }, "geometry": { "type": "Point", "coordinates": [ 34.2961, 31.3484 ] } },
{ "type": "Feature", "properties": { "event_id_cnty": "PSE66764", "event_date": "1/13/2025", "year": 2025, "time_precision": 1, "disorder_type": "Political violence", "event_type": "Explosions/Remote violence", "sub_event_type": "Air/drone strike", "actor1": "Military Forces of Israel (2022-)", "assoc_actor_1": null, "inter1": 8, "actor2": "Civilians (Palestine)", "assoc_actor_2": "Health Workers (Palestine)", "inter2": 7, "interaction": 78, "civilian_targeting": "Civilian targeting", "iso": 275, "region": "Middle East", "country": "Palestine", "admin1": "Gaza Strip", "admin2": "North Gaza", "admin3": null, "location": "Beit Lahiya", "latitude": 31.5541, "longitude": 34.5016, "geo_precision": 1, "source": "Palestine News and Information Agency", "source_scale": "National", "notes": "On 13 January 2025, Israeli warplanes targeted the Indonesian Hospital in Beit Lahiya (North Gaza, Gaza Strip) injuring a health worker and causing a lot of damage to the hospital, specifically to the second floor.", "fatalities": 0, "tags": null, "timestamp": 1753956656 }, "geometry": { "type": "Point", "coordinates": [ 34.5016, 31.5541 ] } },
{ "type": "Feature", "properties": { "event_id_cnty": "PSE66690", "event_date": "1/13/2025", "year": 2025, "time_precision": 1, "disorder_type": "Political violence", "event_type": "Explosions/Remote violence", "sub_event_type": "Air/drone strike", "actor1": "Military Forces of Israel (2022-)", "assoc_actor_1": null, "inter1": 8, "actor2": "Civilians (Palestine)", "assoc_actor_2": null, "inter2": 7, "interaction": 78, "civilian_targeting": "Civilian targeting", "iso": 275, "region": "Middle East", "country": "Palestine", "admin1": "Gaza Strip", "admin2": "Gaza City", "admin3": null, "location": "Gaza - Az Zaytun", "latitude": 31.4964, "longitude": 34.4522, "geo_precision": 1, "source": "Palestine News and Information Agency", "source_scale": "National", "notes": "On 13 January 2025, Israeli warplanes targeted a house in Al Shama'a area in Gaza - Az Zaytun (Gaza City, Gaza Strip) killing 3 people and injuring others.", "fatalities": 3, "tags": null, "timestamp": 1759790002 }, "geometry": { "type": "Point", "coordinates": [ 34.4522, 31.4964 ] } },
{ "type": "Feature", "properties": { "event_id_cnty": "PSE66776", "event_date": "1/13/2025", "year": 2025, "time_precision": 1, "disorder_type": "Political violence", "event_type": "Explosions/Remote violence", "sub_event_type": "Shelling/artillery/missile attack", "actor1": "Military Forces of Israel (2022-)", "assoc_actor_1": null, "inter1": 8, "actor2": "Civilians (Palestine)", "assoc_actor_2": null, "inter2": 7, "interaction": 78, "civilian_targeting": "Civilian targeting", "iso": 275, "region": "Middle East", "country": "Palestine", "admin1": "Gaza Strip", "admin2": "North Gaza", "admin3": null, "location": "Jabalya", "latitude": 31.5272, "longitude": 34.4835, "geo_precision": 1, "source": "Liveuamap; Palestine News and Information Agency", "source_scale": "Local partner-New media", "notes": "On 13 January 2025, Israeli artillery targeted a gathering of Palestinians in al-Nazla area in Jabalya (North Gaza, Gaza Strip) injuring several people.", "fatalities": 0, "tags": null, "timestamp": 1759790002 }, "geometry": { "type": "Point", "coordinates": [ 34.4835, 31.5272 ] } },
{ "type": "Feature", "properties": { "event_id_cnty": "PSE66800", "event_date": "1/13/2025", "year": 2025, "time_precision": 1, "disorder_type": "Political violence", "event_type": "Explosions/Remote violence", "sub_event_type": "Air/drone strike", "actor1": "Military Forces of Israel (2022-)", "assoc_actor_1": null, "inter1": 8, "actor2": "Civilians (Palestine)", "assoc_actor_2": null, "inter2": 7, "interaction": 78, "civilian_targeting": "Civilian targeting", "iso": 275, "region": "Middle East", "country": "Palestine", "admin1": "Gaza Strip", "admin2": "Rafah", "admin3": null, "location": "Khirbet al Adas", "latitude": 31.2855, "longitude": 34.2714, "geo_precision": 2, "source": "Palestine News and Information Agency; Quds News Network", "source_scale": "National", "notes": "On 13 January 2025, Israeli warplanes targeted a vehicle near beauty bliss institute in north of Rafah city, coded to Khirbet al Adas (Rafah, Gaza Strip) killing 4 people. The next day a man was pulled from under the rubble (likely killed in this strike). Israeli artillery also targeted the same location with shells and machine guns. Casualties unknown. Fatalities coded as at least 5.", "fatalities": 5, "tags": null, "timestamp": 1753956656 }, "geometry": { "type": "Point", "coordinates": [ 34.2714, 31.2855 ] } },
{ "type": "Feature", "properties": { "event_id_cnty": "PSE76499", "event_date": "1/13/2025", "year": 2025, "time_precision": 1, "disorder_type": "Political violence", "event_type": "Explosions/Remote violence", "sub_event_type": "Air/drone strike", "actor1": "Military Forces of Israel (2022-)", "assoc_actor_1": null, "inter1": 8, "actor2": "Civilians (Palestine)", "assoc_actor_2": "Aid Workers (Palestine); UN: United Nations", "inter2": 7, "interaction": 78, "civilian_targeting": "Civilian targeting", "iso": 275, "region": "Middle East", "country": "Palestine", "admin1": "Gaza Strip", "admin2": "Gaza City", "admin3": null, "location": "Gaza - Shujaiyya", "latitude": 31.4988, "longitude": 34.4699, "geo_precision": 1, "source": "Aid Worker Security Database", "source_scale": "Local partner-Other", "notes": "On 13 January 2025, 3 UN aid workers were injured during an airstrike close to a school in Gaza - Shujaiyya (Gaza City, Gaza Strip). Other civilians were also injured in the attack. This event involved violence over aid.", "fatalities": 0, "tags": null, "timestamp": 1759790002 }, "geometry": { "type": "Point", "coordinates": [ 34.4699, 31.4988 ] } },
{ "type": "Feature", "properties": { "event_id_cnty": "PSE66625", "event_date": "1/14/2025", "year": 2025, "time_precision": 1, "disorder_type": "Political violence", "event_type": "Explosions/Remote violence", "sub_event_type": "Air/drone strike", "actor1": "Military Forces of Israel (2022-)", "assoc_actor_1": null, "inter1": 8, "actor2": "Civilians (Palestine)", "assoc_actor_2": "Refugees/IDPs (Palestine)", "inter2": 7, "interaction": 78, "civilian_targeting": "Civilian targeting", "iso": 275, "region": "Middle East", "country": "Palestine", "admin1": "Gaza Strip", "admin2": "Deir El Balah", "admin3": null, "location": "Al Brawk", "latitude": 31.4204, "longitude": 34.339, "geo_precision": 2, "source": "Quds News Network", "source_scale": "National", "notes": "On 14 January 2025, Israeli warplanes targeted Lones Cafeteria on Deir al Balah beach, coded to Al Brawk (Deir El Balah, Gaza Strip) causing fires in the IDP tents in the area. Casualties unknown.", "fatalities": 0, "tags": null, "timestamp": 1767742780 }, "geometry": { "type": "Point", "coordinates": [ 34.339, 31.4204 ] } },
{ "type": "Feature", "properties": { "event_id_cnty": "PSE66630", "event_date": "1/14/2025", "year": 2025, "time_precision": 1, "disorder_type": "Political violence", "event_type": "Explosions/Remote violence", "sub_event_type": "Air/drone strike", "actor1": "Military Forces of Israel (2022-)", "assoc_actor_1": null, "inter1": 8, "actor2": "Civilians (Palestine)", "assoc_actor_2": "Refugees/IDPs (Palestine)", "inter2": 7, "interaction": 78, "civilian_targeting": "Civilian targeting", "iso": 275, "region": "Middle East", "country": "Palestine", "admin1": "Gaza Strip", "admin2": "Deir El Balah", "admin3": null, "location": "Al Burayj", "latitude": 31.4394, "longitude": 34.4031, "geo_precision": 1, "source": "Quds News Network", "source_scale": "National", "notes": "On 14 January 2025, Israeli warplanes targeted a house in Block 2 of Al Burayj Camp (Deir El Balah, Gaza Strip). Casualties unknown.", "fatalities": 0, "tags": null, "timestamp": 1753956656 }, "geometry": { "type": "Point", "coordinates": [ 34.4031, 31.4394 ] } },
{ "type": "Feature", "properties": { "event_id_cnty": "PSE66638", "event_date": "1/14/2025", "year": 2025, "time_precision": 1, "disorder_type": "Political violence", "event_type": "Explosions/Remote violence", "sub_event_type": "Air/drone strike", "actor1": "Military Forces of Israel (2022-)", "assoc_actor_1": null, "inter1": 8, "actor2": "Civilians (Palestine)", "assoc_actor_2": "Refugees/IDPs (Palestine)", "inter2": 7, "interaction": 78, "civilian_targeting": "Civilian targeting", "iso": 275, "region": "Middle East", "country": "Palestine", "admin1": "Gaza Strip", "admin2": "Deir El Balah", "admin3": null, "location": "An Nusayrat", "latitude": 31.4486, "longitude": 34.3925, "geo_precision": 1, "source": "Quds News Network", "source_scale": "National", "notes": "On 14 January 2025, an Israeli quadcopter drone targeted the vicinity of Khaled Bin Al Walid school in An Nusayrat (Deir El Balah, Gaza Strip) injuring people. Israeli warplanes also targeted a house in Camp 2 in the same location killing 7 people and injuring others. Israeli artillery also targeted Camp 5. Casualties unknown. Number of fatalities coded as at least 7.", "fatalities": 7, "tags": null, "timestamp": 1753956656 }, "geometry": { "type": "Point", "coordinates": [ 34.3925, 31.4486 ] } },
{ "type": "Feature", "properties": { "event_id_cnty": "PSE66656", "event_date": "1/14/2025", "year": 2025, "time_precision": 1, "disorder_type": "Political violence", "event_type": "Explosions/Remote violence", "sub_event_type": "Air/drone strike", "actor1": "Military Forces of Israel (2022-)", "assoc_actor_1": null, "inter1": 8, "actor2": "Civilians (Palestine)", "assoc_actor_2": "Refugees/IDPs (Palestine)", "inter2": 7, "interaction": 78, "civilian_targeting": "Civilian targeting", "iso": 275, "region": "Middle East", "country": "Palestine", "admin1": "Gaza Strip", "admin2": "Deir El Balah", "admin3": null, "location": "An Nusayrat - West", "latitude": 31.4525, "longitude": 34.3756, "geo_precision": 1, "source": "Palestine News and Information Agency; Quds News Network", "source_scale": "National", "notes": "On 14 January 2025, an Israeli quadcopter drone targeted an IDPs tent in An Nusayrat - West (Deir El Balah, Gaza Strip) killing two children and injuring others.", "fatalities": 2, "tags": null, "timestamp": 1753956656 }, "geometry": { "type": "Point", "coordinates": [ 34.3756, 31.4525 ] } },
{ "type": "Feature", "properties": { "event_id_cnty": "PSE66657", "event_date": "1/14/2025", "year": 2025, "time_precision": 1, "disorder_type": "Political violence", "event_type": "Explosions/Remote violence", "sub_event_type": "Air/drone strike", "actor1": "Military Forces of Israel (2022-)", "assoc_actor_1": null, "inter1": 8, "actor2": "Civilians (Palestine)", "assoc_actor_2": null, "inter2": 7, "interaction": 78, "civilian_targeting": "Civilian targeting", "iso": 275, "region": "Middle East", "country": "Palestine", "admin1": "Gaza Strip", "admin2": "Deir El Balah", "admin3": null, "location": "Az Zawayda", "latitude": 31.4284, "longitude": 34.366, "geo_precision": 1, "source": "Palestine News and Information Agency", "source_scale": "National", "notes": "On 14 January 2025, Israeli warplanes targeted a vehicle in Az Zawayda (Deir El Balah, Gaza Strip) killing 5 people, including 2 children, and injuring others.", "fatalities": 5, "tags": null, "timestamp": 1767742780 }, "geometry": { "type": "Point", "coordinates": [ 34.366, 31.4284 ] } },
{ "type": "Feature", "properties": { "event_id_cnty": "PSE66658", "event_date": "1/14/2025", "year": 2025, "time_precision": 1, "disorder_type": "Political violence", "event_type": "Explosions/Remote violence", "sub_event_type": "Shelling/artillery/missile attack", "actor1": "Military Forces of Israel (2022-)", "assoc_actor_1": null, "inter1": 8, "actor2": "Civilians (Palestine)", "assoc_actor_2": "Fishers (Palestine)", "inter2": 7, "interaction": 78, "civilian_targeting": "Civilian targeting", "iso": 275, "region": "Middle East", "country": "Palestine", "admin1": "Gaza Strip", "admin2": "Deir El Balah", "admin3": null, "location": "Coast of Deir al Balah", "latitude": 31.4323, "longitude": 34.3283, "geo_precision": 2, "source": "Newpress; Palestine News and Information Agency; Twitter", "source_scale": "New media-National", "notes": "On 14 January 2025, Israeli warships targeted a fishing boat on the Coast of Deir al Balah (Deir El Balah, Gaza Strip) killing a fisherman and injuring another person.", "fatalities": 1, "tags": null, "timestamp": 1764045690 }, "geometry": { "type": "Point", "coordinates": [ 34.3283, 31.4323 ] } },
{ "type": "Feature", "properties": { "event_id_cnty": "PSE66662", "event_date": "1/14/2025", "year": 2025, "time_precision": 1, "disorder_type": "Political violence", "event_type": "Explosions/Remote violence", "sub_event_type": "Air/drone strike", "actor1": "Military Forces of Israel (2022-)", "assoc_actor_1": null, "inter1": 8, "actor2": "Civilians (Palestine)", "assoc_actor_2": "Refugees/IDPs (Palestine)", "inter2": 7, "interaction": 78, "civilian_targeting": "Civilian targeting", "iso": 275, "region": "Middle East", "country": "Palestine", "admin1": "Gaza Strip", "admin2": "Deir El Balah", "admin3": null, "location": "Deir al Balah", "latitude": 31.4178, "longitude": 34.3503, "geo_precision": 1, "source": "Palestine News and Information Agency; Quds News Network", "source_scale": "National", "notes": "On 14 January 2025, Israeli warplanes and helicopters targeted a house on Nakhil street and IDP tents in other areas in Deir al Balah (Deir El Balah, Gaza Strip) killing 7 people, including children, and injuring others. Israeli warplanes also targeted a house in Al Burka area in the same location, killing 13 people and injuring others. Total confirmed fatalities is 20.", "fatalities": 20, "tags": null, "timestamp": 1753956656 }, "geometry": { "type": "Point", "coordinates": [ 34.3503, 31.4178 ] } },
{ "type": "Feature", "properties": { "event_id_cnty": "PSE66669", "event_date": "1/14/2025", "year": 2025, "time_precision": 1, "disorder_type": "Political violence", "event_type": "Explosions/Remote violence", "sub_event_type": "Air/drone strike", "actor1": "Military Forces of Israel (2022-)", "assoc_actor_1": null, "inter1": 8, "actor2": "Civilians (Palestine)", "assoc_actor_2": null, "inter2": 7, "interaction": 78, "civilian_targeting": "Civilian targeting", "iso": 275, "region": "Middle East", "country": "Palestine", "admin1": "Gaza Strip", "admin2": "Gaza City", "admin3": null, "location": "Gaza", "latitude": 31.5045, "longitude": 34.4743, "geo_precision": 1, "source": "Palestine News and Information Agency; Quds News Network", "source_scale": "National", "notes": "On 14 January 2025, Israeli warplanes targeted a group of people in Saraya intersection in Gaza (Gaza City, Gaza Strip) killing at least 2 and injuring others. Israeli warplanes also targeted a house in Jalaa street in Gaza, killing and injuring several people. Unconfirmed number of fatalities coded as 3. Israeli warplanes also launched an airstrike on Nafaq street in Gaza. Casualties unknown. Number of fatalities coded as at least 5.", "fatalities": 5, "tags": null, "timestamp": 1759790002 }, "geometry": { "type": "Point", "coordinates": [ 34.4743, 31.5045 ] } },
{ "type": "Feature", "properties": { "event_id_cnty": "PSE66683", "event_date": "1/14/2025", "year": 2025, "time_precision": 1, "disorder_type": "Political violence", "event_type": "Explosions/Remote violence", "sub_event_type": "Air/drone strike", "actor1": "Military Forces of Israel (2022-)", "assoc_actor_1": null, "inter1": 8, "actor2": "Civilians (Palestine)", "assoc_actor_2": null, "inter2": 7, "interaction": 78, "civilian_targeting": "Civilian targeting", "iso": 275, "region": "Middle East", "country": "Palestine", "admin1": "Gaza Strip", "admin2": "Gaza City", "admin3": null, "location": "Gaza - Ash Shati' Camp", "latitude": 31.5349, "longitude": 34.4466, "geo_precision": 1, "source": "Palestine News and Information Agency", "source_scale": "National", "notes": "On 14 January 2025, Israeli warplanes targeted a group of people in Gaza - Ash Shati' Camp (Gaza City, Gaza Strip) killing 2 and injuring others.", "fatalities": 2, "tags": null, "timestamp": 1759790002 }, "geometry": { "type": "Point", "coordinates": [ 34.4466, 31.5349 ] } },
{ "type": "Feature", "properties": { "event_id_cnty": "PSE66706", "event_date": "1/14/2025", "year": 2025, "time_precision": 1, "disorder_type": "Political violence", "event_type": "Explosions/Remote violence", "sub_event_type": "Air/drone strike", "actor1": "Military Forces of Israel (2022-)", "assoc_actor_1": null, "inter1": 8, "actor2": "Civilians (Palestine)", "assoc_actor_2": null, "inter2": 7, "interaction": 78, "civilian_targeting": "Civilian targeting", "iso": 275, "region": "Middle East", "country": "Palestine", "admin1": "Gaza Strip", "admin2": "Gaza City", "admin3": null, "location": "Gaza - Northern Remal", "latitude": 31.524, "longitude": 34.4505, "geo_precision": 1, "source": "Newpress; Twitter", "source_scale": "New media-National", "notes": "On 14 January 2025, Israeli warplanes targeted a group of people in Gaza - Northern Remal (Gaza City, Gaza Strip) killing and injuring several people. Unconfirmed number of fatalities coded to 3.", "fatalities": 3, "tags": null, "timestamp": 1759790002 }, "geometry": { "type": "Point", "coordinates": [ 34.4505, 31.524 ] } },
{ "type": "Feature", "properties": { "event_id_cnty": "PSE66707", "event_date": "1/14/2025", "year": 2025, "time_precision": 1, "disorder_type": "Political violence", "event_type": "Explosions/Remote violence", "sub_event_type": "Air/drone strike", "actor1": "Military Forces of Israel (2022-)", "assoc_actor_1": null, "inter1": 8, "actor2": "Civilians (Palestine)", "assoc_actor_2": null, "inter2": 7, "interaction": 78, "civilian_targeting": "Civilian targeting", "iso": 275, "region": "Middle East", "country": "Palestine", "admin1": "Gaza Strip", "admin2": "Gaza City", "admin3": null, "location": "Gaza - Old City", "latitude": 31.504, "longitude": 34.4639, "geo_precision": 1, "source": "Palestine News and Information Agency; Quds News Network; Twitter", "source_scale": "New media-National", "notes": "On 14 January 2025, Israeli warplanes targeted a house in Gaza - Old City (Gaza City, Gaza Strip), casualties unknown.", "fatalities": 0, "tags": null, "timestamp": 1759790002 }, "geometry": { "type": "Point", "coordinates": [ 34.4639, 31.504 ] } },
{ "type": "Feature", "properties": { "event_id_cnty": "PSE66713", "event_date": "1/14/2025", "year": 2025, "time_precision": 1, "disorder_type": "Political violence", "event_type": "Explosions/Remote violence", "sub_event_type": "Air/drone strike", "actor1": "Military Forces of Israel (2022-)", "assoc_actor_1": null, "inter1": 8, "actor2": "Civilians (Palestine)", "assoc_actor_2": null, "inter2": 7, "interaction": 78, "civilian_targeting": "Civilian targeting", "iso": 275, "region": "Middle East", "country": "Palestine", "admin1": "Gaza Strip", "admin2": "Gaza City", "admin3": null, "location": "Gaza - Sheikh Radwan", "latitude": 31.5349, "longitude": 34.4667, "geo_precision": 1, "source": "Palestine News and Information Agency", "source_scale": "National", "notes": "On 14 January 2025, Israeli forces, likely warplanes, targeted a house in Gaza - Sheikh Radwan (Gaza City, Gaza Strip) injuring several people.", "fatalities": 0, "tags": null, "timestamp": 1759790002 }, "geometry": { "type": "Point", "coordinates": [ 34.4667, 31.5349 ] } },
{ "type": "Feature", "properties": { "event_id_cnty": "PSE66727", "event_date": "1/14/2025", "year": 2025, "time_precision": 1, "disorder_type": "Political violence", "event_type": "Explosions/Remote violence", "sub_event_type": "Air/drone strike", "actor1": "Military Forces of Israel (2022-)", "assoc_actor_1": null, "inter1": 8, "actor2": "Civilians (Palestine)", "assoc_actor_2": null, "inter2": 7, "interaction": 78, "civilian_targeting": "Civilian targeting", "iso": 275, "region": "Middle East", "country": "Palestine", "admin1": "Gaza Strip", "admin2": "Gaza City", "admin3": null, "location": "Gaza - Southern Remal", "latitude": 31.5168, "longitude": 34.4355, "geo_precision": 2, "source": "Newpress; Quds News Network; Twitter", "source_scale": "New media-National", "notes": "On 14 January 2025, Israeli forces, likely warplanes, targeted a group of people in Palestine roundabout in west of Gaza, coded to Gaza - Southern Remal (Gaza City, Gaza Strip) injuring people who were admitted to Maamadani hospital. Israeli warplanes also targeted a house in the same location. Casualties unknown.", "fatalities": 0, "tags": null, "timestamp": 1759790002 }, "geometry": { "type": "Point", "coordinates": [ 34.4355, 31.5168 ] } },
{ "type": "Feature", "properties": { "event_id_cnty": "PSE66738", "event_date": "1/14/2025", "year": 2025, "time_precision": 1, "disorder_type": "Political violence", "event_type": "Explosions/Remote violence", "sub_event_type": "Air/drone strike", "actor1": "Military Forces of Israel (2022-)", "assoc_actor_1": null, "inter1": 8, "actor2": "Civilians (Palestine)", "assoc_actor_2": null, "inter2": 7, "interaction": 78, "civilian_targeting": "Civilian targeting", "iso": 275, "region": "Middle East", "country": "Palestine", "admin1": "Gaza Strip", "admin2": "Khan Yunis", "admin3": null, "location": "Abasan al Kabirah", "latitude": 31.3191, "longitude": 34.3401, "geo_precision": 1, "source": "Palestine News and Information Agency; Quds News Network", "source_scale": "National", "notes": "On 14 January 2025, Israeli warplanes targeted a house in Abasan al Kabirah (Khan Yunis, Gaza Strip) killing a woman and her child, and injuring others.", "fatalities": 2, "tags": null, "timestamp": 1753956656 }, "geometry": { "type": "Point", "coordinates": [ 34.3401, 31.3191 ] } },
{ "type": "Feature", "properties": { "event_id_cnty": "PSE66744", "event_date": "1/14/2025", "year": 2025, "time_precision": 1, "disorder_type": "Political violence", "event_type": "Explosions/Remote violence", "sub_event_type": "Shelling/artillery/missile attack", "actor1": "Military Forces of Israel (2022-)", "assoc_actor_1": null, "inter1": 8, "actor2": "Civilians (Palestine)", "assoc_actor_2": null, "inter2": 7, "interaction": 78, "civilian_targeting": "Civilian targeting", "iso": 275, "region": "Middle East", "country": "Palestine", "admin1": "Gaza Strip", "admin2": "Khan Yunis", "admin3": null, "location": "Al Qararah", "latitude": 31.3739, "longitude": 34.3409, "geo_precision": 1, "source": "Newpress; Palestine News and Information Agency; Twitter", "source_scale": "New media-National", "notes": "On 14 January 2025, Israeli artillery fired at Al Qararah (Khan Yunis, Gaza Strip) injuring 2 people.", "fatalities": 0, "tags": null, "timestamp": 1753956656 }, "geometry": { "type": "Point", "coordinates": [ 34.3409, 31.3739 ] } },
{ "type": "Feature", "properties": { "event_id_cnty": "PSE66753", "event_date": "1/14/2025", "year": 2025, "time_precision": 1, "disorder_type": "Political violence", "event_type": "Explosions/Remote violence", "sub_event_type": "Air/drone strike", "actor1": "Military Forces of Israel (2022-)", "assoc_actor_1": null, "inter1": 8, "actor2": "Civilians (Palestine)", "assoc_actor_2": null, "inter2": 7, "interaction": 78, "civilian_targeting": "Civilian targeting", "iso": 275, "region": "Middle East", "country": "Palestine", "admin1": "Gaza Strip", "admin2": "Khan Yunis", "admin3": null, "location": "Khan Yunis - West (Municipal Stadium)", "latitude": 31.3484, "longitude": 34.2961, "geo_precision": 2, "source": "Palestine News and Information Agency; Quds News Network", "source_scale": "National", "notes": "On 14 January 2025, Israeli warplanes launched an airstrike on an agricultural land near roundabout '17' in west of Khan Yunis, coded to Khan Yunis - West (Municipal Stadium) (Khan Yunis, Gaza Strip) injuring 2 people.", "fatalities": 0, "tags": null, "timestamp": 1753956656 }, "geometry": { "type": "Point", "coordinates": [ 34.2961, 31.3484 ] } },
{ "type": "Feature", "properties": { "event_id_cnty": "PSE66797", "event_date": "1/14/2025", "year": 2025, "time_precision": 1, "disorder_type": "Political violence", "event_type": "Explosions/Remote violence", "sub_event_type": "Air/drone strike", "actor1": "Military Forces of Israel (2022-)", "assoc_actor_1": null, "inter1": 8, "actor2": "Civilians (Palestine)", "assoc_actor_2": null, "inter2": 7, "interaction": 78, "civilian_targeting": "Civilian targeting", "iso": 275, "region": "Middle East", "country": "Palestine", "admin1": "Gaza Strip", "admin2": "Rafah", "admin3": null, "location": "An Nasr", "latitude": 31.2814, "longitude": 34.3025, "geo_precision": 1, "source": "Palestine News and Information Agency", "source_scale": "National", "notes": "On 14 January 2025, Israeli warplanes targeted An Nasr (Rafah, Gaza Strip) killing 4 children and a woman and injuring others.", "fatalities": 5, "tags": null, "timestamp": 1753956656 }, "geometry": { "type": "Point", "coordinates": [ 34.3025, 31.2814 ] } },
{ "type": "Feature", "properties": { "event_id_cnty": "PSE66691", "event_date": "1/14/2025", "year": 2025, "time_precision": 1, "disorder_type": "Political violence", "event_type": "Explosions/Remote violence", "sub_event_type": "Air/drone strike", "actor1": "Military Forces of Israel (2022-)", "assoc_actor_1": null, "inter1": 8, "actor2": "Civilians (Palestine)", "assoc_actor_2": null, "inter2": 7, "interaction": 78, "civilian_targeting": "Civilian targeting", "iso": 275, "region": "Middle East", "country": "Palestine", "admin1": "Gaza Strip", "admin2": "Gaza City", "admin3": null, "location": "Gaza - Az Zaytun", "latitude": 31.4964, "longitude": 34.4522, "geo_precision": 1, "source": "Liveuamap; Quds News Network", "source_scale": "Local partner-New media", "notes": "On 14 January 2025, Israeli warplanes targeted a house in Gaza - Az Zaytun (Gaza City, Gaza Strip). Casualties unknown. Israeli artillery also targeted the same location. Casualties unknown.", "fatalities": 0, "tags": null, "timestamp": 1759790002 }, "geometry": { "type": "Point", "coordinates": [ 34.4522, 31.4964 ] } },
{ "type": "Feature", "properties": { "event_id_cnty": "PSE66777", "event_date": "1/14/2025", "year": 2025, "time_precision": 1, "disorder_type": "Political violence", "event_type": "Explosions/Remote violence", "sub_event_type": "Air/drone strike", "actor1": "Military Forces of Israel (2022-)", "assoc_actor_1": null, "inter1": 8, "actor2": "Civilians (Palestine)", "assoc_actor_2": null, "inter2": 7, "interaction": 78, "civilian_targeting": "Civilian targeting", "iso": 275, "region": "Middle East", "country": "Palestine", "admin1": "Gaza Strip", "admin2": "North Gaza", "admin3": null, "location": "Jabalya", "latitude": 31.5272, "longitude": 34.4835, "geo_precision": 1, "source": "Quds News Network", "source_scale": "National", "notes": "On 14 January 2025, Israeli forces, likely warplanes, targeted Jabalya (North Gaza, Gaza Strip) injuring several people who were admitted to Maamadani Hospital.", "fatalities": 0, "tags": null, "timestamp": 1759790002 }, "geometry": { "type": "Point", "coordinates": [ 34.4835, 31.5272 ] } },
{ "type": "Feature", "properties": { "event_id_cnty": "PSE66750", "event_date": "1/14/2025", "year": 2025, "time_precision": 1, "disorder_type": "Political violence", "event_type": "Explosions/Remote violence", "sub_event_type": "Air/drone strike", "actor1": "Military Forces of Israel (2022-)", "assoc_actor_1": null, "inter1": 8, "actor2": "Civilians (Palestine)", "assoc_actor_2": "Refugees/IDPs (Palestine)", "inter2": 7, "interaction": 78, "civilian_targeting": "Civilian targeting", "iso": 275, "region": "Middle East", "country": "Palestine", "admin1": "Gaza Strip", "admin2": "Khan Yunis", "admin3": null, "location": "Khan Yunis - Jourat Al-Loot", "latitude": 31.3314, "longitude": 34.3004, "geo_precision": 2, "source": "Newpress; Twitter", "source_scale": "New media-National", "notes": "On 14 January 2025, Israeli warplanes targeted a house in Al Manara area in south of Khan Yunis, coded to Khan Yunis - Jourat Al-Loot (Khan Yunis, Gaza Strip) killing 10 people, including IDPs, and injuring others. Israeli warplanes targeted another house in the same location injuring several people.", "fatalities": 10, "tags": null, "timestamp": 1753956656 }, "geometry": { "type": "Point", "coordinates": [ 34.3004, 31.3314 ] } },
{ "type": "Feature", "properties": { "event_id_cnty": "PSE76501", "event_date": "1/14/2025", "year": 2025, "time_precision": 1, "disorder_type": "Political violence", "event_type": "Explosions/Remote violence", "sub_event_type": "Air/drone strike", "actor1": "Military Forces of Israel (2022-)", "assoc_actor_1": null, "inter1": 8, "actor2": "Civilians (Palestine)", "assoc_actor_2": "Health Workers (Palestine); Refugees/IDPs (Palestine)", "inter2": 7, "interaction": 78, "civilian_targeting": "Civilian targeting", "iso": 275, "region": "Middle East", "country": "Palestine", "admin1": "Gaza Strip", "admin2": "Deir El Balah", "admin3": null, "location": "An Nusayrat", "latitude": 31.4486, "longitude": 34.3925, "geo_precision": 1, "source": "Aid Worker Security Database", "source_scale": "Local partner-Other", "notes": "On 14 January 2025, one female health worker was killed along with her family when an airstrike hit their home in An Nusayrat, Deir El Balah, Gaza strip.", "fatalities": 1, "tags": null, "timestamp": 1753956587 }, "geometry": { "type": "Point", "coordinates": [ 34.3925, 31.4486 ] } },
{ "type": "Feature", "properties": { "event_id_cnty": "PSE66631", "event_date": "1/15/2025", "year": 2025, "time_precision": 1, "disorder_type": "Political violence", "event_type": "Explosions/Remote violence", "sub_event_type": "Air/drone strike", "actor1": "Military Forces of Israel (2022-)", "assoc_actor_1": null, "inter1": 8, "actor2": "Civilians (Palestine)", "assoc_actor_2": null, "inter2": 7, "interaction": 78, "civilian_targeting": "Civilian targeting", "iso": 275, "region": "Middle East", "country": "Palestine", "admin1": "Gaza Strip", "admin2": "Deir El Balah", "admin3": null, "location": "Al Burayj", "latitude": 31.4394, "longitude": 34.4031, "geo_precision": 1, "source": "Ma'an News Agency; Palestine News and Information Agency; Quds News Network", "source_scale": "National", "notes": "On 15 January 2025, Israeli warplanes struck a residential home in Al Burayj Camp (Deir El Balah, Gaza Strip), resulting in two killed and others injured. Also, Israeli warplanes struck the same area, resulting in five killed and others injured. Additionally, Israeli warplanes struck a home in 'Block 1', resulting in three killed and others injured [among them children]. Furthermore, Israeli warplanes targeted a gathering of people in the vicinity of Abu Madeen Mosque in the same location, resulting in one killed. Later in the day, an Israeli drone struck a gathering of people in Block 9 in the same area, resulting in four killed. Total fatalities coded as 15.", "fatalities": 15, "tags": null, "timestamp": 1753956656 }, "geometry": { "type": "Point", "coordinates": [ 34.4031, 31.4394 ] } },
{ "type": "Feature", "properties": { "event_id_cnty": "PSE66639", "event_date": "1/15/2025", "year": 2025, "time_precision": 1, "disorder_type": "Political violence", "event_type": "Explosions/Remote violence", "sub_event_type": "Air/drone strike", "actor1": "Military Forces of Israel (2022-)", "assoc_actor_1": null, "inter1": 8, "actor2": "Civilians (Palestine)", "assoc_actor_2": "Refugees/IDPs (Palestine)", "inter2": 7, "interaction": 78, "civilian_targeting": "Civilian targeting", "iso": 275, "region": "Middle East", "country": "Palestine", "admin1": "Gaza Strip", "admin2": "Deir El Balah", "admin3": null, "location": "An Nusayrat", "latitude": 31.4486, "longitude": 34.3925, "geo_precision": 1, "source": "Palestine News and Information Agency; Quds News Network", "source_scale": "National", "notes": "On 15 January 2025, Israeli warplanes struck close to Khaled bin Al Waleed School in An Nusayrat Camp (Deir El Balah, Gaza Strip), resulting in two killed and others injured. While, Israeli helicopters opened fire in the same area [casualties unknown]. Also, Israeli warplanes struck camp 1 in the same area, resulting in injuries. Additionally, an Israeli surveillance plane launched a raid in the vicinity of Al Razzi Compound in the same area [casualties unknown]. Furthermore, Israeli warplanes struck a group of people at the entrance of An Nusayrat Camp [casualties unknown]. Israeli naval boats also opened fire at the western areas of An Nusayrat Camp [casualties unknown]. Total fatalities coded as at least 2.", "fatalities": 2, "tags": null, "timestamp": 1753956656 }, "geometry": { "type": "Point", "coordinates": [ 34.3925, 31.4486 ] } },
{ "type": "Feature", "properties": { "event_id_cnty": "PSE66648", "event_date": "1/15/2025", "year": 2025, "time_precision": 1, "disorder_type": "Political violence", "event_type": "Explosions/Remote violence", "sub_event_type": "Air/drone strike", "actor1": "Military Forces of Israel (2022-)", "assoc_actor_1": null, "inter1": 8, "actor2": "Civilians (Palestine)", "assoc_actor_2": "Refugees/IDPs (Palestine)", "inter2": 7, "interaction": 78, "civilian_targeting": "Civilian targeting", "iso": 275, "region": "Middle East", "country": "Palestine", "admin1": "Gaza Strip", "admin2": "Deir El Balah", "admin3": null, "location": "An Nusayrat - North", "latitude": 31.4591, "longitude": 34.3923, "geo_precision": 1, "source": "Al Ghad (Jordan); Quds News Network", "source_scale": "National-Regional", "notes": "On 15 January 2025, Israeli warplanes struck a vehicle close to Al Masqat school in camp 2 in An Nusayrat - North (Deir El Balah, Gaza Strip), resulting in five killed. Also, Israeli artillery shelled the same area [casualties unknown]. Total fatalities coded as at least 5.", "fatalities": 5, "tags": null, "timestamp": 1753956656 }, "geometry": { "type": "Point", "coordinates": [ 34.3923, 31.4591 ] } },
{ "type": "Feature", "properties": { "event_id_cnty": "PSE66654", "event_date": "1/15/2025", "year": 2025, "time_precision": 1, "disorder_type": "Political violence", "event_type": "Explosions/Remote violence", "sub_event_type": "Air/drone strike", "actor1": "Military Forces of Israel (2022-)", "assoc_actor_1": null, "inter1": 8, "actor2": "Civilians (Palestine)", "assoc_actor_2": "Health Workers (Palestine); Refugees/IDPs (Palestine)", "inter2": 7, "interaction": 78, "civilian_targeting": "Civilian targeting", "iso": 275, "region": "Middle East", "country": "Palestine", "admin1": "Gaza Strip", "admin2": "Deir El Balah", "admin3": null, "location": "An Nusayrat - South", "latitude": 31.4389, "longitude": 34.3815, "geo_precision": 1, "source": "Palestine News and Information Agency", "source_scale": "National", "notes": "On 15 January 2025, Israeli warplanes struck a residential house in Camp 2 in An Nusayrat - South (Deir El Balah, Gaza Strip), resulting in six killed and seven others injured [among them the head of the nursing department in Al Odeh Hospital]. Also, Israeli warplanes struck a home in the same area, resulting in seven killed and others injured. Total fatalities coded as 13.", "fatalities": 13, "tags": null, "timestamp": 1753956656 }, "geometry": { "type": "Point", "coordinates": [ 34.3815, 31.4389 ] } },
{ "type": "Feature", "properties": { "event_id_cnty": "PSE66659", "event_date": "1/15/2025", "year": 2025, "time_precision": 1, "disorder_type": "Political violence", "event_type": "Explosions/Remote violence", "sub_event_type": "Shelling/artillery/missile attack", "actor1": "Military Forces of Israel (2022-)", "assoc_actor_1": null, "inter1": 8, "actor2": "Civilians (Palestine)", "assoc_actor_2": "Fishers (Palestine)", "inter2": 7, "interaction": 78, "civilian_targeting": "Civilian targeting", "iso": 275, "region": "Middle East", "country": "Palestine", "admin1": "Gaza Strip", "admin2": "Deir El Balah", "admin3": null, "location": "Coast of Deir al Balah", "latitude": 31.4323, "longitude": 34.3283, "geo_precision": 2, "source": "Ma'an News Agency", "source_scale": "National", "notes": "On 15 January 2025, Israeli forces [likely naval boats] opened fire at a fisherman near the Coast of Deir al Balah in (Deir El Balah, Gaza Strip), resulting in one killed.", "fatalities": 1, "tags": null, "timestamp": 1764045690 }, "geometry": { "type": "Point", "coordinates": [ 34.3283, 31.4323 ] } },
{ "type": "Feature", "properties": { "event_id_cnty": "PSE66663", "event_date": "1/15/2025", "year": 2025, "time_precision": 1, "disorder_type": "Political violence", "event_type": "Explosions/Remote violence", "sub_event_type": "Air/drone strike", "actor1": "Military Forces of Israel (2022-)", "assoc_actor_1": null, "inter1": 8, "actor2": "Civilians (Palestine)", "assoc_actor_2": "Refugees/IDPs (Palestine)", "inter2": 7, "interaction": 78, "civilian_targeting": "Civilian targeting", "iso": 275, "region": "Middle East", "country": "Palestine", "admin1": "Gaza Strip", "admin2": "Deir El Balah", "admin3": null, "location": "Deir al Balah", "latitude": 31.4178, "longitude": 34.3503, "geo_precision": 1, "source": "Ma'an News Agency; Palestine News and Information Agency", "source_scale": "National", "notes": "On 15 January 2025, Israeli warplanes struck two residential homes in Deir al Balah (Deir El Balah, Gaza Strip), resulting in thirteen killed [likely IDPs] and others injured [most with critical injuries].", "fatalities": 13, "tags": null, "timestamp": 1753956656 }, "geometry": { "type": "Point", "coordinates": [ 34.3503, 31.4178 ] } },
{ "type": "Feature", "properties": { "event_id_cnty": "PSE66670", "event_date": "1/15/2025", "year": 2025, "time_precision": 1, "disorder_type": "Political violence", "event_type": "Explosions/Remote violence", "sub_event_type": "Air/drone strike", "actor1": "Military Forces of Israel (2022-)", "assoc_actor_1": null, "inter1": 8, "actor2": "Civilians (Palestine)", "assoc_actor_2": "Refugees/IDPs (Palestine)", "inter2": 7, "interaction": 78, "civilian_targeting": "Civilian targeting", "iso": 275, "region": "Middle East", "country": "Palestine", "admin1": "Gaza Strip", "admin2": "Gaza City", "admin3": null, "location": "Gaza", "latitude": 31.5045, "longitude": 34.4743, "geo_precision": 1, "source": "Palestine News and Information Agency; Quds News Network", "source_scale": "National", "notes": "On 15 January 2025, Israeli warplanes struck the Farabi School, where IDPs were sheltering, in the Yarmouk area of Gaza City (Gaza City, Gaza Strip), resulting in seven killed [among them one child] and others injured.", "fatalities": 7, "tags": null, "timestamp": 1759790002 }, "geometry": { "type": "Point", "coordinates": [ 34.4743, 31.5045 ] } },
{ "type": "Feature", "properties": { "event_id_cnty": "PSE66677", "event_date": "1/15/2025", "year": 2025, "time_precision": 1, "disorder_type": "Political violence", "event_type": "Explosions/Remote violence", "sub_event_type": "Air/drone strike", "actor1": "Military Forces of Israel (2022-)", "assoc_actor_1": null, "inter1": 8, "actor2": "Civilians (Palestine)", "assoc_actor_2": null, "inter2": 7, "interaction": 78, "civilian_targeting": "Civilian targeting", "iso": 275, "region": "Middle East", "country": "Palestine", "admin1": "Gaza Strip", "admin2": "Gaza City", "admin3": null, "location": "Gaza - Ad Darraj", "latitude": 31.5172, "longitude": 34.4642, "geo_precision": 1, "source": "Al-Ittihad; Palestine News and Information Agency", "source_scale": "National-Regional", "notes": "On 15 January 2025, Israeli warplanes struck a residential home in Al Shawa roundabout in Gaza - Ad Darraj area (Gaza City, Gaza Strip), resulting in four killed.", "fatalities": 4, "tags": null, "timestamp": 1759790002 }, "geometry": { "type": "Point", "coordinates": [ 34.4642, 31.5172 ] } },
{ "type": "Feature", "properties": { "event_id_cnty": "PSE66709", "event_date": "1/15/2025", "year": 2025, "time_precision": 1, "disorder_type": "Political violence", "event_type": "Explosions/Remote violence", "sub_event_type": "Air/drone strike", "actor1": "Military Forces of Israel (2022-)", "assoc_actor_1": null, "inter1": 8, "actor2": "Civilians (Palestine)", "assoc_actor_2": null, "inter2": 7, "interaction": 78, "civilian_targeting": "Civilian targeting", "iso": 275, "region": "Middle East", "country": "Palestine", "admin1": "Gaza Strip", "admin2": "Gaza City", "admin3": null, "location": "Gaza - Sabra", "latitude": 31.5086, "longitude": 34.4493, "geo_precision": 1, "source": "Quds News Network", "source_scale": "National", "notes": "On 15 January 2025, Israeli warplanes struck a group of people in Gaza - Sabra neighbourhood in (Gaza City, Gaza Strip), resulting in injuries.", "fatalities": 0, "tags": null, "timestamp": 1759790002 }, "geometry": { "type": "Point", "coordinates": [ 34.4493, 31.5086 ] } },
{ "type": "Feature", "properties": { "event_id_cnty": "PSE66714", "event_date": "1/15/2025", "year": 2025, "time_precision": 1, "disorder_type": "Political violence", "event_type": "Explosions/Remote violence", "sub_event_type": "Air/drone strike", "actor1": "Military Forces of Israel (2022-)", "assoc_actor_1": null, "inter1": 8, "actor2": "Civilians (Palestine)", "assoc_actor_2": "Refugees/IDPs (Palestine)", "inter2": 7, "interaction": 78, "civilian_targeting": "Civilian targeting", "iso": 275, "region": "Middle East", "country": "Palestine", "admin1": "Gaza Strip", "admin2": "Gaza City", "admin3": null, "location": "Gaza - Sheikh Radwan", "latitude": 31.5349, "longitude": 34.4667, "geo_precision": 1, "source": "Palestine News and Information Agency; Quds News Network", "source_scale": "National", "notes": "On 15 January 2025, Israeli warplanes struck Al Ahli Club, where IDPs were sheltering, in Gaza - Sheikh Radwan (Gaza City, Gaza Strip), resulting in people killed and injured [unspecified number of fatalities coded as 3]. Also, Israeli warplanes struck a block of residential homes close to the 'Engineers Syndicate' in the same area, resulting in eighteen killed and others injured [majority of whom are children]. Additionally, Israeli warplanes struck a residential home east of Saeed Siyam Mosque in the same location, resulting in ten killed and others injured. Total fatalities coded as 31.", "fatalities": 31, "tags": null, "timestamp": 1759790002 }, "geometry": { "type": "Point", "coordinates": [ 34.4667, 31.5349 ] } },
{ "type": "Feature", "properties": { "event_id_cnty": "PSE66728", "event_date": "1/15/2025", "year": 2025, "time_precision": 1, "disorder_type": "Political violence", "event_type": "Explosions/Remote violence", "sub_event_type": "Air/drone strike", "actor1": "Military Forces of Israel (2022-)", "assoc_actor_1": null, "inter1": 8, "actor2": "Civilians (Palestine)", "assoc_actor_2": null, "inter2": 7, "interaction": 78, "civilian_targeting": "Civilian targeting", "iso": 275, "region": "Middle East", "country": "Palestine", "admin1": "Gaza Strip", "admin2": "Gaza City", "admin3": null, "location": "Gaza - Southern Remal", "latitude": 31.5168, "longitude": 34.4355, "geo_precision": 2, "source": "Ma'an News Agency", "source_scale": "National", "notes": "On 15 January 2025, Israeli warplanes struck a group of people in Al Remal neighbourhood west of Gaza City coded to Gaza - Southern Remal (Gaza City, Gaza Strip), resulting in one killed and others injured.", "fatalities": 1, "tags": null, "timestamp": 1759790002 }, "geometry": { "type": "Point", "coordinates": [ 34.4355, 31.5168 ] } },
{ "type": "Feature", "properties": { "event_id_cnty": "PSE66742", "event_date": "1/15/2025", "year": 2025, "time_precision": 1, "disorder_type": "Political violence", "event_type": "Explosions/Remote violence", "sub_event_type": "Air/drone strike", "actor1": "Military Forces of Israel (2022-)", "assoc_actor_1": null, "inter1": 8, "actor2": "Civilians (Palestine)", "assoc_actor_2": "Journalists (Palestine); Refugees/IDPs (Palestine)", "inter2": 7, "interaction": 78, "civilian_targeting": "Civilian targeting", "iso": 275, "region": "Middle East", "country": "Palestine", "admin1": "Gaza Strip", "admin2": "Khan Yunis", "admin3": null, "location": "Al Mawasi (Khan Yunis)", "latitude": 31.3482, "longitude": 34.2547, "geo_precision": 1, "source": "Palestine News and Information Agency; Quds News Network", "source_scale": "National", "notes": "On 15 January 2025, Israeli warplanes struck Al Mawasi (Khan Yunis) in (Khan Yunis, Gaza Strip), resulting in two killed [one Journalist]. Also, Israeli helicopters opened fire at a tent, where IDPs were sheltering, near Al Oumdeh Cafe in the same area, resulting in injuries. Additionally, Israeli warplanes struck a charitable space in the same location, resulting in three killed and others injured. Total fatalities coded as 5.", "fatalities": 5, "tags": null, "timestamp": 1762829569 }, "geometry": { "type": "Point", "coordinates": [ 34.2547, 31.3482 ] } },
{ "type": "Feature", "properties": { "event_id_cnty": "PSE66798", "event_date": "1/15/2025", "year": 2025, "time_precision": 1, "disorder_type": "Political violence", "event_type": "Explosions/Remote violence", "sub_event_type": "Air/drone strike", "actor1": "Military Forces of Israel (2022-)", "assoc_actor_1": null, "inter1": 8, "actor2": "Civilians (Palestine)", "assoc_actor_2": null, "inter2": 7, "interaction": 78, "civilian_targeting": "Civilian targeting", "iso": 275, "region": "Middle East", "country": "Palestine", "admin1": "Gaza Strip", "admin2": "Rafah", "admin3": null, "location": "An Nasr", "latitude": 31.2814, "longitude": 34.3025, "geo_precision": 1, "source": "Ma'an News Agency; Palestine News and Information Agency", "source_scale": "National", "notes": "On 15 January 2025, Israeli warplanes struck a residential home in An Nasr neighbourhood in Rafah (Gaza Strip), resulting in six killed [among them one woman] and four others injured.", "fatalities": 6, "tags": null, "timestamp": 1753956656 }, "geometry": { "type": "Point", "coordinates": [ 34.3025, 31.2814 ] } },
{ "type": "Feature", "properties": { "event_id_cnty": "PSE66819", "event_date": "1/15/2025", "year": 2025, "time_precision": 1, "disorder_type": "Political violence", "event_type": "Explosions/Remote violence", "sub_event_type": "Air/drone strike", "actor1": "Military Forces of Israel (2022-)", "assoc_actor_1": null, "inter1": 8, "actor2": "Civilians (Palestine)", "assoc_actor_2": null, "inter2": 7, "interaction": 78, "civilian_targeting": "Civilian targeting", "iso": 275, "region": "Middle East", "country": "Palestine", "admin1": "Gaza Strip", "admin2": "Rafah", "admin3": null, "location": "Yibna", "latitude": 31.2842, "longitude": 34.2482, "geo_precision": 2, "source": "Quds News Network", "source_scale": "National", "notes": "On 15 January 2025, Israeli warplanes struck a group of people east of Rafah City coded to Yibna (Rafah, Gaza Strip), resulting in two killed.", "fatalities": 2, "tags": null, "timestamp": 1753956656 }, "geometry": { "type": "Point", "coordinates": [ 34.2482, 31.2842 ] } },
{ "type": "Feature", "properties": { "event_id_cnty": "PSE66751", "event_date": "1/15/2025", "year": 2025, "time_precision": 1, "disorder_type": "Political violence", "event_type": "Explosions/Remote violence", "sub_event_type": "Air/drone strike", "actor1": "Military Forces of Israel (2022-)", "assoc_actor_1": null, "inter1": 8, "actor2": "Civilians (Palestine)", "assoc_actor_2": null, "inter2": 7, "interaction": 78, "civilian_targeting": "Civilian targeting", "iso": 275, "region": "Middle East", "country": "Palestine", "admin1": "Gaza Strip", "admin2": "Khan Yunis", "admin3": null, "location": "Khan Yunis - Jourat Al-Loot", "latitude": 31.3314, "longitude": 34.3004, "geo_precision": 2, "source": "Newpress; Palestine News and Information Agency", "source_scale": "National", "notes": "On 15 January 2025, Israeli warplanes struck a residential home in 'Qizan Rashwan' south of Khan Yunis coded to Khan Yunis - Jourat Al-Loot (Khan Yunis, Gaza Strip), resulting in two killed and others injured.", "fatalities": 2, "tags": null, "timestamp": 1753956656 }, "geometry": { "type": "Point", "coordinates": [ 34.3004, 31.3314 ] } },
{ "type": "Feature", "properties": { "event_id_cnty": "PSE66803", "event_date": "1/15/2025", "year": 2025, "time_precision": 1, "disorder_type": "Political violence", "event_type": "Explosions/Remote violence", "sub_event_type": "Air/drone strike", "actor1": "Military Forces of Israel (2022-)", "assoc_actor_1": null, "inter1": 8, "actor2": "Civilians (Palestine)", "assoc_actor_2": null, "inter2": 7, "interaction": 78, "civilian_targeting": "Civilian targeting", "iso": 275, "region": "Middle East", "country": "Palestine", "admin1": "Gaza Strip", "admin2": "Rafah", "admin3": null, "location": "Khirbet al Adas", "latitude": 31.2855, "longitude": 34.2714, "geo_precision": 1, "source": "Palestine News and Information Agency", "source_scale": "National", "notes": "On 15 January 2025, an Israeli drone struck Khirbet al Adas in Rafah (Gaza Strip), resulting in two killed.", "fatalities": 2, "tags": null, "timestamp": 1753956656 }, "geometry": { "type": "Point", "coordinates": [ 34.2714, 31.2855 ] } },
{ "type": "Feature", "properties": { "event_id_cnty": "PSE66804", "event_date": "1/15/2025", "year": 2025, "time_precision": 1, "disorder_type": "Political violence", "event_type": "Explosions/Remote violence", "sub_event_type": "Air/drone strike", "actor1": "Military Forces of Israel (2022-)", "assoc_actor_1": null, "inter1": 8, "actor2": "Civilians (Palestine)", "assoc_actor_2": null, "inter2": 7, "interaction": 78, "civilian_targeting": "Civilian targeting", "iso": 275, "region": "Middle East", "country": "Palestine", "admin1": "Gaza Strip", "admin2": "Rafah", "admin3": null, "location": "Khirbet al Adas", "latitude": 31.2855, "longitude": 34.2714, "geo_precision": 2, "source": "Palestine News and Information Agency; Quds News Network", "source_scale": "National", "notes": "On 15 January 2025, an Israeli drone struck a group of people in the western area of 'Kaf Mourwaj' north of Rafah coded to Khirbet al Adas (Rafah, Gaza Strip), resulting in five injuries [among them one critical injury].", "fatalities": 0, "tags": null, "timestamp": 1753956656 }, "geometry": { "type": "Point", "coordinates": [ 34.2714, 31.2855 ] } },
{ "type": "Feature", "properties": { "event_id_cnty": "PSE66809", "event_date": "1/15/2025", "year": 2025, "time_precision": 1, "disorder_type": "Political violence", "event_type": "Explosions/Remote violence", "sub_event_type": "Air/drone strike", "actor1": "Military Forces of Israel (2022-)", "assoc_actor_1": null, "inter1": 8, "actor2": "Civilians (Palestine)", "assoc_actor_2": null, "inter2": 7, "interaction": 78, "civilian_targeting": "Civilian targeting", "iso": 275, "region": "Middle East", "country": "Palestine", "admin1": "Gaza Strip", "admin2": "Rafah", "admin3": null, "location": "Rafah", "latitude": 31.287, "longitude": 34.2595, "geo_precision": 1, "source": "Palestine News and Information Agency", "source_scale": "National", "notes": "On 15 January 2025, Israeli warplanes struck Al Hayat Kitchen close to Al Kuwaiti Hospital coded to Rafah (Rafah , Gaza Strip), resulting in six killed and four others injured [pulled from under the rubble].", "fatalities": 6, "tags": null, "timestamp": 1762829569 }, "geometry": { "type": "Point", "coordinates": [ 34.2595, 31.287 ] } },
{ "type": "Feature", "properties": { "event_id_cnty": "PSE66684", "event_date": "1/15/2025", "year": 2025, "time_precision": 1, "disorder_type": "Political violence", "event_type": "Explosions/Remote violence", "sub_event_type": "Air/drone strike", "actor1": "Military Forces of Israel (2022-)", "assoc_actor_1": null, "inter1": 8, "actor2": "Civilians (Palestine)", "assoc_actor_2": "Journalists (Palestine)", "inter2": 7, "interaction": 78, "civilian_targeting": "Civilian targeting", "iso": 275, "region": "Middle East", "country": "Palestine", "admin1": "Gaza Strip", "admin2": "Gaza City", "admin3": null, "location": "Gaza - Ash Shati' Camp", "latitude": 31.5349, "longitude": 34.4466, "geo_precision": 1, "source": "Ma'an News Agency; Palestine News and Information Agency; Quds News Network", "source_scale": "National", "notes": "On 15 January 2025, Israeli warplanes struck a group of people [aid work distributors] on Al Bahr Street in Gaza - Ash Shati' Camp (Gaza City, Gaza Strip), resulting in three killed [including one journalist] and others injured. Also, Israeli warplanes struck a group of people in the vicinity of Abu Jamel coffee shop in the same area, resulting in five killed and others injured. Total fatalities coded as 8. This event involved violence over aid.", "fatalities": 8, "tags": null, "timestamp": 1759790002 }, "geometry": { "type": "Point", "coordinates": [ 34.4466, 31.5349 ] } },
{ "type": "Feature", "properties": { "event_id_cnty": "PSE66634", "event_date": "1/16/2025", "year": 2025, "time_precision": 1, "disorder_type": "Political violence", "event_type": "Explosions/Remote violence", "sub_event_type": "Air/drone strike", "actor1": "Military Forces of Israel (2022-)", "assoc_actor_1": null, "inter1": 8, "actor2": "Civilians (Palestine)", "assoc_actor_2": "Refugees/IDPs (Palestine)", "inter2": 7, "interaction": 78, "civilian_targeting": "Civilian targeting", "iso": 275, "region": "Middle East", "country": "Palestine", "admin1": "Gaza Strip", "admin2": "Deir El Balah", "admin3": null, "location": "Al Musaddar", "latitude": 31.4105, "longitude": 34.378, "geo_precision": 2, "source": "Quds News Network", "source_scale": "National", "notes": "On 16 January 2025, Israeli warplanes struck tents, where IDPs were sheltering, in the vicinity of Bilal Mosque in Al Bisa area west of Deir El Balah coded to Al Musaddar (Deir El Balah, Gaza Strip). Israeli warplanes also launched heavy raids in the same location. Casualties unknown.", "fatalities": 0, "tags": null, "timestamp": 1765850627 }, "geometry": { "type": "Point", "coordinates": [ 34.378, 31.4105 ] } },
{ "type": "Feature", "properties": { "event_id_cnty": "PSE66640", "event_date": "1/16/2025", "year": 2025, "time_precision": 1, "disorder_type": "Political violence", "event_type": "Explosions/Remote violence", "sub_event_type": "Air/drone strike", "actor1": "Military Forces of Israel (2022-)", "assoc_actor_1": null, "inter1": 8, "actor2": "Civilians (Palestine)", "assoc_actor_2": "Refugees/IDPs (Palestine)", "inter2": 7, "interaction": 78, "civilian_targeting": "Civilian targeting", "iso": 275, "region": "Middle East", "country": "Palestine", "admin1": "Gaza Strip", "admin2": "Deir El Balah", "admin3": null, "location": "An Nusayrat", "latitude": 31.4486, "longitude": 34.3925, "geo_precision": 1, "source": "Newpress; Palestine News and Information Agency; Quds News Network", "source_scale": "National", "notes": "On 16 January 2025, Israeli warplanes struck a residential home in the vicinity of Al Qassam cemetery in An Nusayrat (Deir El Balah, Gaza Strip), resulting in two killed and others injured. Additionally, Israeli artillery shelled the northern areas of An Nusayrat Camp [casualties unknown]. Israeli warplanes also struck another home and block C in the same area, resulting in three killed. Throughout the day, Israeli warplanes continued launching raids in the same location, resulting in injuries. Later, Israeli warplanes launched a raid at a six story residential building in the vicinity of Al Huda Mosque in An Nusayrat Camp [casualties unknown]. Total fatalities coded as at least 5.", "fatalities": 5, "tags": null, "timestamp": 1753956656 }, "geometry": { "type": "Point", "coordinates": [ 34.3925, 31.4486 ] } },
{ "type": "Feature", "properties": { "event_id_cnty": "PSE66671", "event_date": "1/16/2025", "year": 2025, "time_precision": 1, "disorder_type": "Political violence", "event_type": "Explosions/Remote violence", "sub_event_type": "Air/drone strike", "actor1": "Military Forces of Israel (2022-)", "assoc_actor_1": null, "inter1": 8, "actor2": "Civilians (Palestine)", "assoc_actor_2": null, "inter2": 7, "interaction": 78, "civilian_targeting": "Civilian targeting", "iso": 275, "region": "Middle East", "country": "Palestine", "admin1": "Gaza Strip", "admin2": "Gaza City", "admin3": null, "location": "Gaza", "latitude": 31.5045, "longitude": 34.4743, "geo_precision": 1, "source": "Palestine News and Information Agency; Quds News Network", "source_scale": "National", "notes": "On 16 January 2025, Israeli warplanes struck a residential home in the vicinity of Tarek Bn Ziyad in Gaza City (Gaza City, Gaza Strip), resulting in two killed. Also, Israeli warplanes struck the vicinity of Al Tayaran intersection in the same location, resulting in three killed. Total fatalities coded as 5.", "fatalities": 5, "tags": null, "timestamp": 1759790002 }, "geometry": { "type": "Point", "coordinates": [ 34.4743, 31.5045 ] } },
{ "type": "Feature", "properties": { "event_id_cnty": "PSE66678", "event_date": "1/16/2025", "year": 2025, "time_precision": 1, "disorder_type": "Political violence", "event_type": "Explosions/Remote violence", "sub_event_type": "Air/drone strike", "actor1": "Military Forces of Israel (2022-)", "assoc_actor_1": null, "inter1": 8, "actor2": "Civilians (Palestine)", "assoc_actor_2": null, "inter2": 7, "interaction": 78, "civilian_targeting": "Civilian targeting", "iso": 275, "region": "Middle East", "country": "Palestine", "admin1": "Gaza Strip", "admin2": "Gaza City", "admin3": null, "location": "Gaza - Ad Darraj", "latitude": 31.5172, "longitude": 34.4642, "geo_precision": 1, "source": "Palestine News and Information Agency", "source_scale": "National", "notes": "On 16 January 2025, Israeli warplanes struck a residential apartment in the vicinity of Al Shaabya intersection in Gaza - Ad Darraj (Gaza City, Gaza Strip), resulting in four killed and others injured [among them one child].", "fatalities": 4, "tags": null, "timestamp": 1759790002 }, "geometry": { "type": "Point", "coordinates": [ 34.4642, 31.5172 ] } },
{ "type": "Feature", "properties": { "event_id_cnty": "PSE66687", "event_date": "1/16/2025", "year": 2025, "time_precision": 1, "disorder_type": "Political violence", "event_type": "Explosions/Remote violence", "sub_event_type": "Air/drone strike", "actor1": "Military Forces of Israel (2022-)", "assoc_actor_1": null, "inter1": 8, "actor2": "Civilians (Palestine)", "assoc_actor_2": null, "inter2": 7, "interaction": 78, "civilian_targeting": "Civilian targeting", "iso": 275, "region": "Middle East", "country": "Palestine", "admin1": "Gaza Strip", "admin2": "Gaza City", "admin3": null, "location": "Gaza - At Tuffah", "latitude": 31.5134, "longitude": 34.4751, "geo_precision": 2, "source": "Quds News Network", "source_scale": "National", "notes": "On 16 January 2025, Israeli warplanes struck a residential home near Al Sultan Station on Yaffa Street, northeast of Gaza City, coded to Gaza - At Tuffah (Gaza City, Gaza Strip), resulting in people killed and injured. Israeli forces blocked the civil defence crew from reaching the site [unspecified number of fatalities coded as 3].", "fatalities": 3, "tags": null, "timestamp": 1759790002 }, "geometry": { "type": "Point", "coordinates": [ 34.4751, 31.5134 ] } },
{ "type": "Feature", "properties": { "event_id_cnty": "PSE66717", "event_date": "1/16/2025", "year": 2025, "time_precision": 1, "disorder_type": "Political violence", "event_type": "Explosions/Remote violence", "sub_event_type": "Air/drone strike", "actor1": "Military Forces of Israel (2022-)", "assoc_actor_1": null, "inter1": 8, "actor2": "Civilians (Palestine)", "assoc_actor_2": null, "inter2": 7, "interaction": 78, "civilian_targeting": "Civilian targeting", "iso": 275, "region": "Middle East", "country": "Palestine", "admin1": "Gaza Strip", "admin2": "Gaza City", "admin3": null, "location": "Gaza - Sheikh Radwan", "latitude": 31.5349, "longitude": 34.4667, "geo_precision": 1, "source": "Quds News Network", "source_scale": "National", "notes": "On 16 January 2025, Israeli warplanes struck a residential home in Gaza - Sheikh Radwan (Gaza City, Gaza Strip), resulting in injuries. Also, Israeli warplanes struck the vicinity of Al Mawhoubeen School in the same area, resulting in injuries. Additionally, Israeli warplanes struck a residential block [likely close to Shikeh Radwan Market] east of Saeed Siyyam Mosque in the same location, resulting in twenty killed. Total fatalities coded as 20.", "fatalities": 20, "tags": null, "timestamp": 1759790002 }, "geometry": { "type": "Point", "coordinates": [ 34.4667, 31.5349 ] } },
{ "type": "Feature", "properties": { "event_id_cnty": "PSE66724", "event_date": "1/16/2025", "year": 2025, "time_precision": 1, "disorder_type": "Political violence", "event_type": "Explosions/Remote violence", "sub_event_type": "Air/drone strike", "actor1": "Military Forces of Israel (2022-)", "assoc_actor_1": null, "inter1": 8, "actor2": "Civilians (Palestine)", "assoc_actor_2": null, "inter2": 7, "interaction": 78, "civilian_targeting": "Civilian targeting", "iso": 275, "region": "Middle East", "country": "Palestine", "admin1": "Gaza Strip", "admin2": "Gaza City", "admin3": null, "location": "Gaza - Shujaiyya", "latitude": 31.4988, "longitude": 34.4699, "geo_precision": 1, "source": "Al-Ittihad", "source_scale": "Regional", "notes": "On 16 January 2025, Israeli warplanes struck two residential homes and the vicinity of Asdiqaa Al Marid Hospital in Gaza - Shujaiyya (Gaza City, Gaza Strip), resulting in two killed [children] and others injured.", "fatalities": 2, "tags": null, "timestamp": 1759790002 }, "geometry": { "type": "Point", "coordinates": [ 34.4699, 31.4988 ] } },
{ "type": "Feature", "properties": { "event_id_cnty": "PSE66729", "event_date": "1/16/2025", "year": 2025, "time_precision": 1, "disorder_type": "Political violence", "event_type": "Explosions/Remote violence", "sub_event_type": "Air/drone strike", "actor1": "Military Forces of Israel (2022-)", "assoc_actor_1": null, "inter1": 8, "actor2": "Civilians (Palestine)", "assoc_actor_2": null, "inter2": 7, "interaction": 78, "civilian_targeting": "Civilian targeting", "iso": 275, "region": "Middle East", "country": "Palestine", "admin1": "Gaza Strip", "admin2": "Gaza City", "admin3": null, "location": "Gaza - Southern Remal", "latitude": 31.5168, "longitude": 34.4355, "geo_precision": 2, "source": "Al-Ittihad; Quds News Network", "source_scale": "National-Regional", "notes": "On 16 January 2025, Israeli warplanes struck a residential home in Al Remal neighbourhood west of Gaza City coded to Gaza - Southern Remal (Gaza City, Gaza Strip), resulting in five killed [pulled from under the rubble] and more than ten injured.", "fatalities": 5, "tags": null, "timestamp": 1759790002 }, "geometry": { "type": "Point", "coordinates": [ 34.4355, 31.5168 ] } },
{ "type": "Feature", "properties": { "event_id_cnty": "PSE66739", "event_date": "1/16/2025", "year": 2025, "time_precision": 1, "disorder_type": "Political violence", "event_type": "Explosions/Remote violence", "sub_event_type": "Air/drone strike", "actor1": "Military Forces of Israel (2022-)", "assoc_actor_1": null, "inter1": 8, "actor2": "Civilians (Palestine)", "assoc_actor_2": null, "inter2": 7, "interaction": 78, "civilian_targeting": "Civilian targeting", "iso": 275, "region": "Middle East", "country": "Palestine", "admin1": "Gaza Strip", "admin2": "Khan Yunis", "admin3": null, "location": "Abasan al Kabirah", "latitude": 31.3191, "longitude": 34.3401, "geo_precision": 1, "source": "Palestine News and Information Agency; Quds News Network", "source_scale": "National", "notes": "On 16 January 2025, an Israeli drone struck Abasan al Kabirah (Khan Yunis, Gaza Strip), resulting in two injuries. Also, Israeli artillery struck a roof of a residential building in the same area [casualties unknown].", "fatalities": 0, "tags": null, "timestamp": 1753956656 }, "geometry": { "type": "Point", "coordinates": [ 34.3401, 31.3191 ] } },
{ "type": "Feature", "properties": { "event_id_cnty": "PSE66747", "event_date": "1/16/2025", "year": 2025, "time_precision": 1, "disorder_type": "Political violence", "event_type": "Explosions/Remote violence", "sub_event_type": "Air/drone strike", "actor1": "Military Forces of Israel (2022-)", "assoc_actor_1": null, "inter1": 8, "actor2": "Civilians (Palestine)", "assoc_actor_2": null, "inter2": 7, "interaction": 78, "civilian_targeting": "Civilian targeting", "iso": 275, "region": "Middle East", "country": "Palestine", "admin1": "Gaza Strip", "admin2": "Khan Yunis", "admin3": null, "location": "Khan Yunis", "latitude": 31.3502, "longitude": 34.3081, "geo_precision": 1, "source": "Palestine News and Information Agency; Quds News Network", "source_scale": "National", "notes": "On 16 January 2025, Israeli warplanes struck Khan Yunis (Khan Yunis, Gaza Strip), resulting in seven killed.", "fatalities": 7, "tags": null, "timestamp": 1753956656 }, "geometry": { "type": "Point", "coordinates": [ 34.3081, 31.3502 ] } },
{ "type": "Feature", "properties": { "event_id_cnty": "PSE66815", "event_date": "1/16/2025", "year": 2025, "time_precision": 1, "disorder_type": "Political violence", "event_type": "Explosions/Remote violence", "sub_event_type": "Air/drone strike", "actor1": "Military Forces of Israel (2022-)", "assoc_actor_1": null, "inter1": 8, "actor2": "Civilians (Palestine)", "assoc_actor_2": null, "inter2": 7, "interaction": 78, "civilian_targeting": "Civilian targeting", "iso": 275, "region": "Middle East", "country": "Palestine", "admin1": "Gaza Strip", "admin2": "Rafah", "admin3": null, "location": "Tal as Sultan", "latitude": 31.3098, "longitude": 34.2414, "geo_precision": 2, "source": "Palestine News and Information Agency; Quds News Network", "source_scale": "National", "notes": "On 16 January 2025, Israeli warplanes struck Al Shakoush area, northwest of Rafah City, coded to Tal as Sultan (Rafah, Gaza Strip), resulting in two killed. Also, Israeli artillery shelled west of Rafah City coded to the same location [casualties unknown].", "fatalities": 2, "tags": null, "timestamp": 1762829569 }, "geometry": { "type": "Point", "coordinates": [ 34.2414, 31.3098 ] } },
{ "type": "Feature", "properties": { "event_id_cnty": "PSE66694", "event_date": "1/16/2025", "year": 2025, "time_precision": 1, "disorder_type": "Political violence", "event_type": "Explosions/Remote violence", "sub_event_type": "Air/drone strike", "actor1": "Military Forces of Israel (2022-)", "assoc_actor_1": null, "inter1": 8, "actor2": "Civilians (Palestine)", "assoc_actor_2": "Refugees/IDPs (Palestine)", "inter2": 7, "interaction": 78, "civilian_targeting": "Civilian targeting", "iso": 275, "region": "Middle East", "country": "Palestine", "admin1": "Gaza Strip", "admin2": "Gaza City", "admin3": null, "location": "Gaza - Az Zaytun", "latitude": 31.4964, "longitude": 34.4522, "geo_precision": 1, "source": "Ma'an News Agency; Palestine News and Information Agency; Quds News Network", "source_scale": "National", "notes": "On 16 January 2025, Israeli warplanes struck an IDP sheltering centre in Al Falah School in Gaza - Az Zaytun (Gaza City, Gaza Strip), resulting in four killed [children] and more than 30 injuries.", "fatalities": 4, "tags": null, "timestamp": 1759790002 }, "geometry": { "type": "Point", "coordinates": [ 34.4522, 31.4964 ] } },
{ "type": "Feature", "properties": { "event_id_cnty": "PSE66782", "event_date": "1/16/2025", "year": 2025, "time_precision": 1, "disorder_type": "Political violence", "event_type": "Explosions/Remote violence", "sub_event_type": "Air/drone strike", "actor1": "Military Forces of Israel (2022-)", "assoc_actor_1": null, "inter1": 8, "actor2": "Civilians (Palestine)", "assoc_actor_2": null, "inter2": 7, "interaction": 78, "civilian_targeting": "Civilian targeting", "iso": 275, "region": "Middle East", "country": "Palestine", "admin1": "Gaza Strip", "admin2": "North Gaza", "admin3": null, "location": "Jabalya", "latitude": 31.5272, "longitude": 34.4835, "geo_precision": 2, "source": "Palestine News and Information Agency; Quds News Network", "source_scale": "National", "notes": "On 16 January 2025, Israeli warplanes struck a residential home in the vicinity of Al Nazleh roundabout west of Jabalya (North Gaza, Gaza Strip), resulting in five killed [among them two children and two women] and others injured.", "fatalities": 5, "tags": null, "timestamp": 1759790002 }, "geometry": { "type": "Point", "coordinates": [ 34.4835, 31.5272 ] } },
{ "type": "Feature", "properties": { "event_id_cnty": "PSE66805", "event_date": "1/16/2025", "year": 2025, "time_precision": 1, "disorder_type": "Political violence", "event_type": "Explosions/Remote violence", "sub_event_type": "Air/drone strike", "actor1": "Military Forces of Israel (2022-)", "assoc_actor_1": null, "inter1": 8, "actor2": "Civilians (Palestine)", "assoc_actor_2": null, "inter2": 7, "interaction": 78, "civilian_targeting": "Civilian targeting", "iso": 275, "region": "Middle East", "country": "Palestine", "admin1": "Gaza Strip", "admin2": "Rafah", "admin3": null, "location": "Khirbet al Adas", "latitude": 31.2855, "longitude": 34.2714, "geo_precision": 1, "source": "Palestine News and Information Agency", "source_scale": "National", "notes": "On 16 January 2025, Israeli warplanes struck Khirbet al Adas area (Rafah, Gaza Strip), resulting in two injuries.", "fatalities": 0, "tags": null, "timestamp": 1753956656 }, "geometry": { "type": "Point", "coordinates": [ 34.2714, 31.2855 ] } },
{ "type": "Feature", "properties": { "event_id_cnty": "PSE66783", "event_date": "1/16/2025", "year": 2025, "time_precision": 1, "disorder_type": "Political violence", "event_type": "Explosions/Remote violence", "sub_event_type": "Air/drone strike", "actor1": "Military Forces of Israel (2022-)", "assoc_actor_1": null, "inter1": 8, "actor2": "Civilians (Palestine)", "assoc_actor_2": "Aid Workers (Palestine); UN: United Nations", "inter2": 7, "interaction": 78, "civilian_targeting": "Civilian targeting", "iso": 275, "region": "Middle East", "country": "Palestine", "admin1": "Gaza Strip", "admin2": "North Gaza", "admin3": null, "location": "Jabalya", "latitude": 31.5272, "longitude": 34.4835, "geo_precision": 1, "source": "Aid Worker Security Database; Quds News Network", "source_scale": "Local partner-Other", "notes": "On 16 January 2025, Israeli warplanes launched a raid on Abu Wardeh Street in Jabalya el Nazleh (North Gaza, Gaza Strip), Casualties unknown. Additionally, Israeli artillery shelled the Al Safttawi area and Jabalya el Balad [casualties unknown]. Israeli warplanes also struck a group of people near Al Halabi Roundabout in Jabalya el Nazleh, resulting in five killed. Furthermore, Israeli warplanes struck a residential home in the same area [casualties unknown]. Later, repeated Israeli raids targeted Al Nuzha, Masoud, and Al Jern Streets in the same location [casualties unknown]. Also on the same day, one UN aid worker was injured when an airstrike hit a UN-supported school in Jabalia. Around 3 people were killed and 35 people wounded in the same incident. Total fatalities are coded as at least 8. This event involved violence over aid.", "fatalities": 8, "tags": null, "timestamp": 1759790002 }, "geometry": { "type": "Point", "coordinates": [ 34.4835, 31.5272 ] } },
{ "type": "Feature", "properties": { "event_id_cnty": "PSE76502", "event_date": "1/16/2025", "year": 2025, "time_precision": 1, "disorder_type": "Political violence", "event_type": "Explosions/Remote violence", "sub_event_type": "Air/drone strike", "actor1": "Military Forces of Israel (2022-)", "assoc_actor_1": null, "inter1": 8, "actor2": "Civilians (Palestine)", "assoc_actor_2": "Aid Workers (Palestine); UN: United Nations", "inter2": 7, "interaction": 78, "civilian_targeting": "Civilian targeting", "iso": 275, "region": "Middle East", "country": "Palestine", "admin1": "Gaza Strip", "admin2": "North Gaza", "admin3": null, "location": "Jabalya", "latitude": 31.5272, "longitude": 34.4835, "geo_precision": 1, "source": "Aid Worker Security Database", "source_scale": "Local partner-Other", "notes": "On 16 January 2025, one UN aid worker was injured when an airstrike hit a UN-supported school in Jabalya, Gaza Strip. Around 3 people were killed and 35 people wounded in the same attack. This event involved violence over aid.", "fatalities": 3, "tags": null, "timestamp": 1759790002 }, "geometry": { "type": "Point", "coordinates": [ 34.4835, 31.5272 ] } },
{ "type": "Feature", "properties": { "event_id_cnty": "PSE66641", "event_date": "1/17/2025", "year": 2025, "time_precision": 1, "disorder_type": "Political violence", "event_type": "Explosions/Remote violence", "sub_event_type": "Air/drone strike", "actor1": "Military Forces of Israel (2022-)", "assoc_actor_1": null, "inter1": 8, "actor2": "Civilians (Palestine)", "assoc_actor_2": "Refugees/IDPs (Palestine)", "inter2": 7, "interaction": 78, "civilian_targeting": "Civilian targeting", "iso": 275, "region": "Middle East", "country": "Palestine", "admin1": "Gaza Strip", "admin2": "Deir El Balah", "admin3": null, "location": "An Nusayrat", "latitude": 31.4486, "longitude": 34.3925, "geo_precision": 1, "source": "Palestine News and Information Agency; Quds News Network", "source_scale": "National", "notes": "On 17 January 2025, Israeli warplanes struck a tent, where IDPs were sheltering, in Al Mahkameh street in An Nusayrat (Deir El Balah, Gaza Strip), resulting in one killed and others injured. Also, an Israeli drone launched a raid on the same area [casualties unknown]. Additionally, Israeli warplanes launched another raid in the same location [casualties unknown]. Later, Israeli warplanes struck the vicinity of Abu Dawoud Mosque in camp 2 in the same location, resulting in injuries. Total fatalities coded as at least 1.", "fatalities": 1, "tags": null, "timestamp": 1753956656 }, "geometry": { "type": "Point", "coordinates": [ 34.3925, 31.4486 ] } },
{ "type": "Feature", "properties": { "event_id_cnty": "PSE66672", "event_date": "1/17/2025", "year": 2025, "time_precision": 1, "disorder_type": "Political violence", "event_type": "Explosions/Remote violence", "sub_event_type": "Air/drone strike", "actor1": "Military Forces of Israel (2022-)", "assoc_actor_1": null, "inter1": 8, "actor2": "Civilians (Palestine)", "assoc_actor_2": null, "inter2": 7, "interaction": 78, "civilian_targeting": "Civilian targeting", "iso": 275, "region": "Middle East", "country": "Palestine", "admin1": "Gaza Strip", "admin2": "Gaza City", "admin3": null, "location": "Gaza", "latitude": 31.5045, "longitude": 34.4743, "geo_precision": 1, "source": "Newpress; Quds News Network", "source_scale": "National", "notes": "On 17 January 2025, Israeli warplanes launched two raids at the northwestern areas of Gaza City (Gaza City, Gaza Strip), resulting in people killed and injured [unspecified number of fatalities coded as 3].", "fatalities": 3, "tags": null, "timestamp": 1759790002 }, "geometry": { "type": "Point", "coordinates": [ 34.4743, 31.5045 ] } },
{ "type": "Feature", "properties": { "event_id_cnty": "PSE66688", "event_date": "1/17/2025", "year": 2025, "time_precision": 1, "disorder_type": "Political violence", "event_type": "Explosions/Remote violence", "sub_event_type": "Air/drone strike", "actor1": "Military Forces of Israel (2022-)", "assoc_actor_1": null, "inter1": 8, "actor2": "Civilians (Palestine)", "assoc_actor_2": null, "inter2": 7, "interaction": 78, "civilian_targeting": "Civilian targeting", "iso": 275, "region": "Middle East", "country": "Palestine", "admin1": "Gaza Strip", "admin2": "Gaza City", "admin3": null, "location": "Gaza - At Tuffah", "latitude": 31.5134, "longitude": 34.4751, "geo_precision": 1, "source": "Liveuamap; Newpress; Quds News Network", "source_scale": "Local partner-New media", "notes": "On 17 January 2025, Israeli warplanes struck a gathering of people in Gaza - At Tuffah (Gaza City, Gaza Strip), resulting in two killed and others injured.", "fatalities": 2, "tags": null, "timestamp": 1759790002 }, "geometry": { "type": "Point", "coordinates": [ 34.4751, 31.5134 ] } },
{ "type": "Feature", "properties": { "event_id_cnty": "PSE66721", "event_date": "1/17/2025", "year": 2025, "time_precision": 1, "disorder_type": "Political violence", "event_type": "Explosions/Remote violence", "sub_event_type": "Air/drone strike", "actor1": "Military Forces of Israel (2022-)", "assoc_actor_1": null, "inter1": 8, "actor2": "Civilians (Palestine)", "assoc_actor_2": null, "inter2": 7, "interaction": 78, "civilian_targeting": "Civilian targeting", "iso": 275, "region": "Middle East", "country": "Palestine", "admin1": "Gaza Strip", "admin2": "Gaza City", "admin3": null, "location": "Gaza - Sheikh Radwan", "latitude": 31.5349, "longitude": 34.4667, "geo_precision": 1, "source": "Liveuamap; Quds News Network", "source_scale": "Local partner-New media", "notes": "On 17 January 2025, Israeli warplanes struck a residential building in Al Thaleth street in Gaza - Sheikh Radwan (Gaza City, Gaza Strip). Also, Israeli warplanes struck a communication building in the same area. Casualties unknown for both events.", "fatalities": 0, "tags": null, "timestamp": 1759790002 }, "geometry": { "type": "Point", "coordinates": [ 34.4667, 31.5349 ] } },
{ "type": "Feature", "properties": { "event_id_cnty": "PSE66730", "event_date": "1/17/2025", "year": 2025, "time_precision": 1, "disorder_type": "Political violence", "event_type": "Explosions/Remote violence", "sub_event_type": "Air/drone strike", "actor1": "Military Forces of Israel (2022-)", "assoc_actor_1": null, "inter1": 8, "actor2": "Civilians (Palestine)", "assoc_actor_2": null, "inter2": 7, "interaction": 78, "civilian_targeting": "Civilian targeting", "iso": 275, "region": "Middle East", "country": "Palestine", "admin1": "Gaza Strip", "admin2": "Gaza City", "admin3": null, "location": "Gaza - Southern Remal", "latitude": 31.5168, "longitude": 34.4355, "geo_precision": 2, "source": "Quds News Network", "source_scale": "National", "notes": "On 17 January 2025, Israeli warplanes launched a raid in the vicinity of Al Sousi Tower in Al Sinaa area west of Gaza City coded to Gaza - Southern Remal (Gaza City, Gaza Strip) [casualties unknown]. Also, Israeli warplanes struck a group of people behind Al Zafer Tower in the same location, resulting in three killed. Total fatalities coded as at least 3.", "fatalities": 3, "tags": null, "timestamp": 1759790002 }, "geometry": { "type": "Point", "coordinates": [ 34.4355, 31.5168 ] } },
{ "type": "Feature", "properties": { "event_id_cnty": "PSE66736", "event_date": "1/17/2025", "year": 2025, "time_precision": 1, "disorder_type": "Political violence", "event_type": "Explosions/Remote violence", "sub_event_type": "Air/drone strike", "actor1": "Military Forces of Israel (2022-)", "assoc_actor_1": null, "inter1": 8, "actor2": "Civilians (Palestine)", "assoc_actor_2": null, "inter2": 7, "interaction": 78, "civilian_targeting": "Civilian targeting", "iso": 275, "region": "Middle East", "country": "Palestine", "admin1": "Gaza Strip", "admin2": "Khan Yunis", "admin3": null, "location": "Abasan al Jadidah", "latitude": 31.3416, "longitude": 34.3459, "geo_precision": 1, "source": "Newpress; Palestine News and Information Agency; Quds News Network", "source_scale": "National", "notes": "On 17 January 2025, Israeli warplanes struck a residential home in Abasan al Jadidah (Khan Yunis, Gaza Strip), resulting in five killed and others missing. Total fatalities coded as at least 5.", "fatalities": 5, "tags": null, "timestamp": 1753956656 }, "geometry": { "type": "Point", "coordinates": [ 34.3459, 31.3416 ] } },
{ "type": "Feature", "properties": { "event_id_cnty": "PSE66743", "event_date": "1/17/2025", "year": 2025, "time_precision": 1, "disorder_type": "Political violence", "event_type": "Explosions/Remote violence", "sub_event_type": "Air/drone strike", "actor1": "Military Forces of Israel (2022-)", "assoc_actor_1": null, "inter1": 8, "actor2": "Civilians (Palestine)", "assoc_actor_2": "Refugees/IDPs (Palestine)", "inter2": 7, "interaction": 78, "civilian_targeting": "Civilian targeting", "iso": 275, "region": "Middle East", "country": "Palestine", "admin1": "Gaza Strip", "admin2": "Khan Yunis", "admin3": null, "location": "Al Mawasi (Khan Yunis)", "latitude": 31.3482, "longitude": 34.2547, "geo_precision": 1, "source": "Palestine News and Information Agency", "source_scale": "National", "notes": "On 17 January 2025, Israeli warplanes struck a tent, where IDPs were sheltering, in Al Mawasi (Khan Yunis) in (Khan Yunis, Gaza Strip), resulting in one killed.", "fatalities": 1, "tags": null, "timestamp": 1762829569 }, "geometry": { "type": "Point", "coordinates": [ 34.2547, 31.3482 ] } },
{ "type": "Feature", "properties": { "event_id_cnty": "PSE66748", "event_date": "1/17/2025", "year": 2025, "time_precision": 1, "disorder_type": "Political violence", "event_type": "Explosions/Remote violence", "sub_event_type": "Air/drone strike", "actor1": "Military Forces of Israel (2022-)", "assoc_actor_1": null, "inter1": 8, "actor2": "Civilians (Palestine)", "assoc_actor_2": "Refugees/IDPs (Palestine)", "inter2": 7, "interaction": 78, "civilian_targeting": "Civilian targeting", "iso": 275, "region": "Middle East", "country": "Palestine", "admin1": "Gaza Strip", "admin2": "Khan Yunis", "admin3": null, "location": "Khan Yunis", "latitude": 31.3502, "longitude": 34.3081, "geo_precision": 1, "source": "Quds News Network", "source_scale": "National", "notes": "On 17 January 2025, Israeli helicopters struck a tent, where IDPs were sheltering, in the entrance of Al Naser Hospital in Khan Yunis (Khan Yunis, Gaza Strip), resulting in people killed and injuries [unspecified number of fatalities coded as 3].", "fatalities": 3, "tags": null, "timestamp": 1753956656 }, "geometry": { "type": "Point", "coordinates": [ 34.3081, 31.3502 ] } },
{ "type": "Feature", "properties": { "event_id_cnty": "PSE66755", "event_date": "1/17/2025", "year": 2025, "time_precision": 1, "disorder_type": "Political violence", "event_type": "Explosions/Remote violence", "sub_event_type": "Air/drone strike", "actor1": "Military Forces of Israel (2022-)", "assoc_actor_1": null, "inter1": 8, "actor2": "Civilians (Palestine)", "assoc_actor_2": "Refugees/IDPs (Palestine)", "inter2": 7, "interaction": 78, "civilian_targeting": "Civilian targeting", "iso": 275, "region": "Middle East", "country": "Palestine", "admin1": "Gaza Strip", "admin2": "Khan Yunis", "admin3": null, "location": "Khan Yunis - West (Municipal Stadium)", "latitude": 31.3484, "longitude": 34.2961, "geo_precision": 2, "source": "Palestine News and Information Agency", "source_scale": "National", "notes": "On 17 January 2025, Israeli warplanes struck a tent, where IDPs were sheltering, in the vicinity of Al Zouhra Market west of Khan Yunis coded to Khan Yunis - West (Municipal Stadium) in (Khan Yunis, Gaza Strip), resulting in two killed.", "fatalities": 2, "tags": null, "timestamp": 1753956656 }, "geometry": { "type": "Point", "coordinates": [ 34.2961, 31.3484 ] } },
{ "type": "Feature", "properties": { "event_id_cnty": "PSE66699", "event_date": "1/17/2025", "year": 2025, "time_precision": 1, "disorder_type": "Political violence", "event_type": "Explosions/Remote violence", "sub_event_type": "Shelling/artillery/missile attack", "actor1": "Military Forces of Israel (2022-)", "assoc_actor_1": null, "inter1": 8, "actor2": "Civilians (Palestine)", "assoc_actor_2": null, "inter2": 7, "interaction": 78, "civilian_targeting": "Civilian targeting", "iso": 275, "region": "Middle East", "country": "Palestine", "admin1": "Gaza Strip", "admin2": "Gaza City", "admin3": null, "location": "Gaza - Az Zaytun", "latitude": 31.4964, "longitude": 34.4522, "geo_precision": 1, "source": "Quds News Network", "source_scale": "National", "notes": "On 17 January 2025, Israeli artillery shelled Gaza - Az Zaytun (Gaza City, Gaza Strip), resulting in injuries.", "fatalities": 0, "tags": null, "timestamp": 1759790002 }, "geometry": { "type": "Point", "coordinates": [ 34.4522, 31.4964 ] } },
{ "type": "Feature", "properties": { "event_id_cnty": "PSE66785", "event_date": "1/17/2025", "year": 2025, "time_precision": 1, "disorder_type": "Political violence", "event_type": "Explosions/Remote violence", "sub_event_type": "Air/drone strike", "actor1": "Military Forces of Israel (2022-)", "assoc_actor_1": null, "inter1": 8, "actor2": "Civilians (Palestine)", "assoc_actor_2": null, "inter2": 7, "interaction": 78, "civilian_targeting": "Civilian targeting", "iso": 275, "region": "Middle East", "country": "Palestine", "admin1": "Gaza Strip", "admin2": "North Gaza", "admin3": null, "location": "Jabalya", "latitude": 31.5272, "longitude": 34.4835, "geo_precision": 1, "source": "Newpress; Palestine News and Information Agency; Quds News Network", "source_scale": "National", "notes": "On 17 January 2025, Israeli warplanes struck a residential home close to Al Sultan station in Jabalya el Balad (North Gaza, Gaza Strip), resulting in nine killed. Also, Israeli drones fired bombs in Al Safftawi area and Jabalya el Nazleh, resulting in injuries, while Israeli artillery heavily shelled the area. Additionally, an Israeli drone [Quadcopter] fired a bomb in the vicinity of Arbakan school [casualties unknown]. Later, Israeli warplanes struck a group of people in the vicinity of the Islamic Bank in the same location, resulting in two killed. Total fatalities coded as at least 11.", "fatalities": 11, "tags": null, "timestamp": 1759790002 }, "geometry": { "type": "Point", "coordinates": [ 34.4835, 31.5272 ] } },
{ "type": "Feature", "properties": { "event_id_cnty": "PSE66840", "event_date": "1/18/2025", "year": 2025, "time_precision": 1, "disorder_type": "Political violence", "event_type": "Explosions/Remote violence", "sub_event_type": "Air/drone strike", "actor1": "Military Forces of Israel (2022-)", "assoc_actor_1": null, "inter1": 8, "actor2": "Civilians (Palestine)", "assoc_actor_2": "Refugees/IDPs (Palestine)", "inter2": 7, "interaction": 78, "civilian_targeting": "Civilian targeting", "iso": 275, "region": "Middle East", "country": "Palestine", "admin1": "Gaza Strip", "admin2": "Khan Yunis", "admin3": null, "location": "Al Qararah", "latitude": 31.3739, "longitude": 34.3409, "geo_precision": 2, "source": "Palestine News and Information Agency; Quds News Network", "source_scale": "National", "notes": "On 18 January 2025, an Israeli helicopter targeted an IDP tent near Hadayeh Mosque in southern Al Qararah (Khan Yunis, Gaza Strip) killing 5 people of the same family, including children, and injuring others.", "fatalities": 5, "tags": null, "timestamp": 1753956656 }, "geometry": { "type": "Point", "coordinates": [ 34.3409, 31.3739 ] } },
{ "type": "Feature", "properties": { "event_id_cnty": "PSE66841", "event_date": "1/18/2025", "year": 2025, "time_precision": 1, "disorder_type": "Political violence", "event_type": "Explosions/Remote violence", "sub_event_type": "Shelling/artillery/missile attack", "actor1": "Military Forces of Israel (2022-)", "assoc_actor_1": null, "inter1": 8, "actor2": "Civilians (Palestine)", "assoc_actor_2": null, "inter2": 7, "interaction": 78, "civilian_targeting": "Civilian targeting", "iso": 275, "region": "Middle East", "country": "Palestine", "admin1": "Gaza Strip", "admin2": "Khan Yunis", "admin3": null, "location": "Khan Yunis - West (Municipal Stadium)", "latitude": 31.3484, "longitude": 34.2961, "geo_precision": 2, "source": "Quds News Network", "source_scale": "National", "notes": "On 18 January 2025, Israeli warships fired west of Khan Yunis, coded to Khan Yunis - West (Municipal Stadium) (Khan Yunis, Gaza Strip) injuring one woman.", "fatalities": 0, "tags": null, "timestamp": 1753956656 }, "geometry": { "type": "Point", "coordinates": [ 34.2961, 31.3484 ] } },
{ "type": "Feature", "properties": { "event_id_cnty": "PSE66842", "event_date": "1/18/2025", "year": 2025, "time_precision": 1, "disorder_type": "Political violence", "event_type": "Explosions/Remote violence", "sub_event_type": "Air/drone strike", "actor1": "Military Forces of Israel (2022-)", "assoc_actor_1": null, "inter1": 8, "actor2": "Civilians (Palestine)", "assoc_actor_2": null, "inter2": 7, "interaction": 78, "civilian_targeting": "Civilian targeting", "iso": 275, "region": "Middle East", "country": "Palestine", "admin1": "Gaza Strip", "admin2": "Khan Yunis", "admin3": null, "location": "Al Fukhari", "latitude": 31.2952, "longitude": 34.3332, "geo_precision": 1, "source": "Palestine News and Information Agency; Quds News Network", "source_scale": "National", "notes": "On 18 January 2025, Israeli warplanes launched an airstrike on Ammour neighborhood in Al Fukhari (Khan Yunis, Gaza Strip) killing one man and injuring others.", "fatalities": 1, "tags": null, "timestamp": 1753956656 }, "geometry": { "type": "Point", "coordinates": [ 34.3332, 31.2952 ] } },
{ "type": "Feature", "properties": { "event_id_cnty": "PSE66846", "event_date": "1/18/2025", "year": 2025, "time_precision": 1, "disorder_type": "Political violence", "event_type": "Explosions/Remote violence", "sub_event_type": "Shelling/artillery/missile attack", "actor1": "Military Forces of Israel (2022-)", "assoc_actor_1": null, "inter1": 8, "actor2": "Civilians (Palestine)", "assoc_actor_2": null, "inter2": 7, "interaction": 78, "civilian_targeting": "Civilian targeting", "iso": 275, "region": "Middle East", "country": "Palestine", "admin1": "Gaza Strip", "admin2": "Khan Yunis", "admin3": null, "location": "Al Fukhari", "latitude": 31.2952, "longitude": 34.3332, "geo_precision": 2, "source": "Palestine News and Information Agency; Quds News Network", "source_scale": "National", "notes": "On 18 January 2025, Israeli forces, likely artillery, fired near Abu Taimeh area in east of Al Fukhari (Khan Yunis, Gaza Strip) killing a man and injuring two others.", "fatalities": 1, "tags": null, "timestamp": 1753956656 }, "geometry": { "type": "Point", "coordinates": [ 34.3332, 31.2952 ] } },
{ "type": "Feature", "properties": { "event_id_cnty": "PSE66970", "event_date": "1/18/2025", "year": 2025, "time_precision": 1, "disorder_type": "Political violence", "event_type": "Explosions/Remote violence", "sub_event_type": "Air/drone strike", "actor1": "Military Forces of Israel (2022-)", "assoc_actor_1": null, "inter1": 8, "actor2": "Civilians (Palestine)", "assoc_actor_2": null, "inter2": 7, "interaction": 78, "civilian_targeting": "Civilian targeting", "iso": 275, "region": "Middle East", "country": "Palestine", "admin1": "Gaza Strip", "admin2": "Rafah", "admin3": null, "location": "Tal as Sultan", "latitude": 31.3098, "longitude": 34.2414, "geo_precision": 2, "source": "Palestine News and Information Agency; Quds News Network", "source_scale": "National", "notes": "On 18 January 2025, Israeli warplanes and artillery heavily targeted west of Rafah, coded to Tal as Sultan (Rafah, Gaza Strip). Casualties unknown. Israeli forces, likely artillery, also fired at Al Shakoush area in northwest Rafah, coded to the same location, injuring several people with live ammunition.", "fatalities": 0, "tags": null, "timestamp": 1762829569 }, "geometry": { "type": "Point", "coordinates": [ 34.2414, 31.3098 ] } },
{ "type": "Feature", "properties": { "event_id_cnty": "PSE66976", "event_date": "1/18/2025", "year": 2025, "time_precision": 1, "disorder_type": "Political violence", "event_type": "Explosions/Remote violence", "sub_event_type": "Air/drone strike", "actor1": "Military Forces of Israel (2022-)", "assoc_actor_1": null, "inter1": 8, "actor2": "Civilians (Palestine)", "assoc_actor_2": null, "inter2": 7, "interaction": 78, "civilian_targeting": "Civilian targeting", "iso": 275, "region": "Middle East", "country": "Palestine", "admin1": "Gaza Strip", "admin2": "Deir El Balah", "admin3": null, "location": "An Nusayrat - West", "latitude": 31.4525, "longitude": 34.3756, "geo_precision": 1, "source": "Liveuamap; Newpress; Quds News Network; Twitter", "source_scale": "Local partner-New media", "notes": "On 18 January 2025, an Israeli drone targeted a house in Hasayneh area in An Nusayrat - West (Deir El Balah, Gaza Strip) injuring 4 people.", "fatalities": 0, "tags": null, "timestamp": 1753956656 }, "geometry": { "type": "Point", "coordinates": [ 34.3756, 31.4525 ] } },
{ "type": "Feature", "properties": { "event_id_cnty": "PSE66982", "event_date": "1/18/2025", "year": 2025, "time_precision": 1, "disorder_type": "Political violence", "event_type": "Explosions/Remote violence", "sub_event_type": "Shelling/artillery/missile attack", "actor1": "Military Forces of Israel (2022-)", "assoc_actor_1": null, "inter1": 8, "actor2": "Civilians (Palestine)", "assoc_actor_2": null, "inter2": 7, "interaction": 78, "civilian_targeting": "Civilian targeting", "iso": 275, "region": "Middle East", "country": "Palestine", "admin1": "Gaza Strip", "admin2": "Khan Yunis", "admin3": null, "location": "Khuzaa", "latitude": 31.3069, "longitude": 34.3572, "geo_precision": 1, "source": "Quds News Network", "source_scale": "National", "notes": "On 18 January 2025, Israeli artillery targeted a house with artillery shells in Khuzaa (Khan Yunis, Gaza Strip) with no injuries reported.", "fatalities": 0, "tags": null, "timestamp": 1753956656 }, "geometry": { "type": "Point", "coordinates": [ 34.3572, 31.3069 ] } },
{ "type": "Feature", "properties": { "event_id_cnty": "PSE66983", "event_date": "1/18/2025", "year": 2025, "time_precision": 1, "disorder_type": "Political violence", "event_type": "Explosions/Remote violence", "sub_event_type": "Air/drone strike", "actor1": "Military Forces of Israel (2022-)", "assoc_actor_1": null, "inter1": 8, "actor2": "Civilians (Palestine)", "assoc_actor_2": null, "inter2": 7, "interaction": 78, "civilian_targeting": "Civilian targeting", "iso": 275, "region": "Middle East", "country": "Palestine", "admin1": "Gaza Strip", "admin2": "Rafah", "admin3": null, "location": "Tal as Sultan", "latitude": 31.3098, "longitude": 34.2414, "geo_precision": 2, "source": "Quds News Network", "source_scale": "National", "notes": "On 18 January 2025, Israeli forces destroyed an empty house after striking it with warplanes in Shakoush area, west of Rafah, coded to Tal as Sultan (Rafah, Gaza Strip).", "fatalities": 0, "tags": null, "timestamp": 1762829569 }, "geometry": { "type": "Point", "coordinates": [ 34.2414, 31.3098 ] } },
{ "type": "Feature", "properties": { "event_id_cnty": "PSE66843", "event_date": "1/18/2025", "year": 2025, "time_precision": 1, "disorder_type": "Political violence", "event_type": "Violence against civilians", "sub_event_type": "Attack", "actor1": "Military Forces of Israel (2022-)", "assoc_actor_1": null, "inter1": 8, "actor2": "Civilians (Palestine)", "assoc_actor_2": "Women (Palestine)", "inter2": 7, "interaction": 78, "civilian_targeting": "Civilian targeting", "iso": 275, "region": "Middle East", "country": "Palestine", "admin1": "Gaza Strip", "admin2": "Khan Yunis", "admin3": null, "location": "Abasan al Kabirah", "latitude": 31.3191, "longitude": 34.3401, "geo_precision": 2, "source": "Palestine News and Information Agency; Quds News Network", "source_scale": "National", "notes": "On 18 January 2025, Israeli forces fired live ammunition in east of Abasan al Kabirah (Khan Yunis, Gaza Strip) injuring a woman.", "fatalities": 0, "tags": null, "timestamp": 1753956656 }, "geometry": { "type": "Point", "coordinates": [ 34.3401, 31.3191 ] } },
{ "type": "Feature", "properties": { "event_id_cnty": "PSE66993", "event_date": "1/19/2025", "year": 2025, "time_precision": 1, "disorder_type": "Political violence", "event_type": "Explosions/Remote violence", "sub_event_type": "Air/drone strike", "actor1": "Military Forces of Israel (2022-)", "assoc_actor_1": null, "inter1": 8, "actor2": "Civilians (Palestine)", "assoc_actor_2": "Refugees/IDPs (Palestine)", "inter2": 7, "interaction": 78, "civilian_targeting": "Civilian targeting", "iso": 275, "region": "Middle East", "country": "Palestine", "admin1": "Gaza Strip", "admin2": "Rafah", "admin3": null, "location": "Al Mawasi (Rafah)", "latitude": 31.3294, "longitude": 34.2299, "geo_precision": 1, "source": "Quds News Network", "source_scale": "National", "notes": "On 19 January 2025, Israeli warplanes targeted IDP tents in Al Mawasi (Rafah) (Rafah, Gaza Strip) injuring 4 people. This event took place prior to the start of the ceasefire.", "fatalities": 0, "tags": null, "timestamp": 1762829569 }, "geometry": { "type": "Point", "coordinates": [ 34.2299, 31.3294 ] } },
{ "type": "Feature", "properties": { "event_id_cnty": "PSE67013", "event_date": "1/19/2025", "year": 2025, "time_precision": 1, "disorder_type": "Political violence", "event_type": "Explosions/Remote violence", "sub_event_type": "Shelling/artillery/missile attack", "actor1": "Military Forces of Israel (2022-)", "assoc_actor_1": null, "inter1": 8, "actor2": "Civilians (Palestine)", "assoc_actor_2": null, "inter2": 7, "interaction": 78, "civilian_targeting": "Civilian targeting", "iso": 275, "region": "Middle East", "country": "Palestine", "admin1": "Gaza Strip", "admin2": "Khan Yunis", "admin3": null, "location": "Khuzaa", "latitude": 31.3069, "longitude": 34.3572, "geo_precision": 2, "source": "Quds News Network", "source_scale": "National", "notes": "On 19 January 2025, Israeli artillery targeted east of Khuzaa (Khan Yunis, Gaza Strip) with gunshots killing 5 people, including children, and injuring many others. This event took place prior to the start of the ceasefire.", "fatalities": 5, "tags": null, "timestamp": 1753956656 }, "geometry": { "type": "Point", "coordinates": [ 34.3572, 31.3069 ] } },
{ "type": "Feature", "properties": { "event_id_cnty": "PSE67017", "event_date": "1/19/2025", "year": 2025, "time_precision": 1, "disorder_type": "Political violence", "event_type": "Explosions/Remote violence", "sub_event_type": "Shelling/artillery/missile attack", "actor1": "Military Forces of Israel (2022-)", "assoc_actor_1": null, "inter1": 8, "actor2": "Civilians (Palestine)", "assoc_actor_2": null, "inter2": 7, "interaction": 78, "civilian_targeting": "Civilian targeting", "iso": 275, "region": "Middle East", "country": "Palestine", "admin1": "Gaza Strip", "admin2": "Khan Yunis", "admin3": null, "location": "Abasan al Jadidah", "latitude": 31.3416, "longitude": 34.3459, "geo_precision": 2, "source": "Quds News Network", "source_scale": "National", "notes": "On 19 January 2025, Israeli forces, likely shelling, fired live ammunition and injured 3 people with gunshots in east of Abasan al Jadidah (Khan Yunis, Gaza Strip). This event took place prior to the start of the ceasefire.", "fatalities": 0, "tags": null, "timestamp": 1753956656 }, "geometry": { "type": "Point", "coordinates": [ 34.3459, 31.3416 ] } },
{ "type": "Feature", "properties": { "event_id_cnty": "PSE66996", "event_date": "1/19/2025", "year": 2025, "time_precision": 1, "disorder_type": "Political violence", "event_type": "Explosions/Remote violence", "sub_event_type": "Remote explosive/landmine/IED", "actor1": "Military Forces of Israel (2022-)", "assoc_actor_1": null, "inter1": 8, "actor2": "Civilians (Palestine)", "assoc_actor_2": null, "inter2": 7, "interaction": 78, "civilian_targeting": "Civilian targeting", "iso": 275, "region": "Middle East", "country": "Palestine", "admin1": "Gaza Strip", "admin2": "North Gaza", "admin3": null, "location": "Jabalya Camp", "latitude": 31.536, "longitude": 34.4907, "geo_precision": 2, "source": "Palestine News and Information Agency; UN (unspecified)", "source_scale": "Other-National", "notes": "On 19 January 2025, explosions of IED remnants [UXO] left by Israeli forces injured 10 people in the civil administration area of east of Jabalya Camp (North Gaza, Gaza Strip) who were taken to Maamadani Hospital. This event took place prior to the start of the ceasefire.", "fatalities": 0, "tags": null, "timestamp": 1753956656 }, "geometry": { "type": "Point", "coordinates": [ 34.4907, 31.536 ] } },
{ "type": "Feature", "properties": { "event_id_cnty": "PSE67015", "event_date": "1/19/2025", "year": 2025, "time_precision": 1, "disorder_type": "Political violence", "event_type": "Violence against civilians", "sub_event_type": "Attack", "actor1": "Military Forces of Israel (2022-)", "assoc_actor_1": null, "inter1": 8, "actor2": "Civilians (Palestine)", "assoc_actor_2": null, "inter2": 7, "interaction": 78, "civilian_targeting": "Civilian targeting", "iso": 275, "region": "Middle East", "country": "Palestine", "admin1": "Gaza Strip", "admin2": "Gaza City", "admin3": null, "location": "Gaza - Nezarim", "latitude": 31.484, "longitude": 34.4056, "geo_precision": 2, "source": "Palestinian Ministry of Health; Quds News Network", "source_scale": "Other-National", "notes": "On 19 January 2025, Israeli forces shot at a group of people who tried to approach Gaza - Nezarim corridor (Gaza City, Gaza Strip). Casualties unknown. This event took place prior to the start of the ceasefire. [Palestinian Ministry of Health reported 60 fatalities on 19 January 2025. 37 fatalities not attributed to specific events split across 9 events on 19 January. 5 fatalities coded to this event.]", "fatalities": 5, "tags": null, "timestamp": 1753956656 }, "geometry": { "type": "Point", "coordinates": [ 34.4056, 31.484 ] } },
{ "type": "Feature", "properties": { "event_id_cnty": "PSE67000", "event_date": "1/19/2025", "year": 2025, "time_precision": 1, "disorder_type": "Political violence", "event_type": "Explosions/Remote violence", "sub_event_type": "Shelling/artillery/missile attack", "actor1": "Military Forces of Israel (2022-)", "assoc_actor_1": null, "inter1": 8, "actor2": "Civilians (Palestine)", "assoc_actor_2": null, "inter2": 7, "interaction": 78, "civilian_targeting": "Civilian targeting", "iso": 275, "region": "Middle East", "country": "Palestine", "admin1": "Gaza Strip", "admin2": "Rafah", "admin3": null, "location": "Rafah", "latitude": 31.287, "longitude": 34.2595, "geo_precision": 1, "source": "Palestine News and Information Agency; Quds News Network", "source_scale": "National", "notes": "On 19 January 2025, Israeli artillery targeted Rafah city (Rafah, Gaza Strip) injuring several people with gunfire. This event took place prior to the start of the ceasefire.", "fatalities": 0, "tags": null, "timestamp": 1762829569 }, "geometry": { "type": "Point", "coordinates": [ 34.2595, 31.287 ] } },
{ "type": "Feature", "properties": { "event_id_cnty": "PSE67004", "event_date": "1/19/2025", "year": 2025, "time_precision": 1, "disorder_type": "Political violence", "event_type": "Explosions/Remote violence", "sub_event_type": "Shelling/artillery/missile attack", "actor1": "Military Forces of Israel (2022-)", "assoc_actor_1": null, "inter1": 8, "actor2": "Civilians (Palestine)", "assoc_actor_2": "Refugees/IDPs (Palestine)", "inter2": 7, "interaction": 78, "civilian_targeting": "Civilian targeting", "iso": 275, "region": "Middle East", "country": "Palestine", "admin1": "Gaza Strip", "admin2": "Rafah", "admin3": null, "location": "Rafah Camp", "latitude": 31.2847, "longitude": 34.2546, "geo_precision": 1, "source": "Al Ghad (Jordan)", "source_scale": "Regional", "notes": "On 19 January 2025, Israeli forces, likely artillery, targeted Al Shaboura camp in Rafah Camp (Rafah, Gaza Strip) killing 1 person. This event took place prior to the start of the ceasefire.", "fatalities": 1, "tags": null, "timestamp": 1753956656 }, "geometry": { "type": "Point", "coordinates": [ 34.2546, 31.2847 ] } },
{ "type": "Feature", "properties": { "event_id_cnty": "PSE76503", "event_date": "1/19/2025", "year": 2025, "time_precision": 1, "disorder_type": "Political violence", "event_type": "Violence against civilians", "sub_event_type": "Attack", "actor1": "Military Forces of Israel (2022-)", "assoc_actor_1": null, "inter1": 8, "actor2": "Civilians (Palestine)", "assoc_actor_2": "Aid Workers (Palestine); Health Workers (Palestine); Palestinian Red Crescent Society", "inter2": 7, "interaction": 78, "civilian_targeting": "Civilian targeting", "iso": 275, "region": "Middle East", "country": "Palestine", "admin1": "Gaza Strip", "admin2": "Khan Yunis", "admin3": null, "location": "Khan Yunis", "latitude": 31.3502, "longitude": 34.3081, "geo_precision": 1, "source": "Aid Worker Security Database", "source_scale": "Local partner-Other", "notes": "On 19 January 2025, one Red Crescent paramedic was injured when the clearly marked ambulance en route to evacuate wounded people was struck in Khan Yunis, Gaza Strip likely by Israeli forces.", "fatalities": 0, "tags": null, "timestamp": 1756165968 }, "geometry": { "type": "Point", "coordinates": [ 34.3081, 31.3502 ] } },
{ "type": "Feature", "properties": { "event_id_cnty": "PSE67026", "event_date": "1/20/2025", "year": 2025, "time_precision": 1, "disorder_type": "Political violence", "event_type": "Violence against civilians", "sub_event_type": "Attack", "actor1": "Military Forces of Israel (2022-)", "assoc_actor_1": null, "inter1": 8, "actor2": "Civilians (Palestine)", "assoc_actor_2": null, "inter2": 7, "interaction": 78, "civilian_targeting": "Civilian targeting", "iso": 275, "region": "Middle East", "country": "Palestine", "admin1": "Gaza Strip", "admin2": "Gaza City", "admin3": null, "location": "Gaza - Nezarim", "latitude": 31.484, "longitude": 34.4056, "geo_precision": 2, "source": "Liveuamap", "source_scale": "Local partner-New media", "notes": "On 20 January 2025, Israeli forces shot at a group of people near Gaza - Nezarim corridor (Gaza City, Gaza Strip) injuring 2. This event occurred during the first stage of a 42-day ceasefire that began at 12:30pm on 19 January 2025.", "fatalities": 0, "tags": null, "timestamp": 1753956656 }, "geometry": { "type": "Point", "coordinates": [ 34.4056, 31.484 ] } },
{ "type": "Feature", "properties": { "event_id_cnty": "PSE67020", "event_date": "1/20/2025", "year": 2025, "time_precision": 1, "disorder_type": "Political violence", "event_type": "Explosions/Remote violence", "sub_event_type": "Remote explosive/landmine/IED", "actor1": "Military Forces of Israel (2022-)", "assoc_actor_1": null, "inter1": 8, "actor2": "Civilians (Palestine)", "assoc_actor_2": null, "inter2": 7, "interaction": 78, "civilian_targeting": "Civilian targeting", "iso": 275, "region": "Middle East", "country": "Palestine", "admin1": "Gaza Strip", "admin2": "Rafah", "admin3": null, "location": "Yibna", "latitude": 31.2842, "longitude": 34.2482, "geo_precision": 2, "source": "Palestine News and Information Agency; Quds News Network", "source_scale": "National", "notes": "On 20 January 2025, a suspicious object, likely an Israeli unexploded ordnance [UXO], exploded in Soufa area, east of Rafah, coded to Yibna (Rafah, Gaza Strip) killing 1 person and injuring another. This event occurred during the first stage of a 42-day ceasefire that began at 12:30pm on 19 January 2025.", "fatalities": 1, "tags": null, "timestamp": 1753956656 }, "geometry": { "type": "Point", "coordinates": [ 34.2482, 31.2842 ] } },
{ "type": "Feature", "properties": { "event_id_cnty": "PSE67019", "event_date": "1/20/2025", "year": 2025, "time_precision": 1, "disorder_type": "Political violence", "event_type": "Explosions/Remote violence", "sub_event_type": "Air/drone strike", "actor1": "Military Forces of Israel (2022-)", "assoc_actor_1": null, "inter1": 8, "actor2": "Civilians (Palestine)", "assoc_actor_2": null, "inter2": 7, "interaction": 78, "civilian_targeting": "Civilian targeting", "iso": 275, "region": "Middle East", "country": "Palestine", "admin1": "Gaza Strip", "admin2": "Rafah", "admin3": null, "location": "Rafah", "latitude": 31.287, "longitude": 34.2595, "geo_precision": 1, "source": "Palestine News and Information Agency; Quds News Network", "source_scale": "National", "notes": "On 20 January 2025, an Israeli quadcopter drone dropped a bomb on Rafah city (Rafah, Gaza Strip) injuring 3 people. In the same location, Israeli forces killed 2 people, including one child with a sniper and shot at other people in the city injuring 8 others. Total confirmed fatalities is 2. This event occurred during the first stage of a 42-day ceasefire that began at 12:30pm on 19 January 2025.", "fatalities": 2, "tags": null, "timestamp": 1762829569 }, "geometry": { "type": "Point", "coordinates": [ 34.2595, 31.287 ] } },
{ "type": "Feature", "properties": { "event_id_cnty": "PSE67102", "event_date": "1/20/2025", "year": 2025, "time_precision": 1, "disorder_type": "Political violence", "event_type": "Explosions/Remote violence", "sub_event_type": "Remote explosive/landmine/IED", "actor1": "Military Forces of Israel (2022-)", "assoc_actor_1": null, "inter1": 8, "actor2": "Civilians (Palestine)", "assoc_actor_2": null, "inter2": 7, "interaction": 78, "civilian_targeting": "Civilian targeting", "iso": 275, "region": "Middle East", "country": "Palestine", "admin1": "Gaza Strip", "admin2": "Rafah", "admin3": null, "location": "Rafah", "latitude": 31.287, "longitude": 34.2595, "geo_precision": 1, "source": "Palestine News and Information Agency; UN (unspecified)", "source_scale": "Other-National", "notes": "On 20 January 2025, a suspicious object, likely an Israeli unexploded ordnance [UXO], exploded in Rafah city (Rafah, Gaza Strip), injuring 3 children. This event occurred during the first stage of a 42-day ceasefire that began on 19 January 2025.", "fatalities": 0, "tags": null, "timestamp": 1762829569 }, "geometry": { "type": "Point", "coordinates": [ 34.2595, 31.287 ] } },
{ "type": "Feature", "properties": { "event_id_cnty": "PSE67132", "event_date": "1/20/2025", "year": 2025, "time_precision": 1, "disorder_type": "Political violence", "event_type": "Violence against civilians", "sub_event_type": "Attack", "actor1": "Sahm Unit", "assoc_actor_1": null, "inter1": 3, "actor2": "Civilians (Palestine)", "assoc_actor_2": null, "inter2": 7, "interaction": 37, "civilian_targeting": "Civilian targeting", "iso": 275, "region": "Middle East", "country": "Palestine", "admin1": "Gaza Strip", "admin2": "Deir El Balah", "admin3": null, "location": "Deir al Balah Camp", "latitude": 31.4249, "longitude": 34.34, "geo_precision": 1, "source": "The Independent Commission For Human Rights", "source_scale": "National", "notes": "On 20 January 2025, masked gunmen in civilian clothing, believed to be security personnel from the 'Sahm Force' affiliated with the Ministry of Interior in Gaza (Hamas), opened fire at two citizens in Deir al Balah Camp (Deir El Balah) and shot them in the hands and legs. This event occurred during the first stage of a 42-day ceasefire that began on 19 January 2024. This event involved violence over aid.", "fatalities": 0, "tags": null, "timestamp": 1765850627 }, "geometry": { "type": "Point", "coordinates": [ 34.34, 31.4249 ] } },
{ "type": "Feature", "properties": { "event_id_cnty": "PSE77437", "event_date": "1/20/2025", "year": 2025, "time_precision": 1, "disorder_type": "Political violence", "event_type": "Violence against civilians", "sub_event_type": "Attack", "actor1": "Sahm Unit", "assoc_actor_1": null, "inter1": 3, "actor2": "Civilians (Palestine)", "assoc_actor_2": "Unidentified Clan Group (Palestine)", "inter2": 7, "interaction": 37, "civilian_targeting": "Civilian targeting", "iso": 275, "region": "Middle East", "country": "Palestine", "admin1": "Gaza Strip", "admin2": "Gaza City", "admin3": null, "location": "Gaza", "latitude": 31.5045, "longitude": 34.4743, "geo_precision": 3, "source": "Sahm Unit", "source_scale": "New media", "notes": "On 20 January 2025, Hamas executed a gang member after raiding his house, [unidentified location] coded to Gaza city (Gaza Strip) and confiscated 'a large amount of gold, $50,000 USD, and four new cars'. This event involved intra-Palestinian violence.", "fatalities": 1, "tags": null, "timestamp": 1759790002 }, "geometry": { "type": "Point", "coordinates": [ 34.4743, 31.5045 ] } },
{ "type": "Feature", "properties": { "event_id_cnty": "PSE77626", "event_date": "1/20/2025", "year": 2025, "time_precision": 1, "disorder_type": "Political violence", "event_type": "Violence against civilians", "sub_event_type": "Attack", "actor1": "Hamas Movement", "assoc_actor_1": null, "inter1": 3, "actor2": "Civilians (Palestine)", "assoc_actor_2": "Unidentified Clan Group (Palestine)", "inter2": 7, "interaction": 37, "civilian_targeting": "Civilian targeting", "iso": 275, "region": "Middle East", "country": "Palestine", "admin1": "Gaza Strip", "admin2": "Rafah", "admin3": null, "location": "Rafah", "latitude": 31.287, "longitude": 34.2595, "geo_precision": 1, "source": "Sahm Unit", "source_scale": "New media", "notes": "On 20 January 2025, Hamas executed 6 gang members in Rafah city (Rafah, Gaza Strip) and confiscated all their belongings. This event involved intra-Palestinian violence.", "fatalities": 6, "tags": null, "timestamp": 1762829569 }, "geometry": { "type": "Point", "coordinates": [ 34.2595, 31.287 ] } },
{ "type": "Feature", "properties": { "event_id_cnty": "PSE67028", "event_date": "1/21/2025", "year": 2025, "time_precision": 1, "disorder_type": "Political violence", "event_type": "Explosions/Remote violence", "sub_event_type": "Air/drone strike", "actor1": "Military Forces of Israel (2022-)", "assoc_actor_1": null, "inter1": 8, "actor2": "Civilians (Palestine)", "assoc_actor_2": null, "inter2": 7, "interaction": 78, "civilian_targeting": "Civilian targeting", "iso": 275, "region": "Middle East", "country": "Palestine", "admin1": "Gaza Strip", "admin2": "Gaza City", "admin3": null, "location": "Gaza - Sabra", "latitude": 31.5086, "longitude": 34.4493, "geo_precision": 1, "source": "Palestine News and Information Agency", "source_scale": "National", "notes": "On 21 January 2025, an Israeli drone targeted the vicinity of Diwan Abu Shari'a in Gaza - Sabra (Gaza City, Gaza Strip) injuring one man. This event occurred during the first stage of a 42-day ceasefire that began at 12:30pm on 19 January 2025.", "fatalities": 0, "tags": null, "timestamp": 1759790002 }, "geometry": { "type": "Point", "coordinates": [ 34.4493, 31.5086 ] } },
{ "type": "Feature", "properties": { "event_id_cnty": "PSE67029", "event_date": "1/21/2025", "year": 2025, "time_precision": 1, "disorder_type": "Political violence", "event_type": "Violence against civilians", "sub_event_type": "Attack", "actor1": "Military Forces of Israel (2022-)", "assoc_actor_1": null, "inter1": 8, "actor2": "Civilians (Palestine)", "assoc_actor_2": null, "inter2": 7, "interaction": 78, "civilian_targeting": "Civilian targeting", "iso": 275, "region": "Middle East", "country": "Palestine", "admin1": "Gaza Strip", "admin2": "Rafah", "admin3": null, "location": "Tal as Sultan", "latitude": 31.3098, "longitude": 34.2414, "geo_precision": 1, "source": "Ma'an News Agency; Palestine News and Information Agency", "source_scale": "National", "notes": "On 21 January 2025, Israeli forces shot and killed a man in Tal as Sultan (Rafah, Gaza Strip). This event occurred during the first stage of a 42-day ceasefire that began at 12:30pm on 19 January 2025.", "fatalities": 1, "tags": null, "timestamp": 1762829569 }, "geometry": { "type": "Point", "coordinates": [ 34.2414, 31.3098 ] } },
{ "type": "Feature", "properties": { "event_id_cnty": "PSE67027", "event_date": "1/21/2025", "year": 2025, "time_precision": 1, "disorder_type": "Political violence", "event_type": "Violence against civilians", "sub_event_type": "Attack", "actor1": "Military Forces of Israel (2022-)", "assoc_actor_1": null, "inter1": 8, "actor2": "Civilians (Palestine)", "assoc_actor_2": "Fishers (Palestine)", "inter2": 7, "interaction": 78, "civilian_targeting": "Civilian targeting", "iso": 275, "region": "Middle East", "country": "Palestine", "admin1": "Gaza Strip", "admin2": "Gaza City", "admin3": null, "location": "Coast of Gaza City", "latitude": 31.5304, "longitude": 34.4215, "geo_precision": 2, "source": "Palestine News and Information Agency; Quds News Network", "source_scale": "National", "notes": "On 21 January 2025, Israeli warships targeted fishing boats off the Coast of Gaza City (Gaza City, Gaza Strip) severely injuring a fisherman. This event occurred during the first stage of a 42-day ceasefire that began on 19 January 2025.", "fatalities": 0, "tags": null, "timestamp": 1753956656 }, "geometry": { "type": "Point", "coordinates": [ 34.4215, 31.5304 ] } },
{ "type": "Feature", "properties": { "event_id_cnty": "PSE67030", "event_date": "1/21/2025", "year": 2025, "time_precision": 1, "disorder_type": "Political violence", "event_type": "Violence against civilians", "sub_event_type": "Attack", "actor1": "Military Forces of Israel (2022-)", "assoc_actor_1": null, "inter1": 8, "actor2": "Civilians (Palestine)", "assoc_actor_2": null, "inter2": 7, "interaction": 78, "civilian_targeting": "Civilian targeting", "iso": 275, "region": "Middle East", "country": "Palestine", "admin1": "Gaza Strip", "admin2": "Deir El Balah", "admin3": null, "location": "Al Burayj", "latitude": 31.4394, "longitude": 34.4031, "geo_precision": 1, "source": "Liveuamap; Palestine News and Information Agency", "source_scale": "Local partner-New media", "notes": "On 21 January 2025, Israeli forces opened fire at a Palestinian in eastern Al Burayj (Deir El Balah, Gaza Strip) who was injured and taken to a hospital. Likely, he was shot as he approached the buffer zone. This event occurred during the first stage of a 42-day ceasefire that began at on 19 January 2025.", "fatalities": 0, "tags": null, "timestamp": 1753956656 }, "geometry": { "type": "Point", "coordinates": [ 34.4031, 31.4394 ] } },
{ "type": "Feature", "properties": { "event_id_cnty": "PSE67032", "event_date": "1/21/2025", "year": 2025, "time_precision": 1, "disorder_type": "Political violence", "event_type": "Violence against civilians", "sub_event_type": "Attack", "actor1": "Military Forces of Israel (2022-)", "assoc_actor_1": null, "inter1": 8, "actor2": "Civilians (Palestine)", "assoc_actor_2": null, "inter2": 7, "interaction": 78, "civilian_targeting": "Civilian targeting", "iso": 275, "region": "Middle East", "country": "Palestine", "admin1": "Gaza Strip", "admin2": "Khan Yunis", "admin3": null, "location": "Al Fukhari", "latitude": 31.2952, "longitude": 34.3332, "geo_precision": 1, "source": "Quds News Network", "source_scale": "National", "notes": "On 21 January 2025, Israeli forces shot and injured a man in eastern Al Fukhari (Khan Yunis, Gaza Strip). This event occurred during the first stage of a 42-day ceasefire that began at 12:30pm on 19 January 2025.", "fatalities": 0, "tags": null, "timestamp": 1753956656 }, "geometry": { "type": "Point", "coordinates": [ 34.3332, 31.2952 ] } },
{ "type": "Feature", "properties": { "event_id_cnty": "PSE71593", "event_date": "1/23/2025", "year": 2025, "time_precision": 1, "disorder_type": "Political violence", "event_type": "Violence against civilians", "sub_event_type": "Attack", "actor1": "Hamas Movement", "assoc_actor_1": null, "inter1": 3, "actor2": "Civilians (Palestine)", "assoc_actor_2": null, "inter2": 7, "interaction": 37, "civilian_targeting": "Civilian targeting", "iso": 275, "region": "Middle East", "country": "Palestine", "admin1": "Gaza Strip", "admin2": "Rafah", "admin3": null, "location": "Rafah", "latitude": 31.287, "longitude": 34.2595, "geo_precision": 1, "source": "Times of Israel", "source_scale": "Regional", "notes": "On 23 January 2025, Hamas operatives shot and killed 6 people in Rafah (Rafah, Gaza Strip) suspected of collaborating with Israel, and shot 17 merchants in the feet for raising prices.", "fatalities": 6, "tags": null, "timestamp": 1762829569 }, "geometry": { "type": "Point", "coordinates": [ 34.2595, 31.287 ] } },
{ "type": "Feature", "properties": { "event_id_cnty": "PSE67040", "event_date": "1/23/2025", "year": 2025, "time_precision": 1, "disorder_type": "Political violence", "event_type": "Battles", "sub_event_type": "Armed clash", "actor1": "Police Forces of Palestine (2007-) Gaza Strip", "assoc_actor_1": null, "inter1": 1, "actor2": "Unidentified Communal Militia (Palestine)", "assoc_actor_2": null, "inter2": 4, "interaction": 14, "civilian_targeting": null, "iso": 275, "region": "Middle East", "country": "Palestine", "admin1": "Gaza Strip", "admin2": "Rafah", "admin3": null, "location": "Al Bayuk", "latitude": 31.2747, "longitude": 34.2899, "geo_precision": 2, "source": "Quds News Network", "source_scale": "National", "notes": "On 23 January 2025, the Gaza police and unidentified armed group (Palestine) clashed [due to aid looting] in east of Rafah coded to Al Bayuk (Rafah, Gaza Strip). Casualties unknown. This event occurred during the first stage of a 42-day ceasefire that began at 12:30pm on 19 January 2025. This event involved violence over aid.", "fatalities": 0, "tags": null, "timestamp": 1752544353 }, "geometry": { "type": "Point", "coordinates": [ 34.2899, 31.2747 ] } },
{ "type": "Feature", "properties": { "event_id_cnty": "PSE77438", "event_date": "1/23/2025", "year": 2025, "time_precision": 1, "disorder_type": "Political violence", "event_type": "Violence against civilians", "sub_event_type": "Attack", "actor1": "Hamas Movement", "assoc_actor_1": null, "inter1": 3, "actor2": "Civilians (Palestine)", "assoc_actor_2": null, "inter2": 7, "interaction": 37, "civilian_targeting": "Civilian targeting", "iso": 275, "region": "Middle East", "country": "Palestine", "admin1": "Gaza Strip", "admin2": "Gaza City", "admin3": null, "location": "Gaza", "latitude": 31.5045, "longitude": 34.4743, "geo_precision": 3, "source": "Sahm Unit", "source_scale": "New media", "notes": "On 23 January 2025, Hamas executed more than 10 Palestinians accused of 'spying for Israeli forces and providing information about armed groups', [unidentified location] coded to Gaza city (Gaza Strip). This event involved intra-Palestinian violence.", "fatalities": 10, "tags": null, "timestamp": 1759790002 }, "geometry": { "type": "Point", "coordinates": [ 34.4743, 31.5045 ] } },
{ "type": "Feature", "properties": { "event_id_cnty": "PSE77627", "event_date": "1/24/2025", "year": 2025, "time_precision": 1, "disorder_type": "Political violence", "event_type": "Violence against civilians", "sub_event_type": "Attack", "actor1": "Hamas Movement", "assoc_actor_1": null, "inter1": 3, "actor2": "Civilians (Palestine)", "assoc_actor_2": "Popular Forces - Yasser Abu Shabab Militia (Palestine)", "inter2": 7, "interaction": 37, "civilian_targeting": "Civilian targeting", "iso": 275, "region": "Middle East", "country": "Palestine", "admin1": "Gaza Strip", "admin2": "Rafah", "admin3": null, "location": "Rafah", "latitude": 31.287, "longitude": 34.2595, "geo_precision": 2, "source": "Sahm Unit", "source_scale": "New media", "notes": "On 24 January 2025, Hamas executed 6 individuals accused of 'collaborating with Israeli forces' in Rafah (Gaza Strip), including members of Yasser Abu Shabab Militia. Also, 17 others were shot in the legs as punishment for allegedly 'exploiting the hardships faced by Gaza's residents, including cooperating with Israel, inflating prices, and stealing humanitarian aid'. Some of those punished were merchants. This event involved intra-Palestinian violence.", "fatalities": 6, "tags": null, "timestamp": 1762829569 }, "geometry": { "type": "Point", "coordinates": [ 34.2595, 31.287 ] } },
{ "type": "Feature", "properties": { "event_id_cnty": "PSE67138", "event_date": "1/25/2025", "year": 2025, "time_precision": 1, "disorder_type": "Political violence", "event_type": "Violence against civilians", "sub_event_type": "Attack", "actor1": "Military Forces of Israel (2022-)", "assoc_actor_1": null, "inter1": 8, "actor2": "Civilians (Palestine)", "assoc_actor_2": "Refugees/IDPs (Palestine)", "inter2": 7, "interaction": 78, "civilian_targeting": "Civilian targeting", "iso": 275, "region": "Middle East", "country": "Palestine", "admin1": "Gaza Strip", "admin2": "Deir El Balah", "admin3": null, "location": "An Nusayrat - West", "latitude": 31.4525, "longitude": 34.3756, "geo_precision": 2, "source": "Newpress; Palestine News and Information Agency; Twitter", "source_scale": "New media-National", "notes": "On 25 January 2025, Israeli forces fired live ammunition at people, likely IDPs moving from Deir El Balah toward Gaza City after the ceasefire, on Al Rasheed Road, coded to An Nusayrat - West (Deir El Balah, Gaza Strip). Two dozens of Palestinians were injured by Israeli fire on the coastal road. According to Israeli media, Israeli forces fired warning shots at suspects who were advancing toward them and posed a threat. This event occurred during the first stage of a 42-day ceasefire that began on 19 January 2025.", "fatalities": 0, "tags": null, "timestamp": 1753956656 }, "geometry": { "type": "Point", "coordinates": [ 34.3756, 31.4525 ] } },
{ "type": "Feature", "properties": { "event_id_cnty": "PSE67123", "event_date": "1/25/2025", "year": 2025, "time_precision": 1, "disorder_type": "Political violence", "event_type": "Violence against civilians", "sub_event_type": "Attack", "actor1": "Military Forces of Israel (2022-)", "assoc_actor_1": null, "inter1": 8, "actor2": "Civilians (Palestine)", "assoc_actor_2": "Refugees/IDPs (Palestine)", "inter2": 7, "interaction": 78, "civilian_targeting": "Civilian targeting", "iso": 275, "region": "Middle East", "country": "Palestine", "admin1": "Gaza Strip", "admin2": "Gaza City", "admin3": null, "location": "Al Mughraqa", "latitude": 31.4675, "longitude": 34.4097, "geo_precision": 2, "source": "Newpress; Palestine News and Information Agency; Twitter", "source_scale": "New media-National", "notes": "On 25 January 2025, Israeli forces fired live ammunition at people, likely IDPs returning homes toward Gaza City after the ceasefire, on Salah al-Din Road south of Wadi Gaza, coded to Al Mughraqa (Gaza City, Gaza Strip) killing 1 Palestinian and injuring two others including a child. According to Israeli media, Israeli forces fired warning shots at suspects who were advancing toward them and posed a threat. This event occurred during the first stage of a 42-day ceasefire that began on 19 January 2025.", "fatalities": 1, "tags": null, "timestamp": 1753956656 }, "geometry": { "type": "Point", "coordinates": [ 34.4097, 31.4675 ] } },
{ "type": "Feature", "properties": { "event_id_cnty": "PSE67140", "event_date": "1/25/2025", "year": 2025, "time_precision": 1, "disorder_type": "Political violence", "event_type": "Explosions/Remote violence", "sub_event_type": "Shelling/artillery/missile attack", "actor1": "Military Forces of Israel (2022-)", "assoc_actor_1": null, "inter1": 8, "actor2": "Civilians (Palestine)", "assoc_actor_2": null, "inter2": 7, "interaction": 78, "civilian_targeting": "Civilian targeting", "iso": 275, "region": "Middle East", "country": "Palestine", "admin1": "Gaza Strip", "admin2": "Deir El Balah", "admin3": null, "location": "Al Maghazi", "latitude": 31.4214, "longitude": 34.3865, "geo_precision": 1, "source": "Liveuamap; Palestinian Ministry of Health; Quds News Network", "source_scale": "Local partner-New media", "notes": "On 25 January 2025, Israeli forces (likely tanks) opened fire at several houses in eastern Al Maghazi camp (Deir El Balah, Gaza Strip). Casualties unknown. This event occurred during the first stage of a 42-day ceasefire that began on 19 January 2025. [Palestinian Ministry of Health reported 16 fatalities between 20 January - 25 January 2025. 6 fatalities not attributed to specific events added to 1 event on 25 January.]", "fatalities": 6, "tags": null, "timestamp": 1753956656 }, "geometry": { "type": "Point", "coordinates": [ 34.3865, 31.4214 ] } },
{ "type": "Feature", "properties": { "event_id_cnty": "PSE67124", "event_date": "1/26/2025", "year": 2025, "time_precision": 1, "disorder_type": "Political violence", "event_type": "Violence against civilians", "sub_event_type": "Attack", "actor1": "Military Forces of Israel (2022-)", "assoc_actor_1": null, "inter1": 8, "actor2": "Civilians (Palestine)", "assoc_actor_2": "Refugees/IDPs (Palestine)", "inter2": 7, "interaction": 78, "civilian_targeting": "Civilian targeting", "iso": 275, "region": "Middle East", "country": "Palestine", "admin1": "Gaza Strip", "admin2": "Deir El Balah", "admin3": null, "location": "An Nusayrat - West", "latitude": 31.4525, "longitude": 34.3756, "geo_precision": 1, "source": "Dunia Al Watan; Newpress; Quds News Network; Twitter", "source_scale": "New media-National", "notes": "On 26 January 2025, Israeli forces fired live ammunition at people, likely IDPs returning their homes after the ceasefire, in Al-Nweiri hill in An Nusayrat - West (Deir El Balah, Gaza Strip) killing 1 person and injuring 4 others, including a child. This event occurred during the first stage of a 42-day ceasefire that began on 19 January 2025.", "fatalities": 1, "tags": null, "timestamp": 1753956656 }, "geometry": { "type": "Point", "coordinates": [ 34.3756, 31.4525 ] } },
{ "type": "Feature", "properties": { "event_id_cnty": "PSE67115", "event_date": "1/26/2025", "year": 2025, "time_precision": 1, "disorder_type": "Political violence", "event_type": "Explosions/Remote violence", "sub_event_type": "Air/drone strike", "actor1": "Military Forces of Israel (2022-)", "assoc_actor_1": null, "inter1": 8, "actor2": "Civilians (Palestine)", "assoc_actor_2": null, "inter2": 7, "interaction": 78, "civilian_targeting": "Civilian targeting", "iso": 275, "region": "Middle East", "country": "Palestine", "admin1": "Gaza Strip", "admin2": "Gaza City", "admin3": null, "location": "Gaza - Az Zaytun", "latitude": 31.4964, "longitude": 34.4522, "geo_precision": 2, "source": "Palestinian Ministry of Health; Quds News Network", "source_scale": "Other-National", "notes": "On 26 January 2025, an Israeli quadcopter drone fired at people near Dawla roundabout in south of Gaza - Az Zaytun (Gaza City, Gaza Strip). Casualties unknown. This event occurred during the first stage of a 42-day ceasefire that began on 19 January 2025. [Palestinian Ministry of Health reported 11 fatalities between 26 January - 27 January 2025. 5 fatalities not attributed to specific events added to 1 event on 26 January 2025.]", "fatalities": 5, "tags": null, "timestamp": 1759790002 }, "geometry": { "type": "Point", "coordinates": [ 34.4522, 31.4964 ] } },
{ "type": "Feature", "properties": { "event_id_cnty": "PSE67119", "event_date": "1/27/2025", "year": 2025, "time_precision": 1, "disorder_type": "Political violence", "event_type": "Explosions/Remote violence", "sub_event_type": "Air/drone strike", "actor1": "Military Forces of Israel (2022-)", "assoc_actor_1": null, "inter1": 8, "actor2": "Civilians (Palestine)", "assoc_actor_2": "Refugees/IDPs (Palestine)", "inter2": 7, "interaction": 78, "civilian_targeting": "Civilian targeting", "iso": 275, "region": "Middle East", "country": "Palestine", "admin1": "Gaza Strip", "admin2": "Deir El Balah", "admin3": null, "location": "An Nusayrat - West", "latitude": 31.4525, "longitude": 34.3756, "geo_precision": 2, "source": "Al Ghad (Jordan); Quds News Network; Twitter", "source_scale": "New media-National", "notes": "On 27 January 2025, an Israeli drone targeted an animal-drawn cart [likely belonging to displaced people] in Jisr Wadi Gaza at the Al Rasheed road, coded to An Nusayrat - West (Deir El Balah, Gaza Strip) killing a child and injuring 3 others as they were returning to their homes after the ceasefire. According to Israeli media, the cart attempted to travel to north Gaza via an 'area that is prohibited for vehicular traffic per the agreement.' On the same day, Israeli forces, likely a drone, targeted a bulldozer on Rashid Street [coded to the same location] killing 1 person and injuring others. These events occurred during the first stage of a 42-day ceasefire that began on 19 January 2025.", "fatalities": 2, "tags": null, "timestamp": 1753956656 }, "geometry": { "type": "Point", "coordinates": [ 34.3756, 31.4525 ] } },
{ "type": "Feature", "properties": { "event_id_cnty": "PSE67139", "event_date": "1/27/2025", "year": 2025, "time_precision": 1, "disorder_type": "Political violence", "event_type": "Explosions/Remote violence", "sub_event_type": "Remote explosive/landmine/IED", "actor1": "Military Forces of Israel (2022-)", "assoc_actor_1": null, "inter1": 8, "actor2": "Civilians (Palestine)", "assoc_actor_2": null, "inter2": 7, "interaction": 78, "civilian_targeting": "Civilian targeting", "iso": 275, "region": "Middle East", "country": "Palestine", "admin1": "Gaza Strip", "admin2": "Khan Yunis", "admin3": null, "location": "Al Qararah", "latitude": 31.3739, "longitude": 34.3409, "geo_precision": 1, "source": "Ma'an News Agency; Quds News Network; UN (unspecified)", "source_scale": "Other-National", "notes": "On 27 January 2025, a suspicious object, likely an Israeli unexploded ordnance [UXO], exploded in Al Qararah (Khan Yunis, Gaza Strip) injuring 10 people. This event occurred during the first stage of a 42-day ceasefire that began on 19 January 2025.", "fatalities": 0, "tags": null, "timestamp": 1753956656 }, "geometry": { "type": "Point", "coordinates": [ 34.3409, 31.3739 ] } },
{ "type": "Feature", "properties": { "event_id_cnty": "PSE67120", "event_date": "1/27/2025", "year": 2025, "time_precision": 1, "disorder_type": "Political violence", "event_type": "Explosions/Remote violence", "sub_event_type": "Air/drone strike", "actor1": "Military Forces of Israel (2022-)", "assoc_actor_1": null, "inter1": 8, "actor2": "Civilians (Palestine)", "assoc_actor_2": null, "inter2": 7, "interaction": 78, "civilian_targeting": "Civilian targeting", "iso": 275, "region": "Middle East", "country": "Palestine", "admin1": "Gaza Strip", "admin2": "Gaza City", "admin3": null, "location": "Gaza - Az Zaytun", "latitude": 31.4964, "longitude": 34.4522, "geo_precision": 1, "source": "Quds News Network", "source_scale": "National", "notes": "On 27 January 2025, an Israeli drone dropped a bomb in Gaza - Az Zaytun (Gaza City, Gaza Strip), killing two people. This event occurred during the first stage of a 42-day ceasefire that began on 19 January 2025.", "fatalities": 2, "tags": null, "timestamp": 1759790002 }, "geometry": { "type": "Point", "coordinates": [ 34.4522, 31.4964 ] } },
{ "type": "Feature", "properties": { "event_id_cnty": "PSE77623", "event_date": "1/27/2025", "year": 2025, "time_precision": 1, "disorder_type": "Political violence", "event_type": "Violence against civilians", "sub_event_type": "Attack", "actor1": "Hamas Movement", "assoc_actor_1": null, "inter1": 3, "actor2": "Civilians (Palestine)", "assoc_actor_2": null, "inter2": 7, "interaction": 37, "civilian_targeting": "Civilian targeting", "iso": 275, "region": "Middle East", "country": "Palestine", "admin1": "Gaza Strip", "admin2": "Rafah", "admin3": null, "location": "Al Junainah", "latitude": 31.2642, "longitude": 34.2636, "geo_precision": 1, "source": "Sahm Unit", "source_scale": "New media", "notes": "On 27 January 2025, Hamas beat and broke the legs of individuals accused of 'stealing aid trucks and homes' in Al Junainah (Rafah, Gaza Strip). This event involved intra-Palestinian violence.", "fatalities": 0, "tags": null, "timestamp": 1754411177 }, "geometry": { "type": "Point", "coordinates": [ 34.2636, 31.2642 ] } },
{ "type": "Feature", "properties": { "event_id_cnty": "PSE67146", "event_date": "1/28/2025", "year": 2025, "time_precision": 1, "disorder_type": "Political violence", "event_type": "Violence against civilians", "sub_event_type": "Attack", "actor1": "Military Forces of Israel (2022-)", "assoc_actor_1": null, "inter1": 8, "actor2": "Civilians (Israel)", "assoc_actor_2": "Labor Group (Israel)", "inter2": 7, "interaction": 78, "civilian_targeting": "Civilian targeting", "iso": 275, "region": "Middle East", "country": "Palestine", "admin1": "Gaza Strip", "admin2": "Gaza City", "admin3": null, "location": "Juhr ad Dik", "latitude": 31.4557, "longitude": 34.4372, "geo_precision": 2, "source": "Arutz Sheva; Quds News Network; Twitter", "source_scale": "New media-National", "notes": "On 28 January 2025, Israeli forces deliberately opened fire and killed an Israeli civil contractor who performs engineering work for the IDF on behalf of the Ministry of Defense in the Nezarim corridor, likely the eastern section of Nezarim, coded to Juhr ad Dik (Gaza City, Gaza Strip), likely believing the target to be a Palestinian suspect. The Israeli contractor operated an excavator to clear structures and rubble in the area of Nezarim and he was mistakenly considered a suspect target by IDF. This event occurred during the first stage of a 42-day ceasefire that began on 19 January 2024.", "fatalities": 1, "tags": null, "timestamp": 1753956656 }, "geometry": { "type": "Point", "coordinates": [ 34.4372, 31.4557 ] } },
{ "type": "Feature", "properties": { "event_id_cnty": "PSE67135", "event_date": "1/28/2025", "year": 2025, "time_precision": 1, "disorder_type": "Political violence", "event_type": "Violence against civilians", "sub_event_type": "Attack", "actor1": "Military Forces of Israel (2022-)", "assoc_actor_1": null, "inter1": 8, "actor2": "Civilians (Palestine)", "assoc_actor_2": "Aid Workers (Palestine); Palestinian Red Crescent Society", "inter2": 7, "interaction": 78, "civilian_targeting": "Civilian targeting", "iso": 275, "region": "Middle East", "country": "Palestine", "admin1": "Gaza Strip", "admin2": "Rafah", "admin3": null, "location": "Tal as Sultan", "latitude": 31.3098, "longitude": 34.2414, "geo_precision": 1, "source": "Palestine News and Information Agency; Palestinian Ministry of Health; Quds News Network; Twitter", "source_scale": "Other-New media", "notes": "On 28 January 2025, Israeli forces opened fire an ambulance car on mission belonging to the Palestinian Red Crescent Society in Tal as Sultan (Rafah, Gaza Strip). Casualties unknown. According to Israeli media, Israeli forces fired warning shots at suspects who 'posed a threat' to the troops and then targeted them directly as they continued to approach them. This event occurred during the first stage of a 42-day ceasefire that began on 19 January 2025. [Palestinian Ministry of Health reported 4 fatalities on 28 January 2025. 3 fatalities not attributed to specific events split between 2 events on 28 January 2025. 2 fatalities added to this event.]", "fatalities": 2, "tags": null, "timestamp": 1762829569 }, "geometry": { "type": "Point", "coordinates": [ 34.2414, 31.3098 ] } },
{ "type": "Feature", "properties": { "event_id_cnty": "PSE67130", "event_date": "1/28/2025", "year": 2025, "time_precision": 1, "disorder_type": "Political violence", "event_type": "Violence against civilians", "sub_event_type": "Attack", "actor1": "Military Forces of Israel (2022-)", "assoc_actor_1": null, "inter1": 8, "actor2": "Civilians (Palestine)", "assoc_actor_2": null, "inter2": 7, "interaction": 78, "civilian_targeting": "Civilian targeting", "iso": 275, "region": "Middle East", "country": "Palestine", "admin1": "Gaza Strip", "admin2": "Gaza City", "admin3": null, "location": "Gaza - Az Zaytun", "latitude": 31.4964, "longitude": 34.4522, "geo_precision": 1, "source": "Palestine News and Information Agency; Palestinian Ministry of Health; Twitter", "source_scale": "Other-New media", "notes": "On 28 January 2025, Israeli forces opened fire at a group of people near Khalil al Noubani school in southern Gaza - Az Zaytun (Gaza City, Gaza Strip). Casualties unknown. According to Israeli media, Israeli forces only fire warning shots at suspects who 'pose a threat' to the troops. This event occurred during the first stage of a 42-day ceasefire that began on 19 January 2025. [Palestinian Ministry of Health reported 4 fatalities on 28 January 2025. 3 fatalities not attributed to specific events split between 2 events on 28 January 2025. 1 fatality added to this event.]", "fatalities": 1, "tags": null, "timestamp": 1759790002 }, "geometry": { "type": "Point", "coordinates": [ 34.4522, 31.4964 ] } },
{ "type": "Feature", "properties": { "event_id_cnty": "PSE67125", "event_date": "1/29/2025", "year": 2025, "time_precision": 1, "disorder_type": "Political violence", "event_type": "Violence against civilians", "sub_event_type": "Attack", "actor1": "Military Forces of Israel (2022-)", "assoc_actor_1": null, "inter1": 8, "actor2": "Civilians (Palestine)", "assoc_actor_2": "Fishers (Palestine)", "inter2": 7, "interaction": 78, "civilian_targeting": "Civilian targeting", "iso": 275, "region": "Middle East", "country": "Palestine", "admin1": "Gaza Strip", "admin2": "Khan Yunis", "admin3": null, "location": "Coast of Khan Yunis", "latitude": 31.3822, "longitude": 34.271, "geo_precision": 2, "source": "Ma'an News Agency; Quds News Network; Twitter", "source_scale": "New media-National", "notes": "On 29 January 2025, Israeli naval boats opened fire at fishermen off the Coast of Khan Yunis (Khan Yunis, Gaza Strip), resulting in two injuries [fishermen]. The IDF stated that the two fishermen were taken in for questioning. This event occurred during the first stage of a 42-day ceasefire that began on 19 January 2024.", "fatalities": 0, "tags": null, "timestamp": 1753956656 }, "geometry": { "type": "Point", "coordinates": [ 34.271, 31.3822 ] } },
{ "type": "Feature", "properties": { "event_id_cnty": "PSE67127", "event_date": "1/29/2025", "year": 2025, "time_precision": 1, "disorder_type": "Political violence", "event_type": "Violence against civilians", "sub_event_type": "Attack", "actor1": "Military Forces of Israel (2022-)", "assoc_actor_1": null, "inter1": 8, "actor2": "Civilians (Palestine)", "assoc_actor_2": null, "inter2": 7, "interaction": 78, "civilian_targeting": "Civilian targeting", "iso": 275, "region": "Middle East", "country": "Palestine", "admin1": "Gaza Strip", "admin2": "Gaza City", "admin3": null, "location": "Gaza - Az Zaytun", "latitude": 31.4964, "longitude": 34.4522, "geo_precision": 1, "source": "Ma'an News Agency", "source_scale": "National", "notes": "On 29 January 2025, Israeli forces opened fire at Palestinians southern Gaza - Az Zaytun (Gaza City, Gaza Strip). Casualties unknown. This event occurred during the first stage of a 42-day ceasefire that began on 19 January 2024.", "fatalities": 0, "tags": null, "timestamp": 1759790002 }, "geometry": { "type": "Point", "coordinates": [ 34.4522, 31.4964 ] } },
{ "type": "Feature", "properties": { "event_id_cnty": "PSE67116", "event_date": "1/29/2025", "year": 2025, "time_precision": 1, "disorder_type": "Political violence", "event_type": "Explosions/Remote violence", "sub_event_type": "Air/drone strike", "actor1": "Military Forces of Israel (2022-)", "assoc_actor_1": null, "inter1": 8, "actor2": "Civilians (Palestine)", "assoc_actor_2": null, "inter2": 7, "interaction": 78, "civilian_targeting": "Civilian targeting", "iso": 275, "region": "Middle East", "country": "Palestine", "admin1": "Gaza Strip", "admin2": "Gaza City", "admin3": null, "location": "Gaza - Nezarim", "latitude": 31.484, "longitude": 34.4056, "geo_precision": 2, "source": "Israeli Defense Forces; Ma'an News Agency; Palestinian Ministry of Health", "source_scale": "Other-National", "notes": "On 29 January 2025, an Israeli drone targeted a passing vehicle moving north toward Gaza City, coded to Gaza - Nezarim (Rafah, Gaza Strip). Casualties unknown. The IDF stated that they targeted a 'suspicious vehicle' was moving north without inspection. This event occurred during the first stage of a 42-day ceasefire that began on 19 January 2024. [Palestinian Ministry of Health reported 1 fatality on 29 January 2025. 1 fatality not attributed to specific events added to 1 event on 29 January 2025.]", "fatalities": 1, "tags": null, "timestamp": 1753956656 }, "geometry": { "type": "Point", "coordinates": [ 34.4056, 31.484 ] } },
{ "type": "Feature", "properties": { "event_id_cnty": "PSE67126", "event_date": "1/29/2025", "year": 2025, "time_precision": 1, "disorder_type": "Political violence", "event_type": "Violence against civilians", "sub_event_type": "Attack", "actor1": "Military Forces of Israel (2022-)", "assoc_actor_1": null, "inter1": 8, "actor2": "Civilians (Palestine)", "assoc_actor_2": "Women (Palestine)", "inter2": 7, "interaction": 78, "civilian_targeting": "Civilian targeting", "iso": 275, "region": "Middle East", "country": "Palestine", "admin1": "Gaza Strip", "admin2": "Rafah", "admin3": null, "location": "Shokat as Sufi", "latitude": 31.2586, "longitude": 34.2824, "geo_precision": 2, "source": "Israeli Defense Forces; Quds News Network", "source_scale": "Other-National", "notes": "On 29 January 2025, Israeli forces opened fire at a group of people east of Shokat as Sufi (Rafah, Gaza Strip), resulting in one injury [a woman]. The IDF stated that it fired warning shots towards suspects [likely in this location]. This event occurred during the first stage of a 42-day ceasefire that began on 19 January 2024.", "fatalities": 0, "tags": null, "timestamp": 1753956656 }, "geometry": { "type": "Point", "coordinates": [ 34.2824, 31.2586 ] } },
{ "type": "Feature", "properties": { "event_id_cnty": "PSE67128", "event_date": "1/30/2025", "year": 2025, "time_precision": 1, "disorder_type": "Political violence", "event_type": "Violence against civilians", "sub_event_type": "Attack", "actor1": "Military Forces of Israel (2022-)", "assoc_actor_1": null, "inter1": 8, "actor2": "Civilians (Palestine)", "assoc_actor_2": null, "inter2": 7, "interaction": 78, "civilian_targeting": "Civilian targeting", "iso": 275, "region": "Middle East", "country": "Palestine", "admin1": "Gaza Strip", "admin2": "Gaza City", "admin3": null, "location": "Gaza - Ijdeedeh", "latitude": 31.4984, "longitude": 34.4978, "geo_precision": 1, "source": "Quds News Network", "source_scale": "National", "notes": "On 30 January 2025, Israeli forces opened fire east of Gaza - Shujaiyya, coded to Gaza - Ijdeedeh (Gaza City, Gaza Strip), resulting in one killed. This event occurred during the first stage of a 42-day ceasefire that began on 19 January 2024.", "fatalities": 1, "tags": null, "timestamp": 1753956656 }, "geometry": { "type": "Point", "coordinates": [ 34.4978, 31.4984 ] } },
{ "type": "Feature", "properties": { "event_id_cnty": "PSE67129", "event_date": "1/31/2025", "year": 2025, "time_precision": 1, "disorder_type": "Political violence", "event_type": "Violence against civilians", "sub_event_type": "Attack", "actor1": "Military Forces of Israel (2022-)", "assoc_actor_1": null, "inter1": 8, "actor2": "Civilians (Palestine)", "assoc_actor_2": "Fishers (Palestine)", "inter2": 7, "interaction": 78, "civilian_targeting": "Civilian targeting", "iso": 275, "region": "Middle East", "country": "Palestine", "admin1": "Gaza Strip", "admin2": "Deir El Balah", "admin3": null, "location": "Coast of An Nusayrat", "latitude": 31.4646, "longitude": 34.3592, "geo_precision": 2, "source": "Palestine News and Information Agency", "source_scale": "National", "notes": "On 31 January 2025, Israeli naval boats opened fire at the Palestinian fishing boats off the Coast of An Nusayrat close to An Nusayrat Camp (Deir El Balah, Gaza Strip), killing a Palestinian fisher. This event occurred during the first stage of a 42-day ceasefire that began on 19 January 2024.", "fatalities": 1, "tags": null, "timestamp": 1753956656 }, "geometry": { "type": "Point", "coordinates": [ 34.3592, 31.4646 ] } }
]
}
